fact_id,fact_type,subject,predicate,object,fact_confidence,evidence_source,evidence_source_id,evidence_url,evidence_quote_span,evidence_coverage,applies_to_species,applies_to_stage,jurisdiction
RAU3-COMBO-c5d0ea1a,tcm_combination_contraindication,肉桂,has_combination_or_contraindication,① 与附子、熟地黄、山茱萸等同用，如肾气丸、右归饮，常用治肾阳不足、命门火衰的腰膝冷痛、夜尿频多者，可用本品以引火归源；与山茱萸、五味子、人参、牡蛎等同用，治下元虚衰、虚阳上浮的面赤、虚喘、汗出、心悸、失眠、脉微弱。 ② 与干姜、高良姜、荜茞等同用，治寒邪内侵或脾胃虚寒的脘腹冷痛；与附子、人参、干姜等同用，如桂附理中丸，用于脾肾阳虚的腹痛呕吐、四肢厥冷、大便溏泄；与吴茱萸、小茴香等同用，可治寒疝腹痛。 ③ 与独活、桑寄生、杜仲等同用，如独活寄生汤，用于风寒湿痹，尤宜治寒痹腰痛；与附子、干姜、川椒等同用，可治胸阳不振、寒邪内侵的胸痹心痛；与鹿角胶、炮姜、麻黄等同用，如阳和汤，治阳虚寒凝之阴疽，亦取本品甘热助阳以补虚、辛热散寒以通脉。 ...,0.78,兽药合理应用与联用手册（401-600页）,SRC-0093,,p.401; line=1; section=第三节 温里药,complete,swine,all_stages,China/handbook context
RAU3-CAUTION-c5d0ea1a,tcm_caution_contraindication,肉桂,has_use_caution,① 阴虚火旺、里有实热、血热妄行出血的患畜禁用。 ② 孕畜禁服。 ③ 本品畏赤石脂。,0.78,兽药合理应用与联用手册（401-600页）,SRC-0093,,p.401; line=1; section=第三节 温里药,complete,swine,all_stages,China/handbook context
RAU3-COMBO-8a999067,tcm_combination_contraindication,吴茱萸,has_combination_or_contraindication,① 与小茴香、川楝子、木香等配伍，如《医方简义》导气汤，可治寒疝腹痛；与桂枝、当归、川芎等同用，如温经汤，治冲任虚寒、瘀血阻滞。 ② 与人参、生姜等同用，如吴茱萸汤，治中焦虚寒之脘腹冷痛、呕吐泛酸；与半夏、生姜等同用，用于外寒内侵、胃失和降之呕吐。 ③ 多与补骨脂、肉豆蔻、五味子等同用，如四神丸，能温脾 益肾、助阳止泻，为治脾肾阳虚、五更泄泻之常用药，用于虚寒泄泻证。 ④ 吴茱萸不宜与组胺受体阻断剂及肾上腺素类西药同服，吴茱萸使外周血管扩张和促进组胺释放而具有降压作用，可与苯海拉明、肾上腺素、去甲肾上腺素等药物产生拮抗。 ⑤ 吴茱萸不宜与单胺氧化酶抑制剂同用，吴茱萸中含单胺类物质，并且吴茱萸能促进组胺释放，在应用单胺氧化酶抑制剂时，...,0.78,兽药合理应用与联用手册（401-600页）,SRC-0093,,p.401; line=25; section=第三节 温里药,complete,swine,all_stages,China/handbook context
RAU3-CAUTION-8a999067,tcm_caution_contraindication,吴茱萸,has_use_caution,① 本品辛热燥烈，易耗气动火，故不宜多用、久服。 ② 血虚有热及孕畜慎用。 ③ 外用适量。,0.78,兽药合理应用与联用手册（401-600页）,SRC-0093,,p.401; line=25; section=第三节 温里药,complete,swine,all_stages,China/handbook context
RAU3-COMBO-7d792546,tcm_combination_contraindication,花椒,has_combination_or_contraindication,① 与生姜、白豆蔻等同用，用于外寒内侵、胃寒腹痛、呕吐；与干姜、人参等同用，如大建中汤，可治脾胃虚寒、脘腹冷痛、呕吐、不思饮食；与苍术、砂仁、草豆蔻等同用，用于治疗寒湿困中、腹痛吐泻。 ② 与乌梅、干姜、黄柏等同用，如乌梅丸，用于虫积腹痛、手足厥逆、烦闷吐蛔；与乌梅、框子、使君子等同用，用于虫积腹痛较轻者，可治幼畜蛲虫病。 ③ 与黄柏、苦参等药同用，用于治疗皮肤湿疹、疥癣等。 ④ 花椒含生物碱，不宜与碘离子制剂同用，易产生沉淀。 ⑤ 花椒含生物碱，不宜与碳酸氢钠等碱性较强的西药同用，影响溶解度，妨碍吸收。 ⑥ 花椒含生物碱，不宜与重金属药如碳酸钙、维丁胶、硫酸镁、硫酸亚铁、氢氧化铝、碳酸铋等同用，以免形成络合物，影响药物吸收。 ⑦ ...,0.78,兽药合理应用与联用手册（401-600页）,SRC-0093,,p.403; line=52; section=第三节 温里药,complete,swine,all_stages,China/handbook context
RAU3-CAUTION-7d792546,tcm_caution_contraindication,花椒,has_use_caution,① 阴虚火旺的患畜忌用。 ② 本品外用适量。,0.78,兽药合理应用与联用手册（401-600页）,SRC-0093,,p.403; line=52; section=第三节 温里药,complete,swine,all_stages,China/handbook context
RAU3-COMBO-c99f0e1e,tcm_combination_contraindication,小茴香,has_combination_or_contraindication,① 与干姜、木香等药同用，用于脾胃虚寒所致的草少、冷痛、吐涎、寒泻等。 ② 与肉桂、槟榔、白术、巴戟天、当归、牵牛子、藁本等同用，如茴香散，用于治疗寒伤腰胯所致的腰脊紧硬、冷拖后脚等。 ③ 与益智仁、白术、干姜等同用，芳香醒脾、开胃进食，用于治疗胃寒草少。 ④ 用小茴香、欧鼠李、甘草和碳酸铋、碳酸氢钠生产的“胃必治片”，用于胃十二指肠溃疡、胃酸过多、神经性消化不良、胃炎、胃痉挛等。,0.78,兽药合理应用与联用手册（401-600页）,SRC-0093,,p.404; line=80; section=第三节 温里药,complete,swine,all_stages,China/handbook context
RAU3-CAUTION-c99f0e1e,tcm_caution_contraindication,小茴香,has_use_caution,热证及阴虚火旺的患畜忌用。,0.78,兽药合理应用与联用手册（401-600页）,SRC-0093,,p.404; line=80; section=第三节 温里药,complete,swine,all_stages,China/handbook context
RAU3-COMBO-17fe371d,tcm_combination_contraindication,丁香,has_combination_or_contraindication,① 与砂仁、白术同用，温胃散寒，长于降逆，为治胃寒呕逆之要药，用于治疗脾胃虚寒所致的食欲不振、泄泻等证。 ② 与附子、肉桂、巴戟天、肉苁蓉等同用，能温肾壮阳，用于治疗肾虚阳痿等证。 ③ 丁香不宜与阿托品同用，因抑制丁香的促进胃液分泌作用。 ④ 丁香不宜与巴比妥同用，甲基丁香酚有镇静作用，与巴比妥有协同效应，同用时易产生毒性反应。 ⑤ 丁香不宜与氯丙嗪同用，具有中枢抑制方面的协同作用，同用时会产生毒性反应。 ⑥ 丁香含挥发油，具有还原作用，不宜与硝酸甘油、硝酸异山梨酯等具有氧化性的药物联用，会使后者的药效丧失。,0.78,兽药合理应用与联用手册（401-600页）,SRC-0093,,p.405; line=103; section=第三节 温里药,complete,swine,all_stages,China/handbook context
RAU3-CAUTION-17fe371d,tcm_caution_contraindication,丁香,has_use_caution,① 胃热引起的呃逆或兼有口渴、口苦、口干的患畜慎用。 ② 热性病及阴虚内热的患畜忌用。 ③ 畏郁金。,0.78,兽药合理应用与联用手册（401-600页）,SRC-0093,,p.405; line=103; section=第三节 温里药,complete,swine,all_stages,China/handbook context
RAU3-COMBO-ceee1268,tcm_combination_contraindication,高良姜,has_combination_or_contraindication,① 与香附、半夏、厚朴、生姜等同用，用于治疗胃寒草少、冷肠泄泻、反胃呕吐等。 ② 高良姜含槲皮素，与碳酸钙、维丁胶性钙、硫酸镁、氢氧化铝和碳酸铋类药物合用，能形成络合物而相互影响疗效。 ③ 高良姜与碳酸氢钠合用可以提高胃肠溃疡的治愈率。,0.78,兽药合理应用与联用手册（401-600页）,SRC-0093,,p.406; line=130; section=第三节 温里药,complete,swine,all_stages,China/handbook context
RAU3-CAUTION-ceee1268,tcm_caution_contraindication,高良姜,has_use_caution,① 胃火亢盛者禁用。 ② 用于胃寒冷痛，每与炮姜相须为用。 # 第四节 消导药 凡以消积导滞、促进消化、治疗饮食积滞为主要作用的药物，称为消导药，又叫消食药。 消食药多味甘性平，主归脾、胃二经，功能消化饮食积滞、开胃和中。主要用治饮食积滞、脘腹胀满、嗳腐吞酸、恶心酸吐、不思饮食、大便失常等脾胃虚弱的消化不良证。 使用本类药物，应根据不同的病情予以适当配伍。若宿食停积、脾胃气滞者，当配理气药以行气导滞；若脾胃气虚、运化无力者，当配健脾益胃药以标本兼顾、消补并用；若素体脾胃虚寒者，宜配温里药以温运脾阳、散寒消食；若兼湿...,0.78,兽药合理应用与联用手册（401-600页）,SRC-0093,,p.406; line=130; section=第三节 温里药,complete,swine,all_stages,China/handbook context
RAU3-COMBO-497d4742,tcm_combination_contraindication,山 楷,has_combination_or_contraindication,① 与莱菔子、神曲等同用，用于肉食积滞之脘腹胀满、嗳气吞酸、腹痛便溏者；与青皮、枳实、莪术等同用，用于治疗食积气滞腹胀满痛较甚者。 ② 与木香、槟榔、枳壳等同用，能行气止痛，治泻痢腹痛；与橘核、荔枝核等同用，可治疝气作痛。 ③ 与川芎、当归、益母草等同用，性温，能通行气息，有活血祛瘀止痛之功，用于治疗产后瘀阻腹痛、恶露不尽；与川芎、桃仁、红花等同用，可治瘀滞胸胁痛。 ④ 山楂与呋喃妥因结合用于泌尿道感染时，既提高了治疗效果，又减少了毒副作用。 ⑤ 山楂与磺胺类药物合用，其毒素作用增强，引起血尿、结晶尿甚至尿闭等。 ⑥ 山楂及其复方制剂山楂丸，与庆大霉素同服，会降低其抗菌作用，因为庆大霉素在酸性尿液中抗菌作用最弱。 ⑦ 红霉素与山楂丸...,0.78,兽药合理应用与联用手册（401-600页）,SRC-0093,,p.407; line=159; section=第四节 消导药,complete,swine,all_stages,China/handbook context
RAU3-CAUTION-497d4742,tcm_caution_contraindication,山 楷,has_use_caution,① 生山楂消食散瘀，焦山楂止泻止痢。 ② 脾胃虚弱者慎服。 ③ 孕妇不宜服用。,0.78,兽药合理应用与联用手册（401-600页）,SRC-0093,,p.407; line=159; section=第四节 消导药,complete,swine,all_stages,China/handbook context
RAU3-COMBO-c858aa60,tcm_combination_contraindication,神曲,has_combination_or_contraindication,① 与山楂、麦芽等同用，如曲麦散，用于治疗草料积食、肚腹胀满、脾虚泄泻等。 ② 神曲与头孢菌素合用能引起过敏症状，严重时可导致死亡。 ③ 神曲含有消化酶，与红霉素、四环素同服，可使酶的活性降低。 ④ 保和丸呈酸性，与碱性药如氨茶碱、碳酸氢钠、复方氢氧化铝等合用，酸碱中和反应使药效降低。 ⑤ 神曲含酶类，不宜与药用炭同服，会因后者的吸附作用而降低药效。 ⑥ 神曲不宜与抗生素、磺胺等药同用，使酶类中药活性降低，并抑制西药的抗菌作用。 ⑦ 神曲、麦芽等含淀粉酶的中药不宜与碳酸氢钠同服，淀粉酶在微酸性（ \mathrm{pH}5 \sim 6 ）条件下活性较高，在碱性条件下活性降低。,0.78,兽药合理应用与联用手册（401-600页）,SRC-0093,,p.408; line=188; section=第四节 消导药,complete,swine,all_stages,China/handbook context
RAU3-CAUTION-c858aa60,tcm_caution_contraindication,神曲,has_use_caution,脾胃虚弱的患畜慎服。,0.78,兽药合理应用与联用手册（401-600页）,SRC-0093,,p.408; line=188; section=第四节 消导药,complete,swine,all_stages,China/handbook context
RAU3-COMBO-afd782a5,tcm_combination_contraindication,麦芽,has_combination_or_contraindication,① 与山楂、神曲、鸡内金等同用，能促进淀粉性食物的消化，用于米面薯芋食滞证；与白术、陈皮等同用，可治脾虚食少、食后饱胀。 ② 单用或与其他消胀止痛药同用，可治疗乳汁淤积引起的乳房胀痛。 ③ 麦芽与头孢菌素合用能引起过敏症状，严重时可导致死亡。 ④ 麦芽含有消化酶，与红霉素、四环素同服，可使酶的活性降低。 ⑤ 麦芽不宜与单胺氧化酶抑制剂如帕吉林等同用，麦芽中含酪胺类物质，在单胺氧化酶被抑制的状态下酪胺不能被代谢灭活，产生高血压危象。 ⑥ 麦芽含酶类，不宜与药用炭同服，会因后者的吸附作用而降低药效。 ⑦ 麦芽不宜与磺胺类等药同用，使酶类中药活性降低，并抑制西药的抗菌作用。 ⑧ 神曲、麦芽等含淀粉酶的中药不宜与碳酸氢钠同服，淀粉酶在微酸性...,0.78,兽药合理应用与联用手册（401-600页）,SRC-0093,,p.409; line=212; section=第四节 消导药,complete,swine,all_stages,China/handbook context
RAU3-CAUTION-afd782a5,tcm_caution_contraindication,麦芽,has_use_caution,① 生麦芽多用于消食健胃，炒用多用于回乳消胀。 ② 哺乳期母畜不宜使用。,0.78,兽药合理应用与联用手册（401-600页）,SRC-0093,,p.409; line=212; section=第四节 消导药,complete,swine,all_stages,China/handbook context
RAU3-COMBO-31a25c6e,tcm_combination_contraindication,莱菔子,has_combination_or_contraindication,① 与山楂、神曲、陈皮等同用，如保和丸，味辛能行散，消食化积之中，尤善行气消胀，多用治食积气滞所致脘腹胀满、嗳气吞酸、腹痛等；与木香、枳实、大黄等同用，可治食积泻痢、里急后重。 ② 与芥子、紫苏子等同用，如三子养亲汤，有消食开胃、化痰止咳、降气平喘之功，用于咳喘痰多、胸闷食少。 ③ 莱菔子含有消化酶，不宜与红霉素、四环素同服，可使酶的活性降低。,0.78,兽药合理应用与联用手册（401-600页）,SRC-0093,,p.410; line=240; section=第四节 消导药,complete,swine,all_stages,China/handbook context
RAU3-CAUTION-31a25c6e,tcm_caution_contraindication,莱菔子,has_use_caution,① 本品辛散耗气，故气虚及无食积、痰滞者慎用。 ② 不宜与人参同用。 ③ 生用吐风痰，炒用消食下气化痰。,0.78,兽药合理应用与联用手册（401-600页）,SRC-0093,,p.410; line=240; section=第四节 消导药,complete,swine,all_stages,China/handbook context
RAU3-COMBO-db823add,tcm_combination_contraindication,鸡内金,has_combination_or_contraindication,① 与山楂、麦芽、青皮等同用，治食积不化、脘腹胀满；与白术、山药、使君子等同用，可治脾虚疳积。 ② 与芡实、菟丝子、莲肉等同用，治遗精；与桑螵蛸、覆盆子、益智仁等同用，治遗尿。 ③ 与金钱草同用，能通淋化石，可用治砂石淋证及胆结石等。 ④ 鸡内金含有消化酶，不宜与红霉素、四环素同服，可使酶的活性降低。 ⑤ 鸡内金含酶类，不宜与药用炭同服，会因后者的吸附作用而降低药效。 ⑥ 鸡内金不宜与抗生素、磺胺等药同用，使酶类中药活性降低，并抑制西药的抗菌作用。,0.78,兽药合理应用与联用手册（401-600页）,SRC-0093,,p.411; line=262; section=第四节 消导药,complete,swine,all_stages,China/handbook context
RAU3-CAUTION-db823add,tcm_caution_contraindication,鸡内金,has_use_caution,研末用效果比煎剂好。 # 第五节 泻下药 凡能引起腹泻或润滑大肠、促进排便的药物，称为泻下药。 本类药物主要作用是泻下通便，以排除胃肠积滞、燥屎及有害物质（毒、瘀、虫等）；或清热泻火，使实热壅滞之邪通过泻下而清解；或逐水退肿，使水湿停饮随从大小便排除，达到去除停饮、消退水肿的目的。主要适用于大便秘结、胃肠积滞、实热内结及水肿停饮等里实证。 根据本类药物作用的特点及使用范围的不同，可分为攻下药、 润下药及峻下逐水药三类。其中攻下药和峻下逐水药泻下作用峻猛，尤以后者为甚；润下药能润滑肠道，作用缓和。 使用泻下药应注意的...,0.78,兽药合理应用与联用手册（401-600页）,SRC-0093,,p.411; line=262; section=第四节 消导药,complete,swine,all_stages,China/handbook context
RAU3-COMBO-f8931c49,tcm_combination_contraindication,大黄,has_combination_or_contraindication,① 与芒硝、积实、厚朴同用，如大承气汤，以增强泻下通腑泄热作用，可治温热病热结便秘、高热不退，或杂病热结便秘者；与补气血药或养阴生津药同用，治里实热结而兼气血虚亏，或兼阴虚津亏著者；与附子、干姜等温里药同用，如温脾汤，治脾阳不足、冷积便秘者；常与黄连、木香等同用，以清除肠道湿热积滞，可用于治疗湿热痢疾初起，腹痛里急后重者；治食积腹痛、泻而不畅者，可与青皮、木香等同用，以攻积导滞。 ② 与黄连、黄芩同用，如泻心汤，本品苦降，能使上炎之火下泄，又具清热泻火、止血之功，用于血热妄行之吐血、衄血、咯血，以及火邪上炎所致的目赤、咽喉肿痛等症。 ③ 与金银花、蒲公英、连翘等同用，治热毒痈肿疗疮；与牡丹皮、桃仁等同用，如大黄牡丹皮汤，治肠痈腹痛。...,0.78,兽药合理应用与联用手册（401-600页）,SRC-0093,,p.412; line=301; section=第五节 泻下药,complete,swine,all_stages,China/handbook context
RAU3-CAUTION-f8931c49,tcm_caution_contraindication,大黄,has_use_caution,① 本品苦寒，易伤胃气，脾胃虚弱的动物慎用。 ② 其性沉降，且善活血祛瘀，故孕畜、哺乳期应忌用。,0.78,兽药合理应用与联用手册（401-600页）,SRC-0093,,p.412; line=301; section=第五节 泻下药,complete,swine,all_stages,China/handbook context
RAU3-COMBO-28181fe0,tcm_combination_contraindication,芒硝,has_combination_or_contraindication,① 与大黄相须为用，以增强泻下通便、泄热作用，如大承气汤、调胃承气汤。有较强的泄热通便、润下软坚、荡涤胃肠作用，适用于胃肠实热积滞、大便燥结、发狂等证。 ② 与硼砂、冰片、朱砂同用，制成散剂外用，如冰硼散，可治咽喉肿痛、口舌生疮；用芒硝置豆腐上化水或用玄明粉配制眼药水，外用滴眼，治目赤肿痛；用本品化水或细纱布包裹外敷。可治乳痈初起；与大黄、大蒜同用，捣烂外敷，治肠痈初起；单用本品煎汤外洗，治痔疮肿痛。 ③ 芒硝、朴硝、石膏、寒水石、硫黄等，其中所含硫元素与磺胺类药物同用，可加重磺胺类药物的毒性，引起硫络血红蛋白血症。,0.78,兽药合理应用与联用手册（401-600页）,SRC-0093,,p.414; line=338; section=第五节 泻下药,complete,swine,all_stages,China/handbook context
RAU3-CAUTION-1e41bae2,tcm_caution_contraindication,【联用及禁忌】,has_use_caution,孕畜禁用。,0.78,兽药合理应用与联用手册（401-600页）,SRC-0093,,p.415; line=370; section=第五节 泻下药,complete,swine,all_stages,China/handbook context
RAU3-COMBO-cd103eb0,tcm_combination_contraindication,芦荟,has_combination_or_contraindication,① 与大黄、芒硝等同用，有强烈的大肠性泻下作用，用于治热结便秘。 ②芦荟含槲皮素，与碳酸钙、维丁胶性钙、硫酸镁、氢氧化铝和碳酸铋类药物合用，能形成络合物而相互影响疗效。 ③芦荟含黄酮成分，不宜与碳酸钙、硫酸亚铁、氢氧化铝等含金属离子的西药制剂等同用，会形成络合物，影响药物的吸收。 ④芦荟、番泻叶、虎杖等中药都含有原醌衍生物，不宜与碳酸氢钠等碱性西药同用，对蒽醌等成分有破坏作用。,0.78,兽药合理应用与联用手册（401-600页）,SRC-0093,,p.415; line=384; section=第五节 泻下药,complete,swine,all_stages,China/handbook context
RAU3-CAUTION-cd103eb0,tcm_caution_contraindication,芦荟,has_use_caution,① 本品刺激性强，用量过大有继发肠炎、肾炎、流产之弊，故亦慎用。 ② 孕畜禁用。 # 二、润下药,0.78,兽药合理应用与联用手册（401-600页）,SRC-0093,,p.415; line=384; section=第五节 泻下药,complete,swine,all_stages,China/handbook context
RAU3-COMBO-4504c40e,tcm_combination_contraindication,火麻仁,has_combination_or_contraindication,① 与大黄、杏仁、白芍等同用，如麻子仁丸，润燥滑肠，兼有益津作用，用于邪热伤阴、津枯肠燥所致粪便燥结。 ② 与当归、生地黄等配伍，用于治病后津亏及产后血虚所致的肠燥便秘。 ③ 麻仁含有氰苷类成分，与具有神经肌肉阻滞作用的氨基糖苷类配伍联用，易引起呼吸中枢的抑制，严重者可出现呼吸衰竭。 ④ 火麻仁含挥发油，具有还原作用，不宜与硝酸甘油、硝酸异山梨酯等具有氧化性的药物联用，会使后者的药效丧失。 ⑤ 火麻仁不宜与酸性药物同服，火麻仁在酸性环境中会加速氧化物的形成引起中毒。,0.78,兽药合理应用与联用手册（401-600页）,SRC-0093,,p.416; line=410; section=第五节 泻下药,complete,swine,all_stages,China/handbook context
RAU3-CAUTION-4504c40e,tcm_caution_contraindication,火麻仁,has_use_caution,① 本品刺激性强，用量过大有继发肠炎、肾炎、流产之弊，故亦慎用。 ② 孕畜禁用。,0.78,兽药合理应用与联用手册（401-600页）,SRC-0093,,p.416; line=410; section=第五节 泻下药,complete,swine,all_stages,China/handbook context
RAU3-COMBO-21317d7d,tcm_combination_contraindication,郁李仁,has_combination_or_contraindication,① 与火麻仁、瓜萎仁等同用，体润滑降，具有润肠通便之功效，适用于老弱病畜、肠燥便秘。 ② 与薏苡仁、茯苓等配伍，可利尿消肿，用于四肢浮肿、尿不通利之证。 ③ 郁李仁含氰苷类化合物，不宜与苯巴比妥、可待因等西药 麻醉镇静药、中枢性止咳药同用，因为前者可加重后者的呼吸中枢抑制作用，甚至引起呼吸器官衰竭至死。 ④ 郁李仁不宜与酸性药物同服，火麻仁在酸性环境中会加速氧化物的形成引起中毒。,0.78,兽药合理应用与联用手册（401-600页）,SRC-0093,,p.417; line=433; section=第五节 泻下药,complete,swine,all_stages,China/handbook context
RAU3-CAUTION-21317d7d,tcm_caution_contraindication,郁李仁,has_use_caution,怀孕的母畜慎用。,0.78,兽药合理应用与联用手册（401-600页）,SRC-0093,,p.417; line=433; section=第五节 泻下药,complete,swine,all_stages,China/handbook context
RAU3-COMBO-eecfbcff,tcm_combination_contraindication,蜂蜜,has_combination_or_contraindication,① 可用单味，亦可配复方中使用，品甘而滋润，滑利大肠，用治体虚不宜攻下的肠燥便秘等证。 ② 与枇杷叶、款冬花等同用，用蜂蜜拌炒即蜜炙，以增强润肺之功，用治肺燥干咳、肺虚久咳等证。 ③ 外用涂敷烫伤、疮肿，以解毒和保护疮面；又可解药毒，用于缓解乌头、附子等药的毒性。 ④ 蜜炼川贝枇杷膏中含有大量蜂蜜，感冒清片中的退热成分与蜂蜜能形成复合物，减少药物的吸收速度，使退热作用减弱。 ⑤ 在服用龙胆酊等苦味健胃药时，不能同服蜂蜜、大枣、甘草等甜味中药，因其甜味可掩盖苦味，从而减少苦对味觉神经末梢的刺激，降低其健胃的作用。,0.78,兽药合理应用与联用手册（401-600页）,SRC-0093,,p.418; line=457; section=第五节 泻下药,complete,swine,all_stages,China/handbook context
RAU3-CAUTION-eecfbcff,tcm_caution_contraindication,蜂蜜,has_use_caution,① 肠滑腹泻的患畜忌生食。 ② 痰湿内蕴、中满痞胀及大便不实者禁服。 # 三、峻下逐水药,0.78,兽药合理应用与联用手册（401-600页）,SRC-0093,,p.418; line=457; section=第五节 泻下药,complete,swine,all_stages,China/handbook context
RAU3-COMBO-40d468a0,tcm_combination_contraindication,牵牛子 (二丑、黑白丑),has_combination_or_contraindication,① 与芒硝、大黄、槟榔、枳壳、枳实等同用，泻下力强，适用于肠胃实热壅滞大便秘结之证。 ② 与甘遂、大戟、大黄等同用，有利尿作用，使水湿从粪便排出，能消除水肿胀满。 ③ 与槟榔、使君子等同用，既能杀虫，又有泻下作用，使虫体得以排出，用于治疗虫积。 ④ 黑丑、白丑与红霉素同用，可缩短红霉素在肠道的停留时间，减少其吸收。,0.78,兽药合理应用与联用手册（401-600页）,SRC-0093,,p.419; line=482; section=第五节 泻下药,complete,swine,all_stages,China/handbook context
RAU3-CAUTION-40d468a0,tcm_caution_contraindication,牵牛子 (二丑、黑白丑),has_use_caution,① 孕畜及体虚者禁用。 ② 本品不宜与巴豆同用。,0.78,兽药合理应用与联用手册（401-600页）,SRC-0093,,p.419; line=482; section=第五节 泻下药,complete,swine,all_stages,China/handbook context
RAU3-COMBO-4c61e917,tcm_combination_contraindication,续随子（千金子）,has_combination_or_contraindication,① 与大黄、大戟、牵牛子、木通等同用，泻下逐水的作用较强，且能利尿，可用于二便不利之水肿实证。 ② 与桃仁、红花等配伍，能破血散瘀，用于血瘀之证。 ③ 续随子含挥发油，具有还原作用，不宜与硝酸甘油、硝酸异山梨酯等具有氧化性的药物联用，会使后者的药效丧失。 ④ 续随子含黄酮成分不宜与碳酸钙、硫酸亚铁、氢氧化铝等含金属离子的西药制剂等同用，会形成络合物，影响药物的吸收。,0.78,兽药合理应用与联用手册（401-600页）,SRC-0093,,p.420; line=504; section=第五节 泻下药,complete,swine,all_stages,China/handbook context
RAU3-CAUTION-4c61e917,tcm_caution_contraindication,续随子（千金子）,has_use_caution,① 体弱便溏的患畜忌服。 ② 怀孕的母畜忌服。,0.78,兽药合理应用与联用手册（401-600页）,SRC-0093,,p.420; line=504; section=第五节 泻下药,complete,swine,all_stages,China/handbook context
RAU3-COMBO-6719d746,tcm_combination_contraindication,甘遂,has_combination_or_contraindication,① 与大戟、芜花为末，枣汤送服，如十枣汤，苦寒性降，善行经隧上水湿，泻水逐饮力峻，药后可连续泻下，使潴留水饮排泄体外，用于水肿、大腹膨胀、胸胁停饮、正气未衰者。 ② 与朱砂末为丸服，如遂心丹，以甘遂为末，入猪心煨后，甘遂尚有逐痰涎作用，可用于风痰癫痫之证。 ③ 外用能消肿散结；可用甘遂末水调外敷，治疮痈肿毒。,0.78,兽药合理应用与联用手册（401-600页）,SRC-0093,,p.421; line=526; section=第五节 泻下药,complete,swine,all_stages,China/handbook context
RAU3-CAUTION-6719d746,tcm_caution_contraindication,甘遂,has_use_caution,① 体弱者及孕畜忌用。 ② 反甘草。 ③ 外用适量，内服醋制用，以降低毒性。,0.78,兽药合理应用与联用手册（401-600页）,SRC-0093,,p.421; line=526; section=第五节 泻下药,complete,swine,all_stages,China/handbook context
RAU3-COMBO-130596ec,tcm_combination_contraindication,大戟,has_combination_or_contraindication,① 与甘遂、芫花、牵牛子等配合，如大戟散，泻水逐饮的功效较好，适用于水饮泛滥所致的水肿喘满、胸腹积水等证。 ② 与甘遂、牵牛子、滑石、大黄等药同用，用于水草肚胀或宿草不转等。 ③ 红大戟消肿散结的功效较好，多用于热毒壅滞所致的疮黄肿毒等证。 ④ 大戟、番泻叶、虎杖等中药都含有原醌衍生物，不宜与碳酸氢钠等碱性西药合用，对蒽醌等成分有破坏作用。,0.78,兽药合理应用与联用手册（401-600页）,SRC-0093,,p.422; line=550; section=第五节 泻下药,complete,swine,all_stages,China/handbook context
RAU3-CAUTION-130596ec,tcm_caution_contraindication,大戟,has_use_caution,① 孕畜及虚寒阴水的患畜忌用。 ② 体弱的患畜慎用。 ③ 反甘草。,0.78,兽药合理应用与联用手册（401-600页）,SRC-0093,,p.422; line=550; section=第五节 泻下药,complete,swine,all_stages,China/handbook context
RAU3-COMBO-0256679f,tcm_combination_contraindication,芜花,has_combination_or_contraindication,① 与大戟、甘遂、大枣等同用，以泻胸肋之水饮积聚见长，适用于胸肋积水、水草肚胀等证。 ② 与大枣同煎，祛痰止咳，用于痰壅气逆、咳嗽痰喘之证。 ③ 芫花含有大量黄酮类成分，不宜与氢氧化铝、三硅酸镁、碳酸钙等含有铝、镁、钙的金属离子药物同服，这些金属离子可与黄酮类中药生成金属络合物，改变药物原有的性质与作用，失去药物疗效。,0.78,兽药合理应用与联用手册（401-600页）,SRC-0093,,p.423; line=574; section=第五节 泻下药,complete,swine,all_stages,China/handbook context
RAU3-COMBO-c04b25eb,tcm_combination_contraindication,商陆,has_combination_or_contraindication,① 与大戟、甘遂等同用，通利二便，长于利水，用于水肿胀满、粪便秘结、小便不利之实证。 ② 本品外用治痈疮肿毒，常以鲜品捣烂外敷 ③ 商陆不宜与阿司匹林同用，商陆皂苷具有解热镇痛作用，合用会增加阿司匹林诱发胃溃疡的概率。 ④ 商陆不宜与阿托品同用，会拮抗商陆的祛痰作用。 ⑤ 商陆不宜与酒同用，增加肉豆蔻酸、商陆毒素的溶解吸收，发生中毒。,0.78,兽药合理应用与联用手册（401-600页）,SRC-0093,,p.423; line=597; section=第五节 泻下药,complete,swine,all_stages,China/handbook context
RAU3-CAUTION-c04b25eb,tcm_caution_contraindication,商陆,has_use_caution,① 脾胃虚弱的患畜忌用。 ② 孕畜忌用。,0.78,兽药合理应用与联用手册（401-600页）,SRC-0093,,p.423; line=597; section=第五节 泻下药,complete,swine,all_stages,China/handbook context
RAU3-COMBO-bbb0e963,tcm_combination_contraindication,巴豆,has_combination_or_contraindication,① 与干姜、大黄同用，用于里寒冷积所致的便秘、腹痛起卧等。 ② 与杏仁、甘遂等配伍，具有强烈的泻下作用，可消除水肿，适用于体质壮实的水肿、腹水。 ③ 与乳香、没药、木鳖子等炼成膏药，外贴患处，用于疮疡成脓而未溃破者。 ④ 巴豆、黑丑、白丑与红霉素同用，可缩短红霉素在肠道的停留时间，减少其吸收。 ⑤ 巴豆不宜与树脂类药物同用，在肠液的碱性环境中析出巴豆油酸和巴豆双脂类，刺激肠壁引起激烈肠蠕动，导致腹痛和腹泻 兽/药/合/理/应/用/与/联/用/手/册 峻猛。 ⑥ 巴豆不宜与碱性药物同用，同用时析出巴豆油，肠蠕动亢进，加剧泻下作用。 ⑦ 巴豆不宜与酒同服，巴豆油溶于乙醇，毒性加剧。,0.78,兽药合理应用与联用手册（401-600页）,SRC-0093,,p.424; line=620; section=第五节 泻下药,complete,swine,all_stages,China/handbook context
RAU3-CAUTION-bbb0e963,tcm_caution_contraindication,巴豆,has_use_caution,(1) 无寒实积滞、体虚的患畜忌用。 ② 孕畜及泌乳期母畜忌用。 ③ 畏牵牛子。 # 第六节 收涩药 凡具有收敛固涩作用，能治疗各种滑脱证的药物，称为收涩药。 滑脱病证主要表现为子宫脱出、滑精、自汗、盗汗、久泻、久痢、粪尿失禁、脱肛、久咳虚喘等。滑脱病证的根本原因是正气虚弱，而收敛固涩属于应急治标的方法，不能从根本上消除导致滑脱诸症的病机，故临床应选择适宜的补益药同用，以期标本兼顾。由于滑脱证表现各异，故本类药物又分为涩肠止泻和敛汗涩精两类。 涩肠止泻药具有涩肠止泻的作用，适用于脾肾虚寒所致的久泻久痢、粪便失禁、脱...,0.78,兽药合理应用与联用手册（401-600页）,SRC-0093,,p.424; line=620; section=第五节 泻下药,complete,swine,all_stages,China/handbook context
RAU3-COMBO-1ea67316,tcm_combination_contraindication,乌梅,has_combination_or_contraindication,① 与款冬花、半夏、杏仁等配伍应用，有敛肺气止咳嗽功效，主要用于肺虚久咳。 ② 与肉豆蔻、诃子、茯苓等同用，有涩肠止泻作用，用治气虚脾弱、久泻久痢。 ③ 与天花粉、麦冬、葛根等同用，能生津止渴，用于虚热所致的口渴贪饮。 ④ 与干姜、细辛，黄柏等合用，本品味酸，有安蛔作用，适用于蛔虫引起的腹痛、呕吐等症。 ⑤ 乌梅与磺胺类药物合用，使其毒副作用增强，引起血尿、结晶尿甚至尿闭等。 ⑥ 乌梅含有机酸，与庆大霉素同服，会降低其抗菌作用，因为庆大霉素在酸性尿液中抗菌作用最弱。 ⑦ 中药乌梅、五味子等有酸化作用，能使碱性抗生素红霉素排泄加快，药效降低。 ⑧ 乌梅含挥发油，具有还原作用，不宜与硝酸甘油、硝酸异 山梨酯等具有氧化性的药物联用，会使后...,0.78,兽药合理应用与联用手册（401-600页）,SRC-0093,,p.426; line=663; section=第六节 收涩药,complete,swine,all_stages,China/handbook context
RAU3-CAUTION-1ea67316,tcm_caution_contraindication,乌梅,has_use_caution,① 有实邪者忌服。 ② 孕畜忌用。,0.78,兽药合理应用与联用手册（401-600页）,SRC-0093,,p.426; line=663; section=第六节 收涩药,complete,swine,all_stages,China/handbook context
RAU3-COMBO-b25e57a3,tcm_combination_contraindication,诃子,has_combination_or_contraindication,① 与黄连、木香、甘草同用，用于痢疾偏热者；与党参、白术、没药等配伍，用于泻痢日久、气阴两伤时。 ② 与党参、麦冬、五味子等同用，能敛肺利咽，适用于肺虚久咳；可配伍瓜萎、百部、贝母、玄参、桔梗等同用，用于肺热咳嗽。 ③ 诃子含有水合性鞣质，与肝毒性抗生素如氟苯尼考、红霉素、利福平、异烟肼等合用加重肝脏损害，严重者可发生药源性肝炎。 ④ 口服 \beta -内酰胺类药物时不宜与含鞣质较多的诃子同时服用，可在体内生成鞣酸盐沉淀物而不易被吸收，从而降低各自的生物利用度和药效。,0.78,兽药合理应用与联用手册（401-600页）,SRC-0093,,p.427; line=698; section=第六节 收涩药,complete,swine,all_stages,China/handbook context
RAU3-CAUTION-b25e57a3,tcm_caution_contraindication,诃子,has_use_caution,① 泻痢初起者忌用。 ② 本品煨用涩肠，生用清肺。,0.78,兽药合理应用与联用手册（401-600页）,SRC-0093,,p.427; line=698; section=第六节 收涩药,complete,swine,all_stages,China/handbook context
RAU3-COMBO-448e8655,tcm_combination_contraindication,肉豆蔻（肉果）,has_combination_or_contraindication,① 常与补骨脂、吴茱萸、五味子等同用，如四神丸，善温脾胃，长于涩肠止泻，适用于脾肾虚寒引起的久泻不止。 ② 常与木香、半夏、白术、干姜等配伍应用，能温中行气，适用于脾胃虚寒引起的肚腹胀痛、食欲不振之症。 ③ 含有致幻觉的中药如曼陀罗、肉豆蔻等中药制剂和普萘洛尔合用时，增加中药制剂致幻觉的危险。 ④ 肉豆蔻含挥发油，具有还原作用，不宜与硝酸甘油、硝酸异山梨酯等具有氧化性的药物联用，会使后者的药效丧失。,0.78,兽药合理应用与联用手册（401-600页）,SRC-0093,,p.428; line=720; section=第六节 收涩药,complete,swine,all_stages,China/handbook context
RAU3-CAUTION-448e8655,tcm_caution_contraindication,肉豆蔻（肉果）,has_use_caution,凡热泻热痢者忌用。,0.78,兽药合理应用与联用手册（401-600页）,SRC-0093,,p.428; line=720; section=第六节 收涩药,complete,swine,all_stages,China/handbook context
RAU3-COMBO-23631603,tcm_combination_contraindication,石榴皮,has_combination_or_contraindication,① 与诃子、肉豆蔻、干姜、黄连等合用，有较强的收敛止泻作用，适用于虚寒所致的久泻久痢之症。 ② 单用或配使君子、槟榔等同用，可用于驱杀蛔虫、蛲虫。 ③ 石榴皮含有水合性鞣质，与肝毒性抗生素如氟苯尼考、红霉素、利福平、异烟肼等合用加重肝脏损害，严重者可发生药源性肝炎。 ④ 石榴皮含水合性鞣质，与四环素类药物合用，形成鞣质酸盐沉淀物，降低药效。 ⑤ 有鞣质的中药如石榴皮、五倍子、萹蓄、大黄、虎杖、地榆，不宜与林可霉素联用，易发生中毒性肝炎。,0.78,兽药合理应用与联用手册（401-600页）,SRC-0093,,p.429; line=741; section=第六节 收涩药,complete,swine,all_stages,China/handbook context
RAU3-CAUTION-23631603,tcm_caution_contraindication,石榴皮,has_use_caution,有实邪者忌用。,0.78,兽药合理应用与联用手册（401-600页）,SRC-0093,,p.429; line=741; section=第六节 收涩药,complete,swine,all_stages,China/handbook context
RAU3-COMBO-6a49d48e,tcm_combination_contraindication,五倍子,has_combination_or_contraindication,① 与诃子、五味子等同用，能涩肠止泻，用于治久泻久痢、便血日久。 ② 常与党参、五味子、紫菀等同用，有敛肺止咳功效，用于肺虚久咳。 ③ 研末外敷或煎汤外洗，还能杀虫止痒，兼有消疮肿解毒作用，适用于疮癣肿毒、皮肤湿烂等症。 ④ 五倍子不应与红霉素合用，可生成不溶于水的沉淀物，从而无法被肠道吸收，影响疗效。 ⑤ 口服 \beta -内酰胺类药物不宜与含鞣质较多的五倍子同时服用，可在体内生成鞣酸盐沉淀物而不易被吸收，从而会降低各自的生物利用和药效。 ⑥ 有鞣质的中药如石榴皮、五倍子、萹蓄、大黄、虎杖、地榆，不宜与林可霉素联用，易发生中毒性肝炎。,0.78,兽药合理应用与联用手册（401-600页）,SRC-0093,,p.430; line=765; section=第六节 收涩药,complete,swine,all_stages,China/handbook context
RAU3-CAUTION-6a49d48e,tcm_caution_contraindication,五倍子,has_use_caution,肺热咳嗽及湿热泄泻者忌用。,0.78,兽药合理应用与联用手册（401-600页）,SRC-0093,,p.430; line=765; section=第六节 收涩药,complete,swine,all_stages,China/handbook context
RAU3-COMBO-97d118cc,tcm_combination_contraindication,罂粟壳,has_combination_or_contraindication,① 与乌梅等合用，能敛肺气止咳嗽，用治久咳虚咳。 ② 常与乌梅、大枣等同用；或配伍木香、黄连、生姜应用，有涩肠止泻功效，可治久泻久痢或血痢。 ③ 常与其他活血化瘀药配伍，有止痛功效，用于筋骨诸痛。 ④ 党参、白术、干姜、木香、防风、罂粟壳等中药组成的复方肠胃片，不宜与红霉素等肠道吸收药物同用，由于胃排空速度减慢，延长了红霉素等肠道吸收药物在胃中的停留时间，从而影响其在肠道的吸收，使疗效降低。,0.78,兽药合理应用与联用手册（401-600页）,SRC-0093,,p.431; line=795; section=第六节 收涩药,complete,swine,all_stages,China/handbook context
RAU3-CAUTION-97d118cc,tcm_caution_contraindication,罂粟壳,has_use_caution,① 咳嗽、泻痢初起者忌用。 ② 本品易成瘾，不宜常服。 # 二、敛汗涩精药,0.78,兽药合理应用与联用手册（401-600页）,SRC-0093,,p.431; line=795; section=第六节 收涩药,complete,swine,all_stages,China/handbook context
RAU3-COMBO-b6aac5f3,tcm_combination_contraindication,五味子,has_combination_or_contraindication,① 常与党参、麦冬、熟地黄、山茱萸等同用，能敛肺气和滋肾阴，用于肺虚或肾虚不能纳气所致的久咳虚喘。 ② 常与麦冬、生地黄、天花粉等同用，用于治疗津少口渴；与党参、麦冬、浮小麦等配伍，可治体虚多汗。 ③ 与补骨脂、吴茱萸、肉豆蔻等同用，能涩肠止泻，用治脾肾阳虚所致泄泻；与桑螵蛸、菟丝子同用，能益肾固精，治滑精及尿频数等证。 ④ 五味子与磺胺类药物合用，使其毒副作用增强，引起血尿、结晶尿甚至尿闭等。 ⑤ 中药五味子、乌梅等有酸化作用，能使碱性抗生素如红霉素排泄加快，药效降低。 ⑥ 五味子与先锋霉素、利福平等同用，可加强肾毒性抗生素在肾小管中的吸收，增强其毒性。 ⑦ 五味子含挥发油，具有还原作用，不宜与硝酸甘油、硝酸异山梨酯等具有氧化性的...,0.78,兽药合理应用与联用手册（401-600页）,SRC-0093,,p.432; line=823; section=第六节 收涩药,complete,swine,all_stages,China/handbook context
RAU3-CAUTION-b6aac5f3,tcm_caution_contraindication,五味子,has_use_caution,表邪未解及有实热者不宜用。,0.78,兽药合理应用与联用手册（401-600页）,SRC-0093,,p.432; line=823; section=第六节 收涩药,complete,swine,all_stages,China/handbook context
RAU3-COMBO-0a78743f,tcm_combination_contraindication,龙骨,has_combination_or_contraindication,① 与茯神、远志、朱砂、牡蛎等配伍，能镇静安神，适用于心神不宁、躁动不安等症。 ② 与白芍、牡蛎、赭石等配伍，平肝潜阳，适用于肝阴不足、肝阳上亢之证。 ③ 与牡蛎、山药等同用，长于收敛固涩，适用于滑精、盗汗、久泻不止等症；还可外用于湿疹疮疡及疮疡溃后久不收口。 ④ 龙骨及含有钙离子成分的中成药不宜与庆大霉素同用，可降低血浆中庆大霉素的结合率，增加其毒性反应。 ⑤ 龙骨不宜与四环素类药物同用，因为四环素中的酰胺基、酚羟基能与龙骨中的钙离子发生反应，形成金属络合物，从而会降低四环素的生物利用率。 ⑥ 龙骨内含金属离子，与诺氟沙星同服，会形成钙络合物，使药物的溶解度下降，肠道难以吸收，降低疗效。,0.78,兽药合理应用与联用手册（401-600页）,SRC-0093,,p.433; line=849; section=第六节 收涩药,complete,swine,all_stages,China/handbook context
RAU3-CAUTION-0a78743f,tcm_caution_contraindication,龙骨,has_use_caution,有湿热、实邪者忌用。,0.78,兽药合理应用与联用手册（401-600页）,SRC-0093,,p.433; line=849; section=第六节 收涩药,complete,swine,all_stages,China/handbook context
RAU3-COMBO-c4361419,tcm_combination_contraindication,牡 蛎,has_combination_or_contraindication,① 与龙骨、龟甲、白芍等配伍，能平肝潜阳，适用于阴虚阳引起的躁动不安之症。 ② 常与玄参、贝母等同用，有软坚散结作用，用于消散瘰疬。 ③ 与浮小麦、麻黄根、黄芪等配伍，可治自汗、盗汗；与煅龙骨、金樱子、芡实等同用，用于滑精。 ④ 牡蛎及含有钙离子成分的中成药不宜与庆大霉素同用，可降低血浆中庆大霉素的结合率，增加其毒性反应。 ⑤ 牡蛎不宜与四环素类药物同用，因为四环素中的酰胺基、酚羟基能与龙骨中的钙离子发生反应，形成金属络合物，从而会降低四环素的生物利用率。 ⑥ 牡蛎内含金属离子，与诺氟沙星同服，会形成钙络合物，使药物的溶解度下降，肠道难以吸收，降低疗效。,0.78,兽药合理应用与联用手册（401-600页）,SRC-0093,,p.434; line=872; section=第六节 收涩药,complete,swine,all_stages,China/handbook context
RAU3-CAUTION-c4361419,tcm_caution_contraindication,牡 蛎,has_use_caution,① 急慢性皮肤病患者忌食。 ② 脾胃虚寒、慢性腹泻便溏者不宜多吃。 ③ 本品多服、久服易引起便秘和消化不良。,0.78,兽药合理应用与联用手册（401-600页）,SRC-0093,,p.434; line=872; section=第六节 收涩药,complete,swine,all_stages,China/handbook context
RAU3-COMBO-eed96a17,tcm_combination_contraindication,金樱子,has_combination_or_contraindication,① 常与芡实、莲子、菟丝子、补骨脂等同用，有固精缩尿作用，适用于肾虚引起的滑精、尿频等症。 ② 常与党参、白术、茯苓等同用，能涩肠止泻，可用于脾虚泄泻。 ③ 金樱子含鞣质，与红霉素、氟苯尼考等抗生素同服，会生成盐酸沉淀物，使药物难以吸收，影响疗效。 ④ 金樱子含有机酸，与磺胺类药物配伍，会使尿液酸化，降低磺胺类药的药效。 ⑤ 金樱子也不能与红霉素配伍，红霉素在酸性环境中不稳定，当 \mathrm{pH} < 4 时，红霉素完全分解失效。 ⑥ 金樱子不宜与强心苷类药物合用，易引起中毒。 ⑦ 金樱子不宜与水杨酸制剂同用，易促成消化性溃疡。 ⑧ 金樱子不宜与氢氯噻嗪等排钾利尿药同用，容易导致低钾血症。,0.78,兽药合理应用与联用手册（401-600页）,SRC-0093,,p.435; line=897; section=第六节 收涩药,complete,swine,all_stages,China/handbook context
RAU3-CAUTION-eed96a17,tcm_caution_contraindication,金樱子,has_use_caution,有实火、邪热者忌用。,0.78,兽药合理应用与联用手册（401-600页）,SRC-0093,,p.435; line=897; section=第六节 收涩药,complete,swine,all_stages,China/handbook context
RAU3-COMBO-d8c8a331,tcm_combination_contraindication,桑 蝶 蜂,has_combination_or_contraindication,① 常配伍益智仁、菟丝子、黄芪等使用，能补肾、固精及缩尿，主要用于肾气不固所致的滑精早泄及尿频数等症。 ② 与巴戟天、肉苁蓉、枸杞子等配伍应用，有助阳功效，故可治肾虚阳痿。 ③ 桑螵蛸及含有钙离子成分的中成药不宜与庆大霉素同用，可降低血浆中庆大霉素的结合率，增加其毒性反应。 ④ 桑螵蛸与四环素类药物同用，四环素中的酰胺基、酚羟基能与桑螵蛸中的钙离子发生反应，形成金属络合物，从而会降低四环素的生物利用率。 ⑤ 桑螵蛸内含金属离子，与诺氟沙星同服，会形成钙络合物，使药物的溶解度下降，肠道难以吸收，降低疗效。,0.78,兽药合理应用与联用手册（401-600页）,SRC-0093,,p.436; line=922; section=第六节 收涩药,complete,swine,all_stages,China/handbook context
RAU3-CAUTION-d8c8a331,tcm_caution_contraindication,桑 蝶 蜂,has_use_caution,阴虚有火、膀胱湿热所致的尿频数者忌用。,0.78,兽药合理应用与联用手册（401-600页）,SRC-0093,,p.436; line=922; section=第六节 收涩药,complete,swine,all_stages,China/handbook context
RAU3-COMBO-27a742ef,tcm_combination_contraindication,芡实,has_combination_or_contraindication,① 常与菟丝子、桑螵蛸、金樱子等同用，固肾涩精，适用于肾虚、精关不固所致的滑精早泄及尿频数等症。 ② 常与党参、白术等同用，健脾止泻，用于脾虚久泻不止、气虚肛脱。 ③ 茂实及含有钙离子成分的中成药不宜与庆大霉素同用，可降低血浆中庆大霉素的结合率，增加其毒性反应。 ④ 荧实与四环素类药物同用，四环素中的酰胺基、酚羟基能与荧实中的钙离子发生反应，形成金属络合物，从而会降低四环素的生物利用率。 ⑤ 茂实内含金属离子，与诺氟沙星同服，会形成钙络合物，使药物的溶解度下降，肠道难以吸收，降低疗效。,0.78,兽药合理应用与联用手册（401-600页）,SRC-0093,,p.437; line=946; section=第六节 收涩药,complete,swine,all_stages,China/handbook context
RAU3-CAUTION-27a742ef,tcm_caution_contraindication,芡实,has_use_caution,气郁痞胀、溺赤便秘、食不运化及新产后皆忌之。 # 第七节 理气药 凡以疏理气机、治疗气滞或气逆证为主要作用的药物，称为理气药，又叫行气药。 理气药性味多辛苦温而芳香。其味辛能行散，味苦能疏泄，芳香能走窜，性温能通行，故有疏理气机的作用。因本类药物主归脾、肝、肺经，故有理气健脾、疏肝解郁、理气宽胸、行气止痛、破气散结等不同功效。具有理气健脾作用的药物，主要用治脾胃气滞所致脘腹胀痛、嗳气吞酸、恶心呕吐、腹泻或便秘等。具疏肝解郁者，主要用治肝气郁滞所致胁肋胀痛、抑郁不乐、疝气疼痛、乳房胀痛等。具理气宽胸者，主要用治肺气壅...,0.78,兽药合理应用与联用手册（401-600页）,SRC-0093,,p.437; line=946; section=第六节 收涩药,complete,swine,all_stages,China/handbook context
RAU3-COMBO-5d439fe7,tcm_combination_contraindication,陈 皮,has_combination_or_contraindication,① 与苍术、厚朴等同用，如平胃散，可治疗寒湿阻中的脾胃气滞、脘腹胀痛、恶心呕吐、泄泻者；与党参、白术、茯苓等同用，如异功散，可治脾虚气滞、不思草料、食后腹胀、便溏舌淡者；与木香、枳实等同用，以增强行气止痛之功，可用于脾胃气滞较甚、脘腹胀痛较剧者。 ② 与半夏、茯苓等同用，如二陈汤，能燥湿化痰，治湿痰咳嗽；与干姜、细辛、五味子等同用，能温化寒痰，治寒痰咳嗽。 ③ 陈皮含黄酮，与氢氧化铝、三硅酸镁、碳酸钙等同用，铝、镁、钙与黄酮生成难吸收的络合物，降低药效。 ④ 陈皮含有机酸，与磺胺类药物配伍，会使尿液酸化，降低磺胺类药的药效。 ⑤ 陈皮也不能与红霉素配伍，红霉素在酸性环境中不稳定，当 \mathrm{pH} < 4 时，红霉素完全分解...,0.78,兽药合理应用与联用手册（401-600页）,SRC-0093,,p.438; line=977; section=第七节 理气药,complete,swine,all_stages,China/handbook context
RAU3-CAUTION-5d439fe7,tcm_caution_contraindication,陈 皮,has_use_caution,气虚体燥、阴虚燥咳、吐血及内有实热者慎服。,0.78,兽药合理应用与联用手册（401-600页）,SRC-0093,,p.438; line=977; section=第七节 理气药,complete,swine,all_stages,China/handbook context
RAU3-COMBO-46f825b6,tcm_combination_contraindication,青 皮,has_combination_or_contraindication,① 与柴胡、郁金、香附等同用，用于肝郁胸胁胀痛；与柴胡、浙贝母、橘叶等合用，治疗乳房胀痛或结块；与瓜萎皮、金银花、蒲公英等药联用，可治乳痈肿痛；与乌药、小茴香、木香等同用，如天台乌药散，可治寒疝疼痛。 ② 与山楂、神曲、麦芽等同用，如青皮丸，以增强消积化滞之功，治疗食积气滞、脘腹胀痛；与木香、槟榔或枳实、大黄等同用，用于气滞甚者；与三棱、莪术、丹参等同用，取其破气散结之 功，可用于气滞血瘀之症瘕积聚、久疟癖块等。 ③ 青皮含有机酸，与磺胺类药物配伍，会使尿液酸化，降低磺胺类药的药效。 ④ 青皮也不能与红霉素配伍，红霉素在酸性环境中不稳定，当 \mathrm{pH} < 4 时，红霉素完全分解失效。 ⑤ 青皮与呋喃唑酮、帕吉林、苯丙胺...,0.78,兽药合理应用与联用手册（401-600页）,SRC-0093,,p.439; line=1006; section=第七节 理气药,complete,swine,all_stages,China/handbook context
RAU3-CAUTION-46f825b6,tcm_caution_contraindication,青 皮,has_use_caution,① 气虚者忌用。 ② 醋炙疏肝止痛力强。,0.78,兽药合理应用与联用手册（401-600页）,SRC-0093,,p.439; line=1006; section=第七节 理气药,complete,swine,all_stages,China/handbook context
RAU3-COMBO-db96cfc4,tcm_combination_contraindication,枳实,has_combination_or_contraindication,① 与山楂、麦芽、神曲等同用，用于治疗饮食积滞、脘腹痞满胀痛；与大黄、芒硝、厚朴等同用，如大承气汤，可治热结便秘、腹痞胀痛；与黄芩、黄连同用，如枳实导滞丸，用于湿热泻痢、里急后重。 ② 与薤白、桂枝、瓜萎等同用，如枳实薤白桂枝汤，可治胸阳不振、痰阻胸痹；与黄连、瓜萎、半夏同用，如小陷胸加枳实汤，治痰热结胸；与半夏曲、厚朴等同用，如枳实消痞丸，用于心下痞满、食欲不振。 ③ 与补气、升阳药同用，以增强疗效，可用治胃扩张、胃下垂、子宫脱垂、脱肛等脏器下垂病证。 ④ 积实与庆大霉素合用于胆道感染时，由于积实能松弛胆总管括约肌，可使胆内压下降，从而大大升高胆道内庆大霉素的浓度，使疗效提高。 ⑤ 积实与头孢菌素类合用能引起过敏症状，严重时可导致...,0.78,兽药合理应用与联用手册（401-600页）,SRC-0093,,p.440; line=1035; section=第七节 理气药,complete,swine,all_stages,China/handbook context
RAU3-CAUTION-db96cfc4,tcm_caution_contraindication,枳实,has_use_caution,① 脾胃虚寒及孕畜慎用。 ② 炒后性较平和。,0.78,兽药合理应用与联用手册（401-600页）,SRC-0093,,p.440; line=1035; section=第七节 理气药,complete,swine,all_stages,China/handbook context
RAU3-COMBO-8f427502,tcm_combination_contraindication,木 香,has_combination_or_contraindication,① 与陈皮、砂仁、檀香等同用，治脾胃气滞、脘腹胀痛；与党参、白术、陈皮等同用，如香砂六君子汤，用于治疗脾虚气滞、脘腹胀满、食少便溏。 ② 与黄连配伍，如香连丸，辛行苦降，善行大肠之滞气，为治湿热泻痢里急后重之要药，用于泻痢里急后重。 兽/药/合理/应/用/与/联/用/手/册 ③ 与槟榔、青皮、大黄等同用，如木香槟榔丸，可治饮食积滞的脘腹胀满、大便秘结或泻而不爽。 ④ 与郁金、大黄、茵陈等同用，既能行气健脾，又能疏理肝胆，可用于治疗脾失运化、肝失疏泄而致湿热郁蒸、气机阻滞之脘腹胀痛、胁痛、黄疸；现代用于治胆石症、胆绞痛，有一定疗效。 ⑤ 木香与地高辛、维生素 \mathrm{B}_{12} 等药物合用，木香对肠道有明显的抑制作用，可使...,0.78,兽药合理应用与联用手册（401-600页）,SRC-0093,,p.442; line=1069; section=第七节 理气药,complete,swine,all_stages,China/handbook context
RAU3-CAUTION-8f427502,tcm_caution_contraindication,木 香,has_use_caution,① 阴虚津液不足者慎用。 ② 脏腑燥热、胃气虚弱者禁用。 ③ 生用行气力强，煨用行气力缓而多用于止泻。,0.78,兽药合理应用与联用手册（401-600页）,SRC-0093,,p.442; line=1069; section=第七节 理气药,complete,swine,all_stages,China/handbook context
RAU3-COMBO-77572d76,tcm_combination_contraindication,香 附,has_combination_or_contraindication,① 与柴胡、川芎、枳壳等同用，如柴胡疏肝散，治肝气郁结 之胁肋胀痛；与高良姜同用，如良附丸，适用于寒凝气滞、肝气犯胃之胃脘疼痛；与小茴香、乌药、吴茱萸等同用，可治寒疝腹痛。 ② 与柴胡、青皮、瓜萎皮等同用，有疏肝解郁、行气散结、止痛之功，用于肝郁乳房胀痛。 ③ 香附含黄酮成分不宜与碳酸钙、硫酸亚铁、氢氧化铝等含金属离子西药制剂同用，会形成络合物，影响药物的吸收。 ④ 香附含挥发油，具有还原作用，不宜与硝酸甘油、硝酸异山梨酯等具有氧化性的药物联用，会使后者的药效丧失。,0.78,兽药合理应用与联用手册（401-600页）,SRC-0093,,p.443; line=1097; section=第七节 理气药,complete,swine,all_stages,China/handbook context
RAU3-CAUTION-77572d76,tcm_caution_contraindication,香 附,has_use_caution,① 凡气虚无滞、阴虚血热者忌用。 ② 醋炙止痛力增强。,0.78,兽药合理应用与联用手册（401-600页）,SRC-0093,,p.443; line=1097; section=第七节 理气药,complete,swine,all_stages,China/handbook context
RAU3-COMBO-56ac06e1,tcm_combination_contraindication,砂 仁,has_combination_or_contraindication,① 与枳实、陈皮等同用，可治脾胃气滞、湿阻中焦、食少便溏、肚腹胀满等。 ② 与木香、党参、白术、茯苓等同用，用于治疗脾胃虚寒、泄泻等。 ③ 与白术、桑寄生、续断等同用，用于胎动不安。 ④ 黄芩、木香、砂仁、陈皮等对肠道有明显抑制作用，可延长地高辛、维生素 \mathrm{B}_{12} 、灰黄霉素等在小肠上部停留时间，使药物吸收增加。 ⑤ 砂仁含挥发油，具有还原作用，不宜与硝酸甘油、硝酸异 山梨酯等具有氧化性的药物联用，会使后者的药效丧失。,0.78,兽药合理应用与联用手册（401-600页）,SRC-0093,,p.444; line=1122; section=第七节 理气药,complete,swine,all_stages,China/handbook context
RAU3-CAUTION-56ac06e1,tcm_caution_contraindication,砂 仁,has_use_caution,阴虚有热者忌服。,0.78,兽药合理应用与联用手册（401-600页）,SRC-0093,,p.444; line=1122; section=第七节 理气药,complete,swine,all_stages,China/handbook context
RAU3-COMBO-888ef79d,tcm_combination_contraindication,乌药,has_combination_or_contraindication,① 与木香、香附同用，辛散温通、顺气降逆、散寒止痛，适用于寒郁气滞所致肚腹胀痛、冷痛等症。 ② 与益智仁、山药等配伍，温肾散寒，除膀胱冷气，适用于下焦虚寒之尿频、遗精等症。 ③ 乌药含挥发油，具有还原作用，不宜与硝酸甘油、硝酸异山梨酯等具有氧化性的药物联用，会使后者的药效丧失。 ④ 乌药含碱性较强，不宜与阿司匹林、胃蛋白酶合剂及部分喹诺酮类药物等酸性较强的药物联用，这类中药会降低西药在胃中的吸收及在肾小管的重吸收，使其排泄率升高，疗效降低。 ⑤ 乌药不宜与链霉素、卡那霉素、托布霉素、庆大霉素、新霉素等氨基糖苷类抗生素同服，碱性强的中药使这类西药吸收增加，但导致脑组织中药物浓度升高或增强药物的耳毒作用，影响前庭功能，形成暂时性或永久性...,0.78,兽药合理应用与联用手册（401-600页）,SRC-0093,,p.444; line=1144; section=第七节 理气药,complete,swine,all_stages,China/handbook context
RAU3-CAUTION-888ef79d,tcm_caution_contraindication,乌药,has_use_caution,① 血虚内热、体虚气虚者慎用。 ② 孕畜慎服。,0.78,兽药合理应用与联用手册（401-600页）,SRC-0093,,p.444; line=1144; section=第七节 理气药,complete,swine,all_stages,China/handbook context
RAU3-COMBO-117142cf,tcm_combination_contraindication,槟榔,has_combination_or_contraindication,① 与木香、青皮等同用，可消积导滞，适用于食积气滞、腹胀便秘、里急后重等症。 ② 与吴茱萸、木瓜、紫苏叶、陈皮等同用，行气利水，为治四肢疼痛的要药。 ③ 与南瓜子同用，能驱杀多种肠内寄生虫，并有轻泻作用，有助于虫体排出，驱除绦虫、姜片虫疗效较佳，尤以猪、鹅、鸭绦虫最有效，对蛔虫、蛲虫、血吸虫等也有驱杀作用。 ④ 槟榔不宜与头孢菌素类、青霉素类同服，因为在碱性条件下将减少这些西药的吸收利用，从而使疗效降低。 ⑤ 槟榔与敌百虫同用，有促使乙酰胆碱蓄积，使槟榔产生毒性反应。 ⑥ 槟榔与氟哌噻吨、环丙定、氟奋乃静等精神安定的西药合用，可导致锥体外束症状加剧。 ⑦ 槟榔与泼尼松龙或沙丁胺醇合用，槟榔碱能引起支气管收缩并呈剂量关系，同用后可使气...,0.78,兽药合理应用与联用手册（401-600页）,SRC-0093,,p.445; line=1168; section=第七节 理气药,complete,swine,all_stages,China/handbook context
RAU3-CAUTION-117142cf,tcm_caution_contraindication,槟榔,has_use_caution,老弱气虚者禁用。,0.78,兽药合理应用与联用手册（401-600页）,SRC-0093,,p.445; line=1168; section=第七节 理气药,complete,swine,all_stages,China/handbook context
RAU3-COMBO-db42ddf2,tcm_combination_contraindication,草果,has_combination_or_contraindication,① 与草豆蔻、厚朴、苍术等配伍，辛温燥烈，善除寒湿而温燥脾胃，为治脾胃寒湿要药，适用于寒湿阻滞中焦脾不健运所致的肚腹胀满、冷痛、泄泻等症。 ② 与槟榔、厚朴、黄芩等同用，用于痰浊内阻、苔白厚腻等。 ③ 草果含挥发油，具有还原作用，不宜与硝酸甘油、硝酸异山梨酯等具有氧化性的药物联用，会使后者的药效丧失。 ④ 草果含铁离子，不宜与四环素类药物联用，能与铁离子形成溶解度小，不易被胃肠道吸收的螯合物，使彼此吸收减少，疗效降低。 ⑤ 不宜与三巯基丙醇同用，防止铁离子生成有毒的复合物。 ⑥ 不宜与山梨醇铁注射液、右旋糖酐铁注射液合用，同用使血清中铁离子呈一过性饱和态而发生急性铁中毒。 ⑦ 不宜与胃肠刺激药物同用，防止加重铁剂的胃肠刺激性副作用。...,0.78,兽药合理应用与联用手册（401-600页）,SRC-0093,,p.446; line=1192; section=第七节 理气药,complete,swine,all_stages,China/handbook context
RAU3-CAUTION-db42ddf2,tcm_caution_contraindication,草果,has_use_caution,① 气虚或血虚的弱畜切勿多用。 ② 无寒湿实邪者忌用。 # 第八节 活血化瘀药 凡以通畅血行、消除瘀血为主要作用的药物，称活血化瘀药或活血祛瘀药，简称活血药或化瘀药。 活血化瘀药，味多辛、苦，主归肝、心经，入血分，善于走散通行，而有活血化瘀的作用，并通过活血化瘀而产生止痛、破血消症、疗伤消肿、活血消痈等作用。瘀血既是病理产物，又是多种疾病的致病因素。所以本章药物主治范围很广，体内之症瘕积聚；中风后半身不遂，肢体麻木；关节痹痛日久；血证之出血色紫，夹有血块，外伤科之跌扑损伤、瘀肿疼痛、痈肿疮疡等。凡一切瘀血阻滞之证，...,0.78,兽药合理应用与联用手册（401-600页）,SRC-0093,,p.446; line=1192; section=第七节 理气药,complete,swine,all_stages,China/handbook context
RAU3-COMBO-bfd58154,tcm_combination_contraindication,川 芎,has_combination_or_contraindication,① 与当归、桃仁、香附等同用，可治产后瘀滞腹痛等；与赤芍、桃仁等同用，如血府逐瘀汤，可治血瘀；与桂心、当归等药同用，如《妇人良方》温经汤，可用于寒凝血瘀者。 ② 与当归、桃仁等药同用，如生化汤，用于产后恶露不行、瘀滞腹痛；与柴胡、白芍、香附等同用，如柴胡疏肝饮，可治肝郁气滞、胁肋疼痛者；常配丹参、桂枝、檀香等，用于心脉瘀阻、胸痹心痛者。 ③ 与三七、乳香、没药等同用，活血消肿止痛，治跌扑损伤、瘀血肿痛。 ④ 与黄芪、当归、皂角刺等同用，如透脓散，托毒透脓，用于痈疡脓已成而正虚难溃者。 ⑤ 与独活、桂枝、防风等祛风湿通络药同用，辛温升散，能“上行头目”，祛风止痛，用于治疗风湿痹证肢体疼痛麻木。 ⑥ 川芎与链霉素合用能增强抗菌作用，促进...,0.78,兽药合理应用与联用手册（401-600页）,SRC-0093,,p.448; line=1232; section=第八节 活血化瘀药,complete,swine,all_stages,China/handbook context
RAU3-CAUTION-bfd58154,tcm_caution_contraindication,川 芎,has_use_caution,凡阴虚火旺、多汗患畜应慎用。,0.78,兽药合理应用与联用手册（401-600页）,SRC-0093,,p.448; line=1232; section=第八节 活血化瘀药,complete,swine,all_stages,China/handbook context
RAU3-COMBO-a8e93c73,tcm_combination_contraindication,延胡索,has_combination_or_contraindication,① 与瓜萎、薤白或丹参、川芎等合用，用于胸痹心痛；与白术、枳实、白芍等合用，用于胃痛。 ② 配桂枝或高良姜，用于偏寒者；配栀子、川楝子，用于偏热者；配香附、木香，用于偏气滞者；配丹参、五灵脂，用于偏血瘀者。 ③ 与柴胡、郁金等药同用，用于肝郁气滞、胁肋胀痛；与当归、红花、香附等同用，用于产后瘀滞腹痛。 ④ 与小茴香、吴茱萸等药同用，治寒疝腹痛；与乳香、没药同用，治跌打损伤；与秦艽、桂枝等同用，治风湿痹痛。 ⑤ 元胡止痛片与氨基糖苷类药物合用，可增强其对听神经的毒性，严重时造成耳鸣、耳聋。 ⑥ 延胡索不宜与氯丙嗪同用，二者有类似的安定和中枢性止呕作用，同用会产生震颤麻痹。 ⑦ 延胡索不宜与咖啡因等苯丙胺中枢兴奋药同用，延胡索乙素具有中...,0.78,兽药合理应用与联用手册（401-600页）,SRC-0093,,p.449; line=1258; section=第八节 活血化瘀药,complete,swine,all_stages,China/handbook context
RAU3-CAUTION-a8e93c73,tcm_caution_contraindication,延胡索,has_use_caution,孕畜慎用。,0.78,兽药合理应用与联用手册（401-600页）,SRC-0093,,p.449; line=1258; section=第八节 活血化瘀药,complete,swine,all_stages,China/handbook context
RAU3-COMBO-10b63fb1,tcm_combination_contraindication,郁金,has_combination_or_contraindication,① 与丹参、延胡索、杏仁等同用，以疏肝宣肺，用于胸胁损伤、胸闷疼痛、活血止痛；与鳖甲、莪术等同用，化瘀消症，用于胁下症积。 ② 与菖蒲、栀子等同用，如菖蒲郁金汤，用于湿温病湿浊蒙闭心窍者；与白矾同用，如白金丸，用于癫狂、癫痫痰火蒙心者。 ③ 与茵陈、栀子等同用，用于肝胆湿热黄疸；与金钱草同用，利胆排石，用于湿热煎熬成石之胆石证。 ④ 与生地黄、栀子等同用，如《医学心悟》生地黄汤，味苦辛而性寒，能顺气降火而凉血止血等，用于吐血、衄血等气火上逆 之出血证；与生地黄、小蓟等同用，用于热结下焦、伤及血络之尿血、血淋。 ⑤ 郁金含黄酮成分，不宜与碳酸钙、硫酸亚铁、氢氧化铝等含金属离子的西药制剂同用，会形成络合物，影响药物的吸收。 ⑥ 郁金含挥...,0.78,兽药合理应用与联用手册（401-600页）,SRC-0093,,p.450; line=1294; section=第八节 活血化瘀药,complete,swine,all_stages,China/handbook context
RAU3-CAUTION-10b63fb1,tcm_caution_contraindication,郁金,has_use_caution,不宜与丁香同用。,0.78,兽药合理应用与联用手册（401-600页）,SRC-0093,,p.450; line=1294; section=第八节 活血化瘀药,complete,swine,all_stages,China/handbook context
RAU3-COMBO-e68cabce,tcm_combination_contraindication,乳 香,has_combination_or_contraindication,① 与没药、血竭等配伍，如七厘散，治跌打损伤、瘀滞肿痛；与金银花、白芷、没药等配伍，如仙方活命饮，清热解毒、活血消肿，用于疮疡肿毒初起、红肿热痛。 ② 与没药、麝香、雄黄等药同用，加醒消丸，解毒消痈散结，用于痈疽、瘰疬、痰核、肿块坚硬不消；与没药研末外用，如海浮散，用于疮疡破溃、久不收口。 ③ 与当归、丹参、没药同用，如活络效灵丹，用于心腹瘀痛、症瘕积聚；与羌活、独活、秦艽等同用，如蠲痹汤，用于风寒湿痹、肢体疼痛麻木。 ④ 乳香含挥发油，具有还原作用，不宜与硝酸甘油、硝酸异山梨酯等具有氧化性的药物联用，会使后者的药效丧失。,0.78,兽药合理应用与联用手册（401-600页）,SRC-0093,,p.451; line=1320; section=第八节 活血化瘀药,complete,swine,all_stages,China/handbook context
RAU3-COMBO-5730c027,tcm_combination_contraindication,丹参,has_combination_or_contraindication,① 与当归、川芎、益母草等同用，可以加强疗效，用于产后瘀滞腹痛、活血化瘀。与檀香、砂仁等同用，如丹参饮，用于胸痹心痛、脘腹疼痛；与降香、川芎、红花等同用，用于治冠心病心绞痛。 ② 与三棱、莪术等同用，祛瘀消症，治症瘕积聚；与防风、秦艽等祛风湿药同用，治风湿痹痛。与金银花、连翘等治热解毒药同用，有清瘀热以消痈肿之功，用于疮疡痈肿。 ③ 与生地黄、黄连、竹叶等药同用，用于热病邪入心营；与生地黄、酸枣仁、柏子仁等同用，用于杂病血不养心、心火偏旺之心悸失眠。 ④ 味喃唑酮与丹参合用可产生毒副作用，严重时导致高血压和脑出血。 ⑤ 复方丹参注射液与抗癌药物如环磷酰胺、环己亚硝脲、氟尿嘧啶、阿糖胞苷、博来霉素、丝裂霉素等配伍应用后对抑制肿瘤细胞不...,0.78,兽药合理应用与联用手册（401-600页）,SRC-0093,,p.452; line=1344; section=第八节 活血化瘀药,complete,swine,all_stages,China/handbook context
RAU3-CAUTION-5730c027,tcm_caution_contraindication,丹参,has_use_caution,① 不宜与藜芦同用。 ② 活血化瘀宜酒炙用。,0.78,兽药合理应用与联用手册（401-600页）,SRC-0093,,p.452; line=1344; section=第八节 活血化瘀药,complete,swine,all_stages,China/handbook context
RAU3-COMBO-d755fda2,tcm_combination_contraindication,红花,has_combination_or_contraindication,① 与桃仁、当归、川芎等相须而用，活血祛瘀、通调经脉，用于血滞、产后瘀滞腹痛等证。 ② 与三棱、莪术等同用，用于症积；配紫苏木、乳香、没药等，治疗跌打损伤、瘀滞肿痛；与桂枝、瓜萎、丹参等同用，治疗心脉瘀阻、胸痹心痛。 ③ 与当归、紫草、大青叶等同用，如当归红花饮，活血凉血、泄热解毒，用于斑疹色暗、热郁血瘀者。 ④ 红花含芦丁，与碳酸钙、维丁胶性钙、硫酸镁、氢氧化铝和碳酸铋类药物合用，能形成络合物而相互影响疗效。,0.78,兽药合理应用与联用手册（401-600页）,SRC-0093,,p.453; line=1373; section=第八节 活血化瘀药,complete,swine,all_stages,China/handbook context
RAU3-CAUTION-d755fda2,tcm_caution_contraindication,红花,has_use_caution,① 孕畜忌服。 ② 有出血倾向者不宜多用。 ③ 外用适量。,0.78,兽药合理应用与联用手册（401-600页）,SRC-0093,,p.453; line=1373; section=第八节 活血化瘀药,complete,swine,all_stages,China/handbook context
RAU3-COMBO-96258505,tcm_combination_contraindication,益母草,has_combination_or_contraindication,① 与当归、川芎、赤芍等同用，如益母丸，以加强活血调经之功，用于血滞、产后瘀滞腹痛、恶露不尽等；与马齿苋同用，治产后出血有较好疗效。 ② 与白茅根、泽兰等同用，有活血化瘀作用，利尿消肿，对水瘀互阻的水肿尤为适宜，用于水肿、小便不利。 ③ 益母草不宜与肾上腺素同用，益母草具有降压作用，能降低甚至逆转肾上腺素的作用。 ④ 益母草不宜与异丙肾上腺素同用，益母草增加冠脉流量，减慢心率，可以拮抗 \beta 受体激动剂异丙肾上腺素的心脏兴奋作用。 ⑤ 益母草不宜与阿托品同用，会减弱益母草的降压作用。,0.78,兽药合理应用与联用手册（401-600页）,SRC-0093,,p.454; line=1398; section=第八节 活血化瘀药,complete,swine,all_stages,China/handbook context
RAU3-CAUTION-96258505,tcm_caution_contraindication,益母草,has_use_caution,① 血虚无瘀者慎用。 ② 孕畜忌服。,0.78,兽药合理应用与联用手册（401-600页）,SRC-0093,,p.454; line=1398; section=第八节 活血化瘀药,complete,swine,all_stages,China/handbook context
RAU3-COMBO-8c4a4c3c,tcm_combination_contraindication,赤芍,has_combination_or_contraindication,① 与生地黄、牡丹皮同用，有凉血、止血、散瘀消斑之功，用于温病热入营血、斑疹紫暗以及血热吐衄。 ② 与益母草、丹参、泽兰同用，用于血热瘀滞；与牡丹皮、桃仁、桂枝等同用，如桂枝茯苓丸，用于血瘀痞瘕。 ③ 与乳香、没药、血竭同用，疗伤止痛，用于治跌打损伤、瘀肿疼痛；与金银花、连翘、栀子等同用，用于热毒壅盛、痈肿 疮毒。 ④ 与菊花、木贼、夏枯草等同用，能清泻肝火、散瘀止痛，用于目赤翳障。 ⑤ 芍药汤配合呋喃唑酮或磺胺药治疗菌痢，既可清热解毒、调和气血、改善症状，又可迅速杀菌。 ⑥ 不宜与酶制剂同用，与具有酰胺或肽结构的酶如胰酶、胃蛋白酶等生成氢键络合物，改变酶的性质和作用。 ⑦ 不宜与金属离子制剂同用，与金属离子制剂如硫酸锌、碳酸亚铁、...,0.78,兽药合理应用与联用手册（401-600页）,SRC-0093,,p.455; line=1421; section=第八节 活血化瘀药,complete,swine,all_stages,China/handbook context
RAU3-CAUTION-8c4a4c3c,tcm_caution_contraindication,赤芍,has_use_caution,① 血寒患畜不宜用。 ② 不宜与藜芦同用。,0.78,兽药合理应用与联用手册（401-600页）,SRC-0093,,p.455; line=1421; section=第八节 活血化瘀药,complete,swine,all_stages,China/handbook context
RAU3-COMBO-e2427b31,tcm_combination_contraindication,牛膝,has_combination_or_contraindication,① 常配桃仁、红花、当归等同用，活血通经，用于瘀血阻滞、产后腹痛等，治经产诸疾；与续断、当归、乳香、没药等同用，治跌打损伤、腰膝瘀痛。 ② 常配杜仲、续断、熟地黄等补肝肾药同用，用于肝肾亏虚、腰痛膝软；与独活、桑寄生等祛风湿强筋骨药同用，用于痹痛日久、腰膝酸痛；与苍术、黄柏同用，如三妙丸，用于湿热成痿、足膝痿软。 ③ 与冬葵子、瞿麦、滑石等同用，如牛膝汤，可治热淋、血淋、砂淋等；与地黄、泽泻、车前子等同用，如济生肾气丸，治疗水肿、小便不利。 ④ 与白茅根、栀子、赭石等同用，可以引血下行、降火止血，用于吐血、衄血等火热上炎、阴虚火旺之证。 ⑤ 牛膝与保钾排钠药合用，会引起血钾升高。 ⑥ 牛膝含有机酸，与庆大霉素同服，会降低其抗菌作用，...,0.78,兽药合理应用与联用手册（401-600页）,SRC-0093,,p.456; line=1453; section=第八节 活血化瘀药,complete,swine,all_stages,China/handbook context
RAU3-CAUTION-e2427b31,tcm_caution_contraindication,牛膝,has_use_caution,① 肾虚滑精、脾虚溏泄患畜亦不宜用。 ② 孕畜忌用。 ③ 本品活血通经、利水通淋，引火下行宜生用，补肝肾强筋骨宜酒炙用。,0.78,兽药合理应用与联用手册（401-600页）,SRC-0093,,p.456; line=1453; section=第八节 活血化瘀药,complete,swine,all_stages,China/handbook context
RAU3-COMBO-b1e89a82,tcm_combination_contraindication,桃 仁,has_combination_or_contraindication,① 与红花、当归、川芎等同用，如桃红四物汤，治血瘀；与炮姜、川芎等同用，如生化汤，治产后瘀滞腹痛；配桂枝、牡丹皮、赤芍等，如桂枝茯苓丸，治症积痞块；与大黄、芒硝、桂枝同用，如桃核承气汤，用于体内瘀血较重、需破血下瘀者；与当归、红花、大黄等同用，如复元活血汤，治跌打损伤、瘀肿疼痛。 ② 与当归、麻仁等同用，如润肠丸，用于肠燥便秘。 ③ 配苇茎、冬瓜仁，如苇茎汤，治肺痈；与大黄、牡丹皮同用，如大黄牡丹皮汤；亦可配红藤、败酱草、冬瓜仁等同用，治肠痈。 ④ 桃仁含有氰苷类成分，与具有神经肌肉阻滞作用的氨基糖 苔类配伍联用，易引起呼吸中枢抑制，严重者可出现呼吸衰竭。 ⑤ 桃仁含有氢氰酸，与中枢抑制药如镇静催眠药、抗精神分裂药同用，加重中枢抑制...,0.78,兽药合理应用与联用手册（401-600页）,SRC-0093,,p.458; line=1493; section=第八节 活血化瘀药,complete,swine,all_stages,China/handbook context
RAU3-CAUTION-b1e89a82,tcm_caution_contraindication,桃 仁,has_use_caution,① 便溏者慎用。 ② 孕畜忌服。 ③ 有毒，不可过量，过量可出现目眩、心悸甚至呼吸衰竭而死亡。,0.78,兽药合理应用与联用手册（401-600页）,SRC-0093,,p.458; line=1493; section=第八节 活血化瘀药,complete,swine,all_stages,China/handbook context
RAU3-COMBO-b40f9d68,tcm_combination_contraindication,鸡血藤,has_combination_or_contraindication,① 与川芎、红花、香附等同用，活血化瘀，用于瘀滞者；与熟地黄、当归等同用，可以养血，用于血虚者。 ② 与祛风湿药同用，能养血活血而舒筋活络，用于风湿痹病、关节痛、肢体麻木；与益气养血活血通络药同用，可治中风后肢体瘫痪；与补益气血药同用，用于血虚萎黄。 ③ 女贞子、鸡血藤、生地黄、甘草等药物与链霉素联用时，能降低链霉素的耳毒性。,0.78,兽药合理应用与联用手册（401-600页）,SRC-0093,,p.459; line=1522; section=第八节 活血化瘀药,complete,swine,all_stages,China/handbook context
RAU3-CAUTION-b40f9d68,tcm_caution_contraindication,鸡血藤,has_use_caution,阴虚火亢者慎用。,0.78,兽药合理应用与联用手册（401-600页）,SRC-0093,,p.459; line=1522; section=第八节 活血化瘀药,complete,swine,all_stages,China/handbook context
RAU3-COMBO-822c8dbb,tcm_combination_contraindication,莪术,has_combination_or_contraindication,① 与三棱、当归、香附等同用，用于经闭腹痛、腹中有块；配川芎、丹参等，治胸痹心痛；与黄芪、党参等同用，可以消补兼施，用于体虚而瘀血久留不去者。 ② 与青皮、槟榔等同用，如莪术丸，不仅能消血瘀症积，同时又能破气消食积，用于食积脘腹胀痛。 ③ 莪术油葡萄糖注射液与头孢哌酮、头孢曲松、头孢拉啶配伍后，其含量下降，溶液颜色变为棕色。 ④ 莪术含挥发油，具有还原作用，不宜与硝酸甘油、硝酸异山梨酯等具有氧化性的药物联用，会使后者的药效丧失。,0.78,兽药合理应用与联用手册（401-600页）,SRC-0093,,p.460; line=1542; section=第八节 活血化瘀药,complete,swine,all_stages,China/handbook context
RAU3-CAUTION-822c8dbb,tcm_caution_contraindication,莪术,has_use_caution,① 孕畜忌用。 ② 醋制加强祛瘀止痛外用；外用适量。,0.78,兽药合理应用与联用手册（401-600页）,SRC-0093,,p.460; line=1542; section=第八节 活血化瘀药,complete,swine,all_stages,China/handbook context
RAU3-COMBO-154fa00b,tcm_combination_contraindication,水蛭,has_combination_or_contraindication,① 与三棱、桃仁、红花等同用，用于症瘕；与人参、当归等补益气血药同用，以防伤正，如化徵回生丹，用于体虚者。 ② 与紫苏木、自然铜等同用，如接骨火龙丹，治跌打损伤。,0.78,兽药合理应用与联用手册（401-600页）,SRC-0093,,p.461; line=1564; section=第八节 活血化瘀药,complete,swine,all_stages,China/handbook context
RAU3-CAUTION-154fa00b,tcm_caution_contraindication,水蛭,has_use_caution,① 孕畜忌服。 ② 本品以入丸散或研末服为宜,0.78,兽药合理应用与联用手册（401-600页）,SRC-0093,,p.461; line=1564; section=第八节 活血化瘀药,complete,swine,all_stages,China/handbook context
RAU3-COMBO-61dbef5d,tcm_combination_contraindication,没药,has_combination_or_contraindication,① 与乳香、当归、丹参等合同，有活血、止痛及生肌功效，用于气血凝滞、瘀阻疼痛。 ② 没药含挥发油，具有还原作用，不宜与硝酸甘油、硝酸异 山梨酯等具有氧化性的药物联用，会使后者的药效丧失。,0.78,兽药合理应用与联用手册（401-600页）,SRC-0093,,p.461; line=1586; section=第八节 活血化瘀药,complete,swine,all_stages,China/handbook context
RAU3-CAUTION-61dbef5d,tcm_caution_contraindication,没药,has_use_caution,① 孕畜慎用。 ② 血虚者不宜用。 ③ 产后恶露增多、腹中虚痛者不宜用。,0.78,兽药合理应用与联用手册（401-600页）,SRC-0093,,p.461; line=1586; section=第八节 活血化瘀药,complete,swine,all_stages,China/handbook context
RAU3-COMBO-ac71cb5e,tcm_combination_contraindication,五 灵 脂,has_combination_or_contraindication,① 与蒲黄同用，有活血散瘀和止痛的作用，故适用于各种血瘀疼痛及产后恶露不下等证。 ② 与当归、川芎、桃仁等同用，用于治疗跌打损伤、血瘀肿痛。 ③ 五灵脂含芦丁，与碳酸钙、维丁胶性钙、硫酸镁、氢氧化铝和碳酸铋类药物合用，能形成络合物而相互影响疗效。,0.78,兽药合理应用与联用手册（401-600页）,SRC-0093,,p.462; line=1609; section=第八节 活血化瘀药,complete,swine,all_stages,China/handbook context
RAU3-CAUTION-ac71cb5e,tcm_caution_contraindication,五 灵 脂,has_use_caution,① 孕畜慎用。 ② 不宜与人参同用。,0.78,兽药合理应用与联用手册（401-600页）,SRC-0093,,p.462; line=1609; section=第八节 活血化瘀药,complete,swine,all_stages,China/handbook context
RAU3-COMBO-93f318d0,tcm_combination_contraindication,三棱（荆三棱）,has_combination_or_contraindication,① 与莪术、当归、桃仁、红花、郁金等合用，破血祛瘀作用较强，又能行气止痛，适用于产后瘀滞腹痛、瘀血结块等症。 ② 与木香、枳实、山楂等配伍，用于治食积气滞、肚腹胀满疼痛等症。 ③ 三棱含挥发油，具有还原作用，不宜与硝酸甘油、硝酸异山梨酯等具有氧化性的药物联用，会使后者的药效丧失。,0.78,兽药合理应用与联用手册（401-600页）,SRC-0093,,p.463; line=1630; section=第八节 活血化瘀药,complete,swine,all_stages,China/handbook context
RAU3-CAUTION-93f318d0,tcm_caution_contraindication,三棱（荆三棱）,has_use_caution,孕畜忌用。,0.78,兽药合理应用与联用手册（401-600页）,SRC-0093,,p.463; line=1630; section=第八节 活血化瘀药,complete,swine,all_stages,China/handbook context
RAU3-COMBO-d4da4038,tcm_combination_contraindication,自然铜,has_combination_or_contraindication,① 与当归、乳香、没药等配伍，入血行血，有散瘀止痛的功效，为伤科接骨要药，用于创伤及跌打损伤、瘀滞疼痛等症。 ② 自然铜内含金属离子，与诺氟沙星同服，会形成钙络合物，使药物的溶解度下降，肠道难以吸收，降低疗效。 ③ 自然铜不宜与四环素族、左旋多巴类、红霉素、利福平、 泼尼松、灰黄霉素、异烟肼、氯丙嗪等药同用，中药中所含的金属离子会与这些西药形成络合物，不易被肠道吸收，降低疗效。 ④ 自然铜不宜与抗酸药、西咪替丁、丙谷胺、抗胆碱药同用，这些药会降低胃内酸度，影响自然铜的吸收。 ⑤ 自然铜不宜与含同种金属离子的西药制剂同用，防止离子过量产生毒性。,0.78,兽药合理应用与联用手册（401-600页）,SRC-0093,,p.464; line=1650; section=第八节 活血化瘀药,complete,swine,all_stages,China/handbook context
RAU3-CAUTION-d4da4038,tcm_caution_contraindication,自然铜,has_use_caution,无瘀者忌用。,0.78,兽药合理应用与联用手册（401-600页）,SRC-0093,,p.464; line=1650; section=第八节 活血化瘀药,complete,swine,all_stages,China/handbook context
RAU3-COMBO-fe3f192d,tcm_combination_contraindication,土鳖虫,has_combination_or_contraindication,① 与大黄、水蛭、桃仁等同用，破血逐瘀的作用较强，用于瘀血阻滞。 ② 与自然铜、乳香、没药等配伍，用于治跌打损伤、骨折。,0.78,兽药合理应用与联用手册（401-600页）,SRC-0093,,p.465; line=1675; section=第八节 活血化瘀药,complete,swine,all_stages,China/handbook context
RAU3-CAUTION-fe3f192d,tcm_caution_contraindication,土鳖虫,has_use_caution,孕畜忌用。 # 第九节 止血药 凡能调理和治疗血分出血病证的药物，称为止血药。 本类药物多属平、微寒，少数性温，味多以甘、苦、涩为主；归经以归心、肝、脾经为主；以收敛趋势为主；具有制止内外出血的作用，因其药性有寒、温、散、敛之异，所以其具体作用又有凉血止血、化瘀止血、收敛止血、温经止血的区别。根据止血药的药 性和功效不同，本章药物也相应地分为凉血止血药、温经止血药、化瘀止血药和收敛止血药四节。止血药主要适用于各种内外出血病证，如咯血、衄血、吐血、便血、尿血以及外伤出血等。 应用止血药物，必须根据畜禽出血的不同原因和...,0.78,兽药合理应用与联用手册（401-600页）,SRC-0093,,p.465; line=1675; section=第八节 活血化瘀药,complete,swine,all_stages,China/handbook context
RAU3-COMBO-6b0f8a1c,tcm_combination_contraindication,大蓟,has_combination_or_contraindication,① 常与小蓟相须为用，治疗血热妄行之诸出血证；常与生地黄、蒲黄、侧柏、牡丹皮同用，用于治衄血、尿血、便血、子宫出血等。 ② 与地黄、蒲黄、侧柏叶、牡丹皮同用，能凉血止血，用于血热妄行所致的衄血、便血、尿血、子宫出血等。 ③ 鲜品捣敷或水煎服，可以消散痈肿，用于痈疮肿毒。,0.78,兽药合理应用与联用手册（401-600页）,SRC-0093,,p.466; line=1712; section=第九节 止血药,complete,swine,all_stages,China/handbook context
RAU3-CAUTION-6b0f8a1c,tcm_caution_contraindication,大蓟,has_use_caution,大蓟散瘀消痈力强，止血作用广泛，故对吐血、咯血及崩漏下血尤为适宜；小蓟兼能利尿通淋，故以治血尿、血淋为佳。,0.78,兽药合理应用与联用手册（401-600页）,SRC-0093,,p.466; line=1712; section=第九节 止血药,complete,swine,all_stages,China/handbook context
RAU3-COMBO-54da0291,tcm_combination_contraindication,小蓟,has_combination_or_contraindication,① 与蒲黄、木通、滑石等同用，用于血热妄行所致的鼻衄、尿血、子宫出血等证。 ② 单味外敷或内服，用于痈肿疮毒。 ③ 小蓟含芦丁，与碳酸钙、维丁胶性钙、硫酸镁、氢氧化铝和碳酸铋类药物合用，能形成络合物而相互影响疗效。 ④ 小蓟含有机酸，与庆大霉素同服，会降低其抗菌作用，因为庆大霉素在酸性尿液中抗菌作用最弱。 ⑤ 小蓟含有机酸，不宜与呋喃妥因、利福平、阿司匹林、吲哚美辛等长期合用，增加西药在肾脏的重吸收，加重对肾脏的毒性。,0.78,兽药合理应用与联用手册（401-600页）,SRC-0093,,p.467; line=1734; section=第九节 止血药,complete,swine,all_stages,China/handbook context
RAU3-CAUTION-54da0291,tcm_caution_contraindication,小蓟,has_use_caution,大蓟散瘀消痈力强，止血作用广泛，故对吐血、咯血及崩漏下血尤为适宜；小蓟兼能利尿通淋，故以治血尿、血淋为佳。,0.78,兽药合理应用与联用手册（401-600页）,SRC-0093,,p.467; line=1734; section=第九节 止血药,complete,swine,all_stages,China/handbook context
RAU3-COMBO-737a709c,tcm_combination_contraindication,地榆,has_combination_or_contraindication,① 与槐花、侧柏叶等同用，用于治疗便血；与黄连、木香、 兽/药/合理/应/用/与/联/用/手/册 诃子等同用，治疗血痢不愈。 ② 与大黄、黄柏等共研细末，植物油调敷，具有凉血、解毒、收敛作用，治疗烫火伤。 ③ 地榆含有水合性鞣质，与肝毒性抗生素如氟苯尼考、红霉素、利福平、异烟肼等合用加重肝脏损害，严重者可发生药源性肝炎。 ④ 口服 \beta -内酰胺类药物不宜与含鞣质较多的地榆同时服用，可在体内生成鞣酸盐沉淀物而不易被吸收，从而会降低各自的生物利用和药效。,0.78,兽药合理应用与联用手册（401-600页）,SRC-0093,,p.468; line=1758; section=第九节 止血药,complete,swine,all_stages,China/handbook context
RAU3-CAUTION-737a709c,tcm_caution_contraindication,地榆,has_use_caution,① 虚寒者忌服。 ② 本品伤胃，误服多致口噤不食。 ③ 外用适量。,0.78,兽药合理应用与联用手册（401-600页）,SRC-0093,,p.468; line=1758; section=第九节 止血药,complete,swine,all_stages,China/handbook context
RAU3-COMBO-0f4c0fb7,tcm_combination_contraindication,槐花,has_combination_or_contraindication,① 与侧柏叶、荆芥炭、枳壳等同用，具有凉血止血的作用，对衄血、便血、尿血、子宫出血等属于热证者，皆可应用，但多用于 便血；与黄连同用，用于治疗大肠热盛、伤及脉络而引起的便血。 ② 与夏枯草、菊花、黄芩、草决明等同用，清肝明目，用于治疗肝火上炎、目赤肿痛。 ③ 槐花含槲皮素及芦丁，与碳酸钙、维丁胶性钙、硫酸镁、氢氧化铝和碳酸铋类药物合用，能形成络合物而相互影响疗效。,0.78,兽药合理应用与联用手册（401-600页）,SRC-0093,,p.469; line=1786; section=第九节 止血药,complete,swine,all_stages,China/handbook context
RAU3-CAUTION-0f4c0fb7,tcm_caution_contraindication,槐花,has_use_caution,孕畜忌用。 # 附 槐角 为槐的成熟果实，原名槐实。性味、功效、主治与槐花相似，但止血作用较槐花为弱，而清降泄热之力较强，兼能润肠，主要用于痔血、便血，尤多用于痔疮肿痛出血之证，常与地榆、黄芩、当归等同用，如槐角丸（《太平惠民和剂局方》）。煎服， 6\sim 12\mathrm{g} ，或入丸、散。孕妇慎用。,0.78,兽药合理应用与联用手册（401-600页）,SRC-0093,,p.469; line=1786; section=第九节 止血药,complete,swine,all_stages,China/handbook context
RAU3-COMBO-c469b94c,tcm_combination_contraindication,侧柏叶,has_combination_or_contraindication,① 与生地黄、生荷叶、生艾草等同用，用于便血、尿血、子宫出血等属血热妄行者；与炮姜、艾叶等同用，用于治疗虚寒出血者。 ② 与大枣等同用，可清肺止咳，用于肺热咳嗽。 ③ 不宜与以下西药配伍应用：a. 维生素 \mathrm{B}_{1} 、抗生素（四环素族、红霉素、灰黄霉素、制霉菌素、林可霉素、利福平等）、苷类（洋地黄、地高辛、可待因等）、生物碱（麻黄碱、阿托品、黄连素、奎宁、利血平）、亚铁盐制剂、碳酸氢钠制剂；b. 异烟肼；c. 酶制剂（多酶胃酸酶胰酶）；d. 维生素 \mathrm{B}_{6} 。原因如下：a. 产生沉淀、影响吸收；b. 分解失效；c. 改变性质、降效或失效；d. 形成络合物，降效或失效。,0.78,兽药合理应用与联用手册（401-600页）,SRC-0093,,p.470; line=1813; section=第九节 止血药,complete,swine,all_stages,China/handbook context
RAU3-COMBO-205006e3,tcm_combination_contraindication,羊蹄,has_combination_or_contraindication,① 本品可用单味内服，也可配伍其他止血药物同用，用于血热所致的咯血、吐血、衄血及紫癜等出血之证。 ② 常与枯矾同用，共研末，醋调敷，能清热解毒疗疮，又能杀虫止痒，为治癣、疥之良药。 # 二、温经止血药 本类药物性属温热，能温内脏、益脾阳、固冲脉而统摄血液，具有温经止血之效。适用于脾不统血、冲脉失固之虚寒性出血 病证。 应用时，若属脾不统血者，应配益气健脾药；属肾虚冲脉失固者，宜配益肾暖宫补摄之品。然其性温热，热盛火旺之出血证忌用。,0.78,兽药合理应用与联用手册（401-600页）,SRC-0093,,p.471; line=1834; section=第九节 止血药,complete,swine,all_stages,China/handbook context
RAU3-COMBO-0d3e3829,tcm_combination_contraindication,艾叶,has_combination_or_contraindication,① 本品能暖气血而温经脉，为温经止血之要药，适用于虚寒性出血病证，尤宜于崩漏。 ② 本品配伍生地黄、生荷叶、生柏叶等清热凉血药，可治疗血热妄行所致的吐血、衄血、咯血等多种出血证。 ③ 本品常与香附、川芎、白芍、当归等同用，为治母畜下焦虚寒或寒客胞宫之要药。,0.78,兽药合理应用与联用手册（401-600页）,SRC-0093,,p.471; line=1857; section=第九节 止血药,complete,swine,all_stages,China/handbook context
RAU3-CAUTION-0d3e3829,tcm_caution_contraindication,艾叶,has_use_caution,温经止血宜炒炭用，余生用。,0.78,兽药合理应用与联用手册（401-600页）,SRC-0093,,p.471; line=1857; section=第九节 止血药,complete,swine,all_stages,China/handbook context
RAU3-COMBO-48cf73dc,tcm_combination_contraindication,灶心土,has_combination_or_contraindication,① 本品性温，能温暖中焦、收摄脾气而止血，为温经止血之要药，可与干姜、阿胶、黄芩等同用，用于便血属下焦寒损者，如伏龙肝汤（《外台秘要》）；与附子、白术、地黄等同用，用于治疗脾气虚寒之大便下血、吐血、衄血、崩漏等，如黄土汤（《金匮要略》）。 ② 本品长于温中和胃而降逆止呕，与干姜、半夏、白术等同用主治脾胃虚寒、胃气不降所致的呕吐，也可用治反胃、妊娠呕吐。 ③ 本品既能温脾暖胃，又能涩肠止泻，与附子、干姜、白术等配伍，主治脾虚久泻；与山楂、黑糖为丸，可治疗胎前下痢、产后不止者，如伏龙肝汤丸（《张氏医通》）。 # 三、化瘀止血药 本类药物既能止血，又能化瘀，具有止血而不留瘀的特点，适用于瘀血内阻、血不循经之出血病证。部分药物尚能消肿、止痛...,0.78,兽药合理应用与联用手册（401-600页）,SRC-0093,,p.472; line=1877; section=第九节 止血药,complete,swine,all_stages,China/handbook context
RAU3-COMBO-ec7b156b,tcm_combination_contraindication,三七,has_combination_or_contraindication,① 单用内服或外用，或与花蕊石、血余炭等同用，用于便血、衄血、吐血、外伤出血等。 ② 与乳香、没药、血竭、土鳖虫等同用，用于跌打损伤。 ③ 三七片含生物碱，与氨基糖苷类药物合用，可增强其对听神经的毒性，严重时造成耳鸣、耳聋。 ④ 三七及其制剂与肝素等抗凝血药合用时，具有止血作用，会降低抗凝血药的疗效。 ⑤ 三七含生物碱，不宜与碘离子制剂同用，易产生沉淀。 ⑥ 三七不宜与碳酸氢钠等碱性较强的西药同用，影响溶解度，妨碍吸收。 ⑦ 三七不宜与重金属药如碳酸钙、维丁胶、硫酸镁、硫酸亚铁、氢氧化铝、碳酸铋等同用，以免形成络合物，影响药物吸收。,0.78,兽药合理应用与联用手册（401-600页）,SRC-0093,,p.473; line=1901; section=第九节 止血药,complete,swine,all_stages,China/handbook context
RAU3-CAUTION-ec7b156b,tcm_caution_contraindication,三七,has_use_caution,① 孕畜慎用。 ② 血虚或血热出血者禁用。,0.78,兽药合理应用与联用手册（401-600页）,SRC-0093,,p.473; line=1901; section=第九节 止血药,complete,swine,all_stages,China/handbook context
RAU3-COMBO-80b02175,tcm_combination_contraindication,茜草,has_combination_or_contraindication,① 与地榆、仙鹤草、侧柏叶、牡丹皮、大黄等同用，用于血热妄行所致衄血、便血、尿血、子宫出血等证。 ② 与川芎、赤芍、牡丹皮等同用，用于治疗跌打损伤、疮疡等。 ③ 茜草含蒽醌类化合物，不宜与碱性药物同用，因蒽醌苷在碱性溶液中易氧化失效。,0.78,兽药合理应用与联用手册（401-600页）,SRC-0093,,p.474; line=1928; section=第九节 止血药,complete,swine,all_stages,China/handbook context
RAU3-CAUTION-80b02175,tcm_caution_contraindication,茜草,has_use_caution,① 孕畜忌用，虚寒证病畜慎用。 ② 脾胃虚寒及无瘀滞者慎服。,0.78,兽药合理应用与联用手册（401-600页）,SRC-0093,,p.474; line=1928; section=第九节 止血药,complete,swine,all_stages,China/handbook context
RAU3-COMBO-9097a929,tcm_combination_contraindication,蒲黄,has_combination_or_contraindication,① 与益母草、艾叶、阿胶等同用，用于治疗子宫出血。 ② 与白茅根、大蓟、小蓟同用，用于尿血；与白及、血余炭同用，用于咯血。 ③ 与桃仁、红花、赤芍等同用，治疗跌打瘀滞；与五灵脂同用，用于治疗产后瘀滞腹痛。 ④ 蒲黄含槲皮素，与碳酸钙、维丁胶性钙、硫酸镁、氢氧化 铝和碳酸铋类药物合用，能形成络合物而相互影响疗效。 ⑤ 蒲黄不宜与阿托品、六甲溴胺同用，阻滞M受体或神经节，拮抗或逆转蒲黄的降压作用。 ⑥ 蒲黄不宜与碱性药同服，在碱性条件下蒲黄的促纤溶作用消失，抗凝作用减弱。 ⑦ 蒲黄含挥发油，具有还原作用，不宜与硝酸甘油、硝酸异山梨酯等具有氧化性的药物联用，会使后者的药效丧失。,0.78,兽药合理应用与联用手册（401-600页）,SRC-0093,,p.475; line=1951; section=第九节 止血药,complete,swine,all_stages,China/handbook context
RAU3-CAUTION-9097a929,tcm_caution_contraindication,蒲黄,has_use_caution,① 孕畜慎用。 ② 阴虚内热、无瘀血者禁用。 (3) 止血多炒用，化瘀、利尿多生用。,0.78,兽药合理应用与联用手册（401-600页）,SRC-0093,,p.475; line=1951; section=第九节 止血药,complete,swine,all_stages,China/handbook context
RAU3-COMBO-0c78efbf,tcm_combination_contraindication,花蕊石,has_combination_or_contraindication,本品既能收敛止血，又能化瘀行血，适用于吐血、咯血、外伤出血等兼有瘀滞的各种出血之证。,0.78,兽药合理应用与联用手册（401-600页）,SRC-0093,,p.476; line=1980; section=第九节 止血药,complete,swine,all_stages,China/handbook context
RAU3-CAUTION-0c78efbf,tcm_caution_contraindication,花蕊石,has_use_caution,孕畜忌用。 # 四、收敛止血药 本类药物大多味涩，或为炭类，或质黏，故能收敛止血。广泛用于各种出血病证。然其收涩，有留瘀恋邪之弊，临证每多配化瘀止血药或活血祛瘀药同用。对于出血有瘀或出血初期邪实者，当慎用之。,0.78,兽药合理应用与联用手册（401-600页）,SRC-0093,,p.476; line=1980; section=第九节 止血药,complete,swine,all_stages,China/handbook context
RAU3-COMBO-3fb4214f,tcm_combination_contraindication,白及,has_combination_or_contraindication,① 本品为收敛止血之要药，与阿胶、藕节、生地黄等同用，主要用于肺、胃出血，也可用治体内、外诸出血证，还可用治外伤出血。 ② 与紫珠草、仙鹤草、三七等配伍，广泛应用于机体内、外各部位出血的止血。 ③ 配金银花、天花粉、乳香等同用，消肿生肌，用于疮痈初起未溃者；研粉外用，有敛疮生肌之效，用于治疮疡已溃、久不收口者。 ④ 氢氧化钠与黄芩、白及合用可以发生相加作用，提高疗效。 ⑤ 白及、姜半夏、茯苓等中药与碳酸锂联用，可减轻胃肠反应。,0.78,兽药合理应用与联用手册（401-600页）,SRC-0093,,p.477; line=2002; section=第九节 止血药,complete,swine,all_stages,China/handbook context
RAU3-CAUTION-3fb4214f,tcm_caution_contraindication,白及,has_use_caution,① 外感咯血、肺痈初起及肺胃有实热者忌服。 ② 不宜于乌头类药材同用。,0.78,兽药合理应用与联用手册（401-600页）,SRC-0093,,p.477; line=2002; section=第九节 止血药,complete,swine,all_stages,China/handbook context
RAU3-COMBO-19e7bc75,tcm_combination_contraindication,仙鹤草,has_combination_or_contraindication,① 与茜草、侧柏叶、大蓟、紫珠草、白及、三七等配伍，广泛应用于机体内、外各部位出血的止血。 ② 配生地黄、侧柏叶、牡丹皮等，治血热妄行之出血证；与党参、熟地黄、炮姜、艾叶等益气补血、温经止血药同用，用于虚寒性出血证。 ③ 与黄连等配伍，治疗腹泻、痢疾。 ④ 不宜与以下西药配伍应用：a. 维生素 \mathrm{B}_{1} 、抗生素（四环素族、红霉素、灰黄霉素、制霉菌素、林可霉素、利福平等）、苷类（洋地黄、地高辛、可待因等）、生物碱（麻黄碱、阿托品、黄连素、奎宁、利血平）、亚铁盐制剂、碳酸氢钠制剂；b. 异烟肼；c. 酶制剂（多酶胃酸酶胰酶）；d. 维生素 \mathrm{B}_{6} 。原因如下：a. 产生沉淀、影响吸收；b. 分...,0.78,兽药合理应用与联用手册（401-600页）,SRC-0093,,p.478; line=2025; section=第九节 止血药,complete,swine,all_stages,China/handbook context
RAU3-COMBO-a915bddc,tcm_combination_contraindication,棕榈炭,has_combination_or_contraindication,① 与侧柏叶、血余炭、蒲黄等同用，用于各类出血；与小蓟、栀子等同用，如十灰散，治疗血热妄行之吐血、咯血；配炮姜、乌梅同用，如如圣散，治疗虚寒性出血、冲任不固之崩漏下血；与艾叶、熟鸡子、附子同用，如棕艾散，治疗便血。 ② 本品为炭类中药，与酶制剂和生物碱类制剂合用易降低疗效。,0.78,兽药合理应用与联用手册（401-600页）,SRC-0093,,p.478; line=2044; section=第九节 止血药,complete,swine,all_stages,China/handbook context
RAU3-CAUTION-a915bddc,tcm_caution_contraindication,棕榈炭,has_use_caution,出血兼有瘀滞、湿热下痢初起者慎用。,0.78,兽药合理应用与联用手册（401-600页）,SRC-0093,,p.478; line=2044; section=第九节 止血药,complete,swine,all_stages,China/handbook context
RAU3-COMBO-c835dbb0,tcm_combination_contraindication,血余炭,has_combination_or_contraindication,① 常与花蕊石、三七同用，如化血丹，治咯血、吐血；配蒲黄、生地黄、赤茯苓、甘草，水煎服，治血淋；与地榆、槐花等同用，如三灰散，治便血。 ② 常与滑石、白鱼同用，如滑石白鱼散，能化瘀通窍、通利水道，治疗小便不利。 ③ 本品为炭类中药，与酶制剂和生物碱类制剂合用易降低疗效。,0.78,兽药合理应用与联用手册（401-600页）,SRC-0093,,p.479; line=2065; section=第九节 止血药,complete,swine,all_stages,China/handbook context
RAU3-COMBO-ff64fe77,tcm_combination_contraindication,血竭,has_combination_or_contraindication,① 与乳香、没药、红花等同用，用于跌打损伤、产后瘀阻疼痛等。 ② 单用或与蒲黄等同用，用于外伤出血；与血余炭研末吹鼻，治疗鼻衄。 ③ 与乳香、没药、儿茶等同用，如生肌散，用于治疗疮口不敛。 ④ 血竭含黄酮，与氢氧化铝、三硅酸镁、碳酸钙等含金属离子的西药制剂同用，铝、镁、钙与黄酮生成难吸收的络合物，降低药效。,0.78,兽药合理应用与联用手册（401-600页）,SRC-0093,,p.480; line=2081; section=第九节 止血药,complete,swine,all_stages,China/handbook context
RAU3-CAUTION-ff64fe77,tcm_caution_contraindication,血竭,has_use_caution,① 孕畜慎用。 ② 凡血病无瘀者不宜用。,0.78,兽药合理应用与联用手册（401-600页）,SRC-0093,,p.480; line=2081; section=第九节 止血药,complete,swine,all_stages,China/handbook context
RAU3-COMBO-3ec828da,tcm_combination_contraindication,藕节,has_combination_or_contraindication,"本品既能收敛止血，又兼能化瘀，有止血而不留瘀的特点，可 用于各种出血之证，对吐血、咯血等上部出血病证尤为多用。 止血药物功效比较见表6-1。 表 6-1 止血药物功效比较 类别药物相同点不同点止血药白及仙鹤草棕榈炭血余炭海螵蛸收敛止血白及善于生肌收口,多用于肺胃出血;仙鹤草对各种出血疗效均好;棕榈炭、血余炭多用于衄血及子宫出血;海螵蛸还能涩精、制酸三七蒲黄祛瘀止血三七用治多种出血症,又是治跌打损伤、瘀血内阻的要药;蒲黄虽能治各种出血症,但功效不及三七大蓟小蓟侧柏叶地榆槐花茜草藕节血竭凉血止血大蓟、小蓟作用基本相同,但大蓟凉血之力较大,并能消痈肿,小蓟止血力较缓,善治尿血、血淋;侧柏叶还能祛痰止咳;地榆、槐花均善清大肠湿热,用治便血、...",0.78,兽药合理应用与联用手册（401-600页）,SRC-0093,,p.481; line=2107; section=第九节 止血药,complete,swine,all_stages,China/handbook context
RAU3-COMBO-3aadceb7,tcm_combination_contraindication,羌活,has_combination_or_contraindication,① 本品常配防风、白芷、川芎等，以奏发表之效，用治风寒感冒、颈项强硬、四肢拘挛等。 ② 配独活、防风、藁本、川芎、蔓荆子、甘草等，祛风寒，散风通痹，为祛上部风湿主药，多用于项背、前肢风湿痹痛，治风湿在表、腰脊僵拘。,0.78,兽药合理应用与联用手册（401-600页）,SRC-0093,,p.482; line=2141; section=第十节 祛风渗湿药,complete,swine,all_stages,China/handbook context
RAU3-CAUTION-3aadceb7,tcm_caution_contraindication,羌活,has_use_caution,阴虚火旺、产后血虚者慎用。,0.78,兽药合理应用与联用手册（401-600页）,SRC-0093,,p.482; line=2141; section=第十节 祛风渗湿药,complete,swine,all_stages,China/handbook context
RAU3-COMBO-8db26c85,tcm_combination_contraindication,独 活,has_combination_or_contraindication,① 常与桑寄生、防风、细辛等同用，为治风寒湿痹，尤其是腰胯、后肢痹痛的常用药物，如独活寄生汤。 ② 常与羌活共同配伍于解表药中，用治外感风寒挟湿，四肢关节疼痛等。,0.78,兽药合理应用与联用手册（401-600页）,SRC-0093,,p.483; line=2160; section=第十节 祛风渗湿药,complete,swine,all_stages,China/handbook context
RAU3-CAUTION-8db26c85,tcm_caution_contraindication,独 活,has_use_caution,血虚者忌用。,0.78,兽药合理应用与联用手册（401-600页）,SRC-0093,,p.483; line=2160; section=第十节 祛风渗湿药,complete,swine,all_stages,China/handbook context
RAU3-COMBO-c1c963f9,tcm_combination_contraindication,威灵仙,has_combination_or_contraindication,常与羌活、独活、秦艽、乳香、没药等配伍，因其善通经络，既导又利，多用于风湿所致的四肢拘挛、屈伸不利、肢体疼痛、跌打损伤等。,0.78,兽药合理应用与联用手册（401-600页）,SRC-0093,,p.484; line=2180; section=第十节 祛风渗湿药,complete,swine,all_stages,China/handbook context
RAU3-COMBO-0d6908a1,tcm_combination_contraindication,木瓜,has_combination_or_contraindication,本品常与独活、威灵仙等同用，用于风湿痹痛、腰胯无力、后躯风湿、湿困脾胃、呕吐腹泻等，用于治后肢风湿，并为后肢痹痛的引经药。,0.78,兽药合理应用与联用手册（401-600页）,SRC-0093,,p.484; line=2194; section=第十节 祛风渗湿药,complete,swine,all_stages,China/handbook context
RAU3-COMBO-b8bfe62a,tcm_combination_contraindication,桑寄生,has_combination_or_contraindication,① 本品常与杜仲、牛膝、独活、当归等同用，如独活寄生汤，适用于血虚、筋脉失养、腰脊无力、四肢痿软、筋骨痹痛、背项强直。 ② 与阿胶、艾叶等配合，用于治肝肾虚损、胎动不安。,0.78,兽药合理应用与联用手册（401-600页）,SRC-0093,,p.485; line=2208; section=第十节 祛风渗湿药,complete,swine,all_stages,China/handbook context
RAU3-COMBO-e242c391,tcm_combination_contraindication,秦 芍,has_combination_or_contraindication,① 配瞿麦、当归、蒲黄、栀子等，如秦艽散，多用于风湿性肢节疼痛、湿热黄疸、尿血等。 ② 本品常配知母、地骨皮等，退虚热，并有降泄之功，解热 兽/药/合理/应/用/与/联/用/手/册 除蒸，用于治虚劳发热。,0.78,兽药合理应用与联用手册（401-600页）,SRC-0093,,p.485; line=2224; section=第十节 祛风渗湿药,complete,swine,all_stages,China/handbook context
RAU3-CAUTION-e242c391,tcm_caution_contraindication,秦 芍,has_use_caution,脾虚便溏者忌用。,0.78,兽药合理应用与联用手册（401-600页）,SRC-0093,,p.485; line=2224; section=第十节 祛风渗湿药,complete,swine,all_stages,China/handbook context
RAU3-COMBO-d7042eef,tcm_combination_contraindication,五加皮,has_combination_or_contraindication,① 配伍木瓜、牛膝，以增强其强筋壮骨作用，适用于风湿痹痛、筋骨不健等，可治肝肾不足、筋骨痿软。 ② 配伍茯苓皮、大腹皮等，如五皮饮，用治水肿、尿不利等。,0.78,兽药合理应用与联用手册（401-600页）,SRC-0093,,p.486; line=2248; section=第十节 祛风渗湿药,complete,swine,all_stages,China/handbook context
RAU3-COMBO-585eaffa,tcm_combination_contraindication,乌梢蛇,has_combination_or_contraindication,(1) 多与羌活、防风等配伍，用于治风湿麻痹、风寒湿痹等。 ② 常与蜈蚣、全蝎等配伍，用于治惊痫、抽搐；与天麻、蔓荆子、羌活、独活、细辛等配伍，如千金散，用于治破伤风。,0.78,兽药合理应用与联用手册（401-600页）,SRC-0093,,p.487; line=2263; section=第十节 祛风渗湿药,complete,swine,all_stages,China/handbook context
RAU3-CAUTION-585eaffa,tcm_caution_contraindication,乌梢蛇,has_use_caution,血虚生风者不宜单用。,0.78,兽药合理应用与联用手册（401-600页）,SRC-0093,,p.487; line=2263; section=第十节 祛风渗湿药,complete,swine,all_stages,China/handbook context
RAU3-COMBO-a383ff30,tcm_combination_contraindication,防己,has_combination_or_contraindication,① 与杏仁、滑石、连翘、栀子、半夏等同用，治水湿停留所致的水肿、胀满等；与黄芪、茯苓、桂心、胡芦巴等配伍，如防己散，用于治肾虚腿肿。 ② 本品常与乌头、肉桂等同用，辛散风湿壅滞经络，能通脉道、祛风湿以止痛，用于治风湿疼痛、关节肿痛等。,0.78,兽药合理应用与联用手册（401-600页）,SRC-0093,,p.488; line=2286; section=第十节 祛风渗湿药,complete,swine,all_stages,China/handbook context
RAU3-CAUTION-a383ff30,tcm_caution_contraindication,防己,has_use_caution,阴虚无湿滞者忌用。,0.78,兽药合理应用与联用手册（401-600页）,SRC-0093,,p.488; line=2286; section=第十节 祛风渗湿药,complete,swine,all_stages,China/handbook context
RAU3-COMBO-5b6a3115,tcm_combination_contraindication,马钱子,has_combination_or_contraindication,① 本品常与羌活、川乌、乳香、没药等配伍，可用于风毒窜入经络所致的拘挛疼痛。 ② 与自然铜、土鳖虫、骨碎补、乳香、没药同用，用于跌打骨折等瘀滞肿痛。 ③ 配雄黄、乳香、穿山甲等药，用于治疗痈肿疮毒。,0.78,兽药合理应用与联用手册（401-600页）,SRC-0093,,p.488; line=2305; section=第十节 祛风渗湿药,complete,swine,all_stages,China/handbook context
RAU3-CAUTION-5b6a3115,tcm_caution_contraindication,马钱子,has_use_caution,脾胃虚弱者忌用。,0.78,兽药合理应用与联用手册（401-600页）,SRC-0093,,p.488; line=2305; section=第十节 祛风渗湿药,complete,swine,all_stages,China/handbook context
RAU3-COMBO-19046bac,tcm_combination_contraindication,稀 苍 草,has_combination_or_contraindication,本品单用即有效，若配海桐皮等，疗效更好，用于风湿痹痛、骨节疼痛；与含羞草、松叶等同用，镇静安神。,0.78,兽药合理应用与联用手册（401-600页）,SRC-0093,,p.489; line=2329; section=第十节 祛风渗湿药,complete,swine,all_stages,China/handbook context
RAU3-CAUTION-19046bac,tcm_caution_contraindication,稀 苍 草,has_use_caution,血虚痹痛忌用。 # 二、利湿药 凡能利尿、渗除水湿的药物，称为利湿药。这类药多味淡、性平，以利湿为主，作用比较缓和，有利尿通淋、消水肿、除水饮、止水泻的功效，还能引导湿热下行。所以常用于尿赤涩、淋浊、水 肿、水泻、黄疸和风湿性关节疼痛等。但忌用于阴虚津少、尿不利之症。,0.78,兽药合理应用与联用手册（401-600页）,SRC-0093,,p.489; line=2329; section=第十节 祛风渗湿药,complete,swine,all_stages,China/handbook context
RAU3-COMBO-0e35ff62,tcm_combination_contraindication,茯苓,has_combination_or_contraindication,① 一般水湿停滞或偏寒者，多用白茯苓；偏于湿热者，多用赤茯苓；若水湿外泛而为水肿、尿涩者，多用茯苓皮。 ② 脾虚湿困、水饮不化的慢草不食或水湿停滞等，用茯苓有标本兼顾之效，因茯苓既能健脾又能利湿，能补能泻。 ③ 茯苓、茯神均能宁心安神，以茯神功效较好。朱砂拌用，可增强疗效。此外，可治泄泻、脾虚湿困、运化失调者，有健脾利湿止泻的功效，如参苓白术散。,0.78,兽药合理应用与联用手册（401-600页）,SRC-0093,,p.490; line=2353; section=第十节 祛风渗湿药,complete,swine,all_stages,China/handbook context
RAU3-COMBO-2f44cc2d,tcm_combination_contraindication,猪苓,has_combination_or_contraindication,本品常与茯苓、白术、泽泻等同用，如五苓散，用于水湿停滞、尿不利、水肿胀满、肠鸣作泻、湿热淋浊等。常配阿胶、滑石，治阴虚性尿不利、水肿。,0.78,兽药合理应用与联用手册（401-600页）,SRC-0093,,p.491; line=2369; section=第十节 祛风渗湿药,complete,swine,all_stages,China/handbook context
RAU3-COMBO-abe739a3,tcm_combination_contraindication,泽泻,has_combination_or_contraindication,本品常与茯苓、猪苓等同用，用于治水湿停滞的尿不利、水肿胀满、湿热淋浊、泻痢不止等；可配牡丹皮、熟地黄等，如六味地黄汤，治肾阴不足、虚火偏亢。,0.78,兽药合理应用与联用手册（401-600页）,SRC-0093,,p.492; line=2385; section=第十节 祛风渗湿药,complete,swine,all_stages,China/handbook context
RAU3-CAUTION-abe739a3,tcm_caution_contraindication,泽泻,has_use_caution,无湿及肾虚精滑者禁用。,0.78,兽药合理应用与联用手册（401-600页）,SRC-0093,,p.492; line=2385; section=第十节 祛风渗湿药,complete,swine,all_stages,China/handbook context
RAU3-COMBO-a03fabc8,tcm_combination_contraindication,车前子,has_combination_or_contraindication,① 本品配滑石、木通、瞿麦，用于治湿热淋浊、水湿泄泻、暑湿泻痢、尿不利等。 ② 配夏枯草、龙胆、青葙子等，用于治眼目赤肿、睛生翳障、黄疸等。,0.78,兽药合理应用与联用手册（401-600页）,SRC-0093,,p.492; line=2403; section=第十节 祛风渗湿药,complete,swine,all_stages,China/handbook context
RAU3-CAUTION-a03fabc8,tcm_caution_contraindication,车前子,has_use_caution,内无湿热及肾虚精滑者忌用。 # 附 车前草 全草为车前草，功效与车前子相似，兼有清热解毒和止血的作用。,0.78,兽药合理应用与联用手册（401-600页）,SRC-0093,,p.492; line=2403; section=第十节 祛风渗湿药,complete,swine,all_stages,China/handbook context
RAU3-COMBO-cc3b2e24,tcm_combination_contraindication,滑石,has_combination_or_contraindication,① 本品常与金钱草、车前子、海金沙配合应用，用于治湿热下注的尿赤涩疼痛、淋证、水肿等，泻膀胱热结而通利水道；常配泽泻、灯心草、茵陈、知母、酒黄柏、猪苓，如滑石散，用于治马胞转。 ② 配甘草为六一散，用于暑热、暑温、暑湿泄泻等；常配石膏、枯矾或与黄柏同用，外用治湿疮、湿疹。,0.78,兽药合理应用与联用手册（401-600页）,SRC-0093,,p.493; line=2428; section=第十节 祛风渗湿药,complete,swine,all_stages,China/handbook context
RAU3-CAUTION-cc3b2e24,tcm_caution_contraindication,滑石,has_use_caution,内无湿热、尿过多及孕畜忌用。,0.78,兽药合理应用与联用手册（401-600页）,SRC-0093,,p.493; line=2428; section=第十节 祛风渗湿药,complete,swine,all_stages,China/handbook context
RAU3-COMBO-f00e9e87,tcm_combination_contraindication,木 通,has_combination_or_contraindication,① 本品常与生地黄、竹叶、甘草等配伍，用于治心火上炎、口舌生疮、尿短赤、湿热淋痛、尿血等。 ② 本品通经可与牛膝、当归、红花等配伍，用于治乳汁不通，常与王不留行、穿山甲同用。,0.78,兽药合理应用与联用手册（401-600页）,SRC-0093,,p.494; line=2447; section=第十节 祛风渗湿药,complete,swine,all_stages,China/handbook context
RAU3-CAUTION-f00e9e87,tcm_caution_contraindication,木 通,has_use_caution,汗出不止、尿频数者忌用。,0.78,兽药合理应用与联用手册（401-600页）,SRC-0093,,p.494; line=2447; section=第十节 祛风渗湿药,complete,swine,all_stages,China/handbook context
RAU3-COMBO-3cbd0c3f,tcm_combination_contraindication,通草,has_combination_or_contraindication,本品常与滑石配伍，淡渗清降，引热下行而利尿，用于尿不利、湿热淋痛等，还有下乳作用，常用于催乳方中。,0.78,兽药合理应用与联用手册（401-600页）,SRC-0093,,p.495; line=2466; section=第十节 祛风渗湿药,complete,swine,all_stages,China/handbook context
RAU3-COMBO-eb5674a4,tcm_combination_contraindication,瞿麦,has_combination_or_contraindication,本品多配木通、萹蓄、车前子、滑石、栀子等，用于治尿短赤、血尿、便血、石淋、水肿等，如八正散治热淋、石淋。,0.78,兽药合理应用与联用手册（401-600页）,SRC-0093,,p.495; line=2480; section=第十节 祛风渗湿药,complete,swine,all_stages,China/handbook context
RAU3-CAUTION-eb5674a4,tcm_caution_contraindication,瞿麦,has_use_caution,孕畜忌用。,0.78,兽药合理应用与联用手册（401-600页）,SRC-0093,,p.495; line=2480; section=第十节 祛风渗湿药,complete,swine,all_stages,China/handbook context
RAU3-COMBO-7e40cc50,tcm_combination_contraindication,茵陈,has_combination_or_contraindication,本品配栀子、大黄，如茵陈蒿汤，苦泄下降，功专清利湿热，治湿热黄疸；配黄柏、车前子等，治湿热泄泻；配伍温里药，如茵陈四逆汤，化湿而除阴寒，治阴黄。,0.78,兽药合理应用与联用手册（401-600页）,SRC-0093,,p.496; line=2498; section=第十节 祛风渗湿药,complete,swine,all_stages,China/handbook context
RAU3-COMBO-e12dfb95,tcm_combination_contraindication,薏苡仁,has_combination_or_contraindication,① 本品配桃仁、芦根等，上清肺金之热，用于肺痈等。 ② 本品常配滑石、木通等，下利胃肠之湿，用于治水肿、浮肿、沙石热淋等。 ③ 本品常与茯苓、白术同用，炒熟用治脾虚泄泻。 ④ 本品常与防己等配伍，除湿清热，通利关节，用于治风湿热痹、四肢拘挛等。,0.78,兽药合理应用与联用手册（401-600页）,SRC-0093,,p.497; line=2512; section=第十节 祛风渗湿药,complete,swine,all_stages,China/handbook context
RAU3-COMBO-b98baa6e,tcm_combination_contraindication,金钱草,has_combination_or_contraindication,① 本品常与栀子、茵陈等同用，清湿热，利胆退黄，用于湿热黄疸。 ② 本品常配石韦、鸡内金、海金沙等，利水通淋，用于尿道 结石。 ③ 可配鲜车前草捣烂加白酒，擦患处治恶疮肿毒。,0.78,兽药合理应用与联用手册（401-600页）,SRC-0093,,p.497; line=2529; section=第十节 祛风渗湿药,complete,swine,all_stages,China/handbook context
RAU3-COMBO-4c66db4e,tcm_combination_contraindication,海金沙,has_combination_or_contraindication,本品常配篇蓄、瞿麦、金钱草、墨旱莲等治热淋涩痛，善泄小肠、膀胱血分湿热，功专通利水道，可用于尿不利、尿结石、尿血等。,0.78,兽药合理应用与联用手册（401-600页）,SRC-0093,,p.498; line=2548; section=第十节 祛风渗湿药,complete,swine,all_stages,China/handbook context
RAU3-COMBO-b4f6ef9b,tcm_combination_contraindication,地肤子,has_combination_or_contraindication,常与猪苓、通草、知母、黄柏、瞿麦等配合应用，能清利下焦湿热，用于尿不利、湿热瘙痒、皮肤湿疹等。,0.78,兽药合理应用与联用手册（401-600页）,SRC-0093,,p.498; line=2562; section=第十节 祛风渗湿药,complete,swine,all_stages,China/handbook context
RAU3-CAUTION-b4f6ef9b,tcm_caution_contraindication,地肤子,has_use_caution,阴虚无温热和尿多者忌用。,0.78,兽药合理应用与联用手册（401-600页）,SRC-0093,,p.498; line=2562; section=第十节 祛风渗湿药,complete,swine,all_stages,China/handbook context
RAU3-COMBO-407a909f,tcm_combination_contraindication,石韦,has_combination_or_contraindication,① 本品常与白茅根、车前、滑石同用，有清热利水通淋作用，用于尿闭、热淋等。 ② 常与蒲黄、当归、芍药等配合，凉血止血，用于血淋。,0.78,兽药合理应用与联用手册（401-600页）,SRC-0093,,p.499; line=2580; section=第十节 祛风渗湿药,complete,swine,all_stages,China/handbook context
RAU3-CAUTION-407a909f,tcm_caution_contraindication,石韦,has_use_caution,尿多者不用。,0.78,兽药合理应用与联用手册（401-600页）,SRC-0093,,p.499; line=2580; section=第十节 祛风渗湿药,complete,swine,all_stages,China/handbook context
RAU3-COMBO-3b65a2c8,tcm_combination_contraindication,篇蓄,has_combination_or_contraindication,本品常与瞿麦、滑石、木通、车前、甘草梢、栀子、大黄等配伍，用于治湿热淋证、尿短赤、尿血等。,0.78,兽药合理应用与联用手册（401-600页）,SRC-0093,,p.500; line=2603; section=第十节 祛风渗湿药,complete,swine,all_stages,China/handbook context
RAU3-CAUTION-3b65a2c8,tcm_caution_contraindication,篇蓄,has_use_caution,无湿热及胎前产后忌用。,0.78,兽药合理应用与联用手册（401-600页）,SRC-0093,,p.500; line=2603; section=第十节 祛风渗湿药,complete,swine,all_stages,China/handbook context
RAU3-COMBO-b15433d4,tcm_combination_contraindication,草薛,has_combination_or_contraindication,(1) 本品常配独活、桑寄生等，用治风湿痹痛。 ② 配益智仁、石菖蒲、乌药等，用治尿浑浊。 # 三、化湿药 气味芳香，能运化水湿，辟秽除浊的药物，称为化湿药。这类药物多属辛温香燥。芳香可助脾运，燥可祛湿，用于湿浊内阻、脾为湿困、运化失调等所致的肚腹胀满或呕吐草少、粪稀泄泻、精神短少、四肢无力、舌苔白腻等。但阴虚血燥及气虚者应慎用。,0.78,兽药合理应用与联用手册（401-600页）,SRC-0093,,p.501; line=2621; section=第十节 祛风渗湿药,complete,swine,all_stages,China/handbook context
RAU3-COMBO-0976c0b1,tcm_combination_contraindication,藿香,has_combination_or_contraindication,① 本品常与苍术、厚朴、陈皮、甘草、半夏等配伍，用于治湿浊内阻、脾为湿困、运化失调的肚腹胀满、少食、神疲、粪便溏泄、口腔滑利、舌苔白腻等偏湿的病证。 ② 常配紫苏叶、白芷、陈皮、厚朴，用于治感冒而夹有湿滞之证。,0.78,兽药合理应用与联用手册（401-600页）,SRC-0093,,p.502; line=2640; section=第十节 祛风渗湿药,complete,swine,all_stages,China/handbook context
RAU3-CAUTION-0976c0b1,tcm_caution_contraindication,藿香,has_use_caution,阴虚无湿及胃虚作呕者忌用。不宜久煎。,0.78,兽药合理应用与联用手册（401-600页）,SRC-0093,,p.502; line=2640; section=第十节 祛风渗湿药,complete,swine,all_stages,China/handbook context
RAU3-COMBO-414d5e8f,tcm_combination_contraindication,佩兰,has_combination_or_contraindication,① 本品常与藿香、厚朴、白豆蔻等同用，用于治湿热浊邪郁于中焦所致的肚腹胀满、舌苔白腻和暑湿表证等。 ② 常与藿香、厚朴、鲜荷叶等配伍，善解暑热而生津，用于治暑热内蕴、肚腹胀满。,0.78,兽药合理应用与联用手册（401-600页）,SRC-0093,,p.502; line=2659; section=第十节 祛风渗湿药,complete,swine,all_stages,China/handbook context
RAU3-CAUTION-414d5e8f,tcm_caution_contraindication,佩兰,has_use_caution,阴虚血燥、气虚者不宜用。,0.78,兽药合理应用与联用手册（401-600页）,SRC-0093,,p.502; line=2659; section=第十节 祛风渗湿药,complete,swine,all_stages,China/handbook context
RAU3-COMBO-23d046a9,tcm_combination_contraindication,苍 术,has_combination_or_contraindication,① 本品常配厚朴、陈皮、甘草等，如平胃散，用于治湿困脾胃、运化失司、食欲不振、消化不良、胃寒草少、腹痛泄泻。 ② 常配独活、秦艽、牛膝、薏苡仁、黄柏等，用于治关节疼痛、风寒湿痹。,0.78,兽药合理应用与联用手册（401-600页）,SRC-0093,,p.503; line=2678; section=第十节 祛风渗湿药,complete,swine,all_stages,China/handbook context
RAU3-CAUTION-23d046a9,tcm_caution_contraindication,苍 术,has_use_caution,阴虚有热或多汗者忌用。,0.78,兽药合理应用与联用手册（401-600页）,SRC-0093,,p.503; line=2678; section=第十节 祛风渗湿药,complete,swine,all_stages,China/handbook context
RAU3-COMBO-b5958ce9,tcm_combination_contraindication,白豆蔻,has_combination_or_contraindication,① 本品常与苍术、厚朴、陈皮、半夏等同用，用治胃寒草少、腹痛下痢、脾胃气滞、肚腹胀满、食积不消等；可配薏苡仁、厚朴，用于湿盛；可配黄芩、黄连、滑石等，用于热盛；常与益智仁、木香、槟榔、草果等同用，治马翻胃吐草。 ② 常与半夏、藿香、生姜等配伍，能行气而止呕，用治胃寒呕吐。,0.78,兽药合理应用与联用手册（401-600页）,SRC-0093,,p.504; line=2698; section=第十节 祛风渗湿药,complete,swine,all_stages,China/handbook context
RAU3-COMBO-e087755d,tcm_combination_contraindication,草豆蔻,has_combination_or_contraindication,① 本品配砂仁、陈皮、建曲等，用于治因脾胃虚寒的食欲不 振、食滞腹胀、冷肠泄泻、伤水腹痛等。 ② 常与高良姜、生姜、吴茱萸等同用，用于治寒湿郁滞中焦，气逆作呕。,0.78,兽药合理应用与联用手册（401-600页）,SRC-0093,,p.504; line=2713; section=第十节 祛风渗湿药,complete,swine,all_stages,China/handbook context
RAU3-CAUTION-e087755d,tcm_caution_contraindication,草豆蔻,has_use_caution,"阴血不足、无寒湿郁滞者不宜用。 祛风渗湿药功能比较见表6-2。 表 6-2 祛风渗湿药功能比较 类别药物相同点不同点祛风湿药羌活祛风寒湿邪,治风湿痹证羌活、独活、威灵仙、乌梢蛇性偏祛风,而威灵仙又善于通经;羌活上行力大,多用于表证;独活下行力强,多用于里证;乌梢蛇善于走窜,祛风力大;五加皮、木瓜偏于祛湿,而五加皮又能强筋骨、利水肿;木瓜善治经络之湿邪;秦艽性较平和、善疏筋,退虚热,兼润肠通便;防己苦寒下行,能利水肿;稀苍草兼平肝安神;桑寄生长于补肝肾,强筋骨;藁本发表散寒,多用于风寒感冒,颈项强硬;马钱子善于活络散...",0.78,兽药合理应用与联用手册（401-600页）,SRC-0093,,p.504; line=2713; section=第十节 祛风渗湿药,complete,swine,all_stages,China/handbook context
RAU3-COMBO-b0fabdea,tcm_combination_contraindication,半 夏,has_combination_or_contraindication,① 常配橘皮同用，如二陈汤，治痰湿阻肺之咳嗽气逆、痰多质稠者；配秫米以化痰和胃安神，治湿痰内盛、胃气失和而夜寐不安者。 ② 本品用于胃气上逆呕吐。半夏为止呕要药，常配生姜同用，如小半夏汤，用于各种原因的呕吐，皆可随证配伍用之，对痰饮或胃寒呕吐尤宜；配黄连，用于胃热呕吐；配石斛、麦冬，则用于胃阴虚呕吐；配人参、白蜜，如大半夏汤，用于胃气虚呕吐。 ③ 本品配干姜、黄连、黄芩，如半夏泻心汤，以苦辛通降，开痞散结，治肚腹胀满。 ④ 本品配昆布、海藻、贝母等，治瘿瘤痰核；以生品研末调敷或鲜品捣敷，治痈疽发背、无名肿毒、毒蛇咬伤。,0.78,兽药合理应用与联用手册（401-600页）,SRC-0093,,p.506; line=2761; section=第十一节 化痰止咳平喘药,complete,swine,all_stages,China/handbook context
RAU3-CAUTION-b0fabdea,tcm_caution_contraindication,半 夏,has_use_caution,① 反乌头。 ② 其性温燥，一般而言阴虚燥咳、血证、热痰、燥痰应慎用。然经过配伍热痰证亦可用之。,0.78,兽药合理应用与联用手册（401-600页）,SRC-0093,,p.506; line=2761; section=第十一节 化痰止咳平喘药,complete,swine,all_stages,China/handbook context
RAU3-COMBO-4eb70071,tcm_combination_contraindication,天南星,has_combination_or_contraindication,① 本品常配半夏、枳实等，如导痰汤，治顽痰阻肺、咳喘胸闷；配黄芩、瓜萎等清热化痰药用之，用于痰热咳嗽。 ② 本品用于风痰证，如眩晕、中风、癫痫、口眼斜及破伤风等。本品专走经络，善祛风痰而止痉。配半夏、天麻等，用于治风痰眩晕；配半夏、川乌、白附子等，治风痰留滞经络、瘫痪、四肢麻木、口眼歪斜等，如青州白丸子；配白附子、天麻、防风等，如玉真散，治破伤风角弓反张，痰涎壅盛。 ③ 本品研末醋调敷，可治痈疽肿痛、痰核；配雄黄为外敷，用于毒蛇咬伤。,0.78,兽药合理应用与联用手册（401-600页）,SRC-0093,,p.507; line=2785; section=第十一节 化痰止咳平喘药,complete,swine,all_stages,China/handbook context
RAU3-CAUTION-4eb70071,tcm_caution_contraindication,天南星,has_use_caution,阴虚燥痰及孕畜忌用。 # 附胆南星 为天南星用牛胆汁拌制而成的加工品。药性苦、微辛、凉，归肝、胆经。功能清热化痰、息风定惊。主治中风、癫痫、惊风、头风眩晕、痰火喘咳等证。,0.78,兽药合理应用与联用手册（401-600页）,SRC-0093,,p.507; line=2785; section=第十一节 化痰止咳平喘药,complete,swine,all_stages,China/handbook context
RAU3-COMBO-a84599a8,tcm_combination_contraindication,芥子,has_combination_or_contraindication,① 本品常与紫苏子、莱菔子同用，如三子养亲汤，用于治寒痰滞、咳嗽气喘；可与甘遂、大戟等配伍，用于痰饮停滞胁痛。 ② 本品与桂枝、白附子等同用，散结止痛，祛经络之痰，用于治痰湿阻滞经络所致的肢体关节疼痛。,0.78,兽药合理应用与联用手册（401-600页）,SRC-0093,,p.508; line=2811; section=第十一节 化痰止咳平喘药,complete,swine,all_stages,China/handbook context
RAU3-CAUTION-a84599a8,tcm_caution_contraindication,芥子,has_use_caution,肺虚久咳及无寒痰停滞者忌用。,0.78,兽药合理应用与联用手册（401-600页）,SRC-0093,,p.508; line=2811; section=第十一节 化痰止咳平喘药,complete,swine,all_stages,China/handbook context
RAU3-COMBO-e9dd9b78,tcm_combination_contraindication,桔梗,has_combination_or_contraindication,① 本品用于肺气不宜的咳嗽痰多，胸闷不畅。本品辛散苦泄，宣开肺气，化痰利气，无论属寒属热皆可应用。配紫苏、杏仁，如 杏苏散，用于风寒者；配桑叶、菊花、杏仁，如桑菊饮，用于风热者；配枳壳以升降气机、理气宽胸，用于胸膈痞闷、痰阻气滞、升降失司者。 ② 本品配射干、马勃、板蓝根等以清热解毒利咽，用于外邪犯肺、咽喉肿痛者。 ③ 本品配甘草，治肺痈咳而胸满，时出浊唾腥臭，久久吐脓者，如《金匮要略》中桔梗汤；临床上常配以鱼腥草、冬瓜仁等，以加强清肺排脓之效。 ④ 本品可以其宣开肺气而通二便，用治隆闭、便秘。,0.78,兽药合理应用与联用手册（401-600页）,SRC-0093,,p.509; line=2832; section=第十一节 化痰止咳平喘药,complete,swine,all_stages,China/handbook context
RAU3-CAUTION-e9dd9b78,tcm_caution_contraindication,桔梗,has_use_caution,① 本品性升散，凡气机上逆、呕吐、呛咳、眩晕、阴虚火旺咯血等，不宜用。 ② 用量过大易致恶心呕吐，又因桔梗皂苷有溶血作用，不宜注射给药。,0.78,兽药合理应用与联用手册（401-600页）,SRC-0093,,p.509; line=2832; section=第十一节 化痰止咳平喘药,complete,swine,all_stages,China/handbook context
RAU3-COMBO-f29cc527,tcm_combination_contraindication,旋覆花,has_combination_or_contraindication,① 配紫苏子、半夏，用于治寒痰咳喘；配桑白皮、瓜萎以清热化痰，用于属痰热者；配海浮石、海蛤壳等以化痰软坚，用于顽 痰胶结、胸中满闷者。 ② 本品配赭石、半夏、生姜等，如旋覆代赭汤，治痰浊中阻、胃气上逆而嗳气呕吐者。 ③ 本品属于含槲皮素药物，避免与含各种金属离子的西药，如氢氧化铝制剂、钙制剂、亚铁制剂等同用，原因是易形成络合物，影响吸收。,0.78,兽药合理应用与联用手册（401-600页）,SRC-0093,,p.510; line=2857; section=第十一节 化痰止咳平喘药,complete,swine,all_stages,China/handbook context
RAU3-CAUTION-f29cc527,tcm_caution_contraindication,旋覆花,has_use_caution,① 阴虚劳嗽、津伤燥咳者忌用。 ② 因本品有绒毛，易刺激咽喉作痒而致呛咳呕吐，故需布包入煎。,0.78,兽药合理应用与联用手册（401-600页）,SRC-0093,,p.510; line=2857; section=第十一节 化痰止咳平喘药,complete,swine,all_stages,China/handbook context
RAU3-COMBO-4c2db572,tcm_combination_contraindication,白前,has_combination_or_contraindication,本品常与紫菀、半夏同用，用于偏寒者；与桑白皮、地骨皮配伍，用于便热者；与荆芥、桔梗、陈皮等同用，如止嗽散，用于外感咳嗽。,0.78,兽药合理应用与联用手册（401-600页）,SRC-0093,,p.511; line=2881; section=第十一节 化痰止咳平喘药,complete,swine,all_stages,China/handbook context
RAU3-COMBO-41d9832a,tcm_combination_contraindication,前 胡,has_combination_or_contraindication,① 本品常配杏仁、桑皮、贝母等，用于痰热阻肺、肺气失降者，咳喘痰多色黄者；常与白前相须为用，用于寒痰湿痰证。 ② 本品常配伍桑叶、牛蒡子、桔梗等，用于外感风热咳嗽有痰者；配伍荆芥、紫菀等，用于风寒咳嗽。,0.78,兽药合理应用与联用手册（401-600页）,SRC-0093,,p.511; line=2895; section=第十一节 化痰止咳平喘药,complete,swine,all_stages,China/handbook context
RAU3-CAUTION-41d9832a,tcm_caution_contraindication,前 胡,has_use_caution,阴虚咳嗽、寒痰咳嗽者均不宜用。,0.78,兽药合理应用与联用手册（401-600页）,SRC-0093,,p.511; line=2895; section=第十一节 化痰止咳平喘药,complete,swine,all_stages,China/handbook context
RAU3-COMBO-0d461277,tcm_combination_contraindication,瓜萎,has_combination_or_contraindication,① 临床常配知母、浙贝母等同用，用于治幼畜膈热、咳嗽痰喘、久延不愈者；可配黄芩、胆南星、枳实等，如清气化痰丸，用于痰热内结、咳痰黄稠、胸闷而大便不畅者。 ② 本品配鱼腥草、芦根等同用，可治肺痈咳吐脓血；配败酱草、红藻等同用，用于治肠痈；配当归、乳香、没药，亦可配蒲公英、银花、牛蒡子等同用，用于治乳痈初起、红肿热痛。 ③ 本品常配火麻仁、郁李仁等同用，用于肠燥便秘。,0.78,兽药合理应用与联用手册（401-600页）,SRC-0093,,p.512; line=2916; section=第十一节 化痰止咳平喘药,complete,swine,all_stages,China/handbook context
RAU3-CAUTION-0d461277,tcm_caution_contraindication,瓜萎,has_use_caution,① 本品甘寒而滑，脾虚便溏及湿痰、寒痰者忌用。 ② 反乌头。 # 附 瓜萎皮、瓜萎仁 瓜萎皮偏清化热痰而润肺止咳；瓜萎仁偏润肠通便。,0.78,兽药合理应用与联用手册（401-600页）,SRC-0093,,p.512; line=2916; section=第十一节 化痰止咳平喘药,complete,swine,all_stages,China/handbook context
RAU3-COMBO-631e5de6,tcm_combination_contraindication,川贝母,has_combination_or_contraindication,① 本品配沙参、麦冬等养阴润肺化痰止咳，用于肺虚劳咳、 阴虚久咳有痰者；配知母，如二母丸，清肺润燥化痰止咳，治肺热肺燥咳嗽。 ② 配玄参、牡蛎等，如消瘰丸，化痰软坚消瘰病，治痰火郁结之瘰病；配蒲公英、鱼腥草等清热解毒、消肿散结，治热毒壅结之疮痈、肺痈。 ③ 本品为含生物碱药物，避免与碘离子制剂、碳酸氢钠等碱性较强的西药，重金属药（如硫酸亚铁、硫酸镁、氢氧化铝等）、酶制剂、阿托品、氨茶碱、地高辛、咖啡因、苯丙胺等配伍，以免发生沉淀减低疗效，影响溶解度，妨碍吸收，或增加毒性，产生拮抗等。,0.78,兽药合理应用与联用手册（401-600页）,SRC-0093,,p.513; line=2943; section=第十一节 化痰止咳平喘药,complete,swine,all_stages,China/handbook context
RAU3-CAUTION-631e5de6,tcm_caution_contraindication,川贝母,has_use_caution,① 脾胃虚寒及有湿痰者忌用。 ② 反乌头。,0.78,兽药合理应用与联用手册（401-600页）,SRC-0093,,p.513; line=2943; section=第十一节 化痰止咳平喘药,complete,swine,all_stages,China/handbook context
RAU3-COMBO-470f2207,tcm_combination_contraindication,浙贝母,has_combination_or_contraindication,① 配桑叶、前胡等，可治风热咳嗽；常配瓜萎、知母等，治痰热郁肺之咳嗽。 ② 本品用于瘰病、痈疡疮毒、肺痈等。本品能苦泄清热毒、开郁散结，治瘰疬结核，配玄参、牡蛎等，如消瘰丸；治疮痈，配连翘、蒲公英等；治肺痈，配鱼腥草、芦根等。,0.78,兽药合理应用与联用手册（401-600页）,SRC-0093,,p.514; line=2967; section=第十一节 化痰止咳平喘药,complete,swine,all_stages,China/handbook context
RAU3-CAUTION-470f2207,tcm_caution_contraindication,浙贝母,has_use_caution,① 脾胃虚寒及有湿痰者忌用。 ② 反乌头。,0.78,兽药合理应用与联用手册（401-600页）,SRC-0093,,p.514; line=2967; section=第十一节 化痰止咳平喘药,complete,swine,all_stages,China/handbook context
RAU3-COMBO-641ffc0b,tcm_combination_contraindication,天竺黄,has_combination_or_contraindication,本品与黄连、菖蒲、郁金等药物同用，治中风痰壅、癫痫等；常与瓜萎、贝母等同用，用于治疗肺热咳嗽痰多。,0.78,兽药合理应用与联用手册（401-600页）,SRC-0093,,p.515; line=2987; section=第十一节 化痰止咳平喘药,complete,swine,all_stages,China/handbook context
RAU3-CAUTION-641ffc0b,tcm_caution_contraindication,天竺黄,has_use_caution,非实热者忌用。,0.78,兽药合理应用与联用手册（401-600页）,SRC-0093,,p.515; line=2987; section=第十一节 化痰止咳平喘药,complete,swine,all_stages,China/handbook context
RAU3-COMBO-cc54e865,tcm_combination_contraindication,竹沥,has_combination_or_contraindication,① 本品与半夏、黄芩等药物同用，如竹沥达痰丸，用于痰热咳喘、痰稠难咯，顽痰胶结者最宜。 ② 本品用于中风痰迷等。本品入心、肝经，善涤痰泄热而开 兽/药/合理/应/用/与/联/用/手/册 窍定惊。本品配姜汁饮之，用于治疗中风口噤；配胆南星、牛黄等同用，用于治疗惊痫癫狂。,0.78,兽药合理应用与联用手册（401-600页）,SRC-0093,,p.515; line=3005; section=第十一节 化痰止咳平喘药,complete,swine,all_stages,China/handbook context
RAU3-CAUTION-cc54e865,tcm_caution_contraindication,竹沥,has_use_caution,本品性寒滑，对寒痰及便溏者忌用。,0.78,兽药合理应用与联用手册（401-600页）,SRC-0093,,p.515; line=3005; section=第十一节 化痰止咳平喘药,complete,swine,all_stages,China/handbook context
RAU3-COMBO-9b22b669,tcm_combination_contraindication,竹茹,has_combination_or_contraindication,① 本品配瓜萎、桑白皮等同用，用于肺热咳嗽、痰黄稠者；配枳实、半夏、茯苓，如温胆汤，用于痰火内扰心神烦躁不安者。 ② 本品配黄连、半夏等同用，能清胃止呕，用于胃热呕吐；可配橘皮、生姜、人参等同用，如《金匮要略》中橘皮竹茹汤，用于胃虚有热而呕者。 ③ 本品有凉血止血作用，可用于吐血、衄血、崩漏等。 # 二、止咳平喘药 本类药物其味或辛或苦或甘，其性或温或寒，其止咳平喘之理也就有宣肺、清肺、润肺、降肺、敛肺及化痰之别。而药物有的偏于止咳，有的偏于平喘，有的则兼而有之。 本类药物主治咳喘，而咳喘之证病情复杂，有外感内伤之别、寒热虚实之异。临床应用时应审证求因，随证选用不同的止咳、平喘药，并配伍相应的有关药物，不可见咳治咳、见喘治喘。 个别...,0.78,兽药合理应用与联用手册（401-600页）,SRC-0093,,p.516; line=3028; section=第十一节 化痰止咳平喘药,complete,swine,all_stages,China/handbook context
RAU3-COMBO-16178070,tcm_combination_contraindication,杏仁,has_combination_or_contraindication,① 本品随证配伍可用于多种咳喘病证。如与麻黄、甘草配伍，即三拗汤，散风寒、宣肺平喘，用于风寒咳喘；与桑叶、菊花配伍，如桑菊饮，散风热、宣肺止咳，用于风热咳嗽；与桑叶、贝母、沙参配伍，如桑杏汤，清肺润燥止咳，用于燥热咳嗽；与石膏等配伍，如麻杏石甘汤，清肺泄热、宣肺平喘，用于肺热咳喘。 ② 本品与柏子仁、郁李仁等同用，如《世医得效方》五仁丸，能润肠通便，用于肠燥便秘。,0.78,兽药合理应用与联用手册（401-600页）,SRC-0093,,p.517; line=3052; section=第十一节 化痰止咳平喘药,complete,swine,all_stages,China/handbook context
RAU3-CAUTION-16178070,tcm_caution_contraindication,杏仁,has_use_caution,① 阴虚咳嗽者忌用。 ② 本品有小毒，用量不宜过大。 # 附 甜杏仁 为蔷薇科植物杏或山杏的部分栽培种而其味甘甜的成熟种子。性味、甘平，功能润肺止咳。主要用于虚劳咳喘。,0.78,兽药合理应用与联用手册（401-600页）,SRC-0093,,p.517; line=3052; section=第十一节 化痰止咳平喘药,complete,swine,all_stages,China/handbook context
RAU3-COMBO-1324156c,tcm_combination_contraindication,百 部,has_combination_or_contraindication,① 本品用于新久咳嗽、百日咳、肺痨咳嗽。本品甘润苦降，微温不燥，功专润肺止咳，无论外感内伤、暴咳、久嗽，皆可用之。多与荆芥、桔梗、紫菀等同用，用于风寒咳嗽，如止嗽散；与黄芪、沙参、麦冬等配伍，用于久咳不已、气阴两虚者，如百部汤；与沙参、麦冬、川贝母等药物同用，用于肺痨咳嗽、阴虚者。现代临床以本品为主，配黄芩、丹参，治肺结核，对痰菌转阴及病灶吸收均有一定疗效。可单用或与贝母、紫菀、白前等同用，用于治疗百日咳。 ② 本品浓煎，内服，治蛲虫病；可单用或配蛇床子、苦参等煎汤外洗，治阴道滴虫；可制成 20\% 乙醇液或 50\% 水煎剂外搽，治头虱、体虱及疥癣。,0.78,兽药合理应用与联用手册（401-600页）,SRC-0093,,p.518; line=3076; section=第十一节 化痰止咳平喘药,complete,swine,all_stages,China/handbook context
RAU3-COMBO-92e2e970,tcm_combination_contraindication,紫苑,has_combination_or_contraindication,本品与荆芥、桔梗等同用，适用于风寒犯肺、咳嗽咽痒；与阿胶、贝母等药配伍，养阴润肺、化痰止嗽，用于阴虚劳咳、痰中带血。本品还可用于肺痈、肺痹及小便不通等证，盖取其宜开肺气之功。,0.78,兽药合理应用与联用手册（401-600页）,SRC-0093,,p.519; line=3094; section=第十一节 化痰止咳平喘药,complete,swine,all_stages,China/handbook context
RAU3-COMBO-0c494087,tcm_combination_contraindication,款冬花,has_combination_or_contraindication,与麻黄等同用，尤宜于寒嗽；与桑白皮、瓜萎配伍，用于肺热咳喘；可与人参、黄芪同用，适用于肺气虚而咳者；与沙参、麦冬等配伍，用于阴虚燥咳；配百合同用，如百花膏，用于喘咳日久、痰中带血；配桔梗、薏苡仁等同用，如《疮疡经验全书》款花汤，用于肺痈咳吐脓痰。,0.78,兽药合理应用与联用手册（401-600页）,SRC-0093,,p.519; line=3108; section=第十一节 化痰止咳平喘药,complete,swine,all_stages,China/handbook context
RAU3-COMBO-a81ce122,tcm_combination_contraindication,紫苏子,has_combination_or_contraindication,① 多与芥子、莱菔子同用，如三子养亲汤，用于痰壅气逆、咳嗽气喘；与肉桂、当归、厚朴等温肾化痰下气之品同用，如苏子降气汤，用于上盛下虚之久咳痰喘。 ② 多与杏仁、火麻仁、瓜萎仁等同用，如《济生方》紫苏麻仁粥，能润燥滑肠，又能降泄肺气以助大肠传导，用于肠燥便秘。,0.78,兽药合理应用与联用手册（401-600页）,SRC-0093,,p.520; line=3122; section=第十一节 化痰止咳平喘药,complete,swine,all_stages,China/handbook context
RAU3-CAUTION-a81ce122,tcm_caution_contraindication,紫苏子,has_use_caution,本品有滑肠耗气之弊，阴虚咳喘及脾虚便溏者慎用。,0.78,兽药合理应用与联用手册（401-600页）,SRC-0093,,p.520; line=3122; section=第十一节 化痰止咳平喘药,complete,swine,all_stages,China/handbook context
RAU3-COMBO-f9ceb5f6,tcm_combination_contraindication,桑白皮,has_combination_or_contraindication,① 本品用于肺热咳喘。本品性寒入肺经，能泻肺火兼泻肺中水气而平喘。与地骨皮等同用，用于治疗肺热咳喘；可与麻黄、杏仁、葶苈子等同用，用于水饮停肺、胀满喘急；与人参、五味子、熟地黄等同用，用于肺虚有热而咳喘气短、潮热、盗汗者。 ② 本品与茯苓皮、大腹皮等同用，如五皮饮，用于全身水肿、小便不利者。,0.78,兽药合理应用与联用手册（401-600页）,SRC-0093,,p.520; line=3143; section=第十一节 化痰止咳平喘药,complete,swine,all_stages,China/handbook context
RAU3-COMBO-0345295e,tcm_combination_contraindication,葶苈子,has_combination_or_contraindication,① 与板蓝根、浙贝母、桔梗等药物同用，如清肺散，用于痰涎壅盛、肺气喘促、咳逆之实证。 ② 与防己、椒目、大黄同用，即己椒苈黄丸，用于治腹水肿满属湿热蕴阻者；与杏仁、大黄、芒硝同用，如大陷胸丸，治结胸证之胸胁积水。近代用本品配伍其他药物，治渗出性胸膜炎等有效。,0.78,兽药合理应用与联用手册（401-600页）,SRC-0093,,p.521; line=3161; section=第十一节 化痰止咳平喘药,complete,swine,all_stages,China/handbook context
RAU3-CAUTION-0345295e,tcm_caution_contraindication,葶苈子,has_use_caution,肺虚喘促、脾虚肿满、膀胱气虚者忌用。,0.78,兽药合理应用与联用手册（401-600页）,SRC-0093,,p.521; line=3161; section=第十一节 化痰止咳平喘药,complete,swine,all_stages,China/handbook context
RAU3-COMBO-2a3aef0f,tcm_combination_contraindication,马兜铃,has_combination_or_contraindication,与桑白皮、黄芩、枇杷叶等同用，治肺热咳嗽痰喘者最宜；与阿胶、牛蒡子、杏仁等同用，如补肺阿胶汤，养阴清肺、止咳平喘，用于肺虚火盛、喘咳咽干或痰中带血者。此外，本品能清大肠积热。,0.78,兽药合理应用与联用手册（401-600页）,SRC-0093,,p.522; line=3181; section=第十一节 化痰止咳平喘药,complete,swine,all_stages,China/handbook context
RAU3-CAUTION-2a3aef0f,tcm_caution_contraindication,马兜铃,has_use_caution,"① 用法用量不宜过大，以免引起呕吐。 (2) 本品中所含马兜铃酸有肾脏毒性, 应慎用。",0.78,兽药合理应用与联用手册（401-600页）,SRC-0093,,p.522; line=3181; section=第十一节 化痰止咳平喘药,complete,swine,all_stages,China/handbook context
RAU3-COMBO-73ecd79c,tcm_combination_contraindication,白果,has_combination_or_contraindication,① 配五味子、胡桃肉等以补肾纳气、敛肺平喘，用于治疗肺肾两虚之虚喘；配麻黄、黄芩等同用，如定喘汤，用于外感风寒而内有蕴热而喘者；配天冬、麦冬、款冬花以润肺止咳，用于肺热燥咳、喘咳无痰者；近代有以本品配地龙、黄芩等，治慢性气管炎属肺热型者。 ② 本品配熟地黄、山茱萸、覆盆子等，以补肾固涩，治小便频数、遗尿。,0.78,兽药合理应用与联用手册（401-600页）,SRC-0093,,p.522; line=3200; section=第十一节 化痰止咳平喘药,complete,swine,all_stages,China/handbook context
RAU3-CAUTION-73ecd79c,tcm_caution_contraindication,白果,has_use_caution,本品有毒，不可多用。 # 附 银杏叶 为银杏树的叶，主要成分为银杏黄酮。味苦、涩，性平。功能敛肺平喘、活血止痛。用于肺虚咳喘以及高血脂、高血压、冠心病心绞痛、脑血管痉挛等。,0.78,兽药合理应用与联用手册（401-600页）,SRC-0093,,p.522; line=3200; section=第十一节 化痰止咳平喘药,complete,swine,all_stages,China/handbook context
RAU3-COMBO-ae48d0c7,tcm_combination_contraindication,洋金花,has_combination_or_contraindication,① 本品为麻醉镇咳平药，对咳喘无痰者，可单用或配入复方 中使用。 ② 本品单用或配伍川乌、姜黄等同用，用于风湿痹痛、跌打损伤。 ③ 本品可配伍全蝎、天麻、天南星等同用，用于癫痫、惊风之证。 ④ 可用作麻醉药。,0.78,兽药合理应用与联用手册（401-600页）,SRC-0093,,p.523; line=3225; section=第十一节 化痰止咳平喘药,complete,swine,all_stages,China/handbook context
RAU3-CAUTION-ae48d0c7,tcm_caution_contraindication,洋金花,has_use_caution,"① 表证未解、痰多黏稠者忌用。 ② 孕畜、体质弱者慎用。 化痰止咳平喘药功能比较见表6-3。 表 6-3 化痰止咳平喘药功能比较 类别药物相同点不同点化痰药温化寒痰药半夏天南星旋覆花白前温化寒痰半夏祛湿痰,并能降逆止呕,散结;天南星毒性大,善祛风痰并能解痉;旋覆花温散,化痰降气;白前温而不燥,长于祛痰,又能降气清化热痰药贝母瓜萎桔梗前胡筋骨草清热化痰贝母偏于润肺化痰,并能解毒,消肿散结;瓜萎清热润燥,兼通便;桔梗、前胡均能宣肺祛痰,是外感咳嗽的常用药;桔梗又能排脓消肿,引药上行;前胡微寒,善于宣散外感风热之邪;筋骨...",0.78,兽药合理应用与联用手册（401-600页）,SRC-0093,,p.523; line=3225; section=第十一节 化痰止咳平喘药,complete,swine,all_stages,China/handbook context
RAU3-COMBO-f4a08235,tcm_combination_contraindication,党参,has_combination_or_contraindication,① 本品能补中益气、升阳举陷，与白术、茯苓、甘草等配伍，用于治疗脾虚泄泻、食少便溏；与黄芪、升麻、白术等配伍，用于治疗中气下陷的垂脱之证。 ② 本品能补益肺气，可配伍黄芩、五味子等同用，用于肺气亏虚的咳嗽气促、叫声低微等。 ③ 本品有益气生津和益气生血之效，可与麦冬、五味子、生地黄等生津药或当归、熟地黄等补血药同用，主要用于气津两伤的气短口渴及气血双亏的口色淡白、口干、心悸等。 ④ 本品也可随证配解表药或攻里药同用，对气虚外感及正虚邪实之证，以扶正祛邪。,0.78,兽药合理应用与联用手册（401-600页）,SRC-0093,,p.525; line=3278; section=第十二节 补益药,complete,swine,all_stages,China/handbook context
RAU3-CAUTION-f4a08235,tcm_caution_contraindication,党参,has_use_caution,反藜芦。 # 附明党参 系伞形科多年生草本植物明党参的干燥根。性味甘、微苦，微寒。归肺、脾经。能润肺化痰、养阴和胃。以治疗肺热咳嗽、食少口干为主。与党参并非一物，效用亦有差别。,0.78,兽药合理应用与联用手册（401-600页）,SRC-0093,,p.525; line=3278; section=第十二节 补益药,complete,swine,all_stages,China/handbook context
RAU3-COMBO-670025c8,tcm_combination_contraindication,人参,has_combination_or_contraindication,① 与附子等配伍，即参附汤（现代制剂有参附注射液），以益气回阳救逆，用于四肢厥冷、阳气衰微者；可与麦冬、五味子等配伍，即生脉散（现有生脉注射剂），以益气敛阴，用于汗多口渴、气阴两伤者。 ② 人参能补益肺气，可配黄芪、五味子等同用，用于肺气虚弱的气短喘促、叫声低微、脉虚自汗等症；与胡桃肉、蛤蚧等补益肺肾药同用，如人参胡桃汤、人参蛤蚧散，用于喘促日久、肺肾两虚者。 ③ 人参亦能补脾益气，与白术、茯苓、甘草等益气健脾药同用，如四君子汤，用于治疗脾气不足的倦怠乏力、食少便溏等症。 ④ 本品常与石膏、知母等同用，如白虎加人参汤，治疗身热汗多、口渴脉虚。 ⑤ 本品可与生地黄、丹参、酸枣仁等养血安神药同用，如天王补心丹，用于气血亏虚的心悸、躁动等...,0.78,兽药合理应用与联用手册（401-600页）,SRC-0093,,p.526; line=3304; section=第十二节 补益药,complete,swine,all_stages,China/handbook context
RAU3-CAUTION-670025c8,tcm_caution_contraindication,人参,has_use_caution,① 反藜芦。 ② 畏五灵脂。,0.78,兽药合理应用与联用手册（401-600页）,SRC-0093,,p.526; line=3304; section=第十二节 补益药,complete,swine,all_stages,China/handbook context
RAU3-COMBO-38acba36,tcm_combination_contraindication,太子参（孩儿参）,has_combination_or_contraindication,本品与黄芪、白术、山药、炙甘草等同用，适用于脾胃虚弱、倦怠虚弱、食欲不振、肺气不足等症；与五味子、麦冬等同用，用于热病津伤口渴；配竹叶、麦冬、白薇等，用于久热不退。,0.78,兽药合理应用与联用手册（401-600页）,SRC-0093,,p.527; line=3330; section=第十二节 补益药,complete,swine,all_stages,China/handbook context
RAU3-CAUTION-38acba36,tcm_caution_contraindication,太子参（孩儿参）,has_use_caution,① 表实邪盛者不宜用。 ② 反黎芦，畏五灵脂。,0.78,兽药合理应用与联用手册（401-600页）,SRC-0093,,p.527; line=3330; section=第十二节 补益药,complete,swine,all_stages,China/handbook context
RAU3-COMBO-5d3a93f5,tcm_combination_contraindication,黄芪,has_combination_or_contraindication,① 本品配白术，以补气健脾，用于治疗脾虚气短、食少便溏、倦怠乏力等；与人参配伍，用于气虚较甚，以增强补气作用；常配桂枝、白芍、甘草等，以补气温中，如黄芪建中汤，用于中焦虚寒、腹痛拘急；与附子等配伍，如芪附汤，以益气温阳固表，用于气虚阳弱、体倦汗多；常配人参、升麻、柴胡等，如补中益气汤，以升阳举陷，用于治中气下陷证、脾阳不升、中气下陷而见久泻脱肛、内脏下垂者。 ② 本品与紫菀、五味子等同用，用于治肺气虚弱、咳喘气短；与白术、防风等同用，如玉屏风散，用于治疗表虚卫阳不固的自汗且易外感者，既可固表以止自汗，又能实卫而御外邪。 ③ 本品常与防己、白术等同用，如防己黄芪汤，用于气虚水湿失运的浮肿、小便不利。 ④ 本品常配伍当归、穿山甲、皂角刺...,0.78,兽药合理应用与联用手册（401-600页）,SRC-0093,,p.528; line=3351; section=第十二节 补益药,complete,swine,all_stages,China/handbook context
RAU3-COMBO-57ee58dc,tcm_combination_contraindication,白术,has_combination_or_contraindication,① 本品常配人参、茯苓等同用，以益气补脾，用于治疗脾气虚弱、食少胀满；与人参、干姜等同用，以温中健脾，用于治疗脾胃虚寒、肚腹冷痛、胀满泄泻；与枳实同用，以消补兼施，治疗脾虚而有积滞、脘腹痞满。 ② 本品常配桂枝、茯苓等，如苓桂术甘汤，以温脾化饮，用于痰饮；常配茯苓、泽泻等，如五苓散，以健脾利湿，治疗水肿、小便不利。 ③ 本品可单用为散服，或配黄芪、浮小麦等同用，用于脾虚气弱、肌表不固而自汗。 ④ 本品常配砂仁同用或配当归、白芍、黄芩等同用，有补气健脾和安胎之功，用于脾虚气弱、胎动不安。,0.78,兽药合理应用与联用手册（401-600页）,SRC-0093,,p.529; line=3368; section=第十二节 补益药,complete,swine,all_stages,China/handbook context
RAU3-COMBO-7ea67d2b,tcm_combination_contraindication,山药,has_combination_or_contraindication,① 本品用于脾胃虚弱证。山药能平补气阴，且性兼涩，故凡脾虚食少、体倦便溏等皆可应用。常配人参（或党参）、白术、茯苓、白扁豆等同用，如参苓白术散。 ② 本品用于肺肾虚弱证。山药既补脾肺之气，又益肺肾之阴，并能固涩肾精。治肺虚咳喘或肺肾两虚之久咳久喘，常配人参、麦冬、五味子等同用。治肾虚不固的遗精、尿频等，常配熟地黄、山茱萸、菟丝子、金樱子等同用；治疗尿频、遗尿，常配益智仁、桑螵蛸等。 ③ 本品用于阴虚内热、口渴多饮、小便频数的消渴证。有益气养阴、生津止渴之效。常配黄芪、生地黄、天花粉等同用。,0.78,兽药合理应用与联用手册（401-600页）,SRC-0093,,p.529; line=3387; section=第十二节 补益药,complete,swine,all_stages,China/handbook context
RAU3-COMBO-15ae9ae1,tcm_combination_contraindication,白扁豆,has_combination_or_contraindication,① 本品常配白术、木香、茯苓等，共收健脾止泻之功，用于脾虚湿盛、运化失常而见食少便溏或泄泻等。 ② 本品可配香薷、厚朴等同用，如香薷饮，能健脾化湿、消暑和中，用于暑湿吐泻。,0.78,兽药合理应用与联用手册（401-600页）,SRC-0093,,p.530; line=3403; section=第十二节 补益药,complete,swine,all_stages,China/handbook context
RAU3-COMBO-8d3fb0d4,tcm_combination_contraindication,甘草,has_combination_or_contraindication,① 本品配伍人参、阿胶、桂枝等同用，如炙甘草汤，用于心气不足的心动悸、脉结代等症；与党参、白术等同用，用于治疗脾气虚弱的倦怠乏力、食少便溏。 ② 本品可配麻黄、杏仁，治疗风寒咳嗽；配石膏、麻黄、杏仁，用于肺热咳喘；配干姜、细辛，用于治疗寒痰咳喘；配半夏、茯苓，用于治疗湿痰咳嗽。 ③ 本品常配白芍，如芍药甘草汤，用于阴血不足、筋失所养而挛急作痛者；配白芍、饴糖等，如小建中汤，用于脾胃虚寒、营血不能温养所致者。 ④ 用甘草以缓和硝、黄之性，使泻下不致太猛，并避免其刺激大肠而产生腹痛，如调胃承气汤；与半夏、干姜、黄芩、黄连同用，如半夏泻心汤，能在其中调和寒热、平调升降，起到调和作用。 ⑤ 本品常与金银花、连翘等同用，用于热毒疮疡；与桔梗、...,0.78,兽药合理应用与联用手册（401-600页）,SRC-0093,,p.531; line=3418; section=第十二节 补益药,complete,swine,all_stages,China/handbook context
RAU3-CAUTION-8d3fb0d4,tcm_caution_contraindication,甘草,has_use_caution,① 湿盛胀满、浮肿者不宜用。 ② 反大戟、芫花、甘遂、海藻。 ③ 久服较大剂量的生甘草可引起浮肿等。,0.78,兽药合理应用与联用手册（401-600页）,SRC-0093,,p.531; line=3418; section=第十二节 补益药,complete,swine,all_stages,China/handbook context
RAU3-COMBO-e94138cd,tcm_combination_contraindication,大枣,has_combination_or_contraindication,① 本品常配党参、白术等以增强疗效，能补中益气，用于脾虚食少、便溏、倦怠乏力。 ② 本品常配甘草、浮小麦，如甘麦大枣汤，以养心宁神，用于血虚躁动、神志不安。 ③ 甘草缓解甘遂、大戟、芫花之峻下与毒性，保护脾胃，以防攻逐太过，如十枣汤。 ④ 本品常配伍生姜，入解表药以调和营卫，入补益药以调补脾胃，均可以增强疗效。 # 二、补阳药 凡能助阳益肾适用于阳虚证的药物，称为补阳药。肾阳为一身之元阳，因此阳虚诸证与肾阳关系密切。故补阳药主要是补肾阳。 补阳药多味甘、辛、咸，性温、热，多人肝、肾经。主要具有补肾阳、益精髓、强筋骨之功效，适用于治疗形寒肢冷、腰胯无力、公畜生殖功能减退及肾阳不足所致泄泻、肾不纳气等症。 补阳药性多温燥，阴虚火旺的患畜...,0.78,兽药合理应用与联用手册（401-600页）,SRC-0093,,p.532; line=3448; section=第十二节 补益药,complete,swine,all_stages,China/handbook context
RAU3-COMBO-54b11268,tcm_combination_contraindication,巴戟天,has_combination_or_contraindication,① 本品常配淫羊藿、仙茅、枸杞子等；用于阳痿、不孕；与高良姜、肉桂、吴茱萸等同用，用于治疗下元虚冷、少腹冷痛，如《太平惠民和济局方》巴戟丸。 ② 本品常配杜仲、续断、菟丝子等同用，治疗筋骨痿软、腰膝疼痛；与狗脊、续断、淫羊藿等同用，治疗肾阳虚的风湿久痹。,0.78,兽药合理应用与联用手册（401-600页）,SRC-0093,,p.533; line=3473; section=第十二节 补益药,complete,swine,all_stages,China/handbook context
RAU3-CAUTION-54b11268,tcm_caution_contraindication,巴戟天,has_use_caution,阴虚火旺者不宜用。,0.78,兽药合理应用与联用手册（401-600页）,SRC-0093,,p.533; line=3473; section=第十二节 补益药,complete,swine,all_stages,China/handbook context
RAU3-COMBO-f300a43d,tcm_combination_contraindication,肉苁蓉,has_combination_or_contraindication,① 本品常配熟地黄、菟丝子、五味子等，用于阳痿不育，如肉苁蓉丸；常配鹿角胶、当归、紫河车等，用于治疗宫冷不孕；与巴戟天、杜仲等同用，如金刚丸，用于治疗腰膝痿软、筋骨无力。 ② 常配当归、枳壳、麻仁、柏子仁等同用，对老弱肾阳不足、病后及产后精血亏虚便秘者尤宜。,0.78,兽药合理应用与联用手册（401-600页）,SRC-0093,,p.534; line=3493; section=第十二节 补益药,complete,swine,all_stages,China/handbook context
RAU3-CAUTION-f300a43d,tcm_caution_contraindication,肉苁蓉,has_use_caution,阴虚火旺、脾虚便溏者忌用。,0.78,兽药合理应用与联用手册（401-600页）,SRC-0093,,p.534; line=3493; section=第十二节 补益药,complete,swine,all_stages,China/handbook context
RAU3-COMBO-8d346889,tcm_combination_contraindication,淫羊藿,has_combination_or_contraindication,① 本品常配伍仙茅、山茱萸、肉苁蓉等同用，有温肾壮阳、益精起痿之效，用于肾阳虚的阳痿、滑精、不孕、尿频、腰膝冷通、肢冷恶寒等症。 ② 本品单用浸酒服，可用于肢体麻木拘挛；与威灵仙、独活、肉桂、当归、川芎等同用，用于筋骨痿软、四肢不利、瘫痪等。,0.78,兽药合理应用与联用手册（401-600页）,SRC-0093,,p.534; line=3512; section=第十二节 补益药,complete,swine,all_stages,China/handbook context
RAU3-CAUTION-8d346889,tcm_caution_contraindication,淫羊藿,has_use_caution,阴虚火旺者不宜服。,0.78,兽药合理应用与联用手册（401-600页）,SRC-0093,,p.534; line=3512; section=第十二节 补益药,complete,swine,all_stages,China/handbook context
RAU3-COMBO-29d16b25,tcm_combination_contraindication,杜仲,has_combination_or_contraindication,① 本品常配补骨脂、胡桃肉，治疗腰膝痿软、酸痛，如《太平惠民和济局方》青娥丸；与山茱萸、菟丝子、覆盆子等同用，用于阳痿、尿频。 ② 本品常配伍艾叶、续断、白术、党参、砂仁、熟地黄、阿胶等同用，用于肝肾亏虚、下元虚冷的胎动不安。,0.78,兽药合理应用与联用手册（401-600页）,SRC-0093,,p.535; line=3531; section=第十二节 补益药,complete,swine,all_stages,China/handbook context
RAU3-CAUTION-29d16b25,tcm_caution_contraindication,杜仲,has_use_caution,阴虚火旺者不宜用。,0.78,兽药合理应用与联用手册（401-600页）,SRC-0093,,p.535; line=3531; section=第十二节 补益药,complete,swine,all_stages,China/handbook context
RAU3-COMBO-eaf6a581,tcm_combination_contraindication,胡芦巴,has_combination_or_contraindication,① 本品常与巴戟天、淫羊藿等同用，用于肾阳不足、寒气凝滞所致的阳痿。 ② 与补骨脂、杜仲等配伍，治疗寒伤腰胯。,0.78,兽药合理应用与联用手册（401-600页）,SRC-0093,,p.536; line=3552; section=第十二节 补益药,complete,swine,all_stages,China/handbook context
RAU3-CAUTION-eaf6a581,tcm_caution_contraindication,胡芦巴,has_use_caution,阴虚阳亢者忌用。,0.78,兽药合理应用与联用手册（401-600页）,SRC-0093,,p.536; line=3552; section=第十二节 补益药,complete,swine,all_stages,China/handbook context
RAU3-COMBO-a15be783,tcm_combination_contraindication,续断,has_combination_or_contraindication,① 本品常配杜仲、牛膝、补骨脂等，如《扶寿精方》续断丸，治腰膝酸痛、软弱无力；与葶苈、防风、牛膝等同用，如《太平惠民和济局方》续断丸，治风寒湿痹、筋挛骨痛；与骨碎补、当归、赤芍、红花、自然铜等同用，治跌打损伤、骨折、肿痛等。 ② 本品常配阿胶、艾叶、熟地黄等同用，有补肝肾、调冲任、止血安胎之效，用于肝肾虚弱、冲任失调的胎动不安。,0.78,兽药合理应用与联用手册（401-600页）,SRC-0093,,p.537; line=3573; section=第十二节 补益药,complete,swine,all_stages,China/handbook context
RAU3-CAUTION-a15be783,tcm_caution_contraindication,续断,has_use_caution,阴虚火旺者忌用。,0.78,兽药合理应用与联用手册（401-600页）,SRC-0093,,p.537; line=3573; section=第十二节 补益药,complete,swine,all_stages,China/handbook context
RAU3-COMBO-8a5e9e52,tcm_combination_contraindication,狗脊,has_combination_or_contraindication,① 本品常配伍杜仲、牛膝、巴戟天、茴香等，适用于肝肾不足兼有风寒湿邪的病证，如劳伤乏力、寒伤腰胯、四肢风湿疼痛、骨软症等。 ② 狗脊上的茸毛有止血功效，一般只用于外伤出血。,0.78,兽药合理应用与联用手册（401-600页）,SRC-0093,,p.537; line=3592; section=第十二节 补益药,complete,swine,all_stages,China/handbook context
RAU3-CAUTION-8a5e9e52,tcm_caution_contraindication,狗脊,has_use_caution,阴虚火旺者不宜用。,0.78,兽药合理应用与联用手册（401-600页）,SRC-0093,,p.537; line=3592; section=第十二节 补益药,complete,swine,all_stages,China/handbook context
RAU3-COMBO-4e91ee62,tcm_combination_contraindication,补 骨 脂,has_combination_or_contraindication,① 本品常配川牛膝、木瓜、续断、胡芦巴、肉桂等，治疗寒伤腰胯、腰膝冷痛；与盐小茴、杜仲、川楝子等配伍，可治疗肾冷拖腰症；常配巴戟天、肉桂、枸杞子等，治阳痿因下元虚败；与盐小茴、胡芦巴、盐知母、盐黄柏等配伍，治睾丸虚肿发热的阳黄证；与青盐等同炒为末服，治遗精；同茴香等为丸，治肾气虚冷、小便无度。 ② 本品常配五味子、肉豆蔻、吴茱萸同用，如《内科摘要》四神丸，能补肾阳以暖脾止泻，用于脾肾阳虚泄泻。 ③ 本品常配人参、肉桂、沉香等同用，能补肾阳而纳气平喘，用于肾不纳气的虚喘。,0.78,兽药合理应用与联用手册（401-600页）,SRC-0093,,p.538; line=3611; section=第十二节 补益药,complete,swine,all_stages,China/handbook context
RAU3-CAUTION-4e91ee62,tcm_caution_contraindication,补 骨 脂,has_use_caution,阴虚火旺、粪便秘结者不宜用。,0.78,兽药合理应用与联用手册（401-600页）,SRC-0093,,p.538; line=3611; section=第十二节 补益药,complete,swine,all_stages,China/handbook context
RAU3-COMBO-fc1811b9,tcm_combination_contraindication,骨碎补,has_combination_or_contraindication,① 本品可与菟丝子、五味子、肉豆蔻等同用，有补肾壮阳而止泻之效，用于肾阳不足所致的久泻。 ② 本品常与续断、自然铜、乳香、没药等配伍，有补肾坚骨、 活血疗伤之功，用于跌打损伤及骨折等。,0.78,兽药合理应用与联用手册（401-600页）,SRC-0093,,p.539; line=3633; section=第十二节 补益药,complete,swine,all_stages,China/handbook context
RAU3-CAUTION-fc1811b9,tcm_caution_contraindication,骨碎补,has_use_caution,阴虚及无瘀血者慎用。,0.78,兽药合理应用与联用手册（401-600页）,SRC-0093,,p.539; line=3633; section=第十二节 补益药,complete,swine,all_stages,China/handbook context
RAU3-COMBO-650d780b,tcm_combination_contraindication,益智仁,has_combination_or_contraindication,① 本品常配伍山药、桑螵蛸、菟丝子等同用，有温补肾阳、涩精缩尿的作用，用于肾阳不足、不能固摄所致的滑精、尿频等。 ② 本品常与党参、白术、干姜等配伍，用于脾阳不振、运化失常引起的虚寒泄泻、腹部疼痛等；与党参、茯苓、半夏、山药、陈皮等配伍，治疗脾虚不能摄涎以致涎多自流者。,0.78,兽药合理应用与联用手册（401-600页）,SRC-0093,,p.540; line=3654; section=第十二节 补益药,complete,swine,all_stages,China/handbook context
RAU3-CAUTION-650d780b,tcm_caution_contraindication,益智仁,has_use_caution,阴虚火旺者不宜用。,0.78,兽药合理应用与联用手册（401-600页）,SRC-0093,,p.540; line=3654; section=第十二节 补益药,complete,swine,all_stages,China/handbook context
RAU3-COMBO-7f01cf78,tcm_combination_contraindication,冬虫夏草,has_combination_or_contraindication,① 本品可单用浸酒服，或配伍淫羊藿、巴戟天、菟丝子等同用，有补肾助阳益精之效，用于肾虚腰痛、阳痿、遗精。 ② 本品常配北沙参、川贝母、阿胶等，用于治疗劳咳痰血；常与人参、胡桃肉、蛤蚧等同用，用于治疗喘咳短气。,0.78,兽药合理应用与联用手册（401-600页）,SRC-0093,,p.540; line=3673; section=第十二节 补益药,complete,swine,all_stages,China/handbook context
RAU3-CAUTION-7f01cf78,tcm_caution_contraindication,冬虫夏草,has_use_caution,① 冬虫夏草中有效成分受热易破坏，因此最好选用不经长时间高温处理的方法。 ② 感冒发热、风湿性关节炎患者、脑出血患者以及有实火或邪胜者，不宜服用冬虫夏草。,0.78,兽药合理应用与联用手册（401-600页）,SRC-0093,,p.540; line=3673; section=第十二节 补益药,complete,swine,all_stages,China/handbook context
RAU3-COMBO-1e3d0456,tcm_combination_contraindication,蛤 蚊,has_combination_or_contraindication,① 本品常与人参同用，如人参蛤蚧散或配伍贝母、百合、天冬、麦冬等，能峻补肺肾之气而纳气平喘，为治虚喘劳咳的要药，用于肺肾两虚、肾不纳气的虚喘久咳。 ② 本品用于可单用浸酒服，或配人参、鹿茸、淫羊藿等同用，有助肾壮阳、益精血的功效，用于治疗肾阳不足、精血亏虚的阳痿。,0.78,兽药合理应用与联用手册（401-600页）,SRC-0093,,p.541; line=3693; section=第十二节 补益药,complete,swine,all_stages,China/handbook context
RAU3-CAUTION-1e3d0456,tcm_caution_contraindication,蛤 蚊,has_use_caution,外感咳嗽者不宜用。,0.78,兽药合理应用与联用手册（401-600页）,SRC-0093,,p.541; line=3693; section=第十二节 补益药,complete,swine,all_stages,China/handbook context
RAU3-COMBO-64d2eb4c,tcm_combination_contraindication,紫河车,has_combination_or_contraindication,① 本品可单用，或配伍补肾温阳益精之品，如鹿茸、人参、当归、菟丝子之类同用，用于肾气不足、精血亏虚的不孕、阳痿遗精、腰酸耳鸣等。 ② 本品可单用或随证配伍人参、蛤蚧、胡桃肉、地龙等补肾纳气平喘药应用，用于肺肾两虚的喘咳。 ③ 本品可与党参、黄芪、当归、熟地黄等同用，用于气血不足、萎黄消瘦、产后乳少、子宫脱垂等；血余炭、黄酒为引服，用于治疗子宫脱垂；还可治癫痫及某些过敏性疾病或免疫缺陷病。 # 附脐带 脐带为新生儿的脐带，又名坎芜。将新鲜脐带用金银花、甘草、黄酒同煮，烘干入药。药味甘、咸，性温，归肾、肺经。有补肾纳气、平喘、敛汗的功效。主要用于肺肾两虚的喘咳、盗汗等。,0.78,兽药合理应用与联用手册（401-600页）,SRC-0093,,p.542; line=3714; section=第十二节 补益药,complete,swine,all_stages,China/handbook context
RAU3-COMBO-5e3bc56e,tcm_combination_contraindication,菟丝子,has_combination_or_contraindication,① 本品常配枸杞子、五味子、覆盆子等，治阳痿滑精；常配桑螵蛸、鹿茸、五味子等，治小便失禁。 ② 本品常配熟地黄、枸杞子、车前子等，用于肝肾不足、目失所养而致双眼干涩、视力减退。 ③ 本品常配茯苓、白术、山药等同用，能温肾补脾而止虚泻，用于脾肾虚泻。 ④ 本品常与川续断、桑寄生、阿胶配伍应用，如寿胎丸，有补肝肾、固胎元之效，用于肝肾不足的胎动不安。,0.78,兽药合理应用与联用手册（401-600页）,SRC-0093,,p.543; line=3736; section=第十二节 补益药,complete,swine,all_stages,China/handbook context
RAU3-CAUTION-5e3bc56e,tcm_caution_contraindication,菟丝子,has_use_caution,阴虚火旺、大便燥结、小便短赤时不宜服用。,0.78,兽药合理应用与联用手册（401-600页）,SRC-0093,,p.543; line=3736; section=第十二节 补益药,complete,swine,all_stages,China/handbook context
RAU3-COMBO-4712bffc,tcm_combination_contraindication,沙苑子,has_combination_or_contraindication,① 本品常配龙骨、莲须、芡实等同用，如金锁固精丸，用于肾虚阳痿、遗精早泄、尿淋等证。 ② 本品常配枸杞子、菟丝子、菊花等同用，有补养肝肾以明目之效，用于肝肾不足的眩晕目昏。,0.78,兽药合理应用与联用手册（401-600页）,SRC-0093,,p.544; line=3758; section=第十二节 补益药,complete,swine,all_stages,China/handbook context
RAU3-COMBO-22198c3e,tcm_combination_contraindication,锁阳,has_combination_or_contraindication,① 本品常与肉苁蓉、菟丝子等配伍，用于肾虚阳痿、滑精等证。 ② 本品常与熟地黄、牛膝、枸杞子、五味子等配伍，用于肝肾阴亏、筋骨痿软、步行艰难等，有润燥、养筋骨的作用。 ③ 本品可与肉苁蓉、火麻仁、柏子仁等配伍，既润肠通便，又有滋养作用，用于久病体虚、老年患畜及产后肠燥便秘。,0.78,兽药合理应用与联用手册（401-600页）,SRC-0093,,p.544; line=3773; section=第十二节 补益药,complete,swine,all_stages,China/handbook context
RAU3-CAUTION-22198c3e,tcm_caution_contraindication,锁阳,has_use_caution,肾火盛者忌用。,0.78,兽药合理应用与联用手册（401-600页）,SRC-0093,,p.544; line=3773; section=第十二节 补益药,complete,swine,all_stages,China/handbook context
RAU3-COMBO-83f8fe46,tcm_combination_contraindication,阳起石,has_combination_or_contraindication,本品可与补骨脂、菟丝子、肉苁蓉等配伍使用，用于肾气虚寒、阳痿、滑精、早泄、子宫虚寒、腰胯冷痹等证。,0.78,兽药合理应用与联用手册（401-600页）,SRC-0093,,p.545; line=3795; section=第十二节 补益药,complete,swine,all_stages,China/handbook context
RAU3-CAUTION-83f8fe46,tcm_caution_contraindication,阳起石,has_use_caution,阴虚火旺者忌服。,0.78,兽药合理应用与联用手册（401-600页）,SRC-0093,,p.545; line=3795; section=第十二节 补益药,complete,swine,all_stages,China/handbook context
RAU3-COMBO-1fac3f72,tcm_combination_contraindication,仙茅,has_combination_or_contraindication,① 本品常配伍淫羊藿、枸杞子、金樱子等同用，可用于肾虚诸证及肾阳不足所致阳痿、滑精。 ② 本品常与巴戟天、黄芪、鸡血藤、牛膝、木瓜、路路通等同用，可用于风寒湿痹。,0.78,兽药合理应用与联用手册（401-600页）,SRC-0093,,p.546; line=3817; section=第十二节 补益药,complete,swine,all_stages,China/handbook context
RAU3-CAUTION-1fac3f72,tcm_caution_contraindication,仙茅,has_use_caution,① 阴虚火旺者忌服。 ② 本品燥烈有毒，不宜久服。 # 三、补血药 本类药物的药性多甘温或甘平，质地滋润，能补肝养心或益脾，而以滋生血液为主，有的还兼能滋养肝肾。主要适用于心肝血 虚所致的唇爪苍白、皮毛无华、蹄甲枯槁、心动无力、神疲力乏、脉细弱等。若母畜冲任脉虚，则不发情或发情紊乱，或胎动，或早产，或流产等。 应用时，如兼见气虚者，要配伍补气药，使气旺以生血；兼见阴虚者，要配伍补阴药，或选用补血而又兼能补阴的阿胶、熟地黄、桑葚之类。“后天之本在脾”，脾的运化功能衰弱，补血药就不能充分发挥作用，故还应适当配伍健运脾胃...,0.78,兽药合理应用与联用手册（401-600页）,SRC-0093,,p.546; line=3817; section=第十二节 补益药,complete,swine,all_stages,China/handbook context
RAU3-COMBO-5bcbb87a,tcm_combination_contraindication,当归,has_combination_or_contraindication,① 本品常配熟地黄、白芍等同用，如四物汤，用于心肝血虚、面色萎黄、眩晕心悸等。与黄芪、人参等同用，如当归补血汤、人参养营汤等，用于气血两虚者。 ② 本品常配川芎、白芷等，用于治疗血滞兼寒的肿痛；与郁金、香附等同用，用于气血瘀滞的胸痛、胁痛；与桂枝、白芍等配伍，用于虚寒腹痛；与黄芩、黄连、木香等同用，用于血痢腹痛；与乳香、没药、桃仁、红花等药同用，治跌打损伤；与羌活、独活、桂枝、秦艽等药配伍，用于风湿痹痛、肢体麻木；与益母草、川芎、桃仁等同用，治疗产后瘀血疼痛。 ③ 本品常配金银花、连翘、炮穿山甲、赤芍等，以消肿止痛，用于疮疡初期；常配人参、黄芪、熟地黄等，以补血生肌，用于痈疽溃后、气血亏虚。 ④ 本品常配火麻仁、肉苁蓉等同用，能养血...,0.78,兽药合理应用与联用手册（401-600页）,SRC-0093,,p.547; line=3847; section=第十二节 补益药,complete,swine,all_stages,China/handbook context
RAU3-CAUTION-5bcbb87a,tcm_caution_contraindication,当归,has_use_caution,阴虚内热者不宜用。,0.78,兽药合理应用与联用手册（401-600页）,SRC-0093,,p.547; line=3847; section=第十二节 补益药,complete,swine,all_stages,China/handbook context
RAU3-COMBO-d6d772be,tcm_combination_contraindication,熟地黄,has_combination_or_contraindication,① 本品常与当归、川芎、白芍同用，并随证配伍相应的药物，用于血虚体弱、萎黄、眩晕、心悸等症。 ② 本品常与山茱萸、山药等同用，如六味地黄丸，用于肾阴不足的潮热骨蒸、盗汗、遗精等。 ③ 本品常与制何首乌、枸杞子、菟丝子等补精血药同用，用于肝肾精血亏虚的腰膝痿软、眩晕耳鸣等。,0.78,兽药合理应用与联用手册（401-600页）,SRC-0093,,p.548; line=3870; section=第十二节 补益药,complete,swine,all_stages,China/handbook context
RAU3-CAUTION-d6d772be,tcm_caution_contraindication,熟地黄,has_use_caution,脾虚湿盛者忌用。,0.78,兽药合理应用与联用手册（401-600页）,SRC-0093,,p.548; line=3870; section=第十二节 补益药,complete,swine,all_stages,China/handbook context
RAU3-COMBO-2371a731,tcm_combination_contraindication,何首乌,has_combination_or_contraindication,① 制首乌多与熟地黄、枸杞子、菟丝子等配伍，有补益精血的功效，常用于阴虚血少、腰膝痿软等。 ② 生首乌常与当归、肉苁蓉、麻仁等同用，能通便泻下，适用于体质虚弱及老年患畜之便秘。 ③ 生首乌常与玄参、紫花地丁、天花粉等同用，散结解毒，用于治瘰疬、疮疡、皮肤瘙痒等。,0.78,兽药合理应用与联用手册（401-600页）,SRC-0093,,p.549; line=3892; section=第十二节 补益药,complete,swine,all_stages,China/handbook context
RAU3-CAUTION-2371a731,tcm_caution_contraindication,何首乌,has_use_caution,脾虚湿盛者不宜用。,0.78,兽药合理应用与联用手册（401-600页）,SRC-0093,,p.549; line=3892; section=第十二节 补益药,complete,swine,all_stages,China/handbook context
RAU3-COMBO-f681dab4,tcm_combination_contraindication,白芍,has_combination_or_contraindication,① 本品常配生地黄、牛膝、石决明、女贞子等同用，有养肝阴、调肝气、平肝阳、缓急止痛之效，用于肝阴不足、肝阳上亢、躁动不安等。 ② 本品常配甘草、防风、白术等同用，有柔肝止痛之效，用于肝脾不调、腹痛泄泻。 ③ 本品常与桂枝配伍，调和营卫而止汗，用于营卫不和、表虚自汗；与生地黄、牡蛎、浮小麦等配伍，敛阴而止汗，用于阴虚盗汗。 ④ 本品属酸性药物，不与磺胺类药、氨基糖苷类（链霉素、红霉素、庆大霉素、卡那霉素等）、氢氧化铝、氨茶碱等碱性药，以及呋喃妥因、利福平、阿司匹林、吲哚美辛等配伍，可能与其易析出结晶而致结晶尿、血尿，起中和反应，降低或失去药效，加重对肾脏的毒性等有关系。,0.78,兽药合理应用与联用手册（401-600页）,SRC-0093,,p.549; line=3912; section=第十二节 补益药,complete,swine,all_stages,China/handbook context
RAU3-CAUTION-f681dab4,tcm_caution_contraindication,白芍,has_use_caution,反藜芦。,0.78,兽药合理应用与联用手册（401-600页）,SRC-0093,,p.549; line=3912; section=第十二节 补益药,complete,swine,all_stages,China/handbook context
RAU3-COMBO-d17ebb0f,tcm_combination_contraindication,阿胶,has_combination_or_contraindication,① 本品常与熟地黄、当归、黄芪等补益气血药同用，用于血虚萎黄、眩晕、心悸等。 ② 本品配伍蒲黄、生地黄、墨旱莲、仙鹤草、白茅根等，用于治疗血热吐衄；与人参、天冬、北五味子、白及等同用，用于肺破咯血；配伍当归、赤芍或槐花、地榆等，可治便血；配伍白芍、黄连等，可治先便后血；配伍生地黄、艾叶、当归等，如胶艾汤，可治子宫出血。 ③ 配伍麦冬、杏仁等，如清燥救肺汤，治温燥伤肺、干咳无痰；配白芍、黄连等，如黄连阿胶汤，治热病伤阴、烦躁不安；与艾叶配伍使用，用于妊娠胎动、下血。,0.78,兽药合理应用与联用手册（401-600页）,SRC-0093,,p.550; line=3934; section=第十二节 补益药,complete,swine,all_stages,China/handbook context
RAU3-CAUTION-d17ebb0f,tcm_caution_contraindication,阿胶,has_use_caution,本品性滋腻，有碍消化，胃弱便溏者慎用。,0.78,兽药合理应用与联用手册（401-600页）,SRC-0093,,p.550; line=3934; section=第十二节 补益药,complete,swine,all_stages,China/handbook context
RAU3-COMBO-b078d731,tcm_combination_contraindication,龙眼肉,has_combination_or_contraindication,① 本品单用即有效；亦可配伍黄芪、党参、当归、酸枣仁等同用，用于心脾虚损、气血不足的心悸、躁动不安等。 ② 本品避免与奎宁、麻黄碱、阿托品、强心苷类、降血糖药（苯乙双胍、甲苯磺丁脲等）、水杨酸制剂以及排钾利尿药（如氢氯噻嗪等）等配伍，易发生沉淀，影响吸收，中毒，拮抗，易促成消化性溃疡以及易致低钾血症。 # 四、补阴药 本类药物的药性大多甘寒（或偏凉）质润，能补阴、滋液、润燥，以治疗阴虚液亏之证为主。故历代医家相沿以“甘寒养阴”来概括其性用。“阴虚则内热”，而补阴药的寒凉性又可以清除阴虚不足之热，故阴虚多热者用之尤宜。 阴虚证多见于热病后期及若干慢性疾病。最常见的证候为肺、胃及肝、肾阴虚。补阴药各有其长，可根据阴虚的主要证候选择应用。...,0.78,兽药合理应用与联用手册（401-600页）,SRC-0093,,p.551; line=3955; section=第十二节 补益药,complete,swine,all_stages,China/handbook context
RAU3-COMBO-3e6042ff,tcm_combination_contraindication,沙参,has_combination_or_contraindication,① 本品常与麦冬、玉竹、天花粉、川贝母等同用，用于肺阴虚的肺热燥咳、干咳少痰或劳伤久咳、咽干音哑等。 ② 本品常配麦冬、石斛等同用，有养胃阴、清胃热、生津液之功，用于胃阴虚或热伤胃阴、津液不足的口渴咽干、舌质红绛、胃脘隐痛、干呕等。,0.78,兽药合理应用与联用手册（401-600页）,SRC-0093,,p.552; line=3982; section=第十二节 补益药,complete,swine,all_stages,China/handbook context
RAU3-CAUTION-3e6042ff,tcm_caution_contraindication,沙参,has_use_caution,① 肺寒湿痰咳嗽者不宜用。 ② 反藜芦。,0.78,兽药合理应用与联用手册（401-600页）,SRC-0093,,p.552; line=3982; section=第十二节 补益药,complete,swine,all_stages,China/handbook context
RAU3-COMBO-05763fd0,tcm_combination_contraindication,麦冬,has_combination_or_contraindication,① 本品常与桑叶、杏仁、阿胶等配伍，如清燥救肺汤，用于 燥咳痰黏、咽干鼻燥；配天冬，如《张氏医通》二冬膏，用于治疗劳热咳嗽。 ② 常配玉竹、沙参等，如益胃汤，治热伤胃阴的口渴咽干；与玄参、生地黄配伍，如《温病条辨》中增液汤，治疗热病津伤、肠燥便秘。 ③ 与生地黄、酸枣仁等同用，如天王补心丹，治阴虚有热的心烦不安；配黄连、生地黄、竹叶心等同用，如清营汤，治邪扰心营、身热烦躁、舌绛而干等。 ④ 本品应避免与奎宁、麻黄碱、阿托品、强心苷类、降血糖药（苯乙双胍、甲苯磺丁脲等）、水杨酸制剂以及排钾利尿药（氢氯噻嗪等）等配伍，易发生沉淀、影响吸收，中毒，拮抗，易促成消化性溃疡以及易致低钾血症。,0.78,兽药合理应用与联用手册（401-600页）,SRC-0093,,p.553; line=4004; section=第十二节 补益药,complete,swine,all_stages,China/handbook context
RAU3-CAUTION-05763fd0,tcm_caution_contraindication,麦冬,has_use_caution,寒咳多痰、脾虚便溏者不宜用。,0.78,兽药合理应用与联用手册（401-600页）,SRC-0093,,p.553; line=4004; section=第十二节 补益药,complete,swine,all_stages,China/handbook context
RAU3-COMBO-2a2091b2,tcm_combination_contraindication,天冬,has_combination_or_contraindication,① 常配麦冬、沙参、川贝母等同用，治燥热咳嗽；常配麦冬、川贝母、生地黄、阿胶等同用，治劳嗽咯血或干咳痰黏、痰中带血。 ② 配熟地黄、知母、黄柏等同用，治肾虚火旺、潮热滑精等；配党参、生地黄等同用，如《温病条辨》三才汤，治热病伤津口 渴；与生地黄、玄参、火麻仁等配伍，用于热伤津液的肠燥便秘。 ③ 本品避免与奎宁、麻黄碱、阿托品、强心苷类、降血糖药（苯乙双胍、甲苯磺丁脲等）、水杨酸制剂以及排钾利尿药（如氢氯噻嗪等）等配伍，易发生沉淀、影响吸收，中毒，拮抗，易促成消化性溃疡以及易致低钾血症。,0.78,兽药合理应用与联用手册（401-600页）,SRC-0093,,p.554; line=4028; section=第十二节 补益药,complete,swine,all_stages,China/handbook context
RAU3-CAUTION-2a2091b2,tcm_caution_contraindication,天冬,has_use_caution,寒咳多痰、脾虚便溏者不宜用。,0.78,兽药合理应用与联用手册（401-600页）,SRC-0093,,p.554; line=4028; section=第十二节 补益药,complete,swine,all_stages,China/handbook context
RAU3-COMBO-4cfd0169,tcm_combination_contraindication,石斛,has_combination_or_contraindication,本品常配生地黄、麦冬、沙参、天花粉等，有清热生津之效，重在滋养肺胃之阴而退虚热，用于热病伤津、低热烦渴、口燥咽干、舌红苔少，肺胃有热、口渴贪饮者亦可使用。,0.78,兽药合理应用与联用手册（401-600页）,SRC-0093,,p.555; line=4051; section=第十二节 补益药,complete,swine,all_stages,China/handbook context
RAU3-CAUTION-4cfd0169,tcm_caution_contraindication,石斛,has_use_caution,湿热及温热尚未化燥者忌用。,0.78,兽药合理应用与联用手册（401-600页）,SRC-0093,,p.555; line=4051; section=第十二节 补益药,complete,swine,all_stages,China/handbook context
RAU3-COMBO-d80fe2fe,tcm_combination_contraindication,玉竹,has_combination_or_contraindication,① 本品常与沙参、麦冬、川贝母等同用，能养阴、润肺而止燥咳，用于阴虚肺燥的干咳少痰。 ② 本品常配生地黄、麦冬等同用，如益胃汤，能益胃生津，并治内热消渴，用于热病伤津、烦热口渴等，可治热病伤津的烦热口渴。,0.78,兽药合理应用与联用手册（401-600页）,SRC-0093,,p.555; line=4069; section=第十二节 补益药,complete,swine,all_stages,China/handbook context
RAU3-CAUTION-d80fe2fe,tcm_caution_contraindication,玉竹,has_use_caution,寒湿盛者忌用。,0.78,兽药合理应用与联用手册（401-600页）,SRC-0093,,p.555; line=4069; section=第十二节 补益药,complete,swine,all_stages,China/handbook context
RAU3-COMBO-6a073c5c,tcm_combination_contraindication,黄精,has_combination_or_contraindication,① 可单用熬膏服，或配沙参、天冬、川贝母、知母等同用，用于治疗阴虚肺燥咳嗽；配地黄、天冬、百部等同用，治劳嗽久咳。 ② 与党参、白术等同用，用于脾胃气虚而倦怠乏力、食欲不振、脉象虚软者；与石斛、麦冬、山药等同用，用于脾胃阴虚而致口干食少、舌红无苔者。 ③ 本品常配枸杞子、熟地黄等同用，用于肾虚精亏的腰膝痿软。,0.78,兽药合理应用与联用手册（401-600页）,SRC-0093,,p.556; line=4090; section=第十二节 补益药,complete,swine,all_stages,China/handbook context
RAU3-CAUTION-6a073c5c,tcm_caution_contraindication,黄精,has_use_caution,脾虚有湿者不宜用。,0.78,兽药合理应用与联用手册（401-600页）,SRC-0093,,p.556; line=4090; section=第十二节 补益药,complete,swine,all_stages,China/handbook context
RAU3-COMBO-b6a5be26,tcm_combination_contraindication,百合,has_combination_or_contraindication,① 与款冬花配伍，如《济生方》百花膏，用于肺阴虚的燥热咳嗽、痰中带血；配生地黄、玄参、川贝母等，如百合固金汤，用于肺虚久咳、劳嗽咯血。 ② 本品常配知母、生地黄同用，如百合知母汤、百合地黄汤，能清心安神，用于热病余热未清、惊悸、躁动不安等。,0.78,兽药合理应用与联用手册（401-600页）,SRC-0093,,p.557; line=4112; section=第十二节 补益药,complete,swine,all_stages,China/handbook context
RAU3-CAUTION-b6a5be26,tcm_caution_contraindication,百合,has_use_caution,外感风寒咳嗽者忌用。,0.78,兽药合理应用与联用手册（401-600页）,SRC-0093,,p.557; line=4112; section=第十二节 补益药,complete,swine,all_stages,China/handbook context
RAU3-COMBO-50546d42,tcm_combination_contraindication,枸杞子,has_combination_or_contraindication,① 本品常与菟丝子、熟地黄、山茱萸等同用，为滋阴补血的 常用药，用于肝肾亏虚、精血不足、腰胯乏力等。 ② 本品常配菊花、地黄等，如杞菊地黄丸，有补肝肾、益精血、明目之效，用于肝肾不足所致视力减退、内障目昏、瞳孔放大等。,0.78,兽药合理应用与联用手册（401-600页）,SRC-0093,,p.558; line=4133; section=第十二节 补益药,complete,swine,all_stages,China/handbook context
RAU3-CAUTION-50546d42,tcm_caution_contraindication,枸杞子,has_use_caution,脾虚湿滞、内有实热者不宜用。,0.78,兽药合理应用与联用手册（401-600页）,SRC-0093,,p.558; line=4133; section=第十二节 补益药,complete,swine,all_stages,China/handbook context
RAU3-COMBO-c89ee886,tcm_combination_contraindication,鳖 甲,has_combination_or_contraindication,① 配青蒿、秦艽、知母等，如青蒿鳖甲汤、秦艽鳖甲散等，用于阴虚发热作用较龟甲为优，为治阴虚发热的要药；配生地黄、牡蛎、菊花等同用，治疗阴虚阳亢、头晕目眩；常配生地黄、龟甲、牡蛎等同用，用于热病伤阴、阴虚风动、舌干红绛。 ② 本品常配三棱、莪术、木香、桃仁、红花、青皮等，能软坚散结，通血脉而消症瘕，用于症瘕积聚作痛等。,0.78,兽药合理应用与联用手册（401-600页）,SRC-0093,,p.559; line=4155; section=第十二节 补益药,complete,swine,all_stages,China/handbook context
RAU3-CAUTION-c89ee886,tcm_caution_contraindication,鳖 甲,has_use_caution,阳虚及外感未解、脾虚泄泻及孕畜忌用。 # 附龟甲 为龟科动物乌龟的背甲及腹甲。本品性寒，味甘、咸；归肝、肾、心经；功能滋阴潜阳、益肾健骨、止血、养血补心；多用于治阴虚内热、骨蒸盗汗、热病伤阴、心虚惊悸等。,0.78,兽药合理应用与联用手册（401-600页）,SRC-0093,,p.559; line=4155; section=第十二节 补益药,complete,swine,all_stages,China/handbook context
RAU3-COMBO-4321024a,tcm_combination_contraindication,女贞子,has_combination_or_contraindication,① 配熟地黄、菟丝子、枸杞子等同用，用于肝肾阴虚的目暗不明、视力减退、腰胯无力、滑精耳鸣等；配地骨皮、生地黄等同用，可治阴虚发热。 ② 本品属酸性药物，不与磺胺类药、氨基糖苷类（链霉素、红霉素、庆大霉素、卡那霉素等）、喹诺酮类、氨茶碱等碱性药，以及呋喃妥因、利福平、阿司匹林、吲哚美辛等配伍，可能与其易发生析出结晶而致结晶尿、血尿，减弱药效，起中和反应，降低或 兽/药/合理/应/用/与/联/用/手/册 失去药效，加重对肾脏的毒性等有关系。,0.78,兽药合理应用与联用手册（401-600页）,SRC-0093,,p.560; line=4178; section=第十二节 补益药,complete,swine,all_stages,China/handbook context
RAU3-CAUTION-4321024a,tcm_caution_contraindication,女贞子,has_use_caution,阳虚及脾虚泄泻者忌用,0.78,兽药合理应用与联用手册（401-600页）,SRC-0093,,p.560; line=4178; section=第十二节 补益药,complete,swine,all_stages,China/handbook context
RAU3-COMBO-5900ee0b,tcm_combination_contraindication,山茱萸（山萸肉）,has_combination_or_contraindication,① 本品常与菟丝子、熟地黄、杜仲等配伍，滋补肝肾、固肾涩精，适用于肝肾不足所致的腰胯乏力、滑精早泄等。 ② 可与党参、附子、龙骨、牡蛎等同用，适用于大汗亡阳欲脱之证；与地黄、牡丹皮、知母等配伍，可治阴虚盗汗之证。 ③ 本品属酸性药物，不与磺胺类药、氨基糖苷类（链霉素、红霉素、庆大霉素、卡那霉素等）、喹诺酮类、氨茶碱等碱性药，以及呋喃妥因、利福平、阿司匹林、吲哚美辛等配伍，可能与其易发生析出结晶而致结晶尿、血尿，减弱药效，起中和反应，降低或失去药效，加重对肾脏的毒性等有关系。,0.78,兽药合理应用与联用手册（401-600页）,SRC-0093,,p.561; line=4202; section=第十二节 补益药,complete,swine,all_stages,China/handbook context
RAU3-CAUTION-5900ee0b,tcm_caution_contraindication,山茱萸（山萸肉）,has_use_caution,"湿热、小便淋涩不宜用。 补益药功能比较见表6-4。 表 6-4 补益药功能比较 类别药物相同点不同点补气药人参党参黄芪白术山药补脾益气人参补气之力最大,独能大补元气;党参补气之力小于人参,多用于补脾益气;黄芪补中益气,善于固表升阳,并有利水消肿、托疮排脓等功效;白术苦温,主补脾阳,兼能燥湿;山药甘平,主补脾阴,并能益肺滋肾大枣甘草补气和中,调和药性大枣与生姜同用,善于调和营卫;甘草炙用补脾益气,生用能清热解毒,治肺热、咽痛、咳嗽及疮疡肿毒补血药当归熟地黄阿胶何首乌白芍补血当归味辛苦而气香,性善走散,长于活血止痛,但...",0.78,兽药合理应用与联用手册（401-600页）,SRC-0093,,p.561; line=4202; section=第十二节 补益药,complete,swine,all_stages,China/handbook context
RAU3-COMBO-987ba073,tcm_combination_contraindication,石决明,has_combination_or_contraindication,① 本品常与生地黄、白芍、牡蛎等养阴、平肝药物配伍，用治肝肾阴虚、肝阳眩晕证；与夏枯草、钩藤、菊花等清热、平肝药物同用，用于肝阳上亢并肝火亢盛之头晕头痛、烦躁易怒者。 ② 本品可与夏枯草、决明子、菊花等配伍，治疗肝火上炎之目赤肿痛；与蝉蜕、菊花、木贼等配伍，治疗风热目赤、翳膜遮睛；常与熟地黄、枸杞子、菟丝子等配伍，阴虚血少之双眼干涩、目暗不明、视物不清者。 ③ 含钙类药物，与酶制剂、四环素类（相隔 3\mathrm{h} 以上则影响不大）、泼尼松龙、异烟肼、利福平、维生素C等配伍，可发生络合、生成难溶物等降低生物利用度。,0.78,兽药合理应用与联用手册（401-600页）,SRC-0093,,p.562; line=4240; section=第十三节 平肝息风药,complete,swine,all_stages,China/handbook context
RAU3-COMBO-17ae27a5,tcm_combination_contraindication,草决明,has_combination_or_contraindication,① 本品常与夏枯草、栀子、菊花、黄芩、龙胆等同用，用于肝经实火、目赤肿痛、羞明多泪者；常与沙苑子、枸杞子等同用，用于肝肾阴亏、双眼干涩、视物不清者。 ② 本品常与火麻仁、瓜萎仁等配伍，用于内热肠燥、大便秘结。,0.78,兽药合理应用与联用手册（401-600页）,SRC-0093,,p.562; line=4256; section=第十三节 平肝息风药,complete,swine,all_stages,China/handbook context
RAU3-CAUTION-17ae27a5,tcm_caution_contraindication,草决明,has_use_caution,气虚便溏者不宜应用。,0.78,兽药合理应用与联用手册（401-600页）,SRC-0093,,p.562; line=4256; section=第十三节 平肝息风药,complete,swine,all_stages,China/handbook context
RAU3-COMBO-10c68a28,tcm_combination_contraindication,羚羊角,has_combination_or_contraindication,① 常与钩藤、菊花、白芍等配伍，即羚角钩藤汤，用于治温热病热邪炽盛、热极动风之高热神昏、惊厥抽搐者。与钩藤、天竺黄、郁金、朱砂等同用，用于治癫痫、惊悸。 ② 本品与石决明、牡蛎、天麻等平肝潜阳药物同用，共奏平肝阳、止眩晕之效，用于肝阳上亢、头晕目眩。 ③ 常与龙胆、决明子、黄芩等配伍，如羚羊角散，用于肝火上炎、目赤头痛。 ④ 与石膏、寒水石等配伍，如紫雪丹，用于治热病神昏、壮热、躁狂、抽搐等症；每以本品配入白虎汤中取效，用于治热毒发斑。,0.78,兽药合理应用与联用手册（401-600页）,SRC-0093,,p.563; line=4277; section=第十三节 平肝息风药,complete,swine,all_stages,China/handbook context
RAU3-COMBO-c0df7db5,tcm_combination_contraindication,珍珠,has_combination_or_contraindication,① 本品常与牡蛎、白芍、磁石等平肝药同用，治疗肝阳上亢、头晕目眩；可与钩藤、菊花、夏枯草等清肝火的药物配伍，用于肝阳上亢并有肝热烦躁易怒者。 ② 本品常与石决明、菊花、车前子配伍，可清肝明目退翳， 用于治肝热目赤、翳障；与枸杞子、贞子、黑芝麻等配伍，可养肝明目，用于治肝虚目暗、视物昏花；与苍术、猪肝或鸡肝同煮服用，可治夜盲。 ③ 与朱砂、龙骨、琥珀等安神药配伍，治疗心悸、心神不宁；亦可与天麻、钩藤、天南星等息风止痉药配伍，治疗癫痫、惊风抽搐。 ④ 本品研细末外用，可燥湿敛疮，用于湿疮瘙痒。近年来人医临床用珍珠层粉内服治疗胃、十二指肠球部溃疡，或制成眼膏外用治疗白内障、角膜炎及结膜炎，均有相当疗效。 ⑤ 含钙类药物，与酶制剂、四环素类...,0.78,兽药合理应用与联用手册（401-600页）,SRC-0093,,p.564; line=4294; section=第十三节 平肝息风药,complete,swine,all_stages,China/handbook context
RAU3-COMBO-a621b428,tcm_combination_contraindication,天麻,has_combination_or_contraindication,本品与钩藤、全蝎、川芎、白芍等配伍，用于治肝风内动引起的抽搐拘挛；与天南星、僵蚕、全蝎等同用，用于治破伤风；与牛膝、桑寄生等配伍，用于治瘫痪、麻木之证；常与秦艽、牛膝、独活、杜仲等配伍，用于治风湿痹痛。,0.78,兽药合理应用与联用手册（401-600页）,SRC-0093,,p.564; line=4315; section=第十三节 平肝息风药,complete,swine,all_stages,China/handbook context
RAU3-CAUTION-a621b428,tcm_caution_contraindication,天麻,has_use_caution,阴虚者忌用。,0.78,兽药合理应用与联用手册（401-600页）,SRC-0093,,p.564; line=4315; section=第十三节 平肝息风药,complete,swine,all_stages,China/handbook context
RAU3-COMBO-5538bb14,tcm_combination_contraindication,钩藤,has_combination_or_contraindication,① 常与天麻、全蝎、蝉蜕等同用，用于治惊风壮热神昏、牙关紧闭、四肢抽搐等症；与羚羊角、白芍药、菊花等配伍，如羚角钩藤汤，用于治温热病热极生风、痉挛抽搐。 ② 本品常与天麻、石决明、菊花、白芍、夏枯草等配伍，用于肝经有热、肝阳上亢的目赤肿痛。 ③ 常与防风、蝉蜕、桑叶等同用，有疏散风热之效，用于外感风热之证。,0.78,兽药合理应用与联用手册（401-600页）,SRC-0093,,p.565; line=4333; section=第十三节 平肝息风药,complete,swine,all_stages,China/handbook context
RAU3-CAUTION-5538bb14,tcm_caution_contraindication,钩藤,has_use_caution,① 不宜久煎。 ② 无实热及实火者忌用。,0.78,兽药合理应用与联用手册（401-600页）,SRC-0093,,p.565; line=4333; section=第十三节 平肝息风药,complete,swine,all_stages,China/handbook context
RAU3-COMBO-ae2381da,tcm_combination_contraindication,刺蒺藜,has_combination_or_contraindication,① 本品常与钩藤、珍珠母、菊花等同用，以增强其平肝之功，用于肝阳上亢、头晕目眩。 ② 与柴胡、香附、青皮等疏理肝气药物配伍，用于治胸胁胀痛；单用本品研末服或与穿山甲、王不留行等配伍，用于治产后肝郁乳汁不通、乳房胀痛。 ③ 与菊花、决明子、蔓荆子等药配伍，如白蒺藜散，用于治风热目赤肿痛、多泪多或多膜遮睛等症。 ④ 与防风、荆芥、地肤子等祛风止痒药配伍，用于风疹瘙痒。,0.78,兽药合理应用与联用手册（401-600页）,SRC-0093,,p.566; line=4354; section=第十三节 平肝息风药,complete,swine,all_stages,China/handbook context
RAU3-CAUTION-ae2381da,tcm_caution_contraindication,刺蒺藜,has_use_caution,气血虚及孕畜慎用。,0.78,兽药合理应用与联用手册（401-600页）,SRC-0093,,p.566; line=4354; section=第十三节 平肝息风药,complete,swine,all_stages,China/handbook context
RAU3-COMBO-28ebf398,tcm_combination_contraindication,罗布麻,has_combination_or_contraindication,① 本品常与钩藤、菊花、夏枯草或牡蛎、石决明、赭石等同 用，可治疗肝阳上亢及肝火上攻之头晕目眩。 ② 本品单用或与车前子、木通、茯苓等同用，用于治水肿、小便不利而有热象者。,0.78,兽药合理应用与联用手册（401-600页）,SRC-0093,,p.567; line=4377; section=第十三节 平肝息风药,complete,swine,all_stages,China/handbook context
RAU3-CAUTION-28ebf398,tcm_caution_contraindication,罗布麻,has_use_caution,不宜过量和长时间服用，以免中毒。,0.78,兽药合理应用与联用手册（401-600页）,SRC-0093,,p.567; line=4377; section=第十三节 平肝息风药,complete,swine,all_stages,China/handbook context
RAU3-COMBO-7b51d036,tcm_combination_contraindication,木贼,has_combination_or_contraindication,本品常与谷精草、石决明、草决明、白蒺藜、菊花、蝉蜕等同用，有疏风热、退翳膜的作用，用治风热目赤肿痛、羞明流泪或睛生翳膜者。,0.78,兽药合理应用与联用手册（401-600页）,SRC-0093,,p.567; line=4399; section=第十三节 平肝息风药,complete,swine,all_stages,China/handbook context
RAU3-CAUTION-7b51d036,tcm_caution_contraindication,木贼,has_use_caution,阴虚火旺者忌用。,0.78,兽药合理应用与联用手册（401-600页）,SRC-0093,,p.567; line=4399; section=第十三节 平肝息风药,complete,swine,all_stages,China/handbook context
RAU3-COMBO-be892453,tcm_combination_contraindication,谷精草,has_combination_or_contraindication,① 本品常与菊花、桑叶、防风、生地黄、赤芍、木贼、决明子等同用，适用于风热目疾、羞明流泪、翳膜遮眼等症。 ② 本品常配薄荷、菊花、牛蒡子等药用，疏散风热而治风热头痛。,0.78,兽药合理应用与联用手册（401-600页）,SRC-0093,,p.568; line=4417; section=第十三节 平肝息风药,complete,swine,all_stages,China/handbook context
RAU3-COMBO-59080da9,tcm_combination_contraindication,密蒙花,has_combination_or_contraindication,本品与石决明、青葙子、决明子、木贼等同用，用于肝热目赤肿痛、羞明流泪、睛生翳障等症；多与枸杞子、菊花、菟丝子、熟地黄、蒺藜等配伍，用于治肝虚有热之目疾。,0.78,兽药合理应用与联用手册（401-600页）,SRC-0093,,p.569; line=4436; section=第十三节 平肝息风药,complete,swine,all_stages,China/handbook context
RAU3-COMBO-76f2b64a,tcm_combination_contraindication,青 稻 子,has_combination_or_contraindication,本品常配决明子、密蒙花、菊花等同用，能清肝退翳，主要用于肝热引起的目赤肿痛、睛生翳膜、视物不见等症。,0.78,兽药合理应用与联用手册（401-600页）,SRC-0093,,p.569; line=4450; section=第十三节 平肝息风药,complete,swine,all_stages,China/handbook context
RAU3-COMBO-94dea211,tcm_combination_contraindication,夜明砂,has_combination_or_contraindication,本品可单用或配桑白皮、黄芩、赤芍、牡丹皮、生地黄、白茅根等同用，能消瘀积，用于肝热目赤、白睛溢血；可与苍术等配伍，用于治内外翳障。,0.78,兽药合理应用与联用手册（401-600页）,SRC-0093,,p.570; line=4464; section=第十三节 平肝息风药,complete,swine,all_stages,China/handbook context
RAU3-CAUTION-94dea211,tcm_caution_contraindication,夜明砂,has_use_caution,虚寒及孕畜忌用。 # 二、平肝息风药,0.78,兽药合理应用与联用手册（401-600页）,SRC-0093,,p.570; line=4464; section=第十三节 平肝息风药,complete,swine,all_stages,China/handbook context
RAU3-COMBO-770f4b8c,tcm_combination_contraindication,全蝎,has_combination_or_contraindication,① 本品用于惊痫及破伤风等内外风证。本品为息风止痉的要药。常与蔓荆子、旋覆花、乌蛇等同用，用于治破伤风；与白附子、僵蚕、天麻、当归等同用，用于治中风口眼歪斜；与蜈蚣、钩藤、当归、川芎等配伍，用于治惊痫证。 ② 本品常用麻油煎全蝎、栀子加黄蜡为膏药，外敷患处，可用于恶疮肿毒。 ③ 本品常与祛风胜湿药同用，常见搭配有蜈蚣、僵蚕、川芎、羌活等，治疗风湿痹痛之重症。,0.78,兽药合理应用与联用手册（401-600页）,SRC-0093,,p.570; line=4484; section=第十三节 平肝息风药,complete,swine,all_stages,China/handbook context
RAU3-CAUTION-770f4b8c,tcm_caution_contraindication,全蝎,has_use_caution,血虚生风者忌用。,0.78,兽药合理应用与联用手册（401-600页）,SRC-0093,,p.570; line=4484; section=第十三节 平肝息风药,complete,swine,all_stages,China/handbook context
RAU3-COMBO-2796568a,tcm_combination_contraindication,蜈蚣,has_combination_or_contraindication,① 本品有比全蝎更强的息内风及搜风通络作用，二者常相须为用，治疗多种原因引起的痉挛抽搐，如止痉散。经适当配伍，亦可用于急慢惊风、破伤风、风中经络之口眼歪斜等症。 ② 本品同雄黄、猪胆汁配伍制膏，如不二散，外敷恶疮肿毒颇佳，与茶叶共为细末，敷治瘰疬溃烂；若以本品焙黄，研细末，开水送服，或与黄连、大黄、生甘草等同用，又可治毒蛇咬伤。 ③ 本品亦有与全蝎相似的通络止痛作用，可与防风、独活、威灵仙等祛风、除湿、通络药物同用，用于风湿顽痹。,0.78,兽药合理应用与联用手册（401-600页）,SRC-0093,,p.571; line=4506; section=第十三节 平肝息风药,complete,swine,all_stages,China/handbook context
RAU3-CAUTION-2796568a,tcm_caution_contraindication,蜈蚣,has_use_caution,本品有毒，用量不宜过大，孕畜忌服。,0.78,兽药合理应用与联用手册（401-600页）,SRC-0093,,p.571; line=4506; section=第十三节 平肝息风药,complete,swine,all_stages,China/handbook context
RAU3-COMBO-db57f9af,tcm_combination_contraindication,僵蚕,has_combination_or_contraindication,① 常与全蝎、牛黄、胆南星等清热化痰、息风止痉药物配伍，如千金散，用于治痰热急惊；与党参、白术、天麻等益气健脾、息风止痉药物配伍，如醒脾散，用于治肺虚久泻、慢惊抽搐；与全蝎、蜈蚣、钩藤等配伍，如摄风散，治破伤风痉挛抽搐、角弓反张。 ② 本品常与全蝎、白附子同用，如牵正散，共收祛风止痉之效、用于风中经络、口眼歪斜。 ③ 常与桑叶、菊花、薄荷、木贼、荆芥等疏风清热之品配伍，治疗肝经风热上攻之目赤肿痛、羞明流泪等症；可与桔梗、荆芥、甘草等同用，如六味汤，用治风热上攻、咽喉肿痛、声音嘶哑者；可单用研末服，或与蝉蜕、薄荷等祛风止痒药同用，治疗风疹瘙痒。 ④ 与浙贝母、夏枯草、连翘等清热、化痰、散结药物同用，用于痰核、瘰疬。,0.78,兽药合理应用与联用手册（401-600页）,SRC-0093,,p.572; line=4528; section=第十三节 平肝息风药,complete,swine,all_stages,China/handbook context
RAU3-CAUTION-db57f9af,tcm_caution_contraindication,僵蚕,has_use_caution,非热证者忌用。 # 附 僵蛹 为近年中国科学院动物研究所等单位研制的以蚕蛹为底物，经白僵菌发酵的制成品。据药理实验和临床观察证明，僵蛹与僵蚕的功用相近，而僵蛹作用较和缓，故僵蛹可代替僵蚕药用。现已制成片剂，用于人医临床，治疗癫痫、腮腺炎、慢性支气管炎等疾病，均取得满意的疗效。,0.78,兽药合理应用与联用手册（401-600页）,SRC-0093,,p.572; line=4528; section=第十三节 平肝息风药,complete,swine,all_stages,China/handbook context
RAU3-COMBO-d4eefa7e,tcm_combination_contraindication,地 龙,has_combination_or_contraindication,① 本品可与全蝎、钩藤、僵蚕等配伍，用于热病狂躁、痉挛抽搐等风证。 ② 本品常与天南星、川乌、草乌等同用，用于风湿痹痛。 ③ 与麻黄、杏仁等同用，用于肺热喘息、膀胱实热；与车前子、冬瓜等配伍，用于治热结膀胱、小便不利及水肿等。,0.78,兽药合理应用与联用手册（401-600页）,SRC-0093,,p.573; line=4555; section=第十三节 平肝息风药,complete,swine,all_stages,China/handbook context
RAU3-CAUTION-d4eefa7e,tcm_caution_contraindication,地 龙,has_use_caution,非热证者忌用。,0.78,兽药合理应用与联用手册（401-600页）,SRC-0093,,p.573; line=4555; section=第十三节 平肝息风药,complete,swine,all_stages,China/handbook context
RAU3-COMBO-05db5594,tcm_combination_contraindication,白附子（禹白附）,has_combination_or_contraindication,① 本品与天麻、天南星、川芎等同用，适用于中风痰壅；与 僵蚕、全蝎同用，如牵正散，治中风口眼歪斜；与半夏、南星、全蝎、僵蚕等配伍，治破伤风。 ② 本品可单用本品内服或外敷，用治毒蛇咬伤。,0.78,兽药合理应用与联用手册（401-600页）,SRC-0093,,p.574; line=4581; section=第十三节 平肝息风药,complete,swine,all_stages,China/handbook context
RAU3-CAUTION-05db5594,tcm_caution_contraindication,白附子（禹白附）,has_use_caution,"阴虚忌用。 平肝息风药功能比较见表6-5。 表 6-5 平肝息风药功能比较 类别药物相同点不同点平肝明目药石决明草决明谷精草密蒙花青箱子夜明砂清肝明目石决明质重而长于潜敛浮阳;草决明善解肝经郁热,并有润肠通便之功;青葙子、密蒙花都能退翳膜,但谷精草偏于疏肝热,多用于风热目疾,密蒙花则长于除翳障;夜明砂治夜盲及退翳见长木贼蒺藜平肝祛风,明目木贼专于清肝明目,多用于目赤肿痛和睛生翳障;蒺藜还能散风行血而治风疹瘙痒和乳闭不通天麻钩藤蔓荆子平肝息风镇痉天麻善治内风;钩藤长于解痉,兼疏风热,蔓荆子长于清利头目,以治风热目赤多...",0.78,兽药合理应用与联用手册（401-600页）,SRC-0093,,p.574; line=4581; section=第十三节 平肝息风药,complete,swine,all_stages,China/handbook context
RAU3-COMBO-b2089bb5,tcm_combination_contraindication,朱砂,has_combination_or_contraindication,① 本品与当归、熟地黄等配伍，如朱砂安神丸，用于心血虚者；与酸枣仁、柏子仁、当归等养心安神药配伍，用于阴血虚者。 ② 本品与牛黄、麝香等开窍、息风药物同用，如安宫牛黄丸，用于治高热神昏、惊厥；多与牛黄、全蝎、钩藤等配伍，如牛黄散，治疗惊风；每与磁石同用，如磁朱丸，用于治癫痫卒昏抽搐。 ③ 多与雄黄、大戟、山慈菇等配伍，如紫金锭，治疗疮疡肿毒；多与冰片、硼砂等配伍，如冰硼散，治疗咽喉肿痛、口舌生疮。,0.78,兽药合理应用与联用手册（401-600页）,SRC-0093,,p.575; line=4623; section=第十四节 安神开窍药,complete,swine,all_stages,China/handbook context
RAU3-CAUTION-b2089bb5,tcm_caution_contraindication,朱砂,has_use_caution,① 本品有毒，内服不可过量或持续服用，以防汞中毒。 ② 忌火煅，火煅则析出水银，有剧毒。,0.78,兽药合理应用与联用手册（401-600页）,SRC-0093,,p.575; line=4623; section=第十四节 安神开窍药,complete,swine,all_stages,China/handbook context
RAU3-COMBO-947f5fcf,tcm_combination_contraindication,琥珀,has_combination_or_contraindication,① 本品与朱砂、远志、石菖蒲等配伍，如琥珀定志丸，用于心神所伤、神不守舍之心神不宁、惊悸等症，可收定惊安神之效；可与天南星、天竺黄、朱砂等同用，如琥珀抱龙丸，用于惊风、高热、神昏抽搐以及癫痫发作、痉挛抽搐等症，又有定惊止痉之功。 ② 本品常与当归、莪术、乌药等配伍，用于产后血瘀肿痛等症；本品外用可作为生肌收敛药物，用于痈肿疮毒。 ③ 用葱白煎汤冲服琥珀，可治砂石诸淋；本品配伍金钱草、海金沙、木通等利尿通淋之品，用治石淋或热淋。,0.78,兽药合理应用与联用手册（401-600页）,SRC-0093,,p.576; line=4646; section=第十四节 安神开窍药,complete,swine,all_stages,China/handbook context
RAU3-COMBO-7ee0c396,tcm_combination_contraindication,酸枣仁,has_combination_or_contraindication,① 本品与党参、熟地黄、柏子仁、茯苓、丹参等同用，多用于阴血虚、心失所养之心悸、怔忡、躁动不安等症，且主要用于心 肝血虚之心悸、躁动不安；常与当归、黄芪、党参等配伍，如归脾汤，用于由心脾气虚引起的躁动不安；可与麦冬、生地黄、远志等配伍，如天王补心丹，用于由心肾不足、阴虚阳亢引起的心悸失眠、健忘梦遗。 ② 本品多与五味子、山茱萸、白芍或牡蛎、麻黄根、浮小麦、黄芪等同用，用于治体虚自汗、盗汗。,0.78,兽药合理应用与联用手册（401-600页）,SRC-0093,,p.577; line=4664; section=第十四节 安神开窍药,complete,swine,all_stages,China/handbook context
RAU3-COMBO-658e9695,tcm_combination_contraindication,柏子仁,has_combination_or_contraindication,① 本品与酸枣仁、远志、熟地黄、茯神等同用，常用于血不养心引起的心神不宁等。 ② 本品常与火麻仁、郁李仁等配伍，具有润肠通便作用，用于阴血虚亏及产后血虚的肠燥便秘。,0.78,兽药合理应用与联用手册（401-600页）,SRC-0093,,p.578; line=4682; section=第十四节 安神开窍药,complete,swine,all_stages,China/handbook context
RAU3-CAUTION-658e9695,tcm_caution_contraindication,柏子仁,has_use_caution,便溏及多痰者慎用。,0.78,兽药合理应用与联用手册（401-600页）,SRC-0093,,p.578; line=4682; section=第十四节 安神开窍药,complete,swine,all_stages,China/handbook context
RAU3-COMBO-f8c965e2,tcm_combination_contraindication,远志,has_combination_or_contraindication,① 本品常与朱砂、茯神等配伍，用治心肾不交之心神不宁、惊悸不安等症。 ② 本品可与半夏、天麻、全蝎等配伍，治癫痫、痉挛抽搐；与石菖蒲、郁金、白矾等同用，治疗癫狂发作。 ③ 本品每与杏仁、贝母、桔梗等同用，入肺祛痰止咳，治疗痰多黏稠、咳吐不爽者。 ④ 本品苦泄温通，疏通气血之壅滞而消痈散肿。可治一切痈疽，不问寒热虚实，单用研末，黄酒送服，并外用调敷患处即效。,0.78,兽药合理应用与联用手册（401-600页）,SRC-0093,,p.579; line=4701; section=第十四节 安神开窍药,complete,swine,all_stages,China/handbook context
RAU3-CAUTION-f8c965e2,tcm_caution_contraindication,远志,has_use_caution,有胃炎及胃溃疡者慎用。,0.78,兽药合理应用与联用手册（401-600页）,SRC-0093,,p.579; line=4701; section=第十四节 安神开窍药,complete,swine,all_stages,China/handbook context
RAU3-COMBO-1d894982,tcm_combination_contraindication,合欢皮,has_combination_or_contraindication,① 本品可单用或与柏子仁、首乌藤、郁金等配伍使用，为舒肝解郁、悦心安神之品，适宜于情志不遂、发愤烦躁之证。 ② 常与红花、桃仁、当归等活血祛瘀药物配伍，治疗跌打损伤、骨折肿痛；常与蒲公英、紫花地丁、连翘等清热解毒药物配伍，用于治疗内外痈疽、疖疮。 # 二、开窍药,0.78,兽药合理应用与联用手册（401-600页）,SRC-0093,,p.580; line=4722; section=第十四节 安神开窍药,complete,swine,all_stages,China/handbook context
RAU3-COMBO-f0a0f2d3,tcm_combination_contraindication,麝 香,has_combination_or_contraindication,① 本品配伍牛黄、冰片、朱砂等药，组成凉开之剂，如安宫牛黄丸等，治疗温病热陷心包、痰热蒙蔽心窍、惊风及中风痰厥等热闭神昏；常配伍苏合香、檀香、安息香等药，组成温开之剂，如苏合香丸，用于中风卒昏、胸腹满痛等寒浊或痰湿阻闭气机、蒙蔽神明之寒闭神昏。 ② 本品与雄黄、乳香、没药同用，即醒消丸，或与牛黄、乳香、没药同用，用治疮疡肿毒；可与牛黄、蟾酥、珍珠等配伍，如六神丸，用治咽喉肿痛。 ③ 与独活、威灵仙、桑寄生等祛风湿药同用，用于治痹证疼 痛、顽固不愈者。 ④ 本品与肉桂为散，如香桂散，用于难产、死胎、胞衣不下；亦有以麝香与猪牙皂、天花粉同用，葱汁为丸。,0.78,兽药合理应用与联用手册（401-600页）,SRC-0093,,p.580; line=4740; section=第十四节 安神开窍药,complete,swine,all_stages,China/handbook context
RAU3-CAUTION-f0a0f2d3,tcm_caution_contraindication,麝 香,has_use_caution,孕畜忌用。 # 附灵猫香 近代研究从小灵猫可采取灵猫香，具有与麝香相似的功效，可外用或内服。另外，人工合成的人工麝香与天然麝香的性能、功用基本相同，现已广泛用于人医临床，代替天然麝香，弥补药源的不足。,0.78,兽药合理应用与联用手册（401-600页）,SRC-0093,,p.580; line=4740; section=第十四节 安神开窍药,complete,swine,all_stages,China/handbook context
RAU3-COMBO-6cd9f6d2,tcm_combination_contraindication,冰片,has_combination_or_contraindication,① 本品与牛黄、麝香、黄连等配伍，如安宫牛黄丸，用于治热病神昏、痰热内闭、暑热卒厥、惊风等热闭。与温里祛寒及性偏温热的开窍药配伍，也可以治疗寒闭。 ② 本品单用点眼即效或与炉甘石、硼砂、熊胆等制成点眼药 水，如八宝眼药水，治疗目赤肿痛；与硼砂、朱砂、玄明粉共研细末，如冰硼散，吹敷患处，治疗咽喉肿痛、口舌生疮；与灯心草、黄柏、白矾共为末，吹患处取效，治疗风热喉痹。 ③ 本品与银朱、香油制成红褐色药膏外用，可治烫火伤；与象皮、血竭、乳香等同用，如生肌散，治疗疮疡溃后不敛。,0.78,兽药合理应用与联用手册（401-600页）,SRC-0093,,p.582; line=4770; section=第十四节 安神开窍药,complete,swine,all_stages,China/handbook context
RAU3-CAUTION-6cd9f6d2,tcm_caution_contraindication,冰片,has_use_caution,孕畜慎用。,0.78,兽药合理应用与联用手册（401-600页）,SRC-0093,,p.582; line=4770; section=第十四节 安神开窍药,complete,swine,all_stages,China/handbook context
RAU3-COMBO-b1f4f72e,tcm_combination_contraindication,苏合香,has_combination_or_contraindication,① 本品每与麝香、安息香、檀香等同用，如苏合香丸，治疗中风痰厥、惊痫等属于寒邪、痰浊内闭者。 ② 本品与冰片等同用，如冠心苏合丸或苏冰滴丸，用于治痰浊、血瘀或寒凝气滞之胸脘痞满、冷痛等症。,0.78,兽药合理应用与联用手册（401-600页）,SRC-0093,,p.583; line=4794; section=第十四节 安神开窍药,complete,swine,all_stages,China/handbook context
RAU3-COMBO-b49e9593,tcm_combination_contraindication,石菖蒲,has_combination_or_contraindication,① 本品常与郁金、半夏、竹沥等配伍，如菖蒲郁金汤，治痰热蒙蔽、高热、神昏者；可与枳实、竹茹、黄连等配伍，如清心温胆汤，用于痰热癫痫抽搐；与茯苓、远志、龙骨等配伍，如安神定志丸，用于湿浊蒙蔽、头晕、嗜睡等症。 ② 常与香附、砂仁、苍术、陈皮、厚朴等化湿、行气之品同用，用于治湿浊中阻、脘闷腹胀。,0.78,兽药合理应用与联用手册（401-600页）,SRC-0093,,p.583; line=4809; section=第十四节 安神开窍药,complete,swine,all_stages,China/handbook context
RAU3-COMBO-e46f62be,tcm_combination_contraindication,蟾 酥,has_combination_or_contraindication,① 本品有较强的解毒消肿止痛作用，主要用于痈肿疗毒、咽喉肿痛等症，多外用，也常入丸剂用，如六神丸。 ② 本品辟秽通窍醒脑，适用于感受秽浊之气猝然昏倒之征，常与麝香、丁香等配伍。,0.78,兽药合理应用与联用手册（401-600页）,SRC-0093,,p.584; line=4826; section=第十四节 安神开窍药,complete,swine,all_stages,China/handbook context
RAU3-CAUTION-e46f62be,tcm_caution_contraindication,蟾 酥,has_use_caution,孕畜忌用。,0.78,兽药合理应用与联用手册（401-600页）,SRC-0093,,p.584; line=4826; section=第十四节 安神开窍药,complete,swine,all_stages,China/handbook context
RAU3-COMBO-37831802,tcm_combination_contraindication,皂角（皂荚）,has_combination_or_contraindication,① 常配细辛、天南星、半夏、薄荷等研末吹鼻，促使通窍苏醒，主要用于顽痰或风痰阻闭所致猝然倒地之症；还有消肿排脓之效，外用治恶疮肿毒（破溃疮禁用）。 ② 本品不与四环素、先锋霉素、乌洛托品、新生霉素、氨苄西林、呋喃咀啶、阿司匹林、吲哚美辛、保泰松、对氨基水杨酸钠、维生素 \mathrm{B}_{1} 、普萘洛尔、氯丙嗪、氯氮草、硫酸亚铁、异烟肼、地高辛、苯巴比妥、苯妥英钠、奎宁、氯喹、多西环素、新斯的明、奎尼丁等配伍使用，可能与其易降低药效、分解失效、吸收降低、从尿排出，促使血药浓度降低、排出减少，血药浓度增加引起 中毒等有关系。,0.78,兽药合理应用与联用手册（401-600页）,SRC-0093,,p.585; line=4845; section=第十四节 安神开窍药,complete,swine,all_stages,China/handbook context
RAU3-CAUTION-37831802,tcm_caution_contraindication,皂角（皂荚）,has_use_caution,① 孕畜及体虚者不宜用。 ② 对鱼类的毒性很强，高等动物对它一般很少吸收，故主要为对局部黏膜的刺激作用，使分泌增加等。,0.78,兽药合理应用与联用手册（401-600页）,SRC-0093,,p.585; line=4845; section=第十四节 安神开窍药,complete,swine,all_stages,China/handbook context
RAU3-COMBO-38ed0830,tcm_combination_contraindication,牛黄,has_combination_or_contraindication,① 本品多与麝香、冰片等同用，适用于热病神昏、痰闭癫痫、邪热狂乱等症。 ② 本品常与黄连、雄黄、麝香同用，适用于热毒郁结所致的年咽喉肿痛、口舌生疮、痛疽疗毒等症。 ③ 常与朱砂、水牛角等配伍，用治瘟病高热引起的痉挛、抽搐之症。 ④ 本品避免与水合氯醛、乌拉坦、吗啡、苯巴比妥等配伍，以免对中枢产生抑制等副作用。,0.78,兽药合理应用与联用手册（401-600页）,SRC-0093,,p.586; line=4868; section=第十四节 安神开窍药,complete,swine,all_stages,China/handbook context
RAU3-CAUTION-38ed0830,tcm_caution_contraindication,牛黄,has_use_caution,"脾胃虚弱及孕畜不宜用，无实热者忌用。 安神开窍药功能比较见表6-6。 表 6-6 安神开窍药功能比较 类别药物相同点不同点安神药朱砂合欢皮安神解毒朱砂善于定惊安神,多用于癫狂或躁动不安;合欢皮能安神解郁、活血消肿,常用于躁动不安,还可用于跌打损伤酸枣仁柏子仁远志养心安神酸枣仁安神之力较优,又可益阴敛汗;柏子仁并能润肠通便;远志以宁心安神为主,兼能祛痰利窍开窍药麝香石菖蒲牛黄蟾蜍皂角开窍醒脑麝香辛窜之力最大,并能活血散瘀,治疮痈肿毒及跌打损伤之证;石菖蒲开窍之力不及麝香,但能和中化浊,治痰迷心窍引起的神昏、癫痫等;牛...",0.78,兽药合理应用与联用手册（401-600页）,SRC-0093,,p.586; line=4868; section=第十四节 安神开窍药,complete,swine,all_stages,China/handbook context
RAU3-COMBO-0437f060,tcm_combination_contraindication,雷丸,has_combination_or_contraindication,① 本品单用或配伍槟榔，牵牛子、木香等同用，有杀虫作用，以驱杀绦虫为主，亦能驱杀蛔虫，钩虫。 ② 本品外用可治疥癣。,0.78,兽药合理应用与联用手册（401-600页）,SRC-0093,,p.588; line=4910; section=第十五节 驱虫杀虫药,complete,swine,all_stages,China/handbook context
RAU3-COMBO-39e4b69c,tcm_combination_contraindication,使君子,has_combination_or_contraindication,本品为驱杀蛔虫要药，也可以治疗蛲虫病，可单用或配槟榔、苦楝子等同用；外用可治疥癣。,0.78,兽药合理应用与联用手册（401-600页）,SRC-0093,,p.589; line=4926; section=第十五节 驱虫杀虫药,complete,swine,all_stages,China/handbook context
RAU3-COMBO-0a55a2d6,tcm_combination_contraindication,川楝子,has_combination_or_contraindication,本品用于驱杀蛔虫、蛲虫时多人复方，常与使君子、槟榔等同用，但本品驱虫之力不及苦楝根皮，故少用以驱虫；常配延胡索、木香等同用，因能理气止痛，主要用于湿热气滞所致的肚腹胀痛。 # 附 苦楝根皮 本品苦、寒、有毒，入脾、肝，胃经，具有驱杀多种肠内寄生虫的作用，但以驱杀蛔虫效强。,0.78,兽药合理应用与联用手册（401-600页）,SRC-0093,,p.589; line=4940; section=第十五节 驱虫杀虫药,complete,swine,all_stages,China/handbook context
RAU3-COMBO-3750f4cd,tcm_combination_contraindication,南瓜子,has_combination_or_contraindication,本品用于驱杀绦虫，可单用，但与槟榔同用疗效更佳。也可用于血吸虫病。,0.78,兽药合理应用与联用手册（401-600页）,SRC-0093,,p.590; line=4958; section=第十五节 驱虫杀虫药,complete,swine,all_stages,China/handbook context
RAU3-COMBO-18c00174,tcm_combination_contraindication,大蒜,has_combination_or_contraindication,① 本品内服有解毒杀虫作用，主要用以驱杀蛲虫、钩虫，但需与槟榔、鹤虱等配伍；用于治痢疾、腹泻，可单用，亦可用 5\% 的浸液灌肠。 ② 本品外用有解毒消痈作用，用于疮痈初起，可捣烂外敷。,0.78,兽药合理应用与联用手册（401-600页）,SRC-0093,,p.591; line=4974; section=第十五节 驱虫杀虫药,complete,swine,all_stages,China/handbook context
RAU3-COMBO-0418abc1,tcm_combination_contraindication,蛇床子,has_combination_or_contraindication,① 本品多与白矾、苦参、金银花等煎水外洗，有杀虫止痒之效，主要用于湿疹瘙痒；可配地肤子、荆芥、防风等煎水外洗，用于荨麻疹。 ② 本品可与五味子、菟丝子、巴戟天等同用，内服有温肾壮阳之功，可治肾虚阳痿、腰胯冷痛、宫冷不孕等症。,0.78,兽药合理应用与联用手册（401-600页）,SRC-0093,,p.591; line=4990; section=第十五节 驱虫杀虫药,complete,swine,all_stages,China/handbook context
RAU3-CAUTION-0418abc1,tcm_caution_contraindication,蛇床子,has_use_caution,阴虚火旺者忌用。,0.78,兽药合理应用与联用手册（401-600页）,SRC-0093,,p.591; line=4990; section=第十五节 驱虫杀虫药,complete,swine,all_stages,China/handbook context
RAU3-COMBO-e62625d1,tcm_combination_contraindication,鹤虱,has_combination_or_contraindication,本品常与川楝子、槟榔等同用，可用于治疗多种肠内寄生虫病，但较多用于驱杀蛔虫、蛲虫、绦虫、钩虫等，还可外治疥癞。,0.78,兽药合理应用与联用手册（401-600页）,SRC-0093,,p.592; line=5013; section=第十五节 驱虫杀虫药,complete,swine,all_stages,China/handbook context
RAU3-COMBO-6b4ef034,tcm_combination_contraindication,贯众（贯仲）,has_combination_or_contraindication,① 本品常与芜荑、百部等配伍，用于虫积腹痛，如绦虫病、蛲虫病、钩虫病等。 ② 本品可单用或配伍白药子、金银花等同用，用于湿热毒疮、时行瘟疫。 ③ 本品炒炭配伍墨旱莲、生地黄等同用，用于血热妄行所致子宫出血、衄血等症。,0.78,兽药合理应用与联用手册（401-600页）,SRC-0093,,p.593; line=5027; section=第十五节 驱虫杀虫药,complete,swine,all_stages,China/handbook context
RAU3-CAUTION-6b4ef034,tcm_caution_contraindication,贯众（贯仲）,has_use_caution,肝病、贫血、衰老病畜及孕畜忌用。,0.78,兽药合理应用与联用手册（401-600页）,SRC-0093,,p.593; line=5027; section=第十五节 驱虫杀虫药,complete,swine,all_stages,China/handbook context
RAU3-COMBO-067be43f,tcm_combination_contraindication,常山,has_combination_or_contraindication,本品是抗疟专药，除杀灭疟原虫外并可杀球虫，故能治鸡疟、鸽疟及鸡、兔球虫病。还可退热。,0.78,兽药合理应用与联用手册（401-600页）,SRC-0093,,p.594; line=5049; section=第十五节 驱虫杀虫药,complete,swine,all_stages,China/handbook context
RAU3-CAUTION-067be43f,tcm_caution_contraindication,常山,has_use_caution,"有催吐的副作用，用量不宜过大，孕畜慎用。 驱虫杀虫药功能比较见表6-7。 表 6-7 驱虫杀虫药功能比较 类别药物相同点不同点驱虫药使君子鹤虱川楝子鸦胆子驱杀蛔虫使君子能健脾胃而去积;鹤虱能驱杀绦虫、蛲虫、钩虫;川楝子驱杀蛔虫,且有行气止痛之功;鸦胆子能清热燥湿、蚀疣,可用于湿热泻痢和赘疣雷丸南瓜子贯众鹤草芽驱杀绦虫、蛔虫雷丸能杀钩虫;贯众能清热解毒,预防流感;南瓜子驱蛔之力弱,但无毒性而可多用;鹤草芽专驱绦虫,少作他用大蒜驱杀蛲虫、钩虫大蒜不仅能够驱杀蛲虫、钩虫,还能止痢蛇床子狼毒大风子桠子杀螨虫止痒蛇床子多用于...",0.78,兽药合理应用与联用手册（401-600页）,SRC-0093,,p.594; line=5049; section=第十五节 驱虫杀虫药,complete,swine,all_stages,China/handbook context
RAU3-COMBO-8cec0daa,tcm_combination_contraindication,硫 黄,has_combination_or_contraindication,① 本品常制成 10\% \sim 25\% 的软膏外敷，或配伍轻粉、大枫子等，治疗皮肤湿烂、疥癣阴疽等症；配伍冰片、轻粉、蛇床子、明矾等制成散剂外用，用于顽癣瘙痒等症。 ② 本品可与附子、肉桂配伍，用于命门火衰、腰膝酸冷、阳痿等症；常与生姜、半夏配伍，治脏寒气滞、大便冷秘；配胡芦巴、补骨脂、五味子等，治肾虚不纳气之喘逆。 ③ 与磺胺类药配伍，能增加磺胺类药毒副作用。,0.78,兽药合理应用与联用手册（401-600页）,SRC-0093,,p.595; line=5087; section=第十六节 外用药,complete,swine,all_stages,China/handbook context
RAU3-CAUTION-8cec0daa,tcm_caution_contraindication,硫 黄,has_use_caution,阴虚阳亢及孕畜忌用。,0.78,兽药合理应用与联用手册（401-600页）,SRC-0093,,p.595; line=5087; section=第十六节 外用药,complete,swine,all_stages,China/handbook context
RAU3-COMBO-b50d53c7,tcm_combination_contraindication,雄黄,has_combination_or_contraindication,① 本品研末撒或制成油剂外涂，治疥癣；与煅白矾末外撒，治湿疹；与五灵脂共为末，酒调 2\sim 3\mathrm{g} 涂伤处，治毒蛇咬伤。 ② 本品为含砷矿物药，不与亚铁盐、硫酸盐、硝酸盐、亚硝酸盐以及酶制剂配伍应用，易产生沉淀，增加毒性，或者降低药效。,0.78,兽药合理应用与联用手册（401-600页）,SRC-0093,,p.596; line=5107; section=第十六节 外用药,complete,swine,all_stages,China/handbook context
RAU3-CAUTION-b50d53c7,tcm_caution_contraindication,雄黄,has_use_caution,孕畜禁用。,0.78,兽药合理应用与联用手册（401-600页）,SRC-0093,,p.596; line=5107; section=第十六节 外用药,complete,swine,all_stages,China/handbook context
RAU3-COMBO-e75514cf,tcm_combination_contraindication,铅丹（章丹、黄丹）,has_combination_or_contraindication,本品外用有良好的解毒、止痒、收敛、生肌等功效，用于治疗各种疮疡肿毒、溃疡久不收口及毒蛇咬伤。疮疗肿毒外敷本品可使脓溃肿消，已溃者能拔毒生肌。除散剂外，多以本品与植物油加热化合制成膏剂使用。内服与除痰安神药同用，可治癫痫。,0.78,兽药合理应用与联用手册（401-600页）,SRC-0093,,p.596; line=5126; section=第十六节 外用药,complete,swine,all_stages,China/handbook context
RAU3-CAUTION-e75514cf,tcm_caution_contraindication,铅丹（章丹、黄丹）,has_use_caution,不宜多次服用，以防中毒。,0.78,兽药合理应用与联用手册（401-600页）,SRC-0093,,p.596; line=5126; section=第十六节 外用药,complete,swine,all_stages,China/handbook context
RAU3-COMBO-26beaa00,tcm_combination_contraindication,炉甘石,has_combination_or_contraindication,① 本品常与冰片、硼砂、玄明粉等共为末点眼，主要用于肝热之目赤肿痛、羞明多泪及睛生翳膜等症。 ② 本品多与铅丹、煅石膏、枯矾、冰片等合用，具有解毒、止痒和吸湿敛疮之效，用于湿疹、疮疡多脓或久不收口等症。,0.78,兽药合理应用与联用手册（401-600页）,SRC-0093,,p.597; line=5144; section=第十六节 外用药,complete,swine,all_stages,China/handbook context
RAU3-COMBO-800da87b,tcm_combination_contraindication,石灰,has_combination_or_contraindication,① 本品用风化石灰 0.5\mathrm{kg} ，加水四碗，浸泡、搅拌，澄清后吹去水面浮衣，取中间清水，加等量麻油调成乳状，搽涂烫伤处，外用于汤火烫伤、创伤出血；陈石灰研末单用或配伍大黄调制成“桃花散”用于治疗新鲜创伤，具有止血消肿之功。 ② 本品制取 10\% 的清液 500 \sim 1000 \mathrm{~mL} 灌服，可治牛腹胀症。,0.78,兽药合理应用与联用手册（401-600页）,SRC-0093,,p.598; line=5159; section=第十六节 外用药,complete,swine,all_stages,China/handbook context
RAU3-CAUTION-800da87b,tcm_caution_contraindication,石灰,has_use_caution,外用适量，除治疗牛腹胀外，一般不作内服用。,0.78,兽药合理应用与联用手册（401-600页）,SRC-0093,,p.598; line=5159; section=第十六节 外用药,complete,swine,all_stages,China/handbook context
RAU3-COMBO-47940b93,tcm_combination_contraindication,明矾（白矾）,has_combination_or_contraindication,① 本品常配等分雄黄，浓茶调敷，治疮痈肿毒；与硫黄、冰片同用，用于湿疹疥癣；与冰片、青黛、黄柏共研末外敷，用于口舌生疮；可与黄丹、冰片配伍吹患处，治疗耳内流脓。 ② 本品内服多用生白矾，具有较强的祛痰作用，用于风痰壅盛或癫痫等症。配半夏、牙皂为末，温水调灌，可治风痰壅盛、喉中声如拉锯。 ③ 单用或配伍五倍子、诃子、五味子等，有较好的收敛止血作用，用于久泻不止；与五倍子、血余炭同用，用于便血、子宫出血。 ④ 本品属于含铝药物，避免与四环素族（相隔 3\mathrm{h} 以上则影响不大）、土霉素类、喹诺酮类、异烟肼、利福平、维生素C等同用，可能与其易形成络合物影响吸收、生成难溶物显著降低生物利用度、氧化后失去作用等有关系。,0.78,兽药合理应用与联用手册（401-600页）,SRC-0093,,p.598; line=5178; section=第十六节 外用药,complete,swine,all_stages,China/handbook context
RAU3-CAUTION-47940b93,tcm_caution_contraindication,明矾（白矾）,has_use_caution,内服生用，外治多煅用。,0.78,兽药合理应用与联用手册（401-600页）,SRC-0093,,p.598; line=5178; section=第十六节 外用药,complete,swine,all_stages,China/handbook context
RAU3-COMBO-fee1eb57,tcm_combination_contraindication,儿茶（孩儿茶）,has_combination_or_contraindication,① 本品常配伍龙骨、轻粉、冰片，如龙骨儿茶散，用于湿疮、疮疡多脓久不收口；与青黛、黄柏、薄荷等同用，可治口疮牙龈溃烂；配冰片、硼砂研末吹患处，治咽喉肿痛。 ② 本品常配黄柏、黄连，具有止泻、止血之功，内服治泻痢、便血；单用或同三七研末敷患处，治外伤出血。 ③ 常配伍桑叶、硼砂等药，具有清热化痰生津作用，用于治肺热咳嗽。 ④ 不宜与以下西药配伍应用：a. 维生素 \mathrm{B}_{1} 、抗生素（四环素族、红霉素、灰黄霉素、制霉菌素、林可霉素、利福平等）、苷类（洋地黄、地高辛、可待因等）、生物碱（麻黄碱、阿托品、黄连,0.78,兽药合理应用与联用手册（401-600页）,SRC-0093,,p.599; line=5200; section=第十六节 外用药,complete,swine,all_stages,China/handbook context
RAU3-DDR-0001,disease_drug_rule_mapping,DIS-010-porcine-deltacoronavirus,has_tcm_supportive_boundary,腹泻支持边界：中药消导/收涩不能替代病毒性腹泻诊断、补液和生物安全。,0.82,兽药合理应用与联用手册（401-600页）,SRC-0093,,p.401-600; section-level support boundary,complete,swine,all_stages,China/handbook context
RAU3-DDR-0002,disease_drug_rule_mapping,DIS-040-colibacillosis,has_tcm_supportive_boundary,腹泻/肠炎鉴别：收涩止泻证据不得掩盖大肠杆菌病、脱水和抗菌药标签复核。,0.82,兽药合理应用与联用手册（401-600页）,SRC-0093,,p.401-600; section-level support boundary,complete,swine,all_stages,China/handbook context
RAU3-DDR-0003,disease_drug_rule_mapping,DIS-041-neonatal-post-weaning-colibacillosis,has_tcm_supportive_boundary,仔猪腹泻/水肿病鉴别：消导、收涩、利湿只能作症候支持，不得替代病原检测和药敏。,0.82,兽药合理应用与联用手册（401-600页）,SRC-0093,,p.401-600; section-level support boundary,complete,swine,all_stages,China/handbook context
RAU3-DDR-0004,disease_drug_rule_mapping,DIS-049-salmonellosis,has_tcm_supportive_boundary,下痢/败血症鉴别：止泻支持不能替代沙门菌公共卫生、采样和抗菌药边界。,0.82,兽药合理应用与联用手册（401-600页）,SRC-0093,,p.401-600; section-level support boundary,complete,swine,all_stages,China/handbook context
RAU3-DDR-0005,disease_drug_rule_mapping,DIS-057-coccidia-and-other-protozoa,has_tcm_supportive_boundary,下痢/原虫鉴别：中药清热燥湿和收涩只作支持候选，仍需粪检和抗原虫药核验。,0.82,兽药合理应用与联用手册（401-600页）,SRC-0093,,p.401-600; section-level support boundary,complete,swine,all_stages,China/handbook context
RAU3-DDR-0006,disease_drug_rule_mapping,DIS-059-cryptosporidiosis-protozoa,has_tcm_supportive_boundary,仔猪腹泻原虫鉴别：收涩/补益不能替代粪检、环境卫生和脱水处理。,0.82,兽药合理应用与联用手册（401-600页）,SRC-0093,,p.401-600; section-level support boundary,complete,swine,all_stages,China/handbook context
RAU3-DDR-0007,disease_drug_rule_mapping,DIS-062-strongyloides-internal-parasites,has_tcm_supportive_boundary,寄生虫腹泻/消瘦鉴别：驱虫药边界需要虫种、阶段和毒性评估。,0.82,兽药合理应用与联用手册（401-600页）,SRC-0093,,p.401-600; section-level support boundary,complete,swine,all_stages,China/handbook context
RAU3-DDR-0008,disease_drug_rule_mapping,DIS-063-metastrongylus-lungworms,has_tcm_supportive_boundary,咳喘鉴别：化痰止咳候选不能替代肺虫病粪检/剖检和驱虫方案核验。,0.82,兽药合理应用与联用手册（401-600页）,SRC-0093,,p.401-600; section-level support boundary,complete,swine,all_stages,China/handbook context
RAU3-DDR-0009,disease_drug_rule_mapping,DIS-064-stephanurus-dentatus-kidney-worm,has_tcm_supportive_boundary,泌尿/肾虫鉴别：利湿通淋候选不能替代寄生虫诊断和驱虫药边界。,0.82,兽药合理应用与联用手册（401-600页）,SRC-0093,,p.401-600; section-level support boundary,complete,swine,all_stages,China/handbook context
RAU3-DDR-0010,disease_drug_rule_mapping,DIS-065-nutrient-deficiencies-and-excesses,has_tcm_supportive_boundary,虚弱、贫血、发育差：补益药可作营养恢复期支持线索，但必须先做饲料、矿物质和毒物评估。,0.82,兽药合理应用与联用手册（401-600页）,SRC-0093,,p.401-600; section-level support boundary,complete,swine,all_stages,China/handbook context
RAU3-DDR-0011,disease_drug_rule_mapping,DIS-069-zearalenone-toxicosis,has_tcm_supportive_boundary,繁殖异常鉴别：活血/补益候选不得掩盖霉菌毒素暴露和饲料控制。,0.82,兽药合理应用与联用手册（401-600页）,SRC-0093,,p.401-600; section-level support boundary,complete,swine,all_stages,China/handbook context
RAU3-DDR-0012,disease_drug_rule_mapping,DIS-070-fumonisin-toxicosis,has_tcm_supportive_boundary,呼吸困难/神经症状鉴别：化痰止咳或开窍息风不能替代霉菌毒素排查。,0.82,兽药合理应用与联用手册（401-600页）,SRC-0093,,p.401-600; section-level support boundary,complete,swine,all_stages,China/handbook context
RAU3-DDR-0013,disease_drug_rule_mapping,DIS-071-toxic-minerals-chemicals-plants-and-gases,has_tcm_supportive_boundary,毒性草药、泻下药、外用毒性和有毒气体均可作为暴露史追问。,0.82,兽药合理应用与联用手册（401-600页）,SRC-0093,,p.401-600; section-level support boundary,complete,swine,all_stages,China/handbook context
RAU3-DDR-0014,disease_drug_rule_mapping,DIS-072-nitrite-toxicosis,has_tcm_supportive_boundary,缺氧/呼吸困难鉴别：平喘/开窍药不得掩盖亚硝酸盐中毒急救边界。,0.82,兽药合理应用与联用手册（401-600页）,SRC-0093,,p.401-600; section-level support boundary,complete,swine,all_stages,China/handbook context
RAU3-DDR-0015,disease_drug_rule_mapping,DIS-028-porcine-reproductive-and-respiratory-syndrome-viruses,has_tcm_supportive_boundary,繁殖/呼吸复合征：活血、止血、化痰候选不能替代 PRRS 检测和群体控制。,0.82,兽药合理应用与联用手册（401-600页）,SRC-0093,,p.401-600; section-level support boundary,complete,swine,all_stages,China/handbook context
RAU3-DDR-0016,disease_drug_rule_mapping,DIS-038-brucella-suis-brucellosis,has_tcm_supportive_boundary,流产/人兽共患：活血化瘀或补益药不得替代布病报告、隔离和检测。,0.82,兽药合理应用与联用手册（401-600页）,SRC-0093,,p.401-600; section-level support boundary,complete,swine,all_stages,China/handbook context
RAU3-DDR-0017,disease_drug_rule_mapping,DIS-046-mycoplasmosis-enzootic-pneumonia,has_tcm_supportive_boundary,咳嗽/喘息：化痰止咳药只作症候支持，不得替代支原体诊断和治疗边界。,0.82,兽药合理应用与联用手册（401-600页）,SRC-0093,,p.401-600; section-level support boundary,complete,swine,all_stages,China/handbook context
RAU3-DDR-0018,disease_drug_rule_mapping,DIS-047-pasteurellosis,has_tcm_supportive_boundary,肺炎/败血症：化痰止咳支持不能替代细菌性肺炎诊断、药敏和抗菌药合规。,0.82,兽药合理应用与联用手册（401-600页）,SRC-0093,,p.401-600; section-level support boundary,complete,swine,all_stages,China/handbook context
RAU3-DDR-0019,disease_drug_rule_mapping,DIS-050-staphylococcosis-exudative-epidermitis,has_tcm_supportive_boundary,皮肤疮疡/外用药：外敷杀虫解毒不能替代细菌性皮肤病诊断和全身治疗评估。,0.82,兽药合理应用与联用手册（401-600页）,SRC-0093,,p.401-600; section-level support boundary,complete,swine,all_stages,China/handbook context
RAU3-DDR-0020,disease_drug_rule_mapping,DIS-055-external-parasites-mange,has_tcm_supportive_boundary,疥癣瘙痒：蛇床子、硫黄等外用杀虫线索可召回，但需外寄生虫确诊和安全用药。,0.82,兽药合理应用与联用手册（401-600页）,SRC-0093,,p.401-600; section-level support boundary,complete,swine,all_stages,China/handbook context
RAU3-DDR-0021,disease_drug_rule_mapping,DIS-056-external-parasites-lice,has_tcm_supportive_boundary,虱/外寄生虫瘙痒：外用杀虫解毒线索可用于召回，仍需虫体确认、环境处理和安全边界。,0.82,兽药合理应用与联用手册（401-600页）,SRC-0093,,p.401-600; section-level support boundary,complete,swine,all_stages,China/handbook context
