source_id,chapter,drug_candidate,hit_terms,pdf_pages,relation_hint,risk_flag,context_sample,evidence_status
SRC-0054,Diseases of Swine 11e Chapter 45 Rhabdoviruses,permethrin_deltamethrin,permethrin,760,mention_candidate,standard_review,"n of biosecurity procedures designed to avoid the introduction of VSV from affected premises via equipment, personnel, or animals. Insect repellents such as permethrin or other repellents approved for use on swine should also be considered. Vaccination with inac- tivated vaccines is practiced in some countries where VS is e",NEEDS_REVIEW
SRC-0058,Diseases of Swine 11e Chapter 48 Actinobacillosis,amoxicillin,amoxicillin,784,susceptibility_candidate,standard_review,"reports indicate a certain degree of resistance, in general, recent results of a global study across Europe showed that App is rarely resistant in vitro to amoxicillin (with or without clavulanic acid), cefqui‑ nome, ceftiofur, danofloxacin, enrofloxacin, marbofloxa‑ cin, florfenicol, tulathromycin, tiamulin, tilmicosin, tyl",NEEDS_REVIEW
SRC-0058,Diseases of Swine 11e Chapter 48 Actinobacillosis,amoxicillin_clavulanic_acid,clavulanic,784,susceptibility_candidate,standard_review,"egree of resistance, in general, recent results of a global study across Europe showed that App is rarely resistant in vitro to amoxicillin (with or without clavulanic acid), cefqui‑ nome, ceftiofur, danofloxacin, enrofloxacin, marbofloxa‑ cin, florfenicol, tulathromycin, tiamulin, tilmicosin, tylosin, lincomycin, trimethopr",NEEDS_REVIEW
SRC-0058,Diseases of Swine 11e Chapter 48 Actinobacillosis,ampicillin,ampicillin,784; 787,susceptibility_candidate,standard_review,"floxacin, erythromycin, clindamycin, trimethoprim/sul‑ famethoxazole, and tilmicosin. A low level of resistance was observed toward tiamulin, penicillin, and ampicillin as well as danofloxacin. On the other hand, a high level of resistance to chlortetracycline (88.4%) and oxytetracy‑ cline (90.7%) was observed (Archambault e | should be applied early in the appearance of signs; ceftiofur, gentamicin, and trimetho‑ prim/sulfadiazine seem to be the antibiotics of choice, followed by ampicillin, sulfadimethoxine, and tiamulin (MacInnes and Desrosiers 1999). There are no reports in the literature suggesting resistance of a large number of A. suis st",NEEDS_REVIEW
SRC-0058,Diseases of Swine 11e Chapter 48 Actinobacillosis,ceftiofur,ceftiofur,784; 787,treatment_or_control_candidate,high_review,", recent results of a global study across Europe showed that App is rarely resistant in vitro to amoxicillin (with or without clavulanic acid), cefqui‑ nome, ceftiofur, danofloxacin, enrofloxacin, marbofloxa‑ cin, florfenicol, tulathromycin, tiamulin, tilmicosin, tylosin, lincomycin, trimethoprim/sulfamethoxazole, and spect | ollow up maternal and active anti‑ bodies in an infected herd (Lapointe et al. 2001). Antibiotic treatment should be applied early in the appearance of signs; ceftiofur, gentamicin, and trimetho‑ prim/sulfadiazine seem to be the antibiotics of choice, followed by ampicillin, sulfadimethoxine, and tiamulin (MacInnes and Desro",NEEDS_REVIEW
SRC-0058,Diseases of Swine 11e Chapter 48 Actinobacillosis,chlortetracycline,chlortetracycline,784,susceptibility_candidate,standard_review,"A low level of resistance was observed toward tiamulin, penicillin, and ampicillin as well as danofloxacin. On the other hand, a high level of resistance to chlortetracycline (88.4%) and oxytetracy‑ cline (90.7%) was observed (Archambault et al. 2012). Sporadic data showed a relatively high number of resist‑ ant App isolates to th",NEEDS_REVIEW
SRC-0058,Diseases of Swine 11e Chapter 48 Actinobacillosis,danofloxacin_marbofloxacin,danofloxacin,784,susceptibility_candidate,high_review,"sults of a global study across Europe showed that App is rarely resistant in vitro to amoxicillin (with or without clavulanic acid), cefqui‑ nome, ceftiofur, danofloxacin, enrofloxacin, marbofloxa‑ cin, florfenicol, tulathromycin, tiamulin, tilmicosin, tylosin, lincomycin, trimethoprim/sulfamethoxazole, and spectinomycin (El G",NEEDS_REVIEW
SRC-0058,Diseases of Swine 11e Chapter 48 Actinobacillosis,enrofloxacin,enrofloxacin,784,susceptibility_candidate,high_review,"bal study across Europe showed that App is rarely resistant in vitro to amoxicillin (with or without clavulanic acid), cefqui‑ nome, ceftiofur, danofloxacin, enrofloxacin, marbofloxa‑ cin, florfenicol, tulathromycin, tiamulin, tilmicosin, tylosin, lincomycin, trimethoprim/sulfamethoxazole, and spectinomycin (El Garch et al. 20",NEEDS_REVIEW
SRC-0058,Diseases of Swine 11e Chapter 48 Actinobacillosis,florfenicol,florfenicol,784,susceptibility_candidate,standard_review,"that App is rarely resistant in vitro to amoxicillin (with or without clavulanic acid), cefqui‑ nome, ceftiofur, danofloxacin, enrofloxacin, marbofloxa‑ cin, florfenicol, tulathromycin, tiamulin, tilmicosin, tylosin, lincomycin, trimethoprim/sulfamethoxazole, and spectinomycin (El Garch et al. 2016). Similar high susceptibil",NEEDS_REVIEW
SRC-0058,Diseases of Swine 11e Chapter 48 Actinobacillosis,gentamicin,gentamicin,787,treatment_or_control_candidate,standard_review,"ternal and active anti‑ bodies in an infected herd (Lapointe et al. 2001). Antibiotic treatment should be applied early in the appearance of signs; ceftiofur, gentamicin, and trimetho‑ prim/sulfadiazine seem to be the antibiotics of choice, followed by ampicillin, sulfadimethoxine, and tiamulin (MacInnes and Desrosiers 1999).",NEEDS_REVIEW
SRC-0058,Diseases of Swine 11e Chapter 48 Actinobacillosis,lincomycin,lincomycin,784,susceptibility_candidate,standard_review,"or without clavulanic acid), cefqui‑ nome, ceftiofur, danofloxacin, enrofloxacin, marbofloxa‑ cin, florfenicol, tulathromycin, tiamulin, tilmicosin, tylosin, lincomycin, trimethoprim/sulfamethoxazole, and spectinomycin (El Garch et al. 2016). Similar high susceptibility has been observed by other studies in Europe (Hendriks",NEEDS_REVIEW
SRC-0058,Diseases of Swine 11e Chapter 48 Actinobacillosis,penicillin_g,penicillin,784,susceptibility_candidate,standard_review,"orfenicol, enro‑ floxacin, erythromycin, clindamycin, trimethoprim/sul‑ famethoxazole, and tilmicosin. A low level of resistance was observed toward tiamulin, penicillin, and ampicillin as well as danofloxacin. On the other hand, a high level of resistance to chlortetracycline (88.4%) and oxytetracy‑ cline (90.7%) was observe",NEEDS_REVIEW
SRC-0058,Diseases of Swine 11e Chapter 48 Actinobacillosis,spectinomycin,spectinomycin,784,susceptibility_candidate,standard_review,"iofur, danofloxacin, enrofloxacin, marbofloxa‑ cin, florfenicol, tulathromycin, tiamulin, tilmicosin, tylosin, lincomycin, trimethoprim/sulfamethoxazole, and spectinomycin (El Garch et al. 2016). Similar high susceptibility has been observed by other studies in Europe (Hendriksen et al. 2008; Matter et al. 2007). Resistance",NEEDS_REVIEW
SRC-0058,Diseases of Swine 11e Chapter 48 Actinobacillosis,sulfonamides,sulfadiazine; sulfadimethoxine; sulfamethoxazole; sulfonamide,784; 787,treatment_or_control_candidate,standard_review,"as been observed by other studies in Europe (Hendriksen et al. 2008; Matter et al. 2007). Resistance to tetracyclines and to a lesser extent trimeth‑ oprim/sulfonamide seems to have increased in the last years (El Garch et al. 2016; Gutiérrez‐Martín et al. 2006; Hendriksen et al. 2008). Recent data from North America showe | in an infected herd (Lapointe et al. 2001). Antibiotic treatment should be applied early in the appearance of signs; ceftiofur, gentamicin, and trimetho‑ prim/sulfadiazine seem to be the antibiotics of choice, followed by ampicillin, sulfadimethoxine, and tiamulin (MacInnes and Desrosiers 1999). There are no reports in the lit",NEEDS_REVIEW
SRC-0058,Diseases of Swine 11e Chapter 48 Actinobacillosis,tetracyclines,tetracycline; tetracyclines,784,susceptibility_candidate,standard_review,l Garch et al. 2016). Similar high susceptibility has been observed by other studies in Europe (Hendriksen et al. 2008; Matter et al. 2007). Resistance to tetracyclines and to a lesser extent trimeth‑ oprim/sulfonamide seems to have increased in the last years (El Garch et al. 2016; Gutiérrez‐Martín et al. 2006; Hendriksen,NEEDS_REVIEW
SRC-0058,Diseases of Swine 11e Chapter 48 Actinobacillosis,tiamulin,tiamulin,784; 787,susceptibility_candidate,standard_review,"t in vitro to amoxicillin (with or without clavulanic acid), cefqui‑ nome, ceftiofur, danofloxacin, enrofloxacin, marbofloxa‑ cin, florfenicol, tulathromycin, tiamulin, tilmicosin, tylosin, lincomycin, trimethoprim/sulfamethoxazole, and spectinomycin (El Garch et al. 2016). Similar high susceptibility has been observed by | ppearance of signs; ceftiofur, gentamicin, and trimetho‑ prim/sulfadiazine seem to be the antibiotics of choice, followed by ampicillin, sulfadimethoxine, and tiamulin (MacInnes and Desrosiers 1999). There are no reports in the literature suggesting resistance of a large number of A. suis strains to different antibiotics.",NEEDS_REVIEW
SRC-0058,Diseases of Swine 11e Chapter 48 Actinobacillosis,tilmicosin,tilmicosin,784; 787,treatment_or_control_candidate,standard_review,"to amoxicillin (with or without clavulanic acid), cefqui‑ nome, ceftiofur, danofloxacin, enrofloxacin, marbofloxa‑ cin, florfenicol, tulathromycin, tiamulin, tilmicosin, tylosin, lincomycin, trimethoprim/sulfamethoxazole, and spectinomycin (El Garch et al. 2016). Similar high susceptibility has been observed by other studie | of Actinobacillus pleuropneumoniae (serotype 2), Mycoplasma hyponeumoniae and PRRS (European and vaccine‐strain) by partial depopulation, early weaning and Tilmicosin (Pulmotil, Elanco) treatment. Proc Int Congr Pig Vet Soc 18:179. Anderson M, Williams J. 1990. Effects of tiamulin base administered intramuscularly to pigs",NEEDS_REVIEW
SRC-0058,Diseases of Swine 11e Chapter 48 Actinobacillosis,trimethoprim_sulfa,trimethoprim,784,susceptibility_candidate,standard_review,"clavulanic acid), cefqui‑ nome, ceftiofur, danofloxacin, enrofloxacin, marbofloxa‑ cin, florfenicol, tulathromycin, tiamulin, tilmicosin, tylosin, lincomycin, trimethoprim/sulfamethoxazole, and spectinomycin (El Garch et al. 2016). Similar high susceptibility has been observed by other studies in Europe (Hendriksen et al. 200",NEEDS_REVIEW
SRC-0058,Diseases of Swine 11e Chapter 48 Actinobacillosis,tulathromycin,tulathromycin,784,susceptibility_candidate,standard_review,"rarely resistant in vitro to amoxicillin (with or without clavulanic acid), cefqui‑ nome, ceftiofur, danofloxacin, enrofloxacin, marbofloxa‑ cin, florfenicol, tulathromycin, tiamulin, tilmicosin, tylosin, lincomycin, trimethoprim/sulfamethoxazole, and spectinomycin (El Garch et al. 2016). Similar high susceptibility has been ob",NEEDS_REVIEW
SRC-0058,Diseases of Swine 11e Chapter 48 Actinobacillosis,tylosin,tylosin,784,susceptibility_candidate,standard_review,"lin (with or without clavulanic acid), cefqui‑ nome, ceftiofur, danofloxacin, enrofloxacin, marbofloxa‑ cin, florfenicol, tulathromycin, tiamulin, tilmicosin, tylosin, lincomycin, trimethoprim/sulfamethoxazole, and spectinomycin (El Garch et al. 2016). Similar high susceptibility has been observed by other studies in Euro",NEEDS_REVIEW
SRC-0059,Diseases of Swine 11e Chapter 49 Bordetellosis,ampicillin,ampicillin,798,treatment_or_control_candidate,standard_review,"et al. 2004). Tulathromycin specifically lists swine respiratory disease caused by B. bronchiseptica as an indicated use. Bordetella is largely resistant to ampicillin and cephalosporins such as cefti- ofur, which is approved for treatment of swine respira- tory disease of mixed bacterial etiology (Dayao et al. 2014; Prulle",NEEDS_REVIEW
SRC-0059,Diseases of Swine 11e Chapter 49 Bordetellosis,ceftiofur,ceftiofur,798,treatment_or_control_candidate,high_review,"s approved for treatment of swine respira- tory disease of mixed bacterial etiology (Dayao et al. 2014; Pruller et al. 2015; Zhao et al. 2011). Accordingly, ceftiofur is not the optimal choice when treating mixed infections that include B. bronchiseptica as a component. Antibiotics may alleviate pneumonia and reduce clinic",NEEDS_REVIEW
SRC-0059,Diseases of Swine 11e Chapter 49 Bordetellosis,chlortetracycline,chlortetracycline,798,treatment_or_control_candidate,standard_review,"mounts a response to the vaccine, it remains susceptible to natural infection. ­Prevention and control Bordetella bronchiseptica is largely susceptible to ­chlortetracycline, oxytetracycline, and enrofloxacin; all are antibiotics approved for the treatment of swine ­respiratory disease caused by pathogens that are often associat",NEEDS_REVIEW
SRC-0059,Diseases of Swine 11e Chapter 49 Bordetellosis,enrofloxacin,enrofloxacin,798,treatment_or_control_candidate,high_review,"emains susceptible to natural infection. ­Prevention and control Bordetella bronchiseptica is largely susceptible to ­chlortetracycline, oxytetracycline, and enrofloxacin; all are antibiotics approved for the treatment of swine ­respiratory disease caused by pathogens that are often associated with B. bronchiseptica, such as",NEEDS_REVIEW
SRC-0059,Diseases of Swine 11e Chapter 49 Bordetellosis,oxytetracycline,oxytetracycline,798,treatment_or_control_candidate,standard_review,"to the vaccine, it remains susceptible to natural infection. ­Prevention and control Bordetella bronchiseptica is largely susceptible to ­chlortetracycline, oxytetracycline, and enrofloxacin; all are antibiotics approved for the treatment of swine ­respiratory disease caused by pathogens that are often associated with B. bronch",NEEDS_REVIEW
SRC-0059,Diseases of Swine 11e Chapter 49 Bordetellosis,penicillin_g,penicillin,797,mention_candidate,standard_review,"ed as well as blood agar with cephalexin for isolation of B. bronchiseptica from nasal swabs (Lariviere et al. 1993). Blood agar plates contain- ing 20 μg/mL penicillin, 10 μg/mL amphotericin B, 10 μg/ mL streptomycin, and 10 μg/mL spectinomycin also perform well for isolation from highly contaminated sites such as the nasal",NEEDS_REVIEW
SRC-0059,Diseases of Swine 11e Chapter 49 Bordetellosis,spectinomycin,spectinomycin,797,mention_candidate,standard_review,"ca from nasal swabs (Lariviere et al. 1993). Blood agar plates contain- ing 20 μg/mL penicillin, 10 μg/mL amphotericin B, 10 μg/ mL streptomycin, and 10 μg/mL spectinomycin also perform well for isolation from highly contaminated sites such as the nasal cavity (Brockmeier 1999). A blood‐containing medium should be utilized for",NEEDS_REVIEW
SRC-0059,Diseases of Swine 11e Chapter 49 Bordetellosis,sulfonamides,sulfonamide,798,boundary_or_historical,standard_review,"oute to sows and piglets around the time of farrowing/weaning in an effort to limit the extent of colonization in young pigs. Tetracyclines and trimethoprim–sulfonamide prepara- tions have historically been successfully used for this purpose, but examining susceptibility profiles of porcine pathogens coming out of diagnostic",NEEDS_REVIEW
SRC-0059,Diseases of Swine 11e Chapter 49 Bordetellosis,tetracyclines,tetracycline; tetracyclines,798,treatment_or_control_candidate,standard_review,"nts a response to the vaccine, it remains susceptible to natural infection. ­Prevention and control Bordetella bronchiseptica is largely susceptible to ­chlortetracycline, oxytetracycline, and enrofloxacin; all are antibiotics approved for the treatment of swine ­respiratory disease caused by pathogens that are often associat",NEEDS_REVIEW
SRC-0059,Diseases of Swine 11e Chapter 49 Bordetellosis,trimethoprim_sulfa,trimethoprim,798,boundary_or_historical,standard_review,"parenteral route to sows and piglets around the time of farrowing/weaning in an effort to limit the extent of colonization in young pigs. Tetracyclines and trimethoprim–sulfonamide prepara- tions have historically been successfully used for this purpose, but examining susceptibility profiles of porcine pathogens coming out o",NEEDS_REVIEW
SRC-0059,Diseases of Swine 11e Chapter 49 Bordetellosis,tulathromycin,tulathromycin,798,treatment_or_control_candidate,standard_review,"espiratory disease caused by pathogens that are often associated with B. bronchiseptica, such as P. multocida, H. parasuis, and S. suis (Kadlec et al. 2004). Tulathromycin specifically lists swine respiratory disease caused by B. bronchiseptica as an indicated use. Bordetella is largely resistant to ampicillin and cephalospori",NEEDS_REVIEW
SRC-0061,Diseases of Swine 11e Chapter 50 Brucellosis continuation,oxytetracycline,oxytetracycline,812,treatment_or_control_candidate,standard_review,"tic therapy nonviable as a regulatory strategy. More recently, a small study of natu- rally infected swine (n = 8/treatment) found that oral treatment with oxytetracycline (20 mg/kg/daily for 21 days) eliminated B. suis biovar 2 infection from only 50% of infected swine. In contrast, when oral oxytetracy- cline therapy was comb",NEEDS_REVIEW
SRC-0061,Diseases of Swine 11e Chapter 50 Brucellosis continuation,tetracyclines,tetracycline,812,treatment_or_control_candidate,standard_review,"therapy nonviable as a regulatory strategy. More recently, a small study of natu- rally infected swine (n = 8/treatment) found that oral treatment with oxytetracycline (20 mg/kg/daily for 21 days) eliminated B. suis biovar 2 infection from only 50% of infected swine. In contrast, when oral oxytetracy- cline therapy was comb",NEEDS_REVIEW
SRC-0062,Diseases of Swine 11e Chapter 51 Clostridial Diseases,amoxicillin,amoxicillin,820,susceptibility_candidate,standard_review,"up to 21 days (Ripley and Gush 1983). Antitoxin should be injected parenterally as soon after birth as possible. Oral antimi- crobials such as ampicillin or amoxicillin can also be given prophylactically, beginning immediately after birth and continuing daily for 3 days. There are reports of anti- microbial resistance in C.",NEEDS_REVIEW
SRC-0062,Diseases of Swine 11e Chapter 51 Clostridial Diseases,ampicillin,ampicillin,820,susceptibility_candidate,standard_review,"mmune sows for up to 21 days (Ripley and Gush 1983). Antitoxin should be injected parenterally as soon after birth as possible. Oral antimi- crobials such as ampicillin or amoxicillin can also be given prophylactically, beginning immediately after birth and continuing daily for 3 days. There are reports of anti- microbial re",NEEDS_REVIEW
SRC-0062,Diseases of Swine 11e Chapter 51 Clostridial Diseases,bacitracin_methylene_disalicylate,bacitracin,820,treatment_or_control_candidate,standard_review,"fied (Rood et al. 1985). However, the organism remains uniformly sus- ceptible to penicillins. Ceftiofur may be an alternative for treatment of piglets, and bacitracin methylene disal- icylate can be administered to sows before and after far- rowing to decrease the likelihood of infection of piglets. Prevention is best achiev",NEEDS_REVIEW
SRC-0062,Diseases of Swine 11e Chapter 51 Clostridial Diseases,ceftiofur,ceftiofur,820,treatment_or_control_candidate,high_review,"ringens, and tetracycline resistance plasmids have been identified (Rood et al. 1985). However, the organism remains uniformly sus- ceptible to penicillins. Ceftiofur may be an alternative for treatment of piglets, and bacitracin methylene disal- icylate can be administered to sows before and after far- rowing to decrease t",NEEDS_REVIEW
SRC-0062,Diseases of Swine 11e Chapter 51 Clostridial Diseases,chloramphenicol,chloramphenicol,825,treatment_or_control_candidate,high_review,"sease recurs. Treatment with antimicrobials may be successful if applied early (Zeller 1956). Experimental prophylactic use of tetracyclines, penicillin, or chloramphenicol prevents disease in mice (Taylor and Novak 1952). Blackleg Blackleg is a disease typically described in young cattle and rarely in other animal species, with",NEEDS_REVIEW
SRC-0062,Diseases of Swine 11e Chapter 51 Clostridial Diseases,penicillin_g,penicillin,820; 825; 827,treatment_or_control_candidate,standard_review,"ce in C. perfringens, and tetracycline resistance plasmids have been identified (Rood et al. 1985). However, the organism remains uniformly sus- ceptible to penicillins. Ceftiofur may be an alternative for treatment of piglets, and bacitracin methylene disal- icylate can be administered to sows before and after far- rowing t | es where the disease recurs. Treatment with antimicrobials may be successful if applied early (Zeller 1956). Experimental prophylactic use of tetracyclines, penicillin, or chloramphenicol prevents disease in mice (Taylor and Novak 1952). Blackleg Blackleg is a disease typically described in young cattle and rarely in other",NEEDS_REVIEW
SRC-0062,Diseases of Swine 11e Chapter 51 Clostridial Diseases,tetracyclines,tetracycline; tetracyclines,820; 825; 827,treatment_or_control_candidate,standard_review,"en prophylactically, beginning immediately after birth and continuing daily for 3 days. There are reports of anti- microbial resistance in C. perfringens, and tetracycline resistance plasmids have been identified (Rood et al. 1985). However, the organism remains uniformly sus- ceptible to penicillins. Ceftiofur may be an alter | dered on premises where the disease recurs. Treatment with antimicrobials may be successful if applied early (Zeller 1956). Experimental prophylactic use of tetracyclines, penicillin, or chloramphenicol prevents disease in mice (Taylor and Novak 1952). Blackleg Blackleg is a disease typically described in young cattle and rar",NEEDS_REVIEW
SRC-0062,Diseases of Swine 11e Chapter 51 Clostridial Diseases,tylosin,tylosin,823,treatment_or_control_candidate,standard_review,"mouse and hamster models, eliminating secretion, inflammation, and clinical disease. Results of in vitro antimicrobial susceptibility testing sug- gest that tylosin may be effective in treatment of piglets. ­Histotoxic infections Histotoxic clostridial infections are sporadic in swine and are usually exogenous, being asso",NEEDS_REVIEW
SRC-0063,Diseases of Swine 11e Chapter 52 Colibacillosis opening,ampicillin,ampicillin,840,treatment_or_control_candidate,standard_review,"istance of E. coli isolates to a wide range of antimicrobial agents has dramatically increased over the last several years. Commonly used antimicrobials are ampicillin, apramycin, ceftiofur, gentamicin, neomycin, spectinomycin, furazo- lidone, and potentiated sulfa drugs. An alternative approach to the antibiotic treatment",NEEDS_REVIEW
SRC-0063,Diseases of Swine 11e Chapter 52 Colibacillosis opening,apramycin,apramycin,840,treatment_or_control_candidate,standard_review,"E. coli isolates to a wide range of antimicrobial agents has dramatically increased over the last several years. Commonly used antimicrobials are ampicillin, apramycin, ceftiofur, gentamicin, neomycin, spectinomycin, furazo- lidone, and potentiated sulfa drugs. An alternative approach to the antibiotic treatment of enteric",NEEDS_REVIEW
SRC-0063,Diseases of Swine 11e Chapter 52 Colibacillosis opening,ceftiofur,ceftiofur,836; 840,treatment_or_control_candidate,high_review,"atives are available, referred to as critically important or very high importance antimicrobi- als, such as third‐ and fourth‐generation cephalosporins (e.g. ceftiofur) and fluoroquinolones (e.g. enrofloxacin). Such strains constitute a public health threat when they enter the food chain. ­Epidemiology Escherichia coli infe | ates to a wide range of antimicrobial agents has dramatically increased over the last several years. Commonly used antimicrobials are ampicillin, apramycin, ceftiofur, gentamicin, neomycin, spectinomycin, furazo- lidone, and potentiated sulfa drugs. An alternative approach to the antibiotic treatment of enteric E. coli inf",NEEDS_REVIEW
SRC-0063,Diseases of Swine 11e Chapter 52 Colibacillosis opening,enrofloxacin,enrofloxacin,836,susceptibility_candidate,high_review,"critically important or very high importance antimicrobi- als, such as third‐ and fourth‐generation cephalosporins (e.g. ceftiofur) and fluoroquinolones (e.g. enrofloxacin). Such strains constitute a public health threat when they enter the food chain. ­Epidemiology Escherichia coli infections are widespread, occurring in both",NEEDS_REVIEW
SRC-0063,Diseases of Swine 11e Chapter 52 Colibacillosis opening,gentamicin,gentamicin,836; 840,treatment_or_control_candidate,standard_review,". (2005) demonstrated that reduced chlorhex- idine susceptibility in virulent E. coli isolates from new- born pigs with diarrhea correlated with resistance to gentamicin and streptomycin. These findings underline the potential for transfer of this resistance and the pos- sible impact of environmental contamination. ­Neonatal E | ide range of antimicrobial agents has dramatically increased over the last several years. Commonly used antimicrobials are ampicillin, apramycin, ceftiofur, gentamicin, neomycin, spectinomycin, furazo- lidone, and potentiated sulfa drugs. An alternative approach to the antibiotic treatment of enteric E. coli infection is th",NEEDS_REVIEW
SRC-0063,Diseases of Swine 11e Chapter 52 Colibacillosis opening,neomycin,neomycin,840,treatment_or_control_candidate,standard_review,"antimicrobial agents has dramatically increased over the last several years. Commonly used antimicrobials are ampicillin, apramycin, ceftiofur, gentamicin, neomycin, spectinomycin, furazo- lidone, and potentiated sulfa drugs. An alternative approach to the antibiotic treatment of enteric E. coli infection is the use of b",NEEDS_REVIEW
SRC-0063,Diseases of Swine 11e Chapter 52 Colibacillosis opening,spectinomycin,spectinomycin,840,treatment_or_control_candidate,standard_review,"bial agents has dramatically increased over the last several years. Commonly used antimicrobials are ampicillin, apramycin, ceftiofur, gentamicin, neomycin, spectinomycin, furazo- lidone, and potentiated sulfa drugs. An alternative approach to the antibiotic treatment of enteric E. coli infection is the use of bacteriophages,",NEEDS_REVIEW
SRC-0064,Diseases of Swine 11e Chapter 52 Colibacillosis continuation,amoxicillin,amoxicillin,847,treatment_or_control_candidate,standard_review,"eptibility testing is indis- pensable for selection of effective drugs. Antimicrobials that reach therapeutic concentrations in the intestinal lumen, such as amoxicillin/clavulanic acid, fluoroqui- nolones, cephalosporins, apramycin, ceftiofur, neomy- cin, or trimethoprim, must be selected. However, antimicrobials identified a",NEEDS_REVIEW
SRC-0064,Diseases of Swine 11e Chapter 52 Colibacillosis continuation,amoxicillin_clavulanic_acid,amoxicillin/clavulanic; clavulanic,847,treatment_or_control_candidate,standard_review,"eptibility testing is indis- pensable for selection of effective drugs. Antimicrobials that reach therapeutic concentrations in the intestinal lumen, such as amoxicillin/clavulanic acid, fluoroqui- nolones, cephalosporins, apramycin, ceftiofur, neomy- cin, or trimethoprim, must be selected. However, antimicrobials identified as “Critical",NEEDS_REVIEW
SRC-0064,Diseases of Swine 11e Chapter 52 Colibacillosis continuation,apramycin,apramycin,847; 854,treatment_or_control_candidate,standard_review,"drugs. Antimicrobials that reach therapeutic concentrations in the intestinal lumen, such as amoxicillin/clavulanic acid, fluoroqui- nolones, cephalosporins, apramycin, ceftiofur, neomy- cin, or trimethoprim, must be selected. However, antimicrobials identified as “Critically important in human medicine,” such as fluoroquin | he emergence of drug resistance. Antimicrobials demonstrating some effectiveness include a combination of trimethoprim, sulfadimidine, and sulfathiazole; apramycin; and enrofloxacin. ­Nonspecific urinary tract infection Like CM, nonspecific UTI behaves like a noncontagious infectious disease of endogenous origin. The fec",NEEDS_REVIEW
SRC-0064,Diseases of Swine 11e Chapter 52 Colibacillosis continuation,ceftiofur,ceftiofur,847,susceptibility_candidate,high_review,"microbials that reach therapeutic concentrations in the intestinal lumen, such as amoxicillin/clavulanic acid, fluoroqui- nolones, cephalosporins, apramycin, ceftiofur, neomy- cin, or trimethoprim, must be selected. However, antimicrobials identified as “Critically important in human medicine,” such as fluoroquinolones and",NEEDS_REVIEW
SRC-0064,Diseases of Swine 11e Chapter 52 Colibacillosis continuation,colistin,colistin,849,treatment_or_control_candidate,high_review,"highest rate of resistance within porcine E. coli. In addition to the classes of antimicrobials mentioned above for parenteral therapy, aminoglycosides and colistin are widely used for chemoprophylaxis. However, colistin resistance in pigs has been increasingly reported worldwide in the last sev- eral years (Rhouma et a",NEEDS_REVIEW
SRC-0064,Diseases of Swine 11e Chapter 52 Colibacillosis continuation,enrofloxacin,enrofloxacin,854,treatment_or_control_candidate,high_review,"drug resistance. Antimicrobials demonstrating some effectiveness include a combination of trimethoprim, sulfadimidine, and sulfathiazole; apramycin; and enrofloxacin. ­Nonspecific urinary tract infection Like CM, nonspecific UTI behaves like a noncontagious infectious disease of endogenous origin. The fecal micro- biota is",NEEDS_REVIEW
SRC-0064,Diseases of Swine 11e Chapter 52 Colibacillosis continuation,sulfonamides,sulfadimidine; sulfathiazole; sulfonamide; sulfonamides,854; 855,treatment_or_control_candidate,standard_review,"d of treatment helps to postpone the emergence of drug resistance. Antimicrobials demonstrating some effectiveness include a combination of trimethoprim, sulfadimidine, and sulfathiazole; apramycin; and enrofloxacin. ­Nonspecific urinary tract infection Like CM, nonspecific UTI behaves like a noncontagious infectious diseas | nital infections of swine is frustrating (Dial and MacLachlan 1988b). For UTI, therapy with broad‐ spectrum or combined antimicrobials, such as trimetho- prim/sulfonamides, is recommended due to the variable susceptibilities of the diverse bacteria involved and the fre- quent acquisition of resistance (Berner 1990). Prolonged",NEEDS_REVIEW
SRC-0064,Diseases of Swine 11e Chapter 52 Colibacillosis continuation,trimethoprim_sulfa,trimethoprim,847; 854,treatment_or_control_candidate,standard_review,"rapeutic concentrations in the intestinal lumen, such as amoxicillin/clavulanic acid, fluoroqui- nolones, cephalosporins, apramycin, ceftiofur, neomy- cin, or trimethoprim, must be selected. However, antimicrobials identified as “Critically important in human medicine,” such as fluoroquinolones and cepha- losporins of third and | zing the period of treatment helps to postpone the emergence of drug resistance. Antimicrobials demonstrating some effectiveness include a combination of trimethoprim, sulfadimidine, and sulfathiazole; apramycin; and enrofloxacin. ­Nonspecific urinary tract infection Like CM, nonspecific UTI behaves like a noncontagious in",NEEDS_REVIEW
SRC-0065,Diseases of Swine 11e Chapter 53 Erysipelas,penicillin_g,penicillin,865,susceptibility_candidate,standard_review,"in the course of E. rhusi- opathiae infection usually results in a good response in affected pigs within 24–36 hours. The bacterium is highly susceptible to penicillin, which remains the treat- ment of choice (Chuma et al. 2010; Coutinho et al. 2011; Ding et al. 2015; Zhang et al. 2015). Most E. rhusiopathiae strains are al",NEEDS_REVIEW
SRC-0065,Diseases of Swine 11e Chapter 53 Erysipelas,tetracyclines,tetracycline; tetracyclines,865,susceptibility_candidate,standard_review,"2011; Ding et al. 2015; Zhang et al. 2015). Most E. rhusiopathiae strains are also susceptible to cephalosporins, lincosa- mides, macrolides, quinolones, and tetracyclines; how- ever, antimicrobial susceptibility should be carefully evaluated on a case‐by‐case basis due to the emergence of resistant isolates (Chuma et al. 2010",NEEDS_REVIEW
SRC-0066,Diseases of Swine 11e Chapter 54 Glasser Disease,tetracyclines,tetracycline,875,susceptibility_candidate,standard_review,nese and Spanish isolates (Aarestrup et al. 2004; Dayao et al. 2014; El Garch et al. 2016; Martín de la Fuente et al. 2007; Zhou et al. 2010). Resistance to tetracycline and beta‐lactam antibi­ otics has been linked to the presence of resistance genes in plasmids carried by H. parasuis (Lancashire et al. 2005; Moleres et al.,NEEDS_REVIEW
SRC-0067,Diseases of Swine 11e Chapter 55 Leptospirosis opening,bacitracin_methylene_disalicylate,bacitracin,884,treatment_or_control_candidate,standard_review,"led by a variety of selective agents including 5‐fluorouracil, nalidixic acid, fosfomycin, and a cocktail of rifamycin, polymyxin, neomycin, 5‐fluorouracil, bacitracin, and actidione. Culture media containing 5‐fluorouracil at levels between 200 and 500 μg/mL should be used as transport media for the submission of samples",NEEDS_REVIEW
SRC-0067,Diseases of Swine 11e Chapter 55 Leptospirosis opening,neomycin,neomycin,884,treatment_or_control_candidate,standard_review,"ntamination may be controlled by a variety of selective agents including 5‐fluorouracil, nalidixic acid, fosfomycin, and a cocktail of rifamycin, polymyxin, neomycin, 5‐fluorouracil, bacitracin, and actidione. Culture media containing 5‐fluorouracil at levels between 200 and 500 μg/mL should be used as transport media fo",NEEDS_REVIEW
SRC-0067,Diseases of Swine 11e Chapter 55 Leptospirosis opening,oxytetracycline,oxytetracycline,884,treatment_or_control_candidate,standard_review,"orted that these regimes do not work (Doherty and Baynes 1967; Hodges et al. 1979). Work on the use of alternative antibiotic therapy regimes indicates that oxytetracycline (40 mg/kg for 3 or 5 days), tylosin (44 mg/kg for 5 days), or erythromycin (25 mg/kg for 5 days) may be effective in eliminating Pomona from the kidneys of",NEEDS_REVIEW
SRC-0067,Diseases of Swine 11e Chapter 55 Leptospirosis opening,tetracyclines,tetracycline; tetracyclines,884,susceptibility_candidate,standard_review,"ntrol infection in herds. Despite claims by some authors that either systemic streptomycin at 25 mg/kg body weight (Alt and Bolin 1996; Dobson 1974) or oral tetracyclines at levels of 800 g/ton of feed (Stalheim 1967) will elimi­ nate carriers, others have reported that these regimes do not work (Doherty and Baynes 1967; Hodg",NEEDS_REVIEW
SRC-0067,Diseases of Swine 11e Chapter 55 Leptospirosis opening,tylosin,tylosin,884,treatment_or_control_candidate,standard_review,"y and Baynes 1967; Hodges et al. 1979). Work on the use of alternative antibiotic therapy regimes indicates that oxytetracycline (40 mg/kg for 3 or 5 days), tylosin (44 mg/kg for 5 days), or erythromycin (25 mg/kg for 5 days) may be effective in eliminating Pomona from the kidneys of experimentally infected pigs (Alt and",NEEDS_REVIEW
SRC-0068,Diseases of Swine 11e Chapter 55 Leptospirosis continuation,oxytetracycline,oxytetracycline,885,mention_candidate,standard_review,"n to introduce a regular vaccina­ tion program. If vaccination is not an available option, then a feed medication program, using either chlortet­ racycline or oxytetracycline at 600–800 g/ton of feed, should be introduced. This ration is fed either ­continuously or on a 1‐month‐on/1‐month‐off basis. Alternatively, it may be fed",NEEDS_REVIEW
SRC-0068,Diseases of Swine 11e Chapter 55 Leptospirosis continuation,tetracyclines,tetracycline,885,mention_candidate,standard_review,"o introduce a regular vaccina­ tion program. If vaccination is not an available option, then a feed medication program, using either chlortet­ racycline or oxytetracycline at 600–800 g/ton of feed, should be introduced. This ration is fed either ­continuously or on a 1‐month‐on/1‐month‐off basis. Alternatively, it may be fed",NEEDS_REVIEW
SRC-0069,Diseases of Swine 11e Chapter 56 Mycoplasmosis,chlortetracycline,chlortetracycline,893; 901,susceptibility_candidate,standard_review,"ibility testing of tetracyclines (Etheridge et al. 1979; Williams 1978). Inamoto et al. (1994) reported acquired antimi- crobial resistance to tetracyclines (chlortetracycline and oxytetracycline) occurring in M. hyopneumoniae field strains isolated in Japan between 1970 and 1990. However, high MIC values for chlortetracycline sho | help to prevent acute disease. However, treat- ment does not necessarily eliminate the organism from the pig, as M. suis may reside intracellularly in RBCs. Chlortetracycline fed to the entire sow herd at 22 mg/kg/d for 2 weeks resulted in a near‐complete disappearance of dysgalactia in sows farrowing within 5 weeks after the star",NEEDS_REVIEW
SRC-0069,Diseases of Swine 11e Chapter 56 Mycoplasmosis,florfenicol,florfenicol,893,treatment_or_control_candidate,standard_review,"to treat and control M. hyopneumoniae infections in pigs. Other potentially effective antimicrobials include lincosamides, pleuromutilins, fluoroquinolones, florfenicol, aminogly- cosides, and aminocyclitols (Hannan et al. 1997a; Inamoto et al. 1994; Ter Laak et al. 1991). Since M. hyo- pneumoniae lacks a cell wall, it is in",NEEDS_REVIEW
SRC-0069,Diseases of Swine 11e Chapter 56 Mycoplasmosis,lincomycin,lincomycin,893; 898,susceptibility_candidate,standard_review,"ure medium (Pommier 2006). Studies have also reported acquired antimicrobial resist- ance of field strains to macrolides (tylosin, tilmicosin), lincosamides (lincomycin), and fluoroquinolones (enro- floxacin, flumequine) (Le Carrou et al. 2006; Stakenborg et al. 2005a; Tavío et al. 2014; Thongkamkoon et al. 2013; Vicca et | or pre- vent disease. Due to the lack of a cell wall, M. hyorhinis is naturally resistant to β‐lactams. M. hyorhinis is generally suscep- tible to macrolides, lincomycin, and tetracyclines (Aarestrup et al. 1998; Ogata et al. 1971; Williams 1978; Wu et al. 2000). Decreased susceptibility or resistance to certain antimicrobia",NEEDS_REVIEW
SRC-0069,Diseases of Swine 11e Chapter 56 Mycoplasmosis,neomycin,neomycin,893,treatment_or_control_candidate,standard_review,"wall precursors, such as beta‐lactam antibiotics (e.g. penicil- lin, cephalosporin), and to polymyxin, oleandomycin, erythromycin, rifampicin, streptomycin, neomycin, tri- methoprim, and sulfonamides. Sulfonamides have little influence on M. hyopneumoniae, although they are widely used for control of secondary bacterial i",NEEDS_REVIEW
SRC-0069,Diseases of Swine 11e Chapter 56 Mycoplasmosis,oxytetracycline,oxytetracycline,893; 901,treatment_or_control_candidate,standard_review,"racyclines (Etheridge et al. 1979; Williams 1978). Inamoto et al. (1994) reported acquired antimi- crobial resistance to tetracyclines (chlortetracycline and oxytetracycline) occurring in M. hyopneumoniae field strains isolated in Japan between 1970 and 1990. However, high MIC values for chlortetracycline should be interpreted w | t only 2–3 months, resulting in fre- quent false‐negative results (Heinritzi 1999). Treatment and prevention Treatment The treatment of choice for infection is oxytetracycline at a dose of 20–30 mg/kg administered parenterally (Heinritzi 1999). Acutely diseased pigs require parenteral treatment due to lack of adequate feed consump",NEEDS_REVIEW
SRC-0069,Diseases of Swine 11e Chapter 56 Mycoplasmosis,sulfonamides,sulfonamide; sulfonamides,893,treatment_or_control_candidate,standard_review,"a‐lactam antibiotics (e.g. penicil- lin, cephalosporin), and to polymyxin, oleandomycin, erythromycin, rifampicin, streptomycin, neomycin, tri- methoprim, and sulfonamides. Sulfonamides have little influence on M. hyopneumoniae, although they are widely used for control of secondary bacterial infections associated with EP. Ac",NEEDS_REVIEW
SRC-0069,Diseases of Swine 11e Chapter 56 Mycoplasmosis,tetracyclines,tetracycline; tetracyclines,893; 898; 899; 901; 905,treatment_or_control_candidate,standard_review,"se reasons, serology is a useful diag- nostic method mainly in populations and when vaccination status is known. Treatment, control, and eradication Treatment Tetracyclines and macrolides are frequently used to treat and control M. hyopneumoniae infections in pigs. Other potentially effective antimicrobials include lincosamides | ease. Due to the lack of a cell wall, M. hyorhinis is naturally resistant to β‐lactams. M. hyorhinis is generally suscep- tible to macrolides, lincomycin, and tetracyclines (Aarestrup et al. 1998; Ogata et al. 1971; Williams 1978; Wu et al. 2000). Decreased susceptibility or resistance to certain antimicrobial drugs has been s",NEEDS_REVIEW
SRC-0069,Diseases of Swine 11e Chapter 56 Mycoplasmosis,tiamulin,tiamulin,893,susceptibility_candidate,standard_review,014; Thongkamkoon et al. 2013; Vicca et al. 2007). Resistance against other antimi- crobials has not yet been detected. The susceptibility to valnemulin and tiamulin has decreased in 1997 (Hannan et al. 1997b) to 2013 (Tavío et al. 2014; Thongkamkoon et al. 2013). Many studies have assessed the efficacy of various ­antim,NEEDS_REVIEW
SRC-0069,Diseases of Swine 11e Chapter 56 Mycoplasmosis,tilmicosin,tilmicosin,893,susceptibility_candidate,standard_review,"of the molecule in the culture medium (Pommier 2006). Studies have also reported acquired antimicrobial resist- ance of field strains to macrolides (tylosin, tilmicosin), lincosamides (lincomycin), and fluoroquinolones (enro- floxacin, flumequine) (Le Carrou et al. 2006; Stakenborg et al. 2005a; Tavío et al. 2014; Thongkam",NEEDS_REVIEW
SRC-0069,Diseases of Swine 11e Chapter 56 Mycoplasmosis,tylosin,tylosin,893,susceptibility_candidate,standard_review,"tability of the molecule in the culture medium (Pommier 2006). Studies have also reported acquired antimicrobial resist- ance of field strains to macrolides (tylosin, tilmicosin), lincosamides (lincomycin), and fluoroquinolones (enro- floxacin, flumequine) (Le Carrou et al. 2006; Stakenborg et al. 2005a; Tavío et al. 20",NEEDS_REVIEW
SRC-0069,Diseases of Swine 11e Chapter 56 Mycoplasmosis,valnemulin,valnemulin,893,susceptibility_candidate,standard_review,Tavío et al. 2014; Thongkamkoon et al. 2013; Vicca et al. 2007). Resistance against other antimi- crobials has not yet been detected. The susceptibility to valnemulin and tiamulin has decreased in 1997 (Hannan et al. 1997b) to 2013 (Tavío et al. 2014; Thongkamkoon et al. 2013). Many studies have assessed the efficacy of va,NEEDS_REVIEW
SRC-0070,Diseases of Swine 11e Chapter 57 Pasteurellosis,ampicillin,ampicillin,918; 919,treatment_or_control_candidate,standard_review,"rategic injections of antibacterial agents in therapeutic dosages through the first 3–4 weeks of life. Drugs used commonly for treatment of P. multocida are ampicillin, ceftiofur, enrofloxacin, and tulathromycin. However, because of resistance, ampicillin and ceftiofur should not be the first choice if B. bronchiseptica is | lenging because of the difficulty of achieving therapeutic concentrations in consolidated pneu- monic lungs. Parenteral antibiotics are preferable includ- ing ampicillin, ceftiofur, enrofloxacin, and tulathromycin. In‐feed antibiotics, such as chlortetracycline and tilmi- cosin, are best used on a preventative basis. Under fie",NEEDS_REVIEW
SRC-0070,Diseases of Swine 11e Chapter 57 Pasteurellosis,ceftiofur,ceftiofur,918; 919,treatment_or_control_candidate,high_review,"ctions of antibacterial agents in therapeutic dosages through the first 3–4 weeks of life. Drugs used commonly for treatment of P. multocida are ampicillin, ceftiofur, enrofloxacin, and tulathromycin. However, because of resistance, ampicillin and ceftiofur should not be the first choice if B. bronchiseptica is a ­factor | use of the difficulty of achieving therapeutic concentrations in consolidated pneu- monic lungs. Parenteral antibiotics are preferable includ- ing ampicillin, ceftiofur, enrofloxacin, and tulathromycin. In‐feed antibiotics, such as chlortetracycline and tilmi- cosin, are best used on a preventative basis. Under field conditio",NEEDS_REVIEW
SRC-0070,Diseases of Swine 11e Chapter 57 Pasteurellosis,chlortetracycline,chlortetracycline,919,treatment_or_control_candidate,standard_review,"ated pneu- monic lungs. Parenteral antibiotics are preferable includ- ing ampicillin, ceftiofur, enrofloxacin, and tulathromycin. In‐feed antibiotics, such as chlortetracycline and tilmi- cosin, are best used on a preventative basis. Under field conditions the effectiveness of vaccination against pneumonia with P. multocida is dubiou",NEEDS_REVIEW
SRC-0070,Diseases of Swine 11e Chapter 57 Pasteurellosis,enrofloxacin,enrofloxacin,918; 919,treatment_or_control_candidate,high_review,"ntibacterial agents in therapeutic dosages through the first 3–4 weeks of life. Drugs used commonly for treatment of P. multocida are ampicillin, ceftiofur, enrofloxacin, and tulathromycin. However, because of resistance, ampicillin and ceftiofur should not be the first choice if B. bronchiseptica is a ­factor in PAR. PAR in | difficulty of achieving therapeutic concentrations in consolidated pneu- monic lungs. Parenteral antibiotics are preferable includ- ing ampicillin, ceftiofur, enrofloxacin, and tulathromycin. In‐feed antibiotics, such as chlortetracycline and tilmi- cosin, are best used on a preventative basis. Under field conditions the effecti",NEEDS_REVIEW
SRC-0070,Diseases of Swine 11e Chapter 57 Pasteurellosis,oxytetracycline,oxytetracycline,918,susceptibility_candidate,standard_review,"ncreasing resistance to some sulfonamides has been reported for both B. bronchiseptica and P. multocida, as has an increase in resistance of P. multocida to oxytetracycline (El Garch et al. 2016; Furian et al. 2016). Thus, determining the antibiotic susceptibility profile for isolates from a par- ticular herd is prudent. Suckl",NEEDS_REVIEW
SRC-0070,Diseases of Swine 11e Chapter 57 Pasteurellosis,sulfonamides,sulfonamide; sulfonamides,918,treatment_or_control_candidate,standard_review,"environment. To reduce vertical transmission from infected dams to suckling offspring, the sow’s feed can be medicated ­during the final month of gestation. Sulfonamides and tetracyclines are most widely used. Increasing resistance to some sulfonamides has been reported for both B. bronchiseptica and P. multocida, as has an",NEEDS_REVIEW
SRC-0070,Diseases of Swine 11e Chapter 57 Pasteurellosis,tetracyclines,tetracycline; tetracyclines,918; 919,treatment_or_control_candidate,standard_review,"educe vertical transmission from infected dams to suckling offspring, the sow’s feed can be medicated ­during the final month of gestation. Sulfonamides and tetracyclines are most widely used. Increasing resistance to some sulfonamides has been reported for both B. bronchiseptica and P. multocida, as has an increase in resis | pneu- monic lungs. Parenteral antibiotics are preferable includ- ing ampicillin, ceftiofur, enrofloxacin, and tulathromycin. In‐feed antibiotics, such as chlortetracycline and tilmi- cosin, are best used on a preventative basis. Under field conditions the effectiveness of vaccination against pneumonia with P. multocida is dubiou",NEEDS_REVIEW
SRC-0070,Diseases of Swine 11e Chapter 57 Pasteurellosis,tilmicosin,tilmicosin,918,treatment_or_control_candidate,standard_review,"ned pigs that leads to marked turbinate atrophy at slaughter can be controlled to some extent by medication of rations or drinking water with tetracyclines, tilmicosin, and trimethoprim/sulfa. Such medication also assists in the maintenance of growth and feed efficiency in the face of active PAR. Medication is most effecti",NEEDS_REVIEW
SRC-0070,Diseases of Swine 11e Chapter 57 Pasteurellosis,trimethoprim_sulfa,trimethoprim,918,treatment_or_control_candidate,standard_review,"ads to marked turbinate atrophy at slaughter can be controlled to some extent by medication of rations or drinking water with tetracyclines, tilmicosin, and trimethoprim/sulfa. Such medication also assists in the maintenance of growth and feed efficiency in the face of active PAR. Medication is most effective when environmen",NEEDS_REVIEW
SRC-0070,Diseases of Swine 11e Chapter 57 Pasteurellosis,tulathromycin,tulathromycin,918; 919,treatment_or_control_candidate,standard_review,"s in therapeutic dosages through the first 3–4 weeks of life. Drugs used commonly for treatment of P. multocida are ampicillin, ceftiofur, enrofloxacin, and tulathromycin. However, because of resistance, ampicillin and ceftiofur should not be the first choice if B. bronchiseptica is a ­factor in PAR. PAR in weaned pigs that l | ieving therapeutic concentrations in consolidated pneu- monic lungs. Parenteral antibiotics are preferable includ- ing ampicillin, ceftiofur, enrofloxacin, and tulathromycin. In‐feed antibiotics, such as chlortetracycline and tilmi- cosin, are best used on a preventative basis. Under field conditions the effectiveness of vaccinati",NEEDS_REVIEW
SRC-0072,Diseases of Swine 11e Chapter 58 Proliferative Enteropathy continuation,bacitracin_methylene_disalicylate,bacitracin,931,treatment_or_control_candidate,standard_review,"ctive are most likely due to subtherapeu- tic dosages. Antimicrobials known to be ineffective against L. intracellularis in clinical PE include penicil- lins, bacitracin, and aminoglycosides such as neomycin, virginiamycin, and ionophores. Non‐antibiotic therapies such as copper or zinc compounds or feed acidifiers are gener",NEEDS_REVIEW
SRC-0072,Diseases of Swine 11e Chapter 58 Proliferative Enteropathy continuation,carbadox,carbadox,931,treatment_or_control_candidate,high_review,"r kg of body weight (McOrist et al. 1996b, 1997a; Pommier et al. 2008; Schwartz et al. 1999; Walter et al. 2001). In the United States quinoxalines (such as carbadox) are also available and effective. Acquired resistance by L. intracel- lularis to these active drug groups has not been ­demonstrated (McOrist 2000). Althoug",NEEDS_REVIEW
SRC-0072,Diseases of Swine 11e Chapter 58 Proliferative Enteropathy continuation,colistin,colistin,932; 933,treatment_or_control_candidate,high_review,"Section IV Bacterial Diseases 908 before and 3 days after ­vaccination (Kolb and Sick 2003). The concurrent use of in‐feed administration of colistin at 30 g/ton or virginiamycin at 11 g/ton has not demonstrated interference with the effectiveness of the modified live oral vaccine (Beckler et al. 2013; L | 6. Liesner BG, Husa J, Saltzman R. 2012. Compatibility of Enterisol Ileitis oral Lawsonia intracellularis vaccine for swine when given concurrently with oral colistin sulfate. In Proceedings of the International Pig Veterinary Society, Jeju, South Korea, p. 663. Lomax LG, Glock RD. 1982. Am J Vet Res 43:1608–1614. MacIntyr",NEEDS_REVIEW
SRC-0072,Diseases of Swine 11e Chapter 58 Proliferative Enteropathy continuation,doxycycline,doxycycline,931,treatment_or_control_candidate,standard_review,"tetracycline demonstrated only intermediate effectiveness in vitro (Wattanaphasak et al. 2009), medication via water using tetracycline and its derivative, doxycycline, demonstrated reduction in fecal shedding of L. intracellularis under field conditions (Larsen et al. 2016; Weber et al. 2017). Apparent medication failures",NEEDS_REVIEW
SRC-0072,Diseases of Swine 11e Chapter 58 Proliferative Enteropathy continuation,neomycin,neomycin,931,treatment_or_control_candidate,standard_review,"- tic dosages. Antimicrobials known to be ineffective against L. intracellularis in clinical PE include penicil- lins, bacitracin, and aminoglycosides such as neomycin, virginiamycin, and ionophores. Non‐antibiotic therapies such as copper or zinc compounds or feed acidifiers are generally ineffective. Effective medication",NEEDS_REVIEW
SRC-0072,Diseases of Swine 11e Chapter 58 Proliferative Enteropathy continuation,tetracyclines,tetracycline,931,treatment_or_control_candidate,standard_review,"are also available and effective. Acquired resistance by L. intracel- lularis to these active drug groups has not been ­demonstrated (McOrist 2000). Although tetracycline demonstrated only intermediate effectiveness in vitro (Wattanaphasak et al. 2009), medication via water using tetracycline and its derivative, doxycycline,",NEEDS_REVIEW
SRC-0072,Diseases of Swine 11e Chapter 58 Proliferative Enteropathy continuation,tiamulin,tiamulin,931,mention_candidate,standard_review,"res a vigorous approach, medicating both clinically affected and in‐ contact animals (which may include whole herd treat- ment). A preferred strategy would be tiamulin (120 ppm), tylosin (100 ppm), or tylvalosin (100 ppm) for 14 days, delivered orally via a water‐soluble formulation or an in‐ feed premix or by intramuscular",NEEDS_REVIEW
SRC-0072,Diseases of Swine 11e Chapter 58 Proliferative Enteropathy continuation,tylosin,tylosin,931,mention_candidate,standard_review,"ach, medicating both clinically affected and in‐ contact animals (which may include whole herd treat- ment). A preferred strategy would be tiamulin (120 ppm), tylosin (100 ppm), or tylvalosin (100 ppm) for 14 days, delivered orally via a water‐soluble formulation or an in‐ feed premix or by intramuscular injection of an equ",NEEDS_REVIEW
SRC-0072,Diseases of Swine 11e Chapter 58 Proliferative Enteropathy continuation,tylvalosin,tylvalosin,931,mention_candidate,standard_review,"linically affected and in‐ contact animals (which may include whole herd treat- ment). A preferred strategy would be tiamulin (120 ppm), tylosin (100 ppm), or tylvalosin (100 ppm) for 14 days, delivered orally via a water‐soluble formulation or an in‐ feed premix or by intramuscular injection of an equiva- lent dose. Severe PI",NEEDS_REVIEW
SRC-0072,Diseases of Swine 11e Chapter 58 Proliferative Enteropathy continuation,virginiamycin,virginiamycin,931; 932,treatment_or_control_candidate,standard_review,"es. Antimicrobials known to be ineffective against L. intracellularis in clinical PE include penicil- lins, bacitracin, and aminoglycosides such as neomycin, virginiamycin, and ionophores. Non‐antibiotic therapies such as copper or zinc compounds or feed acidifiers are generally ineffective. Effective medication protocols vary | IV Bacterial Diseases 908 before and 3 days after ­vaccination (Kolb and Sick 2003). The concurrent use of in‐feed administration of colistin at 30 g/ton or virginiamycin at 11 g/ton has not demonstrated interference with the effectiveness of the modified live oral vaccine (Beckler et al. 2013; Liesner et al. 2012). In 2016",NEEDS_REVIEW
SRC-0073,Diseases of Swine 11e Chapter 59 Salmonellosis,ampicillin,ampicillin,937,treatment_or_control_candidate,standard_review,"caused by infec- tion with S. Typhimurium (Krull 2017, unpublished data). There has also been a steady increase over time in the percentage of isolates with ampicillin, streptomycin, sulfonamide, and tetracycline (ASSuT) antimicrobial resistance. Approximately 38% of isolates at the Iowa State University Veterinary Diagnos",NEEDS_REVIEW
SRC-0073,Diseases of Swine 11e Chapter 59 Salmonellosis,apramycin,apramycin,946,treatment_or_control_candidate,standard_review,"acticed. The choice of an appropriate anti- microbial is aided by antibiograms and previous herd experience. In the absence of either, amikacin, gen- tamicin, apramycin, ceftiofur, and trimethoprim/sulfon- amide have been effective in vitro against most isolates (Barnes and Sorensen 1975; Mills and Kelly 1986; Schultz 1989;",NEEDS_REVIEW
SRC-0073,Diseases of Swine 11e Chapter 59 Salmonellosis,ceftiofur,ceftiofur,946,treatment_or_control_candidate,high_review,"e choice of an appropriate anti- microbial is aided by antibiograms and previous herd experience. In the absence of either, amikacin, gen- tamicin, apramycin, ceftiofur, and trimethoprim/sulfon- amide have been effective in vitro against most isolates (Barnes and Sorensen 1975; Mills and Kelly 1986; Schultz 1989; Schwartz 19",NEEDS_REVIEW
SRC-0073,Diseases of Swine 11e Chapter 59 Salmonellosis,dexamethasone,dexamethasone,939,mention_candidate,standard_review,"), but most authors report successful experimental disease production with doses of 108–1011 organisms unless pigs are artificially stressed by injection of dexamethasone or in some other manner. Pigs infected with 103 organisms remained clinically normal, but uninoculated pigs in the same pen did become clinically ill (Gray",NEEDS_REVIEW
SRC-0073,Diseases of Swine 11e Chapter 59 Salmonellosis,flunixin,flunixin,946,boundary_or_historical,standard_review,"xin (Schultz 1989; Schwartz and Daniels 1987). Dipyrone was the anti‐inflammatory of choice in swine, but this drug is now banned in food‐producing animals. Flunixin is approved for use in swine and this drug has potent antiendotoxin effects. Meloxicam is another NSAID that has been used in swine (Pairis‐Garcia et al. 20",NEEDS_REVIEW
SRC-0073,Diseases of Swine 11e Chapter 59 Salmonellosis,meloxicam,meloxicam,946,boundary_or_historical,standard_review,"hoice in swine, but this drug is now banned in food‐producing animals. Flunixin is approved for use in swine and this drug has potent antiendotoxin effects. Meloxicam is another NSAID that has been used in swine (Pairis‐Garcia et al. 2015). VetBooks.ir",NEEDS_REVIEW
SRC-0073,Diseases of Swine 11e Chapter 59 Salmonellosis,sulfonamides,sulfadiazine; sulfonamide,937; 947,treatment_or_control_candidate,standard_review,"S. Typhimurium (Krull 2017, unpublished data). There has also been a steady increase over time in the percentage of isolates with ampicillin, streptomycin, sulfonamide, and tetracycline (ASSuT) antimicrobial resistance. Approximately 38% of isolates at the Iowa State University Veterinary Diagnostic Laboratory in 2016 expr | al. 1997. J Am Vet Med Assoc 210:386–389. Dawe DL, Troutt HF. 1976. Treatment of experimentally induced salmonellosis in weanling pigs with trimethoprim and sulfadiazine. Proc Int Congr Pig Vet Soc 4:M4. Degeeter MH, Stahl GL, Geng S. 1976. Am J Vet Res 37:525–529. Dixon JMS. 1965. Br Med J 2:1343–1345. Doyle ME, Kaspar C, Rac",NEEDS_REVIEW
SRC-0073,Diseases of Swine 11e Chapter 59 Salmonellosis,tetracyclines,tetracycline,937,susceptibility_candidate,standard_review,"Krull 2017, unpublished data). There has also been a steady increase over time in the percentage of isolates with ampicillin, streptomycin, sulfonamide, and tetracycline (ASSuT) antimicrobial resistance. Approximately 38% of isolates at the Iowa State University Veterinary Diagnostic Laboratory in 2016 expressed ASSuT resist",NEEDS_REVIEW
SRC-0073,Diseases of Swine 11e Chapter 59 Salmonellosis,trimethoprim_sulfa,trimethoprim,946; 947,treatment_or_control_candidate,standard_review,"appropriate anti- microbial is aided by antibiograms and previous herd experience. In the absence of either, amikacin, gen- tamicin, apramycin, ceftiofur, and trimethoprim/sulfon- amide have been effective in vitro against most isolates (Barnes and Sorensen 1975; Mills and Kelly 1986; Schultz 1989; Schwartz 1997; Wilcock et al. | WEM, Jones FT, et al. 1997. J Am Vet Med Assoc 210:386–389. Dawe DL, Troutt HF. 1976. Treatment of experimentally induced salmonellosis in weanling pigs with trimethoprim and sulfadiazine. Proc Int Congr Pig Vet Soc 4:M4. Degeeter MH, Stahl GL, Geng S. 1976. Am J Vet Res 37:525–529. Dixon JMS. 1965. Br Med J 2:1343–1345. Doyle",NEEDS_REVIEW
SRC-0074,Diseases of Swine 11e Chapter 60 Staphylococcosis,ampicillin,ampicillin,955,susceptibility_candidate,standard_review,"development. Susceptibility testing for appropriate antimicrobial agent is recommended since many isolates are resistant to common drugs such as penicillin, ampicillin, chlortetra- cycline, oxytetracycline, and spectinomycin. Ceftiofur, enrofloxacin, and trimethoprim/sulfamethoxazole are good choices in the absence of indiv",NEEDS_REVIEW
SRC-0074,Diseases of Swine 11e Chapter 60 Staphylococcosis,ceftiofur,ceftiofur,954; 955,treatment_or_control_candidate,high_review,"sting of isolates recovered from EE lesions is recommended to provide evidence of the appropriate treatment. In the absence of drug suscepti- bility results, ceftiofur, enrofloxacin, and combination of trimethoprim/sulfamethoxazole and lincomycin are best choices. Injection of the antimicrobial is recommended, but it may b | ent is recommended since many isolates are resistant to common drugs such as penicillin, ampicillin, chlortetra- cycline, oxytetracycline, and spectinomycin. Ceftiofur, enrofloxacin, and trimethoprim/sulfamethoxazole are good choices in the absence of individual isolate testing. Since S. aureus infection is an individual a",NEEDS_REVIEW
SRC-0074,Diseases of Swine 11e Chapter 60 Staphylococcosis,enrofloxacin,enrofloxacin,954; 955,treatment_or_control_candidate,high_review,"olates recovered from EE lesions is recommended to provide evidence of the appropriate treatment. In the absence of drug suscepti- bility results, ceftiofur, enrofloxacin, and combination of trimethoprim/sulfamethoxazole and lincomycin are best choices. Injection of the antimicrobial is recommended, but it may be given orally | mmended since many isolates are resistant to common drugs such as penicillin, ampicillin, chlortetra- cycline, oxytetracycline, and spectinomycin. Ceftiofur, enrofloxacin, and trimethoprim/sulfamethoxazole are good choices in the absence of individual isolate testing. Since S. aureus infection is an individual animal prob- lem",NEEDS_REVIEW
SRC-0074,Diseases of Swine 11e Chapter 60 Staphylococcosis,lincomycin,lincomycin,954,treatment_or_control_candidate,standard_review,"of the appropriate treatment. In the absence of drug suscepti- bility results, ceftiofur, enrofloxacin, and combination of trimethoprim/sulfamethoxazole and lincomycin are best choices. Injection of the antimicrobial is recommended, but it may be given orally in less severe cases. Other treatments include spraying the pigs",NEEDS_REVIEW
SRC-0074,Diseases of Swine 11e Chapter 60 Staphylococcosis,oxytetracycline,oxytetracycline,955,susceptibility_candidate,standard_review,"ing for appropriate antimicrobial agent is recommended since many isolates are resistant to common drugs such as penicillin, ampicillin, chlortetra- cycline, oxytetracycline, and spectinomycin. Ceftiofur, enrofloxacin, and trimethoprim/sulfamethoxazole are good choices in the absence of individual isolate testing. Since S. aureu",NEEDS_REVIEW
SRC-0074,Diseases of Swine 11e Chapter 60 Staphylococcosis,penicillin_g,penicillin,954; 955,susceptibility_candidate,standard_review,"icant correlation between toxin gene carriage and antimicrobial resistance (Futagawa‐ Saito et al. 2009). Although regional differences exist, resistance to penicillin, erythromycin, streptomycin, sul- fonamides, and tetracycline is a frequent occurrence. In addition, genetic elements conferring methicillin and zinc resista | tal abscess development. Susceptibility testing for appropriate antimicrobial agent is recommended since many isolates are resistant to common drugs such as penicillin, ampicillin, chlortetra- cycline, oxytetracycline, and spectinomycin. Ceftiofur, enrofloxacin, and trimethoprim/sulfamethoxazole are good choices in the abse",NEEDS_REVIEW
SRC-0074,Diseases of Swine 11e Chapter 60 Staphylococcosis,spectinomycin,spectinomycin,955,susceptibility_candidate,standard_review,"ntimicrobial agent is recommended since many isolates are resistant to common drugs such as penicillin, ampicillin, chlortetra- cycline, oxytetracycline, and spectinomycin. Ceftiofur, enrofloxacin, and trimethoprim/sulfamethoxazole are good choices in the absence of individual isolate testing. Since S. aureus infection is an i",NEEDS_REVIEW
SRC-0074,Diseases of Swine 11e Chapter 60 Staphylococcosis,sulfonamides,sulfamethoxazole,954; 955,treatment_or_control_candidate,standard_review,"d to provide evidence of the appropriate treatment. In the absence of drug suscepti- bility results, ceftiofur, enrofloxacin, and combination of trimethoprim/sulfamethoxazole and lincomycin are best choices. Injection of the antimicrobial is recommended, but it may be given orally in less severe cases. Other treatments include sp | resistant to common drugs such as penicillin, ampicillin, chlortetra- cycline, oxytetracycline, and spectinomycin. Ceftiofur, enrofloxacin, and trimethoprim/sulfamethoxazole are good choices in the absence of individual isolate testing. Since S. aureus infection is an individual animal prob- lem, there is usually no need to treat",NEEDS_REVIEW
SRC-0074,Diseases of Swine 11e Chapter 60 Staphylococcosis,tetracyclines,tetracycline,954; 955,susceptibility_candidate,standard_review,"bial resistance (Futagawa‐ Saito et al. 2009). Although regional differences exist, resistance to penicillin, erythromycin, streptomycin, sul- fonamides, and tetracycline is a frequent occurrence. In addition, genetic elements conferring methicillin and zinc resistance have been reported in S. hyicus (Park et al. 2013b; Slifi | for appropriate antimicrobial agent is recommended since many isolates are resistant to common drugs such as penicillin, ampicillin, chlortetra- cycline, oxytetracycline, and spectinomycin. Ceftiofur, enrofloxacin, and trimethoprim/sulfamethoxazole are good choices in the absence of individual isolate testing. Since S. aureu",NEEDS_REVIEW
SRC-0074,Diseases of Swine 11e Chapter 60 Staphylococcosis,trimethoprim_sulfa,trimethoprim,954; 955,treatment_or_control_candidate,standard_review,"is recommended to provide evidence of the appropriate treatment. In the absence of drug suscepti- bility results, ceftiofur, enrofloxacin, and combination of trimethoprim/sulfamethoxazole and lincomycin are best choices. Injection of the antimicrobial is recommended, but it may be given orally in less severe cases. Other trea | isolates are resistant to common drugs such as penicillin, ampicillin, chlortetra- cycline, oxytetracycline, and spectinomycin. Ceftiofur, enrofloxacin, and trimethoprim/sulfamethoxazole are good choices in the absence of individual isolate testing. Since S. aureus infection is an individual animal prob- lem, there is usually",NEEDS_REVIEW
SRC-0076,Diseases of Swine 11e Chapter 61 Streptococcosis continuation,amoxicillin,amoxicillin,967,susceptibility_candidate,standard_review,"61 Streptococcosis 943 number of isolates were shown to be moderately susceptible to penicillin, but the sensitivity rate to amoxicillin and ampicillin was around 90% (Dee and Corey 1993). Even if MIC values for penicillin may gradually increase with time, pigs infected with strains showing h",NEEDS_REVIEW
SRC-0076,Diseases of Swine 11e Chapter 61 Streptococcosis continuation,ampicillin,ampicillin,966; 967,susceptibility_candidate,standard_review,"ons (MICs) in isolates from Europe showed that emergence of resistance among S. suis derived from swine clinical cases appeared to be limited. Resistance to ampicillin, ceftiofur, enrofloxacin, florfenicol, penicillin, and tri- methoprim/sulfamethoxazole was low, whereas that to tetracycline was constantly very high (El Gar | 61 Streptococcosis 943 number of isolates were shown to be moderately susceptible to penicillin, but the sensitivity rate to amoxicillin and ampicillin was around 90% (Dee and Corey 1993). Even if MIC values for penicillin may gradually increase with time, pigs infected with strains showing higher MICs may",NEEDS_REVIEW
SRC-0076,Diseases of Swine 11e Chapter 61 Streptococcosis continuation,ceftiofur,ceftiofur,966; 967,treatment_or_control_candidate,high_review,"n isolates from Europe showed that emergence of resistance among S. suis derived from swine clinical cases appeared to be limited. Resistance to ampicillin, ceftiofur, enrofloxacin, florfenicol, penicillin, and tri- methoprim/sulfamethoxazole was low, whereas that to tetracycline was constantly very high (El Garch et al. | robials have been described and may differ between regions (Marie et al. 2002; Vela et al. 2005). MacInnes and Desrosiers (1999) suggested that ampi- cillin, ceftiofur, gentamicin, tiamulin, and a combination of trimethoprim and a sulfonamide are the most useful antibacterial products for parenteral treatment. However, the",NEEDS_REVIEW
SRC-0076,Diseases of Swine 11e Chapter 61 Streptococcosis continuation,danofloxacin_marbofloxacin,danofloxacin,971,treatment_or_control_candidate,high_review,"aughter- house in Spain (Cardoso‐Toset et al. 2015). Beta‐hemolytic streptococci are sensitive to beta‐­ lactam antibiotics. High MIC values to tetracyclines, danofloxacin, spectinomycin, tiamulin, and clindamycin have also been reported (Moreno et al. 2016). Long‐act- ing antibacterial agents may be beneficial, and treatment s",NEEDS_REVIEW
SRC-0076,Diseases of Swine 11e Chapter 61 Streptococcosis continuation,dexamethasone,dexamethasone,967,treatment_or_control_candidate,standard_review,"aily, and new cases treated. In segregated early weaned pigs with acute S. suis meningitis, excellent results were obtained with injection of penicillin and dexamethasone (Varela et al. 2013). In outbreaks where response to parenteral treatment of acute cases is poor, it is advisable to treat all the pigs in a pen when one is",NEEDS_REVIEW
SRC-0076,Diseases of Swine 11e Chapter 61 Streptococcosis continuation,enrofloxacin,enrofloxacin,966,susceptibility_candidate,high_review,"from Europe showed that emergence of resistance among S. suis derived from swine clinical cases appeared to be limited. Resistance to ampicillin, ceftiofur, enrofloxacin, florfenicol, penicillin, and tri- methoprim/sulfamethoxazole was low, whereas that to tetracycline was constantly very high (El Garch et al. 2016; van Hout",NEEDS_REVIEW
SRC-0076,Diseases of Swine 11e Chapter 61 Streptococcosis continuation,florfenicol,florfenicol,966,susceptibility_candidate,standard_review,"owed that emergence of resistance among S. suis derived from swine clinical cases appeared to be limited. Resistance to ampicillin, ceftiofur, enrofloxacin, florfenicol, penicillin, and tri- methoprim/sulfamethoxazole was low, whereas that to tetracycline was constantly very high (El Garch et al. 2016; van Hout et al. 2016",NEEDS_REVIEW
SRC-0076,Diseases of Swine 11e Chapter 61 Streptococcosis continuation,gentamicin,gentamicin,967,treatment_or_control_candidate,standard_review,"e been described and may differ between regions (Marie et al. 2002; Vela et al. 2005). MacInnes and Desrosiers (1999) suggested that ampi- cillin, ceftiofur, gentamicin, tiamulin, and a combination of trimethoprim and a sulfonamide are the most useful antibacterial products for parenteral treatment. However, the choice of a",NEEDS_REVIEW
SRC-0076,Diseases of Swine 11e Chapter 61 Streptococcosis continuation,penicillin_g,penicillin; penicillin g; potassium penicillin,966; 967; 969,treatment_or_control_candidate,standard_review,"rgence of resistance among S. suis derived from swine clinical cases appeared to be limited. Resistance to ampicillin, ceftiofur, enrofloxacin, florfenicol, penicillin, and tri- methoprim/sulfamethoxazole was low, whereas that to tetracycline was constantly very high (El Garch et al. 2016; van Hout et al. 2016). However, | e it rapidly achieves high plasma levels and diffuses well into the extracellular space (Denicourt and Le Coz 2000). In other studies, use of ampicillin and penicillin G did not significantly reduce disease in animals exposed to a coinfection with S. suis and PRRSV (Halbur et al. 2000; Schmitt et al. 2001). They found that t",NEEDS_REVIEW
SRC-0076,Diseases of Swine 11e Chapter 61 Streptococcosis continuation,spectinomycin,spectinomycin,971,treatment_or_control_candidate,standard_review,"in Spain (Cardoso‐Toset et al. 2015). Beta‐hemolytic streptococci are sensitive to beta‐­ lactam antibiotics. High MIC values to tetracyclines, danofloxacin, spectinomycin, tiamulin, and clindamycin have also been reported (Moreno et al. 2016). Long‐act- ing antibacterial agents may be beneficial, and treatment should be given",NEEDS_REVIEW
SRC-0076,Diseases of Swine 11e Chapter 61 Streptococcosis continuation,sulfonamides,sulfamethoxazole; sulfonamide,966; 967,treatment_or_control_candidate,standard_review,"suis derived from swine clinical cases appeared to be limited. Resistance to ampicillin, ceftiofur, enrofloxacin, florfenicol, penicillin, and tri- methoprim/sulfamethoxazole was low, whereas that to tetracycline was constantly very high (El Garch et al. 2016; van Hout et al. 2016). However, strains isolated from tonsils of hea | 2002; Vela et al. 2005). MacInnes and Desrosiers (1999) suggested that ampi- cillin, ceftiofur, gentamicin, tiamulin, and a combination of trimethoprim and a sulfonamide are the most useful antibacterial products for parenteral treatment. However, the choice of antimicrobials used for the treatment of dis- eased animals shoul",NEEDS_REVIEW
SRC-0076,Diseases of Swine 11e Chapter 61 Streptococcosis continuation,tetracyclines,tetracycline; tetracyclines,966; 970; 971,treatment_or_control_candidate,standard_review,"eared to be limited. Resistance to ampicillin, ceftiofur, enrofloxacin, florfenicol, penicillin, and tri- methoprim/sulfamethoxazole was low, whereas that to tetracycline was constantly very high (El Garch et al. 2016; van Hout et al. 2016). However, strains isolated from tonsils of healthy animals or from the environment o | l purulent lym- phadenitis (Real et al. 1992). Antibiotic treatment is not usually successful in abscessed swine or in elimination of carriers. Resistance to tetracycline has been reported (Lämmler and Bahr 1996). Vaccination is possible but has not been widely used since the condition is not widespread. Streptococcus porcinu",NEEDS_REVIEW
SRC-0076,Diseases of Swine 11e Chapter 61 Streptococcosis continuation,tiamulin,tiamulin,967; 971,treatment_or_control_candidate,standard_review,"ribed and may differ between regions (Marie et al. 2002; Vela et al. 2005). MacInnes and Desrosiers (1999) suggested that ampi- cillin, ceftiofur, gentamicin, tiamulin, and a combination of trimethoprim and a sulfonamide are the most useful antibacterial products for parenteral treatment. However, the choice of antimicrobi | oso‐Toset et al. 2015). Beta‐hemolytic streptococci are sensitive to beta‐­ lactam antibiotics. High MIC values to tetracyclines, danofloxacin, spectinomycin, tiamulin, and clindamycin have also been reported (Moreno et al. 2016). Long‐act- ing antibacterial agents may be beneficial, and treatment should be given before the",NEEDS_REVIEW
SRC-0076,Diseases of Swine 11e Chapter 61 Streptococcosis continuation,trimethoprim_sulfa,trimethoprim,967,treatment_or_control_candidate,standard_review,"ions (Marie et al. 2002; Vela et al. 2005). MacInnes and Desrosiers (1999) suggested that ampi- cillin, ceftiofur, gentamicin, tiamulin, and a combination of trimethoprim and a sulfonamide are the most useful antibacterial products for parenteral treatment. However, the choice of antimicrobials used for the treatment of dis- e",NEEDS_REVIEW
SRC-0077,Diseases of Swine 11e Chapter 62 Swine Dysentery and Brachyspiral Colitis,bacitracin_methylene_disalicylate,bacitracin,983,treatment_or_control_candidate,standard_review,"osin) that may also be useful for treatment and control of SD when used through the water and followed by in‐feed medication. Other antimicrobials including bacitracin, spiramycin, gentamicin, dimetridazole, roni- dazole, virginiamycin, olaquindox, and carbadox have been used for treatment and prevention of SD. Unfortunatel",NEEDS_REVIEW
SRC-0077,Diseases of Swine 11e Chapter 62 Swine Dysentery and Brachyspiral Colitis,carbadox,carbadox,978; 983; 990,boundary_or_historical,high_review,"nd early weaning systems, but a recent reemergence of dis- ease has occurred both in the United States and in Canada (Burrough 2017). Routine medication with carbadox may also have suppressed the disease, as the incidence has increased again in areas of the world where carbadox has been withdrawn from use (Hampson et al. | ollowed by in‐feed medication. Other antimicrobials including bacitracin, spiramycin, gentamicin, dimetridazole, roni- dazole, virginiamycin, olaquindox, and carbadox have been used for treatment and prevention of SD. Unfortunately, resistance to several of these has been reported, and the availability of others is now gr",NEEDS_REVIEW
SRC-0077,Diseases of Swine 11e Chapter 62 Swine Dysentery and Brachyspiral Colitis,colistin,colistin,976,treatment_or_control_candidate,high_review,enteric microbiota unless selective isolation medium is used. Agar should be made selective with the addition of 400 μg/mL spectinomycin and 25 μg/mL each of colistin and vancomycin to make CVS medium (Jenkinson and Wingar 1981). The more selective BJ medium (Kunkle and Kinyon 1988) containing lower concentrations of the,NEEDS_REVIEW
SRC-0077,Diseases of Swine 11e Chapter 62 Swine Dysentery and Brachyspiral Colitis,dimetridazole_ronidazole,dimetridazole; ronidazole,983; 984; 990,treatment_or_control_candidate,high_review,"eatment and control of SD when used through the water and followed by in‐feed medication. Other antimicrobials including bacitracin, spiramycin, gentamicin, dimetridazole, roni- dazole, virginiamycin, olaquindox, and carbadox have been used for treatment and prevention of SD. Unfortunately, resistance to several of these has b | Section IV Bacterial Diseases 960 metronidazole may induce expression of the B. hyod- ysenteriae GTA, which in turn may increase transfer of resistance genes between strains (Stanton et al. 2008). Ionopho",NEEDS_REVIEW
SRC-0077,Diseases of Swine 11e Chapter 62 Swine Dysentery and Brachyspiral Colitis,gentamicin,gentamicin,983,treatment_or_control_candidate,standard_review,"seful for treatment and control of SD when used through the water and followed by in‐feed medication. Other antimicrobials including bacitracin, spiramycin, gentamicin, dimetridazole, roni- dazole, virginiamycin, olaquindox, and carbadox have been used for treatment and prevention of SD. Unfortunately, resistance to several",NEEDS_REVIEW
SRC-0077,Diseases of Swine 11e Chapter 62 Swine Dysentery and Brachyspiral Colitis,lincomycin,lincomycin,983; 984; 990,treatment_or_control_candidate,standard_review,"evels for 2–4 weeks to prevent reinfection. The drugs most commonly used to treat SD are the pleuromutilins tiamulin and valnemulin, as well as tylo- sin and lincomycin. Their dosage rates and potential side effects are listed in Table 62.2. Based on pharmacoki- netic properties and in vitro susceptibility data, pleuro- muti | ith 100 g/ton feed for 3 weeks, followed by in‐feed medication 40 g/ton feed Diarrhea, pruritus, erythema, rectal edema, and prolapse have been reported Lincomycin 8 mg/kg bw; po in drinking water for at least 5 days but not to exceed 10 days In‐feed medication 100 g/ton feed for 3 weeks or until signs of disease di",NEEDS_REVIEW
SRC-0077,Diseases of Swine 11e Chapter 62 Swine Dysentery and Brachyspiral Colitis,olaquindox,olaquindox,983; 990,treatment_or_control_candidate,high_review,"the water and followed by in‐feed medication. Other antimicrobials including bacitracin, spiramycin, gentamicin, dimetridazole, roni- dazole, virginiamycin, olaquindox, and carbadox have been used for treatment and prevention of SD. Unfortunately, resistance to several of these has been reported, and the availability of ot | olates have been found to be suscep- tible to tylosin, and resistance to several antimicrobials, including tiamulin, has been recorded (Pringle et al. 2012). Olaquindox may be a useful prophylactic as it has MIC values <1.0 μg/mL against B. pilosicoli, and the spirochete could not be isolated from herds previously receiving",NEEDS_REVIEW
SRC-0077,Diseases of Swine 11e Chapter 62 Swine Dysentery and Brachyspiral Colitis,spectinomycin,spectinomycin,976,treatment_or_control_candidate,standard_review,by other anaerobic members of the enteric microbiota unless selective isolation medium is used. Agar should be made selective with the addition of 400 μg/mL spectinomycin and 25 μg/mL each of colistin and vancomycin to make CVS medium (Jenkinson and Wingar 1981). The more selective BJ medium (Kunkle and Kinyon 1988) containin,NEEDS_REVIEW
SRC-0077,Diseases of Swine 11e Chapter 62 Swine Dysentery and Brachyspiral Colitis,tiamulin,tiamulin,983; 984; 990,treatment_or_control_candidate,standard_review,"y be fol- lowed by in‐feed medication at reduced levels for 2–4 weeks to prevent reinfection. The drugs most commonly used to treat SD are the pleuromutilins tiamulin and valnemulin, as well as tylo- sin and lincomycin. Their dosage rates and potential side effects are listed in Table 62.2. Based on pharmacoki- netic prope | level, duration of administration, and side effects for four drugs commonly used for the treatment of swine dysentery. Drug Dosage and duration Side effects Tiamulin 10 mg/kg bw; im for 1–3 days 8 mg/kg bw; po for 5–7 days in drinking water In‐feed medication with 100–180 ppm for 10–14 days, followed by 30–40 ppm for",NEEDS_REVIEW
SRC-0077,Diseases of Swine 11e Chapter 62 Swine Dysentery and Brachyspiral Colitis,tylosin,tylosin,983; 984; 990,treatment_or_control_candidate,standard_review,"risk of emerging resistance to pleuromuti- lins, other drugs should be used if MIC determinations or herd records indicate their efficacy. Resistance to both tylosin and lincomycin frequently occurs in Brachyspira species (Hommez et al. 1998; Karlsson et al. 2003). Macrolide and lincosamide resistance may be caused by | rgy, depression, erythema, edema, pyrexia, ataxia, anorexia, and deaths have been reported. Lethal side effects may occur in combination with ionophores Tylosin 10 mg/kg bw; im twice daily for 3 days followed by appropriate in‐feed or water medication 5–10 mg/kg bw; po in drinking water for 5–7 days Followed by i",NEEDS_REVIEW
SRC-0077,Diseases of Swine 11e Chapter 62 Swine Dysentery and Brachyspiral Colitis,tylvalosin,tylvalosin,983,treatment_or_control_candidate,standard_review,(Hillen et al. 2014; Karlsson et al. 1999). Multidrug‐resistant strains of B. hyodysenteriae are also increasing (Duinhof et al. 2008; Šperling et al. 2011). Tylvalosin is a modification of an older drug (acetylis- ovaleryltylosin) that may also be useful for treatment and control of SD when used through the water and followe,NEEDS_REVIEW
SRC-0077,Diseases of Swine 11e Chapter 62 Swine Dysentery and Brachyspiral Colitis,valnemulin,valnemulin,983; 984; 990,treatment_or_control_candidate,standard_review,"ed by in‐feed medication at reduced levels for 2–4 weeks to prevent reinfection. The drugs most commonly used to treat SD are the pleuromutilins tiamulin and valnemulin, as well as tylo- sin and lincomycin. Their dosage rates and potential side effects are listed in Table 62.2. Based on pharmacoki- netic properties and in vi | followed by 30–40 ppm for 2–4 weeks Rare: erythema. Local reactions at the injection site. Lethal side effects may occur in combination with ionophores Valnemulin In‐feed medication 3–4 mg/kg bw for 1–4 weeks Adverse effects including lethargy, depression, erythema, edema, pyrexia, ataxia, anorexia, and deaths hav",NEEDS_REVIEW
SRC-0077,Diseases of Swine 11e Chapter 62 Swine Dysentery and Brachyspiral Colitis,virginiamycin,virginiamycin,983,treatment_or_control_candidate,standard_review,"en used through the water and followed by in‐feed medication. Other antimicrobials including bacitracin, spiramycin, gentamicin, dimetridazole, roni- dazole, virginiamycin, olaquindox, and carbadox have been used for treatment and prevention of SD. Unfortunately, resistance to several of these has been reported, and the availa",NEEDS_REVIEW
SRC-0079,Diseases of Swine 11e Chapter 64 Miscellaneous Bacterial Infections,amoxicillin_clavulanic_acid,clavulanic,1010,treatment_or_control_candidate,standard_review,ski et al. 2004). Prevention and control B. pseudomallei is resistant in vitro to aminoglycosides but susceptible to some cephalosporins and to amoxicil- lin: clavulanic acid. The disease can be prevented by use of clean or chlorinated water supplies and preventing access to contaminated soil. As the disease is of public hea,NEEDS_REVIEW
SRC-0079,Diseases of Swine 11e Chapter 64 Miscellaneous Bacterial Infections,ampicillin,ampicillin,1006,treatment_or_control_candidate,standard_review,"003). Antibiotics are frequently effective, but relapses occur, and early slaughter of affected animals is recommended. Prolonged treatment for 20 days with ampicillin given at 20 mg/kg has been suggested (Wendt and Sobestiansky 1995). Chronically affected animals in poor bodily condition and those that have not responded",NEEDS_REVIEW
SRC-0079,Diseases of Swine 11e Chapter 64 Miscellaneous Bacterial Infections,enrofloxacin,enrofloxacin,1020,mention_candidate,high_review,utilizing silver stains. Isolation is by inoculation of fastidious agar broth enriched with fetal calf (25%) and rabbit (10%) serum with added rifampicin and enrofloxacin in anaerobic conditions. Growth can be purified by the inoculation of 0.22 μm pore size Millipore filters on FAA followed by streaking to produce the pinpoi,NEEDS_REVIEW
SRC-0079,Diseases of Swine 11e Chapter 64 Miscellaneous Bacterial Infections,lincomycin,lincomycin,1020,treatment_or_control_candidate,standard_review,"and control Treatment of individual pigs is possible using parenteral antimicrobials but is rarely carried out, as the condition does not warrant it. Topical lincomycin–spectinomycin combinations have been used in cattle to treat T. pedis. Local skin disinfection may also be of value. Improvement of environmental conditions",NEEDS_REVIEW
SRC-0079,Diseases of Swine 11e Chapter 64 Miscellaneous Bacterial Infections,neomycin,neomycin,1024,treatment_or_control_candidate,standard_review,"bsent clinical disease, Yersinia infections in swine are rarely treated, prevented, or otherwise controlled. Isolates are often sensitive to oxytetracycline, neomycin, sulfonamides, and spectinomycin. Presently there are insufficient data on how to reduce the prevalence of Yersinia spp. on infected farms. Control of foodb",NEEDS_REVIEW
SRC-0079,Diseases of Swine 11e Chapter 64 Miscellaneous Bacterial Infections,oxytetracycline,oxytetracycline,1009; 1024,treatment_or_control_candidate,standard_review,"). PCR kits are commer- cially available. Prevention and control Pigs with clinical anthrax can recover completely after penicillin treatment (Ferguson 1986). Oxytetracycline is effective against B. anthracis and may be used parenter- ally (Edgington 1990). Infection may persist for up to 21 days after infection in a population (R | et al. 2015). Absent clinical disease, Yersinia infections in swine are rarely treated, prevented, or otherwise controlled. Isolates are often sensitive to oxytetracycline, neomycin, sulfonamides, and spectinomycin. Presently there are insufficient data on how to reduce the prevalence of Yersinia spp. on infected farms. Contro",NEEDS_REVIEW
SRC-0079,Diseases of Swine 11e Chapter 64 Miscellaneous Bacterial Infections,penicillin_g,penicillin,1006; 1009; 1018; 1022,treatment_or_control_candidate,standard_review,"utial swabs, respectively, compared with 0 and 31% (14/45) by culture. Prevention and control A. suis is sensitive in vitro to several antibiotics including penicillin and tetracyclines (Biksi et al. 2003). Antibiotics are frequently effective, but relapses occur, and early slaughter of affected animals is recommended. Prol | al sam- ples by PCR (Drago et al. 2002). PCR kits are commer- cially available. Prevention and control Pigs with clinical anthrax can recover completely after penicillin treatment (Ferguson 1986). Oxytetracycline is effective against B. anthracis and may be used parenter- ally (Edgington 1990). Infection may persist for up to",NEEDS_REVIEW
SRC-0079,Diseases of Swine 11e Chapter 64 Miscellaneous Bacterial Infections,spectinomycin,spectinomycin,1020; 1024,treatment_or_control_candidate,standard_review,"Treatment of individual pigs is possible using parenteral antimicrobials but is rarely carried out, as the condition does not warrant it. Topical lincomycin–spectinomycin combinations have been used in cattle to treat T. pedis. Local skin disinfection may also be of value. Improvement of environmental conditions and particula | nia infections in swine are rarely treated, prevented, or otherwise controlled. Isolates are often sensitive to oxytetracycline, neomycin, sulfonamides, and spectinomycin. Presently there are insufficient data on how to reduce the prevalence of Yersinia spp. on infected farms. Control of foodborne disease is best accomplished",NEEDS_REVIEW
SRC-0079,Diseases of Swine 11e Chapter 64 Miscellaneous Bacterial Infections,sulfonamides,sulfonamide; sulfonamides,1024,treatment_or_control_candidate,standard_review,"cal disease, Yersinia infections in swine are rarely treated, prevented, or otherwise controlled. Isolates are often sensitive to oxytetracycline, neomycin, sulfonamides, and spectinomycin. Presently there are insufficient data on how to reduce the prevalence of Yersinia spp. on infected farms. Control of foodborne disease",NEEDS_REVIEW
SRC-0079,Diseases of Swine 11e Chapter 64 Miscellaneous Bacterial Infections,tetracyclines,tetracycline; tetracyclines,1006; 1009; 1013; 1015; 1022; 1024,treatment_or_control_candidate,standard_review,"espectively, compared with 0 and 31% (14/45) by culture. Prevention and control A. suis is sensitive in vitro to several antibiotics including penicillin and tetracyclines (Biksi et al. 2003). Antibiotics are frequently effective, but relapses occur, and early slaughter of affected animals is recommended. Prolonged treatment | PCR kits are commer- cially available. Prevention and control Pigs with clinical anthrax can recover completely after penicillin treatment (Ferguson 1986). Oxytetracycline is effective against B. anthracis and may be used parenter- ally (Edgington 1990). Infection may persist for up to 21 days after infection in a population (R",NEEDS_REVIEW
SRC-0079,Diseases of Swine 11e Chapter 64 Miscellaneous Bacterial Infections,trimethoprim_sulfa,trimethoprim,1022,treatment_or_control_candidate,standard_review,"wide range of antimicrobial agents including penicillin, tetracycline, and erythromy- cin. Some strains have been shown to be resistant to sul- fonamides and trimethoprim. Antimicrobial treatments only are poorly effective due to difficulty achieving ther- apeutic levels in abscesses. Abscesses may be removed surgically where",NEEDS_REVIEW
SRC-0080,Diseases of Swine 11e Chapter 65 External Parasites,amitraz,amitraz,1031; 1032; 1033,treatment_or_control_candidate,standard_review,"ly. The availability of certain products depends on the legislation of a particular country. Effective modern acaricides include phosmet, used as a pour‐on; amitraz, used as a spray; and the avermectins (ivermectin, doramectin, and moxidectin), which are given as injection. It is recom- mended that when using phosmet, a | ed from the progeny of Table 65.1 Products labeled for chemical treatment of external parasites of swine. Chemical Form Parasites affected Directions for use Amitraz Liquid concentrate Mites Spray pigs and surroundings, repeat in 7 days Coumaphos Liquid or solid concentrate Lice, flies, ticks, mites, myiasis maggots Spray",NEEDS_REVIEW
SRC-0080,Diseases of Swine 11e Chapter 65 External Parasites,doramectin,doramectin,1031; 1032,treatment_or_control_candidate,standard_review,"islation of a particular country. Effective modern acaricides include phosmet, used as a pour‐on; amitraz, used as a spray; and the avermectins (ivermectin, doramectin, and moxidectin), which are given as injection. It is recom- mended that when using phosmet, a small amount of the product be placed in the inner aspect of e | , myiasis maggots Spray premises and pigs Dichlorvos Liquid concentrate Flies Spray premises Deltamethrin Liquid concentrate Lice, ticks, flies Spray premises Doramectin Injectable solution Lice, mites, larval flies 200 μg/kg body weight Ivermectin Injectable solution Lice, mites 200 μg/kg body weight Piperonyl butoxide Liquid",NEEDS_REVIEW
SRC-0080,Diseases of Swine 11e Chapter 65 External Parasites,ivermectin,ivermectin,1031; 1032; 1033,treatment_or_control_candidate,standard_review,"s on the legislation of a particular country. Effective modern acaricides include phosmet, used as a pour‐on; amitraz, used as a spray; and the avermectins (ivermectin, doramectin, and moxidectin), which are given as injection. It is recom- mended that when using phosmet, a small amount of the product be placed in the inner | to prevent transmission to the young pigs. Therefore, control programs often focus on the breeding herd. Mercier et al. (2002) showed that a single dose of ivermectin (300 μg/kg body weight) given to sows 8 days before farrowing was very effective in pre- venting transmission of the mites to the piglets. Any sows with exte",NEEDS_REVIEW
SRC-0080,Diseases of Swine 11e Chapter 65 External Parasites,moxidectin,moxidectin,1031,treatment_or_control_candidate,standard_review,"rticular country. Effective modern acaricides include phosmet, used as a pour‐on; amitraz, used as a spray; and the avermectins (ivermectin, doramectin, and moxidectin), which are given as injection. It is recom- mended that when using phosmet, a small amount of the product be placed in the inner aspect of each ear. The ave",NEEDS_REVIEW
SRC-0080,Diseases of Swine 11e Chapter 65 External Parasites,permethrin_deltamethrin,deltamethrin; permethrin,1032,treatment_or_control_candidate,standard_review,"/kg body weight Ivermectin Injectable solution Lice, mites 200 μg/kg body weight Piperonyl butoxide Liquid concentrate Lice, fleas, flies, ticks Spray premises Permethrin Liquid concentrate Lice, ticks, mites, maggots, flies Spray premises and pigs Phosmet Liquid concentrate Lice, mites, ticks Topical application or treatment o",NEEDS_REVIEW
SRC-0080,Diseases of Swine 11e Chapter 65 External Parasites,phosmet_coumaphos,coumaphos; phosmet,1031; 1032,treatment_or_control_candidate,standard_review,"rer must be followed carefully. The availability of certain products depends on the legislation of a particular country. Effective modern acaricides include phosmet, used as a pour‐on; amitraz, used as a spray; and the avermectins (ivermectin, doramectin, and moxidectin), which are given as injection. It is recom- mended | butoxide Liquid concentrate Lice, fleas, flies, ticks Spray premises Permethrin Liquid concentrate Lice, ticks, mites, maggots, flies Spray premises and pigs Phosmet Liquid concentrate Lice, mites, ticks Topical application or treatment of back rubbers. Do not apply to sick or suckling pigs Tetrachlorvinphos Feed concentra",NEEDS_REVIEW
SRC-0081,Diseases of Swine 11e Chapter 66 Coccidia and Other Protozoa,amprolium,amprolium,1043,susceptibility_candidate,standard_review,"y of farrowing, and for about 1 week after farrowing. Colostrum and placentas from several sows were examined microscopically for parasites. A coccidiostat (amprolium HC1, Amprol 25% feed grade) was given to half of the sows on each farm. Eimeria species were the only coccidia seen in the feces of sows. None of the sows g",NEEDS_REVIEW
SRC-0081,Diseases of Swine 11e Chapter 66 Coccidia and Other Protozoa,fenbendazole,fenbendazole,1049,treatment_or_control_candidate,standard_review,"e that most pigs infected with Giardia have assemblage E with few having other assemblages. No drugs are approved for treating giardiasis in swine. However, fenbendazole and albendazole have been used to treat Giardia in dogs. Cysts are infectious when passed in the feces but can be rendered noninfectious by desicca- tion, ma",NEEDS_REVIEW
SRC-0081,Diseases of Swine 11e Chapter 66 Coccidia and Other Protozoa,ponazuril,ponazuril,1045,treatment_or_control_candidate,standard_review,"ndii for farm pigs. Treatment and control Because porcine toxoplasmosis is usually subclinical, lit- tle is known about the treatment of the disease in swine. Ponazuril (closely related to toltrazuril) is effective against acute toxoplasmosis in mice and should also be effective in swine. Control of T. gondii infection in pi",NEEDS_REVIEW
SRC-0081,Diseases of Swine 11e Chapter 66 Coccidia and Other Protozoa,toltrazuril,toltrazuril,1043; 1045,treatment_or_control_candidate,standard_review,"ate anticoccidial activity of drugs in weaned or finishing pigs are of no value in predicting the ability of these drugs to control disease in nursing pigs. Toltrazuril is an effective means of treating coccidiosis in nursing piglets. A single dose of 20 mg/kg given at 3 days of age decreases clinical signs (Skampardonis et | and control Because porcine toxoplasmosis is usually subclinical, lit- tle is known about the treatment of the disease in swine. Ponazuril (closely related to toltrazuril) is effective against acute toxoplasmosis in mice and should also be effective in swine. Control of T. gondii infection in pigs is important because of publ",NEEDS_REVIEW
SRC-0082,Diseases of Swine 11e Chapter 67 Internal Parasites,doramectin,doramectin,1064,mention_candidate,standard_review,"Section V Parasitic Diseases 1040 Metastrongylus (adults). Doramectin is labeled for A. suum (adults and fourth‐stage larvae), Oesophagostomum (adults and fourth‐stage larvae), S. ransomi (adults), Metastrongylus (adults), and",NEEDS_REVIEW
SRC-0082,Diseases of Swine 11e Chapter 67 Internal Parasites,fenbendazole,fenbendazole,1063; 1064,treatment_or_control_candidate,standard_review,"s and keeps further premise contamination to a minimum. For pigs placed in high‐risk environ- ments, the use of prophylactic compounds pyrantel ­tartrate and fenbendazole fed for several weeks can ­control infections and reduce lesions from ascarids and nodular worms, reduce worm populations, or may enhance immunity against A | in of safety as it preferentially binds the nematode protein as opposed to mammalian tubulin. Thiabendazole is well known but less efficacious in swine than fenbendazole, which is the only benzimidazole labeled for helminths in swine in the United States, avail- able for administration in an oral suspension or feed additive w",NEEDS_REVIEW
SRC-0082,Diseases of Swine 11e Chapter 67 Internal Parasites,levamisole,levamisole,1064,treatment_or_control_candidate,standard_review,"in the United States. It should be noted that fenbendazole is thought to be one of the few anthelmintics effective for removal of Trichuris. Imidazothiazoles Levamisole binds nematode nicotinic acetylcholine receptors, leading to paralysis and death. It has been used in water or feed. It is effective for the treatment of A",NEEDS_REVIEW
SRC-0082,Diseases of Swine 11e Chapter 67 Internal Parasites,piperazine_pyrantel,piperazine; pyrantel,1063; 1064,treatment_or_control_candidate,standard_review,"egg‐produc- ing parasites and keeps further premise contamination to a minimum. For pigs placed in high‐risk environ- ments, the use of prophylactic compounds pyrantel ­tartrate and fenbendazole fed for several weeks can ­control infections and reduce lesions from ascarids and nodular worms, reduce worm populations, or may | as an aid in the prevention of larval migration and establishment of A. suum and Oesophagostomum. Pyrantel has a slaughter withdrawal in the United States. Piperazine Piperazine salts are an older generation of antiparasitic purge dewormer that causes a neuromuscular blockade by disrupting GABA neurotransmission. Piperazin",NEEDS_REVIEW
SRC-0085,Diseases of Swine 11e Chapter 69 Mycotoxins in Grains and Feeds,lincomycin,lincomycin,1084,mention_candidate,standard_review,swine (Cullen and Newberne 1994). Concurrent infectious diseases in animals with AF‐compromised immune function can be appropriately medicated or immunized. Lincomycin and tylosin added to AF‐contaminated diets neither decreased or enhanced the detrimental effects of aflatoxicosis in growing swine (Harvey et al. 1995b). Pr,NEEDS_REVIEW
SRC-0085,Diseases of Swine 11e Chapter 69 Mycotoxins in Grains and Feeds,tylosin,tylosin,1084,treatment_or_control_candidate,standard_review,nd Newberne 1994). Concurrent infectious diseases in animals with AF‐compromised immune function can be appropriately medicated or immunized. Lincomycin and tylosin added to AF‐contaminated diets neither decreased or enhanced the detrimental effects of aflatoxicosis in growing swine (Harvey et al. 1995b). Prevention No,NEEDS_REVIEW
SRC-0086,"Diseases of Swine 11e Chapter 70 Toxic Minerals, Chemicals, Plants, and Gases",amitraz,amitraz,1102,treatment_or_control_candidate,standard_review,"hrin, fenvaler‑ ate) are commercially available for fly and external para‑ site control. As a class, synthetic pyrethroids are relatively nontoxic to mammals. Amitraz is a formamidine pesti‑ cide with insecticidal and acaricidal properties. It is available in the United States as Taktic for control of lice and mange on swi",NEEDS_REVIEW
SRC-0086,"Diseases of Swine 11e Chapter 70 Toxic Minerals, Chemicals, Plants, and Gases",carbadox,carbadox,1099,mention_candidate,high_review,"anic mercurial poisoning, and certain viral diseases. Clinical signs of toxicosis are reversible if arsenicals are promptly removed from the feed and water. Carbadox Carbadox (Mecadox), where available, is added to feed at 10–25 ppm as a growth promotant or at 50 ppm to con‑ trol swine dysentery or bacterial enteritis. A f",NEEDS_REVIEW
SRC-0086,"Diseases of Swine 11e Chapter 70 Toxic Minerals, Chemicals, Plants, and Gases",dimetridazole_ronidazole,dimetridazole,1099,treatment_or_control_candidate,high_review,"in 7–9 days (Power et al. 1989). Swine that have ingested carbadox are required to be withheld from slaughter for a minimum period of 42 days (Lundeen 2017). Dimetridazole Dimetridazole, listed as an anti‐histomoniasis drug used in turkey rations, was once used for treatment and prevention of swine dysentery. Dimetridazole, sus",NEEDS_REVIEW
SRC-0086,"Diseases of Swine 11e Chapter 70 Toxic Minerals, Chemicals, Plants, and Gases",permethrin_deltamethrin,permethrin,1102,treatment_or_control_candidate,standard_review,"is too long to make decontamination economically feasible. Pyrethroids, formamidines, neonicotinoids, and phenylpyrazoles Several synthetic pyrethroids (e.g. permethrin, fenvaler‑ ate) are commercially available for fly and external para‑ site control. As a class, synthetic pyrethroids are relatively nontoxic to mammals. Amit",NEEDS_REVIEW
SRC-0086,"Diseases of Swine 11e Chapter 70 Toxic Minerals, Chemicals, Plants, and Gases",ractopamine,ractopamine,1100,treatment_or_control_candidate,high_review,"gs poisoned with ammonia and ammonium salts would be expected to become depressed, have tonoclonic convulsions, and either die or recover within a few hours. Ractopamine Ractopamine is a beta‐2 agonist used as a feed additive (4.5–9 g/ton of complete feed) during the last 6 weeks of finishing to stimulate muscle growth in swi",NEEDS_REVIEW
SRC-0086,"Diseases of Swine 11e Chapter 70 Toxic Minerals, Chemicals, Plants, and Gases",sulfonamides,sulfamethazine; sulfathiazole; sulfonamide; sulfonamides,1100,mention_candidate,standard_review,"any ionophores, particularly narasin and tiamulin. Computerized feed dosing and batching systems have been involved in some cases involving mix‑ ing errors. Sulfonamides Overdoses of sulfonamide antibacterials will cause ­crystalluric nephroses. Pigs are not likely to be intoxi‑ cated from drinking water containing sulfonamid",NEEDS_REVIEW
SRC-0086,"Diseases of Swine 11e Chapter 70 Toxic Minerals, Chemicals, Plants, and Gases",tiamulin,tiamulin,1099; 1100,treatment_or_control_candidate,standard_review,"en fed up to 100 ppm (Lundeen 2017). Narasin toxicosis occurs as a result of mixing errors, errant feed deliveries, and the severe negative interaction with tiamulin, an antibiotic commonly used in swine. In 9‐week‐old pigs, the median oral lethal dose of nar‑ asin has been reported to be 8.9 mg/kg of body weight. Clinica | nfectious Diseases 1076 The greatest risk of poisoning from monensin and ­narasin in swine appears to be with the concurrent administration of the antibiotic tiamulin that potentiates the effect of monensin (Van Vleet et al. 1987) or narasin. Studies have demonstrated that tiamulin inhibits the ­oxidative drug metabolism",NEEDS_REVIEW
SRC-0086,"Diseases of Swine 11e Chapter 70 Toxic Minerals, Chemicals, Plants, and Gases",tylosin,tylosin,1100,mention_candidate,standard_review,"stence of the drugs in feed and excreta and are not a toxicosis. The only feed‐grade sulfonamide is sulfamethazine, labeled for use only in combination with tylosin (Lundeen 2017). Urea and ammonium salts Swine may be fed cattle feeds containing nonprotein nitro‑ gen compounds such as urea and ammonium salts. Urea is rela",NEEDS_REVIEW
