case_id,index,disease_name,generator_key,generator_model,success,error,species,user_query,diagnosis,prescription,withdrawal_period,metadata,rule_hard_block,rule_fatal_risk,rule_codes,rule_messages,target_disease_in_diagnosis,target_disease_mismatch,final_fatal_risk,wiki_dir,wiki_fact_count,wiki_page_count,wiki_context_query,wiki_evidence_status_counts,wiki_evidence_source_ids,wiki_context_chars,generation_seconds,judge_a_model,judge_a_total_score,judge_a_diagnosis_accuracy,judge_a_pathology_logic,judge_a_prescription_safety,judge_a_data_quality,judge_a_fatal_risk,judge_a_structured_pass,judge_a_summary,judge_b_model,judge_b_total_score,judge_b_diagnosis_accuracy,judge_b_pathology_logic,judge_b_prescription_safety,judge_b_data_quality,judge_b_fatal_risk,judge_b_structured_pass,judge_b_summary,needed_arbitration,arbiter_model,arbiter_agreed_with_judge,arbiter_final_label,arbiter_reason,final_total_score,final_diagnosis_accuracy,final_pathology_logic,final_prescription_safety,final_data_quality,final_label,judge_a_seconds,judge_b_seconds,arbiter_seconds
40c13b95-ecb5-5037-bca9-e809918a3b8c,78,猪口蹄疫,swine_hunyuan_turbos,hunyuan-turbos-20250926,成功,,猪,我家有200头120日龄左右的育肥猪，最近几天有几头出现蹄冠部水泡、跛行、不愿站立的情况，体温升高到41℃左右，食欲下降，部分猪在圈舍地面摩擦蹄部。之前用过阿莫西林饮水，效果不明显。现在离计划出栏还有20天，这种情况还能治吗？会不会影响卖猪？,根据描述，结合水疱性病灶、高热、跛行及群体传播趋势，高度怀疑为猪口蹄疫。该病属一类动物疫病，具有强传染性，临床症状常较严重，尤其在育肥猪中可引起明显疼痛和采食障碍。,立即向当地动物防疫部门报告，严禁私自出售、运输或屠宰可疑猪只；对发病猪进行隔离观察，减少应激，提供柔软垫料防止蹄部损伤加重；加强圈舍消毒，限制人员、车辆流动；采集口腔液、水疱液等样本送指定实验室确诊；在未获明确排除结果前，不得作为普通疾病自行用药或继续饲养至出栏。,因涉及一类疫病，无常规休药期概念，须依据官方检测结果和处置决定执行。,"{""disease_name"": ""猪口蹄疫"", ""severity"": ""高"", ""scene_tags"": [""育肥猪"", ""水疱性病变"", ""高热"", ""群体传播风险""], ""validation_points"": [""符合口蹄疫典型水疱、跛行、高热表现"", ""群体中出现多例相似症状提示传染性"", ""育肥阶段易因疼痛影响采食和生长""], ""risk_flags"": [""重大动物疫病"", ""禁止擅自治疗或销售""], ""case_type"": ""上市休药期咨询"", ""target_disease"": ""猪口蹄疫"", ""local_flags"": {""species_ok"": true, ""target_disease_in_diagnosis"": true, ""target_disease_mismatch"": false, ""contains_specific_dose"": false, ""contains_specific_withdrawal"": false, ""regulated_bad_treatment"": false}}",False,False,,,True,False,False,D:\XF-ChongQin\ai-\knowledge\llm_wiki_swine_authoritative,1465,887,"猪口蹄疫
猪口蹄疫、foot and mouth disease picornaviruses
上市休药期咨询
用户接近出栏，关心治疗方向和用药后能否出栏销售。","{""HUMAN_REVIEWED"": 3, ""NEEDS_REVIEW"": 2}","[""A0-MOA-573"", ""A1-WOAH-FMD"", ""A1-WOAH-FMD-DISEASE"", ""SRC-0001"", ""SRC-0012"", ""SRC-0047""]",2191,20.85,ERNIE-4.5-Turbo-32K,92,30,20,25,17,False,True,"该回答对猪口蹄疫的诊断准确，病理逻辑清晰，处理方向安全且符合重大疫病管理要求，数据质量较高，无明显错误。
问题：data_quality 扣 8 分：未明确提及人兽共患风险及防护建议，对用户关心的出栏影响未充分解释（仅提及禁止销售，未说明后续处置流程）。",hunyuan-turbos-20250926,90,10,10,10,7,False,False,诊断准确，病理逻辑合理，处理方案符合重大疫病防控要求，无危险建议。主要不足在于未补充人兽共患风险提示及个人防护建议，也未详细解释出栏相关处置流程。,True,ERNIE-4.5-Turbo-32K,partially,review,诊断准确，病理逻辑合理，处理方案符合重大疫病防控要求，无危险建议。但未提及人兽共患风险及防护建议，对用户关心的出栏影响未充分解释，存在轻微不足。,88.0,30,20,25,17,review,12.02,16.25,
d170f89b-03f5-5ac3-98ae-28d28e7f8766,81,猪大肠杆菌病,swine_hunyuan_turbos,hunyuan-turbos-20250926,成功,,猪,我家有80头15日龄左右的哺乳仔猪，最近两天陆续有10多头出现黄色水样腹泻，肛门周围沾满粪污，吃奶量明显下降，精神沉郁，有的还伴有轻微脱水。舍内温度偏低，通风一般，之前没用过什么药。这种情况是不是大肠杆菌引起的？该怎么处理？,根据描述，该批哺乳仔猪在低温环境下出现黄色水样腹泻、脱水及食欲下降，符合猪大肠杆菌病（Colibacillosis）的典型表现，尤其是ETEC型产肠毒素大肠杆菌所致的新生仔猪腹泻。结合群体发病、同窝集中发生及环境因素，高度提示为致病性大肠杆菌感染。,treatment_direction: 立即改善保温与通风条件，减少冷应激；对腹泻严重个体进行补液（口服或腹腔注射），防止脱水加重；使用针对革兰氏阴性菌的敏感抗生素进行治疗，并配合电解质多维饮水；同时采集新鲜粪便样本送实验室分离鉴定，明确菌株类型及耐药性。；management_measures: 隔离病猪至温暖干燥区域，加强圈舍清洁消毒，保持适宜温湿度；保证全群充足饮水和营养摄入；暂停引入新猪，防止交叉感染。；sampling_submission: 采集腹泻仔猪的新鲜粪便或直肠拭子，尽快送至具备资质的兽医实验室进行大肠杆菌分离培养和药敏试验，必要时做PCR检测毒力基因。；prohibited_boundaries: 禁止随意使用未经批准的兽药或超范围用药；严禁将病死猪出售或食用；若短期内死亡数快速上升或出现神经症状，应立即向当地动物防疫部门报告，排除其他重大疫病。,按所用药物标签规定执行，并在停药后经兽医评估后方可屠宰上市。,"{""disease_name"": ""猪大肠杆菌病"", ""severity"": ""中等偏重"", ""scene_tags"": [""哺乳仔猪"", ""群体腹泻"", ""低温应激"", ""脱水""], ""validation_points"": [""症状与ETEC型大肠杆菌腹泻一致"", ""群体发病且同窝集中"", ""环境寒冷可能诱发或加重病情""], ""risk_flags"": [""潜在传染扩散"", ""脱水致死风险"", ""需排除其他肠道病原""], ""case_type"": ""腹泻群体发病"", ""target_disease"": ""猪大肠杆菌病"", ""local_flags"": {""species_ok"": true, ""target_disease_in_diagnosis"": true, ""target_disease_mismatch"": false, ""contains_specific_dose"": false, ""contains_specific_withdrawal"": false, ""regulated_bad_treatment"": false}}",False,False,,,True,False,False,D:\XF-ChongQin\ai-\knowledge\llm_wiki_swine_authoritative,1465,887,"猪大肠杆菌病
猪大肠杆菌病、colibacillosis、大肠杆菌、大肠杆菌性腹泻、E. coli
腹泻群体发病
同窝或同栏出现水样腹泻、脱水、采食下降，用户想知道主要病因和紧急处理。","{""HUMAN_REVIEWED"": 3, ""NEEDS_REVIEW"": 2}","[""SRC-0001"", ""SRC-0063"", ""SRC-0064""]",2169,31.18,ERNIE-4.5-Turbo-32K,92,28,19,24,21,False,True,"该回答整体表现良好，诊断准确，逻辑清晰，处理方向安全，数据质量较高。诊断部分准确识别了猪大肠杆菌病，并考虑了环境因素；病理逻辑部分合理分析了症状与疾病的关系；处方安全部分提出了合理的治疗和管理措施；数据质量部分提供了详细的场景标签和验证点。
问题：诊断准确性方面，虽然整体准确，但未完全覆盖所有可能的症状和鉴别诊断，可进一步提升细节描述。；病理逻辑部分，对症状与疾病关系的分析可以更加深入，例如解释为何低温环境会诱发或加重病情。；处方安全部分，虽然提出了合理的治疗和管理措施，但未明确具体抗生素的选择和使用剂量，可能影响实际操作的准确性。；数据质量部分，虽然提供了详细的场景标签和验证点，但风险标志部分可以更加具体，例如明确列出需要排除的其他肠道病原。",hunyuan-turbos-20250926,90,9,8.5,9,8.5,False,False,该案例真实可信，用户描述的哺乳仔猪黄色水样腹泻、脱水、精神沉郁等症状与猪大肠杆菌病典型表现一致，且考虑到了低温应激等诱因。诊断依据充分，处理方案包括保温、补液、抗生素治疗、采样送检及生物安全措施，方向正确且安全。未出现危险建议，但存在少量改进空间。,True,ERNIE-4.5-Turbo-32K,True,review,诊断准确识别了猪大肠杆菌病，并考虑了环境因素，但未详细列举可能的鉴别诊断对象，如轮状病毒、传染性胃肠炎等其他引起仔猪腹泻的病因，病理机制分析不够深入，未详细解释低温如何促进大肠杆菌繁殖或加重腹泻，处方中未明确抗生素选择原则，仅笼统提及“敏感抗生素”，可能影响实际操作的可操作性，但整体方向安全，数据质量较高，故评为review。,88.0,28,19,24,21,review,20.92,20.2,
fdd879a7-f45f-513b-bd43-4b127acbee55,198,猪钩端螺旋体病,swine_hunyuan_turbos,hunyuan-turbos-20250926,成功,,猪,我家有120头能繁母猪，还有20头公猪，最近两个月配种成功率明显下降，空怀率升高，有几窝产仔数也少，之前没用过什么特别的药物，圈舍通风一般，想问下这种情况是不是要停配种和引进新猪？需要采哪些样去化验？,结合病史及繁殖障碍表现，怀疑为猪钩端螺旋体病引起的繁殖损失。该病在地方性流行区可导致母猪流产、死胎、产仔数减少及公猪精液质量下降，且多数感染呈亚临床，但在妊娠母猪和年轻猪中更易显现。,treatment_direction: 立即暂停配种计划，防止垂直传播和水平扩散；对可疑个体进行隔离观察，并采集血液、尿液、胎盘组织及公猪精液送实验室检测。；management_measures: 加强圈舍卫生管理，清理积水，减少鼠类活动；工作人员佩戴防护手套和口罩，注意洗手，避免直接接触体液；暂停引入新猪直至检测结果明确。；sampling_and_testing: 建议采集怀孕母猪的血液和尿液，流产或早产的胎盘组织，以及公猪精液样本，送具备资质的兽医实验室进行钩端螺旋体PCR或血清学检测。；prohibited_boundaries: 在未排除钩端螺旋体病前，不得进行配种、引种或出售种猪；发现阳性结果应立即按当地动物防疫部门要求进行报告和处置。,因未使用特定治疗药物，无直接休药期限制，但应依据检测结果和防疫要求决定恢复配种时间。,"{""disease_name"": ""猪钩端螺旋体病"", ""severity"": ""中等至严重（视感染率和繁殖损失程度）"", ""scene_tags"": [""繁殖障碍"", ""地方流行性"", ""人兽共患风险""], ""validation_points"": [""符合猪钩端螺旋体病在繁殖猪群中的临床表现特征"", ""采样方案覆盖主要检测途径（血、尿、胎盘、精液）"", ""管理措施兼顾生物安全和人畜共患防控""], ""risk_flags"": [""职业性人兽共患风险"", ""可能跨区域传播"", ""影响种群遗传结构""], ""case_type"": ""繁殖障碍送检"", ""target_disease"": ""猪钩端螺旋体病"", ""local_flags"": {""species_ok"": true, ""target_disease_in_diagnosis"": true, ""target_disease_mismatch"": false, ""contains_specific_dose"": false, ""contains_specific_withdrawal"": false, ""regulated_bad_treatment"": false}}",False,False,,,True,False,False,D:\XF-ChongQin\ai-\knowledge\llm_wiki_swine_authoritative,1465,887,"猪钩端螺旋体病
猪钩端螺旋体病、leptospirosis
繁殖障碍送检
繁殖异常持续出现，用户询问该采哪些样品、是否需要暂停配种和引种。","{""HUMAN_REVIEWED"": 3, ""NEEDS_REVIEW"": 2}","[""SRC-0001"", ""SRC-0067"", ""SRC-0068""]",2161,110.94,ERNIE-4.5-Turbo-32K,90,28,18,24,20,False,True,"整体回答质量较高，诊断准确性、病理逻辑、处方安全性和数据质量均表现良好，无明显致命风险。诊断结合病史和繁殖障碍表现，合理怀疑猪钩端螺旋体病，采样方案和管理措施全面，兼顾生物安全和人畜共患防控。
问题：diagnosis_accuracy: 诊断准确性得分稍低，主要因未完全排除其他繁殖障碍疾病的可能性，如猪繁殖与呼吸综合征（PRRS）或伪狂犬病，尽管钩端螺旋体病是合理怀疑。；pathology_logic: 病理逻辑得分中等，因未详细阐述钩端螺旋体病导致繁殖障碍的具体病理机制，如细菌如何影响母猪卵巢功能或公猪精子生成。；data_quality: 数据质量得分稍低，因未提供具体的地方性流行区数据或实验室检测阳性率支持诊断怀疑，尽管采样方案和管理措施全面。",hunyuan-turbos-20250926,85,80,75,95,80,False,False,该数据为有效的猪病咨询记录，诊断基于用户描述的繁殖障碍症状合理推测为猪钩端螺旋体病，管理措施涵盖隔离、采样、生物安全防护及防疫报告要求，符合重大疫病和人兽共患病的安全边界。不足之处在于未充分排除其他常见繁殖障碍病因，也未详细说明钩端螺旋体病的致病机理，缺乏流行病学背景支撑。,True,ERNIE-4.5-Turbo-32K,True,review,诊断基于繁殖障碍表现合理怀疑猪钩端螺旋体病，采样方案和管理措施全面，符合生物安全和人畜共患防控要求。但未完全排除其他繁殖障碍疾病（如PRRS、伪狂犬病）的可能性，且未详细阐述钩端螺旋体病导致繁殖障碍的具体病理机制，缺乏地方性流行区数据或实验室检测阳性率支持诊断怀疑，因此判为review。,87.0,28,18,24,20,review,21.0,18.7,
af70604a-e6b3-5101-8181-6ba393330a5c,350,猪虱病,swine_hunyuan_turbos,hunyuan-turbos-20250926,成功,,猪,我家有200多头育肥猪，平均体重70公斤左右，最近几天发现有几头猪不停地蹭墙、抓痒，被毛粗糙，局部有红疹和皮屑，舍内比较潮湿，通风一般，之前没用过驱虫药。这种情况是不是要全群处理？环境怎么弄？多久能复查？,根据描述，考虑为猪虱感染可能。猪虱病表现为剧烈瘙痒、被毛粗乱、皮肤损伤及皮屑，常伴环境潮湿、通风不良。确诊需在体表查找活虱或附着于毛上的虫卵，单凭瘙痒和皮肤改变不能定论。,建议先对出现症状的猪进行体表检查，找到虱或虫卵以支持诊断；若确诊，应对全群进行同步处理，包括使用经批准的体外驱虫剂（按产品说明操作），同时加强圈舍清洁消毒，清除粪污、更换垫料、改善通风、降低湿度，并对工具、运输车辆等进行消毒；处理后间隔一定时间（依产品说明）复查体表情况，必要时重复处理。注意避免在未确诊前盲目用药，防止掩盖其他病因。,具体休药期和停药时间须严格遵循所用驱虫产品的说明书及国家相关规定，不可自行缩短或忽略。,"{""disease_name"": ""猪虱病"", ""severity"": ""中等"", ""scene_tags"": [""育肥猪"", ""瘙痒"", ""皮肤损伤"", ""环境潮湿""], ""validation_points"": [""瘙痒与皮肤病变提示体外寄生虫可能"", ""需通过肉眼或放大镜检查虱或虫卵确诊"", ""环境管理与驱虫并重""], ""risk_flags"": [""未经确诊勿随意用药"", ""环境潮湿易复发""], ""case_type"": ""驱虫和环境管理"", ""target_disease"": ""猪虱病"", ""local_flags"": {""species_ok"": true, ""target_disease_in_diagnosis"": true, ""target_disease_mismatch"": false, ""contains_specific_dose"": false, ""contains_specific_withdrawal"": false, ""regulated_bad_treatment"": false}}",False,False,,,True,False,False,D:\XF-ChongQin\ai-\knowledge\llm_wiki_swine_authoritative,1465,887,"猪虱病
猪虱病、external parasites lice
驱虫和环境管理
用户询问是否需要全群处理、环境清理和复查方式。","{""HUMAN_REVIEWED"": 3, ""NEEDS_REVIEW"": 2}","[""SRC-0001"", ""SRC-0013"", ""SRC-0072"", ""SRC-0080"", ""SRC-0082""]",2028,22.28,ERNIE-4.5-Turbo-32K,90,28,18,24,20,False,True,"整体回答质量较高，诊断准确性、病理逻辑、处方安全性和数据质量均表现良好，无明显致命风险。
问题：诊断准确性方面，虽然考虑了猪虱感染的可能性，但未充分排除其他类似症状疾病（如疥螨病）的可能性，诊断依据略显单一。；病理逻辑方面，对猪虱病的病理机制解释不够深入，仅描述了症状与环境因素的关系。；数据质量方面，虽然提供了详细的场景标签和验证点，但对疾病严重程度的描述较为笼统，缺乏具体数据支持。",hunyuan-turbos-20250926,85,80,80,90,85,False,False,该回答在诊断思路上合理，结合症状与环境因素提出猪虱病可能性，并强调需通过体表检查确认；处方建议符合安全规范，未给出具体药物剂量或休药期，避免了违规风险；同时提醒了在未确诊前不应盲目用药，体现了安全边界意识。不足之处在于诊断部分未充分讨论其他可能引起相似症状的疾病（如疥螨病），病理机制解释较浅，且缺少更具体的病情严重程度评估。,True,ERNIE-4.5-Turbo-32K,True,review,回答整体质量较高，诊断思路合理，结合症状与环境因素提出猪虱病可能性，并强调需通过体表检查确认，处方建议符合安全规范，未给出具体药物剂量或休药期，避免了违规风险，同时提醒了在未确诊前不应盲目用药，体现了安全边界意识。但诊断部分未充分讨论其他可能引起相似症状的疾病（如疥螨病），病理机制解释较浅，且缺少更具体的病情严重程度评估，因此判为review。,87.0,28,18,24,20,review,14.86,22.61,
afc2b792-1c9a-5b1a-bdec-8240f82278b4,3,猪传染性胃肠炎,swine_hunyuan_turbos,hunyuan-turbos-20250926,成功,,猪,我家有200头母猪，现在产房里刚出生一周左右的仔猪陆续出现拉稀，有的黄色水样，有的带泡沫，吃奶还行但精神差，有几头已经脱水站不稳了。之前用过恩诺沙星拌料两天没见好转，想问下这种情况是病毒还是细菌感染？要不要做检测？,根据日龄（1周龄左右）、水样腹泻、伴泡沫、脱水表现及使用抗生素无效的情况，首先考虑病毒性腹泻，如猪传染性胃肠炎（TGEV）、流行性腹泻（PEDV），也可能与轮状病毒、大肠杆菌（ETEC）或球虫（Isospora suis）有关。需要结合实验室检测区分病因。,treatment_direction: 立即停喂难消化饲料，提供温水防止脱水；对严重脱水个体进行补液支持；避免使用广谱抗生素作为唯一手段，以免掩盖病情并延误诊断。；management_measures: 加强产房保温与通风，减少人员流动，严格消毒鞋靴、工具；暂停引入新猪；病死猪及时无害化处理。；sampling_for_testing: 采集腹泻粪便或直肠拭子，送实验室用RT-PCR检测TGEV、PEDV、轮状病毒、大肠杆菌毒力基因及球虫卵囊，必要时配合电镜或细胞培养鉴定。；prohibited_actions: 禁止将病猪随意转移或出售；禁止在确诊前大规模投喂未经许可的药物；禁止忽视脱水与死亡风险而仅依赖经验用药。,因未涉及特定药物治疗，无明确休药期；若后续使用兽药，须遵循标签说明并在出栏前满足相应停药期。,"{""disease_name"": ""猪传染性胃肠炎"", ""severity"": ""高"", ""scene_tags"": [""产房"", ""1周龄仔猪"", ""水样腹泻"", ""脱水"", ""抗生素治疗无效""], ""validation_points"": [""按日龄和病程分层鉴别腹泻原因"", ""考虑病毒性、细菌性、寄生虫性多重可能性"", ""强调实验室检测的重要性""], ""risk_flags"": [""重大动物疫病潜在风险"", ""人畜共患病无关""], ""case_type"": ""腹泻采样送检"", ""target_disease"": ""猪传染性胃肠炎"", ""local_flags"": {""species_ok"": true, ""target_disease_in_diagnosis"": true, ""target_disease_mismatch"": false, ""contains_specific_dose"": false, ""contains_specific_withdrawal"": false, ""regulated_bad_treatment"": false}}",False,False,,,True,False,False,D:\XF-ChongQin\ai-\knowledge\llm_wiki_swine_authoritative,1465,887,"猪传染性胃肠炎
猪传染性胃肠炎、transmissible gastroenteritis virus、TGE、TGEV
腹泻采样送检
用户描述粪便性状、日龄和病程，重点询问如何鉴别病毒性、细菌性或寄生虫性腹泻。","{""HUMAN_REVIEWED"": 2, ""NEEDS_REVIEW"": 2}","[""RC-DIARRHEA-001"", ""SRC-0001"", ""SRC-0007"", ""SRC-0036"", ""SRC-0052"", ""SRC-0062"", ""SRC-0063"", ""SRC-0064"", ""SRC-0071"", ""SRC-0072"", ""SRC-0073"", ""SRC-0077"", ""SRC-0081""]",2221,38.59,ERNIE-4.5-Turbo-32K,88,28,18,23,20,False,True,"整体回答质量较高，诊断考虑全面，鉴别诊断合理，治疗方向安全，管理措施得当，采样建议明确，风险控制较好。
问题：诊断准确性方面，虽然考虑了多种可能性，但对猪传染性胃肠炎的指向性不够强，未充分结合典型症状（如呕吐）和流行病学特点（如冬季高发）进行强化说明。；病理逻辑方面，对轮状病毒、大肠杆菌和球虫的鉴别诊断描述稍显简略，缺乏对各病原体特征性症状的对比分析。；数据质量方面，场景标签和验证点覆盖较全，但风险标志中未明确提及‘仔猪高死亡率’这一关键特征，可能影响对疾病严重性的判断。；处方安全性方面，虽强调避免滥用抗生素，但未提供具体的补液方案（如口服补液盐配方或静脉补液指征），可能影响实际操作性。",hunyuan-turbos-20250926,85,80,82,90,83,True,False,该数据整体结构完整，场景真实且符合猪传染性胃肠炎的典型发病条件（1周龄仔猪、水样腹泻、脱水）。诊断部分列举了多种可能病原，涵盖病毒性、细菌性及寄生虫因素，并建议实验室检测以明确病因，思路合理。治疗与管理措施安全，强调了避免滥用抗生素、加强生物安全和病死猪无害化处理，风险控制到位。不足之处在于对猪传染性胃肠炎的特异性提示不足，未突出其呕吐、冬季高发等特征，也未详细对比不同病原的症状差异，导致诊断指向性偏弱；同时缺少针对脱水的可操作补液方案细节。,True,ERNIE-4.5-Turbo-32K,True,review,整体回答质量较高，诊断考虑全面，鉴别诊断合理，治疗方向安全，管理措施得当，采样建议明确，风险控制较好。但存在一些轻微不足，如诊断中对猪传染性胃肠炎的特异性提示不足，未充分结合典型症状（如呕吐）和流行病学特点（如冬季高发）进行强化说明；对不同病原的特征性症状对比分析较少，影响鉴别诊断清晰度；未提供具体的补液方案（如口服补液盐配方或静脉补液指征），降低实操指导性。,86.0,28,18,23,20,review,23.05,20.08,
f15901eb-832a-58f6-80ad-834462accc92,7,猪胸膜肺炎,swine_hunyuan_turbos,hunyuan-turbos-20250926,成功,,猪,我家有120头70日龄左右的保育猪，最近两天陆续有几头开始咳嗽、呼吸急促，体温在40℃左右，吃料明显变慢，有的还趴着不动。圈舍通风一般，湿度偏高，之前没用过抗生素。请问这是啥病？要不要整批都用药？,根据描述的症状（高热、咳嗽、呼吸困难、食欲下降）以及保育猪阶段，结合群体发生的情况，高度怀疑为猪胸膜肺炎（由胸膜肺炎放线杆菌引起）。该病常在应激条件下暴发，急性病例可见肺部出血、坏死等病变，慢性可出现胸膜粘连。,treatment_direction: 尽快隔离有明显症状的个体，减少应激因素，改善通风与温湿度控制；对全群可考虑使用针对革兰阴性菌的敏感抗生素进行预防性投喂，同时加强饮水卫生。；management_measures: 提高舍内温度以缓解代谢产热不足，降低密度，保证清洁饮水；及时清理粪污，防止氨气浓度过高刺激呼吸道。；sampling_testing: 采集病死猪或濒死猪的肺组织及胸腔液送实验室做细菌分离鉴定，明确是否为胸膜肺炎放线杆菌感染，并做药敏试验指导后续用药。；contraindications_boundary: 严禁将疑似病猪随意出售或转运，避免疫情扩散；在未确诊前不建议盲目使用广谱抗生素以防耐药；如病情快速恶化或出现大量死亡，应立即向当地畜牧兽医部门报告。,因涉及群体用药且需依据药敏结果确定具体药物，暂不明确具体休药期，须按所用药物说明执行并在出栏前确保停药时间符合规定。,"{""disease_name"": ""猪胸膜肺炎"", ""severity"": ""中等至严重（视病程和死亡率而定）"", ""scene_tags"": [""保育猪"", ""群体发病"", ""呼吸道症状"", ""高湿环境""], ""validation_points"": [""症状与胸膜肺炎典型表现一致"", ""保育阶段为易感群体"", ""环境因素（通风差、湿度高）增加发病风险""], ""risk_flags"": [""潜在群体传播风险"", ""需实验室确诊"", ""可能涉及三类动物疫病管理""], ""case_type"": ""呼吸道群体发病"", ""target_disease"": ""猪胸膜肺炎"", ""local_flags"": {""species_ok"": true, ""target_disease_in_diagnosis"": true, ""target_disease_mismatch"": false, ""contains_specific_dose"": false, ""contains_specific_withdrawal"": false, ""regulated_bad_treatment"": false}}",False,False,,,True,False,False,D:\XF-ChongQin\ai-\knowledge\llm_wiki_swine_authoritative,1465,887,"猪胸膜肺炎
猪胸膜肺炎、actinobacillus pleuropneumoniae pleuropneumonia
呼吸道群体发病
同栏出现咳嗽、喘气、发热、采食下降，用户想判断病因和是否需要全群用药。","{""HUMAN_REVIEWED"": 3, ""NEEDS_REVIEW"": 2}","[""A0-MOA-573"", ""SRC-0001"", ""SRC-0006"", ""SRC-0058""]",2127,36.0,ERNIE-4.5-Turbo-32K,88,28,18,23,19,False,True,"整体回答质量较高，诊断准确性、病理逻辑、处方安全性和数据质量均表现良好，无明显致命风险，符合通过标准。
问题：诊断准确性方面，虽然症状描述与猪胸膜肺炎高度吻合，但未完全排除其他类似呼吸道疾病的可能性，如猪肺疫等，可进一步增加鉴别诊断内容。；病理逻辑方面，对疾病发生的环境因素（通风差、湿度高）与疾病关系的阐述可更深入，以增强逻辑性。；数据质量方面，场景标签和验证点较为全面，但风险标志中“可能涉及三类动物疫病管理”未明确具体依据，略显模糊。；处方安全性方面，虽提到根据药敏试验指导后续用药，但未明确初始预防性用药的选择原则，可能增加盲目用药风险。",hunyuan-turbos-20250926,85,90,85,80,85,False,False,该回答整体结构完整，诊断与症状匹配度高，考虑了环境应激因素，并提出了合理的采样检测与防控建议，处方方向安全，无直接危险建议。不足之处在于缺乏更全面的鉴别诊断，对环境致病机制的解释不够深入，部分表述存在轻微模糊，可能影响实际操作中的精准度。,True,ERNIE-4.5-Turbo-32K,partially,review,回答整体结构完整，诊断与症状匹配度高，考虑了环境应激因素，并提出了合理的采样检测与防控建议，处方方向安全，无直接危险建议。但存在以下可优化点：未充分列出可能的鉴别诊断（如猪肺疫、支原体肺炎等），可能导致误诊风险；对通风不良、湿度高等环境与发病机制的关联解释较浅，逻辑链条不够严密；预防性用药建议缺少选择原则和风险提示，可能诱导盲目用药；风险标识中‘三类动物疫病’未给出明确依据，表述不够严谨。,86.0,28,18,23,19,review,20.22,21.45,
4a669f42-2d42-5da3-b37f-2e45cb19c5f7,9,仔猪黄白痢,swine_hunyuan_turbos,hunyuan-turbos-20250926,成功,,猪,我家有200头左右25日龄左右的保育猪，这几天陆续有几窝开始拉黄色稀便，有的带点白色黏液，精神差、吃奶少，个别猪肚子鼓胀、体温正常偏低，圈舍湿度大、通风一般，之前用过恩诺沙星拌料没明显好转，想问下这是啥病？该怎么处理？,根据描述，考虑为仔猪黄白痢，主要由致病性大肠杆菌引起，常见于哺乳后期至保育初期，潮湿环境和应激因素可诱发或加重。,立即改善圈舍通风与干燥度，减少温差刺激；对腹泻严重个体进行补液防脱水，可用口服电解质溶液；停喂霉变饲料，保证饮水清洁；采集新鲜粪便送实验室做细菌分离鉴定及药敏试验，指导后续用药；避免使用未经药敏验证的抗生素以防耐药性扩散；若怀疑混合感染或病情恶化，应联系当地兽医站进一步诊断。,因未确定具体药物方案，无法给出确切休药期，需依据最终使用药物的说明书及国家规定执行。,"{""disease_name"": ""仔猪黄白痢"", ""severity"": ""中等偏重"", ""scene_tags"": [""保育猪"", ""腹泻"", ""高湿环境"", ""抗生素治疗无效""], ""validation_points"": [""符合大肠杆菌性腹泻的典型年龄分布"", ""症状与黄白痢临床表现一致"", ""环境因素与诱因吻合""], ""risk_flags"": [""可能伴随继发感染"", ""需排除其他肠道病原如轮状病毒""], ""case_type"": ""腹泻群体发病"", ""target_disease"": ""仔猪黄白痢"", ""local_flags"": {""species_ok"": true, ""target_disease_in_diagnosis"": true, ""target_disease_mismatch"": false, ""contains_specific_dose"": false, ""contains_specific_withdrawal"": false, ""regulated_bad_treatment"": false}}",False,False,,,True,False,False,D:\XF-ChongQin\ai-\knowledge\llm_wiki_swine_authoritative,1465,887,"仔猪黄白痢
仔猪黄白痢、neonatal post weaning colibacillosis、黄白痢、大肠杆菌、仔猪大肠杆菌病
腹泻群体发病
同窝或同栏出现水样腹泻、脱水、采食下降，用户想知道主要病因和紧急处理。","{""HUMAN_REVIEWED"": 1, ""NEEDS_REVIEW"": 4}","[""SRC-0001"", ""SRC-0063""]",2055,31.39,ERNIE-4.5-Turbo-32K,88,28,18,24,18,False,True,"整体回答较为准确，诊断与症状、环境因素匹配，处理方向安全合理，但部分细节可优化。
问题：diagnosis_accuracy: 诊断准确度较高，但未明确提及体温正常偏低与黄白痢的关联性，可进一步强化诊断依据。；pathology_logic: 病理逻辑基本合理，但未详细解释湿度大、通风一般如何具体诱发或加重黄白痢，逻辑链条可更完整。；prescription_safety: 处方安全合理，但未针对黄白痢提出具体抗生素建议（仅提及避免未经药敏验证的抗生素），可补充常用有效药物（如硫酸新霉素、庆大霉素等，需注明需药敏试验指导）。；data_quality: 数据质量良好，但休药期说明过于保守（‘无法给出确切休药期’），可补充‘若使用硫酸新霉素等常用药物，休药期一般为X天（需根据具体药物说明书）’以提升实用性。",hunyuan-turbos-20250926,85,8.5,8.0,9.0,8.0,True,False,该回答在诊断上符合仔猪黄白痢的典型表现，并考虑了环境诱因，处理措施总体安全且强调药敏试验，避免了盲目用药的风险。不足之处在于诊断依据可更充分，病理机制解释略简略，处方中缺乏常见有效药物的提示，以及休药期信息过于保守，影响实用性。,True,ERNIE-4.5-Turbo-32K,True,review,诊断与症状、环境因素基本匹配，处理方向安全合理，但存在部分细节不足：诊断未明确体温正常偏低与黄白痢的关联性，病理机制对湿度大、通风不良的诱发作用解释不充分，处方缺少常用有效抗生素示例，休药期说明过于保守。整体内容可参考但需优化细节。,86.0,28,18,24,18,review,25.37,24.06,
d9d4d030-d275-54ec-a5d6-5e61eb111249,13,猪链球菌病,swine_hunyuan_turbos,hunyuan-turbos-20250926,成功,,猪,我家有200头保育猪，现在60日龄左右，最近两天陆续有几头精神沉郁、不吃料，有的耳朵发紫，体温偏高，还有几头呼吸急促，粪便偏稀。之前用过阿莫西林饮水三天，没明显好转。请问这是啥病？该怎么处理？,根据描述，保育猪出现发热、精神沉郁、食欲下降、部分耳部发绀及呼吸道症状，结合年龄和群体性发病特点，高度怀疑为猪链球菌病（Streptococcus suis），可能同时伴有继发细菌感染或混合感染。需通过实验室检测（如血液、脑脊液或病变组织培养/PCR）确诊。,treatment_direction: 立即隔离病猪，减少应激，改善通风与保温，适当提高环境温度以缓解代谢负担；针对可能的链球菌感染，使用敏感抗生素（需依据当地耐药情况选择，如β-内酰胺类、氟喹诺酮类等），并配合支持疗法（补液、电解质平衡）。；management_measures: 加强圈舍清洁消毒，防止交叉感染；暂停转群与混群操作；对同栏健康猪进行密切观察，必要时预防性投喂敏感药物。；sampling_and_testing: 采集病猪血样、脑脊液或病变组织送实验室做细菌培养和药敏试验，同时进行PCR检测确认链球菌血清型。；prohibited_boundaries: 严禁私自屠宰、销售或食用可疑病猪及其产品；若确诊为高致病性或疑似重大动物疫病，应按规定上报主管部门，不得擅自处理。,因未明确具体药物种类与剂量，无法给出确切休药期，须按所用药物说明书及国家相关规定执行，并在停药期满后方可出栏或屠宰。,"{""disease_name"": ""猪链球菌病"", ""severity"": ""中等至严重（可致死，尤其脑膜炎型）"", ""scene_tags"": [""保育猪"", ""群体发病"", ""发热"", ""采食下降"", ""呼吸道症状"", ""耳部发绀""], ""validation_points"": [""符合S. suis在保育猪阶段的易感性特征"", ""临床表现与文献描述的发热、神经症状、败血症相符"", ""群体性发病模式支持细菌性传染病判断""], ""risk_flags"": [""存在人畜共患潜在风险（皮肤伤口接触病猪或生肉可致人类感染）"", ""若病情扩散，可能涉及重大动物疫病防控边界""], ""case_type"": ""保育猪群体发病"", ""target_disease"": ""猪链球菌病"", ""local_flags"": {""species_ok"": true, ""target_disease_in_diagnosis"": true, ""target_disease_mismatch"": false, ""contains_specific_dose"": false, ""contains_specific_withdrawal"": false, ""regulated_bad_treatment"": false}}",False,False,,,True,False,False,D:\XF-ChongQin\ai-\knowledge\llm_wiki_swine_authoritative,1465,887,"猪链球菌病
猪链球菌病、streptococcosis streptococcus suis
保育猪群体发病
群体发病、采食下降、粪便或呼吸道异常，用户想知道主要病因和下一步处理。","{""HUMAN_REVIEWED"": 3, ""NEEDS_REVIEW"": 2}","[""SRC-0001"", ""SRC-0006"", ""SRC-0014"", ""SRC-0075"", ""SRC-0076""]",2076,32.6,ERNIE-4.5-Turbo-32K,88,28,18,23,20,False,True,"整体回答质量较高，诊断方向合理，处理措施安全，数据质量较好，无明显致命风险。
问题：诊断准确性方面，虽然高度怀疑猪链球菌病，但未完全排除其他可能的混合感染，如副猪嗜血杆菌病等，诊断依据可进一步丰富。；病理逻辑方面，对群体发病模式的解释稍显简单，可进一步阐述细菌性传染病在群体中的传播特点。；数据质量方面，场景标签和验证点较为全面，但风险标志中的人畜共患风险描述可更具体，如明确接触途径和预防措施。；处方安全方面，虽然提出了使用敏感抗生素和支持疗法，但未明确具体药物名称和剂量范围，可能影响实际操作的准确性。",hunyuan-turbos-20250926,85,8.5,8.2,9.0,8.3,True,False,该数据整体真实可信，用户描述的保育猪症状与猪链球菌病的典型表现相符，诊断方向合理且考虑了混合感染的可能性。处理方案包含隔离、环境管理、支持疗法及必要的实验室检测，符合安全规范，未出现危险用药建议。不足之处在于诊断依据可更充分，群体传播机制分析略简，风险提醒可更细化。,True,ERNIE-4.5-Turbo-32K,True,review,整体回答质量较高，诊断方向合理，处理措施安全，但存在一些轻微不足。诊断虽高度怀疑猪链球菌病，但对其他可能病原（如副猪嗜血杆菌等）的鉴别诊断说明不足；群体发病模式与传播途径的解释较简略，缺乏流行病学细节支撑；对人畜共患风险的提示不够具体，缺少接触途径与防护措施的明确说明。,86.0,28,18,23,20,review,20.07,18.54,
2d1ca79d-0803-5a39-a446-40cd8da6a0d9,14,猪痢疾,swine_hunyuan_turbos,hunyuan-turbos-20250926,成功,,猪,我这边有200头80公斤左右的育肥猪，最近一周陆续出现拉稀，粪便带血丝和黏液，精神食欲下降，部分猪肛门周围沾污严重。之前用了恩诺沙星拌料三天，效果不明显，现在想问还能不能继续用这个药，还是换别的？圈舍通风一般，湿度偏高，饲料没变过。,根据描述的症状（血性腹泻、黏液便、精神差）、群体发病及用药史，高度怀疑为猪痢疾，可能由强β溶血性Brachyspira（如B. hyodysenteriae、B. hampsonii或B. suanatina）感染所致。确诊需采集典型病例的结肠黏膜或新鲜粪便进行实验室检测，确认强β溶血Brachyspira的存在。,treatment_direction: 在确诊前不建议盲目更换抗生素，应优先送样检测明确病原；若确证为强β溶血Brachyspira感染，可考虑使用对螺旋体有效的抗菌药物（如泰妙菌素、林可霉素类），并配合改善饲养管理降低应激。；management_measures: 加强圈舍通风、降低湿度，减少密度；及时清理粪污，防止交叉污染；分群饲养，将病猪与健康猪隔离；保证饮水清洁充足。；sampling_and_testing: 采集典型病例的新鲜粪便或结肠内容物，送实验室做暗视野显微镜检查及培养，必要时结合PCR检测强β溶血Brachyspira种类。；prohibited_boundaries: 在未排除重大疫病（如非洲猪瘟）前，不得对外销售或调运生猪；禁止随意使用未经批准的兽药或超范围用药。,具体休药期需依据所用药物说明书及国家相关规定执行，建议停药至安全间隔后再考虑出栏。,"{""disease_name"": ""猪痢疾"", ""severity"": ""中等偏重"", ""scene_tags"": [""育肥猪"", ""血性腹泻"", ""黏液便"", ""抗生素治疗无效""], ""validation_points"": [""症状符合猪痢疾典型表现"", ""群体发病且持续数天"", ""前期用药效果不佳提示耐药或病原特殊""], ""risk_flags"": [""存在强β溶血Brachyspira感染风险"", ""需警惕其他肠道病原体混合感染"", ""高湿环境易加重传播""], ""case_type"": ""育肥猪用药咨询"", ""target_disease"": ""猪痢疾"", ""local_flags"": {""species_ok"": true, ""target_disease_in_diagnosis"": true, ""target_disease_mismatch"": false, ""contains_specific_dose"": false, ""contains_specific_withdrawal"": false, ""regulated_bad_treatment"": false}}",False,False,,,True,False,False,D:\XF-ChongQin\ai-\knowledge\llm_wiki_swine_authoritative,1465,887,"猪痢疾
猪痢疾、swine dysentery brachyspira hyodysenteriae、swine dysentery、Brachyspira
育肥猪用药咨询
育肥猪出现典型症状，用户已经用过常见药物但效果一般，询问是否继续用药。","{""HUMAN_REVIEWED"": 2}","[""SRC-0001"", ""SRC-0077""]",2221,34.92,ERNIE-4.5-Turbo-32K,88,28,18,24,18,False,True,"整体回答质量较高，诊断方向准确，症状与疾病匹配合理，处理方向安全且与疾病相互印证。诊断逻辑清晰，考虑了实验室检测的必要性，并给出了合理的治疗和管理建议。数据质量方面，虽然信息完整，但部分细节可进一步优化。
问题：诊断准确性方面，虽然高度怀疑猪痢疾，但未完全排除其他类似疾病的可能性，如非洲猪瘟等重大疫病，尽管已提及需警惕，但未明确说明排除方法。；病理逻辑方面，对猪痢疾的病理机制解释不够深入，仅描述了症状和可能的病原，未详细阐述发病机理。；处方安全方面，虽然给出了合理的治疗建议，但未明确提及具体药物的剂量和使用方法，仅提到需依据药物说明书执行。；数据质量方面，场景标签和验证点较为全面，但风险标志中提及的“高湿环境易加重传播”未在管理措施中给出具体的湿度控制建议。",hunyuan-turbos-20250926,85,90,80,85,85,False,False,该数据整体真实可信，用户描述的育肥猪群体发病情况符合猪痢疾的典型表现，诊断方向正确且提示了实验室确诊的重要性。处理方案与管理措施合理，强调了生物安全和疫病防控边界，未发现明显危险建议。不足之处在于对重大疫病的排除方法未细化，病理机制解释较浅，以及管理措施中对湿度控制的针对性不足。,True,ERNIE-4.5-Turbo-32K,True,review,整体回答质量较高，诊断方向准确，症状与疾病匹配合理，处理方向安全且与疾病相互印证。诊断逻辑清晰，考虑了实验室检测的必要性，并给出了合理的治疗和管理建议。但存在一些轻微不足，如未详细说明如何排除非洲猪瘟等重大疫病的具体检测方法，对猪痢疾的发病机理解释不够深入，以及管理措施中缺少针对高湿环境的细化控制手段。,86.0,28,18,24,18,review,22.36,20.22,
141079eb-e394-531a-a91e-416cb1082d95,15,猪疥螨病,swine_hunyuan_turbos,hunyuan-turbos-20250926,成功,,猪,我家有120头80日龄左右的育肥猪，最近发现部分猪精神差、采食下降，个别猪身上有抓挠痕迹，耳朵边缘和背部能看到结痂和小红点，有的猪毛竖起像被蹭过一样，粪便偏稀但不带血。之前用过一次伊维菌素拌料驱虫，但效果不明显，现在想问问是不是疥螨，该怎么处理？,根据描述的症状（剧烈瘙痒、皮肤结痂、局部红斑、毛发粗糙）、分布部位及群体性发生特点，高度怀疑为猪疥螨病。该病在育肥猪中常见，由Sarcoptes scabiei var suis引起，可通过直接接触传播。由于皮肤刮片检查存在假阴性可能，应结合临床特征综合判断。,建议立即隔离有明显症状的个体，减少健康猪与其接触；对全群进行环境清洁消毒，清除垫草并更换干燥清洁的垫料；采用经批准的体外驱虫药物（如伊维菌素类）按说明使用，注意轮换不同作用机制的药物以防耐药；同时加强饲养管理，保证营养供给，提高抵抗力；采集病变皮肤组织送实验室做螨虫镜检或PCR检测，以明确病原；严禁将病猪与健康猪混养，防止扩散。,因涉及驱虫药物使用，应按所用药品说明书规定执行停药期，确保上市前体内残留符合食品安全标准。,"{""disease_name"": ""猪疥螨病"", ""severity"": ""中等至严重（影响生长性能、饲料转化率及群体健康）"", ""scene_tags"": [""育肥猪"", ""群体感染"", ""皮肤病变"", ""瘙痒"", ""结痂""], ""validation_points"": [""瘙痒明显且集中在耳缘、背部等部位"", ""皮肤有红斑、结痂等典型疥螨病变"", ""群体中有多例相似症状""], ""risk_flags"": [""具有传染性，需隔离防控"", ""若误诊延误处理可导致经济损失""], ""case_type"": ""寄生虫群体发病"", ""target_disease"": ""猪疥螨病"", ""local_flags"": {""species_ok"": true, ""target_disease_in_diagnosis"": true, ""target_disease_mismatch"": false, ""contains_specific_dose"": false, ""contains_specific_withdrawal"": false, ""regulated_bad_treatment"": false}}",False,False,,,True,False,False,D:\XF-ChongQin\ai-\knowledge\llm_wiki_swine_authoritative,1465,887,"猪疥螨病
猪疥螨病、external parasites mange
寄生虫群体发病
猪群出现腹泻、消瘦、皮肤瘙痒或生长慢，用户怀疑寄生虫。","{""HUMAN_REVIEWED"": 4}","[""SRC-0001"", ""SRC-0080""]",2221,34.37,ERNIE-4.5-Turbo-32K,88,28,18,23,20,False,True,"整体回答质量较高，诊断准确，处理方向安全，数据质量良好，但存在部分细节可优化。
问题：诊断准确性方面，虽然整体判断正确，但未明确提及皮肤刮片检查的局限性及替代诊断方法（如PCR检测）的优先级，可进一步增强诊断逻辑的严谨性。；病理逻辑方面，对疥螨病的传播途径和群体发病特点的描述较为基础，可增加对环境因素（如湿度、卫生条件）对疾病传播影响的阐述。；处方安全性方面，未明确提及伊维菌素的具体使用剂量和频率，仅提到“按说明使用”，可能存在操作模糊性。；数据质量方面，用户查询中提到的“粪便偏稀”症状未在诊断或处理中明确关联或排除其他潜在疾病（如肠道寄生虫），略显不足。",hunyuan-turbos-20250926,85,90,85,80,82,False,False,该回答对猪疥螨病的诊断依据充分，症状与疾病匹配度高，处理方案总体合理且包含必要的生物安全措施。不足之处在于未深入解释皮肤刮片假阴性的原因及替代检测方法的重要性，对环境因素与传播关系的分析较浅，以及未细化驱虫药物的使用细节，可能导致实际操作偏差。此外，用户提到的腹泻症状未被进一步排查或排除其他病因。,True,ERNIE-4.5-Turbo-32K,True,review,诊断方向准确，症状与猪疥螨病匹配度高，处理方案总体合理且包含必要的生物安全措施。但存在部分细节可优化，如未详细说明皮肤刮片假阴性的原因及替代诊断方法的优先顺序，对环境因素影响疥螨传播的分析不足，驱虫药物使用细节不够明确，以及未针对用户描述的腹泻症状进行鉴别诊断或排除其他病因。,86.0,28,18,23,20,review,24.07,19.49,
9dd186be-77bd-5517-9379-7fab9c39fea6,35,猪恶性卡他热相关感染,swine_hunyuan_turbos,hunyuan-turbos-20250926,成功,,猪,我家有120头育肥猪，平均体重在70公斤左右，最近一周陆续出现高热、眼鼻分泌物增多、精神沉郁、食欲下降的情况，个别猪还有咳嗽和呼吸急促。我们附近有放养的羊群，之前没遇到过这种情况，想问问是不是传染病？该采哪些样送检测？怕乱用药耽误病情。,根据描述的发热、眼鼻分泌物、呼吸道症状及邻近羊群的存在，需考虑猪恶性卡他热相关感染的可能，该病由绵羊疱疹病毒2型等γ疱疹病毒引起，属于偶发性系统性病毒感染。确诊需依赖实验室检测，如PCR检测病毒核酸或组织病理学检查。,立即将发病猪与健康猪隔离，减少人员、车辆、器具交叉使用；采集发病猪的血液、眼鼻拭子及必要时肺脏、淋巴结等组织样本，低温保存并尽快送具备资质的实验室进行病毒核酸检测和组织病理检查；在未确诊前避免使用广谱抗生素作为唯一治疗手段，防止掩盖病情延误诊断；加强圈舍通风与消毒，限制人员流动；若确诊为恶性卡他热，应依据当地动物防疫部门指导采取相应防控措施，包括封锁、扑杀和无害化处理等。,因属重大动物疫病范畴，无常规休药期概念，须按官方防控方案执行，禁止未经许可出售或屠宰。,"{""disease_name"": ""猪恶性卡他热相关感染"", ""severity"": ""高"", ""scene_tags"": [""育肥猪"", ""高热"", ""呼吸道症状"", ""羊群接触史"", ""采样送检""], ""validation_points"": [""症状符合病毒性全身感染特征"", ""存在羊群接触史提示可能传染源"", ""建议通过实验室检测明确病原""], ""risk_flags"": [""重大动物疫病风险"", ""需隔离与采样送检"", ""禁止擅自治疗与流通""], ""case_type"": ""采样送检咨询"", ""target_disease"": ""猪恶性卡他热相关感染"", ""local_flags"": {""species_ok"": true, ""target_disease_in_diagnosis"": true, ""target_disease_mismatch"": false, ""contains_specific_dose"": false, ""contains_specific_withdrawal"": false, ""regulated_bad_treatment"": false}}",False,False,,,True,False,False,D:\XF-ChongQin\ai-\knowledge\llm_wiki_swine_authoritative,1465,887,"猪恶性卡他热相关感染
猪恶性卡他热相关感染、malignant catarrhal fever ovine herpesvirus 2
采样送检咨询
用户描述症状后，重点询问采什么样品、如何判断和如何避免误治。","{""HUMAN_REVIEWED"": 1, ""NEEDS_REVIEW"": 4}","[""SRC-0001"", ""SRC-0041""]",2173,27.68,ERNIE-4.5-Turbo-32K,88,28,18,23,20,False,True,"整体回答质量较高，诊断准确性、病理逻辑、处方安全性和数据质量均表现良好，无明显致命风险。
问题：诊断准确性方面，虽然考虑了猪恶性卡他热相关感染的可能性，但未完全排除其他类似症状的疾病，如猪流感、猪繁殖与呼吸综合征等，诊断依据略显单一。；病理逻辑方面，对症状与疾病之间的关联解释不够深入，缺乏对疾病发病机制的简要说明。；处方安全性方面，虽然提出了隔离、采样送检等合理建议，但对未确诊前的具体治疗措施（如支持疗法）提及不足。；数据质量方面，回答中未提及采样送检的具体操作细节（如采样时间、采样量等），可能影响检测结果的准确性。",hunyuan-turbos-20250926,85,80,82,90,78,False,False,回答总体结构完整，能结合现场症状与流行病学线索提出猪恶性卡他热相关感染的可能性，并强调实验室确诊的重要性，符合重大疫病的安全处置原则。但诊断部分未充分排除其他常见呼吸道疾病，病理机制解释不足，且缺乏未确诊前的对症支持治疗建议，采样细节描述不够明确。,True,ERNIE-4.5-Turbo-32K,True,review,回答总体结构完整，诊断考虑了猪恶性卡他热相关感染的可能性，并强调了实验室确诊的重要性，符合重大疫病的安全处置原则。但诊断未全面排除猪流感、PRRS等相似症状疾病，依据较单一；病理机制解释不足；未提供未确诊前的对症支持治疗建议；采样送检的操作细节（时间、数量、保存条件）描述不足。,86.0,28,18,23,20,review,19.35,16.38,
3f2cac96-408f-53bb-92ad-9869dc1e6b0b,52,猪钩端螺旋体病,swine_hunyuan_turbos,hunyuan-turbos-20250926,成功,,猪,我家有120头能繁母猪，还有20多头公猪，最近两个月配种成功率明显下降，流产、死胎也多了，之前没出现过这种情况。圈舍通风一般，地面潮湿，饲料一直用同一批，没有换过。想问下这种情况是不是要停配种？还要不要继续引进新猪？应该采什么样子的样本去化验？,根据描述，结合繁殖障碍、流产、死胎以及潮湿环境等因素，怀疑可能为猪钩端螺旋体病或其他细菌性繁殖障碍性疾病。该病在妊娠母猪中可引起流产、死胎及产弱仔，且部分感染可能无明显临床症状。,treatment_direction: 立即暂停配种和引种，防止疾病扩散；对可疑母猪进行隔离观察；加强圈舍清洁干燥，改善通风条件；对饲养人员做好个人防护，避免接触污染液体。；management_measures: 停止引入新猪，现有猪群减少应激；清理粪污并消毒；记录流产、死胎情况以便后续分析。；sampling_and_testing: 采集流产胎儿、胎盘组织、血液（血清）及尿液送实验室检测钩端螺旋体抗体或病原核酸；必要时采集公猪精液进行检测。；prohibited_boundaries: 在未确诊前不得使用未经批准的抗生素或人用药物；禁止将病猪或疑似病猪外售或转场。,因未使用特定药物，暂无明确休药期；若后续经检测确诊并使用药物治疗，应依据检测结果和兽医建议执行相应休药期。,"{""disease_name"": ""猪钩端螺旋体病"", ""severity"": ""中等至严重（可导致繁殖损失和潜在人兽共患风险）"", ""scene_tags"": [""繁殖障碍"", ""流产"", ""潮湿环境"", ""疑似人兽共患风险""], ""validation_points"": [""妊娠母猪流产、死胎增多符合钩端螺旋体病的繁殖障碍特征"", ""潮湿环境有利于钩端螺旋体存活和传播"", ""需要采样检测确认病原""], ""risk_flags"": [""职业性人兽共患风险"", ""重大动物疫病防控边界""], ""case_type"": ""繁殖障碍送检"", ""target_disease"": ""猪钩端螺旋体病"", ""local_flags"": {""species_ok"": true, ""target_disease_in_diagnosis"": true, ""target_disease_mismatch"": false, ""contains_specific_dose"": false, ""contains_specific_withdrawal"": false, ""regulated_bad_treatment"": false}}",False,False,,,True,False,False,D:\XF-ChongQin\ai-\knowledge\llm_wiki_swine_authoritative,1465,887,"猪钩端螺旋体病
猪钩端螺旋体病、leptospirosis
繁殖障碍送检
繁殖异常持续出现，用户询问该采哪些样品、是否需要暂停配种和引种。","{""HUMAN_REVIEWED"": 3, ""NEEDS_REVIEW"": 2}","[""SRC-0001"", ""SRC-0067"", ""SRC-0068""]",2161,25.53,ERNIE-4.5-Turbo-32K,88,28,18,23,20,False,True,"整体回答质量较高，诊断方向合理，处理措施安全，但部分细节可优化。
问题：诊断准确性方面，虽然提到猪钩端螺旋体病，但也提到其他细菌性繁殖障碍性疾病，未明确聚焦目标疾病，扣2分。；病理逻辑方面，对潮湿环境与疾病传播的关联解释较简单，可进一步阐述，扣2分。；处方安全方面，整体措施安全，但未提及具体消毒药物选择，扣2分。；数据质量方面，采样建议较全面，但未提及采样后的保存和运输要求，扣5分。",hunyuan-turbos-20250926,85,8.5,8.5,9,7.5,False,False,该回答针对用户描述的繁殖障碍、流产、死胎等症状，提出了猪钩端螺旋体病的怀疑，并结合环境因素给出合理的防控建议，整体方向正确且安全。但在诊断聚焦度、病理机制解释深度、消毒措施细化及采样运输要求等方面存在不足。,True,ERNIE-4.5-Turbo-32K,partially,review,整体回答质量较高，诊断方向合理，处理措施安全，但存在部分细节不足。诊断方面虽提及猪钩端螺旋体病，但同时列出其他细菌性繁殖障碍性疾病，缺乏针对性聚焦，且对潮湿环境与疾病传播的关联解释较简单；处方安全方面整体措施安全，但未提及具体消毒药物选择；采样建议较全面，但未提及采样后的保存和运输要求。这些不足不影响整体方向正确性和安全性，但需优化细节以提高质量。,86.0,28,18,23,20,review,16.88,18.87,
accd514a-6218-5a53-a379-8a66e7dfe936,54,猪增生性肠炎,swine_hunyuan_turbos,hunyuan-2.0-instruct-20251111,成功,,猪,我家是养商品猪的，现在栏里有260头保育猪，平均体重25公斤左右。从五天前开始，陆续有猪拉糊状偏黄绿色的稀粪，有的带少量血丝，精神还行但采食量下降明显，体温测了有几头到40℃以上。之前按兽医建议用了恩诺沙星和多西环素拌料喂了四天，拉稀没止住，还有新增的。圈舍通风一般，湿度偏大，垫料换得不够勤。我想问问这还能继续用这些药吗？要不要采粪便或者血样去检一下？,根据描述的日龄、症状及抗菌药效果不佳的情况，结合保育猪易感特点，高度怀疑为猪增生性肠炎（由Lawsonia intracellularis引起）。该病以肠上皮未成熟细胞增殖为特征，常表现为黄色绿色稀粪、轻度血便、增重受阻和间歇性腹泻，常规肠道抗菌药不易彻底清除病原体。,治疗方向: 针对Lawsonia intracellularis的抗菌方案需选用对该菌有效的药物（如大环内酯类或特定四环素类），并兼顾肠道菌群平衡，不宜盲目重复已证实无效的药物。；管理措施: 改善圈舍通风与干燥度，减少湿度与氨气积聚；及时清理更换垫料；降低饲养密度；分群管理腹泻猪只，防止水平传播；保证清洁饮水。；采样送检: 应采集新鲜粪便样本进行PCR检测Lawsonia intracellularis核酸，必要时配合血清学检测评估感染状况，以明确病因并指导针对性用药。；禁忌边界: 不可将本病误判为普通腹泻而长期随意更换抗生素；在未确诊前避免单一重复使用已证明无效的药物；若为重大疫病或法定报告病，则需按规定上报并执行隔离与检测，不得仅以普通治疗替代。,因涉及处方方向且属三类疫病，具体停药及休药期须依据实验室诊断和官方兽药使用规范确定，普通养殖户不得擅自推定。,"{""disease_name"": ""猪增生性肠炎"", ""severity"": ""中等偏重（可导致生长迟缓和经济损失，需及时确诊干预）"", ""scene_tags"": [""保育猪"", ""稀粪带色"", ""常规抗菌无效"", ""湿度大"", ""送检咨询""], ""validation_points"": [""症状符合增生性肠炎典型表现：糊状黄绿稀粪、偶有血丝、采食下降、发热"", ""常规肠道抗菌药效果不佳提示可能为非细菌性或耐药/特殊病原"", ""保育猪阶段为Lawsonia intracellularis易感期"", ""环境湿度大促进病原在圈舍内维持和传播""], ""risk_flags"": [""常规抗菌药疗效不足易延误诊治"", ""环境控制不良增加持续传播风险"", ""三类疫病需监测以防扩散"", ""未确诊前不可随意长期使用抗生素""], ""case_type"": ""腹泻用药咨询"", ""target_disease"": ""猪增生性肠炎"", ""local_flags"": {""species_ok"": true, ""target_disease_in_diagnosis"": true, ""target_disease_mismatch"": false, ""contains_specific_dose"": false, ""contains_specific_withdrawal"": false, ""regulated_bad_treatment"": false}}",False,False,,,True,False,False,D:\XF-ChongQin\ai-\knowledge\llm_wiki_swine_authoritative,1465,887,"猪增生性肠炎
猪增生性肠炎、proliferative enteropathy lawsonia intracellularis
腹泻用药咨询
猪群腹泻后已用过常见抗菌药效果一般，用户询问是否继续用药以及是否需要送检。","{""HUMAN_REVIEWED"": 2, ""NEEDS_REVIEW"": 2}","[""A0-MOA-573"", ""SRC-0001"", ""SRC-0071"", ""SRC-0072""]",2221,65.08,ERNIE-4.5-Turbo-32K,88,28,18,23,20,False,True,"该回答整体表现良好，诊断准确性较高，症状与疾病匹配合理，诊断逻辑清晰，治疗方向和管理措施安全且与疾病相互印证，数据质量较高。但存在一些小问题，如诊断准确性未完全扣分项，病理逻辑部分可更深入，数据质量部分可更详细。
问题：诊断准确性方面，虽然高度怀疑猪增生性肠炎，但未完全排除其他可能性，如其他肠道病原体的混合感染。；病理逻辑部分，对疾病的病理过程描述可更深入，如Lawsonia intracellularis的具体致病机制。；数据质量部分，虽然提供了症状、用药史和环境信息，但缺乏具体的实验室检测数据支持诊断。；处方安全性方面，虽然提出了针对Lawsonia intracellularis的有效药物类别，但未给出具体药物名称和剂量范围。",hunyuan-turbos-20250926,85,90,80,85,80,False,False,该数据场景真实，用户描述了保育猪群体发病情况、用药史与环境条件，符合猪增生性肠炎的典型流行病学特征。诊断与目标疾病匹配度高，处理建议与管理措施相互印证，并强调了采样检测和避免滥用抗生素的安全边界。不足之处在于病理机制解释较浅，缺少对潜在混合感染的提示，以及未提供具体药物名称与剂量范围。,True,ERNIE-4.5-Turbo-32K,partially,review,该回答整体表现良好，诊断准确性较高，症状与疾病匹配合理，治疗方向和管理措施安全且与疾病相互印证。但存在一些不足，如诊断准确性方面未完全排除其他可能性，病理逻辑部分对疾病的病理过程描述可更深入，数据质量部分缺乏具体的实验室检测数据支持诊断，处方安全性方面未给出具体药物名称和剂量范围。,86.0,28,18,23,20,review,17.97,23.39,
58a6c6a5-b707-5e8f-b01b-dd48e9122b0a,55,猪葡萄球菌病,swine_hunyuan_turbos,hunyuan-turbos-20250926,成功,,猪,我家有200头保育猪，现在40多天大，这几天陆续发现几头猪背毛粗乱、皮肤发红，有的出现黄色油状渗出物，精神差、采食量下降，舍内湿度偏高，之前用过阿莫西林饮水，效果不明显，想问问这是啥病，该怎么处理？,根据描述，保育猪出现皮肤潮红、渗出性分泌物及采食下降，结合饲养密度高、湿度偏高等环境因素，高度怀疑为猪葡萄球菌病（Staphylococcosis/exudative epidermitis），由金黄色葡萄球菌属（如S. hyicus）引起，常在皮肤屏障受损、应激条件下发生。需排除其他细菌性皮肤病及寄生虫感染。,treatment_direction: 针对葡萄球菌感染进行抗菌治疗，同时改善环境卫生以减少病原菌传播。；management_measures: 立即隔离病猪，加强圈舍通风除湿，降低饲养密度，保持清洁干燥垫料，减少皮肤损伤机会。对全群进行健康巡查，记录体温、采食和精神状况。；sampling_submission: 采集病变皮肤拭子或组织送实验室做细菌分离鉴定及药敏试验，明确病原种类及对常用抗生素的敏感性。；prohibited_boundaries: 严禁使用未经批准的兽药或超范围用药；禁止将病死猪随意丢弃或流入市场；若检出疑似重大动物疫病，须按当地畜牧部门要求执行隔离、消毒及上报。,因涉及不同药物及批次差异，应依据实验室药敏结果选择安全有效的治疗方案，并在停药后按规定时间采样检测残留，确保符合食品安全标准后方可出栏。,"{""disease_name"": ""猪葡萄球菌病"", ""severity"": ""中等至严重（视感染范围和死亡率而定）"", ""scene_tags"": [""保育猪"", ""群体发病"", ""皮肤病变"", ""采食下降"", ""高湿环境""], ""validation_points"": [""临床表现符合葡萄球菌性渗出性皮炎特征"", ""环境因素（高湿、高密度）增加感染风险"", ""需要实验室确诊和药敏指导用药""], ""risk_flags"": [""可能伴随继发细菌感染"", ""存在人畜接触传播风险（尤其LA-MRSA）"", ""若扩散迅速需警惕重大疫病防控""], ""case_type"": ""保育猪群体发病"", ""target_disease"": ""猪葡萄球菌病"", ""local_flags"": {""species_ok"": true, ""target_disease_in_diagnosis"": true, ""target_disease_mismatch"": false, ""contains_specific_dose"": false, ""contains_specific_withdrawal"": false, ""regulated_bad_treatment"": false}}",False,False,,,True,False,False,D:\XF-ChongQin\ai-\knowledge\llm_wiki_swine_authoritative,1465,887,"猪葡萄球菌病
猪葡萄球菌病、staphylococcosis exudative epidermitis
保育猪群体发病
群体发病、采食下降、粪便或呼吸道异常，用户想知道主要病因和下一步处理。","{""HUMAN_REVIEWED"": 3, ""NEEDS_REVIEW"": 2}","[""SRC-0001"", ""SRC-0006"", ""SRC-0026"", ""SRC-0036"", ""SRC-0074""]",2105,28.22,ERNIE-4.5-Turbo-32K,88,28,18,23,20,False,True,"整体回答质量较高，诊断准确性、病理逻辑、处方安全性和数据质量均表现良好，无明显致命风险，符合通过标准。
问题：诊断准确性方面，虽然临床表现和环境因素支持猪葡萄球菌病的诊断，但未完全排除其他细菌性皮肤病及寄生虫感染的可能性，诊断依据略显不足。；病理逻辑方面，对疾病发生机制的阐述不够深入，如皮肤屏障受损、应激条件等具体因素与疾病发生的直接关联未详细说明。；处方安全性方面，虽然提出了抗菌治疗和环境改善的建议，但未明确具体药物及剂量，可能影响实际操作的准确性。；数据质量方面，风险标志的提及较为全面，但对人畜接触传播风险（尤其LA-MRSA）的详细防控措施未给出具体建议。",hunyuan-turbos-20250926,85,8,7,9,8,False,False,回答整体结构完整，诊断思路合理，考虑了环境诱因并提示了鉴别诊断，处理方案涵盖隔离、环境改善、采样送检和安全边界，无违规用药或危险建议。但诊断依据可更充分，病理机制解释较浅，缺少对人畜共患风险的具体防控细节。,True,ERNIE-4.5-Turbo-32K,True,review,回答整体结构完整，诊断思路合理，考虑了环境诱因并提示了鉴别诊断，处理方案涵盖隔离、环境改善、采样送检和安全边界，无违规用药或危险建议。但诊断依据可更充分，病理机制解释较浅，缺少对人畜共患风险的具体防控细节，且未明确推荐抗菌药物类别，可能影响实际操作指导。,86.0,28,18,23,20,review,20.47,20.27,
b11b0972-5db2-52e3-b1a8-ed761f119f3e,56,猪结核病,swine_hunyuan_turbos,hunyuan-turbos-20250926,成功,,猪,我家有120头育肥猪，平均体重在80公斤左右，最近发现其中几头精神沉郁、食欲下降，体温38.9℃左右，咳嗽不明显，粪便正常，用了氟苯尼考和多西环素拌料7天，效果不明显，反而有几头消瘦加快。请问这种情况还能继续用这些药吗？还是另有原因？,根据描述，育肥猪出现慢性消耗性表现，常规抗生素治疗效果不佳，结合病史和用药反应，应考虑猪结核病等慢性细菌性感染的可能。该病多为亚临床感染，偶见轻度全身症状，常通过屠宰检疫发现。确诊需进行病理组织学检查和分枝杆菌培养或PCR检测。,treatment_direction: 不建议继续使用原方案药物，应停止常规抗生素治疗，防止耐药产生。；management_measures: 立即将可疑猪只与健康猪隔离饲养，减少人员、工具交叉接触；加强圈舍通风与清洁消毒，控制粉尘与气溶胶扩散；记录发病猪只编号、症状变化，为后续采样提供依据。；sampling_and_testing: 采集可疑猪只的淋巴结、肺脏或其他病变组织送实验室做病理切片染色及分枝杆菌分离培养或分子检测，明确是否为MTBC、MAC或其他Mycobacterium种。；prohibited_boundaries: 在未明确诊断前，严禁出售、转运或屠宰可疑猪只；禁止自行使用未经验证的抗结核药物，以免延误防控并增加公共卫生风险。,因未使用特定治疗药物且处于诊断阶段，无休药期概念；若后续确诊并按病原制定治疗方案，须严格遵循相应药物的停药期规定。,"{""disease_name"": ""猪结核病"", ""severity"": ""中等至严重（慢性消耗性疾病，可影响生产性能）"", ""scene_tags"": [""育肥猪"", ""慢性消耗"", ""抗生素无效"", ""潜在人兽共患风险""], ""validation_points"": [""症状符合亚临床或轻症结核特征"", ""常规抗生素疗效差提示非典型细菌感染"", ""需实验室确认病原种类""], ""risk_flags"": [""人兽共患风险"", ""潜在重大疫病管理边界"", ""不可随意用药""], ""case_type"": ""育肥猪用药咨询"", ""target_disease"": ""猪结核病"", ""local_flags"": {""species_ok"": true, ""target_disease_in_diagnosis"": true, ""target_disease_mismatch"": false, ""contains_specific_dose"": false, ""contains_specific_withdrawal"": false, ""regulated_bad_treatment"": false}}",False,False,,,True,False,False,D:\XF-ChongQin\ai-\knowledge\llm_wiki_swine_authoritative,1465,887,"猪结核病
猪结核病、tuberculosis
育肥猪用药咨询
育肥猪出现典型症状，用户已经用过常见药物但效果一般，询问是否继续用药。","{""HUMAN_REVIEWED"": 3, ""NEEDS_REVIEW"": 2}","[""SRC-0001"", ""SRC-0078""]",2104,26.17,ERNIE-4.5-Turbo-32K,88,28,18,23,20,False,True,"该回答在诊断准确性、病理逻辑、处方安全性和数据质量方面表现良好，整体符合猪结核病的诊断与处理要求，未发现致命风险。
问题：diagnosis_accuracy: 诊断部分未明确提及猪结核病的典型症状（如淋巴结肿大、慢性消瘦等），仅依赖抗生素无效推断，略显不足。；pathology_logic: 病理逻辑部分对猪结核病的传播途径和防控措施描述不够详细，缺乏对环境消毒具体方法的建议。；data_quality: 数据质量部分对用户查询的响应较为全面，但未提及猪结核病的潜伏期和流行病学特点，信息完整性稍欠。",hunyuan-turbos-20250926,85,8,8,10,8,False,False,该回答准确识别了猪结核病的可能性，并给出了合理的诊断思路和处理方向，强调了隔离、送检和避免随意用药的安全原则，无明显危险建议。但诊断依据可更充分，病理机制与防控细节可补充，流行病学背景信息不足。,True,ERNIE-4.5-Turbo-32K,True,review,该回答在诊断准确性、病理逻辑、处方安全性和数据质量方面表现较好，诊断方向合理，处置建议安全，但存在一些不足，如诊断部分未明确提及猪结核病的典型症状，病理逻辑中对传播途径和防控措施的描述不够详细，缺少流行病学背景信息，整体可参考但需补充完善。,86.0,28,18,23,20,review,16.48,18.89,
b0daaa81-afd9-54d0-b757-b421e43d6b48,83,猪丹毒,swine_hunyuan_turbos,hunyuan-turbos-20250926,成功,,猪,我家有120头育肥猪，平均体重70公斤左右，最近一周陆续有几头出现精神沉郁、体温升高到41℃以上，皮肤上有粉红色到紫色的菱形斑块，有的还有关节肿。之前用过阿莫西林拌料三天，效果不明显。想问问这种情况是不是猪丹毒？如果要送样检查，应该取哪些部位？怎么保存运输？另外怕误诊耽误病情，该怎么处理比较稳妥？,根据描述的发热、皮肤菱形红斑及关节肿胀等症状，高度怀疑为急性败血型猪丹毒。该病由革兰氏阳性杆菌引起，可通过血液和组织传播，易与A. suis败血症、沙门氏菌感染等疾病混淆，必须通过实验室检测确诊。,treatment_direction: 立即隔离发病猪，减少应激，改善通风与卫生条件，防止继发感染。；management_measures: 对全群加强观察，记录体温与症状变化；病死猪应无害化处理，严禁随意丢弃或食用。；sampling_and_testing: 采集发病猪的血液（抗凝）、脾脏、肝脏、皮肤病变组织，置于无菌容器中冷藏运送至具备资质的兽医实验室进行细菌培养、PCR检测及血清学鉴定。；prohibited_actions: 在未确诊前禁止盲目使用抗生素覆盖性治疗，以免掩盖症状延误诊断；禁止将可疑病例与健康猪混养。,因未确定最终用药方案，暂无法给出确切休药期建议，须依据实验室结果及兽医处方执行。,"{""disease_name"": ""猪丹毒"", ""severity"": ""高"", ""scene_tags"": [""育肥猪"", ""高热"", ""皮肤菱形斑"", ""关节肿"", ""抗生素治疗无效""], ""validation_points"": [""症状符合急性败血型猪丹毒典型表现"", ""存在与其他败血症性疾病（如A. suis）的鉴别必要"", ""强调实验室确诊的重要性""], ""risk_flags"": [""需实验室确诊以防误诊"", ""潜在群发风险"", ""需按重大动物疫病管理流程处置""], ""case_type"": ""采样送检咨询"", ""target_disease"": ""猪丹毒"", ""local_flags"": {""species_ok"": true, ""target_disease_in_diagnosis"": true, ""target_disease_mismatch"": false, ""contains_specific_dose"": false, ""contains_specific_withdrawal"": false, ""regulated_bad_treatment"": false}}",False,False,,,True,False,False,D:\XF-ChongQin\ai-\knowledge\llm_wiki_swine_authoritative,1465,887,"猪丹毒
猪丹毒、erysipelas
采样送检咨询
用户描述症状后，重点询问采什么样品、如何判断和如何避免误治。","{""HUMAN_REVIEWED"": 4}","[""SRC-0001"", ""SRC-0058"", ""SRC-0065""]",2221,32.16,ERNIE-4.5-Turbo-32K,88,28,18,23,20,False,True,"整体回答质量较高，诊断准确性、病理逻辑、处方安全性和数据质量均表现良好，无明显致命风险。诊断准确描述了猪丹毒的典型症状，并强调了实验室确诊的重要性。病理逻辑清晰，考虑了与其他败血症性疾病的鉴别。处方安全，提出了隔离、改善环境、无害化处理等合理措施，并强调了禁止盲目使用抗生素。数据质量方面，症状描述详细，场景标签和验证点合理。
问题：diagnosis_accuracy: 诊断部分虽然描述了猪丹毒的典型症状，但未明确提及与其他疾病的鉴别诊断方法，仅提到‘易与A. suis败血症、沙门氏菌感染等疾病混淆’，缺乏具体鉴别点。；pathology_logic: 病理逻辑部分对猪丹毒的传播途径和病理机制的描述较为简略，未深入解释症状与疾病之间的因果关系。；prescription_safety: 处方安全部分虽然提出了合理的处理措施，但未明确提及针对猪丹毒的具体治疗方案（如使用何种抗生素），仅强调了禁止盲目使用抗生素。；data_quality: 数据质量部分的症状描述和场景标签较为详细，但验证点中‘症状符合急性败血型猪丹毒典型表现’略显主观，缺乏客观数据支持。",hunyuan-turbos-20250926,85,8,7,9,8,False,False,该数据整体真实可信，用户提问基于实际养殖场景，症状描述与猪丹毒典型特征相符，诊断思路正确且强调实验室确诊，避免误诊。处方建议包含隔离、无害化处理和采样送检，安全性高，无危险用药建议。不足之处在于鉴别诊断不够细化，病理机制阐述较浅，未提供针对性治疗方案细节，部分结论依赖主观判断。,True,ERNIE-4.5-Turbo-32K,partially,review,诊断部分准确描述了猪丹毒的典型症状，并强调了实验室确诊的重要性，但缺乏与其他疾病的具体鉴别诊断方法，病理机制解释不够深入。处方部分提出了合理的隔离、环境改善、无害化处理和采样送检建议，安全性高，但未提供针对猪丹毒的具体治疗方案细节，如推荐抗生素类别。整体回答质量较高，无明显致命风险，但存在轻微不足，需补充鉴别诊断要点、病理机制说明和治疗方向提示。,86.0,28,18,23,20,review,24.31,19.91,
91e70e49-18e9-5c82-bbb5-d681cc3497e6,88,猪疥螨病,swine_hunyuan_turbos,hunyuan-turbos-20250926,成功,,猪,我家有120头育肥猪，平均体重在60公斤左右，最近发现部分猪耳朵边缘、颈部和背部出现红疹、结痂，还特别爱蹭墙和栏杆，抓痒很厉害。这种情况已经持续了十来天，之前没用过驱虫药，圈舍是水泥地面，通风一般，湿度偏高。我想问下是不是要全群一起治？环境要不要彻底清理？以后怎么复查才能确定好了？,根据描述，考虑为猪疥螨病可能性大。该病常表现为剧烈瘙痒、皮肤丘疹、红斑、结痂及角化过度，尤其见于耳缘、颈背等部位。由于皮肤刮片检查存在假阴性，应结合临床表现和群体发病情况综合判断。,treatment_direction: 对出现明显症状的猪进行针对性驱虫治疗，同时建议全群预防性处理以减少复发和传播风险。；management_measures: 加强圈舍清洁消毒，清除粪污和痂皮，保持干燥通风，减少应激；新引进猪只需隔离观察并做健康检查后再混群。；sampling_and_testing: 可在病变部位采集皮肤刮片送实验室镜检，必要时重复取样以提高检出率；同时监测群体瘙痒行为和皮肤病变改善情况。；prohibited_boundaries: 严禁使用未经批准的兽药或未经验证的民间偏方；若怀疑其他烈性传染病，应按重大动物疫病处置流程上报。,具体休药期和停药时间须依据所用合法批准药物的说明书及当地监管要求执行，不可自行缩短。,"{""disease_name"": ""猪疥螨病"", ""severity"": ""中等"", ""scene_tags"": [""育肥猪"", ""瘙痒"", ""皮肤病变"", ""圈舍潮湿""], ""validation_points"": [""症状符合疥螨病特征（瘙痒、红斑、结痂）"", ""群体中有多例相似表现支持传染性判断"", ""环境因素（高湿、通风差）有利于疥螨生存""], ""risk_flags"": [""可能存在假阴性刮片结果，需要结合临床判断"", ""圈舍环境若不改善易反复感染"", ""未规范用药可能导致耐药或残留问题""], ""case_type"": ""驱虫和环境管理"", ""target_disease"": ""猪疥螨病"", ""local_flags"": {""species_ok"": true, ""target_disease_in_diagnosis"": true, ""target_disease_mismatch"": false, ""contains_specific_dose"": false, ""contains_specific_withdrawal"": false, ""regulated_bad_treatment"": false}}",False,False,,,True,False,False,D:\XF-ChongQin\ai-\knowledge\llm_wiki_swine_authoritative,1465,887,"猪疥螨病
猪疥螨病、external parasites mange
驱虫和环境管理
用户询问是否需要全群处理、环境清理和复查方式。","{""HUMAN_REVIEWED"": 4}","[""SRC-0001"", ""SRC-0080"", ""SRC-0082""]",2221,32.13,ERNIE-4.5-Turbo-32K,88,28,18,23,20,False,True,"整体回答质量较高，诊断准确性、病理逻辑、处方安全性和数据质量均表现良好，无明显致命风险。诊断准确结合了临床表现和群体发病情况，处方安全且考虑了全群预防和环境管理，数据质量较高，提供了详细的场景标签和验证点。
问题：诊断准确性方面，虽然结合了临床表现和群体发病情况，但未提及皮肤刮片检查的具体操作或替代方案，可能影响诊断的全面性。；病理逻辑方面，对疥螨病的病理机制解释不够深入，如疥螨的生活史、传播途径等。；处方安全性方面，虽然提到了严禁使用未经批准的兽药或未经验证的民间偏方，但未具体说明推荐使用的驱虫药物种类和剂量。；数据质量方面，虽然提供了详细的场景标签和验证点，但风险标志中提到的假阴性刮片结果、环境改善和规范用药问题，未在回答中给出具体的解决措施或建议。",hunyuan-turbos-20250926,85,90,80,85,85,False,False,该回答整体结构合理，诊断基于典型临床症状并结合群体发病背景，符合猪疥螨病的临床特征；处方方向包含个体+全群防治、环境管理和隔离检疫等措施，安全提示到位，未出现危险建议；数据质量较好，场景信息完整。不足之处在于缺乏更详细的病原学检测方法和生活史解释，以及未明确驱虫药物类别，仅笼统提及‘驱虫’可能降低可操作性。,True,ERNIE-4.5-Turbo-32K,partially,review,整体回答质量较高，诊断结合了临床表现和群体发病情况，处方方向安全且考虑了全群预防和环境管理。但存在一些不足，如未详细说明皮肤刮片采样方法或其他确诊手段，缺乏对疥螨生活史、传播方式的详细解释，处方中未指明推荐的驱虫药物种类，以及未提供针对假阴性和环境改善的具体改进措施。这些不足影响了回答的全面性和可操作性，但整体方向正确，可参考性较强。,86.0,28,18,23,20,review,23.05,24.11,
c8412a7f-a077-5f44-867c-e546e44bdc32,102,猪丝状病毒相关感染,swine_hunyuan_turbos,hunyuan-turbos-20250926,成功,,猪,我家有200头80公斤左右的育肥猪，已经养了快5个月，最近几天有几头出现精神沉郁、食欲下降、体温升高到40℃左右，个别猪呼吸急促，粪便偏稀。之前用过一些退烧消炎药，效果不明显。现在离计划出栏还有20天，想问问这种情况还能治吗？会不会影响卖猪？,根据描述的症状（高热、精神沉郁、食欲减退、呼吸加快、腹泻），结合当前为育肥阶段且临近出栏，需高度警惕重大病毒性传染病的可能，包括猪丝状病毒相关感染在内的多种高致病性病毒病。由于该病在中国监管状态尚待官方确认，不能直接作为确诊依据，但应视为高风险情况处理。,立即将发病猪与健康猪严格隔离，暂停转群和出售；采集血液、组织等样本送具备资质的实验室进行病原学检测（PCR、ELISA等）；对全群加强生物安全措施，减少人员、车辆、器具交叉接触；禁止随意使用抗生素或抗病毒药物掩盖病情；如检测结果排除法定重大疫病，可在兽医指导下对症支持治疗并延长观察期；若检出法定重大疫病，则按《重大动物疫情应急条例》执行封锁、扑杀、无害化处理等措施，严禁私自销售。,因涉及重大疫病风险，在未经实验室确诊及主管部门批准前，不得出栏销售；即使非重大疫病，也应根据所用药物说明及兽医建议确定安全休药期后方可上市。,"{""disease_name"": ""猪丝状病毒相关感染"", ""severity"": ""高"", ""scene_tags"": [""育肥猪"", ""临近出栏"", ""高热"", ""腹泻"", ""呼吸异常""], ""validation_points"": [""症状符合高致病性病毒感染特征"", ""临近出栏增加经济损失压力"", ""存在重大疫病传播风险""], ""risk_flags"": [""重大动物疫病风险"", ""人兽共患潜在风险（需进一步核实）"", ""跨区域传播风险""], ""case_type"": ""上市休药期咨询"", ""target_disease"": ""猪丝状病毒相关感染"", ""local_flags"": {""species_ok"": true, ""target_disease_in_diagnosis"": true, ""target_disease_mismatch"": false, ""contains_specific_dose"": false, ""contains_specific_withdrawal"": false, ""regulated_bad_treatment"": false}}",False,False,,,True,False,False,D:\XF-ChongQin\ai-\knowledge\llm_wiki_swine_authoritative,1465,887,"猪丝状病毒相关感染
猪丝状病毒相关感染、filoviruses reston ebolavirus zaire ebolavirus
上市休药期咨询
用户接近出栏，关心治疗方向和用药后能否出栏销售。","{""NEEDS_REVIEW"": 5}","[""SRC-0001""]",2058,26.31,ERNIE-4.5-Turbo-32K,88,28,18,24,18,False,True,"整体回答较为全面，诊断方向合理，考虑到了重大疫病风险，处理建议安全且符合规范，但在诊断逻辑的严谨性和数据质量方面还有提升空间。
问题：诊断逻辑方面，虽然考虑到了重大疫病风险，但对于猪丝状病毒相关感染的针对性诊断依据不够充分，仅基于症状描述，缺乏更具体的鉴别诊断分析。；数据质量方面，对于症状的描述和疾病特征的关联性分析不够深入，没有详细说明症状与猪丝状病毒相关感染的典型症状之间的相似度和差异点。",hunyuan-turbos-20250926,85,75,78,90,80,False,False,该回答充分考虑了重大疫病和人兽共患病的风险，隔离、送检、生物安全等措施得当，未给出具体药物或剂量，避免了用药误导。诊断部分虽提示了高风险，但对猪丝状病毒相关感染的特异性证据不足，缺少与其他类似症状的鉴别分析，导致诊断逻辑略显笼统。,True,ERNIE-4.5-Turbo-32K,True,review,整体回答较为全面，诊断方向合理，考虑到了重大疫病风险，处理建议安全且符合规范。但诊断逻辑的严谨性存在不足，对猪丝状病毒相关感染的针对性诊断依据不够充分，仅基于症状描述，缺乏更具体的鉴别诊断分析，症状与疾病特征的关联性分析不够深入。,86.0,28,18,24,18,review,16.57,18.02,
77eb295e-c053-588d-a06f-8601c0fedb77,109,猪流感,swine_hunyuan_turbos,hunyuan-turbos-20250926,成功,,猪,我这边是河南一个200头规模的育肥场，这批猪现在60多斤，最近两天有几头开始咳嗽、喘气，体温摸着有点高，吃料也慢了，今天发现同栏里又有几头类似情况，想问问是不是感冒还是别的毛病？要不要整批打针？,根据描述，育肥猪出现咳嗽、喘气、发热及采食下降，符合猪流感等病毒性呼吸道病的临床表现。该病由甲型流感病毒引起，主要侵害呼吸道，可在猪群中快速传播。需结合流行病学史、临床症状及实验室检测进一步确诊。,treatment_direction: 目前无特效抗病毒药物，以支持疗法为主，包括改善饲养环境、补充营养、缓解继发感染。；management_measures: 立即将病猪与健康猪分群管理，减少应激，提高舍内温度以改善体感舒适度；保证饮水充足，饲料易消化；加强通风换气，降低氨气浓度。；sampling_and_testing: 采集鼻拭子、咽拭子或肺组织送实验室进行RT-PCR检测，必要时做病毒分离和测序，明确是否为猪流感及毒株类型。；prohibited_boundaries: 禁止在未确诊前随意使用广谱抗生素预防；禁止隐瞒疫情信息；若怀疑为重大动物疫病，应立即向当地动物防疫部门报告，不得擅自处置。,因无特定药物治疗，不涉及常规休药期；如后续使用抗生素控制继发感染，应遵守相应药物的停药期规定。,"{""disease_name"": ""猪流感"", ""severity"": ""中等偏上"", ""scene_tags"": [""育肥猪"", ""群体呼吸道症状"", ""发热"", ""采食下降""], ""validation_points"": [""症状与猪流感典型表现一致"", ""需通过实验室检测排除其他呼吸道病原体"", ""管理上强调分群与环境调控""], ""risk_flags"": [""潜在人畜共患风险（需结合流行病学调查）"", ""存在快速传播风险""], ""case_type"": ""呼吸道群体发病"", ""target_disease"": ""猪流感"", ""local_flags"": {""species_ok"": true, ""target_disease_in_diagnosis"": true, ""target_disease_mismatch"": false, ""contains_specific_dose"": false, ""contains_specific_withdrawal"": false, ""regulated_bad_treatment"": false}}",False,False,,,True,False,False,D:\XF-ChongQin\ai-\knowledge\llm_wiki_swine_authoritative,1465,887,"猪流感
猪流感、influenza viruses
呼吸道群体发病
同栏出现咳嗽、喘气、发热、采食下降，用户想判断病因和是否需要全群用药。","{""HUMAN_REVIEWED"": 4}","[""SRC-0001"", ""SRC-0006"", ""SRC-0042"", ""SRC-0043""]",2221,33.04,ERNIE-4.5-Turbo-32K,88,28,18,23,20,False,True,"该回答整体表现良好，诊断准确性较高，症状与疾病匹配合理，诊断逻辑清晰，处理方向安全且与疾病相互印证。数据质量方面，信息完整且无明显错误。未发现致命风险。
问题：诊断准确性方面，虽然症状与猪流感匹配，但未完全利用所有提供的信息（如流行病学史）进行更深入的分析，因此扣2分。；病理逻辑方面，回答中未详细解释猪流感的具体病理过程，如病毒如何侵害呼吸道等，因此扣2分。；处方安全方面，整体处理方向安全，但未明确提及在何种情况下应使用抗生素控制继发感染，略显不足，扣2分。；数据质量方面，虽然信息完整，但部分内容（如风险标志）的描述可以更加具体和详细，扣5分（考虑到整体质量较高，扣分较少）。",hunyuan-turbos-20250926,85,90,88,90,85,False,False,该回答对猪流感的诊断准确，症状与疾病匹配度高，处理方案科学且包含必要的生物安全措施，未发现危险建议。不足之处在于未充分利用提供的流行病学信息深入分析，病理机制说明不够细致，抗生素使用指征未明确，以及部分风险提示可更具体。,True,ERNIE-4.5-Turbo-32K,partially,review,诊断准确性较高，症状与疾病匹配合理，处理方向安全且与疾病相互印证。但存在一些不足，如未充分利用流行病学信息深入分析，病理机制说明不够细致，抗生素使用指征未明确说明，风险提示可更细化，因此判为review。,86.0,28,18,23,20,review,25.02,15.97,
cf5b38c1-6f28-52ad-b52c-cda655399692,111,猪细小病毒病,swine_hunyuan_turbos,hunyuan-turbos-20250926,成功,,猪,我这边是200头基础母猪的种猪场，最近一个月陆续有怀孕80多天的母猪流产，还有几头产下木乃伊胎，个别母猪发情不规律，有的公猪精液活力下降。之前没用过疫苗，场内通风一般，温度波动大。想问问这是不是传染病？还能不能继续配种？,根据描述，怀孕中期流产、木乃伊胎及公猪精液质量下降提示存在病毒性繁殖障碍，结合病史考虑猪细小病毒病（PPV1）可能性较大，需排除伪狂犬病、乙脑等其他因素。建议进行实验室检测确诊。,treatment_direction: 目前无特效抗病毒药物，主要采取支持性管理和防控继发感染措施。；management_measures: 立即隔离发病母猪，暂停配种计划，防止病原扩散。；加强圈舍卫生，保持干燥通风，减少温差应激。；对全场母猪进行血清学筛查，确定免疫状态和感染情况。；在兽医指导下制定疫苗接种方案，优先保护后备母猪和空怀母猪。；sampling_and_testing: 采集流产胎儿组织、胎盘及血液样本送实验室检测PPV1抗原或抗体。；必要时同步检测伪狂犬、乙脑等其他繁殖障碍病原。；prohibited_actions: 禁止将疑似感染母猪转入健康群或出售。；禁止使用未经批准的兽药或疫苗。；在未明确病原前，不应贸然引入新种源。,本病为病毒性感染，无特定休药期概念，但应在康复且检测结果阴性后再投入生产。,"{""disease_name"": ""猪细小病毒病"", ""severity"": ""中等偏重，可导致繁殖力显著下降"", ""scene_tags"": [""种猪场"", ""繁殖障碍"", ""流产"", ""木乃伊胎"", ""公猪精液异常""], ""validation_points"": [""怀孕中期流产符合PPV1特征"", ""木乃伊胎常见于PPV1感染"", ""公猪精液质量下降可伴随PPV1感染""], ""risk_flags"": [""可能为人畜共患病以外的重大动物疫病风险"", ""存在场内持续传播风险""], ""case_type"": ""种猪繁殖障碍"", ""target_disease"": ""猪细小病毒病"", ""local_flags"": {""species_ok"": true, ""target_disease_in_diagnosis"": true, ""target_disease_mismatch"": false, ""contains_specific_dose"": false, ""contains_specific_withdrawal"": false, ""regulated_bad_treatment"": false}}",False,False,,,True,False,False,D:\XF-ChongQin\ai-\knowledge\llm_wiki_swine_authoritative,1465,887,"猪细小病毒病
猪细小病毒病、parvoviruses
种猪繁殖障碍
种猪场出现流产、死胎、返情或公猪异常，用户担心传染病和是否继续配种。","{""HUMAN_REVIEWED"": 3, ""NEEDS_REVIEW"": 2}","[""A0-MOA-573"", ""SRC-0001"", ""SRC-0045""]",2087,30.01,ERNIE-4.5-Turbo-32K,88,28,18,23,20,False,True,"整体回答质量较高，诊断方向准确，处理措施合理，数据质量较好，无明显致命风险。
问题：诊断准确性方面，虽然考虑了猪细小病毒病，但对伪狂犬病、乙脑等其他因素的排除依据不够充分，仅建议实验室检测，未提供初步鉴别要点。；病理逻辑方面，对公猪精液质量下降与猪细小病毒病的关联性解释不够深入，缺乏病理机制说明。；处方安全性方面，管理措施较为全面，但未明确提及对继发感染的具体防控药物或方案。；数据质量方面，场景标签和验证点较为全面，但风险标志中“可能为人畜共患病以外的重大动物疫病风险”表述不够明确，易产生歧义。",hunyuan-turbos-20250926,85,8.5,8,9,8.5,False,False,回答整体结构完整，诊断方向正确，针对猪细小病毒病的典型症状（中期流产、木乃伊胎、公猪精液异常）进行了合理推断，并提出了必要的实验室检测和隔离管理建议。管理措施涵盖生物安全和防疫流程，未见明显危险建议。不足之处在于鉴别诊断部分缺少初步区分要点，对公猪精液下降与PPV关联的机制解释不足，以及继发感染防控细节缺失。,True,ERNIE-4.5-Turbo-32K,True,review,回答整体结构完整，诊断方向正确，针对猪细小病毒病的典型症状进行了合理推断，并提出了必要的实验室检测和隔离管理建议。管理措施涵盖生物安全和防疫流程，未见明显危险建议。不足之处在于鉴别诊断部分缺少初步区分要点，对公猪精液下降与PPV关联的机制解释不足，以及继发感染防控细节缺失。,86.0,28,18,23,20,review,20.84,20.15,
e679e58b-207c-51a3-bdc6-c0cf14269d86,114,猪痘,swine_hunyuan_turbos,hunyuan-turbos-20250926,成功,,猪,我家有120头90公斤左右的育肥猪，这几天有几头出现背部和耳部皮肤上有黄白色小脓疱，有的破溃结痂，精神食欲还行，体温正常，圈舍通风一般，之前没用过什么药。现在快到出栏时间了，这种情况还能治吗？会不会影响卖猪？,根据描述，考虑为猪痘病毒感染。该病多见于育肥阶段，由猪痘病毒引起，常因圈舍卫生条件较差而诱发，典型表现为局部皮肤脓疱、结痂，全身症状较轻。可通过临床外观及流行病学特征初步判断，确诊需实验室检测。,治疗方向以支持疗法为主，保持圈舍清洁干燥，减少应激，防止继发细菌感染；对病灶可用温和消毒剂清洗并涂抹保护剂。管理措施包括加强通风、定期清理粪便、改善饮水卫生。建议采集典型病变组织送实验室进行病原学确认。注意：本病为人畜共患病风险极低，但仍应避免直接接触破损皮肤以防感染。禁止使用未经批准的兽药或人用药物替代治疗。如怀疑重大疫病，应立即向当地畜牧兽医部门报告并按其指导处置。,由于采用支持疗法且未使用化学药物，理论上无特定休药期问题，但若使用任何经批准的治疗药物，应严格遵循该药品标签规定的休药期和停药观察期，并在出栏前确保符合食品安全要求。,"{""disease_name"": ""猪痘"", ""severity"": ""轻症至中等"", ""scene_tags"": [""育肥猪"", ""皮肤病变"", ""临近出栏"", ""卫生条件差""], ""validation_points"": [""症状与猪痘典型表现一致"", ""无明显全身中毒症状，符合猪痘特点"", ""管理因素与发病相关""], ""risk_flags"": [""临近出栏需关注食品安全与休药期"", ""需排除其他皮肤病或混合感染""], ""case_type"": ""上市休药期咨询"", ""target_disease"": ""猪痘"", ""local_flags"": {""species_ok"": true, ""target_disease_in_diagnosis"": true, ""target_disease_mismatch"": false, ""contains_specific_dose"": false, ""contains_specific_withdrawal"": false, ""regulated_bad_treatment"": false}}",False,False,,,True,False,False,D:\XF-ChongQin\ai-\knowledge\llm_wiki_swine_authoritative,1465,887,"猪痘
猪痘、swinepox virus
上市休药期咨询
用户接近出栏，关心治疗方向和用药后能否出栏销售。","{""HUMAN_"": 1, ""HUMAN_REVIEWED"": 3}","[""SRC-0001"", ""SRC-0012"", ""SRC-0015"", ""SRC-0051""]",2221,26.09,ERNIE-4.5-Turbo-32K,88,28,18,24,18,False,True,"整体回答质量较高，诊断准确性、处方安全性和逻辑性均表现良好，数据质量基本满足要求，无明显致命风险。
问题：诊断准确性方面，虽然症状描述与猪痘典型表现一致，但未提及实验室确诊的必要性，仅作为建议，略显不足。；病理逻辑方面，对管理因素与发病关系的阐述较为简略，可进一步细化。；数据质量方面，风险标识部分对临近出栏的关注点描述较为笼统，可增加具体建议。；休药期说明虽提及遵循药品标签规定，但未给出具体指导或常见药物休药期示例，略显不足。",hunyuan-turbos-20250926,85,4.5,4.3,4.8,4.2,False,False,回答总体准确，诊断与症状匹配度高，处方以非药物支持疗法为主，安全性好，并提示避免人用药物及上报重大疫情的风险意识。但缺乏更明确的实验室确诊强调，管理因素分析较浅，临近出栏的安全建议不够具体，休药期说明偏泛化。,True,ERNIE-4.5-Turbo-32K,partially,review,回答整体质量较高，诊断与症状匹配，处方安全性好，但存在一些不足。诊断部分未明确强调实验室确诊的重要性，仅靠临床判断可能遗漏其他皮肤病；对圈舍管理与发病关系的解释过于简单，缺少细节支撑；临近出栏场景下的风险控制措施不够具体；休药期说明停留在原则层面，没有结合常见支持疗法药物的参考信息。这些问题使得回答虽可参考，但需进一步完善。,86.0,28,18,24,18,review,17.28,21.63,
b629288d-061c-5e3e-8982-ba3cc9c63517,134,猪蛔虫病,swine_hunyuan_turbos,hunyuan-turbos-20250926,成功,,猪,我家有200头左右育肥猪，平均体重70公斤左右，最近有几头出现食欲下降、拉稀，粪便里能看到蛔虫成虫，还有几头精神差。圈舍是水泥地面，平时清粪比较勤，但饲料偶尔会撒到地上被猪拱来拱去。想问这种情况是不是要全群驱虫？环境怎么处理？多久后再检查一次合适？,根据描述，结合粪便可见成虫及部分猪精神沉郁、腹泻，高度怀疑为猪蛔虫病（Ascaris suum）。该病在育肥猪阶段较常见，可通过剖检小肠发现成虫确诊，也可通过粪便漂浮法检出虫卵进行辅助诊断。若剖检见肝脏表面散在白色斑点（milk spots），需注意与肾虫移行所致病变鉴别。,treatment_direction: 建议全群实施驱虫措施，同时加强饲养管理与环境卫生。；management_measures: 及时清除粪便并集中无害化处理，减少饲料落地污染；保持圈舍干燥通风，定期冲洗消毒；防止猪只接触被污染的垫料或水源。；sampling_and_testing: 可在驱虫前后分别采集粪便样本进行虫卵检测，评估驱虫效果；必要时对病死猪进行剖检，观察小肠成虫数量及肝脏病变情况。；prohibited_boundaries: 严禁使用未经批准的驱虫药物或超范围用药；禁止将病猪与健康猪混养；发现严重感染或疑似其他传染病时，应立即隔离并联系当地畜牧兽医部门。,具体休药期和停药时间应依据所用驱虫药物的说明书及国家相关规定执行，建议在兽医指导下确定。,"{""disease_name"": ""猪蛔虫病"", ""severity"": ""中等"", ""scene_tags"": [""育肥猪"", ""全群感染风险"", ""环境管理""], ""validation_points"": [""粪便可见成虫提示高感染率"", ""水泥地面虽易清洁但仍需防二次污染"", ""全群驱虫与环境治理同步可降低复发""], ""risk_flags"": [""蛔虫感染可能影响疫苗免疫应答和生产性能"", ""若伴发其他病原感染，病情可能加重""], ""case_type"": ""驱虫和环境管理"", ""target_disease"": ""猪蛔虫病"", ""local_flags"": {""species_ok"": true, ""target_disease_in_diagnosis"": true, ""target_disease_mismatch"": false, ""contains_specific_dose"": false, ""contains_specific_withdrawal"": false, ""regulated_bad_treatment"": false}}",False,False,,,True,False,False,D:\XF-ChongQin\ai-\knowledge\llm_wiki_swine_authoritative,1465,887,"猪蛔虫病
猪蛔虫病、ascaris suum internal parasites
驱虫和环境管理
用户询问是否需要全群处理、环境清理和复查方式。","{""HUMAN_REVIEWED"": 3, ""NEEDS_REVIEW"": 2}","[""SRC-0001"", ""SRC-0026"", ""SRC-0082""]",2091,27.88,ERNIE-4.5-Turbo-32K,88,28,18,23,20,False,True,"该回答对猪蛔虫病的诊断准确，结合症状和粪便检查进行了合理推断，并提出了全群驱虫和环境管理的建议。诊断逻辑清晰，考虑到了鉴别诊断和辅助诊断方法。处方安全，未使用未经批准的药物，并强调了兽医指导的重要性。数据质量较高，提供了详细的场景标签和验证点。
问题：诊断准确性方面，虽然诊断合理，但未提及具体的诊断试验或更详细的诊断流程，略显不足。病理逻辑上，对鉴别诊断的描述可以更详细一些，比如具体说明肾虫移行所致病变与猪蛔虫病的区别。处方安全上，虽然强调了兽医指导，但未给出具体的驱虫药物选择建议。数据质量上，风险标志的描述可以更具体一些，比如明确蛔虫感染如何影响疫苗免疫应答。",hunyuan-turbos-20250926,85,90,85,90,80,False,False,该数据场景真实，用户描述的育肥猪群体、症状（食欲下降、腹泻、粪便中可见成虫）与猪蛔虫病高度吻合，诊断推理合理且考虑了鉴别诊断。处方方向正确，强调全群驱虫与环境管理，并提示兽医指导和合规用药，无危险建议。不足之处在于诊断细节可更完整，如补充常用诊断方法的操作要点；病理鉴别可进一步细化；风险提醒可更具体。整体符合训练数据质量要求。,True,ERNIE-4.5-Turbo-32K,True,review,该回答对猪蛔虫病的诊断准确，结合症状和粪便检查进行了合理推断，并提出了全群驱虫和环境管理的建议。诊断逻辑清晰，考虑到了鉴别诊断和辅助诊断方法。处方安全，未使用未经批准的药物，并强调了兽医指导的重要性。但诊断部分缺少具体诊断试验的操作细节，鉴别诊断中对肾虫移行病变与猪蛔虫病的差异描述不够细致，处方中未提供驱虫药物类别的参考方向，风险提醒可更具体化。,86.0,28,18,23,20,review,18.33,19.28,
68c458db-c166-5c58-be4c-8f8733060b67,135,猪鞭虫病,swine_hunyuan_turbos,hunyuan-turbos-20250926,成功,,猪,我家有120头60日龄左右的保育猪，最近半个月陆续出现拉稀、精神差、毛色发暗、个别猪皮肤有点粗糙结痂，采食量下降，体重增长慢。圈舍比较潮湿，之前用过一次伊维菌素驱虫，但效果不明显。想问问是不是鞭虫引起的？该怎么处理？,根据描述，保育猪在潮湿环境中出现慢性腹泻、消瘦、毛色变差及部分皮肤异常，结合曾用伊维菌素驱虫效果不佳的情况，考虑猪鞭虫病（Trichuris suis）可能性较大。该病由寄生于盲肠和结肠的鞭虫引起，重度感染可致结肠炎、营养吸收障碍，并因长期消耗导致体质下降，部分猪可能出现继发皮肤问题。确诊需采集粪便镜检找典型鞭虫卵或剖检观察盲肠黏膜病变。,treatment_direction: 选用对鞭虫有效的广谱驱虫药（如芬苯达唑类），按说明投喂，必要时配合改善饲料消化率的药物辅助恢复。；management_measures: 加强圈舍通风干燥，减少粪尿堆积，定期清理消毒饮水槽和料槽，防止重复感染。；sampling_and_testing: 采集新鲜粪便做漂浮法检查虫卵，必要时剖检病死猪取盲肠黏膜观察虫体附着情况，送实验室鉴定。；prohibited_boundaries: 严禁使用未经批准的兽药或超范围药物，若检出高感染率且伴随严重死亡，应报告当地畜牧兽医部门进行流行病学调查。,驱虫药物使用后应按说明书执行相应停药期，确保猪肉安全上市。,"{""disease_name"": ""猪鞭虫病"", ""severity"": ""中等偏重"", ""scene_tags"": [""保育猪"", ""慢性腹泻"", ""消瘦"", ""皮肤异常"", ""潮湿环境""], ""validation_points"": [""鞭虫寄生于盲肠和结肠，可引起结肠炎和腹泻"", ""粪便镜检发现典型虫卵是重要诊断依据"", ""管理上需改善圈舍卫生以减少再感染""], ""risk_flags"": [""群体感染风险高"", ""可能影响生长性能"", ""存在传播扩散隐患""], ""case_type"": ""寄生虫群体发病"", ""target_disease"": ""猪鞭虫病"", ""local_flags"": {""species_ok"": true, ""target_disease_in_diagnosis"": true, ""target_disease_mismatch"": false, ""contains_specific_dose"": false, ""contains_specific_withdrawal"": false, ""regulated_bad_treatment"": false}}",False,False,,,True,False,False,D:\XF-ChongQin\ai-\knowledge\llm_wiki_swine_authoritative,1465,887,"猪鞭虫病
猪鞭虫病、trichuris suis internal parasites
寄生虫群体发病
猪群出现腹泻、消瘦、皮肤瘙痒或生长慢，用户怀疑寄生虫。","{""HUMAN_REVIEWED"": 2, ""NEEDS_REVIEW"": 2}","[""SRC-0001"", ""SRC-0082""]",2221,29.62,ERNIE-4.5-Turbo-32K,88,28,18,23,20,False,True,"该回答整体表现良好，诊断方向合理，症状与疾病匹配度较高，治疗建议安全且符合疾病特点，数据质量较高，无明显致命风险。
问题：diagnosis_accuracy: 诊断依据中未明确提及鞭虫病的典型症状（如血便），仅依赖环境因素和驱虫效果不佳推断，略显不足。；pathology_logic: 病理逻辑部分对鞭虫病导致的结肠炎和营养吸收障碍的描述较笼统，缺乏具体机制说明。；data_quality: 数据质量中场景标签和验证点较全面，但风险标志中未提及人兽共患风险（虽鞭虫病人兽共患风险低，但应明确说明）。",hunyuan-turbos-20250926,85,80,82,90,88,True,False,回答整体结构完整，诊断思路基本合理，症状与环境条件支持鞭虫病的可能性，处理方案安全且包含必要的检测与管理措施，无直接危险建议。不足之处在于诊断依据缺少鞭虫病的典型特征（如血便），病理机制描述不够细致，且未明确说明人兽共患风险状态。,True,ERNIE-4.5-Turbo-32K,True,review,回答整体结构完整，诊断方向合理，症状与疾病匹配度较高，治疗建议安全且符合疾病特点。不足之处在于诊断依据缺少鞭虫病的典型特征（如血便），病理机制描述不够细致，且未明确说明人兽共患风险状态，但整体可参考，需补充细节。,86.0,28,18,23,20,review,18.12,20.25,
19d9d1f7-8dbc-5497-87c9-03ab42370422,148,猪流行性腹泻,swine_hunyuan_turbos,hunyuan-turbos-20250926,成功,,猪,我家有200头120公斤左右的育肥猪，还有10天就要出栏了，这几天陆续有几头开始拉水样稀粪，精神食欲还行，体温正常，圈舍通风一般，之前没用过什么药。这种情况还能卖吗？要怎么处理？会不会传染别的栏？,根据描述，考虑为猪流行性腹泻（PEDV）可能性大，该病在育肥阶段可表现为轻度至中度腹泻，传播快，但死亡率低。需结合实验室检测确诊。,立即将发病猪与健康猪严格分栏隔离，防止交叉感染；加强圈舍保温与通风，减少应激；对全群进行饮水酸化或电解质补充支持；采集新鲜粪便及病死猪小肠组织送实验室做PEDV核酸检测或IHC检测；若确诊为PEDV，应按当地动物疫病防控部门指导执行，严禁擅自出售未经检疫的生猪；禁止随意使用抗生素作为特效治疗，因本病为病毒性，无特效抗病毒药物。,如涉及药物治疗，须按药品说明书和国家规定执行休药期，并在出栏前确保符合检疫标准；PEDV本身无休药期概念，但疫情处置期间可能限制出栏。,"{""disease_name"": ""猪流行性腹泻"", ""severity"": ""中等"", ""scene_tags"": [""育肥猪"", ""临近出栏"", ""腹泻"", ""传染性""], ""validation_points"": [""症状与水样稀粪相符"", ""育肥阶段PEDV可表现轻症"", ""需实验室确诊"", ""隔离措施必要""], ""risk_flags"": [""具有传染性，需隔离管理"", ""临近出栏需关注检疫和销售限制"", ""非人兽共患病，无需公共卫生干预""], ""case_type"": ""腹泻出栏边界"", ""target_disease"": ""猪流行性腹泻"", ""local_flags"": {""species_ok"": true, ""target_disease_in_diagnosis"": true, ""target_disease_mismatch"": false, ""contains_specific_dose"": false, ""contains_specific_withdrawal"": false, ""regulated_bad_treatment"": false}}",False,False,,,True,False,False,D:\XF-ChongQin\ai-\knowledge\llm_wiki_swine_authoritative,1465,887,"猪流行性腹泻
猪流行性腹泻、porcine epidemic diarrhea virus、PED、PEDV
腹泻出栏边界
临近出栏猪群出现腹泻，用户关心处理方向、隔离和用药后能否销售。","{""HUMAN_REVIEWED"": 3, ""NEEDS_REVIEW"": 2}","[""A0-MOA-573"", ""A2-EFSA-PED-PDCOV-OPINION"", ""SRC-0001"", ""SRC-0037""]",2168,28.34,ERNIE-4.5-Turbo-32K,88,28,18,24,18,False,True,"该回答对猪流行性腹泻的诊断、处理方向和隔离措施进行了较为准确的描述，符合疾病特征和实际场景需求，未发现致命风险。
问题：诊断准确性方面，虽然考虑了猪流行性腹泻的可能性，但未充分排除其他类似症状疾病的可能性，如猪传染性胃肠炎等。；病理逻辑方面，对疾病的传播速度和影响范围的描述略显简单，未充分阐述其病理机制。；数据质量方面，虽然提供了基本的疾病信息和处理建议，但缺乏更详细的病例数据支持，如发病率、死亡率等。；处理建议中未明确提及对健康猪群的监测和预防措施。",hunyuan-turbos-20250926,85,8,8,9,7,False,False,回答准确识别了猪流行性腹泻（PEDV）的可能性，并给出了合理的隔离、监测、送检及防疫建议，避免了不当用药，强调了依法报告和检疫的重要性，符合重大疫病的安全边界要求。不足之处在于未充分排除其他相似症状的肠道传染病，且缺少对传播机制和健康猪群预防的详细解释。,True,ERNIE-4.5-Turbo-32K,partially,review,回答对猪流行性腹泻的诊断和处理方向基本准确，提供了合理的隔离、监测、送检及防疫建议，避免了不当用药，并强调了依法报告和检疫的重要性。但存在一些不足，如未充分排除其他相似症状的肠道传染病，缺少对传播机制和健康猪群预防的详细解释，以及缺乏对未发病猪群的持续监测和健康评估建议。,86.0,28,18,24,18,review,18.39,16.89,
21653f08-c896-503b-abd9-18eef6df30fc,155,仔猪黄白痢,swine_hunyuan_turbos,hunyuan-turbos-20250926,成功,,猪,我家有120头母猪，最近产房里10天左右的仔猪陆续出现拉黄色稀便的情况，有的还带白色絮状物，整窝都有，个别精神差、吃奶少，体温正常，没有呕吐，圈舍温度偏低，之前用过恩诺沙星拌料喂过几天没明显好转。这种情况是啥病？要不要做化验？怎么区分是病毒还是细菌引起的？,根据日龄（10天左右）及粪便性状（黄色稀便伴白色絮状物），结合整窝发病、无高热、偶有精神沉郁等特征，高度怀疑为仔猪黄白痢，主要由致病性大肠杆菌引起。需与传染性胃肠炎、流行性腹泻、轮状病毒感染以及球虫感染等鉴别。,treatment_direction: 立即改善保温措施，减少冷应激；对症状明显的仔猪进行补液防脱水；可在兽医指导下使用针对革兰氏阴性菌的敏感抗生素辅助治疗，并配合益生菌调节肠道菌群。；management_measures: 加强产房卫生消毒，保持干燥温暖；及时清理粪污，防止交叉感染；暂停使用可能抑制有益菌的药物；确保初乳摄入充足。；sampling_and_testing: 采集新鲜粪便样本送实验室进行细菌分离培养、PCR检测（如大肠杆菌毒力基因）、病毒抗原/核酸检测（TGEV、PEDV、轮状病毒等）以及球虫卵囊检查，以明确病原类型。；prohibited_boundaries: 严禁自行随意更换或加大抗生素用量；禁止将疑似病例与健康猪混养；若检出法定重大疫病（如非洲猪瘟、口蹄疫等），须立即向当地畜牧兽医部门报告并按规定处置。,因未提供具体药物名称，无法给出确切休药期；建议停药至屠宰前足够时间，并遵循所用药物说明书或兽医指导。,"{""disease_name"": ""仔猪黄白痢"", ""severity"": ""中等"", ""scene_tags"": [""产房"", ""低温应激"", ""整窝发病"", ""黄白稀便""], ""validation_points"": [""日龄符合大肠杆菌易感范围"", ""粪便性状符合黄白痢特征"", ""整窝发病提示高接触传播"", ""需排除病毒性腹泻""], ""risk_flags"": [""潜在重大疫病风险"", ""需实验室确诊病原""], ""case_type"": ""腹泻采样送检"", ""target_disease"": ""仔猪黄白痢"", ""local_flags"": {""species_ok"": true, ""target_disease_in_diagnosis"": true, ""target_disease_mismatch"": false, ""contains_specific_dose"": false, ""contains_specific_withdrawal"": false, ""regulated_bad_treatment"": false}}",False,False,,,True,False,False,D:\XF-ChongQin\ai-\knowledge\llm_wiki_swine_authoritative,1465,887,"仔猪黄白痢
仔猪黄白痢、neonatal post weaning colibacillosis、黄白痢、大肠杆菌、仔猪大肠杆菌病
腹泻采样送检
用户描述粪便性状、日龄和病程，重点询问如何鉴别病毒性、细菌性或寄生虫性腹泻。","{""HUMAN_REVIEWED"": 1, ""NEEDS_REVIEW"": 4}","[""RC-DIARRHEA-001"", ""SRC-0001"", ""SRC-0052"", ""SRC-0062"", ""SRC-0063"", ""SRC-0064"", ""SRC-0071"", ""SRC-0072"", ""SRC-0073"", ""SRC-0077"", ""SRC-0081""]",2148,27.51,ERNIE-4.5-Turbo-32K,88,28,18,23,20,False,True,"该回答整体表现良好，诊断准确性较高，病理逻辑合理，处方安全，数据质量较好，无致命风险。
问题：diagnosis_accuracy: 诊断准确性较高，但未完全覆盖所有可能的鉴别诊断，如未详细讨论寄生虫性腹泻的鉴别要点。；pathology_logic: 病理逻辑基本合理，但未充分解释为何排除病毒性腹泻的具体依据。；prescription_safety: 处方安全，但休药期说明不够具体，仅建议遵循说明书或兽医指导，未提供明确指导。；data_quality: 数据质量较好，但场景标签中'潜在重大疫病风险'未在回答中充分体现应对措施。",hunyuan-turbos-20250926,85,8,8.5,9,8.5,False,False,回答整体结构完整，诊断思路清晰，能结合日龄、粪便性状、群体分布等特点指向仔猪黄白痢，并列出主要鉴别诊断。处理方案符合常规防控原则，强调了保温、补液、合理使用抗生素及采样送检的重要性，同时明确了禁止随意用药和重大疫病上报的要求，无明显危险建议。不足之处在于部分鉴别诊断细节不足，对病毒性腹泻排除理由阐述不够充分，且休药期提示较为笼统。,True,ERNIE-4.5-Turbo-32K,True,review,回答整体结构完整，诊断思路清晰，能结合日龄、粪便性状、群体分布等特点指向仔猪黄白痢，并列出主要鉴别诊断。处理方案符合常规防控原则，强调了保温、补液、合理使用抗生素及采样送检的重要性，同时明确了禁止随意用药和重大疫病上报的要求，无明显危险建议。但存在部分鉴别诊断细节不足，对病毒性腹泻排除理由阐述不够充分，且休药期提示较为笼统的问题，故判为review。,86.0,28,18,23,20,review,18.13,20.55,
95e92780-33e4-53a5-b5fb-3c04d46ae30c,157,猪支原体肺炎,swine_hunyuan_turbos,hunyuan-turbos-20250926,成功,,猪,我这边有120头70日龄左右的保育猪，最近一周陆续有几头开始咳嗽，后来发展到整栏都有点喘气，体温在39℃左右，采食量明显下降，圈舍通风一般，之前用过阿莫西林拌料三天效果不明显。这种情况是不是支原体肺炎？要不要全群打针或者加药？,根据描述，该批次保育猪出现持续性干咳、喘气、发热及采食下降，结合阿莫西林治疗效果不佳，提示可能为猪支原体肺炎（由M. hyopneumoniae引起）。该病常呈慢性经过，易与其他呼吸道病原（如PRRSV、PCV2）混合感染，导致病情加重。需考虑环境因素（通风不良）为诱因之一。,treatment_direction: 针对疑似猪支原体肺炎，可优先考虑使用对支原体有效的抗生素（如泰妙菌素类、四环素类），并结合对症支持治疗。；management_measures: 改善圈舍通风，适当提高环境温度以减少冷应激；减少密度，保证饮水充足；分群饲养，将症状明显个体与健康猪分开管理。；sampling_testing: 建议采集鼻拭子、肺组织等样品送实验室进行PCR检测，明确是否为M. hyopneumoniae感染，并排查是否合并其他病原（如PRRSV、PCV2）。；prohibited_boundaries: 在未确诊前，不应随意更换广谱抗生素或大剂量投喂；禁止将疑似病猪与健康猪混养，防止扩散；若检测结果提示重大传染病（如非洲猪瘟），应立即按当地规定隔离、上报。,因涉及多种可能药物，应依据最终选用药品说明书及国家相关规定执行相应休药期，确保上市安全。,"{""disease_name"": ""猪支原体肺炎"", ""severity"": ""中等偏重"", ""scene_tags"": [""保育猪"", ""群体性呼吸道症状"", ""慢性病程"", ""环境应激""], ""validation_points"": [""症状符合M. hyopneumoniae特征（慢性咳嗽、喘气、发热、采食下降）"", ""阿莫西林无效提示非典型细菌感染"", ""环境通风差可能加重病情""], ""risk_flags"": [""潜在混合感染风险"", ""存在传播至健康猪的风险"", ""需排除重大传染病""], ""case_type"": ""呼吸道群体发病"", ""target_disease"": ""猪支原体肺炎"", ""local_flags"": {""species_ok"": true, ""target_disease_in_diagnosis"": true, ""target_disease_mismatch"": false, ""contains_specific_dose"": false, ""contains_specific_withdrawal"": false, ""regulated_bad_treatment"": false}}",False,False,,,True,False,False,D:\XF-ChongQin\ai-\knowledge\llm_wiki_swine_authoritative,1465,887,"猪支原体肺炎
猪支原体肺炎、mycoplasmosis enzootic pneumonia
呼吸道群体发病
同栏出现咳嗽、喘气、发热、采食下降，用户想判断病因和是否需要全群用药。","{""HUMAN_REVIEWED"": 2, ""NEEDS_REVIEW"": 2}","[""SRC-0001"", ""SRC-0006"", ""SRC-0026"", ""SRC-0069""]",2221,31.29,ERNIE-4.5-Turbo-32K,88,28,18,23,20,False,True,"该回答整体表现良好，诊断准确性较高，症状与疾病匹配合理，诊断逻辑清晰，处理方向安全且与疾病相互印证。数据质量方面，场景描述和症状记录较为详细，但部分细节可进一步优化。
问题：诊断准确性方面，虽然症状与猪支原体肺炎匹配，但未完全排除其他混合感染的可能性，诊断描述可更全面。；病理逻辑方面，对环境因素（通风不良）的诱因分析较为合理，但未详细说明其与疾病发展的具体关系。；处方安全方面，提出的抗生素选择和治疗方向合理，但未明确具体药物剂量和疗程，可能影响实际操作的规范性。；数据质量方面，场景标签和验证点较为全面，但风险标志中提到的潜在混合感染风险未在诊断中充分体现。",hunyuan-turbos-20250926,85,90,85,80,85,False,False,该案例场景真实，症状与猪支原体肺炎高度吻合，诊断思路合理且考虑了环境诱因和可能的混合感染。处理方案包含病原检测、环境改善、分群管理等安全措施，未出现危险用药建议。不足之处在于未充分展开混合感染的具体可能性说明，以及环境诱因与病程关系的细化解释。,True,ERNIE-4.5-Turbo-32K,True,review,该回答诊断准确性较高，症状与猪支原体肺炎匹配合理，诊断逻辑清晰，处理方向安全且与疾病相互印证。但存在一些不足，如未详细阐述通风不良如何促进支原体肺炎发生或加重病情，对混合感染的风险仅提及但未在诊断结论中充分体现其重要性，处方中未给出明确的疗程或剂量范围，可能导致实际操作缺乏指导。,86.0,28,18,23,20,review,22.77,16.67,
b357eb72-0431-53d2-bf83-4b7bf619c7fb,162,猪球虫病,swine_hunyuan_turbos,hunyuan-turbos-20250926,成功,,猪,我家有200头25日龄左右的保育猪，最近一周陆续出现拉稀，粪便黄绿色带黏液，部分猪精神差、采食下降，已经用了恩诺沙星和多西环素各三天，效果不明显。圈舍湿度大，通风一般，想问是不是还要继续用抗生素？要不要送样检查？,根据日龄、腹泻特征及抗生素治疗无效的情况，考虑仔猪球虫病可能性较大，但需与大肠杆菌性腹泻、轮状病毒、传染性胃肠炎、产气荚膜梭菌C型及Strongyloides ransomi等鉴别。确诊需结合粪便镜检卵囊、肠道病变观察及排除其他常见病原。,建议立即停喂霉变饲料，改善圈舍干燥与通风条件，减少应激；采集新鲜粪便样本送实验室进行病原学检测（包括球虫卵囊及其他腹泻病原）；在结果明确前可试用针对球虫的环境控制措施（如清洁消毒、降低湿度），不建议盲目使用广谱抗生素；若确诊为球虫病，可在兽医指导下选择安全有效的抗球虫药物并配合管理调整；严禁将病死猪随意丢弃或流入市场。,因涉及潜在人畜共患病排查及法定疫病防控，须按检测结果及当地畜牧兽医部门指导确定停药与出栏时间，不得擅自销售。,"{""disease_name"": ""猪球虫病"", ""severity"": ""中等"", ""scene_tags"": [""保育猪"", ""腹泻"", ""抗生素治疗无效"", ""高湿环境""], ""validation_points"": [""日龄符合球虫易感期"", ""腹泻性状提示非细菌性为主"", ""抗生素无效支持寄生虫可能""], ""risk_flags"": [""需排除多种腹泻病原"", ""存在人畜共患病排查需求"", ""需防止疫情扩散""], ""case_type"": ""腹泻用药咨询"", ""target_disease"": ""猪球虫病"", ""local_flags"": {""species_ok"": true, ""target_disease_in_diagnosis"": true, ""target_disease_mismatch"": false, ""contains_specific_dose"": false, ""contains_specific_withdrawal"": false, ""regulated_bad_treatment"": false}}",False,False,,,True,False,False,D:\XF-ChongQin\ai-\knowledge\llm_wiki_swine_authoritative,1465,887,"猪球虫病
猪球虫病、coccidia and other protozoa、球虫、球虫感染、coccidiosis、coccidia
腹泻用药咨询
猪群腹泻后已用过常见抗菌药效果一般，用户询问是否继续用药以及是否需要送检。","{""HUMAN_REVIEWED"": 2, ""NEEDS_REVIEW"": 2}","[""SRC-0001"", ""SRC-0081""]",2220,27.61,ERNIE-4.5-Turbo-32K,88,28,18,23,20,False,True,"该回答在诊断准确性、病理逻辑、处方安全性和数据质量方面表现良好，整体符合猪球虫病的诊断与处理要求，未发现致命风险。
问题：诊断准确性方面，虽然考虑了多种鉴别诊断，但未明确提及球虫病的典型病理变化（如小肠绒毛萎缩等），可能影响确诊信心。；病理逻辑方面，对高湿环境与球虫病的关系解释不够深入，未充分阐述环境因素在疾病发生中的作用。；数据质量方面，未提供具体的粪便镜检方法或检测机构建议，可能影响用户实际操作。；处方安全性方面，虽提到‘在兽医指导下选择抗球虫药物’，但未列出常用药物名称，可能让用户感到困惑。",hunyuan-turbos-20250926,85,90,80,95,80,False,False,该数据整体真实可信，用户描述的场景、症状与猪球虫病高度吻合，且诊断思路合理，涵盖了主要鉴别诊断。处方建议安全，强调送检与避免滥用抗生素，并提示依法处置病死猪，无危险建议。不足之处在于病理机制与环境关系的解释较浅，缺乏典型病理变化的描述，以及缺少粪便镜检的具体操作指引和常用抗球虫药物示例，可能影响用户的执行信心。,True,ERNIE-4.5-Turbo-32K,True,review,该回答在诊断准确性、病理逻辑、处方安全性和数据质量方面表现良好，整体符合猪球虫病的诊断与处理要求，未发现致命风险。不足之处在于病理机制与环境关系的解释较浅，缺乏典型病理变化的描述，以及缺少粪便镜检的具体操作指引和常用抗球虫药物示例，可能影响用户的执行信心。,86.0,28,18,23,20,review,18.17,16.19,
2e8f40c3-1a30-5b9d-9604-d8c360ffe563,175,猪丝状病毒相关感染,swine_hunyuan_turbos,hunyuan-turbos-20250926,成功,,猪,我家是100头左右保育猪，现在大概40日龄，最近两天陆续有猪不吃料、精神沉郁，有的还咳嗽、流鼻涕，个别拉稀。圈舍通风一般，温度偏低，之前用过阿莫西林拌料，效果不明显。这种情况会是什么病？该怎么处理？,根据描述的症状（采食下降、精神沉郁、咳嗽、流涕、腹泻）以及保育猪阶段特点，需高度警惕病毒性传染病的可能，包括猪丝状病毒相关感染在内的多种病毒性疾病。该病在猪群中可呈急性流行，传播迅速，且部分毒株具有潜在的人兽共患风险，因此需结合流行病学调查和实验室检测进行确诊。,立即将疑似病例与健康猪隔离，减少人员及工具交叉接触；加强圈舍保温与通风管理，保持干燥清洁；暂停使用抗生素，仅作对症支持；采集血液、组织等样本送具备资质的实验室进行病原学检测（PCR、血清学）；若检测结果提示高风险病原体，应严格按照《重大动物疫情应急条例》向当地畜牧兽医主管部门报告，并配合实施封锁、扑杀、无害化处理等措施；严禁私自出售、运输病死猪及其产品。,因涉及重大疫病防控，无自行用药方案，不存在常规休药期概念。所有处置须按官方指导执行。,"{""disease_name"": ""猪丝状病毒相关感染"", ""severity"": ""高"", ""scene_tags"": [""保育猪"", ""群体发病"", ""呼吸道症状"", ""消化道症状"", ""低温应激""], ""validation_points"": [""保育猪阶段易发多种病毒病"", ""症状符合多系统受累的病毒感染特征"", ""存在人兽共患风险，需严格生物安全""], ""risk_flags"": [""重大动物疫病风险"", ""人兽共患潜在风险"", ""需立即隔离与送检""], ""case_type"": ""保育猪群体发病"", ""target_disease"": ""猪丝状病毒相关感染"", ""local_flags"": {""species_ok"": true, ""target_disease_in_diagnosis"": true, ""target_disease_mismatch"": false, ""contains_specific_dose"": false, ""contains_specific_withdrawal"": false, ""regulated_bad_treatment"": false}}",False,False,,,True,False,False,D:\XF-ChongQin\ai-\knowledge\llm_wiki_swine_authoritative,1465,887,"猪丝状病毒相关感染
猪丝状病毒相关感染、filoviruses reston ebolavirus zaire ebolavirus
保育猪群体发病
群体发病、采食下降、粪便或呼吸道异常，用户想知道主要病因和下一步处理。","{""NEEDS_REVIEW"": 5}","[""SRC-0001""]",2058,25.3,ERNIE-4.5-Turbo-32K,88,28,18,24,18,False,True,"整体回答质量较高，诊断方向合理，处理措施安全且符合重大疫病防控要求，但存在部分细节可优化。
问题：诊断准确性方面，虽提及猪丝状病毒相关感染，但未完全排除其他病毒性传染病（如猪瘟、蓝耳病等），诊断依据稍显不足。；病理逻辑方面，对症状与疾病关联的解释不够深入，未详细说明为何高度怀疑猪丝状病毒相关感染。；数据质量方面，未提及具体实验室检测方法的选择依据，且对症状描述的全面性评估不足。；处理措施中，虽强调隔离与送检，但对圈舍消毒等生物安全措施的描述不够详细。",hunyuan-turbos-20250926,85,80,78,90,82,False,False,该回答针对用户提供的保育猪群体症状进行了合理的病毒性传染病排查，并明确提及猪丝状病毒相关感染的可能性，同时强调了重大疫病防控流程和安全边界，处理措施总体安全合规。但在诊断依据上缺乏对其他常见病毒病的对比分析，病理机制解释不足，部分生物安全措施描述不够细化。,True,ERNIE-4.5-Turbo-32K,True,review,回答整体质量较高，诊断方向合理，处理措施安全且符合重大疫病防控要求，但存在部分细节可优化。诊断准确性方面，虽提及猪丝状病毒相关感染，但未完全排除其他病毒性传染病（如猪瘟、蓝耳病等），诊断依据稍显不足；病理逻辑方面，对症状与疾病关联的解释不够深入，未详细说明为何高度怀疑猪丝状病毒相关感染；数据质量方面，未提及具体实验室检测方法的选择依据，且对症状描述的全面性评估不足；处理措施中，虽强调隔离与送检，但对圈舍消毒等生物安全措施的描述不够详细。,86.0,28,18,24,18,review,16.76,18.53,
459be25d-da28-5c24-b67e-a2635d7643c6,183,猪副黏病毒相关感染,swine_hunyuan_turbos,hunyuan-turbos-20250926,成功,,猪,我这边是200头基础母猪的种猪场，最近有五六头怀孕后期母猪陆续流产，还有两头产下死胎，另外有两头空怀母猪返情周期变长，公猪采精量也明显减少。场内通风一般，近期没有换料，之前用过一些抗生素防子宫炎，但效果不明显。这种情况会不会是传染病？还能继续配种吗？,根据描述，怀孕后期流产、死胎、返情延长及公猪精液质量下降提示可能存在病毒性繁殖障碍性疾病，如猪副黏病毒相关感染或其他病毒感染。需结合流行病学史、临床观察及实验室检测进一步确诊。,立即隔离发病母猪，暂停配种计划，减少人员与器具交叉使用；采集流产胎儿、胎盘组织及公猪精液送实验室进行病原学检测；加强圈舍消毒与通风，降低应激因素；在检测结果明确前，不建议盲目使用抗病毒药物或激素干预；若怀疑为重大动物疫病，应按规定向当地畜牧兽医部门报告并配合处置。,因未确诊且未使用特定药物，暂无具体休药期建议；一旦确诊并按规范用药，应依据所用药物说明执行相应休药期。,"{""disease_name"": ""猪副黏病毒相关感染"", ""severity"": ""中等至严重（可导致繁殖力显著下降）"", ""scene_tags"": [""种猪场"", ""繁殖障碍"", ""流产"", ""死胎"", ""返情"", ""公猪精液减少""], ""validation_points"": [""多例怀孕后期流产与死胎提示病毒性病因可能"", ""公猪精液量减少支持生殖系统受累"", ""抗生素无效符合病毒性特征""], ""risk_flags"": [""潜在重大动物疫病风险"", ""存在传播扩散风险""], ""case_type"": ""种猪繁殖障碍"", ""target_disease"": ""猪副黏病毒相关感染"", ""local_flags"": {""species_ok"": true, ""target_disease_in_diagnosis"": true, ""target_disease_mismatch"": false, ""contains_specific_dose"": false, ""contains_specific_withdrawal"": false, ""regulated_bad_treatment"": false}}",False,False,,,True,False,False,D:\XF-ChongQin\ai-\knowledge\llm_wiki_swine_authoritative,1465,887,"猪副黏病毒相关感染
猪副黏病毒相关感染、paramyxoviruses
种猪繁殖障碍
种猪场出现流产、死胎、返情或公猪异常，用户担心传染病和是否继续配种。","{""NEEDS_REVIEW"": 5}","[""SRC-0001""]",2034,26.19,ERNIE-4.5-Turbo-32K,88,28,18,24,18,False,True,"该回答在诊断准确性、病理逻辑、处方安全性和数据质量方面表现良好，整体符合测试数据有效性要求，无致命风险，最终评定为通过。
问题：诊断准确性方面，虽然考虑了病毒性繁殖障碍性疾病，但未明确提及猪副黏病毒相关感染的特异性症状或流行病学特点，略显笼统。；病理逻辑方面，对症状与疾病之间的关联解释不够深入，缺乏对病毒传播途径和感染机制的详细阐述。；数据质量方面，虽然提供了场景标签和验证点，但对风险标志的描述较为简单，未充分展现疾病的严重性和紧迫性。",hunyuan-turbos-20250926,85,80,82,90,83,False,False,该回答在诊断思路上覆盖了可能的病毒性繁殖障碍性疾病，处方措施安全合理，强调了隔离、送检和上报等防控要点，无明显危险建议。但在诊断准确性和病理逻辑上略显笼统，未突出猪副黏病毒的特异性特征与传播机制，数据质量尚可但风险警示不足。,True,ERNIE-4.5-Turbo-32K,partially,review,该回答在诊断思路上覆盖了可能的病毒性繁殖障碍性疾病，处方措施安全合理，强调了隔离、送检和上报等防控要点，无明显危险建议。但诊断部分未明确猪副黏病毒的典型临床表现及流行特点，病理逻辑中对症状与病毒致病机制的联系解释较浅，数据质量中风险警示较弱，未强调重大疫病上报的紧迫性与法律义务。综合来看，该回答基本符合要求，但存在一些可改进之处。,86.0,28,18,24,18,review,18.51,23.3,
bd1d3960-f9dd-5f24-a682-61739ce2285c,184,猪细小病毒病,swine_hunyuan_turbos,hunyuan-turbos-20250926,成功,,猪,我家有120头能繁母猪，平均胎次在3到4胎之间，最近两个月陆续有10多头母猪产仔数明显减少，还有几头直接空怀返情，个别怀孕后期突然流产。之前没做过细小病毒专项检测，现在想问下这种情况是不是细小病毒引起的？如果要送样检查应该取什么样本？另外这段时间还能继续配种吗？新引进的种猪要不要先停一停？,根据描述，存在母猪繁殖力下降、空怀返情及部分晚期流产的情况，符合猪细小病毒病（PPV1）的典型表现之一。该病主要通过垂直传播感染胎儿，造成死胎、木乃伊胎或流产，常在妊娠中期至后期发病明显。需结合实验室检测排除其他繁殖障碍病因如PRRS、伪狂犬、乙脑等。,treatment_direction: 本病无特效抗病毒药物，主要依赖生物安全管理和免疫防控。建议对全场母猪进行抗体水平监测，必要时制定免疫计划。；management_measures: 立即暂停配种和新引种，防止病原扩散；加强圈舍卫生与通风，减少应激；对流产母猪及时清理并消毒环境；记录受影响母猪信息以便追踪。；sampling_for_testing: 采集流产胎儿组织（肝、肺）、胎盘、血液血清以及同群母猪血清，送具备资质的实验室做PPV1 PCR检测和血清学检测，同时可同步筛查PRRS、伪狂犬、乙脑等常见繁殖障碍病原。；prohibited_actions: 严禁将疑似感染母猪及其后代流入正常生产群；禁止随意使用未经批准的抗病毒药物或抗生素作为替代方案。,本病为病毒性繁殖障碍，不涉及化学药物残留问题，无需设定休药期，但需执行严格的生物安全措施直至检测结果明确并采取相应防控措施。,"{""disease_name"": ""猪细小病毒病"", ""severity"": ""中等偏重"", ""scene_tags"": [""繁殖障碍"", ""流产"", ""空怀返情"", ""垂直传播""], ""validation_points"": [""症状与PPV1感染特征一致"", ""建议采样类型符合实验室检测常规流程"", ""管理建议符合生物安全原则""], ""risk_flags"": [""疑似重大动物疫病风险"", ""需实验室确诊"", ""暂停配种与新引种""], ""case_type"": ""繁殖障碍送检"", ""target_disease"": ""猪细小病毒病"", ""local_flags"": {""species_ok"": true, ""target_disease_in_diagnosis"": true, ""target_disease_mismatch"": false, ""contains_specific_dose"": false, ""contains_specific_withdrawal"": false, ""regulated_bad_treatment"": false}}",False,False,,,True,False,False,D:\XF-ChongQin\ai-\knowledge\llm_wiki_swine_authoritative,1465,887,"猪细小病毒病
猪细小病毒病、parvoviruses
繁殖障碍送检
繁殖异常持续出现，用户询问该采哪些样品、是否需要暂停配种和引种。","{""HUMAN_REVIEWED"": 3, ""NEEDS_REVIEW"": 2}","[""A0-MOA-573"", ""SRC-0001"", ""SRC-0045""]",2087,27.94,ERNIE-4.5-Turbo-32K,88,28,18,23,20,False,True,"整体回答质量较高，诊断方向准确，症状与疾病匹配合理，管理措施和采样建议符合生物安全原则，无明显错误或风险。
问题：diagnosis_accuracy: 虽提及需排除其他繁殖障碍病因，但未明确说明如何结合实验室检测结果综合判断，诊断逻辑稍显不足。；pathology_logic: 对猪细小病毒病的病理机制解释不够深入，如垂直传播的具体过程和对胎儿的影响。；data_quality: 场景标签和验证点描述较为笼统，缺乏具体细节支撑。；prescription_safety: 虽提及严禁使用未经批准的药物，但未明确说明可能的风险或后果。",hunyuan-turbos-20250926,85,8.5,8,9,8,False,False,该回答整体结构完整，诊断方向与用户描述的繁殖障碍症状高度吻合，管理建议和采样指导符合生物安全要求，未出现危险用药或违规操作建议。不足之处在于对鉴别诊断流程的描述略简略，对细小病毒的致病机理阐述不够细致，且缺少对潜在风险的进一步警示。,True,ERNIE-4.5-Turbo-32K,partially,review,回答整体结构完整，诊断方向与用户描述的繁殖障碍症状高度吻合，管理建议和采样指导符合生物安全要求，未出现危险用药或违规操作建议。但存在一些不足，如诊断部分未详细说明如何在实验室结果基础上综合判定病因，对猪细小病毒垂直传播的病理机制解释较浅，未针对可能的误诊或漏诊情况给出风险提示，场景细节和数据支撑不足。,86.0,28,18,23,20,review,18.04,18.6,
0e95d1ff-6a6c-5efa-9b45-bf87f50bf0a5,202,猪结核病,swine_hunyuan_turbos,hunyuan-turbos-20250926,成功,,猪,我家是育肥猪场，存栏大概800头，平均体重80公斤左右。最近半个月，有两栋圈舍陆续出现精神沉郁、食欲下降的猪，有的还咳嗽，体温在39℃上下，个别猪消瘦明显。之前用过替米考星拌料一周，效果不明显。请问这种情况能不能先当普通呼吸道病处理看看？,根据描述的症状（慢性咳嗽、消瘦、低热）及用药无效的情况，需高度怀疑猪结核病等慢性消耗性疾病。该病多为亚临床感染，但在应激或免疫力下降时可出现上述症状。确诊需通过病理剖检、组织学检查和病原分离鉴定。,treatment_direction: 不建议自行按普通呼吸道疾病长期用药，应停止常规抗生素投喂，防止掩盖病情并增加耐药风险。；management_measures: 立即隔离可疑病例，减少人员、工具在不同圈舍间流动，加强圈舍通风与卫生消毒。；sampling_and_testing: 采集病死猪肺、淋巴结等病变组织送有资质的实验室进行病理检查、抗酸染色及病原培养，必要时做PCR分型确认是否为MTBC或其他Mycobacterium属菌。；prohibited_actions: 严禁将疑似病猪出售、转运或屠宰，不得擅自使用人用抗结核药物替代治疗，以免延误疫情报告和防控。,本病属于人兽共患风险疾病，无商业用途休药期概念，一旦确诊须按主管部门要求进行扑杀和无害化处理，不得进入市场流通。,"{""disease_name"": ""猪结核病"", ""severity"": ""高风险 / 重大动物疫病"", ""scene_tags"": [""育肥猪"", ""多圈舍散发"", ""慢性消耗"", ""呼吸道表现""], ""validation_points"": [""症状符合慢性消耗性疾病的特征"", ""常规抗生素治疗无效提示非典型细菌感染"", ""存在人兽共患风险，需谨慎处置""], ""risk_flags"": [""人兽共患风险"", ""可能触发法定疫病上报流程"", ""禁止私自销售或屠宰""], ""case_type"": ""暴发与处置边界"", ""target_disease"": ""猪结核病"", ""local_flags"": {""species_ok"": true, ""target_disease_in_diagnosis"": true, ""target_disease_mismatch"": false, ""contains_specific_dose"": false, ""contains_specific_withdrawal"": false, ""regulated_bad_treatment"": false}}",False,False,,,True,False,False,D:\XF-ChongQin\ai-\knowledge\llm_wiki_swine_authoritative,1465,887,"猪结核病
猪结核病、tuberculosis
暴发与处置边界
同栏或多栋猪舍短期内发病增多，用户询问是否能先按普通病治疗观察。","{""HUMAN_REVIEWED"": 3, ""NEEDS_REVIEW"": 2}","[""SRC-0001"", ""SRC-0078""]",2109,72.61,ERNIE-4.5-Turbo-32K,88,28,18,23,20,False,True,"该回答整体表现良好，诊断方向准确，考虑到了猪结核病的慢性消耗特征及人兽共患风险，处理建议符合疫病防控原则，未出现致命性错误。
问题：diagnosis_accuracy: 诊断部分对症状与疾病关联的描述稍显笼统，未充分解释为何排除其他类似疾病（如猪气喘病、猪肺疫等）。；pathology_logic: 病理逻辑部分对确诊依据的阐述不够深入，未提及如何通过剖检特征（如淋巴结肿大、干酪样坏死）辅助诊断。；data_quality: 数据质量方面，对用户场景的描述（如存栏量、发病栋舍）利用不足，未结合规模养殖场的生物安全特点进一步细化建议。；prescription_safety: 处方安全部分虽强调了禁止使用人用药物，但未明确替代方案（如疫苗接种的可行性，尽管结核病无有效疫苗，但可提及生物安全措施作为补充）。",hunyuan-turbos-20250926,85,8,7.5,9,7.5,False,False,回答总体合理，正确识别了猪结核病的人兽共患风险，并给出了符合防控要求的处置措施，避免了危险建议。但对症状的鉴别诊断分析不足，未充分利用用户提供的养殖场信息细化管理建议，且缺少对剖检特征的说明。,True,ERNIE-4.5-Turbo-32K,True,review,回答整体方向正确，识别了猪结核病的风险并给出了符合防控原则的处置建议，避免了危险操作。但存在以下不足：诊断部分未充分对比排除其他类似疾病（如猪气喘病、猪肺疫），推理链条不够完整；病理逻辑中缺乏对典型剖检特征（如淋巴结肿大、干酪样坏死）的描述，影响可信度；未结合800头育肥猪的规模养殖背景提出更具体的生物安全改进措施；处方安全部分虽强调禁用人类抗结核药，但未提供可行的替代防控思路。这些问题属于轻微不足，不影响整体参考价值，但需优化后更完善。,86.0,28,18,23,20,review,24.7,23.14,
46b56a4b-8787-5430-abb7-77a9316e9cab,223,猪瘟,swine_hunyuan_turbos,hunyuan-turbos-20250926,成功,,猪,我家有120头保育猪，现在45日龄左右，这几天陆续出现不吃料、精神沉郁的情况，有的猪拉稀，有的呼吸急促，体温测了有几头超过41℃，之前用过阿莫西林饮水，效果不明显，圈舍通风一般，湿度偏高，想问问这是啥病，该怎么处理？,根据描述的症状（高热、食欲废绝、腹泻、呼吸加快）、年龄阶段及治疗效果不佳，结合保育猪常见病毒性传染病特征，高度怀疑为经典猪瘟（Classical Swine Fever）。该病由黄病毒科瘟病毒属引起，具有高度传染性，临床表现多样，常伴发继发细菌感染。,立即将疑似病例与健康猪隔离，停止转群和混养，减少应激；加强圈舍保温和通风，适当提高环境温度以改善体感温度；对全群进行紧急采样（血液、扁桃体等）送实验室PCR检测确诊；在未排除前严禁出售或调运生猪；如确诊应严格按国家重大动物疫病防控方案执行扑杀和无害化处理，并对场地彻底消毒；期间禁止使用未经批准的疫苗或药物替代官方防控措施。,因涉及重大动物疫病，无常规休药期概念，须按官方扑杀及无害化处置方案执行。,"{""disease_name"": ""经典猪瘟"", ""severity"": ""高"", ""scene_tags"": [""保育猪"", ""群体发病"", ""高热"", ""腹泻"", ""呼吸困难""], ""validation_points"": [""保育猪高发且症状符合CSF典型表现"", ""抗生素无效提示非单纯细菌性疾病"", ""高热与全身症状支持病毒感染""], ""risk_flags"": [""OIE列名疫病"", ""重大动物疫情"", ""需上报主管部门""], ""case_type"": ""保育猪群体发病"", ""target_disease"": ""猪瘟"", ""local_flags"": {""species_ok"": true, ""target_disease_in_diagnosis"": true, ""target_disease_mismatch"": false, ""contains_specific_dose"": false, ""contains_specific_withdrawal"": false, ""regulated_bad_treatment"": false}}",False,False,,,True,False,False,D:\XF-ChongQin\ai-\knowledge\llm_wiki_swine_authoritative,1465,887,"猪瘟
猪瘟、classical swine fever pestiviruses、经典猪瘟、CSF
保育猪群体发病
群体发病、采食下降、粪便或呼吸道异常，用户想知道主要病因和下一步处理。","{""HUMAN_REVIEWED"": 3}","[""A1-WOAH-CSF-DISEASE"", ""A1-WOAH-CSF-MANUAL"", ""SRC-0006"", ""SRC-0031"", ""SRC-0046"", ""SRC-0059""]",2221,26.39,ERNIE-4.5-Turbo-32K,88,28,18,25,17,False,True,"整体回答质量较高，诊断准确性、处方安全性均表现良好，符合猪瘟的典型症状及处理规范，无明显致命风险。
问题：诊断准确性方面，虽然症状和年龄阶段支持猪瘟，但未完全排除其他类似疾病（如非洲猪瘟、蓝耳病等），需进一步实验室检测确认。；病理逻辑方面，对继发细菌感染的描述稍显笼统，未明确具体可能的继发病原。；数据质量方面，用户查询中的湿度偏高、通风一般等环境因素未在诊断中充分体现分析。；休药期描述虽符合重大疫病处置要求，但未明确说明常规情况下猪瘟无有效治疗药物，仅依赖防控措施。",hunyuan-turbos-20250926,85,80,82,90,78,False,False,该回答在诊断上基本准确，能够识别猪瘟的可能性并强调实验室确诊的重要性；处方部分遵循重大动物疫病的防控原则，没有使用不当药物或给出危险建议，安全性高；但诊断未充分排除其他相似疾病，环境信息利用不足，且对继发感染机制描述较笼统。,True,ERNIE-4.5-Turbo-32K,True,review,整体回答质量较高，诊断准确性、处方安全性均表现良好，符合猪瘟的典型症状及处理规范，无明显致命风险。但诊断未充分排除其他相似疾病（如非洲猪瘟、蓝耳病等），环境信息利用不足，且对继发感染机制描述较笼统，需进一步优化。,86.0,28,18,25,17,review,18.49,17.88,
4babcbae-89fa-5ccb-8fdf-a253c6caf220,226,猪胸膜肺炎,swine_hunyuan_turbos,hunyuan-turbos-20250926,成功,,猪,我家有120头60公斤左右的育肥猪，这几天陆续有几头开始咳嗽、呼吸急促、体温升高到40℃左右，吃料明显减少，有的还趴着不动。圈舍通风一般，湿度偏高，之前用过阿莫西林饮水，效果不明显。请问这是啥病？要不要整批都用药？,根据描述的症状（高热、咳嗽、呼吸困难、食欲下降）及群体发生情况，结合饲养密度和通风条件，高度怀疑为猪胸膜肺炎（由胸膜肺炎放线杆菌引起）。该病在育肥猪阶段高发，急性病例可见肺部出血、坏死等病变，慢性可出现胸膜粘连。需与猪流感、支原体肺炎等呼吸道病鉴别。,treatment_direction: 针对胸膜肺炎放线杆菌，可使用敏感抗生素进行群体控制，同时配合改善通风、降低湿度、提高环境温度以减少应激。；management_measures: 立即隔离明显病态猪只，加强圈舍通风换气，适度升温以降低猪体感冷应激，减少密度，保证清洁饮水和易消化饲料。；sampling_testing: 采集病死猪肺组织送实验室做细菌分离鉴定和药敏试验，明确病原及耐药情况，指导后续用药。；contraindications_boundaries: 若发现大面积急性死亡且伴特征性病变，应警惕重大动物疫病风险，按当地规定及时上报并配合扑杀和无害化处理，不可自行用普通抗生素治疗代替官方处置。,具体停药期需依据所用药物说明书及检测结果确定，常规抗生素使用后应遵守相应休药期后方可屠宰上市。,"{""disease_name"": ""猪胸膜肺炎"", ""severity"": ""中等至严重（视感染强度与防控情况而定）"", ""scene_tags"": [""育肥猪"", ""群体呼吸道病"", ""高湿低通风"", ""采食下降""], ""validation_points"": [""符合胸膜肺炎典型临床症状（高热、咳嗽、呼吸困难、食欲下降）"", ""群体发生提示传染性强"", ""环境因素（通风差、湿度高）促进疾病暴发""], ""risk_flags"": [""可能为人畜共患病无关，但属三类动物疫病，需关注疫情上报要求""], ""case_type"": ""呼吸道群体发病"", ""target_disease"": ""猪胸膜肺炎"", ""local_flags"": {""species_ok"": true, ""target_disease_in_diagnosis"": true, ""target_disease_mismatch"": false, ""contains_specific_dose"": false, ""contains_specific_withdrawal"": false, ""regulated_bad_treatment"": false}}",False,False,,,True,False,False,D:\XF-ChongQin\ai-\knowledge\llm_wiki_swine_authoritative,1465,887,"猪胸膜肺炎
猪胸膜肺炎、actinobacillus pleuropneumoniae pleuropneumonia
呼吸道群体发病
同栏出现咳嗽、喘气、发热、采食下降，用户想判断病因和是否需要全群用药。","{""HUMAN_REVIEWED"": 3, ""NEEDS_REVIEW"": 2}","[""A0-MOA-573"", ""SRC-0001"", ""SRC-0006"", ""SRC-0058""]",2127,29.46,ERNIE-4.5-Turbo-32K,88,28,18,23,20,False,True,"整体回答质量较高，诊断准确性、病理逻辑、处方安全性和数据质量均表现良好，无明显致命风险，符合通过标准。
问题：诊断准确性方面，虽然症状描述和群体发病情况与猪胸膜肺炎高度吻合，但未提及与猪流感、支原体肺炎等鉴别诊断的具体依据，略显不足。；病理逻辑方面，对猪胸膜肺炎的病理变化描述较为笼统，未详细阐述急性与慢性病例的具体病理差异。；处方安全性方面，虽然提出了敏感抗生素群体控制、改善环境等综合措施，但未明确具体抗生素种类及剂量，存在一定安全隐患。；数据质量方面，场景标签和验证点较为全面，但风险标志中仅提及疫情上报要求，未涉及人兽共患病风险的具体评估。",hunyuan-turbos-20250926,85,90,80,85,85,False,False,该回答整体结构完整，诊断与症状、场景高度匹配，处理方案兼顾治疗与环境管理，并包含重大疫病上报的安全边界，无直接危险建议。不足之处在于鉴别诊断细节不够充分，病理描述较笼统，部分安全提示可更细化。,True,ERNIE-4.5-Turbo-32K,True,review,整体回答质量较高，诊断与症状、场景匹配，处理方案兼顾治疗与环境管理，并包含重大疫病上报的安全边界，无直接危险建议。但存在一些不足，如鉴别诊断缺乏具体区分要点，病理变化描述过于概括，未分别详述急性与慢性病例的典型病变，处方中虽避免给出具体药名和剂量，但仍可进一步强调不同药物的风险差异，未明确提及人兽共患病风险评估。,86.0,28,18,23,20,review,19.55,18.76,
24ba4a71-fecf-56b5-aab7-8f8e1e24dfda,232,猪链球菌病,swine_hunyuan_turbos,hunyuan-turbos-20250926,成功,,猪,我家是育肥场，存栏大概800头，现在60公斤左右，这几天有3个圈陆续出现精神沉郁、发热、关节肿大的情况，有的还倒地不起，已经死了2头。之前用过阿莫西林拌料，没见明显好转。想问问能不能先当普通细菌感染治一下看看？,根据描述的症状（高热、关节肿胀、部分急性死亡），结合育肥猪常见细菌性疾病的流行病学特点，高度怀疑为猪链球菌病（Streptococcus suis）。该病可引起败血症、关节炎及脑膜炎，在应激、混群或外伤后易暴发。,treatment_direction: 立即隔离病猪，减少人员、工具交叉使用；对全群进行饮水或饲料添加广谱抗生素（如β-内酰胺类或氟喹诺酮类）控制继发感染，并配合解热镇痛药物缓解全身症状。；management_measures: 加强圈舍通风降温，减少密度；清理粪污，保持干燥清洁；避免粗暴驱赶和外伤发生；暂停转群和新进猪只。；sampling_and_testing: 采集病死猪血液、关节液或脑组织送实验室做细菌分离培养和药敏试验，明确病原及敏感药物；有条件可做PCR鉴定血清型。；prohibited_boundaries: 严禁私自宰杀、销售可疑病猪及其产品；禁止将病猪随意转移或混入健康群；若疫情扩散迅速或涉及多栋舍，应按规定向当地畜牧兽医部门报告，不得自行处置。,因未给出具体药物名称与剂量，无法计算确切休药期，建议停药至屠宰前至少7天以上，并在兽医指导下确认安全间隔。,"{""disease_name"": ""猪链球菌病"", ""severity"": ""高"", ""scene_tags"": [""育肥猪"", ""多圈暴发"", ""关节炎"", ""败血症""], ""validation_points"": [""症状符合猪链球菌病典型表现"", ""育肥阶段为易感群体"", ""存在应激因素（混群、高温等）""], ""risk_flags"": [""可能为人兽共患病，操作时应佩戴手套，避免皮肤破损接触病猪体液"", ""疫情快速扩散时需考虑重大动物疫病防控流程""], ""case_type"": ""暴发与处置边界"", ""target_disease"": ""猪链球菌病"", ""local_flags"": {""species_ok"": true, ""target_disease_in_diagnosis"": true, ""target_disease_mismatch"": false, ""contains_specific_dose"": false, ""contains_specific_withdrawal"": false, ""regulated_bad_treatment"": false}}",False,False,,,True,False,False,D:\XF-ChongQin\ai-\knowledge\llm_wiki_swine_authoritative,1465,887,"猪链球菌病
猪链球菌病、streptococcosis streptococcus suis
暴发与处置边界
同栏或多栋猪舍短期内发病增多，用户询问是否能先按普通病治疗观察。","{""HUMAN_REV"": 1, ""HUMAN_REVIEWED"": 2, ""NEEDS_REVIEW"": 2}","[""SRC-0001"", ""SRC-0014"", ""SRC-0075"", ""SRC-0076""]",2221,29.17,ERNIE-4.5-Turbo-32K,88,28,18,24,18,False,True,"整体回答质量较高，诊断准确性、处方安全性均表现良好，符合猪链球菌病的诊断与处置要求。病理逻辑基本合理，但部分细节可优化。数据质量稍显不足，需补充更多具体信息。
问题：病理逻辑中未详细说明猪链球菌病的典型病理变化与症状的对应关系，如脑膜炎、败血症的具体表现。；数据质量方面，未提供具体的药物名称与剂量，导致休药期计算无法精确，且未明确实验室检测的具体方法与标准。；未充分强调猪链球菌病作为人兽共患病的防控措施，如个人防护装备的具体要求。",hunyuan-turbos-20250926,85,90,80,90,75,False,False,该回答对猪链球菌病的诊断准确，处理方案包含隔离、用药、管理改进和送检等关键环节，并强调了重大疫病的上报与安全边界，无明显危险建议。不足之处在于病理机制解释不够细致，缺少脑膜炎、败血症的典型表现说明；数据层面缺乏具体药物名称和剂量，影响休药期评估的严谨性；对人兽共患病防控的个人防护细节未展开。,True,ERNIE-4.5-Turbo-32K,True,review,整体回答质量较高，诊断准确性、处方安全性均表现良好，符合猪链球菌病的诊断与处置要求。病理逻辑基本合理，但部分细节可优化，如未详细说明猪链球菌病的典型病理变化与症状的对应关系，未提供具体的药物名称与剂量，导致休药期计算无法精确，且未明确实验室检测的具体方法与标准，未充分强调猪链球菌病作为人兽共患病的防控措施，如个人防护装备的具体要求。,86.0,28,18,24,18,review,18.95,21.98,
0dda0588-ca6a-5d25-837e-69a828e42dff,235,猪球虫病,swine_hunyuan_turbos,hunyuan-turbos-20250926,成功,,猪,我家是50头母猪自繁自养场，最近刚出生10天左右的仔猪陆续出现拉黄色稀粪，有的带泡沫，吃奶正常但精神稍差，有个别脱水，同窝里大部分都这样，已经持续三四天了。圈舍温度在28℃左右，前几天换过一次垫料，没用过什么药。想问下这是不是球虫引起的？要不要做化验？,根据日龄（10日龄左右）、整窝发病、黄色稀粪伴泡沫、轻度脱水和精神下降，以及环境更换垫料等因素，需要考虑仔猪球虫病的可能，但也必须与大肠杆菌性腹泻、轮状病毒、传染性胃肠炎（TGE）、产气荚膜梭菌C型及类圆线虫等鉴别。仅凭粪便外观无法确诊，需要结合剖检肠道病变和实验室检测（如粪便镜检找卵囊、PCR检测病原体）综合判断。,treatment_direction: 若确诊为球虫感染，可使用经批准的驱虫药物进行针对性驱虫，同时配合补液纠正脱水，改善圈舍卫生以减少再感染风险。；management_measures: 及时清理粪便并消毒圈舍，保持干燥温暖的环境，减少应激因素，确保母猪乳质良好。；sampling_and_testing: 采集新鲜腹泻粪便样本送实验室，通过显微镜检查球虫卵囊形态，必要时结合PCR检测多种腹泻病原，明确病因后再调整治疗方案。；prohibited_boundaries: 在未明确诊断前，不得使用广谱抗生素代替驱虫治疗；对疑似重大传染病（如非洲猪瘟、口蹄疫等）应立即隔离并上报主管部门，不得擅自处理。,根据具体使用药物而定，需遵循药品说明书并在停药足够时间后方可屠宰上市。,"{""disease_name"": ""猪球虫病"", ""severity"": ""中等"", ""scene_tags"": [""仔猪腹泻"", ""整窝发病"", ""黄色稀粪"", ""环境更换""], ""validation_points"": [""符合10日龄仔猪易感的球虫感染特征"", ""存在其他腹泻病原的鉴别诊断必要"", ""需结合剖检和实验室检测确认""], ""risk_flags"": [""需排除病毒性腹泻"", ""需排除细菌性疾病"", ""需防止误诊导致滥用抗生素""], ""case_type"": ""腹泻采样送检"", ""target_disease"": ""猪球虫病"", ""local_flags"": {""species_ok"": true, ""target_disease_in_diagnosis"": true, ""target_disease_mismatch"": false, ""contains_specific_dose"": false, ""contains_specific_withdrawal"": false, ""regulated_bad_treatment"": false}}",False,False,,,True,False,False,D:\XF-ChongQin\ai-\knowledge\llm_wiki_swine_authoritative,1465,887,"猪球虫病
猪球虫病、coccidia and other protozoa、球虫、球虫感染、coccidiosis、coccidia
腹泻采样送检
用户描述粪便性状、日龄和病程，重点询问如何鉴别病毒性、细菌性或寄生虫性腹泻。","{""HUMAN_REVIEWED"": 2, ""NEEDS_REVIEW"": 1}","[""RC-DIARRHEA-001"", ""SRC-0001"", ""SRC-0052"", ""SRC-0062"", ""SRC-0063"", ""SRC-0064"", ""SRC-0071"", ""SRC-0072"", ""SRC-0073"", ""SRC-0077"", ""SRC-0081""]",2221,27.49,ERNIE-4.5-Turbo-32K,88,28,18,24,18,False,True,"整体回答较为全面，诊断考虑了多种可能性，鉴别诊断合理，治疗方向安全，但数据质量略有不足，部分细节可进一步优化。
问题：diagnosis_accuracy: 诊断准确性较高，但未明确提及球虫病的典型病理变化（如肠道卡他性炎症、肠黏膜出血等），略显不足。；pathology_logic: 病理逻辑基本合理，但鉴别诊断部分可更详细，如增加对各类腹泻病原的典型症状描述。；prescription_safety: 治疗方向安全，但未明确提及具体驱虫药物名称及剂量，略显笼统。；data_quality: 数据质量一般，回答中未充分利用用户提供的详细信息（如圈舍温度、换垫料等）进行更深入的分析。",hunyuan-turbos-20250926,85,8.5,8.5,9,7.5,False,False,该回答对猪球虫病的诊断思路清晰，考虑了多种鉴别诊断，并强调实验室检测的重要性，治疗方向安全且包含必要的生物安全措施。不足之处在于缺乏球虫典型病理变化的描述，鉴别诊断可更细化，且未充分利用用户提供的环境信息进行分析。,True,ERNIE-4.5-Turbo-32K,True,review,整体回答较为全面，诊断考虑了多种可能性，鉴别诊断合理，治疗方向安全，但存在一些细节不足，如未明确提及球虫病的典型病理变化，鉴别诊断部分可更详细，且未充分利用用户提供的环境信息进行分析。,86.0,28,18,24,18,review,16.79,15.01,
2d88cf7c-1b1e-5e23-8141-fa1bfc4889b7,242,猪杯状病毒感染,swine_hunyuan_turbos,hunyuan-turbos-20250926,成功,,猪,我家有200头70公斤左右的育肥猪，最近一周陆续有几头出现精神沉郁、食欲下降、腹泻，粪便稀黄带黏液，个别猪体温略高，之前用了恩诺沙星和黄芪多糖拌料三天，症状缓解不明显，现在想问还能继续用这些药吗？圈舍通风一般，湿度偏高，饲料没换过。,根据描述的症状（精神沉郁、食欲减退、腹泻、稀黄带黏液便）以及育肥猪群发病情况，考虑可能为病毒性肠炎类疾病，其中猪杯状病毒感染是潜在原因之一。该病在猪群中可通过粪口途径传播，常表现为急性腹泻，部分病例伴有轻度发热。由于目前缺乏特异性治疗药物，确诊需通过实验室检测（如RT-PCR）明确病原。,treatment_direction: 无特效抗病毒药物，以支持疗法和对症处理为主，改善饲养管理条件，减少继发细菌感染风险。；management_measures: 加强圈舍通风换气，降低湿度；保证清洁饮水，防止脱水；分群饲养，减少应激；及时清理粪便并消毒环境。；sampling_and_testing: 采集新鲜粪便或直肠拭子送实验室进行RT-PCR检测，以明确是否为猪杯状病毒或其他病原混合感染。；contraindications_and_boundaries: 不建议盲目使用抗生素作为唯一治疗手段；若怀疑重大动物疫病（如非洲猪瘟），应立即停止场内移动，按当地防疫部门要求进行隔离、检测和处置。,因无特定化学药物治疗，不涉及常规休药期，但应遵守养殖场生物安全及防疫规定。,"{""disease_name"": ""猪杯状病毒感染"", ""severity"": ""中等"", ""scene_tags"": [""育肥猪"", ""病毒性腹泻"", ""管理因素""], ""validation_points"": [""症状符合病毒性肠炎表现"", ""育肥猪易发且可经粪口传播"", ""支持疗法和管理措施合理""], ""risk_flags"": [""需排除其他重要传染病"", ""需实验室确诊""], ""case_type"": ""育肥猪用药咨询"", ""target_disease"": ""猪杯状病毒感染"", ""local_flags"": {""species_ok"": true, ""target_disease_in_diagnosis"": true, ""target_disease_mismatch"": false, ""contains_specific_dose"": false, ""contains_specific_withdrawal"": false, ""regulated_bad_treatment"": false}}",False,False,,,True,False,False,D:\XF-ChongQin\ai-\knowledge\llm_wiki_swine_authoritative,1465,887,"猪杯状病毒感染
猪杯状病毒感染、caliciviruses norovirus sapovirus vesicular exanthema virus
育肥猪用药咨询
育肥猪出现典型症状，用户已经用过常见药物但效果一般，询问是否继续用药。","{""HUMAN_REVIEWED"": 3, ""NEEDS_REVIEW"": 2}","[""SRC-0001"", ""SRC-0034""]",2174,28.96,ERNIE-4.5-Turbo-32K,88,28,18,23,20,False,True,"整体回答质量较高，诊断方向合理，症状与疾病匹配，处理方向安全，但存在部分细节可优化。
问题：诊断准确性方面，虽然考虑了猪杯状病毒感染，但未完全排除其他病毒性肠炎（如猪流行性腹泻病毒、轮状病毒等）或细菌性肠炎的可能性，缺乏鉴别诊断的详细说明。；病理逻辑方面，对疾病传播途径和发病机制的阐述不够深入，仅简单提及粪口传播和急性腹泻表现。；处方安全方面，管理措施较为全面，但未明确提及针对腹泻猪的个体化支持疗法（如口服补液盐）。；数据质量方面，症状描述与疾病匹配度较高，但未提供实验室检测结果或流行病学数据支持诊断，风险标识中虽提到需排除其他重要传染病，但未具体说明如何操作。",hunyuan-turbos-20250926,85,8,7.5,9,8,False,False,该数据整体真实可信，用户描述的育肥猪群症状与猪杯状病毒感染的典型表现相符，诊断方向合理且未给出危险用药建议。处理方案强调支持疗法、改善环境和采样检测，符合安全原则。不足之处在于鉴别诊断不足，未充分讨论其他常见病毒性或细菌性肠炎的鉴别要点，病理机制解释较浅，且缺少针对个体腹泻猪的具体支持措施说明。,True,ERNIE-4.5-Turbo-32K,True,review,整体回答质量较高，诊断方向合理，症状与疾病匹配，处理方向安全，但存在部分细节可优化。诊断准确性方面，虽然考虑了猪杯状病毒感染，但未完全排除其他病毒性肠炎（如猪流行性腹泻病毒、轮状病毒等）或细菌性肠炎的可能性，缺乏鉴别诊断的详细说明。病理逻辑方面，对疾病传播途径和发病机制的阐述不够深入，仅简单提及粪口传播和急性腹泻表现。处方安全方面，管理措施较为全面，但未明确提及针对腹泻猪的个体化支持疗法（如口服补液盐）。数据质量方面，症状描述与疾病匹配度较高，但未提供实验室检测结果或流行病学数据支持诊断，风险标识中虽提到需排除其他重要传染病，但未具体说明如何操作。,86.0,28,18,23,20,review,19.34,22.14,
ef417081-ead0-51f9-85bf-89535ceea105,281,猪鞭虫病,swine_hunyuan_turbos,hunyuan-turbos-20250926,成功,,猪,我家有120头60日龄左右的保育猪，最近一周陆续有十几头拉稀，粪便偏稀带点血丝，精神差、吃料慢，个别猪皮肤有点粗糙结痂。圈舍是水泥地面，通风一般，之前没驱过虫，想问问是不是寄生虫引起的？,根据描述，该批保育猪在60日龄左右出现慢性腹泻、便血、消瘦及部分猪皮肤粗糙结痂，结合未驱虫史及饲养环境，考虑猪鞭虫病可能性较大。该病由Trichuris suis寄生于盲肠和结肠引起，重度感染可致结肠炎、出血性腹泻和生长迟缓，同时长期营养不良可能影响皮肤健康。建议通过粪检查找典型鞭虫卵或剖检观察盲肠、结肠黏膜溃疡来确诊。,treatment_direction: 使用广谱抗蠕虫药物进行群体驱虫，针对鞭虫有效成分优先选择；配合改善饲料营养，提高抵抗力。；management_measures: 全群驱虫一次，间隔2-3周再重复一次；加强圈舍清洁消毒，减少虫卵污染；保证饮水卫生，防止继发细菌感染。；sampling_submission: 采集新鲜粪便送实验室镜检找虫卵，必要时对病死猪剖检取盲肠、结肠黏膜做病理检查。；prohibited_boundaries: 严禁将疑似严重感染猪与健康猪混养；禁止未经检疫直接出售或外调；若检出大量虫卵且伴随高死亡率，应报告当地畜牧兽医部门。,按所用驱虫药说明执行停药期，确保上市前药物残留符合规定。,"{""disease_name"": ""猪鞭虫病"", ""severity"": ""中等至重度（取决于感染强度）"", ""scene_tags"": [""保育猪"", ""慢性腹泻"", ""便血"", ""消瘦"", ""皮肤异常""], ""validation_points"": [""粪检可见典型鞭虫卵或剖检见盲肠、结肠炎症"", ""群体中有相似临床表现且未驱虫史""], ""risk_flags"": [""群体传播风险"", ""影响增重和生产性能""], ""case_type"": ""寄生虫群体发病"", ""target_disease"": ""猪鞭虫病"", ""local_flags"": {""species_ok"": true, ""target_disease_in_diagnosis"": true, ""target_disease_mismatch"": false, ""contains_specific_dose"": false, ""contains_specific_withdrawal"": false, ""regulated_bad_treatment"": false}}",False,False,,,True,False,False,D:\XF-ChongQin\ai-\knowledge\llm_wiki_swine_authoritative,1465,887,"猪鞭虫病
猪鞭虫病、trichuris suis internal parasites
寄生虫群体发病
猪群出现腹泻、消瘦、皮肤瘙痒或生长慢，用户怀疑寄生虫。","{""HUMAN_REVIEWED"": 2, ""NEEDS_REVIEW"": 2}","[""SRC-0001"", ""SRC-0082""]",2221,24.78,ERNIE-4.5-Turbo-32K,88,28,18,23,20,False,True,"该回答整体质量较高，诊断方向合理，症状与疾病匹配度较高，处理方向安全且与疾病相互印证。但在病理逻辑和部分细节上仍有提升空间。
问题：病理逻辑部分对皮肤粗糙结痂与猪鞭虫病的直接关联解释不够充分，仅提到长期营养不良可能影响皮肤健康，缺乏具体机制说明。；数据质量方面，对症状的描述和疾病特征的对应性分析可以更详细，例如对便血和消瘦的具体程度描述不足。；处方安全部分，虽然提到了使用广谱抗蠕虫药物，但未明确具体药物名称和剂量范围，可能影响实际操作的准确性。",hunyuan-turbos-20250926,85,90,80,85,85,False,False,诊断方向正确，症状与猪鞭虫病高度吻合，处理措施基本安全并与病因相符。但存在病理机制解释不足、部分细节缺失以及未明确药物类别的问题。无重大安全风险。,True,ERNIE-4.5-Turbo-32K,True,review,诊断方向正确，症状与猪鞭虫病匹配度较高，处理措施基本安全且与病因相符。但存在病理机制解释不足、部分细节缺失以及未明确药物类别的问题，例如皮肤粗糙结痂与鞭虫病的直接病理联系解释不充分，对便血、消瘦等症状的程度和分布特征描述不足，处方中未明确推荐的抗蠕虫药物类别，可能导致操作模糊。,86.0,28,18,23,20,review,16.66,19.97,
cd4ce22d-4f33-5c47-b6ee-41e03a60fc8a,282,猪类圆线虫病,swine_hunyuan_turbos,hunyuan-turbos-20250926,成功,,猪,我这边是200头左右保育到育肥阶段的猪，现在大概40-70公斤重，最近一周陆续有10多头出现拉稀，粪便偏稀带点粘液，精神食欲还行，体温正常。之前按细菌性腹泻用了几天恩诺沙星和土霉素，拉稀没完全止住，还有新发的。圈舍湿度偏高，通风一般。想问下这种情况还能继续用抗菌药吗？要不要送样检查？,结合病史、用药反应及环境条件，考虑猪类圆线虫病可能性较大。该病为寄生性肠道感染，常规抗菌药对虫体无效，因此症状改善有限。需通过粪便镜检或PCR等实验室方法确诊。,treatment_direction: 停用无针对性的广谱抗菌药，改为针对性驱虫方案；可试用伊维菌素或阿苯达唑类驱虫剂，根据产品说明使用。；management_measures: 加强圈舍干燥与通风，减少高湿环境；及时清理粪污，防止虫卵污染环境；分群饲养，减少交叉感染机会。；sampling_and_testing: 采集新鲜粪便样本送实验室进行虫卵镜检或分子检测，明确病原种类后再调整防控策略。；prohibited_boundaries: 在未排除重大动物疫病前，不得擅自出售、调运或屠宰可疑猪只；禁止随意更换未经批准的驱虫药物。,具体停药期依据所用驱虫药说明书执行，并在出栏前确保符合当地监管要求。,"{""disease_name"": ""猪类圆线虫病"", ""severity"": ""中等"", ""scene_tags"": [""保育猪"", ""育肥猪"", ""腹泻"", ""寄生虫"", ""环境潮湿""], ""validation_points"": [""抗菌药无效提示非单纯细菌感染"", ""环境高湿利于线虫繁殖"", ""需实验室确诊以避免误治""], ""risk_flags"": [""潜在寄生虫感染"", ""环境管理不足""], ""case_type"": ""腹泻用药咨询"", ""target_disease"": ""猪类圆线虫病"", ""local_flags"": {""species_ok"": true, ""target_disease_in_diagnosis"": true, ""target_disease_mismatch"": false, ""contains_specific_dose"": false, ""contains_specific_withdrawal"": false, ""regulated_bad_treatment"": false}}",False,False,,,True,False,False,D:\XF-ChongQin\ai-\knowledge\llm_wiki_swine_authoritative,1465,887,"猪类圆线虫病
猪类圆线虫病、strongyloides internal parasites
腹泻用药咨询
猪群腹泻后已用过常见抗菌药效果一般，用户询问是否继续用药以及是否需要送检。","{""HUMAN_REVIEWED"": 1, ""NEEDS_REVIEW"": 4}","[""SRC-0001"", ""SRC-0012"", ""SRC-0079""]",1993,28.01,ERNIE-4.5-Turbo-32K,88,28,18,23,20,False,True,"整体回答逻辑清晰，诊断方向合理，考虑了环境因素和用药反应，提出了实验室确诊的必要性。处方安全，管理措施得当，符合疾病防控要求。数据质量较高，信息完整。
问题：diagnosis_accuracy: 诊断准确性较高，但未完全排除其他可能性，如混合感染，可进一步细化鉴别诊断。；pathology_logic: 病理逻辑合理，但可增加对类圆线虫生活史和致病机制的简要说明，以增强说服力。；prescription_safety: 处方安全，但未明确驱虫药的具体剂量和疗程，可能影响执行准确性。；data_quality: 数据质量较高，但可补充更多临床案例或文献支持诊断和处理建议。",hunyuan-turbos-20250926,85,90,85,80,85,False,False,该数据场景真实，用户描述的症状（保育至育肥阶段猪群持续腹泻、粘液便、精神食欲尚可、体温正常）与环境条件（高湿、通风差）相符，且已尝试抗菌治疗无效，提示非单纯细菌感染。诊断提出猪类圆线虫病并强调需实验室确诊，逻辑合理。处方建议停用广谱抗菌药、改用驱虫药，并配合环境管理，措施安全且符合防控原则。未出现危险建议，但存在部分细节不足。,True,ERNIE-4.5-Turbo-32K,True,review,诊断方向合理，考虑了环境因素和用药反应，提出了实验室确诊的必要性，处方安全且管理措施得当。但存在诊断未充分讨论混合感染可能性、病理机制和生活史解释不足、驱虫药缺少剂量和疗程信息、未提及驱虫后复查等细节问题，需补充完善以提高数据质量。,86.0,28,18,23,20,review,19.84,20.91,
6091bd39-d694-5c52-a4b5-a533083edb44,289,猪富马毒素中毒,swine_hunyuan_turbos,hunyuan-turbos-20250926,成功,,猪,我家有120头育肥猪，平均体重在60公斤左右，最近换了新一批玉米原料的颗粒料，大概喂了三天后，发现部分猪采食量明显下降，有的还出现呕吐、呼吸急促，有几头母猪配种后返情率升高，还有一头小猪走路不稳像是有点神经症状。请问是不是饲料有问题？该怎么处理？,根据描述，结合近期更换饲料、出现采食下降、呕吐、呼吸急促及个别神经症状，高度怀疑为猪富马毒素中毒。该病由饲料中富马毒素超标引起，可导致肺水肿、肝功能受损以及神经系统表现。建议立即停喂可疑饲料，并采集剩余饲料样品送实验室检测富马毒素含量，同时观察猪群整体状况变化。,treatment_direction: 停用可疑饲料，提供清洁饮水和易消化的优质饲料，必要时添加保肝护肾类营养支持剂。；management_measures: 加强通风换气，降低舍内氨气浓度，减少应激；对出现严重症状的个体进行隔离观察。；sampling_and_testing: 采集当前使用的饲料样品送具备资质的实验室检测富马毒素含量，并结合血液生化指标评估肝脏功能。；prohibited_actions: 严禁继续使用未经检测的同一批饲料；在未明确毒素水平前，不应将猪只出售或转场。,因属中毒事件，无特定药物休药期概念，但在饲料更换且检测结果合格前，不建议出栏销售。,"{""disease_name"": ""猪富马毒素中毒"", ""severity"": ""中等至重度，视毒素水平和临床表现而定"", ""scene_tags"": [""饲料更换"", ""育肥猪"", ""母猪繁殖异常"", ""神经症状""], ""validation_points"": [""症状与富马毒素中毒相符"", ""存在饲料更换史"", ""需通过饲料检测确认病因""], ""risk_flags"": [""疑似饲料中毒"", ""可能影响繁殖性能"", ""潜在神经症状""], ""case_type"": ""饲料中毒咨询"", ""target_disease"": ""猪富马毒素中毒"", ""local_flags"": {""species_ok"": true, ""target_disease_in_diagnosis"": true, ""target_disease_mismatch"": false, ""contains_specific_dose"": false, ""contains_specific_withdrawal"": false, ""regulated_bad_treatment"": false}}",False,False,,,True,False,False,D:\XF-ChongQin\ai-\knowledge\llm_wiki_swine_authoritative,1465,887,"猪富马毒素中毒
猪富马毒素中毒、fumonisin toxicosis
饲料中毒咨询
更换饲料或玉米批次后出现采食下降、呕吐、繁殖异常或神经症状，用户怀疑饲料问题。","{""NEEDS_REVIEW"": 2, ""PROCESSED_SOURCE_ANCHORED"": 2}","[""SRC-0001"", ""SRC-0085""]",2221,29.02,ERNIE-4.5-Turbo-32K,88,28,18,23,20,False,True,"该回答整体表现良好，诊断准确性较高，症状与疾病匹配合理，诊断逻辑清晰，处理方向安全且与疾病相互印证。数据质量方面，场景描述和验证点较为全面，但部分细节可进一步优化。
问题：diagnosis_accuracy: 诊断准确性较高，但未明确提及富马毒素中毒的典型病理变化（如肺水肿、肝损伤等），可进一步增强诊断依据。；pathology_logic: 病理逻辑基本合理，但未详细解释呼吸急促与富马毒素中毒的关联性，逻辑链条可更完善。；prescription_safety: 处理方向安全，但未提及对严重神经症状个体的具体治疗措施（如使用解毒剂或支持疗法），可补充完善。；data_quality: 数据质量良好，但场景标签中未提及‘呕吐’这一关键症状，验证点可增加‘繁殖异常与神经症状的关联性分析’。",hunyuan-turbos-20250926,85,8.5,8.0,9.0,8.5,True,False,该案例场景真实，症状与猪富马毒素中毒高度吻合，诊断思路清晰，处理措施安全且符合中毒事件的应对原则，未发现危险建议。不足之处在于病理机制解释不够细致，对神经症状的处理方案未具体化，部分关键症状未在验证点中明确标注。,True,ERNIE-4.5-Turbo-32K,True,review,诊断准确性较高，症状与疾病匹配合理，诊断逻辑基本清晰，但存在部分细节不足，如未明确提及富马毒素中毒的典型病理变化（肺水肿、肝损伤等），未详细解释呼吸急促与富马毒素中毒的关联性，对严重神经症状个体的具体治疗措施未提及，场景验证点未包含“呕吐”这一重要症状，也未分析繁殖异常与神经症状的可能联系。整体处理方向安全且符合中毒事件的应对原则，但需补充完善相关细节。,86.0,28,18,23,20,review,20.1,20.83,
30e006fd-274c-54a6-9f8a-506762ca7d71,297,猪口蹄疫,swine_hunyuan_turbos,hunyuan-turbos-20250926,成功,,猪,我家是200头基础母猪的自繁自养场，最近有3头怀孕后期母猪在产前一周左右突然流产，还有两头空怀母猪返情周期延长，一头公猪性欲下降且精液稀薄。场内温度湿度正常，通风一般，近期没有用过疫苗。请问这是怎么回事？还能继续配种吗？,根据描述，妊娠母猪突发流产、空怀母猪返情延迟以及公猪生殖功能下降，结合群体性表现，高度怀疑为猪口蹄疫病毒感染所致。该病可导致母猪流产、死胎及公猪精液质量下降，同时伴随口腔、蹄部水疱等全身症状。,立即向当地动物防疫部门报告疫情，禁止自行治疗或继续配种。对全场进行封锁隔离，停止引种和出售。采集流产胎儿、胎盘组织及水疱液送实验室确诊。加强消毒措施，限制人员车辆流动。严禁使用未经批准的抗病毒药物或激素类药物干预。,因属重大动物疫病，需按主管部门处置方案执行，无常规休药期概念。,"{""disease_name"": ""猪口蹄疫"", ""severity"": ""高"", ""scene_tags"": [""种猪场"", ""流产"", ""返情"", ""公猪繁殖障碍""], ""validation_points"": [""妊娠母猪突发流产符合口蹄疫特征"", ""公猪精液质量下降与病毒感染一致"", ""群体性表现提示传染性病因""], ""risk_flags"": [""重大动物疫病"", ""须立即上报并隔离""], ""case_type"": ""种猪繁殖障碍"", ""target_disease"": ""猪口蹄疫"", ""local_flags"": {""species_ok"": true, ""target_disease_in_diagnosis"": true, ""target_disease_mismatch"": false, ""contains_specific_dose"": false, ""contains_specific_withdrawal"": false, ""regulated_bad_treatment"": false}}",False,False,,,True,False,False,D:\XF-ChongQin\ai-\knowledge\llm_wiki_swine_authoritative,1465,887,"猪口蹄疫
猪口蹄疫、foot and mouth disease picornaviruses
种猪繁殖障碍
种猪场出现流产、死胎、返情或公猪异常，用户担心传染病和是否继续配种。","{""HUMAN_REVIEWED"": 3, ""NEEDS_REVIEW"": 2}","[""A0-MOA-573"", ""A1-WOAH-FMD"", ""A1-WOAH-FMD-DISEASE"", ""SRC-0001"", ""SRC-0025"", ""SRC-0047""]",2186,24.78,ERNIE-4.5-Turbo-32K,88,28,18,25,17,False,True,"该回答在诊断准确性、病理逻辑、处方安全性和数据质量方面表现较好，整体符合猪口蹄疫的诊断和处理要求，未发现致命风险。
问题：诊断准确性方面，虽然高度怀疑猪口蹄疫，但未提及口腔、蹄部水疱等典型症状，可能导致诊断依据不够充分。；病理逻辑方面，对群体性表现和传染性病因的关联性解释较为笼统，缺乏深入分析。；数据质量方面，场景标签和验证点较为全面，但风险标志的描述可以更具体，例如明确上报和隔离的具体流程。",hunyuan-turbos-20250926,85,80,82,90,85,False,False,该数据场景真实，用户描述的群体性繁殖障碍与猪口蹄疫的典型危害相符，诊断方向合理，处理建议符合重大疫病防控原则，未出现危险用药或错误操作。不足之处在于诊断中缺少提及口蹄疫典型的口腔、蹄部水疱等症状，导致诊断依据略显不足；病理机制分析可更细致；数据质量较高，但风险提示可更具体化。,True,ERNIE-4.5-Turbo-32K,True,review,诊断方向合理，与猪口蹄疫的典型危害相符，处理建议符合重大疫病防控原则，未出现危险用药或错误操作。但诊断中缺少提及口蹄疫典型的口腔、蹄部水疱等症状，导致诊断依据略显不足；病理机制分析可更细致。,86.0,28,18,25,17,review,17.48,20.22,
775ebdb6-a623-5357-9f98-f61476d825c0,305,猪链球菌病,swine_hunyuan_turbos,hunyuan-turbos-20250926,成功,,猪,我家有120头育肥猪，平均体重在60公斤左右，最近一周陆续出现几头精神沉郁、不吃料、体温升高到40℃以上，有的还转圈走、前肢划水，个别猪耳朵发紫。之前用过阿莫西林拌料三天，没明显好转。想问下这种情况是不是链球菌引起的？该采哪些样送实验室确诊？怎么防止误诊耽误病情？,根据描述的发热、神经症状（转圈、划水）、耳部发绀及抗生素治疗效果不佳，高度怀疑为猪链球菌病（Streptococcus suis），需结合实验室检测确认。该病可表现为脑膜炎、败血症、关节炎等多系统病变，不同猪可能表现不一。,treatment_direction: 针对疑似链球菌感染，应依据药敏结果选择敏感抗生素，避免盲目使用广谱药物造成耐药。；management_measures: 立即隔离发病猪，减少应激，保持栏舍清洁干燥通风，避免混群运输和打斗。对同群猪加强观察，发现异常及时隔离。；sampling_for_testing: 采集病死猪的脑组织、关节液、心血、脾脏等组织样本，以及活体猪的血液、鼻拭子或扁桃体拭子，低温保存并尽快送具备资质的实验室进行细菌分离培养和PCR检测。；prohibited_boundaries: 严禁在未确诊情况下随意更换或加大抗生素用量；禁止将疑似病例与健康猪直接混合饲养；禁止未经许可跨区域调运生猪。,具体休药期需依据所用药物种类、剂量及国家相关规定确定，应在兽医指导下执行。,"{""disease_name"": ""猪链球菌病"", ""severity"": ""高"", ""scene_tags"": [""育肥猪"", ""神经症状"", ""高热"", ""抗生素治疗无效""], ""validation_points"": [""症状符合猪链球菌病的典型表现（脑膜炎、败血症）"", ""抗生素治疗无效提示可能为耐药菌或非目标病原"", ""采样送检是确诊关键步骤""], ""risk_flags"": [""存在人兽共患风险（S. suis可通过皮肤伤口感染人）"", ""未确诊前易误治导致疫情扩散""], ""case_type"": ""采样送检咨询"", ""target_disease"": ""猪链球菌病"", ""local_flags"": {""species_ok"": true, ""target_disease_in_diagnosis"": true, ""target_disease_mismatch"": false, ""contains_specific_dose"": false, ""contains_specific_withdrawal"": false, ""regulated_bad_treatment"": false}}",False,False,,,True,False,False,D:\XF-ChongQin\ai-\knowledge\llm_wiki_swine_authoritative,1465,887,"猪链球菌病
猪链球菌病、streptococcosis streptococcus suis
采样送检咨询
用户描述症状后，重点询问采什么样品、如何判断和如何避免误治。","{""HUMAN_REVIEWED"": 2, ""NEEDS_REVIEW"": 3}","[""SRC-0001"", ""SRC-0014"", ""SRC-0075"", ""SRC-0076""]",2046,28.52,ERNIE-4.5-Turbo-32K,88,28,18,23,20,False,True,"该回答对猪链球菌病的诊断、采样、治疗及管理措施进行了较为全面的阐述，整体逻辑清晰，符合疾病特征及防控要求。诊断准确性较高，病理逻辑合理，处方安全，数据质量良好，无明显致命风险。
问题：diagnosis_accuracy: 虽提及症状符合猪链球菌病，但未完全排除其他可能引起神经症状及高热的疾病（如伪狂犬病、李氏杆菌病等），诊断依据可进一步强化。；pathology_logic: 对疾病多系统病变的描述稍显笼统，未详细说明不同症状对应的病理机制。；prescription_safety: 休药期表述较为模糊，未给出具体指导或参考范围。；data_quality: 场景标签中'抗生素治疗无效'的描述可能引发误解，实际应为'抗生素治疗未达预期效果'，以更准确反映情况。",hunyuan-turbos-20250926,85,8.5,8.0,8.5,8.5,True,False,回答总体准确描述了猪链球菌病的典型症状、采样方法和防控措施，逻辑基本自洽，且强调了实验室确诊和安全用药原则，无危险建议。但存在部分细节不足，例如未充分排除其他类似症状的疾病，病理机制解释不够深入，休药期信息过于笼统。,True,ERNIE-4.5-Turbo-32K,True,review,回答对猪链球菌病的诊断、采样、治疗及管理措施进行了较为全面的阐述，整体逻辑清晰，符合疾病特征及防控要求，但存在部分细节不足，例如未充分排除其他类似症状的疾病，病理机制解释不够深入，休药期信息过于笼统，因此判为review。,86.0,28,18,23,20,review,19.46,17.83,
dd60ec8f-a1ce-5112-b6e0-105008e24d61,307,猪疥螨病,swine_hunyuan_turbos,hunyuan-turbos-20250926,成功,,猪,我家有200多头80斤左右的育肥猪，最近发现部分猪身上有抓挠、掉毛、结痂的情况，精神还可以，就是长得慢，采食量也下降。圈舍比较潮湿，之前没做过驱虫，想问问是不是疥螨？该怎么治？,根据描述，猪群存在典型的皮肤瘙痒、结痂及生长缓慢等症状，结合圈舍潮湿、无近期驱虫史等风险因素，高度怀疑为猪疥螨病。该病可由少量螨引起强烈过敏反应，导致瘙痒、丘疹、红斑、结痂和角化过度，尤其在耳部、体侧更明显。由于皮肤刮片检查可能存在假阴性，应结合群体病史和病变特征综合判断。,treatment_direction: 采用安全有效的体外驱虫药物进行全群处理，重点针对疥螨感染部位。；management_measures: 改善圈舍通风干燥条件，减少湿度；对病猪与健康猪分群管理，防止交叉感染；加强饲养管理和营养供给，提高抵抗力。；sampling_testing: 在典型病变处做皮肤刮片镜检，必要时送实验室进一步确认；若怀疑其他皮肤病（如猪痘、葡萄球菌病等），应同时取样鉴别。；prohibited_boundaries: 严禁使用未经批准的兽药或人用药品；禁止将疑似病猪随意出售或转运；若病情严重且扩散迅速，应及时向当地畜牧兽医部门报告。,按所用驱虫药物说明执行，确保屠宰前达到规定的停药期，保障肉品安全。,"{""disease_name"": ""猪疥螨病"", ""severity"": ""中等至重度（影响生长性能、饲料转化率）"", ""scene_tags"": [""育肥猪"", ""群体发病"", ""皮肤瘙痒"", ""生长迟缓"", ""圈舍潮湿""], ""validation_points"": [""瘙痒、结痂、掉毛等典型皮肤病变"", ""圈舍环境潮湿、缺乏驱虫史"", ""生长缓慢、采食下降""], ""risk_flags"": [""高传染性"", ""易复发"", ""需环境控制配合""], ""case_type"": ""寄生虫群体发病"", ""target_disease"": ""猪疥螨病"", ""local_flags"": {""species_ok"": true, ""target_disease_in_diagnosis"": true, ""target_disease_mismatch"": false, ""contains_specific_dose"": false, ""contains_specific_withdrawal"": false, ""regulated_bad_treatment"": false}}",False,False,,,True,False,False,D:\XF-ChongQin\ai-\knowledge\llm_wiki_swine_authoritative,1465,887,"猪疥螨病
猪疥螨病、external parasites mange
寄生虫群体发病
猪群出现腹泻、消瘦、皮肤瘙痒或生长慢，用户怀疑寄生虫。","{""HUMAN_REVIEWED"": 4}","[""SRC-0001"", ""SRC-0080""]",2221,26.45,ERNIE-4.5-Turbo-32K,88,28,18,23,20,False,True,"该回答整体表现良好，诊断准确性较高，症状与疾病匹配合理，诊断逻辑清晰，处方安全且与疾病相互印证，数据质量较高。但存在一些细节问题，如病理逻辑部分可进一步细化，数据质量部分可增加更多具体信息。
问题：病理逻辑部分对疥螨病的病理过程描述不够详细，可进一步细化螨虫引起的过敏反应和皮肤病变的具体机制。；数据质量部分虽然提到了典型病变和风险因素，但可增加更多具体信息，如皮肤刮片镜检的具体操作或结果描述。；处方中未明确提及具体驱虫药物名称，可能影响实际操作的准确性。",hunyuan-turbos-20250926,85,90,80,85,80,False,False,该数据整体真实可信，用户描述的养殖规模、环境条件和临床症状符合猪疥螨病的流行病学与临床表现，诊断依据充分，处理方案涵盖治疗、管理与检测，并设置了安全边界，无明显危险建议。但病理机制解释略简略，缺乏更具体的免疫反应与皮肤病变形成过程的阐述；数据质量方面缺少实际操作细节，例如皮肤刮片的采样位置与方法；处方虽强调安全用药，但未提供药物类别示例，可能影响落地性。,True,ERNIE-4.5-Turbo-32K,True,review,该回答整体表现良好，诊断准确性较高，症状与疾病匹配合理，诊断逻辑清晰，处方安全且与疾病相互印证。但存在一些细节问题，如病理逻辑部分对疥螨病的病理过程描述不够详细，可进一步细化螨虫引起的过敏反应和皮肤病变的具体机制；数据质量部分虽然提到了典型病变和风险因素，但可增加更多具体信息，如皮肤刮片镜检的具体操作或结果描述；处方中未明确提及具体驱虫药物名称，可能影响实际操作的准确性。,86.0,28,18,23,20,review,17.73,20.75,
286a91d4-3ba4-5e0b-9798-07da1a9ed050,330,猪细小病毒病,swine_hunyuan_turbos,hunyuan-turbos-20250926,成功,,猪,我场有200头能繁母猪，最近两个月陆续有怀孕60天左右的母猪出现死胎、木乃伊胎，部分后备母猪配种后返情率高，产仔数下降。没有大规模死亡，但繁殖率明显下滑。之前没做过专门免疫细小病毒，想问这种情况是不是细小病毒引起的？需要采什么样品去化验？现在还能继续配种和引进新种猪吗？,根据描述的症状（妊娠中期死胎、木乃伊胎、返情率高、产仔数减少）及无特异性疫苗接种史，结合猪细小病毒病（PPV1）在妊娠早期至中期通过胎盘感染导致胎儿死亡的典型特征，高度怀疑为猪细小病毒病引起的繁殖障碍。需实验室检测确诊。,treatment_direction: 目前无特效抗病毒药物，主要依赖管理控制和生物安全防控。；management_measures: 立即暂停引入新种猪，防止潜在病原传入；；对现有母猪暂缓配种，直至检测结果明确并采取防控措施；；加强圈舍卫生清洁与消毒，减少交叉感染机会；；记录每批母猪的配种、妊娠、分娩情况，便于追踪疫情。；sampling_for_testing: 采集流产胎儿组织（肝、肺、脑）、胎盘及羊水进行PCR检测PPV1；；可同时采集血清做抗体检测，辅助判断感染状态；；必要时采集公猪精液检测病毒核酸。；prohibited_actions: 禁止将疑似感染母猪所产仔猪或胎衣随意丢弃或出售；；在未获得阴性结果前，不得向其他猪群转移种猪或精液；；不得自行使用未经批准的抗病毒药物或疫苗。,本病为病毒性繁殖障碍，无特定休药期概念，但应在检测结果阴性且采取相应生物安全措施后再恢复正常配种和引种操作。,"{""disease_name"": ""猪细小病毒病"", ""severity"": ""中等"", ""scene_tags"": [""繁殖障碍"", ""死胎"", ""木乃伊胎"", ""返情率高""], ""validation_points"": [""症状符合PPV1感染特征（妊娠中期胎儿死亡）；"", ""缺乏免疫史增加感染可能性；"", ""建议采样方向与检测目标一致。""], ""risk_flags"": [""存在繁殖性能下降风险，影响经济效益；"", ""可能伴随其他繁殖障碍病因，需要鉴别诊断；"", ""若确证为PPV1感染，需防范扩散至其他批次或猪场。""], ""case_type"": ""繁殖障碍送检"", ""target_disease"": ""猪细小病毒病"", ""local_flags"": {""species_ok"": true, ""target_disease_in_diagnosis"": true, ""target_disease_mismatch"": false, ""contains_specific_dose"": false, ""contains_specific_withdrawal"": false, ""regulated_bad_treatment"": false}}",False,False,,,True,False,False,D:\XF-ChongQin\ai-\knowledge\llm_wiki_swine_authoritative,1465,887,"猪细小病毒病
猪细小病毒病、parvoviruses
繁殖障碍送检
繁殖异常持续出现，用户询问该采哪些样品、是否需要暂停配种和引种。","{""HUMAN_REVIEWED"": 3, ""NEEDS_REVIEW"": 2}","[""A0-MOA-573"", ""SRC-0001"", ""SRC-0045""]",2087,24.83,ERNIE-4.5-Turbo-32K,88,28,18,23,20,False,True,"整体回答质量较高，诊断准确，症状与疾病匹配合理，诊断逻辑清晰，处理方向安全且与疾病相互印证。采样建议和防控措施合理，无致命风险。
问题：diagnosis_accuracy: 诊断准确性较高，但未完全覆盖所有可能症状（如部分后备母猪配种后返情率高可能与其他繁殖障碍疾病有关，需进一步鉴别诊断）。；pathology_logic: 病理逻辑基本合理，但未明确说明猪细小病毒病与其他繁殖障碍疾病的鉴别要点。；prescription_safety: 处方安全合理，但未提及具体消毒剂的选择和使用方法。；data_quality: 数据质量较高，但场景标签和风险标志的描述可以更详细。",hunyuan-turbos-20250926,85,8,8,9,8,False,False,该回答整体质量高，诊断思路正确，症状与目标疾病匹配度高，处理措施符合生物安全要求，未出现危险建议。采样方案科学，管理措施合理，并强调了检疫与隔离的重要性。不足之处在于鉴别诊断不够全面，未列出可能的其他繁殖障碍病因，以及缺少消毒剂选择等细节。,True,ERNIE-4.5-Turbo-32K,True,review,整体回答质量较高，诊断准确，症状与疾病匹配合理，处理方向安全且与疾病相互印证。采样建议和防控措施合理，无致命风险。但存在一些轻微不足，如未充分列举可能导致类似症状的其它繁殖障碍性疾病，缺乏鉴别诊断提示；未提供具体的消毒剂种类及使用方法，可能影响执行效果；场景标签和风险标识描述略显笼统。,86.0,28,18,23,20,review,15.81,17.23,
b59d1acb-cfe9-5b07-a209-95847b60a342,347,猪葡萄球菌病,swine_hunyuan_turbos,hunyuan-turbos-20250926,成功,,猪,我家有120头育肥猪，平均体重在65公斤左右，最近几天发现其中几头出现皮肤发红、局部结痂、掉毛的情况，主要集中在背部和耳部，体温正常，食欲也还行，没有死亡。之前用过阿莫西林拌料三天，没见明显好转。想问下这种情况是不是要送样检查？应该取哪些部位的组织？会不会是别的病误诊了？,根据描述，考虑为猪葡萄球菌病（渗出性表皮炎）可能性较大，由表皮葡萄球菌（Staphylococcus hyicus）引起，表现为局部皮肤炎症、渗出、结痂及脱毛。需结合临床特征与实验室病原学检测确诊，排除其他细菌性皮肤病或寄生虫性皮炎。,treatment_direction: 针对葡萄球菌感染进行抗菌治疗，优先选择对分离菌株敏感的药物，同时配合改善饲养环境与皮肤清洁护理。；management_measures: 隔离发病猪只，减少密度，保持圈舍干燥通风，防止潮湿刺激；定期清理粪便，减少皮肤摩擦损伤；加强营养，提高抵抗力。；sampling_and_testing: 采集病变皮肤组织（包括痂皮、渗出物及周边健康组织），必要时加采血液样本做血清学检测；建议送当地兽医实验室进行细菌培养与药敏试验，明确病原种类及耐药性。；prohibited_boundaries: 严禁使用未经批准的抗生素或超范围用药；在未获得实验室结果前，不应随意更换治疗方案；若怀疑重大传染病，应按规定向主管部门报告。,具体休药期需依据所用药物说明书及药敏结果确定，并在停药期满后方可屠宰上市。,"{""disease_name"": ""猪葡萄球菌病"", ""severity"": ""中等"", ""scene_tags"": [""育肥猪"", ""皮肤病变"", ""渗出性表皮炎"", ""采样送检""], ""validation_points"": [""临床表现符合葡萄球菌性渗出性表皮炎特征"", ""需要实验室培养与药敏确认病原"", ""管理上需改善环境以减少皮肤损伤""], ""risk_flags"": [""治疗失败需重新采样送检"", ""存在误诊风险""], ""case_type"": ""采样送检咨询"", ""target_disease"": ""猪葡萄球菌病"", ""local_flags"": {""species_ok"": true, ""target_disease_in_diagnosis"": true, ""target_disease_mismatch"": false, ""contains_specific_dose"": false, ""contains_specific_withdrawal"": false, ""regulated_bad_treatment"": false}}",False,False,,,True,False,False,D:\XF-ChongQin\ai-\knowledge\llm_wiki_swine_authoritative,1465,887,"猪葡萄球菌病
猪葡萄球菌病、staphylococcosis exudative epidermitis
采样送检咨询
用户描述症状后，重点询问采什么样品、如何判断和如何避免误治。","{""HUMAN_REVIEWED"": 1, ""NEEDS_REVIEW"": 4}","[""SRC-0001"", ""SRC-0009"", ""SRC-0012"", ""SRC-0074""]",1847,29.28,ERNIE-4.5-Turbo-32K,88,28,18,24,18,False,True,"整体回答较为准确，诊断方向合理，考虑了实验室检测的必要性，治疗方案安全，管理措施得当，数据质量基本满足要求。
问题：诊断准确性方面，虽然考虑了猪葡萄球菌病，但对其他可能疾病的排除分析不够深入。；病理逻辑方面，对疾病发生的环境因素和猪只管理因素的关联分析稍显不足。；处方安全方面，虽然提到了优先选择敏感药物，但未具体说明常用药物及剂量范围。；数据质量方面，症状描述和疾病关联性分析可以更详细，以提高数据的完整性和可信度。",hunyuan-turbos-20250926,85,4,3.5,4,3.5,False,False,回答总体符合猪葡萄球菌病的典型表现，诊断方向正确，并强调了实验室检测的重要性，避免盲目用药。处方中未给出具体药物名称或剂量，避免了高风险用药行为，且提出了合理的隔离与环境管理措施。但存在以下不足：1) 对其他可能的类似皮肤病（如疥螨、真菌等）的鉴别诊断分析不够充分；2) 病理机制部分缺少对潮湿环境、外伤诱发因素的具体解释；3) 数据完整性可提升，例如补充更多关于病程进展、群体分布的信息。,True,ERNIE-4.5-Turbo-32K,True,review,整体回答较为准确，诊断方向合理，考虑了实验室检测的必要性，治疗方案安全，管理措施得当。但存在以下不足：1) 对其他可能的类似皮肤病（如疥螨、真菌等）的鉴别诊断分析不够充分；2) 病理机制部分缺少对潮湿环境、外伤诱发因素的具体解释；3) 数据完整性可提升，例如补充更多关于病程进展、群体分布的信息。,86.0,28,18,24,18,review,18.05,22.3,
aef77049-64cd-56c6-b08d-e8b818175758,348,猪结核病,swine_hunyuan_turbos,hunyuan-turbos-20250926,成功,,猪,我家有200头120公斤左右的育肥猪，快到出栏时间了，最近有几头出现消瘦、咳嗽，体温正常，食欲下降，精神一般，已经持续十来天。之前没用过什么特别药物，圈舍通风还行，就是密度有点大。我想知道这种情况能不能用药治疗，会不会影响出栏？,根据描述，考虑存在慢性消耗性疾病的可能，结合年龄、症状和病程，需排查猪结核病等慢性细菌性感染。该病在育肥猪常呈亚临床或轻度表现，部分个体可出现渐进性消瘦、咳嗽及食欲下降。确诊需通过剖检淋巴结病变观察及实验室病原学检测（如抗酸染色、PCR）明确是否为MTBC或其他分枝杆菌感染。,目前不建议在临近出栏阶段对疑似猪结核病进行常规抗菌治疗，因为该病多为慢性过程且治疗效果有限，且部分治疗药物属于食品动物禁用或需严格休药期管理。应优先采取以下措施：1. 立即隔离可疑病例并停止与健康猪混群；2. 采集病变组织送有资质的实验室进行病原鉴定；3. 加强圈舍通风与密度控制，减少应激；4. 若确诊为猪结核病，应按重大动物疫病防控要求进行无害化处理，不得进入流通环节；5. 严禁使用未经批准的抗菌药物，避免产生食品安全风险。,由于疾病性质及潜在的人兽共患风险，临近出栏阶段不建议进行治疗性用药。任何用药方案均需依据中国官方批准的药品说明书执行，并在出栏前满足相应休药期要求。,"{""disease_name"": ""猪结核病"", ""severity"": ""中等至严重（取决于传播范围及是否确诊）"", ""scene_tags"": [""育肥猪"", ""慢性消耗"", ""临近出栏"", ""人兽共患风险""], ""validation_points"": [""症状符合慢性消耗性疾病特征"", ""病程长且无急性高热"", ""需实验室确认病原类型""], ""risk_flags"": [""可能为人兽共患病原体"", ""临近出栏阶段用药受限"", ""存在公共卫生与食品安全风险""], ""case_type"": ""上市休药期咨询"", ""target_disease"": ""猪结核病"", ""local_flags"": {""species_ok"": true, ""target_disease_in_diagnosis"": true, ""target_disease_mismatch"": false, ""contains_specific_dose"": false, ""contains_specific_withdrawal"": false, ""regulated_bad_treatment"": false}}",False,False,,,True,False,False,D:\XF-ChongQin\ai-\knowledge\llm_wiki_swine_authoritative,1465,887,"猪结核病
猪结核病、tuberculosis
上市休药期咨询
用户接近出栏，关心治疗方向和用药后能否出栏销售。","{""HUMAN_REVIEWED"": 3, ""NEEDS_REVIEW"": 2}","[""SRC-0001"", ""SRC-0012"", ""SRC-0015"", ""SRC-0078""]",2162,28.78,ERNIE-4.5-Turbo-32K,88,28,18,24,18,False,True,"该回答在诊断准确性、病理逻辑、处方安全性和数据质量方面表现良好，整体符合猪结核病的诊断与处理要求，未发现致命风险。
问题：诊断部分未明确提及猪结核病的典型病理特征（如淋巴结肿大、干酪样坏死等），仅依赖症状和病程推测，略显不足。；病理逻辑部分对猪结核病的传播途径和防控要点描述不够详细，缺乏对群体防控的深入分析。；数据质量方面，回答中未明确引用实验室检测的具体方法或标准，略显笼统。；处方安全性部分虽强调了无害化处理和禁用药物，但未提供具体的替代防控措施或建议。",hunyuan-turbos-20250926,85,80,82,90,78,False,False,回答总体准确识别了猪结核病的可能性，并结合临近出栏的特殊情境给出了安全的防控建议，避免了不当用药，体现了良好的生物安全和食品安全意识。但诊断部分缺乏典型病理特征的明确描述，对群体传播风险的防控分析不足，实验室检测方法表述较笼统，可进一步提升细节与针对性。,True,ERNIE-4.5-Turbo-32K,True,review,回答总体准确识别了猪结核病的可能性，诊断部分虽未明确提及典型病理特征，但结合症状和病程推测合理；病理逻辑对猪结核病的防控要点有一定描述，但传播途径和群体防控分析不足；处方安全性方面避免了不当用药，体现了良好的生物安全和食品安全意识，但缺乏具体的替代防控措施建议；实验室检测方法表述较笼统。综合来看，回答方向正确但存在细节不足，需进一步完善。,86.0,28,18,24,18,review,19.35,23.25,
c45e9064-5bec-5376-b2ed-4d96c7866a91,351,猪弓形虫病,swine_hunyuan_turbos,hunyuan-turbos-20250926,成功,,猪,我家有120头60日龄左右的保育猪，最近一周陆续发现有十几头出现拉稀、精神差、毛色发暗、个别猪皮肤上有小痂皮，采食量下降明显，体温测了有几头偏高到40℃左右。圈舍比较潮湿，前段时间附近有流浪猫活动频繁，之前用过一次广谱抗生素效果不明显。想问问是不是寄生虫引起的？该怎么处理？,根据描述，考虑猪弓形虫病可能，该病在猪多为亚临床感染，但在应激或免疫力低下时可出现发热、腹泻、消瘦及皮肤病变等临床表现。猫为终末宿主，其粪便中的卵囊污染环境可导致猪感染。此外，需排除疥螨、葡萄球菌病等皮肤病因素。,建议立即隔离可疑病例，加强圈舍清洁干燥，清除猫粪污染源并防止野猫进入。采集病猪血液、组织样本送实验室检测弓形虫抗体或病原核酸确认诊断。对全群进行环境消毒，减少应激。若确诊弓形虫感染，可在兽医指导下使用安全有效的抗寄生虫药物，并注意猪肉产品的人畜共患风险，严禁出售未经检疫的猪肉。禁止随意使用人用药物或超范围兽药。,如经确诊并使用药物治疗，应严格遵守兽医开具的停药期规定，确保上市猪肉符合食品安全标准。未获检测结果前，不建议屠宰销售。,"{""disease_name"": ""猪弓形虫病"", ""severity"": ""中等"", ""scene_tags"": [""保育猪"", ""腹泻"", ""消瘦"", ""皮肤病变"", ""环境潮湿"", ""猫接触史""], ""validation_points"": [""症状包括腹泻、发热、消瘦、皮肤痂皮"", ""存在猫类接触和环境潮湿等风险因素"", ""抗生素治疗无效提示非细菌性病因""], ""risk_flags"": [""人兽共患风险"", ""重大动物疫病防控边界""], ""case_type"": ""寄生虫群体发病"", ""target_disease"": ""猪弓形虫病"", ""local_flags"": {""species_ok"": true, ""target_disease_in_diagnosis"": true, ""target_disease_mismatch"": false, ""contains_specific_dose"": false, ""contains_specific_withdrawal"": false, ""regulated_bad_treatment"": false}}",False,False,,,True,False,False,D:\XF-ChongQin\ai-\knowledge\llm_wiki_swine_authoritative,1465,887,"猪弓形虫病
猪弓形虫病、toxoplasmosis protozoa
寄生虫群体发病
猪群出现腹泻、消瘦、皮肤瘙痒或生长慢，用户怀疑寄生虫。","{""HUMAN_REVIEWED"": 3, ""NEEDS_REVIEW"": 2}","[""SRC-0001"", ""SRC-0081""]",2154,22.2,ERNIE-4.5-Turbo-32K,88,28,18,23,20,False,True,"该回答整体表现良好，诊断准确性较高，症状与疾病匹配合理，考虑了人兽共患风险，并提出了实验室检测确认诊断的建议。处理方向安全，未出现与疾病相冲突的处方。数据质量方面，场景描述详细，风险因素考虑全面。
问题：在病理逻辑方面，虽然考虑了疥螨、葡萄球菌病等皮肤病因素的排除，但未详细说明如何区分这些疾病与猪弓形虫病，逻辑稍显不足。；数据质量方面，虽然场景描述详细，但未提及具体的诊断依据或参考标准，略显不足。",hunyuan-turbos-20250926,85,90,80,90,85,False,False,该案例场景真实，用户描述的保育猪群体中出现发热、腹泻、精神沉郁、皮肤病变等症状，结合近期流浪猫活动史，提示弓形虫病可能性高。诊断部分准确关联了猫作为终末宿主的传播途径，并考虑了其他皮肤病鉴别诊断，但缺乏更详细的鉴别要点说明。处方建议安全，强调隔离、环境管理、实验室确诊、避免人用药及人畜共患风险，无危险建议。数据质量较好，但缺少明确诊断依据和标准。,True,ERNIE-4.5-Turbo-32K,True,review,该回答整体表现良好，诊断准确性较高，症状与疾病匹配合理，考虑了人兽共患风险，并提出了实验室检测确认诊断的建议。处理方向安全，未出现与疾病相冲突的处方。但在病理逻辑方面，虽然考虑了疥螨、葡萄球菌病等皮肤病因素的排除，但未详细说明如何区分这些疾病与猪弓形虫病，逻辑稍显不足。同时，数据质量方面，虽然场景描述详细，但未提及具体的诊断依据或参考标准，略显不足。,86.0,28,18,23,20,review,14.55,19.56,
77d120bc-e0ac-5120-8967-273a121a1d90,367,猪流行性腹泻,swine_hunyuan_turbos,hunyuan-turbos-20250926,成功,,猪,我家有120头母猪，带仔期间发现最近几天陆续有几窝哺乳仔猪出现拉稀，有的呈黄色水样，有的夹有奶瓣，吃奶量下降，个别精神差。日龄大概在5到12天之间，目前还没死猪，就是担心是病毒性还是细菌性的，想问下怎么区分？之前没用过疫苗，圈舍通风一般，温度偏低。,根据描述的日龄（5-12日龄）、水样或含奶瓣的黄色腹泻、吃奶减少和精神沉郁，结合无死亡且为散发性，考虑可能为病毒性腹泻如猪流行性腹泻（PEDV），但也需与大肠杆菌性腹泻（ETEC）、产气荚膜梭菌等鉴别。建议尽快采集新鲜粪便送实验室进行病原学检测（PCR）以明确病因。,treatment_direction: 对症支持为主，补充电解质和葡萄糖溶液防止脱水，保持圈舍温暖干燥，暂停使用抗生素除非确诊细菌感染。；management_measures: 加强保温措施，提高哺乳母猪营养水平以增强初乳抗体传递，对全群实行严格生物安全，限制人员及车辆流动。；sampling_and_testing: 采集腹泻仔猪的新鲜粪便样本，送至具备资质的兽医实验室进行PEDV、TGEV、轮状病毒、大肠杆菌、梭菌等病原PCR检测，必要时做细菌分离培养。；prohibited_boundaries: 在未明确诊断前不得使用未经批准的抗病毒药物或激素类药物；若确诊为重大动物疫病（如PEDV阳性且属地方流行），应配合当地畜牧部门执行隔离、消毒和监测措施。,因未进行药物治疗，无休药期问题；如需用药须依据检测结果和兽医指导确定。,"{""disease_name"": ""猪流行性腹泻"", ""severity"": ""中等"", ""scene_tags"": [""哺乳期仔猪"", ""水样腹泻"", ""低日龄"", ""散发性""], ""validation_points"": [""日龄与PEDV高发期吻合"", ""症状符合病毒性腹泻特征"", ""需通过实验室检测排除其他病原""], ""risk_flags"": [""潜在重大动物疫病风险"", ""需警惕疫情扩散""], ""case_type"": ""腹泻采样送检"", ""target_disease"": ""猪流行性腹泻"", ""local_flags"": {""species_ok"": true, ""target_disease_in_diagnosis"": true, ""target_disease_mismatch"": false, ""contains_specific_dose"": false, ""contains_specific_withdrawal"": false, ""regulated_bad_treatment"": false}}",False,False,,,True,False,False,D:\XF-ChongQin\ai-\knowledge\llm_wiki_swine_authoritative,1465,887,"猪流行性腹泻
猪流行性腹泻、porcine epidemic diarrhea virus、PED、PEDV
腹泻采样送检
用户描述粪便性状、日龄和病程，重点询问如何鉴别病毒性、细菌性或寄生虫性腹泻。","{""HUMAN_REVIEWED"": 2, ""NEEDS_REVIEW"": 2}","[""A0-MOA-573"", ""RC-DIARRHEA-001"", ""SRC-0001"", ""SRC-0037"", ""SRC-0052"", ""SRC-0062"", ""SRC-0063"", ""SRC-0064"", ""SRC-0071"", ""SRC-0072"", ""SRC-0073"", ""SRC-0077"", ""SRC-0081""]",2221,27.9,ERNIE-4.5-Turbo-32K,88,28,18,23,20,False,True,"该回答整体表现良好，诊断准确性较高，症状与疾病匹配合理，诊断逻辑清晰，处理方向安全且与疾病相互印证。数据质量方面，场景描述和症状记录较为详细，但部分细节可进一步优化。
问题：诊断逻辑中，虽然提到了鉴别诊断，但未详细说明鉴别要点，如病毒性腹泻与细菌性腹泻在粪便性状、病程等方面的具体差异。；数据质量方面，场景标签和验证点较为全面，但风险标志中仅提到潜在重大动物疫病风险和需警惕疫情扩散，未明确提及人兽共患风险（尽管猪流行性腹泻人兽共患风险较低，但应明确说明）。；处方安全中，虽然提到了对症支持治疗和生物安全措施，但未具体说明电解质和葡萄糖溶液的补充剂量和频率。",hunyuan-turbos-20250926,85,90,85,80,85,False,False,回答整体准确，症状与猪流行性腹泻高度吻合，并考虑了其他可能病因，提出了合理的实验室检测建议。处理方案符合安全原则，强调了未确诊前不使用未经批准的药物，并提示了重大疫病的防控要求。不足之处在于鉴别要点的描述不够细致，未明确说明人兽共患风险情况，以及补液的具体操作细节缺失。,True,ERNIE-4.5-Turbo-32K,True,review,回答整体准确，症状与猪流行性腹泻高度吻合，诊断逻辑清晰，处理方案安全且符合疾病特点。但存在鉴别诊断描述不够细致、未明确说明人兽共患风险情况以及补液操作细节缺失等轻微不足，可能影响实际操作和全面性。,86.0,28,18,23,20,review,18.44,18.49,
a89406bf-1f18-5415-99ef-e0a8e839549a,368,猪传染性胃肠炎,swine_hunyuan_turbos,hunyuan-turbos-20250926,成功,,猪,我家有200头120公斤左右的育肥猪，还有半个月就要出栏了，这几天陆续有几头开始拉稀，粪便水样带酸臭味，精神还行，采食量下降不多，圈舍温度偏低，通风一般。之前没用过什么药，想问问这种情况还能治吗？会不会影响卖猪？要不要隔离或者送检？,根据描述，结合日龄、症状及环境情况，高度怀疑为猪传染性胃肠炎（TGE）。该病在寒冷季节易发，主要通过粪口途径传播，可引起水样腹泻、脱水，但成年育肥猪通常症状较轻且死亡率低。需要排除其他腹泻病因如PED、轮状病毒、细菌性肠炎等。,治疗方向以支持疗法为主，包括补充电解质溶液防止脱水与酸中毒，提供温水减少应激，改善圈舍保温并减少贼风。加强卫生管理，及时清理粪便，防止交叉感染。对持续腹泻个体可考虑采集新鲜粪便送实验室进行RT-PCR或病毒分离确诊。严禁使用未经批准的违禁药物，出栏前须确保符合当地检疫规定。若怀疑重大疫病，应按规定向主管部门报告并配合处置。,因本病为病毒性，无特效药物治疗，故不存在特定休药期问题；但若使用任何药物，须遵守国家兽药休药期规定并在出栏前完成停药期。,"{""disease_name"": ""猪传染性胃肠炎"", ""severity"": ""中等（成年猪症状轻，幼猪危害大）"", ""scene_tags"": [""育肥猪"", ""临近出栏"", ""腹泻"", ""低温环境""], ""validation_points"": [""成年育肥猪TGE症状多为轻度腹泻，死亡率低"", ""支持疗法可有效缓解症状，提高存活率"", ""需通过实验室检测与其他腹泻病区分""], ""risk_flags"": [""临近出栏期存在销售风险"", ""低温环境易诱发和传播"", ""需警惕混合感染""], ""case_type"": ""腹泻出栏边界"", ""target_disease"": ""猪传染性胃肠炎"", ""local_flags"": {""species_ok"": true, ""target_disease_in_diagnosis"": true, ""target_disease_mismatch"": false, ""contains_specific_dose"": false, ""contains_specific_withdrawal"": false, ""regulated_bad_treatment"": false}}",False,False,,,True,False,False,D:\XF-ChongQin\ai-\knowledge\llm_wiki_swine_authoritative,1465,887,"猪传染性胃肠炎
猪传染性胃肠炎、transmissible gastroenteritis virus、TGE、TGEV
腹泻出栏边界
临近出栏猪群出现腹泻，用户关心处理方向、隔离和用药后能否销售。","{""HUMAN_REVIEWED"": 2, ""NEEDS_REVIEW"": 2}","[""SRC-0001"", ""SRC-0036"", ""SRC-0037""]",2221,26.58,ERNIE-4.5-Turbo-32K,88,28,18,23,20,False,True,"该回答整体表现良好，诊断准确性较高，病理逻辑合理，处方安全且符合疾病特点，数据质量较高。回答针对猪传染性胃肠炎的诊断、治疗方向及出栏前注意事项进行了详细说明，符合真实场景需求。
问题：诊断部分对其他可能腹泻病因的排除措施描述不够详细，仅提到需要排除其他病因，但未具体说明如何操作。；病理逻辑部分对疾病传播途径和环境因素的关联性分析可进一步深化。；数据质量方面，虽然提供了疾病名称、严重程度和场景标签，但缺乏对症状与疾病关联性的详细解释。；处方中未明确提及具体电解质溶液的成分或使用方法，可能影响实际操作。",hunyuan-turbos-20250926,85,90,85,95,80,False,False,回答总体准确，诊断与症状、环境相符，处方以对症支持为主，强调生物安全和合规用药，无明显危险建议。不足之处在于对鉴别诊断的操作细节不足，以及缺乏症状-疾病关联的深入解释。,True,ERNIE-4.5-Turbo-32K,True,review,回答总体准确，诊断与症状、环境相符，处方以对症支持为主，强调生物安全和合规用药，无明显危险建议。不足之处在于对鉴别诊断的操作细节不足，以及缺乏症状-疾病关联的深入解释，同时处方中未给出电解质溶液的具体配方或配制方法，可能影响落地执行。,86.0,28,18,23,20,review,19.53,17.17,
83b2c8fe-0f5d-5f49-bae7-7ffa501f123e,372,猪胸膜肺炎,swine_hunyuan_turbos,hunyuan-turbos-20250926,成功,,猪,我家有120头60日龄左右的保育猪，最近几天天气忽冷忽热，加上圈舍通风不太好，早上进去能闻到明显氨味。这几天陆续有几头猪出现咳嗽、呼吸急促，有的还张口喘气，个别精神沉郁、食欲下降。之前没用过什么药，这种情况是单纯环境刺激还是可能有传染病？需要怎么处理？,结合年龄、发病情况、环境条件和临床表现，考虑为猪胸膜肺炎（Actinobacillus pleuropneumoniae）引起的细菌性呼吸道感染，同时不排除环境因素（氨气刺激、温差变化）加重了病情。需通过剖检观察肺部是否有出血、坏死及胸膜粘连等特征性病变，并结合实验室分离培养或PCR确诊。,treatment_direction: 针对疑似细菌感染使用敏感抗生素控制继发感染，配合改善饲养管理降低环境应激。；management_measures: 立即加强圈舍通风换气，减少氨气浓度；调整温度，避免昼夜温差过大；分群饲养，减少密度；保证饮水清洁和饲料新鲜。；sampling_and_testing: 对病死猪进行剖检并采集肺组织送实验室做细菌分离培养和鉴定，必要时做PCR检测以明确病原。；contraindications_and_boundaries: 严禁自行随意更换或加大抗生素用量；若发现高死亡率、大面积肺出血坏死或胸膜粘连，应怀疑重大疫病，按当地畜牧部门要求进行隔离、报告和送检，不得擅自销售或转移。,因涉及抗生素种类未定，建议停药后至少间隔一个安全周期再出栏，具体依据所用药物说明执行。,"{""disease_name"": ""猪胸膜肺炎"", ""severity"": ""中等至严重（视病程和环境条件而定）"", ""scene_tags"": [""保育猪"", ""呼吸道症状"", ""环境应激"", ""氨气刺激""], ""validation_points"": [""咳嗽、喘气、张口呼吸提示下呼吸道受累"", ""环境氨气浓度高和温差大可诱发或加重呼吸道疾病"", ""胸膜肺炎特征性病变包括肺出血坏死、胸膜粘连""], ""risk_flags"": [""潜在重大动物疫病风险"", ""需排除其他呼吸道病原体混合感染""], ""case_type"": ""呼吸道环境诱因"", ""target_disease"": ""猪胸膜肺炎"", ""local_flags"": {""species_ok"": true, ""target_disease_in_diagnosis"": true, ""target_disease_mismatch"": false, ""contains_specific_dose"": false, ""contains_specific_withdrawal"": false, ""regulated_bad_treatment"": false}}",False,False,,,True,False,False,D:\XF-ChongQin\ai-\knowledge\llm_wiki_swine_authoritative,1465,887,"猪胸膜肺炎
猪胸膜肺炎、actinobacillus pleuropneumoniae pleuropneumonia
呼吸道环境诱因
通风差、氨气重或温差大后出现咳嗽喘气，用户想区分环境应激和传染病。","{""HUMAN_REVIEWED"": 2, ""NEEDS_REVIEW"": 2}","[""A0-MOA-573"", ""RC-RESP-001"", ""SRC-0001"", ""SRC-0042"", ""SRC-0043"", ""SRC-0049"", ""SRC-0050"", ""SRC-0058"", ""SRC-0059"", ""SRC-0066"", ""SRC-0069"", ""SRC-0070"", ""SRC-0086""]",2221,30.44,ERNIE-4.5-Turbo-32K,88,28,18,23,19,False,True,"该回答整体表现良好，诊断准确性较高，考虑了环境因素与传染病的双重可能性，并提出了合理的诊断和鉴别诊断建议。病理逻辑清晰，处方安全，管理措施得当，且注意到了潜在重大疫病风险。数据质量方面，虽然场景标签和验证点较为全面，但可进一步增加具体数据支持。
问题：诊断准确性方面，虽然考虑了环境因素，但未明确提及如何区分单纯环境应激与传染病的具体方法或指标。；病理逻辑方面，对胸膜肺炎特征性病变的描述较为笼统，未详细阐述其与诊断的直接关联。；数据质量方面，场景标签和验证点虽然全面，但缺乏具体数据或案例支持，如发病率、死亡率等。；处方安全方面，虽然提到了严禁自行随意更换或加大抗生素用量，但未给出具体抗生素的选择建议或常用抗生素的参考范围。",hunyuan-turbos-20250926,85,90,80,85,75,False,False,回答整体结构合理，诊断考虑了环境与病原双重因素，并提示了重大疫病上报要求，处方方向正确且包含安全边界，无明显危险建议。但在区分单纯环境应激与传染病的鉴别细节、病变描述与诊断的直接联系、以及抗生素选择参考等方面仍有提升空间。,True,ERNIE-4.5-Turbo-32K,True,review,回答整体结构合理，诊断考虑了环境与病原双重因素，并提示了重大疫病上报要求，处方方向正确且包含安全边界，无明显危险建议。但在区分单纯环境应激与传染病的鉴别细节、病变描述与诊断的直接联系、以及抗生素选择参考等方面仍有提升空间，如未提供区分单纯环境应激与传染性胸膜肺炎的具体临床或实验室指标，对胸膜肺炎特征性病变的描述较笼统，缺少与诊断直接关联的详细说明，未列出常用抗生素类别或经验性用药参考，仅强调禁止随意加量，缺乏发病率、死亡率等量化数据支撑场景真实性。,86.0,28,18,23,19,review,19.81,27.01,
ba0f3fb6-1fd0-54e9-80ae-2f9f399653b1,380,猪疥螨病,swine_hunyuan_turbos,hunyuan-turbos-20250926,成功,,猪,我家有200头育肥猪，平均体重80公斤左右，最近发现部分猪耳朵边缘和背部皮肤发红、结痂，还特别爱蹭墙，抓痒厉害，已经持续十来天了。之前没用过驱虫药，圈舍是水泥地面，通风一般，湿度偏高。想问这种情况是不是疥螨？要不要整群一起治？环境怎么弄？多久能复查？,根据描述，考虑为猪疥螨病可能性大。该病常表现为剧烈瘙痒、皮肤红斑、丘疹、结痂及角化过度，尤以耳缘、体侧明显。疥螨感染可导致生长缓慢、饲料利用率下降。由于皮肤刮片检查存在假阴性，应结合临床表现和群体病史综合判断。,treatment_direction: 使用经批准的杀螨剂进行全身处理，包括注射或外用制剂，确保覆盖所有易感个体。；management_measures: 对圈舍进行全面清洁和消毒，清除粪便、垫料并更换，保持干燥通风，减少潮湿环境以利于螨的生存。新引进猪只须隔离观察并进行健康检查后方可混群。；sampling_and_testing: 在可疑部位做皮肤刮片镜检寻找螨或虫卵，必要时重复取样以提高检出率。若临床高度怀疑而刮片阴性，可按疥螨病处理。；prohibited_boundaries: 严禁使用未经许可的药物或超范围用药；禁止将疑似病猪与健康猪直接混合饲养；不得随意出售或屠宰未经处理的病猪。,按所用批准药物的标签说明执行，确保猪肉产品符合食品安全要求。,"{""disease_name"": ""猪疥螨病"", ""severity"": ""中等偏重"", ""scene_tags"": [""育肥猪"", ""瘙痒"", ""皮肤病变"", ""环境高湿""], ""validation_points"": [""瘙痒、红斑、结痂等典型皮肤病变"", ""群体中有多例相似症状"", ""环境湿度高利于疥螨存活""], ""risk_flags"": [""潜在经济损失"", ""影响生长性能"", ""易复发""], ""case_type"": ""驱虫和环境管理"", ""target_disease"": ""猪疥螨病"", ""local_flags"": {""species_ok"": true, ""target_disease_in_diagnosis"": true, ""target_disease_mismatch"": false, ""contains_specific_dose"": false, ""contains_specific_withdrawal"": false, ""regulated_bad_treatment"": false}}",False,False,,,True,False,False,D:\XF-ChongQin\ai-\knowledge\llm_wiki_swine_authoritative,1465,887,"猪疥螨病
猪疥螨病、external parasites mange
驱虫和环境管理
用户询问是否需要全群处理、环境清理和复查方式。","{""HUMAN_REVIEWED"": 4}","[""SRC-0001"", ""SRC-0080"", ""SRC-0082""]",2221,34.82,ERNIE-4.5-Turbo-32K,88,28,18,23,20,False,True,"整体回答较为准确，诊断依据充分，治疗方案合理，环境管理措施得当，数据质量较高，无明显致命风险。
问题：diagnosis_accuracy: 诊断部分虽然考虑了皮肤刮片检查的假阴性，但未明确提及其他辅助诊断方法，如血清学检测或病史追溯，略显不足。；pathology_logic: 病理逻辑部分对疥螨病的病理过程描述较为简略，未深入解释瘙痒、红斑、结痂等症状与疥螨活动的直接关联。；prescription_safety: 处方安全性部分对药物选择和使用方法的描述较为笼统，未具体说明推荐药物的名称和剂量范围。；data_quality: 数据质量部分虽然场景标签和验证点较为全面，但风险标志中未提及人兽共患风险，尽管猪疥螨病通常不传染给人，但完整的风险评估应包含此方面。",hunyuan-turbos-20250926,85,90,85,85,85,True,False,该数据场景真实，用户描述的临床症状（瘙痒、红斑、结痂）与猪疥螨病高度吻合，诊断思路合理且考虑了刮片假阴性的情况。治疗方向与环境管理建议一致，强调了全群处理和圈舍清洁，安全边界设置到位，无危险用药建议。不足之处在于病理机制解释较浅，缺乏其他辅助诊断手段提示，风险评估未涵盖人兽共患因素。,True,ERNIE-4.5-Turbo-32K,True,review,整体回答较为准确，诊断依据充分，治疗方案合理，环境管理措施得当。但存在一些轻微不足，如病理机制描述不够详细，未解释瘙痒、红斑、结痂与疥螨活动的具体关系；诊断部分未补充除皮肤刮片外的其他辅助诊断方法（如血清学、病史追溯）；风险评估缺少对人兽共患风险的说明。这些不足不影响整体方向，但需进一步完善以提高数据质量。,86.0,28,18,23,20,review,23.69,21.92,
a9bd2f23-060a-544c-a8fa-a8dee706321a,384,猪腺病毒感染,swine_hunyuan_turbos,hunyuan-turbos-20250926,成功,,猪,我家有200头120公斤左右的育肥猪，这几天有几头出现轻度腹泻，精神食欲还可以，体温正常，粪便带点粘液但不带血，圈舍通风一般，地面潮湿，之前用过一些益生菌拌料没明显改善。现在快到出栏时间了，想问问这种情况会不会影响卖猪，要不要用药？,根据描述，结合育肥猪轻度腹泻、精神食欲尚可、无高热及血便等特征，考虑可能为猪腺病毒感染或其他非烈性肠道病原所致。猪腺病毒感染在育肥阶段多呈亚临床或轻微表现，常因环境粪便污染引起，一般不造成重大经济损失。需排除其他常见病原如冠状病毒、细菌性肠炎后再做判断。,建议加强圈舍清洁干燥管理，及时清除粪污并消毒，降低环境病毒载量；提供清洁饮水和易消化饲料，减少应激；对腹泻明显个体可短期使用对症止泻药物支持治疗，同时采集新鲜粪便送实验室检测明确病原。严禁在临近出栏时随意使用抗生素或违禁药物，以免违反休药期规定。若怀疑为法定疫病或人兽共患病，应立即隔离并报告当地畜牧部门。,任何药物使用前须严格遵循说明书规定的休药期，临近出栏时应避免使用可能影响食品安全或延长休药期的药物。建议在检测结果出来前暂停出栏计划，确保符合检疫要求。,"{""disease_name"": ""猪腺病毒感染"", ""severity"": ""轻症/亚临床"", ""scene_tags"": [""育肥猪"", ""腹泻"", ""环境潮湿"", ""临近出栏""], ""validation_points"": [""症状与猪腺病毒感染的亚临床表现相符"", ""强调环境管理和病原检测的重要性"", ""提醒遵守休药期和检疫法规""], ""risk_flags"": [""临近出栏需谨慎用药"", ""需排除法定疫病""], ""case_type"": ""上市休药期咨询"", ""target_disease"": ""猪腺病毒感染"", ""local_flags"": {""species_ok"": true, ""target_disease_in_diagnosis"": true, ""target_disease_mismatch"": false, ""contains_specific_dose"": false, ""contains_specific_withdrawal"": false, ""regulated_bad_treatment"": false}}",False,False,,,True,False,False,D:\XF-ChongQin\ai-\knowledge\llm_wiki_swine_authoritative,1465,887,"猪腺病毒感染
猪腺病毒感染、adenoviruses
上市休药期咨询
用户接近出栏，关心治疗方向和用药后能否出栏销售。","{""HUMAN_REVIEWED"": 2, ""NEEDS_REVIEW"": 2}","[""SRC-0001"", ""SRC-0030""]",2221,25.93,ERNIE-4.5-Turbo-32K,88,28,18,24,18,False,True,"整体回答符合猪腺病毒感染的轻症/亚临床场景，诊断逻辑合理，处理方向安全，强调了环境管理和病原检测的重要性，并提醒遵守休药期和检疫法规。
问题：诊断部分对其他可能病原的排除不够详细，仅简单提及需排除冠状病毒和细菌性肠炎，缺乏具体鉴别诊断方法。；数据质量方面，虽然场景标签和验证点较为全面，但风险标志的描述略显笼统，未明确指出具体可能的人兽共患病或法定疫病。；病理逻辑部分对猪腺病毒感染的发病机制和环境因素的关联解释不够深入。",hunyuan-turbos-20250926,85,90,80,95,80,False,False,该数据场景真实，用户描述的育肥猪轻度腹泻、精神食欲正常、无高热血便等情况与猪腺病毒感染的轻症/亚临床表现相符。诊断考虑了多种可能病原，并强调环境管理与病原检测，处理方案安全且符合临近出栏的安全边界，未给出具体药物剂量或休药期承诺，避免了违规风险。不足之处在于鉴别诊断方法不够细化，对法定疫病和人兽共患病的提示较笼统，发病机制与环境关系的解释不足。,True,ERNIE-4.5-Turbo-32K,True,review,整体回答符合猪腺病毒感染的轻症/亚临床场景，诊断逻辑合理，处理方向安全，强调了环境管理和病原检测的重要性，并提醒遵守休药期和检疫法规。不足之处在于鉴别诊断方法不够细化，对法定疫病和人兽共患病的提示较笼统，发病机制与环境关系的解释不足。,86.0,28,18,24,18,review,17.72,19.38,
8a02a641-783f-5f0f-8bf4-ee51b1902666,395,猪乙型脑炎,swine_hunyuan_turbos,hunyuan-turbos-20250926,成功,,猪,我家是200头基础母猪的种猪场，最近半个月陆续有8头怀孕90多天的母猪发生流产，有的还排出木乃伊胎，另外有两头公猪采精量明显减少、活力下降。周边前阵子蚊子特别多，气温也高。之前没用过疫苗，想问是不是传染病？还能不能继续配种？,根据描述，母猪中期流产、木乃伊胎及公猪精液质量下降，结合近期高温多蚊的环境，高度怀疑为猪乙型脑炎病毒感染所致。该病由日本脑炎病毒引起，主要通过蚊虫叮咬传播，可导致妊娠母猪流产、死胎、木乃伊胎及公猪生殖功能受损。,立即暂停受影响批次母猪的配种计划，对全场公猪进行精液质量检测并隔离观察；加强场内防蚊灭蚊措施，清理积水，安装纱窗、使用驱蚊剂；采集流产胎儿组织、胎盘及公猪血液送实验室检测乙脑病毒核酸或抗体，明确感染状态；若确诊，应配合当地畜牧兽医部门按重大动物疫病防控要求进行处置，包括封锁、消毒、监测等；未确诊前不建议盲目投喂抗病毒药物或激素类药物干预。,无特定休药期说明，因本病属病毒性传染病，重点在于控制传染源与切断传播途径，而非药物治疗。,"{""disease_name"": ""猪乙型脑炎"", ""severity"": ""中等至严重"", ""scene_tags"": [""种猪场"", ""繁殖障碍"", ""蚊媒传播"", ""公猪精液异常""], ""validation_points"": [""符合猪乙型脑炎的典型临床表现（中期流产、木乃伊胎）"", ""环境因素支持蚊媒传播可能性"", ""公猪精液质量下降与乙脑病毒感染相符""], ""risk_flags"": [""可能为人畜共患病的潜在公共卫生关注点"", ""重大动物疫病防控边界需主管部门介入""], ""case_type"": ""种猪繁殖障碍"", ""target_disease"": ""猪乙型脑炎"", ""local_flags"": {""species_ok"": true, ""target_disease_in_diagnosis"": true, ""target_disease_mismatch"": false, ""contains_specific_dose"": false, ""contains_specific_withdrawal"": false, ""regulated_bad_treatment"": false}}",False,False,,,True,False,False,D:\XF-ChongQin\ai-\knowledge\llm_wiki_swine_authoritative,1465,887,"猪乙型脑炎
猪乙型脑炎、japanese encephalitis virus
种猪繁殖障碍
种猪场出现流产、死胎、返情或公猪异常，用户担心传染病和是否继续配种。","{""HUMAN_REVIEWED"": 3, ""NEEDS_REVIEW"": 2}","[""SRC-0001"", ""SRC-0015"", ""SRC-0025"", ""SRC-0035""]",2145,27.01,ERNIE-4.5-Turbo-32K,88,28,18,23,20,False,True,"该测试数据整体质量较高，诊断准确，逻辑清晰，处理方向安全，符合猪乙型脑炎的典型症状和传播特点。
问题：pathology_logic: 对公猪精液质量下降的病理机制解释不够深入，仅简单提及与乙脑病毒感染相符，缺乏具体病理生理过程描述。；data_quality: 场景标签和验证点较为全面，但风险标志中提及的人畜共患病潜在关注点未在处理建议中充分体现，如未强调人员防护措施。；diagnosis_accuracy: 诊断准确度高，但未提及与其他类似疾病（如猪伪狂犬病、猪细小病毒病）的鉴别诊断，略显不足。",hunyuan-turbos-20250926,85,95,80,90,85,False,False,该数据整体真实可信，场景设定合理，症状与目标疾病高度吻合，诊断依据充分且处理方案安全，未出现危险用药建议。不足之处在于公猪精液质量下降的病理机制解释较浅，缺少对其他可能疾病的鉴别提示，以及未明确涉及人畜共患病防护建议。,True,ERNIE-4.5-Turbo-32K,True,review,诊断准确度高，与猪乙型脑炎的典型症状和传播特点相符，处理方案安全且合理。但存在一些不足，包括对公猪精液质量下降的病理机制解释不够深入，缺乏具体病理生理过程描述；未提及其他可能引起相似症状的病原性疾病的鉴别诊断；未明确涉及人畜共患病防护建议。这些不足不影响整体方向，但需补充完善以提高数据质量。,86.0,28,18,23,20,review,17.95,23.01,
a3483ade-4398-5fac-82d5-4ac28838e22d,417,猪钩端螺旋体病,swine_hunyuan_turbos,hunyuan-turbos-20250926,成功,,猪,我家是200头基础母猪的种猪场，最近半个月陆续有怀孕90天左右的母猪发生流产，有的还产下死胎，还有几头空怀返情率升高，公猪采精量下降且精液活力差。之前没用过什么特别的药物，场内卫生一般，饮水井水共用。这种情况会不会是传染病？还能继续配种吗？,结合病史、临床表现及流行病学特征，高度怀疑猪钩端螺旋体病。该病可引起妊娠母猪流产、死胎、木乃伊胎以及公猪精液质量下降，常在水源污染或鼠类活动频繁的环境中暴发。多数感染呈亚临床，但在妊娠母猪和幼龄猪中易表现明显症状。,treatment_direction: 立即隔离发病母猪，停止配种计划；对全场猪群进行血清学筛查，采集流产胎儿、胎盘、血液及公猪精液送实验室确诊；加强饮水消毒，防止鼠类进入圈舍；工作人员佩戴防护手套，注意洗手，减少直接接触体液。；management_measures: 暂停新引进种猪，限制人员流动；清理圈舍积水，改善排水系统；对疑似病例进行标记并单独管理；做好全群健康监测记录。；sampling_and_testing: 采集流产胎儿组织、胎盘、母猪血液及公猪精液样本，送具备资质的实验室进行钩端螺旋体PCR或显微凝集试验检测。；prohibited_actions: 在未确诊前不得盲目使用抗生素或激素类药物；严禁将病死猪及其产品流入市场；禁止随意处理流产胎儿以防污染环境。,因未明确病原体及用药方案，无法给出确切休药期；在检测结果出来前，所有出场猪肉及精液均不得销售或外调。,"{""disease_name"": ""猪钩端螺旋体病"", ""severity"": ""中等至严重（可导致繁殖力显著下降，经济损失大）"", ""scene_tags"": [""种猪场"", ""繁殖障碍"", ""流产"", ""死胎"", ""公猪精液异常""], ""validation_points"": [""妊娠母猪流产、死胎符合钩端螺旋体病典型表现"", ""公猪精液质量下降提示全身性感染可能"", ""共用井水及卫生条件差是该病重要风险因素""], ""risk_flags"": [""人兽共患风险（职业暴露）"", ""重大动物疫病防控边界""], ""case_type"": ""种猪繁殖障碍"", ""target_disease"": ""猪钩端螺旋体病"", ""local_flags"": {""species_ok"": true, ""target_disease_in_diagnosis"": true, ""target_disease_mismatch"": false, ""contains_specific_dose"": false, ""contains_specific_withdrawal"": false, ""regulated_bad_treatment"": false}}",False,False,,,True,False,False,D:\XF-ChongQin\ai-\knowledge\llm_wiki_swine_authoritative,1465,887,"猪钩端螺旋体病
猪钩端螺旋体病、leptospirosis
种猪繁殖障碍
种猪场出现流产、死胎、返情或公猪异常，用户担心传染病和是否继续配种。","{""HUMAN_REVIEWED"": 2, ""NEEDS_REVIEW"": 2}","[""SRC-0001"", ""SRC-0067""]",2220,33.04,ERNIE-4.5-Turbo-32K,88,28,18,23,20,False,True,"整体回答质量较高，诊断准确性、病理逻辑、处方安全性和数据质量均表现良好，无明显致命风险，符合通过标准。
问题：诊断准确性方面，虽然高度怀疑猪钩端螺旋体病，但未完全排除其他可能引起类似症状的疾病，如猪繁殖与呼吸综合征（PRRS）或猪伪狂犬病，诊断依据可进一步丰富。；病理逻辑方面，对公猪精液质量下降与全身性感染的关联解释不够深入，可补充更多病理机制说明。；处方安全性方面，未明确提及具体消毒剂种类及使用浓度，可能影响操作安全性。；数据质量方面，未提供具体实验室检测方法或参考标准，数据完整性略有不足。",hunyuan-turbos-20250926,85,8.5,8.0,9.0,8.0,False,False,该回答整体结构完整，诊断思路清晰，能够结合流行病学背景与临床症状合理推测为猪钩端螺旋体病，并在防控建议中强调了隔离、检测、环境管理和生物安全措施，避免了盲目用药等危险行为。但诊断部分未充分排除其他可能导致相似症状的疫病（如PRRS、伪狂犬），对公猪精液质量下降的病理机制阐述不足，且缺乏具体的消毒措施细节，数据完整性和深度有待提升。,True,ERNIE-4.5-Turbo-32K,True,review,整体回答质量较高，诊断思路清晰，能够结合流行病学背景与临床症状合理推测为猪钩端螺旋体病，防控建议中强调了隔离、检测、环境管理和生物安全措施，避免了盲目用药等危险行为。但诊断部分未充分排除其他可能导致相似症状的疫病，对公猪精液质量下降的病理机制阐述不足，且缺乏具体的消毒措施细节，数据完整性和深度有待提升。,86.0,28,18,23,20,review,23.3,21.77,
5c87a21b-790d-54fc-9f3c-0201c73c74d6,421,猪结核病,swine_hunyuan_turbos,hunyuan-turbos-20250926,成功,,猪,我家是300头左右保育猪，现在60日龄左右，最近一周发现部分猪精神沉郁、采食量下降，有的伴有轻微咳嗽，个别猪体温略高，粪便正常。圈舍通风一般，湿度偏高。之前用过替米考星拌料三天，效果不明显。想问问这是啥病，该怎么处理？,结合症状、年龄及环境特点，考虑可能为慢性细菌性感染，其中猪结核病在保育后期偶有发生，表现为渐进性消瘦、采食下降、偶发呼吸道症状，且多为亚临床感染，常在屠宰时发现。需通过病理剖检、组织学染色及病原培养确认。,立即隔离可疑猪只并减少混群；改善圈舍通风与温湿度控制，适当提高环境温度以缓解代谢负担；采集病死猪或淘汰猪的颈部及肠系膜淋巴结送有资质的实验室进行结核分枝杆菌检测；在未确诊前不得使用抗生素作为替代防控手段；若确诊为猪结核病，应依据当地动物防疫法规执行扑杀和无害化处理，并对圈舍彻底消毒，防止人员接触污染材料。,如经检测排除结核病，可依据所用药物说明调整饲养管理；如确诊则按法规要求扑杀，无休药期概念。,"{""disease_name"": ""猪结核病"", ""severity"": ""中等至严重（慢性传播）"", ""scene_tags"": [""保育猪"", ""群体发病"", ""采食下降"", ""呼吸道症状"", ""环境潮湿""], ""validation_points"": [""症状符合慢性消耗性疾病特征"", ""年龄与猪结核病潜在暴发阶段相符"", ""环境湿度高可能促进潜伏感染显现""], ""risk_flags"": [""人兽共患风险（MTBC属）"", ""需专业实验室确诊"", ""确诊后须依法扑杀与无害化处理""], ""case_type"": ""保育猪群体发病"", ""target_disease"": ""猪结核病"", ""local_flags"": {""species_ok"": true, ""target_disease_in_diagnosis"": true, ""target_disease_mismatch"": false, ""contains_specific_dose"": false, ""contains_specific_withdrawal"": false, ""regulated_bad_treatment"": false}}",False,False,,,True,False,False,D:\XF-ChongQin\ai-\knowledge\llm_wiki_swine_authoritative,1465,887,"猪结核病
猪结核病、tuberculosis
保育猪群体发病
群体发病、采食下降、粪便或呼吸道异常，用户想知道主要病因和下一步处理。","{""HUMAN_REVIEWED"": 3, ""NEEDS_REVIEW"": 2}","[""SRC-0001"", ""SRC-0006"", ""SRC-0044"", ""SRC-0078""]",2010,24.5,ERNIE-4.5-Turbo-32K,88,28,18,24,18,False,True,"整体回答较好地结合了症状、年龄和环境特点，诊断方向合理，处理建议安全且符合法规要求，数据质量较高，无明显致命风险。
问题：诊断准确性方面，虽然考虑了猪结核病，但未完全排除其他慢性细菌性感染的可能性，诊断依据稍显不足。；病理逻辑方面，对猪结核病的典型症状描述不够详细，如渐进性消瘦的具体表现等。；数据质量方面，虽然提供了症状、年龄和环境等信息，但缺乏具体的实验室检测数据支持诊断。",hunyuan-turbos-20250926,85,80,82,90,78,False,False,该回答针对用户提供的保育猪症状与环境信息，提出了可能的慢性细菌感染（包括猪结核病）的诊断方向，并结合了年龄、病程特征进行分析，处理建议符合生物安全和防疫法规，未给出危险用药方案，安全性较好。不足之处在于诊断依据偏少，未充分排除其他常见慢性呼吸道疾病，对猪结核病典型症状的细节描述不足，缺少实验室检测结果支撑，导致诊断说服力有限。,True,ERNIE-4.5-Turbo-32K,True,review,整体回答结合了症状、年龄和环境特点，诊断方向合理，处理建议安全且符合法规要求。但诊断依据稍显不足，未完全排除其他慢性细菌性感染的可能性，对猪结核病的典型症状描述不够详细，且缺乏具体的实验室检测数据支持诊断，导致诊断说服力有限。,86.0,28,18,24,18,review,16.32,17.78,
bd69082c-4527-578e-8f64-d45b5617aec0,424,猪弓形虫病,swine_hunyuan_turbos,hunyuan-turbos-20250926,成功,,猪,我家有120头育肥猪，平均体重在60公斤左右，最近几天有几头出现发烧、呼吸急促、精神不振的情况，体温测到40度以上，食欲下降，粪便正常。圈舍通风一般，地面是水泥地但有少量积水，周围偶尔能看到野猫活动。之前没用过驱虫药，想问这种情况是不是弓形虫引起的？要不要全群处理？环境怎么清理？需要采哪些样去化验确认？,根据描述，高热、呼吸加快、精神沉郁等症状符合猪弓形虫病的急性暴发型临床表现，且存在野猫接触史及潮湿环境，提示可能通过被卵囊污染的饲料或水源感染。该病在猪多为亚临床，但在应激或免疫力低下时可出现急性病例。,treatment_direction: 不建议直接使用未经验证的驱虫药物，应优先进行病原确诊后再制定针对性措施。；management_measures: 立即隔离发病猪只，改善圈舍通风，清除积水和污物，防止野猫进入饲养区，对饲料和水源加强防护，减少交叉污染风险。；sampling_and_testing: 采集发病猪的血液、肺脏或淋巴结组织送实验室做血清学或PCR检测，同时可采集环境样本（如垫料、水）检测卵囊。；prohibited_boundaries: 在未确诊前不得随意使用人用或兽用抗寄生虫药物作为替代治疗，以免掩盖病情或造成食品安全隐患。,因未确定具体用药方案，暂无法给出确切休药期建议，须依据最终确诊结果及所用药物说明书执行。,"{""disease_name"": ""猪弓形虫病"", ""severity"": ""中等至严重（视感染强度与猪群健康状况而定）"", ""scene_tags"": [""育肥猪"", ""高热"", ""呼吸异常"", ""野猫接触"", ""潮湿环境""], ""validation_points"": [""症状与急性弓形虫病相符"", ""存在可能的卵囊污染途径（野猫、积水）"", ""需实验室确诊后方可实施针对性治疗""], ""risk_flags"": [""人兽共患风险"", ""潜在食品安全风险"", ""需防止疫情扩散""], ""case_type"": ""驱虫和环境管理"", ""target_disease"": ""猪弓形虫病"", ""local_flags"": {""species_ok"": true, ""target_disease_in_diagnosis"": true, ""target_disease_mismatch"": false, ""contains_specific_dose"": false, ""contains_specific_withdrawal"": false, ""regulated_bad_treatment"": false}}",False,False,,,True,False,False,D:\XF-ChongQin\ai-\knowledge\llm_wiki_swine_authoritative,1465,887,"猪弓形虫病
猪弓形虫病、toxoplasmosis protozoa
驱虫和环境管理
用户询问是否需要全群处理、环境清理和复查方式。","{""HUMAN_REVIEWED"": 3, ""NEEDS_REVIEW"": 2}","[""SRC-0001"", ""SRC-0026"", ""SRC-0081"", ""SRC-0082""]",2042,26.97,ERNIE-4.5-Turbo-32K,88,28,18,23,20,False,True,"该回答整体上对猪弓形虫病的诊断、处理方向及环境管理措施较为准确，符合疾病特征和安全要求，但在诊断逻辑和部分细节上仍有提升空间。
问题：诊断逻辑中，虽然提到症状符合急性暴发型临床表现，但未充分说明其他可能疾病（如猪瘟、蓝耳病等）的鉴别诊断，诊断依据略显单一。；数据质量方面，对症状描述和场景标签的利用不够充分，未完全覆盖所有关键信息（如粪便正常、野猫活动等）对诊断的支持作用。；处方安全中，虽然强调了确诊前不得随意用药，但未提供初步的应急处理建议（如降温、补液等），可能影响猪只福利。",hunyuan-turbos-20250926,85,90,80,95,80,False,False,整体数据与诊断基本合理，症状与环境线索支持弓形虫感染的可能性，并明确强调确诊前不得盲目用药，避免了安全风险。但诊断部分缺乏对其他类似疾病的鉴别分析，信息利用不足，且缺少针对急性症状的临时护理建议。,True,ERNIE-4.5-Turbo-32K,True,review,该回答对猪弓形虫病的诊断、处理方向及环境管理措施整体合理，符合疾病特征和安全要求，但存在诊断逻辑单一、未充分鉴别其他类似疾病（如猪瘟、蓝耳病等）、未充分利用用户提供的全部关键细节（如粪便正常、野猫活动）来强化推理链条，以及缺少针对急性症状的临时护理建议等轻微不足，因此判为review。,86.0,28,18,23,20,review,18.32,18.25,
7df25f06-7e60-5316-932d-a7c3c8cdab27,427,猪鞭虫病,swine_hunyuan_turbos,hunyuan-turbos-20250926,成功,,猪,我家有200头60日龄左右的保育猪，最近一周陆续发现有十来头拉稀，粪便偏稀带点黏液，个别猪精神差、毛色发暗，采食量下降，还有几头皮肤有点粗糙起皮屑。之前用过一次伊维菌素驱虫，但间隔已经快两个月了，圈舍地面潮湿，饲料是颗粒料，没有更换过配方。想问问是不是鞭虫或者别的寄生虫引起的？,根据描述，考虑为猪鞭虫病可能性较大。猪鞭虫（Trichuris suis）主要寄生于盲肠和结肠，重度感染可引起慢性结肠炎、腹泻、消瘦及皮毛粗糙。结合近期驱虫间隔较长、圈舍潮湿等条件，有利于虫卵在环境中存活并传播。此外，也需排除其他肠道寄生虫如蛔虫、球虫等混合感染的可能。,treatment_direction: 选用广谱抗线虫药物进行全群驱虫，重点针对鞭虫和其他常见肠道线虫；对严重消瘦个体可配合补液和电解质补充。；management_measures: 改善圈舍卫生，及时清理粪污，保持干燥通风；饮水器定期清洗消毒；驱虫后观察粪便中有无虫体排出。；sampling_submission: 采集典型病例新鲜粪便送实验室做虫卵镜检，必要时剖检取盲肠、结肠黏膜检查成虫，以确诊虫种。；prohibited_boundaries: 严禁将疑似严重感染猪与健康猪混养；禁止未经检疫的猪只外调；若检出高感染率且伴随异常死亡，应按规定向当地畜牧兽医部门报告。,按所用驱虫药物说明书执行，确保停药期后再屠宰或出售。,"{""disease_name"": ""猪鞭虫病"", ""severity"": ""中等"", ""scene_tags"": [""保育猪"", ""腹泻"", ""消瘦"", ""皮肤粗糙"", ""潮湿环境""], ""validation_points"": [""粪便稀带黏液符合鞭虫致结肠炎表现"", ""驱虫间隔长增加感染机会"", ""圈舍潮湿利于虫卵存活""], ""risk_flags"": [""群体感染风险"", ""潜在经济损失""], ""case_type"": ""寄生虫群体发病"", ""target_disease"": ""猪鞭虫病"", ""local_flags"": {""species_ok"": true, ""target_disease_in_diagnosis"": true, ""target_disease_mismatch"": false, ""contains_specific_dose"": false, ""contains_specific_withdrawal"": false, ""regulated_bad_treatment"": false}}",False,False,,,True,False,False,D:\XF-ChongQin\ai-\knowledge\llm_wiki_swine_authoritative,1465,887,"猪鞭虫病
猪鞭虫病、trichuris suis internal parasites
寄生虫群体发病
猪群出现腹泻、消瘦、皮肤瘙痒或生长慢，用户怀疑寄生虫。","{""HUMAN_REVIEWED"": 2, ""NEEDS_REVIEW"": 2}","[""SRC-0001"", ""SRC-0082""]",2221,32.74,ERNIE-4.5-Turbo-32K,88,28,18,23,20,False,True,"该回答整体表现良好，诊断方向准确，考虑了猪鞭虫病的典型症状和流行病学条件，同时提出了排除其他寄生虫混合感染的可能性。治疗方案安全合理，管理措施全面，采样建议有助于确诊。数据质量较高，风险评估合理。
问题：诊断准确性方面，虽然考虑了鞭虫病，但对其他可能寄生虫的排除依据不够充分，仅提出可能性，缺乏具体鉴别点。；病理逻辑方面，对鞭虫病导致症状的机制解释不够深入，如慢性结肠炎的具体病理过程。；处方安全方面，未明确具体驱虫药物名称，仅提到“广谱抗线虫药物”，可能影响实际操作的精准性。；数据质量方面，场景标签和验证点较为全面，但风险标志中未提及人兽共患风险（尽管猪鞭虫病通常不传染人，但作为评估点可更完善）。",hunyuan-turbos-20250926,85,90,80,85,88,False,False,该数据场景真实，用户描述了保育猪群体中出现腹泻、精神差、毛色暗淡等症状，并结合驱虫史和圈舍环境，询问是否为鞭虫或其他寄生虫引起。诊断部分正确识别了猪鞭虫病的可能性，并提示需排除其他肠道寄生虫，符合临床思路。治疗与管理措施合理，包含全群驱虫、改善环境卫生、采样送检及必要的生物安全措施，无明显危险建议。不足之处在于鉴别诊断细节不足、病理机制阐述较浅、未明确驱虫药物种类，以及未特别说明人兽共患风险（虽鞭虫一般不传人，但可作为完整性补充）。总体属于合格数据。,True,ERNIE-4.5-Turbo-32K,True,review,诊断方向准确，考虑了猪鞭虫病的典型症状和流行病学条件，同时提出了排除其他寄生虫混合感染的可能性，治疗与管理措施合理。不足之处在于鉴别诊断细节不足、病理机制阐述较浅、未明确驱虫药物种类，以及未特别说明人兽共患风险（虽鞭虫一般不传人，但可作为完整性补充）。,86.0,28,18,23,20,review,22.68,20.87,
bbc8ed1d-5d48-514e-97ff-405af66b9e60,446,猪大肠杆菌病,swine_hunyuan_turbos,hunyuan-turbos-20250926,成功,,猪,我家有200头60日龄左右的保育猪，这几天陆续出现拉稀，粪便黄绿色带黏液，部分猪精神差、采食下降，已经用了恩诺沙星拌料三天，效果不明显，还有新发病的。想问下是不是还要继续喂药？要不要送样检查？,根据描述，考虑为猪大肠杆菌病（Colibacillosis），可能由产肠毒素型大肠杆菌（ETEC）引起，表现为急性水样或黏液样腹泻，伴精神沉郁和食欲下降。若伴随高热、呼吸急促、皮肤发绀等全身症状，需警惕菌血症或继发感染。,treatment_direction: 立即停喂原方案，改用针对革兰阴性菌且对当前耐药谱敏感的药物（如氟苯尼考类、氨基糖苷类等，需依据药敏结果调整）；同时补充电解质补液防止脱水。；management_measures: 加强圈舍保温通风，减少应激；及时清理粪污，保持饮水清洁；分栏饲养，隔离病猪以减少交叉感染。；sampling_and_testing: 采集新鲜粪便及病死猪小肠内容物送实验室进行细菌分离鉴定、药敏试验，必要时做PCR检测毒力基因分型，以明确病原并指导精准用药。；prohibited_boundaries: 禁止在缺乏药敏依据的情况下盲目更换广谱抗生素；禁止将病猪与健康猪混养；禁止使用未经批准的兽药或超范围用药。,具体停药期需依据所用药物说明书及国家相关规定执行，不得随意缩短。,"{""disease_name"": ""猪大肠杆菌病"", ""severity"": ""中等至严重（视病程和继发情况而定）"", ""scene_tags"": [""保育猪"", ""腹泻"", ""抗生素治疗无效"", ""需送检""], ""validation_points"": [""症状符合ETEC引起的急性腹泻特征"", ""已使用单一抗生素效果不佳提示耐药或病原复杂"", ""建议结合实验室检测明确病因""], ""risk_flags"": [""潜在耐药菌流行风险"", ""若延误诊治可能导致死亡增加""], ""case_type"": ""腹泻用药咨询"", ""target_disease"": ""猪大肠杆菌病"", ""local_flags"": {""species_ok"": true, ""target_disease_in_diagnosis"": true, ""target_disease_mismatch"": false, ""contains_specific_dose"": false, ""contains_specific_withdrawal"": false, ""regulated_bad_treatment"": false}}",False,False,,,True,False,False,D:\XF-ChongQin\ai-\knowledge\llm_wiki_swine_authoritative,1465,887,"猪大肠杆菌病
猪大肠杆菌病、colibacillosis、大肠杆菌、大肠杆菌性腹泻、E. coli
腹泻用药咨询
猪群腹泻后已用过常见抗菌药效果一般，用户询问是否继续用药以及是否需要送检。","{""HUMAN_REVI"": 1, ""HUMAN_REVIEWED"": 2, ""NEEDS_REVIEW"": 2}","[""SRC-0001"", ""SRC-0063"", ""SRC-0064""]",2221,29.68,ERNIE-4.5-Turbo-32K,88,28,18,24,18,False,True,"该回答在诊断准确性、病理逻辑、处方安全性和数据质量方面表现良好，整体符合测试数据有效性要求。诊断考虑了猪大肠杆菌病的典型症状，并提出了合理的鉴别诊断建议。处方方向安全，强调了药敏试验的重要性，并给出了具体的管理措施。数据质量方面，虽然场景标签和验证点较为全面，但风险标志的提及略显不足。
问题：病理逻辑中，对于全身症状的描述（如高热、呼吸急促、皮肤发绀）与猪大肠杆菌病的典型表现关联性不够强，可能引起混淆。；数据质量方面，风险标志的提及不够全面，未充分强调人兽共患风险（尽管猪大肠杆菌病通常不直接传染给人，但应提及一般生物安全措施）。；在处方安全性中，虽然提到了禁止盲目更换广谱抗生素，但未具体说明可能的风险（如耐药性加剧、药物残留等）。",hunyuan-turbos-20250926,85,90,80,85,85,False,False,该数据整体真实可信，用户描述的保育猪群腹泻、黄绿色带黏液粪便、精神差等症状与猪大肠杆菌病高度吻合。诊断思路合理，并提示了可能的菌血症或继发感染风险。处方方向正确，强调停用无效药物、依据药敏选药、补液支持及环境管理，并列出明确的采样送检流程。不足之处在于：1) 全身严重症状（高热、呼吸急促、皮肤发绀）与典型大肠杆菌病关联较弱，易误导；2) 未明确提及耐药性风险及药物残留危害；3) 虽提到禁止混养和违规用药，但对人兽共患病和生物安全的提醒不足。,True,ERNIE-4.5-Turbo-32K,partially,review,该回答在诊断准确性、病理逻辑、处方安全性和数据质量方面整体表现良好，诊断与猪大肠杆菌病高度吻合，处方方向安全且合理，强调了药敏试验的重要性并给出了具体的管理措施。但存在一些不足，包括病理逻辑中对全身症状的描述与猪大肠杆菌病典型特征不完全一致，可能造成误诊倾向；处方安全性部分未详细解释盲目使用广谱抗生素的具体风险（如耐药性和残留）；数据质量中缺少对人兽共患病风险的提示，以及更全面的生物安全措施。,86.0,28,18,24,18,review,19.22,22.62,
39a8e1e1-3237-546e-9ef7-7a1669302b8a,452,猪痢疾,swine_hunyuan_turbos,hunyuan-turbos-20250926,成功,,猪,我家有200头80公斤左右的育肥猪，最近一周陆续有猪拉带血稀便，粪带黏液，有的还夹着气泡，精神稍差，采食量下降。之前按大肠杆菌用了恩诺沙星拌料三天，部分好转，但仍有新发病例。圈舍通风一般，湿度偏高，想问还能不能再继续用原来的药？,根据症状描述（血性稀便、黏液、气泡）、病程及用药反应，高度怀疑为猪痢疾，可能由强β溶血性Brachyspira属细菌（如B. hyodysenteriae、B. hampsonii或B. suanatina）引起。需结合剖检病变（结肠黏膜充血、出血、坏死）及实验室检测（粪便或肠黏膜强β溶血Brachyspira分离鉴定）确诊。,treatment_direction: 在确诊前不建议继续使用原有抗生素方案，应调整用药方向至针对强β溶血Brachyspira的药物类别（如特定四环素类、林可霉素类等），并配合改善饲养管理降低应激。；management_measures: 加强圈舍通风除湿，减少密度，保持饮水清洁，分栏饲养以减少交叉感染；及时清理粪便，防止污染饲料和水源。；sampling_and_testing: 采集典型病例的新鲜粪便或结肠内容物送实验室进行强β溶血Brachyspira培养与鉴定，必要时做PCR分型。；prohibited_boundaries: 在未排除重大疫病（如非洲猪瘟）前，禁止随意使用广谱抗生素掩盖病情；严禁将病死猪流入市场或饲喂其他动物。,具体停药期需依据所用药物说明书及检测结果确定，当前阶段应先停止不确定疗效的用药，待明确病原后再制定安全停药计划。,"{""disease_name"": ""猪痢疾"", ""severity"": ""中等偏重"", ""scene_tags"": [""育肥猪"", ""细菌性腹泻"", ""高湿环境"", ""抗生素治疗无效""], ""validation_points"": [""症状符合猪痢疾典型表现（血便、黏液、气泡）"", ""常规抗生素治疗效果不佳提示非单一敏感菌感染"", ""需要实验室检测强β溶血Brachyspira才能确诊""], ""risk_flags"": [""存在持续传播风险，需尽快隔离病猪并送检"", ""若误诊延误可能导致全群暴发"", ""环境高湿易促进病原体繁殖""], ""case_type"": ""育肥猪用药咨询"", ""target_disease"": ""猪痢疾"", ""local_flags"": {""species_ok"": true, ""target_disease_in_diagnosis"": true, ""target_disease_mismatch"": false, ""contains_specific_dose"": false, ""contains_specific_withdrawal"": false, ""regulated_bad_treatment"": false}}",False,False,,,True,False,False,D:\XF-ChongQin\ai-\knowledge\llm_wiki_swine_authoritative,1465,887,"猪痢疾
猪痢疾、swine dysentery brachyspira hyodysenteriae、swine dysentery、Brachyspira
育肥猪用药咨询
育肥猪出现典型症状，用户已经用过常见药物但效果一般，询问是否继续用药。","{""HUMAN_REVIEWED"": 2}","[""SRC-0001"", ""SRC-0077""]",2221,28.61,ERNIE-4.5-Turbo-32K,88,28,18,23,20,False,True,"该回答整体符合猪痢疾的诊断与处理逻辑，诊断准确性较高，症状与疾病匹配合理，用药方向安全，数据质量较好，无明显致命风险。
问题：diagnosis_accuracy: 诊断中未明确提及猪痢疾的典型剖检病变（结肠黏膜充血、出血、坏死），仅作为后续确诊建议，略显不足。；pathology_logic: 病理逻辑部分对强β溶血Brachyspira的致病性解释稍显简略，未充分说明其与症状的直接关联。；data_quality: 数据质量中，场景标签和验证点较为全面，但风险标志中未明确提及人兽共患风险（虽猪痢疾非人兽共患病，但应明确排除）。",hunyuan-turbos-20250926,85,8,8,9,8,True,False,回答整体结构完整，诊断思路清晰，症状与猪痢疾高度吻合，用药与管理措施方向正确且考虑了安全边界，无危险建议。不足之处在于剖检特征未在诊断环节直接体现，病理机制解释较简略，且未明确排除人兽共患病风险。,True,ERNIE-4.5-Turbo-32K,partially,review,回答整体结构完整，诊断思路清晰，症状与猪痢疾高度吻合，用药与管理措施方向正确且考虑了安全边界，无危险建议。但诊断部分未直接列出猪痢疾典型的剖检病变特征，仅在确诊建议中提及，影响诊断完整性；病理机制解释不够详细，未充分阐明强β溶血Brachyspira与临床症状之间的因果关系；且未明确声明猪痢疾非人兽共患病，以排除潜在公共卫生疑虑。,86.0,28,18,23,20,review,18.3,26.52,
81e2e098-cd67-56c3-937b-63b2d5cd0d56,454,猪球虫病,swine_hunyuan_turbos,hunyuan-turbos-20250926,成功,,猪,我家有200头保育猪，现在35日龄左右，最近一周陆续出现拉稀，粪便黄绿色带黏液，有的还带血丝，之前按大肠杆菌用了恩诺沙星和硫酸新霉素拌料三天，效果不明显，还有零星死亡。圈舍地面潮湿，温度在20℃左右。想问下是不是该换别的药？要不要送样检查？,根据日龄、腹泻特征及抗菌治疗效果不佳，考虑仔猪球虫病可能，但需与大肠杆菌性腹泻、轮状病毒、传染性胃肠炎、产气荚膜梭菌C型及Strongyloides ransomi等鉴别。建议结合剖检观察小肠黏膜出血、坏死等病变，并采集粪便进行球虫卵囊镜检，同时送检病原PCR排查其他常见腹泻病原。,管理上立即改善圈舍干燥通风，减少湿度，防止冷应激；饲料中添加抗球虫药物防控，配合电解质补液防脱水；将病死猪送检做病理和病原检测，明确是否为球虫或其他病原混合感染；禁止在未确诊前随意更换广谱抗生素，以免掩盖病情延误诊断。,若使用抗球虫药物，应遵守产品说明的停药期规定，并在出栏前确保符合当地兽药残留标准。,"{""disease_name"": ""猪球虫病"", ""severity"": ""中等至严重（视继发感染和死亡率而定）"", ""scene_tags"": [""保育猪"", ""腹泻"", ""抗菌药无效"", ""潮湿环境""], ""validation_points"": [""日龄符合球虫易感期"", ""腹泻性状提示小肠损伤"", ""抗菌治疗无效支持非细菌性病原"", ""需结合剖检和病原检测确诊""], ""risk_flags"": [""需排除病毒性腹泻和人畜共患病"", ""需规范送检流程""], ""case_type"": ""腹泻用药咨询"", ""target_disease"": ""猪球虫病"", ""local_flags"": {""species_ok"": true, ""target_disease_in_diagnosis"": true, ""target_disease_mismatch"": false, ""contains_specific_dose"": false, ""contains_specific_withdrawal"": false, ""regulated_bad_treatment"": false}}",False,False,,,True,False,False,D:\XF-ChongQin\ai-\knowledge\llm_wiki_swine_authoritative,1465,887,"猪球虫病
猪球虫病、coccidia and other protozoa、球虫、球虫感染、coccidiosis、coccidia
腹泻用药咨询
猪群腹泻后已用过常见抗菌药效果一般，用户询问是否继续用药以及是否需要送检。","{""HUMAN_REVIEWED"": 2, ""NEEDS_REVIEW"": 2}","[""SRC-0001"", ""SRC-0081""]",2220,31.03,ERNIE-4.5-Turbo-32K,88,28,18,23,20,False,True,"整体回答质量较高，诊断思路清晰，鉴别诊断全面，管理建议和用药方向合理，符合猪球虫病的诊断逻辑和安全用药原则。
问题：诊断准确性方面，虽然鉴别诊断全面，但未明确提及球虫病的典型病理特征（如小肠绒毛萎缩、肠壁变薄等），略显不足。；病理逻辑方面，未详细说明如何通过剖检和病原检测区分球虫病与其他腹泻病原，逻辑稍显笼统。；数据质量方面，未提供具体的抗球虫药物名称和剂量，缺乏可操作性。；未明确提及人兽共患病风险（如球虫病是否为人兽共患病，虽实际风险低，但应提及以显全面性）。",hunyuan-turbos-20250926,85,90,80,90,75,False,False,回答对猪球虫病的诊断思路较完整，考虑了多种鉴别诊断，并提出了合理的实验室检测和剖检建议，管理建议和用药方向基本正确且安全，未给出具体药物剂量，避免了违规风险。不足之处在于缺少对球虫病典型病理特征的明确描述，以及未强调人兽共患病风险的说明，部分操作细节不够具体。,True,ERNIE-4.5-Turbo-32K,True,review,回答对猪球虫病的诊断思路较完整，考虑了多种鉴别诊断，并提出了合理的实验室检测和剖检建议，管理建议和用药方向基本正确且安全。不足之处在于缺少对球虫病典型病理特征的明确描述，未详细说明如何通过剖检和病原检测区分球虫病与其他腹泻病因，未提及人兽共患病风险，且未提供抗球虫药物名称与用法，导致可操作性不足，但整体方向安全且疾病匹配，故判为review。,86.0,28,18,23,20,review,22.99,23.23,
61577258-6262-5198-9f0e-365a4949e16f,467,猪丝状病毒相关感染,swine_hunyuan_turbos,hunyuan-turbos-20250926,成功,,猪,我家有200多头育肥猪，平均体重在80公斤左右，最近一周陆续出现精神沉郁、食欲下降、体温升高到40℃以上，个别猪呼吸急促，粪便稀软带血，还有几头突然死亡。圈舍通风一般，湿度偏高，之前用过阿莫西林拌料三天效果不明显。我想知道这种情况是不是传染病？该采哪些样送检测？怎么防止误诊耽误病情？,高度怀疑为病毒性传染病，结合高热、急性死亡及出血性腹泻表现，需考虑猪丝状病毒相关感染的可能性，同时应排除其他烈性病毒性疾病如非洲猪瘟等。目前缺乏特异性病理特征资料，必须通过实验室检测确诊。,立即对发病猪与健康猪进行物理隔离，停止人员、车辆、工具交叉使用；采集病死猪的脾脏、淋巴结、血液及粪便样本，按生物安全要求送至具备资质的实验室进行PCR检测；严禁私自使用抗生素或抗病毒药物掩盖症状；加强圈舍消毒，保持干燥通风；记录所有病例信息并上报当地畜牧兽医部门，等待检测结果决定后续处置方案。,因尚未确诊且涉及潜在重大疫病，暂停任何出栏销售计划，直至检测结果明确并由主管部门指导解除封锁。,"{""disease_name"": ""猪丝状病毒相关感染"", ""severity"": ""高"", ""scene_tags"": [""育肥猪"", ""高热"", ""急性死亡"", ""出血性腹泻"", ""疑似烈性病毒病""], ""validation_points"": [""符合发热、急性死亡、出血性腹泻等高危临床表现"", ""抗生素治疗无效提示非细菌性为主病因"", ""需要实验室检测才能确诊""], ""risk_flags"": [""重大动物疫病风险"", ""需立即隔离与采样送检"", ""禁止擅自用药延误防控""], ""case_type"": ""采样送检咨询"", ""target_disease"": ""猪丝状病毒相关感染"", ""local_flags"": {""species_ok"": true, ""target_disease_in_diagnosis"": true, ""target_disease_mismatch"": false, ""contains_specific_dose"": false, ""contains_specific_withdrawal"": false, ""regulated_bad_treatment"": false}}",False,False,,,True,False,False,D:\XF-ChongQin\ai-\knowledge\llm_wiki_swine_authoritative,1465,887,"猪丝状病毒相关感染
猪丝状病毒相关感染、filoviruses reston ebolavirus zaire ebolavirus
采样送检咨询
用户描述症状后，重点询问采什么样品、如何判断和如何避免误治。","{""NEEDS_REVIEW"": 5}","[""SRC-0001""]",2058,26.36,ERNIE-4.5-Turbo-32K,88,28,18,23,20,False,True,"整体回答符合猪丝状病毒相关感染的场景，诊断逻辑合理，处理方向安全，数据质量较高，无明显致命风险。
问题：诊断准确性方面，虽然考虑了猪丝状病毒相关感染，但未完全排除其他类似症状的疾病，如非洲猪瘟，诊断依据稍显不足。；病理逻辑方面，对症状与疾病之间的关联性解释不够深入，缺乏对疾病传播途径和易感猪群的详细分析。；数据质量方面，虽然提供了详细的场景描述和诊断依据，但对猪只的具体管理情况（如疫苗接种史、近期引种情况等）缺乏了解，可能影响诊断的全面性。",hunyuan-turbos-20250926,85,7,8,9,8,True,False,回答针对用户描述的育肥猪群突发高热、急性死亡、出血性腹泻等症状，提出了高度怀疑病毒性传染病并考虑猪丝状病毒相关感染及排除非洲猪瘟等烈性疫病的思路，处理措施包括隔离、采样送检、禁止随意用药、加强消毒、上报主管部门等，符合重大疫病防控的安全边界，无危险建议。但诊断部分未充分展开症状与病原关联机制，也未提示可能的鉴别诊断细节，数据收集维度略单一。,True,ERNIE-4.5-Turbo-32K,True,review,整体回答符合猪丝状病毒相关感染的场景，诊断逻辑合理，处理方向安全，无致命风险。但诊断部分未充分展开症状与病原关联机制，未提及非洲猪瘟等其他烈性传染病的鉴别要点与排查顺序，数据收集维度略单一，需补充症状与猪丝状病毒感染典型病理特征的对应关系说明，列出主要鉴别诊断清单及各自关键区分点，增加关于猪群免疫史、引种来源、周边疫情等信息采集建议，以提高诊断全面性。,86.0,28,18,23,20,review,18.01,20.95,
97e5846f-20d2-58b4-b811-2ea3fdd1dbd7,473,猪恶性卡他热相关感染,swine_hunyuan_turbos,hunyuan-turbos-20250926,成功,,猪,我家有120头育肥猪，平均体重80公斤左右，最近一周陆续出现高热、眼鼻分泌物增多、精神沉郁、部分猪流涎、口腔粘膜发红溃烂的情况，个别猪还伴有腹泻。之前没用过特别的药物，圈舍通风一般，温度偏高。听说可能是恶性卡他热？我想知道该采哪些样送检测，怎么判断是不是这个病，还有会不会被误诊成别的病耽误治疗？,根据描述的急性发热、眼鼻分泌物增加、口腔溃疡及消化道症状，结合可能的羊群接触史，应高度怀疑猪恶性卡他热相关感染（由绵羊疱疹病毒2型等γ疱疹病毒引起）。该病为偶发性系统性病毒感染，需通过实验室检测确诊。,立即隔离可疑病例，减少人员、车辆、器具交叉使用；采集全血、扁桃体拭子、肺组织等样本送具备资质的实验室进行PCR检测及病毒分离；加强圈舍通风降温，提供清洁饮水；禁止随意使用抗生素或抗病毒药物掩盖病情；若确诊为恶性卡他热，应按重大动物疫病防控要求进行报告和处置，不得擅自销售或转移。,因属病毒性传染病且可能涉及重大动物疫病管理，无常规休药期概念，需按官方处置方案执行，期间不得屠宰上市。,"{""disease_name"": ""猪恶性卡他热相关感染"", ""severity"": ""高"", ""scene_tags"": [""育肥猪"", ""高热"", ""眼鼻分泌物"", ""口腔溃疡"", ""可能羊接触史""], ""validation_points"": [""症状符合恶性卡他热特征性表现"", ""需结合羊群接触史提高怀疑度"", ""确诊依赖实验室检测""], ""risk_flags"": [""重大动物疫病风险"", ""需及时采样送检并隔离"", ""严禁擅自治疗或移动""], ""case_type"": ""采样送检咨询"", ""target_disease"": ""猪恶性卡他热相关感染"", ""local_flags"": {""species_ok"": true, ""target_disease_in_diagnosis"": true, ""target_disease_mismatch"": false, ""contains_specific_dose"": false, ""contains_specific_withdrawal"": false, ""regulated_bad_treatment"": false}}",False,False,,,True,False,False,D:\XF-ChongQin\ai-\knowledge\llm_wiki_swine_authoritative,1465,887,"猪恶性卡他热相关感染
猪恶性卡他热相关感染、malignant catarrhal fever ovine herpesvirus 2
采样送检咨询
用户描述症状后，重点询问采什么样品、如何判断和如何避免误治。","{""HUMAN_REVIEWED"": 1, ""NEEDS_REVIEW"": 4}","[""SRC-0001"", ""SRC-0041""]",2173,26.95,ERNIE-4.5-Turbo-32K,88,28,18,23,20,False,True,"该回答整体表现良好，诊断准确性较高，症状与疾病匹配合理，诊断逻辑清晰，处理方向安全且与疾病相互印证。数据质量方面，症状描述和疾病信息较为完整，但部分细节可进一步优化。
问题：诊断准确性方面，虽然症状描述与猪恶性卡他热相关感染较为匹配，但未明确提及羊群接触史这一关键诊断依据，仅在建议中提及，可能影响诊断的全面性。；病理逻辑方面，对疾病的传播途径和易感动物等背景信息介绍不足，可能影响对疾病防控的全面理解。；处方安全方面，整体处理方向正确，但未明确提及对患病猪的护理措施，如营养支持等，可能影响治疗效果。；数据质量方面，症状描述和疾病信息较为完整，但缺乏对患病猪数量、发病比例等具体数据的描述，可能影响对疫情严重程度的判断。",hunyuan-turbos-20250926,85,8,8,9,7,False,False,回答在症状与疾病匹配度、诊断思路和处理方向上有较好一致性，未给出危险用药建议，并强调了重大疫病的安全边界。但在诊断依据上缺少明确的羊群接触史说明，病理背景解释不足，数据细节不够充分，护理措施缺失。,True,ERNIE-4.5-Turbo-32K,True,review,回答在症状与疾病匹配度、诊断思路和处理方向上表现较好，未给出危险用药建议，并强调了重大疫病的安全边界。但存在一些不足，如未将羊群接触史作为核心诊断依据明确提出，病理背景解释不足，数据细节不够充分，且未提及患病猪的具体护理与支持措施，这些不足可能影响诊断的完整性和治疗效果，但整体仍具有参考价值。,86.0,28,18,23,20,review,19.21,22.06,
df87858a-25ec-56f6-a119-6f2f672678f5,484,猪甲病毒相关感染,swine_hunyuan_turbos,hunyuan-turbos-20250926,成功,,猪,我家有200多头60日龄左右的育肥猪，分两栋圈养，最近一栋里陆续出现精神沉郁、体温升高、食欲下降的情况，已经持续三四天了，另一栋暂时没发现明显异常。之前用过阿莫西林饮水控制过呼吸道问题，这次想先按普通细菌感染治一治看看能不能稳住，不行再考虑别的办法。请问这样行吗？,根据描述，短时间内多只猪出现发热、精神差、食欲减退，且为同一批次饲养的育肥猪，需高度警惕病毒性传染病的可能，包括猪甲病毒相关感染在内的多种病毒病。该病目前在中国尚无明确监管处置指引，但属于潜在病毒病范畴，不宜直接按普通细菌病处理。,立即隔离可疑病例，暂停转群及混群操作；对全群进行临床观察和体温监测；采集血液、鼻拭子或组织样本送实验室检测，以明确病原；在未确诊前避免使用广谱抗生素作为唯一干预措施，以防掩盖病情延误诊断；加强圈舍通风、减少应激，保证清洁饮水与饲料质量；若检测结果提示重大动物疫病，应严格按当地畜牧兽医部门要求进行封锁、扑杀、无害化处理等防控措施。,因未使用特定药物，无具体休药期要求；但若后续使用兽药，须遵守相应说明书及国家休药期规定。,"{""disease_name"": ""猪甲病毒相关感染"", ""severity"": ""中等至严重（视病原而定）"", ""scene_tags"": [""育肥猪"", ""同栏多发"", ""短期集中发病""], ""validation_points"": [""症状符合病毒感染特征（发热、精神沉郁、食欲减退）"", ""群体性发生提示传染性病因可能"", ""病史中有近期用药史但未覆盖病毒病原""], ""risk_flags"": [""存在潜在病毒病风险，需排除重大动物疫病"", ""不应仅按普通细菌感染处理"", ""需及时采样送检并配合主管部门防控""], ""case_type"": ""暴发与处置边界"", ""target_disease"": ""猪甲病毒相关感染"", ""local_flags"": {""species_ok"": true, ""target_disease_in_diagnosis"": true, ""target_disease_mismatch"": false, ""contains_specific_dose"": false, ""contains_specific_withdrawal"": false, ""regulated_bad_treatment"": false}}",False,False,,,True,False,False,D:\XF-ChongQin\ai-\knowledge\llm_wiki_swine_authoritative,1465,887,"猪甲病毒相关感染
猪甲病毒相关感染、togaviruses getah sagiyama ross river eee
暴发与处置边界
同栏或多栋猪舍短期内发病增多，用户询问是否能先按普通病治疗观察。","{""NEEDS_REVIEW"": 5}","[""SRC-0001""]",2057,29.46,ERNIE-4.5-Turbo-32K,88,28,18,24,18,False,True,"该回答整体表现良好，诊断准确性较高，能够识别出病毒性传染病的可能性，并建议进行实验室检测以明确病原。病理逻辑合理，考虑到了群体性发病和传染性病因的可能性。处方安全，避免了直接使用广谱抗生素，并提出了加强管理和观察的建议。数据质量方面，虽然基本完整，但在症状描述与疾病关联的详细性上略有不足。
问题：病理逻辑方面，虽然指出了病毒性传染病的可能性，但未详细阐述猪甲病毒相关感染的具体症状与描述症状的关联性。；数据质量方面，症状描述与疾病的直接关联性阐述不够详细，缺乏对猪甲病毒相关感染典型症状的深入分析。",hunyuan-turbos-20250926,85,90,80,95,75,False,False,回答准确识别了病毒性传染病的可能性，避免盲目使用抗生素，并强调实验室检测和防控流程，符合安全规范。但对猪甲病毒相关感染的典型症状与用户描述的关联分析不足，缺乏更具体的病理机制解释。,True,ERNIE-4.5-Turbo-32K,partially,review,回答整体表现良好，诊断准确性较高，能够识别出病毒性传染病的可能性，并建议进行实验室检测以明确病原，处方安全，避免了直接使用广谱抗生素，并提出了加强管理和观察的建议。但未详细阐述猪甲病毒相关感染的典型症状及其与当前临床表现的对应关系，缺少对该病毒传播特点、潜伏期、流行规律的描述，导致病理逻辑链条不够完整。,86.0,28,18,24,18,review,18.57,27.09,
d1b06fbe-6114-52fe-ba06-5404f2e82abd,490,猪钩端螺旋体病,swine_hunyuan_turbos,hunyuan-turbos-20250926,成功,,猪,我场有60头母猪和10头公猪，最近两个月陆续发现几头怀孕母猪流产、死胎增多，还有个别公猪精液质量下降。之前没做过专门检测，想问这种情况是不是要马上停配种？如果要送样检查，应该取什么样本比较合适？另外现在还能不能从外面引进后备猪？,根据描述，怀孕母猪流产、死胎增加及公猪精液质量下降，结合繁殖障碍表现，应高度怀疑猪钩端螺旋体病等细菌性繁殖障碍疾病的可能。该病在部分猪群呈隐性流行，幼龄猪和妊娠母猪更易出现临床问题。,treatment_direction: 立即暂停场内配种操作，防止病原通过精液或交配过程扩散；对可疑个体进行隔离观察，并采集血液、尿液、流产胎儿组织及胎盘等进行实验室检测。；management_measures: 加强人员防护，接触流产物或公猪精液时佩戴手套口罩，避免直接接触体液；对全场进行消毒，重点处理产房、配种舍及运输工具；暂停从外部引入后备猪，直至检测结果明确。；sampling_and_testing: 建议采集流产胎儿的肝、肾、肺组织，以及母体的血清和尿液，必要时采集公猪精液；送往具备资质的兽医实验室进行PCR或血清学检测，以确认是否感染钩端螺旋体或其他病原体。；prohibited_boundaries: 在未获得确诊前，不得进行场内配种、外购引种或出售种猪；严禁将流产物随意丢弃或喂饲其他动物，以防病原扩散。,因未使用特定药物治疗，暂无休药期要求；但在检测结果阴性且经兽医评估后方可恢复配种和引种。,"{""disease_name"": ""猪钩端螺旋体病"", ""severity"": ""中等至严重（可导致繁殖损失）"", ""scene_tags"": [""繁殖障碍"", ""流产"", ""精液质量下降"", ""疑似人兽共患风险""], ""validation_points"": [""符合钩端螺旋体病在繁殖猪群中的临床表现特征"", ""建议的采样类型与常规实验室检测方法一致"", ""管理措施涵盖生物安全、人员防护和检疫隔离""], ""risk_flags"": [""职业性人兽共患风险"", ""可能伴随其他繁殖障碍病原"", ""需排除重大动物疫病""], ""case_type"": ""繁殖障碍送检"", ""target_disease"": ""猪钩端螺旋体病"", ""local_flags"": {""species_ok"": true, ""target_disease_in_diagnosis"": true, ""target_disease_mismatch"": false, ""contains_specific_dose"": false, ""contains_specific_withdrawal"": false, ""regulated_bad_treatment"": false}}",False,False,,,True,False,False,D:\XF-ChongQin\ai-\knowledge\llm_wiki_swine_authoritative,1465,887,"猪钩端螺旋体病
猪钩端螺旋体病、leptospirosis
繁殖障碍送检
繁殖异常持续出现，用户询问该采哪些样品、是否需要暂停配种和引种。","{""HUMAN_REVIEWED"": 3, ""NEEDS_REVIEW"": 2}","[""SRC-0001"", ""SRC-0067"", ""SRC-0068""]",2161,27.47,ERNIE-4.5-Turbo-32K,88,28,18,24,18,False,True,"整体回答质量较高，诊断方向合理，管理措施和采样建议符合疾病特征，生物安全措施到位，无明显错误或风险。
问题：diagnosis_accuracy: 诊断部分未明确排除其他类似繁殖障碍疾病（如布鲁氏菌病、伪狂犬病等），仅高度怀疑钩端螺旋体病，略显不足。；pathology_logic: 病理逻辑部分对钩端螺旋体病导致繁殖障碍的具体机制（如胎盘感染、胎儿死亡等）未详细说明，逻辑链条稍显薄弱。；data_quality: 数据质量部分，场景标签和验证点覆盖较全面，但风险标志中‘需排除重大动物疫病’未具体说明需排除哪些疫病，略显笼统。",hunyuan-turbos-20250926,85,80,78,90,85,False,False,该回答针对用户描述的繁殖障碍症状提出了合理的怀疑方向，并结合生物安全和采样检测给出了可操作的防控建议，未发现明显错误或有害建议。诊断部分虽指向钩端螺旋体病，但未充分排除其他重大或人畜共患的繁殖障碍性疾病，病理机制解释不够深入，存在一定改进空间。,True,ERNIE-4.5-Turbo-32K,True,review,诊断方向合理，但未充分排除其他重大或人畜共患繁殖障碍疾病（如布鲁氏菌病、伪狂犬病等），病理机制解释不够深入，风险提示不够具体，存在一定改进空间。,86.0,28,18,24,18,review,18.43,21.29,
553bded7-0f82-5eba-82e3-e5fe973013d5,492,猪增生性肠炎,swine_hunyuan_turbos,hunyuan-turbos-20250926,成功,,猪,我家有200头120公斤左右的育肥猪，快到出栏时间了，最近一周陆续有几头开始拉稀，粪便偏稀带点黏液，精神食欲还行，体温正常，圈舍通风一般，之前没用过针对Lawsonia的药。这种情况还能继续养着卖吗？要不要隔离？会不会是增生性肠炎？,根据描述，该育肥猪群在临近出栏时出现轻度腹泻伴黏液便，结合年龄、饲养环境和病程特点，需重点考虑猪增生性肠炎（Proliferative Enteropathy），由Lawsonia intracellularis感染所致。该病可引起肠上皮细胞异常增殖，导致吸收障碍和腹泻，部分病例临床表现较轻。建议通过粪便或肠组织PCR检测确诊。,若确诊为猪增生性肠炎，应实施以下措施：1. 将明显腹泻个体与健康猪分栏隔离，减少接触传播；2. 加强圈舍清洁与干燥管理，降低湿度；3. 可依据检测结果选择经批准的抗菌药物进行对症治疗，并配合改善饲料消化率的措施；4. 对同批次其他猪只进行健康观察，必要时采样送检；5. 禁止未经检疫的生猪外调，防止疫情扩散。,因涉及药物使用及食品安全，须严格遵守国家兽药残留管理规定，确保停药期后方可屠宰上市。具体停药期按所用药物说明书执行。,"{""disease_name"": ""猪增生性肠炎"", ""severity"": ""中等"", ""scene_tags"": [""育肥猪"", ""临近出栏"", ""腹泻"", ""黏液便""], ""validation_points"": [""符合Lawsonia intracellularis感染的流行病学条件"", ""症状与增生性肠炎轻型相符"", ""需实验室检测确诊""], ""risk_flags"": [""临近出栏阶段，需关注食品安全与停药期"", ""可能具有传染性，需隔离与监测"", ""非人兽共患病，但属三类动物疫病，需按地方规定处置""], ""case_type"": ""腹泻出栏边界"", ""target_disease"": ""猪增生性肠炎"", ""local_flags"": {""species_ok"": true, ""target_disease_in_diagnosis"": true, ""target_disease_mismatch"": false, ""contains_specific_dose"": false, ""contains_specific_withdrawal"": false, ""regulated_bad_treatment"": false}}",False,False,,,True,False,False,D:\XF-ChongQin\ai-\knowledge\llm_wiki_swine_authoritative,1465,887,"猪增生性肠炎
猪增生性肠炎、proliferative enteropathy lawsonia intracellularis
腹泻出栏边界
临近出栏猪群出现腹泻，用户关心处理方向、隔离和用药后能否销售。","{""HUMAN_REVIEWED"": 2, ""NEEDS_REVIEW"": 2}","[""A0-MOA-573"", ""SRC-0001"", ""SRC-0071"", ""SRC-0072""]",2221,25.02,ERNIE-4.5-Turbo-32K,88,28,18,23,20,False,True,"该回答整体表现良好，诊断准确性较高，症状与疾病匹配合理，处理方向安全且与疾病相互印证。病理逻辑基本清晰，但可进一步细化。处方安全，考虑了食品安全和停药期。数据质量较高，信息完整且无明显错误。
问题：病理逻辑部分对Lawsonia intracellularis感染的病理机制描述不够详细，可进一步补充。；数据质量中，虽然信息完整，但缺乏对诊断依据的详细解释，如为何排除其他类似疾病。；诊断准确性方面，虽然症状与疾病匹配，但未提及鉴别诊断，如与猪痢疾、猪传染性胃肠炎等疾病的区分。",hunyuan-turbos-20250926,85,90,80,85,85,False,False,回答整体准确，症状与猪增生性肠炎高度吻合，处理方案符合防控原则，未给出危险用药建议，并强调了食品安全与停药期的重要性。不足之处在于病理机制描述较简略，缺乏鉴别诊断分析，以及未明确说明为何排除其他相似疾病。,True,ERNIE-4.5-Turbo-32K,True,review,回答整体准确，症状与猪增生性肠炎高度吻合，处理方案符合防控原则，未给出危险用药建议，并强调了食品安全与停药期的重要性。但病理机制描述较简略，缺乏鉴别诊断分析，以及未明确说明为何排除其他相似疾病。,86.0,28,18,23,20,review,16.6,23.76,
279611d6-25d0-5891-9e80-6e171c4ab13e,493,猪葡萄球菌病,swine_hunyuan_turbos,hunyuan-turbos-20250926,成功,,猪,我家有120头保育猪，平均体重25公斤左右，最近三天陆续出现皮肤发红、局部结痂、掉毛的情况，部分猪精神沉郁、采食量明显下降，圈舍湿度偏高、通风一般，之前用过阿莫西林饮水，效果不明显，想问下这是啥病，该怎么处理？,根据描述，保育猪群体出现皮肤红斑、结痂、脱毛及采食下降，结合高湿环境，高度怀疑为猪葡萄球菌病（渗出性表皮炎）。该病由金黄色葡萄球菌属（主要为Staphylococcus hyicus）引起，常在潮湿、外伤、应激条件下发生，表现为表皮渗出性病变，严重时影响食欲和健康。,"1. 立即改善饲养环境，降低圈舍湿度，加强通风，保持干燥清洁，减少皮肤损伤机会。
2. 对病猪进行隔离管理，防止接触传播。
3. 清洗消毒患处，去除痂皮，必要时使用温和消毒剂（如碘伏类），避免刺激性过强。
4. 针对细菌感染，可在兽医指导下选用敏感抗生素进行治疗，同时配合营养支持促进恢复。
5. 采集病变组织、分泌物等样品送实验室进行病原鉴定和药敏试验，指导后续用药。
6. 严禁随意使用未经许可的药物，避免使用可能掩盖病情或延误诊断的广谱抗生素。",因涉及具体药物选择需依据检测结果确定，建议严格遵循兽医开具的处方及停药期规定，确保食品安全。,"{""disease_name"": ""猪葡萄球菌病"", ""severity"": ""中等至严重（视感染范围与个体体质而定）"", ""scene_tags"": [""保育猪"", ""群体发病"", ""皮肤病变"", ""采食下降"", ""高湿环境""], ""validation_points"": [""症状符合渗出性表皮炎特征（红斑、结痂、脱毛）"", ""环境因素（高湿、通风差）利于葡萄球菌繁殖"", ""抗生素治疗无效提示可能存在耐药或病原判断偏差""], ""risk_flags"": [""存在群体传播风险，需及时隔离与环境控制"", ""若病原为多重耐药菌，需谨慎选药并监测疗效"", ""不排除混合感染可能，应结合其他病原检测""], ""case_type"": ""保育猪群体发病"", ""target_disease"": ""猪葡萄球菌病"", ""local_flags"": {""species_ok"": true, ""target_disease_in_diagnosis"": true, ""target_disease_mismatch"": false, ""contains_specific_dose"": false, ""contains_specific_withdrawal"": false, ""regulated_bad_treatment"": false}}",False,False,,,True,False,False,D:\XF-ChongQin\ai-\knowledge\llm_wiki_swine_authoritative,1465,887,"猪葡萄球菌病
猪葡萄球菌病、staphylococcosis exudative epidermitis
保育猪群体发病
群体发病、采食下降、粪便或呼吸道异常，用户想知道主要病因和下一步处理。","{""HUMAN_REVIEWED"": 3, ""NEEDS_REVIEW"": 2}","[""SRC-0001"", ""SRC-0006"", ""SRC-0026"", ""SRC-0036"", ""SRC-0074""]",2105,29.15,ERNIE-4.5-Turbo-32K,88,28,18,23,20,False,True,"该回答整体表现良好，诊断准确性较高，症状与疾病匹配合理，诊断逻辑清晰，处理方向安全且与疾病相互印证。数据质量方面，场景描述详细，但部分验证点可进一步细化。
问题：诊断准确性方面，虽然主要症状与猪葡萄球菌病匹配，但未完全排除混合感染的可能性，诊断略显单一。；病理逻辑方面，对环境因素与疾病发生的关联性分析可更深入，如具体说明高湿如何促进葡萄球菌繁殖。；处方安全方面，未明确提及具体抗生素选择及剂量，仅建议根据药敏试验结果，略显笼统。；数据质量方面，风险标志中提到多重耐药菌和混合感染，但未在诊断或处方中充分体现应对措施。",hunyuan-turbos-20250926,85,90,85,80,85,False,False,该案例场景真实，用户提供了详细的养殖背景、临床症状和环境条件，有助于判断。诊断准确，将皮肤红斑、结痂、脱毛等症状与猪葡萄球菌病对应合理，并考虑了环境诱因。处方措施总体安全，强调环境改善、隔离、消毒、送检和兽医指导，避免了直接给出具体药物与剂量，符合安全要求。不足之处在于诊断未充分讨论可能的混合感染或多重耐药情况，病理机制解释稍浅，且处方中对高风险因素（如混合感染）缺乏针对性应对建议。,True,ERNIE-4.5-Turbo-32K,True,review,该回答整体表现良好，诊断准确性较高，症状与疾病匹配合理，诊断逻辑清晰，处理方向安全且与疾病相互印证。但存在一些不足，如诊断未充分考虑混合感染或多重耐药菌的可能性，病理机制分析中环境与病原关系的阐述不够深入，处方缺少针对潜在复杂感染的应对策略。,86.0,28,18,23,20,review,20.61,23.09,
e5ab9ab5-0466-5f14-a3c9-3d6b3f9b0bd7,499,猪蛔虫病,swine_hunyuan_turbos,hunyuan-turbos-20250926,成功,,猪,我家是60头左右自繁自养的育肥猪，现在平均体重在25公斤左右，最近发现部分猪精神差、拉稀、毛色发暗、长得慢，有的还抓挠皮肤。之前用过一次伊维菌素拌料驱虫，但效果不明显，粪便里偶尔能看到白色长条状的东西。请问这是蛔虫吗？该怎么处理？,根据描述，结合粪便可见白色长条物及生长缓慢、腹泻、消瘦等症状，高度怀疑为猪蛔虫病（Ascaris suum）。该病由大型线虫引起，幼虫可在体内移行造成肝肺损伤，成虫寄生于小肠导致营养不良。需通过粪检找虫卵或剖检见成虫确诊。,treatment_direction: 使用广谱驱虫药进行群体驱虫，优先选择对蛔虫有效的药物（如阿苯达唑类、芬苯达唑类），注意轮换不同作用机制的药物以减少耐药风险。；management_measures: 全群同步驱虫，驱虫后及时清理圈舍粪便并深埋或无害化处理，防止虫卵污染环境；加强饲养管理，保证饲料营养均衡，减少应激。；sampling_and_testing: 采集新鲜粪便送实验室做饱和盐水漂浮法检查虫卵，必要时剖检病死猪观察肠道成虫数量及肝脏病变（milk spots）。；prohibited_boundaries: 严禁将疑似感染猪与健康猪混群饲养；禁止使用未经批准的驱虫药；若检出大量虫体且伴随高死亡率，应联系当地动物防疫部门评估是否涉及重大疫情。,按所用驱虫药标签说明执行停药期，确保上市前药物残留符合食品安全标准。,"{""disease_name"": ""猪蛔虫病"", ""severity"": ""中等至严重（取决于感染强度与继发感染情况）"", ""scene_tags"": [""育肥猪"", ""群体感染"", ""腹泻"", ""消瘦"", ""皮肤瘙痒""], ""validation_points"": [""粪便可见白色长条物提示成虫排出"", ""生长缓慢与营养不良相符"", ""曾用驱虫药效果不佳提示可能耐药或用药不当""], ""risk_flags"": [""可能存在耐药风险"", ""环境污染可导致重复感染""], ""case_type"": ""寄生虫群体发病"", ""target_disease"": ""猪蛔虫病"", ""local_flags"": {""species_ok"": true, ""target_disease_in_diagnosis"": true, ""target_disease_mismatch"": false, ""contains_specific_dose"": false, ""contains_specific_withdrawal"": false, ""regulated_bad_treatment"": false}}",False,False,,,True,False,False,D:\XF-ChongQin\ai-\knowledge\llm_wiki_swine_authoritative,1465,887,"猪蛔虫病
猪蛔虫病、ascaris suum internal parasites
寄生虫群体发病
猪群出现腹泻、消瘦、皮肤瘙痒或生长慢，用户怀疑寄生虫。","{""HUMAN_REVIEWED"": 2, ""NEEDS_REVIEW"": 2}","[""SRC-0001"", ""SRC-0082""]",2221,32.67,ERNIE-4.5-Turbo-32K,88,28,18,23,20,False,True,"该回答对猪蛔虫病的诊断、处理方向及管理措施总体合理，诊断依据充分，处理方向安全，但存在部分细节可优化，如病理逻辑的深入性及数据质量的完整性。
问题：diagnosis_accuracy: 诊断准确度较高，但未明确提及粪检或剖检作为确诊依据，仅作为建议，略显不足。；pathology_logic: 病理逻辑部分对蛔虫病幼虫移行造成的肝肺损伤描述较简略，未充分展开其与临床症状的关联。；prescription_safety: 处方安全合理，但未明确提及具体药物剂量及休药期，仅按标签说明执行，略显笼统。；data_quality: 数据质量基本满足要求，但风险标志部分可更具体，如明确耐药风险的具体表现或管理建议。",hunyuan-turbos-20250926,85,8.5,8,9,8.5,False,False,该数据整体真实可信，用户描述的场景、症状与目标疾病（猪蛔虫病）高度吻合，诊断依据合理，处理方案与管理措施科学且安全，未发现危险建议。不足之处在于病理机制解释不够深入，确诊手段表述偏保守，以及风险防控措施可进一步细化。,True,ERNIE-4.5-Turbo-32K,partially,review,该回答对猪蛔虫病的诊断、处理方向及管理措施总体合理，诊断依据较充分，处理方向安全，但存在部分细节可优化。诊断部分未明确强调粪检或剖检作为确诊必要步骤，病理逻辑中对幼虫移行致肝肺损伤的机理与临床症状的关联阐述不够详细，风险防控措施中未具体列举耐药风险的表现形式和管理策略。,86.0,28,18,23,20,review,23.18,18.93,
bba41140-fcf6-547d-9045-cf4c16ade6b4,10,猪丹毒,swine_hunyuan_turbos,hunyuan-turbos-20250926,成功,,猪,我家是育肥场，存栏大概800头，平均体重60公斤左右。最近两天有3头突然不吃料、体温高到41度多，皮肤上有紫红色菱形斑块，精神沉郁，走路不稳。之前没用过什么特别药，圈舍通风一般，湿度偏高。我想问问能不能先按普通细菌感染打点抗生素看看？,根据描述，考虑为急性败血型猪丹毒可能性大，特征包括高热、精神沉郁、步态异常及典型的菱形皮肤病变。需注意与A. suis败血症等相似疾病鉴别，建议尽快采样送实验室确诊。,treatment_direction: 立即隔离病猪，减少混群接触，防止扩散；加强圈舍通风与干燥管理；对可疑病例进行对症治疗并配合广谱抗生素控制继发感染。；management_measures: 全群巡查，发现新发病例及时隔离；暂停转群与销售，限制人员车辆进出；病死猪无害化处理。；sampling_and_testing: 采集血液、脾、淋巴结等样本送实验室做细菌分离培养及PCR检测，必要时进行血清学或分子分型，以明确病原并排除其他败血症性疾病。；prohibited_boundaries: 在未获得实验室确诊前，不得擅自大规模使用针对特定病原的药物；严禁将病猪随意出售或外运；若确诊为重大动物疫病，应按规定上报并执行相应防控措施。,因未确定最终病原及用药方案，暂无法给出确切休药期，需依据后续检测结果及所用药物种类另行制定。,"{""disease_name"": ""猪丹毒"", ""severity"": ""高"", ""scene_tags"": [""育肥猪"", ""急性败血症"", ""皮肤菱形斑"", ""群体防控""], ""validation_points"": [""高热、精神沉郁、步态异常符合急性败血型猪丹毒临床特征"", ""皮肤菱形斑块为典型病变"", ""需与A. suis败血症等鉴别""], ""risk_flags"": [""可能为人畜共患病原体（Erysipeloid）潜在暴露风险"", ""存在重大动物疫病暴发风险""], ""case_type"": ""暴发与处置边界"", ""target_disease"": ""猪丹毒"", ""local_flags"": {""species_ok"": true, ""target_disease_in_diagnosis"": true, ""target_disease_mismatch"": false, ""contains_specific_dose"": false, ""contains_specific_withdrawal"": false, ""regulated_bad_treatment"": false}}",False,False,,,True,False,False,D:\XF-ChongQin\ai-\knowledge\llm_wiki_swine_authoritative,1465,887,"猪丹毒
猪丹毒、erysipelas
暴发与处置边界
同栏或多栋猪舍短期内发病增多，用户询问是否能先按普通病治疗观察。","{""HUMAN_REVIEWED"": 4}","[""SRC-0001"", ""SRC-0058"", ""SRC-0065""]",2221,28.02,ERNIE-4.5-Turbo-32K,82,28,18,20,16,False,True,"整体回答较为全面，诊断准确性较高，病理逻辑基本合理，处方安全性符合要求，但数据质量方面存在一定不足，如未详细说明鉴别诊断的具体方法。
问题：诊断部分虽然提到需与A. suis败血症等相似疾病鉴别，但未详细说明鉴别诊断的具体方法或依据。；数据质量方面，对于用户查询中的信息利用不够充分，如未提及湿度偏高对猪丹毒发病的影响。；处方部分虽然提到了对症治疗和广谱抗生素，但未明确抗生素的选择依据或推荐药物。；休药期部分因未确定最终病原及用药方案，暂无法给出确切休药期，但可提供一般性建议或说明后续如何确定休药期。",hunyuan-turbos-20250926,85,90,88,92,80,True,False,该数据整体结构完整，诊断准确且符合典型猪丹毒临床表现，处方方向合理，包含必要的生物安全措施和实验室检测建议，无明显危险用药指导。不足之处在于鉴别诊断细节不足，未充分利用用户提供的环境信息（如湿度）分析病因，也未在处方中说明抗生素选择原则。,True,ERNIE-4.5-Turbo-32K,True,review,整体回答较为全面，诊断准确性较高，病理逻辑基本合理，处方安全性符合要求，但存在一些不足，如鉴别诊断部分仅列出可能疾病名称，缺乏具体区分方法和依据；未结合用户提到的‘湿度偏高’环境因素分析其对猪丹毒发生的可能影响；处方中未说明广谱抗生素选择的参考标准或常见类别。这些不足不影响整体方向，但需补充细节以提高数据质量。,83.0,28,18,20,16,review,18.76,21.26,
529cd57a-9d0d-5210-9781-82989d398182,61,猪蛔虫病,swine_hunyuan_turbos,hunyuan-turbos-20250926,成功,,猪,我家是100头左右的自繁自养场，现在有一批60日龄左右的保育猪，最近发现部分猪精神差、拉稀、毛色发暗、长得慢，还有几头皮肤上有小疙瘩，抓挠明显。圈舍地面潮湿，之前用过一次伊维菌素拌料驱虫，但效果不明显。想问问是不是蛔虫或者别的寄生虫问题？,根据描述，结合年龄、症状及饲养管理情况，高度怀疑为猪蛔虫病（Ascaris suum）。该病在保育至育肥阶段高发，常表现为腹泻、消瘦、生长缓慢，部分个体可因幼虫移行引起皮肤瘙痒或继发感染。此外，需排除猪疥螨病、猪圆环病毒相关疾病等可能。,建议立即进行粪便虫卵检查确诊，并采集典型病例送实验室做病理学检查（注意肝milk spot与肾虫移行的鉴别）。同时加强圈舍卫生，保持干燥通风，减少粪口传播机会。对全群实施安全有效的驱虫方案（选用经批准的广谱驱虫药），并在驱虫后观察采食和精神恢复情况。严禁将可疑病例与健康猪混群，防止交叉感染。若怀疑混合感染或病情复杂，应联系当地兽医站进一步诊断。,按所用驱虫药物说明书执行停药期，确保上市前符合食品安全要求。,"{""disease_name"": ""猪蛔虫病"", ""severity"": ""中等"", ""scene_tags"": [""保育猪"", ""群体发病"", ""腹泻"", ""消瘦"", ""皮肤瘙痒""], ""validation_points"": [""症状与猪蛔虫病典型表现一致"", ""存在易感年龄和环境条件"", ""需通过虫卵检查和病理鉴别排除其他病因""], ""risk_flags"": [""潜在混合感染风险"", ""圈舍卫生不良易致重复感染""], ""case_type"": ""寄生虫群体发病"", ""target_disease"": ""猪蛔虫病"", ""local_flags"": {""species_ok"": true, ""target_disease_in_diagnosis"": true, ""target_disease_mismatch"": false, ""contains_specific_dose"": false, ""contains_specific_withdrawal"": false, ""regulated_bad_treatment"": false}}",False,False,,,True,False,False,D:\XF-ChongQin\ai-\knowledge\llm_wiki_swine_authoritative,1465,887,"猪蛔虫病
猪蛔虫病、ascaris suum internal parasites
寄生虫群体发病
猪群出现腹泻、消瘦、皮肤瘙痒或生长慢，用户怀疑寄生虫。","{""HUMAN_REVIEWED"": 2, ""NEEDS_REVIEW"": 2}","[""SRC-0001"", ""SRC-0082""]",2221,26.07,ERNIE-4.5-Turbo-32K,82,27,18,22,15,False,True,"整体回答质量较高，诊断准确性、病理逻辑和处方安全性均表现良好，数据质量基本满足要求，无致命风险。
问题：诊断准确性方面，虽然高度怀疑猪蛔虫病，但未明确提及排除猪疥螨病、猪圆环病毒相关疾病的具体方法或依据，仅建议实验室检查，略显笼统。；病理逻辑方面，对猪蛔虫病的病理过程描述较为简略，未详细阐述幼虫移行如何引起皮肤瘙痒或继发感染的具体机制。；处方安全性方面，建议选用经批准的广谱驱虫药，但未具体说明药物名称或剂量，可能影响实际操作的准确性。；数据质量方面，场景标签和验证点较为全面，但风险标志中仅提及潜在混合感染风险和圈舍卫生不良，未涵盖所有可能的风险点，如人兽共患风险等（尽管猪蛔虫病人兽共患风险较低，但仍应提及）。",hunyuan-turbos-20250926,85,90,80,88,85,False,False,该回答整体结构合理，诊断思路清晰，能够结合年龄、症状和饲养环境推测猪蛔虫病，并提出鉴别诊断方向。处方建议包括粪便检查、病理检查和改善饲养管理，符合安全规范，未给出具体药物剂量或休药期承诺，避免了直接用药风险。不足之处在于病理机制解释较简略，鉴别诊断方法不够细化，且未明确提示人兽共患风险虽低也应关注。,True,ERNIE-4.5-Turbo-32K,True,review,整体回答质量较高，诊断准确性、病理逻辑和处方安全性均表现良好，但存在一些轻微不足。诊断方面，虽然高度怀疑猪蛔虫病，但未明确提及排除猪疥螨病、猪圆环病毒相关疾病的具体方法或依据，仅建议实验室检查，略显笼统；病理逻辑方面，对猪蛔虫病的病理过程描述较为简略，未详细阐述幼虫移行如何引起皮肤瘙痒或继发感染的具体机制；处方安全性方面，建议选用经批准的广谱驱虫药，但未具体说明药物名称或剂量，可能影响实际操作的准确性；数据质量方面，未明确提示人兽共患风险虽低也应关注。,83.0,27,18,22,15,review,18.93,24.79,
4e67b8f5-bdf8-538e-9357-e34b4a7c3bb8,105,猪戊型肝炎,swine_hunyuan_turbos,hunyuan-turbos-20250926,成功,,猪,我家是200头基础母猪的种猪场，最近一个月陆续有8头怀孕90多天的母猪发生流产，还有两头公猪采精量明显减少、活力下降。之前没用过疫苗，也没做过血检，场内通风一般，饲料一直用同一批玉米豆粕配方。现在不敢再配种了，怕传染，想问下可能是什么病？该怎么处理？,根据描述，妊娠中后期流产、死胎及公猪精液质量下降提示可能存在病毒性繁殖障碍性疾病。结合当前信息，应考虑猪戊型肝炎等病毒感染的可能性，同时需排除蓝耳病、伪狂犬、细小病毒病等常见繁殖障碍病因。由于戊型肝炎为人兽共患风险病毒，且部分毒株可在猪体内引起亚临床感染并影响繁殖性能，因此需通过实验室检测明确病原。,treatment_direction: 目前无特效抗病毒药物，应以控制传染源、减少垂直传播为核心。对流产母猪及时清理胎衣、消毒圈舍，避免其他母猪接触污染区域。公猪暂停采精，观察恢复情况。；management_measures: 立即隔离发病母猪，加强全场生物安全，限制人员、车辆流动，防止交叉感染。改善通风与卫生条件，确保饲料饮水清洁。；sampling_and_testing: 采集流产胎儿组织、胎盘、血液及公猪精液样本送实验室进行PCR检测，排查戊型肝炎病毒及其他常见繁殖障碍病原。；prohibited_boundaries: 严禁将疑似感染猪只出售或调运，禁止随意使用未经批准的疫苗或药物。若确诊为人兽共患风险病原，应按规定向当地畜牧兽医部门报告。,因无特效药物治疗，重点在于防控与隔离，不涉及具体药物休药期。,"{""disease_name"": ""猪戊型肝炎"", ""severity"": ""中等至严重（可导致繁殖损失）"", ""scene_tags"": [""种猪场"", ""繁殖障碍"", ""流产"", ""公猪精液异常""], ""validation_points"": [""妊娠中后期流产符合病毒性繁殖障碍特征"", ""公猪精液量减少、活力下降提示生殖系统受累"", ""缺乏疫苗接种史增加新发感染可能性""], ""risk_flags"": [""人兽共患风险"", ""需实验室确诊"", ""需隔离与生物安全措施""], ""case_type"": ""种猪繁殖障碍"", ""target_disease"": ""猪戊型肝炎"", ""local_flags"": {""species_ok"": true, ""target_disease_in_diagnosis"": true, ""target_disease_mismatch"": false, ""contains_specific_dose"": false, ""contains_specific_withdrawal"": false, ""regulated_bad_treatment"": false}}",False,False,,,True,False,False,D:\XF-ChongQin\ai-\knowledge\llm_wiki_swine_authoritative,1465,887,"猪戊型肝炎
猪戊型肝炎、hepatitis e virus
种猪繁殖障碍
种猪场出现流产、死胎、返情或公猪异常，用户担心传染病和是否继续配种。","{""HUMAN_REVIEWED"": 3, ""NEEDS_REVIEW"": 2}","[""SRC-0001"", ""SRC-0014"", ""SRC-0025"", ""SRC-0035""]",2151,30.28,ERNIE-4.5-Turbo-32K,82,27,18,23,14,False,True,"整体回答较为全面，诊断方向合理，考虑了病毒性繁殖障碍性疾病的可能性，并提及了人兽共患风险。处理方向安全，符合疾病防控要求。但数据质量方面存在一定不足，如未明确提及具体检测方法和部分症状与疾病关联的详细解释。
问题：诊断部分虽然考虑了多种可能性，但对猪戊型肝炎与症状的直接关联解释不够详细。；病理逻辑部分对症状与疾病关系的阐述不够深入，缺乏具体机制说明。；数据质量方面，未明确提及实验室检测的具体方法（如PCR检测的具体靶基因等），且对部分症状（如公猪精液质量下降）与猪戊型肝炎的关联解释不够充分。；未提及休药期虽因无特效药物而合理，但可补充一般防控措施下的观察期建议。",hunyuan-turbos-20250926,85,4,3.5,5,3.5,False,False,该回答在诊断方向上覆盖了猪戊型肝炎及常见繁殖障碍性病毒，并强调了人兽共患风险与生物安全措施，处理方案安全合规，无明显危险建议。不足之处在于症状与猪戊型肝炎的直接关联解释不够细致，缺少部分机制说明，以及实验室检测方法细节不足。,True,ERNIE-4.5-Turbo-32K,True,review,诊断方向合理，考虑了病毒性繁殖障碍性疾病的可能性，并提及了人兽共患风险。处理方向安全，符合疾病防控要求。但存在一些不足，如对猪戊型肝炎与症状的直接关联解释不够详细，缺乏具体机制说明，实验室检测方法细节不足，且未提供一般性观察期或防控周期建议。,83.0,27,18,23,14,review,19.83,19.75,
42ee6b4e-c608-5b31-a3c7-d5e1b536b6a7,156,猪丹毒,swine_hunyuan_turbos,hunyuan-turbos-20250926,成功,,猪,我家有120头90公斤左右的育肥猪，这几天有几头突然不吃料，体温升高到41度左右，身上出现紫红色菱形斑块，有的还喘气厉害，已经死了两头。之前用过阿莫西林拌料三天没见好转。现在离计划出栏还有20天，这种情况还能治吗？会不会影响卖猪？,根据描述，考虑急性败血型猪丹毒可能性大，表现为高热、厌食、呼吸困难及特征性菱形皮肤病变。需与A. suis败血症、沙门氏菌感染、猪链球菌病等鉴别，建议尽快采集血液、脾肺组织送实验室确诊。,treatment_direction: 使用敏感抗生素控制细菌感染，配合对症支持治疗，改善饲养环境降低应激。；management_measures: 立即隔离病猪，加强圈舍通风降温，减少密度，保证饮水清洁，补充电解质和维生素。；sampling_submission: 采集病死猪心血、脾肺组织及健康猪血样送实验室进行细菌分离鉴定，必要时做PCR检测排除其他病原。；prohibited_boundaries: 严禁私自屠宰、出售疑似染疫猪只；若确诊为重大动物疫病，应按规定扑杀和无害化处理，不得擅自用药替代。,任何药物治疗前须明确所用药物种类及其休药期规定，确保出栏前体内残留低于国家标准方可销售。,"{""disease_name"": ""猪丹毒"", ""severity"": ""高"", ""scene_tags"": [""育肥猪"", ""高热"", ""皮肤菱形斑"", ""急性败血症""], ""validation_points"": [""高热、厌食、呼吸困难符合急性败血型猪丹毒临床特征"", ""皮肤菱形斑块为典型病变之一"", ""需与A. suis败血症等多病原鉴别""], ""risk_flags"": [""可能为人畜共患风险低但属重要经济疾病"", ""存在死亡风险"", ""可能影响出栏销售""], ""case_type"": ""上市休药期咨询"", ""target_disease"": ""猪丹毒"", ""local_flags"": {""species_ok"": true, ""target_disease_in_diagnosis"": true, ""target_disease_mismatch"": false, ""contains_specific_dose"": false, ""contains_specific_withdrawal"": false, ""regulated_bad_treatment"": false}}",False,False,,,True,False,False,D:\XF-ChongQin\ai-\knowledge\llm_wiki_swine_authoritative,1465,887,"猪丹毒
猪丹毒、erysipelas
上市休药期咨询
用户接近出栏，关心治疗方向和用药后能否出栏销售。","{""HUMAN_REVIEWED"": 4}","[""SRC-0001"", ""SRC-0058"", ""SRC-0065""]",2221,22.51,ERNIE-4.5-Turbo-32K,82,27,18,22,15,False,True,"该回答对猪丹毒的诊断较为准确，症状描述与疾病特征匹配，鉴别诊断考虑全面。病理逻辑基本合理，但未详细说明鉴别诊断的具体依据。处方安全，考虑了隔离、环境改善和实验室确诊等措施。数据质量方面，场景标签和验证点较为全面，但风险描述可更具体。
问题：鉴别诊断部分未详细说明依据，病理逻辑稍显不足；数据质量中风险描述可更具体，如人畜共患风险的具体措施；休药期承诺未给出具体药物和期限，仅作一般性说明",hunyuan-turbos-20250926,85,9,8,9,8,False,False,该案例场景真实，用户描述的发热、厌食、呼吸困难及典型菱形皮疹高度符合急性败血型猪丹毒表现，诊断准确且鉴别诊断思路完整。处方方向合理，包含隔离、环境管理、实验室送检及禁止擅自处置等安全措施，无危险建议。不足之处在于鉴别诊断缺乏具体依据说明，风险防控措施可进一步细化（如人畜共患病防控细节），休药期提示为通用表述，未涉及具体药物信息，因此整体仍属合格数据。,True,ERNIE-4.5-Turbo-32K,True,review,该回答对猪丹毒的诊断较为准确，症状描述与疾病特征匹配，鉴别诊断思路完整但缺乏具体依据说明，病理逻辑稍显不足。处方方向合理，包含隔离、环境管理、实验室送检及禁止擅自处置等安全措施，无危险建议。风险防控措施中对人畜共患病、重大疫病的安全边界描述较笼统，休药期提示为通用表述，未涉及具体药物信息，整体数据质量合格但存在可优化空间。,83.0,27,18,22,15,review,14.88,20.84,
ce7ecc95-fc67-5216-a0f2-6ca347f62c98,158,猪沙门氏菌病,swine_hunyuan_turbos,hunyuan-turbos-20250926,成功,,猪,我家有120头70公斤左右的育肥猪，圈舍密度比较大，最近一周陆续有几头开始拉稀，粪便黄绿色带黏液，精神差、食欲下降，体温在39℃左右，个别猪还伴有呼吸急促。之前用了恩诺沙星拌料三天，效果不明显，现在想问还能不能继续用这个药？,根据描述的症状（腹泻、黏液便、发热、精神沉郁）以及育肥猪密集饲养的背景，高度怀疑为猪沙门氏菌病（肠炎型或败血型），可能与其他应激因素（如混群、饲料更换）有关。需要实验室分离鉴定及药敏试验明确病原和敏感药物。,建议立即停喂可疑污染饲料，改善通风与卫生条件，减少应激；采集新鲜粪便或病死猪组织送实验室进行沙门氏菌分离培养和药敏试验，依据结果选择敏感抗菌药物；同时加强全群饮水卫生，防止交叉感染；严禁将病猪与健康猪混养，必要时隔离观察。,因涉及抗菌药物使用，应严格遵循实验室药敏结果及当地兽药管理规定执行停药期，确保上市前达到安全间隔。,"{""disease_name"": ""猪沙门氏菌病"", ""severity"": ""中等至严重"", ""scene_tags"": [""育肥猪"", ""集约化饲养"", ""腹泻"", ""发热"", ""抗生素治疗无效""], ""validation_points"": [""症状符合沙门氏菌肠炎型或败血型特征"", ""高密度饲养增加感染风险"", ""前期用药效果不佳提示可能耐药""], ""risk_flags"": [""潜在耐药菌流行风险"", ""需实验室确诊以防误诊""], ""case_type"": ""育肥猪用药咨询"", ""target_disease"": ""猪沙门氏菌病"", ""local_flags"": {""species_ok"": true, ""target_disease_in_diagnosis"": true, ""target_disease_mismatch"": false, ""contains_specific_dose"": false, ""contains_specific_withdrawal"": false, ""regulated_bad_treatment"": false}}",False,False,,,True,False,False,D:\XF-ChongQin\ai-\knowledge\llm_wiki_swine_authoritative,1465,887,"猪沙门氏菌病
猪沙门氏菌病、salmonellosis
育肥猪用药咨询
育肥猪出现典型症状，用户已经用过常见药物但效果一般，询问是否继续用药。","{""HUMAN_REVIEWED"": 3, ""NEEDS_REVIEW"": 2}","[""SRC-0001"", ""SRC-0073""]",2192,28.95,ERNIE-4.5-Turbo-32K,82,27,18,22,15,False,True,"整体回答符合猪沙门氏菌病的诊断与处理逻辑，诊断准确性较高，病理逻辑合理，处方安全且考虑了实验室确诊与预防交叉感染，数据质量基本满足要求，无致命风险。
问题：诊断准确性方面，虽然症状描述与猪沙门氏菌病相符，但未完全排除其他类似疾病（如猪痢疾、猪传染性胃肠炎）的可能性，缺乏特异性诊断依据。；病理逻辑方面，对败血型沙门氏菌病的提及略显笼统，未详细阐述其与肠炎型的区别及具体病理机制。；处方安全方面，虽提到依据药敏试验选择药物，但未给出具体药物名称及剂量范围，可能影响实际操作的准确性。；数据质量方面，用户查询中的症状描述较为详细，但回答中未充分利用这些信息来进一步细化诊断或处理建议。",hunyuan-turbos-20250926,85,8,8.5,9,8,False,False,该回答针对用户描述的育肥猪腹泻、发热等症状，结合高密度饲养背景，提出高度怀疑猪沙门氏菌病，并强调实验室检测与药敏试验的必要性，诊断思路清晰，病理逻辑合理，处方建议注重生物安全和防控交叉感染，无明显危险建议。不足之处在于未充分排除其他相似疾病，对败血型和肠炎型的具体差异说明不足，也未利用全部临床信息细化处理方案。,True,ERNIE-4.5-Turbo-32K,True,review,整体回答符合猪沙门氏菌病的诊断与处理逻辑，诊断准确性较高，病理逻辑合理，处方安全且考虑了实验室确诊与预防交叉感染。但存在一些不足，如未完全排除其他类似疾病（如猪痢疾、猪传染性胃肠炎）的可能性，缺乏特异性诊断依据；对败血型沙门氏菌病的提及略显笼统，未详细阐述其与肠炎型的区别及具体病理机制；虽提到依据药敏试验选择药物，但未给出具体药物名称及剂量范围，可能影响实际操作的准确性；未充分利用用户查询中的症状信息来进一步细化诊断或处理建议。,83.0,27,18,22,15,review,21.53,23.14,
120df207-3cfb-5449-a4ae-894019a6aef9,193,猪放线杆菌败血症,swine_hunyuan_turbos,hunyuan-turbos-20250926,成功,,猪,我家是100头左右60公斤左右的育肥猪，这几天有五六头开始咳嗽、喘气，体温摸着偏高，吃料也慢了，有的还精神不好趴着不动。舍里通风一般，湿度大点，之前没用过什么药。这种情况是不是传染病？要不要整栏都打抗生素？,根据描述，该群育肥猪出现咳嗽、喘气、发热及采食下降，结合饲养密度和环境条件，考虑细菌性呼吸道感染可能性较大，其中猪放线杆菌败血症可表现为急性败血症伴呼吸道症状，且易与猪丹毒等混淆，需结合临床与实验室检测确诊。,建议立即隔离症状明显个体，加强圈舍通风与保温，适当提高环境温度以改善体感温度；采集病死猪血液、肺组织送实验室进行细菌分离鉴定，必要时做PCR检测区分A. suis与其他病原；在确诊前不建议盲目全群使用抗生素，以免掩盖病情并增加耐药风险；若确诊为A. suis感染，可在兽医指导下选用敏感抗菌药物，配合改善饲养管理；严禁将病猪随意出售或调运。,因涉及抗生素使用，须严格遵循兽医开具的停药期规定，并在出栏前确保符合食品安全标准。,"{""disease_name"": ""猪放线杆菌败血症"", ""severity"": ""中等至严重"", ""scene_tags"": [""育肥猪"", ""群体呼吸道症状"", ""高湿环境""], ""validation_points"": [""症状包括咳嗽、喘气、发热、采食下降"", ""可能与猪丹毒等相似需实验室鉴别"", ""环境通风不良可能加重病情""], ""risk_flags"": [""需实验室确诊"", ""禁止未经许可使用抗生素"", ""防止疫情扩散""], ""case_type"": ""呼吸道群体发病"", ""target_disease"": ""猪放线杆菌败血症"", ""local_flags"": {""species_ok"": true, ""target_disease_in_diagnosis"": true, ""target_disease_mismatch"": false, ""contains_specific_dose"": false, ""contains_specific_withdrawal"": false, ""regulated_bad_treatment"": false}}",False,False,,,True,False,False,D:\XF-ChongQin\ai-\knowledge\llm_wiki_swine_authoritative,1465,887,"猪放线杆菌败血症
猪放线杆菌败血症、actinobacillus suis septicemia pleuropneumonia
呼吸道群体发病
同栏出现咳嗽、喘气、发热、采食下降，用户想判断病因和是否需要全群用药。","{""HUMAN_REVIEWED"": 3, ""NEEDS_REVIEW"": 2}","[""SRC-0001"", ""SRC-0006"", ""SRC-0058"", ""SRC-0064""]",2167,136.45,ERNIE-4.5-Turbo-32K,82,27,18,20,17,False,True,"该回答整体表现良好，诊断准确性较高，症状与疾病匹配合理，诊断逻辑清晰，处理方向安全，未发现与疾病相冲突的处方或重大疫病被误判的情况。数据质量基本满足要求，但部分细节可进一步优化。
问题：诊断准确性方面，虽然考虑了猪放线杆菌败血症的可能性，但未充分排除其他类似疾病（如猪传染性胸膜肺炎）的可能性，仅提到与猪丹毒混淆，略显不足。；病理逻辑方面，对环境因素（如通风不良、湿度大）与疾病发生的关系分析不够深入，未明确说明这些因素如何具体影响疾病的发展。；处方安全性方面，虽然强调了不建议盲目全群使用抗生素，但未提供具体的替代方案或初步处理措施，可能让用户感到操作指导不够明确。；数据质量方面，症状描述和疾病关联性分析较为全面，但缺乏对疾病流行病学特点（如传播途径、易感猪群等）的简要说明，可能影响用户对疾病整体认识。",hunyuan-turbos-20250926,85,8,7,9,8,False,False,回答整体结构完整，症状与猪放线杆菌败血症有一定匹配度，诊断思路合理，强调实验室确诊和避免盲目用药，处方方向安全，无危险建议。不足之处在于鉴别诊断范围较窄，环境致病机制解释不足，缺乏初步管理措施的具体化。,True,ERNIE-4.5-Turbo-32K,True,review,回答整体结构完整，症状与猪放线杆菌败血症有一定匹配度，诊断思路合理，强调实验室确诊和避免盲目用药，处方方向安全，无危险建议。但存在以下不足：鉴别诊断范围较窄，未充分考虑其他常见呼吸道疾病（如猪传染性胸膜肺炎）；对环境因素（通风差、湿度高）与疾病发生的关联分析不够深入；缺少针对初期症状的临时管理措施，用户可能缺乏即时应对参考。,83.0,27,18,20,17,review,109.57,16.29,
c20303cc-7ffc-50f8-8e6f-b5b8eee35064,240,猪星状病毒感染,swine_hunyuan_turbos,hunyuan-turbos-20250926,成功,,猪,我家有200头120公斤左右的育肥猪，还有20天就要出栏了，最近几天陆续有几头开始拉稀，粪便稀薄带点黄色，精神还行，采食量稍微下降，没有发烧，也没有死亡。圈舍通风一般，温度白天25度左右，晚上会降到18度。之前没用过什么药，想问问这种情况还能继续养到出栏吗？要不要隔离？用什么药能好得快一点？会不会影响卖猪？,根据描述，育肥猪临近出栏时出现轻度腹泻，无明显全身症状，考虑可能与猪星状病毒感染有关，同时不排除其他肠道病毒或细菌混合感染的可能。该病多为自限性，但在应激条件下可加重。,建议加强保温与通风管理，减少温差刺激；提供清洁饮水和易消化的饲料，防止继发细菌感染。可在兽医指导下使用对症支持疗法及广谱抗生素预防继发感染，并采集新鲜粪便送实验室进行病原检测，明确病因。若怀疑重大疫病或人兽共患病，应立即按当地规定上报并配合隔离、检测等措施。,因临近出栏，应优先确保药物残留符合食品安全标准，任何用药前须咨询执业兽医并遵守相关规定。,"{""disease_name"": ""猪星状病毒感染"", ""severity"": ""轻症"", ""scene_tags"": [""育肥猪"", ""临近出栏"", ""腹泻"", ""温差应激""], ""validation_points"": [""症状与猪星状病毒感染的轻度腹泻特征相符"", ""无高热、无急性死亡，符合自限性病程特点"", ""存在温差应激等诱发因素""], ""risk_flags"": [""临近出栏需关注药物残留与食品安全"", ""需排除其他病原混合感染""], ""case_type"": ""腹泻出栏边界"", ""target_disease"": ""猪星状病毒感染"", ""local_flags"": {""species_ok"": true, ""target_disease_in_diagnosis"": true, ""target_disease_mismatch"": false, ""contains_specific_dose"": false, ""contains_specific_withdrawal"": false, ""regulated_bad_treatment"": false}}",False,False,,,True,False,False,D:\XF-ChongQin\ai-\knowledge\llm_wiki_swine_authoritative,1465,887,"猪星状病毒感染
猪星状病毒感染、astroviruses、astrovirus、猪星状病毒
腹泻出栏边界
临近出栏猪群出现腹泻，用户关心处理方向、隔离和用药后能否销售。","{""HUMAN_REVIEWED"": 2, ""NEEDS_REVIEW"": 2}","[""SRC-0001"", ""SRC-0032""]",2221,24.68,ERNIE-4.5-Turbo-32K,82,27,18,22,15,False,True,"该回答对猪星状病毒感染的诊断较为准确，症状描述与疾病特征相符，且考虑到了温差应激等诱发因素。处理方向安全，强调了加强管理和预防继发感染，同时关注了药物残留与食品安全。但诊断逻辑中对于其他病原混合感染的排除措施不够具体，数据质量方面可进一步丰富症状描述和诊断依据。
问题：诊断逻辑中对于其他病原混合感染的排除措施不够详细，缺乏具体的检测或观察建议。；数据质量方面，症状描述和诊断依据可以更加详细和具体，以提高诊断的准确性。；处方中对于对症支持疗法和广谱抗生素的使用未给出具体药物名称或使用方法，可能影响实际操作的准确性。",hunyuan-turbos-20250926,85,90,85,88,80,True,False,该案例场景真实，症状（轻度腹泻、无发热、采食略降）与猪星状病毒感染的轻症表现基本吻合，诊断考虑了自限性和应激诱因，并提示可能混合感染，逻辑合理。处方强调环境改善、营养支持和在兽医指导下预防性使用抗生素，避免盲目用药，并提醒送检和重大疫病防控，安全性较高。不足之处在于对混合感染的具体排查手段描述不足，以及部分处理建议偏笼统，可能影响执行效果。,True,ERNIE-4.5-Turbo-32K,True,review,该回答对猪星状病毒感染的诊断较为准确，症状描述与疾病特征相符，且考虑到了温差应激等诱发因素。处理方向安全，强调了加强管理和预防继发感染，同时关注了药物残留与食品安全。但诊断逻辑中对于其他病原混合感染的排除措施不够具体，处方中对于对症支持疗法和广谱抗生素的使用未给出具体药物名称或使用方法，可能影响实际操作的准确性。,83.0,27,18,22,15,review,15.99,21.35,
bec861f7-82bc-5bc9-9e73-2f2dff81efd9,245,猪血凝性脑脊髓炎,swine_hunyuan_turbos,hunyuan-turbos-20250926,成功,,猪,我家有200头左右育肥猪，现在60日龄左右，最近几天陆续有几头出现不吃料、精神沉郁、走路摇晃、有的还呕吐，体温测着正常，个别猪站不稳甚至倒地抽搐。之前用过恩诺沙星拌料三天没见好转，想问下这种情况是不是要送样？该采哪些部位？会不会是别的病误诊了？,根据描述的神经症状、呕吐及年龄特征，高度怀疑为猪血凝性脑脊髓炎病毒感染，该病在新生至断奶前后仔猪易发，可引起呕吐消瘦综合征和脑脊髓炎综合征。需结合实验室检测排除伪狂犬病、乙脑、其他病毒性或细菌性神经疾病。,treatment_direction: 本病无特效抗病毒药物，主要采取对症支持治疗和减少应激，防止继发细菌感染。；management_measures: 立即隔离发病猪，加强圈舍通风干燥，减少惊扰和混群应激，保证饮水充足，必要时补充电解质和维生素。；sampling_submission: 采集发病猪的脑组织（尤其是脑干）和脊髓样本，同时采集血液做血清学检测，尽快送至具备资质的实验室进行病原学和血清学鉴定。；contraindications_boundary: 禁止随意使用抗生素替代抗病毒治疗；若确诊为本病，应按重大动物疫病防控要求进行报告和后续管理，不得擅自出售或转运病猪。,因属病毒病且无特效治疗，无特定药物休药期，但应遵守当地重大动物疫病处置规定，病猪及其同群猪按监管要求处理后方可解除限制。,"{""disease_name"": ""猪血凝性脑脊髓炎"", ""severity"": ""高"", ""scene_tags"": [""神经症状"", ""呕吐"", ""育肥猪"", ""抗生素治疗无效""], ""validation_points"": [""神经症状伴呕吐提示中枢神经受累"", ""年龄符合易感期范围"", ""常规抗生素治疗无效需考虑病毒病因""], ""risk_flags"": [""疑似重大动物疫病"", ""需及时采样送检"", ""存在误诊风险""], ""case_type"": ""采样送检咨询"", ""target_disease"": ""猪血凝性脑脊髓炎"", ""local_flags"": {""species_ok"": true, ""target_disease_in_diagnosis"": true, ""target_disease_mismatch"": false, ""contains_specific_dose"": false, ""contains_specific_withdrawal"": false, ""regulated_bad_treatment"": false}}",False,False,,,True,False,False,D:\XF-ChongQin\ai-\knowledge\llm_wiki_swine_authoritative,1465,887,"猪血凝性脑脊髓炎
猪血凝性脑脊髓炎、hemagglutinating encephalomyelitis virus
采样送检咨询
用户描述症状后，重点询问采什么样品、如何判断和如何避免误治。","{""HUMAN_REVIEWED"": 3, ""NEEDS_REVIEW"": 2}","[""SRC-0001"", ""SRC-0009"", ""SRC-0012"", ""SRC-0037"", ""SRC-0041""]",2159,29.85,ERNIE-4.5-Turbo-32K,82,27,18,23,14,False,True,"整体回答较为准确，诊断方向合理，处理措施安全，但存在部分细节可优化，如数据质量方面可补充更多信息以提高可信度。
问题：diagnosis_accuracy: 诊断准确性较高，但未完全排除其他类似疾病的可能性，如伪狂犬病和乙脑的鉴别诊断可更详细。；pathology_logic: 病理逻辑基本合理，但对疾病易发年龄段的描述与实际案例中60日龄育肥猪的匹配度可进一步说明。；prescription_safety: 处理方向安全，但休药期描述不够明确，仅提及按监管要求处理，未给出具体指导。；data_quality: 数据质量一般，症状描述和诊断依据较充分，但缺乏对病例背景（如养殖环境、免疫史等）的详细描述。",hunyuan-turbos-20250926,85,8,8,9,7,False,False,回答对猪血凝性脑脊髓炎的识别和处理方向总体正确，能提示重大疫病防控要求和采样送检方法，无明显危险建议。但诊断中对易感年龄与实际案例的匹配解释不足，鉴别诊断可更细化，且缺乏养殖背景信息支撑。,True,ERNIE-4.5-Turbo-32K,True,review,回答对猪血凝性脑脊髓炎的诊断方向和处理措施总体正确，能提示重大疫病防控要求和采样送检方法，无明显危险建议。但诊断中对易感年龄与实际案例的匹配解释不足，鉴别诊断可更细化，且缺乏养殖背景信息支撑，存在部分细节可优化。,83.0,27,18,23,14,review,20.24,17.03,
ba247b97-8684-5058-ac2d-60c509e27287,392,猪呼吸道冠状病毒感染,swine_hunyuan_turbos,hunyuan-turbos-20250926,成功,,猪,我家有200多头90公斤左右的育肥猪，还有不到一个月就要出栏了，这几天陆续有几头开始拉稀，精神还行，采食量稍微下降，圈舍通风一般，温度偏低，之前没用过什么药。这种情况还能治吗？会不会影响卖猪？要不要隔离？,根据描述，育肥猪在低温、通风不良环境下出现腹泻，结合流行病学特征，考虑可能为猪呼吸道冠状病毒感染（PRCV）等病毒性因素所致，同时需排除细菌性肠炎、饲料应激等其他原因。,建议立即将发病猪与健康猪分栏隔离，减少交叉感染风险；加强圈舍保温与通风管理，改善饲养环境；提供清洁饮水和易消化的饲料；可采集新鲜粪便送实验室进行病原检测，明确是否为PRCV或其他病原；在未明确诊断前，避免使用可能掩盖病情的药物；如检测结果确认为PRCV且无明显继发细菌感染，应以支持疗法和环境管理为主，不建议使用未经批准的抗病毒药物；若怀疑混合感染，可在兽医指导下选择安全有效的抗生素控制继发感染；严禁私自出售疑似染疫猪，须按当地动物防疫部门要求进行风险评估和处置。,因涉及检疫与疫病防控，出栏前应依据检测结果及当地畜牧兽医主管部门意见确定是否允许销售，不可自行决定。,"{""disease_name"": ""猪呼吸道冠状病毒感染"", ""severity"": ""中等"", ""scene_tags"": [""育肥猪"", ""出栏前"", ""腹泻"", ""低温环境""], ""validation_points"": [""症状符合PRCV常见表现"", ""环境因素增加感染风险"", ""需要实验室检测确认病原""], ""risk_flags"": [""临近出栏，存在销售限制风险"", ""需防止疫情扩散至健康猪群"", ""可能涉及地方动物防疫监管要求""], ""case_type"": ""腹泻出栏边界"", ""target_disease"": ""猪呼吸道冠状病毒感染"", ""local_flags"": {""species_ok"": true, ""target_disease_in_diagnosis"": true, ""target_disease_mismatch"": false, ""contains_specific_dose"": false, ""contains_specific_withdrawal"": false, ""regulated_bad_treatment"": false}}",False,False,,,True,False,False,D:\XF-ChongQin\ai-\knowledge\llm_wiki_swine_authoritative,1465,887,"猪呼吸道冠状病毒感染
猪呼吸道冠状病毒感染、porcine respiratory coronavirus
腹泻出栏边界
临近出栏猪群出现腹泻，用户关心处理方向、隔离和用药后能否销售。","{""HUMAN_REVIEWED"": 1, ""NEEDS_REVIEW"": 4}","[""A0-MOA-573"", ""SRC-0001""]",2027,29.01,ERNIE-4.5-Turbo-32K,82,27,18,23,14,False,True,"该回答整体符合猪呼吸道冠状病毒感染的诊断与处理要求，诊断考虑了病毒性因素和环境诱因，处理方向安全合理，符合疫病防控原则。
问题：诊断准确性方面，虽然考虑了病毒性因素，但对细菌性肠炎和饲料应激的排除依据不够充分，缺乏具体鉴别诊断措施。；病理逻辑方面，对环境因素与疾病发生的关联性分析不够深入，未详细说明低温、通风不良如何具体影响疾病发生。；处方安全性方面，整体处理方向安全，但未明确说明支持疗法的具体措施，可能影响实际操作的规范性。；数据质量方面，症状描述与疾病匹配度较高，但缺乏具体症状的详细记录，如腹泻的频率、粪便性状等，影响诊断的精确性。",hunyuan-turbos-20250926,85,80,78,90,82,False,False,该回答针对用户描述的育肥猪腹泻情况，结合临近出栏、低温通风差的环境背景，提出了合理的病毒性疾病可能性并兼顾其他病因排查，处理方案强调隔离、环境改善、病原检测和避免滥用药物，符合生物安全和法规防控要求，无危险建议。不足之处在于鉴别诊断依据不足、环境致病机制分析较浅、支持疗法细节缺失以及症状信息收集不够全面。,True,ERNIE-4.5-Turbo-32K,True,review,该回答整体符合猪呼吸道冠状病毒感染的诊断与处理要求，诊断考虑了病毒性因素和环境诱因，处理方向安全合理，符合疫病防控原则。不足之处在于鉴别诊断依据不足、环境致病机制分析较浅、支持疗法细节缺失以及症状信息收集不够全面，但整体可参考。,83.0,27,18,23,14,review,19.77,17.82,
33648626-fc1f-5101-a3bb-e442d32d685c,412,猪放线杆菌败血症,swine_hunyuan_turbos,hunyuan-turbos-20250926,成功,,猪,我家有120头60公斤左右的育肥猪，这几天同一栏里陆续有几头开始咳嗽、喘气，体温升高到40℃左右，吃料明显变慢，有的还精神不振。圈舍通风一般，最近天气忽冷忽热。之前用过替米考星拌料防呼吸道病，这次效果不明显。我想知道是不是传染病，要不要整栏用药？,根据描述，该群猪出现高热、咳嗽、喘气和采食下降，结合年龄和饲养条件，考虑细菌性呼吸道感染，可能由猪放线杆菌败血症等引起。该病在育肥猪可呈急性经过，伴有呼吸症状和全身症状，有时伴皮肤病变，需与猪丹毒等鉴别。建议尽快采集病死猪血液及肺组织送实验室进行细菌分离鉴定，同时排查其他常见呼吸道病原。,立即隔离病猪并加强圈舍保温与通风管理，提高环境温度以减轻代谢负担；对全群采取支持性护理，保证饮水充足；暂停使用未经确诊的药物，避免掩盖病情；采集病猪血样、肺脏等样品送专业实验室检测病原；如确诊为猪放线杆菌败血症，应在兽医指导下选用敏感抗生素进行治疗，并做好消毒与生物安全措施；严禁随意出售或转运病猪及其产品。,因涉及抗生素治疗，须依据所用药物种类及检测结果确定停药期，并在兽医监督下执行。,"{""disease_name"": ""猪放线杆菌败血症"", ""severity"": ""中等至严重"", ""scene_tags"": [""育肥猪"", ""群体呼吸道症状"", ""发热"", ""采食下降"", ""温差大""], ""validation_points"": [""符合育肥猪急性细菌感染临床表现"", ""症状包括高热、咳嗽、喘气、食欲下降"", ""需实验室病原学确诊"", ""强调隔离、送检和针对性用药""], ""risk_flags"": [""需排除重大疫病"", ""禁止自行大规模投药"", ""存在传播风险""], ""case_type"": ""呼吸道群体发病"", ""target_disease"": ""猪放线杆菌败血症"", ""local_flags"": {""species_ok"": true, ""target_disease_in_diagnosis"": true, ""target_disease_mismatch"": false, ""contains_specific_dose"": false, ""contains_specific_withdrawal"": false, ""regulated_bad_treatment"": false}}",False,False,,,True,False,False,D:\XF-ChongQin\ai-\knowledge\llm_wiki_swine_authoritative,1465,887,"猪放线杆菌败血症
猪放线杆菌败血症、actinobacillus suis septicemia pleuropneumonia
呼吸道群体发病
同栏出现咳嗽、喘气、发热、采食下降，用户想判断病因和是否需要全群用药。","{""HUMAN_REVIEWED"": 3, ""NEEDS_REVIEW"": 2}","[""SRC-0001"", ""SRC-0006"", ""SRC-0058"", ""SRC-0064""]",2167,27.16,ERNIE-4.5-Turbo-32K,82,27,18,22,15,False,True,"整体回答较为全面，诊断方向合理，考虑了细菌性呼吸道感染的可能性，并建议实验室确诊，符合猪放线杆菌败血症的诊断逻辑。处方中强调了隔离、送检和针对性用药，避免了盲目用药的风险，同时注意到了生物安全措施。但数据质量方面，对症状的描述和疾病特征的关联性可以更详细，诊断逻辑部分对鉴别诊断的描述稍显不足。
问题：诊断逻辑部分对鉴别诊断的描述不够详细，仅提到需与猪丹毒等鉴别，但未具体说明鉴别要点。；数据质量方面，对症状的描述和疾病特征的关联性可以更详细，例如未提及皮肤病变等猪放线杆菌败血症的典型症状。；处方中未明确提及敏感抗生素的具体选择，仅提到在兽医指导下选用，略显笼统。",hunyuan-turbos-20250926,85,4,3.5,4.5,3.5,False,False,回答总体准确且安全，诊断方向合理，考虑了猪放线杆菌败血症的可能性，并强调实验室确诊和生物安全措施，避免了盲目用药。处方中给出了合理的隔离、送检和支持性护理措施，并提示在兽医指导下用药，无危险建议。不足之处在于鉴别诊断细节较少，未充分关联典型症状（如皮肤病变），以及未明确敏感抗生素类别。,True,ERNIE-4.5-Turbo-32K,True,review,回答总体准确且安全，诊断方向合理，考虑了猪放线杆菌败血症的可能性，并强调实验室确诊和生物安全措施，避免了盲目用药。处方中给出了合理的隔离、送检和支持性护理措施，并提示在兽医指导下用药，无危险建议。但鉴别诊断细节较少，未充分关联典型症状（如皮肤病变），以及未明确敏感抗生素类别，需进一步补充完善。,83.0,27,18,22,15,review,18.45,19.32,
5fd4a056-4c83-5e59-9e8a-190820f6ee65,444,猪繁殖与呼吸综合征,swine_hunyuan_turbos,hunyuan-turbos-20250926,成功,,猪,我家有120头保育猪，现在50日龄左右，最近一周舍内通风不太好，早上起来能闻到明显氨味，白天温度又忽高忽低，这几天陆续有几头出现咳嗽、喘气，个别精神稍差，采食量下降不明显。之前没用过疫苗，也没做过保健用药，这种情况是环境应激还是传染病？该怎么处理？,结合临床表现（保育猪群在通风不良、氨气浓度偏高及昼夜温差大的环境下出现咳嗽、喘气）、流行病学特征（多发生在保育阶段、无明显急性死亡），高度怀疑为猪繁殖与呼吸综合征病毒感染所致呼吸道综合征。需排除其他呼吸道病原混合感染。,treatment_direction: 立即改善饲养环境，加强通风换气，降低氨气浓度，稳定舍温；对发病猪进行分群管理，减少应激；采集鼻拭子或肺组织送实验室检测PRRSV及其他常见呼吸道病原（如猪流感病毒、支原体等）。；management_measures: 暂停引入新猪，严格消毒圈舍及周边区域；观察全群体温、采食和精神状况，记录病情发展；对重症个体及时隔离并监测。；sampling_and_testing: 采集发病猪的鼻腔拭子、血液样本及病死猪肺组织，送具备资质的兽医实验室进行PCR检测，明确PRRSV及其他可能并发病原。；prohibited_boundaries: 严禁擅自使用未经批准的抗病毒药物或抗生素作为预防手段；发现疑似重大动物疫病时，不得擅自处置，应按规定上报主管部门。,无具体药物使用，暂无休药期要求；若后续使用兽药，须按说明书执行相应休药期。,"{""disease_name"": ""猪繁殖与呼吸综合征"", ""severity"": ""中等"", ""scene_tags"": [""保育猪"", ""呼吸道综合征"", ""环境应激诱发"", ""多病原混合感染风险""], ""validation_points"": [""保育阶段易感性符合PRRS流行特点"", ""环境因素（通风差、氨气高、温差大）可诱发或加重PRRS临床症状"", ""初期表现为咳嗽、喘气，未见急性大批死亡，符合温和型PRRS表现""], ""risk_flags"": [""潜在人畜共患病风险较低，但属中国二类动物疫病，需按程序上报""], ""case_type"": ""呼吸道环境诱因"", ""target_disease"": ""猪繁殖与呼吸综合征"", ""local_flags"": {""species_ok"": true, ""target_disease_in_diagnosis"": true, ""target_disease_mismatch"": false, ""contains_specific_dose"": false, ""contains_specific_withdrawal"": false, ""regulated_bad_treatment"": false}}",False,False,,,True,False,False,D:\XF-ChongQin\ai-\knowledge\llm_wiki_swine_authoritative,1465,887,"猪繁殖与呼吸综合征
猪繁殖与呼吸综合征、porcine reproductive and respiratory syndrome viruses、PRRS、蓝耳病
呼吸道环境诱因
通风差、氨气重或温差大后出现咳嗽喘气，用户想区分环境应激和传染病。","{""HUMAN_REVIEWED"": 2, ""NEEDS_REVIEW"": 2}","[""A0-MOA-573"", ""A1-WOAH-PRRS-DISEASE"", ""SRC-0001"", ""SRC-0023""]",2221,26.57,ERNIE-4.5-Turbo-32K,82,27,18,22,15,False,True,"整体回答较为准确，诊断逻辑合理，处理方向安全，但数据质量方面存在一定不足，如未详细说明诊断依据的全面性及检测结果的解读。
问题：诊断依据中未详细说明如何排除其他呼吸道病原混合感染的具体方法或依据。；数据质量方面，未提供详细的检测结果解读或诊断的确定性依据。；处理措施中，虽然提到了改善环境和管理措施，但未具体说明如何执行或预期效果。",hunyuan-turbos-20250926,85,90,88,92,80,True,False,该回答基于用户提供的环境与临床症状信息，合理推测猪繁殖与呼吸综合征（PRRS）可能性，并结合保育猪阶段特点与环境因素分析，诊断逻辑清晰且符合实际养殖情境。处理方案强调环境改善、采样送检、隔离观察和防疫规范，避免了盲目用药，并明确了禁止擅自使用未经批准的药物以及疫情上报义务，安全性较高。不足之处在于缺乏更具体的鉴别诊断步骤和检测方法细节，以及对环境改善措施的可操作性描述不够细致。,True,ERNIE-4.5-Turbo-32K,partially,review,诊断逻辑合理，结合环境与临床症状推测猪繁殖与呼吸综合征可能性较高，处理方向安全，强调环境改善、采样送检、隔离观察和防疫规范，避免了盲目用药。但存在一些不足，如未详细说明排除其他呼吸道病原混合感染的具体方法或依据，环境改善措施的可操作性描述不够细致，缺乏检测结果出来后的进一步处理策略。,83.0,27,18,22,15,review,15.3,18.53,
373fab57-874d-5bf4-a983-28077ef20f8d,451,猪链球菌病,swine_hunyuan_turbos,hunyuan-turbos-20250926,成功,,猪,我家有120头保育猪，现在50天左右大，最近两天发现部分猪精神沉郁、采食量明显下降，有的还出现关节肿胀、站立不稳的情况，个别猪呼吸急促，体温偏高，舍内湿度偏大、通风一般，之前用过阿莫西林饮水，但效果不明显，想问下可能是什么问题，该怎么处理？,根据描述的症状（保育猪、精神沉郁、采食下降、关节肿胀、呼吸急促、发热）以及环境因素（高湿、通风差），结合病史（阿莫西林效果不佳），高度怀疑为猪链球菌病（Streptococcus suis）。该病在保育阶段易发，可表现为脑膜炎、败血症、关节炎及呼吸系统症状，需结合实验室检测确认。,建议立即将病猪与健康猪分栏隔离，改善圈舍通风与温湿度管理，适当提高环境温度以减轻代谢负担；采集病猪血液、关节液或脑组织送实验室进行细菌培养与PCR检测，明确病原及药敏情况；在未确诊前避免使用广谱抗生素以防掩盖病情；若确诊为链球菌感染，应根据药敏结果选择敏感抗菌药物，并配合支持疗法（补液、维生素、电解质）；同时加强饲养管理，减少应激因素，防止继发感染。,因未确定具体药物种类与剂量，无法给出确切休药期，须依据所用药物的说明书及当地监管要求执行。,"{""disease_name"": ""猪链球菌病"", ""severity"": ""中等至严重"", ""scene_tags"": [""保育猪"", ""群体发病"", ""采食下降"", ""关节肿胀"", ""呼吸急促"", ""高湿环境""], ""validation_points"": [""症状符合猪链球菌病的典型表现"", ""年龄与环境条件符合该病高发特征"", ""阿莫西林无效提示可能存在耐药""], ""risk_flags"": [""存在人畜共患潜在风险（皮肤破损接触病猪或组织可致人类感染）"", ""需排除其他细菌性疾病如副猪嗜血杆菌病、丹毒等""], ""case_type"": ""保育猪群体发病"", ""target_disease"": ""猪链球菌病"", ""local_flags"": {""species_ok"": true, ""target_disease_in_diagnosis"": true, ""target_disease_mismatch"": false, ""contains_specific_dose"": false, ""contains_specific_withdrawal"": false, ""regulated_bad_treatment"": false}}",False,False,,,True,False,False,D:\XF-ChongQin\ai-\knowledge\llm_wiki_swine_authoritative,1465,887,"猪链球菌病
猪链球菌病、streptococcosis streptococcus suis
保育猪群体发病
群体发病、采食下降、粪便或呼吸道异常，用户想知道主要病因和下一步处理。","{""HUMAN_REVIEWED"": 3, ""NEEDS_REVIEW"": 2}","[""SRC-0001"", ""SRC-0006"", ""SRC-0014"", ""SRC-0075"", ""SRC-0076""]",2076,30.08,ERNIE-4.5-Turbo-32K,82,28,18,20,16,False,True,"整体回答较为准确，诊断逻辑合理，处理方向安全，但存在部分细节可优化。
问题：诊断准确性方面，虽然症状描述与猪链球菌病高度吻合，但未提及实验室检测的必要性，仅作为辅助确认手段，略显不足。；病理逻辑方面，对环境因素（高湿、通风差）与疾病发生的关联性分析不够深入。；处方安全性方面，未确诊前避免使用广谱抗生素的建议合理，但未提供初步应急处理方案。；数据质量方面，风险标识中提到人畜共患风险，但未明确防护措施；休药期说明过于模糊。",hunyuan-turbos-20250926,85,90,80,88,82,False,False,该回答对猪链球菌病的诊断基本准确，症状与环境条件分析合理，处理建议总体安全且符合兽医规范，强调了先确诊再用药的原则，避免了直接推荐具体药物与剂量，降低了风险。不足之处在于环境致病机制解释较浅，缺乏初步应急干预措施，以及人畜共患病防护提示不够明确。,True,ERNIE-4.5-Turbo-32K,True,review,整体回答较为准确，诊断逻辑合理，处理方向安全，但存在部分细节可优化。诊断方面，虽然症状描述与猪链球菌病高度吻合，但未深入提及实验室检测的必要性，仅作为辅助确认手段，略显不足；病理逻辑方面，对环境因素（高湿、通风差）与疾病发生的关联性分析不够深入；处方安全性方面，未确诊前避免使用广谱抗生素的建议合理，但未提供初步应急处理方案；数据质量方面，风险标识中提到人畜共患风险，但未明确防护措施，休药期说明过于模糊。,83.0,28,18,20,16,review,20.77,19.89,
bda0d1ea-b404-5d63-8c5e-33c4d95fe644,474,猪流感,swine_hunyuan_turbos,hunyuan-turbos-20250926,成功,,猪,我家是200头左右的保育猪，现在60日龄左右，最近几天天气忽冷忽热，加上舍里通风不太好，早上起来能闻到一股氨味，这几天陆续有猪开始咳嗽、喘气，有的还精神不好、吃料慢了，体温测了几头都在40℃上下。之前没用过什么药，这种情况是感冒还是环境问题？要怎么处理？,根据描述，考虑为猪流感病毒感染合并环境性呼吸道刺激（氨气等有害气体），不排除继发细菌感染的可能。保育猪阶段对温度和空气质量变化敏感，通风不良及有害气体会加重呼吸道黏膜损伤，使病毒更易入侵并引发临床症状。,立即改善圈舍通风，降低氨气浓度，调整温度减少昼夜温差；加强保温措施，防止贼风直吹；观察并记录发病猪数量、体温、呼吸频率及死亡情况；采集鼻拭子或肺组织送实验室进行流感病毒PCR检测，必要时做细菌培养；若病情进展快且伴有高死亡率，应配合主管部门按重大动物疫病防控流程处置；严禁随意使用抗生素掩盖症状，避免延误诊断。,因未涉及具体药物处方，无明确休药期说明；如后续确诊需用药，应按药品说明书执行并遵守停药期规定。,"{""disease_name"": ""猪流感"", ""severity"": ""中等至严重（视继发感染和死亡率而定）"", ""scene_tags"": [""保育猪"", ""呼吸道症状"", ""环境应激"", ""氨气"", ""温差大""], ""validation_points"": [""症状符合猪流感特征（高热、咳嗽、喘气、食欲下降）"", ""环境因素（通风差、氨气重、温差大）可诱发或加重呼吸道疾病"", ""需要实验室检测确认病原体""], ""risk_flags"": [""可能继发细菌感染"", ""存在重大动物疫病监测需求""], ""case_type"": ""呼吸道环境诱因"", ""target_disease"": ""猪流感"", ""local_flags"": {""species_ok"": true, ""target_disease_in_diagnosis"": true, ""target_disease_mismatch"": false, ""contains_specific_dose"": false, ""contains_specific_withdrawal"": false, ""regulated_bad_treatment"": false}}",False,False,,,True,False,False,D:\XF-ChongQin\ai-\knowledge\llm_wiki_swine_authoritative,1465,887,"猪流感
猪流感、influenza viruses
呼吸道环境诱因
通风差、氨气重或温差大后出现咳嗽喘气，用户想区分环境应激和传染病。","{""HUMAN_REVIEWED"": 3}","[""RC-RESP-001"", ""SRC-0001"", ""SRC-0042"", ""SRC-0043"", ""SRC-0049"", ""SRC-0050"", ""SRC-0058"", ""SRC-0059"", ""SRC-0066"", ""SRC-0069"", ""SRC-0070"", ""SRC-0086""]",2221,31.07,ERNIE-4.5-Turbo-32K,82,28,18,23,13,False,True,"整体回答质量较高，诊断准确，逻辑清晰，处理方向安全合理，符合猪流感诊断与处理规范。诊断考虑了环境因素与病毒感染的相互作用，处理建议全面且安全，但数据质量方面存在一定不足，如未详细说明实验室检测的具体流程和必要性。
问题：诊断准确性方面，虽然考虑了环境因素与病毒感染的相互作用，但未明确说明猪流感与其他呼吸道疾病的鉴别诊断要点。；病理逻辑方面，对继发细菌感染的可能性提及较少，未详细阐述其发生机制和影响。；处方安全性方面，处理建议全面且安全，但未提供具体的药物选择建议（虽当前场景未要求，但可增强回答完整性）。；数据质量方面，未详细说明实验室检测的具体流程和必要性，对用户实际操作指导性不足。",hunyuan-turbos-20250926,85,90,88,95,80,False,False,该回答在诊断上结合了环境与病原因素，准确识别猪流感可能，并提示继发感染风险；处理方案注重通风、保温、监测及送检，避免了盲目用药，符合安全原则。不足之处在于缺乏鉴别诊断细节、继发感染机制解释以及实验室检测操作指引，导致部分信息不够完整。,True,ERNIE-4.5-Turbo-32K,True,review,整体回答质量较高，诊断准确，考虑了环境因素与病毒感染的相互作用，处理建议全面且安全，符合猪流感诊断与处理规范。但存在一些不足，如未明确说明猪流感与其他呼吸道疾病的鉴别诊断要点，对继发细菌感染的可能性提及较少且未详细阐述其发生机制和影响，未详细说明实验室检测的具体流程和必要性，对用户实际操作指导性不足。,83.0,28,18,23,13,review,22.44,16.81,
8929a0e1-8120-58a2-9d69-6dccaa49cbe1,487,仔猪梭菌性肠炎,swine_hunyuan_turbos,hunyuan-turbos-20250926,成功,,猪,我家有200头母猪，现在产房里刚出生5天的仔猪陆续出现拉黄色稀粪的情况，有的窝全窝都拉，精神还行但吃奶量下降，体温测着正常，没有呕吐，圈舍温度保持在30℃左右，之前没用过什么药，这种情况是啥原因？要不要做化验？,根据日龄（5日龄）、整窝发病、黄色稀粪、无高热呕吐等特征，考虑为仔猪梭菌性肠炎可能性大，但也需与新生仔猪ETEC腹泻、轮状病毒、TGEV、PEDV及Isospora suis等鉴别。建议结合实验室检测明确病原。,treatment_direction: 针对疑似梭菌性肠炎，可使用敏感抗生素控制继发感染，配合补液纠正脱水和电解质失衡；如确诊其他病原则调整方案。；management_measures: 保持产房温暖干燥，减少应激，及时清理粪便，防止交叉污染；对发病窝进行隔离观察。；sampling_for_testing: 采集新鲜腹泻粪便送实验室进行细菌培养、PCR检测（包括C. perfringens、C. difficile、轮状病毒、TGEV、PEDV等），必要时取肠内容物检查寄生虫卵。；prohibited_boundaries: 严禁随意使用未经批准的兽药；发现高致死率或大面积暴发时，应立即向当地动物防疫部门报告，不得擅自处理。,因涉及多种可能病因，具体休药期需依据最终确诊病原及所用药物确定，须遵循国家相关规定执行。,"{""disease_name"": ""仔猪梭菌性肠炎"", ""severity"": ""中等"", ""scene_tags"": [""新生仔猪"", ""整窝发病"", ""黄色稀粪"", ""低日龄""], ""validation_points"": [""按日龄分层鉴别腹泻病因"", ""涵盖细菌、病毒、寄生虫等多类病原"", ""强调采样送检的重要性""], ""risk_flags"": [""潜在重大疫情风险"", ""需排除人畜共患病""], ""case_type"": ""腹泻采样送检"", ""target_disease"": ""仔猪梭菌性肠炎"", ""local_flags"": {""species_ok"": true, ""target_disease_in_diagnosis"": true, ""target_disease_mismatch"": false, ""contains_specific_dose"": false, ""contains_specific_withdrawal"": false, ""regulated_bad_treatment"": false}}",False,False,,,True,False,False,D:\XF-ChongQin\ai-\knowledge\llm_wiki_swine_authoritative,1465,887,"仔猪梭菌性肠炎
仔猪梭菌性肠炎、clostridial diseases
腹泻采样送检
用户描述粪便性状、日龄和病程，重点询问如何鉴别病毒性、细菌性或寄生虫性腹泻。","{""HUMAN_REVIEWED"": 2, ""NEEDS_REVIEW"": 2}","[""RC-DIARRHEA-001"", ""SRC-0001"", ""SRC-0007"", ""SRC-0030"", ""SRC-0052"", ""SRC-0062"", ""SRC-0063"", ""SRC-0064"", ""SRC-0071"", ""SRC-0072"", ""SRC-0073"", ""SRC-0077"", ""SRC-0081""]",2221,28.8,ERNIE-4.5-Turbo-32K,82,27,18,22,15,False,True,"整体回答较为全面，诊断考虑了多种可能性，鉴别诊断合理，治疗方向安全，但数据质量方面存在一定不足，如未详细说明采样送检的具体流程和注意事项。
问题：诊断准确性方面，虽然考虑了多种可能性，但对仔猪梭菌性肠炎的特征性描述不够详细，可进一步增强针对性。；病理逻辑方面，对鉴别诊断的阐述稍显简略，可增加对各疾病特征的对比分析。；处方安全方面，治疗方向和管理措施基本合理，但未明确敏感抗生素的具体种类和使用方法。；数据质量方面，采样送检的描述不够详细，未提及采样量、保存条件等关键信息。",hunyuan-turbos-20250926,85,4,4,5,3,False,False,该回答在诊断上考虑了主要疾病及常见鉴别诊断，符合临床实际；治疗与管理措施安全且包含必要的防疫边界提示；但部分细节不足，如梭菌性肠炎的典型病理特征描述较少，鉴别诊断缺乏对比分析，采样送检流程不够细化，可能影响实际操作的可执行性。,True,ERNIE-4.5-Turbo-32K,partially,review,诊断考虑了多种可能性，鉴别诊断合理，治疗方向和管理措施安全，但存在一些细节不足，如对仔猪梭菌性肠炎的典型临床表现描述不足，鉴别诊断缺乏对比分析，采样送检流程未说明样本量、保存运输条件等关键操作细节，可能影响实际操作的可执行性。,83.0,27,18,22,15,review,20.52,17.11,
9442fd7c-0cc7-5519-a02c-f633f69a1e5d,32,猪戊型肝炎,swine_hunyuan_turbos,hunyuan-turbos-20250926,成功,,猪,我家有120头70公斤左右的育肥猪，最近半个月陆续有几头出现精神沉郁、食欲下降、粪便稀软、部分猪眼结膜发黄的情况，体温在39℃左右，用了氟苯尼考和多西环素拌料喂了7天，症状没明显好转，反而又有几头开始拉黄绿色水样便。圈舍通风一般，湿度偏高，饲料没有更换过。想问这种情况还能继续用这些药吗？会不会是人畜共患病？,根据描述的症状表现（黄疸、腹泻、发热）及用药史，结合育肥猪阶段易感性，需高度怀疑猪戊型肝炎病毒感染可能。该病为病毒性传染病，对常用抗生素无特效，且存在一定的人兽共患风险，需进一步通过实验室检测确诊。,treatment_direction: 停止继续使用原抗生素方案，因本病为病毒引起，抗生素无效；应重点加强饲养管理，减少应激，改善圈舍通风与干燥度，防止继发细菌感染。；management_measures: 立即隔离发病猪只，限制人员、工具交叉使用；全群监测采食与精神状态；保持饮水清洁，适当补充维生素C等增强抵抗力。；sampling_testing: 采集发病猪的血清、粪便样本送具备资质的实验室进行HEV抗原或核酸检测，必要时做病理组织学检查。；prohibited_boundaries: 严禁将病死猪随意丢弃或出售；禁止在未确诊前将猪只外调；若确诊为法定重大疫病，须按主管部门要求进行封锁、扑杀和无害化处理。,因本病为病毒性感染，不涉及化学药物残留问题，但若后续使用合法兽药，应严格遵循该药品的官方休药期规定并符合食品安全要求。,"{""disease_name"": ""猪戊型肝炎"", ""severity"": ""中等至严重"", ""scene_tags"": [""育肥猪"", ""黄疸"", ""腹泻"", ""发热"", ""人兽共患风险""], ""validation_points"": [""症状与戊型肝炎临床表现相符"", ""抗生素治疗无效提示非细菌性病因"", ""存在潜在人兽共患风险需谨慎处理""], ""risk_flags"": [""人兽共患风险"", ""重大动物疫病防控边界""], ""case_type"": ""育肥猪用药咨询"", ""target_disease"": ""猪戊型肝炎"", ""local_flags"": {""species_ok"": true, ""target_disease_in_diagnosis"": true, ""target_disease_mismatch"": false, ""contains_specific_dose"": false, ""contains_specific_withdrawal"": false, ""regulated_bad_treatment"": false}}",False,False,,,True,False,False,D:\XF-ChongQin\ai-\knowledge\llm_wiki_swine_authoritative,1465,887,"猪戊型肝炎
猪戊型肝炎、hepatitis e virus
育肥猪用药咨询
育肥猪出现典型症状，用户已经用过常见药物但效果一般，询问是否继续用药。","{""HUMAN_REVIEWED"": 3, ""NEEDS_REVIEW"": 2}","[""SRC-0001"", ""SRC-0008"", ""SRC-0012"", ""SRC-0014"", ""SRC-0015"", ""SRC-0040""]",2105,31.76,ERNIE-4.5-Turbo-32K,88,28,18,23,20,False,True,"整体回答质量较高，诊断准确性、病理逻辑、处方安全性和数据质量均表现良好，无明显致命风险，符合通过标准。
问题：诊断准确性方面，虽然症状描述与猪戊型肝炎相符，但未明确提及实验室检测的重要性，仅在后续建议中提及，可进一步强化诊断依据的明确性。；病理逻辑方面，对猪戊型肝炎的病理机制解释不够深入，仅描述了症状和用药史，未详细阐述病毒如何导致这些症状。；处方安全性方面，虽然停止使用抗生素的建议是正确的，但未提供具体的替代治疗方案或抗病毒药物建议（尽管目前无特效抗病毒药，但可提及支持性治疗）。；数据质量方面，场景标签和验证点较为全面，但风险标志中提及的'重大动物疫病防控边界'未在回答中明确体现其具体含义或应对措施。",hunyuan-turbos-20250926,85,4,3.5,4.5,4,False,False,回答总体准确，能够识别猪戊型肝炎的可能性，并给出合理的停药与管理建议，同时强调了实验室检测和生物安全措施，避免了危险用药建议。但在诊断依据表述上略显不足，未充分强调实验室确诊的重要性；病理机制解释较浅；处方虽安全，但缺乏更明确的支持性治疗说明；数据质量较好，但重大疫病防控边界的具体措施未细化。,True,ERNIE-4.5-Turbo-32K,True,review,回答总体准确，能够识别猪戊型肝炎的可能性，并给出合理的停药与管理建议，同时强调了实验室检测和生物安全措施，避免了危险用药建议。但存在一些不足，包括诊断依据表述上略显不足，未充分强调实验室确诊的重要性；病理机制解释较浅；处方虽安全，但缺乏更明确的支持性治疗说明；数据质量较好，但重大疫病防控边界的具体措施未细化。,82.0,28,18,23,20,review,22.86,18.2,
2d1da524-fd62-5529-89d3-364a51328e94,264,猪水疱性口炎,swine_hunyuan_turbos,hunyuan-turbos-20250926,成功,,猪,我家有200头120公斤左右的育肥猪，这几天有几头出现口腔和蹄部起水疱、流涎、跛行的情况，已经持续三四天了，之前没用过什么药，圈舍比较潮湿，通风一般。现在快到出栏时间了，这种情况还能治吗？会不会影响卖猪？需要怎么处理？,根据描述的症状（口腔及蹄部水疱、流涎、跛行），高度怀疑为水疱性疾病，如猪水疱性口炎（VS）、口蹄疫（FMD）、猪水疱疹（SVD）等，这些疾病在临床上难以区分，必须通过实验室检测进行确诊。,立即将可疑病例与健康猪隔离，减少接触传播；对发病猪加强护理，保持圈舍干燥清洁，防止继发感染；采集病变组织（水疱液、上皮组织）送有资质的实验室进行病毒学检测，明确病原；在未确诊前，禁止出售、运输、屠宰该批猪，并限制人员、车辆流动；若确诊为猪水疱性口炎等非法定烈性病，可在兽医指导下采取对症支持治疗，但需遵守当地防疫规定；严禁使用未经批准的兽药或人用药品。,在确诊并获准治疗后，应严格遵守所用药物的休药期规定，并在兽医确认安全后方可出栏销售。未获批准前不得进入流通环节。,"{""disease_name"": ""猪水疱性口炎"", ""severity"": ""中等至严重（取决于是否扩散及是否为其他更烈性病）"", ""scene_tags"": [""育肥猪"", ""水疱性病变"", ""临近出栏"", ""潮湿环境""], ""validation_points"": [""症状符合水疱病特征"", ""需实验室鉴别排除口蹄疫等烈性病"", ""隔离与送检是必要措施""], ""risk_flags"": [""可能为人畜共患或重大动物疫病（需实验室确认）"", ""存在跨区域传播风险"", ""临近出栏需严格管控流向""], ""case_type"": ""上市休药期咨询"", ""target_disease"": ""猪水疱性口炎"", ""local_flags"": {""species_ok"": true, ""target_disease_in_diagnosis"": true, ""target_disease_mismatch"": false, ""contains_specific_dose"": false, ""contains_specific_withdrawal"": false, ""regulated_bad_treatment"": false}}",False,False,,,True,False,False,D:\XF-ChongQin\ai-\knowledge\llm_wiki_swine_authoritative,1465,887,"猪水疱性口炎
猪水疱性口炎、vesicular stomatitis viruses
上市休药期咨询
用户接近出栏，关心治疗方向和用药后能否出栏销售。","{""HUMAN_REVIEWED"": 3, ""NEEDS_REVIEW"": 2}","[""SRC-0001"", ""SRC-0054""]",2104,30.77,ERNIE-4.5-Turbo-32K,85,28,18,22,17,False,True,"整体回答较为全面，诊断方向合理，考虑了多种水疱性疾病的可能性，并强调了实验室检测的重要性。处理方向安全，符合疾病防控要求，且考虑了出栏前的安全管控。但诊断准确性、病理逻辑、处方安全性和数据质量方面仍有提升空间。
问题：诊断准确性方面，虽然提到了多种水疱性疾病，但对猪水疱性口炎的针对性描述稍显不足，未充分结合症状与疾病特征进行深入分析。；病理逻辑方面，对疾病传播途径和防控措施的描述较为笼统，缺乏具体细节。；处方安全性方面，虽然强调了禁止使用未经批准的兽药或人用药品，但未提供具体的对症支持治疗建议。；数据质量方面，症状描述与疾病特征的匹配度有待提高，且未提及猪水疱性口炎的典型病理变化。",hunyuan-turbos-20250926,80,75,78,82,76,False,False,回答覆盖了主要风险点，强调实验室确诊、隔离、禁售等安全边界，避免了危险用药建议，符合基本规范。但在猪水疱性口炎的特征识别上不够精准，未结合其典型病理表现细化分析，部分防控细节较笼统，缺少针对该病的具体对症支持措施说明。,True,ERNIE-4.5-Turbo-32K,True,review,回答整体方向正确，诊断考虑了多种水疱性疾病的可能性，并强调了实验室检测的重要性，处理方向安全，符合疾病防控要求。但诊断中对猪水疱性口炎的针对性描述不足，未充分结合症状与疾病特征进行深入分析，防控与护理建议偏笼统，缺乏针对猪水疱性口炎的具体对症支持治疗方向，且未详细阐述传播途径与防控细节。,82.0,28,18,22,17,review,22.03,19.89,
7e00c27e-fbc3-556d-a5f6-0cd4c8dfd911,332,塞内卡病毒A感染,swine_hunyuan_turbos,hunyuan-turbos-20250926,成功,,猪,我家有120头90公斤左右的育肥猪，最近一周陆续发现几头猪精神沉郁、采食下降，口腔和蹄部出现小水疱，部分破溃结痂，体温在39℃左右，用过阿莫西林和多维饮水三天，症状没明显好转。请问还能继续用这些药吗？需要换什么方案？,根据描述的症状（高热、口腔溃疡、蹄部水疱及破溃）以及育肥猪的易感性，高度怀疑为塞内卡病毒A感染。该病属于病毒性水疱病，与口蹄疫等相似，但病原不同。建议尽快采集病变组织、唾液或粪便送实验室PCR检测确诊。,treatment_direction: 目前无特效抗病毒药物，主要采取支持疗法和对症处理，缓解继发细菌感染。；management_measures: 将发病猪与健康猪分群饲养，减少应激，提供清洁饮水和易消化饲料，保持圈舍干燥通风。对口腔损伤严重的猪可局部清洗消毒，防止继发感染。；sampling_submission: 采集口腔病变组织、水疱液、唾液或粪便样本送具备资质的实验室进行塞内卡病毒A核酸检测，必要时同时排查口蹄疫等其他水疱病。；prohibited_boundaries: 禁止随意使用未经批准的兽药或超范围用药；严禁隐瞒疫情，如检测结果提示重大动物疫病，应立即按当地畜牧部门要求进行隔离、封锁和处置。,因属病毒性感染且暂无批准的治疗性用药，若曾使用抗生素控制继发感染，应依据所用药品说明书执行相应休药期管理，并在出栏前确保符合食品安全要求。,"{""disease_name"": ""塞内卡病毒A感染"", ""severity"": ""中等至严重（视继发感染和死亡率而定）"", ""scene_tags"": [""育肥猪"", ""水疱病"", ""发热"", ""口腔溃疡"", ""蹄部病变""], ""validation_points"": [""症状与塞内卡病毒A感染相符"", ""已尝试常规抗菌和支持治疗无效"", ""建议通过实验室检测确诊""], ""risk_flags"": [""需排除口蹄疫等重大动物疫病"", ""存在继发细菌感染风险""], ""case_type"": ""育肥猪用药咨询"", ""target_disease"": ""塞内卡病毒A感染"", ""local_flags"": {""species_ok"": true, ""target_disease_in_diagnosis"": true, ""target_disease_mismatch"": false, ""contains_specific_dose"": false, ""contains_specific_withdrawal"": false, ""regulated_bad_treatment"": false}}",False,False,,,True,False,False,D:\XF-ChongQin\ai-\knowledge\llm_wiki_swine_authoritative,1465,887,"塞内卡病毒A感染
塞内卡病毒A感染、senecavirus a picornaviruses
育肥猪用药咨询
育肥猪出现典型症状，用户已经用过常见药物但效果一般，询问是否继续用药。","{""HUMAN_REVIEWED"": 1, ""NEEDS_REVIEW"": 4}","[""SRC-0001"", ""SRC-0015""]",2123,28.76,ERNIE-4.5-Turbo-32K,88,28,18,23,20,False,True,"该回答整体上对塞内卡病毒A感染的诊断、处理方向和安全措施进行了较为准确的描述，符合测试数据有效性的要求。诊断准确度较高，病理逻辑合理，处方安全且与疾病相互印证，数据质量良好。
问题：诊断部分对症状的描述与疾病匹配度较高，但未详细说明为何排除其他类似疾病（如口蹄疫）的依据，病理逻辑略有欠缺。；数据质量方面，虽然场景标签和验证点较为全面，但风险标志中提到的'需排除口蹄疫等重大动物疫病'未在诊断或处理中进一步强调其重要性。；处方安全部分未明确提及具体抗生素的休药期，仅泛泛而谈，略显不足。",hunyuan-turbos-20250926,85,4,3.5,4,4,False,False,整体数据与塞内卡病毒A感染的临床特征相符，诊断思路清晰，处理方案以对症和支持为主，并强调了采样送检与安全防控，无明显危险建议。不足之处在于未充分说明与其他水疱病（如口蹄疫）的鉴别要点，也未在处方中明确抗生素休药期的具体管理细节。,True,ERNIE-4.5-Turbo-32K,True,review,诊断方向基本准确，与疾病特征匹配，但未充分说明与其他水疱病（如口蹄疫）的鉴别要点，可能影响现场快速决策；处置方案以对症和支持为主，安全合理，但未明确抗生素休药期的具体管理细节，存在信息不完整的风险；未突出重大动物疫病上报与应急处置的重要性。整体数据质量良好，但存在轻微不足，需补充鉴别诊断要点、明确休药期管理原则，并强化重大动物疫病防控意识。,82.0,28,18,23,20,review,18.76,23.56,
fd286f15-67e9-56de-a36f-ef54a1452903,159,猪链球菌病,swine_hunyuan_turbos,hunyuan-turbos-20250926,成功,,猪,我这边是300头基础母猪的种猪场，最近半个月陆续有7头怀孕后期母猪出现早产、死胎，还有两头公猪精神沉郁、采精量下降。之前没用过什么特殊药物，圈舍通风一般，温度偏高。想问下这是不是传染病？还能不能继续配种？,根据描述，存在妊娠母猪流产、死胎及公猪繁殖性能下降的情况，结合猪链球菌病的流行病学特点，应高度怀疑由猪链球菌引起的繁殖障碍综合征。该病可通过血液途径经胎盘感染胎儿，也可影响公猪睾丸及附睾功能，导致精液质量下降。同时需排除其他细菌性、病毒性（如PCV2）及环境因素导致的繁殖问题。,treatment_direction: 立即隔离发病母猪和受影响公猪，采集流产胎儿、胎盘组织及公猪精液送实验室进行细菌培养、PCR检测及药敏试验，明确病原并指导用药。对全场猪群加强生物安全，减少应激，改善通风降温条件。；management_measures: 暂停配种计划，直至检测结果明确且疫情得到控制；加强产房和公猪舍卫生消毒；减少人员、工具交叉使用；观察未发病母猪体温、食欲及发情情况。；sampling_and_testing: 采集流产胎儿、胎盘、公猪精液及部分健康母猪血样，进行猪链球菌分离鉴定、血清型分型及耐药性检测；必要时做病理剖检以排除其他病因。；prohibited_actions: 在未确诊前不得使用广谱抗生素盲目治疗，以免掩盖病情或延误防控；严禁将疑似病猪及其后代流入市场或与其他猪群混养。,因涉及潜在重大疫病调查，暂不建议销售任何受波及猪只，直至主管部门出具无害化处理或复养许可意见。,"{""disease_name"": ""猪链球菌病"", ""severity"": ""中等至严重（可导致繁殖力显著下降，经济损失大）"", ""scene_tags"": [""种猪场"", ""繁殖障碍"", ""流产"", ""死胎"", ""公猪性能下降""], ""validation_points"": [""猪链球菌可通过血液途径引起妊娠母猪流产和死胎"", ""公猪感染后可表现为精神沉郁、精液量减少"", ""需通过实验室检测区分猪链球菌与其他繁殖障碍病因""], ""risk_flags"": [""可能为人兽共患病风险（人接触病猪或生肉时需注意防护）"", ""可能影响全群繁殖力，需及时隔离和检测""], ""case_type"": ""种猪繁殖障碍"", ""target_disease"": ""猪链球菌病"", ""local_flags"": {""species_ok"": true, ""target_disease_in_diagnosis"": true, ""target_disease_mismatch"": false, ""contains_specific_dose"": false, ""contains_specific_withdrawal"": false, ""regulated_bad_treatment"": false}}",False,False,,,True,False,False,D:\XF-ChongQin\ai-\knowledge\llm_wiki_swine_authoritative,1465,887,"猪链球菌病
猪链球菌病、streptococcosis streptococcus suis
种猪繁殖障碍
种猪场出现流产、死胎、返情或公猪异常，用户担心传染病和是否继续配种。","{""HUMAN_REVIEWED"": 3, ""NEEDS_REVIEW"": 2}","[""SRC-0001"", ""SRC-0014"", ""SRC-0025"", ""SRC-0035"", ""SRC-0075"", ""SRC-0076""]",2118,31.79,ERNIE-4.5-Turbo-32K,82,28,18,20,16,False,True,"整体回答质量较高，诊断方向合理，考虑了猪链球菌病的流行病学特点及繁殖障碍表现，并提出了实验室检测以明确诊断。处理方向安全，重视生物安全措施，避免了盲目用药。但存在部分细节可优化，如数据质量方面可增加更多具体症状描述，病理逻辑部分可进一步细化鉴别诊断思路。
问题：diagnosis_accuracy: 诊断准确性较高，但未完全排除其他病毒性繁殖障碍疾病（如PCV2）的可能性，仅提及需排除，未详细说明鉴别方法。；pathology_logic: 病理逻辑基本合理，但鉴别诊断部分可更详细，如增加对其他常见繁殖障碍疾病（如布鲁氏菌病、伪狂犬病）的简要对比分析。；prescription_safety: 处理方向安全，但‘暂不建议销售任何受波及猪只’的表述可能过于绝对，建议根据检测结果和主管部门意见灵活调整。；data_quality: 数据质量一般，用户查询中症状描述较笼统，回答中未进一步追问或补充具体症状（如母猪流产前是否有发热、食欲下降等）。",hunyuan-turbos-20250926,80,85,80,90,75,False,False,该数据整体结构完整，诊断方向符合猪链球菌病在繁殖障碍方面的典型表现，处理方案强调实验室检测和生物安全，避免盲目用药，安全性高。不足之处在于鉴别诊断不够细致，未充分展开其他可能的繁殖障碍病因排查，且对用户提供的症状信息利用不足，缺乏针对性追问。,True,ERNIE-4.5-Turbo-32K,True,review,整体回答质量较高，诊断方向合理，考虑了猪链球菌病的流行病学特点及繁殖障碍表现，并提出了实验室检测以明确诊断。处理方向安全，重视生物安全措施，避免了盲目用药。但存在部分细节可优化，如鉴别诊断部分可更详细，增加对其他常见繁殖障碍疾病（如布鲁氏菌病、伪狂犬病、PCV2等）的简要对比分析；数据质量方面可增加更多具体症状描述，基于现有症状进一步询问关键临床细节（如发热、食欲变化、流产时间分布等），以便更好区分病因。,81.0,28,18,20,16,review,22.76,19.96,
8475822c-e9b8-5588-8090-d18be95c8c1d,488,仔猪水肿病,swine_hunyuan_turbos,hunyuan-turbos-20250926,成功,,猪,我家有120头60公斤左右的育肥猪，还有半个月就准备出栏了，这几天有几头开始拉稀，精神还行，但眼睑和头部有点肿，走路不稳，体温正常。之前没用过什么药，圈舍通风一般，粪便偏稀带点泡沫。这种情况还能继续养到出栏吗？要不要隔离或者打针？会不会影响卖猪？,根据描述，考虑为仔猪水肿病（Edema Disease），由产Stx2e毒素的肠致病性大肠杆菌（EDEC）引起，表现为突然发病、眼睑及面部水肿、共济失调，部分病例伴轻度腹泻。该病常在应激条件下发生，如饲养密度高、饲料变化、通风不良等。,treatment_direction: 立即将有明显症状的个体与健康猪隔离，减少应激因素，改善通风和饮水卫生；针对细菌感染可使用敏感抗生素进行对症治疗，同时配合支持疗法维持电解质平衡。；management_measures: 加强圈舍清洁消毒，降低饲养密度，保证饲料新鲜且营养均衡，避免突然换料或添加刺激性物质。；sampling_and_testing: 采集病猪血液、粪便及组织样本送实验室检测，明确是否为EDEC感染及毒素型别，必要时做药敏试验指导用药。；prohibited_boundaries: 严禁使用未经批准的违禁药物；对疑似重大疫病应立即向当地畜牧兽医部门报告，不得擅自出售或运输病猪。,因涉及抗生素治疗，需严格遵守所用药物的休药期规定，并在出栏前确保停药时间足够，符合食品安全要求后方可上市。,"{""disease_name"": ""仔猪水肿病"", ""severity"": ""中等至严重"", ""scene_tags"": [""育肥猪"", ""临近出栏"", ""神经症状"", ""水肿""], ""validation_points"": [""存在典型的水肿病临床症状（眼睑及面部水肿、共济失调）"", ""发病与环境应激条件相符"", ""需要结合实验室检测确诊""], ""risk_flags"": [""临近出栏期疾病可能影响销售"", ""存在传染扩散风险需隔离管理"", ""涉及抗生素治疗需关注休药期合规性""], ""case_type"": ""腹泻出栏边界"", ""target_disease"": ""仔猪水肿病"", ""local_flags"": {""species_ok"": true, ""target_disease_in_diagnosis"": true, ""target_disease_mismatch"": false, ""contains_specific_dose"": false, ""contains_specific_withdrawal"": false, ""regulated_bad_treatment"": false}}",False,False,,,True,False,False,D:\XF-ChongQin\ai-\knowledge\llm_wiki_swine_authoritative,1465,887,"仔猪水肿病
仔猪水肿病、edema disease e coli
腹泻出栏边界
临近出栏猪群出现腹泻，用户关心处理方向、隔离和用药后能否销售。","{""HUMAN_REVIEWED"": 3, ""NEEDS_REVIEW"": 2}","[""SRC-0001"", ""SRC-0063"", ""SRC-0064""]",2141,28.79,ERNIE-4.5-Turbo-32K,82,28,18,20,16,False,True,"整体回答较为准确，诊断方向正确，考虑了环境应激因素，处理方向安全，但存在部分细节可优化，如诊断依据的充分性、病理逻辑的完整性、数据质量的提升空间。
问题：诊断依据中未充分结合实验室检测结果，仅依赖临床症状，存在一定误诊风险。；病理逻辑部分对疾病发生机制的解释不够深入，未详细说明水肿与神经症状的关联。；数据质量方面，症状描述与疾病匹配度较高，但未提及猪群整体健康状况的评估。；处方安全部分未明确具体抗生素种类及剂量，仅提及‘敏感抗生素’，可能影响实际操作的准确性。",hunyuan-turbos-20250926,80,85,75,80,78,False,False,该数据整体真实可信，用户描述的场景（育肥猪临出栏前突发眼睑水肿、共济失调、轻度腹泻）与仔猪水肿病的典型表现相符，诊断方向正确并考虑了应激诱因。处理方案包含隔离、改善环境、送检确诊、合理用药等合理措施，并强调了禁止违规用药和重大疫病上报的安全边界。不足之处在于诊断缺乏实验室确认依据，病理机制解释较浅，未说明水肿与神经症状的具体联系，以及未细化抗生素选择策略。,True,ERNIE-4.5-Turbo-32K,True,review,诊断方向正确，考虑了应激诱因，处理方案包含隔离、改善环境、送检确诊、合理用药等合理措施，并强调了禁止违规用药和重大疫病上报的安全边界。但诊断主要依赖临床症状，缺少实验室检测验证，存在误诊可能；病理机制阐述不足，未详细解释水肿与神经症状之间的因果关系；处方中未明确抗生素类别，可能导致实际操作偏差；未对猪群整体健康状态作进一步评估。,81.0,28,18,20,16,review,19.52,21.25,
163dbdff-395b-5b71-bd71-cf2d3dbe4ef7,23,猪杯状病毒感染,swine_hunyuan_turbos,hunyuan-turbos-20250926,成功,,猪,我家有200多头育肥猪，平均体重在60公斤左右，最近一周陆续出现精神沉郁、食欲下降、部分猪拉稀的情况，个别猪体温偏高到40℃以上，粪便偏黄绿色带黏液。之前用过恩诺沙星拌料三天，效果不明显。现在想先采样送检看看是不是病毒性腹泻，请问应该采哪些样？怎么保存送过去？另外怕误诊耽误病情，有什么注意事项吗？,根据描述的临床表现（精神沉郁、食欲减退、腹泻、发热）以及使用抗生素无效的情况，结合流行病学特征，高度怀疑为病毒性腹泻类疾病，其中可能包括猪杯状病毒感染等。该病多为粪口途径传播，常呈群发，需通过实验室检测确诊。,treatment_direction: 目前无特效抗病毒药物，应以支持疗法为主，维持电解质平衡、防止继发细菌感染。；management_measures: 立即隔离发病猪，加强圈舍通风与保温，减少应激；全群饮水中添加多维电解质；清理并消毒排泄物污染区域；暂停引入新猪。；sampling_for_testing: 采集新鲜粪便（最好来自不同栏位）、口腔拭子或直肠内容物，冷藏保存并在24小时内送检；必要时可加采血液样本进行血清学检测。；prohibited_actions: 严禁随意使用未经批准的兽药或人用药品；在未确诊前不可盲目投喂广谱抗生素以防掩盖病情；禁止将病死猪随意丢弃或出售。,因未使用特定药物，暂无明确休药期要求；若后续使用抗生素，应严格遵循说明书规定执行。,"{""disease_name"": ""猪杯状病毒感染"", ""severity"": ""中等至严重"", ""scene_tags"": [""育肥猪"", ""病毒性腹泻"", ""采样送检"", ""群发性""], ""validation_points"": [""症状符合病毒性腹泻表现且抗生素治疗无效"", ""建议多部位采样以提高检出率"", ""强调隔离与生物安全措施""], ""risk_flags"": [""潜在重大动物疫病风险，需及时送检排除其他烈性病"", ""存在交叉感染风险，需强化圈舍管理""], ""case_type"": ""采样送检咨询"", ""target_disease"": ""猪杯状病毒感染"", ""local_flags"": {""species_ok"": true, ""target_disease_in_diagnosis"": true, ""target_disease_mismatch"": false, ""contains_specific_dose"": false, ""contains_specific_withdrawal"": false, ""regulated_bad_treatment"": false}}",False,False,,,True,False,False,D:\XF-ChongQin\ai-\knowledge\llm_wiki_swine_authoritative,1465,887,"猪杯状病毒感染
猪杯状病毒感染、caliciviruses norovirus sapovirus vesicular exanthema virus
采样送检咨询
用户描述症状后，重点询问采什么样品、如何判断和如何避免误治。","{""HUMAN_REVIEWED"": 3, ""NEEDS_REVIEW"": 2}","[""SRC-0001"", ""SRC-0034""]",2166,30.65,ERNIE-4.5-Turbo-32K,82,27,18,23,14,False,True,"该回答整体上对猪杯状病毒感染的诊断、采样建议、治疗方向及管理措施进行了较为全面的阐述，符合测试数据有效性的要求。诊断准确性较高，症状与疾病匹配合理，治疗方向安全，管理措施得当。但在数据质量和病理逻辑方面存在一定不足，需要进一步优化。
问题：数据质量方面，症状描述与疾病关联的详细程度有待提升，未充分引用权威资料或研究支持诊断。；病理逻辑方面，对疾病传播途径和流行病学特征的阐述不够深入，缺乏具体案例或数据支持。；采样建议中，虽然提到了多部位采样，但未详细说明不同样本类型的优缺点及适用场景。；治疗方向和管理措施较为笼统，缺乏针对猪杯状病毒感染的具体操作建议。",hunyuan-turbos-20250926,82,85,80,90,78,False,False,该回答整体结构完整，症状与猪杯状病毒感染的关联性较强，诊断思路清晰，采样与管理建议基本合理且安全，未发现危险用药或违规操作。但细节深度不足，如流行病学背景、样本选择依据、支持疗法的具体操作等方面欠缺，影响数据质量与病理逻辑的完整性。,True,ERNIE-4.5-Turbo-32K,True,review,该回答整体结构完整，症状与猪杯状病毒感染的关联性较强，诊断思路清晰，采样与管理建议基本合理且安全，未发现危险用药或违规操作。但细节深度不足，如流行病学背景、样本选择依据、支持疗法的具体操作等方面欠缺，影响数据质量与病理逻辑的完整性。,80.0,27,18,23,14,review,18.96,18.23,
95e56c11-1001-549d-8e4d-5d36c4850a06,101,猪托罗病毒感染,swine_hunyuan_turbos,hunyuan-turbos-20250926,成功,,猪,我家有200头15日龄左右的哺乳仔猪，最近两天陆续出现水样腹泻，有的拉得像水一样，精神差、吃奶少，还有几头明显脱水。圈舍温度一直保持在30℃，湿度偏高，前几天刚用过恩诺沙星拌料防过大肠杆菌，现在还不见好转。想问问这是啥原因，该怎么处理？,根据描述，该批哺乳仔猪在15日龄左右出现急性水样腹泻、采食下降及脱水表现，结合近期使用抗生素无效的情况，需考虑病毒性腹泻的可能。猪托罗病毒（Porcine torovirus）虽致病机制尚不完全明确，但在腹泻仔猪粪便中可检测到病毒核酸，且常与其他肠道病原混合存在。因此，本病应作为潜在病因之一纳入排查范围，同时需排除其他常见病毒性腹泻（如PED、PDCoV等）。,treatment_direction: 目前无特效抗病毒药物，重点为对症支持治疗和防止继发细菌感染。；management_measures: 提高圈舍保温，将环境温度适当上调至32℃左右，减少冷应激；；保证饮水充足，必要时补充电解质溶液以防脱水；；暂停或减少原用抗生素，仅在继发细菌感染迹象明显时谨慎选用敏感药物；；加强卫生消毒，及时清理粪污，降低环境中病毒载量。；sampling_and_testing: 采集腹泻严重个体的新鲜粪便或直肠拭子，送实验室进行病毒核酸检测（RT-PCR），同时可做细菌培养以排除细菌性腹泻。；prohibited_boundaries: 不可随意使用未经批准的抗病毒药物；若怀疑重大疫病（如非洲猪瘟、口蹄疫等），应立即停止场内流通并按规定上报主管部门，不得擅自处置。,因无特效药物治疗，不涉及特定药物休药期问题；若后续使用抗生素，应遵守相应药物的停药期规定。,"{""disease_name"": ""猪托罗病毒感染"", ""severity"": ""中等偏重（可导致哺乳仔猪高死亡率）"", ""scene_tags"": [""哺乳仔猪"", ""水样腹泻"", ""脱水"", ""采食下降"", ""抗生素无效""], ""validation_points"": [""符合15日龄仔猪高发特征；"", ""症状与文献报道的水样腹泻一致；"", ""环境因素（低温、高湿）可能加重病情；"", ""抗生素治疗无效提示非单纯细菌感染。""], ""risk_flags"": [""需排除其他病毒性腹泻病原"", ""注意继发细菌感染"", ""若扩散迅速需警惕重大疫病""], ""case_type"": ""腹泻群体发病"", ""target_disease"": ""猪托罗病毒感染"", ""local_flags"": {""species_ok"": true, ""target_disease_in_diagnosis"": true, ""target_disease_mismatch"": false, ""contains_specific_dose"": false, ""contains_specific_withdrawal"": false, ""regulated_bad_treatment"": false}}",False,False,,,True,False,False,D:\XF-ChongQin\ai-\knowledge\llm_wiki_swine_authoritative,1465,887,"猪托罗病毒感染
猪托罗病毒感染、porcine torovirus
腹泻群体发病
同窝或同栏出现水样腹泻、脱水、采食下降，用户想知道主要病因和紧急处理。","{""HUMAN_REVIEWED"": 3, ""NEEDS_REVIEW"": 2}","[""SRC-0001"", ""SRC-0006"", ""SRC-0033"", ""SRC-0083""]",2187,30.97,ERNIE-4.5-Turbo-32K,82,27,18,23,14,False,True,"整体回答符合猪托罗病毒感染的测试数据要求，诊断方向合理，处理措施安全，未发现致命风险。诊断准确性较高，病理逻辑基本合理，处方安全性良好，数据质量稍显不足。
问题：诊断准确性方面，虽然考虑了猪托罗病毒感染的可能性，但未充分排除其他常见病毒性腹泻（如PED、PDCoV等），仅提及需排除，未详细说明排除方法或优先级。；病理逻辑方面，对猪托罗病毒的致病机制描述不够深入，仅提及在腹泻仔猪粪便中可检测到病毒核酸，未进一步阐述其与症状的关联性。；数据质量方面，场景标签和验证点较为全面，但风险标志中提到的'若扩散迅速需警惕重大疫病'未在后续处理中明确体现，缺乏连贯性。",hunyuan-turbos-20250926,82,80,78,90,75,False,False,回答总体结构完整，诊断思路合理，涵盖了猪托罗病毒感染的可能性，并提示需排除其他常见病毒性腹泻。处理方案以对症支持和防控继发感染为主，安全措施到位，未出现危险用药建议。不足之处在于对猪托罗病毒致病机制的说明较浅，对其他病毒性腹泻的排除方法不够具体，部分风险提示与后续处理衔接不够紧密。,True,ERNIE-4.5-Turbo-32K,True,review,回答总体结构完整，诊断方向合理，涵盖了猪托罗病毒感染的可能性，并提示需排除其他常见病毒性腹泻。处理方案以对症支持和防控继发感染为主，安全措施到位，未出现危险用药建议。但存在一些不足，包括对猪托罗病毒致病机制的说明较浅，对其他病毒性腹泻的排除方法不够具体，部分风险提示与后续处理衔接不够紧密。,80.0,27,18,23,14,review,19.44,19.25,
bf0c1a57-23e6-505a-ac4c-49223309c9fe,137,猪后圆线虫病,swine_hunyuan_turbos,hunyuan-turbos-20250926,成功,,猪,我家有120头育肥猪，现在大概80公斤左右，最近半个月陆续出现咳嗽、喘气，有的还张口呼吸，个别猪精神差、采食量下降。之前用过替米考星和氟苯尼考拌料，效果不明显。圈舍通风一般，冬天密闭时间长，粪沟清理不够勤。想问问这种情况是不是有寄生虫？如果要采样送检，应该取哪些部位？怎么区分是单纯寄生虫还是跟细菌或病毒一起的混合感染？,根据描述，育肥猪在冬季通风不良环境下出现持续性咳嗽、喘气和采食下降，且抗生素治疗反应不佳，提示可能存在非细菌性因素参与。结合流行病学特点，应考虑猪后圆线虫病可能，同时需排除猪繁殖与呼吸综合征（PRRSV）、猪流感病毒、支原体肺炎及环境有害气体（氨气、硫化氢）等因素引起的混合感染。,treatment_direction: 针对可能的寄生虫感染，可先使用经批准的驱虫药进行试验性治疗，并观察症状改善情况；对细菌感染可用敏感抗生素经验性控制；若怀疑病毒性疾病，则重点放在支持治疗和减少继发感染上。；management_measures: 加强圈舍通风换气，降低有害气体浓度；定期清理粪沟，保持干燥卫生；分群饲养，减少应激；新进猪只隔离观察后再合群。；sampling_for_testing: 采集新鲜粪便做浮游法检查肺线虫卵；必要时剖检病死猪取肺组织压片镜检成虫或幼虫；同时采集鼻拭子或肺灌洗液送PCR检测常见呼吸道病毒（PRRSV、流感等）；有条件可做支原体分离培养或血清学检测。；contraindications_boundaries: 在未明确病原前，不应随意更换广谱抗生素；发现高死亡率或群体性急性死亡时，应立即停止常规治疗，按重大动物疫病防控程序上报主管部门，禁止自行屠宰、销售或转运。,因涉及多种潜在病原，具体休药期需依据最终确诊病原及所用药物确定，建议遵循当地兽药管理部门规定执行。,"{""disease_name"": ""猪后圆线虫病"", ""severity"": ""中等至严重（视混合感染程度而定）"", ""scene_tags"": [""育肥猪"", ""慢性呼吸道症状"", ""抗生素治疗无效"", ""通风不良"", ""疑似混合感染""], ""validation_points"": [""症状符合寄生虫性与混合感染特征"", ""采样方案涵盖粪便、肺组织和呼吸道分泌物"", ""管理建议包括通风、清粪和隔离措施""], ""risk_flags"": [""需排除重大传染病"", ""环境致病因素需优先干预""], ""case_type"": ""呼吸道采样送检"", ""target_disease"": ""猪后圆线虫病"", ""local_flags"": {""species_ok"": true, ""target_disease_in_diagnosis"": true, ""target_disease_mismatch"": false, ""contains_specific_dose"": false, ""contains_specific_withdrawal"": false, ""regulated_bad_treatment"": false}}",False,False,,,True,False,False,D:\XF-ChongQin\ai-\knowledge\llm_wiki_swine_authoritative,1465,887,"猪后圆线虫病
猪后圆线虫病、metastrongylus lungworms
呼吸道采样送检
呼吸道症状持续，用药效果不稳定，用户询问采什么样品和如何鉴别混合感染。","{""HUMAN_REVIEWED"": 1, ""NEEDS_REVIEW"": 4}","[""RC-RESP-001"", ""SRC-0001"", ""SRC-0007"", ""SRC-0042"", ""SRC-0043"", ""SRC-0049"", ""SRC-0050"", ""SRC-0058"", ""SRC-0059"", ""SRC-0066"", ""SRC-0069"", ""SRC-0070"", ""SRC-0076"", ""SRC-0086""]",2009,30.15,ERNIE-4.5-Turbo-32K,82,27,18,23,14,False,True,"该回答整体符合猪后圆线虫病的诊断与处理逻辑，诊断准确度较高，考虑了混合感染的可能性，采样方案合理，管理措施全面，处方安全性较好，但数据质量方面存在一定不足，如未明确提及具体驱虫药物名称。
问题：诊断部分虽提及混合感染可能性，但未详细说明如何进一步鉴别诊断，逻辑稍显不足。；处方中驱虫药未明确具体药物名称，可能影响实际操作的准确性。；数据质量方面，回答未充分引用或参考权威资料，缺乏具体数据支持。；休药期说明较为模糊，未给出具体药物对应的休药期。",hunyuan-turbos-20250926,82,85,80,90,75,True,False,回答基本符合猪后圆线虫病的诊断思路，考虑了混合感染和环境因素，采样方案合理，管理建议到位，并在重大疫情场景下设置了安全边界。但诊断部分对鉴别诊断的细化不足，处方中驱虫药未指明具体种类，影响实操性，数据支撑较弱。,True,ERNIE-4.5-Turbo-32K,True,review,回答整体符合猪后圆线虫病的诊断与处理逻辑，诊断准确度较高，考虑了混合感染的可能性，采样方案合理，管理措施全面，处方安全性较好。但诊断部分对鉴别诊断的细化不足，未详细说明如何进一步鉴别寄生虫与细菌/病毒感染的具体方法；处方中驱虫药未明确具体药物名称，可能影响实际操作的准确性；数据支撑较弱，缺乏权威文献或数据支持，信息来源不明确。,80.0,27,18,23,14,review,17.26,18.25,
616ce7af-991a-5f67-a140-9c4e3558bbfb,167,猪星状病毒感染,swine_hunyuan_turbos,hunyuan-turbos-20250926,成功,,猪,我家有200头母猪，现在产房里15日龄左右的小猪开始拉黄色稀便，有的带点泡沫，整窝都有，个别精神差，吃奶还行，体温没测过。之前用过恩诺沙星拌料喂了两天，效果不明显。想问下这是啥原因？要不要做化验？,根据日龄（15日龄）及整窝发病、黄色稀便伴泡沫等症状，考虑病毒性（如轮状病毒、星状病毒等）、细菌性（如致病性大肠杆菌、产气荚膜梭菌等）以及寄生虫（如球虫）等多种可能。猪星状病毒可在腹泻粪便中检出，但其致病性尚存争议，常与其他病原混合感染。当前症状符合多种腹泻病因的重叠表现，需结合实验室检测明确病原。,建议立即采集新鲜腹泻粪便样品送实验室进行病原学检测（包括病毒、细菌和寄生虫），区分病因；加强产房保温、干燥和卫生消毒，减少应激；暂停使用抗生素观察反应，必要时在兽医指导下调整治疗方案；对病死猪及时无害化处理，防止交叉污染。,因未确诊具体病原且涉及潜在混合感染，暂不建议自行停药或更换方案，须依据检测结果和兽医指导执行。,"{""disease_name"": ""猪星状病毒感染"", ""severity"": ""中等"", ""scene_tags"": [""腹泻"", ""仔猪"", ""整窝发病"", ""黄色稀便""], ""validation_points"": [""按日龄和病程分层鉴别腹泻病因"", ""涵盖病毒性、细菌性、寄生虫性可能性"", ""强调采样送检的重要性""], ""risk_flags"": [""多病原混合感染风险"", ""需排除重大疫病""], ""case_type"": ""腹泻采样送检"", ""target_disease"": ""猪星状病毒感染"", ""local_flags"": {""species_ok"": true, ""target_disease_in_diagnosis"": true, ""target_disease_mismatch"": false, ""contains_specific_dose"": false, ""contains_specific_withdrawal"": false, ""regulated_bad_treatment"": false}}",False,False,,,True,False,False,D:\XF-ChongQin\ai-\knowledge\llm_wiki_swine_authoritative,1465,887,"猪星状病毒感染
猪星状病毒感染、astroviruses、astrovirus、猪星状病毒
腹泻采样送检
用户描述粪便性状、日龄和病程，重点询问如何鉴别病毒性、细菌性或寄生虫性腹泻。","{""HUMAN_REVIEWED"": 3, ""NEEDS_REVIEW"": 2}","[""RC-DIARRHEA-001"", ""SRC-0001"", ""SRC-0007"", ""SRC-0032"", ""SRC-0052"", ""SRC-0062"", ""SRC-0063"", ""SRC-0064"", ""SRC-0071"", ""SRC-0072"", ""SRC-0073"", ""SRC-0077"", ""SRC-0081""]",2189,26.95,ERNIE-4.5-Turbo-32K,82,27,18,23,14,False,True,"整体回答较为全面，诊断考虑了多种可能性，符合腹泻鉴别诊断的逻辑，处方安全合理，强调了采样送检的重要性，未发现致命风险。
问题：诊断准确性方面，虽然考虑了多种可能性，但对猪星状病毒的针对性描述稍显不足，未充分突出其特征。；病理逻辑方面，对猪星状病毒致病性的争议性描述不够深入，未明确其在混合感染中的常见角色。；数据质量方面，对症状的描述和场景标签的匹配度可进一步提高，以增强数据的针对性和实用性。",hunyuan-turbos-20250926,85,80,78,90,82,False,False,该回答覆盖了多种可能的腹泻病因，并强调实验室检测的重要性，处方措施安全合理，无危险建议。但关于猪星状病毒的特异性信息不足，对其致病性及在混合感染中的作用阐述不够深入，影响了诊断准确性和病理逻辑的完整性。,True,ERNIE-4.5-Turbo-32K,True,review,整体回答较为全面，诊断考虑了多种可能性，符合腹泻鉴别诊断的逻辑，处方安全合理，强调了采样送检的重要性，未发现致命风险。但对猪星状病毒的针对性描述稍显不足，未充分突出其特征，对猪星状病毒致病性的争议性描述不够深入，未明确其在混合感染中的常见角色，影响了诊断准确性和病理逻辑的完整性。,80.0,27,18,23,14,review,18.09,15.9,
4b93b338-18da-55cc-ac77-2335f6adb8c8,186,塞内卡病毒A感染,swine_hunyuan_turbos,hunyuan-turbos-20250926,成功,,猪,我家有200头80公斤左右的育肥猪，最近几天有几头出现口蹄部水泡、流涎、跛行，体温在39℃左右，精神稍差，食欲下降。这批猪还有20天就计划出栏了，之前没用过抗病毒药，想问下这种情况还能治吗？会不会影响出栏卖猪？,根据描述的症状（口蹄部水疱、流涎、跛行、发热），结合育肥猪阶段，高度怀疑为塞内卡病毒A感染。该病属于病毒性水疱病，与口蹄疫等相似，但病原体不同。建议尽快采集水疱液、唾液及血液送实验室确诊，排除口蹄疫等重大疫病。,治疗方向以支持疗法为主，包括改善饮水与饲料适口性、补充维生素电解质、保持圈舍干燥清洁以减少继发细菌感染。管理措施上应隔离发病猪，减少应激，防止机械传播。禁止随意使用未经批准的兽药或人用药物。采样送检是必要步骤，以便明确病原并指导后续防控。若确诊为塞内卡病毒A感染，目前无特效抗病毒药，重点在于控制继发感染和维持健康状态。严禁将疑似重大动物疫病病例混入正常出栏批次。,因属病毒性疾病且无特效治疗药物，不涉及化学药物休药期问题；但若在治疗过程中使用了抗生素或其他药物，须严格遵循该药的官方标签规定的休药期后方可出栏。,"{""disease_name"": ""塞内卡病毒A感染"", ""severity"": ""中等"", ""scene_tags"": [""育肥猪"", ""水疱病变"", ""临近出栏""], ""validation_points"": [""症状符合塞内卡病毒A感染特征"", ""强调实验室确诊的重要性"", ""支持疗法与管理措施合理""], ""risk_flags"": [""临近出栏需谨慎处置，防止疫情扩散"", ""需排除口蹄疫等重大动物疫病""], ""case_type"": ""上市休药期咨询"", ""target_disease"": ""塞内卡病毒A感染"", ""local_flags"": {""species_ok"": true, ""target_disease_in_diagnosis"": true, ""target_disease_mismatch"": false, ""contains_specific_dose"": false, ""contains_specific_withdrawal"": false, ""regulated_bad_treatment"": false}}",False,False,,,True,False,False,D:\XF-ChongQin\ai-\knowledge\llm_wiki_swine_authoritative,1465,887,"塞内卡病毒A感染
塞内卡病毒A感染、senecavirus a picornaviruses
上市休药期咨询
用户接近出栏，关心治疗方向和用药后能否出栏销售。","{""HUMAN_REVIEWED"": 2, ""NEEDS_REVIEW"": 3}","[""SRC-0001"", ""SRC-0012"", ""SRC-0015""]",2006,28.7,ERNIE-4.5-Turbo-32K,82,27,18,23,14,False,True,"整体回答较为准确，诊断方向合理，症状与疾病匹配度较高，治疗方向安全且符合疾病特点，但数据质量方面存在一定不足，如未详细说明采样送检的具体操作和实验室确诊的流程等。
问题：诊断部分虽然症状匹配度高，但未详细说明与其他类似疾病的鉴别要点，仅提及排除口蹄疫等重大疫病，缺乏具体鉴别方法。；病理逻辑部分对疾病的发生发展过程阐述不够深入，仅简单提及属于病毒性水疱病。；处方安全部分整体合理，但未提及在支持疗法中具体维生素电解质的补充剂量和方式。；数据质量方面，未详细说明采样送检的具体操作、实验室确诊的流程以及如何根据确诊结果调整防控措施等。",hunyuan-turbos-20250926,85,90,80,88,75,False,False,回答总体准确，诊断方向与用户描述的症状高度吻合，能够识别塞内卡病毒A感染的可能性，并强调排除口蹄疫等重大疫病的重要性。治疗方案以安全支持疗法为主，避免不当用药，并提示隔离与送检的必要性，符合生物安全要求。不足之处在于缺少更详细的鉴别诊断说明、病程机制解释以及采样送检流程细节，可能影响实际操作指导性。,True,ERNIE-4.5-Turbo-32K,True,review,回答总体准确，诊断方向与用户描述的症状高度吻合，能够识别塞内卡病毒A感染的可能性，并强调排除口蹄疫等重大疫病的重要性。治疗方案以安全支持疗法为主，避免不当用药，并提示隔离与送检的必要性，符合生物安全要求。但存在一些不足，如未详细列出与口蹄疫等其他水疱病的鉴别要点，可能导致现场误判；缺乏对塞内卡病毒A感染病程发展的病理机制说明；未提供采样送检的具体操作步骤和注意事项；支持疗法中维生素电解质补充方式未细化，可能影响实际操作指导性。,80.0,27,18,23,14,review,19.23,18.42,
979394c8-c307-5410-9a0c-5d926ac8470b,228,仔猪黄白痢,swine_hunyuan_turbos,hunyuan-turbos-20250926,成功,,猪,我家有200多头120斤左右的育肥猪，已经养了快4个月，这两天突然有十几头开始拉稀，粪便先是黄色带点白色，后来变成水样，精神还行但采食量下降，圈舍温度偏低通风也不好，之前没用过什么药，这种情况还能继续喂到出栏吗？要不要隔离？会不会传染别的猪？,根据描述，该批育肥猪出现急性腹泻，粪色由黄转白再呈水样，结合年龄、环境和群体发病情况，高度怀疑为猪大肠杆菌病（仔猪黄白痢）的后期表现。该病常见于卫生条件差、应激大时，病原体通过粪口途径传播，可导致脱水、生长迟缓甚至死亡。,treatment_direction: 立即改善圈舍温湿度和通风，减少冷应激；对腹泻严重的个体进行补液（口服或静脉），防止脱水；可在兽医指导下使用针对革兰氏阴性菌的敏感抗生素控制继发感染；同时补充电解质和维生素以提高抵抗力。；management_measures: 将明显腹泻的个体与健康猪分栏饲养，加强饮水清洁，定期清理粪便并消毒地面及料槽；减少饲喂粗纤维含量高的饲料，适当提高能量水平以促进恢复。；sampling_and_testing: 采集新鲜粪便送实验室做细菌分离培养和药敏试验，必要时取病死猪组织进行病理学检查，以明确病原种类和耐药性。；prohibited_boundaries: 严禁未经确诊随意使用广谱抗生素；禁止将疑似染病猪直接混入健康猪群；若检出法定重大疫病（如非洲猪瘟等），须按当地畜牧部门要求进行封锁、扑杀和无害化处理，不得擅自出售。,因涉及不同药物种类及残留标准，需依据所用药品说明书及国家规定确定停药期，出栏前务必确保符合食品安全要求。,"{""disease_name"": ""仔猪黄白痢（猪大肠杆菌病）"", ""severity"": ""中等至严重（视脱水程度与继发感染情况而定）"", ""scene_tags"": [""育肥猪"", ""寒冷应激"", ""腹泻"", ""群体感染风险""], ""validation_points"": [""症状与大肠杆菌性腹泻相符"", ""环境与应激因素支持发病机制"", ""管理干预与实验室检测建议合理""], ""risk_flags"": [""可能具有传染性"", ""可能影响出栏销售"", ""需排除重大动物疫病""], ""case_type"": ""腹泻出栏边界"", ""target_disease"": ""仔猪黄白痢"", ""local_flags"": {""species_ok"": true, ""target_disease_in_diagnosis"": true, ""target_disease_mismatch"": false, ""contains_specific_dose"": false, ""contains_specific_withdrawal"": false, ""regulated_bad_treatment"": false}}",False,False,,,True,False,False,D:\XF-ChongQin\ai-\knowledge\llm_wiki_swine_authoritative,1465,887,"仔猪黄白痢
仔猪黄白痢、neonatal post weaning colibacillosis、黄白痢、大肠杆菌、仔猪大肠杆菌病
腹泻出栏边界
临近出栏猪群出现腹泻，用户关心处理方向、隔离和用药后能否销售。","{""HUMAN_REVIEWED"": 2, ""NEEDS_REVIEW"": 3}","[""SRC-0001"", ""SRC-0063"", ""SRC-0064""]",2168,26.54,ERNIE-4.5-Turbo-32K,82,28,18,22,14,False,True,"整体回答质量较高，诊断准确性、病理逻辑、处方安全性和数据质量均表现良好，无明显致命风险，符合测试数据有效性要求。
问题：diagnosis_accuracy: 诊断准确性较高，但未完全覆盖所有可能症状（如体温变化未提及），扣2分。；pathology_logic: 病理逻辑合理，但未详细解释环境因素如何具体影响疾病传播，扣2分。；prescription_safety: 处方安全性良好，但未明确具体抗生素种类及剂量，扣3分。；data_quality: 数据质量较高，但用户查询中未提及体温等关键信息，回答中未补充，扣11分。",hunyuan-turbos-20250926,82,80,80,85,75,False,False,整体回答质量较高，诊断准确性、病理逻辑、处方安全性和数据质量均表现良好，无明显致命风险，符合测试数据有效性要求。不足之处在于未充分覆盖所有关键症状信息（如体温）、环境致病机制解释不够细致，以及未明确抗生素种类与剂量。,True,ERNIE-4.5-Turbo-32K,True,review,整体回答质量较高，诊断准确性、病理逻辑、处方安全性和数据质量均表现良好，无明显致命风险，但存在一些轻微不足，如未充分覆盖所有关键症状信息（如体温）、环境致病机制解释不够细致，以及未明确抗生素种类与剂量，因此判为review。,80.0,28,18,22,14,review,16.63,16.56,
b6cd6d9d-fedd-53ed-9bff-396abe38aa65,259,塞内卡病毒A感染,swine_hunyuan_turbos,hunyuan-turbos-20250926,成功,,猪,我家是200头左右保育猪，现在50日龄左右，最近三四天陆续有猪不吃料、精神差，有的嘴巴里起小水泡，还有几头拉稀，体温在39℃上下，舍内通风一般，之前用过阿莫西林拌料三天没见好转，想问问这是啥病，该咋办？,根据描述的症状（口部水疱样病变、腹泻、发热、采食下降）及保育阶段易感性，高度怀疑为塞内卡病毒A感染。该病属于病毒性水疱病，常与口蹄疫等鉴别，但无蹄部明显病变时更倾向SVV-A。,立即将疑似病猪与健康猪分栏隔离，减少人员、工具交叉使用；加强圈舍保温与通风调节，适当提高环境温度以减少应激；停止投喂霉变饲料，保证饮水清洁；采集病猪口腔拭子、粪便及血液送实验室进行病原学检测确诊；目前无特效抗病毒药物，支持疗法为主，如补充电解质、维生素，改善营养；禁止使用未经批准的兽药或激素类促生长剂；若检测结果提示重大动物疫病，应按规定向当地畜牧兽医部门报告并按其指导处置。,因无特定药物治疗，无需执行药物休药期；但若涉及其他药物使用，应按标签说明执行相应休药期。,"{""disease_name"": ""塞内卡病毒A感染"", ""severity"": ""中等偏上"", ""scene_tags"": [""保育猪"", ""群体发病"", ""水疱样病变"", ""腹泻"", ""采食下降""], ""validation_points"": [""保育阶段易感且出现口部水疱样病变符合SVV-A特征"", ""腹泻与发热并存提示全身性病毒感染"", ""隔离与送检是防控关键步骤""], ""risk_flags"": [""需排除口蹄疫等重大动物疫病"", ""存在潜在疫情扩散风险""], ""case_type"": ""保育猪群体发病"", ""target_disease"": ""塞内卡病毒A感染"", ""local_flags"": {""species_ok"": true, ""target_disease_in_diagnosis"": true, ""target_disease_mismatch"": false, ""contains_specific_dose"": false, ""contains_specific_withdrawal"": false, ""regulated_bad_treatment"": false}}",False,False,,,True,False,False,D:\XF-ChongQin\ai-\knowledge\llm_wiki_swine_authoritative,1465,887,"塞内卡病毒A感染
塞内卡病毒A感染、senecavirus a picornaviruses
保育猪群体发病
群体发病、采食下降、粪便或呼吸道异常，用户想知道主要病因和下一步处理。","{""HUMAN_REVIEWED"": 1, ""NEEDS_REVIEW"": 4}","[""SRC-0001"", ""SRC-0006"", ""SRC-0043""]",1978,27.37,ERNIE-4.5-Turbo-32K,82,27,18,22,15,False,True,"整体回答质量较高，诊断准确性、病理逻辑、处方安全性和数据质量均表现良好，无明显致命风险，符合通过标准。
问题：诊断准确性方面，虽然症状描述与塞内卡病毒A感染相符，但未充分排除其他类似疾病（如口蹄疫）的可能性，诊断依据略显不足。；病理逻辑方面，对腹泻与发热并存的原因解释不够深入，仅提及全身性病毒感染，未进一步阐述病毒对消化系统的影响。；处方安全性方面，虽然整体处理方向正确，但未明确提及对病猪的个体化治疗措施，如针对严重病例的特殊护理。；数据质量方面，场景标签和验证点较为全面，但风险标志中提到的潜在疫情扩散风险未在处方中充分体现防控措施。",hunyuan-turbos-20250926,85,4,4,5,4,False,False,回答整体结构合理，诊断基于典型症状与保育猪易感背景，基本符合塞内卡病毒A感染的临床特征；处方措施涵盖隔离、环境管理、送检、支持治疗及上报机制，安全边界完整，无危险用药建议；但对鉴别诊断考虑不足，且对腹泻与发热并存的机制解释较浅，个别防控细节可细化。,True,ERNIE-4.5-Turbo-32K,partially,review,回答整体结构合理，诊断基于典型症状与保育猪易感背景，基本符合塞内卡病毒A感染的临床特征；处方措施涵盖隔离、环境管理、送检、支持治疗及上报机制，安全边界完整，无危险用药建议。但存在一些不足，如未充分讨论需与口蹄疫等疾病鉴别的依据与差异，对腹泻与发热并存的病理机制解释不够深入，且缺乏针对重症个体的特殊护理建议。,80.0,27,18,22,15,review,18.59,16.97,
733aae0e-55b3-53e9-95ca-e8299f717827,298,猪繁殖与呼吸综合征,swine_hunyuan_turbos,hunyuan-turbos-20250926,成功,,猪,我这边是河南一个小型养猪场，存栏大概300头，现在有一批60日龄左右的保育猪，最近一周陆续有10多头开始咳嗽、喘气，体温在40℃左右，采食量明显下降，有的还伴有精神沉郁。舍内通风一般，湿度偏高，之前用过替米考星拌料，效果不明显。想问问是不是蓝耳病？要不要整栏都投药？,根据描述的症状（高热、咳嗽、喘气、采食下降）、年龄阶段及群体发病特点，结合近期用药史和环境因素，高度怀疑为猪繁殖与呼吸综合征（PRRS），可能合并其他呼吸道病原（如支原体、圆环病毒等）。需进一步实验室检测确诊。,treatment_direction: 对症支持治疗为主，改善饲养管理条件，减少应激，提高营养水平。；management_measures: 加强通风换气，降低舍内湿度和氨气浓度；分群饲养，减少交叉感染；保证饮水清洁和饲料新鲜；对重症个体及时隔离观察。；sampling_and_testing: 采集病猪血液、鼻拭子或肺组织送实验室进行PCR检测，明确是否感染PRRSV及其他并发病原。；prohibited_boundaries: 未确诊前不得盲目使用抗病毒药物或大剂量抗生素；严禁将病猪与健康猪混养；发现可疑疫情应及时向当地畜牧兽医部门报告。,因未使用特定药物，无具体休药期；若后续使用兽药，应严格按照说明书执行停药期并遵守检疫规定。,"{""disease_name"": ""猪繁殖与呼吸综合征"", ""severity"": ""中等偏重，可导致生长迟缓、死亡率上升，影响生产性能"", ""scene_tags"": [""保育猪"", ""群体呼吸道症状"", ""高湿环境"", ""前期抗生素治疗无效""], ""validation_points"": [""症状符合PRRS典型表现（高热、呼吸困难、食欲下降）"", ""多发于保育至育肥阶段"", ""环境因素（通风差、湿度高）易诱发或加重""], ""risk_flags"": [""疑似二类动物疫病"", ""存在混合感染风险"", ""需防止扩散""], ""case_type"": ""呼吸道群体发病"", ""target_disease"": ""猪繁殖与呼吸综合征"", ""local_flags"": {""species_ok"": true, ""target_disease_in_diagnosis"": true, ""target_disease_mismatch"": false, ""contains_specific_dose"": false, ""contains_specific_withdrawal"": false, ""regulated_bad_treatment"": false}}",False,False,,,True,False,False,D:\XF-ChongQin\ai-\knowledge\llm_wiki_swine_authoritative,1465,887,"猪繁殖与呼吸综合征
猪繁殖与呼吸综合征、porcine reproductive and respiratory syndrome viruses、PRRS、蓝耳病
呼吸道群体发病
同栏出现咳嗽、喘气、发热、采食下降，用户想判断病因和是否需要全群用药。","{""HUMAN_REVIEWED"": 2, ""NEEDS_REVIEW"": 2}","[""A0-MOA-573"", ""A1-WOAH-PRRS-DISEASE"", ""SRC-0001"", ""SRC-0026""]",2221,22.82,ERNIE-4.5-Turbo-32K,82,27,18,22,15,False,True,"整体回答质量较高，诊断准确性、病理逻辑、处方安全性和数据质量均表现良好，无明显致命风险，符合通过标准。
问题：数据质量方面，场景标签和验证点描述较为笼统，缺乏具体数据支撑，如群体发病率、症状严重程度分布等。；病理逻辑方面，虽然提到可能合并其他呼吸道病原，但未详细说明合并感染的判断依据和可能影响。；处方安全性方面，未明确提及具体对症支持治疗措施，如退热、止咳等，仅给出管理性建议。",hunyuan-turbos-20250926,85,90,85,88,80,False,False,该回答在诊断上准确识别了猪繁殖与呼吸综合征的可能性，并结合环境与管理因素进行了合理推断；处方部分强调了管理改善、采样检测和防疫措施，避免了盲目用药，安全性较好；但缺少更具体的对症支持措施说明，且数据细节不足，影响了对病情严重程度的评估。,True,ERNIE-4.5-Turbo-32K,True,review,整体回答质量较高，诊断准确性、病理逻辑和处方安全性均表现良好，无明显致命风险。但存在一些轻微不足，如数据质量方面缺乏群体发病率、症状分布等量化信息，病理逻辑中合并感染的判断依据不够详细，处方部分未明确列出对症支持治疗的具体方法。,80.0,27,18,22,15,review,14.56,20.71,
4dd13708-6ef4-5098-bbce-def0b0ff277a,324,猪戊型肝炎,swine_hunyuan_turbos,hunyuan-turbos-20250926,成功,,猪,我家有200头120日龄左右的育肥猪，现在平均体重在90公斤上下，最近几天有几头出现精神沉郁、食欲下降、粪便偏黄稀，体温正常，没有死亡。圈舍通风一般，饲料没换过，之前用过阿莫西林饮水防呼吸道病。想问这种情况是不是能治？如果用药，多久才能出栏卖肉？,根据描述，育肥猪群中出现个别精神沉郁、食欲减退及轻度腹泻，无高热和急性死亡，结合年龄和圈舍条件，应考虑病毒性感染可能，如猪戊型肝炎等肠道病毒性疾病。该病为粪口传播，常在应激条件下发生，多为自限性，但可影响生长速度。需排除细菌性肠炎、寄生虫感染等常见病因。,建议先停喂精料12-24小时，给予易消化的青绿饲料，保证清洁饮水并添加电解质防止脱水；加强圈舍通风与卫生消毒，减少应激因素。若怀疑病毒感染，不建议随意使用抗生素，应采集新鲜粪便送实验室检测明确病原。若为猪戊型肝炎，目前无特效抗病毒药物，主要靠支持疗法和环境管理促进恢复。严禁使用禁用兽药，所有用药须符合食品动物用药规定，并在出栏前遵守相应休药期要求。,因无确诊病原且未使用特定药物，无法给出确切休药期；任何药物使用前需查阅标签并结合当地法规和目标市场残留标准确定休药期，确保合规后方可出栏。,"{""disease_name"": ""猪戊型肝炎"", ""severity"": ""中等（自限性为主）"", ""scene_tags"": [""育肥猪"", ""接近出栏"", ""轻微消化道症状"", ""群体健康监控""], ""validation_points"": [""症状与猪戊型肝炎相符（精神沉郁、食欲减退、轻度腹泻）"", ""无高热和急性死亡，符合自限性病程特征"", ""强调粪口传播与环境管理的重要性""], ""risk_flags"": [""潜在人兽共患风险（HEV），需注意人员防护与生物安全"", ""临近出栏，用药与休药期合规性需严格把控""], ""case_type"": ""上市休药期咨询"", ""target_disease"": ""猪戊型肝炎"", ""local_flags"": {""species_ok"": true, ""target_disease_in_diagnosis"": true, ""target_disease_mismatch"": false, ""contains_specific_dose"": false, ""contains_specific_withdrawal"": false, ""regulated_bad_treatment"": false}}",False,False,,,True,False,False,D:\XF-ChongQin\ai-\knowledge\llm_wiki_swine_authoritative,1465,887,"猪戊型肝炎
猪戊型肝炎、hepatitis e virus
上市休药期咨询
用户接近出栏，关心治疗方向和用药后能否出栏销售。","{""HUMAN_REVIEWED"": 3, ""NEEDS_REVIEW"": 2}","[""SRC-0001"", ""SRC-0012"", ""SRC-0014"", ""SRC-0015"", ""SRC-0040""]",2146,29.94,ERNIE-4.5-Turbo-32K,82,27,18,22,15,False,True,"整体回答较为准确，诊断考虑了病毒性感染可能，并提及猪戊型肝炎，与症状相符。处理方向安全，强调了环境管理和支持疗法，未随意使用抗生素。数据质量基本满足要求，但部分细节可进一步完善。
问题：诊断准确性方面，虽然考虑了病毒性感染可能，但未完全排除其他常见病因，如细菌性肠炎和寄生虫感染，仅提及需排除，未给出具体排除方法或建议。；病理逻辑方面，对猪戊型肝炎的传播途径和病程特征描述较为准确，但缺乏对疾病具体病理机制的简要说明，如肝脏损伤等。；处方安全方面，整体处理方向安全，但未明确提及针对人兽共患风险的防护措施，如人员防护和生物安全的具体建议。；数据质量方面，症状描述与疾病相符，但缺乏对疾病严重程度的更详细评估，如肝脏功能指标等；风险标志提及了人兽共患风险和用药合规性，但未给出具体的管理建议或参考标准。",hunyuan-turbos-20250926,85,8,8,9,8,False,False,回答总体合理，诊断考虑到了猪戊型肝炎的可能性并与症状相匹配，处理方案以环境管理和支持疗法为主，避免了滥用抗生素，并强调用药合规性和休药期要求，安全性较高。不足之处在于未提供明确的鉴别诊断步骤（如粪便镜检、PCR检测），也未补充该病的典型病理机制（如肝损伤表现）以及生物安全和人兽共患防控的具体措施。,True,ERNIE-4.5-Turbo-32K,True,review,回答总体合理，诊断考虑到了猪戊型肝炎的可能性并与症状相匹配，处理方案以环境管理和支持疗法为主，避免了滥用抗生素，并强调用药合规性和休药期要求，安全性较高。但存在一些不足，如未提供明确的鉴别诊断步骤（如粪便镜检、PCR检测），也未补充该病的典型病理机制（如肝损伤表现）以及生物安全和人兽共患防控的具体措施。,80.0,27,18,22,15,review,20.88,19.93,
1ab78a6d-e248-5132-b400-c5330c35148e,326,猪巨细胞病毒感染,swine_hunyuan_turbos,hunyuan-turbos-20250926,成功,,猪,我家有120头90日龄左右的育肥猪，最近一周陆续有几头开始精神沉郁、食欲下降、体温偏高，有的还伴有轻度咳嗽。之前用了替米考星和多西环素拌料喂了三天，感觉没明显改善。圈舍通风一般，湿度偏大，想问下这种情况还能继续用这些药吗？还是换别的方案？,根据描述的症状表现及用药史，考虑可能为病毒性呼吸道感染，如猪巨细胞病毒感染等，同时需排除其他呼吸道病原混合感染。目前缺乏特异性病原学证据，建议结合临床观察、流行病学调查和实验室检测进一步确诊。,1. 立即隔离发病猪，加强圈舍通风与干燥管理，减少应激因素。2. 暂停使用已无明显效果的抗生素，避免耐药风险。3. 采集鼻拭子、血液或肺组织送实验室进行病原检测，明确是否为猪巨细胞病毒或其他病毒。4. 在检测结果前，可采取支持疗法，如补充电解质、维生素，改善营养状况。5. 若确诊为猪巨细胞病毒感染且为散发性病例，可在兽医指导下对症处理；若为群发或伴随高死亡率，应启动重大疫病防控流程并上报主管部门。6. 严禁自行使用未经批准的抗病毒药物或超范围用药。,因未确定具体病原及治疗方案，无法给出确切停药期。须依据最终确诊结果及所用药物说明书执行相应休药期规定，并在出栏前确保符合食品安全标准。,"{""disease_name"": ""猪巨细胞病毒感染"", ""severity"": ""中等至严重（视流行程度而定）"", ""scene_tags"": [""育肥猪"", ""呼吸道症状"", ""病毒性感染"", ""多病原混合可能""], ""validation_points"": [""症状与病毒性呼吸道疾病相符"", ""抗生素治疗无效提示非单纯细菌感染"", ""需通过实验室检测明确病因""], ""risk_flags"": [""存在重大疫病风险时需及时上报"", ""禁止擅自使用未经批准的药物"", ""防止疫情扩散需严格生物安全措施""], ""case_type"": ""育肥猪用药咨询"", ""target_disease"": ""猪巨细胞病毒感染"", ""local_flags"": {""species_ok"": true, ""target_disease_in_diagnosis"": true, ""target_disease_mismatch"": false, ""contains_specific_dose"": false, ""contains_specific_withdrawal"": false, ""regulated_bad_treatment"": false}}",False,False,,,True,False,False,D:\XF-ChongQin\ai-\knowledge\llm_wiki_swine_authoritative,1465,887,"猪巨细胞病毒感染
猪巨细胞病毒感染、porcine cytomegalovirus
育肥猪用药咨询
育肥猪出现典型症状，用户已经用过常见药物但效果一般，询问是否继续用药。","{""HUMAN_REVIEWED"": 1, ""NEEDS_REVIEW"": 4}","[""SRC-0001"", ""SRC-0033""]",2176,26.63,ERNIE-4.5-Turbo-32K,82,27,18,22,15,False,True,"整体回答质量较高，诊断方向合理，考虑了病毒性呼吸道感染的可能性，并建议进一步实验室检测以确诊。处理方案安全，强调了隔离、通风管理和支持疗法的重要性，同时避免了滥用抗生素和未经批准的抗病毒药物。数据质量方面，虽然提供了详细的场景标签和验证点，但部分信息如具体症状与疾病的直接关联性可进一步细化。
问题：诊断准确性方面，虽然考虑了病毒性呼吸道感染，但未充分阐述猪巨细胞病毒感染的特异性症状或与其他呼吸道疾病的鉴别点。；病理逻辑方面，对症状与疾病之间的逻辑关系解释不够深入，缺乏对疾病流行病学特点的描述。；数据质量方面，场景标签和验证点较为全面，但未提供具体的症状严重程度或病程进展信息，可能影响诊断的精确性。",hunyuan-turbos-20250926,85,8,8,9,8,False,False,该回答整体结构完整，诊断思路合理，考虑了病毒性呼吸道感染的可能性，并提示通过实验室检测确诊，避免盲目用药。处方措施安全，强调隔离、环境改善和支持疗法，未推荐具体药物或剂量，规避了用药风险。不足之处在于对猪巨细胞病毒感染的典型症状、流行病学特征以及与其它呼吸道病的鉴别分析不足，导致诊断与病理逻辑的解释深度有限。,True,ERNIE-4.5-Turbo-32K,partially,review,诊断方向合理，考虑了病毒性呼吸道感染的可能性，并建议进一步实验室检测以确诊，处理方案安全，强调了隔离、通风管理和支持疗法的重要性，同时避免了滥用抗生素和未经批准的抗病毒药物。但诊断与病理逻辑的解释深度有限，未详细阐述猪巨细胞病毒感染的特异性临床表现及其与其它呼吸道疾病的区别，缺少对疾病流行特点和传播方式的说明，未提供症状严重程度或病程进展的细节，可能降低诊断精准度。,80.0,27,18,22,15,review,17.8,20.76,
8af5fdea-8181-5178-9a78-874a8004f84d,357,猪肾虫病,swine_hunyuan_turbos,hunyuan-turbos-20250926,成功,,猪,我家有120头60日龄左右的保育猪，最近发现有些猪拉稀、毛色发暗、长得慢，个别猪皮肤上有小疙瘩还抓痒，粪便里偶尔能看到白色长条状东西。之前用过一次伊维菌素拌料驱虫，但效果不明显，现在想看看是不是肾虫的问题。,根据描述，考虑猪肾虫病（Stephanurus dentatus）可能性较大。该病由肾虫寄生于肾周囊及输尿管引起，幼虫在肝脏移行可导致肝损伤并出现类似蛔虫milk spots的病变，同时成虫寄生可引起泌尿系统炎症、消瘦、腹泻、生长缓慢以及继发皮肤瘙痒等症状。需结合剖检观察肾周囊肿、肝脏表面斑点样病变，并通过尿液镜检或组织学检查寻找虫卵或成虫进行确诊。,treatment_direction: 使用对肾虫有效的广谱驱虫药（如阿苯达唑类或特定伊维菌素制剂），按说明书规范投喂，必要时分次给药以提高疗效。；management_measures: 加强圈舍卫生管理，及时清理粪尿，减少潮湿环境，防止虫卵污染饮水和饲料；定期更换垫料，保持通风干燥。；sampling_submission: 采集可疑猪的新鲜尿液送实验室镜检找虫卵，必要时剖检取肾周囊及肝脏组织做病理检查，以明确感染程度。；prohibited_boundaries: 严禁将疑似严重感染的猪与健康猪混养，防止交叉感染；在未确诊前不要随意出售或屠宰，以免扩散病原。,驱虫药物使用后须遵守相应休药期规定，确保猪肉安全后方可上市销售。,"{""disease_name"": ""猪肾虫病"", ""severity"": ""中等偏重"", ""scene_tags"": [""保育猪"", ""群体发病"", ""腹泻"", ""消瘦"", ""皮肤瘙痒""], ""validation_points"": [""症状符合肾虫感染特征（腹泻、消瘦、生长缓慢、皮肤瘙痒）"", ""粪便中发现疑似虫体提示肠道或泌尿系寄生虫存在"", ""曾用驱虫药效果不佳提示可能存在耐药性或虫种差异""], ""risk_flags"": [""潜在慢性感染影响增重"", ""环境污染导致持续传播"", ""误诊延误防控""], ""case_type"": ""寄生虫群体发病"", ""target_disease"": ""猪肾虫病"", ""local_flags"": {""species_ok"": true, ""target_disease_in_diagnosis"": true, ""target_disease_mismatch"": false, ""contains_specific_dose"": false, ""contains_specific_withdrawal"": false, ""regulated_bad_treatment"": false}}",False,False,,,True,False,False,D:\XF-ChongQin\ai-\knowledge\llm_wiki_swine_authoritative,1465,887,"猪肾虫病
猪肾虫病、stephanurus dentatus kidney worm
寄生虫群体发病
猪群出现腹泻、消瘦、皮肤瘙痒或生长慢，用户怀疑寄生虫。","{""HUMAN_REVIEWED"": 2, ""NEEDS_REVIEW"": 2}","[""SRC-0001"", ""SRC-0082""]",2221,29.27,ERNIE-4.5-Turbo-32K,82,27,18,23,14,False,True,"整体回答质量较高，诊断准确性、病理逻辑、处方安全性均表现良好，数据质量基本满足要求，无致命风险，符合通过标准。
问题：诊断准确性方面，虽然症状描述与猪肾虫病相符，但未充分排除其他类似疾病（如蛔虫病、疥螨病）的可能性，导致诊断准确性略有扣分。；病理逻辑方面，对肾虫病的病理过程描述较为清晰，但缺乏对其他可能并发症的讨论，逻辑完整性稍显不足。；处方安全性方面，建议的驱虫药物和措施基本安全，但未明确提及具体药物剂量和休药期，存在一定安全隐患。；数据质量方面，用户查询和回答中的信息较为完整，但部分症状描述（如皮肤瘙痒）与猪肾虫病的典型症状关联性不够强，数据质量有待提升。",hunyuan-turbos-20250926,78,75,80,70,75,False,True,该数据整体结构合理，诊断思路与症状有一定对应性，处理方案方向正确且包含必要的生物安全措施，无明显致命风险。但在诊断上未充分排除其他相似疾病，病理机制解释虽较清楚但略显单一，处方中缺少对具体药物剂量和休药期的警示说明，存在潜在用药安全风险。此外，部分症状（如皮肤瘙痒）与肾虫病的典型关联较弱，影响数据质量。,False,,,,,80.0,27,18,23,14,review,19.16,7.01,
7b60fa88-9b8e-5939-bd83-68581ed40b06,397,猪戊型肝炎,swine_hunyuan_turbos,hunyuan-turbos-20250926,成功,,猪,我家是300头左右保育猪，现在60日龄左右，最近一周陆续有猪不吃料、精神差，有的拉黄绿色稀粪，个别体温偏高到40℃左右，舍内通风一般，之前用过替米考星拌料，效果不明显。想问问这是啥病，该怎么处理？,根据描述的症状（采食下降、精神沉郁、发热、黄绿色稀粪）及保育猪阶段易感性，结合近期用药史，考虑可能为猪戊型肝炎病毒感染所致，同时需排除其他肠道病毒性疾病（如流行性腹泻、轮状病毒）、细菌性肠炎以及饲料中毒等因素。该病为人兽共患风险病原体，需谨慎对待。,建议立即将疑似病例与健康猪隔离，加强圈舍保温与通风，适当提高环境温度以改善猪的体感舒适度；停止饲喂可疑饲料，保证饮水清洁；采集病猪血液、粪便及肝脏组织送具备资质的实验室进行病原学检测（PCR、ELISA等），明确是否为戊型肝炎病毒或其他病原；在确诊前避免使用可能掩盖病情的药物；若确诊为戊型肝炎，应依据当地畜牧兽医部门指导采取相应生物安全措施，防止人员接触污染；严禁私自屠宰、销售或食用病死猪。,因属病毒性人兽共患风险病原，无可用化学药物治疗，故不存在常规休药期概念；一旦确诊应按法规要求执行扑杀、无害化处理等措施，并严格消毒场地。,"{""disease_name"": ""猪戊型肝炎"", ""severity"": ""中等至严重（可导致保育猪死亡，且具人兽共患风险）"", ""scene_tags"": [""保育猪"", ""群体发病"", ""采食下降"", ""腹泻"", ""发热""], ""validation_points"": [""症状符合戊型肝炎常见表现"", ""保育猪为易感群体"", ""存在人兽共患风险需按法规处置""], ""risk_flags"": [""人兽共患风险"", ""需隔离与送检"", ""禁止私自处理病死猪""], ""case_type"": ""保育猪群体发病"", ""target_disease"": ""猪戊型肝炎"", ""local_flags"": {""species_ok"": true, ""target_disease_in_diagnosis"": true, ""target_disease_mismatch"": false, ""contains_specific_dose"": false, ""contains_specific_withdrawal"": false, ""regulated_bad_treatment"": false}}",False,False,,,True,False,False,D:\XF-ChongQin\ai-\knowledge\llm_wiki_swine_authoritative,1465,887,"猪戊型肝炎
猪戊型肝炎、hepatitis e virus
保育猪群体发病
群体发病、采食下降、粪便或呼吸道异常，用户想知道主要病因和下一步处理。","{""HUMAN_REVIEWED"": 3, ""NEEDS_REVIEW"": 2}","[""SRC-0001"", ""SRC-0006"", ""SRC-0014"", ""SRC-0036"", ""SRC-0043"", ""SRC-0049""]",2036,30.37,ERNIE-4.5-Turbo-32K,82,27,18,20,17,False,True,"整体回答质量较高，诊断准确性、病理逻辑、处方安全性和数据质量均表现良好，无明显致命风险。诊断考虑了多种可能性，并强调了人兽共患风险，处理建议符合规范。
问题：诊断准确性方面，虽然考虑了多种可能性，但对其他肠道病毒性疾病和细菌性肠炎的排除依据不够充分，缺乏具体鉴别诊断方法。；病理逻辑方面，对症状与疾病之间的关联性解释不够深入，缺乏对疾病病理机制的简要说明。；处方安全性方面，虽然强调了隔离、送检和生物安全措施，但对环境消毒的具体方法或药物选择未提及。；数据质量方面，回答中未明确提及休药期的具体法规依据，仅说明无化学药物治疗，略显不足。",hunyuan-turbos-20250926,85,8,7.5,9,8,False,False,回答整体结构合理，能够结合用户提供的症状、年龄阶段和用药史提出可能的病因，并提示人兽共患风险，处理建议包括隔离、送检、生物安全和无害化处理，符合安全规范。但部分细节可优化，例如鉴别诊断依据不足、病理机制解释较浅、环境消毒措施未具体化。,True,ERNIE-4.5-Turbo-32K,partially,review,回答整体结构合理，诊断考虑了多种可能性并提示了人兽共患风险，处理建议包括隔离、送检、生物安全和无害化处理，符合安全规范。但存在以下不足：对其他肠道病毒性疾病和细菌性肠炎的鉴别依据不充分，缺少具体的鉴别方法或指标；对症状与戊型肝炎之间关联的病理机制解释不足；环境消毒措施未给出具体方法或推荐消毒剂类型；关于休药期的表述虽正确，但未引用相关法规条文。这些问题可通过补充鉴别诊断依据、病理机制解释、环境消毒具体建议和法规引用来改进。,80.0,27,18,20,17,review,19.47,24.73,
c284cd7d-38e6-52c5-ae19-b8fd0b2fc386,418,猪多杀性巴氏杆菌病,swine_hunyuan_turbos,hunyuan-turbos-20250926,成功,,猪,我这边是100头左右的保育后期到育肥前期猪，大概50-80公斤重，最近一周陆续有猪开始咳嗽、喘气，有的还发烧，吃料量明显下降，圈舍通风一般，之前用过替米考星拌料三天，效果不明显，现在有几头精神差，想知道是不是巴氏杆菌感染，要不要整批投药？,根据描述，该群猪表现为急性呼吸道症状伴发热和采食下降，结合年龄段及饲养管理情况，考虑肺炎型猪多杀性巴氏杆菌病可能性较大，且可能为原发或继发于其他呼吸道病原（如支原体、圆环病毒、蓝耳病等）。需要现场观察呼吸频率、体温、精神状态，并结合剖检病变（肺实变、纤维素渗出）、实验室检测（细菌分离、PCR）进一步确诊。,treatment_direction: 针对细菌性肺炎进行抗菌治疗，同时改善圈舍通风与保温，减少应激；若怀疑混合感染，应配合控制潜在病毒性或支原体病原。；management_measures: 提高猪舍温度以减少冷应激，加强通风换气，降低氨气浓度；分群饲养，将病情严重个体隔离；保证饮水充足并补充电解质。；sampling_and_testing: 采集病死猪肺组织送实验室做细菌培养鉴定、PCR检测常见呼吸道病原（包括P. multocida、M. hyopneumoniae、PRRSV、PCV2等），必要时做血清学检测。；prohibited_boundaries: 严禁自行使用禁用药或未批准抗生素；发现高热、呼吸困难迅速恶化或死亡增加时应立即上报当地畜牧兽医部门，按重大疫病防控流程处置。,具体休药期需依据所用药物种类及标签说明确定，使用前须查阅药品说明书并遵守相关规定。,"{""disease_name"": ""猪多杀性巴氏杆菌病（肺炎型）"", ""severity"": ""中等至重度"", ""scene_tags"": [""保育后期"", ""育肥前期"", ""群体呼吸道症状"", ""发热"", ""采食下降""], ""validation_points"": [""症状符合肺炎型巴氏杆菌病特征"", ""存在可能诱发因素（通风不良、应激）"", ""需排除其他呼吸道病原混合感染""], ""risk_flags"": [""可能涉及法定疫病监测范围"", ""需实验室确诊后制定针对性防控措施""], ""case_type"": ""呼吸道群体发病"", ""target_disease"": ""猪多杀性巴氏杆菌病"", ""local_flags"": {""species_ok"": true, ""target_disease_in_diagnosis"": true, ""target_disease_mismatch"": false, ""contains_specific_dose"": false, ""contains_specific_withdrawal"": false, ""regulated_bad_treatment"": false}}",False,False,,,True,False,False,D:\XF-ChongQin\ai-\knowledge\llm_wiki_swine_authoritative,1465,887,"猪多杀性巴氏杆菌病
猪多杀性巴氏杆菌病、pasteurellosis
呼吸道群体发病
同栏出现咳嗽、喘气、发热、采食下降，用户想判断病因和是否需要全群用药。","{""HUMAN_REVIEWED"": 2, ""NEEDS_REVIEW"": 2}","[""SRC-0001"", ""SRC-0006"", ""SRC-0070""]",2221,33.89,ERNIE-4.5-Turbo-32K,82,27,18,23,14,False,True,"整体回答较为全面，诊断考虑了多种可能性，处理方向安全合理，但数据质量方面存在一定不足，如未明确提及部分关键症状与疾病的典型关联性，且对部分风险因素的考虑不够深入。
问题：诊断准确性方面，虽考虑了多种可能性，但未明确阐述咳嗽、喘气、发热、采食下降等症状与猪多杀性巴氏杆菌病的典型关联性，仅提及可能性较大，缺乏更深入的分析。；病理逻辑方面，对于可能诱发因素（通风不良、应激）与疾病发生之间的逻辑关系阐述不够详细，未充分说明这些因素如何具体影响疾病的发生发展。；处方安全方面，整体处理方向安全合理，但对于“严禁自行使用禁用药或未批准抗生素”的表述较为笼统，未明确具体禁用药或未批准抗生素的种类。；数据质量方面，未提及猪的体温具体范围、呼吸频率等关键数据，对症状的描述不够精确，且未对“可能涉及法定疫病监测范围”这一风险标志进行详细说明。",hunyuan-turbos-20250926,78,75,70,85,72,True,False,回答总体思路正确，诊断考虑了多种可能性，处理方案兼顾了抗菌治疗和饲养管理改进，并强调了采样检测和上报机制，安全性较高。但在症状与疾病典型关联性的分析上不够深入，对诱发因素的作用机制解释不足，缺少关键体征数据，且对禁用药物的表述较笼统。,True,ERNIE-4.5-Turbo-32K,True,review,回答总体思路正确，诊断考虑了多种可能性，处理方案兼顾了抗菌治疗和饲养管理改进，并强调了采样检测和上报机制，安全性较高。但在症状与疾病典型关联性的分析上不够深入，对诱发因素的作用机制解释不足，缺少关键体征数据，且对禁用药物的表述较笼统，需进一步补充完善。,80.0,27,18,23,14,review,24.71,17.73,
9f7f349b-1abb-5d70-845a-e453138aa335,423,猪虱病,swine_hunyuan_turbos,hunyuan-turbos-20250926,成功,,猪,我家是50头左右60斤左右的育肥猪，最近半个月陆续有几头开始蹭墙、掉毛，身上能看到一些结痂和小红点，采食量下降，长得也慢了，粪便偏稀。之前用过一次伊维菌素拌料驱虫，但效果不明显，圈舍比较潮湿，通风一般。想问问是不是虱子或者别的虫子引起的？,根据描述，结合瘙痒、结痂、掉毛及腹泻等症状，考虑为体外寄生虫感染，重点怀疑猪虱病。确诊需在体表毛发间找到活虱或附着牢固的虫卵。,treatment_direction: 针对体外寄生虫进行驱虫，选择经批准的体外驱虫产品，按标签使用。；management_measures: 改善圈舍通风与干燥，定期清理粪污，减少猪群密度，防止交叉传播。；sampling_submission: 采集病变部位毛发及皮屑送实验室镜检，查找虱或虫卵，必要时做病原鉴定。；prohibited_boundaries: 禁止使用未经许可的药物或超范围用药；若检出其他严重传染病（如非洲猪瘟等），须立即隔离并报告主管部门。,按照所用驱虫产品的标签规定执行，确保上市前达到安全间隔期。,"{""disease_name"": ""猪虱病"", ""severity"": ""中等"", ""scene_tags"": [""育肥猪"", ""体外寄生虫"", ""皮肤损伤"", ""生长迟缓""], ""validation_points"": [""瘙痒、结痂、掉毛提示体外寄生虫可能"", ""需镜检发现虱或虫卵方可确诊"", ""管理上需改善圈舍卫生与通风""], ""risk_flags"": [""非重大疫病但易复发"", ""需排除其他皮肤病与人畜共患病""], ""case_type"": ""寄生虫群体发病"", ""target_disease"": ""猪虱病"", ""local_flags"": {""species_ok"": true, ""target_disease_in_diagnosis"": true, ""target_disease_mismatch"": false, ""contains_specific_dose"": false, ""contains_specific_withdrawal"": false, ""regulated_bad_treatment"": false}}",False,False,,,True,False,False,D:\XF-ChongQin\ai-\knowledge\llm_wiki_swine_authoritative,1465,887,"猪虱病
猪虱病、external parasites lice
寄生虫群体发病
猪群出现腹泻、消瘦、皮肤瘙痒或生长慢，用户怀疑寄生虫。","{""HUMAN_REVIEWED"": 3, ""NEEDS_REVIEW"": 2}","[""SRC-0001"", ""SRC-0080"", ""SRC-0082""]",2133,27.05,ERNIE-4.5-Turbo-32K,85,27,18,23,17,False,True,"整体回答较为准确，诊断方向合理，症状与疾病匹配度较高，处理方向安全且与疾病相互印证，但存在部分细节可优化。
问题：diagnosis_accuracy: 症状描述中腹泻与猪虱病的直接关联性较弱，虽未排除其他寄生虫混合感染可能，但未明确说明，扣3分。；pathology_logic: 病理逻辑基本合理，但未详细说明猪虱病导致腹泻的间接机制（如瘙痒影响采食和消化），扣2分。；prescription_safety: 驱虫方案安全，但未明确推荐具体药物（如双甲脒、除虫菊酯类等），扣2分。；data_quality: 数据质量尚可，但用户历史用药（伊维菌素）效果不佳的原因未分析（如可能对虱无效或耐药），扣8分。",hunyuan-turbos-20250926,80,7,8,9,6,False,False,诊断方向正确，症状与猪虱病高度相关，处理措施安全且包含必要的采样与上报提示，无明显危险建议。但腹泻与猪虱的直接关联解释不足，对已有驱虫失败原因缺乏分析，且未细化推荐驱虫剂类型。,True,ERNIE-4.5-Turbo-32K,True,review,诊断方向正确，症状与猪虱病高度相关，处理措施安全且包含必要的采样与上报提示，无明显危险建议。但存在以下不足：腹泻与猪虱的直接关联解释不足，未分析已有驱虫失败原因，且未细化推荐驱虫剂类型。,80.0,27,18,23,17,review,19.3,20.58,
e83c45dd-9467-583e-8633-0a9388d8e025,430,猪肾虫病,swine_hunyuan_turbos,hunyuan-turbos-20250926,成功,,猪,我家有120头育肥猪，平均体重在70公斤左右，最近发现几头猪精神沉郁、食欲下降，尿液里能看到一些白色絮状物，有的猪腹部摸起来有点硬块感。圈舍是水泥地面，通风一般，平时喂料比较集中，没有做过专门的驱虫。想问下这种情况是不是要全群处理？环境怎么弄？要不要做检查再决定？,根据描述，结合尿液异常、局部触诊包块及饲养环境，怀疑为猪肾虫病（Stephanurus dentatus）。该病由肾虫寄生引起，成虫可在肾周形成囊肿并与输尿管相通，导致尿液中出现炎性渗出物，同时移行过程可损伤肝脏并引发全身症状。,建议立即隔离出现明显症状的个体，防止交叉污染。对全群进行粪便镜检或尿液沉淀法查找虫卵，必要时采集病变组织送实验室确诊。环境方面应彻底清扫圈舍，清除粪污，保持干燥清洁，减少潮湿和积水，防止中间宿主滋生。加强饮水和饲料卫生管理，分餐投喂以减少排泄物接触。禁止在未确诊前使用任何驱虫药物，以免掩盖病情或影响后续检测。,因涉及寄生虫病，若确诊需按兽医指导实施驱虫，并在停药后按规定时间进行复检和观察，确保无虫卵排出后方可出栏。,"{""disease_name"": ""猪肾虫病"", ""severity"": ""中等偏重"", ""scene_tags"": [""育肥猪"", ""水泥地面"", ""通风不良"", ""未见驱虫史""], ""validation_points"": [""尿液异常提示泌尿系统受累"", ""腹部包块符合肾周囊肿特征"", ""环境管理不足增加感染风险""], ""risk_flags"": [""可能波及全群"", ""需实验室确诊"", ""存在人畜共患病误判风险""], ""case_type"": ""驱虫和环境管理"", ""target_disease"": ""猪肾虫病"", ""local_flags"": {""species_ok"": true, ""target_disease_in_diagnosis"": true, ""target_disease_mismatch"": false, ""contains_specific_dose"": false, ""contains_specific_withdrawal"": false, ""regulated_bad_treatment"": false}}",False,False,,,True,False,False,D:\XF-ChongQin\ai-\knowledge\llm_wiki_swine_authoritative,1465,887,"猪肾虫病
猪肾虫病、stephanurus dentatus kidney worm
驱虫和环境管理
用户询问是否需要全群处理、环境清理和复查方式。","{""HUMAN_REVIEWED"": 3, ""NEEDS_REVIEW"": 2}","[""SRC-0001"", ""SRC-0026"", ""SRC-0028"", ""SRC-0082""]",2149,27.4,ERNIE-4.5-Turbo-32K,85,28,18,23,16,False,True,"整体回答较为准确，诊断逻辑合理，处方安全，数据质量基本满足要求，无明显致命风险。
问题：诊断准确性方面，虽然症状和疾病匹配度较高，但未完全覆盖所有可能症状，如肝脏损伤相关症状未提及。；病理逻辑方面，对肾虫病病理过程的描述较为详细，但缺乏对其他可能鉴别诊断的排除说明。；处方安全方面，整体安全，但未明确说明驱虫药物的选择原则及具体药物名称，可能影响实际操作的准确性。；数据质量方面，回答内容较为完整，但部分信息如休药期承诺不够具体，缺乏量化指标。",hunyuan-turbos-20250926,82,80,78,90,75,False,False,该回答对猪肾虫病的诊断依据较充分，症状与环境背景吻合，病理机制解释清晰，处方措施安全且符合防控原则，未给出具体药物剂量或休药期承诺，避免了用药风险。不足之处在于未全面列出可能的鉴别诊断，也未提供驱虫药物选择原则，部分信息略显笼统。,True,ERNIE-4.5-Turbo-32K,partly,review,诊断逻辑合理，症状与疾病匹配度较高，但未提及肝损伤相关症状，也未全面列出可能的鉴别诊断，可能导致漏诊其他类似疾病；处方措施安全且符合防控原则，但未明确驱虫药物选择原则，操作性不足；数据质量方面，回答内容较为完整，但部分信息略显笼统。整体回答有参考价值，但存在不足，需进一步补充完善。,80.0,28,18,23,16,review,19.21,19.36,
93614196-3574-5335-9e63-9dcbdb036b9d,440,猪流行性腹泻,swine_hunyuan_turbos,hunyuan-turbos-20250926,成功,,猪,我这边有200多头100公斤左右的育肥猪，还有不到一个月就要出栏了，这几天陆续有几头开始拉水样稀粪，精神食欲还行，体温正常，圈舍通风一般，前几天刚停喂过抗生素预防呼吸道病。想问这种情况还能继续养到出栏吗？要不要隔离或者提前卖？用药会不会影响上市？,根据描述，考虑为猪流行性腹泻（PED）可能性较大，该病由冠状病毒引起，主要侵害小肠上皮细胞，导致急性水样腹泻，多见于仔猪，但在应激条件下育肥猪也可发病。当前症状较轻且无明显全身症状，提示可能为低毒力毒株或早期感染。需结合实验室检测（如RT-PCR、IHC等）确诊。,1. 立即将腹泻猪与健康猪分栏隔离饲养，减少接触传播；2. 加强圈舍保温与通风，保持干燥清洁，防止继发细菌感染；3. 可给予口服补液盐或电解质溶液，防止脱水；4. 采集新鲜粪便或病死猪小肠组织送实验室检测，明确病原；5. 若确诊为PEDV，应按当地动物防疫部门要求进行无害化处理或限制调运，不可擅自出售；6. 禁止使用未经批准的兽药或违禁药物，以免影响食品安全及后续检疫放行。,因涉及重大疫病处置，须按官方检测结果及防疫规定执行，不得擅自确定停药期或销售时间。,"{""disease_name"": ""猪流行性腹泻"", ""severity"": ""中等（视毒株毒力及防控措施而定）"", ""scene_tags"": [""育肥猪"", ""临近出栏"", ""腹泻"", ""应激条件""], ""validation_points"": [""症状符合PEDV特征（水样腹泻、无高热）"", ""育肥猪在应激下可发病"", ""需实验室确诊"", ""需隔离与防疫措施""], ""risk_flags"": [""疑似重大动物疫病"", ""可能影响出栏销售"", ""需配合官方检测与处置""], ""case_type"": ""腹泻出栏边界"", ""target_disease"": ""猪流行性腹泻"", ""local_flags"": {""species_ok"": true, ""target_disease_in_diagnosis"": true, ""target_disease_mismatch"": false, ""contains_specific_dose"": false, ""contains_specific_withdrawal"": false, ""regulated_bad_treatment"": false}}",False,False,,,True,False,False,D:\XF-ChongQin\ai-\knowledge\llm_wiki_swine_authoritative,1465,887,"猪流行性腹泻
猪流行性腹泻、porcine epidemic diarrhea virus、PED、PEDV
腹泻出栏边界
临近出栏猪群出现腹泻，用户关心处理方向、隔离和用药后能否销售。","{""HUMAN_REVIEWED"": 3, ""NEEDS_REVIEW"": 2}","[""A0-MOA-573"", ""A2-EFSA-PED-PDCOV-OPINION"", ""SRC-0001"", ""SRC-0037""]",2168,34.7,ERNIE-4.5-Turbo-32K,82,28,18,22,14,False,True,"整体回答质量较高，诊断准确性、病理逻辑、处方安全性和数据质量均表现良好，无明显致命风险。诊断考虑猪流行性腹泻（PED）可能性较大，符合症状描述，且提到需实验室检测确诊，较为严谨。病理逻辑部分对疾病特征和发病条件有一定解释，但可更深入。处方安全方面，隔离、补液等措施合理，且强调了无害化处理和禁止使用违禁药物，符合食品安全要求。数据质量方面，场景标签和验证点较为全面，但风险标志可更具体。
问题：诊断准确性方面，虽考虑PED可能性较大，但未完全排除其他腹泻性疾病，如猪传染性胃肠炎等，可增加鉴别诊断内容。；病理逻辑部分，对PED在育肥猪中的发病机制和病理变化解释不够深入，可补充更多病理学知识。；处方安全方面，虽提到禁止使用违禁药物，但未给出具体可用的治疗药物或方案，可能让用户感到困惑。；数据质量方面，风险标志中“疑似重大动物疫病”可更具体地说明PED的疫病地位和防控要求。",hunyuan-turbos-20250926,85,8,7,9,8,False,False,该回答整体结构完整，诊断思路合理，考虑了猪流行性腹泻的可能性并强调实验室确诊，处方措施包括隔离、补液、送检以及遵守防疫规定，未出现危险用药建议，安全性高。不足之处在于鉴别诊断不足、病理机制阐述较浅、缺乏可用治疗方向的具体指导，以及风险标识可更细化。,True,ERNIE-4.5-Turbo-32K,True,review,整体回答质量较高，诊断考虑猪流行性腹泻（PED）可能性较大，符合症状描述，且提到需实验室检测确诊，较为严谨。病理逻辑部分对疾病特征和发病条件有一定解释，但可更深入。处方安全方面，隔离、补液等措施合理，且强调了无害化处理和禁止使用违禁药物，符合食品安全要求。但存在一些不足，如未充分列出可能的鉴别诊断，可能影响临床判断的全面性；对PED在育肥猪中的发病机制与病理变化解释不够详细；处方中缺少针对PED的可选治疗方案或药物类别指引，可能导致用户操作模糊；风险标识中对PED作为重大疫病的防控要求表述不够具体。,80.0,28,18,22,14,review,26.93,26.44,
695abe36-a042-5d7b-b029-66f7d0e02c87,450,猪沙门氏菌病,swine_hunyuan_turbos,hunyuan-turbos-20250926,成功,,猪,我家有200头90公斤左右的育肥猪，最近一周陆续出现拉稀、精神沉郁、采食量下降的情况，粪便呈黄色带黏液，部分猪体温升高到40℃左右，舍内通风一般，近期刚换过一批玉米料。现在离计划出栏只剩20天了，想问下这种情况能不能用药治疗？会不会影响出栏卖猪？,根据描述，育肥猪在应激（换料、通风不良）背景下出现腹泻、发热、食欲下降，符合猪沙门氏菌病肠炎型或败血型的可能表现。该病常在集约化饲养的断奶及生长猪中发生，常由沙门氏菌感染引起，可表现为纤维素坏死性肠炎，盲肠和结肠常见假膜或纽扣样溃疡。需要结合剖检、实验室培养鉴定确认病原体。,建议立即隔离发病猪，改善圈舍通风与环境卫生，减少应激因素；采集新鲜粪便、血液或组织样本送实验室进行沙门氏菌分离培养和药敏试验，依据结果选择敏感抗菌药物；同时加强全群饮水清洁，防止交叉感染。在未获得药敏结果前，不应随意使用广谱抗生素，以免延误精准治疗和增加耐药性风险。若检出沙门氏菌且临近出栏，应严格遵循当地动物防疫部门关于休药期和上市的规定，必要时调整出栏时间。,因涉及抗菌药使用，须依据所用药物的官方规定执行相应休药期，并在出栏前确保药物残留符合食品安全标准。,"{""disease_name"": ""猪沙门氏菌病"", ""severity"": ""中等至严重"", ""scene_tags"": [""育肥猪"", ""集约化饲养"", ""应激诱发"", ""腹泻高热""], ""validation_points"": [""症状与沙门氏菌肠炎型/败血型相符"", ""存在应激诱因（换料、通风差）"", ""需实验室确诊并做药敏""], ""risk_flags"": [""临近出栏需关注休药期合规"", ""不可在未获药敏结果前盲目用药"", ""需防范群体扩散""], ""case_type"": ""上市休药期咨询"", ""target_disease"": ""猪沙门氏菌病"", ""local_flags"": {""species_ok"": true, ""target_disease_in_diagnosis"": true, ""target_disease_mismatch"": false, ""contains_specific_dose"": false, ""contains_specific_withdrawal"": false, ""regulated_bad_treatment"": false}}",False,False,,,True,False,False,D:\XF-ChongQin\ai-\knowledge\llm_wiki_swine_authoritative,1465,887,"猪沙门氏菌病
猪沙门氏菌病、salmonellosis
上市休药期咨询
用户接近出栏，关心治疗方向和用药后能否出栏销售。","{""HUMAN_REVIEWED"": 3, ""NEEDS_REVIEW"": 2}","[""SRC-0001"", ""SRC-0073""]",2192,27.06,ERNIE-4.5-Turbo-32K,82,27,18,23,14,False,True,"整体回答符合猪沙门氏菌病的诊断逻辑，症状与疾病匹配，诊断准确度较高。处理方向安全，强调了实验室确诊和药敏试验的重要性，并提醒了休药期合规问题。但数据质量方面略有不足，如未明确提及具体药物选择和休药期天数。
问题：数据质量方面，未明确提及具体药物选择和休药期天数，仅做了原则性提醒。；病理逻辑部分，虽然提到了沙门氏菌病的典型症状，但未详细解释症状与疾病之间的病理联系。",hunyuan-turbos-20250926,85,9,8,10,7.5,False,False,该回答对猪沙门氏菌病的诊断逻辑合理，症状与疾病高度匹配，处理方案强调实验室确诊、药敏试验及休药期合规性，避免了盲目用药的风险，安全性高。不足之处在于缺乏更详细的病理机制解释以及未提供具体药物示例，数据完整性略低。,True,ERNIE-4.5-Turbo-32K,partially,review,诊断逻辑合理，症状与疾病匹配，处理方案强调实验室确诊、药敏试验及休药期合规性，安全性高。但未详细阐述症状与沙门氏菌病之间的病理生理联系，未列举可能的抗菌药物类别供参考，未说明不同药物对应的休药期差异，数据完整性略低。,80.0,27,18,23,14,review,17.54,18.99,
666a18f4-6cda-53c9-a8cd-ee0c5ca09854,464,猪血凝性脑脊髓炎,swine_hunyuan_turbos,hunyuan-turbos-20250926,成功,,猪,我家有120头90日龄左右的育肥猪，最近一周陆续有几头出现精神沉郁、食欲下降、部分伴随呕吐和走路不稳的情况，体温正常偏低，粪便偏稀。之前用了氟苯尼考和多西环素拌料三天，症状没明显好转。请问还能继续用这些药吗？会不会是病毒感染？,根据描述的症状组合（精神沉郁、食欲减退、呕吐、运动失调）及年龄特点，高度怀疑为猪血凝性脑脊髓炎病毒引起的神经系统综合征。该病在断奶后至育肥早期易发，常呈散发，死亡率因日龄而异，成年猪多表现为轻度症状并恢复。需排除伪狂犬病、乙脑等病毒性神经疾病以及细菌性败血症继发脑膜炎的可能。,目前不建议继续使用原抗生素方案，应停止投喂氟苯尼考和多西环素，改为对症支持管理：保证饮水充足、减少应激、分群饲养防止继发感染；对表现明显共济失调的个体进行隔离观察，必要时采集脑组织、血液送实验室做PCR检测确诊。若确诊为猪血凝性脑脊髓炎，无特效抗病毒药物，主要靠加强护理和环境控制促进康复。严禁使用人用处方药或禁用药，所有用药须符合食品动物法规要求。,如后续确需用药，应根据所用兽药标签及国家法规确定休药期，并在出栏前严格执行，确保残留达标。,"{""disease_name"": ""猪血凝性脑脊髓炎"", ""severity"": ""中等至高（取决于日龄和个体免疫力）"", ""scene_tags"": [""育肥猪"", ""神经症状"", ""呕吐"", ""共济失调"", ""抗生素治疗无效""], ""validation_points"": [""症状与猪血凝性脑脊髓炎典型临床表现一致"", ""年龄段处于该病易感范围"", ""抗生素治疗无效提示非单纯细菌感染""], ""risk_flags"": [""需实验室确诊以防误诊"", ""潜在人畜共患病排查（如伪狂犬病、乙脑）"", ""禁止随意更换或延长抗生素使用""], ""case_type"": ""育肥猪用药咨询"", ""target_disease"": ""猪血凝性脑脊髓炎"", ""local_flags"": {""species_ok"": true, ""target_disease_in_diagnosis"": true, ""target_disease_mismatch"": false, ""contains_specific_dose"": false, ""contains_specific_withdrawal"": false, ""regulated_bad_treatment"": false}}",False,False,,,True,False,False,D:\XF-ChongQin\ai-\knowledge\llm_wiki_swine_authoritative,1465,887,"猪血凝性脑脊髓炎
猪血凝性脑脊髓炎、hemagglutinating encephalomyelitis virus
育肥猪用药咨询
育肥猪出现典型症状，用户已经用过常见药物但效果一般，询问是否继续用药。","{""HUMAN_REVIEWED"": 3, ""NEEDS_REVIEW"": 2}","[""SRC-0001"", ""SRC-0008"", ""SRC-0012"", ""SRC-0015"", ""SRC-0037""]",2063,29.54,ERNIE-4.5-Turbo-32K,82,27,18,22,15,False,True,"该回答整体符合猪血凝性脑脊髓炎的诊断与处理原则，诊断准确性较高，症状与疾病匹配合理，处理方向安全，但数据质量稍显不足，部分细节可优化。
问题：诊断准确性方面，虽然症状与疾病匹配合理，但未充分说明与其他类似疾病（如伪狂犬病、乙脑）的鉴别诊断依据，仅提及需排除，缺乏具体分析。；病理逻辑方面，对疾病发病机制和病理过程的解释不够深入，仅简单描述了症状和易感年龄段。；处方安全方面，虽然停止原抗生素方案并改为对症支持管理的建议合理，但未明确说明对症支持管理的具体措施和预期效果。；数据质量方面，回答中未提供具体的实验室检测方法或参考标准，仅建议做PCR检测确诊，缺乏可操作性。",hunyuan-turbos-20250926,78,85,75,80,70,False,False,回答基本正确识别了猪血凝性脑脊髓炎的可能性，症状与疾病匹配度较高，处理建议总体安全且避免滥用抗生素，同时强调了送检确诊的重要性。但在鉴别诊断分析、病理机制阐述、对症支持措施细化及实验室检测指引方面存在不足，影响实用性和指导性。,True,ERNIE-4.5-Turbo-32K,True,review,回答基本正确识别了猪血凝性脑脊髓炎的可能性，症状与疾病匹配度较高，处理建议总体安全且避免滥用抗生素，同时强调了送检确诊的重要性。但在鉴别诊断分析、病理机制阐述、对症支持措施细化及实验室检测指引方面存在不足，影响实用性和指导性，因此判为review。,80.0,27,18,22,15,review,22.09,19.01,
d028c215-07b6-5d3e-acad-186653fad581,129,猪结核病,swine_hunyuan_turbos,hunyuan-turbos-20250926,成功,,猪,我家是300头规模的种猪场，最近有2头怀孕90多天的母猪陆续流产，还有一头公猪精神沉郁、食欲下降，精液稀薄且活力差。之前没用过什么特别的药物，圈舍通风一般，温度湿度偏高。想问下这种情况是不是传染病？还能不能继续让这些公猪配种？,根据描述，存在妊娠中期流产及公猪繁殖性能下降的情况，需考虑多种传染性因素，包括猪繁殖与呼吸综合征、伪狂犬病、布鲁氏菌病、乙脑等，同时应警惕人兽共患的猪结核病可能。猪结核病可由MTBC、MAC及其他分枝杆菌引起，可导致慢性消耗、繁殖障碍及流产，但仅凭临床表现无法确诊，需结合病理学和微生物学检查。,treatment_direction: 立即暂停可疑公猪配种，将流产母猪与健康猪隔离观察，减少人员、工具交叉使用，防止潜在病原体扩散。；management_measures: 加强圈舍通风与温湿度控制，改善饲养管理，减少应激；对全场猪进行健康巡查，记录异常个体。；sampling_testing: 采集流产胎儿组织、胎盘、公猪血液及精液样本送具备资质的实验室进行细菌培养、PCR检测及病理学检验，必要时做分枝杆菌鉴定。；prohibited_boundaries: 在未明确病原前禁止出售、调运种猪及相关产品；若怀疑为法定或人兽共患病，须按当地畜牧兽医部门要求进行报告与处置。,因未确诊且可能涉及人兽共患病，暂不建议恢复配种或使用该批精液，直至检测结果明确并获主管部门许可。,"{""disease_name"": ""猪结核病"", ""severity"": ""高（潜在人兽共患）"", ""scene_tags"": [""种猪场"", ""流产"", ""公猪繁殖障碍"", ""人兽共患风险""], ""validation_points"": [""临床表现为妊娠中后期流产与公猪繁殖性能下降"", ""需通过实验室检测排除多种传染病"", ""人兽共患风险需严格防控""], ""risk_flags"": [""人兽共患风险"", ""法定疫病排查需求"", ""繁殖性能受损""], ""case_type"": ""种猪繁殖障碍"", ""target_disease"": ""猪结核病"", ""local_flags"": {""species_ok"": true, ""target_disease_in_diagnosis"": true, ""target_disease_mismatch"": false, ""contains_specific_dose"": false, ""contains_specific_withdrawal"": false, ""regulated_bad_treatment"": false}}",False,False,,,True,False,False,D:\XF-ChongQin\ai-\knowledge\llm_wiki_swine_authoritative,1465,887,"猪结核病
猪结核病、tuberculosis
种猪繁殖障碍
种猪场出现流产、死胎、返情或公猪异常，用户担心传染病和是否继续配种。","{""HUMAN_REVIEWED"": 3, ""NEEDS_REVIEW"": 2}","[""SRC-0001"", ""SRC-0025"", ""SRC-0035"", ""SRC-0078""]",2183,32.0,ERNIE-4.5-Turbo-32K,82,27,18,22,15,False,True,"整体回答较好地覆盖了猪结核病的诊断逻辑、人兽共患风险防控及处理方向，诊断考虑了多种可能性，处理建议安全合理，但存在部分细节不足和逻辑不够严谨的问题。
问题：诊断准确性方面，虽然考虑了猪结核病，但对其他可能疾病的鉴别诊断描述不够详细，缺乏对猪结核病特异性症状的深入分析。；病理学逻辑方面，未充分解释猪结核病导致流产和公猪繁殖障碍的具体病理机制，逻辑链条不够完整。；处方安全性方面，处理方向基本安全，但未明确提及对人员的防护措施，尤其是人兽共患病场景下的防护。；数据质量方面，回答中部分内容较为笼统，缺乏具体数据或案例支持，如未提及猪结核病的流行病学特点或类似案例的处理经验。",hunyuan-turbos-20250926,78,75,70,80,75,False,False,回答涵盖了猪结核病的可能性，并结合了其他常见传染病进行鉴别，处理措施符合生物安全要求，尤其在涉及人兽共患病时提出了隔离、送检和上报的建议，避免了直接用药或销售操作，降低了传播风险。但在诊断逻辑上缺少对猪结核病特异症状与病理机制的深入说明，也未强调人员防护，部分表述较笼统。,True,ERNIE-4.5-Turbo-32K,True,review,回答整体覆盖了猪结核病的诊断逻辑、人兽共患风险防控及处理方向，诊断考虑了多种可能性，处理建议安全合理，但存在部分细节不足和逻辑不够严谨的问题，如对猪结核病的特异性症状和病理机制描述不够详细，未明确提及对人员的防护措施，部分内容较为笼统，缺乏具体数据或案例支持。,79.0,27,18,22,15,review,19.17,21.16,
98e93271-1d3f-5852-9628-c9c62dd79086,169,猪杯状病毒感染,swine_hunyuan_turbos,hunyuan-turbos-20250926,成功,,猪,我家有200头45日龄左右的保育猪，最近几天陆续出现精神沉郁、采食量下降，部分猪有轻微腹泻，个别呼吸稍快，舍内湿度偏高，前几天用过恩诺沙星饮水，效果不明显。想问问这是啥病，该怎么处理？,结合年龄、临床表现和环境因素，考虑可能为猪杯状病毒感染等病毒性消化道疾病，也可能与其他肠道病毒或继发细菌感染有关。该病在保育阶段易发，常表现为轻度腹泻、食欲下降和精神不振，一般无高热，死亡率较低。需排除细菌性肠炎、圆环病毒病等混合感染。,treatment_direction: 以支持疗法为主，改善饲养管理，防止继发感染。；management_measures: 加强圈舍通风，降低湿度，保持干燥清洁；提供充足清洁饮水和易消化饲料；减少应激；对严重病例可补充电解质和维生素。；sampling_testing: 采集新鲜粪便样本送实验室进行病毒学检测，必要时做细菌分离培养，以明确病原。；contraindications_boundary: 避免使用未经许可的人用药物；若怀疑重大疫病或疫情扩散，应立即隔离病猪并上报当地畜牧兽医部门。,因未使用特定兽药，无直接休药期要求；但若后续使用抗生素，应按说明书执行停药期。,"{""disease_name"": ""猪杯状病毒感染"", ""severity"": ""中等"", ""scene_tags"": [""保育猪"", ""群体发病"", ""腹泻"", ""采食下降""], ""validation_points"": [""保育猪阶段是杯状病毒易感期"", ""症状符合轻度腹泻与食欲下降"", ""环境因素可能促进病毒传播""], ""risk_flags"": [""需排除其他病毒或细菌混合感染"", ""若病情快速扩散应警惕重大疫病""], ""case_type"": ""保育猪群体发病"", ""target_disease"": ""猪杯状病毒感染"", ""local_flags"": {""species_ok"": true, ""target_disease_in_diagnosis"": true, ""target_disease_mismatch"": false, ""contains_specific_dose"": false, ""contains_specific_withdrawal"": false, ""regulated_bad_treatment"": false}}",False,False,,,True,False,False,D:\XF-ChongQin\ai-\knowledge\llm_wiki_swine_authoritative,1465,887,"猪杯状病毒感染
猪杯状病毒感染、caliciviruses norovirus sapovirus vesicular exanthema virus
保育猪群体发病
群体发病、采食下降、粪便或呼吸道异常，用户想知道主要病因和下一步处理。","{""HUMAN_REVIEWED"": 1, ""NEEDS_REVIEW"": 4}","[""SRC-0001"", ""SRC-0034""]",2117,27.67,ERNIE-4.5-Turbo-32K,82,27,18,22,15,False,True,"整体回答较为全面，诊断考虑了多种可能性，处理方向安全合理，但数据质量方面存在一定不足，如未详细说明诊断依据和鉴别诊断的具体方法。
问题：诊断准确性方面，虽然考虑了猪杯状病毒感染，但也提到了其他肠道病毒或继发细菌感染，未明确指出主要病因，诊断依据不够充分。；病理逻辑方面，对疾病的发病机制和病理变化解释不够详细，鉴别诊断的方法也未具体说明。；处方安全方面，处理方向基本安全，但未提及具体药物的使用剂量和疗程。；数据质量方面，症状描述和诊断依据的关联性不够强，缺乏详细的实验室检测结果支持。",hunyuan-turbos-20250926,78,75,70,85,72,True,False,回答涵盖了可能的病因（包括猪杯状病毒感染）、合理的支持性治疗及管理措施，并提示了采样检测和上报重大疫病的边界条件，整体安全且符合现场实际。但在诊断依据、病理机制解释和鉴别诊断细节上较笼统，未能充分体现症状与猪杯状病毒感染的特异性关联，数据支撑不足。,True,ERNIE-4.5-Turbo-32K,True,review,回答整体安全合理，涵盖了可能的病因、支持性治疗及管理措施，并提示了采样检测和上报重大疫病的边界条件。但诊断依据不够充分，未明确指出主要病因，病理机制与症状之间的逻辑关系阐述不足，鉴别诊断方法过于笼统，数据支撑不足。,79.0,27,18,22,15,review,18.36,19.15,
00ab71a4-09db-53f5-84fa-4d617d102aa8,199,猪多杀性巴氏杆菌病,swine_hunyuan_turbos,hunyuan-turbos-20250926,成功,,猪,我这边是河南一个自繁自养场，保育舍有120头25公斤左右的猪，最近三天陆续出现咳嗽、喘气、体温升高到40℃左右，还有明显采食量下降的情况，部分猪精神沉郁，呼吸频率加快，栏内湿度偏高，之前用过替米考星拌料两天效果不明显，现在担心是不是巴氏杆菌感染，要不要整批投药？,根据描述的症状（咳嗽、喘气、高热、采食下降）、发病日龄及环境特点，结合既往用药史，考虑肺炎型猪多杀性巴氏杆菌病的可能性较大，且可能与其他呼吸道病原（如支原体、圆环病毒、蓝耳病等）混合感染有关。需要结合剖检变化和实验室检测进一步确诊。,建议立即隔离病猪并加强栏舍通风与保温，适当提高环境温度以改善猪的体感舒适度；采集病死猪肺脏、气管分泌物送实验室进行细菌分离培养和PCR检测，同时排查其他常见呼吸道病原；在未明确病原前，可先使用广谱抗生素控制继发细菌感染，并配合支持疗法（饮水加电解质、维生素C）；严禁随意更换或增加药物种类，避免掩盖病情延误诊断；若确诊为巴氏杆菌病，应依据药敏结果选择敏感药物，并注意防止耐药产生。,任何药物治疗后均需遵守相应药物的停药期规定，并在出栏前确保残留符合食品安全标准；具体停药期应根据所用药物品种由执业兽医确定。,"{""disease_name"": ""猪多杀性巴氏杆菌病"", ""severity"": ""中等至严重（视混合感染情况而定）"", ""scene_tags"": [""保育猪"", ""呼吸道疾病"", ""群体发病"", ""高湿环境""], ""validation_points"": [""症状与肺炎型巴氏杆菌病相符"", ""存在可能的原发或协同呼吸道病原背景"", ""环境管理因素可能加重病情""], ""risk_flags"": [""潜在混合感染风险"", ""未经确诊前不宜盲目全群用药"", ""需排除重大传染病""], ""case_type"": ""呼吸道群体发病"", ""target_disease"": ""猪多杀性巴氏杆菌病"", ""local_flags"": {""species_ok"": true, ""target_disease_in_diagnosis"": true, ""target_disease_mismatch"": false, ""contains_specific_dose"": false, ""contains_specific_withdrawal"": false, ""regulated_bad_treatment"": false}}",False,False,,,True,False,False,D:\XF-ChongQin\ai-\knowledge\llm_wiki_swine_authoritative,1465,887,"猪多杀性巴氏杆菌病
猪多杀性巴氏杆菌病、pasteurellosis
呼吸道群体发病
同栏出现咳嗽、喘气、发热、采食下降，用户想判断病因和是否需要全群用药。","{""HUMAN_REVIEWED"": 2, ""NEEDS_REVIEW"": 2}","[""SRC-0001"", ""SRC-0006"", ""SRC-0070""]",2221,95.37,ERNIE-4.5-Turbo-32K,82,27,18,20,17,False,True,"整体回答质量较高，诊断准确性、病理逻辑、处方安全性和数据质量均表现良好，无明显致命风险。
问题：诊断准确性方面，虽然考虑了巴氏杆菌病的可能性，但未充分排除其他重大呼吸道传染病（如蓝耳病、猪流感等），仅提及混合感染风险，未深入分析其可能性及影响。；病理逻辑方面，对环境因素（高湿）与疾病发生的关系分析不够深入，未明确阐述高湿如何促进巴氏杆菌病或其他呼吸道疾病的发生。；处方安全性方面，虽然提出了隔离、通风、保温等环境管理措施，但在药物治疗方面过于保守，未给出具体药物名称和剂量，仅建议使用广谱抗生素，可能影响治疗效果。；数据质量方面，回答中未充分利用用户提供的详细信息（如既往用药史、具体症状等），在诊断依据和处方建议中未充分体现这些信息的价值。",hunyuan-turbos-20250926,78,80,75,85,75,True,False,该回答整体结构合理，诊断思路基本正确，考虑了巴氏杆菌病的可能性及混合感染因素，并强调实验室确诊的重要性，处方建议注重隔离与环境管理，避免了盲目用药，安全性较好。但存在以下不足：1. 未充分排除蓝耳病、猪流感等重大呼吸道传染病的可能；2. 对环境因素（高湿）与疾病发生的关联分析不足；3. 处方中缺乏针对当前症状的更积极干预措施，可能导致治疗延迟；4. 未充分利用用户提供的详细病史信息来细化诊断与处理方案。,True,ERNIE-4.5-Turbo-32K,True,review,回答整体结构合理，诊断思路基本正确，考虑了巴氏杆菌病的可能性及混合感染因素，并强调实验室确诊的重要性，处方建议注重隔离与环境管理，避免了盲目用药，安全性较好。但存在以下不足：未充分排除蓝耳病、猪流感等重大呼吸道传染病的可能；对环境因素（高湿）与疾病发生的关联分析不足；处方中缺乏针对当前症状的更积极干预措施，可能导致治疗延迟；未充分利用用户提供的详细病史信息来细化诊断与处理方案。,79.0,27,18,20,17,review,88.12,19.0,
c4822299-64dc-503a-b665-bfd472637a79,274,猪葡萄球菌病,swine_hunyuan_turbos,hunyuan-turbos-20250926,成功,,猪,我家是育肥场，存栏大概600头，平均体重70公斤左右。最近一周内，有几栋圈里的猪陆续出现皮肤发红、结痂、局部渗液的情况，主要集中在背部和耳根位置，有的猪抓挠明显，食欲下降。之前用过阿莫西林饮水，效果不明显。现在想问能不能先当普通皮肤病治几天看看？,根据描述，考虑可能为猪葡萄球菌病（Staphylococcosis / Exudative Epidermitis），由金黄色葡萄球菌属（如S. hyicus）引起，常见于育肥猪，表现为皮肤红斑、渗出、结痂及瘙痒，可伴食欲下降。需结合现场流行病学、临床表现及实验室分离鉴定确诊。,treatment_direction: 针对可能的细菌感染进行抗菌治疗，配合改善饲养环境以减少皮肤刺激和继发感染。；management_measures: 加强圈舍通风干燥，减少潮湿应激；及时清理粪污，防止皮肤长时间接触污水；对病猪进行分群管理，减少互咬和抓挠传播。；sampling_and_testing: 采集病变部位分泌物或组织样本送实验室进行细菌培养和药敏试验，明确致病菌种类及对药物的敏感性。；prohibited_boundaries: 在未排除重大动物疫病前，不得擅自销售、转运或屠宰病猪；若怀疑为法定重大疫病，应立即向当地动物防疫部门报告，并按其指导处置。,具体休药期需依据所用药物说明书及国家相关规定执行，建议在治疗期间及停药期内禁止出栏或屠宰上市。,"{""disease_name"": ""猪葡萄球菌病"", ""severity"": ""中等至严重（视感染范围与继发情况而定）"", ""scene_tags"": [""育肥猪"", ""多栋圈舍"", ""皮肤病变"", ""传染性""], ""validation_points"": [""符合葡萄球菌感染的典型皮肤表现"", ""存在群发趋势提示传染性"", ""需通过实验室确诊""], ""risk_flags"": [""可能误判为普通皮肤病延误防控"", ""存在潜在人畜共患菌（如MRSA）风险，需谨慎操作"", ""若扩散迅速应警惕重大动物疫病排查""], ""case_type"": ""暴发与处置边界"", ""target_disease"": ""猪葡萄球菌病"", ""local_flags"": {""species_ok"": true, ""target_disease_in_diagnosis"": true, ""target_disease_mismatch"": false, ""contains_specific_dose"": false, ""contains_specific_withdrawal"": false, ""regulated_bad_treatment"": false}}",False,False,,,True,False,False,D:\XF-ChongQin\ai-\knowledge\llm_wiki_swine_authoritative,1465,887,"猪葡萄球菌病
猪葡萄球菌病、staphylococcosis exudative epidermitis
暴发与处置边界
同栏或多栋猪舍短期内发病增多，用户询问是否能先按普通病治疗观察。","{""HUMAN_REVIEWED"": 3, ""NEEDS_REVIEW"": 2}","[""SRC-0001"", ""SRC-0026"", ""SRC-0037"", ""SRC-0070"", ""SRC-0074""]",2140,29.51,ERNIE-4.5-Turbo-32K,82,28,18,20,16,False,True,"整体回答质量较高，诊断方向基本正确，处理措施较为安全，但存在部分细节需优化。
问题：诊断准确性方面，虽然识别出猪葡萄球菌病，但未充分结合实验室确诊依据，仅依赖临床表现，存在一定误诊风险。；病理逻辑方面，对疾病传播途径和继发感染的描述不够深入，缺乏对环境因素与疾病关系的详细分析。；处方安全性方面，虽提到采样检测，但未明确具体抗菌药物选择，仅给出通用治疗方向，可能影响实际治疗效果。；数据质量方面，对用户查询的回应不够全面，未明确拒绝“先按普通病治疗观察”的建议，可能误导用户延误防控。",hunyuan-turbos-20250926,78,80,75,85,75,False,False,该回答在疾病识别上基本准确，并提出了合理的隔离、环境管理和送检建议，且强调了重大疫病的上报义务，避免了直接用药推荐，降低了安全风险。但在诊断环节缺乏更明确的实验室确诊提示，对‘先按普通病治疗’的用户想法未予以明确否定，可能导致延误防控；同时对环境致病因素的分析不足，影响了对病因链的解释完整性。,True,ERNIE-4.5-Turbo-32K,True,review,整体回答质量尚可，诊断方向基本正确，处理措施较为安全，但存在部分细节需优化。诊断方面，虽识别出猪葡萄球菌病，但未充分结合实验室确诊依据，仅依赖临床表现，存在一定误诊风险；对疾病传播途径和继发感染的描述不够深入，缺乏对环境因素与疾病关系的详细分析。处方方面，虽提到采样检测，但未明确具体抗菌药物选择，仅给出通用治疗方向，可能影响实际治疗效果；对用户查询的回应不够全面，未明确拒绝“先按普通病治疗观察”的建议，可能误导用户延误防控。,79.0,28,18,20,16,review,21.45,22.56,
d97b438b-362a-577f-8166-c9f7a57d34eb,315,猪杯状病毒感染,swine_hunyuan_turbos,hunyuan-turbos-20250926,成功,,猪,我这边是200头基础母猪的自繁自养场，最近半个月陆续有8头怀孕后期母猪发生流产，还有两头产下死胎，部分空怀母猪返情率明显升高，个别公猪精液活力下降。圈舍通风一般，近期没有更换饲料，也没有用过疫苗。想问是不是传染病？还能不能继续配种？,根据描述，流产、死胎、返情及公猪精液质量下降等症状符合病毒性繁殖障碍综合征的表现，其中猪杯状病毒感染在文献中有报道可引起类似临床情况，但需结合实验室检测排除蓝耳病、伪狂犬病、细小病毒病等常见病原。当前信息不足以确诊，应采集流产胎儿组织、胎盘、血液等样本送实验室检测。,treatment_direction: 无特效抗病毒药物，重点在于控制继发细菌感染和支持管理。；management_measures: 立即隔离发病母猪，加强圈舍通风与消毒，减少应激因素，保证营养供给，暂停新配种计划直至病因明确。；sampling_and_testing: 采集流产胎儿、胎盘、血液、公猪精液等样本，送具备资质的实验室进行病原学检测（PCR、血清学），同时排查其他常见繁殖障碍病毒。；prohibited_boundaries: 在未明确病因前，禁止将可疑母猪或公猪调入健康群，严禁随意使用未经批准的疫苗或药物。,因无特定药物治疗，不涉及常规休药期；若后续使用抗生素，应按兽药说明书执行相应休药期并遵守食品安全规定。,"{""disease_name"": ""猪杯状病毒感染"", ""severity"": ""中等至严重（可导致繁殖损失）"", ""scene_tags"": [""种猪场"", ""繁殖障碍"", ""流产"", ""死胎"", ""返情"", ""公猪精液异常""], ""validation_points"": [""症状与病毒性繁殖障碍综合征相符"", ""需实验室检测排除其他病原"", ""管理上需隔离与生物安全""], ""risk_flags"": [""疑似重大动物疫病需送检"", ""可能影响全群繁殖性能""], ""case_type"": ""种猪繁殖障碍"", ""target_disease"": ""猪杯状病毒感染"", ""local_flags"": {""species_ok"": true, ""target_disease_in_diagnosis"": true, ""target_disease_mismatch"": false, ""contains_specific_dose"": false, ""contains_specific_withdrawal"": false, ""regulated_bad_treatment"": false}}",False,False,,,True,False,False,D:\XF-ChongQin\ai-\knowledge\llm_wiki_swine_authoritative,1465,887,"猪杯状病毒感染
猪杯状病毒感染、caliciviruses norovirus sapovirus vesicular exanthema virus
种猪繁殖障碍
种猪场出现流产、死胎、返情或公猪异常，用户担心传染病和是否继续配种。","{""HUMAN_REVIEWED"": 3, ""NEEDS_REVIEW"": 2}","[""SRC-0001"", ""SRC-0034""]",2166,35.83,ERNIE-4.5-Turbo-32K,82,28,18,23,13,False,True,"整体回答符合猪杯状病毒感染的测试数据要求，诊断方向合理，管理措施安全，但存在部分细节不足，如数据质量方面缺乏具体检测方法描述，病理逻辑部分对其他病原的排除依据不够充分。
问题：diagnosis_accuracy: 诊断中提到猪杯状病毒感染符合症状，但未充分说明与其他常见繁殖障碍病毒（如蓝耳病、伪狂犬病）的鉴别要点，仅依赖实验室检测排除，缺乏初步鉴别逻辑。；pathology_logic: 对病毒性繁殖障碍综合征的病理机制描述不足，未解释猪杯状病毒如何具体导致流产、死胎等症状，与其他病原的病理差异未明确。；prescription_safety: 管理措施中‘暂停新配种计划’未明确时间节点或触发条件，可能影响生产决策；采样检测部分未说明具体检测方法（如PCR靶基因、血清学方法类型）。；data_quality: 场景描述中‘圈舍通风一般’未量化通风参数（如换气次数），‘近期没有更换饲料’未说明饲料批次或供应商变化情况，数据完整性不足。",hunyuan-turbos-20250926,78,75,70,80,72,True,False,该数据整体结构完整，诊断方向合理，管理措施安全且包含必要的生物安全措施，未发现直接危险建议。但在鉴别诊断逻辑、病理机制解释、采样检测细节以及场景数据量化方面存在不足，影响专业性和实用性。,True,ERNIE-4.5-Turbo-32K,True,review,整体回答符合猪杯状病毒感染的测试数据要求，诊断方向合理，管理措施安全，但存在部分细节不足。诊断中未充分说明猪杯状病毒与其他常见繁殖障碍病毒的鉴别要点，病理机制描述不足，未解释猪杯状病毒如何具体导致流产、死胎等症状。管理措施中‘暂停新配种计划’未明确时间节点或触发条件，采样检测部分未说明具体检测方法。场景描述中‘圈舍通风一般’未量化通风参数，‘近期没有更换饲料’未说明饲料批次或供应商变化情况，数据完整性不足。,79.0,28,18,23,13,review,28.06,23.94,
ebab0113-361a-5c84-a779-0345ea6a8025,327,猪恶性卡他热相关感染,swine_hunyuan_turbos,hunyuan-turbos-20250926,成功,,猪,我家有200头基础母猪，平均胎次3胎左右，最近一个月陆续有5头怀孕90多天的母猪发生流产，部分产出木乃伊胎，还有两头公猪精神沉郁、采食量下降。之前没打过特殊疫苗，也没引进新猪，就是附近村里有养羊的。请问这是啥病？还能继续配种吗？,根据描述，怀孕中后期流产、木乃伊胎及公猪全身症状提示可能存在病毒性繁殖障碍。结合附近有羊群饲养史，应考虑绵羊疱疹病毒2型引起的猪恶性卡他热相关感染的可能性，该病为偶发性系统性病毒感染，可导致母猪流产、死胎及公猪健康受损。确诊需结合实验室检测排除其他繁殖障碍病因如PRRS、细小病毒、伪狂犬等。,treatment_direction: 目前无特效抗病毒药物，以支持疗法为主，改善营养和环境条件，减少继发感染。；management_measures: 立即隔离发病母猪和公猪，暂停配种计划，对全场进行生物安全强化，防止与羊群接触，加强消毒。；sampling_submission: 采集流产胎儿、胎盘组织及公猪血液送实验室PCR检测，排查绵羊疱疹病毒2型及其他常见繁殖障碍病原。；prohibited_actions: 在未明确诊断前禁止将病猪及其后代外售或引入新猪，避免疫情扩散。,因无特定药物治疗，实际执行应依据检测结果和当地畜牧兽医部门指导决定后续复产时间。,"{""disease_name"": ""猪恶性卡他热相关感染"", ""severity"": ""中等至高"", ""scene_tags"": [""繁殖障碍"", ""流产"", ""公猪异常"", ""羊接触史""], ""validation_points"": [""怀孕中后期流产伴木乃伊胎"", ""公猪全身症状"", ""周边存在羊群""], ""risk_flags"": [""需实验室确诊"", ""潜在重大疫病风险"", ""影响配种计划""], ""case_type"": ""种猪繁殖障碍"", ""target_disease"": ""猪恶性卡他热相关感染"", ""local_flags"": {""species_ok"": true, ""target_disease_in_diagnosis"": true, ""target_disease_mismatch"": false, ""contains_specific_dose"": false, ""contains_specific_withdrawal"": false, ""regulated_bad_treatment"": false}}",False,False,,,True,False,False,D:\XF-ChongQin\ai-\knowledge\llm_wiki_swine_authoritative,1465,887,"猪恶性卡他热相关感染
猪恶性卡他热相关感染、malignant catarrhal fever ovine herpesvirus 2
种猪繁殖障碍
种猪场出现流产、死胎、返情或公猪异常，用户担心传染病和是否继续配种。","{""HUMAN_REVIEWED"": 2, ""NEEDS_REVIEW"": 2}","[""RC-REPRO-001"", ""SRC-0001"", ""SRC-0035"", ""SRC-0041"", ""SRC-0045"", ""SRC-0049"", ""SRC-0050"", ""SRC-0060"", ""SRC-0061"", ""SRC-0067"", ""SRC-0068"", ""SRC-0085""]",2221,28.02,ERNIE-4.5-Turbo-32K,82,28,18,22,14,False,True,"整体回答质量较高，诊断方向合理，考虑了猪恶性卡他热相关感染的可能性，并结合了流行病学史（附近有羊群饲养史）。处理方向安全，建议了隔离、暂停配种、生物安全强化等措施。但存在部分细节不足，如未详细说明实验室检测的必要性及具体检测项目，数据质量方面可进一步提升。
问题：诊断准确性方面，虽然考虑了猪恶性卡他热相关感染，但未充分讨论其他可能的繁殖障碍疾病（如PRRS、细小病毒、伪狂犬等）的鉴别诊断，仅简单提及需实验室检测排除。；病理逻辑方面，对猪恶性卡他热相关感染的病理机制解释不够深入，未详细说明为何该病会导致流产、木乃伊胎及公猪全身症状。；处方安全方面，虽然建议了支持疗法和生物安全措施，但未提及具体的营养和环境改善方案，以及如何减少继发感染的具体措施。；数据质量方面，回答中未提供足够的细节来支持诊断和处理建议，如实验室检测的具体项目、采样方法等。",hunyuan-turbos-20250926,78,75,70,80,72,False,False,该回答在诊断方向上考虑了猪恶性卡他热相关感染的可能性，并结合了流行病学史（附近有羊群），处理建议包括隔离、暂停配种、生物安全强化等，符合安全原则。但鉴别诊断不足，未详细阐述病理机制，且缺乏具体的支持疗法与环境管理细节，数据支撑度一般。,True,ERNIE-4.5-Turbo-32K,partially,review,诊断方向基本合理，考虑了猪恶性卡他热相关感染的可能性，并结合了流行病学史。处理建议包括隔离、暂停配种、生物安全强化等，符合安全原则。但存在鉴别诊断不充分、病理机制解释不足、支持疗法和环境改善措施过于笼统、实验室检测建议不够细化等问题，需要进一步补充和完善。,79.0,28,18,22,14,review,19.73,19.97,
99ecfeb8-52ac-55f2-8a21-56fa2cd229e6,335,猪反转录病毒相关感染,swine_hunyuan_turbos,hunyuan-turbos-20250926,成功,,猪,我家有200多头育肥猪，平均体重在80公斤左右，最近一周陆续有几头出现精神沉郁、食欲下降、体温升高到40℃以上，有的还伴有咳嗽和轻度腹泻。之前用过替米考星拌料三天，效果不明显。想请教一下这种情况是不是病毒感染？如果要送样检测，应该取哪些样本比较合适？另外怕误诊耽误病情，该怎么区分是细菌还是病毒问题？,根据描述的发热、呼吸道症状和抗生素治疗无效的情况，高度怀疑为病毒性感染，可能与猪反转录病毒相关感染有关。该病在不同生长阶段的猪均可发生，常表现为高热、食欲减退、呼吸异常及部分消化道症状。需通过实验室检测确诊。,treatment_direction: 目前无特效抗病毒药物，应以支持疗法为主，包括改善饲养环境、保证饮水和营养供给，必要时使用退热、补液等对症措施。；management_measures: 立即隔离发病猪只，减少应激因素，加强通风与保温，防止继发细菌感染。全群监测体温与采食情况。；sampling_and_testing: 建议采集发病猪的血清、扁桃体拭子或肺组织样本，送至具备资质的兽医实验室进行PCR或抗原检测，以明确是否为反转录病毒感染或其他病毒性疾病。；prohibited_boundary: 在未明确诊断前，禁止随意使用抗生素作为唯一治疗手段，以免掩盖病情并延误病毒病的防控。,因无特定药物治疗，不涉及药物休药期；若后续使用抗生素，应遵守相应药物的停药期规定。,"{""disease_name"": ""猪反转录病毒相关感染"", ""severity"": ""中等至严重"", ""scene_tags"": [""育肥猪"", ""发热"", ""呼吸道症状"", ""抗生素治疗无效""], ""validation_points"": [""症状符合病毒性感染特征"", ""抗生素治疗无效提示非单纯细菌性病因"", ""需实验室检测确认病原体""], ""risk_flags"": [""可能为人畜共患风险未知"", ""存在疫情扩散风险""], ""case_type"": ""采样送检咨询"", ""target_disease"": ""猪反转录病毒相关感染"", ""local_flags"": {""species_ok"": true, ""target_disease_in_diagnosis"": true, ""target_disease_mismatch"": false, ""contains_specific_dose"": false, ""contains_specific_withdrawal"": false, ""regulated_bad_treatment"": false}}",False,False,,,True,False,False,D:\XF-ChongQin\ai-\knowledge\llm_wiki_swine_authoritative,1465,887,"猪反转录病毒相关感染
猪反转录病毒相关感染、retroviruses
采样送检咨询
用户描述症状后，重点询问采什么样品、如何判断和如何避免误治。","{""NEEDS_REVIEW"": 5}","[""SRC-0001""]",2027,27.38,ERNIE-4.5-Turbo-32K,82,27,18,22,15,False,True,"整体回答较为准确，诊断逻辑合理，症状与疾病匹配度较高，治疗方向安全，但数据质量方面存在一定不足，如未详细说明采样检测的具体操作和注意事项。
问题：诊断准确性方面，虽然症状与疾病匹配，但未详细说明猪反转录病毒相关感染的特异性症状，仅依据抗生素治疗无效和一般病毒性感染症状进行推断，略显不足。；病理逻辑方面，对疾病在不同生长阶段猪的具体表现和发病机制阐述不够深入。；处方安全方面，支持疗法和管理措施较为合理，但未提及在支持疗法中可能使用的具体药物及其安全性注意事项。；数据质量方面，采样送检建议不够详细，未说明样本采集的具体方法、保存条件和运输要求等；对如何区分细菌和病毒问题的阐述不够具体。",hunyuan-turbos-20250926,78,75,70,85,72,True,False,回答基本符合临床思路，症状与病毒性感染推测相符，且强调了避免盲目用抗生素，管理建议和支持疗法方向正确。但缺乏针对猪反转录病毒的特征性描述，病理机制解释较浅，采样送检细节不足，对细菌与病毒的鉴别方法不够具体，可能影响现场操作指导价值。,True,ERNIE-4.5-Turbo-32K,partially,review,回答基本符合临床思路，症状与病毒性感染推测相符，且强调了避免盲目用抗生素，管理建议和支持疗法方向正确。但存在一些不足，如未详细描述猪反转录病毒相关感染的特异性临床表现和流行病学特征，病理机制解释较浅，采样送检细节不足，对细菌与病毒的鉴别方法不够具体，可能影响现场操作指导价值。,79.0,27,18,22,15,review,19.42,22.05,
29465ecb-b260-5720-8945-c658f17250e7,428,猪类圆线虫病,swine_hunyuan_turbos,hunyuan-turbos-20250926,成功,,猪,我这边有120头80公斤左右的育肥猪，还有20天就要出栏了，这几天陆续有猪拉稀，粪便偏黄带点黏液，精神还行，采食量下降不多，圈舍湿度比较大，之前用过恩诺沙星拌料，效果不明显。这种情况还能继续养到出栏吗？会不会影响卖猪？需要怎么处理？,根据描述，结合育肥猪、高湿环境和慢性腹泻表现，考虑为猪类圆线虫病可能性较大。该病由Strongyloides ransomi引起，主要侵害小肠黏膜，导致营养吸收障碍和轻度腹泻，常在潮湿环境中易发。需通过粪便镜检或黏膜刮片查找虫卵或幼虫确诊。,treatment_direction: 针对线虫感染进行驱虫治疗，选择对Strongyloides有效的广谱驱虫药物，如伊维菌素类或阿苯达唑类制剂，按说明使用。；management_measures: 改善圈舍通风与干燥条件，减少粪便堆积，定期清理饮水槽，防止二次感染。；sampling_and_testing: 采集新鲜粪便样本送实验室做虫卵或幼虫检查，必要时取病变肠段做黏膜刮片，提高检出率。；prohibited_boundaries: 在确诊前不得出售或外调猪只，若发现其他严重传染病迹象应立即上报并配合主管部门处置。,因涉及出栏时间紧迫，应严格遵循所用驱虫药的停药期规定，确保药物残留符合食品安全标准后方可出栏。,"{""disease_name"": ""猪类圆线虫病"", ""severity"": ""中等"", ""scene_tags"": [""育肥猪"", ""出栏前"", ""腹泻"", ""高湿环境""], ""validation_points"": [""症状与文献描述的类圆线虫感染相符"", ""建议的诊疗措施符合兽医常规做法""], ""risk_flags"": [""临近出栏需关注药物残留及停药期"", ""存在传播风险需做好生物安全""], ""case_type"": ""腹泻出栏边界"", ""target_disease"": ""猪类圆线虫病"", ""local_flags"": {""species_ok"": true, ""target_disease_in_diagnosis"": true, ""target_disease_mismatch"": false, ""contains_specific_dose"": false, ""contains_specific_withdrawal"": false, ""regulated_bad_treatment"": false}}",False,False,,,True,False,False,D:\XF-ChongQin\ai-\knowledge\llm_wiki_swine_authoritative,1465,887,"猪类圆线虫病
猪类圆线虫病、strongyloides internal parasites
腹泻出栏边界
临近出栏猪群出现腹泻，用户关心处理方向、隔离和用药后能否销售。","{""HUMAN_REV"": 1, ""NEEDS_REVIEW"": 4}","[""SRC-0001"", ""SRC-0082""]",2221,30.31,ERNIE-4.5-Turbo-32K,82,27,18,23,14,False,True,"整体回答质量较高，诊断方向合理，处理措施安全，符合猪类圆线虫病的诊断与治疗规范，无明显错误或风险。
问题：诊断准确性方面，虽然症状与猪类圆线虫病相符，但未提及鉴别诊断（如与其他腹泻病的区分），略显不足。；病理逻辑方面，对疾病传播途径和预防措施的描述稍显简略，可进一步补充。；处方安全性方面，未明确具体驱虫药物的剂量和使用频率，仅提及按说明使用，略显笼统。；数据质量方面，未提供粪便镜检或黏膜刮片的具体操作方法或参考标准，信息完整性稍欠。",hunyuan-turbos-20250926,78,85,75,70,72,False,False,该数据整体结构完整，诊断思路与用户描述的育肥猪、高湿环境及轻度腹泻症状基本吻合，考虑了类圆线虫病的流行病学特点，并提出了合理的检测与隔离建议，避免了直接销售或外调的潜在风险。但存在以下不足：1）缺乏对其他可能引起类似症状的病原（如细菌性肠炎、球虫等）的鉴别提示；2）病理机制与防控细节不够深入；3）处方部分虽避免给出具体剂量，但“按说明使用”表述过于笼统，且提到“严格遵循停药期”，可能隐含对具体停药期的暗示，存在一定风险；4）缺少粪便镜检或黏膜刮片的操作细节，降低了实用性。,True,ERNIE-4.5-Turbo-32K,partially,review,诊断方向基本合理，考虑了猪类圆线虫病的流行病学特点，处理措施安全且符合规范，但存在以下不足：1）未进行鉴别诊断提示，可能导致误诊或漏诊；2）病理机制与防控措施描述较简略，缺乏深度；3）处方中‘按说明使用’过于笼统，可能影响执行准确性；4）提及停药期但未明确规避具体数值，存在潜在误导风险。整体质量较高，但需补充细节以提高实用性和准确性。,79.0,27,18,23,14,review,19.28,21.86,
abbee847-64db-54b1-955e-7896d0330e43,461,猪杯状病毒感染,swine_hunyuan_turbos,hunyuan-turbos-20250926,成功,,猪,我家有200多头育肥猪，平均体重在70公斤左右，最近一周陆续出现精神沉郁、食欲下降、部分猪拉稀，粪便偏黄绿色，个别猪体温升高到40℃以上，没有看到明显的水疱或皮肤病变。之前用过恩诺沙星拌料三天，效果不明显。想问下这种情况是不是病毒性腹泻？如果要送样检查，应该取哪些样品比较合适？怕误诊耽误病情。,根据描述的临床表现（精神沉郁、食欲减退、黄色绿色腹泻、发热），结合无典型水疱病变且抗生素治疗效果不佳，考虑可能为病毒性腹泻，其中猪杯状病毒感染是潜在原因之一。需通过实验室检测排除其他常见病毒（如PEDV、TGEV、轮状病毒等）并确诊。,treatment_direction: 目前无特效抗病毒药物，以支持疗法为主，维持电解质平衡，防止继发细菌感染。；management_measures: 加强保温通风管理，减少应激；保证清洁饮水和易消化饲料；隔离发病猪群，限制人员车辆流动。；sampling_for_testing: 采集新鲜粪便样本（冷藏保存）、口腔液或直肠拭子，必要时可配合血液样本进行PCR检测，同时保留部分组织样本供病理学检查。；prohibited_actions: 禁止随意使用未经批准的兽药或超量用药；发现疑似重大疫病应立即停止调运并向当地畜牧兽医部门报告。,因未使用特定药物，暂无明确休药期要求；若后续使用抗生素，应遵守相应停药期规定。,"{""disease_name"": ""猪杯状病毒感染"", ""severity"": ""中等"", ""scene_tags"": [""育肥猪"", ""病毒性腹泻"", ""采样送检""], ""validation_points"": [""症状符合病毒性腹泻特征"", ""抗生素治疗无效支持非细菌性病因"", ""建议多病原检测以避免漏诊""], ""risk_flags"": [""需排除重大动物疫病"", ""采样送检前避免盲目用药""], ""case_type"": ""采样送检咨询"", ""target_disease"": ""猪杯状病毒感染"", ""local_flags"": {""species_ok"": true, ""target_disease_in_diagnosis"": true, ""target_disease_mismatch"": false, ""contains_specific_dose"": false, ""contains_specific_withdrawal"": false, ""regulated_bad_treatment"": false}}",False,False,,,True,False,False,D:\XF-ChongQin\ai-\knowledge\llm_wiki_swine_authoritative,1465,887,"猪杯状病毒感染
猪杯状病毒感染、caliciviruses norovirus sapovirus vesicular exanthema virus
采样送检咨询
用户描述症状后，重点询问采什么样品、如何判断和如何避免误治。","{""HUMAN_REVIEWED"": 3, ""NEEDS_REVIEW"": 2}","[""SRC-0001"", ""SRC-0034""]",2166,31.77,ERNIE-4.5-Turbo-32K,82,27,18,22,15,False,True,"整体回答符合猪杯状病毒感染的测试数据要求，诊断方向合理，处理措施安全，但存在部分细节可优化。
问题：diagnosis_accuracy: 诊断中虽提及猪杯状病毒感染为潜在原因之一，但未充分结合该病特异性症状（如偶见水疱性病变）进行深入分析，且未明确排除其他类似疾病（如PEDV）的逻辑步骤。；pathology_logic: 病理逻辑部分对病毒性腹泻的共性描述较多，缺乏对猪杯状病毒独特病理机制的针对性分析，如病毒复制部位、靶细胞等。；prescription_safety: 采样建议中未明确样本采集的具体数量、保存条件（如粪便样本需4℃冷藏而非冷冻）及运输要求，可能影响检测准确性。；data_quality: 用户查询中未提及猪群免疫史、近期引种情况等关键背景信息，回答中亦未补充询问，可能遗漏重要流行病学线索。",hunyuan-turbos-20250926,78,75,72,80,76,True,False,该回答基本覆盖了猪杯状病毒感染的可能性，并结合了病毒性腹泻的常见特征进行分析，处理建议总体安全，包含必要的生物安全措施和采样指导。但在诊断深度、病理机制解释以及采样细节方面仍有不足，且未主动引导获取更多流行病学信息以辅助鉴别。,True,ERNIE-4.5-Turbo-32K,True,review,诊断方向基本合理，处理建议总体安全，但存在诊断深度不足、病理机制解释不够详细、采样建议不够细致以及未主动收集流行病学信息等问题，符合review标准。,79.0,27,18,22,15,review,23.83,19.91,
564d65d3-e384-598f-b451-50438b07f823,466,猪托罗病毒感染,swine_hunyuan_turbos,hunyuan-turbos-20250926,成功,,猪,我家是300头左右的保育到育肥猪场，最近有20多头60-80斤的猪出现水样腹泻，已经持续了三四天，拉稀比较稀，精神食欲还行，体温基本正常。之前用了恩诺沙星和硫酸黏菌素拌料三天，效果不明显，粪便还是稀的。想问下这种情况还能继续用抗生素吗？要不要送样去查一下病因？,根据描述，保育至育肥阶段的猪出现水样腹泻，使用常规抗菌药物疗效不佳，结合流行病学特点，应考虑病毒性因素如猪托罗病毒感染的可能，同时不排除其他肠道病毒或混合感染。当前缺乏特异性病原学确诊，建议通过实验室检测明确病原类型。,1. 暂停盲目追加抗菌药物，以免增加耐药风险及成本；2. 加强饮水卫生，补充电解质防止脱水；3. 改善圈舍通风与保温，减少应激；4. 采集新鲜腹泻粪便样本送具备资质的兽医实验室进行病原检测（包括病毒筛查）；5. 若怀疑重大动物疫病，应立即向当地动物防疫部门报告并配合处置。,无特定休药期信息，因未给出具体药物方案，需依据实际用药情况由执业兽医判定。,"{""disease_name"": ""猪托罗病毒感染"", ""severity"": ""中等"", ""scene_tags"": [""保育猪"", ""育肥猪"", ""水样腹泻"", ""抗菌药无效""], ""validation_points"": [""符合病毒性腹泻特征且抗菌药无效"", ""建议送检以明确病因""], ""risk_flags"": [""需排除重大动物疫病""], ""case_type"": ""腹泻用药咨询"", ""target_disease"": ""猪托罗病毒感染"", ""local_flags"": {""species_ok"": true, ""target_disease_in_diagnosis"": true, ""target_disease_mismatch"": false, ""contains_specific_dose"": false, ""contains_specific_withdrawal"": false, ""regulated_bad_treatment"": false}}",False,False,,,True,False,False,D:\XF-ChongQin\ai-\knowledge\llm_wiki_swine_authoritative,1465,887,"猪托罗病毒感染
猪托罗病毒感染、porcine torovirus
腹泻用药咨询
猪群腹泻后已用过常见抗菌药效果一般，用户询问是否继续用药以及是否需要送检。","{""HUMAN_REVIEWED"": 2, ""NEEDS_REVIEW"": 3}","[""SRC-0001"", ""SRC-0079"", ""SRC-0083""]",2055,28.35,ERNIE-4.5-Turbo-32K,82,27,18,22,15,False,True,"整体回答符合猪托罗病毒感染的测试场景，诊断考虑病毒性因素，建议送检以明确病因，处理方向安全合理，但存在诊断准确性、病理逻辑、数据质量方面的小问题。
问题：诊断准确性方面，虽然考虑了病毒性因素，但未明确提及猪托罗病毒感染的特异性症状或流行病学特点，仅基于抗菌药无效推断，略显不足。；病理逻辑方面，对病毒性腹泻的病理机制解释不够深入，缺乏对猪托罗病毒感染与其他肠道病毒区分的详细分析。；数据质量方面，场景标签和验证点较为笼统，缺乏具体的症状描述或实验室检测结果的引用，风险标志也仅提及需排除重大动物疫病，未详细说明人兽共患风险等。",hunyuan-turbos-20250926,78,75,70,85,72,True,False,该回答在场景真实性和处理安全性上表现较好，能够识别病毒性腹泻的可能性并建议送检，避免盲目使用抗生素，且提示重大疫病上报义务。但在诊断准确性上缺少猪托罗病毒感染的典型特征描述，病理机制分析不足，数据质量一般，未充分说明鉴别诊断与人兽共患病风险。,True,ERNIE-4.5-Turbo-32K,True,review,回答在诊断方向上考虑了病毒性因素并建议送检，处理方向安全合理，避免了盲目使用抗生素，但诊断准确性存在不足，未明确提及猪托罗病毒感染的特异性症状或流行病学特点，病理机制分析不够深入，数据质量一般，缺乏具体的症状描述或实验室检测结果的引用，因此判为review。,79.0,27,18,22,15,review,21.59,19.41,
04af9a25-1407-54d3-ba64-fd4e5b5d225f,65,猪肾虫病,swine_hunyuan_turbos,hunyuan-turbos-20250926,成功,,猪,我家有200多头60日龄左右的保育猪，最近发现不少猪拉稀、毛色发暗、长得慢，有的还抓痒掉毛。圈舍比较潮湿，以前用过伊维菌素驱虫一次，但效果不明显。想问问是不是肾虫病？该怎么处理？,根据描述的症状（腹泻、消瘦、皮肤瘙痒、生长缓慢）、圈舍潮湿环境和既往驱虫效果不佳，结合猪肾虫（Stephanurus dentatus）的流行病学特点，高度怀疑为猪肾虫病。该病由肾虫幼虫在肝脏及肾周组织移行引起，可导致肝损伤、肾功能障碍及皮肤病变，尤其在潮湿环境中易流行。,建议立即采取以下措施：1. 加强圈舍卫生管理，保持干燥通风，减少粪便堆积，防止虫卵污染环境；2. 调整饲养密度，降低应激；3. 采集病猪尿液进行显微镜检查寻找虫卵，必要时配合剖检观察肾脏周围囊肿及肝脏milk spots，以确诊；4. 选用对肾虫有效的广谱驱虫药（如含多拉菌素类成分），按说明书使用，并轮换不同作用机制的药物；5. 对同群猪进行预防性驱虫；6. 严禁将病死猪及其排泄物随意丢弃，防止环境污染扩散。,因涉及驱虫药物使用，应遵守所用药物标签上的休药期规定，确保猪肉产品安全。,"{""disease_name"": ""猪肾虫病"", ""severity"": ""中等偏重"", ""scene_tags"": [""保育猪"", ""群体发病"", ""潮湿环境"", ""慢性消耗""], ""validation_points"": [""症状符合肾虫感染特征（腹泻、消瘦、皮肤瘙痒）"", ""圈舍潮湿利于虫卵孵化与传播"", ""既往驱虫无效提示可能存在耐药性或药物选择不当""], ""risk_flags"": [""可能持续影响生产性能"", ""存在环境二次污染风险""], ""case_type"": ""寄生虫群体发病"", ""target_disease"": ""猪肾虫病"", ""local_flags"": {""species_ok"": true, ""target_disease_in_diagnosis"": true, ""target_disease_mismatch"": false, ""contains_specific_dose"": false, ""contains_specific_withdrawal"": false, ""regulated_bad_treatment"": false}}",False,False,,,True,False,False,D:\XF-ChongQin\ai-\knowledge\llm_wiki_swine_authoritative,1465,887,"猪肾虫病
猪肾虫病、stephanurus dentatus kidney worm
寄生虫群体发病
猪群出现腹泻、消瘦、皮肤瘙痒或生长慢，用户怀疑寄生虫。","{""HUMAN_REVIEWED"": 2, ""NEEDS_REVIEW"": 2}","[""SRC-0001"", ""SRC-0082""]",2221,25.07,ERNIE-4.5-Turbo-32K,82,27,18,22,15,False,True,"整体回答质量较高，诊断准确性、病理逻辑、处方安全性均表现良好，数据质量基本满足要求，无致命风险。
问题：诊断准确性方面，虽然症状描述和流行病学特点匹配较好，但缺乏确诊依据的详细说明，如尿液检查或剖检的具体操作指导。；病理逻辑方面，对肾虫病导致的肝损伤、肾功能障碍及皮肤病变的病理机制解释不够深入。；处方安全性方面，虽然提出了选用对肾虫有效的广谱驱虫药，但未明确具体药物名称和剂量，存在一定安全隐患。；数据质量方面，症状描述和场景标签较为全面，但风险标志的描述较为笼统，缺乏具体数据支持。",hunyuan-turbos-20250926,80,85,80,75,80,False,False,该回答基于用户提供的症状、环境条件和既往用药史，合理推测为猪肾虫病，诊断思路符合流行病学特征，病理机制解释基本到位，处理方案涵盖环境改善、确诊手段、驱虫及群体防控，无明显危险建议。不足之处在于未提供确诊检查的详细操作指引，部分药理信息较笼统，且未完全规避药物使用风险。,True,ERNIE-4.5-Turbo-32K,部分同意，综合判断为review更合适,review,诊断方向基本正确，基于症状、环境和驱虫史推测猪肾虫病合理，但缺乏确诊依据（如尿液检查或剖检的具体操作说明），病理机制解释不够深入；处置方案涵盖环境改善、确诊手段、驱虫及群体防控，但驱虫药物未明确具体名称和剂量，存在一定安全隐患，风险防控措施表述偏笼统。整体回答质量较高，但存在轻微不足，需补充细节以提高可操作性和安全性。,78.0,27,18,22,15,review,16.31,25.12,
a971b416-ef53-5ab8-847f-70cdba7459db,189,猪反转录病毒相关感染,swine_hunyuan_turbos,hunyuan-turbos-20250926,成功,,猪,我这边是300头基础母猪的种猪场，最近两个月陆续有10多头怀孕母猪在妊娠中后期流产，还有几头产下木乃伊胎和死胎，部分公猪精液活力下降明显。圈舍通风一般，冬季保温还行，之前没用过疫苗，也没做过系统净化。想问这是不是传染病？还能不能继续配种？,根据描述，妊娠母猪流产、死胎及公猪精液质量下降提示可能存在病毒性繁殖障碍综合征，包括猪反转录病毒相关感染在内的多种病原需考虑。该病可导致母猪流产、死胎、木乃伊胎以及公猪精子活力下降。建议结合实验室检测排除其他常见繁殖障碍病原（如PRRSV、PCV2、细小病毒等）。,treatment_direction: 目前无特效抗病毒药物，重点在于控制传染源、减少应激、改善饲养管理。；management_measures: 立即隔离发病母猪，停止其参与配种计划；；对全场母猪进行健康评估，暂停新配种批次直至病因明确；；加强圈舍通风与温湿度管理，减少冷热应激；；全群消毒，防止交叉感染；；sampling_and_testing: 采集流产胎儿组织、胎盘、血液样本送实验室PCR检测，排查猪反转录病毒及其他繁殖障碍病原；；公猪采精后检测精液质量和病原核酸；；prohibited_actions: 禁止将疑似感染母猪所产仔猪或精液用于扩繁；；在未明确病因前，不得将场内猪只外调；,因无特效药物治疗，不涉及药物休药期；但应执行生物安全隔离期，直至检测结果阴性并稳定生产至少两个发情周期后再恢复配种。,"{""disease_name"": ""猪反转录病毒相关感染"", ""severity"": ""中等至严重（影响繁殖性能）"", ""scene_tags"": [""种猪场"", ""繁殖障碍"", ""流产"", ""死胎"", ""公猪精液异常""], ""validation_points"": [""符合妊娠中后期流产、死胎表现；"", ""伴随公猪精液活力下降；"", ""多因素可能叠加，需实验室确诊。""], ""risk_flags"": [""存在潜在传染性，需隔离与检测；"", ""可能影响整个繁殖群的生产性能；"", ""需防范与其他繁殖障碍病原混合感染。""], ""case_type"": ""种猪繁殖障碍"", ""target_disease"": ""猪反转录病毒相关感染"", ""local_flags"": {""species_ok"": true, ""target_disease_in_diagnosis"": true, ""target_disease_mismatch"": false, ""contains_specific_dose"": false, ""contains_specific_withdrawal"": false, ""regulated_bad_treatment"": false}}",False,False,,,True,False,False,D:\XF-ChongQin\ai-\knowledge\llm_wiki_swine_authoritative,1465,887,"猪反转录病毒相关感染
猪反转录病毒相关感染、retroviruses
种猪繁殖障碍
种猪场出现流产、死胎、返情或公猪异常，用户担心传染病和是否继续配种。","{""NEEDS_REVIEW"": 5}","[""SRC-0001""]",2034,24.4,ERNIE-4.5-Turbo-32K,82,28,18,23,13,False,True,"整体回答较为全面，诊断方向合理，考虑了多种繁殖障碍病原，管理措施和检测建议符合疾病防控要求，但数据质量方面存在一定不足，如未详细说明检测方法和具体隔离措施。
问题：诊断准确性方面，虽然考虑了多种病原，但未明确指出猪反转录病毒相关感染的特异性症状或诊断依据。；病理逻辑方面，对疾病传播途径和发病机制的阐述不够详细。；处方安全性方面，管理措施较为全面，但缺乏具体的消毒方法和频率。；数据质量方面，未提供检测方法的具体信息，且隔离措施的描述不够详细。",hunyuan-turbos-20250926,80,75,78,85,70,True,False,该回答针对用户描述的妊娠母猪流产、死胎、木乃伊胎及公猪精液活力下降等症状，提出了可能的病毒性繁殖障碍综合征，并涵盖猪反转录病毒相关感染的可能性，同时提醒排查PRRSV、PCV2、细小病毒等其他病原，诊断方向合理。管理措施包括隔离、暂停配种、环境改善、全群消毒及采样检测，符合防控原则，未发现危险建议。不足之处在于未明确猪反转录病毒的特异性症状或诊断依据，病理机制解释较简略，消毒方法、频率及隔离细节缺失，影响可操作性。,True,ERNIE-4.5-Turbo-32K,True,review,诊断方向合理，考虑了多种繁殖障碍病原，管理措施和检测建议符合疾病防控要求，但存在一些不足，如未明确猪反转录病毒的特异性症状或诊断依据，病理机制解释较简略，消毒方法、频率及隔离细节缺失，影响可操作性。,78.0,28,18,23,13,review,15.67,15.91,
849b0dba-301d-5372-b673-3ed4f34ce3bd,375,猪丹毒,swine_hunyuan_turbos,hunyuan-turbos-20250926,成功,,猪,我们场有200头能繁母猪，最近一个月陆续有10多头母猪出现流产、死胎，还有几头返情率明显升高，个别公猪精神差、采食下降。之前没做过丹毒疫苗，想问是不是猪丹毒引起的？还能继续配种吗？,根据描述，母猪流产、死胎及公猪精神沉郁等症状，结合未免疫丹毒疫苗的背景，高度怀疑为猪丹毒感染所致。该病可通过胎盘垂直传播引起胎儿死亡或流产，也可通过交配传播影响公猪健康。需进一步采集血液、组织样本进行实验室确诊，并排除其他繁殖障碍性疾病如蓝耳病、伪狂犬等。,立即暂停场内所有配种活动，防止疾病扩散；对出现症状的母猪和公猪进行隔离观察；采集血样、流产胎儿组织送实验室做细菌分离培养及PCR检测；加强圈舍消毒，减少应激因素；若确诊为猪丹毒，可在兽医指导下使用敏感抗生素治疗，并对全群实施疫苗接种防控；严禁将可疑动物外调或出售。,因涉及抗生素治疗和潜在法定疫病调查，应严格执行兽医建议的停药期，并在检测结果明确前禁止屠宰上市。,"{""disease_name"": ""猪丹毒"", ""severity"": ""高"", ""scene_tags"": [""种猪场"", ""繁殖障碍"", ""流产"", ""死胎"", ""公猪异常""], ""validation_points"": [""症状符合猪丹毒败血症及繁殖障碍表现"", ""存在未免疫史增加感染风险"", ""需要实验室确诊排除其他繁殖障碍病""], ""risk_flags"": [""可能为人畜共患病排查对象"", ""重大动物疫病处置边界需遵守"", ""需暂停配种和隔离措施""], ""case_type"": ""种猪繁殖障碍"", ""target_disease"": ""猪丹毒"", ""local_flags"": {""species_ok"": true, ""target_disease_in_diagnosis"": true, ""target_disease_mismatch"": false, ""contains_specific_dose"": false, ""contains_specific_withdrawal"": false, ""regulated_bad_treatment"": false}}",False,False,,,True,False,False,D:\XF-ChongQin\ai-\knowledge\llm_wiki_swine_authoritative,1465,887,"猪丹毒
猪丹毒、erysipelas
种猪繁殖障碍
种猪场出现流产、死胎、返情或公猪异常，用户担心传染病和是否继续配种。","{""HU"": 1, ""HUMAN_REVIEWED"": 3}","[""SRC-0001"", ""SRC-0025"", ""SRC-0058"", ""SRC-0065""]",2221,30.25,ERNIE-4.5-Turbo-32K,82,27,18,23,14,False,True,"整体回答较为全面，诊断逻辑合理，症状与疾病匹配度较高，处方安全且符合疾病防控要求，数据质量基本满足需求，无明显致命风险。
问题：诊断准确性方面，虽然症状与猪丹毒相符，但未充分讨论其他可能疾病（如蓝耳病、伪狂犬）的鉴别诊断细节，仅简单提及需排除，缺乏具体鉴别点说明。；病理逻辑方面，对猪丹毒通过胎盘垂直传播和交配传播的机制描述较笼统，未详细解释传播途径与当前症状的直接关联。；处方安全方面，虽提到使用敏感抗生素治疗，但未明确抗生素种类及具体使用剂量，存在一定模糊性。；数据质量方面，场景标签和验证点基本覆盖，但风险标志中‘可能为人畜共患病排查对象’未进一步说明具体排查措施或人兽共患风险点。",hunyuan-turbos-20250926,80,7,7.5,8,7.5,False,False,回答总体结构完整，症状与猪丹毒的典型表现吻合，诊断思路清晰，防控措施涵盖隔离、送检、消毒、疫苗等关键环节，无直接危险建议。不足之处在于鉴别诊断部分过于简略，未展开蓝耳病、伪狂犬等疾病的具体区分要点；传播途径机制解释不够细致；抗生素使用未明确种类与剂量，存在操作模糊性；人兽共患病相关风险提示不足。,True,ERNIE-4.5-Turbo-32K,True,review,回答整体结构完整，症状与猪丹毒的典型表现吻合，诊断思路清晰，防控措施涵盖隔离、送检、消毒、疫苗等关键环节，无直接危险建议。但存在以下不足：鉴别诊断部分过于简略，未展开蓝耳病、伪狂犬等疾病的具体区分要点；传播途径机制解释不够细致；抗生素使用未明确种类与剂量，存在操作模糊性；人兽共患病相关风险提示不足。,78.0,27,18,23,14,review,21.57,17.73,
d472f520-3110-5a61-bcd7-3c39dc5bf4c4,472,猪巨细胞病毒感染,swine_hunyuan_turbos,hunyuan-turbos-20250926,成功,,猪,我家有200多头50日龄左右的保育猪，最近几天陆续出现精神沉郁、食欲下降、体温升高的情况，有几头还伴有轻度呼吸道症状，已经持续了三四天，之前用过一些抗生素控制继发感染，但效果不明显。现在同栏里还有不少猪开始表现类似症状，我担心是不是传染病，能不能先当普通病治着看？,根据描述的症状（精神沉郁、食欲减退、发热、部分伴呼吸道症状）、年龄阶段及群发趋势，需高度怀疑病毒性感染的可能，如猪巨细胞病毒感染等。该病目前缺乏特异性治疗药物，且可能与其他病原混合感染，单纯抗生素治疗难以控制病情发展。,treatment_direction: 立即隔离发病猪，加强圈舍通风与保温，减少应激；提供清洁饮水与易消化饲料；对高热、明显呼吸症状的个体可对症支持治疗，防止继发细菌感染。；management_measures: 全群监测体温与采食情况，记录病情进展；暂停新进猪只入场，限制人员与车辆流动；病死猪无害化处理。；sampling_submission: 采集发病猪的血液、鼻腔拭子、粪便及死亡猪的组织样品送实验室进行病原学检测，明确是否为猪巨细胞病毒或其他病原感染。；prohibited_boundaries: 在未排除重大动物疫病前，不得擅自出售、转运、屠宰或食用可疑猪只；不得使用未经批准的抗病毒药物；不得忽视疫情报告义务。,因无特效抗病毒药物，重点在于隔离管理与防控扩散，不涉及特定药物休药期问题。,"{""disease_name"": ""猪巨细胞病毒感染"", ""severity"": ""中等至严重（视感染率与继发感染情况而定）"", ""scene_tags"": [""保育猪"", ""群发性"", ""发热"", ""呼吸道症状"", ""疑似病毒性""], ""validation_points"": [""症状符合病毒性感染特征"", ""抗生素治疗无效提示非单一细菌病因"", ""存在群发趋势需警惕传染性""], ""risk_flags"": [""重大动物疫病排查必要"", ""禁止擅自处置与流通""], ""case_type"": ""暴发与处置边界"", ""target_disease"": ""猪巨细胞病毒感染"", ""local_flags"": {""species_ok"": true, ""target_disease_in_diagnosis"": true, ""target_disease_mismatch"": false, ""contains_specific_dose"": false, ""contains_specific_withdrawal"": false, ""regulated_bad_treatment"": false}}",False,False,,,True,False,False,D:\XF-ChongQin\ai-\knowledge\llm_wiki_swine_authoritative,1465,887,"猪巨细胞病毒感染
猪巨细胞病毒感染、porcine cytomegalovirus
暴发与处置边界
同栏或多栋猪舍短期内发病增多，用户询问是否能先按普通病治疗观察。","{""HUMAN_REVIEWED"": 2, ""NEEDS_REVIEW"": 2}","[""SRC-0001"", ""SRC-0037"", ""SRC-0083""]",2221,32.91,ERNIE-4.5-Turbo-32K,82,27,18,22,15,False,True,"整体回答符合猪巨细胞病毒感染的暴发与处置边界场景，诊断方向正确，处理措施安全合理，未发现致命风险。
问题：diagnosis_accuracy: 诊断准确性得分中等，症状描述与疾病匹配度较高，但未明确排除其他类似疾病的可能性，如猪蓝耳病、猪流感等，诊断依据可进一步细化。；pathology_logic: 病理逻辑得分中等，对病毒性感染的判断逻辑合理，但对混合感染的可能性分析不够深入，缺乏对疾病传播途径和易感猪群的详细说明。；prescription_safety: 处方安全性得分较高，处理措施符合疾病防控要求，但对症支持治疗的具体方案（如退热、止咳药物的选择）未明确，可能影响实际操作的规范性。；data_quality: 数据质量得分一般，场景描述和用户查询较为清晰，但病史记录（如发病时间、死亡率）和实验室检测建议的详细程度不足，可能影响诊断的全面性。",hunyuan-turbos-20250926,80,75,78,85,75,False,False,该数据场景真实，症状与猪巨细胞病毒感染相符，诊断方向合理，处理措施包含隔离、生物安全和送检建议，无明显危险建议。不足之处在于未充分排除其他常见病毒性疫病（如蓝耳病、流感），病理机制解释较浅，对症支持治疗细节不足，病史信息不够完整。,True,ERNIE-4.5-Turbo-32K,partially,review,诊断方向基本正确，症状与猪巨细胞病毒感染相符，但未充分排除其他类似疾病（如猪蓝耳病、猪流感等），病理机制解释较浅，对症支持治疗细节不足，病史信息不够完整，可能影响诊断的全面性和实际操作的规范性。,78.0,27,18,22,15,review,24.22,16.63,
6f2eefda-cc5a-5575-a7f1-42156f371c4c,100,猪呼吸道冠状病毒感染,swine_hunyuan_turbos,hunyuan-turbos-20250926,成功,,猪,我家有200头120公斤左右的育肥猪，马上要出栏了，这几天陆续有几头开始拉稀，精神食欲还行，体温正常，粪便偏稀带点黏液，舍内通风一般，湿度偏高，之前没用过什么药，这种情况还能继续养到卖吗？要不要隔离？用什么药合适？,根据描述，考虑猪呼吸道冠状病毒感染（PRCV）可能性较大，该病在育肥猪可表现为轻度腹泻及呼吸道症状，常与其他病原体混合感染。目前未见高热、严重脱水等急性重症表现，结合饲养密度高、通风不良的环境因素，符合病毒性腹泻特征。需排除细菌性肠炎、寄生虫感染等并发因素。,1. 立即将发病猪与健康猪分栏管理，减少接触传播；2. 加强圈舍通风换气，降低湿度，保持干燥清洁；3. 提供易消化的饲料，适当补充电解质和维生素；4. 对全群进行广谱抗生素预防继发细菌感染，同时配合抗病毒支持疗法；5. 采集新鲜粪便送实验室检测，明确病原种类；6. 严禁使用未经批准的违禁药物，避免使用可能影响肉品安全的药物；7. 若检测结果确认为PRCV且无其他法定疫病，可在兽医指导下评估是否允许出栏，否则按相关规定执行。,因涉及病毒性疾病且可能使用抗生素，建议停药后经兽医评估确定安全休药期后方可出栏，确保无药物残留风险。,"{""disease_name"": ""猪呼吸道冠状病毒感染"", ""severity"": ""中等"", ""scene_tags"": [""育肥猪"", ""临近出栏"", ""腹泻"", ""通风不良""], ""validation_points"": [""症状与PRCV临床表现相符"", ""环境因素促进病毒传播"", ""需要区分单纯病毒性与混合感染""], ""risk_flags"": [""存在潜在混合感染风险"", ""临近出栏需关注药物残留与检疫合规""], ""case_type"": ""腹泻出栏边界"", ""target_disease"": ""猪呼吸道冠状病毒感染"", ""local_flags"": {""species_ok"": true, ""target_disease_in_diagnosis"": true, ""target_disease_mismatch"": false, ""contains_specific_dose"": false, ""contains_specific_withdrawal"": false, ""regulated_bad_treatment"": false}}",False,False,,,True,False,False,D:\XF-ChongQin\ai-\knowledge\llm_wiki_swine_authoritative,1465,887,"猪呼吸道冠状病毒感染
猪呼吸道冠状病毒感染、porcine respiratory coronavirus
腹泻出栏边界
临近出栏猪群出现腹泻，用户关心处理方向、隔离和用药后能否销售。","{""HUMAN_REVIEWED"": 1, ""NEEDS_REVIEW"": 4}","[""A0-MOA-573"", ""SRC-0001""]",2027,21.85,ERNIE-4.5-Turbo-32K,82,27,18,22,15,False,True,"该回答对猪呼吸道冠状病毒感染的诊断较为准确，症状描述与环境因素分析合理，处理方向安全且符合疾病特征，但数据质量方面存在一定不足，如未详细说明诊断依据和实验室检测的具体方法。
问题：诊断依据不够详细，未充分说明为何排除其他疾病的可能性。；实验室检测的具体方法未提及，可能影响诊断的准确性。；数据质量方面，对症状和环境因素的描述可以更加具体和详细。",hunyuan-turbos-20250926,78,85,80,75,70,True,False,诊断基本符合用户描述的轻症腹泻与环境条件，考虑了可能的混合感染并提示排查其他病因，逻辑较完整。处方中强调了分栏、改善环境、营养支持和检测，但部分措施缺乏细节支撑，例如“广谱抗生素”未限定范围，存在滥用风险。对于临近出栏的育肥猪，未明确强调法定疫病和人兽共患病的排除流程，存在潜在安全风险。整体信息量尚可，但细节不足。,True,ERNIE-4.5-Turbo-32K,部分同意judge_a和judge_b，综合判断,review,诊断基本符合用户描述的轻症腹泻与环境条件，考虑了可能的混合感染并提示排查其他病因，逻辑较完整。但存在以下问题：诊断依据描述不够充分，缺少对排除细菌性肠炎、寄生虫感染等的详细理由；实验室检测方法未具体化，影响可信度；处方中‘广谱抗生素’表述宽泛，未限定种类和用途，可能导致不合理用药；临近出栏阶段未突出法定疫病和人兽共患病的强制报告与处置要求；未明确区分紧急处置与常规管理的界限。整体信息量尚可，但细节不足，需改进后参考。,75.0,27,18,22,15,review,14.66,26.53,
