case_id,index,disease_name,generator_key,generator_model,success,error,species,user_query,diagnosis,prescription,withdrawal_period,metadata,rule_hard_block,rule_fatal_risk,rule_codes,rule_messages,target_disease_in_diagnosis,target_disease_mismatch,final_fatal_risk,wiki_dir,wiki_fact_count,wiki_page_count,wiki_context_query,wiki_evidence_status_counts,wiki_evidence_source_ids,wiki_context_chars,generation_seconds,judge_a_model,judge_a_total_score,judge_a_diagnosis_accuracy,judge_a_pathology_logic,judge_a_prescription_safety,judge_a_data_quality,judge_a_fatal_risk,judge_a_structured_pass,judge_a_summary,judge_b_model,judge_b_total_score,judge_b_diagnosis_accuracy,judge_b_pathology_logic,judge_b_prescription_safety,judge_b_data_quality,judge_b_fatal_risk,judge_b_structured_pass,judge_b_summary,needed_arbitration,arbiter_model,arbiter_agreed_with_judge,arbiter_final_label,arbiter_reason,final_total_score,final_diagnosis_accuracy,final_pathology_logic,final_prescription_safety,final_data_quality,final_label,judge_a_seconds,judge_b_seconds,arbiter_seconds
9b1f047f-1cb7-5bf5-a000-d21cdb9bc7b4,16,猪球虫病,swine_hunyuan_turbos,hunyuan-turbos-20250926,成功,,猪,我这边有120头80公斤左右的育肥猪，快到出栏了，这几天陆续有几头开始拉稀，粪便偏黄带点粘液，精神食欲还行，没发烧也没死亡。圈舍通风一般，地面潮湿，之前用过一次土霉素拌料防过呼吸道问题。现在担心是球虫还是别的什么，能不能直接卖？要不要隔离或者用什么药？,根据描述，该批育肥猪接近出栏，出现轻度腹泻且无明显全身症状，可能与饲养环境潮湿、卫生条件差有关。在育肥阶段，球虫感染相对少见，更常见的腹泻原因包括大肠杆菌、轮状病毒、传染性胃肠炎、产气荚膜梭菌C型及Strongyloides ransomi等。若怀疑球虫，应结合日龄、腹泻特征、肠道病变以及排除其他常见病因综合判断，单凭粪便检出卵囊不能确诊。当前无高热、死亡，提示非急性烈性传染病，但仍需警惕潜在混合感染。,treatment_direction: 改善圈舍干燥与通风，减少粪尿堆积，降低湿度；对腹泻个体进行分栏管理，防止交叉感染；饲料中添加适量电解质多维维持水盐平衡。；management_measures: 立即清理并消毒圈舍，更换垫料；加强饮水卫生；暂停使用未经许可的药物；观察记录腹泻猪的采食、精神状态及粪便性状变化。；sampling_and_testing: 采集腹泻粪便样本送实验室检测，明确是否为球虫或其他病原（如细菌、病毒、线虫）；必要时做肠道剖检观察黏膜病变。；prohibited_boundaries: 严禁在未明确诊断前随意使用驱虫药或抗生素；禁止将疑似重大动物疫病或人兽共患病病例混入正常出栏批次；发现不明原因高死亡率或群体性严重腹泻应立即报告当地动物防疫部门。,任何药物使用前须依据官方批准说明书确定休药期，出栏前应确保停药期已过且无残留超标风险。,"{""disease_name"": ""猪球虫病"", ""severity"": ""中等（取决于继发感染与饲养管理）"", ""scene_tags"": [""育肥猪"", ""临近出栏"", ""腹泻"", ""潮湿环境""], ""validation_points"": [""球虫诊断需结合日龄、症状和肠道病变，不能仅依赖卵囊检出"", ""育肥猪球虫感染较少见，应优先排查其他常见腹泻病原"", ""改善环境与分栏管理是首要措施""], ""risk_flags"": [""可能延误重大疫病识别"", ""不当用药可能导致残留超标""], ""case_type"": ""腹泻出栏边界"", ""target_disease"": ""猪球虫病"", ""local_flags"": {""species_ok"": true, ""target_disease_in_diagnosis"": true, ""target_disease_mismatch"": false, ""contains_specific_dose"": false, ""contains_specific_withdrawal"": false, ""regulated_bad_treatment"": false}}",False,False,,,True,False,False,D:\XF-ChongQin\ai-\knowledge\llm_wiki_swine_authoritative,1465,887,"猪球虫病
猪球虫病、coccidia and other protozoa、球虫、球虫感染、coccidiosis、coccidia
腹泻出栏边界
临近出栏猪群出现腹泻，用户关心处理方向、隔离和用药后能否销售。","{""HUMAN_REVIEWED"": 2, ""NEEDS_REVIEW"": 2}","[""SRC-0001"", ""SRC-0081""]",2220,30.82,ERNIE-4.5-Turbo-32K,72,22,16,18,16,False,False,"该回答在诊断准确性、病理逻辑、处方安全性和数据质量方面表现中等，存在部分不足但无致命风险。诊断考虑了多种腹泻原因，但未明确提及球虫病特征性病变或卵囊检测的重要性；病理逻辑部分合理，但未充分解释为何球虫感染在育肥猪中少见；处方安全，但缺乏针对性治疗建议；数据质量一般，部分信息不够详细。
问题：诊断部分未明确提及球虫病的特征性病变或卵囊检测的重要性，仅提到单凭粪便检出卵囊不能确诊，但未进一步说明如何确诊。；病理逻辑部分未充分解释为何球虫感染在育肥猪中少见，仅列举了其他常见腹泻原因。；处方中缺乏针对球虫病的特异性治疗建议，如使用抗球虫药物。；数据质量方面，部分信息如“育肥猪球虫感染较少见”缺乏具体数据或文献支持，显得不够详细。",,,,,,,,,,False,,,,,72,22,16,18,16,review,19.35,,
ef1c8e2d-fb69-5c76-8de2-dcf418ea44e2,18,猪布鲁氏菌病,swine_hunyuan_turbos,hunyuan-turbos-20250926,成功,,猪,我家有120头母猪和15头公猪，最近两个月陆续发现好几头怀孕母猪产下死胎、木乃伊胎，还有一头公猪睾丸肿大、不愿爬跨。气温高湿度大，圈舍通风一般，之前没用过什么特殊药物。这种情况需要送什么样品去化验？现在还能继续配种和引进新猪吗？,根据描述，存在母猪流产、死胎及公猪睾丸炎等症状，结合饲养环境和无特殊用药史，应高度怀疑为猪布鲁氏菌感染所致的繁殖障碍。该病可引起母畜妊娠失败、死胎、不孕，以及公畜附睾炎、睾丸炎。,treatment_direction: 目前无特效治疗药物，建议立即停止配种和引入新猪，防止病原扩散。；management_measures: 对发病猪进行隔离观察，加强圈舍消毒与通风，减少人员、工具交叉使用。；sampling_and_testing: 采集流产胎儿组织、胎盘、公猪精液及血清样本，送具备资质的实验室进行布鲁氏菌分离培养和血清学检测。；prohibited_actions: 严禁将疑似病猪出售、屠宰或流入市场，禁止与健康猪混养。,因无有效药物治疗方案，不存在常规休药期概念；一旦确诊，应按重大动物疫病防控要求进行无害化处理并严格封锁管理。,"{""disease_name"": ""猪布鲁氏菌病"", ""severity"": ""中等至严重"", ""scene_tags"": [""繁殖障碍"", ""公猪睾丸炎"", ""死胎"", ""高温高湿""], ""validation_points"": [""符合布鲁氏菌引起的繁殖障碍特征"", ""公猪睾丸炎提示布鲁氏菌可能感染"", ""环境与流行病学背景支持传播条件""], ""risk_flags"": [""人兽共患风险"", ""重大动物疫病防控边界""], ""case_type"": ""繁殖障碍送检"", ""target_disease"": ""猪布鲁氏菌病"", ""local_flags"": {""species_ok"": true, ""target_disease_in_diagnosis"": false, ""target_disease_mismatch"": true, ""contains_specific_dose"": false, ""contains_specific_withdrawal"": false, ""regulated_bad_treatment"": false}}",True,True,target_disease_in_diagnosis,target_disease_in_diagnosis,False,True,True,D:\XF-ChongQin\ai-\knowledge\llm_wiki_swine_authoritative,1465,887,"猪布鲁氏菌病
猪布鲁氏菌病、brucella suis brucellosis、布鲁氏菌病、Brucella suis
繁殖障碍送检
繁殖异常持续出现，用户询问该采哪些样品、是否需要暂停配种和引种。","{""HUMAN_REVIEWED"": 2, ""NEEDS_REVIEW"": 2}","[""SRC-0001"", ""SRC-0060"", ""SRC-0061""]",2221,24.49,ERNIE-4.5-Turbo-32K,88,28,18,24,18,False,False,"整体回答质量较高，诊断方向准确，症状与疾病匹配合理，处理方向安全且与疾病相互印证。但在病理逻辑和数据质量方面存在一定提升空间。
问题：病理逻辑方面，对布鲁氏菌病的病理机制阐述不够深入，仅简单描述了症状，未详细解释症状与疾病之间的内在联系。；数据质量方面，未提供具体的诊断依据或参考文献，且对环境因素的描述较为笼统，未充分结合环境因素对疾病传播的影响进行分析。",,,,,,,,,,False,,,,,88,28,18,24,18,reject,17.2,,
84e8670c-f91f-5af0-891d-9151e9d14548,27,猪呼吸道冠状病毒感染,swine_hunyuan_turbos,hunyuan-turbos-20250926,成功,,猪,我家有120头母猪自繁自养，最近刚断奶的一批小猪（约25日龄）出现咳嗽、流鼻涕，部分伴有轻度腹泻，粪便呈黄色稀糊状，体温在39℃左右，精神食欲稍差，已经持续三四天了。之前没用过什么药，圈舍通风一般，湿度偏高。请问这是啥病？要不要做病毒检测？跟细菌或者寄生虫有关系吗？,根据日龄、临床表现及流行病学特征，考虑猪呼吸道冠状病毒（PRCV）等病毒性呼吸道感染可能性较大，同时需排除细菌性肺炎、支原体感染以及可能的继发因素如寄生虫或环境因素导致的腹泻。建议结合实验室检测（RT-PCR、ELISA）区分PRCV与其他呼吸道病原体。,treatment_direction: 对症支持治疗为主，改善圈舍通风与温湿度控制，减少应激；可酌情使用广谱抗生素预防继发细菌感染；对严重病例进行补液、电解质平衡调整。；management_measures: 立即隔离病猪，加强消毒，分群饲养；保证饮水清洁，提高营养水平以增强抵抗力。；sampling_and_testing: 采集鼻拭子、肺组织或粪便样品送实验室进行PRCV核酸检测，必要时同步检测其他呼吸道病毒（如PRRSV、PCV2）及细菌病原（如巴氏杆菌、支原体），以便鉴别诊断。；prohibited_boundaries: 不得自行使用未经批准的抗病毒药物；若检测结果提示为重大传染病或人畜共患病，应立即向当地动物防疫部门报告，不得擅自处置。,无具体休药期说明，因未涉及特定药物使用，需依据实际用药情况执行相应停药期。,"{""disease_name"": ""猪呼吸道冠状病毒感染"", ""severity"": ""中等"", ""scene_tags"": [""断奶仔猪"", ""呼吸道症状"", ""轻度腹泻"", ""高湿环境""], ""validation_points"": [""符合PRCV易感日龄段（断奶前后）"", ""呼吸道症状与轻度腹泻并存"", ""需通过实验室检测明确病原""], ""risk_flags"": [""需排除重大动物疫病"", ""可能继发细菌感染""], ""case_type"": ""腹泻采样送检"", ""target_disease"": ""猪呼吸道冠状病毒感染"", ""local_flags"": {""species_ok"": true, ""target_disease_in_diagnosis"": false, ""target_disease_mismatch"": true, ""contains_specific_dose"": false, ""contains_specific_withdrawal"": false, ""regulated_bad_treatment"": false}}",True,True,target_disease_in_diagnosis,target_disease_in_diagnosis,False,True,True,D:\XF-ChongQin\ai-\knowledge\llm_wiki_swine_authoritative,1465,887,"猪呼吸道冠状病毒感染
猪呼吸道冠状病毒感染、porcine respiratory coronavirus
腹泻采样送检
用户描述粪便性状、日龄和病程，重点询问如何鉴别病毒性、细菌性或寄生虫性腹泻。","{""HUMAN_REVIEWED"": 1, ""NEEDS_REVIEW"": 4}","[""A0-MOA-573"", ""RC-DIARRHEA-001"", ""SRC-0001"", ""SRC-0052"", ""SRC-0062"", ""SRC-0063"", ""SRC-0064"", ""SRC-0071"", ""SRC-0072"", ""SRC-0073"", ""SRC-0077"", ""SRC-0081""]",2035,33.15,ERNIE-4.5-Turbo-32K,78,25,18,20,15,False,False,"该回答在诊断准确性、病理逻辑、处方安全性和数据质量方面表现中等，整体符合测试数据有效性要求，但存在部分不足，需进一步优化。
问题：诊断准确性方面，虽然考虑了猪呼吸道冠状病毒（PRCV）的可能性，但未充分排除其他类似症状的疾病，如猪流行性腹泻病毒（PEDV）或猪传染性胃肠炎病毒（TGEV），这些疾病也可能导致断奶仔猪出现呼吸道症状和轻度腹泻。；病理逻辑方面，回答中提到了需排除细菌性肺炎、支原体感染以及可能的继发因素如寄生虫或环境因素导致的腹泻，但未详细阐述这些因素与PRCV之间的鉴别诊断逻辑，缺乏深入分析。；处方安全性方面，虽然提出了对症支持治疗、改善圈舍环境、使用广谱抗生素预防继发感染等建议，但未针对PRCV的具体治疗给出明确方案，且广谱抗生素的使用可能增加耐药性风险。；数据质量方面，回答中提供了用户查询的详细信息，但在诊断依据和鉴别诊断方面缺乏具体数据支持，如未提及类似病例的流行病学调查结果或实验室检测数据。",,,,,,,,,,False,,,,,78,25,18,20,15,reject,24.59,,
a29a83ef-9273-566b-9f64-8db4bed47517,31,猪西尼罗病毒相关感染,swine_hunyuan_turbos,hunyuan-turbos-20250926,成功,,猪,我家有200头60日龄左右的保育猪，这几天陆续出现精神沉郁、采食量明显下降的情况，部分猪体温升高到40℃左右，还有几头呼吸稍急促，粪便偏稀。之前用过阿莫西林饮水，效果不明显。请问这是啥病？该怎么处理？,根据描述的保育猪群发热、采食下降、腹泻及轻度呼吸道症状，结合当前季节蚊虫活跃情况，需高度怀疑猪西尼罗病毒感染等虫媒传播性病毒病的可能。该病为病毒性传染病，常通过蚊子等节肢动物叮咬传播，在保育猪群中可引起急性发热、食欲废绝、腹泻等症状。由于目前缺乏特异性治疗药物，且存在其他相似临床表现的病毒性疾病，建议先排除非洲猪瘟等重大疫病后再考虑该病的诊断。,treatment_direction: 无特效抗病毒药物，以支持疗法为主，包括补液、维持电解质平衡、改善饲养管理条件，减少应激。；management_measures: 立即隔离病猪与健康猪，加强圈舍通风降温，保持清洁干燥，减少蚊虫滋生环境，必要时使用物理防蚊措施。；sampling_and_testing: 采集血液、组织样本送有资质的实验室进行病原学检测（如RT-PCR）以确诊，同时排查非洲猪瘟、圆环病毒等其他常见病毒病。；prohibited_actions: 严禁随意使用未经批准的兽药，禁止私自宰杀、出售病死猪，防止疫情扩散。,因无特定药物治疗，不涉及常规休药期问题，但应遵守生物安全隔离期直至检测结果明确并获主管部门指导。,"{""disease_name"": ""猪西尼罗病毒相关感染"", ""severity"": ""中等至严重"", ""scene_tags"": [""保育猪"", ""群体发病"", ""发热"", ""采食下降"", ""腹泻"", ""虫媒传播""], ""validation_points"": [""符合虫媒传播病毒的流行病学特征"", ""临床表现与已知西尼罗病毒感染描述一致"", ""排除了细菌性继发感染的可能性""], ""risk_flags"": [""需排除非洲猪瘟等重大动物疫病"", ""存在潜在人畜共患关注点（虽非ASF），需按规范采样送检""], ""case_type"": ""保育猪群体发病"", ""target_disease"": ""猪西尼罗病毒相关感染"", ""local_flags"": {""species_ok"": true, ""target_disease_in_diagnosis"": false, ""target_disease_mismatch"": true, ""contains_specific_dose"": false, ""contains_specific_withdrawal"": false, ""regulated_bad_treatment"": false}}",True,True,target_disease_in_diagnosis,target_disease_in_diagnosis,False,True,True,D:\XF-ChongQin\ai-\knowledge\llm_wiki_swine_authoritative,1465,887,"猪西尼罗病毒相关感染
猪西尼罗病毒相关感染、west nile virus and other flaviviruses
保育猪群体发病
群体发病、采食下降、粪便或呼吸道异常，用户想知道主要病因和下一步处理。","{""NEEDS_REVIEW"": 5}","[""SRC-0001""]",2060,28.44,ERNIE-4.5-Turbo-32K,78,25,18,20,15,False,False,"该回答在诊断准确性、病理逻辑、处方安全性和数据质量方面表现较好，但存在一些需要改进的地方。诊断考虑了虫媒传播病毒病的可能性，并建议排除非洲猪瘟等重大疫病，符合逻辑。处方以支持疗法为主，管理措施合理，但数据质量方面缺乏具体细节和引用支持。
问题：诊断准确性方面，虽然考虑了虫媒传播病毒病的可能性，但缺乏对其他相似症状疾病的详细鉴别诊断。；病理逻辑方面，对疾病传播途径和临床表现的描述较为笼统，缺乏深入分析。；处方安全性方面，支持疗法和管理措施合理，但缺乏具体药物或治疗方法的详细说明。；数据质量方面，回答缺乏具体细节和权威引用支持，部分信息较为模糊。",,,,,,,,,,False,,,,,78,25,18,20,15,reject,17.89,,
b550df6c-a770-5ea9-9f0e-73eb2ec6821b,39,非典型猪瘟病毒感染,swine_hunyuan_turbos,hunyuan-turbos-20250926,成功,,猪,我这边是200头基础母猪的种猪场，最近半个月陆续有3头怀孕90多天的母猪流产，还有两头刚配完就返情了，个别公猪采精量明显减少，颜色偏黄。之前没用过什么疫苗，饲料一直用同一批玉米豆粕配方，没有发霉迹象。想问问是不是传染病？还能不能继续配种？,根据描述，存在母猪中期流产、返情及公猪精液质量下降的情况，提示可能存在病毒性繁殖障碍。结合当前信息，应考虑猪繁殖与呼吸综合征（PRRS）、猪细小病毒病、猪伪狂犬病以及非典型猪瘟病毒感染等可能。其中非典型猪瘟病毒感染虽在国内尚无明确监管处置要求，但其临床表现可与上述疾病重叠，需要实验室检测排除。此外，应排查饲料霉菌毒素、热应激和管理因素。,treatment_direction: 立即暂停受影响母猪和公猪的配种计划，防止垂直传播；对全场进行流行病学调查，采集流产胎儿、胎盘、血液及精液样本送实验室检测（包括PRRSV、细小病毒、伪狂犬病毒、非典型猪瘟病毒等）；加强生物安全，限制人员、车辆流动，消毒进出通道。；management_measures: 隔离发病母猪和精液异常的种公猪，观察其他母猪返情情况；检查饲料储存条件，确保无霉变；改善圈舍通风降温，减少热应激；记录每头母猪的配种日期、返情时间、流产日龄等信息以便分析。；sampling_and_testing: 采集流产胎儿组织、胎盘、母猪血清、公猪精液及扁桃体拭子，送具备资质的兽医实验室进行PCR或抗原检测，必要时做病理学检查。；prohibited_actions: 在未明确病因前，禁止将疑似病猪或精液外调；不得使用未经批准的疫苗或药物替代确诊后的针对性防控；不得隐瞒疫情不上报。,因病因未明且涉及潜在重大疫病风险，现阶段不建议出栏或出售任何种猪及其后代，直至检测结果明确并采取相应防控措施。,"{""disease_name"": ""非典型猪瘟病毒感染"", ""severity"": ""中等至严重（视检测结果而定）"", ""scene_tags"": [""种猪场"", ""繁殖障碍"", ""流产"", ""返情"", ""公猪精液异常""], ""validation_points"": [""存在中期流产和返情现象"", ""公猪精液量减少且颜色异常"", ""无近期疫苗接种史"", ""需通过实验室检测排除多种病毒性病因""], ""risk_flags"": [""潜在重大动物疫病风险"", ""需实验室确诊后方可决定后续处置""], ""case_type"": ""种猪繁殖障碍"", ""target_disease"": ""非典型猪瘟病毒感染"", ""local_flags"": {""species_ok"": true, ""target_disease_in_diagnosis"": true, ""target_disease_mismatch"": false, ""contains_specific_dose"": false, ""contains_specific_withdrawal"": false, ""regulated_bad_treatment"": false}}",False,False,,,True,False,False,D:\XF-ChongQin\ai-\knowledge\llm_wiki_swine_authoritative,1465,887,"非典型猪瘟病毒感染
非典型猪瘟病毒感染、atypical porcine pestivirus pestivirus infections
种猪繁殖障碍
种猪场出现流产、死胎、返情或公猪异常，用户担心传染病和是否继续配种。","{""HUMAN_REVIEWED"": 2, ""NEEDS_REVIEW"": 2}","[""RC-REPRO-001"", ""SRC-0001"", ""SRC-0025"", ""SRC-0045"", ""SRC-0049"", ""SRC-0050"", ""SRC-0060"", ""SRC-0061"", ""SRC-0067"", ""SRC-0068"", ""SRC-0083"", ""SRC-0085""]",2221,35.38,ERNIE-4.5-Turbo-32K,72,24,16,18,14,False,False,"该回答在诊断准确性、病理逻辑、处方安全性和数据质量方面表现中等，存在部分不足但未触及致命风险。诊断考虑了多种病毒性繁殖障碍疾病，但未明确优先排查非典型猪瘟病毒感染；病理逻辑基本合理但缺乏针对性；处方安全性较高但部分措施不够具体；数据质量因缺乏实验室检测结果支撑而受限。
问题：诊断准确性方面，虽提及非典型猪瘟病毒感染但未明确其作为重点排查对象，与其他疾病并列可能导致用户混淆优先级。；病理逻辑方面，对非典型猪瘟病毒感染的特异性症状（如胎儿木乃伊化、母猪持续发热等）未详细描述，与PRRS等疾病区分度不足。；处方安全性方面，禁止外调病猪和隐瞒疫情等措施正确，但未提及针对非典型猪瘟病毒感染的特异性防控（如生物安全升级、消毒剂选择等）。；数据质量方面，依赖用户描述而未结合实验室检测结果，导致诊断结论可靠性受限。",,,,,,,,,,False,,,,,72,24,16,18,14,review,24.48,,
60cbbeb8-dde0-56df-8cae-fb675235db2c,42,猪轮状病毒病,swine_hunyuan_turbos,hunyuan-turbos-20250926,成功,,猪,我这边是河南一个中型养猪场，存栏大概800头，现在有一批60日龄左右的保育猪出现水样腹泻，已经持续三四天了，刚开始用了恩诺沙星和硫酸粘菌素拌料，拉稀情况稍微缓解一点，但还是有不少猪精神差、采食量下降。圈舍温度偏低，湿度大，之前没做过轮状病毒的检测，想问问这种情况还要不要继续用抗生素？要不要送样检测一下？,根据描述，保育猪在低温高湿环境下出现持续性水样腹泻，伴精神沉郁和采食减少，且常规抗菌药物疗效有限，提示病毒性腹泻可能性较大，其中轮状病毒感染较为常见。轮状病毒主要引起小肠绒毛萎缩，导致吸收障碍性腹泻，临床表现易与细菌性肠炎混淆，因此需通过实验室检测明确病原。,treatment_direction: 针对轮状病毒无特效抗病毒药物，应以支持疗法为主，改善饲养管理条件，防止继发细菌感染。；management_measures: 提高圈舍保温，降低湿度，保持干燥通风；；保证饮水充足并添加电解质溶液补充体液；；适当减少饲料投喂量，逐步恢复消化功能；；对严重脱水个体进行补液治疗。；sampling_and_testing: 采集新鲜粪便样本送至有资质的兽医实验室进行轮状病毒PCR检测及鉴别诊断；；必要时同时检测冠状病毒、大肠杆菌等常见病原。；contraindications_and_boundaries: 不可将抗生素治疗作为唯一手段长期使用，以免掩盖病情或增加耐药风险；；若怀疑混合感染，可在兽医指导下短期使用敏感抗生素控制细菌继发感染；；发现大规模死亡或疫情扩散迹象时，应立即向当地动物防疫部门报告，不得擅自处理。,因未涉及特定药物使用，暂无具体休药期要求；如后续使用抗生素，应遵守相应药物的停药期规定。,"{""disease_name"": ""猪轮状病毒病"", ""severity"": ""中等"", ""scene_tags"": [""保育猪"", ""水样腹泻"", ""低温高湿"", ""常规抗菌药无效""], ""validation_points"": [""轮状病毒主要影响新生至保育阶段猪只，可引起吸收不良性腹泻；"", ""临床表现与细菌性肠炎相似，需实验室检测确诊；"", ""无特效抗病毒药，重点在于支持疗法和环境管理。""], ""risk_flags"": [""需实验室确诊"", ""存在继发细菌感染风险"", ""环境应激因素明显""], ""case_type"": ""腹泻用药咨询"", ""target_disease"": ""猪轮状病毒病"", ""local_flags"": {""species_ok"": true, ""target_disease_in_diagnosis"": false, ""target_disease_mismatch"": true, ""contains_specific_dose"": false, ""contains_specific_withdrawal"": false, ""regulated_bad_treatment"": false}}",True,True,target_disease_in_diagnosis,target_disease_in_diagnosis,False,True,True,D:\XF-ChongQin\ai-\knowledge\llm_wiki_swine_authoritative,1465,887,"猪轮状病毒病
猪轮状病毒病、rotaviruses and reoviruses
腹泻用药咨询
猪群腹泻后已用过常见抗菌药效果一般，用户询问是否继续用药以及是否需要送检。","{""HUMAN_REVIEWED"": 2, ""NEEDS_REVIEW"": 2}","[""SRC-0001"", ""SRC-0052""]",2221,28.73,ERNIE-4.5-Turbo-32K,88,28,18,23,20,False,False,"该回答整体表现良好，诊断准确，逻辑清晰，处理方向安全，数据质量较高。诊断部分准确识别了轮状病毒病的可能性，并建议实验室检测以确诊，符合疾病特征。病理逻辑部分解释了轮状病毒病的病理机制，与诊断相符。处方安全部分提出了支持疗法和环境管理措施，避免了抗生素的滥用，并给出了合理的采样和检测建议。数据质量方面，回答详细且完整，符合测试数据的要求。
问题：诊断准确性方面，虽然识别了轮状病毒病的可能性，但未完全排除其他病毒性腹泻的可能性，如传染性胃肠炎等，可进一步拓宽鉴别诊断范围。；病理逻辑部分，对轮状病毒病的病理机制解释较为简略，可进一步详细阐述。；数据质量方面，虽然回答详细，但在场景标签和验证点的描述上，可进一步增加具体性和针对性。",,,,,,,,,,False,,,,,88,28,18,23,20,reject,19.1,,
fb8dfb1a-70f2-5d05-adb5-7e8c0e454657,43,猪反转录病毒相关感染,swine_hunyuan_turbos,hunyuan-turbos-20250926,成功,,猪,我家有200头保育猪，现在50天左右大，最近一周陆续出现采食量下降、精神沉郁的情况，部分猪拉稀，还有几头咳嗽喘气。圈舍通风一般，温度偏低，之前用过一些抗生素效果不明显。想问问这是啥病，该怎么处理？,根据描述的症状（采食下降、腹泻、呼吸道症状）、年龄阶段及饲养管理条件，结合当前季节和环境因素，考虑可能存在病毒感染，包括猪反转录病毒相关感染在内的多种病毒性疾病的可能性较大。需排除其他常见病毒如圆环病毒、蓝耳病等，并警惕混合感染。,建议立即隔离病猪，减少应激，改善圈舍通风与保温，提供清洁饮水和易消化饲料；采集新鲜粪便、鼻拭子或血液样本送实验室进行病原学检测，明确病原类型；在未确诊前避免使用未经许可的药物，防止掩盖病情；若怀疑为重大动物疫病，应按规定向当地畜牧兽医部门报告，配合采样检测和防控指导。,在检测结果出来前暂停出售或调运任何猪只；确诊后按兽医主管部门意见执行相应休药期和出栏安排。,"{""disease_name"": ""猪反转录病毒相关感染"", ""severity"": ""中等至严重（视继发感染情况）"", ""scene_tags"": [""保育猪"", ""群体发病"", ""采食下降"", ""腹泻"", ""呼吸道症状""], ""validation_points"": [""症状与保育猪病毒性疾病的临床特征相符"", ""存在多因素诱发（低温、通风不良）"", ""抗生素治疗无效提示非单纯细菌感染""], ""risk_flags"": [""可能为人畜共患风险未知，需谨慎操作"", ""存在重大动物疫病排查必要""], ""case_type"": ""保育猪群体发病"", ""target_disease"": ""猪反转录病毒相关感染"", ""local_flags"": {""species_ok"": true, ""target_disease_in_diagnosis"": true, ""target_disease_mismatch"": false, ""contains_specific_dose"": false, ""contains_specific_withdrawal"": false, ""regulated_bad_treatment"": false}}",False,False,,,True,False,False,D:\XF-ChongQin\ai-\knowledge\llm_wiki_swine_authoritative,1465,887,"猪反转录病毒相关感染
猪反转录病毒相关感染、retroviruses
保育猪群体发病
群体发病、采食下降、粪便或呼吸道异常，用户想知道主要病因和下一步处理。","{""NEEDS_REVIEW"": 5}","[""SRC-0001""]",2034,29.83,ERNIE-4.5-Turbo-32K,72,22,16,19,15,False,False,"整体回答较为合理，诊断考虑了症状、年龄阶段及饲养管理条件，并提及了多种病毒性疾病的可能性，但未明确指向猪反转录病毒相关感染，诊断准确性有待提高。病理逻辑基本合理，但缺乏对猪反转录病毒相关感染的特异性分析。处方安全，建议了隔离、改善环境、送检等措施，但未给出具体治疗药物（在未确诊前避免使用未经许可的药物是合理的）。数据质量一般，症状描述与疾病有一定关联性，但缺乏更具体的诊断依据。
问题：诊断未明确指向猪反转录病毒相关感染，仅提及多种病毒性疾病的可能性，诊断准确性不足。；病理逻辑缺乏对猪反转录病毒相关感染的特异性分析，如病毒传播途径、病理变化等。；数据质量一般，症状描述与疾病关联性不够强，缺乏更具体的诊断依据，如实验室检测结果等。；处方中未提及针对猪反转录病毒相关感染的具体预防或治疗措施（在未确诊前避免使用未经许可的药物是合理的，但可补充一些一般性的支持疗法）。",,,,,,,,,,False,,,,,72,22,16,19,15,review,21.34,,
7f2a445d-1152-53d1-b7ae-7d4789993a8b,45,猪水疱性口炎,swine_hunyuan_turbos,hunyuan-turbos-20250926,成功,,猪,我家是300头规模的种猪场，最近有3头怀孕母猪在90天左右突然流产，还有一头公猪精液活力明显下降，部分母猪返情率升高。场内温度湿度正常，近期没有更换饲料，也没有用过抗生素。请问这是不是传染病？还能继续配种吗？,根据描述，存在妊娠中断、死胎及公猪生殖功能下降的情况，符合多种病毒性感染的表现特征。其中，猪水疱性口炎（VSV）可表现为母猪流产、死胎及公猪精液质量下降，且与其他水疱性疾病（如口蹄疫、猪水疱疹等）临床表现相似，必须通过实验室检测进行鉴别确认。,treatment_direction: 立即停止场内配种操作，防止潜在病原扩散；对出现症状的个体进行隔离观察，并采集口腔、鼻腔分泌物及组织样本送专业实验室检测，明确病原类型。；management_measures: 加强生物安全措施，限制人员、车辆流动，工具器械严格消毒；暂停引入新种源，现有种猪减少应激，保证营养供给。；sampling_submission: 按兽医指导采集流产胎儿、胎盘、公猪精液及口腔黏膜拭子，送至具备资质的实验室进行PCR及血清学检测，以排除或确诊水疱性疾病及其他可能病原体。；prohibited_boundaries: 在未获得实验室确诊前，严禁将场内种猪外调或出售；禁止自行使用未经批准的抗病毒药物或疫苗；若确诊为口蹄疫等重大动物疫病，须立即向当地畜牧兽医部门报告，并按其指令执行封锁、扑杀等措施。,因未确诊病原，无法确定停药期；在检测结果出来前，应视为高风险期，禁止屠宰上市或用作种用。,"{""disease_name"": ""猪水疱性口炎"", ""severity"": ""中等至严重（可导致繁殖障碍和经济损失）"", ""scene_tags"": [""种猪场"", ""繁殖障碍"", ""流产"", ""死胎"", ""公猪精液异常""], ""validation_points"": [""症状包括母猪流产、死胎、返情增加及公猪精液质量下降"", ""临床表现与其他水疱性疾病高度相似，需要实验室鉴别"", ""管理上应立即停配种、隔离可疑个体并送检""], ""risk_flags"": [""疑似重大动物疫病风险"", ""人畜共患病无直接关联"", ""需实验室确诊后方可制定针对性防控方案""], ""case_type"": ""种猪繁殖障碍"", ""target_disease"": ""猪水疱性口炎"", ""local_flags"": {""species_ok"": true, ""target_disease_in_diagnosis"": true, ""target_disease_mismatch"": false, ""contains_specific_dose"": false, ""contains_specific_withdrawal"": false, ""regulated_bad_treatment"": false}}",False,False,,,True,False,False,D:\XF-ChongQin\ai-\knowledge\llm_wiki_swine_authoritative,1465,887,"猪水疱性口炎
猪水疱性口炎、vesicular stomatitis viruses
种猪繁殖障碍
种猪场出现流产、死胎、返情或公猪异常，用户担心传染病和是否继续配种。","{""HUMAN_REVIEWED"": 3, ""NEEDS_REVIEW"": 2}","[""SRC-0001"", ""SRC-0054""]",2104,26.76,ERNIE-4.5-Turbo-32K,78,25,18,20,15,False,False,"该回答在诊断准确性、病理逻辑、处方安全性和数据质量方面表现较好，但存在部分不足，需进一步优化以提高整体评分。
问题：诊断准确性方面，虽然提到了猪水疱性口炎的可能性，但未充分排除其他类似疾病，如口蹄疫、猪水疱疹等，诊断依据不够充分。；病理逻辑方面，对疾病传播途径和预防措施的描述不够详细，缺乏对疾病发生机制的深入分析。；处方安全性方面，虽然提出了停止配种、隔离观察和送检等措施，但未明确具体的消毒方法和频率，以及隔离期间的管理细节。；数据质量方面，回答中的信息较为全面，但部分内容如“加强生物安全措施”等描述较为笼统，缺乏具体操作指导。",,,,,,,,,,False,,,,,78,25,18,20,15,review,18.28,,
33d613ec-07ae-574d-9991-3b0e41606e88,47,猪放线杆菌败血症,swine_hunyuan_turbos,hunyuan-turbos-20250926,成功,,猪,我家有120头80公斤左右的育肥猪，最近一周陆续出现咳嗽、呼吸急促的情况，个别猪精神差、食欲下降。之前用过氟苯尼考和多西环素交替拌料，但效果不明显，还有零星死亡。想请教一下这种情况该采哪些样送检测？会不会是多种病原混感？,根据描述，育肥猪出现持续性呼吸道症状且抗生素治疗反应不佳，提示可能存在细菌性败血症（如A. suis）或其他细菌感染，并可能合并病毒或支原体感染。A. suis可引起急性败血症，有时伴胸膜肺炎表现，需与猪丹毒、S. suis败血症及支原体肺炎等鉴别。建议进行实验室检测明确病原类型。,treatment_direction: 在确诊前不建议盲目更换抗生素，应先采集血液、肺组织、胸腔积液等样本送检，必要时做细菌分离培养和PCR检测。若确诊为A. suis败血症，可依据药敏选择敏感抗生素，并结合支持疗法。；management_measures: 立即隔离发病猪，减少应激因素，改善通风降低氨气浓度，保证饮水清洁。病死猪无害化处理，防止病原扩散。；sampling_and_testing: 采集发病猪新鲜血液（全血）、肺脏病灶组织、胸腔积液，有条件可加采扁桃体拭子。送检项目包括细菌培养、革兰染色、生化鉴定、PCR检测常见呼吸道病原（支原体、PRRSV、PCV2等）。；prohibited_boundaries: 在未获得实验室确诊前，不得作为唯一依据实施大规模投药或清群措施；对疑似重大传染病须按当地畜牧部门规定上报，不得擅自销售或转运。,具体休药期需依据最终使用的药物种类及药敏结果确定，应在兽医指导下执行。,"{""disease_name"": ""猪放线杆菌败血症"", ""severity"": ""中等至严重（可导致高死亡率）"", ""scene_tags"": [""育肥猪"", ""呼吸道症状"", ""抗生素疗效不佳"", ""混合感染风险""], ""validation_points"": [""A. suis可引起急性败血症和胸膜肺炎样病变"", ""临床表现需与猪丹毒、S. suis败血症、支原体肺炎等鉴别"", ""抗生素治疗无效时应考虑送检明确病因""], ""risk_flags"": [""潜在混合感染"", ""抗生素滥用风险"", ""疫情扩散风险""], ""case_type"": ""呼吸道采样送检"", ""target_disease"": ""猪放线杆菌败血症"", ""local_flags"": {""species_ok"": true, ""target_disease_in_diagnosis"": false, ""target_disease_mismatch"": true, ""contains_specific_dose"": false, ""contains_specific_withdrawal"": false, ""regulated_bad_treatment"": false}}",True,True,target_disease_in_diagnosis,target_disease_in_diagnosis,False,True,True,D:\XF-ChongQin\ai-\knowledge\llm_wiki_swine_authoritative,1465,887,"猪放线杆菌败血症
猪放线杆菌败血症、actinobacillus suis septicemia pleuropneumonia
呼吸道采样送检
呼吸道症状持续，用药效果不稳定，用户询问采什么样品和如何鉴别混合感染。","{""HUMAN_REVIEWED"": 3, ""NEEDS_REVIEW"": 2}","[""SRC-0001"", ""SRC-0007"", ""SRC-0058"", ""SRC-0075"", ""SRC-0076""]",2165,27.3,ERNIE-4.5-Turbo-32K,82,27,18,22,15,False,False,"整体回答较为全面，诊断方向合理，考虑了混合感染的可能性，并建议进行实验室检测以明确病原。治疗和管理措施基本安全，但部分细节可进一步优化。
问题：诊断准确性方面，虽然考虑了多种可能性，但对猪放线杆菌败血症的特异性描述不够突出，可能影响针对性诊断。；病理逻辑方面，对疾病鉴别诊断的描述较为笼统，缺乏具体鉴别点的深入分析。；处方安全性方面，虽然提出了采样送检的建议，但在未确诊前的治疗方向略显保守，未给出更具体的初步处理建议。；数据质量方面，回答中的信息较为全面，但部分内容（如休药期）缺乏具体性，可能影响实际操作的指导性。",,,,,,,,,,False,,,,,82,27,18,22,15,reject,17.61,,
5754c789-6127-50a9-b5b4-b88838743a1a,48,猪萎缩性鼻炎,swine_hunyuan_turbos,hunyuan-turbos-20250926,成功,,猪,我家有120头60日龄左右的保育猪，最近几天舍内通风不太好，氨味挺重，早晚温差也大，有几头出现咳嗽、呼吸急促，有的还流清鼻涕，精神食欲一般。之前没用过什么药，这种情况是环境问题还是传染性的萎缩性鼻炎？该怎么处理？,根据描述，保育猪在通风不良、氨气浓度高及温差大的环境下出现咳嗽、喘气和流涕，符合非进行性萎缩性鼻炎（Bordetella bronchiseptica感染）的早期表现，也可能与环境刺激引起的呼吸道反应重叠。目前未见明显鼻甲骨变形或严重呼吸困难，暂不支持进展性萎缩性鼻炎的病变特征。,改善圈舍通风与温湿度管理，降低氨气浓度；对发病猪进行隔离观察，减少混群接触；采集鼻腔拭子或肺组织送实验室检测B. bronchiseptica及产毒P. multocida，明确病原类型；若确诊为细菌性感染，可在兽医指导下使用敏感抗生素控制继发感染，并配合营养支持；禁止随意使用未经许可的药物，防止耐药产生。,因涉及抗生素使用，须严格遵循兽医指导并在出栏前满足相应停药期，确保食品安全。,"{""disease_name"": ""猪萎缩性鼻炎"", ""severity"": ""中等"", ""scene_tags"": [""保育猪"", ""通风不良"", ""氨气高"", ""温差大"", ""呼吸道症状""], ""validation_points"": [""症状与B. bronchiseptica感染早期相符"", ""环境因素可能加重临床表现"", ""缺乏鼻甲骨萎缩等进展性病变证据""], ""risk_flags"": [""需排除进展性萎缩性鼻炎"", ""潜在人畜共患风险低，但需规范处置""], ""case_type"": ""呼吸道环境诱因"", ""target_disease"": ""猪萎缩性鼻炎"", ""local_flags"": {""species_ok"": true, ""target_disease_in_diagnosis"": false, ""target_disease_mismatch"": true, ""contains_specific_dose"": false, ""contains_specific_withdrawal"": false, ""regulated_bad_treatment"": false}}",True,True,target_disease_in_diagnosis,target_disease_in_diagnosis,False,True,True,D:\XF-ChongQin\ai-\knowledge\llm_wiki_swine_authoritative,1465,887,"猪萎缩性鼻炎
猪萎缩性鼻炎、bordetella bronchiseptica nonprogressive atrophic rhinitis
呼吸道环境诱因
通风差、氨气重或温差大后出现咳嗽喘气，用户想区分环境应激和传染病。","{""HUMAN_REVIEWED"": 2, ""NEEDS_REVIEW"": 2}","[""SRC-0001"", ""SRC-0059"", ""SRC-0070""]",2221,26.7,ERNIE-4.5-Turbo-32K,82,27,18,23,14,False,False,"整体回答较为准确，诊断考虑了环境因素与疾病症状的重叠，处理方向安全合理，但数据质量方面存在一定不足，如未明确提及鼻甲骨萎缩等关键诊断依据的缺失对诊断的影响。
问题：诊断准确性方面，虽提及症状与B. bronchiseptica感染早期相符，但未充分阐述如何排除其他类似症状疾病的可能性。；病理逻辑方面，对环境因素如何具体影响疾病发生和发展的解释不够深入。；数据质量方面，未详细说明鼻腔拭子或肺组织送检的具体流程和重要性，以及鼻甲骨萎缩等关键诊断依据缺失对诊断准确性的影响。",,,,,,,,,,False,,,,,82,27,18,23,14,reject,18.09,,
84932dda-ad9c-5d13-b8a1-4f14256bac00,49,仔猪梭菌性肠炎,swine_hunyuan_turbos,hunyuan-turbos-20250926,成功,,猪,我家有200头15日龄左右的哺乳仔猪，最近两天有几窝陆续出现拉稀，粪便呈黄色水样，有的仔猪精神差、吃奶少，还有几头已经脱水站不稳了。圈舍温度一直保持在28℃，之前没用过什么药，想问问这是啥原因，该怎么紧急处理？,根据描述，15日龄仔猪出现急性水样腹泻、脱水及采食下降，结合年龄特征，高度怀疑为仔猪梭菌性肠炎（Clostridial diseases），常见病原包括C. perfringens type C、C. difficile等。该病在哺乳期高发，传播快，需尽快控制。,立即将病猪与健康猪分栏隔离，减少交叉感染；提高圈舍环境温度2-3℃以改善体感温度，促进恢复；保证清洁饮水，必要时补充电解质溶液防止脱水；采集新鲜粪便送实验室进行病原检测，明确是否为梭菌感染；在未确诊前避免使用广谱抗生素以防掩盖病情或导致耐药；严禁随意使用未经批准的兽药或人用药品；如检出高致病性梭菌或怀疑重大疫情，应按规定向当地动物防疫部门报告并配合处置。,因涉及潜在重大疫病，须按检测结果和官方指导执行相应休药期规定，未获批准不得擅自销售或屠宰。,"{""disease_name"": ""仔猪梭菌性肠炎"", ""severity"": ""高"", ""scene_tags"": [""哺乳仔猪"", ""群体发病"", ""急性腹泻"", ""脱水""], ""validation_points"": [""符合15日龄仔猪急性水样腹泻的典型表现"", ""存在脱水、采食下降等全身症状"", ""需要区分其他新生仔猪腹泻病因（病毒性、细菌性、寄生虫性等）""], ""risk_flags"": [""可能为人畜共患病无关的重大动物疫病"", ""需排除非洲猪瘟等重大传染病"", ""需及时采样送检""], ""case_type"": ""腹泻群体发病"", ""target_disease"": ""仔猪梭菌性肠炎"", ""local_flags"": {""species_ok"": true, ""target_disease_in_diagnosis"": true, ""target_disease_mismatch"": false, ""contains_specific_dose"": false, ""contains_specific_withdrawal"": false, ""regulated_bad_treatment"": false}}",False,False,,,True,False,False,D:\XF-ChongQin\ai-\knowledge\llm_wiki_swine_authoritative,1465,887,"仔猪梭菌性肠炎
仔猪梭菌性肠炎、clostridial diseases
腹泻群体发病
同窝或同栏出现水样腹泻、脱水、采食下降，用户想知道主要病因和紧急处理。","{""HUMAN_REVIEWED"": 2, ""NEEDS_REVIEW"": 2}","[""SRC-0001"", ""SRC-0006"", ""SRC-0017"", ""SRC-0062""]",2221,27.27,ERNIE-4.5-Turbo-32K,78,27,18,18,15,False,False,"整体回答较为完整，诊断方向基本正确，但存在部分细节不足和逻辑不够严谨的问题，需进一步优化。
问题：诊断准确性方面，虽然高度怀疑仔猪梭菌性肠炎，但未充分排除其他可能病因（如病毒性腹泻、寄生虫性腹泻等），缺乏鉴别诊断的详细说明。；病理逻辑方面，对疾病传播途径和发病机制的描述不够深入，未提及梭菌性肠炎的典型病理变化（如肠黏膜坏死等）。；处方安全性方面，建议提高圈舍温度2-3℃的依据不足，且未提供具体的电解质溶液配方或使用方法；避免使用广谱抗生素的建议合理，但未说明替代治疗方案。；数据质量方面，用户查询和回答的匹配度较高，但回答中部分内容（如风险标志）与疾病关联性不强，且未提供具体的实验室检测方法或参考标准。",,,,,,,,,,False,,,,,78,27,18,18,15,review,19.12,,
9ba17549-3cd7-5832-9df4-818d52b8ff41,51,副猪嗜血杆菌病,swine_hunyuan_turbos,hunyuan-turbos-20250926,成功,,猪,我家是300头基础母猪的种猪场，最近有3头怀孕90多天的母猪陆续流产，还有两头公猪精神差、食欲下降、精液稀薄，之前用过阿莫西林拌料一周效果不明显，现在还能继续配种吗？会不会传染别的猪？,根据描述，母猪流产、死胎及公猪精神食欲下降、精液质量变差，结合近期使用抗生素无效的情况，高度怀疑为副猪嗜血杆菌感染引起的繁殖障碍综合征。该病可由多种病原体混合感染引起，副猪嗜血杆菌常作为继发或协同因素参与，导致多器官炎症、胎盘炎、胎儿死亡等。需进一步实验室检测确诊。,立即将发病母猪与健康母猪分群管理，停止配种计划；采集流产胎儿组织、胎盘、血液及公猪精液送实验室进行病原学检测（PCR、细菌分离）；加强圈舍通风、保温，减少应激；对全群进行健康巡查，记录体温、采食和精神状况；在未确诊前避免使用广谱抗生素掩盖病情；若确诊为副猪嗜血杆菌感染，可在兽医指导下选择敏感抗菌药物并配合支持疗法；严禁私自出售或调运种猪，防止疫情扩散。,在检测结果出来前暂停任何种猪销售或外调；如经确诊并使用抗菌药物治疗，应严格执行相应药物的安全间隔期规定后方可恢复配种和销售。,"{""disease_name"": ""副猪嗜血杆菌病"", ""severity"": ""中等至严重"", ""scene_tags"": [""种猪场"", ""繁殖障碍"", ""流产"", ""公猪精液异常""], ""validation_points"": [""存在妊娠中后期流产及死胎现象"", ""公猪出现精神食欲下降及精液质量变化"", ""抗生素治疗无效提示可能非单一细菌感染""], ""risk_flags"": [""潜在传染性"", ""影响繁殖性能"", ""需实验室确诊""], ""case_type"": ""种猪繁殖障碍"", ""target_disease"": ""副猪嗜血杆菌病"", ""local_flags"": {""species_ok"": true, ""target_disease_in_diagnosis"": false, ""target_disease_mismatch"": true, ""contains_specific_dose"": false, ""contains_specific_withdrawal"": false, ""regulated_bad_treatment"": false}}",True,True,target_disease_in_diagnosis,target_disease_in_diagnosis,False,True,True,D:\XF-ChongQin\ai-\knowledge\llm_wiki_swine_authoritative,1465,887,"副猪嗜血杆菌病
副猪嗜血杆菌病、gl sser s disease
种猪繁殖障碍
种猪场出现流产、死胎、返情或公猪异常，用户担心传染病和是否继续配种。","{""HUMAN_REVIEWED"": 2, ""NEEDS_REVIEW"": 2}","[""SRC-0001"", ""SRC-0023"", ""SRC-0025"", ""SRC-0066""]",2221,29.94,ERNIE-4.5-Turbo-32K,78,25,18,20,15,False,False,"该测试数据整体表现较好，诊断准确性较高，但存在部分病理逻辑不够严谨、数据质量有待提升的问题，需进一步优化。
问题：诊断部分虽然提到副猪嗜血杆菌感染，但未充分排除其他可能引起繁殖障碍的疾病，如猪繁殖与呼吸综合征（PRRS）、伪狂犬病等，病理逻辑不够严谨。；数据质量方面，用户查询中未提及具体的临床症状细节（如流产胎儿状态、母猪体温变化等），回答中虽提及需实验室检测，但未充分强调这些细节对诊断的重要性。；处方中提到“在未确诊前避免使用广谱抗生素掩盖病情”，但未明确说明当前已使用的阿莫西林是否属于广谱抗生素，以及是否需立即停用，存在一定歧义。",,,,,,,,,,False,,,,,78,25,18,20,15,reject,21.29,,
52156174-0ee4-5812-a346-a26a903039c8,53,猪多杀性巴氏杆菌病,swine_hunyuan_turbos,hunyuan-turbos-20250926,成功,,猪,我家有200头80公斤左右的育肥猪，最近半个月陆续出现咳嗽、喘气、精神差的情况，用过氟苯尼考和多西环素交替投喂，但效果不太稳定，有的好转有的还加重。圈舍通风一般，湿度偏高。我想知道这种情况应该采哪些样品送检测？怎么判断是不是单纯巴氏杆菌还是有其他病原混感？,根据描述，育肥猪出现持续性呼吸道症状且对常规抗生素反应不一，提示可能存在细菌性继发感染，其中肺炎型多杀性巴氏杆菌是常见因素之一。但该病常继发于PRRSV、PCV2、支原体等原发呼吸道病原或环境因素导致的肺损伤，因此需考虑混合感染可能。建议结合临床观察、剖检病变及实验室检测综合判定。,treatment_direction: 针对可能的细菌性继发感染，可依据药敏结果选择敏感抗生素进行支持治疗，同时改善饲养环境降低应激。；management_measures: 加强圈舍通风换气，降低湿度和粉尘，减少氨气浓度；分群管理，将症状严重个体与健康猪隔离；保证饮水清洁和营养供给。；sampling_for_testing: 采集鼻腔拭子、气管灌洗液或肺组织样本，必要时配合血清学检测PRRSV、PCV2抗体及支原体PCR检测，以便明确是否混合感染。；prohibited_boundaries: 在未排除重大传染病前，不得擅自使用未经许可的疫苗或药物；发现可疑疫情应立即向当地动物防疫部门报告，严禁私自销售或运输病猪。,按所用药物说明执行相应停药期，确保上市猪肉符合食品安全标准。,"{""disease_name"": ""猪多杀性巴氏杆菌病（肺炎型）"", ""severity"": ""中等至严重（视混合感染情况而定）"", ""scene_tags"": [""育肥猪"", ""呼吸道症状"", ""抗生素治疗反应不佳"", ""高湿环境""], ""validation_points"": [""肺炎型P. multocida常为继发感染，需排查原发病原"", ""环境应激可加重肺部损伤促进发病"", ""确诊依赖实验室检测而非仅凭临床表现""], ""risk_flags"": [""潜在混合感染"", ""环境致病因素明显"", ""存在疾病扩散风险""], ""case_type"": ""呼吸道采样送检"", ""target_disease"": ""猪多杀性巴氏杆菌病"", ""local_flags"": {""species_ok"": true, ""target_disease_in_diagnosis"": false, ""target_disease_mismatch"": true, ""contains_specific_dose"": false, ""contains_specific_withdrawal"": false, ""regulated_bad_treatment"": false}}",True,True,target_disease_in_diagnosis,target_disease_in_diagnosis,False,True,True,D:\XF-ChongQin\ai-\knowledge\llm_wiki_swine_authoritative,1465,887,"猪多杀性巴氏杆菌病
猪多杀性巴氏杆菌病、pasteurellosis
呼吸道采样送检
呼吸道症状持续，用药效果不稳定，用户询问采什么样品和如何鉴别混合感染。","{""HUMAN_REVIEWED"": 2, ""NEEDS_REVIEW"": 2}","[""SRC-0001"", ""SRC-0070""]",2221,30.73,ERNIE-4.5-Turbo-32K,88,28,18,24,18,False,False,"该回答在诊断准确性、病理逻辑、处方安全性和数据质量方面表现良好，整体符合测试数据有效性要求。诊断考虑了混合感染的可能性，处方安全且合理，数据质量较高，无明显致命风险。
问题：diagnosis_accuracy: 诊断准确性得分稍低，主要因为虽然提到了混合感染的可能性，但未明确列出可能的原发病原（如PRRSV、PCV2、支原体）的具体诊断步骤或优先级。；pathology_logic: 病理逻辑得分中等，因为虽然解释了环境因素对疾病的影响，但未详细阐述多杀性巴氏杆菌病的病理机制及其与混合感染的关系。；data_quality: 数据质量得分稍低，因为虽然提供了详细的场景标签和验证点，但风险标志的描述可以更加具体和量化，以便更好地评估疾病扩散风险。",,,,,,,,,,False,,,,,88,28,18,24,18,reject,20.72,,
d7fac6d3-c47a-536d-90ce-2d7f1fe2a9b8,60,猪隐孢子虫病,swine_hunyuan_turbos,hunyuan-turbos-20250926,成功,,猪,我家是育肥猪场，现在这批猪大概110公斤左右，还有不到一个月就要出栏了。最近几天发现有几头开始拉稀，粪便偏黄绿色带点泡沫，精神还行，采食量稍微下降，饮水正常。圈舍通风一般，湿度偏高，之前没用过什么驱虫药。想问问这种情况能不能先用药看看？会不会影响卖猪？要不要隔离？,根据描述，该批育肥猪临近出栏时出现轻度腹泻，粪便呈黄绿色泡沫状，可能与肠道寄生虫如隐孢子虫有关，但隐孢子虫单独存在时不一定引起明显症状，且常与其他病原混合感染。当前未见高热、严重脱水等急性传染病表现，但仍需排除其他细菌性或病毒性腹泻因素。建议结合实验室检测明确病原组合。,1. 立即将腹泻明显的个体与健康猪分栏管理，减少交叉感染风险；2. 加强圈舍通风与干燥，降低湿度，改善卫生条件；3. 采集新鲜粪便样本送实验室进行病原筛查（包括隐孢子虫及其他常见腹泻病原）；4. 在未确诊前避免使用未经许可的驱虫或抗生素，以免掩盖病情或造成残留问题；5. 若检测结果仅为隐孢子虫且无其他病原，可考虑在兽医指导下使用支持疗法及环境控制措施，但须注意出栏前的安全间隔；6. 若出现疑似重大疫病（如非洲猪瘟）迹象，应立即按当地规定上报并配合扑杀、无害化处理等措施。,任何药物治疗均需在兽医指导下确定安全休药期，出栏前应确保符合国家和地方规定的停药时间要求。,"{""disease_name"": ""猪隐孢子虫病"", ""severity"": ""轻至中度"", ""scene_tags"": [""育肥猪"", ""临近出栏"", ""腹泻"", ""高湿环境""], ""validation_points"": [""隐孢子虫阳性需结合混合感染解释"", ""感染可亚临床或与其他腹泻病原混合""], ""risk_flags"": [""临近出栏需关注食品安全与休药期"", ""需排除重大动物疫病""], ""case_type"": ""腹泻出栏边界"", ""target_disease"": ""猪隐孢子虫病"", ""local_flags"": {""species_ok"": true, ""target_disease_in_diagnosis"": false, ""target_disease_mismatch"": true, ""contains_specific_dose"": false, ""contains_specific_withdrawal"": false, ""regulated_bad_treatment"": false}}",True,True,target_disease_in_diagnosis,target_disease_in_diagnosis,False,True,True,D:\XF-ChongQin\ai-\knowledge\llm_wiki_swine_authoritative,1465,887,"猪隐孢子虫病
猪隐孢子虫病、cryptosporidiosis protozoa
腹泻出栏边界
临近出栏猪群出现腹泻，用户关心处理方向、隔离和用药后能否销售。","{""HUMAN_REVIEWED"": 3, ""NEEDS_REVIEW"": 2}","[""SRC-0001"", ""SRC-0072"", ""SRC-0081""]",2151,31.88,ERNIE-4.5-Turbo-32K,82,26,18,22,16,False,False,"该回答在诊断准确性、病理逻辑、处方安全性和数据质量方面表现较好，整体符合测试数据有效性要求。诊断考虑了隐孢子虫病与其他病原混合感染的可能性，并建议实验室检测以明确病原，符合实际场景需求。处方中强调了隔离、环境改善和避免未经许可用药，确保了处理方向的安全性和与疾病的相互印证。数据质量方面，虽然场景标签和验证点较为全面，但风险标识的详细程度可进一步提升。
问题：诊断中虽提到隐孢子虫病与其他病原混合感染的可能性，但未详细说明其他常见腹泻病原的种类，可能影响诊断的全面性。；病理逻辑部分对隐孢子虫病的典型症状描述不够详细，如腹泻的持续性、体重变化等，可能影响对疾病严重程度的判断。；处方中虽提到支持疗法及环境控制措施，但未具体说明支持疗法的内容，可能影响实际操作的指导性。；数据质量方面，风险标识虽提到临近出栏需关注食品安全与休药期，但未具体说明休药期的确定方法和依据，可能影响用户对休药期管理的理解。",,,,,,,,,,False,,,,,82,26,18,22,16,reject,23.32,,
77de99ce-51fc-560e-8917-d014f68d8ba2,63,猪类圆线虫病,swine_hunyuan_turbos,hunyuan-turbos-20250926,成功,,猪,我家是100头母猪自繁自养场，最近刚断奶的20多头小猪（约30日龄）陆续出现拉稀，粪便呈黄色带黏液，有的窝里全窝都拉，精神还可以，没见明显死亡。舍温正常，前几天换了新批次教槽料。想问下这是病毒性还是细菌性或者寄生虫引起的？要不要马上送样检测？,根据日龄、整窝发病、粪便性状及饲料更换情况，应考虑病毒性（如轮状病毒、腺病毒）、细菌性（如产肠毒素大肠杆菌、沙门氏菌）以及寄生虫性（如类圆线虫、球虫）等多种可能。当前信息不足以单一确诊，需要结合实验室检测区分病因。,建议立即采集新鲜粪便样品送实验室进行病原学检测（包括病毒、细菌和寄生虫），同时观察是否伴有发热、脱水等全身症状。加强保温、减少应激，暂停使用新批次饲料并逐步过渡，保持圈舍干燥清洁。若怀疑寄生虫感染，可在兽医指导下选用广谱驱虫药，但须注意与后续检测结果的衔接。严禁擅自使用抗生素掩盖病情延误诊断。,因未确定具体病原，暂不建议随意投药；如需用药，应在检测结果明确后依据兽医指导执行，并遵守相应休药期规定。,"{""disease_name"": ""猪类圆线虫病"", ""severity"": ""中等"", ""scene_tags"": [""断奶后腹泻"", ""整窝发病"", ""饲料更换"", ""粪便黏液""], ""validation_points"": [""按日龄和病程分层鉴别腹泻原因"", ""考虑病毒性、细菌性、寄生虫性多种可能性"", ""强调采样送检的重要性""], ""risk_flags"": [""潜在寄生虫感染"", ""饲料应激""], ""case_type"": ""腹泻采样送检"", ""target_disease"": ""猪类圆线虫病"", ""local_flags"": {""species_ok"": true, ""target_disease_in_diagnosis"": false, ""target_disease_mismatch"": true, ""contains_specific_dose"": false, ""contains_specific_withdrawal"": false, ""regulated_bad_treatment"": false}}",True,True,target_disease_in_diagnosis,target_disease_in_diagnosis,False,True,True,D:\XF-ChongQin\ai-\knowledge\llm_wiki_swine_authoritative,1465,887,"猪类圆线虫病
猪类圆线虫病、strongyloides internal parasites
腹泻采样送检
用户描述粪便性状、日龄和病程，重点询问如何鉴别病毒性、细菌性或寄生虫性腹泻。","{""HUMAN_REVIEWED"": 2, ""NEEDS_REVIEW"": 3}","[""RC-DIARRHEA-001"", ""SRC-0001"", ""SRC-0007"", ""SRC-0030"", ""SRC-0052"", ""SRC-0062"", ""SRC-0063"", ""SRC-0064"", ""SRC-0071"", ""SRC-0072"", ""SRC-0073"", ""SRC-0077"", ""SRC-0081"", ""SRC-0082""]",2088,25.3,ERNIE-4.5-Turbo-32K,82,28,18,22,14,False,False,"整体回答较为全面，考虑了病毒性、细菌性和寄生虫性腹泻的可能性，并强调了采样送检的重要性。诊断逻辑合理，处方安全，但数据质量方面略有不足，对猪类圆线虫病的针对性描述不够详细。
问题：诊断部分虽然提到了多种可能性，但对猪类圆线虫病的针对性描述不够详细，未明确指出类圆线虫病的典型症状。；数据质量方面，对场景标签和验证点的利用不够充分，未充分结合猪类圆线虫病的特点进行深入分析。；处方部分虽然强调了采样送检和观察全身症状，但对驱虫药的使用描述较为笼统，未具体说明针对类圆线虫病的驱虫药物选择。",,,,,,,,,,False,,,,,82,28,18,22,14,reject,18.01,,
78e14d45-f605-5f66-9484-4cf3c9d078c8,66,猪营养缺乏与过量综合征,swine_hunyuan_turbos,hunyuan-turbos-20250926,成功,,猪,我家有120头育肥猪，现在平均体重在110公斤左右，准备下个月出栏。最近发现部分猪精神不振、食欲下降，有的出现关节肿大、跛行，还有几头皮肤发白、毛色干枯。饲料一直用的是自配料，前段时间换了豆粕供应商，其他没变。想问这种情况还能治吗？会不会影响出栏卖猪？,根据描述，育肥猪出现精神沉郁、食欲减退、关节肿胀及皮肤苍白等症状，可能与营养失衡有关，如微量元素（铜、锌、硒等）缺乏或维生素不足，也可能涉及钙磷比例失调或蛋白质质量不佳。需结合饲料配方、原料更换情况、饮水状况、饲养密度及现场观察进一步判断。,建议立即停喂当前可疑饲料，改用经过验证的均衡全价料，并补充多维电解质、矿物质预混剂；对严重跛行个体进行隔离护理，减少应激；采集饲料、血样及关节液送实验室检测微量元素和维生素水平；禁止在检测结果明确前随意使用抗生素或激素类药物，以免掩盖病情或造成残留超标。,任何药物治疗均需在检测合格且符合食品安全标准后方可考虑出栏，具体休药期依据所用药品种类及检测结果确定，严禁未经检测直接出售。,"{""disease_name"": ""猪营养缺乏与过量综合征"", ""severity"": ""中等"", ""scene_tags"": [""育肥猪"", ""出栏前"", ""饲料更换"", ""关节症状"", ""皮肤苍白""], ""validation_points"": [""症状与营养缺乏相符"", ""近期饲料原料更换史"", ""多因素影响需综合判断""], ""risk_flags"": [""可能影响出栏销售"", ""需排除传染病"", ""饲料安全需检测""], ""case_type"": ""上市休药期咨询"", ""target_disease"": ""猪营养缺乏与过量综合征"", ""local_flags"": {""species_ok"": true, ""target_disease_in_diagnosis"": false, ""target_disease_mismatch"": true, ""contains_specific_dose"": false, ""contains_specific_withdrawal"": false, ""regulated_bad_treatment"": false}}",True,True,target_disease_in_diagnosis,target_disease_in_diagnosis,False,True,True,D:\XF-ChongQin\ai-\knowledge\llm_wiki_swine_authoritative,1465,887,"猪营养缺乏与过量综合征
猪营养缺乏与过量综合征、nutrient deficiencies and excesses
上市休药期咨询
用户接近出栏，关心治疗方向和用药后能否出栏销售。","{""NEEDS_REVIEW"": 2, ""PROCESSED_SOURCE_ANCHORED"": 2}","[""SRC-0001"", ""SRC-0084""]",2221,26.8,ERNIE-4.5-Turbo-32K,88,28,18,24,18,False,False,"该回答整体符合猪营养缺乏与过量综合征的诊断与处理逻辑，诊断准确性较高，症状与疾病匹配合理，处理方向安全，但数据质量方面略有不足，如未详细说明饲料检测的具体项目。
问题：诊断部分虽提及多种可能性，但未明确指出最可能的营养失衡类型，缺乏针对性。；病理逻辑部分对症状与营养失衡的关联性解释不够深入，如关节肿大与钙磷比例失调的具体机制。；数据质量方面，饲料检测的具体项目未详细说明，可能影响后续处理的精准性。；休药期承诺未给出具体时间范围，仅强调检测合格后，略显模糊。",,,,,,,,,,False,,,,,88,28,18,24,18,reject,19.37,,
3b4c8591-7b4a-551b-94f3-f4183aa61d44,68,猪呕吐毒素/DON中毒,swine_hunyuan_turbos,hunyuan-turbos-20250926,成功,,猪,我家有120头80公斤左右的育肥猪，最近三天陆续出现采食量明显下降、部分猪呕吐、精神沉郁的情况，没有发热，粪便正常。这批饲料是新换的玉米粉，怀疑可能有问题。想问还能不能继续喂？怎么送饲料去化验？要不要同时采猪的样品？,根据描述的症状（采食下降、呕吐、无发热）、饲料更换史及群体发病情况，高度提示可能与饲料中呕吐毒素（DON）污染有关。DON常见于玉米、小麦等谷物类原料，可引起猪拒食、呕吐等症状。需结合饲料成分分析、毒素检测以及同批饲料的其他猪群反应综合判断。,treatment_direction: 立即停喂可疑饲料，改用安全、无霉变、经过检测的饲料；对症状明显的猪进行对症治疗（如补液、维持电解质平衡），并观察恢复情况。；management_measures: 清理料槽残留可疑饲料，防止交叉污染；加强饲养管理，保证饮水清洁；记录发病猪数量、症状变化及死亡情况。；sampling_submission: 采集剩余可疑饲料样本（不少于500克，密封冷藏运输）；同时采集发病猪的血液、肝脏、胃内容物等组织样本，送至具备资质的实验室检测DON及其他霉菌毒素含量。；prohibited_boundaries: 在未获得检测结果前，严禁将可疑饲料继续投喂；若检出高含量DON或其他剧毒霉菌毒素，应按规定销毁饲料，并向当地畜牧兽医部门报告。,因属中毒事件，无特定休药期概念；在饲料更换为安全饲料且猪群恢复正常采食后方可考虑出栏或屠宰。,"{""disease_name"": ""猪呕吐毒素/DON中毒"", ""severity"": ""中等"", ""scene_tags"": [""育肥猪"", ""饲料更换"", ""采食下降"", ""呕吐""], ""validation_points"": [""症状符合DON中毒特征（拒食、呕吐、无高热）"", ""存在新换可疑饲料暴露史"", ""群体性发生支持饲料源性病因""], ""risk_flags"": [""需排除其他饲料毒素或非毒素性病因"", ""涉及饲料安全与食品安全风险""], ""case_type"": ""中毒处置边界"", ""target_disease"": ""猪呕吐毒素/DON中毒"", ""local_flags"": {""species_ok"": true, ""target_disease_in_diagnosis"": false, ""target_disease_mismatch"": true, ""contains_specific_dose"": false, ""contains_specific_withdrawal"": false, ""regulated_bad_treatment"": false}}",True,True,target_disease_in_diagnosis,target_disease_in_diagnosis,False,True,True,D:\XF-ChongQin\ai-\knowledge\llm_wiki_swine_authoritative,1465,887,"猪呕吐毒素/DON中毒
猪呕吐毒素/DON中毒、don trichothecene toxicosis
中毒处置边界
用户想知道是否继续饲喂可疑饲料、怎样送检饲料和病料。","{""HUMAN_REVIEWED"": 1, ""NEEDS_REVIEW"": 2, ""PROCESSED_SOURCE_A"": 1, ""PROCESSED_SOURCE_ANCHORED"": 1}","[""SRC-0001"", ""SRC-0069"", ""SRC-0085""]",2221,36.4,ERNIE-4.5-Turbo-32K,90,28,18,24,20,False,False,"该回答在诊断准确性、病理逻辑、处方安全性和数据质量方面表现良好，整体符合猪呕吐毒素/DON中毒的测试数据要求，无致命风险，通过评估。
问题：diagnosis_accuracy: 诊断部分未明确排除其他类似症状疾病（如其他霉菌毒素中毒或胃肠道感染），尽管提及需结合检测综合判断，但未充分强调鉴别诊断的重要性。；pathology_logic: 病理逻辑部分对DON中毒的病理机制解释不够深入，仅描述症状与饲料关联，未提及毒素作用机制（如抑制蛋白质合成导致消化道损伤）。；prescription_safety: 处方安全性中未明确补液和电解质平衡的具体措施（如口服补液盐或静脉输液的适用情况），可能影响实际操作安全性。；data_quality: 数据质量中场景标签和验证点较全面，但风险标志未提及人兽共患风险（虽DON中毒非人兽共患病，但饲料污染可能涉及其他共患病原），略显不足。",,,,,,,,,,False,,,,,90,28,18,24,20,reject,27.19,,
b7f158b2-00a2-5311-b484-ad2436e9f7ac,70,猪富马毒素中毒,swine_hunyuan_turbos,hunyuan-turbos-20250926,成功,,猪,我家有80头育肥猪，平均体重在90公斤左右，最近一周陆续出现呼吸急促、精神不振的情况，部分猪肚子鼓胀，食欲下降。这批猪一直吃的是新换的玉米型全价料，怀疑是饲料问题。请问还能继续喂吗？需要怎么送饲料和病料去检测？,结合病史、症状和饲料更换史，高度怀疑为富马毒素中毒，表现为肺水肿及可能的肝功能异常。需通过饲料毒素检测及病猪组织病理学分析确诊。,立即停止使用可疑饲料并封存留样；采集剩余饲料样品送至具备资质的实验室进行富马毒素及其他霉菌毒素检测；同时采集病死猪肺、肝等组织样本送检；加强通风、减少应激，提供清洁饮水和易消化的饲料；严禁将可疑饲料转喂其他批次猪群；若检出超标，应按监管部门要求处置。,因属中毒事件，无特定药物休药期，但须确保饲料毒素降至安全限值后方可恢复饲喂。,"{""disease_name"": ""猪富马毒素中毒"", ""severity"": ""中等至严重"", ""scene_tags"": [""育肥猪"", ""饲料更换"", ""呼吸症状"", ""食欲减退""], ""validation_points"": [""症状符合肺水肿及肝毒性表现"", ""饲料更换史提示毒素暴露风险"", ""需饲料与病料双重检测验证""], ""risk_flags"": [""疑似饲料污染"", ""潜在批量发病风险""], ""case_type"": ""中毒处置边界"", ""target_disease"": ""猪富马毒素中毒"", ""local_flags"": {""species_ok"": true, ""target_disease_in_diagnosis"": false, ""target_disease_mismatch"": true, ""contains_specific_dose"": false, ""contains_specific_withdrawal"": false, ""regulated_bad_treatment"": false}}",True,True,target_disease_in_diagnosis,target_disease_in_diagnosis,False,True,True,D:\XF-ChongQin\ai-\knowledge\llm_wiki_swine_authoritative,1465,887,"猪富马毒素中毒
猪富马毒素中毒、fumonisin toxicosis
中毒处置边界
用户想知道是否继续饲喂可疑饲料、怎样送检饲料和病料。","{""NEEDS_REVIEW"": 2, ""PROCESSED_SOURCE_ANCHORED"": 2}","[""SRC-0001"", ""SRC-0085""]",2221,34.88,ERNIE-4.5-Turbo-32K,88,28,18,24,18,False,False,"该回答整体表现良好，诊断准确性较高，症状与疾病匹配合理，诊断逻辑清晰，处理方向安全且与疾病相互印证。数据质量方面，场景描述和验证点较为全面，但部分细节可进一步优化。
问题：诊断准确性方面，虽然症状与疾病匹配合理，但未明确提及富马毒素中毒的典型症状（如神经症状），可能影响诊断的全面性。；病理学逻辑方面，未详细说明肺水肿及肝功能异常与富马毒素中毒的具体关联机制，逻辑链条稍显薄弱。；处方安全性方面，处理方向安全，但未提及检测结果出来前的临时应对措施（如使用解毒剂或支持疗法），可能影响应急处理效果。；数据质量方面，场景标签和验证点较为全面，但未提及猪群的整体健康状况或历史发病情况，可能影响诊断的准确性。",,,,,,,,,,False,,,,,88,28,18,24,18,reject,26.42,,
edf10bbe-7738-55fd-a59e-b14d41525eb9,71,猪矿物质与化学物中毒,swine_hunyuan_turbos,hunyuan-turbos-20250926,成功,,猪,我家有200头育肥猪，平均体重在60公斤左右，上周刚换了一批新玉米做饲料，这两天陆续出现采食量明显下降、有几头还呕吐，个别母猪出现流产迹象，精神也差。想问问是不是饲料有问题？,根据描述，结合近期更换饲料原料的情况，高度怀疑为饲料源性矿物或化学物质中毒，如重金属、霉菌毒素或其他污染物引起的中毒反应。需进一步排查饲料成分及可能的污染源。,立即停喂可疑批次饲料，更换为安全饲料并加强饮水管理；对出现症状的猪只进行隔离观察，采集剩余饲料、呕吐物及血液样本送实验室检测毒物种类；同时检查饲料储存条件与环境是否有污染可能；严禁使用未经检测安全的饲料继续投喂。,因涉及潜在毒物残留，应依据检测结果确定相应休药期，期间禁止出售或屠宰受影响猪只。,"{""disease_name"": ""猪矿物质与化学物中毒"", ""severity"": ""中等至严重"", ""scene_tags"": [""饲料更换"", ""育肥猪"", ""采食下降"", ""呕吐"", ""繁殖障碍""], ""validation_points"": [""症状与饲料更换时间吻合"", ""存在群体性表现提示共同暴露源"", ""需排除其他传染病""], ""risk_flags"": [""疑似饲料中毒"", ""需采样检测"", ""可能影响繁殖性能""], ""case_type"": ""饲料中毒咨询"", ""target_disease"": ""猪矿物质与化学物中毒"", ""local_flags"": {""species_ok"": true, ""target_disease_in_diagnosis"": false, ""target_disease_mismatch"": true, ""contains_specific_dose"": false, ""contains_specific_withdrawal"": false, ""regulated_bad_treatment"": false}}",True,True,target_disease_in_diagnosis,target_disease_in_diagnosis,False,True,True,D:\XF-ChongQin\ai-\knowledge\llm_wiki_swine_authoritative,1465,887,"猪矿物质与化学物中毒
猪矿物质与化学物中毒、toxic minerals chemicals plants and gases
饲料中毒咨询
更换饲料或玉米批次后出现采食下降、呕吐、繁殖异常或神经症状，用户怀疑饲料问题。","{""NEEDS_REVIEW"": 2, ""PROCESSED_SOURCE_ANCHORED"": 1}","[""SRC-0001"", ""SRC-0086""]",2221,25.97,ERNIE-4.5-Turbo-32K,88,28,18,24,18,False,False,"整体回答质量较高，诊断准确，处理方向安全，但部分细节可优化。
问题：diagnosis_accuracy: 诊断准确度较高，但未明确提及具体可能的矿物或化学物质，略显笼统。；pathology_logic: 病理逻辑合理，但未详细解释症状与中毒之间的具体关联机制。；prescription_safety: 处方安全，但休药期承诺过于依赖检测结果，未给出初步建议。；data_quality: 数据质量良好，但场景标签和验证点可更具体。",,,,,,,,,,False,,,,,88,28,18,24,18,reject,18.56,,
53c2a594-5dba-579c-8aad-844ed52114ba,72,猪亚硝酸盐中毒,swine_hunyuan_turbos,hunyuan-turbos-20250926,成功,,猪,我家有120头60公斤左右的育肥猪，最近两天陆续有几头突然倒地、呼吸急促、口吐白沫，有的还拉暗红色血便，昨天开始死了3头。怀疑是前几天换的青贮玉米饲料有问题，想问还能不能继续喂这批料？另外该怎么采饲料样和病猪样去化验？,根据描述的症状（突发呼吸困难、黏膜发绀、出血性腹泻）及近期更换青贮饲料的情况，高度怀疑为急性亚硝酸盐中毒。该病常由含高硝酸盐/亚硝酸盐的青贮饲料引起，导致血红蛋白氧化成高铁血红蛋白，造成全身缺氧。需要结合饲料和病料检测硝酸盐/亚硝酸盐含量以及高铁血红蛋白比例来确诊。,treatment_direction: 立即停止饲喂可疑青贮饲料，更换为安全无污染的饲料；对尚存活且症状较轻的猪，可在兽医指导下使用亚甲蓝等解毒剂，并结合支持疗法如补液、供氧；重症病例预后差，必要时人道淘汰。；management_measures: 全群停喂可疑饲料，检查饮水系统有无污染；加强通风，减少应激；密切观察剩余猪只精神、呼吸、粪便变化。；sampling_and_testing: 采集剩余可疑青贮饲料样品送实验室检测硝酸盐/亚硝酸盐含量；同时采集病死猪的血液（测高铁血红蛋白）、胃内容物、肝组织进行毒物分析；注意保存和运输条件以防降解。；prohibited_boundaries: 在未明确诊断前不得继续使用可疑饲料；禁止将病死猪尸体随意丢弃或流入市场；严禁私自屠宰销售疑似中毒猪只。,由于病因可能为饲料中毒而非药物残留，无特定休药期概念；但应保证后续饲料安全，并在恢复饲养前进行健康评估。,"{""disease_name"": ""猪亚硝酸盐中毒"", ""severity"": ""高致死率急性中毒"", ""scene_tags"": [""育肥猪"", ""青贮饲料"", ""急性缺氧"", ""出血性腹泻""], ""validation_points"": [""症状符合急性亚硝酸盐中毒特征（呼吸困难、发绀、出血性腹泻）"", ""存在可疑高硝酸盐青贮饲料暴露史"", ""需通过饲料和病料检测确认""], ""risk_flags"": [""重大中毒事件"", ""潜在群体感染风险"", ""需立即停喂可疑饲料""], ""case_type"": ""中毒处置边界"", ""target_disease"": ""猪亚硝酸盐中毒"", ""local_flags"": {""species_ok"": true, ""target_disease_in_diagnosis"": false, ""target_disease_mismatch"": true, ""contains_specific_dose"": false, ""contains_specific_withdrawal"": false, ""regulated_bad_treatment"": false}}",True,True,target_disease_in_diagnosis,target_disease_in_diagnosis,False,True,True,D:\XF-ChongQin\ai-\knowledge\llm_wiki_swine_authoritative,1465,887,"猪亚硝酸盐中毒
猪亚硝酸盐中毒、nitrite toxicosis
中毒处置边界
用户想知道是否继续饲喂可疑饲料、怎样送检饲料和病料。","{""HUMAN_REVIEWED"": 1, ""NEEDS_REVIEW"": 2, ""PROCESSED_SOURCE_ANCHORED"": 2}","[""SRC-0001"", ""SRC-0062"", ""SRC-0084"", ""SRC-0086""]",2152,23.46,ERNIE-4.5-Turbo-32K,92,28,19,24,21,False,False,"该回答对猪亚硝酸盐中毒的诊断准确，症状与疾病匹配度高，诊断逻辑清晰，处理方向安全合理，数据质量较高，无明显错误。
问题：诊断准确性方面，虽然整体准确，但未完全覆盖所有可能症状（如黏膜发绀未明确提及）；病理逻辑上，对疾病机制的描述可更深入；处方安全性上，解毒剂使用建议较笼统，未提及具体剂量；数据质量上，采样和检测建议可更详细。",,,,,,,,,,False,,,,,92,28,19,24,21,reject,13.95,,
36ad8134-224a-5fc6-8ab0-64eb66578bc2,73,猪有毒气体与通风失败损伤,swine_hunyuan_turbos,hunyuan-turbos-20250926,成功,,猪,我家是育肥场，存栏大概800头，平均体重在90公斤左右。这批猪从上周开始陆续出现采食量下降、个别有呕吐现象，还有几头母猪出现流产迹象，部分猪精神沉郁、呼吸急促。最近我们刚换了新一批玉米，而且这几天天气闷热，舍内通风不太好，粪池也没及时清理。想问问是不是饲料有问题还是别的原因？,结合病史、症状和现场条件，考虑为粪污分解产生的有害气体（如氨气、硫化氢）导致的中毒，同时需排除饲料毒素（如霉菌毒素）叠加影响。当前表现符合群体性环境暴露特征，而非单一传染病。,treatment_direction: 立即改善圈舍通风，降低有害气体浓度；暂停使用可疑饲料批次并取样送检；对症状明显个体进行隔离观察，减少应激。；management_measures: 加强粪污清理频率，避免高温密闭环境下搅动粪池；调整饲喂方式，分餐少量多次；监测全群采食、呼吸和精神状况。；sampling_submission: 采集可疑饲料样品送实验室检测霉菌毒素及营养成分；必要时采集病死猪组织做病理学检查。；prohibited_boundaries: 严禁在未查明病因前随意投喂抗生素或解毒剂；禁止将疑似污染饲料直接转喂其他猪群；若发现严重死亡或群体性神经症状，应立即向当地畜牧兽医部门报告。,因属环境管理类问题，无特定休药期；但若后续使用治疗药物，须按药品说明执行相应停药期。,"{""disease_name"": ""猪有毒气体与通风失败损伤"", ""severity"": ""中等至严重（取决于暴露浓度和时间）"", ""scene_tags"": [""群体暴露"", ""环境管理"", ""通风不良"", ""粪污气体""], ""validation_points"": [""症状与有害气体暴露一致（采食下降、呕吐、流产、呼吸急促）"", ""存在通风差、粪池未及时清理的诱因"", ""近期更换饲料提示可能叠加毒素风险""], ""risk_flags"": [""潜在群体性健康威胁"", ""需排除饲料毒素叠加"", ""涉及重大动物疫病排查边界""], ""case_type"": ""饲料中毒咨询"", ""target_disease"": ""猪有毒气体与通风失败损伤"", ""local_flags"": {""species_ok"": true, ""target_disease_in_diagnosis"": false, ""target_disease_mismatch"": true, ""contains_specific_dose"": false, ""contains_specific_withdrawal"": false, ""regulated_bad_treatment"": false}}",True,True,target_disease_in_diagnosis,target_disease_in_diagnosis,False,True,True,D:\XF-ChongQin\ai-\knowledge\llm_wiki_swine_authoritative,1465,887,"猪有毒气体与通风失败损伤
猪有毒气体与通风失败损伤、toxic gases ventilation failure
饲料中毒咨询
更换饲料或玉米批次后出现采食下降、呕吐、繁殖异常或神经症状，用户怀疑饲料问题。","{""HUMAN_REVIEWE"": 1, ""HUMAN_REVIEWED"": 1, ""NEEDS_REVIEW"": 2, ""PROCESSED_SOURCE_ANCHORED"": 1}","[""SRC-0001"", ""SRC-0007"", ""SRC-0041"", ""SRC-0086""]",2221,31.05,ERNIE-4.5-Turbo-32K,82,27,18,22,15,False,False,"该回答整体表现良好，诊断准确，考虑了环境因素和饲料毒素的叠加影响，处理方向安全合理，符合疾病特征。但在数据质量和病理逻辑方面存在一定不足，需进一步优化。
问题：data_quality: 症状描述和现场条件分析较为全面，但缺乏对具体气体浓度或饲料毒素检测结果的引用，数据支撑略显不足。；pathology_logic: 对有害气体中毒的病理机制解释不够深入，未明确阐述气体如何导致具体症状（如流产、呼吸急促）的生理过程。；diagnosis_accuracy: 诊断准确，但未完全排除其他潜在疾病（如传染病）的可能性，尽管当前症状更符合环境暴露特征。",,,,,,,,,,False,,,,,82,27,18,22,15,reject,21.38,,
1bae9ded-8283-5968-9d3a-73298f60964a,87,猪痢疾,swine_hunyuan_turbos,hunyuan-turbos-20250926,成功,,猪,我这边是300头基础母猪的自繁自养场，最近有5头怀孕后期母猪陆续流产，还有两头产下死胎，另外有两头空怀母猪发情不明显、返情率高。场内温度湿度正常，通风还行，之前没用过什么特别的药物。想问是不是传染病？还能继续配种吗？,根据描述，流产、死胎及返情率升高提示可能存在繁殖障碍性疾病，如布鲁氏菌病、伪狂犬病、蓝耳病等病毒性疾病，也可能涉及细菌性感染或管理应激因素。需要结合实验室检测（如血清学、PCR）和剖检结果综合判断。目前信息不足以直接诊断为猪痢疾，因为该病主要表现为腹泻而非繁殖障碍。,建议立即隔离可疑母猪，采集血液、流产胎儿组织及阴道分泌物送实验室检测常见繁殖障碍病原体（包括布鲁氏菌、PRRSV、伪狂犬病毒等）；同时排查饲料营养、热应激及饲养密度等因素。在未明确病因前暂停配种计划，防止潜在病原扩散。严禁使用未经许可的人用抗生素或激素类药物进行促孕或保胎。,在病因明确并制定针对性防控方案前，不建议恢复配种；若后续使用药物治疗，应依据检测结果和兽医指导确定停药期和复配时间。,"{""disease_name"": ""繁殖障碍综合征（待查）"", ""severity"": ""高"", ""scene_tags"": [""种猪场"", ""繁殖障碍"", ""流产"", ""死胎"", ""返情""], ""validation_points"": [""流产与死胎提示可能病毒性或细菌性繁殖障碍"", ""返情率升高可能与感染或管理因素有关"", ""猪痢疾通常表现为腹泻，不符合当前主诉""], ""risk_flags"": [""疑似重大动物疫病风险"", ""需实验室确诊后方可决定防控措施""], ""case_type"": ""种猪繁殖障碍"", ""target_disease"": ""猪痢疾"", ""local_flags"": {""species_ok"": true, ""target_disease_in_diagnosis"": true, ""target_disease_mismatch"": false, ""contains_specific_dose"": false, ""contains_specific_withdrawal"": false, ""regulated_bad_treatment"": false}}",False,False,,,True,False,False,D:\XF-ChongQin\ai-\knowledge\llm_wiki_swine_authoritative,1465,887,"猪痢疾
猪痢疾、swine dysentery brachyspira hyodysenteriae、swine dysentery、Brachyspira
种猪繁殖障碍
种猪场出现流产、死胎、返情或公猪异常，用户担心传染病和是否继续配种。","{""HUMAN_REVIEWED"": 2}","[""SRC-0001"", ""SRC-0077""]",2221,33.72,ERNIE-4.5-Turbo-32K,65,20,15,15,15,False,False,"该回答在诊断准确性、病理逻辑、处方安全性和数据质量方面存在一定不足，整体评分65分，属于需要进一步审查的范畴。回答未直接诊断猪痢疾，但未完全排除其他繁殖障碍性疾病的可能性，且未充分解释猪痢疾与当前症状的不匹配性。
问题：诊断准确性方面，回答未直接针对猪痢疾进行诊断，而是列出了多种可能的繁殖障碍性疾病，未充分解释猪痢疾与当前症状（流产、死胎、返情）的不匹配性，导致诊断准确性评分较低。；病理逻辑方面，回答虽然提到了需要结合实验室检测和剖检结果综合判断，但未详细阐述各种疾病的病理机制与当前症状的关联，病理逻辑不够清晰。；处方安全性方面，回答建议隔离可疑母猪并采集样本送检，这是合理的，但未针对猪痢疾提出具体的预防或治疗措施（尽管当前症状不符合猪痢疾），且对配种计划的暂停建议较为笼统，未充分考虑不同病原的潜伏期和传染性。；数据质量方面，回答中的信息基本完整，但缺乏对猪痢疾具体症状的详细描述和与当前症状的对比分析，数据质量有待提升。",,,,,,,,,,False,,,,,65,20,15,15,15,review,24.63,,
f5199879-c20e-537c-8ef1-f0be515ac147,90,猪霉菌毒素中毒,swine_hunyuan_turbos,hunyuan-turbos-20250926,成功,,猪,我家有120头育肥猪，平均体重在90公斤左右，最近一周陆续出现食欲下降、精神沉郁、粪便稀软甚至带血的情况，个别猪体温偏高到40℃左右，之前一直用同一批自配料，这批料是上个月新进的玉米和小麦混合粉，储存条件一般，湿度大。想问下这种情况是不是饲料有问题？还能不能继续喂这料？如果要送样化验该怎么做？,根据描述的症状（食欲下降、腹泻带血、精神差、部分发热），结合近期使用的新进玉米小麦混合料且储存条件不佳，高度怀疑为猪霉菌毒素中毒。霉菌毒素可由镰刀菌等产毒真菌污染谷物引起，导致消化道损伤及全身反应。需排除其他传染病如猪痢疾、圆环病毒病等。,treatment_direction: 立即停喂可疑饲料，更换为无霉变、质量可靠的饲料；提供清洁饮水，必要时添加电解质和维生素C缓解应激；对严重病例进行对症治疗（如补液、止血）。；management_measures: 清理料槽并彻底清洗消毒；检查库存原料霉变情况，剔除霉变颗粒；改善仓储通风防潮；加强饲养管理减少应激。；sampling_and_testing: 采集剩余可疑饲料样品（至少500g，分装密封冷藏送检）；同时采集病死猪肝、肾、肠道内容物等组织样本送实验室检测霉菌毒素含量；建议联系当地畜牧兽医部门或有资质的第三方检测机构。；prohibited_boundaries: 严禁将疑似中毒饲料直接丢弃于水源附近以防环境污染；禁止随意出售或转赠可疑饲料；若检出高毒性霉菌毒素或伴随重大疫情迹象，应配合主管部门采取封锁、无害化处理等措施。,因属中毒事件，无药物休药期概念，但需确保后续饲料安全后方可恢复正常出栏计划。,"{""disease_name"": ""猪霉菌毒素中毒"", ""severity"": ""中等至重度（视毒素种类与摄入量而定）"", ""scene_tags"": [""育肥猪"", ""饲料污染"", ""霉菌毒素"", ""中毒处置""], ""validation_points"": [""症状符合霉菌毒素中毒特征"", ""存在可疑霉变饲料接触史"", ""需通过饲料与病料检测确诊""], ""risk_flags"": [""可能涉及多种霉菌毒素复合作用"", ""存在继发感染风险"", ""需防止毒素扩散至健康猪群""], ""case_type"": ""中毒处置边界"", ""target_disease"": ""猪霉菌毒素中毒"", ""local_flags"": {""species_ok"": true, ""target_disease_in_diagnosis"": true, ""target_disease_mismatch"": false, ""contains_specific_dose"": true, ""contains_specific_withdrawal"": false, ""regulated_bad_treatment"": false}}",True,True,contains_specific_dose,contains_specific_dose,True,False,True,D:\XF-ChongQin\ai-\knowledge\llm_wiki_swine_authoritative,1465,887,"猪霉菌毒素中毒
猪霉菌毒素中毒、mycotoxins in grains and feeds
中毒处置边界
用户想知道是否继续饲喂可疑饲料、怎样送检饲料和病料。","{""NEEDS_REVIEW"": 2, ""PROCESSED_SOURCE_ANCHORED"": 2}","[""SRC-0001"", ""SRC-0085""]",2220,26.63,ERNIE-4.5-Turbo-32K,88,28,18,24,18,False,False,"整体回答质量较高，诊断准确性、处方安全性和管理措施均较为合理，数据质量基本满足要求，无明显致命风险。
问题：diagnosis_accuracy: 诊断部分虽提及需排除其他传染病，但未明确说明具体排除方法或依据，略显不足。；pathology_logic: 病理逻辑部分对霉菌毒素中毒的机制描述较为简略，未深入阐述毒素如何导致具体症状。；data_quality: 数据质量方面，症状描述与疾病匹配度较高，但缺乏具体检测数据或实验室结果支持，略显单薄。",,,,,,,,,,False,,,,,88,28,18,24,18,reject,17.57,,
981c3923-c593-5ba5-915e-2a73378f0eca,95,猪布尼亚病毒相关感染,swine_hunyuan_turbos,hunyuan-turbos-20250926,成功,,猪,我家有200多头育肥猪，平均体重60公斤左右，最近一周陆续出现精神沉郁、食欲下降、体温38.8℃左右的情况，个别猪皮肤有点发紫，粪便正常。之前用过阿莫西林拌料三天，效果不明显。请问这种情况是不是布尼亚病毒引起的？需要采哪些样品去化验？怎么判断是不是这个病？怕误诊耽误防控。,根据描述，目前症状较轻且无明显腹泻或呼吸道表现，结合使用抗生素无效，需考虑病毒性感染可能，包括猪布尼亚病毒感染的可能。但由于该病在育肥猪中多为隐性感染，临床表现缺乏特异性，仅凭症状难以确诊，需通过实验室检测确认。,treatment_direction: 暂无特效抗病毒药物，以支持疗法为主，改善饲养管理，减少应激，保证饮水和饲料质量。；management_measures: 隔离观察发病猪，加强圈舍通风与清洁，避免混群运输，防止继发细菌感染。；sampling_for_testing: 建议采集发病猪的血液（全血及血清）、脾脏、淋巴结等组织样本送专业实验室进行病毒核酸检测（RT-PCR）或血清学检测（ELISA），同时记录采样日期、猪只编号和临床症状以便分析。；prohibited_actions: 在未获得实验室确诊前，不得作为唯一依据实施扑杀、大规模免疫或跨区域调运；避免使用未经证实的偏方或超范围用药。,因无特定药物治疗，不涉及药物休药期问题。若后续使用抗生素控制继发感染，应遵守所用药品说明书规定的休药期。,"{""disease_name"": ""猪布尼亚病毒相关感染"", ""severity"": ""中等（取决于感染阶段和继发感染情况）"", ""scene_tags"": [""育肥猪"", ""低热"", ""食欲减退"", ""皮肤发绀"", ""抗生素治疗无效""], ""validation_points"": [""症状符合布尼亚病毒感染的非特异表现"", ""抗生素无效提示非细菌性病因"", ""需实验室检测确认""], ""risk_flags"": [""需排除其他重要传染病"", ""避免误诊导致不当处置""], ""case_type"": ""采样送检咨询"", ""target_disease"": ""猪布尼亚病毒相关感染"", ""local_flags"": {""species_ok"": true, ""target_disease_in_diagnosis"": false, ""target_disease_mismatch"": true, ""contains_specific_dose"": false, ""contains_specific_withdrawal"": false, ""regulated_bad_treatment"": false}}",True,True,target_disease_in_diagnosis,target_disease_in_diagnosis,False,True,True,D:\XF-ChongQin\ai-\knowledge\llm_wiki_swine_authoritative,1465,887,"猪布尼亚病毒相关感染
猪布尼亚病毒相关感染、bunyaviruses akabane lumbo oya tahyna
采样送检咨询
用户描述症状后，重点询问采什么样品、如何判断和如何避免误治。","{""HUMAN_REVIEWED"": 2, ""NEEDS_REVIEW"": 2}","[""SRC-0001"", ""SRC-0033""]",2221,28.73,ERNIE-4.5-Turbo-32K,82,27,18,23,14,False,False,"整体回答较为全面，诊断逻辑合理，考虑了病毒性感染的可能性，并强调了实验室检测的重要性。处理方向安全，未出现与疾病相冲突的处方。数据质量方面，症状描述与疾病特征基本匹配，但部分细节可进一步完善。
问题：诊断准确性方面，虽然考虑了病毒性感染的可能性，但对猪布尼亚病毒感染的特异性症状描述不够详细，可能影响初步判断。；病理逻辑方面，对疾病在育肥猪中的隐性感染特性解释不够深入，可能影响用户对疾病严重性的理解。；处方安全方面，处理方向基本安全，但缺乏对继发感染具体预防措施的详细说明。；数据质量方面，症状描述与疾病特征匹配度较高，但缺乏对猪只整体健康状况的详细评估，如是否有其他并发症状等。",,,,,,,,,,False,,,,,82,27,18,23,14,reject,19.59,,
9b26cb55-98aa-5213-8530-44f5869d9252,99,猪血凝性脑脊髓炎,swine_hunyuan_turbos,hunyuan-turbos-20250926,成功,,猪,我这边是300头基础母猪的种猪场，最近半个月陆续有5头怀孕90多天的母猪发生流产，还有两头公猪采精量明显下降、性欲减退。之前没做过什么疫苗，场内通风一般，温度偏高。想问下是不是传染病？还能不能继续配种？,根据描述，怀孕中后期流产、死胎及公猪精液质量下降提示可能存在病毒性繁殖障碍性疾病。猪血凝性脑脊髓炎病毒（HEV）可引起妊娠母猪流产、死胎，同时也可影响公猪精液品质。此外，其他如蓝耳病、伪狂犬病、乙脑等也需排查。建议采集流产胎儿、胎盘组织及公猪精液送实验室检测，并做血清学筛查。,treatment_direction: 目前无特效抗病毒药物，主要采取对症支持措施，减少应激，改善饲养管理。；management_measures: 立即隔离流产母猪，清理产床及环境消毒；暂停受影响公猪配种，观察恢复情况；加强通风降温，保证饲料营养平衡。；sampling_and_testing: 采集流产胎儿、胎盘、脐带及公猪精液样本，送具备资质的实验室进行HEV及其他常见繁殖障碍病原PCR检测及血清学检测。；prohibited_boundaries: 严禁将流产胎儿、胎盘随意丢弃或喂犬猫；禁止未经检测的公猪参与配种；发现可疑疫情应立即向当地畜牧兽医部门报告。,因属病毒感染，无特定停药期，需依据检测结果及官方指导决定是否恢复配种。,"{""disease_name"": ""猪血凝性脑脊髓炎"", ""severity"": ""中等至严重（视感染日龄及防控情况而定）"", ""scene_tags"": [""种猪场"", ""繁殖障碍"", ""流产"", ""公猪精液质量下降""], ""validation_points"": [""怀孕中后期流产符合HEV临床表现"", ""公猪精液量减少、性欲减退可与病毒感染相关"", ""需通过实验室检测排除其他繁殖障碍病因""], ""risk_flags"": [""可能为人畜共患病以外的重要经济动物疫病"", ""存在场内传播风险"", ""可能影响全群繁殖性能""], ""case_type"": ""种猪繁殖障碍"", ""target_disease"": ""猪血凝性脑脊髓炎"", ""local_flags"": {""species_ok"": true, ""target_disease_in_diagnosis"": true, ""target_disease_mismatch"": false, ""contains_specific_dose"": false, ""contains_specific_withdrawal"": false, ""regulated_bad_treatment"": false}}",False,False,,,True,False,False,D:\XF-ChongQin\ai-\knowledge\llm_wiki_swine_authoritative,1465,887,"猪血凝性脑脊髓炎
猪血凝性脑脊髓炎、hemagglutinating encephalomyelitis virus
种猪繁殖障碍
种猪场出现流产、死胎、返情或公猪异常，用户担心传染病和是否继续配种。","{""HUMAN_REVIEWED"": 3, ""NEEDS_REVIEW"": 2}","[""SRC-0001"", ""SRC-0025"", ""SRC-0035"", ""SRC-0037""]",2186,27.41,ERNIE-4.5-Turbo-32K,72,24,16,18,14,False,False,"该回答在诊断准确性、病理逻辑、处方安全性和数据质量方面表现中等，存在部分不足，但未发现致命风险。诊断考虑了猪血凝性脑脊髓炎病毒（HEV）及其他繁殖障碍性疾病的可能性，建议实验室检测以确认，逻辑合理。处方中对症支持措施和隔离消毒建议安全有效，但未明确提及人兽共患病风险防控。数据质量方面，场景标签和验证点基本覆盖，但风险描述不够全面。
问题：诊断准确性方面，虽然考虑了HEV及其他繁殖障碍性疾病，但未明确说明HEV的特异性症状或与其他疾病的区分点。；病理逻辑方面，未详细阐述HEV如何导致公猪精液质量下降的具体机制。；处方安全性方面，未提及人兽共患病风险防控措施，如人员防护和废弃物处理。；数据质量方面，风险描述不够全面，未提及HEV的传播途径和防控难度。",,,,,,,,,,False,,,,,72,24,16,18,14,review,19.43,,
9c45381a-5bcb-5478-9152-f39a2bed669b,100,猪呼吸道冠状病毒感染,swine_hunyuan_turbos,hunyuan-turbos-20250926,成功,,猪,我家有200多头80公斤左右的育肥猪，还有半个月就要出栏了，这几天陆续有几头开始拉稀，精神还行，采食量稍微下降，体温正常，圈舍通风一般，之前没用过什么抗病毒药，这种情况还能继续养到出栏吗？要不要隔离或者提前卖？,根据描述，结合近期育肥猪在出栏前出现轻度腹泻、精神尚可、无明显发热的情况，考虑可能为猪呼吸道冠状病毒感染（PRCV）等病毒性呼吸道疾病继发消化道症状，也可能与其他应激因素（如运输、密度、通风不良）有关。需排除细菌性肠炎及饲料问题。,treatment_direction: 无特效抗病毒药物，重点加强饲养管理，减少应激，保证饮水清洁，适当补充电解质和维生素，维持营养水平。；management_measures: 改善圈舍通风，降低饲养密度，分栏饲养以减少交叉感染机会；对发病猪进行观察记录，防止病情扩散。；sampling_and_testing: 采集新鲜粪便或鼻拭子送实验室检测，明确病原类型，区分是否为PRCV或其他病原混合感染。；prohibited_boundaries: 禁止随意使用未经批准的兽药或人用药；若怀疑重大动物疫病（如非洲猪瘟），应立即停止调运并报告当地畜牧兽医部门。,因无特定化学药物干预，不存在常规休药期限制，但需确保无重大疫病后方可出栏。,"{""disease_name"": ""猪呼吸道冠状病毒感染"", ""severity"": ""中等偏轻"", ""scene_tags"": [""育肥猪"", ""出栏前"", ""腹泻"", ""应激""], ""validation_points"": [""症状符合PRCV常见表现（呼吸道嗜性可伴消化道症状）"", ""无高热、死亡率低支持非烈性传染病判断"", ""建议通过实验室检测确认病原""], ""risk_flags"": [""需排除其他病原混合感染"", ""临近出栏需关注检疫与调运政策""], ""case_type"": ""腹泻出栏边界"", ""target_disease"": ""猪呼吸道冠状病毒感染"", ""local_flags"": {""species_ok"": true, ""target_disease_in_diagnosis"": true, ""target_disease_mismatch"": false, ""contains_specific_dose"": false, ""contains_specific_withdrawal"": false, ""regulated_bad_treatment"": false}}",False,False,,,True,False,False,D:\XF-ChongQin\ai-\knowledge\llm_wiki_swine_authoritative,1465,887,"猪呼吸道冠状病毒感染
猪呼吸道冠状病毒感染、porcine respiratory coronavirus
腹泻出栏边界
临近出栏猪群出现腹泻，用户关心处理方向、隔离和用药后能否销售。","{""HUMAN_REVIEWED"": 1, ""NEEDS_REVIEW"": 4}","[""A0-MOA-573"", ""SRC-0001""]",2027,29.08,ERNIE-4.5-Turbo-32K,78,25,18,20,15,False,False,"该回答在诊断准确性、病理逻辑、处方安全性和数据质量方面表现中等，存在部分不足，需进一步优化。
问题：诊断准确性方面，虽然考虑了猪呼吸道冠状病毒感染的可能性，但未充分排除其他常见腹泻病原（如猪流行性腹泻病毒、轮状病毒等），且未明确提及呼吸道症状的关联性。；病理逻辑方面，对疾病与症状的关联性解释不够深入，未充分阐述为何考虑PRCV而非其他疾病。；处方安全性方面，建议基本合理，但缺乏具体药物或补充剂的推荐（如电解质和维生素的具体类型），可能影响实际操作的指导性。；数据质量方面，场景标签和验证点较为全面，但风险标志中未明确提及人兽共患风险（尽管PRCV非人兽共患病，但需确认其他可能病原的排除）。",,,,,,,,,,False,,,,,78,25,18,20,15,review,20.94,,
2f95778e-896d-517a-923f-fa773ad124ff,110,猪副黏病毒相关感染,swine_hunyuan_turbos,hunyuan-turbos-20250926,成功,,猪,我家有200头70公斤左右的育肥猪，这几天陆续有几头开始发烧到40度左右，精神沉郁、不吃料，有的还咳嗽、流鼻涕，个别猪呼吸有点急促。之前用了替米考星和多西环素拌料三天，体温降了点，但还是没完全恢复，现在想问还能不能再继续用这些药？圈舍通风还可以，最近天气忽冷忽热。,根据描述，育肥猪群出现高热、呼吸道症状，结合用药史及环境因素，考虑可能为病毒性呼吸道感染，如猪副黏病毒相关感染或其他呼吸道综合征的早期表现。需排除细菌性继发感染及其他重要传染病。,建议立即停喂原饲料，改为易消化的稀料并添加多维电解质饮水；加强圈舍保温与通风管理，减少应激；对症状明显的个体进行隔离观察；采集鼻拭子、血液等样本送实验室检测，明确病原类型后再针对性用药；在未确诊前避免使用未经许可的抗生素组合，防止耐药性和掩盖病情。若怀疑为重大动物疫病，应按规定上报并配合主管部门处置。,因未确定病原且未使用特定药物，无法给出具体休药期；在检测结果出来前，不建议出栏销售。,"{""disease_name"": ""猪副黏病毒相关感染"", ""severity"": ""中等至严重"", ""scene_tags"": [""育肥猪"", ""呼吸道症状"", ""发热"", ""用药无效""], ""validation_points"": [""症状符合病毒性呼吸道疾病特征"", ""用药后部分缓解但未痊愈提示可能非单一细菌感染"", ""环境应激因素存在""], ""risk_flags"": [""需排除重大动物疫病"", ""需实验室确诊病原""], ""case_type"": ""育肥猪用药咨询"", ""target_disease"": ""猪副黏病毒相关感染"", ""local_flags"": {""species_ok"": true, ""target_disease_in_diagnosis"": true, ""target_disease_mismatch"": false, ""contains_specific_dose"": false, ""contains_specific_withdrawal"": false, ""regulated_bad_treatment"": false}}",False,False,,,True,False,False,D:\XF-ChongQin\ai-\knowledge\llm_wiki_swine_authoritative,1465,887,"猪副黏病毒相关感染
猪副黏病毒相关感染、paramyxoviruses
育肥猪用药咨询
育肥猪出现典型症状，用户已经用过常见药物但效果一般，询问是否继续用药。","{""NEEDS_REVIEW"": 5}","[""SRC-0001""]",2034,27.36,ERNIE-4.5-Turbo-32K,78,25,18,20,15,False,False,"该回答在诊断准确性、病理逻辑、处方安全性和数据质量方面表现中等，存在部分不足，需进一步优化。
问题：诊断准确性方面，虽然考虑了病毒性呼吸道感染的可能性，但未明确提及猪副黏病毒相关感染，与目标疾病匹配度稍低。；病理逻辑方面，对症状与环境因素的分析较为合理，但缺乏对疾病发展过程的深入阐述。；处方安全性方面，建议停喂原饲料、加强管理、隔离观察等措施较为安全，但未给出具体治疗药物，略显保守。；数据质量方面，用户查询信息较为详细，但回答中未充分利用这些信息来增强诊断的准确性。",,,,,,,,,,False,,,,,78,25,18,20,15,review,17.31,,
bb664f43-26ea-55a1-a9fa-e5292cef812a,115,猪轮状病毒病,swine_hunyuan_turbos,hunyuan-turbos-20250926,成功,,猪,我家有200头母猪，刚产下一批小猪，现在10日龄左右，最近两天发现好几窝仔猪拉黄色稀粪，有的带泡沫，吃奶正常，精神也还行，就是个别有点脱水。圈舍温度20℃左右，湿度偏高，前几天用过庆大霉素拌料喂过几天，效果不明显。想问这是啥原因？怎么区分是病毒还是细菌或者寄生虫引起的？要不要送样检测？,根据日龄（10日龄）及症状（黄色稀粪、泡沫、轻度脱水），结合近期使用抗生素无效的情况，应考虑病毒性腹泻可能，尤其是轮状病毒等常见于新生仔猪的肠道病毒。同时需排除大肠杆菌、C型产气荚膜梭菌、球虫等病原。轮状病毒感染常表现为非出血性水样腹泻，伴绒毛萎缩和吸收障碍，与细菌性腹泻在外观上有时难以区分，需要实验室检测才能确诊。,treatment_direction: 目前无特效抗病毒药，以支持疗法为主，改善保温、减少应激、补充电解质和葡萄糖溶液防止脱水；暂停使用广谱抗生素以减少肠道菌群破坏。；management_measures: 加强产房卫生，保持适宜温湿度，及时清理粪污，减少交叉感染；对腹泻仔猪进行隔离护理，保证母乳摄入。；sampling_and_testing: 采集新鲜腹泻粪便样品，尽快送至具备资质的兽医实验室进行病原学检测（如PCR检测轮状病毒、大肠杆菌、梭菌、球虫等），以便明确病因并指导后续防控。；prohibited_or_boundary_actions: 不得在未明确病原前随意更换或加大抗生素用量；若检出法定重大疫病，应按规定立即报告并采取扑杀、无害化处理等措施。,因未使用特定药物，暂无直接休药期问题；但若后续使用兽药，应严格遵循标签说明并在出栏前满足相应休药期。,"{""disease_name"": ""猪轮状病毒病"", ""severity"": ""中等"", ""scene_tags"": [""新生仔猪"", ""腹泻"", ""病毒性腹泻"", ""采样送检""], ""validation_points"": [""日龄与轮状病毒易感期吻合"", ""症状符合病毒性腹泻特征"", ""抗生素治疗无效提示非单纯细菌感染"", ""建议实验室检测以区分病因""], ""risk_flags"": [""需排除法定重大疫病"", ""存在潜在人畜共患病风险时需谨慎""], ""case_type"": ""腹泻采样送检"", ""target_disease"": ""猪轮状病毒病"", ""local_flags"": {""species_ok"": true, ""target_disease_in_diagnosis"": false, ""target_disease_mismatch"": true, ""contains_specific_dose"": false, ""contains_specific_withdrawal"": false, ""regulated_bad_treatment"": false}}",True,True,target_disease_in_diagnosis,target_disease_in_diagnosis,False,True,True,D:\XF-ChongQin\ai-\knowledge\llm_wiki_swine_authoritative,1465,887,"猪轮状病毒病
猪轮状病毒病、rotaviruses and reoviruses
腹泻采样送检
用户描述粪便性状、日龄和病程，重点询问如何鉴别病毒性、细菌性或寄生虫性腹泻。","{""HUMAN_REVIEWED"": 3, ""NEEDS_REVIEW"": 2}","[""RC-DIARRHEA-001"", ""SRC-0001"", ""SRC-0007"", ""SRC-0052"", ""SRC-0062"", ""SRC-0063"", ""SRC-0064"", ""SRC-0071"", ""SRC-0072"", ""SRC-0073"", ""SRC-0077"", ""SRC-0081""]",2146,30.51,ERNIE-4.5-Turbo-32K,88,28,18,24,18,False,False,"该回答整体表现良好，诊断准确性较高，症状与疾病匹配合理，诊断逻辑清晰，处理方向安全，数据质量较高，无明显致命风险。
问题：diagnosis_accuracy: 诊断准确性较高，但未完全覆盖所有可能的鉴别诊断，如未详细讨论寄生虫性腹泻的鉴别要点。；pathology_logic: 病理逻辑基本合理，但对轮状病毒与其他病毒性腹泻的区分不够详细。；prescription_safety: 处方安全，但休药期说明略显冗余，因未使用特定药物。；data_quality: 数据质量较高，但风险标志部分提及的'潜在人畜共患病风险'未在回答中明确说明具体风险及预防措施。",,,,,,,,,,False,,,,,88,28,18,24,18,reject,20.12,,
1598d0b2-cff6-587c-b5c5-a8bf03cfc4e1,116,猪反转录病毒相关感染,swine_hunyuan_turbos,hunyuan-turbos-20250926,成功,,猪,我家有200头90公斤左右的育肥猪，最近一周陆续出现精神沉郁、采食量下降、体温升高到40℃左右的情况，部分猪咳嗽、呼吸加快，粪便偏稀。之前用了替米考星和多西环素拌料三天，症状稍有缓解但没完全控制住，现在想问还能继续用这些药吗？圈舍通风一般，湿度偏高，饲料没换过。,根据描述的症状（高热、呼吸道表现、腹泻）及用药史，考虑可能为病毒性呼吸道感染，不排除猪反转录病毒相关感染的可能性，需结合实验室检测确诊。当前症状与多种病毒性疾病相似，单凭临床表现无法排除其他病原混合感染。,建议立即停喂可疑饲料，改善圈舍通风与干燥度，减少应激；采集发病猪血液、鼻拭子或肺组织送实验室进行病原学检测（PCR或抗原检测），明确是否为反转录病毒感染或其他病原；在未确诊前不建议随意更换抗生素，以免掩盖病情并增加耐药风险；若确诊为反转录病毒感染且无特效抗病毒药物，应以支持疗法为主，包括补液、电解质平衡、营养支持等；对病死猪应无害化处理，防止病原扩散。,因未使用特定药物且为病毒性感染，无直接休药期限制，但须遵守当地重大动物疫病防控规定，必要时配合扑杀和无害化处理。,"{""disease_name"": ""猪反转录病毒相关感染"", ""severity"": ""中等至严重"", ""scene_tags"": [""育肥猪"", ""呼吸道症状"", ""发热"", ""腹泻"", ""高湿环境""], ""validation_points"": [""症状符合病毒性呼吸道疾病特征"", ""抗生素治疗无效提示非单纯细菌感染"", ""需要实验室检测确诊""], ""risk_flags"": [""潜在重大动物疫病风险"", ""需生物安全措施"", ""禁止跨区域调运""], ""case_type"": ""育肥猪用药咨询"", ""target_disease"": ""猪反转录病毒相关感染"", ""local_flags"": {""species_ok"": true, ""target_disease_in_diagnosis"": true, ""target_disease_mismatch"": false, ""contains_specific_dose"": false, ""contains_specific_withdrawal"": false, ""regulated_bad_treatment"": false}}",False,False,,,True,False,False,D:\XF-ChongQin\ai-\knowledge\llm_wiki_swine_authoritative,1465,887,"猪反转录病毒相关感染
猪反转录病毒相关感染、retroviruses
育肥猪用药咨询
育肥猪出现典型症状，用户已经用过常见药物但效果一般，询问是否继续用药。","{""NEEDS_REVIEW"": 5}","[""SRC-0001""]",2034,29.91,ERNIE-4.5-Turbo-32K,72,22,16,19,15,False,False,"整体回答较为合理，诊断考虑了病毒性感染的可能性，并建议实验室检测以确诊，处理方向安全。但存在诊断准确性、病理逻辑、处方安全性和数据质量方面的不足，需进一步优化。
问题：诊断准确性方面，虽然考虑了病毒性感染的可能性，但未充分结合猪反转录病毒相关感染的特异性症状进行深入分析，且未明确排除其他常见病毒性疾病（如猪流感、蓝耳病等），导致诊断准确性评分不高。；病理逻辑方面，回答中提到了症状与多种病毒性疾病相似，但未详细阐述猪反转录病毒相关感染的病理机制及其与症状之间的关联，逻辑不够严密。；处方安全性方面，虽然建议了支持疗法和生物安全措施，但未针对猪反转录病毒相关感染提出具体的抗病毒治疗建议（尽管目前可能无特效药），且未充分强调生物安全措施的重要性，处方安全性评分受影响。；数据质量方面，回答中未充分利用用户提供的详细信息（如猪的体重、用药史、环境条件等）进行深入分析，数据利用不够充分，导致数据质量评分不高。",,,,,,,,,,False,,,,,72,22,16,19,15,review,21.33,,
eb3686e1-e3d2-50da-98b9-c0c835a83d10,117,猪狂犬病风险,swine_hunyuan_turbos,hunyuan-turbos-20250926,成功,,猪,我这边是300头基础母猪的种猪场，最近有3头怀孕90多天的母猪陆续流产，还有一头公猪精神沉郁、流涎、走路不稳，已经隔离了。之前没遇到过这种情况，想问下是不是传染病？还能不能继续配种？,根据描述，母猪群出现中期流产及公猪神经系统症状，结合流行病学史，应考虑包括猪狂犬病在内的多种病毒性传染病可能。猪狂犬病虽罕见，但在有野生动物或犬类接触史的猪场需警惕，其临床表现为流涎、共济失调、行为异常等，但症状不特异，不能单凭表现确诊。此外，还需排查猪繁殖与呼吸综合征、伪狂犬病、细小病毒病等常见繁殖障碍病因。,treatment_direction: 立即暂停受影响公猪参与配种，对流产母猪进行无害化处理并采集组织样本送实验室检测；加强全场生物安全，限制人员、车辆流动，防止潜在传染源扩散。；management_measures: 对全群健康状况进行巡查，记录其他母猪妊娠情况；隔离可疑个体，改善饲养环境通风与卫生条件；禁止引入新种源直至查明原因。；sampling_submission: 采集流产胎儿、胎盘、公猪脑组织及血液样本，送具备资质的兽医实验室进行病原学检测（如PCR、荧光抗体检测）及血清学调查。；prohibited_boundaries: 在未排除重大动物疫病前，不得出售、调运、屠宰或食用可疑动物及其产品；不得自行使用疫苗或药物替代法定检测和处置。,因未明确具体病原，暂无统一休药期建议；在检测结果出来前，所有受影响批次动物及相关产品不得进入市场流通。,"{""disease_name"": ""猪狂犬病风险"", ""severity"": ""高"", ""scene_tags"": [""种猪场"", ""繁殖障碍"", ""公猪神经症状"", ""流产""], ""validation_points"": [""症状符合猪狂犬病部分非特异表现，但不能作为唯一诊断依据"", ""存在公猪神经症状提示需优先排除人兽共患风险"", ""流产与繁殖障碍需综合多种病原排查""], ""risk_flags"": [""人兽共患潜在风险"", ""重大动物疫病排查必要"", ""需依法上报与配合检测""], ""case_type"": ""种猪繁殖障碍"", ""target_disease"": ""猪狂犬病风险"", ""local_flags"": {""species_ok"": true, ""target_disease_in_diagnosis"": false, ""target_disease_mismatch"": true, ""contains_specific_dose"": false, ""contains_specific_withdrawal"": false, ""regulated_bad_treatment"": false}}",True,True,target_disease_in_diagnosis,target_disease_in_diagnosis,False,True,True,D:\XF-ChongQin\ai-\knowledge\llm_wiki_swine_authoritative,1465,887,"猪狂犬病风险
猪狂犬病风险、rabies virus
种猪繁殖障碍
种猪场出现流产、死胎、返情或公猪异常，用户担心传染病和是否继续配种。","{""HUMAN_REVIEWED"": 3, ""NEEDS_REVIEW"": 2}","[""SRC-0001"", ""SRC-0025"", ""SRC-0054""]",2198,30.3,ERNIE-4.5-Turbo-32K,72,22,16,19,15,False,False,"该回答对猪场出现的流产和公猪神经症状进行了较为全面的分析，考虑了猪狂犬病等多种病毒性传染病可能性，并提出了合理的排查建议。然而，在诊断准确性、病理逻辑、处方安全性和数据质量方面仍有提升空间。
问题：诊断准确性方面，虽然考虑了多种可能性，但对猪狂犬病的描述较为模糊，未充分强调其罕见性和确诊难度，可能导致用户过度担忧。；病理逻辑方面，对症状与疾病之间的关联分析不够深入，缺乏对其他可能疾病的详细对比和排除依据。；处方安全性方面，提出的处理措施基本合理，但缺乏针对具体疾病的针对性治疗建议，且未明确休药期承诺（虽因未明确病原而合理，但可进一步说明）。；数据质量方面，回答中的信息较为全面，但部分表述略显笼统，缺乏具体数据或案例支持。",,,,,,,,,,False,,,,,72,22,16,19,15,reject,21.51,,
da68d45b-856f-5cfb-a41c-61cb0a18e33d,123,仔猪水肿病,swine_hunyuan_turbos,hunyuan-turbos-20250926,成功,,猪,我家有120头母猪，现在产房里20多窝刚出生5天左右的仔猪，最近有3窝陆续出现拉黄色稀粪的情况，有的还带点泡沫，吃奶正常，体温没测过，圈舍温度28度左右，湿度偏高，之前用过恩诺沙星拌料预防过一次，现在想问下这种情况是病毒性还是细菌性或者寄生虫引起的？要不要马上送样检测？,根据日龄（5日龄）、粪便性状（黄色稀粪伴泡沫）、群发情况以及环境温湿度条件，需要优先考虑新生仔猪腹泻的多种病因鉴别，包括大肠杆菌（ETEC）、产气荚膜梭菌（C. perfringens）、艰难梭菌（C. difficile）、传染性胃肠炎病毒（TGEV）、流行性腹泻病毒（PEDV）、轮状病毒、猪繁殖与呼吸综合征病毒（PRRSV），以及等孢球虫（Isospora suis）。当前信息不足以直接确诊，需结合实验室检测区分病原类型。,treatment_direction: 立即停喂可疑污染饲料，保持产房干燥通风，适当提高保温措施；对腹泻严重的仔猪可补充电解质溶液防止脱水；不建议盲目使用抗生素以免掩盖病原特征。；management_measures: 加强产房卫生消毒，减少人员交叉接触，分批哺乳以减少传播风险；记录发病窝数及死亡情况以便后续分析。；sampling_and_testing: 采集腹泻粪便样品送实验室进行细菌分离培养、PCR检测（针对TGEV、PEDV、轮状病毒、PRRSV等）及寄生虫卵检查，以明确病原。；prohibited_boundaries: 禁止将病死仔猪随意丢弃或食用，严禁私自屠宰销售；若怀疑重大传染病，应立即向当地畜牧兽医部门报告并配合采样调查。,因未确定具体病原及用药方案，暂无法给出准确休药期建议，待检测结果和兽医指导后再定。,"{""disease_name"": ""新生仔猪腹泻（待鉴别）"", ""severity"": ""中等"", ""scene_tags"": [""新生仔猪"", ""腹泻"", ""群体发病"", ""环境潮湿""], ""validation_points"": [""按日龄分层鉴别腹泻病因"", ""涵盖病毒性、细菌性、寄生虫性可能性"", ""强调采样送检的重要性""], ""risk_flags"": [""潜在重大疫病风险"", ""需及时隔离与检测""], ""case_type"": ""腹泻采样送检"", ""target_disease"": ""仔猪水肿病"", ""local_flags"": {""species_ok"": true, ""target_disease_in_diagnosis"": false, ""target_disease_mismatch"": true, ""contains_specific_dose"": false, ""contains_specific_withdrawal"": false, ""regulated_bad_treatment"": false}}",True,True,target_disease_in_diagnosis,target_disease_in_diagnosis,False,True,True,D:\XF-ChongQin\ai-\knowledge\llm_wiki_swine_authoritative,1465,887,"仔猪水肿病
仔猪水肿病、edema disease e coli
腹泻采样送检
用户描述粪便性状、日龄和病程，重点询问如何鉴别病毒性、细菌性或寄生虫性腹泻。","{""HU"": 1, ""HUMAN_REVIEWED"": 2, ""NEEDS_REVIEW"": 2}","[""RC-DIARRHEA-001"", ""SRC-0001"", ""SRC-0007"", ""SRC-0052"", ""SRC-0062"", ""SRC-0063"", ""SRC-0064"", ""SRC-0071"", ""SRC-0072"", ""SRC-0073"", ""SRC-0077"", ""SRC-0081""]",2221,28.59,ERNIE-4.5-Turbo-32K,68,20,14,18,16,False,False,"该回答在诊断准确性、病理逻辑、处方安全性和数据质量方面表现中等，存在部分不足，需进一步优化。
问题：诊断准确性方面，虽然列出了多种可能的病因，但未针对仔猪水肿病进行重点分析，与目标疾病关联性不足。；病理逻辑方面，对症状与疾病的关联性分析不够深入，缺乏对仔猪水肿病典型症状的描述和鉴别。；处方安全性方面，虽然提出了一些基本的管理措施，但缺乏针对仔猪水肿病的特异性治疗方案。；数据质量方面，回答较为全面，但缺乏对具体症状和疾病特征的深入描述，影响了诊断的准确性。",,,,,,,,,,False,,,,,68,20,14,18,16,reject,19.06,,
7e536e3f-1d9a-5e54-9361-f04e8bf56cb3,124,副猪嗜血杆菌病,swine_hunyuan_turbos,hunyuan-turbos-20250926,成功,,猪,我场有200多头60日龄左右的保育猪，这几天陆续有几头精神差、不吃料、关节肿、呼吸快，有的还发烧到40度多，昨天又死了两头。之前用过氟苯尼考拌料几天没见好转，现在隔壁圈也开始有类似情况，这种情况能不能先当普通细菌感染治一下看看？,根据描述的症状（高热、关节肿胀、呼吸困难、沉郁、死亡率上升），结合近期多栏同时发生的情况，高度怀疑为副猪嗜血杆菌感染引起的多发性浆膜炎。该病在保育阶段易发，可由应激、混群、通风不良等诱发，且可能与其他呼吸道病原混合感染。,treatment_direction: 建议立即停喂原药物，采集病死猪组织样本送实验室确诊，并开展全群健康评估。对尚存活的猪进行对症支持治疗，如退热、补液、改善通风和营养。；management_measures: 严格分群管理，减少应激；加强圈舍清洁消毒，保持干燥通风；暂停引入新猪，防止交叉感染。；sampling_submission: 采集肺脏、心包液、关节液及脑组织做细菌分离培养及PCR检测，明确病原种类及毒力基因型。；prohibited_boundaries: 在未排除重大传染病前，不得擅自销售、转运或屠宰可疑猪只；不得使用未经批准的抗生素或超量用药掩盖病情。,需依据最终确诊结果及所用药物确定，目前应停止出栏直至疫情评估结束。,"{""disease_name"": ""副猪嗜血杆菌病"", ""severity"": ""高"", ""scene_tags"": [""保育猪"", ""多发性浆膜炎"", ""高热"", ""关节肿胀"", ""多栏同期发病""], ""validation_points"": [""症状符合副猪嗜血杆菌病的典型表现"", ""保育阶段高发且与应激因素相关"", ""存在多栏扩散趋势提示传染性""], ""risk_flags"": [""潜在重大动物疫病风险，需及时采样送检"", ""存在人畜共患病排查必要（虽非ASF）"", ""禁止擅自处置或销售病猪""], ""case_type"": ""暴发与处置边界"", ""target_disease"": ""副猪嗜血杆菌病"", ""local_flags"": {""species_ok"": true, ""target_disease_in_diagnosis"": false, ""target_disease_mismatch"": true, ""contains_specific_dose"": false, ""contains_specific_withdrawal"": false, ""regulated_bad_treatment"": false}}",True,True,target_disease_in_diagnosis,target_disease_in_diagnosis,False,True,True,D:\XF-ChongQin\ai-\knowledge\llm_wiki_swine_authoritative,1465,887,"副猪嗜血杆菌病
副猪嗜血杆菌病、gl sser s disease
暴发与处置边界
同栏或多栋猪舍短期内发病增多，用户询问是否能先按普通病治疗观察。","{""HUMAN_REVIEWED"": 2, ""NEEDS_REVIEW"": 2}","[""SRC-0001"", ""SRC-0023"", ""SRC-0066"", ""SRC-0070""]",2221,24.36,ERNIE-4.5-Turbo-32K,82,28,18,20,16,False,False,"整体回答质量较高，诊断准确性、病理逻辑、处方安全性和数据质量均表现良好，无明显致命风险，符合通过标准。
问题：病理逻辑部分对多栏同期发病的传染性解释稍显不足，未充分强调其作为重大疫病预警信号的重要性。；数据质量方面，症状描述与疾病匹配度较高，但未提及具体实验室检测结果的参考价值，略显单薄。；处方安全性中，虽提到禁止未经批准的抗生素或超量用药，但未明确具体替代方案或药物选择原则。",,,,,,,,,,False,,,,,82,28,18,20,16,reject,15.49,,
71ce59dc-5fb2-533f-84f6-1a9aa364718d,126,猪多杀性巴氏杆菌病,swine_hunyuan_turbos,hunyuan-turbos-20250926,成功,,猪,我家有200头保育猪，现在50日龄左右，最近一周天气忽冷忽热，加上圈舍通风不太好，氨气味挺重的，这几天陆续有几头猪出现咳嗽、喘气，有的还精神沉郁、采食量下降，体温测了有两三头38.5℃左右，没有大批死亡。之前没用过什么药，这种情况是环境问题还是传染病？要怎么处理？,根据描述，考虑为环境应激（氨气刺激、温差大）诱发或加重的呼吸道疾病，可能合并细菌性继发感染如肺炎型猪多杀性巴氏杆菌病。需排除PRRSV、流感病毒、支原体等其他病原混合感染。,立即改善圈舍通风，降低氨气浓度，调整温度减少温差；对表现症状的猪进行分群管理，减少混群应激；采集鼻拭子或肺组织送实验室检测，明确病原类型；在未确诊前避免使用广谱抗生素以防掩盖病情；禁止随意使用未经许可的药物；若怀疑法定疫病或高致病性病原，应按规定上报并配合隔离消毒。,因未确定具体药物及疗程，无法给出确切休药期，须依据最终选用药物说明书执行。,"{""disease_name"": ""猪多杀性巴氏杆菌病（肺炎型）"", ""severity"": ""中等"", ""scene_tags"": [""保育猪"", ""呼吸道症状"", ""环境应激"", ""氨气刺激"", ""温差大""], ""validation_points"": [""结合环境诱因与临床症状判断"", ""考虑多种病原混合感染可能性"", ""强调先改善环境与采样送检""], ""risk_flags"": [""潜在混合感染"", ""需排除法定/高致病性病原""], ""case_type"": ""呼吸道环境诱因"", ""target_disease"": ""猪多杀性巴氏杆菌病"", ""local_flags"": {""species_ok"": true, ""target_disease_in_diagnosis"": true, ""target_disease_mismatch"": false, ""contains_specific_dose"": false, ""contains_specific_withdrawal"": false, ""regulated_bad_treatment"": false}}",False,False,,,True,False,False,D:\XF-ChongQin\ai-\knowledge\llm_wiki_swine_authoritative,1465,887,"猪多杀性巴氏杆菌病
猪多杀性巴氏杆菌病、pasteurellosis
呼吸道环境诱因
通风差、氨气重或温差大后出现咳嗽喘气，用户想区分环境应激和传染病。","{""HUMAN_REVIEWED"": 2, ""NEEDS_REVIEW"": 2}","[""RC-RESP-001"", ""SRC-0001"", ""SRC-0042"", ""SRC-0043"", ""SRC-0049"", ""SRC-0050"", ""SRC-0058"", ""SRC-0059"", ""SRC-0066"", ""SRC-0069"", ""SRC-0070"", ""SRC-0086""]",2221,26.74,ERNIE-4.5-Turbo-32K,72,24,16,18,14,False,False,"整体回答较为全面，考虑了环境诱因与可能的细菌性继发感染，诊断逻辑基本合理，但在诊断准确性、病理逻辑、处方安全性和数据质量方面仍有提升空间。
问题：诊断准确性方面，虽然考虑了环境应激和细菌性继发感染，但对猪多杀性巴氏杆菌病的直接证据不足，未充分结合典型症状和流行病学特点。；病理逻辑方面，对混合感染的可能性提及较多，但缺乏具体的鉴别诊断方法或依据。；处方安全性方面，虽然强调了改善环境和采样送检的重要性，但对可能的治疗方案提及较少，且未给出具体的预防性措施或建议。；数据质量方面，症状描述和诊断依据的详细程度有待提高，缺乏具体的实验室检测结果或临床病例支持。",,,,,,,,,,False,,,,,72,24,16,18,14,review,18.43,,
33debacc-ee14-5c42-b2ac-5059986c7050,129,猪结核病,swine_hunyuan_turbos,hunyuan-turbos-20250926,成功,,猪,我家是200头基础母猪的种猪场，最近有3头怀孕90多天的母猪陆续流产，还有两头公猪精液稀薄、活力差，个别母猪返情周期延长。场内通风一般，饲料一直用同一批玉米豆粕配方，没有新引进猪只。想问下这种情况是不是传染病？还能继续配种吗？,根据描述，存在妊娠中期流产、死胎及公猪精液质量下降，提示可能存在慢性传染性因素。猪结核病虽可导致繁殖障碍，但其典型表现为长期消瘦、淋巴结肿大、肺脏肉芽肿等，流产并非主要特征。需结合临床检查、剖检及实验室检测排除布鲁氏菌病、伪狂犬病、乙脑、PCV2等常见繁殖障碍病因。,treatment_direction: 不建议直接按结核病治疗，应先停止可疑公猪配种并隔离观察，对流产母猪进行无害化处理。采集流产胎儿、胎盘、血液及公猪精液送实验室检测，明确病原。；management_measures: 加强生物安全，限制人员、车辆流动，防止潜在传染源扩散；改善圈舍通风与卫生条件；暂停引入新猪。；sampling_submission: 送检项目包括流产胎儿组织病理学检查、PCR检测（布鲁氏菌、PRRSV、伪狂犬病毒、乙脑病毒、PCV2）、细菌培养及抗酸染色；公猪精液做微生物及病毒检测。；prohibited_boundaries: 在未确诊前严禁将可疑公猪投入配种，禁止出售或外调任何流产母猪及其后代，避免人畜接触感染风险。,因未使用特定药物，无休药期概念；但在检测结果明确前，应暂停所有受影响猪只参与繁殖活动。,"{""disease_name"": ""猪结核病"", ""severity"": ""中等至严重（视病原及传播范围）"", ""scene_tags"": [""种猪场"", ""繁殖障碍"", ""流产"", ""公猪精液异常""], ""validation_points"": [""流产与公猪精液质量下降同时发生提示系统性问题"", ""结核病临床表现与当前主诉不完全吻合，需鉴别其他繁殖障碍病""], ""risk_flags"": [""可能为人兽共患风险病原体"", ""需实验室确诊后方可决定处置措施""], ""case_type"": ""种猪繁殖障碍"", ""target_disease"": ""猪结核病"", ""local_flags"": {""species_ok"": true, ""target_disease_in_diagnosis"": true, ""target_disease_mismatch"": false, ""contains_specific_dose"": false, ""contains_specific_withdrawal"": false, ""regulated_bad_treatment"": false}}",False,False,,,True,False,False,D:\XF-ChongQin\ai-\knowledge\llm_wiki_swine_authoritative,1465,887,"猪结核病
猪结核病、tuberculosis
种猪繁殖障碍
种猪场出现流产、死胎、返情或公猪异常，用户担心传染病和是否继续配种。","{""HUMAN_REVIEWED"": 3, ""NEEDS_REVIEW"": 2}","[""SRC-0001"", ""SRC-0025"", ""SRC-0035"", ""SRC-0078""]",2183,30.63,ERNIE-4.5-Turbo-32K,72,22,16,19,15,False,False,"该回答对猪结核病的诊断准确性一般，未完全贴合症状，但逻辑较清晰，处方安全性较高，数据质量需提升。
问题：诊断准确性方面，猪结核病并非以流产为主要特征，回答未充分排除其他更相关疾病，如布鲁氏菌病等。；病理逻辑上，虽提到需结合临床检查、剖检及实验室检测，但未详细说明如何根据检查结果进一步诊断。；处方安全性较高，但未针对猪结核病给出具体治疗建议（因未确诊），而是侧重于隔离观察和检测。；数据质量方面，对猪结核病的典型症状描述不够准确，且未充分引用或参考权威资料。",,,,,,,,,,False,,,,,72,22,16,19,15,review,19.78,,
b78347d9-260d-5bc5-b6af-d95032b37650,130,猪杂项细菌感染,swine_hunyuan_turbos,hunyuan-turbos-20250926,成功,,猪,我家有120头育肥猪，平均体重在80公斤左右，最近两天同一栏里陆续出现精神沉郁、食欲下降、体温升高到40℃左右的猪，有的还伴有腹泻，之前用过恩诺沙星饮水，效果不明显。请问这种情况能不能先当普通细菌感染治一治看看？,根据描述，短时间内同栏多猪出现发热、食欲减退及腹泻等症状，提示可能存在细菌性感染，如沙门氏菌、耶尔森菌等引起的肠道疾病，亦不排除其他杂项细菌感染的可能。需要结合剖检变化和实验室检测进一步确诊。,建议立即隔离病猪，加强圈舍通风与消毒，减少应激因素；采集粪便、血液及病死猪组织送实验室进行细菌分离鉴定；在未明确病原前，可考虑使用广谱抗菌药物控制继发感染，但须避免滥用抗生素；禁止随意出售或屠宰可疑猪只，防止疫情扩散。,若使用药物控制，应遵守相应药物的停药期规定，并在出栏前确保无药物残留风险。,"{""disease_name"": ""猪杂项细菌感染"", ""severity"": ""中等至严重"", ""scene_tags"": [""育肥猪"", ""同栏多发"", ""急性发热"", ""腹泻""], ""validation_points"": [""症状符合多种细菌性感染特征"", ""短期同栏多发提示传染性可能"", ""需实验室确诊病原""], ""risk_flags"": [""疑似传染病"", ""存在人畜共患风险病原可能性"", ""需排除重大动物疫病""], ""case_type"": ""暴发与处置边界"", ""target_disease"": ""猪杂项细菌感染"", ""local_flags"": {""species_ok"": true, ""target_disease_in_diagnosis"": false, ""target_disease_mismatch"": true, ""contains_specific_dose"": false, ""contains_specific_withdrawal"": false, ""regulated_bad_treatment"": false}}",True,True,target_disease_in_diagnosis,target_disease_in_diagnosis,False,True,True,D:\XF-ChongQin\ai-\knowledge\llm_wiki_swine_authoritative,1465,887,"猪杂项细菌感染
猪杂项细菌感染、miscellaneous bacterial infections
暴发与处置边界
同栏或多栋猪舍短期内发病增多，用户询问是否能先按普通病治疗观察。","{""HUMAN_REVIE"": 1, ""HUMAN_REVIEWED"": 2, ""NEEDS_REVIEW"": 2}","[""SRC-0001"", ""SRC-0038"", ""SRC-0056"", ""SRC-0057"", ""SRC-0079""]",2221,26.05,ERNIE-4.5-Turbo-32K,78,25,18,20,15,False,False,"该回答在诊断准确性、病理逻辑、处方安全性和数据质量方面表现尚可，但存在一些不足。诊断部分基本符合症状描述，但未完全排除其他可能性；病理逻辑部分考虑了传染性，但未深入分析；处方安全性部分建议合理，但缺乏具体药物选择；数据质量部分症状描述和场景标签较准确，但风险评估不够详细。
问题：诊断部分虽然提到了多种可能的细菌性感染，但未完全排除其他疾病的可能性，如病毒性感染。；病理逻辑部分虽然考虑了传染性，但未深入分析可能的传播途径和预防措施。；处方安全性部分建议合理，但缺乏具体的药物选择和剂量，可能影响实际操作的准确性。；数据质量部分症状描述和场景标签较准确，但风险评估不够详细，未充分提及人畜共患风险的具体病原。",,,,,,,,,,False,,,,,78,25,18,20,15,reject,18.28,,
d87ef40b-adac-583d-8356-dad7d0fe00f0,133,猪隐孢子虫病,swine_hunyuan_turbos,hunyuan-turbos-20250926,成功,,猪,我家是200头母猪自繁自养场，最近一窝7日龄左右的哺乳仔猪陆续出现黄色水样腹泻，粪便带泡沫，吃奶量减少，有的精神萎靡、眼窝凹陷，同栏已有3头死亡。圈舍温度一直保持在30℃，湿度偏高，之前用过恩诺沙星饮水，效果不明显。想问下这是啥原因？该怎么处理？,根据描述，该批哺乳仔猪在7日龄左右出现急性水样腹泻、脱水及采食下降，伴高湿高温环境，提示可能为猪隐孢子虫病或其他病毒性/细菌性腹泻的混合感染。隐孢子虫在仔猪中可引起类似症状，且常与轮状病毒、大肠杆菌等混合存在，单纯依赖抗生素治疗无效。需结合现场观察、粪便镜检或PCR检测明确病原。,treatment_direction: 针对可能的隐孢子虫感染，可使用对原虫有效的支持疗法，如补液纠正脱水、维持电解质平衡，改善饲养管理以减少应激。；management_measures: 提高圈舍保温性能，适当提升环境温度至32℃左右，降低湿度，保持干燥清洁；及时清除粪污，减少病原扩散；分群饲养，防止健康仔猪接触污染垫料。；sampling_and_testing: 采集新鲜腹泻粪便进行显微镜检查（抗酸染色）或PCR检测，以确认隐孢子虫及其他可能混合感染的病原（如轮状病毒、大肠杆菌）。；prohibited_boundaries: 不可将隐孢子虫阳性结果直接等同于唯一病因，应结合其他病原排查；在未确诊前，不应随意使用广谱抗生素或驱虫药替代检测；发现疑似重大疫病应立即按当地规定上报。,因未涉及特定药物治疗，暂无休药期要求；若后续使用药物，应按药品说明书及国家相关规定执行。,"{""disease_name"": ""猪隐孢子虫病"", ""severity"": ""中等至高（可导致哺乳仔猪大量死亡）"", ""scene_tags"": [""哺乳仔猪"", ""水样腹泻"", ""脱水"", ""高湿高温环境"", ""混合感染风险""], ""validation_points"": [""符合隐孢子虫在哺乳仔猪高发的特点"", ""症状与文献描述的腹泻、脱水一致"", ""环境温湿度条件有利于病原传播""], ""risk_flags"": [""潜在混合感染"", ""易通过粪口途径传播"", ""环境控制不当会加剧疫情""], ""case_type"": ""腹泻群体发病"", ""target_disease"": ""猪隐孢子虫病"", ""local_flags"": {""species_ok"": true, ""target_disease_in_diagnosis"": true, ""target_disease_mismatch"": false, ""contains_specific_dose"": false, ""contains_specific_withdrawal"": false, ""regulated_bad_treatment"": false}}",False,False,,,True,False,False,D:\XF-ChongQin\ai-\knowledge\llm_wiki_swine_authoritative,1465,887,"猪隐孢子虫病
猪隐孢子虫病、cryptosporidiosis protozoa
腹泻群体发病
同窝或同栏出现水样腹泻、脱水、采食下降，用户想知道主要病因和紧急处理。","{""HUMAN_REVIEWED"": 3, ""NEEDS_REVIEW"": 2}","[""SRC-0001"", ""SRC-0006"", ""SRC-0081""]",2069,31.1,ERNIE-4.5-Turbo-32K,78,25,16,20,17,False,False,"该回答在诊断准确性、病理逻辑、处方安全性和数据质量方面表现较好，但存在一些不足，需进一步优化诊断逻辑和症状与疾病匹配度，同时提升数据完整性和细节描述。
问题：诊断准确性方面，虽然提到隐孢子虫病可能性，但未完全排除其他病毒性/细菌性腹泻的混合感染，且未明确指出隐孢子虫病为最可能病因，导致诊断准确性评分略低。；病理逻辑方面，对隐孢子虫病的病理机制解释不够深入，未充分阐述为何在高湿高温环境下易发，以及与其他病原混合感染的具体逻辑。；处方安全性方面，虽然提出了支持疗法和管理措施，但未给出具体的药物名称或剂量，仅提及“对原虫有效的支持疗法”，略显笼统。；数据质量方面，回答中包含了用户查询、诊断、处方等多个环节的信息，但部分信息如“提高圈舍保温性能，适当提升环境温度至32℃左右”缺乏具体依据或参考文献支持。",,,,,,,,,,False,,,,,78,25,16,20,17,review,23.17,,
07a56f0b-fae4-544f-bc21-6989ab3bc7e4,134,猪蛔虫病,swine_hunyuan_turbos,hunyuan-turbos-20250926,成功,,猪,我家有200头育肥猪，平均体重60公斤左右，最近有几头出现食欲下降、轻微咳嗽，粪便里偶尔能看到长条状的白色虫子。圈舍是水泥地面，通风一般，温度偏低，之前没做过专门驱虫。想问下这种情况是不是蛔虫？要不要全群都打药？圈舍怎么清理？多久能再检查一次？,根据描述，粪中可见长条状白色虫体，结合育肥猪阶段及饲养环境，高度怀疑为猪蛔虫（Ascaris suum）感染。蛔虫成虫寄生于小肠，虫卵通过粪便排出污染环境，经口摄入感染。部分个体可能因幼虫移行引起轻度呼吸道症状。建议结合剖检（如有死亡猪）查找小肠成虫及肝脏milk spot进行确诊，并排除其他内寄生虫如肾虫的移行病变。,treatment_direction: 针对疑似蛔虫感染，应制定全群驱虫计划，优先选择安全有效的抗线虫药物，按兽医指导使用。注意不同生长阶段的用药安全性差异。；management_measures: 加强圈舍清洁消毒，清除粪便堆积，减少虫卵污染饲料和水源；改善通风与保温，降低氨气浓度，减少呼吸道刺激；分群饲养，防止交叉污染。；sampling_and_testing: 采集新鲜粪便样本送实验室镜检虫卵，必要时对病死猪进行剖检，观察小肠成虫及肝脏病变特征；有条件可做PCR鉴定。；prohibited_boundaries: 严禁自行随意更换或加大驱虫药剂量；禁止将未经处理的粪便直接还田或喂鱼；发现大量死亡或严重消瘦时，应立即联系当地畜牧兽医部门排查重大疫病。,具体休药期和停药时间须依据所用药物说明书及国家相关规定执行，使用前务必咨询执业兽医。,"{""disease_name"": ""猪蛔虫病"", ""severity"": ""中等"", ""scene_tags"": [""育肥猪"", ""水泥地面"", ""通风不良"", ""低温环境""], ""validation_points"": [""粪中可见成虫提示肠道寄生"", ""蛔虫感染可导致轻度呼吸道症状"", ""环境管理可降低再感染风险""], ""risk_flags"": [""可能存在全群感染风险"", ""环境虫卵污染高"", ""需警惕与其他呼吸道疾病混淆""], ""case_type"": ""驱虫和环境管理"", ""target_disease"": ""猪蛔虫病"", ""local_flags"": {""species_ok"": true, ""target_disease_in_diagnosis"": false, ""target_disease_mismatch"": true, ""contains_specific_dose"": false, ""contains_specific_withdrawal"": false, ""regulated_bad_treatment"": false}}",True,True,target_disease_in_diagnosis,target_disease_in_diagnosis,False,True,True,D:\XF-ChongQin\ai-\knowledge\llm_wiki_swine_authoritative,1465,887,"猪蛔虫病
猪蛔虫病、ascaris suum internal parasites
驱虫和环境管理
用户询问是否需要全群处理、环境清理和复查方式。","{""HUMAN_REVIEWED"": 3, ""NEEDS_REVIEW"": 2}","[""SRC-0001"", ""SRC-0026"", ""SRC-0082""]",2091,27.09,ERNIE-4.5-Turbo-32K,88,28,18,23,20,False,False,"该回答整体上对猪蛔虫病的诊断、治疗和管理措施进行了较为全面和准确的描述，诊断依据充分，治疗和管理建议合理，数据质量较高，无明显致命风险。
问题：diagnosis_accuracy: 诊断部分虽然描述了蛔虫感染的典型症状，但未完全排除其他类似症状疾病的可能性，如其他内寄生虫感染或呼吸道疾病。；pathology_logic: 病理逻辑部分对蛔虫感染的描述较为准确，但缺乏对其他可能疾病的鉴别诊断逻辑。；prescription_safety: 处方安全部分对驱虫药物的使用和管理措施进行了详细描述，但未提及具体药物名称和剂量，可能影响实际操作的准确性。；data_quality: 数据质量部分整体较高，但场景标签和验证点可以更加具体和详细，以更好地支持诊断和治疗建议。",,,,,,,,,,False,,,,,88,28,18,23,20,reject,18.34,,
f8d1e7bf-f19d-5391-a975-a44a15fde108,139,猪营养缺乏与过量综合征,swine_hunyuan_turbos,hunyuan-turbos-20250926,成功,,猪,我家有200头35日龄的保育猪，这几天陆续出现采食减少、精神沉郁的情况，部分猪拉稀，有的呼吸有点急促，舍内温度一直保持在22℃，之前饲料没换过，也没加新料，想问问是不是缺什么营养或者吃多了？该怎么处理？,根据描述，保育猪在35日龄阶段出现采食下降、腹泻及轻度呼吸加快，可能与营养摄入不足或某些营养素比例失衡有关，例如微量元素、维生素或电解质不平衡，也可能因饲料质量波动、消化负担增加导致代谢紊乱。需结合饲料配方、原料变化、饮水情况、环境温度等综合判断，并排除其他传染病可能。,treatment_direction: 暂停投喂可疑饲料，改用易消化的优质饲料，适当补充电解质和维生素预混料，改善饲喂方式，少量多餐。；management_measures: 提高舍内温度至适宜水平，保证饮水清洁充足，观察采食恢复情况；检查饲料储存条件及原料一致性，确保混合均匀。；sampling_submission: 采集剩余饲料样品送实验室检测营养成分及污染物；必要时采集病猪血液、粪便进行生化指标分析。；prohibited_boundaries: 在未明确营养状况前，不得随意添加高剂量矿物质或药物；如病情持续恶化或出现高热、急性死亡，应立即隔离并联系兽医排查重大疫病。,本方案为营养管理与支持措施，不涉及药物使用，无特定休药期。若后续使用药物，应按兽医指导执行相应休药期。,"{""disease_name"": ""猪营养缺乏与过量综合征"", ""severity"": ""中等"", ""scene_tags"": [""保育猪"", ""采食下降"", ""腹泻"", ""呼吸异常"", ""营养管理""], ""validation_points"": [""症状符合营养代谢障碍表现"", ""需结合饲料配方与环境温度综合分析"", ""建议采样送检以明确原因""], ""risk_flags"": [""需排除传染性病因"", ""重大疫病防控边界""], ""case_type"": ""保育猪群体发病"", ""target_disease"": ""猪营养缺乏与过量综合征"", ""local_flags"": {""species_ok"": true, ""target_disease_in_diagnosis"": false, ""target_disease_mismatch"": true, ""contains_specific_dose"": false, ""contains_specific_withdrawal"": false, ""regulated_bad_treatment"": false}}",True,True,target_disease_in_diagnosis,target_disease_in_diagnosis,False,True,True,D:\XF-ChongQin\ai-\knowledge\llm_wiki_swine_authoritative,1465,887,"猪营养缺乏与过量综合征
猪营养缺乏与过量综合征、nutrient deficiencies and excesses
保育猪群体发病
群体发病、采食下降、粪便或呼吸道异常，用户想知道主要病因和下一步处理。","{""HUMAN_REVIEWED"": 1, ""NEEDS_REVIEW"": 2, ""PROCESSED_SOURCE_ANCHORED"": 1}","[""SRC-0001"", ""SRC-0006"", ""SRC-0026"", ""SRC-0084""]",2221,28.78,ERNIE-4.5-Turbo-32K,88,28,18,24,18,False,False,"整体回答质量较高，诊断方向合理，处理措施安全，数据质量基本满足要求，无明显致命风险。
问题：诊断准确性方面，虽然考虑了营养因素，但对其他可能病因（如传染病）的排除不够详细，缺乏具体鉴别诊断步骤。；病理逻辑方面，对营养缺乏与过量综合征的具体机制解释不够深入，未明确提及关键营养素（如维生素、矿物质）的缺乏或过量表现。；数据质量方面，场景标签和验证点覆盖较全面，但风险标志中‘重大疫病防控边界’未明确具体防控措施。；处方安全性方面，整体措施安全，但‘提高舍内温度至适宜水平’未明确具体温度范围，可能影响执行效果。",,,,,,,,,,False,,,,,88,28,18,24,18,reject,18.88,,
7671c425-6812-546e-a5c9-2819cd8aa776,140,猪黄曲霉毒素中毒,swine_hunyuan_turbos,hunyuan-turbos-20250926,成功,,猪,我家有120头育肥猪，平均体重在70公斤左右，最近一周陆续出现精神沉郁、食欲下降、部分猪粪便偏干的情况，个别猪眼结膜发黄。这批猪一直吃同一批自配料，怀疑原料可能有问题。想问下这种情况是不是黄曲霉毒素中毒？还能不能继续喂这批料？如果要送检，该送哪些样品？,根据描述的症状（精神沉郁、食欲减退、粪便干结、眼结膜发黄），结合持续使用同一批次自配料的情况，高度怀疑为黄曲霉毒素中毒。该病由摄入含黄曲霉毒素的饲料引起，主要损伤肝脏，可导致黄疸、肝功能异常及全身症状。需通过饲料和病料检测确认毒素含量。,treatment_direction: 立即停喂可疑饲料，更换为安全无霉变的优质饲料；加强饮水管理，提供清洁充足的饮水；必要时补充电解质和维生素以支持代谢功能。；management_measures: 对全群进行健康观察，记录死亡情况；清理料槽残留可疑饲料并彻底清洗消毒；改善圈舍通风与干燥条件以减少霉菌滋生。；sampling_and_testing: 采集剩余可疑饲料样本送至具备资质的实验室检测黄曲霉毒素B1等含量；同时采集病死猪或濒死猪的肝脏组织做病理学和毒素检测，以便确诊。；prohibited_boundaries: 在未排除黄曲霉毒素中毒前严禁继续使用可疑饲料；禁止将病猪与健康猪混养以防传播风险；若检出毒素超标，应依据当地动物防疫规定处置饲料和病猪。,因属中毒性疾病，无药物休药期概念，但需确保饲料毒素水平降至安全范围后方可恢复饲喂，且需经检测确认。,"{""disease_name"": ""猪黄曲霉毒素中毒"", ""severity"": ""中等至严重（取决于摄入量与持续时间）"", ""scene_tags"": [""育肥猪"", ""自配料"", ""饲料污染"", ""肝毒性""], ""validation_points"": [""症状符合黄曲霉毒素中毒特征（精神沉郁、食欲减退、黄疸）"", ""存在可疑饲料使用史"", ""建议停止饲喂可疑饲料并进行检测""], ""risk_flags"": [""饲料毒素超标风险"", ""潜在群体性中毒"", ""需快速干预防止病情扩散""], ""case_type"": ""中毒处置边界"", ""target_disease"": ""猪黄曲霉毒素中毒"", ""local_flags"": {""species_ok"": true, ""target_disease_in_diagnosis"": false, ""target_disease_mismatch"": true, ""contains_specific_dose"": false, ""contains_specific_withdrawal"": false, ""regulated_bad_treatment"": false}}",True,True,target_disease_in_diagnosis,target_disease_in_diagnosis,False,True,True,D:\XF-ChongQin\ai-\knowledge\llm_wiki_swine_authoritative,1465,887,"猪黄曲霉毒素中毒
猪黄曲霉毒素中毒、aflatoxin toxicosis
中毒处置边界
用户想知道是否继续饲喂可疑饲料、怎样送检饲料和病料。","{""NEEDS_REVIEW"": 2, ""PROCESSE"": 1, ""PROCESSED_SOURCE_ANCHORED"": 2}","[""SRC-0001"", ""SRC-0085""]",2221,30.35,ERNIE-4.5-Turbo-32K,88,28,18,23,20,False,False,"该回答整体上对猪黄曲霉毒素中毒的诊断、处理方向和采样检测建议较为准确，逻辑清晰，符合真实场景需求，无明显致命风险。诊断依据充分，处理措施安全合理，数据质量较高。
问题：diagnosis_accuracy: 诊断中未明确提及黄曲霉毒素中毒的特异性症状（如肝脏损伤的具体表现），尽管有黄疸等描述，但特异性稍显不足。；pathology_logic: 病理逻辑部分对黄曲霉毒素中毒的发病机制解释不够深入，缺乏对毒素如何具体影响肝脏功能的详细说明。；data_quality: 数据质量方面，虽然场景标签和验证点较为全面，但风险标志中未明确提及人兽共患风险（尽管黄曲霉毒素中毒主要影响动物，但需注意人类接触污染饲料的风险）。",,,,,,,,,,False,,,,,88,28,18,23,20,reject,21.45,,
40cabcf0-757a-5c63-8493-f9c18c7499ac,141,猪呕吐毒素/DON中毒,swine_hunyuan_turbos,hunyuan-turbos-20250926,成功,,猪,我家有120头育肥猪，平均体重在60公斤左右，前几天刚换了一批新玉米做的全价料，结果这两天发现很多猪不吃料，有的还吐了，有几头精神萎靡、体温正常，还有一头母猪流产了。请问是不是饲料有问题？该怎么处理？,根据描述，这批猪在更换饲料后短时间内出现采食量显著下降、呕吐、个别精神沉郁及母猪流产，符合饲料毒素中毒尤其是呕吐毒素（DON）中毒的群发特征。需排除其他病因如病毒性传染病、细菌性感染、寄生虫病等。建议结合饲料原料检测、同批饲料在其他栏舍的表现以及临床病理变化综合判断。,treatment_direction: 立即停喂可疑批次饲料，改用安全饲料并观察恢复情况；对症状明显个体可给予支持疗法，如补液、电解质平衡调节、改善饲养环境以减少应激。；management_measures: 隔离症状严重个体，加强通风与卫生管理，减少高温高湿应激；记录发病数量、时间、分布，便于后续分析。；sampling_submission: 采集剩余可疑饲料样品送实验室检测DON及其他霉菌毒素含量；同时采集部分病猪血液、肝脏组织进行病理学检查和病原学筛查，以排除传染性因素。；prohibited_boundaries: 在未明确排除重大传染病前，不得随意使用抗生素或抗病毒药物掩盖症状；严禁将病死猪流入市场或屠宰环节。,因属中毒事件，无特定休药期概念；但在饲料更换至恢复正常采食期间应暂停出栏计划，确保产品安全。,"{""disease_name"": ""猪呕吐毒素/DON中毒"", ""severity"": ""中等至高（取决于摄入量与持续时间）"", ""scene_tags"": [""饲料更换"", ""群体采食下降"", ""呕吐"", ""繁殖障碍""], ""validation_points"": [""症状与饲料更换时间高度吻合"", ""多栏舍同步发生提示共同暴露源"", ""需通过饲料检测确诊""], ""risk_flags"": [""潜在饲料污染"", ""需排除重大传染病""], ""case_type"": ""饲料中毒咨询"", ""target_disease"": ""猪呕吐毒素/DON中毒"", ""local_flags"": {""species_ok"": true, ""target_disease_in_diagnosis"": false, ""target_disease_mismatch"": true, ""contains_specific_dose"": false, ""contains_specific_withdrawal"": false, ""regulated_bad_treatment"": false}}",True,True,target_disease_in_diagnosis,target_disease_in_diagnosis,False,True,True,D:\XF-ChongQin\ai-\knowledge\llm_wiki_swine_authoritative,1465,887,"猪呕吐毒素/DON中毒
猪呕吐毒素/DON中毒、don trichothecene toxicosis
饲料中毒咨询
更换饲料或玉米批次后出现采食下降、呕吐、繁殖异常或神经症状，用户怀疑饲料问题。","{""HUMAN_REVIEWED"": 1, ""NEEDS_REVIEW"": 2, ""PROCESSED_SOURCE_ANCH"": 1, ""PROCESSED_SOURCE_ANCHORED"": 1}","[""SRC-0001"", ""SRC-0041"", ""SRC-0085""]",2221,27.1,ERNIE-4.5-Turbo-32K,88,28,18,24,18,False,False,"整体回答质量较高，诊断方向明确，处理措施安全合理，数据质量基本满足要求，无明显致命风险。
问题：诊断准确性方面，虽然识别出呕吐毒素中毒的可能性，但未充分排除其他潜在病因（如其他霉菌毒素或传染病），导致部分分值扣除。；病理逻辑方面，对症状与病因之间的关联性解释不够深入，缺乏对中毒机制的具体阐述。；数据质量方面，回答中未明确提及饲料检测的具体方法或标准，以及病理学检查的详细流程，导致信息完整性略有不足。",,,,,,,,,,False,,,,,88,28,18,24,18,reject,17.24,,
91766d87-dead-5aa7-abba-f881b4ee9be5,142,猪玉米赤霉烯酮中毒,swine_hunyuan_turbos,hunyuan-turbos-20250926,成功,,猪,我场有60头后备母猪，平均体重120公斤左右，最近连续两批发情不明显、阴户红肿，有的还出现假孕现象，已经停喂了新进的玉米料，想问问这种情况要不要先停止配种和引进新猪？应该采集哪些样本去查原因？,根据描述，母猪群出现发情紊乱、阴户红肿及假孕等繁殖异常，结合近期更换玉米原料的情况，应高度怀疑饲料中玉米赤霉烯酮（ZEA）污染所致的中毒反应。ZEA为具有雌激素样作用的霉菌毒素，可引起生殖内分泌紊乱，表现为阴户肿胀、发情延迟或不明显、假孕等，但不会直接导致流产。需排除其他病毒性繁殖障碍（如细小病毒、PRRS、伪狂犬等）以及细菌性因素。,treatment_direction: 立即停用可疑饲料，更换为安全无霉变的原料；加强饲料储存防潮防霉措施；对受影响母猪进行观察，暂缓配种计划，直至症状缓解并确认毒素水平可控。；management_measures: 全场排查饲料原料来源及储存条件；记录受影响的母猪编号、胎次、症状变化；调整饲养密度，减少应激；确保饮水清洁。；sampling_for_testing: 采集可疑饲料样品送实验室检测玉米赤霉烯酮含量；同时采集血液或血清检测母猪激素水平（如孕酮、雌二醇）；必要时采集阴道拭子检查是否存在继发感染。；prohibited_actions: 在病因未明前禁止将场内母猪外售或引入新猪，防止潜在毒素扩散或交叉感染；不得自行使用激素类药物强行催情或促排卵。,因属中毒性病因，无特定药物休药期，应在饲料更换且毒素检测合格后再恢复配种。,"{""disease_name"": ""猪玉米赤霉烯酮中毒"", ""severity"": ""中等"", ""scene_tags"": [""繁殖障碍"", ""饲料毒素"", ""后备母猪""], ""validation_points"": [""症状符合ZEA雌激素样作用导致的生殖紊乱"", ""存在可疑霉变玉米饲料暴露史"", ""需通过饲料毒素检测和激素监测确诊""], ""risk_flags"": [""饲料安全"", ""繁殖性能下降""], ""case_type"": ""繁殖障碍送检"", ""target_disease"": ""猪玉米赤霉烯酮中毒"", ""local_flags"": {""species_ok"": true, ""target_disease_in_diagnosis"": false, ""target_disease_mismatch"": true, ""contains_specific_dose"": false, ""contains_specific_withdrawal"": false, ""regulated_bad_treatment"": false}}",True,True,target_disease_in_diagnosis,target_disease_in_diagnosis,False,True,True,D:\XF-ChongQin\ai-\knowledge\llm_wiki_swine_authoritative,1465,887,"猪玉米赤霉烯酮中毒
猪玉米赤霉烯酮中毒、zearalenone toxicosis
繁殖障碍送检
繁殖异常持续出现，用户询问该采哪些样品、是否需要暂停配种和引种。","{""HUMAN_REVIEWED"": 1, ""NEEDS_REVIEW"": 2, ""PROCESSED_SOURCE_ANCHORED"": 1}","[""RC-REPRO-001"", ""SRC-0001"", ""SRC-0025"", ""SRC-0045"", ""SRC-0049"", ""SRC-0050"", ""SRC-0060"", ""SRC-0061"", ""SRC-0067"", ""SRC-0068"", ""SRC-0085""]",2221,32.78,ERNIE-4.5-Turbo-32K,88,28,18,23,20,False,False,"该回答整体上对猪玉米赤霉烯酮中毒的诊断、处理方向和采样建议较为准确，逻辑清晰，未发现致命风险。诊断准确性和处方安全性较高，但数据质量和病理逻辑部分有提升空间。
问题：诊断准确性方面，虽然主要症状和病因匹配较好，但未完全排除其他病毒性繁殖障碍（如细小病毒、PRRS、伪狂犬等）的可能性，仅提到需排除，未进一步说明如何具体鉴别。；病理逻辑方面，对玉米赤霉烯酮的雌激素样作用机制解释不够深入，未详细说明其如何导致假孕等具体症状。；数据质量方面，回答中未提及具体的饲料毒素检测方法和激素水平检测的参考范围，缺乏量化指标。；处方安全性方面，虽然整体处理方向正确，但未明确说明停用可疑饲料后的替代饲料选择标准，以及观察期具体时长。",,,,,,,,,,False,,,,,88,28,18,23,20,reject,22.55,,
2e540c85-a25c-5648-9495-b30cd36c9e63,144,猪矿物质与化学物中毒,swine_hunyuan_turbos,hunyuan-turbos-20250926,成功,,猪,我场有120头80公斤左右的育肥猪，最近一周陆续出现精神沉郁、食欲下降、部分猪腹泻，个别死亡。怀疑是前几天换了一批新玉米型配合料后出现的，之前没用过这种原料。请问还能继续喂这批料吗？如果要送检的话，应该送哪些样品？另外病死猪怎么处理才安全？,根据描述，结合近期更换饲料的病史及群体性精神沉郁、食欲减退、腹泻等症状，高度怀疑为饲料源性矿物或化学物质中毒（如重金属、农药残留、霉菌毒素等）。需通过饲料成分分析、毒物筛查及病猪组织病理学检查进一步确诊。,treatment_direction: 立即停喂可疑饲料，改用已知安全的全价料；对尚存活猪提供清洁饮水，减少应激，观察恢复情况。；management_measures: 将剩余可疑饲料封存并标记，防止误用；加强圈舍通风，保持干燥卫生；密切观察猪群健康变化，及时隔离异常个体。；sampling_and_testing: 采集剩余可疑饲料样本（至少500g），同时采集病死猪肝、肾、胃内容物等组织样（每头约50g），送具备资质的实验室进行毒物、微量元素及霉菌毒素检测。；prohibited_actions: 在未明确毒性前严禁继续使用可疑饲料；禁止随意丢弃病死猪尸体，须按无害化处理规定执行。,在检测结果确认安全前，不得使用原饲料；若检出有毒物质，应彻底清除污染源后方可重新使用场地和设施。,"{""disease_name"": ""猪矿物质与化学物中毒"", ""severity"": ""中等至严重（视毒物种类与浓度而定）"", ""scene_tags"": [""育肥猪"", ""饲料更换史"", ""群体发病"", ""疑似中毒""], ""validation_points"": [""存在明确的饲料更换史"", ""群体性临床症状符合中毒表现"", ""需通过饲料与病料检测确认病因""], ""risk_flags"": [""潜在重大中毒事件"", ""涉及食品安全与公共卫生风险""], ""case_type"": ""中毒处置边界"", ""target_disease"": ""猪矿物质与化学物中毒"", ""local_flags"": {""species_ok"": true, ""target_disease_in_diagnosis"": false, ""target_disease_mismatch"": true, ""contains_specific_dose"": true, ""contains_specific_withdrawal"": false, ""regulated_bad_treatment"": false}}",True,True,target_disease_in_diagnosis|contains_specific_dose,target_disease_in_diagnosis|contains_specific_dose,False,True,True,D:\XF-ChongQin\ai-\knowledge\llm_wiki_swine_authoritative,1465,887,"猪矿物质与化学物中毒
猪矿物质与化学物中毒、toxic minerals chemicals plants and gases
中毒处置边界
用户想知道是否继续饲喂可疑饲料、怎样送检饲料和病料。","{""NEEDS_REVIEW"": 2, ""PROCESSED_SOURCE_ANCHORED"": 1}","[""SRC-0001"", ""SRC-0084"", ""SRC-0086""]",2221,26.57,ERNIE-4.5-Turbo-32K,88,28,18,24,18,False,False,"整体回答质量较高，诊断方向准确，处理措施安全合理，数据质量基本满足要求，无明显致命风险。
问题：diagnosis_accuracy: 诊断中未明确提及具体可能的毒物类型（如重金属、农药残留、霉菌毒素等），仅做了宽泛描述，可进一步细化以提高准确性。；pathology_logic: 病理逻辑部分对症状与中毒的关联性解释不够深入，缺乏对具体病理机制的简要说明。；data_quality: 数据质量中，对场景标签和验证点的描述较为笼统，可增加更多细节以提升数据丰富度。",,,,,,,,,,False,,,,,88,28,18,24,18,reject,17.32,,
814b10dc-5e9c-5fdd-9170-49916e310cb8,145,猪亚硝酸盐中毒,swine_hunyuan_turbos,hunyuan-turbos-20250926,成功,,猪,我家是育肥场，存栏大概280头，平均体重在60公斤左右。上周刚换了一批玉米做饲料，这批玉米颜色比之前深一些，也没晒透。这两天陆续有猪不吃料、流口水、呼吸急促，有的还吐了，个别母猪发情不规律。请问是不是饲料有问题？会不会是中毒？,根据描述，近期更换玉米原料后短时间内出现采食下降、流涎、呕吐及呼吸加快等症状，符合急性亚硝酸盐中毒的典型表现。该病常由含高硝酸盐的青贮或新鲜植物性饲料转化而来，尤其在储存不当或发酵不完全的情况下更易产生大量亚硝酸盐。需要结合饲料样品亚硝酸盐含量检测和现场饮水情况综合判断。,treatment_direction: 立即停喂可疑饲料，改用安全无污染的饲料；对症状明显的个体给予亚甲蓝静脉推注（仅限专业兽医操作）以改善高铁血红蛋白血症；同时补充电解质和维生素C促进代谢恢复。；management_measures: 全群停止饲喂当前批次玉米，清理料槽并彻底冲洗；保证清洁饮水；加强通风换气，减少应激；密切观察剩余猪只精神状态和呼吸频率变化。；sampling_submission: 采集可疑玉米、剩余饲料及水样送实验室检测亚硝酸盐浓度；必要时取病死猪肝脏、血液进行病理学检查以排除其他中毒或传染病。；contraindications: 禁止在未确诊前使用未经批准的兽药或偏方；严禁将可疑饲料继续投喂；发现死亡病例应立即隔离并按规定无害化处理。,由于涉及潜在中毒源，建议暂停出栏直至饲料检测结果合格且猪群恢复正常至少14天以上；具体时间依据检测结果和监管部门意见确定。,"{""disease_name"": ""猪亚硝酸盐中毒"", ""severity"": ""中等至严重"", ""scene_tags"": [""饲料更换"", ""育肥猪"", ""急性中毒"", ""亚硝酸盐""], ""validation_points"": [""症状与急性亚硝酸盐中毒相符（采食下降、流涎、呼吸急促、呕吐）"", ""存在可疑饲料暴露史（新批次玉米）"", ""需结合实验室检测确认病因""], ""risk_flags"": [""可能涉及饲料污染"", ""需防止误判为其他疾病""], ""case_type"": ""饲料中毒咨询"", ""target_disease"": ""猪亚硝酸盐中毒"", ""local_flags"": {""species_ok"": true, ""target_disease_in_diagnosis"": false, ""target_disease_mismatch"": true, ""contains_specific_dose"": false, ""contains_specific_withdrawal"": false, ""regulated_bad_treatment"": false}}",True,True,target_disease_in_diagnosis,target_disease_in_diagnosis,False,True,True,D:\XF-ChongQin\ai-\knowledge\llm_wiki_swine_authoritative,1465,887,"猪亚硝酸盐中毒
猪亚硝酸盐中毒、nitrite toxicosis
饲料中毒咨询
更换饲料或玉米批次后出现采食下降、呕吐、繁殖异常或神经症状，用户怀疑饲料问题。","{""HUMAN_REVIEWED"": 2, ""NEEDS_REVIEW"": 2, ""PROCESSED_SOURCE_ANCHORED"": 1}","[""SRC-0001"", ""SRC-0007"", ""SRC-0041"", ""SRC-0086""]",2152,26.37,ERNIE-4.5-Turbo-32K,88,28,18,23,20,False,False,"整体回答质量较高，诊断准确，逻辑清晰，处理方向安全，数据质量良好，无明显致命风险。
问题：diagnosis_accuracy: 诊断部分未提及母猪发情不规律与亚硝酸盐中毒的关联性，虽非核心症状但可补充说明。；pathology_logic: 病理逻辑部分对亚硝酸盐中毒的机制描述稍显简略，可进一步阐述硝酸盐转化为亚硝酸盐的过程。；data_quality: 数据质量部分，用户查询中的症状描述与诊断中的症状匹配度较高，但可增加对症状严重程度的描述以提高数据丰富度。",,,,,,,,,,False,,,,,88,28,18,23,20,reject,15.41,,
bc0666b1-2447-59fc-8edd-21837fb69967,146,猪有毒气体与通风失败损伤,swine_hunyuan_turbos,hunyuan-turbos-20250926,成功,,猪,我家有120头80公斤左右的育肥猪，圈舍是半封闭式，最近两天天气闷热，我早上开风机的时候闻到一股刺鼻的臭味，有几头猪开始咳嗽、流眼泪，还有一头精神沉郁不吃料。之前没用过什么药，就是前天刚换了新一批自配料，想问问这种情况还能继续喂这批料吗？另外该采哪些样去化验？,结合现场描述，考虑为粪污分解产生的有害气体（如氨气、硫化氢）在通风不良条件下造成的中毒反应，同时需排除饲料中可能存在的霉菌毒素污染。当前症状符合有害气体刺激引起的呼吸道及全身症状，不排除饲料因素叠加作用。,treatment_direction: 立即改善圈舍通风，减少有害气体浓度；对出现症状的猪进行隔离观察，给予清洁饮水，必要时使用支持性护理；暂停使用可疑饲料，防止进一步摄入潜在毒素。；management_measures: 开启所有通风设备，增加换气频率；清理粪污并减少搅动；检查风机、进风口是否正常运转；监测全群呼吸和精神状态变化。；sampling_and_testing: 采集新鲜粪便、尿液以及病死猪组织（肺、肝、肾）送实验室检测有害气体代谢产物及可能的霉菌毒素；同时保留剩余可疑饲料样品送检，分析其成分及毒素含量。；prohibited_actions: 严禁在未明确原因前继续使用可疑饲料；禁止在密闭环境中长时间作业，人员进入圈舍应佩戴防护口罩；不得自行使用未经批准的兽药或解毒剂。,因属环境中毒事件，无直接休药期概念；若后续涉及药物治疗，须按所用药品说明执行相应停药期。,"{""disease_name"": ""猪有毒气体与通风失败损伤"", ""severity"": ""中等至严重（视暴露浓度与持续时间而定）"", ""scene_tags"": [""育肥猪"", ""通风不良"", ""有害气体"", ""饲料更换""], ""validation_points"": [""症状与有害气体刺激相符（咳嗽、流泪、精神沉郁）"", ""存在通风不足与粪污分解条件"", ""饲料更换史提示可能存在毒素叠加""], ""risk_flags"": [""群体暴露风险高"", ""需排查饲料安全"", ""可能伴随其他中毒因素""], ""case_type"": ""中毒处置边界"", ""target_disease"": ""猪有毒气体与通风失败损伤"", ""local_flags"": {""species_ok"": true, ""target_disease_in_diagnosis"": false, ""target_disease_mismatch"": true, ""contains_specific_dose"": false, ""contains_specific_withdrawal"": false, ""regulated_bad_treatment"": false}}",True,True,target_disease_in_diagnosis,target_disease_in_diagnosis,False,True,True,D:\XF-ChongQin\ai-\knowledge\llm_wiki_swine_authoritative,1465,887,"猪有毒气体与通风失败损伤
猪有毒气体与通风失败损伤、toxic gases ventilation failure
中毒处置边界
用户想知道是否继续饲喂可疑饲料、怎样送检饲料和病料。","{""NEEDS_REVIEW"": 2, ""PROCESSED_SOURCE_ANCHORED"": 3}","[""SRC-0001"", ""SRC-0086""]",2171,32.94,ERNIE-4.5-Turbo-32K,88,28,18,24,18,False,False,"该回答整体表现良好，诊断准确，考虑了有害气体中毒和饲料毒素污染的双重可能性，处理方向安全合理，采样建议全面。但在病理逻辑和数据质量方面存在一定不足，如未详细解释症状与疾病的关联性，且对饲料毒素污染的排查建议不够深入。
问题：诊断部分虽提及饲料毒素污染的可能性，但未详细展开其与症状的关联性分析，病理逻辑稍显不足。；数据质量方面，对饲料毒素污染的排查建议不够深入，未提及具体的毒素类型或检测方法。；在症状描述与疾病匹配方面，虽提及咳嗽、流泪、精神沉郁等症状，但未进一步阐述这些症状如何具体指向有害气体中毒。；采样建议中，虽提及了采集病死猪组织，但未明确说明采集的具体组织部位或采集方法。",,,,,,,,,,False,,,,,88,28,18,24,18,reject,21.97,,
b4baea05-493b-536e-81cf-4dc8765db0b8,147,非洲猪瘟,swine_hunyuan_turbos,hunyuan-turbos-20250926,成功,,猪,我这边是一个300头基础母猪的种猪场，最近有4头怀孕90多天的母猪陆续流产，还有两头公猪精神差、采食下降，体温在40℃左右，已经持续了三四天。之前没用过什么特别的药物，场内通风一般，近期没有外购猪进来。我想知道是不是传染病，还能不能继续配种？,高度怀疑非洲猪瘟病毒感染。该病可导致妊娠母猪流产、死胎及公猪发热、食欲下降等症状，且传播迅速，病死率高。结合当前疫情形势及临床症状，应首先排除非洲猪瘟的可能性。,treatment_direction: 目前无特效治疗药物，应立即停止场内一切猪只移动和配种操作，防止疫情扩散。；management_measures: 对发病猪只进行隔离观察，加强生物安全措施，包括人员、车辆、器具严格消毒，禁止无关人员进入生产区。；sampling_and_testing: 采集血液、组织等样本送具备资质的实验室进行非洲猪瘟病原核酸检测，以确诊。；prohibited_actions: 严禁私自处理病死猪，不得擅自使用抗生素或其他药物掩盖病情，不得向其他养殖场调运猪只。,因无有效药物治疗，不涉及药物休药期问题；若确诊非洲猪瘟，须按当地畜牧兽医主管部门要求进行扑杀和无害化处理。,"{""disease_name"": ""非洲猪瘟"", ""severity"": ""高"", ""scene_tags"": [""种猪场"", ""流产"", ""公猪异常"", ""高热""], ""validation_points"": [""妊娠母猪集中流产符合非洲猪瘟特征"", ""公猪发热、食欲下降提示全身感染"", ""无外购猪史降低外来病原引入可能""], ""risk_flags"": [""重大动物疫病风险"", ""需立即上报检测""], ""case_type"": ""种猪繁殖障碍"", ""target_disease"": ""非洲猪瘟"", ""local_flags"": {""species_ok"": true, ""target_disease_in_diagnosis"": true, ""target_disease_mismatch"": false, ""contains_specific_dose"": false, ""contains_specific_withdrawal"": false, ""regulated_bad_treatment"": false}}",True,True,,,True,False,True,D:\XF-ChongQin\ai-\knowledge\llm_wiki_swine_authoritative,1465,887,"非洲猪瘟
非洲猪瘟、african swine fever virus、ASF、African swine fever
种猪繁殖障碍
种猪场出现流产、死胎、返情或公猪异常，用户担心传染病和是否继续配种。","{""HUMAN_REVIEWED"": 2}","[""SRC-0001"", ""SRC-0031""]",2221,35.83,ERNIE-4.5-Turbo-32K,55,20,15,10,10,True,False,"该回答在诊断准确性、病理逻辑、处方安全性和数据质量方面均存在明显不足，且存在重大动物疫病风险，未按照规范流程处理，因此评估为不合格。
问题：诊断准确性不足：虽然提到了非洲猪瘟的可能性，但未充分结合临床症状和流行病学史进行深入分析，且未明确排除其他可能疾病。；病理逻辑不清晰：对非洲猪瘟的病理机制解释不够详细，未充分说明为何高度怀疑该病，且未提及该病的典型病理变化。；处方安全性问题：在未确诊的情况下，建议停止一切猪只移动和配种操作，虽然出于谨慎考虑，但缺乏科学依据，且未提供具体的生物安全措施实施细节。；数据质量不高：回答中缺乏对临床症状的详细描述和记录，且未提及对场内其他猪只的观察和监测情况。；存在重大动物疫病风险：非洲猪瘟是重大动物疫病，回答中未强调立即上报和检测的重要性，且未提及扑杀和无害化处理的具体流程。",,,,,,,,,,False,,,,,55,20,15,10,10,reject,27.41,,
78943e46-40a9-540d-a61b-71d797b7c16f,150,猪瘟,swine_hunyuan_turbos,hunyuan-turbos-20250926,成功,,猪,我家有200头90公斤左右的育肥猪，这几天有几头开始发烧41度左右，精神沉郁不吃料，皮肤有点发红，粪便带血，之前用过恩诺沙星拌料三天没见好转，现在离计划出栏还有20天，这种情况还能治吗？会不会影响卖猪？,根据描述，结合高热、便血、皮肤发红等症状及用药无效的情况，高度怀疑为经典猪瘟（Classical Swine Fever）。该病由黄病毒科瘟病毒属引起，具有高度传染性和致死性，临床症状与丹毒、非洲猪瘟等有一定重叠，需通过实验室检测确诊。,treatment_direction: 无特效抗病毒药物，主要采取支持疗法缓解症状，如补液、维持电解质平衡、防止继发细菌感染。；management_measures: 立即隔离发病猪，限制人员、车辆、工具流动，全场彻底消毒，暂停外调生猪和产品。；sampling_and_testing: 采集血液、脾脏、淋巴结等样本送有资质的实验室进行CSF病原PCR或抗原检测，同时排除非洲猪瘟等其他烈性病。；prohibited_boundaries: 严禁使用未经批准的疫苗或药品，禁止将可疑病猪出售或屠宰，发现疫情应立即向当地动物防疫部门报告。,因涉及重大动物疫病，当前阶段不建议继续饲养至出栏，应配合主管部门处置方案执行。,"{""disease_name"": ""经典猪瘟"", ""severity"": ""高"", ""scene_tags"": [""育肥猪"", ""高热"", ""便血"", ""皮肤发红"", ""临近出栏""], ""validation_points"": [""高热、便血、皮肤发红符合CSF典型症状"", ""恩诺沙星无效提示非细菌性单一感染"", ""需实验室检测确诊""], ""risk_flags"": [""重大动物疫病"", ""高度传染性"", ""需立即上报""], ""case_type"": ""上市休药期咨询"", ""target_disease"": ""猪瘟"", ""local_flags"": {""species_ok"": true, ""target_disease_in_diagnosis"": true, ""target_disease_mismatch"": false, ""contains_specific_dose"": false, ""contains_specific_withdrawal"": false, ""regulated_bad_treatment"": false}}",False,False,,,True,False,False,D:\XF-ChongQin\ai-\knowledge\llm_wiki_swine_authoritative,1465,887,"猪瘟
猪瘟、classical swine fever pestiviruses、经典猪瘟、CSF
上市休药期咨询
用户接近出栏，关心治疗方向和用药后能否出栏销售。","{""HUMAN_REVIEWED"": 3}","[""A1-WOAH-CSF"", ""A1-WOAH-CSF-DISEASE"", ""A1-WOAH-CSF-MANUAL"", ""SRC-0031"", ""SRC-0046""]",2221,29.55,ERNIE-4.5-Turbo-32K,65,20,15,15,15,False,False,"测试数据整体表现中等，诊断准确性、病理逻辑、处方安全性和数据质量方面均存在一定不足，需进一步优化。
问题：诊断准确性方面，虽然识别出了猪瘟的可能性，但未充分排除其他类似症状疾病，如非洲猪瘟，且未提及实验室检测的紧迫性。；病理逻辑上，对猪瘟的病理机制解释不够深入，且未充分阐述为何恩诺沙星无效能指向猪瘟。；处方安全性上，虽然提出了支持疗法和管理措施，但未给出具体的治疗方案或药物使用建议，且休药期建议过于笼统，未针对具体药物给出明确指导。；数据质量方面，用户查询和回答中的信息基本完整，但部分表述可以更加精确和详细。",,,,,,,,,,False,,,,,65,20,15,15,15,review,20.73,,
5d3c0421-d990-5c69-811e-0033f8f8ff92,164,猪布鲁氏菌病,swine_hunyuan_turbos,hunyuan-turbos-20250926,成功,,猪,我家有60头母猪和8头公猪，最近两个月陆续发现几头怀孕母猪流产，还有一头公猪睾丸肿大，精神食欲都正常。之前没用过什么特别的药物，圈舍通风一般，想问这种情况是不是要停配种？需要送哪些样品去检查？,结合母猪流产、公猪睾丸肿大等繁殖障碍表现，应高度怀疑猪布鲁氏菌感染。该病可引起妊娠中断、死胎及公猪附睾炎、睾丸炎，并具人兽共患风险。,treatment_direction: 立即暂停所有配种和引种操作，防止病原扩散。对可疑个体进行隔离观察，减少人员接触。；management_measures: 加强圈舍卫生消毒，限制人员流动，工作人员佩戴防护用具。避免直接接触流产胎儿和分泌物。；sampling_and_testing: 采集流产胎儿组织、胎盘、公猪精液及血清样本，送具备资质的实验室进行布鲁氏菌分离培养和血清学检测。；prohibited_boundaries: 在未确诊前严禁出售、运输、屠宰或食用可疑动物及其产品；禁止将健康猪引入场内。,因属人兽共患风险病原体，无常规休药期概念，须依据检测结果和当地畜牧兽医部门指导执行后续措施。,"{""disease_name"": ""猪布鲁氏菌病"", ""severity"": ""高"", ""scene_tags"": [""繁殖障碍"", ""流产"", ""公猪睾丸炎"", ""人兽共患风险""], ""validation_points"": [""存在母猪流产与公猪睾丸肿大等典型繁殖障碍症状"", ""符合布鲁氏菌病的流行病学特征"", ""建议采取隔离、送检及暂停配种等措施""], ""risk_flags"": [""人兽共患风险"", ""重大动物疫病防控边界""], ""case_type"": ""繁殖障碍送检"", ""target_disease"": ""猪布鲁氏菌病"", ""local_flags"": {""species_ok"": true, ""target_disease_in_diagnosis"": false, ""target_disease_mismatch"": true, ""contains_specific_dose"": false, ""contains_specific_withdrawal"": false, ""regulated_bad_treatment"": false}}",True,True,target_disease_in_diagnosis,target_disease_in_diagnosis,False,True,True,D:\XF-ChongQin\ai-\knowledge\llm_wiki_swine_authoritative,1465,887,"猪布鲁氏菌病
猪布鲁氏菌病、brucella suis brucellosis、布鲁氏菌病、Brucella suis
繁殖障碍送检
繁殖异常持续出现，用户询问该采哪些样品、是否需要暂停配种和引种。","{""HUMAN_REVIEWED"": 2, ""NEEDS_REVIEW"": 2}","[""SRC-0001"", ""SRC-0060"", ""SRC-0061""]",2221,25.58,ERNIE-4.5-Turbo-32K,92,28,18,24,22,False,False,"该回答整体表现优秀，诊断准确，逻辑清晰，处理方向安全，数据质量较高。诊断结合母猪流产和公猪睾丸肿大等繁殖障碍表现，高度怀疑猪布鲁氏菌感染，符合疾病特征。处理方向上，建议暂停配种和引种、隔离观察、加强卫生消毒等措施合理且安全。数据质量方面，症状描述、疾病特征、处理建议等均较为详细。
问题：diagnosis_accuracy: 诊断部分虽准确，但未完全覆盖所有可能的相关症状或鉴别诊断，可进一步提升全面性。；pathology_logic: 病理逻辑部分基本合理，但可增加对疾病传播途径和防控原理的简要说明，以增强逻辑性。；data_quality: 数据质量较高，但部分描述如'加强圈舍卫生消毒'可更具体，如消毒频率、消毒剂选择等。",,,,,,,,,,False,,,,,92,28,18,24,22,reject,17.34,,
7294631f-f592-5104-9db3-9edd9a648799,165,猪腺病毒感染,swine_hunyuan_turbos,hunyuan-turbos-20250926,成功,,猪,我家是200头基础母猪的种猪场，最近有3头怀孕80多天的母猪陆续流产，还有两头返情，一头公猪精液活力明显下降。之前没用过什么疫苗，场内通风一般，粪污清理不及时。想问问是不是传染病，还能不能继续配种？,根据描述，母猪在妊娠中期发生流产、返情及公猪精液质量下降，结合无疫苗接种史和较差的环境卫生条件，需重点排查病毒性繁殖障碍疾病，包括猪繁殖与呼吸综合征（PRRS）、猪细小病毒病、伪狂犬病、猪乙型脑炎等。猪腺病毒感染虽可存在于流产胎儿中，但通常为亚临床或轻症，较少引起明显繁殖障碍。因此，当前更可能是其他已知高致病性繁殖障碍病毒所致，而非单纯腺病毒感染。,treatment_direction: 立即暂停受影响母猪配种计划，对全场进行流行病学调查，采集流产胎儿、胎盘、血液等样本送有资质实验室检测，明确病原。加强圈舍清洁消毒，改善通风与粪污清除频率，降低环境病毒载量。；management_measures: 隔离发病母猪，防止交叉传播；对全群进行健康巡查，记录体温、采食、精神状态；优化饲养密度与通风条件。；sampling_and_testing: 采集流产胎儿组织、胎盘、母猪血清、公猪精液等样品，开展PCR检测PRRSV、细小病毒、伪狂犬病毒、乙脑病毒等，必要时加做腺病毒检测作为排除。；prohibited_boundaries: 在未明确病原前，禁止将场内母猪或公猪外调，也不得引入新种源；若检出法定重大疫病（如PRRS、伪狂犬等），须按当地畜牧兽医部门要求进行扑杀、无害化处理或封锁隔离。,因未使用药物，不涉及休药期问题；但在检测结果明确并按规定处置前，应暂停配种与销售。,"{""disease_name"": ""猪腺病毒感染"", ""severity"": ""低至中等（多为亚临床，偶见轻度繁殖障碍）"", ""scene_tags"": [""种猪场"", ""繁殖障碍"", ""流产"", ""返情"", ""公猪精液异常""], ""validation_points"": [""妊娠中期流产提示可能病毒性病因"", ""环境卫生差增加病毒传播风险"", ""腺病毒常与其他病原共存，非首要怀疑对象""], ""risk_flags"": [""存在重大动物疫病（PRRS、伪狂犬等）风险"", ""未经确诊前贸然继续配种可能扩大疫情"", ""需依法配合检疫与检测""], ""case_type"": ""种猪繁殖障碍"", ""target_disease"": ""猪腺病毒感染"", ""local_flags"": {""species_ok"": true, ""target_disease_in_diagnosis"": true, ""target_disease_mismatch"": false, ""contains_specific_dose"": false, ""contains_specific_withdrawal"": false, ""regulated_bad_treatment"": false}}",False,False,,,True,False,False,D:\XF-ChongQin\ai-\knowledge\llm_wiki_swine_authoritative,1465,887,"猪腺病毒感染
猪腺病毒感染、adenoviruses
种猪繁殖障碍
种猪场出现流产、死胎、返情或公猪异常，用户担心传染病和是否继续配种。","{""HUMAN_REVIEWED"": 2, ""NEEDS_REVIEW"": 2}","[""RC-REPRO-001"", ""SRC-0001"", ""SRC-0030"", ""SRC-0045"", ""SRC-0049"", ""SRC-0050"", ""SRC-0060"", ""SRC-0061"", ""SRC-0067"", ""SRC-0068"", ""SRC-0085""]",2221,37.62,ERNIE-4.5-Turbo-32K,65,20,15,15,15,False,False,"该回答在诊断准确性、病理逻辑、处方安全性和数据质量方面存在一定不足，整体得分65分，属于review级别。回答未充分聚焦目标疾病（猪腺病毒感染），且对其他高致病性繁殖障碍病毒的怀疑缺乏充分依据，导致诊断准确性较低。病理逻辑方面，对猪腺病毒感染的典型症状描述不足，且未充分解释其与其他疾病的鉴别要点。处方安全性方面，虽然建议了暂停配种和加强消毒等措施，但未针对猪腺病毒感染提出具体治疗方案。数据质量方面，回答中的信息较为全面，但部分内容与目标疾病关联性不强。
问题：诊断准确性不足：回答未充分聚焦目标疾病（猪腺病毒感染），且对其他高致病性繁殖障碍病毒的怀疑缺乏充分依据。；病理逻辑不清晰：对猪腺病毒感染的典型症状描述不足，且未充分解释其与其他疾病的鉴别要点。；处方安全性一般：虽然建议了暂停配种和加强消毒等措施，但未针对猪腺病毒感染提出具体治疗方案。；数据质量有待提升：回答中的信息较为全面，但部分内容与目标疾病关联性不强。",,,,,,,,,,False,,,,,65,20,15,15,15,review,26.9,,
56377b05-d0b9-556c-8e40-838a9451f456,168,猪布尼亚病毒相关感染,swine_hunyuan_turbos,hunyuan-turbos-20250926,成功,,猪,我家有120头90公斤左右的育肥猪，已经养了快半年，最近发现个别猪精神沉郁、体温升高到40℃左右，有的还出现关节肿胀和跛行，持续一周多没好转。之前用过阿莫西林拌料三天，效果不明显。现在离计划出栏只剩十来天，这种情况还能治吗？会不会影响卖猪？,根据描述，结合当前信息，考虑可能为病毒性感染引起的发热及关节炎综合征，其中不排除猪布尼亚病毒相关感染的可能性，但该病在育肥猪多为隐性或轻微表现，且缺乏特异性确诊依据。需排除其他常见细菌性关节炎（如链球菌、丹毒杆菌）、支原体感染等。,建议立即隔离发病猪，减少应激，改善通风与卫生条件；采集血液、关节液等样本送实验室进行病原检测（包括布尼亚病毒及其他常见病原），以明确病因；在未确诊前避免使用未经许可的抗病毒药物；禁止使用对目标病原无效或可能延误诊断的药物；若确诊为重大动物疫病，应按规定向当地畜牧兽医部门报告并配合处置，不得擅自出售。,因病因未明且涉及潜在重大疫病风险，不建议在检测结果出来前出栏销售；任何用药均需按官方规定执行停药期后方可上市。,"{""disease_name"": ""猪布尼亚病毒相关感染"", ""severity"": ""中等至严重（视病原而定）"", ""scene_tags"": [""育肥猪"", ""发热"", ""关节炎"", ""临近出栏""], ""validation_points"": [""症状符合多种病原可能性，需实验室确诊"", ""育肥猪布尼亚病毒感染多为隐性或轻症"", ""不能随意使用抗病毒药物""], ""risk_flags"": [""可能涉及重大动物疫病，需要采样送检"", ""存在人畜共患病鉴别需求（虽非ASF）"", ""临近出栏期需严格遵循检疫与停药期规定""], ""case_type"": ""上市休药期咨询"", ""target_disease"": ""猪布尼亚病毒相关感染"", ""local_flags"": {""species_ok"": true, ""target_disease_in_diagnosis"": true, ""target_disease_mismatch"": false, ""contains_specific_dose"": false, ""contains_specific_withdrawal"": false, ""regulated_bad_treatment"": false}}",False,False,,,True,False,False,D:\XF-ChongQin\ai-\knowledge\llm_wiki_swine_authoritative,1465,887,"猪布尼亚病毒相关感染
猪布尼亚病毒相关感染、bunyaviruses akabane lumbo oya tahyna
上市休药期咨询
用户接近出栏，关心治疗方向和用药后能否出栏销售。","{""HUMAN_REVIEWED"": 2, ""NEEDS_REVIEW"": 2}","[""SRC-0001"", ""SRC-0033""]",2221,30.14,ERNIE-4.5-Turbo-32K,72,22,16,19,15,False,False,"该回答在诊断准确性、病理逻辑、处方安全性和数据质量方面表现中等，存在一些需要改进的地方。诊断考虑了多种可能性，但缺乏特异性确诊依据；病理逻辑基本合理，但未充分解释症状与疾病的关系；处方安全，但未提供具体治疗建议；数据质量一般，信息完整性和准确性有待提高。
问题：诊断准确性方面，虽然考虑了多种可能性，但缺乏特异性确诊依据，且未充分解释为何怀疑猪布尼亚病毒相关感染。；病理逻辑方面，基本合理但不够深入，未充分解释症状与疾病之间的具体联系。；处方安全性方面，虽然建议了隔离和送检，但未提供具体治疗建议，且未明确说明在等待检测结果期间应如何处理病猪。；数据质量方面，信息基本完整，但缺乏对症状严重程度的详细描述，且未提供病猪的具体数量或比例。",,,,,,,,,,False,,,,,72,22,16,19,15,review,22.12,,
6a95e40c-1a9c-5774-b72d-c4ea7d0ce608,169,猪杯状病毒感染,swine_hunyuan_turbos,hunyuan-turbos-20250926,成功,,猪,我家有120头保育猪，现在50日龄左右，最近三天陆续出现采食量下降、精神沉郁的情况，部分猪拉稀，个别咳嗽明显，舍内通风一般，温度波动大，之前用过恩诺沙星拌料两天没明显改善，想问下可能是什么病，该怎么处理？,根据描述，保育猪群在50日龄左右出现采食下降、腹泻及呼吸道症状，结合年龄和环境因素，考虑多种混合感染可能性较大，其中猪杯状病毒感染可作为潜在病毒性病因之一，同时需排查细菌性继发感染（如大肠杆菌、巴氏杆菌等）以及环境因素应激影响。,建议立即加强保温与通风管理，减少温差刺激；对病猪进行分群饲养，提供易消化的饲料与清洁饮水；可试用支持疗法改善食欲与免疫力，必要时采集新鲜粪便、鼻拭子送实验室检测明确病原；禁止使用未经许可的人用药物或超范围兽药；若怀疑重大疫病，应立即向当地畜牧兽医部门报告并按规定处置。,因未使用特定化学药物，无具体休药期要求；但若后续使用抗生素，须按药品说明书执行停药期，并在出栏前确保符合食品安全标准。,"{""disease_name"": ""猪杯状病毒感染"", ""severity"": ""中等"", ""scene_tags"": [""保育猪"", ""群体发病"", ""腹泻"", ""呼吸道症状"", ""环境应激""], ""validation_points"": [""保育猪阶段是多种病毒和细菌病的易感期"", ""杯状病毒属可导致腹泻及呼吸道症状"", ""环境应激可加重临床表现""], ""risk_flags"": [""需排除其他重要传染病"", ""存在混合感染风险""], ""case_type"": ""保育猪群体发病"", ""target_disease"": ""猪杯状病毒感染"", ""local_flags"": {""species_ok"": true, ""target_disease_in_diagnosis"": true, ""target_disease_mismatch"": false, ""contains_specific_dose"": false, ""contains_specific_withdrawal"": false, ""regulated_bad_treatment"": false}}",False,False,,,True,False,False,D:\XF-ChongQin\ai-\knowledge\llm_wiki_swine_authoritative,1465,887,"猪杯状病毒感染
猪杯状病毒感染、caliciviruses norovirus sapovirus vesicular exanthema virus
保育猪群体发病
群体发病、采食下降、粪便或呼吸道异常，用户想知道主要病因和下一步处理。","{""HUMAN_REVIEWED"": 1, ""NEEDS_REVIEW"": 4}","[""SRC-0001"", ""SRC-0034""]",2117,28.21,ERNIE-4.5-Turbo-32K,72,22,16,19,15,False,False,"该回答在诊断准确性、病理逻辑、处方安全性和数据质量方面表现中等，存在一定不足，需进一步优化。
问题：诊断准确性方面，虽然考虑了猪杯状病毒感染的可能性，但未充分排除其他重要传染病，如猪流行性腹泻病毒、猪传染性胃肠炎病毒等，这些疾病在保育猪阶段也常见且症状相似。；病理逻辑方面，对混合感染和环境应激的阐述较为笼统，未深入分析它们与猪杯状病毒感染之间的具体关联和相互影响。；处方安全性方面，建议的支持疗法和实验室检测是合理的，但未给出具体的支持疗法措施，如使用何种药物或营养补充剂来改善食欲和免疫力。；数据质量方面，对症状的描述和疾病的关联性分析不够深入，缺乏具体的临床数据或研究支持。",,,,,,,,,,False,,,,,72,22,16,19,15,review,20.51,,
7b3b95e6-7a2f-5860-8259-094911660a58,171,猪δ冠状病毒感染,swine_hunyuan_turbos,hunyuan-turbos-20250926,成功,,猪,我家有120头母猪，刚产下一批小猪，现在10日龄左右，最近两天有几窝出现拉黄色稀粪的情况，有的带点泡沫，吃奶正常，精神也还行，就是个别有点脱水。之前没用过什么药，圈舍温度这两天降了些，想问这是病毒性还是细菌性的？要不要做化验？,根据日龄、粪便性状及病程，需考虑病毒性（如猪δ冠状病毒、轮状病毒、TGE等）、细菌性（如大肠杆菌）以及寄生虫（如球虫）等多种可能。建议结合实验室检测（粪便PCR、电镜、细菌培养）进行鉴别诊断。,1. 立即改善保温措施，减少应激；2. 提供清洁饮水，防止脱水；3. 对严重脱水个体可口服补液盐；4. 采集新鲜粪便送实验室检测病毒核酸、细菌和寄生虫；5. 在未明确病因前避免使用广谱抗生素以防掩盖病情；6. 若检出高致病性病原（如非洲猪瘟），须立即上报并按重大动物疫病处置流程执行。,因未使用药物，无停药期要求；若后续使用兽药，应依据药品说明书及国家规定执行。,"{""disease_name"": ""猪δ冠状病毒感染"", ""severity"": ""中等"", ""scene_tags"": [""腹泻"", ""仔猪"", ""多窝发病"", ""黄色稀粪""], ""validation_points"": [""符合10日龄仔猪腹泻特征"", ""需区分病毒性与细菌性病因"", ""强调采样送检的重要性""], ""risk_flags"": [""需排除重大动物疫病"", ""需实验室确诊""], ""case_type"": ""腹泻采样送检"", ""target_disease"": ""猪δ冠状病毒感染"", ""local_flags"": {""species_ok"": true, ""target_disease_in_diagnosis"": false, ""target_disease_mismatch"": true, ""contains_specific_dose"": false, ""contains_specific_withdrawal"": false, ""regulated_bad_treatment"": false}}",True,True,target_disease_in_diagnosis,target_disease_in_diagnosis,False,True,True,D:\XF-ChongQin\ai-\knowledge\llm_wiki_swine_authoritative,1465,887,"猪δ冠状病毒感染
猪δ冠状病毒感染、porcine deltacoronavirus
腹泻采样送检
用户描述粪便性状、日龄和病程，重点询问如何鉴别病毒性、细菌性或寄生虫性腹泻。","{""HUMAN_REVIEWED"": 1, ""NEEDS_REVIEW"": 4}","[""A0-MOA-573"", ""RC-DIARRHEA-001"", ""SRC-0001"", ""SRC-0052"", ""SRC-0062"", ""SRC-0063"", ""SRC-0064"", ""SRC-0071"", ""SRC-0072"", ""SRC-0073"", ""SRC-0077"", ""SRC-0081""]",2035,25.68,ERNIE-4.5-Turbo-32K,82,27,18,24,13,False,False,"整体回答较为全面，诊断考虑了多种可能性，并建议实验室检测以鉴别诊断，处理方向安全合理，但数据质量方面略有不足，对疾病特征描述不够详细。
问题：诊断准确性方面，虽然考虑了多种可能性，但对猪δ冠状病毒感染的特征描述不够详细，缺乏针对性。；病理逻辑方面，对疾病发生机理的解释不够深入，仅简单列举了可能病因。；处方安全性方面整体合理，但未针对猪δ冠状病毒感染提出具体治疗措施。；数据质量方面，对用户描述的症状和场景利用不够充分，未充分结合疾病特征进行分析。",,,,,,,,,,False,,,,,82,27,18,24,13,reject,17.26,,
f22f16bc-e77a-5f7f-94bb-0fa4a1936238,177,猪西尼罗病毒相关感染,swine_hunyuan_turbos,hunyuan-turbos-20250926,成功,,猪,我这边是200头基础母猪的种猪场，最近有3头怀孕90多天的母猪陆续流产，还有两头产下死胎，另外有两头公猪采精量明显减少、活力差。场内温度高湿度大，通风一般，之前没用过疫苗，想问问是不是传染病，还能不能继续配种？,结合症状、妊娠阶段及公猪精液质量下降，高度怀疑为病毒性繁殖障碍性疾病，可能由猪西尼罗病毒或其他黄病毒感染引起。该病可导致妊娠中期流产、死胎以及公猪生殖功能受损。需排除布鲁氏菌病、伪狂犬病、蓝耳病等常见繁殖障碍病。,立即隔离发病母猪与公猪，停止配种计划；采集流产胎儿组织、胎盘、血液及公猪精液送实验室进行病原学检测（PCR/血清学）；加强圈舍通风降温，减少应激；全场消毒，防止交叉传播；在未确诊前不建议使用抗病毒药物或激素干预，以免掩盖病情延误防控。如确诊为重大动物疫病，应按规定上报并配合扑杀或无害化处理。,无具体休药期，因属病毒性感染且涉及重大疫病防控，需依据检测结果和当地畜牧部门指导执行相应生物安全措施。,"{""disease_name"": ""猪西尼罗病毒相关感染"", ""severity"": ""中等至严重"", ""scene_tags"": [""种猪场"", ""繁殖障碍"", ""高温高湿"", ""公猪精液异常""], ""validation_points"": [""妊娠中后期流产提示病毒性因素可能性大"", ""公猪精液量减少与活力下降符合某些黄病毒感染特征"", ""环境因素可加重病毒传播与临床表现""], ""risk_flags"": [""疑似重大动物疫病"", ""存在人畜共患潜在风险（需进一步确认）""], ""case_type"": ""种猪繁殖障碍"", ""target_disease"": ""猪西尼罗病毒相关感染"", ""local_flags"": {""species_ok"": true, ""target_disease_in_diagnosis"": false, ""target_disease_mismatch"": true, ""contains_specific_dose"": false, ""contains_specific_withdrawal"": false, ""regulated_bad_treatment"": false}}",True,True,target_disease_in_diagnosis,target_disease_in_diagnosis,False,True,True,D:\XF-ChongQin\ai-\knowledge\llm_wiki_swine_authoritative,1465,887,"猪西尼罗病毒相关感染
猪西尼罗病毒相关感染、west nile virus and other flaviviruses
种猪繁殖障碍
种猪场出现流产、死胎、返情或公猪异常，用户担心传染病和是否继续配种。","{""NEEDS_REVIEW"": 5}","[""SRC-0001""]",2060,28.09,ERNIE-4.5-Turbo-32K,82,27,18,20,17,False,False,"该测试数据整体质量较高，诊断准确性、病理逻辑、处方安全性和数据质量均表现良好，符合测试目标要求。诊断考虑了病毒性繁殖障碍性疾病的可能性，并排除了其他常见繁殖障碍病，符合真实场景。处方建议合理，考虑了生物安全措施和实验室检测的重要性。数据质量方面，症状与疾病匹配，诊断逻辑清晰，处理方向安全。
问题：诊断准确性方面，虽然考虑了病毒性繁殖障碍性疾病，但未明确提及猪西尼罗病毒相关感染的具体诊断依据，仅作为可能性之一提出。；病理逻辑方面，对公猪精液质量下降与病毒感染之间的关联解释不够深入，缺乏具体的病理机制描述。；数据质量方面，风险标志中提到存在人畜共患潜在风险，但未进一步说明如何确认和防控，信息不够完整。",,,,,,,,,,False,,,,,82,27,18,20,17,reject,18.44,,
9c079243-cd0f-50c4-8353-022f33e79ef1,181,猪恶性卡他热相关感染,swine_hunyuan_turbos,hunyuan-turbos-20250926,成功,,猪,我家有120头60日龄左右的保育猪，这几天陆续出现精神沉郁、采食量明显下降，部分猪流鼻涕、呼吸急促，还有几头拉稀。圈舍通风一般，前几天刚从外场引进过一批断奶仔猪。请问这是啥毛病？该怎么处理？,根据描述，保育猪群在引入新猪后短时间内出现精神沉郁、采食下降、呼吸道及消化道症状，需高度怀疑病毒性传染病，包括猪恶性卡他热（由绵羊疱疹病毒2型等γ疱疹病毒引起）的可能。该病偶发于与羊接触的猪群，也可通过其他途径传播，表现为高热、黏膜充血、呼吸道症状、腹泻等全身症状。建议结合流行病学史（是否接触过羊或其分泌物）进行排查。,立即将病猪与健康猪隔离，减少应激；改善圈舍通风与保温，适当提高环境温度以减轻代谢负担；采集病猪血液、鼻拭子、粪便等样品送专业实验室检测，明确病原；在未确诊前避免使用广谱抗生素掩盖病情；如怀疑为恶性卡他热且涉及跨区域或重大疫情，应按规定向当地动物防疫部门报告，配合采样、封锁、无害化处理等措施。,因未使用特定药物治疗，无直接休药期问题；若后续使用兽药，须按标签规定执行休药期并遵守食品安全要求。,"{""disease_name"": ""猪恶性卡他热相关感染"", ""severity"": ""高"", ""scene_tags"": [""保育猪"", ""群体发病"", ""采食下降"", ""呼吸道症状"", ""腹泻"", ""新进猪""], ""validation_points"": [""症状符合恶性卡他热的部分临床表现"", ""存在新进猪的流行病学风险"", ""需实验室检测确认病原""], ""risk_flags"": [""可能涉及重大动物疫病"", ""需上报防疫部门"", ""禁止自行使用未经批准的疫苗或药物""], ""case_type"": ""保育猪群体发病"", ""target_disease"": ""猪恶性卡他热相关感染"", ""local_flags"": {""species_ok"": true, ""target_disease_in_diagnosis"": false, ""target_disease_mismatch"": true, ""contains_specific_dose"": false, ""contains_specific_withdrawal"": false, ""regulated_bad_treatment"": false}}",True,True,target_disease_in_diagnosis,target_disease_in_diagnosis,False,True,True,D:\XF-ChongQin\ai-\knowledge\llm_wiki_swine_authoritative,1465,887,"猪恶性卡他热相关感染
猪恶性卡他热相关感染、malignant catarrhal fever ovine herpesvirus 2
保育猪群体发病
群体发病、采食下降、粪便或呼吸道异常，用户想知道主要病因和下一步处理。","{""HUMAN_REVIEWED"": 1, ""NEEDS_REVIEW"": 4}","[""RC-RESP-001"", ""SRC-0001"", ""SRC-0006"", ""SRC-0041"", ""SRC-0042"", ""SRC-0043"", ""SRC-0049"", ""SRC-0050"", ""SRC-0058"", ""SRC-0059"", ""SRC-0066"", ""SRC-0069"", ""SRC-0070"", ""SRC-0086""]",1986,30.89,ERNIE-4.5-Turbo-32K,72,22,16,19,15,False,False,"该回答在诊断准确性、病理逻辑、处方安全性和数据质量方面表现中等，存在部分不足，但未发现致命风险。诊断考虑了病毒性传染病的可能性，并提及了猪恶性卡他热，但缺乏更具体的诊断依据。处方建议基本合理，但部分措施缺乏具体性。数据质量方面，症状描述和流行病学史分析较为全面，但缺乏实验室检测结果的支撑。
问题：诊断准确性方面，虽然提及了猪恶性卡他热，但缺乏更具体的诊断依据，如实验室检测结果或更详细的症状描述，以支持这一诊断。；病理逻辑方面，对疾病的传播途径和发病机制的阐述不够深入，未能充分解释为何怀疑是猪恶性卡他热。；处方安全性方面，虽然提出了一系列合理的处理措施，如隔离病猪、改善圈舍环境等，但缺乏针对猪恶性卡他热的具体治疗方案，且未提及休药期的具体管理（尽管当前未使用特定药物）。；数据质量方面，虽然症状描述和流行病学史分析较为全面，但整体数据缺乏实验室检测结果的支撑，影响了诊断的准确性。",,,,,,,,,,False,,,,,72,22,16,19,15,reject,23.06,,
b1244436-c96c-52bf-a94e-13e3b428db90,186,塞内卡病毒A感染,swine_hunyuan_turbos,hunyuan-turbos-20250926,成功,,猪,我家有200头90公斤左右的育肥猪，最近几天陆续出现口蹄部水泡、跛行，部分猪采食下降，体温38.8-39℃，之前用过阿莫西林饮水防继发感染，现在快到出栏时间了，想问还能治吗？会不会影响卖猪？,根据描述，育肥猪出现口蹄部水泡、跛行及轻度发热，符合塞内卡病毒A感染的临床特征。该病为病毒性传染病，常引起类似口蹄疫的水疱病变，但无口蹄疫典型的严重全身反应。需通过实验室PCR检测确认病原，排除口蹄疫等烈性病。,1. 立即隔离发病猪，减少健康猪接触，防止水平传播；2. 加强圈舍清洁消毒，保持干燥通风；3. 对症支持治疗，如补充维生素、电解质，改善食欲；4. 禁止在临近出栏时使用未经批准的兽药或超范围药物；5. 采集病料送有资质实验室进行病原学检测，明确是否为塞内卡病毒A感染；6. 若确诊且属重大疫病范畴，应按规定向当地畜牧兽医部门报告，配合处置措施。,因未使用特定治疗药物，无明确休药期；但若使用任何药物，须遵循对应药品标签规定的休药期，并在出栏前确保药物残留符合要求。,"{""disease_name"": ""塞内卡病毒A感染"", ""severity"": ""中等"", ""scene_tags"": [""育肥猪"", ""水疱病变"", ""临近出栏"", ""疑似病毒性传染病""], ""validation_points"": [""症状与水疱病相符"", ""需实验室检测区分口蹄疫等重大疫病"", ""管理上强调隔离与生物安全""], ""risk_flags"": [""需排除法定重大动物疫病"", ""临近出栏需关注用药合规性""], ""case_type"": ""上市休药期咨询"", ""target_disease"": ""塞内卡病毒A感染"", ""local_flags"": {""species_ok"": true, ""target_disease_in_diagnosis"": true, ""target_disease_mismatch"": false, ""contains_specific_dose"": false, ""contains_specific_withdrawal"": false, ""regulated_bad_treatment"": false}}",False,False,,,True,False,False,D:\XF-ChongQin\ai-\knowledge\llm_wiki_swine_authoritative,1465,887,"塞内卡病毒A感染
塞内卡病毒A感染、senecavirus a picornaviruses
上市休药期咨询
用户接近出栏，关心治疗方向和用药后能否出栏销售。","{""HUMAN_REVIEWED"": 2, ""NEEDS_REVIEW"": 3}","[""SRC-0001"", ""SRC-0012"", ""SRC-0015""]",2006,28.7,ERNIE-4.5-Turbo-32K,78,25,18,20,15,False,False,"该回答在诊断准确性上表现较好，症状与塞内卡病毒A感染相符，并提出了实验室检测以排除其他重大疫病。病理逻辑基本合理，但缺乏对疾病传播途径和预防措施的深入分析。处方安全性方面，强调了隔离、清洁消毒和对症支持治疗，未使用特定药物，因此无药物冲突风险。数据质量方面，场景描述和用户查询较为详细，但回答中缺乏对疾病严重性和潜在影响的深入讨论。
问题：病理逻辑方面，对疾病传播途径和预防措施的分析不够深入。；数据质量方面，回答中缺乏对疾病严重性和潜在影响的深入讨论，可能影响用户对疾病的认识和应对措施的制定。；诊断准确性虽高，但未充分解释为何排除其他类似症状疾病的可能性，仅依赖实验室检测建议略显单薄。",,,,,,,,,,False,,,,,78,25,18,20,15,review,18.87,,
c00a7079-8f06-5749-9871-6b2c0a7d06d1,188,猪轮状病毒病,swine_hunyuan_turbos,hunyuan-turbos-20250926,成功,,猪,我这边有200多头120斤左右的育肥猪，还有20天就准备出栏了，最近两天有几头开始拉稀，粪便稀薄带点黄色，精神食欲还行，没有发烧，圈舍温度正常，之前没用过什么药。这种情况还能继续养到出栏吗？会不会影响卖猪？需要隔离或者用什么药吗？,根据描述，该批育肥猪在出栏前短期内出现轻度腹泻，可能与轮状病毒感染有关，但轮状病毒主要感染新生仔猪，且临床表现与其他肠道病原高度相似，不能仅凭症状确诊，必须通过实验室检测明确病原。当前未见高热、严重脱水等重症表现，提示病情较轻，但仍需警惕混合感染或应激因素诱发。,建议立即将腹泻猪与健康猪分栏管理，减少交叉感染机会；加强饮水卫生，补充电解质防止脱水；暂停使用未经许可的抗生素或止泻药；采集新鲜粪便送实验室进行病原学检测（如轮状病毒、冠状病毒、细菌培养等），根据检测结果调整防控方案；若确诊为轮状病毒，应以支持疗法为主，改善饲养管理和营养供给，避免使用无循证依据的特效药；严禁擅自出售疑似染疫猪，应配合当地畜牧部门按相关规定处置。,因未使用特定治疗药物，暂无停药期限制，但须确保检测合格后方可出栏。,"{""disease_name"": ""猪轮状病毒病"", ""severity"": ""轻症至中等"", ""scene_tags"": [""育肥猪"", ""出栏前"", ""腹泻"", ""非新生仔猪""], ""validation_points"": [""轮状病毒主要影响新生仔猪，育肥猪发病少见"", ""临床表现与其他肠道病原重叠，需实验室确诊"", ""治疗以支持疗法为主，无特效抗病毒药""], ""risk_flags"": [""疑似重大疫病需检测排除"", ""出栏前疫情可能影响销售""], ""case_type"": ""腹泻出栏边界"", ""target_disease"": ""猪轮状病毒病"", ""local_flags"": {""species_ok"": true, ""target_disease_in_diagnosis"": false, ""target_disease_mismatch"": true, ""contains_specific_dose"": false, ""contains_specific_withdrawal"": false, ""regulated_bad_treatment"": false}}",True,True,target_disease_in_diagnosis,target_disease_in_diagnosis,False,True,True,D:\XF-ChongQin\ai-\knowledge\llm_wiki_swine_authoritative,1465,887,"猪轮状病毒病
猪轮状病毒病、rotaviruses and reoviruses
腹泻出栏边界
临近出栏猪群出现腹泻，用户关心处理方向、隔离和用药后能否销售。","{""HUMAN_REVIEWED"": 2, ""NEEDS_REVIEW"": 2}","[""SRC-0001"", ""SRC-0052""]",2221,30.59,ERNIE-4.5-Turbo-32K,72,22,16,20,14,False,False,"该回答在诊断准确性、病理逻辑、处方安全性和数据质量方面表现中等，存在部分不足但无致命风险。诊断考虑了轮状病毒感染的可能性，但未充分排除其他常见肠道病原；病理逻辑基本合理，但未深入分析混合感染风险；处方安全，但缺乏具体药物建议；数据质量因缺乏实验室检测结果支撑而受限。
问题：诊断准确性：未充分排除其他常见肠道病原（如冠状病毒、细菌性腹泻），仅依赖症状描述难以确诊轮状病毒感染。；病理逻辑：未深入分析混合感染或应激因素的可能性，对病情轻重的判断缺乏量化依据。；处方安全性：虽建议支持疗法和实验室检测，但未提供具体药物（如电解质补充剂）的使用指导。；数据质量：缺乏实验室检测结果支撑诊断，场景标签和验证点覆盖不全。",,,,,,,,,,False,,,,,72,22,16,20,14,reject,22.5,,
3bd31cf4-0f53-502c-a40e-e921b23fded3,192,猪甲病毒相关感染,swine_hunyuan_turbos,hunyuan-turbos-20250926,成功,,猪,我家有200头90公斤左右的育肥猪，已经养了快半年，最近几天有几头出现精神沉郁、体温升高到40℃左右、呼吸稍急促，还有个别猪皮肤发红，食欲下降。圈舍通风一般，前几天刚用过一些抗生素防继发感染。现在离计划出栏只剩十来天，想问这种情况还能治吗？会不会影响卖猪？,根据描述的症状（高热、呼吸加快、皮肤发红）结合近期用药史，考虑可能为病毒性发热性疾病，如猪甲病毒相关感染或其他病毒感染，需排除其他常见传染病。当前信息不足以确诊，建议进行实验室检测明确病原。,立即隔离发病猪，加强圈舍通风降温，减少应激；对全群进行支持性护理（充足饮水、易消化饲料）；采集血液及组织样本送实验室检测病原；禁止使用未经批准的抗病毒药物；若确诊为重大动物疫病，应按规定上报并配合扑杀或无害化处理，不得擅自出售。,因病因未明且涉及潜在重大疫病，现阶段不建议出栏销售；任何药物使用均需依据检测结果和监管部门指导确定休药期。,"{""disease_name"": ""猪甲病毒相关感染"", ""severity"": ""中等至严重"", ""scene_tags"": [""育肥猪"", ""高热"", ""呼吸道症状"", ""皮肤发红"", ""临近出栏""], ""validation_points"": [""症状符合部分病毒感染特征"", ""需实验室检测排除重大疫病"", ""管理上应立即隔离与送检""], ""risk_flags"": [""疑似重大动物疫病风险"", ""禁止擅自销售""], ""case_type"": ""上市休药期咨询"", ""target_disease"": ""猪甲病毒相关感染"", ""local_flags"": {""species_ok"": true, ""target_disease_in_diagnosis"": true, ""target_disease_mismatch"": false, ""contains_specific_dose"": false, ""contains_specific_withdrawal"": false, ""regulated_bad_treatment"": false}}",False,False,,,True,False,False,D:\XF-ChongQin\ai-\knowledge\llm_wiki_swine_authoritative,1465,887,"猪甲病毒相关感染
猪甲病毒相关感染、togaviruses getah sagiyama ross river eee
上市休药期咨询
用户接近出栏，关心治疗方向和用药后能否出栏销售。","{""NEEDS_REVIEW"": 5}","[""SRC-0001""]",2057,28.42,ERNIE-4.5-Turbo-32K,72,22,16,19,15,False,False,"该回答在诊断准确性、病理逻辑、处方安全性和数据质量方面表现中等，整体符合测试数据有效性要求，但存在部分不足，需进一步优化。
问题：诊断准确性方面，虽然考虑了病毒性发热性疾病的可能性，但未充分结合猪甲病毒相关感染的特异性症状进行深入分析，且未明确提及该疾病的典型特征，如关节肿胀等，导致诊断准确性评分不高。；病理逻辑方面，回答中提到了需排除其他常见传染病，但未具体说明可能的其他疾病，逻辑不够严密。；处方安全性方面，提出的隔离、通风、支持性护理等措施合理，但未针对猪甲病毒相关感染提出具体的治疗建议，且对于休药期的说明过于笼统，缺乏具体指导。；数据质量方面，回答中引用的症状与疾病有一定关联性，但缺乏更详细的病例描述和实验室检测结果支持，数据质量有待提升。",,,,,,,,,,False,,,,,72,22,16,19,15,review,21.42,,
a4919612-0540-5b36-88be-fe10e012362d,194,猪萎缩性鼻炎,swine_hunyuan_turbos,hunyuan-turbos-20250926,成功,,猪,我家有200头60公斤左右的育肥猪，最近陆续出现打喷嚏、流清鼻涕、呼吸有点粗的情况，已经持续十来天了，之前用过替米考星拌料，有些好转又反复。现在想搞清楚是不是萎缩性鼻炎还是混有其他病原，该采哪些样送检测？,根据描述，育肥猪出现持续性喷嚏、流涕及轻度呼吸音增粗，且用药后症状反复，提示可能存在非进行性萎缩性鼻炎（Bordetella bronchiseptica）或其他呼吸道病原的混合感染。需要结合鼻腔拭子、气管灌洗液或肺组织进行细菌分离培养及PCR检测，以明确是否同时存在支原体、流感病毒、多杀性巴氏杆菌等病原。,建议采集鼻腔拭子和气管灌洗液送检，必要时剖检取肺组织和鼻甲骨做病理学检查；管理上加强通风、降低氨气浓度，减少应激因素；若确诊B. bronchiseptica为主因，可在兽医指导下使用敏感抗生素控制继发感染，并配合改善饲养环境；禁止自行随意更换或加大抗生素用量，以免掩盖病情或导致耐药。,具体停药期需依据所用药物说明书及检测结果确定，送检期间暂停使用可能影响检测结果的抗菌药物。,"{""disease_name"": ""猪萎缩性鼻炎"", ""severity"": ""中等"", ""scene_tags"": [""育肥猪"", ""呼吸道症状"", ""慢性反复"", ""疑似混合感染""], ""validation_points"": [""症状符合非进行性萎缩性鼻炎特征"", ""需通过实验室检测排除其他呼吸道病原"", ""管理干预与病原控制并重""], ""risk_flags"": [""症状反复提示可能混合感染"", ""需防止误诊延误防控""], ""case_type"": ""呼吸道采样送检"", ""target_disease"": ""猪萎缩性鼻炎"", ""local_flags"": {""species_ok"": true, ""target_disease_in_diagnosis"": false, ""target_disease_mismatch"": true, ""contains_specific_dose"": false, ""contains_specific_withdrawal"": false, ""regulated_bad_treatment"": false}}",True,True,target_disease_in_diagnosis,target_disease_in_diagnosis,False,True,True,D:\XF-ChongQin\ai-\knowledge\llm_wiki_swine_authoritative,1465,887,"猪萎缩性鼻炎
猪萎缩性鼻炎、bordetella bronchiseptica nonprogressive atrophic rhinitis
呼吸道采样送检
呼吸道症状持续，用药效果不稳定，用户询问采什么样品和如何鉴别混合感染。","{""HUMAN_REVIEWED"": 2, ""NEEDS_REVIEW"": 2}","[""SRC-0001"", ""SRC-0007"", ""SRC-0059"", ""SRC-0070""]",2221,33.13,ERNIE-4.5-Turbo-32K,88,27,18,23,20,False,False,"该回答整体符合猪萎缩性鼻炎的诊断与处理要求，症状描述与疾病特征匹配，诊断逻辑合理，采样建议和实验室检测方向明确，管理措施和用药建议安全，数据质量较高，无明显致命风险。
问题：诊断准确性方面，虽然症状描述与疾病特征匹配，但未明确提及猪萎缩性鼻炎的典型症状如鼻甲骨萎缩、面部变形等，可能影响诊断的全面性。；病理逻辑方面，未详细说明如何通过实验室检测结果区分非进行性萎缩性鼻炎与其他呼吸道病原的混合感染，逻辑稍显不足。；处方安全方面，虽然强调了禁止自行随意更换或加大抗生素用量，但未提供具体的敏感抗生素选择建议，可能影响实际操作的指导性。；数据质量方面，整体描述清晰，但缺乏对症状持续时间的具体量化描述，可能影响诊断的精确性。",,,,,,,,,,False,,,,,88,27,18,23,20,reject,23.26,,
241d611b-7feb-5dcb-b8ed-4c3c7c7c8f07,195,仔猪梭菌性肠炎,swine_hunyuan_turbos,hunyuan-turbos-20250926,成功,,猪,我家有200头母猪，现在产房里刚出生5天的仔猪陆续出现拉黄色稀粪的情况，有的窝全窝都拉，有的只是个别，精神还行，吃奶也正常，就是粪便有点腥味，没有血，也没有呕吐。之前用过恩诺沙星饮水防过大肠杆菌，效果一般。想问问这是啥原因，要不要采样送检？,根据日龄（5日龄）、整窝发病、黄色稀粪、无血、无呕吐等特征，考虑为细菌性腹泻可能性大，包括大肠杆菌（ETEC）、梭菌（如C. perfringens A型或C. difficile）等，同时需排除轮状病毒、冠状病毒等病毒性腹泻及球虫感染。建议结合实验室检测明确病原。,treatment_direction: 立即停喂可疑污染的乳料，保持产房温暖干燥，减少应激；对腹泻严重个体进行补液防止脱水；避免使用广谱抗生素掩盖病原；针对疑似梭菌或大肠杆菌可考虑使用敏感抗生素，但须依据检测结果调整方案。；management_measures: 加强产房卫生消毒，及时清理湿垫料，保证仔猪吃到初乳；观察其他窝别是否出现类似情况，做好隔离记录。；sampling_and_testing: 采集新鲜腹泻粪便样品送实验室进行细菌培养、PCR检测（包括大肠杆菌毒力基因、梭菌毒素基因、轮状病毒、冠状病毒、球虫等），必要时做病理组织学检查。；prohibited_boundaries: 在未确诊前不得使用未经批准的兽药或超量用药；禁止随意剖检病死猪以防疫情扩散；若怀疑重大疫病（如非洲猪瘟、口蹄疫等），应立即上报当地畜牧部门。,因未确定具体用药方案，无法给出确切休药期，需根据最终使用的药物种类及国家相关规定执行。,"{""disease_name"": ""仔猪梭菌性肠炎"", ""severity"": ""中等"", ""scene_tags"": [""产房"", ""5日龄仔猪"", ""整窝发病"", ""黄色稀粪"", ""无血便""], ""validation_points"": [""按日龄和病程分层鉴别腹泻病因"", ""涵盖病毒性、细菌性、寄生虫性可能"", ""强调采样送检的重要性""], ""risk_flags"": [""潜在重大疫病风险"", ""需实验室确诊""], ""case_type"": ""腹泻采样送检"", ""target_disease"": ""仔猪梭菌性肠炎"", ""local_flags"": {""species_ok"": true, ""target_disease_in_diagnosis"": false, ""target_disease_mismatch"": true, ""contains_specific_dose"": false, ""contains_specific_withdrawal"": false, ""regulated_bad_treatment"": false}}",True,True,target_disease_in_diagnosis,target_disease_in_diagnosis,False,True,True,D:\XF-ChongQin\ai-\knowledge\llm_wiki_swine_authoritative,1465,887,"仔猪梭菌性肠炎
仔猪梭菌性肠炎、clostridial diseases
腹泻采样送检
用户描述粪便性状、日龄和病程，重点询问如何鉴别病毒性、细菌性或寄生虫性腹泻。","{""HUMAN_REVIEWED"": 2, ""NEEDS_REVIEW"": 2}","[""RC-DIARRHEA-001"", ""SRC-0001"", ""SRC-0007"", ""SRC-0030"", ""SRC-0052"", ""SRC-0062"", ""SRC-0063"", ""SRC-0064"", ""SRC-0071"", ""SRC-0072"", ""SRC-0073"", ""SRC-0077"", ""SRC-0081""]",2221,31.35,ERNIE-4.5-Turbo-32K,82,28,18,20,16,False,False,"整体回答较为全面，诊断考虑了多种可能性，处理方向安全，但存在部分细节可优化。
问题：诊断准确性方面，虽然考虑了多种病因，但对仔猪梭菌性肠炎的指向性不够强，未充分结合梭菌性肠炎的典型特征（如突然死亡、血便等，尽管当前案例无血便，但可进一步分析其他特征）进行深入分析。；病理逻辑方面，对于不同病因的鉴别诊断逻辑较清晰，但缺乏对梭菌性肠炎病理机制的简要阐述，以增强诊断的说服力。；处方安全方面，整体处理方向安全，但“针对疑似梭菌或大肠杆菌可考虑使用敏感抗生素，但须依据检测结果调整方案”表述稍显笼统，可进一步说明在等待检测结果期间的一般性处理原则。；数据质量方面，回答涵盖了用户查询的关键信息，但对用户描述的症状利用不够充分，如粪便腥味等特征未在诊断中深入分析。",,,,,,,,,,False,,,,,82,28,18,20,16,reject,20.06,,
d3596fef-1f36-5d7b-a269-8975328f99ef,196,仔猪水肿病,swine_hunyuan_turbos,hunyuan-turbos-20250926,成功,,猪,我家有120头90公斤左右的育肥猪，还有20天就准备出栏了，这几天陆续有几头开始拉稀，精神还可以，但个别猪眼睑和面部有点肿，肚子也有点鼓胀，体温正常。圈舍通风一般，前几天喂过一次土霉素拌料。现在这种情况还能继续养到出栏吗？会不会影响卖猪？要不要隔离或者打什么针？,根据描述，结合日龄、症状和病程，考虑为仔猪水肿病（Edema Disease），由产Stx2e毒素的EDEC引起，经肠道定植后毒素入血导致局部组织水肿，部分病例可伴腹泻。虽然粪便培养可能阴性，但在病程较长时仍不能完全排除本病。,treatment_direction: 针对疑似水肿病应重点支持治疗和减少应激，避免使用未经许可的药物以防残留超标。；management_measures: 立即将明显肿胀、精神沉郁的个体隔离至单独栏位，改善圈舍通风与卫生，降低密度，减少应激因素如突然换料、惊吓等。；sampling_and_testing: 采集发病猪血液、肠内容物及水肿组织送实验室进行细菌分离培养和毒素检测，必要时做PCR鉴定Stx2e基因，以明确病原。；prohibited_boundaries: 严禁使用国家禁用兽药或未批准的人用抗生素；禁止在临近出栏期随意注射可能影响肉品安全的药物；发现群体性神经症状或高死亡率应立即向当地动物防疫部门报告。,因临近出栏且存在用药限制，不建议在此时进行任何可能影响食品安全的治疗性用药，应以管理控制和送检为主。,"{""disease_name"": ""仔猪水肿病"", ""severity"": ""中等偏重"", ""scene_tags"": [""育肥猪"", ""临近出栏"", ""神经水肿"", ""腹泻""], ""validation_points"": [""符合水肿病的日龄分布与临床表现"", ""存在Stx2e毒血症机制特征"", ""病程长时细菌学阴性不排除诊断""], ""risk_flags"": [""临近出栏期用药受限"", ""潜在食品安全风险需谨慎处理"", ""若怀疑重大疫情需及时上报""], ""case_type"": ""腹泻出栏边界"", ""target_disease"": ""仔猪水肿病"", ""local_flags"": {""species_ok"": true, ""target_disease_in_diagnosis"": true, ""target_disease_mismatch"": false, ""contains_specific_dose"": false, ""contains_specific_withdrawal"": false, ""regulated_bad_treatment"": false}}",False,False,,,True,False,False,D:\XF-ChongQin\ai-\knowledge\llm_wiki_swine_authoritative,1465,887,"仔猪水肿病
仔猪水肿病、edema disease e coli
腹泻出栏边界
临近出栏猪群出现腹泻，用户关心处理方向、隔离和用药后能否销售。","{""HUMAN_REVIEWED"": 3, ""NEEDS_REVIEW"": 2}","[""SRC-0001"", ""SRC-0063"", ""SRC-0064""]",2141,32.92,ERNIE-4.5-Turbo-32K,72,24,16,18,14,False,False,"该回答在诊断准确性、病理逻辑、处方安全性和数据质量方面表现中等，存在部分不足，需进一步优化。
问题：诊断准确性方面，虽然考虑了仔猪水肿病的可能性，但未完全排除其他类似疾病，如猪传染性胃肠炎或猪流行性腹泻，这些疾病也可能导致腹泻和面部肿胀。；病理逻辑方面，对仔猪水肿病的病理机制描述较为准确，但未充分解释为何在病程较长时细菌学检查可能阴性，这可能导致诊断的不确定性增加。；处方安全性方面，提出的支持治疗和管理措施较为合理，但未提供具体的药物名称或剂量，仅强调避免使用未经许可的药物，这在实际操作中可能缺乏指导性。；数据质量方面，回答中包含了用户查询、诊断、处方和管理措施等多个部分，但部分信息如采样和检测的建议较为笼统，缺乏具体操作步骤。",,,,,,,,,,False,,,,,72,24,16,18,14,review,21.68,,
940635de-cf0c-573e-9d96-5d324fce06f8,201,猪葡萄球菌病,swine_hunyuan_turbos,hunyuan-turbos-20250926,成功,,猪,我家是200头基础母猪的种猪场，最近有3头怀孕80多天的母猪陆续流产，还有一头公猪采精量明显减少、性欲下降。圈舍通风一般，湿度偏高，之前用过阿莫西林拌料预防呼吸道病。现在很担心是不是传染病，还能不能继续配种？,根据描述，母猪流产、死胎及公猪精液质量下降提示可能存在繁殖障碍性疾病。常见原因包括猪繁殖与呼吸综合征（PRRS）、伪狂犬病、细小病毒病、乙型脑炎等病毒性病因，也可能涉及细菌性败血症继发影响。猪葡萄球菌病虽为皮肤细菌感染，但在严重全身感染时也可引起败血症并波及繁殖系统，不过更常见于仔猪渗出性表皮炎。当前情况应优先排查法定或高致病性繁殖障碍病源，同时考虑环境因素对免疫力的影响。,treatment_direction: 立即停配种，防止潜在病原扩散；采集流产胎儿、胎盘、血液样本送实验室进行病原检测（PCR/ELISA），重点排查PRRS、伪狂犬、细小病毒、乙脑等；对公猪采血做精液质量检测并送检病原体。；management_measures: 加强圈舍通风除湿，减少应激；暂停引入新种猪；已流产母猪隔离观察，必要时淘汰；公猪暂时停止采精使用。；sampling_submission: 采集流产胎儿组织、胎盘、母血样、公猪精液及血样，送至具备资质的兽医实验室检测。；prohibited_boundaries: 严禁私自出售或转移可疑种猪；不得自行注射未经许可的药物；发现疑似重大疫病应立即向当地动物防疫部门报告。,无具体药物处方，暂无休药期要求；若后续确诊需按官方指导执行相应处置与复养间隔。,"{""disease_name"": ""猪葡萄球菌病（可能并发）"", ""severity"": ""中等至严重（视病原而定）"", ""scene_tags"": [""种猪场"", ""繁殖障碍"", ""流产"", ""公猪精液异常"", ""环境应激""], ""validation_points"": [""繁殖障碍需结合胎儿/胎盘病变及病原检测确认"", ""猪葡萄球菌病主要为皮肤感染，全身性败血症时可影响繁殖系统""], ""risk_flags"": [""疑似重大动物疫病风险"", ""人畜共患病排除"", ""需实验室确诊""], ""case_type"": ""种猪繁殖障碍"", ""target_disease"": ""猪葡萄球菌病"", ""local_flags"": {""species_ok"": true, ""target_disease_in_diagnosis"": true, ""target_disease_mismatch"": false, ""contains_specific_dose"": false, ""contains_specific_withdrawal"": false, ""regulated_bad_treatment"": false}}",False,False,,,True,False,False,D:\XF-ChongQin\ai-\knowledge\llm_wiki_swine_authoritative,1465,887,"猪葡萄球菌病
猪葡萄球菌病、staphylococcosis exudative epidermitis
种猪繁殖障碍
种猪场出现流产、死胎、返情或公猪异常，用户担心传染病和是否继续配种。","{""HUMAN_REVIEWED"": 3, ""NEEDS_REVIEW"": 2}","[""SRC-0001"", ""SRC-0015"", ""SRC-0025"", ""SRC-0035"", ""SRC-0074""]",2180,37.95,ERNIE-4.5-Turbo-32K,65,20,15,15,15,False,False,"该回答在诊断准确性、病理逻辑、处方安全性和数据质量方面存在一定不足，整体得分65分，属于review级别。回答未直接聚焦于猪葡萄球菌病，而是扩展到多种繁殖障碍性疾病，虽考虑全面但偏离主题。病理逻辑上，猪葡萄球菌病与繁殖障碍的直接关联未充分阐述。处方安全性方面，建议措施合理但缺乏针对性。数据质量上，症状与疾病匹配度不高，信息完整性有待提升。
问题：诊断准确性不足：回答未直接针对猪葡萄球菌病进行诊断，而是扩展到多种繁殖障碍性疾病，虽考虑全面但偏离了题目要求的疾病范围。；病理逻辑不清晰：对于猪葡萄球菌病如何导致繁殖障碍（如流产、死胎、公猪精液质量下降）的病理机制未充分阐述，仅提到严重全身感染时可引起败血症并波及繁殖系统，缺乏具体证据支持。；处方安全性一般：建议的停配种、采样检测、加强管理等措施合理，但缺乏针对猪葡萄球菌病的特异性治疗建议，且未提及具体药物使用及休药期（虽当前无具体药物处方，但可提及一般原则）。；数据质量不高：症状与疾病匹配度不高，猪葡萄球菌病主要表现为皮肤感染，而回答中重点讨论了繁殖障碍，与疾病典型症状不符；信息完整性不足，未充分阐述猪葡萄球菌病与当前症状的直接关联。",,,,,,,,,,False,,,,,65,20,15,15,15,review,27.45,,
6fdf57ec-f058-5736-a736-8b6bd0ee1eac,203,猪杂项细菌感染,swine_hunyuan_turbos,hunyuan-turbos-20250926,成功,,猪,我家有120头育肥猪，平均体重在60公斤左右，最近一周陆续出现几头精神沉郁、食欲下降、体温升高到40℃以上，有的还伴有关节肿胀、跛行的情况。圈舍通风一般，湿度偏高，之前用过阿莫西林饮水三天，效果不明显。现在想送样检查，请问该采哪些部位？怎么保存运输？会不会是病毒还是细菌引起的？,根据描述的发热、关节肿胀及抗生素治疗无效，提示可能为细菌性全身性或局部感染，如链球菌、巴氏杆菌、支原体或大肠杆菌等引起的关节炎、败血症或混合感染。需结合剖检病变和实验室分离鉴定明确病原。,treatment_direction: 暂停使用已用抗生素，尽快采集新鲜组织样本进行细菌培养和药敏试验，以指导后续针对性抗菌治疗。；management_measures: 加强圈舍通风与干燥，减少应激，分群饲养防止交叉感染；对发病个体隔离观察。；sampling_submission: 采集关节液、关节囊膜、肝、脾、肺、淋巴结等病变明显部位，必要时取脑和脊髓（尤其伴神经症状）；保持低温冷藏运输，附上动物日龄、体重、症状、用药史和剖检记录。；contraindications: 在未获得实验室结果前，避免盲目更换广谱抗生素以防掩盖病情或产生耐药；禁止将可疑病例随意出售或屠宰。,需依据最终确诊病原及所用药物确定，建议按检测结果和兽药说明书执行，并在停药期满后再出栏。,"{""disease_name"": ""猪杂项细菌感染"", ""severity"": ""中等至严重"", ""scene_tags"": [""育肥猪"", ""发热"", ""关节肿胀"", ""抗生素治疗无效"", ""采样送检""], ""validation_points"": [""症状符合细菌性全身或局部感染特征"", ""采样方案覆盖关节及系统器官，符合神经症状采样原则"", ""管理建议针对通风、隔离和降低传播风险""], ""risk_flags"": [""潜在多重细菌感染"", ""存在耐药风险"", ""需排除其他烈性传染病""], ""case_type"": ""采样送检咨询"", ""target_disease"": ""猪杂项细菌感染"", ""local_flags"": {""species_ok"": true, ""target_disease_in_diagnosis"": false, ""target_disease_mismatch"": true, ""contains_specific_dose"": false, ""contains_specific_withdrawal"": false, ""regulated_bad_treatment"": false}}",True,True,target_disease_in_diagnosis,target_disease_in_diagnosis,False,True,True,D:\XF-ChongQin\ai-\knowledge\llm_wiki_swine_authoritative,1465,887,"猪杂项细菌感染
猪杂项细菌感染、miscellaneous bacterial infections
采样送检咨询
用户描述症状后，重点询问采什么样品、如何判断和如何避免误治。","{""HUMAN_REVIEWED"": 3, ""NEEDS_REVIEW"": 2}","[""SRC-0001"", ""SRC-0008"", ""SRC-0009"", ""SRC-0064"", ""SRC-0079""]",2111,31.65,ERNIE-4.5-Turbo-32K,88,28,18,24,18,False,False,"整体回答较为全面，诊断方向合理，采样方案和管理措施符合疾病特征，但存在部分细节可优化。
问题：诊断部分未明确排除病毒性疾病，仅提及抗生素治疗无效作为细菌性感染依据，逻辑稍显不足。；病理逻辑中未详细说明关节肿胀与细菌性感染的关联性，缺乏对症状与疾病机制的深入分析。；数据质量方面，症状描述与疾病匹配度较高，但未提及具体实验室检测方法（如PCR、细菌培养等）的优先级。；处方安全中未明确禁止使用某些高风险抗生素（如氟喹诺酮类），仅建议避免盲目更换广谱抗生素。",,,,,,,,,,False,,,,,88,28,18,24,18,reject,20.19,,
8773daea-f83c-5c3d-9afb-240d7a09f6a0,206,猪隐孢子虫病,swine_hunyuan_turbos,hunyuan-turbos-20250926,成功,,猪,我家是200头左右的保育猪，现在40多天大，最近一周陆续出现拉稀，粪便黄绿色带泡沫，部分猪精神稍差，采食量下降。之前按细菌性腹泻用了恩诺沙星和硫酸粘菌素拌料三天，拉稀没明显好转，反而有些猪脱水更厉害了。圈舍通风还行，但湿度偏高，饲料也没换过。想问这种情况还能继续用抗生素吗？要不要送样检测一下？,根据描述，保育猪在40日龄左右出现持续腹泻，使用常规抗菌药物效果不佳，且伴有轻度脱水和食欲下降，提示可能存在非细菌性因素，如寄生虫感染（例如隐孢子虫）或其他病毒、原虫等混合感染。隐孢子虫感染在仔猪中可引起水样腹泻，常伴低死亡率，但在高湿环境下易流行，且单纯抗菌治疗效果有限。建议结合实验室检测明确病原。,treatment_direction: 停止盲目使用广谱抗菌药物，改为支持疗法（补液、电解质平衡），改善饲养环境与卫生条件，减少应激。；management_measures: 加强圈舍通风与干燥，定期清理粪污，防止交叉污染；分栏饲养以减少接触传播；确保饮水清洁。；sampling_and_testing: 采集新鲜粪便样本送实验室进行病原学检测（包括隐孢子虫、轮状病毒、冠状病毒及细菌培养），必要时做病理剖检以辅助诊断。；contraindications_and_boundaries: 在未明确病因前，不应随意更换或加大抗菌药物剂量；对疑似重大动物疫病（如非洲猪瘟）应立即隔离并按规定上报，不可自行处理。,由于当前为诊断与病因排查阶段，不建议立即恢复常规用药，待检测结果明确后再制定针对性方案。,"{""disease_name"": ""猪隐孢子虫病"", ""severity"": ""中等"", ""scene_tags"": [""保育猪"", ""腹泻"", ""抗菌药物无效"", ""环境潮湿""], ""validation_points"": [""保育猪40日龄高发隐孢子虫感染"", ""抗菌药无效提示非细菌性病因"", ""高湿环境利于隐孢子虫繁殖""], ""risk_flags"": [""潜在混合感染"", ""环境管理不足""], ""case_type"": ""腹泻用药咨询"", ""target_disease"": ""猪隐孢子虫病"", ""local_flags"": {""species_ok"": true, ""target_disease_in_diagnosis"": false, ""target_disease_mismatch"": true, ""contains_specific_dose"": false, ""contains_specific_withdrawal"": false, ""regulated_bad_treatment"": false}}",True,True,target_disease_in_diagnosis,target_disease_in_diagnosis,False,True,True,D:\XF-ChongQin\ai-\knowledge\llm_wiki_swine_authoritative,1465,887,"猪隐孢子虫病
猪隐孢子虫病、cryptosporidiosis protozoa
腹泻用药咨询
猪群腹泻后已用过常见抗菌药效果一般，用户询问是否继续用药以及是否需要送检。","{""HUMAN_REVIEWED"": 3, ""NEEDS_REVIEW"": 2}","[""SRC-0001"", ""SRC-0012"", ""SRC-0079"", ""SRC-0081""]",2108,29.43,ERNIE-4.5-Turbo-32K,88,28,18,23,20,False,False,"整体回答质量较高，诊断方向合理，考虑到了非细菌性因素如隐孢子虫感染的可能性，并建议进行实验室检测以明确病原。治疗方向安全，强调了支持疗法和改善饲养环境的重要性。数据质量良好，提供了具体的场景标签和验证点。
问题：诊断准确性方面，虽然考虑到了隐孢子虫感染的可能性，但未完全排除其他病毒或原虫混合感染的情况，诊断描述略显笼统。；病理逻辑方面，对隐孢子虫病的病理机制解释不够深入，未详细阐述为何高湿环境利于其繁殖。；数据质量方面，虽然提供了场景标签和验证点，但风险标志部分略显简单，未充分展开潜在混合感染和环境管理不足的具体影响。",,,,,,,,,,False,,,,,88,28,18,23,20,reject,18.27,,
ab355c61-ddae-5d3f-a660-6ead6d9087c6,210,猪后圆线虫病,swine_hunyuan_turbos,hunyuan-turbos-20250926,成功,,猪,我场有120头35日龄的保育猪，最近一周天气忽冷忽热，加上舍内通风不太好，氨气味很重，部分猪出现咳嗽、喘气，个别还有犬坐姿势，采食量下降，体温正常偏低。之前没用过驱虫药，这种情况是环境问题还是感染了什么病？,结合临床表现（咳嗽、喘气、犬坐姿势、采食下降）及环境因素（通风不良、氨气浓度高），考虑为环境刺激叠加猪后圆线虫感染所致呼吸道综合征。后圆线虫寄生于支气管，可引起慢性咳嗽、呼吸急促，在通风差时症状加重。需排除猪流感、支原体肺炎等其他呼吸道病原。,建议立即改善通风、降低氨气浓度，保持舍温稳定；对全群进行粪便检查查找幼虫，必要时采集肺组织送实验室确诊；若确诊后圆线虫，按兽医指导使用安全有效的驱虫药物，并对圈舍彻底清洁消毒；禁止在未确诊前随意使用抗生素掩盖症状，以免延误诊断。,因涉及驱虫药使用，须严格遵循兽医开具方案中的停药期规定，确保上市前符合食品安全要求。,"{""disease_name"": ""猪后圆线虫病"", ""severity"": ""中等"", ""scene_tags"": [""保育猪"", ""通风不良"", ""氨气刺激"", ""慢性咳嗽"", ""呼吸急促""], ""validation_points"": [""症状与环境刺激相符"", ""存在寄生虫感染可能"", ""需实验室确诊""], ""risk_flags"": [""需与病毒性呼吸道病鉴别"", ""需防止误诊导致滥用抗生素""], ""case_type"": ""呼吸道环境诱因"", ""target_disease"": ""猪后圆线虫病"", ""local_flags"": {""species_ok"": true, ""target_disease_in_diagnosis"": false, ""target_disease_mismatch"": true, ""contains_specific_dose"": false, ""contains_specific_withdrawal"": false, ""regulated_bad_treatment"": false}}",True,True,target_disease_in_diagnosis,target_disease_in_diagnosis,False,True,True,D:\XF-ChongQin\ai-\knowledge\llm_wiki_swine_authoritative,1465,887,"猪后圆线虫病
猪后圆线虫病、metastrongylus lungworms
呼吸道环境诱因
通风差、氨气重或温差大后出现咳嗽喘气，用户想区分环境应激和传染病。","{""HUMAN_REVIEWED"": 1, ""NEEDS_REVIEW"": 4}","[""RC-RESP-001"", ""SRC-0001"", ""SRC-0042"", ""SRC-0043"", ""SRC-0049"", ""SRC-0050"", ""SRC-0058"", ""SRC-0059"", ""SRC-0064"", ""SRC-0066"", ""SRC-0069"", ""SRC-0070"", ""SRC-0086""]",2092,25.82,ERNIE-4.5-Turbo-32K,85,27,18,22,18,False,False,"整体回答质量较高，诊断准确，逻辑清晰，处理方向安全合理，数据质量良好，无明显致命风险。
问题：diagnosis_accuracy: 诊断中虽提及需排除猪流感、支原体肺炎等其他呼吸道病原，但未详细说明鉴别诊断方法，略显不足。；pathology_logic: 对后圆线虫病的病理机制阐述不够深入，仅简单提及寄生于支气管及症状加重条件。；data_quality: 症状描述与环境因素关联性分析可更详细，以增强数据说服力。",,,,,,,,,,False,,,,,85,27,18,22,18,reject,17.89,,
f4d8d561-aaaf-56bc-a917-7e7d357be73e,212,猪营养缺乏与过量综合征,swine_hunyuan_turbos,hunyuan-turbos-20250926,成功,,猪,我家有120头90公斤左右的育肥猪，圈舍通风一般，最近一周陆续有几头出现精神沉郁、食欲下降、皮肤发白、呼吸稍快的情况，之前按呼吸道病用了替米考星和多西环素拌料，效果不明显，饮水正常，粪便偏稀。请问是不是营养方面的问题？还要不要继续喂这些药？,根据描述，该群育肥猪在较大体重阶段出现精神差、食欲下降、皮肤苍白及轻度呼吸加快，且常规抗生素治疗无效，提示可能与营养代谢异常有关，如铁、铜、硒等微量元素缺乏或比例失衡，也可能涉及饲料质量、采食量不足或消化吸收障碍。需结合近期饲料配方调整、原料更换记录、饲养管理变化以及现场观察进一步判断。,treatment_direction: 暂停当前抗生素方案，先排查并纠正可能的营养失衡因素，包括检查饲料配方、原料新鲜度、混合均匀性及储存条件；必要时补充复合微量元素或维生素预混料，改善饲喂环境促进采食。；management_measures: 保证清洁饮水，减少应激，分栏饲养降低竞争压力；加强圈舍通风与温湿度控制；观察猪群整体健康状态变化。；sampling_and_testing: 采集代表性饲料样品送实验室检测营养成分、微量元素含量及霉菌毒素水平；同时可采集部分病猪血样进行血常规、血清微量元素分析，以便综合判断。；prohibited_boundaries: 在未排除营养代谢病因前，不应长期依赖广谱抗生素掩盖症状；若发现严重贫血、生长停滞或伴随其他传染病迹象，应及时联系当地兽医部门进行鉴别诊断。,无直接用药建议，故不涉及休药期。,"{""disease_name"": ""猪营养缺乏与过量综合征"", ""severity"": ""中等"", ""scene_tags"": [""育肥猪"", ""营养代谢异常"", ""抗生素治疗无效""], ""validation_points"": [""症状符合营养缺乏可能表现"", ""抗生素治疗无效提示非单纯细菌感染"", ""需结合饲料与饲养管理调查""], ""risk_flags"": [""需排除重大传染病"", ""避免盲目使用抗生素""], ""case_type"": ""育肥猪用药咨询"", ""target_disease"": ""猪营养缺乏与过量综合征"", ""local_flags"": {""species_ok"": true, ""target_disease_in_diagnosis"": false, ""target_disease_mismatch"": true, ""contains_specific_dose"": false, ""contains_specific_withdrawal"": false, ""regulated_bad_treatment"": false}}",True,True,target_disease_in_diagnosis,target_disease_in_diagnosis,False,True,True,D:\XF-ChongQin\ai-\knowledge\llm_wiki_swine_authoritative,1465,887,"猪营养缺乏与过量综合征
猪营养缺乏与过量综合征、nutrient deficiencies and excesses
育肥猪用药咨询
育肥猪出现典型症状，用户已经用过常见药物但效果一般，询问是否继续用药。","{""NEEDS_REVIEW"": 2, ""PROCESSED_SOURCE_ANCHORED"": 2}","[""SRC-0001"", ""SRC-0084""]",2221,29.79,ERNIE-4.5-Turbo-32K,88,28,18,23,20,False,False,"该回答整体表现良好，诊断方向合理，考虑到了营养代谢异常的可能性，并提出了相应的排查和处理建议。处方安全，未涉及与疾病相冲突的治疗方案。数据质量较高，症状描述与疾病匹配，诊断逻辑清晰。
问题：diagnosis_accuracy: 诊断准确性方面，虽然考虑到了营养代谢异常的可能性，但未明确提及具体可能缺乏的营养元素，如铁、铜等，仅在后续建议中提及，可进一步明确以提高准确性。；pathology_logic: 病理逻辑方面，回答中对于症状与营养代谢异常之间的联系解释不够深入，可增加更多病理生理机制的解释以增强逻辑性。；data_quality: 数据质量方面，虽然整体表现良好，但回答中对于用户提供的病史信息利用不够充分，如未详细询问饲料配方调整、原料更换等具体情况，可进一步完善以提高数据质量。",,,,,,,,,,False,,,,,88,28,18,23,20,reject,17.88,,
6d45f90b-8ce8-5700-8b74-1004faaf8166,214,猪呕吐毒素/DON中毒,swine_hunyuan_turbos,hunyuan-turbos-20250926,成功,,猪,我这边有200多头80公斤左右的育肥猪，最近几天陆续出现采食量明显下降、部分猪精神沉郁、个别有呕吐现象，粪便偏稀，体温基本正常。这批猪一直用同一批自配料，原料是本地收的玉米和大麦，怀疑是不是饲料有问题？想问下能不能继续喂这料，要不要把饲料和病猪样本送去检测？,根据描述，该群猪存在采食下降、呕吐及腹泻等症状，且饲料为本地玉米和大麦，符合猪呕吐毒素（DON）中毒的可能特征。但拒食并非特异于DON，还需排除其他霉菌毒素（如黄曲霉毒素、玉米赤霉烯酮）、细菌性肠炎、病毒性腹泻以及管理应激等因素。建议结合饲料成分分析、毒素检测及临床病理变化综合判断。,treatment_direction: 立即停喂可疑批次饲料，更换为安全无污染的全价配合饲料；加强饮水卫生，防止继发脱水；对症状明显个体可给予支持疗法（补液、电解质平衡）。；management_measures: 清理并封存剩余可疑饲料，记录投喂时间、用量及受影响猪只情况；改善通风与温湿度条件，减少应激因素。；sampling_and_testing: 采集剩余可疑饲料样品送具备资质的实验室进行霉菌毒素检测（包括DON、黄曲霉毒素、玉米赤霉烯酮等）；同时采集发病猪的血液、肝脏、肠道组织等病料做病理学检查和病原筛查，以排除传染性病因。；prohibited_boundaries: 在未明确排除重大传染病前，不得将病死猪随意出售或食用；禁止将可疑饲料转喂其他畜群；严禁自行使用未经批准的脱毒剂或解毒药物。,因属中毒事件，应依据检测结果决定后续处置；若确诊DON中毒且无其他病原感染，在更换安全饲料后可逐步恢复饲养，但需持续观察至少7天以上。,"{""disease_name"": ""猪呕吐毒素/DON中毒"", ""severity"": ""中等至严重（取决于摄入量与持续时间）"", ""scene_tags"": [""育肥猪"", ""饲料毒素"", ""采食下降"", ""呕吐"", ""腹泻""], ""validation_points"": [""症状与DON中毒相符但需鉴别其他毒素及疾病"", ""饲料原料易携带DON"", ""需通过饲料与病料检测确认""], ""risk_flags"": [""可能存在多种霉菌毒素复合污染"", ""需警惕混合感染或继发细菌感染"", ""重大疫病排查义务""], ""case_type"": ""中毒处置边界"", ""target_disease"": ""猪呕吐毒素/DON中毒"", ""local_flags"": {""species_ok"": true, ""target_disease_in_diagnosis"": false, ""target_disease_mismatch"": true, ""contains_specific_dose"": false, ""contains_specific_withdrawal"": false, ""regulated_bad_treatment"": false}}",True,True,target_disease_in_diagnosis,target_disease_in_diagnosis,False,True,True,D:\XF-ChongQin\ai-\knowledge\llm_wiki_swine_authoritative,1465,887,"猪呕吐毒素/DON中毒
猪呕吐毒素/DON中毒、don trichothecene toxicosis
中毒处置边界
用户想知道是否继续饲喂可疑饲料、怎样送检饲料和病料。","{""HUMAN_REVIEWED"": 1, ""NEEDS_REVIEW"": 2, ""PROCESSED_SOURCE_A"": 1, ""PROCESSED_SOURCE_ANCHORED"": 1}","[""SRC-0001"", ""SRC-0069"", ""SRC-0085""]",2221,33.67,ERNIE-4.5-Turbo-32K,82,27,18,23,14,False,False,"该回答整体符合猪呕吐毒素/DON中毒的测试数据要求，诊断方向合理，考虑了鉴别诊断，处方安全且与疾病相互印证，数据质量基本满足要求，无致命风险。
问题：diagnosis_accuracy: 诊断准确性方面，虽然考虑了鉴别诊断，但对症状与疾病的匹配度描述可更详细，以增强诊断的说服力。；pathology_logic: 病理逻辑方面，对疾病发生机制的阐述不够深入，可进一步补充DON中毒的病理生理过程。；data_quality: 数据质量方面，场景标签和验证点较为全面，但风险标志的描述可更具体，以更好地指导实际处置。",,,,,,,,,,False,,,,,82,27,18,23,14,reject,21.26,,
26b3fca4-8a56-5642-ad45-e0769030f256,215,猪玉米赤霉烯酮中毒,swine_hunyuan_turbos,hunyuan-turbos-20250926,成功,,猪,我家是200头基础母猪的种猪场，最近有3头怀孕80多天的母猪陆续流产，还有两头返情，一头公猪性欲明显下降、精液稀薄。饲料一直喂的是自配料，原料玉米前段时间有点发霉。我怀疑是不是传染病，还能不能继续配种？,结合饲料原料发霉史及母猪流产、返情、公猪精液质量下降等表现，应高度怀疑玉米赤霉烯酮中毒。ZEA为具有雌激素样作用的霉菌毒素，可导致母猪阴户红肿、假孕、流产倾向增加、窝产仔数减少，并影响公猪精液品质。需排除猪繁殖与呼吸综合征、伪狂犬病、细小病毒病等传染性繁殖障碍。,treatment_direction: 立即停喂可疑霉变饲料，更换合格原料；对受影响母猪进行临床观察，必要时采集血样、尿液及饲料样品送实验室检测ZEA含量；公猪暂停配种，改善饲养管理，补充优质蛋白和维生素。；management_measures: 加强饲料储存防潮防霉，定期清理料仓；全场猪只分群管理，避免健康猪接触污染饲料；记录流产、返情及公猪精液变化，持续监测。；sampling_and_testing: 采集剩余饲料、呕吐物或粪便样本，以及母猪血液、尿液，送具备资质的实验室检测ZEA浓度；同时做PRRSV、PRV、PPV等常见繁殖障碍病原PCR筛查。；prohibited_boundaries: 在确诊前不得继续使用可疑饲料；禁止将疑似中毒猪与健康猪混养；若检出法定重大疫病须按当地畜牧部门要求进行扑杀、无害化处理或封锁措施。,停用霉变饲料后，建议至少间隔一个完整繁殖周期再考虑恢复配种，期间持续监测母猪发情、受胎率及公猪精液质量。,"{""disease_name"": ""猪玉米赤霉烯酮中毒"", ""severity"": ""中等至严重（视暴露程度和管理响应而定）"", ""scene_tags"": [""种猪场"", ""繁殖障碍"", ""饲料霉变"", ""公猪精液异常""], ""validation_points"": [""饲料原料存在霉变史"", ""母猪流产、返情与公猪精液质量下降并存"", ""临床表现符合ZEA雌激素样毒性特征""], ""risk_flags"": [""潜在重大经济损失"", ""可能掩盖其他传染性疾病"", ""需防范人畜共患病以外的重大动物疫病""], ""case_type"": ""种猪繁殖障碍"", ""target_disease"": ""猪玉米赤霉烯酮中毒"", ""local_flags"": {""species_ok"": true, ""target_disease_in_diagnosis"": false, ""target_disease_mismatch"": true, ""contains_specific_dose"": false, ""contains_specific_withdrawal"": false, ""regulated_bad_treatment"": false}}",True,True,target_disease_in_diagnosis,target_disease_in_diagnosis,False,True,True,D:\XF-ChongQin\ai-\knowledge\llm_wiki_swine_authoritative,1465,887,"猪玉米赤霉烯酮中毒
猪玉米赤霉烯酮中毒、zearalenone toxicosis
种猪繁殖障碍
种猪场出现流产、死胎、返情或公猪异常，用户担心传染病和是否继续配种。","{""HUMAN_REVIEWED"": 2, ""NEEDS_REVIEW"": 2, ""PROCESSED_SOURCE_ANCHORED"": 1}","[""SRC-0001"", ""SRC-0025"", ""SRC-0085""]",2176,32.79,ERNIE-4.5-Turbo-32K,88,28,18,23,20,False,False,"该测试数据整体质量较高，诊断准确性、病理逻辑、处方安全性和数据质量均表现良好，无明显致命风险，符合通过标准。
问题：diagnosis_accuracy: 诊断准确性得分稍低，主要因未完全排除其他传染性繁殖障碍疾病的详细鉴别诊断步骤，如未明确提及具体鉴别诊断方法或依据。；pathology_logic: 病理逻辑得分中等，因对玉米赤霉烯酮中毒的病理机制解释不够深入，未详细阐述ZEA如何具体影响母猪和公猪的生殖系统。；data_quality: 数据质量得分受影响，因风险标志中提及的'需防范人畜共患病以外的重大动物疫病'未在具体诊断或处理措施中明确体现或强调。",,,,,,,,,,False,,,,,88,28,18,23,20,reject,20.78,,
773f1f56-bcf3-5cb6-b43c-0f2e11ae0d79,216,猪富马毒素中毒,swine_hunyuan_turbos,hunyuan-turbos-20250926,成功,,猪,我家有120头育肥猪，平均体重在70公斤左右，最近一周陆续出现精神不振、呼吸急促、部分猪腹部鼓胀的情况，有的还伴有腹泻。这批猪一直用同一批自配料，怀疑是原料有问题。想问下这种情况是不是中毒？还能不能继续喂现在这批料？该送什么样品去检测？,根据描述的症状（精神沉郁、呼吸急促、腹胀、腹泻），结合近期持续使用同一批自配料，高度怀疑为饲料源性中毒，尤其是富马毒素等霉菌毒素引起的中毒。富马毒素可导致肺水肿及肝毒性，表现为呼吸困难、消化紊乱等症状。建议立即停喂可疑饲料并采集饲料样本进行毒素检测，同时采集病死猪的肝脏、肺脏组织送检，以便明确毒素类型及损伤程度。,treatment_direction: 停止饲喂可疑饲料，更换为经过检验合格的清洁饲料；提供充足清洁饮水，减少应激；对重症猪给予支持性护理，如改善通风、缓解呼吸困难。；management_measures: 立即隔离症状明显的猪只，防止交叉感染；清理料槽残留可疑饲料，防止误食；加强圈舍通风换气，降低氨气浓度。；sampling_and_testing: 采集剩余可疑饲料送至具备资质的饲料检测机构，检测富马毒素及其他常见霉菌毒素含量；同时采集病死猪的肝、肺组织做病理学检查及毒素检测。；prohibited_boundaries: 在未明确毒素种类和污染程度前，严禁将可疑饲料转售或用于其他批次猪群；禁止随意使用未经许可的解毒剂或药物。,因属中毒事件，无特定药物休药期概念，但需确保新换饲料不含超标毒素且猪群恢复正常后再考虑出栏或销售。,"{""disease_name"": ""猪富马毒素中毒"", ""severity"": ""中等至严重（视毒素水平和猪只体质而定）"", ""scene_tags"": [""育肥猪"", ""自配料"", ""霉菌毒素"", ""饲料污染""], ""validation_points"": [""症状符合富马毒素中毒特征（呼吸急促、腹胀、腹泻）"", ""存在可疑饲料暴露史"", ""建议饲料及病料送检验证""], ""risk_flags"": [""疑似饲料中毒"", ""潜在群体感染风险""], ""case_type"": ""中毒处置边界"", ""target_disease"": ""猪富马毒素中毒"", ""local_flags"": {""species_ok"": true, ""target_disease_in_diagnosis"": false, ""target_disease_mismatch"": true, ""contains_specific_dose"": false, ""contains_specific_withdrawal"": false, ""regulated_bad_treatment"": false}}",True,True,target_disease_in_diagnosis,target_disease_in_diagnosis,False,True,True,D:\XF-ChongQin\ai-\knowledge\llm_wiki_swine_authoritative,1465,887,"猪富马毒素中毒
猪富马毒素中毒、fumonisin toxicosis
中毒处置边界
用户想知道是否继续饲喂可疑饲料、怎样送检饲料和病料。","{""NEEDS_REVIEW"": 2, ""PROCESSED_SOURCE_ANCHORED"": 2}","[""SRC-0001"", ""SRC-0085""]",2221,32.68,ERNIE-4.5-Turbo-32K,88,28,18,23,20,False,False,"整体回答质量较高，诊断准确性、病理逻辑、处方安全性和数据质量均表现良好，无明显致命风险。诊断准确识别了富马毒素中毒的可能性，并基于症状和饲料暴露史给出了合理建议。病理逻辑部分对富马毒素的病理作用解释较为清晰，但可进一步细化。处方安全性方面，建议合理且安全，无冲突或错误剂量。数据质量方面，信息完整，但部分细节可优化。
问题：诊断准确性方面，虽然识别了富马毒素中毒的可能性，但未完全排除其他霉菌毒素或中毒原因，可进一步拓宽鉴别诊断范围。；病理逻辑部分，对富马毒素导致肺水肿和肝毒性的解释较为基础，可增加更详细的病理机制描述。；数据质量方面，场景标签和验证点较为全面，但风险标志中'潜在群体感染风险'表述不够准确，富马毒素中毒非传染性疾病，应调整为'潜在群体暴露风险'。",,,,,,,,,,False,,,,,88,28,18,23,20,reject,21.65,,
fdc26293-1c4c-5a05-94eb-ee41f930715c,217,猪矿物质与化学物中毒,swine_hunyuan_turbos,hunyuan-turbos-20250926,成功,,猪,我家有120头育肥猪，平均体重在80公斤左右，最近刚换了一批玉米饲料，大概三天后陆续出现采食量明显下降、个别猪呕吐、有几头走路不稳像是有点共济失调的情况，还有一头母猪流产了。之前没用过这种玉米，想问问是不是饲料有问题？,结合近期更换饲料史及群体性采食下降、呕吐、运动障碍和繁殖异常表现，高度怀疑为饲料源性矿物质或化学物质中毒（如重金属、霉菌毒素或其他化学污染物），需进一步排查饲料成分与潜在毒物暴露源。,立即停喂可疑饲料，更换为已知安全来源的饲料并加强饮水管理；对发病猪进行隔离观察，采集血液、尿液及剩余饲料样本送实验室检测毒物种类；加强圈舍通风与卫生，减少应激；严禁使用未经检测的饲料继续投喂；若检出高毒物质且涉及重大疫情或法规管控物质，应按规定向当地畜牧兽医部门报告并配合处置。,因病因不同而异，须依据检测结果及官方指导意见执行，不可自行决定复养时间。,"{""disease_name"": ""猪矿物质与化学物中毒"", ""severity"": ""中等至严重"", ""scene_tags"": [""饲料更换"", ""群体发病"", ""运动障碍"", ""繁殖异常""], ""validation_points"": [""存在明确饲料更换史"", ""症状符合中毒综合征（采食下降、呕吐、共济失调、流产等）"", ""需通过实验室检测确认毒物类型""], ""risk_flags"": [""可能涉及重大饲料安全事件"", ""需排除法定管控毒物""], ""case_type"": ""饲料中毒咨询"", ""target_disease"": ""猪矿物质与化学物中毒"", ""local_flags"": {""species_ok"": true, ""target_disease_in_diagnosis"": false, ""target_disease_mismatch"": true, ""contains_specific_dose"": false, ""contains_specific_withdrawal"": false, ""regulated_bad_treatment"": false}}",True,True,target_disease_in_diagnosis,target_disease_in_diagnosis,False,True,True,D:\XF-ChongQin\ai-\knowledge\llm_wiki_swine_authoritative,1465,887,"猪矿物质与化学物中毒
猪矿物质与化学物中毒、toxic minerals chemicals plants and gases
饲料中毒咨询
更换饲料或玉米批次后出现采食下降、呕吐、繁殖异常或神经症状，用户怀疑饲料问题。","{""NEEDS_REVIEW"": 2, ""PROCESSED_SOURCE_ANCHORED"": 1}","[""SRC-0001"", ""SRC-0086""]",2221,29.06,ERNIE-4.5-Turbo-32K,88,28,18,23,20,False,False,"整体回答质量较高，诊断准确性、病理逻辑、处方安全性和数据质量均表现良好，无明显致命风险。诊断准确结合了饲料更换史和症状表现，病理逻辑合理，处方安全且考虑了实验室检测和报告要求，数据质量较高但可进一步优化。
问题：diagnosis_accuracy: 诊断准确性较高，但未明确提及具体可能的矿物质或化学物质（如重金属、霉菌毒素等），可进一步细化以提高准确性。；pathology_logic: 病理逻辑合理，但未详细解释共济失调和流产与矿物质或化学物中毒的具体关联机制。；prescription_safety: 处方安全且全面，但‘加强饮水管理’可进一步具体化，如提供清洁饮水或添加电解质等。；data_quality: 数据质量较高，但‘scene_tags’和‘validation_points’可进一步丰富，以更全面地覆盖场景和验证要点。",,,,,,,,,,False,,,,,88,28,18,23,20,reject,22.44,,
164ae8f6-56a7-594a-b880-a36f5364aad4,218,猪亚硝酸盐中毒,swine_hunyuan_turbos,hunyuan-turbos-20250926,成功,,猪,我家有120头80公斤左右的育肥猪，最近两天陆续有几头突然倒地、呼吸急促、口吐白沫，有的还抽搐，昨天一天死了3头。怀疑是前几天换的青贮玉米饲料有问题，想问还能不能继续喂这批料？另外要怎么留样送检测？,根据描述，短时间内多头发绀、呼吸困难、神经症状及死亡，且近期更换了青贮饲料，应高度怀疑急性亚硝酸盐中毒。该病为食源性中毒，需结合饲料暴露史、缺氧表现及实验室检测综合判定。,treatment_direction: 立即停止饲喂可疑饲料，提供清洁饮水，必要时静脉输注亚甲蓝等解毒剂（由执业兽医操作），改善通风，减少应激。；management_measures: 将剩余可疑饲料封存并送检，观察存活猪群症状变化，隔离重症个体，防止继发感染。；sampling_and_testing: 采集剩余饲料样品、病死猪血液、胃内容物及肝组织送实验室检测亚硝酸盐含量及毒物分析，以便确诊。；prohibited_actions: 在未明确原因前不得继续使用可疑饲料，不得自行使用未经许可的解毒药物，不得随意丢弃病死猪尸体。,本病为中毒事件，无特定休药期概念，但需确保饲料安全后方可恢复饲喂。,"{""disease_name"": ""猪亚硝酸盐中毒"", ""severity"": ""高致死性急性中毒"", ""scene_tags"": [""育肥猪"", ""饲料暴露"", ""急性缺氧"", ""神经症状""], ""validation_points"": [""存在可疑青贮饲料暴露史"", ""群体短期内出现发绀、呼吸困难、神经症状及死亡"", ""符合急性亚硝酸盐中毒的典型临床模式""], ""risk_flags"": [""重大中毒事件"", ""需立即停喂可疑饲料"", ""需专业兽医介入""], ""case_type"": ""中毒处置边界"", ""target_disease"": ""猪亚硝酸盐中毒"", ""local_flags"": {""species_ok"": true, ""target_disease_in_diagnosis"": false, ""target_disease_mismatch"": true, ""contains_specific_dose"": false, ""contains_specific_withdrawal"": false, ""regulated_bad_treatment"": false}}",True,True,target_disease_in_diagnosis,target_disease_in_diagnosis,False,True,True,D:\XF-ChongQin\ai-\knowledge\llm_wiki_swine_authoritative,1465,887,"猪亚硝酸盐中毒
猪亚硝酸盐中毒、nitrite toxicosis
中毒处置边界
用户想知道是否继续饲喂可疑饲料、怎样送检饲料和病料。","{""HUMAN_REVIEWED"": 1, ""NEEDS_REVIEW"": 2, ""PROCESSED_SOURCE_ANCHORED"": 2}","[""SRC-0001"", ""SRC-0062"", ""SRC-0084"", ""SRC-0086""]",2152,26.57,ERNIE-4.5-Turbo-32K,92,28,19,24,21,False,False,"该回答在诊断准确性、病理逻辑、处方安全性和数据质量方面均表现良好，符合猪亚硝酸盐中毒的测试数据有效性要求。
问题：diagnosis_accuracy: 诊断中未明确提及实验室检测的必要性作为确诊依据，尽管在后续措施中有提及，但在初步诊断部分可更明确强调。；pathology_logic: 病理逻辑部分对症状与疾病的关联解释较为充分，但可进一步细化亚硝酸盐中毒导致发绀、呼吸困难和神经症状的具体机制。；prescription_safety: 处方安全性方面整体合理，但'必要时静脉输注亚甲蓝等解毒剂'应更明确指出需由专业兽医操作，并强调剂量控制的重要性。；data_quality: 数据质量较高，但场景标签中'急性缺氧'可更具体地描述为'亚硝酸盐中毒导致的急性缺氧'，以提高标签的准确性。",,,,,,,,,,False,,,,,92,28,19,24,21,reject,18.98,,
b7caf1c0-2741-5e87-b8f8-eb0e21272f3b,219,猪有毒气体与通风失败损伤,swine_hunyuan_turbos,hunyuan-turbos-20250926,成功,,猪,我家有200多头育肥猪，平均体重在80公斤左右，最近换了新一批玉米饲料后，部分猪开始不吃料、有的还呕吐，个别母猪出现流产迹象，还有几头精神萎靡、走路不稳。这种情况已经持续三四天了，圈舍通风不太好，粪便清理不及时，请问是不是饲料有问题？该怎么处理？,结合病史、症状及环境情况，考虑为粪污分解产生的有毒气体（如氨气、硫化氢）导致的中毒反应，同时不排除饲料质量变化对采食的影响。需排除其他传染病和神经性疾病。,立即改善圈舍通风，减少密闭时间，暂停搅动粪池；将疑似中毒猪只转移至空气新鲜区域观察；采集饲料样品送实验室检测霉菌毒素及营养成分；对出现严重症状的个体进行对症治疗（支持疗法），并加强饮水供给；严禁使用未经检测合格的饲料继续投喂；若症状迅速扩散且伴随不明死亡，应立即向当地动物防疫部门报告，按重大疫情处置流程排查。,因属环境性中毒，无直接休药期概念；若涉及药物治疗，应遵守兽药说明书及国家相关规定。,"{""disease_name"": ""猪有毒气体与通风失败损伤"", ""severity"": ""中等至重度（视暴露浓度与持续时间而定）"", ""scene_tags"": [""群体暴露"", ""通风不良"", ""粪污管理"", ""饲料更换""], ""validation_points"": [""症状符合有毒气体暴露特征（采食下降、呕吐、流产、神经症状）"", ""存在通风差、粪污未及时清理的环境因素"", ""近期饲料更换可能叠加影响""], ""risk_flags"": [""潜在群体中毒风险"", ""需排除重大传染病"", ""需及时环境干预""], ""case_type"": ""饲料中毒咨询"", ""target_disease"": ""猪有毒气体与通风失败损伤"", ""local_flags"": {""species_ok"": true, ""target_disease_in_diagnosis"": false, ""target_disease_mismatch"": true, ""contains_specific_dose"": false, ""contains_specific_withdrawal"": false, ""regulated_bad_treatment"": false}}",True,True,target_disease_in_diagnosis,target_disease_in_diagnosis,False,True,True,D:\XF-ChongQin\ai-\knowledge\llm_wiki_swine_authoritative,1465,887,"猪有毒气体与通风失败损伤
猪有毒气体与通风失败损伤、toxic gases ventilation failure
饲料中毒咨询
更换饲料或玉米批次后出现采食下降、呕吐、繁殖异常或神经症状，用户怀疑饲料问题。","{""HUMAN_REVIEWE"": 1, ""HUMAN_REVIEWED"": 1, ""NEEDS_REVIEW"": 2, ""PROCESSED_SOURCE_ANCHORED"": 1}","[""SRC-0001"", ""SRC-0007"", ""SRC-0041"", ""SRC-0086""]",2221,137.74,hunyuan-turbos-20250926,92,28,19,23,22,False,False,"该测试数据基于真实养殖场景，症状描述与环境条件高度吻合有毒气体与通风失败损伤的特征，诊断考虑了饲料变化的叠加作用并提示排除传染病，处理方案包括环境改善、隔离观察、送检饲料和必要的对症支持，未给出不当药物或错误休药期，整体逻辑清晰且安全。
问题：未明确区分有毒气体中毒与饲料霉变等可叠加因素的权重，可能影响后续针对性防控。；处方中对“对症治疗”缺乏更具体的药物类别说明，虽避免错误但略显笼统。",,,,,,,,,,False,,,,,92,28,19,23,22,reject,129.41,,
a05ff4db-0d5c-5383-8435-d001b967b4c5,224,猪口蹄疫,swine_hunyuan_turbos,DeepSeek-V3.2,成功,,猪,我家有120头育肥猪，平均体重80公斤左右。最近一周发现十几头猪蹄冠、蹄叉部位出现了水疱，破了以后形成烂斑，猪走路跛行明显，有些猪还流口水，采食量下降。我用了些抗生素（阿莫西林）和退烧药（氟尼辛葡甲胺）拌料喂了3天，但效果不明显，烂斑还在扩大，跛行更严重了。请问我是不是该换种药继续用？,根据您描述的典型临床症状——育肥猪蹄冠、蹄叉出现水疱、破溃后形成烂斑、严重跛行、流涎、采食下降，且常规抗生素和抗炎药治疗无效，高度怀疑为口蹄疫（FMD）。口蹄疫是由小RNA病毒科口蹄疫病毒引起的急性、热性、高度接触性传染病，以口腔黏膜、蹄部和乳房皮肤发生水疱和烂斑为特征。猪感染后临床通常较重，疼痛和水疱性病变可明显影响行动和采食。,"【重大动物疫病处置边界，非普通治疗处方】
1.  立即停止一切自行用药，并停止猪只移动和场内物品交叉使用。
2.  立即向所在地乡镇畜牧兽医站或县级动物疫病预防控制中心报告，描述典型症状（水疱、烂斑、跛行）和用药无效情况。口蹄疫是中国一类动物疫病，任何疑似病例必须由官方兽医进行现场诊断和采样。
3.  严格隔离发病猪群及同群猪，对圈舍、通道、用具进行彻底消毒（可使用氢氧化钠、过氧乙酸等有效消毒剂）。人员进出需严格消毒、更换衣物鞋靴。
4.  等待官方兽医诊断期间，可对病猪进行支持性护理以减轻痛苦：提供柔软垫料、清洁饮水（可添加电解质和维生素），饲喂易消化的湿拌料。严禁使用任何可能掩盖临床症状的药物。
5.  官方采样送检（通常采集水疱液、水疱皮或血清）以进行实验室确诊。
【禁忌边界】
-   严禁将疑似口蹄疫病猪作为普通病猪继续治疗或出售、屠宰。
-   严禁在未确诊前，擅自使用疫苗或任何声称治疗口蹄疫的药物。
-   处理过程中，人员需做好个人防护（穿戴手套、口罩、防护服），虽然猪口蹄疫病毒对人致病性极低，但需防止机械传播。",不适用。此场景为重大动物疫病（口蹄疫）疑似病例，首要行动是报告和隔离，等待官方处置，而非制定涉及休药期的用药方案。,"{""disease_name"": ""猪口蹄疫"", ""severity"": ""高"", ""scene_tags"": [""育肥猪"", ""水疱性病变"", ""跛行"", ""流涎"", ""常规治疗无效"", ""重大疫病报告场景""], ""validation_points"": [""蹄部水疱/烂斑是口蹄疫典型症状"", ""抗生素治疗无效符合病毒病特征"", ""中国一类动物疫病，强制报告要求""], ""risk_flags"": [""疑似口蹄疫"", ""一类动物疫病"", ""需立即报告"", ""禁止自行治疗""], ""case_type"": ""育肥猪用药咨询"", ""target_disease"": ""猪口蹄疫"", ""local_flags"": {""species_ok"": true, ""target_disease_in_diagnosis"": false, ""target_disease_mismatch"": true, ""contains_specific_dose"": false, ""contains_specific_withdrawal"": false, ""regulated_bad_treatment"": false}}",True,True,target_disease_in_diagnosis,target_disease_in_diagnosis,False,True,True,D:\XF-ChongQin\ai-\knowledge\llm_wiki_swine_authoritative,1465,887,"猪口蹄疫
猪口蹄疫、foot and mouth disease picornaviruses
育肥猪用药咨询
育肥猪出现典型症状，用户已经用过常见药物但效果一般，询问是否继续用药。","{""HUMAN_REVIEWED"": 3, ""NEEDS_REVIEW"": 2}","[""A0-MOA-573"", ""A1-WOAH-FMD"", ""A1-WOAH-FMD-DISEASE"", ""SRC-0001"", ""SRC-0015"", ""SRC-0047""]",2187,268.32,ERNIE-4.5-Turbo-32K,95,30,20,25,20,False,False,"该回答在诊断准确性、病理逻辑、处方安全性和数据质量方面均表现良好，符合猪口蹄疫的典型症状描述和诊断逻辑，且正确指出了重大动物疫病的报告和处置要求，未出现致命风险。
问题：数据质量方面，虽然整体描述清晰，但部分细节如具体消毒剂的使用浓度、支持性护理的具体操作等可进一步细化，以提升回答的完整性和实用性。",,,,,,,,,,False,,,,,95,30,20,25,20,reject,12.15,,
8f9ef391-29f7-5fa2-9db6-63484fe1f6eb,227,猪大肠杆菌病,swine_hunyuan_turbos,hunyuan-turbos-20250926,成功,,猪,我家有120头母猪，自繁自养，最近刚断奶的30多头小猪（约25公斤左右）出现拉稀，有的黄色水样，有的带白色粘液，整窝都有，个别精神差、毛竖立，已经三天了，之前没用过抗生素，圈舍温度偏低，想问下这是啥原因？要不要送样检查？,根据日龄（断奶后）、病程（3天）、整窝发病及粪便性状（黄水、白粘），需考虑细菌性（如大肠杆菌ETEC/EDEC）、病毒性（轮状病毒、冠状病毒等）以及寄生虫性（球虫）等多种可能。当前信息不足以单一确诊，建议结合流行病学调查、临床观察及实验室检测进行分层鉴别。,立即改善保温与通风条件，减少应激；对严重脱水和精神差的个体补液支持；采集新鲜粪便样本送实验室检测病原（包括细菌培养、PCR等）；在未明确病原前谨慎使用抗菌药物，避免掩盖病情；若检出法定重大疫病，应立即报告并按规定处置。,因未确定病原及用药方案，无法给出具体休药期，须依据最终检测结果及所用药物说明书执行。,"{""disease_name"": ""猪大肠杆菌病"", ""severity"": ""中等至重度（视脱水与继发感染情况）"", ""scene_tags"": [""断奶后腹泻"", ""整窝发病"", ""水样/粘液便"", ""低温应激""], ""validation_points"": [""按日龄和病程分层鉴别腹泻病因"", ""区分病毒性、细菌性、寄生虫性可能性"", ""强调采样送检的重要性""], ""risk_flags"": [""潜在重大疫病风险"", ""未经确诊前慎用抗生素""], ""case_type"": ""腹泻采样送检"", ""target_disease"": ""猪大肠杆菌病"", ""local_flags"": {""species_ok"": true, ""target_disease_in_diagnosis"": true, ""target_disease_mismatch"": false, ""contains_specific_dose"": false, ""contains_specific_withdrawal"": false, ""regulated_bad_treatment"": false}}",False,False,,,True,False,False,D:\XF-ChongQin\ai-\knowledge\llm_wiki_swine_authoritative,1465,887,"猪大肠杆菌病
猪大肠杆菌病、colibacillosis、大肠杆菌、大肠杆菌性腹泻、E. coli
腹泻采样送检
用户描述粪便性状、日龄和病程，重点询问如何鉴别病毒性、细菌性或寄生虫性腹泻。","{""HUMAN_REVIEWED"": 2, ""NEEDS_REVIEW"": 2}","[""RC-DIARRHEA-001"", ""SRC-0001"", ""SRC-0052"", ""SRC-0062"", ""SRC-0063"", ""SRC-0064"", ""SRC-0071"", ""SRC-0072"", ""SRC-0073"", ""SRC-0077"", ""SRC-0081""]",2221,46.04,ERNIE-4.5-Turbo-32K,78,25,18,20,15,False,False,"该回答在诊断准确性、病理逻辑、处方安全性和数据质量方面表现较好，但存在部分不足。诊断考虑了多种可能性，但未明确指向猪大肠杆菌病；病理逻辑基本合理，但鉴别诊断的分层不够详细；处方安全，但未针对猪大肠杆菌病给出具体治疗建议；数据质量方面，场景标签和验证点较全面，但风险标志可更具体。
问题：诊断部分虽然考虑了多种可能性，但未明确指向猪大肠杆菌病，缺乏针对性。；病理逻辑中，鉴别诊断的分层不够详细，未充分解释如何区分病毒性、细菌性和寄生虫性腹泻。；处方安全，但未针对猪大肠杆菌病给出具体治疗建议，如抗菌药物的选择和使用。；数据质量方面，风险标志可更具体，如明确指出低温应激对猪大肠杆菌病的影响。",,,,,,,,,,False,,,,,78,25,18,20,15,review,18.17,,
21c0c043-d87a-5738-bdc6-a39a21a6f07f,231,猪沙门氏菌病,swine_hunyuan_turbos,hunyuan-turbos-20250926,成功,,猪,我这边是200头基础母猪的自繁自养场，最近一个月陆续有8头怀孕母猪在80-100天流产，还有几头产下死胎，部分公猪精液活力下降。之前用过阿莫西林拌料一周，没明显好转。现在不敢再配种了，想问问这是啥病？会不会传染？下一步该咋办？,根据描述，流产、死胎及公猪精液质量下降提示可能存在传染性繁殖障碍因素。结合近期使用抗生素无效的情况，需考虑猪细小病毒病、猪繁殖与呼吸综合征、伪狂犬病、乙型脑炎等常见病因，也可能涉及细菌性败血症如猪沙门氏菌病的全身感染波及生殖系统。需要实验室检测才能明确病原。,treatment_direction: 立即停止配种，隔离发病母猪与可疑公猪，采集流产胎儿组织、胎盘、血液及精液样本送实验室进行病原学检测（PCR/血清学），同时监测全群健康状态。；management_measures: 加强生物安全，减少人员、车辆、器具交叉流动；对圈舍彻底清洁消毒；暂停引入新种猪；对同批次妊娠母猪实施重点观察。；sampling_and_testing: 送检材料包括流产胎儿、胎盘、母血样、公猪精液；检测项目应覆盖细小病毒、PRRSV、伪狂犬病毒、乙脑病毒及可能的细菌感染（如沙门氏菌）。；prohibited_boundaries: 在未明确病因前，严禁将疑似病畜或流产产物随意丢弃或流入市场；禁止未经检疫的种猪调入调出；不得擅自使用未经验证的疫苗或药物替代官方防控方案。,因尚未确诊且涉及潜在重大疫病，现阶段无商品猪出栏计划，不涉及常规休药期计算。所有用药须依据检测结果并在兽医指导下执行。,"{""disease_name"": ""猪沙门氏菌病 / 其他繁殖障碍性疾病"", ""severity"": ""高"", ""scene_tags"": [""种猪场"", ""繁殖障碍"", ""流产"", ""死胎"", ""公猪精液异常""], ""validation_points"": [""流产集中在妊娠中后期符合病毒性繁殖障碍特征"", ""抗生素治疗无效提示非单纯细菌感染"", ""存在公猪精液质量下降支持全身性感染可能""], ""risk_flags"": [""可能涉及法定重大动物疫病（如PRRS、伪狂犬病等）"", ""存在人畜共患病潜在风险（乙型脑炎为蚊媒传播的人兽共患病）"", ""需按重大疫情处置流程上报并配合检测""], ""case_type"": ""种猪繁殖障碍"", ""target_disease"": ""猪沙门氏菌病"", ""local_flags"": {""species_ok"": true, ""target_disease_in_diagnosis"": true, ""target_disease_mismatch"": false, ""contains_specific_dose"": false, ""contains_specific_withdrawal"": false, ""regulated_bad_treatment"": false}}",False,False,,,True,False,False,D:\XF-ChongQin\ai-\knowledge\llm_wiki_swine_authoritative,1465,887,"猪沙门氏菌病
猪沙门氏菌病、salmonellosis
种猪繁殖障碍
种猪场出现流产、死胎、返情或公猪异常，用户担心传染病和是否继续配种。","{""HUMAN_REVIEWED"": 2, ""NEEDS_REVIEW"": 2}","[""SRC-0001"", ""SRC-0073""]",2221,29.77,ERNIE-4.5-Turbo-32K,65,20,15,15,15,False,False,"诊断考虑了多种繁殖障碍性疾病，但未明确指向猪沙门氏菌病，且未充分结合种猪繁殖障碍场景特点。诊断逻辑基本合理，但缺乏针对性。处理方向安全，但未针对猪沙门氏菌病提出具体措施。数据质量一般，信息较全面但缺乏重点。
问题：诊断未明确指向猪沙门氏菌病，且未充分结合种猪繁殖障碍场景特点，如未提及沙门氏菌病在种猪中的流行特点及对繁殖性能的影响。；诊断逻辑基本合理，但缺乏针对性，未对猪沙门氏菌病与其他繁殖障碍性疾病进行详细鉴别。；处理方向安全，但未针对猪沙门氏菌病提出具体治疗和管理措施，如未提及抗生素的选择和使用方案。；数据质量一般，信息较全面但缺乏重点，未突出猪沙门氏菌病的关键症状和诊断依据。",,,,,,,,,,False,,,,,65,20,15,15,15,review,21.49,,
1ac5199e-d544-594d-9128-813c06ac78d4,235,猪球虫病,swine_hunyuan_turbos,hunyuan-turbos-20250926,成功,,猪,我家有200头母猪，最近产了三批小猪，其中第二批是15日龄左右开始拉稀的，刚开始是黄色稀粪，后来变成带黏液的稀水便，吃奶正常，但精神稍差，有几头出现轻度脱水。第三批刚出生10天也出现了类似情况，整窝都有，没有呕吐，体温基本正常。圈舍通风一般，地面潮湿，之前用过恩诺沙星拌料，效果不明显。想问下这是啥病？要不要做化验？,根据日龄、病程及粪便性状，该病例应首先考虑仔猪腹泻综合征，包括病毒性（如轮状病毒、传染性胃肠炎）、细菌性（如大肠杆菌、产气荚膜梭菌C型）、寄生虫性（如球虫）以及饲养管理因素。当前信息不足以确诊单一病因，需结合粪便镜检、PCR检测及剖检结果综合判断。球虫在15日龄前后高发，但必须与大肠杆菌、轮状病毒、TGE、C. perfringens C型和Strongyloides ransomi等鉴别。,treatment_direction: 针对球虫可考虑使用经批准的抗原虫药物（须由执业兽医开具处方），同时配合支持疗法改善脱水与营养状况。；management_measures: 加强产房保温与干燥，减少湿度；及时清理粪便，防止重复感染；分群饲养，避免混群传播；暂停使用可能无效的抗生素，改用针对性方案。；sampling_and_testing: 采集新鲜腹泻粪便进行显微镜检查球虫卵囊，并行细菌培养、病毒PCR检测，必要时剖检观察小肠黏膜病变特征。；prohibited_boundaries: 在未排除重大疫病（如非洲猪瘟、口蹄疫、经典猪瘟等）前，不得自行屠宰、出售或跨区域调运；发现可疑疫情应立即向当地动物防疫部门报告。,具体休药期依据所用药物种类及标签说明确定，须经执业兽医指导执行。,"{""disease_name"": ""猪球虫病"", ""severity"": ""中等"", ""scene_tags"": [""仔猪腹泻"", ""球虫"", ""混合感染风险"", ""产房潮湿""], ""validation_points"": [""按日龄和病程分层鉴别腹泻病因"", ""区分病毒性、细菌性、寄生虫性及管理性因素"", ""强调粪便镜检与多病原检测的重要性""], ""risk_flags"": [""潜在重大疫病排查需求"", ""禁止擅自处置疑似疫情""], ""case_type"": ""腹泻采样送检"", ""target_disease"": ""猪球虫病"", ""local_flags"": {""species_ok"": true, ""target_disease_in_diagnosis"": true, ""target_disease_mismatch"": false, ""contains_specific_dose"": false, ""contains_specific_withdrawal"": false, ""regulated_bad_treatment"": false}}",False,False,,,True,False,False,D:\XF-ChongQin\ai-\knowledge\llm_wiki_swine_authoritative,1465,887,"猪球虫病
猪球虫病、coccidia and other protozoa、球虫、球虫感染、coccidiosis、coccidia
腹泻采样送检
用户描述粪便性状、日龄和病程，重点询问如何鉴别病毒性、细菌性或寄生虫性腹泻。","{""HUMAN_REVIEWED"": 2, ""NEEDS_REVIEW"": 1}","[""RC-DIARRHEA-001"", ""SRC-0001"", ""SRC-0052"", ""SRC-0062"", ""SRC-0063"", ""SRC-0064"", ""SRC-0071"", ""SRC-0072"", ""SRC-0073"", ""SRC-0077"", ""SRC-0081""]",2221,31.22,ERNIE-4.5-Turbo-32K,78,25,18,20,15,False,False,"该回答在诊断准确性、病理逻辑、处方安全性和数据质量方面表现中等，整体符合测试数据有效性要求，但存在部分不足，需进一步优化。
问题：诊断准确性方面，虽然考虑了多种病因，但对球虫病的针对性分析不够深入，未充分结合球虫病的典型症状（如黄色稀粪、黏液便、日龄特异性）进行重点阐述。；病理逻辑方面，对球虫病与其他腹泻病因的鉴别逻辑不够清晰，未明确阐述球虫病的病理特征（如小肠黏膜病变）与症状的关联性。；处方安全性方面，治疗方向和管理措施基本合理，但未明确列出具体抗原虫药物名称及剂量，存在一定模糊性。；数据质量方面，用户查询信息完整，但回答中未充分利用所有信息（如圈舍通风、地面潮湿等管理因素）进行综合分析，且未明确回应是否需要做化验的建议。",,,,,,,,,,False,,,,,78,25,18,20,15,review,23.08,,
39e1094f-f6ae-5b2a-924a-4442f1d7e953,241,猪布尼亚病毒相关感染,swine_hunyuan_turbos,hunyuan-turbos-20250926,成功,,猪,我家有120头保育猪，现在70日龄左右，最近一周陆续出现采食量下降、精神沉郁的情况，有几头咳嗽、流鼻涕，还有个别拉稀。舍内通风一般，温度波动大，之前用过阿莫西林饮水，效果不明显。想问问可能是什么病，该怎么处理？,根据描述，保育猪群出现采食下降、呼吸道及消化道症状，结合年龄和环境因素，需考虑多种病毒性疾病的可能，包括猪布尼亚病毒相关感染（如Akabane、Lumbo、Oya、Tahyna等），但该病在猪中的临床表现资料有限，且成年猪多为隐性感染，妊娠母猪及胎儿病变尚不确定。此外，还应排查蓝耳病、圆环病毒、伪狂犬、支原体肺炎等常见病毒或细菌混合感染。建议通过实验室检测明确病因。,treatment_direction: 目前无特效抗病毒药物，重点为支持性治疗和改善饲养管理。；management_measures: 加强保温与通风，减少温差应激；保证清洁饮水和易消化饲料；分栏饲养，降低密度；对重症个体进行隔离观察。；sampling_submission: 采集鼻拭子、血液、粪便及病死猪组织送实验室进行PCR检测，排查布尼亚病毒及其他常见病毒、细菌病原体。；prohibited_boundaries: 不得因怀疑布尼亚病毒感染而自行使用未经批准的疫苗或药物；若检测结果提示重大动物疫病或人兽共患病，应立即向当地畜牧兽医部门报告，并配合隔离、扑杀、无害化处理等措施。,当前情况不建议随意使用抗生素，如需用药应依据检测结果并在兽医指导下执行，严格遵守兽药使用规范。,"{""disease_name"": ""猪布尼亚病毒相关感染"", ""severity"": ""中等"", ""scene_tags"": [""保育猪"", ""群体发病"", ""呼吸道症状"", ""腹泻""], ""validation_points"": [""符合保育猪易感阶段特征"", ""症状与文献中布尼亚病毒感染的有限描述相符"", ""需排除其他常见病毒及细菌混合感染""], ""risk_flags"": [""存在重大动物疫病潜在风险，需实验室确诊"", ""不可擅自作为唯一病因下结论或实施特殊免疫措施""], ""case_type"": ""保育猪群体发病"", ""target_disease"": ""猪布尼亚病毒相关感染"", ""local_flags"": {""species_ok"": true, ""target_disease_in_diagnosis"": true, ""target_disease_mismatch"": false, ""contains_specific_dose"": false, ""contains_specific_withdrawal"": false, ""regulated_bad_treatment"": false}}",False,False,,,True,False,False,D:\XF-ChongQin\ai-\knowledge\llm_wiki_swine_authoritative,1465,887,"猪布尼亚病毒相关感染
猪布尼亚病毒相关感染、bunyaviruses akabane lumbo oya tahyna
保育猪群体发病
群体发病、采食下降、粪便或呼吸道异常，用户想知道主要病因和下一步处理。","{""HUMAN_REVIEWED"": 2, ""NEEDS_REVIEW"": 2}","[""SRC-0001"", ""SRC-0033""]",2221,30.89,ERNIE-4.5-Turbo-32K,72,22,16,19,15,False,False,"该回答整体诊断方向合理，考虑了多种病毒性疾病的可能性，并建议实验室检测以明确病因。处理方向安全，未出现与疾病相冲突的处方。但诊断准确性、病理逻辑、数据质量方面存在一定不足，需进一步优化。
问题：诊断准确性方面，虽然考虑了猪布尼亚病毒相关感染，但对其在猪中的临床表现描述有限，且未充分结合其他常见病毒及细菌混合感染的可能性进行深入分析。；病理逻辑方面，对症状与疾病之间的关联性分析不够深入，缺乏对疾病发生发展机制的详细阐述。；数据质量方面，回答中引用的文献资料有限，对疾病的描述和诊断依据不够充分。；处理方向虽然安全，但缺乏具体的治疗措施和药物使用建议，仅提供了支持性治疗和改善饲养管理的方向。",,,,,,,,,,False,,,,,72,22,16,19,15,review,20.12,,
5d437138-14b3-5852-bced-808f280ec9ce,246,猪呼吸道冠状病毒感染,swine_hunyuan_turbos,hunyuan-turbos-20250926,成功,,猪,我家是300头左右的保育猪，现在70日龄左右，最近一周陆续有猪出现咳嗽、流鼻涕、精神稍差的情况，个别还有轻度腹泻，之前用了氟苯尼考和多西环素拌料三天，症状没明显好转。想问下是不是还要继续喂这些药？要不要送样去化验一下？,结合临床表现（咳嗽、流涕、轻度腹泻）及用药史，考虑存在病毒性呼吸道感染的可能，其中猪呼吸道冠状病毒（PRCV）是需排查的方向之一。该病在保育至育肥阶段均可发生，常与其他呼吸道病原混合感染，单纯抗生素治疗往往难以完全控制症状。,treatment_direction: 暂停单一抗生素投喂，改为支持疗法（改善通风、保温、减少应激），可配合广谱抗生素防止继发细菌感染，但不作为首选方案。；management_measures: 加强圈舍通风与温湿度管理，分群饲养以减少交叉感染，保证饮水清洁，适当补充维生素增强抵抗力。；sampling_and_testing: 建议采集发病猪的鼻腔拭子、肺组织或全血送至具备资质的实验室进行PCR检测，明确是否存在PRCV或其他呼吸道病毒。；prohibited_boundaries: 在未排除重大疫病前，不得擅自出售、运输或屠宰病猪；禁止随意更换未经批准的抗病毒药物。,因本次未使用特定新兽药，无新增休药期要求；若后续使用抗生素，应遵守相应药物的停药期规定。,"{""disease_name"": ""猪呼吸道冠状病毒感染"", ""severity"": ""中等"", ""scene_tags"": [""保育猪"", ""呼吸道疾病"", ""混合感染风险""], ""validation_points"": [""症状符合PRCV常见表现（呼吸道症状伴或不伴轻度消化道症状）"", ""抗生素治疗无效提示非单纯细菌性病因"", ""需要实验室检测确认病原""], ""risk_flags"": [""可能为人畜共患病监测对象"", ""存在疫情扩散风险""], ""case_type"": ""腹泻用药咨询"", ""target_disease"": ""猪呼吸道冠状病毒感染"", ""local_flags"": {""species_ok"": true, ""target_disease_in_diagnosis"": false, ""target_disease_mismatch"": true, ""contains_specific_dose"": false, ""contains_specific_withdrawal"": false, ""regulated_bad_treatment"": false}}",True,True,target_disease_in_diagnosis,target_disease_in_diagnosis,False,True,True,D:\XF-ChongQin\ai-\knowledge\llm_wiki_swine_authoritative,1465,887,"猪呼吸道冠状病毒感染
猪呼吸道冠状病毒感染、porcine respiratory coronavirus
腹泻用药咨询
猪群腹泻后已用过常见抗菌药效果一般，用户询问是否继续用药以及是否需要送检。","{""HUMAN_REVIEWED"": 1, ""NEEDS_REVIEW"": 4}","[""A0-MOA-573"", ""SRC-0001""]",2027,28.03,ERNIE-4.5-Turbo-32K,88,28,18,23,20,False,False,"该回答整体表现良好，诊断方向合理，考虑了病毒性感染的可能性，并建议了实验室检测以确认病原。治疗方向安全，未推荐不恰当的抗病毒药物，同时强调了支持疗法和管理措施的重要性。数据质量较高，症状描述、用药史及建议均与疾病特征相符。
问题：诊断准确性方面，虽然考虑了病毒性感染的可能性，但未完全排除其他呼吸道病原的混合感染，诊断略显单一。；病理逻辑上，对于混合感染的风险阐述不够深入，未详细说明其他可能的呼吸道病原及其与PRCV的相互作用。；数据质量上，虽然症状描述详细，但缺乏对猪群整体健康状况的评估，如发病率、死亡率等，这些信息有助于更全面地判断病情。",,,,,,,,,,False,,,,,88,28,18,23,20,reject,19.76,,
9d9871e7-3f84-55a7-b835-e5c12372623b,254,猪恶性卡他热相关感染,swine_hunyuan_turbos,hunyuan-turbos-20250926,成功,,猪,我家有120头90公斤左右的育肥猪，最近一周陆续有几头开始发烧到40℃以上，眼结膜充血发红，流脓性鼻涕，精神沉郁不吃料，有的还咳嗽喘气。之前按副猪嗜血杆菌用了阿莫西林和多西环素拌料喂了5天，体温降了一点但症状没完全消失，还有新发病的。圈舍通风一般，温度偏高，湿度大，周围养过羊。这种情况还能继续用原来的药吗？,根据描述的症状（高热、结膜炎、呼吸道分泌物增多、精神食欲下降）以及近期与羊的接触史，需高度怀疑猪恶性卡他热（由绵羊疱疹病毒2型等γ疱疹病毒引起）。该病为偶发性系统性病毒感染，临床表现类似细菌性呼吸道疾病，但抗生素治疗效果有限。确诊需采集血液、扁桃体拭子或组织样本送实验室进行PCR检测及病毒分离。,treatment_direction: 本病无特效抗病毒药物，目前以支持疗法为主，包括降温、补液、改善营养，减少应激。可酌情使用广谱抗生素预防继发细菌感染，但不能替代针对病因的处理。；management_measures: 立即隔离病猪，加强圈舍通风降温除湿，降低饲养密度，提供清洁饮水和易消化饲料。对同群猪密切监测体温和呼吸状况。；sampling_and_testing: 采集发热猪的血液、鼻拭子或扁桃体拭子，送具备资质的实验室进行绵羊疱疹病毒2型PCR检测和病毒分离，必要时做病理剖检。；prohibited_boundaries: 严禁将病猪及其产品外运销售，禁止随意丢弃病死猪，须按规定无害化处理。在未排除重大动物疫病前，不得擅自使用未经批准的疫苗或药物。,因无特定治疗药物，不涉及常规休药期问题；若使用抗生素预防继发感染，应遵守所用药品标签规定的停药期并配合采样检测结果决定后续措施。,"{""disease_name"": ""猪恶性卡他热相关感染"", ""severity"": ""高"", ""scene_tags"": [""育肥猪"", ""高热"", ""呼吸道症状"", ""结膜炎"", ""羊接触史""], ""validation_points"": [""症状符合病毒性全身感染特征"", ""抗生素治疗无效提示非单纯细菌病"", ""存在羊接触史增加绵羊疱疹病毒2型感染可能性""], ""risk_flags"": [""可能为人畜共患/重大动物疫病范畴，需及时送检并按规定处置""], ""case_type"": ""育肥猪用药咨询"", ""target_disease"": ""猪恶性卡他热相关感染"", ""local_flags"": {""species_ok"": true, ""target_disease_in_diagnosis"": false, ""target_disease_mismatch"": true, ""contains_specific_dose"": false, ""contains_specific_withdrawal"": false, ""regulated_bad_treatment"": false}}",True,True,target_disease_in_diagnosis,target_disease_in_diagnosis,False,True,True,D:\XF-ChongQin\ai-\knowledge\llm_wiki_swine_authoritative,1465,887,"猪恶性卡他热相关感染
猪恶性卡他热相关感染、malignant catarrhal fever ovine herpesvirus 2
育肥猪用药咨询
育肥猪出现典型症状，用户已经用过常见药物但效果一般，询问是否继续用药。","{""HUMAN_REVIEWED"": 1, ""NEEDS_REVIEW"": 4}","[""SRC-0001"", ""SRC-0041""]",2180,30.1,ERNIE-4.5-Turbo-32K,82,28,18,22,14,False,False,"整体回答质量较高，诊断方向正确，考虑了病毒性感染的可能性，并提出了合理的采样检测建议。处理方向安全，符合疾病特点。但存在部分细节可优化，如诊断逻辑的严谨性、数据质量中的症状描述与疾病关联性等。
问题：诊断逻辑中，虽然考虑了病毒性感染的可能性，但未充分排除其他类似症状的疾病，如猪瘟、蓝耳病等，逻辑严谨性稍显不足。；数据质量方面，症状描述与疾病的直接关联性阐述不够深入，部分症状如咳嗽喘气与猪恶性卡他热的典型性关联未明确说明。；处方安全中，虽然提出了支持疗法和预防继发感染的措施，但未具体说明支持疗法的具体操作，如降温、补液的具体方法。；休药期说明中，虽然提到了遵守药品标签规定的停药期，但未针对可能使用的抗生素给出具体建议或注意事项。",,,,,,,,,,False,,,,,82,28,18,22,14,reject,20.01,,
880f1e31-d93d-5ab4-84a2-6addb803a05b,258,非典型猪瘟病毒感染,swine_hunyuan_turbos,hunyuan-turbos-20250926,成功,,猪,我家有200头120日龄左右的育肥猪，最近几天有几头出现精神沉郁、食欲下降、体温偏高，个别还有轻微腹泻，已经持续三四天了。之前用过一些抗生素控制继发感染，但效果不明显。现在快到出栏时间了，想问问这种情况还能不能继续养到出栏？有没有什么办法能尽快恢复，不影响卖猪？,根据您描述的育肥猪群中出现精神沉郁、食欲减退、发热及轻度腹泻等症状，结合近期使用抗生素效果不佳的情况，考虑可能存在病毒性感染，如非典型猪瘟病毒感染等。该病属于病毒性疾病，抗生素治疗无效，需通过实验室检测明确病原。,建议立即采集发病猪的血液、粪便或组织样品送实验室进行病原学检测，以确诊病因。同时加强饲养管理，减少应激，保持圈舍清洁干燥，适当补充维生素和电解质以增强抵抗力。严禁将疑似病猪与健康猪混群，防止交叉感染。若确诊为重大动物疫病，须按当地畜牧兽医部门要求进行隔离、扑杀和无害化处理，不得擅自出售或运输。,因涉及潜在重大动物疫病，出栏前须经官方检疫合格后方可销售，无自行确定休药期的依据。,"{""disease_name"": ""非典型猪瘟病毒感染"", ""severity"": ""中等至严重"", ""scene_tags"": [""育肥猪"", ""病毒性感染"", ""临近出栏""], ""validation_points"": [""症状符合病毒性感染特征"", ""抗生素治疗无效提示非细菌性病因"", ""需要实验室检测确诊""], ""risk_flags"": [""可能为人畜共患病或重大动物疫病，需按规定上报和处置"", ""禁止擅自销售未经检疫合格的生猪""], ""case_type"": ""上市休药期咨询"", ""target_disease"": ""非典型猪瘟病毒感染"", ""local_flags"": {""species_ok"": true, ""target_disease_in_diagnosis"": true, ""target_disease_mismatch"": false, ""contains_specific_dose"": false, ""contains_specific_withdrawal"": false, ""regulated_bad_treatment"": false}}",False,False,,,True,False,False,D:\XF-ChongQin\ai-\knowledge\llm_wiki_swine_authoritative,1465,887,"非典型猪瘟病毒感染
非典型猪瘟病毒感染、atypical porcine pestivirus pestivirus infections
上市休药期咨询
用户接近出栏，关心治疗方向和用药后能否出栏销售。","{""HUMAN_REVIEWED"": 2, ""NE"": 1, ""NEEDS_REVIEW"": 2}","[""SRC-0001"", ""SRC-0031""]",2221,30.19,ERNIE-4.5-Turbo-32K,78,25,18,20,15,False,False,"整体回答较为全面，诊断方向基本正确，考虑了病毒性感染的可能性，并建议实验室检测确诊。处理方向安全，强调了隔离和上报要求。但存在诊断准确性细节不足、病理逻辑不够深入、数据质量描述不够详细等问题。
问题：诊断准确性方面，虽然考虑了病毒性感染，但未充分结合非典型猪瘟病毒感染的特异性症状进行详细分析。；病理逻辑方面，对疾病的发生发展过程解释不够深入，缺乏对疾病传播途径和预防措施的详细阐述。；数据质量方面，对用户描述的症状和场景利用不够充分，未对症状进行更细致的分类和评估。；未明确提及非典型猪瘟病毒感染的具体诊断标准或实验室检测方法。；休药期说明虽然强调了官方检疫的重要性，但未提供具体的检疫流程或时间框架。",,,,,,,,,,False,,,,,78,25,18,20,15,review,22.8,,
d25df8b5-3652-535e-9003-359bd6768b91,261,猪轮状病毒病,swine_hunyuan_turbos,hunyuan-turbos-20250926,成功,,猪,我家有200头母猪，现在刚断奶的保育猪大概30斤左右，一栏20头，最近两天陆续有猪拉黄色水样便，有的还带点酸臭味，精神差、吃料慢，体温正常，圈舍湿度大、通风一般，之前用过恩诺沙星拌料三天没明显好转，想问下这是啥原因，该怎么处理？,根据描述，30斤左右的保育猪在潮湿通风不良环境下出现黄色水样腹泻、精神沉郁、采食下降，结合年龄及环境因素，高度怀疑为猪轮状病毒感染。该病常见于新生至保育阶段，表现为急性水样腹泻，常伴轻度脱水，体温多正常或略低，且抗生素治疗无效。需与大肠杆菌病、传染性胃肠炎、流行性腹泻等鉴别。,立即改善圈舍保温与通风，适当提高环境温度以减少冷应激；保证饮水充足并补充电解质防止脱水；停喂霉变饲料，减少高蛋白精料比例，增加易消化的粥状饲料；对严重脱水个体可口服补液盐；不建议盲目使用抗生素，因本病为病毒性，抗生素仅用于控制继发细菌感染；采集新鲜粪便送实验室进行病毒学检测以明确病原；若病情快速扩散或死亡增多，应报告当地畜牧兽医部门并按重大疫病防控流程处置。,无特定休药期，因本病为病毒性，不支持用药物替代隔离与检测措施。,"{""disease_name"": ""猪轮状病毒病"", ""severity"": ""中等"", ""scene_tags"": [""保育猪"", ""腹泻"", ""环境潮湿"", ""采食下降""], ""validation_points"": [""符合轮状病毒易感日龄与临床症状"", ""排除细菌性腹泻（抗生素无效）"", ""环境管理建议符合患病猪温湿调节原则""], ""risk_flags"": [""需实验室确诊以防误诊为其他病毒性腹泻"", ""如疫情扩大需启动重大疫病防控程序""], ""case_type"": ""腹泻群体发病"", ""target_disease"": ""猪轮状病毒病"", ""local_flags"": {""species_ok"": true, ""target_disease_in_diagnosis"": false, ""target_disease_mismatch"": true, ""contains_specific_dose"": false, ""contains_specific_withdrawal"": false, ""regulated_bad_treatment"": false}}",True,True,target_disease_in_diagnosis,target_disease_in_diagnosis,False,True,True,D:\XF-ChongQin\ai-\knowledge\llm_wiki_swine_authoritative,1465,887,"猪轮状病毒病
猪轮状病毒病、rotaviruses and reoviruses
腹泻群体发病
同窝或同栏出现水样腹泻、脱水、采食下降，用户想知道主要病因和紧急处理。","{""HUMAN_REVIEWED"": 2, ""NEEDS_REVIEW"": 2}","[""SRC-0001"", ""SRC-0006"", ""SRC-0052""]",2221,24.48,ERNIE-4.5-Turbo-32K,88,28,18,23,20,False,False,"整体回答质量较高，诊断准确，处理方向安全，数据质量较好，无明显致命风险。
问题：diagnosis_accuracy: 诊断部分对鉴别诊断的描述稍显简略，未详细说明其他可能疾病的特征。；pathology_logic: 病理逻辑部分对环境因素与疾病关系的阐述不够深入。；data_quality: 数据质量部分，场景标签和验证点可以更详细，以增强回答的可信度。",,,,,,,,,,False,,,,,88,28,18,23,20,reject,16.69,,
9735729f-4989-59d7-993b-6d1ebfbe0a2a,262,猪反转录病毒相关感染,swine_hunyuan_turbos,hunyuan-turbos-20250926,成功,,猪,我家有200头育肥猪，平均体重在80公斤左右，最近一周内陆续出现精神沉郁、食欲下降、体温升高到40℃以上，部分猪皮肤发红，个别有咳嗽。之前用过阿莫西林拌料三天，效果不明显。现在有两栋圈同时出现类似情况，想问问能不能先当普通病治着看？,根据描述，短时间内多栋圈同时出现发热、精神差、食欲下降及呼吸道症状，提示可能存在病毒性传染病流行。虽然目前资料不足以直接确诊猪反转录病毒感染，但该病的临床特征包括高热、精神沉郁、生长迟缓等，且传播迅速，需警惕。由于该病在中国尚无明确监管处置指引，但仍属潜在重大疫病范畴，不建议仅作普通病处理。,立即暂停场内人员、车辆随意流动，对发病猪进行分群管理并加强消毒；采集病猪血液、鼻拭子或组织样本送有资质的实验室检测，排查猪反转录病毒及其他常见病毒（如PRRSV、PCV2等）；在未排除重大疫病前，禁止出售、转运活猪及产品；若确诊为一般细菌性疾病，可在兽医指导下使用对症抗生素支持治疗，并监测疗效；严禁自行使用未经批准的抗病毒药物。,因病因未明，暂无法确定停药期，所有出栏须依据检测结果及当地畜牧部门意见执行。,"{""disease_name"": ""猪反转录病毒相关感染"", ""severity"": ""中等至严重（视传播范围与死亡率）"", ""scene_tags"": [""多栋圈同期发病"", ""高热"", ""呼吸道症状"", ""群体性""], ""validation_points"": [""症状符合病毒性感染特征"", ""传播速度快于普通细菌感染"", ""抗生素治疗无效提示非单纯细菌性""], ""risk_flags"": [""疑似重大动物疫病"", ""存在跨区域传播风险"", ""需及时采样送检""], ""case_type"": ""暴发与处置边界"", ""target_disease"": ""猪反转录病毒相关感染"", ""local_flags"": {""species_ok"": true, ""target_disease_in_diagnosis"": false, ""target_disease_mismatch"": true, ""contains_specific_dose"": false, ""contains_specific_withdrawal"": false, ""regulated_bad_treatment"": false}}",True,True,target_disease_in_diagnosis,target_disease_in_diagnosis,False,True,True,D:\XF-ChongQin\ai-\knowledge\llm_wiki_swine_authoritative,1465,887,"猪反转录病毒相关感染
猪反转录病毒相关感染、retroviruses
暴发与处置边界
同栏或多栋猪舍短期内发病增多，用户询问是否能先按普通病治疗观察。","{""NEEDS_REVIEW"": 5}","[""SRC-0001""]",2034,26.91,ERNIE-4.5-Turbo-32K,78,25,18,20,15,False,False,"该回答在诊断准确性、病理逻辑、处方安全性和数据质量方面表现较好，但存在一些不足，需进一步优化以提高整体评分。
问题：诊断准确性方面，虽然识别出病毒性传染病流行的可能性，但未充分结合猪反转录病毒相关感染的特异性症状进行深入分析。；病理逻辑方面，对猪反转录病毒相关感染的传播特点和病理机制的解释不够详细，缺乏深入的分析。；处方安全性方面，提出的措施较为全面，但缺乏具体的操作细节和优先级排序。；数据质量方面，回答中的信息较为全面，但部分内容（如症状描述、处置建议）的详细程度和准确性有待提升。",,,,,,,,,,False,,,,,78,25,18,20,15,reject,19.07,,
c925e591-874e-5b69-90d2-2cfb07aaa03b,265,猪甲病毒相关感染,swine_hunyuan_turbos,hunyuan-turbos-20250926,成功,,猪,我家有120头60日龄左右的保育猪，这几天陆续出现采食量下降、精神沉郁的情况，部分猪体温偏高，还有几头咳嗽、流鼻涕，粪便偏稀。圈舍通风一般，最近天气忽冷忽热。之前用过一些抗生素控制腹泻，效果不明显。想问问这是啥原因，该怎么处理？,根据描述的症状（采食下降、发热、呼吸道表现、腹泻）及保育猪阶段特点，结合当前季节温差大、通风不良等环境因素，考虑可能存在病毒感染，如猪甲病毒相关感染或其他呼吸道综合征。需通过实验室检测明确病原，排除其他常见病毒（如PRRSV、PCV2）及细菌继发感染。,建议立即采取以下措施：1. 加强圈舍保温与通风管理，减少温差应激；2. 对病猪进行分群隔离，防止交叉感染；3. 采集血液、鼻拭子或肺组织样本送实验室检测，明确病原；4. 在检测结果出来前，可对症支持治疗，改善饲养管理，避免盲目使用抗生素；5. 若确诊为人畜共患病或重大动物疫病，须按当地畜牧部门要求进行封锁、扑杀或无害化处理，不得擅自销售或转移。,因未确定具体病原，无法给出确切休药期。在检测结果明确前，禁止屠宰上市，所有用药应严格遵循兽医指导并遵守国家兽药管理规定。,"{""disease_name"": ""猪甲病毒相关感染"", ""severity"": ""中等至严重"", ""scene_tags"": [""保育猪"", ""群体发病"", ""呼吸道症状"", ""腹泻"", ""环境应激""], ""validation_points"": [""症状符合病毒性感染特征"", ""保育猪阶段易发呼吸道疾病综合征"", ""环境应激是重要诱因""], ""risk_flags"": [""需实验室确诊"", ""存在潜在重大疫病风险"", ""禁止擅自用药或出售""], ""case_type"": ""保育猪群体发病"", ""target_disease"": ""猪甲病毒相关感染"", ""local_flags"": {""species_ok"": true, ""target_disease_in_diagnosis"": true, ""target_disease_mismatch"": false, ""contains_specific_dose"": false, ""contains_specific_withdrawal"": false, ""regulated_bad_treatment"": false}}",False,False,,,True,False,False,D:\XF-ChongQin\ai-\knowledge\llm_wiki_swine_authoritative,1465,887,"猪甲病毒相关感染
猪甲病毒相关感染、togaviruses getah sagiyama ross river eee
保育猪群体发病
群体发病、采食下降、粪便或呼吸道异常，用户想知道主要病因和下一步处理。","{""NEEDS_REVIEW"": 5}","[""SRC-0001""]",2057,27.12,ERNIE-4.5-Turbo-32K,75,24,16,19,16,False,False,"该回答在诊断准确性、病理逻辑、处方安全性和数据质量方面表现中等。诊断考虑了病毒感染的可能性，但未明确指向猪甲病毒相关感染，且未完全排除其他常见病毒和细菌继发感染。处方建议合理，但缺乏针对猪甲病毒相关感染的具体治疗措施。数据质量方面，症状描述和环境因素考虑较全面，但缺乏实验室检测结果的支撑。
问题：诊断未明确指向猪甲病毒相关感染，且未完全排除其他常见病毒和细菌继发感染。；处方建议缺乏针对猪甲病毒相关感染的具体治疗措施，如抗病毒药物或免疫增强剂。；数据质量方面，虽然症状描述和环境因素考虑较全面，但缺乏实验室检测结果的支撑，导致诊断准确性受限。",,,,,,,,,,False,,,,,75,24,16,19,16,review,17.99,,
5526d1a9-5afb-5995-9494-78dade2b4215,267,猪萎缩性鼻炎,swine_hunyuan_turbos,hunyuan-turbos-20250926,成功,,猪,我家有200头60日龄左右的保育猪，最近几天舍内通风不太好，氨味挺重的，白天晚上温差也大，有几头开始咳嗽、喘气，精神还行，采食量没明显下降。这种情况是单纯的环境应激还是可能有传染性的呼吸道疾病？需要怎么处理？,根据描述，保育猪在通风不良、氨气浓度高及昼夜温差大的环境下出现咳嗽、喘气，提示可能存在呼吸道刺激反应。若伴随持续性咳嗽、部分猪鼻腔分泌物增多或鼻甲骨变形，应考虑非进行性萎缩性鼻炎（Bordetella bronchiseptica感染）的可能性。目前缺乏产毒P. multocida的证据，暂不支持进行性萎缩性鼻炎的诊断。,treatment_direction: 改善饲养环境，降低氨气浓度，加强通风换气，减少温差应激；对出现明显呼吸道症状的个体进行隔离观察，必要时采集鼻拭子或肺组织送实验室检测病原。；management_measures: 调整饲喂密度，增加饮水清洁度，保持圈舍干燥；可在兽医指导下使用广谱抗生素控制继发细菌感染，并监测疗效。；sampling_and_testing: 采集疑似病例的鼻拭子、肺组织或扁桃体样本，送实验室检测B. bronchiseptica及P. multocida（包括产毒株），必要时做病理学检查。；contraindications_and_boundaries: 在未排除法定重大疫病前，不得自行大规模投药或随意更换饲料配方；发现病死猪应立即无害化处理，防止交叉污染。,因未涉及具体药物使用，暂无明确休药期说明；如后续使用抗生素，应遵守所用药品标签规定并在出栏前确保停药期达标。,"{""disease_name"": ""猪萎缩性鼻炎（非进行性型）"", ""severity"": ""中等"", ""scene_tags"": [""保育猪"", ""呼吸道综合征"", ""环境应激"", ""细菌性感染""], ""validation_points"": [""症状与环境变化高度相关"", ""无产毒P. multocida证据，不支持进行性萎缩性鼻炎"", ""建议通过病原检测和病理检查进一步确认""], ""risk_flags"": [""需排除其他呼吸道病原体混合感染"", ""环境管理不当可能加重病情""], ""case_type"": ""呼吸道环境诱因"", ""target_disease"": ""猪萎缩性鼻炎"", ""local_flags"": {""species_ok"": true, ""target_disease_in_diagnosis"": false, ""target_disease_mismatch"": true, ""contains_specific_dose"": false, ""contains_specific_withdrawal"": false, ""regulated_bad_treatment"": false}}",True,True,target_disease_in_diagnosis,target_disease_in_diagnosis,False,True,True,D:\XF-ChongQin\ai-\knowledge\llm_wiki_swine_authoritative,1465,887,"猪萎缩性鼻炎
猪萎缩性鼻炎、bordetella bronchiseptica nonprogressive atrophic rhinitis
呼吸道环境诱因
通风差、氨气重或温差大后出现咳嗽喘气，用户想区分环境应激和传染病。","{""HUMAN_REVIEWED"": 2, ""NEEDS_REVIEW"": 2}","[""SRC-0001"", ""SRC-0059"", ""SRC-0070""]",2221,27.44,ERNIE-4.5-Turbo-32K,88,28,18,24,18,False,False,"该回答整体质量较高，诊断准确性、处方安全性和数据质量均表现良好，病理逻辑部分略有不足但不影响整体判断。未发现致命风险，符合通过标准。
问题：诊断准确性方面，虽然对非进行性萎缩性鼻炎的考虑合理，但缺乏对其他可能呼吸道疾病的全面鉴别诊断，如猪支原体肺炎、猪流感等。；病理逻辑部分，对症状与环境因素关系的分析较为表面，未深入探讨环境因素如何具体影响疾病发生和发展。；数据质量方面，虽然提供了症状与环境变化的关联性分析，但缺乏具体的数据支持，如氨气浓度的具体数值、温差的具体范围等。；处方安全性方面，虽然提到了使用广谱抗生素控制继发细菌感染，但未明确抗生素的选择原则和使用注意事项。",,,,,,,,,,False,,,,,88,28,18,24,18,reject,18.15,,
ff8281d8-848c-5a4e-b365-eb073338acf8,268,仔猪梭菌性肠炎,swine_hunyuan_turbos,hunyuan-turbos-20250926,成功,,猪,我家有200头120公斤左右的育肥猪，还有半个月就要出栏了，这几天陆续有几头开始拉稀，粪便带点血丝，精神还行，采食量稍微下降，圈舍温度正常，之前没用过什么抗生素。这种情况还能继续养吗？要不要隔离？用药之后能不能卖？,根据描述，临近出栏育肥猪出现带血丝腹泻，结合日龄和症状，应考虑仔猪梭菌性肠炎（Clostridial enteritis），可能由产气荚膜梭菌（C. perfringens type C）或其他致病性梭菌引起。该病在应激、饲料变化或管理不当情况下易发，可导致急性出血性肠炎。,建议立即将发病猪与健康猪分栏隔离，减少交叉感染风险；加强圈舍清洁与通风，保持干燥卫生；采集新鲜粪便样本送实验室进行病原及毒素检测，明确病原类型；在未确诊前避免使用广谱抗生素以防掩盖病情或影响检测结果；若确诊为梭菌性肠炎，可根据兽医指导选择针对性抗菌方案并配合支持疗法；严禁未经检测合格即出售，防止疫病扩散。,因涉及临近出栏且存在用药需求，应依据检测结果和所用药物确定安全停药期，确保符合食品安全标准后方可出栏；在此期间禁止对外销售。,"{""disease_name"": ""仔猪梭菌性肠炎"", ""severity"": ""中等至严重"", ""scene_tags"": [""育肥猪"", ""临近出栏"", ""腹泻"", ""带血便""], ""validation_points"": [""症状与梭菌性肠炎相符"", ""强调隔离与采样送检"", ""提示用药与出栏间隔""], ""risk_flags"": [""潜在重大疫病传播风险"", ""临近出栏需严格检疫""], ""case_type"": ""腹泻出栏边界"", ""target_disease"": ""仔猪梭菌性肠炎"", ""local_flags"": {""species_ok"": true, ""target_disease_in_diagnosis"": true, ""target_disease_mismatch"": false, ""contains_specific_dose"": false, ""contains_specific_withdrawal"": false, ""regulated_bad_treatment"": false}}",False,False,,,True,False,False,D:\XF-ChongQin\ai-\knowledge\llm_wiki_swine_authoritative,1465,887,"仔猪梭菌性肠炎
仔猪梭菌性肠炎、clostridial diseases
腹泻出栏边界
临近出栏猪群出现腹泻，用户关心处理方向、隔离和用药后能否销售。","{""HUMAN_REVIEWED"": 2, ""NEEDS_REVIEW"": 2}","[""SRC-0001"", ""SRC-0062"", ""SRC-0072""]",2221,26.96,ERNIE-4.5-Turbo-32K,78,27,18,20,13,False,False,"该回答在诊断准确性、病理逻辑、处方安全性和数据质量方面表现较好，但存在一些不足，需进一步优化。
问题：诊断准确性方面，虽然症状与梭菌性肠炎相符，但未完全排除其他类似疾病的可能性，如猪痢疾等。；病理逻辑方面，对梭菌性肠炎的发病机制和病理变化的解释不够深入，缺乏对疾病严重性的充分评估。；处方安全性方面，虽然强调了隔离和采样送检的重要性，但未提供具体的抗菌药物选择和支持疗法方案，可能影响实际操作的指导性。；数据质量方面，回答中的信息较为全面，但部分内容如“严禁未经检测合格即出售”等表述略显笼统，缺乏具体操作细节。",,,,,,,,,,False,,,,,78,27,18,20,13,review,19.69,,
a66883b5-bb6b-5bef-b838-be3dcd7af8cd,270,副猪嗜血杆菌病,swine_hunyuan_turbos,hunyuan-turbos-20250926,成功,,猪,我家有200头90公斤左右的育肥猪，这几天有几头开始精神沉郁、不愿走动、呼吸急促，有的还出现关节肿胀、体温升高到40℃左右，已经死了两头。之前用过阿莫西林拌料三天，效果不明显。现在离计划出栏只剩十来天了，想问问还能治吗？用药后能不能赶得上卖？,根据描述的症状（高热、沉郁、呼吸急促、关节肿胀、部分死亡），结合育肥猪群发病情况，高度怀疑为副猪嗜血杆菌感染引起的多发性浆膜炎及关节炎综合征。该病常继发于应激、混群或病毒感染后，可导致急性死亡和多器官炎症。,treatment_direction: 建议立即隔离病猪，加强圈舍通风降温，减少应激；对全群进行敏感抗生素干预（如氟苯尼考类或头孢类注射剂），配合支持疗法改善食欲和体能。；management_measures: 清理饮水槽和饲料槽，保持干燥清洁；减少密度，分栏饲养；观察记录体温、采食量和活动情况，及时淘汰严重病例。；sampling_and_testing: 采集病死猪的关节液、心包液或肺组织送实验室做细菌分离鉴定，必要时做PCR检测以确诊并排除其他混合感染。；prohibited_boundaries: 严禁在临近出栏前随意使用未经批准的抗生素或超量用药；若检出重大动物疫病（如非洲猪瘟等），须按当地动物防疫部门指令执行扑杀、无害化处理或封锁措施，不得擅自出售。,任何药物治疗均需在出栏前满足相应药物的法定休药期要求，具体时间应依据所用药品说明书及国家兽药管理部门规定执行，切勿提前出栏。,"{""disease_name"": ""副猪嗜血杆菌病"", ""severity"": ""高"", ""scene_tags"": [""育肥猪"", ""高热"", ""关节肿胀"", ""多系统病变"", ""临近出栏""], ""validation_points"": [""症状符合副猪嗜血杆菌病的典型表现（高热、沉郁、呼吸急促、关节肿胀、猝死）"", ""多发于育肥阶段，易继发于应激或病毒性疾病之后"", ""需通过实验室检测确诊并排除其他细菌或病毒混合感染""], ""risk_flags"": [""临近出栏期用药风险"", ""可能延误最佳治疗时机"", ""潜在重大动物疫病排查需求""], ""case_type"": ""上市休药期咨询"", ""target_disease"": ""副猪嗜血杆菌病"", ""local_flags"": {""species_ok"": true, ""target_disease_in_diagnosis"": false, ""target_disease_mismatch"": true, ""contains_specific_dose"": false, ""contains_specific_withdrawal"": false, ""regulated_bad_treatment"": false}}",True,True,target_disease_in_diagnosis,target_disease_in_diagnosis,False,True,True,D:\XF-ChongQin\ai-\knowledge\llm_wiki_swine_authoritative,1465,887,"副猪嗜血杆菌病
副猪嗜血杆菌病、gl sser s disease
上市休药期咨询
用户接近出栏，关心治疗方向和用药后能否出栏销售。","{""HUMAN_REVIEWED"": 1, ""NEEDS_REVIEW"": 2}","[""A0-MOA-573"", ""A0-MOA-ASF-NORMALIZED-GUIDE"", ""A1-WOAH-ASF"", ""SRC-0001"", ""SRC-0023"", ""SRC-0066""]",2221,27.92,ERNIE-4.5-Turbo-32K,82,28,18,23,13,False,False,"整体回答质量较高，诊断准确性、病理逻辑、处方安全性和数据质量均表现良好，无明显致命风险，符合通过标准。
问题：诊断准确性方面，症状描述与副猪嗜血杆菌病高度匹配，但未完全排除其他混合感染的可能性，诊断依据可进一步丰富。；病理逻辑方面，对疾病发生背景（如应激、混群或病毒感染后）的提及较为笼统，未深入分析具体诱因。；处方安全性方面，虽提及了敏感抗生素的选择和支持疗法，但未明确具体药物剂量和疗程，可能影响实际操作的规范性。；数据质量方面，场景标签和验证点较为全面，但风险标志中提到的'潜在重大动物疫病排查需求'未在后续处理中得到充分体现。",,,,,,,,,,False,,,,,82,28,18,23,13,reject,18.36,,
c9af8c42-ceb8-572d-881f-2602af8df456,272,猪多杀性巴氏杆菌病,swine_hunyuan_turbos,hunyuan-turbos-20250926,成功,,猪,我这边是河南一个养猪场，现在育肥舍有120头70日龄左右的猪，最近一周陆续出现咳嗽、喘气、精神稍差的情况，部分猪体温偏高到40℃左右，用过替米考星拌料三天，症状有所缓解但不稳定，还有零星死亡。想请教一下这种情况应该采哪些样品送检测？怎么判断是不是单纯的巴氏杆菌还是有其他病原混合感染？,根据描述，该批育肥猪出现持续性呼吸道症状，伴发热及零星死亡，提示可能存在细菌性呼吸道感染，其中多杀性巴氏杆菌（Pasteurella multocida）是常见致病菌之一。但肺炎型巴氏杆菌常为其他呼吸道病原（如PRRSV、PCV2、支原体等）引起的继发感染，因此需结合实验室检测明确是否混合感染。,treatment_direction: 针对可能的细菌感染进行广谱抗菌支持，同时改善饲养环境以减少应激；；management_measures: 加强通风、降低密度、保持适宜温湿度，减少氨气浓度；及时清理粪污；；sampling_for_testing: 建议采集病死猪肺组织、气管分泌物、鼻拭子以及血液样本，送实验室进行细菌分离培养、PCR检测（包括巴氏杆菌及其他常见呼吸道病毒/支原体），必要时做病理切片检查；；prohibited_boundaries: 在未排除重大传染病（如非洲猪瘟、口蹄疫等）前，禁止随意出售、调运生猪，并应按规定向当地动物防疫部门报告可疑疫情。,因未使用具体药物，无明确休药期说明；若后续使用抗生素，应依据所用药品说明书及国家规定执行相应休药期。,"{""disease_name"": ""猪多杀性巴氏杆菌病"", ""severity"": ""中等至严重（视混合感染情况而定）"", ""scene_tags"": [""育肥猪"", ""呼吸道症状"", ""发热"", ""零星死亡"", ""用药反应不佳""], ""validation_points"": [""肺炎型巴氏杆菌常继发于其他呼吸道疾病"", ""需通过实验室检测区分单一或多重感染"", ""管理改善有助于减轻病情""], ""risk_flags"": [""潜在混合感染"", ""可能继发重大传染病"", ""需按法规报告""], ""case_type"": ""呼吸道采样送检"", ""target_disease"": ""猪多杀性巴氏杆菌病"", ""local_flags"": {""species_ok"": true, ""target_disease_in_diagnosis"": false, ""target_disease_mismatch"": true, ""contains_specific_dose"": false, ""contains_specific_withdrawal"": false, ""regulated_bad_treatment"": false}}",True,True,target_disease_in_diagnosis,target_disease_in_diagnosis,False,True,True,D:\XF-ChongQin\ai-\knowledge\llm_wiki_swine_authoritative,1465,887,"猪多杀性巴氏杆菌病
猪多杀性巴氏杆菌病、pasteurellosis
呼吸道采样送检
呼吸道症状持续，用药效果不稳定，用户询问采什么样品和如何鉴别混合感染。","{""HUMAN_REVIEWED"": 2, ""NEEDS_REVIEW"": 2}","[""SRC-0001"", ""SRC-0070""]",2221,31.96,ERNIE-4.5-Turbo-32K,88,28,18,24,18,False,False,"该回答整体上对猪多杀性巴氏杆菌病的诊断、采样建议、治疗方向和管理措施进行了较为全面和准确的描述，符合测试数据有效性的要求。诊断准确性较高，考虑到了可能的混合感染情况；病理逻辑合理，指出了巴氏杆菌常为继发感染；处方安全，建议了广谱抗菌和支持性管理措施；数据质量良好，提供了详细的采样和检测建议。
问题：诊断准确性方面，虽然考虑到了混合感染，但对具体鉴别诊断方法的描述可以更详细一些。病理逻辑上，对于巴氏杆菌与其他病原的相互作用机制可以进一步阐述。处方安全方面，虽然提出了广谱抗菌，但未具体说明可能使用的抗生素种类，略显不足。数据质量上，对于采样和检测流程的描述可以更加具体和详细。",,,,,,,,,,False,,,,,88,28,18,24,18,reject,23.0,,
119f62b9-1f16-564a-a3c1-d1882299b69d,274,猪葡萄球菌病,swine_hunyuan_turbos,hunyuan-turbos-20250926,成功,,猪,我家是育肥场，存栏大概1200头，平均体重80公斤左右。最近一周有两栋圈舍的猪陆续出现皮肤发红、局部结痂、有渗液的情况，部分猪精神稍差但不发烧，采食量下降。之前用过阿莫西林饮水，效果不明显。想问能不能先当普通细菌感染处理看看？,根据描述，皮肤局部渗出、结痂且伴有采食下降，结合猪葡萄球菌病（Staphylococcosis）的典型表现，考虑该病可能性较大。该病由金黄色葡萄球菌属（如S. hyicus）引起，常见于皮肤损伤后继发感染，可表现为渗出性表皮炎。需排除其他细菌性皮肤病及环境因素引起的类似病变。,treatment_direction: 针对可能的猪葡萄球菌病，可采取抗菌治疗配合环境管理。优先选择对革兰氏阳性菌有效的抗生素，并结合药敏试验调整方案。；management_measures: 加强圈舍通风干燥，减少潮湿和摩擦刺激；及时清理渗出物，防止病原扩散；隔离有明显皮肤病灶的个体，避免与健康猪混养。；sampling_and_testing: 采集病变皮肤和渗出液样本送实验室进行细菌分离培养和鉴定，必要时做药敏试验，以明确病原种类和指导用药。；prohibited_boundaries: 在未确诊前，不得擅自使用未经许可的药物或超范围用药；若怀疑为重大动物疫病或涉及公共卫生风险，应按规定上报主管部门，不得自行处置。,具体休药期需依据所用药物说明书及国家相关规定执行，未确定药物前不可出栏销售。,"{""disease_name"": ""猪葡萄球菌病"", ""severity"": ""中等偏上"", ""scene_tags"": [""育肥猪"", ""多栏舍"", ""皮肤病变"", ""采食下降""], ""validation_points"": [""皮肤渗出性病变符合葡萄球菌感染特征"", ""抗生素治疗无效提示可能耐药或非敏感菌"", ""存在传播风险需隔离与环境控制""], ""risk_flags"": [""潜在传染性"", ""可能影响出栏计划"", ""需实验室确诊""], ""case_type"": ""暴发与处置边界"", ""target_disease"": ""猪葡萄球菌病"", ""local_flags"": {""species_ok"": true, ""target_disease_in_diagnosis"": true, ""target_disease_mismatch"": false, ""contains_specific_dose"": false, ""contains_specific_withdrawal"": false, ""regulated_bad_treatment"": false}}",False,False,,,True,False,False,D:\XF-ChongQin\ai-\knowledge\llm_wiki_swine_authoritative,1465,887,"猪葡萄球菌病
猪葡萄球菌病、staphylococcosis exudative epidermitis
暴发与处置边界
同栏或多栋猪舍短期内发病增多，用户询问是否能先按普通病治疗观察。","{""HUMAN_REVIEWED"": 3, ""NEEDS_REVIEW"": 2}","[""SRC-0001"", ""SRC-0026"", ""SRC-0037"", ""SRC-0070"", ""SRC-0074""]",2140,30.67,ERNIE-4.5-Turbo-32K,78,25,18,20,15,False,False,"该回答对猪葡萄球菌病的诊断较为准确，症状描述与疾病特征相符，但在病理逻辑、处方安全性和数据质量方面存在一定不足。整体回答未出现致命风险，但需进一步优化以提高质量。
问题：病理逻辑方面，未充分排除其他类似疾病的可能性，如其他细菌性皮肤病或环境因素引起的病变，缺乏详细的鉴别诊断过程。；处方安全性方面，虽然提出了抗菌治疗和环境管理的建议，但未明确具体药物名称和剂量，仅提到结合药敏试验调整方案，缺乏实际操作性。；数据质量方面，回答中的信息较为全面，但在症状描述和疾病特征的对应上，可以进一步细化以提高准确性。此外，未明确提及人兽共患风险或重大疫病的可能性，尽管当前场景下风险较低，但仍需注意。",,,,,,,,,,False,,,,,78,25,18,20,15,review,21.51,,
109281dc-6fae-5918-aef5-c5cd4c50d2e1,275,猪结核病,swine_hunyuan_turbos,hunyuan-turbos-20250926,成功,,猪,我家有200多头育肥猪，平均体重80公斤左右，最近有几头精神沉郁、食欲下降，体温正常，没有明显咳嗽或呼吸困难，也没有腹泻。之前用过替米考星拌料一周，效果不明显。想请教这种情况是不是猪结核？如果要送样检查，应该取哪些部位的组织？怎么保存和运输才能确保检测结果准确？另外担心误诊耽误病情，想知道确诊前能不能用别的抗生素试试？,根据描述，目前缺乏特异性症状，且替米考星无效，不排除猪结核的可能。猪结核多为亚临床感染，偶见消瘦、精神差等轻微表现，需通过实验室检测确认。建议采集可疑猪的淋巴结、肺脏及脾脏组织进行病原学或分子生物学检测，并结合病理学检查综合判断。,treatment_direction: 在确诊前不建议随意更换抗生素治疗，以免掩盖病情或干扰后续诊断。应优先送检明确病原。；management_measures: 对出现症状的个体进行隔离观察，减少与其他猪接触，防止潜在传播。加强圈舍通风与卫生管理，定期清理粪便，降低环境病原负荷。；sampling_and_testing: 选择精神状态较差的个体，无菌采集颈部淋巴结、肺门淋巴结、肺脏病灶及脾脏组织，放入无菌容器冷藏运输至具备资质的实验室。可同时进行PCR检测和抗酸染色显微镜检查以提高检出率。；prohibited_actions: 禁止在未确诊情况下大规模使用广谱抗生素作为替代治疗，以防延误诊断、增加耐药性风险。,无具体休药期信息，需待确诊后依据病原类型及治疗方案确定。,"{""disease_name"": ""猪结核病"", ""severity"": ""中等偏重（慢性、可能人兽共患）"", ""scene_tags"": [""育肥猪"", ""亚临床感染"", ""采样送检"", ""疑似人兽共患""], ""validation_points"": [""猪结核常无明显呼吸道症状，表现为消瘦、精神沉郁等非特异表现"", ""实验室检测是确诊关键，需采集淋巴结、肺脏、脾脏等组织"", ""未确诊前不应盲目更换抗生素""], ""risk_flags"": [""人兽共患风险"", ""慢性传播风险"", ""误诊风险""], ""case_type"": ""采样送检咨询"", ""target_disease"": ""猪结核病"", ""local_flags"": {""species_ok"": true, ""target_disease_in_diagnosis"": false, ""target_disease_mismatch"": true, ""contains_specific_dose"": false, ""contains_specific_withdrawal"": false, ""regulated_bad_treatment"": false}}",True,True,target_disease_in_diagnosis,target_disease_in_diagnosis,False,True,True,D:\XF-ChongQin\ai-\knowledge\llm_wiki_swine_authoritative,1465,887,"猪结核病
猪结核病、tuberculosis
采样送检咨询
用户描述症状后，重点询问采什么样品、如何判断和如何避免误治。","{""HUMAN_REVIEWED"": 3, ""NEEDS_REVIEW"": 2}","[""SRC-0001"", ""SRC-0012"", ""SRC-0078""]",2032,31.46,ERNIE-4.5-Turbo-32K,82,27,18,22,15,False,False,"该回答整体表现良好，诊断准确性较高，对猪结核病的非特异性症状有清晰认识，并正确强调了实验室检测的重要性。病理逻辑合理，考虑到了猪结核病的慢性、亚临床感染特点。处方安全方面，明确建议在确诊前不随意更换抗生素，并提出了有效的管理措施。数据质量方面，虽然基本覆盖了关键信息，但在症状描述与疾病关联的深度上略有不足。
问题：诊断准确性方面，虽然考虑到了猪结核病的可能性，但对症状与疾病的关联性分析可以更深入，例如进一步解释为何替米考星无效可能提示猪结核病。；病理逻辑方面，对猪结核病的病理过程描述较为简略，可以增加更多关于疾病发展机制的信息。；处方安全方面，虽然提出了禁止在未确诊情况下大规模使用广谱抗生素的建议，但可以进一步说明这样做可能带来的具体风险。；数据质量方面，回答中虽然包含了关键信息，但在症状描述的全面性和准确性上还有提升空间，例如可以增加更多关于猪结核病典型症状的描述。",,,,,,,,,,False,,,,,82,27,18,22,15,reject,22.46,,
58d474b0-ada2-5e69-9a58-38988001f819,276,猪杂项细菌感染,swine_hunyuan_turbos,hunyuan-turbos-20250926,成功,,猪,我家有200头90公斤左右的育肥猪，这几天有几头出现精神沉郁、食欲下降、体温升高到40℃左右，部分猪咳嗽、呼吸加快，粪便偏稀，已经持续了三四天。之前用过阿莫西林饮水，效果不明显。现在离计划出栏还有20天左右，想问问这种情况还能治吗？用什么方向比较好？会不会影响卖猪？,根据描述，该批育肥猪可能感染了杂项细菌性呼吸道疾病综合征，常见病原包括多杀性巴氏杆菌、支原体、放线杆菌等混合感染。当前表现符合急性至亚急性呼吸道型细菌感染特征，且对常规抗生素反应不佳，提示可能存在耐药或继发因素。,treatment_direction: 建议采集典型病例血液、鼻腔拭子及肺组织样本送实验室进行病原分离鉴定，明确主要致病菌种及药敏结果后再针对性选用敏感抗生素。可先尝试联合用药方案（如氟苯尼考+强力霉素）控制混合感染，同时配合改善通风、降低饲养密度、减少应激等措施。；management_measures: 加强圈舍通风换气，保持干燥清洁；分群管理，将明显病态猪与健康猪隔离；保证充足饮水和营养，提高机体抵抗力；暂停转群和混群操作。；sampling_and_testing: 立即采集发病猪的血液、鼻腔拭子和病变肺组织，送具备资质的兽医实验室进行细菌培养、PCR检测和药敏试验，以指导后续精准用药。；prohibited_boundaries: 严禁在未经确诊的情况下随意更换高剂量广谱抗生素；禁止将疑似烈性或法定传染病猪只直接出售或流入市场；若检出炭疽、类鼻疽等高风险病原，须按重大动物疫病防控规定立即上报并处置。,任何药物治疗后的休药期均须依据所用药物说明书、国家兽药管理规定以及目标市场的残留限量标准确定，出栏前应确保达到相应休药期要求。,"{""disease_name"": ""猪杂项细菌感染"", ""severity"": ""中等至严重（视病原种类及耐药性而定）"", ""scene_tags"": [""育肥猪"", ""呼吸道疾病"", ""混合感染"", ""临近出栏""], ""validation_points"": [""症状与急性呼吸道感染相符"", ""对阿莫西林反应差提示耐药或病原复杂"", ""需要实验室确诊指导用药""], ""risk_flags"": [""存在耐药菌风险"", ""临近出栏需关注休药期合规性"", ""不排除重大动物疫病可能性，需排除法定疫病后方可正常流通""], ""case_type"": ""上市休药期咨询"", ""target_disease"": ""猪杂项细菌感染"", ""local_flags"": {""species_ok"": true, ""target_disease_in_diagnosis"": false, ""target_disease_mismatch"": true, ""contains_specific_dose"": false, ""contains_specific_withdrawal"": false, ""regulated_bad_treatment"": false}}",True,True,target_disease_in_diagnosis,target_disease_in_diagnosis,False,True,True,D:\XF-ChongQin\ai-\knowledge\llm_wiki_swine_authoritative,1465,887,"猪杂项细菌感染
猪杂项细菌感染、miscellaneous bacterial infections
上市休药期咨询
用户接近出栏，关心治疗方向和用药后能否出栏销售。","{""HUMAN_REVIEWED"": 3, ""NEEDS_REVIEW"": 2}","[""SRC-0001"", ""SRC-0012"", ""SRC-0079""]",2097,32.55,ERNIE-4.5-Turbo-32K,82,27,18,22,15,False,False,"该回答整体上对猪杂项细菌感染的诊断、治疗方向及管理措施进行了较为全面和合理的阐述，符合测试数据有效性的要求。诊断准确，考虑到了可能的耐药性和混合感染情况；治疗方向安全，强调了实验室确诊的重要性；管理措施得当，有助于疾病的控制和恢复。同时，对休药期的说明也符合规定。
问题：diagnosis_accuracy: 诊断中虽提及了可能的病原，但未完全覆盖所有可能，如未明确提及链球菌等常见病原，有一定局限性。；pathology_logic: 病理逻辑基本合理，但对症状与疾病之间的关联解释不够深入，例如未详细解释精神沉郁、食欲下降等症状与细菌性呼吸道疾病的具体联系。；prescription_safety: 处方安全，但治疗方向中提到的联合用药方案（如氟苯尼考+强力霉素）虽常见，却未具体说明用药剂量和疗程，可能在实际操作中产生安全隐患。；data_quality: 数据质量方面，回答中的信息较为全面，但部分内容如'严禁在未经确诊的情况下随意更换高剂量广谱抗生素'等，虽为重要提醒，却略显冗余，未直接针对用户问题提供精炼信息。",,,,,,,,,,False,,,,,82,27,18,22,15,reject,22.89,,
2c431ee9-adee-5235-aaa3-4237d41001fd,279,猪隐孢子虫病,swine_hunyuan_turbos,hunyuan-turbos-20250926,成功,,猪,我家是200头母猪自繁自养场，最近刚断奶的20多天小猪开始拉黄色稀粪，有的带点粘液，个别有轻微脱水，整窝都有，没见发烧，之前用过恩诺沙星拌料两天效果不明显。想问下这是啥原因？要不要做化验区分一下是病毒、细菌还是寄生虫引起的？,根据描述，20日龄左右断奶仔猪出现黄色稀便伴粘液、轻度脱水且整窝发病，抗生素治疗效果不佳，提示可能为病毒性、细菌性或寄生虫性腹泻之一。需要结合日龄、病程、粪便性状及流行病学特点进行鉴别，其中隐孢子虫等原虫可在该阶段引起类似表现，且常与病毒或细菌混合感染。,建议立即采集新鲜粪便样品送实验室进行病原学检测，包括病毒（如轮状病毒、冠状病毒、腺病毒）、细菌（大肠杆菌、沙门氏菌、梭菌）及寄生虫（隐孢子虫、球虫）筛查；同时加强保温、干燥清洁饮水，减少应激，暂停使用可能无效的药物；若怀疑重大疫病，应按当地规定上报并配合处置。,因未确诊具体病原，暂不建议随意更换或添加药物，等待检测结果后再制定针对性治疗方案。,"{""disease_name"": ""猪隐孢子虫病"", ""severity"": ""中等"", ""scene_tags"": [""断奶仔猪"", ""黄色稀便"", ""粘液便"", ""脱水"", ""整窝发病""], ""validation_points"": [""按日龄和病程分层鉴别腹泻病因"", ""考虑病毒性、细菌性、寄生虫性多重可能性"", ""强调采样送检的重要性""], ""risk_flags"": [""潜在混合感染"", ""非特异抗生素治疗无效""], ""case_type"": ""腹泻采样送检"", ""target_disease"": ""猪隐孢子虫病"", ""local_flags"": {""species_ok"": true, ""target_disease_in_diagnosis"": false, ""target_disease_mismatch"": true, ""contains_specific_dose"": false, ""contains_specific_withdrawal"": false, ""regulated_bad_treatment"": false}}",True,True,target_disease_in_diagnosis,target_disease_in_diagnosis,False,True,True,D:\XF-ChongQin\ai-\knowledge\llm_wiki_swine_authoritative,1465,887,"猪隐孢子虫病
猪隐孢子虫病、cryptosporidiosis protozoa
腹泻采样送检
用户描述粪便性状、日龄和病程，重点询问如何鉴别病毒性、细菌性或寄生虫性腹泻。","{""HUMAN_REVIEWED"": 3, ""NEEDS_REVIEW"": 2}","[""RC-DIARRHEA-001"", ""SRC-0001"", ""SRC-0007"", ""SRC-0030"", ""SRC-0052"", ""SRC-0062"", ""SRC-0063"", ""SRC-0064"", ""SRC-0071"", ""SRC-0072"", ""SRC-0073"", ""SRC-0077"", ""SRC-0081""]",2196,29.46,ERNIE-4.5-Turbo-32K,78,25,18,20,15,False,False,"整体回答较为全面，考虑了病毒性、细菌性和寄生虫性腹泻的鉴别诊断，并建议采样送检，符合猪隐孢子虫病的诊断逻辑。但诊断准确性、病理逻辑、处方安全性和数据质量方面存在一定不足，需进一步优化。
问题：诊断准确性方面，虽然提到了隐孢子虫等原虫的可能性，但未明确指向猪隐孢子虫病，且未充分结合隐孢子虫病的典型症状（如长期腹泻、消瘦等）进行深入分析。；病理逻辑方面，对隐孢子虫病的病理机制解释不够详细，未充分阐述其与其他腹泻病因的鉴别要点。；处方安全性方面，虽然建议了采样送检，但未针对猪隐孢子虫病给出具体的预防性或支持性治疗措施。；数据质量方面，回答中未充分引用或参考权威资料，且对疾病严重程度的描述（'中等'）缺乏具体依据。",,,,,,,,,,False,,,,,78,25,18,20,15,reject,21.09,,
0016120f-7005-5721-a660-abb6b2fdd850,285,猪营养缺乏与过量综合征,swine_hunyuan_turbos,hunyuan-turbos-20250926,成功,,猪,我这边是200头基础母猪的种猪场，最近两个月陆续有母猪在妊娠中后期流产，还有几窝产下死胎比例高，部分母猪断奶后迟迟不发情，有的公猪性欲下降、精液质量差。饲料一直用同一配方，没有更换过，也没有明显霉变迹象。想问问是不是传染病？还能不能继续配种？,根据描述，流产、死胎、返情及公猪生殖功能下降可能与营养失衡有关，如微量元素（硒、锌、铜）、维生素（A、E、B族）不足或过量，以及能量蛋白比例不当。同时需排除布鲁氏菌病、猪繁殖与呼吸综合征等传染性疾病。建议结合饲料成分分析、血液生化检测、精液检查及必要时的病原PCR排查。,treatment_direction: 调整日粮配方，确保关键营养素平衡；补充优质多维多矿预混料；改善饲养管理，减少应激。；management_measures: 分群饲养，保证饮水清洁；优化光照周期促进发情；对公猪加强运动与营养支持。；sampling_and_testing: 采集饲料样品送实验室检测营养成分及霉菌毒素；采集母猪血样检测血清微量元素和维生素水平；必要时采集公猪精液做质量检测；若怀疑传染病，应送检病原核酸。；prohibited_boundaries: 在未明确排除法定疫病前，不得进行跨场引种或随意淘汰；严禁使用未经批准的添加剂或药物。,无特定药物使用，不涉及停药期。但若涉及治疗性药物，应按说明书执行并遵守相关规定。,"{""disease_name"": ""猪营养缺乏与过量综合征"", ""severity"": ""中等"", ""scene_tags"": [""种猪场"", ""繁殖障碍"", ""营养失衡""], ""validation_points"": [""症状符合营养缺乏或过量导致的繁殖性能下降模式"", ""需要结合饲料分析和实验室检查确诊"", ""需排除传染性病因""], ""risk_flags"": [""需鉴别法定疫病"", ""影响繁殖效率""], ""case_type"": ""种猪繁殖障碍"", ""target_disease"": ""猪营养缺乏与过量综合征"", ""local_flags"": {""species_ok"": true, ""target_disease_in_diagnosis"": false, ""target_disease_mismatch"": true, ""contains_specific_dose"": false, ""contains_specific_withdrawal"": false, ""regulated_bad_treatment"": false}}",True,True,target_disease_in_diagnosis,target_disease_in_diagnosis,False,True,True,D:\XF-ChongQin\ai-\knowledge\llm_wiki_swine_authoritative,1465,887,"猪营养缺乏与过量综合征
猪营养缺乏与过量综合征、nutrient deficiencies and excesses
种猪繁殖障碍
种猪场出现流产、死胎、返情或公猪异常，用户担心传染病和是否继续配种。","{""NEEDS_REVIEW"": 3, ""PROCESSED_SOURCE_ANCHORED"": 1}","[""SRC-0001"", ""SRC-0084""]",2220,28.93,ERNIE-4.5-Turbo-32K,88,27,18,23,20,False,False,"该回答整体表现良好，诊断方向准确，考虑了营养失衡和传染病的可能性，并提出了合理的检查建议。处方安全，管理措施得当，数据质量较高，无明显错误或风险。
问题：diagnosis_accuracy: 诊断准确性较高，但未完全覆盖所有可能的营养失衡情况，如特定氨基酸或脂肪酸缺乏。；pathology_logic: 病理逻辑合理，但未详细解释营养失衡如何具体导致流产、死胎等症状。；prescription_safety: 处方安全，但缺乏具体的营养补充剂量或方案。；data_quality: 数据质量较高，但症状描述与疾病匹配的细节可进一步丰富。",,,,,,,,,,False,,,,,88,27,18,23,20,reject,18.57,,
2c17ca0d-a7d8-53c1-b840-395dc2fe5cfb,286,猪黄曲霉毒素中毒,swine_hunyuan_turbos,hunyuan-turbos-20250926,成功,,猪,我家有120头育肥猪，平均体重在80公斤左右，最近一周陆续出现精神沉郁、食欲下降、粪便偏干的情况，个别猪还出现黄疸。怀疑是饲料有问题，因为用的是去年秋天收的玉米做的自配料，没加脱毒剂。想问还能不能继续喂这批料？怎么送饲料和病猪去化验？,结合育肥猪群近期出现的沉郁、食欲减退、黄疸等症状，以及使用陈年玉米自配料的背景，高度怀疑为黄曲霉毒素中毒。该病由摄入含高浓度黄曲霉毒素的饲料引起，主要损害肝脏功能，表现为肝功能异常及全身中毒症状。需通过饲料和病猪组织样本检测确认。,treatment_direction: 立即停喂可疑饲料，更换为无霉变、质量可靠的原料配制的新饲料；加强饮水管理，提供清洁水源；对重症个体进行对症治疗支持，如保肝、补液等。；management_measures: 清理并封存剩余可疑饲料，防止误用；改善仓储条件，降低湿度，防止进一步霉变；加强饲养管理，减少应激。；sampling_and_testing: 采集可疑饲料样品（不少于500克），同时采集病死猪或濒死猪的肝脏、血液等组织样本，送至具备资质的实验室检测黄曲霉毒素含量及肝功能指标。；prohibited_boundaries: 严禁继续使用未经检测或确认安全的饲料；禁止将病猪与健康猪混养；发现疑似重大疫情应立即向当地畜牧兽医部门报告，不得擅自销售或转运。,因属中毒性疾病，无特定药物休药期，但应待饲料毒素水平降至安全范围且猪群健康恢复后再考虑出栏或出售。,"{""disease_name"": ""猪黄曲霉毒素中毒"", ""severity"": ""中等至高"", ""scene_tags"": [""育肥猪"", ""自配料"", ""陈年玉米"", ""饲料霉变""], ""validation_points"": [""症状符合黄曲霉毒素中毒的典型表现（沉郁、黄疸、肝损伤）"", ""有明确的污染饲料接触史"", ""需通过饲料和病料检测确诊""], ""risk_flags"": [""疑似饲料源性中毒"", ""存在继续饲喂风险"", ""需及时送检确认""], ""case_type"": ""中毒处置边界"", ""target_disease"": ""猪黄曲霉毒素中毒"", ""local_flags"": {""species_ok"": true, ""target_disease_in_diagnosis"": false, ""target_disease_mismatch"": true, ""contains_specific_dose"": false, ""contains_specific_withdrawal"": false, ""regulated_bad_treatment"": false}}",True,True,target_disease_in_diagnosis,target_disease_in_diagnosis,False,True,True,D:\XF-ChongQin\ai-\knowledge\llm_wiki_swine_authoritative,1465,887,"猪黄曲霉毒素中毒
猪黄曲霉毒素中毒、aflatoxin toxicosis
中毒处置边界
用户想知道是否继续饲喂可疑饲料、怎样送检饲料和病料。","{""NEEDS_REVIEW"": 2, ""PROCESSE"": 1, ""PROCESSED_SOURCE_ANCHORED"": 2}","[""SRC-0001"", ""SRC-0085""]",2221,27.03,ERNIE-4.5-Turbo-32K,88,28,18,23,20,False,False,"该回答在诊断准确性、病理逻辑、处方安全性和数据质量方面表现良好，整体符合猪黄曲霉毒素中毒的测试数据要求。诊断准确，症状与疾病匹配，诊断逻辑合理，处理方向安全且与疾病相互印证，无致命风险。
问题：诊断准确性方面，虽然整体准确，但未完全覆盖所有验证点中的症状描述（如未明确提及粪便偏干与黄曲霉毒素中毒的关联）。；病理逻辑方面，对黄曲霉毒素中毒的病理机制解释略显简略，可进一步细化。；数据质量方面，场景标签和风险标志虽已涵盖主要点，但可增加更多细节描述以提升数据丰富度。",,,,,,,,,,False,,,,,88,28,18,23,20,reject,17.29,,
1e57da99-daa4-57bd-b1c8-c4d9cb0f86af,287,猪呕吐毒素/DON中毒,swine_hunyuan_turbos,hunyuan-turbos-20250926,成功,,猪,我家有200头母猪，平均体重180公斤左右，最近换了新一批玉米做的全价料，大概喂了三天后，发现部分母猪食欲明显下降，有的还吐了，有几头怀孕的母猪精神差、体温正常，还有一头出现轻微抽搐。请问是不是饲料有问题？要不要停喂这批料？,根据描述，在更换饲料后短时间内出现采食下降、呕吐及个别神经症状，符合猪呕吐毒素（DON）中毒的典型表现。DON常见于受镰刀菌污染的玉米、小麦等谷物中，可引起拒食、呕吐、消化功能紊乱，严重时可伴发轻度神经症状。但需注意与其他霉菌毒素中毒、传染病（如伪狂犬病、非洲猪瘟）、热应激或管理因素相鉴别。,立即停用可疑批次饲料，换用安全原料配制的饲料；保证充足清洁饮水，减少应激；观察并记录症状变化；采集剩余饲料样本送实验室检测DON及其他霉菌毒素含量；必要时采集血液或组织样品进行病理学检查；若症状持续或加重，应联系当地兽医部门进一步排查传染病风险。严禁自行使用未经许可的药物掩盖症状。,因属中毒事件，无特定休药期概念；恢复前须确保饲料安全并监测健康指标至恢复正常采食与生产性能。,"{""disease_name"": ""猪呕吐毒素/DON中毒"", ""severity"": ""中等"", ""scene_tags"": [""饲料更换"", ""群体发病"", ""疑似霉菌毒素""], ""validation_points"": [""症状与DON中毒相符"", ""时间上与饲料更换吻合"", ""存在群体性表现""], ""risk_flags"": [""需排除重大传染病（如ASF、PRV）"", ""需饲料毒素检测确认病因""], ""case_type"": ""饲料中毒咨询"", ""target_disease"": ""猪呕吐毒素/DON中毒"", ""local_flags"": {""species_ok"": true, ""target_disease_in_diagnosis"": false, ""target_disease_mismatch"": true, ""contains_specific_dose"": false, ""contains_specific_withdrawal"": false, ""regulated_bad_treatment"": false}}",True,True,target_disease_in_diagnosis,target_disease_in_diagnosis,False,True,True,D:\XF-ChongQin\ai-\knowledge\llm_wiki_swine_authoritative,1465,887,"猪呕吐毒素/DON中毒
猪呕吐毒素/DON中毒、don trichothecene toxicosis
饲料中毒咨询
更换饲料或玉米批次后出现采食下降、呕吐、繁殖异常或神经症状，用户怀疑饲料问题。","{""HUMAN_REVIEWED"": 1, ""NEEDS_REVIEW"": 2, ""PROCESSED_SOURCE_ANCH"": 1, ""PROCESSED_SOURCE_ANCHORED"": 1}","[""SRC-0001"", ""SRC-0041"", ""SRC-0085""]",2221,27.78,ERNIE-4.5-Turbo-32K,88,28,18,24,18,False,False,"该回答在诊断准确性、病理逻辑、处方安全性和数据质量方面表现良好，整体符合测试数据有效性要求。诊断准确识别了猪呕吐毒素（DON）中毒的典型症状，并考虑了鉴别诊断；处方安全合理，建议停用可疑饲料并送检；数据质量较高，症状与疾病匹配，时间逻辑合理。
问题：diagnosis_accuracy: 虽考虑了鉴别诊断，但未明确说明如何排除非洲猪瘟等重大传染病，可能影响诊断的全面性。；pathology_logic: 病理逻辑基本合理，但未详细解释神经症状与DON中毒的关联机制。；data_quality: 数据质量较高，但症状描述中‘轻微抽搐’的严重程度与‘中等’病情分级略显不匹配，可能影响评估。",,,,,,,,,,False,,,,,88,28,18,24,18,reject,18.77,,
4d88eae4-506a-5ca5-9cc2-034ef61a2e95,288,猪玉米赤霉烯酮中毒,swine_hunyuan_turbos,hunyuan-turbos-20250926,成功,,猪,我家有120头母猪，平均胎次在3-5胎之间，最近连续两批配种后，产仔率明显下降，很多窝只有4-5头活仔，还有不少是弱仔，个别母猪还出现阴户红肿的情况。饲料用的是本地玉米自配料，这批玉米有点发霉味。我想知道这种情况是不是饲料问题？要不要先停配种和引进新母猪？应该采什么样品去化验？,结合临床表现（产仔数减少、弱仔比例高、部分母猪阴户红肿）及饲料存在霉变情况，高度怀疑为玉米赤霉烯酮中毒所致的非感染性繁殖障碍。ZEA为具有雌激素样作用的霉菌毒素，可干扰早期胚胎发育并引起生殖内分泌紊乱。需排除其他病毒性（如细小病毒、PRRSV等）及细菌性繁殖障碍病因。,treatment_direction: 立即停用可疑霉变饲料，更换为质量可靠的原料；对受影响母猪进行营养支持和管理调整，改善饲养环境以减少应激。；management_measures: 暂停配种计划直至病因排查明确且母猪恢复稳定；暂缓引入新母猪，防止潜在污染扩散；加强饲料储存防潮防霉措施。；sampling_for_testing: 采集剩余可疑饲料样本送实验室检测ZEA含量；同时采集母猪血液样本检测激素水平和肝功能指标；必要时采集子宫内容物或胎儿组织做病理学检查。；prohibited_actions: 在未明确病因前，不得盲目使用促排卵药物或激素类药物干预；禁止将疑似中毒母猪的精液或卵子用于人工授精或繁殖。,因属中毒性病因，无特定药物休药期限制，但应待饲料更换、母猪生理指标恢复正常后再考虑恢复配种。,"{""disease_name"": ""猪玉米赤霉烯酮中毒"", ""severity"": ""中等"", ""scene_tags"": [""繁殖障碍"", ""饲料霉变"", ""母猪群""], ""validation_points"": [""症状符合ZEA引起的繁殖障碍特征（产仔数减少、弱仔、阴户红肿）"", ""饲料霉变史提示外源毒素暴露可能"", ""需通过饲料毒素检测和母猪激素水平验证""], ""risk_flags"": [""疑似霉菌毒素中毒"", ""可能影响全群繁殖性能""], ""case_type"": ""繁殖障碍送检"", ""target_disease"": ""猪玉米赤霉烯酮中毒"", ""local_flags"": {""species_ok"": true, ""target_disease_in_diagnosis"": false, ""target_disease_mismatch"": true, ""contains_specific_dose"": false, ""contains_specific_withdrawal"": false, ""regulated_bad_treatment"": false}}",True,True,target_disease_in_diagnosis,target_disease_in_diagnosis,False,True,True,D:\XF-ChongQin\ai-\knowledge\llm_wiki_swine_authoritative,1465,887,"猪玉米赤霉烯酮中毒
猪玉米赤霉烯酮中毒、zearalenone toxicosis
繁殖障碍送检
繁殖异常持续出现，用户询问该采哪些样品、是否需要暂停配种和引种。","{""HUMAN_REVIEWED"": 1, ""NEEDS_REVIEW"": 2, ""PROCESSED_SOURCE_ANCHORED"": 1}","[""RC-REPRO-001"", ""SRC-0001"", ""SRC-0025"", ""SRC-0045"", ""SRC-0049"", ""SRC-0050"", ""SRC-0060"", ""SRC-0061"", ""SRC-0067"", ""SRC-0068"", ""SRC-0085""]",2221,28.87,ERNIE-4.5-Turbo-32K,88,28,18,23,20,False,False,"该回答在诊断准确性、病理逻辑、处方安全性和数据质量方面表现良好，整体符合测试数据有效性要求。诊断结合了临床表现和饲料霉变史，逻辑合理；处方安全且与疾病相互印证；数据质量较高，提供了详细的验证点和风险标识。
问题：pathology_logic: 虽提及需排除其他病毒性及细菌性繁殖障碍病因，但未具体说明排查方法或优先级，逻辑稍显不足。；data_quality: 场景标签和验证点较为全面，但未明确提及人兽共患风险评估（虽本疾病无人兽共患风险，但评估框架要求明确说明）。",,,,,,,,,,False,,,,,88,28,18,23,20,reject,18.82,,
205c4397-af78-5c5f-8ca9-83b712a2b0fe,290,猪矿物质与化学物中毒,swine_hunyuan_turbos,hunyuan-turbos-20250926,成功,,猪,我家有120头育肥猪，平均体重在90公斤左右，最近一周陆续出现精神沉郁、食欲下降、个别猪呼吸急促、粪便偏稀的情况，死亡了3头。这批猪一直喂的是自配全价料，原料是上个月新进的玉米和小麦麸皮，仓库通风不太好，有点潮湿味。之前没用过什么特殊药物。我想知道是不是饲料有问题，还能不能继续喂？另外想送检饲料和病死猪，该怎么做？,根据描述的症状分布、饲料原料及储存条件，高度怀疑为饲料源性矿物或化学物质中毒，可能与原料受潮霉变或混入有毒成分有关。需结合现场调查、饲料成分分析以及病猪剖检和实验室检测综合判断。,treatment_direction: 立即停止饲喂当前可疑饲料，更换为安全、无污染的饲料；加强饮水管理，保证清洁饮水；对症状明显的猪进行对症治疗和支持性护理。；management_measures: 清理并封存剩余可疑饲料，记录投喂时间、用量及受影响猪群情况；改善饲料储存环境，保持干燥通风；密切观察其余猪群健康状态。；sampling_and_testing: 采集剩余饲料样品送有资质的饲料检测机构，检测重金属、霉菌毒素及其他潜在有害化学成分；同时采集病死猪肝脏、肾脏等组织样本送兽医实验室进行病理学和毒理学检测。；prohibited_boundaries: 在未明确中毒原因前，严禁将可疑饲料转喂其他猪群或出售；禁止私自使用未经批准的排毒或解毒药物。,因病因未明且涉及潜在重大中毒事件，应暂停出栏销售，直至检测结果确认安全后方可恢复流通。,"{""disease_name"": ""猪矿物质与化学物中毒"", ""severity"": ""中等至严重"", ""scene_tags"": [""育肥猪"", ""饲料污染"", ""群体发病""], ""validation_points"": [""症状符合饲料源性中毒表现"", ""存在可疑饲料暴露史"", ""建议立即停喂并送检""], ""risk_flags"": [""可能涉及非法添加或污染物质"", ""需防止扩散至其他猪群""], ""case_type"": ""中毒处置边界"", ""target_disease"": ""猪矿物质与化学物中毒"", ""local_flags"": {""species_ok"": true, ""target_disease_in_diagnosis"": false, ""target_disease_mismatch"": true, ""contains_specific_dose"": false, ""contains_specific_withdrawal"": false, ""regulated_bad_treatment"": false}}",True,True,target_disease_in_diagnosis,target_disease_in_diagnosis,False,True,True,D:\XF-ChongQin\ai-\knowledge\llm_wiki_swine_authoritative,1465,887,"猪矿物质与化学物中毒
猪矿物质与化学物中毒、toxic minerals chemicals plants and gases
中毒处置边界
用户想知道是否继续饲喂可疑饲料、怎样送检饲料和病料。","{""NEEDS_REVIEW"": 2, ""PROCESSED_SOURCE_ANCHORED"": 1}","[""SRC-0001"", ""SRC-0084"", ""SRC-0086""]",2221,27.53,ERNIE-4.5-Turbo-32K,82,27,18,22,15,False,False,"整体回答符合猪矿物质与化学物中毒的测试要求，诊断方向合理，处理措施安全，但存在部分细节不足和逻辑不够严密的问题。
问题：diagnosis_accuracy: 诊断依据中未明确提及具体矿物或化学物中毒的典型症状，如神经症状或特定器官损伤表现，仅依赖饲料储存条件推断，证据链不够完整。；pathology_logic: 病理逻辑部分未详细说明如何通过现场调查、饲料成分分析及实验室检测综合判断中毒类型，逻辑链条不够清晰。；prescription_safety: 处方中对症治疗和支持性护理的具体措施未明确，如呼吸急促和粪便偏稀的具体处理方法，可能影响实际操作的准确性。；data_quality: 数据质量部分，用户查询中的症状描述与疾病匹配度较高，但回答中未充分利用所有症状信息（如死亡情况）进行深入分析，且未提及人兽共患风险评估。",,,,,,,,,,False,,,,,82,27,18,22,15,reject,19.36,,
6e6d0d42-1743-54cd-8147-6cf12c981afa,291,猪亚硝酸盐中毒,swine_hunyuan_turbos,hunyuan-turbos-20250926,成功,,猪,我家有200头育肥猪，平均体重60公斤左右，上周刚换了一批新玉米饲料，喂了两天后陆续有几头出现不吃料、流口水、呼吸急促、皮肤发紫的情况，还有一头母猪流产。之前没用过这种玉米，想问问是不是饲料有问题？,根据描述，在更换饲料后出现急性采食下降、呼吸困难、发绀及个别繁殖障碍，符合急性亚硝酸盐中毒的典型表现，需结合近期饮水或饲料硝酸盐含量检测确认。,treatment_direction: 立即停喂可疑饲料，更换为安全饲料；供给充足清洁饮水，必要时静脉补充亚甲蓝（仅在兽医指导下使用）以改善高铁血红蛋白血症；对症支持治疗。；management_measures: 隔离并观察中毒个体，改善通风与圈舍卫生；记录发病数量与分布，防止继续摄入毒物。；sampling_submission: 采集剩余可疑饲料、饮水样本送实验室检测硝酸盐/亚硝酸盐含量；对病死猪进行剖检并取血液、肝脏等组织送检。；prohibited_boundaries: 严禁在未确诊前继续使用可疑饲料；禁止自行大剂量使用化学解毒剂；发现大规模急性死亡应立即向当地动物防疫部门报告。,因属中毒事件，无特定休药期概念，但须确保后续出栏产品来自未接触可疑饲料的猪群，并经检疫合格方可上市。,"{""disease_name"": ""猪亚硝酸盐中毒"", ""severity"": ""高"", ""scene_tags"": [""饲料更换"", ""急性中毒"", ""育肥猪"", ""繁殖障碍""], ""validation_points"": [""急性缺氧症状与饲料更换时间吻合"", ""存在潜在硝酸盐/亚硝酸盐污染风险"", ""需实验室检测确认病因""], ""risk_flags"": [""可能涉及重大饲料安全问题"", ""需及时采样送检"", ""如扩散可能触发疫情报告""], ""case_type"": ""饲料中毒咨询"", ""target_disease"": ""猪亚硝酸盐中毒"", ""local_flags"": {""species_ok"": true, ""target_disease_in_diagnosis"": false, ""target_disease_mismatch"": true, ""contains_specific_dose"": false, ""contains_specific_withdrawal"": false, ""regulated_bad_treatment"": false}}",True,True,target_disease_in_diagnosis,target_disease_in_diagnosis,False,True,True,D:\XF-ChongQin\ai-\knowledge\llm_wiki_swine_authoritative,1465,887,"猪亚硝酸盐中毒
猪亚硝酸盐中毒、nitrite toxicosis
饲料中毒咨询
更换饲料或玉米批次后出现采食下降、呕吐、繁殖异常或神经症状，用户怀疑饲料问题。","{""HUMAN_REVIEWED"": 2, ""NEEDS_REVIEW"": 2, ""PROCESSED_SOURCE_ANCHORED"": 1}","[""SRC-0001"", ""SRC-0007"", ""SRC-0041"", ""SRC-0086""]",2152,25.76,ERNIE-4.5-Turbo-32K,92,28,19,24,21,False,False,"整体回答质量较高，诊断准确，逻辑清晰，处理方向安全，数据质量良好，无明显致命风险。
问题：diagnosis_accuracy: 诊断中未明确提及结合实验室检测结果确认，仅提到需结合检测，略显不足。；pathology_logic: 病理逻辑部分对急性缺氧症状与饲料更换的关联性解释稍显简略。；data_quality: 数据质量部分，场景标签和验证点较为全面，但风险标志中'如扩散可能触发疫情报告'略显夸大，亚硝酸盐中毒通常不视为重大疫情。",,,,,,,,,,False,,,,,92,28,19,24,21,reject,16.85,,
5ab14a8c-e12d-5ca7-a7e4-22a52fcaee21,292,猪有毒气体与通风失败损伤,swine_hunyuan_turbos,hunyuan-turbos-20250926,成功,,猪,我家有120头育肥猪，平均体重在90公斤左右，最近几天陆续出现咳嗽、流眼泪、呼吸急促的情况，部分猪精神沉郁不吃料。圈舍是半封闭式，前几天刚清理过粪池并搅动过，通风口被堵了一部分。想问这种情况还能继续喂现在的饲料吗？另外要怎么送饲料和病死猪去检测？,根据描述，结合近期粪池搅动、通风不良及群体性呼吸道症状，高度怀疑为粪污分解产生的有毒气体（如氨气、硫化氢）引起的急性中毒反应，属于非感染性环境性疾病。需排除其他呼吸道疾病，但当前更倾向环境因素所致。,treatment_direction: 立即改善圈舍通风，清除堵塞物，增加空气流动；将病猪转移至通风良好区域观察；对重症个体进行支持性护理，保持饮水清洁。；management_measures: 暂停使用现有饲料直至检测结果明确；加强圈舍日常通风检查，避免再次密闭作业；减少应激因素。；sampling_and_testing: 采集新鲜病死猪肺组织、血液样本送至具备资质的兽医实验室做病理学和毒物分析；同时留取当前批次饲料样品送检，排查霉菌毒素或其他化学污染。；prohibited_boundaries: 在未排除重大传染病前，不得将病死猪随意处理或流入市场；禁止自行使用抗生素掩盖症状，以免延误病因判断。,因属环境中毒事件，无特定药物休药期；但在恢复饲喂前应确保饲料安全且环境达标。,"{""disease_name"": ""猪有毒气体与通风失败损伤"", ""severity"": ""中等至严重（视暴露浓度和持续时间而定）"", ""scene_tags"": [""育肥猪"", ""通风不良"", ""粪污搅动"", ""群体暴露""], ""validation_points"": [""症状符合有毒气体刺激呼吸道特征"", ""环境与操作史提示高浓度有害气体暴露可能"", ""群体发病模式与环境事件一致""], ""risk_flags"": [""潜在群体性健康威胁"", ""需排除重大传染病"", ""涉及食品安全与人员防护""], ""case_type"": ""中毒处置边界"", ""target_disease"": ""猪有毒气体与通风失败损伤"", ""local_flags"": {""species_ok"": true, ""target_disease_in_diagnosis"": false, ""target_disease_mismatch"": true, ""contains_specific_dose"": false, ""contains_specific_withdrawal"": false, ""regulated_bad_treatment"": false}}",True,True,target_disease_in_diagnosis,target_disease_in_diagnosis,False,True,True,D:\XF-ChongQin\ai-\knowledge\llm_wiki_swine_authoritative,1465,887,"猪有毒气体与通风失败损伤
猪有毒气体与通风失败损伤、toxic gases ventilation failure
中毒处置边界
用户想知道是否继续饲喂可疑饲料、怎样送检饲料和病料。","{""NEEDS_REVIEW"": 2, ""PROCESSED_SOURCE_ANCHORED"": 3}","[""SRC-0001"", ""SRC-0086""]",2171,24.25,ERNIE-4.5-Turbo-32K,88,28,18,23,20,False,False,"整体回答质量较高，诊断方向明确，处理措施安全合理，数据质量较好，无明显致命风险。
问题：diagnosis_accuracy: 诊断准确性得分稍低，虽然高度怀疑有毒气体中毒，但未完全排除其他呼吸道疾病的可能性，如猪流感或传染性胸膜肺炎等，建议增加鉴别诊断的描述。；pathology_logic: 病理逻辑得分中等，对有毒气体中毒的病理机制解释不够深入，如氨气和硫化氢的具体作用机制和症状差异。；data_quality: 数据质量得分稍低，回答中未明确提及送检机构的具体资质要求或送检流程的详细步骤，可能影响实际操作的可行性。",,,,,,,,,,False,,,,,88,28,18,23,20,reject,16.22,,
913c8c75-6bb5-58a8-a2bc-ec4cdf02e04c,300,猪大肠杆菌病,swine_hunyuan_turbos,hunyuan-turbos-20250926,成功,,猪,我家有200头80公斤左右的育肥猪，还有不到一个月就准备出栏了，这几天陆续有几头开始拉稀，粪便偏黄绿色带点黏液，精神食欲还行，体温正常，圈舍通风一般，前几天刚喂过一次含抗生素的保健料。我想知道这种情况是不是大肠杆菌引起的？还能不能继续养到出栏卖？要不要隔离？用什么药合适？会不会影响食品安全？,根据描述，该批育肥猪在接近出栏时出现黄色至黄绿色带黏液的腹泻，结合近期使用过含抗生素的饲料，考虑为猪大肠杆菌病（Colibacillosis），可能为ETEC型感染。该病在育肥后期偶发，与环境应激、营养管理、菌群失调有关。目前未见明显全身症状，提示病变尚局限在肠道，但需警惕继发细菌感染或混合感染。,treatment_direction: 改善饲养管理，减少应激因素，如加强通风、降低密度、保持饮水清洁；调整饲料配方，避免突然更换；暂停使用含抗生素的保健料，防止耐药菌筛选。；management_measures: 对腹泻严重的个体进行分栏隔离，防止粪口传播；及时清理圈舍粪便并消毒；观察其他猪只是否出现类似症状。；sampling_submission: 采集新鲜腹泻粪便送实验室做细菌分离培养和药敏试验，必要时取病死猪肠内容物及血液进行血培养（若怀疑菌血症）。；prohibited_boundaries: 严禁在未明确病原前随意使用广谱抗生素替代治疗；禁止将疑似传染病猪与健康猪混群；不得隐瞒疫情，发现疑似重大疫病应立即向当地畜牧兽医部门报告。,因未确定具体用药方案，无法给出确切休药期。任何药物治疗均须遵守国家兽药使用规范，并在出栏前满足相应休药期要求。,"{""disease_name"": ""猪大肠杆菌病"", ""severity"": ""中等（局部暴发，无全身严重症状）"", ""scene_tags"": [""育肥猪"", ""临近出栏"", ""腹泻"", ""抗生素治疗史"", ""环境应激""], ""validation_points"": [""症状符合ETEC型大肠杆菌腹泻特征"", ""发病阶段与生产管理应激吻合"", ""建议通过实验室确诊指导用药""], ""risk_flags"": [""存在耐药菌筛选风险"", ""可能影响食品安全合规性"", ""需防范疫情扩散""], ""case_type"": ""腹泻出栏边界"", ""target_disease"": ""猪大肠杆菌病"", ""local_flags"": {""species_ok"": true, ""target_disease_in_diagnosis"": true, ""target_disease_mismatch"": false, ""contains_specific_dose"": false, ""contains_specific_withdrawal"": false, ""regulated_bad_treatment"": false}}",False,False,,,True,False,False,D:\XF-ChongQin\ai-\knowledge\llm_wiki_swine_authoritative,1465,887,"猪大肠杆菌病
猪大肠杆菌病、colibacillosis、大肠杆菌、大肠杆菌性腹泻、E. coli
腹泻出栏边界
临近出栏猪群出现腹泻，用户关心处理方向、隔离和用药后能否销售。","{""HUMAN_REV"": 1, ""HUMAN_REVIEWED"": 2, ""NEEDS_REVIEW"": 2}","[""SRC-0001"", ""SRC-0063"", ""SRC-0064""]",2221,28.32,ERNIE-4.5-Turbo-32K,78,25,18,20,15,False,False,"该回答在诊断准确性、病理逻辑、处方安全性和数据质量方面表现较好，但存在部分不足。诊断基本符合症状描述，但未完全排除其他可能性；病理逻辑合理但缺乏深度分析；处方安全且符合规范，但未提供具体用药方案；数据质量基本完整但缺乏实验室确诊依据。
问题：诊断部分未完全排除其他可能引起腹泻的疾病，如猪传染性胃肠炎或猪流行性腹泻。；病理逻辑部分对继发感染或混合感染的风险分析不够深入。；处方部分未提供具体用药方案，仅给出管理措施和采样建议。；数据质量部分缺乏实验室确诊依据，仅依赖症状描述和病史。；未明确休药期，仅提醒遵守国家规范。",,,,,,,,,,False,,,,,78,25,18,20,15,review,18.7,,
