case_id,index,disease_name,generator_key,generator_model,success,error,species,user_query,diagnosis,prescription,withdrawal_period,metadata,rule_hard_block,rule_fatal_risk,rule_codes,rule_messages,target_disease_in_diagnosis,target_disease_mismatch,final_fatal_risk,wiki_dir,wiki_fact_count,wiki_page_count,wiki_context_query,wiki_evidence_status_counts,wiki_evidence_source_ids,wiki_context_chars,generation_seconds,judge_a_model,judge_a_total_score,judge_a_diagnosis_accuracy,judge_a_pathology_logic,judge_a_prescription_safety,judge_a_data_quality,judge_a_fatal_risk,judge_a_structured_pass,judge_a_summary,judge_b_model,judge_b_total_score,judge_b_diagnosis_accuracy,judge_b_pathology_logic,judge_b_prescription_safety,judge_b_data_quality,judge_b_fatal_risk,judge_b_structured_pass,judge_b_summary,needed_arbitration,arbiter_model,arbiter_agreed_with_judge,arbiter_final_label,arbiter_reason,final_total_score,final_diagnosis_accuracy,final_pathology_logic,final_prescription_safety,final_data_quality,final_label,judge_a_seconds,judge_b_seconds,arbiter_seconds,_source_batch,_source_file
186099af-a2de-5e45-a592-3630d44344f3,86,猪链球菌病,swine_hunyuan_turbos,hunyuan-turbos-20250926,成功,,猪,我家有200头70公斤左右的育肥猪，这几天陆续有几头精神沉郁、不吃料、体温升高到40℃左右，有的还出现关节肿胀走路不稳的情况。之前按兽医建议用了阿莫西林拌料一周，但好转不明显，反而又有新发病例。圈舍通风一般，地面潮湿，想问还能继续用原来的药吗？还是换别的方案？,根据描述的症状（高热、食欲下降、关节肿胀），结合育肥猪阶段易发特点，高度怀疑为猪链球菌病（Streptococcus suis）。该病可引起败血症、关节炎及脑膜炎等临床表现，在应激条件（如潮湿、通风不良）下更易暴发。需通过血液、关节液或脑脊髓液的细菌培养及PCR检测确认病原并做药敏试验。,treatment_direction: 立即隔离病猪，减少混群应激；改善圈舍通风与干燥度，降低继发感染风险。采集病猪血样、关节液或脑脊液送实验室进行S. suis分离鉴定及药敏试验，依据结果选用敏感抗菌药物。；management_measures: 加强饲养管理，减少密度，保持饮水清洁；对同栏健康猪密切观察，必要时预防性投喂敏感抗生素（须依药敏）；病死猪无害化处理，防止病原扩散。；sampling_and_testing: 采集发热猪的血液、关节液或脑组织样本，送至具备资质的兽医实验室进行细菌培养和分子检测，同时开展药敏试验以指导后续用药。；prohibited_boundaries: 在未获得药敏结果前，不得盲目更换或加大原用抗生素剂量；严禁将病死猪随意丢弃或出售；发现疑似重大疫情应立即向当地畜牧兽医部门报告。,具体休药期需依据所用药物种类及国家兽药使用规范确定，应在兽医指导下严格执行。,"{""disease_name"": ""猪链球菌病"", ""severity"": ""中等至严重"", ""scene_tags"": [""育肥猪"", ""关节炎"", ""败血症"", ""高湿环境""], ""validation_points"": [""症状符合S. suis引起的败血症与关节炎表现"", ""育肥猪为该病的易感阶段之一"", ""环境因素（潮湿、通风差）可诱发或加重疾病""], ""risk_flags"": [""未确诊即长期用药可能导致耐药"", ""病死猪处理不当可能造成病原扩散"", ""若波及中枢神经需警惕脑膜炎并发症""], ""case_type"": ""育肥猪用药咨询"", ""target_disease"": ""猪链球菌病"", ""local_flags"": {""species_ok"": true, ""target_disease_in_diagnosis"": true, ""target_disease_mismatch"": false, ""contains_specific_dose"": false, ""contains_specific_withdrawal"": false, ""regulated_bad_treatment"": false}}",False,False,,,True,False,False,D:\XF-ChongQin\ai-\knowledge\llm_wiki_swine_authoritative,1465,887,"猪链球菌病
猪链球菌病、streptococcosis streptococcus suis
育肥猪用药咨询
育肥猪出现典型症状，用户已经用过常见药物但效果一般，询问是否继续用药。","{""HUMAN_REVIEWED"": 2, ""NEEDS_REVIEW"": 2}","[""SRC-0001"", ""SRC-0014"", ""SRC-0075"", ""SRC-0076""]",2220,30.26,ERNIE-4.5-Turbo-32K,82,28,18,24,12,False,True,"整体回答较为全面，诊断方向正确，症状与疾病匹配合理，处理方向安全且与疾病相互印证。但存在部分细节需优化，如数据质量部分信息不够完整，诊断准确性可进一步提升。
问题：诊断准确性方面：虽症状与猪链球菌病匹配，但未明确提及脑膜炎相关症状（如神经症状），诊断依据稍显不足。；病理逻辑方面：对环境因素（潮湿、通风差）与疾病暴发的关联性分析可更深入。；处方安全方面：未明确提及具体替代药物或应急处理方案，仅强调药敏试验，略显保守。；数据质量方面：症状描述、诊断依据、处理措施等部分信息重复度较高，缺乏结构化呈现。",hunyuan-turbos-20250926,85,4,4,5,3,False,False,该回答诊断方向正确，症状与猪链球菌病高度吻合，处理措施符合防控原则且包含必要的生物安全措施，未发现危险建议。不足之处在于诊断依据中未充分涵盖脑膜炎表现，环境致病机制分析较浅，以及数据组织略显冗余。,True,ERNIE-4.5-Turbo-32K,True,pass,整体回答诊断方向正确，症状与猪链球菌病匹配合理，处理措施符合防控原则且包含必要的生物安全措施，未发现危险建议。尽管存在诊断依据稍显不足、环境致病机制分析较浅、数据组织略显冗余等轻微不足，但不影响整体判断，可判pass。,84.0,28,18,24,12,pass,19.96,17.89,,1,D:\XF-ChongQin\ai-\results\swine_weak_wiki_production\swine_disease_dataset_production_20260507_141653_dual_reviewed_reselected_20260507_150645.csv
59014cdf-3a07-54c9-847f-aaae294fb64c,250,猪西尼罗病毒相关感染,swine_hunyuan_turbos,hunyuan-turbos-20250926,成功,,猪,我场有120头育肥猪，平均体重在70公斤左右，最近三天内陆续出现精神沉郁、体温升高到40℃以上、部分猪走路不稳、后肢无力的情况，已经有7头这样了，集中在同一栋舍。之前用过氟苯尼考饮水控制过呼吸道问题，这次没用药。想问能不能先当普通病治几天看看？,结合高热、神经症状和短期集中发生的特点，需高度警惕猪西尼罗病毒相关感染等病毒性神经系统疾病的可能，同时应排除其他发热性传染病如非洲猪瘟、伪狂犬病、日本脑炎及细菌性脑膜炎等。该病为病毒病，目前无特效治疗药物，且存在重大动物疫病防控边界。,treatment_direction: 立即停喂可疑饲料，提供清洁饮水，减少应激，保持圈舍通风干燥。对出现严重神经症状的个体可对症支持治疗，防止继发细菌感染。；management_measures: 严格限制人员、车辆、工具流动，禁止随意调运生猪及其产品。对发病猪舍进行封锁管理，病死猪无害化处理。；sampling_and_testing: 采集血液、脑组织等样本送有资质的实验室进行病原学检测，明确是否为西尼罗病毒或其他烈性病。；prohibited_boundaries: 在未确诊前严禁私自屠宰、销售、转运生猪及相关产品，不得擅自使用未经批准的疫苗或药物替代疫情处置。,因属重大动物疫病范畴，须依据检测结果由当地畜牧兽医主管部门依法确定处置方案，包括可能的扑杀和无害化处理，不存在常规休药期概念。,"{""disease_name"": ""猪西尼罗病毒相关感染"", ""severity"": ""高"", ""scene_tags"": [""高热"", ""神经症状"", ""集中发病"", ""重大疫病边界""], ""validation_points"": [""症状符合病毒性神经系统疾病特征"", ""短时间内多例集中发生提示传染性"", ""需通过实验室检测区分西尼罗病毒与其他类似病""], ""risk_flags"": [""可能为人畜共患风险未知的重大动物疫病"", ""需立即上报并配合主管部门处置""], ""case_type"": ""暴发与处置边界"", ""target_disease"": ""猪西尼罗病毒相关感染"", ""local_flags"": {""species_ok"": true, ""target_disease_in_diagnosis"": true, ""target_disease_mismatch"": false, ""contains_specific_dose"": false, ""contains_specific_withdrawal"": false, ""regulated_bad_treatment"": false}}",False,False,,,True,False,False,D:\XF-ChongQin\ai-\knowledge\llm_wiki_swine_authoritative,1465,887,"猪西尼罗病毒相关感染
猪西尼罗病毒相关感染、west nile virus and other flaviviruses
暴发与处置边界
同栏或多栋猪舍短期内发病增多，用户询问是否能先按普通病治疗观察。","{""NEEDS_REVIEW"": 5}","[""SRC-0001""]",2060,29.87,ERNIE-4.5-Turbo-32K,82,28,18,20,16,False,True,"该回答在诊断准确性、病理逻辑、处方安全性和数据质量方面表现良好，整体符合测试数据有效性的要求。诊断考虑了多种可能性，并强调了实验室检测的重要性。处方安全，管理措施得当，且明确指出了重大疫病的防控边界。数据质量方面，虽然场景标签和验证点较为全面，但风险标志的描述可以更加具体。
问题：诊断准确性方面，虽然考虑了多种可能性，但对非洲猪瘟、伪狂犬病等具体疾病的排除依据可以更加详细。；病理逻辑方面，对症状与疾病之间的关联解释可以更加深入。；处方安全性方面，虽然整体安全，但对症支持治疗的具体措施可以更加明确。；数据质量方面，风险标志的描述可以更加具体和详细，以便更好地指导实际防控工作。",hunyuan-turbos-20250926,85,4,4,5,4,False,False,该数据场景真实，用户描述的症状（高热、神经症状、短期集中发生）与猪西尼罗病毒感染的潜在特征相符，诊断中考虑了多种可能疾病并强调实验室检测，处方方向合理且包含重大疫病防控边界，未给出危险建议。不足之处在于对鉴别诊断的依据说明不够充分，病理机制解释略简略，对症支持治疗细节不足，风险提示可以更细化。,True,ERNIE-4.5-Turbo-32K,True,pass,该回答在诊断准确性、病理逻辑、处方安全性和数据质量方面表现良好，诊断考虑了多种可能性，并强调了实验室检测的重要性，处方安全，管理措施得当，且明确指出了重大疫病的防控边界。尽管存在对鉴别诊断依据说明不够充分、病理机制解释略简略、对症支持治疗细节不足和风险提示不够细化等轻微不足，但整体符合测试数据有效性的要求，不影响其作为有效数据的参考价值。,84.0,28,18,20,16,pass,19.63,21.43,,1,D:\XF-ChongQin\ai-\results\swine_weak_wiki_production\swine_disease_dataset_production_20260507_141653_dual_reviewed_reselected_20260507_150645.csv
28afcf7f-fd1e-5bd3-a321-b22a312e26fd,21,猪星状病毒感染,swine_hunyuan_turbos,hunyuan-turbos-20250926,成功,,猪,我家有120头25日龄左右的保育猪，最近两天陆续出现拉稀，粪便呈黄色水样，有的猪精神差、不吃料，圈舍温度偏低且通风不好，之前用过恩诺沙星拌料三天效果不明显，想问问这是啥原因，该怎么处理？,结合年龄、水样腹泻、低体温环境和多猪同时发病的情况，高度怀疑为病毒性腹泻综合征，可能由猪星状病毒等肠道病毒引起，常与其他病原混合感染。需排除细菌性肠炎及营养性腹泻。,treatment_direction: 对症支持治疗，防止继发细菌感染，改善饲养管理条件。；management_measures: 提高舍温，加强通风换气，减少应激；提供清洁温水，补充电解质；分群饲养，降低密度；对严重脱水个体进行补液。；sampling_and_testing: 采集新鲜粪便送实验室检测，明确病原类型（如星状病毒、冠状病毒、细菌等），指导后续防控。；prohibited_boundaries: 禁止使用未经批准的抗病毒药物；禁止随意使用抗生素预防；发现群体性死亡或疫情扩散迹象时，应立即向当地畜牧兽医部门报告。,无特定休药期，因主要为支持性管理和环境控制，不涉及特定药物残留问题。,"{""disease_name"": ""猪星状病毒感染"", ""severity"": ""中等"", ""scene_tags"": [""保育猪"", ""病毒性腹泻"", ""群体发病"", ""低温高湿环境""], ""validation_points"": [""符合星状病毒感染的日龄段和临床表现"", ""存在可能的混合感染因素"", ""管理缺陷（低温、通风不良）是诱因""], ""risk_flags"": [""潜在混合感染风险"", ""若病情快速恶化需警惕其他重大疫病""], ""case_type"": ""腹泻群体发病"", ""target_disease"": ""猪星状病毒感染"", ""local_flags"": {""species_ok"": true, ""target_disease_in_diagnosis"": true, ""target_disease_mismatch"": false, ""contains_specific_dose"": false, ""contains_specific_withdrawal"": false, ""regulated_bad_treatment"": false}}",False,False,,,True,False,False,D:\XF-ChongQin\ai-\knowledge\llm_wiki_swine_authoritative,1465,887,"猪星状病毒感染
猪星状病毒感染、astroviruses、astrovirus、猪星状病毒
腹泻群体发病
同窝或同栏出现水样腹泻、脱水、采食下降，用户想知道主要病因和紧急处理。","{""HUMAN_REVIEWED"": 2, ""NEEDS_REVIEW"": 2}","[""SRC-0001"", ""SRC-0032""]",2220,30.89,ERNIE-4.5-Turbo-32K,82,27,18,20,17,False,True,"该回答整体上对猪星状病毒感染的诊断、处理方向和安全措施进行了较为合理的描述，诊断准确性较高，病理逻辑基本合理，处方安全且符合疾病特点，数据质量较好，无明显致命风险。
问题：诊断部分虽然提到可能由猪星状病毒等肠道病毒引起，但未明确指出猪星状病毒感染是主要怀疑对象，诊断准确性略有不足。；病理逻辑部分对混合感染的考虑较为笼统，未详细说明可能混合感染的其他病原及其影响。；数据质量方面，虽然场景标签和验证点较为全面，但风险标志部分对潜在混合感染风险的描述较为简单，缺乏具体性。；处方安全部分虽然禁止了未经批准的抗病毒药物和随意使用抗生素预防，但未提及具体抗生素的使用情况（如之前使用的恩诺沙星是否合理）。",hunyuan-turbos-20250926,85,80,80,90,85,False,False,该案例场景真实，用户描述的保育猪腹泻、精神差、低温通风不良以及用药无效等情况符合病毒性腹泻综合征的临床特征。诊断中考虑了猪星状病毒及其他可能的病原，并提示排除细菌和营养性腹泻，方向正确。处理方案以对症支持、改善环境、采样检测和上报为主，符合安全规范，没有危险建议。不足之处在于诊断中对猪星状病毒的指向不够明确，混合感染分析较笼统，未针对已用恩诺沙星的合理性作进一步说明。,True,ERNIE-4.5-Turbo-32K,True,pass,该回答对猪星状病毒感染的诊断、处理方向和安全措施进行了较为合理的描述，诊断准确性较高，病理逻辑基本合理，处方安全且符合疾病特点。尽管存在诊断中对猪星状病毒的指向不够明确、混合感染分析较笼统、未评估用户此前使用恩诺沙星的合理性与局限性等轻微不足，但整体数据质量较好，无明显致命风险，不影响整体判断。,83.0,27,18,20,17,pass,20.62,17.3,,1,D:\XF-ChongQin\ai-\results\swine_weak_wiki_production\swine_disease_dataset_production_20260507_141653_dual_reviewed_reselected_20260507_150645.csv
00140045-7420-5dff-aea8-eae590e25073,36,猪流感,swine_hunyuan_turbos,hunyuan-turbos-20250926,成功,,猪,我家是200头左右的保育猪场，现在这批猪大概45日龄左右，最近几天天气忽冷忽热，加上舍内通风不太好，早上进圈能闻到明显氨味。部分猪出现咳嗽、喘气，个别精神稍差，采食量略有下降，没有大面积死亡。之前用过阿莫西林饮水防继发感染，效果一般。请问这是环境问题还是猪流感？该怎么处理？,根据描述，保育猪在通风不良、氨气浓度高及昼夜温差大的环境下，出现咳嗽、喘气、采食下降等症状，符合猪流感等病毒性呼吸道病的表现，但也需考虑环境刺激因素及可能的细菌性继发感染。建议结合体温监测、发病率、死亡率以及是否有高热、全身反应等进行综合判断。,1. 立即改善圈舍通风，降低氨气浓度，保持适宜温湿度；2. 对发病猪进行隔离观察，减少混群应激；3. 采集鼻拭子或肺组织样本送实验室检测，明确是否为猪流感或其他病原；4. 若确诊猪流感，应配合支持疗法（如补液、退热），必要时使用抗病毒和支持性药物，并防止继发细菌感染；5. 严禁随意使用未经许可的抗生素或抗病毒药物；6. 若为重大动物疫病（如非洲猪瘟等），须按当地主管部门要求进行报告、隔离和无害化处理。,因涉及多种可能病因，具体休药期需依据最终确诊病原及所用药物确定，建议在兽医指导下执行。,"{""disease_name"": ""猪流感"", ""severity"": ""中等"", ""scene_tags"": [""保育猪"", ""呼吸道症状"", ""环境应激"", ""氨气"", ""温差""], ""validation_points"": [""症状与猪流感典型呼吸道表现一致"", ""环境因素（通风差、氨气高、温差大）可诱发或加重呼吸道病"", ""需通过实验室检测排除其他病原""], ""risk_flags"": [""需排除重大动物疫病"", ""需结合实验室确诊"", ""禁止自行使用高风险药物""], ""case_type"": ""呼吸道环境诱因"", ""target_disease"": ""猪流感"", ""local_flags"": {""species_ok"": true, ""target_disease_in_diagnosis"": true, ""target_disease_mismatch"": false, ""contains_specific_dose"": false, ""contains_specific_withdrawal"": false, ""regulated_bad_treatment"": false}}",False,False,,,True,False,False,D:\XF-ChongQin\ai-\knowledge\llm_wiki_swine_authoritative,1465,887,"猪流感
猪流感、influenza viruses
呼吸道环境诱因
通风差、氨气重或温差大后出现咳嗽喘气，用户想区分环境应激和传染病。","{""HUMAN_REVIEWED"": 3}","[""RC-RESP-001"", ""SRC-0001"", ""SRC-0042"", ""SRC-0043"", ""SRC-0049"", ""SRC-0050"", ""SRC-0058"", ""SRC-0059"", ""SRC-0066"", ""SRC-0069"", ""SRC-0070"", ""SRC-0086""]",2221,25.58,ERNIE-4.5-Turbo-32K,82,27,18,20,17,False,True,"整体回答较为全面，诊断逻辑合理，考虑了环境因素和疾病因素，并建议实验室检测以明确诊断。处理方向安全，未出现与疾病相冲突的处方。数据质量基本满足要求，但部分细节可进一步完善。
问题：诊断准确性方面，虽然考虑了猪流感的可能性，但未充分排除其他类似症状的疾病，如猪传染性胸膜肺炎等。；病理逻辑方面，对环境因素与疾病关系的阐述较为笼统，可进一步细化。；处方安全性方面，虽然提到了禁止随意使用未经许可的药物，但未具体说明哪些药物属于高风险。；数据质量方面，症状描述和诊断依据的详细程度有待提升，以增强回答的可信度。",hunyuan-turbos-20250926,85,8,8,9,7,False,False,该回答能够结合用户提供的环境与临床症状信息，提出猪流感等病毒性呼吸道病的可能性，同时提醒考虑环境刺激和细菌继发感染，并建议实验室检测确认病原。处理方案包括改善环境、隔离观察、送检、支持治疗及依法报告重大疫情，整体安全且无明显危险建议。不足之处在于对鉴别诊断列举不足，环境因素与疾病关系分析较笼统，处方中未明确列出高风险药物类别，数据细节可更丰富。,True,ERNIE-4.5-Turbo-32K,True,pass,整体回答较为全面，诊断逻辑合理，考虑了环境因素和疾病因素，并建议实验室检测以明确诊断。处理方向安全，未出现与疾病相冲突的处方。虽然存在鉴别诊断列举不足、环境因素与疾病关系分析较笼统、未明确列出高风险药物类别、数据细节可更丰富等轻微不足，但不影响整体判断，数据质量基本满足要求。,83.0,27,18,20,17,pass,17.35,20.66,,1,D:\XF-ChongQin\ai-\results\swine_weak_wiki_production\swine_disease_dataset_production_20260507_141653_dual_reviewed_reselected_20260507_150645.csv
8d3732d3-a502-5d94-be77-fba92adeec24,244,猪δ冠状病毒感染,swine_hunyuan_turbos,hunyuan-turbos-20250926,成功,,猪,我家有200多头120公斤左右的育肥猪，还有不到一个月就要出栏了，这几天陆续有几头开始拉稀，粪便稀薄带点酸臭味，精神食欲还行，体温正常，圈舍通风一般，之前没用过什么药。这种情况还能继续养到出栏吗？会不会影响卖猪？需要怎么处理？,根据描述，结合近期临近出栏育肥猪出现轻度腹泻、精神食欲尚可、体温正常的情况，考虑可能为猪δ冠状病毒感染等病毒性腹泻疾病，也可能与饲养管理、饲料变化有关。该病在育肥猪中常表现为一过性腹泻，部分可自愈，但需排除其他病原混合感染。,建议立即将发病猪与健康猪分栏隔离，减少交叉接触；加强圈舍保温与通风，保持干燥清洁；提供易消化的全价饲料，适当补充电解质；采集新鲜粪便送实验室检测病原，明确是否为PDCoV或其他病原；在未明确诊断前避免使用广谱抗生素以防耐药及药物残留；若确诊为PDCoV且病情轻微，可在兽医指导下采取支持疗法促进恢复，同时严格遵守出栏前的停药观察期，确保无药物残留后方可出售。如怀疑重大疫病或疫情扩散风险，应立即向当地畜牧兽医部门报告并按要求处置。,因涉及潜在病毒病及用药情况不明，出栏前应依据检测结果和所用药物确定安全休药期，确保符合食品安全标准方可上市。,"{""disease_name"": ""猪δ冠状病毒感染"", ""severity"": ""中等"", ""scene_tags"": [""育肥猪"", ""临近出栏"", ""腹泻"", ""病毒性""], ""validation_points"": [""症状与PDCoV轻型感染相符"", ""隔离措施可降低传播风险"", ""检测有助于明确病因""], ""risk_flags"": [""临近出栏需关注药物残留与检疫要求"", ""若疫情扩散可能触发重大疫病防控程序""], ""case_type"": ""腹泻出栏边界"", ""target_disease"": ""猪δ冠状病毒感染"", ""local_flags"": {""species_ok"": true, ""target_disease_in_diagnosis"": true, ""target_disease_mismatch"": false, ""contains_specific_dose"": false, ""contains_specific_withdrawal"": false, ""regulated_bad_treatment"": false}}",False,False,,,True,False,False,D:\XF-ChongQin\ai-\knowledge\llm_wiki_swine_authoritative,1465,887,"猪δ冠状病毒感染
猪δ冠状病毒感染、porcine deltacoronavirus
腹泻出栏边界
临近出栏猪群出现腹泻，用户关心处理方向、隔离和用药后能否销售。","{""HUMAN_REVIEWED"": 1, ""NEEDS_REVIEW"": 4}","[""A0-MOA-573"", ""SRC-0001""]",2027,25.4,ERNIE-4.5-Turbo-32K,82,27,18,22,15,False,True,"整体回答较为全面，诊断考虑了病毒性腹泻的可能性，并提到了饲养管理和饲料变化的因素，符合猪δ冠状病毒感染的轻型症状描述。处理方向安全，强调了隔离、环境管理和实验室检测的重要性，同时关注了药物残留和食品安全问题。但数据质量方面，对症状的详细描述和诊断依据的充分性略有不足。
问题：诊断准确性方面，虽然考虑了病毒性腹泻，但对症状的详细描述和诊断依据的充分性略有不足，未充分排除其他可能的疾病。；病理逻辑方面，对疾病的发展和可能并发症的讨论不够深入。；数据质量方面，症状描述和诊断依据的详细程度有待提升，以增强诊断的说服力。",hunyuan-turbos-20250926,85,80,80,90,75,False,False,该回答针对临近出栏育肥猪轻度腹泻的症状，合理推测为猪δ冠状病毒感染，并结合饲养管理因素分析，诊断思路基本正确。处理方案强调隔离、改善环境、营养支持和实验室检测，避免盲目使用抗生素，并提示依法报告和遵守休药期，安全性较高。不足之处在于症状细节和鉴别诊断依据略显不足，病理发展过程讨论较少，数据支撑度一般。,True,ERNIE-4.5-Turbo-32K,True,pass,诊断考虑了病毒性腹泻的可能性，并结合饲养管理因素分析，诊断思路基本正确。处理方案强调隔离、改善环境、营养支持和实验室检测，避免盲目使用抗生素，并提示依法报告和遵守休药期，安全性较高。尽管症状细节和鉴别诊断依据略显不足，病理发展过程讨论较少，但整体方向安全且疾病匹配，符合筛选标准。,83.0,27,18,22,15,pass,16.58,16.12,,1,D:\XF-ChongQin\ai-\results\swine_weak_wiki_production\swine_disease_dataset_production_20260507_141653_dual_reviewed_reselected_20260507_150645.csv
45b6fa22-f3db-57d4-a32c-a618db4c56ed,316,猪圆环病毒相关疾病,swine_hunyuan_turbos,hunyuan-turbos-20250926,成功,,猪,我家有300头育肥猪，平均体重70公斤左右，分在两个圈舍饲养。最近一周内两个圈舍都有陆续出现精神沉郁、采食下降、皮肤发白的情况，个别猪还伴有轻度腹泻。之前用过一些抗生素拌料，效果不明显。想问这种情况能不能先当普通病治着看？,根据描述的症状（精神沉郁、采食下降、皮肤苍白、腹泻）以及短时间内多圈舍同时发病的特点，结合猪圆环病毒相关疾病（PCVAD）的典型表现，应高度怀疑该病。该病由猪圆环病毒2型（PCV2）引起，常与其他病原体协同致病，表现为生长迟缓、消瘦、贫血、腹泻等。,treatment_direction: 立即隔离可疑病例，加强全群营养支持，改善通风与卫生条件，减少应激。；management_measures: 对发病猪进行单独护理，保证饮水清洁，适当补充电解质和维生素；调整饲料配方以提高适口性；降低密度以减少交叉感染机会。；sampling_and_testing: 采集血液、组织样本送实验室PCR检测PCV2核酸，必要时做病理剖检和组织学检查，以确诊并排除其他混合感染。；prohibited_boundaries: 在未明确病原前，禁止随意使用未经批准的抗病毒药物或大剂量激素；若确诊为重大动物疫病或涉及国家管控的传染病，须按规定上报并采取扑杀、无害化处理等措施。,因未使用特定化学药品，暂无具体休药期要求；如后续使用兽药需遵循标签说明及国家规定。,"{""disease_name"": ""猪圆环病毒相关疾病"", ""severity"": ""中等至严重（视继发感染情况而定）"", ""scene_tags"": [""育肥猪"", ""多圈舍同期发病"", ""贫血消瘦"", ""腹泻""], ""validation_points"": [""症状符合PCVAD典型表现"", ""短期内在多个圈舍扩散提示传染性病因"", ""抗生素治疗无效提示非细菌性单一病因""], ""risk_flags"": [""存在群体传播风险"", ""可能伴随其他病原混合感染"", ""需警惕是否为重大动物疫病流行""], ""case_type"": ""暴发与处置边界"", ""target_disease"": ""猪圆环病毒相关疾病"", ""local_flags"": {""species_ok"": true, ""target_disease_in_diagnosis"": true, ""target_disease_mismatch"": false, ""contains_specific_dose"": false, ""contains_specific_withdrawal"": false, ""regulated_bad_treatment"": false}}",False,False,,,True,False,False,D:\XF-ChongQin\ai-\knowledge\llm_wiki_swine_authoritative,1465,887,"猪圆环病毒相关疾病
猪圆环病毒相关疾病、circoviruses pcvad
暴发与处置边界
同栏或多栋猪舍短期内发病增多，用户询问是否能先按普通病治疗观察。","{""HUMAN_REVIEWED"": 3, ""NEEDS_REVIEW"": 2}","[""A0-MOA-573"", ""SRC-0001"", ""SRC-0035""]",2014,29.86,ERNIE-4.5-Turbo-32K,82,28,18,22,14,False,True,"整体回答质量较高，诊断准确性、病理逻辑、处方安全性和数据质量均表现良好，无明显致命风险。诊断准确识别了猪圆环病毒相关疾病（PCVAD）的可能性，并考虑了多圈舍同期发病和抗生素治疗无效等关键因素。处方安全合理，强调了隔离、营养支持和实验室检测的重要性，同时避免了未经批准的抗病毒药物和大剂量激素的使用。数据质量方面，症状描述和场景标签较为详细，但部分验证点和风险标志的描述可进一步具体化。
问题：诊断准确性方面，虽然识别了PCVAD的可能性，但未完全排除其他类似症状的疾病，如猪瘟、猪繁殖与呼吸综合征（PRRS）等，可进一步增加鉴别诊断的描述。；病理逻辑方面，对PCVAD的病理机制解释不够深入，尤其是与其他病原体协同致病的具体机制。；处方安全性方面，虽然强调了营养支持和隔离，但对继发感染的控制措施描述不够详细，如是否需要使用抗生素预防继发感染。；数据质量方面，验证点和风险标志的描述较为笼统，可增加具体的症状、发病率等数据支持。",hunyuan-turbos-20250926,85,4,4,5,4,False,False,该回答在诊断上准确识别了猪圆环病毒相关疾病（PCVAD）的可能性，并结合多圈舍同期发病、抗生素治疗无效等关键信息进行了合理推断。处方方案强调隔离、营养支持、环境改善和实验室检测，符合安全规范，未出现危险用药建议。不足之处在于鉴别诊断不足，未充分排除猪瘟、PRRS等其他可能疾病；病理机制解释较浅，缺乏协同致病的细节；对继发感染防控建议不够具体；数据支撑略显笼统。总体无致命风险，属于可用数据。,True,ERNIE-4.5-Turbo-32K,True,pass,诊断准确识别了猪圆环病毒相关疾病（PCVAD）的可能性，并结合多圈舍同期发病、抗生素治疗无效等关键信息进行了合理推断。处方方案强调隔离、营养支持、环境改善和实验室检测，符合安全规范，未出现危险用药建议。尽管存在鉴别诊断不足、病理机制解释较浅、继发感染防控建议不够具体、数据支撑略显笼统等轻微不足，但整体回答质量较高，无明显致命风险，属于可用数据。,83.0,28,18,22,14,pass,20.25,16.23,,1,D:\XF-ChongQin\ai-\results\swine_weak_wiki_production\swine_disease_dataset_production_20260507_141653_dual_reviewed_reselected_20260507_150645.csv
c9573fa9-71b0-592d-95ea-ffad68338d03,404,非典型猪瘟病毒感染,swine_hunyuan_turbos,hunyuan-turbos-20250926,成功,,猪,我家有200头70日龄左右的育肥猪，这几天陆续有几头开始精神沉郁、食欲下降、体温升高到40℃左右，还有个别拉稀带血丝的情况。之前用了氟苯尼考和多西环素拌料喂了三天，症状没明显好转，反而又有几头新发病。圈舍通风一般，湿度偏高，想问下这种情况还能继续用这些药吗？还是得换方案？,根据描述的发热、精神沉郁、食欲减退及部分血便等症状，结合育肥猪阶段易感性，考虑存在病毒性感染的可能，如非典型猪瘟病毒感染等。该病为病毒性疾病，抗生素对病毒无效，因此单纯使用抗菌药难以控制病情发展。需结合实验室检测明确病原，同时排除其他细菌或寄生虫混合感染。,立即停喂原抗菌药物，改为支持疗法：保证饮水充足，可添加多维电解质缓解应激；改善圈舍通风与干燥度，降低密度以减少交叉感染；采集新鲜血样、粪便及病死猪组织送实验室进行病原学检测（PCR），明确是否为非典型猪瘟病毒感染或其他病原；若怀疑重大疫病，应按当地畜牧部门要求进行隔离、报告和防控，不可自行更换广谱抗病毒药物或随意使用未经批准的兽药。,因本次建议主要为诊断与防控措施，不涉及具体药物使用，无特定休药期说明。如需用药，须依据检测结果并在执业兽医指导下执行，并遵守相应休药期规定。,"{""disease_name"": ""非典型猪瘟病毒感染"", ""severity"": ""中等至严重（视继发感染情况而定）"", ""scene_tags"": [""育肥猪"", ""发热"", ""血便"", ""抗生素治疗无效""], ""validation_points"": [""症状符合病毒性感染特征"", ""抗生素无效提示非细菌性主因"", ""需要实验室检测确诊""], ""risk_flags"": [""可能为人畜共患病或重大动物疫病，需按法规处置""], ""case_type"": ""育肥猪用药咨询"", ""target_disease"": ""非典型猪瘟病毒感染"", ""local_flags"": {""species_ok"": true, ""target_disease_in_diagnosis"": true, ""target_disease_mismatch"": false, ""contains_specific_dose"": false, ""contains_specific_withdrawal"": false, ""regulated_bad_treatment"": false}}",False,False,,,True,False,False,D:\XF-ChongQin\ai-\knowledge\llm_wiki_swine_authoritative,1465,887,"非典型猪瘟病毒感染
非典型猪瘟病毒感染、atypical porcine pestivirus pestivirus infections
育肥猪用药咨询
育肥猪出现典型症状，用户已经用过常见药物但效果一般，询问是否继续用药。","{""HUMAN_REVIEWED"": 2, ""NEEDS_REVIEW"": 2}","[""SRC-0001"", ""SRC-0031""]",2221,27.51,ERNIE-4.5-Turbo-32K,82,28,18,22,14,False,True,"该回答整体上对非典型猪瘟病毒感染的诊断、处理方向和安全措施有较好的把握，诊断准确度较高，处理方向安全，但数据质量方面存在一定不足，如未提供详细的实验室检测建议和具体的防控措施。
问题：诊断部分虽然考虑到了病毒性感染的可能性，但未充分结合具体症状和病史进行深入分析，诊断准确性可进一步提升。；病理逻辑部分对疾病的传播途径和预防措施的描述不够详细，缺乏具体的防控建议。；处方安全部分建议停喂原抗菌药物并改为支持疗法，这是合理的，但未提供具体的药物替代方案或详细的防控措施。；数据质量方面，未提供详细的实验室检测建议和具体的防控措施，信息不够全面。",hunyuan-turbos-20250926,85,90,80,88,75,True,False,回答准确识别了可能的病毒性感染，并指出抗生素无效，强调实验室检测和报告程序，符合重大疫病的安全边界要求。但诊断分析深度不足，缺少更细致的鉴别诊断思路；防控细节偏笼统，未给出更具体的环境管理或生物安全措施。整体安全可控，无明显危险建议。,True,ERNIE-4.5-Turbo-32K,True,pass,回答准确识别了可能的病毒性感染，并指出抗生素无效，强调实验室检测和报告程序，符合重大疫病的安全边界要求。尽管诊断分析深度不足，防控细节偏笼统，但整体安全可控，无明显危险建议，因此判为pass。,83.0,28,18,22,14,pass,18.23,16.27,,1,D:\XF-ChongQin\ai-\results\swine_weak_wiki_production\swine_disease_dataset_production_20260507_141653_dual_reviewed_reselected_20260507_150645.csv
376b6958-ebb6-51f3-9170-1648567694e3,449,猪支原体肺炎,swine_hunyuan_turbos,hunyuan-turbos-20250926,成功,,猪,我家有200头80公斤左右的育肥猪，已经养了快两个月，最近半个月陆续出现咳嗽、喘气，有的猪精神不好、采食量下降，之前用过替米考星拌料一周，症状减轻了一点但没完全好，还有几头体温偏高。圈舍通风一般，粪沟清理不及时有点臭味。我想知道这种情况该采哪些样送检测？会不会是支原体肺炎还是有其他混合感染？,根据描述，育肥猪在通风不良、粪沟积污环境下出现持续性咳嗽、喘气和采食下降，伴部分个体发热，提示可能存在猪支原体肺炎（Enzootic Pneumonia），且可能合并其他呼吸道感染（如PRRSV、流感病毒或PCV2等）。支原体肺炎常表现为慢性干咳、生长迟缓，抗生素可部分缓解但不能根除。当前症状反复可能与环境刺激、继发感染或混合感染有关。,treatment_direction: 改善圈舍通风，减少氨气及粉尘浓度；加强粪沟清理与消毒；针对疑似细菌感染可考虑使用对支原体有效的抗生素（如泰妙菌素类或氟喹诺酮类），但需结合实验室检测结果调整方案。；management_measures: 分群饲养，减少应激；保证饮水充足与营养均衡；密切观察体温、呼吸频率和精神状态变化；记录发病与死亡情况以便分析趋势。；sampling_and_testing: 建议采集鼻腔拭子、肺组织（病死猪）或支气管灌洗液进行PCR检测，检测目标包括M. hyopneumoniae、PRRSV、PCV2、流感病毒等；必要时做细菌分离培养以排除其他细菌性肺炎。；prohibited_boundaries: 在未明确病原前，不得盲目使用广谱抗生素或激素类药物掩盖症状；禁止将疑似重大传染病病例随意出售或转运。,因涉及多种潜在病原及不同药物选择，停药期需依据最终确诊病原及所用药物确定，暂不建议出栏销售直至症状消失并经过适当观察期。,"{""disease_name"": ""猪支原体肺炎"", ""severity"": ""中等"", ""scene_tags"": [""育肥猪"", ""慢性呼吸道症状"", ""环境通风不良"", ""疑似混合感染""], ""validation_points"": [""症状符合支原体肺炎特征（慢性咳嗽、喘气、生长缓慢）"", ""环境因素（通风差、粪沟异味）为诱因之一"", ""抗生素治疗部分有效但不彻底，提示可能混合感染""], ""risk_flags"": [""需排除PRRSV、PCV2、流感等其他呼吸道病原体"", ""环境管理不足可能导致病情反复""], ""case_type"": ""呼吸道采样送检"", ""target_disease"": ""猪支原体肺炎"", ""local_flags"": {""species_ok"": true, ""target_disease_in_diagnosis"": true, ""target_disease_mismatch"": false, ""contains_specific_dose"": false, ""contains_specific_withdrawal"": false, ""regulated_bad_treatment"": false}}",False,False,,,True,False,False,D:\XF-ChongQin\ai-\knowledge\llm_wiki_swine_authoritative,1465,887,"猪支原体肺炎
猪支原体肺炎、mycoplasmosis enzootic pneumonia
呼吸道采样送检
呼吸道症状持续，用药效果不稳定，用户询问采什么样品和如何鉴别混合感染。","{""HUMAN_REVIEWED"": 2, ""NEEDS_REVIEW"": 2}","[""RC-RESP-001"", ""SRC-0001"", ""SRC-0007"", ""SRC-0042"", ""SRC-0043"", ""SRC-0049"", ""SRC-0050"", ""SRC-0058"", ""SRC-0059"", ""SRC-0066"", ""SRC-0069"", ""SRC-0070"", ""SRC-0076"", ""SRC-0086""]",2221,30.19,ERNIE-4.5-Turbo-32K,82,27,18,24,13,False,True,"该回答对猪支原体肺炎的诊断较为准确，考虑到了环境因素和可能的混合感染。治疗方案安全，注重环境改善和实验室检测，未发现致命风险。
问题：data_quality方面，场景标签和验证点描述较为简单，缺乏详细的症状描述和实验室检测结果的引用，可以进一步丰富数据内容。；diagnosis_accuracy方面，虽然诊断方向正确，但缺乏对症状严重程度和具体诊断依据的详细描述，诊断准确性评分受到一定影响。；pathology_logic方面，对疾病病理逻辑的解释较为基础，可以进一步深入解释支原体肺炎的病理机制和混合感染的可能性。；prescription_safety方面，治疗方案安全，但停药期的建议较为模糊，未给出具体药物和停药期，可以进一步明确。",hunyuan-turbos-20250926,85,4,4,5,3,False,False,回答整体符合猪支原体肺炎的临床特征，考虑了环境因素和可能的混合感染，诊断方向合理，处理措施安全，强调了实验室检测和避免滥用抗生素的原则，无致命风险。不足之处在于数据细节不够充分，病理机制解释较浅，停药期表述偏笼统。,True,ERNIE-4.5-Turbo-32K,True,pass,回答对猪支原体肺炎的诊断较为准确，考虑到了环境因素和可能的混合感染，治疗方案安全，注重环境改善和实验室检测，未发现致命风险。尽管存在数据细节不够充分、病理机制解释较浅、停药期表述偏笼统等轻微不足，但整体方向正确，不影响作为参考数据。,83.0,27,18,24,13,pass,19.24,13.84,,1,D:\XF-ChongQin\ai-\results\swine_weak_wiki_production\swine_disease_dataset_production_20260507_141653_dual_reviewed_reselected_20260507_150645.csv
d96c853a-66e7-52a4-9129-97911c0df5fa,457,猪腺病毒感染,swine_hunyuan_turbos,hunyuan-turbos-20250926,成功,,猪,我家是育肥场，现在有一批45日龄左右的保育猪，大概120头，这几天陆续有猪不吃料、精神沉郁，有的还拉稀，体温在39℃左右，舍内通风一般，之前用过一些抗生素拌料，效果不明显。想问问是不是腺病毒引起的？该怎么处理？,根据描述，保育猪出现采食下降、腹泻、轻度发热等症状，结合年龄和环境条件，考虑猪腺病毒感染的可能性较大。该病多为自限性，但在应激条件下可加重。需排除细菌性肠炎、圆环病毒等混合感染。,建议立即改善饲养管理，提高舍温以减少冷应激；加强圈舍清洁消毒，减少粪便污染；暂停使用不必要的抗生素，避免肠道菌群紊乱；对严重病例进行补液和电解质支持；采集粪便及血液样品送实验室检测，明确病原；若怀疑其他烈性病（如非洲猪瘟），应立即按重大动物疫病处置流程上报并配合检疫。,无特定药物休药期，但需确保停药后至少间隔一个健康观察周期再出栏。,"{""disease_name"": ""猪腺病毒感染"", ""severity"": ""中等"", ""scene_tags"": [""保育猪"", ""采食下降"", ""腹泻"", ""轻度发热""], ""validation_points"": [""症状符合腺病毒感染常见表现"", ""年龄和季节因素增加易感性"", ""管理改善有助于恢复""], ""risk_flags"": [""需排除其他病毒性或细菌性混合感染"", ""注意区分重大动物疫病""], ""case_type"": ""保育猪群体发病"", ""target_disease"": ""猪腺病毒感染"", ""local_flags"": {""species_ok"": true, ""target_disease_in_diagnosis"": true, ""target_disease_mismatch"": false, ""contains_specific_dose"": false, ""contains_specific_withdrawal"": false, ""regulated_bad_treatment"": false}}",False,False,,,True,False,False,D:\XF-ChongQin\ai-\knowledge\llm_wiki_swine_authoritative,1465,887,"猪腺病毒感染
猪腺病毒感染、adenoviruses
保育猪群体发病
群体发病、采食下降、粪便或呼吸道异常，用户想知道主要病因和下一步处理。","{""HUMAN_REVIEWED"": 1, ""NEEDS_REVIEW"": 4}","[""SRC-0001"", ""SRC-0006"", ""SRC-0030""]",1948,25.54,ERNIE-4.5-Turbo-32K,82,27,18,22,15,False,True,"该回答整体上对猪腺病毒感染的诊断、处理方向和风险控制较为合理，诊断准确性较高，病理逻辑基本清晰，处方安全且符合疾病特点，数据质量基本满足要求，无明显致命风险。
问题：诊断准确性方面，虽然考虑了猪腺病毒感染的可能性，但对其他可能疾病的排除不够详细，如细菌性肠炎和圆环病毒的具体鉴别诊断方法未提及。；病理逻辑方面，对疾病自限性和应激条件加重的描述较为笼统，缺乏具体机制或案例支持。；处方安全性方面，虽然建议了改善饲养管理和支持治疗，但对实验室检测的具体项目和流程未详细说明。；数据质量方面，场景标签和验证点较为基础，缺乏深入的数据分析或案例引用。",hunyuan-turbos-20250926,85,8,8,9,7,False,False,回答整体结构合理，能结合用户提供的年龄、症状与环境因素提出猪腺病毒感染的假设，并提示可能的混合感染风险。处理方案包括改善环境、停止不必要抗生素、支持疗法以及送检病原检测，同时强调重大疫病的上报流程，体现了安全边界意识。不足之处在于鉴别诊断细节不足、部分机制解释较笼统、检测项目未细化，数据深度有限。,True,ERNIE-4.5-Turbo-32K,True,pass,回答整体结构合理，诊断方向符合疾病特点，处理方案安全且考虑了饲养管理改善、支持治疗和实验室检测，同时强调了重大疫病的上报流程，体现了安全边界意识。尽管在鉴别诊断细节、机制解释和检测项目细化方面存在不足，但不影响整体诊断和处置方向的安全性及有效性。,83.0,27,18,22,15,pass,19.36,18.75,,1,D:\XF-ChongQin\ai-\results\swine_weak_wiki_production\swine_disease_dataset_production_20260507_141653_dual_reviewed_reselected_20260507_150645.csv
40c13b95-ecb5-5037-bca9-e809918a3b8c,78,猪口蹄疫,swine_hunyuan_turbos,hunyuan-turbos-20250926,成功,,猪,我家有200头120日龄左右的育肥猪，最近几天有几头出现蹄冠部水泡、跛行、不愿站立的情况，体温升高到41℃左右，食欲下降，部分猪在圈舍地面摩擦蹄部。之前用过阿莫西林饮水，效果不明显。现在离计划出栏还有20天，这种情况还能治吗？会不会影响卖猪？,根据描述，结合水疱性病灶、高热、跛行及群体传播趋势，高度怀疑为猪口蹄疫。该病属一类动物疫病，具有强传染性，临床症状常较严重，尤其在育肥猪中可引起明显疼痛和采食障碍。,立即向当地动物防疫部门报告，严禁私自出售、运输或屠宰可疑猪只；对发病猪进行隔离观察，减少应激，提供柔软垫料防止蹄部损伤加重；加强圈舍消毒，限制人员、车辆流动；采集口腔液、水疱液等样本送指定实验室确诊；在未获明确排除结果前，不得作为普通疾病自行用药或继续饲养至出栏。,因涉及一类疫病，无常规休药期概念，须依据官方检测结果和处置决定执行。,"{""disease_name"": ""猪口蹄疫"", ""severity"": ""高"", ""scene_tags"": [""育肥猪"", ""水疱性病变"", ""高热"", ""群体传播风险""], ""validation_points"": [""符合口蹄疫典型水疱、跛行、高热表现"", ""群体中出现多例相似症状提示传染性"", ""育肥阶段易因疼痛影响采食和生长""], ""risk_flags"": [""重大动物疫病"", ""禁止擅自治疗或销售""], ""case_type"": ""上市休药期咨询"", ""target_disease"": ""猪口蹄疫"", ""local_flags"": {""species_ok"": true, ""target_disease_in_diagnosis"": true, ""target_disease_mismatch"": false, ""contains_specific_dose"": false, ""contains_specific_withdrawal"": false, ""regulated_bad_treatment"": false}}",False,False,,,True,False,False,D:\XF-ChongQin\ai-\knowledge\llm_wiki_swine_authoritative,1465,887,"猪口蹄疫
猪口蹄疫、foot and mouth disease picornaviruses
上市休药期咨询
用户接近出栏，关心治疗方向和用药后能否出栏销售。","{""HUMAN_REVIEWED"": 3, ""NEEDS_REVIEW"": 2}","[""A0-MOA-573"", ""A1-WOAH-FMD"", ""A1-WOAH-FMD-DISEASE"", ""SRC-0001"", ""SRC-0012"", ""SRC-0047""]",2191,20.85,ERNIE-4.5-Turbo-32K,92,30,20,25,17,False,True,"该回答对猪口蹄疫的诊断准确，病理逻辑清晰，处理方向安全且符合重大疫病管理要求，数据质量较高，无明显错误。
问题：data_quality 扣 8 分：未明确提及人兽共患风险及防护建议，对用户关心的出栏影响未充分解释（仅提及禁止销售，未说明后续处置流程）。",hunyuan-turbos-20250926,90,10,10,10,7,False,False,诊断准确，病理逻辑合理，处理方案符合重大疫病防控要求，无危险建议。主要不足在于未补充人兽共患风险提示及个人防护建议，也未详细解释出栏相关处置流程。,True,ERNIE-4.5-Turbo-32K,partially,review,诊断准确，病理逻辑合理，处理方案符合重大疫病防控要求，无危险建议。但未提及人兽共患风险及防护建议，对用户关心的出栏影响未充分解释，存在轻微不足。,88.0,30,20,25,17,review,12.02,16.25,,1,D:\XF-ChongQin\ai-\results\swine_weak_wiki_production\swine_disease_dataset_production_20260507_141653_dual_reviewed_reselected_20260507_150645.csv
d170f89b-03f5-5ac3-98ae-28d28e7f8766,81,猪大肠杆菌病,swine_hunyuan_turbos,hunyuan-turbos-20250926,成功,,猪,我家有80头15日龄左右的哺乳仔猪，最近两天陆续有10多头出现黄色水样腹泻，肛门周围沾满粪污，吃奶量明显下降，精神沉郁，有的还伴有轻微脱水。舍内温度偏低，通风一般，之前没用过什么药。这种情况是不是大肠杆菌引起的？该怎么处理？,根据描述，该批哺乳仔猪在低温环境下出现黄色水样腹泻、脱水及食欲下降，符合猪大肠杆菌病（Colibacillosis）的典型表现，尤其是ETEC型产肠毒素大肠杆菌所致的新生仔猪腹泻。结合群体发病、同窝集中发生及环境因素，高度提示为致病性大肠杆菌感染。,treatment_direction: 立即改善保温与通风条件，减少冷应激；对腹泻严重个体进行补液（口服或腹腔注射），防止脱水加重；使用针对革兰氏阴性菌的敏感抗生素进行治疗，并配合电解质多维饮水；同时采集新鲜粪便样本送实验室分离鉴定，明确菌株类型及耐药性。；management_measures: 隔离病猪至温暖干燥区域，加强圈舍清洁消毒，保持适宜温湿度；保证全群充足饮水和营养摄入；暂停引入新猪，防止交叉感染。；sampling_submission: 采集腹泻仔猪的新鲜粪便或直肠拭子，尽快送至具备资质的兽医实验室进行大肠杆菌分离培养和药敏试验，必要时做PCR检测毒力基因。；prohibited_boundaries: 禁止随意使用未经批准的兽药或超范围用药；严禁将病死猪出售或食用；若短期内死亡数快速上升或出现神经症状，应立即向当地动物防疫部门报告，排除其他重大疫病。,按所用药物标签规定执行，并在停药后经兽医评估后方可屠宰上市。,"{""disease_name"": ""猪大肠杆菌病"", ""severity"": ""中等偏重"", ""scene_tags"": [""哺乳仔猪"", ""群体腹泻"", ""低温应激"", ""脱水""], ""validation_points"": [""症状与ETEC型大肠杆菌腹泻一致"", ""群体发病且同窝集中"", ""环境寒冷可能诱发或加重病情""], ""risk_flags"": [""潜在传染扩散"", ""脱水致死风险"", ""需排除其他肠道病原""], ""case_type"": ""腹泻群体发病"", ""target_disease"": ""猪大肠杆菌病"", ""local_flags"": {""species_ok"": true, ""target_disease_in_diagnosis"": true, ""target_disease_mismatch"": false, ""contains_specific_dose"": false, ""contains_specific_withdrawal"": false, ""regulated_bad_treatment"": false}}",False,False,,,True,False,False,D:\XF-ChongQin\ai-\knowledge\llm_wiki_swine_authoritative,1465,887,"猪大肠杆菌病
猪大肠杆菌病、colibacillosis、大肠杆菌、大肠杆菌性腹泻、E. coli
腹泻群体发病
同窝或同栏出现水样腹泻、脱水、采食下降，用户想知道主要病因和紧急处理。","{""HUMAN_REVIEWED"": 3, ""NEEDS_REVIEW"": 2}","[""SRC-0001"", ""SRC-0063"", ""SRC-0064""]",2169,31.18,ERNIE-4.5-Turbo-32K,92,28,19,24,21,False,True,"该回答整体表现良好，诊断准确，逻辑清晰，处理方向安全，数据质量较高。诊断部分准确识别了猪大肠杆菌病，并考虑了环境因素；病理逻辑部分合理分析了症状与疾病的关系；处方安全部分提出了合理的治疗和管理措施；数据质量部分提供了详细的场景标签和验证点。
问题：诊断准确性方面，虽然整体准确，但未完全覆盖所有可能的症状和鉴别诊断，可进一步提升细节描述。；病理逻辑部分，对症状与疾病关系的分析可以更加深入，例如解释为何低温环境会诱发或加重病情。；处方安全部分，虽然提出了合理的治疗和管理措施，但未明确具体抗生素的选择和使用剂量，可能影响实际操作的准确性。；数据质量部分，虽然提供了详细的场景标签和验证点，但风险标志部分可以更加具体，例如明确列出需要排除的其他肠道病原。",hunyuan-turbos-20250926,90,9,8.5,9,8.5,False,False,该案例真实可信，用户描述的哺乳仔猪黄色水样腹泻、脱水、精神沉郁等症状与猪大肠杆菌病典型表现一致，且考虑到了低温应激等诱因。诊断依据充分，处理方案包括保温、补液、抗生素治疗、采样送检及生物安全措施，方向正确且安全。未出现危险建议，但存在少量改进空间。,True,ERNIE-4.5-Turbo-32K,True,review,诊断准确识别了猪大肠杆菌病，并考虑了环境因素，但未详细列举可能的鉴别诊断对象，如轮状病毒、传染性胃肠炎等其他引起仔猪腹泻的病因，病理机制分析不够深入，未详细解释低温如何促进大肠杆菌繁殖或加重腹泻，处方中未明确抗生素选择原则，仅笼统提及“敏感抗生素”，可能影响实际操作的可操作性，但整体方向安全，数据质量较高，故评为review。,88.0,28,19,24,21,review,20.92,20.2,,1,D:\XF-ChongQin\ai-\results\swine_weak_wiki_production\swine_disease_dataset_production_20260507_141653_dual_reviewed_reselected_20260507_150645.csv
fdd879a7-f45f-513b-bd43-4b127acbee55,198,猪钩端螺旋体病,swine_hunyuan_turbos,hunyuan-turbos-20250926,成功,,猪,我家有120头能繁母猪，还有20头公猪，最近两个月配种成功率明显下降，空怀率升高，有几窝产仔数也少，之前没用过什么特别的药物，圈舍通风一般，想问下这种情况是不是要停配种和引进新猪？需要采哪些样去化验？,结合病史及繁殖障碍表现，怀疑为猪钩端螺旋体病引起的繁殖损失。该病在地方性流行区可导致母猪流产、死胎、产仔数减少及公猪精液质量下降，且多数感染呈亚临床，但在妊娠母猪和年轻猪中更易显现。,treatment_direction: 立即暂停配种计划，防止垂直传播和水平扩散；对可疑个体进行隔离观察，并采集血液、尿液、胎盘组织及公猪精液送实验室检测。；management_measures: 加强圈舍卫生管理，清理积水，减少鼠类活动；工作人员佩戴防护手套和口罩，注意洗手，避免直接接触体液；暂停引入新猪直至检测结果明确。；sampling_and_testing: 建议采集怀孕母猪的血液和尿液，流产或早产的胎盘组织，以及公猪精液样本，送具备资质的兽医实验室进行钩端螺旋体PCR或血清学检测。；prohibited_boundaries: 在未排除钩端螺旋体病前，不得进行配种、引种或出售种猪；发现阳性结果应立即按当地动物防疫部门要求进行报告和处置。,因未使用特定治疗药物，无直接休药期限制，但应依据检测结果和防疫要求决定恢复配种时间。,"{""disease_name"": ""猪钩端螺旋体病"", ""severity"": ""中等至严重（视感染率和繁殖损失程度）"", ""scene_tags"": [""繁殖障碍"", ""地方流行性"", ""人兽共患风险""], ""validation_points"": [""符合猪钩端螺旋体病在繁殖猪群中的临床表现特征"", ""采样方案覆盖主要检测途径（血、尿、胎盘、精液）"", ""管理措施兼顾生物安全和人畜共患防控""], ""risk_flags"": [""职业性人兽共患风险"", ""可能跨区域传播"", ""影响种群遗传结构""], ""case_type"": ""繁殖障碍送检"", ""target_disease"": ""猪钩端螺旋体病"", ""local_flags"": {""species_ok"": true, ""target_disease_in_diagnosis"": true, ""target_disease_mismatch"": false, ""contains_specific_dose"": false, ""contains_specific_withdrawal"": false, ""regulated_bad_treatment"": false}}",False,False,,,True,False,False,D:\XF-ChongQin\ai-\knowledge\llm_wiki_swine_authoritative,1465,887,"猪钩端螺旋体病
猪钩端螺旋体病、leptospirosis
繁殖障碍送检
繁殖异常持续出现，用户询问该采哪些样品、是否需要暂停配种和引种。","{""HUMAN_REVIEWED"": 3, ""NEEDS_REVIEW"": 2}","[""SRC-0001"", ""SRC-0067"", ""SRC-0068""]",2161,110.94,ERNIE-4.5-Turbo-32K,90,28,18,24,20,False,True,"整体回答质量较高，诊断准确性、病理逻辑、处方安全性和数据质量均表现良好，无明显致命风险。诊断结合病史和繁殖障碍表现，合理怀疑猪钩端螺旋体病，采样方案和管理措施全面，兼顾生物安全和人畜共患防控。
问题：diagnosis_accuracy: 诊断准确性得分稍低，主要因未完全排除其他繁殖障碍疾病的可能性，如猪繁殖与呼吸综合征（PRRS）或伪狂犬病，尽管钩端螺旋体病是合理怀疑。；pathology_logic: 病理逻辑得分中等，因未详细阐述钩端螺旋体病导致繁殖障碍的具体病理机制，如细菌如何影响母猪卵巢功能或公猪精子生成。；data_quality: 数据质量得分稍低，因未提供具体的地方性流行区数据或实验室检测阳性率支持诊断怀疑，尽管采样方案和管理措施全面。",hunyuan-turbos-20250926,85,80,75,95,80,False,False,该数据为有效的猪病咨询记录，诊断基于用户描述的繁殖障碍症状合理推测为猪钩端螺旋体病，管理措施涵盖隔离、采样、生物安全防护及防疫报告要求，符合重大疫病和人兽共患病的安全边界。不足之处在于未充分排除其他常见繁殖障碍病因，也未详细说明钩端螺旋体病的致病机理，缺乏流行病学背景支撑。,True,ERNIE-4.5-Turbo-32K,True,review,诊断基于繁殖障碍表现合理怀疑猪钩端螺旋体病，采样方案和管理措施全面，符合生物安全和人畜共患防控要求。但未完全排除其他繁殖障碍疾病（如PRRS、伪狂犬病）的可能性，且未详细阐述钩端螺旋体病导致繁殖障碍的具体病理机制，缺乏地方性流行区数据或实验室检测阳性率支持诊断怀疑，因此判为review。,87.0,28,18,24,20,review,21.0,18.7,,1,D:\XF-ChongQin\ai-\results\swine_weak_wiki_production\swine_disease_dataset_production_20260507_141653_dual_reviewed_reselected_20260507_150645.csv
af70604a-e6b3-5101-8181-6ba393330a5c,350,猪虱病,swine_hunyuan_turbos,hunyuan-turbos-20250926,成功,,猪,我家有200多头育肥猪，平均体重70公斤左右，最近几天发现有几头猪不停地蹭墙、抓痒，被毛粗糙，局部有红疹和皮屑，舍内比较潮湿，通风一般，之前没用过驱虫药。这种情况是不是要全群处理？环境怎么弄？多久能复查？,根据描述，考虑为猪虱感染可能。猪虱病表现为剧烈瘙痒、被毛粗乱、皮肤损伤及皮屑，常伴环境潮湿、通风不良。确诊需在体表查找活虱或附着于毛上的虫卵，单凭瘙痒和皮肤改变不能定论。,建议先对出现症状的猪进行体表检查，找到虱或虫卵以支持诊断；若确诊，应对全群进行同步处理，包括使用经批准的体外驱虫剂（按产品说明操作），同时加强圈舍清洁消毒，清除粪污、更换垫料、改善通风、降低湿度，并对工具、运输车辆等进行消毒；处理后间隔一定时间（依产品说明）复查体表情况，必要时重复处理。注意避免在未确诊前盲目用药，防止掩盖其他病因。,具体休药期和停药时间须严格遵循所用驱虫产品的说明书及国家相关规定，不可自行缩短或忽略。,"{""disease_name"": ""猪虱病"", ""severity"": ""中等"", ""scene_tags"": [""育肥猪"", ""瘙痒"", ""皮肤损伤"", ""环境潮湿""], ""validation_points"": [""瘙痒与皮肤病变提示体外寄生虫可能"", ""需通过肉眼或放大镜检查虱或虫卵确诊"", ""环境管理与驱虫并重""], ""risk_flags"": [""未经确诊勿随意用药"", ""环境潮湿易复发""], ""case_type"": ""驱虫和环境管理"", ""target_disease"": ""猪虱病"", ""local_flags"": {""species_ok"": true, ""target_disease_in_diagnosis"": true, ""target_disease_mismatch"": false, ""contains_specific_dose"": false, ""contains_specific_withdrawal"": false, ""regulated_bad_treatment"": false}}",False,False,,,True,False,False,D:\XF-ChongQin\ai-\knowledge\llm_wiki_swine_authoritative,1465,887,"猪虱病
猪虱病、external parasites lice
驱虫和环境管理
用户询问是否需要全群处理、环境清理和复查方式。","{""HUMAN_REVIEWED"": 3, ""NEEDS_REVIEW"": 2}","[""SRC-0001"", ""SRC-0013"", ""SRC-0072"", ""SRC-0080"", ""SRC-0082""]",2028,22.28,ERNIE-4.5-Turbo-32K,90,28,18,24,20,False,True,"整体回答质量较高，诊断准确性、病理逻辑、处方安全性和数据质量均表现良好，无明显致命风险。
问题：诊断准确性方面，虽然考虑了猪虱感染的可能性，但未充分排除其他类似症状疾病（如疥螨病）的可能性，诊断依据略显单一。；病理逻辑方面，对猪虱病的病理机制解释不够深入，仅描述了症状与环境因素的关系。；数据质量方面，虽然提供了详细的场景标签和验证点，但对疾病严重程度的描述较为笼统，缺乏具体数据支持。",hunyuan-turbos-20250926,85,80,80,90,85,False,False,该回答在诊断思路上合理，结合症状与环境因素提出猪虱病可能性，并强调需通过体表检查确认；处方建议符合安全规范，未给出具体药物剂量或休药期，避免了违规风险；同时提醒了在未确诊前不应盲目用药，体现了安全边界意识。不足之处在于诊断部分未充分讨论其他可能引起相似症状的疾病（如疥螨病），病理机制解释较浅，且缺少更具体的病情严重程度评估。,True,ERNIE-4.5-Turbo-32K,True,review,回答整体质量较高，诊断思路合理，结合症状与环境因素提出猪虱病可能性，并强调需通过体表检查确认，处方建议符合安全规范，未给出具体药物剂量或休药期，避免了违规风险，同时提醒了在未确诊前不应盲目用药，体现了安全边界意识。但诊断部分未充分讨论其他可能引起相似症状的疾病（如疥螨病），病理机制解释较浅，且缺少更具体的病情严重程度评估，因此判为review。,87.0,28,18,24,20,review,14.86,22.61,,1,D:\XF-ChongQin\ai-\results\swine_weak_wiki_production\swine_disease_dataset_production_20260507_141653_dual_reviewed_reselected_20260507_150645.csv
afc2b792-1c9a-5b1a-bdec-8240f82278b4,3,猪传染性胃肠炎,swine_hunyuan_turbos,hunyuan-turbos-20250926,成功,,猪,我家有200头母猪，现在产房里刚出生一周左右的仔猪陆续出现拉稀，有的黄色水样，有的带泡沫，吃奶还行但精神差，有几头已经脱水站不稳了。之前用过恩诺沙星拌料两天没见好转，想问下这种情况是病毒还是细菌感染？要不要做检测？,根据日龄（1周龄左右）、水样腹泻、伴泡沫、脱水表现及使用抗生素无效的情况，首先考虑病毒性腹泻，如猪传染性胃肠炎（TGEV）、流行性腹泻（PEDV），也可能与轮状病毒、大肠杆菌（ETEC）或球虫（Isospora suis）有关。需要结合实验室检测区分病因。,treatment_direction: 立即停喂难消化饲料，提供温水防止脱水；对严重脱水个体进行补液支持；避免使用广谱抗生素作为唯一手段，以免掩盖病情并延误诊断。；management_measures: 加强产房保温与通风，减少人员流动，严格消毒鞋靴、工具；暂停引入新猪；病死猪及时无害化处理。；sampling_for_testing: 采集腹泻粪便或直肠拭子，送实验室用RT-PCR检测TGEV、PEDV、轮状病毒、大肠杆菌毒力基因及球虫卵囊，必要时配合电镜或细胞培养鉴定。；prohibited_actions: 禁止将病猪随意转移或出售；禁止在确诊前大规模投喂未经许可的药物；禁止忽视脱水与死亡风险而仅依赖经验用药。,因未涉及特定药物治疗，无明确休药期；若后续使用兽药，须遵循标签说明并在出栏前满足相应停药期。,"{""disease_name"": ""猪传染性胃肠炎"", ""severity"": ""高"", ""scene_tags"": [""产房"", ""1周龄仔猪"", ""水样腹泻"", ""脱水"", ""抗生素治疗无效""], ""validation_points"": [""按日龄和病程分层鉴别腹泻原因"", ""考虑病毒性、细菌性、寄生虫性多重可能性"", ""强调实验室检测的重要性""], ""risk_flags"": [""重大动物疫病潜在风险"", ""人畜共患病无关""], ""case_type"": ""腹泻采样送检"", ""target_disease"": ""猪传染性胃肠炎"", ""local_flags"": {""species_ok"": true, ""target_disease_in_diagnosis"": true, ""target_disease_mismatch"": false, ""contains_specific_dose"": false, ""contains_specific_withdrawal"": false, ""regulated_bad_treatment"": false}}",False,False,,,True,False,False,D:\XF-ChongQin\ai-\knowledge\llm_wiki_swine_authoritative,1465,887,"猪传染性胃肠炎
猪传染性胃肠炎、transmissible gastroenteritis virus、TGE、TGEV
腹泻采样送检
用户描述粪便性状、日龄和病程，重点询问如何鉴别病毒性、细菌性或寄生虫性腹泻。","{""HUMAN_REVIEWED"": 2, ""NEEDS_REVIEW"": 2}","[""RC-DIARRHEA-001"", ""SRC-0001"", ""SRC-0007"", ""SRC-0036"", ""SRC-0052"", ""SRC-0062"", ""SRC-0063"", ""SRC-0064"", ""SRC-0071"", ""SRC-0072"", ""SRC-0073"", ""SRC-0077"", ""SRC-0081""]",2221,38.59,ERNIE-4.5-Turbo-32K,88,28,18,23,20,False,True,"整体回答质量较高，诊断考虑全面，鉴别诊断合理，治疗方向安全，管理措施得当，采样建议明确，风险控制较好。
问题：诊断准确性方面，虽然考虑了多种可能性，但对猪传染性胃肠炎的指向性不够强，未充分结合典型症状（如呕吐）和流行病学特点（如冬季高发）进行强化说明。；病理逻辑方面，对轮状病毒、大肠杆菌和球虫的鉴别诊断描述稍显简略，缺乏对各病原体特征性症状的对比分析。；数据质量方面，场景标签和验证点覆盖较全，但风险标志中未明确提及‘仔猪高死亡率’这一关键特征，可能影响对疾病严重性的判断。；处方安全性方面，虽强调避免滥用抗生素，但未提供具体的补液方案（如口服补液盐配方或静脉补液指征），可能影响实际操作性。",hunyuan-turbos-20250926,85,80,82,90,83,True,False,该数据整体结构完整，场景真实且符合猪传染性胃肠炎的典型发病条件（1周龄仔猪、水样腹泻、脱水）。诊断部分列举了多种可能病原，涵盖病毒性、细菌性及寄生虫因素，并建议实验室检测以明确病因，思路合理。治疗与管理措施安全，强调了避免滥用抗生素、加强生物安全和病死猪无害化处理，风险控制到位。不足之处在于对猪传染性胃肠炎的特异性提示不足，未突出其呕吐、冬季高发等特征，也未详细对比不同病原的症状差异，导致诊断指向性偏弱；同时缺少针对脱水的可操作补液方案细节。,True,ERNIE-4.5-Turbo-32K,True,review,整体回答质量较高，诊断考虑全面，鉴别诊断合理，治疗方向安全，管理措施得当，采样建议明确，风险控制较好。但存在一些轻微不足，如诊断中对猪传染性胃肠炎的特异性提示不足，未充分结合典型症状（如呕吐）和流行病学特点（如冬季高发）进行强化说明；对不同病原的特征性症状对比分析较少，影响鉴别诊断清晰度；未提供具体的补液方案（如口服补液盐配方或静脉补液指征），降低实操指导性。,86.0,28,18,23,20,review,23.05,20.08,,1,D:\XF-ChongQin\ai-\results\swine_weak_wiki_production\swine_disease_dataset_production_20260507_141653_dual_reviewed_reselected_20260507_150645.csv
f15901eb-832a-58f6-80ad-834462accc92,7,猪胸膜肺炎,swine_hunyuan_turbos,hunyuan-turbos-20250926,成功,,猪,我家有120头70日龄左右的保育猪，最近两天陆续有几头开始咳嗽、呼吸急促，体温在40℃左右，吃料明显变慢，有的还趴着不动。圈舍通风一般，湿度偏高，之前没用过抗生素。请问这是啥病？要不要整批都用药？,根据描述的症状（高热、咳嗽、呼吸困难、食欲下降）以及保育猪阶段，结合群体发生的情况，高度怀疑为猪胸膜肺炎（由胸膜肺炎放线杆菌引起）。该病常在应激条件下暴发，急性病例可见肺部出血、坏死等病变，慢性可出现胸膜粘连。,treatment_direction: 尽快隔离有明显症状的个体，减少应激因素，改善通风与温湿度控制；对全群可考虑使用针对革兰阴性菌的敏感抗生素进行预防性投喂，同时加强饮水卫生。；management_measures: 提高舍内温度以缓解代谢产热不足，降低密度，保证清洁饮水；及时清理粪污，防止氨气浓度过高刺激呼吸道。；sampling_testing: 采集病死猪或濒死猪的肺组织及胸腔液送实验室做细菌分离鉴定，明确是否为胸膜肺炎放线杆菌感染，并做药敏试验指导后续用药。；contraindications_boundary: 严禁将疑似病猪随意出售或转运，避免疫情扩散；在未确诊前不建议盲目使用广谱抗生素以防耐药；如病情快速恶化或出现大量死亡，应立即向当地畜牧兽医部门报告。,因涉及群体用药且需依据药敏结果确定具体药物，暂不明确具体休药期，须按所用药物说明执行并在出栏前确保停药时间符合规定。,"{""disease_name"": ""猪胸膜肺炎"", ""severity"": ""中等至严重（视病程和死亡率而定）"", ""scene_tags"": [""保育猪"", ""群体发病"", ""呼吸道症状"", ""高湿环境""], ""validation_points"": [""症状与胸膜肺炎典型表现一致"", ""保育阶段为易感群体"", ""环境因素（通风差、湿度高）增加发病风险""], ""risk_flags"": [""潜在群体传播风险"", ""需实验室确诊"", ""可能涉及三类动物疫病管理""], ""case_type"": ""呼吸道群体发病"", ""target_disease"": ""猪胸膜肺炎"", ""local_flags"": {""species_ok"": true, ""target_disease_in_diagnosis"": true, ""target_disease_mismatch"": false, ""contains_specific_dose"": false, ""contains_specific_withdrawal"": false, ""regulated_bad_treatment"": false}}",False,False,,,True,False,False,D:\XF-ChongQin\ai-\knowledge\llm_wiki_swine_authoritative,1465,887,"猪胸膜肺炎
猪胸膜肺炎、actinobacillus pleuropneumoniae pleuropneumonia
呼吸道群体发病
同栏出现咳嗽、喘气、发热、采食下降，用户想判断病因和是否需要全群用药。","{""HUMAN_REVIEWED"": 3, ""NEEDS_REVIEW"": 2}","[""A0-MOA-573"", ""SRC-0001"", ""SRC-0006"", ""SRC-0058""]",2127,36.0,ERNIE-4.5-Turbo-32K,88,28,18,23,19,False,True,"整体回答质量较高，诊断准确性、病理逻辑、处方安全性和数据质量均表现良好，无明显致命风险，符合通过标准。
问题：诊断准确性方面，虽然症状描述与猪胸膜肺炎高度吻合，但未完全排除其他类似呼吸道疾病的可能性，如猪肺疫等，可进一步增加鉴别诊断内容。；病理逻辑方面，对疾病发生的环境因素（通风差、湿度高）与疾病关系的阐述可更深入，以增强逻辑性。；数据质量方面，场景标签和验证点较为全面，但风险标志中“可能涉及三类动物疫病管理”未明确具体依据，略显模糊。；处方安全性方面，虽提到根据药敏试验指导后续用药，但未明确初始预防性用药的选择原则，可能增加盲目用药风险。",hunyuan-turbos-20250926,85,90,85,80,85,False,False,该回答整体结构完整，诊断与症状匹配度高，考虑了环境应激因素，并提出了合理的采样检测与防控建议，处方方向安全，无直接危险建议。不足之处在于缺乏更全面的鉴别诊断，对环境致病机制的解释不够深入，部分表述存在轻微模糊，可能影响实际操作中的精准度。,True,ERNIE-4.5-Turbo-32K,partially,review,回答整体结构完整，诊断与症状匹配度高，考虑了环境应激因素，并提出了合理的采样检测与防控建议，处方方向安全，无直接危险建议。但存在以下可优化点：未充分列出可能的鉴别诊断（如猪肺疫、支原体肺炎等），可能导致误诊风险；对通风不良、湿度高等环境与发病机制的关联解释较浅，逻辑链条不够严密；预防性用药建议缺少选择原则和风险提示，可能诱导盲目用药；风险标识中‘三类动物疫病’未给出明确依据，表述不够严谨。,86.0,28,18,23,19,review,20.22,21.45,,1,D:\XF-ChongQin\ai-\results\swine_weak_wiki_production\swine_disease_dataset_production_20260507_141653_dual_reviewed_reselected_20260507_150645.csv
4a669f42-2d42-5da3-b37f-2e45cb19c5f7,9,仔猪黄白痢,swine_hunyuan_turbos,hunyuan-turbos-20250926,成功,,猪,我家有200头左右25日龄左右的保育猪，这几天陆续有几窝开始拉黄色稀便，有的带点白色黏液，精神差、吃奶少，个别猪肚子鼓胀、体温正常偏低，圈舍湿度大、通风一般，之前用过恩诺沙星拌料没明显好转，想问下这是啥病？该怎么处理？,根据描述，考虑为仔猪黄白痢，主要由致病性大肠杆菌引起，常见于哺乳后期至保育初期，潮湿环境和应激因素可诱发或加重。,立即改善圈舍通风与干燥度，减少温差刺激；对腹泻严重个体进行补液防脱水，可用口服电解质溶液；停喂霉变饲料，保证饮水清洁；采集新鲜粪便送实验室做细菌分离鉴定及药敏试验，指导后续用药；避免使用未经药敏验证的抗生素以防耐药性扩散；若怀疑混合感染或病情恶化，应联系当地兽医站进一步诊断。,因未确定具体药物方案，无法给出确切休药期，需依据最终使用药物的说明书及国家规定执行。,"{""disease_name"": ""仔猪黄白痢"", ""severity"": ""中等偏重"", ""scene_tags"": [""保育猪"", ""腹泻"", ""高湿环境"", ""抗生素治疗无效""], ""validation_points"": [""符合大肠杆菌性腹泻的典型年龄分布"", ""症状与黄白痢临床表现一致"", ""环境因素与诱因吻合""], ""risk_flags"": [""可能伴随继发感染"", ""需排除其他肠道病原如轮状病毒""], ""case_type"": ""腹泻群体发病"", ""target_disease"": ""仔猪黄白痢"", ""local_flags"": {""species_ok"": true, ""target_disease_in_diagnosis"": true, ""target_disease_mismatch"": false, ""contains_specific_dose"": false, ""contains_specific_withdrawal"": false, ""regulated_bad_treatment"": false}}",False,False,,,True,False,False,D:\XF-ChongQin\ai-\knowledge\llm_wiki_swine_authoritative,1465,887,"仔猪黄白痢
仔猪黄白痢、neonatal post weaning colibacillosis、黄白痢、大肠杆菌、仔猪大肠杆菌病
腹泻群体发病
同窝或同栏出现水样腹泻、脱水、采食下降，用户想知道主要病因和紧急处理。","{""HUMAN_REVIEWED"": 1, ""NEEDS_REVIEW"": 4}","[""SRC-0001"", ""SRC-0063""]",2055,31.39,ERNIE-4.5-Turbo-32K,88,28,18,24,18,False,True,"整体回答较为准确，诊断与症状、环境因素匹配，处理方向安全合理，但部分细节可优化。
问题：diagnosis_accuracy: 诊断准确度较高，但未明确提及体温正常偏低与黄白痢的关联性，可进一步强化诊断依据。；pathology_logic: 病理逻辑基本合理，但未详细解释湿度大、通风一般如何具体诱发或加重黄白痢，逻辑链条可更完整。；prescription_safety: 处方安全合理，但未针对黄白痢提出具体抗生素建议（仅提及避免未经药敏验证的抗生素），可补充常用有效药物（如硫酸新霉素、庆大霉素等，需注明需药敏试验指导）。；data_quality: 数据质量良好，但休药期说明过于保守（‘无法给出确切休药期’），可补充‘若使用硫酸新霉素等常用药物，休药期一般为X天（需根据具体药物说明书）’以提升实用性。",hunyuan-turbos-20250926,85,8.5,8.0,9.0,8.0,True,False,该回答在诊断上符合仔猪黄白痢的典型表现，并考虑了环境诱因，处理措施总体安全且强调药敏试验，避免了盲目用药的风险。不足之处在于诊断依据可更充分，病理机制解释略简略，处方中缺乏常见有效药物的提示，以及休药期信息过于保守，影响实用性。,True,ERNIE-4.5-Turbo-32K,True,review,诊断与症状、环境因素基本匹配，处理方向安全合理，但存在部分细节不足：诊断未明确体温正常偏低与黄白痢的关联性，病理机制对湿度大、通风不良的诱发作用解释不充分，处方缺少常用有效抗生素示例，休药期说明过于保守。整体内容可参考但需优化细节。,86.0,28,18,24,18,review,25.37,24.06,,1,D:\XF-ChongQin\ai-\results\swine_weak_wiki_production\swine_disease_dataset_production_20260507_141653_dual_reviewed_reselected_20260507_150645.csv
d9d4d030-d275-54ec-a5d6-5e61eb111249,13,猪链球菌病,swine_hunyuan_turbos,hunyuan-turbos-20250926,成功,,猪,我家有200头保育猪，现在60日龄左右，最近两天陆续有几头精神沉郁、不吃料，有的耳朵发紫，体温偏高，还有几头呼吸急促，粪便偏稀。之前用过阿莫西林饮水三天，没明显好转。请问这是啥病？该怎么处理？,根据描述，保育猪出现发热、精神沉郁、食欲下降、部分耳部发绀及呼吸道症状，结合年龄和群体性发病特点，高度怀疑为猪链球菌病（Streptococcus suis），可能同时伴有继发细菌感染或混合感染。需通过实验室检测（如血液、脑脊液或病变组织培养/PCR）确诊。,treatment_direction: 立即隔离病猪，减少应激，改善通风与保温，适当提高环境温度以缓解代谢负担；针对可能的链球菌感染，使用敏感抗生素（需依据当地耐药情况选择，如β-内酰胺类、氟喹诺酮类等），并配合支持疗法（补液、电解质平衡）。；management_measures: 加强圈舍清洁消毒，防止交叉感染；暂停转群与混群操作；对同栏健康猪进行密切观察，必要时预防性投喂敏感药物。；sampling_and_testing: 采集病猪血样、脑脊液或病变组织送实验室做细菌培养和药敏试验，同时进行PCR检测确认链球菌血清型。；prohibited_boundaries: 严禁私自屠宰、销售或食用可疑病猪及其产品；若确诊为高致病性或疑似重大动物疫病，应按规定上报主管部门，不得擅自处理。,因未明确具体药物种类与剂量，无法给出确切休药期，须按所用药物说明书及国家相关规定执行，并在停药期满后方可出栏或屠宰。,"{""disease_name"": ""猪链球菌病"", ""severity"": ""中等至严重（可致死，尤其脑膜炎型）"", ""scene_tags"": [""保育猪"", ""群体发病"", ""发热"", ""采食下降"", ""呼吸道症状"", ""耳部发绀""], ""validation_points"": [""符合S. suis在保育猪阶段的易感性特征"", ""临床表现与文献描述的发热、神经症状、败血症相符"", ""群体性发病模式支持细菌性传染病判断""], ""risk_flags"": [""存在人畜共患潜在风险（皮肤伤口接触病猪或生肉可致人类感染）"", ""若病情扩散，可能涉及重大动物疫病防控边界""], ""case_type"": ""保育猪群体发病"", ""target_disease"": ""猪链球菌病"", ""local_flags"": {""species_ok"": true, ""target_disease_in_diagnosis"": true, ""target_disease_mismatch"": false, ""contains_specific_dose"": false, ""contains_specific_withdrawal"": false, ""regulated_bad_treatment"": false}}",False,False,,,True,False,False,D:\XF-ChongQin\ai-\knowledge\llm_wiki_swine_authoritative,1465,887,"猪链球菌病
猪链球菌病、streptococcosis streptococcus suis
保育猪群体发病
群体发病、采食下降、粪便或呼吸道异常，用户想知道主要病因和下一步处理。","{""HUMAN_REVIEWED"": 3, ""NEEDS_REVIEW"": 2}","[""SRC-0001"", ""SRC-0006"", ""SRC-0014"", ""SRC-0075"", ""SRC-0076""]",2076,32.6,ERNIE-4.5-Turbo-32K,88,28,18,23,20,False,True,"整体回答质量较高，诊断方向合理，处理措施安全，数据质量较好，无明显致命风险。
问题：诊断准确性方面，虽然高度怀疑猪链球菌病，但未完全排除其他可能的混合感染，如副猪嗜血杆菌病等，诊断依据可进一步丰富。；病理逻辑方面，对群体发病模式的解释稍显简单，可进一步阐述细菌性传染病在群体中的传播特点。；数据质量方面，场景标签和验证点较为全面，但风险标志中的人畜共患风险描述可更具体，如明确接触途径和预防措施。；处方安全方面，虽然提出了使用敏感抗生素和支持疗法，但未明确具体药物名称和剂量范围，可能影响实际操作的准确性。",hunyuan-turbos-20250926,85,8.5,8.2,9.0,8.3,True,False,该数据整体真实可信，用户描述的保育猪症状与猪链球菌病的典型表现相符，诊断方向合理且考虑了混合感染的可能性。处理方案包含隔离、环境管理、支持疗法及必要的实验室检测，符合安全规范，未出现危险用药建议。不足之处在于诊断依据可更充分，群体传播机制分析略简，风险提醒可更细化。,True,ERNIE-4.5-Turbo-32K,True,review,整体回答质量较高，诊断方向合理，处理措施安全，但存在一些轻微不足。诊断虽高度怀疑猪链球菌病，但对其他可能病原（如副猪嗜血杆菌等）的鉴别诊断说明不足；群体发病模式与传播途径的解释较简略，缺乏流行病学细节支撑；对人畜共患风险的提示不够具体，缺少接触途径与防护措施的明确说明。,86.0,28,18,23,20,review,20.07,18.54,,1,D:\XF-ChongQin\ai-\results\swine_weak_wiki_production\swine_disease_dataset_production_20260507_141653_dual_reviewed_reselected_20260507_150645.csv
2d1ca79d-0803-5a39-a446-40cd8da6a0d9,14,猪痢疾,swine_hunyuan_turbos,hunyuan-turbos-20250926,成功,,猪,我这边有200头80公斤左右的育肥猪，最近一周陆续出现拉稀，粪便带血丝和黏液，精神食欲下降，部分猪肛门周围沾污严重。之前用了恩诺沙星拌料三天，效果不明显，现在想问还能不能继续用这个药，还是换别的？圈舍通风一般，湿度偏高，饲料没变过。,根据描述的症状（血性腹泻、黏液便、精神差）、群体发病及用药史，高度怀疑为猪痢疾，可能由强β溶血性Brachyspira（如B. hyodysenteriae、B. hampsonii或B. suanatina）感染所致。确诊需采集典型病例的结肠黏膜或新鲜粪便进行实验室检测，确认强β溶血Brachyspira的存在。,treatment_direction: 在确诊前不建议盲目更换抗生素，应优先送样检测明确病原；若确证为强β溶血Brachyspira感染，可考虑使用对螺旋体有效的抗菌药物（如泰妙菌素、林可霉素类），并配合改善饲养管理降低应激。；management_measures: 加强圈舍通风、降低湿度，减少密度；及时清理粪污，防止交叉污染；分群饲养，将病猪与健康猪隔离；保证饮水清洁充足。；sampling_and_testing: 采集典型病例的新鲜粪便或结肠内容物，送实验室做暗视野显微镜检查及培养，必要时结合PCR检测强β溶血Brachyspira种类。；prohibited_boundaries: 在未排除重大疫病（如非洲猪瘟）前，不得对外销售或调运生猪；禁止随意使用未经批准的兽药或超范围用药。,具体休药期需依据所用药物说明书及国家相关规定执行，建议停药至安全间隔后再考虑出栏。,"{""disease_name"": ""猪痢疾"", ""severity"": ""中等偏重"", ""scene_tags"": [""育肥猪"", ""血性腹泻"", ""黏液便"", ""抗生素治疗无效""], ""validation_points"": [""症状符合猪痢疾典型表现"", ""群体发病且持续数天"", ""前期用药效果不佳提示耐药或病原特殊""], ""risk_flags"": [""存在强β溶血Brachyspira感染风险"", ""需警惕其他肠道病原体混合感染"", ""高湿环境易加重传播""], ""case_type"": ""育肥猪用药咨询"", ""target_disease"": ""猪痢疾"", ""local_flags"": {""species_ok"": true, ""target_disease_in_diagnosis"": true, ""target_disease_mismatch"": false, ""contains_specific_dose"": false, ""contains_specific_withdrawal"": false, ""regulated_bad_treatment"": false}}",False,False,,,True,False,False,D:\XF-ChongQin\ai-\knowledge\llm_wiki_swine_authoritative,1465,887,"猪痢疾
猪痢疾、swine dysentery brachyspira hyodysenteriae、swine dysentery、Brachyspira
育肥猪用药咨询
育肥猪出现典型症状，用户已经用过常见药物但效果一般，询问是否继续用药。","{""HUMAN_REVIEWED"": 2}","[""SRC-0001"", ""SRC-0077""]",2221,34.92,ERNIE-4.5-Turbo-32K,88,28,18,24,18,False,True,"整体回答质量较高，诊断方向准确，症状与疾病匹配合理，处理方向安全且与疾病相互印证。诊断逻辑清晰，考虑了实验室检测的必要性，并给出了合理的治疗和管理建议。数据质量方面，虽然信息完整，但部分细节可进一步优化。
问题：诊断准确性方面，虽然高度怀疑猪痢疾，但未完全排除其他类似疾病的可能性，如非洲猪瘟等重大疫病，尽管已提及需警惕，但未明确说明排除方法。；病理逻辑方面，对猪痢疾的病理机制解释不够深入，仅描述了症状和可能的病原，未详细阐述发病机理。；处方安全方面，虽然给出了合理的治疗建议，但未明确提及具体药物的剂量和使用方法，仅提到需依据药物说明书执行。；数据质量方面，场景标签和验证点较为全面，但风险标志中提及的“高湿环境易加重传播”未在管理措施中给出具体的湿度控制建议。",hunyuan-turbos-20250926,85,90,80,85,85,False,False,该数据整体真实可信，用户描述的育肥猪群体发病情况符合猪痢疾的典型表现，诊断方向正确且提示了实验室确诊的重要性。处理方案与管理措施合理，强调了生物安全和疫病防控边界，未发现明显危险建议。不足之处在于对重大疫病的排除方法未细化，病理机制解释较浅，以及管理措施中对湿度控制的针对性不足。,True,ERNIE-4.5-Turbo-32K,True,review,整体回答质量较高，诊断方向准确，症状与疾病匹配合理，处理方向安全且与疾病相互印证。诊断逻辑清晰，考虑了实验室检测的必要性，并给出了合理的治疗和管理建议。但存在一些轻微不足，如未详细说明如何排除非洲猪瘟等重大疫病的具体检测方法，对猪痢疾的发病机理解释不够深入，以及管理措施中缺少针对高湿环境的细化控制手段。,86.0,28,18,24,18,review,22.36,20.22,,1,D:\XF-ChongQin\ai-\results\swine_weak_wiki_production\swine_disease_dataset_production_20260507_141653_dual_reviewed_reselected_20260507_150645.csv
141079eb-e394-531a-a91e-416cb1082d95,15,猪疥螨病,swine_hunyuan_turbos,hunyuan-turbos-20250926,成功,,猪,我家有120头80日龄左右的育肥猪，最近发现部分猪精神差、采食下降，个别猪身上有抓挠痕迹，耳朵边缘和背部能看到结痂和小红点，有的猪毛竖起像被蹭过一样，粪便偏稀但不带血。之前用过一次伊维菌素拌料驱虫，但效果不明显，现在想问问是不是疥螨，该怎么处理？,根据描述的症状（剧烈瘙痒、皮肤结痂、局部红斑、毛发粗糙）、分布部位及群体性发生特点，高度怀疑为猪疥螨病。该病在育肥猪中常见，由Sarcoptes scabiei var suis引起，可通过直接接触传播。由于皮肤刮片检查存在假阴性可能，应结合临床特征综合判断。,建议立即隔离有明显症状的个体，减少健康猪与其接触；对全群进行环境清洁消毒，清除垫草并更换干燥清洁的垫料；采用经批准的体外驱虫药物（如伊维菌素类）按说明使用，注意轮换不同作用机制的药物以防耐药；同时加强饲养管理，保证营养供给，提高抵抗力；采集病变皮肤组织送实验室做螨虫镜检或PCR检测，以明确病原；严禁将病猪与健康猪混养，防止扩散。,因涉及驱虫药物使用，应按所用药品说明书规定执行停药期，确保上市前体内残留符合食品安全标准。,"{""disease_name"": ""猪疥螨病"", ""severity"": ""中等至严重（影响生长性能、饲料转化率及群体健康）"", ""scene_tags"": [""育肥猪"", ""群体感染"", ""皮肤病变"", ""瘙痒"", ""结痂""], ""validation_points"": [""瘙痒明显且集中在耳缘、背部等部位"", ""皮肤有红斑、结痂等典型疥螨病变"", ""群体中有多例相似症状""], ""risk_flags"": [""具有传染性，需隔离防控"", ""若误诊延误处理可导致经济损失""], ""case_type"": ""寄生虫群体发病"", ""target_disease"": ""猪疥螨病"", ""local_flags"": {""species_ok"": true, ""target_disease_in_diagnosis"": true, ""target_disease_mismatch"": false, ""contains_specific_dose"": false, ""contains_specific_withdrawal"": false, ""regulated_bad_treatment"": false}}",False,False,,,True,False,False,D:\XF-ChongQin\ai-\knowledge\llm_wiki_swine_authoritative,1465,887,"猪疥螨病
猪疥螨病、external parasites mange
寄生虫群体发病
猪群出现腹泻、消瘦、皮肤瘙痒或生长慢，用户怀疑寄生虫。","{""HUMAN_REVIEWED"": 4}","[""SRC-0001"", ""SRC-0080""]",2221,34.37,ERNIE-4.5-Turbo-32K,88,28,18,23,20,False,True,"整体回答质量较高，诊断准确，处理方向安全，数据质量良好，但存在部分细节可优化。
问题：诊断准确性方面，虽然整体判断正确，但未明确提及皮肤刮片检查的局限性及替代诊断方法（如PCR检测）的优先级，可进一步增强诊断逻辑的严谨性。；病理逻辑方面，对疥螨病的传播途径和群体发病特点的描述较为基础，可增加对环境因素（如湿度、卫生条件）对疾病传播影响的阐述。；处方安全性方面，未明确提及伊维菌素的具体使用剂量和频率，仅提到“按说明使用”，可能存在操作模糊性。；数据质量方面，用户查询中提到的“粪便偏稀”症状未在诊断或处理中明确关联或排除其他潜在疾病（如肠道寄生虫），略显不足。",hunyuan-turbos-20250926,85,90,85,80,82,False,False,该回答对猪疥螨病的诊断依据充分，症状与疾病匹配度高，处理方案总体合理且包含必要的生物安全措施。不足之处在于未深入解释皮肤刮片假阴性的原因及替代检测方法的重要性，对环境因素与传播关系的分析较浅，以及未细化驱虫药物的使用细节，可能导致实际操作偏差。此外，用户提到的腹泻症状未被进一步排查或排除其他病因。,True,ERNIE-4.5-Turbo-32K,True,review,诊断方向准确，症状与猪疥螨病匹配度高，处理方案总体合理且包含必要的生物安全措施。但存在部分细节可优化，如未详细说明皮肤刮片假阴性的原因及替代诊断方法的优先顺序，对环境因素影响疥螨传播的分析不足，驱虫药物使用细节不够明确，以及未针对用户描述的腹泻症状进行鉴别诊断或排除其他病因。,86.0,28,18,23,20,review,24.07,19.49,,1,D:\XF-ChongQin\ai-\results\swine_weak_wiki_production\swine_disease_dataset_production_20260507_141653_dual_reviewed_reselected_20260507_150645.csv
9dd186be-77bd-5517-9379-7fab9c39fea6,35,猪恶性卡他热相关感染,swine_hunyuan_turbos,hunyuan-turbos-20250926,成功,,猪,我家有120头育肥猪，平均体重在70公斤左右，最近一周陆续出现高热、眼鼻分泌物增多、精神沉郁、食欲下降的情况，个别猪还有咳嗽和呼吸急促。我们附近有放养的羊群，之前没遇到过这种情况，想问问是不是传染病？该采哪些样送检测？怕乱用药耽误病情。,根据描述的发热、眼鼻分泌物、呼吸道症状及邻近羊群的存在，需考虑猪恶性卡他热相关感染的可能，该病由绵羊疱疹病毒2型等γ疱疹病毒引起，属于偶发性系统性病毒感染。确诊需依赖实验室检测，如PCR检测病毒核酸或组织病理学检查。,立即将发病猪与健康猪隔离，减少人员、车辆、器具交叉使用；采集发病猪的血液、眼鼻拭子及必要时肺脏、淋巴结等组织样本，低温保存并尽快送具备资质的实验室进行病毒核酸检测和组织病理检查；在未确诊前避免使用广谱抗生素作为唯一治疗手段，防止掩盖病情延误诊断；加强圈舍通风与消毒，限制人员流动；若确诊为恶性卡他热，应依据当地动物防疫部门指导采取相应防控措施，包括封锁、扑杀和无害化处理等。,因属重大动物疫病范畴，无常规休药期概念，须按官方防控方案执行，禁止未经许可出售或屠宰。,"{""disease_name"": ""猪恶性卡他热相关感染"", ""severity"": ""高"", ""scene_tags"": [""育肥猪"", ""高热"", ""呼吸道症状"", ""羊群接触史"", ""采样送检""], ""validation_points"": [""症状符合病毒性全身感染特征"", ""存在羊群接触史提示可能传染源"", ""建议通过实验室检测明确病原""], ""risk_flags"": [""重大动物疫病风险"", ""需隔离与采样送检"", ""禁止擅自治疗与流通""], ""case_type"": ""采样送检咨询"", ""target_disease"": ""猪恶性卡他热相关感染"", ""local_flags"": {""species_ok"": true, ""target_disease_in_diagnosis"": true, ""target_disease_mismatch"": false, ""contains_specific_dose"": false, ""contains_specific_withdrawal"": false, ""regulated_bad_treatment"": false}}",False,False,,,True,False,False,D:\XF-ChongQin\ai-\knowledge\llm_wiki_swine_authoritative,1465,887,"猪恶性卡他热相关感染
猪恶性卡他热相关感染、malignant catarrhal fever ovine herpesvirus 2
采样送检咨询
用户描述症状后，重点询问采什么样品、如何判断和如何避免误治。","{""HUMAN_REVIEWED"": 1, ""NEEDS_REVIEW"": 4}","[""SRC-0001"", ""SRC-0041""]",2173,27.68,ERNIE-4.5-Turbo-32K,88,28,18,23,20,False,True,"整体回答质量较高，诊断准确性、病理逻辑、处方安全性和数据质量均表现良好，无明显致命风险。
问题：诊断准确性方面，虽然考虑了猪恶性卡他热相关感染的可能性，但未完全排除其他类似症状的疾病，如猪流感、猪繁殖与呼吸综合征等，诊断依据略显单一。；病理逻辑方面，对症状与疾病之间的关联解释不够深入，缺乏对疾病发病机制的简要说明。；处方安全性方面，虽然提出了隔离、采样送检等合理建议，但对未确诊前的具体治疗措施（如支持疗法）提及不足。；数据质量方面，回答中未提及采样送检的具体操作细节（如采样时间、采样量等），可能影响检测结果的准确性。",hunyuan-turbos-20250926,85,80,82,90,78,False,False,回答总体结构完整，能结合现场症状与流行病学线索提出猪恶性卡他热相关感染的可能性，并强调实验室确诊的重要性，符合重大疫病的安全处置原则。但诊断部分未充分排除其他常见呼吸道疾病，病理机制解释不足，且缺乏未确诊前的对症支持治疗建议，采样细节描述不够明确。,True,ERNIE-4.5-Turbo-32K,True,review,回答总体结构完整，诊断考虑了猪恶性卡他热相关感染的可能性，并强调了实验室确诊的重要性，符合重大疫病的安全处置原则。但诊断未全面排除猪流感、PRRS等相似症状疾病，依据较单一；病理机制解释不足；未提供未确诊前的对症支持治疗建议；采样送检的操作细节（时间、数量、保存条件）描述不足。,86.0,28,18,23,20,review,19.35,16.38,,1,D:\XF-ChongQin\ai-\results\swine_weak_wiki_production\swine_disease_dataset_production_20260507_141653_dual_reviewed_reselected_20260507_150645.csv
3f2cac96-408f-53bb-92ad-9869dc1e6b0b,52,猪钩端螺旋体病,swine_hunyuan_turbos,hunyuan-turbos-20250926,成功,,猪,我家有120头能繁母猪，还有20多头公猪，最近两个月配种成功率明显下降，流产、死胎也多了，之前没出现过这种情况。圈舍通风一般，地面潮湿，饲料一直用同一批，没有换过。想问下这种情况是不是要停配种？还要不要继续引进新猪？应该采什么样子的样本去化验？,根据描述，结合繁殖障碍、流产、死胎以及潮湿环境等因素，怀疑可能为猪钩端螺旋体病或其他细菌性繁殖障碍性疾病。该病在妊娠母猪中可引起流产、死胎及产弱仔，且部分感染可能无明显临床症状。,treatment_direction: 立即暂停配种和引种，防止疾病扩散；对可疑母猪进行隔离观察；加强圈舍清洁干燥，改善通风条件；对饲养人员做好个人防护，避免接触污染液体。；management_measures: 停止引入新猪，现有猪群减少应激；清理粪污并消毒；记录流产、死胎情况以便后续分析。；sampling_and_testing: 采集流产胎儿、胎盘组织、血液（血清）及尿液送实验室检测钩端螺旋体抗体或病原核酸；必要时采集公猪精液进行检测。；prohibited_boundaries: 在未确诊前不得使用未经批准的抗生素或人用药物；禁止将病猪或疑似病猪外售或转场。,因未使用特定药物，暂无明确休药期；若后续经检测确诊并使用药物治疗，应依据检测结果和兽医建议执行相应休药期。,"{""disease_name"": ""猪钩端螺旋体病"", ""severity"": ""中等至严重（可导致繁殖损失和潜在人兽共患风险）"", ""scene_tags"": [""繁殖障碍"", ""流产"", ""潮湿环境"", ""疑似人兽共患风险""], ""validation_points"": [""妊娠母猪流产、死胎增多符合钩端螺旋体病的繁殖障碍特征"", ""潮湿环境有利于钩端螺旋体存活和传播"", ""需要采样检测确认病原""], ""risk_flags"": [""职业性人兽共患风险"", ""重大动物疫病防控边界""], ""case_type"": ""繁殖障碍送检"", ""target_disease"": ""猪钩端螺旋体病"", ""local_flags"": {""species_ok"": true, ""target_disease_in_diagnosis"": true, ""target_disease_mismatch"": false, ""contains_specific_dose"": false, ""contains_specific_withdrawal"": false, ""regulated_bad_treatment"": false}}",False,False,,,True,False,False,D:\XF-ChongQin\ai-\knowledge\llm_wiki_swine_authoritative,1465,887,"猪钩端螺旋体病
猪钩端螺旋体病、leptospirosis
繁殖障碍送检
繁殖异常持续出现，用户询问该采哪些样品、是否需要暂停配种和引种。","{""HUMAN_REVIEWED"": 3, ""NEEDS_REVIEW"": 2}","[""SRC-0001"", ""SRC-0067"", ""SRC-0068""]",2161,25.53,ERNIE-4.5-Turbo-32K,88,28,18,23,20,False,True,"整体回答质量较高，诊断方向合理，处理措施安全，但部分细节可优化。
问题：诊断准确性方面，虽然提到猪钩端螺旋体病，但也提到其他细菌性繁殖障碍性疾病，未明确聚焦目标疾病，扣2分。；病理逻辑方面，对潮湿环境与疾病传播的关联解释较简单，可进一步阐述，扣2分。；处方安全方面，整体措施安全，但未提及具体消毒药物选择，扣2分。；数据质量方面，采样建议较全面，但未提及采样后的保存和运输要求，扣5分。",hunyuan-turbos-20250926,85,8.5,8.5,9,7.5,False,False,该回答针对用户描述的繁殖障碍、流产、死胎等症状，提出了猪钩端螺旋体病的怀疑，并结合环境因素给出合理的防控建议，整体方向正确且安全。但在诊断聚焦度、病理机制解释深度、消毒措施细化及采样运输要求等方面存在不足。,True,ERNIE-4.5-Turbo-32K,partially,review,整体回答质量较高，诊断方向合理，处理措施安全，但存在部分细节不足。诊断方面虽提及猪钩端螺旋体病，但同时列出其他细菌性繁殖障碍性疾病，缺乏针对性聚焦，且对潮湿环境与疾病传播的关联解释较简单；处方安全方面整体措施安全，但未提及具体消毒药物选择；采样建议较全面，但未提及采样后的保存和运输要求。这些不足不影响整体方向正确性和安全性，但需优化细节以提高质量。,86.0,28,18,23,20,review,16.88,18.87,,1,D:\XF-ChongQin\ai-\results\swine_weak_wiki_production\swine_disease_dataset_production_20260507_141653_dual_reviewed_reselected_20260507_150645.csv
accd514a-6218-5a53-a379-8a66e7dfe936,54,猪增生性肠炎,swine_hunyuan_turbos,hunyuan-2.0-instruct-20251111,成功,,猪,我家是养商品猪的，现在栏里有260头保育猪，平均体重25公斤左右。从五天前开始，陆续有猪拉糊状偏黄绿色的稀粪，有的带少量血丝，精神还行但采食量下降明显，体温测了有几头到40℃以上。之前按兽医建议用了恩诺沙星和多西环素拌料喂了四天，拉稀没止住，还有新增的。圈舍通风一般，湿度偏大，垫料换得不够勤。我想问问这还能继续用这些药吗？要不要采粪便或者血样去检一下？,根据描述的日龄、症状及抗菌药效果不佳的情况，结合保育猪易感特点，高度怀疑为猪增生性肠炎（由Lawsonia intracellularis引起）。该病以肠上皮未成熟细胞增殖为特征，常表现为黄色绿色稀粪、轻度血便、增重受阻和间歇性腹泻，常规肠道抗菌药不易彻底清除病原体。,治疗方向: 针对Lawsonia intracellularis的抗菌方案需选用对该菌有效的药物（如大环内酯类或特定四环素类），并兼顾肠道菌群平衡，不宜盲目重复已证实无效的药物。；管理措施: 改善圈舍通风与干燥度，减少湿度与氨气积聚；及时清理更换垫料；降低饲养密度；分群管理腹泻猪只，防止水平传播；保证清洁饮水。；采样送检: 应采集新鲜粪便样本进行PCR检测Lawsonia intracellularis核酸，必要时配合血清学检测评估感染状况，以明确病因并指导针对性用药。；禁忌边界: 不可将本病误判为普通腹泻而长期随意更换抗生素；在未确诊前避免单一重复使用已证明无效的药物；若为重大疫病或法定报告病，则需按规定上报并执行隔离与检测，不得仅以普通治疗替代。,因涉及处方方向且属三类疫病，具体停药及休药期须依据实验室诊断和官方兽药使用规范确定，普通养殖户不得擅自推定。,"{""disease_name"": ""猪增生性肠炎"", ""severity"": ""中等偏重（可导致生长迟缓和经济损失，需及时确诊干预）"", ""scene_tags"": [""保育猪"", ""稀粪带色"", ""常规抗菌无效"", ""湿度大"", ""送检咨询""], ""validation_points"": [""症状符合增生性肠炎典型表现：糊状黄绿稀粪、偶有血丝、采食下降、发热"", ""常规肠道抗菌药效果不佳提示可能为非细菌性或耐药/特殊病原"", ""保育猪阶段为Lawsonia intracellularis易感期"", ""环境湿度大促进病原在圈舍内维持和传播""], ""risk_flags"": [""常规抗菌药疗效不足易延误诊治"", ""环境控制不良增加持续传播风险"", ""三类疫病需监测以防扩散"", ""未确诊前不可随意长期使用抗生素""], ""case_type"": ""腹泻用药咨询"", ""target_disease"": ""猪增生性肠炎"", ""local_flags"": {""species_ok"": true, ""target_disease_in_diagnosis"": true, ""target_disease_mismatch"": false, ""contains_specific_dose"": false, ""contains_specific_withdrawal"": false, ""regulated_bad_treatment"": false}}",False,False,,,True,False,False,D:\XF-ChongQin\ai-\knowledge\llm_wiki_swine_authoritative,1465,887,"猪增生性肠炎
猪增生性肠炎、proliferative enteropathy lawsonia intracellularis
腹泻用药咨询
猪群腹泻后已用过常见抗菌药效果一般，用户询问是否继续用药以及是否需要送检。","{""HUMAN_REVIEWED"": 2, ""NEEDS_REVIEW"": 2}","[""A0-MOA-573"", ""SRC-0001"", ""SRC-0071"", ""SRC-0072""]",2221,65.08,ERNIE-4.5-Turbo-32K,88,28,18,23,20,False,True,"该回答整体表现良好，诊断准确性较高，症状与疾病匹配合理，诊断逻辑清晰，治疗方向和管理措施安全且与疾病相互印证，数据质量较高。但存在一些小问题，如诊断准确性未完全扣分项，病理逻辑部分可更深入，数据质量部分可更详细。
问题：诊断准确性方面，虽然高度怀疑猪增生性肠炎，但未完全排除其他可能性，如其他肠道病原体的混合感染。；病理逻辑部分，对疾病的病理过程描述可更深入，如Lawsonia intracellularis的具体致病机制。；数据质量部分，虽然提供了症状、用药史和环境信息，但缺乏具体的实验室检测数据支持诊断。；处方安全性方面，虽然提出了针对Lawsonia intracellularis的有效药物类别，但未给出具体药物名称和剂量范围。",hunyuan-turbos-20250926,85,90,80,85,80,False,False,该数据场景真实，用户描述了保育猪群体发病情况、用药史与环境条件，符合猪增生性肠炎的典型流行病学特征。诊断与目标疾病匹配度高，处理建议与管理措施相互印证，并强调了采样检测和避免滥用抗生素的安全边界。不足之处在于病理机制解释较浅，缺少对潜在混合感染的提示，以及未提供具体药物名称与剂量范围。,True,ERNIE-4.5-Turbo-32K,partially,review,该回答整体表现良好，诊断准确性较高，症状与疾病匹配合理，治疗方向和管理措施安全且与疾病相互印证。但存在一些不足，如诊断准确性方面未完全排除其他可能性，病理逻辑部分对疾病的病理过程描述可更深入，数据质量部分缺乏具体的实验室检测数据支持诊断，处方安全性方面未给出具体药物名称和剂量范围。,86.0,28,18,23,20,review,17.97,23.39,,1,D:\XF-ChongQin\ai-\results\swine_weak_wiki_production\swine_disease_dataset_production_20260507_141653_dual_reviewed_reselected_20260507_150645.csv
58a6c6a5-b707-5e8f-b01b-dd48e9122b0a,55,猪葡萄球菌病,swine_hunyuan_turbos,hunyuan-turbos-20250926,成功,,猪,我家有200头保育猪，现在40多天大，这几天陆续发现几头猪背毛粗乱、皮肤发红，有的出现黄色油状渗出物，精神差、采食量下降，舍内湿度偏高，之前用过阿莫西林饮水，效果不明显，想问问这是啥病，该怎么处理？,根据描述，保育猪出现皮肤潮红、渗出性分泌物及采食下降，结合饲养密度高、湿度偏高等环境因素，高度怀疑为猪葡萄球菌病（Staphylococcosis/exudative epidermitis），由金黄色葡萄球菌属（如S. hyicus）引起，常在皮肤屏障受损、应激条件下发生。需排除其他细菌性皮肤病及寄生虫感染。,treatment_direction: 针对葡萄球菌感染进行抗菌治疗，同时改善环境卫生以减少病原菌传播。；management_measures: 立即隔离病猪，加强圈舍通风除湿，降低饲养密度，保持清洁干燥垫料，减少皮肤损伤机会。对全群进行健康巡查，记录体温、采食和精神状况。；sampling_submission: 采集病变皮肤拭子或组织送实验室做细菌分离鉴定及药敏试验，明确病原种类及对常用抗生素的敏感性。；prohibited_boundaries: 严禁使用未经批准的兽药或超范围用药；禁止将病死猪随意丢弃或流入市场；若检出疑似重大动物疫病，须按当地畜牧部门要求执行隔离、消毒及上报。,因涉及不同药物及批次差异，应依据实验室药敏结果选择安全有效的治疗方案，并在停药后按规定时间采样检测残留，确保符合食品安全标准后方可出栏。,"{""disease_name"": ""猪葡萄球菌病"", ""severity"": ""中等至严重（视感染范围和死亡率而定）"", ""scene_tags"": [""保育猪"", ""群体发病"", ""皮肤病变"", ""采食下降"", ""高湿环境""], ""validation_points"": [""临床表现符合葡萄球菌性渗出性皮炎特征"", ""环境因素（高湿、高密度）增加感染风险"", ""需要实验室确诊和药敏指导用药""], ""risk_flags"": [""可能伴随继发细菌感染"", ""存在人畜接触传播风险（尤其LA-MRSA）"", ""若扩散迅速需警惕重大疫病防控""], ""case_type"": ""保育猪群体发病"", ""target_disease"": ""猪葡萄球菌病"", ""local_flags"": {""species_ok"": true, ""target_disease_in_diagnosis"": true, ""target_disease_mismatch"": false, ""contains_specific_dose"": false, ""contains_specific_withdrawal"": false, ""regulated_bad_treatment"": false}}",False,False,,,True,False,False,D:\XF-ChongQin\ai-\knowledge\llm_wiki_swine_authoritative,1465,887,"猪葡萄球菌病
猪葡萄球菌病、staphylococcosis exudative epidermitis
保育猪群体发病
群体发病、采食下降、粪便或呼吸道异常，用户想知道主要病因和下一步处理。","{""HUMAN_REVIEWED"": 3, ""NEEDS_REVIEW"": 2}","[""SRC-0001"", ""SRC-0006"", ""SRC-0026"", ""SRC-0036"", ""SRC-0074""]",2105,28.22,ERNIE-4.5-Turbo-32K,88,28,18,23,20,False,True,"整体回答质量较高，诊断准确性、病理逻辑、处方安全性和数据质量均表现良好，无明显致命风险，符合通过标准。
问题：诊断准确性方面，虽然临床表现和环境因素支持猪葡萄球菌病的诊断，但未完全排除其他细菌性皮肤病及寄生虫感染的可能性，诊断依据略显不足。；病理逻辑方面，对疾病发生机制的阐述不够深入，如皮肤屏障受损、应激条件等具体因素与疾病发生的直接关联未详细说明。；处方安全性方面，虽然提出了抗菌治疗和环境改善的建议，但未明确具体药物及剂量，可能影响实际操作的准确性。；数据质量方面，风险标志的提及较为全面，但对人畜接触传播风险（尤其LA-MRSA）的详细防控措施未给出具体建议。",hunyuan-turbos-20250926,85,8,7,9,8,False,False,回答整体结构完整，诊断思路合理，考虑了环境诱因并提示了鉴别诊断，处理方案涵盖隔离、环境改善、采样送检和安全边界，无违规用药或危险建议。但诊断依据可更充分，病理机制解释较浅，缺少对人畜共患风险的具体防控细节。,True,ERNIE-4.5-Turbo-32K,True,review,回答整体结构完整，诊断思路合理，考虑了环境诱因并提示了鉴别诊断，处理方案涵盖隔离、环境改善、采样送检和安全边界，无违规用药或危险建议。但诊断依据可更充分，病理机制解释较浅，缺少对人畜共患风险的具体防控细节，且未明确推荐抗菌药物类别，可能影响实际操作指导。,86.0,28,18,23,20,review,20.47,20.27,,1,D:\XF-ChongQin\ai-\results\swine_weak_wiki_production\swine_disease_dataset_production_20260507_141653_dual_reviewed_reselected_20260507_150645.csv
b11b0972-5db2-52e3-b1a8-ed761f119f3e,56,猪结核病,swine_hunyuan_turbos,hunyuan-turbos-20250926,成功,,猪,我家有120头育肥猪，平均体重在80公斤左右，最近发现其中几头精神沉郁、食欲下降，体温38.9℃左右，咳嗽不明显，粪便正常，用了氟苯尼考和多西环素拌料7天，效果不明显，反而有几头消瘦加快。请问这种情况还能继续用这些药吗？还是另有原因？,根据描述，育肥猪出现慢性消耗性表现，常规抗生素治疗效果不佳，结合病史和用药反应，应考虑猪结核病等慢性细菌性感染的可能。该病多为亚临床感染，偶见轻度全身症状，常通过屠宰检疫发现。确诊需进行病理组织学检查和分枝杆菌培养或PCR检测。,treatment_direction: 不建议继续使用原方案药物，应停止常规抗生素治疗，防止耐药产生。；management_measures: 立即将可疑猪只与健康猪隔离饲养，减少人员、工具交叉接触；加强圈舍通风与清洁消毒，控制粉尘与气溶胶扩散；记录发病猪只编号、症状变化，为后续采样提供依据。；sampling_and_testing: 采集可疑猪只的淋巴结、肺脏或其他病变组织送实验室做病理切片染色及分枝杆菌分离培养或分子检测，明确是否为MTBC、MAC或其他Mycobacterium种。；prohibited_boundaries: 在未明确诊断前，严禁出售、转运或屠宰可疑猪只；禁止自行使用未经验证的抗结核药物，以免延误防控并增加公共卫生风险。,因未使用特定治疗药物且处于诊断阶段，无休药期概念；若后续确诊并按病原制定治疗方案，须严格遵循相应药物的停药期规定。,"{""disease_name"": ""猪结核病"", ""severity"": ""中等至严重（慢性消耗性疾病，可影响生产性能）"", ""scene_tags"": [""育肥猪"", ""慢性消耗"", ""抗生素无效"", ""潜在人兽共患风险""], ""validation_points"": [""症状符合亚临床或轻症结核特征"", ""常规抗生素疗效差提示非典型细菌感染"", ""需实验室确认病原种类""], ""risk_flags"": [""人兽共患风险"", ""潜在重大疫病管理边界"", ""不可随意用药""], ""case_type"": ""育肥猪用药咨询"", ""target_disease"": ""猪结核病"", ""local_flags"": {""species_ok"": true, ""target_disease_in_diagnosis"": true, ""target_disease_mismatch"": false, ""contains_specific_dose"": false, ""contains_specific_withdrawal"": false, ""regulated_bad_treatment"": false}}",False,False,,,True,False,False,D:\XF-ChongQin\ai-\knowledge\llm_wiki_swine_authoritative,1465,887,"猪结核病
猪结核病、tuberculosis
育肥猪用药咨询
育肥猪出现典型症状，用户已经用过常见药物但效果一般，询问是否继续用药。","{""HUMAN_REVIEWED"": 3, ""NEEDS_REVIEW"": 2}","[""SRC-0001"", ""SRC-0078""]",2104,26.17,ERNIE-4.5-Turbo-32K,88,28,18,23,20,False,True,"该回答在诊断准确性、病理逻辑、处方安全性和数据质量方面表现良好，整体符合猪结核病的诊断与处理要求，未发现致命风险。
问题：diagnosis_accuracy: 诊断部分未明确提及猪结核病的典型症状（如淋巴结肿大、慢性消瘦等），仅依赖抗生素无效推断，略显不足。；pathology_logic: 病理逻辑部分对猪结核病的传播途径和防控措施描述不够详细，缺乏对环境消毒具体方法的建议。；data_quality: 数据质量部分对用户查询的响应较为全面，但未提及猪结核病的潜伏期和流行病学特点，信息完整性稍欠。",hunyuan-turbos-20250926,85,8,8,10,8,False,False,该回答准确识别了猪结核病的可能性，并给出了合理的诊断思路和处理方向，强调了隔离、送检和避免随意用药的安全原则，无明显危险建议。但诊断依据可更充分，病理机制与防控细节可补充，流行病学背景信息不足。,True,ERNIE-4.5-Turbo-32K,True,review,该回答在诊断准确性、病理逻辑、处方安全性和数据质量方面表现较好，诊断方向合理，处置建议安全，但存在一些不足，如诊断部分未明确提及猪结核病的典型症状，病理逻辑中对传播途径和防控措施的描述不够详细，缺少流行病学背景信息，整体可参考但需补充完善。,86.0,28,18,23,20,review,16.48,18.89,,1,D:\XF-ChongQin\ai-\results\swine_weak_wiki_production\swine_disease_dataset_production_20260507_141653_dual_reviewed_reselected_20260507_150645.csv
b0daaa81-afd9-54d0-b757-b421e43d6b48,83,猪丹毒,swine_hunyuan_turbos,hunyuan-turbos-20250926,成功,,猪,我家有120头育肥猪，平均体重70公斤左右，最近一周陆续有几头出现精神沉郁、体温升高到41℃以上，皮肤上有粉红色到紫色的菱形斑块，有的还有关节肿。之前用过阿莫西林拌料三天，效果不明显。想问问这种情况是不是猪丹毒？如果要送样检查，应该取哪些部位？怎么保存运输？另外怕误诊耽误病情，该怎么处理比较稳妥？,根据描述的发热、皮肤菱形红斑及关节肿胀等症状，高度怀疑为急性败血型猪丹毒。该病由革兰氏阳性杆菌引起，可通过血液和组织传播，易与A. suis败血症、沙门氏菌感染等疾病混淆，必须通过实验室检测确诊。,treatment_direction: 立即隔离发病猪，减少应激，改善通风与卫生条件，防止继发感染。；management_measures: 对全群加强观察，记录体温与症状变化；病死猪应无害化处理，严禁随意丢弃或食用。；sampling_and_testing: 采集发病猪的血液（抗凝）、脾脏、肝脏、皮肤病变组织，置于无菌容器中冷藏运送至具备资质的兽医实验室进行细菌培养、PCR检测及血清学鉴定。；prohibited_actions: 在未确诊前禁止盲目使用抗生素覆盖性治疗，以免掩盖症状延误诊断；禁止将可疑病例与健康猪混养。,因未确定最终用药方案，暂无法给出确切休药期建议，须依据实验室结果及兽医处方执行。,"{""disease_name"": ""猪丹毒"", ""severity"": ""高"", ""scene_tags"": [""育肥猪"", ""高热"", ""皮肤菱形斑"", ""关节肿"", ""抗生素治疗无效""], ""validation_points"": [""症状符合急性败血型猪丹毒典型表现"", ""存在与其他败血症性疾病（如A. suis）的鉴别必要"", ""强调实验室确诊的重要性""], ""risk_flags"": [""需实验室确诊以防误诊"", ""潜在群发风险"", ""需按重大动物疫病管理流程处置""], ""case_type"": ""采样送检咨询"", ""target_disease"": ""猪丹毒"", ""local_flags"": {""species_ok"": true, ""target_disease_in_diagnosis"": true, ""target_disease_mismatch"": false, ""contains_specific_dose"": false, ""contains_specific_withdrawal"": false, ""regulated_bad_treatment"": false}}",False,False,,,True,False,False,D:\XF-ChongQin\ai-\knowledge\llm_wiki_swine_authoritative,1465,887,"猪丹毒
猪丹毒、erysipelas
采样送检咨询
用户描述症状后，重点询问采什么样品、如何判断和如何避免误治。","{""HUMAN_REVIEWED"": 4}","[""SRC-0001"", ""SRC-0058"", ""SRC-0065""]",2221,32.16,ERNIE-4.5-Turbo-32K,88,28,18,23,20,False,True,"整体回答质量较高，诊断准确性、病理逻辑、处方安全性和数据质量均表现良好，无明显致命风险。诊断准确描述了猪丹毒的典型症状，并强调了实验室确诊的重要性。病理逻辑清晰，考虑了与其他败血症性疾病的鉴别。处方安全，提出了隔离、改善环境、无害化处理等合理措施，并强调了禁止盲目使用抗生素。数据质量方面，症状描述详细，场景标签和验证点合理。
问题：diagnosis_accuracy: 诊断部分虽然描述了猪丹毒的典型症状，但未明确提及与其他疾病的鉴别诊断方法，仅提到‘易与A. suis败血症、沙门氏菌感染等疾病混淆’，缺乏具体鉴别点。；pathology_logic: 病理逻辑部分对猪丹毒的传播途径和病理机制的描述较为简略，未深入解释症状与疾病之间的因果关系。；prescription_safety: 处方安全部分虽然提出了合理的处理措施，但未明确提及针对猪丹毒的具体治疗方案（如使用何种抗生素），仅强调了禁止盲目使用抗生素。；data_quality: 数据质量部分的症状描述和场景标签较为详细，但验证点中‘症状符合急性败血型猪丹毒典型表现’略显主观，缺乏客观数据支持。",hunyuan-turbos-20250926,85,8,7,9,8,False,False,该数据整体真实可信，用户提问基于实际养殖场景，症状描述与猪丹毒典型特征相符，诊断思路正确且强调实验室确诊，避免误诊。处方建议包含隔离、无害化处理和采样送检，安全性高，无危险用药建议。不足之处在于鉴别诊断不够细化，病理机制阐述较浅，未提供针对性治疗方案细节，部分结论依赖主观判断。,True,ERNIE-4.5-Turbo-32K,partially,review,诊断部分准确描述了猪丹毒的典型症状，并强调了实验室确诊的重要性，但缺乏与其他疾病的具体鉴别诊断方法，病理机制解释不够深入。处方部分提出了合理的隔离、环境改善、无害化处理和采样送检建议，安全性高，但未提供针对猪丹毒的具体治疗方案细节，如推荐抗生素类别。整体回答质量较高，无明显致命风险，但存在轻微不足，需补充鉴别诊断要点、病理机制说明和治疗方向提示。,86.0,28,18,23,20,review,24.31,19.91,,1,D:\XF-ChongQin\ai-\results\swine_weak_wiki_production\swine_disease_dataset_production_20260507_141653_dual_reviewed_reselected_20260507_150645.csv
91e70e49-18e9-5c82-bbb5-d681cc3497e6,88,猪疥螨病,swine_hunyuan_turbos,hunyuan-turbos-20250926,成功,,猪,我家有120头育肥猪，平均体重在60公斤左右，最近发现部分猪耳朵边缘、颈部和背部出现红疹、结痂，还特别爱蹭墙和栏杆，抓痒很厉害。这种情况已经持续了十来天，之前没用过驱虫药，圈舍是水泥地面，通风一般，湿度偏高。我想问下是不是要全群一起治？环境要不要彻底清理？以后怎么复查才能确定好了？,根据描述，考虑为猪疥螨病可能性大。该病常表现为剧烈瘙痒、皮肤丘疹、红斑、结痂及角化过度，尤其见于耳缘、颈背等部位。由于皮肤刮片检查存在假阴性，应结合临床表现和群体发病情况综合判断。,treatment_direction: 对出现明显症状的猪进行针对性驱虫治疗，同时建议全群预防性处理以减少复发和传播风险。；management_measures: 加强圈舍清洁消毒，清除粪污和痂皮，保持干燥通风，减少应激；新引进猪只需隔离观察并做健康检查后再混群。；sampling_and_testing: 可在病变部位采集皮肤刮片送实验室镜检，必要时重复取样以提高检出率；同时监测群体瘙痒行为和皮肤病变改善情况。；prohibited_boundaries: 严禁使用未经批准的兽药或未经验证的民间偏方；若怀疑其他烈性传染病，应按重大动物疫病处置流程上报。,具体休药期和停药时间须依据所用合法批准药物的说明书及当地监管要求执行，不可自行缩短。,"{""disease_name"": ""猪疥螨病"", ""severity"": ""中等"", ""scene_tags"": [""育肥猪"", ""瘙痒"", ""皮肤病变"", ""圈舍潮湿""], ""validation_points"": [""症状符合疥螨病特征（瘙痒、红斑、结痂）"", ""群体中有多例相似表现支持传染性判断"", ""环境因素（高湿、通风差）有利于疥螨生存""], ""risk_flags"": [""可能存在假阴性刮片结果，需要结合临床判断"", ""圈舍环境若不改善易反复感染"", ""未规范用药可能导致耐药或残留问题""], ""case_type"": ""驱虫和环境管理"", ""target_disease"": ""猪疥螨病"", ""local_flags"": {""species_ok"": true, ""target_disease_in_diagnosis"": true, ""target_disease_mismatch"": false, ""contains_specific_dose"": false, ""contains_specific_withdrawal"": false, ""regulated_bad_treatment"": false}}",False,False,,,True,False,False,D:\XF-ChongQin\ai-\knowledge\llm_wiki_swine_authoritative,1465,887,"猪疥螨病
猪疥螨病、external parasites mange
驱虫和环境管理
用户询问是否需要全群处理、环境清理和复查方式。","{""HUMAN_REVIEWED"": 4}","[""SRC-0001"", ""SRC-0080"", ""SRC-0082""]",2221,32.13,ERNIE-4.5-Turbo-32K,88,28,18,23,20,False,True,"整体回答质量较高，诊断准确性、病理逻辑、处方安全性和数据质量均表现良好，无明显致命风险。诊断准确结合了临床表现和群体发病情况，处方安全且考虑了全群预防和环境管理，数据质量较高，提供了详细的场景标签和验证点。
问题：诊断准确性方面，虽然结合了临床表现和群体发病情况，但未提及皮肤刮片检查的具体操作或替代方案，可能影响诊断的全面性。；病理逻辑方面，对疥螨病的病理机制解释不够深入，如疥螨的生活史、传播途径等。；处方安全性方面，虽然提到了严禁使用未经批准的兽药或未经验证的民间偏方，但未具体说明推荐使用的驱虫药物种类和剂量。；数据质量方面，虽然提供了详细的场景标签和验证点，但风险标志中提到的假阴性刮片结果、环境改善和规范用药问题，未在回答中给出具体的解决措施或建议。",hunyuan-turbos-20250926,85,90,80,85,85,False,False,该回答整体结构合理，诊断基于典型临床症状并结合群体发病背景，符合猪疥螨病的临床特征；处方方向包含个体+全群防治、环境管理和隔离检疫等措施，安全提示到位，未出现危险建议；数据质量较好，场景信息完整。不足之处在于缺乏更详细的病原学检测方法和生活史解释，以及未明确驱虫药物类别，仅笼统提及‘驱虫’可能降低可操作性。,True,ERNIE-4.5-Turbo-32K,partially,review,整体回答质量较高，诊断结合了临床表现和群体发病情况，处方方向安全且考虑了全群预防和环境管理。但存在一些不足，如未详细说明皮肤刮片采样方法或其他确诊手段，缺乏对疥螨生活史、传播方式的详细解释，处方中未指明推荐的驱虫药物种类，以及未提供针对假阴性和环境改善的具体改进措施。这些不足影响了回答的全面性和可操作性，但整体方向正确，可参考性较强。,86.0,28,18,23,20,review,23.05,24.11,,1,D:\XF-ChongQin\ai-\results\swine_weak_wiki_production\swine_disease_dataset_production_20260507_141653_dual_reviewed_reselected_20260507_150645.csv
c8412a7f-a077-5f44-867c-e546e44bdc32,102,猪丝状病毒相关感染,swine_hunyuan_turbos,hunyuan-turbos-20250926,成功,,猪,我家有200头80公斤左右的育肥猪，已经养了快5个月，最近几天有几头出现精神沉郁、食欲下降、体温升高到40℃左右，个别猪呼吸急促，粪便偏稀。之前用过一些退烧消炎药，效果不明显。现在离计划出栏还有20天，想问问这种情况还能治吗？会不会影响卖猪？,根据描述的症状（高热、精神沉郁、食欲减退、呼吸加快、腹泻），结合当前为育肥阶段且临近出栏，需高度警惕重大病毒性传染病的可能，包括猪丝状病毒相关感染在内的多种高致病性病毒病。由于该病在中国监管状态尚待官方确认，不能直接作为确诊依据，但应视为高风险情况处理。,立即将发病猪与健康猪严格隔离，暂停转群和出售；采集血液、组织等样本送具备资质的实验室进行病原学检测（PCR、ELISA等）；对全群加强生物安全措施，减少人员、车辆、器具交叉接触；禁止随意使用抗生素或抗病毒药物掩盖病情；如检测结果排除法定重大疫病，可在兽医指导下对症支持治疗并延长观察期；若检出法定重大疫病，则按《重大动物疫情应急条例》执行封锁、扑杀、无害化处理等措施，严禁私自销售。,因涉及重大疫病风险，在未经实验室确诊及主管部门批准前，不得出栏销售；即使非重大疫病，也应根据所用药物说明及兽医建议确定安全休药期后方可上市。,"{""disease_name"": ""猪丝状病毒相关感染"", ""severity"": ""高"", ""scene_tags"": [""育肥猪"", ""临近出栏"", ""高热"", ""腹泻"", ""呼吸异常""], ""validation_points"": [""症状符合高致病性病毒感染特征"", ""临近出栏增加经济损失压力"", ""存在重大疫病传播风险""], ""risk_flags"": [""重大动物疫病风险"", ""人兽共患潜在风险（需进一步核实）"", ""跨区域传播风险""], ""case_type"": ""上市休药期咨询"", ""target_disease"": ""猪丝状病毒相关感染"", ""local_flags"": {""species_ok"": true, ""target_disease_in_diagnosis"": true, ""target_disease_mismatch"": false, ""contains_specific_dose"": false, ""contains_specific_withdrawal"": false, ""regulated_bad_treatment"": false}}",False,False,,,True,False,False,D:\XF-ChongQin\ai-\knowledge\llm_wiki_swine_authoritative,1465,887,"猪丝状病毒相关感染
猪丝状病毒相关感染、filoviruses reston ebolavirus zaire ebolavirus
上市休药期咨询
用户接近出栏，关心治疗方向和用药后能否出栏销售。","{""NEEDS_REVIEW"": 5}","[""SRC-0001""]",2058,26.31,ERNIE-4.5-Turbo-32K,88,28,18,24,18,False,True,"整体回答较为全面，诊断方向合理，考虑到了重大疫病风险，处理建议安全且符合规范，但在诊断逻辑的严谨性和数据质量方面还有提升空间。
问题：诊断逻辑方面，虽然考虑到了重大疫病风险，但对于猪丝状病毒相关感染的针对性诊断依据不够充分，仅基于症状描述，缺乏更具体的鉴别诊断分析。；数据质量方面，对于症状的描述和疾病特征的关联性分析不够深入，没有详细说明症状与猪丝状病毒相关感染的典型症状之间的相似度和差异点。",hunyuan-turbos-20250926,85,75,78,90,80,False,False,该回答充分考虑了重大疫病和人兽共患病的风险，隔离、送检、生物安全等措施得当，未给出具体药物或剂量，避免了用药误导。诊断部分虽提示了高风险，但对猪丝状病毒相关感染的特异性证据不足，缺少与其他类似症状的鉴别分析，导致诊断逻辑略显笼统。,True,ERNIE-4.5-Turbo-32K,True,review,整体回答较为全面，诊断方向合理，考虑到了重大疫病风险，处理建议安全且符合规范。但诊断逻辑的严谨性存在不足，对猪丝状病毒相关感染的针对性诊断依据不够充分，仅基于症状描述，缺乏更具体的鉴别诊断分析，症状与疾病特征的关联性分析不够深入。,86.0,28,18,24,18,review,16.57,18.02,,1,D:\XF-ChongQin\ai-\results\swine_weak_wiki_production\swine_disease_dataset_production_20260507_141653_dual_reviewed_reselected_20260507_150645.csv
77eb295e-c053-588d-a06f-8601c0fedb77,109,猪流感,swine_hunyuan_turbos,hunyuan-turbos-20250926,成功,,猪,我这边是河南一个200头规模的育肥场，这批猪现在60多斤，最近两天有几头开始咳嗽、喘气，体温摸着有点高，吃料也慢了，今天发现同栏里又有几头类似情况，想问问是不是感冒还是别的毛病？要不要整批打针？,根据描述，育肥猪出现咳嗽、喘气、发热及采食下降，符合猪流感等病毒性呼吸道病的临床表现。该病由甲型流感病毒引起，主要侵害呼吸道，可在猪群中快速传播。需结合流行病学史、临床症状及实验室检测进一步确诊。,treatment_direction: 目前无特效抗病毒药物，以支持疗法为主，包括改善饲养环境、补充营养、缓解继发感染。；management_measures: 立即将病猪与健康猪分群管理，减少应激，提高舍内温度以改善体感舒适度；保证饮水充足，饲料易消化；加强通风换气，降低氨气浓度。；sampling_and_testing: 采集鼻拭子、咽拭子或肺组织送实验室进行RT-PCR检测，必要时做病毒分离和测序，明确是否为猪流感及毒株类型。；prohibited_boundaries: 禁止在未确诊前随意使用广谱抗生素预防；禁止隐瞒疫情信息；若怀疑为重大动物疫病，应立即向当地动物防疫部门报告，不得擅自处置。,因无特定药物治疗，不涉及常规休药期；如后续使用抗生素控制继发感染，应遵守相应药物的停药期规定。,"{""disease_name"": ""猪流感"", ""severity"": ""中等偏上"", ""scene_tags"": [""育肥猪"", ""群体呼吸道症状"", ""发热"", ""采食下降""], ""validation_points"": [""症状与猪流感典型表现一致"", ""需通过实验室检测排除其他呼吸道病原体"", ""管理上强调分群与环境调控""], ""risk_flags"": [""潜在人畜共患风险（需结合流行病学调查）"", ""存在快速传播风险""], ""case_type"": ""呼吸道群体发病"", ""target_disease"": ""猪流感"", ""local_flags"": {""species_ok"": true, ""target_disease_in_diagnosis"": true, ""target_disease_mismatch"": false, ""contains_specific_dose"": false, ""contains_specific_withdrawal"": false, ""regulated_bad_treatment"": false}}",False,False,,,True,False,False,D:\XF-ChongQin\ai-\knowledge\llm_wiki_swine_authoritative,1465,887,"猪流感
猪流感、influenza viruses
呼吸道群体发病
同栏出现咳嗽、喘气、发热、采食下降，用户想判断病因和是否需要全群用药。","{""HUMAN_REVIEWED"": 4}","[""SRC-0001"", ""SRC-0006"", ""SRC-0042"", ""SRC-0043""]",2221,33.04,ERNIE-4.5-Turbo-32K,88,28,18,23,20,False,True,"该回答整体表现良好，诊断准确性较高，症状与疾病匹配合理，诊断逻辑清晰，处理方向安全且与疾病相互印证。数据质量方面，信息完整且无明显错误。未发现致命风险。
问题：诊断准确性方面，虽然症状与猪流感匹配，但未完全利用所有提供的信息（如流行病学史）进行更深入的分析，因此扣2分。；病理逻辑方面，回答中未详细解释猪流感的具体病理过程，如病毒如何侵害呼吸道等，因此扣2分。；处方安全方面，整体处理方向安全，但未明确提及在何种情况下应使用抗生素控制继发感染，略显不足，扣2分。；数据质量方面，虽然信息完整，但部分内容（如风险标志）的描述可以更加具体和详细，扣5分（考虑到整体质量较高，扣分较少）。",hunyuan-turbos-20250926,85,90,88,90,85,False,False,该回答对猪流感的诊断准确，症状与疾病匹配度高，处理方案科学且包含必要的生物安全措施，未发现危险建议。不足之处在于未充分利用提供的流行病学信息深入分析，病理机制说明不够细致，抗生素使用指征未明确，以及部分风险提示可更具体。,True,ERNIE-4.5-Turbo-32K,partially,review,诊断准确性较高，症状与疾病匹配合理，处理方向安全且与疾病相互印证。但存在一些不足，如未充分利用流行病学信息深入分析，病理机制说明不够细致，抗生素使用指征未明确说明，风险提示可更细化，因此判为review。,86.0,28,18,23,20,review,25.02,15.97,,1,D:\XF-ChongQin\ai-\results\swine_weak_wiki_production\swine_disease_dataset_production_20260507_141653_dual_reviewed_reselected_20260507_150645.csv
cf5b38c1-6f28-52ad-b52c-cda655399692,111,猪细小病毒病,swine_hunyuan_turbos,hunyuan-turbos-20250926,成功,,猪,我这边是200头基础母猪的种猪场，最近一个月陆续有怀孕80多天的母猪流产，还有几头产下木乃伊胎，个别母猪发情不规律，有的公猪精液活力下降。之前没用过疫苗，场内通风一般，温度波动大。想问问这是不是传染病？还能不能继续配种？,根据描述，怀孕中期流产、木乃伊胎及公猪精液质量下降提示存在病毒性繁殖障碍，结合病史考虑猪细小病毒病（PPV1）可能性较大，需排除伪狂犬病、乙脑等其他因素。建议进行实验室检测确诊。,treatment_direction: 目前无特效抗病毒药物，主要采取支持性管理和防控继发感染措施。；management_measures: 立即隔离发病母猪，暂停配种计划，防止病原扩散。；加强圈舍卫生，保持干燥通风，减少温差应激。；对全场母猪进行血清学筛查，确定免疫状态和感染情况。；在兽医指导下制定疫苗接种方案，优先保护后备母猪和空怀母猪。；sampling_and_testing: 采集流产胎儿组织、胎盘及血液样本送实验室检测PPV1抗原或抗体。；必要时同步检测伪狂犬、乙脑等其他繁殖障碍病原。；prohibited_actions: 禁止将疑似感染母猪转入健康群或出售。；禁止使用未经批准的兽药或疫苗。；在未明确病原前，不应贸然引入新种源。,本病为病毒性感染，无特定休药期概念，但应在康复且检测结果阴性后再投入生产。,"{""disease_name"": ""猪细小病毒病"", ""severity"": ""中等偏重，可导致繁殖力显著下降"", ""scene_tags"": [""种猪场"", ""繁殖障碍"", ""流产"", ""木乃伊胎"", ""公猪精液异常""], ""validation_points"": [""怀孕中期流产符合PPV1特征"", ""木乃伊胎常见于PPV1感染"", ""公猪精液质量下降可伴随PPV1感染""], ""risk_flags"": [""可能为人畜共患病以外的重大动物疫病风险"", ""存在场内持续传播风险""], ""case_type"": ""种猪繁殖障碍"", ""target_disease"": ""猪细小病毒病"", ""local_flags"": {""species_ok"": true, ""target_disease_in_diagnosis"": true, ""target_disease_mismatch"": false, ""contains_specific_dose"": false, ""contains_specific_withdrawal"": false, ""regulated_bad_treatment"": false}}",False,False,,,True,False,False,D:\XF-ChongQin\ai-\knowledge\llm_wiki_swine_authoritative,1465,887,"猪细小病毒病
猪细小病毒病、parvoviruses
种猪繁殖障碍
种猪场出现流产、死胎、返情或公猪异常，用户担心传染病和是否继续配种。","{""HUMAN_REVIEWED"": 3, ""NEEDS_REVIEW"": 2}","[""A0-MOA-573"", ""SRC-0001"", ""SRC-0045""]",2087,30.01,ERNIE-4.5-Turbo-32K,88,28,18,23,20,False,True,"整体回答质量较高，诊断方向准确，处理措施合理，数据质量较好，无明显致命风险。
问题：诊断准确性方面，虽然考虑了猪细小病毒病，但对伪狂犬病、乙脑等其他因素的排除依据不够充分，仅建议实验室检测，未提供初步鉴别要点。；病理逻辑方面，对公猪精液质量下降与猪细小病毒病的关联性解释不够深入，缺乏病理机制说明。；处方安全性方面，管理措施较为全面，但未明确提及对继发感染的具体防控药物或方案。；数据质量方面，场景标签和验证点较为全面，但风险标志中“可能为人畜共患病以外的重大动物疫病风险”表述不够明确，易产生歧义。",hunyuan-turbos-20250926,85,8.5,8,9,8.5,False,False,回答整体结构完整，诊断方向正确，针对猪细小病毒病的典型症状（中期流产、木乃伊胎、公猪精液异常）进行了合理推断，并提出了必要的实验室检测和隔离管理建议。管理措施涵盖生物安全和防疫流程，未见明显危险建议。不足之处在于鉴别诊断部分缺少初步区分要点，对公猪精液下降与PPV关联的机制解释不足，以及继发感染防控细节缺失。,True,ERNIE-4.5-Turbo-32K,True,review,回答整体结构完整，诊断方向正确，针对猪细小病毒病的典型症状进行了合理推断，并提出了必要的实验室检测和隔离管理建议。管理措施涵盖生物安全和防疫流程，未见明显危险建议。不足之处在于鉴别诊断部分缺少初步区分要点，对公猪精液下降与PPV关联的机制解释不足，以及继发感染防控细节缺失。,86.0,28,18,23,20,review,20.84,20.15,,1,D:\XF-ChongQin\ai-\results\swine_weak_wiki_production\swine_disease_dataset_production_20260507_141653_dual_reviewed_reselected_20260507_150645.csv
e679e58b-207c-51a3-bdc6-c0cf14269d86,114,猪痘,swine_hunyuan_turbos,hunyuan-turbos-20250926,成功,,猪,我家有120头90公斤左右的育肥猪，这几天有几头出现背部和耳部皮肤上有黄白色小脓疱，有的破溃结痂，精神食欲还行，体温正常，圈舍通风一般，之前没用过什么药。现在快到出栏时间了，这种情况还能治吗？会不会影响卖猪？,根据描述，考虑为猪痘病毒感染。该病多见于育肥阶段，由猪痘病毒引起，常因圈舍卫生条件较差而诱发，典型表现为局部皮肤脓疱、结痂，全身症状较轻。可通过临床外观及流行病学特征初步判断，确诊需实验室检测。,治疗方向以支持疗法为主，保持圈舍清洁干燥，减少应激，防止继发细菌感染；对病灶可用温和消毒剂清洗并涂抹保护剂。管理措施包括加强通风、定期清理粪便、改善饮水卫生。建议采集典型病变组织送实验室进行病原学确认。注意：本病为人畜共患病风险极低，但仍应避免直接接触破损皮肤以防感染。禁止使用未经批准的兽药或人用药物替代治疗。如怀疑重大疫病，应立即向当地畜牧兽医部门报告并按其指导处置。,由于采用支持疗法且未使用化学药物，理论上无特定休药期问题，但若使用任何经批准的治疗药物，应严格遵循该药品标签规定的休药期和停药观察期，并在出栏前确保符合食品安全要求。,"{""disease_name"": ""猪痘"", ""severity"": ""轻症至中等"", ""scene_tags"": [""育肥猪"", ""皮肤病变"", ""临近出栏"", ""卫生条件差""], ""validation_points"": [""症状与猪痘典型表现一致"", ""无明显全身中毒症状，符合猪痘特点"", ""管理因素与发病相关""], ""risk_flags"": [""临近出栏需关注食品安全与休药期"", ""需排除其他皮肤病或混合感染""], ""case_type"": ""上市休药期咨询"", ""target_disease"": ""猪痘"", ""local_flags"": {""species_ok"": true, ""target_disease_in_diagnosis"": true, ""target_disease_mismatch"": false, ""contains_specific_dose"": false, ""contains_specific_withdrawal"": false, ""regulated_bad_treatment"": false}}",False,False,,,True,False,False,D:\XF-ChongQin\ai-\knowledge\llm_wiki_swine_authoritative,1465,887,"猪痘
猪痘、swinepox virus
上市休药期咨询
用户接近出栏，关心治疗方向和用药后能否出栏销售。","{""HUMAN_"": 1, ""HUMAN_REVIEWED"": 3}","[""SRC-0001"", ""SRC-0012"", ""SRC-0015"", ""SRC-0051""]",2221,26.09,ERNIE-4.5-Turbo-32K,88,28,18,24,18,False,True,"整体回答质量较高，诊断准确性、处方安全性和逻辑性均表现良好，数据质量基本满足要求，无明显致命风险。
问题：诊断准确性方面，虽然症状描述与猪痘典型表现一致，但未提及实验室确诊的必要性，仅作为建议，略显不足。；病理逻辑方面，对管理因素与发病关系的阐述较为简略，可进一步细化。；数据质量方面，风险标识部分对临近出栏的关注点描述较为笼统，可增加具体建议。；休药期说明虽提及遵循药品标签规定，但未给出具体指导或常见药物休药期示例，略显不足。",hunyuan-turbos-20250926,85,4.5,4.3,4.8,4.2,False,False,回答总体准确，诊断与症状匹配度高，处方以非药物支持疗法为主，安全性好，并提示避免人用药物及上报重大疫情的风险意识。但缺乏更明确的实验室确诊强调，管理因素分析较浅，临近出栏的安全建议不够具体，休药期说明偏泛化。,True,ERNIE-4.5-Turbo-32K,partially,review,回答整体质量较高，诊断与症状匹配，处方安全性好，但存在一些不足。诊断部分未明确强调实验室确诊的重要性，仅靠临床判断可能遗漏其他皮肤病；对圈舍管理与发病关系的解释过于简单，缺少细节支撑；临近出栏场景下的风险控制措施不够具体；休药期说明停留在原则层面，没有结合常见支持疗法药物的参考信息。这些问题使得回答虽可参考，但需进一步完善。,86.0,28,18,24,18,review,17.28,21.63,,1,D:\XF-ChongQin\ai-\results\swine_weak_wiki_production\swine_disease_dataset_production_20260507_141653_dual_reviewed_reselected_20260507_150645.csv
b629288d-061c-5e3e-8982-ba3cc9c63517,134,猪蛔虫病,swine_hunyuan_turbos,hunyuan-turbos-20250926,成功,,猪,我家有200头左右育肥猪，平均体重70公斤左右，最近有几头出现食欲下降、拉稀，粪便里能看到蛔虫成虫，还有几头精神差。圈舍是水泥地面，平时清粪比较勤，但饲料偶尔会撒到地上被猪拱来拱去。想问这种情况是不是要全群驱虫？环境怎么处理？多久后再检查一次合适？,根据描述，结合粪便可见成虫及部分猪精神沉郁、腹泻，高度怀疑为猪蛔虫病（Ascaris suum）。该病在育肥猪阶段较常见，可通过剖检小肠发现成虫确诊，也可通过粪便漂浮法检出虫卵进行辅助诊断。若剖检见肝脏表面散在白色斑点（milk spots），需注意与肾虫移行所致病变鉴别。,treatment_direction: 建议全群实施驱虫措施，同时加强饲养管理与环境卫生。；management_measures: 及时清除粪便并集中无害化处理，减少饲料落地污染；保持圈舍干燥通风，定期冲洗消毒；防止猪只接触被污染的垫料或水源。；sampling_and_testing: 可在驱虫前后分别采集粪便样本进行虫卵检测，评估驱虫效果；必要时对病死猪进行剖检，观察小肠成虫数量及肝脏病变情况。；prohibited_boundaries: 严禁使用未经批准的驱虫药物或超范围用药；禁止将病猪与健康猪混养；发现严重感染或疑似其他传染病时，应立即隔离并联系当地畜牧兽医部门。,具体休药期和停药时间应依据所用驱虫药物的说明书及国家相关规定执行，建议在兽医指导下确定。,"{""disease_name"": ""猪蛔虫病"", ""severity"": ""中等"", ""scene_tags"": [""育肥猪"", ""全群感染风险"", ""环境管理""], ""validation_points"": [""粪便可见成虫提示高感染率"", ""水泥地面虽易清洁但仍需防二次污染"", ""全群驱虫与环境治理同步可降低复发""], ""risk_flags"": [""蛔虫感染可能影响疫苗免疫应答和生产性能"", ""若伴发其他病原感染，病情可能加重""], ""case_type"": ""驱虫和环境管理"", ""target_disease"": ""猪蛔虫病"", ""local_flags"": {""species_ok"": true, ""target_disease_in_diagnosis"": true, ""target_disease_mismatch"": false, ""contains_specific_dose"": false, ""contains_specific_withdrawal"": false, ""regulated_bad_treatment"": false}}",False,False,,,True,False,False,D:\XF-ChongQin\ai-\knowledge\llm_wiki_swine_authoritative,1465,887,"猪蛔虫病
猪蛔虫病、ascaris suum internal parasites
驱虫和环境管理
用户询问是否需要全群处理、环境清理和复查方式。","{""HUMAN_REVIEWED"": 3, ""NEEDS_REVIEW"": 2}","[""SRC-0001"", ""SRC-0026"", ""SRC-0082""]",2091,27.88,ERNIE-4.5-Turbo-32K,88,28,18,23,20,False,True,"该回答对猪蛔虫病的诊断准确，结合症状和粪便检查进行了合理推断，并提出了全群驱虫和环境管理的建议。诊断逻辑清晰，考虑到了鉴别诊断和辅助诊断方法。处方安全，未使用未经批准的药物，并强调了兽医指导的重要性。数据质量较高，提供了详细的场景标签和验证点。
问题：诊断准确性方面，虽然诊断合理，但未提及具体的诊断试验或更详细的诊断流程，略显不足。病理逻辑上，对鉴别诊断的描述可以更详细一些，比如具体说明肾虫移行所致病变与猪蛔虫病的区别。处方安全上，虽然强调了兽医指导，但未给出具体的驱虫药物选择建议。数据质量上，风险标志的描述可以更具体一些，比如明确蛔虫感染如何影响疫苗免疫应答。",hunyuan-turbos-20250926,85,90,85,90,80,False,False,该数据场景真实，用户描述的育肥猪群体、症状（食欲下降、腹泻、粪便中可见成虫）与猪蛔虫病高度吻合，诊断推理合理且考虑了鉴别诊断。处方方向正确，强调全群驱虫与环境管理，并提示兽医指导和合规用药，无危险建议。不足之处在于诊断细节可更完整，如补充常用诊断方法的操作要点；病理鉴别可进一步细化；风险提醒可更具体。整体符合训练数据质量要求。,True,ERNIE-4.5-Turbo-32K,True,review,该回答对猪蛔虫病的诊断准确，结合症状和粪便检查进行了合理推断，并提出了全群驱虫和环境管理的建议。诊断逻辑清晰，考虑到了鉴别诊断和辅助诊断方法。处方安全，未使用未经批准的药物，并强调了兽医指导的重要性。但诊断部分缺少具体诊断试验的操作细节，鉴别诊断中对肾虫移行病变与猪蛔虫病的差异描述不够细致，处方中未提供驱虫药物类别的参考方向，风险提醒可更具体化。,86.0,28,18,23,20,review,18.33,19.28,,1,D:\XF-ChongQin\ai-\results\swine_weak_wiki_production\swine_disease_dataset_production_20260507_141653_dual_reviewed_reselected_20260507_150645.csv
68c458db-c166-5c58-be4c-8f8733060b67,135,猪鞭虫病,swine_hunyuan_turbos,hunyuan-turbos-20250926,成功,,猪,我家有120头60日龄左右的保育猪，最近半个月陆续出现拉稀、精神差、毛色发暗、个别猪皮肤有点粗糙结痂，采食量下降，体重增长慢。圈舍比较潮湿，之前用过一次伊维菌素驱虫，但效果不明显。想问问是不是鞭虫引起的？该怎么处理？,根据描述，保育猪在潮湿环境中出现慢性腹泻、消瘦、毛色变差及部分皮肤异常，结合曾用伊维菌素驱虫效果不佳的情况，考虑猪鞭虫病（Trichuris suis）可能性较大。该病由寄生于盲肠和结肠的鞭虫引起，重度感染可致结肠炎、营养吸收障碍，并因长期消耗导致体质下降，部分猪可能出现继发皮肤问题。确诊需采集粪便镜检找典型鞭虫卵或剖检观察盲肠黏膜病变。,treatment_direction: 选用对鞭虫有效的广谱驱虫药（如芬苯达唑类），按说明投喂，必要时配合改善饲料消化率的药物辅助恢复。；management_measures: 加强圈舍通风干燥，减少粪尿堆积，定期清理消毒饮水槽和料槽，防止重复感染。；sampling_and_testing: 采集新鲜粪便做漂浮法检查虫卵，必要时剖检病死猪取盲肠黏膜观察虫体附着情况，送实验室鉴定。；prohibited_boundaries: 严禁使用未经批准的兽药或超范围药物，若检出高感染率且伴随严重死亡，应报告当地畜牧兽医部门进行流行病学调查。,驱虫药物使用后应按说明书执行相应停药期，确保猪肉安全上市。,"{""disease_name"": ""猪鞭虫病"", ""severity"": ""中等偏重"", ""scene_tags"": [""保育猪"", ""慢性腹泻"", ""消瘦"", ""皮肤异常"", ""潮湿环境""], ""validation_points"": [""鞭虫寄生于盲肠和结肠，可引起结肠炎和腹泻"", ""粪便镜检发现典型虫卵是重要诊断依据"", ""管理上需改善圈舍卫生以减少再感染""], ""risk_flags"": [""群体感染风险高"", ""可能影响生长性能"", ""存在传播扩散隐患""], ""case_type"": ""寄生虫群体发病"", ""target_disease"": ""猪鞭虫病"", ""local_flags"": {""species_ok"": true, ""target_disease_in_diagnosis"": true, ""target_disease_mismatch"": false, ""contains_specific_dose"": false, ""contains_specific_withdrawal"": false, ""regulated_bad_treatment"": false}}",False,False,,,True,False,False,D:\XF-ChongQin\ai-\knowledge\llm_wiki_swine_authoritative,1465,887,"猪鞭虫病
猪鞭虫病、trichuris suis internal parasites
寄生虫群体发病
猪群出现腹泻、消瘦、皮肤瘙痒或生长慢，用户怀疑寄生虫。","{""HUMAN_REVIEWED"": 2, ""NEEDS_REVIEW"": 2}","[""SRC-0001"", ""SRC-0082""]",2221,29.62,ERNIE-4.5-Turbo-32K,88,28,18,23,20,False,True,"该回答整体表现良好，诊断方向合理，症状与疾病匹配度较高，治疗建议安全且符合疾病特点，数据质量较高，无明显致命风险。
问题：diagnosis_accuracy: 诊断依据中未明确提及鞭虫病的典型症状（如血便），仅依赖环境因素和驱虫效果不佳推断，略显不足。；pathology_logic: 病理逻辑部分对鞭虫病导致的结肠炎和营养吸收障碍的描述较笼统，缺乏具体机制说明。；data_quality: 数据质量中场景标签和验证点较全面，但风险标志中未提及人兽共患风险（虽鞭虫病人兽共患风险低，但应明确说明）。",hunyuan-turbos-20250926,85,80,82,90,88,True,False,回答整体结构完整，诊断思路基本合理，症状与环境条件支持鞭虫病的可能性，处理方案安全且包含必要的检测与管理措施，无直接危险建议。不足之处在于诊断依据缺少鞭虫病的典型特征（如血便），病理机制描述不够细致，且未明确说明人兽共患风险状态。,True,ERNIE-4.5-Turbo-32K,True,review,回答整体结构完整，诊断方向合理，症状与疾病匹配度较高，治疗建议安全且符合疾病特点。不足之处在于诊断依据缺少鞭虫病的典型特征（如血便），病理机制描述不够细致，且未明确说明人兽共患风险状态，但整体可参考，需补充细节。,86.0,28,18,23,20,review,18.12,20.25,,1,D:\XF-ChongQin\ai-\results\swine_weak_wiki_production\swine_disease_dataset_production_20260507_141653_dual_reviewed_reselected_20260507_150645.csv
19d9d1f7-8dbc-5497-87c9-03ab42370422,148,猪流行性腹泻,swine_hunyuan_turbos,hunyuan-turbos-20250926,成功,,猪,我家有200头120公斤左右的育肥猪，还有10天就要出栏了，这几天陆续有几头开始拉水样稀粪，精神食欲还行，体温正常，圈舍通风一般，之前没用过什么药。这种情况还能卖吗？要怎么处理？会不会传染别的栏？,根据描述，考虑为猪流行性腹泻（PEDV）可能性大，该病在育肥阶段可表现为轻度至中度腹泻，传播快，但死亡率低。需结合实验室检测确诊。,立即将发病猪与健康猪严格分栏隔离，防止交叉感染；加强圈舍保温与通风，减少应激；对全群进行饮水酸化或电解质补充支持；采集新鲜粪便及病死猪小肠组织送实验室做PEDV核酸检测或IHC检测；若确诊为PEDV，应按当地动物疫病防控部门指导执行，严禁擅自出售未经检疫的生猪；禁止随意使用抗生素作为特效治疗，因本病为病毒性，无特效抗病毒药物。,如涉及药物治疗，须按药品说明书和国家规定执行休药期，并在出栏前确保符合检疫标准；PEDV本身无休药期概念，但疫情处置期间可能限制出栏。,"{""disease_name"": ""猪流行性腹泻"", ""severity"": ""中等"", ""scene_tags"": [""育肥猪"", ""临近出栏"", ""腹泻"", ""传染性""], ""validation_points"": [""症状与水样稀粪相符"", ""育肥阶段PEDV可表现轻症"", ""需实验室确诊"", ""隔离措施必要""], ""risk_flags"": [""具有传染性，需隔离管理"", ""临近出栏需关注检疫和销售限制"", ""非人兽共患病，无需公共卫生干预""], ""case_type"": ""腹泻出栏边界"", ""target_disease"": ""猪流行性腹泻"", ""local_flags"": {""species_ok"": true, ""target_disease_in_diagnosis"": true, ""target_disease_mismatch"": false, ""contains_specific_dose"": false, ""contains_specific_withdrawal"": false, ""regulated_bad_treatment"": false}}",False,False,,,True,False,False,D:\XF-ChongQin\ai-\knowledge\llm_wiki_swine_authoritative,1465,887,"猪流行性腹泻
猪流行性腹泻、porcine epidemic diarrhea virus、PED、PEDV
腹泻出栏边界
临近出栏猪群出现腹泻，用户关心处理方向、隔离和用药后能否销售。","{""HUMAN_REVIEWED"": 3, ""NEEDS_REVIEW"": 2}","[""A0-MOA-573"", ""A2-EFSA-PED-PDCOV-OPINION"", ""SRC-0001"", ""SRC-0037""]",2168,28.34,ERNIE-4.5-Turbo-32K,88,28,18,24,18,False,True,"该回答对猪流行性腹泻的诊断、处理方向和隔离措施进行了较为准确的描述，符合疾病特征和实际场景需求，未发现致命风险。
问题：诊断准确性方面，虽然考虑了猪流行性腹泻的可能性，但未充分排除其他类似症状疾病的可能性，如猪传染性胃肠炎等。；病理逻辑方面，对疾病的传播速度和影响范围的描述略显简单，未充分阐述其病理机制。；数据质量方面，虽然提供了基本的疾病信息和处理建议，但缺乏更详细的病例数据支持，如发病率、死亡率等。；处理建议中未明确提及对健康猪群的监测和预防措施。",hunyuan-turbos-20250926,85,8,8,9,7,False,False,回答准确识别了猪流行性腹泻（PEDV）的可能性，并给出了合理的隔离、监测、送检及防疫建议，避免了不当用药，强调了依法报告和检疫的重要性，符合重大疫病的安全边界要求。不足之处在于未充分排除其他相似症状的肠道传染病，且缺少对传播机制和健康猪群预防的详细解释。,True,ERNIE-4.5-Turbo-32K,partially,review,回答对猪流行性腹泻的诊断和处理方向基本准确，提供了合理的隔离、监测、送检及防疫建议，避免了不当用药，并强调了依法报告和检疫的重要性。但存在一些不足，如未充分排除其他相似症状的肠道传染病，缺少对传播机制和健康猪群预防的详细解释，以及缺乏对未发病猪群的持续监测和健康评估建议。,86.0,28,18,24,18,review,18.39,16.89,,1,D:\XF-ChongQin\ai-\results\swine_weak_wiki_production\swine_disease_dataset_production_20260507_141653_dual_reviewed_reselected_20260507_150645.csv
21653f08-c896-503b-abd9-18eef6df30fc,155,仔猪黄白痢,swine_hunyuan_turbos,hunyuan-turbos-20250926,成功,,猪,我家有120头母猪，最近产房里10天左右的仔猪陆续出现拉黄色稀便的情况，有的还带白色絮状物，整窝都有，个别精神差、吃奶少，体温正常，没有呕吐，圈舍温度偏低，之前用过恩诺沙星拌料喂过几天没明显好转。这种情况是啥病？要不要做化验？怎么区分是病毒还是细菌引起的？,根据日龄（10天左右）及粪便性状（黄色稀便伴白色絮状物），结合整窝发病、无高热、偶有精神沉郁等特征，高度怀疑为仔猪黄白痢，主要由致病性大肠杆菌引起。需与传染性胃肠炎、流行性腹泻、轮状病毒感染以及球虫感染等鉴别。,treatment_direction: 立即改善保温措施，减少冷应激；对症状明显的仔猪进行补液防脱水；可在兽医指导下使用针对革兰氏阴性菌的敏感抗生素辅助治疗，并配合益生菌调节肠道菌群。；management_measures: 加强产房卫生消毒，保持干燥温暖；及时清理粪污，防止交叉感染；暂停使用可能抑制有益菌的药物；确保初乳摄入充足。；sampling_and_testing: 采集新鲜粪便样本送实验室进行细菌分离培养、PCR检测（如大肠杆菌毒力基因）、病毒抗原/核酸检测（TGEV、PEDV、轮状病毒等）以及球虫卵囊检查，以明确病原类型。；prohibited_boundaries: 严禁自行随意更换或加大抗生素用量；禁止将疑似病例与健康猪混养；若检出法定重大疫病（如非洲猪瘟、口蹄疫等），须立即向当地畜牧兽医部门报告并按规定处置。,因未提供具体药物名称，无法给出确切休药期；建议停药至屠宰前足够时间，并遵循所用药物说明书或兽医指导。,"{""disease_name"": ""仔猪黄白痢"", ""severity"": ""中等"", ""scene_tags"": [""产房"", ""低温应激"", ""整窝发病"", ""黄白稀便""], ""validation_points"": [""日龄符合大肠杆菌易感范围"", ""粪便性状符合黄白痢特征"", ""整窝发病提示高接触传播"", ""需排除病毒性腹泻""], ""risk_flags"": [""潜在重大疫病风险"", ""需实验室确诊病原""], ""case_type"": ""腹泻采样送检"", ""target_disease"": ""仔猪黄白痢"", ""local_flags"": {""species_ok"": true, ""target_disease_in_diagnosis"": true, ""target_disease_mismatch"": false, ""contains_specific_dose"": false, ""contains_specific_withdrawal"": false, ""regulated_bad_treatment"": false}}",False,False,,,True,False,False,D:\XF-ChongQin\ai-\knowledge\llm_wiki_swine_authoritative,1465,887,"仔猪黄白痢
仔猪黄白痢、neonatal post weaning colibacillosis、黄白痢、大肠杆菌、仔猪大肠杆菌病
腹泻采样送检
用户描述粪便性状、日龄和病程，重点询问如何鉴别病毒性、细菌性或寄生虫性腹泻。","{""HUMAN_REVIEWED"": 1, ""NEEDS_REVIEW"": 4}","[""RC-DIARRHEA-001"", ""SRC-0001"", ""SRC-0052"", ""SRC-0062"", ""SRC-0063"", ""SRC-0064"", ""SRC-0071"", ""SRC-0072"", ""SRC-0073"", ""SRC-0077"", ""SRC-0081""]",2148,27.51,ERNIE-4.5-Turbo-32K,88,28,18,23,20,False,True,"该回答整体表现良好，诊断准确性较高，病理逻辑合理，处方安全，数据质量较好，无致命风险。
问题：diagnosis_accuracy: 诊断准确性较高，但未完全覆盖所有可能的鉴别诊断，如未详细讨论寄生虫性腹泻的鉴别要点。；pathology_logic: 病理逻辑基本合理，但未充分解释为何排除病毒性腹泻的具体依据。；prescription_safety: 处方安全，但休药期说明不够具体，仅建议遵循说明书或兽医指导，未提供明确指导。；data_quality: 数据质量较好，但场景标签中'潜在重大疫病风险'未在回答中充分体现应对措施。",hunyuan-turbos-20250926,85,8,8.5,9,8.5,False,False,回答整体结构完整，诊断思路清晰，能结合日龄、粪便性状、群体分布等特点指向仔猪黄白痢，并列出主要鉴别诊断。处理方案符合常规防控原则，强调了保温、补液、合理使用抗生素及采样送检的重要性，同时明确了禁止随意用药和重大疫病上报的要求，无明显危险建议。不足之处在于部分鉴别诊断细节不足，对病毒性腹泻排除理由阐述不够充分，且休药期提示较为笼统。,True,ERNIE-4.5-Turbo-32K,True,review,回答整体结构完整，诊断思路清晰，能结合日龄、粪便性状、群体分布等特点指向仔猪黄白痢，并列出主要鉴别诊断。处理方案符合常规防控原则，强调了保温、补液、合理使用抗生素及采样送检的重要性，同时明确了禁止随意用药和重大疫病上报的要求，无明显危险建议。但存在部分鉴别诊断细节不足，对病毒性腹泻排除理由阐述不够充分，且休药期提示较为笼统的问题，故判为review。,86.0,28,18,23,20,review,18.13,20.55,,1,D:\XF-ChongQin\ai-\results\swine_weak_wiki_production\swine_disease_dataset_production_20260507_141653_dual_reviewed_reselected_20260507_150645.csv
95e92780-33e4-53a5-b5fb-3c04d46ae30c,157,猪支原体肺炎,swine_hunyuan_turbos,hunyuan-turbos-20250926,成功,,猪,我这边有120头70日龄左右的保育猪，最近一周陆续有几头开始咳嗽，后来发展到整栏都有点喘气，体温在39℃左右，采食量明显下降，圈舍通风一般，之前用过阿莫西林拌料三天效果不明显。这种情况是不是支原体肺炎？要不要全群打针或者加药？,根据描述，该批次保育猪出现持续性干咳、喘气、发热及采食下降，结合阿莫西林治疗效果不佳，提示可能为猪支原体肺炎（由M. hyopneumoniae引起）。该病常呈慢性经过，易与其他呼吸道病原（如PRRSV、PCV2）混合感染，导致病情加重。需考虑环境因素（通风不良）为诱因之一。,treatment_direction: 针对疑似猪支原体肺炎，可优先考虑使用对支原体有效的抗生素（如泰妙菌素类、四环素类），并结合对症支持治疗。；management_measures: 改善圈舍通风，适当提高环境温度以减少冷应激；减少密度，保证饮水充足；分群饲养，将症状明显个体与健康猪分开管理。；sampling_testing: 建议采集鼻拭子、肺组织等样品送实验室进行PCR检测，明确是否为M. hyopneumoniae感染，并排查是否合并其他病原（如PRRSV、PCV2）。；prohibited_boundaries: 在未确诊前，不应随意更换广谱抗生素或大剂量投喂；禁止将疑似病猪与健康猪混养，防止扩散；若检测结果提示重大传染病（如非洲猪瘟），应立即按当地规定隔离、上报。,因涉及多种可能药物，应依据最终选用药品说明书及国家相关规定执行相应休药期，确保上市安全。,"{""disease_name"": ""猪支原体肺炎"", ""severity"": ""中等偏重"", ""scene_tags"": [""保育猪"", ""群体性呼吸道症状"", ""慢性病程"", ""环境应激""], ""validation_points"": [""症状符合M. hyopneumoniae特征（慢性咳嗽、喘气、发热、采食下降）"", ""阿莫西林无效提示非典型细菌感染"", ""环境通风差可能加重病情""], ""risk_flags"": [""潜在混合感染风险"", ""存在传播至健康猪的风险"", ""需排除重大传染病""], ""case_type"": ""呼吸道群体发病"", ""target_disease"": ""猪支原体肺炎"", ""local_flags"": {""species_ok"": true, ""target_disease_in_diagnosis"": true, ""target_disease_mismatch"": false, ""contains_specific_dose"": false, ""contains_specific_withdrawal"": false, ""regulated_bad_treatment"": false}}",False,False,,,True,False,False,D:\XF-ChongQin\ai-\knowledge\llm_wiki_swine_authoritative,1465,887,"猪支原体肺炎
猪支原体肺炎、mycoplasmosis enzootic pneumonia
呼吸道群体发病
同栏出现咳嗽、喘气、发热、采食下降，用户想判断病因和是否需要全群用药。","{""HUMAN_REVIEWED"": 2, ""NEEDS_REVIEW"": 2}","[""SRC-0001"", ""SRC-0006"", ""SRC-0026"", ""SRC-0069""]",2221,31.29,ERNIE-4.5-Turbo-32K,88,28,18,23,20,False,True,"该回答整体表现良好，诊断准确性较高，症状与疾病匹配合理，诊断逻辑清晰，处理方向安全且与疾病相互印证。数据质量方面，场景描述和症状记录较为详细，但部分细节可进一步优化。
问题：诊断准确性方面，虽然症状与猪支原体肺炎匹配，但未完全排除其他混合感染的可能性，诊断描述可更全面。；病理逻辑方面，对环境因素（通风不良）的诱因分析较为合理，但未详细说明其与疾病发展的具体关系。；处方安全方面，提出的抗生素选择和治疗方向合理，但未明确具体药物剂量和疗程，可能影响实际操作的规范性。；数据质量方面，场景标签和验证点较为全面，但风险标志中提到的潜在混合感染风险未在诊断中充分体现。",hunyuan-turbos-20250926,85,90,85,80,85,False,False,该案例场景真实，症状与猪支原体肺炎高度吻合，诊断思路合理且考虑了环境诱因和可能的混合感染。处理方案包含病原检测、环境改善、分群管理等安全措施，未出现危险用药建议。不足之处在于未充分展开混合感染的具体可能性说明，以及环境诱因与病程关系的细化解释。,True,ERNIE-4.5-Turbo-32K,True,review,该回答诊断准确性较高，症状与猪支原体肺炎匹配合理，诊断逻辑清晰，处理方向安全且与疾病相互印证。但存在一些不足，如未详细阐述通风不良如何促进支原体肺炎发生或加重病情，对混合感染的风险仅提及但未在诊断结论中充分体现其重要性，处方中未给出明确的疗程或剂量范围，可能导致实际操作缺乏指导。,86.0,28,18,23,20,review,22.77,16.67,,1,D:\XF-ChongQin\ai-\results\swine_weak_wiki_production\swine_disease_dataset_production_20260507_141653_dual_reviewed_reselected_20260507_150645.csv
b357eb72-0431-53d2-bf83-4b7bf619c7fb,162,猪球虫病,swine_hunyuan_turbos,hunyuan-turbos-20250926,成功,,猪,我家有200头25日龄左右的保育猪，最近一周陆续出现拉稀，粪便黄绿色带黏液，部分猪精神差、采食下降，已经用了恩诺沙星和多西环素各三天，效果不明显。圈舍湿度大，通风一般，想问是不是还要继续用抗生素？要不要送样检查？,根据日龄、腹泻特征及抗生素治疗无效的情况，考虑仔猪球虫病可能性较大，但需与大肠杆菌性腹泻、轮状病毒、传染性胃肠炎、产气荚膜梭菌C型及Strongyloides ransomi等鉴别。确诊需结合粪便镜检卵囊、肠道病变观察及排除其他常见病原。,建议立即停喂霉变饲料，改善圈舍干燥与通风条件，减少应激；采集新鲜粪便样本送实验室进行病原学检测（包括球虫卵囊及其他腹泻病原）；在结果明确前可试用针对球虫的环境控制措施（如清洁消毒、降低湿度），不建议盲目使用广谱抗生素；若确诊为球虫病，可在兽医指导下选择安全有效的抗球虫药物并配合管理调整；严禁将病死猪随意丢弃或流入市场。,因涉及潜在人畜共患病排查及法定疫病防控，须按检测结果及当地畜牧兽医部门指导确定停药与出栏时间，不得擅自销售。,"{""disease_name"": ""猪球虫病"", ""severity"": ""中等"", ""scene_tags"": [""保育猪"", ""腹泻"", ""抗生素治疗无效"", ""高湿环境""], ""validation_points"": [""日龄符合球虫易感期"", ""腹泻性状提示非细菌性为主"", ""抗生素无效支持寄生虫可能""], ""risk_flags"": [""需排除多种腹泻病原"", ""存在人畜共患病排查需求"", ""需防止疫情扩散""], ""case_type"": ""腹泻用药咨询"", ""target_disease"": ""猪球虫病"", ""local_flags"": {""species_ok"": true, ""target_disease_in_diagnosis"": true, ""target_disease_mismatch"": false, ""contains_specific_dose"": false, ""contains_specific_withdrawal"": false, ""regulated_bad_treatment"": false}}",False,False,,,True,False,False,D:\XF-ChongQin\ai-\knowledge\llm_wiki_swine_authoritative,1465,887,"猪球虫病
猪球虫病、coccidia and other protozoa、球虫、球虫感染、coccidiosis、coccidia
腹泻用药咨询
猪群腹泻后已用过常见抗菌药效果一般，用户询问是否继续用药以及是否需要送检。","{""HUMAN_REVIEWED"": 2, ""NEEDS_REVIEW"": 2}","[""SRC-0001"", ""SRC-0081""]",2220,27.61,ERNIE-4.5-Turbo-32K,88,28,18,23,20,False,True,"该回答在诊断准确性、病理逻辑、处方安全性和数据质量方面表现良好，整体符合猪球虫病的诊断与处理要求，未发现致命风险。
问题：诊断准确性方面，虽然考虑了多种鉴别诊断，但未明确提及球虫病的典型病理变化（如小肠绒毛萎缩等），可能影响确诊信心。；病理逻辑方面，对高湿环境与球虫病的关系解释不够深入，未充分阐述环境因素在疾病发生中的作用。；数据质量方面，未提供具体的粪便镜检方法或检测机构建议，可能影响用户实际操作。；处方安全性方面，虽提到‘在兽医指导下选择抗球虫药物’，但未列出常用药物名称，可能让用户感到困惑。",hunyuan-turbos-20250926,85,90,80,95,80,False,False,该数据整体真实可信，用户描述的场景、症状与猪球虫病高度吻合，且诊断思路合理，涵盖了主要鉴别诊断。处方建议安全，强调送检与避免滥用抗生素，并提示依法处置病死猪，无危险建议。不足之处在于病理机制与环境关系的解释较浅，缺乏典型病理变化的描述，以及缺少粪便镜检的具体操作指引和常用抗球虫药物示例，可能影响用户的执行信心。,True,ERNIE-4.5-Turbo-32K,True,review,该回答在诊断准确性、病理逻辑、处方安全性和数据质量方面表现良好，整体符合猪球虫病的诊断与处理要求，未发现致命风险。不足之处在于病理机制与环境关系的解释较浅，缺乏典型病理变化的描述，以及缺少粪便镜检的具体操作指引和常用抗球虫药物示例，可能影响用户的执行信心。,86.0,28,18,23,20,review,18.17,16.19,,1,D:\XF-ChongQin\ai-\results\swine_weak_wiki_production\swine_disease_dataset_production_20260507_141653_dual_reviewed_reselected_20260507_150645.csv
2e8f40c3-1a30-5b9d-9604-d8c360ffe563,175,猪丝状病毒相关感染,swine_hunyuan_turbos,hunyuan-turbos-20250926,成功,,猪,我家是100头左右保育猪，现在大概40日龄，最近两天陆续有猪不吃料、精神沉郁，有的还咳嗽、流鼻涕，个别拉稀。圈舍通风一般，温度偏低，之前用过阿莫西林拌料，效果不明显。这种情况会是什么病？该怎么处理？,根据描述的症状（采食下降、精神沉郁、咳嗽、流涕、腹泻）以及保育猪阶段特点，需高度警惕病毒性传染病的可能，包括猪丝状病毒相关感染在内的多种病毒性疾病。该病在猪群中可呈急性流行，传播迅速，且部分毒株具有潜在的人兽共患风险，因此需结合流行病学调查和实验室检测进行确诊。,立即将疑似病例与健康猪隔离，减少人员及工具交叉接触；加强圈舍保温与通风管理，保持干燥清洁；暂停使用抗生素，仅作对症支持；采集血液、组织等样本送具备资质的实验室进行病原学检测（PCR、血清学）；若检测结果提示高风险病原体，应严格按照《重大动物疫情应急条例》向当地畜牧兽医主管部门报告，并配合实施封锁、扑杀、无害化处理等措施；严禁私自出售、运输病死猪及其产品。,因涉及重大疫病防控，无自行用药方案，不存在常规休药期概念。所有处置须按官方指导执行。,"{""disease_name"": ""猪丝状病毒相关感染"", ""severity"": ""高"", ""scene_tags"": [""保育猪"", ""群体发病"", ""呼吸道症状"", ""消化道症状"", ""低温应激""], ""validation_points"": [""保育猪阶段易发多种病毒病"", ""症状符合多系统受累的病毒感染特征"", ""存在人兽共患风险，需严格生物安全""], ""risk_flags"": [""重大动物疫病风险"", ""人兽共患潜在风险"", ""需立即隔离与送检""], ""case_type"": ""保育猪群体发病"", ""target_disease"": ""猪丝状病毒相关感染"", ""local_flags"": {""species_ok"": true, ""target_disease_in_diagnosis"": true, ""target_disease_mismatch"": false, ""contains_specific_dose"": false, ""contains_specific_withdrawal"": false, ""regulated_bad_treatment"": false}}",False,False,,,True,False,False,D:\XF-ChongQin\ai-\knowledge\llm_wiki_swine_authoritative,1465,887,"猪丝状病毒相关感染
猪丝状病毒相关感染、filoviruses reston ebolavirus zaire ebolavirus
保育猪群体发病
群体发病、采食下降、粪便或呼吸道异常，用户想知道主要病因和下一步处理。","{""NEEDS_REVIEW"": 5}","[""SRC-0001""]",2058,25.3,ERNIE-4.5-Turbo-32K,88,28,18,24,18,False,True,"整体回答质量较高，诊断方向合理，处理措施安全且符合重大疫病防控要求，但存在部分细节可优化。
问题：诊断准确性方面，虽提及猪丝状病毒相关感染，但未完全排除其他病毒性传染病（如猪瘟、蓝耳病等），诊断依据稍显不足。；病理逻辑方面，对症状与疾病关联的解释不够深入，未详细说明为何高度怀疑猪丝状病毒相关感染。；数据质量方面，未提及具体实验室检测方法的选择依据，且对症状描述的全面性评估不足。；处理措施中，虽强调隔离与送检，但对圈舍消毒等生物安全措施的描述不够详细。",hunyuan-turbos-20250926,85,80,78,90,82,False,False,该回答针对用户提供的保育猪群体症状进行了合理的病毒性传染病排查，并明确提及猪丝状病毒相关感染的可能性，同时强调了重大疫病防控流程和安全边界，处理措施总体安全合规。但在诊断依据上缺乏对其他常见病毒病的对比分析，病理机制解释不足，部分生物安全措施描述不够细化。,True,ERNIE-4.5-Turbo-32K,True,review,回答整体质量较高，诊断方向合理，处理措施安全且符合重大疫病防控要求，但存在部分细节可优化。诊断准确性方面，虽提及猪丝状病毒相关感染，但未完全排除其他病毒性传染病（如猪瘟、蓝耳病等），诊断依据稍显不足；病理逻辑方面，对症状与疾病关联的解释不够深入，未详细说明为何高度怀疑猪丝状病毒相关感染；数据质量方面，未提及具体实验室检测方法的选择依据，且对症状描述的全面性评估不足；处理措施中，虽强调隔离与送检，但对圈舍消毒等生物安全措施的描述不够详细。,86.0,28,18,24,18,review,16.76,18.53,,1,D:\XF-ChongQin\ai-\results\swine_weak_wiki_production\swine_disease_dataset_production_20260507_141653_dual_reviewed_reselected_20260507_150645.csv
459be25d-da28-5c24-b67e-a2635d7643c6,183,猪副黏病毒相关感染,swine_hunyuan_turbos,hunyuan-turbos-20250926,成功,,猪,我这边是200头基础母猪的种猪场，最近有五六头怀孕后期母猪陆续流产，还有两头产下死胎，另外有两头空怀母猪返情周期变长，公猪采精量也明显减少。场内通风一般，近期没有换料，之前用过一些抗生素防子宫炎，但效果不明显。这种情况会不会是传染病？还能继续配种吗？,根据描述，怀孕后期流产、死胎、返情延长及公猪精液质量下降提示可能存在病毒性繁殖障碍性疾病，如猪副黏病毒相关感染或其他病毒感染。需结合流行病学史、临床观察及实验室检测进一步确诊。,立即隔离发病母猪，暂停配种计划，减少人员与器具交叉使用；采集流产胎儿、胎盘组织及公猪精液送实验室进行病原学检测；加强圈舍消毒与通风，降低应激因素；在检测结果明确前，不建议盲目使用抗病毒药物或激素干预；若怀疑为重大动物疫病，应按规定向当地畜牧兽医部门报告并配合处置。,因未确诊且未使用特定药物，暂无具体休药期建议；一旦确诊并按规范用药，应依据所用药物说明执行相应休药期。,"{""disease_name"": ""猪副黏病毒相关感染"", ""severity"": ""中等至严重（可导致繁殖力显著下降）"", ""scene_tags"": [""种猪场"", ""繁殖障碍"", ""流产"", ""死胎"", ""返情"", ""公猪精液减少""], ""validation_points"": [""多例怀孕后期流产与死胎提示病毒性病因可能"", ""公猪精液量减少支持生殖系统受累"", ""抗生素无效符合病毒性特征""], ""risk_flags"": [""潜在重大动物疫病风险"", ""存在传播扩散风险""], ""case_type"": ""种猪繁殖障碍"", ""target_disease"": ""猪副黏病毒相关感染"", ""local_flags"": {""species_ok"": true, ""target_disease_in_diagnosis"": true, ""target_disease_mismatch"": false, ""contains_specific_dose"": false, ""contains_specific_withdrawal"": false, ""regulated_bad_treatment"": false}}",False,False,,,True,False,False,D:\XF-ChongQin\ai-\knowledge\llm_wiki_swine_authoritative,1465,887,"猪副黏病毒相关感染
猪副黏病毒相关感染、paramyxoviruses
种猪繁殖障碍
种猪场出现流产、死胎、返情或公猪异常，用户担心传染病和是否继续配种。","{""NEEDS_REVIEW"": 5}","[""SRC-0001""]",2034,26.19,ERNIE-4.5-Turbo-32K,88,28,18,24,18,False,True,"该回答在诊断准确性、病理逻辑、处方安全性和数据质量方面表现良好，整体符合测试数据有效性要求，无致命风险，最终评定为通过。
问题：诊断准确性方面，虽然考虑了病毒性繁殖障碍性疾病，但未明确提及猪副黏病毒相关感染的特异性症状或流行病学特点，略显笼统。；病理逻辑方面，对症状与疾病之间的关联解释不够深入，缺乏对病毒传播途径和感染机制的详细阐述。；数据质量方面，虽然提供了场景标签和验证点，但对风险标志的描述较为简单，未充分展现疾病的严重性和紧迫性。",hunyuan-turbos-20250926,85,80,82,90,83,False,False,该回答在诊断思路上覆盖了可能的病毒性繁殖障碍性疾病，处方措施安全合理，强调了隔离、送检和上报等防控要点，无明显危险建议。但在诊断准确性和病理逻辑上略显笼统，未突出猪副黏病毒的特异性特征与传播机制，数据质量尚可但风险警示不足。,True,ERNIE-4.5-Turbo-32K,partially,review,该回答在诊断思路上覆盖了可能的病毒性繁殖障碍性疾病，处方措施安全合理，强调了隔离、送检和上报等防控要点，无明显危险建议。但诊断部分未明确猪副黏病毒的典型临床表现及流行特点，病理逻辑中对症状与病毒致病机制的联系解释较浅，数据质量中风险警示较弱，未强调重大疫病上报的紧迫性与法律义务。综合来看，该回答基本符合要求，但存在一些可改进之处。,86.0,28,18,24,18,review,18.51,23.3,,1,D:\XF-ChongQin\ai-\results\swine_weak_wiki_production\swine_disease_dataset_production_20260507_141653_dual_reviewed_reselected_20260507_150645.csv
bd1d3960-f9dd-5f24-a682-61739ce2285c,184,猪细小病毒病,swine_hunyuan_turbos,hunyuan-turbos-20250926,成功,,猪,我家有120头能繁母猪，平均胎次在3到4胎之间，最近两个月陆续有10多头母猪产仔数明显减少，还有几头直接空怀返情，个别怀孕后期突然流产。之前没做过细小病毒专项检测，现在想问下这种情况是不是细小病毒引起的？如果要送样检查应该取什么样本？另外这段时间还能继续配种吗？新引进的种猪要不要先停一停？,根据描述，存在母猪繁殖力下降、空怀返情及部分晚期流产的情况，符合猪细小病毒病（PPV1）的典型表现之一。该病主要通过垂直传播感染胎儿，造成死胎、木乃伊胎或流产，常在妊娠中期至后期发病明显。需结合实验室检测排除其他繁殖障碍病因如PRRS、伪狂犬、乙脑等。,treatment_direction: 本病无特效抗病毒药物，主要依赖生物安全管理和免疫防控。建议对全场母猪进行抗体水平监测，必要时制定免疫计划。；management_measures: 立即暂停配种和新引种，防止病原扩散；加强圈舍卫生与通风，减少应激；对流产母猪及时清理并消毒环境；记录受影响母猪信息以便追踪。；sampling_for_testing: 采集流产胎儿组织（肝、肺）、胎盘、血液血清以及同群母猪血清，送具备资质的实验室做PPV1 PCR检测和血清学检测，同时可同步筛查PRRS、伪狂犬、乙脑等常见繁殖障碍病原。；prohibited_actions: 严禁将疑似感染母猪及其后代流入正常生产群；禁止随意使用未经批准的抗病毒药物或抗生素作为替代方案。,本病为病毒性繁殖障碍，不涉及化学药物残留问题，无需设定休药期，但需执行严格的生物安全措施直至检测结果明确并采取相应防控措施。,"{""disease_name"": ""猪细小病毒病"", ""severity"": ""中等偏重"", ""scene_tags"": [""繁殖障碍"", ""流产"", ""空怀返情"", ""垂直传播""], ""validation_points"": [""症状与PPV1感染特征一致"", ""建议采样类型符合实验室检测常规流程"", ""管理建议符合生物安全原则""], ""risk_flags"": [""疑似重大动物疫病风险"", ""需实验室确诊"", ""暂停配种与新引种""], ""case_type"": ""繁殖障碍送检"", ""target_disease"": ""猪细小病毒病"", ""local_flags"": {""species_ok"": true, ""target_disease_in_diagnosis"": true, ""target_disease_mismatch"": false, ""contains_specific_dose"": false, ""contains_specific_withdrawal"": false, ""regulated_bad_treatment"": false}}",False,False,,,True,False,False,D:\XF-ChongQin\ai-\knowledge\llm_wiki_swine_authoritative,1465,887,"猪细小病毒病
猪细小病毒病、parvoviruses
繁殖障碍送检
繁殖异常持续出现，用户询问该采哪些样品、是否需要暂停配种和引种。","{""HUMAN_REVIEWED"": 3, ""NEEDS_REVIEW"": 2}","[""A0-MOA-573"", ""SRC-0001"", ""SRC-0045""]",2087,27.94,ERNIE-4.5-Turbo-32K,88,28,18,23,20,False,True,"整体回答质量较高，诊断方向准确，症状与疾病匹配合理，管理措施和采样建议符合生物安全原则，无明显错误或风险。
问题：diagnosis_accuracy: 虽提及需排除其他繁殖障碍病因，但未明确说明如何结合实验室检测结果综合判断，诊断逻辑稍显不足。；pathology_logic: 对猪细小病毒病的病理机制解释不够深入，如垂直传播的具体过程和对胎儿的影响。；data_quality: 场景标签和验证点描述较为笼统，缺乏具体细节支撑。；prescription_safety: 虽提及严禁使用未经批准的药物，但未明确说明可能的风险或后果。",hunyuan-turbos-20250926,85,8.5,8,9,8,False,False,该回答整体结构完整，诊断方向与用户描述的繁殖障碍症状高度吻合，管理建议和采样指导符合生物安全要求，未出现危险用药或违规操作建议。不足之处在于对鉴别诊断流程的描述略简略，对细小病毒的致病机理阐述不够细致，且缺少对潜在风险的进一步警示。,True,ERNIE-4.5-Turbo-32K,partially,review,回答整体结构完整，诊断方向与用户描述的繁殖障碍症状高度吻合，管理建议和采样指导符合生物安全要求，未出现危险用药或违规操作建议。但存在一些不足，如诊断部分未详细说明如何在实验室结果基础上综合判定病因，对猪细小病毒垂直传播的病理机制解释较浅，未针对可能的误诊或漏诊情况给出风险提示，场景细节和数据支撑不足。,86.0,28,18,23,20,review,18.04,18.6,,1,D:\XF-ChongQin\ai-\results\swine_weak_wiki_production\swine_disease_dataset_production_20260507_141653_dual_reviewed_reselected_20260507_150645.csv
0e95d1ff-6a6c-5efa-9b45-bf87f50bf0a5,202,猪结核病,swine_hunyuan_turbos,hunyuan-turbos-20250926,成功,,猪,我家是育肥猪场，存栏大概800头，平均体重80公斤左右。最近半个月，有两栋圈舍陆续出现精神沉郁、食欲下降的猪，有的还咳嗽，体温在39℃上下，个别猪消瘦明显。之前用过替米考星拌料一周，效果不明显。请问这种情况能不能先当普通呼吸道病处理看看？,根据描述的症状（慢性咳嗽、消瘦、低热）及用药无效的情况，需高度怀疑猪结核病等慢性消耗性疾病。该病多为亚临床感染，但在应激或免疫力下降时可出现上述症状。确诊需通过病理剖检、组织学检查和病原分离鉴定。,treatment_direction: 不建议自行按普通呼吸道疾病长期用药，应停止常规抗生素投喂，防止掩盖病情并增加耐药风险。；management_measures: 立即隔离可疑病例，减少人员、工具在不同圈舍间流动，加强圈舍通风与卫生消毒。；sampling_and_testing: 采集病死猪肺、淋巴结等病变组织送有资质的实验室进行病理检查、抗酸染色及病原培养，必要时做PCR分型确认是否为MTBC或其他Mycobacterium属菌。；prohibited_actions: 严禁将疑似病猪出售、转运或屠宰，不得擅自使用人用抗结核药物替代治疗，以免延误疫情报告和防控。,本病属于人兽共患风险疾病，无商业用途休药期概念，一旦确诊须按主管部门要求进行扑杀和无害化处理，不得进入市场流通。,"{""disease_name"": ""猪结核病"", ""severity"": ""高风险 / 重大动物疫病"", ""scene_tags"": [""育肥猪"", ""多圈舍散发"", ""慢性消耗"", ""呼吸道表现""], ""validation_points"": [""症状符合慢性消耗性疾病的特征"", ""常规抗生素治疗无效提示非典型细菌感染"", ""存在人兽共患风险，需谨慎处置""], ""risk_flags"": [""人兽共患风险"", ""可能触发法定疫病上报流程"", ""禁止私自销售或屠宰""], ""case_type"": ""暴发与处置边界"", ""target_disease"": ""猪结核病"", ""local_flags"": {""species_ok"": true, ""target_disease_in_diagnosis"": true, ""target_disease_mismatch"": false, ""contains_specific_dose"": false, ""contains_specific_withdrawal"": false, ""regulated_bad_treatment"": false}}",False,False,,,True,False,False,D:\XF-ChongQin\ai-\knowledge\llm_wiki_swine_authoritative,1465,887,"猪结核病
猪结核病、tuberculosis
暴发与处置边界
同栏或多栋猪舍短期内发病增多，用户询问是否能先按普通病治疗观察。","{""HUMAN_REVIEWED"": 3, ""NEEDS_REVIEW"": 2}","[""SRC-0001"", ""SRC-0078""]",2109,72.61,ERNIE-4.5-Turbo-32K,88,28,18,23,20,False,True,"该回答整体表现良好，诊断方向准确，考虑到了猪结核病的慢性消耗特征及人兽共患风险，处理建议符合疫病防控原则，未出现致命性错误。
问题：diagnosis_accuracy: 诊断部分对症状与疾病关联的描述稍显笼统，未充分解释为何排除其他类似疾病（如猪气喘病、猪肺疫等）。；pathology_logic: 病理逻辑部分对确诊依据的阐述不够深入，未提及如何通过剖检特征（如淋巴结肿大、干酪样坏死）辅助诊断。；data_quality: 数据质量方面，对用户场景的描述（如存栏量、发病栋舍）利用不足，未结合规模养殖场的生物安全特点进一步细化建议。；prescription_safety: 处方安全部分虽强调了禁止使用人用药物，但未明确替代方案（如疫苗接种的可行性，尽管结核病无有效疫苗，但可提及生物安全措施作为补充）。",hunyuan-turbos-20250926,85,8,7.5,9,7.5,False,False,回答总体合理，正确识别了猪结核病的人兽共患风险，并给出了符合防控要求的处置措施，避免了危险建议。但对症状的鉴别诊断分析不足，未充分利用用户提供的养殖场信息细化管理建议，且缺少对剖检特征的说明。,True,ERNIE-4.5-Turbo-32K,True,review,回答整体方向正确，识别了猪结核病的风险并给出了符合防控原则的处置建议，避免了危险操作。但存在以下不足：诊断部分未充分对比排除其他类似疾病（如猪气喘病、猪肺疫），推理链条不够完整；病理逻辑中缺乏对典型剖检特征（如淋巴结肿大、干酪样坏死）的描述，影响可信度；未结合800头育肥猪的规模养殖背景提出更具体的生物安全改进措施；处方安全部分虽强调禁用人类抗结核药，但未提供可行的替代防控思路。这些问题属于轻微不足，不影响整体参考价值，但需优化后更完善。,86.0,28,18,23,20,review,24.7,23.14,,1,D:\XF-ChongQin\ai-\results\swine_weak_wiki_production\swine_disease_dataset_production_20260507_141653_dual_reviewed_reselected_20260507_150645.csv
46b56a4b-8787-5430-abb7-77a9316e9cab,223,猪瘟,swine_hunyuan_turbos,hunyuan-turbos-20250926,成功,,猪,我家有120头保育猪，现在45日龄左右，这几天陆续出现不吃料、精神沉郁的情况，有的猪拉稀，有的呼吸急促，体温测了有几头超过41℃，之前用过阿莫西林饮水，效果不明显，圈舍通风一般，湿度偏高，想问问这是啥病，该怎么处理？,根据描述的症状（高热、食欲废绝、腹泻、呼吸加快）、年龄阶段及治疗效果不佳，结合保育猪常见病毒性传染病特征，高度怀疑为经典猪瘟（Classical Swine Fever）。该病由黄病毒科瘟病毒属引起，具有高度传染性，临床表现多样，常伴发继发细菌感染。,立即将疑似病例与健康猪隔离，停止转群和混养，减少应激；加强圈舍保温和通风，适当提高环境温度以改善体感温度；对全群进行紧急采样（血液、扁桃体等）送实验室PCR检测确诊；在未排除前严禁出售或调运生猪；如确诊应严格按国家重大动物疫病防控方案执行扑杀和无害化处理，并对场地彻底消毒；期间禁止使用未经批准的疫苗或药物替代官方防控措施。,因涉及重大动物疫病，无常规休药期概念，须按官方扑杀及无害化处置方案执行。,"{""disease_name"": ""经典猪瘟"", ""severity"": ""高"", ""scene_tags"": [""保育猪"", ""群体发病"", ""高热"", ""腹泻"", ""呼吸困难""], ""validation_points"": [""保育猪高发且症状符合CSF典型表现"", ""抗生素无效提示非单纯细菌性疾病"", ""高热与全身症状支持病毒感染""], ""risk_flags"": [""OIE列名疫病"", ""重大动物疫情"", ""需上报主管部门""], ""case_type"": ""保育猪群体发病"", ""target_disease"": ""猪瘟"", ""local_flags"": {""species_ok"": true, ""target_disease_in_diagnosis"": true, ""target_disease_mismatch"": false, ""contains_specific_dose"": false, ""contains_specific_withdrawal"": false, ""regulated_bad_treatment"": false}}",False,False,,,True,False,False,D:\XF-ChongQin\ai-\knowledge\llm_wiki_swine_authoritative,1465,887,"猪瘟
猪瘟、classical swine fever pestiviruses、经典猪瘟、CSF
保育猪群体发病
群体发病、采食下降、粪便或呼吸道异常，用户想知道主要病因和下一步处理。","{""HUMAN_REVIEWED"": 3}","[""A1-WOAH-CSF-DISEASE"", ""A1-WOAH-CSF-MANUAL"", ""SRC-0006"", ""SRC-0031"", ""SRC-0046"", ""SRC-0059""]",2221,26.39,ERNIE-4.5-Turbo-32K,88,28,18,25,17,False,True,"整体回答质量较高，诊断准确性、处方安全性均表现良好，符合猪瘟的典型症状及处理规范，无明显致命风险。
问题：诊断准确性方面，虽然症状和年龄阶段支持猪瘟，但未完全排除其他类似疾病（如非洲猪瘟、蓝耳病等），需进一步实验室检测确认。；病理逻辑方面，对继发细菌感染的描述稍显笼统，未明确具体可能的继发病原。；数据质量方面，用户查询中的湿度偏高、通风一般等环境因素未在诊断中充分体现分析。；休药期描述虽符合重大疫病处置要求，但未明确说明常规情况下猪瘟无有效治疗药物，仅依赖防控措施。",hunyuan-turbos-20250926,85,80,82,90,78,False,False,该回答在诊断上基本准确，能够识别猪瘟的可能性并强调实验室确诊的重要性；处方部分遵循重大动物疫病的防控原则，没有使用不当药物或给出危险建议，安全性高；但诊断未充分排除其他相似疾病，环境信息利用不足，且对继发感染机制描述较笼统。,True,ERNIE-4.5-Turbo-32K,True,review,整体回答质量较高，诊断准确性、处方安全性均表现良好，符合猪瘟的典型症状及处理规范，无明显致命风险。但诊断未充分排除其他相似疾病（如非洲猪瘟、蓝耳病等），环境信息利用不足，且对继发感染机制描述较笼统，需进一步优化。,86.0,28,18,25,17,review,18.49,17.88,,1,D:\XF-ChongQin\ai-\results\swine_weak_wiki_production\swine_disease_dataset_production_20260507_141653_dual_reviewed_reselected_20260507_150645.csv
4babcbae-89fa-5ccb-8fdf-a253c6caf220,226,猪胸膜肺炎,swine_hunyuan_turbos,hunyuan-turbos-20250926,成功,,猪,我家有120头60公斤左右的育肥猪，这几天陆续有几头开始咳嗽、呼吸急促、体温升高到40℃左右，吃料明显减少，有的还趴着不动。圈舍通风一般，湿度偏高，之前用过阿莫西林饮水，效果不明显。请问这是啥病？要不要整批都用药？,根据描述的症状（高热、咳嗽、呼吸困难、食欲下降）及群体发生情况，结合饲养密度和通风条件，高度怀疑为猪胸膜肺炎（由胸膜肺炎放线杆菌引起）。该病在育肥猪阶段高发，急性病例可见肺部出血、坏死等病变，慢性可出现胸膜粘连。需与猪流感、支原体肺炎等呼吸道病鉴别。,treatment_direction: 针对胸膜肺炎放线杆菌，可使用敏感抗生素进行群体控制，同时配合改善通风、降低湿度、提高环境温度以减少应激。；management_measures: 立即隔离明显病态猪只，加强圈舍通风换气，适度升温以降低猪体感冷应激，减少密度，保证清洁饮水和易消化饲料。；sampling_testing: 采集病死猪肺组织送实验室做细菌分离鉴定和药敏试验，明确病原及耐药情况，指导后续用药。；contraindications_boundaries: 若发现大面积急性死亡且伴特征性病变，应警惕重大动物疫病风险，按当地规定及时上报并配合扑杀和无害化处理，不可自行用普通抗生素治疗代替官方处置。,具体停药期需依据所用药物说明书及检测结果确定，常规抗生素使用后应遵守相应休药期后方可屠宰上市。,"{""disease_name"": ""猪胸膜肺炎"", ""severity"": ""中等至严重（视感染强度与防控情况而定）"", ""scene_tags"": [""育肥猪"", ""群体呼吸道病"", ""高湿低通风"", ""采食下降""], ""validation_points"": [""符合胸膜肺炎典型临床症状（高热、咳嗽、呼吸困难、食欲下降）"", ""群体发生提示传染性强"", ""环境因素（通风差、湿度高）促进疾病暴发""], ""risk_flags"": [""可能为人畜共患病无关，但属三类动物疫病，需关注疫情上报要求""], ""case_type"": ""呼吸道群体发病"", ""target_disease"": ""猪胸膜肺炎"", ""local_flags"": {""species_ok"": true, ""target_disease_in_diagnosis"": true, ""target_disease_mismatch"": false, ""contains_specific_dose"": false, ""contains_specific_withdrawal"": false, ""regulated_bad_treatment"": false}}",False,False,,,True,False,False,D:\XF-ChongQin\ai-\knowledge\llm_wiki_swine_authoritative,1465,887,"猪胸膜肺炎
猪胸膜肺炎、actinobacillus pleuropneumoniae pleuropneumonia
呼吸道群体发病
同栏出现咳嗽、喘气、发热、采食下降，用户想判断病因和是否需要全群用药。","{""HUMAN_REVIEWED"": 3, ""NEEDS_REVIEW"": 2}","[""A0-MOA-573"", ""SRC-0001"", ""SRC-0006"", ""SRC-0058""]",2127,29.46,ERNIE-4.5-Turbo-32K,88,28,18,23,20,False,True,"整体回答质量较高，诊断准确性、病理逻辑、处方安全性和数据质量均表现良好，无明显致命风险，符合通过标准。
问题：诊断准确性方面，虽然症状描述和群体发病情况与猪胸膜肺炎高度吻合，但未提及与猪流感、支原体肺炎等鉴别诊断的具体依据，略显不足。；病理逻辑方面，对猪胸膜肺炎的病理变化描述较为笼统，未详细阐述急性与慢性病例的具体病理差异。；处方安全性方面，虽然提出了敏感抗生素群体控制、改善环境等综合措施，但未明确具体抗生素种类及剂量，存在一定安全隐患。；数据质量方面，场景标签和验证点较为全面，但风险标志中仅提及疫情上报要求，未涉及人兽共患病风险的具体评估。",hunyuan-turbos-20250926,85,90,80,85,85,False,False,该回答整体结构完整，诊断与症状、场景高度匹配，处理方案兼顾治疗与环境管理，并包含重大疫病上报的安全边界，无直接危险建议。不足之处在于鉴别诊断细节不够充分，病理描述较笼统，部分安全提示可更细化。,True,ERNIE-4.5-Turbo-32K,True,review,整体回答质量较高，诊断与症状、场景匹配，处理方案兼顾治疗与环境管理，并包含重大疫病上报的安全边界，无直接危险建议。但存在一些不足，如鉴别诊断缺乏具体区分要点，病理变化描述过于概括，未分别详述急性与慢性病例的典型病变，处方中虽避免给出具体药名和剂量，但仍可进一步强调不同药物的风险差异，未明确提及人兽共患病风险评估。,86.0,28,18,23,20,review,19.55,18.76,,1,D:\XF-ChongQin\ai-\results\swine_weak_wiki_production\swine_disease_dataset_production_20260507_141653_dual_reviewed_reselected_20260507_150645.csv
24ba4a71-fecf-56b5-aab7-8f8e1e24dfda,232,猪链球菌病,swine_hunyuan_turbos,hunyuan-turbos-20250926,成功,,猪,我家是育肥场，存栏大概800头，现在60公斤左右，这几天有3个圈陆续出现精神沉郁、发热、关节肿大的情况，有的还倒地不起，已经死了2头。之前用过阿莫西林拌料，没见明显好转。想问问能不能先当普通细菌感染治一下看看？,根据描述的症状（高热、关节肿胀、部分急性死亡），结合育肥猪常见细菌性疾病的流行病学特点，高度怀疑为猪链球菌病（Streptococcus suis）。该病可引起败血症、关节炎及脑膜炎，在应激、混群或外伤后易暴发。,treatment_direction: 立即隔离病猪，减少人员、工具交叉使用；对全群进行饮水或饲料添加广谱抗生素（如β-内酰胺类或氟喹诺酮类）控制继发感染，并配合解热镇痛药物缓解全身症状。；management_measures: 加强圈舍通风降温，减少密度；清理粪污，保持干燥清洁；避免粗暴驱赶和外伤发生；暂停转群和新进猪只。；sampling_and_testing: 采集病死猪血液、关节液或脑组织送实验室做细菌分离培养和药敏试验，明确病原及敏感药物；有条件可做PCR鉴定血清型。；prohibited_boundaries: 严禁私自宰杀、销售可疑病猪及其产品；禁止将病猪随意转移或混入健康群；若疫情扩散迅速或涉及多栋舍，应按规定向当地畜牧兽医部门报告，不得自行处置。,因未给出具体药物名称与剂量，无法计算确切休药期，建议停药至屠宰前至少7天以上，并在兽医指导下确认安全间隔。,"{""disease_name"": ""猪链球菌病"", ""severity"": ""高"", ""scene_tags"": [""育肥猪"", ""多圈暴发"", ""关节炎"", ""败血症""], ""validation_points"": [""症状符合猪链球菌病典型表现"", ""育肥阶段为易感群体"", ""存在应激因素（混群、高温等）""], ""risk_flags"": [""可能为人兽共患病，操作时应佩戴手套，避免皮肤破损接触病猪体液"", ""疫情快速扩散时需考虑重大动物疫病防控流程""], ""case_type"": ""暴发与处置边界"", ""target_disease"": ""猪链球菌病"", ""local_flags"": {""species_ok"": true, ""target_disease_in_diagnosis"": true, ""target_disease_mismatch"": false, ""contains_specific_dose"": false, ""contains_specific_withdrawal"": false, ""regulated_bad_treatment"": false}}",False,False,,,True,False,False,D:\XF-ChongQin\ai-\knowledge\llm_wiki_swine_authoritative,1465,887,"猪链球菌病
猪链球菌病、streptococcosis streptococcus suis
暴发与处置边界
同栏或多栋猪舍短期内发病增多，用户询问是否能先按普通病治疗观察。","{""HUMAN_REV"": 1, ""HUMAN_REVIEWED"": 2, ""NEEDS_REVIEW"": 2}","[""SRC-0001"", ""SRC-0014"", ""SRC-0075"", ""SRC-0076""]",2221,29.17,ERNIE-4.5-Turbo-32K,88,28,18,24,18,False,True,"整体回答质量较高，诊断准确性、处方安全性均表现良好，符合猪链球菌病的诊断与处置要求。病理逻辑基本合理，但部分细节可优化。数据质量稍显不足，需补充更多具体信息。
问题：病理逻辑中未详细说明猪链球菌病的典型病理变化与症状的对应关系，如脑膜炎、败血症的具体表现。；数据质量方面，未提供具体的药物名称与剂量，导致休药期计算无法精确，且未明确实验室检测的具体方法与标准。；未充分强调猪链球菌病作为人兽共患病的防控措施，如个人防护装备的具体要求。",hunyuan-turbos-20250926,85,90,80,90,75,False,False,该回答对猪链球菌病的诊断准确，处理方案包含隔离、用药、管理改进和送检等关键环节，并强调了重大疫病的上报与安全边界，无明显危险建议。不足之处在于病理机制解释不够细致，缺少脑膜炎、败血症的典型表现说明；数据层面缺乏具体药物名称和剂量，影响休药期评估的严谨性；对人兽共患病防控的个人防护细节未展开。,True,ERNIE-4.5-Turbo-32K,True,review,整体回答质量较高，诊断准确性、处方安全性均表现良好，符合猪链球菌病的诊断与处置要求。病理逻辑基本合理，但部分细节可优化，如未详细说明猪链球菌病的典型病理变化与症状的对应关系，未提供具体的药物名称与剂量，导致休药期计算无法精确，且未明确实验室检测的具体方法与标准，未充分强调猪链球菌病作为人兽共患病的防控措施，如个人防护装备的具体要求。,86.0,28,18,24,18,review,18.95,21.98,,1,D:\XF-ChongQin\ai-\results\swine_weak_wiki_production\swine_disease_dataset_production_20260507_141653_dual_reviewed_reselected_20260507_150645.csv
0dda0588-ca6a-5d25-837e-69a828e42dff,235,猪球虫病,swine_hunyuan_turbos,hunyuan-turbos-20250926,成功,,猪,我家是50头母猪自繁自养场，最近刚出生10天左右的仔猪陆续出现拉黄色稀粪，有的带泡沫，吃奶正常但精神稍差，有个别脱水，同窝里大部分都这样，已经持续三四天了。圈舍温度在28℃左右，前几天换过一次垫料，没用过什么药。想问下这是不是球虫引起的？要不要做化验？,根据日龄（10日龄左右）、整窝发病、黄色稀粪伴泡沫、轻度脱水和精神下降，以及环境更换垫料等因素，需要考虑仔猪球虫病的可能，但也必须与大肠杆菌性腹泻、轮状病毒、传染性胃肠炎（TGE）、产气荚膜梭菌C型及类圆线虫等鉴别。仅凭粪便外观无法确诊，需要结合剖检肠道病变和实验室检测（如粪便镜检找卵囊、PCR检测病原体）综合判断。,treatment_direction: 若确诊为球虫感染，可使用经批准的驱虫药物进行针对性驱虫，同时配合补液纠正脱水，改善圈舍卫生以减少再感染风险。；management_measures: 及时清理粪便并消毒圈舍，保持干燥温暖的环境，减少应激因素，确保母猪乳质良好。；sampling_and_testing: 采集新鲜腹泻粪便样本送实验室，通过显微镜检查球虫卵囊形态，必要时结合PCR检测多种腹泻病原，明确病因后再调整治疗方案。；prohibited_boundaries: 在未明确诊断前，不得使用广谱抗生素代替驱虫治疗；对疑似重大传染病（如非洲猪瘟、口蹄疫等）应立即隔离并上报主管部门，不得擅自处理。,根据具体使用药物而定，需遵循药品说明书并在停药足够时间后方可屠宰上市。,"{""disease_name"": ""猪球虫病"", ""severity"": ""中等"", ""scene_tags"": [""仔猪腹泻"", ""整窝发病"", ""黄色稀粪"", ""环境更换""], ""validation_points"": [""符合10日龄仔猪易感的球虫感染特征"", ""存在其他腹泻病原的鉴别诊断必要"", ""需结合剖检和实验室检测确认""], ""risk_flags"": [""需排除病毒性腹泻"", ""需排除细菌性疾病"", ""需防止误诊导致滥用抗生素""], ""case_type"": ""腹泻采样送检"", ""target_disease"": ""猪球虫病"", ""local_flags"": {""species_ok"": true, ""target_disease_in_diagnosis"": true, ""target_disease_mismatch"": false, ""contains_specific_dose"": false, ""contains_specific_withdrawal"": false, ""regulated_bad_treatment"": false}}",False,False,,,True,False,False,D:\XF-ChongQin\ai-\knowledge\llm_wiki_swine_authoritative,1465,887,"猪球虫病
猪球虫病、coccidia and other protozoa、球虫、球虫感染、coccidiosis、coccidia
腹泻采样送检
用户描述粪便性状、日龄和病程，重点询问如何鉴别病毒性、细菌性或寄生虫性腹泻。","{""HUMAN_REVIEWED"": 2, ""NEEDS_REVIEW"": 1}","[""RC-DIARRHEA-001"", ""SRC-0001"", ""SRC-0052"", ""SRC-0062"", ""SRC-0063"", ""SRC-0064"", ""SRC-0071"", ""SRC-0072"", ""SRC-0073"", ""SRC-0077"", ""SRC-0081""]",2221,27.49,ERNIE-4.5-Turbo-32K,88,28,18,24,18,False,True,"整体回答较为全面，诊断考虑了多种可能性，鉴别诊断合理，治疗方向安全，但数据质量略有不足，部分细节可进一步优化。
问题：diagnosis_accuracy: 诊断准确性较高，但未明确提及球虫病的典型病理变化（如肠道卡他性炎症、肠黏膜出血等），略显不足。；pathology_logic: 病理逻辑基本合理，但鉴别诊断部分可更详细，如增加对各类腹泻病原的典型症状描述。；prescription_safety: 治疗方向安全，但未明确提及具体驱虫药物名称及剂量，略显笼统。；data_quality: 数据质量一般，回答中未充分利用用户提供的详细信息（如圈舍温度、换垫料等）进行更深入的分析。",hunyuan-turbos-20250926,85,8.5,8.5,9,7.5,False,False,该回答对猪球虫病的诊断思路清晰，考虑了多种鉴别诊断，并强调实验室检测的重要性，治疗方向安全且包含必要的生物安全措施。不足之处在于缺乏球虫典型病理变化的描述，鉴别诊断可更细化，且未充分利用用户提供的环境信息进行分析。,True,ERNIE-4.5-Turbo-32K,True,review,整体回答较为全面，诊断考虑了多种可能性，鉴别诊断合理，治疗方向安全，但存在一些细节不足，如未明确提及球虫病的典型病理变化，鉴别诊断部分可更详细，且未充分利用用户提供的环境信息进行分析。,86.0,28,18,24,18,review,16.79,15.01,,1,D:\XF-ChongQin\ai-\results\swine_weak_wiki_production\swine_disease_dataset_production_20260507_141653_dual_reviewed_reselected_20260507_150645.csv
2d88cf7c-1b1e-5e23-8141-fa1bfc4889b7,242,猪杯状病毒感染,swine_hunyuan_turbos,hunyuan-turbos-20250926,成功,,猪,我家有200头70公斤左右的育肥猪，最近一周陆续有几头出现精神沉郁、食欲下降、腹泻，粪便稀黄带黏液，个别猪体温略高，之前用了恩诺沙星和黄芪多糖拌料三天，症状缓解不明显，现在想问还能继续用这些药吗？圈舍通风一般，湿度偏高，饲料没换过。,根据描述的症状（精神沉郁、食欲减退、腹泻、稀黄带黏液便）以及育肥猪群发病情况，考虑可能为病毒性肠炎类疾病，其中猪杯状病毒感染是潜在原因之一。该病在猪群中可通过粪口途径传播，常表现为急性腹泻，部分病例伴有轻度发热。由于目前缺乏特异性治疗药物，确诊需通过实验室检测（如RT-PCR）明确病原。,treatment_direction: 无特效抗病毒药物，以支持疗法和对症处理为主，改善饲养管理条件，减少继发细菌感染风险。；management_measures: 加强圈舍通风换气，降低湿度；保证清洁饮水，防止脱水；分群饲养，减少应激；及时清理粪便并消毒环境。；sampling_and_testing: 采集新鲜粪便或直肠拭子送实验室进行RT-PCR检测，以明确是否为猪杯状病毒或其他病原混合感染。；contraindications_and_boundaries: 不建议盲目使用抗生素作为唯一治疗手段；若怀疑重大动物疫病（如非洲猪瘟），应立即停止场内移动，按当地防疫部门要求进行隔离、检测和处置。,因无特定化学药物治疗，不涉及常规休药期，但应遵守养殖场生物安全及防疫规定。,"{""disease_name"": ""猪杯状病毒感染"", ""severity"": ""中等"", ""scene_tags"": [""育肥猪"", ""病毒性腹泻"", ""管理因素""], ""validation_points"": [""症状符合病毒性肠炎表现"", ""育肥猪易发且可经粪口传播"", ""支持疗法和管理措施合理""], ""risk_flags"": [""需排除其他重要传染病"", ""需实验室确诊""], ""case_type"": ""育肥猪用药咨询"", ""target_disease"": ""猪杯状病毒感染"", ""local_flags"": {""species_ok"": true, ""target_disease_in_diagnosis"": true, ""target_disease_mismatch"": false, ""contains_specific_dose"": false, ""contains_specific_withdrawal"": false, ""regulated_bad_treatment"": false}}",False,False,,,True,False,False,D:\XF-ChongQin\ai-\knowledge\llm_wiki_swine_authoritative,1465,887,"猪杯状病毒感染
猪杯状病毒感染、caliciviruses norovirus sapovirus vesicular exanthema virus
育肥猪用药咨询
育肥猪出现典型症状，用户已经用过常见药物但效果一般，询问是否继续用药。","{""HUMAN_REVIEWED"": 3, ""NEEDS_REVIEW"": 2}","[""SRC-0001"", ""SRC-0034""]",2174,28.96,ERNIE-4.5-Turbo-32K,88,28,18,23,20,False,True,"整体回答质量较高，诊断方向合理，症状与疾病匹配，处理方向安全，但存在部分细节可优化。
问题：诊断准确性方面，虽然考虑了猪杯状病毒感染，但未完全排除其他病毒性肠炎（如猪流行性腹泻病毒、轮状病毒等）或细菌性肠炎的可能性，缺乏鉴别诊断的详细说明。；病理逻辑方面，对疾病传播途径和发病机制的阐述不够深入，仅简单提及粪口传播和急性腹泻表现。；处方安全方面，管理措施较为全面，但未明确提及针对腹泻猪的个体化支持疗法（如口服补液盐）。；数据质量方面，症状描述与疾病匹配度较高，但未提供实验室检测结果或流行病学数据支持诊断，风险标识中虽提到需排除其他重要传染病，但未具体说明如何操作。",hunyuan-turbos-20250926,85,8,7.5,9,8,False,False,该数据整体真实可信，用户描述的育肥猪群症状与猪杯状病毒感染的典型表现相符，诊断方向合理且未给出危险用药建议。处理方案强调支持疗法、改善环境和采样检测，符合安全原则。不足之处在于鉴别诊断不足，未充分讨论其他常见病毒性或细菌性肠炎的鉴别要点，病理机制解释较浅，且缺少针对个体腹泻猪的具体支持措施说明。,True,ERNIE-4.5-Turbo-32K,True,review,整体回答质量较高，诊断方向合理，症状与疾病匹配，处理方向安全，但存在部分细节可优化。诊断准确性方面，虽然考虑了猪杯状病毒感染，但未完全排除其他病毒性肠炎（如猪流行性腹泻病毒、轮状病毒等）或细菌性肠炎的可能性，缺乏鉴别诊断的详细说明。病理逻辑方面，对疾病传播途径和发病机制的阐述不够深入，仅简单提及粪口传播和急性腹泻表现。处方安全方面，管理措施较为全面，但未明确提及针对腹泻猪的个体化支持疗法（如口服补液盐）。数据质量方面，症状描述与疾病匹配度较高，但未提供实验室检测结果或流行病学数据支持诊断，风险标识中虽提到需排除其他重要传染病，但未具体说明如何操作。,86.0,28,18,23,20,review,19.34,22.14,,1,D:\XF-ChongQin\ai-\results\swine_weak_wiki_production\swine_disease_dataset_production_20260507_141653_dual_reviewed_reselected_20260507_150645.csv
ef417081-ead0-51f9-85bf-89535ceea105,281,猪鞭虫病,swine_hunyuan_turbos,hunyuan-turbos-20250926,成功,,猪,我家有120头60日龄左右的保育猪，最近一周陆续有十几头拉稀，粪便偏稀带点血丝，精神差、吃料慢，个别猪皮肤有点粗糙结痂。圈舍是水泥地面，通风一般，之前没驱过虫，想问问是不是寄生虫引起的？,根据描述，该批保育猪在60日龄左右出现慢性腹泻、便血、消瘦及部分猪皮肤粗糙结痂，结合未驱虫史及饲养环境，考虑猪鞭虫病可能性较大。该病由Trichuris suis寄生于盲肠和结肠引起，重度感染可致结肠炎、出血性腹泻和生长迟缓，同时长期营养不良可能影响皮肤健康。建议通过粪检查找典型鞭虫卵或剖检观察盲肠、结肠黏膜溃疡来确诊。,treatment_direction: 使用广谱抗蠕虫药物进行群体驱虫，针对鞭虫有效成分优先选择；配合改善饲料营养，提高抵抗力。；management_measures: 全群驱虫一次，间隔2-3周再重复一次；加强圈舍清洁消毒，减少虫卵污染；保证饮水卫生，防止继发细菌感染。；sampling_submission: 采集新鲜粪便送实验室镜检找虫卵，必要时对病死猪剖检取盲肠、结肠黏膜做病理检查。；prohibited_boundaries: 严禁将疑似严重感染猪与健康猪混养；禁止未经检疫直接出售或外调；若检出大量虫卵且伴随高死亡率，应报告当地畜牧兽医部门。,按所用驱虫药说明执行停药期，确保上市前药物残留符合规定。,"{""disease_name"": ""猪鞭虫病"", ""severity"": ""中等至重度（取决于感染强度）"", ""scene_tags"": [""保育猪"", ""慢性腹泻"", ""便血"", ""消瘦"", ""皮肤异常""], ""validation_points"": [""粪检可见典型鞭虫卵或剖检见盲肠、结肠炎症"", ""群体中有相似临床表现且未驱虫史""], ""risk_flags"": [""群体传播风险"", ""影响增重和生产性能""], ""case_type"": ""寄生虫群体发病"", ""target_disease"": ""猪鞭虫病"", ""local_flags"": {""species_ok"": true, ""target_disease_in_diagnosis"": true, ""target_disease_mismatch"": false, ""contains_specific_dose"": false, ""contains_specific_withdrawal"": false, ""regulated_bad_treatment"": false}}",False,False,,,True,False,False,D:\XF-ChongQin\ai-\knowledge\llm_wiki_swine_authoritative,1465,887,"猪鞭虫病
猪鞭虫病、trichuris suis internal parasites
寄生虫群体发病
猪群出现腹泻、消瘦、皮肤瘙痒或生长慢，用户怀疑寄生虫。","{""HUMAN_REVIEWED"": 2, ""NEEDS_REVIEW"": 2}","[""SRC-0001"", ""SRC-0082""]",2221,24.78,ERNIE-4.5-Turbo-32K,88,28,18,23,20,False,True,"该回答整体质量较高，诊断方向合理，症状与疾病匹配度较高，处理方向安全且与疾病相互印证。但在病理逻辑和部分细节上仍有提升空间。
问题：病理逻辑部分对皮肤粗糙结痂与猪鞭虫病的直接关联解释不够充分，仅提到长期营养不良可能影响皮肤健康，缺乏具体机制说明。；数据质量方面，对症状的描述和疾病特征的对应性分析可以更详细，例如对便血和消瘦的具体程度描述不足。；处方安全部分，虽然提到了使用广谱抗蠕虫药物，但未明确具体药物名称和剂量范围，可能影响实际操作的准确性。",hunyuan-turbos-20250926,85,90,80,85,85,False,False,诊断方向正确，症状与猪鞭虫病高度吻合，处理措施基本安全并与病因相符。但存在病理机制解释不足、部分细节缺失以及未明确药物类别的问题。无重大安全风险。,True,ERNIE-4.5-Turbo-32K,True,review,诊断方向正确，症状与猪鞭虫病匹配度较高，处理措施基本安全且与病因相符。但存在病理机制解释不足、部分细节缺失以及未明确药物类别的问题，例如皮肤粗糙结痂与鞭虫病的直接病理联系解释不充分，对便血、消瘦等症状的程度和分布特征描述不足，处方中未明确推荐的抗蠕虫药物类别，可能导致操作模糊。,86.0,28,18,23,20,review,16.66,19.97,,1,D:\XF-ChongQin\ai-\results\swine_weak_wiki_production\swine_disease_dataset_production_20260507_141653_dual_reviewed_reselected_20260507_150645.csv
cd4ce22d-4f33-5c47-b6ee-41e03a60fc8a,282,猪类圆线虫病,swine_hunyuan_turbos,hunyuan-turbos-20250926,成功,,猪,我这边是200头左右保育到育肥阶段的猪，现在大概40-70公斤重，最近一周陆续有10多头出现拉稀，粪便偏稀带点粘液，精神食欲还行，体温正常。之前按细菌性腹泻用了几天恩诺沙星和土霉素，拉稀没完全止住，还有新发的。圈舍湿度偏高，通风一般。想问下这种情况还能继续用抗菌药吗？要不要送样检查？,结合病史、用药反应及环境条件，考虑猪类圆线虫病可能性较大。该病为寄生性肠道感染，常规抗菌药对虫体无效，因此症状改善有限。需通过粪便镜检或PCR等实验室方法确诊。,treatment_direction: 停用无针对性的广谱抗菌药，改为针对性驱虫方案；可试用伊维菌素或阿苯达唑类驱虫剂，根据产品说明使用。；management_measures: 加强圈舍干燥与通风，减少高湿环境；及时清理粪污，防止虫卵污染环境；分群饲养，减少交叉感染机会。；sampling_and_testing: 采集新鲜粪便样本送实验室进行虫卵镜检或分子检测，明确病原种类后再调整防控策略。；prohibited_boundaries: 在未排除重大动物疫病前，不得擅自出售、调运或屠宰可疑猪只；禁止随意更换未经批准的驱虫药物。,具体停药期依据所用驱虫药说明书执行，并在出栏前确保符合当地监管要求。,"{""disease_name"": ""猪类圆线虫病"", ""severity"": ""中等"", ""scene_tags"": [""保育猪"", ""育肥猪"", ""腹泻"", ""寄生虫"", ""环境潮湿""], ""validation_points"": [""抗菌药无效提示非单纯细菌感染"", ""环境高湿利于线虫繁殖"", ""需实验室确诊以避免误治""], ""risk_flags"": [""潜在寄生虫感染"", ""环境管理不足""], ""case_type"": ""腹泻用药咨询"", ""target_disease"": ""猪类圆线虫病"", ""local_flags"": {""species_ok"": true, ""target_disease_in_diagnosis"": true, ""target_disease_mismatch"": false, ""contains_specific_dose"": false, ""contains_specific_withdrawal"": false, ""regulated_bad_treatment"": false}}",False,False,,,True,False,False,D:\XF-ChongQin\ai-\knowledge\llm_wiki_swine_authoritative,1465,887,"猪类圆线虫病
猪类圆线虫病、strongyloides internal parasites
腹泻用药咨询
猪群腹泻后已用过常见抗菌药效果一般，用户询问是否继续用药以及是否需要送检。","{""HUMAN_REVIEWED"": 1, ""NEEDS_REVIEW"": 4}","[""SRC-0001"", ""SRC-0012"", ""SRC-0079""]",1993,28.01,ERNIE-4.5-Turbo-32K,88,28,18,23,20,False,True,"整体回答逻辑清晰，诊断方向合理，考虑了环境因素和用药反应，提出了实验室确诊的必要性。处方安全，管理措施得当，符合疾病防控要求。数据质量较高，信息完整。
问题：diagnosis_accuracy: 诊断准确性较高，但未完全排除其他可能性，如混合感染，可进一步细化鉴别诊断。；pathology_logic: 病理逻辑合理，但可增加对类圆线虫生活史和致病机制的简要说明，以增强说服力。；prescription_safety: 处方安全，但未明确驱虫药的具体剂量和疗程，可能影响执行准确性。；data_quality: 数据质量较高，但可补充更多临床案例或文献支持诊断和处理建议。",hunyuan-turbos-20250926,85,90,85,80,85,False,False,该数据场景真实，用户描述的症状（保育至育肥阶段猪群持续腹泻、粘液便、精神食欲尚可、体温正常）与环境条件（高湿、通风差）相符，且已尝试抗菌治疗无效，提示非单纯细菌感染。诊断提出猪类圆线虫病并强调需实验室确诊，逻辑合理。处方建议停用广谱抗菌药、改用驱虫药，并配合环境管理，措施安全且符合防控原则。未出现危险建议，但存在部分细节不足。,True,ERNIE-4.5-Turbo-32K,True,review,诊断方向合理，考虑了环境因素和用药反应，提出了实验室确诊的必要性，处方安全且管理措施得当。但存在诊断未充分讨论混合感染可能性、病理机制和生活史解释不足、驱虫药缺少剂量和疗程信息、未提及驱虫后复查等细节问题，需补充完善以提高数据质量。,86.0,28,18,23,20,review,19.84,20.91,,1,D:\XF-ChongQin\ai-\results\swine_weak_wiki_production\swine_disease_dataset_production_20260507_141653_dual_reviewed_reselected_20260507_150645.csv
6091bd39-d694-5c52-a4b5-a533083edb44,289,猪富马毒素中毒,swine_hunyuan_turbos,hunyuan-turbos-20250926,成功,,猪,我家有120头育肥猪，平均体重在60公斤左右，最近换了新一批玉米原料的颗粒料，大概喂了三天后，发现部分猪采食量明显下降，有的还出现呕吐、呼吸急促，有几头母猪配种后返情率升高，还有一头小猪走路不稳像是有点神经症状。请问是不是饲料有问题？该怎么处理？,根据描述，结合近期更换饲料、出现采食下降、呕吐、呼吸急促及个别神经症状，高度怀疑为猪富马毒素中毒。该病由饲料中富马毒素超标引起，可导致肺水肿、肝功能受损以及神经系统表现。建议立即停喂可疑饲料，并采集剩余饲料样品送实验室检测富马毒素含量，同时观察猪群整体状况变化。,treatment_direction: 停用可疑饲料，提供清洁饮水和易消化的优质饲料，必要时添加保肝护肾类营养支持剂。；management_measures: 加强通风换气，降低舍内氨气浓度，减少应激；对出现严重症状的个体进行隔离观察。；sampling_and_testing: 采集当前使用的饲料样品送具备资质的实验室检测富马毒素含量，并结合血液生化指标评估肝脏功能。；prohibited_actions: 严禁继续使用未经检测的同一批饲料；在未明确毒素水平前，不应将猪只出售或转场。,因属中毒事件，无特定药物休药期概念，但在饲料更换且检测结果合格前，不建议出栏销售。,"{""disease_name"": ""猪富马毒素中毒"", ""severity"": ""中等至重度，视毒素水平和临床表现而定"", ""scene_tags"": [""饲料更换"", ""育肥猪"", ""母猪繁殖异常"", ""神经症状""], ""validation_points"": [""症状与富马毒素中毒相符"", ""存在饲料更换史"", ""需通过饲料检测确认病因""], ""risk_flags"": [""疑似饲料中毒"", ""可能影响繁殖性能"", ""潜在神经症状""], ""case_type"": ""饲料中毒咨询"", ""target_disease"": ""猪富马毒素中毒"", ""local_flags"": {""species_ok"": true, ""target_disease_in_diagnosis"": true, ""target_disease_mismatch"": false, ""contains_specific_dose"": false, ""contains_specific_withdrawal"": false, ""regulated_bad_treatment"": false}}",False,False,,,True,False,False,D:\XF-ChongQin\ai-\knowledge\llm_wiki_swine_authoritative,1465,887,"猪富马毒素中毒
猪富马毒素中毒、fumonisin toxicosis
饲料中毒咨询
更换饲料或玉米批次后出现采食下降、呕吐、繁殖异常或神经症状，用户怀疑饲料问题。","{""NEEDS_REVIEW"": 2, ""PROCESSED_SOURCE_ANCHORED"": 2}","[""SRC-0001"", ""SRC-0085""]",2221,29.02,ERNIE-4.5-Turbo-32K,88,28,18,23,20,False,True,"该回答整体表现良好，诊断准确性较高，症状与疾病匹配合理，诊断逻辑清晰，处理方向安全且与疾病相互印证。数据质量方面，场景描述和验证点较为全面，但部分细节可进一步优化。
问题：diagnosis_accuracy: 诊断准确性较高，但未明确提及富马毒素中毒的典型病理变化（如肺水肿、肝损伤等），可进一步增强诊断依据。；pathology_logic: 病理逻辑基本合理，但未详细解释呼吸急促与富马毒素中毒的关联性，逻辑链条可更完善。；prescription_safety: 处理方向安全，但未提及对严重神经症状个体的具体治疗措施（如使用解毒剂或支持疗法），可补充完善。；data_quality: 数据质量良好，但场景标签中未提及‘呕吐’这一关键症状，验证点可增加‘繁殖异常与神经症状的关联性分析’。",hunyuan-turbos-20250926,85,8.5,8.0,9.0,8.5,True,False,该案例场景真实，症状与猪富马毒素中毒高度吻合，诊断思路清晰，处理措施安全且符合中毒事件的应对原则，未发现危险建议。不足之处在于病理机制解释不够细致，对神经症状的处理方案未具体化，部分关键症状未在验证点中明确标注。,True,ERNIE-4.5-Turbo-32K,True,review,诊断准确性较高，症状与疾病匹配合理，诊断逻辑基本清晰，但存在部分细节不足，如未明确提及富马毒素中毒的典型病理变化（肺水肿、肝损伤等），未详细解释呼吸急促与富马毒素中毒的关联性，对严重神经症状个体的具体治疗措施未提及，场景验证点未包含“呕吐”这一重要症状，也未分析繁殖异常与神经症状的可能联系。整体处理方向安全且符合中毒事件的应对原则，但需补充完善相关细节。,86.0,28,18,23,20,review,20.1,20.83,,1,D:\XF-ChongQin\ai-\results\swine_weak_wiki_production\swine_disease_dataset_production_20260507_141653_dual_reviewed_reselected_20260507_150645.csv
30e006fd-274c-54a6-9f8a-506762ca7d71,297,猪口蹄疫,swine_hunyuan_turbos,hunyuan-turbos-20250926,成功,,猪,我家是200头基础母猪的自繁自养场，最近有3头怀孕后期母猪在产前一周左右突然流产，还有两头空怀母猪返情周期延长，一头公猪性欲下降且精液稀薄。场内温度湿度正常，通风一般，近期没有用过疫苗。请问这是怎么回事？还能继续配种吗？,根据描述，妊娠母猪突发流产、空怀母猪返情延迟以及公猪生殖功能下降，结合群体性表现，高度怀疑为猪口蹄疫病毒感染所致。该病可导致母猪流产、死胎及公猪精液质量下降，同时伴随口腔、蹄部水疱等全身症状。,立即向当地动物防疫部门报告疫情，禁止自行治疗或继续配种。对全场进行封锁隔离，停止引种和出售。采集流产胎儿、胎盘组织及水疱液送实验室确诊。加强消毒措施，限制人员车辆流动。严禁使用未经批准的抗病毒药物或激素类药物干预。,因属重大动物疫病，需按主管部门处置方案执行，无常规休药期概念。,"{""disease_name"": ""猪口蹄疫"", ""severity"": ""高"", ""scene_tags"": [""种猪场"", ""流产"", ""返情"", ""公猪繁殖障碍""], ""validation_points"": [""妊娠母猪突发流产符合口蹄疫特征"", ""公猪精液质量下降与病毒感染一致"", ""群体性表现提示传染性病因""], ""risk_flags"": [""重大动物疫病"", ""须立即上报并隔离""], ""case_type"": ""种猪繁殖障碍"", ""target_disease"": ""猪口蹄疫"", ""local_flags"": {""species_ok"": true, ""target_disease_in_diagnosis"": true, ""target_disease_mismatch"": false, ""contains_specific_dose"": false, ""contains_specific_withdrawal"": false, ""regulated_bad_treatment"": false}}",False,False,,,True,False,False,D:\XF-ChongQin\ai-\knowledge\llm_wiki_swine_authoritative,1465,887,"猪口蹄疫
猪口蹄疫、foot and mouth disease picornaviruses
种猪繁殖障碍
种猪场出现流产、死胎、返情或公猪异常，用户担心传染病和是否继续配种。","{""HUMAN_REVIEWED"": 3, ""NEEDS_REVIEW"": 2}","[""A0-MOA-573"", ""A1-WOAH-FMD"", ""A1-WOAH-FMD-DISEASE"", ""SRC-0001"", ""SRC-0025"", ""SRC-0047""]",2186,24.78,ERNIE-4.5-Turbo-32K,88,28,18,25,17,False,True,"该回答在诊断准确性、病理逻辑、处方安全性和数据质量方面表现较好，整体符合猪口蹄疫的诊断和处理要求，未发现致命风险。
问题：诊断准确性方面，虽然高度怀疑猪口蹄疫，但未提及口腔、蹄部水疱等典型症状，可能导致诊断依据不够充分。；病理逻辑方面，对群体性表现和传染性病因的关联性解释较为笼统，缺乏深入分析。；数据质量方面，场景标签和验证点较为全面，但风险标志的描述可以更具体，例如明确上报和隔离的具体流程。",hunyuan-turbos-20250926,85,80,82,90,85,False,False,该数据场景真实，用户描述的群体性繁殖障碍与猪口蹄疫的典型危害相符，诊断方向合理，处理建议符合重大疫病防控原则，未出现危险用药或错误操作。不足之处在于诊断中缺少提及口蹄疫典型的口腔、蹄部水疱等症状，导致诊断依据略显不足；病理机制分析可更细致；数据质量较高，但风险提示可更具体化。,True,ERNIE-4.5-Turbo-32K,True,review,诊断方向合理，与猪口蹄疫的典型危害相符，处理建议符合重大疫病防控原则，未出现危险用药或错误操作。但诊断中缺少提及口蹄疫典型的口腔、蹄部水疱等症状，导致诊断依据略显不足；病理机制分析可更细致。,86.0,28,18,25,17,review,17.48,20.22,,1,D:\XF-ChongQin\ai-\results\swine_weak_wiki_production\swine_disease_dataset_production_20260507_141653_dual_reviewed_reselected_20260507_150645.csv
775ebdb6-a623-5357-9f98-f61476d825c0,305,猪链球菌病,swine_hunyuan_turbos,hunyuan-turbos-20250926,成功,,猪,我家有120头育肥猪，平均体重在60公斤左右，最近一周陆续出现几头精神沉郁、不吃料、体温升高到40℃以上，有的还转圈走、前肢划水，个别猪耳朵发紫。之前用过阿莫西林拌料三天，没明显好转。想问下这种情况是不是链球菌引起的？该采哪些样送实验室确诊？怎么防止误诊耽误病情？,根据描述的发热、神经症状（转圈、划水）、耳部发绀及抗生素治疗效果不佳，高度怀疑为猪链球菌病（Streptococcus suis），需结合实验室检测确认。该病可表现为脑膜炎、败血症、关节炎等多系统病变，不同猪可能表现不一。,treatment_direction: 针对疑似链球菌感染，应依据药敏结果选择敏感抗生素，避免盲目使用广谱药物造成耐药。；management_measures: 立即隔离发病猪，减少应激，保持栏舍清洁干燥通风，避免混群运输和打斗。对同群猪加强观察，发现异常及时隔离。；sampling_for_testing: 采集病死猪的脑组织、关节液、心血、脾脏等组织样本，以及活体猪的血液、鼻拭子或扁桃体拭子，低温保存并尽快送具备资质的实验室进行细菌分离培养和PCR检测。；prohibited_boundaries: 严禁在未确诊情况下随意更换或加大抗生素用量；禁止将疑似病例与健康猪直接混合饲养；禁止未经许可跨区域调运生猪。,具体休药期需依据所用药物种类、剂量及国家相关规定确定，应在兽医指导下执行。,"{""disease_name"": ""猪链球菌病"", ""severity"": ""高"", ""scene_tags"": [""育肥猪"", ""神经症状"", ""高热"", ""抗生素治疗无效""], ""validation_points"": [""症状符合猪链球菌病的典型表现（脑膜炎、败血症）"", ""抗生素治疗无效提示可能为耐药菌或非目标病原"", ""采样送检是确诊关键步骤""], ""risk_flags"": [""存在人兽共患风险（S. suis可通过皮肤伤口感染人）"", ""未确诊前易误治导致疫情扩散""], ""case_type"": ""采样送检咨询"", ""target_disease"": ""猪链球菌病"", ""local_flags"": {""species_ok"": true, ""target_disease_in_diagnosis"": true, ""target_disease_mismatch"": false, ""contains_specific_dose"": false, ""contains_specific_withdrawal"": false, ""regulated_bad_treatment"": false}}",False,False,,,True,False,False,D:\XF-ChongQin\ai-\knowledge\llm_wiki_swine_authoritative,1465,887,"猪链球菌病
猪链球菌病、streptococcosis streptococcus suis
采样送检咨询
用户描述症状后，重点询问采什么样品、如何判断和如何避免误治。","{""HUMAN_REVIEWED"": 2, ""NEEDS_REVIEW"": 3}","[""SRC-0001"", ""SRC-0014"", ""SRC-0075"", ""SRC-0076""]",2046,28.52,ERNIE-4.5-Turbo-32K,88,28,18,23,20,False,True,"该回答对猪链球菌病的诊断、采样、治疗及管理措施进行了较为全面的阐述，整体逻辑清晰，符合疾病特征及防控要求。诊断准确性较高，病理逻辑合理，处方安全，数据质量良好，无明显致命风险。
问题：diagnosis_accuracy: 虽提及症状符合猪链球菌病，但未完全排除其他可能引起神经症状及高热的疾病（如伪狂犬病、李氏杆菌病等），诊断依据可进一步强化。；pathology_logic: 对疾病多系统病变的描述稍显笼统，未详细说明不同症状对应的病理机制。；prescription_safety: 休药期表述较为模糊，未给出具体指导或参考范围。；data_quality: 场景标签中'抗生素治疗无效'的描述可能引发误解，实际应为'抗生素治疗未达预期效果'，以更准确反映情况。",hunyuan-turbos-20250926,85,8.5,8.0,8.5,8.5,True,False,回答总体准确描述了猪链球菌病的典型症状、采样方法和防控措施，逻辑基本自洽，且强调了实验室确诊和安全用药原则，无危险建议。但存在部分细节不足，例如未充分排除其他类似症状的疾病，病理机制解释不够深入，休药期信息过于笼统。,True,ERNIE-4.5-Turbo-32K,True,review,回答对猪链球菌病的诊断、采样、治疗及管理措施进行了较为全面的阐述，整体逻辑清晰，符合疾病特征及防控要求，但存在部分细节不足，例如未充分排除其他类似症状的疾病，病理机制解释不够深入，休药期信息过于笼统，因此判为review。,86.0,28,18,23,20,review,19.46,17.83,,1,D:\XF-ChongQin\ai-\results\swine_weak_wiki_production\swine_disease_dataset_production_20260507_141653_dual_reviewed_reselected_20260507_150645.csv
dd60ec8f-a1ce-5112-b6e0-105008e24d61,307,猪疥螨病,swine_hunyuan_turbos,hunyuan-turbos-20250926,成功,,猪,我家有200多头80斤左右的育肥猪，最近发现部分猪身上有抓挠、掉毛、结痂的情况，精神还可以，就是长得慢，采食量也下降。圈舍比较潮湿，之前没做过驱虫，想问问是不是疥螨？该怎么治？,根据描述，猪群存在典型的皮肤瘙痒、结痂及生长缓慢等症状，结合圈舍潮湿、无近期驱虫史等风险因素，高度怀疑为猪疥螨病。该病可由少量螨引起强烈过敏反应，导致瘙痒、丘疹、红斑、结痂和角化过度，尤其在耳部、体侧更明显。由于皮肤刮片检查可能存在假阴性，应结合群体病史和病变特征综合判断。,treatment_direction: 采用安全有效的体外驱虫药物进行全群处理，重点针对疥螨感染部位。；management_measures: 改善圈舍通风干燥条件，减少湿度；对病猪与健康猪分群管理，防止交叉感染；加强饲养管理和营养供给，提高抵抗力。；sampling_testing: 在典型病变处做皮肤刮片镜检，必要时送实验室进一步确认；若怀疑其他皮肤病（如猪痘、葡萄球菌病等），应同时取样鉴别。；prohibited_boundaries: 严禁使用未经批准的兽药或人用药品；禁止将疑似病猪随意出售或转运；若病情严重且扩散迅速，应及时向当地畜牧兽医部门报告。,按所用驱虫药物说明执行，确保屠宰前达到规定的停药期，保障肉品安全。,"{""disease_name"": ""猪疥螨病"", ""severity"": ""中等至重度（影响生长性能、饲料转化率）"", ""scene_tags"": [""育肥猪"", ""群体发病"", ""皮肤瘙痒"", ""生长迟缓"", ""圈舍潮湿""], ""validation_points"": [""瘙痒、结痂、掉毛等典型皮肤病变"", ""圈舍环境潮湿、缺乏驱虫史"", ""生长缓慢、采食下降""], ""risk_flags"": [""高传染性"", ""易复发"", ""需环境控制配合""], ""case_type"": ""寄生虫群体发病"", ""target_disease"": ""猪疥螨病"", ""local_flags"": {""species_ok"": true, ""target_disease_in_diagnosis"": true, ""target_disease_mismatch"": false, ""contains_specific_dose"": false, ""contains_specific_withdrawal"": false, ""regulated_bad_treatment"": false}}",False,False,,,True,False,False,D:\XF-ChongQin\ai-\knowledge\llm_wiki_swine_authoritative,1465,887,"猪疥螨病
猪疥螨病、external parasites mange
寄生虫群体发病
猪群出现腹泻、消瘦、皮肤瘙痒或生长慢，用户怀疑寄生虫。","{""HUMAN_REVIEWED"": 4}","[""SRC-0001"", ""SRC-0080""]",2221,26.45,ERNIE-4.5-Turbo-32K,88,28,18,23,20,False,True,"该回答整体表现良好，诊断准确性较高，症状与疾病匹配合理，诊断逻辑清晰，处方安全且与疾病相互印证，数据质量较高。但存在一些细节问题，如病理逻辑部分可进一步细化，数据质量部分可增加更多具体信息。
问题：病理逻辑部分对疥螨病的病理过程描述不够详细，可进一步细化螨虫引起的过敏反应和皮肤病变的具体机制。；数据质量部分虽然提到了典型病变和风险因素，但可增加更多具体信息，如皮肤刮片镜检的具体操作或结果描述。；处方中未明确提及具体驱虫药物名称，可能影响实际操作的准确性。",hunyuan-turbos-20250926,85,90,80,85,80,False,False,该数据整体真实可信，用户描述的养殖规模、环境条件和临床症状符合猪疥螨病的流行病学与临床表现，诊断依据充分，处理方案涵盖治疗、管理与检测，并设置了安全边界，无明显危险建议。但病理机制解释略简略，缺乏更具体的免疫反应与皮肤病变形成过程的阐述；数据质量方面缺少实际操作细节，例如皮肤刮片的采样位置与方法；处方虽强调安全用药，但未提供药物类别示例，可能影响落地性。,True,ERNIE-4.5-Turbo-32K,True,review,该回答整体表现良好，诊断准确性较高，症状与疾病匹配合理，诊断逻辑清晰，处方安全且与疾病相互印证。但存在一些细节问题，如病理逻辑部分对疥螨病的病理过程描述不够详细，可进一步细化螨虫引起的过敏反应和皮肤病变的具体机制；数据质量部分虽然提到了典型病变和风险因素，但可增加更多具体信息，如皮肤刮片镜检的具体操作或结果描述；处方中未明确提及具体驱虫药物名称，可能影响实际操作的准确性。,86.0,28,18,23,20,review,17.73,20.75,,1,D:\XF-ChongQin\ai-\results\swine_weak_wiki_production\swine_disease_dataset_production_20260507_141653_dual_reviewed_reselected_20260507_150645.csv
286a91d4-3ba4-5e0b-9798-07da1a9ed050,330,猪细小病毒病,swine_hunyuan_turbos,hunyuan-turbos-20250926,成功,,猪,我场有200头能繁母猪，最近两个月陆续有怀孕60天左右的母猪出现死胎、木乃伊胎，部分后备母猪配种后返情率高，产仔数下降。没有大规模死亡，但繁殖率明显下滑。之前没做过专门免疫细小病毒，想问这种情况是不是细小病毒引起的？需要采什么样品去化验？现在还能继续配种和引进新种猪吗？,根据描述的症状（妊娠中期死胎、木乃伊胎、返情率高、产仔数减少）及无特异性疫苗接种史，结合猪细小病毒病（PPV1）在妊娠早期至中期通过胎盘感染导致胎儿死亡的典型特征，高度怀疑为猪细小病毒病引起的繁殖障碍。需实验室检测确诊。,treatment_direction: 目前无特效抗病毒药物，主要依赖管理控制和生物安全防控。；management_measures: 立即暂停引入新种猪，防止潜在病原传入；；对现有母猪暂缓配种，直至检测结果明确并采取防控措施；；加强圈舍卫生清洁与消毒，减少交叉感染机会；；记录每批母猪的配种、妊娠、分娩情况，便于追踪疫情。；sampling_for_testing: 采集流产胎儿组织（肝、肺、脑）、胎盘及羊水进行PCR检测PPV1；；可同时采集血清做抗体检测，辅助判断感染状态；；必要时采集公猪精液检测病毒核酸。；prohibited_actions: 禁止将疑似感染母猪所产仔猪或胎衣随意丢弃或出售；；在未获得阴性结果前，不得向其他猪群转移种猪或精液；；不得自行使用未经批准的抗病毒药物或疫苗。,本病为病毒性繁殖障碍，无特定休药期概念，但应在检测结果阴性且采取相应生物安全措施后再恢复正常配种和引种操作。,"{""disease_name"": ""猪细小病毒病"", ""severity"": ""中等"", ""scene_tags"": [""繁殖障碍"", ""死胎"", ""木乃伊胎"", ""返情率高""], ""validation_points"": [""症状符合PPV1感染特征（妊娠中期胎儿死亡）；"", ""缺乏免疫史增加感染可能性；"", ""建议采样方向与检测目标一致。""], ""risk_flags"": [""存在繁殖性能下降风险，影响经济效益；"", ""可能伴随其他繁殖障碍病因，需要鉴别诊断；"", ""若确证为PPV1感染，需防范扩散至其他批次或猪场。""], ""case_type"": ""繁殖障碍送检"", ""target_disease"": ""猪细小病毒病"", ""local_flags"": {""species_ok"": true, ""target_disease_in_diagnosis"": true, ""target_disease_mismatch"": false, ""contains_specific_dose"": false, ""contains_specific_withdrawal"": false, ""regulated_bad_treatment"": false}}",False,False,,,True,False,False,D:\XF-ChongQin\ai-\knowledge\llm_wiki_swine_authoritative,1465,887,"猪细小病毒病
猪细小病毒病、parvoviruses
繁殖障碍送检
繁殖异常持续出现，用户询问该采哪些样品、是否需要暂停配种和引种。","{""HUMAN_REVIEWED"": 3, ""NEEDS_REVIEW"": 2}","[""A0-MOA-573"", ""SRC-0001"", ""SRC-0045""]",2087,24.83,ERNIE-4.5-Turbo-32K,88,28,18,23,20,False,True,"整体回答质量较高，诊断准确，症状与疾病匹配合理，诊断逻辑清晰，处理方向安全且与疾病相互印证。采样建议和防控措施合理，无致命风险。
问题：diagnosis_accuracy: 诊断准确性较高，但未完全覆盖所有可能症状（如部分后备母猪配种后返情率高可能与其他繁殖障碍疾病有关，需进一步鉴别诊断）。；pathology_logic: 病理逻辑基本合理，但未明确说明猪细小病毒病与其他繁殖障碍疾病的鉴别要点。；prescription_safety: 处方安全合理，但未提及具体消毒剂的选择和使用方法。；data_quality: 数据质量较高，但场景标签和风险标志的描述可以更详细。",hunyuan-turbos-20250926,85,8,8,9,8,False,False,该回答整体质量高，诊断思路正确，症状与目标疾病匹配度高，处理措施符合生物安全要求，未出现危险建议。采样方案科学，管理措施合理，并强调了检疫与隔离的重要性。不足之处在于鉴别诊断不够全面，未列出可能的其他繁殖障碍病因，以及缺少消毒剂选择等细节。,True,ERNIE-4.5-Turbo-32K,True,review,整体回答质量较高，诊断准确，症状与疾病匹配合理，处理方向安全且与疾病相互印证。采样建议和防控措施合理，无致命风险。但存在一些轻微不足，如未充分列举可能导致类似症状的其它繁殖障碍性疾病，缺乏鉴别诊断提示；未提供具体的消毒剂种类及使用方法，可能影响执行效果；场景标签和风险标识描述略显笼统。,86.0,28,18,23,20,review,15.81,17.23,,1,D:\XF-ChongQin\ai-\results\swine_weak_wiki_production\swine_disease_dataset_production_20260507_141653_dual_reviewed_reselected_20260507_150645.csv
b59d1acb-cfe9-5b07-a209-95847b60a342,347,猪葡萄球菌病,swine_hunyuan_turbos,hunyuan-turbos-20250926,成功,,猪,我家有120头育肥猪，平均体重在65公斤左右，最近几天发现其中几头出现皮肤发红、局部结痂、掉毛的情况，主要集中在背部和耳部，体温正常，食欲也还行，没有死亡。之前用过阿莫西林拌料三天，没见明显好转。想问下这种情况是不是要送样检查？应该取哪些部位的组织？会不会是别的病误诊了？,根据描述，考虑为猪葡萄球菌病（渗出性表皮炎）可能性较大，由表皮葡萄球菌（Staphylococcus hyicus）引起，表现为局部皮肤炎症、渗出、结痂及脱毛。需结合临床特征与实验室病原学检测确诊，排除其他细菌性皮肤病或寄生虫性皮炎。,treatment_direction: 针对葡萄球菌感染进行抗菌治疗，优先选择对分离菌株敏感的药物，同时配合改善饲养环境与皮肤清洁护理。；management_measures: 隔离发病猪只，减少密度，保持圈舍干燥通风，防止潮湿刺激；定期清理粪便，减少皮肤摩擦损伤；加强营养，提高抵抗力。；sampling_and_testing: 采集病变皮肤组织（包括痂皮、渗出物及周边健康组织），必要时加采血液样本做血清学检测；建议送当地兽医实验室进行细菌培养与药敏试验，明确病原种类及耐药性。；prohibited_boundaries: 严禁使用未经批准的抗生素或超范围用药；在未获得实验室结果前，不应随意更换治疗方案；若怀疑重大传染病，应按规定向主管部门报告。,具体休药期需依据所用药物说明书及药敏结果确定，并在停药期满后方可屠宰上市。,"{""disease_name"": ""猪葡萄球菌病"", ""severity"": ""中等"", ""scene_tags"": [""育肥猪"", ""皮肤病变"", ""渗出性表皮炎"", ""采样送检""], ""validation_points"": [""临床表现符合葡萄球菌性渗出性表皮炎特征"", ""需要实验室培养与药敏确认病原"", ""管理上需改善环境以减少皮肤损伤""], ""risk_flags"": [""治疗失败需重新采样送检"", ""存在误诊风险""], ""case_type"": ""采样送检咨询"", ""target_disease"": ""猪葡萄球菌病"", ""local_flags"": {""species_ok"": true, ""target_disease_in_diagnosis"": true, ""target_disease_mismatch"": false, ""contains_specific_dose"": false, ""contains_specific_withdrawal"": false, ""regulated_bad_treatment"": false}}",False,False,,,True,False,False,D:\XF-ChongQin\ai-\knowledge\llm_wiki_swine_authoritative,1465,887,"猪葡萄球菌病
猪葡萄球菌病、staphylococcosis exudative epidermitis
采样送检咨询
用户描述症状后，重点询问采什么样品、如何判断和如何避免误治。","{""HUMAN_REVIEWED"": 1, ""NEEDS_REVIEW"": 4}","[""SRC-0001"", ""SRC-0009"", ""SRC-0012"", ""SRC-0074""]",1847,29.28,ERNIE-4.5-Turbo-32K,88,28,18,24,18,False,True,"整体回答较为准确，诊断方向合理，考虑了实验室检测的必要性，治疗方案安全，管理措施得当，数据质量基本满足要求。
问题：诊断准确性方面，虽然考虑了猪葡萄球菌病，但对其他可能疾病的排除分析不够深入。；病理逻辑方面，对疾病发生的环境因素和猪只管理因素的关联分析稍显不足。；处方安全方面，虽然提到了优先选择敏感药物，但未具体说明常用药物及剂量范围。；数据质量方面，症状描述和疾病关联性分析可以更详细，以提高数据的完整性和可信度。",hunyuan-turbos-20250926,85,4,3.5,4,3.5,False,False,回答总体符合猪葡萄球菌病的典型表现，诊断方向正确，并强调了实验室检测的重要性，避免盲目用药。处方中未给出具体药物名称或剂量，避免了高风险用药行为，且提出了合理的隔离与环境管理措施。但存在以下不足：1) 对其他可能的类似皮肤病（如疥螨、真菌等）的鉴别诊断分析不够充分；2) 病理机制部分缺少对潮湿环境、外伤诱发因素的具体解释；3) 数据完整性可提升，例如补充更多关于病程进展、群体分布的信息。,True,ERNIE-4.5-Turbo-32K,True,review,整体回答较为准确，诊断方向合理，考虑了实验室检测的必要性，治疗方案安全，管理措施得当。但存在以下不足：1) 对其他可能的类似皮肤病（如疥螨、真菌等）的鉴别诊断分析不够充分；2) 病理机制部分缺少对潮湿环境、外伤诱发因素的具体解释；3) 数据完整性可提升，例如补充更多关于病程进展、群体分布的信息。,86.0,28,18,24,18,review,18.05,22.3,,1,D:\XF-ChongQin\ai-\results\swine_weak_wiki_production\swine_disease_dataset_production_20260507_141653_dual_reviewed_reselected_20260507_150645.csv
aef77049-64cd-56c6-b08d-e8b818175758,348,猪结核病,swine_hunyuan_turbos,hunyuan-turbos-20250926,成功,,猪,我家有200头120公斤左右的育肥猪，快到出栏时间了，最近有几头出现消瘦、咳嗽，体温正常，食欲下降，精神一般，已经持续十来天。之前没用过什么特别药物，圈舍通风还行，就是密度有点大。我想知道这种情况能不能用药治疗，会不会影响出栏？,根据描述，考虑存在慢性消耗性疾病的可能，结合年龄、症状和病程，需排查猪结核病等慢性细菌性感染。该病在育肥猪常呈亚临床或轻度表现，部分个体可出现渐进性消瘦、咳嗽及食欲下降。确诊需通过剖检淋巴结病变观察及实验室病原学检测（如抗酸染色、PCR）明确是否为MTBC或其他分枝杆菌感染。,目前不建议在临近出栏阶段对疑似猪结核病进行常规抗菌治疗，因为该病多为慢性过程且治疗效果有限，且部分治疗药物属于食品动物禁用或需严格休药期管理。应优先采取以下措施：1. 立即隔离可疑病例并停止与健康猪混群；2. 采集病变组织送有资质的实验室进行病原鉴定；3. 加强圈舍通风与密度控制，减少应激；4. 若确诊为猪结核病，应按重大动物疫病防控要求进行无害化处理，不得进入流通环节；5. 严禁使用未经批准的抗菌药物，避免产生食品安全风险。,由于疾病性质及潜在的人兽共患风险，临近出栏阶段不建议进行治疗性用药。任何用药方案均需依据中国官方批准的药品说明书执行，并在出栏前满足相应休药期要求。,"{""disease_name"": ""猪结核病"", ""severity"": ""中等至严重（取决于传播范围及是否确诊）"", ""scene_tags"": [""育肥猪"", ""慢性消耗"", ""临近出栏"", ""人兽共患风险""], ""validation_points"": [""症状符合慢性消耗性疾病特征"", ""病程长且无急性高热"", ""需实验室确认病原类型""], ""risk_flags"": [""可能为人兽共患病原体"", ""临近出栏阶段用药受限"", ""存在公共卫生与食品安全风险""], ""case_type"": ""上市休药期咨询"", ""target_disease"": ""猪结核病"", ""local_flags"": {""species_ok"": true, ""target_disease_in_diagnosis"": true, ""target_disease_mismatch"": false, ""contains_specific_dose"": false, ""contains_specific_withdrawal"": false, ""regulated_bad_treatment"": false}}",False,False,,,True,False,False,D:\XF-ChongQin\ai-\knowledge\llm_wiki_swine_authoritative,1465,887,"猪结核病
猪结核病、tuberculosis
上市休药期咨询
用户接近出栏，关心治疗方向和用药后能否出栏销售。","{""HUMAN_REVIEWED"": 3, ""NEEDS_REVIEW"": 2}","[""SRC-0001"", ""SRC-0012"", ""SRC-0015"", ""SRC-0078""]",2162,28.78,ERNIE-4.5-Turbo-32K,88,28,18,24,18,False,True,"该回答在诊断准确性、病理逻辑、处方安全性和数据质量方面表现良好，整体符合猪结核病的诊断与处理要求，未发现致命风险。
问题：诊断部分未明确提及猪结核病的典型病理特征（如淋巴结肿大、干酪样坏死等），仅依赖症状和病程推测，略显不足。；病理逻辑部分对猪结核病的传播途径和防控要点描述不够详细，缺乏对群体防控的深入分析。；数据质量方面，回答中未明确引用实验室检测的具体方法或标准，略显笼统。；处方安全性部分虽强调了无害化处理和禁用药物，但未提供具体的替代防控措施或建议。",hunyuan-turbos-20250926,85,80,82,90,78,False,False,回答总体准确识别了猪结核病的可能性，并结合临近出栏的特殊情境给出了安全的防控建议，避免了不当用药，体现了良好的生物安全和食品安全意识。但诊断部分缺乏典型病理特征的明确描述，对群体传播风险的防控分析不足，实验室检测方法表述较笼统，可进一步提升细节与针对性。,True,ERNIE-4.5-Turbo-32K,True,review,回答总体准确识别了猪结核病的可能性，诊断部分虽未明确提及典型病理特征，但结合症状和病程推测合理；病理逻辑对猪结核病的防控要点有一定描述，但传播途径和群体防控分析不足；处方安全性方面避免了不当用药，体现了良好的生物安全和食品安全意识，但缺乏具体的替代防控措施建议；实验室检测方法表述较笼统。综合来看，回答方向正确但存在细节不足，需进一步完善。,86.0,28,18,24,18,review,19.35,23.25,,1,D:\XF-ChongQin\ai-\results\swine_weak_wiki_production\swine_disease_dataset_production_20260507_141653_dual_reviewed_reselected_20260507_150645.csv
c45e9064-5bec-5376-b2ed-4d96c7866a91,351,猪弓形虫病,swine_hunyuan_turbos,hunyuan-turbos-20250926,成功,,猪,我家有120头60日龄左右的保育猪，最近一周陆续发现有十几头出现拉稀、精神差、毛色发暗、个别猪皮肤上有小痂皮，采食量下降明显，体温测了有几头偏高到40℃左右。圈舍比较潮湿，前段时间附近有流浪猫活动频繁，之前用过一次广谱抗生素效果不明显。想问问是不是寄生虫引起的？该怎么处理？,根据描述，考虑猪弓形虫病可能，该病在猪多为亚临床感染，但在应激或免疫力低下时可出现发热、腹泻、消瘦及皮肤病变等临床表现。猫为终末宿主，其粪便中的卵囊污染环境可导致猪感染。此外，需排除疥螨、葡萄球菌病等皮肤病因素。,建议立即隔离可疑病例，加强圈舍清洁干燥，清除猫粪污染源并防止野猫进入。采集病猪血液、组织样本送实验室检测弓形虫抗体或病原核酸确认诊断。对全群进行环境消毒，减少应激。若确诊弓形虫感染，可在兽医指导下使用安全有效的抗寄生虫药物，并注意猪肉产品的人畜共患风险，严禁出售未经检疫的猪肉。禁止随意使用人用药物或超范围兽药。,如经确诊并使用药物治疗，应严格遵守兽医开具的停药期规定，确保上市猪肉符合食品安全标准。未获检测结果前，不建议屠宰销售。,"{""disease_name"": ""猪弓形虫病"", ""severity"": ""中等"", ""scene_tags"": [""保育猪"", ""腹泻"", ""消瘦"", ""皮肤病变"", ""环境潮湿"", ""猫接触史""], ""validation_points"": [""症状包括腹泻、发热、消瘦、皮肤痂皮"", ""存在猫类接触和环境潮湿等风险因素"", ""抗生素治疗无效提示非细菌性病因""], ""risk_flags"": [""人兽共患风险"", ""重大动物疫病防控边界""], ""case_type"": ""寄生虫群体发病"", ""target_disease"": ""猪弓形虫病"", ""local_flags"": {""species_ok"": true, ""target_disease_in_diagnosis"": true, ""target_disease_mismatch"": false, ""contains_specific_dose"": false, ""contains_specific_withdrawal"": false, ""regulated_bad_treatment"": false}}",False,False,,,True,False,False,D:\XF-ChongQin\ai-\knowledge\llm_wiki_swine_authoritative,1465,887,"猪弓形虫病
猪弓形虫病、toxoplasmosis protozoa
寄生虫群体发病
猪群出现腹泻、消瘦、皮肤瘙痒或生长慢，用户怀疑寄生虫。","{""HUMAN_REVIEWED"": 3, ""NEEDS_REVIEW"": 2}","[""SRC-0001"", ""SRC-0081""]",2154,22.2,ERNIE-4.5-Turbo-32K,88,28,18,23,20,False,True,"该回答整体表现良好，诊断准确性较高，症状与疾病匹配合理，考虑了人兽共患风险，并提出了实验室检测确认诊断的建议。处理方向安全，未出现与疾病相冲突的处方。数据质量方面，场景描述详细，风险因素考虑全面。
问题：在病理逻辑方面，虽然考虑了疥螨、葡萄球菌病等皮肤病因素的排除，但未详细说明如何区分这些疾病与猪弓形虫病，逻辑稍显不足。；数据质量方面，虽然场景描述详细，但未提及具体的诊断依据或参考标准，略显不足。",hunyuan-turbos-20250926,85,90,80,90,85,False,False,该案例场景真实，用户描述的保育猪群体中出现发热、腹泻、精神沉郁、皮肤病变等症状，结合近期流浪猫活动史，提示弓形虫病可能性高。诊断部分准确关联了猫作为终末宿主的传播途径，并考虑了其他皮肤病鉴别诊断，但缺乏更详细的鉴别要点说明。处方建议安全，强调隔离、环境管理、实验室确诊、避免人用药及人畜共患风险，无危险建议。数据质量较好，但缺少明确诊断依据和标准。,True,ERNIE-4.5-Turbo-32K,True,review,该回答整体表现良好，诊断准确性较高，症状与疾病匹配合理，考虑了人兽共患风险，并提出了实验室检测确认诊断的建议。处理方向安全，未出现与疾病相冲突的处方。但在病理逻辑方面，虽然考虑了疥螨、葡萄球菌病等皮肤病因素的排除，但未详细说明如何区分这些疾病与猪弓形虫病，逻辑稍显不足。同时，数据质量方面，虽然场景描述详细，但未提及具体的诊断依据或参考标准，略显不足。,86.0,28,18,23,20,review,14.55,19.56,,1,D:\XF-ChongQin\ai-\results\swine_weak_wiki_production\swine_disease_dataset_production_20260507_141653_dual_reviewed_reselected_20260507_150645.csv
77d120bc-e0ac-5120-8967-273a121a1d90,367,猪流行性腹泻,swine_hunyuan_turbos,hunyuan-turbos-20250926,成功,,猪,我家有120头母猪，带仔期间发现最近几天陆续有几窝哺乳仔猪出现拉稀，有的呈黄色水样，有的夹有奶瓣，吃奶量下降，个别精神差。日龄大概在5到12天之间，目前还没死猪，就是担心是病毒性还是细菌性的，想问下怎么区分？之前没用过疫苗，圈舍通风一般，温度偏低。,根据描述的日龄（5-12日龄）、水样或含奶瓣的黄色腹泻、吃奶减少和精神沉郁，结合无死亡且为散发性，考虑可能为病毒性腹泻如猪流行性腹泻（PEDV），但也需与大肠杆菌性腹泻（ETEC）、产气荚膜梭菌等鉴别。建议尽快采集新鲜粪便送实验室进行病原学检测（PCR）以明确病因。,treatment_direction: 对症支持为主，补充电解质和葡萄糖溶液防止脱水，保持圈舍温暖干燥，暂停使用抗生素除非确诊细菌感染。；management_measures: 加强保温措施，提高哺乳母猪营养水平以增强初乳抗体传递，对全群实行严格生物安全，限制人员及车辆流动。；sampling_and_testing: 采集腹泻仔猪的新鲜粪便样本，送至具备资质的兽医实验室进行PEDV、TGEV、轮状病毒、大肠杆菌、梭菌等病原PCR检测，必要时做细菌分离培养。；prohibited_boundaries: 在未明确诊断前不得使用未经批准的抗病毒药物或激素类药物；若确诊为重大动物疫病（如PEDV阳性且属地方流行），应配合当地畜牧部门执行隔离、消毒和监测措施。,因未进行药物治疗，无休药期问题；如需用药须依据检测结果和兽医指导确定。,"{""disease_name"": ""猪流行性腹泻"", ""severity"": ""中等"", ""scene_tags"": [""哺乳期仔猪"", ""水样腹泻"", ""低日龄"", ""散发性""], ""validation_points"": [""日龄与PEDV高发期吻合"", ""症状符合病毒性腹泻特征"", ""需通过实验室检测排除其他病原""], ""risk_flags"": [""潜在重大动物疫病风险"", ""需警惕疫情扩散""], ""case_type"": ""腹泻采样送检"", ""target_disease"": ""猪流行性腹泻"", ""local_flags"": {""species_ok"": true, ""target_disease_in_diagnosis"": true, ""target_disease_mismatch"": false, ""contains_specific_dose"": false, ""contains_specific_withdrawal"": false, ""regulated_bad_treatment"": false}}",False,False,,,True,False,False,D:\XF-ChongQin\ai-\knowledge\llm_wiki_swine_authoritative,1465,887,"猪流行性腹泻
猪流行性腹泻、porcine epidemic diarrhea virus、PED、PEDV
腹泻采样送检
用户描述粪便性状、日龄和病程，重点询问如何鉴别病毒性、细菌性或寄生虫性腹泻。","{""HUMAN_REVIEWED"": 2, ""NEEDS_REVIEW"": 2}","[""A0-MOA-573"", ""RC-DIARRHEA-001"", ""SRC-0001"", ""SRC-0037"", ""SRC-0052"", ""SRC-0062"", ""SRC-0063"", ""SRC-0064"", ""SRC-0071"", ""SRC-0072"", ""SRC-0073"", ""SRC-0077"", ""SRC-0081""]",2221,27.9,ERNIE-4.5-Turbo-32K,88,28,18,23,20,False,True,"该回答整体表现良好，诊断准确性较高，症状与疾病匹配合理，诊断逻辑清晰，处理方向安全且与疾病相互印证。数据质量方面，场景描述和症状记录较为详细，但部分细节可进一步优化。
问题：诊断逻辑中，虽然提到了鉴别诊断，但未详细说明鉴别要点，如病毒性腹泻与细菌性腹泻在粪便性状、病程等方面的具体差异。；数据质量方面，场景标签和验证点较为全面，但风险标志中仅提到潜在重大动物疫病风险和需警惕疫情扩散，未明确提及人兽共患风险（尽管猪流行性腹泻人兽共患风险较低，但应明确说明）。；处方安全中，虽然提到了对症支持治疗和生物安全措施，但未具体说明电解质和葡萄糖溶液的补充剂量和频率。",hunyuan-turbos-20250926,85,90,85,80,85,False,False,回答整体准确，症状与猪流行性腹泻高度吻合，并考虑了其他可能病因，提出了合理的实验室检测建议。处理方案符合安全原则，强调了未确诊前不使用未经批准的药物，并提示了重大疫病的防控要求。不足之处在于鉴别要点的描述不够细致，未明确说明人兽共患风险情况，以及补液的具体操作细节缺失。,True,ERNIE-4.5-Turbo-32K,True,review,回答整体准确，症状与猪流行性腹泻高度吻合，诊断逻辑清晰，处理方案安全且符合疾病特点。但存在鉴别诊断描述不够细致、未明确说明人兽共患风险情况以及补液操作细节缺失等轻微不足，可能影响实际操作和全面性。,86.0,28,18,23,20,review,18.44,18.49,,1,D:\XF-ChongQin\ai-\results\swine_weak_wiki_production\swine_disease_dataset_production_20260507_141653_dual_reviewed_reselected_20260507_150645.csv
a89406bf-1f18-5415-99ef-e0a8e839549a,368,猪传染性胃肠炎,swine_hunyuan_turbos,hunyuan-turbos-20250926,成功,,猪,我家有200头120公斤左右的育肥猪，还有半个月就要出栏了，这几天陆续有几头开始拉稀，粪便水样带酸臭味，精神还行，采食量下降不多，圈舍温度偏低，通风一般。之前没用过什么药，想问问这种情况还能治吗？会不会影响卖猪？要不要隔离或者送检？,根据描述，结合日龄、症状及环境情况，高度怀疑为猪传染性胃肠炎（TGE）。该病在寒冷季节易发，主要通过粪口途径传播，可引起水样腹泻、脱水，但成年育肥猪通常症状较轻且死亡率低。需要排除其他腹泻病因如PED、轮状病毒、细菌性肠炎等。,治疗方向以支持疗法为主，包括补充电解质溶液防止脱水与酸中毒，提供温水减少应激，改善圈舍保温并减少贼风。加强卫生管理，及时清理粪便，防止交叉感染。对持续腹泻个体可考虑采集新鲜粪便送实验室进行RT-PCR或病毒分离确诊。严禁使用未经批准的违禁药物，出栏前须确保符合当地检疫规定。若怀疑重大疫病，应按规定向主管部门报告并配合处置。,因本病为病毒性，无特效药物治疗，故不存在特定休药期问题；但若使用任何药物，须遵守国家兽药休药期规定并在出栏前完成停药期。,"{""disease_name"": ""猪传染性胃肠炎"", ""severity"": ""中等（成年猪症状轻，幼猪危害大）"", ""scene_tags"": [""育肥猪"", ""临近出栏"", ""腹泻"", ""低温环境""], ""validation_points"": [""成年育肥猪TGE症状多为轻度腹泻，死亡率低"", ""支持疗法可有效缓解症状，提高存活率"", ""需通过实验室检测与其他腹泻病区分""], ""risk_flags"": [""临近出栏期存在销售风险"", ""低温环境易诱发和传播"", ""需警惕混合感染""], ""case_type"": ""腹泻出栏边界"", ""target_disease"": ""猪传染性胃肠炎"", ""local_flags"": {""species_ok"": true, ""target_disease_in_diagnosis"": true, ""target_disease_mismatch"": false, ""contains_specific_dose"": false, ""contains_specific_withdrawal"": false, ""regulated_bad_treatment"": false}}",False,False,,,True,False,False,D:\XF-ChongQin\ai-\knowledge\llm_wiki_swine_authoritative,1465,887,"猪传染性胃肠炎
猪传染性胃肠炎、transmissible gastroenteritis virus、TGE、TGEV
腹泻出栏边界
临近出栏猪群出现腹泻，用户关心处理方向、隔离和用药后能否销售。","{""HUMAN_REVIEWED"": 2, ""NEEDS_REVIEW"": 2}","[""SRC-0001"", ""SRC-0036"", ""SRC-0037""]",2221,26.58,ERNIE-4.5-Turbo-32K,88,28,18,23,20,False,True,"该回答整体表现良好，诊断准确性较高，病理逻辑合理，处方安全且符合疾病特点，数据质量较高。回答针对猪传染性胃肠炎的诊断、治疗方向及出栏前注意事项进行了详细说明，符合真实场景需求。
问题：诊断部分对其他可能腹泻病因的排除措施描述不够详细，仅提到需要排除其他病因，但未具体说明如何操作。；病理逻辑部分对疾病传播途径和环境因素的关联性分析可进一步深化。；数据质量方面，虽然提供了疾病名称、严重程度和场景标签，但缺乏对症状与疾病关联性的详细解释。；处方中未明确提及具体电解质溶液的成分或使用方法，可能影响实际操作。",hunyuan-turbos-20250926,85,90,85,95,80,False,False,回答总体准确，诊断与症状、环境相符，处方以对症支持为主，强调生物安全和合规用药，无明显危险建议。不足之处在于对鉴别诊断的操作细节不足，以及缺乏症状-疾病关联的深入解释。,True,ERNIE-4.5-Turbo-32K,True,review,回答总体准确，诊断与症状、环境相符，处方以对症支持为主，强调生物安全和合规用药，无明显危险建议。不足之处在于对鉴别诊断的操作细节不足，以及缺乏症状-疾病关联的深入解释，同时处方中未给出电解质溶液的具体配方或配制方法，可能影响落地执行。,86.0,28,18,23,20,review,19.53,17.17,,1,D:\XF-ChongQin\ai-\results\swine_weak_wiki_production\swine_disease_dataset_production_20260507_141653_dual_reviewed_reselected_20260507_150645.csv
83b2c8fe-0f5d-5f49-bae7-7ffa501f123e,372,猪胸膜肺炎,swine_hunyuan_turbos,hunyuan-turbos-20250926,成功,,猪,我家有120头60日龄左右的保育猪，最近几天天气忽冷忽热，加上圈舍通风不太好，早上进去能闻到明显氨味。这几天陆续有几头猪出现咳嗽、呼吸急促，有的还张口喘气，个别精神沉郁、食欲下降。之前没用过什么药，这种情况是单纯环境刺激还是可能有传染病？需要怎么处理？,结合年龄、发病情况、环境条件和临床表现，考虑为猪胸膜肺炎（Actinobacillus pleuropneumoniae）引起的细菌性呼吸道感染，同时不排除环境因素（氨气刺激、温差变化）加重了病情。需通过剖检观察肺部是否有出血、坏死及胸膜粘连等特征性病变，并结合实验室分离培养或PCR确诊。,treatment_direction: 针对疑似细菌感染使用敏感抗生素控制继发感染，配合改善饲养管理降低环境应激。；management_measures: 立即加强圈舍通风换气，减少氨气浓度；调整温度，避免昼夜温差过大；分群饲养，减少密度；保证饮水清洁和饲料新鲜。；sampling_and_testing: 对病死猪进行剖检并采集肺组织送实验室做细菌分离培养和鉴定，必要时做PCR检测以明确病原。；contraindications_and_boundaries: 严禁自行随意更换或加大抗生素用量；若发现高死亡率、大面积肺出血坏死或胸膜粘连，应怀疑重大疫病，按当地畜牧部门要求进行隔离、报告和送检，不得擅自销售或转移。,因涉及抗生素种类未定，建议停药后至少间隔一个安全周期再出栏，具体依据所用药物说明执行。,"{""disease_name"": ""猪胸膜肺炎"", ""severity"": ""中等至严重（视病程和环境条件而定）"", ""scene_tags"": [""保育猪"", ""呼吸道症状"", ""环境应激"", ""氨气刺激""], ""validation_points"": [""咳嗽、喘气、张口呼吸提示下呼吸道受累"", ""环境氨气浓度高和温差大可诱发或加重呼吸道疾病"", ""胸膜肺炎特征性病变包括肺出血坏死、胸膜粘连""], ""risk_flags"": [""潜在重大动物疫病风险"", ""需排除其他呼吸道病原体混合感染""], ""case_type"": ""呼吸道环境诱因"", ""target_disease"": ""猪胸膜肺炎"", ""local_flags"": {""species_ok"": true, ""target_disease_in_diagnosis"": true, ""target_disease_mismatch"": false, ""contains_specific_dose"": false, ""contains_specific_withdrawal"": false, ""regulated_bad_treatment"": false}}",False,False,,,True,False,False,D:\XF-ChongQin\ai-\knowledge\llm_wiki_swine_authoritative,1465,887,"猪胸膜肺炎
猪胸膜肺炎、actinobacillus pleuropneumoniae pleuropneumonia
呼吸道环境诱因
通风差、氨气重或温差大后出现咳嗽喘气，用户想区分环境应激和传染病。","{""HUMAN_REVIEWED"": 2, ""NEEDS_REVIEW"": 2}","[""A0-MOA-573"", ""RC-RESP-001"", ""SRC-0001"", ""SRC-0042"", ""SRC-0043"", ""SRC-0049"", ""SRC-0050"", ""SRC-0058"", ""SRC-0059"", ""SRC-0066"", ""SRC-0069"", ""SRC-0070"", ""SRC-0086""]",2221,30.44,ERNIE-4.5-Turbo-32K,88,28,18,23,19,False,True,"该回答整体表现良好，诊断准确性较高，考虑了环境因素与传染病的双重可能性，并提出了合理的诊断和鉴别诊断建议。病理逻辑清晰，处方安全，管理措施得当，且注意到了潜在重大疫病风险。数据质量方面，虽然场景标签和验证点较为全面，但可进一步增加具体数据支持。
问题：诊断准确性方面，虽然考虑了环境因素，但未明确提及如何区分单纯环境应激与传染病的具体方法或指标。；病理逻辑方面，对胸膜肺炎特征性病变的描述较为笼统，未详细阐述其与诊断的直接关联。；数据质量方面，场景标签和验证点虽然全面，但缺乏具体数据或案例支持，如发病率、死亡率等。；处方安全方面，虽然提到了严禁自行随意更换或加大抗生素用量，但未给出具体抗生素的选择建议或常用抗生素的参考范围。",hunyuan-turbos-20250926,85,90,80,85,75,False,False,回答整体结构合理，诊断考虑了环境与病原双重因素，并提示了重大疫病上报要求，处方方向正确且包含安全边界，无明显危险建议。但在区分单纯环境应激与传染病的鉴别细节、病变描述与诊断的直接联系、以及抗生素选择参考等方面仍有提升空间。,True,ERNIE-4.5-Turbo-32K,True,review,回答整体结构合理，诊断考虑了环境与病原双重因素，并提示了重大疫病上报要求，处方方向正确且包含安全边界，无明显危险建议。但在区分单纯环境应激与传染病的鉴别细节、病变描述与诊断的直接联系、以及抗生素选择参考等方面仍有提升空间，如未提供区分单纯环境应激与传染性胸膜肺炎的具体临床或实验室指标，对胸膜肺炎特征性病变的描述较笼统，缺少与诊断直接关联的详细说明，未列出常用抗生素类别或经验性用药参考，仅强调禁止随意加量，缺乏发病率、死亡率等量化数据支撑场景真实性。,86.0,28,18,23,19,review,19.81,27.01,,1,D:\XF-ChongQin\ai-\results\swine_weak_wiki_production\swine_disease_dataset_production_20260507_141653_dual_reviewed_reselected_20260507_150645.csv
ba0f3fb6-1fd0-54e9-80ae-2f9f399653b1,380,猪疥螨病,swine_hunyuan_turbos,hunyuan-turbos-20250926,成功,,猪,我家有200头育肥猪，平均体重80公斤左右，最近发现部分猪耳朵边缘和背部皮肤发红、结痂，还特别爱蹭墙，抓痒厉害，已经持续十来天了。之前没用过驱虫药，圈舍是水泥地面，通风一般，湿度偏高。想问这种情况是不是疥螨？要不要整群一起治？环境怎么弄？多久能复查？,根据描述，考虑为猪疥螨病可能性大。该病常表现为剧烈瘙痒、皮肤红斑、丘疹、结痂及角化过度，尤以耳缘、体侧明显。疥螨感染可导致生长缓慢、饲料利用率下降。由于皮肤刮片检查存在假阴性，应结合临床表现和群体病史综合判断。,treatment_direction: 使用经批准的杀螨剂进行全身处理，包括注射或外用制剂，确保覆盖所有易感个体。；management_measures: 对圈舍进行全面清洁和消毒，清除粪便、垫料并更换，保持干燥通风，减少潮湿环境以利于螨的生存。新引进猪只须隔离观察并进行健康检查后方可混群。；sampling_and_testing: 在可疑部位做皮肤刮片镜检寻找螨或虫卵，必要时重复取样以提高检出率。若临床高度怀疑而刮片阴性，可按疥螨病处理。；prohibited_boundaries: 严禁使用未经许可的药物或超范围用药；禁止将疑似病猪与健康猪直接混合饲养；不得随意出售或屠宰未经处理的病猪。,按所用批准药物的标签说明执行，确保猪肉产品符合食品安全要求。,"{""disease_name"": ""猪疥螨病"", ""severity"": ""中等偏重"", ""scene_tags"": [""育肥猪"", ""瘙痒"", ""皮肤病变"", ""环境高湿""], ""validation_points"": [""瘙痒、红斑、结痂等典型皮肤病变"", ""群体中有多例相似症状"", ""环境湿度高利于疥螨存活""], ""risk_flags"": [""潜在经济损失"", ""影响生长性能"", ""易复发""], ""case_type"": ""驱虫和环境管理"", ""target_disease"": ""猪疥螨病"", ""local_flags"": {""species_ok"": true, ""target_disease_in_diagnosis"": true, ""target_disease_mismatch"": false, ""contains_specific_dose"": false, ""contains_specific_withdrawal"": false, ""regulated_bad_treatment"": false}}",False,False,,,True,False,False,D:\XF-ChongQin\ai-\knowledge\llm_wiki_swine_authoritative,1465,887,"猪疥螨病
猪疥螨病、external parasites mange
驱虫和环境管理
用户询问是否需要全群处理、环境清理和复查方式。","{""HUMAN_REVIEWED"": 4}","[""SRC-0001"", ""SRC-0080"", ""SRC-0082""]",2221,34.82,ERNIE-4.5-Turbo-32K,88,28,18,23,20,False,True,"整体回答较为准确，诊断依据充分，治疗方案合理，环境管理措施得当，数据质量较高，无明显致命风险。
问题：diagnosis_accuracy: 诊断部分虽然考虑了皮肤刮片检查的假阴性，但未明确提及其他辅助诊断方法，如血清学检测或病史追溯，略显不足。；pathology_logic: 病理逻辑部分对疥螨病的病理过程描述较为简略，未深入解释瘙痒、红斑、结痂等症状与疥螨活动的直接关联。；prescription_safety: 处方安全性部分对药物选择和使用方法的描述较为笼统，未具体说明推荐药物的名称和剂量范围。；data_quality: 数据质量部分虽然场景标签和验证点较为全面，但风险标志中未提及人兽共患风险，尽管猪疥螨病通常不传染给人，但完整的风险评估应包含此方面。",hunyuan-turbos-20250926,85,90,85,85,85,True,False,该数据场景真实，用户描述的临床症状（瘙痒、红斑、结痂）与猪疥螨病高度吻合，诊断思路合理且考虑了刮片假阴性的情况。治疗方向与环境管理建议一致，强调了全群处理和圈舍清洁，安全边界设置到位，无危险用药建议。不足之处在于病理机制解释较浅，缺乏其他辅助诊断手段提示，风险评估未涵盖人兽共患因素。,True,ERNIE-4.5-Turbo-32K,True,review,整体回答较为准确，诊断依据充分，治疗方案合理，环境管理措施得当。但存在一些轻微不足，如病理机制描述不够详细，未解释瘙痒、红斑、结痂与疥螨活动的具体关系；诊断部分未补充除皮肤刮片外的其他辅助诊断方法（如血清学、病史追溯）；风险评估缺少对人兽共患风险的说明。这些不足不影响整体方向，但需进一步完善以提高数据质量。,86.0,28,18,23,20,review,23.69,21.92,,1,D:\XF-ChongQin\ai-\results\swine_weak_wiki_production\swine_disease_dataset_production_20260507_141653_dual_reviewed_reselected_20260507_150645.csv
a9bd2f23-060a-544c-a8fa-a8dee706321a,384,猪腺病毒感染,swine_hunyuan_turbos,hunyuan-turbos-20250926,成功,,猪,我家有200头120公斤左右的育肥猪，这几天有几头出现轻度腹泻，精神食欲还可以，体温正常，粪便带点粘液但不带血，圈舍通风一般，地面潮湿，之前用过一些益生菌拌料没明显改善。现在快到出栏时间了，想问问这种情况会不会影响卖猪，要不要用药？,根据描述，结合育肥猪轻度腹泻、精神食欲尚可、无高热及血便等特征，考虑可能为猪腺病毒感染或其他非烈性肠道病原所致。猪腺病毒感染在育肥阶段多呈亚临床或轻微表现，常因环境粪便污染引起，一般不造成重大经济损失。需排除其他常见病原如冠状病毒、细菌性肠炎后再做判断。,建议加强圈舍清洁干燥管理，及时清除粪污并消毒，降低环境病毒载量；提供清洁饮水和易消化饲料，减少应激；对腹泻明显个体可短期使用对症止泻药物支持治疗，同时采集新鲜粪便送实验室检测明确病原。严禁在临近出栏时随意使用抗生素或违禁药物，以免违反休药期规定。若怀疑为法定疫病或人兽共患病，应立即隔离并报告当地畜牧部门。,任何药物使用前须严格遵循说明书规定的休药期，临近出栏时应避免使用可能影响食品安全或延长休药期的药物。建议在检测结果出来前暂停出栏计划，确保符合检疫要求。,"{""disease_name"": ""猪腺病毒感染"", ""severity"": ""轻症/亚临床"", ""scene_tags"": [""育肥猪"", ""腹泻"", ""环境潮湿"", ""临近出栏""], ""validation_points"": [""症状与猪腺病毒感染的亚临床表现相符"", ""强调环境管理和病原检测的重要性"", ""提醒遵守休药期和检疫法规""], ""risk_flags"": [""临近出栏需谨慎用药"", ""需排除法定疫病""], ""case_type"": ""上市休药期咨询"", ""target_disease"": ""猪腺病毒感染"", ""local_flags"": {""species_ok"": true, ""target_disease_in_diagnosis"": true, ""target_disease_mismatch"": false, ""contains_specific_dose"": false, ""contains_specific_withdrawal"": false, ""regulated_bad_treatment"": false}}",False,False,,,True,False,False,D:\XF-ChongQin\ai-\knowledge\llm_wiki_swine_authoritative,1465,887,"猪腺病毒感染
猪腺病毒感染、adenoviruses
上市休药期咨询
用户接近出栏，关心治疗方向和用药后能否出栏销售。","{""HUMAN_REVIEWED"": 2, ""NEEDS_REVIEW"": 2}","[""SRC-0001"", ""SRC-0030""]",2221,25.93,ERNIE-4.5-Turbo-32K,88,28,18,24,18,False,True,"整体回答符合猪腺病毒感染的轻症/亚临床场景，诊断逻辑合理，处理方向安全，强调了环境管理和病原检测的重要性，并提醒遵守休药期和检疫法规。
问题：诊断部分对其他可能病原的排除不够详细，仅简单提及需排除冠状病毒和细菌性肠炎，缺乏具体鉴别诊断方法。；数据质量方面，虽然场景标签和验证点较为全面，但风险标志的描述略显笼统，未明确指出具体可能的人兽共患病或法定疫病。；病理逻辑部分对猪腺病毒感染的发病机制和环境因素的关联解释不够深入。",hunyuan-turbos-20250926,85,90,80,95,80,False,False,该数据场景真实，用户描述的育肥猪轻度腹泻、精神食欲正常、无高热血便等情况与猪腺病毒感染的轻症/亚临床表现相符。诊断考虑了多种可能病原，并强调环境管理与病原检测，处理方案安全且符合临近出栏的安全边界，未给出具体药物剂量或休药期承诺，避免了违规风险。不足之处在于鉴别诊断方法不够细化，对法定疫病和人兽共患病的提示较笼统，发病机制与环境关系的解释不足。,True,ERNIE-4.5-Turbo-32K,True,review,整体回答符合猪腺病毒感染的轻症/亚临床场景，诊断逻辑合理，处理方向安全，强调了环境管理和病原检测的重要性，并提醒遵守休药期和检疫法规。不足之处在于鉴别诊断方法不够细化，对法定疫病和人兽共患病的提示较笼统，发病机制与环境关系的解释不足。,86.0,28,18,24,18,review,17.72,19.38,,1,D:\XF-ChongQin\ai-\results\swine_weak_wiki_production\swine_disease_dataset_production_20260507_141653_dual_reviewed_reselected_20260507_150645.csv
8a02a641-783f-5f0f-8bf4-ee51b1902666,395,猪乙型脑炎,swine_hunyuan_turbos,hunyuan-turbos-20250926,成功,,猪,我家是200头基础母猪的种猪场，最近半个月陆续有8头怀孕90多天的母猪发生流产，有的还排出木乃伊胎，另外有两头公猪采精量明显减少、活力下降。周边前阵子蚊子特别多，气温也高。之前没用过疫苗，想问是不是传染病？还能不能继续配种？,根据描述，母猪中期流产、木乃伊胎及公猪精液质量下降，结合近期高温多蚊的环境，高度怀疑为猪乙型脑炎病毒感染所致。该病由日本脑炎病毒引起，主要通过蚊虫叮咬传播，可导致妊娠母猪流产、死胎、木乃伊胎及公猪生殖功能受损。,立即暂停受影响批次母猪的配种计划，对全场公猪进行精液质量检测并隔离观察；加强场内防蚊灭蚊措施，清理积水，安装纱窗、使用驱蚊剂；采集流产胎儿组织、胎盘及公猪血液送实验室检测乙脑病毒核酸或抗体，明确感染状态；若确诊，应配合当地畜牧兽医部门按重大动物疫病防控要求进行处置，包括封锁、消毒、监测等；未确诊前不建议盲目投喂抗病毒药物或激素类药物干预。,无特定休药期说明，因本病属病毒性传染病，重点在于控制传染源与切断传播途径，而非药物治疗。,"{""disease_name"": ""猪乙型脑炎"", ""severity"": ""中等至严重"", ""scene_tags"": [""种猪场"", ""繁殖障碍"", ""蚊媒传播"", ""公猪精液异常""], ""validation_points"": [""符合猪乙型脑炎的典型临床表现（中期流产、木乃伊胎）"", ""环境因素支持蚊媒传播可能性"", ""公猪精液质量下降与乙脑病毒感染相符""], ""risk_flags"": [""可能为人畜共患病的潜在公共卫生关注点"", ""重大动物疫病防控边界需主管部门介入""], ""case_type"": ""种猪繁殖障碍"", ""target_disease"": ""猪乙型脑炎"", ""local_flags"": {""species_ok"": true, ""target_disease_in_diagnosis"": true, ""target_disease_mismatch"": false, ""contains_specific_dose"": false, ""contains_specific_withdrawal"": false, ""regulated_bad_treatment"": false}}",False,False,,,True,False,False,D:\XF-ChongQin\ai-\knowledge\llm_wiki_swine_authoritative,1465,887,"猪乙型脑炎
猪乙型脑炎、japanese encephalitis virus
种猪繁殖障碍
种猪场出现流产、死胎、返情或公猪异常，用户担心传染病和是否继续配种。","{""HUMAN_REVIEWED"": 3, ""NEEDS_REVIEW"": 2}","[""SRC-0001"", ""SRC-0015"", ""SRC-0025"", ""SRC-0035""]",2145,27.01,ERNIE-4.5-Turbo-32K,88,28,18,23,20,False,True,"该测试数据整体质量较高，诊断准确，逻辑清晰，处理方向安全，符合猪乙型脑炎的典型症状和传播特点。
问题：pathology_logic: 对公猪精液质量下降的病理机制解释不够深入，仅简单提及与乙脑病毒感染相符，缺乏具体病理生理过程描述。；data_quality: 场景标签和验证点较为全面，但风险标志中提及的人畜共患病潜在关注点未在处理建议中充分体现，如未强调人员防护措施。；diagnosis_accuracy: 诊断准确度高，但未提及与其他类似疾病（如猪伪狂犬病、猪细小病毒病）的鉴别诊断，略显不足。",hunyuan-turbos-20250926,85,95,80,90,85,False,False,该数据整体真实可信，场景设定合理，症状与目标疾病高度吻合，诊断依据充分且处理方案安全，未出现危险用药建议。不足之处在于公猪精液质量下降的病理机制解释较浅，缺少对其他可能疾病的鉴别提示，以及未明确涉及人畜共患病防护建议。,True,ERNIE-4.5-Turbo-32K,True,review,诊断准确度高，与猪乙型脑炎的典型症状和传播特点相符，处理方案安全且合理。但存在一些不足，包括对公猪精液质量下降的病理机制解释不够深入，缺乏具体病理生理过程描述；未提及其他可能引起相似症状的病原性疾病的鉴别诊断；未明确涉及人畜共患病防护建议。这些不足不影响整体方向，但需补充完善以提高数据质量。,86.0,28,18,23,20,review,17.95,23.01,,1,D:\XF-ChongQin\ai-\results\swine_weak_wiki_production\swine_disease_dataset_production_20260507_141653_dual_reviewed_reselected_20260507_150645.csv
a3483ade-4398-5fac-82d5-4ac28838e22d,417,猪钩端螺旋体病,swine_hunyuan_turbos,hunyuan-turbos-20250926,成功,,猪,我家是200头基础母猪的种猪场，最近半个月陆续有怀孕90天左右的母猪发生流产，有的还产下死胎，还有几头空怀返情率升高，公猪采精量下降且精液活力差。之前没用过什么特别的药物，场内卫生一般，饮水井水共用。这种情况会不会是传染病？还能继续配种吗？,结合病史、临床表现及流行病学特征，高度怀疑猪钩端螺旋体病。该病可引起妊娠母猪流产、死胎、木乃伊胎以及公猪精液质量下降，常在水源污染或鼠类活动频繁的环境中暴发。多数感染呈亚临床，但在妊娠母猪和幼龄猪中易表现明显症状。,treatment_direction: 立即隔离发病母猪，停止配种计划；对全场猪群进行血清学筛查，采集流产胎儿、胎盘、血液及公猪精液送实验室确诊；加强饮水消毒，防止鼠类进入圈舍；工作人员佩戴防护手套，注意洗手，减少直接接触体液。；management_measures: 暂停新引进种猪，限制人员流动；清理圈舍积水，改善排水系统；对疑似病例进行标记并单独管理；做好全群健康监测记录。；sampling_and_testing: 采集流产胎儿组织、胎盘、母猪血液及公猪精液样本，送具备资质的实验室进行钩端螺旋体PCR或显微凝集试验检测。；prohibited_actions: 在未确诊前不得盲目使用抗生素或激素类药物；严禁将病死猪及其产品流入市场；禁止随意处理流产胎儿以防污染环境。,因未明确病原体及用药方案，无法给出确切休药期；在检测结果出来前，所有出场猪肉及精液均不得销售或外调。,"{""disease_name"": ""猪钩端螺旋体病"", ""severity"": ""中等至严重（可导致繁殖力显著下降，经济损失大）"", ""scene_tags"": [""种猪场"", ""繁殖障碍"", ""流产"", ""死胎"", ""公猪精液异常""], ""validation_points"": [""妊娠母猪流产、死胎符合钩端螺旋体病典型表现"", ""公猪精液质量下降提示全身性感染可能"", ""共用井水及卫生条件差是该病重要风险因素""], ""risk_flags"": [""人兽共患风险（职业暴露）"", ""重大动物疫病防控边界""], ""case_type"": ""种猪繁殖障碍"", ""target_disease"": ""猪钩端螺旋体病"", ""local_flags"": {""species_ok"": true, ""target_disease_in_diagnosis"": true, ""target_disease_mismatch"": false, ""contains_specific_dose"": false, ""contains_specific_withdrawal"": false, ""regulated_bad_treatment"": false}}",False,False,,,True,False,False,D:\XF-ChongQin\ai-\knowledge\llm_wiki_swine_authoritative,1465,887,"猪钩端螺旋体病
猪钩端螺旋体病、leptospirosis
种猪繁殖障碍
种猪场出现流产、死胎、返情或公猪异常，用户担心传染病和是否继续配种。","{""HUMAN_REVIEWED"": 2, ""NEEDS_REVIEW"": 2}","[""SRC-0001"", ""SRC-0067""]",2220,33.04,ERNIE-4.5-Turbo-32K,88,28,18,23,20,False,True,"整体回答质量较高，诊断准确性、病理逻辑、处方安全性和数据质量均表现良好，无明显致命风险，符合通过标准。
问题：诊断准确性方面，虽然高度怀疑猪钩端螺旋体病，但未完全排除其他可能引起类似症状的疾病，如猪繁殖与呼吸综合征（PRRS）或猪伪狂犬病，诊断依据可进一步丰富。；病理逻辑方面，对公猪精液质量下降与全身性感染的关联解释不够深入，可补充更多病理机制说明。；处方安全性方面，未明确提及具体消毒剂种类及使用浓度，可能影响操作安全性。；数据质量方面，未提供具体实验室检测方法或参考标准，数据完整性略有不足。",hunyuan-turbos-20250926,85,8.5,8.0,9.0,8.0,False,False,该回答整体结构完整，诊断思路清晰，能够结合流行病学背景与临床症状合理推测为猪钩端螺旋体病，并在防控建议中强调了隔离、检测、环境管理和生物安全措施，避免了盲目用药等危险行为。但诊断部分未充分排除其他可能导致相似症状的疫病（如PRRS、伪狂犬），对公猪精液质量下降的病理机制阐述不足，且缺乏具体的消毒措施细节，数据完整性和深度有待提升。,True,ERNIE-4.5-Turbo-32K,True,review,整体回答质量较高，诊断思路清晰，能够结合流行病学背景与临床症状合理推测为猪钩端螺旋体病，防控建议中强调了隔离、检测、环境管理和生物安全措施，避免了盲目用药等危险行为。但诊断部分未充分排除其他可能导致相似症状的疫病，对公猪精液质量下降的病理机制阐述不足，且缺乏具体的消毒措施细节，数据完整性和深度有待提升。,86.0,28,18,23,20,review,23.3,21.77,,1,D:\XF-ChongQin\ai-\results\swine_weak_wiki_production\swine_disease_dataset_production_20260507_141653_dual_reviewed_reselected_20260507_150645.csv
5c87a21b-790d-54fc-9f3c-0201c73c74d6,421,猪结核病,swine_hunyuan_turbos,hunyuan-turbos-20250926,成功,,猪,我家是300头左右保育猪，现在60日龄左右，最近一周发现部分猪精神沉郁、采食量下降，有的伴有轻微咳嗽，个别猪体温略高，粪便正常。圈舍通风一般，湿度偏高。之前用过替米考星拌料三天，效果不明显。想问问这是啥病，该怎么处理？,结合症状、年龄及环境特点，考虑可能为慢性细菌性感染，其中猪结核病在保育后期偶有发生，表现为渐进性消瘦、采食下降、偶发呼吸道症状，且多为亚临床感染，常在屠宰时发现。需通过病理剖检、组织学染色及病原培养确认。,立即隔离可疑猪只并减少混群；改善圈舍通风与温湿度控制，适当提高环境温度以缓解代谢负担；采集病死猪或淘汰猪的颈部及肠系膜淋巴结送有资质的实验室进行结核分枝杆菌检测；在未确诊前不得使用抗生素作为替代防控手段；若确诊为猪结核病，应依据当地动物防疫法规执行扑杀和无害化处理，并对圈舍彻底消毒，防止人员接触污染材料。,如经检测排除结核病，可依据所用药物说明调整饲养管理；如确诊则按法规要求扑杀，无休药期概念。,"{""disease_name"": ""猪结核病"", ""severity"": ""中等至严重（慢性传播）"", ""scene_tags"": [""保育猪"", ""群体发病"", ""采食下降"", ""呼吸道症状"", ""环境潮湿""], ""validation_points"": [""症状符合慢性消耗性疾病特征"", ""年龄与猪结核病潜在暴发阶段相符"", ""环境湿度高可能促进潜伏感染显现""], ""risk_flags"": [""人兽共患风险（MTBC属）"", ""需专业实验室确诊"", ""确诊后须依法扑杀与无害化处理""], ""case_type"": ""保育猪群体发病"", ""target_disease"": ""猪结核病"", ""local_flags"": {""species_ok"": true, ""target_disease_in_diagnosis"": true, ""target_disease_mismatch"": false, ""contains_specific_dose"": false, ""contains_specific_withdrawal"": false, ""regulated_bad_treatment"": false}}",False,False,,,True,False,False,D:\XF-ChongQin\ai-\knowledge\llm_wiki_swine_authoritative,1465,887,"猪结核病
猪结核病、tuberculosis
保育猪群体发病
群体发病、采食下降、粪便或呼吸道异常，用户想知道主要病因和下一步处理。","{""HUMAN_REVIEWED"": 3, ""NEEDS_REVIEW"": 2}","[""SRC-0001"", ""SRC-0006"", ""SRC-0044"", ""SRC-0078""]",2010,24.5,ERNIE-4.5-Turbo-32K,88,28,18,24,18,False,True,"整体回答较好地结合了症状、年龄和环境特点，诊断方向合理，处理建议安全且符合法规要求，数据质量较高，无明显致命风险。
问题：诊断准确性方面，虽然考虑了猪结核病，但未完全排除其他慢性细菌性感染的可能性，诊断依据稍显不足。；病理逻辑方面，对猪结核病的典型症状描述不够详细，如渐进性消瘦的具体表现等。；数据质量方面，虽然提供了症状、年龄和环境等信息，但缺乏具体的实验室检测数据支持诊断。",hunyuan-turbos-20250926,85,80,82,90,78,False,False,该回答针对用户提供的保育猪症状与环境信息，提出了可能的慢性细菌感染（包括猪结核病）的诊断方向，并结合了年龄、病程特征进行分析，处理建议符合生物安全和防疫法规，未给出危险用药方案，安全性较好。不足之处在于诊断依据偏少，未充分排除其他常见慢性呼吸道疾病，对猪结核病典型症状的细节描述不足，缺少实验室检测结果支撑，导致诊断说服力有限。,True,ERNIE-4.5-Turbo-32K,True,review,整体回答结合了症状、年龄和环境特点，诊断方向合理，处理建议安全且符合法规要求。但诊断依据稍显不足，未完全排除其他慢性细菌性感染的可能性，对猪结核病的典型症状描述不够详细，且缺乏具体的实验室检测数据支持诊断，导致诊断说服力有限。,86.0,28,18,24,18,review,16.32,17.78,,1,D:\XF-ChongQin\ai-\results\swine_weak_wiki_production\swine_disease_dataset_production_20260507_141653_dual_reviewed_reselected_20260507_150645.csv
bd69082c-4527-578e-8f64-d45b5617aec0,424,猪弓形虫病,swine_hunyuan_turbos,hunyuan-turbos-20250926,成功,,猪,我家有120头育肥猪，平均体重在60公斤左右，最近几天有几头出现发烧、呼吸急促、精神不振的情况，体温测到40度以上，食欲下降，粪便正常。圈舍通风一般，地面是水泥地但有少量积水，周围偶尔能看到野猫活动。之前没用过驱虫药，想问这种情况是不是弓形虫引起的？要不要全群处理？环境怎么清理？需要采哪些样去化验确认？,根据描述，高热、呼吸加快、精神沉郁等症状符合猪弓形虫病的急性暴发型临床表现，且存在野猫接触史及潮湿环境，提示可能通过被卵囊污染的饲料或水源感染。该病在猪多为亚临床，但在应激或免疫力低下时可出现急性病例。,treatment_direction: 不建议直接使用未经验证的驱虫药物，应优先进行病原确诊后再制定针对性措施。；management_measures: 立即隔离发病猪只，改善圈舍通风，清除积水和污物，防止野猫进入饲养区，对饲料和水源加强防护，减少交叉污染风险。；sampling_and_testing: 采集发病猪的血液、肺脏或淋巴结组织送实验室做血清学或PCR检测，同时可采集环境样本（如垫料、水）检测卵囊。；prohibited_boundaries: 在未确诊前不得随意使用人用或兽用抗寄生虫药物作为替代治疗，以免掩盖病情或造成食品安全隐患。,因未确定具体用药方案，暂无法给出确切休药期建议，须依据最终确诊结果及所用药物说明书执行。,"{""disease_name"": ""猪弓形虫病"", ""severity"": ""中等至严重（视感染强度与猪群健康状况而定）"", ""scene_tags"": [""育肥猪"", ""高热"", ""呼吸异常"", ""野猫接触"", ""潮湿环境""], ""validation_points"": [""症状与急性弓形虫病相符"", ""存在可能的卵囊污染途径（野猫、积水）"", ""需实验室确诊后方可实施针对性治疗""], ""risk_flags"": [""人兽共患风险"", ""潜在食品安全风险"", ""需防止疫情扩散""], ""case_type"": ""驱虫和环境管理"", ""target_disease"": ""猪弓形虫病"", ""local_flags"": {""species_ok"": true, ""target_disease_in_diagnosis"": true, ""target_disease_mismatch"": false, ""contains_specific_dose"": false, ""contains_specific_withdrawal"": false, ""regulated_bad_treatment"": false}}",False,False,,,True,False,False,D:\XF-ChongQin\ai-\knowledge\llm_wiki_swine_authoritative,1465,887,"猪弓形虫病
猪弓形虫病、toxoplasmosis protozoa
驱虫和环境管理
用户询问是否需要全群处理、环境清理和复查方式。","{""HUMAN_REVIEWED"": 3, ""NEEDS_REVIEW"": 2}","[""SRC-0001"", ""SRC-0026"", ""SRC-0081"", ""SRC-0082""]",2042,26.97,ERNIE-4.5-Turbo-32K,88,28,18,23,20,False,True,"该回答整体上对猪弓形虫病的诊断、处理方向及环境管理措施较为准确，符合疾病特征和安全要求，但在诊断逻辑和部分细节上仍有提升空间。
问题：诊断逻辑中，虽然提到症状符合急性暴发型临床表现，但未充分说明其他可能疾病（如猪瘟、蓝耳病等）的鉴别诊断，诊断依据略显单一。；数据质量方面，对症状描述和场景标签的利用不够充分，未完全覆盖所有关键信息（如粪便正常、野猫活动等）对诊断的支持作用。；处方安全中，虽然强调了确诊前不得随意用药，但未提供初步的应急处理建议（如降温、补液等），可能影响猪只福利。",hunyuan-turbos-20250926,85,90,80,95,80,False,False,整体数据与诊断基本合理，症状与环境线索支持弓形虫感染的可能性，并明确强调确诊前不得盲目用药，避免了安全风险。但诊断部分缺乏对其他类似疾病的鉴别分析，信息利用不足，且缺少针对急性症状的临时护理建议。,True,ERNIE-4.5-Turbo-32K,True,review,该回答对猪弓形虫病的诊断、处理方向及环境管理措施整体合理，符合疾病特征和安全要求，但存在诊断逻辑单一、未充分鉴别其他类似疾病（如猪瘟、蓝耳病等）、未充分利用用户提供的全部关键细节（如粪便正常、野猫活动）来强化推理链条，以及缺少针对急性症状的临时护理建议等轻微不足，因此判为review。,86.0,28,18,23,20,review,18.32,18.25,,1,D:\XF-ChongQin\ai-\results\swine_weak_wiki_production\swine_disease_dataset_production_20260507_141653_dual_reviewed_reselected_20260507_150645.csv
7df25f06-7e60-5316-932d-a7c3c8cdab27,427,猪鞭虫病,swine_hunyuan_turbos,hunyuan-turbos-20250926,成功,,猪,我家有200头60日龄左右的保育猪，最近一周陆续发现有十来头拉稀，粪便偏稀带点黏液，个别猪精神差、毛色发暗，采食量下降，还有几头皮肤有点粗糙起皮屑。之前用过一次伊维菌素驱虫，但间隔已经快两个月了，圈舍地面潮湿，饲料是颗粒料，没有更换过配方。想问问是不是鞭虫或者别的寄生虫引起的？,根据描述，考虑为猪鞭虫病可能性较大。猪鞭虫（Trichuris suis）主要寄生于盲肠和结肠，重度感染可引起慢性结肠炎、腹泻、消瘦及皮毛粗糙。结合近期驱虫间隔较长、圈舍潮湿等条件，有利于虫卵在环境中存活并传播。此外，也需排除其他肠道寄生虫如蛔虫、球虫等混合感染的可能。,treatment_direction: 选用广谱抗线虫药物进行全群驱虫，重点针对鞭虫和其他常见肠道线虫；对严重消瘦个体可配合补液和电解质补充。；management_measures: 改善圈舍卫生，及时清理粪污，保持干燥通风；饮水器定期清洗消毒；驱虫后观察粪便中有无虫体排出。；sampling_submission: 采集典型病例新鲜粪便送实验室做虫卵镜检，必要时剖检取盲肠、结肠黏膜检查成虫，以确诊虫种。；prohibited_boundaries: 严禁将疑似严重感染猪与健康猪混养；禁止未经检疫的猪只外调；若检出高感染率且伴随异常死亡，应按规定向当地畜牧兽医部门报告。,按所用驱虫药物说明书执行，确保停药期后再屠宰或出售。,"{""disease_name"": ""猪鞭虫病"", ""severity"": ""中等"", ""scene_tags"": [""保育猪"", ""腹泻"", ""消瘦"", ""皮肤粗糙"", ""潮湿环境""], ""validation_points"": [""粪便稀带黏液符合鞭虫致结肠炎表现"", ""驱虫间隔长增加感染机会"", ""圈舍潮湿利于虫卵存活""], ""risk_flags"": [""群体感染风险"", ""潜在经济损失""], ""case_type"": ""寄生虫群体发病"", ""target_disease"": ""猪鞭虫病"", ""local_flags"": {""species_ok"": true, ""target_disease_in_diagnosis"": true, ""target_disease_mismatch"": false, ""contains_specific_dose"": false, ""contains_specific_withdrawal"": false, ""regulated_bad_treatment"": false}}",False,False,,,True,False,False,D:\XF-ChongQin\ai-\knowledge\llm_wiki_swine_authoritative,1465,887,"猪鞭虫病
猪鞭虫病、trichuris suis internal parasites
寄生虫群体发病
猪群出现腹泻、消瘦、皮肤瘙痒或生长慢，用户怀疑寄生虫。","{""HUMAN_REVIEWED"": 2, ""NEEDS_REVIEW"": 2}","[""SRC-0001"", ""SRC-0082""]",2221,32.74,ERNIE-4.5-Turbo-32K,88,28,18,23,20,False,True,"该回答整体表现良好，诊断方向准确，考虑了猪鞭虫病的典型症状和流行病学条件，同时提出了排除其他寄生虫混合感染的可能性。治疗方案安全合理，管理措施全面，采样建议有助于确诊。数据质量较高，风险评估合理。
问题：诊断准确性方面，虽然考虑了鞭虫病，但对其他可能寄生虫的排除依据不够充分，仅提出可能性，缺乏具体鉴别点。；病理逻辑方面，对鞭虫病导致症状的机制解释不够深入，如慢性结肠炎的具体病理过程。；处方安全方面，未明确具体驱虫药物名称，仅提到“广谱抗线虫药物”，可能影响实际操作的精准性。；数据质量方面，场景标签和验证点较为全面，但风险标志中未提及人兽共患风险（尽管猪鞭虫病通常不传染人，但作为评估点可更完善）。",hunyuan-turbos-20250926,85,90,80,85,88,False,False,该数据场景真实，用户描述了保育猪群体中出现腹泻、精神差、毛色暗淡等症状，并结合驱虫史和圈舍环境，询问是否为鞭虫或其他寄生虫引起。诊断部分正确识别了猪鞭虫病的可能性，并提示需排除其他肠道寄生虫，符合临床思路。治疗与管理措施合理，包含全群驱虫、改善环境卫生、采样送检及必要的生物安全措施，无明显危险建议。不足之处在于鉴别诊断细节不足、病理机制阐述较浅、未明确驱虫药物种类，以及未特别说明人兽共患风险（虽鞭虫一般不传人，但可作为完整性补充）。总体属于合格数据。,True,ERNIE-4.5-Turbo-32K,True,review,诊断方向准确，考虑了猪鞭虫病的典型症状和流行病学条件，同时提出了排除其他寄生虫混合感染的可能性，治疗与管理措施合理。不足之处在于鉴别诊断细节不足、病理机制阐述较浅、未明确驱虫药物种类，以及未特别说明人兽共患风险（虽鞭虫一般不传人，但可作为完整性补充）。,86.0,28,18,23,20,review,22.68,20.87,,1,D:\XF-ChongQin\ai-\results\swine_weak_wiki_production\swine_disease_dataset_production_20260507_141653_dual_reviewed_reselected_20260507_150645.csv
bbc8ed1d-5d48-514e-97ff-405af66b9e60,446,猪大肠杆菌病,swine_hunyuan_turbos,hunyuan-turbos-20250926,成功,,猪,我家有200头60日龄左右的保育猪，这几天陆续出现拉稀，粪便黄绿色带黏液，部分猪精神差、采食下降，已经用了恩诺沙星拌料三天，效果不明显，还有新发病的。想问下是不是还要继续喂药？要不要送样检查？,根据描述，考虑为猪大肠杆菌病（Colibacillosis），可能由产肠毒素型大肠杆菌（ETEC）引起，表现为急性水样或黏液样腹泻，伴精神沉郁和食欲下降。若伴随高热、呼吸急促、皮肤发绀等全身症状，需警惕菌血症或继发感染。,treatment_direction: 立即停喂原方案，改用针对革兰阴性菌且对当前耐药谱敏感的药物（如氟苯尼考类、氨基糖苷类等，需依据药敏结果调整）；同时补充电解质补液防止脱水。；management_measures: 加强圈舍保温通风，减少应激；及时清理粪污，保持饮水清洁；分栏饲养，隔离病猪以减少交叉感染。；sampling_and_testing: 采集新鲜粪便及病死猪小肠内容物送实验室进行细菌分离鉴定、药敏试验，必要时做PCR检测毒力基因分型，以明确病原并指导精准用药。；prohibited_boundaries: 禁止在缺乏药敏依据的情况下盲目更换广谱抗生素；禁止将病猪与健康猪混养；禁止使用未经批准的兽药或超范围用药。,具体停药期需依据所用药物说明书及国家相关规定执行，不得随意缩短。,"{""disease_name"": ""猪大肠杆菌病"", ""severity"": ""中等至严重（视病程和继发情况而定）"", ""scene_tags"": [""保育猪"", ""腹泻"", ""抗生素治疗无效"", ""需送检""], ""validation_points"": [""症状符合ETEC引起的急性腹泻特征"", ""已使用单一抗生素效果不佳提示耐药或病原复杂"", ""建议结合实验室检测明确病因""], ""risk_flags"": [""潜在耐药菌流行风险"", ""若延误诊治可能导致死亡增加""], ""case_type"": ""腹泻用药咨询"", ""target_disease"": ""猪大肠杆菌病"", ""local_flags"": {""species_ok"": true, ""target_disease_in_diagnosis"": true, ""target_disease_mismatch"": false, ""contains_specific_dose"": false, ""contains_specific_withdrawal"": false, ""regulated_bad_treatment"": false}}",False,False,,,True,False,False,D:\XF-ChongQin\ai-\knowledge\llm_wiki_swine_authoritative,1465,887,"猪大肠杆菌病
猪大肠杆菌病、colibacillosis、大肠杆菌、大肠杆菌性腹泻、E. coli
腹泻用药咨询
猪群腹泻后已用过常见抗菌药效果一般，用户询问是否继续用药以及是否需要送检。","{""HUMAN_REVI"": 1, ""HUMAN_REVIEWED"": 2, ""NEEDS_REVIEW"": 2}","[""SRC-0001"", ""SRC-0063"", ""SRC-0064""]",2221,29.68,ERNIE-4.5-Turbo-32K,88,28,18,24,18,False,True,"该回答在诊断准确性、病理逻辑、处方安全性和数据质量方面表现良好，整体符合测试数据有效性要求。诊断考虑了猪大肠杆菌病的典型症状，并提出了合理的鉴别诊断建议。处方方向安全，强调了药敏试验的重要性，并给出了具体的管理措施。数据质量方面，虽然场景标签和验证点较为全面，但风险标志的提及略显不足。
问题：病理逻辑中，对于全身症状的描述（如高热、呼吸急促、皮肤发绀）与猪大肠杆菌病的典型表现关联性不够强，可能引起混淆。；数据质量方面，风险标志的提及不够全面，未充分强调人兽共患风险（尽管猪大肠杆菌病通常不直接传染给人，但应提及一般生物安全措施）。；在处方安全性中，虽然提到了禁止盲目更换广谱抗生素，但未具体说明可能的风险（如耐药性加剧、药物残留等）。",hunyuan-turbos-20250926,85,90,80,85,85,False,False,该数据整体真实可信，用户描述的保育猪群腹泻、黄绿色带黏液粪便、精神差等症状与猪大肠杆菌病高度吻合。诊断思路合理，并提示了可能的菌血症或继发感染风险。处方方向正确，强调停用无效药物、依据药敏选药、补液支持及环境管理，并列出明确的采样送检流程。不足之处在于：1) 全身严重症状（高热、呼吸急促、皮肤发绀）与典型大肠杆菌病关联较弱，易误导；2) 未明确提及耐药性风险及药物残留危害；3) 虽提到禁止混养和违规用药，但对人兽共患病和生物安全的提醒不足。,True,ERNIE-4.5-Turbo-32K,partially,review,该回答在诊断准确性、病理逻辑、处方安全性和数据质量方面整体表现良好，诊断与猪大肠杆菌病高度吻合，处方方向安全且合理，强调了药敏试验的重要性并给出了具体的管理措施。但存在一些不足，包括病理逻辑中对全身症状的描述与猪大肠杆菌病典型特征不完全一致，可能造成误诊倾向；处方安全性部分未详细解释盲目使用广谱抗生素的具体风险（如耐药性和残留）；数据质量中缺少对人兽共患病风险的提示，以及更全面的生物安全措施。,86.0,28,18,24,18,review,19.22,22.62,,1,D:\XF-ChongQin\ai-\results\swine_weak_wiki_production\swine_disease_dataset_production_20260507_141653_dual_reviewed_reselected_20260507_150645.csv
39a8e1e1-3237-546e-9ef7-7a1669302b8a,452,猪痢疾,swine_hunyuan_turbos,hunyuan-turbos-20250926,成功,,猪,我家有200头80公斤左右的育肥猪，最近一周陆续有猪拉带血稀便，粪带黏液，有的还夹着气泡，精神稍差，采食量下降。之前按大肠杆菌用了恩诺沙星拌料三天，部分好转，但仍有新发病例。圈舍通风一般，湿度偏高，想问还能不能再继续用原来的药？,根据症状描述（血性稀便、黏液、气泡）、病程及用药反应，高度怀疑为猪痢疾，可能由强β溶血性Brachyspira属细菌（如B. hyodysenteriae、B. hampsonii或B. suanatina）引起。需结合剖检病变（结肠黏膜充血、出血、坏死）及实验室检测（粪便或肠黏膜强β溶血Brachyspira分离鉴定）确诊。,treatment_direction: 在确诊前不建议继续使用原有抗生素方案，应调整用药方向至针对强β溶血Brachyspira的药物类别（如特定四环素类、林可霉素类等），并配合改善饲养管理降低应激。；management_measures: 加强圈舍通风除湿，减少密度，保持饮水清洁，分栏饲养以减少交叉感染；及时清理粪便，防止污染饲料和水源。；sampling_and_testing: 采集典型病例的新鲜粪便或结肠内容物送实验室进行强β溶血Brachyspira培养与鉴定，必要时做PCR分型。；prohibited_boundaries: 在未排除重大疫病（如非洲猪瘟）前，禁止随意使用广谱抗生素掩盖病情；严禁将病死猪流入市场或饲喂其他动物。,具体停药期需依据所用药物说明书及检测结果确定，当前阶段应先停止不确定疗效的用药，待明确病原后再制定安全停药计划。,"{""disease_name"": ""猪痢疾"", ""severity"": ""中等偏重"", ""scene_tags"": [""育肥猪"", ""细菌性腹泻"", ""高湿环境"", ""抗生素治疗无效""], ""validation_points"": [""症状符合猪痢疾典型表现（血便、黏液、气泡）"", ""常规抗生素治疗效果不佳提示非单一敏感菌感染"", ""需要实验室检测强β溶血Brachyspira才能确诊""], ""risk_flags"": [""存在持续传播风险，需尽快隔离病猪并送检"", ""若误诊延误可能导致全群暴发"", ""环境高湿易促进病原体繁殖""], ""case_type"": ""育肥猪用药咨询"", ""target_disease"": ""猪痢疾"", ""local_flags"": {""species_ok"": true, ""target_disease_in_diagnosis"": true, ""target_disease_mismatch"": false, ""contains_specific_dose"": false, ""contains_specific_withdrawal"": false, ""regulated_bad_treatment"": false}}",False,False,,,True,False,False,D:\XF-ChongQin\ai-\knowledge\llm_wiki_swine_authoritative,1465,887,"猪痢疾
猪痢疾、swine dysentery brachyspira hyodysenteriae、swine dysentery、Brachyspira
育肥猪用药咨询
育肥猪出现典型症状，用户已经用过常见药物但效果一般，询问是否继续用药。","{""HUMAN_REVIEWED"": 2}","[""SRC-0001"", ""SRC-0077""]",2221,28.61,ERNIE-4.5-Turbo-32K,88,28,18,23,20,False,True,"该回答整体符合猪痢疾的诊断与处理逻辑，诊断准确性较高，症状与疾病匹配合理，用药方向安全，数据质量较好，无明显致命风险。
问题：diagnosis_accuracy: 诊断中未明确提及猪痢疾的典型剖检病变（结肠黏膜充血、出血、坏死），仅作为后续确诊建议，略显不足。；pathology_logic: 病理逻辑部分对强β溶血Brachyspira的致病性解释稍显简略，未充分说明其与症状的直接关联。；data_quality: 数据质量中，场景标签和验证点较为全面，但风险标志中未明确提及人兽共患风险（虽猪痢疾非人兽共患病，但应明确排除）。",hunyuan-turbos-20250926,85,8,8,9,8,True,False,回答整体结构完整，诊断思路清晰，症状与猪痢疾高度吻合，用药与管理措施方向正确且考虑了安全边界，无危险建议。不足之处在于剖检特征未在诊断环节直接体现，病理机制解释较简略，且未明确排除人兽共患病风险。,True,ERNIE-4.5-Turbo-32K,partially,review,回答整体结构完整，诊断思路清晰，症状与猪痢疾高度吻合，用药与管理措施方向正确且考虑了安全边界，无危险建议。但诊断部分未直接列出猪痢疾典型的剖检病变特征，仅在确诊建议中提及，影响诊断完整性；病理机制解释不够详细，未充分阐明强β溶血Brachyspira与临床症状之间的因果关系；且未明确声明猪痢疾非人兽共患病，以排除潜在公共卫生疑虑。,86.0,28,18,23,20,review,18.3,26.52,,1,D:\XF-ChongQin\ai-\results\swine_weak_wiki_production\swine_disease_dataset_production_20260507_141653_dual_reviewed_reselected_20260507_150645.csv
81e2e098-cd67-56c3-937b-63b2d5cd0d56,454,猪球虫病,swine_hunyuan_turbos,hunyuan-turbos-20250926,成功,,猪,我家有200头保育猪，现在35日龄左右，最近一周陆续出现拉稀，粪便黄绿色带黏液，有的还带血丝，之前按大肠杆菌用了恩诺沙星和硫酸新霉素拌料三天，效果不明显，还有零星死亡。圈舍地面潮湿，温度在20℃左右。想问下是不是该换别的药？要不要送样检查？,根据日龄、腹泻特征及抗菌治疗效果不佳，考虑仔猪球虫病可能，但需与大肠杆菌性腹泻、轮状病毒、传染性胃肠炎、产气荚膜梭菌C型及Strongyloides ransomi等鉴别。建议结合剖检观察小肠黏膜出血、坏死等病变，并采集粪便进行球虫卵囊镜检，同时送检病原PCR排查其他常见腹泻病原。,管理上立即改善圈舍干燥通风，减少湿度，防止冷应激；饲料中添加抗球虫药物防控，配合电解质补液防脱水；将病死猪送检做病理和病原检测，明确是否为球虫或其他病原混合感染；禁止在未确诊前随意更换广谱抗生素，以免掩盖病情延误诊断。,若使用抗球虫药物，应遵守产品说明的停药期规定，并在出栏前确保符合当地兽药残留标准。,"{""disease_name"": ""猪球虫病"", ""severity"": ""中等至严重（视继发感染和死亡率而定）"", ""scene_tags"": [""保育猪"", ""腹泻"", ""抗菌药无效"", ""潮湿环境""], ""validation_points"": [""日龄符合球虫易感期"", ""腹泻性状提示小肠损伤"", ""抗菌治疗无效支持非细菌性病原"", ""需结合剖检和病原检测确诊""], ""risk_flags"": [""需排除病毒性腹泻和人畜共患病"", ""需规范送检流程""], ""case_type"": ""腹泻用药咨询"", ""target_disease"": ""猪球虫病"", ""local_flags"": {""species_ok"": true, ""target_disease_in_diagnosis"": true, ""target_disease_mismatch"": false, ""contains_specific_dose"": false, ""contains_specific_withdrawal"": false, ""regulated_bad_treatment"": false}}",False,False,,,True,False,False,D:\XF-ChongQin\ai-\knowledge\llm_wiki_swine_authoritative,1465,887,"猪球虫病
猪球虫病、coccidia and other protozoa、球虫、球虫感染、coccidiosis、coccidia
腹泻用药咨询
猪群腹泻后已用过常见抗菌药效果一般，用户询问是否继续用药以及是否需要送检。","{""HUMAN_REVIEWED"": 2, ""NEEDS_REVIEW"": 2}","[""SRC-0001"", ""SRC-0081""]",2220,31.03,ERNIE-4.5-Turbo-32K,88,28,18,23,20,False,True,"整体回答质量较高，诊断思路清晰，鉴别诊断全面，管理建议和用药方向合理，符合猪球虫病的诊断逻辑和安全用药原则。
问题：诊断准确性方面，虽然鉴别诊断全面，但未明确提及球虫病的典型病理特征（如小肠绒毛萎缩、肠壁变薄等），略显不足。；病理逻辑方面，未详细说明如何通过剖检和病原检测区分球虫病与其他腹泻病原，逻辑稍显笼统。；数据质量方面，未提供具体的抗球虫药物名称和剂量，缺乏可操作性。；未明确提及人兽共患病风险（如球虫病是否为人兽共患病，虽实际风险低，但应提及以显全面性）。",hunyuan-turbos-20250926,85,90,80,90,75,False,False,回答对猪球虫病的诊断思路较完整，考虑了多种鉴别诊断，并提出了合理的实验室检测和剖检建议，管理建议和用药方向基本正确且安全，未给出具体药物剂量，避免了违规风险。不足之处在于缺少对球虫病典型病理特征的明确描述，以及未强调人兽共患病风险的说明，部分操作细节不够具体。,True,ERNIE-4.5-Turbo-32K,True,review,回答对猪球虫病的诊断思路较完整，考虑了多种鉴别诊断，并提出了合理的实验室检测和剖检建议，管理建议和用药方向基本正确且安全。不足之处在于缺少对球虫病典型病理特征的明确描述，未详细说明如何通过剖检和病原检测区分球虫病与其他腹泻病因，未提及人兽共患病风险，且未提供抗球虫药物名称与用法，导致可操作性不足，但整体方向安全且疾病匹配，故判为review。,86.0,28,18,23,20,review,22.99,23.23,,1,D:\XF-ChongQin\ai-\results\swine_weak_wiki_production\swine_disease_dataset_production_20260507_141653_dual_reviewed_reselected_20260507_150645.csv
61577258-6262-5198-9f0e-365a4949e16f,467,猪丝状病毒相关感染,swine_hunyuan_turbos,hunyuan-turbos-20250926,成功,,猪,我家有200多头育肥猪，平均体重在80公斤左右，最近一周陆续出现精神沉郁、食欲下降、体温升高到40℃以上，个别猪呼吸急促，粪便稀软带血，还有几头突然死亡。圈舍通风一般，湿度偏高，之前用过阿莫西林拌料三天效果不明显。我想知道这种情况是不是传染病？该采哪些样送检测？怎么防止误诊耽误病情？,高度怀疑为病毒性传染病，结合高热、急性死亡及出血性腹泻表现，需考虑猪丝状病毒相关感染的可能性，同时应排除其他烈性病毒性疾病如非洲猪瘟等。目前缺乏特异性病理特征资料，必须通过实验室检测确诊。,立即对发病猪与健康猪进行物理隔离，停止人员、车辆、工具交叉使用；采集病死猪的脾脏、淋巴结、血液及粪便样本，按生物安全要求送至具备资质的实验室进行PCR检测；严禁私自使用抗生素或抗病毒药物掩盖症状；加强圈舍消毒，保持干燥通风；记录所有病例信息并上报当地畜牧兽医部门，等待检测结果决定后续处置方案。,因尚未确诊且涉及潜在重大疫病，暂停任何出栏销售计划，直至检测结果明确并由主管部门指导解除封锁。,"{""disease_name"": ""猪丝状病毒相关感染"", ""severity"": ""高"", ""scene_tags"": [""育肥猪"", ""高热"", ""急性死亡"", ""出血性腹泻"", ""疑似烈性病毒病""], ""validation_points"": [""符合发热、急性死亡、出血性腹泻等高危临床表现"", ""抗生素治疗无效提示非细菌性为主病因"", ""需要实验室检测才能确诊""], ""risk_flags"": [""重大动物疫病风险"", ""需立即隔离与采样送检"", ""禁止擅自用药延误防控""], ""case_type"": ""采样送检咨询"", ""target_disease"": ""猪丝状病毒相关感染"", ""local_flags"": {""species_ok"": true, ""target_disease_in_diagnosis"": true, ""target_disease_mismatch"": false, ""contains_specific_dose"": false, ""contains_specific_withdrawal"": false, ""regulated_bad_treatment"": false}}",False,False,,,True,False,False,D:\XF-ChongQin\ai-\knowledge\llm_wiki_swine_authoritative,1465,887,"猪丝状病毒相关感染
猪丝状病毒相关感染、filoviruses reston ebolavirus zaire ebolavirus
采样送检咨询
用户描述症状后，重点询问采什么样品、如何判断和如何避免误治。","{""NEEDS_REVIEW"": 5}","[""SRC-0001""]",2058,26.36,ERNIE-4.5-Turbo-32K,88,28,18,23,20,False,True,"整体回答符合猪丝状病毒相关感染的场景，诊断逻辑合理，处理方向安全，数据质量较高，无明显致命风险。
问题：诊断准确性方面，虽然考虑了猪丝状病毒相关感染，但未完全排除其他类似症状的疾病，如非洲猪瘟，诊断依据稍显不足。；病理逻辑方面，对症状与疾病之间的关联性解释不够深入，缺乏对疾病传播途径和易感猪群的详细分析。；数据质量方面，虽然提供了详细的场景描述和诊断依据，但对猪只的具体管理情况（如疫苗接种史、近期引种情况等）缺乏了解，可能影响诊断的全面性。",hunyuan-turbos-20250926,85,7,8,9,8,True,False,回答针对用户描述的育肥猪群突发高热、急性死亡、出血性腹泻等症状，提出了高度怀疑病毒性传染病并考虑猪丝状病毒相关感染及排除非洲猪瘟等烈性疫病的思路，处理措施包括隔离、采样送检、禁止随意用药、加强消毒、上报主管部门等，符合重大疫病防控的安全边界，无危险建议。但诊断部分未充分展开症状与病原关联机制，也未提示可能的鉴别诊断细节，数据收集维度略单一。,True,ERNIE-4.5-Turbo-32K,True,review,整体回答符合猪丝状病毒相关感染的场景，诊断逻辑合理，处理方向安全，无致命风险。但诊断部分未充分展开症状与病原关联机制，未提及非洲猪瘟等其他烈性传染病的鉴别要点与排查顺序，数据收集维度略单一，需补充症状与猪丝状病毒感染典型病理特征的对应关系说明，列出主要鉴别诊断清单及各自关键区分点，增加关于猪群免疫史、引种来源、周边疫情等信息采集建议，以提高诊断全面性。,86.0,28,18,23,20,review,18.01,20.95,,1,D:\XF-ChongQin\ai-\results\swine_weak_wiki_production\swine_disease_dataset_production_20260507_141653_dual_reviewed_reselected_20260507_150645.csv
97e5846f-20d2-58b4-b811-2ea3fdd1dbd7,473,猪恶性卡他热相关感染,swine_hunyuan_turbos,hunyuan-turbos-20250926,成功,,猪,我家有120头育肥猪，平均体重80公斤左右，最近一周陆续出现高热、眼鼻分泌物增多、精神沉郁、部分猪流涎、口腔粘膜发红溃烂的情况，个别猪还伴有腹泻。之前没用过特别的药物，圈舍通风一般，温度偏高。听说可能是恶性卡他热？我想知道该采哪些样送检测，怎么判断是不是这个病，还有会不会被误诊成别的病耽误治疗？,根据描述的急性发热、眼鼻分泌物增加、口腔溃疡及消化道症状，结合可能的羊群接触史，应高度怀疑猪恶性卡他热相关感染（由绵羊疱疹病毒2型等γ疱疹病毒引起）。该病为偶发性系统性病毒感染，需通过实验室检测确诊。,立即隔离可疑病例，减少人员、车辆、器具交叉使用；采集全血、扁桃体拭子、肺组织等样本送具备资质的实验室进行PCR检测及病毒分离；加强圈舍通风降温，提供清洁饮水；禁止随意使用抗生素或抗病毒药物掩盖病情；若确诊为恶性卡他热，应按重大动物疫病防控要求进行报告和处置，不得擅自销售或转移。,因属病毒性传染病且可能涉及重大动物疫病管理，无常规休药期概念，需按官方处置方案执行，期间不得屠宰上市。,"{""disease_name"": ""猪恶性卡他热相关感染"", ""severity"": ""高"", ""scene_tags"": [""育肥猪"", ""高热"", ""眼鼻分泌物"", ""口腔溃疡"", ""可能羊接触史""], ""validation_points"": [""症状符合恶性卡他热特征性表现"", ""需结合羊群接触史提高怀疑度"", ""确诊依赖实验室检测""], ""risk_flags"": [""重大动物疫病风险"", ""需及时采样送检并隔离"", ""严禁擅自治疗或移动""], ""case_type"": ""采样送检咨询"", ""target_disease"": ""猪恶性卡他热相关感染"", ""local_flags"": {""species_ok"": true, ""target_disease_in_diagnosis"": true, ""target_disease_mismatch"": false, ""contains_specific_dose"": false, ""contains_specific_withdrawal"": false, ""regulated_bad_treatment"": false}}",False,False,,,True,False,False,D:\XF-ChongQin\ai-\knowledge\llm_wiki_swine_authoritative,1465,887,"猪恶性卡他热相关感染
猪恶性卡他热相关感染、malignant catarrhal fever ovine herpesvirus 2
采样送检咨询
用户描述症状后，重点询问采什么样品、如何判断和如何避免误治。","{""HUMAN_REVIEWED"": 1, ""NEEDS_REVIEW"": 4}","[""SRC-0001"", ""SRC-0041""]",2173,26.95,ERNIE-4.5-Turbo-32K,88,28,18,23,20,False,True,"该回答整体表现良好，诊断准确性较高，症状与疾病匹配合理，诊断逻辑清晰，处理方向安全且与疾病相互印证。数据质量方面，症状描述和疾病信息较为完整，但部分细节可进一步优化。
问题：诊断准确性方面，虽然症状描述与猪恶性卡他热相关感染较为匹配，但未明确提及羊群接触史这一关键诊断依据，仅在建议中提及，可能影响诊断的全面性。；病理逻辑方面，对疾病的传播途径和易感动物等背景信息介绍不足，可能影响对疾病防控的全面理解。；处方安全方面，整体处理方向正确，但未明确提及对患病猪的护理措施，如营养支持等，可能影响治疗效果。；数据质量方面，症状描述和疾病信息较为完整，但缺乏对患病猪数量、发病比例等具体数据的描述，可能影响对疫情严重程度的判断。",hunyuan-turbos-20250926,85,8,8,9,7,False,False,回答在症状与疾病匹配度、诊断思路和处理方向上有较好一致性，未给出危险用药建议，并强调了重大疫病的安全边界。但在诊断依据上缺少明确的羊群接触史说明，病理背景解释不足，数据细节不够充分，护理措施缺失。,True,ERNIE-4.5-Turbo-32K,True,review,回答在症状与疾病匹配度、诊断思路和处理方向上表现较好，未给出危险用药建议，并强调了重大疫病的安全边界。但存在一些不足，如未将羊群接触史作为核心诊断依据明确提出，病理背景解释不足，数据细节不够充分，且未提及患病猪的具体护理与支持措施，这些不足可能影响诊断的完整性和治疗效果，但整体仍具有参考价值。,86.0,28,18,23,20,review,19.21,22.06,,1,D:\XF-ChongQin\ai-\results\swine_weak_wiki_production\swine_disease_dataset_production_20260507_141653_dual_reviewed_reselected_20260507_150645.csv
df87858a-25ec-56f6-a119-6f2f672678f5,484,猪甲病毒相关感染,swine_hunyuan_turbos,hunyuan-turbos-20250926,成功,,猪,我家有200多头60日龄左右的育肥猪，分两栋圈养，最近一栋里陆续出现精神沉郁、体温升高、食欲下降的情况，已经持续三四天了，另一栋暂时没发现明显异常。之前用过阿莫西林饮水控制过呼吸道问题，这次想先按普通细菌感染治一治看看能不能稳住，不行再考虑别的办法。请问这样行吗？,根据描述，短时间内多只猪出现发热、精神差、食欲减退，且为同一批次饲养的育肥猪，需高度警惕病毒性传染病的可能，包括猪甲病毒相关感染在内的多种病毒病。该病目前在中国尚无明确监管处置指引，但属于潜在病毒病范畴，不宜直接按普通细菌病处理。,立即隔离可疑病例，暂停转群及混群操作；对全群进行临床观察和体温监测；采集血液、鼻拭子或组织样本送实验室检测，以明确病原；在未确诊前避免使用广谱抗生素作为唯一干预措施，以防掩盖病情延误诊断；加强圈舍通风、减少应激，保证清洁饮水与饲料质量；若检测结果提示重大动物疫病，应严格按当地畜牧兽医部门要求进行封锁、扑杀、无害化处理等防控措施。,因未使用特定药物，无具体休药期要求；但若后续使用兽药，须遵守相应说明书及国家休药期规定。,"{""disease_name"": ""猪甲病毒相关感染"", ""severity"": ""中等至严重（视病原而定）"", ""scene_tags"": [""育肥猪"", ""同栏多发"", ""短期集中发病""], ""validation_points"": [""症状符合病毒感染特征（发热、精神沉郁、食欲减退）"", ""群体性发生提示传染性病因可能"", ""病史中有近期用药史但未覆盖病毒病原""], ""risk_flags"": [""存在潜在病毒病风险，需排除重大动物疫病"", ""不应仅按普通细菌感染处理"", ""需及时采样送检并配合主管部门防控""], ""case_type"": ""暴发与处置边界"", ""target_disease"": ""猪甲病毒相关感染"", ""local_flags"": {""species_ok"": true, ""target_disease_in_diagnosis"": true, ""target_disease_mismatch"": false, ""contains_specific_dose"": false, ""contains_specific_withdrawal"": false, ""regulated_bad_treatment"": false}}",False,False,,,True,False,False,D:\XF-ChongQin\ai-\knowledge\llm_wiki_swine_authoritative,1465,887,"猪甲病毒相关感染
猪甲病毒相关感染、togaviruses getah sagiyama ross river eee
暴发与处置边界
同栏或多栋猪舍短期内发病增多，用户询问是否能先按普通病治疗观察。","{""NEEDS_REVIEW"": 5}","[""SRC-0001""]",2057,29.46,ERNIE-4.5-Turbo-32K,88,28,18,24,18,False,True,"该回答整体表现良好，诊断准确性较高，能够识别出病毒性传染病的可能性，并建议进行实验室检测以明确病原。病理逻辑合理，考虑到了群体性发病和传染性病因的可能性。处方安全，避免了直接使用广谱抗生素，并提出了加强管理和观察的建议。数据质量方面，虽然基本完整，但在症状描述与疾病关联的详细性上略有不足。
问题：病理逻辑方面，虽然指出了病毒性传染病的可能性，但未详细阐述猪甲病毒相关感染的具体症状与描述症状的关联性。；数据质量方面，症状描述与疾病的直接关联性阐述不够详细，缺乏对猪甲病毒相关感染典型症状的深入分析。",hunyuan-turbos-20250926,85,90,80,95,75,False,False,回答准确识别了病毒性传染病的可能性，避免盲目使用抗生素，并强调实验室检测和防控流程，符合安全规范。但对猪甲病毒相关感染的典型症状与用户描述的关联分析不足，缺乏更具体的病理机制解释。,True,ERNIE-4.5-Turbo-32K,partially,review,回答整体表现良好，诊断准确性较高，能够识别出病毒性传染病的可能性，并建议进行实验室检测以明确病原，处方安全，避免了直接使用广谱抗生素，并提出了加强管理和观察的建议。但未详细阐述猪甲病毒相关感染的典型症状及其与当前临床表现的对应关系，缺少对该病毒传播特点、潜伏期、流行规律的描述，导致病理逻辑链条不够完整。,86.0,28,18,24,18,review,18.57,27.09,,1,D:\XF-ChongQin\ai-\results\swine_weak_wiki_production\swine_disease_dataset_production_20260507_141653_dual_reviewed_reselected_20260507_150645.csv
d1b06fbe-6114-52fe-ba06-5404f2e82abd,490,猪钩端螺旋体病,swine_hunyuan_turbos,hunyuan-turbos-20250926,成功,,猪,我场有60头母猪和10头公猪，最近两个月陆续发现几头怀孕母猪流产、死胎增多，还有个别公猪精液质量下降。之前没做过专门检测，想问这种情况是不是要马上停配种？如果要送样检查，应该取什么样本比较合适？另外现在还能不能从外面引进后备猪？,根据描述，怀孕母猪流产、死胎增加及公猪精液质量下降，结合繁殖障碍表现，应高度怀疑猪钩端螺旋体病等细菌性繁殖障碍疾病的可能。该病在部分猪群呈隐性流行，幼龄猪和妊娠母猪更易出现临床问题。,treatment_direction: 立即暂停场内配种操作，防止病原通过精液或交配过程扩散；对可疑个体进行隔离观察，并采集血液、尿液、流产胎儿组织及胎盘等进行实验室检测。；management_measures: 加强人员防护，接触流产物或公猪精液时佩戴手套口罩，避免直接接触体液；对全场进行消毒，重点处理产房、配种舍及运输工具；暂停从外部引入后备猪，直至检测结果明确。；sampling_and_testing: 建议采集流产胎儿的肝、肾、肺组织，以及母体的血清和尿液，必要时采集公猪精液；送往具备资质的兽医实验室进行PCR或血清学检测，以确认是否感染钩端螺旋体或其他病原体。；prohibited_boundaries: 在未获得确诊前，不得进行场内配种、外购引种或出售种猪；严禁将流产物随意丢弃或喂饲其他动物，以防病原扩散。,因未使用特定药物治疗，暂无休药期要求；但在检测结果阴性且经兽医评估后方可恢复配种和引种。,"{""disease_name"": ""猪钩端螺旋体病"", ""severity"": ""中等至严重（可导致繁殖损失）"", ""scene_tags"": [""繁殖障碍"", ""流产"", ""精液质量下降"", ""疑似人兽共患风险""], ""validation_points"": [""符合钩端螺旋体病在繁殖猪群中的临床表现特征"", ""建议的采样类型与常规实验室检测方法一致"", ""管理措施涵盖生物安全、人员防护和检疫隔离""], ""risk_flags"": [""职业性人兽共患风险"", ""可能伴随其他繁殖障碍病原"", ""需排除重大动物疫病""], ""case_type"": ""繁殖障碍送检"", ""target_disease"": ""猪钩端螺旋体病"", ""local_flags"": {""species_ok"": true, ""target_disease_in_diagnosis"": true, ""target_disease_mismatch"": false, ""contains_specific_dose"": false, ""contains_specific_withdrawal"": false, ""regulated_bad_treatment"": false}}",False,False,,,True,False,False,D:\XF-ChongQin\ai-\knowledge\llm_wiki_swine_authoritative,1465,887,"猪钩端螺旋体病
猪钩端螺旋体病、leptospirosis
繁殖障碍送检
繁殖异常持续出现，用户询问该采哪些样品、是否需要暂停配种和引种。","{""HUMAN_REVIEWED"": 3, ""NEEDS_REVIEW"": 2}","[""SRC-0001"", ""SRC-0067"", ""SRC-0068""]",2161,27.47,ERNIE-4.5-Turbo-32K,88,28,18,24,18,False,True,"整体回答质量较高，诊断方向合理，管理措施和采样建议符合疾病特征，生物安全措施到位，无明显错误或风险。
问题：diagnosis_accuracy: 诊断部分未明确排除其他类似繁殖障碍疾病（如布鲁氏菌病、伪狂犬病等），仅高度怀疑钩端螺旋体病，略显不足。；pathology_logic: 病理逻辑部分对钩端螺旋体病导致繁殖障碍的具体机制（如胎盘感染、胎儿死亡等）未详细说明，逻辑链条稍显薄弱。；data_quality: 数据质量部分，场景标签和验证点覆盖较全面，但风险标志中‘需排除重大动物疫病’未具体说明需排除哪些疫病，略显笼统。",hunyuan-turbos-20250926,85,80,78,90,85,False,False,该回答针对用户描述的繁殖障碍症状提出了合理的怀疑方向，并结合生物安全和采样检测给出了可操作的防控建议，未发现明显错误或有害建议。诊断部分虽指向钩端螺旋体病，但未充分排除其他重大或人畜共患的繁殖障碍性疾病，病理机制解释不够深入，存在一定改进空间。,True,ERNIE-4.5-Turbo-32K,True,review,诊断方向合理，但未充分排除其他重大或人畜共患繁殖障碍疾病（如布鲁氏菌病、伪狂犬病等），病理机制解释不够深入，风险提示不够具体，存在一定改进空间。,86.0,28,18,24,18,review,18.43,21.29,,1,D:\XF-ChongQin\ai-\results\swine_weak_wiki_production\swine_disease_dataset_production_20260507_141653_dual_reviewed_reselected_20260507_150645.csv
553bded7-0f82-5eba-82e3-e5fe973013d5,492,猪增生性肠炎,swine_hunyuan_turbos,hunyuan-turbos-20250926,成功,,猪,我家有200头120公斤左右的育肥猪，快到出栏时间了，最近一周陆续有几头开始拉稀，粪便偏稀带点黏液，精神食欲还行，体温正常，圈舍通风一般，之前没用过针对Lawsonia的药。这种情况还能继续养着卖吗？要不要隔离？会不会是增生性肠炎？,根据描述，该育肥猪群在临近出栏时出现轻度腹泻伴黏液便，结合年龄、饲养环境和病程特点，需重点考虑猪增生性肠炎（Proliferative Enteropathy），由Lawsonia intracellularis感染所致。该病可引起肠上皮细胞异常增殖，导致吸收障碍和腹泻，部分病例临床表现较轻。建议通过粪便或肠组织PCR检测确诊。,若确诊为猪增生性肠炎，应实施以下措施：1. 将明显腹泻个体与健康猪分栏隔离，减少接触传播；2. 加强圈舍清洁与干燥管理，降低湿度；3. 可依据检测结果选择经批准的抗菌药物进行对症治疗，并配合改善饲料消化率的措施；4. 对同批次其他猪只进行健康观察，必要时采样送检；5. 禁止未经检疫的生猪外调，防止疫情扩散。,因涉及药物使用及食品安全，须严格遵守国家兽药残留管理规定，确保停药期后方可屠宰上市。具体停药期按所用药物说明书执行。,"{""disease_name"": ""猪增生性肠炎"", ""severity"": ""中等"", ""scene_tags"": [""育肥猪"", ""临近出栏"", ""腹泻"", ""黏液便""], ""validation_points"": [""符合Lawsonia intracellularis感染的流行病学条件"", ""症状与增生性肠炎轻型相符"", ""需实验室检测确诊""], ""risk_flags"": [""临近出栏阶段，需关注食品安全与停药期"", ""可能具有传染性，需隔离与监测"", ""非人兽共患病，但属三类动物疫病，需按地方规定处置""], ""case_type"": ""腹泻出栏边界"", ""target_disease"": ""猪增生性肠炎"", ""local_flags"": {""species_ok"": true, ""target_disease_in_diagnosis"": true, ""target_disease_mismatch"": false, ""contains_specific_dose"": false, ""contains_specific_withdrawal"": false, ""regulated_bad_treatment"": false}}",False,False,,,True,False,False,D:\XF-ChongQin\ai-\knowledge\llm_wiki_swine_authoritative,1465,887,"猪增生性肠炎
猪增生性肠炎、proliferative enteropathy lawsonia intracellularis
腹泻出栏边界
临近出栏猪群出现腹泻，用户关心处理方向、隔离和用药后能否销售。","{""HUMAN_REVIEWED"": 2, ""NEEDS_REVIEW"": 2}","[""A0-MOA-573"", ""SRC-0001"", ""SRC-0071"", ""SRC-0072""]",2221,25.02,ERNIE-4.5-Turbo-32K,88,28,18,23,20,False,True,"该回答整体表现良好，诊断准确性较高，症状与疾病匹配合理，处理方向安全且与疾病相互印证。病理逻辑基本清晰，但可进一步细化。处方安全，考虑了食品安全和停药期。数据质量较高，信息完整且无明显错误。
问题：病理逻辑部分对Lawsonia intracellularis感染的病理机制描述不够详细，可进一步补充。；数据质量中，虽然信息完整，但缺乏对诊断依据的详细解释，如为何排除其他类似疾病。；诊断准确性方面，虽然症状与疾病匹配，但未提及鉴别诊断，如与猪痢疾、猪传染性胃肠炎等疾病的区分。",hunyuan-turbos-20250926,85,90,80,85,85,False,False,回答整体准确，症状与猪增生性肠炎高度吻合，处理方案符合防控原则，未给出危险用药建议，并强调了食品安全与停药期的重要性。不足之处在于病理机制描述较简略，缺乏鉴别诊断分析，以及未明确说明为何排除其他相似疾病。,True,ERNIE-4.5-Turbo-32K,True,review,回答整体准确，症状与猪增生性肠炎高度吻合，处理方案符合防控原则，未给出危险用药建议，并强调了食品安全与停药期的重要性。但病理机制描述较简略，缺乏鉴别诊断分析，以及未明确说明为何排除其他相似疾病。,86.0,28,18,23,20,review,16.6,23.76,,1,D:\XF-ChongQin\ai-\results\swine_weak_wiki_production\swine_disease_dataset_production_20260507_141653_dual_reviewed_reselected_20260507_150645.csv
279611d6-25d0-5891-9e80-6e171c4ab13e,493,猪葡萄球菌病,swine_hunyuan_turbos,hunyuan-turbos-20250926,成功,,猪,我家有120头保育猪，平均体重25公斤左右，最近三天陆续出现皮肤发红、局部结痂、掉毛的情况，部分猪精神沉郁、采食量明显下降，圈舍湿度偏高、通风一般，之前用过阿莫西林饮水，效果不明显，想问下这是啥病，该怎么处理？,根据描述，保育猪群体出现皮肤红斑、结痂、脱毛及采食下降，结合高湿环境，高度怀疑为猪葡萄球菌病（渗出性表皮炎）。该病由金黄色葡萄球菌属（主要为Staphylococcus hyicus）引起，常在潮湿、外伤、应激条件下发生，表现为表皮渗出性病变，严重时影响食欲和健康。,"1. 立即改善饲养环境，降低圈舍湿度，加强通风，保持干燥清洁，减少皮肤损伤机会。
2. 对病猪进行隔离管理，防止接触传播。
3. 清洗消毒患处，去除痂皮，必要时使用温和消毒剂（如碘伏类），避免刺激性过强。
4. 针对细菌感染，可在兽医指导下选用敏感抗生素进行治疗，同时配合营养支持促进恢复。
5. 采集病变组织、分泌物等样品送实验室进行病原鉴定和药敏试验，指导后续用药。
6. 严禁随意使用未经许可的药物，避免使用可能掩盖病情或延误诊断的广谱抗生素。",因涉及具体药物选择需依据检测结果确定，建议严格遵循兽医开具的处方及停药期规定，确保食品安全。,"{""disease_name"": ""猪葡萄球菌病"", ""severity"": ""中等至严重（视感染范围与个体体质而定）"", ""scene_tags"": [""保育猪"", ""群体发病"", ""皮肤病变"", ""采食下降"", ""高湿环境""], ""validation_points"": [""症状符合渗出性表皮炎特征（红斑、结痂、脱毛）"", ""环境因素（高湿、通风差）利于葡萄球菌繁殖"", ""抗生素治疗无效提示可能存在耐药或病原判断偏差""], ""risk_flags"": [""存在群体传播风险，需及时隔离与环境控制"", ""若病原为多重耐药菌，需谨慎选药并监测疗效"", ""不排除混合感染可能，应结合其他病原检测""], ""case_type"": ""保育猪群体发病"", ""target_disease"": ""猪葡萄球菌病"", ""local_flags"": {""species_ok"": true, ""target_disease_in_diagnosis"": true, ""target_disease_mismatch"": false, ""contains_specific_dose"": false, ""contains_specific_withdrawal"": false, ""regulated_bad_treatment"": false}}",False,False,,,True,False,False,D:\XF-ChongQin\ai-\knowledge\llm_wiki_swine_authoritative,1465,887,"猪葡萄球菌病
猪葡萄球菌病、staphylococcosis exudative epidermitis
保育猪群体发病
群体发病、采食下降、粪便或呼吸道异常，用户想知道主要病因和下一步处理。","{""HUMAN_REVIEWED"": 3, ""NEEDS_REVIEW"": 2}","[""SRC-0001"", ""SRC-0006"", ""SRC-0026"", ""SRC-0036"", ""SRC-0074""]",2105,29.15,ERNIE-4.5-Turbo-32K,88,28,18,23,20,False,True,"该回答整体表现良好，诊断准确性较高，症状与疾病匹配合理，诊断逻辑清晰，处理方向安全且与疾病相互印证。数据质量方面，场景描述详细，但部分验证点可进一步细化。
问题：诊断准确性方面，虽然主要症状与猪葡萄球菌病匹配，但未完全排除混合感染的可能性，诊断略显单一。；病理逻辑方面，对环境因素与疾病发生的关联性分析可更深入，如具体说明高湿如何促进葡萄球菌繁殖。；处方安全方面，未明确提及具体抗生素选择及剂量，仅建议根据药敏试验结果，略显笼统。；数据质量方面，风险标志中提到多重耐药菌和混合感染，但未在诊断或处方中充分体现应对措施。",hunyuan-turbos-20250926,85,90,85,80,85,False,False,该案例场景真实，用户提供了详细的养殖背景、临床症状和环境条件，有助于判断。诊断准确，将皮肤红斑、结痂、脱毛等症状与猪葡萄球菌病对应合理，并考虑了环境诱因。处方措施总体安全，强调环境改善、隔离、消毒、送检和兽医指导，避免了直接给出具体药物与剂量，符合安全要求。不足之处在于诊断未充分讨论可能的混合感染或多重耐药情况，病理机制解释稍浅，且处方中对高风险因素（如混合感染）缺乏针对性应对建议。,True,ERNIE-4.5-Turbo-32K,True,review,该回答整体表现良好，诊断准确性较高，症状与疾病匹配合理，诊断逻辑清晰，处理方向安全且与疾病相互印证。但存在一些不足，如诊断未充分考虑混合感染或多重耐药菌的可能性，病理机制分析中环境与病原关系的阐述不够深入，处方缺少针对潜在复杂感染的应对策略。,86.0,28,18,23,20,review,20.61,23.09,,1,D:\XF-ChongQin\ai-\results\swine_weak_wiki_production\swine_disease_dataset_production_20260507_141653_dual_reviewed_reselected_20260507_150645.csv
e5ab9ab5-0466-5f14-a3c9-3d6b3f9b0bd7,499,猪蛔虫病,swine_hunyuan_turbos,hunyuan-turbos-20250926,成功,,猪,我家是60头左右自繁自养的育肥猪，现在平均体重在25公斤左右，最近发现部分猪精神差、拉稀、毛色发暗、长得慢，有的还抓挠皮肤。之前用过一次伊维菌素拌料驱虫，但效果不明显，粪便里偶尔能看到白色长条状的东西。请问这是蛔虫吗？该怎么处理？,根据描述，结合粪便可见白色长条物及生长缓慢、腹泻、消瘦等症状，高度怀疑为猪蛔虫病（Ascaris suum）。该病由大型线虫引起，幼虫可在体内移行造成肝肺损伤，成虫寄生于小肠导致营养不良。需通过粪检找虫卵或剖检见成虫确诊。,treatment_direction: 使用广谱驱虫药进行群体驱虫，优先选择对蛔虫有效的药物（如阿苯达唑类、芬苯达唑类），注意轮换不同作用机制的药物以减少耐药风险。；management_measures: 全群同步驱虫，驱虫后及时清理圈舍粪便并深埋或无害化处理，防止虫卵污染环境；加强饲养管理，保证饲料营养均衡，减少应激。；sampling_and_testing: 采集新鲜粪便送实验室做饱和盐水漂浮法检查虫卵，必要时剖检病死猪观察肠道成虫数量及肝脏病变（milk spots）。；prohibited_boundaries: 严禁将疑似感染猪与健康猪混群饲养；禁止使用未经批准的驱虫药；若检出大量虫体且伴随高死亡率，应联系当地动物防疫部门评估是否涉及重大疫情。,按所用驱虫药标签说明执行停药期，确保上市前药物残留符合食品安全标准。,"{""disease_name"": ""猪蛔虫病"", ""severity"": ""中等至严重（取决于感染强度与继发感染情况）"", ""scene_tags"": [""育肥猪"", ""群体感染"", ""腹泻"", ""消瘦"", ""皮肤瘙痒""], ""validation_points"": [""粪便可见白色长条物提示成虫排出"", ""生长缓慢与营养不良相符"", ""曾用驱虫药效果不佳提示可能耐药或用药不当""], ""risk_flags"": [""可能存在耐药风险"", ""环境污染可导致重复感染""], ""case_type"": ""寄生虫群体发病"", ""target_disease"": ""猪蛔虫病"", ""local_flags"": {""species_ok"": true, ""target_disease_in_diagnosis"": true, ""target_disease_mismatch"": false, ""contains_specific_dose"": false, ""contains_specific_withdrawal"": false, ""regulated_bad_treatment"": false}}",False,False,,,True,False,False,D:\XF-ChongQin\ai-\knowledge\llm_wiki_swine_authoritative,1465,887,"猪蛔虫病
猪蛔虫病、ascaris suum internal parasites
寄生虫群体发病
猪群出现腹泻、消瘦、皮肤瘙痒或生长慢，用户怀疑寄生虫。","{""HUMAN_REVIEWED"": 2, ""NEEDS_REVIEW"": 2}","[""SRC-0001"", ""SRC-0082""]",2221,32.67,ERNIE-4.5-Turbo-32K,88,28,18,23,20,False,True,"该回答对猪蛔虫病的诊断、处理方向及管理措施总体合理，诊断依据充分，处理方向安全，但存在部分细节可优化，如病理逻辑的深入性及数据质量的完整性。
问题：diagnosis_accuracy: 诊断准确度较高，但未明确提及粪检或剖检作为确诊依据，仅作为建议，略显不足。；pathology_logic: 病理逻辑部分对蛔虫病幼虫移行造成的肝肺损伤描述较简略，未充分展开其与临床症状的关联。；prescription_safety: 处方安全合理，但未明确提及具体药物剂量及休药期，仅按标签说明执行，略显笼统。；data_quality: 数据质量基本满足要求，但风险标志部分可更具体，如明确耐药风险的具体表现或管理建议。",hunyuan-turbos-20250926,85,8.5,8,9,8.5,False,False,该数据整体真实可信，用户描述的场景、症状与目标疾病（猪蛔虫病）高度吻合，诊断依据合理，处理方案与管理措施科学且安全，未发现危险建议。不足之处在于病理机制解释不够深入，确诊手段表述偏保守，以及风险防控措施可进一步细化。,True,ERNIE-4.5-Turbo-32K,partially,review,该回答对猪蛔虫病的诊断、处理方向及管理措施总体合理，诊断依据较充分，处理方向安全，但存在部分细节可优化。诊断部分未明确强调粪检或剖检作为确诊必要步骤，病理逻辑中对幼虫移行致肝肺损伤的机理与临床症状的关联阐述不够详细，风险防控措施中未具体列举耐药风险的表现形式和管理策略。,86.0,28,18,23,20,review,23.18,18.93,,1,D:\XF-ChongQin\ai-\results\swine_weak_wiki_production\swine_disease_dataset_production_20260507_141653_dual_reviewed_reselected_20260507_150645.csv
bba41140-fcf6-547d-9045-cf4c16ade6b4,10,猪丹毒,swine_hunyuan_turbos,hunyuan-turbos-20250926,成功,,猪,我家是育肥场，存栏大概800头，平均体重60公斤左右。最近两天有3头突然不吃料、体温高到41度多，皮肤上有紫红色菱形斑块，精神沉郁，走路不稳。之前没用过什么特别药，圈舍通风一般，湿度偏高。我想问问能不能先按普通细菌感染打点抗生素看看？,根据描述，考虑为急性败血型猪丹毒可能性大，特征包括高热、精神沉郁、步态异常及典型的菱形皮肤病变。需注意与A. suis败血症等相似疾病鉴别，建议尽快采样送实验室确诊。,treatment_direction: 立即隔离病猪，减少混群接触，防止扩散；加强圈舍通风与干燥管理；对可疑病例进行对症治疗并配合广谱抗生素控制继发感染。；management_measures: 全群巡查，发现新发病例及时隔离；暂停转群与销售，限制人员车辆进出；病死猪无害化处理。；sampling_and_testing: 采集血液、脾、淋巴结等样本送实验室做细菌分离培养及PCR检测，必要时进行血清学或分子分型，以明确病原并排除其他败血症性疾病。；prohibited_boundaries: 在未获得实验室确诊前，不得擅自大规模使用针对特定病原的药物；严禁将病猪随意出售或外运；若确诊为重大动物疫病，应按规定上报并执行相应防控措施。,因未确定最终病原及用药方案，暂无法给出确切休药期，需依据后续检测结果及所用药物种类另行制定。,"{""disease_name"": ""猪丹毒"", ""severity"": ""高"", ""scene_tags"": [""育肥猪"", ""急性败血症"", ""皮肤菱形斑"", ""群体防控""], ""validation_points"": [""高热、精神沉郁、步态异常符合急性败血型猪丹毒临床特征"", ""皮肤菱形斑块为典型病变"", ""需与A. suis败血症等鉴别""], ""risk_flags"": [""可能为人畜共患病原体（Erysipeloid）潜在暴露风险"", ""存在重大动物疫病暴发风险""], ""case_type"": ""暴发与处置边界"", ""target_disease"": ""猪丹毒"", ""local_flags"": {""species_ok"": true, ""target_disease_in_diagnosis"": true, ""target_disease_mismatch"": false, ""contains_specific_dose"": false, ""contains_specific_withdrawal"": false, ""regulated_bad_treatment"": false}}",False,False,,,True,False,False,D:\XF-ChongQin\ai-\knowledge\llm_wiki_swine_authoritative,1465,887,"猪丹毒
猪丹毒、erysipelas
暴发与处置边界
同栏或多栋猪舍短期内发病增多，用户询问是否能先按普通病治疗观察。","{""HUMAN_REVIEWED"": 4}","[""SRC-0001"", ""SRC-0058"", ""SRC-0065""]",2221,28.02,ERNIE-4.5-Turbo-32K,82,28,18,20,16,False,True,"整体回答较为全面，诊断准确性较高，病理逻辑基本合理，处方安全性符合要求，但数据质量方面存在一定不足，如未详细说明鉴别诊断的具体方法。
问题：诊断部分虽然提到需与A. suis败血症等相似疾病鉴别，但未详细说明鉴别诊断的具体方法或依据。；数据质量方面，对于用户查询中的信息利用不够充分，如未提及湿度偏高对猪丹毒发病的影响。；处方部分虽然提到了对症治疗和广谱抗生素，但未明确抗生素的选择依据或推荐药物。；休药期部分因未确定最终病原及用药方案，暂无法给出确切休药期，但可提供一般性建议或说明后续如何确定休药期。",hunyuan-turbos-20250926,85,90,88,92,80,True,False,该数据整体结构完整，诊断准确且符合典型猪丹毒临床表现，处方方向合理，包含必要的生物安全措施和实验室检测建议，无明显危险用药指导。不足之处在于鉴别诊断细节不足，未充分利用用户提供的环境信息（如湿度）分析病因，也未在处方中说明抗生素选择原则。,True,ERNIE-4.5-Turbo-32K,True,review,整体回答较为全面，诊断准确性较高，病理逻辑基本合理，处方安全性符合要求，但存在一些不足，如鉴别诊断部分仅列出可能疾病名称，缺乏具体区分方法和依据；未结合用户提到的‘湿度偏高’环境因素分析其对猪丹毒发生的可能影响；处方中未说明广谱抗生素选择的参考标准或常见类别。这些不足不影响整体方向，但需补充细节以提高数据质量。,83.0,28,18,20,16,review,18.76,21.26,,1,D:\XF-ChongQin\ai-\results\swine_weak_wiki_production\swine_disease_dataset_production_20260507_141653_dual_reviewed_reselected_20260507_150645.csv
529cd57a-9d0d-5210-9781-82989d398182,61,猪蛔虫病,swine_hunyuan_turbos,hunyuan-turbos-20250926,成功,,猪,我家是100头左右的自繁自养场，现在有一批60日龄左右的保育猪，最近发现部分猪精神差、拉稀、毛色发暗、长得慢，还有几头皮肤上有小疙瘩，抓挠明显。圈舍地面潮湿，之前用过一次伊维菌素拌料驱虫，但效果不明显。想问问是不是蛔虫或者别的寄生虫问题？,根据描述，结合年龄、症状及饲养管理情况，高度怀疑为猪蛔虫病（Ascaris suum）。该病在保育至育肥阶段高发，常表现为腹泻、消瘦、生长缓慢，部分个体可因幼虫移行引起皮肤瘙痒或继发感染。此外，需排除猪疥螨病、猪圆环病毒相关疾病等可能。,建议立即进行粪便虫卵检查确诊，并采集典型病例送实验室做病理学检查（注意肝milk spot与肾虫移行的鉴别）。同时加强圈舍卫生，保持干燥通风，减少粪口传播机会。对全群实施安全有效的驱虫方案（选用经批准的广谱驱虫药），并在驱虫后观察采食和精神恢复情况。严禁将可疑病例与健康猪混群，防止交叉感染。若怀疑混合感染或病情复杂，应联系当地兽医站进一步诊断。,按所用驱虫药物说明书执行停药期，确保上市前符合食品安全要求。,"{""disease_name"": ""猪蛔虫病"", ""severity"": ""中等"", ""scene_tags"": [""保育猪"", ""群体发病"", ""腹泻"", ""消瘦"", ""皮肤瘙痒""], ""validation_points"": [""症状与猪蛔虫病典型表现一致"", ""存在易感年龄和环境条件"", ""需通过虫卵检查和病理鉴别排除其他病因""], ""risk_flags"": [""潜在混合感染风险"", ""圈舍卫生不良易致重复感染""], ""case_type"": ""寄生虫群体发病"", ""target_disease"": ""猪蛔虫病"", ""local_flags"": {""species_ok"": true, ""target_disease_in_diagnosis"": true, ""target_disease_mismatch"": false, ""contains_specific_dose"": false, ""contains_specific_withdrawal"": false, ""regulated_bad_treatment"": false}}",False,False,,,True,False,False,D:\XF-ChongQin\ai-\knowledge\llm_wiki_swine_authoritative,1465,887,"猪蛔虫病
猪蛔虫病、ascaris suum internal parasites
寄生虫群体发病
猪群出现腹泻、消瘦、皮肤瘙痒或生长慢，用户怀疑寄生虫。","{""HUMAN_REVIEWED"": 2, ""NEEDS_REVIEW"": 2}","[""SRC-0001"", ""SRC-0082""]",2221,26.07,ERNIE-4.5-Turbo-32K,82,27,18,22,15,False,True,"整体回答质量较高，诊断准确性、病理逻辑和处方安全性均表现良好，数据质量基本满足要求，无致命风险。
问题：诊断准确性方面，虽然高度怀疑猪蛔虫病，但未明确提及排除猪疥螨病、猪圆环病毒相关疾病的具体方法或依据，仅建议实验室检查，略显笼统。；病理逻辑方面，对猪蛔虫病的病理过程描述较为简略，未详细阐述幼虫移行如何引起皮肤瘙痒或继发感染的具体机制。；处方安全性方面，建议选用经批准的广谱驱虫药，但未具体说明药物名称或剂量，可能影响实际操作的准确性。；数据质量方面，场景标签和验证点较为全面，但风险标志中仅提及潜在混合感染风险和圈舍卫生不良，未涵盖所有可能的风险点，如人兽共患风险等（尽管猪蛔虫病人兽共患风险较低，但仍应提及）。",hunyuan-turbos-20250926,85,90,80,88,85,False,False,该回答整体结构合理，诊断思路清晰，能够结合年龄、症状和饲养环境推测猪蛔虫病，并提出鉴别诊断方向。处方建议包括粪便检查、病理检查和改善饲养管理，符合安全规范，未给出具体药物剂量或休药期承诺，避免了直接用药风险。不足之处在于病理机制解释较简略，鉴别诊断方法不够细化，且未明确提示人兽共患风险虽低也应关注。,True,ERNIE-4.5-Turbo-32K,True,review,整体回答质量较高，诊断准确性、病理逻辑和处方安全性均表现良好，但存在一些轻微不足。诊断方面，虽然高度怀疑猪蛔虫病，但未明确提及排除猪疥螨病、猪圆环病毒相关疾病的具体方法或依据，仅建议实验室检查，略显笼统；病理逻辑方面，对猪蛔虫病的病理过程描述较为简略，未详细阐述幼虫移行如何引起皮肤瘙痒或继发感染的具体机制；处方安全性方面，建议选用经批准的广谱驱虫药，但未具体说明药物名称或剂量，可能影响实际操作的准确性；数据质量方面，未明确提示人兽共患风险虽低也应关注。,83.0,27,18,22,15,review,18.93,24.79,,1,D:\XF-ChongQin\ai-\results\swine_weak_wiki_production\swine_disease_dataset_production_20260507_141653_dual_reviewed_reselected_20260507_150645.csv
4e67b8f5-bdf8-538e-9357-e34b4a7c3bb8,105,猪戊型肝炎,swine_hunyuan_turbos,hunyuan-turbos-20250926,成功,,猪,我家是200头基础母猪的种猪场，最近一个月陆续有8头怀孕90多天的母猪发生流产，还有两头公猪采精量明显减少、活力下降。之前没用过疫苗，也没做过血检，场内通风一般，饲料一直用同一批玉米豆粕配方。现在不敢再配种了，怕传染，想问下可能是什么病？该怎么处理？,根据描述，妊娠中后期流产、死胎及公猪精液质量下降提示可能存在病毒性繁殖障碍性疾病。结合当前信息，应考虑猪戊型肝炎等病毒感染的可能性，同时需排除蓝耳病、伪狂犬、细小病毒病等常见繁殖障碍病因。由于戊型肝炎为人兽共患风险病毒，且部分毒株可在猪体内引起亚临床感染并影响繁殖性能，因此需通过实验室检测明确病原。,treatment_direction: 目前无特效抗病毒药物，应以控制传染源、减少垂直传播为核心。对流产母猪及时清理胎衣、消毒圈舍，避免其他母猪接触污染区域。公猪暂停采精，观察恢复情况。；management_measures: 立即隔离发病母猪，加强全场生物安全，限制人员、车辆流动，防止交叉感染。改善通风与卫生条件，确保饲料饮水清洁。；sampling_and_testing: 采集流产胎儿组织、胎盘、血液及公猪精液样本送实验室进行PCR检测，排查戊型肝炎病毒及其他常见繁殖障碍病原。；prohibited_boundaries: 严禁将疑似感染猪只出售或调运，禁止随意使用未经批准的疫苗或药物。若确诊为人兽共患风险病原，应按规定向当地畜牧兽医部门报告。,因无特效药物治疗，重点在于防控与隔离，不涉及具体药物休药期。,"{""disease_name"": ""猪戊型肝炎"", ""severity"": ""中等至严重（可导致繁殖损失）"", ""scene_tags"": [""种猪场"", ""繁殖障碍"", ""流产"", ""公猪精液异常""], ""validation_points"": [""妊娠中后期流产符合病毒性繁殖障碍特征"", ""公猪精液量减少、活力下降提示生殖系统受累"", ""缺乏疫苗接种史增加新发感染可能性""], ""risk_flags"": [""人兽共患风险"", ""需实验室确诊"", ""需隔离与生物安全措施""], ""case_type"": ""种猪繁殖障碍"", ""target_disease"": ""猪戊型肝炎"", ""local_flags"": {""species_ok"": true, ""target_disease_in_diagnosis"": true, ""target_disease_mismatch"": false, ""contains_specific_dose"": false, ""contains_specific_withdrawal"": false, ""regulated_bad_treatment"": false}}",False,False,,,True,False,False,D:\XF-ChongQin\ai-\knowledge\llm_wiki_swine_authoritative,1465,887,"猪戊型肝炎
猪戊型肝炎、hepatitis e virus
种猪繁殖障碍
种猪场出现流产、死胎、返情或公猪异常，用户担心传染病和是否继续配种。","{""HUMAN_REVIEWED"": 3, ""NEEDS_REVIEW"": 2}","[""SRC-0001"", ""SRC-0014"", ""SRC-0025"", ""SRC-0035""]",2151,30.28,ERNIE-4.5-Turbo-32K,82,27,18,23,14,False,True,"整体回答较为全面，诊断方向合理，考虑了病毒性繁殖障碍性疾病的可能性，并提及了人兽共患风险。处理方向安全，符合疾病防控要求。但数据质量方面存在一定不足，如未明确提及具体检测方法和部分症状与疾病关联的详细解释。
问题：诊断部分虽然考虑了多种可能性，但对猪戊型肝炎与症状的直接关联解释不够详细。；病理逻辑部分对症状与疾病关系的阐述不够深入，缺乏具体机制说明。；数据质量方面，未明确提及实验室检测的具体方法（如PCR检测的具体靶基因等），且对部分症状（如公猪精液质量下降）与猪戊型肝炎的关联解释不够充分。；未提及休药期虽因无特效药物而合理，但可补充一般防控措施下的观察期建议。",hunyuan-turbos-20250926,85,4,3.5,5,3.5,False,False,该回答在诊断方向上覆盖了猪戊型肝炎及常见繁殖障碍性病毒，并强调了人兽共患风险与生物安全措施，处理方案安全合规，无明显危险建议。不足之处在于症状与猪戊型肝炎的直接关联解释不够细致，缺少部分机制说明，以及实验室检测方法细节不足。,True,ERNIE-4.5-Turbo-32K,True,review,诊断方向合理，考虑了病毒性繁殖障碍性疾病的可能性，并提及了人兽共患风险。处理方向安全，符合疾病防控要求。但存在一些不足，如对猪戊型肝炎与症状的直接关联解释不够详细，缺乏具体机制说明，实验室检测方法细节不足，且未提供一般性观察期或防控周期建议。,83.0,27,18,23,14,review,19.83,19.75,,1,D:\XF-ChongQin\ai-\results\swine_weak_wiki_production\swine_disease_dataset_production_20260507_141653_dual_reviewed_reselected_20260507_150645.csv
42ee6b4e-c608-5b31-a3c7-d5e1b536b6a7,156,猪丹毒,swine_hunyuan_turbos,hunyuan-turbos-20250926,成功,,猪,我家有120头90公斤左右的育肥猪，这几天有几头突然不吃料，体温升高到41度左右，身上出现紫红色菱形斑块，有的还喘气厉害，已经死了两头。之前用过阿莫西林拌料三天没见好转。现在离计划出栏还有20天，这种情况还能治吗？会不会影响卖猪？,根据描述，考虑急性败血型猪丹毒可能性大，表现为高热、厌食、呼吸困难及特征性菱形皮肤病变。需与A. suis败血症、沙门氏菌感染、猪链球菌病等鉴别，建议尽快采集血液、脾肺组织送实验室确诊。,treatment_direction: 使用敏感抗生素控制细菌感染，配合对症支持治疗，改善饲养环境降低应激。；management_measures: 立即隔离病猪，加强圈舍通风降温，减少密度，保证饮水清洁，补充电解质和维生素。；sampling_submission: 采集病死猪心血、脾肺组织及健康猪血样送实验室进行细菌分离鉴定，必要时做PCR检测排除其他病原。；prohibited_boundaries: 严禁私自屠宰、出售疑似染疫猪只；若确诊为重大动物疫病，应按规定扑杀和无害化处理，不得擅自用药替代。,任何药物治疗前须明确所用药物种类及其休药期规定，确保出栏前体内残留低于国家标准方可销售。,"{""disease_name"": ""猪丹毒"", ""severity"": ""高"", ""scene_tags"": [""育肥猪"", ""高热"", ""皮肤菱形斑"", ""急性败血症""], ""validation_points"": [""高热、厌食、呼吸困难符合急性败血型猪丹毒临床特征"", ""皮肤菱形斑块为典型病变之一"", ""需与A. suis败血症等多病原鉴别""], ""risk_flags"": [""可能为人畜共患风险低但属重要经济疾病"", ""存在死亡风险"", ""可能影响出栏销售""], ""case_type"": ""上市休药期咨询"", ""target_disease"": ""猪丹毒"", ""local_flags"": {""species_ok"": true, ""target_disease_in_diagnosis"": true, ""target_disease_mismatch"": false, ""contains_specific_dose"": false, ""contains_specific_withdrawal"": false, ""regulated_bad_treatment"": false}}",False,False,,,True,False,False,D:\XF-ChongQin\ai-\knowledge\llm_wiki_swine_authoritative,1465,887,"猪丹毒
猪丹毒、erysipelas
上市休药期咨询
用户接近出栏，关心治疗方向和用药后能否出栏销售。","{""HUMAN_REVIEWED"": 4}","[""SRC-0001"", ""SRC-0058"", ""SRC-0065""]",2221,22.51,ERNIE-4.5-Turbo-32K,82,27,18,22,15,False,True,"该回答对猪丹毒的诊断较为准确，症状描述与疾病特征匹配，鉴别诊断考虑全面。病理逻辑基本合理，但未详细说明鉴别诊断的具体依据。处方安全，考虑了隔离、环境改善和实验室确诊等措施。数据质量方面，场景标签和验证点较为全面，但风险描述可更具体。
问题：鉴别诊断部分未详细说明依据，病理逻辑稍显不足；数据质量中风险描述可更具体，如人畜共患风险的具体措施；休药期承诺未给出具体药物和期限，仅作一般性说明",hunyuan-turbos-20250926,85,9,8,9,8,False,False,该案例场景真实，用户描述的发热、厌食、呼吸困难及典型菱形皮疹高度符合急性败血型猪丹毒表现，诊断准确且鉴别诊断思路完整。处方方向合理，包含隔离、环境管理、实验室送检及禁止擅自处置等安全措施，无危险建议。不足之处在于鉴别诊断缺乏具体依据说明，风险防控措施可进一步细化（如人畜共患病防控细节），休药期提示为通用表述，未涉及具体药物信息，因此整体仍属合格数据。,True,ERNIE-4.5-Turbo-32K,True,review,该回答对猪丹毒的诊断较为准确，症状描述与疾病特征匹配，鉴别诊断思路完整但缺乏具体依据说明，病理逻辑稍显不足。处方方向合理，包含隔离、环境管理、实验室送检及禁止擅自处置等安全措施，无危险建议。风险防控措施中对人畜共患病、重大疫病的安全边界描述较笼统，休药期提示为通用表述，未涉及具体药物信息，整体数据质量合格但存在可优化空间。,83.0,27,18,22,15,review,14.88,20.84,,1,D:\XF-ChongQin\ai-\results\swine_weak_wiki_production\swine_disease_dataset_production_20260507_141653_dual_reviewed_reselected_20260507_150645.csv
ce7ecc95-fc67-5216-a0f2-6ca347f62c98,158,猪沙门氏菌病,swine_hunyuan_turbos,hunyuan-turbos-20250926,成功,,猪,我家有120头70公斤左右的育肥猪，圈舍密度比较大，最近一周陆续有几头开始拉稀，粪便黄绿色带黏液，精神差、食欲下降，体温在39℃左右，个别猪还伴有呼吸急促。之前用了恩诺沙星拌料三天，效果不明显，现在想问还能不能继续用这个药？,根据描述的症状（腹泻、黏液便、发热、精神沉郁）以及育肥猪密集饲养的背景，高度怀疑为猪沙门氏菌病（肠炎型或败血型），可能与其他应激因素（如混群、饲料更换）有关。需要实验室分离鉴定及药敏试验明确病原和敏感药物。,建议立即停喂可疑污染饲料，改善通风与卫生条件，减少应激；采集新鲜粪便或病死猪组织送实验室进行沙门氏菌分离培养和药敏试验，依据结果选择敏感抗菌药物；同时加强全群饮水卫生，防止交叉感染；严禁将病猪与健康猪混养，必要时隔离观察。,因涉及抗菌药物使用，应严格遵循实验室药敏结果及当地兽药管理规定执行停药期，确保上市前达到安全间隔。,"{""disease_name"": ""猪沙门氏菌病"", ""severity"": ""中等至严重"", ""scene_tags"": [""育肥猪"", ""集约化饲养"", ""腹泻"", ""发热"", ""抗生素治疗无效""], ""validation_points"": [""症状符合沙门氏菌肠炎型或败血型特征"", ""高密度饲养增加感染风险"", ""前期用药效果不佳提示可能耐药""], ""risk_flags"": [""潜在耐药菌流行风险"", ""需实验室确诊以防误诊""], ""case_type"": ""育肥猪用药咨询"", ""target_disease"": ""猪沙门氏菌病"", ""local_flags"": {""species_ok"": true, ""target_disease_in_diagnosis"": true, ""target_disease_mismatch"": false, ""contains_specific_dose"": false, ""contains_specific_withdrawal"": false, ""regulated_bad_treatment"": false}}",False,False,,,True,False,False,D:\XF-ChongQin\ai-\knowledge\llm_wiki_swine_authoritative,1465,887,"猪沙门氏菌病
猪沙门氏菌病、salmonellosis
育肥猪用药咨询
育肥猪出现典型症状，用户已经用过常见药物但效果一般，询问是否继续用药。","{""HUMAN_REVIEWED"": 3, ""NEEDS_REVIEW"": 2}","[""SRC-0001"", ""SRC-0073""]",2192,28.95,ERNIE-4.5-Turbo-32K,82,27,18,22,15,False,True,"整体回答符合猪沙门氏菌病的诊断与处理逻辑，诊断准确性较高，病理逻辑合理，处方安全且考虑了实验室确诊与预防交叉感染，数据质量基本满足要求，无致命风险。
问题：诊断准确性方面，虽然症状描述与猪沙门氏菌病相符，但未完全排除其他类似疾病（如猪痢疾、猪传染性胃肠炎）的可能性，缺乏特异性诊断依据。；病理逻辑方面，对败血型沙门氏菌病的提及略显笼统，未详细阐述其与肠炎型的区别及具体病理机制。；处方安全方面，虽提到依据药敏试验选择药物，但未给出具体药物名称及剂量范围，可能影响实际操作的准确性。；数据质量方面，用户查询中的症状描述较为详细，但回答中未充分利用这些信息来进一步细化诊断或处理建议。",hunyuan-turbos-20250926,85,8,8.5,9,8,False,False,该回答针对用户描述的育肥猪腹泻、发热等症状，结合高密度饲养背景，提出高度怀疑猪沙门氏菌病，并强调实验室检测与药敏试验的必要性，诊断思路清晰，病理逻辑合理，处方建议注重生物安全和防控交叉感染，无明显危险建议。不足之处在于未充分排除其他相似疾病，对败血型和肠炎型的具体差异说明不足，也未利用全部临床信息细化处理方案。,True,ERNIE-4.5-Turbo-32K,True,review,整体回答符合猪沙门氏菌病的诊断与处理逻辑，诊断准确性较高，病理逻辑合理，处方安全且考虑了实验室确诊与预防交叉感染。但存在一些不足，如未完全排除其他类似疾病（如猪痢疾、猪传染性胃肠炎）的可能性，缺乏特异性诊断依据；对败血型沙门氏菌病的提及略显笼统，未详细阐述其与肠炎型的区别及具体病理机制；虽提到依据药敏试验选择药物，但未给出具体药物名称及剂量范围，可能影响实际操作的准确性；未充分利用用户查询中的症状信息来进一步细化诊断或处理建议。,83.0,27,18,22,15,review,21.53,23.14,,1,D:\XF-ChongQin\ai-\results\swine_weak_wiki_production\swine_disease_dataset_production_20260507_141653_dual_reviewed_reselected_20260507_150645.csv
120df207-3cfb-5449-a4ae-894019a6aef9,193,猪放线杆菌败血症,swine_hunyuan_turbos,hunyuan-turbos-20250926,成功,,猪,我家是100头左右60公斤左右的育肥猪，这几天有五六头开始咳嗽、喘气，体温摸着偏高，吃料也慢了，有的还精神不好趴着不动。舍里通风一般，湿度大点，之前没用过什么药。这种情况是不是传染病？要不要整栏都打抗生素？,根据描述，该群育肥猪出现咳嗽、喘气、发热及采食下降，结合饲养密度和环境条件，考虑细菌性呼吸道感染可能性较大，其中猪放线杆菌败血症可表现为急性败血症伴呼吸道症状，且易与猪丹毒等混淆，需结合临床与实验室检测确诊。,建议立即隔离症状明显个体，加强圈舍通风与保温，适当提高环境温度以改善体感温度；采集病死猪血液、肺组织送实验室进行细菌分离鉴定，必要时做PCR检测区分A. suis与其他病原；在确诊前不建议盲目全群使用抗生素，以免掩盖病情并增加耐药风险；若确诊为A. suis感染，可在兽医指导下选用敏感抗菌药物，配合改善饲养管理；严禁将病猪随意出售或调运。,因涉及抗生素使用，须严格遵循兽医开具的停药期规定，并在出栏前确保符合食品安全标准。,"{""disease_name"": ""猪放线杆菌败血症"", ""severity"": ""中等至严重"", ""scene_tags"": [""育肥猪"", ""群体呼吸道症状"", ""高湿环境""], ""validation_points"": [""症状包括咳嗽、喘气、发热、采食下降"", ""可能与猪丹毒等相似需实验室鉴别"", ""环境通风不良可能加重病情""], ""risk_flags"": [""需实验室确诊"", ""禁止未经许可使用抗生素"", ""防止疫情扩散""], ""case_type"": ""呼吸道群体发病"", ""target_disease"": ""猪放线杆菌败血症"", ""local_flags"": {""species_ok"": true, ""target_disease_in_diagnosis"": true, ""target_disease_mismatch"": false, ""contains_specific_dose"": false, ""contains_specific_withdrawal"": false, ""regulated_bad_treatment"": false}}",False,False,,,True,False,False,D:\XF-ChongQin\ai-\knowledge\llm_wiki_swine_authoritative,1465,887,"猪放线杆菌败血症
猪放线杆菌败血症、actinobacillus suis septicemia pleuropneumonia
呼吸道群体发病
同栏出现咳嗽、喘气、发热、采食下降，用户想判断病因和是否需要全群用药。","{""HUMAN_REVIEWED"": 3, ""NEEDS_REVIEW"": 2}","[""SRC-0001"", ""SRC-0006"", ""SRC-0058"", ""SRC-0064""]",2167,136.45,ERNIE-4.5-Turbo-32K,82,27,18,20,17,False,True,"该回答整体表现良好，诊断准确性较高，症状与疾病匹配合理，诊断逻辑清晰，处理方向安全，未发现与疾病相冲突的处方或重大疫病被误判的情况。数据质量基本满足要求，但部分细节可进一步优化。
问题：诊断准确性方面，虽然考虑了猪放线杆菌败血症的可能性，但未充分排除其他类似疾病（如猪传染性胸膜肺炎）的可能性，仅提到与猪丹毒混淆，略显不足。；病理逻辑方面，对环境因素（如通风不良、湿度大）与疾病发生的关系分析不够深入，未明确说明这些因素如何具体影响疾病的发展。；处方安全性方面，虽然强调了不建议盲目全群使用抗生素，但未提供具体的替代方案或初步处理措施，可能让用户感到操作指导不够明确。；数据质量方面，症状描述和疾病关联性分析较为全面，但缺乏对疾病流行病学特点（如传播途径、易感猪群等）的简要说明，可能影响用户对疾病整体认识。",hunyuan-turbos-20250926,85,8,7,9,8,False,False,回答整体结构完整，症状与猪放线杆菌败血症有一定匹配度，诊断思路合理，强调实验室确诊和避免盲目用药，处方方向安全，无危险建议。不足之处在于鉴别诊断范围较窄，环境致病机制解释不足，缺乏初步管理措施的具体化。,True,ERNIE-4.5-Turbo-32K,True,review,回答整体结构完整，症状与猪放线杆菌败血症有一定匹配度，诊断思路合理，强调实验室确诊和避免盲目用药，处方方向安全，无危险建议。但存在以下不足：鉴别诊断范围较窄，未充分考虑其他常见呼吸道疾病（如猪传染性胸膜肺炎）；对环境因素（通风差、湿度高）与疾病发生的关联分析不够深入；缺少针对初期症状的临时管理措施，用户可能缺乏即时应对参考。,83.0,27,18,20,17,review,109.57,16.29,,1,D:\XF-ChongQin\ai-\results\swine_weak_wiki_production\swine_disease_dataset_production_20260507_141653_dual_reviewed_reselected_20260507_150645.csv
c20303cc-7ffc-50f8-8e6f-b5b8eee35064,240,猪星状病毒感染,swine_hunyuan_turbos,hunyuan-turbos-20250926,成功,,猪,我家有200头120公斤左右的育肥猪，还有20天就要出栏了，最近几天陆续有几头开始拉稀，粪便稀薄带点黄色，精神还行，采食量稍微下降，没有发烧，也没有死亡。圈舍通风一般，温度白天25度左右，晚上会降到18度。之前没用过什么药，想问问这种情况还能继续养到出栏吗？要不要隔离？用什么药能好得快一点？会不会影响卖猪？,根据描述，育肥猪临近出栏时出现轻度腹泻，无明显全身症状，考虑可能与猪星状病毒感染有关，同时不排除其他肠道病毒或细菌混合感染的可能。该病多为自限性，但在应激条件下可加重。,建议加强保温与通风管理，减少温差刺激；提供清洁饮水和易消化的饲料，防止继发细菌感染。可在兽医指导下使用对症支持疗法及广谱抗生素预防继发感染，并采集新鲜粪便送实验室进行病原检测，明确病因。若怀疑重大疫病或人兽共患病，应立即按当地规定上报并配合隔离、检测等措施。,因临近出栏，应优先确保药物残留符合食品安全标准，任何用药前须咨询执业兽医并遵守相关规定。,"{""disease_name"": ""猪星状病毒感染"", ""severity"": ""轻症"", ""scene_tags"": [""育肥猪"", ""临近出栏"", ""腹泻"", ""温差应激""], ""validation_points"": [""症状与猪星状病毒感染的轻度腹泻特征相符"", ""无高热、无急性死亡，符合自限性病程特点"", ""存在温差应激等诱发因素""], ""risk_flags"": [""临近出栏需关注药物残留与食品安全"", ""需排除其他病原混合感染""], ""case_type"": ""腹泻出栏边界"", ""target_disease"": ""猪星状病毒感染"", ""local_flags"": {""species_ok"": true, ""target_disease_in_diagnosis"": true, ""target_disease_mismatch"": false, ""contains_specific_dose"": false, ""contains_specific_withdrawal"": false, ""regulated_bad_treatment"": false}}",False,False,,,True,False,False,D:\XF-ChongQin\ai-\knowledge\llm_wiki_swine_authoritative,1465,887,"猪星状病毒感染
猪星状病毒感染、astroviruses、astrovirus、猪星状病毒
腹泻出栏边界
临近出栏猪群出现腹泻，用户关心处理方向、隔离和用药后能否销售。","{""HUMAN_REVIEWED"": 2, ""NEEDS_REVIEW"": 2}","[""SRC-0001"", ""SRC-0032""]",2221,24.68,ERNIE-4.5-Turbo-32K,82,27,18,22,15,False,True,"该回答对猪星状病毒感染的诊断较为准确，症状描述与疾病特征相符，且考虑到了温差应激等诱发因素。处理方向安全，强调了加强管理和预防继发感染，同时关注了药物残留与食品安全。但诊断逻辑中对于其他病原混合感染的排除措施不够具体，数据质量方面可进一步丰富症状描述和诊断依据。
问题：诊断逻辑中对于其他病原混合感染的排除措施不够详细，缺乏具体的检测或观察建议。；数据质量方面，症状描述和诊断依据可以更加详细和具体，以提高诊断的准确性。；处方中对于对症支持疗法和广谱抗生素的使用未给出具体药物名称或使用方法，可能影响实际操作的准确性。",hunyuan-turbos-20250926,85,90,85,88,80,True,False,该案例场景真实，症状（轻度腹泻、无发热、采食略降）与猪星状病毒感染的轻症表现基本吻合，诊断考虑了自限性和应激诱因，并提示可能混合感染，逻辑合理。处方强调环境改善、营养支持和在兽医指导下预防性使用抗生素，避免盲目用药，并提醒送检和重大疫病防控，安全性较高。不足之处在于对混合感染的具体排查手段描述不足，以及部分处理建议偏笼统，可能影响执行效果。,True,ERNIE-4.5-Turbo-32K,True,review,该回答对猪星状病毒感染的诊断较为准确，症状描述与疾病特征相符，且考虑到了温差应激等诱发因素。处理方向安全，强调了加强管理和预防继发感染，同时关注了药物残留与食品安全。但诊断逻辑中对于其他病原混合感染的排除措施不够具体，处方中对于对症支持疗法和广谱抗生素的使用未给出具体药物名称或使用方法，可能影响实际操作的准确性。,83.0,27,18,22,15,review,15.99,21.35,,1,D:\XF-ChongQin\ai-\results\swine_weak_wiki_production\swine_disease_dataset_production_20260507_141653_dual_reviewed_reselected_20260507_150645.csv
bec861f7-82bc-5bc9-9e73-2f2dff81efd9,245,猪血凝性脑脊髓炎,swine_hunyuan_turbos,hunyuan-turbos-20250926,成功,,猪,我家有200头左右育肥猪，现在60日龄左右，最近几天陆续有几头出现不吃料、精神沉郁、走路摇晃、有的还呕吐，体温测着正常，个别猪站不稳甚至倒地抽搐。之前用过恩诺沙星拌料三天没见好转，想问下这种情况是不是要送样？该采哪些部位？会不会是别的病误诊了？,根据描述的神经症状、呕吐及年龄特征，高度怀疑为猪血凝性脑脊髓炎病毒感染，该病在新生至断奶前后仔猪易发，可引起呕吐消瘦综合征和脑脊髓炎综合征。需结合实验室检测排除伪狂犬病、乙脑、其他病毒性或细菌性神经疾病。,treatment_direction: 本病无特效抗病毒药物，主要采取对症支持治疗和减少应激，防止继发细菌感染。；management_measures: 立即隔离发病猪，加强圈舍通风干燥，减少惊扰和混群应激，保证饮水充足，必要时补充电解质和维生素。；sampling_submission: 采集发病猪的脑组织（尤其是脑干）和脊髓样本，同时采集血液做血清学检测，尽快送至具备资质的实验室进行病原学和血清学鉴定。；contraindications_boundary: 禁止随意使用抗生素替代抗病毒治疗；若确诊为本病，应按重大动物疫病防控要求进行报告和后续管理，不得擅自出售或转运病猪。,因属病毒病且无特效治疗，无特定药物休药期，但应遵守当地重大动物疫病处置规定，病猪及其同群猪按监管要求处理后方可解除限制。,"{""disease_name"": ""猪血凝性脑脊髓炎"", ""severity"": ""高"", ""scene_tags"": [""神经症状"", ""呕吐"", ""育肥猪"", ""抗生素治疗无效""], ""validation_points"": [""神经症状伴呕吐提示中枢神经受累"", ""年龄符合易感期范围"", ""常规抗生素治疗无效需考虑病毒病因""], ""risk_flags"": [""疑似重大动物疫病"", ""需及时采样送检"", ""存在误诊风险""], ""case_type"": ""采样送检咨询"", ""target_disease"": ""猪血凝性脑脊髓炎"", ""local_flags"": {""species_ok"": true, ""target_disease_in_diagnosis"": true, ""target_disease_mismatch"": false, ""contains_specific_dose"": false, ""contains_specific_withdrawal"": false, ""regulated_bad_treatment"": false}}",False,False,,,True,False,False,D:\XF-ChongQin\ai-\knowledge\llm_wiki_swine_authoritative,1465,887,"猪血凝性脑脊髓炎
猪血凝性脑脊髓炎、hemagglutinating encephalomyelitis virus
采样送检咨询
用户描述症状后，重点询问采什么样品、如何判断和如何避免误治。","{""HUMAN_REVIEWED"": 3, ""NEEDS_REVIEW"": 2}","[""SRC-0001"", ""SRC-0009"", ""SRC-0012"", ""SRC-0037"", ""SRC-0041""]",2159,29.85,ERNIE-4.5-Turbo-32K,82,27,18,23,14,False,True,"整体回答较为准确，诊断方向合理，处理措施安全，但存在部分细节可优化，如数据质量方面可补充更多信息以提高可信度。
问题：diagnosis_accuracy: 诊断准确性较高，但未完全排除其他类似疾病的可能性，如伪狂犬病和乙脑的鉴别诊断可更详细。；pathology_logic: 病理逻辑基本合理，但对疾病易发年龄段的描述与实际案例中60日龄育肥猪的匹配度可进一步说明。；prescription_safety: 处理方向安全，但休药期描述不够明确，仅提及按监管要求处理，未给出具体指导。；data_quality: 数据质量一般，症状描述和诊断依据较充分，但缺乏对病例背景（如养殖环境、免疫史等）的详细描述。",hunyuan-turbos-20250926,85,8,8,9,7,False,False,回答对猪血凝性脑脊髓炎的识别和处理方向总体正确，能提示重大疫病防控要求和采样送检方法，无明显危险建议。但诊断中对易感年龄与实际案例的匹配解释不足，鉴别诊断可更细化，且缺乏养殖背景信息支撑。,True,ERNIE-4.5-Turbo-32K,True,review,回答对猪血凝性脑脊髓炎的诊断方向和处理措施总体正确，能提示重大疫病防控要求和采样送检方法，无明显危险建议。但诊断中对易感年龄与实际案例的匹配解释不足，鉴别诊断可更细化，且缺乏养殖背景信息支撑，存在部分细节可优化。,83.0,27,18,23,14,review,20.24,17.03,,1,D:\XF-ChongQin\ai-\results\swine_weak_wiki_production\swine_disease_dataset_production_20260507_141653_dual_reviewed_reselected_20260507_150645.csv
ba247b97-8684-5058-ac2d-60c509e27287,392,猪呼吸道冠状病毒感染,swine_hunyuan_turbos,hunyuan-turbos-20250926,成功,,猪,我家有200多头90公斤左右的育肥猪，还有不到一个月就要出栏了，这几天陆续有几头开始拉稀，精神还行，采食量稍微下降，圈舍通风一般，温度偏低，之前没用过什么药。这种情况还能治吗？会不会影响卖猪？要不要隔离？,根据描述，育肥猪在低温、通风不良环境下出现腹泻，结合流行病学特征，考虑可能为猪呼吸道冠状病毒感染（PRCV）等病毒性因素所致，同时需排除细菌性肠炎、饲料应激等其他原因。,建议立即将发病猪与健康猪分栏隔离，减少交叉感染风险；加强圈舍保温与通风管理，改善饲养环境；提供清洁饮水和易消化的饲料；可采集新鲜粪便送实验室进行病原检测，明确是否为PRCV或其他病原；在未明确诊断前，避免使用可能掩盖病情的药物；如检测结果确认为PRCV且无明显继发细菌感染，应以支持疗法和环境管理为主，不建议使用未经批准的抗病毒药物；若怀疑混合感染，可在兽医指导下选择安全有效的抗生素控制继发感染；严禁私自出售疑似染疫猪，须按当地动物防疫部门要求进行风险评估和处置。,因涉及检疫与疫病防控，出栏前应依据检测结果及当地畜牧兽医主管部门意见确定是否允许销售，不可自行决定。,"{""disease_name"": ""猪呼吸道冠状病毒感染"", ""severity"": ""中等"", ""scene_tags"": [""育肥猪"", ""出栏前"", ""腹泻"", ""低温环境""], ""validation_points"": [""症状符合PRCV常见表现"", ""环境因素增加感染风险"", ""需要实验室检测确认病原""], ""risk_flags"": [""临近出栏，存在销售限制风险"", ""需防止疫情扩散至健康猪群"", ""可能涉及地方动物防疫监管要求""], ""case_type"": ""腹泻出栏边界"", ""target_disease"": ""猪呼吸道冠状病毒感染"", ""local_flags"": {""species_ok"": true, ""target_disease_in_diagnosis"": true, ""target_disease_mismatch"": false, ""contains_specific_dose"": false, ""contains_specific_withdrawal"": false, ""regulated_bad_treatment"": false}}",False,False,,,True,False,False,D:\XF-ChongQin\ai-\knowledge\llm_wiki_swine_authoritative,1465,887,"猪呼吸道冠状病毒感染
猪呼吸道冠状病毒感染、porcine respiratory coronavirus
腹泻出栏边界
临近出栏猪群出现腹泻，用户关心处理方向、隔离和用药后能否销售。","{""HUMAN_REVIEWED"": 1, ""NEEDS_REVIEW"": 4}","[""A0-MOA-573"", ""SRC-0001""]",2027,29.01,ERNIE-4.5-Turbo-32K,82,27,18,23,14,False,True,"该回答整体符合猪呼吸道冠状病毒感染的诊断与处理要求，诊断考虑了病毒性因素和环境诱因，处理方向安全合理，符合疫病防控原则。
问题：诊断准确性方面，虽然考虑了病毒性因素，但对细菌性肠炎和饲料应激的排除依据不够充分，缺乏具体鉴别诊断措施。；病理逻辑方面，对环境因素与疾病发生的关联性分析不够深入，未详细说明低温、通风不良如何具体影响疾病发生。；处方安全性方面，整体处理方向安全，但未明确说明支持疗法的具体措施，可能影响实际操作的规范性。；数据质量方面，症状描述与疾病匹配度较高，但缺乏具体症状的详细记录，如腹泻的频率、粪便性状等，影响诊断的精确性。",hunyuan-turbos-20250926,85,80,78,90,82,False,False,该回答针对用户描述的育肥猪腹泻情况，结合临近出栏、低温通风差的环境背景，提出了合理的病毒性疾病可能性并兼顾其他病因排查，处理方案强调隔离、环境改善、病原检测和避免滥用药物，符合生物安全和法规防控要求，无危险建议。不足之处在于鉴别诊断依据不足、环境致病机制分析较浅、支持疗法细节缺失以及症状信息收集不够全面。,True,ERNIE-4.5-Turbo-32K,True,review,该回答整体符合猪呼吸道冠状病毒感染的诊断与处理要求，诊断考虑了病毒性因素和环境诱因，处理方向安全合理，符合疫病防控原则。不足之处在于鉴别诊断依据不足、环境致病机制分析较浅、支持疗法细节缺失以及症状信息收集不够全面，但整体可参考。,83.0,27,18,23,14,review,19.77,17.82,,1,D:\XF-ChongQin\ai-\results\swine_weak_wiki_production\swine_disease_dataset_production_20260507_141653_dual_reviewed_reselected_20260507_150645.csv
33648626-fc1f-5101-a3bb-e442d32d685c,412,猪放线杆菌败血症,swine_hunyuan_turbos,hunyuan-turbos-20250926,成功,,猪,我家有120头60公斤左右的育肥猪，这几天同一栏里陆续有几头开始咳嗽、喘气，体温升高到40℃左右，吃料明显变慢，有的还精神不振。圈舍通风一般，最近天气忽冷忽热。之前用过替米考星拌料防呼吸道病，这次效果不明显。我想知道是不是传染病，要不要整栏用药？,根据描述，该群猪出现高热、咳嗽、喘气和采食下降，结合年龄和饲养条件，考虑细菌性呼吸道感染，可能由猪放线杆菌败血症等引起。该病在育肥猪可呈急性经过，伴有呼吸症状和全身症状，有时伴皮肤病变，需与猪丹毒等鉴别。建议尽快采集病死猪血液及肺组织送实验室进行细菌分离鉴定，同时排查其他常见呼吸道病原。,立即隔离病猪并加强圈舍保温与通风管理，提高环境温度以减轻代谢负担；对全群采取支持性护理，保证饮水充足；暂停使用未经确诊的药物，避免掩盖病情；采集病猪血样、肺脏等样品送专业实验室检测病原；如确诊为猪放线杆菌败血症，应在兽医指导下选用敏感抗生素进行治疗，并做好消毒与生物安全措施；严禁随意出售或转运病猪及其产品。,因涉及抗生素治疗，须依据所用药物种类及检测结果确定停药期，并在兽医监督下执行。,"{""disease_name"": ""猪放线杆菌败血症"", ""severity"": ""中等至严重"", ""scene_tags"": [""育肥猪"", ""群体呼吸道症状"", ""发热"", ""采食下降"", ""温差大""], ""validation_points"": [""符合育肥猪急性细菌感染临床表现"", ""症状包括高热、咳嗽、喘气、食欲下降"", ""需实验室病原学确诊"", ""强调隔离、送检和针对性用药""], ""risk_flags"": [""需排除重大疫病"", ""禁止自行大规模投药"", ""存在传播风险""], ""case_type"": ""呼吸道群体发病"", ""target_disease"": ""猪放线杆菌败血症"", ""local_flags"": {""species_ok"": true, ""target_disease_in_diagnosis"": true, ""target_disease_mismatch"": false, ""contains_specific_dose"": false, ""contains_specific_withdrawal"": false, ""regulated_bad_treatment"": false}}",False,False,,,True,False,False,D:\XF-ChongQin\ai-\knowledge\llm_wiki_swine_authoritative,1465,887,"猪放线杆菌败血症
猪放线杆菌败血症、actinobacillus suis septicemia pleuropneumonia
呼吸道群体发病
同栏出现咳嗽、喘气、发热、采食下降，用户想判断病因和是否需要全群用药。","{""HUMAN_REVIEWED"": 3, ""NEEDS_REVIEW"": 2}","[""SRC-0001"", ""SRC-0006"", ""SRC-0058"", ""SRC-0064""]",2167,27.16,ERNIE-4.5-Turbo-32K,82,27,18,22,15,False,True,"整体回答较为全面，诊断方向合理，考虑了细菌性呼吸道感染的可能性，并建议实验室确诊，符合猪放线杆菌败血症的诊断逻辑。处方中强调了隔离、送检和针对性用药，避免了盲目用药的风险，同时注意到了生物安全措施。但数据质量方面，对症状的描述和疾病特征的关联性可以更详细，诊断逻辑部分对鉴别诊断的描述稍显不足。
问题：诊断逻辑部分对鉴别诊断的描述不够详细，仅提到需与猪丹毒等鉴别，但未具体说明鉴别要点。；数据质量方面，对症状的描述和疾病特征的关联性可以更详细，例如未提及皮肤病变等猪放线杆菌败血症的典型症状。；处方中未明确提及敏感抗生素的具体选择，仅提到在兽医指导下选用，略显笼统。",hunyuan-turbos-20250926,85,4,3.5,4.5,3.5,False,False,回答总体准确且安全，诊断方向合理，考虑了猪放线杆菌败血症的可能性，并强调实验室确诊和生物安全措施，避免了盲目用药。处方中给出了合理的隔离、送检和支持性护理措施，并提示在兽医指导下用药，无危险建议。不足之处在于鉴别诊断细节较少，未充分关联典型症状（如皮肤病变），以及未明确敏感抗生素类别。,True,ERNIE-4.5-Turbo-32K,True,review,回答总体准确且安全，诊断方向合理，考虑了猪放线杆菌败血症的可能性，并强调实验室确诊和生物安全措施，避免了盲目用药。处方中给出了合理的隔离、送检和支持性护理措施，并提示在兽医指导下用药，无危险建议。但鉴别诊断细节较少，未充分关联典型症状（如皮肤病变），以及未明确敏感抗生素类别，需进一步补充完善。,83.0,27,18,22,15,review,18.45,19.32,,1,D:\XF-ChongQin\ai-\results\swine_weak_wiki_production\swine_disease_dataset_production_20260507_141653_dual_reviewed_reselected_20260507_150645.csv
5fd4a056-4c83-5e59-9e8a-190820f6ee65,444,猪繁殖与呼吸综合征,swine_hunyuan_turbos,hunyuan-turbos-20250926,成功,,猪,我家有120头保育猪，现在50日龄左右，最近一周舍内通风不太好，早上起来能闻到明显氨味，白天温度又忽高忽低，这几天陆续有几头出现咳嗽、喘气，个别精神稍差，采食量下降不明显。之前没用过疫苗，也没做过保健用药，这种情况是环境应激还是传染病？该怎么处理？,结合临床表现（保育猪群在通风不良、氨气浓度偏高及昼夜温差大的环境下出现咳嗽、喘气）、流行病学特征（多发生在保育阶段、无明显急性死亡），高度怀疑为猪繁殖与呼吸综合征病毒感染所致呼吸道综合征。需排除其他呼吸道病原混合感染。,treatment_direction: 立即改善饲养环境，加强通风换气，降低氨气浓度，稳定舍温；对发病猪进行分群管理，减少应激；采集鼻拭子或肺组织送实验室检测PRRSV及其他常见呼吸道病原（如猪流感病毒、支原体等）。；management_measures: 暂停引入新猪，严格消毒圈舍及周边区域；观察全群体温、采食和精神状况，记录病情发展；对重症个体及时隔离并监测。；sampling_and_testing: 采集发病猪的鼻腔拭子、血液样本及病死猪肺组织，送具备资质的兽医实验室进行PCR检测，明确PRRSV及其他可能并发病原。；prohibited_boundaries: 严禁擅自使用未经批准的抗病毒药物或抗生素作为预防手段；发现疑似重大动物疫病时，不得擅自处置，应按规定上报主管部门。,无具体药物使用，暂无休药期要求；若后续使用兽药，须按说明书执行相应休药期。,"{""disease_name"": ""猪繁殖与呼吸综合征"", ""severity"": ""中等"", ""scene_tags"": [""保育猪"", ""呼吸道综合征"", ""环境应激诱发"", ""多病原混合感染风险""], ""validation_points"": [""保育阶段易感性符合PRRS流行特点"", ""环境因素（通风差、氨气高、温差大）可诱发或加重PRRS临床症状"", ""初期表现为咳嗽、喘气，未见急性大批死亡，符合温和型PRRS表现""], ""risk_flags"": [""潜在人畜共患病风险较低，但属中国二类动物疫病，需按程序上报""], ""case_type"": ""呼吸道环境诱因"", ""target_disease"": ""猪繁殖与呼吸综合征"", ""local_flags"": {""species_ok"": true, ""target_disease_in_diagnosis"": true, ""target_disease_mismatch"": false, ""contains_specific_dose"": false, ""contains_specific_withdrawal"": false, ""regulated_bad_treatment"": false}}",False,False,,,True,False,False,D:\XF-ChongQin\ai-\knowledge\llm_wiki_swine_authoritative,1465,887,"猪繁殖与呼吸综合征
猪繁殖与呼吸综合征、porcine reproductive and respiratory syndrome viruses、PRRS、蓝耳病
呼吸道环境诱因
通风差、氨气重或温差大后出现咳嗽喘气，用户想区分环境应激和传染病。","{""HUMAN_REVIEWED"": 2, ""NEEDS_REVIEW"": 2}","[""A0-MOA-573"", ""A1-WOAH-PRRS-DISEASE"", ""SRC-0001"", ""SRC-0023""]",2221,26.57,ERNIE-4.5-Turbo-32K,82,27,18,22,15,False,True,"整体回答较为准确，诊断逻辑合理，处理方向安全，但数据质量方面存在一定不足，如未详细说明诊断依据的全面性及检测结果的解读。
问题：诊断依据中未详细说明如何排除其他呼吸道病原混合感染的具体方法或依据。；数据质量方面，未提供详细的检测结果解读或诊断的确定性依据。；处理措施中，虽然提到了改善环境和管理措施，但未具体说明如何执行或预期效果。",hunyuan-turbos-20250926,85,90,88,92,80,True,False,该回答基于用户提供的环境与临床症状信息，合理推测猪繁殖与呼吸综合征（PRRS）可能性，并结合保育猪阶段特点与环境因素分析，诊断逻辑清晰且符合实际养殖情境。处理方案强调环境改善、采样送检、隔离观察和防疫规范，避免了盲目用药，并明确了禁止擅自使用未经批准的药物以及疫情上报义务，安全性较高。不足之处在于缺乏更具体的鉴别诊断步骤和检测方法细节，以及对环境改善措施的可操作性描述不够细致。,True,ERNIE-4.5-Turbo-32K,partially,review,诊断逻辑合理，结合环境与临床症状推测猪繁殖与呼吸综合征可能性较高，处理方向安全，强调环境改善、采样送检、隔离观察和防疫规范，避免了盲目用药。但存在一些不足，如未详细说明排除其他呼吸道病原混合感染的具体方法或依据，环境改善措施的可操作性描述不够细致，缺乏检测结果出来后的进一步处理策略。,83.0,27,18,22,15,review,15.3,18.53,,1,D:\XF-ChongQin\ai-\results\swine_weak_wiki_production\swine_disease_dataset_production_20260507_141653_dual_reviewed_reselected_20260507_150645.csv
373fab57-874d-5bf4-a983-28077ef20f8d,451,猪链球菌病,swine_hunyuan_turbos,hunyuan-turbos-20250926,成功,,猪,我家有120头保育猪，现在50天左右大，最近两天发现部分猪精神沉郁、采食量明显下降，有的还出现关节肿胀、站立不稳的情况，个别猪呼吸急促，体温偏高，舍内湿度偏大、通风一般，之前用过阿莫西林饮水，但效果不明显，想问下可能是什么问题，该怎么处理？,根据描述的症状（保育猪、精神沉郁、采食下降、关节肿胀、呼吸急促、发热）以及环境因素（高湿、通风差），结合病史（阿莫西林效果不佳），高度怀疑为猪链球菌病（Streptococcus suis）。该病在保育阶段易发，可表现为脑膜炎、败血症、关节炎及呼吸系统症状，需结合实验室检测确认。,建议立即将病猪与健康猪分栏隔离，改善圈舍通风与温湿度管理，适当提高环境温度以减轻代谢负担；采集病猪血液、关节液或脑组织送实验室进行细菌培养与PCR检测，明确病原及药敏情况；在未确诊前避免使用广谱抗生素以防掩盖病情；若确诊为链球菌感染，应根据药敏结果选择敏感抗菌药物，并配合支持疗法（补液、维生素、电解质）；同时加强饲养管理，减少应激因素，防止继发感染。,因未确定具体药物种类与剂量，无法给出确切休药期，须依据所用药物的说明书及当地监管要求执行。,"{""disease_name"": ""猪链球菌病"", ""severity"": ""中等至严重"", ""scene_tags"": [""保育猪"", ""群体发病"", ""采食下降"", ""关节肿胀"", ""呼吸急促"", ""高湿环境""], ""validation_points"": [""症状符合猪链球菌病的典型表现"", ""年龄与环境条件符合该病高发特征"", ""阿莫西林无效提示可能存在耐药""], ""risk_flags"": [""存在人畜共患潜在风险（皮肤破损接触病猪或组织可致人类感染）"", ""需排除其他细菌性疾病如副猪嗜血杆菌病、丹毒等""], ""case_type"": ""保育猪群体发病"", ""target_disease"": ""猪链球菌病"", ""local_flags"": {""species_ok"": true, ""target_disease_in_diagnosis"": true, ""target_disease_mismatch"": false, ""contains_specific_dose"": false, ""contains_specific_withdrawal"": false, ""regulated_bad_treatment"": false}}",False,False,,,True,False,False,D:\XF-ChongQin\ai-\knowledge\llm_wiki_swine_authoritative,1465,887,"猪链球菌病
猪链球菌病、streptococcosis streptococcus suis
保育猪群体发病
群体发病、采食下降、粪便或呼吸道异常，用户想知道主要病因和下一步处理。","{""HUMAN_REVIEWED"": 3, ""NEEDS_REVIEW"": 2}","[""SRC-0001"", ""SRC-0006"", ""SRC-0014"", ""SRC-0075"", ""SRC-0076""]",2076,30.08,ERNIE-4.5-Turbo-32K,82,28,18,20,16,False,True,"整体回答较为准确，诊断逻辑合理，处理方向安全，但存在部分细节可优化。
问题：诊断准确性方面，虽然症状描述与猪链球菌病高度吻合，但未提及实验室检测的必要性，仅作为辅助确认手段，略显不足。；病理逻辑方面，对环境因素（高湿、通风差）与疾病发生的关联性分析不够深入。；处方安全性方面，未确诊前避免使用广谱抗生素的建议合理，但未提供初步应急处理方案。；数据质量方面，风险标识中提到人畜共患风险，但未明确防护措施；休药期说明过于模糊。",hunyuan-turbos-20250926,85,90,80,88,82,False,False,该回答对猪链球菌病的诊断基本准确，症状与环境条件分析合理，处理建议总体安全且符合兽医规范，强调了先确诊再用药的原则，避免了直接推荐具体药物与剂量，降低了风险。不足之处在于环境致病机制解释较浅，缺乏初步应急干预措施，以及人畜共患病防护提示不够明确。,True,ERNIE-4.5-Turbo-32K,True,review,整体回答较为准确，诊断逻辑合理，处理方向安全，但存在部分细节可优化。诊断方面，虽然症状描述与猪链球菌病高度吻合，但未深入提及实验室检测的必要性，仅作为辅助确认手段，略显不足；病理逻辑方面，对环境因素（高湿、通风差）与疾病发生的关联性分析不够深入；处方安全性方面，未确诊前避免使用广谱抗生素的建议合理，但未提供初步应急处理方案；数据质量方面，风险标识中提到人畜共患风险，但未明确防护措施，休药期说明过于模糊。,83.0,28,18,20,16,review,20.77,19.89,,1,D:\XF-ChongQin\ai-\results\swine_weak_wiki_production\swine_disease_dataset_production_20260507_141653_dual_reviewed_reselected_20260507_150645.csv
bda0d1ea-b404-5d63-8c5e-33c4d95fe644,474,猪流感,swine_hunyuan_turbos,hunyuan-turbos-20250926,成功,,猪,我家是200头左右的保育猪，现在60日龄左右，最近几天天气忽冷忽热，加上舍里通风不太好，早上起来能闻到一股氨味，这几天陆续有猪开始咳嗽、喘气，有的还精神不好、吃料慢了，体温测了几头都在40℃上下。之前没用过什么药，这种情况是感冒还是环境问题？要怎么处理？,根据描述，考虑为猪流感病毒感染合并环境性呼吸道刺激（氨气等有害气体），不排除继发细菌感染的可能。保育猪阶段对温度和空气质量变化敏感，通风不良及有害气体会加重呼吸道黏膜损伤，使病毒更易入侵并引发临床症状。,立即改善圈舍通风，降低氨气浓度，调整温度减少昼夜温差；加强保温措施，防止贼风直吹；观察并记录发病猪数量、体温、呼吸频率及死亡情况；采集鼻拭子或肺组织送实验室进行流感病毒PCR检测，必要时做细菌培养；若病情进展快且伴有高死亡率，应配合主管部门按重大动物疫病防控流程处置；严禁随意使用抗生素掩盖症状，避免延误诊断。,因未涉及具体药物处方，无明确休药期说明；如后续确诊需用药，应按药品说明书执行并遵守停药期规定。,"{""disease_name"": ""猪流感"", ""severity"": ""中等至严重（视继发感染和死亡率而定）"", ""scene_tags"": [""保育猪"", ""呼吸道症状"", ""环境应激"", ""氨气"", ""温差大""], ""validation_points"": [""症状符合猪流感特征（高热、咳嗽、喘气、食欲下降）"", ""环境因素（通风差、氨气重、温差大）可诱发或加重呼吸道疾病"", ""需要实验室检测确认病原体""], ""risk_flags"": [""可能继发细菌感染"", ""存在重大动物疫病监测需求""], ""case_type"": ""呼吸道环境诱因"", ""target_disease"": ""猪流感"", ""local_flags"": {""species_ok"": true, ""target_disease_in_diagnosis"": true, ""target_disease_mismatch"": false, ""contains_specific_dose"": false, ""contains_specific_withdrawal"": false, ""regulated_bad_treatment"": false}}",False,False,,,True,False,False,D:\XF-ChongQin\ai-\knowledge\llm_wiki_swine_authoritative,1465,887,"猪流感
猪流感、influenza viruses
呼吸道环境诱因
通风差、氨气重或温差大后出现咳嗽喘气，用户想区分环境应激和传染病。","{""HUMAN_REVIEWED"": 3}","[""RC-RESP-001"", ""SRC-0001"", ""SRC-0042"", ""SRC-0043"", ""SRC-0049"", ""SRC-0050"", ""SRC-0058"", ""SRC-0059"", ""SRC-0066"", ""SRC-0069"", ""SRC-0070"", ""SRC-0086""]",2221,31.07,ERNIE-4.5-Turbo-32K,82,28,18,23,13,False,True,"整体回答质量较高，诊断准确，逻辑清晰，处理方向安全合理，符合猪流感诊断与处理规范。诊断考虑了环境因素与病毒感染的相互作用，处理建议全面且安全，但数据质量方面存在一定不足，如未详细说明实验室检测的具体流程和必要性。
问题：诊断准确性方面，虽然考虑了环境因素与病毒感染的相互作用，但未明确说明猪流感与其他呼吸道疾病的鉴别诊断要点。；病理逻辑方面，对继发细菌感染的可能性提及较少，未详细阐述其发生机制和影响。；处方安全性方面，处理建议全面且安全，但未提供具体的药物选择建议（虽当前场景未要求，但可增强回答完整性）。；数据质量方面，未详细说明实验室检测的具体流程和必要性，对用户实际操作指导性不足。",hunyuan-turbos-20250926,85,90,88,95,80,False,False,该回答在诊断上结合了环境与病原因素，准确识别猪流感可能，并提示继发感染风险；处理方案注重通风、保温、监测及送检，避免了盲目用药，符合安全原则。不足之处在于缺乏鉴别诊断细节、继发感染机制解释以及实验室检测操作指引，导致部分信息不够完整。,True,ERNIE-4.5-Turbo-32K,True,review,整体回答质量较高，诊断准确，考虑了环境因素与病毒感染的相互作用，处理建议全面且安全，符合猪流感诊断与处理规范。但存在一些不足，如未明确说明猪流感与其他呼吸道疾病的鉴别诊断要点，对继发细菌感染的可能性提及较少且未详细阐述其发生机制和影响，未详细说明实验室检测的具体流程和必要性，对用户实际操作指导性不足。,83.0,28,18,23,13,review,22.44,16.81,,1,D:\XF-ChongQin\ai-\results\swine_weak_wiki_production\swine_disease_dataset_production_20260507_141653_dual_reviewed_reselected_20260507_150645.csv
8929a0e1-8120-58a2-9d69-6dccaa49cbe1,487,仔猪梭菌性肠炎,swine_hunyuan_turbos,hunyuan-turbos-20250926,成功,,猪,我家有200头母猪，现在产房里刚出生5天的仔猪陆续出现拉黄色稀粪的情况，有的窝全窝都拉，精神还行但吃奶量下降，体温测着正常，没有呕吐，圈舍温度保持在30℃左右，之前没用过什么药，这种情况是啥原因？要不要做化验？,根据日龄（5日龄）、整窝发病、黄色稀粪、无高热呕吐等特征，考虑为仔猪梭菌性肠炎可能性大，但也需与新生仔猪ETEC腹泻、轮状病毒、TGEV、PEDV及Isospora suis等鉴别。建议结合实验室检测明确病原。,treatment_direction: 针对疑似梭菌性肠炎，可使用敏感抗生素控制继发感染，配合补液纠正脱水和电解质失衡；如确诊其他病原则调整方案。；management_measures: 保持产房温暖干燥，减少应激，及时清理粪便，防止交叉污染；对发病窝进行隔离观察。；sampling_for_testing: 采集新鲜腹泻粪便送实验室进行细菌培养、PCR检测（包括C. perfringens、C. difficile、轮状病毒、TGEV、PEDV等），必要时取肠内容物检查寄生虫卵。；prohibited_boundaries: 严禁随意使用未经批准的兽药；发现高致死率或大面积暴发时，应立即向当地动物防疫部门报告，不得擅自处理。,因涉及多种可能病因，具体休药期需依据最终确诊病原及所用药物确定，须遵循国家相关规定执行。,"{""disease_name"": ""仔猪梭菌性肠炎"", ""severity"": ""中等"", ""scene_tags"": [""新生仔猪"", ""整窝发病"", ""黄色稀粪"", ""低日龄""], ""validation_points"": [""按日龄分层鉴别腹泻病因"", ""涵盖细菌、病毒、寄生虫等多类病原"", ""强调采样送检的重要性""], ""risk_flags"": [""潜在重大疫情风险"", ""需排除人畜共患病""], ""case_type"": ""腹泻采样送检"", ""target_disease"": ""仔猪梭菌性肠炎"", ""local_flags"": {""species_ok"": true, ""target_disease_in_diagnosis"": true, ""target_disease_mismatch"": false, ""contains_specific_dose"": false, ""contains_specific_withdrawal"": false, ""regulated_bad_treatment"": false}}",False,False,,,True,False,False,D:\XF-ChongQin\ai-\knowledge\llm_wiki_swine_authoritative,1465,887,"仔猪梭菌性肠炎
仔猪梭菌性肠炎、clostridial diseases
腹泻采样送检
用户描述粪便性状、日龄和病程，重点询问如何鉴别病毒性、细菌性或寄生虫性腹泻。","{""HUMAN_REVIEWED"": 2, ""NEEDS_REVIEW"": 2}","[""RC-DIARRHEA-001"", ""SRC-0001"", ""SRC-0007"", ""SRC-0030"", ""SRC-0052"", ""SRC-0062"", ""SRC-0063"", ""SRC-0064"", ""SRC-0071"", ""SRC-0072"", ""SRC-0073"", ""SRC-0077"", ""SRC-0081""]",2221,28.8,ERNIE-4.5-Turbo-32K,82,27,18,22,15,False,True,"整体回答较为全面，诊断考虑了多种可能性，鉴别诊断合理，治疗方向安全，但数据质量方面存在一定不足，如未详细说明采样送检的具体流程和注意事项。
问题：诊断准确性方面，虽然考虑了多种可能性，但对仔猪梭菌性肠炎的特征性描述不够详细，可进一步增强针对性。；病理逻辑方面，对鉴别诊断的阐述稍显简略，可增加对各疾病特征的对比分析。；处方安全方面，治疗方向和管理措施基本合理，但未明确敏感抗生素的具体种类和使用方法。；数据质量方面，采样送检的描述不够详细，未提及采样量、保存条件等关键信息。",hunyuan-turbos-20250926,85,4,4,5,3,False,False,该回答在诊断上考虑了主要疾病及常见鉴别诊断，符合临床实际；治疗与管理措施安全且包含必要的防疫边界提示；但部分细节不足，如梭菌性肠炎的典型病理特征描述较少，鉴别诊断缺乏对比分析，采样送检流程不够细化，可能影响实际操作的可执行性。,True,ERNIE-4.5-Turbo-32K,partially,review,诊断考虑了多种可能性，鉴别诊断合理，治疗方向和管理措施安全，但存在一些细节不足，如对仔猪梭菌性肠炎的典型临床表现描述不足，鉴别诊断缺乏对比分析，采样送检流程未说明样本量、保存运输条件等关键操作细节，可能影响实际操作的可执行性。,83.0,27,18,22,15,review,20.52,17.11,,1,D:\XF-ChongQin\ai-\results\swine_weak_wiki_production\swine_disease_dataset_production_20260507_141653_dual_reviewed_reselected_20260507_150645.csv
9442fd7c-0cc7-5519-a02c-f633f69a1e5d,32,猪戊型肝炎,swine_hunyuan_turbos,hunyuan-turbos-20250926,成功,,猪,我家有120头70公斤左右的育肥猪，最近半个月陆续有几头出现精神沉郁、食欲下降、粪便稀软、部分猪眼结膜发黄的情况，体温在39℃左右，用了氟苯尼考和多西环素拌料喂了7天，症状没明显好转，反而又有几头开始拉黄绿色水样便。圈舍通风一般，湿度偏高，饲料没有更换过。想问这种情况还能继续用这些药吗？会不会是人畜共患病？,根据描述的症状表现（黄疸、腹泻、发热）及用药史，结合育肥猪阶段易感性，需高度怀疑猪戊型肝炎病毒感染可能。该病为病毒性传染病，对常用抗生素无特效，且存在一定的人兽共患风险，需进一步通过实验室检测确诊。,treatment_direction: 停止继续使用原抗生素方案，因本病为病毒引起，抗生素无效；应重点加强饲养管理，减少应激，改善圈舍通风与干燥度，防止继发细菌感染。；management_measures: 立即隔离发病猪只，限制人员、工具交叉使用；全群监测采食与精神状态；保持饮水清洁，适当补充维生素C等增强抵抗力。；sampling_testing: 采集发病猪的血清、粪便样本送具备资质的实验室进行HEV抗原或核酸检测，必要时做病理组织学检查。；prohibited_boundaries: 严禁将病死猪随意丢弃或出售；禁止在未确诊前将猪只外调；若确诊为法定重大疫病，须按主管部门要求进行封锁、扑杀和无害化处理。,因本病为病毒性感染，不涉及化学药物残留问题，但若后续使用合法兽药，应严格遵循该药品的官方休药期规定并符合食品安全要求。,"{""disease_name"": ""猪戊型肝炎"", ""severity"": ""中等至严重"", ""scene_tags"": [""育肥猪"", ""黄疸"", ""腹泻"", ""发热"", ""人兽共患风险""], ""validation_points"": [""症状与戊型肝炎临床表现相符"", ""抗生素治疗无效提示非细菌性病因"", ""存在潜在人兽共患风险需谨慎处理""], ""risk_flags"": [""人兽共患风险"", ""重大动物疫病防控边界""], ""case_type"": ""育肥猪用药咨询"", ""target_disease"": ""猪戊型肝炎"", ""local_flags"": {""species_ok"": true, ""target_disease_in_diagnosis"": true, ""target_disease_mismatch"": false, ""contains_specific_dose"": false, ""contains_specific_withdrawal"": false, ""regulated_bad_treatment"": false}}",False,False,,,True,False,False,D:\XF-ChongQin\ai-\knowledge\llm_wiki_swine_authoritative,1465,887,"猪戊型肝炎
猪戊型肝炎、hepatitis e virus
育肥猪用药咨询
育肥猪出现典型症状，用户已经用过常见药物但效果一般，询问是否继续用药。","{""HUMAN_REVIEWED"": 3, ""NEEDS_REVIEW"": 2}","[""SRC-0001"", ""SRC-0008"", ""SRC-0012"", ""SRC-0014"", ""SRC-0015"", ""SRC-0040""]",2105,31.76,ERNIE-4.5-Turbo-32K,88,28,18,23,20,False,True,"整体回答质量较高，诊断准确性、病理逻辑、处方安全性和数据质量均表现良好，无明显致命风险，符合通过标准。
问题：诊断准确性方面，虽然症状描述与猪戊型肝炎相符，但未明确提及实验室检测的重要性，仅在后续建议中提及，可进一步强化诊断依据的明确性。；病理逻辑方面，对猪戊型肝炎的病理机制解释不够深入，仅描述了症状和用药史，未详细阐述病毒如何导致这些症状。；处方安全性方面，虽然停止使用抗生素的建议是正确的，但未提供具体的替代治疗方案或抗病毒药物建议（尽管目前无特效抗病毒药，但可提及支持性治疗）。；数据质量方面，场景标签和验证点较为全面，但风险标志中提及的'重大动物疫病防控边界'未在回答中明确体现其具体含义或应对措施。",hunyuan-turbos-20250926,85,4,3.5,4.5,4,False,False,回答总体准确，能够识别猪戊型肝炎的可能性，并给出合理的停药与管理建议，同时强调了实验室检测和生物安全措施，避免了危险用药建议。但在诊断依据表述上略显不足，未充分强调实验室确诊的重要性；病理机制解释较浅；处方虽安全，但缺乏更明确的支持性治疗说明；数据质量较好，但重大疫病防控边界的具体措施未细化。,True,ERNIE-4.5-Turbo-32K,True,review,回答总体准确，能够识别猪戊型肝炎的可能性，并给出合理的停药与管理建议，同时强调了实验室检测和生物安全措施，避免了危险用药建议。但存在一些不足，包括诊断依据表述上略显不足，未充分强调实验室确诊的重要性；病理机制解释较浅；处方虽安全，但缺乏更明确的支持性治疗说明；数据质量较好，但重大疫病防控边界的具体措施未细化。,82.0,28,18,23,20,review,22.86,18.2,,1,D:\XF-ChongQin\ai-\results\swine_weak_wiki_production\swine_disease_dataset_production_20260507_141653_dual_reviewed_reselected_20260507_150645.csv
2d1da524-fd62-5529-89d3-364a51328e94,264,猪水疱性口炎,swine_hunyuan_turbos,hunyuan-turbos-20250926,成功,,猪,我家有200头120公斤左右的育肥猪，这几天有几头出现口腔和蹄部起水疱、流涎、跛行的情况，已经持续三四天了，之前没用过什么药，圈舍比较潮湿，通风一般。现在快到出栏时间了，这种情况还能治吗？会不会影响卖猪？需要怎么处理？,根据描述的症状（口腔及蹄部水疱、流涎、跛行），高度怀疑为水疱性疾病，如猪水疱性口炎（VS）、口蹄疫（FMD）、猪水疱疹（SVD）等，这些疾病在临床上难以区分，必须通过实验室检测进行确诊。,立即将可疑病例与健康猪隔离，减少接触传播；对发病猪加强护理，保持圈舍干燥清洁，防止继发感染；采集病变组织（水疱液、上皮组织）送有资质的实验室进行病毒学检测，明确病原；在未确诊前，禁止出售、运输、屠宰该批猪，并限制人员、车辆流动；若确诊为猪水疱性口炎等非法定烈性病，可在兽医指导下采取对症支持治疗，但需遵守当地防疫规定；严禁使用未经批准的兽药或人用药品。,在确诊并获准治疗后，应严格遵守所用药物的休药期规定，并在兽医确认安全后方可出栏销售。未获批准前不得进入流通环节。,"{""disease_name"": ""猪水疱性口炎"", ""severity"": ""中等至严重（取决于是否扩散及是否为其他更烈性病）"", ""scene_tags"": [""育肥猪"", ""水疱性病变"", ""临近出栏"", ""潮湿环境""], ""validation_points"": [""症状符合水疱病特征"", ""需实验室鉴别排除口蹄疫等烈性病"", ""隔离与送检是必要措施""], ""risk_flags"": [""可能为人畜共患或重大动物疫病（需实验室确认）"", ""存在跨区域传播风险"", ""临近出栏需严格管控流向""], ""case_type"": ""上市休药期咨询"", ""target_disease"": ""猪水疱性口炎"", ""local_flags"": {""species_ok"": true, ""target_disease_in_diagnosis"": true, ""target_disease_mismatch"": false, ""contains_specific_dose"": false, ""contains_specific_withdrawal"": false, ""regulated_bad_treatment"": false}}",False,False,,,True,False,False,D:\XF-ChongQin\ai-\knowledge\llm_wiki_swine_authoritative,1465,887,"猪水疱性口炎
猪水疱性口炎、vesicular stomatitis viruses
上市休药期咨询
用户接近出栏，关心治疗方向和用药后能否出栏销售。","{""HUMAN_REVIEWED"": 3, ""NEEDS_REVIEW"": 2}","[""SRC-0001"", ""SRC-0054""]",2104,30.77,ERNIE-4.5-Turbo-32K,85,28,18,22,17,False,True,"整体回答较为全面，诊断方向合理，考虑了多种水疱性疾病的可能性，并强调了实验室检测的重要性。处理方向安全，符合疾病防控要求，且考虑了出栏前的安全管控。但诊断准确性、病理逻辑、处方安全性和数据质量方面仍有提升空间。
问题：诊断准确性方面，虽然提到了多种水疱性疾病，但对猪水疱性口炎的针对性描述稍显不足，未充分结合症状与疾病特征进行深入分析。；病理逻辑方面，对疾病传播途径和防控措施的描述较为笼统，缺乏具体细节。；处方安全性方面，虽然强调了禁止使用未经批准的兽药或人用药品，但未提供具体的对症支持治疗建议。；数据质量方面，症状描述与疾病特征的匹配度有待提高，且未提及猪水疱性口炎的典型病理变化。",hunyuan-turbos-20250926,80,75,78,82,76,False,False,回答覆盖了主要风险点，强调实验室确诊、隔离、禁售等安全边界，避免了危险用药建议，符合基本规范。但在猪水疱性口炎的特征识别上不够精准，未结合其典型病理表现细化分析，部分防控细节较笼统，缺少针对该病的具体对症支持措施说明。,True,ERNIE-4.5-Turbo-32K,True,review,回答整体方向正确，诊断考虑了多种水疱性疾病的可能性，并强调了实验室检测的重要性，处理方向安全，符合疾病防控要求。但诊断中对猪水疱性口炎的针对性描述不足，未充分结合症状与疾病特征进行深入分析，防控与护理建议偏笼统，缺乏针对猪水疱性口炎的具体对症支持治疗方向，且未详细阐述传播途径与防控细节。,82.0,28,18,22,17,review,22.03,19.89,,1,D:\XF-ChongQin\ai-\results\swine_weak_wiki_production\swine_disease_dataset_production_20260507_141653_dual_reviewed_reselected_20260507_150645.csv
7e00c27e-fbc3-556d-a5f6-0cd4c8dfd911,332,塞内卡病毒A感染,swine_hunyuan_turbos,hunyuan-turbos-20250926,成功,,猪,我家有120头90公斤左右的育肥猪，最近一周陆续发现几头猪精神沉郁、采食下降，口腔和蹄部出现小水疱，部分破溃结痂，体温在39℃左右，用过阿莫西林和多维饮水三天，症状没明显好转。请问还能继续用这些药吗？需要换什么方案？,根据描述的症状（高热、口腔溃疡、蹄部水疱及破溃）以及育肥猪的易感性，高度怀疑为塞内卡病毒A感染。该病属于病毒性水疱病，与口蹄疫等相似，但病原不同。建议尽快采集病变组织、唾液或粪便送实验室PCR检测确诊。,treatment_direction: 目前无特效抗病毒药物，主要采取支持疗法和对症处理，缓解继发细菌感染。；management_measures: 将发病猪与健康猪分群饲养，减少应激，提供清洁饮水和易消化饲料，保持圈舍干燥通风。对口腔损伤严重的猪可局部清洗消毒，防止继发感染。；sampling_submission: 采集口腔病变组织、水疱液、唾液或粪便样本送具备资质的实验室进行塞内卡病毒A核酸检测，必要时同时排查口蹄疫等其他水疱病。；prohibited_boundaries: 禁止随意使用未经批准的兽药或超范围用药；严禁隐瞒疫情，如检测结果提示重大动物疫病，应立即按当地畜牧部门要求进行隔离、封锁和处置。,因属病毒性感染且暂无批准的治疗性用药，若曾使用抗生素控制继发感染，应依据所用药品说明书执行相应休药期管理，并在出栏前确保符合食品安全要求。,"{""disease_name"": ""塞内卡病毒A感染"", ""severity"": ""中等至严重（视继发感染和死亡率而定）"", ""scene_tags"": [""育肥猪"", ""水疱病"", ""发热"", ""口腔溃疡"", ""蹄部病变""], ""validation_points"": [""症状与塞内卡病毒A感染相符"", ""已尝试常规抗菌和支持治疗无效"", ""建议通过实验室检测确诊""], ""risk_flags"": [""需排除口蹄疫等重大动物疫病"", ""存在继发细菌感染风险""], ""case_type"": ""育肥猪用药咨询"", ""target_disease"": ""塞内卡病毒A感染"", ""local_flags"": {""species_ok"": true, ""target_disease_in_diagnosis"": true, ""target_disease_mismatch"": false, ""contains_specific_dose"": false, ""contains_specific_withdrawal"": false, ""regulated_bad_treatment"": false}}",False,False,,,True,False,False,D:\XF-ChongQin\ai-\knowledge\llm_wiki_swine_authoritative,1465,887,"塞内卡病毒A感染
塞内卡病毒A感染、senecavirus a picornaviruses
育肥猪用药咨询
育肥猪出现典型症状，用户已经用过常见药物但效果一般，询问是否继续用药。","{""HUMAN_REVIEWED"": 1, ""NEEDS_REVIEW"": 4}","[""SRC-0001"", ""SRC-0015""]",2123,28.76,ERNIE-4.5-Turbo-32K,88,28,18,23,20,False,True,"该回答整体上对塞内卡病毒A感染的诊断、处理方向和安全措施进行了较为准确的描述，符合测试数据有效性的要求。诊断准确度较高，病理逻辑合理，处方安全且与疾病相互印证，数据质量良好。
问题：诊断部分对症状的描述与疾病匹配度较高，但未详细说明为何排除其他类似疾病（如口蹄疫）的依据，病理逻辑略有欠缺。；数据质量方面，虽然场景标签和验证点较为全面，但风险标志中提到的'需排除口蹄疫等重大动物疫病'未在诊断或处理中进一步强调其重要性。；处方安全部分未明确提及具体抗生素的休药期，仅泛泛而谈，略显不足。",hunyuan-turbos-20250926,85,4,3.5,4,4,False,False,整体数据与塞内卡病毒A感染的临床特征相符，诊断思路清晰，处理方案以对症和支持为主，并强调了采样送检与安全防控，无明显危险建议。不足之处在于未充分说明与其他水疱病（如口蹄疫）的鉴别要点，也未在处方中明确抗生素休药期的具体管理细节。,True,ERNIE-4.5-Turbo-32K,True,review,诊断方向基本准确，与疾病特征匹配，但未充分说明与其他水疱病（如口蹄疫）的鉴别要点，可能影响现场快速决策；处置方案以对症和支持为主，安全合理，但未明确抗生素休药期的具体管理细节，存在信息不完整的风险；未突出重大动物疫病上报与应急处置的重要性。整体数据质量良好，但存在轻微不足，需补充鉴别诊断要点、明确休药期管理原则，并强化重大动物疫病防控意识。,82.0,28,18,23,20,review,18.76,23.56,,1,D:\XF-ChongQin\ai-\results\swine_weak_wiki_production\swine_disease_dataset_production_20260507_141653_dual_reviewed_reselected_20260507_150645.csv
fd286f15-67e9-56de-a36f-ef54a1452903,159,猪链球菌病,swine_hunyuan_turbos,hunyuan-turbos-20250926,成功,,猪,我这边是300头基础母猪的种猪场，最近半个月陆续有7头怀孕后期母猪出现早产、死胎，还有两头公猪精神沉郁、采精量下降。之前没用过什么特殊药物，圈舍通风一般，温度偏高。想问下这是不是传染病？还能不能继续配种？,根据描述，存在妊娠母猪流产、死胎及公猪繁殖性能下降的情况，结合猪链球菌病的流行病学特点，应高度怀疑由猪链球菌引起的繁殖障碍综合征。该病可通过血液途径经胎盘感染胎儿，也可影响公猪睾丸及附睾功能，导致精液质量下降。同时需排除其他细菌性、病毒性（如PCV2）及环境因素导致的繁殖问题。,treatment_direction: 立即隔离发病母猪和受影响公猪，采集流产胎儿、胎盘组织及公猪精液送实验室进行细菌培养、PCR检测及药敏试验，明确病原并指导用药。对全场猪群加强生物安全，减少应激，改善通风降温条件。；management_measures: 暂停配种计划，直至检测结果明确且疫情得到控制；加强产房和公猪舍卫生消毒；减少人员、工具交叉使用；观察未发病母猪体温、食欲及发情情况。；sampling_and_testing: 采集流产胎儿、胎盘、公猪精液及部分健康母猪血样，进行猪链球菌分离鉴定、血清型分型及耐药性检测；必要时做病理剖检以排除其他病因。；prohibited_actions: 在未确诊前不得使用广谱抗生素盲目治疗，以免掩盖病情或延误防控；严禁将疑似病猪及其后代流入市场或与其他猪群混养。,因涉及潜在重大疫病调查，暂不建议销售任何受波及猪只，直至主管部门出具无害化处理或复养许可意见。,"{""disease_name"": ""猪链球菌病"", ""severity"": ""中等至严重（可导致繁殖力显著下降，经济损失大）"", ""scene_tags"": [""种猪场"", ""繁殖障碍"", ""流产"", ""死胎"", ""公猪性能下降""], ""validation_points"": [""猪链球菌可通过血液途径引起妊娠母猪流产和死胎"", ""公猪感染后可表现为精神沉郁、精液量减少"", ""需通过实验室检测区分猪链球菌与其他繁殖障碍病因""], ""risk_flags"": [""可能为人兽共患病风险（人接触病猪或生肉时需注意防护）"", ""可能影响全群繁殖力，需及时隔离和检测""], ""case_type"": ""种猪繁殖障碍"", ""target_disease"": ""猪链球菌病"", ""local_flags"": {""species_ok"": true, ""target_disease_in_diagnosis"": true, ""target_disease_mismatch"": false, ""contains_specific_dose"": false, ""contains_specific_withdrawal"": false, ""regulated_bad_treatment"": false}}",False,False,,,True,False,False,D:\XF-ChongQin\ai-\knowledge\llm_wiki_swine_authoritative,1465,887,"猪链球菌病
猪链球菌病、streptococcosis streptococcus suis
种猪繁殖障碍
种猪场出现流产、死胎、返情或公猪异常，用户担心传染病和是否继续配种。","{""HUMAN_REVIEWED"": 3, ""NEEDS_REVIEW"": 2}","[""SRC-0001"", ""SRC-0014"", ""SRC-0025"", ""SRC-0035"", ""SRC-0075"", ""SRC-0076""]",2118,31.79,ERNIE-4.5-Turbo-32K,82,28,18,20,16,False,True,"整体回答质量较高，诊断方向合理，考虑了猪链球菌病的流行病学特点及繁殖障碍表现，并提出了实验室检测以明确诊断。处理方向安全，重视生物安全措施，避免了盲目用药。但存在部分细节可优化，如数据质量方面可增加更多具体症状描述，病理逻辑部分可进一步细化鉴别诊断思路。
问题：diagnosis_accuracy: 诊断准确性较高，但未完全排除其他病毒性繁殖障碍疾病（如PCV2）的可能性，仅提及需排除，未详细说明鉴别方法。；pathology_logic: 病理逻辑基本合理，但鉴别诊断部分可更详细，如增加对其他常见繁殖障碍疾病（如布鲁氏菌病、伪狂犬病）的简要对比分析。；prescription_safety: 处理方向安全，但‘暂不建议销售任何受波及猪只’的表述可能过于绝对，建议根据检测结果和主管部门意见灵活调整。；data_quality: 数据质量一般，用户查询中症状描述较笼统，回答中未进一步追问或补充具体症状（如母猪流产前是否有发热、食欲下降等）。",hunyuan-turbos-20250926,80,85,80,90,75,False,False,该数据整体结构完整，诊断方向符合猪链球菌病在繁殖障碍方面的典型表现，处理方案强调实验室检测和生物安全，避免盲目用药，安全性高。不足之处在于鉴别诊断不够细致，未充分展开其他可能的繁殖障碍病因排查，且对用户提供的症状信息利用不足，缺乏针对性追问。,True,ERNIE-4.5-Turbo-32K,True,review,整体回答质量较高，诊断方向合理，考虑了猪链球菌病的流行病学特点及繁殖障碍表现，并提出了实验室检测以明确诊断。处理方向安全，重视生物安全措施，避免了盲目用药。但存在部分细节可优化，如鉴别诊断部分可更详细，增加对其他常见繁殖障碍疾病（如布鲁氏菌病、伪狂犬病、PCV2等）的简要对比分析；数据质量方面可增加更多具体症状描述，基于现有症状进一步询问关键临床细节（如发热、食欲变化、流产时间分布等），以便更好区分病因。,81.0,28,18,20,16,review,22.76,19.96,,1,D:\XF-ChongQin\ai-\results\swine_weak_wiki_production\swine_disease_dataset_production_20260507_141653_dual_reviewed_reselected_20260507_150645.csv
8475822c-e9b8-5588-8090-d18be95c8c1d,488,仔猪水肿病,swine_hunyuan_turbos,hunyuan-turbos-20250926,成功,,猪,我家有120头60公斤左右的育肥猪，还有半个月就准备出栏了，这几天有几头开始拉稀，精神还行，但眼睑和头部有点肿，走路不稳，体温正常。之前没用过什么药，圈舍通风一般，粪便偏稀带点泡沫。这种情况还能继续养到出栏吗？要不要隔离或者打针？会不会影响卖猪？,根据描述，考虑为仔猪水肿病（Edema Disease），由产Stx2e毒素的肠致病性大肠杆菌（EDEC）引起，表现为突然发病、眼睑及面部水肿、共济失调，部分病例伴轻度腹泻。该病常在应激条件下发生，如饲养密度高、饲料变化、通风不良等。,treatment_direction: 立即将有明显症状的个体与健康猪隔离，减少应激因素，改善通风和饮水卫生；针对细菌感染可使用敏感抗生素进行对症治疗，同时配合支持疗法维持电解质平衡。；management_measures: 加强圈舍清洁消毒，降低饲养密度，保证饲料新鲜且营养均衡，避免突然换料或添加刺激性物质。；sampling_and_testing: 采集病猪血液、粪便及组织样本送实验室检测，明确是否为EDEC感染及毒素型别，必要时做药敏试验指导用药。；prohibited_boundaries: 严禁使用未经批准的违禁药物；对疑似重大疫病应立即向当地畜牧兽医部门报告，不得擅自出售或运输病猪。,因涉及抗生素治疗，需严格遵守所用药物的休药期规定，并在出栏前确保停药时间足够，符合食品安全要求后方可上市。,"{""disease_name"": ""仔猪水肿病"", ""severity"": ""中等至严重"", ""scene_tags"": [""育肥猪"", ""临近出栏"", ""神经症状"", ""水肿""], ""validation_points"": [""存在典型的水肿病临床症状（眼睑及面部水肿、共济失调）"", ""发病与环境应激条件相符"", ""需要结合实验室检测确诊""], ""risk_flags"": [""临近出栏期疾病可能影响销售"", ""存在传染扩散风险需隔离管理"", ""涉及抗生素治疗需关注休药期合规性""], ""case_type"": ""腹泻出栏边界"", ""target_disease"": ""仔猪水肿病"", ""local_flags"": {""species_ok"": true, ""target_disease_in_diagnosis"": true, ""target_disease_mismatch"": false, ""contains_specific_dose"": false, ""contains_specific_withdrawal"": false, ""regulated_bad_treatment"": false}}",False,False,,,True,False,False,D:\XF-ChongQin\ai-\knowledge\llm_wiki_swine_authoritative,1465,887,"仔猪水肿病
仔猪水肿病、edema disease e coli
腹泻出栏边界
临近出栏猪群出现腹泻，用户关心处理方向、隔离和用药后能否销售。","{""HUMAN_REVIEWED"": 3, ""NEEDS_REVIEW"": 2}","[""SRC-0001"", ""SRC-0063"", ""SRC-0064""]",2141,28.79,ERNIE-4.5-Turbo-32K,82,28,18,20,16,False,True,"整体回答较为准确，诊断方向正确，考虑了环境应激因素，处理方向安全，但存在部分细节可优化，如诊断依据的充分性、病理逻辑的完整性、数据质量的提升空间。
问题：诊断依据中未充分结合实验室检测结果，仅依赖临床症状，存在一定误诊风险。；病理逻辑部分对疾病发生机制的解释不够深入，未详细说明水肿与神经症状的关联。；数据质量方面，症状描述与疾病匹配度较高，但未提及猪群整体健康状况的评估。；处方安全部分未明确具体抗生素种类及剂量，仅提及‘敏感抗生素’，可能影响实际操作的准确性。",hunyuan-turbos-20250926,80,85,75,80,78,False,False,该数据整体真实可信，用户描述的场景（育肥猪临出栏前突发眼睑水肿、共济失调、轻度腹泻）与仔猪水肿病的典型表现相符，诊断方向正确并考虑了应激诱因。处理方案包含隔离、改善环境、送检确诊、合理用药等合理措施，并强调了禁止违规用药和重大疫病上报的安全边界。不足之处在于诊断缺乏实验室确认依据，病理机制解释较浅，未说明水肿与神经症状的具体联系，以及未细化抗生素选择策略。,True,ERNIE-4.5-Turbo-32K,True,review,诊断方向正确，考虑了应激诱因，处理方案包含隔离、改善环境、送检确诊、合理用药等合理措施，并强调了禁止违规用药和重大疫病上报的安全边界。但诊断主要依赖临床症状，缺少实验室检测验证，存在误诊可能；病理机制阐述不足，未详细解释水肿与神经症状之间的因果关系；处方中未明确抗生素类别，可能导致实际操作偏差；未对猪群整体健康状态作进一步评估。,81.0,28,18,20,16,review,19.52,21.25,,1,D:\XF-ChongQin\ai-\results\swine_weak_wiki_production\swine_disease_dataset_production_20260507_141653_dual_reviewed_reselected_20260507_150645.csv
163dbdff-395b-5b71-bd71-cf2d3dbe4ef7,23,猪杯状病毒感染,swine_hunyuan_turbos,hunyuan-turbos-20250926,成功,,猪,我家有200多头育肥猪，平均体重在60公斤左右，最近一周陆续出现精神沉郁、食欲下降、部分猪拉稀的情况，个别猪体温偏高到40℃以上，粪便偏黄绿色带黏液。之前用过恩诺沙星拌料三天，效果不明显。现在想先采样送检看看是不是病毒性腹泻，请问应该采哪些样？怎么保存送过去？另外怕误诊耽误病情，有什么注意事项吗？,根据描述的临床表现（精神沉郁、食欲减退、腹泻、发热）以及使用抗生素无效的情况，结合流行病学特征，高度怀疑为病毒性腹泻类疾病，其中可能包括猪杯状病毒感染等。该病多为粪口途径传播，常呈群发，需通过实验室检测确诊。,treatment_direction: 目前无特效抗病毒药物，应以支持疗法为主，维持电解质平衡、防止继发细菌感染。；management_measures: 立即隔离发病猪，加强圈舍通风与保温，减少应激；全群饮水中添加多维电解质；清理并消毒排泄物污染区域；暂停引入新猪。；sampling_for_testing: 采集新鲜粪便（最好来自不同栏位）、口腔拭子或直肠内容物，冷藏保存并在24小时内送检；必要时可加采血液样本进行血清学检测。；prohibited_actions: 严禁随意使用未经批准的兽药或人用药品；在未确诊前不可盲目投喂广谱抗生素以防掩盖病情；禁止将病死猪随意丢弃或出售。,因未使用特定药物，暂无明确休药期要求；若后续使用抗生素，应严格遵循说明书规定执行。,"{""disease_name"": ""猪杯状病毒感染"", ""severity"": ""中等至严重"", ""scene_tags"": [""育肥猪"", ""病毒性腹泻"", ""采样送检"", ""群发性""], ""validation_points"": [""症状符合病毒性腹泻表现且抗生素治疗无效"", ""建议多部位采样以提高检出率"", ""强调隔离与生物安全措施""], ""risk_flags"": [""潜在重大动物疫病风险，需及时送检排除其他烈性病"", ""存在交叉感染风险，需强化圈舍管理""], ""case_type"": ""采样送检咨询"", ""target_disease"": ""猪杯状病毒感染"", ""local_flags"": {""species_ok"": true, ""target_disease_in_diagnosis"": true, ""target_disease_mismatch"": false, ""contains_specific_dose"": false, ""contains_specific_withdrawal"": false, ""regulated_bad_treatment"": false}}",False,False,,,True,False,False,D:\XF-ChongQin\ai-\knowledge\llm_wiki_swine_authoritative,1465,887,"猪杯状病毒感染
猪杯状病毒感染、caliciviruses norovirus sapovirus vesicular exanthema virus
采样送检咨询
用户描述症状后，重点询问采什么样品、如何判断和如何避免误治。","{""HUMAN_REVIEWED"": 3, ""NEEDS_REVIEW"": 2}","[""SRC-0001"", ""SRC-0034""]",2166,30.65,ERNIE-4.5-Turbo-32K,82,27,18,23,14,False,True,"该回答整体上对猪杯状病毒感染的诊断、采样建议、治疗方向及管理措施进行了较为全面的阐述，符合测试数据有效性的要求。诊断准确性较高，症状与疾病匹配合理，治疗方向安全，管理措施得当。但在数据质量和病理逻辑方面存在一定不足，需要进一步优化。
问题：数据质量方面，症状描述与疾病关联的详细程度有待提升，未充分引用权威资料或研究支持诊断。；病理逻辑方面，对疾病传播途径和流行病学特征的阐述不够深入，缺乏具体案例或数据支持。；采样建议中，虽然提到了多部位采样，但未详细说明不同样本类型的优缺点及适用场景。；治疗方向和管理措施较为笼统，缺乏针对猪杯状病毒感染的具体操作建议。",hunyuan-turbos-20250926,82,85,80,90,78,False,False,该回答整体结构完整，症状与猪杯状病毒感染的关联性较强，诊断思路清晰，采样与管理建议基本合理且安全，未发现危险用药或违规操作。但细节深度不足，如流行病学背景、样本选择依据、支持疗法的具体操作等方面欠缺，影响数据质量与病理逻辑的完整性。,True,ERNIE-4.5-Turbo-32K,True,review,该回答整体结构完整，症状与猪杯状病毒感染的关联性较强，诊断思路清晰，采样与管理建议基本合理且安全，未发现危险用药或违规操作。但细节深度不足，如流行病学背景、样本选择依据、支持疗法的具体操作等方面欠缺，影响数据质量与病理逻辑的完整性。,80.0,27,18,23,14,review,18.96,18.23,,1,D:\XF-ChongQin\ai-\results\swine_weak_wiki_production\swine_disease_dataset_production_20260507_141653_dual_reviewed_reselected_20260507_150645.csv
95e56c11-1001-549d-8e4d-5d36c4850a06,101,猪托罗病毒感染,swine_hunyuan_turbos,hunyuan-turbos-20250926,成功,,猪,我家有200头15日龄左右的哺乳仔猪，最近两天陆续出现水样腹泻，有的拉得像水一样，精神差、吃奶少，还有几头明显脱水。圈舍温度一直保持在30℃，湿度偏高，前几天刚用过恩诺沙星拌料防过大肠杆菌，现在还不见好转。想问问这是啥原因，该怎么处理？,根据描述，该批哺乳仔猪在15日龄左右出现急性水样腹泻、采食下降及脱水表现，结合近期使用抗生素无效的情况，需考虑病毒性腹泻的可能。猪托罗病毒（Porcine torovirus）虽致病机制尚不完全明确，但在腹泻仔猪粪便中可检测到病毒核酸，且常与其他肠道病原混合存在。因此，本病应作为潜在病因之一纳入排查范围，同时需排除其他常见病毒性腹泻（如PED、PDCoV等）。,treatment_direction: 目前无特效抗病毒药物，重点为对症支持治疗和防止继发细菌感染。；management_measures: 提高圈舍保温，将环境温度适当上调至32℃左右，减少冷应激；；保证饮水充足，必要时补充电解质溶液以防脱水；；暂停或减少原用抗生素，仅在继发细菌感染迹象明显时谨慎选用敏感药物；；加强卫生消毒，及时清理粪污，降低环境中病毒载量。；sampling_and_testing: 采集腹泻严重个体的新鲜粪便或直肠拭子，送实验室进行病毒核酸检测（RT-PCR），同时可做细菌培养以排除细菌性腹泻。；prohibited_boundaries: 不可随意使用未经批准的抗病毒药物；若怀疑重大疫病（如非洲猪瘟、口蹄疫等），应立即停止场内流通并按规定上报主管部门，不得擅自处置。,因无特效药物治疗，不涉及特定药物休药期问题；若后续使用抗生素，应遵守相应药物的停药期规定。,"{""disease_name"": ""猪托罗病毒感染"", ""severity"": ""中等偏重（可导致哺乳仔猪高死亡率）"", ""scene_tags"": [""哺乳仔猪"", ""水样腹泻"", ""脱水"", ""采食下降"", ""抗生素无效""], ""validation_points"": [""符合15日龄仔猪高发特征；"", ""症状与文献报道的水样腹泻一致；"", ""环境因素（低温、高湿）可能加重病情；"", ""抗生素治疗无效提示非单纯细菌感染。""], ""risk_flags"": [""需排除其他病毒性腹泻病原"", ""注意继发细菌感染"", ""若扩散迅速需警惕重大疫病""], ""case_type"": ""腹泻群体发病"", ""target_disease"": ""猪托罗病毒感染"", ""local_flags"": {""species_ok"": true, ""target_disease_in_diagnosis"": true, ""target_disease_mismatch"": false, ""contains_specific_dose"": false, ""contains_specific_withdrawal"": false, ""regulated_bad_treatment"": false}}",False,False,,,True,False,False,D:\XF-ChongQin\ai-\knowledge\llm_wiki_swine_authoritative,1465,887,"猪托罗病毒感染
猪托罗病毒感染、porcine torovirus
腹泻群体发病
同窝或同栏出现水样腹泻、脱水、采食下降，用户想知道主要病因和紧急处理。","{""HUMAN_REVIEWED"": 3, ""NEEDS_REVIEW"": 2}","[""SRC-0001"", ""SRC-0006"", ""SRC-0033"", ""SRC-0083""]",2187,30.97,ERNIE-4.5-Turbo-32K,82,27,18,23,14,False,True,"整体回答符合猪托罗病毒感染的测试数据要求，诊断方向合理，处理措施安全，未发现致命风险。诊断准确性较高，病理逻辑基本合理，处方安全性良好，数据质量稍显不足。
问题：诊断准确性方面，虽然考虑了猪托罗病毒感染的可能性，但未充分排除其他常见病毒性腹泻（如PED、PDCoV等），仅提及需排除，未详细说明排除方法或优先级。；病理逻辑方面，对猪托罗病毒的致病机制描述不够深入，仅提及在腹泻仔猪粪便中可检测到病毒核酸，未进一步阐述其与症状的关联性。；数据质量方面，场景标签和验证点较为全面，但风险标志中提到的'若扩散迅速需警惕重大疫病'未在后续处理中明确体现，缺乏连贯性。",hunyuan-turbos-20250926,82,80,78,90,75,False,False,回答总体结构完整，诊断思路合理，涵盖了猪托罗病毒感染的可能性，并提示需排除其他常见病毒性腹泻。处理方案以对症支持和防控继发感染为主，安全措施到位，未出现危险用药建议。不足之处在于对猪托罗病毒致病机制的说明较浅，对其他病毒性腹泻的排除方法不够具体，部分风险提示与后续处理衔接不够紧密。,True,ERNIE-4.5-Turbo-32K,True,review,回答总体结构完整，诊断方向合理，涵盖了猪托罗病毒感染的可能性，并提示需排除其他常见病毒性腹泻。处理方案以对症支持和防控继发感染为主，安全措施到位，未出现危险用药建议。但存在一些不足，包括对猪托罗病毒致病机制的说明较浅，对其他病毒性腹泻的排除方法不够具体，部分风险提示与后续处理衔接不够紧密。,80.0,27,18,23,14,review,19.44,19.25,,1,D:\XF-ChongQin\ai-\results\swine_weak_wiki_production\swine_disease_dataset_production_20260507_141653_dual_reviewed_reselected_20260507_150645.csv
bf0c1a57-23e6-505a-ac4c-49223309c9fe,137,猪后圆线虫病,swine_hunyuan_turbos,hunyuan-turbos-20250926,成功,,猪,我家有120头育肥猪，现在大概80公斤左右，最近半个月陆续出现咳嗽、喘气，有的还张口呼吸，个别猪精神差、采食量下降。之前用过替米考星和氟苯尼考拌料，效果不明显。圈舍通风一般，冬天密闭时间长，粪沟清理不够勤。想问问这种情况是不是有寄生虫？如果要采样送检，应该取哪些部位？怎么区分是单纯寄生虫还是跟细菌或病毒一起的混合感染？,根据描述，育肥猪在冬季通风不良环境下出现持续性咳嗽、喘气和采食下降，且抗生素治疗反应不佳，提示可能存在非细菌性因素参与。结合流行病学特点，应考虑猪后圆线虫病可能，同时需排除猪繁殖与呼吸综合征（PRRSV）、猪流感病毒、支原体肺炎及环境有害气体（氨气、硫化氢）等因素引起的混合感染。,treatment_direction: 针对可能的寄生虫感染，可先使用经批准的驱虫药进行试验性治疗，并观察症状改善情况；对细菌感染可用敏感抗生素经验性控制；若怀疑病毒性疾病，则重点放在支持治疗和减少继发感染上。；management_measures: 加强圈舍通风换气，降低有害气体浓度；定期清理粪沟，保持干燥卫生；分群饲养，减少应激；新进猪只隔离观察后再合群。；sampling_for_testing: 采集新鲜粪便做浮游法检查肺线虫卵；必要时剖检病死猪取肺组织压片镜检成虫或幼虫；同时采集鼻拭子或肺灌洗液送PCR检测常见呼吸道病毒（PRRSV、流感等）；有条件可做支原体分离培养或血清学检测。；contraindications_boundaries: 在未明确病原前，不应随意更换广谱抗生素；发现高死亡率或群体性急性死亡时，应立即停止常规治疗，按重大动物疫病防控程序上报主管部门，禁止自行屠宰、销售或转运。,因涉及多种潜在病原，具体休药期需依据最终确诊病原及所用药物确定，建议遵循当地兽药管理部门规定执行。,"{""disease_name"": ""猪后圆线虫病"", ""severity"": ""中等至严重（视混合感染程度而定）"", ""scene_tags"": [""育肥猪"", ""慢性呼吸道症状"", ""抗生素治疗无效"", ""通风不良"", ""疑似混合感染""], ""validation_points"": [""症状符合寄生虫性与混合感染特征"", ""采样方案涵盖粪便、肺组织和呼吸道分泌物"", ""管理建议包括通风、清粪和隔离措施""], ""risk_flags"": [""需排除重大传染病"", ""环境致病因素需优先干预""], ""case_type"": ""呼吸道采样送检"", ""target_disease"": ""猪后圆线虫病"", ""local_flags"": {""species_ok"": true, ""target_disease_in_diagnosis"": true, ""target_disease_mismatch"": false, ""contains_specific_dose"": false, ""contains_specific_withdrawal"": false, ""regulated_bad_treatment"": false}}",False,False,,,True,False,False,D:\XF-ChongQin\ai-\knowledge\llm_wiki_swine_authoritative,1465,887,"猪后圆线虫病
猪后圆线虫病、metastrongylus lungworms
呼吸道采样送检
呼吸道症状持续，用药效果不稳定，用户询问采什么样品和如何鉴别混合感染。","{""HUMAN_REVIEWED"": 1, ""NEEDS_REVIEW"": 4}","[""RC-RESP-001"", ""SRC-0001"", ""SRC-0007"", ""SRC-0042"", ""SRC-0043"", ""SRC-0049"", ""SRC-0050"", ""SRC-0058"", ""SRC-0059"", ""SRC-0066"", ""SRC-0069"", ""SRC-0070"", ""SRC-0076"", ""SRC-0086""]",2009,30.15,ERNIE-4.5-Turbo-32K,82,27,18,23,14,False,True,"该回答整体符合猪后圆线虫病的诊断与处理逻辑，诊断准确度较高，考虑了混合感染的可能性，采样方案合理，管理措施全面，处方安全性较好，但数据质量方面存在一定不足，如未明确提及具体驱虫药物名称。
问题：诊断部分虽提及混合感染可能性，但未详细说明如何进一步鉴别诊断，逻辑稍显不足。；处方中驱虫药未明确具体药物名称，可能影响实际操作的准确性。；数据质量方面，回答未充分引用或参考权威资料，缺乏具体数据支持。；休药期说明较为模糊，未给出具体药物对应的休药期。",hunyuan-turbos-20250926,82,85,80,90,75,True,False,回答基本符合猪后圆线虫病的诊断思路，考虑了混合感染和环境因素，采样方案合理，管理建议到位，并在重大疫情场景下设置了安全边界。但诊断部分对鉴别诊断的细化不足，处方中驱虫药未指明具体种类，影响实操性，数据支撑较弱。,True,ERNIE-4.5-Turbo-32K,True,review,回答整体符合猪后圆线虫病的诊断与处理逻辑，诊断准确度较高，考虑了混合感染的可能性，采样方案合理，管理措施全面，处方安全性较好。但诊断部分对鉴别诊断的细化不足，未详细说明如何进一步鉴别寄生虫与细菌/病毒感染的具体方法；处方中驱虫药未明确具体药物名称，可能影响实际操作的准确性；数据支撑较弱，缺乏权威文献或数据支持，信息来源不明确。,80.0,27,18,23,14,review,17.26,18.25,,1,D:\XF-ChongQin\ai-\results\swine_weak_wiki_production\swine_disease_dataset_production_20260507_141653_dual_reviewed_reselected_20260507_150645.csv
616ce7af-991a-5f67-a140-9c4e3558bbfb,167,猪星状病毒感染,swine_hunyuan_turbos,hunyuan-turbos-20250926,成功,,猪,我家有200头母猪，现在产房里15日龄左右的小猪开始拉黄色稀便，有的带点泡沫，整窝都有，个别精神差，吃奶还行，体温没测过。之前用过恩诺沙星拌料喂了两天，效果不明显。想问下这是啥原因？要不要做化验？,根据日龄（15日龄）及整窝发病、黄色稀便伴泡沫等症状，考虑病毒性（如轮状病毒、星状病毒等）、细菌性（如致病性大肠杆菌、产气荚膜梭菌等）以及寄生虫（如球虫）等多种可能。猪星状病毒可在腹泻粪便中检出，但其致病性尚存争议，常与其他病原混合感染。当前症状符合多种腹泻病因的重叠表现，需结合实验室检测明确病原。,建议立即采集新鲜腹泻粪便样品送实验室进行病原学检测（包括病毒、细菌和寄生虫），区分病因；加强产房保温、干燥和卫生消毒，减少应激；暂停使用抗生素观察反应，必要时在兽医指导下调整治疗方案；对病死猪及时无害化处理，防止交叉污染。,因未确诊具体病原且涉及潜在混合感染，暂不建议自行停药或更换方案，须依据检测结果和兽医指导执行。,"{""disease_name"": ""猪星状病毒感染"", ""severity"": ""中等"", ""scene_tags"": [""腹泻"", ""仔猪"", ""整窝发病"", ""黄色稀便""], ""validation_points"": [""按日龄和病程分层鉴别腹泻病因"", ""涵盖病毒性、细菌性、寄生虫性可能性"", ""强调采样送检的重要性""], ""risk_flags"": [""多病原混合感染风险"", ""需排除重大疫病""], ""case_type"": ""腹泻采样送检"", ""target_disease"": ""猪星状病毒感染"", ""local_flags"": {""species_ok"": true, ""target_disease_in_diagnosis"": true, ""target_disease_mismatch"": false, ""contains_specific_dose"": false, ""contains_specific_withdrawal"": false, ""regulated_bad_treatment"": false}}",False,False,,,True,False,False,D:\XF-ChongQin\ai-\knowledge\llm_wiki_swine_authoritative,1465,887,"猪星状病毒感染
猪星状病毒感染、astroviruses、astrovirus、猪星状病毒
腹泻采样送检
用户描述粪便性状、日龄和病程，重点询问如何鉴别病毒性、细菌性或寄生虫性腹泻。","{""HUMAN_REVIEWED"": 3, ""NEEDS_REVIEW"": 2}","[""RC-DIARRHEA-001"", ""SRC-0001"", ""SRC-0007"", ""SRC-0032"", ""SRC-0052"", ""SRC-0062"", ""SRC-0063"", ""SRC-0064"", ""SRC-0071"", ""SRC-0072"", ""SRC-0073"", ""SRC-0077"", ""SRC-0081""]",2189,26.95,ERNIE-4.5-Turbo-32K,82,27,18,23,14,False,True,"整体回答较为全面，诊断考虑了多种可能性，符合腹泻鉴别诊断的逻辑，处方安全合理，强调了采样送检的重要性，未发现致命风险。
问题：诊断准确性方面，虽然考虑了多种可能性，但对猪星状病毒的针对性描述稍显不足，未充分突出其特征。；病理逻辑方面，对猪星状病毒致病性的争议性描述不够深入，未明确其在混合感染中的常见角色。；数据质量方面，对症状的描述和场景标签的匹配度可进一步提高，以增强数据的针对性和实用性。",hunyuan-turbos-20250926,85,80,78,90,82,False,False,该回答覆盖了多种可能的腹泻病因，并强调实验室检测的重要性，处方措施安全合理，无危险建议。但关于猪星状病毒的特异性信息不足，对其致病性及在混合感染中的作用阐述不够深入，影响了诊断准确性和病理逻辑的完整性。,True,ERNIE-4.5-Turbo-32K,True,review,整体回答较为全面，诊断考虑了多种可能性，符合腹泻鉴别诊断的逻辑，处方安全合理，强调了采样送检的重要性，未发现致命风险。但对猪星状病毒的针对性描述稍显不足，未充分突出其特征，对猪星状病毒致病性的争议性描述不够深入，未明确其在混合感染中的常见角色，影响了诊断准确性和病理逻辑的完整性。,80.0,27,18,23,14,review,18.09,15.9,,1,D:\XF-ChongQin\ai-\results\swine_weak_wiki_production\swine_disease_dataset_production_20260507_141653_dual_reviewed_reselected_20260507_150645.csv
4b93b338-18da-55cc-ac77-2335f6adb8c8,186,塞内卡病毒A感染,swine_hunyuan_turbos,hunyuan-turbos-20250926,成功,,猪,我家有200头80公斤左右的育肥猪，最近几天有几头出现口蹄部水泡、流涎、跛行，体温在39℃左右，精神稍差，食欲下降。这批猪还有20天就计划出栏了，之前没用过抗病毒药，想问下这种情况还能治吗？会不会影响出栏卖猪？,根据描述的症状（口蹄部水疱、流涎、跛行、发热），结合育肥猪阶段，高度怀疑为塞内卡病毒A感染。该病属于病毒性水疱病，与口蹄疫等相似，但病原体不同。建议尽快采集水疱液、唾液及血液送实验室确诊，排除口蹄疫等重大疫病。,治疗方向以支持疗法为主，包括改善饮水与饲料适口性、补充维生素电解质、保持圈舍干燥清洁以减少继发细菌感染。管理措施上应隔离发病猪，减少应激，防止机械传播。禁止随意使用未经批准的兽药或人用药物。采样送检是必要步骤，以便明确病原并指导后续防控。若确诊为塞内卡病毒A感染，目前无特效抗病毒药，重点在于控制继发感染和维持健康状态。严禁将疑似重大动物疫病病例混入正常出栏批次。,因属病毒性疾病且无特效治疗药物，不涉及化学药物休药期问题；但若在治疗过程中使用了抗生素或其他药物，须严格遵循该药的官方标签规定的休药期后方可出栏。,"{""disease_name"": ""塞内卡病毒A感染"", ""severity"": ""中等"", ""scene_tags"": [""育肥猪"", ""水疱病变"", ""临近出栏""], ""validation_points"": [""症状符合塞内卡病毒A感染特征"", ""强调实验室确诊的重要性"", ""支持疗法与管理措施合理""], ""risk_flags"": [""临近出栏需谨慎处置，防止疫情扩散"", ""需排除口蹄疫等重大动物疫病""], ""case_type"": ""上市休药期咨询"", ""target_disease"": ""塞内卡病毒A感染"", ""local_flags"": {""species_ok"": true, ""target_disease_in_diagnosis"": true, ""target_disease_mismatch"": false, ""contains_specific_dose"": false, ""contains_specific_withdrawal"": false, ""regulated_bad_treatment"": false}}",False,False,,,True,False,False,D:\XF-ChongQin\ai-\knowledge\llm_wiki_swine_authoritative,1465,887,"塞内卡病毒A感染
塞内卡病毒A感染、senecavirus a picornaviruses
上市休药期咨询
用户接近出栏，关心治疗方向和用药后能否出栏销售。","{""HUMAN_REVIEWED"": 2, ""NEEDS_REVIEW"": 3}","[""SRC-0001"", ""SRC-0012"", ""SRC-0015""]",2006,28.7,ERNIE-4.5-Turbo-32K,82,27,18,23,14,False,True,"整体回答较为准确，诊断方向合理，症状与疾病匹配度较高，治疗方向安全且符合疾病特点，但数据质量方面存在一定不足，如未详细说明采样送检的具体操作和实验室确诊的流程等。
问题：诊断部分虽然症状匹配度高，但未详细说明与其他类似疾病的鉴别要点，仅提及排除口蹄疫等重大疫病，缺乏具体鉴别方法。；病理逻辑部分对疾病的发生发展过程阐述不够深入，仅简单提及属于病毒性水疱病。；处方安全部分整体合理，但未提及在支持疗法中具体维生素电解质的补充剂量和方式。；数据质量方面，未详细说明采样送检的具体操作、实验室确诊的流程以及如何根据确诊结果调整防控措施等。",hunyuan-turbos-20250926,85,90,80,88,75,False,False,回答总体准确，诊断方向与用户描述的症状高度吻合，能够识别塞内卡病毒A感染的可能性，并强调排除口蹄疫等重大疫病的重要性。治疗方案以安全支持疗法为主，避免不当用药，并提示隔离与送检的必要性，符合生物安全要求。不足之处在于缺少更详细的鉴别诊断说明、病程机制解释以及采样送检流程细节，可能影响实际操作指导性。,True,ERNIE-4.5-Turbo-32K,True,review,回答总体准确，诊断方向与用户描述的症状高度吻合，能够识别塞内卡病毒A感染的可能性，并强调排除口蹄疫等重大疫病的重要性。治疗方案以安全支持疗法为主，避免不当用药，并提示隔离与送检的必要性，符合生物安全要求。但存在一些不足，如未详细列出与口蹄疫等其他水疱病的鉴别要点，可能导致现场误判；缺乏对塞内卡病毒A感染病程发展的病理机制说明；未提供采样送检的具体操作步骤和注意事项；支持疗法中维生素电解质补充方式未细化，可能影响实际操作指导性。,80.0,27,18,23,14,review,19.23,18.42,,1,D:\XF-ChongQin\ai-\results\swine_weak_wiki_production\swine_disease_dataset_production_20260507_141653_dual_reviewed_reselected_20260507_150645.csv
979394c8-c307-5410-9a0c-5d926ac8470b,228,仔猪黄白痢,swine_hunyuan_turbos,hunyuan-turbos-20250926,成功,,猪,我家有200多头120斤左右的育肥猪，已经养了快4个月，这两天突然有十几头开始拉稀，粪便先是黄色带点白色，后来变成水样，精神还行但采食量下降，圈舍温度偏低通风也不好，之前没用过什么药，这种情况还能继续喂到出栏吗？要不要隔离？会不会传染别的猪？,根据描述，该批育肥猪出现急性腹泻，粪色由黄转白再呈水样，结合年龄、环境和群体发病情况，高度怀疑为猪大肠杆菌病（仔猪黄白痢）的后期表现。该病常见于卫生条件差、应激大时，病原体通过粪口途径传播，可导致脱水、生长迟缓甚至死亡。,treatment_direction: 立即改善圈舍温湿度和通风，减少冷应激；对腹泻严重的个体进行补液（口服或静脉），防止脱水；可在兽医指导下使用针对革兰氏阴性菌的敏感抗生素控制继发感染；同时补充电解质和维生素以提高抵抗力。；management_measures: 将明显腹泻的个体与健康猪分栏饲养，加强饮水清洁，定期清理粪便并消毒地面及料槽；减少饲喂粗纤维含量高的饲料，适当提高能量水平以促进恢复。；sampling_and_testing: 采集新鲜粪便送实验室做细菌分离培养和药敏试验，必要时取病死猪组织进行病理学检查，以明确病原种类和耐药性。；prohibited_boundaries: 严禁未经确诊随意使用广谱抗生素；禁止将疑似染病猪直接混入健康猪群；若检出法定重大疫病（如非洲猪瘟等），须按当地畜牧部门要求进行封锁、扑杀和无害化处理，不得擅自出售。,因涉及不同药物种类及残留标准，需依据所用药品说明书及国家规定确定停药期，出栏前务必确保符合食品安全要求。,"{""disease_name"": ""仔猪黄白痢（猪大肠杆菌病）"", ""severity"": ""中等至严重（视脱水程度与继发感染情况而定）"", ""scene_tags"": [""育肥猪"", ""寒冷应激"", ""腹泻"", ""群体感染风险""], ""validation_points"": [""症状与大肠杆菌性腹泻相符"", ""环境与应激因素支持发病机制"", ""管理干预与实验室检测建议合理""], ""risk_flags"": [""可能具有传染性"", ""可能影响出栏销售"", ""需排除重大动物疫病""], ""case_type"": ""腹泻出栏边界"", ""target_disease"": ""仔猪黄白痢"", ""local_flags"": {""species_ok"": true, ""target_disease_in_diagnosis"": true, ""target_disease_mismatch"": false, ""contains_specific_dose"": false, ""contains_specific_withdrawal"": false, ""regulated_bad_treatment"": false}}",False,False,,,True,False,False,D:\XF-ChongQin\ai-\knowledge\llm_wiki_swine_authoritative,1465,887,"仔猪黄白痢
仔猪黄白痢、neonatal post weaning colibacillosis、黄白痢、大肠杆菌、仔猪大肠杆菌病
腹泻出栏边界
临近出栏猪群出现腹泻，用户关心处理方向、隔离和用药后能否销售。","{""HUMAN_REVIEWED"": 2, ""NEEDS_REVIEW"": 3}","[""SRC-0001"", ""SRC-0063"", ""SRC-0064""]",2168,26.54,ERNIE-4.5-Turbo-32K,82,28,18,22,14,False,True,"整体回答质量较高，诊断准确性、病理逻辑、处方安全性和数据质量均表现良好，无明显致命风险，符合测试数据有效性要求。
问题：diagnosis_accuracy: 诊断准确性较高，但未完全覆盖所有可能症状（如体温变化未提及），扣2分。；pathology_logic: 病理逻辑合理，但未详细解释环境因素如何具体影响疾病传播，扣2分。；prescription_safety: 处方安全性良好，但未明确具体抗生素种类及剂量，扣3分。；data_quality: 数据质量较高，但用户查询中未提及体温等关键信息，回答中未补充，扣11分。",hunyuan-turbos-20250926,82,80,80,85,75,False,False,整体回答质量较高，诊断准确性、病理逻辑、处方安全性和数据质量均表现良好，无明显致命风险，符合测试数据有效性要求。不足之处在于未充分覆盖所有关键症状信息（如体温）、环境致病机制解释不够细致，以及未明确抗生素种类与剂量。,True,ERNIE-4.5-Turbo-32K,True,review,整体回答质量较高，诊断准确性、病理逻辑、处方安全性和数据质量均表现良好，无明显致命风险，但存在一些轻微不足，如未充分覆盖所有关键症状信息（如体温）、环境致病机制解释不够细致，以及未明确抗生素种类与剂量，因此判为review。,80.0,28,18,22,14,review,16.63,16.56,,1,D:\XF-ChongQin\ai-\results\swine_weak_wiki_production\swine_disease_dataset_production_20260507_141653_dual_reviewed_reselected_20260507_150645.csv
b6cd6d9d-fedd-53ed-9bff-396abe38aa65,259,塞内卡病毒A感染,swine_hunyuan_turbos,hunyuan-turbos-20250926,成功,,猪,我家是200头左右保育猪，现在50日龄左右，最近三四天陆续有猪不吃料、精神差，有的嘴巴里起小水泡，还有几头拉稀，体温在39℃上下，舍内通风一般，之前用过阿莫西林拌料三天没见好转，想问问这是啥病，该咋办？,根据描述的症状（口部水疱样病变、腹泻、发热、采食下降）及保育阶段易感性，高度怀疑为塞内卡病毒A感染。该病属于病毒性水疱病，常与口蹄疫等鉴别，但无蹄部明显病变时更倾向SVV-A。,立即将疑似病猪与健康猪分栏隔离，减少人员、工具交叉使用；加强圈舍保温与通风调节，适当提高环境温度以减少应激；停止投喂霉变饲料，保证饮水清洁；采集病猪口腔拭子、粪便及血液送实验室进行病原学检测确诊；目前无特效抗病毒药物，支持疗法为主，如补充电解质、维生素，改善营养；禁止使用未经批准的兽药或激素类促生长剂；若检测结果提示重大动物疫病，应按规定向当地畜牧兽医部门报告并按其指导处置。,因无特定药物治疗，无需执行药物休药期；但若涉及其他药物使用，应按标签说明执行相应休药期。,"{""disease_name"": ""塞内卡病毒A感染"", ""severity"": ""中等偏上"", ""scene_tags"": [""保育猪"", ""群体发病"", ""水疱样病变"", ""腹泻"", ""采食下降""], ""validation_points"": [""保育阶段易感且出现口部水疱样病变符合SVV-A特征"", ""腹泻与发热并存提示全身性病毒感染"", ""隔离与送检是防控关键步骤""], ""risk_flags"": [""需排除口蹄疫等重大动物疫病"", ""存在潜在疫情扩散风险""], ""case_type"": ""保育猪群体发病"", ""target_disease"": ""塞内卡病毒A感染"", ""local_flags"": {""species_ok"": true, ""target_disease_in_diagnosis"": true, ""target_disease_mismatch"": false, ""contains_specific_dose"": false, ""contains_specific_withdrawal"": false, ""regulated_bad_treatment"": false}}",False,False,,,True,False,False,D:\XF-ChongQin\ai-\knowledge\llm_wiki_swine_authoritative,1465,887,"塞内卡病毒A感染
塞内卡病毒A感染、senecavirus a picornaviruses
保育猪群体发病
群体发病、采食下降、粪便或呼吸道异常，用户想知道主要病因和下一步处理。","{""HUMAN_REVIEWED"": 1, ""NEEDS_REVIEW"": 4}","[""SRC-0001"", ""SRC-0006"", ""SRC-0043""]",1978,27.37,ERNIE-4.5-Turbo-32K,82,27,18,22,15,False,True,"整体回答质量较高，诊断准确性、病理逻辑、处方安全性和数据质量均表现良好，无明显致命风险，符合通过标准。
问题：诊断准确性方面，虽然症状描述与塞内卡病毒A感染相符，但未充分排除其他类似疾病（如口蹄疫）的可能性，诊断依据略显不足。；病理逻辑方面，对腹泻与发热并存的原因解释不够深入，仅提及全身性病毒感染，未进一步阐述病毒对消化系统的影响。；处方安全性方面，虽然整体处理方向正确，但未明确提及对病猪的个体化治疗措施，如针对严重病例的特殊护理。；数据质量方面，场景标签和验证点较为全面，但风险标志中提到的潜在疫情扩散风险未在处方中充分体现防控措施。",hunyuan-turbos-20250926,85,4,4,5,4,False,False,回答整体结构合理，诊断基于典型症状与保育猪易感背景，基本符合塞内卡病毒A感染的临床特征；处方措施涵盖隔离、环境管理、送检、支持治疗及上报机制，安全边界完整，无危险用药建议；但对鉴别诊断考虑不足，且对腹泻与发热并存的机制解释较浅，个别防控细节可细化。,True,ERNIE-4.5-Turbo-32K,partially,review,回答整体结构合理，诊断基于典型症状与保育猪易感背景，基本符合塞内卡病毒A感染的临床特征；处方措施涵盖隔离、环境管理、送检、支持治疗及上报机制，安全边界完整，无危险用药建议。但存在一些不足，如未充分讨论需与口蹄疫等疾病鉴别的依据与差异，对腹泻与发热并存的病理机制解释不够深入，且缺乏针对重症个体的特殊护理建议。,80.0,27,18,22,15,review,18.59,16.97,,1,D:\XF-ChongQin\ai-\results\swine_weak_wiki_production\swine_disease_dataset_production_20260507_141653_dual_reviewed_reselected_20260507_150645.csv
733aae0e-55b3-53e9-95ca-e8299f717827,298,猪繁殖与呼吸综合征,swine_hunyuan_turbos,hunyuan-turbos-20250926,成功,,猪,我这边是河南一个小型养猪场，存栏大概300头，现在有一批60日龄左右的保育猪，最近一周陆续有10多头开始咳嗽、喘气，体温在40℃左右，采食量明显下降，有的还伴有精神沉郁。舍内通风一般，湿度偏高，之前用过替米考星拌料，效果不明显。想问问是不是蓝耳病？要不要整栏都投药？,根据描述的症状（高热、咳嗽、喘气、采食下降）、年龄阶段及群体发病特点，结合近期用药史和环境因素，高度怀疑为猪繁殖与呼吸综合征（PRRS），可能合并其他呼吸道病原（如支原体、圆环病毒等）。需进一步实验室检测确诊。,treatment_direction: 对症支持治疗为主，改善饲养管理条件，减少应激，提高营养水平。；management_measures: 加强通风换气，降低舍内湿度和氨气浓度；分群饲养，减少交叉感染；保证饮水清洁和饲料新鲜；对重症个体及时隔离观察。；sampling_and_testing: 采集病猪血液、鼻拭子或肺组织送实验室进行PCR检测，明确是否感染PRRSV及其他并发病原。；prohibited_boundaries: 未确诊前不得盲目使用抗病毒药物或大剂量抗生素；严禁将病猪与健康猪混养；发现可疑疫情应及时向当地畜牧兽医部门报告。,因未使用特定药物，无具体休药期；若后续使用兽药，应严格按照说明书执行停药期并遵守检疫规定。,"{""disease_name"": ""猪繁殖与呼吸综合征"", ""severity"": ""中等偏重，可导致生长迟缓、死亡率上升，影响生产性能"", ""scene_tags"": [""保育猪"", ""群体呼吸道症状"", ""高湿环境"", ""前期抗生素治疗无效""], ""validation_points"": [""症状符合PRRS典型表现（高热、呼吸困难、食欲下降）"", ""多发于保育至育肥阶段"", ""环境因素（通风差、湿度高）易诱发或加重""], ""risk_flags"": [""疑似二类动物疫病"", ""存在混合感染风险"", ""需防止扩散""], ""case_type"": ""呼吸道群体发病"", ""target_disease"": ""猪繁殖与呼吸综合征"", ""local_flags"": {""species_ok"": true, ""target_disease_in_diagnosis"": true, ""target_disease_mismatch"": false, ""contains_specific_dose"": false, ""contains_specific_withdrawal"": false, ""regulated_bad_treatment"": false}}",False,False,,,True,False,False,D:\XF-ChongQin\ai-\knowledge\llm_wiki_swine_authoritative,1465,887,"猪繁殖与呼吸综合征
猪繁殖与呼吸综合征、porcine reproductive and respiratory syndrome viruses、PRRS、蓝耳病
呼吸道群体发病
同栏出现咳嗽、喘气、发热、采食下降，用户想判断病因和是否需要全群用药。","{""HUMAN_REVIEWED"": 2, ""NEEDS_REVIEW"": 2}","[""A0-MOA-573"", ""A1-WOAH-PRRS-DISEASE"", ""SRC-0001"", ""SRC-0026""]",2221,22.82,ERNIE-4.5-Turbo-32K,82,27,18,22,15,False,True,"整体回答质量较高，诊断准确性、病理逻辑、处方安全性和数据质量均表现良好，无明显致命风险，符合通过标准。
问题：数据质量方面，场景标签和验证点描述较为笼统，缺乏具体数据支撑，如群体发病率、症状严重程度分布等。；病理逻辑方面，虽然提到可能合并其他呼吸道病原，但未详细说明合并感染的判断依据和可能影响。；处方安全性方面，未明确提及具体对症支持治疗措施，如退热、止咳等，仅给出管理性建议。",hunyuan-turbos-20250926,85,90,85,88,80,False,False,该回答在诊断上准确识别了猪繁殖与呼吸综合征的可能性，并结合环境与管理因素进行了合理推断；处方部分强调了管理改善、采样检测和防疫措施，避免了盲目用药，安全性较好；但缺少更具体的对症支持措施说明，且数据细节不足，影响了对病情严重程度的评估。,True,ERNIE-4.5-Turbo-32K,True,review,整体回答质量较高，诊断准确性、病理逻辑和处方安全性均表现良好，无明显致命风险。但存在一些轻微不足，如数据质量方面缺乏群体发病率、症状分布等量化信息，病理逻辑中合并感染的判断依据不够详细，处方部分未明确列出对症支持治疗的具体方法。,80.0,27,18,22,15,review,14.56,20.71,,1,D:\XF-ChongQin\ai-\results\swine_weak_wiki_production\swine_disease_dataset_production_20260507_141653_dual_reviewed_reselected_20260507_150645.csv
4dd13708-6ef4-5098-bbce-def0b0ff277a,324,猪戊型肝炎,swine_hunyuan_turbos,hunyuan-turbos-20250926,成功,,猪,我家有200头120日龄左右的育肥猪，现在平均体重在90公斤上下，最近几天有几头出现精神沉郁、食欲下降、粪便偏黄稀，体温正常，没有死亡。圈舍通风一般，饲料没换过，之前用过阿莫西林饮水防呼吸道病。想问这种情况是不是能治？如果用药，多久才能出栏卖肉？,根据描述，育肥猪群中出现个别精神沉郁、食欲减退及轻度腹泻，无高热和急性死亡，结合年龄和圈舍条件，应考虑病毒性感染可能，如猪戊型肝炎等肠道病毒性疾病。该病为粪口传播，常在应激条件下发生，多为自限性，但可影响生长速度。需排除细菌性肠炎、寄生虫感染等常见病因。,建议先停喂精料12-24小时，给予易消化的青绿饲料，保证清洁饮水并添加电解质防止脱水；加强圈舍通风与卫生消毒，减少应激因素。若怀疑病毒感染，不建议随意使用抗生素，应采集新鲜粪便送实验室检测明确病原。若为猪戊型肝炎，目前无特效抗病毒药物，主要靠支持疗法和环境管理促进恢复。严禁使用禁用兽药，所有用药须符合食品动物用药规定，并在出栏前遵守相应休药期要求。,因无确诊病原且未使用特定药物，无法给出确切休药期；任何药物使用前需查阅标签并结合当地法规和目标市场残留标准确定休药期，确保合规后方可出栏。,"{""disease_name"": ""猪戊型肝炎"", ""severity"": ""中等（自限性为主）"", ""scene_tags"": [""育肥猪"", ""接近出栏"", ""轻微消化道症状"", ""群体健康监控""], ""validation_points"": [""症状与猪戊型肝炎相符（精神沉郁、食欲减退、轻度腹泻）"", ""无高热和急性死亡，符合自限性病程特征"", ""强调粪口传播与环境管理的重要性""], ""risk_flags"": [""潜在人兽共患风险（HEV），需注意人员防护与生物安全"", ""临近出栏，用药与休药期合规性需严格把控""], ""case_type"": ""上市休药期咨询"", ""target_disease"": ""猪戊型肝炎"", ""local_flags"": {""species_ok"": true, ""target_disease_in_diagnosis"": true, ""target_disease_mismatch"": false, ""contains_specific_dose"": false, ""contains_specific_withdrawal"": false, ""regulated_bad_treatment"": false}}",False,False,,,True,False,False,D:\XF-ChongQin\ai-\knowledge\llm_wiki_swine_authoritative,1465,887,"猪戊型肝炎
猪戊型肝炎、hepatitis e virus
上市休药期咨询
用户接近出栏，关心治疗方向和用药后能否出栏销售。","{""HUMAN_REVIEWED"": 3, ""NEEDS_REVIEW"": 2}","[""SRC-0001"", ""SRC-0012"", ""SRC-0014"", ""SRC-0015"", ""SRC-0040""]",2146,29.94,ERNIE-4.5-Turbo-32K,82,27,18,22,15,False,True,"整体回答较为准确，诊断考虑了病毒性感染可能，并提及猪戊型肝炎，与症状相符。处理方向安全，强调了环境管理和支持疗法，未随意使用抗生素。数据质量基本满足要求，但部分细节可进一步完善。
问题：诊断准确性方面，虽然考虑了病毒性感染可能，但未完全排除其他常见病因，如细菌性肠炎和寄生虫感染，仅提及需排除，未给出具体排除方法或建议。；病理逻辑方面，对猪戊型肝炎的传播途径和病程特征描述较为准确，但缺乏对疾病具体病理机制的简要说明，如肝脏损伤等。；处方安全方面，整体处理方向安全，但未明确提及针对人兽共患风险的防护措施，如人员防护和生物安全的具体建议。；数据质量方面，症状描述与疾病相符，但缺乏对疾病严重程度的更详细评估，如肝脏功能指标等；风险标志提及了人兽共患风险和用药合规性，但未给出具体的管理建议或参考标准。",hunyuan-turbos-20250926,85,8,8,9,8,False,False,回答总体合理，诊断考虑到了猪戊型肝炎的可能性并与症状相匹配，处理方案以环境管理和支持疗法为主，避免了滥用抗生素，并强调用药合规性和休药期要求，安全性较高。不足之处在于未提供明确的鉴别诊断步骤（如粪便镜检、PCR检测），也未补充该病的典型病理机制（如肝损伤表现）以及生物安全和人兽共患防控的具体措施。,True,ERNIE-4.5-Turbo-32K,True,review,回答总体合理，诊断考虑到了猪戊型肝炎的可能性并与症状相匹配，处理方案以环境管理和支持疗法为主，避免了滥用抗生素，并强调用药合规性和休药期要求，安全性较高。但存在一些不足，如未提供明确的鉴别诊断步骤（如粪便镜检、PCR检测），也未补充该病的典型病理机制（如肝损伤表现）以及生物安全和人兽共患防控的具体措施。,80.0,27,18,22,15,review,20.88,19.93,,1,D:\XF-ChongQin\ai-\results\swine_weak_wiki_production\swine_disease_dataset_production_20260507_141653_dual_reviewed_reselected_20260507_150645.csv
1ab78a6d-e248-5132-b400-c5330c35148e,326,猪巨细胞病毒感染,swine_hunyuan_turbos,hunyuan-turbos-20250926,成功,,猪,我家有120头90日龄左右的育肥猪，最近一周陆续有几头开始精神沉郁、食欲下降、体温偏高，有的还伴有轻度咳嗽。之前用了替米考星和多西环素拌料喂了三天，感觉没明显改善。圈舍通风一般，湿度偏大，想问下这种情况还能继续用这些药吗？还是换别的方案？,根据描述的症状表现及用药史，考虑可能为病毒性呼吸道感染，如猪巨细胞病毒感染等，同时需排除其他呼吸道病原混合感染。目前缺乏特异性病原学证据，建议结合临床观察、流行病学调查和实验室检测进一步确诊。,1. 立即隔离发病猪，加强圈舍通风与干燥管理，减少应激因素。2. 暂停使用已无明显效果的抗生素，避免耐药风险。3. 采集鼻拭子、血液或肺组织送实验室进行病原检测，明确是否为猪巨细胞病毒或其他病毒。4. 在检测结果前，可采取支持疗法，如补充电解质、维生素，改善营养状况。5. 若确诊为猪巨细胞病毒感染且为散发性病例，可在兽医指导下对症处理；若为群发或伴随高死亡率，应启动重大疫病防控流程并上报主管部门。6. 严禁自行使用未经批准的抗病毒药物或超范围用药。,因未确定具体病原及治疗方案，无法给出确切停药期。须依据最终确诊结果及所用药物说明书执行相应休药期规定，并在出栏前确保符合食品安全标准。,"{""disease_name"": ""猪巨细胞病毒感染"", ""severity"": ""中等至严重（视流行程度而定）"", ""scene_tags"": [""育肥猪"", ""呼吸道症状"", ""病毒性感染"", ""多病原混合可能""], ""validation_points"": [""症状与病毒性呼吸道疾病相符"", ""抗生素治疗无效提示非单纯细菌感染"", ""需通过实验室检测明确病因""], ""risk_flags"": [""存在重大疫病风险时需及时上报"", ""禁止擅自使用未经批准的药物"", ""防止疫情扩散需严格生物安全措施""], ""case_type"": ""育肥猪用药咨询"", ""target_disease"": ""猪巨细胞病毒感染"", ""local_flags"": {""species_ok"": true, ""target_disease_in_diagnosis"": true, ""target_disease_mismatch"": false, ""contains_specific_dose"": false, ""contains_specific_withdrawal"": false, ""regulated_bad_treatment"": false}}",False,False,,,True,False,False,D:\XF-ChongQin\ai-\knowledge\llm_wiki_swine_authoritative,1465,887,"猪巨细胞病毒感染
猪巨细胞病毒感染、porcine cytomegalovirus
育肥猪用药咨询
育肥猪出现典型症状，用户已经用过常见药物但效果一般，询问是否继续用药。","{""HUMAN_REVIEWED"": 1, ""NEEDS_REVIEW"": 4}","[""SRC-0001"", ""SRC-0033""]",2176,26.63,ERNIE-4.5-Turbo-32K,82,27,18,22,15,False,True,"整体回答质量较高，诊断方向合理，考虑了病毒性呼吸道感染的可能性，并建议进一步实验室检测以确诊。处理方案安全，强调了隔离、通风管理和支持疗法的重要性，同时避免了滥用抗生素和未经批准的抗病毒药物。数据质量方面，虽然提供了详细的场景标签和验证点，但部分信息如具体症状与疾病的直接关联性可进一步细化。
问题：诊断准确性方面，虽然考虑了病毒性呼吸道感染，但未充分阐述猪巨细胞病毒感染的特异性症状或与其他呼吸道疾病的鉴别点。；病理逻辑方面，对症状与疾病之间的逻辑关系解释不够深入，缺乏对疾病流行病学特点的描述。；数据质量方面，场景标签和验证点较为全面，但未提供具体的症状严重程度或病程进展信息，可能影响诊断的精确性。",hunyuan-turbos-20250926,85,8,8,9,8,False,False,该回答整体结构完整，诊断思路合理，考虑了病毒性呼吸道感染的可能性，并提示通过实验室检测确诊，避免盲目用药。处方措施安全，强调隔离、环境改善和支持疗法，未推荐具体药物或剂量，规避了用药风险。不足之处在于对猪巨细胞病毒感染的典型症状、流行病学特征以及与其它呼吸道病的鉴别分析不足，导致诊断与病理逻辑的解释深度有限。,True,ERNIE-4.5-Turbo-32K,partially,review,诊断方向合理，考虑了病毒性呼吸道感染的可能性，并建议进一步实验室检测以确诊，处理方案安全，强调了隔离、通风管理和支持疗法的重要性，同时避免了滥用抗生素和未经批准的抗病毒药物。但诊断与病理逻辑的解释深度有限，未详细阐述猪巨细胞病毒感染的特异性临床表现及其与其它呼吸道疾病的区别，缺少对疾病流行特点和传播方式的说明，未提供症状严重程度或病程进展的细节，可能降低诊断精准度。,80.0,27,18,22,15,review,17.8,20.76,,1,D:\XF-ChongQin\ai-\results\swine_weak_wiki_production\swine_disease_dataset_production_20260507_141653_dual_reviewed_reselected_20260507_150645.csv
8af5fdea-8181-5178-9a78-874a8004f84d,357,猪肾虫病,swine_hunyuan_turbos,hunyuan-turbos-20250926,成功,,猪,我家有120头60日龄左右的保育猪，最近发现有些猪拉稀、毛色发暗、长得慢，个别猪皮肤上有小疙瘩还抓痒，粪便里偶尔能看到白色长条状东西。之前用过一次伊维菌素拌料驱虫，但效果不明显，现在想看看是不是肾虫的问题。,根据描述，考虑猪肾虫病（Stephanurus dentatus）可能性较大。该病由肾虫寄生于肾周囊及输尿管引起，幼虫在肝脏移行可导致肝损伤并出现类似蛔虫milk spots的病变，同时成虫寄生可引起泌尿系统炎症、消瘦、腹泻、生长缓慢以及继发皮肤瘙痒等症状。需结合剖检观察肾周囊肿、肝脏表面斑点样病变，并通过尿液镜检或组织学检查寻找虫卵或成虫进行确诊。,treatment_direction: 使用对肾虫有效的广谱驱虫药（如阿苯达唑类或特定伊维菌素制剂），按说明书规范投喂，必要时分次给药以提高疗效。；management_measures: 加强圈舍卫生管理，及时清理粪尿，减少潮湿环境，防止虫卵污染饮水和饲料；定期更换垫料，保持通风干燥。；sampling_submission: 采集可疑猪的新鲜尿液送实验室镜检找虫卵，必要时剖检取肾周囊及肝脏组织做病理检查，以明确感染程度。；prohibited_boundaries: 严禁将疑似严重感染的猪与健康猪混养，防止交叉感染；在未确诊前不要随意出售或屠宰，以免扩散病原。,驱虫药物使用后须遵守相应休药期规定，确保猪肉安全后方可上市销售。,"{""disease_name"": ""猪肾虫病"", ""severity"": ""中等偏重"", ""scene_tags"": [""保育猪"", ""群体发病"", ""腹泻"", ""消瘦"", ""皮肤瘙痒""], ""validation_points"": [""症状符合肾虫感染特征（腹泻、消瘦、生长缓慢、皮肤瘙痒）"", ""粪便中发现疑似虫体提示肠道或泌尿系寄生虫存在"", ""曾用驱虫药效果不佳提示可能存在耐药性或虫种差异""], ""risk_flags"": [""潜在慢性感染影响增重"", ""环境污染导致持续传播"", ""误诊延误防控""], ""case_type"": ""寄生虫群体发病"", ""target_disease"": ""猪肾虫病"", ""local_flags"": {""species_ok"": true, ""target_disease_in_diagnosis"": true, ""target_disease_mismatch"": false, ""contains_specific_dose"": false, ""contains_specific_withdrawal"": false, ""regulated_bad_treatment"": false}}",False,False,,,True,False,False,D:\XF-ChongQin\ai-\knowledge\llm_wiki_swine_authoritative,1465,887,"猪肾虫病
猪肾虫病、stephanurus dentatus kidney worm
寄生虫群体发病
猪群出现腹泻、消瘦、皮肤瘙痒或生长慢，用户怀疑寄生虫。","{""HUMAN_REVIEWED"": 2, ""NEEDS_REVIEW"": 2}","[""SRC-0001"", ""SRC-0082""]",2221,29.27,ERNIE-4.5-Turbo-32K,82,27,18,23,14,False,True,"整体回答质量较高，诊断准确性、病理逻辑、处方安全性均表现良好，数据质量基本满足要求，无致命风险，符合通过标准。
问题：诊断准确性方面，虽然症状描述与猪肾虫病相符，但未充分排除其他类似疾病（如蛔虫病、疥螨病）的可能性，导致诊断准确性略有扣分。；病理逻辑方面，对肾虫病的病理过程描述较为清晰，但缺乏对其他可能并发症的讨论，逻辑完整性稍显不足。；处方安全性方面，建议的驱虫药物和措施基本安全，但未明确提及具体药物剂量和休药期，存在一定安全隐患。；数据质量方面，用户查询和回答中的信息较为完整，但部分症状描述（如皮肤瘙痒）与猪肾虫病的典型症状关联性不够强，数据质量有待提升。",hunyuan-turbos-20250926,78,75,80,70,75,False,True,该数据整体结构合理，诊断思路与症状有一定对应性，处理方案方向正确且包含必要的生物安全措施，无明显致命风险。但在诊断上未充分排除其他相似疾病，病理机制解释虽较清楚但略显单一，处方中缺少对具体药物剂量和休药期的警示说明，存在潜在用药安全风险。此外，部分症状（如皮肤瘙痒）与肾虫病的典型关联较弱，影响数据质量。,False,,,,,80.0,27,18,23,14,review,19.16,7.01,,1,D:\XF-ChongQin\ai-\results\swine_weak_wiki_production\swine_disease_dataset_production_20260507_141653_dual_reviewed_reselected_20260507_150645.csv
7b60fa88-9b8e-5939-bd83-68581ed40b06,397,猪戊型肝炎,swine_hunyuan_turbos,hunyuan-turbos-20250926,成功,,猪,我家是300头左右保育猪，现在60日龄左右，最近一周陆续有猪不吃料、精神差，有的拉黄绿色稀粪，个别体温偏高到40℃左右，舍内通风一般，之前用过替米考星拌料，效果不明显。想问问这是啥病，该怎么处理？,根据描述的症状（采食下降、精神沉郁、发热、黄绿色稀粪）及保育猪阶段易感性，结合近期用药史，考虑可能为猪戊型肝炎病毒感染所致，同时需排除其他肠道病毒性疾病（如流行性腹泻、轮状病毒）、细菌性肠炎以及饲料中毒等因素。该病为人兽共患风险病原体，需谨慎对待。,建议立即将疑似病例与健康猪隔离，加强圈舍保温与通风，适当提高环境温度以改善猪的体感舒适度；停止饲喂可疑饲料，保证饮水清洁；采集病猪血液、粪便及肝脏组织送具备资质的实验室进行病原学检测（PCR、ELISA等），明确是否为戊型肝炎病毒或其他病原；在确诊前避免使用可能掩盖病情的药物；若确诊为戊型肝炎，应依据当地畜牧兽医部门指导采取相应生物安全措施，防止人员接触污染；严禁私自屠宰、销售或食用病死猪。,因属病毒性人兽共患风险病原，无可用化学药物治疗，故不存在常规休药期概念；一旦确诊应按法规要求执行扑杀、无害化处理等措施，并严格消毒场地。,"{""disease_name"": ""猪戊型肝炎"", ""severity"": ""中等至严重（可导致保育猪死亡，且具人兽共患风险）"", ""scene_tags"": [""保育猪"", ""群体发病"", ""采食下降"", ""腹泻"", ""发热""], ""validation_points"": [""症状符合戊型肝炎常见表现"", ""保育猪为易感群体"", ""存在人兽共患风险需按法规处置""], ""risk_flags"": [""人兽共患风险"", ""需隔离与送检"", ""禁止私自处理病死猪""], ""case_type"": ""保育猪群体发病"", ""target_disease"": ""猪戊型肝炎"", ""local_flags"": {""species_ok"": true, ""target_disease_in_diagnosis"": true, ""target_disease_mismatch"": false, ""contains_specific_dose"": false, ""contains_specific_withdrawal"": false, ""regulated_bad_treatment"": false}}",False,False,,,True,False,False,D:\XF-ChongQin\ai-\knowledge\llm_wiki_swine_authoritative,1465,887,"猪戊型肝炎
猪戊型肝炎、hepatitis e virus
保育猪群体发病
群体发病、采食下降、粪便或呼吸道异常，用户想知道主要病因和下一步处理。","{""HUMAN_REVIEWED"": 3, ""NEEDS_REVIEW"": 2}","[""SRC-0001"", ""SRC-0006"", ""SRC-0014"", ""SRC-0036"", ""SRC-0043"", ""SRC-0049""]",2036,30.37,ERNIE-4.5-Turbo-32K,82,27,18,20,17,False,True,"整体回答质量较高，诊断准确性、病理逻辑、处方安全性和数据质量均表现良好，无明显致命风险。诊断考虑了多种可能性，并强调了人兽共患风险，处理建议符合规范。
问题：诊断准确性方面，虽然考虑了多种可能性，但对其他肠道病毒性疾病和细菌性肠炎的排除依据不够充分，缺乏具体鉴别诊断方法。；病理逻辑方面，对症状与疾病之间的关联性解释不够深入，缺乏对疾病病理机制的简要说明。；处方安全性方面，虽然强调了隔离、送检和生物安全措施，但对环境消毒的具体方法或药物选择未提及。；数据质量方面，回答中未明确提及休药期的具体法规依据，仅说明无化学药物治疗，略显不足。",hunyuan-turbos-20250926,85,8,7.5,9,8,False,False,回答整体结构合理，能够结合用户提供的症状、年龄阶段和用药史提出可能的病因，并提示人兽共患风险，处理建议包括隔离、送检、生物安全和无害化处理，符合安全规范。但部分细节可优化，例如鉴别诊断依据不足、病理机制解释较浅、环境消毒措施未具体化。,True,ERNIE-4.5-Turbo-32K,partially,review,回答整体结构合理，诊断考虑了多种可能性并提示了人兽共患风险，处理建议包括隔离、送检、生物安全和无害化处理，符合安全规范。但存在以下不足：对其他肠道病毒性疾病和细菌性肠炎的鉴别依据不充分，缺少具体的鉴别方法或指标；对症状与戊型肝炎之间关联的病理机制解释不足；环境消毒措施未给出具体方法或推荐消毒剂类型；关于休药期的表述虽正确，但未引用相关法规条文。这些问题可通过补充鉴别诊断依据、病理机制解释、环境消毒具体建议和法规引用来改进。,80.0,27,18,20,17,review,19.47,24.73,,1,D:\XF-ChongQin\ai-\results\swine_weak_wiki_production\swine_disease_dataset_production_20260507_141653_dual_reviewed_reselected_20260507_150645.csv
c284cd7d-38e6-52c5-ae19-b8fd0b2fc386,418,猪多杀性巴氏杆菌病,swine_hunyuan_turbos,hunyuan-turbos-20250926,成功,,猪,我这边是100头左右的保育后期到育肥前期猪，大概50-80公斤重，最近一周陆续有猪开始咳嗽、喘气，有的还发烧，吃料量明显下降，圈舍通风一般，之前用过替米考星拌料三天，效果不明显，现在有几头精神差，想知道是不是巴氏杆菌感染，要不要整批投药？,根据描述，该群猪表现为急性呼吸道症状伴发热和采食下降，结合年龄段及饲养管理情况，考虑肺炎型猪多杀性巴氏杆菌病可能性较大，且可能为原发或继发于其他呼吸道病原（如支原体、圆环病毒、蓝耳病等）。需要现场观察呼吸频率、体温、精神状态，并结合剖检病变（肺实变、纤维素渗出）、实验室检测（细菌分离、PCR）进一步确诊。,treatment_direction: 针对细菌性肺炎进行抗菌治疗，同时改善圈舍通风与保温，减少应激；若怀疑混合感染，应配合控制潜在病毒性或支原体病原。；management_measures: 提高猪舍温度以减少冷应激，加强通风换气，降低氨气浓度；分群饲养，将病情严重个体隔离；保证饮水充足并补充电解质。；sampling_and_testing: 采集病死猪肺组织送实验室做细菌培养鉴定、PCR检测常见呼吸道病原（包括P. multocida、M. hyopneumoniae、PRRSV、PCV2等），必要时做血清学检测。；prohibited_boundaries: 严禁自行使用禁用药或未批准抗生素；发现高热、呼吸困难迅速恶化或死亡增加时应立即上报当地畜牧兽医部门，按重大疫病防控流程处置。,具体休药期需依据所用药物种类及标签说明确定，使用前须查阅药品说明书并遵守相关规定。,"{""disease_name"": ""猪多杀性巴氏杆菌病（肺炎型）"", ""severity"": ""中等至重度"", ""scene_tags"": [""保育后期"", ""育肥前期"", ""群体呼吸道症状"", ""发热"", ""采食下降""], ""validation_points"": [""症状符合肺炎型巴氏杆菌病特征"", ""存在可能诱发因素（通风不良、应激）"", ""需排除其他呼吸道病原混合感染""], ""risk_flags"": [""可能涉及法定疫病监测范围"", ""需实验室确诊后制定针对性防控措施""], ""case_type"": ""呼吸道群体发病"", ""target_disease"": ""猪多杀性巴氏杆菌病"", ""local_flags"": {""species_ok"": true, ""target_disease_in_diagnosis"": true, ""target_disease_mismatch"": false, ""contains_specific_dose"": false, ""contains_specific_withdrawal"": false, ""regulated_bad_treatment"": false}}",False,False,,,True,False,False,D:\XF-ChongQin\ai-\knowledge\llm_wiki_swine_authoritative,1465,887,"猪多杀性巴氏杆菌病
猪多杀性巴氏杆菌病、pasteurellosis
呼吸道群体发病
同栏出现咳嗽、喘气、发热、采食下降，用户想判断病因和是否需要全群用药。","{""HUMAN_REVIEWED"": 2, ""NEEDS_REVIEW"": 2}","[""SRC-0001"", ""SRC-0006"", ""SRC-0070""]",2221,33.89,ERNIE-4.5-Turbo-32K,82,27,18,23,14,False,True,"整体回答较为全面，诊断考虑了多种可能性，处理方向安全合理，但数据质量方面存在一定不足，如未明确提及部分关键症状与疾病的典型关联性，且对部分风险因素的考虑不够深入。
问题：诊断准确性方面，虽考虑了多种可能性，但未明确阐述咳嗽、喘气、发热、采食下降等症状与猪多杀性巴氏杆菌病的典型关联性，仅提及可能性较大，缺乏更深入的分析。；病理逻辑方面，对于可能诱发因素（通风不良、应激）与疾病发生之间的逻辑关系阐述不够详细，未充分说明这些因素如何具体影响疾病的发生发展。；处方安全方面，整体处理方向安全合理，但对于“严禁自行使用禁用药或未批准抗生素”的表述较为笼统，未明确具体禁用药或未批准抗生素的种类。；数据质量方面，未提及猪的体温具体范围、呼吸频率等关键数据，对症状的描述不够精确，且未对“可能涉及法定疫病监测范围”这一风险标志进行详细说明。",hunyuan-turbos-20250926,78,75,70,85,72,True,False,回答总体思路正确，诊断考虑了多种可能性，处理方案兼顾了抗菌治疗和饲养管理改进，并强调了采样检测和上报机制，安全性较高。但在症状与疾病典型关联性的分析上不够深入，对诱发因素的作用机制解释不足，缺少关键体征数据，且对禁用药物的表述较笼统。,True,ERNIE-4.5-Turbo-32K,True,review,回答总体思路正确，诊断考虑了多种可能性，处理方案兼顾了抗菌治疗和饲养管理改进，并强调了采样检测和上报机制，安全性较高。但在症状与疾病典型关联性的分析上不够深入，对诱发因素的作用机制解释不足，缺少关键体征数据，且对禁用药物的表述较笼统，需进一步补充完善。,80.0,27,18,23,14,review,24.71,17.73,,1,D:\XF-ChongQin\ai-\results\swine_weak_wiki_production\swine_disease_dataset_production_20260507_141653_dual_reviewed_reselected_20260507_150645.csv
9f7f349b-1abb-5d70-845a-e453138aa335,423,猪虱病,swine_hunyuan_turbos,hunyuan-turbos-20250926,成功,,猪,我家是50头左右60斤左右的育肥猪，最近半个月陆续有几头开始蹭墙、掉毛，身上能看到一些结痂和小红点，采食量下降，长得也慢了，粪便偏稀。之前用过一次伊维菌素拌料驱虫，但效果不明显，圈舍比较潮湿，通风一般。想问问是不是虱子或者别的虫子引起的？,根据描述，结合瘙痒、结痂、掉毛及腹泻等症状，考虑为体外寄生虫感染，重点怀疑猪虱病。确诊需在体表毛发间找到活虱或附着牢固的虫卵。,treatment_direction: 针对体外寄生虫进行驱虫，选择经批准的体外驱虫产品，按标签使用。；management_measures: 改善圈舍通风与干燥，定期清理粪污，减少猪群密度，防止交叉传播。；sampling_submission: 采集病变部位毛发及皮屑送实验室镜检，查找虱或虫卵，必要时做病原鉴定。；prohibited_boundaries: 禁止使用未经许可的药物或超范围用药；若检出其他严重传染病（如非洲猪瘟等），须立即隔离并报告主管部门。,按照所用驱虫产品的标签规定执行，确保上市前达到安全间隔期。,"{""disease_name"": ""猪虱病"", ""severity"": ""中等"", ""scene_tags"": [""育肥猪"", ""体外寄生虫"", ""皮肤损伤"", ""生长迟缓""], ""validation_points"": [""瘙痒、结痂、掉毛提示体外寄生虫可能"", ""需镜检发现虱或虫卵方可确诊"", ""管理上需改善圈舍卫生与通风""], ""risk_flags"": [""非重大疫病但易复发"", ""需排除其他皮肤病与人畜共患病""], ""case_type"": ""寄生虫群体发病"", ""target_disease"": ""猪虱病"", ""local_flags"": {""species_ok"": true, ""target_disease_in_diagnosis"": true, ""target_disease_mismatch"": false, ""contains_specific_dose"": false, ""contains_specific_withdrawal"": false, ""regulated_bad_treatment"": false}}",False,False,,,True,False,False,D:\XF-ChongQin\ai-\knowledge\llm_wiki_swine_authoritative,1465,887,"猪虱病
猪虱病、external parasites lice
寄生虫群体发病
猪群出现腹泻、消瘦、皮肤瘙痒或生长慢，用户怀疑寄生虫。","{""HUMAN_REVIEWED"": 3, ""NEEDS_REVIEW"": 2}","[""SRC-0001"", ""SRC-0080"", ""SRC-0082""]",2133,27.05,ERNIE-4.5-Turbo-32K,85,27,18,23,17,False,True,"整体回答较为准确，诊断方向合理，症状与疾病匹配度较高，处理方向安全且与疾病相互印证，但存在部分细节可优化。
问题：diagnosis_accuracy: 症状描述中腹泻与猪虱病的直接关联性较弱，虽未排除其他寄生虫混合感染可能，但未明确说明，扣3分。；pathology_logic: 病理逻辑基本合理，但未详细说明猪虱病导致腹泻的间接机制（如瘙痒影响采食和消化），扣2分。；prescription_safety: 驱虫方案安全，但未明确推荐具体药物（如双甲脒、除虫菊酯类等），扣2分。；data_quality: 数据质量尚可，但用户历史用药（伊维菌素）效果不佳的原因未分析（如可能对虱无效或耐药），扣8分。",hunyuan-turbos-20250926,80,7,8,9,6,False,False,诊断方向正确，症状与猪虱病高度相关，处理措施安全且包含必要的采样与上报提示，无明显危险建议。但腹泻与猪虱的直接关联解释不足，对已有驱虫失败原因缺乏分析，且未细化推荐驱虫剂类型。,True,ERNIE-4.5-Turbo-32K,True,review,诊断方向正确，症状与猪虱病高度相关，处理措施安全且包含必要的采样与上报提示，无明显危险建议。但存在以下不足：腹泻与猪虱的直接关联解释不足，未分析已有驱虫失败原因，且未细化推荐驱虫剂类型。,80.0,27,18,23,17,review,19.3,20.58,,1,D:\XF-ChongQin\ai-\results\swine_weak_wiki_production\swine_disease_dataset_production_20260507_141653_dual_reviewed_reselected_20260507_150645.csv
e83c45dd-9467-583e-8633-0a9388d8e025,430,猪肾虫病,swine_hunyuan_turbos,hunyuan-turbos-20250926,成功,,猪,我家有120头育肥猪，平均体重在70公斤左右，最近发现几头猪精神沉郁、食欲下降，尿液里能看到一些白色絮状物，有的猪腹部摸起来有点硬块感。圈舍是水泥地面，通风一般，平时喂料比较集中，没有做过专门的驱虫。想问下这种情况是不是要全群处理？环境怎么弄？要不要做检查再决定？,根据描述，结合尿液异常、局部触诊包块及饲养环境，怀疑为猪肾虫病（Stephanurus dentatus）。该病由肾虫寄生引起，成虫可在肾周形成囊肿并与输尿管相通，导致尿液中出现炎性渗出物，同时移行过程可损伤肝脏并引发全身症状。,建议立即隔离出现明显症状的个体，防止交叉污染。对全群进行粪便镜检或尿液沉淀法查找虫卵，必要时采集病变组织送实验室确诊。环境方面应彻底清扫圈舍，清除粪污，保持干燥清洁，减少潮湿和积水，防止中间宿主滋生。加强饮水和饲料卫生管理，分餐投喂以减少排泄物接触。禁止在未确诊前使用任何驱虫药物，以免掩盖病情或影响后续检测。,因涉及寄生虫病，若确诊需按兽医指导实施驱虫，并在停药后按规定时间进行复检和观察，确保无虫卵排出后方可出栏。,"{""disease_name"": ""猪肾虫病"", ""severity"": ""中等偏重"", ""scene_tags"": [""育肥猪"", ""水泥地面"", ""通风不良"", ""未见驱虫史""], ""validation_points"": [""尿液异常提示泌尿系统受累"", ""腹部包块符合肾周囊肿特征"", ""环境管理不足增加感染风险""], ""risk_flags"": [""可能波及全群"", ""需实验室确诊"", ""存在人畜共患病误判风险""], ""case_type"": ""驱虫和环境管理"", ""target_disease"": ""猪肾虫病"", ""local_flags"": {""species_ok"": true, ""target_disease_in_diagnosis"": true, ""target_disease_mismatch"": false, ""contains_specific_dose"": false, ""contains_specific_withdrawal"": false, ""regulated_bad_treatment"": false}}",False,False,,,True,False,False,D:\XF-ChongQin\ai-\knowledge\llm_wiki_swine_authoritative,1465,887,"猪肾虫病
猪肾虫病、stephanurus dentatus kidney worm
驱虫和环境管理
用户询问是否需要全群处理、环境清理和复查方式。","{""HUMAN_REVIEWED"": 3, ""NEEDS_REVIEW"": 2}","[""SRC-0001"", ""SRC-0026"", ""SRC-0028"", ""SRC-0082""]",2149,27.4,ERNIE-4.5-Turbo-32K,85,28,18,23,16,False,True,"整体回答较为准确，诊断逻辑合理，处方安全，数据质量基本满足要求，无明显致命风险。
问题：诊断准确性方面，虽然症状和疾病匹配度较高，但未完全覆盖所有可能症状，如肝脏损伤相关症状未提及。；病理逻辑方面，对肾虫病病理过程的描述较为详细，但缺乏对其他可能鉴别诊断的排除说明。；处方安全方面，整体安全，但未明确说明驱虫药物的选择原则及具体药物名称，可能影响实际操作的准确性。；数据质量方面，回答内容较为完整，但部分信息如休药期承诺不够具体，缺乏量化指标。",hunyuan-turbos-20250926,82,80,78,90,75,False,False,该回答对猪肾虫病的诊断依据较充分，症状与环境背景吻合，病理机制解释清晰，处方措施安全且符合防控原则，未给出具体药物剂量或休药期承诺，避免了用药风险。不足之处在于未全面列出可能的鉴别诊断，也未提供驱虫药物选择原则，部分信息略显笼统。,True,ERNIE-4.5-Turbo-32K,partly,review,诊断逻辑合理，症状与疾病匹配度较高，但未提及肝损伤相关症状，也未全面列出可能的鉴别诊断，可能导致漏诊其他类似疾病；处方措施安全且符合防控原则，但未明确驱虫药物选择原则，操作性不足；数据质量方面，回答内容较为完整，但部分信息略显笼统。整体回答有参考价值，但存在不足，需进一步补充完善。,80.0,28,18,23,16,review,19.21,19.36,,1,D:\XF-ChongQin\ai-\results\swine_weak_wiki_production\swine_disease_dataset_production_20260507_141653_dual_reviewed_reselected_20260507_150645.csv
93614196-3574-5335-9e63-9dcbdb036b9d,440,猪流行性腹泻,swine_hunyuan_turbos,hunyuan-turbos-20250926,成功,,猪,我这边有200多头100公斤左右的育肥猪，还有不到一个月就要出栏了，这几天陆续有几头开始拉水样稀粪，精神食欲还行，体温正常，圈舍通风一般，前几天刚停喂过抗生素预防呼吸道病。想问这种情况还能继续养到出栏吗？要不要隔离或者提前卖？用药会不会影响上市？,根据描述，考虑为猪流行性腹泻（PED）可能性较大，该病由冠状病毒引起，主要侵害小肠上皮细胞，导致急性水样腹泻，多见于仔猪，但在应激条件下育肥猪也可发病。当前症状较轻且无明显全身症状，提示可能为低毒力毒株或早期感染。需结合实验室检测（如RT-PCR、IHC等）确诊。,1. 立即将腹泻猪与健康猪分栏隔离饲养，减少接触传播；2. 加强圈舍保温与通风，保持干燥清洁，防止继发细菌感染；3. 可给予口服补液盐或电解质溶液，防止脱水；4. 采集新鲜粪便或病死猪小肠组织送实验室检测，明确病原；5. 若确诊为PEDV，应按当地动物防疫部门要求进行无害化处理或限制调运，不可擅自出售；6. 禁止使用未经批准的兽药或违禁药物，以免影响食品安全及后续检疫放行。,因涉及重大疫病处置，须按官方检测结果及防疫规定执行，不得擅自确定停药期或销售时间。,"{""disease_name"": ""猪流行性腹泻"", ""severity"": ""中等（视毒株毒力及防控措施而定）"", ""scene_tags"": [""育肥猪"", ""临近出栏"", ""腹泻"", ""应激条件""], ""validation_points"": [""症状符合PEDV特征（水样腹泻、无高热）"", ""育肥猪在应激下可发病"", ""需实验室确诊"", ""需隔离与防疫措施""], ""risk_flags"": [""疑似重大动物疫病"", ""可能影响出栏销售"", ""需配合官方检测与处置""], ""case_type"": ""腹泻出栏边界"", ""target_disease"": ""猪流行性腹泻"", ""local_flags"": {""species_ok"": true, ""target_disease_in_diagnosis"": true, ""target_disease_mismatch"": false, ""contains_specific_dose"": false, ""contains_specific_withdrawal"": false, ""regulated_bad_treatment"": false}}",False,False,,,True,False,False,D:\XF-ChongQin\ai-\knowledge\llm_wiki_swine_authoritative,1465,887,"猪流行性腹泻
猪流行性腹泻、porcine epidemic diarrhea virus、PED、PEDV
腹泻出栏边界
临近出栏猪群出现腹泻，用户关心处理方向、隔离和用药后能否销售。","{""HUMAN_REVIEWED"": 3, ""NEEDS_REVIEW"": 2}","[""A0-MOA-573"", ""A2-EFSA-PED-PDCOV-OPINION"", ""SRC-0001"", ""SRC-0037""]",2168,34.7,ERNIE-4.5-Turbo-32K,82,28,18,22,14,False,True,"整体回答质量较高，诊断准确性、病理逻辑、处方安全性和数据质量均表现良好，无明显致命风险。诊断考虑猪流行性腹泻（PED）可能性较大，符合症状描述，且提到需实验室检测确诊，较为严谨。病理逻辑部分对疾病特征和发病条件有一定解释，但可更深入。处方安全方面，隔离、补液等措施合理，且强调了无害化处理和禁止使用违禁药物，符合食品安全要求。数据质量方面，场景标签和验证点较为全面，但风险标志可更具体。
问题：诊断准确性方面，虽考虑PED可能性较大，但未完全排除其他腹泻性疾病，如猪传染性胃肠炎等，可增加鉴别诊断内容。；病理逻辑部分，对PED在育肥猪中的发病机制和病理变化解释不够深入，可补充更多病理学知识。；处方安全方面，虽提到禁止使用违禁药物，但未给出具体可用的治疗药物或方案，可能让用户感到困惑。；数据质量方面，风险标志中“疑似重大动物疫病”可更具体地说明PED的疫病地位和防控要求。",hunyuan-turbos-20250926,85,8,7,9,8,False,False,该回答整体结构完整，诊断思路合理，考虑了猪流行性腹泻的可能性并强调实验室确诊，处方措施包括隔离、补液、送检以及遵守防疫规定，未出现危险用药建议，安全性高。不足之处在于鉴别诊断不足、病理机制阐述较浅、缺乏可用治疗方向的具体指导，以及风险标识可更细化。,True,ERNIE-4.5-Turbo-32K,True,review,整体回答质量较高，诊断考虑猪流行性腹泻（PED）可能性较大，符合症状描述，且提到需实验室检测确诊，较为严谨。病理逻辑部分对疾病特征和发病条件有一定解释，但可更深入。处方安全方面，隔离、补液等措施合理，且强调了无害化处理和禁止使用违禁药物，符合食品安全要求。但存在一些不足，如未充分列出可能的鉴别诊断，可能影响临床判断的全面性；对PED在育肥猪中的发病机制与病理变化解释不够详细；处方中缺少针对PED的可选治疗方案或药物类别指引，可能导致用户操作模糊；风险标识中对PED作为重大疫病的防控要求表述不够具体。,80.0,28,18,22,14,review,26.93,26.44,,1,D:\XF-ChongQin\ai-\results\swine_weak_wiki_production\swine_disease_dataset_production_20260507_141653_dual_reviewed_reselected_20260507_150645.csv
695abe36-a042-5d7b-b029-66f7d0e02c87,450,猪沙门氏菌病,swine_hunyuan_turbos,hunyuan-turbos-20250926,成功,,猪,我家有200头90公斤左右的育肥猪，最近一周陆续出现拉稀、精神沉郁、采食量下降的情况，粪便呈黄色带黏液，部分猪体温升高到40℃左右，舍内通风一般，近期刚换过一批玉米料。现在离计划出栏只剩20天了，想问下这种情况能不能用药治疗？会不会影响出栏卖猪？,根据描述，育肥猪在应激（换料、通风不良）背景下出现腹泻、发热、食欲下降，符合猪沙门氏菌病肠炎型或败血型的可能表现。该病常在集约化饲养的断奶及生长猪中发生，常由沙门氏菌感染引起，可表现为纤维素坏死性肠炎，盲肠和结肠常见假膜或纽扣样溃疡。需要结合剖检、实验室培养鉴定确认病原体。,建议立即隔离发病猪，改善圈舍通风与环境卫生，减少应激因素；采集新鲜粪便、血液或组织样本送实验室进行沙门氏菌分离培养和药敏试验，依据结果选择敏感抗菌药物；同时加强全群饮水清洁，防止交叉感染。在未获得药敏结果前，不应随意使用广谱抗生素，以免延误精准治疗和增加耐药性风险。若检出沙门氏菌且临近出栏，应严格遵循当地动物防疫部门关于休药期和上市的规定，必要时调整出栏时间。,因涉及抗菌药使用，须依据所用药物的官方规定执行相应休药期，并在出栏前确保药物残留符合食品安全标准。,"{""disease_name"": ""猪沙门氏菌病"", ""severity"": ""中等至严重"", ""scene_tags"": [""育肥猪"", ""集约化饲养"", ""应激诱发"", ""腹泻高热""], ""validation_points"": [""症状与沙门氏菌肠炎型/败血型相符"", ""存在应激诱因（换料、通风差）"", ""需实验室确诊并做药敏""], ""risk_flags"": [""临近出栏需关注休药期合规"", ""不可在未获药敏结果前盲目用药"", ""需防范群体扩散""], ""case_type"": ""上市休药期咨询"", ""target_disease"": ""猪沙门氏菌病"", ""local_flags"": {""species_ok"": true, ""target_disease_in_diagnosis"": true, ""target_disease_mismatch"": false, ""contains_specific_dose"": false, ""contains_specific_withdrawal"": false, ""regulated_bad_treatment"": false}}",False,False,,,True,False,False,D:\XF-ChongQin\ai-\knowledge\llm_wiki_swine_authoritative,1465,887,"猪沙门氏菌病
猪沙门氏菌病、salmonellosis
上市休药期咨询
用户接近出栏，关心治疗方向和用药后能否出栏销售。","{""HUMAN_REVIEWED"": 3, ""NEEDS_REVIEW"": 2}","[""SRC-0001"", ""SRC-0073""]",2192,27.06,ERNIE-4.5-Turbo-32K,82,27,18,23,14,False,True,"整体回答符合猪沙门氏菌病的诊断逻辑，症状与疾病匹配，诊断准确度较高。处理方向安全，强调了实验室确诊和药敏试验的重要性，并提醒了休药期合规问题。但数据质量方面略有不足，如未明确提及具体药物选择和休药期天数。
问题：数据质量方面，未明确提及具体药物选择和休药期天数，仅做了原则性提醒。；病理逻辑部分，虽然提到了沙门氏菌病的典型症状，但未详细解释症状与疾病之间的病理联系。",hunyuan-turbos-20250926,85,9,8,10,7.5,False,False,该回答对猪沙门氏菌病的诊断逻辑合理，症状与疾病高度匹配，处理方案强调实验室确诊、药敏试验及休药期合规性，避免了盲目用药的风险，安全性高。不足之处在于缺乏更详细的病理机制解释以及未提供具体药物示例，数据完整性略低。,True,ERNIE-4.5-Turbo-32K,partially,review,诊断逻辑合理，症状与疾病匹配，处理方案强调实验室确诊、药敏试验及休药期合规性，安全性高。但未详细阐述症状与沙门氏菌病之间的病理生理联系，未列举可能的抗菌药物类别供参考，未说明不同药物对应的休药期差异，数据完整性略低。,80.0,27,18,23,14,review,17.54,18.99,,1,D:\XF-ChongQin\ai-\results\swine_weak_wiki_production\swine_disease_dataset_production_20260507_141653_dual_reviewed_reselected_20260507_150645.csv
666a18f4-6cda-53c9-a8cd-ee0c5ca09854,464,猪血凝性脑脊髓炎,swine_hunyuan_turbos,hunyuan-turbos-20250926,成功,,猪,我家有120头90日龄左右的育肥猪，最近一周陆续有几头出现精神沉郁、食欲下降、部分伴随呕吐和走路不稳的情况，体温正常偏低，粪便偏稀。之前用了氟苯尼考和多西环素拌料三天，症状没明显好转。请问还能继续用这些药吗？会不会是病毒感染？,根据描述的症状组合（精神沉郁、食欲减退、呕吐、运动失调）及年龄特点，高度怀疑为猪血凝性脑脊髓炎病毒引起的神经系统综合征。该病在断奶后至育肥早期易发，常呈散发，死亡率因日龄而异，成年猪多表现为轻度症状并恢复。需排除伪狂犬病、乙脑等病毒性神经疾病以及细菌性败血症继发脑膜炎的可能。,目前不建议继续使用原抗生素方案，应停止投喂氟苯尼考和多西环素，改为对症支持管理：保证饮水充足、减少应激、分群饲养防止继发感染；对表现明显共济失调的个体进行隔离观察，必要时采集脑组织、血液送实验室做PCR检测确诊。若确诊为猪血凝性脑脊髓炎，无特效抗病毒药物，主要靠加强护理和环境控制促进康复。严禁使用人用处方药或禁用药，所有用药须符合食品动物法规要求。,如后续确需用药，应根据所用兽药标签及国家法规确定休药期，并在出栏前严格执行，确保残留达标。,"{""disease_name"": ""猪血凝性脑脊髓炎"", ""severity"": ""中等至高（取决于日龄和个体免疫力）"", ""scene_tags"": [""育肥猪"", ""神经症状"", ""呕吐"", ""共济失调"", ""抗生素治疗无效""], ""validation_points"": [""症状与猪血凝性脑脊髓炎典型临床表现一致"", ""年龄段处于该病易感范围"", ""抗生素治疗无效提示非单纯细菌感染""], ""risk_flags"": [""需实验室确诊以防误诊"", ""潜在人畜共患病排查（如伪狂犬病、乙脑）"", ""禁止随意更换或延长抗生素使用""], ""case_type"": ""育肥猪用药咨询"", ""target_disease"": ""猪血凝性脑脊髓炎"", ""local_flags"": {""species_ok"": true, ""target_disease_in_diagnosis"": true, ""target_disease_mismatch"": false, ""contains_specific_dose"": false, ""contains_specific_withdrawal"": false, ""regulated_bad_treatment"": false}}",False,False,,,True,False,False,D:\XF-ChongQin\ai-\knowledge\llm_wiki_swine_authoritative,1465,887,"猪血凝性脑脊髓炎
猪血凝性脑脊髓炎、hemagglutinating encephalomyelitis virus
育肥猪用药咨询
育肥猪出现典型症状，用户已经用过常见药物但效果一般，询问是否继续用药。","{""HUMAN_REVIEWED"": 3, ""NEEDS_REVIEW"": 2}","[""SRC-0001"", ""SRC-0008"", ""SRC-0012"", ""SRC-0015"", ""SRC-0037""]",2063,29.54,ERNIE-4.5-Turbo-32K,82,27,18,22,15,False,True,"该回答整体符合猪血凝性脑脊髓炎的诊断与处理原则，诊断准确性较高，症状与疾病匹配合理，处理方向安全，但数据质量稍显不足，部分细节可优化。
问题：诊断准确性方面，虽然症状与疾病匹配合理，但未充分说明与其他类似疾病（如伪狂犬病、乙脑）的鉴别诊断依据，仅提及需排除，缺乏具体分析。；病理逻辑方面，对疾病发病机制和病理过程的解释不够深入，仅简单描述了症状和易感年龄段。；处方安全方面，虽然停止原抗生素方案并改为对症支持管理的建议合理，但未明确说明对症支持管理的具体措施和预期效果。；数据质量方面，回答中未提供具体的实验室检测方法或参考标准，仅建议做PCR检测确诊，缺乏可操作性。",hunyuan-turbos-20250926,78,85,75,80,70,False,False,回答基本正确识别了猪血凝性脑脊髓炎的可能性，症状与疾病匹配度较高，处理建议总体安全且避免滥用抗生素，同时强调了送检确诊的重要性。但在鉴别诊断分析、病理机制阐述、对症支持措施细化及实验室检测指引方面存在不足，影响实用性和指导性。,True,ERNIE-4.5-Turbo-32K,True,review,回答基本正确识别了猪血凝性脑脊髓炎的可能性，症状与疾病匹配度较高，处理建议总体安全且避免滥用抗生素，同时强调了送检确诊的重要性。但在鉴别诊断分析、病理机制阐述、对症支持措施细化及实验室检测指引方面存在不足，影响实用性和指导性，因此判为review。,80.0,27,18,22,15,review,22.09,19.01,,1,D:\XF-ChongQin\ai-\results\swine_weak_wiki_production\swine_disease_dataset_production_20260507_141653_dual_reviewed_reselected_20260507_150645.csv
d028c215-07b6-5d3e-acad-186653fad581,129,猪结核病,swine_hunyuan_turbos,hunyuan-turbos-20250926,成功,,猪,我家是300头规模的种猪场，最近有2头怀孕90多天的母猪陆续流产，还有一头公猪精神沉郁、食欲下降，精液稀薄且活力差。之前没用过什么特别的药物，圈舍通风一般，温度湿度偏高。想问下这种情况是不是传染病？还能不能继续让这些公猪配种？,根据描述，存在妊娠中期流产及公猪繁殖性能下降的情况，需考虑多种传染性因素，包括猪繁殖与呼吸综合征、伪狂犬病、布鲁氏菌病、乙脑等，同时应警惕人兽共患的猪结核病可能。猪结核病可由MTBC、MAC及其他分枝杆菌引起，可导致慢性消耗、繁殖障碍及流产，但仅凭临床表现无法确诊，需结合病理学和微生物学检查。,treatment_direction: 立即暂停可疑公猪配种，将流产母猪与健康猪隔离观察，减少人员、工具交叉使用，防止潜在病原体扩散。；management_measures: 加强圈舍通风与温湿度控制，改善饲养管理，减少应激；对全场猪进行健康巡查，记录异常个体。；sampling_testing: 采集流产胎儿组织、胎盘、公猪血液及精液样本送具备资质的实验室进行细菌培养、PCR检测及病理学检验，必要时做分枝杆菌鉴定。；prohibited_boundaries: 在未明确病原前禁止出售、调运种猪及相关产品；若怀疑为法定或人兽共患病，须按当地畜牧兽医部门要求进行报告与处置。,因未确诊且可能涉及人兽共患病，暂不建议恢复配种或使用该批精液，直至检测结果明确并获主管部门许可。,"{""disease_name"": ""猪结核病"", ""severity"": ""高（潜在人兽共患）"", ""scene_tags"": [""种猪场"", ""流产"", ""公猪繁殖障碍"", ""人兽共患风险""], ""validation_points"": [""临床表现为妊娠中后期流产与公猪繁殖性能下降"", ""需通过实验室检测排除多种传染病"", ""人兽共患风险需严格防控""], ""risk_flags"": [""人兽共患风险"", ""法定疫病排查需求"", ""繁殖性能受损""], ""case_type"": ""种猪繁殖障碍"", ""target_disease"": ""猪结核病"", ""local_flags"": {""species_ok"": true, ""target_disease_in_diagnosis"": true, ""target_disease_mismatch"": false, ""contains_specific_dose"": false, ""contains_specific_withdrawal"": false, ""regulated_bad_treatment"": false}}",False,False,,,True,False,False,D:\XF-ChongQin\ai-\knowledge\llm_wiki_swine_authoritative,1465,887,"猪结核病
猪结核病、tuberculosis
种猪繁殖障碍
种猪场出现流产、死胎、返情或公猪异常，用户担心传染病和是否继续配种。","{""HUMAN_REVIEWED"": 3, ""NEEDS_REVIEW"": 2}","[""SRC-0001"", ""SRC-0025"", ""SRC-0035"", ""SRC-0078""]",2183,32.0,ERNIE-4.5-Turbo-32K,82,27,18,22,15,False,True,"整体回答较好地覆盖了猪结核病的诊断逻辑、人兽共患风险防控及处理方向，诊断考虑了多种可能性，处理建议安全合理，但存在部分细节不足和逻辑不够严谨的问题。
问题：诊断准确性方面，虽然考虑了猪结核病，但对其他可能疾病的鉴别诊断描述不够详细，缺乏对猪结核病特异性症状的深入分析。；病理学逻辑方面，未充分解释猪结核病导致流产和公猪繁殖障碍的具体病理机制，逻辑链条不够完整。；处方安全性方面，处理方向基本安全，但未明确提及对人员的防护措施，尤其是人兽共患病场景下的防护。；数据质量方面，回答中部分内容较为笼统，缺乏具体数据或案例支持，如未提及猪结核病的流行病学特点或类似案例的处理经验。",hunyuan-turbos-20250926,78,75,70,80,75,False,False,回答涵盖了猪结核病的可能性，并结合了其他常见传染病进行鉴别，处理措施符合生物安全要求，尤其在涉及人兽共患病时提出了隔离、送检和上报的建议，避免了直接用药或销售操作，降低了传播风险。但在诊断逻辑上缺少对猪结核病特异症状与病理机制的深入说明，也未强调人员防护，部分表述较笼统。,True,ERNIE-4.5-Turbo-32K,True,review,回答整体覆盖了猪结核病的诊断逻辑、人兽共患风险防控及处理方向，诊断考虑了多种可能性，处理建议安全合理，但存在部分细节不足和逻辑不够严谨的问题，如对猪结核病的特异性症状和病理机制描述不够详细，未明确提及对人员的防护措施，部分内容较为笼统，缺乏具体数据或案例支持。,79.0,27,18,22,15,review,19.17,21.16,,1,D:\XF-ChongQin\ai-\results\swine_weak_wiki_production\swine_disease_dataset_production_20260507_141653_dual_reviewed_reselected_20260507_150645.csv
98e93271-1d3f-5852-9628-c9c62dd79086,169,猪杯状病毒感染,swine_hunyuan_turbos,hunyuan-turbos-20250926,成功,,猪,我家有200头45日龄左右的保育猪，最近几天陆续出现精神沉郁、采食量下降，部分猪有轻微腹泻，个别呼吸稍快，舍内湿度偏高，前几天用过恩诺沙星饮水，效果不明显。想问问这是啥病，该怎么处理？,结合年龄、临床表现和环境因素，考虑可能为猪杯状病毒感染等病毒性消化道疾病，也可能与其他肠道病毒或继发细菌感染有关。该病在保育阶段易发，常表现为轻度腹泻、食欲下降和精神不振，一般无高热，死亡率较低。需排除细菌性肠炎、圆环病毒病等混合感染。,treatment_direction: 以支持疗法为主，改善饲养管理，防止继发感染。；management_measures: 加强圈舍通风，降低湿度，保持干燥清洁；提供充足清洁饮水和易消化饲料；减少应激；对严重病例可补充电解质和维生素。；sampling_testing: 采集新鲜粪便样本送实验室进行病毒学检测，必要时做细菌分离培养，以明确病原。；contraindications_boundary: 避免使用未经许可的人用药物；若怀疑重大疫病或疫情扩散，应立即隔离病猪并上报当地畜牧兽医部门。,因未使用特定兽药，无直接休药期要求；但若后续使用抗生素，应按说明书执行停药期。,"{""disease_name"": ""猪杯状病毒感染"", ""severity"": ""中等"", ""scene_tags"": [""保育猪"", ""群体发病"", ""腹泻"", ""采食下降""], ""validation_points"": [""保育猪阶段是杯状病毒易感期"", ""症状符合轻度腹泻与食欲下降"", ""环境因素可能促进病毒传播""], ""risk_flags"": [""需排除其他病毒或细菌混合感染"", ""若病情快速扩散应警惕重大疫病""], ""case_type"": ""保育猪群体发病"", ""target_disease"": ""猪杯状病毒感染"", ""local_flags"": {""species_ok"": true, ""target_disease_in_diagnosis"": true, ""target_disease_mismatch"": false, ""contains_specific_dose"": false, ""contains_specific_withdrawal"": false, ""regulated_bad_treatment"": false}}",False,False,,,True,False,False,D:\XF-ChongQin\ai-\knowledge\llm_wiki_swine_authoritative,1465,887,"猪杯状病毒感染
猪杯状病毒感染、caliciviruses norovirus sapovirus vesicular exanthema virus
保育猪群体发病
群体发病、采食下降、粪便或呼吸道异常，用户想知道主要病因和下一步处理。","{""HUMAN_REVIEWED"": 1, ""NEEDS_REVIEW"": 4}","[""SRC-0001"", ""SRC-0034""]",2117,27.67,ERNIE-4.5-Turbo-32K,82,27,18,22,15,False,True,"整体回答较为全面，诊断考虑了多种可能性，处理方向安全合理，但数据质量方面存在一定不足，如未详细说明诊断依据和鉴别诊断的具体方法。
问题：诊断准确性方面，虽然考虑了猪杯状病毒感染，但也提到了其他肠道病毒或继发细菌感染，未明确指出主要病因，诊断依据不够充分。；病理逻辑方面，对疾病的发病机制和病理变化解释不够详细，鉴别诊断的方法也未具体说明。；处方安全方面，处理方向基本安全，但未提及具体药物的使用剂量和疗程。；数据质量方面，症状描述和诊断依据的关联性不够强，缺乏详细的实验室检测结果支持。",hunyuan-turbos-20250926,78,75,70,85,72,True,False,回答涵盖了可能的病因（包括猪杯状病毒感染）、合理的支持性治疗及管理措施，并提示了采样检测和上报重大疫病的边界条件，整体安全且符合现场实际。但在诊断依据、病理机制解释和鉴别诊断细节上较笼统，未能充分体现症状与猪杯状病毒感染的特异性关联，数据支撑不足。,True,ERNIE-4.5-Turbo-32K,True,review,回答整体安全合理，涵盖了可能的病因、支持性治疗及管理措施，并提示了采样检测和上报重大疫病的边界条件。但诊断依据不够充分，未明确指出主要病因，病理机制与症状之间的逻辑关系阐述不足，鉴别诊断方法过于笼统，数据支撑不足。,79.0,27,18,22,15,review,18.36,19.15,,1,D:\XF-ChongQin\ai-\results\swine_weak_wiki_production\swine_disease_dataset_production_20260507_141653_dual_reviewed_reselected_20260507_150645.csv
00ab71a4-09db-53f5-84fa-4d617d102aa8,199,猪多杀性巴氏杆菌病,swine_hunyuan_turbos,hunyuan-turbos-20250926,成功,,猪,我这边是河南一个自繁自养场，保育舍有120头25公斤左右的猪，最近三天陆续出现咳嗽、喘气、体温升高到40℃左右，还有明显采食量下降的情况，部分猪精神沉郁，呼吸频率加快，栏内湿度偏高，之前用过替米考星拌料两天效果不明显，现在担心是不是巴氏杆菌感染，要不要整批投药？,根据描述的症状（咳嗽、喘气、高热、采食下降）、发病日龄及环境特点，结合既往用药史，考虑肺炎型猪多杀性巴氏杆菌病的可能性较大，且可能与其他呼吸道病原（如支原体、圆环病毒、蓝耳病等）混合感染有关。需要结合剖检变化和实验室检测进一步确诊。,建议立即隔离病猪并加强栏舍通风与保温，适当提高环境温度以改善猪的体感舒适度；采集病死猪肺脏、气管分泌物送实验室进行细菌分离培养和PCR检测，同时排查其他常见呼吸道病原；在未明确病原前，可先使用广谱抗生素控制继发细菌感染，并配合支持疗法（饮水加电解质、维生素C）；严禁随意更换或增加药物种类，避免掩盖病情延误诊断；若确诊为巴氏杆菌病，应依据药敏结果选择敏感药物，并注意防止耐药产生。,任何药物治疗后均需遵守相应药物的停药期规定，并在出栏前确保残留符合食品安全标准；具体停药期应根据所用药物品种由执业兽医确定。,"{""disease_name"": ""猪多杀性巴氏杆菌病"", ""severity"": ""中等至严重（视混合感染情况而定）"", ""scene_tags"": [""保育猪"", ""呼吸道疾病"", ""群体发病"", ""高湿环境""], ""validation_points"": [""症状与肺炎型巴氏杆菌病相符"", ""存在可能的原发或协同呼吸道病原背景"", ""环境管理因素可能加重病情""], ""risk_flags"": [""潜在混合感染风险"", ""未经确诊前不宜盲目全群用药"", ""需排除重大传染病""], ""case_type"": ""呼吸道群体发病"", ""target_disease"": ""猪多杀性巴氏杆菌病"", ""local_flags"": {""species_ok"": true, ""target_disease_in_diagnosis"": true, ""target_disease_mismatch"": false, ""contains_specific_dose"": false, ""contains_specific_withdrawal"": false, ""regulated_bad_treatment"": false}}",False,False,,,True,False,False,D:\XF-ChongQin\ai-\knowledge\llm_wiki_swine_authoritative,1465,887,"猪多杀性巴氏杆菌病
猪多杀性巴氏杆菌病、pasteurellosis
呼吸道群体发病
同栏出现咳嗽、喘气、发热、采食下降，用户想判断病因和是否需要全群用药。","{""HUMAN_REVIEWED"": 2, ""NEEDS_REVIEW"": 2}","[""SRC-0001"", ""SRC-0006"", ""SRC-0070""]",2221,95.37,ERNIE-4.5-Turbo-32K,82,27,18,20,17,False,True,"整体回答质量较高，诊断准确性、病理逻辑、处方安全性和数据质量均表现良好，无明显致命风险。
问题：诊断准确性方面，虽然考虑了巴氏杆菌病的可能性，但未充分排除其他重大呼吸道传染病（如蓝耳病、猪流感等），仅提及混合感染风险，未深入分析其可能性及影响。；病理逻辑方面，对环境因素（高湿）与疾病发生的关系分析不够深入，未明确阐述高湿如何促进巴氏杆菌病或其他呼吸道疾病的发生。；处方安全性方面，虽然提出了隔离、通风、保温等环境管理措施，但在药物治疗方面过于保守，未给出具体药物名称和剂量，仅建议使用广谱抗生素，可能影响治疗效果。；数据质量方面，回答中未充分利用用户提供的详细信息（如既往用药史、具体症状等），在诊断依据和处方建议中未充分体现这些信息的价值。",hunyuan-turbos-20250926,78,80,75,85,75,True,False,该回答整体结构合理，诊断思路基本正确，考虑了巴氏杆菌病的可能性及混合感染因素，并强调实验室确诊的重要性，处方建议注重隔离与环境管理，避免了盲目用药，安全性较好。但存在以下不足：1. 未充分排除蓝耳病、猪流感等重大呼吸道传染病的可能；2. 对环境因素（高湿）与疾病发生的关联分析不足；3. 处方中缺乏针对当前症状的更积极干预措施，可能导致治疗延迟；4. 未充分利用用户提供的详细病史信息来细化诊断与处理方案。,True,ERNIE-4.5-Turbo-32K,True,review,回答整体结构合理，诊断思路基本正确，考虑了巴氏杆菌病的可能性及混合感染因素，并强调实验室确诊的重要性，处方建议注重隔离与环境管理，避免了盲目用药，安全性较好。但存在以下不足：未充分排除蓝耳病、猪流感等重大呼吸道传染病的可能；对环境因素（高湿）与疾病发生的关联分析不足；处方中缺乏针对当前症状的更积极干预措施，可能导致治疗延迟；未充分利用用户提供的详细病史信息来细化诊断与处理方案。,79.0,27,18,20,17,review,88.12,19.0,,1,D:\XF-ChongQin\ai-\results\swine_weak_wiki_production\swine_disease_dataset_production_20260507_141653_dual_reviewed_reselected_20260507_150645.csv
c4822299-64dc-503a-b665-bfd472637a79,274,猪葡萄球菌病,swine_hunyuan_turbos,hunyuan-turbos-20250926,成功,,猪,我家是育肥场，存栏大概600头，平均体重70公斤左右。最近一周内，有几栋圈里的猪陆续出现皮肤发红、结痂、局部渗液的情况，主要集中在背部和耳根位置，有的猪抓挠明显，食欲下降。之前用过阿莫西林饮水，效果不明显。现在想问能不能先当普通皮肤病治几天看看？,根据描述，考虑可能为猪葡萄球菌病（Staphylococcosis / Exudative Epidermitis），由金黄色葡萄球菌属（如S. hyicus）引起，常见于育肥猪，表现为皮肤红斑、渗出、结痂及瘙痒，可伴食欲下降。需结合现场流行病学、临床表现及实验室分离鉴定确诊。,treatment_direction: 针对可能的细菌感染进行抗菌治疗，配合改善饲养环境以减少皮肤刺激和继发感染。；management_measures: 加强圈舍通风干燥，减少潮湿应激；及时清理粪污，防止皮肤长时间接触污水；对病猪进行分群管理，减少互咬和抓挠传播。；sampling_and_testing: 采集病变部位分泌物或组织样本送实验室进行细菌培养和药敏试验，明确致病菌种类及对药物的敏感性。；prohibited_boundaries: 在未排除重大动物疫病前，不得擅自销售、转运或屠宰病猪；若怀疑为法定重大疫病，应立即向当地动物防疫部门报告，并按其指导处置。,具体休药期需依据所用药物说明书及国家相关规定执行，建议在治疗期间及停药期内禁止出栏或屠宰上市。,"{""disease_name"": ""猪葡萄球菌病"", ""severity"": ""中等至严重（视感染范围与继发情况而定）"", ""scene_tags"": [""育肥猪"", ""多栋圈舍"", ""皮肤病变"", ""传染性""], ""validation_points"": [""符合葡萄球菌感染的典型皮肤表现"", ""存在群发趋势提示传染性"", ""需通过实验室确诊""], ""risk_flags"": [""可能误判为普通皮肤病延误防控"", ""存在潜在人畜共患菌（如MRSA）风险，需谨慎操作"", ""若扩散迅速应警惕重大动物疫病排查""], ""case_type"": ""暴发与处置边界"", ""target_disease"": ""猪葡萄球菌病"", ""local_flags"": {""species_ok"": true, ""target_disease_in_diagnosis"": true, ""target_disease_mismatch"": false, ""contains_specific_dose"": false, ""contains_specific_withdrawal"": false, ""regulated_bad_treatment"": false}}",False,False,,,True,False,False,D:\XF-ChongQin\ai-\knowledge\llm_wiki_swine_authoritative,1465,887,"猪葡萄球菌病
猪葡萄球菌病、staphylococcosis exudative epidermitis
暴发与处置边界
同栏或多栋猪舍短期内发病增多，用户询问是否能先按普通病治疗观察。","{""HUMAN_REVIEWED"": 3, ""NEEDS_REVIEW"": 2}","[""SRC-0001"", ""SRC-0026"", ""SRC-0037"", ""SRC-0070"", ""SRC-0074""]",2140,29.51,ERNIE-4.5-Turbo-32K,82,28,18,20,16,False,True,"整体回答质量较高，诊断方向基本正确，处理措施较为安全，但存在部分细节需优化。
问题：诊断准确性方面，虽然识别出猪葡萄球菌病，但未充分结合实验室确诊依据，仅依赖临床表现，存在一定误诊风险。；病理逻辑方面，对疾病传播途径和继发感染的描述不够深入，缺乏对环境因素与疾病关系的详细分析。；处方安全性方面，虽提到采样检测，但未明确具体抗菌药物选择，仅给出通用治疗方向，可能影响实际治疗效果。；数据质量方面，对用户查询的回应不够全面，未明确拒绝“先按普通病治疗观察”的建议，可能误导用户延误防控。",hunyuan-turbos-20250926,78,80,75,85,75,False,False,该回答在疾病识别上基本准确，并提出了合理的隔离、环境管理和送检建议，且强调了重大疫病的上报义务，避免了直接用药推荐，降低了安全风险。但在诊断环节缺乏更明确的实验室确诊提示，对‘先按普通病治疗’的用户想法未予以明确否定，可能导致延误防控；同时对环境致病因素的分析不足，影响了对病因链的解释完整性。,True,ERNIE-4.5-Turbo-32K,True,review,整体回答质量尚可，诊断方向基本正确，处理措施较为安全，但存在部分细节需优化。诊断方面，虽识别出猪葡萄球菌病，但未充分结合实验室确诊依据，仅依赖临床表现，存在一定误诊风险；对疾病传播途径和继发感染的描述不够深入，缺乏对环境因素与疾病关系的详细分析。处方方面，虽提到采样检测，但未明确具体抗菌药物选择，仅给出通用治疗方向，可能影响实际治疗效果；对用户查询的回应不够全面，未明确拒绝“先按普通病治疗观察”的建议，可能误导用户延误防控。,79.0,28,18,20,16,review,21.45,22.56,,1,D:\XF-ChongQin\ai-\results\swine_weak_wiki_production\swine_disease_dataset_production_20260507_141653_dual_reviewed_reselected_20260507_150645.csv
d97b438b-362a-577f-8166-c9f7a57d34eb,315,猪杯状病毒感染,swine_hunyuan_turbos,hunyuan-turbos-20250926,成功,,猪,我这边是200头基础母猪的自繁自养场，最近半个月陆续有8头怀孕后期母猪发生流产，还有两头产下死胎，部分空怀母猪返情率明显升高，个别公猪精液活力下降。圈舍通风一般，近期没有更换饲料，也没有用过疫苗。想问是不是传染病？还能不能继续配种？,根据描述，流产、死胎、返情及公猪精液质量下降等症状符合病毒性繁殖障碍综合征的表现，其中猪杯状病毒感染在文献中有报道可引起类似临床情况，但需结合实验室检测排除蓝耳病、伪狂犬病、细小病毒病等常见病原。当前信息不足以确诊，应采集流产胎儿组织、胎盘、血液等样本送实验室检测。,treatment_direction: 无特效抗病毒药物，重点在于控制继发细菌感染和支持管理。；management_measures: 立即隔离发病母猪，加强圈舍通风与消毒，减少应激因素，保证营养供给，暂停新配种计划直至病因明确。；sampling_and_testing: 采集流产胎儿、胎盘、血液、公猪精液等样本，送具备资质的实验室进行病原学检测（PCR、血清学），同时排查其他常见繁殖障碍病毒。；prohibited_boundaries: 在未明确病因前，禁止将可疑母猪或公猪调入健康群，严禁随意使用未经批准的疫苗或药物。,因无特定药物治疗，不涉及常规休药期；若后续使用抗生素，应按兽药说明书执行相应休药期并遵守食品安全规定。,"{""disease_name"": ""猪杯状病毒感染"", ""severity"": ""中等至严重（可导致繁殖损失）"", ""scene_tags"": [""种猪场"", ""繁殖障碍"", ""流产"", ""死胎"", ""返情"", ""公猪精液异常""], ""validation_points"": [""症状与病毒性繁殖障碍综合征相符"", ""需实验室检测排除其他病原"", ""管理上需隔离与生物安全""], ""risk_flags"": [""疑似重大动物疫病需送检"", ""可能影响全群繁殖性能""], ""case_type"": ""种猪繁殖障碍"", ""target_disease"": ""猪杯状病毒感染"", ""local_flags"": {""species_ok"": true, ""target_disease_in_diagnosis"": true, ""target_disease_mismatch"": false, ""contains_specific_dose"": false, ""contains_specific_withdrawal"": false, ""regulated_bad_treatment"": false}}",False,False,,,True,False,False,D:\XF-ChongQin\ai-\knowledge\llm_wiki_swine_authoritative,1465,887,"猪杯状病毒感染
猪杯状病毒感染、caliciviruses norovirus sapovirus vesicular exanthema virus
种猪繁殖障碍
种猪场出现流产、死胎、返情或公猪异常，用户担心传染病和是否继续配种。","{""HUMAN_REVIEWED"": 3, ""NEEDS_REVIEW"": 2}","[""SRC-0001"", ""SRC-0034""]",2166,35.83,ERNIE-4.5-Turbo-32K,82,28,18,23,13,False,True,"整体回答符合猪杯状病毒感染的测试数据要求，诊断方向合理，管理措施安全，但存在部分细节不足，如数据质量方面缺乏具体检测方法描述，病理逻辑部分对其他病原的排除依据不够充分。
问题：diagnosis_accuracy: 诊断中提到猪杯状病毒感染符合症状，但未充分说明与其他常见繁殖障碍病毒（如蓝耳病、伪狂犬病）的鉴别要点，仅依赖实验室检测排除，缺乏初步鉴别逻辑。；pathology_logic: 对病毒性繁殖障碍综合征的病理机制描述不足，未解释猪杯状病毒如何具体导致流产、死胎等症状，与其他病原的病理差异未明确。；prescription_safety: 管理措施中‘暂停新配种计划’未明确时间节点或触发条件，可能影响生产决策；采样检测部分未说明具体检测方法（如PCR靶基因、血清学方法类型）。；data_quality: 场景描述中‘圈舍通风一般’未量化通风参数（如换气次数），‘近期没有更换饲料’未说明饲料批次或供应商变化情况，数据完整性不足。",hunyuan-turbos-20250926,78,75,70,80,72,True,False,该数据整体结构完整，诊断方向合理，管理措施安全且包含必要的生物安全措施，未发现直接危险建议。但在鉴别诊断逻辑、病理机制解释、采样检测细节以及场景数据量化方面存在不足，影响专业性和实用性。,True,ERNIE-4.5-Turbo-32K,True,review,整体回答符合猪杯状病毒感染的测试数据要求，诊断方向合理，管理措施安全，但存在部分细节不足。诊断中未充分说明猪杯状病毒与其他常见繁殖障碍病毒的鉴别要点，病理机制描述不足，未解释猪杯状病毒如何具体导致流产、死胎等症状。管理措施中‘暂停新配种计划’未明确时间节点或触发条件，采样检测部分未说明具体检测方法。场景描述中‘圈舍通风一般’未量化通风参数，‘近期没有更换饲料’未说明饲料批次或供应商变化情况，数据完整性不足。,79.0,28,18,23,13,review,28.06,23.94,,1,D:\XF-ChongQin\ai-\results\swine_weak_wiki_production\swine_disease_dataset_production_20260507_141653_dual_reviewed_reselected_20260507_150645.csv
ebab0113-361a-5c84-a779-0345ea6a8025,327,猪恶性卡他热相关感染,swine_hunyuan_turbos,hunyuan-turbos-20250926,成功,,猪,我家有200头基础母猪，平均胎次3胎左右，最近一个月陆续有5头怀孕90多天的母猪发生流产，部分产出木乃伊胎，还有两头公猪精神沉郁、采食量下降。之前没打过特殊疫苗，也没引进新猪，就是附近村里有养羊的。请问这是啥病？还能继续配种吗？,根据描述，怀孕中后期流产、木乃伊胎及公猪全身症状提示可能存在病毒性繁殖障碍。结合附近有羊群饲养史，应考虑绵羊疱疹病毒2型引起的猪恶性卡他热相关感染的可能性，该病为偶发性系统性病毒感染，可导致母猪流产、死胎及公猪健康受损。确诊需结合实验室检测排除其他繁殖障碍病因如PRRS、细小病毒、伪狂犬等。,treatment_direction: 目前无特效抗病毒药物，以支持疗法为主，改善营养和环境条件，减少继发感染。；management_measures: 立即隔离发病母猪和公猪，暂停配种计划，对全场进行生物安全强化，防止与羊群接触，加强消毒。；sampling_submission: 采集流产胎儿、胎盘组织及公猪血液送实验室PCR检测，排查绵羊疱疹病毒2型及其他常见繁殖障碍病原。；prohibited_actions: 在未明确诊断前禁止将病猪及其后代外售或引入新猪，避免疫情扩散。,因无特定药物治疗，实际执行应依据检测结果和当地畜牧兽医部门指导决定后续复产时间。,"{""disease_name"": ""猪恶性卡他热相关感染"", ""severity"": ""中等至高"", ""scene_tags"": [""繁殖障碍"", ""流产"", ""公猪异常"", ""羊接触史""], ""validation_points"": [""怀孕中后期流产伴木乃伊胎"", ""公猪全身症状"", ""周边存在羊群""], ""risk_flags"": [""需实验室确诊"", ""潜在重大疫病风险"", ""影响配种计划""], ""case_type"": ""种猪繁殖障碍"", ""target_disease"": ""猪恶性卡他热相关感染"", ""local_flags"": {""species_ok"": true, ""target_disease_in_diagnosis"": true, ""target_disease_mismatch"": false, ""contains_specific_dose"": false, ""contains_specific_withdrawal"": false, ""regulated_bad_treatment"": false}}",False,False,,,True,False,False,D:\XF-ChongQin\ai-\knowledge\llm_wiki_swine_authoritative,1465,887,"猪恶性卡他热相关感染
猪恶性卡他热相关感染、malignant catarrhal fever ovine herpesvirus 2
种猪繁殖障碍
种猪场出现流产、死胎、返情或公猪异常，用户担心传染病和是否继续配种。","{""HUMAN_REVIEWED"": 2, ""NEEDS_REVIEW"": 2}","[""RC-REPRO-001"", ""SRC-0001"", ""SRC-0035"", ""SRC-0041"", ""SRC-0045"", ""SRC-0049"", ""SRC-0050"", ""SRC-0060"", ""SRC-0061"", ""SRC-0067"", ""SRC-0068"", ""SRC-0085""]",2221,28.02,ERNIE-4.5-Turbo-32K,82,28,18,22,14,False,True,"整体回答质量较高，诊断方向合理，考虑了猪恶性卡他热相关感染的可能性，并结合了流行病学史（附近有羊群饲养史）。处理方向安全，建议了隔离、暂停配种、生物安全强化等措施。但存在部分细节不足，如未详细说明实验室检测的必要性及具体检测项目，数据质量方面可进一步提升。
问题：诊断准确性方面，虽然考虑了猪恶性卡他热相关感染，但未充分讨论其他可能的繁殖障碍疾病（如PRRS、细小病毒、伪狂犬等）的鉴别诊断，仅简单提及需实验室检测排除。；病理逻辑方面，对猪恶性卡他热相关感染的病理机制解释不够深入，未详细说明为何该病会导致流产、木乃伊胎及公猪全身症状。；处方安全方面，虽然建议了支持疗法和生物安全措施，但未提及具体的营养和环境改善方案，以及如何减少继发感染的具体措施。；数据质量方面，回答中未提供足够的细节来支持诊断和处理建议，如实验室检测的具体项目、采样方法等。",hunyuan-turbos-20250926,78,75,70,80,72,False,False,该回答在诊断方向上考虑了猪恶性卡他热相关感染的可能性，并结合了流行病学史（附近有羊群），处理建议包括隔离、暂停配种、生物安全强化等，符合安全原则。但鉴别诊断不足，未详细阐述病理机制，且缺乏具体的支持疗法与环境管理细节，数据支撑度一般。,True,ERNIE-4.5-Turbo-32K,partially,review,诊断方向基本合理，考虑了猪恶性卡他热相关感染的可能性，并结合了流行病学史。处理建议包括隔离、暂停配种、生物安全强化等，符合安全原则。但存在鉴别诊断不充分、病理机制解释不足、支持疗法和环境改善措施过于笼统、实验室检测建议不够细化等问题，需要进一步补充和完善。,79.0,28,18,22,14,review,19.73,19.97,,1,D:\XF-ChongQin\ai-\results\swine_weak_wiki_production\swine_disease_dataset_production_20260507_141653_dual_reviewed_reselected_20260507_150645.csv
99ecfeb8-52ac-55f2-8a21-56fa2cd229e6,335,猪反转录病毒相关感染,swine_hunyuan_turbos,hunyuan-turbos-20250926,成功,,猪,我家有200多头育肥猪，平均体重在80公斤左右，最近一周陆续有几头出现精神沉郁、食欲下降、体温升高到40℃以上，有的还伴有咳嗽和轻度腹泻。之前用过替米考星拌料三天，效果不明显。想请教一下这种情况是不是病毒感染？如果要送样检测，应该取哪些样本比较合适？另外怕误诊耽误病情，该怎么区分是细菌还是病毒问题？,根据描述的发热、呼吸道症状和抗生素治疗无效的情况，高度怀疑为病毒性感染，可能与猪反转录病毒相关感染有关。该病在不同生长阶段的猪均可发生，常表现为高热、食欲减退、呼吸异常及部分消化道症状。需通过实验室检测确诊。,treatment_direction: 目前无特效抗病毒药物，应以支持疗法为主，包括改善饲养环境、保证饮水和营养供给，必要时使用退热、补液等对症措施。；management_measures: 立即隔离发病猪只，减少应激因素，加强通风与保温，防止继发细菌感染。全群监测体温与采食情况。；sampling_and_testing: 建议采集发病猪的血清、扁桃体拭子或肺组织样本，送至具备资质的兽医实验室进行PCR或抗原检测，以明确是否为反转录病毒感染或其他病毒性疾病。；prohibited_boundary: 在未明确诊断前，禁止随意使用抗生素作为唯一治疗手段，以免掩盖病情并延误病毒病的防控。,因无特定药物治疗，不涉及药物休药期；若后续使用抗生素，应遵守相应药物的停药期规定。,"{""disease_name"": ""猪反转录病毒相关感染"", ""severity"": ""中等至严重"", ""scene_tags"": [""育肥猪"", ""发热"", ""呼吸道症状"", ""抗生素治疗无效""], ""validation_points"": [""症状符合病毒性感染特征"", ""抗生素治疗无效提示非单纯细菌性病因"", ""需实验室检测确认病原体""], ""risk_flags"": [""可能为人畜共患风险未知"", ""存在疫情扩散风险""], ""case_type"": ""采样送检咨询"", ""target_disease"": ""猪反转录病毒相关感染"", ""local_flags"": {""species_ok"": true, ""target_disease_in_diagnosis"": true, ""target_disease_mismatch"": false, ""contains_specific_dose"": false, ""contains_specific_withdrawal"": false, ""regulated_bad_treatment"": false}}",False,False,,,True,False,False,D:\XF-ChongQin\ai-\knowledge\llm_wiki_swine_authoritative,1465,887,"猪反转录病毒相关感染
猪反转录病毒相关感染、retroviruses
采样送检咨询
用户描述症状后，重点询问采什么样品、如何判断和如何避免误治。","{""NEEDS_REVIEW"": 5}","[""SRC-0001""]",2027,27.38,ERNIE-4.5-Turbo-32K,82,27,18,22,15,False,True,"整体回答较为准确，诊断逻辑合理，症状与疾病匹配度较高，治疗方向安全，但数据质量方面存在一定不足，如未详细说明采样检测的具体操作和注意事项。
问题：诊断准确性方面，虽然症状与疾病匹配，但未详细说明猪反转录病毒相关感染的特异性症状，仅依据抗生素治疗无效和一般病毒性感染症状进行推断，略显不足。；病理逻辑方面，对疾病在不同生长阶段猪的具体表现和发病机制阐述不够深入。；处方安全方面，支持疗法和管理措施较为合理，但未提及在支持疗法中可能使用的具体药物及其安全性注意事项。；数据质量方面，采样送检建议不够详细，未说明样本采集的具体方法、保存条件和运输要求等；对如何区分细菌和病毒问题的阐述不够具体。",hunyuan-turbos-20250926,78,75,70,85,72,True,False,回答基本符合临床思路，症状与病毒性感染推测相符，且强调了避免盲目用抗生素，管理建议和支持疗法方向正确。但缺乏针对猪反转录病毒的特征性描述，病理机制解释较浅，采样送检细节不足，对细菌与病毒的鉴别方法不够具体，可能影响现场操作指导价值。,True,ERNIE-4.5-Turbo-32K,partially,review,回答基本符合临床思路，症状与病毒性感染推测相符，且强调了避免盲目用抗生素，管理建议和支持疗法方向正确。但存在一些不足，如未详细描述猪反转录病毒相关感染的特异性临床表现和流行病学特征，病理机制解释较浅，采样送检细节不足，对细菌与病毒的鉴别方法不够具体，可能影响现场操作指导价值。,79.0,27,18,22,15,review,19.42,22.05,,1,D:\XF-ChongQin\ai-\results\swine_weak_wiki_production\swine_disease_dataset_production_20260507_141653_dual_reviewed_reselected_20260507_150645.csv
29465ecb-b260-5720-8945-c658f17250e7,428,猪类圆线虫病,swine_hunyuan_turbos,hunyuan-turbos-20250926,成功,,猪,我这边有120头80公斤左右的育肥猪，还有20天就要出栏了，这几天陆续有猪拉稀，粪便偏黄带点黏液，精神还行，采食量下降不多，圈舍湿度比较大，之前用过恩诺沙星拌料，效果不明显。这种情况还能继续养到出栏吗？会不会影响卖猪？需要怎么处理？,根据描述，结合育肥猪、高湿环境和慢性腹泻表现，考虑为猪类圆线虫病可能性较大。该病由Strongyloides ransomi引起，主要侵害小肠黏膜，导致营养吸收障碍和轻度腹泻，常在潮湿环境中易发。需通过粪便镜检或黏膜刮片查找虫卵或幼虫确诊。,treatment_direction: 针对线虫感染进行驱虫治疗，选择对Strongyloides有效的广谱驱虫药物，如伊维菌素类或阿苯达唑类制剂，按说明使用。；management_measures: 改善圈舍通风与干燥条件，减少粪便堆积，定期清理饮水槽，防止二次感染。；sampling_and_testing: 采集新鲜粪便样本送实验室做虫卵或幼虫检查，必要时取病变肠段做黏膜刮片，提高检出率。；prohibited_boundaries: 在确诊前不得出售或外调猪只，若发现其他严重传染病迹象应立即上报并配合主管部门处置。,因涉及出栏时间紧迫，应严格遵循所用驱虫药的停药期规定，确保药物残留符合食品安全标准后方可出栏。,"{""disease_name"": ""猪类圆线虫病"", ""severity"": ""中等"", ""scene_tags"": [""育肥猪"", ""出栏前"", ""腹泻"", ""高湿环境""], ""validation_points"": [""症状与文献描述的类圆线虫感染相符"", ""建议的诊疗措施符合兽医常规做法""], ""risk_flags"": [""临近出栏需关注药物残留及停药期"", ""存在传播风险需做好生物安全""], ""case_type"": ""腹泻出栏边界"", ""target_disease"": ""猪类圆线虫病"", ""local_flags"": {""species_ok"": true, ""target_disease_in_diagnosis"": true, ""target_disease_mismatch"": false, ""contains_specific_dose"": false, ""contains_specific_withdrawal"": false, ""regulated_bad_treatment"": false}}",False,False,,,True,False,False,D:\XF-ChongQin\ai-\knowledge\llm_wiki_swine_authoritative,1465,887,"猪类圆线虫病
猪类圆线虫病、strongyloides internal parasites
腹泻出栏边界
临近出栏猪群出现腹泻，用户关心处理方向、隔离和用药后能否销售。","{""HUMAN_REV"": 1, ""NEEDS_REVIEW"": 4}","[""SRC-0001"", ""SRC-0082""]",2221,30.31,ERNIE-4.5-Turbo-32K,82,27,18,23,14,False,True,"整体回答质量较高，诊断方向合理，处理措施安全，符合猪类圆线虫病的诊断与治疗规范，无明显错误或风险。
问题：诊断准确性方面，虽然症状与猪类圆线虫病相符，但未提及鉴别诊断（如与其他腹泻病的区分），略显不足。；病理逻辑方面，对疾病传播途径和预防措施的描述稍显简略，可进一步补充。；处方安全性方面，未明确具体驱虫药物的剂量和使用频率，仅提及按说明使用，略显笼统。；数据质量方面，未提供粪便镜检或黏膜刮片的具体操作方法或参考标准，信息完整性稍欠。",hunyuan-turbos-20250926,78,85,75,70,72,False,False,该数据整体结构完整，诊断思路与用户描述的育肥猪、高湿环境及轻度腹泻症状基本吻合，考虑了类圆线虫病的流行病学特点，并提出了合理的检测与隔离建议，避免了直接销售或外调的潜在风险。但存在以下不足：1）缺乏对其他可能引起类似症状的病原（如细菌性肠炎、球虫等）的鉴别提示；2）病理机制与防控细节不够深入；3）处方部分虽避免给出具体剂量，但“按说明使用”表述过于笼统，且提到“严格遵循停药期”，可能隐含对具体停药期的暗示，存在一定风险；4）缺少粪便镜检或黏膜刮片的操作细节，降低了实用性。,True,ERNIE-4.5-Turbo-32K,partially,review,诊断方向基本合理，考虑了猪类圆线虫病的流行病学特点，处理措施安全且符合规范，但存在以下不足：1）未进行鉴别诊断提示，可能导致误诊或漏诊；2）病理机制与防控措施描述较简略，缺乏深度；3）处方中‘按说明使用’过于笼统，可能影响执行准确性；4）提及停药期但未明确规避具体数值，存在潜在误导风险。整体质量较高，但需补充细节以提高实用性和准确性。,79.0,27,18,23,14,review,19.28,21.86,,1,D:\XF-ChongQin\ai-\results\swine_weak_wiki_production\swine_disease_dataset_production_20260507_141653_dual_reviewed_reselected_20260507_150645.csv
abbee847-64db-54b1-955e-7896d0330e43,461,猪杯状病毒感染,swine_hunyuan_turbos,hunyuan-turbos-20250926,成功,,猪,我家有200多头育肥猪，平均体重在70公斤左右，最近一周陆续出现精神沉郁、食欲下降、部分猪拉稀，粪便偏黄绿色，个别猪体温升高到40℃以上，没有看到明显的水疱或皮肤病变。之前用过恩诺沙星拌料三天，效果不明显。想问下这种情况是不是病毒性腹泻？如果要送样检查，应该取哪些样品比较合适？怕误诊耽误病情。,根据描述的临床表现（精神沉郁、食欲减退、黄色绿色腹泻、发热），结合无典型水疱病变且抗生素治疗效果不佳，考虑可能为病毒性腹泻，其中猪杯状病毒感染是潜在原因之一。需通过实验室检测排除其他常见病毒（如PEDV、TGEV、轮状病毒等）并确诊。,treatment_direction: 目前无特效抗病毒药物，以支持疗法为主，维持电解质平衡，防止继发细菌感染。；management_measures: 加强保温通风管理，减少应激；保证清洁饮水和易消化饲料；隔离发病猪群，限制人员车辆流动。；sampling_for_testing: 采集新鲜粪便样本（冷藏保存）、口腔液或直肠拭子，必要时可配合血液样本进行PCR检测，同时保留部分组织样本供病理学检查。；prohibited_actions: 禁止随意使用未经批准的兽药或超量用药；发现疑似重大疫病应立即停止调运并向当地畜牧兽医部门报告。,因未使用特定药物，暂无明确休药期要求；若后续使用抗生素，应遵守相应停药期规定。,"{""disease_name"": ""猪杯状病毒感染"", ""severity"": ""中等"", ""scene_tags"": [""育肥猪"", ""病毒性腹泻"", ""采样送检""], ""validation_points"": [""症状符合病毒性腹泻特征"", ""抗生素治疗无效支持非细菌性病因"", ""建议多病原检测以避免漏诊""], ""risk_flags"": [""需排除重大动物疫病"", ""采样送检前避免盲目用药""], ""case_type"": ""采样送检咨询"", ""target_disease"": ""猪杯状病毒感染"", ""local_flags"": {""species_ok"": true, ""target_disease_in_diagnosis"": true, ""target_disease_mismatch"": false, ""contains_specific_dose"": false, ""contains_specific_withdrawal"": false, ""regulated_bad_treatment"": false}}",False,False,,,True,False,False,D:\XF-ChongQin\ai-\knowledge\llm_wiki_swine_authoritative,1465,887,"猪杯状病毒感染
猪杯状病毒感染、caliciviruses norovirus sapovirus vesicular exanthema virus
采样送检咨询
用户描述症状后，重点询问采什么样品、如何判断和如何避免误治。","{""HUMAN_REVIEWED"": 3, ""NEEDS_REVIEW"": 2}","[""SRC-0001"", ""SRC-0034""]",2166,31.77,ERNIE-4.5-Turbo-32K,82,27,18,22,15,False,True,"整体回答符合猪杯状病毒感染的测试数据要求，诊断方向合理，处理措施安全，但存在部分细节可优化。
问题：diagnosis_accuracy: 诊断中虽提及猪杯状病毒感染为潜在原因之一，但未充分结合该病特异性症状（如偶见水疱性病变）进行深入分析，且未明确排除其他类似疾病（如PEDV）的逻辑步骤。；pathology_logic: 病理逻辑部分对病毒性腹泻的共性描述较多，缺乏对猪杯状病毒独特病理机制的针对性分析，如病毒复制部位、靶细胞等。；prescription_safety: 采样建议中未明确样本采集的具体数量、保存条件（如粪便样本需4℃冷藏而非冷冻）及运输要求，可能影响检测准确性。；data_quality: 用户查询中未提及猪群免疫史、近期引种情况等关键背景信息，回答中亦未补充询问，可能遗漏重要流行病学线索。",hunyuan-turbos-20250926,78,75,72,80,76,True,False,该回答基本覆盖了猪杯状病毒感染的可能性，并结合了病毒性腹泻的常见特征进行分析，处理建议总体安全，包含必要的生物安全措施和采样指导。但在诊断深度、病理机制解释以及采样细节方面仍有不足，且未主动引导获取更多流行病学信息以辅助鉴别。,True,ERNIE-4.5-Turbo-32K,True,review,诊断方向基本合理，处理建议总体安全，但存在诊断深度不足、病理机制解释不够详细、采样建议不够细致以及未主动收集流行病学信息等问题，符合review标准。,79.0,27,18,22,15,review,23.83,19.91,,1,D:\XF-ChongQin\ai-\results\swine_weak_wiki_production\swine_disease_dataset_production_20260507_141653_dual_reviewed_reselected_20260507_150645.csv
564d65d3-e384-598f-b451-50438b07f823,466,猪托罗病毒感染,swine_hunyuan_turbos,hunyuan-turbos-20250926,成功,,猪,我家是300头左右的保育到育肥猪场，最近有20多头60-80斤的猪出现水样腹泻，已经持续了三四天，拉稀比较稀，精神食欲还行，体温基本正常。之前用了恩诺沙星和硫酸黏菌素拌料三天，效果不明显，粪便还是稀的。想问下这种情况还能继续用抗生素吗？要不要送样去查一下病因？,根据描述，保育至育肥阶段的猪出现水样腹泻，使用常规抗菌药物疗效不佳，结合流行病学特点，应考虑病毒性因素如猪托罗病毒感染的可能，同时不排除其他肠道病毒或混合感染。当前缺乏特异性病原学确诊，建议通过实验室检测明确病原类型。,1. 暂停盲目追加抗菌药物，以免增加耐药风险及成本；2. 加强饮水卫生，补充电解质防止脱水；3. 改善圈舍通风与保温，减少应激；4. 采集新鲜腹泻粪便样本送具备资质的兽医实验室进行病原检测（包括病毒筛查）；5. 若怀疑重大动物疫病，应立即向当地动物防疫部门报告并配合处置。,无特定休药期信息，因未给出具体药物方案，需依据实际用药情况由执业兽医判定。,"{""disease_name"": ""猪托罗病毒感染"", ""severity"": ""中等"", ""scene_tags"": [""保育猪"", ""育肥猪"", ""水样腹泻"", ""抗菌药无效""], ""validation_points"": [""符合病毒性腹泻特征且抗菌药无效"", ""建议送检以明确病因""], ""risk_flags"": [""需排除重大动物疫病""], ""case_type"": ""腹泻用药咨询"", ""target_disease"": ""猪托罗病毒感染"", ""local_flags"": {""species_ok"": true, ""target_disease_in_diagnosis"": true, ""target_disease_mismatch"": false, ""contains_specific_dose"": false, ""contains_specific_withdrawal"": false, ""regulated_bad_treatment"": false}}",False,False,,,True,False,False,D:\XF-ChongQin\ai-\knowledge\llm_wiki_swine_authoritative,1465,887,"猪托罗病毒感染
猪托罗病毒感染、porcine torovirus
腹泻用药咨询
猪群腹泻后已用过常见抗菌药效果一般，用户询问是否继续用药以及是否需要送检。","{""HUMAN_REVIEWED"": 2, ""NEEDS_REVIEW"": 3}","[""SRC-0001"", ""SRC-0079"", ""SRC-0083""]",2055,28.35,ERNIE-4.5-Turbo-32K,82,27,18,22,15,False,True,"整体回答符合猪托罗病毒感染的测试场景，诊断考虑病毒性因素，建议送检以明确病因，处理方向安全合理，但存在诊断准确性、病理逻辑、数据质量方面的小问题。
问题：诊断准确性方面，虽然考虑了病毒性因素，但未明确提及猪托罗病毒感染的特异性症状或流行病学特点，仅基于抗菌药无效推断，略显不足。；病理逻辑方面，对病毒性腹泻的病理机制解释不够深入，缺乏对猪托罗病毒感染与其他肠道病毒区分的详细分析。；数据质量方面，场景标签和验证点较为笼统，缺乏具体的症状描述或实验室检测结果的引用，风险标志也仅提及需排除重大动物疫病，未详细说明人兽共患风险等。",hunyuan-turbos-20250926,78,75,70,85,72,True,False,该回答在场景真实性和处理安全性上表现较好，能够识别病毒性腹泻的可能性并建议送检，避免盲目使用抗生素，且提示重大疫病上报义务。但在诊断准确性上缺少猪托罗病毒感染的典型特征描述，病理机制分析不足，数据质量一般，未充分说明鉴别诊断与人兽共患病风险。,True,ERNIE-4.5-Turbo-32K,True,review,回答在诊断方向上考虑了病毒性因素并建议送检，处理方向安全合理，避免了盲目使用抗生素，但诊断准确性存在不足，未明确提及猪托罗病毒感染的特异性症状或流行病学特点，病理机制分析不够深入，数据质量一般，缺乏具体的症状描述或实验室检测结果的引用，因此判为review。,79.0,27,18,22,15,review,21.59,19.41,,1,D:\XF-ChongQin\ai-\results\swine_weak_wiki_production\swine_disease_dataset_production_20260507_141653_dual_reviewed_reselected_20260507_150645.csv
04af9a25-1407-54d3-ba64-fd4e5b5d225f,65,猪肾虫病,swine_hunyuan_turbos,hunyuan-turbos-20250926,成功,,猪,我家有200多头60日龄左右的保育猪，最近发现不少猪拉稀、毛色发暗、长得慢，有的还抓痒掉毛。圈舍比较潮湿，以前用过伊维菌素驱虫一次，但效果不明显。想问问是不是肾虫病？该怎么处理？,根据描述的症状（腹泻、消瘦、皮肤瘙痒、生长缓慢）、圈舍潮湿环境和既往驱虫效果不佳，结合猪肾虫（Stephanurus dentatus）的流行病学特点，高度怀疑为猪肾虫病。该病由肾虫幼虫在肝脏及肾周组织移行引起，可导致肝损伤、肾功能障碍及皮肤病变，尤其在潮湿环境中易流行。,建议立即采取以下措施：1. 加强圈舍卫生管理，保持干燥通风，减少粪便堆积，防止虫卵污染环境；2. 调整饲养密度，降低应激；3. 采集病猪尿液进行显微镜检查寻找虫卵，必要时配合剖检观察肾脏周围囊肿及肝脏milk spots，以确诊；4. 选用对肾虫有效的广谱驱虫药（如含多拉菌素类成分），按说明书使用，并轮换不同作用机制的药物；5. 对同群猪进行预防性驱虫；6. 严禁将病死猪及其排泄物随意丢弃，防止环境污染扩散。,因涉及驱虫药物使用，应遵守所用药物标签上的休药期规定，确保猪肉产品安全。,"{""disease_name"": ""猪肾虫病"", ""severity"": ""中等偏重"", ""scene_tags"": [""保育猪"", ""群体发病"", ""潮湿环境"", ""慢性消耗""], ""validation_points"": [""症状符合肾虫感染特征（腹泻、消瘦、皮肤瘙痒）"", ""圈舍潮湿利于虫卵孵化与传播"", ""既往驱虫无效提示可能存在耐药性或药物选择不当""], ""risk_flags"": [""可能持续影响生产性能"", ""存在环境二次污染风险""], ""case_type"": ""寄生虫群体发病"", ""target_disease"": ""猪肾虫病"", ""local_flags"": {""species_ok"": true, ""target_disease_in_diagnosis"": true, ""target_disease_mismatch"": false, ""contains_specific_dose"": false, ""contains_specific_withdrawal"": false, ""regulated_bad_treatment"": false}}",False,False,,,True,False,False,D:\XF-ChongQin\ai-\knowledge\llm_wiki_swine_authoritative,1465,887,"猪肾虫病
猪肾虫病、stephanurus dentatus kidney worm
寄生虫群体发病
猪群出现腹泻、消瘦、皮肤瘙痒或生长慢，用户怀疑寄生虫。","{""HUMAN_REVIEWED"": 2, ""NEEDS_REVIEW"": 2}","[""SRC-0001"", ""SRC-0082""]",2221,25.07,ERNIE-4.5-Turbo-32K,82,27,18,22,15,False,True,"整体回答质量较高，诊断准确性、病理逻辑、处方安全性均表现良好，数据质量基本满足要求，无致命风险。
问题：诊断准确性方面，虽然症状描述和流行病学特点匹配较好，但缺乏确诊依据的详细说明，如尿液检查或剖检的具体操作指导。；病理逻辑方面，对肾虫病导致的肝损伤、肾功能障碍及皮肤病变的病理机制解释不够深入。；处方安全性方面，虽然提出了选用对肾虫有效的广谱驱虫药，但未明确具体药物名称和剂量，存在一定安全隐患。；数据质量方面，症状描述和场景标签较为全面，但风险标志的描述较为笼统，缺乏具体数据支持。",hunyuan-turbos-20250926,80,85,80,75,80,False,False,该回答基于用户提供的症状、环境条件和既往用药史，合理推测为猪肾虫病，诊断思路符合流行病学特征，病理机制解释基本到位，处理方案涵盖环境改善、确诊手段、驱虫及群体防控，无明显危险建议。不足之处在于未提供确诊检查的详细操作指引，部分药理信息较笼统，且未完全规避药物使用风险。,True,ERNIE-4.5-Turbo-32K,部分同意，综合判断为review更合适,review,诊断方向基本正确，基于症状、环境和驱虫史推测猪肾虫病合理，但缺乏确诊依据（如尿液检查或剖检的具体操作说明），病理机制解释不够深入；处置方案涵盖环境改善、确诊手段、驱虫及群体防控，但驱虫药物未明确具体名称和剂量，存在一定安全隐患，风险防控措施表述偏笼统。整体回答质量较高，但存在轻微不足，需补充细节以提高可操作性和安全性。,78.0,27,18,22,15,review,16.31,25.12,,1,D:\XF-ChongQin\ai-\results\swine_weak_wiki_production\swine_disease_dataset_production_20260507_141653_dual_reviewed_reselected_20260507_150645.csv
a971b416-ef53-5ab8-847f-70cdba7459db,189,猪反转录病毒相关感染,swine_hunyuan_turbos,hunyuan-turbos-20250926,成功,,猪,我这边是300头基础母猪的种猪场，最近两个月陆续有10多头怀孕母猪在妊娠中后期流产，还有几头产下木乃伊胎和死胎，部分公猪精液活力下降明显。圈舍通风一般，冬季保温还行，之前没用过疫苗，也没做过系统净化。想问这是不是传染病？还能不能继续配种？,根据描述，妊娠母猪流产、死胎及公猪精液质量下降提示可能存在病毒性繁殖障碍综合征，包括猪反转录病毒相关感染在内的多种病原需考虑。该病可导致母猪流产、死胎、木乃伊胎以及公猪精子活力下降。建议结合实验室检测排除其他常见繁殖障碍病原（如PRRSV、PCV2、细小病毒等）。,treatment_direction: 目前无特效抗病毒药物，重点在于控制传染源、减少应激、改善饲养管理。；management_measures: 立即隔离发病母猪，停止其参与配种计划；；对全场母猪进行健康评估，暂停新配种批次直至病因明确；；加强圈舍通风与温湿度管理，减少冷热应激；；全群消毒，防止交叉感染；；sampling_and_testing: 采集流产胎儿组织、胎盘、血液样本送实验室PCR检测，排查猪反转录病毒及其他繁殖障碍病原；；公猪采精后检测精液质量和病原核酸；；prohibited_actions: 禁止将疑似感染母猪所产仔猪或精液用于扩繁；；在未明确病因前，不得将场内猪只外调；,因无特效药物治疗，不涉及药物休药期；但应执行生物安全隔离期，直至检测结果阴性并稳定生产至少两个发情周期后再恢复配种。,"{""disease_name"": ""猪反转录病毒相关感染"", ""severity"": ""中等至严重（影响繁殖性能）"", ""scene_tags"": [""种猪场"", ""繁殖障碍"", ""流产"", ""死胎"", ""公猪精液异常""], ""validation_points"": [""符合妊娠中后期流产、死胎表现；"", ""伴随公猪精液活力下降；"", ""多因素可能叠加，需实验室确诊。""], ""risk_flags"": [""存在潜在传染性，需隔离与检测；"", ""可能影响整个繁殖群的生产性能；"", ""需防范与其他繁殖障碍病原混合感染。""], ""case_type"": ""种猪繁殖障碍"", ""target_disease"": ""猪反转录病毒相关感染"", ""local_flags"": {""species_ok"": true, ""target_disease_in_diagnosis"": true, ""target_disease_mismatch"": false, ""contains_specific_dose"": false, ""contains_specific_withdrawal"": false, ""regulated_bad_treatment"": false}}",False,False,,,True,False,False,D:\XF-ChongQin\ai-\knowledge\llm_wiki_swine_authoritative,1465,887,"猪反转录病毒相关感染
猪反转录病毒相关感染、retroviruses
种猪繁殖障碍
种猪场出现流产、死胎、返情或公猪异常，用户担心传染病和是否继续配种。","{""NEEDS_REVIEW"": 5}","[""SRC-0001""]",2034,24.4,ERNIE-4.5-Turbo-32K,82,28,18,23,13,False,True,"整体回答较为全面，诊断方向合理，考虑了多种繁殖障碍病原，管理措施和检测建议符合疾病防控要求，但数据质量方面存在一定不足，如未详细说明检测方法和具体隔离措施。
问题：诊断准确性方面，虽然考虑了多种病原，但未明确指出猪反转录病毒相关感染的特异性症状或诊断依据。；病理逻辑方面，对疾病传播途径和发病机制的阐述不够详细。；处方安全性方面，管理措施较为全面，但缺乏具体的消毒方法和频率。；数据质量方面，未提供检测方法的具体信息，且隔离措施的描述不够详细。",hunyuan-turbos-20250926,80,75,78,85,70,True,False,该回答针对用户描述的妊娠母猪流产、死胎、木乃伊胎及公猪精液活力下降等症状，提出了可能的病毒性繁殖障碍综合征，并涵盖猪反转录病毒相关感染的可能性，同时提醒排查PRRSV、PCV2、细小病毒等其他病原，诊断方向合理。管理措施包括隔离、暂停配种、环境改善、全群消毒及采样检测，符合防控原则，未发现危险建议。不足之处在于未明确猪反转录病毒的特异性症状或诊断依据，病理机制解释较简略，消毒方法、频率及隔离细节缺失，影响可操作性。,True,ERNIE-4.5-Turbo-32K,True,review,诊断方向合理，考虑了多种繁殖障碍病原，管理措施和检测建议符合疾病防控要求，但存在一些不足，如未明确猪反转录病毒的特异性症状或诊断依据，病理机制解释较简略，消毒方法、频率及隔离细节缺失，影响可操作性。,78.0,28,18,23,13,review,15.67,15.91,,1,D:\XF-ChongQin\ai-\results\swine_weak_wiki_production\swine_disease_dataset_production_20260507_141653_dual_reviewed_reselected_20260507_150645.csv
849b0dba-301d-5372-b673-3ed4f34ce3bd,375,猪丹毒,swine_hunyuan_turbos,hunyuan-turbos-20250926,成功,,猪,我们场有200头能繁母猪，最近一个月陆续有10多头母猪出现流产、死胎，还有几头返情率明显升高，个别公猪精神差、采食下降。之前没做过丹毒疫苗，想问是不是猪丹毒引起的？还能继续配种吗？,根据描述，母猪流产、死胎及公猪精神沉郁等症状，结合未免疫丹毒疫苗的背景，高度怀疑为猪丹毒感染所致。该病可通过胎盘垂直传播引起胎儿死亡或流产，也可通过交配传播影响公猪健康。需进一步采集血液、组织样本进行实验室确诊，并排除其他繁殖障碍性疾病如蓝耳病、伪狂犬等。,立即暂停场内所有配种活动，防止疾病扩散；对出现症状的母猪和公猪进行隔离观察；采集血样、流产胎儿组织送实验室做细菌分离培养及PCR检测；加强圈舍消毒，减少应激因素；若确诊为猪丹毒，可在兽医指导下使用敏感抗生素治疗，并对全群实施疫苗接种防控；严禁将可疑动物外调或出售。,因涉及抗生素治疗和潜在法定疫病调查，应严格执行兽医建议的停药期，并在检测结果明确前禁止屠宰上市。,"{""disease_name"": ""猪丹毒"", ""severity"": ""高"", ""scene_tags"": [""种猪场"", ""繁殖障碍"", ""流产"", ""死胎"", ""公猪异常""], ""validation_points"": [""症状符合猪丹毒败血症及繁殖障碍表现"", ""存在未免疫史增加感染风险"", ""需要实验室确诊排除其他繁殖障碍病""], ""risk_flags"": [""可能为人畜共患病排查对象"", ""重大动物疫病处置边界需遵守"", ""需暂停配种和隔离措施""], ""case_type"": ""种猪繁殖障碍"", ""target_disease"": ""猪丹毒"", ""local_flags"": {""species_ok"": true, ""target_disease_in_diagnosis"": true, ""target_disease_mismatch"": false, ""contains_specific_dose"": false, ""contains_specific_withdrawal"": false, ""regulated_bad_treatment"": false}}",False,False,,,True,False,False,D:\XF-ChongQin\ai-\knowledge\llm_wiki_swine_authoritative,1465,887,"猪丹毒
猪丹毒、erysipelas
种猪繁殖障碍
种猪场出现流产、死胎、返情或公猪异常，用户担心传染病和是否继续配种。","{""HU"": 1, ""HUMAN_REVIEWED"": 3}","[""SRC-0001"", ""SRC-0025"", ""SRC-0058"", ""SRC-0065""]",2221,30.25,ERNIE-4.5-Turbo-32K,82,27,18,23,14,False,True,"整体回答较为全面，诊断逻辑合理，症状与疾病匹配度较高，处方安全且符合疾病防控要求，数据质量基本满足需求，无明显致命风险。
问题：诊断准确性方面，虽然症状与猪丹毒相符，但未充分讨论其他可能疾病（如蓝耳病、伪狂犬）的鉴别诊断细节，仅简单提及需排除，缺乏具体鉴别点说明。；病理逻辑方面，对猪丹毒通过胎盘垂直传播和交配传播的机制描述较笼统，未详细解释传播途径与当前症状的直接关联。；处方安全方面，虽提到使用敏感抗生素治疗，但未明确抗生素种类及具体使用剂量，存在一定模糊性。；数据质量方面，场景标签和验证点基本覆盖，但风险标志中‘可能为人畜共患病排查对象’未进一步说明具体排查措施或人兽共患风险点。",hunyuan-turbos-20250926,80,7,7.5,8,7.5,False,False,回答总体结构完整，症状与猪丹毒的典型表现吻合，诊断思路清晰，防控措施涵盖隔离、送检、消毒、疫苗等关键环节，无直接危险建议。不足之处在于鉴别诊断部分过于简略，未展开蓝耳病、伪狂犬等疾病的具体区分要点；传播途径机制解释不够细致；抗生素使用未明确种类与剂量，存在操作模糊性；人兽共患病相关风险提示不足。,True,ERNIE-4.5-Turbo-32K,True,review,回答整体结构完整，症状与猪丹毒的典型表现吻合，诊断思路清晰，防控措施涵盖隔离、送检、消毒、疫苗等关键环节，无直接危险建议。但存在以下不足：鉴别诊断部分过于简略，未展开蓝耳病、伪狂犬等疾病的具体区分要点；传播途径机制解释不够细致；抗生素使用未明确种类与剂量，存在操作模糊性；人兽共患病相关风险提示不足。,78.0,27,18,23,14,review,21.57,17.73,,1,D:\XF-ChongQin\ai-\results\swine_weak_wiki_production\swine_disease_dataset_production_20260507_141653_dual_reviewed_reselected_20260507_150645.csv
d472f520-3110-5a61-bcd7-3c39dc5bf4c4,472,猪巨细胞病毒感染,swine_hunyuan_turbos,hunyuan-turbos-20250926,成功,,猪,我家有200多头50日龄左右的保育猪，最近几天陆续出现精神沉郁、食欲下降、体温升高的情况，有几头还伴有轻度呼吸道症状，已经持续了三四天，之前用过一些抗生素控制继发感染，但效果不明显。现在同栏里还有不少猪开始表现类似症状，我担心是不是传染病，能不能先当普通病治着看？,根据描述的症状（精神沉郁、食欲减退、发热、部分伴呼吸道症状）、年龄阶段及群发趋势，需高度怀疑病毒性感染的可能，如猪巨细胞病毒感染等。该病目前缺乏特异性治疗药物，且可能与其他病原混合感染，单纯抗生素治疗难以控制病情发展。,treatment_direction: 立即隔离发病猪，加强圈舍通风与保温，减少应激；提供清洁饮水与易消化饲料；对高热、明显呼吸症状的个体可对症支持治疗，防止继发细菌感染。；management_measures: 全群监测体温与采食情况，记录病情进展；暂停新进猪只入场，限制人员与车辆流动；病死猪无害化处理。；sampling_submission: 采集发病猪的血液、鼻腔拭子、粪便及死亡猪的组织样品送实验室进行病原学检测，明确是否为猪巨细胞病毒或其他病原感染。；prohibited_boundaries: 在未排除重大动物疫病前，不得擅自出售、转运、屠宰或食用可疑猪只；不得使用未经批准的抗病毒药物；不得忽视疫情报告义务。,因无特效抗病毒药物，重点在于隔离管理与防控扩散，不涉及特定药物休药期问题。,"{""disease_name"": ""猪巨细胞病毒感染"", ""severity"": ""中等至严重（视感染率与继发感染情况而定）"", ""scene_tags"": [""保育猪"", ""群发性"", ""发热"", ""呼吸道症状"", ""疑似病毒性""], ""validation_points"": [""症状符合病毒性感染特征"", ""抗生素治疗无效提示非单一细菌病因"", ""存在群发趋势需警惕传染性""], ""risk_flags"": [""重大动物疫病排查必要"", ""禁止擅自处置与流通""], ""case_type"": ""暴发与处置边界"", ""target_disease"": ""猪巨细胞病毒感染"", ""local_flags"": {""species_ok"": true, ""target_disease_in_diagnosis"": true, ""target_disease_mismatch"": false, ""contains_specific_dose"": false, ""contains_specific_withdrawal"": false, ""regulated_bad_treatment"": false}}",False,False,,,True,False,False,D:\XF-ChongQin\ai-\knowledge\llm_wiki_swine_authoritative,1465,887,"猪巨细胞病毒感染
猪巨细胞病毒感染、porcine cytomegalovirus
暴发与处置边界
同栏或多栋猪舍短期内发病增多，用户询问是否能先按普通病治疗观察。","{""HUMAN_REVIEWED"": 2, ""NEEDS_REVIEW"": 2}","[""SRC-0001"", ""SRC-0037"", ""SRC-0083""]",2221,32.91,ERNIE-4.5-Turbo-32K,82,27,18,22,15,False,True,"整体回答符合猪巨细胞病毒感染的暴发与处置边界场景，诊断方向正确，处理措施安全合理，未发现致命风险。
问题：diagnosis_accuracy: 诊断准确性得分中等，症状描述与疾病匹配度较高，但未明确排除其他类似疾病的可能性，如猪蓝耳病、猪流感等，诊断依据可进一步细化。；pathology_logic: 病理逻辑得分中等，对病毒性感染的判断逻辑合理，但对混合感染的可能性分析不够深入，缺乏对疾病传播途径和易感猪群的详细说明。；prescription_safety: 处方安全性得分较高，处理措施符合疾病防控要求，但对症支持治疗的具体方案（如退热、止咳药物的选择）未明确，可能影响实际操作的规范性。；data_quality: 数据质量得分一般，场景描述和用户查询较为清晰，但病史记录（如发病时间、死亡率）和实验室检测建议的详细程度不足，可能影响诊断的全面性。",hunyuan-turbos-20250926,80,75,78,85,75,False,False,该数据场景真实，症状与猪巨细胞病毒感染相符，诊断方向合理，处理措施包含隔离、生物安全和送检建议，无明显危险建议。不足之处在于未充分排除其他常见病毒性疫病（如蓝耳病、流感），病理机制解释较浅，对症支持治疗细节不足，病史信息不够完整。,True,ERNIE-4.5-Turbo-32K,partially,review,诊断方向基本正确，症状与猪巨细胞病毒感染相符，但未充分排除其他类似疾病（如猪蓝耳病、猪流感等），病理机制解释较浅，对症支持治疗细节不足，病史信息不够完整，可能影响诊断的全面性和实际操作的规范性。,78.0,27,18,22,15,review,24.22,16.63,,1,D:\XF-ChongQin\ai-\results\swine_weak_wiki_production\swine_disease_dataset_production_20260507_141653_dual_reviewed_reselected_20260507_150645.csv
6f2eefda-cc5a-5575-a7f1-42156f371c4c,100,猪呼吸道冠状病毒感染,swine_hunyuan_turbos,hunyuan-turbos-20250926,成功,,猪,我家有200头120公斤左右的育肥猪，马上要出栏了，这几天陆续有几头开始拉稀，精神食欲还行，体温正常，粪便偏稀带点黏液，舍内通风一般，湿度偏高，之前没用过什么药，这种情况还能继续养到卖吗？要不要隔离？用什么药合适？,根据描述，考虑猪呼吸道冠状病毒感染（PRCV）可能性较大，该病在育肥猪可表现为轻度腹泻及呼吸道症状，常与其他病原体混合感染。目前未见高热、严重脱水等急性重症表现，结合饲养密度高、通风不良的环境因素，符合病毒性腹泻特征。需排除细菌性肠炎、寄生虫感染等并发因素。,1. 立即将发病猪与健康猪分栏管理，减少接触传播；2. 加强圈舍通风换气，降低湿度，保持干燥清洁；3. 提供易消化的饲料，适当补充电解质和维生素；4. 对全群进行广谱抗生素预防继发细菌感染，同时配合抗病毒支持疗法；5. 采集新鲜粪便送实验室检测，明确病原种类；6. 严禁使用未经批准的违禁药物，避免使用可能影响肉品安全的药物；7. 若检测结果确认为PRCV且无其他法定疫病，可在兽医指导下评估是否允许出栏，否则按相关规定执行。,因涉及病毒性疾病且可能使用抗生素，建议停药后经兽医评估确定安全休药期后方可出栏，确保无药物残留风险。,"{""disease_name"": ""猪呼吸道冠状病毒感染"", ""severity"": ""中等"", ""scene_tags"": [""育肥猪"", ""临近出栏"", ""腹泻"", ""通风不良""], ""validation_points"": [""症状与PRCV临床表现相符"", ""环境因素促进病毒传播"", ""需要区分单纯病毒性与混合感染""], ""risk_flags"": [""存在潜在混合感染风险"", ""临近出栏需关注药物残留与检疫合规""], ""case_type"": ""腹泻出栏边界"", ""target_disease"": ""猪呼吸道冠状病毒感染"", ""local_flags"": {""species_ok"": true, ""target_disease_in_diagnosis"": true, ""target_disease_mismatch"": false, ""contains_specific_dose"": false, ""contains_specific_withdrawal"": false, ""regulated_bad_treatment"": false}}",False,False,,,True,False,False,D:\XF-ChongQin\ai-\knowledge\llm_wiki_swine_authoritative,1465,887,"猪呼吸道冠状病毒感染
猪呼吸道冠状病毒感染、porcine respiratory coronavirus
腹泻出栏边界
临近出栏猪群出现腹泻，用户关心处理方向、隔离和用药后能否销售。","{""HUMAN_REVIEWED"": 1, ""NEEDS_REVIEW"": 4}","[""A0-MOA-573"", ""SRC-0001""]",2027,21.85,ERNIE-4.5-Turbo-32K,82,27,18,22,15,False,True,"该回答对猪呼吸道冠状病毒感染的诊断较为准确，症状描述与环境因素分析合理，处理方向安全且符合疾病特征，但数据质量方面存在一定不足，如未详细说明诊断依据和实验室检测的具体方法。
问题：诊断依据不够详细，未充分说明为何排除其他疾病的可能性。；实验室检测的具体方法未提及，可能影响诊断的准确性。；数据质量方面，对症状和环境因素的描述可以更加具体和详细。",hunyuan-turbos-20250926,78,85,80,75,70,True,False,诊断基本符合用户描述的轻症腹泻与环境条件，考虑了可能的混合感染并提示排查其他病因，逻辑较完整。处方中强调了分栏、改善环境、营养支持和检测，但部分措施缺乏细节支撑，例如“广谱抗生素”未限定范围，存在滥用风险。对于临近出栏的育肥猪，未明确强调法定疫病和人兽共患病的排除流程，存在潜在安全风险。整体信息量尚可，但细节不足。,True,ERNIE-4.5-Turbo-32K,部分同意judge_a和judge_b，综合判断,review,诊断基本符合用户描述的轻症腹泻与环境条件，考虑了可能的混合感染并提示排查其他病因，逻辑较完整。但存在以下问题：诊断依据描述不够充分，缺少对排除细菌性肠炎、寄生虫感染等的详细理由；实验室检测方法未具体化，影响可信度；处方中‘广谱抗生素’表述宽泛，未限定种类和用途，可能导致不合理用药；临近出栏阶段未突出法定疫病和人兽共患病的强制报告与处置要求；未明确区分紧急处置与常规管理的界限。整体信息量尚可，但细节不足，需改进后参考。,75.0,27,18,22,15,review,14.66,26.53,,1,D:\XF-ChongQin\ai-\results\swine_weak_wiki_production\swine_disease_dataset_production_20260507_141653_dual_reviewed_reselected_20260507_150645.csv
e4ffdbc8-b805-549d-beb3-e33f92ae0b8e,84,猪支原体肺炎,swine_hunyuan_turbos,hunyuan-turbos-20250926,成功,,猪,我家有200头60日龄左右的保育猪，最近一周天气忽冷忽热，加上圈舍通风不太好，氨味挺重的，部分猪开始干咳、呼吸急促，有的还出现腹式呼吸。之前没用过什么药，想问问这是单纯的环境应激还是可能感染了猪支原体肺炎？,根据描述，保育猪在通风不良、氨气浓度高及温差大的环境下出现持续性干咳、呼吸急促和腹式呼吸，符合猪支原体肺炎（Mycoplasma hyopneumoniae）的典型临床表现。该病常因环境应激诱发，也可与其他病毒（如PRRSV、PCV2）协同作用加重肺部损伤。需结合听诊、剖检观察肺部实变灶以及实验室PCR检测确诊。,treatment_direction: 针对疑似猪支原体肺炎，应改善饲养环境（加强通风、降低氨气浓度、稳定温湿度），减少应激因素。；management_measures: 分栏饲养，减少密度；保证饮水清洁；暂停引入新猪；密切观察病情发展。；sampling_and_testing: 采集鼻拭子或肺组织样本送实验室进行M. hyopneumoniae PCR检测，必要时做细菌分离培养及药敏试验。；prohibited_boundaries: 严禁擅自使用未经批准的抗生素或超范围用药；若检测结果阳性且涉及重大疫情，应按当地动物防疫部门要求进行隔离、消毒或扑杀等处置。,因未给出具体药物名称，无法明确停药期，建议按所用药物说明书执行并遵守国家兽药残留标准。,"{""disease_name"": ""猪支原体肺炎"", ""severity"": ""中等至严重（取决于继发感染情况）"", ""scene_tags"": [""保育猪"", ""环境应激"", ""呼吸道疾病"", ""慢性咳嗽""], ""validation_points"": [""症状与环境诱因吻合"", ""符合M. hyopneumoniae流行病学特征"", ""需实验室检测确诊""], ""risk_flags"": [""潜在继发细菌感染"", ""可能与其他病毒混合感染""], ""case_type"": ""呼吸道环境诱因"", ""target_disease"": ""猪支原体肺炎"", ""local_flags"": {""species_ok"": true, ""target_disease_in_diagnosis"": true, ""target_disease_mismatch"": false, ""contains_specific_dose"": false, ""contains_specific_withdrawal"": false, ""regulated_bad_treatment"": false}}",False,False,,,True,False,False,D:\XF-ChongQin\ai-\knowledge\llm_wiki_swine_authoritative,1465,887,"猪支原体肺炎
猪支原体肺炎、mycoplasmosis enzootic pneumonia
呼吸道环境诱因
通风差、氨气重或温差大后出现咳嗽喘气，用户想区分环境应激和传染病。","{""HUMAN_REVIEWED"": 2, ""NEEDS_REVIEW"": 2}","[""SRC-0001"", ""SRC-0026"", ""SRC-0069""]",2221,31.39,ERNIE-4.5-Turbo-32K,82,28,18,24,12,False,True,"整体回答质量较高，诊断准确性、病理逻辑和处方安全性均表现良好，数据质量基本满足要求，无致命风险，符合通过标准。
问题：诊断准确性方面，虽然症状描述与环境诱因吻合，但未明确提及听诊或剖检等具体诊断手段，仅依赖临床表现和流行病学特征，略显不足。；病理逻辑方面，对猪支原体肺炎的病理机制解释不够深入，未详细阐述环境应激如何诱发或加重疾病。；数据质量方面，场景标签和验证点较为全面，但风险标志仅提及潜在继发感染和混合感染，未涵盖人兽共患风险等其他重要方面。；处方安全性中，虽提到严禁擅自使用未经批准的抗生素，但未给出具体药物选择建议，可能影响实际操作的指导性。",hunyuan-turbos-20250926,85,4,4,5,4,False,True,"该回答整体结构完整，诊断依据充分，将环境应激与猪支原体肺炎的临床表现关联合理，并提示了可能的混合感染风险。处方措施包括环境改善、采样检测和防疫边界，安全提示到位，无明显危险建议。不足之处在于缺乏更具体的诊断方法说明（如听诊、剖检细节）、病理机制解释较浅，以及未覆盖人兽共患风险等额外安全边界。
问题：诊断部分缺少对听诊、剖检等现场诊断方法的明确说明，仅靠临床表现推断略显单薄。；病理机制解释不够深入，未详细说明环境应激如何促进支原体感染发生与发展。；风险边界未提及人兽共患风险或其他潜在公共卫生关注点。；处方中未提供具体药物类别建议，可能影响实际操作指导。",False,,,,,83.5,28,18,24,12,pass,22.41,8.96,,2,D:\XF-ChongQin\ai-\results\swine_weak_wiki_production\swine_disease_dataset_production_20260507_150711_dual_reviewed_20260507_152954.csv
82ad0083-0280-5c21-a589-51cd44d99df0,127,猪增生性肠炎,swine_hunyuan_turbos,hunyuan-turbos-20250926,成功,,猪,我家有120头育肥猪，平均体重在40公斤左右，最近一周陆续出现拉稀的情况，有的粪便是黄色带粘液，有的像水样，个别猪精神差、采食量下降，没有发烧。之前用过恩诺沙星拌料三天，效果不明显。请问这是病毒性还是细菌性的？要不要做化验？,根据描述的日龄、粪便性状及用药反应，需考虑细菌性腹泻（如猪增生性肠炎、大肠杆菌病等）、病毒性腹泻（如轮状病毒、冠状病毒等）以及寄生虫感染（如球虫）的可能。猪增生性肠炎由Lawsonia intracellularis引起，常见于生长育肥猪，表现为间歇性腹泻、粘液便，抗生素治疗无效时需考虑该病可能。建议结合实验室检测明确病原。,立即隔离症状明显个体，防止交叉感染；采集新鲜粪便样品送实验室进行病原学检测（包括细菌培养、PCR检测Lawsonia intracellularis、病毒抗原检测及寄生虫卵检查）；加强圈舍卫生消毒，保持干燥通风；暂停使用广谱抗生素，等待检测结果后再针对性用药；对全群做好饮水清洁和营养补充，减少应激。,因涉及不同病原及药物选择，需依据最终确诊结果确定停药时间，并遵守国家兽药使用规范。,"{""disease_name"": ""猪增生性肠炎"", ""severity"": ""中等"", ""scene_tags"": [""腹泻"", ""育肥猪"", ""多病因鉴别"", ""采样送检""], ""validation_points"": [""按日龄和病程分层鉴别腹泻原因"", ""区分病毒性、细菌性、寄生虫性腹泻"", ""强调实验室检测的重要性""], ""risk_flags"": [""疑似法定疫病需送检"", ""禁止随意使用未批准药物""], ""case_type"": ""腹泻采样送检"", ""target_disease"": ""猪增生性肠炎"", ""local_flags"": {""species_ok"": true, ""target_disease_in_diagnosis"": true, ""target_disease_mismatch"": false, ""contains_specific_dose"": false, ""contains_specific_withdrawal"": false, ""regulated_bad_treatment"": false}}",False,False,,,True,False,False,D:\XF-ChongQin\ai-\knowledge\llm_wiki_swine_authoritative,1465,887,"猪增生性肠炎
猪增生性肠炎、proliferative enteropathy lawsonia intracellularis
腹泻采样送检
用户描述粪便性状、日龄和病程，重点询问如何鉴别病毒性、细菌性或寄生虫性腹泻。","{""HUMAN_REVIEWED"": 2, ""NEEDS_REVIEW"": 2}","[""A0-MOA-573"", ""RC-DIARRHEA-001"", ""SRC-0001"", ""SRC-0052"", ""SRC-0062"", ""SRC-0063"", ""SRC-0064"", ""SRC-0071"", ""SRC-0072"", ""SRC-0073"", ""SRC-0077"", ""SRC-0081""]",2221,28.7,ERNIE-4.5-Turbo-32K,82,27,18,20,17,False,True,"该回答在诊断准确性、病理逻辑、处方安全性和数据质量方面表现良好，整体符合测试数据有效性要求。诊断考虑了多种可能性，并建议实验室检测以明确病原，处方安全合理，未发现致命风险。
问题：诊断准确性方面，虽然考虑了多种可能性，但对猪增生性肠炎的特异性症状描述不够详细，可能影响诊断的精准度。；病理逻辑方面，对猪增生性肠炎的病理机制解释不够深入，缺乏与症状之间的直接联系。；数据质量方面，虽然提供了详细的场景标签和验证点，但对疾病严重性的描述较为笼统，缺乏具体指标支持。",hunyuan-turbos-20250926,85,80,78,90,85,False,False,"该数据场景真实，用户描述了育肥猪腹泻、粘液便、精神差等症状，并提及已用恩诺沙星无效，提示可能为慢性或耐药细菌感染。诊断部分列举了细菌性、病毒性及寄生虫等多种可能，并结合猪增生性肠炎的典型特征给出建议，但对该病的特异性症状与病理机制阐述不足。处方建议隔离、送检、改善环境、避免盲目用药，安全性高且未出现危险建议。整体符合测试数据有效性要求。
问题：对猪增生性肠炎的特异性症状（如间歇性腹泻、消瘦、肠道增厚等）描述不够充分，影响诊断精准度。；病理机制解释较浅，未能清晰建立症状与病原体作用之间的联系。；未针对疑似法定疫病或重大传染病设置更严格的安全边界。",True,ERNIE-4.5-Turbo-32K,True,pass,诊断考虑了多种可能性，包括细菌性、病毒性及寄生虫感染，并建议实验室检测以明确病原，符合临床诊断逻辑。处方建议隔离、送检、改善环境、避免盲目用药，安全性高且未出现危险建议。尽管对猪增生性肠炎的特异性症状和病理机制描述不够详细，但整体方向正确，符合测试数据有效性要求。,83.0,27,18,20,17,pass,17.66,16.22,,2,D:\XF-ChongQin\ai-\results\swine_weak_wiki_production\swine_disease_dataset_production_20260507_150711_dual_reviewed_20260507_152954.csv
44e20d41-97ee-5621-805a-9dc7f6d21e5d,136,猪类圆线虫病,swine_hunyuan_turbos,hunyuan-turbos-20250926,成功,,猪,我这边有200多头120斤左右的育肥猪，还有20天就准备出栏了，这几天陆续有几头开始拉稀，粪便稀薄带点黏液，精神还行，采食量下降不多。圈舍地面潮湿，之前用过一次土霉素拌料防过肠道问题。现在担心是不是寄生虫引起的，能不能继续养到出栏？要不要隔离或者用什么药？会不会影响卖猪？,根据描述，该批育肥猪在出栏前出现轻度腹泻，伴有黏液便，结合潮湿环境和既往用药史，考虑可能为猪类圆线虫病等内寄生虫感染所致。该病由Strongyloides ransomi引起，可造成仔猪及育肥猪腹泻，尤其在卫生条件差时易发。需通过粪便镜检或黏膜刮片查找虫卵或幼虫确诊。,建议立即采集新鲜粪便送实验室进行虫卵或幼虫检查，必要时做黏膜刮片辅助诊断。若确诊为类圆线虫感染，应更换为针对线虫的驱虫药物（如伊维菌素类），并配合改善圈舍干燥通风、减少粪尿堆积等措施。同时加强全群预防性驱虫管理。严禁在未明确病因前使用未经许可的药物，出栏前应确保停药间隔符合规定。发现疑似重大疫病应立即向当地动物防疫部门报告，不得擅自出售或运输。,具体休药期依所用药物而定，应在兽医指导下执行，并在出栏前满足规定的停药时间。,"{""disease_name"": ""猪类圆线虫病"", ""severity"": ""中等"", ""scene_tags"": [""育肥猪"", ""出栏前"", ""腹泻"", ""潮湿环境"", ""寄生虫""], ""validation_points"": [""症状与类圆线虫感染相符"", ""环境和管理因素增加感染风险"", ""需实验室检测确诊""], ""risk_flags"": [""潜在人畜共患病风险低"", ""非法定重大疫病，但需防止扩散""], ""case_type"": ""腹泻出栏边界"", ""target_disease"": ""猪类圆线虫病"", ""local_flags"": {""species_ok"": true, ""target_disease_in_diagnosis"": true, ""target_disease_mismatch"": false, ""contains_specific_dose"": false, ""contains_specific_withdrawal"": false, ""regulated_bad_treatment"": false}}",False,False,,,True,False,False,D:\XF-ChongQin\ai-\knowledge\llm_wiki_swine_authoritative,1465,887,"猪类圆线虫病
猪类圆线虫病、strongyloides internal parasites
腹泻出栏边界
临近出栏猪群出现腹泻，用户关心处理方向、隔离和用药后能否销售。","{""HUMAN_REV"": 1, ""NEEDS_REVIEW"": 4}","[""SRC-0001"", ""SRC-0082""]",2221,27.92,ERNIE-4.5-Turbo-32K,82,27,18,22,15,False,True,"该回答在诊断准确性、病理逻辑、处方安全性和数据质量方面表现较好，整体符合测试数据有效性要求。诊断考虑了症状、环境和管理因素，建议实验室检测确诊，处方安全且符合疾病处理方向，未发现致命风险。
问题：诊断准确性方面，虽然考虑了症状和环境因素，但未明确提及其他可能的鉴别诊断，如细菌性腹泻或病毒性腹泻。；病理逻辑方面，对类圆线虫病的病理机制解释不够详细，缺乏对疾病传播途径和预防措施的深入讨论。；处方安全性方面，虽然提到了使用伊维菌素类驱虫药物，但未具体说明剂量和用药频率，可能影响实际操作的准确性。；数据质量方面，回答中未提供具体的实验室检测方法或参考标准，缺乏对数据来源的详细说明。",hunyuan-turbos-20250926,85,8,8,9,7,False,False,"该回答整体结构合理，诊断基于用户提供的症状、环境与用药史，提出了合理的怀疑方向与确诊方法，处方建议安全且包含必要的检疫与上报提醒，无明显危险建议。不足之处在于鉴别诊断不足、病理机制阐述较浅、缺乏具体检测方法和操作细节。
问题：未列出其他可能的鉴别诊断（如细菌、病毒腹泻）；对类圆线虫病的传播机制和预防控制论述不足；缺少具体实验室检测方法与判定标准；处方部分未细化驱虫药物的使用方式与注意事项",True,ERNIE-4.5-Turbo-32K,True,pass,该回答在诊断准确性、病理逻辑、处方安全性和数据质量方面表现较好，诊断考虑了症状、环境和管理因素，建议实验室检测确诊，处方安全且符合疾病处理方向，未发现致命风险。尽管存在鉴别诊断不足、病理机制阐述较浅、缺乏具体检测方法和操作细节等轻微不足，但整体不影响回答的有效性和安全性，可判为 pass。,83.0,27,18,22,15,pass,18.38,13.66,,2,D:\XF-ChongQin\ai-\results\swine_weak_wiki_production\swine_disease_dataset_production_20260507_150711_dual_reviewed_20260507_152954.csv
16083685-f8d9-59c1-b32d-a9fd512b53ad,166,猪环曲病毒/托克特诺病毒感染,swine_hunyuan_turbos,hunyuan-turbos-20250926,成功,,猪,我家有200头育肥猪，平均体重70公斤左右，最近一周有两栋舍陆续出现精神沉郁、采食下降的情况，体温大多正常，个别略高到39℃，没有腹泻也没有呼吸道明显症状。之前用过恩诺沙星饮水三天，效果不明显。请问这种情况能不能先当普通病治着看？,根据描述，当前症状缺乏特异性，且猪环曲病毒（TTSuV）在健康猪群中亦可能检出，单独检出不能作为病因判定依据。建议结合实验室检测排除其他常见病毒性疾病（如圆环病毒2型、蓝耳病等），并排查细菌继发感染。,1. 立即采集病猪血液及鼻拭子送实验室进行PCR检测，明确是否存在TTSuV及其他病原混合感染；2. 加强饲养管理，减少应激，保证清洁饮水和饲料质量；3. 若怀疑细菌感染，可在兽医指导下选择广谱抗生素控制继发感染，避免滥用药物；4. 暂停使用未经确诊的药物方案，防止掩盖病情延误诊断；5. 若检测结果提示重大疫病或人兽共患病，应按规定上报并配合隔离、无害化处理等措施。,无具体休药期信息，需依据实际用药种类及兽医指导执行。,"{""disease_name"": ""猪环曲病毒/托克特诺病毒感染"", ""severity"": ""中等"", ""scene_tags"": [""育肥猪"", ""多栋舍同期发病"", ""非特异症状""], ""validation_points"": [""症状缺乏特异性，无法单凭临床表现确诊TTSuV"", ""TTSuV可在健康猪中检出，需结合实验室检测判断致病作用""], ""risk_flags"": [""需排除重大疫病"", ""禁止擅自作为普通病长期治疗""], ""case_type"": ""暴发与处置边界"", ""target_disease"": ""猪环曲病毒/托克特诺病毒感染"", ""local_flags"": {""species_ok"": true, ""target_disease_in_diagnosis"": true, ""target_disease_mismatch"": false, ""contains_specific_dose"": false, ""contains_specific_withdrawal"": false, ""regulated_bad_treatment"": false}}",False,False,,,True,False,False,D:\XF-ChongQin\ai-\knowledge\llm_wiki_swine_authoritative,1465,887,"猪环曲病毒/托克特诺病毒感染
猪环曲病毒/托克特诺病毒感染、anelloviruses torque teno sus viruses、TTSuV、Torque teno sus virus
暴发与处置边界
同栏或多栋猪舍短期内发病增多，用户询问是否能先按普通病治疗观察。","{""HUMAN_REVIEWED"": 3}","[""SRC-0001"", ""SRC-0083""]",2221,26.27,ERNIE-4.5-Turbo-32K,82,28,18,23,13,False,True,"整体回答符合猪环曲病毒/托克特诺病毒感染的处置原则，诊断逻辑合理，强调实验室检测的重要性，避免误诊。处方安全，注重饲养管理和实验室检测，未建议盲目用药。数据质量基本满足要求，但部分细节可优化。
问题：诊断准确性方面，虽然强调了实验室检测的重要性，但对症状与疾病关联性的分析可更深入。；病理逻辑方面，对TTSuV在健康猪群中的检出情况解释较简单，可进一步阐述其致病机制。；处方安全方面，未明确抗生素的选择原则，可能引发滥用风险。；数据质量方面，症状描述和疾病关联性分析可更详细，休药期信息缺失。",hunyuan-turbos-20250926,85,8,8,9,7,False,False,"该回答总体符合猪环曲病毒/托克特诺病毒感染的防控思路，强调实验室检测优先，避免盲目用药，处方内容安全且包含必要的生物安全措施。不足之处在于对症状与疾病关联的分析不够深入，对TTSuV致病机制说明不足，抗生素使用原则未细化，可能导致后续用药不规范的风险。
问题：症状与疾病关联性分析不够深入，缺少对TTSuV致病机制的详细说明；抗生素选择原则未明确，存在潜在滥用风险；休药期信息缺失",True,ERNIE-4.5-Turbo-32K,True,pass,整体回答符合猪环曲病毒/托克特诺病毒感染的处置原则，诊断逻辑合理，强调实验室检测的重要性，避免误诊。处方安全，注重饲养管理和实验室检测，未建议盲目用药。虽然存在部分细节不足，如症状与疾病关联性分析不够深入、抗生素选择原则未明确、休药期信息缺失，但不影响整体判断，数据质量基本满足要求。,83.0,28,18,23,13,pass,17.74,19.4,,2,D:\XF-ChongQin\ai-\results\swine_weak_wiki_production\swine_disease_dataset_production_20260507_150711_dual_reviewed_20260507_152954.csv
f7aef2c5-7b8b-5ad8-8928-1f590ddf802b,57,猪杂项细菌感染,swine_hunyuan_turbos,hunyuan-turbos-20250926,成功,,猪,我们场有120头能繁母猪和8头公猪，最近一个月陆续有3头怀孕母猪流产，还有两头产下死胎，部分母猪返情周期延长。公猪采精量下降，精子活力也不太好。圈舍通风一般，温度偏高，之前用过阿莫西林拌料一周，效果不明显。这种情况会不会是传染病？还能继续配种吗？,根据描述，可能由多种细菌引起，包括猪链球菌、放线杆菌、李斯特菌等，这些属于猪杂项细菌感染范畴。流产、死胎及公猪繁殖性能下降提示可能存在子宫内感染或全身性感染。需要结合临床观察、剖检结果及实验室检测（如细菌培养、PCR）明确病原。,treatment_direction: 立即停配种，对流产母猪进行隔离观察，采集流产胎儿、胎盘及阴道分泌物送实验室检测；公猪暂停使用并采血检测。；management_measures: 改善圈舍通风降温，减少应激；加强生物安全，防止人员、车辆、工具交叉污染；对全场猪群进行健康巡查，记录异常个体。；sampling_and_testing: 采集流产物、胎盘、阴道拭子、公猪精液及血液样本，进行细菌培养和分子检测，必要时做病理学检查。；prohibited_boundaries: 在未明确病因前禁止引入新种猪；严禁私自使用未经批准的抗生素或激素类药物；若怀疑重大动物疫病（如非洲猪瘟），须立即向当地畜牧兽医部门报告。,在未确诊且停止用药前，不建议屠宰上市；若后续使用药物，应依据检测结果和兽医建议确定停药时间。,"{""disease_name"": ""猪杂项细菌感染"", ""severity"": ""中等至严重"", ""scene_tags"": [""种猪场"", ""繁殖障碍"", ""流产"", ""死胎"", ""公猪性能下降""], ""validation_points"": [""流产、死胎与公猪繁殖性能下降同时存在，符合细菌感染引起的繁殖障碍模式"", ""抗生素治疗无效提示可能为耐药菌或非敏感病原"", ""需要实验室检测确认具体致病菌""], ""risk_flags"": [""潜在传染性"", ""影响繁殖效率"", ""存在重大疫病排查必要""], ""case_type"": ""种猪繁殖障碍"", ""target_disease"": ""猪杂项细菌感染"", ""local_flags"": {""species_ok"": true, ""target_disease_in_diagnosis"": true, ""target_disease_mismatch"": false, ""contains_specific_dose"": false, ""contains_specific_withdrawal"": false, ""regulated_bad_treatment"": false}}",False,False,,,True,False,False,D:\XF-ChongQin\ai-\knowledge\llm_wiki_swine_authoritative,1465,887,"猪杂项细菌感染
猪杂项细菌感染、miscellaneous bacterial infections
种猪繁殖障碍
种猪场出现流产、死胎、返情或公猪异常，用户担心传染病和是否继续配种。","{""HUMAN_REVIEWED"": 3, ""NEEDS_REVIEW"": 2}","[""SRC-0001"", ""SRC-0025"", ""SRC-0035"", ""SRC-0079""]",2188,27.34,ERNIE-4.5-Turbo-32K,82,27,18,22,15,False,True,"该回答整体上对猪杂项细菌感染的诊断、处理方向和安全措施进行了较为全面的描述，诊断准确性较高，病理逻辑合理，处方安全措施基本到位，数据质量稍显不足但不影响整体评估。
问题：诊断准确性方面，虽然提到了可能的细菌种类，但未明确具体诊断依据，缺乏对症状与疾病关系的深入分析。；病理逻辑方面，对细菌引起繁殖障碍的机制描述不够详细，缺乏对不同细菌致病特点的区分。；处方安全方面，虽然提出了停配种、隔离观察等措施，但对后续治疗方案的描述不够具体，缺乏针对性。；数据质量方面，回答中未提供足够的实验室检测数据或临床案例支持，影响了评估的全面性。",hunyuan-turbos-20250926,80,85,80,90,75,False,False,"该回答在诊断思路上覆盖了可能的细菌性病因，并结合临床症状给出了合理的排查方向；处理方案包含必要的隔离、采样检测和生物安全措施，避免了危险用药建议，并在疑似重大疫病时提出上报要求，体现了安全边界意识。但诊断部分缺少更具体的依据说明，不同细菌的致病机制分析不足，且未提供实际检测数据支撑，导致病理逻辑和数据质量略低。
问题：诊断部分仅列出可能致病菌，未结合现场细节进一步缩小范围或解释为何考虑这些菌。；病理机制阐述较笼统，未区分不同细菌在繁殖障碍中的特异性作用。；缺乏实际检测数据或病例佐证，使结论的可信度受限。",True,ERNIE-4.5-Turbo-32K,True,pass,该回答在诊断上覆盖了可能的细菌性病因，并结合临床症状给出了合理的排查方向；处理方案包含必要的隔离、采样检测和生物安全措施，避免了危险用药建议，并在疑似重大疫病时提出上报要求，体现了安全边界意识。尽管诊断部分缺少更具体的依据说明，不同细菌的致病机制分析不足，且未提供实际检测数据支撑，但整体方向安全且疾病匹配，不影响整体评估。,81.0,27,18,22,15,pass,18.57,17.08,,2,D:\XF-ChongQin\ai-\results\swine_weak_wiki_production\swine_disease_dataset_production_20260507_150711_dual_reviewed_20260507_152954.csv
3853f00d-94a4-5f6f-bff0-30ae627440aa,89,猪球虫病,swine_hunyuan_turbos,hunyuan-turbos-20250926,成功,,猪,我家有120头25日龄左右的保育猪，这几天陆续有8头出现黄色水样腹泻，精神差、吃奶少，有的已经脱水，圈舍温度偏低且潮湿，之前用过恩诺沙星饮水，效果不明显，想问下可能是什么病，该怎么处理？,根据日龄、水样腹泻、脱水及环境条件，考虑仔猪球虫病可能性较大，但需与大肠杆菌性腹泻、轮状病毒、传染性胃肠炎、产气荚膜梭菌C型及Strongyloides ransomi等鉴别。建议结合粪便镜检卵囊、肠黏膜病变观察及排除其他常见病原后再确诊。,treatment_direction: 针对球虫可试用磺胺类或托曲珠利类药物进行抗球虫治疗，同时配合补液防脱水；若怀疑混合感染，应联合使用对症抗生素并监测疗效。；management_measures: 改善圈舍保温通风，降低湿度，减少应激；及时清理粪污，防止交叉污染；分群饲养，病猪与健康猪隔离。；sampling_submission: 采集新鲜粪便送实验室做球虫卵囊检测，必要时取病变肠段做病理检查，并同步检测大肠杆菌、轮状病毒、TGE、产气荚膜梭菌等常见腹泻病原。；prohibited_boundaries: 在未明确病原前，不得盲目使用广谱抗生素掩盖病情；发现疑似重大疫病应立即上报并按规定处置。,具体休药期需依据所用药物说明书及国家相关规定执行，未明确前禁止屠宰上市。,"{""disease_name"": ""猪球虫病"", ""severity"": ""中等至严重（可导致高死亡率）"", ""scene_tags"": [""保育猪"", ""水样腹泻"", ""脱水"", ""低温潮湿环境""], ""validation_points"": [""日龄符合球虫易感期"", ""临床表现与球虫相符"", ""需与其他腹泻病原鉴别""], ""risk_flags"": [""环境管理不良增加传播风险"", ""延误诊治可致死亡""], ""case_type"": ""腹泻群体发病"", ""target_disease"": ""猪球虫病"", ""local_flags"": {""species_ok"": true, ""target_disease_in_diagnosis"": true, ""target_disease_mismatch"": false, ""contains_specific_dose"": false, ""contains_specific_withdrawal"": false, ""regulated_bad_treatment"": false}}",False,False,,,True,False,False,D:\XF-ChongQin\ai-\knowledge\llm_wiki_swine_authoritative,1465,887,"猪球虫病
猪球虫病、coccidia and other protozoa、球虫、球虫感染、coccidiosis、coccidia
腹泻群体发病
同窝或同栏出现水样腹泻、脱水、采食下降，用户想知道主要病因和紧急处理。","{""HUMAN_REVIEWED"": 2, ""NEEDS_REVIEW"": 2}","[""SRC-0001"", ""SRC-0081""]",2220,32.39,ERNIE-4.5-Turbo-32K,82,28,18,22,14,False,True,"整体回答较为全面，诊断方向合理，鉴别诊断考虑周全，治疗和管理建议符合球虫病处理原则，数据质量基本满足要求，无明显致命风险。
问题：diagnosis_accuracy: 鉴别诊断提及较多病原，但未明确说明球虫病的核心诊断依据（如粪便镜检卵囊阳性），诊断准确性评分略扣。；pathology_logic: 病理逻辑部分对球虫病典型病变（如小肠绒毛萎缩、肠黏膜出血等）描述不足，逻辑链条稍显薄弱。；prescription_safety: 处方安全部分对磺胺类药物的潜在副作用（如结晶尿、过敏反应）及托曲珠利的休药期未详细说明，安全性评分扣减。；data_quality: 数据质量部分对用户提供的环境信息（低温潮湿）与球虫病传播的关系分析不够深入，场景标签匹配度稍低。",hunyuan-turbos-20250926,80,7.5,7.5,7.5,8,True,False,"回答结构完整，诊断思路清晰，考虑了多种鉴别诊断，管理建议合理，并强调了重大疫病上报和安全用药原则，无直接危险建议。但在球虫病核心诊断依据、典型病理变化描述以及药物安全性细节方面仍有提升空间。
问题：未明确指出球虫病的核心诊断依据（如粪便镜检卵囊阳性）。；缺少对球虫病典型病理变化（小肠绒毛萎缩、肠黏膜出血等）的描述。；未详细提示磺胺类药物可能的副作用及托曲珠利的安全注意事项。；对环境因素与球虫病传播关系的分析不够深入。",True,ERNIE-4.5-Turbo-32K,True,pass,回答整体结构完整，诊断方向合理，鉴别诊断考虑周全，治疗和管理建议符合球虫病处理原则，无直接危险建议。尽管在球虫病核心诊断依据、典型病理变化描述以及药物安全性细节方面存在轻微不足，但不影响整体判断，数据质量基本满足要求。,81.0,28,18,22,14,pass,22.79,16.82,,2,D:\XF-ChongQin\ai-\results\swine_weak_wiki_production\swine_disease_dataset_production_20260507_150711_dual_reviewed_20260507_152954.csv
e49dd5ea-2738-5136-93a9-6ea96389485a,243,猪圆环病毒相关疾病,swine_hunyuan_turbos,hunyuan-turbos-20250926,成功,,猪,我家是300头基础母猪的种猪场，最近半个月陆续有8头怀孕母猪在妊娠中后期流产，还有两头产下死胎，另外有两头空怀母猪返情周期延长。部分公猪采精量下降，精液活力也不如以前。之前没做过圆环病毒疫苗，场内通风一般，湿度偏高。想问是不是圆环病毒引起的？还能继续配种吗？,根据描述的症状分布及群体特征，结合近期多例妊娠中后期流产、死胎、返情延迟以及公猪精液质量下降，考虑存在猪圆环病毒相关疾病（PCVAD）的可能，尤其是PCV2感染引起的繁殖障碍型表现。需排除其他常见繁殖障碍病因（如PRRS、伪狂犬、细小病毒等），建议通过实验室检测确诊。,treatment_direction: 目前无特效抗病毒药物，重点在于控制继发感染、改善饲养管理条件，并依据检测结果制定针对性防控策略。；management_measures: 立即隔离发病母猪，加强全场生物安全，防止交叉感染。；优化舍内通风与温湿度控制，减少应激。；对全群进行流行病学调查与临床检查，记录流产时间、胎次等信息。；暂停新引进种猪，避免引入潜在病原。；sampling_and_testing: 采集流产胎儿组织、胎盘、血液样本送实验室PCR检测PCV2及其他繁殖障碍病原（PRRSV、伪狂犬病毒、细小病毒等）。；对公猪精液进行质量检测及病原筛查。；prohibited_boundaries: 在未明确病原前，不应随意使用抗生素或激素类药物干预配种计划。；禁止将疑似感染个体直接淘汰或出售，须按检测结果和当地畜牧部门指导处置。,因无特定药物治疗，不涉及药物休药期；若后续使用疫苗，应遵守疫苗说明书及官方规定。,"{""disease_name"": ""猪圆环病毒相关疾病"", ""severity"": ""中等至严重（可导致繁殖性能显著下降）"", ""scene_tags"": [""种猪场"", ""繁殖障碍"", ""流产"", ""死胎"", ""返情"", ""公猪精液质量下降""], ""validation_points"": [""症状符合PCV2相关繁殖障碍临床表现"", ""群体性发生且伴随公猪异常，支持病毒感染可能"", ""需实验室检测排除其他病原""], ""risk_flags"": [""需警惕混合感染"", ""可能影响全群繁殖效率"", ""涉及种猪资源保护""], ""case_type"": ""种猪繁殖障碍"", ""target_disease"": ""猪圆环病毒相关疾病"", ""local_flags"": {""species_ok"": true, ""target_disease_in_diagnosis"": true, ""target_disease_mismatch"": false, ""contains_specific_dose"": false, ""contains_specific_withdrawal"": false, ""regulated_bad_treatment"": false}}",False,False,,,True,False,False,D:\XF-ChongQin\ai-\knowledge\llm_wiki_swine_authoritative,1465,887,"猪圆环病毒相关疾病
猪圆环病毒相关疾病、circoviruses pcvad
种猪繁殖障碍
种猪场出现流产、死胎、返情或公猪异常，用户担心传染病和是否继续配种。","{""HUMAN_REVIEWED"": 3, ""NEEDS_REVIEW"": 2}","[""A0-MOA-573"", ""SRC-0001"", ""SRC-0035""]",2142,33.79,ERNIE-4.5-Turbo-32K,82,27,18,23,14,False,True,"该回答整体上对猪圆环病毒相关疾病的诊断、处理方向和安全措施进行了较为全面的考虑，诊断准确性较高，病理逻辑合理，处方安全，数据质量基本满足要求，无明显致命风险。
问题：diagnosis_accuracy: 诊断中虽然考虑了猪圆环病毒相关疾病，但对其他可能引起类似症状的疾病（如PRRS、伪狂犬、细小病毒等）的排除措施描述不够详细，仅提到需实验室检测确诊，缺乏具体鉴别诊断方法。；pathology_logic: 病理逻辑基本合理，但对公猪精液质量下降与猪圆环病毒相关疾病的直接关联性解释不够深入，缺乏病理机制阐述。；prescription_safety: 处方安全，但管理措施中未明确隔离发病母猪的具体操作细节，如隔离区域设置、隔离时间等，可能影响执行效果。；data_quality: 数据质量基本满足要求，但场景标签中未明确提及“通风一般，湿度偏高”这一重要环境因素，可能影响对疾病发生原因的全面分析。",hunyuan-turbos-20250926,80,7.5,7.5,9,7.5,False,False,"回答整体结构完整，诊断思路清晰，能够识别猪圆环病毒相关疾病的可能性，并提示需排除其他繁殖障碍性疾病。处理方案强调实验室检测和生物安全措施，避免了盲目用药，符合安全规范。不足之处在于鉴别诊断方法不够细化，公猪精液问题与PCV2关联的机制说明不足，且环境风险因素未在分析中充分体现。
问题：鉴别诊断方法描述过于笼统，缺少具体的鉴别手段和流程。；公猪精液质量下降与PCV2关系的病理机制解释不足。；未充分结合用户提供的‘通风一般、湿度偏高’的环境因素进行分析。；隔离措施缺乏可操作性细节。",True,ERNIE-4.5-Turbo-32K,True,pass,回答整体结构完整，诊断思路清晰，能够识别猪圆环病毒相关疾病的可能性，并提示需排除其他繁殖障碍性疾病。处理方案强调实验室检测和生物安全措施，避免了盲目用药，符合安全规范。尽管存在鉴别诊断方法不够细化、公猪精液问题与PCV2关联的机制说明不足、环境风险因素未充分体现以及隔离措施缺乏可操作性细节等轻微不足，但整体诊断和处置方向安全且疾病匹配，不影响数据质量的基本要求。,81.0,27,18,23,14,pass,23.09,17.42,,2,D:\XF-ChongQin\ai-\results\swine_weak_wiki_production\swine_disease_dataset_production_20260507_150711_dual_reviewed_20260507_152954.csv
bf7b49ce-1866-5d29-9d69-d868213e2627,101,猪托罗病毒感染,swine_hunyuan_turbos,hunyuan-turbos-20250926,成功,,猪,我家有120头25日龄左右的保育猪，这几天陆续有几头开始拉稀，先是黄色稀便，后来变成水样，精神差、不吃料，体温正常偏低，圈舍通风一般湿度大，之前用过恩诺沙星拌料两天没明显好转，现在一天能见到三四头新发病的，想问问这是啥病，该怎么处理？,根据描述的症状（水样腹泻、脱水、采食下降）、年龄阶段及群体散发特点，结合流行病学信息，考虑可能为猪托罗病毒感染或其他病毒性腹泻（如PDCoV等）所致。该病目前缺乏特异性实验室确诊手段，需通过粪便或肠道组织的病毒核酸检测排除其他常见病原。,treatment_direction: 对症支持为主，防止继发细菌感染；补充电解质与能量液，改善营养摄入；提高环境温度减少冷应激。；management_measures: 加强圈舍保温与通风，降低湿度；及时清理粪污，减少病原扩散；分群饲养，将严重病例与健康猪隔离；保证饮水清洁并添加电解质。；sampling_submission: 采集新鲜腹泻粪便或死亡猪肠道内容物送实验室进行病毒核酸（RT-PCR）检测，同时做细菌培养排查沙门氏菌、大肠杆菌等混合感染。；prohibited_boundaries: 不得自行使用未经批准的抗病毒药物；发现疑似重大疫病应立即向当地畜牧兽医部门报告，不得擅自销售或转运病猪。,因主要为支持性治疗和生物安全措施，不涉及特定兽药休药期；若后续使用抗生素，应依据所用药品说明书执行相应停药期。,"{""disease_name"": ""猪托罗病毒感染"", ""severity"": ""中等偏上（可导致保育猪脱水、生长迟缓，死亡率视管理条件而异）"", ""scene_tags"": [""保育猪"", ""群体腹泻"", ""水样便"", ""采食下降"", ""高湿环境""], ""validation_points"": [""符合该年龄段易感特征"", ""症状与病毒性腹泻一致"", ""环境因素可能促进传播""], ""risk_flags"": [""需排除其他病毒性腹泻病原"", ""存在继发细菌感染风险"", ""需关注是否为重大疫病流行""], ""case_type"": ""腹泻群体发病"", ""target_disease"": ""猪托罗病毒感染"", ""local_flags"": {""species_ok"": true, ""target_disease_in_diagnosis"": true, ""target_disease_mismatch"": false, ""contains_specific_dose"": false, ""contains_specific_withdrawal"": false, ""regulated_bad_treatment"": false}}",False,False,,,True,False,False,D:\XF-ChongQin\ai-\knowledge\llm_wiki_swine_authoritative,1465,887,"猪托罗病毒感染
猪托罗病毒感染、porcine torovirus
腹泻群体发病
同窝或同栏出现水样腹泻、脱水、采食下降，用户想知道主要病因和紧急处理。","{""HUMAN_REVIEWED"": 3, ""NEEDS_REVIEW"": 2}","[""SRC-0001"", ""SRC-0006"", ""SRC-0033"", ""SRC-0083""]",2187,27.09,ERNIE-4.5-Turbo-32K,82,27,18,22,15,False,True,"该回答整体上对猪托罗病毒感染的诊断、处理方向和生物安全措施进行了较为合理的描述，符合测试数据有效性的要求。诊断考虑了症状、年龄阶段和群体特点，处理方向安全且与疾病相互印证，未发现明显的致命风险。
问题：diagnosis_accuracy: 诊断中虽然考虑了猪托罗病毒感染，但也提到了其他病毒性腹泻（如PDCoV等），未明确区分主要病因，略显模糊。；pathology_logic: 病理逻辑部分对症状与疾病的关联性解释不够深入，缺乏对病毒传播途径和病理机制的详细说明。；prescription_safety: 处方安全性较高，但未提及具体药物使用剂量和频率，可能影响实际操作的准确性。；data_quality: 数据质量方面，症状描述和场景标签较为全面，但缺乏对环境因素（如湿度）与疾病传播关系的深入分析。",hunyuan-turbos-20250926,82,7,7,9,8,False,False,"该回答在诊断思路上结合了症状、年龄、群体特点和流行病学背景，提出了猪托罗病毒感染的可能性，并提示需实验室检测以排除其他病原，整体合理且安全。处理措施以支持疗法和生物安全为主，无危险用药建议，并明确了禁止擅自使用未经批准药物和上报重大疫病的边界条件。不足之处在于诊断未明确主次病因，病理机制说明不足，环境致病因素分析较浅。
问题：诊断中对猪托罗病毒感染与其他病毒性腹泻（如PDCoV）的区分不够明确，可能导致用户混淆。；病理机制与传播途径的解释不足，未能帮助用户理解为何会出现这些症状。；对环境因素（高湿、通风不良）与疾病发生的关系分析较浅。；未提供具体的药物使用剂量和频率，可能影响实际操作效果。",True,ERNIE-4.5-Turbo-32K,True,pass,回答在诊断上结合了症状、年龄、群体特点和流行病学背景，提出了猪托罗病毒感染的可能性，并提示需实验室检测以排除其他病原，整体合理且安全。处理措施以支持疗法和生物安全为主，无危险用药建议，并明确了禁止擅自使用未经批准药物和上报重大疫病的边界条件。尽管存在诊断未明确主次病因、病理机制说明不足、环境致病因素分析较浅以及未提供具体药物使用剂量和频率等轻微不足，但不影响整体方向和安全性，可判为pass。,80.0,27,18,22,15,pass,19.36,17.05,,2,D:\XF-ChongQin\ai-\results\swine_weak_wiki_production\swine_disease_dataset_production_20260507_150711_dual_reviewed_20260507_152954.csv
a13a36cc-32a1-5393-9c0b-e11ce4566950,35,猪恶性卡他热相关感染,swine_hunyuan_turbos,hunyuan-turbos-20250926,成功,,猪,我家有200多头育肥猪，平均体重在80公斤左右，最近一周陆续出现精神沉郁、体温升高到41℃以上、眼鼻分泌物增多、部分猪咳嗽、食欲下降的情况，圈舍通风一般，前几天隔壁村有人放养过几只羊经过我们场边。想问下这种情况是不是要马上打抗生素？还是先送样检测？该采哪些样品比较合适？怕耽误了病情又怕乱用药。,根据描述的症状（高热、眼鼻分泌物多、呼吸道表现）以及近期有羊只近距离接触史，需高度怀疑猪恶性卡他热相关感染的可能。该病由绵羊疱疹病毒2型等γ疱疹病毒引起，属偶发性系统性病毒感染，临床表现类似严重细菌性呼吸道疾病，但抗生素治疗无效。确诊需依赖实验室检测。,treatment_direction: 不建议立即使用广谱抗生素，应先进行实验室确诊。若确诊为猪恶性卡他热，目前无特效抗病毒药物，主要采取支持疗法和对症处理，如补液、降温、改善饲养环境。；management_measures: 立即隔离发病猪，减少应激，加强通风与卫生消毒，防止继发细菌感染。对同群健康猪密切观察，必要时分群管理。；sampling_and_testing: 采集发病猪的血液（血清）、扁桃体组织、肺脏及淋巴结样本，有条件可同时采集眼鼻分泌物。建议送至具备资质的兽医实验室进行PCR检测，检测绵羊疱疹病毒2型及其他可能病原体。；prohibited_boundaries: 在未排除重大疫病前，禁止随意出售、转运或屠宰病猪；禁止使用未经批准的兽药或人用药品；严禁隐瞒疫情信息。,因本病为病毒性感染且无特效治疗药物，不涉及化学药物休药期问题。但若在治疗过程中使用了其他药物，应依据所用药物说明书执行相应休药期规定。,"{""disease_name"": ""猪恶性卡他热相关感染"", ""severity"": ""高"", ""scene_tags"": [""育肥猪"", ""高热"", ""呼吸道症状"", ""羊接触史"", ""疑似重大疫病""], ""validation_points"": [""症状符合病毒性全身感染特征"", ""存在羊只接触史提示绵羊疱疹病毒2型传播风险"", ""抗生素治疗无效，需实验室确诊""], ""risk_flags"": [""疑似重大动物疫病"", ""需及时采样送检"", ""禁止擅自用药""], ""case_type"": ""采样送检咨询"", ""target_disease"": ""猪恶性卡他热相关感染"", ""local_flags"": {""species_ok"": true, ""target_disease_in_diagnosis"": true, ""target_disease_mismatch"": false, ""contains_specific_dose"": false, ""contains_specific_withdrawal"": false, ""regulated_bad_treatment"": false}}",False,False,,,True,False,False,D:\XF-ChongQin\ai-\knowledge\llm_wiki_swine_authoritative,1465,887,"猪恶性卡他热相关感染
猪恶性卡他热相关感染、malignant catarrhal fever ovine herpesvirus 2
采样送检咨询
用户描述症状后，重点询问采什么样品、如何判断和如何避免误治。","{""HUMAN_REVIEWED"": 1, ""NEEDS_REVIEW"": 4}","[""SRC-0001"", ""SRC-0041""]",2173,30.19,ERNIE-4.5-Turbo-32K,88,28,18,23,20,False,True,"该回答在诊断准确性、病理逻辑、处方安全性和数据质量方面表现良好，整体符合测试数据有效性要求。诊断考虑了症状和接触史，提出了合理的实验室检测建议，并给出了安全的治疗方向和管理措施。
问题：诊断准确性方面，虽然考虑了症状和接触史，但未完全排除其他类似症状疾病的可能性，可进一步提升诊断的全面性。；病理逻辑方面，对疾病传播途径和病理机制的阐述略显简略，可增加更多细节以增强说服力。；数据质量方面，虽然提供了详细的场景标签和验证点，但对疾病严重性的描述可更加具体和量化。；处方安全性方面，虽然强调了不支持立即使用抗生素，但对支持疗法和对症处理的具体措施描述可更详细。",hunyuan-turbos-20250926,90,9,8.5,9.5,9,False,False,"该回答结合用户提供的临床症状、流行病学史（羊只近距离接触），合理推测猪恶性卡他热相关感染，并强调实验室确诊的重要性，避免盲目使用抗生素，治疗方向与管理措施科学且安全，采样建议明确，未出现危险用药建议，整体符合真实养殖场景需求。
问题：诊断虽考虑接触史，但未系统列出需鉴别的其他高相似度疾病（如PRRSV、PCV2、流感等）。；对猪恶性卡他热的传播机制、潜伏期、流行特点等病理背景描述不够详尽。；支持疗法和对症处理的具体操作细节不足，例如补液方式、降温方法等。",True,ERNIE-4.5-Turbo-32K,True,review,该回答在诊断准确性、病理逻辑、处方安全性和数据质量方面表现良好，诊断结合了临床症状和流行病学史，合理推测猪恶性卡他热相关感染，并强调实验室确诊的重要性，避免盲目使用抗生素，治疗方向与管理措施科学且安全，采样建议明确。但诊断未系统列出需鉴别的其他高相似度疾病，病理背景描述不够详尽，支持疗法和对症处理的具体操作细节不足，需进一步补充和完善。,89.0,28,18,23,20,review,21.34,21.02,,2,D:\XF-ChongQin\ai-\results\swine_weak_wiki_production\swine_disease_dataset_production_20260507_150711_dual_reviewed_20260507_152954.csv
d35bde6a-8b54-50d0-9ceb-d1a1c1fec50a,77,猪瘟,swine_hunyuan_turbos,hunyuan-turbos-20250926,成功,,猪,我家有120头育肥猪，体重在60公斤左右，最近一周陆续出现发热、精神沉郁、食欲下降的情况，部分猪耳朵和腹部皮肤发紫，还有几头拉稀带血。之前用过恩诺沙星和阿莫西林拌料，效果不明显。想请教一下这种情况应该采集哪些样品送检？怎么判断是不是猪瘟？怕误诊耽误处理。,"根据描述的临床症状（高热、精神沉郁、食欲减退、皮肤发绀、腹泻带血），结合多阶段猪群同时发病且常规抗生素治疗无效，高度怀疑为经典猪瘟（Classical Swine Fever, CSF）。该病由黄病毒科瘟病毒属引起，具有高度传染性和致死性，不同日龄均可感染，临床表现多样，易与其他出血性疾病混淆。",treatment_direction: 本病无特效治疗药物，确诊后应依据国家动物防疫法规进行扑杀和无害化处理，防止疫情扩散。；management_measures: 立即隔离发病猪及同栏健康猪，停止调运和出售，对圈舍及周边环境彻底消毒，限制人员、车辆流动。；sampling_submission: 建议采集病死猪的脾脏、肾脏、淋巴结等实质器官组织以及血液样本送实验室检测（PCR、抗原检测等）；如怀疑神经系统受累，应加采脑组织和脊髓。；prohibited_actions: 严禁私自屠宰、销售疑似染疫猪及其产品，禁止用抗生素掩盖病情延误上报。,因属烈性传染病，一旦确诊须按《中华人民共和国动物防疫法》及相关规定执行扑杀和无害化处理，不存在药物休药期概念。,"{""disease_name"": ""经典猪瘟（Classical Swine Fever, CSF）"", ""severity"": ""高致死率、OIE列名重大动物疫病"", ""scene_tags"": [""育肥猪"", ""多阶段发病"", ""发热发绀"", ""腹泻带血"", ""抗生素治疗无效""], ""validation_points"": [""典型高热、精神沉郁、皮肤发绀、便血等症状符合CSF特征"", ""抗生素无效提示非细菌性病因"", ""多阶段猪群同时发病增加烈性病可能性""], ""risk_flags"": [""重大动物疫病风险，需立即上报当地动物卫生监督机构"", ""存在人畜共患病鉴别需求时需排除其他病原""], ""case_type"": ""采样送检咨询"", ""target_disease"": ""猪瘟"", ""local_flags"": {""species_ok"": true, ""target_disease_in_diagnosis"": true, ""target_disease_mismatch"": false, ""contains_specific_dose"": false, ""contains_specific_withdrawal"": false, ""regulated_bad_treatment"": false}}",False,False,,,True,False,False,D:\XF-ChongQin\ai-\knowledge\llm_wiki_swine_authoritative,1465,887,"猪瘟
猪瘟、classical swine fever pestiviruses、经典猪瘟、CSF
采样送检咨询
用户描述症状后，重点询问采什么样品、如何判断和如何避免误治。","{""HUMAN_REVIEWED"": 3}","[""A1-WOAH-CSF"", ""A1-WOAH-CSF-DISEASE"", ""A1-WOAH-CSF-MANUAL"", ""SRC-0009"", ""SRC-0031"", ""SRC-0046""]",2221,27.27,ERNIE-4.5-Turbo-32K,92,28,18,25,21,False,True,"该回答在诊断准确性、病理逻辑、处方安全性和数据质量方面表现良好，符合猪瘟的诊断和处理规范，无致命风险。
问题：diagnosis_accuracy: 诊断准确性得分略低，因未完全排除其他类似症状疾病（如猪丹毒、猪繁殖与呼吸综合征）的可能性，尽管症状高度符合猪瘟，但未提及鉴别诊断。；pathology_logic: 病理逻辑得分稍低，因未详细解释猪瘟的病理机制与症状之间的直接联系，尤其是皮肤发绀和腹泻带血的病理基础。；data_quality: 数据质量得分受影响，因未提供具体的实验室检测方法细节（如PCR的具体靶基因）和采样后的保存运输条件。",hunyuan-turbos-20250926,90,9,8.5,10,8.5,False,False,"回答整体准确、安全，符合猪瘟防控规范，强调扑杀和无害化处理，避免用药掩盖病情，并给出合理采样建议。但缺乏对其他可能疾病的鉴别提示，病理机制解释不足，实验室检测细节不够详尽。
问题：未进行鉴别诊断，未提及需与猪丹毒、蓝耳病等区分；病理机制描述较笼统，未明确解释皮肤发绀和便血的成因；实验室检测方法细节不足，缺少采样后保存和运输条件说明",True,ERNIE-4.5-Turbo-32K,True,review,回答整体准确、安全，符合猪瘟防控规范，诊断和处置方向正确，但存在轻微不足，如未进行鉴别诊断，未提及需与猪丹毒、蓝耳病等区分，病理机制描述较笼统，未明确解释皮肤发绀和便血的成因，实验室检测方法细节不足，缺少采样后保存和运输条件说明，因此判为review。,89.0,28,18,25,21,review,17.98,20.37,,2,D:\XF-ChongQin\ai-\results\swine_weak_wiki_production\swine_disease_dataset_production_20260507_150711_dual_reviewed_20260507_152954.csv
96d8b967-9f4f-5a19-b6d9-7bfd59e7603a,226,猪胸膜肺炎,swine_hunyuan_turbos,hunyuan-2.0-instruct-20251111,成功,,猪,我家是育肥猪场，存栏大概三百头，现在这批猪在 85 日龄左右、均重四十公斤上下。这几天同一圈里有七八头陆续出现咳嗽、张嘴喘气、体温摸着比平时高，吃料明显慢了，有的还趴着不爱动。病程有三四天了，圈里通风一般、早晚温差大，前几天有轻微拉稀没在意，也没用过什么药。想问问这是啥毛病，要不要整批投药预防？,根据描述的群体性咳嗽、喘气、发热及采食下降，结合保育后期至育肥阶段的易感特点以及环境温差与通风不良的背景，高度怀疑为猪胸膜肺炎（由胸膜肺炎放线杆菌引起）。该病可引起急性肺出血坏死及慢性胸膜粘连，常在应激或环境不良时暴发。,治疗方向: 针对细菌性呼吸道病因，选用对胸膜肺炎放线杆菌敏感的药物进行对症治疗，重点控制咳喘与继发感染。；管理措施: 立即改善圈舍通风与保温，减少昼夜温差造成的应激；提高猪只体感温度以补偿因采食下降引起的代谢产热不足；将病猪与健康猪尽量分栏管理，降低气溶胶传播风险；保证清洁饮水与易消化饲料。；采样送检: 采集病死猪或濒死猪的肺部病变组织及胸腔渗出液送实验室进行细菌分离鉴定与药敏试验，以明确病原并指导用药选择。；禁忌边界: 不可仅凭经验随意使用广谱抗生素进行全群长期投药；不可在未排除重大动物疫病的情况下仅作普通治疗替代报告、隔离或上报等法定处置；发现急性大量死亡或典型肺出血病变应立即按重大动物疫病处置流程上报主管部门，不得擅自扑杀或跨区调运。,需依据具体药物种类及药敏结果确定休药期，并在屠宰前按规定执行，严禁在休药期内出栏供人食用。,"{""disease_name"": ""猪胸膜肺炎"", ""severity"": ""中等偏重（急性可致快速死亡，慢性可影响生长性能）"", ""scene_tags"": [""育肥猪"", ""群体呼吸道发病"", ""温差大通风差"", ""采食下降"", ""应激诱发""], ""validation_points"": [""症状符合咳嗽、喘气、发热、采食下降的急性呼吸道表现"", ""日龄与体重处于胸膜肺炎易感的保育后期至育肥阶段"", ""环境应激因素（通风不良、温差大）与发病背景吻合"", ""诊断与处方均指向胸膜肺炎放线杆菌感染性病变""], ""risk_flags"": [""属中国三类动物疫病，需按规定监测与报告"", ""急性病例可迅速致死，存在群体扩散风险"", ""环境管理不当易反复发生""], ""case_type"": ""呼吸道群体发病"", ""target_disease"": ""猪胸膜肺炎"", ""local_flags"": {""species_ok"": true, ""target_disease_in_diagnosis"": true, ""target_disease_mismatch"": false, ""contains_specific_dose"": false, ""contains_specific_withdrawal"": false, ""regulated_bad_treatment"": false}}",False,False,,,True,False,False,D:\XF-ChongQin\ai-\knowledge\llm_wiki_swine_authoritative,1465,887,"猪胸膜肺炎
猪胸膜肺炎、actinobacillus pleuropneumoniae pleuropneumonia
呼吸道群体发病
同栏出现咳嗽、喘气、发热、采食下降，用户想判断病因和是否需要全群用药。","{""HUMAN_REVIEWED"": 3, ""NEEDS_REVIEW"": 2}","[""A0-MOA-573"", ""SRC-0001"", ""SRC-0006"", ""SRC-0058""]",2127,198.27,ERNIE-4.5-Turbo-32K,90,28,18,24,20,False,True,"该回答整体表现良好，诊断准确性较高，症状与疾病匹配合理，诊断逻辑清晰，处方安全且与疾病相互印证，数据质量较高，无明显错误或风险点。
问题：diagnosis_accuracy: 诊断准确性较高，但未完全覆盖所有可能症状（如未明确提及急性肺出血坏死或慢性胸膜粘连的具体表现），扣2分。；pathology_logic: 病理逻辑清晰，但未详细解释环境应激因素如何具体诱发胸膜肺炎，扣2分。；prescription_safety: 处方安全，但休药期承诺较为笼统，未给出具体药物或时间范围，扣1分。；data_quality: 数据质量较高，但场景标签中未明确提及“群体发病”的具体规模或比例，扣5分（按25分制比例扣分）。",hunyuan-turbos-20250926,88,23,23,9,20,False,False,"该回答整体结构完整，诊断与症状匹配度高，考虑了环境与阶段易感性，处理方案包含临床治疗、管理与检测建议，并明确了重大疫病的上报与安全边界，无危险建议。不足之处在于部分细节描述不够充分，例如未细化环境应激机制、未量化群体发病规模，且休药期表述较笼统。
问题：诊断部分未详细描述急性肺出血坏死或慢性胸膜粘连的典型临床表现；未深入解释环境应激（通风差、温差大）如何具体诱发胸膜肺炎的机制；未明确群体发病的规模或比例，影响风险评估精度；休药期说明过于笼统，缺乏可操作性",True,ERNIE-4.5-Turbo-32K,partially,review,回答整体结构完整，诊断与症状匹配度高，考虑了环境与阶段易感性，处理方案包含临床治疗、管理与检测建议，并明确了重大疫病的上报与安全边界，无危险建议。但存在部分细节描述不够充分的问题，如未详细描述急性肺出血坏死或慢性胸膜粘连的典型临床表现，未深入解释环境应激（通风差、温差大）如何具体诱发胸膜肺炎的机制，未明确群体发病的规模或比例，影响风险评估精度，且休药期表述较笼统。综合来看，内容质量较高但存在可优化空间，故判为review。,89.0,28,18,24,20,review,86.14,20.68,,2,D:\XF-ChongQin\ai-\results\swine_weak_wiki_production\swine_disease_dataset_production_20260507_150711_dual_reviewed_20260507_152954.csv
3855f9de-e4dd-5be5-b25e-0b2f879241a6,289,猪富马毒素中毒,swine_hunyuan_turbos,hunyuan-turbos-20250926,成功,,猪,我家有200头育肥猪，平均体重80公斤左右，最近换了新一批玉米做的全价料，大概喂了三四天就开始出现个别猪不吃料、有的还吐，有几头母猪配种后返情率明显升高，还有一头突然站不起来抽搐。请问是不是饲料有问题？需要怎么处理？,结合病史（近期更换玉米原料）、临床表现（采食下降、呕吐、繁殖障碍、神经症状），高度怀疑为饲料中富马毒素含量过高引起的猪富马毒素中毒。该病可导致肺水肿、肝损伤及神经系统症状，需通过饲料样品检测富马毒素浓度并结合血液生化指标综合判断。,treatment_direction: 立即停喂可疑批次饲料，更换为经检测合格的饲料；对出现严重症状的个体进行对症治疗（如补液、保肝、对症止吐）；加强通风，减少应激。；management_measures: 全面排查库存饲料及原料，封存可疑批次并送第三方实验室检测富马毒素；记录发病猪只数量、症状变化及死亡情况；调整饲养密度，改善舍内空气质量。；sampling_and_testing: 采集剩余可疑饲料样本送至具备资质的饲料检测机构检测富马毒素含量；必要时采集病猪血样做肝功能、肾功能及电解质检查。；prohibited_boundaries: 在未获得权威检测结果前，不得将可疑饲料转售或饲喂其他动物群；严禁使用未经批准的脱毒剂或自行添加药物掩盖症状。,因属中毒性疾病，无特定休药期概念，应以饲料更换至毒素清除且猪群恢复正常采食为准。,"{""disease_name"": ""猪富马毒素中毒"", ""severity"": ""中等至高"", ""scene_tags"": [""饲料更换史"", ""多系统症状"", ""繁殖障碍""], ""validation_points"": [""症状与高富马毒素暴露一致（呕吐、采食下降、神经症状、繁殖异常）"", ""存在明确饲料更换时间节点"", ""需依赖饲料毒素检测确诊""], ""risk_flags"": [""可能涉及饲料污染事件"", ""需防止毒素扩散至其他猪群""], ""case_type"": ""饲料中毒咨询"", ""target_disease"": ""猪富马毒素中毒"", ""local_flags"": {""species_ok"": true, ""target_disease_in_diagnosis"": true, ""target_disease_mismatch"": false, ""contains_specific_dose"": false, ""contains_specific_withdrawal"": false, ""regulated_bad_treatment"": false}}",False,False,,,True,False,False,D:\XF-ChongQin\ai-\knowledge\llm_wiki_swine_authoritative,1465,887,"猪富马毒素中毒
猪富马毒素中毒、fumonisin toxicosis
饲料中毒咨询
更换饲料或玉米批次后出现采食下降、呕吐、繁殖异常或神经症状，用户怀疑饲料问题。","{""NEEDS_REVIEW"": 2, ""PROCESSED_SOURCE_ANCHORED"": 2}","[""SRC-0001"", ""SRC-0085""]",2221,29.32,ERNIE-4.5-Turbo-32K,90,28,18,24,20,False,True,"整体回答质量较高，诊断准确，逻辑清晰，处理方向安全，数据质量良好。诊断与症状、疾病匹配度高，处理建议合理且安全，无明显错误。
问题：diagnosis_accuracy: 诊断准确度较高，但未明确提及富马毒素中毒的典型病理变化（如肝细胞坏死、神经髓鞘变性等），略显不足。；pathology_logic: 病理逻辑基本合理，但未详细解释富马毒素如何导致多系统症状（如肝损伤与神经症状的关联）。；prescription_safety: 处理方向安全，但未提及具体对症治疗药物（如止吐药、保肝药的选择），略显笼统。；data_quality: 数据质量良好，但未提供富马毒素中毒的流行病学数据（如发病率、死亡率）或类似案例参考。",hunyuan-turbos-20250926,88,85,83,90,85,False,False,"该回答在场景真实性、症状与目标疾病的匹配度以及处理方案的安全性方面表现较好，未出现危险建议。诊断依据充分，但缺乏典型病理变化的描述，病理机制解释不够深入，部分处理措施较为笼统。整体数据质量良好，符合初步微调数据要求。
问题：未详细描述富马毒素中毒的典型病理变化（如肝细胞坏死、神经髓鞘变性等）。；未深入解释富马毒素引起多系统症状的机制（如肝损伤与神经症状的联系）。；治疗建议较笼统，缺少具体对症治疗药物的说明。",True,ERNIE-4.5-Turbo-32K,True,review,诊断准确度较高，与症状、疾病匹配度良好，但未明确提及富马毒素中毒的典型病理变化（如肝细胞坏死、神经髓鞘变性等），病理机制解释不够深入，处理建议较为笼统，缺少具体对症治疗药物的说明。整体回答质量较高，处理方向安全，无明显错误，但存在轻微不足。,89.0,28,18,24,20,review,19.6,16.61,,2,D:\XF-ChongQin\ai-\results\swine_weak_wiki_production\swine_disease_dataset_production_20260507_150711_dual_reviewed_20260507_152954.csv
2a6fdb9a-a6fb-5ea1-b7b4-47973ffe0772,5,猪口蹄疫,swine_hunyuan_turbos,hunyuan-turbos-20250926,成功,,猪,我家有120头育肥猪，平均体重在60公斤左右，最近几天有几头出现蹄部水泡、跛行，有的还伴有流涎、食欲下降，体温也偏高。之前没用过疫苗，圈舍通风一般，地面有点潮湿。我想知道这种情况是不是口蹄疫？应该采哪些样送检测？会不会被当成普通蹄病耽误了？,根据描述的临床症状（蹄部水疱、跛行、流涎、发热），结合无疫苗接种史及群体发病情况，高度怀疑为猪口蹄疫。该病属一类动物疫病，需立即采取防控措施并送样确诊。,treatment_direction: 目前无特效药物治疗，应停止一切非必要移动，防止疫情扩散。；management_measures: 立即隔离病猪与健康猪，限制人员、车辆进出，对圈舍及周边环境进行彻底消毒，加强通风干燥。；sampling_submission: 采集新鲜水疱液、口腔拭子、血液样本以及病死猪的舌面、蹄部组织，尽快送至具备资质的实验室进行RT-PCR检测。；prohibited_actions: 严禁私自屠宰、销售、运输病猪及其产品，不得作为普通蹄病处理，以免延误防控。,因属重大动物疫病，须按国家相关规定执行扑杀和无害化处理，不存在常规休药期概念。,"{""disease_name"": ""猪口蹄疫"", ""severity"": ""高"", ""scene_tags"": [""育肥猪"", ""水疱病变"", ""群体发病"", ""无疫苗接种史""], ""validation_points"": [""典型水疱性口蹄部病变"", ""伴随发热、流涎等全身症状"", ""多猪同时发病且传播迅速""], ""risk_flags"": [""一类动物疫病"", ""重大动物疫病"", ""需立即上报""], ""case_type"": ""采样送检咨询"", ""target_disease"": ""猪口蹄疫"", ""local_flags"": {""species_ok"": true, ""target_disease_in_diagnosis"": true, ""target_disease_mismatch"": false, ""contains_specific_dose"": false, ""contains_specific_withdrawal"": false, ""regulated_bad_treatment"": false}}",False,False,,,True,False,False,D:\XF-ChongQin\ai-\knowledge\llm_wiki_swine_authoritative,1465,887,"猪口蹄疫
猪口蹄疫、foot and mouth disease picornaviruses
采样送检咨询
用户描述症状后，重点询问采什么样品、如何判断和如何避免误治。","{""HUMAN_REVIEWED"": 3, ""NEEDS_REVIEW"": 2}","[""A0-MOA-573"", ""A1-WOAH-FMD"", ""A1-WOAH-FMD-DISEASE"", ""SRC-0001"", ""SRC-0009"", ""SRC-0047""]",2164,29.13,ERNIE-4.5-Turbo-32K,92,28,18,25,21,False,True,"该回答在诊断准确性、病理逻辑、处方安全性和数据质量方面表现良好，符合猪口蹄疫的诊断和处理要求，无致命风险。
问题：diagnosis_accuracy: 诊断中未明确提及猪口蹄疫的典型病理特征（如心脏病变），但整体判断准确。；data_quality: 用户描述和回答中的症状与疾病匹配度较高，但未提及人兽共患风险的教育内容。",hunyuan-turbos-20250926,90,9,9,10,8.5,False,False,"该数据场景真实，症状与目标疾病（猪口蹄疫）高度吻合，诊断依据充分且处理措施符合重大动物疫病防控规范，无危险建议。不足之处在于未强调人兽共患风险教育，也未提及典型病理变化（如心肌病变）。
问题：缺少对人兽共患风险的提示，可能忽视公共卫生防护。；未说明猪口蹄疫典型的心脏病变等病理特征，信息完整性不足。",True,ERNIE-4.5-Turbo-32K,partly,review,该回答在诊断准确性、病理逻辑、处方安全性方面表现良好，符合猪口蹄疫的诊断和处理要求，但存在信息不完整的问题，如未提及猪口蹄疫的典型病理特征（如心脏病变）和人兽共患风险的教育内容，这些信息对于全面理解和防控疾病是重要的。,88.0,28,18,25,21,review,14.72,22.65,,2,D:\XF-ChongQin\ai-\results\swine_weak_wiki_production\swine_disease_dataset_production_20260507_150711_dual_reviewed_20260507_152954.csv
f8731a3d-a4a6-5ddb-be41-f048e396f633,91,猪布鲁氏菌病,swine_hunyuan_turbos,hunyuan-turbos-20250926,成功,,猪,我们这边是200头规模的种猪场，最近一个月有3头怀孕母猪在临产前突然流产，还有一头公猪精液稀薄、性欲下降。之前没用过什么特殊药物，圈舍通风一般，想问问是不是传染病，还能不能继续配种？,根据描述，该场存在母猪流产及公猪生殖功能下降的情况，结合流行病学特点，应高度怀疑猪布鲁氏菌病的可能。该病由布鲁氏菌引起，可导致母猪流产、死胎、不孕，公猪可出现附睾炎、睾丸炎及精液质量下降。同时，本病为人兽共患风险疾病，需要谨慎处理。,建议立即暂停场内配种操作，防止病原扩散；对发病个体进行隔离观察，采集血液、精液及流产胎儿组织送专业实验室进行血清学及病原学检测；加强人员防护，避免直接接触流产物及精液；若确诊，应按当地动物防疫部门要求进行无害化处理及消毒措施，并评估是否需要淘汰阳性种猪；在未排除前，禁止将种猪外调。,因属重大动物疫病范畴，无常规休药期概念，需按检测结果和主管部门意见执行。,"{""disease_name"": ""猪布鲁氏菌病"", ""severity"": ""高"", ""scene_tags"": [""种猪场"", ""繁殖障碍"", ""流产"", ""公猪生殖异常""], ""validation_points"": [""符合布鲁氏菌病导致母猪流产、公猪生殖道病变的典型特征"", ""存在人兽共患风险，需考虑公共卫生防控""], ""risk_flags"": [""重大动物疫病风险"", ""人兽共患风险""], ""case_type"": ""种猪繁殖障碍"", ""target_disease"": ""猪布鲁氏菌病"", ""local_flags"": {""species_ok"": true, ""target_disease_in_diagnosis"": true, ""target_disease_mismatch"": false, ""contains_specific_dose"": false, ""contains_specific_withdrawal"": false, ""regulated_bad_treatment"": false}}",False,False,,,True,False,False,D:\XF-ChongQin\ai-\knowledge\llm_wiki_swine_authoritative,1465,887,"猪布鲁氏菌病
猪布鲁氏菌病、brucella suis brucellosis、布鲁氏菌病、Brucella suis
种猪繁殖障碍
种猪场出现流产、死胎、返情或公猪异常，用户担心传染病和是否继续配种。","{""HUMAN_REVIEWED"": 2, ""NEEDS_REVIEW"": 2}","[""SRC-0001"", ""SRC-0060"", ""SRC-0061""]",2221,28.09,ERNIE-4.5-Turbo-32K,92,28,19,24,21,False,True,"该回答在诊断准确性、病理逻辑、处方安全性和数据质量方面表现良好，符合猪布鲁氏菌病的典型特征，并考虑了人兽共患风险和公共卫生防控。诊断、处方和风险评估均合理，无明显错误或遗漏。
问题：诊断准确性方面，虽然高度怀疑猪布鲁氏菌病，但未明确提及其他可能的鉴别诊断，如猪伪狂犬病、猪细小病毒病等，这些疾病也可能导致类似症状。；病理逻辑方面，对布鲁氏菌病的病理机制描述较为简略，未详细阐述母猪流产和公猪生殖功能下降的具体病理过程。；处方安全性方面，虽然提出了暂停配种、隔离观察、加强人员防护等措施，但未明确提及具体的消毒方法和频率，以及无害化处理的具体流程。；数据质量方面，虽然提供了疾病名称、严重程度、场景标签等基本信息，但未包含具体的流行病学数据或实验室检测结果支持诊断。",hunyuan-turbos-20250926,90,9,8,9,8,False,False,"该数据整体真实可信，用户描述的场景（种猪场、怀孕母猪流产、公猪精液异常）与猪布鲁氏菌病的典型临床表现相符，且考虑到了人兽共患风险，诊断方向正确。处方中提出的暂停配种、隔离、送检、人员防护和无害化处理等措施符合重大疫病防控原则，没有发现危险建议。不足之处在于缺乏对其他可能疾病的鉴别提示，病理机制解释较简略，消毒与无害化细节不够具体，缺少流行病学或实验室数据支撑。
问题：未列出其他可能导致类似症状的鉴别诊断（如伪狂犬病、细小病毒病）。；病理机制描述过于简略，未详细说明流产和精液异常的病理过程。；处方中消毒方法、频率及无害化处理流程不够具体。；缺乏流行病学背景或实验室检测结果作为诊断依据。",True,ERNIE-4.5-Turbo-32K,True,review,诊断方向正确，符合猪布鲁氏菌病的典型临床表现，并考虑了人兽共患风险。处方中提出的暂停配种、隔离、送检、人员防护和无害化处理等措施符合重大疫病防控原则，没有发现危险建议。但存在一些不足，如未列出其他可能导致类似症状的鉴别诊断，病理机制描述过于简略，处方中消毒方法、频率及无害化处理流程不够具体，缺乏流行病学背景或实验室检测结果作为诊断依据。,88.0,28,19,24,21,review,20.22,20.01,,2,D:\XF-ChongQin\ai-\results\swine_weak_wiki_production\swine_disease_dataset_production_20260507_150711_dual_reviewed_20260507_152954.csv
fee50ef0-04a8-5ada-a390-8fcc907642aa,202,猪结核病,swine_hunyuan_turbos,hunyuan-turbos-20250926,成功,,猪,我家是育肥猪场，存栏大概800头，平均体重在70公斤左右。最近一周有两栋圈舍陆续出现精神沉郁、食欲下降的猪，体温偏高，个别有咳嗽，呼吸稍快，之前没用过什么特别的药物。我想问下这种情况能不能先当普通呼吸道病治一治看看？,根据描述的症状（精神沉郁、食欲减退、发热、咳嗽、呼吸加快）及短时间内多栋圈舍同时出现的情况，需高度怀疑传染性疾病。结合猪结核病可呈亚临床或慢性经过、偶见呼吸道表现的特点，应首先排除包括猪结核病在内的慢性细菌性传染病。由于该病为人兽共患风险病原体感染，且可能为MTBC或其他Mycobacterium属菌所致，不能仅凭经验性抗生素治疗观察。,立即暂停场内随意用药，避免掩盖病情。对可疑病例进行隔离，并采集血液、组织（如肺、淋巴结）送具备资质的实验室进行病原学检测（抗酸染色、PCR等）。同时向当地动物防疫部门报告疫情，配合开展流行病学调查。严禁私自宰杀、销售或转运可疑猪只。若确诊为人兽共患型MTBC感染，须按主管部门要求进行扑杀和无害化处理，并对场地实施严格消毒。治疗期间无可用常规药物方案，禁止自行投喂抗生素掩盖症状。,因涉及人兽共患风险及法定疫病处置，不适用常规休药期概念，需依据检测结果和主管部门指令执行。,"{""disease_name"": ""猪结核病"", ""severity"": ""高风险/可能人兽共患"", ""scene_tags"": [""育肥猪"", ""多圈舍同期发病"", ""慢性呼吸道症状""], ""validation_points"": [""症状符合慢性细菌性感染特征"", ""短期内多栋圈舍发病提示传染性"", ""存在人兽共患风险需专业检测""], ""risk_flags"": [""人兽共患风险"", ""法定疫病处置边界"", ""禁止自行治疗""], ""case_type"": ""暴发与处置边界"", ""target_disease"": ""猪结核病"", ""local_flags"": {""species_ok"": true, ""target_disease_in_diagnosis"": true, ""target_disease_mismatch"": false, ""contains_specific_dose"": false, ""contains_specific_withdrawal"": false, ""regulated_bad_treatment"": false}}",False,False,,,True,False,False,D:\XF-ChongQin\ai-\knowledge\llm_wiki_swine_authoritative,1465,887,"猪结核病
猪结核病、tuberculosis
暴发与处置边界
同栏或多栋猪舍短期内发病增多，用户询问是否能先按普通病治疗观察。","{""HUMAN_REVIEWED"": 3, ""NEEDS_REVIEW"": 2}","[""SRC-0001"", ""SRC-0078""]",2109,28.34,ERNIE-4.5-Turbo-32K,92,28,18,25,21,False,True,"该回答对猪结核病的诊断、处置逻辑及安全性把控较为准确，符合人兽共患风险疫病的处理规范，数据质量较高，无明显错误。
问题：diagnosis_accuracy: 诊断部分对症状与猪结核病的关联性描述可更具体，如增加慢性病程、体重下降等典型特征的分析。；pathology_logic: 病理逻辑中未明确说明为何排除其他常见细菌性呼吸道病（如支原体肺炎）的依据。；data_quality: 场景标签中可补充‘人兽共患风险’以强化数据关联性。",hunyuan-turbos-20250926,90,9,8,10,9,False,False,"回答正确识别了猪结核病的人兽共患风险，强调不可随意用药和必须送检确诊，处置流程符合法定疫病防控要求，无危险建议。但诊断分析中对猪结核病典型特征的关联阐述不足，也未充分说明排除其他呼吸道疾病的理由。
问题：诊断部分未详细列举猪结核病特有的慢性病程、消瘦等典型表现，导致与症状的关联不够紧密。；病理逻辑中缺少对其他可能呼吸道疾病（如支原体肺炎）的排除依据。；数据标签未明确标注“人兽共患”属性，影响后续检索与分类。",True,ERNIE-4.5-Turbo-32K,partially,review,回答正确识别了猪结核病的人兽共患风险，强调不可随意用药和必须送检确诊，处置流程符合法定疫病防控要求，无危险建议。但诊断分析中对猪结核病典型特征的关联阐述不足，也未充分说明排除其他呼吸道疾病的理由，数据标签未明确标注“人兽共患”属性，影响后续检索与分类。,88.0,28,18,25,21,review,17.57,16.84,,2,D:\XF-ChongQin\ai-\results\swine_weak_wiki_production\swine_disease_dataset_production_20260507_150711_dual_reviewed_20260507_152954.csv
abfd4034-dcb7-58a1-93e4-1e78e1f98bd7,74,非洲猪瘟,swine_hunyuan_turbos,hunyuan-turbos-20250926,成功,,猪,我家有120头90公斤左右的育肥猪，最近一周陆续有几头开始发烧到41度左右，精神沉郁不吃料，皮肤发红发紫，有的还拉血便，之前用了氟苯尼考和多西环素拌料三天，体温降了点但很快又反弹，现在还有新发病的，想问还能不能再继续用这些药？,高度怀疑非洲猪瘟（African Swine Fever），因表现为高热、皮肤发绀、便血、抗生素治疗效果差且病情持续扩散，符合该病的急性型特征。,立即停止使用任何未经批准的抗菌药，严格限制场内人员、车辆及物资流动，禁止出售或转运生猪；对全群进行紧急采样送有资质的实验室检测；对病死猪无害化处理，并对圈舍及周边环境彻底清洗消毒；等待检测结果后按当地畜牧兽医部门指导采取进一步措施。,在确诊前严禁屠宰上市，若确诊须按国家及地方规定执行扑杀、无害化处理和疫区封锁等措施，不存在常规休药期概念。,"{""disease_name"": ""非洲猪瘟"", ""severity"": ""高致死性重大动物疫病"", ""scene_tags"": [""育肥猪"", ""高热"", ""便血"", ""抗生素无效"", ""疫情扩散""], ""validation_points"": [""临床表现符合非洲猪瘟急性型特征"", ""抗生素治疗无效提示非细菌性感染"", ""疫情在群内持续发生""], ""risk_flags"": [""疑似重大动物疫病"", ""需立即限制移动"", ""需实验室确诊""], ""case_type"": ""育肥猪用药咨询"", ""target_disease"": ""非洲猪瘟"", ""local_flags"": {""species_ok"": true, ""target_disease_in_diagnosis"": true, ""target_disease_mismatch"": false, ""contains_specific_dose"": false, ""contains_specific_withdrawal"": false, ""regulated_bad_treatment"": false}}",False,False,,,True,False,False,D:\XF-ChongQin\ai-\knowledge\llm_wiki_swine_authoritative,1465,887,"非洲猪瘟
非洲猪瘟、african swine fever virus、ASF、African swine fever
育肥猪用药咨询
育肥猪出现典型症状，用户已经用过常见药物但效果一般，询问是否继续用药。","{""HUMAN_REVIEWED"": 2}","[""SRC-0001"", ""SRC-0031""]",2221,19.94,ERNIE-4.5-Turbo-32K,90,30,20,25,15,False,True,"该回答对非洲猪瘟的诊断准确，症状与疾病匹配度高，诊断逻辑清晰，处理方向安全且符合重大疫病防控要求，数据质量基本满足要求。
问题：data_quality扣10分：未提供具体检测机构信息，未明确说明无害化处理的具体方法，对用户心理安抚不足。；data_quality扣10分：未提及疫情上报的具体流程和时限要求。",hunyuan-turbos-20250926,85,95,95,100,70,False,False,"诊断准确，症状与目标疾病高度吻合，处理方案符合非洲猪瘟等重大疫病的防控规范，无危险用药建议，整体安全性高。主要不足在于缺乏检测机构指引、无害化处理方法细节以及疫情上报流程说明，可能影响实际操作的可行性与及时性。
问题：未提供可参考的检测机构名单或联系方式；无害化处理的具体方法描述不够详细；缺少疫情上报的具体流程与时限要求；对用户情绪安抚和心理支持不足",True,ERNIE-4.5-Turbo-32K,partially,review,诊断准确，症状与非洲猪瘟高度匹配，处理方向安全且符合重大疫病防控要求。但存在轻微不足，如未提供具体检测机构信息、无害化处理的具体方法以及疫情上报的具体流程和时限要求，可能影响实际操作的可行性与及时性。,87.0,30,20,25,15,review,12.97,19.81,,2,D:\XF-ChongQin\ai-\results\swine_weak_wiki_production\swine_disease_dataset_production_20260507_150711_dual_reviewed_20260507_152954.csv
0d05c097-aa10-58a0-a794-a5eac358593d,2,猪流行性腹泻,swine_hunyuan_turbos,hunyuan-turbos-20250926,成功,,猪,我这边是河南一个200头规模的猪场，现在有一批60日龄左右的保育猪出现水样腹泻，已经持续三四天了，刚开始用了恩诺沙星和硫酸粘菌素拌料，部分好转，但还有不少拉稀，粪便带酸臭味，精神还行，采食量下降不多。请问这种情况还能继续用抗生素吗？要不要送样检测一下？,根据描述，该批次保育猪出现持续性水样腹泻，伴酸臭气味，且常规抗菌药物疗效有限，结合年龄及流行病学特点，高度怀疑为猪流行性腹泻病毒感染。该病由猪流行性腹泻病毒（PEDV）引起，属于冠状病毒科，主要侵害小肠上皮细胞，导致吸收障碍和水样腹泻。需要与传染性胃肠炎病毒（TGEV）、轮状病毒、大肠杆菌性腹泻等鉴别。,treatment_direction: 本病无特效抗病毒药物，应以支持疗法为主，防止继发细菌感染。可继续使用广谱抗生素控制继发菌，同时补充电解质和维生素，改善饲料适口性与营养密度。；management_measures: 加强保温与通风管理，减少冷应激；保持圈舍干燥清洁，及时清理粪污；对严重脱水个体进行补液；分群饲养以减少交叉感染。；sampling_and_testing: 建议采集新鲜腹泻粪便样本送至有资质的实验室进行PEDV核酸检测（RT-PCR），必要时同步检测TGEV、轮状病毒等，以明确病原。；prohibited_boundaries: 严禁将疑似病例与健康猪混养；未经确诊前不得擅自使用未经批准的疫苗或药物；若确诊为PEDV，应按当地畜牧部门要求进行疫情报告和生物安全措施。,因涉及多种药物及个体差异，应依据所用药物标签说明执行停药期，并在出栏前进行安全检测。,"{""disease_name"": ""猪流行性腹泻"", ""severity"": ""中等至严重（取决于日龄与免疫状况）"", ""scene_tags"": [""保育猪"", ""水样腹泻"", ""抗生素治疗无效"", ""需要病原检测""], ""validation_points"": [""符合PEDV在保育猪阶段的流行特征"", ""临床表现与PEDV一致（水样腹泻、酸臭味）"", ""常规抗菌药效果差提示病毒性病因""], ""risk_flags"": [""可能为人畜共患病误判风险（实际非人兽共患）"", ""需排除其他肠道病毒混合感染""], ""case_type"": ""腹泻用药咨询"", ""target_disease"": ""猪流行性腹泻"", ""local_flags"": {""species_ok"": true, ""target_disease_in_diagnosis"": true, ""target_disease_mismatch"": false, ""contains_specific_dose"": false, ""contains_specific_withdrawal"": false, ""regulated_bad_treatment"": false}}",False,False,,,True,False,False,D:\XF-ChongQin\ai-\knowledge\llm_wiki_swine_authoritative,1465,887,"猪流行性腹泻
猪流行性腹泻、porcine epidemic diarrhea virus、PED、PEDV
腹泻用药咨询
猪群腹泻后已用过常见抗菌药效果一般，用户询问是否继续用药以及是否需要送检。","{""HUMAN_REVIEWED"": 2, ""NEEDS_REVIEW"": 2}","[""A0-MOA-573"", ""A2-EFSA-PED-PDCOV-OPINION"", ""SRC-0001"", ""SRC-0037"", ""SRC-0063""]",2221,36.5,ERNIE-4.5-Turbo-32K,88,28,18,23,20,False,True,"该回答整体符合猪流行性腹泻的诊断与处理要求，诊断逻辑清晰，处理方向安全，数据质量较高，无明显致命风险。
问题：diagnosis_accuracy: 诊断准确性较高，但未完全排除其他病毒性腹泻（如TGEV、轮状病毒）的混合感染，仅提及鉴别诊断，未进一步说明如何区分。；pathology_logic: 病理逻辑基本合理，但对PEDV的致病机制描述稍显简单，未详细说明病毒如何导致水样腹泻的具体过程。；prescription_safety: 处方安全，但‘继续使用广谱抗生素控制继发菌’的建议稍显笼统，未明确具体抗生素种类及使用时机。；data_quality: 数据质量较高，但‘风险标志’中提及‘可能为人畜共患病误判风险’不准确，PEDV并非人兽共患病，此点可能引起误解。",hunyuan-turbos-20250926,85,8.5,8.0,9.0,8.5,False,False,"回答总体准确，诊断思路清晰，处理措施安全，并提出了采样检测和生物安全建议，符合PEDV防控原则。存在轻微不足在于对鉴别诊断细节不够深入，以及个别表述可能引起误解。
问题：鉴别诊断部分虽提到TGEV、轮状病毒等，但未给出更具体的区分方法或临床特征对比。；PEDV致病机制描述较简略，缺少对小肠上皮损伤与吸收障碍关系的详细解释。；关于抗生素使用的建议过于笼统，未明确选择原则和限制条件。；错误标注PEDV为人兽共患病风险，可能引起不必要的恐慌。",True,ERNIE-4.5-Turbo-32K,True,review,回答总体准确，诊断思路清晰，处理措施安全，并提出了采样检测和生物安全建议，符合PEDV防控原则。但存在轻微不足，包括鉴别诊断细节不够深入、PEDV致病机制描述较简略、抗生素使用建议过于笼统，以及错误标注PEDV为人兽共患病风险。,86.0,28,18,23,20,review,20.89,19.05,,2,D:\XF-ChongQin\ai-\results\swine_weak_wiki_production\swine_disease_dataset_production_20260507_150711_dual_reviewed_20260507_152954.csv
74df8a21-891a-5bf5-ab11-844d12dccdb4,12,猪沙门氏菌病,swine_hunyuan_turbos,hunyuan-turbos-20250926,成功,,猪,我家有200头80公斤左右的育肥猪，最近一周陆续出现拉稀、精神沉郁、采食量下降的情况，粪便带黏液，部分猪体温升高到40℃左右，舍内通风一般，近期刚换过一批饲料。想问下这种情况还能治吗？如果用药的话，多久能出栏卖？会不会影响食品安全？,根据描述，考虑为猪沙门氏菌病（肠炎型为主），可能与换料应激、饲养密度高及环境条件有关。该病在育肥猪中常见，表现为腹泻、发热、食欲减退，剖检可见盲肠和结肠纤维素性坏死性肠炎。,建议立即隔离发病猪，加强圈舍清洁消毒，减少应激因素；采集新鲜粪便和血液送实验室进行病原分离鉴定及药敏试验，依据结果选择敏感抗菌药物控制继发感染；同时改善通风和营养管理，防止脱水。严禁在未明确安全休药期和停药效果前出栏销售。,因涉及抗菌药使用，须严格遵循实验室检测结果和当地监管部门规定的休药期要求，确保猪肉产品符合食品安全标准后方可出栏。,"{""disease_name"": ""猪沙门氏菌病"", ""severity"": ""中等偏重"", ""scene_tags"": [""育肥猪"", ""集约化饲养"", ""应激诱发"", ""腹泻高热""], ""validation_points"": [""症状与肠炎型沙门氏菌病相符"", ""环境因素（换料、通风差）增加易感性"", ""需要实验室确诊和药敏指导用药""], ""risk_flags"": [""潜在食品安全风险"", ""需遵守休药期规定"", ""可能需上报疫情""], ""case_type"": ""上市休药期咨询"", ""target_disease"": ""猪沙门氏菌病"", ""local_flags"": {""species_ok"": true, ""target_disease_in_diagnosis"": true, ""target_disease_mismatch"": false, ""contains_specific_dose"": false, ""contains_specific_withdrawal"": false, ""regulated_bad_treatment"": false}}",False,False,,,True,False,False,D:\XF-ChongQin\ai-\knowledge\llm_wiki_swine_authoritative,1465,887,"猪沙门氏菌病
猪沙门氏菌病、salmonellosis
上市休药期咨询
用户接近出栏，关心治疗方向和用药后能否出栏销售。","{""HUMAN_REVIEWED"": 3, ""NEEDS_REVIEW"": 2}","[""SRC-0001"", ""SRC-0073""]",2192,29.27,ERNIE-4.5-Turbo-32K,88,28,18,24,18,False,True,"整体回答符合猪沙门氏菌病的诊断与处理要求，诊断准确性较高，处理方向安全，但部分细节可优化。
问题：诊断部分未提及可能的鉴别诊断（如猪瘟、猪传染性胃肠炎等），病理逻辑稍显不足。；处方中未明确具体抗菌药物选择，仅强调实验室检测和药敏试验，虽安全但缺乏直接指导性。；数据质量方面，症状描述与疾病匹配度较高，但未提及具体流行病学史（如是否新引进猪只等）。；休药期承诺依赖实验室和监管部门，未给出具体时间范围，可能影响用户决策。",hunyuan-turbos-20250926,85,90,80,95,85,False,False,"该数据对猪沙门氏菌病的诊断基本准确，症状与疾病特征相符，处理方案注重实验室检测与安全边界，无危险建议。不足之处在于缺少鉴别诊断提示，病理机制解释不够深入，且未提供直接的用药指导，可能影响现场快速处置效率。
问题：未进行必要的鉴别诊断提示（如猪瘟、传染性胃肠炎等）；病理机制阐述较简略，未能充分说明病因与症状之间的关联；处方缺乏针对现场应急的直接用药建议，仅依赖实验室结果",True,ERNIE-4.5-Turbo-32K,True,review,整体回答符合猪沙门氏菌病的诊断与处理要求，诊断准确性较高，处理方向安全，但存在部分细节不足。诊断部分未提及可能的鉴别诊断（如猪瘟、猪传染性胃肠炎等），病理逻辑稍显不足；处方中未明确具体抗菌药物选择，仅强调实验室检测和药敏试验，虽安全但缺乏直接指导性；休药期承诺依赖实验室和监管部门，未给出具体时间范围，可能影响用户决策。,86.0,28,18,24,18,review,19.21,20.6,,2,D:\XF-ChongQin\ai-\results\swine_weak_wiki_production\swine_disease_dataset_production_20260507_150711_dual_reviewed_20260507_152954.csv
ce0de220-607c-5eb8-96b4-f04175eed8ae,14,猪痢疾,swine_hunyuan_turbos,hunyuan-turbos-20250926,成功,,猪,我家有120头80公斤左右的育肥猪，最近一周陆续有十几头拉稀带血丝，粪便是暗红色带黏液，精神食欲还行，体温正常，之前用过恩诺沙星拌料三天，没明显好转。圈舍通风一般，湿度偏高，想问还能不能继续用这个药？,根据描述的症状（暗红色带血丝黏液便）、发病群体及用药史，高度怀疑为猪痢疾，需结合剖检病变（如结肠黏膜充血、出血、坏死）及实验室检测（强β溶血Brachyspira spp.分离鉴定）确诊。,建议立即停喂当前饲料，改为易消化的清洁饲料并添加适量电解质补液；对病猪进行隔离饲养，防止交叉感染；采集新鲜粪便或病变肠段送实验室做强β溶血Brachyspira检测；在确诊前避免使用未经针对性验证的药物，尤其注意耐药风险；若确诊为猪痢疾，可在兽医指导下选择针对强β溶血Brachyspira的敏感抗生素方案，同时加强圈舍干燥通风管理，减少应激。,因涉及抗生素治疗，出栏前应确保停药时间符合兽药残留规定，具体周期依据所用药物及检测结果确定。,"{""disease_name"": ""猪痢疾"", ""severity"": ""中等至严重（可造成生长迟缓和经济损失）"", ""scene_tags"": [""育肥猪"", ""血性腹泻"", ""高湿环境"", ""用药无效""], ""validation_points"": [""症状与猪痢疾典型表现一致"", ""需实验室检测强β溶血Brachyspira确诊"", ""用药前应先明确病原及耐药性""], ""risk_flags"": [""潜在传染性疫情扩散"", ""可能误用无效抗生素""], ""case_type"": ""育肥猪用药咨询"", ""target_disease"": ""猪痢疾"", ""local_flags"": {""species_ok"": true, ""target_disease_in_diagnosis"": true, ""target_disease_mismatch"": false, ""contains_specific_dose"": false, ""contains_specific_withdrawal"": false, ""regulated_bad_treatment"": false}}",False,False,,,True,False,False,D:\XF-ChongQin\ai-\knowledge\llm_wiki_swine_authoritative,1465,887,"猪痢疾
猪痢疾、swine dysentery brachyspira hyodysenteriae、swine dysentery、Brachyspira
育肥猪用药咨询
育肥猪出现典型症状，用户已经用过常见药物但效果一般，询问是否继续用药。","{""HUMAN_REVIEWED"": 2}","[""SRC-0001"", ""SRC-0077""]",2221,28.76,ERNIE-4.5-Turbo-32K,88,28,18,23,20,False,True,"该回答在诊断准确性、病理逻辑、处方安全性和数据质量方面表现良好，整体符合猪痢疾的诊断与处理要求，无明显致命风险。
问题：诊断部分未明确提及剖检病变和实验室检测的必要性，仅简单提及需结合检测确诊，病理逻辑稍显不足。；数据质量方面，回答中未充分引用具体数据或研究支持诊断与处理建议，略显单薄。；处方安全性中，虽提到避免使用未经针对性验证的药物，但未明确指出当前用药（恩诺沙星）可能无效的原因及替代方案。",hunyuan-turbos-20250926,85,90,80,85,80,False,False,"该回答基本准确识别了猪痢疾的可能性，并结合病史和症状给出了合理的诊断思路和处理建议，强调了实验室确诊的重要性，避免了盲目用药，处方方向合理且包含生物安全措施，无直接危险建议。但存在以下不足：1) 病理机制解释不够深入，未详细阐述典型病变特征与病原关系；2) 未分析恩诺沙星可能无效的原因及替代策略；3) 数据支撑较弱，缺乏流行病学或临床案例参考。
问题：病理逻辑部分缺少对典型病变特征的详细描述，未能充分体现症状与疾病的对应关系。；未解释为何恩诺沙星可能无效，也未给出明确的替代治疗方向。；数据质量不足，缺乏文献或统计数据支持诊断与处理建议。",True,ERNIE-4.5-Turbo-32K,True,review,该回答在诊断准确性、病理逻辑、处方安全性和数据质量方面表现较好，整体符合猪痢疾的诊断与处理要求，无明显致命风险。但存在一些不足，如诊断部分未明确提及剖检病变和实验室检测的必要性，病理逻辑稍显不足；未分析恩诺沙星可能无效的原因及替代策略；数据支撑较弱，缺乏流行病学或临床案例参考。,86.0,28,18,23,20,review,19.14,18.45,,2,D:\XF-ChongQin\ai-\results\swine_weak_wiki_production\swine_disease_dataset_production_20260507_150711_dual_reviewed_20260507_152954.csv
bdf5a96d-4a04-5302-b5f3-53ade85ea9bb,15,猪疥螨病,swine_hunyuan_turbos,hunyuan-turbos-20250926,成功,,猪,我家有120头80斤左右的育肥猪，最近半个月陆续发现部分猪精神差、吃料慢、身上抓得厉害，耳朵边和背部有结痂皮屑，个别猪瘦得快，之前用过一次伊维菌素拌料驱虫，但效果不明显，圈舍比较潮湿，想问问这是啥毛病咋治？,根据描述，考虑为猪疥螨病可能性大。该病在育肥猪常见，表现为剧烈瘙痒、皮肤结痂、脱毛及生长缓慢，潮湿环境易诱发。疥螨感染有时皮肤刮片检查会假阴性，需要结合群体病史和典型病变综合判断。,treatment_direction: 针对疥螨进行全群驱虫，可选用对疥螨有效的外用或注射制剂，必要时重复给药以确保杀灭各发育阶段虫体。；management_measures: 改善圈舍通风干燥，减少密度，及时清理粪便污物，防止继发细菌感染；对严重病例隔离护理，剪除厚痂并清洁患处。；sampling_and_testing: 采集病变边缘皮肤做刮片镜检寻找螨虫或虫卵，若阴性但临床高度怀疑仍应依经验性治疗，并观察疗效。；prohibited_boundaries: 严禁将疑似重大动物疫病误作普通寄生虫病自行处理，如病情扩散迅速且伴高死亡，应立即上报主管部门并按规定处置。,按所用药物说明书执行，确保屠宰前达到安全休药期，禁止提前出栏。,"{""disease_name"": ""猪疥螨病"", ""severity"": ""中等偏重"", ""scene_tags"": [""育肥猪"", ""群体发病"", ""皮肤瘙痒结痂"", ""生长迟缓""], ""validation_points"": [""瘙痒、结痂、脱毛等典型皮肤病变"", ""群体中有多例相似症状"", ""环境潮湿利于疥螨生存""], ""risk_flags"": [""可能误诊延误治疗"", ""传染性较强，需全群防控""], ""case_type"": ""寄生虫群体发病"", ""target_disease"": ""猪疥螨病"", ""local_flags"": {""species_ok"": true, ""target_disease_in_diagnosis"": true, ""target_disease_mismatch"": false, ""contains_specific_dose"": false, ""contains_specific_withdrawal"": false, ""regulated_bad_treatment"": false}}",False,False,,,True,False,False,D:\XF-ChongQin\ai-\knowledge\llm_wiki_swine_authoritative,1465,887,"猪疥螨病
猪疥螨病、external parasites mange
寄生虫群体发病
猪群出现腹泻、消瘦、皮肤瘙痒或生长慢，用户怀疑寄生虫。","{""HUMAN_REVIEWED"": 4}","[""SRC-0001"", ""SRC-0080""]",2221,30.94,ERNIE-4.5-Turbo-32K,88,28,18,23,20,False,True,"该回答整体表现良好，诊断准确性较高，症状与疾病匹配合理，诊断逻辑清晰，处方安全且与疾病相互印证，数据质量较高，无明显致命风险。
问题：diagnosis_accuracy: 诊断准确性较高，但未完全覆盖所有症状（如腹泻未明确解释），扣2分。；pathology_logic: 病理逻辑基本合理，但未详细解释疥螨病与潮湿环境的具体关联机制，扣2分。；prescription_safety: 处方安全，但未明确具体药物名称及剂量，扣2分。；data_quality: 数据质量较高，但场景标签中'生长迟缓'与症状描述中的'生长慢'重复，扣5分。",hunyuan-turbos-20250926,85,8.5,8.5,9,7.5,False,False,"回答整体准确，症状与猪疥螨病匹配度高，诊断逻辑清晰，处方方向正确且包含安全提示，无危险建议。不足之处在于未充分解释疥螨病与潮湿环境的关联机制，以及未覆盖全部症状细节，存在少量信息冗余。
问题：未详细解释疥螨病与潮湿环境的具体关联机制；未完全覆盖用户提到的所有症状（如腹泻）；场景标签中‘生长迟缓’与症状描述中的‘生长慢’重复",True,ERNIE-4.5-Turbo-32K,partly,review,回答整体表现良好，诊断准确性较高，症状与疾病匹配合理，诊断逻辑清晰，处方安全且与疾病相互印证。但存在一些轻微不足，如未完全覆盖所有症状（如腹泻未明确解释），未详细解释疥螨病与潮湿环境的具体关联机制，未明确具体药物名称及剂量，场景标签中'生长迟缓'与症状描述中的'生长慢'重复。这些不足不影响整体方向，但需要优化以提高数据质量。,86.0,28,18,23,20,review,20.67,19.67,,2,D:\XF-ChongQin\ai-\results\swine_weak_wiki_production\swine_disease_dataset_production_20260507_150711_dual_reviewed_20260507_152954.csv
3b52b63b-086f-51b4-b042-94e86350084b,26,猪血凝性脑脊髓炎,swine_hunyuan_turbos,hunyuan-turbos-20250926,成功,,猪,我家有200头90日龄左右的育肥猪，最近一周陆续有几头出现精神沉郁、不吃料、走路不稳、有的还伴有呕吐和消瘦的情况，体温正常偏低，之前按大肠杆菌和链球菌用了阿莫西林和恩诺沙星拌料，但没见明显好转。请问这种情况还能继续用这些药吗？会不会是别的病？,根据描述的症状（精神沉郁、厌食、共济失调、呕吐、消瘦）及育肥猪年龄特点，需高度怀疑猪血凝性脑脊髓炎病毒感染可能，该病在缺乏母源抗体的情况下可引起呕吐消瘦综合征和脑脊髓炎综合征。同时应排除伪狂犬病、乙脑、链球菌性脑膜炎等神经系统疾病。建议尽快采集病猪脑组织、血液样本送实验室进行PCR检测和血清学分析，以明确病原。,treatment_direction: 目前无特效抗病毒药物，以支持疗法为主，包括补液、维持电解质平衡、改善饲养环境减少应激。；management_measures: 将疑似病例与健康猪分栏隔离，加强圈舍通风与保温，减少密度；对全群进行健康监测，记录采食量、精神状态变化。；sampling_and_testing: 立即采集病猪脑组织、脑脊液、血液送至具备资质的兽医实验室进行病原核酸检测（如RT-PCR）、血清学检测，必要时做病理剖检观察中枢神经系统病变。；prohibited_boundary: 严禁使用未经批准的兽药或超范围用药；若确诊为重大动物疫病（如非洲猪瘟），须按国家相关规定执行封锁、扑杀和无害化处理，不得擅自治疗替代。,因属病毒性传染病且暂无特效药物治疗，不涉及常规化学药物休药期问题；若后续使用任何药物，应严格遵循标签说明和当地法规要求。,"{""disease_name"": ""猪血凝性脑脊髓炎"", ""severity"": ""高"", ""scene_tags"": [""育肥猪"", ""神经症状"", ""呕吐消瘦综合征"", ""病毒性感染""], ""validation_points"": [""症状符合猪血凝性脑脊髓炎特征性表现"", ""育肥猪阶段易发且无母源抗体保护时病情较重"", ""前期抗生素治疗无效提示非细菌性病因""], ""risk_flags"": [""需警惕重大动物疫病传播风险"", ""涉及食品动物用药需遵守法规限制"", ""疑似病例应立即隔离并送检确诊""], ""case_type"": ""育肥猪用药咨询"", ""target_disease"": ""猪血凝性脑脊髓炎"", ""local_flags"": {""species_ok"": true, ""target_disease_in_diagnosis"": true, ""target_disease_mismatch"": false, ""contains_specific_dose"": false, ""contains_specific_withdrawal"": false, ""regulated_bad_treatment"": false}}",False,False,,,True,False,False,D:\XF-ChongQin\ai-\knowledge\llm_wiki_swine_authoritative,1465,887,"猪血凝性脑脊髓炎
猪血凝性脑脊髓炎、hemagglutinating encephalomyelitis virus
育肥猪用药咨询
育肥猪出现典型症状，用户已经用过常见药物但效果一般，询问是否继续用药。","{""HUMAN_REVIEWED"": 3, ""NEEDS_REVIEW"": 2}","[""SRC-0001"", ""SRC-0008"", ""SRC-0012"", ""SRC-0015"", ""SRC-0037""]",2063,30.27,ERNIE-4.5-Turbo-32K,88,28,18,23,20,False,True,"整体回答质量较高，诊断方向合理，症状与疾病匹配度较高，处理方向安全且符合疾病特点，数据质量良好。
问题：诊断准确性方面，虽然症状匹配度较高，但未完全排除其他类似疾病的可能性，如伪狂犬病和乙脑，可进一步细化鉴别诊断依据。；病理逻辑方面，对疾病发生机制的阐述略显不足，可增加对病毒传播途径和易感因素的描述。；数据质量方面，场景标签和验证点较为全面，但风险标志的描述可更具体，如明确重大动物疫病的具体名称。；处方安全性方面，支持疗法和管理措施较为完善，但未提及具体补液成分和剂量，可能影响实际操作。",hunyuan-turbos-20250926,85,8.5,8,9,8.5,False,False,"该数据整体真实可信，用户描述的育肥猪神经症状与猪血凝性脑脊髓炎的典型表现相符，诊断方向合理并考虑了鉴别诊断。处理方案以支持和隔离管理为主，未给出危险用药建议，并强调了重大疫病的防控边界，安全性高。不足之处在于病理机制解释不够深入，部分风险提示可更具体，以及补液细节缺失可能影响实操性。
问题：病理机制与传播路径描述不足，缺少对易感因素和风险因素的详细分析。；鉴别诊断虽提到伪狂犬病、乙脑等，但未结合流行病学背景进一步细化区分要点。；风险警示中未直接列出重大动物疫病名称，仅泛化表述。；支持疗法中未提供补液成分或浓度参考，可能影响现场操作。",True,ERNIE-4.5-Turbo-32K,True,review,整体回答质量较高，诊断方向合理，症状与疾病匹配度较高，处理方向安全且符合疾病特点。不足之处在于病理机制解释不够深入，鉴别诊断未结合流行病学背景进一步细化区分要点，风险警示中未直接列出重大动物疫病名称，支持疗法中未提供补液成分或浓度参考，可能影响实操性。,86.0,28,18,23,20,review,21.17,21.93,,2,D:\XF-ChongQin\ai-\results\swine_weak_wiki_production\swine_disease_dataset_production_20260507_150711_dual_reviewed_20260507_152954.csv
dde4735e-c149-5b2b-9a26-a20cc70359e1,46,猪甲病毒相关感染,swine_hunyuan_turbos,hunyuan-turbos-20250926,成功,,猪,我场有120头育肥猪，平均体重在60公斤左右，最近一周内陆续出现精神沉郁、体温升高到40℃以上、食欲下降的情况，部分猪呼吸稍快，个别有轻度腹泻。之前用过阿莫西林和多西环素饮水，效果不明显。现在担心是不是传染病，能不能先当普通病继续治疗观察？,根据描述，存在急性发热、食欲减退及呼吸道症状，结合近期多栋舍同时发病，提示可能为病毒性感染，如猪甲病毒相关感染或其他病毒性疾病。目前缺乏特异性实验室确诊依据，需警惕重大动物疫病风险。,立即暂停使用抗生素进行经验性治疗，改为加强饲养管理：提供清洁饮水和易消化饲料，减少应激，保持圈舍通风干燥。采集病猪血液、鼻拭子及粪便样本送具备资质的实验室检测，明确病原。若检测结果提示为重大动物疫病，应严格按当地畜牧兽医部门要求进行隔离、封锁、扑杀和无害化处理，不得擅自销售或转移。严禁自行使用未经批准的疫苗或药物。,因涉及潜在重大动物疫病，无常规休药期概念，须等待官方检测和处置结果决定后续措施。,"{""disease_name"": ""猪甲病毒相关感染"", ""severity"": ""高"", ""scene_tags"": [""全场"", ""急性发热"", ""呼吸道症状"", ""疑似传染病""], ""validation_points"": [""症状符合病毒感染特征"", ""抗生素治疗无效提示非细菌性病因"", ""多栋舍同期发病增加重大疫病可能性""], ""risk_flags"": [""可能属于重大动物疫病范畴"", ""需及时上报并配合官方检测与处置""], ""case_type"": ""暴发与处置边界"", ""target_disease"": ""猪甲病毒相关感染"", ""local_flags"": {""species_ok"": true, ""target_disease_in_diagnosis"": true, ""target_disease_mismatch"": false, ""contains_specific_dose"": false, ""contains_specific_withdrawal"": false, ""regulated_bad_treatment"": false}}",False,False,,,True,False,False,D:\XF-ChongQin\ai-\knowledge\llm_wiki_swine_authoritative,1465,887,"猪甲病毒相关感染
猪甲病毒相关感染、togaviruses getah sagiyama ross river eee
暴发与处置边界
同栏或多栋猪舍短期内发病增多，用户询问是否能先按普通病治疗观察。","{""NEEDS_REVIEW"": 5}","[""SRC-0001""]",2057,23.49,ERNIE-4.5-Turbo-32K,88,28,18,24,18,False,True,"该回答在诊断准确性、病理逻辑、处方安全性和数据质量方面表现良好，符合猪甲病毒相关感染的测试数据有效性要求。回答正确识别了病毒性感染的可能性，并提出了合理的处置建议，包括加强饲养管理和实验室检测，同时强调了重大动物疫病的风险和上报要求。
问题：诊断准确性方面，虽然识别了病毒性感染的可能性，但未明确提及猪甲病毒相关感染，略显不足。；病理逻辑方面，对症状与病毒性感染的关联性解释不够深入。；数据质量方面，对用户查询中的信息利用不够充分，如未详细分析腹泻症状与猪甲病毒相关感染的关系。",hunyuan-turbos-20250926,85,80,82,90,78,False,False,"该回答整体结构合理，能够识别病毒性感染可能性，并强调重大动物疫病风险与安全处置流程，处方中避免了危险用药建议，且未给出具体药物剂量或休药期承诺，安全性较高。但诊断中对猪甲病毒相关感染的指向性不足，对症状与疾病的关联解释较浅，未能充分利用用户提供的全部临床信息（如腹泻），导致病理逻辑和数据质量略有欠缺。
问题：诊断未明确指出猪甲病毒相关感染，仅泛化为病毒性感染，降低了针对性。；对症状（尤其是腹泻）与猪甲病毒相关感染的关联分析不足。；病理机制解释较为笼统，缺少对病毒传播特点与临床表现的深入分析。",True,ERNIE-4.5-Turbo-32K,True,review,该回答在诊断准确性、病理逻辑、处方安全性和数据质量方面表现较好，能够识别病毒性感染可能性，并强调重大动物疫病风险与安全处置流程，处方中避免了危险用药建议，安全性较高。但诊断中对猪甲病毒相关感染的指向性不足，对症状与疾病的关联解释较浅，未能充分利用用户提供的全部临床信息（如腹泻），导致病理逻辑和数据质量略有欠缺。综合来看，该回答有参考价值，但需进一步优化。,86.0,28,18,24,18,review,15.96,17.86,,2,D:\XF-ChongQin\ai-\results\swine_weak_wiki_production\swine_disease_dataset_production_20260507_150711_dual_reviewed_20260507_152954.csv
07ebd49b-5ea5-57c6-b590-40796a9f624b,52,猪钩端螺旋体病,swine_hunyuan_turbos,hunyuan-turbos-20250926,成功,,猪,我家有80头能繁母猪和10头公猪，最近两个月陆续发现几窝产仔数少、死胎多，还有个别母猪流产。之前没用过什么特别的药物，圈舍通风一般，饮水井水共用。想问这种情况是不是要停配种？要不要先送样检查？,根据描述，结合猪钩端螺旋体病的流行病学特点及繁殖障碍表现，高度怀疑为猪钩端螺旋体感染所致。该病在繁殖猪群中可引起流产、死胎、木乃伊胎及产仔数减少，且多数感染呈亚临床，常在应激条件下显现。,treatment_direction: 立即暂停配种和引入新种猪，防止病原扩散；对可疑母猪进行隔离观察，加强圈舍卫生管理，减少人员与猪体液直接接触。；management_measures: 改善圈舍通风与排水，定期清理粪污并消毒；工作人员应穿戴防护用具，避免皮肤破损处接触猪尿液或血液。；sampling_and_testing: 采集流产胎儿组织、胎盘、母猪血清以及公猪精液样本，送具备资质的实验室进行钩端螺旋体PCR或血清学检测，同时排查其他繁殖障碍病因。；prohibited_boundaries: 在未排除人兽共患风险前，禁止将病死猪及其产品流入市场；严禁随意使用抗生素替代确诊后的规范处理方案。,因未确定具体用药方案，暂不给出休药期建议，需依据检测结果和兽医指导执行。,"{""disease_name"": ""猪钩端螺旋体病"", ""severity"": ""中等至严重（可导致繁殖损失）"", ""scene_tags"": [""繁殖障碍"", ""母猪流产"", ""死胎增多"", ""职业暴露风险""], ""validation_points"": [""符合钩端螺旋体病在繁殖猪群中的临床表现"", ""提示采取隔离、采样送检及暂停配种的管理措施""], ""risk_flags"": [""人兽共患职业暴露风险"", ""需专业实验室确诊""], ""case_type"": ""繁殖障碍送检"", ""target_disease"": ""猪钩端螺旋体病"", ""local_flags"": {""species_ok"": true, ""target_disease_in_diagnosis"": true, ""target_disease_mismatch"": false, ""contains_specific_dose"": false, ""contains_specific_withdrawal"": false, ""regulated_bad_treatment"": false}}",False,False,,,True,False,False,D:\XF-ChongQin\ai-\knowledge\llm_wiki_swine_authoritative,1465,887,"猪钩端螺旋体病
猪钩端螺旋体病、leptospirosis
繁殖障碍送检
繁殖异常持续出现，用户询问该采哪些样品、是否需要暂停配种和引种。","{""HUMAN_REVIEWED"": 3, ""NEEDS_REVIEW"": 2}","[""SRC-0001"", ""SRC-0067"", ""SRC-0068""]",2161,28.15,ERNIE-4.5-Turbo-32K,88,28,18,23,20,False,True,"整体回答符合猪钩端螺旋体病的诊断逻辑，症状与疾病匹配，处理方向安全，数据质量较高，无明显致命风险。
问题：diagnosis_accuracy：未完全覆盖所有可能的鉴别诊断，如猪繁殖与呼吸综合征（PRRS）、猪伪狂犬病等，可能导致诊断准确性略有不足。；pathology_logic：对钩端螺旋体病的病理机制解释不够深入，如未提及病原如何通过尿液传播及对肾脏的损害。；prescription_safety：未明确提及抗生素使用的具体原则（如敏感药物选择），仅强调禁止随意使用。；data_quality：场景标签和验证点较全面，但风险标志中未明确提及‘井水污染’这一潜在传播途径。",hunyuan-turbos-20250926,85,8,7,9,8,False,False,"该数据整体真实可信，用户描述的繁殖障碍症状与猪钩端螺旋体病的典型表现相符，诊断思路合理，处理措施包含必要的生物安全措施和采样送检建议，未出现危险用药或违规操作。不足之处在于鉴别诊断范围略窄，病理机制说明不够细致，且未突出井水作为潜在传播途径的风险提示。
问题：鉴别诊断未涵盖常见类似疾病（如PRRS、伪狂犬病）；病理机制阐述不足，缺少病原传播途径细节；未明确提示井水可能受污染的风险",True,ERNIE-4.5-Turbo-32K,True,review,整体回答符合猪钩端螺旋体病的诊断逻辑，症状与疾病匹配，处理方向安全，无明显致命风险。但存在以下不足：1.鉴别诊断未涵盖常见类似疾病（如PRRS、伪狂犬病），可能导致诊断准确性略有不足；2.病理机制阐述不足，缺少病原传播途径细节，如未提及钩端螺旋体通过尿液、水源传播的机理；3.未明确提示井水可能受污染的风险，数据质量可进一步提升。,86.0,28,18,23,20,review,18.72,16.74,,2,D:\XF-ChongQin\ai-\results\swine_weak_wiki_production\swine_disease_dataset_production_20260507_150711_dual_reviewed_20260507_152954.csv
fc23caaf-b96c-5d09-9f5f-6c92d5701c22,55,猪葡萄球菌病,swine_hunyuan_turbos,hunyuan-turbos-20250926,成功,,猪,我家有120头50日龄左右的保育猪，这几天陆续出现皮肤发红、局部结痂、毛竖起的情况，有的还伴随采食量下降、精神沉郁，舍内湿度偏高，通风一般。之前用过阿莫西林饮水，效果不明显。想问下这是啥病，该怎么处理？,根据描述的皮肤病变、结痂、毛发竖立以及采食下降等症状，结合保育猪阶段易感性，高度怀疑为猪葡萄球菌病（Staphylococcosis / Exudative Epidermitis），由金黄色葡萄球菌属（如S. hyicus）引起。该病常在潮湿、通风不良环境下发生，可能继发细菌感染。,treatment_direction: 针对疑似猪葡萄球菌病，应首先改善饲养环境，降低湿度、加强通风，减少应激；对病猪进行隔离护理，防止交叉感染。；management_measures: 清理圈舍粪污，保持干燥清洁；适当提高环境温度以补偿因采食下降导致的代谢产热不足；保证充足饮水和易消化饲料。；sampling_and_testing: 采集病变皮肤和分泌物送实验室做细菌分离培养和药敏试验，明确病原及敏感抗生素种类。；prohibited_boundaries: 在未确诊前，不应随意使用广谱抗生素作为唯一治疗手段；禁止将病猪与健康猪混养；若发现疫情扩散迅速且死亡率高，应按当地重大动物疫病防控规定及时上报。,需依据最终实验室检测结果及所用药物确定，未经检测不建议自行决定停药时间。,"{""disease_name"": ""猪葡萄球菌病"", ""severity"": ""中等至严重（视病情进展与环境管理而定）"", ""scene_tags"": [""保育猪"", ""群体发病"", ""皮肤病变"", ""采食下降"", ""高湿环境""], ""validation_points"": [""症状符合渗出性表皮炎特征"", ""环境因素支持病原繁殖"", ""阿莫西林无效提示可能为耐药菌""], ""risk_flags"": [""潜在传染性"", ""环境管理不当"", ""抗生素使用不规范""], ""case_type"": ""保育猪群体发病"", ""target_disease"": ""猪葡萄球菌病"", ""local_flags"": {""species_ok"": true, ""target_disease_in_diagnosis"": true, ""target_disease_mismatch"": false, ""contains_specific_dose"": false, ""contains_specific_withdrawal"": false, ""regulated_bad_treatment"": false}}",False,False,,,True,False,False,D:\XF-ChongQin\ai-\knowledge\llm_wiki_swine_authoritative,1465,887,"猪葡萄球菌病
猪葡萄球菌病、staphylococcosis exudative epidermitis
保育猪群体发病
群体发病、采食下降、粪便或呼吸道异常，用户想知道主要病因和下一步处理。","{""HUMAN_REVIEWED"": 3, ""NEEDS_REVIEW"": 2}","[""SRC-0001"", ""SRC-0006"", ""SRC-0026"", ""SRC-0036"", ""SRC-0074""]",2105,28.12,ERNIE-4.5-Turbo-32K,88,28,18,23,20,False,True,"该回答整体上对猪葡萄球菌病的诊断、处理方向和安全措施进行了较为全面的描述，诊断准确性较高，处理方向安全，但存在部分细节可优化。
问题：diagnosis_accuracy: 诊断准确度较高，但未完全覆盖所有症状（如粪便或呼吸道异常未明确关联）。；pathology_logic: 病理逻辑基本合理，但未详细解释葡萄球菌病与高湿环境、通风不良的具体关联机制。；prescription_safety: 处理方向安全，但未明确提出具体抗生素选择（仅提到药敏试验）。；data_quality: 数据质量较高，但休药期承诺过于模糊，未提供具体指导。",hunyuan-turbos-20250926,85,90,80,90,85,False,False,"该数据整体真实可信，用户描述的症状与环境条件符合猪葡萄球菌病的典型特征，诊断准确率高。处理方案强调环境改善、隔离、采样送检等科学措施，并提示了重大疫病上报原则，安全性良好。不足之处在于病理机制解释不够深入，休药期表述较模糊，缺乏更具体的用药指导。
问题：病理机制解释不足，未详细说明高湿、通风差如何促进葡萄球菌感染。；休药期信息过于笼统，缺少对养殖户的实用指引。；未提及可能的鉴别诊断（如疥螨、皮炎等）以减少误诊风险。",True,ERNIE-4.5-Turbo-32K,True,review,该回答对猪葡萄球菌病的诊断准确性较高，处理方向安全，但存在部分细节可优化，如病理机制解释不足、休药期表述模糊、缺乏具体用药指导及鉴别诊断信息。,86.0,28,18,23,20,review,18.86,19.02,,2,D:\XF-ChongQin\ai-\results\swine_weak_wiki_production\swine_disease_dataset_production_20260507_150711_dual_reviewed_20260507_152954.csv
aa800bb9-6467-5e23-9e69-ed11b6059fd5,59,猪弓形虫病,swine_hunyuan_turbos,hunyuan-turbos-20250926,成功,,猪,我家有120头60日龄左右的保育猪，最近一周陆续有猪拉稀、精神差、皮毛粗乱，有的还出现皮肤抓痒结痂，采食量下降明显，之前用过一次伊维菌素驱虫，效果不明显，想问问是不是弓形虫或者别的寄生虫引起的？,根据描述，该批保育猪存在腹泻、消瘦、皮肤异常及生长缓慢等症状，结合近期使用过驱虫药但效果有限的情况，应重点考虑弓形虫等原虫感染的可能性。猪弓形虫病在多数情况下呈亚临床感染，但在应激、免疫力低下时可出现发热、呼吸道症状、腹泻及繁殖障碍等表现，部分个体可见皮肤病变。此外，疥螨、虱子、葡萄球菌病等也可引起皮肤瘙痒结痂，需要鉴别。,treatment_direction: 建议立即采集病猪血液、粪便样本送实验室进行弓形虫血清学及PCR检测，必要时做病理剖检确认。对疑似病例实施隔离观察，防止交叉传播。；management_measures: 加强圈舍通风干燥，减少密度；清除环境中可能受猫粪污染的饲料和水源；严格限制猫进入猪场；病死猪按无害化处理规范处置。；sampling_and_testing: 采集不同症状个体的全血、粪便样品，有条件可做组织切片检查；同时进行疥螨、虱子等体外寄生虫排查。；prohibited_boundaries: 严禁将疑似病猪直接屠宰上市，避免人通过食用未熟透猪肉感染弓形虫；发现疫情应及时向当地畜牧兽医部门报告，不得擅自使用未经批准的兽药。,因涉及人兽共患风险，一旦确诊应按监管部门要求进行相应封锁、消毒和无害化处理，无明确安全休药期前禁止出栏销售。,"{""disease_name"": ""猪弓形虫病"", ""severity"": ""中等至严重（视感染强度与群体反应而定）"", ""scene_tags"": [""保育猪"", ""群体发病"", ""腹泻"", ""消瘦"", ""皮肤瘙痒"", ""生长迟缓""], ""validation_points"": [""症状符合弓形虫感染临床表现范围"", ""曾用驱虫药无效提示非单纯线虫或外寄生虫问题"", ""猫粪污染风险需纳入防控考量""], ""risk_flags"": [""人兽共患风险"", ""潜在重大动物疫病防控边界""], ""case_type"": ""寄生虫群体发病"", ""target_disease"": ""猪弓形虫病"", ""local_flags"": {""species_ok"": true, ""target_disease_in_diagnosis"": true, ""target_disease_mismatch"": false, ""contains_specific_dose"": false, ""contains_specific_withdrawal"": false, ""regulated_bad_treatment"": false}}",False,False,,,True,False,False,D:\XF-ChongQin\ai-\knowledge\llm_wiki_swine_authoritative,1465,887,"猪弓形虫病
猪弓形虫病、toxoplasmosis protozoa
寄生虫群体发病
猪群出现腹泻、消瘦、皮肤瘙痒或生长慢，用户怀疑寄生虫。","{""HUMAN_REVIEWED"": 3, ""NEEDS_REVIEW"": 2}","[""SRC-0001"", ""SRC-0081""]",2154,24.46,ERNIE-4.5-Turbo-32K,88,28,18,24,18,False,True,"整体回答质量较高，诊断方向合理，考虑了弓形虫感染的可能性，并提出了鉴别诊断建议。治疗方案安全，符合人兽共患病的防控要求。数据质量基本满足要求，但部分细节可进一步优化。
问题：诊断部分对弓形虫病的典型症状描述不够全面，如未明确提及发热和呼吸道症状。；病理逻辑部分对鉴别诊断的阐述稍显简略，未充分说明其他可能疾病的排除依据。；数据质量方面，场景标签和验证点的描述较为笼统，缺乏具体数据支持。；未明确提及休药期的具体监管要求或参考标准。",hunyuan-turbos-20250926,85,80,82,90,78,False,False,"回答总体准确且安全，针对用户描述的保育猪群症状，合理提出弓形虫感染可能性，并结合人兽共患病特点给出采样检测和生物安全措施，避免了危险用药建议。诊断中虽提到弓形虫的典型表现，但对发热、呼吸症状等核心特征描述不足，鉴别诊断部分较简略，缺少对其他病因（如细菌性肠炎、营养性皮肤病）的详细排除依据。数据层面缺少量化指标支撑，例如发病率、死亡率等，影响可信度。
问题：弓形虫病典型症状（发热、呼吸道症状）未完整列出，可能影响诊断准确性。；鉴别诊断仅简单列举疥螨、虱子、葡萄球菌病，未提供排除这些疾病的依据或检测方法。；缺乏量化数据（如发病比例、病程变化），降低了场景真实感。；未明确提及人兽共患病防控中的官方监管流程或参考法规。",True,ERNIE-4.5-Turbo-32K,True,review,回答总体准确且安全，诊断方向合理，考虑了弓形虫感染的可能性，并提出了鉴别诊断建议。治疗方案安全，符合人兽共患病的防控要求。但诊断部分对弓形虫病的典型症状描述不够全面，鉴别诊断部分较简略，缺少对其他病因的详细排除依据，数据层面缺少量化指标支撑，影响可信度。,86.0,28,18,24,18,review,16.06,17.85,,2,D:\XF-ChongQin\ai-\results\swine_weak_wiki_production\swine_disease_dataset_production_20260507_150711_dual_reviewed_20260507_152954.csv
26091447-6b61-5c1b-8eaf-d58a39a0290e,61,猪蛔虫病,swine_hunyuan_turbos,hunyuan-turbos-20250926,成功,,猪,我家是100头左右的自繁自养场，最近刚断奶的60斤左右小猪陆续出现拉稀、毛色发暗、长得慢的情况，有几头还抓痒掉毛，粪便里偶尔能看到白色长条状东西。之前用过一次伊维菌素拌料驱虫，但效果不明显，想问问是不是蛔虫还是别的啥问题？,根据描述，考虑猪蛔虫病可能性大，同时应排查疥螨病等外寄生虫及混合感染。蛔虫幼虫移行可导致肝肺损伤、消瘦、腹泻，成虫寄生可引起营养不良和生长缓慢，部分个体可因瘙痒提示并发外寄生虫。,建议立即对全群进行粪便镜检找虫卵并采集典型病例送实验室确诊；在兽医指导下选用广谱驱虫药（如阿苯达唑类或芬苯达唑类）按说明使用，注意轮换药物以减少耐药风险；加强圈舍清洁干燥，定期更换垫料，减少粪口传播机会；发现严重消瘦或呼吸异常个体及时隔离观察；若伴明显皮肤病变，应同步检查疥螨并针对性处理；禁止将可疑病猪随意出售或转群，防止扩散。,按所用驱虫药说明书执行停药期，确保上市前达到安全间隔；期间不得屠宰或销售供人食用猪肉。,"{""disease_name"": ""猪蛔虫病"", ""severity"": ""中等"", ""scene_tags"": [""仔猪"", ""育肥猪"", ""群体发病"", ""腹泻"", ""消瘦"", ""皮肤瘙痒""], ""validation_points"": [""粪便可见成虫或虫卵为重要诊断依据"", ""milk spot样肝脏病变需与肾虫移行鉴别"", ""外寄生虫症状提示可能合并感染""], ""risk_flags"": [""潜在混合感染"", ""驱虫药耐药性风险"", ""群体传播风险""], ""case_type"": ""寄生虫群体发病"", ""target_disease"": ""猪蛔虫病"", ""local_flags"": {""species_ok"": true, ""target_disease_in_diagnosis"": true, ""target_disease_mismatch"": false, ""contains_specific_dose"": false, ""contains_specific_withdrawal"": false, ""regulated_bad_treatment"": false}}",False,False,,,True,False,False,D:\XF-ChongQin\ai-\knowledge\llm_wiki_swine_authoritative,1465,887,"猪蛔虫病
猪蛔虫病、ascaris suum internal parasites
寄生虫群体发病
猪群出现腹泻、消瘦、皮肤瘙痒或生长慢，用户怀疑寄生虫。","{""HUMAN_REVIEWED"": 2, ""NEEDS_REVIEW"": 2}","[""SRC-0001"", ""SRC-0082""]",2221,27.45,ERNIE-4.5-Turbo-32K,88,28,18,23,20,False,True,"该回答整体表现良好，诊断准确性较高，考虑了猪蛔虫病及可能的混合感染，处理方向安全合理，数据质量基本满足要求。
问题：诊断准确性方面，虽然考虑了猪蛔虫病及混合感染，但未明确提及粪便镜检找虫卵作为确诊依据，略显不足。；病理逻辑方面，对蛔虫幼虫移行导致的肝肺损伤描述较为笼统，未详细阐述其与症状的关联。；数据质量方面，回答中未充分利用提供的场景标签和验证点，如未明确提及'milk spot样肝脏病变'与肾虫移行的鉴别。；处方安全性方面，虽然提到了轮换药物以减少耐药风险，但未具体说明轮换策略。",hunyuan-turbos-20250926,85,90,80,85,80,False,False,"回答总体准确且安全，结合用户描述的仔猪腹泻、消瘦、粪便见白色长条物等症状，优先考虑猪蛔虫病并兼顾疥螨等混合感染，符合临床实际。处理方案包括粪便镜检、实验室确诊、广谱驱虫、环境管理、隔离等措施，无明显危险建议。不足之处在于诊断环节未强调粪便镜检为确诊关键步骤，病理机制解释较笼统，未利用更多鉴别诊断信息，处方中轮换药物策略不够具体。
问题：诊断部分未明确指出粪便镜检找虫卵是确诊猪蛔虫病的必要手段；病理机制描述过于笼统，缺乏与症状的直接对应细节；未充分运用场景标签和鉴别诊断要点（如milk spot样肝脏病变）；处方中轮换药物策略未具体化",True,ERNIE-4.5-Turbo-32K,True,review,回答总体准确且安全，诊断方向符合猪蛔虫病及可能的混合感染，处理方案包括粪便镜检、实验室确诊、广谱驱虫、环境管理、隔离等措施，无明显危险建议。但诊断部分未明确指出粪便镜检找虫卵是确诊猪蛔虫病的必要手段，病理机制描述过于笼统，缺乏与症状的直接对应细节，未充分运用场景标签和鉴别诊断要点，处方中轮换药物策略未具体化，存在轻微不足。,86.0,28,18,23,20,review,19.07,17.74,,2,D:\XF-ChongQin\ai-\results\swine_weak_wiki_production\swine_disease_dataset_production_20260507_150711_dual_reviewed_20260507_152954.csv
ac512230-14be-55e0-8a5c-a62cb2250a38,62,猪鞭虫病,swine_hunyuan_turbos,hunyuan-turbos-20250926,成功,,猪,我家有120头育肥猪，平均体重在50公斤左右，最近几天有几头出现拉稀，粪便带点血丝，精神还行，采食量稍微下降。圈舍是水泥地面，通风一般，温度20℃左右，之前没用过驱虫药。想问这种情况是不是要全群打驱虫针？要不要把圈舍彻底消毒一遍？过段时间怎么复查有没有再长虫？,根据描述，育肥猪出现带血丝的腹泻且伴有轻度食欲下降，结合圈舍为水泥地面、通风一般的环境条件，以及未进行过驱虫的历史，应考虑猪鞭虫病（Trichuris suis）等肠道寄生虫感染的可能。该病主要寄生于盲肠和结肠，重度感染可引起结肠炎及血便。确诊需通过粪检查找特征性虫卵或剖检发现成虫。,treatment_direction: 建议采集典型病例粪便送实验室进行虫卵检查，必要时结合剖检确认虫体存在。若确诊为鞭虫感染，可在兽医指导下选择对Trichuris有效的驱虫药（如芬苯达唑类），并制定合理的投喂或注射方案。；management_measures: 加强圈舍清洁，及时清除粪便，减少虫卵在环境中的积累；保持良好通风，降低氨气浓度，改善饲养密度；定期更换垫料，防止潮湿滋生虫卵。；sampling_and_testing: 从腹泻明显或有血便的个体采集新鲜粪便样本，做饱和盐水漂浮法或沉淀法镜检寻找典型虫卵；有条件可做PCR鉴定。；prohibited_boundaries: 严禁在未确诊情况下随意使用驱虫药，尤其不得自行决定全群统一用药；禁止将未经处理的粪便直接用作肥料或外排污染环境。,因涉及具体药物种类与剂量，需依据所用驱虫药说明书及当地监管要求确定，此处不作具体数值说明。,"{""disease_name"": ""猪鞭虫病"", ""severity"": ""中等（重度感染可致生长迟缓、出血性肠炎，轻症影响较小）"", ""scene_tags"": [""育肥猪"", ""水泥地面"", ""通风不良"", ""未驱虫史""], ""validation_points"": [""粪便带血丝提示结肠炎症，符合鞭虫致病特点"", ""圈舍条件利于虫卵存活，增加感染风险"", ""未驱虫历史提高潜在感染概率""], ""risk_flags"": [""需实验室确诊以防误诊"", ""避免盲目全群用药""], ""case_type"": ""驱虫和环境管理"", ""target_disease"": ""猪鞭虫病"", ""local_flags"": {""species_ok"": true, ""target_disease_in_diagnosis"": true, ""target_disease_mismatch"": false, ""contains_specific_dose"": false, ""contains_specific_withdrawal"": false, ""regulated_bad_treatment"": false}}",False,False,,,True,False,False,D:\XF-ChongQin\ai-\knowledge\llm_wiki_swine_authoritative,1465,887,"猪鞭虫病
猪鞭虫病、trichuris suis internal parasites
驱虫和环境管理
用户询问是否需要全群处理、环境清理和复查方式。","{""HUMAN_REVIEWED"": 3, ""NEEDS_REVIEW"": 2}","[""SRC-0001"", ""SRC-0026"", ""SRC-0082""]",2120,25.39,ERNIE-4.5-Turbo-32K,88,28,18,24,18,False,True,"整体回答质量较高，诊断方向合理，症状与疾病匹配度较高，处理方向安全且与疾病相互印证。但在病理逻辑、数据质量方面存在一定提升空间。
问题：病理逻辑方面，对猪鞭虫病的病理机制描述不够深入，未详细解释虫卵感染过程及对肠道的具体影响。；数据质量方面，未提供具体的诊断依据来源，如相关文献或研究数据支持诊断结论。；诊断准确性方面，虽然考虑了猪鞭虫病，但未完全排除其他可能导致血便的肠道疾病，如猪痢疾等。",hunyuan-turbos-20250926,85,90,80,95,75,False,False,"该数据整体真实可信，用户描述的场景符合育肥猪养殖实际，症状与猪鞭虫病高度吻合，诊断思路清晰，处理建议安全且包含必要的检疫与检测步骤，避免了盲目全群用药的风险。但病理机制阐述不足，缺乏对其他可能疾病的鉴别诊断提示，数据支撑较弱。
问题：病理机制部分过于简略，未详细说明虫卵感染途径、寄生部位及其对肠道组织的损伤机理。；未明确列出除猪鞭虫外的其他可能引起血便的疾病（如猪痢疾、球虫感染等）作为鉴别参考。；缺少引用或数据来源支持诊断结论，降低了科学性和说服力。",True,ERNIE-4.5-Turbo-32K,True,review,整体回答质量较高，诊断方向合理，症状与疾病匹配度较高，处理建议安全且包含必要的检疫与检测步骤，避免了盲目全群用药的风险。但病理机制阐述不足，缺乏对其他可能疾病的鉴别诊断提示，数据支撑较弱。,86.0,28,18,24,18,review,15.79,17.14,,2,D:\XF-ChongQin\ai-\results\swine_weak_wiki_production\swine_disease_dataset_production_20260507_150711_dual_reviewed_20260507_152954.csv
5c3103d2-5d11-5158-aa89-36dae28a5ba6,64,猪后圆线虫病,swine_hunyuan_turbos,hunyuan-turbos-20250926,成功,,猪,我这边是河南南阳的养猪户，现在栏里有180头60公斤左右的育肥猪，最近一周陆续有猪开始咳嗽、喘气，有的还发烧到39度左右，采食量明显下降，精神也差一些。圈舍通风一般，湿度偏高，之前没用过驱虫药。我想知道这是啥病，是不是要整批都打药？,根据您描述的育肥猪群体出现咳嗽、喘气、发热及采食下降，结合圈舍通风不良、湿度偏高的环境因素，以及未进行过驱虫的情况，高度怀疑为猪后圆线虫病（Metastrongylus spp.），属于寄生虫性呼吸道疾病。该病在保育后期至育肥阶段易发，常因环境中存在中间宿主（如蚯蚓）而传播。,建议立即联系当地兽医进行粪便镜检或剖检确诊。若确诊为后圆线虫感染，应制定全群驱虫方案，选用对肺线虫有效的驱虫药（如伊维菌素类或阿苯达唑类制剂），并配合改善圈舍通风、降低湿度以减少再感染风险。同时加强饲养管理，保证饲料饮水清洁，减少应激。对于病情严重的个体可给予支持疗法（补液、退热等）。注意采集病死猪组织送实验室做病原鉴定，以便排除其他呼吸道病原混合感染。严禁将病死猪随意丢弃或出售，防止扩散。,使用驱虫药需遵循产品说明和国家相关规定，停药后方可屠宰上市。期间应做好隔离和消毒措施，防止交叉污染。,"{""disease_name"": ""猪后圆线虫病"", ""severity"": ""中等"", ""scene_tags"": [""育肥猪"", ""群体呼吸道症状"", ""高湿低通风环境"", ""未驱虫史""], ""validation_points"": [""症状符合后圆线虫引起的慢性呼吸道表现"", ""环境与易感因素匹配"", ""需要实验室确诊后再实施全群用药""], ""risk_flags"": [""潜在群体传播风险"", ""需排除其他呼吸道病原混合感染""], ""case_type"": ""呼吸道群体发病"", ""target_disease"": ""猪后圆线虫病"", ""local_flags"": {""species_ok"": true, ""target_disease_in_diagnosis"": true, ""target_disease_mismatch"": false, ""contains_specific_dose"": false, ""contains_specific_withdrawal"": false, ""regulated_bad_treatment"": false}}",False,False,,,True,False,False,D:\XF-ChongQin\ai-\knowledge\llm_wiki_swine_authoritative,1465,887,"猪后圆线虫病
猪后圆线虫病、metastrongylus lungworms
呼吸道群体发病
同栏出现咳嗽、喘气、发热、采食下降，用户想判断病因和是否需要全群用药。","{""HUMAN_REVIEWED"": 1, ""NEEDS_REVIEW"": 4}","[""SRC-0001"", ""SRC-0006"", ""SRC-0007""]",1889,26.43,ERNIE-4.5-Turbo-32K,88,28,18,23,20,False,True,"该回答整体表现良好，诊断准确性较高，症状、环境与疾病匹配合理，处理方向安全且与疾病相互印证。但在病理逻辑、数据质量方面存在一定提升空间。
问题：诊断准确性方面，虽然症状描述与猪后圆线虫病相符，但未完全排除其他呼吸道疾病的可能性，如猪支原体肺炎等，诊断依据略显单一。；病理逻辑方面，对疾病传播途径和中间宿主的描述不够详细，缺乏对疾病发生机制的深入分析。；数据质量方面，未提供具体的诊断依据或实验室检测结果支持诊断，仅凭症状和环境因素进行推断，证据不够充分。；处方安全性方面，虽然建议了全群驱虫方案，但未明确驱虫药的具体使用剂量和疗程，可能存在用药不当的风险。",hunyuan-turbos-20250926,85,90,80,85,80,False,False,"回答总体符合猪后圆线虫病的临床特征，症状与环境条件匹配度高，处理建议基本安全且包含必要的兽医介入环节。但诊断缺乏实验室检测支撑，未充分排除其他呼吸道病原，病理机制解释不足，处方中未给出药物剂量细节虽属合规，但仍有潜在用药风险。无重大疫病或人兽共患风险，无明显危险建议。
问题：诊断依据主要依赖临床症状与环境推测，缺少实验室检测确认，可能遗漏混合感染。；对后圆线虫的传播途径和发病机制描述较简略，未能深入解释环境-宿主-病原关系。；处方未明确驱虫药的使用剂量与疗程，可能导致养殖户自行操作时的用药偏差。",True,ERNIE-4.5-Turbo-32K,True,review,回答总体符合猪后圆线虫病的临床特征，症状与环境条件匹配度高，处理建议基本安全且包含必要的兽医介入环节。但诊断缺乏实验室检测支撑，未充分排除其他呼吸道病原，病理机制解释不足，处方中未给出药物剂量细节虽属合规，但仍有潜在用药风险。,86.0,28,18,23,20,review,17.78,18.2,,2,D:\XF-ChongQin\ai-\results\swine_weak_wiki_production\swine_disease_dataset_production_20260507_150711_dual_reviewed_20260507_152954.csv
0be9a979-8e4b-52fc-9aac-8cee930ceb8c,81,猪大肠杆菌病,swine_hunyuan_turbos,hunyuan-turbos-20250926,成功,,猪,我家有120头20日龄左右的保育猪，这几天陆续有10多头开始拉黄绿色水样便，精神差、吃料少，有的还伴随轻度脱水。圈舍温度偏低，前几天刚停喂过恩诺沙星粉剂。想问问这是啥原因，该怎么处理？,根据描述，考虑为猪大肠杆菌病（Colibacillosis），可能由产肠毒素型大肠杆菌（ETEC）引起，表现为急性水样腹泻、脱水及采食下降。结合近期使用过抗生素史和环境应激因素，更易诱发该病。,treatment_direction: 立即改善保温与通风条件，减少冷应激；补充电解质溶液防止脱水；在兽医指导下选用敏感抗菌药物进行对症治疗；对严重病例可考虑补液支持。；management_measures: 分群饲养，将明显腹泻个体与健康猪隔离；加强圈舍清洁消毒，保持干燥温暖；暂停使用已产生耐药风险的抗生素，必要时更换种类。；sampling_submission: 采集新鲜粪便样本送实验室进行细菌分离培养和药敏试验，同时保留部分样本以备PCR检测确定毒力因子类型。；prohibited_boundaries: 严禁随意使用禁限用兽药；禁止未经确诊即大规模投药；发现死亡病例应立即报告当地畜牧兽医部门，排除重大疫病。,具体停药期需依据所用药物说明书及兽医指导执行，确保上市前符合食品安全要求。,"{""disease_name"": ""猪大肠杆菌病"", ""severity"": ""中等偏重"", ""scene_tags"": [""保育猪"", ""腹泻"", ""脱水"", ""应激"", ""抗生素治疗史""], ""validation_points"": [""临床表现符合ETEC引起的急性水样腹泻特征"", ""环境因素（低温）与应激是重要诱因"", ""抗生素治疗史提示可能存在耐药菌株""], ""risk_flags"": [""潜在耐药风险"", ""需排除其他肠道病原体混合感染""], ""case_type"": ""腹泻群体发病"", ""target_disease"": ""猪大肠杆菌病"", ""local_flags"": {""species_ok"": true, ""target_disease_in_diagnosis"": true, ""target_disease_mismatch"": false, ""contains_specific_dose"": false, ""contains_specific_withdrawal"": false, ""regulated_bad_treatment"": false}}",False,False,,,True,False,False,D:\XF-ChongQin\ai-\knowledge\llm_wiki_swine_authoritative,1465,887,"猪大肠杆菌病
猪大肠杆菌病、colibacillosis、大肠杆菌、大肠杆菌性腹泻、E. coli
腹泻群体发病
同窝或同栏出现水样腹泻、脱水、采食下降，用户想知道主要病因和紧急处理。","{""HUMAN_REVIEWED"": 3, ""NEEDS_REVIEW"": 2}","[""SRC-0001"", ""SRC-0063"", ""SRC-0064""]",2169,29.62,ERNIE-4.5-Turbo-32K,88,28,18,23,20,False,True,"该回答整体表现良好，诊断准确，处理方向安全，数据质量较高，无明显致命风险。
问题：diagnosis_accuracy: 诊断准确性较高，但未完全覆盖所有可能诱因，如其他肠道病原体混合感染的可能性未明确提及。；pathology_logic: 病理逻辑合理，但环境因素与应激的详细作用机制可进一步阐述。；prescription_safety: 处方安全，但停药期承诺过于模糊，未给出具体指导。；data_quality: 数据质量较高，但风险标志的应对措施可更具体。",hunyuan-turbos-20250926,85,90,85,80,88,False,False,"该案例场景真实，症状与目标疾病高度吻合，诊断思路清晰且考虑了环境应激与用药史等诱因，处理方案总体安全并包含必要的生物安全措施。不足之处在于未充分讨论可能的混合感染风险，以及停药期表述不够严谨。
问题：未明确提示可能存在其他肠道病原（如轮状病毒、球虫等）的混合感染风险。；环境因素与应激致病机制的细节解释不足。；停药期说明过于笼统，缺乏针对实际操作的明确指引。",True,ERNIE-4.5-Turbo-32K,True,review,该回答诊断准确，处理方向安全，但存在一些轻微不足。诊断中未完全覆盖所有可能诱因，如其他肠道病原体混合感染的可能性未明确提及；环境因素与应激的详细作用机制可进一步阐述；停药期表述过于模糊，未给出具体指导。这些问题不影响整体方向，但需改进以提高数据质量。,86.0,28,18,23,20,review,19.79,18.96,,2,D:\XF-ChongQin\ai-\results\swine_weak_wiki_production\swine_disease_dataset_production_20260507_150711_dual_reviewed_20260507_152954.csv
a4e8042b-4b47-5dfd-9c0c-0930a5f62460,114,猪痘,swine_hunyuan_turbos,hunyuan-turbos-20250926,成功,,猪,我家有120头80公斤左右的育肥猪，圈舍通风一般，最近几天有几头出现背部和耳部皮肤上有黄白色小脓疱，周围发红，有的破溃结痂，精神食欲还行，体温正常。这批猪再过20天左右就准备出栏了，想问下这是什么毛病？能不能用药治？用了药会不会影响卖猪？,根据描述，符合猪痘的典型表现：多发于育肥阶段，皮肤出现脓疱、结痂，伴随轻度炎症，全身症状不明显。该病由猪痘病毒引起，属自限性疾病，病程约2-3周，通常预后良好。,治疗方向以支持疗法为主，保持圈舍清洁干燥，减少应激，防止继发细菌感染；对严重病灶可用温和消毒清洗并涂抹外用消炎药膏；不建议在临近出栏期使用任何未经批准的兽药或抗生素，以免违反食品安全及休药期规定。若怀疑混合感染或病情恶化，应采集典型病变组织送实验室确诊。严禁将疑似重大疫病病例混入正常出栏批次。,因临近出栏且未使用特定药物，无明确休药期问题；但若在治疗中使用任何经批准的药物，须严格遵循该药的标签休药期要求，并在出栏前确保停药时间满足规定。,"{""disease_name"": ""猪痘"", ""severity"": ""轻症至中等"", ""scene_tags"": [""育肥猪"", ""皮肤病变"", ""临近出栏"", ""卫生条件一般""], ""validation_points"": [""症状与猪痘典型特征一致"", ""病程与自限性相符"", ""建议支持疗法和环境管理"", ""强调食品安全与休药期合规""], ""risk_flags"": [""临近出栏期用药风险"", ""潜在继发细菌感染风险""], ""case_type"": ""上市休药期咨询"", ""target_disease"": ""猪痘"", ""local_flags"": {""species_ok"": true, ""target_disease_in_diagnosis"": true, ""target_disease_mismatch"": false, ""contains_specific_dose"": false, ""contains_specific_withdrawal"": false, ""regulated_bad_treatment"": false}}",False,False,,,True,False,False,D:\XF-ChongQin\ai-\knowledge\llm_wiki_swine_authoritative,1465,887,"猪痘
猪痘、swinepox virus
上市休药期咨询
用户接近出栏，关心治疗方向和用药后能否出栏销售。","{""HUMAN_"": 1, ""HUMAN_REVIEWED"": 3}","[""SRC-0001"", ""SRC-0012"", ""SRC-0015"", ""SRC-0051""]",2221,26.39,ERNIE-4.5-Turbo-32K,88,28,18,24,18,False,True,"该回答整体符合猪痘的诊断与处理要求，诊断准确，处理方向安全，强调了食品安全与休药期合规，无明显致命风险。
问题：diagnosis_accuracy: 诊断描述准确，但未明确排除其他类似皮肤病（如猪丹毒、猪瘟皮肤型等），略显不足。；pathology_logic: 病理逻辑基本合理，但未详细说明猪痘病毒的自限性机制及为何不建议用药。；prescription_safety: 处方安全，但未明确列出可用的外用消炎药膏种类，可能影响实际操作。；data_quality: 数据质量较高，但场景标签中'卫生条件一般'未在处理建议中充分体现改进措施。",hunyuan-turbos-20250926,85,8.5,8.5,9,8.5,False,False,"回答对猪痘的诊断准确，处理方案安全，考虑了临近出栏的食品安全与休药期合规，未给出危险建议。不足之处在于未充分排除其他可能相似症状的疫病，病理机制解释不够详细，外用药物种类未具体化，以及未针对圈舍通风不良提出针对性改善措施。
问题：未明确排除猪丹毒、猪瘟皮肤型等其他可能引起类似皮肤病变的疾病；未详细解释猪痘病毒自限性的病理机制及为何不建议用药；未列举可使用的外用消炎药膏种类，操作性不足；未针对圈舍通风不良提出具体的环境改善建议",True,ERNIE-4.5-Turbo-32K,partially,review,回答对猪痘的诊断基本准确，处理方案安全，考虑了食品安全与休药期合规，未给出危险建议。但存在一些不足，包括未充分排除其他可能相似症状的疫病，病理机制解释不够详细，未具体列出可用的外用消炎药膏种类，以及未针对圈舍通风不良提出具体的环境改善措施。这些问题使得回答在完整性和操作性上略有欠缺，但整体方向正确，可参考性较强。,86.0,28,18,24,18,review,17.53,23.84,,2,D:\XF-ChongQin\ai-\results\swine_weak_wiki_production\swine_disease_dataset_production_20260507_150711_dual_reviewed_20260507_152954.csv
48c3d525-ea5a-509e-a96d-16779f20e7d0,119,猪甲病毒相关感染,swine_hunyuan_turbos,hunyuan-turbos-20250926,成功,,猪,我家有200多头育肥猪，平均体重在80公斤左右，最近一周陆续出现精神沉郁、食欲下降、体温升高到40℃以上，部分猪皮肤发红、关节轻微肿胀，还有个别猪呼吸稍快。之前用过阿莫西林拌料三天，效果不明显。想问下这种情况是不是传染病？如果要送样检查，应该取哪些样品比较合适？怕耽误了耽误防控。,根据描述的发热、精神沉郁、食欲下降及皮肤发红等症状，结合当前季节蚊虫活跃的背景，需考虑猪甲病毒相关感染的可能性，同时应排除其他常见病毒性或细菌性混合感染。该病为病毒病，目前尚无特效治疗药物，确诊依赖实验室检测。,treatment_direction: 无特效抗病毒药物，不建议盲目使用抗生素掩盖病情；可对症支持治疗，如补液、降温、改善饲养管理。；management_measures: 立即隔离发病猪，减少应激，加强通风与防蚊措施，防止疫情扩散；对同群猪进行密切监测。；sampling_and_testing: 采集发病猪的血液（全血）、血清以及部分病死猪的脑组织、脾脏等组织样本，送具备资质的实验室进行病毒核酸检测或抗体检测，明确病原。；prohibited_boundaries: 禁止随意出售、转运病猪及其产品；在未明确诊断前，不得使用未经批准的疫苗或高风险药物。,因无特定药物治疗方案，不涉及常规休药期问题；若后续使用合法兽药，应按说明书执行相应停药期。,"{""disease_name"": ""猪甲病毒相关感染"", ""severity"": ""中等至严重，视传播速度及继发感染情况而定"", ""scene_tags"": [""育肥猪"", ""发热"", ""皮肤发红"", ""关节肿胀"", ""疑似病毒感染""], ""validation_points"": [""症状符合病毒性发热性疾病特征"", ""抗生素治疗无效提示非单纯细菌感染"", ""建议通过血液和组织样本检测确诊""], ""risk_flags"": [""潜在传染性"", ""需及时采样送检"", ""存在扩散风险""], ""case_type"": ""采样送检咨询"", ""target_disease"": ""猪甲病毒相关感染"", ""local_flags"": {""species_ok"": true, ""target_disease_in_diagnosis"": true, ""target_disease_mismatch"": false, ""contains_specific_dose"": false, ""contains_specific_withdrawal"": false, ""regulated_bad_treatment"": false}}",False,False,,,True,False,False,D:\XF-ChongQin\ai-\knowledge\llm_wiki_swine_authoritative,1465,887,"猪甲病毒相关感染
猪甲病毒相关感染、togaviruses getah sagiyama ross river eee
采样送检咨询
用户描述症状后，重点询问采什么样品、如何判断和如何避免误治。","{""NEEDS_REVIEW"": 5}","[""SRC-0001""]",2050,29.82,ERNIE-4.5-Turbo-32K,88,27,18,23,20,False,True,"该回答整体上对猪甲病毒相关感染的诊断、处理方向和采样建议较为准确，符合疾病特征和安全要求，无明显错误或高风险内容。
问题：diagnosis_accuracy: 诊断部分对症状与疾病关联的描述较为笼统，未详细说明皮肤发红、关节肿胀等与猪甲病毒相关感染的特异性联系。；pathology_logic: 病理逻辑部分对蚊虫活跃背景的关联性分析不够深入，未明确说明蚊虫传播在疾病传播中的作用。；data_quality: 数据质量部分对症状描述的完整性和准确性略有不足，未提及呼吸稍快这一症状在诊断中的潜在意义。；prescription_safety: 处方安全部分对对症支持治疗的具体措施（如补液、降温的具体方法）描述不够详细。",hunyuan-turbos-20250926,85,8,8,9,8.5,True,False,"整体回答符合猪甲病毒相关感染的临床特点，诊断思路合理，处理方向与疾病性质一致，并提出了安全的采样与防控措施，未发现明显错误或高危建议。但存在细节不足，例如症状与疾病的特异性关联解释不够充分，蚊虫传播机制阐述较浅，以及对呼吸加快症状的潜在意义未展开讨论。
问题：诊断部分未详细解释皮肤发红、关节肿胀与猪甲病毒相关感染的特异性联系；病理逻辑中对蚊虫传播作用的论述不够深入；未明确呼吸稍快症状在诊断中的可能意义；对症支持治疗的具体操作描述不够细化",True,ERNIE-4.5-Turbo-32K,True,review,整体回答符合猪甲病毒相关感染的临床特点，诊断思路合理，处理方向与疾病性质一致，并提出了安全的采样与防控措施。但存在细节不足，例如症状与疾病的特异性关联解释不够充分，蚊虫传播机制阐述较浅，以及对呼吸加快症状的潜在意义未展开讨论。,86.0,27,18,23,20,review,20.15,17.68,,2,D:\XF-ChongQin\ai-\results\swine_weak_wiki_production\swine_disease_dataset_production_20260507_150711_dual_reviewed_20260507_152954.csv
e1de28de-1b84-5d0b-9a33-44dea9ad4b07,131,猪虱病,swine_hunyuan_turbos,hunyuan-turbos-20250926,成功,,猪,我家是60头左右40-70斤的育肥猪，最近半个月陆续有几头猪皮毛粗糙、抓痒厉害，背上有小黑点，有的还掉膘明显，粪便偏稀但不带血，之前用过一次伊维菌素拌料驱虫，但效果不明显，圈舍比较潮湿，通风一般，想问问是不是虱子引起的？该怎么处理？,根据描述，结合猪群年龄、瘙痒表现及体表可见小黑点，高度怀疑为猪虱病。确诊需在猪体毛发间找到活虱或虫卵（nits），并排除其他引起瘙痒的疾病如疥螨、葡萄球菌病等。,1. 对疑似病猪进行局部检查，用细齿梳或镊子在背部、耳后等部位查找虱或虫卵；2. 若确诊，可采用经批准的体外驱虫产品（按标签使用）进行全群处理，注意轮换作用机制以防耐药；3. 加强圈舍清洁干燥，定期更换垫料，减少拥挤，改善通风；4. 对严重消瘦个体加强营养补充；5. 必要时采集样本送实验室鉴定虫种。,不得使用未经许可的药物自行制定休药期，须严格遵循所用驱虫产品的标签规定和国家兽药管理要求。,"{""disease_name"": ""猪虱病"", ""severity"": ""中等"", ""scene_tags"": [""育肥猪"", ""群体感染"", ""体外寄生虫"", ""圈舍潮湿""], ""validation_points"": [""瘙痒伴体表可见黑色小点提示虱存在"", ""需镜检或肉眼发现虱/虫卵方可确诊"", ""环境管理是防控关键""], ""risk_flags"": [""非法定重大疫病，但影响生产性能"", ""可能与其他皮肤病混淆""], ""case_type"": ""寄生虫群体发病"", ""target_disease"": ""猪虱病"", ""local_flags"": {""species_ok"": true, ""target_disease_in_diagnosis"": true, ""target_disease_mismatch"": false, ""contains_specific_dose"": false, ""contains_specific_withdrawal"": false, ""regulated_bad_treatment"": false}}",False,False,,,True,False,False,D:\XF-ChongQin\ai-\knowledge\llm_wiki_swine_authoritative,1465,887,"猪虱病
猪虱病、external parasites lice
寄生虫群体发病
猪群出现腹泻、消瘦、皮肤瘙痒或生长慢，用户怀疑寄生虫。","{""HUMAN_REVIEWED"": 3, ""NEEDS_REVIEW"": 2}","[""SRC-0001"", ""SRC-0080"", ""SRC-0082""]",2133,22.23,ERNIE-4.5-Turbo-32K,88,28,18,24,18,False,True,"整体回答质量较高，诊断思路清晰，症状与疾病匹配合理，处理方向安全且与疾病相互印证。诊断准确性、处方安全性和数据质量方面表现良好，病理逻辑方面略有不足。
问题：病理逻辑方面，未详细说明如何排除疥螨、葡萄球菌病等其他引起瘙痒的疾病，仅提及需排除，缺乏具体方法。；数据质量方面，未提及猪虱病的典型病理变化或流行病学特点，信息完整性略有欠缺。",hunyuan-turbos-20250926,85,90,80,90,80,False,False,"该回答在诊断上准确，症状与猪虱病相符，处理方案安全且符合规范，未出现危险用药建议。不足之处在于病理逻辑部分缺少对其他瘙痒性疾病的详细鉴别方法，数据质量中缺乏对猪虱病典型病理变化和流行特点的说明。
问题：病理逻辑方面未详细说明如何排除疥螨、葡萄球菌病等其他引起瘙痒的疾病，仅简单提及需排除，缺乏可操作性方法。；数据质量方面未提供猪虱病的典型病理变化或流行病学特征，信息完整性不足。",True,ERNIE-4.5-Turbo-32K,True,review,回答整体质量较高，诊断思路清晰，症状与疾病匹配合理，处理方向安全且与疾病相互印证。但病理逻辑方面未详细说明如何排除疥螨、葡萄球菌病等其他引起瘙痒的疾病，仅提及需排除，缺乏具体方法；数据质量方面未提及猪虱病的典型病理变化或流行病学特点，信息完整性略有欠缺。,86.0,28,18,24,18,review,14.21,15.98,,2,D:\XF-ChongQin\ai-\results\swine_weak_wiki_production\swine_disease_dataset_production_20260507_150711_dual_reviewed_20260507_152954.csv
72c20d6a-7027-5d46-9123-f4f248cf9589,132,猪弓形虫病,swine_hunyuan_turbos,hunyuan-turbos-20250926,成功,,猪,我家有200头育肥猪，平均体重在60公斤左右，最近有几头出现发烧、呼吸急促、精神沉郁的情况，已经持续了三四天，舍内通风不太好，地面有些潮湿，之前没用过驱虫药。想问这种情况是不是要全群处理？环境该怎么清理？要不要做检查确认？,根据描述，育肥猪出现发热、呼吸加快和精神差，结合舍内通风不良、地面潮湿的环境条件，以及未使用过驱虫药的历史，需要考虑猪弓形虫病的可能。该病在猪多为隐性感染，但在应激或免疫力下降时可出现急性临床表现，如高热、呼吸困难等。同时应排除其他呼吸道病原体及环境因素引起的疾病。,treatment_direction: 针对弓形虫病的特异性治疗应由专业兽医根据检测结果制定，不建议自行使用抗寄生虫药物。；management_measures: 立即改善圈舍通风，降低氨气浓度；保持干燥清洁，减少粪便堆积；防止猫进入猪舍，避免猫粪污染饲料和水源；对发病猪进行隔离观察。；sampling_and_testing: 采集血液、组织样本送实验室进行血清学或PCR检测，以明确是否为弓形虫感染及其他并发病原。；prohibited_boundaries: 严禁在未确诊情况下随意使用驱虫药；发现疑似重大动物疫病应立即上报当地畜牧兽医部门，不得擅自处理。,因涉及人兽共患风险，若确诊为弓形虫病，应根据兽医建议和监管要求确定休药期及猪肉安全处置措施，不可直接上市销售。,"{""disease_name"": ""猪弓形虫病"", ""severity"": ""中等至严重（视感染程度和猪群健康状况而定）"", ""scene_tags"": [""育肥猪"", ""发热"", ""呼吸异常"", ""环境潮湿"", ""无驱虫史""], ""validation_points"": [""症状符合弓形虫急性感染可能"", ""环境条件有利于寄生虫存活和传播"", ""存在猫作为终末宿主的潜在污染源""], ""risk_flags"": [""人兽共患风险"", ""需实验室确诊"", ""可能涉及重大动物疫病处置流程""], ""case_type"": ""驱虫和环境管理"", ""target_disease"": ""猪弓形虫病"", ""local_flags"": {""species_ok"": true, ""target_disease_in_diagnosis"": true, ""target_disease_mismatch"": false, ""contains_specific_dose"": false, ""contains_specific_withdrawal"": false, ""regulated_bad_treatment"": false}}",False,False,,,True,False,False,D:\XF-ChongQin\ai-\knowledge\llm_wiki_swine_authoritative,1465,887,"猪弓形虫病
猪弓形虫病、toxoplasmosis protozoa
驱虫和环境管理
用户询问是否需要全群处理、环境清理和复查方式。","{""HUMAN_REVIEWED"": 3, ""NEEDS_REVIEW"": 2}","[""SRC-0001"", ""SRC-0026"", ""SRC-0081"", ""SRC-0082""]",2042,29.19,ERNIE-4.5-Turbo-32K,88,28,18,23,20,False,True,"整体回答较为全面，诊断考虑了症状、环境因素和病史，逻辑合理。处理方向安全，强调了实验室确诊的重要性，并给出了合理的环境管理措施。数据质量方面，症状、环境因素和病史的描述较为详细，有助于诊断。
问题：诊断准确性方面，虽然考虑了猪弓形虫病的可能，但也应更明确地排除其他类似症状的疾病，如猪肺疫、猪流感等，以提高诊断的特异性。；病理逻辑方面，对弓形虫病的病理机制解释不够深入，可以进一步阐述为何在应激或免疫力下降时会出现急性临床表现。；数据质量方面，虽然提供了症状、环境因素和病史的描述，但缺乏具体的体温、呼吸频率等量化数据，可能影响诊断的准确性。；处方安全性方面，虽然强调了不自行使用抗寄生虫药物，但未提供具体的替代治疗方案或建议兽医进一步检查的紧迫性。",hunyuan-turbos-20250926,85,80,75,90,80,False,False,"该数据场景真实，用户描述了育肥猪群体中出现发热、呼吸急促等症状，并结合环境和管理因素提出疑问，符合猪弓形虫病可能的背景。诊断部分考虑了弓形虫病的可能性，并提示需排除其他呼吸道疾病，逻辑基本合理。处理方案强调先检测再用药，禁止擅自使用驱虫药，并给出环境管理和生物安全措施，符合安全边界要求。不足之处在于诊断特异性不足，未充分排除常见类似症状疾病（如猪流感、猪肺疫），且缺少关键量化指标（体温、呼吸频率）支持诊断。病理机制解释较浅，未详细说明应激诱发机制。处方虽安全，但缺乏明确的后续诊疗路径建议。
问题：诊断特异性不足，未充分排除猪流感、猪肺疫等相似症状疾病；病理机制解释不够深入，未说明应激或免疫低下如何诱发弓形虫急性表现；缺少关键量化临床数据（体温、呼吸频率）影响诊断准确性；处方中未给出明确的后续诊疗路径或紧急处理建议",True,ERNIE-4.5-Turbo-32K,True,review,整体回答较为全面，诊断考虑了症状、环境因素和病史，逻辑合理。处理方向安全，强调了实验室确诊的重要性，并给出了合理的环境管理措施。不足之处在于诊断特异性不足，未充分排除其他类似症状的疾病，病理机制解释不够深入，且缺少关键量化指标（体温、呼吸频率）支持诊断，处方中未给出明确的后续诊疗路径或紧急处理建议。,86.0,28,18,23,20,review,20.88,17.35,,2,D:\XF-ChongQin\ai-\results\swine_weak_wiki_production\swine_disease_dataset_production_20260507_150711_dual_reviewed_20260507_152954.csv
7bfbaf94-79a2-53f3-8066-60b9b1f60bde,135,猪鞭虫病,swine_hunyuan_turbos,hunyuan-turbos-20250926,成功,,猪,我家有120头60日龄左右的保育猪，最近一周陆续出现拉稀、毛色发暗、个别猪精神差、采食量下降，粪便里有时能看到带血丝的黏液，还有几头皮肤上有小痂皮。圈舍比较潮湿，之前没做过驱虫，想问问是不是寄生虫引起的？,根据描述的症状（腹泻、消瘦、便血、皮肤结痂）、日龄及饲养环境，考虑可能为猪鞭虫病（Trichuris suis），同时需排除其他肠道疾病如大肠杆菌病、沙门氏菌病等。建议通过粪便检查寻找特征性虫卵或成虫进行确诊。,treatment_direction: 使用广谱驱虫药物针对鞭虫进行治疗，并配合改善饲养管理以减少再感染风险。；management_measures: 保持圈舍干燥清洁，及时清理粪污，减少猪只接触污染土壤的机会；定期更换垫料并进行消毒。；sampling_and_testing: 采集新鲜粪便样本送实验室镜检，查找典型鞭虫卵或成虫；必要时做剖检观察盲肠和结肠黏膜病变。；contraindications_and_boundaries: 若检出高致病性或疑似重大动物疫病病原体，应立即按当地动物防疫部门要求进行隔离、报告或扑杀等处置，不可自行用药替代。,因涉及不同药物种类，应严格遵循所用驱虫药的停药期规定，并在停药期满前禁止屠宰上市。,"{""disease_name"": ""猪鞭虫病"", ""severity"": ""中等"", ""scene_tags"": [""保育猪"", ""腹泻"", ""消瘦"", ""便血"", ""皮肤结痂"", ""潮湿环境""], ""validation_points"": [""症状符合鞭虫重度感染导致的结肠炎表现"", ""年龄和饲养环境与鞭虫易感性相符"", ""缺乏驱虫史增加感染概率""], ""risk_flags"": [""可能存在混合感染"", ""圈舍卫生条件差"", ""需排除其他肠道传染病""], ""case_type"": ""寄生虫群体发病"", ""target_disease"": ""猪鞭虫病"", ""local_flags"": {""species_ok"": true, ""target_disease_in_diagnosis"": true, ""target_disease_mismatch"": false, ""contains_specific_dose"": false, ""contains_specific_withdrawal"": false, ""regulated_bad_treatment"": false}}",False,False,,,True,False,False,D:\XF-ChongQin\ai-\knowledge\llm_wiki_swine_authoritative,1465,887,"猪鞭虫病
猪鞭虫病、trichuris suis internal parasites
寄生虫群体发病
猪群出现腹泻、消瘦、皮肤瘙痒或生长慢，用户怀疑寄生虫。","{""HUMAN_REVIEWED"": 2, ""NEEDS_REVIEW"": 2}","[""SRC-0001"", ""SRC-0082""]",2221,24.51,ERNIE-4.5-Turbo-32K,88,28,18,23,20,False,True,"整体回答质量较高，诊断方向准确，症状与疾病匹配合理，处理方向安全且与疾病相互印证。但在病理逻辑和处方安全性方面存在一定提升空间，数据质量方面可进一步优化。
问题：病理逻辑方面，虽然考虑了其他肠道疾病的可能性，但未详细说明如何排除这些疾病，逻辑不够严密。；处方安全性方面，未明确具体驱虫药物名称及剂量，仅提及使用广谱驱虫药物，可能影响用药安全性和有效性。；数据质量方面，症状描述较为详细，但未提及具体腹泻频率、便血程度等量化指标，可能影响诊断准确性。",hunyuan-turbos-20250926,85,90,80,85,82,False,False,"该数据整体真实可信，用户描述的养殖背景、症状与猪鞭虫病的临床特征基本吻合，诊断方向正确且提出了鉴别诊断思路。处方建议符合常规防控原则，包含必要的生物安全措施，未发现明显危险建议。但病理推理部分对鉴别诊断的具体方法说明不足，处方中未细化驱虫药物类别，可能影响执行效果。此外，缺乏更细化的症状量化信息，影响诊断精准度。
问题：病理逻辑中对如何排除大肠杆菌病、沙门氏菌病等鉴别措施描述不足，推理链条不够完整。；处方中未明确驱虫药物的类别或作用机制，可能导致用药选择不当。；缺少腹泻频率、便血严重程度等量化指标，限制了对病情严重程度的评估。",True,ERNIE-4.5-Turbo-32K,True,review,整体回答质量较高，诊断方向准确，症状与疾病匹配合理，处理方向安全且与疾病相互印证。但存在病理逻辑不够严密、处方未明确具体驱虫药物名称及剂量、缺乏症状量化指标等轻微不足，可能影响诊断准确性和用药安全性，需进一步优化。,86.0,28,18,23,20,review,15.02,19.96,,2,D:\XF-ChongQin\ai-\results\swine_weak_wiki_production\swine_disease_dataset_production_20260507_150711_dual_reviewed_20260507_152954.csv
160cb673-0feb-5b81-a30b-05fea656b135,137,猪后圆线虫病,swine_hunyuan_turbos,hunyuan-turbos-20250926,成功,,猪,我家有200头育肥猪，现在70公斤左右，最近一周陆续出现咳嗽、呼吸急促的情况，有的猪精神还行，有的采食量下降。之前用过一次替米考星拌料，症状没完全控制住。圈舍通风一般，粪便清理不及时，想问问这种情况该采什么样样品送检测？会不会是多种病原一起感染的？,结合临床表现和饲养管理情况，怀疑为猪后圆线虫病合并其他呼吸道感染因素（包括可能的细菌性或病毒性病原），同时存在环境通风不良及有害气体刺激的可能。建议通过肺组织压片镜检、支气管灌洗液或肺脏切片检查虫体，并同步采集鼻拭子或肺组织进行PCR检测常见呼吸道病毒（如流感病毒、蓝耳病毒）及支原体等病原，以明确是否存在混合感染。,treatment_direction: 针对后圆线虫可考虑使用对猪安全且有效的驱虫药（需由执业兽医根据当地法规开具处方）；若检出其他病原，按相应病原制定治疗方案。；management_measures: 改善圈舍通风，及时清粪，减少有害气体积聚；分群饲养，降低交叉感染风险；加强营养支持以提高抵抗力。；sampling_and_testing: 采集肺组织压片镜检找虫体，必要时做肺组织切片；同时采集鼻拭子或肺组织进行呼吸道病毒、支原体PCR检测；有条件可加做细菌培养鉴定。；contraindications_and_boundaries: 禁止自行使用未经批准的驱虫药或抗生素；若检出法定重大疫病（如非洲猪瘟），须立即报告并按规定扑杀、无害化处理，不得私自治疗。,因涉及不同病原及药物，需依据最终确诊病原及所用药物确定，具体应由执业兽医出具处方并在用药记录中明确标注。,"{""disease_name"": ""猪后圆线虫病"", ""severity"": ""中等"", ""scene_tags"": [""育肥猪"", ""呼吸道症状"", ""混合感染可能"", ""环境通风不良""], ""validation_points"": [""症状符合呼吸道寄生虫感染特征"", ""用药效果不佳提示可能存在耐药或多病原混合感染"", ""建议多途径采样提高诊断准确性""], ""risk_flags"": [""潜在混合感染"", ""环境致病因素"", ""需排除重大传染病""], ""case_type"": ""呼吸道采样送检"", ""target_disease"": ""猪后圆线虫病"", ""local_flags"": {""species_ok"": true, ""target_disease_in_diagnosis"": true, ""target_disease_mismatch"": false, ""contains_specific_dose"": false, ""contains_specific_withdrawal"": false, ""regulated_bad_treatment"": false}}",False,False,,,True,False,False,D:\XF-ChongQin\ai-\knowledge\llm_wiki_swine_authoritative,1465,887,"猪后圆线虫病
猪后圆线虫病、metastrongylus lungworms
呼吸道采样送检
呼吸道症状持续，用药效果不稳定，用户询问采什么样品和如何鉴别混合感染。","{""HUMAN_REVIEWED"": 1, ""NEEDS_REVIEW"": 4}","[""RC-RESP-001"", ""SRC-0001"", ""SRC-0007"", ""SRC-0042"", ""SRC-0043"", ""SRC-0049"", ""SRC-0050"", ""SRC-0058"", ""SRC-0059"", ""SRC-0066"", ""SRC-0069"", ""SRC-0070"", ""SRC-0076"", ""SRC-0086""]",2009,28.58,ERNIE-4.5-Turbo-32K,88,28,18,23,20,False,True,"该回答整体表现良好，诊断方向合理，考虑了混合感染和环境因素，采样建议全面，治疗和管理措施安全有效。但在诊断逻辑的详细性和数据质量方面仍有提升空间。
问题：诊断逻辑中对于猪后圆线虫病的特异性症状描述不够详细，缺乏与其他呼吸道疾病的明确区分点。；数据质量方面，虽然采样建议全面，但未明确说明各项检测的优先级和必要性，可能给用户造成困惑。；在处方安全中，虽然提到了需由执业兽医开具处方，但未具体说明驱虫药的选择原则和注意事项。",hunyuan-turbos-20250926,85,90,80,85,80,False,False,"回答整体结构完整，诊断思路合理，考虑到了猪后圆线虫病的可能性以及混合感染与环境因素的影响，采样方案较为全面，管理措施符合规范，未出现明显危险建议。但存在以下不足：1. 对猪后圆线虫病的典型症状描述不够突出，缺少与单纯细菌性或病毒性肺炎的鉴别要点；2. 采样建议虽全，但未明确各检测项目的优先顺序和临床意义，可能导致用户执行时困惑；3. 驱虫药选择原则未细化，仅笼统提及需执业兽医开具处方，缺乏指导价值。
问题：缺乏对猪后圆线虫病的特异性症状详细描述，难以与单纯呼吸道疾病区分；采样检测项目未给出优先级和必要性排序，可能影响实际操作效率；驱虫药选择原则过于笼统，未提供基本筛选标准",True,ERNIE-4.5-Turbo-32K,True,review,回答整体结构完整，诊断方向合理，考虑到了猪后圆线虫病的可能性以及混合感染与环境因素的影响，采样方案较为全面，管理措施符合规范，未出现明显危险建议。但存在以下不足：1. 对猪后圆线虫病的典型症状描述不够突出，缺少与单纯细菌性或病毒性肺炎的鉴别要点；2. 采样建议虽全，但未明确各检测项目的优先顺序和临床意义，可能导致用户执行时困惑；3. 驱虫药选择原则未细化，仅笼统提及需执业兽医开具处方，缺乏指导价值。,86.0,28,18,23,20,review,17.94,21.54,,2,D:\XF-ChongQin\ai-\results\swine_weak_wiki_production\swine_disease_dataset_production_20260507_150711_dual_reviewed_20260507_152954.csv
f61fc301-26a7-5bc8-8681-307875452df5,155,仔猪黄白痢,swine_hunyuan_turbos,hunyuan-turbos-20250926,成功,,猪,我家有120头母猪，最近刚产仔的这批小猪10日龄左右开始拉黄色稀粪，有的带白色粘液，整窝都有，吃奶正常，精神还行，就是有点脱水。圈舍温度偏低，前几天阴雨潮湿。想问这是不是黄白痢？要不要马上打针还是先送样检查？,根据日龄（10日龄）及粪便性状（黄色稀粪伴白色粘液），结合整窝发病、环境温度低等诱因，高度怀疑为仔猪黄白痢（由致病性大肠杆菌引起）。需排除传染性胃肠炎、轮状病毒等其他病因。,treatment_direction: 立即改善保温与干燥条件，补充电解质溶液防脱水；对严重脱水个体可考虑腹腔补液；使用针对大肠杆菌敏感的抗生素（如氟苯尼考类或恩诺沙星类）进行对症治疗，并配合益生菌调节肠道菌群。；management_measures: 加强产房保温，保持地面干燥清洁，及时清除湿垫料；减少应激因素；确保初乳摄入充足。；sampling_for_testing: 采集新鲜腹泻粪便样本，送实验室做细菌分离培养鉴定、PCR检测大肠杆菌毒力基因，必要时同时检测轮状病毒、传染性胃肠炎病毒等。；contraindications: 禁止随意更换多种抗生素以防耐药；禁止使用禁药或超范围药物；若检出法定重大疫病（如非洲猪瘟、口蹄疫等），须立即隔离封锁并上报主管部门。,具体休药期依据所用药物种类及说明书执行，停药至安全间隔后方可出售或屠宰。,"{""disease_name"": ""仔猪黄白痢"", ""severity"": ""中等"", ""scene_tags"": [""腹泻"", ""低温应激"", ""整窝发病"", ""初生仔猪""], ""validation_points"": [""日龄符合大肠杆菌易感期"", ""粪便性状与黄白痢一致"", ""环境因素支持发病""], ""risk_flags"": [""可能误诊其他病毒性腹泻"", ""环境管理不当易复发""], ""case_type"": ""腹泻采样送检"", ""target_disease"": ""仔猪黄白痢"", ""local_flags"": {""species_ok"": true, ""target_disease_in_diagnosis"": true, ""target_disease_mismatch"": false, ""contains_specific_dose"": false, ""contains_specific_withdrawal"": false, ""regulated_bad_treatment"": false}}",False,False,,,True,False,False,D:\XF-ChongQin\ai-\knowledge\llm_wiki_swine_authoritative,1465,887,"仔猪黄白痢
仔猪黄白痢、neonatal post weaning colibacillosis、黄白痢、大肠杆菌、仔猪大肠杆菌病
腹泻采样送检
用户描述粪便性状、日龄和病程，重点询问如何鉴别病毒性、细菌性或寄生虫性腹泻。","{""HUMAN_REVIEWED"": 1, ""NEEDS_REVIEW"": 4}","[""RC-DIARRHEA-001"", ""SRC-0001"", ""SRC-0052"", ""SRC-0062"", ""SRC-0063"", ""SRC-0064"", ""SRC-0071"", ""SRC-0072"", ""SRC-0073"", ""SRC-0077"", ""SRC-0081""]",2148,28.41,ERNIE-4.5-Turbo-32K,88,28,18,23,20,False,True,"该回答整体表现良好，诊断准确性较高，症状与疾病匹配合理，诊断逻辑清晰，处理方向安全且与疾病相互印证。数据质量方面，信息完整且无明显错误。
问题：diagnosis_accuracy: 诊断准确性较高，但未完全排除其他病毒性腹泻的可能性，如传染性胃肠炎、轮状病毒等，仅提及需排除，未详细说明鉴别方法。；pathology_logic: 病理逻辑基本合理，但未深入解释环境因素（如低温、潮湿）如何具体影响仔猪黄白痢的发病机制。；prescription_safety: 处方安全，但未明确说明抗生素的具体使用剂量和疗程，仅提及药物种类。；data_quality: 数据质量良好，但风险标志中提到的'可能误诊其他病毒性腹泻'和'环境管理不当易复发'未在回答中充分展开讨论或提供具体预防措施。",hunyuan-turbos-20250926,85,8,7.5,9,8.5,False,False,"该数据整体真实可信，用户描述符合仔猪黄白痢的典型临床特征，诊断思路正确，考虑了鉴别诊断和环境诱因，处理方案安全且包含必要的采样检测和生物安全措施。不足之处在于对病毒性腹泻的鉴别方法阐述不足，环境致病机制分析不够深入，部分风险提示未充分展开。
问题：未详细说明如何鉴别病毒性腹泻（如传染性胃肠炎、轮状病毒）与细菌性黄白痢的方法。；对环境因素（低温、潮湿）诱发黄白痢的机制解释不足。；风险提醒中的“可能误诊”和“环境管理不当易复发”未给出针对性预防建议。",True,ERNIE-4.5-Turbo-32K,True,review,该回答整体表现良好，诊断准确性较高，症状与疾病匹配合理，诊断逻辑清晰，处理方向安全且与疾病相互印证。但存在一些不足，如未详细说明如何鉴别病毒性腹泻（如传染性胃肠炎、轮状病毒）与细菌性黄白痢的方法，对环境因素（低温、潮湿）诱发黄白痢的机制解释不足，风险提醒中的“可能误诊”和“环境管理不当易复发”未给出针对性预防建议。,86.0,28,18,23,20,review,20.11,18.38,,2,D:\XF-ChongQin\ai-\results\swine_weak_wiki_production\swine_disease_dataset_production_20260507_150711_dual_reviewed_20260507_152954.csv
a5299a88-5659-5212-9b27-17bce3e1fd36,160,猪痢疾,swine_hunyuan_turbos,hunyuan-turbos-20250926,成功,,猪,我场有300多头60公斤左右的育肥猪，分两栋圈养，最近一周内第二栋陆续出现拉稀带血、粪便稀薄带黏液的情况，有的猪精神差、采食下降，体温正常偏高，圈舍湿度大、地面常有积水，之前用过恩诺沙星拌料三天效果不明显。想问能不能先当普通肠炎处理看看？,根据描述，该批育肥猪在潮湿环境中出现血性腹泻、黏液便及采食下降，结合饲养密度和环境条件，高度怀疑为猪痢疾（Swine Dysentery），由强β溶血性Brachyspira属细菌（包括B. hyodysenteriae、B. hampsonii、B. suanatina等）引起。该病通过粪口途径传播，在湿粪中可长期存活，易在密集饲养条件下暴发。需通过实验室PCR或培养确认病原并排除其他出血性肠炎病因。,treatment_direction: 立即停喂高纤维饲料，改为易消化低蛋白日粮，减少肠道刺激；尽快采集新鲜粪便样本送实验室进行强β溶血Brachyspira PCR检测；若确诊且病情进展快，应在兽医指导下选用敏感抗菌药物（注意pleuromutilin类耐药率上升）；加强饮水卫生，防止交叉感染。；management_measures: 对发病栏实施全进全出管理，彻底清理积粪和污水，用有效消毒剂冲洗消毒；改善通风降低湿度；限制人员、工具跨栏流动；病死猪无害化处理。；sampling_and_testing: 从典型病例采集直肠拭子或新鲜粪便，冷藏保存送实验室做强β溶血Brachyspira PCR和培养鉴定；必要时剖检取结肠黏膜作病理学检查。；prohibited_boundaries: 严禁在未确诊前随意使用广谱抗生素掩盖症状；禁止将疑似重大疫病当作普通肠炎自行处理而延误上报；发现多栏快速扩散应立即向当地动物防疫部门报告，配合流行病学调查。,因涉及抗菌药物使用和食品安全，应依据所用药物标签规定及检测结果确定停药期，并在出栏前确保符合休药期要求。,"{""disease_name"": ""猪痢疾"", ""severity"": ""中等至严重（视传播速度及死亡率而定）"", ""scene_tags"": [""育肥猪"", ""群体暴发"", ""潮湿环境"", ""血便"", ""抗生素治疗无效""], ""validation_points"": [""症状与猪痢疾典型表现一致（血性腹泻、黏液便、采食下降）"", ""环境与传播途径吻合（湿粪、高密度饲养）"", ""前期用药无效提示可能耐药或非对症""], ""risk_flags"": [""存在快速跨栏传播风险"", ""可能涉及多重耐药Brachyspira菌株"", ""若未及时控制可能发展为全场流行""], ""case_type"": ""暴发与处置边界"", ""target_disease"": ""猪痢疾"", ""local_flags"": {""species_ok"": true, ""target_disease_in_diagnosis"": true, ""target_disease_mismatch"": false, ""contains_specific_dose"": false, ""contains_specific_withdrawal"": false, ""regulated_bad_treatment"": false}}",False,False,,,True,False,False,D:\XF-ChongQin\ai-\knowledge\llm_wiki_swine_authoritative,1465,887,"猪痢疾
猪痢疾、swine dysentery brachyspira hyodysenteriae、swine dysentery、Brachyspira
暴发与处置边界
同栏或多栋猪舍短期内发病增多，用户询问是否能先按普通病治疗观察。","{""HUMAN_REVIEWED"": 3}","[""SRC-0077""]",2220,27.91,ERNIE-4.5-Turbo-32K,88,28,18,23,20,False,True,"该回答对猪痢疾的诊断、处理方向及管理措施整体准确，符合疾病特征与场景需求，未发现致命风险，评分较高。
问题：diagnosis_accuracy: 诊断部分未明确提及体温正常偏高这一症状与猪痢疾的关联性，略显不足。；pathology_logic: 病理逻辑部分对传播途径和环境因素的关联性描述稍显简略，可进一步细化。；data_quality: 数据质量部分对用户查询中的具体细节（如恩诺沙星使用效果）的利用不够充分，可增强针对性。",hunyuan-turbos-20250926,85,4,4,5,3,False,False,"该回答对猪痢疾的诊断和处理方向基本准确，考虑了环境、传播途径及实验室检测的重要性，并强调了未确诊前不得滥用抗生素及及时上报的要求，安全性较好。但诊断部分未充分利用用户提供的体温信息，病理机制与环境关联描述较简略，对已有用药史的分析不足，导致针对性略有欠缺。
问题：未明确解释体温正常偏高与猪痢疾的关系；环境因素与疾病传播的病理联系阐述不够详细；未针对已使用恩诺沙星无效的情况给出分析或调整建议",True,ERNIE-4.5-Turbo-32K,partially,review,该回答对猪痢疾的诊断和处理方向基本准确，考虑了环境、传播途径及实验室检测的重要性，并强调了未确诊前不得滥用抗生素及及时上报的要求，安全性较好。但诊断部分未充分利用用户提供的体温信息，病理机制与环境关联描述较简略，对已有用药史的分析不足，导致针对性略有欠缺。,86.0,28,18,23,20,review,16.81,17.1,,2,D:\XF-ChongQin\ai-\results\swine_weak_wiki_production\swine_disease_dataset_production_20260507_150711_dual_reviewed_20260507_152954.csv
e197c82b-bdcb-5da0-bc46-5a3e59ccdcb0,167,猪星状病毒感染,swine_hunyuan_turbos,hunyuan-turbos-20250926,成功,,猪,我家有200头母猪，产房里刚出生7天左右的仔猪陆续出现拉稀，有的黄色水样，有的带白色奶瓣，整窝都有，个别精神差、吃奶少，体温正常，已经两天了。之前用过恩诺沙星拌料喂过一次，效果不明显。想问下这是啥原因？要不要做化验区分是病毒还是细菌引起的？,根据日龄（7日龄左右）及整窝发病、水样或乳糜样腹泻、部分精神食欲下降等特征，考虑病毒性腹泻可能性较大，如猪星状病毒、轮状病毒、冠状病毒等；也可能合并细菌感染（如大肠杆菌、产气荚膜梭菌）或寄生虫（如球虫）。目前尚无特异性致死表现，病程较短，符合多种病因重叠的腹泻模式。,treatment_direction: 对症支持治疗，防止继发感染，维持水电解质平衡，提高环境温度减少应激。；management_measures: 立即将腹泻严重仔猪隔离到保温箱，补充口服补液盐或葡萄糖盐水，保持圈舍干燥清洁，及时清除粪便，减少交叉污染。；sampling_and_testing: 采集腹泻粪便样品送实验室进行病毒学（PCR检测星状病毒、轮状病毒、冠状病毒等）、细菌培养及寄生虫卵检查，明确主要致病因子。；prohibited_actions: 禁止随意使用抗生素作为唯一手段，尤其在没有确诊前不可大剂量长期使用；发现高死亡率或急性出血性腹泻应立即上报当地动物防疫部门。,因无特定药物治疗方案，暂无统一休药期规定；若使用抗生素，须遵循药品说明书并在出栏前满足相应停药时间。,"{""disease_name"": ""猪星状病毒感染"", ""severity"": ""中等"", ""scene_tags"": [""腹泻"", ""仔猪"", ""整窝发病"", ""水样便"", ""初生仔猪""], ""validation_points"": [""按日龄和病程分层鉴别腹泻病因"", ""涵盖病毒、细菌、寄生虫等多重可能"", ""强调采样送检的重要性""], ""risk_flags"": [""潜在混合感染"", ""早期干预不足可能导致死亡增加""], ""case_type"": ""腹泻采样送检"", ""target_disease"": ""猪星状病毒感染"", ""local_flags"": {""species_ok"": true, ""target_disease_in_diagnosis"": true, ""target_disease_mismatch"": false, ""contains_specific_dose"": false, ""contains_specific_withdrawal"": false, ""regulated_bad_treatment"": false}}",False,False,,,True,False,False,D:\XF-ChongQin\ai-\knowledge\llm_wiki_swine_authoritative,1465,887,"猪星状病毒感染
猪星状病毒感染、astroviruses、astrovirus、猪星状病毒
腹泻采样送检
用户描述粪便性状、日龄和病程，重点询问如何鉴别病毒性、细菌性或寄生虫性腹泻。","{""HUMAN_REVIEWED"": 3, ""NEEDS_REVIEW"": 2}","[""RC-DIARRHEA-001"", ""SRC-0001"", ""SRC-0007"", ""SRC-0032"", ""SRC-0052"", ""SRC-0062"", ""SRC-0063"", ""SRC-0064"", ""SRC-0071"", ""SRC-0072"", ""SRC-0073"", ""SRC-0077"", ""SRC-0081""]",2189,25.69,ERNIE-4.5-Turbo-32K,88,28,18,23,20,False,True,"整体回答质量较高，诊断考虑全面，鉴别诊断合理，治疗方向安全，采样建议明确。但在病理逻辑的深度和部分数据质量上仍有提升空间。
问题：诊断部分虽然提及多种病毒，但对猪星状病毒的特征描述不够突出，与其他病毒性腹泻的鉴别点不够明确。；病理逻辑部分对病程发展和潜在混合感染的机制解释不够深入。；数据质量方面，场景标签和验证点覆盖较全，但风险标志的描述稍显笼统。",hunyuan-turbos-20250926,85,90,80,95,80,False,False,"该数据整体真实可信，用户描述的场景（200头母猪产房7日龄仔猪群发性腹泻）符合常见病毒性腹泻流行病学特点。诊断考虑了多种可能病原并提示送检，方向正确且安全。处方强调对症支持、隔离、补液和环境管理，未给出危险用药建议，且有明确的禁止滥用抗生素提醒。不足之处在于对猪星状病毒的特异性特征描述不足，未能清晰区分其与其他病毒性腹泻的差异；病理机制分析略浅，缺乏病程进展和混合感染机制的进一步说明；风险警示虽存在但表述偏笼统，可更细化。
问题：对猪星状病毒的临床特征和鉴别要点描述不足，难以支撑将其列为首要怀疑对象。；病理逻辑中对病程发展、继发感染机制和混合感染的解释不够深入。；风险警示内容较为笼统，缺少针对重大疫病和人兽共患病的明确处置指引。",True,ERNIE-4.5-Turbo-32K,True,review,整体回答质量较高，诊断方向正确且安全，考虑了多种可能病原并提示送检，治疗建议合理且无危险用药，管理措施和采样建议明确。不足之处在于对猪星状病毒的特异性特征描述不足，病理逻辑中对病程发展和混合感染机制的解释不够深入，风险警示内容较为笼统，可进一步优化。,86.0,28,18,23,20,review,16.92,19.92,,2,D:\XF-ChongQin\ai-\results\swine_weak_wiki_production\swine_disease_dataset_production_20260507_150711_dual_reviewed_20260507_152954.csv
90aec0c0-d8d5-59a6-be10-d5b4a03ffeb5,182,猪流感,swine_hunyuan_turbos,hunyuan-turbos-20250926,成功,,猪,我家有120头70公斤左右的育肥猪，最近10天陆续出现咳嗽、流鼻涕、个别发烧到40℃，用了替米考星和多西环素后部分好转，但还有零星反复。舍内通风一般，氨气味明显。想问这种情况该采哪些样做检测？怎么判断是不是混合感染？,根据描述，育肥猪出现持续性呼吸道症状，伴发热，使用抗生素后部分缓解但仍反复，提示可能存在病毒性呼吸道感染（如猪流感）与细菌性继发感染的混合情况。环境因素（氨气浓度高）可能加重呼吸道刺激。需要结合实验室检测区分病原体类型及是否多重感染。,treatment_direction: 立即改善舍内通风，降低氨气浓度；对发病猪进行隔离观察，减少应激；针对可能的细菌继发感染，可在兽医指导下选择敏感抗菌药物；若怀疑病毒感染，应避免盲目使用抗病毒药物，优先送检明确病原。；management_measures: 加强饲养管理，保证饮水充足，饲料营养均衡；每日巡查体温和呼吸状况，记录变化；病死猪及时无害化处理。；sampling_and_testing: 采集发病猪鼻腔拭子、咽喉拭子及肺组织（必要时），尽快送实验室进行RT-PCR检测猪流感病毒及其他常见呼吸道病原（如PRRSV、PCV2、支原体、巴氏杆菌等）；同时进行细菌培养鉴定以明确是否存在混合感染。；prohibited_boundaries: 禁止随意使用未经批准的抗病毒药物；发现疑似重大传染病（如非洲猪瘟）应立即上报，不得自行处理或销售。,因未涉及具体药物使用方案，无明确休药期说明；如需用药，须依据兽医处方并在出栏前遵守相应停药期规定。,"{""disease_name"": ""猪流感"", ""severity"": ""中等"", ""scene_tags"": [""育肥猪"", ""呼吸道症状"", ""混合感染"", ""环境氨气""], ""validation_points"": [""症状符合猪流感特征且存在环境诱因"", ""抗生素治疗部分有效提示可能有细菌感染参与"", ""建议通过多部位采样提高检出率""], ""risk_flags"": [""潜在混合感染"", ""环境氨气过高""], ""case_type"": ""呼吸道采样送检"", ""target_disease"": ""猪流感"", ""local_flags"": {""species_ok"": true, ""target_disease_in_diagnosis"": true, ""target_disease_mismatch"": false, ""contains_specific_dose"": false, ""contains_specific_withdrawal"": false, ""regulated_bad_treatment"": false}}",False,False,,,True,False,False,D:\XF-ChongQin\ai-\knowledge\llm_wiki_swine_authoritative,1465,887,"猪流感
猪流感、influenza viruses
呼吸道采样送检
呼吸道症状持续，用药效果不稳定，用户询问采什么样品和如何鉴别混合感染。","{""HUMAN_REVIEWED"": 4}","[""SRC-0001"", ""SRC-0007"", ""SRC-0042"", ""SRC-0043""]",2221,26.13,ERNIE-4.5-Turbo-32K,88,27,18,23,20,False,True,"该回答整体表现良好，诊断准确性较高，症状与疾病匹配合理，诊断逻辑清晰，处理方向安全且与疾病相互印证。数据质量较高，提供了详细的采样和检测建议。
问题：病理逻辑部分对环境因素（氨气浓度高）与疾病关系的阐述略显不足，可进一步细化其对呼吸道刺激的具体影响。；数据质量方面，虽然提供了详细的采样和检测建议，但对采样时机的描述不够具体，可能影响检测结果的准确性。；诊断准确性方面，虽然考虑了混合感染的可能性，但对其他可能引起类似症状的疾病（如猪肺疫、猪传染性胸膜肺炎等）的鉴别诊断提及较少。",hunyuan-turbos-20250926,85,90,80,95,85,True,False,"该数据整体真实可信，用户描述的育肥猪呼吸道症状与环境条件符合猪流感及混合感染的典型特征，诊断思路合理且包含病毒性与细菌性双重考虑。处理建议安全，强调送检与避免滥用药物，并设有重大疫病防控边界。不足之处在于环境致病机制解释较简略，采样时机细节不足，对其他相似疾病的鉴别提示较少。
问题：病理逻辑中对氨气等环境因素如何加重呼吸道损伤的机制阐述不足；采样建议中缺少最佳采样时间点的指导，可能影响检测结果可靠性；鉴别诊断范围偏窄，未充分列举其他可引起类似症状的猪呼吸道疾病",True,ERNIE-4.5-Turbo-32K,True,review,该回答整体表现良好，诊断准确性较高，症状与疾病匹配合理，处理方向安全且与疾病相互印证。回答提供了详细的采样和检测建议，并强调了送检与避免滥用药物的重要性，同时设有重大疫病防控边界。不足之处在于病理逻辑中对环境因素（氨气浓度高）与疾病关系的阐述略显不足，采样时机的描述不够具体，可能影响检测结果的准确性，且对其他可能引起类似症状的疾病的鉴别诊断提及较少。,86.0,27,18,23,20,review,18.27,81.58,,2,D:\XF-ChongQin\ai-\results\swine_weak_wiki_production\swine_disease_dataset_production_20260507_150711_dual_reviewed_20260507_152954.csv
666bad46-f481-56ff-923b-8d302e1f1cea,184,猪细小病毒病,swine_hunyuan_turbos,hunyuan-turbos-20250926,成功,,猪,我家有120头母猪，平均胎次在3-4胎之间，最近两个月陆续发现好几窝怀孕后期流产，还有几头空怀时间明显延长，之前没用过疫苗，也没有做过净化。想问下这种情况是不是细小病毒引起的？需要采什么样子的样本去化验？现在还能继续配种吗？要不要暂停引进新母猪？,根据描述，怀孕后期流产、空怀时间延长，且未做细小病毒疫苗免疫，结合当前季节及繁殖障碍表现，高度怀疑为猪细小病毒病（PPV1）所致。该病主要通过垂直传播感染胎儿，导致死胎、木乃伊胎或流产，也可引起母猪返情延迟。需通过实验室检测确认。,treatment_direction: 目前无特效抗病毒药物，重点在于控制传染源、阻断传播链。对发病母猪进行隔离观察，加强产房及配种舍的清洁消毒。；management_measures: 立即暂停配种计划，直至检测结果明确并采取相应措施；暂停引入新母猪，防止带入病原；对全场母猪开展血清学或病原学检测，评估感染状况。；sampling_for_testing: 采集流产胎儿组织（肝、肺）、胎盘及羊水进行PCR检测；同时可采集母猪血液进行抗体检测，以判断免疫状态和感染史。；prohibited_actions: 在未确诊前，不得将疑似感染母猪或其后代转入健康群；禁止随意使用未经批准的兽药或疫苗。,本病为病毒性繁殖障碍，无直接休药期概念，但需在检测结果阴性、经兽医评估后方可恢复配种与引种。,"{""disease_name"": ""猪细小病毒病"", ""severity"": ""中等至严重（可导致繁殖力显著下降）"", ""scene_tags"": [""繁殖障碍"", ""流产"", ""未免疫场"", ""垂直传播""], ""validation_points"": [""临床症状符合PPV1特征（晚期流产、空怀延长）"", ""未免疫史增加感染概率"", ""建议采样方案符合常规诊断流程""], ""risk_flags"": [""疑似重大动物疫病风险"", ""存在场内水平与垂直传播可能""], ""case_type"": ""繁殖障碍送检"", ""target_disease"": ""猪细小病毒病"", ""local_flags"": {""species_ok"": true, ""target_disease_in_diagnosis"": true, ""target_disease_mismatch"": false, ""contains_specific_dose"": false, ""contains_specific_withdrawal"": false, ""regulated_bad_treatment"": false}}",False,False,,,True,False,False,D:\XF-ChongQin\ai-\knowledge\llm_wiki_swine_authoritative,1465,887,"猪细小病毒病
猪细小病毒病、parvoviruses
繁殖障碍送检
繁殖异常持续出现，用户询问该采哪些样品、是否需要暂停配种和引种。","{""HUMAN_REVIEWED"": 3, ""NEEDS_REVIEW"": 2}","[""A0-MOA-573"", ""SRC-0001"", ""SRC-0045""]",2087,27.85,ERNIE-4.5-Turbo-32K,88,28,18,23,20,False,True,"该回答在诊断准确性、病理逻辑、处方安全性和数据质量方面表现良好，整体符合猪细小病毒病的诊断与处理要求，未发现致命风险。
问题：diagnosis_accuracy: 诊断部分未明确提及其他可能的鉴别诊断（如伪狂犬病、蓝耳病等），虽高度怀疑细小病毒病，但缺乏排除其他疾病的依据。；pathology_logic: 病理逻辑部分对垂直传播的描述较笼统，未详细说明病毒如何影响胎儿发育导致流产或空怀。；prescription_safety: 处方安全性部分未提及对已感染母猪的具体处理措施（如淘汰或治疗），仅强调隔离和消毒。；data_quality: 数据质量部分对采样方案的描述较基础，未提及采样后的保存和运输要求。",hunyuan-turbos-20250926,85,8.5,8.0,9.0,8.0,True,False,"回答总体准确描述了猪细小病毒病的典型临床表现、传播途径及防控要点，诊断思路合理，管理建议安全，无明显危险操作。不足之处在于鉴别诊断不够全面，病理机制解释略简略，采样细节不足，以及对已感染母猪的处理策略未细化。
问题：未列出除细小病毒外的其他可能病因（如伪狂犬病、蓝耳病等）作为鉴别参考。；对胎儿感染机制的说明过于概括，缺少病毒如何致死的详细过程。；未明确已感染母猪是隔离观察还是淘汰等后续处置方式。；采样方案中未涉及样本保存条件、运输温度及防污染措施。",True,ERNIE-4.5-Turbo-32K,True,review,回答整体符合猪细小病毒病的诊断与处理要求，诊断思路合理，管理建议安全，无明显危险操作。但存在一些不足，如未明确提及其他可能的鉴别诊断，病理机制解释略简略，采样细节不足，以及对已感染母猪的处理策略未细化，因此判为review。,86.0,28,18,23,20,review,19.57,17.23,,2,D:\XF-ChongQin\ai-\results\swine_weak_wiki_production\swine_disease_dataset_production_20260507_150711_dual_reviewed_20260507_152954.csv
4475aa24-371e-5810-a77b-79f274161db5,189,猪反转录病毒相关感染,swine_hunyuan_turbos,hunyuan-turbos-20250926,成功,,猪,我家是种猪场，存栏大概120头能繁母猪和10头公猪，最近一个月陆续有3头怀孕后期母猪流产，产下的死胎比例也高，还有两头母猪返情周期明显缩短，公猪精液活力下降。圈舍通风一般，近期没用过疫苗，也没做新引进猪的隔离检疫。这种情况会不会是传染病？还能继续配种吗？,根据描述，考虑可能存在病毒性繁殖障碍性疾病，包括猪反转录病毒相关感染在内的多种病毒均可引起母猪流产、死胎及公猪生殖功能下降。需结合流行病学史、临床观察及实验室检测进一步确诊。,建议立即暂停配种计划，对全场种猪进行健康排查，采集流产胎儿、胎盘及公猪精液等样本送专业实验室检测（PCR、血清学等），同时加强生物安全措施，防止潜在病原扩散。严禁将可疑个体外调或出售。若检测结果提示高风险或法定疫病，应按规定上报并配合主管部门处置。,在明确病因并采取相应防控措施前，不建议恢复配种；具体复配时间依据实验室检测结果和防控方案确定。,"{""disease_name"": ""猪反转录病毒相关感染"", ""severity"": ""中等至严重（可导致繁殖性能显著下降）"", ""scene_tags"": [""种猪场"", ""繁殖障碍"", ""流产"", ""死胎"", ""返情"", ""公猪精液质量下降""], ""validation_points"": [""多例母猪流产与死胎并存"", ""公猪精液活力下降"", ""无有效疫苗接种记录"", ""缺乏新进猪隔离措施""], ""risk_flags"": [""存在潜在病毒性传染病风险"", ""可能影响全群繁殖性能"", ""需排除其他法定疫病""], ""case_type"": ""种猪繁殖障碍"", ""target_disease"": ""猪反转录病毒相关感染"", ""local_flags"": {""species_ok"": true, ""target_disease_in_diagnosis"": true, ""target_disease_mismatch"": false, ""contains_specific_dose"": false, ""contains_specific_withdrawal"": false, ""regulated_bad_treatment"": false}}",False,False,,,True,False,False,D:\XF-ChongQin\ai-\knowledge\llm_wiki_swine_authoritative,1465,887,"猪反转录病毒相关感染
猪反转录病毒相关感染、retroviruses
种猪繁殖障碍
种猪场出现流产、死胎、返情或公猪异常，用户担心传染病和是否继续配种。","{""NEEDS_REVIEW"": 5}","[""SRC-0001""]",2034,26.47,ERNIE-4.5-Turbo-32K,88,28,18,23,20,False,True,"整体回答质量较高，诊断方向准确，考虑了多种病毒性繁殖障碍性疾病的可能性，并建议实验室检测以确诊。处理方向安全，强调了生物安全措施和暂停配种的重要性。数据质量良好，详细描述了症状和场景。
问题：诊断部分虽然提到了猪反转录病毒相关感染，但未明确指出其为最可能的疾病之一，而是将其包含在多种病毒中，可能降低了诊断的针对性。；病理逻辑部分对症状与疾病之间的关联解释不够深入，缺乏对猪反转录病毒相关感染特异性的描述。；数据质量方面，虽然描述了症状和场景，但未提及具体的流行病学史，如是否有新进猪只、近期是否有疫病发生等，这些信息对诊断有一定帮助。",hunyuan-turbos-20250926,85,90,80,95,80,False,False,"该回答诊断方向正确，涵盖了可能导致母猪流产、死胎及公猪精液活力下降的病毒性繁殖障碍性疾病，并强调实验室检测和生物安全措施，避免直接用药，符合安全规范。但诊断中对猪反转录病毒相关感染的特异性不足，未充分解释其典型临床表现与当前症状的对应关系，且缺少对新进猪只、周边疫情等流行病学信息的利用，影响了对病因推断的精准度。
问题：诊断部分未突出猪反转录病毒相关感染作为首要怀疑对象，仅笼统归入多种病毒，降低针对性。；病理逻辑缺乏对该病毒特征性症状与当前表现的直接联系说明。；用户提供的背景信息未被充分利用来强化病因推断。",True,ERNIE-4.5-Turbo-32K,True,review,诊断方向正确，考虑了病毒性繁殖障碍性疾病的可能性，并建议实验室检测以确诊，处理方向安全，强调了生物安全措施和暂停配种的重要性。但诊断中对猪反转录病毒相关感染的特异性不足，未充分解释其典型临床表现与当前症状的对应关系，且缺少对新进猪只、周边疫情等流行病学信息的利用，影响了对病因推断的精准度。,86.0,28,18,23,20,review,18.39,38.53,,2,D:\XF-ChongQin\ai-\results\swine_weak_wiki_production\swine_disease_dataset_production_20260507_150711_dual_reviewed_20260507_152954.csv
65ce989c-2fe2-5063-a4c2-7fecb3bdd676,209,猪类圆线虫病,swine_hunyuan_turbos,hunyuan-turbos-20250926,成功,,猪,我家有120头35日龄左右的保育猪，这几天陆续有几头开始拉稀，先是软便后来变成水样，精神差、吃料少，有的还伴有轻度脱水。圈舍湿度偏高，通风一般，之前用过恩诺沙星拌料两天效果不明显。请问这是啥原因？该怎么处理？,根据描述，该群猪在保育阶段出现持续性水样腹泻、采食下降及轻度脱水，结合饲养环境湿度和通风条件，高度怀疑为猪类圆线虫病（Strongyloides ransomi感染）。该病常见于哺乳期至保育期，由粪口途径传播，潮湿环境利于虫卵孵化与幼虫侵入皮肤。初期可表现为轻泻，后期转为水样腹泻并伴脱水。需通过粪便镜检或黏膜刮片查找虫卵或幼虫确诊。,treatment_direction: 针对线虫感染进行驱虫，选用对Strongyloides有效的广谱驱虫药（如伊维菌素类），按说明使用；同时补充电解质溶液防止脱水。；management_measures: 改善圈舍通风与干燥度，减少高湿环境；及时清理粪便，防止重复感染；分群管理，将明显腹泻个体与健康猪分开饲养。；sampling_and_testing: 采集新鲜粪便样品送实验室镜检，必要时做黏膜刮片检查以寻找虫卵或幼虫；若怀疑混合感染，可做细菌培养排除细菌性腹泻。；prohibited_boundaries: 严禁在未确诊前随意更换抗生素种类；禁止将病猪与健康猪混养以防扩散；发现疑似重大疫病应立即上报主管部门。,因涉及驱虫药使用，应遵守所用药物的安全停药期规定，并在停药期满后再考虑出栏或屠宰。,"{""disease_name"": ""猪类圆线虫病"", ""severity"": ""中等偏重（可导致生长迟缓、死亡率升高）"", ""scene_tags"": [""保育猪"", ""群体性腹泻"", ""高湿环境"", ""采食下降""], ""validation_points"": [""符合保育阶段易感特征"", ""症状与水样腹泻、脱水一致"", ""环境因素支持虫卵孵化与传播""], ""risk_flags"": [""潜在人畜共患病风险低"", ""非法定重大动物疫病""], ""case_type"": ""腹泻群体发病"", ""target_disease"": ""猪类圆线虫病"", ""local_flags"": {""species_ok"": true, ""target_disease_in_diagnosis"": true, ""target_disease_mismatch"": false, ""contains_specific_dose"": false, ""contains_specific_withdrawal"": false, ""regulated_bad_treatment"": false}}",False,False,,,True,False,False,D:\XF-ChongQin\ai-\knowledge\llm_wiki_swine_authoritative,1465,887,"猪类圆线虫病
猪类圆线虫病、strongyloides internal parasites
腹泻群体发病
同窝或同栏出现水样腹泻、脱水、采食下降，用户想知道主要病因和紧急处理。","{""HUMAN_REVIEWED"": 1, ""NEEDS_REVIEW"": 4}","[""SRC-0001"", ""SRC-0006"", ""SRC-0082""]",2056,32.23,ERNIE-4.5-Turbo-32K,88,28,18,23,20,False,True,"该回答整体表现良好，诊断准确性较高，症状与疾病匹配合理，诊断逻辑清晰，处理方向安全且与疾病相互印证。数据质量较高，信息完整且无明显错误。
问题：诊断准确性方面，虽然高度怀疑猪类圆线虫病，但未明确提及需通过粪便镜检或黏膜刮片确诊，略显不足。；病理逻辑方面，对疾病传播途径和环境因素的解释较为充分，但可进一步细化症状与疾病发展的关联。；处方安全方面，驱虫药的选择和使用说明较为合理，但未具体提及药物剂量和休药期，存在一定信息缺失。；数据质量方面，整体信息完整，但风险标志中仅提及人畜共患病风险低和非法定重大动物疫病，可增加更多相关风险信息以提高全面性。",hunyuan-turbos-20250926,85,4,4,5,4,False,False,"回答整体结构完整，症状与猪类圆线虫病的典型表现相符，诊断依据合理，处理方案包括驱虫、补液、改善环境及采样检测，符合疾病防控逻辑。未出现危险用药建议，风险提醒到位。不足之处在于诊断部分虽提出高度怀疑，但未强调必须依赖实验室确诊，且未细化症状发展过程与环境关系的解释。处方中未提供具体剂量和休药期，属于可接受范围，但缺乏更明确的操作指引。
问题：诊断环节缺少对确诊手段的强制性提示，可能导致用户忽视实验室检测的重要性。；病理机制中对症状发展与环境因素的关联解释不够细致。；处方部分未给出更具体的驱虫药选择与使用注意事项。",True,ERNIE-4.5-Turbo-32K,True,review,回答整体结构完整，症状与猪类圆线虫病的典型表现相符，诊断依据合理，处理方案包括驱虫、补液、改善环境及采样检测，符合疾病防控逻辑。但诊断部分未强调必须依赖实验室确诊，病理机制中对症状发展与环境因素的关联解释不够细致，处方部分未给出更具体的驱虫药选择与使用注意事项，属于轻微不足但可参考。,86.0,28,18,23,20,review,23.82,123.93,,2,D:\XF-ChongQin\ai-\results\swine_weak_wiki_production\swine_disease_dataset_production_20260507_150711_dual_reviewed_20260507_152954.csv
45739ded-53b4-5d93-9613-286c77c555ad,236,猪霉菌毒素中毒,swine_hunyuan_turbos,hunyuan-turbos-20250926,成功,,猪,我场有120头90公斤左右的育肥猪，最近一周陆续出现食欲下降、精神沉郁、个别拉稀，还有几头母猪也表现类似情况，体温大多正常。这批猪一直喂的是新进的玉米豆粕混合料，怀疑是原料有问题。想问还能不能继续喂？要不要把饲料和病猪样本送去化验？,根据描述，结合群体性食欲减退、精神沉郁及部分腹泻的表现，且集中在饲喂新进饲料后出现，高度怀疑为猪霉菌毒素中毒。该病由摄入被产毒真菌污染的饲料引起，临床表现可为急性、亚急性和慢性，需通过饲料及组织样品检测确认。,treatment_direction: 立即停止使用可疑饲料，更换为安全无霉变的饲料；提供清洁饮水，添加适量电解质和维生素促进恢复；对严重病例进行对症治疗和支持疗法。；management_measures: 清理料槽残留可疑饲料，检查仓储条件防止二次污染；加强通风防潮，确保饲料储存干燥低温；观察剩余猪群健康变化。；sampling_and_testing: 采集可疑饲料样品送实验室检测霉菌毒素含量；同时采集病死猪肝脏、肾脏等组织样进行病理学和毒素分析，以便确诊和指导后续防控。；prohibited_boundaries: 在未明确毒素种类和浓度前，禁止将可疑饲料转喂其他猪群或外售；若检出高风险毒素超标，应按当地动物防疫部门要求进行无害化处理并调整饲养方案。,因属中毒事件，应依据检测结果和监管部门意见确定饲料停用及猪只上市时间，不可自行决定休药期。,"{""disease_name"": ""猪霉菌毒素中毒"", ""severity"": ""中等至重度（视毒素种类与摄入量而定）"", ""scene_tags"": [""育肥猪"", ""母猪"", ""饲料污染"", ""群体发病""], ""validation_points"": [""症状与饲料更换时间吻合"", ""群体性发生提示共同暴露源"", ""排除常见传染病后支持中毒判断""], ""risk_flags"": [""疑似饲料源性中毒"", ""存在毒素扩散风险"", ""需实验室确诊""], ""case_type"": ""中毒处置边界"", ""target_disease"": ""猪霉菌毒素中毒"", ""local_flags"": {""species_ok"": true, ""target_disease_in_diagnosis"": true, ""target_disease_mismatch"": false, ""contains_specific_dose"": false, ""contains_specific_withdrawal"": false, ""regulated_bad_treatment"": false}}",False,False,,,True,False,False,D:\XF-ChongQin\ai-\knowledge\llm_wiki_swine_authoritative,1465,887,"猪霉菌毒素中毒
猪霉菌毒素中毒、mycotoxins in grains and feeds
中毒处置边界
用户想知道是否继续饲喂可疑饲料、怎样送检饲料和病料。","{""NEEDS_REVIEW"": 2, ""PROCESSED_SOURCE_ANCHORED"": 2}","[""SRC-0001"", ""SRC-0085""]",2220,33.25,ERNIE-4.5-Turbo-32K,88,28,18,24,18,False,True,"测试数据整体有效，诊断准确性较高，处理方向安全，但病理逻辑存在轻微瑕疵，数据质量可进一步提升。
问题：病理逻辑未明确排除其他类似症状疾病；数据质量缺乏具体检测方法和对症治疗药物示例",hunyuan-turbos-20250926,85,90,80,90,75,False,False,"该测试数据整体有效，诊断准确率高，处理措施安全合理，符合猪霉菌毒素中毒的防控原则，并在未明确毒素种类时设置了安全边界。不足之处在于病理逻辑未充分排除其他可能病因（如细菌性肠炎、病毒性腹泻等），数据质量方面缺少更具体的检测方法说明和对症治疗药物的示例。
问题：病理逻辑未系统排除其他可能引起相似症状的传染病或营养代谢病；数据质量中缺乏对检测方法的细化说明（如ELISA、HPLC等）；未给出对症支持治疗的典型药物类别示例",True,ERNIE-4.5-Turbo-32K,True,review,测试数据整体有效，诊断准确性较高，处理方向安全，符合猪霉菌毒素中毒的防控原则。但病理逻辑未充分排除其他可能病因（如细菌性肠炎、病毒性腹泻等），数据质量方面缺少更具体的检测方法说明和对症治疗药物的示例，需进一步完善。,86.0,28,18,24,18,review,15.45,36.09,,2,D:\XF-ChongQin\ai-\results\swine_weak_wiki_production\swine_disease_dataset_production_20260507_150711_dual_reviewed_20260507_152954.csv
1896005c-0fe8-5a30-8de5-934c7bc8033f,242,猪杯状病毒感染,swine_hunyuan_turbos,hunyuan-turbos-20250926,成功,,猪,我家有200头60公斤左右的育肥猪，这几天陆续有几头出现精神沉郁、食欲下降、腹泻，有的还伴有轻微发热，粪便稀黄带黏液。之前用了几天恩诺沙星和多西环素，感觉控制不住，想问还能继续用这些药吗？圈舍通风一般，最近天气忽冷忽热。,根据描述的症状表现（精神差、食欲减退、腹泻伴发热）以及用药史，考虑可能为病毒性腹泻性疾病，其中猪杯状病毒感染是可能的病因之一。该病在育肥猪群中可呈散发或流行，常与其他病原混合感染，单纯抗生素治疗往往效果不佳。建议通过实验室检测（如RT-PCR）明确病原类型。,treatment_direction: 目前无特效抗病毒药物，应以支持疗法和对症处理为主，防止继发细菌感染。；management_measures: 改善饲养管理，提高圈舍保温与通风条件，减少应激；保证清洁饮水与易消化饲料；隔离症状明显个体以减少传播。；sampling_and_testing: 采集新鲜粪便或直肠拭子送实验室进行RT-PCR检测，必要时配合血清学检测，以区分病毒性腹泻与其他病原。；contraindications_boundary: 不建议长期或超量使用抗生素作为唯一手段，以免掩盖病情并增加耐药风险；若怀疑重大动物疫病（如非洲猪瘟），应立即按当地规定上报并配合扑杀、无害化处理等措施。,因无特定药物治疗，此处不涉及常规休药期；若曾使用抗生素，应遵守相应药品说明书中的停药期要求。,"{""disease_name"": ""猪杯状病毒感染"", ""severity"": ""中等至严重（视继发感染情况而定）"", ""scene_tags"": [""育肥猪"", ""病毒性腹泻"", ""多病原混合感染""], ""validation_points"": [""症状符合病毒性腹泻特征"", ""抗生素治疗无效提示非单一细菌性病因"", ""需实验室确诊以指导防控""], ""risk_flags"": [""可能为人畜共患风险未定疾病"", ""存在重大动物疫病鉴别诊断需求""], ""case_type"": ""育肥猪用药咨询"", ""target_disease"": ""猪杯状病毒感染"", ""local_flags"": {""species_ok"": true, ""target_disease_in_diagnosis"": true, ""target_disease_mismatch"": false, ""contains_specific_dose"": false, ""contains_specific_withdrawal"": false, ""regulated_bad_treatment"": false}}",False,False,,,True,False,False,D:\XF-ChongQin\ai-\knowledge\llm_wiki_swine_authoritative,1465,887,"猪杯状病毒感染
猪杯状病毒感染、caliciviruses norovirus sapovirus vesicular exanthema virus
育肥猪用药咨询
育肥猪出现典型症状，用户已经用过常见药物但效果一般，询问是否继续用药。","{""HUMAN_REVIEWED"": 3, ""NEEDS_REVIEW"": 2}","[""SRC-0001"", ""SRC-0034""]",2174,27.67,ERNIE-4.5-Turbo-32K,88,28,18,23,20,False,True,"该回答整体表现良好，诊断方向合理，考虑到了病毒性腹泻的可能性，并建议实验室检测以明确病原。处理方向安全，未出现与疾病相冲突的处方，且注意到了人兽共患风险和重大疫病的鉴别诊断需求。数据质量方面，症状描述、用药史及管理措施均较为详细。
问题：诊断准确性方面，虽然考虑到了病毒性腹泻，但未充分排除其他可能的病毒性腹泻疾病，如猪流行性腹泻病毒（PEDV）等，诊断略显宽泛。；病理逻辑方面，对于症状与疾病之间的关联解释不够深入，缺乏对猪杯状病毒感染特异性的描述。；数据质量方面，虽然提供了较为详细的症状描述和用药史，但缺乏对圈舍环境、猪群整体健康状况的更深入描述。",hunyuan-turbos-20250926,85,80,78,90,82,True,False,"回答总体结构完整，考虑了病毒性腹泻可能性，并提示实验室检测，避免盲目使用抗生素，处理方案安全且有防疫意识。但对猪杯状病毒感染的特异性症状缺乏说明，诊断范围偏宽，未充分排除其他常见病毒性腹泻病原（如PEDV）。病理逻辑上症状与疾病的对应关系阐述不足。数据信息较全，但缺少对圈舍密度、猪群免疫背景等的补充。
问题：诊断过于宽泛，未充分排除其他病毒性腹泻疾病（如PEDV、TGE等）；缺乏对猪杯状病毒感染特异性临床表现的描述；病理机制与症状关联性分析不足",True,ERNIE-4.5-Turbo-32K,True,review,回答总体结构完整，诊断方向合理，考虑了病毒性腹泻的可能性，并建议实验室检测以明确病原，避免盲目使用抗生素，处理方案安全且有防疫意识。但诊断范围偏宽，未充分排除其他常见病毒性腹泻病原（如PEDV），且缺乏对猪杯状病毒感染特异性症状的描述，病理逻辑上症状与疾病的对应关系阐述不足。,86.0,28,18,23,20,review,17.54,16.15,,2,D:\XF-ChongQin\ai-\results\swine_weak_wiki_production\swine_disease_dataset_production_20260507_150711_dual_reviewed_20260507_152954.csv
247f9400-646d-55b3-b1f9-a26a431932bd,244,猪δ冠状病毒感染,swine_hunyuan_turbos,hunyuan-turbos-20250926,成功,,猪,我家有200多头120斤左右的育肥猪，还有20天就准备出栏了，这几天陆续有几头开始拉稀，粪便稀水样带点酸臭味，精神食欲还行，体温正常，圈舍湿度大通风一般，之前没用过抗病毒药，这种情况还能继续养到出栏吗？会不会影响卖猪？需要怎么处理？,根据描述，结合育肥猪临近出栏、急性水样腹泻、酸臭气味及环境条件，考虑猪δ冠状病毒感染可能性较大，同时需排除其他病毒性腹泻（如PED、TGE）及细菌性肠炎。建议采集新鲜腹泻粪便送实验室进行PCR检测以明确病原。,treatment_direction: 无特效抗病毒药物，以支持疗法为主，改善饲养管理，减少应激，防止继发细菌感染。；management_measures: 加强圈舍保温与通风，降低湿度；提供清洁饮水，可添加电解质多维缓解脱水；饲料易消化，少量多餐；及时清理粪便，保持环境卫生。；sampling_and_testing: 采集发病猪的新鲜粪便或直肠拭子送具备资质的实验室进行PDCoV PCR检测，必要时同步检测PEDV、TGEV等常见腹泻病毒。；prohibited_actions: 禁止在检测结果不明的情况下随意使用未经批准的兽药或激素促生长剂；禁止将疑似重大疫病猪与健康猪混群；若确诊为重大动物疫病，须按当地畜牧部门要求进行隔离、封锁、无害化处理，不得擅自出售。,因无特定化学药物干预，不涉及常规休药期问题；但若使用抗生素控制继发感染，应按所用药品说明书执行相应休药期规定。,"{""disease_name"": ""猪δ冠状病毒感染"", ""severity"": ""中等偏轻（对育肥猪致死率较低，但影响增重与出栏计划）"", ""scene_tags"": [""育肥猪"", ""临近出栏"", ""腹泻"", ""高湿环境""], ""validation_points"": [""症状符合PDCoV引起的急性水样腹泻特征"", ""环境与流行病学背景支持粪口传播模式"", ""需通过实验室检测与其他病毒性腹泻鉴别""], ""risk_flags"": [""临近出栏阶段经济损失风险高"", ""存在混合感染可能，需警惕继发细菌感染"", ""若为重大疫病需依法上报与处置""], ""case_type"": ""腹泻出栏边界"", ""target_disease"": ""猪δ冠状病毒感染"", ""local_flags"": {""species_ok"": true, ""target_disease_in_diagnosis"": true, ""target_disease_mismatch"": false, ""contains_specific_dose"": false, ""contains_specific_withdrawal"": false, ""regulated_bad_treatment"": false}}",False,False,,,True,False,False,D:\XF-ChongQin\ai-\knowledge\llm_wiki_swine_authoritative,1465,887,"猪δ冠状病毒感染
猪δ冠状病毒感染、porcine deltacoronavirus
腹泻出栏边界
临近出栏猪群出现腹泻，用户关心处理方向、隔离和用药后能否销售。","{""HUMAN_REVIEWED"": 1, ""NEEDS_REVIEW"": 4}","[""A0-MOA-573"", ""SRC-0001""]",2027,30.88,ERNIE-4.5-Turbo-32K,88,28,18,23,20,False,True,"整体回答质量较高，诊断方向合理，处理建议安全，数据质量较好，无明显致命风险。
问题：诊断准确性方面，虽然考虑了猪δ冠状病毒感染，但对其他病毒性腹泻（如PED、TGE）及细菌性肠炎的排除依据不够充分，仅建议实验室检测，未提供初步鉴别诊断的依据。；病理逻辑方面，对环境因素（高湿、通风一般）与疾病传播的关系分析不够深入，未明确说明这些因素如何促进猪δ冠状病毒感染的传播。；处方安全方面，处理建议较为全面，但未明确提及在支持疗法中如何具体防止继发细菌感染，如是否使用抗生素及抗生素的选择原则。；数据质量方面，症状描述与疾病特征匹配度较高，但风险标签中提到的“存在混合感染可能，需警惕继发细菌感染”未在处理建议中充分体现。",hunyuan-turbos-20250926,85,80,78,90,85,False,False,"该数据整体真实可信，用户描述的育肥猪临近出栏、水样腹泻、酸臭味、环境潮湿等情况符合猪δ冠状病毒感染的典型表现，并提示了可能的混合感染风险。诊断方向合理，处理建议安全且包含必要的采样检测和生物安全措施，未发现明显危险建议。不足之处在于鉴别诊断依据不足、环境因素与疾病传播关系的解释较浅、以及继发感染防控细节不够明确。
问题：诊断部分对其他病毒性腹泻（PED、TGE）及细菌性肠炎的鉴别依据不充分，仅依赖实验室检测，缺乏现场初步判断线索。；病理机制分析中，未详细阐述高湿、通风不良如何促进猪δ冠状病毒的传播与致病过程。；处方中对继发细菌感染的防控措施表述笼统，未明确抗生素使用的指征与选择原则。",True,ERNIE-4.5-Turbo-32K,True,review,整体回答质量较高，诊断方向合理，处理建议安全，但存在一些不足之处。诊断方面，虽然考虑了猪δ冠状病毒感染，但对其他病毒性腹泻（如PED、TGE）及细菌性肠炎的排除依据不够充分，仅建议实验室检测，未提供初步鉴别诊断的依据；病理逻辑方面，对环境因素（高湿、通风一般）与疾病传播的关系分析不够深入，未明确说明这些因素如何促进猪δ冠状病毒感染的传播；处方安全方面，处理建议较为全面，但未明确提及在支持疗法中如何具体防止继发细菌感染，如是否使用抗生素及抗生素的选择原则。这些问题属于轻微不足，不影响整体参考价值，因此判为review。,86.0,28,18,23,20,review,21.92,20.84,,2,D:\XF-ChongQin\ai-\results\swine_weak_wiki_production\swine_disease_dataset_production_20260507_150711_dual_reviewed_20260507_152954.csv
199bb5e9-1b2f-5676-8685-27f3f5bdef85,256,猪副黏病毒相关感染,swine_hunyuan_turbos,hunyuan-turbos-20250926,成功,,猪,我场有300多头育肥猪，平均体重在60公斤左右，最近几天同一栋舍里陆续出现咳嗽、流鼻涕、精神沉郁的情况，有的还伴随发热，已经死了两头。之前用过阿莫西林饮水，效果不明显。想问能不能先当普通呼吸道病治着看？,根据描述的症状分布（同栏集中发病、急性死亡）、临床表现（咳嗽、流涕、发热）以及常规抗生素无效，高度怀疑为病毒性呼吸道疾病，可能与猪副黏病毒相关感染有关。需结合实验室检测确诊。,treatment_direction: 立即隔离病猪，停止混群饲养，减少应激；加强通风与保温，保持圈舍干燥清洁；暂停使用可能掩盖症状的广谱抗生素，仅作对症支持治疗（如补液、退热）。；management_measures: 对全群进行体温监测，记录发病及死亡情况；限制人员、车辆进出，防止潜在传播；病死猪无害化处理。；sampling_and_testing: 采集鼻拭子、肺组织等样本送具备资质的实验室进行PCR检测，明确是否为猪副黏病毒感染或其他病原混合感染。；prohibited_boundaries: 在未排除重大动物疫病前，不得擅自出售、转运或屠宰生猪；严禁将病死猪流入市场或随意丢弃。,因属病毒性感染且未使用特定药物，无直接休药期规定，但应遵守当地重大动物疫病防控要求，直至疫情解除并经过检疫合格后方可出栏。,"{""disease_name"": ""猪副黏病毒相关感染"", ""severity"": ""高"", ""scene_tags"": [""育肥猪"", ""同栏集中发病"", ""急性死亡"", ""呼吸道症状""], ""validation_points"": [""同栏短时间内多例发病符合病毒性呼吸道传染病特征"", ""常规抗生素治疗无效提示非单纯细菌感染"", ""存在死亡病例需警惕烈性病毒""], ""risk_flags"": [""可能为重大动物疫病，需立即隔离并送检"", ""禁止擅自销售或转运生猪"", ""需配合主管部门开展流行病学调查""], ""case_type"": ""暴发与处置边界"", ""target_disease"": ""猪副黏病毒相关感染"", ""local_flags"": {""species_ok"": true, ""target_disease_in_diagnosis"": true, ""target_disease_mismatch"": false, ""contains_specific_dose"": false, ""contains_specific_withdrawal"": false, ""regulated_bad_treatment"": false}}",False,False,,,True,False,False,D:\XF-ChongQin\ai-\knowledge\llm_wiki_swine_authoritative,1465,887,"猪副黏病毒相关感染
猪副黏病毒相关感染、paramyxoviruses
暴发与处置边界
同栏或多栋猪舍短期内发病增多，用户询问是否能先按普通病治疗观察。","{""NEEDS_REVIEW"": 5}","[""SRC-0001""]",2034,27.71,ERNIE-4.5-Turbo-32K,88,28,18,23,20,False,True,"整体回答质量较高，诊断逻辑清晰，处理方向安全，符合猪副黏病毒相关感染的处置要求。诊断准确性较高，结合症状和抗生素无效情况合理怀疑病毒性感染。病理逻辑基本合理，但未详细说明猪副黏病毒与其他类似疾病的鉴别要点。处方安全，强调隔离、检测和禁止转运，符合重大疫病防控要求。数据质量良好，场景描述和验证点充分。
问题：病理逻辑中未详细说明猪副黏病毒与其他病毒性呼吸道疾病（如猪流感、蓝耳病）的鉴别要点。；数据质量中场景标签和验证点充分，但未提及人兽共患风险评估（尽管猪副黏病毒通常人兽共患风险较低）。；处方中未明确提及个人防护措施，尽管场景中未明确提示人兽共患风险，但作为重大疫病处置应补充。",hunyuan-turbos-20250926,85,90,80,95,85,False,False,"该数据整体真实可信，用户描述的育肥猪群体性呼吸道症状与猪副黏病毒相关感染的典型表现相符，诊断思路合理，排除了单纯细菌性感染的可能性，并强调了实验室确诊的重要性。处理方案安全，包含隔离、环境管理、采样检测及严格的生物安全措施，未给出危险用药建议，也未出现违规承诺。不足之处在于鉴别诊断部分不够详细，未明确区分猪副黏病毒与其他常见病毒性呼吸道病的差异，同时缺少个人防护措施的提醒。
问题：病理逻辑中未详细说明猪副黏病毒与其他病毒性呼吸道疾病（如猪流感、蓝耳病）的鉴别要点。；处方中未明确提及个人防护措施，尽管猪副黏病毒人兽共患风险低，但在重大疫病处置中应补充。；数据质量中未涉及人兽共患风险评估。",True,ERNIE-4.5-Turbo-32K,True,review,整体回答质量较高，诊断逻辑清晰，处理方向安全，符合猪副黏病毒相关感染的处置要求。诊断准确性较高，结合症状和抗生素无效情况合理怀疑病毒性感染。病理逻辑基本合理，但未详细说明猪副黏病毒与其他类似疾病的鉴别要点。处方安全，强调隔离、检测和禁止转运，符合重大疫病防控要求，但未明确提及个人防护措施。数据质量良好，场景描述和验证点充分，但未提及人兽共患风险评估。,86.0,28,18,23,20,review,19.57,19.4,,2,D:\XF-ChongQin\ai-\results\swine_weak_wiki_production\swine_disease_dataset_production_20260507_150711_dual_reviewed_20260507_152954.csv
f34a7a09-c610-5099-ac62-350594b20f3f,257,猪细小病毒病,swine_hunyuan_turbos,hunyuan-turbos-20250926,成功,,猪,我家是200头基础母猪的种猪场，最近有10多头怀孕80多天的母猪陆续流产，有的产下木乃伊胎，还有几头返情率明显升高，个别公猪精液活力下降。之前没用过疫苗，场内卫生一般，想问是不是传染病？还能继续配种吗？,结合临床症状（中期流产、木乃伊胎、返情率高）及流行病学特征，高度怀疑为猪细小病毒病（PPV1）。该病主要通过垂直传播感染胎儿，造成胚胎死亡、吸收或形成木乃伊胎，同时可影响公猪精液质量。需排除猪繁殖与呼吸综合征、伪狂犬病、乙脑等其他繁殖障碍性疾病。,treatment_direction: 目前无特效抗病毒药物，重点在于控制传染源、切断传播途径和保护易感动物。；management_measures: 立即隔离发病母猪，停止配种计划，对全场进行彻底清洗消毒。；加强后备母猪和公猪的健康管理，改善饲养环境和营养水平。；考虑引入经检疫合格的阴性后备母猪，逐步替换场内易感群体。；sampling_and_testing: 采集流产胎儿组织、胎盘、血液样本送实验室检测PPV1抗原或抗体。；同步检测PRRSV、伪狂犬gE抗体、乙脑IgM等指标，排除混合感染。；prohibited_boundaries: 禁止将流产胎儿、胎盘随意丢弃或用作饲料，防止环境污染。；在确诊前不得对外销售或调运种猪及其后代。；不得使用未经批准的疫苗或药物替代官方防控建议。,本病为病毒性繁殖障碍，无直接休药期概念；若后续使用合法疫苗，应遵循疫苗说明书及当地畜牧部门指导。,"{""disease_name"": ""猪细小病毒病"", ""severity"": ""中等至严重（可导致繁殖力显著下降）"", ""scene_tags"": [""种猪场"", ""繁殖障碍"", ""垂直传播""], ""validation_points"": [""症状符合PPV1典型表现（中期流产、木乃伊胎、返情）"", ""存在易感群体（未免疫的基础母猪和公猪）"", ""需要实验室检测确诊""], ""risk_flags"": [""可能为人畜共患病混淆风险（需明确区分非人兽共患）"", ""涉及重大动物疫病防控边界（需配合主管部门调查）""], ""case_type"": ""种猪繁殖障碍"", ""target_disease"": ""猪细小病毒病"", ""local_flags"": {""species_ok"": true, ""target_disease_in_diagnosis"": true, ""target_disease_mismatch"": false, ""contains_specific_dose"": false, ""contains_specific_withdrawal"": false, ""regulated_bad_treatment"": false}}",False,False,,,True,False,False,D:\XF-ChongQin\ai-\knowledge\llm_wiki_swine_authoritative,1465,887,"猪细小病毒病
猪细小病毒病、parvoviruses
种猪繁殖障碍
种猪场出现流产、死胎、返情或公猪异常，用户担心传染病和是否继续配种。","{""HUMAN_REVIEWED"": 3, ""NEEDS_REVIEW"": 2}","[""A0-MOA-573"", ""SRC-0001"", ""SRC-0045""]",2087,30.54,ERNIE-4.5-Turbo-32K,88,28,18,23,20,False,True,"该回答整体符合猪细小病毒病的诊断与处理逻辑，诊断准确性较高，症状与疾病匹配合理，处理方向安全且与疾病相互印证，无明显致命风险。但在病理逻辑、数据质量方面存在一定提升空间。
问题：诊断准确性方面：虽高度怀疑猪细小病毒病，但未明确说明需实验室检测确诊，仅在后续采样检测中提及，诊断依据不够充分，扣2分。；病理逻辑方面：对猪细小病毒病的病理机制阐述不够深入，仅简单提及垂直传播感染胎儿等，未详细说明病毒如何影响胚胎发育等，扣2分。；处方安全性方面：整体处理方向安全合理，但未提及对已发病母猪和公猪的具体治疗或护理措施，不够全面，扣2分。；数据质量方面：对症状的描述和疾病特征的关联性分析可更详细，如对返情率明显升高的具体数据或情况可进一步说明，扣5分。",hunyuan-turbos-20250926,85,8.5,8.5,9,7.5,False,False,"该案例描述真实，症状与猪细小病毒病高度吻合，诊断思路清晰且考虑了鉴别诊断，处理方案安全并包含必要的生物安全措施，未发现危险建议。但诊断部分缺少明确的实验室确诊提示，病理机制解释较浅，已发病动物的护理细节不足，数据细节可更丰富。
问题：诊断环节未强调实验室检测作为确诊依据，仅靠临床推测可能误导用户。；对猪细小病毒如何导致胚胎死亡的病理过程描述过于简略。；缺乏针对已发病母猪和公猪的具体护理或支持性措施建议。；症状与疾病关联的数据化信息不足，如返情率变化幅度、流产比例等。",True,ERNIE-4.5-Turbo-32K,True,review,该回答整体符合猪细小病毒病的诊断与处理逻辑，诊断准确性较高，症状与疾病匹配合理，处理方向安全且与疾病相互印证，无明显致命风险。但存在一些可提升的方面，如诊断部分未明确强调实验室检测确诊，病理机制阐述不够深入，对已发病母猪和公猪的具体治疗或护理措施未提及，症状与疾病关联的数据化信息不足。综合来看，属于存在轻微不足但可参考的情况。,86.0,28,18,23,20,review,21.51,21.43,,2,D:\XF-ChongQin\ai-\results\swine_weak_wiki_production\swine_disease_dataset_production_20260507_150711_dual_reviewed_20260507_152954.csv
2eeafa88-458b-5cb9-af7a-bcb7d529cff3,259,塞内卡病毒A感染,swine_hunyuan_turbos,hunyuan-turbos-20250926,成功,,猪,我家是300头保育猪，现在70日龄左右，最近三天陆续有猪不吃料、精神差，部分猪嘴边和蹄部出现小水泡，有的破了结痂，还有几头拉稀。圈舍通风一般，前几天降温后没及时关窗，想问问这是啥病，该怎么处理？,根据描述的症状（发热、精神沉郁、采食下降、口蹄部水疱及破溃、腹泻），结合保育猪阶段易感性，高度怀疑为塞内卡病毒A感染。该病在仔猪和保育猪中可引起类似口蹄疫的水疱病变，同时伴有消化道症状。需通过实验室检测（如RT-PCR）确诊，并排除其他水疱性疾病（如口蹄疫、猪水疱病等）。,treatment_direction: 目前无特效抗病毒药物，以支持疗法为主，包括补液、电解质平衡、防止继发细菌感染。；management_measures: 立即将病猪与健康猪分栏饲养，减少接触传播；加强圈舍保温，适当提高环境温度以减少代谢应激；保证清洁饮水和易消化饲料；对破损伤口进行局部消毒，防止细菌继发感染。；sampling_and_testing: 采集水疱液、粪便、咽拭子送实验室做塞内卡病毒A RT-PCR检测，必要时同步检测口蹄疫等鉴别诊断病原。；prohibited_actions: 严禁私自使用未经批准的疫苗或药物；在未确诊前不得随意出售、调运或屠宰病猪；若检测结果涉及重大动物疫病，须按当地畜牧部门要求执行隔离、扑杀或无害化处理。,因本病无特定治疗药物，不涉及常规药物休药期问题；但若后续使用抗生素控制继发感染，应按所用药品说明执行相应停药期。,"{""disease_name"": ""塞内卡病毒A感染"", ""severity"": ""中等至严重，取决于继发感染情况和死亡率"", ""scene_tags"": [""保育猪"", ""水疱性病变"", ""采食下降"", ""腹泻"", ""低温应激""], ""validation_points"": [""症状符合塞内卡病毒A感染的临床表现"", ""保育猪为该病的易感群体"", ""需要实验室检测确诊""], ""risk_flags"": [""需排除口蹄疫等重大动物疫病"", ""存在潜在传播风险""], ""case_type"": ""保育猪群体发病"", ""target_disease"": ""塞内卡病毒A感染"", ""local_flags"": {""species_ok"": true, ""target_disease_in_diagnosis"": true, ""target_disease_mismatch"": false, ""contains_specific_dose"": false, ""contains_specific_withdrawal"": false, ""regulated_bad_treatment"": false}}",False,False,,,True,False,False,D:\XF-ChongQin\ai-\knowledge\llm_wiki_swine_authoritative,1465,887,"塞内卡病毒A感染
塞内卡病毒A感染、senecavirus a picornaviruses
保育猪群体发病
群体发病、采食下降、粪便或呼吸道异常，用户想知道主要病因和下一步处理。","{""HUMAN_REVIEWED"": 1, ""NEEDS_REVIEW"": 4}","[""SRC-0001"", ""SRC-0006"", ""SRC-0043""]",1978,29.44,ERNIE-4.5-Turbo-32K,88,28,18,23,20,False,True,"整体回答质量较高，诊断方向合理，处理措施安全，数据质量较好，无明显致命风险。
问题：诊断准确性方面，虽然症状描述与塞内卡病毒A感染相符，但未完全排除其他水疱性疾病（如口蹄疫）的可能性，仅提及需实验室检测确诊，未充分强调鉴别诊断的重要性。；病理逻辑方面，对疾病传播途径和防控措施的描述略显简单，未详细阐述如何有效阻断传播链。；处方安全方面，处理措施基本安全，但未提及具体补液和电解质平衡的方法或药物选择。；数据质量方面，症状描述和场景标签较为全面，但风险标志中未提及人兽共患风险（尽管塞内卡病毒A感染目前无人兽共患报道，但应保持警惕）。",hunyuan-turbos-20250926,85,4,3.5,4.5,4,False,False,"回答总体准确且安全，诊断方向与用户描述的保育猪水疱+腹泻症状吻合，处理方案以隔离、支持治疗、送检为主，符合塞内卡病毒A感染的防控原则。未出现危险用药或违规操作建议，但在鉴别诊断的强调程度、传播阻断细节以及补液方法上可进一步完善。
问题：鉴别诊断虽提到需实验室检测，但对口蹄疫等重大疫病的警示性不足，未明确提示发现可疑病例应立即上报。；病理机制与传播阻断措施描述较笼统，缺少针对保育猪群管理的具体操作细节。；支持治疗中补液与电解质平衡缺乏可行方法示例，可能影响实操性。",True,ERNIE-4.5-Turbo-32K,partially,review,回答整体准确且安全，诊断方向与用户描述的保育猪症状吻合，处理方案以隔离、支持治疗、送检为主，符合塞内卡病毒A感染的防控原则。但存在以下可优化点：1. 鉴别诊断部分虽提及需实验室检测，但未充分强调对口蹄疫等重大疫病的警示性，未明确提示发现可疑病例应立即上报；2. 传播阻断措施描述较笼统，缺少针对保育猪群管理的具体操作细节；3. 支持治疗中补液与电解质平衡缺乏可行方法示例，可能影响实操性。,86.0,28,18,23,20,review,21.26,19.86,,2,D:\XF-ChongQin\ai-\results\swine_weak_wiki_production\swine_disease_dataset_production_20260507_150711_dual_reviewed_20260507_152954.csv
5c0fd362-fa93-5709-b37d-59bcab68f45c,273,猪增生性肠炎,swine_hunyuan_turbos,hunyuan-turbos-20250926,成功,,猪,我家是200头母猪自繁自养场，现在有一批45日龄左右的保育猪，大概80多头，这几天陆续有猪拉稀，粪便呈黄色水样，有的还带点血丝，精神差、喝水多、吃料少，体温正常偏低，已经死了两头。圈舍通风一般，地面潮湿，之前用过恩诺沙星拌料三天没明显好转。想问下这是啥病？该怎么处理？,根据描述的日龄、临床表现（水样腹泻伴轻度血便、脱水、食欲下降）、环境条件和用药史，高度怀疑为猪增生性肠炎（Lawsonia intracellularis感染）。该病在保育后期至育肥前期高发，常因环境应激、密度高、卫生条件差诱发。需结合剖检（回肠末端黏膜增厚、皱褶状改变）及实验室PCR检测确诊。,treatment_direction: 针对Lawsonia intracellularis的敏感抗生素（如泰妙菌素、泰万菌素等），可改善部分症状并降低传播速度；注意选择对肠道吸收良好且耐药风险低的品种。；management_measures: 立即将病猪与健康猪分群饲养，减少混群接触；加强圈舍通风与干燥，及时清理粪污，降低湿度；保证饮水清洁，补充电解质防止脱水；暂停使用可能无效或耐药的药物。；sampling_and_testing: 采集病死猪回肠黏膜或新鲜粪便送实验室进行Lawsonia intracellularis PCR检测，必要时做病理切片观察肠壁增生变化。；contraindications_and_boundaries: 禁止使用未经批准的兽药或超范围用药；若检测结果阳性且疫情扩散迅速，应依据当地畜牧兽医部门指导采取隔离、封锁等措施，不可自行清群或跨区域调运。,具体停药期需按所用药物说明书及国家相关规定执行，确保上市前符合食品安全标准。,"{""disease_name"": ""猪增生性肠炎"", ""severity"": ""中等偏重（可导致生长迟缓、死亡率上升）"", ""scene_tags"": [""保育猪"", ""群体腹泻"", ""水样便带血丝"", ""环境潮湿""], ""validation_points"": [""日龄与易感性匹配"", ""症状与文献描述一致"", ""环境因素可促发本病""], ""risk_flags"": [""潜在传染性"", ""需实验室确诊"", ""涉及三类疫病管理边界""], ""case_type"": ""腹泻群体发病"", ""target_disease"": ""猪增生性肠炎"", ""local_flags"": {""species_ok"": true, ""target_disease_in_diagnosis"": true, ""target_disease_mismatch"": false, ""contains_specific_dose"": false, ""contains_specific_withdrawal"": false, ""regulated_bad_treatment"": false}}",False,False,,,True,False,False,D:\XF-ChongQin\ai-\knowledge\llm_wiki_swine_authoritative,1465,887,"猪增生性肠炎
猪增生性肠炎、proliferative enteropathy lawsonia intracellularis
腹泻群体发病
同窝或同栏出现水样腹泻、脱水、采食下降，用户想知道主要病因和紧急处理。","{""HUMAN_REVIEWED"": 2, ""NEEDS_REVIEW"": 2}","[""A0-MOA-573"", ""SRC-0001"", ""SRC-0071"", ""SRC-0072""]",2221,25.83,ERNIE-4.5-Turbo-32K,88,28,18,23,20,False,True,"整体回答质量较高，诊断准确性、病理逻辑、处方安全性和数据质量均表现良好，无明显致命风险，符合通过标准。
问题：诊断准确性方面，虽然症状描述与猪增生性肠炎高度吻合，但未提及与其他类似疾病（如猪痢疾、沙门氏菌病）的鉴别诊断，略显不足。；病理逻辑方面，对环境因素（通风一般、地面潮湿）与疾病发生的关联性分析不够深入，可进一步细化。；数据质量方面，未明确提及用药剂量和疗程，仅提到药物选择，信息完整性稍欠。；处方安全性方面，虽提到选择耐药风险低的抗生素，但未具体说明药物使用注意事项（如休药期、配伍禁忌等），可补充。",hunyuan-turbos-20250926,85,90,85,85,80,False,False,"该回答对猪增生性肠炎的诊断思路清晰，症状与环境诱因匹配度较高，处理方案包含分群、环境管理、采样检测和防疫边界措施，总体安全合理。但缺少与其他相似疾病的鉴别提示，环境致病机制分析较浅，用药细节不足，未涉及药物配伍禁忌等安全细节。
问题：未进行猪痢疾、沙门氏菌病等常见类似病的鉴别诊断提示；对环境因素与疾病发生关系的分析不够深入；未提供药物使用注意事项（如配伍禁忌、休药期提醒）；缺乏用药剂量与疗程的具体建议",True,ERNIE-4.5-Turbo-32K,True,review,整体回答质量较高，诊断准确性、病理逻辑、处方安全性和数据质量均表现良好，无明显致命风险。但存在一些轻微不足，如未进行与其他类似疾病的鉴别诊断提示，对环境因素与疾病发生关系的分析不够深入，未提供药物使用注意事项（如配伍禁忌、休药期提醒），缺乏用药剂量与疗程的具体建议，可进一步优化。,86.0,28,18,23,20,review,17.51,18.5,,2,D:\XF-ChongQin\ai-\results\swine_weak_wiki_production\swine_disease_dataset_production_20260507_150711_dual_reviewed_20260507_152954.csv
98b99786-78bf-566d-a210-208dfe817507,277,猪虱病,swine_hunyuan_turbos,hunyuan-turbos-20250926,成功,,猪,我家是200头左右的育肥猪，现在平均体重60公斤左右，最近半个月陆续发现有几头猪精神差、吃料少、身上痒得直蹭墙，皮毛粗糙还有小痂皮，粪便偏稀。之前用过一次伊维菌素拌料驱虫，但效果不明显。圈舍比较潮湿，通风一般。请问是不是虱子或者别的寄生虫？该怎么处理？,根据描述，结合育肥猪阶段、瘙痒、皮肤粗糙及痂皮表现，考虑为体外寄生虫感染，可能为猪虱病。确诊需在体表毛发间找到活虱或虫卵（nits），并排除猪疥螨等其他外寄生虫。同时需关注是否合并肠道寄生虫或其他疾病。,建议立即隔离有明显症状的个体，对全群进行体表检查采集样本送实验室镜检确认虫种。若确诊为猪虱病，可依据标签使用经批准的体外驱虫剂（如伊维菌素类、有机磷类等）按说明书实施全群驱虫，注意轮换用药以减少抗药性风险。加强圈舍清洁干燥与通风，定期清理粪污，减少虫卵残留。禁止将未经处理的猪与健康猪混群，防止交叉感染。对于严重病例，可考虑局部剃毛配合外用杀虫剂辅助清除。,具体休药期和停药时间须严格遵循所用药品说明书及当地畜牧兽医部门规定，不得在休药期内屠宰或出售猪肉。,"{""disease_name"": ""猪虱病"", ""severity"": ""中等"", ""scene_tags"": [""育肥猪"", ""体外寄生虫"", ""皮肤瘙痒"", ""群体发病""], ""validation_points"": [""症状符合猪虱病常见表现（瘙痒、皮肤粗糙、痂皮）"", ""诊断需依赖发现虱或虫卵而非仅临床表现"", ""处理包括隔离、驱虫、环境管理""], ""risk_flags"": [""可能传播至健康猪群"", ""潮湿环境易复发""], ""case_type"": ""寄生虫群体发病"", ""target_disease"": ""猪虱病"", ""local_flags"": {""species_ok"": true, ""target_disease_in_diagnosis"": true, ""target_disease_mismatch"": false, ""contains_specific_dose"": false, ""contains_specific_withdrawal"": false, ""regulated_bad_treatment"": false}}",False,False,,,True,False,False,D:\XF-ChongQin\ai-\knowledge\llm_wiki_swine_authoritative,1465,887,"猪虱病
猪虱病、external parasites lice
寄生虫群体发病
猪群出现腹泻、消瘦、皮肤瘙痒或生长慢，用户怀疑寄生虫。","{""HUMAN_REVIEWED"": 3, ""NEEDS_REVIEW"": 2}","[""SRC-0001"", ""SRC-0080"", ""SRC-0082""]",2133,27.42,ERNIE-4.5-Turbo-32K,88,28,18,23,20,False,True,"该回答整体表现良好，诊断准确性较高，症状与疾病匹配合理，诊断逻辑清晰，处理方向安全且与疾病相互印证。数据质量方面，场景描述和症状记录较为详细，但部分细节可进一步优化。
问题：诊断逻辑中，虽然提到需依赖发现虱或虫卵确诊，但未明确说明其他可能的外寄生虫（如猪疥螨）的鉴别诊断方法，略显不足。；数据质量方面，症状描述较为全面，但未提及猪群的整体健康状况或是否有其他并发症状，信息完整性稍欠。；处方安全性中，虽然提到了轮换用药以减少抗药性风险，但未具体说明轮换用药的周期或建议使用的药物种类，略显笼统。",hunyuan-turbos-20250926,85,90,85,80,85,False,False,"该案例场景真实，症状与猪虱病的典型表现高度吻合，诊断思路正确且包含必要的鉴别提示，处理方案总体安全，强调了隔离、确诊、合理用药和环境管理，符合防控原则。未出现危险建议。不足之处在于鉴别诊断不够细化，处方中药物类别虽提及但未给出更具体的轮换策略，数据完整性尚可提升。
问题：鉴别诊断仅简单提及猪疥螨，缺乏具体区分方法和特征对比。；处方中轮换用药建议较笼统，缺少周期或组合示例。；未补充猪群整体健康状态和其他潜在并发因素的信息。",True,ERNIE-4.5-Turbo-32K,True,review,诊断准确性较高，症状与猪虱病匹配合理，诊断逻辑清晰，处理方向安全且与疾病相互印证。但存在一些不足，如鉴别诊断不够细化，仅简单提及猪疥螨，缺乏具体区分方法和特征对比；处方中轮换用药建议较笼统，缺少周期或组合示例；未补充猪群整体健康状态和其他潜在并发因素的信息，数据完整性尚可提升。,86.0,28,18,23,20,review,18.75,18.89,,2,D:\XF-ChongQin\ai-\results\swine_weak_wiki_production\swine_disease_dataset_production_20260507_150711_dual_reviewed_20260507_152954.csv
4996c140-2d81-5d3c-92fa-f750bc567008,280,猪蛔虫病,swine_hunyuan_turbos,hunyuan-turbos-20250926,成功,,猪,我家有200头育肥猪，平均体重60公斤左右，最近有几头出现食欲下降、拉稀，粪便里能看到白色长条状东西，怀疑是蛔虫。圈舍地面是水泥的，平时清粪还算及时，但通风一般，氨味有点重。之前没做过专门驱虫，想问是不是要全群处理？环境怎么弄？多久复查一次合适？,根据描述，粪便中出现白色长条状物且伴有食欲下降和腹泻，结合育肥猪阶段，高度提示为猪蛔虫病（Ascaris suum）。该病在剖检时可在小肠发现成虫，也可通过粪便检出虫卵确诊。需注意与其他肠道寄生虫及移行性损伤（如milk spots）相鉴别。,treatment_direction: 建议联系执业兽医制定驱虫方案，依据猪群健康状态和检测结果选择安全有效的驱虫药物，并遵循兽医指导进行使用。；management_measures: 加强圈舍通风，降低氨气浓度；保持清洁干燥，定期清扫粪便并及时清运；减少猪群密度，防止拥挤应激；新进猪只应隔离观察并进行健康检查。；sampling_and_testing: 采集新鲜粪便样本送实验室进行虫卵镜检，必要时结合剖检检查成虫；有条件可进行PCR检测以提高准确性。；prohibited_boundaries: 严禁自行购买和使用未经批准的驱虫药物；禁止将疑似严重感染的猪与健康猪混养；不得在未确诊情况下随意更换饲料或添加抗生素。,驱虫药物的使用及停药期须严格依照兽医处方和国家相关规定执行，不得随意缩短或忽略。,"{""disease_name"": ""猪蛔虫病"", ""severity"": ""中等"", ""scene_tags"": [""育肥猪"", ""水泥地面"", ""通风不良"", ""氨味重"", ""全群处理""], ""validation_points"": [""粪便中可见白色长条物符合成虫排出特征"", ""育肥猪阶段为易感群体"", ""环境管理不足可能加重感染风险""], ""risk_flags"": [""潜在全群感染风险"", ""环境氨气高影响呼吸道防御""], ""case_type"": ""驱虫和环境管理"", ""target_disease"": ""猪蛔虫病"", ""local_flags"": {""species_ok"": true, ""target_disease_in_diagnosis"": true, ""target_disease_mismatch"": false, ""contains_specific_dose"": false, ""contains_specific_withdrawal"": false, ""regulated_bad_treatment"": false}}",False,False,,,True,False,False,D:\XF-ChongQin\ai-\knowledge\llm_wiki_swine_authoritative,1465,887,"猪蛔虫病
猪蛔虫病、ascaris suum internal parasites
驱虫和环境管理
用户询问是否需要全群处理、环境清理和复查方式。","{""HUMAN_REVIEWED"": 3, ""NEEDS_REVIEW"": 2}","[""SRC-0001"", ""SRC-0026"", ""SRC-0082""]",2091,26.9,ERNIE-4.5-Turbo-32K,88,28,18,23,20,False,True,"该回答对猪蛔虫病的诊断准确，症状与疾病匹配度高，诊断逻辑合理，处方安全且与疾病相互印证，数据质量良好，无致命风险。
问题：diagnosis_accuracy: 诊断中虽提及需与其他肠道寄生虫及移行性损伤相鉴别，但未具体说明鉴别方法，略显不足。；pathology_logic: 病理逻辑部分对环境因素与疾病关系的阐述可更深入，如具体说明氨气浓度高如何影响猪的免疫力从而加重蛔虫感染。；data_quality: 数据质量方面，回答中未明确提及复查的具体时间间隔，数据完整性稍欠。",hunyuan-turbos-20250926,85,90,80,95,80,True,False,"该数据整体真实可信，用户描述的场景符合育肥猪场常见情况，症状与猪蛔虫病高度吻合，诊断准确且逻辑清晰。处方强调由执业兽医制定方案，避免自行用药，安全性高，并提出了合理的环境管理和采样检测建议。无明显危险建议或违规内容。不足之处在于鉴别诊断方法不够具体，环境致病机制解释较浅，以及缺乏明确的复查时间建议。
问题：鉴别诊断仅提到需要区分其他寄生虫和移行损伤，但未给出具体鉴别手段或指标。；环境因素（如氨气浓度）与疾病发生的关系分析不够深入。；未提供具体的复查周期建议，影响数据完整性。",True,ERNIE-4.5-Turbo-32K,True,review,该回答对猪蛔虫病的诊断准确，症状与疾病匹配度高，诊断逻辑合理，处方安全且与疾病相互印证。不足之处在于鉴别诊断方法不够具体，环境致病机制解释较浅，以及缺乏明确的复查时间建议，但整体数据质量良好，无致命风险，可参考性较强。,86.0,28,18,23,20,review,18.8,19.14,,2,D:\XF-ChongQin\ai-\results\swine_weak_wiki_production\swine_disease_dataset_production_20260507_150711_dual_reviewed_20260507_152954.csv
05b347f9-ad8a-5ff5-8f03-a6d5db0da57a,283,猪后圆线虫病,swine_hunyuan_turbos,hunyuan-turbos-20250926,成功,,猪,我这边是河南一个200头规模的育肥场，这批猪现在80斤左右，最近一周陆续有猪咳嗽、喘气，个别体温升高到40度，采食量明显下降，舍内通风一般，湿度偏高，之前用过阿莫西林拌料三天没明显好转，想问问是不是呼吸道传染病还是寄生虫引起的？要不要整栏都打药？,根据描述的症状（咳嗽、喘气、发热、采食下降）、饲养密度及环境条件，结合育肥猪阶段特点，考虑猪后圆线虫病的可能性较大，同时需排除猪支原体肺炎、猪流感等呼吸道综合征常见病原。建议通过粪便镜检或PCR检测线虫卵/幼虫，并结合剖检肺脏虫道病变进行确诊。,treatment_direction: 针对后圆线虫可使用经批准的驱虫药（如伊维菌素类）按说明使用；若合并细菌感染可配合广谱抗生素控制继发感染。；management_measures: 改善圈舍通风与干燥条件，减少高湿闷热环境；对病猪与健康猪分群管理，防止交叉感染；加强饲料营养以提高抵抗力。；sampling_and_testing: 采集新鲜粪便做漂浮法检查虫卵，必要时送实验室PCR检测；对病死猪进行剖检观察肺部虫道病变并取样送检。；contraindications_and_boundaries: 严禁在疑似重大动物疫病流行时自行用药掩盖病情；发现高热、呼吸急促迅速扩散时应立即报告当地畜牧兽医部门，不可擅自作为普通呼吸道疾病处理。,因涉及驱虫药与可能的抗生素联用，应严格遵循所用药品说明书规定的停药期，并在出栏前确保符合食品安全标准。,"{""disease_name"": ""猪后圆线虫病"", ""severity"": ""中等偏上，可导致生长迟缓、饲料转化率下降，严重时引起死亡"", ""scene_tags"": [""育肥猪"", ""群体呼吸道症状"", ""潮湿环境"", ""采食下降""], ""validation_points"": [""症状与后圆线虫感染相符"", ""环境与易感因素匹配"", ""需要实验室检测确认病原""], ""risk_flags"": [""可能与其他呼吸道病原混合感染"", ""延误诊治可能影响全群健康""], ""case_type"": ""呼吸道群体发病"", ""target_disease"": ""猪后圆线虫病"", ""local_flags"": {""species_ok"": true, ""target_disease_in_diagnosis"": true, ""target_disease_mismatch"": false, ""contains_specific_dose"": false, ""contains_specific_withdrawal"": false, ""regulated_bad_treatment"": false}}",False,False,,,True,False,False,D:\XF-ChongQin\ai-\knowledge\llm_wiki_swine_authoritative,1465,887,"猪后圆线虫病
猪后圆线虫病、metastrongylus lungworms
呼吸道群体发病
同栏出现咳嗽、喘气、发热、采食下降，用户想判断病因和是否需要全群用药。","{""HUMAN_REVIEWED"": 1, ""NEEDS_REVIEW"": 4}","[""SRC-0001"", ""SRC-0006"", ""SRC-0007""]",1889,25.84,ERNIE-4.5-Turbo-32K,88,28,18,23,20,False,True,"整体回答质量较高，诊断方向合理，症状与疾病匹配，处理方向安全，但部分细节可优化。
问题：诊断部分对猪支原体肺炎、猪流感等鉴别诊断的描述稍显简略，病理逻辑可进一步细化。；数据质量方面，场景标签和验证点描述较笼统，可增加具体细节。；处方安全中未明确驱虫药和抗生素的具体使用剂量和疗程，存在一定模糊性。",hunyuan-turbos-20250926,85,90,85,80,85,False,False,"该条数据场景真实，症状与猪后圆线虫病高度吻合，诊断思路合理且包含必要的鉴别诊断，处理方案兼顾驱虫与继发感染防控，管理措施科学，并设有重大疫病上报的安全边界。不足之处在于驱虫药与抗生素的使用缺乏更明确的操作指引，以及部分鉴别分析可更细致。
问题：驱虫药与抗生素的具体使用方法（剂量、疗程）缺失，可能导致执行偏差。；对猪支原体肺炎、猪流感等鉴别诊断的阐述较为简略，病理逻辑可深化。；数据质量上缺少更具体的采样与检测细节。",True,ERNIE-4.5-Turbo-32K,True,review,整体回答质量较高，诊断方向合理，症状与疾病匹配，处理方向安全，但存在部分细节不足，如驱虫药与抗生素的具体使用方法（剂量、疗程）缺失，鉴别诊断的阐述较为简略，数据质量上缺少更具体的采样与检测细节。,86.0,28,18,23,20,review,16.24,21.49,,2,D:\XF-ChongQin\ai-\results\swine_weak_wiki_production\swine_disease_dataset_production_20260507_150711_dual_reviewed_20260507_152954.csv
9e4476e9-091e-5869-86c9-8b5183b3e234,293,非洲猪瘟,swine_hunyuan_turbos,hunyuan-turbos-20250926,成功,,猪,我家有200多头育肥猪，平均体重在80公斤左右，最近几天有几头突然不吃料、体温升高到41度以上，皮肤发红发紫，有的还拉血便，精神很差。之前用过一些退烧针和抗生素，效果不明显。请问这种情况是不是非洲猪瘟？我该采哪些样送检测？怎么防止误诊耽误处理？,高度怀疑非洲猪瘟病毒感染。该病特征包括高热、食欲废绝、皮肤发绀、出血性腹泻及急性死亡，且抗生素治疗无效。由于非洲猪瘟是人畜共患病以外的重要烈性传染病，一旦怀疑应立即采取防控措施，并采集样本送有资质的实验室确诊。,treatment_direction: 目前无特效药物治疗，应停止一切非必要操作，避免应激和交叉感染。；management_measures: 立即限制场内人员、车辆、物资流动，禁止调运生猪及其产品；对发病猪舍进行封闭管理，减少人员进出；加强生物安全，使用有效消毒剂对环境和器具进行消毒。；sampling_and_testing: 采集病死猪脾脏、淋巴结、血液等组织样本，以及抗凝血，按规范包装冷藏运输至具备非洲猪瘟检测资质的机构进行检测。；prohibited_actions: 严禁私自剖检、掩埋或随意丢弃病死猪；禁止使用未经批准的疫苗或药物试图治疗；在未确诊前不得对外销售或转运任何猪只。,因无特效治疗药物，不涉及常规休药期问题；若后续经检测排除本病，方可根据所用药物制定相应休药期。,"{""disease_name"": ""非洲猪瘟"", ""severity"": ""高致死率烈性传染病"", ""scene_tags"": [""育肥猪"", ""高热"", ""皮肤发绀"", ""出血性腹泻"", ""抗生素治疗无效""], ""validation_points"": [""高热不退超过40℃"", ""皮肤发绀或出血点"", ""急性死亡或严重厌食"", ""抗生素治疗无效""], ""risk_flags"": [""重大动物疫病"", ""需立即限制移动"", ""需专业实验室确诊""], ""case_type"": ""采样送检咨询"", ""target_disease"": ""非洲猪瘟"", ""local_flags"": {""species_ok"": true, ""target_disease_in_diagnosis"": true, ""target_disease_mismatch"": false, ""contains_specific_dose"": false, ""contains_specific_withdrawal"": false, ""regulated_bad_treatment"": false}}",False,False,,,True,False,False,D:\XF-ChongQin\ai-\knowledge\llm_wiki_swine_authoritative,1465,887,"非洲猪瘟
非洲猪瘟、african swine fever virus、ASF、African swine fever
采样送检咨询
用户描述症状后，重点询问采什么样品、如何判断和如何避免误治。","{""HUMAN_REVIEWED"": 2}","[""SRC-0001"", ""SRC-0031""]",2221,27.38,ERNIE-4.5-Turbo-32K,88,28,18,24,18,False,True,"该回答对非洲猪瘟的诊断准确，症状描述与疾病特征高度匹配，诊断逻辑合理。处理方向安全，符合非洲猪瘟防控要求，无与疾病相冲突的处方。数据质量较高，但部分细节可进一步优化。
问题：data_quality方面，场景标签和验证点覆盖较全面，但未明确提及人兽共患风险的具体防控措施，尽管在诊断中提及，但未在管理措施中细化。；pathology_logic方面，诊断逻辑基本合理，但未详细解释为何排除其他类似疾病（如猪瘟、猪丹毒等）。；diagnosis_accuracy方面，诊断准确，但可增加对症状持续时间和病情进展的描述以提高准确性评分。",hunyuan-turbos-20250926,85,90,85,95,80,False,False,"该回答对非洲猪瘟的诊断准确，症状与疾病特征高度吻合，处理措施安全合规，未给出危险建议，采样送检流程正确。不足之处在于未进一步说明如何排除其他类似疾病，也未在管理措施中细化针对重大疫病的额外防控细节。整体数据质量较好，但仍有优化空间。
问题：未详细说明如何排除猪瘟、猪丹毒等其他高致死率疾病的鉴别诊断过程。；管理措施中未补充针对重大疫病的人兽共患风险防控措施细节。；缺少对症状持续时间、病程进展的描述，影响诊断精准度。",True,ERNIE-4.5-Turbo-32K,True,review,该回答对非洲猪瘟的诊断准确，症状描述与疾病特征高度匹配，处理方向安全，符合非洲猪瘟防控要求。但存在一些轻微不足，如未详细说明如何排除其他类似疾病，未在管理措施中细化针对重大疫病的额外防控细节，缺少对症状持续时间、病程进展的描述，影响诊断精准度。,86.0,28,18,24,18,review,17.9,17.91,,2,D:\XF-ChongQin\ai-\results\swine_weak_wiki_production\swine_disease_dataset_production_20260507_150711_dual_reviewed_20260507_152954.csv
00fbf30d-876c-5ada-a9f6-ba44a99eaefc,229,猪丹毒,swine_hunyuan_turbos,hunyuan-turbos-20250926,成功,,猪,我家是60日龄左右的保育猪，大概200头左右，最近几天陆续有猪不吃料、精神差，有的还发烧到40度以上，个别猪身上出现了紫红色菱形斑块，粪便偏稀，呼吸有点急促。圈舍通风一般，前几天降温了没及时加温，之前用过阿莫西林拌料，效果不明显。这种情况可能是什么病？该怎么处理？,根据描述的症状（高热、精神沉郁、采食下降、皮肤菱形红斑、腹泻及呼吸加快），结合保育猪阶段易感性，高度怀疑为急性败血型猪丹毒。该病由Erysipelothrix rhusiopathiae引起，常在气温波动大、应激条件下暴发。需与A. suis败血症、沙门氏菌败血症等鉴别，建议尽快采样送实验室确诊。,treatment_direction: 针对疑似猪丹毒，应首先隔离病猪，改善圈舍保温与通风，提高环境温度以减少冷应激；对重症病例可考虑使用青霉素类敏感抗生素控制继发感染，但需在兽医指导下进行。；management_measures: 立即将病猪与健康猪分栏管理，减少人员与工具交叉接触；加强圈舍清洁消毒，保持干燥温暖；暂停引入新猪，防止疫情扩散。；sampling_testing: 采集病死猪心血、脾、肝组织及皮肤病变部位样品，送具备资质的实验室做细菌分离培养及PCR检测，以明确病原并排除其他败血症性疾病。；prohibited_boundaries: 在未确诊前，不得自行大规模投喂未经许可的药物；严禁私自屠宰、出售或运输可疑病猪；若确诊为重大动物疫病，须按当地畜牧部门要求进行封锁、扑杀和无害化处理。,因未确定最终用药方案，无法给出确切休药期；如经确诊并使用抗生素治疗，应严格遵循所用药物的安全休药期规定，并在停药期满并经检测合格后方可出栏销售。,"{""disease_name"": ""猪丹毒"", ""severity"": ""高"", ""scene_tags"": [""保育猪"", ""群体发病"", ""高热"", ""皮肤菱形斑"", ""腹泻"", ""呼吸急促""], ""validation_points"": [""症状符合急性败血型猪丹毒典型表现"", ""保育猪阶段为高发期"", ""环境应激因素支持发病条件""], ""risk_flags"": [""潜在重大动物疫病风险"", ""存在人畜共患病鉴别需求"", ""需实验室确诊""], ""case_type"": ""保育猪群体发病"", ""target_disease"": ""猪丹毒"", ""local_flags"": {""species_ok"": true, ""target_disease_in_diagnosis"": true, ""target_disease_mismatch"": false, ""contains_specific_dose"": false, ""contains_specific_withdrawal"": false, ""regulated_bad_treatment"": false}}",False,False,,,True,False,False,D:\XF-ChongQin\ai-\knowledge\llm_wiki_swine_authoritative,1465,887,"猪丹毒
猪丹毒、erysipelas
保育猪群体发病
群体发病、采食下降、粪便或呼吸道异常，用户想知道主要病因和下一步处理。","{""HUMAN_REVIEWED"": 4}","[""SRC-0001"", ""SRC-0006"", ""SRC-0058"", ""SRC-0065""]",2221,67.58,ERNIE-4.5-Turbo-32K,88,28,18,23,20,False,True,"整体回答质量较高，诊断准确性、病理逻辑、处方安全性和数据质量均表现良好，无明显致命风险，符合通过标准。
问题：诊断准确性方面，虽然症状描述和疾病匹配度较高，但未完全排除其他类似疾病（如A. suis败血症、沙门氏菌败血症）的可能性，建议进一步明确鉴别诊断的依据。；病理逻辑方面，对环境应激因素（如气温波动、通风不良）与疾病暴发的关联性分析可更深入，以增强逻辑严密性。；处方安全性方面，未明确青霉素类抗生素的具体剂量和疗程，可能影响实际操作的规范性。；数据质量方面，场景标签和验证点覆盖较全面，但风险标志中提到的“人畜共患病鉴别需求”未在回答中充分体现，建议补充相关说明。",hunyuan-turbos-20250926,88,90,85,90,85,False,False,"回答整体准确且安全，诊断与症状匹配度高，处理措施合理，包含必要的生物安全措施和送检建议，无危险用药指导。不足之处在于鉴别诊断依据和环境致病机制分析不够深入，以及未充分回应人兽共患病鉴别提示。
问题：鉴别诊断部分仅列出可能性，缺乏更具体的区分要点或检验指标支持。；环境应激与疾病暴发关系的解释较为笼统，可增加流行病学背景细节。；未针对人兽共患病鉴别需求作出针对性说明。",True,ERNIE-4.5-Turbo-32K,True,review,回答整体准确且安全，诊断与症状匹配度高，处理措施合理，包含必要的生物安全措施和送检建议。但存在鉴别诊断依据不够深入、环境致病机制分析不够详细以及未充分回应人兽共患病鉴别提示等轻微不足，需进一步优化。,85.0,28,18,23,20,review,39.69,97.95,,2,D:\XF-ChongQin\ai-\results\swine_weak_wiki_production\swine_disease_dataset_production_20260507_150711_dual_reviewed_20260507_152954.csv
246b8acb-9370-579c-b121-076052d8df28,33,猪伪狂犬病,swine_hunyuan_turbos,hunyuan-turbos-20250926,成功,,猪,我家是200头基础母猪的种猪场，最近有3头怀孕90多天的母猪先后流产，还有一头公猪精神沉郁、采食下降，精液稀薄带异味。周边村里有猪场发生过类似情况，我们之前没做过伪狂犬疫苗，现在很担心是不是传染病，还能不能继续配种？,根据描述的症状（妊娠中后期流产、死胎、公猪精神食欲下降及精液异常）及群体发病特征，高度怀疑为猪伪狂犬病病毒感染。该病可引起母猪繁殖障碍及公猪生殖功能受损，且可通过直接接触或精液传播。,treatment_direction: 立即暂停受影响母猪配种计划，对全场公猪进行精液质量检测并隔离观察；加强生物安全措施，防止人员、车辆、工具等机械传播；尽快采集流产胎儿、胎盘组织及公猪血液送实验室检测确诊。；management_measures: 停止可疑公猪参与配种，淘汰精液质量持续异常的个体；对全群母猪实施紧急免疫接种（按当地主管部门指导）；严格消毒圈舍、料槽、饮水器及运输工具；限制场内人员流动，减少交叉感染风险。；sampling_submission: 采集流产胎儿及胎盘组织、公猪血样送至具备资质的兽医实验室，开展PRV抗原或抗体检测，必要时做PCR鉴定。；prohibited_boundaries: 在未明确排除重大疫病前，不得将场内猪只外调或引入新猪；严禁使用未经检疫的公猪精液；禁止自行使用未经验证的抗病毒药物替代正规防控。,无具体休药期说明，需依据检测结果及主管部门指导意见执行后续生产与销售安排。,"{""disease_name"": ""猪伪狂犬病"", ""severity"": ""高"", ""scene_tags"": [""种猪场"", ""繁殖障碍"", ""公猪异常"", ""群体发病""], ""validation_points"": [""妊娠中后期流产符合PRV典型表现"", ""公猪精液异常提示生殖系统受累"", ""群体性发生提示传染性病因""], ""risk_flags"": [""可能为人畜共患病监测对象"", ""存在重大动物疫病扩散风险""], ""case_type"": ""种猪繁殖障碍"", ""target_disease"": ""猪伪狂犬病"", ""local_flags"": {""species_ok"": true, ""target_disease_in_diagnosis"": true, ""target_disease_mismatch"": false, ""contains_specific_dose"": false, ""contains_specific_withdrawal"": false, ""regulated_bad_treatment"": false}}",False,False,,,True,False,False,D:\XF-ChongQin\ai-\knowledge\llm_wiki_swine_authoritative,1465,887,"猪伪狂犬病
猪伪狂犬病、pseudorabies aujeszky disease
种猪繁殖障碍
种猪场出现流产、死胎、返情或公猪异常，用户担心传染病和是否继续配种。","{""HUMAN_REVIEWED"": 3, ""NEEDS_REVIEW"": 2}","[""SRC-0001"", ""SRC-0015"", ""SRC-0025"", ""SRC-0035""]",2142,29.88,ERNIE-4.5-Turbo-32K,82,28,18,20,16,False,True,"整体回答较为准确，诊断方向合理，处理措施基本安全，但存在部分细节不足，如数据质量方面缺乏具体检测指标，病理逻辑部分对症状关联性解释不够深入。
问题：diagnosis_accuracy: 诊断准确性较高，但对症状与疾病关联性的解释可更详细，例如未提及母猪返情症状与伪狂犬病的联系。；pathology_logic: 病理逻辑部分对公猪精液异常与伪狂犬病的病理机制解释不够深入，缺乏对病毒传播途径的详细说明。；prescription_safety: 处方安全，但未明确提及禁用药物的具体名称，仅笼统说明禁止使用未经验证药物。；data_quality: 数据质量一般，缺乏具体检测指标（如PCR检测的具体基因片段）和休药期的明确说明。",hunyuan-turbos-20250926,85,9,8,9,7,False,False,"该回答在诊断方向上正确，能够结合临床症状、流行病学背景和群体特征识别猪伪狂犬病的可能性，处理方案符合生物安全和防疫原则，未发现危险建议。不足之处在于病理机制解释较浅，缺少对症状与疾病关联的深入分析，以及检测指标和休药期信息不够具体。
问题：病理逻辑中对公猪精液异常与伪狂犬病关系的机制解释不足；未详细阐述母猪返情等症状与伪狂犬病的关联；缺乏具体的实验室检测指标说明（如PCR靶基因）；休药期信息过于笼统",True,ERNIE-4.5-Turbo-32K,True,review,诊断方向正确，能够结合临床症状和流行病学背景识别猪伪狂犬病的可能性，处理方案符合生物安全和防疫原则。但存在病理机制解释较浅、症状与疾病关联分析不足、检测指标和休药期信息不够具体等问题，需补充相关细节以提高回答的完整性和准确性。,83.0,28,18,20,16,review,22.42,23.3,,2,D:\XF-ChongQin\ai-\results\swine_weak_wiki_production\swine_disease_dataset_production_20260507_150711_dual_reviewed_20260507_152954.csv
f4491937-d5c3-5c64-9fa4-b671d4e1c82d,65,猪肾虫病,swine_hunyuan_turbos,hunyuan-turbos-20250926,成功,,猪,我家有120头60日龄左右的育肥猪，最近发现好几头精神差、拉稀、长得慢，有的皮肤还抓得发红结痂，之前用过一次伊维菌素拌料驱虫，但效果不明显，圈舍比较潮湿，粪尿清理不及时，想问问是不是肾虫引起的？,根据描述，结合育肥猪阶段、腹泻、消瘦、皮肤瘙痒及圈舍潮湿等因素，考虑猪肾虫病（Stephanurus dentatus）可能性较大。该病由肾虫寄生引起，幼虫可在肝脏移行形成milk spots，成虫寄生于肾周囊并可能通过瘘管开口于输尿管，导致肾功能受损和全身症状。同时需注意与疥螨、猪虱等外寄生虫以及蛔虫移行所致病变鉴别。,treatment_direction: 建议更换广谱抗线虫药物进行驱虫，并在兽医指导下调整方案；配合改善圈舍卫生，减少粪便堆积，降低湿度，防止再感染。；management_measures: 加强饲养管理，及时清理粪污，保持干燥通风；定期轮换驱虫药物种类以减少耐药性；对症状严重的个体优先隔离观察。；sampling_and_testing: 采集新鲜尿液或粪便样本送实验室镜检寻找肾虫卵；必要时剖检可疑病例，检查肾脏周围囊肿及肝脏milk spots情况。；contraindications_and_boundaries: 禁止使用未经批准的兽药；若检出大量虫体或严重病理变化，应按规定向当地动物防疫部门报告，不可自行处置。,因涉及不同药物及个体差异，停药时间须依据所用药品说明书及兽医指导确定，确保上市猪肉安全。,"{""disease_name"": ""猪肾虫病"", ""severity"": ""中等偏重"", ""scene_tags"": [""育肥猪"", ""寄生虫病"", ""腹泻"", ""消瘦"", ""皮肤瘙痒"", ""圈舍潮湿""], ""validation_points"": [""符合猪肾虫病的流行病学特征（潮湿环境、育肥阶段易发）"", ""症状包括腹泻、消瘦、皮肤异常，与文献描述的全身影响一致"", ""需与疥螨、猪虱及蛔虫移行病变鉴别""], ""risk_flags"": [""需排除其他寄生虫病"", ""需按规范采样送检"", ""如为重大疫情需上报""], ""case_type"": ""寄生虫群体发病"", ""target_disease"": ""猪肾虫病"", ""local_flags"": {""species_ok"": true, ""target_disease_in_diagnosis"": true, ""target_disease_mismatch"": false, ""contains_specific_dose"": false, ""contains_specific_withdrawal"": false, ""regulated_bad_treatment"": false}}",False,False,,,True,False,False,D:\XF-ChongQin\ai-\knowledge\llm_wiki_swine_authoritative,1465,887,"猪肾虫病
猪肾虫病、stephanurus dentatus kidney worm
寄生虫群体发病
猪群出现腹泻、消瘦、皮肤瘙痒或生长慢，用户怀疑寄生虫。","{""HUMAN_REVIEWED"": 2, ""NEEDS_REVIEW"": 2}","[""SRC-0001"", ""SRC-0082""]",2221,27.3,ERNIE-4.5-Turbo-32K,82,27,18,22,15,False,True,"整体回答较为全面，诊断逻辑合理，考虑了猪肾虫病的流行病学特征和症状表现，并提出了鉴别诊断。处方安全，管理措施和采样建议合理，但数据质量方面略有不足，如未详细说明鉴别诊断的具体方法和依据。
问题：鉴别诊断部分未详细说明具体方法和依据，仅提及需与疥螨、猪虱及蛔虫移行病变鉴别，缺乏具体操作指导。；数据质量方面，虽然场景标签和验证点较为全面，但缺乏对症状严重程度的详细描述和量化评估。；休药期承诺较为模糊，未给出具体药物和停药时间，仅提及依据药品说明书和兽医指导。",hunyuan-turbos-20250926,85,90,88,85,80,False,False,"该案例场景真实，用户描述了育肥猪群在潮湿环境下出现精神差、腹泻、生长缓慢及皮肤瘙痒等症状，并结合既往驱虫史提出怀疑肾虫病，符合猪肾虫病的流行病学特征。诊断分析合理，涵盖了主要临床症状、病理机制及鉴别诊断思路。处方方向正确，强调更换广谱驱虫药、改善环境、隔离观察及送检检测，且明确禁止擅自用药和自行处置，具备安全边界。不足之处在于鉴别诊断方法不够细化，缺少对症状严重程度的量化描述，休药期表述较笼统。
问题：鉴别诊断部分未提供具体的检测方法或操作细节，仅列出需与疥螨、猪虱、蛔虫移行病变鉴别，缺乏可操作性。；未对症状的严重程度进行量化或分级描述，影响临床判断的精准性。；休药期信息过于笼统，未说明如何参考药品说明书或兽医指导制定停药计划。",True,ERNIE-4.5-Turbo-32K,partially,review,整体回答较为全面，诊断逻辑合理，考虑了猪肾虫病的流行病学特征和症状表现，并提出了鉴别诊断。处方安全，管理措施和采样建议合理。但存在以下不足：鉴别诊断部分未提供具体的检测方法或操作细节，仅列出需与疥螨、猪虱、蛔虫移行病变鉴别，缺乏可操作性；未对症状的严重程度进行量化或分级描述，影响临床判断的精准性；休药期信息过于笼统，未说明如何参考药品说明书或兽医指导制定停药计划。,83.0,27,18,22,15,review,18.05,21.21,,2,D:\XF-ChongQin\ai-\results\swine_weak_wiki_production\swine_disease_dataset_production_20260507_150711_dual_reviewed_20260507_152954.csv
1d229823-f81e-5237-9290-4bd027f37f18,79,猪繁殖与呼吸综合征,swine_hunyuan_turbos,hunyuan-turbos-20250926,成功,,猪,我家有120头60日龄左右的保育猪，最近一周陆续有几头开始咳嗽、喘气，体温在40℃左右，精神差、吃料慢，昨天又发现几头拉稀，舍内通风一般，湿度偏高，之前用过替米考星拌料三天效果不明显，现在担心是不是蓝耳病，要不要整批投药？,根据描述，保育猪群出现高热、呼吸道症状及部分腹泻，结合近期天气潮湿、通风不良及前期抗生素治疗无效的情况，高度怀疑为猪繁殖与呼吸综合征病毒感染所致。该病常引起母猪流产、仔猪高死亡率及保育猪呼吸道综合征，且易继发细菌感染。需排除其他呼吸道病原体如猪流感病毒、支原体肺炎等混合感染可能。,立即隔离病猪并加强圈舍通风、降低密度、控制温湿度以减少应激；对全群进行临床监测，采集鼻拭子、血液样本送实验室PCR检测确诊；在未确诊前不建议盲目使用抗病毒药物，可配合支持疗法改善营养与饮水，防止继发细菌感染；严禁随意出售或调运病猪，若确诊为PRRS应按规定向当地畜牧部门报告并按二类疫病管理要求执行。,无特定停药期说明，需依据检测结果及监管部门指导决定后续处理措施。,"{""disease_name"": ""猪繁殖与呼吸综合征"", ""severity"": ""中等至严重"", ""scene_tags"": [""保育猪"", ""群体呼吸道症状"", ""高热"", ""环境应激""], ""validation_points"": [""符合PRRS典型临床症状（高热、呼吸道症状、食欲下降）"", ""环境因素（通风不良、湿度高）促进病毒传播"", ""抗生素治疗效果不佳提示病毒性病因""], ""risk_flags"": [""二类动物疫病"", ""需实验室确诊"", ""存在潜在人畜公共卫生管理要求""], ""case_type"": ""呼吸道群体发病"", ""target_disease"": ""猪繁殖与呼吸综合征"", ""local_flags"": {""species_ok"": true, ""target_disease_in_diagnosis"": true, ""target_disease_mismatch"": false, ""contains_specific_dose"": false, ""contains_specific_withdrawal"": false, ""regulated_bad_treatment"": false}}",False,False,,,True,False,False,D:\XF-ChongQin\ai-\knowledge\llm_wiki_swine_authoritative,1465,887,"猪繁殖与呼吸综合征
猪繁殖与呼吸综合征、porcine reproductive and respiratory syndrome viruses、PRRS、蓝耳病
呼吸道群体发病
同栏出现咳嗽、喘气、发热、采食下降，用户想判断病因和是否需要全群用药。","{""HUMAN_REVIEWED"": 2, ""NEEDS_REVIEW"": 2}","[""A0-MOA-573"", ""A1-WOAH-PRRS-DISEASE"", ""SRC-0001"", ""SRC-0026""]",2221,33.69,ERNIE-4.5-Turbo-32K,82,27,18,22,15,False,True,"该回答整体上对猪繁殖与呼吸综合征的诊断、处理方向和风险控制较为合理，诊断依据充分，处理建议安全且符合疾病管理要求，但存在部分细节需要优化。
问题：诊断准确性方面，虽然识别了主要症状和环境因素，但对其他可能的混合感染病原体（如猪流感病毒、支原体肺炎）的排除建议不够具体，缺乏进一步鉴别诊断的指导。；病理逻辑方面，对疾病传播机制和环境因素的关联性分析较为表面，未深入解释湿度和通风如何具体影响病毒传播和病情发展。；处方安全性方面，未明确提及在支持疗法中如何具体防止继发细菌感染（如是否使用抗生素或具体药物选择），可能导致实际操作中的困惑。；数据质量方面，对用户查询中的关键信息（如替米考星使用后的具体效果、拉稀症状的严重程度）利用不足，未充分结合这些信息优化诊断和处理建议。",hunyuan-turbos-20250926,85,4,4,5,3,False,False,"该回答对猪繁殖与呼吸综合征（PRRS）的诊断思路清晰，考虑了临床症状、环境因素及既往用药史，并结合重大疫病防控要求提出了合理的隔离、送检和上报建议，避免了盲目用药，整体安全可控。但在鉴别诊断的具体操作指引、环境致病机制的深入分析以及支持疗法中防继发感染的细化措施上仍有提升空间。
问题：对可能的混合感染（如流感、支原体）鉴别建议不够具体，缺少可操作的排查步骤。；对环境因素（湿度、通风）与PRRS发病关系的解释较浅，未能体现其对病毒传播和免疫抑制的影响。；支持疗法中防止继发细菌感染的措施表述笼统，未给出明确的干预方向。；未充分利用用户提供的替米考星疗效信息来优化诊断推断。",True,ERNIE-4.5-Turbo-32K,True,review,回答对猪繁殖与呼吸综合征的诊断和处理方向基本合理，诊断依据较充分，处理建议安全且符合疾病管理要求，但在鉴别诊断的具体操作指引、环境致病机制的深入分析、支持疗法中防继发感染的细化措施以及用户信息利用方面存在不足，需要进一步优化。,83.0,27,18,22,15,review,23.97,23.28,,2,D:\XF-ChongQin\ai-\results\swine_weak_wiki_production\swine_disease_dataset_production_20260507_150711_dual_reviewed_20260507_152954.csv
88a86442-6a47-5a10-8828-f5d13eab9d3b,93,猪环曲病毒/托克特诺病毒感染,swine_hunyuan_turbos,hunyuan-turbos-20250926,成功,,猪,我家是200头基础母猪的自繁自养场，最近两个月陆续有10多头怀孕80天左右的母猪发生流产，还有几头产下死胎，部分空怀母猪返情率明显升高，个别公猪采精量下降。之前用过替米考星和阿莫西林拌料一周，效果不明显。现在不敢再配种，怕传染。请问这是啥病？该怎么处理？,根据描述，流产、死胎、返情及公猪精液质量下降可能与多种因素相关，包括病毒性、细菌性、营养和管理问题。猪环曲病毒（TTSuV）在猪群中普遍存在，可在血液、精液等样本检出，但目前无特异临床症状直接归因于其感染，且健康猪也可携带。因此，仅凭现有症状不能确诊为本病，需结合实验室检测排除其他常见病原如蓝耳病、伪狂犬病、细小病毒、圆环病毒等。,treatment_direction: 本病暂无特效抗病毒药物，管理重点是稳定猪群健康、减少应激、改善饲养环境。；management_measures: 立即暂停配种计划，对流产母猪进行隔离观察，加强圈舍通风、保温和卫生消毒，确保饲料营养均衡，减少转群和混群操作。；sampling_and_testing: 采集流产胎儿、胎盘、母猪血液、公猪精液及血清送实验室检测，排查蓝耳病、伪狂犬、细小病毒、圆环病毒、布病等常见病原，同时可做TTSuV PCR检测作为背景信息。；prohibited_boundaries: 在未明确病因前，禁止将场内种猪或精液外调，防止潜在疫病扩散；严禁使用未经批准的兽药或疫苗。,因无特定药物治疗，不涉及药物休药期；若后续使用合法批准的药物，应遵守相应说明书规定的休药期。,"{""disease_name"": ""猪环曲病毒/托克特诺病毒感染"", ""severity"": ""中等偏上（影响繁殖性能，但非急性致死性疾病）"", ""scene_tags"": [""种猪场"", ""繁殖障碍"", ""流产"", ""死胎"", ""返情"", ""公猪精液异常""], ""validation_points"": [""TTSuV可在血液、精液、胎盘等检出，但不具特异临床症状"", ""当前症状需优先排除其他法定或重要传染病"", ""管理干预可减少继发损失""], ""risk_flags"": [""疑似重大动物疫病需先排除"", ""涉及种用动物，限制调运""], ""case_type"": ""种猪繁殖障碍"", ""target_disease"": ""猪环曲病毒/托克特诺病毒感染"", ""local_flags"": {""species_ok"": true, ""target_disease_in_diagnosis"": true, ""target_disease_mismatch"": false, ""contains_specific_dose"": false, ""contains_specific_withdrawal"": false, ""regulated_bad_treatment"": false}}",False,False,,,True,False,False,D:\XF-ChongQin\ai-\knowledge\llm_wiki_swine_authoritative,1465,887,"猪环曲病毒/托克特诺病毒感染
猪环曲病毒/托克特诺病毒感染、anelloviruses torque teno sus viruses、TTSuV、Torque teno sus virus
种猪繁殖障碍
种猪场出现流产、死胎、返情或公猪异常，用户担心传染病和是否继续配种。","{""HUMAN_REVIEWED"": 3}","[""SRC-0001"", ""SRC-0083""]",2221,33.11,ERNIE-4.5-Turbo-32K,82,27,18,20,17,False,True,"整体回答逻辑清晰，诊断考虑全面，未直接归因于TTSuV，强调实验室检测排除其他重要病原，符合当前对TTSuV感染的认识。管理措施和采样建议合理，无安全风险。数据质量基本满足要求，但部分细节可优化。
问题：diagnosis_accuracy: 诊断部分虽提到TTSuV无特异临床症状，但未明确说明当前症状更可能与蓝耳病、伪狂犬病等常见繁殖障碍病相关，诊断准确性评分受影响。；pathology_logic: 病理逻辑部分对TTSuV的流行病学特征和致病性描述稍显不足，未充分阐述为何需优先排除其他病原。；data_quality: 数据质量方面，场景标签和验证点基本覆盖，但风险标志中'疑似重大动物疫病需先排除'表述稍显笼统，未具体指出需排除的疫病种类。",hunyuan-turbos-20250926,85,8,8.5,9,8,False,False,"回答整体结构完整，诊断思路谨慎，未贸然归因于猪环曲病毒/托克特诺病毒，而是强调需通过实验室检测排除蓝耳病、伪狂犬病、细小病毒、圆环病毒等重大疫病，并给出合理的隔离、管理和采样建议，无危险用药或不当处置措施。不足之处在于对TTSuV致病性的解释不够深入，且未明确指出需优先排除的重大疫病名称，导致诊断准确性和病理逻辑略有欠缺。
问题：未明确列出需优先排除的重大疫病名称（如蓝耳病、伪狂犬病、细小病毒等），仅笼统提及“常见病原”。；对TTSuV的流行病学特征与致病机制描述不足，未能充分支撑为何需谨慎对待该病原。；风险防控措施中未细化针对疑似重大疫病的应急处置流程。",True,ERNIE-4.5-Turbo-32K,True,review,回答整体结构完整，诊断思路谨慎，未贸然归因于猪环曲病毒/托克特诺病毒，而是强调需通过实验室检测排除其他重大疫病，并给出合理的隔离、管理和采样建议，无危险用药或不当处置措施。但诊断部分未明确列出需优先排除的重大疫病名称，对TTSuV的流行病学特征与致病机制描述不足，风险防控措施中未细化针对疑似重大疫病的应急处置流程，导致诊断准确性和病理逻辑略有欠缺，数据质量可进一步优化。,83.0,27,18,20,17,review,22.5,22.66,,2,D:\XF-ChongQin\ai-\results\swine_weak_wiki_production\swine_disease_dataset_production_20260507_150711_dual_reviewed_20260507_152954.csv
89a547b3-2004-510f-8c31-fe3f6fc1e0cd,180,猪巨细胞病毒感染,swine_hunyuan_turbos,hunyuan-turbos-20250926,成功,,猪,我家有200头80公斤左右的育肥猪，已经养了快5个月，最近几天有几头出现精神沉郁、食欲下降、体温升高到40℃左右，个别猪呼吸稍快，粪便正常。之前没用过抗病毒药，现在离计划出栏还有20天，想问这种情况能不能用药治疗？会不会影响出栏卖猪？,根据描述的症状（高热、精神沉郁、食欲减退、呼吸加快），结合育肥猪阶段，考虑可能存在病毒性感染，如猪巨细胞病毒感染等，需排除其他常见病毒性疾病（如PRRS、PCV2相关疾病）。建议通过临床检查、血液学及病原检测进一步确诊。,治疗方向以支持疗法为主，改善饲养管理条件，减少应激，保证饮水充足和营养供给；可配合对症退热、补液等措施。管理措施包括分群隔离病猪，加强圈舍通风与消毒，防止继发细菌感染。采样送检方面，可取发热猪的血液、鼻拭子或组织样本送实验室进行PCR检测，明确病原。禁忌边界为在检测结果未明前，不得使用未经批准的兽药或超范围药物，且对疑似重大动物疫病须按当地规定及时报告，不得擅自出售或运输。,因未使用特定化学药品，无明确休药期限制；若后续使用任何药物，应按标签说明执行相应停药期后方可出栏。,"{""disease_name"": ""猪巨细胞病毒感染"", ""severity"": ""中等"", ""scene_tags"": [""育肥猪"", ""高热"", ""食欲减退"", ""临近出栏""], ""validation_points"": [""症状符合病毒性感染特征"", ""育肥猪阶段易发多种病毒病"", ""支持疗法与管理措施符合兽医常规""], ""risk_flags"": [""需排除重大动物疫病"", ""禁止擅自销售疑似染疫猪""], ""case_type"": ""上市休药期咨询"", ""target_disease"": ""猪巨细胞病毒感染"", ""local_flags"": {""species_ok"": true, ""target_disease_in_diagnosis"": true, ""target_disease_mismatch"": false, ""contains_specific_dose"": false, ""contains_specific_withdrawal"": false, ""regulated_bad_treatment"": false}}",False,False,,,True,False,False,D:\XF-ChongQin\ai-\knowledge\llm_wiki_swine_authoritative,1465,887,"猪巨细胞病毒感染
猪巨细胞病毒感染、porcine cytomegalovirus
上市休药期咨询
用户接近出栏，关心治疗方向和用药后能否出栏销售。","{""H"": 1, ""HUMAN_REVIEWED"": 1, ""NEEDS_REVIEW"": 2}","[""SRC-0001"", ""SRC-0083""]",2221,30.56,ERNIE-4.5-Turbo-32K,82,27,18,22,15,False,True,"整体回答符合猪巨细胞病毒感染的测试数据要求，诊断方向合理，症状与疾病匹配，治疗方向安全，未出现致命风险。但在诊断准确性、病理逻辑、数据质量方面仍有提升空间。
问题：诊断准确性方面，虽然考虑了猪巨细胞病毒感染，但也提到了其他病毒性疾病（如PRRS、PCV2相关疾病），未明确排除或确认，导致诊断准确性评分稍低。；病理逻辑方面，对症状与疾病的关联解释不够深入，缺乏具体的病理机制说明。；数据质量方面，症状描述较为笼统，缺乏更详细的临床检查数据或实验室检测结果支持。；处方安全性方面，虽然提出了支持疗法和管理措施，但未针对猪巨细胞病毒感染提出具体的抗病毒治疗建议（尽管目前可能缺乏特效药）。",hunyuan-turbos-20250926,85,75,78,90,80,False,False,"该回答在症状识别、鉴别诊断思路、安全处置措施等方面基本符合要求，未出现危险建议，并强调了重大疫病上报与检测的重要性。但诊断部分未明确排除或确认目标疾病，病理机制解释不足，数据细节偏少，影响了整体严谨性。
问题：诊断中虽提及猪巨细胞病毒感染，但同时列出多种其他病毒性疾病而未明确排除或确认，降低了诊断针对性。；缺乏对症状与猪巨细胞病毒感染之间病理机制的详细解释。；用户提供的症状信息较笼统，缺少更多临床或实验室数据支撑。；未就猪巨细胞病毒感染的特殊防控要点作进一步说明。",True,ERNIE-4.5-Turbo-32K,True,review,诊断方向合理，考虑了猪巨细胞病毒感染及其他病毒性疾病的可能性，但未明确排除或确认，降低了诊断针对性；治疗方向安全，以支持疗法和管理措施为主，未出现致命风险；但缺乏对症状与疾病之间病理机制的详细解释，且用户提供的症状信息较笼统，数据细节偏少。整体回答基本符合要求，但存在轻微不足，需进一步补充和明确。,83.0,27,18,22,15,review,20.76,21.39,,2,D:\XF-ChongQin\ai-\results\swine_weak_wiki_production\swine_disease_dataset_production_20260507_150711_dual_reviewed_20260507_152954.csv
47ad0815-dd2c-5c52-8918-7f10bc27d242,193,猪放线杆菌败血症,swine_hunyuan_turbos,hunyuan-turbos-20250926,成功,,猪,我家是200头左右的保育后期到育肥前期猪，平均体重40公斤左右，这几天有五六头开始咳嗽、喘气，体温升高到41℃以上，精神差、吃料少，昨天又发现一头呼吸急促、皮肤发红，怀疑是不是传染病，要不要整栏都投药？圈舍通风一般，最近气温忽高忽低。,根据描述的症状（高热、咳嗽、喘气、采食下降、部分个体皮肤发红）及群体性发生特点，结合保育至育肥阶段易感性，考虑可能为细菌性败血症性疾病，如猪放线杆菌败血症（Actinobacillus suis septicemia），其临床表现可类似猪丹毒并伴发呼吸道症状。需要实验室检测（血涂片、细菌分离培养、PCR等）与猪丹毒、链球菌病等鉴别。,立即将病猪与健康猪分群管理，减少混群接触；改善圈舍通风与保温，适当提高环境温度以减少冷应激；对表现明显症状的个体进行采样送检（血液、组织）；在确诊前不建议随意使用广谱抗生素全群投喂，以免掩盖病情并影响检测结果；若确诊为A. suis感染，可根据药敏结果选择敏感抗生素治疗，同时加强饲养管理与生物安全防控；严禁私自出售或转运病死猪，防止疫情扩散。,因涉及群体用药与检疫，需依据实验室检测结果及所用药物种类确定具体休药期，并在停药后按规定时间方可出栏或转群。,"{""disease_name"": ""猪放线杆菌败血症"", ""severity"": ""中等至高"", ""scene_tags"": [""保育猪"", ""育肥猪"", ""群体发病"", ""呼吸道症状"", ""高热"", ""皮肤病变""], ""validation_points"": [""症状符合A. suis急性败血症特征（高热、呼吸异常、皮肤红斑）"", ""群体发生提示传染性因素"", ""需与猪丹毒、链球菌病等鉴别""], ""risk_flags"": [""可能为人畜共患病监测对象（链球菌等需排除）"", ""存在重大疫病排查需求""], ""case_type"": ""呼吸道群体发病"", ""target_disease"": ""猪放线杆菌败血症"", ""local_flags"": {""species_ok"": true, ""target_disease_in_diagnosis"": true, ""target_disease_mismatch"": false, ""contains_specific_dose"": false, ""contains_specific_withdrawal"": false, ""regulated_bad_treatment"": false}}",False,False,,,True,False,False,D:\XF-ChongQin\ai-\knowledge\llm_wiki_swine_authoritative,1465,887,"猪放线杆菌败血症
猪放线杆菌败血症、actinobacillus suis septicemia pleuropneumonia
呼吸道群体发病
同栏出现咳嗽、喘气、发热、采食下降，用户想判断病因和是否需要全群用药。","{""HUMAN_REVIEWED"": 3, ""NEEDS_REVIEW"": 2}","[""SRC-0001"", ""SRC-0006"", ""SRC-0058"", ""SRC-0064""]",2167,38.52,ERNIE-4.5-Turbo-32K,82,27,18,20,17,False,True,"整体回答质量较高，诊断方向合理，症状与疾病匹配度较高，处理方向安全，但存在部分细节可优化，如诊断逻辑的严谨性、数据质量完整性等。
问题：诊断逻辑中，虽然提到需实验室检测与猪丹毒、链球菌病等鉴别，但未明确说明鉴别诊断的具体依据或优先级，逻辑严谨性稍欠。；数据质量方面，用户查询中提到的症状（如咳嗽、喘气、高热等）与疾病匹配度较高，但未提及具体症状的持续时间或严重程度分级，对诊断的支撑力度稍弱。；处方安全中，虽然强调了确诊前不建议随意使用广谱抗生素，但未提供初步应急处理建议（如隔离、观察等），可能影响实际操作的及时性。；休药期承诺未给出具体药物或时间范围，仅说明需依据检测结果确定，略显笼统。",hunyuan-turbos-20250926,85,90,80,88,78,True,False,"该回答整体符合临床思路，症状与猪放线杆菌败血症高度相关，诊断方向正确且提示了必要的实验室鉴别，避免盲目用药。处理方案强调分群、隔离、送检、环境改善和生物安全，无危险建议。不足之处在于鉴别诊断逻辑不够细化，缺少初步应急干预措施，以及数据信息（症状持续时间和严重程度）不足。
问题：鉴别诊断逻辑不够详细，未明确优先顺序和依据；缺乏针对初期症状的应急干预建议（如隔离观察、支持治疗）；用户提供的症状信息较简略，缺少持续时间、严重程度等细节",True,ERNIE-4.5-Turbo-32K,True,review,整体回答质量较高，诊断方向合理，症状与疾病匹配度较高，处理方向安全，但存在部分细节可优化。诊断逻辑中，虽然提到需实验室检测与猪丹毒、链球菌病等鉴别，但未明确说明鉴别诊断的具体依据或优先级，逻辑严谨性稍欠。数据质量方面，用户查询中提到的症状（如咳嗽、喘气、高热等）与疾病匹配度较高，但未提及具体症状的持续时间或严重程度分级，对诊断的支撑力度稍弱。处方安全中，虽然强调了确诊前不建议随意使用广谱抗生素，但未提供初步应急处理建议（如隔离、观察等），可能影响实际操作的及时性。休药期承诺未给出具体药物或时间范围，仅说明需依据检测结果确定，略显笼统。,83.0,27,18,20,17,review,25.7,25.03,,2,D:\XF-ChongQin\ai-\results\swine_weak_wiki_production\swine_disease_dataset_production_20260507_150711_dual_reviewed_20260507_152954.csv
387cfa84-6367-5417-8f44-97a452ecae02,247,猪托罗病毒感染,swine_hunyuan_turbos,hunyuan-turbos-20250926,成功,,猪,我家有120头母猪，目前产房里20多头刚出生一周左右的小猪，最近两天陆续出现拉稀，有的黄色稀粪，有的带点黏液，个别还有轻微呕吐，吃奶还行，但精神稍差，体温没测过。之前用过恩诺沙星拌料喂了三天，效果不明显。想问问这是啥原因？要不要做化验？怎么区分是病毒还是细菌或者寄生虫引起的？,根据日龄（1周左右）及临床表现（水样至黏液样腹泻、偶有呕吐、精神略差），结合使用抗生素无效的情况，考虑病毒性腹泻可能性较大，如猪流行性腹泻（PED）、传染性胃肠炎（TGE）或猪托罗病毒感染等；同时需排除细菌性（如大肠杆菌、沙门氏菌）及寄生虫（如球虫）感染。建议尽快采集新鲜粪便样品送实验室进行病原学检测，并结合流行病学调查明确病因。,treatment_direction: 无特效抗病毒药物，以支持疗法为主，包括补液防脱水、维持电解质平衡、保温、减少应激；对继发细菌感染可酌情选用敏感抗生素控制，但应避免滥用。；management_measures: 立即隔离病猪，加强产房卫生消毒，保持适宜温湿度，保证仔猪及时吃到初乳；全群观察，记录发病数、死亡数、粪便性状变化。；sampling_submission: 采集发病仔猪的新鲜粪便（最好冷藏保存并尽快送检），有条件时同步采集鼻拭子或肠道内容物，送具备资质的兽医实验室进行病毒、细菌和寄生虫检测。；prohibited_boundaries: 严禁将疑似重大动物疫病（如非洲猪瘟、口蹄疫等）误作普通腹泻处理；发现高热、全身出血、急性死亡等情况应立即上报当地动物防疫部门，不得擅自剖检或销售病死猪。,因未涉及具体药物使用，暂无休药期说明；若后续使用抗生素，应按药品说明书执行相应休药期，并在出栏前确保停药期满。,"{""disease_name"": ""猪托罗病毒感染"", ""severity"": ""中等"", ""scene_tags"": [""腹泻"", ""仔猪"", ""病毒性腹泻鉴别"", ""采样送检""], ""validation_points"": [""按日龄分层鉴别腹泻病因"", ""涵盖病毒、细菌、寄生虫等多类病原"", ""强调支持疗法与管理措施"", ""提出采样送检路径""], ""risk_flags"": [""潜在重大动物疫病风险需排除"", ""禁止擅自处置病死猪""], ""case_type"": ""腹泻采样送检"", ""target_disease"": ""猪托罗病毒感染"", ""local_flags"": {""species_ok"": true, ""target_disease_in_diagnosis"": true, ""target_disease_mismatch"": false, ""contains_specific_dose"": false, ""contains_specific_withdrawal"": false, ""regulated_bad_treatment"": false}}",False,False,,,True,False,False,D:\XF-ChongQin\ai-\knowledge\llm_wiki_swine_authoritative,1465,887,"猪托罗病毒感染
猪托罗病毒感染、porcine torovirus
腹泻采样送检
用户描述粪便性状、日龄和病程，重点询问如何鉴别病毒性、细菌性或寄生虫性腹泻。","{""HUMAN_REVIEWED"": 3, ""NEEDS_REVIEW"": 2}","[""RC-DIARRHEA-001"", ""SRC-0001"", ""SRC-0007"", ""SRC-0030"", ""SRC-0052"", ""SRC-0062"", ""SRC-0063"", ""SRC-0064"", ""SRC-0071"", ""SRC-0072"", ""SRC-0073"", ""SRC-0077"", ""SRC-0081"", ""SRC-0083""]",2123,30.26,ERNIE-4.5-Turbo-32K,82,27,18,23,14,False,True,"该回答整体表现良好，诊断方向准确，考虑了病毒性腹泻的可能性，并建议进行病原学检测以明确病因。处理方向安全，强调了支持疗法和管理措施的重要性，同时提出了采样送检的合理建议。数据质量方面，虽然覆盖了主要验证点，但在症状与疾病匹配的详细性上略有不足。
问题：诊断准确性方面，虽然考虑了病毒性腹泻的可能性，但对猪托罗病毒感染的特异性症状描述不够详细，与其他病毒性腹泻的鉴别不够明确。；病理逻辑方面，对疾病发生发展的解释不够深入，缺乏对猪托罗病毒感染病理机制的简要阐述。；数据质量方面，虽然涵盖了多类病原的鉴别和采样送检路径，但对症状与疾病匹配的详细性描述不足，且未充分突出猪托罗病毒感染的独特性。",hunyuan-turbos-20250926,85,4,3.5,5,4,False,False,"回答整体结构合理，诊断思路清晰，能够结合日龄、症状及用药反应推测病毒性腹泻可能，并提示多种病原鉴别及送检建议。处理方案符合安全规范，强调支持疗法与管理措施，并设有明确的防疫红线。不足之处在于对猪托罗病毒感染的特征性症状描述不够细致，未能很好地区分于其他常见病毒性腹泻，病理机制解释较浅，细节匹配度有待提升。
问题：对猪托罗病毒感染的典型临床特征缺乏针对性描述，难以与PED、TGE等区分。；病理发展过程解释不足，缺少对病毒致病机理的简要说明。；症状-疾病匹配的细节化程度不够，影响鉴别诊断的可操作性。",True,ERNIE-4.5-Turbo-32K,True,review,回答整体结构合理，诊断方向准确，考虑了病毒性腹泻的可能性，并建议进行病原学检测以明确病因。处理方案符合安全规范，强调支持疗法与管理措施，并设有明确的防疫红线。不足之处在于对猪托罗病毒感染的特征性症状描述不够细致，未能很好地区分于其他常见病毒性腹泻，病理机制解释较浅，细节匹配度有待提升。,83.0,27,18,23,14,review,19.46,15.99,,2,D:\XF-ChongQin\ai-\results\swine_weak_wiki_production\swine_disease_dataset_production_20260507_150711_dual_reviewed_20260507_152954.csv
c308379c-85d3-5f18-bba0-6b4d58c082c6,251,猪戊型肝炎,swine_hunyuan_turbos,hunyuan-turbos-20250926,成功,,猪,我家有300头育肥猪，平均体重80公斤左右，最近有十几头陆续出现精神沉郁、食欲下降、粪便稀软，有的还伴有轻度黄疸，体温在39℃上下，已经持续一周了。之前用过恩诺沙星拌料三天，效果不明显。想问问这种情况是不是要送样检测？应该采哪些组织？会不会是别的更严重的病？,根据描述的症状（精神沉郁、食欲减退、腹泻、轻度黄疸、发热），结合用药史和治疗无效的情况，需考虑猪戊型肝炎病毒感染的可能，但也需排除其他引起肝损伤及全身症状的病毒性或细菌性传染病（如猪瘟、非洲猪瘟、圆环病毒、沙门氏菌感染等）。该病为粪口传播的人兽共患风险病毒病，目前尚无特效治疗药物，防控依赖生物安全与监测。,treatment_direction: 无特效抗病毒药物，主要采取支持性护理，保证饮水清洁，减少应激，改善饲料适口性，维持电解质平衡。；management_measures: 立即隔离发病猪只，加强圈舍通风与消毒，防止交叉污染；全群暂停使用抗生素以防掩盖病情；限制人员、车辆流动，防止病原扩散。；sampling_submission: 采集发病猪的新鲜肝脏、脾脏、淋巴结以及部分血液样本，同时可采集粪便做分子检测；若怀疑神经系统受累，应加采脑组织（尤其是脑干和脊髓）。样本应尽快冷藏送至具备资质的实验室进行HEV核酸检测及血清学检测，必要时并行其他病原筛查。；prohibited_boundaries: 严禁私自屠宰、销售或食用可疑病死猪；禁止将病猪及其产品跨区域运输；发现疑似重大动物疫病应立即向当地畜牧兽医部门报告。,因无特效药物治疗，不涉及药物休药期问题；但若后续使用任何兽药，须严格遵循相应休药期规定。,"{""disease_name"": ""猪戊型肝炎"", ""severity"": ""中等至严重（视感染率与继发感染情况而定）"", ""scene_tags"": [""育肥猪"", ""群体发病"", ""腹泻黄疸"", ""治疗无效"", ""采样送检""], ""validation_points"": [""症状符合HEV感染常见表现"", ""治疗无效提示非单纯细菌感染"", ""需通过实验室确诊""], ""risk_flags"": [""人兽共患风险（HEV）"", ""潜在重大动物疫病排查需求"", ""跨省调运受限风险""], ""case_type"": ""采样送检咨询"", ""target_disease"": ""猪戊型肝炎"", ""local_flags"": {""species_ok"": true, ""target_disease_in_diagnosis"": true, ""target_disease_mismatch"": false, ""contains_specific_dose"": false, ""contains_specific_withdrawal"": false, ""regulated_bad_treatment"": false}}",False,False,,,True,False,False,D:\XF-ChongQin\ai-\knowledge\llm_wiki_swine_authoritative,1465,887,"猪戊型肝炎
猪戊型肝炎、hepatitis e virus
采样送检咨询
用户描述症状后，重点询问采什么样品、如何判断和如何避免误治。","{""HUMAN_REVIEWE"": 1, ""HUMAN_REVIEWED"": 2, ""NEEDS_REVIEW"": 2}","[""SRC-0001"", ""SRC-0009"", ""SRC-0012"", ""SRC-0014"", ""SRC-0040"", ""SRC-0041""]",2221,32.79,ERNIE-4.5-Turbo-32K,82,27,18,23,14,False,True,"该回答整体表现良好，诊断准确性较高，症状与疾病匹配合理，诊断逻辑清晰，排除了其他可能的疾病，并考虑了人兽共患风险。处方安全，管理措施得当，采样建议合理。但数据质量方面略有不足，部分细节描述可更完善。
问题：诊断准确性方面，虽然考虑了猪戊型肝炎，但对其他可能疾病的排除依据可更详细。；病理逻辑方面，对疾病传播途径和防控措施的描述可更深入。；数据质量方面，症状描述、用药史等信息的完整性可提升，以增强诊断的可靠性。；采样建议中，对样本保存和运输的具体要求未详细说明。",hunyuan-turbos-20250926,85,4,4,5,3,False,False,"回答总体准确且安全，能够结合用户提供的症状、用药史和病程，提出猪戊型肝炎的可能性，并谨慎排除其他严重传染病。处方方向以支持和隔离为主，符合无特效治疗的实际，且明确提示人兽共患风险与上报义务，避免危险操作。不足之处在于部分细节不够完整，例如对其他鉴别诊断的依据、传播途径的深入解释、样本保存运输条件等，可进一步提升数据质量和专业深度。
问题：对其他可能疾病的排除理由不够充分，缺乏详细的流行病学或实验室依据说明。；对戊型肝炎的传播途径、潜伏期、流行特点等背景信息描述较简略。；采样建议中缺少样本保存温度、运输时限等关键操作细节。；未提及在疑似重大疫病情况下如何协调送检与现场处置的时间安排。",True,ERNIE-4.5-Turbo-32K,True,review,回答整体准确且安全，诊断方向合理，考虑了猪戊型肝炎的可能性并排除了其他严重传染病，处方方向以支持和隔离为主，符合无特效治疗的实际，且明确提示了人兽共患风险与上报义务。但存在部分细节不够完整的问题，如对其他可能疾病的排除依据不够充分，对戊型肝炎的传播途径等背景信息描述较简略，采样建议中缺少样本保存温度、运输时限等关键操作细节，因此判为review。,83.0,27,18,23,14,review,22.51,20.29,,2,D:\XF-ChongQin\ai-\results\swine_weak_wiki_production\swine_disease_dataset_production_20260507_150711_dual_reviewed_20260507_152954.csv
0d4933ef-13b3-52ca-8d08-ee80bc044b6f,252,猪伪狂犬病,swine_hunyuan_turbos,hunyuan-turbos-20250926,成功,,猪,我家有120头90公斤左右的育肥猪，最近几天陆续出现发烧、咳嗽、流清鼻涕，有的还伴有神经症状比如转圈、倒地抽搐，已经死了3头。之前用过阿莫西林拌料，效果不明显。现在离计划出栏还有20天，想问下这种情况还能治吗？用药后多久能卖？,根据描述的症状（高热、呼吸道症状、神经症状）及死亡情况，高度怀疑为猪伪狂犬病感染。该病由伪狂犬病毒引起，对育肥猪可表现为急性发热、呼吸道症状和神经系统紊乱，死亡率较高。,立即将发病猪与健康猪严格隔离，防止交叉感染；采集病死猪脑组织、扁桃体等样本送实验室进行PCR检测确诊；全群加强生物安全措施，限制人员、车辆流动，彻底消毒栏舍；目前无特效治疗药物，主要采取对症支持治疗和防控继发细菌感染；禁止在疫情未明时随意出售活猪或猪肉产品，须按当地畜牧部门要求进行处置。,因涉及重大动物疫病，需依据检测结果和当地主管部门意见确定是否允许出栏，不可自行决定休药期。,"{""disease_name"": ""猪伪狂犬病"", ""severity"": ""高致死性"", ""scene_tags"": [""育肥猪"", ""高热"", ""呼吸道症状"", ""神经症状"", ""死亡""], ""validation_points"": [""症状符合伪狂犬病典型表现"", ""存在死亡病例提示病情严重"", ""已用抗生素无效支持病毒性病因""], ""risk_flags"": [""重大动物疫病风险"", ""潜在跨区域传播风险"", ""需主管部门介入""], ""case_type"": ""上市休药期咨询"", ""target_disease"": ""猪伪狂犬病"", ""local_flags"": {""species_ok"": true, ""target_disease_in_diagnosis"": true, ""target_disease_mismatch"": false, ""contains_specific_dose"": false, ""contains_specific_withdrawal"": false, ""regulated_bad_treatment"": false}}",False,False,,,True,False,False,D:\XF-ChongQin\ai-\knowledge\llm_wiki_swine_authoritative,1465,887,"猪伪狂犬病
猪伪狂犬病、pseudorabies aujeszky disease
上市休药期咨询
用户接近出栏，关心治疗方向和用药后能否出栏销售。","{""HUMAN_REVIEWED"": 2, ""NEEDS_REVIEW"": 3}","[""A0-MOA-573"", ""A0-MOA-ASF-NORMALIZED-GUIDE"", ""A1-WOAH-ASF"", ""A1-WOAH-AUJESZKY-DISEASE"", ""SRC-0001"", ""SRC-0012""]",2152,31.99,ERNIE-4.5-Turbo-32K,82,28,18,24,12,False,True,"整体回答符合猪伪狂犬病的诊断与处理逻辑，诊断准确性较高，症状与疾病匹配合理，处理方向安全且符合重大疫病防控要求。但存在部分细节不足，如数据质量方面缺乏具体检测方法描述，病理逻辑部分对症状关联性解释不够深入。
问题：数据质量方面，未明确提及实验室检测的具体方法（如PCR检测的样本类型和处理流程），仅简单提及送检，缺乏细节支撑。；病理逻辑部分，对高热、呼吸道症状和神经症状与猪伪狂犬病的关联性解释不够深入，未提及病毒传播途径和易感猪群特点。；诊断准确性方面，虽症状匹配合理，但未完全排除其他类似疾病（如猪瘟、蓝耳病）的可能性，缺乏鉴别诊断描述。；处方安全性方面，虽强调生物安全措施和禁止随意出售，但未提及具体消毒剂选择和使用方法，可能影响实际防控效果。",hunyuan-turbos-20250926,85,9,8,10,7,False,False,"该回答针对用户描述的育肥猪高热、呼吸道症状及神经症状，结合死亡情况，准确指向猪伪狂犬病，并给出合理的隔离、送检、生物安全等防控措施，强调了重大疫病的上报与安全处置，避免了危险建议。但在检测方法细节、症状与病原机制关联解释以及鉴别诊断方面仍有提升空间。
问题：未详细说明实验室检测方法（如PCR样本类型、处理流程）。；对高热、呼吸道症状与神经症状与伪狂犬病关系的病理机制解释不足。；缺少与其他类似疾病（如猪瘟、蓝耳病）的鉴别分析。；未提供具体消毒剂种类与使用方法的建议。",True,ERNIE-4.5-Turbo-32K,True,review,整体回答符合猪伪狂犬病的诊断与处理逻辑，诊断准确性较高，症状与疾病匹配合理，处理方向安全且符合重大疫病防控要求。但存在部分细节不足，如未明确提及实验室检测的具体方法（如PCR检测的样本类型和处理流程），对高热、呼吸道症状和神经症状与猪伪狂犬病的关联性解释不够深入，未提及病毒传播途径和易感猪群特点，未完全排除其他类似疾病（如猪瘟、蓝耳病）的可能性，缺乏鉴别诊断描述，未提及具体消毒剂选择和使用方法，可能影响实际防控效果。,83.0,28,18,24,12,review,24.84,20.49,,2,D:\XF-ChongQin\ai-\results\swine_weak_wiki_production\swine_disease_dataset_production_20260507_150711_dual_reviewed_20260507_152954.csv
c3b761be-0576-5945-b832-ea308e8ff5bd,271,猪钩端螺旋体病,swine_hunyuan_turbos,hunyuan-turbos-20250926,成功,,猪,我们场有60头经产母猪和8头公猪，最近半个月陆续有3头怀孕90多天的母猪流产，还有两头母猪返情，公猪精液活力下降。之前没用过什么特殊药物，圈舍通风一般，地面潮湿。这种情况会不会是传染病？还能继续配种吗？,根据描述，母猪流产、返情及公猪精液质量下降，结合潮湿环境和近期多发情况，高度怀疑猪钩端螺旋体病或其他繁殖障碍性疾病。该病可导致妊娠中断、胎儿死亡及公猪生殖功能受损，且多为隐性感染，部分个体表现明显。需要结合实验室检测确认病原。,立即隔离发病母猪，停止配种计划，防止病原扩散。采集流产胎儿、胎盘组织及公猪精液送实验室进行病原学检测（PCR、培养）。对全场猪群加强生物安全，改善圈舍通风干燥条件，减少人员流动。工作人员应做好个人防护，避免接触污染尿液或血液。确诊前不建议使用抗生素自行治疗，以免掩盖病情影响检测结果。若检出钩端螺旋体，应由专业人员制定针对性防控方案并考虑公共卫生防护。,因未确定病原及治疗方案，暂无法给出具体休药期建议。如后续使用药物治疗，须依据检测结果和兽医指导执行相应停药期。,"{""disease_name"": ""猪钩端螺旋体病"", ""severity"": ""中等至严重（视感染率及管理条件而定）"", ""scene_tags"": [""繁殖障碍"", ""流产"", ""公猪精液异常"", ""潮湿环境""], ""validation_points"": [""符合钩端螺旋体病在妊娠母猪和公猪中的临床表现"", ""环境因素（潮湿）有利于病原体存活和传播"", ""需通过实验室检测排除其他繁殖障碍疾病""], ""risk_flags"": [""职业性人兽共患风险"", ""可能具有传染性，需隔离和检测""], ""case_type"": ""种猪繁殖障碍"", ""target_disease"": ""猪钩端螺旋体病"", ""local_flags"": {""species_ok"": true, ""target_disease_in_diagnosis"": true, ""target_disease_mismatch"": false, ""contains_specific_dose"": false, ""contains_specific_withdrawal"": false, ""regulated_bad_treatment"": false}}",False,False,,,True,False,False,D:\XF-ChongQin\ai-\knowledge\llm_wiki_swine_authoritative,1465,887,"猪钩端螺旋体病
猪钩端螺旋体病、leptospirosis
种猪繁殖障碍
种猪场出现流产、死胎、返情或公猪异常，用户担心传染病和是否继续配种。","{""HUMAN_REVIEWED"": 2, ""NEEDS_REVIEW"": 2}","[""SRC-0001"", ""SRC-0067""]",2220,27.28,ERNIE-4.5-Turbo-32K,88,28,18,23,20,False,True,"整体回答质量较高，诊断准确性、病理逻辑、处方安全性和数据质量均表现良好，无明显致命风险。诊断准确识别了猪钩端螺旋体病的可能性，并考虑了环境因素和实验室检测的必要性。处方安全合理，强调了隔离、生物安全和实验室检测的重要性，避免了盲目用药。数据质量较高，提供了详细的场景描述和验证点。
问题：诊断准确性方面，虽然识别了猪钩端螺旋体病的可能性，但未完全排除其他繁殖障碍性疾病，如猪繁殖与呼吸综合征（PRRS）或伪狂犬病，这些疾病也可能导致类似症状。；病理逻辑方面，对钩端螺旋体病的病理机制解释不够深入，未详细说明病原体如何导致流产和精液质量下降。；处方安全性方面，虽然强调了隔离和生物安全，但未提供具体的消毒措施或个人防护装备的建议。；数据质量方面，虽然提供了详细的场景描述，但未提及猪群的免疫历史或近期引种情况，这些信息对诊断和防控至关重要。",hunyuan-turbos-20250926,85,4,4,5,4,False,False,"该回答在诊断上正确识别了猪钩端螺旋体病的可能性，并结合环境及临床表现进行了合理推断；处方强调隔离、送检和避免盲目用药，符合安全原则；未出现危险建议。但诊断未充分排除其他常见繁殖障碍性疾病，病理机制解释不足，缺少具体消毒和个人防护措施细节，也未涉及免疫史等关键信息。
问题：未全面排除其他可能导致相似症状的繁殖障碍性疾病（如PRRS、伪狂犬病）；对钩端螺旋体病致病机理阐述不足，缺乏详细病理过程说明；处方中缺少具体消毒方法和个人防护装备建议；未询问或记录猪群免疫史、引种史等关键流行病学信息",True,ERNIE-4.5-Turbo-32K,True,review,诊断识别了猪钩端螺旋体病的可能性，但未全面排除其他繁殖障碍性疾病（如PRRS、伪狂犬病），病理机制解释不足。处方强调了隔离、送检和避免盲目用药，符合安全原则，但缺少具体消毒措施和个人防护装备建议。数据质量方面，未提及猪群免疫历史或近期引种情况，这些信息对诊断和防控至关重要。综合来看，回答整体方向正确，但存在一些细节不足，需要补充完善。,83.0,28,18,23,20,review,19.68,21.52,,2,D:\XF-ChongQin\ai-\results\swine_weak_wiki_production\swine_disease_dataset_production_20260507_150711_dual_reviewed_20260507_152954.csv
567450f0-595a-506d-aaf2-cb55efc86b9a,278,猪弓形虫病,swine_hunyuan_turbos,hunyuan-turbos-20250926,成功,,猪,我家有120头育肥猪，平均体重60公斤左右，最近几天有几头出现发烧、精神沉郁、呼吸急促的情况，体温在40℃上下，有的还咳嗽，粪便正常，没有腹泻。圈舍通风一般，地面是水泥地但有少量积水，周围有流浪猫活动频繁。之前没用过什么药，想问问是不是要全群打药？还是先做环境清理？要不要采样检查？,根据描述，该批育肥猪存在高热、呼吸急促及咳嗽等全身症状，且圈舍附近有猫出没，提示可能存在弓形虫感染的风险。猪弓形虫病多为隐性感染，但在应激或免疫力下降时可出现急性暴发，表现为发热、呼吸道症状和全身不适。结合病史与环境因素，应高度怀疑弓形虫感染的可能性。,建议立即采取以下措施：1）加强圈舍清洁消毒，清除积水和污物，减少猫粪污染风险；2）限制猫进入饲养区域，防止再次污染饲料和水源；3）对发病猪进行隔离观察，并采集血液或组织样本送实验室检测确诊；4）在未确诊前避免使用未经许可的药物，尤其是针对人兽共患病的药物；5）若确诊为弓形虫病，应根据兽医指导制定针对性防控措施，并注意食品安全风险。,因涉及人兽共患病风险，未确诊前不得屠宰上市；确诊后须按当地动物防疫部门要求进行无害化处理或延长休药期，确保猪肉安全。,"{""disease_name"": ""猪弓形虫病"", ""severity"": ""中等至严重（视感染程度和群体反应而定）"", ""scene_tags"": [""育肥猪"", ""高热"", ""呼吸症状"", ""猫接触史"", ""环境潮湿""], ""validation_points"": [""症状符合弓形虫急性感染表现"", ""环境中有猫粪污染可能"", ""需通过实验室检测确认病原体""], ""risk_flags"": [""人兽共患风险"", ""潜在群体感染"", ""需隔离与检测""], ""case_type"": ""驱虫和环境管理"", ""target_disease"": ""猪弓形虫病"", ""local_flags"": {""species_ok"": true, ""target_disease_in_diagnosis"": true, ""target_disease_mismatch"": false, ""contains_specific_dose"": false, ""contains_specific_withdrawal"": false, ""regulated_bad_treatment"": false}}",False,False,,,True,False,False,D:\XF-ChongQin\ai-\knowledge\llm_wiki_swine_authoritative,1465,887,"猪弓形虫病
猪弓形虫病、toxoplasmosis protozoa
驱虫和环境管理
用户询问是否需要全群处理、环境清理和复查方式。","{""HUMAN_REVIEWED"": 3, ""NEEDS_REVIEW"": 2}","[""SRC-0001"", ""SRC-0026"", ""SRC-0081"", ""SRC-0082""]",2042,25.39,ERNIE-4.5-Turbo-32K,82,27,18,20,17,False,True,"该回答整体上对猪弓形虫病的诊断、处理方向和安全措施进行了较为合理的描述，诊断依据充分，处理方向安全，但存在部分细节不足和逻辑不够严密的问题。
问题：诊断准确性方面，虽然症状描述和环境因素支持弓形虫感染的可能性，但未明确排除其他类似疾病（如猪流感、猪肺疫等），诊断依据稍显单一。；病理逻辑方面，对弓形虫病的病理机制解释不够深入，未详细说明为何在应激或免疫力下降时易暴发。；处方安全性方面，建议避免使用未经许可的药物是合理的，但未提供具体的替代方案或应急处理措施。；数据质量方面，症状描述和环境因素较为全面，但缺乏具体的实验室检测方法或参考标准，数据支撑不够充分。",hunyuan-turbos-20250926,85,8,7,9,8,False,False,"该回答基于用户提供的症状与环境信息，合理推测猪弓形虫病可能性，并结合人兽共患病防控要求提出安全处置建议，整体符合真实养殖场景。诊断虽未完全排除其他呼吸道疾病，但已考虑关键风险因素。处理方案强调先检测再用药，避免盲目投药，并提醒食品安全与无害化处理，无危险建议。不足之处在于病理机制解释较浅，缺少对其他可能疾病的简要对比分析，以及更明确的检测指引。
问题：未系统排除其他常见呼吸道疾病（如猪流感、猪肺疫）以强化鉴别诊断。；对弓形虫致病机理与应激诱发关系的解释不够详细。；缺乏推荐的实验室检测方法或参考指标，使检测环节可操作性不足。",True,ERNIE-4.5-Turbo-32K,True,review,该回答对猪弓形虫病的诊断、处理方向和安全措施进行了较为合理的描述，诊断依据充分，处理方向安全，但存在部分细节不足和逻辑不够严密的问题，如未系统排除其他常见呼吸道疾病、对弓形虫致病机理与应激诱发关系的解释不够详细、缺乏推荐的实验室检测方法或参考指标等。这些问题虽不影响整体方向，但降低了回答的严谨性和可操作性。,83.0,27,18,20,17,review,17.17,17.42,,2,D:\XF-ChongQin\ai-\results\swine_weak_wiki_production\swine_disease_dataset_production_20260507_150711_dual_reviewed_20260507_152954.csv
8bab6585-b46d-5901-a9bf-33633a7d101b,297,猪口蹄疫,swine_hunyuan_turbos,hunyuan-turbos-20250926,成功,,猪,我这边是200头基础母猪的自繁自养场，最近有3头怀孕后期母猪在产前10天左右突然流产，还有一头公猪性欲明显下降、精液稀薄，部分母猪发情周期紊乱。场内温度湿度正常，之前没用过疫苗，也没做过口蹄疫免疫。请问这是怎么回事？还能继续配种吗？,根据描述，结合流产、死胎、返情及公猪精液质量下降等症状，高度怀疑为猪口蹄疫病毒感染所致。该病为一类动物疫病，可通过直接接触或污染物传播，对繁殖性能有明显影响。,立即停止场内所有配种活动，防止疫情扩散；将疑似病例与健康猪严格隔离，并采集口腔液、血液等样本送有资质实验室进行病原学检测；对全场实施封锁管理，禁止人员、车辆随意进出；加强消毒措施，重点对产房、配种舍及运输工具进行消毒；等待检测结果后，由当地动物疫病防控部门决定后续处置方案。严禁私自使用抗生素或其他药物替代检测与隔离措施。,因属重大动物疫病，需依据检测结果及主管部门意见执行相应处置，无自行设定休药期。,"{""disease_name"": ""猪口蹄疫"", ""severity"": ""高"", ""scene_tags"": [""种猪场"", ""繁殖障碍"", ""流产"", ""公猪精液异常""], ""validation_points"": [""符合口蹄疫引起繁殖障碍的临床特征"", ""存在群体性流产与公猪繁殖性能下降"", ""未免疫史增加感染风险""], ""risk_flags"": [""重大动物疫病"", ""需立即上报与隔离""], ""case_type"": ""种猪繁殖障碍"", ""target_disease"": ""猪口蹄疫"", ""local_flags"": {""species_ok"": true, ""target_disease_in_diagnosis"": true, ""target_disease_mismatch"": false, ""contains_specific_dose"": false, ""contains_specific_withdrawal"": false, ""regulated_bad_treatment"": false}}",False,False,,,True,False,False,D:\XF-ChongQin\ai-\knowledge\llm_wiki_swine_authoritative,1465,887,"猪口蹄疫
猪口蹄疫、foot and mouth disease picornaviruses
种猪繁殖障碍
种猪场出现流产、死胎、返情或公猪异常，用户担心传染病和是否继续配种。","{""HUMAN_REVIEWED"": 3, ""NEEDS_REVIEW"": 2}","[""A0-MOA-573"", ""A1-WOAH-FMD"", ""A1-WOAH-FMD-DISEASE"", ""SRC-0001"", ""SRC-0025"", ""SRC-0047""]",2186,29.91,ERNIE-4.5-Turbo-32K,88,28,18,24,18,False,True,"该回答整体上对猪口蹄疫的诊断、处理方向和安全措施有较好的把握，诊断准确性较高，处理逻辑合理，处方安全，但数据质量方面存在一定不足，如未充分引用具体症状与疾病关联的权威依据。
问题：诊断准确性方面，虽然高度怀疑猪口蹄疫，但未详细说明其他可能的鉴别诊断，也未提供具体症状与猪口蹄疫的直接关联依据。；病理逻辑方面，对猪口蹄疫导致繁殖障碍的具体病理机制解释不够深入。；处方安全方面整体合理，但未提及对已感染猪的具体治疗措施（尽管口蹄疫主要靠防控而非治疗）。；数据质量方面，缺乏具体的症状描述与疾病关联的权威引用，且未提及猪口蹄疫的典型症状（如口腔、蹄部水泡等）以支持诊断。",hunyuan-turbos-20250926,85,80,75,90,70,False,False,"回答正确识别了猪口蹄疫这一重大动物疫病，并给出了符合防控要求的隔离、送检、封锁等措施，避免了危险用药建议，安全性高。但在诊断环节缺少典型症状（如口腔、蹄部水疱）的确认，未做必要的鉴别诊断，病理机制解释不足，数据支撑较弱。
问题：未明确询问或确认口蹄疫典型临床症状（如口腔、蹄部水疱），仅凭流产、精液异常推断，证据链不完整。；未进行常见繁殖障碍疾病的鉴别诊断（如蓝耳病、伪狂犬病、细小病毒病等）。；对猪口蹄疫引起繁殖障碍的病理机制解释不足。；缺乏权威文献或标准资料支持症状与疾病的对应关系。",True,ERNIE-4.5-Turbo-32K,True,review,回答正确识别了猪口蹄疫这一重大动物疫病，并给出了符合防控要求的隔离、送检、封锁等措施，安全性高。但诊断环节缺少典型症状（如口腔、蹄部水疱）的确认，未做必要的鉴别诊断，病理机制解释不足，数据支撑较弱。,83.0,28,18,24,18,review,21.82,19.7,,2,D:\XF-ChongQin\ai-\results\swine_weak_wiki_production\swine_disease_dataset_production_20260507_150711_dual_reviewed_20260507_152954.csv
568cefba-b5a1-5138-8388-73336b0abfd7,7,猪胸膜肺炎,swine_hunyuan_turbos,hunyuan-turbos-20250926,成功,,猪,我家有120头60公斤左右的育肥猪，这几天陆续有几头开始咳嗽、呼吸急促，体温在40℃左右，食欲明显下降，有的还张口喘气，圈舍通风一般，湿度偏高。之前用过阿莫西林饮水，效果不明显。请问这是啥病？要不要整批用药？,根据描述的症状（高热、咳嗽、呼吸困难、采食下降）、群体发生特点以及饲养环境，高度怀疑为猪胸膜肺炎（由胸膜肺炎放线杆菌引起）。该病常在应激条件下暴发，急性病例可见肺部出血、坏死及纤维素性渗出，慢性可出现胸膜粘连。,建议立即隔离病猪并加强圈舍通风、降低湿度，适当提高环境温度以改善体感温度；对全群进行针对性抗菌治疗（选择对胸膜肺炎放线杆菌有效的抗生素），同时配合支持疗法改善采食；采集病死猪肺组织送实验室做病原学确诊；严禁随意使用未经许可的药物，避免掩盖病情延误防控。,因涉及抗菌药物使用，需按所用药物说明执行相应停药期，并在出栏前确保符合食品安全标准。,"{""disease_name"": ""猪胸膜肺炎"", ""severity"": ""中等至严重"", ""scene_tags"": [""育肥猪"", ""群体呼吸道症状"", ""高湿通风差""], ""validation_points"": [""症状与胸膜肺炎临床表现一致"", ""群体发病且伴高热、呼吸困难"", ""抗生素治疗无效提示耐药或病原不同""], ""risk_flags"": [""属于中国三类动物疫病，需关注疫情通报与防控措施"", ""存在人畜共患病风险较低，但需防止环境污染和人员防护""], ""case_type"": ""呼吸道群体发病"", ""target_disease"": ""猪胸膜肺炎"", ""local_flags"": {""species_ok"": true, ""target_disease_in_diagnosis"": true, ""target_disease_mismatch"": false, ""contains_specific_dose"": false, ""contains_specific_withdrawal"": false, ""regulated_bad_treatment"": false}}",False,False,,,True,False,False,D:\XF-ChongQin\ai-\knowledge\llm_wiki_swine_authoritative,1465,887,"猪胸膜肺炎
猪胸膜肺炎、actinobacillus pleuropneumoniae pleuropneumonia
呼吸道群体发病
同栏出现咳嗽、喘气、发热、采食下降，用户想判断病因和是否需要全群用药。","{""HUMAN_REVIEWED"": 3, ""NEEDS_REVIEW"": 2}","[""A0-MOA-573"", ""SRC-0001"", ""SRC-0006"", ""SRC-0058""]",2127,33.76,ERNIE-4.5-Turbo-32K,85,28,18,22,17,False,True,"整体回答符合猪胸膜肺炎的诊断与处理逻辑，症状与疾病匹配，诊断准确，处理方向安全，但存在部分细节可优化。
问题：diagnosis_accuracy: 诊断中未明确提及胸膜肺炎的典型病理变化（如纤维素性胸膜炎）以增强诊断依据。；pathology_logic: 病理逻辑部分对慢性病例的描述稍显简略，未充分解释与急性病例的关联。；prescription_safety: 处方中未具体说明抗生素的选择及剂量，仅提到‘选择有效抗生素’，缺乏实际指导性。；data_quality: 用户查询中提到的‘之前用过阿莫西林饮水，效果不明显’未在诊断或处方中充分分析或利用，如考虑耐药性等。",hunyuan-turbos-20250926,80,90,75,70,75,False,False,"回答基本正确识别了猪胸膜肺炎，症状与疾病相符，处理方案总体安全且包含必要的生物安全措施。但在病理细节、耐药性分析和处方可执行性方面仍有提升空间。
问题：诊断部分未明确指出典型病理特征（如纤维素性胸膜炎）以强化诊断依据。；病理逻辑中对慢性和急性病例的关系阐述不足。；处方中未提供抗生素类别或选择原则，缺乏操作性指导。；未结合用户提到的阿莫西林无效情况分析可能的耐药性或病原差异。",True,ERNIE-4.5-Turbo-32K,True,review,整体回答符合猪胸膜肺炎的诊断与处理逻辑，症状与疾病匹配，诊断准确，处理方向安全，但存在部分细节可优化。诊断中未明确提及胸膜肺炎的典型病理变化（如纤维素性胸膜炎）以增强诊断依据；病理逻辑部分对慢性病例的描述稍显简略，未充分解释与急性病例的关联；处方中未具体说明抗生素的选择及剂量，仅提到‘选择有效抗生素’，缺乏实际指导性；用户查询中提到的‘之前用过阿莫西林饮水，效果不明显’未在诊断或处方中充分分析或利用，如考虑耐药性等。,82.0,28,18,22,17,review,20.05,23.2,,2,D:\XF-ChongQin\ai-\results\swine_weak_wiki_production\swine_disease_dataset_production_20260507_150711_dual_reviewed_20260507_152954.csv
50f5061b-5ddd-52d5-ac4f-7ef11072748c,149,猪传染性胃肠炎,swine_hunyuan_turbos,hunyuan-turbos-20250926,成功,,猪,我家有200头母猪，现在刚断奶的保育猪大概30斤左右，这几天陆续发现几窝小猪拉黄绿色水样便，精神差、不吃料，有的已经脱水站不稳了，圈舍湿度大、通风一般，之前没用过疫苗，这种情况是啥病？该怎么处理？,根据描述的日龄、水样腹泻、高湿环境及无免疫史，高度怀疑为猪传染性胃肠炎（TGEV）感染。该病在寒冷季节高发，可通过粪口途径快速传播，哺乳仔猪和保育猪最易感。需结合实验室检测排除其他病毒性腹泻（如PED、轮状病毒）及细菌性肠炎。,treatment_direction: 目前无特效抗病毒药物，重点在于支持疗法和防止继发细菌感染。；management_measures: 立即将发病猪与健康猪分群隔离，减少接触传播；；提高环境温度2-4℃，改善通风降低湿度，减轻应激；；保证清洁饮水，可在饮水中添加电解质和维生素C，防止脱水；；适当减少饲喂量，逐步恢复采食；；sampling_for_testing: 采集新鲜腹泻粪便样品送实验室进行RT-PCR检测，区分TGEV、PEDV、轮状病毒等；；必要时采集病死猪小肠组织做病理学检查；；prohibited_actions: 禁止随意使用抗生素作为唯一治疗手段；；禁止未经检测确诊即大规模投喂广谱抗菌药物；；禁止私自宰杀、销售或转运可疑病猪；,本病为病毒性疾病，无特定药物休药期，但在康复后至少观察7天再考虑出栏或转群，期间确保无继发感染。,"{""disease_name"": ""猪传染性胃肠炎"", ""severity"": ""高（尤其对哺乳仔猪致死率高）"", ""scene_tags"": [""保育猪"", ""水样腹泻"", ""高湿环境"", ""无免疫史""], ""validation_points"": [""符合TGEV典型流行特征（低温高湿、急性水样腹泻、幼龄易感）；"", ""管理建议与环境调节措施符合患病猪体温需求；"", ""采样送检方案覆盖常见病毒性腹泻鉴别诊断。""], ""risk_flags"": [""存在群体传播风险，需严格生物安全隔离；"", ""若检测结果涉及重大动物疫病（如非洲猪瘟），须按法规上报并配合扑杀无害化处理。""], ""case_type"": ""腹泻群体发病"", ""target_disease"": ""猪传染性胃肠炎"", ""local_flags"": {""species_ok"": true, ""target_disease_in_diagnosis"": true, ""target_disease_mismatch"": false, ""contains_specific_dose"": false, ""contains_specific_withdrawal"": false, ""regulated_bad_treatment"": false}}",False,False,,,True,False,False,D:\XF-ChongQin\ai-\knowledge\llm_wiki_swine_authoritative,1465,887,"猪传染性胃肠炎
猪传染性胃肠炎、transmissible gastroenteritis virus、TGE、TGEV
腹泻群体发病
同窝或同栏出现水样腹泻、脱水、采食下降，用户想知道主要病因和紧急处理。","{""HUMAN_REVIEWED"": 3, ""NEEDS_REVIEW"": 2}","[""SRC-0001"", ""SRC-0006"", ""SRC-0036""]",2102,30.67,ERNIE-4.5-Turbo-32K,88,28,18,23,20,False,True,"该回答在诊断准确性、病理逻辑、处方安全性和数据质量方面表现良好，整体符合测试数据有效性要求，无致命风险，最终评估为通过。
问题：诊断准确性方面，虽然高度怀疑猪传染性胃肠炎，但未完全排除其他病毒性腹泻（如PED、轮状病毒）及细菌性肠炎的可能性，尽管后续提出了实验室检测的建议，但初始诊断的确定性稍显不足。；病理逻辑方面，对疾病传播途径和易感群体的描述准确，但对寒冷季节高发的强调略显冗余，因为案例中并未明确提及季节信息。；处方安全性方面，整体处理方向安全，但“适当减少饲喂量，逐步恢复采食”的建议对于已经脱水站不稳的严重病例可能不够具体，需要更明确的指导。；数据质量方面，回答内容完整，但“risk_flags”中提及的非洲猪瘟与案例中的疾病不直接相关，可能引起不必要的混淆。",hunyuan-turbos-20250926,85,8,9,9,8,False,False,"该回答在诊断思路、病理机制解释、防控建议上总体合理且安全，能够针对用户提供的症状和环境条件提出合理的怀疑方向与检测建议，并强调了生物安全措施与避免滥用抗生素的风险。不足之处在于初始诊断过于确定而缺乏充分排除其他病原的说明，部分管理建议可更具操作性，同时应避免引入与当前情境无关的重大疫病提示以防误导。
问题：初始诊断直接锁定猪传染性胃肠炎，未充分说明需先排除PED、轮状病毒及细菌性肠炎的可能，易给非专业人士造成误诊印象。；‘适当减少饲喂量’对严重脱水、站立困难的小猪指导性不足，应补充更具体的营养支持措施。；提到非洲猪瘟等无关重大疫病可能造成不必要恐慌或误解。",True,ERNIE-4.5-Turbo-32K,partially,review,该回答在诊断、病理逻辑和处方安全性方面整体合理，但存在一些不足。诊断方面，虽然高度怀疑猪传染性胃肠炎，但未充分排除其他病毒性腹泻（如PED、轮状病毒）及细菌性肠炎的可能性，尽管后续提出了实验室检测的建议，但初始诊断的确定性稍显不足。处方方面，'适当减少饲喂量，逐步恢复采食'的建议对于已经脱水站不稳的严重病例不够具体，需要更明确的指导。此外，提到非洲猪瘟等无关重大疫病可能造成不必要恐慌或误解。,82.0,28,18,23,20,review,22.31,20.27,,2,D:\XF-ChongQin\ai-\results\swine_weak_wiki_production\swine_disease_dataset_production_20260507_150711_dual_reviewed_20260507_152954.csv
7885ed74-e8dd-585e-8189-7404d852db1c,154,猪大肠杆菌病,swine_hunyuan_turbos,hunyuan-turbos-20250926,成功,,猪,我们场有120头保育猪，平均体重25公斤左右，最近一周陆续出现拉稀，粪便稀薄带点黄色，部分猪精神稍差，采食量下降。之前用了恩诺沙星拌料三天，效果不明显，还有几头越拉越瘦。想问下这种情况还能继续喂药吗？要不要送样检查？,根据描述，保育猪群出现持续性腹泻、食欲下降及消瘦，结合使用过恩诺沙星效果不佳的情况，应考虑猪大肠杆菌病（Colibacillosis）的可能，尤其是ETEC型引起的腹泻。此外，还需排除其他病原如病毒性腹泻、球虫等混合感染。若怀疑为全身性感染（菌血症），应通过血培养确诊。,treatment_direction: 在兽医指导下调整抗菌药物方案，可考虑更换敏感抗生素并配合补液、电解质平衡管理；对严重脱水个体进行静脉补液。；management_measures: 改善圈舍卫生，减少应激因素，保证饮水清洁，分群饲养以减少交叉感染。；sampling_and_testing: 建议采集新鲜粪便样本送至实验室进行细菌分离培养和药敏试验，必要时采集血液做血培养以排查菌血症。；prohibited_boundaries: 禁止随意加大剂量或更换未经批准的兽药；严禁将病死猪流入市场；发现可疑重大疫病应立即上报主管部门。,具体停药期需依据所用药物说明书及检测结果确定，期间不得屠宰或出售猪肉。,"{""disease_name"": ""猪大肠杆菌病"", ""severity"": ""中等至重度（视脱水及继发感染情况而定）"", ""scene_tags"": [""保育猪"", ""腹泻"", ""抗菌药疗效不佳"", ""疑似菌血症""], ""validation_points"": [""症状符合大肠杆菌性腹泻特征"", ""抗菌药无效提示可能耐药或病原不同"", ""需实验室确诊以指导精准用药""], ""risk_flags"": [""潜在耐药菌流行风险"", ""脱水导致死亡风险"", ""需排除其他传染病""], ""case_type"": ""腹泻用药咨询"", ""target_disease"": ""猪大肠杆菌病"", ""local_flags"": {""species_ok"": true, ""target_disease_in_diagnosis"": true, ""target_disease_mismatch"": false, ""contains_specific_dose"": false, ""contains_specific_withdrawal"": false, ""regulated_bad_treatment"": false}}",False,False,,,True,False,False,D:\XF-ChongQin\ai-\knowledge\llm_wiki_swine_authoritative,1465,887,"猪大肠杆菌病
猪大肠杆菌病、colibacillosis、大肠杆菌、大肠杆菌性腹泻、E. coli
腹泻用药咨询
猪群腹泻后已用过常见抗菌药效果一般，用户询问是否继续用药以及是否需要送检。","{""HUMAN_REVI"": 1, ""HUMAN_REVIEWED"": 2, ""NEEDS_REVIEW"": 2}","[""SRC-0001"", ""SRC-0063"", ""SRC-0064""]",2221,26.13,ERNIE-4.5-Turbo-32K,85,28,18,23,16,False,True,"整体回答质量较高，诊断方向合理，考虑了耐药性和混合感染的可能性，治疗建议安全且符合疾病特点，但数据质量方面存在一定不足，如未明确提及具体药物选择和剂量。
问题：诊断部分虽然考虑了多种可能性，但未明确提及ETEC型大肠杆菌的典型症状（如水样腹泻、迅速脱水），病理逻辑稍显不足。；处方部分未明确提及更换的具体抗生素种类，仅提到“敏感抗生素”，缺乏具体指导性。；数据质量方面，未提供具体的药物剂量和休药期承诺，仅提到“依据说明书及检测结果确定”，略显笼统。",hunyuan-turbos-20250926,80,85,75,90,70,False,False,"该回答诊断方向基本正确，考虑到了猪大肠杆菌病及其他可能病原，并提示了送检和耐药性检测的重要性。治疗方案强调在兽医指导下用药，并提出了补液、环境管理等综合措施，安全性较好。但病理逻辑中对典型症状的细化不足，处方中缺少具体药物类别指导，数据质量一般，未给出更明确的用药参考。
问题：诊断部分未详细描述ETEC型大肠杆菌的典型临床表现，如水样腹泻、快速脱水等特征。；处方中未指明可替换的抗生素类型，仅泛称‘敏感抗生素’，指导性不足。；数据质量一般，缺乏更具体的用药和管理细节。",True,ERNIE-4.5-Turbo-32K,True,review,诊断方向基本正确，考虑了猪大肠杆菌病及其他可能病原，并提示了送检和耐药性检测的重要性。治疗方案强调在兽医指导下用药，并提出了补液、环境管理等综合措施，安全性较好。但病理逻辑中对典型症状的细化不足，处方中缺少具体药物类别指导，数据质量一般，未给出更明确的用药参考。,82.0,28,18,23,16,review,17.43,17.26,,2,D:\XF-ChongQin\ai-\results\swine_weak_wiki_production\swine_disease_dataset_production_20260507_150711_dual_reviewed_20260507_152954.csv
94db71ba-815b-5b57-a148-676fbcf4f737,92,猪腺病毒感染,swine_hunyuan_turbos,hunyuan-turbos-20250926,成功,,猪,我家有120头60公斤左右的育肥猪，最近一周陆续有几头开始精神沉郁、食欲下降，有的还伴有轻度腹泻，体温在38.5℃左右，之前用了几天恩诺沙星和多维饮水，症状缓解不明显。圈舍通风一般，地面潮湿，粪尿清理不及时。想问这种情况还能继续用原来的药吗？还是换别的方案？,根据描述的症状表现（精神沉郁、食欲减退、轻度腹泻、低烧）及饲养管理条件（潮湿、粪便未及时清理），结合育肥猪的易感性，考虑为猪腺病毒感染的可能性较大。该病多为自限性，但在应激和不良环境下可能加重，并与其他肠道病原混合感染。需排除细菌性肠炎、寄生虫感染等并发因素。,treatment_direction: 改善饲养环境，加强圈舍通风干燥，及时清除粪污，降低密度以减少应激；提供清洁饮水和易消化饲料；可辅助使用电解多维等营养支持剂增强抵抗力。；management_measures: 隔离症状明显的个体，防止交叉感染；对全群进行健康监测，记录采食量和精神状态变化；必要时采集新鲜粪便送实验室检测，明确病原类型。；sampling_and_testing: 采集腹泻粪便样本进行病毒学检测（如PCR）以确诊腺病毒及其他潜在病原；有条件可做细菌培养和药敏试验，指导抗生素合理使用。；prohibited_boundaries: 禁止随意更换广谱抗生素作为常规预防；禁止将疑似重大传染病病例混入健康猪群；禁止使用未经批准的兽药或人用药。,因无特效抗病毒药物，主要为支持性管理和环境控制，不涉及特定停药期。若曾使用抗生素，应依据所用药品说明书执行相应休药期。,"{""disease_name"": ""猪腺病毒感染"", ""severity"": ""中等偏轻，通常为自限性，但不良管理条件下可延长病程或加重损失"", ""scene_tags"": [""育肥猪"", ""病毒性腹泻"", ""环境应激"", ""混合感染风险""], ""validation_points"": [""症状符合腺病毒感染特征"", ""环境与发病关联性强"", ""排除了细菌性肠炎等常见继发原因""], ""risk_flags"": [""可能存在多种病原混合感染"", ""圈舍卫生差增加传播风险"", ""需警惕其他重大疫病的早期表现""], ""case_type"": ""育肥猪用药咨询"", ""target_disease"": ""猪腺病毒感染"", ""local_flags"": {""species_ok"": true, ""target_disease_in_diagnosis"": true, ""target_disease_mismatch"": false, ""contains_specific_dose"": false, ""contains_specific_withdrawal"": false, ""regulated_bad_treatment"": false}}",False,False,,,True,False,False,D:\XF-ChongQin\ai-\knowledge\llm_wiki_swine_authoritative,1465,887,"猪腺病毒感染
猪腺病毒感染、adenoviruses
育肥猪用药咨询
育肥猪出现典型症状，用户已经用过常见药物但效果一般，询问是否继续用药。","{""HUMAN_REVIEWED"": 1, ""NEEDS_REVIEW"": 4}","[""SRC-0001"", ""SRC-0030""]",2132,22.45,ERNIE-4.5-Turbo-32K,82,27,18,23,14,False,True,"整体回答较为全面，诊断方向合理，考虑了环境因素和混合感染风险，治疗建议安全且符合疾病特点，但数据质量方面存在一定不足，如未详细说明诊断依据和检测方法。
问题：诊断依据不够详细，未充分说明如何排除细菌性肠炎和寄生虫感染；数据质量方面，症状描述和诊断逻辑的关联性可进一步强化；未明确说明病毒学检测的具体方法和意义",hunyuan-turbos-20250926,80,85,80,90,75,True,False,"该回答对猪腺病毒感染的诊断思路基本合理，考虑了环境因素和可能的混合感染，处理措施安全，强调了环境改善、监测采样和避免滥用抗生素，无明显危险建议。不足之处在于诊断依据不够细化，缺乏明确的鉴别诊断步骤和检测方法细节，数据质量有待提升。
问题：诊断部分未详细说明如何排除细菌性肠炎和寄生虫感染，逻辑链条不够完整。；缺乏对病毒学检测方法的进一步解释及其临床意义。；数据质量评分偏低，因为症状与诊断之间的关联性和证据支撑不足。",True,ERNIE-4.5-Turbo-32K,partially,review,诊断方向合理，考虑了环境因素和混合感染风险，治疗建议安全且符合疾病特点，但诊断依据不够详细，未充分说明如何排除细菌性肠炎和寄生虫感染，缺乏明确的鉴别诊断步骤和检测方法细节，症状描述和诊断逻辑的关联性可进一步强化，数据质量有待提升。,81.0,27,18,23,14,review,13.86,18.82,,2,D:\XF-ChongQin\ai-\results\swine_weak_wiki_production\swine_disease_dataset_production_20260507_150711_dual_reviewed_20260507_152954.csv
5c7e7a9d-5217-52b2-aa73-21fe1c2fa690,121,猪萎缩性鼻炎,swine_hunyuan_turbos,hunyuan-turbos-20250926,成功,,猪,我家有200头60日龄左右的保育猪，最近几天有几头开始咳嗽、喘气，体温升高到40℃左右，采食量明显下降，精神也差，舍内通风一般，湿度偏高。之前用过阿莫西林饮水，效果不明显。这种情况是不是萎缩性鼻炎？要不要整批用药？,根据描述，保育猪群出现咳嗽、喘气、发热及采食下降，结合饲养环境与既往用药反应，考虑为猪萎缩性鼻炎（非进行性型），可能由Bordetella bronchiseptica引起，并可能与环境因素（通风不良、高湿）共同导致病情加重。需排除其他呼吸道综合征如猪流感、支原体肺炎等。,treatment_direction: 针对可能的细菌感染使用敏感抗生素（如氟苯尼考、泰妙菌素等，需实验室药敏指导）；配合改善舍内环境，提高通风、降低湿度、适当提升环境温度以减少冷应激。；management_measures: 分群管理，将明显症状猪与健康猪分开，减少交叉感染；加强清洁消毒，保持干燥通风；监测采食与体温变化。；sampling_and_testing: 采集鼻腔拭子或肺组织送实验室进行细菌分离鉴定及药敏试验，同时做PCR检测排除其他呼吸道病原体。；contraindications_and_boundaries: 禁止随意使用未经许可的药物；若怀疑为法定重大疫病（如非洲猪瘟），应立即按当地规定上报并配合扑杀、无害化处理等措施。,因涉及不同药物种类，应依据所用药品说明书及国家相关规定执行相应休药期，确保上市前停药时间符合安全要求。,"{""disease_name"": ""猪萎缩性鼻炎"", ""severity"": ""中等"", ""scene_tags"": [""保育猪"", ""呼吸道症状"", ""群体发病"", ""环境应激""], ""validation_points"": [""临床表现为咳嗽、喘气、发热、采食下降"", ""环境通风不良、湿度高"", ""阿莫西林治疗效果不佳提示耐药或非单一病原""], ""risk_flags"": [""可能存在多重感染"", ""需排除法定重大疫病""], ""case_type"": ""呼吸道群体发病"", ""target_disease"": ""猪萎缩性鼻炎"", ""local_flags"": {""species_ok"": true, ""target_disease_in_diagnosis"": true, ""target_disease_mismatch"": false, ""contains_specific_dose"": false, ""contains_specific_withdrawal"": false, ""regulated_bad_treatment"": false}}",False,False,,,True,False,False,D:\XF-ChongQin\ai-\knowledge\llm_wiki_swine_authoritative,1465,887,"猪萎缩性鼻炎
猪萎缩性鼻炎、bordetella bronchiseptica nonprogressive atrophic rhinitis
呼吸道群体发病
同栏出现咳嗽、喘气、发热、采食下降，用户想判断病因和是否需要全群用药。","{""HUMAN_REVIEWED"": 2, ""NEEDS_REVIEW"": 2}","[""SRC-0001"", ""SRC-0006"", ""SRC-0059"", ""SRC-0070""]",2221,27.75,ERNIE-4.5-Turbo-32K,82,27,18,20,17,False,True,"该回答整体上对猪萎缩性鼻炎的诊断、治疗及管理措施进行了较为全面的分析，诊断方向基本正确，治疗建议合理，管理措施得当，数据质量较高，无明显致命风险。
问题：诊断准确性方面，虽然考虑了猪萎缩性鼻炎，但对其他可能疾病的排除不够详细，如猪流感、支原体肺炎等仅提及需排除，未进一步分析其可能性。；病理逻辑方面，对环境因素与疾病关系的阐述较为笼统，未具体说明通风不良、高湿如何加重病情。；处方安全方面，虽然提到了使用敏感抗生素，但未明确给出具体药物及剂量，仅提及需实验室药敏指导，略显不足。；数据质量方面，虽然提供了较为详细的场景描述和验证点，但对风险标志的阐述不够深入，如多重感染的可能性仅简单提及。",hunyuan-turbos-20250926,80,85,78,82,80,True,False,"该数据整体真实可信，用户描述的保育猪呼吸道症状与环境条件符合猪萎缩性鼻炎的常见诱因，诊断方向准确且考虑了鉴别诊断。治疗方案强调环境改善、分群管理和病原检测，避免盲目用药，安全性较好。但存在部分细节不足，例如对其他呼吸道疾病的可能性和环境因素作用机制解释较简略，缺乏更具体的临床鉴别要点。
问题：鉴别诊断部分仅列出需排除的疾病名称，未结合症状特征和环境因素展开分析。；环境因素与病情关联的解释过于笼统，缺少具体机制说明。；治疗建议虽提到药敏试验，但未提供初步经验性用药思路供参考。",True,ERNIE-4.5-Turbo-32K,True,review,该回答对猪萎缩性鼻炎的诊断方向基本正确，考虑了鉴别诊断，治疗建议合理且强调环境改善和病原检测，安全性较好。但存在部分细节不足，如鉴别诊断中对其他呼吸道疾病的可能性和环境因素作用机制解释较简略，治疗建议中缺乏更具体的临床鉴别要点和初步经验性用药思路。,81.0,27,18,20,17,review,19.13,16.79,,2,D:\XF-ChongQin\ai-\results\swine_weak_wiki_production\swine_disease_dataset_production_20260507_150711_dual_reviewed_20260507_152954.csv
0e743dad-ce6a-52ee-a1d5-cb4cc69607aa,238,猪腺病毒感染,swine_hunyuan_turbos,hunyuan-turbos-20250926,成功,,猪,我家是育肥场，存栏大概800头，现在这批猪平均90公斤左右。最近一周有两栋圈舍陆续出现拉稀，精神稍差，采食量下降，体温正常，没有死亡。之前用过恩诺沙星拌料三天，效果不明显。想问能不能先当普通肠炎治着看？,根据描述，症状为轻度腹泻、食欲下降、无高热及死亡，符合猪腺病毒感染常见的亚临床或轻症表现。该病多为自限性，常在改善饲养管理后自行恢复。需排除细菌性肠炎、寄生虫等常见病因。,treatment_direction: 对症支持为主，加强饮水清洁，添加电解质防止脱水；可试用益生菌调节肠道菌群；避免使用广谱抗生素作为常规预防。；management_measures: 立即清理粪污，保持圈舍干燥通风，减少应激；分群饲养，避免混群传播；暂停引入新猪，防止潜在病原带入。；sampling_and_testing: 采集新鲜粪便样本送实验室进行病毒核酸检测，必要时结合病理学检查以确诊。若怀疑其他烈性病（如非洲猪瘟），应立即停止场内流动并按规定上报。；prohibited_boundaries: 禁止在未排除法定重大疫病前擅自销售、转运或屠宰；禁止使用未经批准的疫苗或药物；禁止将病猪与健康猪混养。,因本病主要为支持性护理，不涉及特定药物休药期；若曾用抗生素治疗，应遵守所用药物的停药规定。,"{""disease_name"": ""猪腺病毒感染"", ""severity"": ""轻症/亚临床"", ""scene_tags"": [""育肥猪"", ""多栏舍散发"", ""腹泻"", ""食欲减退""], ""validation_points"": [""症状符合猪腺病毒常见表现"", ""无高热及急性死亡，提示非烈性病"", ""建议通过实验室检测确认""], ""risk_flags"": [""需排除非洲猪瘟等重大疫病后方可按普通病处理"", ""存在潜在传播风险，应加强生物安全""], ""case_type"": ""暴发与处置边界"", ""target_disease"": ""猪腺病毒感染"", ""local_flags"": {""species_ok"": true, ""target_disease_in_diagnosis"": true, ""target_disease_mismatch"": false, ""contains_specific_dose"": false, ""contains_specific_withdrawal"": false, ""regulated_bad_treatment"": false}}",False,False,,,True,False,False,D:\XF-ChongQin\ai-\knowledge\llm_wiki_swine_authoritative,1465,887,"猪腺病毒感染
猪腺病毒感染、adenoviruses
暴发与处置边界
同栏或多栋猪舍短期内发病增多，用户询问是否能先按普通病治疗观察。","{""HUMAN_REVIEWED"": 3, ""NEEDS_REVIEW"": 2}","[""SRC-0001"", ""SRC-0030""]",1991,26.15,ERNIE-4.5-Turbo-32K,82,27,18,22,15,False,True,"整体回答符合猪腺病毒感染的轻症表现，诊断逻辑合理，处理方向安全，但数据质量方面存在一定不足，如未详细说明采样和检测的具体流程。
问题：诊断准确性方面，虽然症状描述符合猪腺病毒感染，但未充分排除其他类似疾病的可能性，如细菌性肠炎或寄生虫感染。；病理学逻辑方面，建议通过实验室检测确认，但未详细说明检测的具体方法和流程。；处方安全性方面，处理方向安全，但未提及具体益生菌的种类和使用剂量。；数据质量方面，场景标签和验证点较为笼统，缺乏具体细节。",hunyuan-turbos-20250926,80,85,80,90,75,False,False,"该数据对猪腺病毒感染的轻症表现识别准确，处理方案以对症支持和生物安全措施为主，避免了不当用药，且明确了重大疫病的防控边界，总体安全可控。但在鉴别诊断环节未详细列出可能的替代病因及其鉴别要点，采样检测部分缺少方法细节，影响数据完整性和实用性。
问题：未系统列举并说明如何区分猪腺病毒感染与其他引起腹泻的疾病（如细菌性肠炎、寄生虫感染等）；采样与检测部分仅提到送检，但未给出检测方法（PCR、ELISA等）及注意事项；益生菌种类与使用方式未明确，可能影响执行一致性",True,ERNIE-4.5-Turbo-32K,True,review,整体回答符合猪腺病毒感染的轻症表现，诊断逻辑合理，处理方向安全，但存在一些不足，如未充分排除其他类似疾病的可能性，采样和检测部分缺少具体方法细节，益生菌种类与使用方式未明确，影响数据完整性和实用性。,81.0,27,18,22,15,review,18.41,16.29,,2,D:\XF-ChongQin\ai-\results\swine_weak_wiki_production\swine_disease_dataset_production_20260507_150711_dual_reviewed_20260507_152954.csv
fa040360-0860-549d-b2c1-69e13173e3c4,19,猪腺病毒感染,swine_hunyuan_turbos,hunyuan-turbos-20250926,成功,,猪,我家有200头保育猪，现在70日龄左右，最近三四天陆续出现采食量下降、精神沉郁的情况，部分猪拉稀，个别咳嗽，圈舍通风一般，之前用过恩诺沙星拌料两天效果不明显，想问问可能是什么病，该怎么处理？,结合年龄、群体发病、采食下降伴腹泻及轻微呼吸道症状，考虑猪腺病毒感染可能性较大，同时需排除其他常见病毒性疾病如圆环病毒、PRCV等混合感染。,建议立即改善圈舍通风与保温，适当提高环境温度以减少冷应激；加强饮水清洁，防止继发细菌感染；可尝试在饲料中添加多维电解质缓解应激；对持续不吃料的个体进行补液支持；采集新鲜粪便、鼻拭子送实验室做PCR检测明确病原；禁止使用未经批准的抗病毒药物；若怀疑为法定疫病或检测结果提示高风险，应立即向当地畜牧兽医部门报告并按要求进行隔离、消毒和无害化处理。,无特定药物使用，无需标注休药期；若后续使用抗生素，应遵守相应停药期规定。,"{""disease_name"": ""猪腺病毒感染"", ""severity"": ""中等偏轻"", ""scene_tags"": [""保育猪"", ""群体发病"", ""采食下降"", ""腹泻"", ""呼吸道症状""], ""validation_points"": [""符合保育猪易感性特征"", ""症状与腺病毒感染描述一致"", ""强调环境管理与病原检测""], ""risk_flags"": [""需排除法定疫病"", ""存在混合感染风险""], ""case_type"": ""保育猪群体发病"", ""target_disease"": ""猪腺病毒感染"", ""local_flags"": {""species_ok"": true, ""target_disease_in_diagnosis"": true, ""target_disease_mismatch"": false, ""contains_specific_dose"": false, ""contains_specific_withdrawal"": false, ""regulated_bad_treatment"": false}}",False,False,,,True,False,False,D:\XF-ChongQin\ai-\knowledge\llm_wiki_swine_authoritative,1465,887,"猪腺病毒感染
猪腺病毒感染、adenoviruses
保育猪群体发病
群体发病、采食下降、粪便或呼吸道异常，用户想知道主要病因和下一步处理。","{""HUMAN_REVIEWED"": 1, ""NEEDS_REVIEW"": 4}","[""SRC-0001"", ""SRC-0006"", ""SRC-0030""]",1948,27.56,ERNIE-4.5-Turbo-32K,82,27,18,23,14,False,True,"整体回答符合猪腺病毒感染的场景，诊断逻辑合理，处理方向安全，但数据质量方面存在一定不足，如未充分覆盖所有症状和风险点。
问题：诊断准确性方面，虽然考虑了猪腺病毒感染，但对其他可能混合感染的疾病（如圆环病毒、PRCV）的排除措施不够具体。；病理逻辑方面，对症状与疾病之间的关联解释不够深入，缺乏对疾病发展过程的描述。；处方安全性方面，虽然建议了改善环境、加强饮水清洁等措施，但对多维电解质的使用剂量和频率未给出具体指导。；数据质量方面，未充分覆盖所有症状（如咳嗽）与疾病的关联，且对风险点的描述不够全面。",hunyuan-turbos-20250926,80,85,75,90,75,False,False,"该回答基本符合猪腺病毒感染的临床特征，诊断思路合理，并考虑了可能的混合感染因素，处理方案总体安全，包含必要的生物安全措施和送检建议。但在病理机制解释、症状与疾病关联的细化程度以及风险点覆盖上仍有提升空间。
问题：对猪腺病毒感染与其他病毒性疾病（如圆环病毒、PRCV）的鉴别与排除措施不够具体。；缺乏疾病发展过程的详细解释，病理逻辑链条不够完整。；对咳嗽等症状与腺病毒感染的关联性分析不足。；多维电解质等辅助用药缺少使用剂量与频率的指导。",True,ERNIE-4.5-Turbo-32K,True,review,整体回答符合猪腺病毒感染的场景，诊断逻辑合理，处理方向安全，但存在一定不足，如对其他可能混合感染的疾病（如圆环病毒、PRCV）的排除措施不够具体，病理逻辑方面对症状与疾病之间的关联解释不够深入，缺乏对疾病发展过程的描述，处方中对多维电解质的使用剂量和频率未给出具体指导，未充分覆盖所有症状（如咳嗽）与疾病的关联，且对风险点的描述不够全面。,80.0,27,18,23,14,review,20.29,19.97,,2,D:\XF-ChongQin\ai-\results\swine_weak_wiki_production\swine_disease_dataset_production_20260507_150711_dual_reviewed_20260507_152954.csv
45d03f38-8b8a-5d43-a3ec-b16aabd680af,29,猪丝状病毒相关感染,swine_hunyuan_turbos,hunyuan-turbos-20250926,成功,,猪,我家有200多头育肥猪，平均体重在80公斤左右，最近一周陆续出现精神沉郁、食欲下降、体温升高到40℃以上，有的还伴有呼吸急促和皮肤发绀的情况。之前用过退烧针和抗生素，效果不明显。现在担心是不是传染病，想问下该采哪些样品送检测？怎么判断是不是严重疫情？另外怕误诊耽误防控，需要提前注意啥？,高度怀疑为病毒性传染病，结合流行病学史及临床表现，需考虑猪丝状病毒相关感染的可能性，但不能排除其他高热性病毒病（如蓝耳病、圆环病毒等）混合感染。目前缺乏特异性病理和实验室确诊依据，建议立即采样送检。,treatment_direction: 暂停使用未经确诊的广谱抗生素，避免掩盖病情；加强圈舍通风降温，减少应激；对发病猪进行隔离观察，防止交叉感染。；management_measures: 严格限制人员、车辆、工具进出场区，做好消毒记录；病死猪无害化处理，严禁随意丢弃或食用；全场健康猪群监测体温和采食情况。；sampling_and_testing: 采集发热明显、症状典型的活猪血液（血清）、口腔拭子、鼻腔拭子以及死亡猪的脾脏、肺脏、淋巴结等组织样本，尽快送至具备资质的兽医实验室进行PCR检测及病毒分离鉴定。；prohibited_actions: 禁止私自宰杀、销售疑似染疫猪及其产品；不得在未确诊前大规模投喂抗病毒药物或疫苗；不得隐瞒疫情信息。,因未确诊且涉及潜在重大动物疫病，当前无明确休药期概念，须等待检测结果并根据官方指导意见执行后续措施。,"{""disease_name"": ""猪丝状病毒相关感染"", ""severity"": ""高"", ""scene_tags"": [""育肥猪"", ""高热"", ""呼吸道症状"", ""采样送检""], ""validation_points"": [""症状符合病毒性高热特征"", ""抗生素治疗无效提示非细菌性主因"", ""存在潜在重大动物疫病风险""], ""risk_flags"": [""可能为人兽共患风险病原体"", ""需按重大动物疫病流程处置"", ""存在跨区域传播风险""], ""case_type"": ""采样送检咨询"", ""target_disease"": ""猪丝状病毒相关感染"", ""local_flags"": {""species_ok"": true, ""target_disease_in_diagnosis"": true, ""target_disease_mismatch"": false, ""contains_specific_dose"": false, ""contains_specific_withdrawal"": false, ""regulated_bad_treatment"": false}}",False,False,,,True,False,False,D:\XF-ChongQin\ai-\knowledge\llm_wiki_swine_authoritative,1465,887,"猪丝状病毒相关感染
猪丝状病毒相关感染、filoviruses reston ebolavirus zaire ebolavirus
采样送检咨询
用户描述症状后，重点询问采什么样品、如何判断和如何避免误治。","{""NEEDS_REVIEW"": 5}","[""SRC-0001""]",2058,29.93,ERNIE-4.5-Turbo-32K,82,27,18,22,15,False,True,"该回答在诊断准确性、病理逻辑、处方安全性和数据质量方面表现良好，整体符合测试数据有效性要求，未发现致命风险。
问题：诊断准确性方面，虽然考虑了猪丝状病毒相关感染的可能性，但未充分排除其他类似症状疾病（如非洲猪瘟）的可能性，诊断依据稍显不足。；病理逻辑方面，对症状与疾病之间的关联性解释不够深入，缺乏对疾病传播途径和流行病学特征的详细分析。；处方安全性方面，虽然提出了暂停使用广谱抗生素和加强隔离观察等合理建议，但对病死猪处理的具体操作细节（如无害化处理的具体方法）未详细说明。；数据质量方面，症状描述和采样建议较为全面，但对疾病严重性和人兽共患风险的强调不够突出，可能影响用户对疫情的重视程度。",hunyuan-turbos-20250926,85,8,8,9,8.5,False,False,"该数据整体结构完整，场景真实，症状与目标疾病有一定关联，诊断思路合理并提示了多种可能性，处理建议符合生物安全要求，无明显危险建议。但存在以下改进空间：1) 未充分覆盖重大疫病（如非洲猪瘟）的鉴别诊断；2) 对传播途径和流行病学特征描述不足；3) 病死猪无害化处理细节缺失；4) 对人兽共患病风险和疫情严重性提醒不足。
问题：未将非洲猪瘟等重大疫病纳入首要鉴别范围，可能延误防控时机；缺少对疾病传播方式、潜伏期、易感群体的说明，影响用户理解疫情扩散风险；无害化处理建议过于笼统，缺乏可操作性指导；未强调人兽共患病风险及公共卫生意义",True,ERNIE-4.5-Turbo-32K,partially,review,诊断部分考虑了猪丝状病毒相关感染的可能性，但未充分排除其他重大疫病（如非洲猪瘟、口蹄疫等），可能导致防控时机延误；病理逻辑方面，对症状与疾病关联性解释不够深入，缺乏传播途径和流行病学特征分析；处方安全性整体合理，但病死猪无害化处理细节缺失，可能影响操作规范性；数据质量方面，症状描述和采样建议较全面，但未强调人兽共患病风险和疫情严重性，可能影响用户重视程度。综合来看，数据存在一定不足但可参考，需补充鉴别诊断、流行病学特征、无害化处理细节及人兽共患病风险提示。,80.0,27,18,22,15,review,19.55,23.27,,2,D:\XF-ChongQin\ai-\results\swine_weak_wiki_production\swine_disease_dataset_production_20260507_150711_dual_reviewed_20260507_152954.csv
a8eae508-2ea2-5135-9e8c-a9dc9250eb19,37,猪副黏病毒相关感染,swine_hunyuan_turbos,hunyuan-turbos-20250926,成功,,猪,我家有120头保育猪，现在60日龄左右，最近三四天陆续出现精神沉郁、采食量明显下降的情况，部分猪咳嗽、流鼻涕，还有几头拉稀，体温测了在39℃上下。圈舍通风一般，湿度偏高，之前用过阿莫西林饮水，效果不明显。想问问这是啥原因，该怎么处理？,根据描述的症状（发热、采食下降、呼吸道表现及腹泻）以及保育猪阶段的易感性，结合当前季节和环境条件，高度怀疑为病毒性呼吸道感染，可能由猪副黏病毒相关感染引起。该病常呈群发，传播快，可继发细菌感染加重症状。需通过实验室检测确诊。,立即将病猪与健康猪分栏管理，减少应激；加强圈舍通风与干燥，降低密度；提供清洁饮水和易消化饲料；对高热、严重呼吸困难个体进行对症支持治疗并隔离观察；采集鼻拭子、肺组织等样本送实验室检测明确病原；在未排除法定重大疫病前，禁止随意使用抗生素替代防控，也不得私自出售或转运病猪。,因未确定病原且存在重大疫病排查需求，暂停出栏销售，直至检测结果明确并采取相应防控措施。,"{""disease_name"": ""猪副黏病毒相关感染"", ""severity"": ""中等至较高"", ""scene_tags"": [""保育猪"", ""群发"", ""呼吸道症状"", ""腹泻"", ""高湿环境""], ""validation_points"": [""保育猪阶段是多种病毒感染的易感期"", ""发热、咳嗽、流涕、腹泻符合病毒性呼吸道综合征特征"", ""群体发病提示传染性因素""], ""risk_flags"": [""潜在重大动物疫病风险"", ""需实验室确诊"", ""禁止擅自移动或销售病猪""], ""case_type"": ""保育猪群体发病"", ""target_disease"": ""猪副黏病毒相关感染"", ""local_flags"": {""species_ok"": true, ""target_disease_in_diagnosis"": true, ""target_disease_mismatch"": false, ""contains_specific_dose"": false, ""contains_specific_withdrawal"": false, ""regulated_bad_treatment"": false}}",False,False,,,True,False,False,D:\XF-ChongQin\ai-\knowledge\llm_wiki_swine_authoritative,1465,887,"猪副黏病毒相关感染
猪副黏病毒相关感染、paramyxoviruses
保育猪群体发病
群体发病、采食下降、粪便或呼吸道异常，用户想知道主要病因和下一步处理。","{""NEEDS_REVIEW"": 5}","[""SRC-0001""]",2034,23.34,ERNIE-4.5-Turbo-32K,82,27,18,22,15,False,True,"整体回答较为准确，诊断逻辑合理，处理方向安全，但数据质量方面存在一定不足，如未详细说明实验室检测的具体项目等。
问题：诊断准确性方面，虽高度怀疑猪副黏病毒相关感染，但未详细说明与其他类似症状疾病的鉴别诊断。；病理逻辑方面，对疾病传播途径和预防措施的阐述不够深入。；处方安全方面，对症支持治疗未明确具体药物及剂量。；数据质量方面，未提及实验室检测的具体项目和采样方法等关键信息。",hunyuan-turbos-20250926,85,8,8.5,9,7.5,False,False,"该回答在场景真实性和症状-疾病匹配度上表现良好，诊断思路符合保育猪常见病毒性呼吸道疾病特征，处理方案兼顾生物安全和疫情排查，无危险用药建议。不足之处在于缺乏更详细的鉴别诊断说明、实验室检测项目细化以及传播途径与预防措施的进一步展开。
问题：未列出与猪副黏病毒感染相似的其他疾病及其鉴别要点；实验室检测仅笼统提及，缺少具体检测项目（如PCR、ELISA等）和采样部位细节；对疾病传播途径、潜伏期、易感群体等流行病学信息阐述不足",True,ERNIE-4.5-Turbo-32K,True,review,诊断逻辑合理，处理方向安全，但存在一些不足，如未详细说明与其他类似症状疾病的鉴别诊断，实验室检测未明确具体项目和采样方法，对疾病传播途径和预防措施的阐述不够深入，对症支持治疗未明确具体药物及剂量。,80.0,27,18,22,15,review,13.99,16.06,,2,D:\XF-ChongQin\ai-\results\swine_weak_wiki_production\swine_disease_dataset_production_20260507_150711_dual_reviewed_20260507_152954.csv
6466ac59-8ff4-561c-95da-bd9f20f3984c,85,猪沙门氏菌病,swine_hunyuan_turbos,hunyuan-turbos-20250926,成功,,猪,我家是200头左右保育猪，现在60日龄左右，最近几天陆续有猪不吃料、精神差，有的拉稀带点血丝，还有几头呼吸有点急促，体温测了在39度多，舍内通风一般，前几天刚换过饲料，之前用过阿莫西林饮水，效果不明显。这种情况可能是什么问题？该怎么处理？,结合年龄、群体性采食下降、腹泻带血丝及部分呼吸急促表现，考虑为猪沙门氏菌病（肠炎型伴继发感染），不排除合并败血型的可能。该病常在保育期因应激（如换料、混群）诱发，需与猪痢疾、传染性胃肠炎、副伤寒等鉴别。,treatment_direction: 针对细菌性感染进行支持和对症治疗，改善饲养管理条件，减少应激因素。；management_measures: 立即停喂霉变或刺激性饲料，保证清洁饮水；提高舍温以减少代谢消耗；分栏饲养，减少密度；加强圈舍通风与消毒。；sampling_testing: 采集新鲜粪便、血液及病死猪组织送实验室做细菌分离培养和PCR检测，明确病原并排除其他肠道传染病。；prohibited_boundaries: 严禁随意使用未经批准的抗生素或超量用药；出现高热、严重腹泻或死亡增多时，应立即向当地畜牧兽医部门报告，防止扩散。,具体休药期需依据所用药物种类及国家相关规定执行，须由执业兽医根据检测结果开具处方后确定。,"{""disease_name"": ""猪沙门氏菌病"", ""severity"": ""中等至重度（视病情进展而定）"", ""scene_tags"": [""保育猪"", ""群体发病"", ""采食下降"", ""腹泻带血"", ""应激因素""], ""validation_points"": [""符合保育期易发特点"", ""症状与肠炎型和败血型相符"", ""存在应激诱因（换料、通风不良）""], ""risk_flags"": [""潜在人畜共患风险（沙门氏菌属）"", ""需实验室确诊以防误诊""], ""case_type"": ""保育猪群体发病"", ""target_disease"": ""猪沙门氏菌病"", ""local_flags"": {""species_ok"": true, ""target_disease_in_diagnosis"": true, ""target_disease_mismatch"": false, ""contains_specific_dose"": false, ""contains_specific_withdrawal"": false, ""regulated_bad_treatment"": false}}",False,False,,,True,False,False,D:\XF-ChongQin\ai-\knowledge\llm_wiki_swine_authoritative,1465,887,"猪沙门氏菌病
猪沙门氏菌病、salmonellosis
保育猪群体发病
群体发病、采食下降、粪便或呼吸道异常，用户想知道主要病因和下一步处理。","{""HUMAN_REVIEWED"": 3, ""NEEDS_REVIEW"": 2}","[""SRC-0001"", ""SRC-0006"", ""SRC-0073""]",2097,31.44,ERNIE-4.5-Turbo-32K,82,27,18,22,15,False,True,"整体回答质量较高，诊断准确性、病理逻辑、处方安全性和数据质量均表现良好，无明显致命风险，符合通过标准。
问题：诊断准确性方面，虽然考虑了猪沙门氏菌病，但对鉴别诊断的详细程度略显不足，如未充分阐述与其他类似疾病的区分要点。；病理逻辑方面，对疾病发生机制的阐述不够深入，如未详细说明应激因素如何具体诱发疾病。；处方安全性方面，虽然提到了严禁随意使用未经批准的抗生素或超量用药，但未给出具体的替代治疗方案或药物选择建议。；数据质量方面，场景标签和验证点较为全面，但风险标志中仅提到潜在人畜共患风险和需实验室确诊，未涵盖所有可能的风险点，如疾病传播速度等。",hunyuan-turbos-20250926,85,8,8,9,8.5,False,False,"该回答整体结构完整，诊断思路合理，能够结合年龄、症状和管理背景推测猪沙门氏菌病，并提示鉴别诊断。处方方案注重支持疗法与管理措施，强调实验室检测和上报机制，避免了直接推荐具体药物或剂量，降低了滥用抗生素风险。不足之处在于鉴别诊断细节较少，发病机制解释不够深入，且缺乏更明确的替代治疗方向说明。
问题：鉴别诊断列举不足，未详细对比猪痢疾、传染性胃肠炎等关键区别特征。；病理机制描述较笼统，未具体说明应激如何促进沙门氏菌感染。；处方部分缺少可操作的替代治疗建议，可能导致现场执行困难。；风险识别未覆盖疾病快速传播等潜在危害。",True,ERNIE-4.5-Turbo-32K,partially,review,回答整体结构完整，诊断思路合理，能够结合年龄、症状和管理背景推测猪沙门氏菌病，并提示鉴别诊断。处方方案注重支持疗法与管理措施，强调实验室检测和上报机制，避免了直接推荐具体药物或剂量，降低了滥用抗生素风险。但存在鉴别诊断细节较少，发病机制解释不够深入，且缺乏更明确的替代治疗方向说明等问题，需进一步优化。,80.0,27,18,22,15,review,21.77,20.76,,2,D:\XF-ChongQin\ai-\results\swine_weak_wiki_production\swine_disease_dataset_production_20260507_150711_dual_reviewed_20260507_152954.csv
79a5dfdc-1cae-59cc-b831-32fad6329793,105,猪戊型肝炎,swine_hunyuan_turbos,hunyuan-turbos-20250926,成功,,猪,我家是200头基础母猪的种猪场，最近两个月陆续有母猪流产、死胎，还有几头公猪采精量下降、活力差，个别母猪返情率也高。之前用过替米考星和黄芪多糖拌料，效果不明显。想问下是不是什么传染病？还能不能继续配种？,根据描述，存在母猪流产、死胎及公猪精液质量下降的情况，提示可能存在病毒性繁殖障碍性疾病。猪戊型肝炎病毒（HEV）虽为人兽共患风险，但在猪群中可引起妊娠母猪流产、死胎等，且部分情况下公猪精液质量也会受影响。目前尚无特异性治疗药物，需要结合实验室检测排除其他常见繁殖障碍病因（如PRRS、伪狂犬、细小病毒、乙脑等）。,treatment_direction: 无特效抗病毒药物，重点为控制继发感染、改善饲养管理、减少应激。；management_measures: 立即暂停配种计划，对发病母猪和公猪进行隔离观察；加强圈舍通风与卫生消毒；保证饲料营养均衡，减少热应激和营养缺乏；监测体温、食欲和精神状态。；sampling_and_testing: 采集流产胎儿组织、胎盘、血液及公猪精液样本，送实验室检测HEV及其他常见繁殖障碍病原（PRRSV、PRV、PPV、JEV等），明确病因后再决定后续措施。；prohibited_boundaries: 在未确诊前禁止将疑似病畜精液用于人工授精或自然交配；严禁出售或外调种猪；若确诊为重大动物疫病，应按规定向当地畜牧兽医部门报告并配合处置。,因无特效药物治疗，不涉及药物休药期问题；但需在疫情解除、病原检测阴性后方可恢复配种。,"{""disease_name"": ""猪戊型肝炎"", ""severity"": ""中等至严重（可导致繁殖损失）"", ""scene_tags"": [""种猪场"", ""繁殖障碍"", ""流产"", ""死胎"", ""公猪精液质量下降""], ""validation_points"": [""符合HEV感染可能导致妊娠母猪流产、死胎的临床表现"", ""公猪精液质量下降可见于病毒感染影响生殖功能"", ""需通过实验室检测与其他繁殖障碍病原鉴别""], ""risk_flags"": [""人兽共患潜在风险"", ""重大动物疫病防控边界""], ""case_type"": ""种猪繁殖障碍"", ""target_disease"": ""猪戊型肝炎"", ""local_flags"": {""species_ok"": true, ""target_disease_in_diagnosis"": true, ""target_disease_mismatch"": false, ""contains_specific_dose"": false, ""contains_specific_withdrawal"": false, ""regulated_bad_treatment"": false}}",False,False,,,True,False,False,D:\XF-ChongQin\ai-\knowledge\llm_wiki_swine_authoritative,1465,887,"猪戊型肝炎
猪戊型肝炎、hepatitis e virus
种猪繁殖障碍
种猪场出现流产、死胎、返情或公猪异常，用户担心传染病和是否继续配种。","{""HUMAN_REVIEWED"": 3, ""NEEDS_REVIEW"": 2}","[""SRC-0001"", ""SRC-0014"", ""SRC-0025"", ""SRC-0035""]",2151,27.61,ERNIE-4.5-Turbo-32K,82,28,18,23,13,False,True,"整体回答较为全面，诊断方向合理，考虑了猪戊型肝炎的可能性，并建议实验室检测排除其他疾病。处理方向安全，符合疾病特点，未发现明显冲突或错误。但数据质量部分存在不足，如未详细说明实验室检测的具体项目和重要性。
问题：诊断部分虽提及猪戊型肝炎，但未充分阐述其作为人兽共患病的特殊风险及防控措施。；病理逻辑部分对猪戊型肝炎导致繁殖障碍的具体机制描述不够深入。；数据质量部分缺乏对实验室检测项目（如PCR检测HEV RNA）的详细说明，以及检测结果对诊断的直接影响。；未明确提及猪戊型肝炎的潜伏期和传染期，对疫情控制的指导性不足。",hunyuan-turbos-20250926,85,90,80,88,75,False,False,"回答基本准确识别了可能的病毒性繁殖障碍，包括猪戊型肝炎的可能性，并提出了合理的排查和管理建议。处理方案安全，强调了隔离、检测和防控，避免了危险操作。但对猪戊型肝炎的人兽共患风险及其防控细节说明不足，病理机制解释较浅，实验室检测项目未具体化，可能影响实际操作指导。
问题：未详细阐述猪戊型肝炎作为人兽共患病的特殊风险及相应防控措施；对猪戊型肝炎引起繁殖障碍的病理机制解释不足；实验室检测项目未具体化，缺少对检测结果的临床意义说明；未提及潜伏期和传染期信息，对疫情控制指导性不足",True,ERNIE-4.5-Turbo-32K,True,review,回答基本准确识别了可能的病毒性繁殖障碍，包括猪戊型肝炎的可能性，并提出了合理的排查和管理建议。处理方案安全，强调了隔离、检测和防控，避免了危险操作。但存在一些不足，如未详细阐述猪戊型肝炎作为人兽共患病的特殊风险及相应防控措施，对猪戊型肝炎引起繁殖障碍的病理机制解释不足，实验室检测项目未具体化，缺少对检测结果的临床意义说明，未提及潜伏期和传染期信息，对疫情控制指导性不足。,80.0,28,18,23,13,review,18.88,19.3,,2,D:\XF-ChongQin\ai-\results\swine_weak_wiki_production\swine_disease_dataset_production_20260507_150711_dual_reviewed_20260507_152954.csv
32c8982d-7ff2-5d13-9623-cf9948d5b2d3,107,猪巨细胞病毒感染,swine_hunyuan_turbos,hunyuan-turbos-20250926,成功,,猪,我家有120头育肥猪，平均体重在60公斤左右，最近一周陆续出现精神沉郁、食欲下降、个别猪体温升高到40℃以上，还有几头呼吸稍快，粪便正常。之前用过替米考星拌料三天，效果不明显。想问下这种情况是不是要送样检测？应该取哪些部位的组织或者样本？怕误诊耽误治疗。,根据描述的临床表现（发热、精神沉郁、食欲减退、轻度呼吸加快），结合使用抗生素无效的情况，怀疑可能存在病毒性感染，如猪巨细胞病毒感染等。该病在不同阶段猪均可发生，部分病例可能无明显特征性病变，需通过实验室检测确诊。,treatment_direction: 目前无特效抗病毒药物，应以支持疗法为主，改善饲养管理条件，减少应激，保证饮水和营养供给。；management_measures: 分群饲养，将明显异常个体与健康猪隔离观察；加强通风与温湿度控制；暂停使用广谱抗生素以防掩盖病情。；sampling_and_testing: 建议采集病死猪或濒死猪的肺脏、淋巴结、脾脏及扁桃体组织，冷藏保存并及时送至具备资质的兽医实验室进行PCR检测或其他分子生物学方法检测猪巨细胞病毒核酸。同时可做病理学检查辅助判断。；prohibited_boundaries: 严禁私自屠宰、销售疑似染疫猪只；在未确诊前不得使用未经批准的兽药或疫苗；发现可疑疫情应立即向当地动物防疫部门报告。,因无特定药物治疗方案，不涉及常规休药期问题。若后续使用任何药物，须按说明书执行相应停药期规定。,"{""disease_name"": ""猪巨细胞病毒感染"", ""severity"": ""中等"", ""scene_tags"": [""育肥猪"", ""发热"", ""食欲下降"", ""抗生素治疗无效""], ""validation_points"": [""症状符合病毒性感染特征"", ""抗生素治疗无效提示非细菌性主因"", ""需要实验室检测明确病原""], ""risk_flags"": [""需排除其他重大传染病"", ""存在潜在传播风险""], ""case_type"": ""采样送检咨询"", ""target_disease"": ""猪巨细胞病毒感染"", ""local_flags"": {""species_ok"": true, ""target_disease_in_diagnosis"": true, ""target_disease_mismatch"": false, ""contains_specific_dose"": false, ""contains_specific_withdrawal"": false, ""regulated_bad_treatment"": false}}",False,False,,,True,False,False,D:\XF-ChongQin\ai-\knowledge\llm_wiki_swine_authoritative,1465,887,"猪巨细胞病毒感染
猪巨细胞病毒感染、porcine cytomegalovirus
采样送检咨询
用户描述症状后，重点询问采什么样品、如何判断和如何避免误治。","{""HUMAN_REVIEWED"": 2, ""NEEDS_REVIEW"": 2}","[""SRC-0001"", ""SRC-0083""]",2221,25.53,ERNIE-4.5-Turbo-32K,82,27,18,23,14,False,True,"整体回答质量较高，诊断方向合理，症状与疾病匹配度较高，诊断逻辑清晰，治疗方向安全，但数据质量方面存在部分信息缺失，如未详细描述采样送检的具体流程和注意事项。
问题：症状描述与疾病匹配度较高，但未详细列出猪巨细胞病毒感染的特异性症状，仅依据一般病毒性感染症状进行推断。；病理逻辑方面，虽然提到了抗生素治疗无效提示非细菌性主因，但未进一步阐述猪巨细胞病毒感染的病理特点。；处方安全方面，治疗方向和管理措施合理，但未提及具体药物使用时的注意事项。；数据质量方面，采样送检建议较为笼统，未详细描述采样流程、保存条件和送检时间等关键信息。",hunyuan-turbos-20250926,85,4,4,5,3,False,False,"该回答对猪巨细胞病毒感染的诊断思路基本正确，症状与疾病匹配度较好，排除了细菌感染的可能性，并给出了合理的实验室检测建议与管理措施。处方方向安全，强调了隔离、改善环境、避免滥用抗生素，并明确了疫情上报义务。不足之处在于缺乏对该病的特异性症状与病理特点的说明，以及采样送检细节不够详尽。
问题：未明确列出猪巨细胞病毒感染的典型或特异性临床症状，仅靠一般病毒性表现推断，可能导致诊断模糊。；病理机制解释不足，未说明该病可能的病变部位及免疫学特征。；采样送检建议较笼统，缺少具体操作步骤、保存条件、运输时限等关键细节。",True,ERNIE-4.5-Turbo-32K,True,review,整体回答质量较高，诊断方向合理，症状与疾病匹配度较好，治疗方向和管理措施安全，但存在一些不足。未明确列出猪巨细胞病毒感染的特异性症状，仅依据一般病毒性感染症状进行推断，可能导致诊断模糊；病理机制解释不足，未说明该病可能的病变部位及免疫学特征；采样送检建议较笼统，缺少具体操作步骤、保存条件、运输时限等关键细节。,80.0,27,18,23,14,review,17.14,17.39,,2,D:\XF-ChongQin\ai-\results\swine_weak_wiki_production\swine_disease_dataset_production_20260507_150711_dual_reviewed_20260507_152954.csv
a4aac388-bd91-504c-ae63-a32a4c0663b2,183,猪副黏病毒相关感染,swine_hunyuan_turbos,hunyuan-turbos-20250926,成功,,猪,我家是种猪场，存栏大概120头母猪加20多头公猪，最近有3头怀孕80多天的母猪陆续流产，还有两头死胎，另外有两头返情率明显升高，公猪采精量也下降不少。之前没用过疫苗，圈舍通风一般，温度在18度左右，想问问是不是传染病，还能不能继续配种？,根据描述，考虑存在病毒性繁殖障碍综合征的可能，包括猪副黏病毒相关感染在内的多种病毒可导致母猪流产、死胎、返情及公猪精液质量下降。需结合流行病学史、临床表现、实验室检测排除其他常见病因如蓝耳病、伪狂犬病、细小病毒病等。,treatment_direction: 目前无特效抗病毒药物，重点为控制继发感染、改善饲养管理、减少应激。；management_measures: 立即隔离发病个体，加强圈舍通风与保温，减少密度；提供清洁饮水与全价饲料；暂停新引进种猪；对公猪精液进行质量检测并限制使用。；sampling_and_testing: 采集流产胎儿组织、胎盘、血液样本送实验室检测，明确病原类型；必要时做血清学调查。；prohibited_boundary: 在未确诊前禁止将种猪外调或出售；若检出重大动物疫病，应按规定向当地畜牧兽医部门报告并执行相应处置措施。,因属病毒性感染且无特效药物治疗，不涉及化学药物休药期问题，但建议至少间隔一个完整发情周期后再考虑配种，并在兽医指导下评估健康状态。,"{""disease_name"": ""猪副黏病毒相关感染"", ""severity"": ""中等至严重（可造成繁殖损失）"", ""scene_tags"": [""种猪场"", ""繁殖障碍"", ""流产"", ""死胎"", ""返情"", ""公猪精液异常""], ""validation_points"": [""符合病毒性繁殖障碍的典型表现"", ""需要实验室检测区分不同病原"", ""管理措施与防控策略一致""], ""risk_flags"": [""可能为人畜共患或重大动物疫病风险，需按法规上报""], ""case_type"": ""种猪繁殖障碍"", ""target_disease"": ""猪副黏病毒相关感染"", ""local_flags"": {""species_ok"": true, ""target_disease_in_diagnosis"": true, ""target_disease_mismatch"": false, ""contains_specific_dose"": false, ""contains_specific_withdrawal"": false, ""regulated_bad_treatment"": false}}",False,False,,,True,False,False,D:\XF-ChongQin\ai-\knowledge\llm_wiki_swine_authoritative,1465,887,"猪副黏病毒相关感染
猪副黏病毒相关感染、paramyxoviruses
种猪繁殖障碍
种猪场出现流产、死胎、返情或公猪异常，用户担心传染病和是否继续配种。","{""NEEDS_REVIEW"": 5}","[""SRC-0001""]",2034,28.97,ERNIE-4.5-Turbo-32K,82,27,18,22,15,False,True,"整体回答较为全面，诊断方向合理，考虑了多种病毒性繁殖障碍的可能性，并建议实验室检测以明确病原。管理措施和防控策略与诊断方向一致，且注意到了人畜共患或重大动物疫病的风险。但在数据质量和病理逻辑方面存在一定不足，如未详细说明诊断依据和排除其他病因的具体方法，以及未充分阐述猪副黏病毒相关感染的病理机制。
问题：诊断准确性方面，虽然考虑了多种病毒性繁殖障碍的可能性，但未详细说明猪副黏病毒相关感染的具体诊断依据和排除其他病因（如蓝耳病、伪狂犬病、细小病毒病等）的具体方法。；病理逻辑方面，未充分阐述猪副黏病毒相关感染导致母猪流产、死胎、返情及公猪精液质量下降的病理机制。；处方安全性方面，管理措施和防控策略较为全面，但未提及具体药物使用（如有继发感染时）的注意事项和潜在风险。；数据质量方面，回答中未包含足够的细节来支持诊断和处理建议，如未提及具体的实验室检测方法和结果解读。",hunyuan-turbos-20250926,78,75,70,85,72,True,False,"该回答能够识别可能的病毒性繁殖障碍综合征，并提示了多种可能病原，包括猪副黏病毒相关感染，同时强调了实验室检测和重大疫病防控的重要性，管理措施合理且具备安全边界。但缺乏针对猪副黏病毒感染的特异性诊断依据说明，病理机制解释不足，部分处理建议缺少细化，可能影响临床可操作性。
问题：未详细阐述猪副黏病毒相关感染的诊断依据及与其他类似疾病的鉴别要点；缺乏对猪副黏病毒引起流产、死胎、返情及精液质量下降的病理机制说明；未明确继发感染时的用药原则及潜在风险提示",True,ERNIE-4.5-Turbo-32K,True,review,回答整体方向合理，诊断考虑了病毒性繁殖障碍综合征的可能性，并建议实验室检测以明确病原，管理措施和防控策略与诊断方向一致。但存在一些不足，如未详细说明猪副黏病毒相关感染的具体诊断依据和排除其他病因的具体方法，未充分阐述病理机制，部分处理建议缺少细化，可能影响临床可操作性。,80.0,27,18,22,15,review,21.1,15.32,,2,D:\XF-ChongQin\ai-\results\swine_weak_wiki_production\swine_disease_dataset_production_20260507_150711_dual_reviewed_20260507_152954.csv
f392843e-e9f4-537f-b731-d47368332559,199,猪多杀性巴氏杆菌病,swine_hunyuan_turbos,hunyuan-turbos-20250926,成功,,猪,我这边是200头左右60公斤左右的育肥猪，最近一周陆续有猪咳嗽、喘气，体温升高到40℃以上，吃料明显减少，有的还精神沉郁。舍内通风一般，之前用过替米考星拌料三天，效果不明显。现在担心是不是传开了，要不要整栏都投药？,根据描述，该群猪可能患有肺炎型猪多杀性巴氏杆菌病，且多为继发性感染。P. multocida 常在呼吸道防御受损时继发于支原体、圆环病毒、蓝耳病等原发因素，也可由通风不良诱发。当前表现符合急性呼吸道感染特征，伴有发热、呼吸急促及采食下降。,建议立即改善圈舍通风与保温，提高环境温度以缓解猪的体感冷应激；对症状明显个体进行隔离观察；采集鼻拭子、肺组织送实验室确诊；在兽医指导下使用广谱抗生素控制细菌感染，并配合支持疗法（如补充维生素、电解质）；禁止随意更换或加大抗生素用量，防止耐药；若怀疑混合感染，应结合血清学或PCR检测排查其他病原。,按所用药物说明执行，确保出栏前满足安全休药期；治疗期间严禁出售或屠宰食用。,"{""disease_name"": ""猪多杀性巴氏杆菌病（肺炎型）"", ""severity"": ""中等至严重"", ""scene_tags"": [""育肥猪"", ""群体呼吸道症状"", ""继发感染"", ""通风不良""], ""validation_points"": [""症状符合肺炎型P. multocida感染特征"", ""存在可能的原发呼吸道病原或环境诱因"", ""抗生素治疗需结合病原检测结果""], ""risk_flags"": [""可能存在混合感染"", ""需排除其他重大呼吸道传染病""], ""case_type"": ""呼吸道群体发病"", ""target_disease"": ""猪多杀性巴氏杆菌病"", ""local_flags"": {""species_ok"": true, ""target_disease_in_diagnosis"": true, ""target_disease_mismatch"": false, ""contains_specific_dose"": false, ""contains_specific_withdrawal"": false, ""regulated_bad_treatment"": false}}",False,False,,,True,False,False,D:\XF-ChongQin\ai-\knowledge\llm_wiki_swine_authoritative,1465,887,"猪多杀性巴氏杆菌病
猪多杀性巴氏杆菌病、pasteurellosis
呼吸道群体发病
同栏出现咳嗽、喘气、发热、采食下降，用户想判断病因和是否需要全群用药。","{""HUMAN_REVIEWED"": 2, ""NEEDS_REVIEW"": 2}","[""SRC-0001"", ""SRC-0006"", ""SRC-0070""]",2221,27.28,ERNIE-4.5-Turbo-32K,82,27,18,22,15,False,True,"该回答对猪多杀性巴氏杆菌病的诊断较为准确，症状描述与疾病特征相符，诊断逻辑合理，考虑了继发感染和环境诱因。处方安全，建议改善环境、隔离观察、实验室确诊及合理使用抗生素，符合疾病处理原则。数据质量基本满足要求，但缺乏具体药物名称和剂量。
问题：诊断准确性方面，虽提及继发感染和环境诱因，但未明确排除其他重大呼吸道传染病，如蓝耳病、猪流感等，可能影响诊断全面性。；病理逻辑上，对继发感染和环境诱因的阐述可更深入，以增强诊断说服力。；处方安全性上，未提供具体抗生素名称和剂量，仅建议广谱抗生素，可能影响治疗针对性和效果。；数据质量方面，症状描述、诊断逻辑和处方建议较完整，但缺乏具体药物信息，影响数据完整性和实用性。",hunyuan-turbos-20250926,85,4,4,5,4,False,False,"该数据整体真实可信，用户描述的育肥猪咳嗽、喘气、高热、采食下降等症状与猪多杀性巴氏杆菌病（尤其是肺炎型）高度吻合，且考虑到了通风不良等环境因素及可能的继发感染背景，诊断逻辑合理。处方建议包括改善环境、隔离观察、送检确诊、在兽医指导下使用广谱抗生素及支持疗法，并强调避免滥用抗生素，符合安全规范。未出现危险用药建议，也未给出具体剂量或休药期承诺，避免了重大风险。不足之处在于未明确排除蓝耳病、猪流感等重大呼吸道传染病，以及未细化抗生素种类，可能影响针对性。
问题：未明确排除蓝耳病、猪流感等其他重大呼吸道传染病，可能导致误诊风险。；处方中未指明具体抗生素类别，可能影响治疗的精准性与可执行性。",True,ERNIE-4.5-Turbo-32K,True,review,该回答对猪多杀性巴氏杆菌病的诊断较为准确，症状描述与疾病特征相符，诊断逻辑合理，考虑了继发感染和环境诱因。处方安全，建议改善环境、隔离观察、实验室确诊及合理使用抗生素，符合疾病处理原则。但诊断未明确排除其他重大呼吸道传染病，如蓝耳病、猪流感等，可能影响诊断全面性；处方未提供具体抗生素名称和剂量，可能影响治疗针对性和效果。,80.0,27,18,22,15,review,20.46,19.25,,2,D:\XF-ChongQin\ai-\results\swine_weak_wiki_production\swine_disease_dataset_production_20260507_150711_dual_reviewed_20260507_152954.csv
78718e83-8998-526c-9ff5-e318bd881453,266,猪放线杆菌败血症,swine_hunyuan_turbos,hunyuan-turbos-20250926,成功,,猪,我家有120头80公斤左右的育肥猪，最近一周陆续出现咳嗽、呼吸急促的情况，部分猪精神差、食欲下降，用过氟苯尼考和多西环素交替投喂，但症状没完全控制住。圈舍通风一般，地面潮湿，想问下这种情况该采哪些样送检测？怎么区分是单一细菌感染还是多种病原混感？,根据描述，育肥猪出现持续性呼吸道症状且对常规抗生素反应不佳，提示可能存在细菌性呼吸道感染，其中猪放线杆菌败血症（Actinobacillus suis septicemia）是可能原因之一，尤其在伴有败血症表现时需重点考虑。此外，还需排除其他常见呼吸道病原体及环境因素（如氨气刺激）。临床应与猪丹毒、S. suis 败血症/脑膜炎、支原体肺炎、巴氏杆菌性肺炎等进行鉴别。,treatment_direction: 在确诊前不建议盲目更换广谱抗生素，应先采集代表性样品送检明确病原。若确诊为A. suis败血症，可依据药敏选择敏感抗菌药物并配合支持疗法。；management_measures: 改善圈舍通风，降低湿度，减少氨气浓度；分群饲养，减少应激；加强饮水卫生和饲料质量监控。；sampling_and_testing: 建议采集病死猪或濒死猪的肺组织、胸腔积液、血液（全血或血清）、扁桃体拭子，有条件可加采关节液或脑脊液（怀疑败血症合并脑膜炎时）；送检项目包括细菌分离培养、PCR检测（针对A. suis、S. suis、胸膜肺炎放线杆菌等）、必要时做病理切片检查。；prohibited_boundaries: 在未获得实验室确诊前，禁止随意使用未经批准的兽药或超范围用药；发现可疑重大动物疫病（如非洲猪瘟）应立即按当地规定上报并配合扑杀、无害化处理等措施。,具体休药期需依据最终使用的药物种类及其说明书确定，在检测结果出来前暂停出栏销售计划。,"{""disease_name"": ""猪放线杆菌败血症"", ""severity"": ""中等至严重（取决于是否并发败血症或全身性病变）"", ""scene_tags"": [""育肥猪"", ""呼吸道症状"", ""抗生素治疗无效"", ""混合感染风险""], ""validation_points"": [""症状符合A. suis败血症特征（发热、沉郁、呼吸异常）"", ""抗生素疗效不佳提示耐药或混合感染"", ""需要实验室检测区分单一与混合感染""], ""risk_flags"": [""潜在多重病原感染"", ""环境致病因素参与"", ""需警惕重大动物疫病排查""], ""case_type"": ""呼吸道采样送检"", ""target_disease"": ""猪放线杆菌败血症"", ""local_flags"": {""species_ok"": true, ""target_disease_in_diagnosis"": true, ""target_disease_mismatch"": false, ""contains_specific_dose"": false, ""contains_specific_withdrawal"": false, ""regulated_bad_treatment"": false}}",False,False,,,True,False,False,D:\XF-ChongQin\ai-\knowledge\llm_wiki_swine_authoritative,1465,887,"猪放线杆菌败血症
猪放线杆菌败血症、actinobacillus suis septicemia pleuropneumonia
呼吸道采样送检
呼吸道症状持续，用药效果不稳定，用户询问采什么样品和如何鉴别混合感染。","{""HUMAN_REVIEWED"": 3, ""NEEDS_REVIEW"": 2}","[""SRC-0001"", ""SRC-0007"", ""SRC-0058"", ""SRC-0075"", ""SRC-0076""]",2165,35.0,ERNIE-4.5-Turbo-32K,82,27,18,23,14,False,True,"整体回答较为全面，诊断方向合理，鉴别诊断考虑周全，采样建议和检测项目符合实际需求，管理措施和用药安全提示到位。但存在部分细节可优化，如诊断准确性描述可更具体，数据质量方面可补充更多支持性信息。
问题：诊断准确性描述中，虽然提到猪放线杆菌败血症是可能原因之一，但未充分结合具体症状（如发热、皮肤瘀斑等典型表现）进行深入分析，诊断依据略显不足。；病理逻辑方面，鉴别诊断列表较全面，但未明确说明各疾病的典型症状差异及如何通过检测项目进行区分，逻辑链条可更清晰。；处方安全方面，治疗方向和管理措施合理，但休药期承诺过于模糊，未根据常见药物给出具体范围或参考值。；数据质量方面，场景标签和验证点基本覆盖，但风险标志中未提及人兽共患风险评估（尽管猪放线杆菌败血症人兽共患风险较低，但明确说明更佳）。",hunyuan-turbos-20250926,78,75,76,80,77,True,False,"回答整体结构完整，诊断方向合理，考虑了多种可能的病原和环境因素，采样与检测建议符合实际生产需求，管理建议和安全边界设置得当。但在诊断依据上缺乏结合典型症状的深入分析，鉴别诊断的逻辑链条不够清晰，休药期表述模糊，缺少对人兽共患风险的明确说明。
问题：诊断部分未结合猪放线杆菌败血症的典型临床表现（如高热、皮肤出血点等）进行针对性分析，导致诊断依据不足。；鉴别诊断虽列出多种疾病，但未说明各病的特征性症状及检测方法如何帮助区分，逻辑衔接不够紧密。；休药期仅笼统提及‘依据药物说明书’，缺乏参考范围或示例，易误导养殖户。；未明确评估或说明该病的人兽共患风险，尽管风险低，但应予以澄清。",True,ERNIE-4.5-Turbo-32K,partially,review,回答整体结构完整，诊断方向合理，考虑了多种可能的病原和环境因素，采样与检测建议符合实际生产需求，管理建议和安全边界设置得当。但存在以下问题：1.诊断部分未结合猪放线杆菌败血症的典型临床表现（如高热、皮肤出血点等）进行针对性分析，导致诊断依据不足；2.鉴别诊断虽列出多种疾病，但未说明各病的特征性症状及检测方法如何帮助区分，逻辑衔接不够紧密；3.休药期仅笼统提及‘依据药物说明书’，缺乏参考范围或示例，易误导养殖户；4.未明确评估或说明该病的人兽共患风险，尽管风险低，但应予以澄清。,80.0,27,18,23,14,review,24.71,23.03,,2,D:\XF-ChongQin\ai-\results\swine_weak_wiki_production\swine_disease_dataset_production_20260507_150711_dual_reviewed_20260507_152954.csv
940ca3b0-2211-5ba8-84c5-ec5d66e759b7,269,仔猪水肿病,swine_hunyuan_turbos,hunyuan-turbos-20250926,成功,,猪,我家有60头25日龄左右的保育猪，这几天陆续有几头开始拉稀，先是黄色稀便，后来变成水样，精神差、不吃料，有的还站不稳、眼皮肿得厉害。圈舍湿度大、通风一般，之前用过恩诺沙星拌料两天，效果不明显。请问这是啥病？该怎么处理？,根据描述，结合日龄、症状（水样腹泻、眼睑及面部水肿、共济失调）、环境湿度和用药史，高度怀疑为仔猪水肿病（由产Stx2e毒素的肠致病性大肠杆菌引起）。该病常在断奶前后高发，表现为急性神经症状和局部组织水肿。虽然部分病例粪便培养可为阴性，但不能据此排除本病。,treatment_direction: 立即停喂霉变饲料，减少应激，改善圈舍通风与保温，适当提高环境温度以减少代谢产热负担；对病情严重的个体进行隔离观察。；management_measures: 加强饮水卫生，防止继发感染；保证清洁饮水和易消化饲料；减少密度，降低竞争压力。；sampling_and_testing: 采集病死猪肠内容物、血液或水肿组织送实验室做细菌分离培养和毒素检测，必要时配合PCR检测Stx2e基因，以明确病原并指导后续防控。；prohibited_boundaries: 禁止将疑似重大动物疫病病例随意出售或转运；禁止使用未经批准的抗生素超量投喂；禁止忽视环境管理而单纯依赖药物治疗。,因涉及潜在重大疫病调查，需按当地畜牧兽医部门要求进行样品送检和环境消毒，待检测结果明确后再决定后续用药与出栏安排。,"{""disease_name"": ""仔猪水肿病"", ""severity"": ""高"", ""scene_tags"": [""保育猪"", ""水样腹泻"", ""眼睑水肿"", ""共济失调"", ""环境湿度高""], ""validation_points"": [""日龄符合水肿病高发期（20-40日龄）"", ""症状包括神经障碍和组织水肿"", ""环境因素（湿度、通风不良）加重风险"", ""细菌学阴性不能完全排除诊断""], ""risk_flags"": [""可能涉及重大动物疫病调查"", ""存在人畜共患病间接传播风险（通过环境污染）""], ""case_type"": ""腹泻群体发病"", ""target_disease"": ""仔猪水肿病"", ""local_flags"": {""species_ok"": true, ""target_disease_in_diagnosis"": true, ""target_disease_mismatch"": false, ""contains_specific_dose"": false, ""contains_specific_withdrawal"": false, ""regulated_bad_treatment"": false}}",False,False,,,True,False,False,D:\XF-ChongQin\ai-\knowledge\llm_wiki_swine_authoritative,1465,887,"仔猪水肿病
仔猪水肿病、edema disease e coli
腹泻群体发病
同窝或同栏出现水样腹泻、脱水、采食下降，用户想知道主要病因和紧急处理。","{""HUMAN_REVIEWED"": 3, ""NEEDS_REVIEW"": 2}","[""SRC-0001"", ""SRC-0006"", ""SRC-0063"", ""SRC-0064""]",2028,35.95,ERNIE-4.5-Turbo-32K,82,28,18,22,14,False,True,"整体回答较为准确，诊断逻辑合理，处理方向安全，但数据质量方面存在一定不足，如未明确提及部分关键症状与疾病的典型关联，且风险描述不够全面。
问题：diagnosis_accuracy: 未明确提及仔猪水肿病的典型症状如神经症状与水肿的直接关联，且未充分解释细菌学阴性不能完全排除诊断的原因。；pathology_logic: 病理逻辑基本合理，但未详细阐述环境因素如何具体影响疾病发生和发展。；prescription_safety: 处理方向安全，但未明确提及针对仔猪水肿病的特效治疗药物或方法，仅提供了管理措施。；data_quality: 数据质量方面，风险描述不够全面，未充分提及人畜共患病间接传播风险的具体防控措施，且未明确休药期承诺（虽因调查需要未给出具体休药期，但可说明一般原则）。",hunyuan-turbos-20250926,78,85,80,90,70,True,False,"诊断思路正确，能结合年龄、症状、环境和用药史推断为仔猪水肿病，处理方案总体安全，包含必要的采样检测和生物安全措施。但缺乏对典型症状与疾病机制的直接联系说明，以及环境致病因素的具体作用分析，风险提醒和人畜共患病防控细节不足。
问题：未明确解释神经症状与水肿在仔猪水肿病中的直接病理联系；未详细说明环境因素（高湿、通风不良）如何促进发病的机制；缺乏针对该病的特效治疗提示，仅提供一般性管理措施；对人畜共患病间接传播风险的防控建议不足",True,ERNIE-4.5-Turbo-32K,True,review,诊断思路正确，能结合年龄、症状、环境和用药史推断为仔猪水肿病，处理方案总体安全，包含必要的采样检测和生物安全措施。但存在部分不足，如未明确解释神经症状与水肿在仔猪水肿病中的直接病理联系，未详细说明环境因素如何促进发病的机制，缺乏针对该病的特效治疗提示，仅提供一般性管理措施，且对人畜共患病间接传播风险的防控建议不足。,80.0,28,18,22,14,review,27.11,19.72,,2,D:\XF-ChongQin\ai-\results\swine_weak_wiki_production\swine_disease_dataset_production_20260507_150711_dual_reviewed_20260507_152954.csv
cfb7750f-2bb5-5282-bac9-b18c967bbc71,20,猪环曲病毒/托克特诺病毒感染,swine_hunyuan_turbos,hunyuan-turbos-20250926,成功,,猪,我家有200头90公斤左右的育肥猪，最近半个月陆续出现精神沉郁、采食量下降、个别猪体温偏高到39℃左右，粪便偏稀但不带血，用过恩诺沙星和多西环素拌料一周，症状缓解不明显。圈舍通风一般，湿度较高，想问是不是还要继续用这些药？,根据描述，当前症状缺乏特异性，且已知猪环曲病毒（TTSuV）在健康猪群中亦可检出，无特异临床表现可直接归因于该病。现有症状可能与多种病原混合感染有关，需结合实验室检测排除圆环病毒2型（PCV2）、细菌性继发感染及寄生虫等因素。,treatment_direction: 暂停盲目使用抗生素，优先进行病原学排查，包括PCR检测TTSuV、PCV2、PRRSV等常见病毒以及细菌培养鉴定。若确诊细菌感染，再针对性选用敏感药物。；management_measures: 改善圈舍通风与干燥度，减少应激因素，分群饲养，加强饮水卫生，防止交叉污染。；sampling_and_testing: 采集发病猪的血液、扁桃体、肺组织或粪便样本送实验室做病毒核酸及细菌培养检测，必要时检测血清抗体水平。；prohibited_boundaries: 在未明确病因前，不得作为唯一依据实施大规模投药或全群淘汰；禁止将检测结果直接等同于法定疫病处置依据。,因未明确病因及用药方案，暂无法给出具体休药期建议，须依据最终确诊结果及所用药物说明书执行。,"{""disease_name"": ""猪环曲病毒/托克特诺病毒感染"", ""severity"": ""低至中等（取决于并发感染情况）"", ""scene_tags"": [""育肥猪"", ""非特异症状"", ""抗生素治疗无效"", ""高湿环境""], ""validation_points"": [""TTSuV无特异临床症状，健康猪可检出"", ""诊断依赖DNA或抗体检测，无病毒分离方案"", ""需排除其他病原混合感染""], ""risk_flags"": [""避免仅凭单一病毒阳性结果下结论"", ""注意区分潜在的人畜共患病与其他传染病""], ""case_type"": ""育肥猪用药咨询"", ""target_disease"": ""猪环曲病毒/托克特诺病毒感染"", ""local_flags"": {""species_ok"": true, ""target_disease_in_diagnosis"": true, ""target_disease_mismatch"": false, ""contains_specific_dose"": false, ""contains_specific_withdrawal"": false, ""regulated_bad_treatment"": false}}",False,False,,,True,False,False,D:\XF-ChongQin\ai-\knowledge\llm_wiki_swine_authoritative,1465,887,"猪环曲病毒/托克特诺病毒感染
猪环曲病毒/托克特诺病毒感染、anelloviruses torque teno sus viruses、TTSuV、Torque teno sus virus
育肥猪用药咨询
育肥猪出现典型症状，用户已经用过常见药物但效果一般，询问是否继续用药。","{""HUMAN_REVIEWED"": 3}","[""SRC-0001"", ""SRC-0083""]",2221,33.21,ERNIE-4.5-Turbo-32K,82,28,18,23,13,False,True,"整体回答逻辑清晰，诊断考虑了猪环曲病毒（TTSuV）的非特异性症状特点，并建议进行实验室检测以排除其他病原混合感染，符合疾病诊断逻辑。处方方向安全，强调暂停盲目使用抗生素，优先进行病原学排查，管理措施合理。但数据质量方面，对症状描述和疾病关联的详细分析不足，且未充分利用场景标签信息。
问题：诊断准确性方面，虽然考虑了TTSuV的非特异性症状，但对症状与疾病关联的详细分析不足，未充分利用场景标签中的'抗生素治疗无效'等信息来强化诊断逻辑。；病理学逻辑方面，对TTSuV的病理特点描述不够深入，未充分解释为何现有症状可能与多种病原混合感染有关。；处方安全方面，虽然整体方向正确，但未提供具体的替代治疗方案或应急措施，仅强调检测和排查。；数据质量方面，对用户查询中的症状描述利用不足，未充分结合场景标签进行深入分析，且未提及人兽共患病风险的评估（尽管TTSuV非人兽共患病，但评估应体现全面性）。",hunyuan-turbos-20250926,80,78,76,85,75,True,False,"回答整体逻辑清晰，诊断部分承认了猪环曲病毒（TTSuV）症状非特异性，并结合临床情况提出需排除其他病原混合感染，符合科学诊断思路。处方方向安全，强调先检测后治疗，避免盲目用药，管理建议合理。但存在以下不足：1. 对症状与疾病关联的分析深度不够，未能充分利用用户提供的‘抗生素治疗无效’这一关键线索强化诊断推理；2. 对TTSuV的病理机制阐述不足，未说明为何可能与其他病原共存；3. 未针对当前症状提出短期对症支持措施，仅停留在检测阶段；4. 数据利用不充分，未结合场景标签进一步细化风险评估。
问题：症状与疾病关联分析不足，未充分利用用户提供的抗生素治疗无效信息；对TTSuV病理特点及与其他病原混合感染的机制解释不够深入；缺少短期对症支持措施建议，仅依赖检测等待结果；未结合场景标签（如育肥猪、高湿环境）进行更细致的风险提示",True,ERNIE-4.5-Turbo-32K,True,review,回答整体逻辑清晰，诊断部分考虑了猪环曲病毒（TTSuV）症状的非特异性，并建议进行实验室检测以排除其他病原混合感染，符合科学诊断思路。处方方向安全，强调先检测后治疗，避免盲目用药，管理建议合理。但存在以下不足：对症状与疾病关联的分析深度不够，未能充分利用用户提供的‘抗生素治疗无效’这一关键线索强化诊断推理；对TTSuV的病理机制阐述不足，未说明为何可能与其他病原共存；未针对当前症状提出短期对症支持措施，仅停留在检测阶段；数据利用不充分，未结合场景标签进一步细化风险评估。,79.0,28,18,23,13,review,22.45,22.85,,2,D:\XF-ChongQin\ai-\results\swine_weak_wiki_production\swine_disease_dataset_production_20260507_150711_dual_reviewed_20260507_152954.csv
55761977-d130-58c3-99a4-cdeeb2f3f588,34,猪巨细胞病毒感染,swine_hunyuan_turbos,hunyuan-turbos-20250926,成功,,猪,我场有300多头母猪，最近一周有两栋产房的小猪（出生10天左右）陆续出现精神差、吃奶少、体温略高的情况，有的还伴有轻微咳嗽，之前用过阿莫西林饮水，效果不明显。现在担心是不是传染病，能不能先当普通病治几天看看？,根据描述，多栋产房同期出现相似症状，且常规抗生素无效，需高度警惕病毒性感染可能，如猪巨细胞病毒感染等。该病在仔猪阶段可表现为生长迟缓、呼吸道症状及全身反应，但目前缺乏特异性治疗药物，且存在潜在群发风险。,treatment_direction: 不建议立即使用广谱抗生素作为唯一措施，应结合支持疗法改善营养与环境，减少应激。；management_measures: 分群管理，将发病猪与健康猪物理隔离；加强产房保温通风，保持干燥清洁；提供易消化的初乳或代乳料，保证饮水充足。；sampling_and_testing: 采集病死猪或典型病例的血液、肺脏、淋巴结等组织送实验室进行病原学检测（PCR、病理学检查），明确是否为猪巨细胞病毒或其他病毒性疾病。；prohibited_boundaries: 在未排除重大动物疫病前，不得擅自出售、转运或屠宰病猪；不得依赖单一抗生素治疗而延误诊断。,因无特效抗病毒药物，若后续使用任何兽药均需遵循相应说明书及国家休药期规定，并在停药后按规定间隔方可出栏或销售。,"{""disease_name"": ""猪巨细胞病毒感染"", ""severity"": ""中等至严重（视群发情况而定）"", ""scene_tags"": [""产房仔猪"", ""群发"", ""呼吸道症状"", ""生长迟缓""], ""validation_points"": [""多栋同时发病提示传染性"", ""常规抗生素无效提示非细菌性主因"", ""需通过实验室检测确认病原""], ""risk_flags"": [""潜在群发性"", ""需排除重大动物疫病"", ""禁止擅自处置""], ""case_type"": ""暴发与处置边界"", ""target_disease"": ""猪巨细胞病毒感染"", ""local_flags"": {""species_ok"": true, ""target_disease_in_diagnosis"": true, ""target_disease_mismatch"": false, ""contains_specific_dose"": false, ""contains_specific_withdrawal"": false, ""regulated_bad_treatment"": false}}",False,False,,,True,False,False,D:\XF-ChongQin\ai-\knowledge\llm_wiki_swine_authoritative,1465,887,"猪巨细胞病毒感染
猪巨细胞病毒感染、porcine cytomegalovirus
暴发与处置边界
同栏或多栋猪舍短期内发病增多，用户询问是否能先按普通病治疗观察。","{""HUMAN_REVIEWED"": 2, ""NEEDS_REVIEW"": 2}","[""SRC-0001"", ""SRC-0037"", ""SRC-0083""]",2221,29.75,ERNIE-4.5-Turbo-32K,82,27,18,22,15,False,True,"整体回答符合猪巨细胞病毒感染的暴发与处置边界场景，诊断方向合理，管理措施安全，但数据质量方面存在部分信息缺失，影响全面评估。
问题：diagnosis_accuracy: 诊断部分未明确提及猪巨细胞病毒感染的特异性症状（如肝脾肿大、出血点等），仅基于常规抗生素无效和多栋发病推测，缺乏特异性。；pathology_logic: 病理逻辑部分未详细解释猪巨细胞病毒感染的病理机制与症状之间的关联，逻辑链条不够完整。；prescription_safety: 处方安全部分未提及具体药物使用禁忌或潜在风险，仅强调支持疗法和管理措施，略显单薄。；data_quality: 数据质量方面，未提供实验室检测的具体方法或参考标准，且休药期承诺过于笼统，缺乏针对性。",hunyuan-turbos-20250926,78,75,70,80,72,True,False,"该回复对猪巨细胞病毒感染的风险提示较为到位，强调了隔离、环境管理和送检的重要性，并设置了重大疫病防控的安全边界，避免了危险建议。但在诊断部分缺少对该病的特异性症状描述，病理机制与临床表现的逻辑联系不足，处方安全性说明较泛化，数据质量上缺乏检测方法细节和针对性的休药期指导。
问题：诊断未列出猪巨细胞病毒感染的典型特异性症状（如肝脾肿大、出血点等），仅凭抗生素无效和多栋发病推断，特异性不足。；病理机制与症状之间缺乏详细解释，逻辑链条不完整。；处方安全性部分未涉及可能的药物禁忌或特殊注意事项，内容偏泛。；数据质量方面缺少实验室检测方法的详细说明和标准参考，休药期表述笼统。",True,ERNIE-4.5-Turbo-32K,True,review,诊断方向基本合理，但缺乏猪巨细胞病毒感染的特异性症状描述，病理机制与症状的逻辑联系不够完整；管理措施和安全边界设置合理，但处方安全性说明较泛化，数据质量方面缺少实验室检测方法细节和针对性的休药期指导。整体内容有效但有改进空间。,79.0,27,18,22,15,review,22.08,20.26,,2,D:\XF-ChongQin\ai-\results\swine_weak_wiki_production\swine_disease_dataset_production_20260507_150711_dual_reviewed_20260507_152954.csv
eed961f2-54d7-5116-945d-96b93cbd595b,96,猪杯状病毒感染,swine_hunyuan_turbos,hunyuan-turbos-20250926,成功,,猪,我家有120头80公斤左右的育肥猪，已经养了快5个月，最近一周陆续出现拉稀、精神不振的情况，有的猪还伴有轻微发热，粪便偏黄绿色带黏液，没有看到明显的水疱或皮肤病变。之前用过恩诺沙星拌料三天，效果不明显。现在离计划出栏还有20天，想问问这情况可能是什么病？能不能继续喂药还是得提前卖？会不会影响食品安全？,根据描述的症状（腹泻、精神沉郁、轻度发热、粪便颜色异常）、病程进展以及用药反应，考虑可能为病毒性腹泻性疾病，其中猪杯状病毒感染是可能的病因之一。该病在育肥猪群中可呈散发或群发，常表现为水样或黏液样腹泻，无明显特征性水疱病变，与细菌性肠炎或其他病毒（如PDCoV）需要鉴别。建议通过实验室检测（如RT-PCR）明确病原。,treatment_direction: 目前无特效抗病毒药物，以支持疗法为主，改善饲养管理，减少应激，防止继发细菌感染。；management_measures: 保持圈舍清洁干燥，适当提高饲料能量浓度，补充电解质和维生素，分栏饲养以减少交叉感染。；sampling_and_testing: 采集新鲜粪便或直肠拭子送实验室进行病毒核酸检测（RT-PCR），必要时配合细菌培养排除混合感染。；prohibited_boundaries: 严禁使用未经批准的兽药或超量用药；若怀疑为重大动物疫病，应立即向当地畜牧兽医部门报告，不得擅自出售或转移病猪。,因涉及潜在病毒病且临近出栏，应优先确保病原检测和疫情排查结果符合安全销售标准后再决定出栏时间，不建议在未明确病原前贸然出售。,"{""disease_name"": ""猪杯状病毒感染"", ""severity"": ""中等"", ""scene_tags"": [""育肥猪"", ""病毒性腹泻"", ""临近出栏""], ""validation_points"": [""症状与猪杯状病毒感染相符"", ""病程与病毒性腹泻一致"", ""支持疗法和管理措施符合常规防控""], ""risk_flags"": [""临近出栏需关注食品安全与检疫合规""], ""case_type"": ""上市休药期咨询"", ""target_disease"": ""猪杯状病毒感染"", ""local_flags"": {""species_ok"": true, ""target_disease_in_diagnosis"": true, ""target_disease_mismatch"": false, ""contains_specific_dose"": false, ""contains_specific_withdrawal"": false, ""regulated_bad_treatment"": false}}",False,False,,,True,False,False,D:\XF-ChongQin\ai-\knowledge\llm_wiki_swine_authoritative,1465,887,"猪杯状病毒感染
猪杯状病毒感染、caliciviruses norovirus sapovirus vesicular exanthema virus
上市休药期咨询
用户接近出栏，关心治疗方向和用药后能否出栏销售。","{""HUMAN_REVIEWED"": 3, ""NEEDS_REVIEW"": 2}","[""SRC-0001"", ""SRC-0034""]",2187,27.49,ERNIE-4.5-Turbo-32K,82,27,18,22,15,False,True,"整体回答较为全面，诊断方向合理，症状与疾病匹配度较高，处理方向安全且与疾病相互印证。但在数据质量和病理逻辑方面存在一定不足，需进一步优化。
问题：数据质量方面，症状描述与疾病特征的匹配度可进一步提升，未充分引用权威资料或研究支持诊断结论。；病理逻辑方面，对病毒性腹泻与其他类似疾病的鉴别诊断描述不够详细，缺乏具体依据。；未明确提及人兽共患风险及防控措施，尽管猪杯状病毒目前未明确为人兽共患病，但应注明以规避潜在风险。",hunyuan-turbos-20250926,78,85,75,90,70,True,False,"该回答针对用户描述的育肥猪腹泻、精神沉郁、轻度发热等症状，提出了猪杯状病毒感染的可能性，并给出了合理的支持治疗和管理措施，同时强调了实验室检测的重要性，并在临近出栏时设置了安全边界，避免了擅自出售的风险。但诊断部分缺少更具体的文献或流行病学依据，鉴别诊断不够细致，未明确说明人兽共患风险状态，数据支撑略显薄弱。
问题：诊断依据主要依赖症状描述，缺乏权威文献或流行病学背景支持。；对猪杯状病毒感染与其他病毒性腹泻（如PEDV、PDCoV等）的鉴别分析不够深入。；未明确说明猪杯状病毒的人兽共患风险状态，虽然目前认为风险低，但应予以澄清以避免误解。",True,ERNIE-4.5-Turbo-32K,True,review,诊断方向合理，症状与疾病匹配度较高，处理方向安全且与疾病相互印证，但存在一定不足，如诊断依据缺乏权威文献或流行病学背景支持，鉴别诊断不够细致，未明确说明人兽共患风险状态，数据支撑略显薄弱。,79.0,27,18,22,15,review,18.91,16.35,,2,D:\XF-ChongQin\ai-\results\swine_weak_wiki_production\swine_disease_dataset_production_20260507_150711_dual_reviewed_20260507_152954.csv
d429a47b-87d6-577f-b2a7-3cae714ae72f,159,猪链球菌病,swine_hunyuan_turbos,hunyuan-turbos-20250926,成功,,猪,我家是200头基础母猪的种猪场，最近有3头怀孕90多天的母猪陆续流产，还有两头公猪精神差、采精量下降明显，部分母猪返情率也高了。圈舍通风一般，近期没换饲料，也没打过疫苗。这种情况会不会是传染病？还能继续配种吗？,根据描述，存在妊娠母猪流产、死胎及公猪繁殖性能下降的情况，结合猪链球菌病的流行病学特点，应考虑猪链球菌感染可能，尤其是S. suis可通过血液途径引起败血症并波及生殖系统，导致流产、死胎及公猪精液质量下降。同时应排除布鲁氏菌病、PCV2宫内感染等其它繁殖障碍病因。,treatment_direction: 立即隔离发病母猪和表现异常的公猪，停止配种计划，防止病原扩散；采集流产胎儿、胎盘组织及公猪精液送实验室进行细菌培养、PCR检测和药敏试验，明确病原种类及耐药性。；management_measures: 加强产房和公猪舍消毒，改善通风与卫生条件；减少应激因素；对全场猪群进行健康巡查，记录体温、食欲和精神状态。；sampling_and_testing: 送检材料包括流产胎儿、胎盘、脐带血、公猪精液及血液样本，检测项目应包括猪链球菌、布鲁氏菌、PCV2等常见繁殖障碍病原。；prohibited_actions: 在未明确诊断前，禁止将疑似病猪调入健康群或进行人工授精；禁止使用未经药敏指导的抗生素；禁止随意出售或转运种猪。,因未确定病原及治疗方案，暂停所有配种活动直至检测结果明确并采取相应防控措施。,"{""disease_name"": ""猪链球菌病"", ""severity"": ""中等至严重"", ""scene_tags"": [""种猪场"", ""繁殖障碍"", ""流产"", ""公猪繁殖性能下降""], ""validation_points"": [""猪链球菌可通过败血症波及生殖系统引发流产和死胎"", ""公猪感染可导致精液质量下降和行为异常"", ""需通过病原分离和分子检测确诊""], ""risk_flags"": [""潜在人兽共患风险（皮肤伤口接触）"", ""场内水平传播风险高"", ""可能影响全群繁殖效率""], ""case_type"": ""种猪繁殖障碍"", ""target_disease"": ""猪链球菌病"", ""local_flags"": {""species_ok"": true, ""target_disease_in_diagnosis"": true, ""target_disease_mismatch"": false, ""contains_specific_dose"": false, ""contains_specific_withdrawal"": false, ""regulated_bad_treatment"": false}}",False,False,,,True,False,False,D:\XF-ChongQin\ai-\knowledge\llm_wiki_swine_authoritative,1465,887,"猪链球菌病
猪链球菌病、streptococcosis streptococcus suis
种猪繁殖障碍
种猪场出现流产、死胎、返情或公猪异常，用户担心传染病和是否继续配种。","{""HUMAN_REVIEWED"": 3, ""NEEDS_REVIEW"": 2}","[""SRC-0001"", ""SRC-0014"", ""SRC-0025"", ""SRC-0035"", ""SRC-0075"", ""SRC-0076""]",2118,33.13,ERNIE-4.5-Turbo-32K,82,27,18,23,14,False,True,"整体回答较为全面，诊断方向合理，考虑了猪链球菌病的流行病学特点及繁殖障碍表现，并建议排除其他病因。处理方向安全，强调了隔离、检测和防控措施，避免了病原扩散风险。但数据质量方面存在不足，如未明确提及人兽共患风险的防控措施，且部分建议缺乏具体操作细节。
问题：诊断准确性方面：虽考虑了猪链球菌病，但对布鲁氏菌病、PCV2等排除病因的描述较简略，缺乏具体鉴别诊断依据。；病理逻辑方面：对猪链球菌病通过败血症波及生殖系统的机制描述不够深入，未充分解释公猪精液质量下降的具体病理过程。；处方安全性方面：虽强调了禁止未经药敏指导使用抗生素，但未提及具体抗生素选择原则或替代治疗方案。；数据质量方面：未明确提及人兽共患风险的防控措施（如皮肤伤口防护），且采样和检测建议缺乏具体操作细节（如采样部位、检测方法）。",hunyuan-turbos-20250926,80,85,78,88,75,False,False,"该回答在诊断方向上基本准确，能够结合猪链球菌病的流行病学特征与临床表现提出合理怀疑，并提示需排除布鲁氏菌病、PCV2等其他繁殖障碍性疾病。处理措施强调隔离、送检、防控扩散，符合生物安全要求，无危险用药建议。但在病理机制解释上不够深入，尤其对公猪精液质量下降的原因阐述不足；数据质量方面缺少人兽共患病防护提醒及采样操作细节，影响实用性。
问题：对猪链球菌病引发公猪精液质量下降的病理机制解释不足；未明确提及人兽共患病（如布鲁氏菌）的职业防护建议；采样与检测建议缺乏具体操作细节（如采样部位、方法）",True,ERNIE-4.5-Turbo-32K,True,review,诊断方向基本合理，考虑了猪链球菌病的流行病学特点及繁殖障碍表现，并建议排除其他病因。处理方向安全，强调了隔离、检测和防控措施，避免了病原扩散风险。但存在病理机制解释不够深入、未明确提及人兽共患病防护措施、采样和检测建议缺乏具体操作细节等问题，影响数据质量和实用性。,79.0,27,18,23,14,review,22.74,18.47,,2,D:\XF-ChongQin\ai-\results\swine_weak_wiki_production\swine_disease_dataset_production_20260507_150711_dual_reviewed_20260507_152954.csv
53bb7cb3-bf29-55e9-a93d-700a2c9cb765,191,猪水疱性口炎,swine_hunyuan_turbos,hunyuan-turbos-20250926,成功,,猪,我家有120头育肥猪，平均体重在60公斤左右，最近几天有几头出现口腔和蹄部起水疱、流涎、跛行的情况，体温也偏高，大概39℃多，之前用过一些抗生素没见好转。请问这种情况是不是要马上采样送检？该取哪些部位？怎么保存和运输才不会影响检测结果？另外怕误诊成口蹄疫耽误处理，有没有办法先自己简单区分一下？,根据描述的口腔及蹄部水疱、流涎、跛行、发热等症状，高度怀疑为水疱性疾病，包括口蹄疫（FMD）、猪水疱病（SVD）、猪水疱疹（VES）、猪水疱性口炎（VSV）等。这些疾病在临床上难以区分，必须通过实验室检测进行确诊。,treatment_direction: 目前不建议盲目使用抗病毒或抗菌药物，应先停止随意投药，等待实验室结果后再制定针对性措施。；management_measures: 立即将发病猪与健康猪分栏隔离，减少人员、车辆、器具交叉接触；加强圈舍消毒，限制人员和物资流动；对同批次未发病猪密切观察。；sampling_and_submission: 应采集新鲜水疱液、破溃后的溃疡组织、部分健康与病变交界处的组织块，必要时可加采血液样本；样品应在低温（冰袋或冷链）条件下尽快送至具备资质的兽医实验室，并注明采集时间、地点、临床症状及流行病学史。；prohibited_boundaries: 严禁在未排除重大动物疫病（如口蹄疫）前擅自屠宰、出售或转运病猪及其产品；禁止自行使用未经批准的疫苗或药物。,因尚未确诊且未使用特定药物，暂无明确休药期建议；待实验室确诊后按相应疫病防控方案执行。,"{""disease_name"": ""猪水疱性口炎"", ""severity"": ""中等至严重（视是否伴随重大疫病而定）"", ""scene_tags"": [""育肥猪"", ""水疱性病变"", ""发热"", ""跛行"", ""采样送检""], ""validation_points"": [""症状符合多种水疱性病毒病的共同表现"", ""需通过实验室检测与其他水疱病鉴别"", ""管理上强调隔离、消毒与限制移动""], ""risk_flags"": [""存在重大动物疫病（如口蹄疫）风险，需严格按检疫规定处置"", ""延误送检可能导致疫情扩散""], ""case_type"": ""采样送检咨询"", ""target_disease"": ""猪水疱性口炎"", ""local_flags"": {""species_ok"": true, ""target_disease_in_diagnosis"": true, ""target_disease_mismatch"": false, ""contains_specific_dose"": false, ""contains_specific_withdrawal"": false, ""regulated_bad_treatment"": false}}",False,False,,,True,False,False,D:\XF-ChongQin\ai-\knowledge\llm_wiki_swine_authoritative,1465,887,"猪水疱性口炎
猪水疱性口炎、vesicular stomatitis viruses
采样送检咨询
用户描述症状后，重点询问采什么样品、如何判断和如何避免误治。","{""HUMAN_REVIEWED"": 3, ""NEEDS_REVIEW"": 2}","[""SRC-0001"", ""SRC-0054""]",2104,24.8,ERNIE-4.5-Turbo-32K,82,27,18,22,15,False,True,"整体回答较为全面，诊断方向正确，考虑了多种水疱性疾病的可能性，并强调了实验室检测的重要性。管理措施和采样建议合理，符合疾病防控要求。
问题：诊断部分虽然提到了多种水疱性疾病，但对猪水疱性口炎的针对性描述不足，未充分体现该疾病与其他水疱病的区别。；病理逻辑部分对症状与疾病的关联性解释不够深入，缺乏对猪水疱性口炎特异性的分析。；数据质量方面，回答中未明确提及猪水疱性口炎的流行病学特点或特异性症状，信息完整性有待提升。",hunyuan-turbos-20250926,78,80,75,85,70,True,False,"回答覆盖了主要水疱性疾病的鉴别诊断思路，强调实验室确诊的重要性，管理隔离与采样运输建议科学且安全，避免了盲目用药和违规操作，无直接危险建议。但在针对‘猪水疱性口炎’的特异性症状、流行病学特征及与其他水疱病的鉴别要点上阐述不足，导致诊断与病理逻辑部分略显泛化，未能充分支撑用户查询的疾病名称。
问题：对猪水疱性口炎的特异性临床表现和流行病学背景缺乏说明，无法体现其与其他水疱病的差异。；病理逻辑部分仅笼统列出可能疾病，缺少对症状-病因关联的深度解析。；数据质量不足，未提供该病种的典型流行季节、传播方式等信息。",True,ERNIE-4.5-Turbo-32K,True,review,回答整体方向正确，诊断考虑了多种水疱性疾病并强调实验室检测的重要性，管理措施和采样建议合理且安全，无直接危险建议。但针对猪水疱性口炎的特异性症状、流行病学特征及与其他水疱病的鉴别要点阐述不足，诊断与病理逻辑部分略显泛化，信息完整性有待提升。,79.0,27,18,22,15,review,16.08,17.36,,2,D:\XF-ChongQin\ai-\results\swine_weak_wiki_production\swine_disease_dataset_production_20260507_150711_dual_reviewed_20260507_152954.csv
a94bd37a-6346-5429-b070-1e5dbd4d78c1,211,猪肾虫病,swine_hunyuan_turbos,hunyuan-turbos-20250926,成功,,猪,我家有200多头60日龄左右的保育猪，最近发现不少猪精神差、拉稀、毛色发暗、长得慢，有的还抓痒、皮肤起痂。圈舍地面潮湿，之前用过伊维菌素驱虫一次，但效果不明显。想问问是不是肾虫引起的？该怎么处理？,根据描述的症状（腹泻、消瘦、皮肤瘙痒、生长缓慢）、圈舍潮湿环境和驱虫效果不佳的情况，结合猪肾虫（Stephanurus dentatus）在幼猪阶段的易感性及移行期可引起肝、肾周组织损伤并继发皮肤问题，高度怀疑为猪肾虫病。建议通过尿液镜检或粪便沉渣检查寻找虫卵，必要时进行剖检观察肾脏周围囊肿及肝脏milk spots以确诊。,treatment_direction: 针对肾虫感染采用广谱抗线虫药物（如阿苯达唑类或芬苯达唑类），并结合改善圈舍卫生、降低湿度以减少再感染机会。；management_measures: 清理粪污、保持干燥通风、定期更换垫料、减少猪只在潮湿地面的停留时间。；sampling_and_testing: 采集新鲜尿液和粪便样本送实验室镜检虫卵；对病死猪进行剖检取肝、肾周围组织做病理学检查。；prohibited_boundaries: 禁止将疑似感染猪与健康猪混养，防止交叉传播；严禁未经检疫的生猪外调。,因涉及群体性寄生虫病，应暂停出栏销售，直至连续两次采样检测无虫卵为止。,"{""disease_name"": ""猪肾虫病"", ""severity"": ""中等偏重"", ""scene_tags"": [""保育猪"", ""群体发病"", ""潮湿环境"", ""慢性消耗""], ""validation_points"": [""症状符合肾虫移行期表现（消瘦、腹泻、生长迟缓）"", ""圈舍潮湿增加感染风险"", ""常规驱虫无效提示可能存在耐药或非蛔虫类寄生虫""], ""risk_flags"": [""群体感染风险高"", ""可能持续污染环境"", ""需排除其他皮肤病合并因素""], ""case_type"": ""寄生虫群体发病"", ""target_disease"": ""猪肾虫病"", ""local_flags"": {""species_ok"": true, ""target_disease_in_diagnosis"": true, ""target_disease_mismatch"": false, ""contains_specific_dose"": false, ""contains_specific_withdrawal"": false, ""regulated_bad_treatment"": false}}",False,False,,,True,False,False,D:\XF-ChongQin\ai-\knowledge\llm_wiki_swine_authoritative,1465,887,"猪肾虫病
猪肾虫病、stephanurus dentatus kidney worm
寄生虫群体发病
猪群出现腹泻、消瘦、皮肤瘙痒或生长慢，用户怀疑寄生虫。","{""HUMAN_REVIEWED"": 2, ""NEEDS_REVIEW"": 2}","[""SRC-0001"", ""SRC-0082""]",2221,31.04,ERNIE-4.5-Turbo-32K,82,27,18,22,15,False,True,"整体回答符合猪肾虫病的诊断逻辑，症状与疾病匹配度较高，诊断方向合理，处理措施安全且与疾病相互印证。但存在部分细节描述不够准确、数据质量有待提升的问题。
问题：diagnosis_accuracy: 症状描述与猪肾虫病典型症状匹配度较高，但未完全覆盖所有典型症状（如肾脏周围囊肿、肝脏milk spots等），且未明确排除其他可能疾病（如疥螨病、蛔虫病等）。；pathology_logic: 诊断逻辑基本合理，但未详细说明尿液镜检和粪便沉渣检查的具体操作步骤及阳性结果的意义，病理学检查的描述也较为笼统。；prescription_safety: 处方安全，广谱抗线虫药物选择合理，管理措施全面，但未提及具体药物剂量和用药频率，休药期承诺也较为模糊（仅提及连续两次采样检测无虫卵为止）。；data_quality: 数据质量一般，症状描述较为全面，但缺乏具体数据支持（如腹泻频率、消瘦程度等），风险评估也较为简单。",hunyuan-turbos-20250926,78,75,80,85,70,False,False,"该数据整体具备真实养殖场景背景，用户描述的保育猪症状与猪肾虫病有一定吻合度，诊断思路合理，处理方案涵盖药物治疗、环境管理和检测建议，无明显危险建议。但存在以下不足：1. 症状列举虽较全，但未充分覆盖猪肾虫病的特异性表现（如肾脏周围囊肿、肝脏milk spots）；2. 鉴别诊断不足，未考虑疥螨、蛔虫等其他常见病因；3. 检测步骤描述过于笼统，缺少操作细节；4. 数据支撑较弱，缺乏量化指标；5. 休药期表述模糊，虽未给出具体天数，但“连续两次采样检测无虫卵”作为出栏条件存在执行不确定性。
问题：症状描述未完全覆盖猪肾虫病特异性表现；缺乏与其他类似疾病的鉴别分析；检测方法和阳性判定标准描述不够详细；缺乏量化数据支持病情评估；休药期条件表述模糊，可能影响执行",True,ERNIE-4.5-Turbo-32K,True,review,整体回答符合猪肾虫病的诊断逻辑，症状与疾病匹配度较高，诊断方向合理，处理措施安全且与疾病相互印证。但存在部分细节描述不够准确、数据质量有待提升的问题，如症状描述未完全覆盖猪肾虫病特异性表现，缺乏与其他类似疾病的鉴别分析，检测方法和阳性判定标准描述不够详细，缺乏量化数据支持病情评估，休药期条件表述模糊，可能影响执行。,79.0,27,18,22,15,review,20.8,21.42,,2,D:\XF-ChongQin\ai-\results\swine_weak_wiki_production\swine_disease_dataset_production_20260507_150711_dual_reviewed_20260507_152954.csv
4d24bc98-2076-580b-93a0-b5f355f48923,240,猪星状病毒感染,swine_hunyuan_turbos,hunyuan-turbos-20250926,成功,,猪,我家有200头120公斤左右的育肥猪，还有20天就准备出栏了，这几天陆续有几头开始拉稀，粪便偏稀黄绿色，精神食欲还行，没有发烧，之前用过恩诺沙星拌料两天效果不明显。想问问这种情况还能不能继续养到出栏？要不要隔离或者换饲料？会不会影响卖猪？,根据描述，育肥猪在临近出栏时出现轻度腹泻，无明显全身症状，可能与猪星状病毒感染有关。该病常与多种肠道病原体混合存在，可表现为轻度腹泻，部分情况下伴发神经症状，但因果关系需结合剖检及实验室检测综合判断。目前未见高热、急性死亡等典型烈性病表现，暂不支持非洲猪瘟等重大疫病。,建议立即将腹泻明显个体与健康猪分栏管理，减少交叉感染机会；加强圈舍保温通风，保持干燥清洁，防止继发细菌感染；可在兽医指导下使用广谱抗生素预防继发细菌性肠炎，并配合电解质补液支持；采集新鲜粪便送实验室进行病原学检测（如PCR），明确是否合并其他病原；严禁擅自使用未经批准的兽药或超范围药物；若检测结果提示非重大疫病且无严重经济损失，可考虑继续饲养至出栏，但需向收购方如实说明情况；如发现可疑重大动物疫病迹象，应立即停止出售并报告当地畜牧兽医部门。,因临近出栏且未使用特定药物，一般无需额外停药期；若使用预防性抗生素，应遵守所用药品标签规定的休药期，并在出栏前确保符合食品安全要求。,"{""disease_name"": ""猪星状病毒感染"", ""severity"": ""轻症至中等"", ""scene_tags"": [""育肥猪"", ""临近出栏"", ""轻度腹泻"", ""无发热""], ""validation_points"": [""症状与猪星状病毒感染的轻度腹泻特征相符"", ""无高热、急性死亡等烈性病表现，排除非洲猪瘟等高风险疫病"", ""建议通过实验室检测确认病原，避免仅凭临床症状下结论""], ""risk_flags"": [""临近出栏阶段的疾病可能影响销售决策"", ""存在与其他肠道病原共感染的可能"", ""需警惕重大动物疫病的漏诊风险""], ""case_type"": ""腹泻出栏边界"", ""target_disease"": ""猪星状病毒感染"", ""local_flags"": {""species_ok"": true, ""target_disease_in_diagnosis"": true, ""target_disease_mismatch"": false, ""contains_specific_dose"": false, ""contains_specific_withdrawal"": false, ""regulated_bad_treatment"": false}}",False,False,,,True,False,False,D:\XF-ChongQin\ai-\knowledge\llm_wiki_swine_authoritative,1465,887,"猪星状病毒感染
猪星状病毒感染、astroviruses、astrovirus、猪星状病毒
腹泻出栏边界
临近出栏猪群出现腹泻，用户关心处理方向、隔离和用药后能否销售。","{""HUMAN_REVIEWED"": 2, ""NEEDS_REVIEW"": 2}","[""SRC-0001"", ""SRC-0032""]",2221,29.65,ERNIE-4.5-Turbo-32K,82,27,18,20,17,False,True,"该回答在诊断准确性、病理逻辑、处方安全性和数据质量方面表现较好，整体符合测试数据有效性要求。诊断考虑了猪星状病毒感染的可能性，并排除了非洲猪瘟等重大疫病，逻辑合理。处方建议了分栏管理、加强环境控制和实验室检测，安全且与疾病相互印证。数据质量方面，症状描述与疾病特征相符，但缺乏具体数据支持。
问题：诊断准确性方面，虽然考虑了猪星状病毒感染，但未充分讨论其他可能的肠道病原体，诊断依据略显不足。；病理逻辑方面，对神经症状的提及缺乏实际病例支持，可能引起混淆。；处方安全性方面，建议使用广谱抗生素预防继发感染，但未明确具体药物和剂量，存在一定风险。；数据质量方面，缺乏具体的实验室检测数据或流行病学信息支持诊断。",hunyuan-turbos-20250926,78,75,80,70,75,False,False,"该数据整体具备真实养殖场景背景，症状与目标疾病有一定关联，诊断思路合理，排除了重大疫病，并给出了安全的防控建议。但诊断依据不够充分，未全面考虑其他常见肠道病原；处方中提及广谱抗生素预防继发感染，虽未给出具体剂量，但在临近出栏场景下存在潜在食品安全风险；此外，对神经症状的描述缺乏病例支撑，可能误导用户。总体仍属可用数据，但需优化细节。
问题：诊断仅基于有限症状推测猪星状病毒感染，未充分考虑轮状病毒、冠状病毒等其他常见肠道病原。；提到神经症状但无实际病例佐证，易引发误解。；临近出栏阶段建议使用抗生素预防继发感染，存在食品安全隐患。；缺少实验室检测结果或流行病学背景支持诊断结论。",True,ERNIE-4.5-Turbo-32K,partially,review,诊断考虑了猪星状病毒感染的可能性，并排除了非洲猪瘟等重大疫病，逻辑合理，但未充分讨论其他可能的肠道病原体，诊断依据略显不足，且对神经症状的提及缺乏实际病例支持，可能引起混淆；处方建议了分栏管理、加强环境控制和实验室检测，安全且与疾病相互印证，但建议使用广谱抗生素预防继发感染，未明确具体药物和剂量，在临近出栏场景下存在潜在食品安全风险。整体数据具备真实养殖场景背景，症状与目标疾病有一定关联，但存在一些可优化细节，因此判为review。,79.0,27,18,20,17,review,19.1,18.95,,2,D:\XF-ChongQin\ai-\results\swine_weak_wiki_production\swine_disease_dataset_production_20260507_150711_dual_reviewed_20260507_152954.csv
f0d4a333-6527-5f0f-b756-0d40b161a401,6,猪繁殖与呼吸综合征,swine_hunyuan_turbos,hunyuan-turbos-20250926,成功,,猪,我家是200头左右保育猪，现在60日龄左右，最近一周舍内通风不太好，氨味很重，早晚温差也大，部分猪开始咳嗽、喘气，精神食欲还行，体温没测过。之前用过几天氟苯尼考拌料，效果不明显。这种情况是环境应激还是传染病？该怎么处理？,结合症状、环境和用药反应，考虑为猪繁殖与呼吸综合征（PRRS）可能性较大，同时伴有环境应激因素。PRRS在保育阶段易发，常表现为咳嗽、喘气、发热、采食下降，且对抗生素治疗效果有限。需与支原体肺炎、猪流感等其他呼吸道病原鉴别。,立即改善圈舍通风，降低氨气浓度，减少昼夜温差；加强保温措施，保持干燥清洁；停止随意使用抗生素，采集鼻拭子、血液样本送实验室进行PCR检测，明确病原；如确诊PRRS，应执行生物安全措施，限制人员车辆流动，防止扩散；必要时联系当地畜牧兽医部门指导防控方案；禁止私自屠宰、销售可疑猪只。,未涉及具体药物使用，无休药期要求；若后续使用兽药，须按说明书及监管部门规定执行。,"{""disease_name"": ""猪繁殖与呼吸综合征"", ""severity"": ""中等至严重"", ""scene_tags"": [""保育猪"", ""呼吸道症状"", ""环境应激"", ""病毒病""], ""validation_points"": [""保育猪常见易感群体"", ""咳嗽喘气符合PRRS临床表现"", ""抗生素无效提示非单纯细菌感染""], ""risk_flags"": [""潜在法定二类疫病"", ""需实验室确诊"", ""存在传播风险""], ""case_type"": ""呼吸道环境诱因"", ""target_disease"": ""猪繁殖与呼吸综合征"", ""local_flags"": {""species_ok"": true, ""target_disease_in_diagnosis"": true, ""target_disease_mismatch"": false, ""contains_specific_dose"": false, ""contains_specific_withdrawal"": false, ""regulated_bad_treatment"": false}}",False,False,,,True,False,False,D:\XF-ChongQin\ai-\knowledge\llm_wiki_swine_authoritative,1465,887,"猪繁殖与呼吸综合征
猪繁殖与呼吸综合征、porcine reproductive and respiratory syndrome viruses、PRRS、蓝耳病
呼吸道环境诱因
通风差、氨气重或温差大后出现咳嗽喘气，用户想区分环境应激和传染病。","{""HUMAN_REVIEWED"": 2, ""NEEDS_REVIEW"": 2}","[""A0-MOA-573"", ""A1-WOAH-PRRS-DISEASE"", ""SRC-0001"", ""SRC-0023""]",2221,34.88,ERNIE-4.5-Turbo-32K,82,27,18,22,15,False,True,"整体回答质量较高，诊断准确性、病理逻辑、处方安全性均表现良好，数据质量稍显不足但不影响整体评估。无明显致命风险，符合通过标准。
问题：诊断准确性方面，虽然考虑了PRRS的可能性，但未完全排除其他呼吸道病原（如支原体肺炎、猪流感）的干扰，诊断依据略显不足。；病理逻辑方面，对PRRS的典型症状描述较为全面，但缺乏对环境应激与传染病之间相互作用的深入分析。；处方安全性方面，提出的改善环境、加强保温等措施安全有效，但未明确后续治疗药物的选择原则，略显笼统。；数据质量方面，用户查询中未提供体温数据，回答中未对此进行说明或假设，略显不足。",hunyuan-turbos-20250926,82,85,80,90,75,False,False,"回答整体结构合理，诊断思路清晰，能够结合环境与临床症状提出PRRS为主要可能，并提示鉴别诊断。处方建议以环境改善和生物安全措施为主，避免盲目用药，安全性高。不足之处在于诊断依据不够充分，缺少对其他呼吸道疾病的详细分析，以及环境应激与疾病交互作用的深入探讨；此外，未针对体温缺失情况作补充说明。
问题：诊断依据中对PRRS的支持证据不足，未充分排除支原体肺炎、猪流感等常见呼吸道疾病。；缺乏对环境因素如何加重或诱发传染病的机制分析。；未对缺失体温信息作出合理假设或提醒检测的重要性。",True,ERNIE-4.5-Turbo-32K,partially,review,回答整体结构合理，诊断思路清晰，能够结合环境与临床症状提出PRRS为主要可能，并提示鉴别诊断。处方建议以环境改善和生物安全措施为主，避免盲目用药，安全性高。但存在以下不足：诊断依据中对PRRS的支持证据不足，未充分排除支原体肺炎、猪流感等常见呼吸道疾病；缺乏对环境因素如何加重或诱发传染病的机制分析；未对缺失体温信息作出合理假设或提醒检测的重要性。,78.0,27,18,22,15,review,21.14,17.21,,2,D:\XF-ChongQin\ai-\results\swine_weak_wiki_production\swine_disease_dataset_production_20260507_150711_dual_reviewed_20260507_152954.csv
cc054938-d5a9-51ef-b174-e7f2c14aa7a5,21,猪星状病毒感染,swine_hunyuan_turbos,hunyuan-turbos-20250926,成功,,猪,我家有120头25日龄左右的保育猪，这几天陆续有几窝出现拉稀，粪便呈黄色水样，有的小猪精神差、不吃料，还有轻微脱水现象，圈舍温度偏低、通风一般，之前用过恩诺沙星拌料两天效果不明显，想问下可能是什么病？该怎么处理？,根据描述，25日龄保育猪群中出现黄色水样腹泻、精神沉郁、采食减少及轻度脱水，结合年龄、季节性和饲养管理条件，高度怀疑由猪星状病毒感染引起。该病常与其他肠道病原混合感染，如轮状病毒、冠状病毒等，导致腹泻加重。,立即加强保温与干燥管理，提供清洁温水防止脱水；调整饲料为易消化型，少量多餐；对严重脱水个体进行补液支持；暂停使用无效抗生素，避免滥用；采集新鲜粪便送实验室检测病原，明确是否合并其他病毒性或细菌性病原；若怀疑重大疫病需按当地规定采样送检并配合防控部门调查。,因无特效抗病毒药物，不涉及药物休药期问题；如需使用兽药须遵守说明书及国家相关规定。,"{""disease_name"": ""猪星状病毒感染"", ""severity"": ""中等偏重（可导致生长迟缓、死亡率升高）"", ""scene_tags"": [""保育猪"", ""腹泻"", ""脱水"", ""混合感染风险""], ""validation_points"": [""符合猪星状病毒高发年龄段（保育期）"", ""症状与文献描述的腹泻、脱水一致"", ""环境因素（低温、通风不良）易诱发""], ""risk_flags"": [""存在混合感染可能性"", ""需排除其他重大疫病""], ""case_type"": ""腹泻群体发病"", ""target_disease"": ""猪星状病毒感染"", ""local_flags"": {""species_ok"": true, ""target_disease_in_diagnosis"": true, ""target_disease_mismatch"": false, ""contains_specific_dose"": false, ""contains_specific_withdrawal"": false, ""regulated_bad_treatment"": false}}",False,False,,,True,False,False,D:\XF-ChongQin\ai-\knowledge\llm_wiki_swine_authoritative,1465,887,"猪星状病毒感染
猪星状病毒感染、astroviruses、astrovirus、猪星状病毒
腹泻群体发病
同窝或同栏出现水样腹泻、脱水、采食下降，用户想知道主要病因和紧急处理。","{""HUMAN_REVIEWED"": 2, ""NEEDS_REVIEW"": 2}","[""SRC-0001"", ""SRC-0032""]",2220,26.95,ERNIE-4.5-Turbo-32K,82,27,18,22,15,False,True,"整体回答较为准确，诊断逻辑合理，处理方向安全，数据质量基本满足要求，无明显致命风险。
问题：诊断准确性方面，虽然高度怀疑猪星状病毒感染，但未完全排除其他病原混合感染的可能性，诊断描述可更全面。；病理逻辑方面，对混合感染风险的阐述可更深入，如具体说明可能混合感染的病原及影响。；处方安全性方面，未明确提及针对猪星状病毒感染的特异性处理措施，仅强调了支持性治疗和病原检测。；数据质量方面，对症状、环境因素与疾病的关联性分析可更详细，以增强说服力。",hunyuan-turbos-20250926,80,75,78,85,80,True,False,"该回答在诊断上基于年龄、症状和环境因素提出猪星状病毒感染的高度怀疑，并结合可能的混合感染情况，有一定合理性；处理方案以保温、补液、改善饲喂和支持性治疗为主，避免了不当用药，并提示病原检测和重大疫病上报，符合安全要求。但诊断部分未充分覆盖其他常见病原（如轮状病毒、冠状病毒）的鉴别，且缺乏针对星状病毒的特异性处理建议，病理逻辑和数据细节可进一步充实。
问题：诊断中对猪星状病毒感染的证据链不够完整，未充分排除其他常见肠道病毒或细菌病原。；病理机制解释较笼统，缺少对混合感染如何加重病情的具体分析。；处方中未给出任何针对星状病毒的特异性干预思路，仅停留在支持性护理层面。",True,ERNIE-4.5-Turbo-32K,partially,review,诊断逻辑合理，基于症状、年龄和环境因素高度怀疑猪星状病毒感染，但未充分排除其他常见肠道病原（如轮状病毒、冠状病毒、大肠杆菌等）的混合感染可能性，证据链不够完整；病理机制解释较笼统，缺少对混合感染如何加重病情的具体分析；处理方案以支持性治疗为主，避免了不当用药，并提示病原检测和重大疫病上报，符合安全要求，但缺乏针对星状病毒的特异性干预思路，仅停留在支持性护理层面。整体回答有一定合理性，但存在轻微不足，可参考但需进一步完善。,78.0,27,18,22,15,review,17.76,21.18,,2,D:\XF-ChongQin\ai-\results\swine_weak_wiki_production\swine_disease_dataset_production_20260507_150711_dual_reviewed_20260507_152954.csv
0c79a9c8-695c-5cdc-9dbe-39e1becbca17,24,猪圆环病毒相关疾病,swine_hunyuan_turbos,hunyuan-turbos-20250926,成功,,猪,我家有120头90公斤左右的育肥猪，已经养了快5个月，最近发现部分猪精神沉郁、采食量下降，有的还出现皮肤发白、消瘦的情况，体温正常偏高，持续一周左右，之前用过替米考星拌料三天，效果不明显。现在离计划出栏还有20天，想问这种情况还能治吗？用药后多久能卖？,根据描述的症状（精神差、采食减少、皮肤苍白、消瘦）及在育肥阶段的发病特点，结合病史考虑猪圆环病毒相关疾病（PCVAD）的可能性较大，尤其是PCV2相关的生长迟缓综合征表现。需排除继发细菌感染或其他慢性消耗性疾病。,建议立即隔离病弱猪，改善饲养管理，保证清洁饮水和营养均衡饲料；加强圈舍通风与温湿度控制，减少应激；对全群进行健康评估，必要时采集血液或组织样本送实验室PCR检测确诊。若确诊PCVAD，目前无特效抗病毒药物，应以支持疗法为主，如补充维生素、电解质、改善食欲的辅助剂，并配合广谱抗生素预防和控制继发细菌感染。严禁使用未经批准的兽药或超范围用药。,因涉及潜在上市销售，任何药物治疗前必须明确药品种类及其法定休药期，并在停药期满后方可出栏销售。建议在兽医指导下制定用药方案并严格执行休药规定。,"{""disease_name"": ""猪圆环病毒相关疾病"", ""severity"": ""中等至严重（视继发感染情况而定）"", ""scene_tags"": [""育肥猪"", ""生长迟缓"", ""皮肤苍白"", ""食欲减退""], ""validation_points"": [""症状符合PCVAD常见临床表现"", ""育肥阶段是PCV2相关疾病高发期"", ""需要实验室检测确诊""], ""risk_flags"": [""临近出栏期用药需严格遵循休药期规定"", ""存在继发细菌感染风险"", ""需防止疫情扩散影响整批猪群""], ""case_type"": ""上市休药期咨询"", ""target_disease"": ""猪圆环病毒相关疾病"", ""local_flags"": {""species_ok"": true, ""target_disease_in_diagnosis"": true, ""target_disease_mismatch"": false, ""contains_specific_dose"": false, ""contains_specific_withdrawal"": false, ""regulated_bad_treatment"": false}}",False,False,,,True,False,False,D:\XF-ChongQin\ai-\knowledge\llm_wiki_swine_authoritative,1465,887,"猪圆环病毒相关疾病
猪圆环病毒相关疾病、circoviruses pcvad
上市休药期咨询
用户接近出栏，关心治疗方向和用药后能否出栏销售。","{""HUMAN_REVIEWED"": 3, ""NEEDS_REVIEW"": 2}","[""A0-MOA-573"", ""SRC-0001"", ""SRC-0035""]",2160,27.37,ERNIE-4.5-Turbo-32K,82,27,18,20,17,False,True,"该回答整体符合猪圆环病毒相关疾病的诊断与处理原则，诊断准确性较高，症状与疾病匹配合理，处理方向安全且与疾病相互印证。但在病理逻辑、数据质量方面存在一定不足，需进一步优化。
问题：病理逻辑方面，虽然考虑了继发细菌感染的可能性，但未详细说明如何鉴别诊断继发感染，逻辑不够严密。；数据质量方面，未提供具体的实验室检测方法或参考标准，对症状的描述和疾病严重程度的评估略显笼统。；诊断准确性方面，虽然考虑了PCVAD的可能性，但未完全排除其他慢性消耗性疾病，诊断依据不够充分。",hunyuan-turbos-20250926,80,85,75,90,70,False,False,"回答基本符合猪圆环病毒相关疾病（PCVAD）的诊断与处理原则，症状与疾病匹配度较好，处理措施安全且无明显危险建议，强调了合法用药与休药期的重要性。但病理逻辑上缺乏针对继发感染的鉴别细节，数据质量一般，缺少更明确的实验室检测指引和病情严重程度量化信息。
问题：病理逻辑不够严密，未详细阐述如何鉴别继发细菌感染与其他慢性消耗性疾病。；数据质量不足，缺少实验室检测方法的说明和症状严重程度的量化指标。；诊断依据虽倾向PCVAD，但对其他可能病因的排除不够充分。",True,ERNIE-4.5-Turbo-32K,partially,review,回答基本符合猪圆环病毒相关疾病的诊断与处理原则，症状与疾病匹配度较好，处理措施安全且无明显危险建议，强调了合法用药与休药期的重要性。但病理逻辑上缺乏针对继发感染的鉴别细节，数据质量一般，缺少更明确的实验室检测指引和病情严重程度量化信息，诊断依据虽倾向PCVAD，但对其他可能病因的排除不够充分。,78.0,27,18,20,17,review,17.37,16.34,,2,D:\XF-ChongQin\ai-\results\swine_weak_wiki_production\swine_disease_dataset_production_20260507_150711_dual_reviewed_20260507_152954.csv
eb923a2e-9e74-5c91-b7f3-38669cbbc8f2,36,猪流感,swine_hunyuan_turbos,hunyuan-turbos-20250926,成功,,猪,我家是300头左右的保育猪场，现在这批猪60日龄左右，最近一周天气忽冷忽热，加上舍内通风不太好，氨味挺重。前两天开始有几头出现咳嗽、喘气，个别精神稍差，采食量下降，体温测了有的38.8℃，有的39℃多。之前没用过药，也没打过疫苗。我想知道这是单纯的环境应激还是有可能感染了什么病？,根据描述，保育猪在通风不良、氨气浓度高及温差大的环境下，出现咳嗽、喘气、轻度发热和采食下降，提示存在呼吸道问题。可能的病因包括猪流感病毒等病毒性呼吸道感染，以及细菌性继发感染（如巴氏杆菌、链球菌），同时环境因素（氨气刺激、温差应激）也是重要诱因。需要结合发病率、死亡率、呼吸模式变化及是否有其他批次混群史进一步判断。,treatment_direction: 改善舍内通风换气，降低氨气浓度，保持适宜温湿度；对发病猪进行隔离观察，减少应激因素。；management_measures: 加强饲养管理，分群饲养，避免密度过高；及时清理粪便，减少有害气体积聚；监测全群健康状况，记录发病数量与恢复情况。；sampling_and_testing: 采集鼻拭子、咽拭子或肺组织样本送实验室进行病毒核酸检测（RT-PCR）及细菌培养，必要时做血清学检测以排除其他病原。；prohibited_boundaries: 若怀疑为重大动物疫病（如非洲猪瘟、口蹄疫等），应立即停止场内调运并报告当地动物防疫部门，不得擅自使用未经批准的药品或疫苗。,因未涉及具体药物治疗方案，暂无明确休药期说明。如使用抗生素或抗病毒药物，应依据所用药品说明书并在停药后按规定时间方可出栏。,"{""disease_name"": ""猪流感"", ""severity"": ""中等"", ""scene_tags"": [""保育猪"", ""呼吸道疾病"", ""环境应激"", ""氨气"", ""温差""], ""validation_points"": [""症状符合猪流感等病毒性呼吸道感染表现"", ""环境诱因（通风差、氨气高、温差大）与临床表现相符"", ""建议通过实验室检测确诊病原""], ""risk_flags"": [""需排除重大动物疫病"", ""防止疫情扩散""], ""case_type"": ""呼吸道环境诱因"", ""target_disease"": ""猪流感"", ""local_flags"": {""species_ok"": true, ""target_disease_in_diagnosis"": true, ""target_disease_mismatch"": false, ""contains_specific_dose"": false, ""contains_specific_withdrawal"": false, ""regulated_bad_treatment"": false}}",False,False,,,True,False,False,D:\XF-ChongQin\ai-\knowledge\llm_wiki_swine_authoritative,1465,887,"猪流感
猪流感、influenza viruses
呼吸道环境诱因
通风差、氨气重或温差大后出现咳嗽喘气，用户想区分环境应激和传染病。","{""HUMAN_REVIEWED"": 3}","[""RC-RESP-001"", ""SRC-0001"", ""SRC-0042"", ""SRC-0043"", ""SRC-0049"", ""SRC-0050"", ""SRC-0058"", ""SRC-0059"", ""SRC-0066"", ""SRC-0069"", ""SRC-0070"", ""SRC-0086""]",2221,32.32,ERNIE-4.5-Turbo-32K,82,27,18,22,15,False,True,"整体回答质量较高，诊断准确性、病理逻辑、处方安全性和数据质量均表现良好，无明显致命风险，符合通过标准。
问题：诊断准确性方面，虽然考虑了猪流感病毒和细菌性继发感染，但未明确提及猪流感作为首要怀疑对象，且未详细说明如何区分环境应激和传染病。；病理逻辑方面，对环境因素与疾病关系的阐述较为笼统，缺乏具体机制或案例支持。；处方安全性方面，虽然提出了改善环境和管理措施，但未针对猪流感提出具体的药物治疗方案（如抗病毒药物或抗生素使用建议）。；数据质量方面，症状描述和场景标签较为全面，但缺乏具体的发病率、死亡率等数据支持诊断。；未明确提及人兽共患风险及防控措施。",hunyuan-turbos-20250926,82,85,80,90,80,False,False,"回答整体质量较好，能够结合环境因素与可能的病原体进行分析，并给出合理的防控与管理建议，未发现明显危险建议或违规用药信息。但在诊断中未将猪流感明确列为首要怀疑对象，对环境因素致病机制的阐述不够深入，缺少具体发病率、死亡率等量化数据支撑，也未提及人兽共患病防控相关内容。
问题：未明确将猪流感列为主要怀疑疾病，仅泛化为病毒性呼吸道感染。；对环境应激与传染病的区分方法描述不足，缺乏具体鉴别要点。；未提供针对猪流感的具体治疗方向（如抗病毒或抗生素建议）。；缺少发病率、死亡率等关键流行病学数据支持诊断。；未提及人兽共患病防控相关建议。",True,ERNIE-4.5-Turbo-32K,True,review,回答整体质量较好，诊断考虑了环境因素和可能的病原体，但未明确将猪流感作为首要怀疑对象，对环境应激与传染病的区分方法描述不足，且未提供针对猪流感的具体治疗方向。此外，缺少发病率、死亡率等关键流行病学数据支持诊断，也未提及人兽共患病防控相关内容。,78.0,27,18,22,15,review,23.23,17.65,,2,D:\XF-ChongQin\ai-\results\swine_weak_wiki_production\swine_disease_dataset_production_20260507_150711_dual_reviewed_20260507_152954.csv
28aef88c-77a8-5260-a5e0-215753fac2cb,44,猪狂犬病风险,swine_hunyuan_turbos,hunyuan-turbos-20250926,成功,,猪,我家有120头80公斤左右的育肥猪，最近一周陆续有几头出现精神沉郁、流涎增多、走路不稳的情况，个别还伴有轻微抽搐。之前按链球菌和副猪嗜血杆菌投过阿莫西林和多西环素，用了三天没明显好转。圈舍通风一般，周边偶尔能见到流浪狗活动。请问这种情况还能继续用原来的药吗？会不会是别的病？,根据描述的症状（流涎、共济失调、抽搐）及与流浪犬接触史，需要考虑猪狂犬病风险的可能，但该病临床表现多样且不特异，仅凭神经症状无法确诊。同时需排除其他神经系统疾病如伪狂犬病、链球菌性脑炎等。建议立即停止随意用药并采集样本送实验室检测，以明确病原。,treatment_direction: 暂停当前抗生素方案，避免掩盖病情；重点进行病原学检测和鉴别诊断。；management_measures: 将可疑病例与健康猪隔离观察，减少人员流动，加强圈舍消毒，防止潜在的人畜接触风险。；sampling_and_testing: 采集脑组织、唾液或脑脊液等样本，送具备资质的实验室进行狂犬病病毒及其他神经系统病原检测。；prohibited_actions: 禁止对疑似狂犬病病例实施开放性手术或剖检，避免直接接触体液；在未获得检测结果前，不得将病死猪出售或食用。,因未使用特定药物，无直接休药期要求；但若后续确诊非狂犬病，需依据所用药物制定相应休药期。,"{""disease_name"": ""猪狂犬病风险"", ""severity"": ""高"", ""scene_tags"": [""育肥猪"", ""神经症状"", ""流浪犬接触"", ""抗生素无效""], ""validation_points"": [""症状符合狂犬病可能表现，但不具特异性"", ""有与犬类接触史增加风险"", ""需实验室检测才能确诊""], ""risk_flags"": [""人兽共患风险"", ""需生物安全处置"", ""禁止擅自剖检""], ""case_type"": ""育肥猪用药咨询"", ""target_disease"": ""猪狂犬病风险"", ""local_flags"": {""species_ok"": true, ""target_disease_in_diagnosis"": true, ""target_disease_mismatch"": false, ""contains_specific_dose"": false, ""contains_specific_withdrawal"": false, ""regulated_bad_treatment"": false}}",False,False,,,True,False,False,D:\XF-ChongQin\ai-\knowledge\llm_wiki_swine_authoritative,1465,887,"猪狂犬病风险
猪狂犬病风险、rabies virus
育肥猪用药咨询
育肥猪出现典型症状，用户已经用过常见药物但效果一般，询问是否继续用药。","{""HUMAN_REVIEWED"": 3, ""NEEDS_REVIEW"": 2}","[""SRC-0001"", ""SRC-0054""]",2064,29.14,ERNIE-4.5-Turbo-32K,82,28,18,20,16,False,True,"整体回答较为全面，诊断考虑了猪狂犬病风险及其他神经系统疾病，处理方向安全，但诊断准确性、病理逻辑和数据质量方面存在一定不足。
问题：诊断准确性方面，虽然考虑了猪狂犬病风险，但未充分分析其他可能疾病与症状的关联性，且未提及如何进一步鉴别诊断，扣2分。；病理逻辑方面，对症状与疾病关系的阐述不够深入，未详细说明为何考虑猪狂犬病风险，以及与其他疾病的鉴别要点，扣2分。；处方安全方面，整体处理方向安全，但未明确提及针对猪狂犬病风险的具体预防措施，扣5分。；数据质量方面，回答中未充分利用用户提供的用药史和圈舍环境等信息进行更深入的分析，扣9分。",hunyuan-turbos-20250926,75,70,72,85,65,False,False,"回答识别了猪狂犬病风险的可能性，并提示停止盲目用药、送检病原检测，管理建议符合生物安全要求，无明显危险建议。但在诊断准确性上未充分结合病史与环境信息细化鉴别诊断，病理逻辑解释不足，数据利用不充分，导致整体可信度下降。
问题：未深入分析除狂犬病外的其他神经系统疾病可能性及其与症状的关系；缺乏基于现有用药史和环境因素的综合推理；对为何怀疑狂犬病风险的机制说明不足；未提出针对狂犬病暴露的额外防控措施",True,ERNIE-4.5-Turbo-32K,True,review,回答识别了猪狂犬病风险的可能性，并给出了停止盲目用药、送检病原检测的建议，管理措施符合生物安全要求，无明显危险建议。但诊断准确性上未充分结合病史与环境信息细化鉴别诊断，病理逻辑解释不足，数据利用不充分，导致整体可信度下降，需要进一步优化。,78.0,28,18,20,16,review,20.89,18.69,,2,D:\XF-ChongQin\ai-\results\swine_weak_wiki_production\swine_disease_dataset_production_20260507_150711_dual_reviewed_20260507_152954.csv
7b7c67c0-ac48-5093-951d-d70251b91e7c,138,猪肾虫病,swine_hunyuan_turbos,hunyuan-turbos-20250926,成功,,猪,我家有120头育肥猪，平均体重在60公斤左右，最近发现个别猪精神差、采食量下降，尿液颜色偏深，有的还出现轻度跛行。圈舍是水泥地面，通风一般，之前没做过专门的驱虫，想问这种情况是不是要全群打药？环境要不要彻底清理？怎么复查才能确定问题？,根据描述，结合猪肾虫病的流行病学特点，怀疑存在Stephanurus dentatus感染。该病成虫寄生于肾周囊并与输尿管相通，可导致尿液异常、肾功能受损及运动障碍；幼虫移行过程中可引起肝脏损伤，表现为milk spot样病变。当前症状虽不典型，但在缺乏驱虫史和圈舍管理条件下，应考虑该病原的可能性。,treatment_direction: 建议采集可疑猪的尿液进行虫卵镜检，必要时配合剖检观察肾周囊及肝脏病变；对确诊或高度怀疑个体实施针对性驱虫措施（具体药物及用法应由执业兽医开具处方）。；management_measures: 加强圈舍清洁与粪便无害化处理，减少潮湿和积水，防止中间宿主滋生；改善通风，降低氨气和粉尘浓度，以减少呼吸道和全身应激。；sampling_and_testing: 取新鲜尿液离心沉淀镜检寻找虫卵；对死亡或淘汰猪进行剖检，重点检查肾周囊、输尿管开口及肝脏表面是否有特征性囊肿或milk spot。；prohibited_boundaries: 严禁自行使用未经批准的驱虫药或超范围用药；禁止将疑似病例随意出售或转运，以防扩散。,因涉及具体药物及休药期需依据兽医处方和国家规定执行，此处不作具体数值说明。,"{""disease_name"": ""猪肾虫病"", ""severity"": ""中等"", ""scene_tags"": [""育肥猪"", ""水泥地面"", ""无驱虫史"", ""尿液异常""], ""validation_points"": [""症状与肾虫生活史相符"", ""环境管理不足增加感染风险"", ""需通过尿液镜检和剖检确诊""], ""risk_flags"": [""潜在人畜共患病无关，但属重要经济寄生虫病"", ""需防范扩散""], ""case_type"": ""驱虫和环境管理"", ""target_disease"": ""猪肾虫病"", ""local_flags"": {""species_ok"": true, ""target_disease_in_diagnosis"": true, ""target_disease_mismatch"": false, ""contains_specific_dose"": false, ""contains_specific_withdrawal"": false, ""regulated_bad_treatment"": false}}",False,False,,,True,False,False,D:\XF-ChongQin\ai-\knowledge\llm_wiki_swine_authoritative,1465,887,"猪肾虫病
猪肾虫病、stephanurus dentatus kidney worm
驱虫和环境管理
用户询问是否需要全群处理、环境清理和复查方式。","{""HUMAN_REVIEWED"": 3, ""NEEDS_REVIEW"": 2}","[""SRC-0001"", ""SRC-0026"", ""SRC-0028"", ""SRC-0082""]",2149,31.84,ERNIE-4.5-Turbo-32K,82,27,18,20,17,False,True,"整体回答较为全面，诊断逻辑合理，考虑了猪肾虫病的流行病学特点及症状表现，提出了合理的诊断、治疗和管理建议。但在数据质量和部分细节上仍有提升空间。
问题：诊断准确性方面，虽然考虑了猪肾虫病的可能性，但症状描述为不典型，未充分排除其他类似疾病的可能性，诊断依据略显不足。；病理逻辑方面，对猪肾虫病的病理过程描述较为准确，但缺乏对其他可能并发症或继发感染的讨论。；处方安全性方面，建议由执业兽医开具处方，避免了自行用药的风险，但未提供具体的药物选择或剂量范围，可能影响实际操作的指导性。；数据质量方面，回答中未明确提及尿液镜检和剖检的具体操作步骤或注意事项，可能影响诊断的准确性；同时，对环境管理的建议较为笼统，缺乏具体实施细节。",hunyuan-turbos-20250926,80,75,78,85,72,True,False,"回答总体结构完整，诊断思路符合猪肾虫病的流行病学与临床特征，并提示了可能的鉴别诊断需求；处理方案强调由执业兽医开具处方，避免自行用药风险，且包含明确的生物安全边界。不足之处在于诊断依据不够充分，未系统排除其他类似疾病；病理机制解释较简略，缺少对继发感染或并发症的讨论；操作细节和环境管理措施过于笼统，影响可操作性。
问题：诊断依据不充分，未系统排除其他可能导致相似症状的猪病（如钩端螺旋体病、膀胱炎、营养代谢病等）；病理机制描述较简略，缺乏对继发感染或并发症的分析；环境管理和采样检测的操作步骤不够细化，缺乏可执行性指导",True,ERNIE-4.5-Turbo-32K,True,review,回答整体结构完整，诊断思路符合猪肾虫病的流行病学与临床特征，但诊断依据不够充分，未系统排除其他类似疾病；病理机制解释较简略，缺少对继发感染或并发症的讨论；操作细节和环境管理措施过于笼统，影响可操作性。,78.0,27,18,20,17,review,21.39,14.87,,2,D:\XF-ChongQin\ai-\results\swine_weak_wiki_production\swine_disease_dataset_production_20260507_150711_dual_reviewed_20260507_152954.csv
446d164e-0fd7-53f3-91d4-b026a5b0b70a,175,猪丝状病毒相关感染,swine_hunyuan_turbos,hunyuan-turbos-20250926,成功,,猪,我家有120头保育猪，现在45日龄左右，最近两天发现部分猪精神沉郁、采食量明显下降，有的伴随轻微咳嗽，还有几头拉稀。圈舍通风一般，温度偏低，之前用过阿莫西林饮水，效果不明显。想问下这是啥原因，该怎么处理？,结合年龄、群体性发病、采食下降及呼吸道与消化道症状，考虑可能为病毒性感染所致，包括猪丝状病毒相关感染在内的多种病毒需排查。该病在保育阶段易发，且可能与其他病原混合感染。,立即隔离病猪与健康猪，加强圈舍保温与通风，减少应激；停止随意使用抗生素，采集病猪血液、鼻拭子、粪便等样本送专业实验室进行病原学检测（PCR/RT-PCR）；根据检测结果决定后续措施。若怀疑为重大动物疫病，应按规定向当地畜牧兽医部门报告，配合开展流行病学调查与处置，严禁私自出售或转运。,因未确诊且无具体药物方案，暂无明确休药期建议。任何用药须依据检测结果并在兽医指导下执行。,"{""disease_name"": ""猪丝状病毒相关感染"", ""severity"": ""高"", ""scene_tags"": [""保育猪"", ""群体发病"", ""采食下降"", ""呼吸道症状"", ""腹泻""], ""validation_points"": [""保育猪阶段是多种病毒易感期"", ""群体性发病提示传染性因素"", ""症状组合符合病毒性感染特征""], ""risk_flags"": [""重大动物疫病风险"", ""人兽共患风险（需进一步核实）""], ""case_type"": ""保育猪群体发病"", ""target_disease"": ""猪丝状病毒相关感染"", ""local_flags"": {""species_ok"": true, ""target_disease_in_diagnosis"": true, ""target_disease_mismatch"": false, ""contains_specific_dose"": false, ""contains_specific_withdrawal"": false, ""regulated_bad_treatment"": false}}",False,False,,,True,False,False,D:\XF-ChongQin\ai-\knowledge\llm_wiki_swine_authoritative,1465,887,"猪丝状病毒相关感染
猪丝状病毒相关感染、filoviruses reston ebolavirus zaire ebolavirus
保育猪群体发病
群体发病、采食下降、粪便或呼吸道异常，用户想知道主要病因和下一步处理。","{""NEEDS_REVIEW"": 5}","[""SRC-0001""]",2058,34.94,ERNIE-4.5-Turbo-32K,82,27,18,23,14,False,True,"整体回答符合猪丝状病毒相关感染的测试数据要求，诊断方向合理，处理措施安全，但数据质量方面存在一定不足，如未充分体现症状与疾病的直接关联性。
问题：诊断准确性方面，虽然考虑了病毒性感染，但未明确提及猪丝状病毒相关感染的特异性症状或与其他病毒病的区分点，导致诊断准确性评分略低。；病理逻辑方面，回答中提到了保育猪阶段是多种病毒易感期，群体性发病提示传染性因素，症状组合符合病毒性感染特征，但未深入阐述猪丝状病毒相关感染的具体病理机制。；处方安全性方面，处理措施合理，包括隔离、加强圈舍管理、停止随意使用抗生素、送检等，且明确指出了重大动物疫病的报告义务，但未给出具体的治疗药物（因未确诊），略显保守。；数据质量方面，虽然场景标签和验证点较为全面，但风险标志中的人兽共患风险仅提及需进一步核实，未给出具体核实方法或建议，且整体回答中对于猪丝状病毒相关感染的特异性信息描述不足。",hunyuan-turbos-20250926,80,75,78,90,70,False,False,"该回答对猪丝状病毒相关感染的诊断方向基本合理，处理措施安全合规，强调了隔离、送检和重大疫病上报，避免了危险建议。但在诊断准确性上缺乏针对猪丝状病毒的特异性症状描述，未能充分区分于其他常见病毒病；病理机制解释较浅，数据质量不足，尤其在人兽共患病风险提示方面不够具体。
问题：未明确列出猪丝状病毒相关感染的特异性临床表现，诊断针对性不足；病理机制分析较笼统，缺少对该病毒感染过程的详细解释；对人兽共患病风险的提示过于模糊，缺乏可操作的核实建议",True,ERNIE-4.5-Turbo-32K,partially,review,诊断方向基本合理，考虑了病毒性感染的可能性，但未明确提及猪丝状病毒相关感染的特异性症状，也未充分区分于其他常见病毒病，病理机制分析较浅；处理措施安全合规，强调了隔离、送检和重大疫病上报，避免了危险建议，但未给出具体治疗药物（因未确诊），略显保守；数据质量方面存在不足，对人兽共患病风险提示不够具体。整体而言，回答有一定参考价值，但需改进以提高准确性和完整性。,78.0,27,18,23,14,review,26.63,18.52,,2,D:\XF-ChongQin\ai-\results\swine_weak_wiki_production\swine_disease_dataset_production_20260507_150711_dual_reviewed_20260507_152954.csv
bd41a332-aa47-546c-9bb6-df4d42c35249,185,非典型猪瘟病毒感染,swine_hunyuan_turbos,hunyuan-turbos-20250926,成功,,猪,我场有300头育肥猪，平均体重70公斤左右，最近一周陆续出现精神沉郁、体温升高到40℃以上、部分猪食欲下降、个别猪皮肤发红的情况，没有大面积死亡，也没有明显腹泻。之前用过阿莫西林拌料三天，效果不明显。我想知道这种情况是不是非典型猪瘟？应该采哪些样送检测？怎么判断是还是不是？怕误诊耽误防控。,根据描述的发热、精神沉郁、皮肤发红等症状，结合抗生素治疗效果不佳，需考虑病毒性感染的可能，包括非典型猪瘟病毒感染等。该病目前缺乏特异性治疗药物，确诊需依赖实验室检测。,treatment_direction: 无特效抗病毒药物，不建议盲目使用抗生素掩盖病情；可对症支持治疗，如补液、降温、改善饲养管理。；management_measures: 立即隔离可疑病例，减少应激因素，加强通风与卫生消毒，防止继发细菌感染。；sampling_and_testing: 采集发病猪的血液（血清）、扁桃体组织、肺脏及淋巴结样本，送具备资质的实验室进行PCR检测，必要时配合病理学检查。；prohibited_boundaries: 严禁随意使用未经批准的疫苗或药物；若检测结果符合重大动物疫病特征，应立即向当地畜牧兽医部门报告，不得擅自处置。,因无特定药物治疗，不涉及药物休药期问题；若为重大疫病，应按法规要求执行封锁、扑杀等措施。,"{""disease_name"": ""非典型猪瘟病毒感染"", ""severity"": ""中等至严重，视流行情况而定"", ""scene_tags"": [""育肥猪"", ""发热"", ""皮肤发红"", ""抗生素治疗无效"", ""采样送检""], ""validation_points"": [""症状与病毒性感染相符"", ""抗生素无效提示非细菌性病因"", ""建议实验室检测明确诊断""], ""risk_flags"": [""可能为非典型猪瘟病毒感染"", ""存在误诊延误防控风险""], ""case_type"": ""采样送检咨询"", ""target_disease"": ""非典型猪瘟病毒感染"", ""local_flags"": {""species_ok"": true, ""target_disease_in_diagnosis"": true, ""target_disease_mismatch"": false, ""contains_specific_dose"": false, ""contains_specific_withdrawal"": false, ""regulated_bad_treatment"": false}}",False,False,,,True,False,False,D:\XF-ChongQin\ai-\knowledge\llm_wiki_swine_authoritative,1465,887,"非典型猪瘟病毒感染
非典型猪瘟病毒感染、atypical porcine pestivirus pestivirus infections
采样送检咨询
用户描述症状后，重点询问采什么样品、如何判断和如何避免误治。","{""HUMAN_REVIEWED"": 2, ""NEEDS_REVIEW"": 2}","[""SRC-0001"", ""SRC-0031""]",2221,31.35,ERNIE-4.5-Turbo-32K,82,27,18,22,15,False,True,"整体回答质量较高，诊断方向合理，症状与疾病匹配度较高，处理方向安全，但部分细节可优化。
问题：diagnosis_accuracy: 诊断中未明确提及非典型猪瘟病毒感染的特异性症状，如母猪繁殖障碍或仔猪神经症状，仅依赖发热、皮肤发红等非特异性症状，可能导致误诊。；pathology_logic: 病理逻辑部分未详细解释非典型猪瘟与其他病毒性感染（如猪蓝耳病、猪圆环病毒病）的鉴别诊断依据，逻辑链条不够完整。；prescription_safety: 处方中未明确补液、降温的具体措施（如使用何种补液剂、降温药物），可能影响操作安全性。；data_quality: 采样建议中未提及样本保存与运输的具体要求（如温度、时间），可能影响检测结果准确性。",hunyuan-turbos-20250926,80,75,78,85,78,True,False,"该回答在诊断方向上基本合理，考虑了病毒性感染的可能性并提示实验室确诊，处理方案安全且包含必要的生物安全措施，未发现危险用药建议。但在诊断特异性、鉴别诊断逻辑以及采样细节方面存在不足，可能影响现场判断的准确性。
问题：未明确非典型猪瘟的典型临床特征（如母猪繁殖障碍、仔猪神经症状），仅凭非特异性症状推断，易误诊。；缺少与非典型猪瘟相似疾病的鉴别分析，逻辑链条不完整。；采样建议未说明样本保存和运输条件，可能影响检测可靠性。",True,ERNIE-4.5-Turbo-32K,True,review,诊断方向基本合理，考虑了病毒性感染的可能性并提示实验室确诊，处理方案安全且包含必要的生物安全措施，未发现危险用药建议。但诊断中未明确提及非典型猪瘟病毒感染的特异性症状，病理逻辑部分未详细解释非典型猪瘟与其他病毒性感染的鉴别诊断依据，采样建议中未提及样本保存与运输的具体要求，可能影响现场判断的准确性，因此判为review。,78.0,27,18,22,15,review,21.72,18.59,,2,D:\XF-ChongQin\ai-\results\swine_weak_wiki_production\swine_disease_dataset_production_20260507_150711_dual_reviewed_20260507_152954.csv
0af84a87-d2be-5e61-97ed-f05d5ab49fa8,253,猪巨细胞病毒感染,swine_hunyuan_turbos,hunyuan-turbos-20250926,成功,,猪,我家有200头60日龄左右的保育猪，最近一周陆续出现精神沉郁、采食量下降的情况，部分猪有轻微咳嗽，个别拉稀，体温在39℃左右，舍内通风一般，之前用过阿莫西林饮水三天效果不明显，想问下可能是什么问题，该怎么处理？,根据描述的症状（保育猪、精神沉郁、采食下降、轻度呼吸道症状及腹泻）、年龄分布以及治疗效果不佳，考虑可能为病毒性感染，如猪巨细胞病毒感染或其他混合感染。该病为病毒病，常表现为多系统受累，需结合实验室检测确诊。,treatment_direction: 无特效抗病毒药物，以支持疗法为主，改善饲养管理条件，减少应激，提高营养水平。；management_measures: 加强保温与通风平衡，提升猪舍温度以减少代谢消耗；保证清洁饮水和易消化饲料；分群饲养，将明显病态猪与健康猪分开。；sampling_testing: 采集病死猪或典型病例的血液、组织样品送实验室进行PCR检测，明确是否为猪巨细胞病毒感染及其他潜在病原。；prohibited_boundary: 禁止随意使用未经批准的抗病毒药物；发现可疑重大疫病应立即向当地畜牧兽医部门报告，不得擅自销售或转移病猪。,因无特定药物治疗，不涉及药物休药期；若后续使用抗生素，应按兽药说明书执行相应休药期。,"{""disease_name"": ""猪巨细胞病毒感染"", ""severity"": ""中等偏上"", ""scene_tags"": [""保育猪"", ""群体发病"", ""采食下降"", ""呼吸道症状"", ""腹泻""], ""validation_points"": [""症状符合病毒性疾病特征"", ""抗生素治疗无效提示非单纯细菌感染"", ""需通过实验室检测确诊""], ""risk_flags"": [""可能涉及重大动物疫病，需及时送检与报告""], ""case_type"": ""保育猪群体发病"", ""target_disease"": ""猪巨细胞病毒感染"", ""local_flags"": {""species_ok"": true, ""target_disease_in_diagnosis"": true, ""target_disease_mismatch"": false, ""contains_specific_dose"": false, ""contains_specific_withdrawal"": false, ""regulated_bad_treatment"": false}}",False,False,,,True,False,False,D:\XF-ChongQin\ai-\knowledge\llm_wiki_swine_authoritative,1465,887,"猪巨细胞病毒感染
猪巨细胞病毒感染、porcine cytomegalovirus
保育猪群体发病
群体发病、采食下降、粪便或呼吸道异常，用户想知道主要病因和下一步处理。","{""HUMAN_REVIEWED"": 1, ""NEEDS_REVIEW"": 4}","[""SRC-0001"", ""SRC-0006"", ""SRC-0026""]",1958,27.37,ERNIE-4.5-Turbo-32K,82,27,18,23,14,False,True,"整体回答符合猪巨细胞病毒感染的测试要求，诊断方向合理，处理建议安全，但存在部分细节需要优化，如数据质量方面可增加更多具体信息。
问题：诊断准确性方面，虽然考虑了病毒性感染，但未明确提及猪巨细胞病毒感染的特异性症状或与其他类似疾病的鉴别诊断。；病理逻辑方面，对症状与疾病之间的关联解释不够深入，缺乏对疾病发展过程的描述。；处方安全性方面，虽然处理建议安全，但缺乏具体的药物使用指导（如支持疗法中可能使用的药物）。；数据质量方面，症状描述和场景标签较为笼统，缺乏具体的实验室检测数据或更详细的症状记录。",hunyuan-turbos-20250926,80,75,78,85,70,True,False,"该回答在诊断方向上合理，考虑了病毒性感染的可能性并提示送检确认，处理措施安全且包含防疫边界，未出现危险用药建议。但在诊断准确性上缺少对猪巨细胞病毒感染特异性症状的说明，病理逻辑中对症状与疾病关系的解释不足，数据质量方面缺乏更详细的临床和实验室信息支撑。
问题：未明确列出猪巨细胞病毒感染的典型或特异性临床表现，导致诊断针对性不足。；对症状与疾病机制之间的联系解释较浅，缺乏病程发展的分析。；用户提供的症状描述相对笼统，缺少粪便性状、呼吸频率等细节，影响诊断精度。；未提供任何支持疗法的具体药物类别或作用机制示例。",True,ERNIE-4.5-Turbo-32K,True,review,诊断方向合理，考虑了病毒性感染的可能性并提示送检确认，处理措施安全且包含防疫边界，未出现危险用药建议。但诊断准确性上缺少对猪巨细胞病毒感染特异性症状的说明，病理逻辑中对症状与疾病关系的解释不足，数据质量方面缺乏更详细的临床和实验室信息支撑。,78.0,27,18,23,14,review,20.19,18.58,,2,D:\XF-ChongQin\ai-\results\swine_weak_wiki_production\swine_disease_dataset_production_20260507_150711_dual_reviewed_20260507_152954.csv
