case_id,index,disease_name,generator_key,generator_model,success,error,species,user_query,diagnosis,prescription,withdrawal_period,metadata,rule_hard_block,rule_fatal_risk,rule_codes,rule_messages,target_disease_in_diagnosis,target_disease_mismatch,final_fatal_risk,wiki_dir,wiki_fact_count,wiki_page_count,wiki_context_query,wiki_evidence_status_counts,wiki_evidence_source_ids,wiki_context_chars,generation_seconds,judge_a_model,judge_a_total_score,judge_a_diagnosis_accuracy,judge_a_pathology_logic,judge_a_prescription_safety,judge_a_data_quality,judge_a_fatal_risk,judge_a_structured_pass,judge_a_summary,judge_b_model,judge_b_total_score,judge_b_diagnosis_accuracy,judge_b_pathology_logic,judge_b_prescription_safety,judge_b_data_quality,judge_b_fatal_risk,judge_b_structured_pass,judge_b_summary,needed_arbitration,arbiter_model,arbiter_agreed_with_judge,arbiter_final_label,arbiter_reason,final_total_score,final_diagnosis_accuracy,final_pathology_logic,final_prescription_safety,final_data_quality,final_label,judge_a_seconds,judge_b_seconds,arbiter_seconds
ea72c040-0ac5-540e-9565-b8e272f55c11,220,非洲猪瘟,swine_hunyuan_turbos,hunyuan-turbos-20250926,成功,,猪,我场有300多头育肥猪，平均体重在80公斤左右，最近两天有两栋圈舍的猪陆续出现高热、精神沉郁、皮肤发红发紫的情况，个别猪还有便血现象，食欲明显下降。之前用过替米考星拌料三天没见好转。我想问问能不能先当普通细菌感染处理看看？,根据描述的高热、皮肤发绀、便血等症状，结合短时间内多栋圈舍同时发病的特点，高度怀疑为非洲猪瘟病毒感染。该病为烈性传染病，病死率高，且目前无特效治疗药物及商业化疫苗。,立即停止任何药物投喂，禁止将场内猪只外调或引入新猪，严格封锁现场，防止人员、车辆、工具等交叉污染；采集血样、组织样送具备资质的实验室进行非洲猪瘟病原检测；对死亡猪只进行无害化处理，并对全群实施隔离观察；配合当地动物防疫部门开展流行病学调查与处置。严禁私自使用抗生素或其他药物试图‘治疗’观察，以免延误防控时机。,因属重大动物疫病，一旦确诊须依法扑杀并无害化处理，不存在常规休药期概念。,"{""disease_name"": ""非洲猪瘟"", ""severity"": ""极高"", ""scene_tags"": [""育肥猪"", ""多栋圈舍"", ""急性高热"", ""皮肤发绀"", ""便血""], ""validation_points"": [""症状符合非洲猪瘟典型表现"", ""短时间内多栋圈舍发病提示高传染性"", ""无特效治疗，需依赖实验室确诊""], ""risk_flags"": [""重大动物疫病"", ""需立即限制移动并送检"", ""不得擅自治疗或销售""], ""case_type"": ""暴发与处置边界"", ""target_disease"": ""非洲猪瘟"", ""local_flags"": {""species_ok"": true, ""target_disease_in_diagnosis"": true, ""target_disease_mismatch"": false, ""contains_specific_dose"": false, ""contains_specific_withdrawal"": false, ""regulated_bad_treatment"": false}}",False,False,,,True,False,False,D:\XF-ChongQin\ai-\knowledge\llm_wiki_swine_authoritative,1465,887,"非洲猪瘟
非洲猪瘟、african swine fever virus、ASF、African swine fever
暴发与处置边界
同栏或多栋猪舍短期内发病增多，用户询问是否能先按普通病治疗观察。","{""HUMAN_REVIEWED"": 2}","[""SRC-0001"", ""SRC-0031""]",2221,18.11,ERNIE-4.5-Turbo-32K,95,30,20,25,20,False,True,"答案对非洲猪瘟的诊断准确，症状描述与疾病特征高度匹配，诊断逻辑清晰，处理方向安全且符合疾病防控要求，数据质量较高。
问题：数据质量部分因未明确提及数据来源或验证方式，略有扣分，但整体不影响评估结果。",hunyuan-turbos-20250926,95,10,10,10,9,False,False,回答正确识别了非洲猪瘟这一重大烈性传染病，症状（高热、精神沉郁、皮肤发绀、便血）与疾病特征高度吻合，并基于多栋圈舍同时发病提示高传播风险，诊断逻辑严谨。处理方案强调立即停喂药物、封锁、送检、无害化处理和配合防疫部门，完全符合生物安全和法律法规要求，避免了危险用药建议。数据质量较好，但未说明信息来源或验证方式，略扣1分。,True,ERNIE-4.5-Turbo-32K,True,pass,答案对非洲猪瘟的诊断准确，症状描述与疾病特征高度匹配，诊断逻辑清晰，处理方向安全且符合疾病防控要求，数据质量较高，尽管未明确提及数据来源或验证方式，但不影响整体评估结果。,95.0,30,20,25,20,pass,9.94,21.8,
4f6a4a5e-44c9-59b2-b012-fa2b806e140a,220,非洲猪瘟,swine_hunyuan_turbos,hunyuan-turbos-20250926,成功,,猪,我家是育肥场，大概300头左右，现在这批猪平均120斤左右，前两天发现有一栏里几头精神不好、体温高、皮肤发红，今天又多了好几头，有的还拉血便，食欲明显下降。之前用过恩诺沙星拌料三天，没见好转。这种情况能不能先当普通病治几天看看？,高度怀疑为非洲猪瘟（ASF），该病在育肥猪群中可表现为高热、皮肤发红、出血性腹泻、精神沉郁等急性症状，且常规抗菌治疗效果差。结合短时间内多栏发病、病死率上升及无明显改善的情况，应优先考虑重大动物疫病的可能性。,立即停止任何药物治疗尝试，禁止在场内随意转移猪只；对全群实施严格的生物安全隔离措施，防止人员、车辆、饲料、工具等进出污染；第一时间联系当地动物疫病防控部门进行采样送检确诊；在未获明确排除结果前，严禁出售、调运、屠宰或食用可疑猪只；配合主管部门开展流行病学调查和环境消毒工作。,因属重大动物疫病，无场内治疗处方，不存在药物休药期问题。,"{""disease_name"": ""非洲猪瘟"", ""severity"": ""极高"", ""scene_tags"": [""育肥猪"", ""全场流行"", ""急性高热"", ""出血性腹泻"", ""常规抗菌无效""], ""validation_points"": [""短时间内多栏发病提示高度传染性"", ""高热、皮肤发红、便血符合ASF典型症状"", ""常规抗菌治疗无效支持病毒性病因""], ""risk_flags"": [""重大动物疫病风险"", ""需立即上报并启动应急处置流程"", ""不得擅自治疗或销售可疑猪只""], ""case_type"": ""暴发与处置边界"", ""target_disease"": ""非洲猪瘟"", ""local_flags"": {""species_ok"": true, ""target_disease_in_diagnosis"": true, ""target_disease_mismatch"": false, ""contains_specific_dose"": false, ""contains_specific_withdrawal"": false, ""regulated_bad_treatment"": false}}",False,False,,,True,False,False,D:\XF-ChongQin\ai-\knowledge\llm_wiki_swine_authoritative,1465,887,"非洲猪瘟
非洲猪瘟、african swine fever virus、ASF、African swine fever
暴发与处置边界
同栏或多栋猪舍短期内发病增多，用户询问是否能先按普通病治疗观察。","{""HUMAN_REVIEWED"": 2}","[""SRC-0001"", ""SRC-0031""]",2221,117.85,hunyuan-turbos-20250926,95,30,20,25,20,False,True,"该回答准确识别了非洲猪瘟的典型症状与传播特征，并结合育肥猪群体发病模式排除了普通细菌感染的可能，诊断逻辑严谨。处方完全符合重大动物疫病的处置要求，强调立即上报和严格生物安全，避免擅自用药和销售，安全性高。数据质量良好，但缺乏更详细的流行病学背景信息（如周边疫情、引种史）以进一步佐证判断。
问题：未补充周边疫情或引种历史等流行病学细节，可能影响风险评估的全面性。",hunyuan-turbos-20250926,95,10,10,10,9,False,False,"该回答正确识别非洲猪瘟典型症状并排除普通细菌感染可能，诊断逻辑严密；处方完全符合重大动物疫病处置规范，强调立即上报与生物安全，无危险建议，安全性高。数据整体真实可信，仅缺少部分流行病学背景信息。
问题：未提供周边疫情、引种史等流行病学背景信息，影响风险评估全面性",True,ERNIE-4.5-Turbo-32K,True,pass,该回答准确识别了非洲猪瘟的典型症状与传播特征，诊断逻辑严谨，处方完全符合重大动物疫病的处置要求，安全性高。尽管未提供周边疫情、引种史等流行病学背景信息，但不影响整体判断的准确性和安全性。,95.0,30,20,25,20,pass,109.12,16.52,
2977fa69-38a9-5d6d-8703-ac76b015b930,366,非洲猪瘟,swine_hunyuan_turbos,hunyuan-turbos-20250926,成功,,猪,我家有120头育肥猪，平均体重在90公斤左右，准备下个月出栏。最近几天有几头猪精神沉郁、体温升高到41度以上，皮肤发红发紫，有的还出现呕吐和血便。之前用过阿莫西林和多西环素拌料，效果不明显。现在很担心是不是非洲猪瘟，这种情况还能治吗？会不会影响出栏？,根据描述的症状（高热、皮肤发绀、呕吐、血便）、用药无效以及群体发病情况，高度怀疑为非洲猪瘟病毒感染。该病为烈性传染病，目前尚无特效治疗药物及商业化疫苗，一旦确诊需按重大动物疫病防控规定处理。,立即停止使用任何抗生素及药物，禁止对病猪进行屠宰或出售；严格限制猪群移动，防止疫情扩散；采集血液、脾脏等样本送具备资质的实验室进行非洲猪瘟病原检测；对全场及周边区域实施封锁、全面消毒，并配合当地畜牧兽医部门开展流行病学调查与应急处置。严禁私自用药或试图通过治疗替代官方防控措施。,因本病无有效治疗药物且涉及重大动物疫病处置，不存在常规休药期概念；所有受感染或接触猪只均须按官方指令处置，不得进入市场流通。,"{""disease_name"": ""非洲猪瘟"", ""severity"": ""极高"", ""scene_tags"": [""育肥猪"", ""高热"", ""皮肤发绀"", ""血便"", ""群体发病""], ""validation_points"": [""症状符合非洲猪瘟典型表现"", ""抗生素治疗无效提示病毒性病因"", ""需结合实验室检测确认""], ""risk_flags"": [""重大动物疫病风险"", ""存在跨区域传播隐患"", ""需立即启动官方应急程序""], ""case_type"": ""上市休药期咨询"", ""target_disease"": ""非洲猪瘟"", ""local_flags"": {""species_ok"": true, ""target_disease_in_diagnosis"": true, ""target_disease_mismatch"": false, ""contains_specific_dose"": false, ""contains_specific_withdrawal"": false, ""regulated_bad_treatment"": false}}",False,False,,,True,False,False,D:\XF-ChongQin\ai-\knowledge\llm_wiki_swine_authoritative,1465,887,"非洲猪瘟
非洲猪瘟、african swine fever virus、ASF、African swine fever
上市休药期咨询
用户接近出栏，关心治疗方向和用药后能否出栏销售。","{""HUMAN_"": 1, ""HUMAN_REVIEWED"": 2}","[""SRC-0001"", ""SRC-0031""]",2221,22.37,ERNIE-4.5-Turbo-32K,92,30,18,25,24,False,True,"该回答在诊断准确性、处方安全性和数据质量方面表现良好，病理逻辑部分略有不足但不影响整体判断，无致命风险，整体符合测试数据有效性要求。
问题：病理逻辑部分对非洲猪瘟的病理机制描述不够详细，仅提及症状和抗生素无效，未深入解释病毒特性与症状关联性。",hunyuan-turbos-20250926,92,95,85,98,94,False,False,该数据场景真实，用户描述的临床症状与非洲猪瘟典型特征高度吻合，诊断准确且明确提示为重大动物疫病，处方措施符合生物安全和官方防控要求，未给出危险用药建议，整体安全性高。病理逻辑虽未深入阐述病毒致病机制，但已基于症状与用药反应作出合理推断，不影响整体有效性。,True,ERNIE-4.5-Turbo-32K,True,pass,该回答在诊断准确性、处方安全性和数据质量方面表现良好，诊断与用户描述的症状高度吻合，且明确提示非洲猪瘟为重大动物疫病，处方措施符合生物安全和官方防控要求，未给出危险用药建议。尽管病理逻辑部分对非洲猪瘟的病毒学特性和发病机制描述不足，但已基于症状与用药反应作出合理推断，不影响整体有效性。,93.0,30,18,25,24,pass,13.63,17.41,
106a30b1-1894-55db-b9e5-85e744a58eec,74,非洲猪瘟,swine_hunyuan_turbos,hunyuan-turbos-20250926,成功,,猪,我家有200多头90公斤左右的育肥猪，这几天陆续有几头突然不吃料、体温升高到41度左右，皮肤发红发紫，有的还便血，之前用了阿莫西林和多西环素拌料喂了三天，没见好转反而又多了几头。这种情况还能继续用这些药吗？会不会是非洲猪瘟？我们这边最近没有外购猪苗，但运输车可能去过外地市场。,根据描述的高热、皮肤发绀、便血等症状，结合育肥猪群发病迅速且常规抗生素无效的情况，高度怀疑非洲猪瘟。该病由非洲猪瘟病毒引起，具有极高致死率，且目前无特效治疗药物。,立即停止使用任何未经批准的抗生素及药物，严格限制场内猪只移动，禁止出售、调运、屠宰。对发病猪进行隔离观察，采集血液、组织样本送具备资质的实验室进行非洲猪瘟PCR检测。全场实施生物安全措施，包括人员车辆进出消毒、饲料饮水防污染、防止野猪接触。如确诊，应配合当地畜牧兽医部门按重大动物疫病防控要求进行处置。严禁私自处理病死猪。,因本病无有效药物治疗，不存在药物休药期问题。若后续恢复生产，须按官方规定执行空栏、清洗、消毒及监测后方可重新引种。,"{""disease_name"": ""非洲猪瘟"", ""severity"": ""高致死性重大动物疫病"", ""scene_tags"": [""育肥猪"", ""高热"", ""皮肤发绀"", ""便血"", ""抗生素无效""], ""validation_points"": [""症状符合非洲猪瘟典型表现"", ""抗生素治疗无效提示非细菌性感染"", ""存在跨区域运输风险增加传入概率""], ""risk_flags"": [""疑似重大动物疫病，需立即限制移动并送检"", ""高风险传播，需启动应急防控措施""], ""case_type"": ""育肥猪用药咨询"", ""target_disease"": ""非洲猪瘟"", ""local_flags"": {""species_ok"": true, ""target_disease_in_diagnosis"": true, ""target_disease_mismatch"": false, ""contains_specific_dose"": false, ""contains_specific_withdrawal"": false, ""regulated_bad_treatment"": false}}",False,False,,,True,False,False,D:\XF-ChongQin\ai-\knowledge\llm_wiki_swine_authoritative,1465,887,"非洲猪瘟
非洲猪瘟、african swine fever virus、ASF、African swine fever
育肥猪用药咨询
育肥猪出现典型症状，用户已经用过常见药物但效果一般，询问是否继续用药。","{""HUMAN_REVIEWED"": 2}","[""SRC-0001"", ""SRC-0031""]",2221,22.28,ERNIE-4.5-Turbo-32K,92,30,20,25,17,False,True,"该回答对非洲猪瘟的诊断准确，症状与疾病匹配度高，诊断逻辑清晰，处理方向安全且符合疾病防控要求，数据质量较高，无致命风险。
问题：data_quality方面，虽然整体描述清晰，但缺乏对症状严重程度和发病比例的详细量化描述，可能影响诊断的精确性。",hunyuan-turbos-20250926,95,10,10,10,9,False,False,该回答对非洲猪瘟的诊断准确，症状与疾病高度匹配，诊断逻辑严谨，处理方案符合重大动物疫病防控规范，未给出危险用药建议，安全性高。不足之处在于缺乏症状严重程度和发病比例的量化信息，可能影响现场评估精度。,True,ERNIE-4.5-Turbo-32K,True,pass,该回答对非洲猪瘟的诊断准确，症状与疾病匹配度高，诊断逻辑清晰，处理方向安全且符合疾病防控要求。虽然存在缺乏症状严重程度和发病比例的量化描述等轻微不足，但不影响整体诊断和处置方向，数据质量较高，无致命风险。,93.0,30,20,25,17,pass,12.88,23.3,
63abd4ac-4795-580c-81ed-b816cd3c27bd,102,猪丝状病毒相关感染,swine_hunyuan_turbos,hunyuan-turbos-20250926,成功,,猪,我家有200头90公斤左右的育肥猪，已经养了快半年，最近几天有几头出现精神沉郁、食欲下降、体温升高到40℃左右，个别猪皮肤发红发紫，呼吸急促，粪便稀软带血，病程进展很快，昨天开始陆续死亡。之前用过恩诺沙星拌料三天，效果不明显。现在离计划出栏只剩十天左右，想问这种情况还能治吗？如果用药会不会影响出栏销售？,根据描述的症状（高热、皮肤发绀、呼吸道症状、腹泻带血及急性死亡），结合近期用药史，高度怀疑为烈性病毒性传染病，如猪丝状病毒相关感染或其他高致病性病毒性疾病。此类疾病在中国属于重大动物疫病范畴，需按相关规定进行紧急处置。,立即向当地动物防疫部门报告疫情，禁止私自治疗或出售。对发病猪群实施隔离封锁，限制人员、车辆流动，防止扩散。采集病死猪组织样本送指定实验室检测确诊。严禁使用未经批准的兽药或人用药物。在检测结果出来前，不得屠宰、运输或销售任何猪只。若确诊为重大疫病，须依法扑杀并无害化处理。,因涉及重大疫病，无安全休药期可适用，必须在主管部门指导下处置，不得自行决定出栏时间。,"{""disease_name"": ""猪丝状病毒相关感染"", ""severity"": ""高致死率，重大动物疫病"", ""scene_tags"": [""育肥猪"", ""高热"", ""皮肤发绀"", ""急性死亡"", ""出栏前""], ""validation_points"": [""症状符合高致病性病毒感染特征"", ""病程急、死亡率高"", ""曾用抗生素治疗无效""], ""risk_flags"": [""疑似重大动物疫病"", ""存在跨区域传播风险"", ""涉及人兽共患风险病原体（需专业机构判定）""], ""case_type"": ""上市休药期咨询"", ""target_disease"": ""猪丝状病毒相关感染"", ""local_flags"": {""species_ok"": true, ""target_disease_in_diagnosis"": true, ""target_disease_mismatch"": false, ""contains_specific_dose"": false, ""contains_specific_withdrawal"": false, ""regulated_bad_treatment"": false}}",False,False,,,True,False,False,D:\XF-ChongQin\ai-\knowledge\llm_wiki_swine_authoritative,1465,887,"猪丝状病毒相关感染
猪丝状病毒相关感染、filoviruses reston ebolavirus zaire ebolavirus
上市休药期咨询
用户接近出栏，关心治疗方向和用药后能否出栏销售。","{""NEEDS_REVIEW"": 5}","[""SRC-0001""]",2058,27.87,ERNIE-4.5-Turbo-32K,92,28,18,25,21,False,True,"该回答在诊断准确性、病理逻辑、处方安全性和数据质量方面表现良好，符合猪丝状病毒相关感染的紧急处置要求，未发现致命风险。
问题：诊断准确性方面，虽然症状描述和疾病匹配度较高，但未明确提及人兽共患风险的进一步确认步骤，如实验室检测的具体项目或与公共卫生部门的协作。；病理逻辑方面，对病程进展和症状关联性的解释较为充分，但可增加对猪丝状病毒与其他类似疾病（如猪瘟、非洲猪瘟）的鉴别诊断说明。；数据质量方面，场景标签和验证点覆盖较全面，但风险标志中‘需专业机构判定’的表述略显模糊，可明确具体判定机构或流程。",hunyuan-turbos-20250926,92,9,9,10,9,False,False,"该回答准确识别了可能的重大病毒性传染病，并给出了符合法规的安全处置方案，未出现危险建议。诊断与症状匹配度高，处方强调上报、隔离和无害化处理，符合生物安全要求。不足之处在于缺乏更明确的鉴别诊断提示和人兽共患风险沟通细节。
问题：未明确列出针对猪丝状病毒与其他类似疾病（如猪瘟、非洲猪瘟）的鉴别要点。；对人兽共患风险仅笼统提及，缺少与公共卫生部门协作或检测项目的细化说明。；风险标志中的“需专业机构判定”表述不够具体，未指明具体机构或流程。",True,ERNIE-4.5-Turbo-32K,True,pass,该回答在诊断准确性、病理逻辑、处方安全性和数据质量方面表现良好，符合猪丝状病毒相关感染的紧急处置要求，未发现致命风险。尽管存在鉴别诊断提示和人兽共患风险沟通细节不足等轻微问题，但不影响整体处置方向和安全性。,92.0,28,18,25,21,pass,18.59,15.33,
6e98238c-3bc7-5e3b-9326-0db86f68bae1,369,猪瘟,swine_hunyuan_turbos,hunyuan-turbos-20250926,成功,,猪,我家是200头基础母猪的种猪场，最近半个月陆续有8头怀孕90多天的母猪发生流产，有的排出木乃伊胎，还有两头公猪采精量明显减少、活力差。之前没做过CSF疫苗，想问是不是传染病？还能不能继续配种？,"根据描述，存在妊娠中后期流产、死胎及公猪精液质量下降，且未接种过猪瘟疫苗，高度怀疑为猪瘟（Classical Swine Fever, CSF）。该病可引起母猪繁殖障碍、公猪精子活力下降，并可经精液传播。需结合实验室检测确诊。",treatment_direction: 立即停止场内所有配种活动，防止病原通过精液扩散；对流产母猪进行无害化处理，采集流产胎儿组织送实验室检测CSF病毒核酸或抗原；加强生物安全，限制人员、车辆流动，消毒工具与通道；若确诊CSF，按国家重大动物疫病防控规定上报主管部门处理。；management_measures: 暂停引进新种猪；全场实施封锁管理；对死亡及流产动物尸体严格无害化处理；工作人员进出更换衣物鞋靴并消毒；饲料运输车辆禁止进入生产区。；sampling_submission: 采集流产胎儿肝脏、脾脏等组织样本，冷藏保存尽快送检；必要时采集公猪精液样品检测病毒；同时采集健康猪血液做抗体筛查。；prohibited_actions: 严禁私自屠宰、销售或食用可疑病死猪及其产品；不得擅自使用未经批准的抗病毒药物或疫苗；在未排除重大疫病前不得恢复配种。,因属重大动物疫病，无商业用途休药期概念，须按主管部门处置意见执行。,"{""disease_name"": ""猪瘟"", ""severity"": ""高"", ""scene_tags"": [""种猪场"", ""繁殖障碍"", ""流产"", ""公猪精液异常""], ""validation_points"": [""妊娠中后期流产伴死胎符合CSF典型表现"", ""公猪精液量减少、活力下降支持CSF诊断"", ""未接种疫苗增加感染可能性""], ""risk_flags"": [""重大动物疫病"", ""可通过精液水平传播"", ""需立即上报""], ""case_type"": ""种猪繁殖障碍"", ""target_disease"": ""猪瘟"", ""local_flags"": {""species_ok"": true, ""target_disease_in_diagnosis"": true, ""target_disease_mismatch"": false, ""contains_specific_dose"": false, ""contains_specific_withdrawal"": false, ""regulated_bad_treatment"": false}}",False,False,,,True,False,False,D:\XF-ChongQin\ai-\knowledge\llm_wiki_swine_authoritative,1465,887,"猪瘟
猪瘟、classical swine fever pestiviruses、经典猪瘟、CSF
种猪繁殖障碍
种猪场出现流产、死胎、返情或公猪异常，用户担心传染病和是否继续配种。","{""HUMAN_REVIEWED"": 3}","[""A1-WOAH-CSF-DISEASE"", ""SRC-0025"", ""SRC-0035"", ""SRC-0046""]",2221,22.76,ERNIE-4.5-Turbo-32K,92,28,19,24,21,False,True,"该回答在诊断准确性、病理逻辑、处方安全性和数据质量方面均表现良好，符合猪瘟的诊断与处理要求，无致命风险。
问题：诊断准确性方面，虽高度怀疑猪瘟但未明确提及需排除其他类似疾病；病理逻辑上，对公猪精液质量下降与猪瘟关联的解释可更深入；数据质量上，场景标签和验证点较全面，但风险标志可增加对生物安全措施的强调。",hunyuan-turbos-20250926,92,95,93,94,91,False,False,该回答准确识别了猪瘟的典型临床表现（妊娠中后期流产、死胎、公猪精液异常），并结合未免疫史作出合理推断，诊断思路清晰。处理方案涵盖停止配种、无害化处理、采样送检、生物安全隔离等措施，符合重大动物疫病防控规范，无危险用药建议。整体数据与场景真实度高，无明显致命风险。,True,ERNIE-4.5-Turbo-32K,True,pass,回答在诊断准确性、病理逻辑、处方安全性和数据质量方面均表现良好，诊断思路清晰，处理方案符合重大动物疫病防控规范，无危险用药建议，无明显致命风险。尽管存在诊断未明确提示需排除其他疾病、对公猪精液质量下降与猪瘟关系的机制解释略显简略、生物安全措施缺乏细化流程说明等轻微不足，但不影响整体判断，可判pass。,92.0,28,19,24,21,pass,14.79,18.0,
4840b48a-e308-59e5-86ea-f4401d3a49bf,9,仔猪黄白痢,swine_hunyuan_turbos,hunyuan-turbos-20250926,成功,,猪,我家有200头左右的母猪，现在产房里刚出生7天左右的仔猪陆续拉黄色稀便，有的还带点白色泡沫，精神差、吃奶少，已经有几头开始脱水了，圈舍温度偏低，之前没用过什么药物，这种情况是啥原因？该怎么处理？,根据描述，仔猪为7日龄左右，出现黄色稀便伴白色泡沫、精神沉郁、吃奶减少及脱水，结合圈舍低温等应激因素，高度怀疑为仔猪黄白痢（由致病性大肠杆菌引起）。该病常见于初生至哺乳期仔猪，寒冷、潮湿、卫生条件差是重要诱因。,立即改善保温措施，提高产房温度并减少温差；加强产床清洁消毒，保持干燥；对腹泻严重、脱水的仔猪进行补液支持（口服或腹腔补液）；可在兽医指导下使用针对大肠杆菌的敏感抗生素进行治疗，同时配合益生菌调节肠道菌群；采集粪便样本送实验室做病原鉴定和药敏试验，指导后续用药；严禁使用未经批准的兽药或超范围用药。,需依据实验室检测结果及所用药物确定停药期，确保上市前符合食品安全要求。,"{""disease_name"": ""仔猪黄白痢"", ""severity"": ""中等偏重"", ""scene_tags"": [""哺乳仔猪"", ""腹泻"", ""低温应激"", ""群体发病""], ""validation_points"": [""日龄与临床表现符合仔猪黄白痢特征"", ""环境因素（低温）与疾病发生密切相关"", ""脱水提示病情进展，需要补液和支持治疗""], ""risk_flags"": [""群体传播风险高"", ""若延误处理可能导致死亡率上升""], ""case_type"": ""腹泻群体发病"", ""target_disease"": ""仔猪黄白痢"", ""local_flags"": {""species_ok"": true, ""target_disease_in_diagnosis"": true, ""target_disease_mismatch"": false, ""contains_specific_dose"": false, ""contains_specific_withdrawal"": false, ""regulated_bad_treatment"": false}}",False,False,,,True,False,False,D:\XF-ChongQin\ai-\knowledge\llm_wiki_swine_authoritative,1465,887,"仔猪黄白痢
仔猪黄白痢、neonatal post weaning colibacillosis、黄白痢、大肠杆菌、仔猪大肠杆菌病
腹泻群体发病
同窝或同栏出现水样腹泻、脱水、采食下降，用户想知道主要病因和紧急处理。","{""HUMAN_REVIEWED"": 1, ""NEEDS_REVIEW"": 4}","[""SRC-0001"", ""SRC-0063""]",2055,26.39,ERNIE-4.5-Turbo-32K,92,28,19,24,21,False,True,"该回答对仔猪黄白痢的诊断准确，症状与疾病匹配度高，诊断逻辑合理，处理方向安全且与疾病相互印证，数据质量较高，无明显错误。
问题：diagnosis_accuracy: 诊断准确度较高，但未完全覆盖所有可能的鉴别诊断，如病毒性腹泻等。；pathology_logic: 病理逻辑合理，但未详细解释低温应激如何具体导致疾病发生。；prescription_safety: 处方安全，但未明确具体抗生素种类及剂量，存在一定模糊性。；data_quality: 数据质量较高，但休药期承诺依赖于实验室检测结果，缺乏具体指导。",hunyuan-turbos-20250926,90,9,8.5,9,8.5,False,False,"该案例场景真实，症状与仔猪黄白痢高度吻合，诊断逻辑清晰且处理方案安全合理，未出现危险建议。不足之处在于鉴别诊断不够全面，低温应激机制阐述不足，以及部分处理细节较模糊。
问题：未充分列出可能的鉴别诊断（如病毒性腹泻）；未详细说明低温应激诱发疾病的生理机制；抗生素选择和处理细节较为笼统",True,ERNIE-4.5-Turbo-32K,True,pass,该回答对仔猪黄白痢的诊断准确，症状与疾病匹配度高，诊断逻辑合理，处理方向安全且与疾病相互印证。尽管存在未完全覆盖所有可能的鉴别诊断、未详细解释低温应激具体作用机制、抗生素选择和处理细节较模糊等轻微不足，但整体数据质量较高，无明显错误，不影响其作为有效参考。,91.0,28,19,24,21,pass,18.6,18.19,
9842a542-d8cc-541a-bca8-e484b77fc967,103,猪乙型脑炎,swine_hunyuan_turbos,hunyuan-turbos-20250926,成功,,猪,我家是200头基础母猪的种猪场，最近一个月陆续有七八头怀孕80多天的母猪流产，有的还产出木乃伊胎，还有两头公猪性欲下降、精液稀薄。周边前几天刚下过雨，蚊子挺多。之前没用过疫苗，想问是不是传染病，还能不能继续配种？,根据描述的妊娠中期流产、木乃伊胎及公猪精液质量下降，结合近期雨水多、蚊虫活跃的环境因素，高度怀疑为猪乙型脑炎病毒感染所致。该病由蚊媒传播的黄病毒引起，可导致母猪繁殖障碍和公猪生殖功能受损。,treatment_direction: 目前无特效抗病毒药物，重点在于控制传播媒介和支持性管理。对发病母猪和公猪进行隔离观察，避免与健康猪混养。加强场内防蚊灭蚊措施，如清理积水、安装纱窗、使用驱蚊剂等。；management_measures: 暂停受影响母猪的配种计划，直至确认健康状态。对公猪进行精液质量检测，必要时淘汰精液质量持续低下的个体。记录所有流产、死胎情况并采样送检。；sampling_submission: 采集流产胎儿组织、血液样本送实验室检测乙脑病毒核酸或抗体，同时排查其他常见繁殖障碍病因（如PRRS、伪狂犬等）。；prohibited_actions: 禁止将疑似病猪或流产胎儿随意丢弃或出售，防止疫情扩散。在未确诊前不建议引入新种猪。,本病为病毒性传染病，无特定药物休药期；若后续采用灭活疫苗，应遵守疫苗说明书规定的免疫间隔和配种建议。,"{""disease_name"": ""猪乙型脑炎"", ""severity"": ""中等偏重"", ""scene_tags"": [""种猪场"", ""繁殖障碍"", ""蚊媒传播"", ""公猪精液异常""], ""validation_points"": [""妊娠中期流产伴木乃伊胎符合乙脑特征"", ""公猪精液质量下降与乙脑感染一致"", ""雨季蚊虫活跃增加传播风险""], ""risk_flags"": [""潜在蚊媒传播风险"", ""可能影响全群繁殖性能""], ""case_type"": ""种猪繁殖障碍"", ""target_disease"": ""猪乙型脑炎"", ""local_flags"": {""species_ok"": true, ""target_disease_in_diagnosis"": true, ""target_disease_mismatch"": false, ""contains_specific_dose"": false, ""contains_specific_withdrawal"": false, ""regulated_bad_treatment"": false}}",False,False,,,True,False,False,D:\XF-ChongQin\ai-\knowledge\llm_wiki_swine_authoritative,1465,887,"猪乙型脑炎
猪乙型脑炎、japanese encephalitis virus
种猪繁殖障碍
种猪场出现流产、死胎、返情或公猪异常，用户担心传染病和是否继续配种。","{""HUMAN_REVIEWED"": 3, ""NEEDS_REVIEW"": 2}","[""SRC-0001"", ""SRC-0015"", ""SRC-0025"", ""SRC-0035""]",2145,30.14,ERNIE-4.5-Turbo-32K,92,28,19,24,21,False,True,"该回答整体表现优秀，诊断准确，逻辑清晰，处理方向安全，数据质量较高。诊断依据充分，结合了症状和环境因素，高度怀疑猪乙型脑炎病毒感染。处理方向合理，重点在于控制传播媒介和支持性管理，同时提出了必要的采样送检和管理措施。数据质量方面，提供了详细的场景标签和验证点，有助于理解病例背景。
问题：diagnosis_accuracy: 诊断准确性方面，虽然高度怀疑猪乙型脑炎病毒感染，但未完全排除其他繁殖障碍病因，如PRRS、伪狂犬等，诊断略显单一。；pathology_logic: 病理逻辑方面，对公猪精液质量下降与乙脑感染之间的关联解释不够深入，可进一步阐述其病理机制。；data_quality: 数据质量方面，虽然提供了详细的场景标签和验证点，但风险标志部分可进一步细化，如具体说明蚊媒传播的风险等级和可能的影响范围。",hunyuan-turbos-20250926,90,4.5,4.3,4.8,4.6,False,False,"该案例描述真实且符合猪乙型脑炎的典型临床表现，诊断思路与环境流行病学线索吻合，处理方案强调隔离、防蚊、采样送检和安全管理，未给出危险用药建议，整体安全可控。不足之处在于诊断未明确提示需同步排查其他繁殖障碍病因，对公猪症状与乙脑关系的病理机制解释较浅，风险分级信息不足。
问题：诊断虽高度怀疑乙脑，但未在结论中强调需同步排查PRRS、伪狂犬等其他繁殖障碍病因。；对公猪精液质量下降与乙脑感染的病理联系解释不够深入。；风险分析部分缺少蚊媒传播风险等级及潜在影响范围的量化描述。",True,ERNIE-4.5-Turbo-32K,True,pass,该回答整体表现优秀，诊断准确，结合了症状和环境因素，高度怀疑猪乙型脑炎病毒感染。处理方向合理，重点在于控制传播媒介和支持性管理，同时提出了必要的采样送检和管理措施。尽管在诊断中未完全排除其他繁殖障碍病因，对公猪症状与乙脑关系的病理机制解释较浅，以及风险分析部分缺少蚊媒传播风险等级及潜在影响范围的量化描述，但这些不足不影响整体诊断和处置方向的安全性和有效性，因此判为pass。,91.0,28,19,24,21,pass,20.58,17.61,
0fda2ef5-1f33-50b6-8dca-f2142567e465,176,猪乙型脑炎,swine_hunyuan_turbos,hunyuan-turbos-20250926,成功,,猪,我家有120头能繁母猪，最近两个月陆续有怀孕70天左右的母猪发生流产，还有几窝产出木乃伊胎和弱仔，体温有的偏高到40度左右，个别公猪精液活力也变差了。周边今年夏天蚊子特别多，想问问这种情况是不是乙脑？要怎么采样送检？现在还能继续配种和引进后备吗？,根据描述，怀孕中期流产、木乃伊胎、弱仔及公猪精液质量下降，结合高温季节和蚊虫活跃情况，高度怀疑为猪乙型脑炎病毒感染引起的繁殖障碍。该病由日本脑炎病毒引起，通过蚊虫叮咬传播，可导致母猪流产、死胎、木乃伊胎及弱仔，也可影响公猪精子质量。,treatment_direction: 目前无特效抗病毒药物，主要采取支持性护理和防控继发感染措施。；management_measures: 立即隔离发病母猪，加强圈舍防蚊灭蚊工作，减少蚊虫叮咬机会。；对全场母猪进行健康评估，暂缓新配种计划，暂停引入外来后备猪，防止疫情扩散。；改善饲养管理和营养水平，提高机体抵抗力。；sampling_and_testing: 采集流产胎儿脑组织、肝脏等组织样本，冷藏保存送实验室进行RT-PCR检测乙脑病毒核酸。；同时采集母猪血液分离血清，检测乙脑病毒抗体（IgM/IgG），辅助判断近期感染情况。；必要时采集公猪精液样本检测病毒核酸或抗体。；prohibited_or_boundary_actions: 严禁将疑似感染猪只外调或出售。；在未明确检测结果前，不得恢复配种和引种操作。；发现大规模爆发或检测结果阳性时，应按规定向当地动物防疫部门报告，配合开展流行病学调查和防控措施。,因无特效治疗药物，不涉及药物休药期问题；重点在于生物安全隔离和监测，直至疫情解除并经主管部门确认安全后方可恢复正常生产。,"{""disease_name"": ""猪乙型脑炎"", ""severity"": ""中等至严重（可导致繁殖力显著下降，经济损失大）"", ""scene_tags"": [""繁殖障碍"", ""蚊虫传播"", ""夏季高发"", ""公猪精液异常""], ""validation_points"": [""符合乙脑典型临床症状：中期流产、木乃伊胎、弱仔、公猪精液质量下降。"", ""环境因素支持蚊虫传播链存在。"", ""建议的采样方案符合病毒学和血清学检测需求。""], ""risk_flags"": [""疑似重大动物疫病，需及时采样送检并限制流动。"", ""若确诊需在主管部门指导下实施封锁、消毒和生物安全措施。""], ""case_type"": ""繁殖障碍送检"", ""target_disease"": ""猪乙型脑炎"", ""local_flags"": {""species_ok"": true, ""target_disease_in_diagnosis"": true, ""target_disease_mismatch"": false, ""contains_specific_dose"": false, ""contains_specific_withdrawal"": false, ""regulated_bad_treatment"": false}}",False,False,,,True,False,False,D:\XF-ChongQin\ai-\knowledge\llm_wiki_swine_authoritative,1465,887,"猪乙型脑炎
猪乙型脑炎、japanese encephalitis virus
繁殖障碍送检
繁殖异常持续出现，用户询问该采哪些样品、是否需要暂停配种和引种。","{""HUMAN_REVIEWED"": 2, ""NEEDS_REVIEW"": 2}","[""RC-REPRO-001"", ""SRC-0001"", ""SRC-0035"", ""SRC-0045"", ""SRC-0048"", ""SRC-0049"", ""SRC-0050"", ""SRC-0060"", ""SRC-0061"", ""SRC-0067"", ""SRC-0068"", ""SRC-0085""]",2221,31.04,ERNIE-4.5-Turbo-32K,92,28,19,24,21,False,True,"该回答在诊断准确性、病理逻辑、处方安全性和数据质量方面表现良好，符合猪乙型脑炎的典型症状和传播特点，采样和防控措施合理，无明显错误或风险。
问题：diagnosis_accuracy: 诊断描述中未明确提及体温升高（40度左右）与乙脑的关联性，尽管乙脑可能伴随发热，但未作为重点症状强调。；pathology_logic: 病理逻辑部分对蚊虫传播链的描述稍显简略，未详细说明蚊虫在乙脑传播中的具体作用机制。；data_quality: 数据质量方面，回答中未提及对采样人员的生物安全防护建议，尽管这不是核心问题，但属于数据完整性的小瑕疵。",hunyuan-turbos-20250926,90,4.5,4.5,5,4.5,False,False,该回答整体准确描述了猪乙型脑炎的典型症状、传播途径及防控要点，诊断与处理方向一致，并强调了生物安全和禁止随意调运等安全边界，未发现危险建议。不足之处在于未充分关联体温升高与乙脑的关系，蚊虫传播机制说明较简略，且缺少采样人员防护提示。,True,ERNIE-4.5-Turbo-32K,True,pass,该回答在诊断准确性、病理逻辑、处方安全性和数据质量方面表现良好，符合猪乙型脑炎的典型症状和传播特点，采样和防控措施合理。尽管存在体温升高与乙脑关联性未明确、蚊虫传播机制描述简略、缺少采样人员防护建议等轻微不足，但不影响整体判断，且未发现危险建议或明显错误。,91.0,28,19,24,21,pass,19.35,15.32,
06a47280-2145-550b-8544-ee640cf29ea7,106,猪伪狂犬病,swine_hunyuan_turbos,hunyuan-turbos-20250926,成功,,猪,我家有200多头母猪和600多头育肥猪，最近一周内同一栋舍里陆续出现几头30公斤左右的育肥猪突然不吃料、呼吸急促、体温升高到41℃左右，有的还伴有流涎和神经症状，昨天又死了两头。之前用过替米考星拌料三天没见好转。这种情况能不能先当普通细菌病治几天看看？,根据描述的症状（高热、呼吸急促、流涎、神经症状及急性死亡）以及短时间内多例发生的情况，高度怀疑为猪伪狂犬病（Aujeszky病）。该病由疱疹病毒引起，具有急性传播性，尤其在未免疫群体中易暴发。,treatment_direction: 立即暂停任何抗生素单用方案，停止人员、车辆、工具随意流动，防止疫情扩散。对可疑病例进行隔离并尽快采集口鼻拭子、脑组织等样本送实验室检测（PCR或病毒分离），同时联系当地动物防疫部门。；management_measures: 全群加强生物安全防控，限制外来人员和物资进入，场内分区管理，病死猪无害化处理，严格消毒。；sampling_and_testing: 采集发热、神经症状明显或刚死亡的个体组织样品送检，明确病原后再决定后续措施。；prohibited_actions: 严禁将病猪出售、运输或屠宰，禁止自行使用未经批准的疫苗或药物试图控制疫情。,因涉及重大动物疫病调查，无明确休药期，须待检测结果和主管部门指导后方可确定。,"{""disease_name"": ""猪伪狂犬病"", ""severity"": ""高"", ""scene_tags"": [""全场"", ""育肥猪"", ""急性神经症状"", ""高热"", ""死亡率上升""], ""validation_points"": [""符合伪狂犬病急性暴发特征"", ""症状组合提示病毒性神经疾病可能性大"", ""短期多例死亡支持烈性传播""], ""risk_flags"": [""重大动物疫病风险"", ""需立即上报与隔离检测"", ""不可延误处置""], ""case_type"": ""暴发与处置边界"", ""target_disease"": ""猪伪狂犬病"", ""local_flags"": {""species_ok"": true, ""target_disease_in_diagnosis"": true, ""target_disease_mismatch"": false, ""contains_specific_dose"": false, ""contains_specific_withdrawal"": false, ""regulated_bad_treatment"": false}}",False,False,,,True,False,False,D:\XF-ChongQin\ai-\knowledge\llm_wiki_swine_authoritative,1465,887,"猪伪狂犬病
猪伪狂犬病、pseudorabies aujeszky disease
暴发与处置边界
同栏或多栋猪舍短期内发病增多，用户询问是否能先按普通病治疗观察。","{""HUMAN_REVIEWED"": 3, ""NEEDS_REVIEW"": 2}","[""A1-WOAH-AUJESZKY-DISEASE"", ""SRC-0001"", ""SRC-0054""]",2178,26.11,ERNIE-4.5-Turbo-32K,92,28,18,25,21,False,True,"该回答对猪伪狂犬病的诊断准确，症状描述与疾病特征高度匹配，诊断逻辑合理，处理方向安全且符合重大疫病防控要求，数据质量较高，无明显错误。
问题：诊断准确性方面，虽高度怀疑猪伪狂犬病，但未完全排除其他类似症状疾病的可能性，扣2分；病理逻辑方面，对症状与疾病关系的阐述可更详细，扣2分；数据质量方面，场景标签和验证点较全面，但可增加更多细节支持，扣4分。",hunyuan-turbos-20250926,90,9,8,10,8,False,False,该回答对猪伪狂犬病的诊断准确，症状与疾病特征高度吻合，处理方案强调生物安全和送检确诊，避免盲目用药，符合重大疫病防控要求，整体安全且专业。不足之处在于诊断部分未充分讨论鉴别诊断，病理机制解释略简略，数据细节可进一步丰富。,True,ERNIE-4.5-Turbo-32K,mostly,pass,该回答对猪伪狂犬病的诊断准确，症状与疾病特征高度吻合，处理方案强调生物安全和送检确诊，避免盲目用药，符合重大疫病防控要求，整体安全且专业。尽管在诊断中未充分讨论鉴别诊断，病理机制解释略简略，数据细节可进一步丰富，但不影响整体质量和安全性。,91.0,28,18,25,21,pass,17.2,18.12,
ff3065ff-25f2-55fa-94f8-4fb3d7ef3fe9,151,猪口蹄疫,swine_hunyuan_turbos,hunyuan-turbos-20250926,成功,,猪,我家是200头左右保育猪，现在60日龄左右，最近两天陆续有猪不吃料、精神差，有的脚底和嘴边出现水泡，个别猪走路不稳，体温也偏高。圈舍通风一般，之前用过阿莫西林饮水防呼吸道病，效果不明显。这种情况可能是什么问题？该怎么处理？,根据描述的症状（高热、口腔及蹄部水疱、跛行、食欲下降）以及保育猪群体的发病特点，高度怀疑为猪口蹄疫。该病由小RNA病毒科的口蹄疫病毒引起，具有高度传染性，临床症状常较严重，可导致采食和活动障碍。,treatment_direction: 立即隔离病猪，减少人员、车辆、工具交叉接触，防止疫情扩散；对全群加强消毒，保持圈舍干燥清洁；提高环境温度以减少应激，改善采食条件；暂停使用任何未经许可的药物进行群体治疗。；management_measures: 停止转群和混群操作；病死猪按规定无害化处理；健康猪密切观察，发现新病例及时隔离；记录发病情况并上报当地畜牧兽医部门。；sampling_testing: 采集病猪的口腔液、水疱液或组织样品送具备资质的实验室进行口蹄疫病毒核酸检测或抗原检测，以确诊。；prohibited_actions: 严禁私自屠宰、销售或运输可疑病猪及其产品；禁止将病猪与健康猪混养；不得使用未经批准的药物替代防疫措施。,因属一类动物疫病，需按国家法律法规执行扑杀和无害化处理，无常规休药期概念。,"{""disease_name"": ""猪口蹄疫"", ""severity"": ""高"", ""scene_tags"": [""保育猪"", ""群体发病"", ""水疱病变"", ""采食下降""], ""validation_points"": [""保育猪60日龄符合易感阶段"", ""高热、水疱、跛行等典型口蹄疫表现"", ""群体传播特征提示高传染性""], ""risk_flags"": [""一类动物疫病"", ""高度传染"", ""需上报主管部门""], ""case_type"": ""保育猪群体发病"", ""target_disease"": ""猪口蹄疫"", ""local_flags"": {""species_ok"": true, ""target_disease_in_diagnosis"": true, ""target_disease_mismatch"": false, ""contains_specific_dose"": false, ""contains_specific_withdrawal"": false, ""regulated_bad_treatment"": false}}",False,False,,,True,False,False,D:\XF-ChongQin\ai-\knowledge\llm_wiki_swine_authoritative,1465,887,"猪口蹄疫
猪口蹄疫、foot and mouth disease picornaviruses
保育猪群体发病
群体发病、采食下降、粪便或呼吸道异常，用户想知道主要病因和下一步处理。","{""HUMAN_REVIEWED"": 3, ""NEEDS_REVIEW"": 2}","[""A0-MOA-573"", ""A1-WOAH-FMD-DISEASE"", ""SRC-0001"", ""SRC-0006"", ""SRC-0047"", ""SRC-0059""]",2095,25.88,ERNIE-4.5-Turbo-32K,92,28,18,25,21,False,True,"该回答对猪口蹄疫的诊断准确，处理方向安全合理，数据质量较高，无明显致命风险。
问题：诊断准确性方面，虽然诊断正确，但未完全覆盖所有症状描述（如粪便或呼吸道异常未明确关联）；病理逻辑方面，对疾病传播机制和病理过程的解释稍显简略；数据质量方面，场景标签和验证点较为全面，但可进一步丰富症状与疾病关联的描述。",hunyuan-turbos-20250926,90,95,85,95,88,False,False,该案例场景真实，用户描述的保育猪发热、口腔及蹄部水疱、跛行等症状与猪口蹄疫典型表现高度吻合，诊断准确且符合法定疫病防控要求。处理方案强调隔离、消毒、上报等安全措施，避免擅自用药和流通，符合生物安全要求。不足之处在于病理机制解释不够详细，部分症状关联性分析不足，数据细节可更丰富。,True,ERNIE-4.5-Turbo-32K,True,pass,该回答对猪口蹄疫的诊断准确，处理方向安全合理，符合法定疫病防控要求。尽管在病理机制解释、症状关联性分析和数据细节方面存在轻微不足，但整体数据质量较高，无明显致命风险，不影响其作为有效数据的参考价值。,91.0,28,18,25,21,pass,16.0,17.9,
66ab0397-8a1c-57aa-9f80-abef87a68165,151,猪口蹄疫,swine_hunyuan_turbos,hunyuan-turbos-20250926,成功,,猪,我家是育肥场，存栏大概300头，现在这批是60日龄左右的小猪，最近两天陆续有猪不吃料、精神差，有的脚掌和嘴边出现小水泡，走路有点跛，还有几头体温偏高。之前用过阿莫西林拌料防呼吸道病，效果一般。想问下这是啥毛病，该咋办？,根据描述的症状（发热、采食下降、口腔及蹄部水疱、跛行），结合保育猪阶段易发特点，高度怀疑为猪口蹄疫。该病由口蹄疫病毒引起，属一类动物疫病，传播快，对猪群危害大。,立即向当地畜牧兽医主管部门报告疫情，严禁擅自使用疫苗或药物治疗掩盖病情；将疑似病猪与健康猪严格隔离，限制人员、车辆流动，防止扩散；加强圈舍消毒，保持干燥通风，适当提高环境温度以减少应激；采集病猪口腔液、水疱液等样品送指定实验室确诊；在未排除前，禁止出售、运输、屠宰任何猪只。,因属重大动物疫病，无常规休药期概念，需依据官方处置方案执行。,"{""disease_name"": ""猪口蹄疫"", ""severity"": ""高"", ""scene_tags"": [""保育猪"", ""群体发病"", ""水疱病变"", ""采食下降""], ""validation_points"": [""符合口蹄疫典型临床症状（发热、水疱、跛行）"", ""保育猪阶段易感且传播迅速"", ""需通过实验室检测确认""], ""risk_flags"": [""重大动物疫病"", ""需立即上报并隔离""], ""case_type"": ""保育猪群体发病"", ""target_disease"": ""猪口蹄疫"", ""local_flags"": {""species_ok"": true, ""target_disease_in_diagnosis"": true, ""target_disease_mismatch"": false, ""contains_specific_dose"": false, ""contains_specific_withdrawal"": false, ""regulated_bad_treatment"": false}}",False,False,,,True,False,False,D:\XF-ChongQin\ai-\knowledge\llm_wiki_swine_authoritative,1465,887,"猪口蹄疫
猪口蹄疫、foot and mouth disease picornaviruses
保育猪群体发病
群体发病、采食下降、粪便或呼吸道异常，用户想知道主要病因和下一步处理。","{""HUMAN_REVIEWED"": 3, ""NEEDS_REVIEW"": 2}","[""A0-MOA-573"", ""A1-WOAH-FMD-DISEASE"", ""SRC-0001"", ""SRC-0006"", ""SRC-0047"", ""SRC-0059""]",2095,22.65,ERNIE-4.5-Turbo-32K,92,28,18,25,21,False,True,"该回答对猪口蹄疫的诊断准确，症状与疾病匹配度高，诊断逻辑合理，处理方向安全且符合疾病特性，数据质量较高，无致命风险。
问题：诊断准确性方面，虽然整体准确，但未完全覆盖所有症状描述（如体温偏高未明确关联）；病理逻辑上，对传播途径和易感性的描述可更详细；数据质量上，可增加更多实验室检测建议的细节。",hunyuan-turbos-20250926,90,9,8.5,10,8.5,False,False,"该回答针对用户描述的发热、采食下降、口腔及蹄部水疱、跛行等症状，正确识别并诊断为猪口蹄疫，符合重大动物疫病防控要求。处理措施包括及时上报、隔离、消毒、送检等，安全合规，无危险用药建议。不足之处在于部分症状解释不够全面，病理机制说明略简略，缺乏实验室检测细节补充。
问题：未充分解释体温偏高的临床意义及其在诊断中的作用；对传播途径、易感性和潜伏期等病理背景描述不足；缺少实验室检测流程的细化建议",True,ERNIE-4.5-Turbo-32K,True,pass,该回答对猪口蹄疫的诊断准确，症状与疾病匹配度高，诊断逻辑合理，处理方向安全且符合疾病特性。虽然存在部分症状解释不够全面、病理机制说明略简略、缺乏实验室检测细节补充等轻微不足，但整体数据质量较高，无致命风险，符合筛选标准。,91.0,28,18,25,21,pass,13.91,15.36,
062c7db9-6811-5e8c-a061-241fe9902ecc,224,猪口蹄疫,swine_hunyuan_turbos,hunyuan-turbos-20250926,成功,,猪,我家有120头80公斤左右的育肥猪，最近一周陆续发现几头猪精神沉郁、不愿站立，口腔和蹄冠处有明显水疱，破溃后流涎、跛行，体温在39℃左右。之前用了阿莫西林和多维饮水，部分好转，但新发病例还在增加。圈舍通风一般，地面潮湿，想问还能继续用这些药吗？,根据描述的症状（高热、口腔及蹄部水疱、跛行、流涎）以及群体传播趋势，高度怀疑为猪口蹄疫。该病由口蹄疫病毒引起，属一类动物疫病，具有强传染性，需立即采取防控措施。,立即停止自行用药，向当地动物防疫部门报告疫情，配合开展流行病学调查与采样检测；对发病猪进行隔离，防止与健康猪接触；加强圈舍消毒，减少人员、车辆流动；暂停调运和销售；严禁使用未经批准的兽药或人用药；如需对症治疗，应在专业兽医指导下进行支持性护理，如补液、防继发感染，但不可替代疫病处置措施。,因涉及一类动物疫病，应按国家相关规定执行扑杀、无害化处理等措施，无常规休药期概念；若后续恢复生产，应按规定空栏并进行全面消毒。,"{""disease_name"": ""猪口蹄疫"", ""severity"": ""高"", ""scene_tags"": [""育肥猪"", ""水疱性病变"", ""群体传播"", ""高热""], ""validation_points"": [""症状符合口蹄疫典型表现（口腔、蹄部水疱、跛行、流涎）"", ""群体中出现多例且持续新增，提示传染性"", ""已尝试抗生素治疗无效，提示非细菌性病因""], ""risk_flags"": [""属于中国一类动物疫病，须依法上报并配合扑杀和无害化处理"", ""存在跨区域传播风险，需严格封锁和消毒"", ""禁止私自用药延误防控时机""], ""case_type"": ""育肥猪用药咨询"", ""target_disease"": ""猪口蹄疫"", ""local_flags"": {""species_ok"": true, ""target_disease_in_diagnosis"": true, ""target_disease_mismatch"": false, ""contains_specific_dose"": false, ""contains_specific_withdrawal"": false, ""regulated_bad_treatment"": false}}",False,False,,,True,False,False,D:\XF-ChongQin\ai-\knowledge\llm_wiki_swine_authoritative,1465,887,"猪口蹄疫
猪口蹄疫、foot and mouth disease picornaviruses
育肥猪用药咨询
育肥猪出现典型症状，用户已经用过常见药物但效果一般，询问是否继续用药。","{""HUMAN_REVIEWED"": 3, ""NEEDS_REVIEW"": 2}","[""A0-MOA-573"", ""A1-WOAH-FMD"", ""A1-WOAH-FMD-DISEASE"", ""SRC-0001"", ""SRC-0015"", ""SRC-0047""]",2187,25.64,ERNIE-4.5-Turbo-32K,92,28,18,25,21,False,True,"该回答对猪口蹄疫的诊断准确，症状描述与疾病特征高度匹配，诊断逻辑合理，防控建议符合一类动物疫病管理要求，未发现致命风险，整体数据质量较高。
问题：诊断准确性方面，虽症状匹配度高，但未提及鉴别诊断（如猪水泡病、猪水疱性疹等），可补充排除依据。；病理逻辑方面，未详细说明群体传播趋势与病毒传播途径的关联性。；数据质量方面，场景标签和验证点较全面，但风险标志可增加对人员防护的提示。",hunyuan-turbos-20250926,90,9,8.5,10,9,False,False,该案例场景真实，用户描述的临床症状与猪口蹄疫典型表现高度一致，且存在群体传播趋势，诊断结论合理。处方建议严格遵循一类动物疫病防控规范，强调上报、隔离、消毒和无害化处理，避免不当用药，安全性高。不足之处在于缺乏对其他类似疾病的鉴别诊断说明，以及未明确提示人员防护措施。,True,ERNIE-4.5-Turbo-32K,True,pass,该回答对猪口蹄疫的诊断准确，症状描述与疾病特征高度匹配，诊断逻辑合理，防控建议符合一类动物疫病管理要求，未发现致命风险。尽管存在未提及鉴别诊断、未详细说明群体传播趋势与病毒传播途径的关联性、未明确提示人员防护措施等轻微不足，但整体数据质量较高，不影响其作为有效数据的参考价值。,91.0,28,18,25,21,pass,15.88,15.53,
4e956fd8-33db-56d6-b641-4e476e24f6d1,370,猪口蹄疫,swine_hunyuan_turbos,hunyuan-turbos-20250926,成功,,猪,我家有200多头60公斤左右的育肥猪，分两栋圈养，最近一栋里陆续出现几头不吃料、跛行、蹄部和口鼻有水泡的情况，两天内又有新猪出现类似症状，之前用过阿莫西林饮水，效果不明显。这种情况能不能先当普通病治着看？,根据描述，多栋同时出现发热、跛行、口腔及蹄部水疱等症状，符合猪口蹄疫的典型表现。该病为高度传染性病毒病，临床症状通常较重，且在中国属于一类动物疫病，不可按普通病自行处理。,立即停止场内人员、车辆、工具随意流动，对发病猪进行隔离并限制移动；采集病料送有资质实验室确诊；全群加强消毒，减少应激；严禁私自用药掩盖病情；等待检测结果后由当地动物防疫部门决定处置方案。禁止将疑似病例作为普通病继续饲养或销售。,因属重大动物疫病，无常规休药期概念，须按官方扑杀、无害化处理或封锁等指令执行。,"{""disease_name"": ""猪口蹄疫"", ""severity"": ""高"", ""scene_tags"": [""全场"", ""多栋"", ""急性传播""], ""validation_points"": [""多栋短时间内相继发病"", ""典型水疱病变及跛行"", ""阿莫西林无效""], ""risk_flags"": [""一类动物疫病"", ""高度接触传播"", ""可能跨境扩散风险""], ""case_type"": ""暴发与处置边界"", ""target_disease"": ""猪口蹄疫"", ""local_flags"": {""species_ok"": true, ""target_disease_in_diagnosis"": true, ""target_disease_mismatch"": false, ""contains_specific_dose"": false, ""contains_specific_withdrawal"": false, ""regulated_bad_treatment"": false}}",False,False,,,True,False,False,D:\XF-ChongQin\ai-\knowledge\llm_wiki_swine_authoritative,1465,887,"猪口蹄疫
猪口蹄疫、foot and mouth disease picornaviruses
暴发与处置边界
同栏或多栋猪舍短期内发病增多，用户询问是否能先按普通病治疗观察。","{""HUMAN_"": 1, ""HUMAN_REVIEWED"": 2, ""NEEDS_REVIEW"": 2}","[""A0-MOA-573"", ""A1-WOAH-FMD"", ""A1-WOAH-FMD-DISEASE"", ""SRC-0001"", ""SRC-0021"", ""SRC-0047""]",2221,18.59,ERNIE-4.5-Turbo-32K,92,30,18,25,24,False,True,"该回答在诊断准确性、处方安全性和数据质量方面表现良好，病理逻辑基本合理，符合猪口蹄疫暴发与处置边界场景下的测试要求。
问题：病理逻辑部分对猪口蹄疫传播机制和症状发展过程的解释稍显简略，未充分说明为何阿莫西林无效与病毒病关联。",hunyuan-turbos-20250926,90,95,85,95,90,False,False,该数据整体真实可信，用户描述的场景（多栋育肥猪同时出现典型口蹄疫症状）与诊断结果一致，处方措施符合重大动物疫病的防控规范，强调了隔离、送检、消毒和官方处置，避免了危险建议。不足之处在于病理机制解释不够深入，未明确说明阿莫西林无效的病毒病因理。,True,ERNIE-4.5-Turbo-32K,True,pass,该回答在诊断准确性、处方安全性和数据质量方面表现良好，诊断与用户描述的猪口蹄疫症状高度匹配，处方措施符合重大动物疫病的防控规范，强调了隔离、送检、消毒和官方处置，避免了危险建议。尽管病理逻辑部分对猪口蹄疫传播机制和症状发展过程的解释稍显简略，未充分说明阿莫西林无效与病毒病的关联，但整体不影响诊断和处置方向的安全性，可判pass。,91.0,30,18,25,24,pass,10.78,17.71,
038a136d-967f-5b43-a1d4-a133e2404dd3,443,猪口蹄疫,swine_hunyuan_turbos,hunyuan-turbos-20250926,成功,,猪,我家有200多头育肥猪，平均体重在80公斤左右，最近几天陆续发现有几头出现蹄冠、鼻镜和口腔内有水泡，有的破溃结痂，走路跛行，采食量下降，体温升高到40℃以上。之前用过阿莫西林饮水，没见好转。请问这种情况是不是口蹄疫？应该采集哪些样品送检？怎么防止误诊耽误防控？,根据描述的临床症状（多部位水疱、破溃、跛行、发热）及群体发病情况，高度怀疑为猪口蹄疫。该病属一类动物疫病，需立即采取防控措施并送样确诊。,treatment_direction: 本病无特效药物治疗，应停止常规抗生素使用，以防掩盖病情延误防控。；management_measures: 立即隔离病猪与健康猪，限制人员、车辆、器具流动，对圈舍及周边环境进行彻底消毒，减少应激因素。；sampling_submission: 采集新鲜水疱液、破溃组织、舌面黏膜拭子，必要时采集血液样本，尽快送至具备资质的实验室进行病原学检测（如RT-PCR）。；prohibited_actions: 严禁私自屠宰、出售、运输病猪及其产品，不得擅自使用未经批准的疫苗或药物替代官方防控措施。,因无治疗药物且涉及重大动物疫病，不涉及休药期管理，应按官方扑杀或无害化处理方案执行。,"{""disease_name"": ""猪口蹄疫"", ""severity"": ""高"", ""scene_tags"": [""育肥猪"", ""水疱病变"", ""群体发病"", ""高热"", ""跛行""], ""validation_points"": [""多部位水疱性病变符合口蹄疫特征"", ""群体性发病提示传染性高"", ""常规抗生素治疗无效支持病毒性病因""], ""risk_flags"": [""属于中国一类动物疫病，须按规定上报并采取封锁、扑杀等强制措施"", ""存在跨区域传播风险，需严格生物安全管控""], ""case_type"": ""采样送检咨询"", ""target_disease"": ""猪口蹄疫"", ""local_flags"": {""species_ok"": true, ""target_disease_in_diagnosis"": true, ""target_disease_mismatch"": false, ""contains_specific_dose"": false, ""contains_specific_withdrawal"": false, ""regulated_bad_treatment"": false}}",False,False,,,True,False,False,D:\XF-ChongQin\ai-\knowledge\llm_wiki_swine_authoritative,1465,887,"猪口蹄疫
猪口蹄疫、foot and mouth disease picornaviruses
采样送检咨询
用户描述症状后，重点询问采什么样品、如何判断和如何避免误治。","{""HUMAN_REVIEWED"": 3, ""NEEDS_REVIEW"": 2}","[""A0-MOA-573"", ""A1-WOAH-FMD"", ""A1-WOAH-FMD-DISEASE"", ""SRC-0001"", ""SRC-0009"", ""SRC-0047""]",2164,25.91,ERNIE-4.5-Turbo-32K,92,28,18,24,22,False,True,"整体回答质量较高，诊断准确，病理逻辑清晰，处方安全合理，数据质量良好，无明显致命风险。
问题：diagnosis_accuracy: 诊断准确性较高，但未完全覆盖所有可能症状的鉴别诊断，如与其他水疱性疾病的区分。；pathology_logic: 病理逻辑基本合理，但未详细解释水疱病变与口蹄疫病毒的具体关联机制。；prescription_safety: 处方安全合理，但未明确提及对操作人员的生物安全防护措施。；data_quality: 数据质量良好，但场景标签和验证点可以更详细，以增强数据的可追溯性和可验证性。",hunyuan-turbos-20250926,90,9,8,10,9,False,False,该数据场景真实，症状与目标疾病（猪口蹄疫）高度吻合，诊断思路正确，处理措施符合重大动物疫病防控原则，未出现危险用药或违规处置建议，整体安全合规。不足之处在于鉴别诊断说明不足、病理机制阐述不够深入，以及缺少对操作人员生物安全的提示。,True,ERNIE-4.5-Turbo-32K,True,pass,两位评委均认为整体回答质量较高，诊断准确，病理逻辑基本合理，处方安全合规，符合重大动物疫病防控原则。尽管存在鉴别诊断说明不足、病理机制阐述不够深入以及缺少对操作人员生物安全提示等轻微不足，但不影响整体数据质量，且未出现危险用药或违规处置建议，无明显致命风险。,91.0,28,18,24,22,pass,17.7,16.96,
e4d4740e-71ec-576f-ba19-7ab6fdb17810,5,猪口蹄疫,swine_hunyuan_turbos,hunyuan-turbos-20250926,成功,,猪,我家有200多头育肥猪，平均体重在80公斤左右，最近几天有几头出现跛行、不愿站立，口腔和蹄部发现水疱，有的破溃结痂，体温升高到41℃左右，食欲下降。之前没用过疫苗，也没有其他传染病史。请问这种情况是不是口蹄疫？我该采哪些样送检测？会不会被当成普通蹄病耽误处理？,根据描述的临床症状（高热、口腔黏膜及蹄部水疱、跛行、采食减少），高度怀疑为猪口蹄疫。该病属一类动物疫病，需立即采取防控措施并送样确诊。,treatment_direction: 本病无特效药物治疗，应停止一切人员、车辆、物资随意进出场区，对发病猪进行隔离观察，防止扩散。；management_measures: 全场消毒，限制移动，病死猪无害化处理，健康猪加强监测，必要时配合主管部门开展紧急免疫或扑杀措施。；sampling_submission: 采集发病猪的水疱液、舌面刮取物、新鲜水疱皮、血液样本以及同群健康猪的血液样本，尽快送具备资质的实验室检测口蹄疫病毒抗原或核酸。；prohibited_boundaries: 严禁私自出售、转运病猪或疑似病猪，禁止将水疱病当作普通蹄病处理而延误防控。,因无药物治疗，不涉及药物休药期；如后续涉及疫苗免疫，应按国家相关规定执行相应隔离与检疫期。,"{""disease_name"": ""猪口蹄疫"", ""severity"": ""高"", ""scene_tags"": [""高热"", ""水疱病变"", ""跛行"", ""食欲减退"", ""群体感染风险""], ""validation_points"": [""高热伴口腔及蹄部水疱是口蹄疫典型表现"", ""群体饲养环境下传播迅速，符合口蹄疫流行特征"", ""需通过实验室检测确认病原""], ""risk_flags"": [""一类动物疫病"", ""重大动物疫情"", ""需立即上报主管部门""], ""case_type"": ""采样送检咨询"", ""target_disease"": ""猪口蹄疫"", ""local_flags"": {""species_ok"": true, ""target_disease_in_diagnosis"": true, ""target_disease_mismatch"": false, ""contains_specific_dose"": false, ""contains_specific_withdrawal"": false, ""regulated_bad_treatment"": false}}",False,False,,,True,False,False,D:\XF-ChongQin\ai-\knowledge\llm_wiki_swine_authoritative,1465,887,"猪口蹄疫
猪口蹄疫、foot and mouth disease picornaviruses
采样送检咨询
用户描述症状后，重点询问采什么样品、如何判断和如何避免误治。","{""HUMAN_REVIEWED"": 3, ""NEEDS_REVIEW"": 2}","[""A0-MOA-573"", ""A1-WOAH-FMD"", ""A1-WOAH-FMD-DISEASE"", ""SRC-0001"", ""SRC-0009"", ""SRC-0047""]",2164,34.75,ERNIE-4.5-Turbo-32K,92,28,18,24,22,False,True,"整体回答准确，诊断逻辑清晰，处理方向安全，数据质量较高，无明显致命风险。
问题：diagnosis_accuracy: 诊断准确性较高，但未完全覆盖所有症状与疾病关联的细节描述，如体温升高与口蹄疫的典型关联性可进一步强调。；pathology_logic: 病理逻辑基本合理，但未详细解释为何排除其他类似疾病（如猪水泡病）的可能性。；prescription_safety: 处理方向安全，但未明确提及人兽共患风险的防控措施。；data_quality: 数据质量较高，但场景标签和验证点可进一步细化，以增强数据的全面性和可验证性。",hunyuan-turbos-20250926,90,9,8,9,9,False,False,回答总体准确且符合重大动物疫病处置规范，诊断依据充分，处理方案安全合规，采样指导明确，未出现危险建议。不足之处在于未深入说明如何排除其他水疱性疾病，也未专门提示人兽共患风险防护。,True,ERNIE-4.5-Turbo-32K,True,pass,整体回答准确，诊断逻辑清晰，处理方向安全，符合重大动物疫病处置规范。尽管存在未详细阐述排除其他水疱性疾病和缺少人兽共患风险防控提醒的轻微不足，但不影响整体判断，数据质量较高，无明显致命风险。,91.0,28,18,24,22,pass,19.55,23.83,
c0224e1e-3bef-5d74-bcd6-ce659b719916,78,猪口蹄疫,swine_hunyuan_turbos,hunyuan-turbos-20250926,成功,,猪,我家有200头80公斤左右的育肥猪，最近几天有几头出现脚掌和口鼻周围长水疱，走路跛行，食欲下降，体温升高到41℃左右，已经持续了两天，圈舍通风一般，之前用过阿莫西林拌料预防呼吸道病。请问这种情况还能治吗？会不会影响出栏卖猪？,根据描述的水疱性病灶、高热、跛行及群体发病情况，高度怀疑为猪口蹄疫。该病由口蹄疫病毒引起，属于一类动物疫病，具有高度传染性，临床症状在猪中通常较严重，可引起疼痛和采食障碍。,立即向当地动物防疫部门报告疫情，配合开展流行病学调查与实验室确诊；对发病猪进行隔离观察，减少人员、车辆、器具流动，防止病毒扩散；加强圈舍消毒，保持干燥通风；禁止自行使用抗生素或抗病毒药物作为替代防控手段；如需对症治疗，可在专业人员指导下采取支持性措施缓解发热和疼痛，但不得掩盖病情延误报告；严禁未经许可出售或运输疑似染疫猪群。,因属重大动物疫病，须按官方处置方案执行，无常规休药期概念；任何药物治疗均不能替代检疫、隔离和扑杀等防控措施。,"{""disease_name"": ""猪口蹄疫"", ""severity"": ""高"", ""scene_tags"": [""育肥猪"", ""水疱病变"", ""高热"", ""跛行"", ""群体发病""], ""validation_points"": [""水疱出现在口鼻及蹄部，伴高热和跛行符合口蹄疫典型表现"", ""猪口蹄疫在中国为一类动物疫病，需依法上报并配合处置""], ""risk_flags"": [""重大动物疫病"", ""高度传染"", ""需立即上报""], ""case_type"": ""上市休药期咨询"", ""target_disease"": ""猪口蹄疫"", ""local_flags"": {""species_ok"": true, ""target_disease_in_diagnosis"": true, ""target_disease_mismatch"": false, ""contains_specific_dose"": false, ""contains_specific_withdrawal"": false, ""regulated_bad_treatment"": false}}",False,False,,,True,False,False,D:\XF-ChongQin\ai-\knowledge\llm_wiki_swine_authoritative,1465,887,"猪口蹄疫
猪口蹄疫、foot and mouth disease picornaviruses
上市休药期咨询
用户接近出栏，关心治疗方向和用药后能否出栏销售。","{""HUMAN_REVIEWED"": 3, ""NEEDS_REVIEW"": 2}","[""A0-MOA-573"", ""A1-WOAH-FMD"", ""A1-WOAH-FMD-DISEASE"", ""SRC-0001"", ""SRC-0012"", ""SRC-0047""]",2191,22.16,ERNIE-4.5-Turbo-32K,92,30,20,25,17,False,True,"该回答在诊断准确性、病理逻辑、处方安全性和数据质量方面表现良好，诊断与症状高度匹配，处理方向符合重大疫病防控要求，未发现致命风险。
问题：data_quality 略有扣分，因未明确提及人兽共患风险（尽管口蹄疫主要影响偶蹄动物，但公众认知中可能存在误解，建议补充说明以增强数据完整性）。",hunyuan-turbos-20250926,90,10,10,10,8.5,False,False,"诊断准确，症状与猪口蹄疫高度吻合；处理建议符合重大动物疫病防控规范，强调上报、隔离、消毒并避免自行用药，安全性高；未出现危险建议。不足之处在于未明确说明人兽共患风险及公众防护提示，数据完整性可提升。
问题：未补充人兽共患风险及公众防护提示，可能导致信息不完整",True,ERNIE-4.5-Turbo-32K,True,pass,诊断与症状高度匹配，处理建议符合重大动物疫病防控规范，安全性高，尽管未提及人兽共患风险，但不影响整体判断，数据质量可接受。,91.0,30,20,25,17,pass,13.46,16.17,
d9356a55-2a53-5eca-8879-60e214438526,456,猪布鲁氏菌病,swine_hunyuan_turbos,hunyuan-turbos-20250926,成功,,猪,我家有120头母猪和8头公猪，最近两个月陆续发现好几头怀孕母猪流产，还有两头公猪睾丸肿大、精液质量差，之前没用过什么特别的药物，圈舍通风一般，想问下这种情况是不是要停配种？需要送哪些样去化验？,根据描述，存在母猪流产及公猪睾丸病变，符合布鲁氏菌等引起繁殖障碍的细菌病特征，需结合实验室检测确认是否为猪布鲁氏菌病或其他繁殖障碍病因。,treatment_direction: 确诊前不建议使用抗生素进行预防性治疗，以免干扰检测结果；如确诊，应依据兽医指导选择敏感抗菌药物并严格遵循停药期管理。；management_measures: 立即暂停所有配种和引种活动，防止病原扩散；对发病个体与健康个体分群饲养，加强圈舍消毒与人员防护；减少应激因素，改善通风条件。；sampling_submission: 采集流产胎儿组织、胎盘、公猪精液及睾丸病变组织，同时采集血液样本进行血清学检测；建议由具备资质的兽医实验室进行布鲁氏菌分离培养及PCR检测。；prohibited_boundaries: 在未获得实验室确诊结果前，禁止将场内猪只外调或引入新猪；严禁私自宰杀或处理病死猪，须按当地动物防疫部门规定处置。,未确诊前不进行任何药物治疗，故无明确休药期；若后续确诊并用药，应严格按照兽医处方执行相应休药期管理。,"{""disease_name"": ""猪布鲁氏菌病"", ""severity"": ""中等至严重（可能导致群体繁殖力下降、经济损失及潜在人兽共患风险）"", ""scene_tags"": [""繁殖障碍"", ""流产"", ""公猪睾丸炎"", ""人兽共患风险""], ""validation_points"": [""症状包括母猪流产和公猪睾丸肿大，符合布鲁氏菌病的繁殖障碍特征"", ""建议暂停配种和引种以防止病原扩散"", ""强调实验室检测的重要性，并提供合适的采样方案""], ""risk_flags"": [""可能为人兽共患病原体，需做好人员防护"", ""属重大动物疫病范畴，需配合主管部门处置""], ""case_type"": ""繁殖障碍送检"", ""target_disease"": ""猪布鲁氏菌病"", ""local_flags"": {""species_ok"": true, ""target_disease_in_diagnosis"": true, ""target_disease_mismatch"": false, ""contains_specific_dose"": false, ""contains_specific_withdrawal"": false, ""regulated_bad_treatment"": false}}",False,False,,,True,False,False,D:\XF-ChongQin\ai-\knowledge\llm_wiki_swine_authoritative,1465,887,"猪布鲁氏菌病
猪布鲁氏菌病、brucella suis brucellosis、布鲁氏菌病、Brucella suis
繁殖障碍送检
繁殖异常持续出现，用户询问该采哪些样品、是否需要暂停配种和引种。","{""HUMAN_REVIEWED"": 2, ""NEEDS_REVIEW"": 2}","[""SRC-0001"", ""SRC-0060"", ""SRC-0061""]",2221,25.17,ERNIE-4.5-Turbo-32K,92,28,19,24,21,False,True,"整体回答质量较高，诊断方向准确，管理措施和采样建议合理，符合布鲁氏菌病的防控要求，未发现重大错误或风险。
问题：diagnosis_accuracy: 诊断部分未明确提及布鲁氏菌病的人兽共患风险，尽管在风险标志中提及，但诊断描述中缺乏直接关联。；pathology_logic: 病理逻辑部分对布鲁氏菌病的典型症状描述较为笼统，未深入解释症状与病原的直接关联。；data_quality: 数据质量部分，场景标签和验证点较为全面，但未提及具体的人兽共患防护措施细节。",hunyuan-turbos-20250926,90,4,4,5,4,True,False,该回答整体结构完整，诊断方向正确，管理措施和采样送检建议科学且符合布鲁氏菌病防控原则，未出现危险用药建议，并在未确诊前采取了严格的生物安全措施，避免了疫情扩散风险。不足之处在于诊断部分对人兽共患风险的提示不够突出，病理机制解释略显笼统，缺少更具体的防护细节。,True,ERNIE-4.5-Turbo-32K,True,pass,整体回答质量较高，诊断方向准确，管理措施和采样建议合理，符合布鲁氏菌病的防控要求。尽管诊断部分对人兽共患风险的提示不够突出，病理机制解释略显笼统，且缺少针对人兽共患病的具体人员防护操作细节，但这些不足不影响整体回答的正确性和安全性，可通过后续优化完善。,91.0,28,19,24,21,pass,17.51,22.62,
b811a5f8-ced6-58f7-9524-4601ed0ece96,400,猪恶性卡他热相关感染,swine_hunyuan_turbos,hunyuan-turbos-20250926,成功,,猪,我家有200多头育肥猪，平均体重在80公斤左右，最近一周有两栋圈舍陆续出现高热、眼鼻分泌物多、精神沉郁的情况，有的还伴有腹泻，之前没用过什么特别的药物。听说附近有羊场，会不会跟这个有关？能不能先用点退烧消炎药看看情况再决定？,根据描述的高热、眼鼻分泌物增多、精神沉郁及腹泻等症状，结合近期周边存在羊群的情况，需高度怀疑猪恶性卡他热相关感染（由绵羊疱疹病毒2型等γ疱疹病毒引起）。该病为偶发性系统性病毒感染，临床表现多样，部分病例可类似其他发热性传染病。确诊需通过实验室检测（如PCR）明确病原。,目前不建议直接按普通细菌病进行常规退热消炎处理，以免掩盖病情延误防控。应立即采取以下措施：1. 将疑似病例与健康猪严格隔离，限制人员、车辆、工具交叉流动；2. 对发病猪舍及周边环境加强消毒，减少潜在传播风险；3. 采集病猪血液、组织等样本送具备资质的实验室检测，明确是否为恶性卡他热或其他重大疫病；4. 若检测结果提示为恶性卡他热，应依据当地畜牧兽医主管部门意见执行相应防控措施，包括封锁、扑杀、无害化处理等；5. 在未排除重大疫病前，禁止随意用药或出售转移生猪。,因涉及重大动物疫病防控，无具体休药期建议，须等待主管部门判定疫情性质后依规定执行。,"{""disease_name"": ""猪恶性卡他热相关感染"", ""severity"": ""高"", ""scene_tags"": [""育肥猪"", ""多栋圈舍"", ""高热"", ""眼鼻分泌物"", ""腹泻"", ""羊群接触史""], ""validation_points"": [""症状符合恶性卡他热常见表现"", ""存在羊群接触史增加感染可能性"", ""需实验室检测确认病原""], ""risk_flags"": [""可能为人畜共患/重大动物疫病"", ""需立即隔离并上报""], ""case_type"": ""暴发与处置边界"", ""target_disease"": ""猪恶性卡他热相关感染"", ""local_flags"": {""species_ok"": true, ""target_disease_in_diagnosis"": true, ""target_disease_mismatch"": false, ""contains_specific_dose"": false, ""contains_specific_withdrawal"": false, ""regulated_bad_treatment"": false}}",False,False,,,True,False,False,D:\XF-ChongQin\ai-\knowledge\llm_wiki_swine_authoritative,1465,887,"猪恶性卡他热相关感染
猪恶性卡他热相关感染、malignant catarrhal fever ovine herpesvirus 2
暴发与处置边界
同栏或多栋猪舍短期内发病增多，用户询问是否能先按普通病治疗观察。","{""HUMAN_REVIEWED"": 1, ""NEEDS_REVIEW"": 4}","[""SRC-0001"", ""SRC-0041""]",2026,31.99,ERNIE-4.5-Turbo-32K,92,28,19,24,21,False,True,"该回答在诊断准确性、病理逻辑、处方安全性和数据质量方面均表现良好，符合猪恶性卡他热相关感染的诊断与处置要求，未发现致命风险。
问题：诊断准确性方面，虽然症状描述和羊群接触史支持猪恶性卡他热的怀疑，但未完全覆盖所有可能症状，评分略扣；；病理逻辑方面，回答逻辑清晰，但未详细解释为何不能按普通病治疗观察，评分略扣；；处方安全性方面，措施全面且安全，但未提及具体药物使用禁忌（虽在此场景下非必需），评分略扣；；数据质量方面，信息完整且准确，但场景标签和验证点可更细化，评分略扣。",hunyuan-turbos-20250926,90,9,9,10,9,False,False,回答整体科学严谨，针对猪恶性卡他热相关感染的怀疑给出了合理诊断思路，并强调实验室确诊的重要性。处方措施安全合规，未给出具体药物剂量或休药期，避免了误导用药的风险。同时强调了重大疫病的防控流程，符合生物安全要求。不足之处在于诊断部分未列举更多典型症状以强化判断依据，病理逻辑中未充分解释为何不宜先尝试普通药物治疗，以及缺少对可能误诊风险的提醒。,True,ERNIE-4.5-Turbo-32K,True,pass,回答在诊断准确性、病理逻辑、处方安全性和数据质量方面均表现良好，诊断思路合理，强调了实验室确诊的重要性，处方措施安全合规，符合生物安全要求。尽管存在诊断部分未列举更多典型症状、病理逻辑未充分解释为何不宜先尝试普通药物治疗以及缺少对可能误诊风险的提醒等轻微不足，但不影响整体判断，可判pass。,91.0,28,19,24,21,pass,19.65,17.26,
de978765-6e14-5599-9920-d393c858cf4e,294,猪流行性腹泻,swine_hunyuan_turbos,hunyuan-turbos-20250926,成功,,猪,我这边是河南一个中型养猪场，存栏大概800头，现在有一批60日龄左右的保育猪出现水样腹泻，已经持续三四天了，刚开始用了恩诺沙星和硫酸新霉素拌料，但效果不明显，部分猪精神沉郁、采食下降，粪便呈黄色稀便带酸臭味，圈舍温度偏低且通风不好。想问下这种情况是不是还要继续用抗生素？还是应该送检看看是什么病？,根据描述的症状（水样腹泻、黄色稀便、精神沉郁、采食下降）、发病日龄及使用抗菌药无效的情况，结合季节和环境因素，高度怀疑为猪流行性腹泻（PEDV）。该病为病毒性腹泻，对抗生素治疗反应差，需要实验室确诊。,treatment_direction: 停止盲目使用广谱抗生素，改为支持性护理，包括保温、补充电解质和能量液，减少应激，防止继发细菌感染。；management_measures: 加强圈舍保温与通风管理，保持干燥清洁，分栏饲养以减少交叉感染，及时清理粪污。；sampling_and_testing: 采集新鲜腹泻粪便样本送有资质的兽医实验室进行PEDV核酸检测（RT-PCR），必要时同时检测其他肠道病毒如轮状病毒、TGEV等以排除混合感染。；prohibited_boundaries: 禁止将病猪随意出售或转运，严禁使用未经批准的抗病毒药物或激素类药物；发现疑似重大疫病应立即向当地动物防疫部门报告。,因无具体药物治疗，不涉及休药期问题；若后续使用合法兽药，应遵守相应说明书规定的休药期。,"{""disease_name"": ""猪流行性腹泻"", ""severity"": ""中等至严重（可导致保育猪高死亡率）"", ""scene_tags"": [""保育猪"", ""水样腹泻"", ""抗菌药无效"", ""低温环境""], ""validation_points"": [""症状符合PEDV特征"", ""抗菌药无效提示非细菌性主因"", ""建议送检以确诊""], ""risk_flags"": [""疑似重大动物疫病"", ""需实验室确诊"", ""需防控扩散""], ""case_type"": ""腹泻用药咨询"", ""target_disease"": ""猪流行性腹泻"", ""local_flags"": {""species_ok"": true, ""target_disease_in_diagnosis"": true, ""target_disease_mismatch"": false, ""contains_specific_dose"": false, ""contains_specific_withdrawal"": false, ""regulated_bad_treatment"": false}}",False,False,,,True,False,False,D:\XF-ChongQin\ai-\knowledge\llm_wiki_swine_authoritative,1465,887,"猪流行性腹泻
猪流行性腹泻、porcine epidemic diarrhea virus、PED、PEDV
腹泻用药咨询
猪群腹泻后已用过常见抗菌药效果一般，用户询问是否继续用药以及是否需要送检。","{""HUMAN_REVIEWED"": 2, ""NEEDS_REVIEW"": 2}","[""A0-MOA-573"", ""A2-EFSA-PED-PDCOV-OPINION"", ""SRC-0001"", ""SRC-0037"", ""SRC-0063""]",2221,29.98,ERNIE-4.5-Turbo-32K,92,28,18,24,22,False,True,"该回答在诊断准确性、病理逻辑、处方安全性和数据质量方面表现良好，符合猪流行性腹泻的诊断和处理原则，无明显错误或风险。
问题：diagnosis_accuracy: 诊断准确性较高，但未完全覆盖所有可能症状（如呕吐）的提及，略显不足。；pathology_logic: 病理逻辑清晰，但可进一步补充PEDV的流行病学特点以增强说服力。；prescription_safety: 处方安全合理，但可增加对支持性护理具体措施的详细说明。；data_quality: 数据质量较高，但场景标签和验证点可更细化以提升完整性。",hunyuan-turbos-20250926,90,9,9,10,9,False,False,"该数据整体真实可信，用户描述的养殖背景、临床症状、用药史与环境条件均符合猪流行性腹泻的典型特征。诊断推理过程合理，排除了细菌性病因并建议实验室检测，符合病毒性腹泻的处理思路。处方中强调停用无效抗生素、采取保温补液等支持性措施，并明确禁止违规用药和随意转运，体现了良好的生物安全和法规意识。未出现危险建议或错误用药指导。
问题：诊断部分未提及PEDV可能伴随的呕吐等症状，信息覆盖不够全面。；病理机制解释可补充更多关于PEDV传播方式、易感群体及流行季节的信息，以增强说服力。；支持性护理措施的描述较为笼统，缺少具体操作细节。",True,ERNIE-4.5-Turbo-32K,True,pass,该回答在诊断准确性、病理逻辑、处方安全性和数据质量方面表现良好，符合猪流行性腹泻的诊断和处理原则。诊断部分虽未提及所有可能症状，但核心症状已覆盖，不影响整体判断。病理逻辑清晰，处方安全合理，且强调了生物安全和法规意识，无明显错误或风险。,91.0,28,18,24,22,pass,20.06,14.59,
e445c239-cf49-5f68-ace3-0c0fb4ec3d90,190,猪狂犬病风险,swine_hunyuan_turbos,hunyuan-turbos-20250926,成功,,猪,我场有200多头育肥猪，平均体重80公斤左右，最近一周内同一栋舍里有3头先后出现精神沉郁、流涎、走路不稳的情况，其中一头已经倒地不起。之前没用过什么特殊药物，圈舍通风一般，周边偶尔能见到流浪狗活动。这种情况能不能先用点抗生素看看？还是得马上报？,高度怀疑为猪狂犬病风险病例，结合近期多例神经症状、流涎及运动障碍，且有流浪犬等潜在传染源接触史，符合狂犬病病毒感染的流行病学特征。由于该病为人兽共患风险，且临床症状与多种神经性疾病重叠，需通过实验室检测排除其他病因并确认病毒存在。,treatment_direction: 不建议立即使用常规抗生素或其他非针对病毒的药物治疗，以免延误防控时机。应立即停止场内人员随意接触可疑病猪，限制移动，防止交叉感染。；management_measures: 对发病猪进行物理隔离，减少与其他猪只的直接接触；加强饲养员个人防护，佩戴手套、口罩等防护用品；禁止屠宰、食用或出售可疑病猪及其产品；清理并消毒污染区域。；sampling_and_testing: 采集病猪脑组织、唾液或脊髓液样本送具备资质的实验室进行狂犬病病毒抗原或核酸检测，同时保留组织样本以备复检。；prohibited_boundaries: 严禁私自宰杀、销售或转运可疑病猪；不得擅自使用未经批准的抗病毒药物或疫苗；在未获得检测结果前不得解除隔离措施。,因未实施任何治疗性用药，无直接休药期问题；但若未来涉及人用暴露处置，需遵循公共卫生部门指导。,"{""disease_name"": ""猪狂犬病风险"", ""severity"": ""高"", ""scene_tags"": [""神经症状"", ""多例发生"", ""潜在野生动物接触"", ""人兽共患风险""], ""validation_points"": [""短时间内多例神经症状提示急性传染病可能"", ""流涎、共济失调是狂犬病常见表现之一"", ""流浪犬接触史增加感染风险""], ""risk_flags"": [""人兽共患风险"", ""需立即上报主管部门"", ""禁止私自处置病畜""], ""case_type"": ""暴发与处置边界"", ""target_disease"": ""猪狂犬病风险"", ""local_flags"": {""species_ok"": true, ""target_disease_in_diagnosis"": true, ""target_disease_mismatch"": false, ""contains_specific_dose"": false, ""contains_specific_withdrawal"": false, ""regulated_bad_treatment"": false}}",False,False,,,True,False,False,D:\XF-ChongQin\ai-\knowledge\llm_wiki_swine_authoritative,1465,887,"猪狂犬病风险
猪狂犬病风险、rabies virus
暴发与处置边界
同栏或多栋猪舍短期内发病增多，用户询问是否能先按普通病治疗观察。","{""HUMAN_REVIEWED"": 3, ""NEEDS_REVIEW"": 2}","[""SRC-0001"", ""SRC-0054""]",2058,21.89,ERNIE-4.5-Turbo-32K,92,28,18,25,21,False,True,"该回答对猪狂犬病风险的诊断准确，考虑了流行病学特征和临床症状，并提出了合理的实验室检测建议。处理方向安全，符合疾病防控要求，数据质量较高，无明显错误。
问题：诊断准确性方面，虽然整体判断正确，但未完全覆盖所有可能的鉴别诊断，因此扣2分。病理逻辑方面，对症状与疾病关系的阐述较为清晰，但可进一步细化，因此扣2分。数据质量方面，信息完整，但部分细节描述可更具体，因此扣4分。",hunyuan-turbos-20250926,90,9,9,10,8.5,False,False,"该数据场景真实，用户描述的流行病学背景（流浪犬接触）与症状（神经症状、流涎）高度吻合，诊断方向合理，明确提示需实验室确诊以排除其他疾病。处理方案强调隔离、防护、送检及禁止擅自处置，符合人兽共患病防控原则，无危险建议。不足之处在于鉴别诊断列举不够全面，部分细节可更具体。
问题：鉴别诊断范围较窄，未提及如伪狂犬病、乙型脑炎等其他可引起类似神经症状的猪病。；部分管理细节（如消毒方法、采样操作规范）可进一步具体化。",True,ERNIE-4.5-Turbo-32K,True,pass,该回答对猪狂犬病风险的诊断准确，结合了流行病学特征和临床症状，并提出了合理的实验室检测建议。处理方向安全，符合疾病防控要求，无明显错误。尽管在鉴别诊断和管理细节方面存在轻微不足，但不影响整体判断，数据质量较高。,91.0,28,18,25,21,pass,12.94,14.85,
d8018dda-e067-52f8-bea0-fb49b6920df5,361,猪玉米赤霉烯酮中毒,swine_hunyuan_turbos,hunyuan-turbos-20250926,成功,,猪,我家是300头基础母猪的种猪场，最近有3头怀孕80多天的母猪陆续流产，还有两头公猪性欲下降、精液稀薄，之前喂过一批新进的玉米，怀疑是不是饲料有问题？,结合病史及症状，考虑猪玉米赤霉烯酮中毒可能性较大。ZEA为具有雌激素样作用的霉菌毒素，可导致母猪阴户肿胀、流产、死胎、返情率升高，同时影响公猪精液质量。需排除猪繁殖与呼吸综合征、伪狂犬病、细小病毒病等传染性病因。,立即停喂可疑批次饲料并更换合格原料；加强圈舍通风干燥，防止霉变；对受影响母猪进行隔离观察，记录发情周期变化；采集饲料样品送实验室检测ZEA含量；对公猪调整营养，监测精液质量恢复情况；如怀疑其他传染病，应同步采样送检；严禁将疑似中毒母猪所产仔猪用于扩繁或出售。,因属中毒性病因，无药物休药期概念，但需确保饲料中ZEA降至安全水平后方可恢复正常配种与生产。,"{""disease_name"": ""猪玉米赤霉烯酮中毒"", ""severity"": ""中等"", ""scene_tags"": [""种猪场"", ""饲料污染"", ""繁殖障碍"", ""公猪精液异常""], ""validation_points"": [""症状符合ZEA雌激素样作用特征"", ""存在可疑霉变饲料暴露史"", ""需排除病毒性繁殖障碍""], ""risk_flags"": [""饲料安全"", ""繁殖性能下降"", ""潜在经济损失""], ""case_type"": ""种猪繁殖障碍"", ""target_disease"": ""猪玉米赤霉烯酮中毒"", ""local_flags"": {""species_ok"": true, ""target_disease_in_diagnosis"": true, ""target_disease_mismatch"": false, ""contains_specific_dose"": false, ""contains_specific_withdrawal"": false, ""regulated_bad_treatment"": false}}",False,False,,,True,False,False,D:\XF-ChongQin\ai-\knowledge\llm_wiki_swine_authoritative,1465,887,"猪玉米赤霉烯酮中毒
猪玉米赤霉烯酮中毒、zearalenone toxicosis
种猪繁殖障碍
种猪场出现流产、死胎、返情或公猪异常，用户担心传染病和是否继续配种。","{""HUMAN_REVIEWED"": 2, ""NEEDS_REVIEW"": 2, ""PROCESSED_SOURCE_ANCHORED"": 1}","[""SRC-0001"", ""SRC-0025"", ""SRC-0085""]",2176,28.61,ERNIE-4.5-Turbo-32K,92,28,18,24,22,False,True,"该回答整体表现良好，诊断准确，逻辑清晰，处理方向安全，数据质量较高。诊断考虑了猪玉米赤霉烯酮中毒的可能性，并排除了其他传染性病因，符合实际场景。处理建议合理，包括停喂可疑饲料、加强环境管理、隔离观察、实验室检测等。数据质量方面，症状、病史与疾病匹配，风险点识别准确。
问题：diagnosis_accuracy: 诊断准确性较高，但未完全覆盖所有可能的症状（如阴户肿胀未明确提及）。；pathology_logic: 病理逻辑清晰，但排除其他传染病时未详细说明排除依据。；prescription_safety: 处方安全，但未提及具体饲料更换后的监测措施。；data_quality: 数据质量较高，但风险标签中未明确提及人兽共患风险（虽本疾病无人兽共患风险，但标签完整性可提升）。",hunyuan-turbos-20250926,90,85,88,90,88,True,False,该案例描述真实，用户提供了明确的养殖背景、临床症状及可疑饲料来源，有助于锁定玉米赤霉烯酮中毒的可能。诊断部分正确关联了典型症状与ZEA毒性作用，并合理排除常见病毒性繁殖障碍病。处理方案涵盖停喂可疑饲料、环境改善、隔离观察、实验室检测及公猪精液监测，且强调了禁止出售中毒母猪后代的安全边界，无明显危险建议。不足之处在于未明确提及阴户肿胀等典型症状，也未详述排除传染病的依据，以及缺少更换饲料后的持续监测细节。,True,ERNIE-4.5-Turbo-32K,True,pass,诊断准确关联了典型症状与ZEA毒性作用，并合理排除了常见病毒性繁殖障碍病，处理方案涵盖停喂可疑饲料、环境改善、隔离观察、实验室检测及公猪精液监测，且强调了禁止出售中毒母猪后代的安全边界，无明显危险建议。尽管存在未完整列出所有典型症状、排除其他传染病缺乏详细依据说明、未明确更换饲料后的持续监测措施等轻微不足，但整体方向安全且疾病匹配，数据质量较高。,91.0,28,18,24,22,pass,22.14,16.16,
b0bb465d-a545-5b69-9193-6c936b6050e2,88,猪疥螨病,swine_hunyuan_turbos,hunyuan-turbos-20250926,成功,,猪,我家有120头育肥猪，平均体重在60公斤左右，最近发现部分猪耳朵内侧、颈部和背部出现红疹、结痂，还一直蹭墙、蹭栏杆，抓痒很厉害，已经持续了十来天。之前没用过驱虫药，圈舍是水泥地面，通风一般，湿度偏高。想问这种情况是不是要全群一起治？环境怎么弄？多久再检查一次？,根据描述，猪群存在明显瘙痒、皮肤红疹及结痂，部位集中在耳部、颈部和背部，符合猪疥螨病的临床表现。该病可由少量螨引起强烈过敏反应，且皮肤刮片检查可能存在假阴性，应结合群体症状和病史综合判断。,建议对全群进行统一驱虫处理，使用经批准的杀螨产品，注意轮换不同作用机制的药物以减少耐药风险；同时彻底清洁圈舍，清除粪便、垫料和痂皮，用高压水冲洗并干燥消毒，减少环境中螨的存活；加强通风降低湿度，防止再次感染。治疗后2-3周进行皮肤刮片复查，必要时重复治疗。严禁将未经处理的猪调入健康猪群，防止扩散。,按所用药物说明书规定的休药期执行，停药期间禁止屠宰上市。,"{""disease_name"": ""猪疥螨病"", ""severity"": ""中等"", ""scene_tags"": [""育肥猪"", ""瘙痒"", ""皮肤结痂"", ""高湿环境""], ""validation_points"": [""症状与疥螨病一致"", ""需考虑刮片假阴性"", ""全群处理与环境控制并重""], ""risk_flags"": [""潜在群体性感染"", ""易复发""], ""case_type"": ""驱虫和环境管理"", ""target_disease"": ""猪疥螨病"", ""local_flags"": {""species_ok"": true, ""target_disease_in_diagnosis"": true, ""target_disease_mismatch"": false, ""contains_specific_dose"": false, ""contains_specific_withdrawal"": false, ""regulated_bad_treatment"": false}}",False,False,,,True,False,False,D:\XF-ChongQin\ai-\knowledge\llm_wiki_swine_authoritative,1465,887,"猪疥螨病
猪疥螨病、external parasites mange
驱虫和环境管理
用户询问是否需要全群处理、环境清理和复查方式。","{""HUMAN_REVIEWED"": 4}","[""SRC-0001"", ""SRC-0080"", ""SRC-0082""]",2221,27.41,ERNIE-4.5-Turbo-32K,92,28,18,24,22,False,True,"该回答对猪疥螨病的诊断准确，症状描述与疾病特征相符，考虑了皮肤刮片检查的假阴性可能。治疗方案全面，包括全群驱虫、环境清理和复查，符合疾病管理要求。数据质量较高，信息完整且逻辑清晰。
问题：诊断准确性方面，虽然整体判断正确，但未明确提及皮肤刮片检查的具体操作或替代诊断方法，略显不足。病理逻辑上，对疾病传播机制和环境因素的关联解释可更详细。处方安全性上，未提及具体药物名称和剂量，仅强调轮换药物和按说明书执行休药期。数据质量方面，场景标签和验证点覆盖全面，但风险标志可增加具体防控措施的描述。",hunyuan-turbos-20250926,90,95,90,85,90,False,False,"该案例场景真实，用户描述了典型的猪疥螨病症状（瘙痒、红疹、结痂、蹭墙等），与疾病特征高度吻合。诊断依据充分，考虑了皮肤刮片假阴性的可能性，并建议结合群体症状综合判断。治疗方案涵盖全群驱虫、环境清洁、通风降湿及复查安排，逻辑合理且安全边界明确，未发现危险建议。不足之处在于未详细说明皮肤刮片或其他辅助诊断方法，以及环境因素与疾病传播的关联分析不够深入。
问题：未明确说明皮肤刮片检查的操作细节或替代诊断方法；对环境因素与疥螨传播机制的关联解释较简略",True,ERNIE-4.5-Turbo-32K,True,pass,诊断准确，症状描述与猪疥螨病特征相符，考虑了皮肤刮片检查的假阴性可能。治疗方案全面，包括全群驱虫、环境清理和复查，符合疾病管理要求。尽管未详细说明皮肤刮片检查的操作细节或替代诊断方法，以及对环境因素与疥螨传播机制的关联解释较简略，但整体信息完整且逻辑清晰，不影响数据可用性。,91.0,28,18,24,22,pass,18.58,19.12,
a5802e83-6841-5bf7-a454-3af65ba86f9a,150,猪瘟,swine_hunyuan_turbos,hunyuan-turbos-20250926,成功,,猪,我这边有200头120公斤左右的育肥猪，最近几天陆续出现发烧、精神沉郁、食欲下降，有的还拉稀带血，个别猪皮肤发红发紫，已经死了三四头了。之前用过一些退烧消炎药，效果不明显。现在离计划出栏不到一个月，这种情况还能治吗？会不会影响卖猪？,"根据描述的症状（高热、精神沉郁、腹泻带血、皮肤发绀）、群体发病及死亡情况，结合育肥阶段，高度怀疑为经典猪瘟（Classical Swine Fever, CSF）。该病为OIE列名重大动物疫病，具有高度传染性和致死性，临床表现与猪丹毒、非洲猪瘟等有一定重叠，需通过实验室检测确诊。",立即向当地动物防疫部门报告疫情，严禁私自屠宰、出售或运输病猪及其产品；对发病猪群实施隔离观察，加强消毒措施；采集病死猪组织样本送有资质实验室进行病原学检测，以明确是否为经典猪瘟或其他烈性病；在检测结果未出前，禁止任何治疗措施替代官方处置方案；若确诊为经典猪瘟，应依法扑杀并无害化处理，并对全场及周边区域开展流行病学调查与封锁消毒。,因涉及重大动物疫病防控，无休药期概念，须按官方处置方案执行，禁止出栏销售。,"{""disease_name"": ""经典猪瘟"", ""severity"": ""高致死率重大动物疫病"", ""scene_tags"": [""育肥猪"", ""群体发热"", ""腹泻带血"", ""皮肤发绀"", ""临近出栏""], ""validation_points"": [""症状符合经典猪瘟典型表现"", ""群体发病且死亡率较高"", ""需实验室确诊排除其他烈性病""], ""risk_flags"": [""重大动物疫病风险"", ""潜在跨区域传播风险"", ""法律强制扑杀与无害化处理要求""], ""case_type"": ""上市休药期咨询"", ""target_disease"": ""猪瘟"", ""local_flags"": {""species_ok"": true, ""target_disease_in_diagnosis"": true, ""target_disease_mismatch"": false, ""contains_specific_dose"": false, ""contains_specific_withdrawal"": false, ""regulated_bad_treatment"": false}}",False,False,,,True,False,False,D:\XF-ChongQin\ai-\knowledge\llm_wiki_swine_authoritative,1465,887,"猪瘟
猪瘟、classical swine fever pestiviruses、经典猪瘟、CSF
上市休药期咨询
用户接近出栏，关心治疗方向和用药后能否出栏销售。","{""HUMAN_REVIEWED"": 3}","[""A1-WOAH-CSF"", ""A1-WOAH-CSF-DISEASE"", ""A1-WOAH-CSF-MANUAL"", ""SRC-0031"", ""SRC-0046""]",2221,25.63,ERNIE-4.5-Turbo-32K,92,28,18,25,21,False,True,"该回答在诊断准确性、病理逻辑、处方安全性和数据质量方面均表现良好，符合猪瘟的典型症状和防控要求，未发现致命风险。
问题：诊断准确性方面，虽然症状描述高度符合猪瘟，但未提及与其他类似疾病（如非洲猪瘟）的鉴别诊断，略显不足。；病理逻辑方面，对猪瘟的传播途径和防控措施的描述可以更详细一些。；数据质量方面，用户查询中的症状描述较为详细，但回答中可以进一步引用更多临床数据或研究来支持诊断。；未明确提及人兽共患风险，尽管猪瘟主要影响猪，但完整的风险评估应包含此方面。",hunyuan-turbos-20250926,90,9,9,10,8.5,False,False,该回答准确识别了猪瘟的可能性，并基于重大动物疫病防控要求给出了合规且安全的处置建议，避免了自行用药或销售病猪的危险行为，整体逻辑清晰、安全性高。不足之处在于鉴别诊断部分可更完善，风险评估可补充人兽共患信息，以及传播途径和防控细节可进一步展开。,True,ERNIE-4.5-Turbo-32K,True,pass,回答在诊断准确性、病理逻辑、处方安全性方面表现良好，符合猪瘟的典型症状和防控要求，尽管在鉴别诊断、传播途径和防控细节、人兽共患风险评估方面存在轻微不足，但不影响整体判断，无致命风险。,91.0,28,18,25,21,pass,16.79,19.83,
025b754c-3a1d-5c36-9914-8795fab1464d,223,猪瘟,swine_hunyuan_turbos,DeepSeek-V3.2,成功,,猪,王技术员，我们场里这批保育猪有35天日龄，体重约12公斤，存栏800头。最近一周发现几个栏的猪采食量明显下降，大概减少了三成左右。有些猪精神不好，扎堆怕冷，体温量了几个都在40.5-41.5℃之间。粪便有的偏干，有的拉稀，颜色不太正常。还有几头猪眼睛有脓性分泌物，皮肤看着有点发红。之前用过一些抗生素（恩诺沙星）拌料，效果不明显。现在每天都有两三头情况变差，我很担心，这主要可能是什么问题？接下来该怎么处理？,"根据您描述的35日龄保育猪出现群体性采食下降、高热（40.5-41.5℃）、精神沉郁、扎堆、眼分泌物增多及皮肤发红等症状，且抗生素治疗无效，需高度警惕病毒性疾病的可能性。结合临床症状，首要鉴别诊断方向为猪瘟（Classical Swine Fever, CSF）。该病由猪瘟病毒引起，属于国家一类动物疫病，以高热稽留、广泛性出血点及败血症为主要特征，抗生素治疗无效。其他需鉴别的疾病包括非洲猪瘟（ASF，同样高热、抗生素无效，但皮肤发红表现可能更明显）、猪繁殖与呼吸综合征（蓝耳病，常伴呼吸道症状）及急性猪丹毒等。鉴于存在群体性、高热性、抗生素无效的疫病特征，必须立即启动重大动物疫病排查程序。","治疗方向：立即停止群体性抗生素给药。当前首要任务不是治疗，而是快速诊断与疫情控制。
管理措施：1. 立即隔离：将出现临床症状的猪只及其所在栏位严格隔离，划定疫点。禁止场内人员、物品、车辆交叉流动。2. 全面消毒：对发病栏舍、通道及可能污染的区域进行强化消毒。3. 采样送检：立即联系当地官方兽医或具备资质的诊断实验室，无菌采集发病猪的血液（抗凝血和血清）、扁桃体、淋巴结（尤其是颌下淋巴结）、脾脏和肾脏等组织样本，冷藏保存并尽快送检，进行猪瘟病毒抗原或核酸检测（如PCR）。同时，可采集眼分泌物、粪便样本用于鉴别细菌性继发感染。4. 全群监控：对全场其他猪群（尤其是相邻栏舍）加强临床观察，每日记录体温和采食情况。
禁忌边界：严禁私自解剖病死猪。严禁将病死猪、粪便及污染物随意丢弃或出售。在官方诊断结果未明确前，严禁擅自出售或转运场内任何猪只。不得使用任何未经批准的所谓“治疗性”疫苗或药物。非洲猪瘟与猪瘟均非人兽共患病，但均为须立即上报的重大动物疫病。",不适用。当前处置核心为诊断与疫情控制，非治疗性用药。,"{""disease_name"": ""猪瘟（Classical Swine Fever）"", ""severity"": ""高（疑似一类动物疫病）"", ""scene_tags"": [""保育猪"", ""群体发病"", ""高热"", ""抗生素无效"", ""眼分泌物"", ""皮肤发红""], ""validation_points"": [""抗生素治疗无效是重要指征"", ""需与非洲猪瘟、急性猪丹毒等鉴别"", ""必须依靠实验室诊断确诊""], ""risk_flags"": [""疑似重大动物疫病（CSF/ASF）"", ""需立即上报和隔离"", ""禁止私自解剖和处理病死猪""], ""case_type"": ""保育猪群体发病"", ""target_disease"": ""猪瘟"", ""local_flags"": {""species_ok"": true, ""target_disease_in_diagnosis"": true, ""target_disease_mismatch"": false, ""contains_specific_dose"": false, ""contains_specific_withdrawal"": false, ""regulated_bad_treatment"": false}}",False,False,,,True,False,False,D:\XF-ChongQin\ai-\knowledge\llm_wiki_swine_authoritative,1465,887,"猪瘟
猪瘟、classical swine fever pestiviruses、经典猪瘟、CSF
保育猪群体发病
群体发病、采食下降、粪便或呼吸道异常，用户想知道主要病因和下一步处理。","{""HUMAN_REVIEWED"": 3}","[""A1-WOAH-CSF-DISEASE"", ""A1-WOAH-CSF-MANUAL"", ""SRC-0006"", ""SRC-0031"", ""SRC-0046"", ""SRC-0059""]",2221,479.26,ERNIE-4.5-Turbo-32K,92,28,19,24,21,False,True,"该回答在诊断准确性、病理逻辑、处方安全性和数据质量方面均表现良好，符合猪瘟疑似病例的处理规范，未发现致命风险。
问题：诊断准确性方面，虽然主要诊断为猪瘟，但未充分排除其他类似疾病（如非洲猪瘟）的详细鉴别诊断依据，仅提及需鉴别，未深入分析症状差异。；病理逻辑方面，对猪瘟的典型症状描述较全面，但未明确说明群体发病与猪瘟传播特性的关联性。；处方安全性方面，管理措施全面且符合规范，但未提及对健康猪群的预防性措施（如疫苗接种状态核查）。；数据质量方面，场景标签和验证点覆盖较全，但风险标志中未明确提及‘人兽共患病’的排除说明（尽管猪瘟非人兽共患病，但需明确标注以避免混淆）。",hunyuan-turbos-20250926,90,88,87,95,90,False,False,"该回答整体结构完整，场景真实，症状与目标疾病（猪瘟）高度吻合，诊断思路清晰，排除了常见误诊方向，并强调了重大动物疫病的防控流程。处方部分无危险建议，强调隔离、消毒、送检和上报，符合生物安全要求。不足之处在于鉴别诊断细节不够深入，未充分分析猪瘟与其他高热性传染病的区分要点，也未明确健康猪群的预防策略。
问题：鉴别诊断中对非洲猪瘟等相似疾病的区分依据不足，缺乏症状对比分析。；未明确阐述群体发病与猪瘟传播特性的关联。；缺少针对健康猪群的预防性措施建议（如疫苗核查、免疫状态评估）。；虽提到非人兽共患病，但未在文本中明确标注以防误解。",True,ERNIE-4.5-Turbo-32K,True,pass,回答整体结构完整，诊断方向准确，症状与猪瘟高度吻合，排除了常见误诊方向，并强调了重大动物疫病的防控流程。处方部分无危险建议，管理措施全面且符合规范。尽管在鉴别诊断细节、群体发病与猪瘟传播特性的关联、健康猪群预防性措施建议以及非人兽共患病的明确标注方面存在轻微不足，但不影响整体判断，可判为pass。,91.0,28,19,24,21,pass,20.28,21.12,
55aceea6-811d-5900-beff-18f097c453be,296,猪瘟,swine_hunyuan_turbos,hunyuan-turbos-20250926,成功,,猪,我家有120头80公斤左右的育肥猪，最近一周陆续有几头开始发烧41℃左右，精神沉郁，食欲下降，皮肤发红，有的耳朵发紫，粪便稀软带血丝，之前按细菌性腹泻用了恩诺沙星和多西环素拌料喂了三天，体温降下来一点但没完全恢复，现在又新发病几头，这种情况还能继续用这些药吗？会不会是猪瘟？,"根据描述，育肥猪群出现高热、皮肤发红、耳部发绀、血便等症状，且对常规抗生素治疗反应不佳，提示可能为病毒性出血性疾病，高度怀疑为经典猪瘟（Classical Swine Fever, CSF）。该病由黄病毒科瘟病毒属引起，传播快、死亡率高，临床表现多样，易与非洲猪瘟、丹毒等混淆，确诊需实验室检测。",立即暂停使用抗生素，防止掩盖病情延误防控；将疑似病例与健康猪严格隔离，减少人员、车辆、工具交叉接触；采集发热及典型病变猪的血清、组织样本送具备资质的实验室进行病原学检测（如RT-PCR）；全群加强生物安全措施，包括消毒、灭鼠、防鸟；若确诊为经典猪瘟，应依据当地畜牧兽医部门要求进行扑杀和无害化处理，严禁私自销售或转移；在未排除重大疫病前，不得自行投喂任何未经许可的药物。,因涉及重大动物疫病，无休药期概念，应按防疫规定处理病死猪及污染场所，禁止屠宰上市。,"{""disease_name"": ""经典猪瘟"", ""severity"": ""高致死性"", ""scene_tags"": [""育肥猪"", ""群体发病"", ""高热"", ""便血"", ""抗生素治疗无效""], ""validation_points"": [""症状符合经典猪瘟特征：高热、皮肤充血、耳发绀、血便"", ""抗生素治疗无明显改善，提示非单纯细菌感染"", ""群体中出现新发病例，提示存在持续传播""], ""risk_flags"": [""重大动物疫病风险"", ""人畜共患病不适用，但需警惕与其他出血热混淆"", ""禁止私自用药和销售""], ""case_type"": ""育肥猪用药咨询"", ""target_disease"": ""猪瘟"", ""local_flags"": {""species_ok"": true, ""target_disease_in_diagnosis"": true, ""target_disease_mismatch"": false, ""contains_specific_dose"": false, ""contains_specific_withdrawal"": false, ""regulated_bad_treatment"": false}}",False,False,,,True,False,False,D:\XF-ChongQin\ai-\knowledge\llm_wiki_swine_authoritative,1465,887,"猪瘟
猪瘟、classical swine fever pestiviruses、经典猪瘟、CSF
育肥猪用药咨询
育肥猪出现典型症状，用户已经用过常见药物但效果一般，询问是否继续用药。","{""HUMAN_REVIEWED"": 3}","[""A1-WOAH-CSF"", ""A1-WOAH-CSF-DISEASE"", ""A1-WOAH-CSF-MANUAL"", ""SRC-0015"", ""SRC-0031"", ""SRC-0046""]",2221,22.29,ERNIE-4.5-Turbo-32K,92,28,18,25,21,False,True,"该回答对猪瘟的诊断准确，症状描述与疾病特征高度匹配，诊断逻辑合理，处方安全且符合重大疫病防控要求，数据质量较高，无明显错误。
问题：诊断准确性方面，虽然整体准确，但未完全利用所有症状信息（如精神沉郁、食欲下降）进行更细致的分析；病理逻辑上，对猪瘟与其他类似疾病（如非洲猪瘟、丹毒）的鉴别诊断描述可更详细；数据质量上，场景标签和验证点覆盖较全，但可增加更多细节支持诊断。",hunyuan-turbos-20250926,90,9,8.5,10,8.5,False,False,"该回答对猪瘟的诊断准确，症状与疾病特征高度吻合，诊断逻辑清晰，处方措施安全且符合重大疫病防控要求，未出现危险用药建议。不足之处在于鉴别诊断分析不够深入，部分症状未充分用于细化推理，数据细节支撑略显不足。
问题：鉴别诊断中对非洲猪瘟、丹毒等的区分描述较为简略，缺乏更深入对比分析。；用户提供的精神沉郁、食欲下降等全身症状在诊断分析中未充分利用。；数据细节（如病程变化、环境背景）可进一步丰富以支持诊断。",True,ERNIE-4.5-Turbo-32K,True,pass,回答对猪瘟的诊断准确，症状与疾病特征高度吻合，诊断逻辑清晰，处方措施安全且符合重大疫病防控要求。尽管在鉴别诊断的深入性、症状利用的充分性以及数据细节支撑方面存在轻微不足，但整体质量较高，不影响其作为有效数据的参考价值。,91.0,28,18,25,21,pass,14.23,16.89,
24fdd977-08ff-51de-83e7-d17b852ee3f5,4,猪瘟,swine_hunyuan_turbos,hunyuan-turbos-20250926,成功,,猪,我家有200多头育肥猪，平均体重在70公斤左右，这几天发现同一圈里有好几头开始发烧到41度以上，精神萎靡、不吃料，有的还拉稀带血，已经死了两头。之前用过恩诺沙星拌料三天没见好转，现在隔壁栋也有类似情况出现。这种情况能不能先当普通病治几天看看？,根据描述的高热、精神沉郁、食欲废绝、腹泻带血及多栋同时发生的情况，高度怀疑为猪瘟（Classical Swine Fever）。该病为烈性传染病，具有快速传播和高致死率的特点，且症状与普通细菌性肠炎、副伤寒等有重叠，但病死率高、死亡率上升快，提示病毒性烈性病可能性大。,立即暂停一切常规药物治疗，禁止随意转群、出售或屠宰。对全群进行紧急隔离，封锁场区，防止人员、车辆、饲料等交叉污染。采集发热、腹泻严重及死亡猪的耳温血、脾脏、淋巴结等样本送有资质的实验室进行病原学检测确诊。在未获检测结果前，应按重大动物疫病防控预案执行，并第一时间向当地动物防疫部门报告，等待专业处置意见。严禁私自剖检病死猪以防污染环境。,因涉及重大动物疫病，无场内治疗处方，不存在休药期问题。所有可疑猪及其产品均不得进入市场流通。,"{""disease_name"": ""猪瘟"", ""severity"": ""高"", ""scene_tags"": [""全场"", ""多栋同时发病"", ""高热"", ""腹泻带血"", ""急性死亡""], ""validation_points"": [""高热>41℃伴精神沉郁、食欲废绝"", ""腹泻带血"", ""短时间内多栋同时出现病例"", ""常规抗生素治疗无效""], ""risk_flags"": [""重大动物疫病"", ""OIE列名疫病"", ""需立即上报""], ""case_type"": ""暴发与处置边界"", ""target_disease"": ""猪瘟"", ""local_flags"": {""species_ok"": true, ""target_disease_in_diagnosis"": true, ""target_disease_mismatch"": false, ""contains_specific_dose"": false, ""contains_specific_withdrawal"": false, ""regulated_bad_treatment"": false}}",False,False,,,True,False,False,D:\XF-ChongQin\ai-\knowledge\llm_wiki_swine_authoritative,1465,887,"猪瘟
猪瘟、classical swine fever pestiviruses、经典猪瘟、CSF
暴发与处置边界
同栏或多栋猪舍短期内发病增多，用户询问是否能先按普通病治疗观察。","{""HUMA"": 1, ""HUMAN_REVIEWED"": 3}","[""A1-WOAH-CSF-DISEASE"", ""SRC-0001"", ""SRC-0031"", ""SRC-0046""]",2221,35.07,ERNIE-4.5-Turbo-32K,92,28,19,24,21,False,True,"该回答对猪瘟的诊断准确，症状与疾病匹配度高，诊断逻辑清晰，处理方向安全且与疾病相互印证，数据质量较高，无致命风险。
问题：diagnosis_accuracy: 诊断准确性较高，但未完全覆盖所有可能症状，如皮肤出血点等，可进一步提升细节描述。；pathology_logic: 病理逻辑基本合理，但可增加对猪瘟与其他类似疾病（如非洲猪瘟）的鉴别诊断说明。；prescription_safety: 处方安全且符合重大疫病防控要求，但可补充更多具体防控措施，如消毒程序等。；data_quality: 数据质量较高，但可增加更多现场观察数据或实验室检测建议以增强说服力。",hunyuan-turbos-20250926,90,9,8.5,10,8.5,False,False,该回答对猪瘟的诊断准确，症状与疾病匹配度高，诊断逻辑清晰，处理方向安全且与疾病相互印证，数据质量较高，无致命风险。,True,ERNIE-4.5-Turbo-32K,both,pass,该回答对猪瘟的诊断准确，症状与疾病匹配度高，诊断逻辑清晰，处理方向安全且与疾病相互印证，数据质量较高。尽管存在轻微不足，如未完全覆盖所有可能症状、缺乏鉴别诊断说明及防控措施细节，但整体内容安全可靠，对猪瘟的防控具有实际指导意义，无致命风险。,91.0,28,19,24,21,pass,20.53,30.41,
462dd020-cf48-58f8-8ab2-3c82943d9188,4,猪瘟,swine_hunyuan_turbos,hunyuan-turbos-20250926,成功,,猪,我家有200头育肥猪，平均体重80公斤左右，最近两天同一圈里有5头出现高热41℃以上、精神沉郁、食欲下降、皮肤发红，还有一头拉稀带血。之前用过阿莫西林饮水三天没见好转。请问能不能先当普通病治几天看看？,根据描述的高热、皮肤发红、腹泻带血等症状，以及短时间内多例发生的情况，高度怀疑为猪瘟（Classical Swine Fever）。该病为烈性传染病，一旦怀疑应立即停止自行治疗并启动疫情报告程序。,立即隔离可疑病例，禁止调运和出售任何生猪及产品；对全群进行紧急采样送检（血液、组织样本），由当地动物疫病预防控制机构确诊；在未排除前严禁使用未经批准的抗病毒药物或抗生素替代防控；配合主管部门开展封锁、消毒和无害化处理措施。,因涉及重大动物疫病，无场内治疗休药期概念，须按官方处置方案执行。,"{""disease_name"": ""猪瘟"", ""severity"": ""高"", ""scene_tags"": [""育肥猪"", ""高热"", ""急性出血性腹泻"", ""多例突发""], ""validation_points"": [""症状符合猪瘟典型表现（高热、皮肤发红、便血）"", ""短时间内多例发生提示传染性高"", ""曾用抗生素治疗无效支持病毒性病因""], ""risk_flags"": [""重大动物疫病"", ""需立即上报"", ""禁止私自治疗""], ""case_type"": ""暴发与处置边界"", ""target_disease"": ""猪瘟"", ""local_flags"": {""species_ok"": true, ""target_disease_in_diagnosis"": true, ""target_disease_mismatch"": false, ""contains_specific_dose"": false, ""contains_specific_withdrawal"": false, ""regulated_bad_treatment"": false}}",False,False,,,True,False,False,D:\XF-ChongQin\ai-\knowledge\llm_wiki_swine_authoritative,1465,887,"猪瘟
猪瘟、classical swine fever pestiviruses、经典猪瘟、CSF
暴发与处置边界
同栏或多栋猪舍短期内发病增多，用户询问是否能先按普通病治疗观察。","{""HUMA"": 1, ""HUMAN_REVIEWED"": 3}","[""A1-WOAH-CSF-DISEASE"", ""SRC-0001"", ""SRC-0031"", ""SRC-0046""]",2221,30.57,ERNIE-4.5-Turbo-32K,92,28,18,25,21,False,True,"该回答对猪瘟的诊断准确，症状描述与疾病特征高度匹配，诊断逻辑合理，处理方向安全且符合重大疫病防控要求，数据质量较高。
问题：诊断准确性方面，虽然整体判断正确，但未完全覆盖所有症状（如精神沉郁、食欲下降）与猪瘟的关联性说明；病理逻辑上，对短时间内多例发生的传染性解释可更深入；数据质量上，场景标签和验证点可进一步细化以增强说服力。",hunyuan-turbos-20250926,90,9,8.5,10,8.5,False,False,"该回答对猪瘟的诊断准确，症状与疾病特征高度匹配，处理方案符合重大疫病防控要求，未给出危险用药建议，安全性高。不足之处在于部分症状与疾病的关联解释不够充分，病理机制分析略显简略，数据细节可更丰富。
问题：未详细解释精神沉郁、食欲下降等常见症状与猪瘟的病理联系；对短时间内多例发病的传染机制分析不足；场景标签和验证信息可更细化",True,ERNIE-4.5-Turbo-32K,True,pass,该回答对猪瘟的诊断准确，症状描述与疾病特征高度匹配，处理方向安全且符合重大疫病防控要求。尽管在症状关联解释和病理机制分析上存在轻微不足，但不影响整体诊断和处置方向，数据质量较高。,91.0,28,18,25,21,pass,17.48,17.44,
db3e20b7-a87b-5936-9dc0-a2f4d9a15c8e,442,猪瘟,swine_hunyuan_turbos,hunyuan-turbos-20250926,成功,,猪,我家有120头育肥猪，平均体重60公斤左右，分两栋圈养。最近一栋里陆续出现发热、精神沉郁、皮肤发红发紫的情况，已经有7头这样了，昨天开始还有两头呕吐拉稀。之前用过恩诺沙星拌料三天，没见好转。请问能不能先当普通病治着看？,根据描述的症状（高热、精神沉郁、皮肤发绀、呕吐腹泻），在育肥猪群中短时间内多例发生，高度怀疑为猪瘟（Classical Swine Fever）。该病为病毒性传染病，具有急性暴发特征，且死亡率高。,treatment_direction: 不建议自行按普通疾病治疗。应立即停止任何常规抗菌药物的继续投喂，防止掩盖病情延误处置。；management_measures: 对发病猪及同栏健康猪立即实施严格隔离，禁止人员、车辆、工具随意进出病区；加强消毒，限制人员流动；暂停引种和出售计划。；sampling_and_testing: 尽快采集发病猪的血液、组织样本送具备资质的实验室进行猪瘟病原核酸检测或抗原检测，以确诊。；prohibited_actions: 严禁私自屠宰、销售或转运可疑病猪及其产品；不得在未经确认的情况下继续使用抗生素试图‘压住’病情。,因涉及重大动物疫病，无场内治疗处方，不存在常规休药期概念。应等待检测结果并依据当地畜牧兽医主管部门的处置意见执行。,"{""disease_name"": ""猪瘟"", ""severity"": ""高致死性、烈性传染病"", ""scene_tags"": [""育肥猪"", ""群发"", ""高热"", ""皮肤发绀"", ""呕吐腹泻""], ""validation_points"": [""症状符合猪瘟典型表现"", ""短时间内多例发生提示传染性高"", ""抗生素治疗无效支持病毒性病因""], ""risk_flags"": [""重大动物疫病"", ""需立即隔离与送检"", ""禁止擅自治疗与流通""], ""case_type"": ""暴发与处置边界"", ""target_disease"": ""猪瘟"", ""local_flags"": {""species_ok"": true, ""target_disease_in_diagnosis"": true, ""target_disease_mismatch"": false, ""contains_specific_dose"": false, ""contains_specific_withdrawal"": false, ""regulated_bad_treatment"": false}}",False,False,,,True,False,False,D:\XF-ChongQin\ai-\knowledge\llm_wiki_swine_authoritative,1465,887,"猪瘟
猪瘟、classical swine fever pestiviruses、经典猪瘟、CSF
暴发与处置边界
同栏或多栋猪舍短期内发病增多，用户询问是否能先按普通病治疗观察。","{""HUMA"": 1, ""HUMAN_REVIEWED"": 3}","[""A1-WOAH-CSF-DISEASE"", ""SRC-0001"", ""SRC-0031"", ""SRC-0046""]",2221,27.49,ERNIE-4.5-Turbo-32K,92,28,19,24,21,False,True,"该回答在诊断准确性、病理逻辑、处方安全性和数据质量方面表现良好，对猪瘟的诊断和处理建议符合实际情况，无明显错误或风险。
问题：diagnosis_accuracy: 诊断准确性较高，但未完全覆盖所有症状（如呕吐腹泻的关联性解释稍弱）。；pathology_logic: 病理逻辑清晰，但未详细说明猪瘟的传播途径和潜伏期对诊断的影响。；prescription_safety: 处方安全性高，但未提及紧急情况下的初步处理措施（如降温、补液等）。；data_quality: 数据质量较好，但场景标签和验证点可以更详细（如增加猪瘟的流行病学特点）。",hunyuan-turbos-20250926,90,9,8.5,10,8.5,False,False,该数据整体真实可信，用户描述的场景符合猪瘟在育肥猪群中的典型暴发模式，症状与猪瘟高度吻合。诊断明确指向重大动物疫病，处理建议强调隔离、送检、禁售禁运，符合生物安全和法规防控要求，未出现危险用药建议。不足之处在于对部分症状的关联机制解释不够深入，以及缺少紧急支持性护理提示。,True,ERNIE-4.5-Turbo-32K,True,pass,两位评委均认为该回答在诊断准确性、病理逻辑、处方安全性和数据质量方面表现良好，诊断明确指向猪瘟，处理建议符合生物安全和法规防控要求，未出现危险用药建议。尽管存在对部分症状关联机制解释不够深入、缺少流行病学信息和紧急支持性护理提示等轻微不足，但不影响整体判断，可判pass。,91.0,28,19,24,21,pass,19.03,16.51,
751a29b2-5f15-5a01-8d11-51b13e954bdd,77,猪瘟,swine_hunyuan_turbos,hunyuan-turbos-20250926,成功,,猪,我家有200头育肥猪，平均体重70公斤左右，最近一周陆续出现发热、精神沉郁、食欲下降的情况，有的猪还拉稀带血，个别猪耳朵发紫。之前用过氟苯尼考拌料三天，效果不明显。想问下这种情况是不是猪瘟？该采哪些样送检测？怎么判断是不是误诊耽误事？,"根据描述的发热、沉郁、食欲减退、腹泻带血及耳部发绀等症状，结合群体发病情况，高度怀疑为经典猪瘟（Classical Swine Fever, CSF）。该病在不同阶段猪群中均可发生，且临床表现多样，易与其他出血性传染病混淆。",立即停止任何未经确诊的投药，防止掩盖病情延误诊断。采集典型病例的全血（含抗凝剂）、脾脏、肾脏、扁桃体等组织样本，必要时加采脑组织（尤其有神经症状时），低温保存并尽快送检进行病原学检测（如RT-PCR）和血清学检测。同时加强生物安全措施，限制人员、车辆流动，对病死猪无害化处理，全场消毒。严禁私自使用未批准药物替代防控，若确诊为CSF，应按国家相关规定上报并采取扑杀、封锁等措施。,因涉及重大动物疫病，无常规休药期概念，须按官方处置方案执行。,"{""disease_name"": ""经典猪瘟"", ""severity"": ""高"", ""scene_tags"": [""育肥猪"", ""群体发病"", ""出血性腹泻"", ""高热"", ""耳部发绀""], ""validation_points"": [""多阶段猪群同时发病提示烈性传染病可能性大"", ""发热、沉郁、便血、发绀符合CSF典型症状"", ""曾用抗生素无效支持病毒性病因""], ""risk_flags"": [""重大动物疫病风险"", ""需立即采样送检"", ""禁止自行治疗替代官方处置""], ""case_type"": ""采样送检咨询"", ""target_disease"": ""猪瘟"", ""local_flags"": {""species_ok"": true, ""target_disease_in_diagnosis"": true, ""target_disease_mismatch"": false, ""contains_specific_dose"": false, ""contains_specific_withdrawal"": false, ""regulated_bad_treatment"": false}}",False,False,,,True,False,False,D:\XF-ChongQin\ai-\knowledge\llm_wiki_swine_authoritative,1465,887,"猪瘟
猪瘟、classical swine fever pestiviruses、经典猪瘟、CSF
采样送检咨询
用户描述症状后，重点询问采什么样品、如何判断和如何避免误治。","{""HUMAN_REVIEWED"": 3}","[""A1-WOAH-CSF"", ""A1-WOAH-CSF-DISEASE"", ""A1-WOAH-CSF-MANUAL"", ""SRC-0009"", ""SRC-0031"", ""SRC-0046""]",2221,25.75,ERNIE-4.5-Turbo-32K,92,28,18,25,21,False,True,"该回答对猪瘟的诊断准确，症状与疾病匹配度高，诊断逻辑合理，处方安全且符合疾病防控要求，数据质量较高，无致命风险。
问题：诊断准确性方面，虽然整体判断正确，但未完全覆盖所有症状与疾病的细微关联；病理逻辑上，对疾病发展过程的解释稍显简略；数据质量上，部分场景标签和验证点可进一步细化。",hunyuan-turbos-20250926,90,9,8.5,10,8.5,False,False,该回答针对用户描述的发热、沉郁、食欲减退、腹泻带血、耳部发绀等症状，准确指向经典猪瘟，并结合群体发病背景给出高怀疑度判断，诊断与目标疾病匹配度高。处方强调停止盲目用药、规范采样送检、强化生物安全，并明确重大疫病需依法上报和扑杀，无危险建议，安全性高。不足之处在于病理机制描述较简略，数据细节可更丰富。,True,ERNIE-4.5-Turbo-32K,True,pass,回答对猪瘟的诊断准确，症状与疾病匹配度高，诊断逻辑合理，处方安全且符合疾病防控要求。尽管在病理过程描述和数据采集细节上存在轻微不足，但整体内容质量较高，无致命风险，不影响数据可用性。,91.0,28,18,25,21,pass,15.82,22.25,
9e321908-804b-542f-be4b-37ce99a23ac9,38,猪细小病毒病,swine_hunyuan_turbos,ERNIE-4.5-Turbo-32K,成功,,猪,我家母猪存栏120头，最近3个月连续出现流产，流产母猪集中在妊娠40-60天，之前用过抗生素和驱虫药但没效果，现在想问问该送检什么样品，是不是要暂停配种和引种？,结合母猪连续流产、流产集中在妊娠中期、既往抗生素和驱虫治疗无效，高度怀疑猪细小病毒病（PPV1感染），需通过实验室检测进一步确诊。,治疗方向：无特效抗病毒药物，以预防继发感染为主；管理措施：立即暂停配种和引种，对流产母猪进行隔离，加强圈舍消毒；采样送检：采集流产胎儿组织、母猪血清或阴道分泌物送实验室进行PPV1核酸检测或血清学检测；禁忌边界：禁止使用抗病毒药物，避免对健康母猪进行未经检测的疫苗接种。,无具体休药期（因无特效治疗药物，主要依赖管理措施和预防继发感染）。,"{""disease_name"": ""猪细小病毒病"", ""severity"": ""中等（繁殖障碍持续出现，但未扩散至全群）"", ""scene_tags"": [""繁殖障碍"", ""流产"", ""妊娠中期"", ""实验室检测"", ""暂停配种""], ""validation_points"": [""猪细小病毒病以妊娠母猪流产为主要特征，尤其是妊娠40-60天"", ""抗生素和驱虫药对病毒病无效，符合PPV1感染特点"", ""采样送检需包括流产胎儿组织和母猪血清/阴道分泌物"", ""暂停配种和引种是防止病毒扩散的关键措施""], ""risk_flags"": [""繁殖障碍持续出现可能影响全群生产性能"", ""PPV1可通过胎盘感染胎儿，需严格隔离流产母猪""], ""case_type"": ""繁殖障碍送检"", ""target_disease"": ""猪细小病毒病"", ""local_flags"": {""species_ok"": true, ""target_disease_in_diagnosis"": true, ""target_disease_mismatch"": false, ""contains_specific_dose"": false, ""contains_specific_withdrawal"": false, ""regulated_bad_treatment"": false}}",False,False,,,True,False,False,D:\XF-ChongQin\ai-\knowledge\llm_wiki_swine_authoritative,1465,887,"猪细小病毒病
猪细小病毒病、parvoviruses
繁殖障碍送检
繁殖异常持续出现，用户询问该采哪些样品、是否需要暂停配种和引种。","{""HUMAN_REVIEWED"": 3, ""NEEDS_REVIEW"": 2}","[""A0-MOA-573"", ""SRC-0001"", ""SRC-0045""]",2087,51.81,ERNIE-4.5-Turbo-32K,92,28,18,24,22,False,True,"该回答针对猪细小病毒病的诊断、治疗方向及管理措施给出了较为全面和准确的建议，诊断依据充分，治疗方向和管理措施合理，采样送检建议明确，且考虑到了疾病的传播风险和预防措施。
问题：diagnosis_accuracy方面，虽然诊断准确，但未完全覆盖所有可能的诊断依据，如未提及该病在猪群中的流行情况或历史发病记录等额外信息；pathology_logic方面，逻辑基本清晰，但可进一步细化对病毒传播途径和感染机制的解释；data_quality方面，数据完整，但部分信息如疾病严重程度的描述可更加具体和量化。",hunyuan-turbos-20250926,90,9,8.5,9.5,8.5,False,False,该数据整体真实可信，用户描述的场景符合猪细小病毒病典型表现，诊断依据充分且与目标疾病匹配。处理建议包括暂停配种引种、隔离、消毒以及送检方案，均符合防控原则，并避免了使用违禁或高风险药物。处方中未出现具体剂量或休药期承诺，安全性良好。不足之处在于诊断细节可更丰富，病理机制解释略简略，数据质量可进一步提升。,True,ERNIE-4.5-Turbo-32K,True,pass,该回答针对猪细小病毒病的诊断、治疗方向及管理措施给出了较为全面和准确的建议，诊断依据充分，治疗方向和管理措施合理，采样送检建议明确，且考虑到了疾病的传播风险和预防措施。尽管在诊断细节、病理机制解释和数据质量方面存在轻微不足，但不影响整体判断，可判为pass。,91.0,28,18,24,22,pass,17.51,24.17,
54ec799d-2905-5e33-b6cd-d14a65ecb5cc,445,猪胸膜肺炎,swine_hunyuan_turbos,hunyuan-turbos-20250926,成功,,猪,我家有200头60公斤左右的育肥猪，这几天有几头开始咳嗽、呼吸急促、体温升高到40度左右，吃料明显减少，昨天又死了两头，剖检发现肺部有出血坏死灶，怀疑是不是胸膜肺炎？要不要整批用抗生素？,根据描述的症状（高热、咳嗽、呼吸困难、采食下降）、剖检所见肺部出血坏死及纤维素性胸膜炎等特征性病变，结合育肥猪阶段高发特点，高度怀疑为猪胸膜肺炎（由胸膜肺炎放线杆菌引起）。该病在密闭饲养条件下可通过飞沫快速传播，需尽快控制传染源并防止扩散。,treatment_direction: 针对胸膜肺炎放线杆菌选用敏感抗生素进行群体治疗，同时配合改善通风、降低氨气浓度等措施。；management_measures: 立即隔离病猪，加强圈舍通风换气，保持适宜温湿度，减少应激；对病死猪无害化处理，防止病原扩散。；sampling_submission: 采集病猪肺组织、气管分泌物送实验室分离鉴定病原，并进行药敏试验指导后续用药。；contraindications_boundary: 严禁使用未经批准的违禁药物；若怀疑为重大动物疫病或疫情扩散迅速，应按规定上报主管部门，不得擅自处理。,按所用药物说明执行相应休药期，确保上市猪肉安全。,"{""disease_name"": ""猪胸膜肺炎"", ""severity"": ""高"", ""scene_tags"": [""育肥猪"", ""呼吸道症状"", ""群体发病"", ""高热"", ""采食下降""], ""validation_points"": [""症状符合胸膜肺炎急性表现（高热、咳嗽、呼吸困难）"", ""剖检见肺部出血坏死及纤维素性胸膜炎"", ""育肥猪阶段为该病高发期""], ""risk_flags"": [""存在快速传播风险"", ""可能导致死亡损失"", ""需警惕疫情扩散""], ""case_type"": ""呼吸道群体发病"", ""target_disease"": ""猪胸膜肺炎"", ""local_flags"": {""species_ok"": true, ""target_disease_in_diagnosis"": true, ""target_disease_mismatch"": false, ""contains_specific_dose"": false, ""contains_specific_withdrawal"": false, ""regulated_bad_treatment"": false}}",False,False,,,True,False,False,D:\XF-ChongQin\ai-\knowledge\llm_wiki_swine_authoritative,1465,887,"猪胸膜肺炎
猪胸膜肺炎、actinobacillus pleuropneumoniae pleuropneumonia
呼吸道群体发病
同栏出现咳嗽、喘气、发热、采食下降，用户想判断病因和是否需要全群用药。","{""HUMAN_REVIEWED"": 3, ""NEEDS_REVIEW"": 2}","[""A0-MOA-573"", ""SRC-0001"", ""SRC-0006"", ""SRC-0058""]",2127,33.26,ERNIE-4.5-Turbo-32K,92,28,19,24,21,False,True,"该回答整体表现优秀，诊断准确，病理逻辑清晰，处方安全合理，数据质量较高。诊断依据充分，结合症状、剖检结果和育肥猪阶段特点，高度怀疑猪胸膜肺炎。病理逻辑符合疾病特征，处方中选用敏感抗生素、改善通风等措施有效，且注意到了违禁药物和疫情上报的禁忌。数据质量方面，症状、剖检和风险标签均与疾病高度相关。
问题：diagnosis_accuracy: 诊断准确性虽高，但未明确提及胸膜肺炎放线杆菌的血清型差异可能影响药敏结果。；pathology_logic: 病理逻辑中未详细解释纤维素性胸膜炎与胸膜肺炎放线杆菌感染的直接关联。；prescription_safety: 处方安全中未具体说明敏感抗生素的选择依据（如药敏试验结果）。；data_quality: 数据质量中风险标签虽全面，但未提及人兽共患风险（虽猪胸膜肺炎非人兽共患病，但评估应考虑全面性）。",hunyuan-turbos-20250926,90,9,8.5,9,8.5,False,False,该回答整体表现良好，诊断准确，病理逻辑基本合理，处方安全且包含必要的防疫与管理措施，无明显危险建议。不足之处在于部分细节可进一步补充，例如血清型差异、纤维素性胸膜炎与病原的直接联系以及抗生素选择依据的细化。,True,ERNIE-4.5-Turbo-32K,True,pass,诊断准确，结合症状、剖检结果和育肥猪阶段特点，高度怀疑猪胸膜肺炎，病理逻辑符合疾病特征。处方中选用敏感抗生素、改善通风等措施有效，且注意到了违禁药物和疫情上报的禁忌，整体安全合理。虽然存在部分细节未提及，如血清型差异、纤维素性胸膜炎与病原的直接联系以及抗生素选择依据的细化，但不影响整体判断，数据质量较高。,91.0,28,19,24,21,pass,22.81,14.21,
63d000f9-1c2a-5d37-9592-1336ccb2cc50,172,猪血凝性脑脊髓炎,swine_hunyuan_turbos,hunyuan-turbos-20250926,成功,,猪,我场有120头哺乳仔猪，平均15日龄左右，最近两天陆续出现不吃奶、精神沉郁、有的还伴有呕吐和抽搐的情况，同一窝里好几头都这样，体温测着正常偏低，已经死了两头。之前没用过什么特别的药物，圈舍通风一般，湿度偏高。我想问能不能先用点抗生素看看效果？,根据描述的症状（哺乳仔猪、呕吐、消瘦、神经症状）、高死亡率及同窝多发的特点，高度怀疑为猪血凝性脑脊髓炎病毒感染所致。该病由冠状病毒科的血凝性脑脊髓炎病毒引起，主要侵害新生仔猪，常表现为呕吐消瘦综合征或脑脊髓炎综合征，且病情进展快，死亡率高。,本病为病毒性传染病，抗生素治疗无效。应立即将可疑病例与健康猪隔离，减少应激，改善通风与干燥条件；采集病死猪脑组织、小肠内容物等样本送实验室检测确诊；对全群加强监测，发现异常及时剔除并无害化处理；禁止随意使用抗生素掩盖症状，以免延误防控。若确诊为猪血凝性脑脊髓炎，应依据当地动物防疫部门要求进行疫情报告和相应处置，包括封锁、消毒、扑杀等措施。,本病无特效治疗药物，不存在药物休药期问题；如涉及生物制品使用，须遵循产品说明书及监管要求执行。,"{""disease_name"": ""猪血凝性脑脊髓炎"", ""severity"": ""高致死性"", ""scene_tags"": [""哺乳仔猪"", ""神经症状"", ""呕吐消瘦"", ""同窝多发""], ""validation_points"": [""症状符合猪血凝性脑脊髓炎特征"", ""年龄阶段易感"", ""高死亡率提示烈性病毒病""], ""risk_flags"": [""可能属于重大动物疫病范畴，需立即上报"", ""不可自行用抗生素治疗掩盖症状"", ""存在疫情扩散风险，需严格隔离与消毒""], ""case_type"": ""暴发与处置边界"", ""target_disease"": ""猪血凝性脑脊髓炎"", ""local_flags"": {""species_ok"": true, ""target_disease_in_diagnosis"": true, ""target_disease_mismatch"": false, ""contains_specific_dose"": false, ""contains_specific_withdrawal"": false, ""regulated_bad_treatment"": false}}",False,False,,,True,False,False,D:\XF-ChongQin\ai-\knowledge\llm_wiki_swine_authoritative,1465,887,"猪血凝性脑脊髓炎
猪血凝性脑脊髓炎、hemagglutinating encephalomyelitis virus
暴发与处置边界
同栏或多栋猪舍短期内发病增多，用户询问是否能先按普通病治疗观察。","{""HUMAN_REVIEWED"": 3, ""NEEDS_REVIEW"": 2}","[""SRC-0001"", ""SRC-0037"", ""SRC-0046"", ""SRC-0052""]",2099,20.18,ERNIE-4.5-Turbo-32K,92,28,18,25,21,False,True,"该回答对猪血凝性脑脊髓炎的诊断准确，症状描述与疾病特征高度匹配，诊断逻辑清晰，处理方向安全合理，数据质量较高，无致命风险。
问题：诊断准确性方面，虽然整体准确，但未完全覆盖所有症状（如体温偏低未明确提及）；病理逻辑方面，对疾病传播途径和防控措施的描述可更详细；数据质量方面，症状描述和疾病特征的对应关系可进一步细化。",hunyuan-turbos-20250926,90,9,8.5,10,8.5,False,False,该回答对猪血凝性脑脊髓炎的诊断准确，症状与疾病特征高度匹配，诊断逻辑清晰，处理方案符合安全规范，无危险用药建议，并强调了疫情报告与无害化处理，符合重大疫病防控要求。不足之处在于部分细节（如体温偏低）未在诊断中明确指出，病理机制与传播路径的阐述略显简略，数据对应可更细致。,True,ERNIE-4.5-Turbo-32K,True,pass,该回答对猪血凝性脑脊髓炎的诊断准确，症状与疾病特征高度匹配，诊断逻辑清晰，处理方案安全合理，符合重大疫病防控要求。尽管存在部分细节（如体温偏低未明确提及、病理机制与传播途径解释不够详尽）的不足，但不影响整体诊断和处置方向，数据质量较高，无致命风险。,91.0,28,18,25,21,pass,12.33,17.65,
e113ee88-c5f1-5066-8130-ac0d55e6e6ec,163,猪霉菌毒素中毒,swine_hunyuan_turbos,hunyuan-turbos-20250926,成功,,猪,我家有200头育肥猪，平均体重在80公斤左右，最近换了新一批玉米做饲料，大概用了五六天吧，就发现不少猪不爱吃料了，有的还吐，有几头母猪出现流产迹象，个别猪走路有点晃。请问是不是饲料有问题？该怎么处理？,根据描述，结合近期更换饲料后出现的采食下降、呕吐、流产及运动障碍等症状，高度怀疑为猪霉菌毒素中毒。该病由摄入被产毒真菌污染的饲料引起，常见毒素包括黄曲霉毒素、呕吐毒素、玉米赤霉烯酮等，可导致消化系统、生殖系统和神经系统损伤。,treatment_direction: 立即停喂可疑饲料，改用清洁无霉变的全价配合饲料；提供充足清洁饮水，添加适量电解质和维生素C以增强抵抗力；对症状明显的个体进行对症治疗，如止吐、补液、保肝护肾等措施。；management_measures: 清理并封存剩余可疑饲料，防止继续饲喂；加强圈舍通风，保持干燥卫生；检查饲料原料储存条件，避免潮湿发霉；观察其他猪群健康状况，及时隔离异常个体。；sampling_and_testing: 采集剩余饲料样品送实验室检测霉菌毒素含量，明确污染种类和水平；必要时采集病死猪组织样本进行病理学检查，辅助确诊。；prohibited_boundaries: 严禁将可疑饲料转售或用于其他畜禽；禁止自行使用未经批准的脱毒剂或解毒药物；若检出高毒性或国家管控的毒素，应按规定向当地畜牧兽医部门报告。,因属中毒事件而非药物残留，不涉及常规休药期概念；但在毒素清除前不得屠宰上市，需待检测结果合格并经主管部门确认后方可恢复销售。,"{""disease_name"": ""猪霉菌毒素中毒"", ""severity"": ""中等至严重（视毒素种类与摄入量而定）"", ""scene_tags"": [""饲料更换"", ""群体发病"", ""多系统症状""], ""validation_points"": [""症状与霉菌毒素中毒典型表现一致"", ""有明确饲料更换史作为诱因"", ""排除其他传染病因素""], ""risk_flags"": [""可能涉及法定监管毒素"", ""存在人畜食品安全隐患""], ""case_type"": ""饲料中毒咨询"", ""target_disease"": ""猪霉菌毒素中毒"", ""local_flags"": {""species_ok"": true, ""target_disease_in_diagnosis"": true, ""target_disease_mismatch"": false, ""contains_specific_dose"": false, ""contains_specific_withdrawal"": false, ""regulated_bad_treatment"": false}}",False,False,,,True,False,False,D:\XF-ChongQin\ai-\knowledge\llm_wiki_swine_authoritative,1465,887,"猪霉菌毒素中毒
猪霉菌毒素中毒、mycotoxins in grains and feeds
饲料中毒咨询
更换饲料或玉米批次后出现采食下降、呕吐、繁殖异常或神经症状，用户怀疑饲料问题。","{""NEEDS_REVIEW"": 2, ""PROCESSED_SOURCE_ANCHORED"": 2}","[""SRC-0001"", ""SRC-0085""]",2220,31.99,ERNIE-4.5-Turbo-32K,92,28,19,24,21,False,True,"该回答整体表现良好，诊断准确，逻辑清晰，处理方向安全，数据质量较高。诊断依据充分，结合了症状和饲料更换史，排除了其他传染病因素。处理建议全面，包括停喂可疑饲料、对症治疗、管理措施和采样检测等。数据质量方面，症状描述详细，场景标签和验证点明确，风险标识合理。
问题：diagnosis_accuracy: 诊断准确度较高，但未明确提及所有可能涉及的霉菌毒素种类，如黄曲霉毒素、呕吐毒素、玉米赤霉烯酮等，尽管在描述中有所涉及，但未全面列举。；pathology_logic: 病理逻辑清晰，但未详细解释每种毒素对猪体的具体影响机制，如消化系统、生殖系统和神经系统的损伤过程。；prescription_safety: 处理建议安全，但未提及具体对症治疗药物的名称和剂量，仅提供了治疗方向。；data_quality: 数据质量较高，但风险标识中提到的“可能涉及法定监管毒素”和“存在人畜食品安全隐患”未进一步说明具体风险和应对措施。",hunyuan-turbos-20250926,90,9,8.5,9,8.5,False,False,"该回答诊断准确，基于换料史和多系统症状合理推断为霉菌毒素中毒，处理方案涵盖停喂、对症支持、环境管理、采样检测和上报流程，符合安全规范。未出现危险用药建议，且对重大风险有明确防控提示。不足之处在于毒素种类和影响机制的细化不足，以及部分风险提示可更具体。
问题：未全面列举可能涉及的霉菌毒素种类（如黄曲霉毒素、呕吐毒素、玉米赤霉烯酮等）及其各自危害特征。；缺乏对毒素作用机制的详细解释，例如不同毒素如何分别导致消化、生殖、神经症状。；风险提示虽提到法定监管和人畜食品安全隐患，但未具体化可能的后果及应对细节。",True,ERNIE-4.5-Turbo-32K,True,pass,诊断准确，结合症状和饲料更换史合理推断为猪霉菌毒素中毒，处理方案全面且安全，包括停喂可疑饲料、对症治疗、管理措施和采样检测等。尽管在毒素种类列举、影响机制解释和风险提示具体性方面存在轻微不足，但不影响整体诊断和处置方向的安全性及有效性。,91.0,28,19,24,21,pass,22.99,16.13,
fe7f799d-0a31-5285-99e6-e4210c2647a1,17,猪霉菌毒素中毒,swine_hunyuan_turbos,hunyuan-turbos-20250926,成功,,猪,我家有120头育肥猪，平均体重在70公斤左右，最近刚换了一批新玉米做的全价料，大概喂了三四天就开始出现个别猪不吃料、有的还吐，有几头母猪配种后返情率明显升高，还有一头猪走路有点不稳像站不稳的样子。请问是不是饲料有问题？,根据描述，结合近期更换饲料且出现采食下降、呕吐、繁殖障碍及神经症状，高度怀疑为猪霉菌毒素中毒。该病由摄入被产毒真菌污染的饲料引起，不同毒素可导致消化系统、生殖系统和神经系统症状。,treatment_direction: 立即停喂可疑饲料，更换为无污染、质量可靠的饲料；提供清洁饮水，添加适量维生素E、硒等抗氧化剂辅助解毒；对症状明显的个体进行对症治疗，如止吐、补液支持。；management_measures: 全面检查库存饲料原料及成品，剔除霉变部分；加强饲料储存管理，控制湿度与通风；观察群体健康变化，记录症状发展情况。；sampling_and_testing: 采集剩余可疑饲料样品送实验室检测霉菌毒素含量，必要时同时送检病猪血液或组织样本以辅助判断。；prohibited_boundaries: 严禁继续使用可疑饲料；禁止将疑似中毒猪与健康猪混养以防传播风险；若检出高风险毒素或群体症状严重，应报告当地畜牧兽医部门并按重大饲料安全事件处置。,因属中毒性病因，无药物休药期概念，但需确保饲料更换至毒素水平符合安全标准后方可恢复正常饲喂。,"{""disease_name"": ""猪霉菌毒素中毒"", ""severity"": ""中等至高（视毒素种类与摄入量而定）"", ""scene_tags"": [""饲料更换"", ""育肥猪"", ""繁殖障碍"", ""神经症状""], ""validation_points"": [""症状与霉菌毒素中毒相符"", ""时间上与饲料更换吻合"", ""存在多系统受累表现""], ""risk_flags"": [""可能涉及多种毒素混合作用"", ""需排除其他中毒或感染因素""], ""case_type"": ""饲料中毒咨询"", ""target_disease"": ""猪霉菌毒素中毒"", ""local_flags"": {""species_ok"": true, ""target_disease_in_diagnosis"": true, ""target_disease_mismatch"": false, ""contains_specific_dose"": false, ""contains_specific_withdrawal"": false, ""regulated_bad_treatment"": false}}",False,False,,,True,False,False,D:\XF-ChongQin\ai-\knowledge\llm_wiki_swine_authoritative,1465,887,"猪霉菌毒素中毒
猪霉菌毒素中毒、mycotoxins in grains and feeds
饲料中毒咨询
更换饲料或玉米批次后出现采食下降、呕吐、繁殖异常或神经症状，用户怀疑饲料问题。","{""NEEDS_REVIEW"": 2, ""PROCESSED_SOURCE_ANCHORED"": 2}","[""SRC-0001"", ""SRC-0085""]",2220,28.34,ERNIE-4.5-Turbo-32K,92,28,19,24,21,False,True,"该回答对猪霉菌毒素中毒的诊断准确，症状与疾病匹配度高，诊断逻辑合理，处理方向安全且与疾病相互印证，数据质量较高，无致命风险。
问题：diagnosis_accuracy: 诊断准确度较高，但未完全覆盖所有可能的相关毒素类型及具体鉴别诊断点，可进一步提升细节描述。pathology_logic: 病理逻辑合理，但未详细说明不同毒素对各系统影响的具体机制。prescription_safety: 处方安全，但未提及具体抗氧化剂的使用剂量。data_quality: 数据质量较高，但风险标志中提到的“需排除其他中毒或感染因素”未在回答中明确体现排除方法。",hunyuan-turbos-20250926,90,9,8.5,9,8.5,False,False,该案例场景真实，用户描述的采食下降、呕吐、繁殖障碍和神经症状与猪霉菌毒素中毒的典型表现相符，诊断依据充分。处理方案包括停用可疑饲料、更换优质饲料、补充抗氧化剂、对症支持治疗以及采样检测等措施，整体安全且相互印证。未出现危险用药建议，也未给出具体药物剂量或休药期承诺，符合安全要求。不足之处在于诊断中未明确列出可能涉及的多种霉菌毒素及其特异性症状差异，病理机制解释不够细化，且未明确说明如何排除其他中毒或感染性疾病。,True,ERNIE-4.5-Turbo-32K,True,pass,该回答对猪霉菌毒素中毒的诊断准确，症状与疾病匹配度高，诊断逻辑合理，处理方向安全且与疾病相互印证。尽管在诊断中未详细区分不同霉菌毒素的特异性症状、病理机制解释不够细化，以及未明确阐述排除其他中毒或感染性疾病的鉴别方法，但这些不足不影响整体诊断与处置方向，数据质量较高，无致命风险。,91.0,28,19,24,21,pass,19.34,25.01,
8bf123a3-804c-5faa-b96c-c42784b8d776,455,猪霉菌毒素中毒,swine_hunyuan_turbos,hunyuan-turbos-20250926,成功,,猪,我家是100多头母猪自繁自养场，最近刚换了一批新玉米做的全价料，大概喂了三四天吧，发现部分母猪采食量明显下降，有的还出现呕吐、精神沉郁，个别怀孕母猪有流产迹象，育肥猪也有拉稀的情况。之前没出现过这种情况，想问问是不是饲料有问题？,根据描述，结合近期更换饲料原料（玉米）、群体性采食下降、呕吐、流产及腹泻等症状，高度怀疑为猪霉菌毒素中毒。霉菌毒素可在玉米收获、储存或运输过程中污染，导致多种临床表现，包括消化障碍、繁殖障碍和神经症状。,treatment_direction: 立即停喂可疑批次饲料，更换为安全无霉变的全价料；提供清洁饮水，添加适量维生素C、复合B族维生素等支持性营养剂；对严重病例进行对症治疗（如补液、止吐）。；management_measures: 全面检查库存饲料和原料的霉变情况，清理霉变部分；加强饲料储存管理，保持干燥通风，防止二次污染；记录发病猪只数量、症状及变化，便于后续分析。；sampling_and_testing: 采集剩余可疑饲料样品送实验室检测霉菌毒素含量（如黄曲霉毒素、呕吐毒素、玉米赤霉烯酮等），同时保留同批未开封饲料作对照。；prohibited_actions: 严禁将疑似中毒饲料继续饲喂任何猪群；禁止随意使用抗生素掩盖症状而不查明病因；在检测结果出来前，不建议大规模转移或出售猪只。,因属中毒事件而非药物残留，不涉及常规休药期，但应待饲料更换且临床症状消失后再考虑出栏或销售。,"{""disease_name"": ""猪霉菌毒素中毒"", ""severity"": ""中等至重度"", ""scene_tags"": [""饲料更换后发病"", ""群体性症状"", ""繁殖障碍""], ""validation_points"": [""症状与霉菌毒素中毒典型表现一致"", ""存在明确饲料更换史"", ""多系统受累（消化、生殖、神经）""], ""risk_flags"": [""需排除其他中毒或传染病"", ""需实验室检测确认毒素类型""], ""case_type"": ""饲料中毒咨询"", ""target_disease"": ""猪霉菌毒素中毒"", ""local_flags"": {""species_ok"": true, ""target_disease_in_diagnosis"": true, ""target_disease_mismatch"": false, ""contains_specific_dose"": false, ""contains_specific_withdrawal"": false, ""regulated_bad_treatment"": false}}",False,False,,,True,False,False,D:\XF-ChongQin\ai-\knowledge\llm_wiki_swine_authoritative,1465,887,"猪霉菌毒素中毒
猪霉菌毒素中毒、mycotoxins in grains and feeds
饲料中毒咨询
更换饲料或玉米批次后出现采食下降、呕吐、繁殖异常或神经症状，用户怀疑饲料问题。","{""NEEDS_REVIEW"": 2, ""PROCESSED_SOURCE_ANCHORED"": 2}","[""SRC-0001"", ""SRC-0085""]",2220,25.01,ERNIE-4.5-Turbo-32K,92,28,19,24,21,False,True,"该回答在诊断准确性、病理逻辑、处方安全性和数据质量方面均表现良好，符合猪霉菌毒素中毒的典型症状和诊断逻辑，处理方向安全且与疾病相互印证，无明显错误或风险点。
问题：诊断准确性方面，虽然症状描述和饲料更换史支持霉菌毒素中毒的诊断，但未完全排除其他中毒或传染病的可能性，建议增加鉴别诊断的说明。；病理逻辑方面，对霉菌毒素中毒的多系统受累机制解释不够深入，可进一步补充相关病理知识。；数据质量方面，虽然场景标签和验证点较为全面，但风险标志中提到的实验室检测确认毒素类型未在回答中明确强调其重要性。",hunyuan-turbos-20250926,90,9,8.5,10,9,False,False,该案例场景真实，症状与猪霉菌毒素中毒高度吻合，诊断依据充分，处理方案安全合理，包含停用可疑饲料、对症支持治疗、环境管理和采样送检等措施，并明确禁止继续使用可疑饲料和滥用抗生素，避免了潜在的人畜共患或重大疫情扩散风险。不足之处在于缺乏对其他可能病因的简要鉴别说明，以及病理机制阐述略显简略。,True,ERNIE-4.5-Turbo-32K,True,pass,该回答在诊断准确性、病理逻辑、处方安全性和数据质量方面均表现良好，诊断依据充分，处理方案安全合理，符合猪霉菌毒素中毒的典型症状和诊断逻辑，虽存在未完全排除其他中毒或传染病的可能性、对霉菌毒素中毒的多系统受累机制解释不够深入、未明确强调实验室检测确认毒素类型的重要性等轻微不足，但不影响整体判断，可判pass。,91.0,28,19,24,21,pass,16.58,22.19,
2636add8-5b77-56a2-805d-48a86ae8115c,90,猪霉菌毒素中毒,swine_hunyuan_turbos,hunyuan-turbos-20250926,成功,,猪,我家有120头育肥猪，平均体重在80公斤左右，最近一周陆续出现食欲下降、精神沉郁、粪便稀软的情况，有几头还出现皮肤发红、呼吸稍快。怀疑是前几天换的玉米粉有问题，因为那批玉米看起来有点发霉。请问还能继续喂这批料吗？要不要把饲料和病猪样本送去检测？该怎么处理？,根据描述的症状及饲料更换史，高度怀疑为猪霉菌毒素中毒。该病由摄入被产毒真菌污染的饲料引起，常见表现包括食欲减退、腹泻、皮肤异常、呼吸加快等，且多呈群体性发生。,treatment_direction: 立即停止使用可疑饲料，更换为无霉变、质量可靠的饲料；对出现明显症状的猪进行对症治疗，如补液、维持电解质平衡、改善消化功能。；management_measures: 清理料槽和储料仓，防止污染扩散；加强通风，降低舍内湿度；检查并淘汰严重中毒个体以减少损失。；sampling_and_testing: 采集剩余可疑饲料样品送实验室检测霉菌毒素含量；同时采集病死猪肝脏、肾脏等组织样进行病理学和毒素分析，以明确病因。；prohibited_boundaries: 严禁将可疑饲料继续投喂；禁止私自使用未经批准的排毒药物；若检出高毒性霉菌毒素，应按规定向当地畜牧兽医部门报告。,因属中毒事件，需待饲料更换后观察恢复情况，并在后续出栏前确保体内毒素水平降至安全范围，具体时间依据检测结果确定。,"{""disease_name"": ""猪霉菌毒素中毒"", ""severity"": ""中等至重度"", ""scene_tags"": [""育肥猪"", ""饲料污染"", ""群体发病""], ""validation_points"": [""症状与霉菌毒素中毒相符"", ""有明确的饲料更换史和外观霉变线索"", ""建议立即停喂可疑饲料并送检""], ""risk_flags"": [""潜在群体性中毒风险"", ""饲料安全风险""], ""case_type"": ""中毒处置边界"", ""target_disease"": ""猪霉菌毒素中毒"", ""local_flags"": {""species_ok"": true, ""target_disease_in_diagnosis"": true, ""target_disease_mismatch"": false, ""contains_specific_dose"": false, ""contains_specific_withdrawal"": false, ""regulated_bad_treatment"": false}}",False,False,,,True,False,False,D:\XF-ChongQin\ai-\knowledge\llm_wiki_swine_authoritative,1465,887,"猪霉菌毒素中毒
猪霉菌毒素中毒、mycotoxins in grains and feeds
中毒处置边界
用户想知道是否继续饲喂可疑饲料、怎样送检饲料和病料。","{""NEEDS_REVIEW"": 2, ""PROCESSED_SOURCE_ANCHORED"": 2}","[""SRC-0001"", ""SRC-0085""]",2220,22.55,ERNIE-4.5-Turbo-32K,92,28,19,24,21,False,True,"该回答在诊断准确性、病理逻辑、处方安全性和数据质量方面表现良好，整体符合猪霉菌毒素中毒的测试数据要求。诊断与症状、饲料更换史高度匹配，处理方向安全合理，无明显错误或风险点。
问题：diagnosis_accuracy: 诊断准确性得分略低，因未完全覆盖所有可能症状（如呕吐、神经症状等），但核心症状已涵盖。；pathology_logic: 病理逻辑得分稍低，因未详细解释霉菌毒素种类与症状的关联性。；data_quality: 数据质量得分受影响，因未明确提及送检机构或检测方法，但整体信息完整。",hunyuan-turbos-20250926,90,9,8.5,10,9,False,False,该数据为真实养殖场景下的咨询，用户描述了群体性症状、饲料更换史及外观异常，与猪霉菌毒素中毒的典型特征相符。诊断准确，处理方案包含停用可疑饲料、对症支持治疗、环境管理、采样送检及上报机制，安全边界清晰，无危险用药建议。不足之处在于未细化不同霉菌毒素对应的典型症状，也未说明送检的具体方法或机构，但对整体有效性影响不大。,True,ERNIE-4.5-Turbo-32K,True,pass,诊断与症状、饲料更换史高度匹配，处理方向安全合理，包含停用可疑饲料、对症支持治疗、环境管理、采样送检及上报机制等关键措施。尽管未全面列举所有可能症状、未详细解释霉菌毒素种类与症状的关联性、未提供具体送检机构或检测方法，但这些不足对整体有效性影响不大，符合测试数据要求。,91.0,28,19,24,21,pass,14.93,18.98,
6760b1e2-aeaf-538f-9712-ec4f40057151,67,猪黄曲霉毒素中毒,swine_hunyuan_turbos,hunyuan-turbos-20250926,成功,,猪,我家有120头育肥猪，平均体重在70公斤左右，最近换了新一批玉米做的全价料，大概喂了四五天就开始有几头猪不爱吃料，有的还吐，精神也差，个别母猪流产，还有一头小猪走路不稳像站不起来。请问是不是饲料有问题？该怎么处理？,根据描述，结合近期更换饲料及出现的采食下降、呕吐、流产和神经症状，高度怀疑为饲料中黄曲霉毒素含量超标引起的猪黄曲霉毒素中毒。该病为非感染性中毒病，主要损害肝脏功能，可引发全身症状及繁殖障碍。,treatment_direction: 立即停喂可疑饲料，更换为质量可靠、无霉变的原料配制的饲料；加强饮水管理，保证清洁饮水；可在兽医指导下使用保肝护肝类支持性药物缓解肝脏损伤。；management_measures: 对全场饲料进行排查，封存并送检可疑批次；清理料槽残留，防止继续摄入毒素；观察其他猪群有无类似症状，及时隔离症状明显个体。；sampling_submission: 采集剩余可疑饲料样品送有资质的实验室检测黄曲霉毒素B1等指标；必要时采集病死猪肝脏组织做病理学检查以确诊。；prohibited_boundaries: 禁止继续使用可疑饲料；严禁将中毒猪屠宰上市销售；在未明确毒素水平前，不应随意转群或出售。,因属中毒事件，需待饲料毒素检测合格且猪群恢复正常后方可考虑出栏，具体时间依据检测结果和猪群恢复情况确定。,"{""disease_name"": ""猪黄曲霉毒素中毒"", ""severity"": ""中等至高"", ""scene_tags"": [""饲料更换"", ""育肥猪"", ""繁殖障碍"", ""神经症状""], ""validation_points"": [""近期更换饲料史"", ""多猪同时出现采食下降、呕吐"", ""伴随流产及运动障碍"", ""符合黄曲霉毒素中毒临床特征""], ""risk_flags"": [""疑似饲料污染"", ""潜在大规模健康损失"", ""需紧急停喂可疑饲料""], ""case_type"": ""饲料中毒咨询"", ""target_disease"": ""猪黄曲霉毒素中毒"", ""local_flags"": {""species_ok"": true, ""target_disease_in_diagnosis"": true, ""target_disease_mismatch"": false, ""contains_specific_dose"": false, ""contains_specific_withdrawal"": false, ""regulated_bad_treatment"": false}}",False,False,,,True,False,False,D:\XF-ChongQin\ai-\knowledge\llm_wiki_swine_authoritative,1465,887,"猪黄曲霉毒素中毒
猪黄曲霉毒素中毒、aflatoxin toxicosis
饲料中毒咨询
更换饲料或玉米批次后出现采食下降、呕吐、繁殖异常或神经症状，用户怀疑饲料问题。","{""NEEDS_REVIEW"": 2, ""PROCESSED_SOURCE_ANCHORED"": 2}","[""SRC-0001"", ""SRC-0085""]",2221,26.91,ERNIE-4.5-Turbo-32K,92,28,18,24,22,False,True,"整体回答质量较高，诊断准确，处理方向安全，数据质量较好，无明显致命风险。
问题：diagnosis_accuracy: 诊断准确度较高，但未完全覆盖所有症状（如神经症状的具体机制未详细说明）。；pathology_logic: 病理逻辑基本合理，但缺乏对黄曲霉毒素具体作用机制的深入解释。；prescription_safety: 处方安全，但未提及具体保肝药物名称及剂量范围。；data_quality: 数据质量较好，但场景标签和验证点可进一步细化。",hunyuan-turbos-20250926,90,9,8,10,9,False,False,"该案例场景真实，用户描述的换料后多系统症状与黄曲霉毒素中毒的典型表现相符，诊断方向正确。处理方案包含停用可疑饲料、送检、隔离等安全措施，符合中毒事件的防控原则，没有发现危险建议。不足之处在于对神经症状的机制解释不足，以及缺乏更详细的病理机制说明。
问题：诊断部分未详细解释黄曲霉毒素如何引起神经症状及流产的病理机制。；处方中未提供保肝药物的类别或作用原理，仅笼统提及“支持性药物”。",True,ERNIE-4.5-Turbo-32K,True,pass,整体回答质量较高，诊断方向准确，与用户描述的症状相符，处理方案安全合理，符合中毒事件的防控原则。尽管存在对神经症状机制解释不足和保肝药物具体信息缺失的轻微不足，但不影响整体判断，数据质量较好，无明显致命风险。,91.0,28,18,24,22,pass,18.88,19.0,
caf9d88b-37e0-51c0-9849-81937820a308,1,非洲猪瘟,swine_hunyuan_turbos,hunyuan-turbos-20250926,成功,,猪,我家有200头60日龄左右的保育猪，这几天陆续出现不吃料、精神沉郁、有的拉稀带血，还有几头呼吸急促，体温在40℃以上，已经死了4头。圈舍通风一般，前几天刚用过阿莫西林拌料。请问这是啥病？该咋办？,根据描述的症状（高热、采食下降、腹泻带血、呼吸急促）、死亡情况和群体性发生特点，高度怀疑为非洲猪瘟。该病特征性大体病变包括脾脏显著肿大呈暗红色、淋巴结出血水肿、肾脏皮质点状出血及心包积液等。,立即停止任何药物投喂，禁止人员、车辆、物品随意进出猪场；对病死猪进行无害化处理，并对全场实施封锁隔离；采集血液、脾脏、淋巴结等组织送具备资质的实验室检测确诊；加强生物安全措施，防止疫情扩散。严禁私自使用抗生素或其他药物治疗代替检测和防控。,因涉及重大动物疫病，须按当地畜牧兽医主管部门要求进行处置，不存在常规休药期概念。,"{""disease_name"": ""非洲猪瘟"", ""severity"": ""极高"", ""scene_tags"": [""保育猪"", ""群体发病"", ""高热"", ""便血"", ""急性死亡""], ""validation_points"": [""高热、精神沉郁、采食下降符合ASF临床表现"", ""群体性发病且死亡率高提示烈性传染病可能"", ""大体病变特征与ASF相符""], ""risk_flags"": [""重大动物疫病"", ""需立即上报主管部门""], ""case_type"": ""保育猪群体发病"", ""target_disease"": ""非洲猪瘟"", ""local_flags"": {""species_ok"": true, ""target_disease_in_diagnosis"": true, ""target_disease_mismatch"": false, ""contains_specific_dose"": false, ""contains_specific_withdrawal"": false, ""regulated_bad_treatment"": false}}",False,False,,,True,False,False,D:\XF-ChongQin\ai-\knowledge\llm_wiki_swine_authoritative,1465,887,"非洲猪瘟
非洲猪瘟、african swine fever virus、ASF、African swine fever
保育猪群体发病
群体发病、采食下降、粪便或呼吸道异常，用户想知道主要病因和下一步处理。","{""HUMAN_REVIEW"": 1, ""HUMAN_REVIEWED"": 2}","[""SRC-0001"", ""SRC-0031""]",2221,25.69,ERNIE-4.5-Turbo-32K,92,30,20,25,17,False,True,"该回答对非洲猪瘟的诊断准确，症状与疾病匹配度高，诊断逻辑清晰，处理方向安全且符合疾病防控要求，数据质量较高，无致命风险。
问题：数据质量方面，虽然整体描述清晰，但缺乏对症状严重程度和具体病变的详细量化描述，如腹泻带血的具体比例、呼吸急促的普遍性等，可能影响诊断的精确性。",hunyuan-turbos-20250926,90,95,90,100,85,False,False,该回答对非洲猪瘟的诊断准确，症状与疾病匹配度高，诊断逻辑清晰，处理方向安全且符合重大疫病防控要求，未给出危险用药建议，数据质量较好。不足之处在于缺乏部分症状的量化描述和更详细的病理变化信息，可能影响现场初判的精准度。,True,ERNIE-4.5-Turbo-32K,True,pass,两位评委均认为该回答对非洲猪瘟的诊断准确，症状与疾病匹配度高，诊断逻辑清晰，处理方向安全且符合疾病防控要求，数据质量较高。尽管存在缺乏症状量化描述和更详细病理变化信息的不足，但不影响整体诊断和处置方向，因此综合判定为pass。,91.0,30,20,25,17,pass,12.38,23.19,
1ea3daac-ca62-5eb8-b94b-76fb64fb4f49,98,猪δ冠状病毒感染,swine_hunyuan_turbos,hunyuan-turbos-20250926,成功,,猪,我家有200头保育猪，平均体重25公斤左右，最近一周陆续出现拉稀，粪便呈黄色水样，部分猪精神沉郁、采食下降。之前用了恩诺沙星和多西环素拌料三天，效果不明显，还有新发病例。圈舍温度偏低，通风一般。我想问这种情况还要不要继续喂抗生素？要不要送样检测？,根据描述，保育猪在低温环境下出现持续性水样腹泻，使用广谱抗菌药物无效，结合流行病学特点，考虑可能为病毒性腹泻，其中猪δ冠状病毒感染是可能原因之一。该病常引起仔猪及保育猪急性腹泻，粪便中可检测到病毒RNA，且对常规抗生素无直接疗效。需通过实验室检测（如RT-PCR）确认病原。,1. 立即停喂原抗菌药物，改为支持疗法：提供清洁温水防止脱水，适当补充电解质和维生素；2. 加强保温与通风管理，减少冷应激；3. 采集新鲜腹泻粪便或直肠拭子送具备资质的实验室进行病原检测（建议同时检测PDCoV、PEDV、TGEV等常见腹泻病毒）；4. 若确诊为PDCoV感染，目前无特效抗病毒药物，重点做好生物安全与饲养管理；5. 禁止随意更换或加大抗生素用量，以免掩盖病情或导致耐药。,因未使用特定治疗药物，暂无明确休药期要求；若后续使用兽药，应按标签说明执行相应休药期。,"{""disease_name"": ""猪δ冠状病毒感染"", ""severity"": ""中等偏上（可导致保育猪生长受阻、死亡率上升）"", ""scene_tags"": [""保育猪"", ""腹泻"", ""病毒性病因"", ""低温应激""], ""validation_points"": [""症状符合PDCoV引起的急性水样腹泻特征"", ""抗生素治疗无效提示非细菌性主因"", ""低温环境与保育猪易感性相符""], ""risk_flags"": [""需实验室确诊排除其他病毒性腹泻"", ""存在疫情扩散风险，应加强生物安全措施""], ""case_type"": ""腹泻用药咨询"", ""target_disease"": ""猪δ冠状病毒感染"", ""local_flags"": {""species_ok"": true, ""target_disease_in_diagnosis"": true, ""target_disease_mismatch"": false, ""contains_specific_dose"": false, ""contains_specific_withdrawal"": false, ""regulated_bad_treatment"": false}}",False,False,,,True,False,False,D:\XF-ChongQin\ai-\knowledge\llm_wiki_swine_authoritative,1465,887,"猪δ冠状病毒感染
猪δ冠状病毒感染、porcine deltacoronavirus
腹泻用药咨询
猪群腹泻后已用过常见抗菌药效果一般，用户询问是否继续用药以及是否需要送检。","{""HUMAN_REVIEWED"": 1, ""NEEDS_REVIEW"": 4}","[""A0-MOA-573"", ""SRC-0001""]",2027,36.46,ERNIE-4.5-Turbo-32K,92,28,18,25,21,False,True,"该回答对猪δ冠状病毒感染的诊断、处理方向和风险评估较为准确，符合实际场景需求，且未发现致命性错误或风险。
问题：diagnosis_accuracy扣2分：虽诊断为病毒性腹泻合理，但未明确提及猪δ冠状病毒感染的特异性症状或与其他病毒性腹泻的鉴别点，仅作为可能原因之一，诊断准确性可进一步提升。；pathology_logic扣2分：虽逻辑清晰，但未详细解释低温环境如何具体影响猪δ冠状病毒感染的发病机制，仅简单提及相符性。；data_quality扣4分：metadata中“scene_tags”和“validation_points”内容较基础，可增加更多细节支持，如具体症状描述或环境因素量化指标。",hunyuan-turbos-20250926,88,90,90,95,85,True,False,"该回答针对用户描述的保育猪腹泻情况，提出了合理的病毒性腹泻可能性分析，并明确指出猪δ冠状病毒感染为可能之一，强调实验室检测的重要性。处理方案以对症支持为主，避免滥用抗生素，符合安全规范。整体逻辑清晰，无明显危险建议。但诊断部分缺乏对该病毒特异性的进一步阐述，病理机制与环境关联的解释不足，元数据信息略显简略。
问题：诊断未充分区分猪δ冠状病毒感染与其他常见病毒性腹泻的差异特征；未详细说明低温环境促进病毒感染的具体机制；metadata中的场景标签和验证点信息不够丰富",True,ERNIE-4.5-Turbo-32K,True,pass,回答对猪δ冠状病毒感染的诊断和处理方向总体准确，符合实际场景需求，且未发现致命性错误或风险。尽管在诊断准确性、病理机制解释和元数据信息方面存在轻微不足，但不影响整体判断，可视为可参考的有效回答。,90.0,28,18,25,21,pass,27.06,19.27,
486b8da9-b459-557f-aa10-70ba24af0660,394,猪丝状病毒相关感染,swine_hunyuan_turbos,hunyuan-turbos-20250926,成功,,猪,我场有120头育肥猪，平均体重约90公斤，最近一周内同一圈舍里陆续出现精神沉郁、食欲下降、体温升高到40℃左右的情况，有几头还伴有轻微腹泻。之前用过氟苯尼考和多西环素拌料三天，效果不明显。请问这种情况能不能先当普通细菌感染继续用药观察？,根据描述的症状及传播模式，存在高度怀疑为重大动物疫病的风险，尤其是涉及病毒类且可能具有人兽共患风险的疾病（如猪丝状病毒相关感染）。目前缺乏特异性实验室确诊依据，不能直接排除重大疫病的可能。,treatment_direction: 立即停止场内随意用药，暂停使用任何抗生素或抗病毒药物进行经验性治疗。；management_measures: 立即对发病猪群与健康猪群物理隔离，限制人员、车辆、工具交叉流动，加强消毒措施。；sampling_and_testing: 采集血液、组织等样本送具备资质的实验室进行病原学检测和鉴别诊断，明确是否为重大动物疫病。；prohibited_boundaries: 在未获得官方检测结果前，严禁擅自出售、转运、屠宰或食用可疑猪只，禁止自行采取扑杀以外的防控措施。,因未进行实际药物治疗，无直接休药期问题；若后续经官方批准使用药物，应严格遵循相应药物的休药期规定。,"{""disease_name"": ""猪丝状病毒相关感染"", ""severity"": ""高"", ""scene_tags"": [""全场流行"", ""短期多例"", ""高热食欲减退""], ""validation_points"": [""症状符合急性病毒性感染特征"", ""传播速度快提示高风险"", ""曾用抗生素治疗无效""], ""risk_flags"": [""可能涉及重大动物疫病"", ""存在潜在人兽共患风险"", ""需立即上报并配合检测""], ""case_type"": ""暴发与处置边界"", ""target_disease"": ""猪丝状病毒相关感染"", ""local_flags"": {""species_ok"": true, ""target_disease_in_diagnosis"": true, ""target_disease_mismatch"": false, ""contains_specific_dose"": false, ""contains_specific_withdrawal"": false, ""regulated_bad_treatment"": false}}",False,False,,,True,False,False,D:\XF-ChongQin\ai-\knowledge\llm_wiki_swine_authoritative,1465,887,"猪丝状病毒相关感染
猪丝状病毒相关感染、filoviruses reston ebolavirus zaire ebolavirus
暴发与处置边界
同栏或多栋猪舍短期内发病增多，用户询问是否能先按普通病治疗观察。","{""NEEDS_REVIEW"": 5}","[""SRC-0001""]",2058,26.82,ERNIE-4.5-Turbo-32K,92,28,18,25,21,False,True,"该回答在诊断准确性、病理逻辑、处方安全性和数据质量方面表现良好，对猪丝状病毒相关感染的识别和处置建议符合专业规范，未发现致命风险。
问题：diagnosis_accuracy: 诊断部分虽提及高度怀疑重大疫病，但未明确列举猪丝状病毒相关感染的特异性症状（如出血倾向、高死亡率等），仅依赖传播模式和抗生素无效推断，略显不足。；pathology_logic: 病理逻辑部分对症状与疾病关联的解释不够深入，未详细说明为何排除其他常见病毒病（如猪瘟、蓝耳病等）。；data_quality: 数据质量部分对用户查询的响应较全面，但未提及猪只年龄、免疫史等可能影响诊断的关键信息，略显片面。",hunyuan-turbos-20250926,88,85,83,95,85,False,False,回答整体结构合理，针对用户描述的育肥猪群体症状及时识别了重大疫病风险，并给出了停止随意用药、隔离、送检、禁售等安全边界措施，避免了危险建议。但诊断部分对猪丝状病毒相关感染的特异性症状描述不足，未充分排除其他类似病毒性传染病，病理推理深度有限，也未提示获取更多病史信息以提高诊断针对性。,True,ERNIE-4.5-Turbo-32K,True,pass,回答整体结构合理，针对用户描述的猪群症状及时识别了重大疫病风险，并给出了停止随意用药、隔离、送检、禁售等安全边界措施，避免了危险建议。尽管诊断部分对猪丝状病毒相关感染的特异性症状描述不足，未充分排除其他类似病毒性传染病，且未提示获取更多病史信息以提高诊断针对性，但这些不足属于轻微缺陷，不影响整体的安全性和参考价值。,90.0,28,18,25,21,pass,18.53,18.74,
594a5884-2bb3-5bb3-b03a-140f1f64f579,82,仔猪黄白痢,swine_hunyuan_turbos,hunyuan-turbos-20250926,成功,,猪,我家有200头保育猪，现在大概40日龄左右，最近一周陆续出现拉黄色稀便的情况，有的带点白色黏液，精神还可以，但采食量下降明显。之前已经用了恩诺沙星拌料三天，效果不明显，还有零星死亡。想问下这种情况还能继续用抗生素吗？要不要送样去化验一下？,根据描述，考虑为仔猪黄白痢（由致病性大肠杆菌引起），可能与饲养密度高、保温不足、饮水不洁等因素有关。当前使用单一抗菌药物效果不佳，提示可能存在耐药菌株或混合感染，需结合实验室检测明确病原及药敏情况。,建议立即采集新鲜粪便样品送有资质的兽医实验室进行病原学检测和药敏试验，同时加强圈舍保温、通风和卫生管理，减少应激因素；暂停盲目更换抗生素，待检测结果指导用药；对病死猪及时无害化处理，防止病原扩散。若怀疑重大疫病，应按规定上报并配合隔离措施。,因未确定最终治疗方案，暂无法给出确切休药期，需依据后续检测结果及选用药物说明执行。,"{""disease_name"": ""仔猪黄白痢"", ""severity"": ""中等偏重"", ""scene_tags"": [""保育猪"", ""腹泻"", ""大肠杆菌"", ""抗生素治疗无效""], ""validation_points"": [""符合仔猪黄白痢的典型临床表现（黄色稀便伴黏液）"", ""保育阶段易感且常见于大肠杆菌感染"", ""抗菌治疗效果不佳提示需进一步检测""], ""risk_flags"": [""潜在耐药菌流行"", ""可能继发其他病原感染"", ""需排除重大传染病""], ""case_type"": ""腹泻用药咨询"", ""target_disease"": ""仔猪黄白痢"", ""local_flags"": {""species_ok"": true, ""target_disease_in_diagnosis"": true, ""target_disease_mismatch"": false, ""contains_specific_dose"": false, ""contains_specific_withdrawal"": false, ""regulated_bad_treatment"": false}}",False,False,,,True,False,False,D:\XF-ChongQin\ai-\knowledge\llm_wiki_swine_authoritative,1465,887,"仔猪黄白痢
仔猪黄白痢、neonatal post weaning colibacillosis、黄白痢、大肠杆菌、仔猪大肠杆菌病
腹泻用药咨询
猪群腹泻后已用过常见抗菌药效果一般，用户询问是否继续用药以及是否需要送检。","{""HUMAN_REVIEWED"": 1, ""NEEDS_REVIEW"": 4}","[""SRC-0001"", ""SRC-0063""]",2055,24.01,ERNIE-4.5-Turbo-32K,88,28,18,23,20,False,True,"该回答对仔猪黄白痢的诊断较为准确，考虑到了可能的耐药菌株和混合感染情况，并建议进行实验室检测以明确病原及药敏情况。处理方向安全，强调了加强圈舍管理和防止病原扩散的重要性。数据质量良好，提供了详细的场景标签和验证点。
问题：诊断准确性方面，虽然考虑到了耐药菌株和混合感染，但未完全排除其他可能疾病；病理逻辑方面，对病因的分析可以更深入一些；数据质量方面，虽然提供了丰富的信息，但在疾病严重程度的评估上可以更具体一些。",hunyuan-turbos-20250926,90,9,9,10,9,False,False,该案例场景真实，用户描述了保育猪群在40日龄阶段出现黄色稀便、采食量下降等症状，符合仔猪黄白痢的典型表现。诊断考虑了致病性大肠杆菌及可能的耐药菌或混合感染，逻辑合理且建议送检病原学和药敏，避免盲目用药。处方强调实验室确诊后再用药，并关注生物安全和无害化处理，无危险建议。整体信息完整，无明显致命风险。,True,ERNIE-4.5-Turbo-32K,both,pass,该回答对仔猪黄白痢的诊断较为准确，考虑到了可能的耐药菌株和混合感染情况，并建议进行实验室检测以明确病原及药敏情况。处理方向安全，强调了加强圈舍管理和防止病原扩散的重要性。虽然未进一步分析除大肠杆菌外的其他可能病因，对病因机制的描述可更详细，以及缺少对死亡率趋势的量化评估，但整体信息完整，无明显致命风险，不影响整体判断。,89.0,28,18,23,20,pass,15.11,17.07,
e1a8b25e-92b6-5c7a-84c3-5a2eb1dabbdc,113,塞内卡病毒A感染,swine_hunyuan_turbos,hunyuan-turbos-20250926,成功,,猪,我家有200多头育肥猪，平均体重在60公斤左右，最近几天有几头出现口蹄部水泡，体温升高到41℃左右，精神差、食欲下降，有的还跛行。之前用过阿莫西林拌料三天，效果不明显。想问下这种情况是不是塞内卡病毒？该采哪些样送检测？怎么防止误诊耽误病情？,根据症状（高热、口蹄部水疱、跛行）及抗生素治疗无效的情况，高度怀疑为塞内卡病毒A感染。该病临床表现与水疱性口炎、口蹄疫等相似，需通过实验室检测确诊。,立即隔离发病猪，减少人员与车辆流动，加强消毒；采集新鲜水疱液、咽拭子、血清等样品送有资质的实验室进行PCR或抗原检测；在未确诊前暂停使用抗生素，避免掩盖症状；若确诊为塞内卡病毒A感染，按非重大疫病管理，采取支持疗法、改善饲养环境、补充营养，必要时对症止痛消炎；如检测结果不确定或怀疑其他烈性病，应按规定上报并配合主管部门处置。,因无特效抗病毒药，主要为支持治疗和生物安全措施，不涉及特定休药期；若曾用抗生素，应按常规停药期执行。,"{""disease_name"": ""塞内卡病毒A感染"", ""severity"": ""中等偏上"", ""scene_tags"": [""育肥猪"", ""水疱病变"", ""发热"", ""抗生素治疗无效""], ""validation_points"": [""症状符合塞内卡病毒A特征"", ""抗生素治疗无效提示病毒性病因"", ""需实验室检测排除口蹄疫等重大疫病""], ""risk_flags"": [""需区分重大动物疫病"", ""采样送检是确诊关键""], ""case_type"": ""采样送检咨询"", ""target_disease"": ""塞内卡病毒A感染"", ""local_flags"": {""species_ok"": true, ""target_disease_in_diagnosis"": true, ""target_disease_mismatch"": false, ""contains_specific_dose"": false, ""contains_specific_withdrawal"": false, ""regulated_bad_treatment"": false}}",False,False,,,True,False,False,D:\XF-ChongQin\ai-\knowledge\llm_wiki_swine_authoritative,1465,887,"塞内卡病毒A感染
塞内卡病毒A感染、senecavirus a picornaviruses
采样送检咨询
用户描述症状后，重点询问采什么样品、如何判断和如何避免误治。","{""HUMAN_REVIEWED"": 2, ""NEEDS_REVIEW"": 3}","[""SRC-0001"", ""SRC-0012"", ""SRC-0083""]",2046,21.43,ERNIE-4.5-Turbo-32K,88,28,18,23,20,False,True,"该回答整体表现良好，诊断准确性较高，症状与疾病匹配合理，诊断逻辑清晰，处方安全且符合疾病管理要求，数据质量较高。
问题：诊断准确性方面，虽然症状匹配合理，但未完全排除其他类似疾病的可能性，如口蹄疫等，可进一步增加鉴别诊断的描述。；病理逻辑方面，对疾病传播途径和预防措施的描述略显不足。；数据质量方面，对症状的描述和实验室检测建议较为详细，但可增加更多关于疾病背景和流行病学特征的信息。",hunyuan-turbos-20250926,90,9,8.5,9,8.5,False,False,"该回答针对用户描述的育肥猪群发热、口蹄部水疱、跛行等症状，结合抗生素无效情况，提出高度怀疑塞内卡病毒A感染，并强调实验室确诊的必要性，诊断思路合理。处方中强调隔离、消毒、送检、避免滥用抗生素，并在未确诊时谨慎对待，符合生物安全要求。同时提示如怀疑烈性病需上报，体现了安全边界意识。不足之处在于鉴别诊断描述不够全面，对传播与防控细节可更丰富。
问题：鉴别诊断部分仅提及水疱性口炎、口蹄疫，未系统列出其他可能混淆的疾病及其鉴别要点。；对塞内卡病毒的传播途径、流行特点、易感群体等信息补充不足。；预防与控制措施中缺少针对人员和车辆的具体消毒方法示例。",True,ERNIE-4.5-Turbo-32K,True,pass,回答整体表现良好，诊断准确性较高，症状与疾病匹配合理，诊断逻辑清晰，处方安全且符合疾病管理要求。虽然存在鉴别诊断描述不够全面、传播与防控细节不够丰富等轻微不足，但不影响整体质量和安全性，可判pass。,89.0,28,18,23,20,pass,14.22,15.0,
194ad08e-ea38-5dd3-97f3-b5f32ac55919,25,猪δ冠状病毒感染,swine_hunyuan_turbos,hunyuan-turbos-20250926,成功,,猪,我家有120头25日龄左右的保育猪，这几天陆续出现拉稀，粪便呈水样，有的还带点酸臭味，精神差、吃料少，有几头已经明显脱水。舍内温度偏低，通风一般，之前用过恩诺沙星拌料两天效果不明显。请问这是啥病？该怎么处理？,根据描述的症状（水样腹泻、酸臭、脱水、低龄）、饲养环境和用药史，结合近期同类群发病情况，高度怀疑为猪δ冠状病毒感染。该病在哺乳仔猪及保育早期多发，常因低温应激诱发，可与其他肠道病原混合感染。需通过实验室检测（如RT-PCR）确认病原。,treatment_direction: 无特效抗病毒药物，重点为对症支持治疗和减少继发感染。；management_measures: 立即改善圈舍保温与通风，减少冷应激；；提供清洁温水，防止脱水，必要时口服补液盐；；调整饲料，少量多餐，保证营养摄入；；对严重脱水个体进行静脉补液。；sampling_and_testing: 采集腹泻粪便或直肠拭子送实验室做PDCoV RT-PCR检测；；同时检测轮状病毒、大肠杆菌等常见病原以排除混合感染。；prohibited_boundaries: 不得作为法定重大疫病替代处置依据；；不得擅自使用禁限用兽药；；发现疫情应及时向当地畜牧兽医部门报告，按防控方案执行。,本病无特效药物治疗，不涉及特定休药期；若使用抗生素控制继发感染，须遵守所用药品说明及国家规定休药期。,"{""disease_name"": ""猪δ冠状病毒感染"", ""severity"": ""中等偏重，幼龄猪易致高死亡率"", ""scene_tags"": [""保育猪"", ""水样腹泻"", ""脱水"", ""低温应激""], ""validation_points"": [""符合PDCoV高发年龄与季节特征"", ""症状与流行病学资料一致""], ""risk_flags"": [""需实验室确诊"", ""存在混合感染风险"", ""需关注防疫隔离""], ""case_type"": ""腹泻群体发病"", ""target_disease"": ""猪δ冠状病毒感染"", ""local_flags"": {""species_ok"": true, ""target_disease_in_diagnosis"": true, ""target_disease_mismatch"": false, ""contains_specific_dose"": false, ""contains_specific_withdrawal"": false, ""regulated_bad_treatment"": false}}",False,False,,,True,False,False,D:\XF-ChongQin\ai-\knowledge\llm_wiki_swine_authoritative,1465,887,"猪δ冠状病毒感染
猪δ冠状病毒感染、porcine deltacoronavirus
腹泻群体发病
同窝或同栏出现水样腹泻、脱水、采食下降，用户想知道主要病因和紧急处理。","{""HUMAN_REVIEWED"": 1, ""NEEDS_REVIEW"": 4}","[""A0-MOA-573"", ""SRC-0001""]",2027,27.98,ERNIE-4.5-Turbo-32K,88,28,18,23,20,False,True,"整体回答质量较高，诊断准确性、病理逻辑、处方安全性和数据质量均表现良好，无明显致命风险。诊断依据充分，考虑了症状、年龄、环境及用药史，并建议实验室检测以确认。治疗方向合理，管理措施具体且安全，同时注意到了混合感染风险和防疫隔离的重要性。
问题：病理逻辑部分对低温应激作为诱因的阐述可更深入，以增强诊断的说服力。；数据质量部分，虽然场景标签和验证点较为全面，但可进一步增加对症状严重程度的描述，以更精确地反映疾病状态。；处方安全性部分，虽然整体安全，但对抗生素使用的具体指导（如选择哪种抗生素）可更明确，以减少误用风险。",hunyuan-turbos-20250926,90,9,8.5,9,8.5,False,False,"该数据整体真实可信，用户描述的保育猪群体性水样腹泻、酸臭味、脱水等症状与猪δ冠状病毒感染的典型特征相符，并结合了低温应激、用药无效等背景信息，诊断推理合理。处方方向符合该病无特效抗病毒药的特点，强调对症支持、防继发感染和环境管理，并提示实验室检测和上报程序，安全边界清晰。未出现危险用药建议或违规操作。
问题：病理机制中对低温应激如何促进PDCoV感染的机理阐述不足，可增加免疫抑制或肠道屏障受损的解释以提高说服力。；处方中虽提到可用抗生素防继发感染，但未给出具体类别或选择原则，可能导致基层人员随意选药的风险。；数据质量方面，对病情严重程度和病程进展的描述可以更细化，以便更好评估风险等级。",True,ERNIE-4.5-Turbo-32K,True,pass,整体回答质量较高，诊断准确性、病理逻辑、处方安全性和数据质量均表现良好，无明显致命风险。诊断依据充分，考虑了症状、年龄、环境及用药史，并建议实验室检测以确认。治疗方向合理，管理措施具体且安全，同时注意到了混合感染风险和防疫隔离的重要性。尽管病理逻辑部分对低温应激作为诱因的阐述、处方中抗生素使用的具体指导以及数据质量部分对症状严重程度的描述可进一步优化，但不影响整体判断。,89.0,28,18,23,20,pass,19.15,17.53,
7c406479-873d-5d77-940a-2a271759d7e4,317,猪δ冠状病毒感染,swine_hunyuan_turbos,hunyuan-turbos-20250926,成功,,猪,我家有120头25日龄左右的保育猪，这几天陆续有几窝开始拉黄色水样便，精神差、吃料少，有的还伴随轻度脱水。圈舍温度偏低，前几天刚用过恩诺沙星拌料防过大肠杆菌，现在想弄清楚是不是病毒性腹泻，该怎么紧急处理？,结合年龄、水样腹泻、脱水及低温应激史，高度怀疑猪δ冠状病毒感染，同时需考虑混合感染可能（如大肠杆菌、轮状病毒等）。建议通过实验室检测粪便或肠内容物中的PDCoV核酸进行确诊。,立即改善保温与通风条件，减少冷应激；提供清洁温水防止脱水；暂停使用抗生素以防掩盖病情；采集新鲜腹泻粪便送实验室检测PDCoV及其他常见腹泻病原；根据检测结果调整防控方案，必要时配合支持疗法（补液、电解质）；严禁随意使用未经批准的抗病毒药物。,因无特效抗病毒药，无需标注休药期；若后续使用抗生素治疗，须按药品说明执行相应休药期。,"{""disease_name"": ""猪δ冠状病毒感染"", ""severity"": ""中等至严重（可导致仔猪高死亡率）"", ""scene_tags"": [""保育猪"", ""水样腹泻"", ""脱水"", ""低温应激""], ""validation_points"": [""符合PDCoV在保育猪群中暴发的流行病学特征"", ""临床表现与文献描述一致"", ""强调实验室确诊的重要性""], ""risk_flags"": [""潜在混合感染"", ""寒冷应激加重病情""], ""case_type"": ""腹泻群体发病"", ""target_disease"": ""猪δ冠状病毒感染"", ""local_flags"": {""species_ok"": true, ""target_disease_in_diagnosis"": true, ""target_disease_mismatch"": false, ""contains_specific_dose"": false, ""contains_specific_withdrawal"": false, ""regulated_bad_treatment"": false}}",False,False,,,True,False,False,D:\XF-ChongQin\ai-\knowledge\llm_wiki_swine_authoritative,1465,887,"猪δ冠状病毒感染
猪δ冠状病毒感染、porcine deltacoronavirus
腹泻群体发病
同窝或同栏出现水样腹泻、脱水、采食下降，用户想知道主要病因和紧急处理。","{""HUMAN_REVIEWED"": 1, ""NEEDS_REVIEW"": 4}","[""A0-MOA-573"", ""SRC-0001""]",2027,24.43,ERNIE-4.5-Turbo-32K,88,28,18,24,18,False,True,"该回答整体表现良好，诊断准确性较高，符合猪δ冠状病毒感染的流行病学特征和临床表现。病理逻辑合理，考虑了混合感染和寒冷应激的影响。处方安全，强调了改善环境条件和实验室确诊的重要性，避免了随意使用抗病毒药物。数据质量方面，虽然提供了详细的场景标签和验证点，但部分信息如支持疗法的具体措施可进一步细化。
问题：病理逻辑中未详细阐述混合感染（如大肠杆菌、轮状病毒）的具体诊断依据和鉴别方法。；数据质量方面，支持疗法的具体措施（如补液、电解质的种类和剂量）未明确说明。；处方中未提及如何监测病情变化和调整治疗方案的具体指标。",hunyuan-turbos-20250926,90,95,92,93,85,False,False,该案例描述真实且符合猪δ冠状病毒感染的典型临床特征，包括年龄、水样腹泻、脱水及低温应激背景。诊断思路清晰，并考虑到可能的混合感染，建议实验室检测以确诊，体现了科学严谨性。处方措施安全，强调改善环境、避免滥用抗生素和未经批准的药物，符合生物安全和用药规范。不足之处在于对混合感染的具体鉴别方法和支持疗法的细节描述不够充分，可能影响实际操作的可操作性。,True,ERNIE-4.5-Turbo-32K,True,pass,诊断准确，符合猪δ冠状病毒感染的流行病学特征和临床表现，考虑了混合感染和寒冷应激的影响。处方安全，强调了改善环境条件和实验室确诊的重要性，避免了随意使用抗病毒药物。尽管存在对混合感染鉴别方法和支持疗法细节描述不够充分的问题，但整体方向正确，不影响实际操作的安全性。,89.0,28,18,24,18,pass,16.5,19.22,
a7b8391b-e359-580b-a91c-8c13ec337f82,248,猪丝状病毒相关感染,swine_hunyuan_turbos,hunyuan-turbos-20250926,成功,,猪,我家有120头80公斤左右的育肥猪，最近一周陆续有几头开始精神沉郁、食欲下降、体温升高到40℃左右，个别猪皮肤发红，粪便偏稀。之前用了氟苯尼考和多西环素拌料三天，症状没明显好转。请问还能继续用这些药吗？,根据描述的症状（高热、精神沉郁、食欲减退、皮肤发红、腹泻），结合近期用药无效的情况，需考虑病毒性感染的可能，包括猪丝状病毒相关感染在内的多种病毒病。该病目前在中国尚无明确防控方案，且存在一定的人兽共患风险，因此不建议自行继续用药观察，应优先进行病原学检测和流行病学调查。,立即停止随意使用抗生素，防止掩盖病情；将可疑病例与健康猪群严格隔离，减少人员、车辆及器具交叉接触；采集血液、组织等样本送具备资质的实验室进行病毒核酸检测；加强圈舍通风、消毒和环境清洁；在检测结果出来前，禁止出售、运输或屠宰该批猪；若确诊为重大动物疫病，须按当地畜牧兽医部门要求进行扑杀和无害化处理。,因涉及重大疫病风险，当前阶段不应出栏或销售，无具体休药期可适用。,"{""disease_name"": ""猪丝状病毒相关感染"", ""severity"": ""高"", ""scene_tags"": [""育肥猪"", ""高热"", ""食欲减退"", ""皮肤发红"", ""腹泻""], ""validation_points"": [""症状符合病毒性感染特征"", ""抗生素治疗无效提示非细菌性为主"", ""存在重大疫病和人兽共患风险""], ""risk_flags"": [""重大动物疫病风险"", ""人兽共患风险""], ""case_type"": ""育肥猪用药咨询"", ""target_disease"": ""猪丝状病毒相关感染"", ""local_flags"": {""species_ok"": true, ""target_disease_in_diagnosis"": true, ""target_disease_mismatch"": false, ""contains_specific_dose"": false, ""contains_specific_withdrawal"": false, ""regulated_bad_treatment"": false}}",False,False,,,True,False,False,D:\XF-ChongQin\ai-\knowledge\llm_wiki_swine_authoritative,1465,887,"猪丝状病毒相关感染
猪丝状病毒相关感染、filoviruses reston ebolavirus zaire ebolavirus
育肥猪用药咨询
育肥猪出现典型症状，用户已经用过常见药物但效果一般，询问是否继续用药。","{""NEEDS_REVIEW"": 5}","[""SRC-0001""]",2058,24.64,ERNIE-4.5-Turbo-32K,88,28,18,25,17,False,True,"该回答在诊断准确性、病理逻辑、处方安全性和数据质量方面表现良好，整体符合猪丝状病毒相关感染的测试数据要求，未发现致命风险。
问题：诊断准确性方面，虽然识别了病毒性感染的可能性，但未明确提及猪丝状病毒相关感染的具体特征，诊断描述稍显宽泛。；病理逻辑方面，对症状与病毒性感染之间的关联解释较为充分，但缺乏对猪丝状病毒相关感染特异性的深入分析。；数据质量方面，场景标签和验证点较为全面，但风险标志的描述可以更加具体和详细。",hunyuan-turbos-20250926,90,85,88,95,92,False,False,"该数据场景真实，症状与目标疾病（猪丝状病毒相关感染）基本吻合，诊断考虑了病毒性感染并提示检测确认，处方措施安全合理，强调隔离、送检、无害化处理和避免随意用药，未给出具体药物剂量或休药期，避免了风险。不足之处在于诊断中对猪丝状病毒相关感染的特异性描述不足，缺乏更明确的鉴别要点。
问题：诊断部分未明确指出猪丝状病毒相关感染的特异性临床表现或流行病学背景，仅笼统归为病毒性感染。；病理逻辑分析缺少针对猪丝状病毒相关感染与其他类似病毒病的区分说明。",True,ERNIE-4.5-Turbo-32K,True,pass,该回答在诊断准确性、病理逻辑、处方安全性和数据质量方面表现良好，诊断考虑了病毒性感染并提示检测确认，处方措施安全合理，强调隔离、送检、无害化处理和避免随意用药，未给出具体药物剂量或休药期，避免了风险，整体符合猪丝状病毒相关感染的测试数据要求，未发现致命风险。尽管诊断中对猪丝状病毒相关感染的特异性描述不足，但不影响整体判断。,89.0,28,18,25,17,pass,15.84,17.89,
9e525a1b-3006-5936-b75e-cf8d847af7de,10,猪丹毒,swine_hunyuan_turbos,hunyuan-turbos-20250926,成功,,猪,我家是育肥场，存栏大概600头，平均体重70公斤左右。最近两天同一圈里有3头陆续出现精神沉郁、体温升高到41度以上，皮肤有紫红色菱形斑块，有的还咳嗽、呼吸急促。之前用过替米考星拌料防呼吸道病，效果一般。现在隔壁圈也有一头出现类似情况，我担心是不是传染病，能不能先按普通细菌感染打针看看？,根据描述，考虑急性败血型猪丹毒可能性较大，特征包括高热、皮肤菱形红斑、呼吸加快等。需注意与A. suis败血症等疾病鉴别，建议尽快采集血样及病变组织送实验室确诊。,立即隔离病猪并加强消毒，减少人员、工具交叉感染；对疑似病例进行对症治疗（如退热、补液、支持疗法），避免使用未经证实的药物方案；同时采集血液、脾、淋巴结等样本送具备资质的实验室做病原鉴定；严禁擅自使用抗生素掩盖病情延误诊断；若确诊为猪丹毒且属重大疫情，应配合当地畜牧部门执行封锁、扑杀、无害化处理等措施。,因涉及重大疫病防控，无自行用药恢复期概念，须依官方检测结果和处置决定执行。,"{""disease_name"": ""猪丹毒"", ""severity"": ""高"", ""scene_tags"": [""育肥猪"", ""急性败血症"", ""皮肤菱形斑"", ""多圈扩散""], ""validation_points"": [""高热、皮肤菱形红斑符合急性败血型猪丹毒临床特征"", ""存在多圈发病趋势提示传染性"", ""需与A. suis败血症等鉴别""], ""risk_flags"": [""可能为人畜共患病的职业暴露风险（erysipeloid）"", ""疑似重大动物疫病暴发，需及时上报并配合处置""], ""case_type"": ""暴发与处置边界"", ""target_disease"": ""猪丹毒"", ""local_flags"": {""species_ok"": true, ""target_disease_in_diagnosis"": true, ""target_disease_mismatch"": false, ""contains_specific_dose"": false, ""contains_specific_withdrawal"": false, ""regulated_bad_treatment"": false}}",False,False,,,True,False,False,D:\XF-ChongQin\ai-\knowledge\llm_wiki_swine_authoritative,1465,887,"猪丹毒
猪丹毒、erysipelas
暴发与处置边界
同栏或多栋猪舍短期内发病增多，用户询问是否能先按普通病治疗观察。","{""HUMAN_REVIEWED"": 4}","[""SRC-0001"", ""SRC-0058"", ""SRC-0065""]",2221,27.63,ERNIE-4.5-Turbo-32K,88,28,18,24,18,False,True,"该回答对猪丹毒的诊断准确性较高，病理逻辑合理，处方安全且符合重大疫病防控要求，数据质量良好，无致命风险。
问题：diagnosis_accuracy: 虽诊断方向正确，但未明确提及与A. suis败血症的鉴别要点，略显不足。；pathology_logic: 病理逻辑基本合理，但未详细阐述猪丹毒的病理机制与症状之间的关联。；data_quality: 数据质量良好，但场景标签和验证点可进一步丰富，以增强数据的全面性和准确性。",hunyuan-turbos-20250926,90,9,8,10,9,False,False,"该回答对猪丹毒的诊断准确，考虑了鉴别诊断，病理逻辑合理，处方强调隔离、送检和避免盲目用药，符合重大疫病防控要求，无危险建议。不足之处在于未详细说明猪丹毒的病理机制及与相似疾病的鉴别要点。
问题：未明确列出猪丹毒与A. suis败血症的具体鉴别要点；缺少对猪丹毒病理机制与临床表现之间关系的深入解释",True,ERNIE-4.5-Turbo-32K,True,pass,该回答对猪丹毒的诊断准确性较高，考虑了鉴别诊断，病理逻辑合理，处方强调隔离、送检和避免盲目用药，符合重大疫病防控要求，无危险建议。尽管存在未明确提及鉴别要点和病理机制说明的轻微不足，但整体数据质量良好，不影响其作为有效数据的参考价值。,89.0,28,18,24,18,pass,19.85,18.43,
34c9237f-a6be-5ca5-8fec-997da2eaf862,103,猪乙型脑炎,swine_hunyuan_turbos,hunyuan-turbos-20250926,成功,,猪,我家是200头基础母猪的种猪场，最近半个月陆续有5头怀孕90多天的母猪发生流产，有的还产出木乃伊胎，还有两头公猪精神沉郁、采食量下降，精液稀薄。气温高、蚊子也多，之前没做过乙脑疫苗。这种情况是不是传染病？还能继续配种吗？,根据描述的症状（妊娠中后期流产、死胎、木乃伊胎）及公猪精液质量下降，结合高温多蚊的环境特点，高度怀疑为猪乙型脑炎病毒感染所致。该病由日本脑炎病毒引起，通过蚊虫叮咬传播，可导致母猪繁殖障碍和公猪生殖功能受损。,立即隔离发病母猪和受影响公猪，停止配种操作，防止疫情扩散；加强场内灭蚊措施，减少蚊虫滋生；对全场母猪进行流行病学调查，采集流产胎儿、胎盘及公猪精液送实验室检测确诊；在未排除前不建议使用未经检疫的公猪配种；若确诊为乙脑，应依据当地防疫部门指导制定免疫计划并落实生物安全措施。,无特定药物休药期，但须遵循当地动物疫病防控部门的封锁、消毒和复养规定。,"{""disease_name"": ""猪乙型脑炎"", ""severity"": ""中等至严重"", ""scene_tags"": [""种猪场"", ""繁殖障碍"", ""蚊媒传播"", ""公猪精液异常""], ""validation_points"": [""妊娠中后期流产、死胎、木乃伊胎符合乙脑特征"", ""公猪精液稀薄提示生殖系统受累"", ""高温多蚊环境增加乙脑传播风险""], ""risk_flags"": [""疑似重大动物疫病"", ""存在蚊媒传播风险"", ""可能影响全群繁殖性能""], ""case_type"": ""种猪繁殖障碍"", ""target_disease"": ""猪乙型脑炎"", ""local_flags"": {""species_ok"": true, ""target_disease_in_diagnosis"": true, ""target_disease_mismatch"": false, ""contains_specific_dose"": false, ""contains_specific_withdrawal"": false, ""regulated_bad_treatment"": false}}",False,False,,,True,False,False,D:\XF-ChongQin\ai-\knowledge\llm_wiki_swine_authoritative,1465,887,"猪乙型脑炎
猪乙型脑炎、japanese encephalitis virus
种猪繁殖障碍
种猪场出现流产、死胎、返情或公猪异常，用户担心传染病和是否继续配种。","{""HUMAN_REVIEWED"": 3, ""NEEDS_REVIEW"": 2}","[""SRC-0001"", ""SRC-0015"", ""SRC-0025"", ""SRC-0035""]",2145,29.31,ERNIE-4.5-Turbo-32K,90,28,18,24,20,False,True,"该回答对猪乙型脑炎的诊断准确，症状与疾病匹配度高，诊断逻辑合理，处理方向安全且与疾病相互印证，数据质量较高，无致命风险。
问题：diagnosis_accuracy: 诊断准确性较高，但未完全覆盖所有可能症状，如公猪精神沉郁和采食量下降的详细解释略显不足。；pathology_logic: 病理逻辑基本合理，但对乙脑病毒传播途径和影响的详细解释可进一步增强。；prescription_safety: 处方安全且合理，但缺乏具体的治疗药物或疫苗使用建议，仅提到依据防疫部门指导制定免疫计划。；data_quality: 数据质量较高，但部分信息如“中等至严重”的严重程度评估可更具体。",hunyuan-turbos-20250926,88,9,8.5,9,8.5,False,False,该案例场景真实，用户描述的母猪流产、木乃伊胎及公猪精液异常与猪乙型脑炎的典型表现相符，诊断逻辑清晰，处理方案符合生物安全要求，未给出具体药物剂量或休药期承诺，整体安全性良好。不足之处在于对部分症状的细节解释不够充分，以及缺少针对乙脑疫苗接种的具体建议。,True,ERNIE-4.5-Turbo-32K,True,pass,该回答对猪乙型脑炎的诊断准确，症状与疾病匹配度高，诊断逻辑合理，处理方向安全且与疾病相互印证。尽管存在对部分症状解释不够充分和缺少具体疫苗接种建议等轻微不足，但整体数据质量较高，无致命风险，符合通过标准。,89.0,28,18,24,20,pass,20.01,18.32,
34532137-6c6c-5e4e-bf7c-1ee262eb7453,222,猪传染性胃肠炎,swine_hunyuan_turbos,hunyuan-turbos-20250926,成功,,猪,我这边是山东一个自繁自养场，现在保育舍有200多头35日龄左右的仔猪，从昨天开始陆续出现水样腹泻，有的还带点酸臭味，体温正常偏低，采食量明显下降。已经用了恩诺沙星和硫酸粘菌素拌料两天，拉稀的猪还是不少，精神也不太好。想问问这种情况还能继续用这些药吗？要不要送样检测一下？,根据描述，35日龄仔猪在保育舍集中发生水样腹泻，伴食欲减退，使用抗菌药效果不佳，提示可能为病毒性腹泻，如猪传染性胃肠炎（TGEV）或其他肠道病毒性疾病。TGEV 主要引起急性水样腹泻，传播快，哺乳仔猪死亡率高，保育猪症状相对较轻但仍会持续排稀便并影响生长。当前抗菌药无效且无明显发热，支持非细菌性病因的判断。,treatment_direction: 目前无特效抗病毒药物，重点为对症支持治疗和减少继发细菌感染风险。可在饮水中补充电解质和维生素，保持圈舍温暖干燥，减少应激。；management_measures: 立即隔离发病栏位，加强圈舍保温通风，防止贼风直吹；及时清理粪污，降低环境病毒载量；暂停转群和混群操作；保证饮水清洁充足。；sampling_and_testing: 建议采集新鲜腹泻粪便样本送至具备资质的实验室进行病原检测（如RT-PCR），明确是否为TGEV或其他病毒，以便后续防控决策。；prohibited_boundaries: 严禁随意使用未经批准的兽药或超范围用药；不得隐瞒疫情信息，若怀疑重大疫病须按当地畜牧部门规定上报。,因主要为支持性措施，不涉及特定药物休药期；如需使用抗生素控制继发感染，应按药品说明书及国家规定执行休药期管理。,"{""disease_name"": ""猪传染性胃肠炎"", ""severity"": ""中等至严重（视日龄和饲养管理而定）"", ""scene_tags"": [""保育猪"", ""水样腹泻"", ""抗菌药无效"", ""群体发病""], ""validation_points"": [""符合TGEV在保育猪的典型临床表现"", ""抗菌药无效支持病毒性病因"", ""建议送检病原以明确诊断""], ""risk_flags"": [""潜在快速传播风险"", ""可能影响全群健康与生产性能""], ""case_type"": ""腹泻用药咨询"", ""target_disease"": ""猪传染性胃肠炎"", ""local_flags"": {""species_ok"": true, ""target_disease_in_diagnosis"": true, ""target_disease_mismatch"": false, ""contains_specific_dose"": false, ""contains_specific_withdrawal"": false, ""regulated_bad_treatment"": false}}",False,False,,,True,False,False,D:\XF-ChongQin\ai-\knowledge\llm_wiki_swine_authoritative,1465,887,"猪传染性胃肠炎
猪传染性胃肠炎、transmissible gastroenteritis virus、TGE、TGEV
腹泻用药咨询
猪群腹泻后已用过常见抗菌药效果一般，用户询问是否继续用药以及是否需要送检。","{""HUMAN_REVIEWED"": 3, ""NEEDS_REVIEW"": 2}","[""SRC-0001"", ""SRC-0036"", ""SRC-0037"", ""SRC-0079""]",2190,21.97,ERNIE-4.5-Turbo-32K,88,28,18,23,20,False,True,"整体回答质量较高，诊断准确，逻辑清晰，处理方向安全，数据质量良好，无明显致命风险。
问题：诊断部分对症状与疾病关联的描述可更详细，以增强说服力。；病理逻辑部分对病毒性腹泻与细菌性腹泻的区分依据可进一步明确。；数据质量部分，场景标签和验证点可更具体，以提升数据丰富度。",hunyuan-turbos-20250926,90,9,9,10,8.5,False,False,该条数据场景真实，用户描述的仔猪水样腹泻、低体温、食欲下降等症状与猪传染性胃肠炎的典型表现相符；诊断分析合理，排除了细菌性原因，并提出了病原检测建议；处理方案以对症支持和生物安全措施为主，未给出危险用药建议，符合安全边界要求。,True,ERNIE-4.5-Turbo-32K,True,pass,两位评委均认为该条数据诊断准确，处理方向安全，无明显致命风险，符合筛选标准。诊断部分对症状与疾病的关联解释和病理逻辑中对病毒性腹泻与细菌性腹泻的鉴别可进一步细化，但不影响整体质量。,89.0,28,18,23,20,pass,14.24,15.56,
48461264-450c-5a66-b985-15e267329087,295,猪传染性胃肠炎,swine_hunyuan_turbos,hunyuan-turbos-20250926,成功,,猪,我家有120头母猪，现在产房里20多头刚出生不到一周的仔猪出现拉稀，粪便是黄色水样，有的带泡沫，吃奶量下降，有几头已经脱水站不起来。昨天开始陆续有死亡，今天早上又死了两头。之前用过恩诺沙星粉拌料喂过两天，没见好转。想问下这是啥病？怎么跟其他腹泻区分开？要不要马上送样检测？,根据日龄（<1周）、急性水样腹泻伴高死亡率及脱水表现，结合曾用抗生素无效，高度怀疑病毒性腹泻，如猪传染性胃肠炎（TGEV）、PEDV、轮状病毒等，需排除大肠杆菌、梭菌、球虫等。建议立即采集新鲜粪便和肠内容物送实验室进行病原PCR检测，同时做细菌培养和镜检排查混合感染。,treatment_direction: 无特效抗病毒药，主要支持治疗：补液防脱水、维持体温、减少应激；对继发细菌感染可在兽医指导下使用敏感抗生素控制；停喂易发酵饲料，改为易消化乳清或代乳粉。；management_measures: 严格隔离病猪，防止交叉污染；加强产房保温与通风；清洁消毒用具、鞋靴、车辆；限制人员流动；病死猪无害化处理。；sampling_submission: 采集发病仔猪的新鲜粪便、肠内容物以及部分健康对照样品，尽快送具备资质的兽医实验室进行TGEV、PEDV、轮状病毒、大肠杆菌、梭菌、球虫等病原检测。；contraindications_boundary: 禁止在确诊前随意使用未经批准的疫苗或药物；发现疑似重大疫病应立即向当地畜牧兽医部门报告，不得擅自出售、运输或屠宰病猪。,因无特效抗病毒药，不涉及特定休药期；若使用抗生素须遵循兽医指导并遵守国家兽药使用规定。,"{""disease_name"": ""猪传染性胃肠炎"", ""severity"": ""高致死率急性传染病"", ""scene_tags"": [""新生仔猪"", ""水样腹泻"", ""高死亡率"", ""脱水"", ""抗生素治疗无效""], ""validation_points"": [""符合TGEV等病毒性腹泻的典型日龄与临床表现"", ""病程急、死亡率高、抗生素无效提示非单纯细菌感染"", ""需通过病原检测明确病因""], ""risk_flags"": [""潜在重大动物疫病风险"", ""存在快速扩散风险"", ""需及时采样送检""], ""case_type"": ""腹泻采样送检"", ""target_disease"": ""猪传染性胃肠炎"", ""local_flags"": {""species_ok"": true, ""target_disease_in_diagnosis"": true, ""target_disease_mismatch"": false, ""contains_specific_dose"": false, ""contains_specific_withdrawal"": false, ""regulated_bad_treatment"": false}}",False,False,,,True,False,False,D:\XF-ChongQin\ai-\knowledge\llm_wiki_swine_authoritative,1465,887,"猪传染性胃肠炎
猪传染性胃肠炎、transmissible gastroenteritis virus、TGE、TGEV
腹泻采样送检
用户描述粪便性状、日龄和病程，重点询问如何鉴别病毒性、细菌性或寄生虫性腹泻。","{""HUMAN_REVIEWED"": 2, ""NEEDS_REVIEW"": 2}","[""RC-DIARRHEA-001"", ""SRC-0001"", ""SRC-0007"", ""SRC-0036"", ""SRC-0052"", ""SRC-0062"", ""SRC-0063"", ""SRC-0064"", ""SRC-0071"", ""SRC-0072"", ""SRC-0073"", ""SRC-0077"", ""SRC-0081""]",2221,30.15,ERNIE-4.5-Turbo-32K,90,28,18,24,20,False,True,"该回答整体表现良好，诊断准确，逻辑清晰，处理方向安全，数据质量较高。诊断部分准确识别了病毒性腹泻的可能性，并建议进行病原检测以明确病因，符合实际场景需求。病理逻辑部分对症状与疾病的匹配度进行了合理分析，但可进一步细化鉴别诊断的依据。处方安全部分提供了支持治疗和管理措施，未发现与疾病相冲突的建议。数据质量方面，信息完整，风险标识明确。
问题：诊断部分虽提及多种病毒性腹泻可能，但未明确突出猪传染性胃肠炎的特征性表现，鉴别诊断依据可更具体。；病理逻辑部分对症状与疾病关系的分析可进一步深入，例如解释为何抗生素治疗无效。；数据质量方面，虽信息完整，但部分表述可更精炼，以提高可读性。",hunyuan-turbos-20250926,88,9,8,10,9,False,False,"回答整体科学严谨，诊断思路正确，能结合日龄、症状、病程和高死亡率提示病毒性腹泻可能性，并列出常见病原及鉴别对象，建议送检符合规范。处理方案强调支持疗法、管理防控和采样送检，未给出危险用药建议，且包含重大疫病上报提醒，安全性高。不足之处在于对猪传染性胃肠炎特征性表现的针对性描述不足，鉴别诊断依据略显笼统，部分语句可更精炼。
问题：未充分突出猪传染性胃肠炎的典型临床特征（如冬季高发、传播快、全窝发病等），导致与目标疾病匹配度不够直观。；鉴别诊断部分列举了多种病原，但缺乏针对每种病原的关键区分点说明，逻辑深度稍欠。；个别表述重复，语言可更简洁。",True,ERNIE-4.5-Turbo-32K,True,pass,回答整体科学严谨，诊断思路正确，结合日龄、症状、病程和高死亡率提示病毒性腹泻可能性，并列出常见病原及鉴别对象，建议送检符合规范。处理方案强调支持疗法、管理防控和采样送检，未给出危险用药建议，且包含重大疫病上报提醒，安全性高。尽管对猪传染性胃肠炎特征性表现的针对性描述不足，鉴别诊断依据略显笼统，但不影响整体方向，可通过后续优化提升。,89.0,28,18,24,20,pass,19.78,17.64,
d4cc2b84-73b0-55cc-b5e5-feacf21508d7,3,猪传染性胃肠炎,swine_hunyuan_turbos,hunyuan-turbos-20250926,成功,,猪,我家有120头母猪，现在产房里刚出生5天左右的仔猪陆续出现拉稀，粪便呈黄色水样，部分窝全窝都拉，有的还伴有呕吐，体温测着正常，吃奶也还可以，就是精神差一些。之前没用过什么药，圈舍温度在28℃左右，湿度偏高。我想知道这是病毒性还是细菌性的？要不要马上打针？,根据日龄（5日龄左右）、全窝发病、水样黄色腹泻伴呕吐、无明显高热等症状，结合冬季高发特点，高度怀疑为猪传染性胃肠炎（TGEV），但也需排除大肠杆菌（ETEC）、轮状病毒、球虫（Isospora suis）及梭菌感染等。建议尽快采集新鲜粪便送实验室进行病原检测（RT-PCR或电镜）以确诊。,treatment_direction: 目前无特效抗病毒药物，以支持疗法为主，包括保温、补液、电解质平衡、防止继发细菌感染。；management_measures: 提高产房温度至30-32℃，降低湿度；保证仔猪及时吃到初乳；对严重脱水个体可腹腔或口服补液；减少应激，保持圈舍清洁干燥。；sampling_and_testing: 采集发病仔猪的新鲜粪便样品，送具备资质的兽医实验室进行TGEV、轮状病毒、大肠杆菌、球虫等病原检测，必要时做电镜观察。；contraindications: 禁止随意使用抗生素预防，以免掩盖病情并增加耐药性；若检出重大动物疫病（如非洲猪瘟等），须立即报告当地畜牧兽医部门，不得擅自治疗或销售。,因无特定药物治疗，不涉及药物休药期问题；若为重大疫病，则按国家相关规定执行封锁、扑杀或无害化处理。,"{""disease_name"": ""猪传染性胃肠炎"", ""severity"": ""中等至高死亡风险（尤其新生仔猪）"", ""scene_tags"": [""腹泻"", ""新生仔猪"", ""全窝发病"", ""水样粪"", ""呕吐""], ""validation_points"": [""按日龄分层鉴别腹泻病因"", ""考虑病毒性（TGEV、轮状病毒）、细菌性（ETEC、梭菌）、寄生虫性（球虫）等多重可能性"", ""强调采样送检的重要性""], ""risk_flags"": [""高致死率新生仔猪疾病"", ""潜在重大动物疫病风险""], ""case_type"": ""腹泻采样送检"", ""target_disease"": ""猪传染性胃肠炎"", ""local_flags"": {""species_ok"": true, ""target_disease_in_diagnosis"": true, ""target_disease_mismatch"": false, ""contains_specific_dose"": false, ""contains_specific_withdrawal"": false, ""regulated_bad_treatment"": false}}",False,False,,,True,False,False,D:\XF-ChongQin\ai-\knowledge\llm_wiki_swine_authoritative,1465,887,"猪传染性胃肠炎
猪传染性胃肠炎、transmissible gastroenteritis virus、TGE、TGEV
腹泻采样送检
用户描述粪便性状、日龄和病程，重点询问如何鉴别病毒性、细菌性或寄生虫性腹泻。","{""HUMAN_REVIEWED"": 2, ""NEEDS_REVIEW"": 2}","[""RC-DIARRHEA-001"", ""SRC-0001"", ""SRC-0007"", ""SRC-0036"", ""SRC-0052"", ""SRC-0062"", ""SRC-0063"", ""SRC-0064"", ""SRC-0071"", ""SRC-0072"", ""SRC-0073"", ""SRC-0077"", ""SRC-0081""]",2221,37.41,ERNIE-4.5-Turbo-32K,90,28,18,24,20,False,True,"该回答整体表现良好，诊断方向准确，鉴别诊断全面，处理措施安全合理，数据质量较高。诊断准确率较高，考虑了多种可能性并建议实验室检测以确诊。病理逻辑清晰，符合临床实际。处方安全，无冲突，且考虑了支持疗法和预防继发感染。数据质量较高，信息完整，风险标识明确。
问题：diagnosis_accuracy: 诊断准确率虽高，但未完全覆盖所有可能的鉴别诊断（如未明确提及伪狂犬病等可能引起类似症状的疾病，尽管其可能性较低）。；pathology_logic: 病理逻辑基本清晰，但可进一步细化不同病原的典型症状差异，以增强鉴别诊断的说服力。；data_quality: 数据质量较高，但场景标签和验证点可进一步丰富，以更全面地反映病例特点。",hunyuan-turbos-20250926,88,85,86,90,87,False,False,"该案例描述真实可信，症状与目标疾病（猪传染性胃肠炎）高度吻合，鉴别诊断考虑较全面，处理方案安全合理，包含必要的实验室检测和重大疫病防控提示，无危险用药建议。
问题：鉴别诊断中未提及伪狂犬病等其他可能病因，虽然概率低，但在高风险场可考虑补充。；病理机制分析可进一步细化不同病原的症状差异，以增强鉴别说服力。",True,ERNIE-4.5-Turbo-32K,True,pass,诊断方向准确，鉴别诊断较全面，处理措施安全合理，符合临床实际。尽管鉴别诊断中未提及伪狂犬病等少见病因，但考虑到其可能性较低，不影响整体判断。病理逻辑清晰，处方安全，无冲突，且考虑了支持疗法和预防继发感染。数据质量较高，信息完整，风险标识明确。,89.0,28,18,24,20,pass,21.85,16.94,
3830195b-c246-5b09-a5c6-5af771e24e16,398,猪伪狂犬病,swine_hunyuan_turbos,hunyuan-turbos-20250926,成功,,猪,我家有200头80日龄左右的育肥猪，这几天陆续有几头出现发烧、流清鼻涕、咳嗽，还有个别猪精神沉郁、走路不稳甚至倒地抽搐。之前用了替米考星和多西环素拌料喂了三天，体温降下来一点，但神经症状没改善，反而又多了两头这样。圈舍通风一般，最近天气忽冷忽热，请问还能继续用这些药吗？还是该换别的办法？,根据描述的症状（发热、呼吸道表现、神经症状）、发病日龄及用药反应，高度怀疑为猪伪狂犬病感染。该病由疱疹病毒引起，常表现为急性呼吸道和神经症状，抗生素治疗无效。,立即停止继续使用抗生素，因本病为病毒性且抗生素无效。建议采取以下措施：1. 将疑似病例与健康猪群严格隔离，防止接触传播；2. 加强圈舍通风与保温，减少应激；3. 采集病死猪脑组织、扁桃体等样本送实验室进行PCR检测确诊；4. 对全群进行流行病学调查，必要时联系当地动物疫控部门；5. 在确诊前严禁出售、运输生猪及其产品；6. 禁止随意使用未批准的药物或疫苗，以免延误防控。,本病为重大动物疫病，无常规休药期概念，需按官方防疫方案执行扑杀、无害化处理或封锁等措施。,"{""disease_name"": ""猪伪狂犬病"", ""severity"": ""高"", ""scene_tags"": [""育肥猪"", ""神经症状"", ""呼吸道症状"", ""发热""], ""validation_points"": [""症状符合猪伪狂犬病特征"", ""抗生素治疗无效提示非细菌性病因"", ""需要实验室检测确认""], ""risk_flags"": [""重大动物疫病风险"", ""存在人畜共患病误判可能（需排除乙脑等）"", ""需及时上报并配合检疫""], ""case_type"": ""育肥猪用药咨询"", ""target_disease"": ""猪伪狂犬病"", ""local_flags"": {""species_ok"": true, ""target_disease_in_diagnosis"": true, ""target_disease_mismatch"": false, ""contains_specific_dose"": false, ""contains_specific_withdrawal"": false, ""regulated_bad_treatment"": false}}",False,False,,,True,False,False,D:\XF-ChongQin\ai-\knowledge\llm_wiki_swine_authoritative,1465,887,"猪伪狂犬病
猪伪狂犬病、pseudorabies aujeszky disease
育肥猪用药咨询
育肥猪出现典型症状，用户已经用过常见药物但效果一般，询问是否继续用药。","{""HUMAN_REVIEWED"": 2, ""NEEDS_REVIEW"": 2}","[""A1-WOAH-AUJESZKY-DISEASE"", ""SRC-0001"", ""SRC-0012"", ""SRC-0015""]",2221,28.19,ERNIE-4.5-Turbo-32K,88,28,18,24,18,False,True,"该回答在诊断准确性、病理逻辑、处方安全性和数据质量方面表现良好，整体符合猪伪狂犬病的诊断与处理要求，无重大风险。
问题：诊断准确性方面，症状描述与猪伪狂犬病高度匹配，但未完全排除其他类似疾病（如乙脑）的可能性，可进一步优化鉴别诊断描述。；病理逻辑方面，回答逻辑清晰，但可增加对病毒传播途径和易感猪群的简要说明，以增强逻辑完整性。；处方安全性方面，建议措施全面且安全，但可补充对隔离措施具体操作的说明（如隔离距离、消毒方法等）。；数据质量方面，回答详细且符合实际场景，但可增加对用户用药史的进一步询问建议（如用药剂量、频率等），以提高数据完整性。",hunyuan-turbos-20250926,90,9,9,10,8,False,False,回答准确识别了猪伪狂犬病，并基于症状、年龄、用药反应给出合理推断；处方措施安全、符合重大疫病防控原则，无危险建议；数据真实可信，场景细节充分。不足之处在于鉴别诊断略显单一，可提示与其他类似疾病（如乙脑）的区分；部分操作细节（如隔离距离、消毒方式）可更明确。,True,ERNIE-4.5-Turbo-32K,True,pass,回答在诊断准确性、病理逻辑、处方安全性和数据质量方面表现良好，诊断与猪伪狂犬病高度匹配，处方措施安全且符合重大疫病防控原则，无重大风险。尽管存在鉴别诊断略显单一、部分操作细节不够明确以及未进一步追问用户用药史等轻微不足，但不影响整体判断，可判为pass。,89.0,28,18,24,18,pass,17.52,17.96,
f7c35f94-1822-57b7-9c71-96aadf417572,256,猪副黏病毒相关感染,swine_hunyuan_turbos,hunyuan-turbos-20250926,成功,,猪,我家是育肥场，存栏约800头，平均体重在60公斤左右。最近一周内，同一栋舍里陆续有10多头猪出现精神沉郁、食欲减退、体温升高到40℃以上，部分伴随咳嗽和呼吸急促，个别猪眼结膜潮红。之前用过替米考星饮水两天，效果不明显。现在想问能不能先当普通呼吸道病继续用药观察？,结合临床表现（高热、呼吸道症状、多栏短时间内集中发病）及传播特征，高度怀疑为病毒性传染病，需优先排除猪副黏病毒相关感染及其他重大疫病可能。当前缺乏确诊依据，不能直接按普通细菌性疾病处理。,立即暂停随意使用抗生素，对全群进行临床监测并记录异常个体；采集发热、呼吸道症状明显猪的鼻拭子、血液样本送具备资质的实验室检测，明确病原；加强圈舍通风、降低密度、减少应激；严格人员、车辆消毒，防止交叉感染；若检测结果提示重大动物疫病，应按规定向当地畜牧兽医部门报告并配合处置。,因未确诊且存在重大疫病风险，禁止出栏销售，直至检测结果明确并采取相应防控措施。,"{""disease_name"": ""猪副黏病毒相关感染"", ""severity"": ""高"", ""scene_tags"": [""育肥猪"", ""多栏集中发病"", ""急性呼吸道表现""], ""validation_points"": [""高热伴呼吸道症状符合病毒性感染特征"", ""短期内在同栋舍多发提示传染性较强"", ""抗生素治疗无效提示非单纯细菌感染""], ""risk_flags"": [""疑似重大动物疫病"", ""存在快速扩散风险""], ""case_type"": ""暴发与处置边界"", ""target_disease"": ""猪副黏病毒相关感染"", ""local_flags"": {""species_ok"": true, ""target_disease_in_diagnosis"": true, ""target_disease_mismatch"": false, ""contains_specific_dose"": false, ""contains_specific_withdrawal"": false, ""regulated_bad_treatment"": false}}",False,False,,,True,False,False,D:\XF-ChongQin\ai-\knowledge\llm_wiki_swine_authoritative,1465,887,"猪副黏病毒相关感染
猪副黏病毒相关感染、paramyxoviruses
暴发与处置边界
同栏或多栋猪舍短期内发病增多，用户询问是否能先按普通病治疗观察。","{""NEEDS_REVIEW"": 5}","[""SRC-0001""]",2034,25.77,ERNIE-4.5-Turbo-32K,88,28,18,23,20,False,True,"该回答对猪副黏病毒相关感染的诊断较为准确，结合临床表现和传播特征进行了合理怀疑，并强调了排除重大疫病的必要性。病理逻辑基本清晰，但未详细阐述病毒性感染与细菌性感染的鉴别要点。处方安全合理，强调了检测和生物安全措施的重要性，避免了盲目用药。数据质量较高，提供了详细的场景标签和验证点。
问题：诊断部分虽准确但缺乏对病毒性感染与细菌性感染鉴别要点的详细阐述。；病理逻辑部分对传播特征的描述可更深入。；数据质量中风险标志的描述可更具体。",hunyuan-turbos-20250926,90,9,8.5,9.5,9,False,False,该回答基于用户提供的育肥场疫情信息，结合高热、呼吸道症状及群体性发病特点，合理怀疑猪副黏病毒相关感染，并强调需排除重大疫病，符合真实养殖场景。诊断与处理方向一致，避免盲目用药，提出采样送检、生物安全等科学措施，无危险建议。不足之处在于未详细阐述病毒性感染与细菌性感染的鉴别要点，传播特征描述可进一步细化。,True,ERNIE-4.5-Turbo-32K,True,pass,该回答对猪副黏病毒相关感染的诊断较为准确，结合临床表现和传播特征进行了合理怀疑，并强调了排除重大疫病的必要性。诊断与处理方向一致，避免盲目用药，提出采样送检、生物安全等科学措施，无危险建议。尽管在病毒性感染与细菌性感染的鉴别要点及传播特征的描述上存在不足，但整体不影响诊断和处置方向，数据质量较高。,89.0,28,18,23,20,pass,17.72,19.72,
9ffd1e71-e5c5-5517-adab-9160d096fb2b,329,猪副黏病毒相关感染,swine_hunyuan_turbos,hunyuan-turbos-20250926,成功,,猪,我家有200多头育肥猪，平均体重在80公斤左右，最近一周陆续出现精神沉郁、食欲下降、体温升高到40℃以上，部分猪咳嗽、流鼻涕，还有个别猪呼吸困难。圈舍通风一般，湿度偏高，之前用过一些抗生素，效果不明显。现在想先采样送检看看是不是病毒感染，请问该采哪些样？怎么保存送过去？会不会是非洲猪瘟？,根据描述的症状（高热、呼吸道表现、抗生素治疗无效）以及流行病学特征，高度怀疑为病毒性呼吸道疾病，其中猪副黏病毒相关感染是可能原因之一。需通过实验室检测排除其他重要病毒性疾病如PRRSV、PCV2等，并排除非洲猪瘟等重大疫病。,treatment_direction: 目前无特效抗病毒药物，以支持疗法为主，包括改善饲养环境（降低密度、加强通风、控制温湿度）、提供充足饮水和营养、减少应激。；management_measures: 立即隔离发病猪，防止与健康猪混群；对全群进行健康监测，记录体温、采食量及呼吸状况；严格消毒圈舍及周边区域，限制人员车辆随意进出。；sampling_and_testing: 采集发病猪的鼻拭子、肺组织（如有死亡可剖检取肺叶）、扁桃体、血液样本，置于冰袋冷藏运输至具备资质的实验室，做PCR检测排查多种呼吸道病毒，包括副黏病毒属相关病毒及其他常见猪呼吸道病毒。；prohibited_boundary: 严禁私自使用未经批准的疫苗或药物；若检测结果提示非洲猪瘟或其他法定重大动物疫病，须立即向当地动物防疫部门报告，并按其指导执行封锁、扑杀、无害化处理等措施。,因无特定药物治疗，不涉及常规休药期问题；但若后续使用兽药，应遵守相应说明书规定的停药期。,"{""disease_name"": ""猪副黏病毒相关感染"", ""severity"": ""中等偏上"", ""scene_tags"": [""育肥猪"", ""呼吸道症状"", ""高热"", ""抗生素无效""], ""validation_points"": [""症状符合病毒性呼吸道疾病特征"", ""抗生素治疗无效支持非细菌性病因"", ""建议采样送检以明确病原""], ""risk_flags"": [""需排除非洲猪瘟等重大疫病"", ""存在潜在传播风险""], ""case_type"": ""采样送检咨询"", ""target_disease"": ""猪副黏病毒相关感染"", ""local_flags"": {""species_ok"": true, ""target_disease_in_diagnosis"": true, ""target_disease_mismatch"": false, ""contains_specific_dose"": false, ""contains_specific_withdrawal"": false, ""regulated_bad_treatment"": false}}",False,False,,,True,False,False,D:\XF-ChongQin\ai-\knowledge\llm_wiki_swine_authoritative,1465,887,"猪副黏病毒相关感染
猪副黏病毒相关感染、paramyxoviruses
采样送检咨询
用户描述症状后，重点询问采什么样品、如何判断和如何避免误治。","{""NEEDS_REVIEW"": 5}","[""SRC-0001""]",2027,26.99,ERNIE-4.5-Turbo-32K,88,28,18,24,18,False,True,"该回答在诊断准确性、病理逻辑、处方安全性和数据质量方面表现良好，整体符合测试数据有效性要求。诊断考虑了症状、流行病学特征及抗生素治疗无效等因素，排除了非洲猪瘟等重大疫病，并建议采样送检以明确病原。处方以支持疗法为主，管理措施合理，采样和检测建议科学。数据质量方面，信息完整且逻辑清晰。
问题：病理逻辑方面，对猪副黏病毒相关感染的特异性症状描述不够详细，未充分阐述与其他病毒性呼吸道疾病的鉴别要点。；数据质量方面，场景标签和验证点虽覆盖了主要信息，但缺乏对猪舍环境（如湿度偏高）对疾病影响的具体分析。",hunyuan-turbos-20250926,90,9,8,10,9,False,False,该数据场景真实，用户描述了育肥猪群体性发热、呼吸道症状及抗生素治疗无效的背景，符合病毒性呼吸道疾病的临床特征。诊断中考虑到了猪副黏病毒相关感染的可能性，同时强调排除非洲猪瘟等重大疫病，体现了安全边界意识。处方以支持疗法和环境管理为主，措施合理且无危险用药建议。采样与送检方案科学，符合兽医规范。不足之处在于对猪副黏病毒的特异性症状描述不足，缺乏与其他呼吸道病毒的鉴别细节，以及对高湿环境致病机制的进一步解释。,True,ERNIE-4.5-Turbo-32K,True,pass,两位评委均认为该回答在诊断准确性、病理逻辑、处方安全性和数据质量方面表现良好，诊断考虑了症状、流行病学特征及抗生素治疗无效等因素，排除了非洲猪瘟等重大疫病，并建议采样送检以明确病原。处方以支持疗法为主，管理措施合理，采样和检测建议科学。尽管存在对猪副黏病毒相关感染的特异性症状描述不够详细、未充分阐述与其他病毒性呼吸道疾病的鉴别要点、缺乏对猪舍环境（如湿度偏高）对疾病影响的具体分析等轻微不足，但整体符合测试数据有效性要求，不影响其作为有效数据的参考价值。,89.0,28,18,24,18,pass,17.59,20.27,
f22b6e1a-97de-53a8-b9c7-687abbfcff78,200,猪增生性肠炎,swine_hunyuan_turbos,hunyuan-turbos-20250926,成功,,猪,我家有300头育肥猪，现在都快到出栏体重了，大概120公斤左右，这几天陆续有几头开始拉稀，粪便稀薄带点血丝，精神还行，采食量稍微下降，圈舍温度湿度正常，之前没用过针对Lawsonia的药，这种情况还能继续养着卖吗？要不要隔离或者送检？,根据描述，育肥猪在接近出栏时出现轻度腹泻伴血便，结合饲养密度和环境条件，考虑可能为猪增生性肠炎（Proliferative Enteropathy），由Lawsonia intracellularis感染所致。该病在育肥后期较常见，可导致肠上皮细胞异常增生，影响消化吸收并引发间歇性腹泻。需通过粪便PCR或组织病理学确诊。,建议立即将发病猪与健康猪分栏管理，减少交叉感染风险；采集新鲜粪便送实验室进行Lawsonia intracellularis PCR检测，必要时做病理切片；如确诊，可在兽医指导下使用对细胞内革兰氏阴性菌有效的抗生素进行治疗，同时加强饲料营养和饮水卫生；严禁未经检测直接出栏销售，以防疫情扩散及食品安全隐患。,若使用药物治疗，应严格遵守兽医指导的停药期规定，确保猪肉产品符合食品安全标准后方可上市销售。,"{""disease_name"": ""猪增生性肠炎"", ""severity"": ""中等"", ""scene_tags"": [""育肥猪"", ""临近出栏"", ""腹泻"", ""血便""], ""validation_points"": [""症状与Lawsonia intracellularis感染相符"", ""需要实验室确诊以避免误诊"", ""出栏前必须进行停药期管理""], ""risk_flags"": [""潜在人畜共患病风险低"", ""可能属于地方流行性细菌病"", ""涉及食品安全与检疫""], ""case_type"": ""腹泻出栏边界"", ""target_disease"": ""猪增生性肠炎"", ""local_flags"": {""species_ok"": true, ""target_disease_in_diagnosis"": true, ""target_disease_mismatch"": false, ""contains_specific_dose"": false, ""contains_specific_withdrawal"": false, ""regulated_bad_treatment"": false}}",False,False,,,True,False,False,D:\XF-ChongQin\ai-\knowledge\llm_wiki_swine_authoritative,1465,887,"猪增生性肠炎
猪增生性肠炎、proliferative enteropathy lawsonia intracellularis
腹泻出栏边界
临近出栏猪群出现腹泻，用户关心处理方向、隔离和用药后能否销售。","{""HUMAN_REVIEWED"": 2, ""NEEDS_REVIEW"": 2}","[""A0-MOA-573"", ""SRC-0001"", ""SRC-0071"", ""SRC-0072""]",2221,42.33,ERNIE-4.5-Turbo-32K,88,28,18,23,20,False,True,"该回答整体表现良好，诊断准确性较高，症状与疾病匹配合理，处理方向安全且符合疾病特点。病理逻辑清晰，但可进一步细化诊断依据。处方安全，考虑了食品安全和检疫要求。数据质量较高，但部分细节可优化。
问题：诊断部分虽提及粪便PCR和组织病理学确诊，但未详细说明其他可能的鉴别诊断，病理逻辑稍显不足。；数据质量方面，场景标签和验证点较为全面，但风险标志中'潜在人畜共患病风险低'的表述可能不够准确，猪增生性肠炎的人畜共患风险虽低，但仍需注意。",hunyuan-turbos-20250926,90,9,8,10,9,False,False,该案例场景真实，用户描述了育肥猪接近出栏阶段出现的腹泻带血丝等症状，与猪增生性肠炎的典型临床表现相符。诊断思路正确，明确指向Lawsonia intracellularis感染，并提出了实验室确诊方法。处理方案强调隔离、送检、兽医指导和食品安全控制，避免了盲目用药和销售，安全性高。未出现危险建议或违规操作。,True,ERNIE-4.5-Turbo-32K,True,pass,诊断准确性较高，症状与疾病匹配合理，处理方向安全且符合疾病特点，病理逻辑清晰，处方安全，考虑了食品安全和检疫要求。尽管存在鉴别诊断列举不足和人畜共患风险评价过于简化等轻微不足，但不影响整体质量和安全性。,89.0,28,18,23,20,pass,15.17,17.22,
3d81b403-6218-5e8c-9121-4c855dadf337,22,猪布尼亚病毒相关感染,swine_hunyuan_turbos,hunyuan-turbos-20250926,成功,,猪,我场有200多头育肥猪，平均体重70公斤左右，最近一周内陆续出现精神沉郁、食欲下降、体温升高到40℃以上，还有几头出现流产情况。之前用过阿莫西林和多西环素拌料，效果不明显。请问这种情况能不能先当普通病治着看？,根据描述的症状（高热、精神沉郁、食欲减退、流产），结合近期多栋猪舍同时发病的情况，需高度警惕重大传染病可能，包括猪布尼亚病毒相关感染在内的多种病毒性病因。目前尚无特异性治疗药物，且存在人畜共患病及重大动物疫病的风险，不宜直接按普通细菌性疾病处理。,treatment_direction: 立即停止常规抗生素投喂，避免掩盖病情延误诊断；对全群进行隔离观察，减少人员、车辆、饲料等流动；采集发热、流产母猪血液、组织样本送实验室检测，重点排查布尼亚病毒及其他重大传染病。；management_measures: 加强圈舍通风降温，保证饮水清洁；暂停场内转群和出栏操作；病死猪按规定无害化处理，防止病原扩散。；sampling_submission: 采集发热猪、流产母猪的血液、脾脏、淋巴结等组织样品，尽快送具备资质的兽医实验室做病原核酸检测和血清学检测。；prohibited_actions: 严禁私自使用未经批准的抗病毒药物或免疫制剂；禁止将可疑病例随意出售或转移；不得擅自解除隔离。,因无特效药物治疗，不涉及特定药物休药期；若后续确诊并采用合法兽药治疗，应严格遵循该药的官方休药期规定。,"{""disease_name"": ""猪布尼亚病毒相关感染"", ""severity"": ""高"", ""scene_tags"": [""全场暴发"", ""高热"", ""流产"", ""多栋猪舍""], ""validation_points"": [""症状符合病毒性感染特征"", ""多栋同时发病提示传染性较强"", ""抗生素治疗无效支持非细菌性病因""], ""risk_flags"": [""可能涉及重大动物疫病"", ""存在潜在人畜共患病风险"", ""需及时采样送检排除法定疫病""], ""case_type"": ""暴发与处置边界"", ""target_disease"": ""猪布尼亚病毒相关感染"", ""local_flags"": {""species_ok"": true, ""target_disease_in_diagnosis"": true, ""target_disease_mismatch"": false, ""contains_specific_dose"": false, ""contains_specific_withdrawal"": false, ""regulated_bad_treatment"": false}}",False,False,,,True,False,False,D:\XF-ChongQin\ai-\knowledge\llm_wiki_swine_authoritative,1465,887,"猪布尼亚病毒相关感染
猪布尼亚病毒相关感染、bunyaviruses akabane lumbo oya tahyna
暴发与处置边界
同栏或多栋猪舍短期内发病增多，用户询问是否能先按普通病治疗观察。","{""HUMAN_REVIEWED"": 2, ""NEEDS_REVIEW"": 2}","[""SRC-0001"", ""SRC-0033""]",2221,28.1,ERNIE-4.5-Turbo-32K,90,28,18,24,20,False,True,"该回答对猪布尼亚病毒相关感染的诊断、处理方向及安全措施进行了较为全面的分析，诊断准确，逻辑清晰，处理方向安全，数据质量较高，无明显致命风险。
问题：diagnosis_accuracy: 诊断准确性方面，虽然识别出了病毒性感染的可能性，但对猪布尼亚病毒相关感染的特异性症状描述不够详细，可进一步提升诊断的精确性。；pathology_logic: 病理逻辑方面，对多栋猪舍同时发病的原因分析较为笼统，可进一步深入探讨传播途径和感染机制。；data_quality: 数据质量方面，虽然提供了较为全面的症状描述和场景标签，但缺乏具体的流行病学数据支持，如发病率、死亡率等。",hunyuan-turbos-20250926,88,85,85,95,80,False,False,"该回答正确识别出重大传染病风险，未贸然按普通细菌感染处理，强调送检与隔离，符合生物安全要求。诊断虽指出病毒性可能，但未细化猪布尼亚病毒的典型特征；病理逻辑中传播机制分析不足；缺少流行病学数据支撑。整体安全可控，无危险建议。
问题：对猪布尼亚病毒相关感染的特异性症状描述不足，未能区分与其他热性病或流产性疾病的差异。；未深入分析多栋猪舍同时发病的传播途径与感染机制。；缺乏发病率、死亡率等流行病学数据，影响风险评估精度。",True,ERNIE-4.5-Turbo-32K,True,pass,该回答正确识别了猪布尼亚病毒相关感染的重大传染病风险，未贸然按普通细菌感染处理，强调了送检与隔离的重要性，符合生物安全要求。尽管在诊断特异性、病理逻辑和流行病学数据方面存在轻微不足，但整体安全可控，无危险建议，数据质量较高。,89.0,28,18,24,20,pass,18.32,17.83,
2a5ed19f-907d-5776-9abe-1c418a4a0c18,18,猪布鲁氏菌病,swine_hunyuan_turbos,hunyuan-turbos-20250926,成功,,猪,我家有120头母猪和15头公猪，最近两个月陆续发现几头怀孕母猪流产，还有一头公猪睾丸肿大，体温正常。之前没用过什么特别的药物，圈舍通风一般，想问这种情况是不是要停配种和引进新猪？应该采哪些样去检查？,结合临床表现（妊娠母猪流产、公猪睾丸肿大），考虑为繁殖障碍性疾病，其中猪布鲁氏菌病可引起类似症状，包括流产、死胎、不孕及公猪附睾炎、睾丸炎。需通过实验室检测确认病原体。,treatment_direction: 确诊前不建议使用抗生素进行预防性治疗，以免干扰检测结果。；management_measures: 立即暂停所有配种活动，停止引入新猪，防止潜在病原扩散。对发病个体与健康个体分群管理，加强圈舍消毒和通风。；sampling_submission: 采集流产胎儿组织、胎盘、阴道分泌物、公猪精液及血清样本送实验室进行布鲁氏菌分离培养和血清学检测。；prohibited_actions: 禁止将疑似感染猪出售、屠宰或作为种用；严禁在未确诊情况下随意使用抗菌药物。,因未进入治疗阶段，暂无休药期要求。若后续确诊并进行治疗，应依据兽医指导执行相应停药期。,"{""disease_name"": ""猪布鲁氏菌病"", ""severity"": ""中等至严重（视感染范围而定）"", ""scene_tags"": [""繁殖障碍"", ""流产"", ""公猪睾丸炎"", ""人兽共患风险""], ""validation_points"": [""症状符合布鲁氏菌引起的繁殖障碍特征"", ""公猪睾丸肿大提示生殖道炎症"", ""需要实验室检测确认病原""], ""risk_flags"": [""可能为人兽共患病源"", ""存在群体传播风险"", ""需严格生物安全措施""], ""case_type"": ""繁殖障碍送检"", ""target_disease"": ""猪布鲁氏菌病"", ""local_flags"": {""species_ok"": true, ""target_disease_in_diagnosis"": true, ""target_disease_mismatch"": false, ""contains_specific_dose"": false, ""contains_specific_withdrawal"": false, ""regulated_bad_treatment"": false}}",False,False,,,True,False,False,D:\XF-ChongQin\ai-\knowledge\llm_wiki_swine_authoritative,1465,887,"猪布鲁氏菌病
猪布鲁氏菌病、brucella suis brucellosis、布鲁氏菌病、Brucella suis
繁殖障碍送检
繁殖异常持续出现，用户询问该采哪些样品、是否需要暂停配种和引种。","{""HUMAN_REVIEWED"": 2, ""NEEDS_REVIEW"": 2}","[""SRC-0001"", ""SRC-0060"", ""SRC-0061""]",2221,26.98,ERNIE-4.5-Turbo-32K,90,28,18,24,20,False,True,"该回答在诊断准确性、病理逻辑、处方安全性和数据质量方面表现良好，符合猪布鲁氏菌病的诊断和处理要求，无明显致命风险。
问题：diagnosis_accuracy: 诊断中未明确提及布鲁氏菌病的人兽共患风险，尽管在metadata中有提及，但诊断部分应更突出。；pathology_logic: 病理逻辑部分对症状与疾病的关联解释较为充分，但可进一步细化布鲁氏菌病的典型病理变化。；data_quality: 数据质量方面，场景描述和用户查询较为清晰，但可增加更多流行病学信息以增强诊断的全面性。",hunyuan-turbos-20250926,88,85,85,95,85,False,False,该数据整体真实可信，症状与目标疾病（猪布鲁氏菌病）高度吻合，诊断思路合理，处理措施安全且符合防控原则，无危险用药建议。不足之处在于诊断描述中对人兽共患风险的提示不够突出，病理机制细节可更丰富，流行病学背景信息略显不足。,True,ERNIE-4.5-Turbo-32K,True,pass,该回答在诊断准确性、病理逻辑、处方安全性和数据质量方面表现良好，符合猪布鲁氏菌病的诊断和处理要求，无明显致命风险。尽管诊断部分未明确提及布鲁氏菌病的人兽共患风险，病理机制描述较笼统，流行病学背景信息略显不足，但整体不影响诊断和处置方向，且处理措施安全且符合防控原则。,89.0,28,18,24,20,pass,18.24,19.88,
7d43727f-26a9-5ef3-9dbc-493b8987433f,237,猪布鲁氏菌病,swine_hunyuan_turbos,hunyuan-turbos-20250926,成功,,猪,我家有120头能繁母猪，平均体重280公斤左右，还有8头公猪，最近两个月陆续有10多头母猪发生流产、产死胎，有的还反复发情配不上，公猪精液检查活力下降，个别睾丸肿大。之前用过替米考星和阿莫西林拌料一周，没见好转。请问这是啥病？会不会传染？还能继续配种吗？,根据描述的流产、死胎、返情及公猪睾丸病变等症状，结合饲养管理史，高度怀疑为猪布鲁氏菌病。该病由布鲁氏菌引起，属于细菌性繁殖障碍和人兽共患风险疾病，可导致母猪流产、死胎、不孕，公猪附睾炎、睾丸炎及精液质量下降。,treatment_direction: 立即暂停所有配种活动，防止病原扩散；对全场进行隔离观察，减少人员、车辆、器械交叉使用；采集流产胎儿、胎盘、公猪精液等样本送具备资质的实验室进行布鲁氏菌分离培养或PCR检测确诊。；management_measures: 加强生物安全，严格消毒进出通道、圈舍、器具；禁止引入新种猪，现有种猪分群管理；对疑似病例进行标记并隔离，避免与健康猪混养。；sampling_and_testing: 送检流产胎儿组织、胎盘、公猪精液、血清样品至专业兽医实验室，采用细菌学培养和分子生物学方法确认病原。；prohibited_actions: 在未确诊前不得继续使用抗生素盲目治疗；不得出售或调运可疑种猪；不得忽视疫情可能带来的公共卫生风险。,因未明确病原及用药方案，暂无法确定停药期，需依据检测结果及后续兽医指导执行。,"{""disease_name"": ""猪布鲁氏菌病"", ""severity"": ""高"", ""scene_tags"": [""繁殖障碍"", ""流产"", ""死胎"", ""公猪病变"", ""人兽共患风险""], ""validation_points"": [""症状符合布鲁氏菌导致的繁殖障碍特征"", ""公猪睾丸病变提示布鲁氏菌感染可能性大"", ""抗生素治疗无效提示非普通细菌感染""], ""risk_flags"": [""重大动物疫病风险"", ""人兽共患风险"", ""需实验室确诊""], ""case_type"": ""种猪繁殖障碍"", ""target_disease"": ""猪布鲁氏菌病"", ""local_flags"": {""species_ok"": true, ""target_disease_in_diagnosis"": true, ""target_disease_mismatch"": false, ""contains_specific_dose"": false, ""contains_specific_withdrawal"": false, ""regulated_bad_treatment"": false}}",False,False,,,True,False,False,D:\XF-ChongQin\ai-\knowledge\llm_wiki_swine_authoritative,1465,887,"猪布鲁氏菌病
猪布鲁氏菌病、brucella suis brucellosis、布鲁氏菌病、Brucella suis
种猪繁殖障碍
种猪场出现流产、死胎、返情或公猪异常，用户担心传染病和是否继续配种。","{""HUMAN_REVIEWED"": 2, ""NEEDS_REVIEW"": 2}","[""SRC-0001"", ""SRC-0060"", ""SRC-0061""]",2221,19.57,ERNIE-4.5-Turbo-32K,88,28,18,23,20,False,True,"该回答在诊断准确性、病理逻辑、处方安全性和数据质量方面表现良好，符合猪布鲁氏菌病的诊断和处理要求，未发现致命风险。
问题：病理逻辑中未详细解释布鲁氏菌病的传播途径和预防措施的关联性。；数据质量方面，场景标签和验证点可以更详细，以增强数据的全面性。",hunyuan-turbos-20250926,90,95,90,95,85,False,False,"该案例描述真实且典型，用户提供的症状（母猪流产、死胎、返情，公猪睾丸肿大、精液活力下降）与猪布鲁氏菌病的临床表现高度吻合。诊断部分准确识别了布鲁氏菌病，并强调了其为人兽共患病的风险。处方建议合理，包括暂停配种、隔离观察、采样送检、强化生物安全等措施，避免了盲目用药，符合重大疫病的防控原则。未出现危险建议或违规用药信息。不足之处在于病理机制解释略简，可进一步说明传播途径与预防措施的关联；数据质量上可增加更详细的场景标签和验证点。
问题：病理逻辑中对布鲁氏菌的传播途径及其与防控措施之间的关联解释不够充分。；数据质量方面缺少更细化的场景标签和验证点。",True,ERNIE-4.5-Turbo-32K,True,pass,诊断准确识别了猪布鲁氏菌病，且与用户描述的症状高度吻合。处方建议合理，包括暂停配种、隔离观察、采样送检、强化生物安全等措施，避免了盲目用药，符合重大疫病的防控原则。尽管病理逻辑中对布鲁氏菌的传播途径及其与防控措施之间的关联解释不够充分，数据质量方面缺少更细化的场景标签和验证点，但整体不影响诊断和处置方向，因此判为 pass。,89.0,28,18,23,20,pass,11.65,16.96,
9d5bb952-ce43-52ff-ab13-9a05ba9d0a3b,383,猪布鲁氏菌病,swine_hunyuan_turbos,hunyuan-turbos-20250926,成功,,猪,我家有120头能繁母猪，平均体重220公斤左右，还有8头公猪，最近一个月陆续有3头怀孕后期母猪发生早产、死胎，部分母猪流产后一直不发情，有两头公猪精液质量下降、睾丸肿胀。之前没用过什么特殊药物，圈舍通风一般，想问下这是啥病？会不会传染？还能继续配种吗？,根据描述，怀孕母猪出现流产、死胎及返情，公猪出现睾丸肿胀、精液质量下降，符合猪布鲁氏菌病的典型临床表现，该病可引起母猪繁殖障碍及公猪生殖器官病变，同时具有人兽共患风险。,treatment_direction: 暂停配种计划，防止疾病扩散；对疑似感染个体进行隔离观察；采集血液、流产胎儿组织送实验室做血清学及病原检测确认病因。；management_measures: 加强圈舍卫生消毒，减少人员与动物接触时的交叉污染；工作人员注意个人防护，处理流产物时戴手套口罩；限制外来人员及车辆进入生产区。；sampling_and_testing: 采集流产胎儿、胎盘、公猪精液及血清样本，送具备资质的兽医实验室进行布鲁氏菌分离培养或PCR检测。；prohibited_boundaries: 在未确诊前禁止将可疑动物及其后代外调或出售；严禁使用未经检疫的精液进行人工授精；发现阳性结果应立即向当地动物防疫部门报告，并配合开展流行病学调查。,因未确诊且存在人兽共患风险，应停止配种直至检测结果明确并采取相应防控措施。,"{""disease_name"": ""猪布鲁氏菌病"", ""severity"": ""中等至严重（可导致繁殖力显著下降，具人兽共患风险）"", ""scene_tags"": [""繁殖障碍"", ""流产"", ""死胎"", ""公猪睾丸炎"", ""人兽共患风险""], ""validation_points"": [""怀孕母猪流产、死胎、返情"", ""公猪睾丸肿胀、精液质量下降"", ""无近期特殊用药史""], ""risk_flags"": [""人兽共患风险"", ""潜在重大动物疫病"", ""需实验室确诊""], ""case_type"": ""种猪繁殖障碍"", ""target_disease"": ""猪布鲁氏菌病"", ""local_flags"": {""species_ok"": true, ""target_disease_in_diagnosis"": true, ""target_disease_mismatch"": false, ""contains_specific_dose"": false, ""contains_specific_withdrawal"": false, ""regulated_bad_treatment"": false}}",False,False,,,True,False,False,D:\XF-ChongQin\ai-\knowledge\llm_wiki_swine_authoritative,1465,887,"猪布鲁氏菌病
猪布鲁氏菌病、brucella suis brucellosis、布鲁氏菌病、Brucella suis
种猪繁殖障碍
种猪场出现流产、死胎、返情或公猪异常，用户担心传染病和是否继续配种。","{""HUMAN_REVIEWED"": 2, ""NEEDS_REVIEW"": 2}","[""SRC-0001"", ""SRC-0060"", ""SRC-0061""]",2221,28.25,ERNIE-4.5-Turbo-32K,88,28,18,23,20,False,True,"整体回答质量较高，诊断准确，逻辑清晰，处理方向安全，数据质量良好，无明显致命风险。
问题：diagnosis_accuracy: 诊断准确度较高，但未完全覆盖所有症状（如未明确提及返情与布鲁氏菌病的关联性）。；pathology_logic: 病理逻辑基本合理，但未详细解释布鲁氏菌病如何导致公猪睾丸肿胀和精液质量下降。；prescription_safety: 处方安全，但未明确提及休药期（虽因未确诊而合理，但可补充说明）。；data_quality: 数据质量良好，但场景标签中'中等至严重'的描述可更具体量化。",hunyuan-turbos-20250926,90,9,9,10,9,False,False,该数据场景真实，用户描述的怀孕母猪流产、死胎、返情以及公猪睾丸肿胀、精液质量下降等症状与猪布鲁氏菌病的典型表现高度吻合，诊断准确。处理方案包含隔离、采样送检、生物安全措施等，符合人兽共患病防控要求，无危险用药建议，安全性高。不足之处在于病理机制解释略简略，部分细节可进一步补充以增强说服力。,True,ERNIE-4.5-Turbo-32K,True,pass,诊断准确，与用户描述的症状高度吻合，处理方案安全且符合人兽共患病防控要求。尽管存在病理机制解释不够详细等轻微不足，但不影响整体质量和安全性。,89.0,28,18,23,20,pass,19.15,13.81,
d1181da9-d53e-5782-b30e-cfdacdda45e2,178,猪戊型肝炎,swine_hunyuan_turbos,hunyuan-turbos-20250926,成功,,猪,我场有300多头育肥猪，平均体重在60公斤左右，最近一周内陆续出现精神沉郁、食欲下降、粪便偏黄软的情况，部分猪体温略高到39℃左右，没有急性死亡。之前用过一些保肝的中药拌料，效果不明显。请问这种情况能不能先当普通肝炎治一治看看？,根据描述的症状（精神沉郁、食欲减退、轻度发热、粪便颜色改变），结合近期多栋猪舍同时出现类似情况，应高度怀疑猪戊型肝炎病毒感染的可能。该病可通过粪口途径传播，常在应激条件下暴发，且存在一定的人兽共患风险。,立即对全群进行隔离管理，停止调运；加强圈舍清洁消毒，减少应激因素；采集新鲜粪便及血液样本送具备资质的实验室检测HEV核酸及抗体；在未排除法定或重大疫病前，不建议自行投喂抗病毒药物或人用药物；若确诊为人兽共患型HEV，应按人畜共患病防控要求执行人员防护与生物安全措施。,因未进行具体药物治疗，无直接休药期问题；如后续确需用药，须依据药品说明书及国家兽药规定执行相应休药期。,"{""disease_name"": ""猪戊型肝炎"", ""severity"": ""中等至较高（视传播范围和检测结果而定）"", ""scene_tags"": [""育肥猪"", ""多栏同期发病"", ""非急性死亡"", ""潜在人兽共患""], ""validation_points"": [""症状符合HEV常见表现"", ""多栏同步发生提示传染性"", ""需通过实验室检测确认""], ""risk_flags"": [""存在人兽共患风险，需做好人员防护"", ""可能属于重大动物疫病范畴，需及时上报并配合检测""], ""case_type"": ""暴发与处置边界"", ""target_disease"": ""猪戊型肝炎"", ""local_flags"": {""species_ok"": true, ""target_disease_in_diagnosis"": true, ""target_disease_mismatch"": false, ""contains_specific_dose"": false, ""contains_specific_withdrawal"": false, ""regulated_bad_treatment"": false}}",False,False,,,True,False,False,D:\XF-ChongQin\ai-\knowledge\llm_wiki_swine_authoritative,1465,887,"猪戊型肝炎
猪戊型肝炎、hepatitis e virus
暴发与处置边界
同栏或多栋猪舍短期内发病增多，用户询问是否能先按普通病治疗观察。","{""HUMAN_REVIEWED"": 2, ""NEEDS_REVIEW"": 2}","[""SRC-0001"", ""SRC-0014"", ""SRC-0040"", ""SRC-0046"", ""SRC-0052""]",2221,26.68,ERNIE-4.5-Turbo-32K,88,28,18,24,18,False,True,"该回答对猪戊型肝炎的诊断较为准确，症状描述与疾病特征相符，诊断逻辑合理。处方安全，强调了隔离、检测和生物安全措施，避免了自行用药的风险。数据质量较高，提供了详细的背景信息和风险提示。
问题：诊断准确性方面，虽然症状描述与猪戊型肝炎相符，但未完全排除其他类似疾病的可能性，可进一步增加鉴别诊断的描述。；病理逻辑方面，对疾病传播途径和应激条件的解释较为充分，但可增加对疾病病理机制的简要说明。；处方安全方面，整体安全，但可增加对隔离管理和消毒措施的具体建议。；数据质量方面，信息完整，但可增加对疾病流行病学特征的描述，如发病率、死亡率等。",hunyuan-turbos-20250926,90,9,9,10,9,False,False,"该案例场景真实，用户描述了典型的育肥猪群体发病情况，症状与猪戊型肝炎的轻症表现基本吻合。诊断考虑了人兽共患风险并提示送检确认，符合安全边界要求。处方强调隔离、检测与生物安全，未给出具体药物或剂量，规避了用药风险。整体逻辑清晰，无明显错误。
问题：未明确列出需鉴别的其他可能疾病（如传染性胃肠炎、轮状病毒病等）以完善诊断思路。；对戊型肝炎的病理机制、流行特点（如潜伏期、传播速度）未作简要补充，可能影响读者理解。；隔离与消毒措施可更具体化，例如建议分栏饲养、使用何种消毒剂等。",True,ERNIE-4.5-Turbo-32K,True,pass,该回答对猪戊型肝炎的诊断较为准确，症状描述与疾病特征相符，诊断逻辑合理。处方安全，强调了隔离、检测和生物安全措施，避免了自行用药的风险。尽管在鉴别诊断、病理机制和具体措施方面存在轻微不足，但整体内容安全且疾病匹配，数据质量较高，提供了详细的背景信息和风险提示。,89.0,28,18,24,18,pass,17.07,16.93,
5a70fe28-8bdb-5812-a29f-8412b74d74b5,251,猪戊型肝炎,swine_hunyuan_turbos,hunyuan-turbos-20250926,成功,,猪,我家有120头育肥猪，平均体重在80公斤左右，最近一周陆续有几头出现精神沉郁、食欲下降、粪便颜色变浅的情况，体温正常，没有呼吸道症状。之前用过恩诺沙星拌料三天，效果不明显。想问下这种情况是不是需要采样送检？应该采哪些部位？会不会是别的更严重的病？,根据描述的症状（精神沉郁、食欲减退、粪便色淡），结合使用抗生素无效的情况，需考虑病毒性肝病如猪戊型肝炎的可能，同时应排除其他引起肝功能异常的传染病（如猪瘟、非洲猪瘟等）。由于该病为人兽共患风险病原体，且临床表现易与其他严重疫病混淆，建议立即采样送检确诊。,1. 暂停使用未经确诊的药物，防止掩盖病情；2. 采集新鲜粪便及血清样本送具备资质的实验室进行HEV核酸检测及血清学检测；3. 若条件允许，可同步采集肝脏组织做病理学检查；4. 加强生物安全措施，限制人员、车辆流动，防止潜在传播；5. 对疑似病例实施隔离观察，直至检测结果明确；6. 严禁将病死猪随意丢弃或出售，按当地规定无害化处理。,因未确定病因，暂不建议屠宰上市，等待实验室结果后再决定后续措施。,"{""disease_name"": ""猪戊型肝炎"", ""severity"": ""中等至严重（取决于是否并发其他疫病）"", ""scene_tags"": [""育肥猪"", ""食欲不振"", ""粪便异常"", ""抗生素治疗无效"", ""人兽共患风险""], ""validation_points"": [""症状符合病毒性肝炎表现"", ""抗生素无效提示非细菌性感染"", ""需通过实验室检测区分HEV与其他烈性传染病""], ""risk_flags"": [""人兽共患风险"", ""需排除法定重大动物疫病""], ""case_type"": ""采样送检咨询"", ""target_disease"": ""猪戊型肝炎"", ""local_flags"": {""species_ok"": true, ""target_disease_in_diagnosis"": true, ""target_disease_mismatch"": false, ""contains_specific_dose"": false, ""contains_specific_withdrawal"": false, ""regulated_bad_treatment"": false}}",False,False,,,True,False,False,D:\XF-ChongQin\ai-\knowledge\llm_wiki_swine_authoritative,1465,887,"猪戊型肝炎
猪戊型肝炎、hepatitis e virus
采样送检咨询
用户描述症状后，重点询问采什么样品、如何判断和如何避免误治。","{""HUMAN_REVIEWE"": 1, ""HUMAN_REVIEWED"": 2, ""NEEDS_REVIEW"": 2}","[""SRC-0001"", ""SRC-0009"", ""SRC-0012"", ""SRC-0014"", ""SRC-0040"", ""SRC-0041""]",2221,24.39,ERNIE-4.5-Turbo-32K,88,28,18,23,20,False,True,"该回答在诊断准确性、病理逻辑、处方安全性和数据质量方面表现良好，整体符合猪戊型肝炎的测试数据要求。诊断考虑了病毒性肝病的可能性，并建议排除其他严重传染病，符合真实场景需求。处方安全，强调了生物安全措施和无害化处理，避免了误治风险。数据质量较高，症状与疾病匹配，诊断逻辑清晰。
问题：病理逻辑方面，虽然考虑了病毒性肝病的可能性，但对其他可能引起类似症状的疾病（如猪瘟、非洲猪瘟）的排除逻辑可以更详细。；数据质量方面，虽然场景标签和验证点较为全面，但可以进一步增加对症状描述的详细性，以提高数据的丰富度。",hunyuan-turbos-20250926,90,9,8,10,9,False,False,该数据场景真实，用户描述了典型的育肥猪群发病情况，症状与猪戊型肝炎相符，并排除了呼吸道疾病，提示可能肝源性问题。诊断部分合理考虑了病毒性肝病可能性，并提醒排除猪瘟、非洲猪瘟等严重传染病，符合人兽共患病的安全边界要求。处方建议科学、安全，强调停止盲目用药、及时送检、生物安全防控和无害化处理，无危险建议。数据质量高，信息完整。,True,ERNIE-4.5-Turbo-32K,True,pass,该回答在诊断准确性、病理逻辑、处方安全性和数据质量方面表现良好，整体符合猪戊型肝炎的测试数据要求。诊断考虑了病毒性肝病的可能性，并建议排除其他严重传染病，符合真实场景需求。处方安全，强调了生物安全措施和无害化处理，避免了误治风险。数据质量较高，症状与疾病匹配，诊断逻辑清晰。尽管在病理逻辑和数据质量方面存在轻微不足，但不影响整体判断，可通过后续数据增强改进。,89.0,28,18,23,20,pass,15.02,16.63,
405814f5-06f1-519b-a90d-0006c0d08d3a,157,猪支原体肺炎,swine_hunyuan_turbos,hunyuan-turbos-20250926,成功,,猪,我家有200头70日龄左右的保育猪，最近一周陆续有几头开始干咳、呼吸急促，有的还发烧到40℃，吃料明显减少，圈舍通风一般，之前用过阿莫西林拌料几天效果不明显，现在担心会不会传染全群，需要全群用药吗？,根据描述，该群猪表现为慢性干咳、喘气、发热及采食下降，结合年龄和环境因素，高度怀疑为猪支原体肺炎（由M. hyopneumoniae引起）。该病常呈慢性经过，易在保育至育肥阶段流行，且可与其他病毒（如PRRSV、PCV2）协同加重肺部损伤。需通过实验室PCR或血清学检测确诊。,treatment_direction: 针对疑似猪支原体肺炎，可使用对支原体有效的抗生素（如泰妙菌素、替米考星等），并结合对症支持治疗改善采食与环境条件。；management_measures: 提高圈舍温度与通风质量，减少氨气浓度；分群饲养，将明显症状猪与健康猪隔离；保证饮水充足，适当添加电解质或维生素以提高抵抗力。；sampling_and_testing: 采集鼻腔拭子或肺组织送实验室进行支原体PCR检测，必要时配合血清学抗体检测，以明确病原并排除其他混合感染。；prohibited_boundaries: 严禁使用未经批准的兽药或超范围用药；若检测结果提示存在重大传染病（如非洲猪瘟、口蹄疫等），应立即按国家法规上报并执行隔离、扑杀等措施，不得自行处理。,具体休药期需依据所用药物说明书及国家规定执行，建议停药后按规定时间再出栏或屠宰。,"{""disease_name"": ""猪支原体肺炎"", ""severity"": ""中等偏上（慢性传播，可导致生长迟缓和经济损失）"", ""scene_tags"": [""保育猪"", ""群体咳嗽"", ""呼吸困难"", ""采食下降"", ""慢性呼吸道病""], ""validation_points"": [""症状符合M. hyopneumoniae引起的慢性干咳和喘气特征"", ""多发于保育至育肥阶段，与用户描述的日龄相符"", ""环境因素（通风不良）可加重病情并促进传播""], ""risk_flags"": [""可能与其他呼吸道病毒混合感染"", ""延误治疗可能导致全群扩散""], ""case_type"": ""呼吸道群体发病"", ""target_disease"": ""猪支原体肺炎"", ""local_flags"": {""species_ok"": true, ""target_disease_in_diagnosis"": true, ""target_disease_mismatch"": false, ""contains_specific_dose"": false, ""contains_specific_withdrawal"": false, ""regulated_bad_treatment"": false}}",False,False,,,True,False,False,D:\XF-ChongQin\ai-\knowledge\llm_wiki_swine_authoritative,1465,887,"猪支原体肺炎
猪支原体肺炎、mycoplasmosis enzootic pneumonia
呼吸道群体发病
同栏出现咳嗽、喘气、发热、采食下降，用户想判断病因和是否需要全群用药。","{""HUMAN_REVIEWED"": 2, ""NEEDS_REVIEW"": 2}","[""SRC-0001"", ""SRC-0006"", ""SRC-0026"", ""SRC-0069""]",2221,30.68,ERNIE-4.5-Turbo-32K,88,28,18,23,20,False,True,"整体回答质量较高，诊断准确性、病理逻辑、处方安全性和数据质量均表现良好，无明显致命风险。诊断准确描述了猪支原体肺炎的典型症状和流行特点，处方安全且合理，数据质量较高，符合测试数据有效性要求。
问题：诊断准确性方面，虽然描述了典型症状和流行特点，但未明确提及实验室检测的重要性，仅在处方部分提及，略显不足。；病理逻辑方面，对混合感染的风险描述较为笼统，未具体说明可能混合感染的病毒种类及其影响。；数据质量方面，场景标签和验证点较为全面，但风险标志部分可进一步细化，提供更具体的风险防控建议。",hunyuan-turbos-20250926,90,9,8,10,9,False,False,"回答整体科学严谨，诊断与症状、年龄、环境高度吻合，处方方向正确且包含安全边界，无危险用药建议。不足之处在于实验室检测重要性应在诊断部分更突出，混合感染的具体病原体举例较少，风险防控措施可更细化。
问题：诊断部分未强调实验室确诊的必要性，仅放在处方中提及。；混合感染风险描述较笼统，缺少具体可能的病毒种类及相互作用机制。；风险防控建议可更具体化，例如针对不同病原的隔离措施。",True,ERNIE-4.5-Turbo-32K,True,pass,回答整体科学严谨，诊断与症状、年龄、环境高度吻合，处方方向正确且包含安全边界，无危险用药建议。尽管存在诊断部分未充分强调实验室确诊必要性、混合感染风险描述较笼统、风险防控建议不够细化等轻微不足，但不影响整体质量和参考价值。,89.0,28,18,23,20,pass,21.05,16.31,
ff3881d5-6d39-5643-a16c-a3037ae9d394,84,猪支原体肺炎,swine_hunyuan_turbos,hunyuan-turbos-20250926,成功,,猪,我家有120头60日龄左右的保育猪，圈舍通风不太好，最近早晚温差大，氨气味也挺重的。这几天陆续有几头开始咳嗽、呼吸急促，有的还张口喘气，体温正常。之前没用过什么药，这种情况是环境应激还是支原体肺炎？要怎么处理？,根据描述，保育猪在通风不良、温差大及氨气浓度高的环境下出现持续性干咳、呼吸急促甚至张口喘气，且体温无明显升高，符合猪支原体肺炎（M. hyopneumoniae引起的地方性肺炎）的典型表现。该病常与环境因素协同作用诱发或加重，需要与单纯的环境应激性呼吸道反应鉴别。若伴随生长缓慢、饲料转化率下降，更支持支原体肺炎的诊断。,建议立即改善圈舍通风条件，降低氨气浓度，减少昼夜温差刺激；对发病猪进行分群管理，减少交叉感染机会。可采集鼻腔拭子或肺组织送实验室PCR检测确诊。如确诊为M. hyopneumoniae感染，可在兽医指导下使用针对支原体的敏感抗生素控制继发细菌感染，并配合营养管理与环境优化促进恢复。严禁自行使用未经许可的药物，尤其注意避免掩盖病情延误防控。,任何药物治疗前须明确药物种类及残留信息，并在停药期结束后方可屠宰上市。,"{""disease_name"": ""猪支原体肺炎"", ""severity"": ""中等"", ""scene_tags"": [""保育猪"", ""通风不良"", ""温差大"", ""氨气高"", ""慢性咳嗽""], ""validation_points"": [""症状与环境诱因相符"", ""无高热提示非急性病毒性肺炎"", ""需要实验室检测确认病原体""], ""risk_flags"": [""可能继发其他呼吸道病原"", ""环境管理不当会持续诱发""], ""case_type"": ""呼吸道环境诱因"", ""target_disease"": ""猪支原体肺炎"", ""local_flags"": {""species_ok"": true, ""target_disease_in_diagnosis"": true, ""target_disease_mismatch"": false, ""contains_specific_dose"": false, ""contains_specific_withdrawal"": false, ""regulated_bad_treatment"": false}}",False,False,,,True,False,False,D:\XF-ChongQin\ai-\knowledge\llm_wiki_swine_authoritative,1465,887,"猪支原体肺炎
猪支原体肺炎、mycoplasmosis enzootic pneumonia
呼吸道环境诱因
通风差、氨气重或温差大后出现咳嗽喘气，用户想区分环境应激和传染病。","{""HUMAN_REVIEWED"": 2, ""NEEDS_REVIEW"": 2}","[""SRC-0001"", ""SRC-0026"", ""SRC-0069""]",2221,26.97,ERNIE-4.5-Turbo-32K,88,28,18,23,20,False,True,"整体回答质量较高，诊断准确性、病理逻辑、处方安全性和数据质量均表现良好，无明显致命风险。诊断准确描述了猪支原体肺炎的典型症状及环境诱因，病理逻辑合理，处方安全且考虑了环境改善和实验室检测，数据质量较高，信息完整且无明显错误。
问题：诊断准确性方面，虽然描述了典型症状，但未明确提及与其他呼吸道疾病的鉴别诊断，如猪传染性胸膜肺炎等。；病理逻辑方面，虽然提到了环境因素与疾病的协同作用，但未详细阐述环境因素如何具体影响疾病的发生和发展。；处方安全性方面，虽然提到了使用敏感抗生素控制继发细菌感染，但未具体说明抗生素的种类和使用剂量。；数据质量方面，虽然信息完整，但部分描述如'生长缓慢、饲料转化率下降'等未在用户查询中明确提及，可能略显冗余。",hunyuan-turbos-20250926,90,9,9,9,8,False,False,该回答整体科学严谨，诊断依据充分，结合环境诱因与临床症状准确指向猪支原体肺炎，病理机制解释合理，处方建议兼顾环境改善、病原检测和合理用药，未给出具体药物剂量或休药期承诺，避免了用药风险。不足之处在于缺乏与其他呼吸道疾病的鉴别诊断细节，以及环境因素致病机制的深入展开，同时部分补充信息超出用户原始描述范围。,True,ERNIE-4.5-Turbo-32K,True,pass,整体回答科学严谨，诊断依据充分，结合环境诱因与临床症状准确指向猪支原体肺炎，病理机制解释合理，处方建议兼顾环境改善、病原检测和合理用药，未给出具体药物剂量或休药期承诺，避免了用药风险。尽管存在未进行与其他呼吸道疾病鉴别诊断、环境因素致病机制描述不够细化、部分补充信息超出用户原始描述范围等轻微不足，但不影响整体质量和安全性，可判pass。,89.0,28,18,23,20,pass,19.89,17.04,
ce2fbf64-d2eb-5a14-bfb8-3d5d94eca315,118,猪水疱性口炎,swine_hunyuan_turbos,hunyuan-turbos-20250926,成功,,猪,我家有200头育肥猪，平均体重80公斤左右，分两栋圈养。最近一栋里陆续出现几头猪口腔、蹄部起水疱，伴随流涎、跛行，已经持续一周多，另一栋暂时没发现。之前用过阿莫西林饮水防继发感染，效果不明显。想问能不能先当普通水泡病处理看看？,根据描述，口腔及蹄部水疱、流涎、跛行等症状高度提示水疱性疾病，包括猪水疱性口炎（VS）、口蹄疫（FMD）、猪水疱疹（SVD）等。这些疾病在临床表现上难以区分，必须通过实验室检测进行确诊。,treatment_direction: 暂停自行用药，立即采取隔离措施，防止健康猪接触病猪及其分泌物、排泄物。对病猪加强护理，提供易消化的饲料和清洁饮水，减少应激。；management_measures: 限制人员、车辆、工具在场内流动，做好消毒工作。病死猪按规定无害化处理，严禁随意丢弃或出售。；sampling_submission: 尽快采集病猪的水疱液、舌面组织、蹄部病变组织等样本，送具备资质的实验室进行病原学检测，明确是否为水疱性口炎或其他水疱性疾病。；prohibited_actions: 在未获得实验室确诊前，不得作为普通病继续饲养或销售；不得擅自使用未经批准的抗病毒药物或疫苗。,因未确定病因且涉及潜在重大动物疫病，当前无安全休药期可参考，应等待检测结果并按相应防控方案执行。,"{""disease_name"": ""猪水疱性口炎"", ""severity"": ""高"", ""scene_tags"": [""育肥猪"", ""水疱性病变"", ""场内传播风险""], ""validation_points"": [""症状符合水疱性疾病特征"", ""存在场内扩散趋势"", ""需实验室鉴别排除口蹄疫等重大疫病""], ""risk_flags"": [""可能为人畜共患或跨境传播的潜在风险（需确认地理分布）"", ""若误判为普通病可能导致疫情扩散""], ""case_type"": ""暴发与处置边界"", ""target_disease"": ""猪水疱性口炎"", ""local_flags"": {""species_ok"": true, ""target_disease_in_diagnosis"": true, ""target_disease_mismatch"": false, ""contains_specific_dose"": false, ""contains_specific_withdrawal"": false, ""regulated_bad_treatment"": false}}",False,False,,,True,False,False,D:\XF-ChongQin\ai-\knowledge\llm_wiki_swine_authoritative,1465,887,"猪水疱性口炎
猪水疱性口炎、vesicular stomatitis viruses
暴发与处置边界
同栏或多栋猪舍短期内发病增多，用户询问是否能先按普通病治疗观察。","{""HUMAN_REVIEWED"": 3, ""NEEDS_REVIEW"": 2}","[""SRC-0001"", ""SRC-0054""]",2104,30.06,ERNIE-4.5-Turbo-32K,88,28,18,24,18,False,True,"该回答在诊断准确性、病理逻辑、处方安全性和数据质量方面表现良好，整体符合测试数据有效性要求，未发现致命风险。
问题：诊断准确性方面，虽然识别出水疱性疾病的可能性，但未明确提及猪水疱性口炎的具体特征，略显笼统。；病理逻辑方面，对疾病传播风险的描述较为充分，但对症状与疾病之间关联的深入分析稍显不足。；数据质量方面，场景标签和验证点较为全面，但风险标志的描述可以更具体一些，例如明确地理分布的具体影响。",hunyuan-turbos-20250926,90,9,8.5,10,9,False,False,该数据场景真实，用户描述了典型的水疱性疾病症状并提供了养殖背景信息，有助于判断病情。诊断部分准确指出多种可能的水疱性疾病，并强调需实验室确诊，避免误诊误治。处方建议合理，包含隔离、消毒、送检、禁止擅自用药等措施，符合生物安全和法规防控要求，无明显危险建议。数据质量较高，但诊断分析可更细化到猪水疱性口炎的特异性特征，以增强针对性。,True,ERNIE-4.5-Turbo-32K,True,pass,该回答在诊断准确性、病理逻辑、处方安全性和数据质量方面表现良好，诊断部分准确识别出水疱性疾病的可能性，并强调需实验室确诊，避免误诊误治。处方建议合理，包含隔离、消毒、送检、禁止擅自用药等措施，符合生物安全和法规防控要求，无明显危险建议。尽管诊断部分未详细阐述猪水疱性口炎与其他水疱性疾病的鉴别要点，病理逻辑中对症状与疾病关联的分析深度不足，但整体符合测试数据有效性要求，未发现致命风险。,89.0,28,18,24,18,pass,18.02,18.11,
d7c13cd3-eef5-59e3-b615-234ca23dcfa8,221,猪流行性腹泻,swine_hunyuan_turbos,hunyuan-turbos-20250926,成功,,猪,我家是200头母猪的自繁自养场，最近刚出生的一批仔猪（3-10日龄）陆续出现水样腹泻，粪便呈黄色带酸臭味，吃奶减少，有的已经脱水站不起来。同一产房前后两窝都有类似情况，之前用过恩诺沙星饮水，效果不明显。请问这是啥病？该怎么处理？,根据描述，该群仔猪符合猪流行性腹泻（PEDV）的典型临床表现：新生仔猪急性水样腹泻、脱水、食欲下降，且在同一产房多窝发生，提示高度传染性。需要与新生仔猪大肠杆菌性腹泻（ETEC）、轮状病毒、TGEV等病毒性腹泻及球虫感染鉴别。,立即将发病仔猪与健康仔猪严格分群隔离，加强产房保温与干燥，防止继发细菌感染；对全群母猪进行初乳管理，确保健康母猪及时补喂初乳；采集腹泻粪便送实验室检测确诊；暂停使用抗生素经验性治疗，避免掩盖病情；如确诊PEDV，按当地防疫部门指导执行生物安全措施，必要时配合疫苗免疫计划；禁止随意出售或转运病猪及其产品。,因属病毒性传染病，无药物休药期概念；若涉及抗生素辅助治疗，应遵守相应药品说明并在出栏前满足规定停药时间。,"{""disease_name"": ""猪流行性腹泻"", ""severity"": ""高"", ""scene_tags"": [""哺乳仔猪"", ""群体发病"", ""水样腹泻"", ""脱水""], ""validation_points"": [""症状与PEDV流行病学特征吻合"", ""多窝同期发病提示高度传染性"", ""需与ETEC、轮状病毒、TGEV等鉴别""], ""risk_flags"": [""重大动物疫病"", ""高传染风险"", ""需实验室确诊""], ""case_type"": ""腹泻群体发病"", ""target_disease"": ""猪流行性腹泻"", ""local_flags"": {""species_ok"": true, ""target_disease_in_diagnosis"": true, ""target_disease_mismatch"": false, ""contains_specific_dose"": false, ""contains_specific_withdrawal"": false, ""regulated_bad_treatment"": false}}",False,False,,,True,False,False,D:\XF-ChongQin\ai-\knowledge\llm_wiki_swine_authoritative,1465,887,"猪流行性腹泻
猪流行性腹泻、porcine epidemic diarrhea virus、PED、PEDV
腹泻群体发病
同窝或同栏出现水样腹泻、脱水、采食下降，用户想知道主要病因和紧急处理。","{""HUMAN_REVIEWED"": 2, ""NEEDS_REVIEW"": 2}","[""A0-MOA-573"", ""A2-EFSA-PED-PDCOV-OPINION"", ""SRC-0001"", ""SRC-0037"", ""SRC-0063""]",2221,279.45,DeepSeek-V3.2,88,28,18,22,20,False,True,"测试数据整体质量较高，真实模拟了猪场PEDV暴发的典型场景。诊断逻辑清晰，将用户描述的临床症状（水样腹泻、脱水、多窝发病）与目标疾病（猪流行性腹泻）的核心特征进行了准确匹配，并提出了合理的鉴别诊断。处方建议安全、全面，以生物安全、隔离、环境管理和实验室确诊为核心，避免了不当的抗生素使用，符合病毒病的处理原则。数据与任务设定的疾病、阶段、场景类型高度一致。
问题：诊断部分提到‘食欲下降’，对于3-10日龄仔猪，更精确的描述应为‘吃奶减少’或‘吮乳无力’。；处方中‘对全群母猪进行初乳管理，确保健康母猪及时补喂初乳’的表述在紧急处理场景下略显宽泛，对于已发病的仔猪，初乳管理的具体可操作性（如口服补液、代乳）可稍作补充说明。；‘validation_points’中‘需与ETEC、轮状病毒、TGEV等鉴别’是合理的，但未提及同样重要的鉴别对象‘猪传染性胃肠炎（TGE）’，尽管TGEV已包含在内。",hunyuan-turbos-20250926,90,9,9,9,9,False,False,"该测试数据场景真实，描述了自繁自养猪场新生仔猪暴发急性水样腹泻的情况，症状与猪流行性腹泻（PEDV）高度吻合，并合理提出与其他病毒性腹泻及球虫感染的鉴别诊断。处方方案注重生物安全和隔离措施，未推荐不当用药，符合病毒性腹泻的处理原则，同时强调了实验室确诊和防疫部门的指导，安全性高。不足之处在于个别表述不够精准，例如“食欲下降”应改为“吃奶减少”，以及初乳管理的操作细节可进一步具体化。
问题：诊断部分用词不够精准，“食欲下降”对3-10日龄仔猪应描述为“吃奶减少”或“吮乳无力”。；处方中“初乳管理”在紧急处置情境下缺乏具体操作指引，可补充如口服补液、代乳等措施。；鉴别诊断虽涵盖常见病原，但可明确列出猪传染性胃肠炎（TGE）以提高完整性。",True,ERNIE-4.5-Turbo-32K,True,pass,测试数据真实模拟了猪场PEDV暴发的典型场景，诊断逻辑清晰，将用户描述的临床症状与目标疾病的核心特征进行了准确匹配，并提出了合理的鉴别诊断。处方建议安全、全面，以生物安全、隔离、环境管理和实验室确诊为核心，避免了不当的抗生素使用，符合病毒病的处理原则。尽管存在个别表述不够精准的问题，如“食欲下降”应改为“吃奶减少”，以及初乳管理的操作细节可进一步具体化，但不影响整体质量和安全性。,89.0,28,18,22,20,pass,270.76,40.98,
18e0b6d2-2479-5896-9d9f-e287c9accf2b,166,猪环曲病毒/托克特诺病毒感染,swine_hunyuan_turbos,hunyuan-turbos-20250926,成功,,猪,我家有200多头70日龄左右的育肥猪，分两栋圈养，最近一栋里陆续出现精神沉郁、采食下降的情况，已经持续一周多，体温大多正常，个别有点低烧，粪便偏稀但不带血。之前用过恩诺沙星饮水三天，效果不明显。想问这种情况能不能先当普通腹泻病治着看？,根据描述，当前症状缺乏特异性，且猪环曲病毒（TTSuV）在健康猪群中亦可能检出，无特异临床表现可直接归因于本病。需结合实验室检测（如PCR检测病毒DNA或血清学检测抗体）排除其他常见病原（如PCV2、PRRSV、细菌性肠炎），才能判断其临床意义。,treatment_direction: 不建议直接针对TTSuV进行抗病毒治疗，因其致病性尚未明确。应优先控制继发细菌感染及改善饲养管理。；management_measures: 加强圈舍通风与保温，减少应激；保证清洁饮水与饲料质量；分群饲养，防止交叉传播。；sampling_and_testing: 采集病猪血液、粪便样本送实验室检测TTSuV核酸及抗体，同时筛查PCV2、PRRSV等常见病原，必要时做细菌培养。；prohibited_boundaries: 不可将TTSuV视为唯一病因并据此制定治疗方案；若检测结果提示重大传染病（如非洲猪瘟、口蹄疫等），应立即上报并按法规处置。,因未使用特定抗病毒药物，无明确休药期要求；但若使用抗生素，应按所用药品说明执行相应休药期。,"{""disease_name"": ""猪环曲病毒/托克特诺病毒感染"", ""severity"": ""低至中等（取决于是否合并其他病原）"", ""scene_tags"": [""育肥猪"", ""多栋圈养"", ""慢性轻度腹泻"", ""非特异性症状""], ""validation_points"": [""TTSuV在健康猪中亦可检出，不能单凭检出确诊致病"", ""无特异临床症状，需排除其他病原"", ""诊断依赖分子检测或血清学""], ""risk_flags"": [""需警惕混合感染"", ""非人兽共患病""], ""case_type"": ""暴发与处置边界"", ""target_disease"": ""猪环曲病毒/托克特诺病毒感染"", ""local_flags"": {""species_ok"": true, ""target_disease_in_diagnosis"": true, ""target_disease_mismatch"": false, ""contains_specific_dose"": false, ""contains_specific_withdrawal"": false, ""regulated_bad_treatment"": false}}",False,False,,,True,False,False,D:\XF-ChongQin\ai-\knowledge\llm_wiki_swine_authoritative,1465,887,"猪环曲病毒/托克特诺病毒感染
猪环曲病毒/托克特诺病毒感染、anelloviruses torque teno sus viruses、TTSuV、Torque teno sus virus
暴发与处置边界
同栏或多栋猪舍短期内发病增多，用户询问是否能先按普通病治疗观察。","{""HUMAN_REVIEWED"": 3}","[""SRC-0001"", ""SRC-0083""]",2221,27.05,ERNIE-4.5-Turbo-32K,88,28,18,24,18,False,True,"该回答在诊断准确性、病理逻辑、处方安全性和数据质量方面表现良好，整体符合测试数据有效性要求。诊断部分强调了症状的非特异性和实验室检测的重要性，处方部分建议了合理的控制措施和检测方案，未出现致命风险。
问题：诊断部分对症状与疾病关联性的解释稍显不足，病理逻辑部分可进一步细化症状与潜在病原的关系。；数据质量部分在场景标签和验证点的覆盖上可更全面，例如增加对混合感染风险的具体描述。；处方安全性部分虽提到不可将TTSuV视为唯一病因，但未明确说明如何根据检测结果调整治疗方案。",hunyuan-turbos-20250926,90,9,8.5,9.5,8.5,False,False,该回答在诊断准确性、病理逻辑、处方安全性和数据质量方面总体表现良好，符合测试数据有效性要求。诊断部分明确指出症状缺乏特异性，强调实验室检测的重要性，避免仅凭经验下结论。处方部分合理建议控制继发感染和改善管理，并设定了明确的检测与安全边界，未发现危险建议。不足之处在于症状与潜在病原的关联性分析不够深入，处方中对检测后治疗调整的指引略显笼统。,True,ERNIE-4.5-Turbo-32K,True,pass,该回答在诊断准确性、病理逻辑、处方安全性和数据质量方面总体表现良好，符合测试数据有效性要求。诊断部分明确指出症状缺乏特异性，强调实验室检测的重要性，避免仅凭经验下结论。处方部分合理建议控制继发感染和改善管理，并设定了明确的检测与安全边界，未发现危险建议。尽管存在症状与潜在病原关联性分析不够深入、检测后治疗调整指引略显笼统等轻微不足，但整体不影响其作为有效测试数据的价值。,89.0,28,18,24,18,pass,17.88,16.77,
0f376184-0bdd-5b10-b56d-66b9b0361fda,381,猪球虫病,swine_hunyuan_turbos,hunyuan-turbos-20250926,成功,,猪,我家有120头25日龄左右的保育猪，这几天陆续出现拉稀，粪便是黄白色水样，有的带点血丝，精神差、吃料少，圈舍比较潮湿，前几天用过恩诺沙星拌料，效果不明显，想问下可能是什么病，该怎么处理？,根据日龄、水样腹泻、带血丝及圈舍潮湿情况，考虑仔猪球虫病可能性较大，但需与大肠杆菌性腹泻、轮状病毒、传染性胃肠炎、产气荚膜梭菌C型及Strongyloides ransomi等鉴别。建议结合剖检观察小肠黏膜出血、增厚等病变，并采集粪便进行卵囊镜检，同时做细菌分离培养及病毒抗原检测，综合判断。,治疗与管理措施包括：改善圈舍干燥通风条件，减少应激；在兽医指导下使用抗球虫药物（如托曲珠利类），注意轮换用药以防耐药；补充电解质多维防止脱水；对严重病例可配合对症支持治疗。管理措施上应分群饲养，及时清理粪便，保持饮水清洁。采样送检方面，应送新鲜粪便至实验室进行球虫卵囊镜检、细菌培养和病毒检测，必要时做病理切片。禁忌边界为不可在未确诊前盲目使用抗生素替代抗球虫治疗，且若怀疑重大传染病（如非洲猪瘟、口蹄疫等）应立即按当地规定隔离、采样送检并报告主管部门，不得自行处理。,因涉及具体药物及疗程未明确，暂无法给出准确休药期，须依据所用药物说明书及当地法规执行。,"{""disease_name"": ""猪球虫病"", ""severity"": ""中等偏重"", ""scene_tags"": [""保育猪"", ""群体腹泻"", ""潮湿环境"", ""水样便带血""], ""validation_points"": [""日龄符合球虫易感期"", ""症状与球虫感染相符"", ""需与其他腹泻病因鉴别"", ""卵囊检出需结合临床与剖检""], ""risk_flags"": [""需排除重大传染病"", ""避免滥用抗生素"", ""需专业兽医指导用药""], ""case_type"": ""腹泻群体发病"", ""target_disease"": ""猪球虫病"", ""local_flags"": {""species_ok"": true, ""target_disease_in_diagnosis"": true, ""target_disease_mismatch"": false, ""contains_specific_dose"": false, ""contains_specific_withdrawal"": false, ""regulated_bad_treatment"": false}}",False,False,,,True,False,False,D:\XF-ChongQin\ai-\knowledge\llm_wiki_swine_authoritative,1465,887,"猪球虫病
猪球虫病、coccidia and other protozoa、球虫、球虫感染、coccidiosis、coccidia
腹泻群体发病
同窝或同栏出现水样腹泻、脱水、采食下降，用户想知道主要病因和紧急处理。","{""HUMAN_REVIEWED"": 2, ""NEEDS_REVIEW"": 2}","[""SRC-0001"", ""SRC-0081""]",2220,30.38,ERNIE-4.5-Turbo-32K,88,28,18,23,20,False,True,"该回答整体表现良好，诊断准确性较高，考虑了多种鉴别诊断，病理逻辑合理，处方安全且与疾病相互印证，数据质量较高，无明显致命风险。
问题：diagnosis_accuracy: 虽考虑了多种鉴别诊断，但未明确给出主要诊断依据的优先级，可能使非专业用户感到困惑。；pathology_logic: 病理逻辑部分对鉴别诊断的阐述可更深入，以增强诊断的说服力。；data_quality: 数据质量部分，对场景标签和验证点的利用可更充分，以提升回答的针对性和实用性。",hunyuan-turbos-20250926,90,9,9,10,9,True,False,回答整体科学严谨，诊断思路清晰，涵盖了主要鉴别诊断，并结合了现场环境信息，处方方案符合球虫病管理原则，强调了确诊前的谨慎用药和安全边界，无危险建议。,True,ERNIE-4.5-Turbo-32K,True,pass,回答整体科学严谨，诊断思路清晰，涵盖了主要鉴别诊断，并结合了现场环境信息，处方方案符合球虫病管理原则，强调了确诊前的谨慎用药和安全边界，无危险建议。尽管在诊断依据优先级和病理机制解释方面存在轻微不足，但不影响整体质量和安全性。,89.0,28,18,23,20,pass,19.93,15.79,
5536fb28-579d-50a0-aaed-0faa3bb6a1cb,161,猪疥螨病,swine_hunyuan_turbos,hunyuan-turbos-20250926,成功,,猪,我家有120头育肥猪，现在大概90日龄左右，最近发现部分猪精神差、吃得少、长得慢，还抓耳朵、蹭墙，身上有些地方起皮、结痂，之前用过一次伊维菌素拌料驱虫，但效果不明显，圈舍比较潮湿，想问问这是啥毛病，该怎么处理？,根据描述，该猪群存在典型的皮肤瘙痒、结痂及生长迟缓等症状，结合圈舍潮湿环境和驱虫效果不佳的情况，高度怀疑为猪疥螨病。该病可由疥螨引起，常表现为剧烈瘙痒、丘疹、红斑、结痂和角化过度，尤其在耳部、体侧明显。由于皮肤刮片检查可能存在假阴性，应结合群体病史和病变特征综合判断。,建议立即隔离有明显症状的个体，改善圈舍通风干燥条件以减少螨的生存和传播；对全群进行安全有效的体外驱虫处理（如经批准的阿维菌素类制剂），并轮换使用不同作用机制的驱虫药以降低耐药风险；同时采集病变部位皮肤刮片送实验室检测以明确病原；严禁将病猪与健康猪混养，防止扩散；若怀疑其他传染性皮肤病，应同步排查。,按所用驱虫药物说明执行相应的停药期，确保上市前符合食品安全要求。,"{""disease_name"": ""猪疥螨病"", ""severity"": ""中等偏重"", ""scene_tags"": [""育肥猪"", ""群体发病"", ""皮肤病变"", ""生长缓慢""], ""validation_points"": [""瘙痒、结痂等典型皮肤病变"", ""圈舍潮湿利于疥螨生存"", ""驱虫无效提示可能为疥螨感染""], ""risk_flags"": [""易在密集饲养条件下快速传播"", ""影响饲料转化率和增重""], ""case_type"": ""寄生虫群体发病"", ""target_disease"": ""猪疥螨病"", ""local_flags"": {""species_ok"": true, ""target_disease_in_diagnosis"": true, ""target_disease_mismatch"": false, ""contains_specific_dose"": false, ""contains_specific_withdrawal"": false, ""regulated_bad_treatment"": false}}",False,False,,,True,False,False,D:\XF-ChongQin\ai-\knowledge\llm_wiki_swine_authoritative,1465,887,"猪疥螨病
猪疥螨病、external parasites mange
寄生虫群体发病
猪群出现腹泻、消瘦、皮肤瘙痒或生长慢，用户怀疑寄生虫。","{""HUMAN_REVIEWED"": 4}","[""SRC-0001"", ""SRC-0080""]",2221,23.71,ERNIE-4.5-Turbo-32K,90,28,18,24,20,False,True,"该回答对猪疥螨病的诊断准确，症状描述与疾病特征匹配，诊断逻辑合理，处方安全且考虑了耐药性，数据质量较高，无致命风险。
问题：诊断准确性方面，虽然整体准确，但未提及皮肤刮片检查的局限性对诊断的影响，可进一步细化；病理逻辑上，对疥螨病传播途径和影响的描述可更深入；处方安全性上，虽提到轮换用药，但未具体说明轮换周期；数据质量上，场景标签和验证点较全面，但风险标志可增加对食品安全的具体影响描述。",hunyuan-turbos-20250926,88,9,8.5,9,8.5,False,False,该案例场景真实，用户描述的临床症状与猪疥螨病典型表现一致，诊断依据充分，逻辑清晰。处方建议包括隔离、环境改善、全群驱虫、轮换用药及送检确认病原，措施合理且安全，未出现危险用药建议。不足之处在于未深入解释皮肤刮片检测的局限性和疥螨传播细节，以及轮换用药周期未具体化。总体数据质量高，无明显致命风险。,True,ERNIE-4.5-Turbo-32K,True,pass,该回答对猪疥螨病的诊断准确，症状描述与疾病特征高度匹配，诊断逻辑合理。处方建议包括隔离、环境改善、全群驱虫、轮换用药及送检确认病原，措施合理且安全，考虑了耐药性，无明显致命风险。尽管在皮肤刮片检查的局限性、疥螨传播途径及轮换用药周期方面未深入说明，但不影响整体诊断和处置方向，数据质量较高。,89.0,28,18,24,20,pass,15.19,19.6,
00a66582-5ae6-58f9-8d39-97e061c39dbb,234,猪疥螨病,swine_hunyuan_turbos,hunyuan-turbos-20250926,成功,,猪,我家有200头育肥猪，平均体重80公斤左右，最近发现部分猪耳朵边缘、颈部和背部出现红疹、结痂，还一直蹭墙蹭栏杆，抓痒很厉害，已经持续一周多。之前没用过驱虫药，圈舍是水泥地面，通风一般，湿度偏高。想问这种情况是不是疥螨？要不要整群一起治？圈舍要怎么清理？治疗后多久能看出效果？,根据描述，猪群出现明显瘙痒、皮肤红疹、结痂及蹭栏行为，结合发病部位（耳缘、颈背），高度怀疑为猪疥螨病。该病可由少量螨引起强烈过敏反应，且皮肤刮片检查存在假阴性可能，因此应结合临床表现和群体分布判断。,treatment_direction: 对全群进行抗疥螨药物治疗，优先选择经批准的体外驱虫剂，按产品说明使用；同时加强个体护理，减少应激。；management_measures: 彻底清洁并消毒圈舍，清除粪污、垫料，保持干燥通风；更换或清洗饲槽饮水器，防止交叉感染；新引进猪只须隔离观察并检测后再合群。；sampling_and_testing: 对典型病例进行皮肤刮片镜检寻找螨或虫卵，必要时送实验室PCR检测；若刮片阴性但临床高度符合，可按疥螨病处理。；prohibited_boundaries: 严禁使用未经批准的兽药或人用药物；不得因怀疑而随意扑杀健康猪；发现疑似重大动物疫病应立即上报主管部门。,具体休药期和停药时间应严格遵循所用药品说明书及国家相关规定，不同药物差异较大，使用前务必确认。,"{""disease_name"": ""猪疥螨病"", ""severity"": ""中等至严重（影响增重、饲料效率及繁殖性能）"", ""scene_tags"": [""育肥猪"", ""瘙痒"", ""皮肤病变"", ""环境潮湿"", ""未驱虫史""], ""validation_points"": [""瘙痒、红疹、结痂等典型皮肤症状"", ""病变集中在耳缘、颈背等部位"", ""群体中有多个个体同时发病""], ""risk_flags"": [""可能存在假阴性刮片结果"", ""环境高湿利于疥螨存活和传播""], ""case_type"": ""驱虫和环境管理"", ""target_disease"": ""猪疥螨病"", ""local_flags"": {""species_ok"": true, ""target_disease_in_diagnosis"": true, ""target_disease_mismatch"": false, ""contains_specific_dose"": false, ""contains_specific_withdrawal"": false, ""regulated_bad_treatment"": false}}",False,False,,,True,False,False,D:\XF-ChongQin\ai-\knowledge\llm_wiki_swine_authoritative,1465,887,"猪疥螨病
猪疥螨病、external parasites mange
驱虫和环境管理
用户询问是否需要全群处理、环境清理和复查方式。","{""HUMAN_REVIEWED"": 4}","[""SRC-0001"", ""SRC-0080"", ""SRC-0082""]",2221,27.15,ERNIE-4.5-Turbo-32K,90,28,18,24,20,False,True,"该回答对猪疥螨病的诊断准确，症状描述与疾病特征高度匹配，诊断逻辑合理，考虑到了皮肤刮片检查的假阴性可能。治疗方案安全，包括全群驱虫、环境清理和个体护理，且明确禁止了未经批准的药物使用。数据质量较高，包含了详细的场景标签和验证点。
问题：诊断准确性方面，虽然整体判断正确，但未提及具体诊断依据的权重分配，如临床表现与群体分布的具体考量。病理逻辑上，对疥螨病的传播途径和预防措施的解释可以更深入。处方安全性上，未具体说明推荐药物的种类和剂量范围。数据质量方面，风险标志的描述可以更具体，如明确高湿环境对疥螨存活的具体影响。",hunyuan-turbos-20250926,88,9,8,9,9,False,False,"该数据场景真实，用户描述了典型的猪疥螨病症状（瘙痒、红疹、结痂、蹭栏）及环境条件（高湿、通风差），与疾病特征高度吻合。诊断逻辑合理，考虑了临床表现与群体分布，并提示皮肤刮片假阴性的可能性。治疗方向涵盖全群驱虫、环境清洁、隔离检疫等，符合防控原则，且明确禁止使用未经批准的药物，无危险建议。处方中未给出具体药名或剂量，避免了用药风险。不足之处在于诊断依据权重、传播机制解释和风险细节可更细化。
问题：诊断部分未详细说明临床表现与群体分布的权重分配方法；对疥螨传播途径和环境影响的解释不够深入；风险描述可补充高湿环境延长螨存活周期的具体信息",True,ERNIE-4.5-Turbo-32K,True,pass,该回答对猪疥螨病的诊断准确，症状描述与疾病特征高度匹配，诊断逻辑合理，考虑到了皮肤刮片检查的假阴性可能。治疗方案安全，包括全群驱虫、环境清理和个体护理，且明确禁止了未经批准的药物使用。尽管在诊断依据权重分配、传播机制解释和风险细节方面存在轻微不足，但整体内容安全可靠，符合防控原则，可作为有效数据。,89.0,28,18,24,20,pass,18.43,16.82,
2b223dbc-1a46-577f-8507-5cc6821dc552,41,猪痘,swine_hunyuan_turbos,hunyuan-turbos-20250926,成功,,猪,我家有200多头育肥猪，平均体重在60公斤左右，最近发现部分猪背部、耳缘出现红色丘疹，有的已经结痂，个别猪精神稍差，食欲下降。这种情况持续了大概一周，之前用过一些抗菌药效果不明显。请问我该采哪些样品去送检？怎么判断是不是猪痘？怕误诊耽误处理。,根据描述，背部及耳缘的丘疹、结痂伴轻度全身症状，结合抗菌治疗效果不佳，高度怀疑为猪痘病毒感染。该病由猪痘病毒引起，常见于卫生条件较差的环境，可通过直接接触或机械媒介（如猪虱）传播。需通过实验室检测确诊，排除其他皮肤病、外伤感染或寄生虫等。,treatment_direction: 无特效抗病毒药物，主要采取支持疗法，改善饲养管理，减少应激，防止继发细菌感染。；management_measures: 加强圈舍清洁消毒，清除粪便污物，保持干燥通风；隔离发病猪，防止接触健康猪；检查并控制猪虱等体外寄生虫。；sampling_and_testing: 采集典型皮肤病变组织（含痂皮、丘疹中心及周边正常皮肤），同时采集同群健康猪的皮肤样本作对照；必要时采集血液进行血清学检测；送具备资质的兽医实验室做PCR或病毒分离鉴定。；prohibited_boundaries: 严禁将疑似重大动物疫病（如非洲猪瘟）按普通皮肤病处理；禁止随意使用未批准的药物或自行配制疫苗；未经确诊前不得大规模投喂抗生素以防掩盖病情。,本病无特效药物治疗，不涉及药物休药期问题；若后续使用抗菌药物，应遵守相应药物的停药期规定。,"{""disease_name"": ""猪痘"", ""severity"": ""中等"", ""scene_tags"": [""育肥猪"", ""皮肤病变"", ""散发性"", ""卫生条件差""], ""validation_points"": [""皮肤丘疹、结痂分布特征符合猪痘表现"", ""抗菌治疗无效提示非细菌性病因"", ""需实验室确诊以避免误诊""], ""risk_flags"": [""易误诊为细菌或寄生虫性皮肤病"", ""存在传播风险需隔离""], ""case_type"": ""采样送检咨询"", ""target_disease"": ""猪痘"", ""local_flags"": {""species_ok"": true, ""target_disease_in_diagnosis"": true, ""target_disease_mismatch"": false, ""contains_specific_dose"": false, ""contains_specific_withdrawal"": false, ""regulated_bad_treatment"": false}}",False,False,,,True,False,False,D:\XF-ChongQin\ai-\knowledge\llm_wiki_swine_authoritative,1465,887,"猪痘
猪痘、swinepox virus
采样送检咨询
用户描述症状后，重点询问采什么样品、如何判断和如何避免误治。","{""HUMAN_REVIEWED"": 4}","[""SRC-0009"", ""SRC-0012"", ""SRC-0051""]",2221,24.67,ERNIE-4.5-Turbo-32K,88,28,18,23,20,False,True,"整体回答质量较高，诊断准确性、病理逻辑、处方安全性和数据质量均表现良好，无明显致命风险。
问题：diagnosis_accuracy: 诊断准确性较高，但未完全覆盖所有可能的鉴别诊断，如其他病毒性皮肤病。；pathology_logic: 病理逻辑清晰，但可进一步细化实验室检测的具体方法和意义。；prescription_safety: 处方安全性良好，但管理措施中可增加对猪虱控制的具体方法。；data_quality: 数据质量较高，但场景标签中可增加更多细节，如猪群的具体年龄范围。",hunyuan-turbos-20250926,90,9,9,10,9,False,False,回答整体科学严谨，场景真实且符合猪痘的典型临床表现，诊断思路合理，排除了常见混淆因素，并强调了实验室确诊的重要性。处方方向正确，强调支持治疗与生物安全措施，明确禁止随意用药和未经验证的疫苗，避免了重大疫病误判的风险。采样与送检方案详细可行，符合实际生产需求。,True,ERNIE-4.5-Turbo-32K,True,pass,回答整体科学严谨，诊断思路合理，排除了常见混淆因素，并强调了实验室确诊的重要性。处方方向正确，强调支持治疗与生物安全措施，明确禁止随意用药和未经验证的疫苗，避免了重大疫病误判的风险。采样与送检方案详细可行，符合实际生产需求。尽管存在鉴别诊断列举不够全面、实验室检测方法描述较笼统、管理措施中对猪虱控制的手段描述较泛等轻微不足，但不影响整体质量和安全性，可判pass。,89.0,28,18,23,20,pass,16.61,18.21,
6f89edda-2e4b-5d89-b476-a920baa1b65a,160,猪痢疾,swine_hunyuan_turbos,hunyuan-turbos-20250926,成功,,猪,我家是育肥场，存栏大概800头，平均体重60公斤左右，最近一周有3个圈陆续出现拉稀带血的情况，粪便呈暗红色带黏液，部分猪精神差、采食下降，温度在39℃上下，之前用过恩诺沙星拌料两天没见明显好转，现在想问能不能先用点别的药看看情况？,根据描述的急性血性腹泻、体温升高及抗生素治疗无效史，结合猪痢疾的典型临床表现，高度怀疑为猪痢疾（Swine Dysentery），病原体可能为强β溶血性Brachyspira属细菌（包括B. hyodysenteriae、B. hampsonii、B. suanatina）。需通过实验室PCR或培养确认强β溶血型分离株，并结合病变特征进行确诊。,立即暂停使用未经确诊的药物继续投喂，防止耐药加剧。采集新鲜血便样本送实验室检测，同时隔离发病猪只并加强全群生物安全。若确诊为猪痢疾，应依据药敏结果选用合规且有效的抗菌药物（如pleuromutilins类或其他敏感药物），配合改善饮水卫生、减少应激、清理粪污等措施。严禁私自处理疑似重大疫病，必要时上报当地畜牧兽医部门并按其指导处置。,未获实验室确诊前不得销售或屠宰；确诊后须严格遵循所用药物的官方规定休药期，并在停药期满后经检测合格方可出栏。,"{""disease_name"": ""猪痢疾"", ""severity"": ""高"", ""scene_tags"": [""全场暴发"", ""育肥猪"", ""急性血性腹泻"", ""抗生素治疗无效""], ""validation_points"": [""症状符合猪痢疾典型表现（血性腹泻、黏液、发热）"", ""多圈短时间内发病提示传染性"", ""抗生素治疗无效提示可能耐药菌""], ""risk_flags"": [""疑似重大动物疫病，需及时送检确诊"", ""存在耐药风险，禁止盲目用药"", ""需强化生物安全和隔离措施""], ""case_type"": ""暴发与处置边界"", ""target_disease"": ""猪痢疾"", ""local_flags"": {""species_ok"": true, ""target_disease_in_diagnosis"": true, ""target_disease_mismatch"": false, ""contains_specific_dose"": false, ""contains_specific_withdrawal"": false, ""regulated_bad_treatment"": false}}",False,False,,,True,False,False,D:\XF-ChongQin\ai-\knowledge\llm_wiki_swine_authoritative,1465,887,"猪痢疾
猪痢疾、swine dysentery brachyspira hyodysenteriae、swine dysentery、Brachyspira
暴发与处置边界
同栏或多栋猪舍短期内发病增多，用户询问是否能先按普通病治疗观察。","{""HUMAN_REVIEWED"": 3}","[""SRC-0077""]",2220,25.1,ERNIE-4.5-Turbo-32K,88,28,18,24,18,False,True,"该回答在诊断准确性、病理逻辑、处方安全性和数据质量方面表现良好，符合猪痢疾的典型症状和处置要求，未发现致命风险。
问题：诊断准确性方面，虽然症状描述和诊断逻辑合理，但未完全覆盖所有可能的鉴别诊断（如其他肠道疾病），可进一步提升全面性。；病理逻辑方面，对猪痢疾的传染性描述和抗生素治疗无效的原因分析较为充分，但可增加对疾病传播途径的简要说明。；数据质量方面，症状描述和场景标签较为详细，但可补充更多关于猪群历史健康状况的信息以增强背景完整性。",hunyuan-turbos-20250926,90,9,9,10,8,False,False,该数据整体真实可信，用户描述的症状与猪痢疾典型表现一致，诊断思路清晰，考虑了病原学检测和鉴别诊断的可能性，处方建议强调先确诊再用药，避免盲目治疗，并提示上报重大疫病，安全性高。不足之处在于鉴别诊断范围略窄，缺少对传播途径的补充说明，以及背景信息不够完整。,True,ERNIE-4.5-Turbo-32K,True,pass,该回答在诊断准确性、病理逻辑、处方安全性和数据质量方面表现良好，诊断思路清晰，考虑了病原学检测和鉴别诊断的可能性，处方建议强调先确诊再用药，避免盲目治疗，并提示上报重大疫病，安全性高，符合猪痢疾的典型症状和处置要求，未发现致命风险。尽管存在鉴别诊断范围略窄、传播途径和防控要点未提及、背景信息不够完整等轻微不足，但不影响整体判断，可判pass。,89.0,28,18,24,18,pass,15.6,16.35,
87d46461-ff05-5223-8a79-a2083367e393,233,猪痢疾,swine_hunyuan_turbos,hunyuan-turbos-20250926,成功,,猪,我家有200多头育肥猪，现在70多天大，最近一周陆续有几头出现拉稀，粪便带血丝、黏液，有的还有恶臭，精神食欲下降。圈舍通风一般，温度偏低，之前用过土霉素拌料几天，效果不明显。我想知道是不是猪痢疾？该采哪些样送检测？怎么判断是哪种菌引起的？怕误诊耽误事。,根据描述的血性黏液性腹泻、恶臭及抗生素治疗无效的情况，高度怀疑为猪痢疾。该病可由强β溶血型Brachyspira属细菌（包括B. hyodysenteriae、B. hampsonii、B. suanatina）引起，需结合典型病变和实验室检测确认。,treatment_direction: 在确诊前不建议盲目使用抗生素，应优先采集样本送检明确病原。若确诊为猪痢疾，可根据检测结果选择敏感抗菌药物并配合改善饲养管理。；management_measures: 加强圈舍保温与通风，减少应激；分群饲养，防止健康猪接触污染粪便；及时清理粪污，保持饮水清洁；暂停使用未经证实有效的药物。；sampling_and_testing: 建议从典型病例（血便、肠壁增厚）中采集新鲜粪便或直肠拭子，同时可剖检取结肠黏膜刮片进行显微镜检查及PCR检测，以鉴定强β溶血Brachyspira种类。；prohibited_boundaries: 在未获得实验室确诊前，不得作为其他疾病的替代方案自行用药；如检出法定重大疫病或人兽共患病，应立即按主管部门要求进行隔离、消毒和上报。,具体休药期需依据所用药物说明书及当地监管要求执行，此处不作具体数字说明。,"{""disease_name"": ""猪痢疾"", ""severity"": ""中等至严重"", ""scene_tags"": [""育肥猪"", ""血性腹泻"", ""黏液便"", ""抗生素治疗无效"", ""低温应激""], ""validation_points"": [""症状符合猪痢疾典型表现（血性黏液便、恶臭、精神食欲下降）"", ""存在强β溶血Brachyspira感染可能"", ""需要实验室检测确诊病原种类""], ""risk_flags"": [""潜在重大动物疫病风险"", ""不当用药可能导致耐药性或延误治疗""], ""case_type"": ""采样送检咨询"", ""target_disease"": ""猪痢疾"", ""local_flags"": {""species_ok"": true, ""target_disease_in_diagnosis"": true, ""target_disease_mismatch"": false, ""contains_specific_dose"": false, ""contains_specific_withdrawal"": false, ""regulated_bad_treatment"": false}}",False,False,,,True,False,False,D:\XF-ChongQin\ai-\knowledge\llm_wiki_swine_authoritative,1465,887,"猪痢疾
猪痢疾、swine dysentery brachyspira hyodysenteriae、swine dysentery、Brachyspira
采样送检咨询
用户描述症状后，重点询问采什么样品、如何判断和如何避免误治。","{""HUMAN_REVIEWED"": 2}","[""SRC-0001"", ""SRC-0077""]",2221,45.93,ERNIE-4.5-Turbo-32K,88,28,18,23,20,False,True,"该回答整体表现良好，诊断准确性较高，症状与疾病匹配合理，诊断逻辑清晰，处理方向安全，数据质量较高，无明显致命风险。
问题：diagnosis_accuracy: 诊断准确性较高，但未完全覆盖所有可能的鉴别诊断，如其他引起血性腹泻的疾病。；pathology_logic: 病理逻辑基本合理，但未详细解释强β溶血Brachyspira属细菌的致病机制。；prescription_safety: 处方安全，但管理措施中未明确具体操作步骤，如分群饲养的具体方法。；data_quality: 数据质量较高，但场景标签中未包含‘采样送检咨询’这一关键信息。",hunyuan-turbos-20250926,90,9,8,10,9,False,False,"回答对猪痢疾的诊断准确，症状描述与疾病特征吻合度高，诊断思路清晰，处理措施安全且符合生物安全要求，无危险用药建议。不足之处在于鉴别诊断范围略窄，部分管理细节不够细化，场景标签信息可更完整。
问题：未充分列出可能引起类似症状的其它疾病（如沙门氏菌感染、球虫病等），存在一定漏诊风险。；对强β溶血Brachyspira属细菌的致病机制未作进一步解释，影响理解深度。；管理措施中的“分群饲养”缺乏具体操作指引，可能影响落地执行。；场景标签缺少“采样送检咨询”类目，不利于后续分类检索。",True,ERNIE-4.5-Turbo-32K,True,pass,回答对猪痢疾的诊断准确，症状描述与疾病特征吻合度高，诊断思路清晰，处理措施安全且符合生物安全要求。尽管存在鉴别诊断范围略窄、部分管理细节不够细化、场景标签信息不完整等轻微不足，但整体数据质量较高，无明显致命风险，不影响其作为有效参考数据的价值。,89.0,28,18,23,20,pass,36.65,50.4,
cf4cda82-5471-5223-b65a-3d4499adc6e1,296,猪瘟,swine_hunyuan_turbos,hunyuan-turbos-20250926,成功,,猪,我家有120头80公斤左右的育肥猪，这几天陆续有几头开始发烧到41度左右，精神沉郁不吃料，有的还拉稀带血，皮肤有点发紫。之前用了氟苯尼考和多西环素拌料喂了三天，体温降下来一点，但还是没完全恢复，想问还能继续用这些药吗？,"根据描述的症状（高热、精神沉郁、便血、皮肤发绀），结合育肥猪阶段及用药史，高度怀疑为经典猪瘟（Classical Swine Fever, CSF）。该病由黄病毒科瘟病毒属引起，具有高度传染性和致死性，临床表现多样，易与其他出血性疾病混淆。",treatment_direction: 立即停喂原饲料，改为易消化的清洁饮水，添加电解质防止脱水；加强圈舍保温通风，减少应激；对疑似病例进行单独隔离观察。；management_measures: 全场严格消毒，限制人员车辆流动，防止病原扩散；记录发病与死亡情况，及时上报当地畜牧兽医部门。；sampling_submission: 采集发热、便血猪的血液、脾脏等组织样本送有资质的实验室进行CSF病原学检测（PCR、抗原检测等），同时做鉴别诊断排除非洲猪瘟等其他烈性病。；prohibited_boundaries: 禁止在未经确诊前使用任何抗生素或抗病毒药物试图‘替代’防控；严禁私自屠宰、销售病死猪及其产品；不得使用禁用药或未批准兽药。,因涉及重大动物疫病，无常规休药期概念，须按官方处置方案执行，包括扑杀、无害化处理及疫区封锁等措施。,"{""disease_name"": ""经典猪瘟"", ""severity"": ""高"", ""scene_tags"": [""育肥猪"", ""高热"", ""便血"", ""皮肤发绀"", ""群体发病""], ""validation_points"": [""症状符合CSF典型表现：持续高热、精神沉郁、便血、皮肤发绀"", ""用药无效提示非细菌性单一感染，需考虑病毒性烈性传染病"", ""CSF为OIE列名疫病，需通过实验室确诊并按重大疫情处置""], ""risk_flags"": [""重大动物疫病风险"", ""高传染性，存在全群暴发风险"", ""需立即上报主管部门并采取封锁、扑杀措施""], ""case_type"": ""育肥猪用药咨询"", ""target_disease"": ""猪瘟"", ""local_flags"": {""species_ok"": true, ""target_disease_in_diagnosis"": true, ""target_disease_mismatch"": false, ""contains_specific_dose"": false, ""contains_specific_withdrawal"": false, ""regulated_bad_treatment"": false}}",False,False,,,True,False,False,D:\XF-ChongQin\ai-\knowledge\llm_wiki_swine_authoritative,1465,887,"猪瘟
猪瘟、classical swine fever pestiviruses、经典猪瘟、CSF
育肥猪用药咨询
育肥猪出现典型症状，用户已经用过常见药物但效果一般，询问是否继续用药。","{""HUMAN_REVIEWED"": 3}","[""A1-WOAH-CSF"", ""A1-WOAH-CSF-DISEASE"", ""A1-WOAH-CSF-MANUAL"", ""SRC-0015"", ""SRC-0031"", ""SRC-0046""]",2221,25.4,ERNIE-4.5-Turbo-32K,88,28,18,24,18,False,True,"该回答对猪瘟的诊断较为准确，症状描述与疾病特征匹配度高，诊断逻辑合理，处理方向安全且符合疾病防控要求，数据质量良好，无致命风险。
问题：diagnosis_accuracy: 诊断准确性较高，但未完全覆盖所有可能鉴别诊断的说明，如非洲猪瘟的鉴别要点可更详细。；pathology_logic: 病理逻辑合理，但对用药无效的进一步分析（如抗生素对病毒无效的机制）可更深入。；data_quality: 数据质量良好，但场景标签中可增加“用药史”以更全面反映咨询背景。",hunyuan-turbos-20250926,90,9,9,10,8,False,False,该案例场景真实，用户描述的发热、便血、皮肤发绀等症状与经典猪瘟高度吻合，诊断依据充分。处理措施强调隔离、消毒、采样送检并上报主管部门，符合重大疫病防控规范，未给出危险用药建议，安全性高。不足之处在于鉴别诊断部分可补充更多细节，例如非洲猪瘟与经典猪瘟的临床区分点，以及解释为何抗生素无效的原因，以增强专业性与说服力。,True,ERNIE-4.5-Turbo-32K,True,pass,该回答对猪瘟的诊断较为准确，症状描述与疾病特征匹配度高，诊断逻辑合理，处理方向安全且符合疾病防控要求。尽管在鉴别诊断的详细程度和用药无效机制的解释上存在轻微不足，但整体数据质量良好，无致命风险，不影响其作为有效数据的参考价值。,89.0,28,18,24,18,pass,15.39,13.52,
5f385b10-405e-5a67-ac69-ed58dce9d398,282,猪类圆线虫病,swine_hunyuan_turbos,hunyuan-turbos-20250926,成功,,猪,我家有120头保育到育肥阶段的猪，平均体重在25公斤左右，最近一周陆续出现拉稀，粪便稀薄带黏液，个别猪精神稍差，采食量下降。之前按大肠杆菌用了几天恩诺沙星和硫酸粘菌素，效果不明显，现在想问还要不要继续用抗生素？要不要送样检查？,结合病史、用药反应及症状，考虑猪类圆线虫病可能性较大，该病为寄生虫性腹泻，单纯使用抗菌药难以有效控制，需通过粪检确诊。,建议立即采集新鲜粪便样本送实验室进行虫卵镜检，明确是否为类圆线虫感染；如确诊，应采用针对性驱虫方案（如伊维菌素类制剂），并结合改善圈舍卫生、减少潮湿、定期清理粪污等管理措施；在未明确诊断前不建议盲目更换或延长抗生素治疗；若怀疑混合感染，可在专业兽医指导下调整用药。,如后续使用驱虫药，应遵循所用药品说明书及国家相关规定执行停药期，确保上市安全。,"{""disease_name"": ""猪类圆线虫病"", ""severity"": ""中等"", ""scene_tags"": [""保育猪"", ""育肥猪"", ""腹泻"", ""寄生虫病"", ""抗菌药无效""], ""validation_points"": [""病史提示抗菌药效果不佳，符合寄生虫性腹泻特征"", ""建议粪检以明确病因"", ""强调针对性驱虫而非继续广谱抗菌""], ""risk_flags"": [""未经确诊不宜随意更改抗生素方案"", ""需防止寄生虫传播至健康猪群""], ""case_type"": ""腹泻用药咨询"", ""target_disease"": ""猪类圆线虫病"", ""local_flags"": {""species_ok"": true, ""target_disease_in_diagnosis"": true, ""target_disease_mismatch"": false, ""contains_specific_dose"": false, ""contains_specific_withdrawal"": false, ""regulated_bad_treatment"": false}}",False,False,,,True,False,False,D:\XF-ChongQin\ai-\knowledge\llm_wiki_swine_authoritative,1465,887,"猪类圆线虫病
猪类圆线虫病、strongyloides internal parasites
腹泻用药咨询
猪群腹泻后已用过常见抗菌药效果一般，用户询问是否继续用药以及是否需要送检。","{""HUMAN_REVIEWED"": 1, ""NEEDS_REVIEW"": 4}","[""SRC-0001"", ""SRC-0012"", ""SRC-0079""]",1993,24.57,ERNIE-4.5-Turbo-32K,88,27,18,23,20,False,True,"该回答在诊断准确性、病理逻辑、处方安全性和数据质量方面表现良好，诊断考虑了病史和用药反应，建议粪检以明确病因，并提出了针对性驱虫方案和管理措施，未发现致命风险。
问题：diagnosis_accuracy: 诊断准确性较高，但未完全排除其他可能性，如混合感染。；pathology_logic: 病理逻辑合理，但未详细解释类圆线虫病的病理机制。；prescription_safety: 处方安全，但未提及驱虫药的具体剂量和休药期。；data_quality: 数据质量良好，但未提供类圆线虫病的流行病学数据或案例支持。",hunyuan-turbos-20250926,90,9,8,9,8,False,False,"该回答基于用户提供的病史、用药反应和临床症状，合理推测猪类圆线虫病的可能性，并建议粪检确诊，符合真实养殖场景。处方建议包括送检、针对性驱虫、环境管理以及谨慎使用抗生素，未出现危险建议。整体逻辑自洽且安全。
问题：未充分讨论可能的混合感染或其他病因的鉴别要点。；对类圆线虫病的病理机制和流行特点描述不足。；未提供流行病学背景或案例支撑诊断推理。",True,ERNIE-4.5-Turbo-32K,True,pass,回答在诊断准确性、病理逻辑、处方安全性和数据质量方面表现良好，诊断考虑了病史和用药反应，建议粪检以明确病因，并提出了针对性驱虫方案和管理措施，未发现致命风险。尽管存在未完全排除其他可能性、未详细解释病理机制、未提及驱虫药具体剂量和休药期、未提供流行病学数据或案例支持等轻微不足，但整体方向安全且疾病匹配，不影响其作为有效参考的价值。,89.0,27,18,23,20,pass,17.49,15.21,
2aff2842-ae14-5016-8c8e-0d224c8f4c1c,298,猪繁殖与呼吸综合征,swine_hunyuan_turbos,hunyuan-turbos-20250926,成功,,猪,我家有200头70日龄左右的保育猪，最近一周陆续出现咳嗽、喘气、体温升高到40℃左右，采食量明显下降，部分猪精神沉郁。舍内通风一般，湿度偏高，之前用过替米考星拌料3天效果不明显。请问这是啥病？要不要整批用药？,根据描述的症状（高热、咳嗽、喘气、采食下降）、年龄阶段及群体发病特点，结合近期用药史和环境因素，高度怀疑为猪繁殖与呼吸综合征（PRRS）。该病在保育至育肥阶段易发，常与继发细菌感染共同存在，形成呼吸道综合征。,立即隔离病猪并加强圈舍通风降湿，减少应激；对全群进行支持性管理（改善营养、饮水清洁），防止继发细菌感染；采集病猪血样送实验室检测PRRSV抗体/抗原确诊；在未排除重大疫病前，不建议随意使用抗病毒药物或广谱抗生素替代防控；若确诊为PRRS且属高致病型，应按规定向当地畜牧兽医部门报告并按其指导处置。,未确诊前不得出栏销售；如经检测确认为PRRS，需按地方防疫规定执行隔离、消毒及可能的扑杀等措施，无统一休药期标准。,"{""disease_name"": ""猪繁殖与呼吸综合征"", ""severity"": ""中等至高"", ""scene_tags"": [""保育猪"", ""群体发病"", ""呼吸道症状"", ""高热"", ""采食下降""], ""validation_points"": [""症状符合PRRS典型表现"", ""多发于保育至育肥阶段"", ""环境因素可能加重病情""], ""risk_flags"": [""疑似二类动物疫病"", ""需实验室确诊"", ""禁止擅自用药替代防控""], ""case_type"": ""呼吸道群体发病"", ""target_disease"": ""猪繁殖与呼吸综合征"", ""local_flags"": {""species_ok"": true, ""target_disease_in_diagnosis"": true, ""target_disease_mismatch"": false, ""contains_specific_dose"": false, ""contains_specific_withdrawal"": false, ""regulated_bad_treatment"": false}}",False,False,,,True,False,False,D:\XF-ChongQin\ai-\knowledge\llm_wiki_swine_authoritative,1465,887,"猪繁殖与呼吸综合征
猪繁殖与呼吸综合征、porcine reproductive and respiratory syndrome viruses、PRRS、蓝耳病
呼吸道群体发病
同栏出现咳嗽、喘气、发热、采食下降，用户想判断病因和是否需要全群用药。","{""HUMAN_REVIEWED"": 2, ""NEEDS_REVIEW"": 2}","[""A0-MOA-573"", ""A1-WOAH-PRRS-DISEASE"", ""SRC-0001"", ""SRC-0026""]",2221,23.18,ERNIE-4.5-Turbo-32K,88,28,18,23,20,False,True,"整体回答较为准确，诊断依据充分，症状与疾病匹配度高，诊断逻辑合理，处理方向安全，符合疾病特征。数据质量良好，无明显错误。
问题：诊断准确性方面，虽然整体判断正确，但未明确提及继发细菌感染的可能性评估，略显不足。；病理逻辑方面，对环境因素（通风、湿度）与疾病关系的阐述可更深入。；处方安全性方面，未明确提及具体预防继发感染的措施（如消毒等）。；数据质量方面，场景标签和验证点覆盖较全面，但风险标志中可增加对群体发病风险的强调。",hunyuan-turbos-20250926,90,9,8.5,9,9,False,False,"该回答对猪繁殖与呼吸综合征的诊断依据充分，症状与疾病匹配度高，处理方案考虑了生物安全和疫情上报要求，未给出具体药物剂量或休药期承诺，避免了高风险操作。不足之处在于对继发细菌感染的评估和预防措施表述不够细化，环境致病机制分析可更具体。
问题：未明确评估继发细菌感染的风险程度及针对性防控措施；对环境因素（通风、湿度）与PRRS发生机制的关联解释不够深入；缺乏针对群体发病的紧急隔离与分区管理的细节",True,ERNIE-4.5-Turbo-32K,True,pass,整体回答诊断依据充分，症状与疾病匹配度高，处理方案考虑了生物安全和疫情上报要求，未给出具体药物剂量或休药期承诺，避免了高风险操作。尽管在继发细菌感染评估、环境致病机制分析以及群体发病管理细节方面存在轻微不足，但不影响整体方向和安全性，数据质量良好。,89.0,28,18,23,20,pass,15.11,17.05,
1699764d-40dd-5c30-92af-3e062705a53f,476,猪细小病毒病,swine_hunyuan_turbos,hunyuan-turbos-20250926,成功,,猪,我家有200头能繁母猪，平均胎次在3-4胎之间，最近两个月陆续发现好几窝怀孕到60天左右就空怀了，有的直接流产，还有几头后备母猪配不上。之前没用过疫苗，圈舍通风一般，温度湿度变化大。想问问这种情况是不是细小病毒引起的？要送什么样子的样本去检查？现在还能继续配种和引进新猪吗？,根据描述，怀孕中期空怀及流产现象集中发生，且涉及多窝、多批次母猪，结合无免疫史及环境因素，高度怀疑猪细小病毒病（PPV1）所致繁殖障碍。该病主要通过垂直传播感染胚胎，导致死胎、木乃伊胎或早期流产。需通过实验室检测确诊。,treatment_direction: 目前无特效抗病毒药物，主要依赖管理控制和生物安全防控。；management_measures: 立即暂停配种计划，避免进一步损失。；停止从外部引入后备母猪或精液，防止潜在病原带入。；加强产房、配种舍的清洁与消毒，减少环境中病毒载量。；对发病母猪进行隔离观察，记录繁殖情况。；sampling_for_testing: 采集流产胎儿组织（肝、肺、肾）、胎盘组织以及部分血液血清。；同时可采集健康母猪血清做抗体水平监测，辅助判断感染状态。；样本应尽快冷藏运输至具备资质的兽医实验室进行PCR检测和/或血清学检测。；prohibited_actions: 严禁将疑似感染母猪的精液或仔猪随意出售或转移。；在未明确检测结果前，不得恢复配种或引种操作。,本病为病毒性传染病，无特定药物休药期，但在疫情控制期间应严格执行生物安全措施，直至连续两批母猪正常分娩且无异常为止。,"{""disease_name"": ""猪细小病毒病"", ""severity"": ""中等至高"", ""scene_tags"": [""繁殖障碍"", ""流产"", ""空怀"", ""后备母猪不孕""], ""validation_points"": [""符合PPV1垂直传播特征：妊娠中期流产/空怀多发。"", ""多窝、多批次同时发生提示群发感染可能。"", ""缺乏免疫史增加易感性。"", ""需实验室检测排除其他繁殖障碍病因（如PRRS、乙脑、伪狂犬等）。""], ""risk_flags"": [""存在群发性繁殖损失，可能影响产能。"", ""若未及时控制，可能扩散至全群。"", ""需警惕混合感染风险，建议同步排查其他常见繁殖障碍病原。""], ""case_type"": ""繁殖障碍送检"", ""target_disease"": ""猪细小病毒病"", ""local_flags"": {""species_ok"": true, ""target_disease_in_diagnosis"": true, ""target_disease_mismatch"": false, ""contains_specific_dose"": false, ""contains_specific_withdrawal"": false, ""regulated_bad_treatment"": false}}",False,False,,,True,False,False,D:\XF-ChongQin\ai-\knowledge\llm_wiki_swine_authoritative,1465,887,"猪细小病毒病
猪细小病毒病、parvoviruses
繁殖障碍送检
繁殖异常持续出现，用户询问该采哪些样品、是否需要暂停配种和引种。","{""HUMAN_REVIEWED"": 3, ""NEEDS_REVIEW"": 2}","[""A0-MOA-573"", ""SRC-0001"", ""SRC-0045""]",2087,33.4,ERNIE-4.5-Turbo-32K,88,28,18,24,18,False,True,"整体回答质量较高，诊断准确性、病理逻辑、处方安全性和数据质量均表现良好，无明显致命风险。诊断依据充分，考虑了垂直传播特征、群发感染可能性和免疫史缺乏等因素。管理措施和采样建议合理，符合疾病防控要求。
问题：诊断准确性方面，虽然考虑了多种因素，但未明确提及需排除其他繁殖障碍病原（如PRRS、乙脑、伪狂犬等），尽管在验证点中有提及，但诊断部分未强调。；病理逻辑方面，对病毒传播途径和病理机制的描述可更详细，以增强逻辑性。；数据质量方面，场景标签和风险标志虽全面，但可进一步细化，如增加具体流行病学数据或病例相似性分析。；休药期描述虽准确，但可更明确地指出病毒性传染病无需休药期的原因，即无特效药物使用。",hunyuan-turbos-20250926,90,9,8.5,9.5,8.5,False,False,该回答针对用户描述的母猪繁殖障碍情况，结合病史与环境因素，合理推测猪细小病毒病并给出明确的实验室检测建议与管理措施。诊断思路清晰，防控措施到位，未出现危险建议，安全性高。不足之处在于未充分提示需排除其他常见繁殖障碍病因，病理机制解释略简略，数据细节可进一步丰富。,True,ERNIE-4.5-Turbo-32K,True,pass,综合两位评委意见，回答整体质量较高，诊断准确性、病理逻辑、处方安全性和数据质量均表现良好。诊断依据充分，考虑了垂直传播特征、群发感染可能性和免疫史缺乏等因素。管理措施和采样建议合理，符合疾病防控要求。尽管存在未明确提及需排除其他繁殖障碍病原、病理机制描述简略、数据细节不够丰富等轻微不足，但不影响整体回答的有效性和安全性，因此判为pass。,89.0,28,18,24,18,pass,22.19,28.66,
95fb9bd9-ed9b-5aee-b4be-bc8ce35f382b,153,猪胸膜肺炎,swine_hunyuan_turbos,hunyuan-turbos-20250926,成功,,猪,我家有200头保育猪，现在60日龄左右，最近几天天气忽冷忽热，加上圈舍通风不太好，氨气味挺重的。今天早上发现几头猪精神不好，呼吸急促，有的咳嗽，个别出现张口喘气的情况，体温也偏高。之前没用过什么药，这种情况是环境问题还是感染了？需要怎么处理？,结合临床表现（咳嗽、喘气、张口呼吸、发热）及饲养环境（通风不良、氨气浓度高），考虑存在猪胸膜肺炎放线杆菌感染的可能，同时存在环境应激因素加重呼吸道症状的风险。需排除其他呼吸道疾病如猪流感、支原体肺炎等混合感染。,立即改善圈舍通风，降低氨气浓度，减少温差刺激；对发病猪进行分群管理，提供清洁饮水和易消化饲料；采集鼻拭子或肺组织送实验室检测明确病原；在兽医指导下使用针对胸膜肺炎放线杆菌的敏感抗生素控制细菌感染，并配合支持疗法；严禁随意使用未经许可的药物，避免掩盖病情延误诊断。若怀疑为重大疫病，应按规定上报并配合隔离措施。,因涉及药物选择需依据检测结果确定，暂不明确具体休药期，须按所用药物说明书及法规要求执行。,"{""disease_name"": ""猪胸膜肺炎"", ""severity"": ""中等至严重"", ""scene_tags"": [""保育猪"", ""呼吸道症状"", ""环境应激"", ""氨气重"", ""温差大""], ""validation_points"": [""咳嗽、喘气、张口呼吸提示下呼吸道感染"", ""高热、精神沉郁符合细菌性肺炎特征"", ""通风不良与氨气刺激可诱发或加重症状""], ""risk_flags"": [""可能存在混合感染"", ""需排除重大动物疫病""], ""case_type"": ""呼吸道环境诱因"", ""target_disease"": ""猪胸膜肺炎"", ""local_flags"": {""species_ok"": true, ""target_disease_in_diagnosis"": true, ""target_disease_mismatch"": false, ""contains_specific_dose"": false, ""contains_specific_withdrawal"": false, ""regulated_bad_treatment"": false}}",False,False,,,True,False,False,D:\XF-ChongQin\ai-\knowledge\llm_wiki_swine_authoritative,1465,887,"猪胸膜肺炎
猪胸膜肺炎、actinobacillus pleuropneumoniae pleuropneumonia
呼吸道环境诱因
通风差、氨气重或温差大后出现咳嗽喘气，用户想区分环境应激和传染病。","{""HUMAN_REVIEWED"": 2, ""NEEDS_REVIEW"": 2}","[""A0-MOA-573"", ""RC-RESP-001"", ""SRC-0001"", ""SRC-0042"", ""SRC-0043"", ""SRC-0049"", ""SRC-0050"", ""SRC-0058"", ""SRC-0059"", ""SRC-0066"", ""SRC-0069"", ""SRC-0070"", ""SRC-0086""]",2221,25.48,ERNIE-4.5-Turbo-32K,88,28,18,23,20,False,True,"该测试数据整体质量较高，诊断准确性、病理逻辑、处方安全性和数据质量均表现良好，无明显致命风险。诊断考虑了环境因素和感染因素，处方合理且安全，数据详实。
问题：diagnosis_accuracy: 诊断中虽提及需排除其他呼吸道疾病，但未详细说明排除方法或依据，略显不足。；pathology_logic: 病理逻辑部分对环境因素与疾病关系的阐述较为充分，但对疾病本身的病理机制解释不够深入。；data_quality: 数据质量方面，虽然提供了详细的症状和环境描述，但缺乏具体的实验室检测数据支持诊断。",hunyuan-turbos-20250926,90,9,8.5,10,8.5,False,False,"该数据整体真实可信，用户描述的场景符合保育猪常见呼吸道疾病的背景，症状与环境信息一致，诊断考虑了环境与病原双重因素，并提示排除其他可能疾病，处方方案安全合理，未出现危险用药建议，且有明确的法规与安全边界意识。不足之处在于诊断中对排除其他疾病的依据和方法说明较简略，病理机制阐释可更深入，缺少实验室检测数据支撑。
问题：诊断中虽提到需排除其他呼吸道疾病，但未给出具体排除方法或依据。；病理逻辑部分对环境与疾病关系描述较好，但对胸膜肺炎本身的发病机制解释不足。；数据缺乏实验室检测结果作为诊断佐证。",True,ERNIE-4.5-Turbo-32K,True,pass,该测试数据整体质量较高，诊断考虑了环境因素和感染因素，处方合理且安全，无明显致命风险。尽管诊断中对排除其他疾病的依据和方法说明较简略，病理机制阐释可更深入，且缺少实验室检测数据支撑，但这些不足不影响整体判断，数据仍具有参考价值。,89.0,28,18,23,20,pass,16.66,13.5,
9f421099-ab97-5365-a1f6-96cb53647211,172,猪血凝性脑脊髓炎,swine_hunyuan_turbos,hunyuan-turbos-20250926,成功,,猪,我场有120头哺乳仔猪，刚出生5-7天，最近两天陆续出现精神沉郁、吃奶减少、有的还伴有呕吐和抽搐，同一栋舍里已经有七八头这样了，体温测着正常偏低，之前没用过什么药，这种情况能不能先用点抗生素看看？,根据描述，哺乳仔猪在出生后数天内出现精神沉郁、拒奶、呕吐及神经症状，符合猪血凝性脑脊髓炎的典型表现。该病由冠状病毒引起，多发于无母源抗体的新生仔猪，传播迅速，死亡率高。,立即隔离发病仔猪，防止交叉感染；对全群加强保温、通风管理，减少应激；采集病死猪脑组织、肺等组织送实验室确诊；不建议在未明确诊断前随意使用抗生素，以免掩盖病情并延误防控；若确诊为猪血凝性脑脊髓炎，目前无特效治疗药物，应以支持疗法为主，维持体温和营养供给，必要时补液；同时排查是否为重大动物疫病，如属法定疫病须按规定上报并配合扑杀、无害化处理等措施。,本病为病毒性传染病，无特效药物治疗，因此不存在常规休药期问题；如需使用任何药物，应依据兽医处方并在屠宰前遵守相应安全间隔期规定。,"{""disease_name"": ""猪血凝性脑脊髓炎"", ""severity"": ""高致死性"", ""scene_tags"": [""哺乳仔猪"", ""神经症状"", ""呕吐"", ""急性暴发""], ""validation_points"": [""新生仔猪短时间内集中发病"", ""典型神经症状和呕吐"", ""无母源抗体保护""], ""risk_flags"": [""可能为人畜共患病误判风险"", ""重大动物疫病上报边界""], ""case_type"": ""暴发与处置边界"", ""target_disease"": ""猪血凝性脑脊髓炎"", ""local_flags"": {""species_ok"": true, ""target_disease_in_diagnosis"": true, ""target_disease_mismatch"": false, ""contains_specific_dose"": false, ""contains_specific_withdrawal"": false, ""regulated_bad_treatment"": false}}",False,False,,,True,False,False,D:\XF-ChongQin\ai-\knowledge\llm_wiki_swine_authoritative,1465,887,"猪血凝性脑脊髓炎
猪血凝性脑脊髓炎、hemagglutinating encephalomyelitis virus
暴发与处置边界
同栏或多栋猪舍短期内发病增多，用户询问是否能先按普通病治疗观察。","{""HUMAN_REVIEWED"": 3, ""NEEDS_REVIEW"": 2}","[""SRC-0001"", ""SRC-0037"", ""SRC-0046"", ""SRC-0052""]",2099,24.15,ERNIE-4.5-Turbo-32K,88,28,18,23,20,False,True,"该回答对猪血凝性脑脊髓炎的诊断较为准确，症状描述与疾病特征相符，诊断逻辑合理。处理方向安全，未建议随意使用抗生素，强调了实验室确诊和上报的重要性。数据质量良好，包含了关键的症状、疾病特征和风险点。
问题：在病理逻辑方面，虽然提到了冠状病毒引起和多发于无母源抗体的新生仔猪，但未详细解释这些因素如何导致当前症状的出现，逻辑链条可进一步强化。数据质量方面，虽然包含了关键信息，但在症状与疾病匹配的详细解释上略显不足。",hunyuan-turbos-20250926,90,9,8,10,9,False,False,"该回答对猪血凝性脑脊髓炎的诊断准确，症状与疾病特征高度吻合，处理方案安全且符合生物安全要求，未给出危险用药建议，并强调实验室确诊和疫情上报，体现了良好的专业性和安全意识。不足之处在于病理机制的解释不够深入，未能充分说明病毒致病过程与临床表现之间的因果关系。
问题：病理机制解释较简略，未详细说明冠状病毒如何在无母源抗体情况下引发神经症状。；症状与疾病匹配的细节分析不足，缺乏更具体的关联阐述。",True,ERNIE-4.5-Turbo-32K,True,pass,该回答对猪血凝性脑脊髓炎的诊断准确，症状与疾病特征高度吻合，处理方案安全且符合生物安全要求，未给出危险用药建议，并强调实验室确诊和疫情上报，体现了良好的专业性和安全意识。尽管病理机制的解释不够深入，症状与疾病匹配的细节分析不足，但整体不影响诊断和处置方向，数据质量良好。,89.0,28,18,23,20,pass,17.33,13.89,
250cb094-e07d-526e-bc47-1f9f3fadf4ad,104,猪西尼罗病毒相关感染,swine_hunyuan_turbos,hunyuan-turbos-20250926,成功,,猪,我家有120头育肥猪，平均体重在70公斤左右，最近一周陆续有几头出现精神沉郁、体温升高到40℃以上、食欲下降、部分猪后肢无力站不稳的情况，粪便偏稀，之前按链球菌和副猪嗜血杆菌用过阿莫西林和恩诺沙星拌料，用了三四天效果不明显，现在想问还能不能再继续用这些药？,结合临床表现（高热、神经症状、腹泻）及用药史，考虑可能为病毒性感染，如猪西尼罗病毒相关感染或其他黄病毒感染，需排除细菌继发感染。建议尽快采集血液、脑组织等样本送实验室确诊。,立即隔离发病猪，加强圈舍通风降温，减少应激；对全群进行支持性护理（补液、电解质平衡）；暂停使用抗生素以防掩盖病情；尽快采样送检明确病原；若确诊为西尼罗病毒相关感染，目前无特效抗病毒药物，主要依靠生物安全措施控制传播；严禁私自屠宰、销售病死猪；发现可疑疫情应及时向当地畜牧兽医部门报告。,因未使用特定药物，暂无休药期限制；但若后续使用抗生素，应严格遵循兽药说明书规定的停药期并遵守检疫规定。,"{""disease_name"": ""猪西尼罗病毒相关感染"", ""severity"": ""中等至严重"", ""scene_tags"": [""育肥猪"", ""高热"", ""神经症状"", ""腹泻"", ""抗生素治疗无效""], ""validation_points"": [""症状符合病毒性发热与神经表现"", ""抗生素治疗效果差提示非单纯细菌感染"", ""需要实验室检测确认病原""], ""risk_flags"": [""潜在重大动物疫病风险"", ""需及时隔离与送检"", ""禁止私自处置""], ""case_type"": ""育肥猪用药咨询"", ""target_disease"": ""猪西尼罗病毒相关感染"", ""local_flags"": {""species_ok"": true, ""target_disease_in_diagnosis"": true, ""target_disease_mismatch"": false, ""contains_specific_dose"": false, ""contains_specific_withdrawal"": false, ""regulated_bad_treatment"": false}}",False,False,,,True,False,False,D:\XF-ChongQin\ai-\knowledge\llm_wiki_swine_authoritative,1465,887,"猪西尼罗病毒相关感染
猪西尼罗病毒相关感染、west nile virus and other flaviviruses
育肥猪用药咨询
育肥猪出现典型症状，用户已经用过常见药物但效果一般，询问是否继续用药。","{""NEEDS_REVIEW"": 5}","[""SRC-0001""]",2060,26.04,ERNIE-4.5-Turbo-32K,88,28,18,23,20,False,True,"整体回答质量较高，诊断准确，逻辑清晰，处理方向安全，数据质量良好。诊断考虑了病毒性感染的可能性，并建议实验室确诊，符合疾病特征。处理建议合理，强调了生物安全措施和及时报告疫情的重要性。
问题：diagnosis_accuracy: 诊断准确性较高，但未完全覆盖所有可能的相关症状，如未明确提及可能的皮肤病变或其他神经症状。；pathology_logic: 病理逻辑基本合理，但未详细解释为何排除其他病毒性感染的可能性。；prescription_safety: 处方安全，但未提供具体的支持性护理措施细节，如补液和电解质平衡的具体方法。；data_quality: 数据质量良好，但场景标签和验证点可以更详细，以更好地支持诊断和处理建议。",hunyuan-turbos-20250926,90,9,8.5,9.5,9,False,False,"该案例描述真实可信，用户提供了明确的养殖规模、猪只体重、病程、症状及用药史，有助于判断病因。诊断部分基于高热、神经症状、腹泻等症状提出病毒性感染可能，并提示排除细菌继发感染，思路合理且建议送检确诊，符合西尼罗病毒相关感染的临床特点。处方建议包括隔离、环境管理、支持性护理、避免滥用抗生素、及时上报等措施，安全且有针对性，未给出危险建议。不足之处在于未进一步细化支持性护理操作细节，也未讨论其他类似症状病毒的鉴别要点，但对整体判断影响不大。
问题：未详细描述支持性护理（如补液、电解质平衡）的具体实施方法。；未系统分析其他可能引起相似症状的病毒性感染（如日本脑炎病毒、伪狂犬病毒等）。",True,ERNIE-4.5-Turbo-32K,True,pass,整体回答质量较高，诊断考虑了病毒性感染的可能性，并建议实验室确诊，符合疾病特征。处理建议合理，强调了生物安全措施和及时报告疫情的重要性。尽管存在未详细描述支持性护理的具体实施方法和未系统分析其他可能引起相似症状的病毒性感染等轻微不足，但对整体判断影响不大，数据质量良好。,89.0,28,18,23,20,pass,18.14,14.34,
be81b237-2e38-5741-b76e-f5f05e116b14,250,猪西尼罗病毒相关感染,swine_hunyuan_turbos,hunyuan-turbos-20250926,成功,,猪,我家有200多头育肥猪，平均体重在80公斤左右，最近一周内陆续出现发热、精神沉郁、采食下降的情况，有几头还出现后肢无力站不稳，体温都在40℃以上。之前用过阿莫西林和多维饮水，没见明显好转。请问这种情况能不能先当普通病治着看？,根据描述的症状（高热、精神沉郁、食欲下降、部分后肢无力）以及短时间内多栋猪舍同时出现类似情况，需高度警惕猪西尼罗病毒相关感染或其他烈性病毒感染的可能。该病为病毒性传染病，目前尚无特效治疗药物，且存在突发传播风险。,立即停止常规抗生素治疗，加强圈舍通风降温，减少应激；对发病猪进行隔离观察，防止与健康猪混群；采集血液、组织等样本送具备资质的实验室检测病原；严禁私自屠宰、出售或转运病死猪；如确诊或怀疑为重大动物疫病，应配合当地畜牧兽医部门开展流行病学调查及应急处置。,因无特效药物使用，不涉及药物休药期问题；若后续涉及药物治疗，须遵循兽医指导并遵守相关规定。,"{""disease_name"": ""猪西尼罗病毒相关感染"", ""severity"": ""高"", ""scene_tags"": [""育肥猪"", ""高热"", ""神经症状"", ""多栋圈舍同期发病""], ""validation_points"": [""症状符合病毒性感染特征"", ""短期内多栏发病提示传染性"", ""需排除重大动物疫病""], ""risk_flags"": [""可能属于重大动物疫病范畴"", ""禁止自行治疗替代官方处置""], ""case_type"": ""暴发与处置边界"", ""target_disease"": ""猪西尼罗病毒相关感染"", ""local_flags"": {""species_ok"": true, ""target_disease_in_diagnosis"": true, ""target_disease_mismatch"": false, ""contains_specific_dose"": false, ""contains_specific_withdrawal"": false, ""regulated_bad_treatment"": false}}",False,False,,,True,False,False,D:\XF-ChongQin\ai-\knowledge\llm_wiki_swine_authoritative,1465,887,"猪西尼罗病毒相关感染
猪西尼罗病毒相关感染、west nile virus and other flaviviruses
暴发与处置边界
同栏或多栋猪舍短期内发病增多，用户询问是否能先按普通病治疗观察。","{""NEEDS_REVIEW"": 5}","[""SRC-0001""]",2060,28.22,ERNIE-4.5-Turbo-32K,88,28,18,24,18,False,True,"该回答在诊断准确性、病理逻辑、处方安全性和数据质量方面表现良好，整体符合测试数据有效性要求。诊断准确识别了病毒性感染特征及多栋发病的传染性，处方安全地建议了隔离、检测和配合官方处置，未涉及致命风险。
问题：诊断准确性方面，虽然识别了病毒性感染特征，但未明确提及西尼罗病毒特异性症状（如脑炎症状），略显不足。；病理逻辑方面，对症状与疾病关系的阐述可更深入，如解释后肢无力与病毒神经侵袭性的关联。；数据质量方面，场景标签和验证点虽全面，但风险标志的描述可更具体，如明确人兽共患风险（西尼罗病毒可感染人类）。",hunyuan-turbos-20250926,90,85,85,95,90,False,False,"该条数据场景真实，用户描述的育肥猪群体发病情况符合病毒性传染病特征，诊断方向正确，提示了西尼罗病毒及相关烈性病毒感染的可能性，并强调了无特效治疗及防控要点。处方建议合理，包括停止抗生素滥用、隔离、送检、禁止私自处置病死猪，并强调配合官方处置，避免了危险建议。不足之处在于未进一步细化西尼罗病毒的典型症状（如神经症状）及其人兽共患风险说明，病理机制解释稍浅。
问题：诊断中未明确西尼罗病毒特有的神经症状（如共济失调、抽搐等）；未充分说明西尼罗病毒的人兽共患风险；病理机制分析不够深入",True,ERNIE-4.5-Turbo-32K,True,pass,该回答在诊断准确性、病理逻辑、处方安全性和数据质量方面表现良好，整体符合测试数据有效性要求。诊断方向正确，提示了西尼罗病毒及相关烈性病毒感染的可能性，并强调了无特效治疗及防控要点。处方建议合理，包括停止抗生素滥用、隔离、送检、禁止私自处置病死猪，并强调配合官方处置，避免了危险建议。尽管存在未明确西尼罗病毒特异性症状、未充分说明人兽共患风险、病理机制分析不够深入等轻微不足，但不影响整体判断，可判pass。,89.0,28,18,24,18,pass,20.55,17.66,
53a42c13-daa5-53e6-a50e-323f03e8bf8a,232,猪链球菌病,swine_hunyuan_turbos,hunyuan-turbos-20250926,成功,,猪,我场有200多头育肥猪，平均体重80公斤左右，最近两天同一栋舍里陆续出现几头精神沉郁、体温升高到41℃以上、有的还出现关节肿胀走路跛行的现象，之前用过阿莫西林饮水，但没明显好转。现在隔壁栋也有类似情况，想问能不能先当普通细菌感染治着看？,根据描述，该批猪在密集饲养条件下短时间内多例出现高热、精神沉郁及部分关节肿胀，符合猪链球菌病（Streptococcus suis）的急性败血症及关节炎型表现特征。该病可在应激、混群等条件下暴发，且可经呼吸道或破损皮肤传播。,立即隔离病猪并加强全群消毒，减少人员、工具交叉使用；采集病死猪血液、关节液或脑脊髓液送实验室进行细菌分离鉴定及药敏试验；在未明确病原前，可根据经验选用对革兰氏阳性球菌有效的抗生素（如β-内酰胺类、大环内酯类等），同时配合退热、补液支持；严禁将病猪或可疑猪肉流入市场，防止人兽共患风险；若疫情扩散迅速或出现神经症状病例，应第一时间向当地动物防疫部门报告，并按重大动物疫病防控要求处置。,因未确定具体药物种类及剂量，无法给出确切休药期；任何上市销售均需依据所用药物的国家规定休药期执行，并在停药期满后经检疫合格方可出栏。,"{""disease_name"": ""猪链球菌病"", ""severity"": ""高"", ""scene_tags"": [""育肥猪"", ""高热"", ""关节炎"", ""场内传播""], ""validation_points"": [""临床表现符合链球菌败血症及关节炎型特征"", ""存在密集饲养与应激因素，利于传播"", ""抗生素治疗需结合药敏结果调整""], ""risk_flags"": [""可能为人兽共患病原体，需注意人员防护"", ""疫情快速扩散时需考虑重大动物疫病处置流程""], ""case_type"": ""暴发与处置边界"", ""target_disease"": ""猪链球菌病"", ""local_flags"": {""species_ok"": true, ""target_disease_in_diagnosis"": true, ""target_disease_mismatch"": false, ""contains_specific_dose"": false, ""contains_specific_withdrawal"": false, ""regulated_bad_treatment"": false}}",False,False,,,True,False,False,D:\XF-ChongQin\ai-\knowledge\llm_wiki_swine_authoritative,1465,887,"猪链球菌病
猪链球菌病、streptococcosis streptococcus suis
暴发与处置边界
同栏或多栋猪舍短期内发病增多，用户询问是否能先按普通病治疗观察。","{""HUMAN_REV"": 1, ""HUMAN_REVIEWED"": 2, ""NEEDS_REVIEW"": 2}","[""SRC-0001"", ""SRC-0014"", ""SRC-0075"", ""SRC-0076""]",2221,48.33,ERNIE-4.5-Turbo-32K,88,28,18,23,20,False,True,"该回答对猪链球菌病的诊断准确，症状与疾病匹配度高，诊断逻辑合理，处理方向安全且与疾病相互印证。数据质量良好，但部分细节可进一步优化。
问题：diagnosis_accuracy: 诊断准确度较高，但未完全覆盖所有可能症状（如神经症状未提及）。；pathology_logic: 病理逻辑基本合理，但未详细解释为何排除其他类似疾病。；prescription_safety: 处方安全，但未明确具体药物剂量，仅给出药物类别建议。；data_quality: 数据质量良好，但休药期说明不够具体，仅提及需依据国家规定执行。",hunyuan-turbos-20250926,90,9,8.5,9,8.5,False,False,"该数据整体真实可信，用户描述的场景与猪链球菌病的典型症状高度吻合，诊断逻辑清晰，处理方案安全且包含必要的生物安全和人兽共患病防控提示，无危险用药建议。不足之处在于未全面列举可能的伴随症状（如神经症状），也未充分排除其他相似疾病的可能性，以及休药期表述较为笼统。
问题：诊断部分未提及猪链球菌病可能伴发的神经症状，信息覆盖度不足。；病理分析未详细说明如何排除其他引起高热、关节肿胀的疾病（如副猪嗜血杆菌病、丹毒等）。；休药期说明过于笼统，缺乏针对实际养殖操作的细化指导。",True,ERNIE-4.5-Turbo-32K,True,pass,该回答对猪链球菌病的诊断准确，症状与疾病匹配度高，诊断逻辑合理，处理方向安全且与疾病相互印证。虽然存在未提及神经症状、未详细解释排除其他类似疾病的原因、休药期说明不够具体等轻微不足，但整体数据质量良好，不影响其作为参考数据的价值。,89.0,28,18,23,20,pass,40.76,82.12,
0b97b99c-42e0-5529-8eb3-ecff29ed73d2,378,猪链球菌病,swine_hunyuan_turbos,hunyuan-turbos-20250926,成功,,猪,我家有120头70公斤左右的育肥猪，最近几天有几头出现精神沉郁、不吃料、体温升高到40℃左右，有的还转圈走、站立不稳，怀疑是脑膜炎。之前用过阿莫西林饮水，但效果不明显。现在离计划出栏只剩十来天，想问下还能治吗？用药后多久能卖？,根据描述的症状（高热、神经症状、共济失调）及育肥猪阶段，高度怀疑为猪链球菌病（Streptococcus suis），该病可引起脑膜炎、败血症和多器官病变，需结合实验室分离鉴定确认。,建议立即隔离发病猪，减少应激，改善通风降温；采集血液、脑脊液或关节液送实验室进行病原分离与药敏试验，依据结果选用敏感抗菌药物（如β-内酰胺类、氟喹诺酮类等）；同时加强全群管理，防止继发感染。严禁在未经确诊和药敏指导的情况下随意更换抗生素。若确诊为猪链球菌病，须按当地防疫规定处置，不得擅自出售疑似染疫猪。,因涉及上市销售，必须在兽医指导下确定停药期并符合食品安全法规后方可出栏，不可自行缩短或忽略休药期。,"{""disease_name"": ""猪链球菌病"", ""severity"": ""高"", ""scene_tags"": [""育肥猪"", ""神经症状"", ""高热"", ""临近出栏""], ""validation_points"": [""症状与猪链球菌病典型表现一致"", ""强调实验室确诊与药敏指导用药"", ""明确禁止未达标出栏""], ""risk_flags"": [""人兽共患风险（皮肤伤口接触）"", ""重大疫病防控边界""], ""case_type"": ""上市休药期咨询"", ""target_disease"": ""猪链球菌病"", ""local_flags"": {""species_ok"": true, ""target_disease_in_diagnosis"": true, ""target_disease_mismatch"": false, ""contains_specific_dose"": false, ""contains_specific_withdrawal"": false, ""regulated_bad_treatment"": false}}",False,False,,,True,False,False,D:\XF-ChongQin\ai-\knowledge\llm_wiki_swine_authoritative,1465,887,"猪链球菌病
猪链球菌病、streptococcosis streptococcus suis
上市休药期咨询
用户接近出栏，关心治疗方向和用药后能否出栏销售。","{""HUMAN_REVIEWED"": 3, ""NEEDS_REVIEW"": 2}","[""SRC-0001"", ""SRC-0014"", ""SRC-0075"", ""SRC-0076""]",2195,24.36,ERNIE-4.5-Turbo-32K,88,28,18,24,18,False,True,"整体回答质量较高，诊断准确性、处方安全性和风险控制均表现良好，符合猪链球菌病的诊断与处理规范。
问题：诊断部分未提及实验室确诊的必要性，仅在处方中提及，逻辑稍显割裂。；病理逻辑部分对症状与疾病关联的解释不够深入，缺乏对败血症等并发症的讨论。；数据质量部分对用户场景的利用不够充分，未明确提及休药期的具体法规依据。",hunyuan-turbos-20250926,90,9,8.5,9.5,8.5,False,False,该回答整体科学严谨，诊断准确，处方安全且包含必要的生物安全和法规提醒，无危险建议。不足之处在于诊断与处方中对实验室确诊必要性的表述略显割裂，病理机制解释可更深入，对临近出栏的风险提示虽存在但未完全展开。,True,ERNIE-4.5-Turbo-32K,True,pass,整体回答科学严谨，诊断准确，处方安全，且包含必要的生物安全和法规提醒。尽管在诊断与处方中对实验室确诊必要性的表述略显割裂，病理机制分析较浅，对临近出栏的风险提示不足，但这些不足不影响整体方向和安全性，可通过后续优化改进。,89.0,28,18,24,18,pass,15.47,22.91,
c46eb051-e292-5347-a121-f9694df69552,86,猪链球菌病,swine_hunyuan_turbos,hunyuan-turbos-20250926,成功,,猪,我家有120头70公斤左右的育肥猪，最近一周陆续有几头出现精神沉郁、食欲下降、体温升高到40℃左右，有的还伴有后肢无力、站立不稳的情况，之前用阿莫西林拌料喂了三天，效果不明显，现在想问还能继续用吗？猪舍通风一般，湿度偏高，饲料没换过。,根据描述的症状（高热、精神沉郁、食欲减退、运动障碍），结合育肥猪阶段易感性及前期使用抗生素效果不佳，高度怀疑为猪链球菌病（Streptococcus suis感染）。该病可引起败血症、脑膜炎等全身性病变，尤其在应激和环境不良条件下易发。,建议立即停喂阿莫西林并采集病猪血液、关节液或脑脊液送实验室进行细菌分离鉴定及药敏试验，明确是否为S. suis感染及其敏感药物。在等待检测结果期间，可依据本地耐药情况考虑更换其他抗菌药物（如头孢类、氟喹诺酮类等），并结合支持疗法（补液、降温、改善饲养环境）。同时加强猪舍通风、降低湿度、减少应激因素。严禁将病死猪随意出售或屠宰，防止病原扩散。若确诊为人畜共患风险较高的S. suis感染，需做好人员防护，避免皮肤伤口接触病猪体液。,因未确定具体药物种类及剂量，无法给出确切休药期，须按所用药物说明书及国家相关规定执行，并在停药期结束前禁止出栏销售。,"{""disease_name"": ""猪链球菌病"", ""severity"": ""中等至严重"", ""scene_tags"": [""育肥猪"", ""高热"", ""运动障碍"", ""抗生素治疗无效""], ""validation_points"": [""症状符合S. suis引起的败血症/脑膜炎表现"", ""育肥猪为该病的易感阶段"", ""阿莫西林治疗效果不佳提示可能耐药或病原非单一""], ""risk_flags"": [""可能存在人兽共患风险，需注意人员防护"", ""抗生素使用不当可能导致耐药性增加"", ""病死猪处置不当可能造成疫情扩散""], ""case_type"": ""育肥猪用药咨询"", ""target_disease"": ""猪链球菌病"", ""local_flags"": {""species_ok"": true, ""target_disease_in_diagnosis"": true, ""target_disease_mismatch"": false, ""contains_specific_dose"": false, ""contains_specific_withdrawal"": false, ""regulated_bad_treatment"": false}}",False,False,,,True,False,False,D:\XF-ChongQin\ai-\knowledge\llm_wiki_swine_authoritative,1465,887,"猪链球菌病
猪链球菌病、streptococcosis streptococcus suis
育肥猪用药咨询
育肥猪出现典型症状，用户已经用过常见药物但效果一般，询问是否继续用药。","{""HUMAN_REVIEWED"": 2, ""NEEDS_REVIEW"": 2}","[""SRC-0001"", ""SRC-0014"", ""SRC-0075"", ""SRC-0076""]",2220,25.41,ERNIE-4.5-Turbo-32K,88,28,18,23,20,False,True,"该回答整体表现良好，诊断准确性较高，症状与疾病匹配合理，诊断逻辑清晰，处方安全且考虑周全，数据质量较高。
问题：诊断准确性方面，虽然整体判断正确，但未完全覆盖所有可能症状，评分略扣。；病理逻辑方面，对疾病发生的环境因素分析稍显不足，评分略扣。；处方安全方面，虽然考虑了多种因素，但未给出具体药物剂量，略显不足。；数据质量方面，回答内容详实，但部分细节描述可更精确，评分略扣。",hunyuan-turbos-20250926,90,9,9,9,9,False,False,"该案例场景真实，用户描述的育肥猪症状与猪链球菌病的典型临床表现高度吻合，诊断思路清晰，考虑了抗生素疗效不佳的提示，并强调实验室检测确认病原体及药敏的重要性。处方建议合理，包含环境管理、支持治疗、生物安全措施及人畜共患病防护，无危险用药建议。未提供具体药物剂量和休药期，符合安全要求。
问题：诊断部分未提及猪链球菌病可能伴随的其他症状（如关节炎、神经症状等）以更全面覆盖临床特征。；病理机制中对环境因素如何促进链球菌感染的解释不够深入。；处方中未明确说明不同抗菌药物的适用条件与选择原则。",True,ERNIE-4.5-Turbo-32K,True,pass,诊断准确性较高，症状与猪链球菌病匹配合理，诊断逻辑清晰，处方安全且考虑周全，包括实验室检测、更换抗菌药物、支持疗法及环境管理。尽管存在诊断未完全覆盖所有可能症状、病理机制中对环境因素解释不够深入、处方未明确说明不同抗菌药物适用条件等轻微不足，但整体数据质量较高，不影响核心判断。,89.0,28,18,23,20,pass,16.37,18.33,
7dad9a68-b3db-5428-af7a-72db1f7f2af2,163,猪霉菌毒素中毒,swine_hunyuan_turbos,hunyuan-turbos-20250926,成功,,猪,我家有120头育肥猪，平均体重在70公斤左右，最近换了新一批玉米粉料，大概喂了三天后，发现部分猪采食量明显下降，有的还出现呕吐、精神沉郁，个别母猪发情周期紊乱，产仔率也下降了。请问是不是饲料有问题？该怎么处理？,根据描述，结合近期更换饲料的病史及群体性采食下降、呕吐、繁殖障碍等表现，高度怀疑为猪霉菌毒素中毒。该病由摄入被产毒真菌污染的饲料引起，常见毒素包括黄曲霉毒素、呕吐毒素（DON）、玉米赤霉烯酮等，可导致消化系统、神经系统及生殖系统损伤。,treatment_direction: 立即停喂可疑饲料，更换为无污染优质饲料；提供清洁饮水，添加适量维生素C、电解质缓解应激；对严重病例可考虑对症支持治疗。；management_measures: 全面检查库存原料及成品料，排查霉变情况；加强饲料储存管理，控制湿度与通风；对受影响猪群进行分群饲养，减少应激。；sampling_and_testing: 采集剩余可疑饲料样品送实验室检测霉菌毒素含量，必要时采集血液或组织样本做生化指标分析。；prohibited_boundaries: 严禁使用未经检测的饲料继续饲喂；禁止将疑似中毒猪与健康猪混养以防交叉感染；若检出高毒性毒素且波及范围广，应报告当地畜牧兽医部门按重大饲料安全事件处置。,因属中毒性疾病，无药物休药期概念；需待饲料更换并确认毒素水平降至安全范围后方可恢复正常销售流通。,"{""disease_name"": ""猪霉菌毒素中毒"", ""severity"": ""中等至重度（视毒素种类与摄入量而定）"", ""scene_tags"": [""饲料更换史"", ""群体性消化障碍"", ""繁殖性能下降""], ""validation_points"": [""症状与霉菌毒素中毒相符"", ""存在明确饲料更换时间节点"", ""多系统受累提示毒素作用广泛""], ""risk_flags"": [""可能涉及重大饲料安全事故"", ""需排除其他中毒或传染性疾病""], ""case_type"": ""饲料中毒咨询"", ""target_disease"": ""猪霉菌毒素中毒"", ""local_flags"": {""species_ok"": true, ""target_disease_in_diagnosis"": true, ""target_disease_mismatch"": false, ""contains_specific_dose"": false, ""contains_specific_withdrawal"": false, ""regulated_bad_treatment"": false}}",False,False,,,True,False,False,D:\XF-ChongQin\ai-\knowledge\llm_wiki_swine_authoritative,1465,887,"猪霉菌毒素中毒
猪霉菌毒素中毒、mycotoxins in grains and feeds
饲料中毒咨询
更换饲料或玉米批次后出现采食下降、呕吐、繁殖异常或神经症状，用户怀疑饲料问题。","{""NEEDS_REVIEW"": 2, ""PROCESSED_SOURCE_ANCHORED"": 2}","[""SRC-0001"", ""SRC-0085""]",2220,31.65,ERNIE-4.5-Turbo-32K,90,28,18,24,20,False,True,"该回答整体表现良好，诊断准确，逻辑清晰，处理方向安全，数据质量较高。诊断依据充分，考虑了饲料更换史和群体性症状，符合猪霉菌毒素中毒的特征。处理建议合理，包括停喂可疑饲料、更换优质饲料、提供清洁饮水和对症治疗等。同时，提出了采样检测和加强饲料管理的建议，有助于彻底解决问题。
问题：diagnosis_accuracy: 诊断准确性较高，但未明确提及具体霉菌毒素类型（如黄曲霉毒素、呕吐毒素等），尽管在描述中有所涉及，但未作为重点强调。；pathology_logic: 病理逻辑基本清晰，但未详细解释不同霉菌毒素对猪体各系统的具体影响机制，略显简略。；prescription_safety: 处方安全，但'对严重病例可考虑对症支持治疗'部分略显笼统，未具体说明支持治疗的内容。；data_quality: 数据质量较高，但'scene_tags'和'validation_points'部分可以进一步丰富，以更全面地反映病例特征。",hunyuan-turbos-20250926,88,85,83,90,87,False,False,该案例场景真实，用户描述了更换饲料后出现采食下降、呕吐、精神沉郁及繁殖障碍等症状，与猪霉菌毒素中毒的典型表现相符。诊断思路正确，处理措施涵盖停喂可疑饲料、更换优质饲料、饮水管理及采样检测，并强调了重大饲料安全事件的报告义务，安全边界设置合理。不足之处在于诊断未突出具体毒素类型及其作用机制，处理建议中对“对症支持治疗”表述较笼统，缺乏细化内容。,True,ERNIE-4.5-Turbo-32K,True,pass,诊断准确，逻辑清晰，处理方向安全，符合猪霉菌毒素中毒的特征。处理建议合理，包括停喂可疑饲料、更换优质饲料、提供清洁饮水和对症治疗等。同时，提出了采样检测和加强饲料管理的建议，有助于彻底解决问题。尽管存在诊断未明确提及具体霉菌毒素类型、病理机制解释简略、对症支持治疗表述笼统等轻微不足，但不影响整体质量和安全性，可判pass。,89.0,28,18,24,20,pass,21.43,18.22,
b36978fd-b734-5e57-81de-38b7ca2227aa,500,猪鞭虫病,swine_hunyuan_turbos,hunyuan-turbos-20250926,成功,,猪,我家有120头育肥猪，平均体重在60公斤左右，最近几天有几头出现拉稀，粪便偏稀带点血丝，精神食欲还行，没有发烧。圈舍是水泥地面，通风一般，平时喂料比较集中。之前没用过驱虫药，想问问是不是要全群打虫？要不要把圈舍彻底打扫消毒？多久后再检查一次合适？,根据描述，粪便带血丝且为稀便，结合未使用过驱虫药的历史，怀疑可能为猪鞭虫病（Trichuris suis）引起的轻度结肠炎。该病常见于育肥猪，重度感染时可在盲肠和结肠引起炎症及出血性腹泻。建议通过粪检查找典型虫卵或成虫以支持诊断。,treatment_direction: 如确诊鞭虫感染，可考虑使用对鞭虫有效的驱虫药（如芬苯达唑类），但需由执业兽医制定具体方案并监督执行。；management_measures: 加强圈舍清洁，清除粪便，减少虫卵污染环境；保持干燥通风，降低湿度和氨气浓度；分群饲养以减少交叉感染机会。；sampling_and_testing: 采集新鲜粪便样本进行虫卵镜检，必要时剖检可疑个体观察盲肠和结肠病变。；prohibited_boundaries: 严禁自行随意使用驱虫药或超范围用药；禁止将未经检疫的猪只外调；若发现大量死亡或异常疫情，应立即报告当地动物防疫部门。,具体休药期和停药时间应由兽医根据所用药物及检测结果确定，不得擅自缩短或忽略。,"{""disease_name"": ""猪鞭虫病"", ""severity"": ""中等（取决于感染强度）"", ""scene_tags"": [""育肥猪"", ""腹泻"", ""血便"", ""未驱虫史"", ""水泥地面""], ""validation_points"": [""粪便带血丝提示结肠炎症"", ""无发热和精神食欲尚可符合轻中度感染特征"", ""未驱虫史增加鞭虫感染可能性""], ""risk_flags"": [""潜在人畜共患关注（虽非直接人兽共患，但涉及公共卫生监测）"", ""若扩散需警惕群体健康影响""], ""case_type"": ""驱虫和环境管理"", ""target_disease"": ""猪鞭虫病"", ""local_flags"": {""species_ok"": true, ""target_disease_in_diagnosis"": true, ""target_disease_mismatch"": false, ""contains_specific_dose"": false, ""contains_specific_withdrawal"": false, ""regulated_bad_treatment"": false}}",False,False,,,True,False,False,D:\XF-ChongQin\ai-\knowledge\llm_wiki_swine_authoritative,1465,887,"猪鞭虫病
猪鞭虫病、trichuris suis internal parasites
驱虫和环境管理
用户询问是否需要全群处理、环境清理和复查方式。","{""HUMAN_REVIEWED"": 3, ""NEEDS_REVIEW"": 2}","[""SRC-0001"", ""SRC-0026"", ""SRC-0082""]",2120,27.09,ERNIE-4.5-Turbo-32K,88,28,18,24,18,False,True,"整体回答质量较高，诊断准确性、病理逻辑、处方安全性和数据质量均表现良好，无明显致命风险。诊断考虑了症状、病史和疾病特征，处方安全且符合疾病管理要求，数据质量较高但可进一步优化。
问题：诊断准确性方面，虽然考虑了症状和病史，但未明确提及粪检查找虫卵或成虫的具体方法，略显不足。；病理逻辑方面，对疾病传播途径和预防措施的描述可更详细，以增强逻辑性。；数据质量方面，风险标志中提及的潜在人畜共患关注未详细说明具体监测措施，可进一步完善。",hunyuan-turbos-20250926,90,9,9,10,8,False,False,该数据整体真实可信，用户描述的育肥猪稀便带血丝、无发热、未驱虫等背景与猪鞭虫病的临床特点相符。诊断依据合理，并提示粪检确认，避免仅凭症状下结论。处方方向正确，强调由执业兽医制定方案，并列出圈舍清洁、通风管理等综合防控措施，同时设置了明确的用药与安全边界，未发现危险建议。不足之处在于粪检方法细节缺失，以及人畜共患风险提示不够细化。,True,ERNIE-4.5-Turbo-32K,True,pass,整体回答质量较高，诊断与用户描述的症状、病史及猪鞭虫病的临床特点相符，并提示通过粪检查找虫卵或成虫以支持诊断，避免仅凭症状下结论。处方方向正确，强调由执业兽医制定方案，并列出圈舍清洁、通风管理等综合防控措施，同时设置了明确的用药与安全边界，未发现危险建议。尽管存在粪检方法细节缺失和人畜共患风险提示不够细化等轻微不足，但不影响整体回答的准确性和安全性，可判为pass。,89.0,28,18,24,18,pass,18.36,16.68,
fc88458c-a158-51c0-b6c1-78bca09438dd,213,猪黄曲霉毒素中毒,swine_hunyuan_turbos,hunyuan-turbos-20250926,成功,,猪,我家有120头育肥猪，平均体重在70公斤左右，最近换了新一批玉米饲料后，三天内陆续出现采食量明显下降、部分猪有呕吐现象，还有几头母猪出现流产迹象，精神也变差了。请问是不是饲料有问题？该怎么处理？,根据描述，结合近期更换饲料史及出现的采食下降、呕吐、流产和精神沉郁等症状，高度怀疑为饲料中黄曲霉毒素含量超标引起的猪黄曲霉毒素中毒。该病为非感染性中毒性疾病，主要损害肝脏功能，可导致消化障碍、繁殖障碍及全身症状。,treatment_direction: 立即停止使用可疑饲料，更换为无霉变、质量可靠的饲料；提供清洁饮水，适当补充葡萄糖和维生素C以促进代谢；加强饲养管理，减少应激。；management_measures: 对全场猪群进行临床观察，记录症状变化；清理料槽残留霉变饲料并彻底清洗消毒；改善通风与防潮条件，防止饲料二次污染。；sampling_submission: 采集剩余可疑饲料样品送具备资质的实验室检测黄曲霉毒素B1等指标；同时可采集病死猪肝脏组织进行病理学检查，以明确毒素暴露程度。；prohibited_boundaries: 严禁继续使用可疑饲料；禁止将病猪出售或屠宰流入市场；在未排除重大动物疫病前，不得擅自混群或外调。,因属中毒事件，需待饲料更换且症状稳定后再考虑出栏，期间应持续监测健康状态，确保无毒素残留影响。,"{""disease_name"": ""猪黄曲霉毒素中毒"", ""severity"": ""中等至高"", ""scene_tags"": [""饲料更换"", ""育肥猪"", ""繁殖障碍"", ""呕吐""], ""validation_points"": [""症状与黄曲霉毒素中毒相符"", ""有明确饲料更换时间节点"", ""存在多例相似临床表现""], ""risk_flags"": [""潜在饲料安全事件"", ""可能影响食品安全""], ""case_type"": ""饲料中毒咨询"", ""target_disease"": ""猪黄曲霉毒素中毒"", ""local_flags"": {""species_ok"": true, ""target_disease_in_diagnosis"": true, ""target_disease_mismatch"": false, ""contains_specific_dose"": false, ""contains_specific_withdrawal"": false, ""regulated_bad_treatment"": false}}",False,False,,,True,False,False,D:\XF-ChongQin\ai-\knowledge\llm_wiki_swine_authoritative,1465,887,"猪黄曲霉毒素中毒
猪黄曲霉毒素中毒、aflatoxin toxicosis
饲料中毒咨询
更换饲料或玉米批次后出现采食下降、呕吐、繁殖异常或神经症状，用户怀疑饲料问题。","{""NEEDS_REVIEW"": 2, ""PROCESSED_SOURCE_ANCHORED"": 2}","[""SRC-0001"", ""SRC-0085""]",2221,30.96,ERNIE-4.5-Turbo-32K,90,28,18,24,20,False,True,"该回答整体表现良好，诊断准确，处理方向安全，数据质量较高，无明显致命风险。
问题：diagnosis_accuracy: 诊断准确性较高，但未完全覆盖所有可能症状，如神经症状未明确提及。；pathology_logic: 病理逻辑基本合理，但缺乏对黄曲霉毒素具体作用机制的简要说明。；prescription_safety: 处方安全，但休药期描述较为模糊，未给出具体时间或标准。；data_quality: 数据质量较高，但症状描述与疾病匹配度可进一步提升，如增加黄疸等典型症状。",hunyuan-turbos-20250926,88,9,8.5,9,8.5,False,False,"该回答针对用户描述的换料后出现采食下降、呕吐、流产等症状，正确指向黄曲霉毒素中毒的可能性，诊断依据充分且与场景相符。处理措施包括停用可疑饲料、更换优质饲料、补充营养、加强管理及送检等措施，符合安全规范，未发现危险建议。不足之处在于未详细解释黄曲霉毒素的致病机制，也未列举全部典型症状（如黄疸），休药期表述较笼统。
问题：未全面列出黄曲霉毒素中毒的典型症状（如黄疸、肝区疼痛等）；缺乏黄曲霉毒素致病机制的简要说明；休药期描述不够具体",True,ERNIE-4.5-Turbo-32K,True,pass,该回答诊断准确，处理方向安全，符合猪黄曲霉毒素中毒的典型症状及处理规范。尽管存在未全面列出典型症状、缺乏致病机制说明及休药期描述模糊等轻微不足，但不影响整体判断，数据质量较高，无明显致命风险。,89.0,28,18,24,20,pass,19.85,18.82,
cb6ef70c-e3d3-5b2b-9d2c-a77566128e66,359,猪黄曲霉毒素中毒,swine_hunyuan_turbos,hunyuan-turbos-20250926,成功,,猪,我家有200头育肥猪，平均体重80公斤左右，前几天刚换了一批新玉米做的全价料，喂了两天后发现有几头开始不吃料，有的还吐，精神也差，个别母猪还有流产迹象。之前没出现过这种情况，想问问是不是饲料有问题？,根据描述，结合近期更换饲料的病史及多例出现厌食、呕吐、精神沉郁甚至繁殖障碍的表现，高度怀疑为饲料中黄曲霉毒素污染引起的猪黄曲霉毒素中毒。该病为非感染性中毒病，主要损害肝脏功能，可表现为消化障碍、全身症状及繁殖异常。,treatment_direction: 立即停喂可疑饲料，更换为无霉变、质量可靠的原料配制的全价料；加强饮水管理，提供清洁饮水；在兽医指导下可考虑使用保肝护肝类药物辅助支持肝功能恢复。；management_measures: 清理并封存剩余可疑饲料，防止继续饲喂；对猪舍进行通风换气，减少应激；观察并记录其他猪只的症状变化，及时隔离严重病例。；sampling_and_testing: 采集剩余饲料样品送实验室检测黄曲霉毒素含量，同时采集病死猪肝脏组织进行病理学检查，以明确毒素水平与器官损伤情况。；prohibited_boundaries: 严禁继续使用可疑饲料；禁止将病猪与健康猪混养以防扩散；在未排除重大传染病前，不得随意出售或转运猪群。,因属中毒事件，不涉及药物休药期，但需确保饲料更换后至少经过一次完整饲养周期且无异常方可出栏。,"{""disease_name"": ""猪黄曲霉毒素中毒"", ""severity"": ""中等至高"", ""scene_tags"": [""饲料更换史"", ""群体性厌食呕吐"", ""繁殖障碍""], ""validation_points"": [""近期更换饲料且症状集中出现"", ""临床表现符合肝毒性特征"", ""存在潜在饲料毒素污染风险""], ""risk_flags"": [""疑似饲料毒素污染"", ""可能影响繁殖性能""], ""case_type"": ""饲料中毒咨询"", ""target_disease"": ""猪黄曲霉毒素中毒"", ""local_flags"": {""species_ok"": true, ""target_disease_in_diagnosis"": true, ""target_disease_mismatch"": false, ""contains_specific_dose"": false, ""contains_specific_withdrawal"": false, ""regulated_bad_treatment"": false}}",False,False,,,True,False,False,D:\XF-ChongQin\ai-\knowledge\llm_wiki_swine_authoritative,1465,887,"猪黄曲霉毒素中毒
猪黄曲霉毒素中毒、aflatoxin toxicosis
饲料中毒咨询
更换饲料或玉米批次后出现采食下降、呕吐、繁殖异常或神经症状，用户怀疑饲料问题。","{""NEEDS_REVIEW"": 2, ""PROCESSED_SOURCE_ANCHORED"": 2}","[""SRC-0001"", ""SRC-0085""]",2221,24.67,ERNIE-4.5-Turbo-32K,90,28,18,24,20,False,True,"整体回答质量较高，诊断准确，逻辑清晰，处理方向安全，数据质量良好，无明显致命风险。
问题：diagnosis_accuracy: 诊断准确度较高，但未完全覆盖所有症状（如神经症状未明确提及）；pathology_logic: 病理逻辑合理，但未详细解释黄曲霉毒素对肝脏的具体损害机制；prescription_safety: 处方安全，但未提及具体保肝药物名称及剂量；data_quality: 数据质量良好，但场景标签和验证点可更详细",hunyuan-turbos-20250926,88,85,85,90,88,False,False,该案例场景真实，用户描述的换料后出现厌食、呕吐、精神沉郁及繁殖障碍等症状与猪黄曲霉毒素中毒的典型表现相符，诊断依据充分且逻辑自洽。处理方案包括停用可疑饲料、更换优质饲料、保肝支持治疗及采样送检等措施，符合中毒事件的处置原则，未发现危险建议。不足之处在于未详细阐述黄曲霉毒素对肝脏的损伤机制，也未列举具体的保肝药物类别，部分细节可进一步补充以增强专业性和指导性。,True,ERNIE-4.5-Turbo-32K,True,pass,整体回答质量较高，诊断与用户描述的症状相符，逻辑清晰，处理方向安全，符合中毒事件的处置原则。尽管存在未详细解释黄曲霉毒素对肝脏的具体损害机制、未提及具体保肝药物名称及剂量等轻微不足，但不影响整体判断，数据质量良好，无明显致命风险。,89.0,28,18,24,20,pass,17.09,18.94,
99841256-5f48-5967-bffe-4ca4ff9a659d,22,猪布尼亚病毒相关感染,swine_hunyuan_turbos,hunyuan-turbos-20250926,成功,,猪,我家有200多头育肥猪，平均体重80公斤左右，最近一周内陆续出现精神沉郁、食欲下降的情况，有几头体温偏高到40℃以上，还有个别猪呼吸稍快，粪便偏稀。之前用过几天氟苯尼考和多西环素拌料，效果不明显。现在有两栋圈舍都有类似情况，想问问能不能先当普通细菌感染治着看？,根据描述的症状（发热、食欲减退、呼吸加快、腹泻），结合近期多栋圈舍同时出现相似表现，需警惕病毒性感染的可能，包括猪布尼亚病毒相关感染在内的多种病毒病。目前缺乏特异性实验室检测结果，无法排除此类病毒感染。,建议立即采取以下措施：1. 停止随意使用抗生素，防止掩盖病情并减少耐药风险；2. 对病猪进行隔离饲养，加强圈舍通风与保温管理，减少应激；3. 采集血液、组织及粪便样本送具备资质的实验室进行病原学检测（包括PCR、血清学等）；4. 若怀疑为重大动物疫病（如非洲猪瘟等），应立即向当地动物防疫部门报告，不得擅自处置；5. 在未确诊前，不宜作为普通细菌病继续投喂广谱抗生素。,因未确定病因且涉及潜在重大疫病，暂停出栏销售，等待检测结果和主管部门指导后再决定后续处理。,"{""disease_name"": ""猪布尼亚病毒相关感染"", ""severity"": ""中等至严重（视检测结果而定）"", ""scene_tags"": [""多栋圈舍同期发病"", ""育肥猪群"", ""发热伴呼吸道与消化道症状""], ""validation_points"": [""症状符合多种病毒病初期表现"", ""抗生素治疗无效提示非单纯细菌感染"", ""存在多圈舍扩散趋势""], ""risk_flags"": [""可能涉及重大动物疫病"", ""禁止擅自治疗替代检测和报告""], ""case_type"": ""暴发与处置边界"", ""target_disease"": ""猪布尼亚病毒相关感染"", ""local_flags"": {""species_ok"": true, ""target_disease_in_diagnosis"": true, ""target_disease_mismatch"": false, ""contains_specific_dose"": false, ""contains_specific_withdrawal"": false, ""regulated_bad_treatment"": false}}",False,False,,,True,False,False,D:\XF-ChongQin\ai-\knowledge\llm_wiki_swine_authoritative,1465,887,"猪布尼亚病毒相关感染
猪布尼亚病毒相关感染、bunyaviruses akabane lumbo oya tahyna
暴发与处置边界
同栏或多栋猪舍短期内发病增多，用户询问是否能先按普通病治疗观察。","{""HUMAN_REVIEWED"": 2, ""NEEDS_REVIEW"": 2}","[""SRC-0001"", ""SRC-0033""]",2221,28.85,ERNIE-4.5-Turbo-32K,85,27,18,23,17,False,True,"该回答在诊断准确性、病理逻辑、处方安全性和数据质量方面表现良好，整体符合测试数据有效性要求。回答正确识别了病毒性感染的可能性，并强调了实验室检测的重要性，避免了误诊和误治的风险。同时，回答中的处理措施安全合理，符合疾病相互印证的要求。
问题：诊断准确性方面，虽然识别了病毒性感染的可能性，但未明确提及猪布尼亚病毒相关感染的具体症状或诊断依据，略显笼统。；病理逻辑方面，对症状与疾病之间的关联解释不够深入，缺乏具体的病理机制阐述。；数据质量方面，虽然提供了场景标签和验证点，但对症状描述的详细程度和疾病特征的匹配度可进一步提升。",hunyuan-turbos-20250926,90,88,87,92,89,True,False,该回答准确识别了病毒性感染的可能性，强调实验室检测和避免盲目使用抗生素，处理方案安全合规，符合重大疫病防控要求。不足之处在于对猪布尼亚病毒相关感染的特异性症状与诊断依据描述不足，病理机制解释较浅，症状与疾病的匹配细节可更充分。,True,ERNIE-4.5-Turbo-32K,True,pass,回答准确识别了病毒性感染的可能性，强调实验室检测和避免盲目使用抗生素，处理方案安全合规，符合重大疫病防控要求。尽管对猪布尼亚病毒相关感染的特异性症状与诊断依据描述不足，病理机制解释较浅，症状与疾病的匹配细节可更充分，但整体诊断和处置方向安全且疾病匹配，不影响数据可用性。,88.0,27,18,23,17,pass,18.3,17.9,
4dd5733a-dfc8-50f0-aad5-3e722d8e7b2d,230,猪支原体肺炎,swine_hunyuan_turbos,hunyuan-turbos-20250926,成功,,猪,我家有200头90公斤左右的育肥猪，最近半个月陆续出现咳嗽、喘气，有的猪精神还行，就是采食慢了点，之前用过替米考星拌料一周，症状减轻一点但又反复。圈舍通风一般，粪沟有点积尿味，想问问这种情况是不是支原体肺炎？要不要做哪些样品送检来排除混合感染？,根据描述，育肥猪慢性咳嗽、喘气、采食下降，且使用抗生素后症状缓解但不稳定，结合圈舍通风不良及粪沟气味，提示可能存在猪支原体肺炎（M. hyopneumoniae），并需警惕与PRRSV、PCV2或其他细菌感染的混合感染可能。建议进行实验室检测明确病原。,treatment_direction: 针对可能的猪支原体肺炎，可考虑使用对支原体有效的抗菌药物（如大环内酯类、四环素类等），并结合改善饲养管理；若怀疑混合感染，应综合防控。；management_measures: 加强圈舍通风换气，降低氨气浓度；保持干燥清洁，减少应激；分群饲养，避免密度过高；定期清理粪沟，防止有害气体积聚。；sampling_and_testing: 采集鼻腔拭子、肺组织（如有病死猪）或支气管灌洗液送实验室PCR检测，可同时检测M. hyopneumoniae、PRRSV、PCV2及其他常见呼吸道病原体，以明确混合感染情况。；prohibited_boundaries: 在未确诊前，不得随意更换或加大抗生素用量；严禁将疑似病猪与健康猪混群；发现高死亡率或急性暴发时应立即上报当地畜牧兽医部门，按重大动物疫病处置流程执行。,具体休药期需依据所用药物说明书及国家相关规定确定，在检测结果出来前不建议出栏销售。,"{""disease_name"": ""猪支原体肺炎"", ""severity"": ""中等"", ""scene_tags"": [""育肥猪"", ""慢性呼吸道症状"", ""支原体肺炎可疑"", ""混合感染风险""], ""validation_points"": [""症状符合慢性呼吸道疾病特征"", ""用药反应提示非单一敏感菌感染"", ""环境因素（通风差、粪沟异味）加重呼吸道负担""], ""risk_flags"": [""潜在混合感染"", ""环境管理不足"", ""需实验室确诊""], ""case_type"": ""呼吸道采样送检"", ""target_disease"": ""猪支原体肺炎"", ""local_flags"": {""species_ok"": true, ""target_disease_in_diagnosis"": true, ""target_disease_mismatch"": false, ""contains_specific_dose"": false, ""contains_specific_withdrawal"": false, ""regulated_bad_treatment"": false}}",False,False,,,True,False,False,D:\XF-ChongQin\ai-\knowledge\llm_wiki_swine_authoritative,1465,887,"猪支原体肺炎
猪支原体肺炎、mycoplasmosis enzootic pneumonia
呼吸道采样送检
呼吸道症状持续，用药效果不稳定，用户询问采什么样品和如何鉴别混合感染。","{""HUMAN_REVIEWED"": 2, ""NEEDS_REVIEW"": 2}","[""RC-RESP-001"", ""SRC-0001"", ""SRC-0007"", ""SRC-0042"", ""SRC-0043"", ""SRC-0049"", ""SRC-0050"", ""SRC-0058"", ""SRC-0059"", ""SRC-0066"", ""SRC-0069"", ""SRC-0070"", ""SRC-0076"", ""SRC-0086""]",2221,25.69,ERNIE-4.5-Turbo-32K,88,28,18,23,20,False,True,"该回答整体表现良好，诊断准确性较高，症状与疾病匹配合理，诊断逻辑清晰，处方安全且与疾病相互印证，数据质量较高。未发现致命风险。
问题：diagnosis_accuracy: 诊断准确性较高，但未完全覆盖所有可能症状及鉴别诊断的详细分析。；pathology_logic: 病理逻辑合理，但可进一步细化混合感染的鉴别诊断逻辑。；prescription_safety: 处方安全，但休药期承诺不够具体，仅提及依据说明书及规定。；data_quality: 数据质量较高，但场景标签和验证点可更详细。",hunyuan-turbos-20250926,88,9,8,9,8,False,False,"该回答整体表现良好，诊断准确性较高，症状与疾病匹配合理，诊断逻辑清晰，处方安全且与疾病相互印证，数据质量较高。未发现致命风险。
问题：诊断部分未完全覆盖所有可能出现的症状及鉴别诊断的详细分析；病理逻辑虽合理，但对混合感染的鉴别可进一步细化；休药期承诺不够具体，仅笼统提及依据说明书及国家规定",True,ERNIE-4.5-Turbo-32K,True,pass,该回答整体表现良好，诊断准确性较高，症状与疾病匹配合理，诊断逻辑清晰，处方安全且与疾病相互印证，数据质量较高。尽管存在诊断未完全覆盖所有可能症状及鉴别诊断的详细分析、病理逻辑对混合感染的鉴别可进一步细化、休药期承诺不够具体等轻微不足，但不影响整体判断，未发现致命风险。,88.0,28,18,23,20,pass,17.84,95.89,
29e96410-46c1-5ea6-a5c7-70175e7150e0,120,猪放线杆菌败血症,swine_hunyuan_turbos,hunyuan-turbos-20250926,成功,,猪,我家有120头60日龄左右的保育猪，圈舍通风不太好，最近早晚温差大，氨气味也挺重的。前两天有几头开始咳嗽、喘气，精神还行，采食量没明显下降，但今天早上发现一头突然倒地不起、体温高到41℃，皮肤有点发红，怀疑是环境问题还是传染病？,结合病史及临床表现，考虑存在细菌性败血症的可能，尤其要警惕猪放线杆菌败血症（Actinobacillus suis septicemia），该病在保育猪可突发高热、呼吸急促、皮肤红斑甚至猝死，且易与猪丹毒混淆，需要实验室鉴别诊断。同时应排除非洲猪瘟等烈性传染病。,treatment_direction: 立即隔离发病猪，采集血液、组织样本送实验室进行细菌分离鉴定及PCR检测，明确病原；对同栏健康猪加强观察，必要时预防性投喂广谱抗生素并配合支持疗法。；management_measures: 改善圈舍通风，降低氨气浓度，减少昼夜温差刺激；暂停引入新猪，防止交叉感染；全群消毒，重点清洁饮水器与料槽。；sampling_and_testing: 采集发病猪心血、肺脏、脾脏等组织，做细菌培养、革兰染色及分子检测；同时进行ASF、CSF等烈性疫病的快速筛查。；prohibited_boundaries: 在未排除非洲猪瘟等重大动物疫病前，严禁私自屠宰、销售或跨区域调运生猪及相关产品。,因涉及实验室确诊前的防控原则，暂不建议使用任何未经许可的药物，等待检测结果后再制定安全用药方案。,"{""disease_name"": ""猪放线杆菌败血症"", ""severity"": ""高"", ""scene_tags"": [""保育猪"", ""通风不良"", ""温差大"", ""氨气重"", ""急性败血症""], ""validation_points"": [""符合A. suis急性败血症的高热、呼吸异常、皮肤红斑表现"", ""需与猪丹毒及非洲猪瘟等鉴别""], ""risk_flags"": [""疑似重大动物疫病风险"", ""需实验室确诊后方可确定治疗方案""], ""case_type"": ""呼吸道环境诱因"", ""target_disease"": ""猪放线杆菌败血症"", ""local_flags"": {""species_ok"": true, ""target_disease_in_diagnosis"": true, ""target_disease_mismatch"": false, ""contains_specific_dose"": false, ""contains_specific_withdrawal"": false, ""regulated_bad_treatment"": false}}",False,False,,,True,False,False,D:\XF-ChongQin\ai-\knowledge\llm_wiki_swine_authoritative,1465,887,"猪放线杆菌败血症
猪放线杆菌败血症、actinobacillus suis septicemia pleuropneumonia
呼吸道环境诱因
通风差、氨气重或温差大后出现咳嗽喘气，用户想区分环境应激和传染病。","{""HUMAN_RE"": 1, ""HUMAN_REVIEWED"": 2, ""NEEDS_REVIEW"": 2}","[""SRC-0001"", ""SRC-0058"", ""SRC-0064""]",2221,29.93,ERNIE-4.5-Turbo-32K,88,28,18,23,20,False,True,"该回答整体表现良好，诊断方向准确，考虑到了猪放线杆菌败血症的典型症状，并提出了实验室鉴别诊断的建议，同时排除了非洲猪瘟等烈性传染病，体现了较高的诊断准确性。病理逻辑上，回答结合了病史和临床表现，对疾病的突发性和严重性有合理推断。处方安全方面，提出的隔离、采样检测、改善环境等措施安全有效，且明确指出了在未排除重大动物疫病前的禁止行为，符合安全规范。数据质量上，回答内容详实，覆盖了疾病诊断、治疗、管理和采样检测等多个方面。
问题：在病理逻辑方面，虽然考虑到了猪放线杆菌败血症与猪丹毒的混淆可能性，但未详细阐述两者之间的具体鉴别点，略显不足。；数据质量上，虽然内容详实，但部分表述如'加强观察，必要时预防性投喂广谱抗生素'略显笼统，缺乏具体观察指标和抗生素选择依据。",hunyuan-turbos-20250926,88,90,85,95,88,False,False,"回答整体结构完整，诊断思路清晰，能够结合临床症状与环境因素提出合理的怀疑病种，并强调实验室确诊的重要性。处方措施安全合规，未给出具体药物剂量或休药期，避免了用药风险。对重大疫病的安全边界提示到位。不足之处在于病理鉴别细节不够深入，以及部分管理建议较为笼统。
问题：未详细说明猪放线杆菌败血症与猪丹毒的具体鉴别要点，可能影响现场初筛的准确性。；“必要时预防性投喂广谱抗生素”缺乏明确的触发条件和抗生素类别说明，操作性不强。",True,ERNIE-4.5-Turbo-32K,True,pass,回答整体表现良好，诊断方向准确，考虑到了猪放线杆菌败血症的典型症状，并提出了实验室鉴别诊断的建议，同时排除了非洲猪瘟等烈性传染病，体现了较高的诊断准确性。病理逻辑上，回答结合了病史和临床表现，对疾病的突发性和严重性有合理推断。处方安全方面，提出的隔离、采样检测、改善环境等措施安全有效，且明确指出了在未排除重大动物疫病前的禁止行为，符合安全规范。数据质量上，回答内容详实，覆盖了疾病诊断、治疗、管理和采样检测等多个方面。尽管在病理鉴别细节和管理建议的表述上略显不足，但不影响整体诊断和处置方向的安全性和准确性。,88.0,28,18,23,20,pass,20.65,18.01,
7e6935fc-5e4e-5947-9d16-adca12aca51e,292,猪有毒气体与通风失败损伤,swine_hunyuan_turbos,hunyuan-turbos-20250926,成功,,猪,我家有120头育肥猪，平均体重在80公斤左右，圈舍是半封闭式，最近几天天气闷热，我为了降温把风机关了几个小时，还用铲子翻动了粪池。昨天开始有几头猪精神沉郁、呼吸急促、眼睛发红，今天又有几头出现类似情况，还有一头趴着不动。之前这批猪一直吃同一批自配料，没有换过配方。我想知道是不是饲料有问题？还能不能继续喂？另外想送检饲料和病猪样本该怎么操作？,结合病史与环境因素，考虑为粪污分解产生的有害气体（如氨气、硫化氢）在通风不良条件下导致的中毒反应，属于猪有毒气体与通风失败损伤。症状包括呼吸加快、眼结膜充血、精神沉郁，严重者可出现昏迷或死亡。需排除其他急性中毒及传染病可能。,treatment_direction: 立即改善圈舍通风，停止搅动粪池，减少有害气体浓度；将病猪转移至空气新鲜区域观察；对严重病例进行支持性护理，保持呼吸道通畅。；management_measures: 全群检查精神状态与呼吸状况，记录发病数量与分布；暂停使用当前饲料批次，封存备用；加强圈舍清洁与通风设施维护，防止再次积聚有害气体。；sampling_and_testing: 采集病猪血液、肺组织及粪便样品送实验室检测，同时留取剩余饲料、原料及饮水样送检，排查霉菌毒素及其他化学污染物。；contraindications_boundary: 严禁在未查明原因前继续使用可疑饲料；发现大量死亡或群体性异常时，应按规定向当地畜牧兽医部门报告，不得擅自处置病死猪。,因属环境中毒事件，无特定药物休药期，但须确保环境恢复安全后方可恢复正常饲养。,"{""disease_name"": ""猪有毒气体与通风失败损伤"", ""severity"": ""中等至重度（视暴露时间与浓度而定）"", ""scene_tags"": [""育肥猪"", ""通风不良"", ""粪污搅动"", ""有害气体暴露""], ""validation_points"": [""症状符合有害气体中毒特征"", ""环境史提示通风中断与粪池搅动"", ""需通过环境改善与支持疗法缓解""], ""risk_flags"": [""群体暴露风险高"", ""潜在饲料污染需排除"", ""存在突发死亡风险""], ""case_type"": ""中毒处置边界"", ""target_disease"": ""猪有毒气体与通风失败损伤"", ""local_flags"": {""species_ok"": true, ""target_disease_in_diagnosis"": true, ""target_disease_mismatch"": false, ""contains_specific_dose"": false, ""contains_specific_withdrawal"": false, ""regulated_bad_treatment"": false}}",False,False,,,True,False,False,D:\XF-ChongQin\ai-\knowledge\llm_wiki_swine_authoritative,1465,887,"猪有毒气体与通风失败损伤
猪有毒气体与通风失败损伤、toxic gases ventilation failure
中毒处置边界
用户想知道是否继续饲喂可疑饲料、怎样送检饲料和病料。","{""NEEDS_REVIEW"": 2, ""PROCESSED_SOURCE_ANCHORED"": 3}","[""SRC-0001"", ""SRC-0086""]",2171,26.28,ERNIE-4.5-Turbo-32K,90,28,18,24,20,False,True,"该回答整体表现良好，诊断准确，逻辑清晰，处理方向安全，数据质量较高。诊断结合了病史与环境因素，准确判断为猪有毒气体与通风失败损伤，症状描述与环境史分析合理。处理方向包括改善通风、转移病猪、支持性护理等，安全且有效。数据质量方面，提供了详细的场景标签和验证点，有助于理解案例背景。
问题：诊断准确性方面，虽然整体判断正确，但未完全排除其他急性中毒及传染病可能，略显不足。病理逻辑上，对症状与环境因素之间的关联分析可更深入。处方安全性上，未提及具体支持性护理措施，如氧气供应等。数据质量上，风险标志的描述可更具体，如明确突发死亡风险的具体情境。",hunyuan-turbos-20250926,85,85,85,90,85,False,False,该数据整体真实可信，场景符合实际养殖管理中的常见风险，诊断基于明确的通风中断与粪池扰动史，症状与有毒气体中毒高度吻合，并提示排除其他急性中毒与传染病，逻辑链条完整。处理方案涵盖环境改善、病猪隔离与支持性护理，并强调禁止继续使用可疑饲料及及时上报，安全措施充分。不足之处在于未深入细化支持性护理细节，也未明确突发死亡风险的触发条件，但无致命缺陷。,True,ERNIE-4.5-Turbo-32K,True,pass,诊断结合病史与环境因素，准确判断为猪有毒气体与通风失败损伤，症状描述与环境史分析合理，处理方向包括改善通风、转移病猪、支持性护理等，安全且有效，虽未完全排除其他急性中毒及传染病可能，未深入细化支持性护理细节，也未明确突发死亡风险的具体情境与预警阈值，但整体逻辑链条完整，安全措施充分，无致命缺陷，数据质量较高。,88.0,28,18,24,20,pass,17.11,21.46,
37636c8c-a0d4-54a1-b88e-2b8c7d6638f1,221,猪流行性腹泻,swine_hunyuan_turbos,hunyuan-turbos-20250926,成功,,猪,我家有120头母猪，现在产房里刚出生7天左右的仔猪陆续出现拉稀，粪便像水一样，有的已经脱水站不起来，吃奶也少了，昨天一天死了三四头，产房温度一直保持在28度左右，之前没用过什么药，这种情况是啥原因？该怎么处理？,根据描述，7日龄左右仔猪出现急性水样腹泻、脱水及死亡，结合季节性和群体性特点，高度怀疑为猪流行性腹泻（PED）。该病由猪流行性腹泻病毒引起，传染性强，对新生仔猪致死率高，主要通过粪口途径传播，也可通过人员、器具等间接传播。,treatment_direction: 目前无特效抗病毒药物，应以支持疗法为主，包括补液防脱水、维持体温、减少继发感染。；management_measures: 立即将发病仔猪与健康仔猪隔离，加强产房消毒（使用有效消毒剂），限制人员流动，防止交叉感染；保证仔猪及时吃到初乳，提高抵抗力；保持适宜温湿度，避免冷应激。；sampling_testing: 采集病死仔猪肠道内容物或肠系膜淋巴结送实验室进行PEDV核酸检测或抗原检测，以确诊并排除其他病毒性腹泻（如TGE、轮状病毒等）。；prohibited_boundaries: 严禁自行使用未经批准的兽药或人用药品；发现疫情应立即向当地动物防疫部门报告，不得擅自出售、运输病猪及其产品。,因无特定药物治疗，不涉及休药期问题；若后续使用抗生素控制继发感染，应遵守相应药物的停药规定。,"{""disease_name"": ""猪流行性腹泻"", ""severity"": ""高"", ""scene_tags"": [""哺乳仔猪"", ""群体发病"", ""急性水样腹泻"", ""高死亡率""], ""validation_points"": [""符合PEDV在新生仔猪中的典型临床表现"", ""强调生物安全与隔离措施的重要性"", ""建议实验室确诊以指导防控""], ""risk_flags"": [""高传染性"", ""新生仔猪高致死率"", ""需上报动物防疫部门""], ""case_type"": ""腹泻群体发病"", ""target_disease"": ""猪流行性腹泻"", ""local_flags"": {""species_ok"": true, ""target_disease_in_diagnosis"": true, ""target_disease_mismatch"": false, ""contains_specific_dose"": false, ""contains_specific_withdrawal"": false, ""regulated_bad_treatment"": false}}",False,False,,,True,False,False,D:\XF-ChongQin\ai-\knowledge\llm_wiki_swine_authoritative,1465,887,"猪流行性腹泻
猪流行性腹泻、porcine epidemic diarrhea virus、PED、PEDV
腹泻群体发病
同窝或同栏出现水样腹泻、脱水、采食下降，用户想知道主要病因和紧急处理。","{""HUMAN_REVIEWED"": 2, ""NEEDS_REVIEW"": 2}","[""A0-MOA-573"", ""A2-EFSA-PED-PDCOV-OPINION"", ""SRC-0001"", ""SRC-0037"", ""SRC-0063""]",2221,26.02,ERNIE-4.5-Turbo-32K,90,28,18,24,20,False,True,"整体回答质量较高，诊断准确，处理方向安全，数据质量良好，无明显致命风险。
问题：diagnosis_accuracy: 诊断部分未完全覆盖所有可能的鉴别诊断，如未明确排除其他病毒性腹泻（如TGE、轮状病毒等），尽管在采样检测部分提及，但诊断部分应更全面。；pathology_logic: 病理逻辑部分对传播途径和防控措施的描述较为全面，但对疾病病理机制的阐述略显不足。；data_quality: 数据质量部分，场景标签和验证点较为全面，但风险标志部分可进一步细化，如明确人兽共患风险（尽管PED主要影响猪，但需注意人员防护）。",hunyuan-turbos-20250926,85,80,80,95,85,True,False,该回答诊断基本准确，针对猪流行性腹泻的流行特征、临床表现和防控要点描述合理，处理措施安全且符合规范，未发现危险用药或违规操作建议。不足之处在于诊断部分未充分列出需鉴别的其他病毒性腹泻病因，病理机制解释不够深入，风险提醒可更细致。,True,ERNIE-4.5-Turbo-32K,True,pass,整体回答质量较高，诊断基本准确，处理方向安全且符合规范，尽管在鉴别诊断和病理机制说明方面存在轻微不足，但不影响整体数据可用性。,88.0,28,18,24,20,pass,17.45,18.3,
af3fdae9-7ca9-587e-abf3-57de82c8b7f9,294,猪流行性腹泻,swine_hunyuan_turbos,hunyuan-turbos-20250926,成功,,猪,我家是200头左右保育到育肥阶段的猪，现在大概40-80公斤，最近一周陆续有猪拉水样稀便，有的还带点酸臭味，体温正常或略低，已经用了恩诺沙星和氟苯尼考拌料三天，效果不明显，还有新发病例出现。请问是不是还要继续用抗生素？要不要送样检测？,根据描述，结合保育至育肥猪阶段、水样稀便伴酸臭、常规抗菌药无效且持续有新发病例，高度怀疑为猪流行性腹泻（PEDV）。该病由冠状病毒引起，对哺乳仔猪致死率高，但在保育及育肥阶段多表现为急性腹泻，死亡率较低，常呈一过性流行。需要与传染性胃肠炎（TGEV）、轮状病毒、产气荚膜梭菌等引起的腹泻鉴别。,treatment_direction: 本病无特效抗病毒药物，主要采取支持疗法和对症处理，防止继发细菌感染。可补充电解质溶液、葡萄糖水，保持饮水清洁，适当减少饲料量，提高环境温度以减少应激。；management_measures: 立即隔离病猪，加强圈舍保温通风，及时清理粪便，消毒地面和用具，限制人员车辆随意进出病区，避免交叉感染。；sampling_and_testing: 建议采集新鲜粪便样本送至有资质的实验室进行PEDV核酸检测或抗原检测，同时可做细菌培养排除细菌性腹泻，以便确诊和指导后续防控。；prohibited_boundaries: 严禁使用未经批准的兽药或超范围用药；发现疫情应按规定向当地畜牧兽医部门报告，不得擅自销售或转运病猪。,因未使用特定治疗药物，暂无明确休药期要求；若曾使用抗菌药，应按所用药品说明执行相应休药期后方可出栏。,"{""disease_name"": ""猪流行性腹泻"", ""severity"": ""中等（保育至育肥阶段多为轻症，但传播快）"", ""scene_tags"": [""保育猪"", ""育肥猪"", ""腹泻"", ""水样便"", ""抗生素治疗无效""], ""validation_points"": [""符合PEDV在保育育肥阶段的临床表现"", ""抗菌药无效提示病毒性病因可能性大"", ""建议送检以明确诊断""], ""risk_flags"": [""需警惕疫情扩散"", ""需按法规报告疑似重大疫病""], ""case_type"": ""腹泻用药咨询"", ""target_disease"": ""猪流行性腹泻"", ""local_flags"": {""species_ok"": true, ""target_disease_in_diagnosis"": true, ""target_disease_mismatch"": false, ""contains_specific_dose"": false, ""contains_specific_withdrawal"": false, ""regulated_bad_treatment"": false}}",False,False,,,True,False,False,D:\XF-ChongQin\ai-\knowledge\llm_wiki_swine_authoritative,1465,887,"猪流行性腹泻
猪流行性腹泻、porcine epidemic diarrhea virus、PED、PEDV
腹泻用药咨询
猪群腹泻后已用过常见抗菌药效果一般，用户询问是否继续用药以及是否需要送检。","{""HUMAN_REVIEWED"": 2, ""NEEDS_REVIEW"": 2}","[""A0-MOA-573"", ""A2-EFSA-PED-PDCOV-OPINION"", ""SRC-0001"", ""SRC-0037"", ""SRC-0063""]",2221,27.62,ERNIE-4.5-Turbo-32K,90,28,18,24,20,False,True,"该回答在诊断准确性、病理逻辑、处方安全性和数据质量方面表现良好，整体符合猪流行性腹泻的测试数据要求，无致命风险，通过评估。
问题：诊断准确性方面，虽然高度怀疑猪流行性腹泻，但未完全排除其他类似疾病的可能性，如传染性胃肠炎（TGEV）、轮状病毒等，诊断描述可更全面。；病理逻辑方面，对疾病传播特点和保育育肥阶段的表现描述可更详细，以增强逻辑性。；数据质量方面，场景标签和验证点较为全面，但风险标志可更具体地指出人兽共患风险（尽管猪流行性腹泻人兽共患风险低，但一般病毒病需考虑此点）和具体防疫措施的合规性。",hunyuan-turbos-20250926,85,4,4,5,4,False,False,该数据场景真实，用户描述的保育至育肥猪群出现水样稀便、酸臭味、抗菌药无效且有新发病例，与猪流行性腹泻的典型特征相符。诊断部分准确识别了PEDV并提示与其他病毒性腹泻鉴别，病理逻辑合理，处理方案以对症和支持治疗为主，强调隔离、消毒、送检等措施，安全性高，未发现危险建议。不足之处在于诊断虽提及鉴别诊断，但细节不够充分，对保育育肥阶段PEDV流行特点的描述可更细化，数据质量中风险提醒可更具体。,True,ERNIE-4.5-Turbo-32K,True,pass,该回答在诊断准确性、病理逻辑、处方安全性和数据质量方面整体表现良好，诊断部分准确识别了猪流行性腹泻并提示与其他病毒性腹泻鉴别，病理逻辑合理，处理方案以对症和支持治疗为主，强调隔离、消毒、送检等措施，安全性高，未发现危险建议。尽管在鉴别诊断细节、保育育肥阶段PEDV流行特点描述、风险提醒等方面存在轻微不足，但不影响整体判断，可通过评估。,88.0,28,18,24,20,pass,17.56,21.91,
78bab506-1857-531a-89ac-4deb33bee1b2,75,猪流行性腹泻,swine_hunyuan_turbos,hunyuan-turbos-20250926,成功,,猪,我家有120头母猪，现在产房里10日龄左右的仔猪陆续出现拉黄色稀粪，有的带点酸臭味，吃奶正常但精神稍差，已经死了3头。保育舍20多斤的小猪也有个别拉稀，但不严重。之前用过恩诺沙星拌料，效果不明显。请问这是病毒性还是细菌性的？要不要马上送检？,根据日龄、粪便性状及群发情况，高度怀疑为猪流行性腹泻（PEDV），同时需排除大肠杆菌、轮状病毒、梭菌等病因。PEDV 常在哺乳仔猪中引起急性水样腹泻，传播快，死亡率高，且抗生素治疗无效。当前病例符合病毒性腹泻特征，建议尽快采集新鲜粪便送实验室检测确诊。,treatment_direction: 无特效抗病毒药物，主要采取支持疗法防止继发细菌感染，如补液、保温、减少应激。；management_measures: 立即隔离发病栏位，加强消毒，暂停人员、工具随意流动；对未发病猪群进行紧急营养支持和环境管理，提高抵抗力。；sampling_and_testing: 采集发病仔猪的新鲜粪便样本，送具备资质的兽医实验室进行PEDV、轮状病毒、大肠杆菌等多病原检测，明确病原类型。；prohibited_boundaries: 严禁使用未经批准的兽药或人用药品替代治疗；发现疑似重大疫病应立即向当地畜牧兽医部门报告，不得擅自销售、转运病死猪。,因无特定药物治疗，不涉及药物休药期问题；若后续使用抗生素控制继发感染，应遵守相应药物的停药期规定。,"{""disease_name"": ""猪流行性腹泻"", ""severity"": ""高"", ""scene_tags"": [""哺乳仔猪"", ""水样腹泻"", ""群发"", ""死亡""], ""validation_points"": [""日龄集中在10日龄左右，符合PEDV高发期"", ""粪便呈黄色稀便，伴酸臭味，提示病毒性腹泻可能"", ""抗生素治疗无效，进一步支持非细菌性病因""], ""risk_flags"": [""疑似重大动物疫病"", ""需及时送检确诊"", ""潜在快速传播风险""], ""case_type"": ""腹泻采样送检"", ""target_disease"": ""猪流行性腹泻"", ""local_flags"": {""species_ok"": true, ""target_disease_in_diagnosis"": true, ""target_disease_mismatch"": false, ""contains_specific_dose"": false, ""contains_specific_withdrawal"": false, ""regulated_bad_treatment"": false}}",False,False,,,True,False,False,D:\XF-ChongQin\ai-\knowledge\llm_wiki_swine_authoritative,1465,887,"猪流行性腹泻
猪流行性腹泻、porcine epidemic diarrhea virus、PED、PEDV
腹泻采样送检
用户描述粪便性状、日龄和病程，重点询问如何鉴别病毒性、细菌性或寄生虫性腹泻。","{""HUMAN_REVIEWED"": 2, ""NEEDS_REVIEW"": 2}","[""A0-MOA-573"", ""RC-DIARRHEA-001"", ""SRC-0001"", ""SRC-0037"", ""SRC-0052"", ""SRC-0062"", ""SRC-0063"", ""SRC-0064"", ""SRC-0071"", ""SRC-0072"", ""SRC-0073"", ""SRC-0077"", ""SRC-0081""]",2221,30.64,ERNIE-4.5-Turbo-32K,88,28,18,23,20,False,True,"整体回答质量较高，诊断准确性、病理逻辑、处方安全性和数据质量均表现良好，无明显致命风险，符合通过标准。
问题：diagnosis_accuracy: 诊断准确性较高，但未完全覆盖所有可能的鉴别诊断（如梭菌性肠炎的详细排除依据不足）。；pathology_logic: 病理逻辑基本合理，但对轮状病毒与PEDV的鉴别要点描述不够深入。；prescription_safety: 处方安全性良好，但紧急营养支持的具体措施（如电解质补充方案）未明确。；data_quality: 数据质量较高，但场景标签中‘死亡’的严重性未在回答中充分量化（如死亡率范围）。",hunyuan-turbos-20250926,88,85,85,90,88,False,False,"回答整体准确、逻辑清晰，能结合临床症状与流行病学特点做出合理诊断，并给出明确的采样与送检建议，处方方向安全合规，未发现危险建议。不足之处在于部分鉴别诊断细节不够深入，以及缺乏更具体的支持疗法操作说明。
问题：鉴别诊断中对梭菌性肠炎等的排除依据不足；轮状病毒与PEDV的鉴别要点描述不够细致；支持疗法中的具体措施（如补液配方）未细化",True,ERNIE-4.5-Turbo-32K,True,pass,整体回答质量较高，诊断准确性、病理逻辑、处方安全性和数据质量均表现良好，无明显致命风险。诊断部分虽未完全覆盖所有可能的鉴别诊断，但对主要病原的判断合理；病理逻辑基本清晰，处方方向安全合规，采样与送检建议明确。不足之处在于部分鉴别诊断细节不够深入，支持疗法具体措施未细化，但不影响整体方向，符合通过标准。,88.0,28,18,23,20,pass,20.7,15.78,
7684aca8-769b-5ecb-905e-1ba9cbf79830,69,猪玉米赤霉烯酮中毒,swine_hunyuan_turbos,hunyuan-turbos-20250926,成功,,猪,我家是300头基础母猪的种猪场，最近有七八头怀孕80多天的母猪陆续流产，还有两头公猪性欲明显下降、精液稀薄。饲料一直用自配料，前段时间下雨潮湿，怀疑玉米可能发霉了。想问这是不是传染病？还能不能继续配种？,根据描述，结合近期饲料原料受潮情况，应考虑猪玉米赤霉烯酮中毒的可能。ZEA为具有雌激素样作用的霉菌毒素，可导致母猪阴户红肿、假孕、流产倾向增加及公猪精液质量下降等繁殖障碍表现。需排除猪繁殖与呼吸综合征、伪狂犬病、细小病毒病等传染性疾病。,treatment_direction: 立即停喂可疑饲料，更换新鲜无霉变原料，并加强饲料储存防潮措施。对受影响母猪进行临床观察，记录发情周期变化。；management_measures: 全群调整饲料配方，添加脱毒剂或吸附剂以减少毒素吸收；改善圈舍通风干燥条件，减少应激。；sampling_submission: 采集剩余饲料样品送实验室检测ZEA含量；同时采集流产胎儿组织、血液样本做病原学筛查（PRRSV、PRV、PPV等），明确是否为混合因素所致。；prohibited_boundaries: 在病因未明前，禁止将疑似中毒母猪或公猪与其他健康猪混群交配或转群，防止潜在传染或毒素扩散。,因属中毒性病因，无特定药物休药期，但应待饲料更换、毒素清除且母猪恢复稳定发情后再考虑配种。,"{""disease_name"": ""猪玉米赤霉烯酮中毒"", ""severity"": ""中等偏重"", ""scene_tags"": [""种猪场"", ""饲料污染"", ""繁殖障碍"", ""公猪精液异常""], ""validation_points"": [""ZEA具有雌激素样作用，可引起母猪阴户肿胀、流产倾向及公猪精液质量下降"", ""饲料原料受潮霉变是主要暴露途径"", ""需通过饲料检测和病原学排查区分中毒与传染性繁殖障碍""], ""risk_flags"": [""饲料安全"", ""繁殖性能下降"", ""潜在混合感染""], ""case_type"": ""种猪繁殖障碍"", ""target_disease"": ""猪玉米赤霉烯酮中毒"", ""local_flags"": {""species_ok"": true, ""target_disease_in_diagnosis"": true, ""target_disease_mismatch"": false, ""contains_specific_dose"": false, ""contains_specific_withdrawal"": false, ""regulated_bad_treatment"": false}}",False,False,,,True,False,False,D:\XF-ChongQin\ai-\knowledge\llm_wiki_swine_authoritative,1465,887,"猪玉米赤霉烯酮中毒
猪玉米赤霉烯酮中毒、zearalenone toxicosis
种猪繁殖障碍
种猪场出现流产、死胎、返情或公猪异常，用户担心传染病和是否继续配种。","{""HUMAN_REVIEWED"": 2, ""NEEDS_REVIEW"": 2, ""PROCESSED_SOURCE_ANCHORED"": 1}","[""SRC-0001"", ""SRC-0025"", ""SRC-0085""]",2176,35.59,ERNIE-4.5-Turbo-32K,88,28,18,23,20,False,True,"整体回答质量较高，诊断方向准确，病理逻辑合理，处方安全且与疾病相互印证，数据质量良好，无明显致命风险。
问题：diagnosis_accuracy: 诊断准确性较高，但未完全排除所有可能的传染性疾病，如未明确提及蓝耳病、伪狂犬病、细小病毒病的具体排除依据。；pathology_logic: 病理逻辑基本合理，但对ZEA毒素作用机制的描述可更详细，以增强逻辑严谨性。；prescription_safety: 处方安全且合理，但‘禁止混群交配或转群’的建议可更具体，如明确隔离时间和观察指标。；data_quality: 数据质量良好，但‘场景标签’和‘验证点’可更全面，如增加‘饲料检测方法’或‘毒素阈值’等信息。",hunyuan-turbos-20250926,88,85,86,90,87,False,False,"该回答针对用户描述的母猪流产、公猪精液异常等症状，结合饲料受潮背景，提出了玉米赤霉烯酮中毒的可能性，并提示排除常见繁殖障碍类传染病，诊断方向正确，病理逻辑合理，处方建议安全且符合中毒防控原则，未发现危险建议。不足之处在于部分细节不够完善，例如对ZEA作用机制的阐述不足，以及隔离措施缺乏量化标准。
问题：未详细说明ZEA毒素的作用机制及其导致繁殖障碍的具体生理过程；隔离与禁配建议缺少时间节点和观察指标，执行指导性不足；未提供饲料中ZEA的检测方法或参考限值",True,ERNIE-4.5-Turbo-32K,True,pass,整体回答质量较高，诊断方向准确，结合饲料受潮背景提出猪玉米赤霉烯酮中毒的可能性，并提示排除常见繁殖障碍类传染病，病理逻辑合理。处方建议安全且符合中毒防控原则，未发现危险建议。尽管存在部分细节不够完善的问题，例如对ZEA毒素作用机制的阐述不足，以及隔离措施缺乏量化标准，但不影响整体回答的有效性和安全性。,88.0,28,18,23,20,pass,25.26,15.85,
834200cd-a171-5b7c-8c24-4018d2ff7f6f,161,猪疥螨病,swine_hunyuan_turbos,hunyuan-turbos-20250926,成功,,猪,我家有120头育肥猪，现在大概80公斤左右，已经养了快两个月了。最近发现部分猪身上有抓挠、掉毛、皮肤起痂，有些猪明显瘦得比同批的慢，采食量也下降。圈舍比较潮湿，之前没做过驱虫，想问问是不是疥螨引起的？,根据描述，考虑为猪疥螨病可能性大。该病在育肥猪常见，表现为剧烈瘙痒、皮肤结痂、脱毛及生长迟缓，圈舍潮湿、通风不良易诱发。由于皮肤刮片检查存在假阴性，应结合临床表现和群体病史综合判断。,treatment_direction: 使用经批准的体外驱虫药物进行全群驱虫，重点处理病灶部位，必要时重复给药以确保杀灭成虫和幼虫。；management_measures: 改善圈舍卫生条件，保持干燥通风，减少应激；对严重病例隔离饲养，防止继发感染。；sampling_and_testing: 采集典型病变部位的皮肤刮片送实验室镜检，寻找螨虫或虫卵；若结果阴性但临床高度怀疑，可按疥螨病处理并观察疗效。；contraindications_and_boundaries: 严禁在未确诊情况下随意使用禁限用药物；如怀疑其他传染病（如猪痘、葡萄球菌病等），应先排除或并行检测；重大疫情须按当地畜牧部门规定处置。,遵循所用驱虫药物的官方停药期建议，确保上市前药物残留符合标准。,"{""disease_name"": ""猪疥螨病"", ""severity"": ""中等"", ""scene_tags"": [""育肥猪"", ""群体发病"", ""皮肤瘙痒"", ""生长缓慢""], ""validation_points"": [""瘙痒、结痂、脱毛等典型皮肤病变"", ""群体性发生且与环境潮湿相关"", ""皮肤刮片可能假阴性，需结合临床""], ""risk_flags"": [""潜在传染性"", ""影响生产性能""], ""case_type"": ""寄生虫群体发病"", ""target_disease"": ""猪疥螨病"", ""local_flags"": {""species_ok"": true, ""target_disease_in_diagnosis"": true, ""target_disease_mismatch"": false, ""contains_specific_dose"": false, ""contains_specific_withdrawal"": false, ""regulated_bad_treatment"": false}}",False,False,,,True,False,False,D:\XF-ChongQin\ai-\knowledge\llm_wiki_swine_authoritative,1465,887,"猪疥螨病
猪疥螨病、external parasites mange
寄生虫群体发病
猪群出现腹泻、消瘦、皮肤瘙痒或生长慢，用户怀疑寄生虫。","{""HUMAN_REVIEWED"": 4}","[""SRC-0001"", ""SRC-0080""]",2221,30.21,ERNIE-4.5-Turbo-32K,88,28,18,23,20,False,True,"该回答整体表现良好，诊断准确性较高，症状与疾病匹配合理，诊断逻辑清晰，处理方向安全且与疾病相互印证。数据质量方面，虽然存在部分细节可优化，但不影响整体评估。未发现致命风险。
问题：diagnosis_accuracy: 诊断准确性较高，但未完全覆盖所有可能症状，如未明确提及腹泻与疥螨病的直接关联。；pathology_logic: 病理逻辑基本合理，但未详细解释皮肤刮片假阴性的原因及应对措施。；prescription_safety: 处方安全，但未具体说明驱虫药物的名称及剂量，可能影响实际操作。；data_quality: 数据质量良好，但场景标签中'皮肤瘙痒'与'生长缓慢'可进一步细化描述，以增强数据丰富性。",hunyuan-turbos-20250926,88,85,85,90,85,False,False,"该案例场景真实，用户描述的抓挠、掉毛、皮肤结痂、消瘦、采食量下降等症状与猪疥螨病高度吻合，诊断依据充分且考虑了假阴性可能，处理方案包括全群驱虫、环境管理、隔离及采样送检，安全边界明确，无禁用药物或危险建议。不足之处在于未全面列举疥螨病可能的伴随症状，病理机制解释略简略，处方未给出具体药物名称和剂量，但总体不影响安全性与有效性。
问题：诊断部分未完整列出疥螨病可能出现的全部症状（如腹泻等）；病理逻辑中对皮肤刮片假阴性的原因及应对解释不够深入；处方未提供具体驱虫药物名称与剂量，可能影响执行",True,ERNIE-4.5-Turbo-32K,True,pass,该回答整体表现良好，诊断准确性较高，症状与疾病匹配合理，诊断逻辑清晰，处理方向安全且与疾病相互印证。虽然存在部分细节可优化，如未完全覆盖所有可能症状、未详细解释皮肤刮片假阴性的原因及应对措施、未具体说明驱虫药物的名称及剂量，但这些不足不影响整体评估，未发现致命风险。,88.0,28,18,23,20,pass,21.17,15.55,
37ef8188-46a4-5193-93de-b2604317d2ae,479,猪痘,swine_hunyuan_turbos,hunyuan-turbos-20250926,成功,,猪,我家是散养户，存栏大概120头，最近发现20斤左右的仔猪身上有黄豆大小的红色丘疹，有的已经结痂，个别还有轻微发热，精神食欲还行。圈舍比较潮湿，通风一般，之前用过一些外用消毒水，但没见明显好转。想问问这种情况是不是猪痘？该采哪些样品去送检才能确诊？怕误诊耽误治疗。,根据描述，皮肤出现红色丘疹、结痂伴轻度发热，结合圈舍潮湿、卫生条件较差的情况，高度怀疑为猪痘病毒感染。该病在幼龄猪较常见，可由猪虱等机械媒介传播，需通过实验室检测确认。,treatment_direction: 目前无特效抗病毒药物，主要采取支持疗法控制继发感染，改善饲养管理，减少应激。；management_measures: 加强圈舍通风干燥，清除粪便污物，定期驱除体外寄生虫（如猪虱），防止接触可疑病猪。；sampling_for_testing: 采集典型皮肤病变组织（含痂皮及周围健康组织）、部分血液样本送实验室进行PCR检测或病理学检查，必要时补充其他部位样本以提高检出率。；prohibited_boundaries: 严禁自行使用未经验证的兽药或偏方，避免延误诊断和防控；若怀疑重大疫病，应按规定上报主管部门。,本病无特效药物治疗，不涉及特定药物休药期问题。,"{""disease_name"": ""猪痘"", ""severity"": ""中等"", ""scene_tags"": [""幼龄猪"", ""皮肤病变"", ""卫生条件差"", ""潜在虫媒传播""], ""validation_points"": [""皮肤丘疹、结痂伴轻度发热符合猪痘临床特征"", ""圈舍潮湿、通风差增加传播风险"", ""需实验室检测排除其他皮肤病""], ""risk_flags"": [""存在误诊风险"", ""潜在人畜共患病排查需求低"", ""非重大法定疫病""], ""case_type"": ""采样送检咨询"", ""target_disease"": ""猪痘"", ""local_flags"": {""species_ok"": true, ""target_disease_in_diagnosis"": true, ""target_disease_mismatch"": false, ""contains_specific_dose"": false, ""contains_specific_withdrawal"": false, ""regulated_bad_treatment"": false}}",False,False,,,True,False,False,D:\XF-ChongQin\ai-\knowledge\llm_wiki_swine_authoritative,1465,887,"猪痘
猪痘、swinepox virus
采样送检咨询
用户描述症状后，重点询问采什么样品、如何判断和如何避免误治。","{""HUMAN_REVIEWED"": 4}","[""SRC-0009"", ""SRC-0012"", ""SRC-0051""]",2221,29.56,ERNIE-4.5-Turbo-32K,88,28,18,23,20,False,True,"整体回答质量较高，诊断准确性、病理逻辑、处方安全性和数据质量均表现良好，无明显致命风险，符合通过标准。
问题：diagnosis_accuracy: 诊断准确性较高，但未完全覆盖所有可能症状（如未提及食欲变化对诊断的影响）。；pathology_logic: 病理逻辑合理，但未详细解释猪痘与其他皮肤病的鉴别要点。；prescription_safety: 处方安全，但管理措施中未明确驱虫药物的选择和使用频率。；data_quality: 数据质量良好，但场景标签中'潜在虫媒传播'的依据未充分展开。",hunyuan-turbos-20250926,88,高,合理,安全,良好,False,False,回答整体准确且安全，诊断基于典型症状与环境因素，处理措施与管理建议一致，并强调了实验室检测和上报机制，避免了危险用药建议。不足之处在于鉴别诊断细节不足、驱虫措施不够具体以及场景依据未充分展开。,True,ERNIE-4.5-Turbo-32K,True,pass,整体回答质量较高，诊断准确性、病理逻辑、处方安全性和数据质量均表现良好，无明显致命风险。尽管存在鉴别诊断细节不足、驱虫措施不够具体以及场景依据未充分展开等轻微不足，但不影响整体方向和安全性，符合通过标准。,88.0,28,18,23,20,pass,19.72,19.62,
b206db9f-85eb-5159-8219-ce7d02fb9f94,38,猪细小病毒病,swine_hunyuan_turbos,hunyuan-turbos-20250926,成功,,猪,我家有120头能繁母猪，平均胎次在3到4胎之间，最近两个月陆续有10多头母猪产仔数明显减少，有的直接空怀，还有几头怀孕后期流产。之前没用过疫苗，也没做过专门净化，想问下这种情况是不是细小病毒引起的？如果要送检的话应该取什么样本？现在还能继续配种吗？要不要先停一下引种？,根据描述，存在多胎次母猪产仔减少、空怀及晚期流产等表现，符合猪细小病毒病（PPV1）引起的繁殖障碍特征。该病主要通过垂直传播感染胚胎或胎儿，导致死胎、木乃伊胎或流产。需结合实验室检测排除其他繁殖障碍病因如蓝耳病、伪狂犬病、乙脑等。,建议立即停止配种和引进新种猪，防止病原扩散；对发病母猪进行隔离观察，加强圈舍通风干燥管理，减少应激；采集流产胎儿组织、胎盘液、血清等送实验室检测PPV1及其他常见繁殖障碍病原；在未确诊前不宜盲目使用抗病毒药物或激素干预；若确诊为PPV1感染，可依据检测结果制定免疫计划，并在全群稳定后再恢复配种。,无特定休药期说明，但应在病原清除或免疫稳定后，经兽医评估再恢复配种和引种。,"{""disease_name"": ""猪细小病毒病"", ""severity"": ""中等至严重（可导致显著繁殖损失）"", ""scene_tags"": [""繁殖障碍"", ""流产"", ""空怀"", ""垂直传播""], ""validation_points"": [""症状与PPV1垂直传播导致的胚胎死亡一致"", ""多发于未免疫的能繁母猪群"", ""需通过实验室检测确认病原""], ""risk_flags"": [""可能伴随其他繁殖障碍病原混合感染"", ""未经控制易在群内持续传播""], ""case_type"": ""繁殖障碍送检"", ""target_disease"": ""猪细小病毒病"", ""local_flags"": {""species_ok"": true, ""target_disease_in_diagnosis"": true, ""target_disease_mismatch"": false, ""contains_specific_dose"": false, ""contains_specific_withdrawal"": false, ""regulated_bad_treatment"": false}}",False,False,,,True,False,False,D:\XF-ChongQin\ai-\knowledge\llm_wiki_swine_authoritative,1465,887,"猪细小病毒病
猪细小病毒病、parvoviruses
繁殖障碍送检
繁殖异常持续出现，用户询问该采哪些样品、是否需要暂停配种和引种。","{""HUMAN_REVIEWED"": 3, ""NEEDS_REVIEW"": 2}","[""A0-MOA-573"", ""SRC-0001"", ""SRC-0045""]",2087,33.01,ERNIE-4.5-Turbo-32K,88,28,18,23,20,False,True,"该回答整体上对猪细小病毒病的诊断、处理方向和安全措施进行了较为准确的描述，符合测试数据有效性的要求。诊断准确性较高，病理逻辑合理，处方安全，数据质量较好，无明显致命风险。
问题：diagnosis_accuracy: 诊断中虽然提到了需要排除其他繁殖障碍病因，但未详细说明如何具体鉴别，例如蓝耳病、伪狂犬病、乙脑等，可能影响诊断的全面性。；pathology_logic: 病理逻辑部分对垂直传播的描述较为准确，但对其他传播途径或可能的环境因素未作说明，逻辑稍显单一。；prescription_safety: 处方中建议停止配种和引种、隔离观察等措施较为安全，但未明确说明如何处理已发病母猪的具体方案，例如是否需要淘汰或治疗。；data_quality: 数据质量较好，但场景标签和验证点可以更详细，例如增加具体的临床症状描述或实验室检测方法。；withdrawal_period: 未提供具体的休药期承诺，但根据疾病特性，此点不构成致命风险。",hunyuan-turbos-20250926,88,85,85,90,88,False,False,"该回答整体符合猪细小病毒病的诊断和处理原则，场景真实且症状与目标疾病匹配，诊断与处理方向一致，并提出了必要的生物安全措施，未发现危险建议。不足之处在于鉴别诊断细节不足、传播途径说明不够全面、对已发病母猪的处理方案不够细化。
问题：未详细说明如何鉴别蓝耳病、伪狂犬病、乙脑等其他繁殖障碍病因；对猪细小病毒的其他传播途径和环境因素解释不足；未明确已发病母猪的具体处置方案（如淘汰或治疗）",True,ERNIE-4.5-Turbo-32K,True,pass,该回答整体符合猪细小病毒病的诊断和处理原则，诊断准确性较高，病理逻辑合理，处方安全，未发现危险建议。尽管存在鉴别诊断细节不足、传播途径说明不够全面、对已发病母猪的处理方案不够细化等轻微不足，但不影响整体判断，数据质量较好，符合测试数据有效性的要求。,88.0,28,18,23,20,pass,23.6,16.43,
10489112-9682-55fa-ab59-448e8f8e1ea8,280,猪蛔虫病,swine_hunyuan_turbos,hunyuan-turbos-20250926,成功,,猪,我家有200头育肥猪，平均体重60公斤左右，最近有几头出现精神沉郁、采食量下降，粪便里偶尔能看到白色长条状的东西，怀疑是蛔虫。圈舍地面是水泥的，平时清粪还算及时，但通风一般，氨味有点大。想问下这种情况是不是要全群打虫？环境方面还需要做哪些处理？多久后再检查一次比较合适？之前没用过驱虫药。,根据描述，结合粪便中可见白色长条物及部分猪精神差、食欲下降，高度怀疑为猪蛔虫病（Ascaris suum）。该病在育肥猪中较常见，可通过剖检小肠发现成虫确诊，也可通过粪便镜检虫卵辅助判断。需注意与其他肠道寄生虫或消化系统疾病鉴别。,treatment_direction: 建议联系执业兽医制定驱虫方案，选择适合育肥猪阶段的驱虫药物，按规程使用。；management_measures: 加强圈舍通风，降低氨气浓度；保持地面清洁干燥，定期清扫粪便并集中无害化处理；减少猪群密度，防止交叉感染；新引进猪只应隔离观察并进行驱虫。；sampling_and_testing: 可在驱虫前后采集粪便样本进行虫卵检测，评估驱虫效果；必要时进行剖检以直接观察成虫。；prohibited_boundaries: 不得自行随意更换或超范围使用驱虫药；不得使用未经批准的兽药；不得忽视环境改善仅依赖药物治疗。,具体休药期和停药时间须依据所用驱虫药的说明书及兽医指导确定，严禁在休药期内屠宰上市。,"{""disease_name"": ""猪蛔虫病"", ""severity"": ""中等"", ""scene_tags"": [""育肥猪"", ""寄生虫病"", ""环境管理"", ""全群防控""], ""validation_points"": [""症状与猪蛔虫成虫排出相符"", ""环境管理可降低再感染风险"", ""驱虫需专业指导""], ""risk_flags"": [""潜在全群感染"", ""环境氨气高影响呼吸道防御""], ""case_type"": ""驱虫和环境管理"", ""target_disease"": ""猪蛔虫病"", ""local_flags"": {""species_ok"": true, ""target_disease_in_diagnosis"": true, ""target_disease_mismatch"": false, ""contains_specific_dose"": false, ""contains_specific_withdrawal"": false, ""regulated_bad_treatment"": false}}",False,False,,,True,False,False,D:\XF-ChongQin\ai-\knowledge\llm_wiki_swine_authoritative,1465,887,"猪蛔虫病
猪蛔虫病、ascaris suum internal parasites
驱虫和环境管理
用户询问是否需要全群处理、环境清理和复查方式。","{""HUMAN_REVIEWED"": 3, ""NEEDS_REVIEW"": 2}","[""SRC-0001"", ""SRC-0026"", ""SRC-0082""]",2091,24.89,ERNIE-4.5-Turbo-32K,88,28,18,23,20,False,True,"整体回答质量较高，诊断准确性、处方安全性和数据质量均表现良好，病理逻辑部分略有不足但不影响整体判断。无致命风险，符合通过标准。
问题：病理逻辑部分对鉴别诊断的描述不够详细，仅提到需与其他肠道寄生虫或消化系统疾病鉴别，但未具体说明鉴别要点。；数据质量部分，虽然场景标签和验证点较为全面，但风险标志的描述略显简单，未充分展开环境氨气高对呼吸道防御的具体影响。",hunyuan-turbos-20250926,88,90,85,90,88,False,False,该回答整体质量较高，诊断准确，处方安全且包含必要的管理建议，无明显致命风险。病理逻辑中对鉴别诊断的描述稍显笼统，可进一步细化；数据质量方面对环境风险的解释可以更深入。,True,ERNIE-4.5-Turbo-32K,True,pass,整体回答质量较高，诊断准确，处方安全且包含必要的管理建议，无明显致命风险。病理逻辑中对鉴别诊断的描述稍显笼统，数据质量中对环境风险的解释可以更深入，但不影响整体判断。,88.0,28,18,23,20,pass,16.64,13.06,
dd134bea-d4e0-5910-abdd-b3a1d041eb0a,1,非洲猪瘟,swine_hunyuan_turbos,hunyuan-turbos-20250926,成功,,猪,我家有120头保育猪，现在70天左右，这几天有几头突然不吃料，体温升高到41度多，有的还拉带血的稀粪，精神沉郁，呼吸有点急促，圈舍通风一般，之前用过氟苯尼考拌料防过呼吸道病，这种情况是不是传染病？该咋办？,根据描述的高热、采食下降、便血、呼吸急促等症状，结合保育猪群体发病特点，高度怀疑为非洲猪瘟病毒感染。该病可引起急性发热、全身出血性病变，尤其脾脏显著肿大、淋巴结出血、肾脏点状出血等特征性病理变化。,立即停止场内任何猪只调运和出售，对出现症状的猪进行隔离观察，采集血样、组织样本送有资质的实验室进行非洲猪瘟PCR检测；加强场区消毒，限制人员车辆流动，防止交叉感染；严禁使用未经批准的疫苗或药物替代防控；如确诊，应严格按照当地畜牧兽医主管部门要求进行扑杀、无害化处理及流行病学调查。,因涉及重大动物疫病，无常规休药期概念，须按官方扑杀和无害化处理措施执行。,"{""disease_name"": ""非洲猪瘟"", ""severity"": ""极高"", ""scene_tags"": [""保育猪"", ""群体发病"", ""高热"", ""便血"", ""呼吸急促""], ""validation_points"": [""高热超过40℃且持续不退"", ""便血或血便"", ""脾脏肿大、淋巴结出血等典型病变"", ""群体同时发病""], ""risk_flags"": [""重大动物疫病"", ""高传染性"", ""无有效治疗药物""], ""case_type"": ""保育猪群体发病"", ""target_disease"": ""非洲猪瘟"", ""local_flags"": {""species_ok"": true, ""target_disease_in_diagnosis"": true, ""target_disease_mismatch"": false, ""contains_specific_dose"": false, ""contains_specific_withdrawal"": false, ""regulated_bad_treatment"": false}}",False,False,,,True,False,False,D:\XF-ChongQin\ai-\knowledge\llm_wiki_swine_authoritative,1465,887,"非洲猪瘟
非洲猪瘟、african swine fever virus、ASF、African swine fever
保育猪群体发病
群体发病、采食下降、粪便或呼吸道异常，用户想知道主要病因和下一步处理。","{""HUMAN_REVIEW"": 1, ""HUMAN_REVIEWED"": 2}","[""SRC-0001"", ""SRC-0031""]",2221,33.63,ERNIE-4.5-Turbo-32K,90,28,18,25,19,False,True,"整体回答质量较高，诊断准确，处理方向安全，符合非洲猪瘟的防控要求。诊断依据充分，症状与疾病匹配度高，处理措施符合重大疫病防控规范。数据质量方面，症状描述和场景标签较为全面，但缺乏部分关键症状的详细描述。
问题：diagnosis_accuracy: 诊断准确度较高，但未明确提及非洲猪瘟的典型病理变化（如脾脏肿大、淋巴结出血等）在诊断中的重要性，略显不足。；pathology_logic: 病理逻辑基本合理，但未详细解释症状与疾病之间的因果关系，尤其是便血和呼吸急促的病理机制。；data_quality: 数据质量较好，但用户查询中未提及脾脏肿大等关键症状，回答中未补充说明如何通过其他症状推断非洲猪瘟，略显依赖用户描述的完整性。",hunyuan-turbos-20250926,85,80,75,95,80,False,False,"回答总体准确且安全，针对非洲猪瘟这一重大疫病的处置方案符合官方防控要求，避免了危险用药建议，并强调了送检与扑杀等措施。但在诊断细节上缺少对典型病理变化的强调，病理机制解释不够深入，且对用户输入信息不足的补充说明较少。
问题：未明确强调非洲猪瘟典型病理变化（如脾脏肿大、淋巴结出血）在诊断中的关键作用。；缺乏对便血、呼吸急促等症状与非洲猪瘟之间因果关系的详细解释。；对用户未提供的关键症状（如脾脏肿大）没有做进一步推断或提示。",True,ERNIE-4.5-Turbo-32K,True,pass,整体回答质量较高，诊断方向准确，处理措施符合非洲猪瘟的防控要求，安全性高。尽管在诊断细节上对典型病理变化的强调和病理机制的解释略有不足，但不影响整体判断，且未发现危险或明显错误的内容。,88.0,28,18,25,19,pass,20.07,17.24,
0d4a9714-0c52-50e3-9c54-2a7fcc5e2b23,341,仔猪梭菌性肠炎,swine_hunyuan_turbos,hunyuan-turbos-20250926,成功,,猪,我家有200头左右母猪，现在有一批刚出生10天的仔猪，大概50多头，最近两天陆续出现拉稀，粪便呈黄色水样，有的带点血丝，精神差、吃奶少，个别已经脱水站不稳了。圈舍温度一直保持在28度左右，之前没用过什么药，想问问这是啥原因，该怎么紧急处理？,根据描述，这批10日龄仔猪出现急性水样腹泻伴血便、脱水及采食下降，结合年龄和临床表现，高度怀疑为仔猪梭菌性肠炎（Clostridial diseases），常见病原包括C. perfringens type C、C. difficile等。该病在哺乳期高发，病程急，死亡率高，需尽快采取针对性措施。,treatment_direction: 立即将病猪与健康猪隔离，减少交叉感染；对疑似病例进行补液（口服或腹腔补糖盐水）、纠正脱水，并配合广谱抗生素控制继发感染；同时改善保温条件，适当提高环境温度以减少代谢消耗。；management_measures: 加强圈舍清洁消毒，保持干燥通风；暂停使用可能刺激肠道的饲料添加剂；观察同栏其他仔猪有无类似症状，及时分群管理。；sampling_submission: 采集病死仔猪肠道内容物、血液及粪便送实验室做病原学检测（如PCR鉴定C. perfringens type C、C. difficile等），明确病原以便精准防控。；prohibited_boundaries: 严禁自行使用未经批准的强效抗生素或违禁药物；发现大量死亡或病情快速扩散时，应立即向当地畜牧兽医部门报告，按重大动物疫病处置流程执行。,因涉及重大疫病排查及样品送检，建议暂停出栏销售，直至检测结果明确且疫情稳定后再行安排。,"{""disease_name"": ""仔猪梭菌性肠炎"", ""severity"": ""高致死性"", ""scene_tags"": [""哺乳仔猪"", ""急性腹泻"", ""血便"", ""脱水""], ""validation_points"": [""日龄符合梭菌性肠炎高发期"", ""水样带血便提示毒素损伤"", ""脱水表现支持急性病程""], ""risk_flags"": [""高死亡率"", ""易传播至同栏"", ""需实验室确诊""], ""case_type"": ""腹泻群体发病"", ""target_disease"": ""仔猪梭菌性肠炎"", ""local_flags"": {""species_ok"": true, ""target_disease_in_diagnosis"": true, ""target_disease_mismatch"": false, ""contains_specific_dose"": false, ""contains_specific_withdrawal"": false, ""regulated_bad_treatment"": false}}",False,False,,,True,False,False,D:\XF-ChongQin\ai-\knowledge\llm_wiki_swine_authoritative,1465,887,"仔猪梭菌性肠炎
仔猪梭菌性肠炎、clostridial diseases
腹泻群体发病
同窝或同栏出现水样腹泻、脱水、采食下降，用户想知道主要病因和紧急处理。","{""HUMAN_REVIEWED"": 2, ""NEEDS_REVIEW"": 2}","[""SRC-0001"", ""SRC-0006"", ""SRC-0017"", ""SRC-0062""]",2221,28.67,ERNIE-4.5-Turbo-32K,88,28,18,23,20,False,True,"该回答整体表现良好，诊断准确性较高，症状与疾病匹配合理，处理方向安全且与疾病相互印证。病理逻辑基本清晰，但部分细节可进一步优化。数据质量较高，信息完整且风险标识明确。
问题：诊断准确性方面，虽然高度怀疑仔猪梭菌性肠炎，但未完全排除其他类似疾病（如猪流行性腹泻、轮状病毒感染等），可增加鉴别诊断内容。；病理逻辑方面，对梭菌性肠炎的发病机制（如毒素作用）解释不够深入，可补充相关病理知识。；数据质量方面，场景标签和验证点较为全面，但风险标识中可增加对人兽共患风险的评估（尽管梭菌性肠炎人兽共患风险较低）。",hunyuan-turbos-20250926,85,90,80,90,85,False,False,该案例场景真实，症状与仔猪梭菌性肠炎高度吻合，诊断依据充分，处理方案符合安全规范，包含隔离、补液、环境改善及送检建议，未出现危险用药建议。不足之处在于鉴别诊断不足、病理机制阐述较浅，以及缺少人兽共患病风险评估。,True,ERNIE-4.5-Turbo-32K,True,pass,诊断准确性较高，症状与疾病匹配合理，处理方向安全且与疾病相互印证。尽管存在鉴别诊断不足、病理机制阐述较浅以及缺少人兽共患病风险评估等轻微不足，但整体数据质量较高，信息完整且风险标识明确，不影响整体判断。,87.0,28,18,23,20,pass,20.04,17.2,
f364e69b-b158-5264-a1df-4ca650a644ac,49,仔猪梭菌性肠炎,swine_hunyuan_turbos,hunyuan-turbos-20250926,成功,,猪,我家有120头15日龄左右的哺乳仔猪，这几天陆续有10多头开始拉黄色水样便，精神差、吃奶少，有的还伴有腹部鼓胀，体温测着正常偏低，圈舍湿度大通风一般，之前没用过什么药，这种情况是啥原因？该怎么处理？,根据描述，同窝多只仔猪在15日龄左右出现急性水样腹泻、精神沉郁、采食减少及轻度腹胀，结合日龄和环境条件，高度怀疑为仔猪梭菌性肠炎（Clostridial diseases），常见致病菌包括C. perfringens type C、C. difficile等。该病常在应激、保温不足、卫生条件差的条件下暴发，病程急，死亡率高。需与病毒性腹泻（PEDV/TGEV）、细菌性肠炎（如沙门氏菌）等鉴别。,treatment_direction: 立即隔离病猪，加强保温与干燥管理，提高环境温度以减少代谢消耗；对全群使用广谱抗生素控制梭菌感染（需兽医指导选择）；补充电解质溶液防止脱水；必要时采集新鲜粪便送实验室进行病原鉴定。；management_measures: 改善圈舍通风与保暖，降低湿度；暂停混群饲养，减少交叉感染；及时清理粪污并消毒；保证饮水清洁充足。；sampling_submission: 采集病死猪小肠内容物、粪便样本，送有资质的兽医实验室做病原分离与PCR检测，明确是否为梭菌或其他病原。；prohibited_boundaries: 严禁自行使用未经批准的兽药或超量用药；发现死亡病例应按规定向当地动物防疫部门报告，不得擅自处理尸体。,因涉及重大疫病排查，需按检测结果及官方指导意见执行相应停药与出栏间隔规定，暂不建议出售或屠宰。,"{""disease_name"": ""仔猪梭菌性肠炎"", ""severity"": ""高致死性"", ""scene_tags"": [""哺乳仔猪"", ""群体腹泻"", ""低温潮湿环境"", ""急性病程""], ""validation_points"": [""符合15日龄高发特征"", ""同栏多发支持梭菌传播模式"", ""症状与脱水、腹胀一致""], ""risk_flags"": [""可能为人畜共患病监测对象（需排除沙门氏菌等）"", ""存在重大动物疫病排查需求""], ""case_type"": ""腹泻群体发病"", ""target_disease"": ""仔猪梭菌性肠炎"", ""local_flags"": {""species_ok"": true, ""target_disease_in_diagnosis"": true, ""target_disease_mismatch"": false, ""contains_specific_dose"": false, ""contains_specific_withdrawal"": false, ""regulated_bad_treatment"": false}}",False,False,,,True,False,False,D:\XF-ChongQin\ai-\knowledge\llm_wiki_swine_authoritative,1465,887,"仔猪梭菌性肠炎
仔猪梭菌性肠炎、clostridial diseases
腹泻群体发病
同窝或同栏出现水样腹泻、脱水、采食下降，用户想知道主要病因和紧急处理。","{""HUMAN_REVIEWED"": 2, ""NEEDS_REVIEW"": 2}","[""SRC-0001"", ""SRC-0006"", ""SRC-0017"", ""SRC-0062""]",2221,29.45,ERNIE-4.5-Turbo-32K,88,28,18,24,18,False,True,"整体回答质量较高，诊断准确性、处方安全性和逻辑性均表现良好，数据质量基本满足要求，无明显致命风险。
问题：诊断部分对鉴别诊断的描述稍显简略，未充分展开与其他腹泻疾病的对比分析。；病理逻辑部分对梭菌性肠炎的发病机制和环境诱因的关联性解释不够深入。；数据质量方面，用户查询中的症状描述与疾病特征匹配度较高，但未提及具体体温数值，略显不足。；处方中‘广谱抗生素’的表述稍显模糊，未明确具体药物选择原则。",hunyuan-turbos-20250926,85,90,80,90,80,False,False,该条数据整体真实可信，用户描述的发病情况与仔猪梭菌性肠炎的典型特征相符，诊断思路合理且考虑了鉴别诊断，处方措施符合防控原则，包含必要的生物安全和上报要求，无危险用药建议。但鉴别诊断与环境致病机制的解释可更详细，处方中抗生素选择表述较笼统，缺少对体温等细节的补充。,True,ERNIE-4.5-Turbo-32K,True,pass,整体回答质量较高，诊断准确性、处方安全性和逻辑性均表现良好，无明显致命风险。诊断部分对鉴别诊断的描述稍显简略，对梭菌性肠炎的发病机制和环境诱因的关联性解释不够深入，但不影响整体判断。处方中‘广谱抗生素’的表述稍显模糊，但已提示需兽医指导选择，风险可控。,87.0,28,18,24,18,pass,19.45,14.95,
451c834c-aae5-576c-b4f4-00ae1055d454,269,仔猪水肿病,swine_hunyuan_turbos,hunyuan-turbos-20250926,成功,,猪,我家有120头25日龄左右的保育猪，这几天陆续有几头开始拉水样稀便，精神差、不吃料，有的肚子鼓胀、眼睑和面部有点肿，体温正常偏低，圈舍通风一般，前几天喂过一次土霉素粉拌料，现在想问这是啥病？该怎么处理？,根据描述，考虑为仔猪水肿病（由产Stx2e毒素的致病性大肠杆菌引起）。该病多见于断奶前后仔猪，常表现为急性神经症状、眼睑及面部水肿、水样腹泻、脱水、采食下降等，部分病例体温不高甚至偏低。结合饲养管理条件（应激、饲料变化）和临床症状，高度怀疑本病。,treatment_direction: 立即停喂可疑饲料，改善圈舍通风与保温，提高环境温度以减少冷应激；对尚能饮水个体给予电解质补液防止脱水；减少应激源，避免突然换料或混群。；management_measures: 将病猪与健康猪分群隔离，加强观察；清理并消毒圈舍地面及用具，保持干燥清洁；暂停使用广谱抗生素以防肠道菌群紊乱，除非经实验室确诊需针对性用药。；sampling_submission: 采集病死猪肠内容物、肝、脾等组织送实验室进行细菌分离培养和毒素检测，同时做病理切片检查血管壁病变特征，以明确病原和排除其他类似疾病。；contraindications: 严禁在未确诊情况下随意使用高剂量广谱抗生素；禁止将病猪与健康猪混养；不得随意出售或转移病猪，以免扩散疫情。,因未使用具体药物，无确定休药期；若后续使用抗生素治疗，应依据所用药品说明书执行相应停药期，并在出栏前确保符合食品安全标准。,"{""disease_name"": ""仔猪水肿病"", ""severity"": ""中等至严重（可导致急性死亡）"", ""scene_tags"": [""保育猪"", ""水样腹泻"", ""面部水肿"", ""采食下降"", ""低温应激""], ""validation_points"": [""症状与水肿病典型表现一致"", ""年龄阶段符合高发期"", ""存在应激因素支持发病机理""], ""risk_flags"": [""潜在重大动物疫病风险"", ""需实验室确诊"", ""存在传播风险""], ""case_type"": ""腹泻群体发病"", ""target_disease"": ""仔猪水肿病"", ""local_flags"": {""species_ok"": true, ""target_disease_in_diagnosis"": true, ""target_disease_mismatch"": false, ""contains_specific_dose"": false, ""contains_specific_withdrawal"": false, ""regulated_bad_treatment"": false}}",False,False,,,True,False,False,D:\XF-ChongQin\ai-\knowledge\llm_wiki_swine_authoritative,1465,887,"仔猪水肿病
仔猪水肿病、edema disease e coli
腹泻群体发病
同窝或同栏出现水样腹泻、脱水、采食下降，用户想知道主要病因和紧急处理。","{""HUMAN_REVIEWED"": 3, ""NEEDS_REVIEW"": 2}","[""SRC-0001"", ""SRC-0006"", ""SRC-0063"", ""SRC-0064""]",2028,30.3,ERNIE-4.5-Turbo-32K,88,28,18,23,20,False,True,"整体回答质量较高，诊断准确，处理方向安全，但病理逻辑和数据质量方面有提升空间。
问题：诊断准确性方面，虽然症状描述与仔猪水肿病高度吻合，但未完全覆盖所有可能症状，评分略扣。；病理逻辑方面，对发病机理的解释不够深入，缺乏对产Stx2e毒素大肠杆菌致病机制的详细阐述。；数据质量方面，场景标签和验证点较为全面，但风险标志中未提及人兽共患风险（尽管仔猪水肿病非人兽共患病，但应明确说明以增强数据完整性）。；处方安全性方面整体良好，但‘暂停使用广谱抗生素’的建议可能过于绝对，应根据实际情况灵活调整。",hunyuan-turbos-20250926,85,90,80,85,82,False,False,该数据整体真实可信，用户描述的场景与仔猪水肿病的典型表现高度一致，诊断合理且处理措施安全，包含必要的隔离、环境改善和采样送检建议，无明显危险操作。不足之处在于病理机制解释较浅，未明确说明该病非人兽共患病，以及抗生素停用建议可更灵活。,True,ERNIE-4.5-Turbo-32K,True,pass,整体回答质量较高，诊断准确，处理方向安全，符合仔猪水肿病的典型表现。尽管存在病理机制解释不足、未明确说明非人兽共患病、抗生素停用建议过于绝对等轻微不足，但不影响整体判断，可通过补充信息进一步完善。,87.0,28,18,23,20,pass,19.83,19.73,
4f90417c-b74c-596b-bf4c-ceaed83a54a4,50,仔猪水肿病,swine_hunyuan_turbos,hunyuan-turbos-20250926,成功,,猪,我家有200头30公斤左右的保育猪，最近一周陆续出现拉稀，有的还伴随眼睑和前肢水肿，已经用了恩诺沙星和氟苯尼考各三天，部分猪精神还是不好，食欲下降。请问这种情况还能继续用抗生素吗？要不要送样检查？,根据描述，结合保育猪阶段、急性腹泻伴眼睑及四肢水肿、使用常用抗菌药效果不佳等特征，高度怀疑为仔猪水肿病（由产Stx2e毒素的EDEC引起）。该病常在断奶应激、饲料变化或大肠杆菌感染后出现，表现为肠道毒素吸收导致全身毛细血管通透性增加，引发局部组织水肿和神经症状。病程长时粪便细菌量可下降，单纯细菌培养阴性不能完全排除本病。,treatment_direction: 针对可能的产毒型大肠杆菌，可考虑更换作用机制不同的抗菌药物，并配合支持疗法改善微循环、减轻水肿。；management_measures: 减少应激因素，保证饮水清洁，适当补充电解质和维生素；对严重水肿个体进行隔离观察，防止继发感染。；sampling_submission: 建议采集新鲜粪便、肠内容物及病死猪组织（如肝、脾、肠系膜淋巴结）送实验室做细菌分离培养和毒素检测，同时可做PCR检测Stx2e基因，以明确病原。；contraindications_boundaries: 避免使用未经批准的兽药或超范围用药；若怀疑重大疫病（如非洲猪瘟），应立即停止场内调运，按当地规定上报并配合采样检测。,具体停药期需依据所用药物说明书及国家相关规定执行，未获检测结果前应谨慎出栏。,"{""disease_name"": ""仔猪水肿病"", ""severity"": ""中等至严重"", ""scene_tags"": [""保育猪"", ""腹泻"", ""水肿"", ""抗生素治疗无效""], ""validation_points"": [""保育阶段高发"", ""腹泻伴眼睑/四肢水肿"", ""常规抗菌药疗效不佳"", ""病程长时细菌培养可能阴性""], ""risk_flags"": [""需考虑产毒型大肠杆菌"", ""需鉴别其他神经性疾病"", ""存在公共卫生耐药风险""], ""case_type"": ""腹泻用药咨询"", ""target_disease"": ""仔猪水肿病"", ""local_flags"": {""species_ok"": true, ""target_disease_in_diagnosis"": true, ""target_disease_mismatch"": false, ""contains_specific_dose"": false, ""contains_specific_withdrawal"": false, ""regulated_bad_treatment"": false}}",False,False,,,True,False,False,D:\XF-ChongQin\ai-\knowledge\llm_wiki_swine_authoritative,1465,887,"仔猪水肿病
仔猪水肿病、edema disease e coli
腹泻用药咨询
猪群腹泻后已用过常见抗菌药效果一般，用户询问是否继续用药以及是否需要送检。","{""HUMAN_REVIEWED"": 3, ""NEEDS_REVIEW"": 2}","[""SRC-0001"", ""SRC-0063"", ""SRC-0064"", ""SRC-0079""]",2117,25.93,ERNIE-4.5-Turbo-32K,88,28,18,24,18,False,True,"该回答在诊断准确性、病理逻辑、处方安全性和数据质量方面表现良好，整体符合测试数据有效性要求。诊断准确识别了仔猪水肿病的关键特征，病理逻辑清晰，处方安全合理，数据质量较高，无明显致命风险。
问题：diagnosis_accuracy: 诊断中未明确提及仔猪水肿病的典型神经症状（如共济失调、惊厥），尽管描述了水肿和腹泻，但完整性稍欠。；pathology_logic: 病理逻辑中未充分解释为何常规抗菌药效果不佳（如毒素产生与细菌数量不直接相关），逻辑链条可更紧密。；data_quality: 数据质量中场景标签和验证点较全面，但风险标志中未明确提及人兽共患风险（尽管仔猪水肿病非人兽共患病，但需明确排除）。",hunyuan-turbos-20250926,85,8,8,9,8,True,False,该数据整体真实可信，用户描述的场景（保育猪、断奶后腹泻伴水肿、抗生素治疗无效）与仔猪水肿病的临床特征相符。诊断思路正确，考虑了产毒型大肠杆菌的可能性，并提示送检确认病原。处方方向合理，强调更换抗菌药物、支持治疗、减少应激及送检，无危险用药建议。不足之处在于诊断未完整列出典型神经症状，病理机制解释略简略，且未明确说明该病非人兽共患病以消除潜在误解。,True,ERNIE-4.5-Turbo-32K,True,pass,该回答在诊断准确性、病理逻辑、处方安全性和数据质量方面表现良好，整体符合测试数据有效性要求。诊断识别了仔猪水肿病的关键特征，尽管未完整提及典型神经症状，但不影响主要诊断方向。病理逻辑基本清晰，处方安全合理，强调了送检确认病原的重要性。数据质量较高，无明显致命风险。,87.0,28,18,24,18,pass,16.38,16.32,
85f49ea5-407a-52a0-965a-0893ba671e35,50,仔猪水肿病,swine_hunyuan_turbos,hunyuan-turbos-20250926,成功,,猪,我家有120头35日龄左右的保育猪，最近一周陆续出现精神沉郁、眼睑和头部明显水肿，个别猪拉稀，体温正常或略低，之前按大肠杆菌性腹泻用了恩诺沙星和硫酸粘菌素拌料三天，部分好转但仍有新发病例。请问这种情况还能继续用这些药吗？要不要送样检测？,根据描述，结合保育猪日龄、眼睑及头部水肿、腹泻病史、使用抗菌药效果不佳等特征，高度怀疑为仔猪水肿病（由产Stx2e毒素的EDEC引起）。该病常继发于断奶应激、饲料变化或肠道菌群失调，初期可表现为腹泻，随后出现神经症状和水肿。病程长时粪便细菌量下降，细菌培养可能阴性，但仍不能排除本病。,treatment_direction: 停止继续使用原方案抗菌药，改用针对产毒型大肠杆菌且考虑耐药性情况的敏感药物，并配合支持疗法（如补充电解质、维生素B族），减少应激因素。；management_measures: 立即分群隔离病猪，改善圈舍通风与温湿度控制，减少密度，保证饮水清洁，调整饲料过渡方式，避免突然更换配方。；sampling_and_testing: 采集新鲜粪便、肠内容物及病死猪组织（肝、脾、脑）送实验室进行细菌分离培养和毒素检测（Stx2e PCR或ELISA），必要时做药敏试验指导后续用药。；contraindications_and_boundaries: 禁止使用未经批准的抗生素或超范围用药；若检出多重耐药菌株，应谨慎选择药物并考虑公共卫生风险；发现群体死亡率高或扩散迅速，应立即向当地畜牧兽医部门报告，不排除重大疫病排查。,因涉及潜在耐药菌及食品安全风险，所有用药须严格遵循兽药说明书规定的休药期，并在出栏前确保无残留超标。,"{""disease_name"": ""仔猪水肿病"", ""severity"": ""中等至严重（取决于发病率和死亡数）"", ""scene_tags"": [""保育猪"", ""水肿"", ""腹泻"", ""抗菌药疗效不佳"", ""疑似产毒大肠杆菌""], ""validation_points"": [""符合仔猪水肿病的典型日龄与临床表现"", ""病程中出现神经症状和局部水肿"", ""抗菌治疗效果有限提示耐药或病原特性"", ""建议送检以明确病原与毒素类型""], ""risk_flags"": [""耐药风险"", ""公共卫生关注（耐药E. coli入食物链）"", ""需区分其他神经性疾病""], ""case_type"": ""腹泻用药咨询"", ""target_disease"": ""仔猪水肿病"", ""local_flags"": {""species_ok"": true, ""target_disease_in_diagnosis"": true, ""target_disease_mismatch"": false, ""contains_specific_dose"": false, ""contains_specific_withdrawal"": false, ""regulated_bad_treatment"": false}}",False,False,,,True,False,False,D:\XF-ChongQin\ai-\knowledge\llm_wiki_swine_authoritative,1465,887,"仔猪水肿病
仔猪水肿病、edema disease e coli
腹泻用药咨询
猪群腹泻后已用过常见抗菌药效果一般，用户询问是否继续用药以及是否需要送检。","{""HUMAN_REVIEWED"": 3, ""NEEDS_REVIEW"": 2}","[""SRC-0001"", ""SRC-0063"", ""SRC-0064"", ""SRC-0079""]",2117,28.88,ERNIE-4.5-Turbo-32K,88,28,18,23,20,False,True,"该回答对仔猪水肿病的诊断、处理方向及采样检测建议较为准确，符合疾病特征与逻辑，用药安全且考虑了耐药性和公共卫生风险，数据质量较高，无明显致命风险。
问题：diagnosis_accuracy: 诊断部分对仔猪水肿病的特征描述准确，但未明确排除其他类似疾病（如链球菌性脑膜炎、硒缺乏症等），可进一步增强鉴别诊断的说明。；pathology_logic: 病理逻辑基本合理，但对病程中腹泻与水肿的先后关系及神经症状的描述可更详细，以增强逻辑严谨性。；prescription_safety: 处方安全且考虑了耐药性和公共卫生风险，但未明确具体敏感药物的选择依据，可补充药敏试验的重要性。；data_quality: 数据质量较高，但场景标签和验证点可更具体，如增加“抗菌药使用史”和“病原检测必要性”等标签。",hunyuan-turbos-20250926,85,8.5,8.5,9,8.5,False,False,"该回答对仔猪水肿病的诊断和处理方向总体准确，符合临床特征与逻辑，考虑了耐药性与公共卫生风险，未给出危险用药建议，数据质量较高。不足之处在于鉴别诊断不够全面，病理机制描述可更细致，敏感药物选择依据需强化。
问题：未充分列举并排除其他可能引起相似症状的鉴别诊断（如链球菌性脑膜炎、硒缺乏症等）。；病程中腹泻与水肿的先后关系及神经症状的机制描述不够详尽。；敏感药物选择依据未明确说明，仅笼统提及需参考药敏结果。",True,ERNIE-4.5-Turbo-32K,True,pass,该回答对仔猪水肿病的诊断、处理方向及采样检测建议总体准确，符合疾病特征与逻辑，用药安全且考虑了耐药性和公共卫生风险，数据质量较高。尽管在鉴别诊断、病理机制描述及敏感药物选择依据方面存在轻微不足，但不影响整体判断，可通过后续优化提升严谨性。,87.0,28,18,23,20,pass,20.02,19.28,
c312d1da-d697-5d2f-a172-c84d37514219,301,仔猪黄白痢,swine_hunyuan_turbos,hunyuan-turbos-20250926,成功,,猪,我家有200头左右25日龄左右的保育猪，这几天陆续有几窝开始拉黄色稀便，有的带点白色黏液，精神差、吃奶少，个别肚子瘪下去了，圈舍温度偏低、通风一般，之前用过庆大霉素拌料没明显好转，想问问这是啥毛病，该怎么处理？,根据描述，考虑为仔猪黄白痢，主要由致病性大肠杆菌引起，常见于哺乳后期至刚断奶阶段，受寒冷应激、卫生条件差等因素诱发。临床表现为黄色或黄白色水样腹泻、脱水、食欲下降，严重者可见消瘦甚至死亡。,立即改善保温与通风，减少冷风直吹；对腹泻严重个体进行补液防脱水；加强圈舍清洁消毒，防止粪口传播；采集新鲜粪便送实验室做病原鉴定及药敏试验，指导后续用药；避免使用未经药敏的抗生素以防耐药性增加；若怀疑混合感染或病情扩散迅速，应联系当地畜牧兽医部门进行排查。,因未确定具体药物方案，暂无法给出明确休药期建议，需依据最终使用药物及检测结果由专业兽医制定。,"{""disease_name"": ""仔猪黄白痢"", ""severity"": ""中等偏重"", ""scene_tags"": [""保育猪"", ""腹泻"", ""大肠杆菌"", ""低温应激""], ""validation_points"": [""符合仔猪黄白痢高发日龄与季节特征"", ""症状与流行病学特点一致"", ""强调病原检测与药敏的重要性""], ""risk_flags"": [""潜在群体传播风险"", ""需排除其他病原混合感染""], ""case_type"": ""腹泻群体发病"", ""target_disease"": ""仔猪黄白痢"", ""local_flags"": {""species_ok"": true, ""target_disease_in_diagnosis"": true, ""target_disease_mismatch"": false, ""contains_specific_dose"": false, ""contains_specific_withdrawal"": false, ""regulated_bad_treatment"": false}}",False,False,,,True,False,False,D:\XF-ChongQin\ai-\knowledge\llm_wiki_swine_authoritative,1465,887,"仔猪黄白痢
仔猪黄白痢、neonatal post weaning colibacillosis、黄白痢、大肠杆菌、仔猪大肠杆菌病
腹泻群体发病
同窝或同栏出现水样腹泻、脱水、采食下降，用户想知道主要病因和紧急处理。","{""HUMAN_REVIEWED"": 1, ""NEEDS_REVIEW"": 4}","[""SRC-0001"", ""SRC-0063""]",2055,26.28,ERNIE-4.5-Turbo-32K,88,28,18,23,20,False,True,"整体回答质量较高，诊断准确，处理方向安全合理，数据质量较好，无明显致命风险。
问题：诊断准确性方面，虽然整体判断正确，但未完全覆盖所有可能症状（如白色黏液的具体分析不足），扣2分。；病理逻辑方面，对寒冷应激和卫生条件差等诱因的阐述可更深入，扣2分。；处方安全性方面，未提供具体药物方案但强调了药敏试验的重要性，体现了安全性，但可进一步建议一些初步的、安全的支持性治疗措施，扣2分。；数据质量方面，回答较为完整，但部分细节（如症状与疾病匹配的详细程度）可进一步提升，扣5分。",hunyuan-turbos-20250926,85,90,88,92,80,False,False,该回答在诊断上基本准确，能够结合年龄、症状和环境因素指向仔猪黄白痢，并提示可能的致病原因。处理建议注重环境改善、补液、病原检测及避免盲目用药，符合安全原则。不足之处在于对症状细节的分析不够深入，诱因机制解释略显简略，且缺少更具体的初期支持治疗建议。整体无致命风险。,True,ERNIE-4.5-Turbo-32K,mostly,pass,诊断准确，结合年龄、症状和环境因素指向仔猪黄白痢，并提示可能的致病原因。处理建议注重环境改善、补液、病原检测及避免盲目用药，符合安全原则。尽管对症状细节的分析不够深入，诱因机制解释略显简略，且缺少更具体的初期支持治疗建议，但整体回答质量较高，无明显致命风险。,87.0,28,18,23,20,pass,19.11,18.94,
1bb42e58-3f9a-53f7-bb9c-50032d46b8c8,374,仔猪黄白痢,swine_hunyuan_turbos,hunyuan-turbos-20250926,成功,,猪,我家有200头保育猪，现在40多天大，最近一周陆续出现拉黄色稀便，有的带白色粘液，精神还行但采食量下降，之前用了恩诺沙星拌料三天，部分好转，但还有不少继续拉稀。圈舍温度偏低，通风一般，想问还能不能再用药？要不要送样检查？,根据描述，考虑为仔猪黄白痢（由致病性大肠杆菌引起），可能与饲养管理条件差、应激及免疫力不足有关。目前已有抗菌药使用史且疗效有限，需警惕耐药性或其他继发因素。,建议先改善饲养环境，提高保温与通风，减少密度，保证饮水清洁；暂停盲目加药，采集新鲜粪便样本送实验室进行病原鉴定与药敏试验，指导后续用药；若病情严重或扩散迅速，应隔离病猪并加强消毒，防止水平传播。严禁自行更换高敏感抗生素以防掩盖疫情。,因未确定最终治疗方案，暂无法给出确切休药期，需依据检测结果和选用药物确定。,"{""disease_name"": ""仔猪黄白痢"", ""severity"": ""中等"", ""scene_tags"": [""保育猪"", ""腹泻"", ""大肠杆菌"", ""管理应激""], ""validation_points"": [""症状符合仔猪黄白痢特征（黄色稀便伴黏液）"", ""抗菌药使用后疗效不佳提示可能耐药或混合感染"", ""环境因素（低温、通风不良）是重要诱因""], ""risk_flags"": [""潜在耐药菌流行风险"", ""需排除其他肠道病原如病毒性腹泻""], ""case_type"": ""腹泻用药咨询"", ""target_disease"": ""仔猪黄白痢"", ""local_flags"": {""species_ok"": true, ""target_disease_in_diagnosis"": true, ""target_disease_mismatch"": false, ""contains_specific_dose"": false, ""contains_specific_withdrawal"": false, ""regulated_bad_treatment"": false}}",False,False,,,True,False,False,D:\XF-ChongQin\ai-\knowledge\llm_wiki_swine_authoritative,1465,887,"仔猪黄白痢
仔猪黄白痢、neonatal post weaning colibacillosis、黄白痢、大肠杆菌、仔猪大肠杆菌病
腹泻用药咨询
猪群腹泻后已用过常见抗菌药效果一般，用户询问是否继续用药以及是否需要送检。","{""HUMAN_REVIEWED"": 1, ""NEEDS_REVIEW"": 4}","[""SRC-0001"", ""SRC-0063""]",2055,24.39,ERNIE-4.5-Turbo-32K,88,28,18,24,18,False,True,"该回答整体表现良好，诊断准确，考虑了环境因素和耐药性，处理方向安全合理，数据质量较高。
问题：诊断准确性方面，虽然考虑了耐药性和继发因素，但未完全排除其他肠道病原如病毒性腹泻的可能性，诊断逻辑稍显不足。；病理逻辑方面，对环境因素（低温、通风不良）作为诱因的阐述较为充分，但对症状与疾病之间的直接联系解释不够深入。；数据质量方面，虽然提供了症状、用药史和环境因素等信息，但缺乏具体的实验室检测数据支持诊断。",hunyuan-turbos-20250926,85,90,80,95,80,False,False,回答总体符合临床实际，诊断指向仔猪黄白痢，结合病史与环境因素分析合理，处理方案强调送检与避免盲目用药，安全性高。不足之处在于未明确排除病毒性腹泻等其他可能病因，病理机制解释略浅，缺少实验室确诊信息支撑。,True,ERNIE-4.5-Turbo-32K,True,pass,诊断指向仔猪黄白痢，结合病史与环境因素分析合理，处理方案强调送检与避免盲目用药，安全性高。尽管存在未充分讨论病毒性腹泻等鉴别诊断可能性、对症状与疾病因果关系的解释不够深入、缺乏实验室检测结果的佐证等轻微不足，但整体诊断和处置方向安全且疾病匹配，数据质量较高。,87.0,28,18,24,18,pass,16.03,19.31,
9dc3e70d-ced0-54af-91a2-0f037e4a74f4,447,仔猪黄白痢,swine_hunyuan_turbos,hunyuan-turbos-20250926,成功,,猪,我家有120头母猪，最近刚产仔一批，大约10天前开始陆续出现仔猪拉黄色稀粪的情况，有的还带白色粘液，整窝都有，个别精神差、吃奶少，体温测着正常，圈舍温度偏低，通风一般。之前没用过什么药，想问下这是啥原因？会不会是病毒性还是细菌性的？要不要马上送样检查？,根据描述，日龄约10天的仔猪出现整窝黄色稀粪伴白色粘液，精神稍差，提示可能为仔猪黄白痢（由致病性大肠杆菌引起），属于细菌性腹泻范畴。需结合粪便性状、日龄及流行病学特征与病毒性（如轮状病毒、传染性胃肠炎）及寄生虫性（如球虫）腹泻进行鉴别。当前未见高热、呕吐等典型病毒性表现，且病程较短，更倾向细菌感染。建议尽快采集新鲜粪便样本送实验室检测，明确病原类型。,treatment_direction: 针对疑似大肠杆菌性腹泻，可在兽医指导下使用敏感抗生素控制继发感染，同时补充电解质溶液防止脱水。；management_measures: 提高产房保温措施，保持干燥清洁，减少应激；加强初乳摄入，确保仔猪获得足够抗体；及时清理污物，防止交叉感染。；sampling_and_testing: 立即采集新鲜腹泻粪便样品，送具备资质的兽医实验室进行细菌培养、PCR检测及必要的寄生虫卵检查，以明确病原并指导精准用药。；prohibited_boundaries: 在未确诊前禁止随意使用广谱抗生素以防耐药；若检出法定重大疫病（如非洲猪瘟、口蹄疫等），须按规定上报并配合扑杀、无害化处理等措施。,因未确定具体药物种类及剂量，暂无法给出确切休药期，应依据最终选用药物的说明书及法规要求执行。,"{""disease_name"": ""仔猪黄白痢"", ""severity"": ""中等"", ""scene_tags"": [""细菌性腹泻"", ""仔猪"", ""产房"", ""低温应激""], ""validation_points"": [""日龄与症状符合大肠杆菌性腹泻特点"", ""整窝发病提示传染性强，符合细菌性传播模式"", ""无高热、呕吐等典型病毒性表现""], ""risk_flags"": [""需排除病毒性腹泻"", ""需排除寄生虫性腹泻"", ""需警惕重大疫病排查""], ""case_type"": ""腹泻采样送检"", ""target_disease"": ""仔猪黄白痢"", ""local_flags"": {""species_ok"": true, ""target_disease_in_diagnosis"": true, ""target_disease_mismatch"": false, ""contains_specific_dose"": false, ""contains_specific_withdrawal"": false, ""regulated_bad_treatment"": false}}",False,False,,,True,False,False,D:\XF-ChongQin\ai-\knowledge\llm_wiki_swine_authoritative,1465,887,"仔猪黄白痢
仔猪黄白痢、neonatal post weaning colibacillosis、黄白痢、大肠杆菌、仔猪大肠杆菌病
腹泻采样送检
用户描述粪便性状、日龄和病程，重点询问如何鉴别病毒性、细菌性或寄生虫性腹泻。","{""HUMAN_REVIEWED"": 1, ""NEEDS_REVIEW"": 4}","[""RC-DIARRHEA-001"", ""SRC-0001"", ""SRC-0052"", ""SRC-0062"", ""SRC-0063"", ""SRC-0064"", ""SRC-0071"", ""SRC-0072"", ""SRC-0073"", ""SRC-0077"", ""SRC-0081""]",2148,27.14,ERNIE-4.5-Turbo-32K,88,28,18,23,20,False,True,"该回答整体表现良好，诊断准确，逻辑清晰，处理方向安全，数据质量较高。诊断部分准确识别了仔猪黄白痢，并合理排除了病毒性腹泻的可能性。病理逻辑部分对症状和流行病学特征的分析合理。处方安全部分给出了合理的治疗和管理建议，并强调了采样检测的重要性。数据质量方面，信息完整，风险点识别准确。
问题：诊断准确性方面，虽然整体判断正确，但对病毒性腹泻的排除依据可以更详细一些，例如提及更多病毒性腹泻的典型症状或实验室检测方法。；病理逻辑部分，对寄生虫性腹泻的鉴别分析可以更深入一些，例如提及球虫等常见寄生虫的感染特点和症状。；数据质量方面，虽然信息完整，但可以增加一些对疾病预防和控制的具体建议，以提高数据的实用性和全面性。",hunyuan-turbos-20250926,85,90,85,90,80,False,False,该数据整体真实可信，用户描述的场景符合仔猪黄白痢的常见发生条件，诊断指向致病性大肠杆菌引起的细菌性腹泻，与症状吻合度高。鉴别诊断中考虑了病毒性及寄生虫性因素，虽可进一步细化，但不影响核心判断。处方方向包括合理使用抗生素、补液、改善环境管理以及送检病原，安全边界明确，无危险建议。数据质量较好，但可增加预防细节提升实用性。,True,ERNIE-4.5-Turbo-32K,True,pass,该回答整体表现良好，诊断准确识别了仔猪黄白痢，并合理考虑了病毒性及寄生虫性腹泻的鉴别诊断，虽可进一步细化，但不影响核心判断。处方方向包括合理使用抗生素、补液、改善环境管理以及送检病原，安全边界明确，无危险建议。数据质量较好，信息完整，风险点识别准确。,87.0,28,18,23,20,pass,18.92,17.32,
fba65dcc-35fd-573a-93a4-8753fdd7856d,82,仔猪黄白痢,swine_hunyuan_turbos,hunyuan-turbos-20250926,成功,,猪,我家有200头保育猪，现在大概35公斤左右，最近一周陆续出现拉黄色稀便的情况，有的带点白色黏液，精神还行但采食量下降。之前已经按常规用了几天恩诺沙星和硫酸粘菌素，感觉效果不太明显，想问问还能不能再继续用这些药？要不要送样去化验一下？,根据描述，考虑为仔猪黄白痢（由致病性大肠杆菌引起），属于细菌性肠道疾病，常见于保育至育肥阶段。当前用药效果有限，可能与菌株耐药性有关，需结合实验室检测明确病原及药敏情况。,treatment_direction: 暂停盲目更换抗生素，先采集新鲜粪便样本送实验室进行病原分离与药敏试验，依据结果选择敏感药物。同时加强圈舍保温与通风，减少应激，保证饮水清洁。；management_measures: 改善饲养管理，降低密度，保持栏舍干燥卫生，防止继发感染；对严重脱水个体及时补液。；sampling_submission: 采集发病猪的新鲜粪便样品，冷藏保存并尽快送检，必要时可配合肠内容物或组织样本。；prohibited_boundary: 在未获得检测结果前，禁止随意使用广谱抗生素或超范围用药；若怀疑为重大动物疫病（如非洲猪瘟等）应按规定立即隔离并上报。,需根据最终选用的药物及药敏结果确定，并在停药期结束后方可屠宰或出售。,"{""disease_name"": ""仔猪黄白痢"", ""severity"": ""中等"", ""scene_tags"": [""保育猪"", ""腹泻"", ""抗生素治疗无效"", ""采样送检""], ""validation_points"": [""符合仔猪黄白痢的日龄与生产阶段特征"", ""症状与大肠杆菌性腹泻一致"", ""建议通过实验室检测指导用药""], ""risk_flags"": [""潜在耐药菌流行"", ""需排除其他重大疫病""], ""case_type"": ""腹泻用药咨询"", ""target_disease"": ""仔猪黄白痢"", ""local_flags"": {""species_ok"": true, ""target_disease_in_diagnosis"": true, ""target_disease_mismatch"": false, ""contains_specific_dose"": false, ""contains_specific_withdrawal"": false, ""regulated_bad_treatment"": false}}",False,False,,,True,False,False,D:\XF-ChongQin\ai-\knowledge\llm_wiki_swine_authoritative,1465,887,"仔猪黄白痢
仔猪黄白痢、neonatal post weaning colibacillosis、黄白痢、大肠杆菌、仔猪大肠杆菌病
腹泻用药咨询
猪群腹泻后已用过常见抗菌药效果一般，用户询问是否继续用药以及是否需要送检。","{""HUMAN_REVIEWED"": 1, ""NEEDS_REVIEW"": 4}","[""SRC-0001"", ""SRC-0063""]",2055,23.7,ERNIE-4.5-Turbo-32K,88,28,18,23,20,False,True,"整体回答质量较高，诊断准确性、处方安全性和数据质量均表现良好，病理逻辑稍显不足但不影响整体判断。无致命风险，符合通过标准。
问题：病理逻辑方面，对耐药性产生原因及可能涉及的菌株类型未展开详细分析，略显简略。；数据质量方面，对用户描述的症状细节（如黄色稀便与白色黏液的比例、采食量下降的具体程度）未进一步挖掘，可能影响诊断的全面性。",hunyuan-turbos-20250926,85,90,80,90,80,False,False,"该回答在诊断上准确识别了仔猪黄白痢，并结合用户描述给出了合理的处理建议，包括采样送检、调整管理措施以及避免盲目用药，安全性高且无致命风险。不足之处在于病理机制解释较简略，未深入分析耐药性与菌株特征的关系，且对症状的细节挖掘不够充分。
问题：病理逻辑部分对耐药性的成因和可能的致病菌株类型缺乏深入说明；未进一步追问或分析用户提供的症状细节（如稀便颜色比例、采食量下降幅度）",True,ERNIE-4.5-Turbo-32K,True,pass,整体回答质量较高，诊断准确识别了仔猪黄白痢，并结合用户描述给出了合理的处理建议，包括采样送检、调整管理措施以及避免盲目用药，安全性高且无致命风险。尽管在病理逻辑方面对耐药性产生原因及可能涉及的菌株类型未展开详细分析，略显简略，且对用户描述的症状细节（如黄色稀便与白色黏液的比例、采食量下降的具体程度）未进一步挖掘，可能影响诊断的全面性，但不影响整体判断。,87.0,28,18,23,20,pass,15.44,16.02,
f6daba2c-e01d-5731-b9dc-f8af9ea56b3a,124,副猪嗜血杆菌病,swine_hunyuan_turbos,hunyuan-turbos-20250926,成功,,猪,我场有300多头60日龄左右的保育猪，这几天陆续有几头精神差、不吃料、体温高到40度多，有的还出现关节肿胀、呼吸急促，昨天又死了两头。之前用过阿莫西林饮水，效果不明显。现在隔壁栏也开始有类似情况，这种情况能不能先当普通细菌感染治着看？,根据描述，保育猪群短时间内出现高热、食欲下降、关节肿胀、呼吸急促及死亡，且抗生素治疗反应不佳，符合副猪嗜血杆菌病的典型表现。该病可引起多发性浆膜炎、关节炎、脑膜炎等，病情进展快，易在密集饲养条件下扩散。需警惕场内暴发风险。,立即将发病猪与健康猪分群隔离，减少混群传播；加强圈舍通风与保温，降低应激；对病猪进行支持性护理（补液、降温）；采集病死猪的关节液、心血、肺组织送实验室确诊；在未排除重大疫病前，暂停常规抗菌治疗，避免掩盖症状延误处置；若确诊为副猪嗜血杆菌病，可在兽医指导下选用敏感抗生素控制继发感染，并配合改善饲养管理。严禁自行使用禁用药物或超量用药。,如经确诊并使用药物治疗，应严格遵守所用药物的停药期规定，并在出栏前确保药物残留检测合格后方可销售。,"{""disease_name"": ""副猪嗜血杆菌病"", ""severity"": ""高"", ""scene_tags"": [""保育猪"", ""高热"", ""关节肿胀"", ""呼吸急促"", ""死亡率上升"", ""群发""], ""validation_points"": [""症状符合副猪嗜血杆菌病的多系统表现"", ""抗生素治疗无效提示可能非单一细菌感染"", ""群发趋势提示存在传染风险""], ""risk_flags"": [""疑似重大动物疫病风险"", ""潜在人畜共患病监测需求"", ""需及时送检确诊""], ""case_type"": ""暴发与处置边界"", ""target_disease"": ""副猪嗜血杆菌病"", ""local_flags"": {""species_ok"": true, ""target_disease_in_diagnosis"": true, ""target_disease_mismatch"": false, ""contains_specific_dose"": false, ""contains_specific_withdrawal"": false, ""regulated_bad_treatment"": false}}",False,False,,,True,False,False,D:\XF-ChongQin\ai-\knowledge\llm_wiki_swine_authoritative,1465,887,"副猪嗜血杆菌病
副猪嗜血杆菌病、gl sser s disease
暴发与处置边界
同栏或多栋猪舍短期内发病增多，用户询问是否能先按普通病治疗观察。","{""HUMAN_REVIEWED"": 2, ""NEEDS_REVIEW"": 2}","[""SRC-0001"", ""SRC-0023"", ""SRC-0066"", ""SRC-0070""]",2221,30.14,ERNIE-4.5-Turbo-32K,88,28,18,23,20,False,True,"该回答对副猪嗜血杆菌病的诊断准确，症状描述与疾病特征高度匹配，诊断逻辑合理，处理方向安全且与疾病相互印证。处方中强调了送检确诊的重要性，避免了误诊风险，同时提出了合理的隔离和管理措施。数据质量方面，症状描述和场景标签较为全面，但可进一步补充具体数据支持。
问题：诊断准确性方面，虽然症状匹配度高，但未提及具体诊断依据或鉴别诊断，可进一步增强说服力。；病理逻辑方面，对疾病传播机制和风险因素的阐述略显不足，可补充更多细节。；处方安全性方面，虽然强调了送检和避免自行用药，但未提供具体的敏感抗生素选择建议，可能影响实际操作的指导性。；数据质量方面，场景标签和验证点较为全面，但缺乏具体的数据支持，如发病率、死亡率等，可进一步补充。",hunyuan-turbos-20250926,85,90,80,85,80,False,False,该案例针对保育猪群急性发热、关节肿胀、呼吸急促等症状，结合病程进展快、抗生素治疗无效等特点，诊断为副猪嗜血杆菌病，诊断与症状匹配度高，处理方案强调隔离、送检确诊、支持性护理及避免盲目用药，整体安全可控。不足之处在于未明确列出鉴别诊断思路，对传播机制和风险因素解释不够详细，缺少具体敏感抗生素推荐，以及缺乏量化数据支撑。,True,ERNIE-4.5-Turbo-32K,True,pass,诊断与症状匹配度高，处理方案安全合理，强调了送检确诊和避免盲目用药的重要性，符合副猪嗜血杆菌病的处置原则。尽管存在鉴别诊断思路不明确、传播机制解释不足、缺乏敏感抗生素推荐和量化数据支持等轻微不足，但不影响整体诊断和处置方向的安全性及有效性。,87.0,28,18,23,20,pass,20.71,20.64,
39b9fa09-a1d3-5e05-86ec-bc76f23059a2,197,副猪嗜血杆菌病,swine_hunyuan_turbos,hunyuan-turbos-20250926,成功,,猪,我家有120头保育猪，平均体重25公斤左右，最近一周陆续出现精神沉郁、体温升高到40℃以上、关节肿胀、走路跛行的现象，有的还伴有呼吸急促和抽搐。之前用过阿莫西林饮水，效果不明显，反而死亡了三四头。现在想问下这种情况应该采哪些样送检测？怎么判断是不是副猪嗜血杆菌病？怕误诊耽误治疗。,根据描述的急性发热、多关节肿胀、跛行、呼吸窘迫及神经症状，结合使用抗生素无效且死亡率上升的情况，高度怀疑为副猪嗜血杆菌病（Glasser's disease）。该病由Haemophilus parasuis引起，可引起多发性浆膜炎、关节炎、脑膜炎等全身性病变。需通过实验室检测确诊。,treatment_direction: 在确诊前不建议盲目更换广谱抗生素，应先采集病料送检明确病原及耐药性。若确诊为副猪嗜血杆菌病，可在兽医指导下选用敏感抗菌药物，并结合支持疗法。；management_measures: 立即隔离发病猪只，减少应激，改善通风与保温条件，保证清洁饮水与易消化饲料，防止继发感染。；sampling_and_testing: 建议采集濒死或刚死亡猪的关节液、心包液、脑膜组织、肺脏及脾脏等病料，进行细菌分离培养、PCR检测及药敏试验。同时记录临床症状与剖检变化供实验室参考。；prohibited_boundaries: 严禁在未确诊情况下随意更换或加大抗生素用量；禁止将病死猪随意丢弃或流入市场；发现可疑重大疫情应立即向当地动物防疫部门报告。,因涉及具体药物及疗程未定，无法给出确切休药期，须按所用药物说明书及监管部门规定执行。,"{""disease_name"": ""副猪嗜血杆菌病"", ""severity"": ""高致死性"", ""scene_tags"": [""保育猪"", ""高热"", ""关节肿胀"", ""跛行"", ""神经症状"", ""抗生素治疗无效""], ""validation_points"": [""符合副猪嗜血杆菌病的多系统临床表现"", ""抗生素治疗无效提示可能耐药或混合感染"", ""需要实验室确诊以避免误诊""], ""risk_flags"": [""潜在高死亡率"", ""易与其他细菌性疾病混淆"", ""存在传播风险""], ""case_type"": ""采样送检咨询"", ""target_disease"": ""副猪嗜血杆菌病"", ""local_flags"": {""species_ok"": true, ""target_disease_in_diagnosis"": true, ""target_disease_mismatch"": false, ""contains_specific_dose"": false, ""contains_specific_withdrawal"": false, ""regulated_bad_treatment"": false}}",False,False,,,True,False,False,D:\XF-ChongQin\ai-\knowledge\llm_wiki_swine_authoritative,1465,887,"副猪嗜血杆菌病
副猪嗜血杆菌病、gl sser s disease
采样送检咨询
用户描述症状后，重点询问采什么样品、如何判断和如何避免误治。","{""HUMAN_REVIEWED"": 2, ""NEEDS_REVIEW"": 2}","[""SRC-0001"", ""SRC-0012"", ""SRC-0023"", ""SRC-0066"", ""SRC-0070""]",2221,33.28,ERNIE-4.5-Turbo-32K,88,28,18,23,20,False,True,"该回答整体上对副猪嗜血杆菌病的诊断、采样、治疗及管理措施进行了较为全面和准确的描述，符合测试数据有效性的要求。诊断准确性较高，病理逻辑基本合理，处方安全且与疾病相互印证，数据质量良好。
问题：诊断准确性方面，虽然整体判断准确，但未完全覆盖所有症状与疾病的典型关联性解释，如呼吸急促和抽搐与副猪嗜血杆菌病的直接关联性未详细阐述。；病理逻辑方面，对于抗生素治疗无效的原因分析不够深入，仅提及可能耐药或混合感染，未进一步探讨其他可能性。；数据质量方面，虽然提供了详细的采样建议和治疗管理措施，但在症状描述与疾病匹配的细节上仍有提升空间。；处方安全性方面，虽然强调了确诊前不建议盲目更换广谱抗生素，但未提供具体的敏感抗菌药物选择建议（仅说明需在兽医指导下选用）。",hunyuan-turbos-20250926,85,90,80,90,85,False,False,"该回答对副猪嗜血杆菌病的诊断思路清晰，采样与检测方案科学，管理建议合理，并强调了确诊前避免盲目用药的安全原则，整体符合真实养殖场景需求。但部分症状与疾病的关联解释不足，抗生素无效原因的分析较浅，缺乏更细致的药敏指导细节。
问题：呼吸急促和抽搐与副猪嗜血杆菌病的直接关联性未充分解释；对抗生素治疗无效的原因分析不够深入，缺少对混合感染或其他病原的讨论；敏感抗菌药物的具体选择建议缺失，仅笼统提到在兽医指导下选用",True,ERNIE-4.5-Turbo-32K,True,pass,该回答对副猪嗜血杆菌病的诊断、采样、治疗及管理措施进行了较为全面和准确的描述，诊断准确性较高，病理逻辑基本合理，处方安全且与疾病相互印证。尽管存在部分症状与疾病关联解释不足、抗生素无效原因分析较浅以及敏感抗菌药物具体选择建议缺失等轻微不足，但整体符合测试数据有效性的要求，且未发现危险或明显错误的内容。,87.0,28,18,23,20,pass,21.87,96.13,
aa7dc4b5-3729-575b-a9f3-7aee7efa01ab,113,塞内卡病毒A感染,swine_hunyuan_turbos,hunyuan-turbos-20250926,成功,,猪,我家有200多头育肥猪，现在70日龄左右，最近几天有几头出现口蹄部水泡，有的破溃结痂，体温在39℃上下，精神食欲稍差，之前用过阿莫西林饮水防继发感染，效果不明显。想问下这种情况是不是塞内卡病毒？该采哪些样送检测？怎么防止误诊耽误病情？,根据症状（口蹄部水疱、发热、精神食欲下降）及年龄阶段，考虑塞内卡病毒A感染可能性较大，但需与口蹄疫、猪水疱病等区分。建议通过实验室检测确诊。,立即隔离发病猪，减少混群接触；采集新鲜水疱液、病变组织、全血等样品送具备资质的实验室进行PCR检测；同时做好环境消毒，暂停外购猪只调入；在未确诊前避免使用广谱抗生素掩盖症状；若确诊为塞内卡病毒A感染，按非重大疫病管理，加强护理和继发感染防控；如怀疑为口蹄疫等重大疫病，应立即上报并按主管部门要求处置。,无具体药物使用情况下不涉及休药期；如需用药应严格遵循兽医处方和国家规定。,"{""disease_name"": ""塞内卡病毒A感染"", ""severity"": ""中等"", ""scene_tags"": [""育肥猪"", ""水疱性病变"", ""发热"", ""继发感染风险""], ""validation_points"": [""症状符合塞内卡病毒A特征"", ""采样类型覆盖水疱液和病变组织"", ""强调实验室确诊与鉴别诊断""], ""risk_flags"": [""需排除口蹄疫等重大动物疫病""], ""case_type"": ""采样送检咨询"", ""target_disease"": ""塞内卡病毒A感染"", ""local_flags"": {""species_ok"": true, ""target_disease_in_diagnosis"": true, ""target_disease_mismatch"": false, ""contains_specific_dose"": false, ""contains_specific_withdrawal"": false, ""regulated_bad_treatment"": false}}",False,False,,,True,False,False,D:\XF-ChongQin\ai-\knowledge\llm_wiki_swine_authoritative,1465,887,"塞内卡病毒A感染
塞内卡病毒A感染、senecavirus a picornaviruses
采样送检咨询
用户描述症状后，重点询问采什么样品、如何判断和如何避免误治。","{""HUMAN_REVIEWED"": 2, ""NEEDS_REVIEW"": 3}","[""SRC-0001"", ""SRC-0012"", ""SRC-0083""]",2046,25.31,ERNIE-4.5-Turbo-32K,88,28,18,24,18,False,True,"整体回答质量较高，诊断准确性、处方安全性和逻辑性较好，数据质量基本满足要求，无明显致命风险。
问题：诊断准确性方面，虽然症状描述符合塞内卡病毒A感染特征，但未充分说明与其他类似疾病（如口蹄疫、猪水疱病）的鉴别要点，导致诊断准确性评分略有扣分。；病理逻辑方面，对疾病发展过程和病理机制的阐述不够深入，逻辑性评分稍低。；数据质量方面，症状描述和采样建议较为全面，但缺乏对猪群整体健康状况的评估，数据质量评分略有扣分。",hunyuan-turbos-20250926,85,80,78,90,82,False,False,回答总体合理，能结合症状、年龄推测塞内卡病毒A感染并提示鉴别诊断，采样送检建议明确，处理措施兼顾生物安全和疫情上报要求，未给出具体药物剂量或休药期承诺，安全性良好。不足在于鉴别诊断细节不足，病理机制解释较浅，缺少对群体健康状态的评估。,True,ERNIE-4.5-Turbo-32K,True,pass,回答整体质量较高，诊断方向合理，结合症状和年龄推测塞内卡病毒A感染，并提示需与口蹄疫、猪水疱病等鉴别诊断，采样送检建议明确，处理措施兼顾生物安全和疫情上报要求，未给出具体药物剂量或休药期承诺，安全性良好。尽管存在鉴别诊断细节不足、病理机制解释较浅、缺乏对猪群整体健康状况评估等轻微不足，但不影响整体诊断和处置方向，数据质量基本满足要求，无明显致命风险。,87.0,28,18,24,18,pass,16.41,15.41,
25495e64-5fb4-5121-a0b9-0b4cd39981f3,40,塞内卡病毒A感染,swine_hunyuan_turbos,hunyuan-turbos-20250926,成功,,猪,我家是育肥场，存栏大概1200头，平均体重在70公斤左右。最近两天发现同一栋舍里有七八头出现口蹄部水泡、跛行，有的还伴随发热，食欲下降。之前没用过什么特别的药物，圈舍通风一般，地面有点潮湿。我想问问能不能先用点消炎药或者退烧药看看情况？,根据描述的症状（口蹄部水疱、跛行、发热、食欲减退）及同栏短时间内多例发生的情况，高度怀疑为塞内卡病毒A感染或其他水疱类病毒病。该病临床表现与口蹄疫、猪水疱病等相似，需通过实验室检测区分。,treatment_direction: 目前无特效抗病毒药物，应以支持性护理为主，包括提供清洁饮水、易消化饲料，减少应激，保持圈舍干燥通风。对严重跛行个体可适当限制活动，防止继发损伤。；management_measures: 立即将疑似病例与健康猪群隔离，加强消毒，暂停转群和出售，记录发病数量与分布，监测体温和采食量变化。；sampling_submission: 采集水疱液、唾液、粪便等样本送有资质的实验室进行病原学检测（PCR），明确是否为塞内卡病毒A感染或其他法定疫病。；prohibited_boundaries: 在未排除口蹄疫等重大动物疫病前，严禁自行用药掩盖症状或继续销售运输，须严格遵循当地动物防疫部门指导。,因无特定治疗药物，不涉及药物休药期；但若涉及其他药物使用，应依据药品说明书并在停药后经检测合格方可出栏。,"{""disease_name"": ""塞内卡病毒A感染"", ""severity"": ""中等至严重（视传播范围和继发感染情况而定）"", ""scene_tags"": [""育肥猪"", ""水疱病变"", ""群体发病"", ""疑似病毒性""], ""validation_points"": [""症状符合塞内卡病毒A感染特征"", ""同栏多发提示传染性"", ""需实验室确诊排除口蹄疫""], ""risk_flags"": [""可能为重大动物疫病（需排除口蹄疫）"", ""存在快速传播风险"", ""未经确诊前禁止随意用药和销售""], ""case_type"": ""暴发与处置边界"", ""target_disease"": ""塞内卡病毒A感染"", ""local_flags"": {""species_ok"": true, ""target_disease_in_diagnosis"": true, ""target_disease_mismatch"": false, ""contains_specific_dose"": false, ""contains_specific_withdrawal"": false, ""regulated_bad_treatment"": false}}",False,False,,,True,False,False,D:\XF-ChongQin\ai-\knowledge\llm_wiki_swine_authoritative,1465,887,"塞内卡病毒A感染
塞内卡病毒A感染、senecavirus a picornaviruses
暴发与处置边界
同栏或多栋猪舍短期内发病增多，用户询问是否能先按普通病治疗观察。","{""HUMAN_REVIEWED"": 3, ""NEEDS_REVIEW"": 2}","[""SRC-0001"", ""SRC-0037"", ""SRC-0052""]",2178,32.14,ERNIE-4.5-Turbo-32K,88,28,18,24,18,False,True,"整体回答质量较高，诊断准确性、处方安全性和逻辑性均表现良好，数据质量基本满足要求，无致命风险。
问题：诊断部分对症状与疾病匹配的描述稍显笼统，未充分解释为何高度怀疑塞内卡病毒A感染而非其他水疱病。；病理逻辑部分对鉴别诊断的阐述不够深入，尤其是与口蹄疫的区分依据不足。；数据质量方面，场景标签和验证点的描述较为基础，缺乏更细致的分类或量化指标。；处方安全性中未明确提及人兽共患风险的处理措施，尽管塞内卡病毒A感染人兽共患风险较低，但仍需提及。",hunyuan-turbos-20250926,85,4,3.5,4.5,3.5,True,False,"该数据整体真实可信，用户描述的养殖背景、临床症状和现场环境符合塞内卡病毒A感染的流行病学特征。诊断思路合理，并强调了与口蹄疫等法定疫病的鉴别需求，处方以支持和隔离管理为主，避免了不当用药，且明确了禁止擅自用药和销售的防疫边界，无明显致命风险。但诊断部分对为何优先怀疑塞内卡病毒A而非其他水疱病解释不足，病理逻辑中对鉴别诊断的论证较浅，数据质量缺少更细化的分类信息，也未提及人兽共患风险的防控提示。
问题：诊断理由过于笼统，未详细解释为何优先考虑塞内卡病毒A而非口蹄疫或猪水疱病。；病理逻辑部分缺乏对鉴别诊断的深入分析，特别是与法定疫病的区分依据不足。；数据质量描述偏基础，缺少更具体的量化或分类细节。；处方安全性虽高，但未提及人兽共患风险防控措施。",True,ERNIE-4.5-Turbo-32K,True,pass,整体回答质量较高，诊断准确性、处方安全性和逻辑性均表现良好，数据质量基本满足要求，无致命风险。尽管诊断部分对症状与疾病匹配的描述稍显笼统，未充分解释为何高度怀疑塞内卡病毒A感染而非其他水疱病，且病理逻辑部分对鉴别诊断的阐述不够深入，但这些不足不影响整体判断，可通过后续优化提升。,87.0,28,18,24,18,pass,21.56,22.75,
96774f08-ea83-5291-8b8d-dbb732b8ef04,478,塞内卡病毒A感染,swine_hunyuan_turbos,hunyuan-turbos-20250926,成功,,猪,我家有300多头育肥猪，现在大概80公斤左右，这几天有几头开始不吃料，嘴里有点水泡，蹄子也有点发红，体温在39度多，已经持续三四天了，而且周围几栏也陆续出现类似情况。之前用过阿莫西林拌料，效果不明显。这种情况能不能先当普通口炎或者蹄叶炎治着看？,根据描述的症状（发热、口腔黏膜水疱、蹄部红肿）及群发趋势，高度怀疑塞内卡病毒A感染（Senecavirus A）。该病属于病毒性水疱病范畴，与口蹄疫等具有相似临床表现，但病原不同。目前无特效抗病毒药物，且易在群体内快速传播。,treatment_direction: 立即停喂刺激性饲料，提供清洁饮水和易消化饲料，减少应激；对发热个体进行物理降温，防止继发细菌感染。；management_measures: 严格隔离发病猪只，限制人员、车辆、工具交叉流动；加强圈舍通风与消毒，清理粪污并及时无害化处理；暂停引入新猪，防止扩散。；sampling_submission: 采集口腔拭子、水疱液、血液等样品送有资质实验室检测，明确病原，排除口蹄疫等重大疫病。；prohibited_boundaries: 在未确诊前不得作为普通病随意用药或继续混养；严禁私自屠宰、销售或转运病猪；若确诊为重大动物疫病，须按规定上报并配合扑杀、封锁等措施。,本病无特效治疗药物，常规抗生素停药期不适用；如确需用药控制继发感染，应依据所用药物说明书执行相应休药期，并在出栏前确保符合食品安全标准。,"{""disease_name"": ""塞内卡病毒A感染"", ""severity"": ""高"", ""scene_tags"": [""群发"", ""高热"", ""水疱病变"", ""蹄部炎症""], ""validation_points"": [""症状与塞内卡病毒A感染相符"", ""群发趋势提示传染性高"", ""需通过实验室检测排除其他水疱病""], ""risk_flags"": [""可能误判为普通口炎延误防控"", ""存在疫情扩散风险"", ""涉及重大动物疫病排查边界""], ""case_type"": ""暴发与处置边界"", ""target_disease"": ""塞内卡病毒A感染"", ""local_flags"": {""species_ok"": true, ""target_disease_in_diagnosis"": true, ""target_disease_mismatch"": false, ""contains_specific_dose"": false, ""contains_specific_withdrawal"": false, ""regulated_bad_treatment"": false}}",False,False,,,True,False,False,D:\XF-ChongQin\ai-\knowledge\llm_wiki_swine_authoritative,1465,887,"塞内卡病毒A感染
塞内卡病毒A感染、senecavirus a picornaviruses
暴发与处置边界
同栏或多栋猪舍短期内发病增多，用户询问是否能先按普通病治疗观察。","{""HUMAN_REVIEWED"": 3, ""NEEDS_REVIEW"": 2}","[""SRC-0001"", ""SRC-0037"", ""SRC-0052""]",2178,35.85,ERNIE-4.5-Turbo-32K,88,28,18,23,20,False,True,"该回答对塞内卡病毒A感染的诊断较为准确，症状描述与疾病特征相符，且考虑到了群发趋势和传染性。处理方向安全，强调了隔离、消毒和实验室检测的重要性，避免了误诊和疫情扩散的风险。数据质量较高，提供了详细的场景标签和验证点。
问题：诊断准确性方面，虽然症状描述与疾病相符，但未完全涵盖所有可能的症状，如部分猪只可能出现的跛行等，因此扣2分。；病理逻辑方面，对疾病的传播途径和防控措施的描述较为全面，但未详细解释为何需要排除口蹄疫等其他水疱病，因此扣2分。；处方安全方面，处理方向安全且合理，但未明确提及在确诊前不得使用抗病毒药物等具体注意事项，因此扣2分。；数据质量方面，整体较高，但风险标志中提到的'可能误判为普通口炎延误防控'未在回答中明确强调其严重性，因此扣5分（考虑到此点对整体数据质量影响较小，故扣分较少）。",hunyuan-turbos-20250926,85,90,88,90,85,False,False,该数据场景真实，用户描述了典型的塞内卡病毒A感染症状（发热、口腔水疱、蹄部红肿、群发），与疾病特征基本吻合。诊断思路正确，排除了口蹄疫等重大疫病的可能性，并给出了合理的防控建议。处方中未出现具体药物剂量或休药期承诺，安全边界清晰，强调了隔离、送检和禁止随意处置病猪的要求，避免了重大疫病扩散风险。不足之处在于未完整列举所有典型症状（如跛行）、未深入解释为何需排除其他水疱病，以及未明确提示确诊前禁用抗病毒药物的具体注意事项。,True,ERNIE-4.5-Turbo-32K,True,pass,该回答对塞内卡病毒A感染的诊断较为准确，症状描述与疾病特征基本相符，且考虑到了群发趋势和传染性。处理方向安全，强调了隔离、消毒和实验室检测的重要性，避免了误诊和疫情扩散的风险。尽管存在症状描述不够全面、未充分说明排除其他水疱病的理由以及未明确指出确诊前禁止使用抗病毒药物等轻微不足，但整体数据质量较高，不影响其作为有效数据的参考价值。,87.0,28,18,23,20,pass,25.1,24.84,
0ded6a88-ac6b-5dc3-bbd4-16d8c02a85bb,171,猪δ冠状病毒感染,swine_hunyuan_turbos,hunyuan-turbos-20250926,成功,,猪,我家有120头母猪，最近刚产下一批仔猪，现在15日龄左右，今天早上发现其中一窝8头小猪拉黄色稀粪，有的带点泡沫，精神还行，吃奶正常，体温没测过，圈舍温度在28度左右，湿度偏高，前几天刚换了一批料槽，之前没有类似情况。想问这是病毒性还是细菌性的？要不要马上打针？,根据日龄（15日龄）及粪便性状（黄色稀粪伴泡沫），结合整窝发病、无明显高热等特征，考虑病毒性腹泻可能性较大，如猪δ冠状病毒感染、轮状病毒、TGE等需优先排查；同时需排除大肠杆菌、C型产气荚膜梭菌等细菌性因素以及球虫等寄生虫因素。建议尽快采集新鲜粪便送实验室进行病原学检测，以明确病因。,treatment_direction: 目前无特效抗病毒药物，以支持疗法为主，防止继发细菌感染；可补充电解质溶液防脱水，保持圈舍温暖干燥，减少应激。；management_measures: 立即隔离病猪，加强保温通风，降低湿度；对全群母猪乳头消毒，防止交叉感染；暂停使用新料槽直至查明原因。；sampling_and_testing: 采集病猪新鲜粪便（含粘液部分）送实验室做PCR检测，区分病毒性（PDCoV、轮状病毒、TGEV等）、细菌性（大肠杆菌、梭菌等）及寄生虫（球虫）病原。；prohibited_boundaries: 在未明确病因前，禁止随意使用广谱抗生素或激素类药物掩盖病情；若怀疑重大动物疫病（如非洲猪瘟），应立即向当地畜牧兽医部门报告，不得擅自处置。,因未使用特定药物，暂无具体休药期要求；若后续使用抗生素，应按药品说明书执行相应休药期。,"{""disease_name"": ""猪δ冠状病毒感染"", ""severity"": ""中等"", ""scene_tags"": [""腹泻"", ""仔猪"", ""病毒性可能"", ""鉴别诊断""], ""validation_points"": [""按日龄和病程分层鉴别腹泻类型"", ""涵盖病毒性、细菌性、寄生虫性常见病因"", ""强调采样送检的重要性""], ""risk_flags"": [""需警惕重大动物疫病风险"", ""需排除人兽共患病以外的法定疫病""], ""case_type"": ""腹泻采样送检"", ""target_disease"": ""猪δ冠状病毒感染"", ""local_flags"": {""species_ok"": true, ""target_disease_in_diagnosis"": true, ""target_disease_mismatch"": false, ""contains_specific_dose"": false, ""contains_specific_withdrawal"": false, ""regulated_bad_treatment"": false}}",False,False,,,True,False,False,D:\XF-ChongQin\ai-\knowledge\llm_wiki_swine_authoritative,1465,887,"猪δ冠状病毒感染
猪δ冠状病毒感染、porcine deltacoronavirus
腹泻采样送检
用户描述粪便性状、日龄和病程，重点询问如何鉴别病毒性、细菌性或寄生虫性腹泻。","{""HUMAN_REVIEWED"": 1, ""NEEDS_REVIEW"": 4}","[""A0-MOA-573"", ""RC-DIARRHEA-001"", ""SRC-0001"", ""SRC-0052"", ""SRC-0062"", ""SRC-0063"", ""SRC-0064"", ""SRC-0071"", ""SRC-0072"", ""SRC-0073"", ""SRC-0077"", ""SRC-0081""]",2035,29.86,ERNIE-4.5-Turbo-32K,88,28,18,24,18,False,True,"该回答在诊断准确性、病理逻辑、处方安全性和数据质量方面表现良好，整体符合测试数据有效性要求。诊断考虑了病毒性、细菌性和寄生虫性腹泻的可能性，并建议进行实验室检测以明确病因，符合实际场景需求。处方安全，未出现与疾病相冲突的治疗建议，且强调了采样送检的重要性。数据质量方面，虽然场景描述和诊断逻辑较为清晰，但部分细节可进一步优化。
问题：诊断准确性方面，虽然考虑了多种可能性，但对猪δ冠状病毒感染的特异性症状描述不够详细，可能影响诊断的精准性。；病理逻辑方面，对病程发展和病理机制的阐述较为简略，缺乏深入的分析。；数据质量方面，场景描述中的湿度偏高和新料槽的使用与腹泻的关联性未充分展开，可能影响对病因的全面判断。",hunyuan-turbos-20250926,85,80,82,90,83,True,False,该数据整体真实可信，用户描述的场景（15日龄仔猪、黄色稀粪伴泡沫、整窝发病、环境温湿度变化）符合常见病毒性腹泻的临床背景。诊断部分覆盖了病毒性、细菌性及寄生虫性可能，并强调实验室检测，逻辑合理。处方建议支持疗法、隔离、环境改善及送检，未给出危险用药建议，安全性高。不足之处在于对猪δ冠状病毒感染的特征描述不足，未能突出其与其他病毒性腹泻的区别；病理机制分析较浅；环境诱因与新料槽更换的关联未进一步探讨。,True,ERNIE-4.5-Turbo-32K,True,pass,该回答在诊断准确性、病理逻辑、处方安全性和数据质量方面表现良好，整体符合测试数据有效性要求。诊断考虑了病毒性、细菌性和寄生虫性腹泻的可能性，并建议进行实验室检测以明确病因，符合实际场景需求。处方安全，未出现与疾病相冲突的治疗建议，且强调了采样送检的重要性。尽管对猪δ冠状病毒感染的特异性症状描述不够详细，病理机制分析较浅，环境诱因与新料槽更换的关联未进一步探讨，但这些不足不影响整体判断，可通过后续优化提升。,87.0,28,18,24,18,pass,19.8,19.69,
87e6a3fa-7e09-5356-b9c4-06a824d0dc70,390,猪δ冠状病毒感染,swine_hunyuan_turbos,hunyuan-turbos-20250926,成功,,猪,我家有200多头保育到育肥阶段的猪，现在20多天前开始陆续出现拉稀，先是小部分，后来扩散到全群，用了恩诺沙星和硫酸粘菌素拌料喂了7天，腹泻减轻但不彻底，还有零星拉水便。舍内温度偏低，通风一般，饲料没换过。想问下这种情况还要不要继续加抗生素？要不要送样检查？,结合病史、用药史及临床表现，考虑存在病毒性腹泻因素，可能为猪δ冠状病毒感染等病毒性疾病，同时可能合并细菌性继发感染。需通过实验室检测明确病原类型。,treatment_direction: 停止盲目使用广谱抗生素，改为对症支持治疗，如补充电解质、葡萄糖溶液防止脱水，改善饲养管理条件，提高舍温、加强通风，减少应激。；management_measures: 分群饲养，将病情严重的猪隔离，保持圈舍干燥清洁，定期消毒，控制密度，减少交叉感染机会。；sampling_and_testing: 采集新鲜腹泻粪便或直肠拭子，送具备资质的兽医实验室进行病原学检测（PCR），必要时做细菌分离培养以排除混合感染。；prohibited_boundary: 在未明确病因前，禁止随意更换或加大抗生素用量，以免掩盖病情或导致耐药菌产生。,因未使用特定药物，无具体休药期要求；若后续确诊需用药，应按兽药说明书执行相应停药期。,"{""disease_name"": ""猪δ冠状病毒感染"", ""severity"": ""中等"", ""scene_tags"": [""保育猪"", ""育肥猪"", ""腹泻"", ""病毒性感染"", ""混合感染""], ""validation_points"": [""符合PDCoV在保育至育肥阶段易发特点"", ""抗生素治疗无效提示非单纯细菌感染"", ""建议送检以区分病毒性与细菌性病因""], ""risk_flags"": [""潜在病毒性疾病"", ""需排除混合感染"", ""需实验室确诊""], ""case_type"": ""腹泻用药咨询"", ""target_disease"": ""猪δ冠状病毒感染"", ""local_flags"": {""species_ok"": true, ""target_disease_in_diagnosis"": true, ""target_disease_mismatch"": false, ""contains_specific_dose"": false, ""contains_specific_withdrawal"": false, ""regulated_bad_treatment"": false}}",False,False,,,True,False,False,D:\XF-ChongQin\ai-\knowledge\llm_wiki_swine_authoritative,1465,887,"猪δ冠状病毒感染
猪δ冠状病毒感染、porcine deltacoronavirus
腹泻用药咨询
猪群腹泻后已用过常见抗菌药效果一般，用户询问是否继续用药以及是否需要送检。","{""HUMAN_REVIEWED"": 1, ""NEEDS_REVIEW"": 4}","[""A0-MOA-573"", ""SRC-0001""]",2027,29.43,ERNIE-4.5-Turbo-32K,88,27,18,23,20,False,True,"该回答在诊断准确性、病理逻辑、处方安全性和数据质量方面表现良好，整体符合测试数据有效性要求。诊断考虑了病毒性腹泻因素，并建议实验室检测以明确病原，处方安全合理，未发现致命风险。
问题：diagnosis_accuracy: 诊断中虽提及猪δ冠状病毒感染可能性，但未充分排除其他病毒性腹泻疾病，如猪流行性腹泻病毒（PEDV）或传染性胃肠炎病毒（TGEV），诊断特异性稍显不足。；pathology_logic: 病理逻辑部分对混合感染的分析较为笼统，未详细阐述细菌性继发感染的可能病原及依据。；data_quality: 数据质量方面，场景标签和验证点较为全面，但风险标志中未明确提及人兽共患风险（尽管猪δ冠状病毒目前无人兽共患报道，但应注明以增强完整性）。",hunyuan-turbos-20250926,85,80,82,90,85,True,False,该数据场景真实，用户描述的症状与可能的猪δ冠状病毒感染相符，诊断方向合理且提示送检确认病原，处方建议安全，避免滥用抗生素，管理措施得当，无明显危险建议。不足之处在于诊断特异性不够高，未充分排除其他常见病毒性腹泻病因，对混合感染的病原分析较笼统，且缺少对人兽共患风险的说明。,True,ERNIE-4.5-Turbo-32K,True,pass,该回答在诊断准确性、病理逻辑、处方安全性和数据质量方面表现良好，诊断考虑了病毒性腹泻因素，并建议实验室检测以明确病原，处方安全合理，未发现致命风险。尽管诊断特异性稍显不足，未充分排除其他病毒性腹泻疾病，且对混合感染的病原分析较笼统，但整体符合测试数据有效性要求。,87.0,27,18,23,20,pass,20.46,16.85,
1640d56e-824d-577d-999c-3462432e7195,98,猪δ冠状病毒感染,swine_hunyuan_turbos,hunyuan-turbos-20250926,成功,,猪,我家有200头保育猪，平均体重25公斤左右，最近一周陆续出现拉稀，有的水样便，有的带点黏液，精神还行但采食量下降。之前用了恩诺沙星和硫酸新霉素拌料三天，效果不明显，现在想问还能继续加抗生素吗？要不要送样检测一下？猪舍温度偏低，通风一般，湿度偏高。,结合临床症状、用药史及环境因素，考虑猪δ冠状病毒感染可能性较大，同时需排除其他病毒性腹泻（如PED、TGE）及细菌性继发感染。建议通过实验室检测明确病原。,treatment_direction: 目前无特效抗病毒药物，重点在于支持疗法与对症管理，防止脱水与继发细菌感染。；management_measures: 提高舍温、改善通风降低湿度；提供清洁温水防止脱水；可在饲料或饮水中添加电解质和维生素C增强抵抗力；减少应激因素。；sampling_and_testing: 采集新鲜腹泻粪便或直肠拭子送至具备资质的实验室进行PDCoV核酸检测，必要时同步检测PEDV、TGEV等常见腹泻病毒。；prohibited_boundaries: 严禁使用未经批准的兽药或超范围用药；禁止随意出售或转移疑似染疫猪只；若检测结果阳性且符合当地规定，应按主管部门要求进行隔离、消毒或无害化处理。,因未涉及特定批准药物，无明确休药期要求；若后续使用合法兽药，须按说明书执行相应休药期。,"{""disease_name"": ""猪δ冠状病毒感染"", ""severity"": ""中等"", ""scene_tags"": [""保育猪"", ""腹泻"", ""低体温高湿环境"", ""抗菌药无效""], ""validation_points"": [""症状与PDCoV流行病学特征相符"", ""抗菌药无效提示非单纯细菌性疾病"", ""环境低温高湿利于病毒存活""], ""risk_flags"": [""存在病毒持续传播风险"", ""可能与其他腹泻病毒混合感染"", ""需警惕疫情扩散""], ""case_type"": ""腹泻用药咨询"", ""target_disease"": ""猪δ冠状病毒感染"", ""local_flags"": {""species_ok"": true, ""target_disease_in_diagnosis"": true, ""target_disease_mismatch"": false, ""contains_specific_dose"": false, ""contains_specific_withdrawal"": false, ""regulated_bad_treatment"": false}}",False,False,,,True,False,False,D:\XF-ChongQin\ai-\knowledge\llm_wiki_swine_authoritative,1465,887,"猪δ冠状病毒感染
猪δ冠状病毒感染、porcine deltacoronavirus
腹泻用药咨询
猪群腹泻后已用过常见抗菌药效果一般，用户询问是否继续用药以及是否需要送检。","{""HUMAN_REVIEWED"": 1, ""NEEDS_REVIEW"": 4}","[""A0-MOA-573"", ""SRC-0001""]",2027,27.52,ERNIE-4.5-Turbo-32K,88,28,18,23,20,False,True,"该回答在诊断准确性、病理逻辑、处方安全性和数据质量方面表现良好，整体符合猪δ冠状病毒感染的测试数据要求，无致命风险，通过评估。
问题：diagnosis_accuracy: 诊断中虽提及需排除其他病毒性腹泻（如PED、TGE）及细菌性继发感染，但未详细说明如何进一步鉴别，诊断逻辑稍显不足。；pathology_logic: 病理逻辑部分对环境因素（低温高湿）与病毒存活的关系解释不够深入，逻辑链条可进一步完善。；data_quality: 数据质量方面，场景标签和验证点较为全面，但风险标志中未明确提及人兽共患风险（尽管猪δ冠状病毒目前无人兽共患报道，但应注明以规避潜在误解）。",hunyuan-turbos-20250926,85,8,8,9,8.5,False,False,该数据场景真实，症状与目标疾病高度吻合，诊断思路合理并提示排除其他可能病因，处理方案注重支持疗法与环境改善，避免滥用抗生素，并给出明确的采样检测与安全处置建议，无明显危险建议。不足之处在于鉴别诊断细节和环境致病机制阐述不够充分，且未明确标注人兽共患风险状态。,True,ERNIE-4.5-Turbo-32K,True,pass,该回答在诊断准确性、病理逻辑、处方安全性和数据质量方面表现良好，诊断思路合理，处理方案注重支持疗法与环境改善，避免滥用抗生素，并给出明确的采样检测与安全处置建议，无明显危险建议。尽管存在鉴别诊断细节和环境致病机制阐述不够充分，且未明确标注人兽共患风险状态等轻微不足，但不影响整体判断，可通过评估。,87.0,28,18,23,20,pass,18.98,17.84,
3ed40a5e-bec3-5e19-a07b-f6b2aa406b40,248,猪丝状病毒相关感染,swine_hunyuan_turbos,hunyuan-turbos-20250926,成功,,猪,我家有120头80公斤左右的育肥猪，最近一周陆续出现精神沉郁、食欲下降、体温升高到40℃左右的情况，部分猪呼吸急促、皮肤发红。之前用了氟苯尼考和多西环素拌料喂了三天，症状有所缓解但没完全好转。请问还能继续用这些药吗？会不会是传染病？,结合临床表现（高热、精神差、呼吸急促、皮肤发红）及用药反应，提示可能为病毒性感染，需考虑猪丝状病毒相关感染的可能性，同时不排除其他呼吸道病毒混合感染。由于该病属于高风险病毒病，且存在人兽共患风险，需优先排除重大疫病。,立即停止自行投喂抗生素，避免掩盖病情；将发病猪与健康猪严格隔离，减少人员流动和工具交叉使用；采集血液、鼻拭子或组织样本送具备资质的实验室进行病原检测；加强圈舍通风与消毒，保持干燥清洁；在检测结果明确前，禁止出售、调运或屠宰，并按规定向当地动物防疫部门报告。,因涉及重大疫病排查，暂停一切出栏计划，直至检测结果明确并按主管部门意见执行后续措施。,"{""disease_name"": ""猪丝状病毒相关感染"", ""severity"": ""高"", ""scene_tags"": [""育肥猪"", ""高热"", ""呼吸急促"", ""皮肤发红"", ""用药无效""], ""validation_points"": [""症状符合病毒性发热性疾病特征"", ""抗生素治疗无明显改善支持非细菌性病因"", ""存在人兽共患风险需谨慎处理""], ""risk_flags"": [""重大动物疫病风险"", ""人兽共患风险"", ""跨区域传播风险""], ""case_type"": ""育肥猪用药咨询"", ""target_disease"": ""猪丝状病毒相关感染"", ""local_flags"": {""species_ok"": true, ""target_disease_in_diagnosis"": true, ""target_disease_mismatch"": false, ""contains_specific_dose"": false, ""contains_specific_withdrawal"": false, ""regulated_bad_treatment"": false}}",False,False,,,True,False,False,D:\XF-ChongQin\ai-\knowledge\llm_wiki_swine_authoritative,1465,887,"猪丝状病毒相关感染
猪丝状病毒相关感染、filoviruses reston ebolavirus zaire ebolavirus
育肥猪用药咨询
育肥猪出现典型症状，用户已经用过常见药物但效果一般，询问是否继续用药。","{""NEEDS_REVIEW"": 5}","[""SRC-0001""]",2058,28.87,ERNIE-4.5-Turbo-32K,88,28,18,25,17,False,True,"该回答整体表现良好，诊断准确性较高，能够结合症状和用药反应合理推断病毒性感染的可能性，并考虑了猪丝状病毒相关感染及人兽共患风险。病理逻辑清晰，处方安全合理，符合重大疫病防控要求。数据质量方面，症状描述和场景标签较为全面，但可进一步补充具体检测方法和报告流程的细节。
问题：诊断准确性方面，虽然考虑了病毒性感染和猪丝状病毒相关感染的可能性，但未明确排除其他类似症状的病毒病，如猪瘟或蓝耳病，诊断范围略宽泛。；病理逻辑方面，对症状与病毒性感染的关联性分析较为充分，但对抗生素治疗无效的进一步解释（如细菌耐药性或混合感染）不够深入。；数据质量方面，场景标签和验证点较为全面，但风险标志中未明确提及具体的人兽共患病毒种类（如Reston埃博拉病毒），可能影响防控措施的针对性。；处方安全方面，整体措施合理，但未提及检测结果阴性后的复养计划或生物安全措施的长期执行要求。",hunyuan-turbos-20250926,85,8,8.5,9,8,False,False,回答能基于真实养殖场景的症状描述，合理推测可能的病毒性感染，并考虑到猪丝状病毒相关感染及人兽共患风险，诊断思路基本正确。处方措施安全、合规，强调隔离、送检、上报等防控措施，无危险用药建议。不足之处在于诊断范围较宽，未明确排除其他高致病性病毒病，且对人兽共患病毒的种类说明不足，影响防控精准度。,True,ERNIE-4.5-Turbo-32K,True,pass,回答整体表现良好，诊断准确性较高，能够结合症状和用药反应合理推断病毒性感染的可能性，并考虑了猪丝状病毒相关感染及人兽共患风险。病理逻辑清晰，处方安全合理，符合重大疫病防控要求。尽管存在诊断范围略宽泛、对人兽共患病毒种类说明不足等轻微不足，但不影响整体判断，可判为pass。,87.0,28,18,25,17,pass,22.15,14.99,
9b47846d-45c5-5b01-8b5d-784c776f2661,156,猪丹毒,swine_hunyuan_turbos,hunyuan-turbos-20250926,成功,,猪,我家有120头80公斤左右的育肥猪，这几天有几头陆续出现精神沉郁、体温升高到41℃左右，皮肤上有淡红色到紫色的菱形斑块，有的还有关节肿、跛行的情况，已经持续三四天了，圈舍通风一般，之前用过阿莫西林饮水，效果不明显。现在快到出栏时间了，这种情况还能治吗？会不会影响卖猪？,根据描述，结合皮肤菱形红斑、高热、关节肿胀等症状，高度怀疑为急性败血型猪丹毒。该病由革兰氏阳性杆菌引起，可通过血液传播，易在应激条件下暴发。需要与A. suis败血症、沙门氏菌感染、链球菌病等作实验室鉴别。,treatment_direction: 立即隔离病猪，减少混群应激；对全群进行敏感抗生素支持性治疗（如青霉素类或四环素类），配合解热镇痛措施；改善圈舍通风与卫生条件，降低密度。；management_measures: 加强饲养管理，保证清洁饮水与饲料营养；病死猪无害化处理，防止病原扩散；密切监测同栏其他猪只健康状态。；sampling_and_testing: 采集病猪血液、皮肤病变组织及关节液送实验室做细菌分离培养与PCR鉴定，必要时做血清学检测以排除其他相似疾病。；prohibited_boundaries: 严禁使用未经批准的违禁药物；禁止将可疑病猪与健康猪混养或直接出售；发现疫情应按规定向当地畜牧兽医部门报告。,因临近出栏且使用了抗生素治疗，需依据所用药物种类及国家相关规定执行相应休药期，确保猪肉安全后方可上市销售。建议暂停出栏计划直至检测结果和休药期明确。,"{""disease_name"": ""猪丹毒"", ""severity"": ""高"", ""scene_tags"": [""育肥猪"", ""高热"", ""菱形皮肤病变"", ""关节肿胀"", ""临近出栏""], ""validation_points"": [""临床表现符合急性败血型猪丹毒特征"", ""需与A. suis败血症等多病原鉴别"", ""治疗与管理措施需兼顾控制传播和保障食品安全""], ""risk_flags"": [""重大动物疫病风险"", ""人畜共患病无直接风险"", ""存在跨区域传播隐患""], ""case_type"": ""上市休药期咨询"", ""target_disease"": ""猪丹毒"", ""local_flags"": {""species_ok"": true, ""target_disease_in_diagnosis"": true, ""target_disease_mismatch"": false, ""contains_specific_dose"": false, ""contains_specific_withdrawal"": false, ""regulated_bad_treatment"": false}}",False,False,,,True,False,False,D:\XF-ChongQin\ai-\knowledge\llm_wiki_swine_authoritative,1465,887,"猪丹毒
猪丹毒、erysipelas
上市休药期咨询
用户接近出栏，关心治疗方向和用药后能否出栏销售。","{""HUMAN_REVIEWED"": 4}","[""SRC-0001"", ""SRC-0058"", ""SRC-0065""]",2221,28.7,ERNIE-4.5-Turbo-32K,88,28,18,23,20,False,True,"该回答对猪丹毒的诊断准确，症状描述与疾病特征匹配，鉴别诊断考虑全面。治疗与管理措施兼顾了疾病控制与食品安全，休药期建议合理。数据质量较高，信息完整且逻辑清晰。
问题：诊断准确性方面，虽提及鉴别诊断但未详细说明实验室鉴别方法的具体选择依据。；病理逻辑方面，对疾病传播途径和应激条件暴发的描述稍显笼统，缺乏具体案例或数据支持。；处方安全方面，未明确列出具体抗生素种类及剂量范围，仅提及药物类别。；数据质量方面，风险标签中‘人畜共患病无直接风险’的表述可能引发误解，猪丹毒虽非典型人畜共患病，但仍有潜在风险需谨慎说明。",hunyuan-turbos-20250926,85,90,85,88,85,False,False,"该数据整体真实可信，用户描述的育肥猪症状与猪丹毒的典型表现高度吻合，诊断思路正确并考虑了鉴别诊断。治疗方案符合常规防控原则，管理措施到位，包含必要的生物安全和上报要求。休药期提示合理，避免了具体药物剂量，降低了用药风险。不足之处在于部分细节可更严谨，例如实验室鉴别方法的选取依据、应激诱发机制的描述以及人畜共患风险的表述需要更准确。
问题：实验室鉴别方法的选择依据未详细解释，可能影响临床操作指导的针对性。；对猪丹毒在应激条件下的暴发机制描述较笼统，缺少实例或数据支撑。；关于人畜共患病风险的说法不够严谨，可能引起误解。",True,ERNIE-4.5-Turbo-32K,True,pass,该回答对猪丹毒的诊断准确，症状描述与疾病特征匹配，鉴别诊断考虑全面。治疗与管理措施兼顾了疾病控制与食品安全，休药期建议合理。尽管存在部分细节描述不够严谨的问题，如实验室鉴别方法的选择依据、应激诱发机制的描述以及人畜共患病风险的表述，但这些问题属于轻微不足，不影响整体诊断和处置方向的安全性和有效性。,87.0,28,18,23,20,pass,20.17,18.66,
c0b1e749-5053-52ea-9888-b8108192c889,229,猪丹毒,swine_hunyuan_turbos,hunyuan-turbos-20250926,成功,,猪,我家有120头保育猪，现在60日龄左右，最近三天陆续有几头不吃料，精神沉郁，体温摸着偏高，有的耳朵发紫，身上还看到几块粉红色菱形的斑块，粪便偏稀。舍内通风一般，湿度偏大。之前用过阿莫西林拌料，效果不明显。请问这是啥病？该怎么处理？,根据描述的发热、精神沉郁、耳部发绀及典型的菱形皮肤病变，结合保育猪阶段高发特点，高度怀疑为急性猪丹毒。该病由红斑丹毒丝菌引起，可通过饮水、饲料或伤口感染，常在应激条件下暴发。需注意与A. suis败血症等相似疾病鉴别。,treatment_direction: 立即隔离病猪，改善圈舍通风与干燥度，适当提高环境温度以减轻代谢负担；尽快采集血液、组织样品送实验室确诊，并做细菌培养与药敏试验。；management_measures: 对全群加强消毒，暂停混群操作；保证清洁饮水和易消化饲料，减少应激；病死猪无害化处理。；sampling_and_testing: 采集疑似病例的血液、脾、肾等组织进行细菌分离培养和PCR检测，必要时做血清学检测排除其他传染病。；prohibited_boundaries: 在未明确诊断前，不得使用未经许可的药物或超范围抗生素；严禁私自屠宰、销售可疑病猪；若确诊为重大动物疫病，应按规定上报并执行扑杀、封锁等措施。,因未明确使用具体药物，暂不标注具体休药期；一旦确定用药方案，须按药物说明书和国家规定执行相应休药期。,"{""disease_name"": ""猪丹毒"", ""severity"": ""高"", ""scene_tags"": [""保育猪"", ""群体发病"", ""皮肤病变"", ""高热"", ""采食下降""], ""validation_points"": [""菱形皮肤病变是急性猪丹毒的典型表现"", ""保育猪阶段易感性高，且常伴环境应激因素"", ""需与A. suis败血症等疾病鉴别""], ""risk_flags"": [""可能为人畜共患病无关但属重要经济动物疫病"", ""存在扩散风险，需及时隔离与检测""], ""case_type"": ""保育猪群体发病"", ""target_disease"": ""猪丹毒"", ""local_flags"": {""species_ok"": true, ""target_disease_in_diagnosis"": true, ""target_disease_mismatch"": false, ""contains_specific_dose"": false, ""contains_specific_withdrawal"": false, ""regulated_bad_treatment"": false}}",False,False,,,True,False,False,D:\XF-ChongQin\ai-\knowledge\llm_wiki_swine_authoritative,1465,887,"猪丹毒
猪丹毒、erysipelas
保育猪群体发病
群体发病、采食下降、粪便或呼吸道异常，用户想知道主要病因和下一步处理。","{""HUMAN_REVIEWED"": 4}","[""SRC-0001"", ""SRC-0006"", ""SRC-0058"", ""SRC-0065""]",2221,25.44,ERNIE-4.5-Turbo-32K,88,28,18,24,18,False,True,"整体回答质量较高，诊断准确性、处方安全性和逻辑性均表现良好，数据质量基本满足要求，无明显致命风险。
问题：诊断准确性方面，虽然识别了猪丹毒的典型症状，但未充分讨论鉴别诊断（如A. suis败血症）的细节，可能影响诊断的全面性。；病理逻辑方面，对猪丹毒的传播途径和应激条件暴发的描述较为笼统，缺乏具体案例或数据支持。；数据质量方面，场景标签和验证点较为全面，但风险标志中未明确提及人兽共患病风险（尽管猪丹毒非人兽共患病，但应明确说明以避免混淆）。",hunyuan-turbos-20250926,85,90,80,95,85,False,False,该数据整体真实可信，用户提供的症状与猪丹毒典型特征吻合度高，诊断思路清晰且考虑了鉴别诊断。处方部分强调隔离、送检、消毒和无害化处理，符合生物安全要求，无危险用药建议。不足之处在于鉴别诊断细节不足、传播途径描述较笼统，以及未明确声明猪丹毒非人兽共患病以消除潜在误解。,True,ERNIE-4.5-Turbo-32K,True,pass,整体回答质量较高，诊断准确性、处方安全性和逻辑性均表现良好，数据质量基本满足要求。虽然存在鉴别诊断细节不足、传播途径描述较笼统以及未明确声明猪丹毒非人兽共患病等轻微不足，但不影响整体判断，且无致命风险。,87.0,28,18,24,18,pass,15.96,16.88,
d546fee1-5a15-5224-b11f-11471f7605b0,83,猪丹毒,swine_hunyuan_turbos,hunyuan-turbos-20250926,成功,,猪,我家是育肥场，存栏大概400头，现在这批猪平均90公斤左右。最近有五六头陆续出现精神沉郁、体温升高到41℃以上，皮肤上有淡红色到紫色的菱形斑块，有的还有关节肿、跛行的情况。病程已经有三四天了，之前用过阿莫西林拌料，效果不明显。想问问这种情况是不是猪丹毒？如果要送样检测的话应该取哪些部位？怎么保存运输才不会影响结果？另外怕误诊成别的病耽误防控。,根据描述的发热、皮肤菱形红斑、关节肿胀等症状，高度怀疑为急性猪丹毒。该病由革兰氏阳性杆菌引起，可通过血液、皮肤和关节液传播，常呈败血症表现。由于皮肤病变形态与其他病原（如A. suis、沙门氏菌、链球菌等）相似，必须通过实验室检测确诊。,treatment_direction: 一旦确诊应依据兽医指导使用敏感抗生素控制感染，同时加强饲养管理减少应激。；management_measures: 立即隔离发病猪，对圈舍进行彻底清洁消毒，防止交叉污染；保证饮水充足、饲料新鲜，减少密度。；sampling_and_testing: 采集发病猪的血液（抗凝）、皮肤病变组织及关节液样本，冷藏密封运输至具备资质的实验室进行细菌分离培养和PCR检测，必要时做血清学检测。；prohibited_boundaries: 在未确诊前禁止随意更换广谱抗生素或大剂量用药掩盖病情；严禁将可疑病例与健康猪混养；发现疑似重大疫情应立即向当地畜牧兽医部门报告。,具体停药期和休药期须按所用药物说明书及兽医处方执行，确保上市猪肉符合食品安全标准。,"{""disease_name"": ""猪丹毒"", ""severity"": ""高"", ""scene_tags"": [""育肥猪"", ""高热"", ""皮肤菱形斑"", ""关节肿胀"", ""抗生素治疗无效""], ""validation_points"": [""症状与急性猪丹毒典型表现一致"", ""需通过实验室检测排除A. suis等其他病原"", ""强调隔离、消毒和及时送检的重要性""], ""risk_flags"": [""可能误诊延误防控"", ""存在群体传播风险""], ""case_type"": ""采样送检咨询"", ""target_disease"": ""猪丹毒"", ""local_flags"": {""species_ok"": true, ""target_disease_in_diagnosis"": true, ""target_disease_mismatch"": false, ""contains_specific_dose"": false, ""contains_specific_withdrawal"": false, ""regulated_bad_treatment"": false}}",False,False,,,True,False,False,D:\XF-ChongQin\ai-\knowledge\llm_wiki_swine_authoritative,1465,887,"猪丹毒
猪丹毒、erysipelas
采样送检咨询
用户描述症状后，重点询问采什么样品、如何判断和如何避免误治。","{""HUMAN_REVIEWED"": 4}","[""SRC-0001"", ""SRC-0058"", ""SRC-0065""]",2221,25.93,ERNIE-4.5-Turbo-32K,88,28,18,23,20,False,True,"该回答整体表现良好，诊断准确性较高，症状与猪丹毒典型表现一致，且强调了实验室检测的重要性。病理逻辑清晰，考虑到了其他相似病原的鉴别诊断。处方安全合理，提出了隔离、消毒和及时送检等关键措施。数据质量方面，场景标签和验证点设置合理，风险标识明确。
问题：diagnosis_accuracy: 虽诊断准确，但未明确提及猪丹毒的病原名称（红斑丹毒丝菌），略显不足。；pathology_logic: 对其他相似病原的鉴别诊断描述可更详细，以增强逻辑严谨性。；data_quality: 场景标签和验证点虽合理，但可进一步丰富，如增加具体症状描述的标签。",hunyuan-turbos-20250926,85,8,8,9,8,False,False,"该数据场景真实，用户描述了典型的猪丹毒临床表现，包括高热、菱形红斑、关节肿胀等，与猪丹毒的典型特征相符。诊断部分正确识别了可能的疾病并强调实验室确诊，避免了仅凭经验下结论的风险。处方建议合理，包含隔离、消毒、送检等措施，并明确了未确诊前的用药禁忌，体现了生物安全和食品安全意识。不足之处在于病原学名未明确提及，鉴别诊断可更详尽，以及场景标签和验证点可进一步细化。
问题：诊断中未明确指出猪丹毒的病原为红斑丹毒丝菌（Erysipelothrix rhusiopathiae）。；鉴别诊断部分仅简单列举了几种可能病原，缺乏对各病原与猪丹毒在症状、流行特点上的对比分析。；场景标签和验证点设置较为笼统，可增加更多细节标签以方便后续模型训练。",True,ERNIE-4.5-Turbo-32K,True,pass,该回答整体表现良好，诊断准确性较高，症状与猪丹毒典型表现一致，且强调了实验室检测的重要性。病理逻辑清晰，考虑到了其他相似病原的鉴别诊断。处方安全合理，提出了隔离、消毒和及时送检等关键措施。虽然存在病原学名未明确提及、鉴别诊断可更详尽、场景标签和验证点可进一步细化等轻微不足，但不影响整体质量，可判pass。,87.0,28,18,23,20,pass,17.6,16.21,
0b423065-2757-598a-9094-03c49177ed16,249,猪乙型脑炎,swine_hunyuan_turbos,hunyuan-turbos-20250926,成功,,猪,我家是200头基础母猪的种猪场，最近有3头怀孕90多天的母猪陆续流产，还有两头公猪精神不振、采食量下降，精液稀薄。气温高、蚊子多，之前没做过乙脑疫苗。这种情况会不会传染？还能继续配种吗？,根据描述，母猪中期流产、死胎及公猪精液质量下降，结合高温、蚊虫活跃的环境特点，高度怀疑为猪乙型脑炎病毒感染所致。该病由日本脑炎病毒引起，通过蚊虫叮咬传播，可导致妊娠母猪流产、死胎及公猪生殖功能受损。,treatment_direction: 目前无特效抗病毒药物，主要采取支持性护理和对症处理，减少继发感染风险。；management_measures: 立即隔离发病母猪和受影响公猪，加强圈舍防蚊灭蚊措施，清理积水，安装纱窗纱门，使用驱蚊剂。对未发病母猪进行紧急疫苗接种（按当地兽医指导），并暂停配种计划直至疫情控制。；sampling_testing: 采集流产胎儿组织、血液样本送实验室进行JEV核酸检测或血清学检测，同时排查其他繁殖障碍病因如PRRS、伪狂犬等。；prohibited_actions: 禁止将疑似病猪及其后代外调销售，禁止与健康猪混群饲养，不得擅自使用未经批准的抗病毒药物。,本病为病毒性传染病，无特定休药期概念，应依据检测结果和疫情解除情况决定恢复配种时间。,"{""disease_name"": ""猪乙型脑炎"", ""severity"": ""中等至严重（可导致繁殖力显著下降）"", ""scene_tags"": [""种猪场"", ""繁殖障碍"", ""蚊媒传播"", ""公猪精液异常""], ""validation_points"": [""符合蚊媒传播的季节与环境特征"", ""妊娠中后期流产提示病毒性繁殖障碍"", ""公猪精液质量下降与JEV感染相符""], ""risk_flags"": [""潜在流行性"", ""需排除其他繁殖障碍病因"", ""存在人畜共患病混淆风险（虽非人兽共患，但需科学沟通）""], ""case_type"": ""种猪繁殖障碍"", ""target_disease"": ""猪乙型脑炎"", ""local_flags"": {""species_ok"": true, ""target_disease_in_diagnosis"": true, ""target_disease_mismatch"": false, ""contains_specific_dose"": false, ""contains_specific_withdrawal"": false, ""regulated_bad_treatment"": false}}",False,False,,,True,False,False,D:\XF-ChongQin\ai-\knowledge\llm_wiki_swine_authoritative,1465,887,"猪乙型脑炎
猪乙型脑炎、japanese encephalitis virus
种猪繁殖障碍
种猪场出现流产、死胎、返情或公猪异常，用户担心传染病和是否继续配种。","{""HUMAN_REVIEWED"": 3, ""NEEDS_REVIEW"": 2}","[""SRC-0001"", ""SRC-0015"", ""SRC-0025"", ""SRC-0035""]",2145,32.36,ERNIE-4.5-Turbo-32K,88,28,18,23,20,False,True,"整体回答质量较高，诊断准确性、病理逻辑、处方安全性和数据质量均表现良好，无明显致命风险，符合通过标准。
问题：diagnosis_accuracy: 诊断准确性得分略低，主要因未完全排除其他繁殖障碍疾病（如PRRS、伪狂犬）的可能性，尽管已提及排查，但未充分强调其重要性。；pathology_logic: 病理逻辑得分中等，因对蚊媒传播机制的详细解释不足，且未明确说明乙脑病毒对公猪生殖系统的具体影响路径。；prescription_safety: 处方安全性得分较高，但‘禁止擅自使用未经批准的抗病毒药物’的表述略显笼统，未具体说明可能的风险药物类别。；data_quality: 数据质量得分中等，因风险标志中提及‘存在人畜共患病混淆风险’但实际乙脑非人兽共患病，此点可能引发误解，尽管后续有科学沟通提示。",hunyuan-turbos-20250926,85,8.5,8.0,9.0,8.0,False,False,该回答在诊断思路、防控建议和安全边界方面总体合理，能够结合流行病学特征识别猪乙型脑炎，并提出隔离、防蚊、采样检测和暂停配种等措施，避免了危险用药建议。不足之处在于对其他繁殖障碍疾病的鉴别诊断强调不够，蚊媒传播机制解释较简略，以及个别表述可能引起误解。,True,ERNIE-4.5-Turbo-32K,True,pass,回答整体质量较高，诊断方向准确，结合了流行病学特征和临床表现，提出了合理的防控建议，包括隔离、防蚊、采样检测和暂停配种等措施，避免了危险用药建议。尽管在鉴别诊断、蚊媒传播机制解释和部分表述准确性方面存在轻微不足，但不影响整体安全性和参考价值。,87.0,28,18,23,20,pass,22.97,17.13,
582852dd-cfcd-5650-9849-3bbc32b1d27a,249,猪乙型脑炎,swine_hunyuan_turbos,hunyuan-turbos-20250926,成功,,猪,我家是种猪场，存栏大概120头能繁母猪和8头公猪，最近一个月陆续有3头怀孕母猪在80多天流产，还有两头生下死胎，部分母猪返情周期延长。公猪采精量下降，精液活力也不如以前。这段时间本地蚊子挺多的，天气闷热潮湿。之前没做过乙脑疫苗，想问是不是传染病，还能不能继续配种？,根据症状（妊娠中后期流产、死胎、返情）及当地蚊虫活跃情况，高度怀疑为猪乙型脑炎病毒感染所致。该病由日本脑炎病毒引起，通过蚊虫叮咬传播，常在夏秋季高发，可导致母猪繁殖障碍和公猪精液质量下降。,treatment_direction: 目前无特效抗病毒药物，重点在于控制传播源和减少暴露机会。对发病母猪进行隔离观察，避免与健康猪混养。；management_measures: 立即清理积水减少蚊虫孳生，使用安全有效的驱蚊措施（如纱窗、蚊帐、驱蚊灯等），暂停受影响公猪的配种工作，直至精液质量恢复并排除病原。；sampling_submission: 采集流产胎儿组织、胎盘、血液样本送实验室检测乙脑病毒核酸或抗体，同时排查其他常见繁殖障碍病因（如PRRS、伪狂犬、细小病毒）。；prohibited_boundary: 在未明确病原前，禁止将疑似感染猪调入健康猪群或外售，防止疫情扩散。,本病为病毒性传染病，无特定药物休药期，应依据检测结果和流行病学调查结果决定是否解除限制。,"{""disease_name"": ""猪乙型脑炎"", ""severity"": ""中等偏重（可导致繁殖性能显著下降）"", ""scene_tags"": [""种猪场"", ""繁殖障碍"", ""蚊虫媒介"", ""夏秋季""], ""validation_points"": [""妊娠中后期流产与死胎符合乙脑特征"", ""公猪精液质量下降与乙脑感染相符"", ""当地蚊虫活跃增加传播风险""], ""risk_flags"": [""可能持续传播"", ""可能影响全群繁殖率""], ""case_type"": ""种猪繁殖障碍"", ""target_disease"": ""猪乙型脑炎"", ""local_flags"": {""species_ok"": true, ""target_disease_in_diagnosis"": true, ""target_disease_mismatch"": false, ""contains_specific_dose"": false, ""contains_specific_withdrawal"": false, ""regulated_bad_treatment"": false}}",False,False,,,True,False,False,D:\XF-ChongQin\ai-\knowledge\llm_wiki_swine_authoritative,1465,887,"猪乙型脑炎
猪乙型脑炎、japanese encephalitis virus
种猪繁殖障碍
种猪场出现流产、死胎、返情或公猪异常，用户担心传染病和是否继续配种。","{""HUMAN_REVIEWED"": 3, ""NEEDS_REVIEW"": 2}","[""SRC-0001"", ""SRC-0015"", ""SRC-0025"", ""SRC-0035""]",2145,30.8,ERNIE-4.5-Turbo-32K,88,28,18,23,20,False,True,"该回答整体表现良好，诊断准确性较高，症状与疾病匹配合理，处理方向安全且与疾病相互印证。病理逻辑清晰，但可进一步补充细节。处方安全，管理措施全面，数据质量较高，无明显错误。
问题：诊断准确性方面，虽然高度怀疑猪乙型脑炎，但未完全排除其他繁殖障碍疾病的可能性，如PRRS、伪狂犬、细小病毒等，尽管后续有采样排查建议，但初始诊断可更谨慎。；病理逻辑方面，对乙脑病毒的传播途径和病理机制描述可更详细，以增强诊断的说服力。；数据质量方面，虽然场景标签和验证点较为全面，但风险标志可更具体，如明确指出人兽共患风险（尽管猪乙型脑炎主要影响猪，但理论上存在人感染风险，尽管极低）。",hunyuan-turbos-20250926,85,90,85,95,85,False,False,"该案例场景真实，用户描述的母猪流产、死胎、返情以及公猪精液异常与猪乙型脑炎的典型临床表现相符，且结合当地蚊虫活跃的背景，诊断方向合理。处理方案强调隔离、防蚊、采样检测和防止扩散，符合生物安全要求，未给出危险用药建议。不足之处在于初始诊断虽高度怀疑乙脑，但对其他繁殖障碍疾病的鉴别诊断提示不够突出，病理机制解释略简略，对人兽共患风险的提醒不足。
问题：初始诊断未充分强调需与其他繁殖障碍性疾病（如PRRS、伪狂犬、细小病毒）鉴别的重要性。；对乙脑病毒的传播机制和病理过程描述较简略，影响诊断说服力。；未明确提及猪乙型脑炎的人兽共患潜在风险，尽管概率低，但在公共卫生沟通中应有所说明。",True,ERNIE-4.5-Turbo-32K,True,pass,诊断准确性较高，症状与疾病匹配合理，处理方向安全且与疾病相互印证。尽管在初始诊断中未充分强调与其他繁殖障碍性疾病的鉴别诊断，且对乙脑病毒的传播机制和病理过程描述较简略，但后续有采样排查建议，且整体病理逻辑清晰，管理措施全面，无明显错误。,87.0,28,18,23,20,pass,22.1,20.03,
a0bdb2e8-daf4-5bab-8917-ee1b919952f2,30,猪乙型脑炎,swine_hunyuan_turbos,hunyuan-turbos-20250926,成功,,猪,我家有200头能繁母猪，最近两个月陆续有10多头母猪出现流产、死胎和木乃伊胎，部分母猪还伴有轻微发热。周边村里有蚊子多的情况，之前没打过乙脑疫苗。想问问这种情况是不是乙脑？要送什么样品去检测？现在还能继续配种吗？要不要暂停引种？,根据描述，存在季节性（夏秋季）、伴随蚊虫活动的繁殖障碍表现，包括流产、死胎、木乃伊胎及轻度发热，符合猪乙型脑炎的典型特征。建议通过实验室检测进一步确诊。,treatment_direction: 目前无特效抗病毒药物，主要采取支持性护理，减少应激，改善饲养环境，防止继发细菌感染。；management_measures: 立即暂停受影响母猪的配种计划，对全场母猪进行乙脑疫苗接种（按当地防疫部门指导），加强防蚊灭蚊措施，清理积水，降低传播风险。；sampling_for_testing: 采集流产胎儿脑组织、脾脏、肝脏等组织样本，冷藏保存尽快送检；同时可采集母猪血液做血清学检测。；prohibited_actions: 在未排除重大疫病前，禁止将场内母猪或仔猪外调，禁止引入新种源，防止疫情扩散。,因无特效药物治疗，不涉及药物休药期问题；重点在于控制传染源和阻断传播链。,"{""disease_name"": ""猪乙型脑炎"", ""severity"": ""中等偏重，可导致繁殖力显著下降"", ""scene_tags"": [""繁殖障碍"", ""蚊虫传播"", ""夏秋季高发""], ""validation_points"": [""症状与季节、蚊虫活动高度相关"", ""胎儿死亡与木乃伊化提示病毒感染"", ""需实验室检测确诊""], ""risk_flags"": [""可能为人畜共患病的潜在公共卫生关注对象"", ""需防范疫情扩散""], ""case_type"": ""繁殖障碍送检"", ""target_disease"": ""猪乙型脑炎"", ""local_flags"": {""species_ok"": true, ""target_disease_in_diagnosis"": true, ""target_disease_mismatch"": false, ""contains_specific_dose"": false, ""contains_specific_withdrawal"": false, ""regulated_bad_treatment"": false}}",False,False,,,True,False,False,D:\XF-ChongQin\ai-\knowledge\llm_wiki_swine_authoritative,1465,887,"猪乙型脑炎
猪乙型脑炎、japanese encephalitis virus
繁殖障碍送检
繁殖异常持续出现，用户询问该采哪些样品、是否需要暂停配种和引种。","{""HUMAN_REVIEWED"": 2, ""NEEDS_REVIEW"": 2}","[""RC-REPRO-001"", ""SRC-0001"", ""SRC-0035"", ""SRC-0045"", ""SRC-0048"", ""SRC-0049"", ""SRC-0050"", ""SRC-0060"", ""SRC-0061"", ""SRC-0067"", ""SRC-0068"", ""SRC-0085""]",2221,29.43,ERNIE-4.5-Turbo-32K,88,28,18,23,20,False,True,"整体回答质量较高，诊断准确性、病理逻辑、处方安全性和数据质量均表现良好，无明显致命风险。诊断依据充分，与疾病特征高度匹配，管理措施和采样建议合理，符合疾病防控要求。
问题：diagnosis_accuracy: 诊断依据充分，但未明确提及实验室检测的必要性，仅建议进一步确诊，略显笼统。；pathology_logic: 病理逻辑基本合理，但未详细解释蚊虫传播与疾病高发的直接关联，逻辑链条可更完善。；prescription_safety: 处方安全性高，但未明确提及人兽共患病的防护措施，如人员防护和消毒，存在轻微遗漏。；data_quality: 数据质量良好，但场景标签和验证点可更具体，如增加蚊虫密度监测等细节。",hunyuan-turbos-20250926,85,4.5,4.3,4.8,4.2,False,False,该回答在诊断思路、病理逻辑、防控措施方面总体准确且符合实际生产情境，未出现危险建议。诊断基于典型症状与流行病学背景，管理建议涵盖免疫、防蚊、隔离等措施，采样方案合理。不足之处在于未强调实验室检测的具体必要性与方法，以及人兽共患病防护的细节。,True,ERNIE-4.5-Turbo-32K,True,pass,整体回答质量较高，诊断准确性、病理逻辑、处方安全性和数据质量均表现良好，无明显致命风险。诊断依据充分，与疾病特征高度匹配，管理措施和采样建议合理，符合疾病防控要求。尽管存在未明确提及实验室检测必要性、蚊虫传播与疾病高发关联解释不够深入、未提及人兽共患病防护措施等轻微不足，但不影响整体方向和安全性，可通过后续优化完善。,87.0,28,18,23,20,pass,20.08,19.16,
06dfa29c-da02-53ab-953e-2bb372cf7324,30,猪乙型脑炎,swine_hunyuan_turbos,hunyuan-turbos-20250926,成功,,猪,我家有120头能繁母猪，平均胎次2-3胎，最近两个月陆续发现几窝怀孕后期流产，有的产出死胎、木乃伊胎，还有个别弱仔，体温没明显升高，也没见腹泻咳嗽。周边今年夏天蚊子特别多，之前没打过乙脑疫苗。想问问这种情况要不要停配种？要送什么样品去检查？,根据描述，怀孕中后期流产、死胎、木乃伊胎及弱仔，且当地夏季蚊虫活跃，未接种乙脑疫苗，高度怀疑猪乙型脑炎病毒感染所致繁殖障碍。该病由日本脑炎病毒引起，通过蚊虫叮咬传播，可导致母猪流产、死胎、木乃伊胎及弱仔，公猪也可能出现睾丸炎。需结合实验室检测确认。,treatment_direction: 目前无特效抗病毒药物，主要采取支持性护理，加强圈舍防蚊灭蚊措施，改善通风降温条件，减少应激。对流产母猪观察恢复情况，必要时淘汰严重病例。；management_measures: 立即暂停受影响批次的配种计划，防止带毒母猪继续参与繁殖；暂停从外部引种，防止引入新病原；全群加强防蚊灭蚊工作，清理积水，使用驱蚊剂或纱窗等物理屏障；记录每批母猪的妊娠日龄、流产时间、胎儿状况，以便后续分析。；sampling_submission: 采集流产胎儿脑组织、脾脏、肝脏及部分羊水/胎盘组织，冷藏保存尽快送检；同时采集同群健康母猪血液进行血清学检测（如ELISA），排查抗体水平；有条件可做PCR检测病毒核酸。；prohibited_boundaries: 严禁将疑似病料随意丢弃或流入市场；禁止未经检疫的生猪调入调出；在未确诊前不得盲目使用抗生素或激素类药物掩盖病情。,本病为病毒性传染病，无特定药物休药期，重点在于控制传染源和切断传播途径。,"{""disease_name"": ""猪乙型脑炎"", ""severity"": ""中等至严重（可导致繁殖损失）"", ""scene_tags"": [""繁殖障碍"", ""流产"", ""死胎"", ""木乃伊胎"", ""弱仔"", ""蚊媒传播""], ""validation_points"": [""症状符合乙脑特征：怀孕中后期流产、死胎、木乃伊胎、弱仔"", ""环境因素支持蚊媒传播（夏季蚊虫多）"", ""未接种疫苗增加易感性""], ""risk_flags"": [""存在蚊媒传播风险，可能波及全场"", ""若不及时控制，可能导致连续批次繁殖失败"", ""需警惕公猪睾丸炎表现""], ""case_type"": ""繁殖障碍送检"", ""target_disease"": ""猪乙型脑炎"", ""local_flags"": {""species_ok"": true, ""target_disease_in_diagnosis"": true, ""target_disease_mismatch"": false, ""contains_specific_dose"": false, ""contains_specific_withdrawal"": false, ""regulated_bad_treatment"": false}}",False,False,,,True,False,False,D:\XF-ChongQin\ai-\knowledge\llm_wiki_swine_authoritative,1465,887,"猪乙型脑炎
猪乙型脑炎、japanese encephalitis virus
繁殖障碍送检
繁殖异常持续出现，用户询问该采哪些样品、是否需要暂停配种和引种。","{""HUMAN_REVIEWED"": 2, ""NEEDS_REVIEW"": 2}","[""RC-REPRO-001"", ""SRC-0001"", ""SRC-0035"", ""SRC-0045"", ""SRC-0048"", ""SRC-0049"", ""SRC-0050"", ""SRC-0060"", ""SRC-0061"", ""SRC-0067"", ""SRC-0068"", ""SRC-0085""]",2221,35.3,ERNIE-4.5-Turbo-32K,88,28,18,24,18,False,True,"该回答整体表现良好，诊断准确性较高，症状与疾病匹配合理，诊断逻辑清晰，处理方向安全且与疾病相互印证。数据质量方面，信息完整且场景标签准确，但部分细节可进一步优化。
问题：diagnosis_accuracy: 诊断准确性较高，但未完全覆盖所有可能症状（如公猪睾丸炎未在用户查询中明确提及，但回答中提及，虽合理但未直接对应查询内容，扣2分）。；pathology_logic: 病理逻辑清晰，但可进一步解释蚊媒传播与疾病发生的关系，以增强逻辑性，扣2分。；prescription_safety: 处方安全，但‘必要时淘汰严重病例’可更具体说明淘汰标准，以增强操作性，扣1分。；data_quality: 数据质量良好，但风险标志中‘需警惕公猪睾丸炎表现’未在用户查询中直接体现，虽为合理提醒，但可视为非直接相关细节，扣2分；场景标签准确，但可增加‘未接种疫苗’作为标签，以更全面反映情况，扣5分（因标签完整性扣分较多，但考虑到其他方面表现优秀，整体数据质量仍较高）。",hunyuan-turbos-20250926,85,90,90,95,80,True,False,"该回答在诊断上基本准确，症状与目标疾病匹配度高，处理方案符合乙脑防控原则，无明显危险建议，并强调了生物安全措施。不足之处在于部分细节（如公猪睾丸炎）未在用户提问中体现，采样与管理建议虽合理但可更贴合用户实际情境，场景标签不够全面。
问题：诊断部分提及的公猪睾丸炎未在用户问题中出现，略显多余。；病理机制解释可更深入，例如明确蚊媒传播链与感染过程。；管理建议中的淘汰标准不够具体，可能影响执行。；场景标签缺少“未接种疫苗”这一关键信息。",True,ERNIE-4.5-Turbo-32K,True,pass,回答整体表现良好，诊断准确性较高，症状与疾病匹配合理，诊断逻辑清晰，处理方向安全且与疾病相互印证。虽存在部分细节问题，如诊断中提及的公猪睾丸炎未在用户问题中出现，病理机制解释可更深入，管理建议中的淘汰标准不够具体，场景标签不够全面等，但不影响整体判断，数据质量较高。,87.0,28,18,24,18,pass,23.66,23.0,
5f9ca621-6790-510f-8c22-b68d5ce56fd8,322,猪乙型脑炎,swine_hunyuan_turbos,hunyuan-turbos-20250926,成功,,猪,我家有120头能繁母猪，最近两个月陆续有怀孕70多天的母猪发生流产，有的还产出木乃伊胎，个别母猪体温升高到40℃左右，周边也有零星类似情况。之前没打过乙脑疫苗，想问问这种情况是不是乙脑？要怎么采样送检？现在还能继续配种吗？要不要先停一下引种？,根据描述，怀孕中后期母猪出现流产、木乃伊胎及一过性发热，且未接种乙脑疫苗，符合猪乙型脑炎的典型表现。该病由日本脑炎病毒引起，主要通过蚊虫叮咬传播，夏秋季高发，可导致妊娠母猪流产、死胎、木乃伊胎等繁殖障碍。,treatment_direction: 目前无特效抗病毒药物，主要依靠防蚊灭蚊切断传播链。对发病母猪进行对症治疗，如退热、补液，防止继发细菌感染。；management_measures: 立即清理猪舍及周边积水，减少蚊虫孳生；安装纱窗、使用驱蚊剂或杀虫灯降低蚊密度；加强饲养管理，保证营养充足，提高抵抗力。；sampling_for_testing: 采集流产胎儿脑组织、脾脏、肝脏等新鲜组织样本，置于冰袋冷藏尽快送实验室做PCR检测或病毒分离；同时可采集母猪血液做血清学检测（IgM/IgG），辅助判断近期感染。；prohibited_actions: 在未明确排除重大传染病前，暂停引入新种猪；禁止将流产胎儿随意丢弃或喂犬猫，以防病毒扩散。,因无特效药物治疗，不涉及药物休药期问题；防控重点为阻断传播链。,"{""disease_name"": ""猪乙型脑炎"", ""severity"": ""中等偏重（可导致繁殖损失，但不直接致死成年猪）"", ""scene_tags"": [""繁殖障碍"", ""流产"", ""木乃伊胎"", ""夏秋季"", ""蚊虫传播""], ""validation_points"": [""怀孕中后期流产、木乃伊胎提示病毒性繁殖障碍"", ""未接种疫苗增加感染风险"", ""季节性特征支持蚊媒传播""], ""risk_flags"": [""可能通过蚊虫向其他猪群扩散"", ""存在进一步疫情蔓延风险""], ""case_type"": ""繁殖障碍送检"", ""target_disease"": ""猪乙型脑炎"", ""local_flags"": {""species_ok"": true, ""target_disease_in_diagnosis"": true, ""target_disease_mismatch"": false, ""contains_specific_dose"": false, ""contains_specific_withdrawal"": false, ""regulated_bad_treatment"": false}}",False,False,,,True,False,False,D:\XF-ChongQin\ai-\knowledge\llm_wiki_swine_authoritative,1465,887,"猪乙型脑炎
猪乙型脑炎、japanese encephalitis virus
繁殖障碍送检
繁殖异常持续出现，用户询问该采哪些样品、是否需要暂停配种和引种。","{""HUMAN_REVIEWED"": 2, ""NEEDS_REVIEW"": 2}","[""RC-REPRO-001"", ""SRC-0001"", ""SRC-0035"", ""SRC-0045"", ""SRC-0048"", ""SRC-0049"", ""SRC-0050"", ""SRC-0060"", ""SRC-0061"", ""SRC-0067"", ""SRC-0068"", ""SRC-0085""]",2221,24.0,ERNIE-4.5-Turbo-32K,88,28,18,24,18,False,True,"该回答整体表现良好，诊断准确性较高，症状与疾病匹配合理，诊断逻辑清晰，处理方向安全且与疾病相互印证。但在病理逻辑和数据质量方面存在一定提升空间。
问题：病理逻辑方面，对乙脑病毒传播途径和季节性特征的描述较为基础，未深入分析具体传播机制和防控难点。；数据质量方面，对用户查询的响应较为全面，但部分信息如采样送检的具体流程和注意事项可进一步细化。",hunyuan-turbos-20250926,85,90,80,90,80,False,False,该数据整体真实可信，用户描述的怀孕母猪流产、木乃伊胎、一过性发热等症状与乙脑典型临床表现高度吻合，且结合未接种疫苗的背景，诊断依据充分。处理建议包括防蚊灭蚊、对症支持治疗、规范采样送检流程以及暂停引种等措施，均符合乙脑防控原则，未发现危险建议。不足之处在于病理机制解释较浅，缺乏传播细节与防控难点的深入说明，采样送检流程可更细致化。,True,ERNIE-4.5-Turbo-32K,True,pass,诊断准确性较高，症状与疾病匹配合理，处理方向安全且与疾病相互印证。尽管在病理逻辑和数据质量方面存在一定提升空间，如对乙脑病毒传播途径和季节性特征的描述较为基础，采样送检的具体流程和注意事项可进一步细化，但整体不影响数据可用性。,87.0,28,18,24,18,pass,15.38,18.95,
473c7c71-a0ea-58de-bc15-086a09d3a73b,468,猪乙型脑炎,swine_hunyuan_turbos,hunyuan-turbos-20250926,成功,,猪,我家有120头能繁母猪，平均胎次3胎左右，最近两个月陆续发现几窝怀孕后期（90天以后）的母猪出现早产、死胎、木乃伊胎的情况，有的还伴随体温升高、精神沉郁。之前没有大规模发病过，周边也有类似情况。现在想问问这种情况是不是传染病？要不要先停配种和引种？如果要送样检测，应该取什么样本比较合适？,根据描述，怀孕后期出现死胎、木乃伊胎及母猪发热等症状，符合猪乙型脑炎等病毒性繁殖障碍病的表现特征。该病由蚊子传播的日本脑炎病毒引起，多发于夏秋季，可导致妊娠中后期胎儿死亡或畸形。需结合胎龄分布、胎儿病理变化及实验室检测进一步确诊。,treatment_direction: 目前无特效抗病毒药物，主要采取支持性护理和对症处理，减少继发细菌感染风险。；management_measures: 立即暂停配种和引入新种猪，防止疫情扩散；加强场内防蚊灭蚊措施，清理积水，安装纱窗纱门；对出现症状的母猪进行隔离观察，记录体温、食欲和精神状况。；sampling_for_testing: 采集流产胎儿脑组织、肝脏、脾脏等新鲜组织，同时采集母猪血液做血清学检测；有条件可做PCR检测病毒核酸。样本应低温保存并及时送检。；prohibited_actions: 严禁私自屠宰、出售或转运可疑病猪及其产品；不得擅自使用未经批准的疫苗或药物替代防控。,因无特效药物治疗，不涉及药物休药期问题；若后续使用疫苗，应遵循疫苗说明书和国家相关规定执行。,"{""disease_name"": ""猪乙型脑炎"", ""severity"": ""中等偏重，可能导致繁殖率显著下降"", ""scene_tags"": [""繁殖障碍"", ""死胎"", ""木乃伊胎"", ""夏秋季高发"", ""蚊媒传播""], ""validation_points"": [""症状与妊娠后期胎儿死亡吻合"", ""存在季节性蚊媒传播风险"", ""建议送检胎儿组织和血清""], ""risk_flags"": [""疑似重大动物疫病风险"", ""需暂停配种和引种"", ""需及时采样送检""], ""case_type"": ""繁殖障碍送检"", ""target_disease"": ""猪乙型脑炎"", ""local_flags"": {""species_ok"": true, ""target_disease_in_diagnosis"": true, ""target_disease_mismatch"": false, ""contains_specific_dose"": false, ""contains_specific_withdrawal"": false, ""regulated_bad_treatment"": false}}",False,False,,,True,False,False,D:\XF-ChongQin\ai-\knowledge\llm_wiki_swine_authoritative,1465,887,"猪乙型脑炎
猪乙型脑炎、japanese encephalitis virus
繁殖障碍送检
繁殖异常持续出现，用户询问该采哪些样品、是否需要暂停配种和引种。","{""HUMAN_REVIEWED"": 2, ""NEEDS_REVIEW"": 2}","[""RC-REPRO-001"", ""SRC-0001"", ""SRC-0035"", ""SRC-0045"", ""SRC-0048"", ""SRC-0049"", ""SRC-0050"", ""SRC-0060"", ""SRC-0061"", ""SRC-0067"", ""SRC-0068"", ""SRC-0085""]",2221,27.22,ERNIE-4.5-Turbo-32K,88,28,18,23,20,False,True,"整体回答质量较高，诊断准确性、病理逻辑、处方安全性和数据质量均表现良好，无明显致命风险。诊断准确描述了猪乙型脑炎的症状和传播途径，处方安全合理，管理措施和采样建议符合疾病防控要求。
问题：诊断部分对胎龄分布和胎儿病理变化的描述较为笼统，缺乏具体细节。；病理逻辑部分对蚊媒传播的季节性特征和场内防控措施的关联性解释不够深入。；数据质量部分对症状描述的完整性和实验室检测方法的说明稍显不足。",hunyuan-turbos-20250926,85,9,8.5,9,8,False,False,该数据整体真实可信，用户提问的场景符合猪乙型脑炎在能繁母猪中的典型流行特点，诊断与症状高度吻合，管理建议和采样方案科学且安全，未出现危险用药或违规操作提示。但诊断中对胎龄分布、胎儿病变细节以及蚊媒传播与季节关联的解释略显笼统，可进一步增强专业深度。,True,ERNIE-4.5-Turbo-32K,True,pass,诊断与症状高度吻合，管理建议和采样方案科学且安全，无致命风险。尽管诊断部分对胎龄分布和胎儿病理变化的描述较笼统，病理逻辑中蚊媒传播与季节、环境管理的关联性解释不够深入，数据质量方面症状描述和实验室检测方法说明不够详尽，但整体回答质量较高，不影响数据可用性。,87.0,28,18,23,20,pass,17.11,18.29,
cd7de7e3-9194-5986-9f5b-04d3b350ef28,222,猪传染性胃肠炎,swine_hunyuan_turbos,hunyuan-2.0-instruct-20251111,成功,,猪,我家养的是猪，现在保育阶段有批40日龄、均重12公斤左右的小猪，总共存栏180头。从四天前开始陆续出现拉黄色水样稀粪，有的伴有呕吐，吃料明显下降，体温大多正常，用过恩诺沙星和阿莫西林拌料三天，腹泻没止住，还有七八头脱水明显。圈舍通风一般，最近天气忽冷忽热，地面潮湿。我想问问这种情况还能继续用抗菌药吗？要不要采点样送检看看？,根据描述的日龄、症状和用药反应，高度怀疑为猪传染性胃肠炎（TGEV）。该病在保育猪群易发，典型表现为突发黄色水样腹泻、呕吐、减料，环境温度波动及潮湿会促进传播；抗菌药对病毒性腹泻本身无效，故之前用药效果一般符合该病因特征。,治疗方向: 针对病毒本身无特效抗病毒药，主要防止继发细菌感染并缓解脱水与代谢紊乱；重点支持对症治疗和护理。；管理措施: 立即将发病猪隔离至温暖、干燥、通风良好的栏舍，减少应激；保证清洁饮水，可添加电解质溶液防脱水；适当提高饲料营养浓度，少量多次饲喂易消化饲料；清理并消毒污染区域，控制人员、工具交叉流动。；采样送检: 采集发病猪的直肠拭子或新鲜粪便样本送实验室进行病毒检测（如RT-PCR）及必要时的鉴别诊断（区分PRCV等），明确病原以便后续防控决策。；禁忌边界: 不可依赖抗菌药作为主要治疗手段来期望治愈本病；禁止在疑似重大疫病流行时仅自行用药而隐瞒不报，须结合检测结果与当地防疫部门意见执行防控措施。,,"{""disease_name"": ""猪传染性胃肠炎"", ""severity"": ""中等偏重（在保育阶段可导致较高死亡率，尤其伴脱水时）"", ""scene_tags"": [""保育猪"", ""黄色水样腹泻"", ""呕吐"", ""天气变化"", ""潮湿环境"", ""抗菌药无效""], ""validation_points"": [""日龄与易感阶段吻合（保育猪高发）"", ""症状符合TGEV典型表现（水样腹泻、呕吐、减料）"", ""抗菌药无效提示非细菌性为主因"", ""环境因素（温度波动、潮湿）可促进传播""], ""risk_flags"": [""需警惕病毒在群体中快速扩散"", ""脱水个体需优先护理防死亡"", ""应送检确诊以排除其他病原并评估是否触发重大疫病处置流程""], ""case_type"": ""腹泻用药咨询"", ""target_disease"": ""猪传染性胃肠炎"", ""local_flags"": {""species_ok"": true, ""target_disease_in_diagnosis"": true, ""target_disease_mismatch"": false, ""contains_specific_dose"": false, ""contains_specific_withdrawal"": false, ""regulated_bad_treatment"": false}}",False,False,,,True,False,False,D:\XF-ChongQin\ai-\knowledge\llm_wiki_swine_authoritative,1465,887,"猪传染性胃肠炎
猪传染性胃肠炎、transmissible gastroenteritis virus、TGE、TGEV
腹泻用药咨询
猪群腹泻后已用过常见抗菌药效果一般，用户询问是否继续用药以及是否需要送检。","{""HUMAN_REVIEWED"": 3, ""NEEDS_REVIEW"": 2}","[""SRC-0001"", ""SRC-0036"", ""SRC-0037"", ""SRC-0079""]",2190,204.16,ERNIE-4.5-Turbo-32K,88,28,18,24,18,False,True,"该回答在诊断准确性、病理逻辑、处方安全性和数据质量方面表现良好，整体符合猪传染性胃肠炎的诊断与处理要求，无明显致命风险。
问题：diagnosis_accuracy: 诊断准确性得分略低，主要因未完全排除其他类似症状疾病（如PRCV）的可能性，尽管提到送检鉴别，但诊断描述中未充分强调鉴别诊断的必要性。；data_quality: 数据质量得分受影响，因场景标签和验证点虽全面，但风险标志中未明确提及人兽共患风险评估（尽管TGEV非人兽共患病，但应明确说明以增强完整性）。",hunyuan-turbos-20250926,85,8.5,9,9,8,False,False,"回答准确识别了猪传染性胃肠炎的典型症状与流行病学背景，解释了抗菌药无效的机制，并给出了合理的对症支持措施和隔离消毒建议，同时强调了送检确认病原的重要性，避免了盲目用药的风险。不足之处在于鉴别诊断提示不够突出，且未明确声明该病非人兽共患病以完善安全边界。
问题：诊断部分未充分强调需通过实验室检测与其他相似疾病（如PRCV）鉴别的必要性。；未明确说明猪传染性胃肠炎不属于人兽共患病，缺乏完整的安全边界表述。",True,ERNIE-4.5-Turbo-32K,True,pass,回答在诊断准确性、病理逻辑、处方安全性和数据质量方面表现良好，准确识别了猪传染性胃肠炎的典型症状与流行病学背景，解释了抗菌药无效的机制，并给出了合理的对症支持措施和隔离消毒建议，同时强调了送检确认病原的重要性，避免了盲目用药的风险。尽管在鉴别诊断提示和人兽共患病说明方面存在轻微不足，但不影响整体诊断和处置方向的安全性及疾病匹配性。,87.0,28,18,24,18,pass,36.18,94.57,
bcd45e49-5afa-597b-aab8-fcfae833ab41,295,猪传染性胃肠炎,swine_hunyuan_turbos,hunyuan-turbos-20250926,成功,,猪,老师您好，我这边是河南一个自繁自养场，存栏大概1200头，最近一周有20多头不同阶段的猪出现腹泻，最早是刚断奶的小猪（约25日龄），拉的是黄色稀粪带泡沫，后来有几头保育猪（50公斤左右）也开始拉稀，粪便偏水样，个别猪有轻微呕吐，没有发烧，精神还行，采食量下降不明显。之前用过恩诺沙星拌料两天，效果一般。想请教下这种情况是病毒性还是细菌性的？要不要做病原检测？,根据日龄分布、粪便性状及病程特点，应考虑病毒性腹泻的可能，包括猪传染性胃肠炎病毒（TGEV）、猪流行性腹泻病毒（PEDV）、轮状病毒等，同时需排除大肠杆菌、产气荚膜梭菌、球虫等细菌性与寄生虫性因素。建议结合实验室检测明确病原。,立即将腹泻猪与健康猪分群管理，加强保温与饮水卫生，减少应激；采集新鲜粪便或肠内容物送实验室进行病原检测（RT-PCR或电镜）；在确诊前避免使用广谱抗生素掩盖病情；若怀疑为TGEV/PEDV等病毒性腹泻，无特效治疗药物，应以支持疗法为主，如补液、电解质平衡、防止继发细菌感染；严禁随意使用未经批准的抗病毒药物。,因目前仅为对症与支持治疗，无特定化学药物使用，无需标注具体休药期；若后续使用抗生素治疗，应按药品说明书执行并遵守停药期规定。,"{""disease_name"": ""猪传染性胃肠炎"", ""severity"": ""中等"", ""scene_tags"": [""腹泻"", ""多阶段猪"", ""水样便"", ""轻度呕吐"", ""疑似病毒性""], ""validation_points"": [""按日龄分层鉴别腹泻病因"", ""考虑病毒性、细菌性、寄生虫性多重可能性"", ""强调采样送检的重要性""], ""risk_flags"": [""需区分重大疫病与普通腹泻"", ""禁止擅自使用未经批准的药物""], ""case_type"": ""腹泻采样送检"", ""target_disease"": ""猪传染性胃肠炎"", ""local_flags"": {""species_ok"": true, ""target_disease_in_diagnosis"": true, ""target_disease_mismatch"": false, ""contains_specific_dose"": false, ""contains_specific_withdrawal"": false, ""regulated_bad_treatment"": false}}",False,False,,,True,False,False,D:\XF-ChongQin\ai-\knowledge\llm_wiki_swine_authoritative,1465,887,"猪传染性胃肠炎
猪传染性胃肠炎、transmissible gastroenteritis virus、TGE、TGEV
腹泻采样送检
用户描述粪便性状、日龄和病程，重点询问如何鉴别病毒性、细菌性或寄生虫性腹泻。","{""HUMAN_REVIEWED"": 2, ""NEEDS_REVIEW"": 2}","[""RC-DIARRHEA-001"", ""SRC-0001"", ""SRC-0007"", ""SRC-0036"", ""SRC-0052"", ""SRC-0062"", ""SRC-0063"", ""SRC-0064"", ""SRC-0071"", ""SRC-0072"", ""SRC-0073"", ""SRC-0077"", ""SRC-0081""]",2221,31.32,ERNIE-4.5-Turbo-32K,88,28,18,23,20,False,True,"该回答在诊断准确性、病理逻辑、处方安全性和数据质量方面表现良好，整体符合猪传染性胃肠炎的鉴别诊断与处理原则，无明显致命风险。
问题：诊断部分对猪传染性胃肠炎的特异性描述稍显不足，未明确强调其典型症状（如呕吐、水样腹泻在低日龄猪中的高发病率）。；病理逻辑中未充分解释为何排除细菌性腹泻（如大肠杆菌）的依据，仅提及需排除，缺乏具体分析。；处方安全性中未明确提及对哺乳母猪或妊娠母猪的特殊管理建议，尽管场景未明确涉及，但作为自繁自养场应考虑全面性。；数据质量中场景标签和验证点覆盖较全，但风险标志中“禁止擅自使用未经批准的药物”可进一步细化至具体药物类别（如干扰素、免疫增强剂等）。",hunyuan-turbos-20250926,85,8.5,8.2,9.0,8.6,False,False,回答总体准确，能够结合年龄分布、粪便性状和病程特征提出病毒性腹泻的可能性，并列出常见病原及需排除的细菌性和寄生虫因素，建议实验室检测合理且必要。处方措施以隔离、保温、支持疗法为主，避免滥用抗生素，符合安全规范。不足之处在于对猪传染性胃肠炎的典型临床特征描述不够突出，对排除细菌性腹泻的理由分析不足，以及缺少针对自繁自养场特殊群体（如哺乳母猪）的管理提示。,True,ERNIE-4.5-Turbo-32K,True,pass,回答在诊断准确性、病理逻辑、处方安全性和数据质量方面表现良好，符合猪传染性胃肠炎的鉴别诊断与处理原则，无明显致命风险。尽管存在对猪传染性胃肠炎典型症状描述不足、排除细菌性腹泻依据分析不充分以及未考虑自繁自养场特殊群体管理建议等轻微不足，但整体不影响回答的准确性和安全性，可判为pass。,87.0,28,18,23,20,pass,22.15,15.78,
c05ec802-7353-5b7f-8d66-094157c2a909,441,猪传染性胃肠炎,swine_hunyuan_turbos,hunyuan-turbos-20250926,成功,,猪,我家有120头25日龄左右的断奶仔猪，最近两天陆续出现拉稀，粪便呈黄色水样，有的还带点酸臭味，精神差、吃料少，个别猪已经明显脱水。舍内温度一直保持在22℃，之前没用过什么药，想问问这是啥原因，该怎么处理？,根据描述的症状（水样腹泻、酸臭、脱水、采食下降）及日龄特点，高度怀疑为猪传染性胃肠炎（TGEV）。该病在哺乳后期至保育早期最易暴发，传染性强，常呈全栏甚至全场流行。需结合实验室检测（如RT-PCR、ELISA）进一步确诊。,treatment_direction: 目前无特效抗病毒药，重点在于支持疗法与控制继发感染。；management_measures: 立即将病猪与健康猪严格分群隔离，减少人员、器具、车辆交叉接触。；提高舍温2-3℃以减少应激，改善保温条件，防止低温加重脱水。；保证清洁饮水，可在饮水中添加适量电解质、葡萄糖补充能量。；对严重脱水猪进行腹腔补液或静脉补液，维持体液平衡。；sampling_and_testing: 采集新鲜粪便或肠内容物送实验室做TGEV RT-PCR检测。；必要时采集配对血清进行TGEV/PRCV抗体检测，按群体动态分析。；prohibited_boundary: 严禁随意使用未经批准的兽药或抗生素作为‘特效’治疗。；禁止擅自出售、调运病猪或疑似病猪，以防疫情扩散。；若确诊为重大动物疫病，应配合当地畜牧兽医部门执行扑杀、无害化处理等措施。,本病为病毒性传染病，无特定药物休药期，但在恢复期内应避免过早出栏或进入屠宰环节，确保无残留健康风险。,"{""disease_name"": ""猪传染性胃肠炎"", ""severity"": ""高"", ""scene_tags"": [""群体腹泻"", ""保育猪"", ""急性流行""], ""validation_points"": [""症状与TGEV典型特征一致（水样腹泻、酸臭、脱水、采食下降）"", ""年龄阶段符合高发期（25日龄左右）"", ""建议采取隔离、保温、补液等支持措施""], ""risk_flags"": [""高传染性，存在全场扩散风险"", ""需警惕与其他腹泻性疾病（如PED、轮状病毒）鉴别"", ""涉及重大动物疫病防控边界，需及时报告并配合检测""], ""case_type"": ""腹泻群体发病"", ""target_disease"": ""猪传染性胃肠炎"", ""local_flags"": {""species_ok"": true, ""target_disease_in_diagnosis"": true, ""target_disease_mismatch"": false, ""contains_specific_dose"": false, ""contains_specific_withdrawal"": false, ""regulated_bad_treatment"": false}}",False,False,,,True,False,False,D:\XF-ChongQin\ai-\knowledge\llm_wiki_swine_authoritative,1465,887,"猪传染性胃肠炎
猪传染性胃肠炎、transmissible gastroenteritis virus、TGE、TGEV
腹泻群体发病
同窝或同栏出现水样腹泻、脱水、采食下降，用户想知道主要病因和紧急处理。","{""HUMAN_REVIEWED"": 3, ""NEEDS_REVIEW"": 2}","[""SRC-0001"", ""SRC-0006"", ""SRC-0036""]",2102,34.1,ERNIE-4.5-Turbo-32K,88,28,18,23,20,False,True,"该回答整体表现良好，诊断准确性较高，症状与疾病匹配合理，诊断逻辑清晰，处理方向安全且与疾病相互印证，数据质量较高，无明显错误或风险。
问题：diagnosis_accuracy: 诊断准确性较高，但未提及实验室检测的必要性对确诊的绝对性影响，可进一步强调实验室检测的重要性。；pathology_logic: 病理逻辑基本清晰，但未详细解释为何排除其他类似疾病（如PED、轮状病毒）的可能性。；prescription_safety: 处方安全，但‘提高舍温2-3℃’的建议略显笼统，未考虑不同环境条件下的具体调整。；data_quality: 数据质量较高，但‘withdrawal_period’部分提及‘无特定药物休药期’时，可补充说明病毒性传染病的一般管理原则。",hunyuan-turbos-20250926,85,8.5,8.0,9.0,8.5,True,False,该数据整体真实可信，用户描述的场景符合猪传染性胃肠炎的典型发病背景，症状与疾病特征吻合度高。诊断思路明确，并提示了实验室确诊的必要性，处理措施以对症支持为主，兼顾生物安全和防疫要求，没有发现危险用药建议。不足之处在于未充分排除其他相似病因，以及部分建议较为笼统，缺乏细化操作指引。,True,ERNIE-4.5-Turbo-32K,both,pass,该回答整体表现良好，诊断准确性较高，症状与疾病匹配合理，诊断逻辑清晰，处理方向安全且与疾病相互印证。虽然存在未详细说明如何排除其他相似病因、部分建议略显笼统等轻微不足，但不影响整体数据质量，且未发现危险用药建议或明显错误。,87.0,28,18,23,20,pass,24.2,18.73,
26f0dc99-4368-5438-875c-13b6ec401836,76,猪传染性胃肠炎,swine_hunyuan_turbos,ERNIE-4.5-Turbo-32K,成功,,猪,我家有100头育肥猪，平均体重100公斤左右，马上要出栏了，但最近两天部分猪出现水样腹泻，粪便呈黄绿色，有酸臭味，食欲下降，体温正常，已经死了2头，之前没遇到过这种情况，也没用过药，现在该怎么处理？还能不能正常出栏销售？,根据症状描述（水样腹泻、黄绿色粪便、酸臭味、食欲下降、体温正常）及病程（近期两天出现，已死亡2头），结合临近出栏阶段，初步怀疑为猪传染性胃肠炎（TGE），但需与猪流行性腹泻、猪δ冠状病毒感染等病毒性腹泻及细菌性腹泻（如仔猪黄白痢）进行鉴别诊断。,治疗方向：以缓解脱水、酸中毒和饥饿为主，提供温暖、干燥、无贼风的环境，保证自由饮水（可添加口服补液盐或葡萄糖生理盐水），必要时可进行腹腔补液。管理措施：立即隔离病猪，对猪舍、用具及环境进行彻底消毒，加强通风换气，减少应激。采样送检：采集病猪粪便、肠道内容物或死亡猪的肠道组织，送实验室进行病毒分离（如猪肾、猪甲状腺或猪睾丸细胞分离）及RT-PCR检测，以确诊是否为TGEV感染。禁忌边界：禁止使用对病毒性腹泻无效的抗生素进行盲目治疗，避免滥用药物导致耐药性产生；禁止将病猪与健康猪混群饲养，防止疫情扩散。,因未使用具体药物，无需设定休药期；但需确保病猪完全康复且符合出栏标准后方可销售。,"{""disease_name"": ""猪传染性胃肠炎"", ""severity"": ""中等（已出现死亡病例，需及时干预）"", ""scene_tags"": [""育肥猪"", ""病毒性腹泻"", ""临近出栏"", ""隔离消毒"", ""实验室检测""], ""validation_points"": [""症状描述与猪传染性胃肠炎相符，但需实验室检测确诊"", ""治疗方向以缓解脱水、酸中毒为主，符合TGE支持性处理边界"", ""强调隔离消毒和管理措施，防止疫情扩散"", ""禁止盲目使用抗生素，避免耐药性产生""], ""risk_flags"": [""病毒性腹泻，具有传染性"", ""临近出栏，需确保病猪完全康复后方可销售"", ""已出现死亡病例，需高度重视""], ""case_type"": ""腹泻出栏边界"", ""target_disease"": ""猪传染性胃肠炎"", ""local_flags"": {""species_ok"": true, ""target_disease_in_diagnosis"": true, ""target_disease_mismatch"": false, ""contains_specific_dose"": false, ""contains_specific_withdrawal"": false, ""regulated_bad_treatment"": false}}",False,False,,,True,False,False,D:\XF-ChongQin\ai-\knowledge\llm_wiki_swine_authoritative,1465,887,"猪传染性胃肠炎
猪传染性胃肠炎、transmissible gastroenteritis virus、TGE、TGEV
腹泻出栏边界
临近出栏猪群出现腹泻，用户关心处理方向、隔离和用药后能否销售。","{""HUMAN_REVIEWED"": 2, ""NEEDS_REVIEW"": 2}","[""SRC-0001"", ""SRC-0036"", ""SRC-0037""]",2221,51.51,ERNIE-4.5-Turbo-32K,88,28,18,24,18,False,True,"该回答在诊断准确性、病理逻辑、处方安全性和数据质量方面表现良好，整体符合测试数据有效性要求。诊断考虑了多种可能性，并建议实验室检测以确诊，治疗方向和管理措施合理，且注意到了病毒性腹泻的传染性和出栏标准。
问题：诊断准确性方面，虽然考虑了多种可能性，但未详细说明鉴别诊断的具体方法或依据，略显笼统。；病理逻辑方面，对疾病发生发展的解释不够深入，缺乏对病毒特性、传播途径等的详细阐述。；数据质量方面，症状描述与疾病匹配度较高，但缺乏对猪群整体状况、历史疫情等背景信息的收集和分析。",hunyuan-turbos-20250926,85,90,80,95,80,False,False,该数据整体真实可信，症状与目标疾病高度匹配，诊断思路合理，并提示了鉴别诊断和实验室确诊的重要性。处方方向正确，强调支持疗法和环境管理，避免了无效或危险的用药建议，并在临近出栏时强调了安全边界。不足之处在于鉴别诊断细节不足，病理机制解释较浅，缺乏更全面的流行病学背景信息。,True,ERNIE-4.5-Turbo-32K,True,pass,诊断考虑了多种可能性，并建议实验室检测以确诊，治疗方向和管理措施合理，且注意到了病毒性腹泻的传染性和出栏标准，整体符合测试数据有效性要求。尽管在鉴别诊断细节、病理机制解释和背景信息收集方面存在不足，但不影响整体方向和安全性。,87.0,28,18,24,18,pass,16.75,13.63,
e61283ee-fa18-58c4-b79b-abac9464cf12,106,猪伪狂犬病,swine_hunyuan_turbos,hunyuan-turbos-20250926,成功,,猪,我家有200多头母猪和600多头育肥猪，最近一周内同一栋舍里陆续出现几头30公斤左右的育肥猪精神沉郁、不吃料、体温升高到41℃左右，有的还伴有咳嗽和呼吸急促，个别猪后肢有点发软。之前用过替米考星拌料三天，效果不明显。现在隔壁栋舍也有类似情况，我担心是不是传染病，能不能先当普通呼吸道病治几天看看？,根据描述，短时间内多栋猪舍出现相似症状，包括高热、呼吸道表现及部分运动障碍，提示可能为病毒性传染病。结合流行病学特征，应考虑猪伪狂犬病的可能，该病可由疱疹病毒引起，传播迅速，常伴神经症状。需排除其他烈性传染病如非洲猪瘟等。,treatment_direction: 立即暂停场内猪只调运，限制人员车辆流动，对发病猪进行隔离观察，采集鼻拭子、血液样本送实验室检测，明确病原后再制定针对性措施。；management_measures: 加强生物安全，消毒通道和圈舍地面，病死猪无害化处理，健康猪群监测体温和采食情况。；sampling_and_testing: 采集发病猪的血液、鼻拭子和脑组织（如有死亡）送检PCR检测伪狂犬病病毒及其他烈性病原。；prohibited_actions: 严禁私自屠宰、出售或转运可疑病猪，禁止在未明确诊断前大规模投喂抗生素掩盖病情。,因未确定病因，暂不建议出栏销售，待检测结果和主管部门意见决定后续处理方案。,"{""disease_name"": ""猪伪狂犬病"", ""severity"": ""高"", ""scene_tags"": [""多栋舍同期发病"", ""高热"", ""呼吸道症状"", ""疑似神经症状""], ""validation_points"": [""短时间内多栋舍出现相似症状符合伪狂犬病流行特点"", ""抗生素治疗无效提示非单纯细菌性感染"", ""需通过实验室检测确诊""], ""risk_flags"": [""可能为人兽共患暴露风险，接触病猪体液需做好个人防护"", ""属重大动物疫病范畴，需按规定上报""], ""case_type"": ""暴发与处置边界"", ""target_disease"": ""猪伪狂犬病"", ""local_flags"": {""species_ok"": true, ""target_disease_in_diagnosis"": true, ""target_disease_mismatch"": false, ""contains_specific_dose"": false, ""contains_specific_withdrawal"": false, ""regulated_bad_treatment"": false}}",False,False,,,True,False,False,D:\XF-ChongQin\ai-\knowledge\llm_wiki_swine_authoritative,1465,887,"猪伪狂犬病
猪伪狂犬病、pseudorabies aujeszky disease
暴发与处置边界
同栏或多栋猪舍短期内发病增多，用户询问是否能先按普通病治疗观察。","{""HUMAN_REVIEWED"": 3, ""NEEDS_REVIEW"": 2}","[""A1-WOAH-AUJESZKY-DISEASE"", ""SRC-0001"", ""SRC-0054""]",2178,30.82,ERNIE-4.5-Turbo-32K,88,28,18,24,18,False,True,"整体回答质量较高，诊断方向准确，考虑到了病毒性传染病的可能性，并排除了其他烈性传染病。处理方向安全，符合疾病特征，且重视了生物安全和实验室检测。数据质量方面，症状描述和疾病特征匹配较好，但部分细节可进一步完善。
问题：diagnosis_accuracy: 诊断准确性较高，但未完全覆盖所有症状（如后肢发软）与猪伪狂犬病的典型关联，可进一步细化症状与疾病的对应关系。；pathology_logic: 病理逻辑基本合理，但未详细解释为何排除非洲猪瘟等其他烈性传染病，逻辑链条可更完整。；prescription_safety: 处理方向安全，但‘加强生物安全’部分可更具体，如消毒剂的选择和使用频率。；data_quality: 数据质量良好，但‘scene_tags’和‘validation_points’可更详细，如增加具体症状的描述和诊断依据的引用。",hunyuan-turbos-20250926,85,80,82,90,83,False,False,"该数据整体真实可信，用户描述的场景（多栋舍同时出现相似症状）与猪伪狂犬病的高传染性相符，诊断考虑了病毒性传染病可能性并提及排除非洲猪瘟等烈性病，处理方案强调隔离、采样检测和生物安全，无危险用药建议，符合安全边界。不足之处在于症状与疾病关联的说明不够细致，排除其他烈性病的理由未展开，以及生物安全措施可更具体化。
问题：未充分解释后肢发软与猪伪狂犬病的典型神经症状的对应关系；排除非洲猪瘟等烈性传染病的依据未详细说明；生物安全措施描述较笼统，缺乏具体操作细节",True,ERNIE-4.5-Turbo-32K,True,pass,整体回答质量较高，诊断方向准确，考虑到了病毒性传染病的可能性，并排除了其他烈性传染病。处理方向安全，符合疾病特征，且重视了生物安全和实验室检测。尽管在症状与疾病关联的说明、排除其他烈性病的理由以及生物安全措施的具体性方面存在轻微不足，但不影响整体判断，数据质量良好，可判pass。,87.0,28,18,24,18,pass,21.49,18.09,
9255eaa8-7e79-5371-9e8d-688dd04b4a66,179,猪伪狂犬病,swine_hunyuan_turbos,hunyuan-turbos-20250926,成功,,猪,我家有200多头母猪和600多头育肥猪，最近一周发现几头40斤左右的仔猪出现发烧、精神沉郁、口吐白沫、四肢划水样的神经症状，有的还伴有咳嗽和流鼻涕，已经死了两窝。之前用过替米考星拌料防呼吸道病，效果一般。请问这种情况是不是伪狂犬病？该采哪些样送检测？怎么处理才不会耽误病情又不会乱用药？,根据描述的发热、神经症状（划水样运动）、呼吸道表现及仔猪高死亡率，结合年龄和群发情况，高度怀疑为猪伪狂犬病感染。该病由疱疹病毒引起，可造成不同阶段的猪出现呼吸和神经症状，幼龄猪尤其易致死。需实验室检测确认。,treatment_direction: 目前无特效抗病毒药物，应优先控制继发细菌感染并减少应激。；management_measures: 立即隔离发病猪，加强通风与保温，减少混群与转栏操作；对全群进行健康监测，记录体温与症状变化。；sampling_submission: 采集病死猪的脑组织（尤其是脑干）和脊髓，同时取扁桃体、肺组织等作为辅助样本，冷藏保存并尽快送有资质的实验室做PCR或病毒分离检测。；prohibited_actions: 禁止随意使用抗生素替代抗病毒治疗；未确诊前不得大规模投喂广谱抗菌药以防掩盖病情；严禁将病死猪私自出售或食用。,因涉及重大动物疫病防控，需按当地畜牧兽医部门指导执行，不得擅自销售或屠宰可疑猪只。,"{""disease_name"": ""猪伪狂犬病"", ""severity"": ""高"", ""scene_tags"": [""神经症状"", ""呼吸道症状"", ""仔猪高死亡率"", ""群发""], ""validation_points"": [""多阶段猪群中幼龄猪急性发病伴神经症状"", ""发热、咳嗽、流涕等多系统表现"", ""抗生素治疗无效""], ""risk_flags"": [""疑似重大动物疫病"", ""需实验室确诊"", ""存在传播风险""], ""case_type"": ""采样送检咨询"", ""target_disease"": ""猪伪狂犬病"", ""local_flags"": {""species_ok"": true, ""target_disease_in_diagnosis"": true, ""target_disease_mismatch"": false, ""contains_specific_dose"": false, ""contains_specific_withdrawal"": false, ""regulated_bad_treatment"": false}}",False,False,,,True,False,False,D:\XF-ChongQin\ai-\knowledge\llm_wiki_swine_authoritative,1465,887,"猪伪狂犬病
猪伪狂犬病、pseudorabies aujeszky disease
采样送检咨询
用户描述症状后，重点询问采什么样品、如何判断和如何避免误治。","{""HUMAN_REVIEWED"": 2, ""NEEDS_REVIEW"": 3}","[""A1-WOAH-AUJESZKY-DISEASE"", ""SRC-0001"", ""SRC-0009"", ""SRC-0054""]",2154,28.65,ERNIE-4.5-Turbo-32K,88,28,18,23,20,False,True,"整体回答质量较高，诊断准确性、病理逻辑、处方安全性和数据质量均表现良好，无明显致命风险。诊断准确抓住了猪伪狂犬病的典型症状，病理逻辑合理，处方安全且符合疾病防控要求，数据质量较高，提供了详细的采样和检测建议。
问题：diagnosis_accuracy: 诊断准确性较高，但未完全覆盖所有症状（如口吐白沫）与疾病的直接关联性说明。；pathology_logic: 病理逻辑合理，但未详细解释神经症状与病毒侵害中枢神经系统的关系。；prescription_safety: 处方安全，但未明确提及休药期承诺的合理性（虽按当地部门指导执行，但未具体说明）。；data_quality: 数据质量较高，但采样建议中未提及采样人员的防护措施。",hunyuan-2.0-instruct-20251111,85,8,8,9,8,False,False,"该数据为真实养殖场景，用户描述了仔猪发热、神经症状、呼吸道表现及高死亡率，与猪伪狂犬病的典型特征相符，诊断方向正确且提示实验室检测，处理措施涵盖隔离、环境管理、采样送检及禁止不当处置，安全边界清晰，无危险用药建议。整体逻辑自洽，信息可用于测试或初步微调。
问题：诊断部分未充分说明口吐白沫与伪狂犬病的直接关联；病理逻辑未详细解释神经症状与病毒侵害中枢神经系统的机制；处方虽避免具体剂量但未明确阐述为何必须遵循当地部门指导而非自行决定休药期或销售；采样建议缺少对采样人员防护措施的提醒",True,ERNIE-4.5-Turbo-32K,True,pass,整体回答质量较高，诊断方向准确，抓住了猪伪狂犬病的典型症状，病理逻辑合理，处理措施安全且符合疾病防控要求。尽管存在一些轻微不足，如未完全覆盖所有症状与疾病的直接关联性说明、未详细解释神经症状与病毒侵害中枢神经系统的关系、未明确提及休药期承诺的合理性以及采样建议中未提及采样人员的防护措施，但这些问题不影响整体判断，且回答提供了详细的采样和检测建议，安全边界清晰，无危险用药建议。,87.0,28,18,23,20,pass,20.17,213.59,
10794f62-b9e1-571f-8fc5-cdfe40b752e2,252,猪伪狂犬病,swine_hunyuan_turbos,hunyuan-turbos-20250926,成功,,猪,我家有200头90公斤左右的育肥猪，最近几天有几头出现发热、流涎、呼吸急促，有的还伴有神经症状比如抽搐，已经死了两头。之前用过一些抗生素控制呼吸道问题，但效果不明显。现在离计划出栏只剩十来天了，这种情况还能治吗？会不会影响卖猪？,根据描述的症状（高热、流涎、呼吸困难、神经症状）及死亡情况，高度怀疑为猪伪狂犬病感染。该病由伪狂犬病毒引起，可造成急性死亡和神经系统损伤，尤其在育肥阶段暴发时死亡率较高。,立即将发病猪与健康猪隔离，防止水平传播；对全群进行临床观察和体温监测；采集病死猪脑组织、扁桃体等样本送实验室确诊；在确诊前严禁出售或外运任何猪只；若确诊为猪伪狂犬病，应依据当地畜牧兽医部门指导采取扑杀、无害化处理或封锁等措施，不可自行用抗生素治疗代替防控；加强生物安全措施，包括人员车辆消毒、限制外来人员进入场区。,因涉及重大动物疫病，无常规休药期概念，须按官方处置方案执行，未获批准不得出栏销售。,"{""disease_name"": ""猪伪狂犬病"", ""severity"": ""高致死性传染病"", ""scene_tags"": [""育肥猪"", ""高热"", ""流涎"", ""神经症状"", ""临近出栏""], ""validation_points"": [""症状符合猪伪狂犬病典型表现"", ""存在死亡病例提示急性暴发可能"", ""已使用抗生素无效排除单纯细菌感染""], ""risk_flags"": [""重大动物疫病"", ""具有快速传播风险"", ""禁止私自处理或销售""], ""case_type"": ""上市休药期咨询"", ""target_disease"": ""猪伪狂犬病"", ""local_flags"": {""species_ok"": true, ""target_disease_in_diagnosis"": true, ""target_disease_mismatch"": false, ""contains_specific_dose"": false, ""contains_specific_withdrawal"": false, ""regulated_bad_treatment"": false}}",False,False,,,True,False,False,D:\XF-ChongQin\ai-\knowledge\llm_wiki_swine_authoritative,1465,887,"猪伪狂犬病
猪伪狂犬病、pseudorabies aujeszky disease
上市休药期咨询
用户接近出栏，关心治疗方向和用药后能否出栏销售。","{""HUMAN_REVIEWED"": 2, ""NEEDS_REVIEW"": 3}","[""A0-MOA-573"", ""A0-MOA-ASF-NORMALIZED-GUIDE"", ""A1-WOAH-ASF"", ""A1-WOAH-AUJESZKY-DISEASE"", ""SRC-0001"", ""SRC-0012""]",2152,26.92,ERNIE-4.5-Turbo-32K,88,28,18,23,20,False,True,"该回答对猪伪狂犬病的诊断准确，症状描述与疾病特征匹配，诊断逻辑合理，处理方向安全且符合重大疫病防控要求，数据质量较高，无明显错误。
问题：diagnosis_accuracy: 诊断准确性较高，但未完全覆盖所有症状与疾病关联的细节说明，例如神经症状与病毒侵害神经系统的具体机制关联可进一步阐述。；pathology_logic: 病理逻辑基本合理，但对疾病传播途径和防控措施的逻辑链条可更详细，例如隔离措施的具体实施步骤和必要性说明不足。；prescription_safety: 处方安全且符合规范，但对用户关心的出栏问题回应可更具体，例如明确扑杀或无害化处理后的场区清理和恢复生产的时间框架。；data_quality: 数据质量良好，但场景标签和验证点的描述可更丰富，例如增加用户养殖环境、历史疫病记录等背景信息以提升数据完整性。",hunyuan-turbos-20250926,85,8,8.5,9,8.5,False,False,该案例场景真实，症状与猪伪狂犬病典型表现高度吻合，诊断准确，处理建议符合重大疫病防控原则，无危险用药建议，并强调了官方处置和禁止擅自出栏，安全性高。不足之处在于部分细节解释不够深入，如神经症状机制、隔离操作细节以及出栏相关时间框架的明确性。,True,ERNIE-4.5-Turbo-32K,True,pass,该回答对猪伪狂犬病的诊断准确，症状描述与疾病特征高度匹配，诊断逻辑合理，处理方向安全且符合重大疫病防控要求。尽管在神经症状机制、隔离措施细节及出栏问题的时间框架上解释不够深入，但这些不足不影响整体诊断和处置方向的安全性，数据质量较高，无明显错误。,87.0,28,18,23,20,pass,18.7,18.86,
f788c58c-e93a-5ecf-959a-e6bfde2147c9,471,猪伪狂犬病,swine_hunyuan_turbos,hunyuan-turbos-20250926,成功,,猪,我家是200头基础母猪的种猪场，最近有3头怀孕90多天的母猪陆续流产，还有一头公猪精神沉郁、采食下降，精液稀薄。之前没用过疫苗，场内通风一般，温度波动大。这种情况会不会是传染病？还能继续配种吗？,根据描述，妊娠中后期流产、死胎及公猪精液质量下降提示可能存在病毒性繁殖障碍，其中猪伪狂犬病是常见且危害大的病因之一。该病可通过垂直传播导致胎儿死亡，也可通过交配或接触传播影响公猪精液质量。,treatment_direction: 立即暂停受影响母猪配种计划，对全场种猪进行隔离观察，采集流产胎儿、胎盘组织及公猪血液送实验室检测，重点排查猪伪狂犬病及其他繁殖障碍病原。；management_measures: 加强生物安全，限制人员、车辆流动，防止病原扩散；改善舍内温湿度控制，减少应激；对未发病母猪暂缓配种，直至检测结果明确。；sampling_submission: 送检材料包括流产胎儿、胎盘、脐带血、公猪全血及精液样本，建议做PCR检测和血清学筛查，必要时补充病理学检查。；prohibited_boundaries: 在未排除重大疫病前，禁止将疑似感染猪及其后代外调或出售；严禁使用未经检疫的公猪配种。,无具体药物处理，无需停药期；若确诊并按规定扑杀或无害化处理，则按当地防疫部门要求执行。,"{""disease_name"": ""猪伪狂犬病"", ""severity"": ""高"", ""scene_tags"": [""种猪场"", ""繁殖障碍"", ""流产"", ""公猪精液异常""], ""validation_points"": [""妊娠中后期流产符合伪狂犬垂直传播特征"", ""公猪精液稀薄提示生殖道病毒感染可能"", ""未免疫背景下易暴发""], ""risk_flags"": [""重大动物疫病风险"", ""潜在人畜共患病防控边界""], ""case_type"": ""种猪繁殖障碍"", ""target_disease"": ""猪伪狂犬病"", ""local_flags"": {""species_ok"": true, ""target_disease_in_diagnosis"": true, ""target_disease_mismatch"": false, ""contains_specific_dose"": false, ""contains_specific_withdrawal"": false, ""regulated_bad_treatment"": false}}",False,False,,,True,False,False,D:\XF-ChongQin\ai-\knowledge\llm_wiki_swine_authoritative,1465,887,"猪伪狂犬病
猪伪狂犬病、pseudorabies aujeszky disease
种猪繁殖障碍
种猪场出现流产、死胎、返情或公猪异常，用户担心传染病和是否继续配种。","{""HUMAN_REVIEWED"": 3, ""NEEDS_REVIEW"": 2}","[""SRC-0001"", ""SRC-0015"", ""SRC-0025"", ""SRC-0035""]",2142,24.72,ERNIE-4.5-Turbo-32K,88,28,18,23,20,False,True,"整体回答质量较高，诊断方向准确，病理逻辑合理，处理措施安全，数据质量良好，无明显致命风险。
问题：diagnosis_accuracy: 诊断准确性较高，但未完全覆盖所有可能症状（如母猪返情未明确提及）；pathology_logic: 病理逻辑基本合理，但未详细解释温度波动对疾病的影响；prescription_safety: 处理措施安全，但未明确提及人兽共患病防控的具体措施；data_quality: 数据质量良好，但场景标签可进一步细化（如增加'未免疫'标签）",hunyuan-turbos-20250926,85,8,7,9,8,False,False,该数据场景真实，用户描述的怀孕母猪流产、公猪精液异常符合猪伪狂犬病的典型表现，诊断方向正确，处理方案包含必要的隔离、采样送检和生物安全措施，未发现危险用药或违规操作。不足之处在于部分可能症状未全面覆盖，病理机制解释不够深入，以及缺少针对人兽共患风险的专门提醒。,True,ERNIE-4.5-Turbo-32K,True,pass,整体回答质量较高，诊断方向准确，符合猪伪狂犬病的典型表现，病理逻辑基本合理，处理措施安全且包含必要的隔离、采样送检和生物安全措施，无明显致命风险。尽管存在部分可能症状未全面覆盖、病理机制解释不够深入以及缺少针对人兽共患风险的专门提醒等轻微不足，但不影响整体判断，可判pass。,87.0,28,18,23,20,pass,16.01,17.03,
538889db-a6d5-5d2d-b66e-f2cf6c3d320c,283,猪后圆线虫病,swine_hunyuan_turbos,hunyuan-turbos-20250926,成功,,猪,我这边是河南一个小型养猪场，存栏大概300头，现在有一批70日龄左右的保育猪，最近几天陆续有猪咳嗽、喘气，有的还发烧，吃料量明显下降，圈舍通风一般，湿度偏高，之前没用过驱虫药，这种情况是不是呼吸道传染病？要不要整栏都打药？,根据描述的症状（咳嗽、喘气、发热、采食下降）以及保育猪阶段、圈舍通风不良、高湿度和缺乏驱虫史，高度怀疑为猪后圆线虫病引起的呼吸道问题。该病由肺线虫寄生在支气管内引起炎症及继发感染，常表现为慢性咳嗽、呼吸急促，严重时可伴发热和食欲下降。需结合剖检和粪便检查进一步确诊。,treatment_direction: 针对肺线虫进行驱虫治疗，并配合改善圈舍通风与降低湿度以减少继发感染风险。；management_measures: 加强圈舍通风换气，保持干燥清洁，减少氨气浓度；对病猪与健康猪分群管理，防止交叉感染。；sampling_and_testing: 采集新鲜粪便送实验室进行虫卵镜检，必要时剖检取支气管内容物查找成虫或幼虫，以确诊。；contraindications_and_boundaries: 严禁使用未经批准的驱虫药物；若发现疑似重大动物疫病（如非洲猪瘟），应立即停止常规治疗并按规定上报，不得自行处理。,因涉及具体药物选择，需依据所用驱虫药说明书及国家相关规定执行，此处不列具体天数。,"{""disease_name"": ""猪后圆线虫病"", ""severity"": ""中等至严重（可导致生长迟缓、继发细菌感染甚至死亡）"", ""scene_tags"": [""保育猪"", ""群体发病"", ""呼吸道症状"", ""高湿环境"", ""无驱虫史""], ""validation_points"": [""症状符合肺线虫感染特征（咳嗽、喘气、发热、采食下降）"", ""保育猪阶段为易感期"", ""圈舍通风差、湿度高为诱发因素""], ""risk_flags"": [""可能继发细菌性肺炎"", ""存在群体传播风险""], ""case_type"": ""呼吸道群体发病"", ""target_disease"": ""猪后圆线虫病"", ""local_flags"": {""species_ok"": true, ""target_disease_in_diagnosis"": true, ""target_disease_mismatch"": false, ""contains_specific_dose"": false, ""contains_specific_withdrawal"": false, ""regulated_bad_treatment"": false}}",False,False,,,True,False,False,D:\XF-ChongQin\ai-\knowledge\llm_wiki_swine_authoritative,1465,887,"猪后圆线虫病
猪后圆线虫病、metastrongylus lungworms
呼吸道群体发病
同栏出现咳嗽、喘气、发热、采食下降，用户想判断病因和是否需要全群用药。","{""HUMAN_REVIEWED"": 1, ""NEEDS_REVIEW"": 4}","[""SRC-0001"", ""SRC-0006"", ""SRC-0007""]",1889,29.09,ERNIE-4.5-Turbo-32K,88,28,18,23,20,False,True,"该回答整体表现良好，诊断准确性较高，症状与疾病匹配合理，诊断逻辑清晰，处理方向安全且与疾病相互印证。数据质量方面，场景描述和验证点较为全面，但部分细节可进一步优化。
问题：diagnosis_accuracy: 诊断准确性较高，但未明确提及剖检和粪便检查的具体重要性，略显不足。；pathology_logic: 病理逻辑基本合理，但对继发感染的描述可更详细，以增强逻辑性。；prescription_safety: 处方安全，但休药期承诺未给出具体天数，虽说明需依据药物说明书，但仍显不够明确。；data_quality: 数据质量良好，但风险标志部分可增加更多具体风险描述，如人兽共患风险等（虽本疾病人兽共患风险低，但可提及一般性预防措施）。",hunyuan-turbos-20250926,85,8.5,8.5,9,8.5,False,False,该案例场景真实，症状与猪后圆线虫病相符，诊断逻辑合理且处理方案安全，包含必要的采样检测和风险防控提示，无明显危险建议。不足之处在于剖检与粪检的重要性强调不够，对继发感染机制描述略简，休药期表述虽规避了具体数字，但仍有改进空间。,True,ERNIE-4.5-Turbo-32K,True,pass,该回答整体表现良好，诊断准确性较高，症状与疾病匹配合理，诊断逻辑清晰，处理方向安全且与疾病相互印证。尽管在剖检和粪便检查的重要性、继发感染的描述以及休药期表述方面存在轻微不足，但不影响整体质量和安全性，可通过优化提升严谨性。,87.0,28,18,23,20,pass,20.62,18.61,
b5c6462e-2916-5e7a-a718-ed9b9f79be5e,246,猪呼吸道冠状病毒感染,swine_hunyuan_turbos,hunyuan-turbos-20250926,成功,,猪,我家有200头60日龄左右的保育猪，最近一周陆续出现咳嗽、打喷嚏、流鼻涕，部分猪精神稍差，采食量下降，个别体温偏高到39℃左右，之前按细菌性呼吸道感染用了阿莫西林和多西环素，效果不明显，现在还有零星新发病例，想问下是不是还要继续用抗生素？要不要送样检测一下？,结合临床表现（呼吸道症状、发热、精神食欲下降）及抗生素治疗无效的情况，考虑可能为猪呼吸道冠状病毒感染（PRCV），该病属病毒性呼吸道疾病，对常规抗菌药物无直接疗效。需通过实验室检测（如RT-PCR）明确病原。,treatment_direction: 针对PRCV目前无特效抗病毒药物，应以支持疗法为主，改善饲养管理条件，减少应激，保证饮水和饲料供应，必要时补充维生素和电解质以增强抵抗力。；management_measures: 加强通风换气，降低舍内氨气浓度；保持适宜温湿度；分群饲养，减少交叉感染；及时清理粪便，定期消毒；隔离明显病猪以减少传播。；sampling_and_testing: 采集病猪鼻腔拭子、肺组织或血清送至具备资质的兽医实验室进行PRCV核酸检测或抗体检测，以明确诊断。；prohibited_boundary: 严禁使用未经批准的兽药或人用药物；在确诊前不可随意更换或加大抗生素用量；若怀疑重大动物疫病（如非洲猪瘟等），应立即报告当地动物防疫部门，不得擅自处置。,因本病为病毒性感染且无特效治疗药物，不涉及特定药物的休药期问题。若后续使用任何药物，须遵循说明书或官方规定执行。,"{""disease_name"": ""猪呼吸道冠状病毒感染"", ""severity"": ""中等"", ""scene_tags"": [""保育猪"", ""呼吸道症状"", ""抗生素治疗无效"", ""疑似病毒感染""], ""validation_points"": [""症状符合PRCV特征（呼吸道症状、发热、精神食欲下降）"", ""抗生素治疗无效提示非单纯细菌感染"", ""建议送检以排除其他病原""], ""risk_flags"": [""疑似病毒性传染病"", ""需实验室确诊"", ""存在传播风险""], ""case_type"": ""腹泻用药咨询"", ""target_disease"": ""猪呼吸道冠状病毒感染"", ""local_flags"": {""species_ok"": true, ""target_disease_in_diagnosis"": true, ""target_disease_mismatch"": false, ""contains_specific_dose"": false, ""contains_specific_withdrawal"": false, ""regulated_bad_treatment"": false}}",False,False,,,True,False,False,D:\XF-ChongQin\ai-\knowledge\llm_wiki_swine_authoritative,1465,887,"猪呼吸道冠状病毒感染
猪呼吸道冠状病毒感染、porcine respiratory coronavirus
腹泻用药咨询
猪群腹泻后已用过常见抗菌药效果一般，用户询问是否继续用药以及是否需要送检。","{""HUMAN_REVIEWED"": 1, ""NEEDS_REVIEW"": 4}","[""A0-MOA-573"", ""SRC-0001""]",2027,28.72,ERNIE-4.5-Turbo-32K,88,28,18,23,20,False,True,"整体回答质量较高，诊断准确性、病理逻辑、处方安全性和数据质量均表现良好，无明显致命风险。诊断考虑了临床表现和抗生素治疗无效的情况，合理推测为猪呼吸道冠状病毒感染，并建议实验室检测以明确诊断。处方方向安全，以支持疗法为主，并提出了有效的管理措施。数据质量方面，症状描述与疾病特征相符，风险标识明确。
问题：diagnosis_accuracy: 诊断准确性方面，虽然考虑了临床表现和抗生素治疗无效，但未完全排除其他可能的病毒性呼吸道疾病，如猪流感等，诊断依据可进一步丰富。；pathology_logic: 病理逻辑方面，对疾病传播风险的描述可更详细，如提出具体的隔离措施和消毒频率等。；data_quality: 数据质量方面，场景标签和验证点较为全面，但风险标识中可增加对疾病传播速度和潜在经济损失的描述。",hunyuan-turbos-20250926,85,8,8.5,9,8.5,False,False,该数据整体真实可信，用户描述的保育猪呼吸道症状与猪呼吸道冠状病毒感染（PRCV）的典型表现基本吻合，且抗生素治疗无效提示病毒性病因的可能性较大。诊断思路合理，建议送检病原检测符合规范。处方方向以支持疗法和管理优化为主，未推荐不当用药，安全性高。不足之处在于诊断未充分排除其他类似病毒性疾病（如猪流感），管理措施细节可更具体，风险说明可补充疫情扩散和经济损失评估。,True,ERNIE-4.5-Turbo-32K,True,pass,整体回答质量较高，诊断考虑了临床表现和抗生素治疗无效的情况，合理推测为猪呼吸道冠状病毒感染，并建议实验室检测以明确诊断，符合病理逻辑。处方方向安全，以支持疗法为主，并提出了有效的管理措施。虽然诊断未完全排除其他病毒性呼吸道疾病，且管理措施和风险说明可进一步细化，但不影响整体方向和安全性，可判pass。,87.0,28,18,23,20,pass,20.19,18.25,
78163f86-aafc-5b8d-925c-1d7d70f29d50,170,猪圆环病毒相关疾病,swine_hunyuan_turbos,hunyuan-turbos-20250926,成功,,猪,我家有120头80公斤左右的育肥猪，最近半个月陆续出现消瘦、呼吸急促、皮肤发白的情况，部分猪还伴有腹泻。之前按副猪嗜血杆菌用了氟苯尼考和多西环素，效果不明显。圈舍通风差，湿度偏高，饲料没换过。请问这种情况还能继续用原来的药吗？还是得换药或者做其他处理？,根据描述的症状（进行性消瘦、呼吸困难、贫血样皮肤苍白、腹泻）及育肥猪阶段，结合用药史和饲养环境，考虑猪圆环病毒相关疾病（PCVAD）的可能性较大，尤其是PCV2相关的多系统衰竭综合征表现。该病常与继发细菌感染有关，单纯抗生素治疗往往疗效有限。,treatment_direction: 建议暂停单一抗生素使用，优先进行实验室检测（PCR检测PCV2等病原），明确是否为圆环病毒感染。若确诊，应配合支持性治疗改善营养和免疫力，减少应激。；management_measures: 加强圈舍通风换气，降低湿度，保持清洁干燥；分群管理，减少密度；保证饮水充足和营养平衡，必要时添加维生素、电解质补充剂。；sampling_and_testing: 采集病猪血液、肺脏、淋巴结等组织样本送实验室检测PCV2核酸，同时排查PRRSV、CSFV等其他混合感染可能。；prohibited_boundaries: 在未排除重大疫病前，不得擅自出售、调运或屠宰病猪；禁止随意更换未经批准的兽药或超范围用药。,因未涉及具体药物使用，暂不列明休药期；如后续需用药，须依据所用药品说明书执行相应休药期规定。,"{""disease_name"": ""猪圆环病毒相关疾病"", ""severity"": ""中等至严重，可导致生长迟缓、死亡率上升"", ""scene_tags"": [""育肥猪"", ""消瘦"", ""呼吸困难"", ""腹泻"", ""继发感染""], ""validation_points"": [""症状符合PCVAD典型表现"", ""抗生素治疗无效提示非细菌性主因"", ""环境因素加重疾病进程""], ""risk_flags"": [""疑似重大疫病需送检确认"", ""存在混合感染风险""], ""case_type"": ""育肥猪用药咨询"", ""target_disease"": ""猪圆环病毒相关疾病"", ""local_flags"": {""species_ok"": true, ""target_disease_in_diagnosis"": true, ""target_disease_mismatch"": false, ""contains_specific_dose"": false, ""contains_specific_withdrawal"": false, ""regulated_bad_treatment"": false}}",False,False,,,True,False,False,D:\XF-ChongQin\ai-\knowledge\llm_wiki_swine_authoritative,1465,887,"猪圆环病毒相关疾病
猪圆环病毒相关疾病、circoviruses pcvad
育肥猪用药咨询
育肥猪出现典型症状，用户已经用过常见药物但效果一般，询问是否继续用药。","{""HUMAN_REVIEWED"": 3, ""NEEDS_REVIEW"": 2}","[""A0-MOA-573"", ""SRC-0001"", ""SRC-0035""]",2160,29.63,ERNIE-4.5-Turbo-32K,88,28,18,23,20,False,True,"该回答整体表现良好，诊断准确性较高，症状与疾病匹配合理，诊断逻辑清晰，处理方向安全且与疾病相互印证。数据质量方面，症状描述、用药史和饲养环境等信息较为完整，有助于准确诊断。未发现致命风险，如猪种错误、目标疾病明显不在诊断中、处方与疾病相冲突等情况。
问题：diagnosis_accuracy: 诊断准确性虽高，但未完全覆盖所有可能症状与疾病的细微关联，可进一步提升细节描述。；pathology_logic: 病理逻辑方面，对继发感染的分析可更深入，明确其与圆环病毒感染的相互作用关系。；prescription_safety: 处方安全性方面，虽提出支持性治疗和管理措施，但未具体说明支持性治疗的药物选择及剂量范围。；data_quality: 数据质量方面，症状描述虽完整，但缺乏具体症状出现频率和严重程度的量化信息。",hunyuan-turbos-20250926,85,90,85,85,80,False,False,该案例场景真实，用户提供了详细的临床症状、用药史和环境因素，有助于判断。诊断将症状与圆环病毒相关疾病（PCVAD）高度匹配，并考虑了继发感染的可能，逻辑基本自洽。处理方案强调先检测再治疗，避免盲目用药，管理措施符合防控原则，且明确了重大疫病的处置边界，无危险建议。不足之处在于对继发感染的机制分析不够深入，支持性治疗缺少更具体的方向，以及症状严重程度和分布频率未量化。,True,ERNIE-4.5-Turbo-32K,True,pass,该回答整体表现良好，诊断准确性较高，症状与疾病匹配合理，诊断逻辑清晰，处理方向安全且与疾病相互印证。数据质量方面，症状描述、用药史和饲养环境等信息较为完整，有助于准确诊断。未发现致命风险，如猪种错误、目标疾病明显不在诊断中、处方与疾病相冲突等情况。尽管存在对继发感染机制分析不足、支持性治疗具体药物选择和剂量范围缺失、症状严重程度和分布频率未量化等轻微不足，但不影响整体诊断和处置方向，可判为pass。,87.0,28,18,23,20,pass,20.0,18.4,
9a8d6847-fe72-5dd8-8c74-d1a258f2e575,97,猪圆环病毒相关疾病,swine_hunyuan_turbos,hunyuan-turbos-20250926,成功,,猪,我家是100头左右保育猪，现在40多天大，最近几天发现部分猪精神沉郁、吃料减少，有的拉稀，还有几头呼吸有点急促，体温测下来在39度左右，圈舍通风一般，之前用过一些抗生素效果不明显。想问问这是啥原因，该怎么处理？,根据描述，保育猪出现精神沉郁、采食下降、腹泻及轻度呼吸道症状，结合日龄和环境条件，需重点考虑猪圆环病毒相关疾病（如PCV2感染相关的生长迟缓综合征）的可能性。该病常与其他病原混合感染，临床表现多样，且抗生素治疗无效时更支持病毒性病因。,建议立即将病猪与健康猪分群管理，改善圈舍通风与保温，适当提高环境温度以减少冷应激；采集病猪血液、组织等样品送实验室进行PCR检测明确病原；加强全群营养支持，减少应激；严禁使用未经批准的兽药或激素类促生长剂；若确诊为PCV2相关疾病，应依据当地畜牧部门指导采取相应生物安全措施，并考虑疫苗接种计划；同时排查是否合并其他病原（如支原体、副猪嗜血杆菌等），必要时针对性防控。,因涉及病毒性疾病，暂无特定药物休药期，但应确保出栏前符合当地动物卫生监管要求，并在恢复后持续监测健康状态。,"{""disease_name"": ""猪圆环病毒相关疾病"", ""severity"": ""中等至严重（视继发感染情况而定）"", ""scene_tags"": [""保育猪"", ""群体发病"", ""采食下降"", ""腹泻"", ""呼吸道症状""], ""validation_points"": [""保育猪日龄与PCV2易感期吻合"", ""症状组合符合PCV2相关疾病表现"", ""抗生素治疗无效提示非细菌性主因""], ""risk_flags"": [""可能伴随其他病原混合感染"", ""需防止疫情扩散""], ""case_type"": ""保育猪群体发病"", ""target_disease"": ""猪圆环病毒相关疾病"", ""local_flags"": {""species_ok"": true, ""target_disease_in_diagnosis"": true, ""target_disease_mismatch"": false, ""contains_specific_dose"": false, ""contains_specific_withdrawal"": false, ""regulated_bad_treatment"": false}}",False,False,,,True,False,False,D:\XF-ChongQin\ai-\knowledge\llm_wiki_swine_authoritative,1465,887,"猪圆环病毒相关疾病
猪圆环病毒相关疾病、circoviruses pcvad
保育猪群体发病
群体发病、采食下降、粪便或呼吸道异常，用户想知道主要病因和下一步处理。","{""HUMAN_REVIEWED"": 3, ""NEEDS_REVIEW"": 2}","[""A0-MOA-573"", ""SRC-0001"", ""SRC-0006"", ""SRC-0035""]",1994,24.15,ERNIE-4.5-Turbo-32K,88,28,18,23,20,False,True,"该回答整体表现良好，诊断准确性较高，症状与疾病匹配合理，处理方向安全且与疾病相互印证。但在病理逻辑和数据质量方面存在一定提升空间。
问题：病理逻辑方面，虽然诊断方向正确，但对疾病具体病理机制的阐述不够深入，缺乏对混合感染可能性的详细分析。；数据质量方面，回答中未明确提及具体的实验室检测方法或标准，对疾病确诊的依据描述不够充分。；诊断准确性方面，虽然考虑了猪圆环病毒相关疾病，但对其他可能疾病的排除依据不够明确。",hunyuan-turbos-20250926,85,90,80,90,80,False,False,该数据整体真实可信，用户描述的保育猪症状与猪圆环病毒相关疾病相符，诊断思路合理，处理方案安全且包含必要的生物安全与检测建议，无危险用药或违规操作。不足之处在于病理机制解释较浅，缺乏对其他潜在病原的详细分析与排除依据，以及实验室检测方法的细化说明。,True,ERNIE-4.5-Turbo-32K,True,pass,诊断准确性较高，症状与疾病匹配合理，处理方向安全且与疾病相互印证。尽管在病理机制阐述、鉴别诊断依据和实验室检测方法细化方面存在不足，但整体内容真实可信，无危险用药或违规操作，符合筛选标准。,87.0,28,18,23,20,pass,16.58,20.36,
30f07f78-d809-502b-9867-256c1dd0756c,127,猪增生性肠炎,swine_hunyuan_turbos,hunyuan-turbos-20250926,成功,,猪,我家有120头育肥猪，平均体重在40公斤左右，最近一周陆续出现拉稀的情况，有的粪便是黄色稀糊状，有的带少量血丝，个别猪精神稍差，采食量下降。之前没有用过抗生素，圈舍通风一般，温度昼夜温差大。想问问这种情况是病毒性还是细菌性或者寄生虫引起的？需要怎么采样送检？,根据日龄、病程及粪便性状，考虑可能为细菌性腹泻如猪增生性肠炎（Lawsonia intracellularis感染），也可能与病毒性腹泻（如轮状病毒、冠状病毒等）或寄生虫（如球虫）有关。需结合实验室检测区分病因。,建议立即隔离病猪并加强圈舍保温与通风，减少应激；采集新鲜粪便样品送实验室进行病原学检测（包括细菌培养、PCR检测Lawsonia intracellularis、病毒抗原检测及寄生虫卵检查）；在未确诊前避免使用广谱抗生素以防掩盖病情；若确诊为猪增生性肠炎，应按兽医指导使用敏感药物，并配合改善饲养管理；严禁私自使用未经批准的兽药。,因未明确病原及用药方案，暂无法给出具体休药期，须依据最终检测结果及所用药物确定。,"{""disease_name"": ""猪增生性肠炎"", ""severity"": ""中等"", ""scene_tags"": [""腹泻"", ""育肥猪"", ""多因素鉴别""], ""validation_points"": [""按日龄和病程分层鉴别腹泻原因"", ""结合粪便性状判断可能病原类型"", ""强调采样送检的重要性""], ""risk_flags"": [""需排除病毒性腹泻"", ""需排除寄生虫感染"", ""潜在细菌性疾病""], ""case_type"": ""腹泻采样送检"", ""target_disease"": ""猪增生性肠炎"", ""local_flags"": {""species_ok"": true, ""target_disease_in_diagnosis"": true, ""target_disease_mismatch"": false, ""contains_specific_dose"": false, ""contains_specific_withdrawal"": false, ""regulated_bad_treatment"": false}}",False,False,,,True,False,False,D:\XF-ChongQin\ai-\knowledge\llm_wiki_swine_authoritative,1465,887,"猪增生性肠炎
猪增生性肠炎、proliferative enteropathy lawsonia intracellularis
腹泻采样送检
用户描述粪便性状、日龄和病程，重点询问如何鉴别病毒性、细菌性或寄生虫性腹泻。","{""HUMAN_REVIEWED"": 2, ""NEEDS_REVIEW"": 2}","[""A0-MOA-573"", ""RC-DIARRHEA-001"", ""SRC-0001"", ""SRC-0052"", ""SRC-0062"", ""SRC-0063"", ""SRC-0064"", ""SRC-0071"", ""SRC-0072"", ""SRC-0073"", ""SRC-0077"", ""SRC-0081""]",2221,32.53,ERNIE-4.5-Turbo-32K,88,28,18,24,18,False,True,"该回答整体表现良好，诊断考虑全面，鉴别诊断逻辑清晰，处理方向安全合理，数据质量较高。诊断准确度较高，考虑了细菌性、病毒性和寄生虫性腹泻的可能性，并建议实验室检测以明确病因。病理逻辑合理，但未详细说明不同病原的鉴别要点。处方安全，强调了隔离、保温、通风和采样送检的重要性，避免了盲目使用抗生素。数据质量较高，但部分信息如休药期未明确给出。
问题：诊断部分虽考虑全面，但未详细说明不同病原（细菌、病毒、寄生虫）的鉴别要点，如病毒性腹泻通常伴随发热、呕吐等症状，寄生虫性腹泻可能伴随体重下降等。；病理逻辑部分对猪增生性肠炎的特异性症状（如回肠黏膜增厚、坏死等）描述不足，未充分体现其与病毒性、寄生虫性腹泻的病理差异。；数据质量部分，虽提供了详细的场景标签和验证点，但休药期信息未明确给出，可能影响后续治疗的规范性。",hunyuan-turbos-20250926,85,90,80,95,85,False,False,回答覆盖了可能的细菌性、病毒性与寄生虫性腹泻原因，并结合临床症状提出实验室检测建议，诊断思路完整且安全。处方强调先检测再治疗，避免滥用抗生素，符合生物安全要求。不足之处在于未详细阐述不同病原的鉴别特征以及猪增生性肠炎的特异性病理变化，导致病理逻辑略显笼统。,True,ERNIE-4.5-Turbo-32K,True,pass,回答整体表现良好，诊断考虑全面，涵盖了细菌性、病毒性和寄生虫性腹泻的可能性，并建议实验室检测以明确病因，符合安全合理的诊断逻辑。处方强调了隔离、保温、通风和采样送检的重要性，避免了盲目使用抗生素，符合生物安全要求。尽管未详细说明不同病原的鉴别要点和猪增生性肠炎的特异性病理变化，但这些不足不影响整体诊断和处置方向的安全性，且回答提供了明确的实验室检测建议，有助于后续确诊和治疗。,87.0,28,18,24,18,pass,21.25,13.86,
ce0ebad0-6c46-52bd-b824-846b3dd3d14b,200,猪增生性肠炎,swine_hunyuan_turbos,hunyuan-turbos-20250926,成功,,猪,我家有300头120公斤左右的育肥猪，还有半个月就准备出栏了，这几天陆续有几栏猪拉稀，粪便偏黄带点粘液，精神还行，采食量稍微下降，圈舍温度正常，之前没用过针对Lawsonia的药，这种情况还能继续养到出栏吗？会不会影响卖猪？需要怎么处理？,根据描述，该育肥猪群在出栏前出现黄色带粘液的腹泻，结合日龄及饲养管理情况，高度怀疑为猪增生性肠炎（Proliferative Enteropathy），病原为Lawsonia intracellularis。该病常在育肥后期发生，可导致轻度至中度腹泻，部分病例无明显全身症状，但可影响饲料转化率和出栏体重。需通过实验室PCR检测确诊。,treatment_direction: 若确诊为猪增生性肠炎，可在兽医指导下使用对Lawsonia有效的抗生素（如四环素类、大环内酯类等）进行针对性治疗，同时配合改善饲料消化率的措施。；management_measures: 加强圈舍卫生，减少应激因素，分栏饲养以减少交叉感染，保证饮水清洁。；sampling_testing: 采集新鲜粪便或肠内容物送实验室做Lawsonia intracellularis PCR检测，必要时结合病理剖检观察肠壁增厚等病变。；contraindications_boundary: 在未确诊前避免使用未经批准的抗生素以防耐药性和药物残留问题；出栏前须确保停药时间符合食品安全要求，且经检测无活菌排出方可考虑上市。,具体休药期需依据所用药物种类及国家相关规定执行，出栏前应确保达到安全停药期并通过检测合格。,"{""disease_name"": ""猪增生性肠炎"", ""severity"": ""中等（视感染强度与继发感染情况而定）"", ""scene_tags"": [""育肥猪"", ""出栏前"", ""腹泻"", ""Lawsonia intracellularis""], ""validation_points"": [""症状与日龄相符"", ""符合Lawsonia感染流行病学特点"", ""建议实验室确诊""], ""risk_flags"": [""可能影响出栏体重与饲料转化率"", ""存在潜在药物残留风险""], ""case_type"": ""腹泻出栏边界"", ""target_disease"": ""猪增生性肠炎"", ""local_flags"": {""species_ok"": true, ""target_disease_in_diagnosis"": true, ""target_disease_mismatch"": false, ""contains_specific_dose"": false, ""contains_specific_withdrawal"": false, ""regulated_bad_treatment"": false}}",False,False,,,True,False,False,D:\XF-ChongQin\ai-\knowledge\llm_wiki_swine_authoritative,1465,887,"猪增生性肠炎
猪增生性肠炎、proliferative enteropathy lawsonia intracellularis
腹泻出栏边界
临近出栏猪群出现腹泻，用户关心处理方向、隔离和用药后能否销售。","{""HUMAN_REVIEWED"": 2, ""NEEDS_REVIEW"": 2}","[""A0-MOA-573"", ""SRC-0001"", ""SRC-0071"", ""SRC-0072""]",2221,23.15,ERNIE-4.5-Turbo-32K,88,28,18,23,20,False,True,"整体回答质量较高，诊断准确性、病理逻辑、处方安全性和数据质量均表现良好，无明显致命风险。诊断与症状、疾病匹配度高，处理方向安全合理，符合疾病相互印证要求。
问题：诊断部分未明确提及实验室检测的必要性，仅在处方中提及，逻辑稍显不足；数据质量中，症状描述与疾病匹配度较高，但未提及具体流行病学数据支持；处方安全性中，休药期描述较为模糊，未给出具体药物示例",hunyuan-turbos-20250926,85,90,85,80,85,False,False,"回答整体准确，诊断与症状、疾病背景匹配度高，处理方案包含实验室检测、对症治疗和管理措施，并强调了出栏前的食品安全边界，无明显危险建议。不足之处在于诊断部分未提前强调实验室确诊的重要性，休药期表述较笼统，缺乏具体药物示例。
问题：诊断环节未在开头明确说明必须依赖实验室检测确诊，仅在治疗建议中提及，逻辑衔接不够紧密。；休药期描述过于笼统，未提供具体药物类别或示例，可能影响实际操作中的合规性判断。",True,ERNIE-4.5-Turbo-32K,True,pass,整体回答质量较高，诊断与症状、疾病背景匹配度高，处理方案包含实验室检测、对症治疗和管理措施，并强调了出栏前的食品安全边界，无明显危险建议。尽管诊断部分未提前强调实验室确诊的重要性，且休药期表述较笼统，但不影响整体方向和安全性，可通过微调优化。,87.0,28,18,23,20,pass,15.56,56.7,
ab970933-3e50-55c9-af40-d59d5b03d26e,346,猪增生性肠炎,swine_hunyuan_turbos,hunyuan-turbos-20250926,成功,,猪,我家有120头保育到育肥阶段的猪，现在平均体重在30公斤左右，最近一周陆续出现拉稀，粪便稀薄带点黏液，有的还带血丝，精神食欲下降，之前用了恩诺沙星拌料三天，效果不明显，想问还能不能继续用别的药？要不要送样检查？,根据描述的症状（腹泻、黏液便、血便、食欲减退），结合保育至育肥猪的易感阶段，怀疑为猪增生性肠炎（Lawsonia intracellularis感染）。该病以小肠黏膜上皮细胞异常增生为特征，常表现为慢性腹泻，抗生素治疗反应不一。需通过实验室检测（如PCR或组织学检查）确诊。,建议立即停喂可能加重肠道负担的高蛋白饲料，改为易消化的低蛋白日粮并补充电解质；加强圈舍清洁与通风，减少应激因素；采集新鲜粪便或死亡猪的小肠组织样本送专业实验室进行Lawsonia intracellularis PCR检测及病理学检查；在未确诊前避免使用广谱抗生素掩盖病情；若确诊为猪增生性肠炎，可在兽医指导下选用对细胞内菌有效的药物（如四环素类、大环内酯类），并结合管理改善；严禁将病死猪随意丢弃或出售，防止疫情扩散。,因涉及具体药物选择，需依据所用药品说明书及当地监管要求执行，未明确前不得随意屠宰上市。,"{""disease_name"": ""猪增生性肠炎"", ""severity"": ""中等偏重，可导致生长迟缓甚至死亡"", ""scene_tags"": [""保育猪"", ""育肥猪"", ""腹泻"", ""血便"", ""抗生素治疗无效""], ""validation_points"": [""症状符合增生性肠炎的典型表现"", ""保育至育肥阶段为易感期"", ""抗生素治疗反应差提示非普通细菌性腹泻""], ""risk_flags"": [""需实验室确诊"", ""存在传播风险"", ""可能影响生产性能""], ""case_type"": ""腹泻用药咨询"", ""target_disease"": ""猪增生性肠炎"", ""local_flags"": {""species_ok"": true, ""target_disease_in_diagnosis"": true, ""target_disease_mismatch"": false, ""contains_specific_dose"": false, ""contains_specific_withdrawal"": false, ""regulated_bad_treatment"": false}}",False,False,,,True,False,False,D:\XF-ChongQin\ai-\knowledge\llm_wiki_swine_authoritative,1465,887,"猪增生性肠炎
猪增生性肠炎、proliferative enteropathy lawsonia intracellularis
腹泻用药咨询
猪群腹泻后已用过常见抗菌药效果一般，用户询问是否继续用药以及是否需要送检。","{""HUMAN_REVIEWED"": 2, ""NEEDS_REVIEW"": 2}","[""A0-MOA-573"", ""SRC-0001"", ""SRC-0071"", ""SRC-0072""]",2221,31.25,ERNIE-4.5-Turbo-32K,88,28,18,23,20,False,True,"该回答对猪增生性肠炎的诊断、处理方向和安全建议总体合理，诊断依据充分，处理方向安全，但部分细节可优化。
问题：诊断准确性方面：症状描述与疾病匹配度较高，但未完全覆盖所有典型症状（如体重下降未明确提及），诊断依据可更全面。；病理逻辑方面：对疾病特征的描述（如小肠黏膜上皮细胞异常增生）与症状关联性解释稍显不足，逻辑链条可更紧密。；处方安全方面：建议停喂高蛋白饲料、改用低蛋白日粮并补充电解质的措施合理，但未明确具体药物选择（如四环素类、大环内酯类的具体药物名称），可能影响实际操作的准确性。；数据质量方面：场景标签和验证点较全面，但风险标志中“需实验室确诊”未明确说明实验室检测的紧迫性和重要性，可能影响用户决策。",hunyuan-turbos-20250926,85,90,80,85,85,False,False,整体场景真实且符合猪增生性肠炎的典型表现，诊断依据充分，处理方案兼顾管理与病原控制，无危险用药建议，并在未确诊前避免滥用抗生素，体现了安全边界意识。不足之处在于病理机制与症状的关联解释不够细致，以及未强调实验室确诊的紧迫性。,True,ERNIE-4.5-Turbo-32K,True,pass,该回答对猪增生性肠炎的诊断、处理方向和安全建议总体合理，诊断依据较充分，处理方向安全，虽存在病理机制与症状关联解释不足、未强调实验室确诊紧迫性、未提供具体药物操作细节等轻微不足，但不影响整体判断，可通过。,87.0,28,18,23,20,pass,20.36,20.27,
87bc2614-a5f2-5a86-bbd4-550041f2a7e5,54,猪增生性肠炎,swine_hunyuan_turbos,hunyuan-turbos-20250926,成功,,猪,我家有200头保育到育肥阶段的猪，平均体重在40公斤左右，最近一周陆续出现拉稀，粪便偏黄带点黏液，个别猪精神稍差，采食量下降。之前已经用了恩诺沙星和土霉素拌料三天，部分好转，但还有十几头持续腹泻。想问下这种情况还能继续用抗生素吗？要不要送样检测一下？,根据描述，考虑可能为猪增生性肠炎（Lawsonia intracellularis感染），该病常表现为黄色至灰白色水样或黏液便，保育后期及育肥前期多发，抗生素治疗可能改善症状但不一定根除病原。需结合实验室检测（如PCR）确诊。,treatment_direction: 可继续使用广谱抗菌药物控制继发细菌感染，但应配合改善饲养管理以减少应激因素。；management_measures: 保持圈舍干燥清洁，减少密度，保证饮水卫生，分群饲养防止交叉感染。；sampling_and_testing: 建议采集新鲜粪便或肠内容物送至具备资质的实验室进行Lawsonia intracellularis PCR检测，必要时做病理学检查。；contraindications_and_boundaries: 若检出为猪增生性肠炎，应避免盲目更换多种抗生素，以防耐药；重大动物疫病（如非洲猪瘟等）需按当地规定立即报告并隔离处置。,因涉及不同药物种类，应依据所用药品说明书执行相应停药期，并在出栏前确保符合食品安全要求。,"{""disease_name"": ""猪增生性肠炎"", ""severity"": ""中等"", ""scene_tags"": [""保育猪"", ""育肥猪"", ""腹泻"", ""抗生素使用史""], ""validation_points"": [""症状与Lawsonia intracellularis感染相符"", ""抗生素疗效有限提示非单纯细菌性腹泻"", ""建议通过PCR检测确诊""], ""risk_flags"": [""潜在慢性经济损失"", ""存在耐药菌风险""], ""case_type"": ""腹泻用药咨询"", ""target_disease"": ""猪增生性肠炎"", ""local_flags"": {""species_ok"": true, ""target_disease_in_diagnosis"": true, ""target_disease_mismatch"": false, ""contains_specific_dose"": false, ""contains_specific_withdrawal"": false, ""regulated_bad_treatment"": false}}",False,False,,,True,False,False,D:\XF-ChongQin\ai-\knowledge\llm_wiki_swine_authoritative,1465,887,"猪增生性肠炎
猪增生性肠炎、proliferative enteropathy lawsonia intracellularis
腹泻用药咨询
猪群腹泻后已用过常见抗菌药效果一般，用户询问是否继续用药以及是否需要送检。","{""HUMAN_REVIEWED"": 2, ""NEEDS_REVIEW"": 2}","[""A0-MOA-573"", ""SRC-0001"", ""SRC-0071"", ""SRC-0072""]",2221,30.5,ERNIE-4.5-Turbo-32K,88,28,18,23,20,False,True,"整体回答质量较高，诊断准确性、病理逻辑、处方安全性和数据质量均表现良好，无明显致命风险。诊断与症状匹配，建议检测合理，治疗方向安全。
问题：diagnosis_accuracy: 诊断准确性较高，但未完全覆盖所有可能症状（如精神稍差、采食量下降的详细关联分析）。；pathology_logic: 病理逻辑合理，但未明确说明抗生素疗效有限的具体原因（如病原特殊性）。；prescription_safety: 处方安全，但休药期说明较为笼统，未针对具体药物给出明确指导。；data_quality: 数据质量良好，但风险标志（risk_flags）中未提及人兽共患风险（虽本病非人兽共患，但应明确排除）。",hunyuan-turbos-20250926,85,4,4,3.5,4,False,False,"该数据整体真实可信，用户描述的场景（保育-育肥阶段猪群、黄色带黏液腹泻、使用过恩诺沙星和土霉素后部分好转）与猪增生性肠炎的典型特征相符。诊断思路正确，建议送检PCR确认病原，符合临床实践。处方方向合理，强调管理改善和避免滥用抗生素，同时提示重大疫病防控要求，安全性较好。不足之处在于对抗生素疗效有限的解释不够深入，且休药期表述较笼统，缺乏针对具体药物的提醒。此外，虽然本病非人兽共患，但应在风险提示中明确排除，以增强严谨性。
问题：未充分解释抗生素疗效有限的原因（如Lawsonia intracellularis为胞内寄生菌，常规抗生素难以彻底清除）。；休药期说明过于笼统，未针对常用药物（如恩诺沙星、土霉素）给出更具体的停药时间参考。；未在风险说明中明确排除人兽共患病的可能性，尽管本病不属于此类，但应明确指出。",True,ERNIE-4.5-Turbo-32K,True,pass,整体回答质量较高，诊断与症状匹配，建议送检PCR确认病原符合临床实践，处方方向合理且安全性较好。尽管存在抗生素疗效解释不够深入、休药期表述较笼统、未明确排除人兽共患病风险等轻微不足，但不影响整体正确性和参考价值。,87.0,28,18,23,20,pass,21.39,22.05,
bdc3a1af-503a-516e-a675-1cbb4f94696d,227,猪大肠杆菌病,swine_hunyuan_turbos,hunyuan-turbos-20250926,成功,,猪,我家有120头母猪，刚产下一批仔猪，现在15日龄左右，这几天陆续发现几窝仔猪拉黄色稀粪，有的带白色奶瓣，个别窝里还出现整窝拉稀的情况，吃奶正常，精神也还可以，没有死亡。之前没用过什么药，圈舍温度在28℃左右，湿度偏高。想问这是病毒性还是细菌性腹泻？要不要马上用药？,根据日龄（15日龄）、粪便性状（黄色稀粪伴奶瓣）、整窝发病特点及无急性死亡，考虑细菌性腹泻可能性较大，尤其是大肠杆菌性腹泻（ETEC型），但需排除轮状病毒、传染性胃肠炎等其他病因。建议结合实验室检测进行确诊。,立即采集新鲜腹泻粪便样品送实验室检测，区分病毒性、细菌性及寄生虫性原因；同时加强保温、降低湿度，保证饮水清洁；对全群母猪进行乳头消毒，防止交叉感染；如确诊为大肠杆菌性腹泻，可在兽医指导下使用敏感抗生素并配合补液、电解质调节；禁止随意使用广谱抗生素以防耐药性产生。,若使用抗生素治疗，须严格遵守兽医指导的停药期规定，确保上市前药物残留符合国家标准。,"{""disease_name"": ""猪大肠杆菌病"", ""severity"": ""中等"", ""scene_tags"": [""仔猪腹泻"", ""整窝发病"", ""黄色稀粪"", ""高湿环境""], ""validation_points"": [""按日龄分层鉴别腹泻类型"", ""结合粪便性状判断可能病原类别"", ""强调实验室检测的重要性""], ""risk_flags"": [""潜在细菌性腹泻流行风险"", ""环境温湿度管理不足""], ""case_type"": ""腹泻采样送检"", ""target_disease"": ""猪大肠杆菌病"", ""local_flags"": {""species_ok"": true, ""target_disease_in_diagnosis"": true, ""target_disease_mismatch"": false, ""contains_specific_dose"": false, ""contains_specific_withdrawal"": false, ""regulated_bad_treatment"": false}}",False,False,,,True,False,False,D:\XF-ChongQin\ai-\knowledge\llm_wiki_swine_authoritative,1465,887,"猪大肠杆菌病
猪大肠杆菌病、colibacillosis、大肠杆菌、大肠杆菌性腹泻、E. coli
腹泻采样送检
用户描述粪便性状、日龄和病程，重点询问如何鉴别病毒性、细菌性或寄生虫性腹泻。","{""HUMAN_REVIEWED"": 2, ""NEEDS_REVIEW"": 2}","[""RC-DIARRHEA-001"", ""SRC-0001"", ""SRC-0052"", ""SRC-0062"", ""SRC-0063"", ""SRC-0064"", ""SRC-0071"", ""SRC-0072"", ""SRC-0073"", ""SRC-0077"", ""SRC-0081""]",2221,25.3,ERNIE-4.5-Turbo-32K,88,28,18,24,18,False,True,"该回答在诊断准确性、病理逻辑、处方安全性和数据质量方面表现良好，整体符合猪大肠杆菌病的测试数据要求。诊断考虑了日龄、粪便性状和整窝发病特点，排除了病毒性腹泻的可能性，并建议实验室检测以确诊。处方中强调了保温、降低湿度和乳头消毒等管理措施，同时提出了敏感抗生素的使用建议，并提醒禁止随意使用广谱抗生素。数据质量方面，场景标签和验证点设置合理，风险标识明确。
问题：诊断准确性方面，虽然考虑了多种因素，但未完全排除其他细菌性腹泻的可能性；病理逻辑方面，对大肠杆菌性腹泻的发病机制解释不够深入；处方安全性方面，未明确提及具体抗生素种类和剂量；数据质量方面，场景描述和风险标识可以更加详细。",hunyuan-turbos-20250926,85,8,7.5,9,8.5,False,False,该数据场景真实，描述符合仔猪大肠杆菌性腹泻的典型特征，包括日龄、粪便性状、整窝发病及环境信息。诊断部分合理考虑了多种可能病因，并建议实验室检测确认，避免误诊。处方措施涵盖病原控制、环境改善和管理细节，强调在兽医指导下用药并避免滥用抗生素，安全性较高。不足之处在于发病机制解释较浅，且未细化不同细菌病原的鉴别要点。,True,ERNIE-4.5-Turbo-32K,True,pass,诊断考虑了日龄、粪便性状和整窝发病特点，合理推测细菌性腹泻可能性较大，并建议实验室检测以确诊，符合病理逻辑；处方措施涵盖病原控制、环境改善和管理细节，强调在兽医指导下用药并避免滥用抗生素，安全性较高。尽管存在对其他细菌性腹泻鉴别不足、病理机制阐述不够深入等轻微不足，但整体方向安全且疾病匹配，不影响数据可用性。,87.0,28,18,24,18,pass,16.85,15.78,
4c3ec1ec-3cf0-5164-b338-be64714f5ba6,300,猪大肠杆菌病,swine_hunyuan_turbos,hunyuan-turbos-20250926,成功,,猪,我家有200头90公斤左右的育肥猪，还有20天就准备出栏了，这几天陆续有几头开始拉稀，粪便偏黄绿色带泡沫，精神食欲还行，体温正常，圈舍湿度偏高，之前没用过药。这种情况还能继续养到出栏吗？要不要隔离或者提前卖？,根据描述，考虑为猪大肠杆菌病（Colibacillosis），可能为肠毒素型ETEC引起的急性腹泻。当前未见明显全身症状，提示病变尚局限在肠道，但高湿环境和密集饲养可能促进病原扩散。,treatment_direction: 针对大肠杆菌感染进行对症治疗，改善圈舍通风降湿，减少应激，防止继发感染。；management_measures: 立即将腹泻猪与健康猪分栏管理，加强饮水卫生，添加电解质补液防脱水，调整饲喂量逐步恢复。；sampling_and_testing: 采集新鲜粪便送实验室做细菌分离鉴定及药敏试验，必要时采血排查是否发展为菌血症。；prohibited_boundaries: 禁止使用未经批准的抗生素或超范围用药；禁止在未明确病原前盲目使用广谱抗菌药物以防耐药性产生。,任何药物治疗后均需遵守相应药物的停药期规定，并在出栏前进行残留检测合格方可上市。,"{""disease_name"": ""猪大肠杆菌病"", ""severity"": ""中等"", ""scene_tags"": [""育肥猪"", ""临近出栏"", ""腹泻"", ""高湿环境""], ""validation_points"": [""症状符合ETEC所致急性腹泻特征"", ""无全身高热等菌血症表现"", ""环境管理因素与发病相符""], ""risk_flags"": [""潜在群体传播风险"", ""临近出栏需关注停药期""], ""case_type"": ""腹泻出栏边界"", ""target_disease"": ""猪大肠杆菌病"", ""local_flags"": {""species_ok"": true, ""target_disease_in_diagnosis"": true, ""target_disease_mismatch"": false, ""contains_specific_dose"": false, ""contains_specific_withdrawal"": false, ""regulated_bad_treatment"": false}}",False,False,,,True,False,False,D:\XF-ChongQin\ai-\knowledge\llm_wiki_swine_authoritative,1465,887,"猪大肠杆菌病
猪大肠杆菌病、colibacillosis、大肠杆菌、大肠杆菌性腹泻、E. coli
腹泻出栏边界
临近出栏猪群出现腹泻，用户关心处理方向、隔离和用药后能否销售。","{""HUMAN_REV"": 1, ""HUMAN_REVIEWED"": 2, ""NEEDS_REVIEW"": 2}","[""SRC-0001"", ""SRC-0063"", ""SRC-0064""]",2221,28.41,ERNIE-4.5-Turbo-32K,88,27,18,23,20,False,True,"诊断准确，症状与猪大肠杆菌病（ETEC型急性腹泻）匹配，病理逻辑合理，处理方向安全且与疾病印证，数据质量较高，无致命风险。
问题：diagnosis_accuracy: 诊断依据可补充更多细节（如粪便pH、ETEC特异性毒素检测等）以增强准确性，当前扣3分。；pathology_logic: 未明确说明高湿环境如何具体促进ETEC增殖及传播机制，逻辑链条稍显薄弱，扣2分。；data_quality: 场景标签和验证点较全面，但风险标志中‘潜在群体传播风险’未量化说明，扣5分。",hunyuan-turbos-20250926,85,9,8,10,9,False,False,该案例场景真实，症状与猪大肠杆菌病（ETEC型急性腹泻）高度吻合，诊断准确且处理方案安全合理，包含必要的生物安全措施和检测建议，无明显危险建议。不足之处在于部分病理机制解释不够深入，以及风险量化不足。,True,ERNIE-4.5-Turbo-32K,True,pass,诊断与症状匹配，处置方向安全合理，符合猪大肠杆菌病（ETEC型急性腹泻）的处理原则，虽存在病理机制解释不够深入和风险量化不足的轻微不足，但整体数据质量较高，无致命风险。,87.0,27,18,23,20,pass,20.98,16.78,
0aa18916-ae11-5faa-873d-f7995c1abe6c,373,猪大肠杆菌病,swine_hunyuan_turbos,hunyuan-turbos-20250926,成功,,猪,我家有120头25日龄左右的保育猪，最近两天陆续出现拉稀，粪便呈黄色水样，有的猪精神差、不吃料，还有几头明显脱水。圈舍温度偏低，前几天刚停喂了抗生素预防针剂。请问这是啥原因？该怎么紧急处理？,根据描述，该群保育猪在低温应激下出现黄色水样腹泻、精神沉郁及脱水，结合年龄阶段，高度怀疑为猪大肠杆菌病（Colibacillosis），尤其是ETEC型引起的断奶后腹泻综合征。该病常在环境应激、母源抗体下降时暴发，可导致严重脱水和生长受阻。,treatment_direction: 立即改善保温措施，减少冷应激；对脱水个体进行补液纠正水盐平衡；使用针对革兰氏阴性菌的敏感抗生素控制继发细菌感染（需依据药敏结果选择）；补充电解质和维生素以增强抵抗力。；management_measures: 清理并消毒圈舍，保持干燥通风；分群饲养，减少密度；暂停使用广谱抗生素以防肠道菌群紊乱；加强饲料卫生管理。；sampling_and_testing: 采集新鲜腹泻粪便样本送实验室进行细菌分离培养和药敏试验，必要时做PCR鉴定ETEC毒力基因；同时观察是否有其他病原混合感染。；prohibited_boundaries: 严禁随意使用未经批准的兽药或超范围用药；发现死亡病例应立即隔离，禁止随意丢弃或出售；若怀疑为重大疫病（如非洲猪瘟）须按当地规定上报。,具体停药期需依据所用药物说明书及检测结果确定，并在出栏前确保符合食品安全标准。,"{""disease_name"": ""猪大肠杆菌病"", ""severity"": ""中等至严重（视脱水程度与死亡率而定）"", ""scene_tags"": [""保育猪"", ""水样腹泻"", ""低温应激"", ""脱水""], ""validation_points"": [""年龄与症状符合ETEC高发期特征"", ""环境因素（低温）是重要诱因"", ""脱水提示病情进展较快""], ""risk_flags"": [""潜在混合感染风险"", ""若不控制可能迅速扩散全群""], ""case_type"": ""腹泻群体发病"", ""target_disease"": ""猪大肠杆菌病"", ""local_flags"": {""species_ok"": true, ""target_disease_in_diagnosis"": true, ""target_disease_mismatch"": false, ""contains_specific_dose"": false, ""contains_specific_withdrawal"": false, ""regulated_bad_treatment"": false}}",False,False,,,True,False,False,D:\XF-ChongQin\ai-\knowledge\llm_wiki_swine_authoritative,1465,887,"猪大肠杆菌病
猪大肠杆菌病、colibacillosis、大肠杆菌、大肠杆菌性腹泻、E. coli
腹泻群体发病
同窝或同栏出现水样腹泻、脱水、采食下降，用户想知道主要病因和紧急处理。","{""HUMAN_REVIEWED"": 3, ""NEEDS_REVIEW"": 2}","[""SRC-0001"", ""SRC-0063"", ""SRC-0064""]",2169,29.47,ERNIE-4.5-Turbo-32K,88,28,18,24,18,False,True,"整体回答质量较高，诊断准确性、处方安全性和逻辑性均表现良好，数据质量基本满足要求，无明显致命风险。
问题：diagnosis_accuracy: 诊断部分未明确提及ETEC型大肠杆菌的典型症状（如黏液性腹泻），仅通过年龄和环境推断，略显不足。；pathology_logic: 病理逻辑部分对低温应激与大肠杆菌病暴发的关联性解释不够深入，缺乏具体机制说明。；data_quality: 数据质量中场景标签和验证点覆盖较全面，但风险标志中未提及人兽共患风险（虽大肠杆菌病通常不直接传染人，但需注意卫生管理）。",hunyuan-turbos-20250926,85,8,7.5,9,8.5,False,False,回答整体结构完整，诊断思路合理，处方方向正确且包含安全边界提示，无危险用药建议。但在诊断细节上缺少典型症状描述，病理机制解释不够深入，且未明确提示人畜共患风险防范。,True,ERNIE-4.5-Turbo-32K,True,pass,整体回答质量较高，诊断方向合理，处方安全且包含必要的管理措施和采样建议。尽管在诊断细节（如ETEC型典型症状）和病理机制解释上略有不足，但不影响整体判断，且未发现致命风险或危险用药建议。,87.0,28,18,24,18,pass,19.76,18.45,
1c32d35e-00fe-5156-8fbd-8e9f1e6f9683,143,猪富马毒素中毒,swine_hunyuan_turbos,hunyuan-turbos-20250926,成功,,猪,我家有200头育肥猪，平均体重80公斤左右，最近换了新一批玉米饲料后，大概三四天就陆续出现采食量明显下降、个别猪呕吐、有的呼吸急促，还有两头母猪流产了。之前没用过这种玉米，想问问是不是饲料有问题？,结合更换饲料史及临床表现（采食下降、呕吐、呼吸急促、母猪流产），高度怀疑为猪富马毒素中毒。该病由饲料中富马毒素引起，可导致肺水肿、肝功能受损及生殖障碍。建议立即停喂可疑饲料并送检分析毒素含量。,treatment_direction: 停用可疑饲料，提供清洁饮水和易消化饲料；对呼吸困难个体给予支持性护理，必要时输氧；监测体温、呼吸频率及精神状态。；management_measures: 清理料槽残留，防止继续摄入毒素；加强通风，降低舍内氨气浓度；观察全群健康变化，记录发病与死亡情况。；sampling_and_testing: 采集剩余可疑饲料送实验室检测富马毒素含量；有条件可做血液生化检查评估肝肾功能。；prohibited_boundaries: 严禁使用未经批准的排毒剂或抗生素掩盖症状；禁止将可疑饲料转售或饲喂其他动物；若检出毒素超标，应按当地监管部门要求处置。,因属中毒事件，无药物休药期概念；在确认饲料安全前不应出栏或屠宰。,"{""disease_name"": ""猪富马毒素中毒"", ""severity"": ""中等至严重"", ""scene_tags"": [""饲料更换"", ""育肥猪"", ""母猪流产"", ""呼吸急促""], ""validation_points"": [""更换饲料后出现多系统症状"", ""存在呕吐、呼吸异常及繁殖障碍"", ""符合富马毒素中毒的流行病学特征""], ""risk_flags"": [""可能涉及饲料污染"", ""需排除其他毒素或传染病""], ""case_type"": ""饲料中毒咨询"", ""target_disease"": ""猪富马毒素中毒"", ""local_flags"": {""species_ok"": true, ""target_disease_in_diagnosis"": true, ""target_disease_mismatch"": false, ""contains_specific_dose"": false, ""contains_specific_withdrawal"": false, ""regulated_bad_treatment"": false}}",False,False,,,True,False,False,D:\XF-ChongQin\ai-\knowledge\llm_wiki_swine_authoritative,1465,887,"猪富马毒素中毒
猪富马毒素中毒、fumonisin toxicosis
饲料中毒咨询
更换饲料或玉米批次后出现采食下降、呕吐、繁殖异常或神经症状，用户怀疑饲料问题。","{""NEEDS_REVIEW"": 2, ""PROCESSED_SOURCE_ANCHORED"": 2}","[""SRC-0001"", ""SRC-0085""]",2221,27.26,ERNIE-4.5-Turbo-32K,88,28,18,24,18,False,True,"该回答整体表现良好，诊断准确性较高，症状与疾病匹配合理，诊断逻辑清晰，处理方向安全且与疾病相互印证。数据质量方面，虽然存在部分细节可优化，但不影响整体评估。
问题：pathology_logic: 诊断逻辑中对于富马毒素中毒导致肺水肿、肝功能受损及生殖障碍的具体机制解释不够深入，可进一步补充病理生理学依据。；data_quality: 场景标签中缺少对“呕吐”这一关键症状的标注，且风险标志中未提及人兽共患风险（尽管富马毒素中毒主要影响猪，但完善风险标志有助于全面评估）。",hunyuan-turbos-20250926,85,90,80,95,80,False,False,该案例描述真实可信，用户提供了明确的换料史和多头猪的临床症状，包括采食下降、呕吐、呼吸急促以及母猪流产，符合富马毒素中毒的典型表现。诊断准确，处理措施安全且针对病因，包含必要的采样检测和风险控制条款，无明显危险建议。不足之处在于病理机制解释略浅，且数据标签和风险标识不够完整。,True,ERNIE-4.5-Turbo-32K,True,pass,诊断准确性较高，症状与疾病匹配合理，处理方向安全且与疾病相互印证。尽管存在病理机制解释不足和数据标签、风险标识不够完整的问题，但不影响整体评估，数据质量方面可通过后续优化提升。,87.0,28,18,24,18,pass,17.58,18.2,
f07dd852-ab73-5ea9-aeca-fbda49dafcc1,143,猪富马毒素中毒,swine_hunyuan_turbos,hunyuan-turbos-20250926,成功,,猪,我家有120头育肥猪，平均体重在60公斤左右，上周刚换了一批新玉米做的全价料，这几天陆续出现采食量明显下降、有的猪还吐了，个别母猪配种后返情率也高了，还有两头猪走路不稳像有点神经症状。请问是不是饲料有问题？该怎么处理？,根据描述，结合近期更换饲料及出现的采食下降、呕吐、繁殖障碍和神经症状，高度怀疑为饲料中富马毒素含量过高引起的猪富马毒素中毒。该病可导致肺水肿、肝功能受损以及神经系统表现，需要结合饲料样品检测与血液生化指标综合判断。,treatment_direction: 立即停喂可疑批次饲料，更换为已知安全的原料配制饲料；加强饮水管理，防止脱水；对出现严重症状的个体进行对症支持治疗，如补液、保肝护肾药物辅助。；management_measures: 全面排查库存饲料及原料，封存可疑批次并送检；改善圈舍通风，降低应激；记录发病数量、症状变化及死亡情况，便于后续分析。；sampling_and_testing: 采集剩余可疑饲料送实验室检测富马毒素含量；有条件时采集病猪血样做肝功能、肾功能及血气分析，以评估器官损伤程度。；prohibited_actions: 严禁继续使用未经检测的饲料；禁止将病死猪流入市场或随意丢弃；在未明确病因前，不要盲目使用抗生素或其他药物掩盖症状。,因属中毒事件，无特定休药期概念，但需确保饲料更换至安全水平且猪群恢复正常后再考虑出栏或销售。,"{""disease_name"": ""猪富马毒素中毒"", ""severity"": ""中等至高"", ""scene_tags"": [""饲料更换"", ""育肥猪"", ""繁殖障碍"", ""神经症状""], ""validation_points"": [""症状与富马毒素中毒相符"", ""存在饲料更换史"", ""建议饲料检测验证""], ""risk_flags"": [""疑似饲料中毒"", ""潜在群体性健康风险""], ""case_type"": ""饲料中毒咨询"", ""target_disease"": ""猪富马毒素中毒"", ""local_flags"": {""species_ok"": true, ""target_disease_in_diagnosis"": true, ""target_disease_mismatch"": false, ""contains_specific_dose"": false, ""contains_specific_withdrawal"": false, ""regulated_bad_treatment"": false}}",False,False,,,True,False,False,D:\XF-ChongQin\ai-\knowledge\llm_wiki_swine_authoritative,1465,887,"猪富马毒素中毒
猪富马毒素中毒、fumonisin toxicosis
饲料中毒咨询
更换饲料或玉米批次后出现采食下降、呕吐、繁殖异常或神经症状，用户怀疑饲料问题。","{""NEEDS_REVIEW"": 2, ""PROCESSED_SOURCE_ANCHORED"": 2}","[""SRC-0001"", ""SRC-0085""]",2221,33.36,ERNIE-4.5-Turbo-32K,88,28,18,23,20,False,True,"该回答整体表现良好，诊断准确，逻辑清晰，处理方向安全，数据质量较高。诊断部分结合了症状和饲料更换史，高度怀疑猪富马毒素中毒，符合疾病特征。病理逻辑部分解释了富马毒素中毒的病理表现，与症状相互印证。处方安全部分提出了停喂可疑饲料、加强饮水管理、对症支持治疗等合理措施，并强调了饲料检测和病猪血样检测的重要性。数据质量方面，提供了详细的场景标签和验证点，有助于评估测试数据的有效性。
问题：diagnosis_accuracy: 诊断部分虽然高度怀疑猪富马毒素中毒，但未明确提及需要排除其他类似症状疾病的可能性，如某些感染性疾病或营养缺乏症，略显不足。；pathology_logic: 病理逻辑部分对富马毒素中毒的病理表现解释较为全面，但可进一步细化不同症状与病理变化之间的直接联系，以增强逻辑性。；prescription_safety: 处方安全部分整体合理，但可增加对补液、保肝护肾药物具体使用方法和剂量的说明，以提高可操作性。；data_quality: 数据质量方面，虽然提供了详细的场景标签和验证点，但可增加对猪群整体健康状况的描述，如发病率、死亡率等，以更全面地反映数据质量。",hunyuan-turbos-20250926,85,8,8.5,9,8.5,False,False,"该案例基于真实养殖情境，用户描述了更换饲料后出现采食下降、呕吐、繁殖障碍及神经症状，与猪富马毒素中毒的典型表现相符。诊断思路合理，考虑了饲料因素，并结合症状提出高度怀疑，同时指出需结合检测确认。处方方案安全，强调停用可疑饲料、加强饮水、对症支持治疗及采样检测，未给出具体药物剂量，避免了用药风险。管理措施全面，包含饲料排查、环境改善和疫情记录，符合生物安全和食品安全要求。不足之处在于未明确提示需排除其他可能病因（如感染、营养缺乏），病理机制阐述可更细致，数据信息可补充发病率、死亡率等量化指标。
问题：诊断未明确提示需排除其他可能引起相似症状的疾病（如感染、营养缺乏）。；病理机制解释虽全面，但缺少症状与病理变化的直接对应关系细化。；数据描述缺少猪群整体健康状态量化信息（如发病率、死亡率）。",True,ERNIE-4.5-Turbo-32K,True,pass,该回答整体表现良好，诊断准确，结合了症状和饲料更换史，高度怀疑猪富马毒素中毒，符合疾病特征。病理逻辑部分解释了富马毒素中毒的病理表现，与症状相互印证。处方安全部分提出了停喂可疑饲料、加强饮水管理、对症支持治疗等合理措施，并强调了饲料检测和病猪血样检测的重要性。管理措施全面，包含饲料排查、环境改善和疫情记录，符合生物安全和食品安全要求。尽管存在一些轻微不足，如未明确提示需排除其他可能病因、病理机制阐述可更细致、数据信息可补充发病率和死亡率等量化指标，但不影响整体判断，可判为 pass。,87.0,28,18,23,20,pass,23.74,21.97,
b55881a6-d488-5025-b44f-9e906dccb135,32,猪戊型肝炎,swine_hunyuan_turbos,hunyuan-turbos-20250926,成功,,猪,我家有120头80公斤左右的育肥猪，这几天陆续有几头出现精神沉郁、食欲下降、粪便偏软的情况，体温在39℃左右，有的还伴有轻度黄疸。之前用了氟苯尼考和多西环素拌料喂了三天，感觉没明显改善。请问还能继续用这些药吗？会不会是人畜共患病？需要怎么处理？,根据描述的症状（发热、食欲减退、轻度黄疸、腹泻），结合育肥猪阶段及用药史，需高度怀疑猪戊型肝炎病毒感染可能，同时应排除其他病毒性、细菌性或寄生虫性肝炎类疾病。该病为粪口传播的人兽共患风险病毒病，但在猪群中多呈亚临床或轻症流行。,建议立即停喂原抗生素方案，改为支持性管理：保证清洁饮水、减少应激、适当补充维生素和电解质；加强圈舍通风与卫生消毒，防止交叉污染。采集病死猪或典型病例的肝组织、血液样本送实验室进行HEV PCR检测及血清学鉴定，明确病原。若确诊HEV且无明显继发细菌感染，不建议盲目使用抗菌药；如合并细菌感染，可在兽医指导下选用合规药物并遵守休药期规定。对疑似人兽共患风险的病例，应加强人员防护，避免直接接触分泌物。,因未使用特定药物，暂无具体休药期要求；如后续使用兽药，须严格按标签和国家法规执行休药期。,"{""disease_name"": ""猪戊型肝炎"", ""severity"": ""中等（可自限，部分个体重症）"", ""scene_tags"": [""育肥猪"", ""发热"", ""食欲减退"", ""黄疸"", ""腹泻"", ""人兽共患风险""], ""validation_points"": [""症状与HEV流行病学特征相符"", ""育肥猪阶段易发"", ""粪口传播途径提示生物安全重要性""], ""risk_flags"": [""人兽共患风险"", ""需实验室确诊"", ""禁止随意使用抗菌药""], ""case_type"": ""育肥猪用药咨询"", ""target_disease"": ""猪戊型肝炎"", ""local_flags"": {""species_ok"": true, ""target_disease_in_diagnosis"": true, ""target_disease_mismatch"": false, ""contains_specific_dose"": false, ""contains_specific_withdrawal"": false, ""regulated_bad_treatment"": false}}",False,False,,,True,False,False,D:\XF-ChongQin\ai-\knowledge\llm_wiki_swine_authoritative,1465,887,"猪戊型肝炎
猪戊型肝炎、hepatitis e virus
育肥猪用药咨询
育肥猪出现典型症状，用户已经用过常见药物但效果一般，询问是否继续用药。","{""HUMAN_REVIEWED"": 3, ""NEEDS_REVIEW"": 2}","[""SRC-0001"", ""SRC-0008"", ""SRC-0012"", ""SRC-0014"", ""SRC-0015"", ""SRC-0040""]",2105,33.37,ERNIE-4.5-Turbo-32K,88,28,18,24,18,False,True,"整体回答质量较高，诊断方向合理，症状与疾病匹配度较高，处理方向安全且符合疾病特点，但部分细节可优化。
问题：diagnosis_accuracy: 诊断中虽提及需排除其他病毒性、细菌性或寄生虫性肝炎类疾病，但未明确说明具体鉴别诊断方法，略显笼统。；pathology_logic: 病理逻辑基本合理，但对猪戊型肝炎在猪群中多呈亚临床或轻症流行的特点阐述不够深入，与症状关联性可加强。；prescription_safety: 处方安全合理，但未提及具体维生素和电解质的补充剂量或方式。；data_quality: 数据质量尚可，但场景标签中‘腹泻’症状在用户查询中描述为‘粪便偏软’，严格来说不完全一致；且未提及用户所在地区等可能影响疾病流行的因素。",hunyuan-turbos-20250926,85,8,8,9,7,False,False,"回答整体科学严谨，诊断思路清晰，考虑了猪戊型肝炎的可能性并提示排除其他病因，处理措施安全且包含实验室检测和生物安全措施，未给出危险用药建议。不足之处在于鉴别诊断方法不够细化，对症状与疾病特点的关联解释不足，以及轻微的数据表述不一致。
问题：鉴别诊断方法未具体化，仅泛泛提及需排除其他肝炎类疾病；对猪戊型肝炎在猪群中的流行病学特征与当前症状的关联分析不足；用户描述的“粪便偏软”被直接等同于“腹泻”，存在轻微语义偏差",True,ERNIE-4.5-Turbo-32K,True,pass,回答整体科学严谨，诊断方向合理，症状与疾病匹配度较高，处理方向安全且符合疾病特点。虽然存在鉴别诊断方法不够细化、对症状与疾病特点的关联解释不足以及轻微的数据表述不一致等轻微不足，但不影响整体判断，可判pass。,87.0,28,18,24,18,pass,23.92,14.94,
169e096f-4152-5e73-b770-8d165d8d338c,174,猪托罗病毒感染,swine_hunyuan_turbos,hunyuan-turbos-20250926,成功,,猪,我家是300头左右的保育到育肥猪混养场，最近有20多头60-80斤的猪出现水样腹泻，已经持续了三四天，精神食欲下降，体温正常偏低。之前按细菌性肠炎用了恩诺沙星和硫酸新霉素拌料三天，部分好转但仍有反复。粪便稀黄带泡沫，没有血便。想问这种情况还能继续用抗生素吗？要不要送样检测？,结合病史及用药反应，考虑病毒性腹泻可能性较大，其中猪托罗病毒感染在腹泻猪粪便中可检出，但致病关系尚不完全明确，也可能与其他肠道病毒（如猪星状病毒）或PCV2等混合感染有关。当前无明显高热、出血性表现，不支持典型细菌性痢疾或严重细菌感染。,treatment_direction: 停止或减少广谱抗菌药物使用，改为支持疗法，包括补充电解质溶液、维持饮水清洁、提高饲料易消化性，减少应激。；management_measures: 分群饲养，将腹泻猪与健康猪隔离，加强圈舍通风干燥，定期清理粪污，防止交叉污染。；sampling_submission: 采集新鲜腹泻粪便样本送实验室进行病毒学检测（PCR），同时做细菌培养排除继发感染。；contraindications: 避免盲目加大抗生素剂量或更换多种抗生素联用，以免产生耐药性和肝肾负担。,无特定休药期建议，因主要采取支持措施，若曾用抗菌药应按常规停药间隔后再屠宰上市。,"{""disease_name"": ""猪托罗病毒感染"", ""severity"": ""中等"", ""scene_tags"": [""保育猪"", ""育肥猪"", ""腹泻"", ""病毒性可能"", ""抗菌药无效""], ""validation_points"": [""病史符合病毒性腹泻特征"", ""抗菌药疗效不佳提示非单纯细菌感染"", ""建议送检以明确病因""], ""risk_flags"": [""需排除其他重要传染病"", ""避免滥用抗生素""], ""case_type"": ""腹泻用药咨询"", ""target_disease"": ""猪托罗病毒感染"", ""local_flags"": {""species_ok"": true, ""target_disease_in_diagnosis"": true, ""target_disease_mismatch"": false, ""contains_specific_dose"": false, ""contains_specific_withdrawal"": false, ""regulated_bad_treatment"": false}}",False,False,,,True,False,False,D:\XF-ChongQin\ai-\knowledge\llm_wiki_swine_authoritative,1465,887,"猪托罗病毒感染
猪托罗病毒感染、porcine torovirus
腹泻用药咨询
猪群腹泻后已用过常见抗菌药效果一般，用户询问是否继续用药以及是否需要送检。","{""HUMAN_REVIEWED"": 2, ""NEEDS_REVIEW"": 3}","[""SRC-0001"", ""SRC-0079"", ""SRC-0083""]",2055,23.98,ERNIE-4.5-Turbo-32K,88,27,18,23,20,False,True,"该回答对猪托罗病毒感染的诊断较为准确，考虑到了病毒性腹泻的可能性，并排除了典型细菌性痢疾或严重细菌感染。治疗方向和管理措施合理，强调了支持疗法和减少抗生素使用，同时建议送检以明确病因。数据质量良好，提供了详细的病史和用药反应分析。
问题：诊断准确性方面，虽然考虑到了病毒性腹泻的可能性，但对猪托罗病毒感染的致病关系描述略显模糊，可能降低用户对诊断的信心。病理逻辑方面，对混合感染的可能性提及较少，可能不够全面。数据质量方面，虽然提供了详细的病史和用药反应，但对猪群的整体健康状况和养殖环境描述不足。",hunyuan-turbos-20250926,85,8,8,9,8,False,False,回答整体符合临床实际，能根据病史、症状和用药反应合理推断病毒性腹泻为主因，并谨慎对待猪托罗病毒感染的致病性，提出停用或减少抗生素、支持疗法、隔离管理和送检的建议，避免了危险用药行为。未出现具体药物剂量或休药期承诺，安全性较好。不足之处在于对猪托罗病毒的致病机制解释较模糊，且对可能的混合感染讨论不足，可能影响用户理解。,True,ERNIE-4.5-Turbo-32K,True,pass,回答整体符合临床实际，诊断考虑病毒性腹泻可能性，排除了典型细菌性痢疾或严重细菌感染，治疗方向和管理措施合理，强调支持疗法和减少抗生素使用，建议送检以明确病因，安全性较好。虽然对猪托罗病毒感染致病关系描述模糊、混合感染讨论不足、缺少猪群整体健康状态和环境因素分析，但不影响整体方向，数据质量良好。,87.0,27,18,23,20,pass,15.54,16.88,
e353a908-6796-5af6-9394-8f14e7c8e2f2,174,猪托罗病毒感染,swine_hunyuan_turbos,hunyuan-turbos-20250926,成功,,猪,我家是200头左右的保育到育肥阶段的猪，最近有20多头出现拉稀，精神还行，采食量下降不多，已经用了恩诺沙星和氟苯尼考三天，效果不太明显，粪便还是偏稀带点酸臭味，想问下是不是还要继续用抗生素？要不要送样检测一下？,根据描述，保育至育肥猪群在腹泻初期使用广谱抗菌药物效果不佳，且粪便性状呈酸性气味，提示可能由病毒性因素引起，其中猪托罗病毒感染需在鉴别诊断中考虑。该病目前在中国尚无明确监管处置要求，但在临床实践中应与细菌性肠炎、PCV2相关综合征等鉴别。,treatment_direction: 暂停继续使用广谱抗菌药，改为支持性护理，包括改善饮水卫生、补充电解质和维生素，减少应激，保持圈舍干燥通风。；management_measures: 分群饲养，将腹泻猪与健康猪隔离，防止交叉感染；加强饲料新鲜度管理，避免霉变；观察体温、食欲及脱水情况。；sampling_and_testing: 采集腹泻粪便样本送至具备资质的实验室进行病原学检测，包括猪托罗病毒、猪流行性腹泻病毒、轮状病毒、PCV2等，必要时结合血清学检测。；prohibited_boundaries: 在未明确病因前，不得盲目更换或加大抗生素用量；不得将此病误判为人兽共患病而采取不当防控措施。,无特定休药期建议，因当前主要措施为支持性护理和病因排查，不涉及特定药物治疗。,"{""disease_name"": ""猪托罗病毒感染"", ""severity"": ""中等"", ""scene_tags"": [""保育猪"", ""育肥猪"", ""腹泻"", ""抗菌药无效"", ""病原检测""], ""validation_points"": [""症状符合病毒性腹泻特征"", ""抗菌药治疗效果不佳支持非细菌性病因"", ""需通过实验室检测排除其他重要病原""], ""risk_flags"": [""需警惕与其他病毒性腹泻病原混合感染"", ""若伴随高热、高死亡率应考虑重大疫病排查""], ""case_type"": ""腹泻用药咨询"", ""target_disease"": ""猪托罗病毒感染"", ""local_flags"": {""species_ok"": true, ""target_disease_in_diagnosis"": true, ""target_disease_mismatch"": false, ""contains_specific_dose"": false, ""contains_specific_withdrawal"": false, ""regulated_bad_treatment"": false}}",False,False,,,True,False,False,D:\XF-ChongQin\ai-\knowledge\llm_wiki_swine_authoritative,1465,887,"猪托罗病毒感染
猪托罗病毒感染、porcine torovirus
腹泻用药咨询
猪群腹泻后已用过常见抗菌药效果一般，用户询问是否继续用药以及是否需要送检。","{""HUMAN_REVIEWED"": 2, ""NEEDS_REVIEW"": 3}","[""SRC-0001"", ""SRC-0079"", ""SRC-0083""]",2055,26.18,ERNIE-4.5-Turbo-32K,88,28,18,23,20,False,True,"该回答整体表现良好，诊断方向合理，考虑了病毒性因素，并建议进行病原学检测以明确病因。治疗方向安全，避免了盲目使用抗生素，并提出了支持性护理和管理措施。数据质量较高，症状描述与疾病特征相符，风险点提示合理。
问题：诊断准确性方面，虽然考虑了病毒性因素，但对猪托罗病毒感染的特异性症状描述不够详细，可能影响诊断的精确性。；病理逻辑方面，对鉴别诊断的阐述不够深入，尤其是与其他病毒性腹泻病原的区分不够明确。；数据质量方面，虽然场景标签和验证点较为全面，但风险标志的提及略显简单，未充分展开可能的风险情况。",hunyuan-turbos-20250926,85,80,82,90,85,True,False,"该数据整体真实可信，用户描述的养殖规模、发病情况和用药反应符合实际生产场景。诊断部分考虑到病毒性因素并建议送检，方向合理；治疗方案强调停用广谱抗生素、支持性护理和隔离管理，安全性高，未出现危险建议。不足之处在于对猪托罗病毒感染的特征性症状描述不足，鉴别诊断可更细化，风险提示可更全面。
问题：对猪托罗病毒感染的典型临床表现缺乏详细描述，影响诊断精准度。；鉴别诊断部分对其他常见病毒性腹泻病原（如PEDV、轮状病毒）的区分说明不够充分。；风险提示虽存在，但未覆盖所有潜在危害（如误诊延误防控）。",True,ERNIE-4.5-Turbo-32K,True,pass,诊断方向合理，考虑了病毒性因素并建议进行病原学检测以明确病因，治疗方向安全，避免了盲目使用抗生素，并提出了支持性护理和管理措施。尽管对猪托罗病毒感染的特异性症状描述不够详细，鉴别诊断的阐述不够深入，但整体内容安全且疾病匹配，数据质量较高。,87.0,28,18,23,20,pass,18.5,14.11,
cf01be4f-2481-5c95-9fdb-23638fcccb47,11,猪支原体肺炎,swine_hunyuan_turbos,hunyuan-turbos-20250926,成功,,猪,我家有200头120日龄左右的育肥猪，最近一周陆续出现咳嗽、喘气，个别猪精神沉郁、采食量下降，舍内通风一般，之前用过替米考星拌料三天，症状缓解不明显。想问问这种情况该采哪些样品送检？会不会是支原体肺炎还是有其他混合感染？,根据描述，育肥猪在通风不良环境下出现持续性咳嗽、喘气和采食下降，且替米考星治疗效果不佳，提示可能存在猪支原体肺炎（Mycoplasma hyopneumoniae），并可能合并其他呼吸道病原体（如PRRSV、PCV2、流感病毒等）或环境刺激因素（氨气、粉尘）。建议结合实验室检测明确病原谱。,treatment_direction: 针对可能的支原体肺炎及混合感染，可尝试使用对支原体有效的抗生素（如泰妙菌素、泰乐菌素类），并结合支持疗法改善呼吸状况。；management_measures: 加强圈舍通风换气，降低氨气浓度；减少应激，保证饮水和饲料质量；分群饲养，避免交叉感染。；sampling_and_testing: 采集鼻腔拭子、肺组织（如有死亡病例）进行PCR检测，检测目标包括M. hyopneumoniae、PRRSV、PCV2、流感病毒等；必要时做细菌分离培养排除继发性细菌感染。；prohibited_boundaries: 若检出法定重大疫病（如非洲猪瘟、口蹄疫等），应立即停止场内流动，按当地动物防疫部门要求进行封锁、扑杀或无害化处理，不得自行用药替代。,因涉及多种潜在病原及治疗方案，实际休药期需依据最终确诊病原和所用药物确定，建议在兽医指导下执行。,"{""disease_name"": ""猪支原体肺炎"", ""severity"": ""中等至严重（视混合感染情况而定）"", ""scene_tags"": [""育肥猪"", ""慢性呼吸道症状"", ""通风不良"", ""用药效果不佳""], ""validation_points"": [""症状符合支原体肺炎特征：慢性咳嗽、喘气、生长迟缓"", ""抗生素治疗反应差提示可能混合感染或耐药"", ""环境通风差是重要诱因""], ""risk_flags"": [""可能混合病毒感染"", ""环境有害气体暴露"", ""需警惕重大传染病""], ""case_type"": ""呼吸道采样送检"", ""target_disease"": ""猪支原体肺炎"", ""local_flags"": {""species_ok"": true, ""target_disease_in_diagnosis"": true, ""target_disease_mismatch"": false, ""contains_specific_dose"": false, ""contains_specific_withdrawal"": false, ""regulated_bad_treatment"": false}}",False,False,,,True,False,False,D:\XF-ChongQin\ai-\knowledge\llm_wiki_swine_authoritative,1465,887,"猪支原体肺炎
猪支原体肺炎、mycoplasmosis enzootic pneumonia
呼吸道采样送检
呼吸道症状持续，用药效果不稳定，用户询问采什么样品和如何鉴别混合感染。","{""HUMAN_REVIEWED"": 2, ""NEEDS_REVIEW"": 2}","[""RC-RESP-001"", ""SRC-0001"", ""SRC-0007"", ""SRC-0042"", ""SRC-0043"", ""SRC-0049"", ""SRC-0050"", ""SRC-0058"", ""SRC-0059"", ""SRC-0066"", ""SRC-0069"", ""SRC-0070"", ""SRC-0076"", ""SRC-0086""]",2221,32.42,ERNIE-4.5-Turbo-32K,88,28,18,23,20,False,True,"整体回答质量较高，诊断准确，逻辑清晰，处方安全，数据质量良好，无明显致命风险。
问题：diagnosis_accuracy: 诊断部分对混合感染的考虑较为全面，但对支原体肺炎的特异性诊断依据描述稍显不足，可进一步强化。；pathology_logic: 病理逻辑部分对环境因素的考虑较为充分，但对疾病本身的病理机制解释略显简略。；prescription_safety: 处方安全部分对抗生素的选择和支持疗法描述合理，但对休药期的说明稍显模糊，缺乏具体指导。；data_quality: 数据质量部分整体良好，但场景标签和验证点的描述可更加详细和具体。",hunyuan-turbos-20250926,85,8,8,9,8,False,False,回答整体结构完整，诊断考虑了支原体肺炎及可能的混合感染，管理建议合理，采样方案科学，未出现危险用药建议，符合安全边界要求。不足之处在于支原体肺炎的特异性诊断依据不够突出，病理机制解释较简略，休药期说明偏笼统。,True,ERNIE-4.5-Turbo-32K,True,pass,回答整体结构完整，诊断考虑了支原体肺炎及可能的混合感染，管理建议合理，采样方案科学，未出现危险用药建议，符合安全边界要求。尽管存在支原体肺炎特异性诊断依据描述不足、病理机制解释简略和休药期说明模糊等轻微不足，但不影响整体诊断和处置方向的安全性，且内容具有参考价值。,87.0,28,18,23,20,pass,20.77,19.01,
782cbc9f-be4a-5afb-8087-f77a8fa110ad,11,猪支原体肺炎,swine_hunyuan_turbos,hunyuan-turbos-20250926,成功,,猪,我家有200头80公斤左右的育肥猪，最近半个月陆续出现咳嗽、喘气，有的还夹带湿咳，采食量下降，体温正常偏低，用过替米考星拌料一周，症状缓解不明显。圈舍通风一般，粪沟有点臭。想问问这种情况是不是支原体肺炎？要不要做哪些样品送检？会不会是跟其他病原混合感染？,根据描述，该批育肥猪表现慢性咳嗽、喘气和采食下降，抗生素治疗反应不佳，结合饲养密度和通风条件，提示可能存在猪支原体肺炎（M. hyopneumoniae），并需警惕与PRRSV、PCV2、流感病毒或其他细菌性肺炎的混合感染。建议进行实验室检测明确病原谱。,treatment_direction: 针对可能的支原体及混合感染，可尝试使用对支原体有效的抗生素（如泰妙菌素类、氟喹诺酮类等），并结合对症支持治疗改善呼吸状况。；management_measures: 加强圈舍通风换气，降低氨气浓度；减少应激因素；分群管理，防止交叉感染；保证饮水清洁和营养供给。；sampling_and_testing: 采集鼻拭子、肺组织（必要时剖检取样）送实验室进行PCR检测，包括M. hyopneumoniae、PRRSV、PCV2、流感病毒等常见呼吸道病原，以明确混合感染情况。；prohibited_boundaries: 在未排除重大传染病前，不得随意出售、转运猪只；禁止使用未经批准的兽药或超范围用药。,具体休药期需依据所用药物说明书及当地监管部门规定执行，当前不建议给出具体天数。,"{""disease_name"": ""猪支原体肺炎"", ""severity"": ""中等"", ""scene_tags"": [""育肥猪"", ""慢性呼吸道症状"", ""支原体肺炎"", ""混合感染风险"", ""通风不良""], ""validation_points"": [""症状符合支原体肺炎特征（慢性咳嗽、喘气、低热、抗生素疗效有限）"", ""考虑了混合感染可能性（PRRSV、PCV2、流感等）"", ""建议了合理的采样方案（鼻拭子、肺组织PCR检测）""], ""risk_flags"": [""混合感染风险高"", ""潜在重大疫病排查需求""], ""case_type"": ""呼吸道采样送检"", ""target_disease"": ""猪支原体肺炎"", ""local_flags"": {""species_ok"": true, ""target_disease_in_diagnosis"": true, ""target_disease_mismatch"": false, ""contains_specific_dose"": false, ""contains_specific_withdrawal"": false, ""regulated_bad_treatment"": false}}",False,False,,,True,False,False,D:\XF-ChongQin\ai-\knowledge\llm_wiki_swine_authoritative,1465,887,"猪支原体肺炎
猪支原体肺炎、mycoplasmosis enzootic pneumonia
呼吸道采样送检
呼吸道症状持续，用药效果不稳定，用户询问采什么样品和如何鉴别混合感染。","{""HUMAN_REVIEWED"": 2, ""NEEDS_REVIEW"": 2}","[""RC-RESP-001"", ""SRC-0001"", ""SRC-0007"", ""SRC-0042"", ""SRC-0043"", ""SRC-0049"", ""SRC-0050"", ""SRC-0058"", ""SRC-0059"", ""SRC-0066"", ""SRC-0069"", ""SRC-0070"", ""SRC-0076"", ""SRC-0086""]",2221,35.01,ERNIE-4.5-Turbo-32K,88,28,18,23,20,False,True,"该回答整体上对猪支原体肺炎的诊断、治疗和管理措施进行了较为全面和准确的描述，考虑了混合感染的可能性，并提出了合理的采样和检测建议。诊断准确性较高，病理逻辑合理，处方安全，数据质量良好，无致命风险。
问题：diagnosis_accuracy: 诊断中虽然提到了猪支原体肺炎的可能性，但对症状的描述和与疾病的关联性分析可以更深入一些，例如可以增加对体温正常偏低这一症状的详细解释。；pathology_logic: 在考虑混合感染时，虽然提到了PRRSV、PCV2、流感病毒等，但未详细阐述这些病原与支原体肺炎的相互作用机制或常见混合感染模式。；prescription_safety: 处方中提到了使用对支原体有效的抗生素，但未具体说明药物的使用剂量和疗程，虽然提到了休药期需依据说明书和当地规定，但缺乏一定的具体性。；data_quality: 回答中的数据和信息较为完整，但在描述症状和诊断逻辑时，可以增加更多的临床案例或研究数据支持，以提高数据的质量和说服力。",hunyuan-turbos-20250926,85,4,4,5,4,False,False,"回答整体结构清晰，对猪支原体肺炎及其可能混合感染的分析较全面，给出了合理的采样与检测建议，管理措施符合规范，未出现危险用药建议。不足之处在于部分症状与疾病关联的解释不够深入，混合感染机制未展开，处方细节略显笼统。
问题：对体温正常偏低等症状与支原体肺炎的关联性解释不足；未详细说明常见混合感染的相互作用机制或流行模式；处方中缺少更具体的用药方案细节",True,ERNIE-4.5-Turbo-32K,True,pass,回答整体上对猪支原体肺炎的诊断、治疗和管理措施进行了较为全面和准确的描述，考虑了混合感染的可能性，并提出了合理的采样和检测建议。虽然存在部分症状与疾病关联的解释不够深入、混合感染机制未展开、处方细节略显笼统等轻微不足，但不影响整体诊断和处置方向，且无致命风险，因此判为pass。,87.0,28,18,23,20,pass,23.8,15.4,
a831848e-ae8d-513c-884a-e28bb28ca371,230,猪支原体肺炎,swine_hunyuan_turbos,hunyuan-turbos-20250926,成功,,猪,我家有120头90公斤左右的育肥猪，已经养了快两个月了，最近半个月陆续出现咳嗽、喘气，有的猪精神差、采食量下降，个别体温升高到40℃左右，之前用过替米考星拌料一周，症状减轻了一点但没完全停，现在又反复。圈舍通风一般，粪沟有点积粪味重。我想知道该采哪些样送检测，怎么判断是不是支原体还是混合感染了？,根据描述，育肥猪出现持续性咳嗽、喘气、部分发热及采食下降，结合用药后症状缓解但不稳定，提示可能存在猪支原体肺炎，且可能与其他呼吸道病原体（如PRRSV、PCV2、流感病毒等）形成混合感染。环境因素（通风不良、粪沟异味）可能加重呼吸道负担。,treatment_direction: 针对可能的支原体及其他细菌性继发感染进行抗菌治疗，同时兼顾控制潜在病毒感染；改善饲养环境以减少刺激因素。；management_measures: 加强圈舍通风换气，及时清理粪污，降低氨气浓度；减少应激，分群管理，避免密度过高；保证饮水清洁。；sampling_and_testing: 建议采集鼻腔拭子、肺组织（必要时屠宰取样）、血液进行PCR检测，可同时筛查支原体、PRRSV、PCV2、流感病毒等常见呼吸道病原；有条件可做细菌分离培养鉴定。；prohibited_boundaries: 若检出高致病性或重大动物疫病（如非洲猪瘟），须立即按国家相关规定报告并配合扑杀、无害化处理等措施，不得私自销售或转移。,因涉及多种病原检测与治疗方向，具体停药期需依据最终确诊病原及所用药物确定，建议在兽医指导下执行。,"{""disease_name"": ""猪支原体肺炎"", ""severity"": ""中等至严重（视混合感染情况而定）"", ""scene_tags"": [""育肥猪"", ""呼吸道症状"", ""慢性咳嗽"", ""环境诱因"", ""混合感染风险""], ""validation_points"": [""症状符合支原体肺炎特征（慢性咳嗽、喘气、发热）"", ""用药反应提示非单一病原"", ""环境通风差是重要诱因""], ""risk_flags"": [""可能混合感染"", ""环境管理不足"", ""需实验室确诊""], ""case_type"": ""呼吸道采样送检"", ""target_disease"": ""猪支原体肺炎"", ""local_flags"": {""species_ok"": true, ""target_disease_in_diagnosis"": true, ""target_disease_mismatch"": false, ""contains_specific_dose"": false, ""contains_specific_withdrawal"": false, ""regulated_bad_treatment"": false}}",False,False,,,True,False,False,D:\XF-ChongQin\ai-\knowledge\llm_wiki_swine_authoritative,1465,887,"猪支原体肺炎
猪支原体肺炎、mycoplasmosis enzootic pneumonia
呼吸道采样送检
呼吸道症状持续，用药效果不稳定，用户询问采什么样品和如何鉴别混合感染。","{""HUMAN_REVIEWED"": 2, ""NEEDS_REVIEW"": 2}","[""RC-RESP-001"", ""SRC-0001"", ""SRC-0007"", ""SRC-0042"", ""SRC-0043"", ""SRC-0049"", ""SRC-0050"", ""SRC-0058"", ""SRC-0059"", ""SRC-0066"", ""SRC-0069"", ""SRC-0070"", ""SRC-0076"", ""SRC-0086""]",2221,29.85,ERNIE-4.5-Turbo-32K,88,28,18,24,18,False,True,"该回答整体表现良好，诊断准确性较高，症状与疾病匹配合理，诊断逻辑清晰，考虑到了混合感染的可能性。处方安全，管理措施合理，采样建议全面。数据质量方面，虽然信息完整，但部分细节可进一步优化。
问题：diagnosis_accuracy: 诊断准确性较高，但未完全覆盖所有可能症状与疾病的细微关联，可进一步提升。；pathology_logic: 病理逻辑基本合理，但对环境因素与疾病关系的阐述可更深入。；prescription_safety: 处方安全，但停药期说明略显模糊，建议明确具体药物对应的停药期。；data_quality: 数据质量良好，但场景标签和验证点可更具体，以增强数据实用性。",hunyuan-turbos-20250926,85,4,4,5,4,False,False,回答对猪支原体肺炎的诊断较为准确，考虑了混合感染可能性，并结合环境因素分析病情发展，逻辑清晰。处方方向合理，包含抗菌药物使用、环境改善及采样检测建议，未给出具体药物剂量或休药期承诺，安全性较好。采样方案全面，涵盖主要呼吸道病原检测，并明确了重大疫病的处置边界。不足之处在于对环境因素与疾病关系的解释可更深入，以及停药期表述稍显笼统。,True,ERNIE-4.5-Turbo-32K,True,pass,回答对猪支原体肺炎的诊断准确，考虑了混合感染的可能性，并结合环境因素分析病情发展，逻辑清晰。处方方向合理，包含抗菌药物使用、环境改善及采样检测建议，安全性较好。采样方案全面，涵盖主要呼吸道病原检测，并明确了重大疫病的处置边界。尽管存在环境因素与疾病关系阐述不够深入、停药期说明较模糊等轻微不足，但整体内容安全且疾病匹配，可判为pass。,87.0,28,18,24,18,pass,20.78,18.57,
5b6d0950-0df3-5081-a74a-83b6b03ab54b,303,猪支原体肺炎,swine_hunyuan_turbos,hunyuan-turbos-20250926,成功,,猪,我家有120头60日龄左右的保育猪，最近几天舍内通风不太好，早上起来能闻到明显氨味，白天温度又忽高忽低，现在有几头开始干咳、呼吸急促，有的还张嘴喘，之前没用过什么药，这种情况是环境应激还是传染性的？,结合年龄、环境条件和临床表现，考虑存在猪支原体肺炎（M. hyopneumoniae所致）的可能，同时不排除混合感染如PRRSV、PCV2等导致继发性支气管肺炎的风险。环境应激可诱发或加重本病。,treatment_direction: 改善饲养环境，降低氨气浓度，稳定舍温；在兽医指导下使用针对猪支原体的敏感抗生素控制细菌感染，并兼顾可能的病毒协同因素。；management_measures: 加强通风换气，减少粉尘与有害气体积聚；调整饲喂密度，保持圈舍干燥清洁；分栏管理，减少交叉感染机会。；sampling_and_testing: 采集鼻拭子、肺组织及血液样本送实验室进行PCR检测，明确是否存在M. hyopneumoniae及其他常见呼吸道病原体（如PRRSV、PCV2）。；prohibited_boundaries: 严禁自行使用未经批准的兽药或超范围用药；发现疑似重大动物疫病须立即报告当地畜牧兽医部门，不得擅自处理。,按所用药物说明执行相应休药期，确保上市前停药时间符合规定。,"{""disease_name"": ""猪支原体肺炎"", ""severity"": ""中等至严重（视继发感染情况而定）"", ""scene_tags"": [""保育猪"", ""环境应激"", ""呼吸道症状"", ""潜在混合感染""], ""validation_points"": [""年龄与易感性匹配"", ""环境与症状相符"", ""鉴别诊断需排除其他呼吸道病原""], ""risk_flags"": [""可能混合病毒感染"", ""环境管理不良"", ""需实验室确诊""], ""case_type"": ""呼吸道环境诱因"", ""target_disease"": ""猪支原体肺炎"", ""local_flags"": {""species_ok"": true, ""target_disease_in_diagnosis"": true, ""target_disease_mismatch"": false, ""contains_specific_dose"": false, ""contains_specific_withdrawal"": false, ""regulated_bad_treatment"": false}}",False,False,,,True,False,False,D:\XF-ChongQin\ai-\knowledge\llm_wiki_swine_authoritative,1465,887,"猪支原体肺炎
猪支原体肺炎、mycoplasmosis enzootic pneumonia
呼吸道环境诱因
通风差、氨气重或温差大后出现咳嗽喘气，用户想区分环境应激和传染病。","{""HUMAN_REVIEWED"": 2, ""NEEDS_REVIEW"": 2}","[""SRC-0001"", ""SRC-0026"", ""SRC-0069""]",2221,23.95,ERNIE-4.5-Turbo-32K,88,28,18,23,20,False,True,"该回答整体表现良好，诊断准确性较高，考虑了环境应激和混合感染的可能性，处方安全且与疾病相互印证，数据质量基本满足要求。
问题：诊断准确性方面，虽然考虑了混合感染的可能性，但未明确提及具体诊断依据或优先级，略显笼统。；病理逻辑方面，对环境应激与疾病关系的阐述可更深入，以增强诊断的说服力。；数据质量方面，场景标签和验证点较为全面，但风险标志中提及的'需实验室确诊'未在后续处理中充分体现其紧迫性。",hunyuan-turbos-20250926,85,8,8,9,8,False,False,该案例场景真实，用户描述的环境条件与症状表现符合猪支原体肺炎的典型诱因与临床特征，诊断考虑了主要病原及可能的混合感染，处方方向合理且包含安全边界提示，未出现危险用药建议。不足之处在于诊断依据不够细化，对混合感染的优先级和环境-病原关系解释不足，采样检测的重要性未在处置流程中突出体现。,True,ERNIE-4.5-Turbo-32K,True,pass,该回答诊断准确性较高，考虑了环境应激和混合感染的可能性，处方安全且与疾病相互印证。尽管在诊断依据细化、环境-病原关系解释及采样检测紧迫性方面存在轻微不足，但整体方向正确，数据质量基本满足要求，不影响最终判断。,87.0,28,18,23,20,pass,15.83,16.48,
f77ac792-7ef2-542f-991c-25fec61eef11,376,猪支原体肺炎,swine_hunyuan_turbos,hunyuan-turbos-20250926,成功,,猪,我家有120头70日龄左右的保育猪，最近一周陆续有几头开始干咳、呼吸急促，体温在40℃左右，吃料明显减少，圈舍通风一般，湿度偏高，之前用过阿莫西林饮水，效果不明显，现在担心是不是会传染全群，需要全群用药吗？,根据描述，该批保育猪出现持续性干咳、喘气、发热及采食下降，结合圈舍通风不良、高湿度的环境因素，以及阿莫西林治疗效果不佳的情况，高度怀疑为猪支原体肺炎（由M. hyopneumoniae引起）。该病常呈慢性经过，易在密闭潮湿环境中传播，且可与其他病毒（如PRRSV、PCV2）协同加重肺部损伤。,treatment_direction: 针对M. hyopneumoniae的敏感抗生素方案（需兽医开具处方），配合改善圈舍通风与温湿度管理，减少应激。；management_measures: 立即分群隔离明显症状猪只，加强圈舍通风换气，适度提高环境温度以缓解因采食下降导致的代谢产热不足问题，保持干燥清洁，防止继发细菌感染。；sampling_testing: 采集鼻拭子或肺组织送实验室进行PCR检测，明确M. hyopneumoniae及其他潜在混合感染病原体（如PRRSV、PCV2、巴氏杆菌等）。；prohibited_boundary: 严禁自行使用未经批准的抗生素或超范围用药；若检出法定重大疫病或人兽共患病，须按当地畜牧部门规定执行隔离、扑杀或上报。,具体停药期需依据所用药物种类及兽医处方确定，不得随意缩短。,"{""disease_name"": ""猪支原体肺炎"", ""severity"": ""中等至严重（可导致生长迟缓、饲料转化率下降，严重时继发其他细菌性疾病）"", ""scene_tags"": [""保育猪"", ""群体性呼吸道症状"", ""慢性病程"", ""通风不良""], ""validation_points"": [""症状符合M. hyopneumoniae特征（干咳、喘气、发热、采食下降）"", ""阿莫西林无效提示可能为非典型或耐药菌感染"", ""环境因素支持病原体传播条件""], ""risk_flags"": [""存在混合感染风险（PRRSV、PCV2等）"", ""可能发展为PRDC"", ""不当用药可能导致耐药""], ""case_type"": ""呼吸道群体发病"", ""target_disease"": ""猪支原体肺炎"", ""local_flags"": {""species_ok"": true, ""target_disease_in_diagnosis"": true, ""target_disease_mismatch"": false, ""contains_specific_dose"": false, ""contains_specific_withdrawal"": false, ""regulated_bad_treatment"": false}}",False,False,,,True,False,False,D:\XF-ChongQin\ai-\knowledge\llm_wiki_swine_authoritative,1465,887,"猪支原体肺炎
猪支原体肺炎、mycoplasmosis enzootic pneumonia
呼吸道群体发病
同栏出现咳嗽、喘气、发热、采食下降，用户想判断病因和是否需要全群用药。","{""HUMAN_REVIEWED"": 2, ""NEEDS_REVIEW"": 2}","[""SRC-0001"", ""SRC-0006"", ""SRC-0026"", ""SRC-0069""]",2221,25.5,ERNIE-4.5-Turbo-32K,88,28,18,23,20,False,True,"该回答对猪支原体肺炎的诊断较为准确，症状描述与环境因素分析合理，治疗方案安全且考虑了混合感染风险，数据质量较高。
问题：诊断准确性方面，虽然症状描述与环境因素支持猪支原体肺炎的诊断，但未完全排除其他类似疾病的可能性，如猪传染性胸膜肺炎等，可进一步增加鉴别诊断内容。；病理逻辑方面，对疾病慢性经过及与其他病毒协同加重肺部损伤的描述稍显简略，可进一步细化。；数据质量方面，场景标签和验证点较为全面，但风险标志中对于不当用药可能导致耐药的描述较为笼统，可具体说明可能耐药的抗生素种类。",hunyuan-turbos-20250926,85,90,85,90,85,False,False,该案例场景真实，用户描述的保育猪咳嗽、喘气、发热等症状与环境条件相符，诊断指向猪支原体肺炎合理，并考虑混合感染风险。治疗与管理措施符合安全规范，未出现危险用药建议，且有明确的采样检测和疫情上报边界。不足之处在于鉴别诊断不够充分，对病理机制阐述较简略，部分风险提示可更具体。,True,ERNIE-4.5-Turbo-32K,True,pass,该回答对猪支原体肺炎的诊断较为准确，症状描述与环境因素分析合理，治疗方案安全且考虑了混合感染风险。虽然存在鉴别诊断不够充分、病理机制阐述较简略、风险提示不够具体等轻微不足，但整体数据质量较高，不影响核心诊断和处置方向。,87.0,28,18,23,20,pass,16.13,19.95,
2a26961f-8181-5ad4-bf1b-ab87b1f9f2d7,313,猪星状病毒感染,swine_hunyuan_turbos,hunyuan-turbos-20250926,成功,,猪,我家有120头保育猪，体重20公斤左右，这几天陆续有10多头开始拉稀，粪便呈黄色水样，精神差、吃料少，有的还伴随轻度脱水。圈舍温度偏低，前几天刚用过恩诺沙星拌料，效果不明显。请问这是啥原因？该怎么处理？,根据描述，保育猪群出现急性水样腹泻、精神沉郁及轻度脱水，结合近期使用抗生素无效的情况，考虑病毒性腹泻可能性大。猪星状病毒（PAstV）是常见原因之一，尤其在低温应激条件下易诱发，且常与其他肠道病原体混合感染。需排除其他病毒（如PEDV、PDCoV）、细菌性肠炎及寄生虫因素。,立即改善保温与通风条件，减少冷应激；提供清洁温水防止脱水，必要时补充电解质；暂停使用对病毒无效的抗生素，避免掩盖病情；采集新鲜腹泻粪便送实验室进行病毒核酸检测（PCR），明确病原；加强全群生物安全，防止交叉感染；若怀疑多种病原混合感染，可在兽医指导下选择广谱支持疗法，并监测继发细菌感染情况。,因涉及病毒病，无特定药物休药期；若后续使用任何药物，应严格遵循兽医指导并在出栏前确保停药期合规。,"{""disease_name"": ""猪星状病毒感染"", ""severity"": ""中等偏上"", ""scene_tags"": [""保育猪"", ""水样腹泻"", ""脱水"", ""低温应激"", ""抗生素无效""], ""validation_points"": [""保育猪群体发病符合PAstV易感阶段"", ""水样腹泻与精神沉郁符合典型临床表现"", ""低温应激是重要诱因""], ""risk_flags"": [""可能混合感染"", ""存在扩散风险""], ""case_type"": ""腹泻群体发病"", ""target_disease"": ""猪星状病毒感染"", ""local_flags"": {""species_ok"": true, ""target_disease_in_diagnosis"": true, ""target_disease_mismatch"": false, ""contains_specific_dose"": false, ""contains_specific_withdrawal"": false, ""regulated_bad_treatment"": false}}",False,False,,,True,False,False,D:\XF-ChongQin\ai-\knowledge\llm_wiki_swine_authoritative,1465,887,"猪星状病毒感染
猪星状病毒感染、astroviruses、astrovirus、猪星状病毒
腹泻群体发病
同窝或同栏出现水样腹泻、脱水、采食下降，用户想知道主要病因和紧急处理。","{""HUMAN_REVIEWED"": 2, ""NEEDS_REVIEW"": 2}","[""SRC-0001"", ""SRC-0032""]",2220,30.23,ERNIE-4.5-Turbo-32K,88,28,18,24,18,False,True,"该回答整体表现良好，诊断准确，逻辑清晰，处理方向安全，数据质量较高。诊断考虑了病毒性腹泻的可能性，并正确识别了猪星状病毒作为常见原因之一，同时考虑了低温应激和混合感染的因素。处理建议合理，包括改善环境条件、提供清洁温水、暂停无效抗生素使用、实验室检测和生物安全措施等。
问题：诊断准确性方面，虽然考虑了病毒性腹泻和猪星状病毒，但对其他可能病原（如PEDV、PDCoV、细菌性肠炎及寄生虫）的排除措施描述不够详细。；病理逻辑方面，对低温应激作为诱因的阐述可以更深入一些，比如具体说明低温如何影响猪的免疫系统或病毒复制。；数据质量方面，虽然场景标签和验证点较为全面，但风险标志中提到的'可能混合感染'和'存在扩散风险'未在处理建议中充分体现应对措施。；处方安全性方面整体良好，但'广谱支持疗法'的具体内容未明确，可能引发一些不确定性。",hunyuan-turbos-20250926,85,90,85,80,85,False,False,回答总体符合真实养殖场景，诊断思路合理，将猪星状病毒纳入考虑并与低温应激、混合感染等因素关联，处理建议涵盖环境改善、补液、停止无效抗生素、送检病原检测及生物安全等措施，无明显危险建议。不足之处在于对其他潜在病原的排查细节不足，低温应激机制解释较浅，以及“广谱支持疗法”表述模糊，可能影响执行一致性。,True,ERNIE-4.5-Turbo-32K,True,pass,回答整体表现良好，诊断准确，逻辑清晰，处理方向安全。诊断考虑了病毒性腹泻的可能性，并正确识别了猪星状病毒作为常见原因之一，同时考虑了低温应激和混合感染的因素。处理建议合理，包括改善环境条件、提供清洁温水、暂停无效抗生素使用、实验室检测和生物安全措施等。尽管存在对其他可能病原的排除措施描述不够详细、低温应激机制阐述不够深入以及'广谱支持疗法'具体内容未明确等轻微不足，但不影响整体质量和安全性，可判为pass。,87.0,28,18,24,18,pass,21.94,17.82,
6e79bbac-b261-5c8b-9aed-6d668be761d1,94,猪星状病毒感染,swine_hunyuan_turbos,hunyuan-turbos-20250926,成功,,猪,我家是200头左右的保育猪，现在大概40日龄，最近一周陆续有猪拉稀，先是用恩诺沙星拌料喂了三天，又换了氟苯尼考饮水两天，但还是有零星拉稀，精神还行，采食量下降不多。圈舍温度偏低，通风一般，想问下这种情况还能继续用抗生素吗？要不要送样检测一下？,根据描述，保育猪在低温环境下出现持续性腹泻，且多种抗菌药物疗效有限，结合年龄及临床表现，需考虑病毒性因素如猪星状病毒感染的可能，并可能合并细菌继发感染。猪星状病毒常引起仔猪腹泻，多呈自限性，但在应激条件下可加重。,建议停止盲目使用广谱抗生素，改为支持疗法：提供温暖干燥的环境，保证清洁饮水，适当补充电解质和维生素；对严重脱水个体进行补液。采集新鲜粪便样本送实验室检测，明确是否为病毒性病因及有无混合感染。若怀疑其他烈性病（如非洲猪瘟等），应立即按重大动物疫病防控规定上报并配合隔离、消毒等措施。严禁私自使用未经批准的抗病毒药物。,因未使用特定药物，无直接休药期问题；若后续确需用药，应依据药品说明书及监管部门规定执行。,"{""disease_name"": ""猪星状病毒感染"", ""severity"": ""中等"", ""scene_tags"": [""保育猪"", ""腹泻"", ""抗生素治疗无效"", ""低温应激""], ""validation_points"": [""保育猪40日龄易发病毒性腹泻"", ""多种抗生素疗效差提示非单纯细菌感染"", ""环境因素（低温、通风不良）可诱发或加重病情""], ""risk_flags"": [""需排除重大动物疫病"", ""避免滥用抗生素""], ""case_type"": ""腹泻用药咨询"", ""target_disease"": ""猪星状病毒感染"", ""local_flags"": {""species_ok"": true, ""target_disease_in_diagnosis"": true, ""target_disease_mismatch"": false, ""contains_specific_dose"": false, ""contains_specific_withdrawal"": false, ""regulated_bad_treatment"": false}}",False,False,,,True,False,False,D:\XF-ChongQin\ai-\knowledge\llm_wiki_swine_authoritative,1465,887,"猪星状病毒感染
猪星状病毒感染、astroviruses、astrovirus、猪星状病毒
腹泻用药咨询
猪群腹泻后已用过常见抗菌药效果一般，用户询问是否继续用药以及是否需要送检。","{""HUMAN_REV"": 1, ""HUMAN_REVIEWED"": 1, ""NEEDS_REVIEW"": 2}","[""SRC-0001"", ""SRC-0032""]",2221,27.29,ERNIE-4.5-Turbo-32K,88,28,18,23,20,False,True,"该回答在诊断准确性、病理逻辑、处方安全性和数据质量方面表现良好，整体符合测试数据有效性要求。诊断考虑了病毒性因素及环境应激，处方建议合理且安全，数据质量较高，无明显致命风险。
问题：diagnosis_accuracy: 诊断准确性得分略低，主要因未完全排除其他病毒性腹泻（如轮状病毒、传染性胃肠炎）的可能性，尽管猪星状病毒感染的推测合理。；pathology_logic: 病理逻辑得分中等，因未详细阐述猪星状病毒感染的典型病理特征及与其他疾病的鉴别诊断。；data_quality: 数据质量得分稍低，因未提供具体的实验室检测方法或参考标准，仅建议送检未明确检测项目。；prescription_safety: 处方安全性较高，但可进一步细化支持疗法的具体措施（如电解质和维生素的补充量）。",hunyuan-turbos-20250926,85,80,75,90,80,False,False,该数据场景真实，用户描述的保育猪腹泻情况与环境应激相符，诊断考虑了病毒性因素并提示可能的继发细菌感染，处方建议停止使用广谱抗生素并采取支持疗法，同时强调送检和重大疫病防控，整体安全合理。不足之处在于诊断未充分排除其他常见病毒性腹泻病原，病理机制解释不够深入，数据部分缺少具体检测方法和指标说明。,True,ERNIE-4.5-Turbo-32K,True,pass,诊断考虑了病毒性因素及环境应激，处方建议合理且安全，整体符合测试数据有效性要求。尽管存在未完全排除其他病毒性腹泻病原、病理机制描述较笼统、未明确建议送检的具体检测项目和方法等轻微不足，但不影响整体判断，可判pass。,87.0,28,18,23,20,pass,19.02,16.52,
ddac1f59-31ee-550d-bce6-c082f177b776,94,猪星状病毒感染,swine_hunyuan_turbos,hunyuan-turbos-20250926,成功,,猪,我家有200头保育猪，现在大概35日龄，最近一周陆续出现拉稀，有的带点黄色水样便，有的偏灰白，精神还行但采食量下降。之前按细菌性腹泻用了恩诺沙星和硫酸粘菌素拌料三天，效果不明显，还有零星新发病例。圈舍温度偏低，通风一般，想问还能不能再喂几天抗生素？要不要送样检测？,结合年龄、症状及用药史，考虑可能为病毒性腹泻，包括猪星状病毒感染等可能因素，同时存在继发细菌感染的可能。需通过实验室检测明确病原类型。,treatment_direction: 暂停或减少广谱抗生素使用，避免耐药菌产生；加强保温与通风管理，减少应激；提供易消化的饲料与清洁饮水；对严重脱水个体进行补液支持。；management_measures: 改善圈舍温湿度控制，保持干燥卫生；分栏饲养减少交叉感染；观察记录病情发展。；sampling_submission: 采集新鲜粪便样本送至具备资质的兽医实验室，检测星状病毒及其他常见腹泻病原（如轮状病毒、冠状病毒、大肠杆菌等），必要时做细菌分离鉴定。；prohibited_boundary: 在未明确病因前，不得随意更换或加大抗生素种类与用量；不得作为法定疫病防控的替代措施。,因当前无明确病原且未涉及特定药物疗程，暂无具体休药期建议，应依据检测结果及后续治疗方案确定。,"{""disease_name"": ""猪星状病毒感染"", ""severity"": ""中等"", ""scene_tags"": [""保育猪"", ""腹泻"", ""抗生素治疗无效"", ""环境应激""], ""validation_points"": [""符合保育猪腹泻高发年龄段"", ""症状与病毒性腹泻相符"", ""抗生素疗效不佳提示非单纯细菌感染""], ""risk_flags"": [""可能存在多种病原混合感染"", ""需排除其他重要病毒性腹泻""], ""case_type"": ""腹泻用药咨询"", ""target_disease"": ""猪星状病毒感染"", ""local_flags"": {""species_ok"": true, ""target_disease_in_diagnosis"": true, ""target_disease_mismatch"": false, ""contains_specific_dose"": false, ""contains_specific_withdrawal"": false, ""regulated_bad_treatment"": false}}",False,False,,,True,False,False,D:\XF-ChongQin\ai-\knowledge\llm_wiki_swine_authoritative,1465,887,"猪星状病毒感染
猪星状病毒感染、astroviruses、astrovirus、猪星状病毒
腹泻用药咨询
猪群腹泻后已用过常见抗菌药效果一般，用户询问是否继续用药以及是否需要送检。","{""HUMAN_REV"": 1, ""HUMAN_REVIEWED"": 1, ""NEEDS_REVIEW"": 2}","[""SRC-0001"", ""SRC-0032""]",2221,27.97,ERNIE-4.5-Turbo-32K,88,28,18,23,20,False,True,"该回答在诊断准确性、病理逻辑、处方安全性和数据质量方面表现良好，整体符合测试数据有效性要求。诊断考虑了病毒性腹泻的可能性，并建议实验室检测以明确病原，处方安全且合理，未发现致命风险。
问题：diagnosis_accuracy: 诊断中虽提及病毒性腹泻可能性，但对猪星状病毒感染的指向性不够明确，可进一步强化特异性症状描述与疾病关联。；pathology_logic: 病理逻辑部分对继发细菌感染的可能性分析不够深入，缺乏具体依据支持。；data_quality: 数据质量方面，场景标签和验证点较为全面，但风险标志中提及的'可能存在多种病原混合感染'未在后续处理中充分体现应对措施。",hunyuan-turbos-20250926,85,80,82,90,85,True,False,"该数据整体真实可信，用户描述的保育猪腹泻情况与病毒性腹泻（含猪星状病毒感染）高度吻合，诊断方向正确，并强调实验室检测的重要性。处方建议合理，避免了盲目使用抗生素，管理措施符合生物安全和动物福利原则，无明显危险建议。不足之处在于对猪星状病毒感染的特异性症状描述不足，继发细菌感染的分析较浅，以及未针对可能的多病原混合感染提出更具体的应对方案。
问题：诊断中对猪星状病毒感染的特异性症状描述不足，指向性不够强。；对继发细菌感染的可能性分析较浅，缺少具体依据支撑。；未针对可能存在的多病原混合感染制定更细化的应对策略。",True,ERNIE-4.5-Turbo-32K,True,pass,该回答在诊断准确性、病理逻辑、处方安全性和数据质量方面表现良好，整体符合测试数据有效性要求。诊断考虑了病毒性腹泻的可能性，并建议实验室检测以明确病原，处方安全且合理，未发现致命风险。尽管存在对猪星状病毒感染特异性症状描述不足、继发细菌感染分析较浅以及未针对多病原混合感染提出更具体应对方案等轻微不足，但不影响整体判断，可判为 pass。,87.0,28,18,23,20,pass,19.44,15.79,
934096a6-5daa-537f-9935-84260308828b,438,猪有毒气体与通风失败损伤,swine_hunyuan_turbos,hunyuan-turbos-20250926,成功,,猪,我家有120头90公斤左右的育肥猪，圈舍是半封闭式，最近几天天气闷热，昨天早上发现圈里有几头猪精神沉郁、呼吸急促、流眼泪，有的还咳嗽，今天又多了几头出现类似情况。圈里平时通风一般，这两天没开风机，而且前天刚清过粪池并搅动了底泥。想问这种情况还能继续喂现在的配合料吗？要不要把饲料送去做检测？病死猪怎么处理合适？,根据描述，结合近期清粪池搅动、通风不良及高温闷湿的环境条件，高度怀疑为粪污分解产生的有害气体（如氨气、硫化氢）引起的急性中毒反应，属于猪有毒气体与通风失败损伤。临床表现包括呼吸急促、流泪、咳嗽和精神沉郁，符合有害气体刺激呼吸道所致。,treatment_direction: 立即改善圈舍通风，开启风机或增加开窗面积，降低有害气体浓度；将病猪转移至空气新鲜区域观察；对重症病例进行对症支持治疗（如补液、维持电解质平衡）。；management_measures: 暂停使用当前批次配合料直至排除饲料污染因素；清理粪污并减少搅动频率；加强日常通风与温湿度监控；在有害气体环境中作业需佩戴防护装备。；sampling_and_testing: 采集可疑饲料样品送至具备资质的实验室检测霉菌毒素、重金属及其他有害成分；同时采集病死猪的肺、肝、血液等组织样本进行病理学和毒物分析，以明确死因并指导后续防控。；prohibited_boundaries: 严禁在未查明病因的情况下继续使用可疑饲料；禁止随意丢弃病死猪尸体，须按无害化处理规定执行；若怀疑涉及重大动物疫病或人畜共患病，应立即报告当地动物防疫部门。,因属环境性中毒，无特定药物休药期，但需确保有害气体浓度降至安全水平后再恢复正常饲养。,"{""disease_name"": ""猪有毒气体与通风失败损伤"", ""severity"": ""中等至严重（取决于暴露时间和浓度）"", ""scene_tags"": [""育肥猪"", ""通风不良"", ""粪污搅动"", ""有害气体暴露""], ""validation_points"": [""症状与有害气体刺激相符"", ""环境因素与发病时间吻合"", ""群体性发病提示共同暴露源""], ""risk_flags"": [""潜在群体性健康威胁"", ""需排除饲料污染"", ""可能涉及人员职业健康风险""], ""case_type"": ""中毒处置边界"", ""target_disease"": ""猪有毒气体与通风失败损伤"", ""local_flags"": {""species_ok"": true, ""target_disease_in_diagnosis"": true, ""target_disease_mismatch"": false, ""contains_specific_dose"": false, ""contains_specific_withdrawal"": false, ""regulated_bad_treatment"": false}}",False,False,,,True,False,False,D:\XF-ChongQin\ai-\knowledge\llm_wiki_swine_authoritative,1465,887,"猪有毒气体与通风失败损伤
猪有毒气体与通风失败损伤、toxic gases ventilation failure
中毒处置边界
用户想知道是否继续饲喂可疑饲料、怎样送检饲料和病料。","{""NEEDS_REVIEW"": 2, ""PROCESSED_SOURCE_ANCHORED"": 3}","[""SRC-0001"", ""SRC-0086""]",2171,21.46,ERNIE-4.5-Turbo-32K,88,28,18,23,20,False,True,"该回答在诊断准确性、病理逻辑、处方安全性和数据质量方面表现良好，整体符合测试数据有效性要求。诊断与症状、环境因素高度匹配，处理方向安全合理，数据质量较高。
问题：病理逻辑部分对有害气体具体成分与症状关联的阐述稍显不足；数据质量方面，对环境因素（如温度、湿度具体数值）的记录可更详细",hunyuan-turbos-20250926,85,9,8,10,7,False,False,诊断准确，症状与环境条件吻合，处理方案安全且包含必要的无害化与上报边界措施，未出现危险用药建议。不足之处在于有害气体种类与症状的关联解释不够细致，环境因素记录较笼统。,True,ERNIE-4.5-Turbo-32K,True,pass,诊断与症状、环境因素高度匹配，处理方向安全合理，包含必要的无害化与上报边界措施。尽管病理逻辑中对有害气体种类与症状的关联解释不够细致，环境因素记录较笼统，但整体符合测试数据有效性要求，不影响主要判断。,87.0,28,18,23,20,pass,12.84,15.21,
7a533fe6-198c-5699-b415-860434b17481,23,猪杯状病毒感染,swine_hunyuan_turbos,hunyuan-turbos-20250926,成功,,猪,我家有120头育肥猪，平均体重在60公斤左右，最近一周陆续出现精神沉郁、食欲下降的情况，部分猪有轻微腹泻，粪便偏稀但不带血，体温正常。圈舍通风一般，湿度偏高，之前用过一些益生菌拌料，没见明显改善。我想知道这种情况是不是病毒性的？如果要送样检测，应该采哪些样品比较合适？另外怕误诊耽误治疗，想提前了解下可能的方向和注意事项。,根据描述的临床表现（精神沉郁、食欲减退、轻度腹泻）和环境条件（高湿），结合猪群规模与发病模式，考虑病毒性肠炎的可能性较大，其中猪杯状病毒感染是需考虑的候选之一。该病可由多种杯状病毒引起，包括猪水疱疹病毒、猪诺如病毒、猪札如病毒等，且不同毒株致病力差异大，常表现为轻度至中度消化道症状。由于症状与其他病毒性或细菌性腹泻相似，仅凭临床难以确诊，需要实验室检测支持。,treatment_direction: 目前无特效抗病毒药物，以支持疗法为主，包括改善饲养管理、保证饮水清洁、补充电解质和维生素，减少应激。；management_measures: 加强圈舍通风换气，降低湿度；分群饲养，防止交叉感染；及时清理粪便并消毒环境；暂停使用可能刺激肠道的药物。；sampling_for_testing: 建议采集新鲜粪便样本（最好来自不同栏位的多头猪）、直肠拭子，必要时可同时采集血液或组织样本送实验室进行PCR检测，以明确是否为杯状病毒或其他病原。；prohibited_boundaries: 在未排除重大动物疫病前，不得擅自对外销售或调运动物；若怀疑非洲猪瘟等重大疫病，应立即按当地规定上报并采取隔离措施。,因无特定药物治疗，不涉及药物休药期。但若后续使用抗生素，应遵守相应休药期规定。,"{""disease_name"": ""猪杯状病毒感染"", ""severity"": ""中等（通常表现为轻到中度消化道症状，死亡率低，但可导致生长迟缓）"", ""scene_tags"": [""育肥猪"", ""群体发病"", ""轻度腹泻"", ""高湿环境""], ""validation_points"": [""症状符合病毒性腹泻特征"", ""环境因素增加病毒存活和传播机会"", ""需实验室检测区分杯状病毒与其他病原""], ""risk_flags"": [""需排除其他重要病毒性腹泻（如PED、TGE、轮状病毒）"", ""注意重大动物疫病排查""], ""case_type"": ""采样送检咨询"", ""target_disease"": ""猪杯状病毒感染"", ""local_flags"": {""species_ok"": true, ""target_disease_in_diagnosis"": true, ""target_disease_mismatch"": false, ""contains_specific_dose"": false, ""contains_specific_withdrawal"": false, ""regulated_bad_treatment"": false}}",False,False,,,True,False,False,D:\XF-ChongQin\ai-\knowledge\llm_wiki_swine_authoritative,1465,887,"猪杯状病毒感染
猪杯状病毒感染、caliciviruses norovirus sapovirus vesicular exanthema virus
采样送检咨询
用户描述症状后，重点询问采什么样品、如何判断和如何避免误治。","{""HUMAN_REVIEWED"": 3, ""NEEDS_REVIEW"": 2}","[""SRC-0001"", ""SRC-0034""]",2166,29.69,ERNIE-4.5-Turbo-32K,88,28,18,23,20,False,True,"该回答整体表现良好，诊断方向合理，考虑了病毒性肠炎的可能性，并特别提到了猪杯状病毒感染作为候选之一。处理方向安全，强调了支持疗法和饲养管理的改善，同时给出了详细的采样建议。数据质量较高，症状描述、环境因素和风险点均有提及。
问题：诊断准确性方面，虽然考虑了病毒性肠炎和猪杯状病毒感染，但未完全排除其他病毒性腹泻（如PED、TGE、轮状病毒）的可能性，尽管在风险点中提及，但诊断部分可更明确。；病理逻辑方面，对猪杯状病毒感染的病理机制解释不够深入，仅描述了症状和环境因素。；数据质量方面，虽然整体较好，但缺乏对猪杯状病毒感染具体流行病学特征的描述，如传播途径、易感猪群等。",hunyuan-turbos-20250926,85,80,78,90,85,True,False,"回答整体结构完整，诊断思路合理，将猪杯状病毒感染纳入可能性范围，并结合环境条件分析，提示了病毒性肠炎的可能。处理方案以非药物支持疗法为主，管理措施符合生物安全要求，采样建议详细且可行，未给出具体药物剂量或休药期，避免了用药风险。不足之处在于诊断部分未充分列举其他常见病毒性腹泻病原（如PED、TGE、轮状病毒），对猪杯状病毒的病理机制和流行病学特征描述不足，可能影响用户全面理解。
问题：诊断部分未明确列出其他常见病毒性腹泻病原，可能导致遗漏重要鉴别诊断。；对猪杯状病毒感染的病理机制及流行病学特征缺乏说明，影响专业深度。；病理逻辑链条略显单薄，未充分联系病毒特性与临床症状。",True,ERNIE-4.5-Turbo-32K,True,pass,回答整体结构完整，诊断方向合理，考虑了病毒性肠炎的可能性，并将猪杯状病毒感染作为候选之一。处理方案安全，以支持疗法和改善饲养管理为主，采样建议详细且可行。尽管在诊断部分未完全排除其他病毒性腹泻的可能性，且对猪杯状病毒感染的病理机制和流行病学特征描述不足，但这些不足不影响整体诊断和处理方向的安全性，且数据质量较高，症状描述、环境因素和风险点均有提及。,87.0,28,18,23,20,pass,18.49,18.1,
8bc6cea0-b134-596c-aeda-ee9f2118d4a6,264,猪水疱性口炎,swine_hunyuan_turbos,hunyuan-turbos-20250926,成功,,猪,我家有200头90公斤左右的育肥猪，最近几天有几头出现口腔、蹄部起水疱，伴随流涎、跛行，体温升高到41℃左右，已经有三四天了，之前没用过什么药，圈舍通风一般，附近没有听说其他猪场发病。现在快到出栏时间了，这种情况还能治吗？会不会影响卖猪？,根据描述的症状（高热、口腔及蹄部水疱、流涎、跛行），高度怀疑为水疱性疾病，包括猪水疱性口炎（VS）、口蹄疫（FMD）、猪水疱病（SVD）等。由于这些疾病临床表现相似，必须通过实验室检测进行确诊。,立即隔离可疑病例，限制人员、车辆流动，防止扩散；对全群加强观察，记录新发病例；采集水疱液、组织等样本送具备资质的实验室检测，明确病原；在检测结果出来前，不得对外销售或运输生猪；如确诊为猪水疱性口炎且为非流行区，可依据当地兽医部门指导采取支持疗法（如退热、补液、局部护理）；严禁使用未经许可的药物或疫苗；若检出口蹄疫或其他法定疫病，须按重大动物疫病应急预案处置，包括扑杀、无害化处理及封锁等措施。,在未获得实验室确诊结果并确认无重大疫病前，禁止出栏销售；任何药物治疗后的休药期需依据所用药品说明书及国家相关规定确定，并在兽医指导下执行。,"{""disease_name"": ""猪水疱性口炎"", ""severity"": ""中等至严重（视是否合并其他水疱病而定）"", ""scene_tags"": [""育肥猪"", ""高发病率"", ""临近出栏"", ""非流行区""], ""validation_points"": [""症状符合水疱病特征"", ""需实验室鉴别排除口蹄疫等法定疫病"", ""存在重大疫病防控边界""], ""risk_flags"": [""可能为人兽共患或重大动物疫病风险"", ""未确诊前禁止移动和销售"", ""需严格生物安全措施""], ""case_type"": ""上市休药期咨询"", ""target_disease"": ""猪水疱性口炎"", ""local_flags"": {""species_ok"": true, ""target_disease_in_diagnosis"": true, ""target_disease_mismatch"": false, ""contains_specific_dose"": false, ""contains_specific_withdrawal"": false, ""regulated_bad_treatment"": false}}",False,False,,,True,False,False,D:\XF-ChongQin\ai-\knowledge\llm_wiki_swine_authoritative,1465,887,"猪水疱性口炎
猪水疱性口炎、vesicular stomatitis viruses
上市休药期咨询
用户接近出栏，关心治疗方向和用药后能否出栏销售。","{""HUMAN_REVIEWED"": 3, ""NEEDS_REVIEW"": 2}","[""SRC-0001"", ""SRC-0054""]",2104,21.55,ERNIE-4.5-Turbo-32K,88,28,18,23,20,False,True,"该回答整体表现良好，诊断方向准确，考虑了多种水疱性疾病的可能性，并强调了实验室检测的重要性。处理方向安全，符合疾病防控要求，且考虑了出栏销售的合规性。数据质量较高，提供了详细的场景标签和验证点。
问题：诊断准确性方面，虽然考虑了多种可能性，但未明确给出最可能的疾病，略显保守；病理逻辑上，对疾病之间的鉴别诊断描述可更详细；处方安全性上，支持疗法的描述较笼统；数据质量上，风险标志的描述可更具体。",hunyuan-turbos-20250926,85,4,4,5,4,False,False,"回答覆盖了主要水疱性疾病的鉴别思路，强调实验室确诊，处理方案符合生物安全和法规，未出现危险用药建议。但诊断部分未明确最可能病因，鉴别诊断细节不足，支持疗法描述偏笼统，风险提醒可更具体。
问题：诊断未明确指出最可能的疾病，仅列出多种可能，缺乏倾向性判断；鉴别诊断过程不够细致，缺少不同疾病特征对比说明；支持疗法内容过于笼统，缺乏针对症状的具体措施提示；风险提醒中对临近出栏的潜在经济损失提示不足",True,ERNIE-4.5-Turbo-32K,True,pass,诊断方向准确，考虑了多种水疱性疾病的可能性，并强调了实验室检测的重要性，符合疾病防控要求。处理方案安全，未出现危险用药建议，且考虑了出栏销售的合规性。尽管诊断部分未明确最可能病因，鉴别诊断细节不足，支持疗法描述偏笼统，但整体内容完整，方向正确，不影响数据可用性。,87.0,28,18,23,20,pass,14.19,14.92,
9d17d20e-c254-5a47-85e9-4d983c55ae50,12,猪沙门氏菌病,swine_hunyuan_turbos,hunyuan-turbos-20250926,成功,,猪,我家有120头90公斤左右的育肥猪，圈舍通风一般，最近几天有几头出现拉稀带血、精神沉郁、体温升高到40℃左右，粪便带黏液，有的猪肛门周围沾粪，已经持续了三四天，之前用过恩诺沙星拌料两天效果不明显，现在快到出栏时间了，这种情况还能治吗？会不会影响卖猪？,根据描述，育肥猪出现血性腹泻、发热、精神沉郁等症状，结合发病日龄及集约化饲养背景，高度怀疑为猪沙门氏菌病（肠炎型或败血型）。该病在断奶至育肥阶段易发，常因应激、混群、运输等诱发，表现为纤维素坏死性肠炎或败血症。,treatment_direction: 立即隔离病猪，减少应激，改善圈舍通风与卫生条件；采集新鲜粪便、血液或病死猪组织送实验室进行细菌分离鉴定和药敏试验，明确病原及敏感药物。；management_measures: 加强饮水清洁，防止脱水；对同栏健康猪加强观察，必要时全群投喂益生菌调节肠道菌群；暂停转群、混群操作，减少应激因素。；sampling_and_testing: 采集病猪直肠拭子、新鲜粪便、心血或肝脾组织，送兽医实验室做沙门氏菌分离培养及药敏试验，同时排查其他并发感染。；prohibited_boundaries: 在未获得药敏结果前，不得随意更换或加大抗菌药物用量；禁止将病猪与健康猪混养；严禁未经检疫合格即外运出售。,由于涉及抗菌药使用和上市销售问题，必须在实验室确诊并依据药敏结果选择药物，严格遵守该药物的休药期规定后方可出栏销售。当前阶段应优先控制疫情，不宜贸然出栏。,"{""disease_name"": ""猪沙门氏菌病"", ""severity"": ""中等至高"", ""scene_tags"": [""育肥猪"", ""集约化饲养"", ""应激诱发"", ""出血性腹泻""], ""validation_points"": [""症状符合肠炎型或败血型沙门氏菌病特征"", ""发病阶段与生产背景吻合"", ""强调先采样送检再用药的原则""], ""risk_flags"": [""可能人畜共患风险需关注生物安全"", ""临近出栏需严格休药期管理""], ""case_type"": ""上市休药期咨询"", ""target_disease"": ""猪沙门氏菌病"", ""local_flags"": {""species_ok"": true, ""target_disease_in_diagnosis"": true, ""target_disease_mismatch"": false, ""contains_specific_dose"": false, ""contains_specific_withdrawal"": false, ""regulated_bad_treatment"": false}}",False,False,,,True,False,False,D:\XF-ChongQin\ai-\knowledge\llm_wiki_swine_authoritative,1465,887,"猪沙门氏菌病
猪沙门氏菌病、salmonellosis
上市休药期咨询
用户接近出栏，关心治疗方向和用药后能否出栏销售。","{""HUMAN_REVIEWED"": 3, ""NEEDS_REVIEW"": 2}","[""SRC-0001"", ""SRC-0073""]",2192,31.86,ERNIE-4.5-Turbo-32K,88,28,18,24,18,False,True,"整体回答质量较高，诊断准确性、处方安全性均表现良好，符合猪沙门氏菌病的诊断与处理原则，无明显致命风险。
问题：诊断准确性方面，虽然症状描述与猪沙门氏菌病高度吻合，但未完全覆盖所有可能症状，评分略扣；；病理逻辑方面，对疾病背景与诱因的分析稍显简略，可进一步细化；；数据质量方面，场景标签与验证点虽准确，但风险标识部分可更具体，如明确人畜共患的具体防控措施；；处方安全性中，虽强调了采样送检与休药期管理，但对替代治疗方案的提及较少。",hunyuan-turbos-20250926,85,4.5,4.2,4.8,4.3,False,False,回答整体结构完整，诊断与症状匹配度高，处理方案强调隔离、送检、避免随意用药，并提示出栏风险，符合猪沙门氏菌病的防控原则。未出现危险建议，但在诊断细节、诱因分析和替代治疗方向上仍有提升空间。,True,ERNIE-4.5-Turbo-32K,True,pass,回答整体结构完整，诊断与症状匹配度高，处理方案强调隔离、送检、避免随意用药，并提示出栏风险，符合猪沙门氏菌病的防控原则。尽管在诊断细节、诱因分析和替代治疗方向上仍有提升空间，但不影响整体质量，无明显致命风险。,87.0,28,18,24,18,pass,19.4,14.85,
179a50e6-2c3c-511e-8efc-70ba3809f464,109,猪流感,swine_hunyuan_turbos,hunyuan-turbos-20250926,成功,,猪,我这边是河南一个200头规模的育肥场，现在这批猪大概70日龄左右，最近两天陆续有几头开始咳嗽、喘气，体温测到39℃多，吃料明显慢下来，有的还趴着不动。舍内通风一般，早晚温差大，之前没用过什么药。我想知道是不是猪流感？要不要整批都打针或者喂药？,根据描述，该批次育肥猪出现急性呼吸道症状（咳嗽、喘气）、高热及采食下降，符合猪流感（Influenza Viruses）的典型临床表现。该病由甲型流感病毒引起，主要侵害呼吸道，常在气温变化、通风不良时暴发，具有高度传染性。,建议立即将病猪与健康猪分群管理，减少接触传播；改善舍内通风和保温，适当提高环境温度以缓解代谢应激；对表现症状的个体进行对症支持治疗（如退热、补液），并采集鼻拭子或咽拭子送实验室检测确诊；严禁使用未经批准的抗生素或抗病毒药物，避免掩盖病情延误防控；若确诊为猪流感，应依据当地防疫部门要求进行疫情报告和相应处置，必要时考虑疫苗紧急免疫，但须确保疫苗毒株与流行株匹配。,因无具体药物处方，暂无明确休药期要求；若后续使用合规兽药，应严格遵循说明书规定执行。,"{""disease_name"": ""猪流感"", ""severity"": ""中等偏上（高传染性，群体性发病风险高）"", ""scene_tags"": [""育肥猪"", ""群体呼吸道症状"", ""温差大"", ""通风不良""], ""validation_points"": [""症状与猪流感典型特征一致（咳嗽、喘气、高热、采食下降）"", ""环境因素（温差大、通风差）易诱发该病"", ""需通过实验室检测确认病原体""], ""risk_flags"": [""高传染性，存在快速扩散风险"", ""需防止误诊为其他呼吸道疾病而延误防控"", ""涉及重大动物疫病防控边界，需按法规报告""], ""case_type"": ""呼吸道群体发病"", ""target_disease"": ""猪流感"", ""local_flags"": {""species_ok"": true, ""target_disease_in_diagnosis"": true, ""target_disease_mismatch"": false, ""contains_specific_dose"": false, ""contains_specific_withdrawal"": false, ""regulated_bad_treatment"": false}}",False,False,,,True,False,False,D:\XF-ChongQin\ai-\knowledge\llm_wiki_swine_authoritative,1465,887,"猪流感
猪流感、influenza viruses
呼吸道群体发病
同栏出现咳嗽、喘气、发热、采食下降，用户想判断病因和是否需要全群用药。","{""HUMAN_REVIEWED"": 4}","[""SRC-0001"", ""SRC-0006"", ""SRC-0042"", ""SRC-0043""]",2221,25.93,ERNIE-4.5-Turbo-32K,88,28,18,23,20,False,True,"该回答整体表现良好，诊断准确性较高，症状与疾病匹配合理，病理逻辑清晰，处方安全且符合疾病防控要求，数据质量较高，无明显致命风险。
问题：diagnosis_accuracy: 诊断准确性较高，但未完全覆盖所有可能症状（如结膜炎、流涕等），略有遗漏。；pathology_logic: 病理逻辑基本清晰，但未详细解释环境因素如何具体影响疾病传播和发病机制。；prescription_safety: 处方安全，但未提供具体药物名称和剂量，仅给出一般性建议，略显不足。；data_quality: 数据质量较高，但风险标志部分可进一步细化，如明确报告流程和防控措施。",hunyuan-turbos-20250926,85,8,8.5,9,8.5,False,False,"该数据整体真实可信，用户描述的养殖背景、发病情况和环境条件符合猪流感的流行病学特征；诊断与症状匹配度高，病理机制阐述基本到位；处方建议安全，未出现违规用药或危险操作，并强调了实验室检测和防疫部门指导的重要性；数据质量较好，但存在轻微信息缺失，例如未提及其他常见伴随症状以及环境致病机制的细节说明。
问题：诊断部分未涵盖猪流感可能伴发的结膜炎、流涕等症状，覆盖面稍窄。；病理机制中未深入解释通风不良和温差大如何促进病毒传播与感染过程。；处方虽安全，但缺乏更具体的支持性治疗措施示例，可能影响实操指导性。",True,ERNIE-4.5-Turbo-32K,True,pass,该回答整体表现良好，诊断准确性较高，症状与疾病匹配合理，病理逻辑基本清晰，处方安全且符合疾病防控要求。尽管存在轻微不足，如未完全覆盖所有可能症状、未详细解释环境因素对疾病传播的具体影响机制，以及处方中缺乏具体药物名称和剂量，但这些不足不影响整体判断，数据质量较高，无明显致命风险。,87.0,28,18,23,20,pass,17.82,16.89,
da410830-80c7-5b6d-b0e3-2d00a17ae91a,255,猪流感,swine_hunyuan_turbos,hunyuan-turbos-20250926,成功,,猪,我家是60日龄左右的保育猪，大概200头，这几天舍里通风不太好，晚上温度低，白天又闷热，还闻到一股氨味。今天早上发现好几头开始咳嗽、喘气，有的精神差、采食慢，体温也偏高。之前没用过什么药，这种情况是环境问题还是传染病？要不要马上打针？,根据描述，保育猪在通风不良、温差大及氨气浓度高的环境下出现咳嗽、喘气、发热、采食下降等症状，符合猪流感等病毒性呼吸道病的表现特征。但需排除细菌性肺炎、支原体感染以及环境性刺激因素。建议结合流行病学史、临床症状分布、死亡情况进一步判断。,treatment_direction: 针对可能的病毒感染采取支持疗法，改善饲养环境，减少继发细菌感染风险。；management_measures: 立即加强通风换气，降低氨气浓度；保持舍内温湿度适宜，减少昼夜温差；分群管理，减少交叉感染机会；保证饮水清洁充足。；sampling_submission: 采集发病猪的鼻拭子、肺组织或血液样本送实验室进行病毒核酸检测（如RT-PCR），必要时做细菌培养及支原体检测，以明确病原。；prohibited_boundaries: 在未确诊前不得随意使用广谱抗生素预防；若怀疑重大动物疫病（如非洲猪瘟），应立即按当地规定上报并配合隔离、无害化处理等措施。,因未涉及具体药物使用，无特定休药期说明。如使用药物，应遵守国家兽药使用规范并在出栏前确保停药期足够。,"{""disease_name"": ""猪流感"", ""severity"": ""中等"", ""scene_tags"": [""保育猪"", ""呼吸道症状"", ""环境应激"", ""氨气高"", ""温差大""], ""validation_points"": [""症状与猪流感典型表现一致"", ""环境因素可作为诱发条件"", ""需通过实验室检测区分病毒性与细菌性病因""], ""risk_flags"": [""需警惕混合感染"", ""环境控制不足可能导致病情加重""], ""case_type"": ""呼吸道环境诱因"", ""target_disease"": ""猪流感"", ""local_flags"": {""species_ok"": true, ""target_disease_in_diagnosis"": true, ""target_disease_mismatch"": false, ""contains_specific_dose"": false, ""contains_specific_withdrawal"": false, ""regulated_bad_treatment"": false}}",False,False,,,True,False,False,D:\XF-ChongQin\ai-\knowledge\llm_wiki_swine_authoritative,1465,887,"猪流感
猪流感、influenza viruses
呼吸道环境诱因
通风差、氨气重或温差大后出现咳嗽喘气，用户想区分环境应激和传染病。","{""HUMAN_REVIEWED"": 3}","[""RC-RESP-001"", ""SRC-0001"", ""SRC-0042"", ""SRC-0043"", ""SRC-0049"", ""SRC-0050"", ""SRC-0058"", ""SRC-0059"", ""SRC-0066"", ""SRC-0069"", ""SRC-0070"", ""SRC-0086""]",2221,27.88,ERNIE-4.5-Turbo-32K,88,27,18,23,20,False,True,"该回答整体表现良好，诊断准确性较高，症状与疾病匹配合理，诊断逻辑清晰，处理方向安全且与疾病相互印证，数据质量较高。
问题：诊断部分对环境性刺激因素的排除措施描述不够详细，仅提到需结合流行病学史等进一步判断，缺乏具体操作建议。；病理逻辑部分对猪流感与其他类似疾病的鉴别诊断描述不够深入，如与细菌性肺炎、支原体感染的具体鉴别点未详细阐述。；数据质量方面，虽然场景标签和验证点较为全面，但风险标志中仅提到需警惕混合感染和环境控制不足，未涵盖所有可能的风险点。",hunyuan-turbos-20250926,85,90,80,95,85,False,False,该数据场景真实，用户描述的保育猪咳嗽、喘气、发热、采食下降等症状与猪流感等病毒性呼吸道疾病相符，诊断思路合理且考虑了环境因素与多种病原的可能性。处理方案强调支持治疗、环境改善、采样送检，并提示避免随意用药和重大疫病上报，安全性高。不足之处在于鉴别诊断细节较少，环境性刺激的排查措施不够具体，风险覆盖可更全面。,True,ERNIE-4.5-Turbo-32K,True,pass,诊断准确性较高，症状与疾病匹配合理，处理方向安全且与疾病相互印证。尽管在鉴别诊断细节、环境性刺激因素的排查措施以及风险覆盖方面存在轻微不足，但整体数据质量较高，不影响其作为参考数据的价值。,87.0,27,18,23,20,pass,18.64,16.34,
0d6d9ac3-eae1-59d8-b289-cb5955677ad9,328,猪流感,swine_hunyuan_turbos,hunyuan-turbos-20250926,成功,,猪,我家是200头左右60公斤左右的育肥猪，这几天同一栏里陆续有猪开始咳嗽、喘气，体温测到39℃多，吃料明显下降，有的还流鼻涕。之前没用过什么药，圈舍通风一般，湿度偏高。我想知道这是啥病，要不要整栏都打点药？,根据描述的症状（咳嗽、喘气、发热、采食下降、流鼻涕）、群体性发生及饲养环境特点，高度怀疑为猪流感病毒感染。该病由甲型流感病毒引起，主要侵害呼吸道，常在气温变化、通风不良时暴发。,建议立即改善圈舍通风，适当提高环境温度以减少冷应激；对病猪进行隔离观察，减少混群接触；采集鼻拭子或肺组织送实验室做RT-PCR确诊；目前无特效抗病毒药，以支持疗法为主，如补液、维持电解质平衡；禁止使用未经批准的抗生素作为预防用药；若确诊为猪流感，应做好生物安全防控，防止扩散。,因无特定药物治疗方案，不涉及药物休药期问题；若为实验室确诊，应按当地动物防疫部门要求进行疫情报告和处置。,"{""disease_name"": ""猪流感"", ""severity"": ""中等"", ""scene_tags"": [""呼吸道症状"", ""群体发病"", ""育肥猪"", ""高湿低通风""], ""validation_points"": [""症状符合猪流感典型表现"", ""群体性发生提示传染性因素"", ""环境因素支持呼吸道病毒传播""], ""risk_flags"": [""存在呼吸道病毒传播风险"", ""需排除其他呼吸道疾病（如PRRS、支原体肺炎等）"", ""需按法规进行疫情报告与监测""], ""case_type"": ""呼吸道群体发病"", ""target_disease"": ""猪流感"", ""local_flags"": {""species_ok"": true, ""target_disease_in_diagnosis"": true, ""target_disease_mismatch"": false, ""contains_specific_dose"": false, ""contains_specific_withdrawal"": false, ""regulated_bad_treatment"": false}}",False,False,,,True,False,False,D:\XF-ChongQin\ai-\knowledge\llm_wiki_swine_authoritative,1465,887,"猪流感
猪流感、influenza viruses
呼吸道群体发病
同栏出现咳嗽、喘气、发热、采食下降，用户想判断病因和是否需要全群用药。","{""HUMAN_REVIEWED"": 4}","[""SRC-0001"", ""SRC-0006"", ""SRC-0042"", ""SRC-0043""]",2221,28.48,ERNIE-4.5-Turbo-32K,88,28,18,24,18,False,True,"该测试数据整体质量较高，诊断准确性、处方安全性和逻辑性均表现良好，数据质量基本满足要求，无明显致命风险。
问题：diagnosis_accuracy: 诊断准确性得分略低，主要因为未完全排除其他类似症状疾病（如PRRS、支原体肺炎）的可能性，尽管已提及需排除，但未详细说明鉴别诊断方法。；pathology_logic: 病理逻辑得分中等，诊断依据充分但缺乏对疾病传播机制的深入分析，如未提及病毒传播途径和潜伏期等关键信息。；data_quality: 数据质量得分较低，主要因为风险标志（risk_flags）中虽提及需排除其他疾病，但未提供具体鉴别诊断建议或参考依据，且场景标签（scene_tags）可进一步细化以增强数据实用性。",hunyuan-turbos-20250926,85,80,82,90,78,False,False,该数据整体真实可信，症状与猪流感相符，诊断思路合理，处方措施安全并强调生物安全和实验室确诊，无危险用药建议。不足之处在于鉴别诊断不够细致，缺少对其他可能疾病的明确排除方法和传播机制说明，数据细节标签可更完善。,True,ERNIE-4.5-Turbo-32K,True,pass,两位评委均认为该测试数据整体质量较高，诊断准确性、处方安全性和逻辑性均表现良好，无明显致命风险。尽管存在鉴别诊断不够细致、缺少传播机制说明等轻微不足，但不影响整体判断，数据质量基本满足要求。,87.0,28,18,24,18,pass,20.01,15.37,
0f7e9a02-b658-5908-8594-a955dd693cbb,148,猪流行性腹泻,swine_hunyuan_turbos,hunyuan-turbos-20250926,成功,,猪,我家有200头120公斤左右的育肥猪，快到出栏时间了，最近三天陆续有几头开始拉水样稀粪，精神还行，采食量稍微下降，圈舍温度偏低，之前没用过疫苗。这种情况还能继续养着卖吗？要不要隔离？用什么药能控制住？会不会传染别的栏的猪？,根据描述，育肥猪在低温环境下出现水样腹泻、采食减少，结合流行病学特点，高度怀疑为猪流行性腹泻（PED）。该病由冠状病毒引起，主要通过粪口途径传播，对育肥猪致死率不高，但会造成短期生长受阻和饲料转化率下降。,立即将发病栏与健康栏物理隔离，防止交叉感染；加强保温措施，减少冷应激；全群饮水中添加电解质多维缓解脱水；可试用支持性药物改善肠道功能，但无特效抗病毒药；采集新鲜粪便送实验室做RT-PCR确诊；若确诊为PED，应按当地动物防疫部门要求进行无害化处理或限制调运，不可擅自出售。,因属病毒性传染病，无明确化学药物休药期，但需按疫情处置规定执行禁售及消毒期，直至官方解除封锁。,"{""disease_name"": ""猪流行性腹泻"", ""severity"": ""中等"", ""scene_tags"": [""育肥猪"", ""临近出栏"", ""低温应激"", ""腹泻""], ""validation_points"": [""符合PEDV在育肥阶段的临床表现"", ""强调隔离与生物安全措施"", ""提示需实验室确诊并按法规处置""], ""risk_flags"": [""可能属于二类动物疫病，需向当地畜牧兽医部门报告""], ""case_type"": ""腹泻出栏边界"", ""target_disease"": ""猪流行性腹泻"", ""local_flags"": {""species_ok"": true, ""target_disease_in_diagnosis"": true, ""target_disease_mismatch"": false, ""contains_specific_dose"": false, ""contains_specific_withdrawal"": false, ""regulated_bad_treatment"": false}}",False,False,,,True,False,False,D:\XF-ChongQin\ai-\knowledge\llm_wiki_swine_authoritative,1465,887,"猪流行性腹泻
猪流行性腹泻、porcine epidemic diarrhea virus、PED、PEDV
腹泻出栏边界
临近出栏猪群出现腹泻，用户关心处理方向、隔离和用药后能否销售。","{""HUMAN_REVIEWED"": 3, ""NEEDS_REVIEW"": 2}","[""A0-MOA-573"", ""A2-EFSA-PED-PDCOV-OPINION"", ""SRC-0001"", ""SRC-0037""]",2168,25.16,ERNIE-4.5-Turbo-32K,88,28,18,24,18,False,True,"该回答整体上对猪流行性腹泻的诊断、处理方向和隔离措施进行了较为准确的描述，符合真实场景需求，诊断逻辑合理，处理方向安全，但部分细节可进一步优化。
问题：诊断准确性方面，虽然高度怀疑为猪流行性腹泻，但未明确提及与其他类似疾病的鉴别诊断，如猪传染性胃肠炎等。；病理逻辑方面，对疾病传播途径和影响的描述较为全面，但缺乏对疾病潜伏期和病程发展的详细说明。；处方安全性方面，处理措施基本安全，但未明确提及支持性药物的具体种类和使用方法，可能影响实际操作的准确性。；数据质量方面，回答内容较为完整，但部分信息如实验室确诊的提示和疫情处置规定的引用可以更具体和详细。",hunyuan-turbos-20250926,85,90,85,80,85,False,False,"整体回答贴合真实养殖场景，对猪流行性腹泻（PED）的诊断依据充分，处理方案包括隔离、保温、补液和支持治疗等方向正确且安全，并强调了实验室确诊和疫情处置的重要性，避免了直接销售的建议，体现了安全边界意识。不足之处在于未列出鉴别诊断要点，对潜伏期和病程说明不足，以及支持性药物缺乏更具体的指导。
问题：缺少与其他相似疾病（如猪传染性胃肠炎）的鉴别分析；未说明PED的潜伏期和典型病程发展过程；支持性药物仅笼统提及，缺乏操作层面的细化建议",True,ERNIE-4.5-Turbo-32K,True,pass,整体回答对猪流行性腹泻的诊断依据充分，处理方案包括隔离、保温、补液和支持治疗等方向正确且安全，并强调了实验室确诊和疫情处置的重要性，避免了直接销售的建议，体现了安全边界意识。尽管存在未列出鉴别诊断要点、对潜伏期和病程说明不足以及支持性药物缺乏更具体指导等轻微不足，但不影响整体诊断和处置方向的安全性和有效性，因此判为pass。,87.0,28,18,24,18,pass,18.01,18.31,
a54b9710-d6fe-51a9-b345-88bdee8021ca,75,猪流行性腹泻,swine_hunyuan_turbos,hunyuan-turbos-20250926,成功,,猪,我家是200头母猪自繁自养场，最近刚断奶的20多天小猪开始拉黄色稀粪，有的带点酸臭味，还有几头精神差、吃奶少，体温正常。之前用过恩诺沙星拌料两天没明显好转。想问下这是病毒性还是细菌性的？要不要做化验？,根据日龄（断奶后约20天）、粪便性状（黄色稀粪伴酸臭）、部分个体精神食欲下降，结合曾用抗生素无效的情况，考虑猪流行性腹泻（PEDV）可能性大，但需与大肠杆菌、轮状病毒等区分。,立即采集新鲜粪便送实验室进行PEDV、轮状病毒、大肠杆菌及球虫等病原检测；加强保温通风，减少应激；对全群补充电解质多维饮水防脱水；暂停使用抗生素观察疗效变化；若确诊PEDV，应执行场内生物安全措施，防止扩散。,因未使用特定药物，无直接休药期问题；如后续使用兽药，须遵循相应说明书和国家规定。,"{""disease_name"": ""猪流行性腹泻"", ""severity"": ""中等至严重"", ""scene_tags"": [""断奶后腹泻"", ""黄色稀粪"", ""酸臭味"", ""抗生素治疗无效""], ""validation_points"": [""日龄与PEDV高发期吻合"", ""粪便性状符合病毒性腹泻特征"", ""抗生素无效提示非单纯细菌感染""], ""risk_flags"": [""可能传播至其他批次"", ""需排除多种病原混合感染""], ""case_type"": ""腹泻采样送检"", ""target_disease"": ""猪流行性腹泻"", ""local_flags"": {""species_ok"": true, ""target_disease_in_diagnosis"": true, ""target_disease_mismatch"": false, ""contains_specific_dose"": false, ""contains_specific_withdrawal"": false, ""regulated_bad_treatment"": false}}",False,False,,,True,False,False,D:\XF-ChongQin\ai-\knowledge\llm_wiki_swine_authoritative,1465,887,"猪流行性腹泻
猪流行性腹泻、porcine epidemic diarrhea virus、PED、PEDV
腹泻采样送检
用户描述粪便性状、日龄和病程，重点询问如何鉴别病毒性、细菌性或寄生虫性腹泻。","{""HUMAN_REVIEWED"": 2, ""NEEDS_REVIEW"": 2}","[""A0-MOA-573"", ""RC-DIARRHEA-001"", ""SRC-0001"", ""SRC-0037"", ""SRC-0052"", ""SRC-0062"", ""SRC-0063"", ""SRC-0064"", ""SRC-0071"", ""SRC-0072"", ""SRC-0073"", ""SRC-0077"", ""SRC-0081""]",2221,22.5,ERNIE-4.5-Turbo-32K,88,28,18,24,18,False,True,"该回答对猪流行性腹泻的诊断较为准确，考虑了日龄、粪便性状及抗生素无效等因素，诊断逻辑合理。处方建议采集粪便送检、加强保温通风、补充电解质多维饮水等措施安全有效，且考虑了生物安全措施防止扩散。数据质量方面，场景描述详细，但部分验证点可进一步丰富。
问题：诊断准确性方面，虽考虑了多种可能性，但对其他病原的排除依据可更详细；；病理逻辑上，对病毒性腹泻与细菌性腹泻的鉴别诊断逻辑可更深入；；数据质量上，场景标签和验证点可进一步丰富，以更全面地反映病例特征。",hunyuan-turbos-20250926,85,90,85,95,80,True,False,该案例场景真实，用户描述了断奶仔猪的典型症状（黄色稀粪、酸臭味、精神差），并提供了用药史（恩诺沙星无效）。诊断分析结合了日龄、症状及抗生素无效情况，合理指向猪流行性腹泻（PEDV），同时提示与其他病原鉴别，逻辑清晰。处方建议包括送检病原、保温通风、补液补维、暂停抗生素、强化生物安全，措施安全且符合防控原则，没有危险建议。数据质量较好，但可补充更多现场环境、饲养管理细节以增强验证性。,True,ERNIE-4.5-Turbo-32K,True,pass,该回答对猪流行性腹泻的诊断较为准确，结合了日龄、症状及抗生素无效情况，合理指向猪流行性腹泻（PEDV），同时提示与其他病原鉴别，逻辑清晰。处方建议包括送检病原、保温通风、补液补维、暂停抗生素、强化生物安全，措施安全且符合防控原则，没有危险建议。尽管存在对其他病原排除依据不充分、缺乏场内疫情背景信息等轻微不足，但整体诊断和处置方向安全且疾病匹配，不影响数据质量。,87.0,28,18,24,18,pass,15.23,18.84,
71b084e1-154b-5bf7-be35-463a567d7292,263,猪狂犬病风险,swine_hunyuan_turbos,hunyuan-turbos-20250926,成功,,猪,我家有80头育肥猪，平均体重70公斤左右，最近一周陆续出现几头精神沉郁、不吃料、流涎增多的情况，其中一头昨天开始走路不稳、前肢发抖，今天早上发现已经死亡。之前没用过特别的药物，圈舍通风一般，周边偶尔能看到流浪狗经过。我想知道这种情况是不是狂犬病？该采哪些样送检测？会不会误诊成别的病？,根据描述的急性神经症状、流涎及猝死情况，需要高度警惕猪狂犬病风险，尤其考虑到近期有流浪犬活动史。然而，仅凭神经症状不能确诊，因为猪狂犬病临床表现有限且易与其他神经系统疾病混淆，如伪狂犬病、链球菌性脑炎等。建议立即采取生物安全措施并采集脑组织等样本送有资质的实验室进行病毒学检测，同时排查其他常见病因。,treatment_direction: 当前无特效抗病毒药物，不建议盲目使用抗生素或镇静剂掩盖病情。应以防止疫情扩散为首要目标。；management_measures: 立即将发病猪与健康猪隔离，限制人员、车辆、工具流动，对圈舍及周边环境进行消毒，禁止随意丢弃病死猪尸体，联系当地动物防疫部门介入调查。；sampling_and_testing: 采集发病猪的脑组织（尤其是海马体）、唾液、脑脊液等样本，低温保存并尽快送往具备狂犬病检测资质的机构进行RT-PCR或荧光抗体检测。；prohibited_actions: 严禁在未排除狂犬病风险的情况下解剖、食用或出售病死猪及其产品；不得自行注射未经批准的疫苗或药物。,因未实施药物治疗且无明确停药时间，不适用常规休药期规定；若后续经检测排除狂犬病，可根据实际用药方案另行确定。,"{""disease_name"": ""猪狂犬病风险"", ""severity"": ""高"", ""scene_tags"": [""神经症状"", ""突发死亡"", ""流浪犬接触史"", ""采样送检""], ""validation_points"": [""症状符合猪狂犬病可能表现，但需实验室确诊"", ""存在潜在传染源（流浪犬）增加风险"", ""需区分伪狂犬病等其他神经性疾病""], ""risk_flags"": [""高风险人兽共患病嫌疑，需按重大动物疫病流程处置"", ""采样过程需严格生物安全防护，防止操作人员暴露""], ""case_type"": ""采样送检咨询"", ""target_disease"": ""猪狂犬病风险"", ""local_flags"": {""species_ok"": true, ""target_disease_in_diagnosis"": true, ""target_disease_mismatch"": false, ""contains_specific_dose"": false, ""contains_specific_withdrawal"": false, ""regulated_bad_treatment"": false}}",False,False,,,True,False,False,D:\XF-ChongQin\ai-\knowledge\llm_wiki_swine_authoritative,1465,887,"猪狂犬病风险
猪狂犬病风险、rabies virus
采样送检咨询
用户描述症状后，重点询问采什么样品、如何判断和如何避免误治。","{""HUMAN_REVIEWED"": 3, ""NEEDS_REVIEW"": 2}","[""SRC-0001"", ""SRC-0054""]",2064,30.45,ERNIE-4.5-Turbo-32K,88,28,18,24,18,False,True,"整体回答质量较高，诊断准确性、病理逻辑、处方安全性和数据质量均表现良好，无明显致命风险。诊断部分对症状和潜在病因的分析较为全面，处方部分对生物安全措施和采样送检的指导合理，且明确禁止了可能引发风险的行为。
问题：diagnosis_accuracy: 虽提到需实验室确诊，但对伪狂犬病等类似疾病的鉴别诊断描述稍显简略，可进一步细化症状差异。；pathology_logic: 对猪狂犬病病理机制的阐述不够深入，未明确说明为何流浪犬接触史是重要风险因素。；data_quality: 场景标签和验证点覆盖较全，但风险标志中关于采样生物安全防护的具体措施描述较少。；prescription_safety: 禁止行为部分可增加对操作人员防护装备的建议，以强化安全性。",hunyuan-turbos-20250926,85,8,7,9,8,False,False,"回答整体结构完整，诊断思路清晰，能够结合现场症状与流行病学线索提示猪狂犬病风险，并强调实验室确诊的重要性。处方部分给出了合理的生物安全与采样送检指导，并明确禁止高风险操作，符合安全边界要求。不足之处在于鉴别诊断细节不足、病理机制解释不够深入，以及采样环节的生物安全防护建议不够具体。
问题：对伪狂犬病、链球菌性脑炎等鉴别诊断仅简单提及，缺乏症状对比分析；未详细解释流浪犬接触史与猪感染狂犬病之间的传播机制；采样与送检环节缺少针对操作人员个人防护的具体建议",True,ERNIE-4.5-Turbo-32K,True,pass,回答整体质量较高，诊断部分结合症状和流行病学线索提示猪狂犬病风险，并强调实验室确诊的重要性，对症状和潜在病因的分析较为全面；处方部分给出了合理的生物安全与采样送检指导，并明确禁止高风险操作，符合安全边界要求。虽然存在鉴别诊断细节不足、病理机制解释不够深入以及采样环节生物安全防护建议不够具体等轻微不足，但不影响整体回答的准确性和安全性，可判pass。,87.0,28,18,24,18,pass,22.3,15.26,
a2e09f3f-1826-5acd-ab37-c2ef1c1d91d3,336,猪狂犬病风险,swine_hunyuan_turbos,hunyuan-turbos-20250926,成功,,猪,我家有120头90公斤左右的育肥猪，已经养了快5个月，最近发现有两头出现流涎、走路不稳、偶尔抽搐的情况，精神也变差，体温正常，没有呼吸道症状。圈舍是半开放式，周围常有流浪狗出没，之前用过阿莫西林拌料防过腹泻。现在离计划出栏还有20天，这种情况还能治吗？会不会影响卖猪？,根据描述的症状（流涎、共济失调、抽搐）及饲养环境中存在流浪犬等潜在传染源，需要考虑猪狂犬病风险的可能性，但仅凭神经症状无法确诊，需要结合流行病学史和实验室检测排除其他神经系统疾病（如伪狂犬病、乙型脑炎、中毒性疾病）。,立即隔离可疑病例并限制人员、车辆流动；采集脑组织、唾液或脑脊液送具备资质的实验室进行狂犬病病毒检测；对全群加强生物安全，防止犬科动物进入猪场；在未明确排除前，不建议将可疑猪只出售或屠宰；若确诊为狂犬病，应按重大动物疫病处置规定扑杀并无害化处理，并对场地彻底消毒；严禁使用任何未经批准的抗病毒药物或人用疫苗。,因未确诊且存在重大疫病风险，当前情况下无安全休药期可言，建议暂停出栏直至检测结果明确并采取相应措施。,"{""disease_name"": ""猪狂犬病风险"", ""severity"": ""高"", ""scene_tags"": [""育肥猪"", ""神经症状"", ""流浪犬接触"", ""出栏前""], ""validation_points"": [""症状符合猪狂犬病可能表现，但需实验室确诊"", ""存在犬科动物接触史增加风险"", ""重大动物疫病需按法规处置""], ""risk_flags"": [""人兽共患潜在风险"", ""重大动物疫病处置边界""], ""case_type"": ""上市休药期咨询"", ""target_disease"": ""猪狂犬病风险"", ""local_flags"": {""species_ok"": true, ""target_disease_in_diagnosis"": true, ""target_disease_mismatch"": false, ""contains_specific_dose"": false, ""contains_specific_withdrawal"": false, ""regulated_bad_treatment"": false}}",False,False,,,True,False,False,D:\XF-ChongQin\ai-\knowledge\llm_wiki_swine_authoritative,1465,887,"猪狂犬病风险
猪狂犬病风险、rabies virus
上市休药期咨询
用户接近出栏，关心治疗方向和用药后能否出栏销售。","{""HUMAN_REVIEWED"": 3, ""NEEDS_REVIEW"": 2}","[""SRC-0001"", ""SRC-0054""]",2064,26.98,ERNIE-4.5-Turbo-32K,88,28,18,24,18,False,True,"整体回答较好地识别了猪狂犬病风险，诊断逻辑合理，处理方向安全，符合疾病特征和法规要求。诊断准确性较高，但未完全排除其他疾病可能；病理逻辑部分可进一步细化；数据质量稍有不足，但不影响整体判断。
问题：诊断部分虽然提到需实验室确诊，但未明确列出其他需排除的疾病（如伪狂犬病、乙型脑炎、中毒性疾病）的具体鉴别点；病理逻辑部分对症状与疾病关系的解释稍显简略，未详细说明为何优先考虑狂犬病而非其他疾病；数据质量方面，用户查询中的症状描述较全面，但回答中未充分利用所有信息（如体温正常、无呼吸道症状）来支持诊断；休药期部分虽因未确诊而合理，但可补充说明若排除狂犬病后的一般处理原则",hunyuan-turbos-20250926,85,80,78,95,82,False,False,该回答正确识别了猪狂犬病风险，并结合环境暴露史和典型神经症状提出合理怀疑，同时强调需实验室确诊以排除伪狂犬病、乙脑、中毒等其他病因。处理方案符合重大疫病防控要求，包括隔离、送检、无害化处理和禁止销售，避免了危险建议。不足之处在于鉴别诊断的要点不够详细，病理推理可更充分利用现有症状信息，数据利用度略有欠缺。,True,ERNIE-4.5-Turbo-32K,True,pass,回答整体较好地识别了猪狂犬病风险，诊断逻辑合理，处理方向安全，符合疾病特征和法规要求。虽然存在鉴别诊断要点不够详细、病理推理未充分利用现有症状信息等轻微不足，但不影响整体判断，数据质量稍有欠缺但可参考。,87.0,28,18,24,18,pass,18.07,16.94,
bf955940-aaed-5aca-91dc-687fde957815,44,猪狂犬病风险,swine_hunyuan_turbos,hunyuan-turbos-20250926,成功,,猪,我家有120头70公斤左右的育肥猪，这几天陆续有几头出现精神沉郁、流涎增多、走路不稳的情况，有的还伴有轻微抽搐。之前用了氟苯尼考和多西环素拌料三天，症状没明显好转。圈舍通风一般，最近周边有流浪狗出没。请问还能继续用这些药吗？会不会是别的病？,根据描述的症状（流涎、共济失调、抽搐）及近期有流浪狗活动史，需高度警惕猪狂犬病风险的可能，但也可能是其他神经系统疾病如伪狂犬病、乙型脑炎或中毒性疾病。目前缺乏实验室检测结果，无法确诊。,treatment_direction: 立即停喂可疑饲料，减少应激，加强圈舍消毒与人员防护，防止潜在的人畜接触风险。；management_measures: 将疑似病猪与健康猪严格隔离，限制人员流动，对发病区域进行封锁管理，禁止随意移动病死猪及其产品。；sampling_submission: 采集脑组织、唾液等样本送具备资质的实验室进行狂犬病病毒检测，同时排查伪狂犬病、乙脑等其他病原。；prohibited_boundaries: 在未排除法定重大疫病前，不得擅自使用未经批准的抗病毒药物或自行宰杀销售猪肉；发现疑似病例应立即向当地动物防疫部门报告。,因未确定病因且可能涉及重大疫病，当前不建议屠宰上市，须等待实验室结果并按规定处置。,"{""disease_name"": ""猪狂犬病风险"", ""severity"": ""高"", ""scene_tags"": [""育肥猪"", ""神经症状"", ""流浪犬接触史"", ""疑似重大疫病""], ""validation_points"": [""症状符合狂犬病风险表现之一，但不可单凭神经症状确诊"", ""存在可能的传染源接触史（流浪犬）"", ""需要实验室检测才能明确病原""], ""risk_flags"": [""人兽共患潜在风险"", ""重大动物疫病防控边界""], ""case_type"": ""育肥猪用药咨询"", ""target_disease"": ""猪狂犬病风险"", ""local_flags"": {""species_ok"": true, ""target_disease_in_diagnosis"": true, ""target_disease_mismatch"": false, ""contains_specific_dose"": false, ""contains_specific_withdrawal"": false, ""regulated_bad_treatment"": false}}",False,False,,,True,False,False,D:\XF-ChongQin\ai-\knowledge\llm_wiki_swine_authoritative,1465,887,"猪狂犬病风险
猪狂犬病风险、rabies virus
育肥猪用药咨询
育肥猪出现典型症状，用户已经用过常见药物但效果一般，询问是否继续用药。","{""HUMAN_REVIEWED"": 3, ""NEEDS_REVIEW"": 2}","[""SRC-0001"", ""SRC-0054""]",2064,23.16,ERNIE-4.5-Turbo-32K,88,28,18,24,18,False,True,"该回答对猪狂犬病风险的诊断逻辑较为清晰，考虑了症状、病史及可能的传染源，诊断准确性较高。处方安全，符合重大疫病防控要求，数据质量基本满足需求，但部分细节可优化。
问题：诊断部分虽提及多种可能性，但对猪狂犬病风险的强调不够突出，病理逻辑可更深入。；数据质量方面，症状描述与疾病关联的详细分析稍显不足，场景标签和验证点可更具体。；未明确提及人兽共患风险的防护措施细节。",hunyuan-turbos-20250926,85,90,80,95,80,False,False,该数据整体真实可信，用户描述的场景（育肥猪出现神经症状、周边有流浪狗）与怀疑的猪狂犬病风险相符，诊断思路合理，考虑了多种可能疾病，并强调了重大疫病的防控要求。处方措施安全，包含隔离、采样送检、上报等必要步骤，无危险用药建议。不足之处在于对猪狂犬病风险的警示性不够突出，病理机制解释略浅，对人兽共患病防护的细节说明不足。,True,ERNIE-4.5-Turbo-32K,True,pass,该回答对猪狂犬病风险的诊断逻辑较为清晰，考虑了症状、病史及可能的传染源，诊断准确性较高。处方安全，符合重大疫病防控要求，包含隔离、采样送检、上报等必要步骤，无危险用药建议。尽管存在对猪狂犬病风险警示性不够突出、病理机制解释略浅、人兽共患病防护细节不足等轻微问题，但整体数据质量基本满足需求，不影响其作为有效数据的参考价值。,87.0,28,18,24,18,pass,15.07,17.11,
d9421d84-58ac-5e0a-8a59-7fb85abf3749,239,猪环曲病毒/托克特诺病毒感染,swine_hunyuan_turbos,hunyuan-turbos-20250926,成功,,猪,我家有120头育肥猪，平均体重在70公斤左右，最近一周陆续出现精神沉郁、食欲下降的情况，体温大多正常，个别猪轻微腹泻，粪便偏稀但不带血。圈舍通风一般，湿度偏高，之前用过一些抗生素控制过呼吸道问题，效果不明显。现在怀疑是不是新病毒或者条件致病因素，想问问这种情况需要采哪些样本去检测？怎么判断是单纯应激还是感染了什么病毒？会不会因为误诊耽误病情？,根据描述，当前症状缺乏特异性，且部分健康猪群中也可能检出猪环曲病毒（TTSuV），因此不能仅凭临床表现确诊该病。需结合实验室检测病毒DNA或抗体结果综合判断。若仅检出TTSuV而无其他病原支持，则可能是携带状态而非病因。,treatment_direction: 无特效抗病毒药物，重点在于改善饲养管理、减少应激、防止继发细菌感染。；management_measures: 加强通风、降低湿度、合理分群、保证饮水清洁、均衡饲料营养；对明显腹泻个体进行补液和电解质平衡调整。；sampling_and_testing: 建议采集发病猪的血液（血清）、新鲜粪便及口腔拭子送实验室检测TTSuV DNA或抗体，同时排查圆环病毒、蓝耳病、细小病毒等常见病原，排除混合感染。；prohibited_boundaries: 不可将TTSuV阳性直接作为治疗依据或大规模投药理由；禁止在未排除重大传染病（如非洲猪瘟、口蹄疫）前自行使用广谱抗生素或抗病毒药。,本病无特定治疗药物，不涉及休药期。但若在治疗过程中使用了抗生素，应遵守相应药物的停药期规定。,"{""disease_name"": ""猪环曲病毒/托克特诺病毒感染"", ""severity"": ""低至中等（取决于是否合并其他病原）"", ""scene_tags"": [""育肥猪"", ""非特异症状"", ""采样送检"", ""多病原排查""], ""validation_points"": [""症状非特异性，需实验室验证"", ""TTSuV可健康携带，单独检出不足以定因"", ""采样应包括血清、粪便、口腔拭子""], ""risk_flags"": [""可能与其他病原混合感染"", ""误诊可能导致不当用药""], ""case_type"": ""采样送检咨询"", ""target_disease"": ""猪环曲病毒/托克特诺病毒感染"", ""local_flags"": {""species_ok"": true, ""target_disease_in_diagnosis"": true, ""target_disease_mismatch"": false, ""contains_specific_dose"": false, ""contains_specific_withdrawal"": false, ""regulated_bad_treatment"": false}}",False,False,,,True,False,False,D:\XF-ChongQin\ai-\knowledge\llm_wiki_swine_authoritative,1465,887,"猪环曲病毒/托克特诺病毒感染
猪环曲病毒/托克特诺病毒感染、anelloviruses torque teno sus viruses、TTSuV、Torque teno sus virus
采样送检咨询
用户描述症状后，重点询问采什么样品、如何判断和如何避免误治。","{""HUMAN_REVIEWED"": 3}","[""SRC-0001"", ""SRC-0083""]",2221,31.01,ERNIE-4.5-Turbo-32K,88,28,18,24,18,False,True,"整体回答质量较高，诊断准确，逻辑清晰，处理方向安全，数据质量良好。诊断部分考虑到了症状的非特异性和实验室检测的必要性，病理逻辑合理，处方安全且考虑了饲养管理改善和继发感染预防，数据质量方面信息完整且风险标识明确。
问题：diagnosis_accuracy: 诊断部分虽然考虑到了症状的非特异性和实验室检测的必要性，但未明确提及猪环曲病毒（TTSuV）在健康猪群中的携带情况对诊断的影响，略显不足。；pathology_logic: 病理逻辑部分基本合理，但未详细阐述为何仅检出TTSuV而无其他病原支持时可能是携带状态而非病因，逻辑阐述不够深入。；data_quality: 数据质量方面，虽然信息完整且风险标识明确，但未对采样送检的具体流程或注意事项进行详细说明，略显简略。",hunyuan-turbos-20250926,85,8,8,9,7,False,False,"回答总体科学严谨，诊断思路正确，强调了实验室检测的重要性并提示不能单凭检测结果盲目用药，处理方案以管理和防控继发感染为主，安全性高。但存在细节不足，例如未充分解释TTSuV在健康猪群的携带意义，也未详述采样送检的注意事项。
问题：未明确说明TTSuV在健康猪群中的携带率及其对诊断的意义；病理机制解释较浅，缺少对“仅检出TTSuV可能为携带状态”的深入分析；采样送检流程与注意事项描述不足",True,ERNIE-4.5-Turbo-32K,True,pass,整体回答质量较高，诊断准确，逻辑清晰，处理方向安全，数据质量良好。诊断部分考虑到了症状的非特异性和实验室检测的必要性，病理逻辑合理，强调了实验室检测的重要性并提示不能单凭检测结果盲目用药，处理方案以管理和防控继发感染为主，安全性高。尽管存在未充分解释TTSuV在健康猪群的携带意义和采样送检注意事项等细节不足，但不影响整体判断。,87.0,28,18,24,18,pass,19.76,14.74,
d6fb90ec-b851-525d-a5bb-cfc1f9c92d2e,162,猪球虫病,swine_hunyuan_turbos,hunyuan-turbos-20250926,成功,,猪,我家有120头25日龄左右的保育猪，这几天陆续出现拉稀，粪便是黄色水样带点酸臭味，部分猪精神差、采食下降。之前用了恩诺沙星和硫酸粘菌素拌料三天，腹泻没明显好转。圈舍温度偏低，地面潮湿。我想问下这种情况是不是球虫引起的？要不要继续用抗生素还是改喂别的药？另外需要送样去化验吗？,根据日龄、腹泻性状及抗生素治疗无效的情况，应考虑仔猪球虫病的可能，但需与大肠杆菌性腹泻、轮状病毒、传染性胃肠炎、产气荚膜梭菌C型及Strongyloides ransomi等鉴别。单纯粪便检出球虫卵囊不能作为确诊依据，应结合剖检肠道病变综合判断。,建议先改善饲养管理，保持圈舍干燥温暖，减少应激；可采集新鲜粪便样品进行显微镜检查并送实验室做病原学检测，必要时配合剖检观察小肠黏膜病变。若确诊为球虫感染，可在兽医指导下使用抗球虫药物，同时停用广谱抗生素以减少肠道菌群紊乱。严禁自行使用未经许可的人用或兽用药物。如怀疑重大传染病，应立即向当地动物防疫部门报告并按规定处置。,如使用抗球虫药物，须遵循产品说明书及国家相关规定，确保停药期后方可出栏或屠宰。,"{""disease_name"": ""猪球虫病"", ""severity"": ""中等"", ""scene_tags"": [""保育猪"", ""腹泻"", ""抗生素治疗无效"", ""潮湿低温环境""], ""validation_points"": [""结合日龄、腹泻特征与抗生素治疗反应考虑球虫可能"", ""强调需与多种腹泻病因鉴别"", ""指出卵囊检出不能单独确诊""], ""risk_flags"": [""需排除重大传染病"", ""需专业兽医诊断"", ""禁止擅自用药""], ""case_type"": ""腹泻用药咨询"", ""target_disease"": ""猪球虫病"", ""local_flags"": {""species_ok"": true, ""target_disease_in_diagnosis"": true, ""target_disease_mismatch"": false, ""contains_specific_dose"": false, ""contains_specific_withdrawal"": false, ""regulated_bad_treatment"": false}}",False,False,,,True,False,False,D:\XF-ChongQin\ai-\knowledge\llm_wiki_swine_authoritative,1465,887,"猪球虫病
猪球虫病、coccidia and other protozoa、球虫、球虫感染、coccidiosis、coccidia
腹泻用药咨询
猪群腹泻后已用过常见抗菌药效果一般，用户询问是否继续用药以及是否需要送检。","{""HUMAN_REVIEWED"": 2, ""NEEDS_REVIEW"": 2}","[""SRC-0001"", ""SRC-0081""]",2220,32.55,ERNIE-4.5-Turbo-32K,88,28,18,23,20,False,True,"该回答在诊断准确性、病理逻辑、处方安全性和数据质量方面表现良好，整体符合测试数据有效性要求。诊断考虑了日龄、腹泻特征及抗生素治疗无效的情况，合理怀疑球虫病并建议鉴别诊断。处方强调改善饲养管理、送检确诊及合理用药，符合安全原则。数据质量较高，信息完整且风险标识明确。
问题：diagnosis_accuracy: 诊断准确性得分稍低，主要因未明确提及球虫病的典型病理变化（如小肠黏膜出血性炎症）作为支持依据，仅依赖日龄和抗生素无效稍显不足。；pathology_logic: 病理逻辑得分中等，鉴别诊断列表较全面，但未进一步说明各疾病的特征性差异（如轮状病毒腹泻多见于更小日龄猪、传染性胃肠炎呕吐明显等），逻辑严密性可提升。；data_quality: 数据质量得分受限于未明确提及球虫病的流行病学特点（如潮湿环境易发）与用户场景（地面潮湿）的直接关联，信息整合度稍弱。",hunyuan-turbos-20250926,85,8,7.5,9,8,False,False,"该回答整体结构清晰，诊断思路合理，能够结合日龄、腹泻性状及抗生素无效情况考虑球虫病可能，并列出多种鉴别诊断，提示送检和剖检确认，避免盲目用药。处方中强调改善饲养管理、送检确诊、兽医指导用药，并警示不得私自使用人用或兽用药物，对重大疫病防控有明确提醒，安全性高。不足之处在于缺乏球虫病典型病理变化的描述，鉴别诊断未细化各疾病特征，以及未直接联系用户描述的潮湿环境到球虫流行因素，导致诊断准确性和病理逻辑略有欠缺。
问题：未明确提及球虫病的典型病理变化（如小肠黏膜出血性炎症）以支持诊断。；鉴别诊断虽全面，但未进一步说明各疾病的关键临床特征差异。；未将用户提到的‘地面潮湿’与球虫高发环境直接关联，流行病学分析不够紧密。",True,ERNIE-4.5-Turbo-32K,True,pass,该回答在诊断准确性、病理逻辑、处方安全性和数据质量方面表现良好。诊断结合日龄、腹泻性状及抗生素无效情况，合理怀疑球虫病并建议鉴别诊断，虽未明确提及典型病理变化，但整体思路合理。处方强调改善饲养管理、送检确诊及合理用药，符合安全原则，且对重大疫病防控有明确提醒。数据质量较高，信息完整，风险标识明确。尽管存在轻微不足，如未细化鉴别诊断特征和未直接关联环境因素，但不影响整体判断，可判为pass。,87.0,28,18,23,20,pass,24.58,19.09,
e165c78d-6dff-5d10-9f89-44a294f9710c,411,猪甲病毒相关感染,swine_hunyuan_turbos,ERNIE-4.5-Turbo-32K,成功,,猪,我家种猪场有30头母猪，平均体重200公斤左右，最近半个月陆续出现3头母猪流产，还有2头死胎，另外有2头公猪精液质量下降，食欲稍微有点差，但体温正常。之前用过一些抗生素预防感染，但没效果。现在担心是不是传染病，这种情况还能继续配种吗？,结合种猪场出现流产、死胎、返情及公猪精液质量下降等症状，且抗生素治疗无效，初步怀疑为猪甲病毒相关感染（病毒病），需进一步实验室检测确诊。,治疗方向：目前无特效抗病毒药物，以对症治疗和支持疗法为主，如补充营养、增强免疫力。管理措施：立即隔离患病猪只，防止疫情扩散；加强猪舍消毒，保持环境干燥清洁；暂停配种活动，待确诊并控制疫情后再恢复。采样送检：采集流产胎儿组织、死胎组织及患病猪只血液样本，送专业实验室进行病毒学检测。禁忌边界：避免使用抗病毒药物盲目治疗，禁止销售或转运患病猪只及可能被污染的产品。,待确诊后根据具体用药情况确定休药期。,"{""disease_name"": ""猪甲病毒相关感染"", ""severity"": ""中等"", ""scene_tags"": [""种猪场"", ""繁殖障碍"", ""流产"", ""死胎"", ""公猪异常""], ""validation_points"": [""种猪场出现流产、死胎、返情及公猪精液质量下降等症状"", ""抗生素治疗无效，初步怀疑为病毒病"", ""需进一步实验室检测确诊"", ""隔离患病猪只，防止疫情扩散"", ""暂停配种活动，待确诊并控制疫情后再恢复""], ""risk_flags"": [""传染病风险"", ""繁殖障碍风险""], ""case_type"": ""种猪繁殖障碍"", ""target_disease"": ""猪甲病毒相关感染"", ""local_flags"": {""species_ok"": true, ""target_disease_in_diagnosis"": true, ""target_disease_mismatch"": false, ""contains_specific_dose"": false, ""contains_specific_withdrawal"": false, ""regulated_bad_treatment"": false}}",False,False,,,True,False,False,D:\XF-ChongQin\ai-\knowledge\llm_wiki_swine_authoritative,1465,887,"猪甲病毒相关感染
猪甲病毒相关感染、togaviruses getah sagiyama ross river eee
种猪繁殖障碍
种猪场出现流产、死胎、返情或公猪异常，用户担心传染病和是否继续配种。","{""NEEDS_REVIEW"": 5}","[""SRC-0001""]",2057,52.37,ERNIE-4.5-Turbo-32K,88,28,18,23,20,False,True,"该回答在诊断准确性、病理逻辑、处方安全性和数据质量方面表现良好，整体符合测试数据有效性要求。诊断准确识别了猪甲病毒相关感染的可能性，并建议实验室检测确诊；病理逻辑合理，考虑了抗生素无效和病毒病特征；处方安全，强调对症治疗和支持疗法，并提出了有效的管理措施；数据质量较高，症状与疾病匹配，诊断逻辑清晰。
问题：诊断准确性方面，虽然识别了病毒病可能性，但未详细说明猪甲病毒相关感染的具体特征或与其他类似疾病的鉴别诊断。；病理逻辑方面，对症状与疾病关系的解释可以更深入，例如解释为何抗生素无效支持病毒病诊断。；数据质量方面，虽然场景标签和验证点全面，但风险标志中未明确提及人兽共患风险（尽管猪甲病毒相关感染通常不直接人兽共患，但应评估并说明）。",hunyuan-turbos-20250926,85,8,8.5,9,8.5,False,False,该数据整体真实可信，用户描述的种猪场流产、死胎、公猪精液质量下降等典型症状与猪甲病毒相关感染的临床表现相符，诊断思路正确，排除了细菌感染可能，并建议实验室检测确认。处方部分强调了对症支持治疗和严格的生物安全措施，避免了危险用药建议，安全性高。不足之处在于缺乏更详细的鉴别诊断说明以及人兽共患病风险评估的明确表述。,True,ERNIE-4.5-Turbo-32K,True,pass,该回答在诊断准确性、病理逻辑、处方安全性和数据质量方面表现良好，整体符合测试数据有效性要求。诊断准确识别了猪甲病毒相关感染的可能性，并建议实验室检测确诊；病理逻辑合理，考虑了抗生素无效和病毒病特征；处方安全，强调对症治疗和支持疗法，并提出了有效的管理措施；数据质量较高，症状与疾病匹配，诊断逻辑清晰。尽管存在未详细说明猪甲病毒相关感染的具体特征、与其他类似疾病的鉴别诊断、抗生素无效的机制解释不够深入以及未明确评估人兽共患病风险等轻微不足，但不影响整体判断，可判pass。,87.0,28,18,23,20,pass,19.65,22.89,
47a28014-460f-5f13-b72a-b69fe054d4e9,46,猪甲病毒相关感染,swine_hunyuan_turbos,hunyuan-turbos-20250926,成功,,猪,我家有200头育肥猪，平均体重70公斤左右，分两栋圈养。最近一周内，其中一栋陆续出现发热、精神沉郁、食欲下降的情况，体温普遍在40℃以上，部分猪皮肤发红，个别出现关节肿胀。之前用过阿莫西林饮水，效果不明显。请问这种情况能不能先当普通细菌感染处理观察几天？,根据描述，存在多猪同时发热、皮肤发红及关节肿胀等表现，提示可能为病毒性感染，需考虑猪甲病毒相关感染的可能性。该病为病毒病，目前缺乏特效治疗药物，且可能与多种病毒混合感染有关。由于涉及多栋圈舍短时间内多发，应警惕重大疫病风险，不宜直接按普通细菌病处理观察。,立即隔离发病猪群，停止随意使用抗生素；采集血液、鼻拭子、关节液等样本送实验室检测，明确病原类型；加强圈舍通风降温，减少应激；对全群进行健康监测，记录体温、采食量变化；禁止未经许可的调运和屠宰；如检测结果提示高风险或符合重大疫病特征，应按当地畜牧兽医部门要求进行封锁、扑杀和无害化处理。,因无具体药物使用方案，暂无休药期要求；若后续确诊并按规定用药，须遵循对应药物的官方休药期规定。,"{""disease_name"": ""猪甲病毒相关感染"", ""severity"": ""中等至严重"", ""scene_tags"": [""育肥猪"", ""多栋圈舍"", ""急性发热"", ""皮肤发红"", ""关节肿胀""], ""validation_points"": [""多猪同时发病且症状相似"", ""抗生素治疗无效"", ""存在高热和全身症状""], ""risk_flags"": [""可能涉及重大动物疫病"", ""存在跨圈传播风险""], ""case_type"": ""暴发与处置边界"", ""target_disease"": ""猪甲病毒相关感染"", ""local_flags"": {""species_ok"": true, ""target_disease_in_diagnosis"": true, ""target_disease_mismatch"": false, ""contains_specific_dose"": false, ""contains_specific_withdrawal"": false, ""regulated_bad_treatment"": false}}",False,False,,,True,False,False,D:\XF-ChongQin\ai-\knowledge\llm_wiki_swine_authoritative,1465,887,"猪甲病毒相关感染
猪甲病毒相关感染、togaviruses getah sagiyama ross river eee
暴发与处置边界
同栏或多栋猪舍短期内发病增多，用户询问是否能先按普通病治疗观察。","{""NEEDS_REVIEW"": 5}","[""SRC-0001""]",2057,25.29,ERNIE-4.5-Turbo-32K,88,28,18,24,18,False,True,"该回答对猪甲病毒相关感染的诊断较为准确，识别出病毒性感染的可能性，并指出不宜按普通细菌病处理观察。处理建议符合疫病防控原则，强调了隔离、检测和加强管理的重要性。数据质量较高，症状描述与疾病特征匹配，风险标识明确。
问题：诊断准确性方面，虽然识别出病毒性感染，但未完全排除其他病毒性疫病的可能性，可进一步细化鉴别诊断。病理逻辑方面，对疾病传播机制和病理过程的解释稍显不足。处方安全性方面，整体处理方向安全，但缺乏对具体症状（如关节肿胀）的针对性缓解措施。数据质量方面，症状描述全面，但缺乏对发病猪群比例和病程进展的详细记录。",hunyuan-turbos-20250926,85,90,80,95,85,False,False,该数据场景真实，用户描述了育肥猪群体性发热、皮肤发红、关节肿胀等症状，与猪甲病毒感染的典型表现相符。诊断识别了病毒性感染可能性，并正确指出不应简单按普通细菌感染处理，体现了较好的专业判断。处理建议包括隔离、送检、环境管理和疫情报告，符合生物安全和重大疫病防控要求，未给出危险用药建议。不足之处在于鉴别诊断不够细化，对病理机制解释较少，对关节肿胀等症状缺少对症支持措施。,True,ERNIE-4.5-Turbo-32K,True,pass,该回答对猪甲病毒相关感染的诊断较为准确，识别出病毒性感染的可能性，并指出不宜按普通细菌病处理观察，符合疫病防控原则。处理建议包括隔离、送检、环境管理和疫情报告，整体方向安全且合理。尽管存在鉴别诊断不够细化、病理机制解释不足及缺少对症支持措施等轻微不足，但不影响整体判断，数据质量较高。,87.0,28,18,24,18,pass,17.77,15.09,
3bd0e324-1157-5812-8e79-17a226fb00e9,453,猪疥螨病,swine_hunyuan_turbos,hunyuan-turbos-20250926,成功,,猪,我家有120头70日龄左右的育肥猪，最近发现部分猪精神差、采食量下降，身上有抓挠痕迹，耳朵边缘和背部皮肤发红、结痂，个别猪毛竖起像被虫子咬过一样，已经持续一周多，之前用过一次伊维菌素拌料驱虫，但效果不明显，圈舍比较潮湿，想问问是不是疥螨？该怎么治？,根据描述，考虑为猪疥螨病可能性大。该病在育肥猪常见，表现为剧烈瘙痒、皮肤红斑、结痂及角化过度，尤其在耳缘、体侧明显。疥螨感染可引起慢性消耗、生长缓慢，且皮肤刮片检查存在假阴性风险，应结合临床表现综合判断。,treatment_direction: 使用经批准的体外驱虫药物进行全群驱虫，并针对严重病例局部涂抹杀虫剂。；management_measures: 改善圈舍通风干燥条件，减少应激；对病猪与健康猪分栏管理，防止交叉接触；定期清理粪污并消毒环境。；sampling_and_testing: 采集病变部位皮肤刮片送实验室镜检，查找疥螨或虫卵；必要时做PCR检测排除其他皮肤病。；prohibited_boundaries: 严禁将疑似病猪随意出售或屠宰；不得使用未经许可的杀虫剂；若怀疑重大疫病或人畜共患病，应立即报告当地畜牧兽医部门。,按所用驱虫药物说明书规定的休药期执行，确保上市前停药时间充足。,"{""disease_name"": ""猪疥螨病"", ""severity"": ""中等至重度（影响生长性能，长期可致经济损失）"", ""scene_tags"": [""育肥猪"", ""群体发病"", ""皮肤瘙痒"", ""结痂"", ""生长迟缓""], ""validation_points"": [""瘙痒、红斑、结痂等典型皮肤病变"", ""圈舍潮湿易发的环境因素"", ""驱虫效果不佳提示可能为疥螨而非一般肠道寄生虫""], ""risk_flags"": [""传染性高，可通过直接接触传播"", ""环境控制不当易复发""], ""case_type"": ""寄生虫群体发病"", ""target_disease"": ""猪疥螨病"", ""local_flags"": {""species_ok"": true, ""target_disease_in_diagnosis"": true, ""target_disease_mismatch"": false, ""contains_specific_dose"": false, ""contains_specific_withdrawal"": false, ""regulated_bad_treatment"": false}}",False,False,,,True,False,False,D:\XF-ChongQin\ai-\knowledge\llm_wiki_swine_authoritative,1465,887,"猪疥螨病
猪疥螨病、external parasites mange
寄生虫群体发病
猪群出现腹泻、消瘦、皮肤瘙痒或生长慢，用户怀疑寄生虫。","{""HUMAN_REVIEWED"": 4}","[""SRC-0001"", ""SRC-0080""]",2221,29.38,ERNIE-4.5-Turbo-32K,88,28,18,23,20,False,True,"该回答整体表现良好，诊断准确性较高，症状与疾病匹配合理，诊断逻辑清晰，处理方向安全且与疾病相互印证。数据质量方面，场景描述、症状、诊断依据等均较为完整，但部分细节可进一步优化。
问题：diagnosis_accuracy: 诊断准确性较高，但未完全覆盖所有症状（如腹泻未明确解释是否与疥螨病直接相关）。；pathology_logic: 病理逻辑基本合理，但未详细说明疥螨病与皮肤症状的具体关联机制。；prescription_safety: 处方安全，但未明确具体驱虫药物名称及剂量，可能影响实际操作。；data_quality: 数据质量较好，但部分风险标志（如人兽共患风险）未提及，尽管猪疥螨病非人兽共患病，但应明确说明以增强完整性。",hunyuan-turbos-20250926,85,90,85,80,85,False,False,该数据整体真实可信，用户描述的养殖规模、日龄、症状与猪疥螨病的典型特征高度吻合，诊断结论合理，处理方案涵盖药物治疗、管理措施、采样检测和生物安全边界，无明显危险建议。不足之处在于未详细解释症状与病原的病理联系，以及未明确说明猪疥螨病非人兽共患病以打消疑虑。,True,ERNIE-4.5-Turbo-32K,True,pass,诊断准确性较高，症状与疾病匹配合理，处理方向安全且与疾病相互印证。尽管存在部分细节未深入解释（如疥螨病与皮肤症状的病理机制、未明确说明猪疥螨病非人兽共患病、未给出具体驱虫药物名称），但整体不影响数据的有效性和安全性，可通过补充说明进一步完善。,87.0,28,18,23,20,pass,20.81,22.15,
55480672-1172-511e-928f-c936b92cba29,260,猪痘,swine_hunyuan_turbos,hunyuan-turbos-20250926,成功,,猪,我家有120头70日龄左右的育肥猪，最近一周陆续有几头出现皮肤丘疹、结痂，主要集中在背部和耳部，体温正常，采食量略有下降。之前用了阿莫西林和多西环素拌料三天，没见明显好转。请问这种情况还能继续用这些药吗？会不会是别的病？,根据描述，符合猪痘的典型皮肤病变特征，且无明显全身症状，结合年龄和饲养环境，高度怀疑为猪痘病毒感染。该病由猪痘病毒引起，主要通过直接接触传播，潜伏期约7-14天，表现为局部丘疹、水疱、结痂等。,treatment_direction: 猪痘无特效抗病毒药物，主要采取支持性护理和环境管理。可加强营养，补充维生素A/E，提高抵抗力。；management_measures: 立即隔离发病猪，防止接触传播；对圈舍进行彻底清洁消毒，减少应激因素；保持通风干燥，降低湿度。；sampling_submission: 建议采集典型皮肤病变组织送实验室PCR检测，排除其他病毒性皮肤病（如伪狂犬病、圆环病毒病等）。；prohibited_boundaries: 禁止使用未经批准的兽药或超范围使用抗生素作为替代治疗；禁止在确诊前随意转群或出售。,因本病主要为支持性管理，不涉及特定药物停药期，但若曾使用抗生素需按相应药物规定执行休药期，并遵守当地食品安全法规。,"{""disease_name"": ""猪痘"", ""severity"": ""中等"", ""scene_tags"": [""育肥猪"", ""皮肤病变"", ""接触传播""], ""validation_points"": [""症状与猪痘典型表现一致"", ""抗生素治疗无效提示非细菌性病因"", ""需要实验室检测排除其他病毒病""], ""risk_flags"": [""可能通过直接接触扩散至同群猪""], ""case_type"": ""育肥猪用药咨询"", ""target_disease"": ""猪痘"", ""local_flags"": {""species_ok"": true, ""target_disease_in_diagnosis"": true, ""target_disease_mismatch"": false, ""contains_specific_dose"": false, ""contains_specific_withdrawal"": false, ""regulated_bad_treatment"": false}}",False,False,,,True,False,False,D:\XF-ChongQin\ai-\knowledge\llm_wiki_swine_authoritative,1465,887,"猪痘
猪痘、swinepox virus
育肥猪用药咨询
育肥猪出现典型症状，用户已经用过常见药物但效果一般，询问是否继续用药。","{""HUMAN_REVIEWED"": 4}","[""SRC-0001"", ""SRC-0012"", ""SRC-0015"", ""SRC-0051""]",2221,23.3,ERNIE-4.5-Turbo-32K,88,28,18,23,20,False,True,"该回答整体表现良好，诊断准确性较高，症状与猪痘典型表现一致，且考虑到了抗生素治疗无效提示非细菌性病因。病理逻辑合理，但可进一步细化鉴别诊断。处方安全，支持性护理和环境管理措施得当。数据质量较高，但可增加更多细节描述。
问题：病理逻辑中，虽然提到了需要实验室检测排除其他病毒病，但鉴别诊断部分可进一步细化，如详细描述伪狂犬病、圆环病毒病等与猪痘的鉴别要点。；数据质量方面，虽然整体描述清晰，但可增加更多关于猪群饲养环境、疫苗接种情况等细节描述，以更全面地评估病情。",hunyuan-turbos-20250926,85,90,80,90,80,False,False,"该案例场景真实，用户描述的皮肤丘疹、结痂及分布部位与猪痘典型症状相符，且排除了全身高热等细菌感染常见表现。诊断依据充分，病理推理基本合理，考虑了鉴别诊断并建议送检确认。处方以支持和环境管理为主，未给出危险用药建议，安全性高。不足之处在于鉴别诊断可更细致，背景信息不足可能影响全面评估。
问题：鉴别诊断部分可补充伪狂犬病、圆环病毒病等与猪痘的具体区别点，以增强说服力。；缺少关于猪群免疫史、饲养密度、近期应激事件等背景信息，影响综合判断。",True,ERNIE-4.5-Turbo-32K,both,pass,诊断准确性较高，症状与猪痘典型表现一致，且考虑到了抗生素治疗无效提示非细菌性病因。病理逻辑合理，处方安全，支持性护理和环境管理措施得当。虽然鉴别诊断部分可进一步细化，但不影响整体诊断和处置方向的安全性。,87.0,28,18,23,20,pass,16.2,13.0,
57e6d1a0-57cb-57bf-983c-cfa161c6085e,406,猪痘,swine_hunyuan_turbos,hunyuan-turbos-20250926,成功,,猪,我家有200多头育肥猪，平均体重在60公斤左右，分两栋圈养。最近一周内，第一栋里有十几头陆续出现皮肤丘疹、结痂，主要集中在背部和耳后，个别猪精神稍差，采食量下降。第二栋暂时没发现类似情况。之前用过一些维生素C和多维拌料，效果不明显。我想问问能不能先当普通皮肤病处理看看？,根据描述，考虑猪痘病毒感染可能性较大。该病由猪痘病毒引起，典型表现为皮肤上出现圆形隆起丘疹，逐渐发展为水疱、脓疱并结痂，多分布于体表无毛或少毛部位。病程一般自限性，但可影响生长性能。若未排除其他病毒性或细菌性皮肤病，应结合实验室检测确诊。,treatment_direction: 无特效抗病毒药物，以支持疗法为主，改善营养和饲养管理，减少应激，促进自愈。；management_measures: 将疑似病例与健康猪隔离，加强圈舍通风干燥，保持清洁，防止继发细菌感染。对结痂区域可用温和消毒剂清洗，避免机械损伤。；sampling_and_testing: 采集病变组织样本送实验室进行病毒学检测（如PCR），以明确病原并排除其他相似皮肤病（如伪狂犬病、猪丹毒等）。；prohibited_boundaries: 严禁擅自使用未经批准的兽药或人用药品；禁止随意剖检病死猪以防病原扩散；若为重大疫病或人兽共患病，应按当地畜牧部门规定立即上报。,本病无特效药物治疗，不涉及药物休药期问题。若使用支持性药物，应遵循相应产品说明及法规。,"{""disease_name"": ""猪痘"", ""severity"": ""中等"", ""scene_tags"": [""育肥猪"", ""皮肤病变"", ""群体散发""], ""validation_points"": [""皮肤丘疹、结痂分布特征符合猪痘典型表现"", ""病程自限性与支持疗法原则一致"", ""强调隔离与送检以排除其他病原""], ""risk_flags"": [""需警惕混合感染或误诊为其他烈性病"", ""若扩散迅速应考虑上报""], ""case_type"": ""暴发与处置边界"", ""target_disease"": ""猪痘"", ""local_flags"": {""species_ok"": true, ""target_disease_in_diagnosis"": true, ""target_disease_mismatch"": false, ""contains_specific_dose"": false, ""contains_specific_withdrawal"": false, ""regulated_bad_treatment"": false}}",False,False,,,True,False,False,D:\XF-ChongQin\ai-\knowledge\llm_wiki_swine_authoritative,1465,887,"猪痘
猪痘、swinepox virus
暴发与处置边界
同栏或多栋猪舍短期内发病增多，用户询问是否能先按普通病治疗观察。","{""HUMAN_REVIEWED"": 4}","[""SRC-0001"", ""SRC-0034"", ""SRC-0046"", ""SRC-0051"", ""SRC-0052""]",2220,31.09,ERNIE-4.5-Turbo-32K,88,28,18,23,20,False,True,"整体回答质量较高，诊断准确性、病理逻辑、处方安全性和数据质量均表现良好，无明显致命风险。诊断准确描述了猪痘的典型症状和病程，病理逻辑合理，处方安全且符合疾病特点，数据质量较高，提供了详细的场景标签和验证点。
问题：诊断准确性方面，虽然描述了猪痘的典型症状，但未完全排除其他病毒性或细菌性皮肤病的可能性，仅提到应结合实验室检测确诊，未充分强调鉴别诊断的重要性。；病理逻辑方面，对病程自限性的解释较为简单，未详细说明支持疗法如何促进自愈。；数据质量方面，风险标志中提到需警惕混合感染或误诊为其他烈性病，但未具体说明可能误诊的疾病类型。；处方安全性方面，虽然提到了严禁擅自使用未经批准的兽药或人用药品，但未明确说明支持性药物的具体使用方法和注意事项。",hunyuan-turbos-20250926,85,90,85,90,80,False,False,该数据整体真实可信，用户描述的场景与猪痘临床表现高度吻合，诊断思路正确，处理方案安全且包含必要的生物安全措施。不足之处在于鉴别诊断和风险提示不够细化，部分细节缺乏深入解释。,True,ERNIE-4.5-Turbo-32K,True,pass,整体回答质量较高，诊断准确性、病理逻辑、处方安全性和数据质量均表现良好，无明显致命风险。诊断准确描述了猪痘的典型症状和病程，病理逻辑合理，处方安全且符合疾病特点，数据质量较高。尽管在鉴别诊断、病程自限性解释和风险提示方面存在轻微不足，但不影响整体方向和安全性，可通过后续优化提升质量。,87.0,28,18,23,20,pass,20.66,27.71,
efed52d9-21b6-5ba5-bf5e-f59bff802a15,41,猪痘,swine_hunyuan_turbos,hunyuan-turbos-20250926,成功,,猪,我家有80头育肥猪，平均体重在50公斤左右，最近几天发现部分猪背部、耳缘出现红色丘疹，有的已经结痂，个别猪精神稍差但不发烧，之前用过阿莫西林拌料三天没见好转。想问这种情况是不是猪痘？该采哪些样品送检才能确诊？怕误诊耽误处理。,根据描述，皮肤出现丘疹、结痂且分布局限，结合未发热、抗生素无效等特征，高度怀疑为猪痘病毒感染。该病多见于卫生条件较差的环境，可通过直接接触或猪虱等机械媒介传播。需通过实验室检测排除其他皮肤病及继发感染。,treatment_direction: 目前无特效抗病毒药物，以支持疗法为主，改善饲养环境，减少应激，防止继发细菌感染。；management_measures: 加强圈舍清洁消毒，驱除体外寄生虫（如猪虱），隔离发病猪，避免与健康猪混养。；sampling_submission: 采集典型病变皮肤组织（含痂皮及周围健康组织）、全血样本送实验室进行PCR检测及病理学检查，必要时同时采集疑似媒介昆虫。；prohibited_boundaries: 禁止将疑似病例直接按细菌性疾病长期投喂广谱抗生素；禁止在未确诊前随意使用激素类药物掩盖症状。,由于本病主要采取支持性管理和环境控制，不涉及特定化学药物停药问题，无需标注常规休药期。但若曾用抗生素，应遵守相应药物的停药规定。,"{""disease_name"": ""猪痘"", ""severity"": ""中等"", ""scene_tags"": [""育肥猪"", ""皮肤病变"", ""抗生素治疗无效"", ""环境管理""], ""validation_points"": [""皮肤丘疹伴结痂，分布局限"", ""抗生素治疗无效且无高热"", ""存在卫生条件差及潜在虫媒因素""], ""risk_flags"": [""易误诊为细菌性皮炎"", ""存在传播风险需隔离""], ""case_type"": ""采样送检咨询"", ""target_disease"": ""猪痘"", ""local_flags"": {""species_ok"": true, ""target_disease_in_diagnosis"": true, ""target_disease_mismatch"": false, ""contains_specific_dose"": false, ""contains_specific_withdrawal"": false, ""regulated_bad_treatment"": false}}",False,False,,,True,False,False,D:\XF-ChongQin\ai-\knowledge\llm_wiki_swine_authoritative,1465,887,"猪痘
猪痘、swinepox virus
采样送检咨询
用户描述症状后，重点询问采什么样品、如何判断和如何避免误治。","{""HUMAN_REVIEWED"": 4}","[""SRC-0009"", ""SRC-0012"", ""SRC-0051""]",2221,23.13,ERNIE-4.5-Turbo-32K,88,28,18,23,20,False,True,"整体回答质量较高，诊断准确性、处方安全性和数据质量均表现良好，病理逻辑稍显不足但不影响整体判断。无致命风险，符合通过标准。
问题：病理逻辑部分对猪痘的传播途径和继发感染风险分析不够深入，缺乏对其他类似皮肤病的详细鉴别诊断。；数据质量部分对用户查询的响应不够全面，例如未明确提及猪痘的典型流行季节或地区分布信息。",hunyuan-turbos-20250926,85,90,75,95,80,False,False,"回答总体准确，诊断思路合理，处方措施安全，并明确了采样送检方法和安全用药禁忌。但病理机制解释较浅，缺少与其他皮肤病的鉴别细节，以及流行病学背景补充。
问题：病理逻辑中对猪痘传播途径、继发感染风险的分析不够深入；缺乏对猪痘流行季节、地区分布的说明；未详细列出需要鉴别的其他常见猪皮肤病",True,ERNIE-4.5-Turbo-32K,True,pass,整体回答质量较高，诊断准确性、处方安全性和数据质量均表现良好，尽管病理逻辑部分对猪痘的传播途径和继发感染风险分析不够深入，缺乏对其他类似皮肤病的详细鉴别诊断，以及未明确提及猪痘的典型流行季节或地区分布信息，但这些不足不影响整体判断，无致命风险，符合通过标准。,87.0,28,18,23,20,pass,15.85,15.91,
ed1783e1-2644-5b8e-b85c-22891e27dd4d,233,猪痢疾,swine_hunyuan_turbos,hunyuan-turbos-20250926,成功,,猪,我这边是河南一个育肥场，存栏大概800头，现在有一批60公斤左右的猪出现腹泻，粪便是带血的黏液便，有的还有腥臭味，已经持续三四天了，刚开始只有几头，现在发展到二十多头。圈舍通风一般，最近没换饲料，之前用过泰妙菌素拌料防呼吸道病。我想知道这种情况是不是猪痢疾？该采哪些样品去化验？怎么才能确定是真痢疾而不是别的肠炎？另外怕乱用药耽误病情，想先搞清楚再决定下一步。,根据描述的血性黏液便、腥臭气味及群体扩散趋势，结合饲养环境和用药史，高度怀疑为猪痢疾（Swine Dysentery），可能由强β溶血性Brachyspira属细菌（如B. hyodysenteriae、B. hampsonii或B. suanatina）引起。确诊需实验室在典型病变猪的结肠黏膜刮取物或新鲜粪便中检测到强β溶血Brachy-spira。,treatment_direction: 在确诊前不建议立即使用抗生素，以免掩盖症状并干扰病原分离鉴定。若确诊为猪痢疾，可选择对强β溶血Brachyspira有效的抗菌方案，并结合改善卫生管理以减少传播。；management_measures: 立即将发病猪与健康猪分栏隔离，减少交叉污染；加强圈舍清洁消毒，尤其是地面和饮水系统；暂停使用可能抑制肠道菌群的药物，保持良好通风和温湿度控制。；sampling_and_testing: 优先采集有明显血便和肠黏膜病变的猪的新鲜粪便样本，同时可在剖检时取病变结肠黏膜进行压片镜检和培养，送实验室做强β溶血Brachyspira PCR或培养鉴定。；contraindications_and_boundaries: 在未获得实验室确诊结果前，禁止使用广谱抗生素作为经验性治疗；若检测结果确认为猪痢疾，应依据当地法规决定是否上报并采取相应生物安全措施；严禁私自销售或转运可疑病猪。,因未明确具体药物种类与剂量，无法给出确切休药期，须待实验室确诊并选用合规药物后，按药品说明书及国家相关规定执行。,"{""disease_name"": ""猪痢疾"", ""severity"": ""中等至严重（可造成生长迟缓和经济损失）"", ""scene_tags"": [""育肥猪"", ""血性黏液便"", ""群体感染"", ""疑似细菌性肠炎""], ""validation_points"": [""症状符合猪痢疾典型表现（血性黏液便、腥臭）"", ""存在群体扩散趋势提示传染性病因"", ""需通过强β溶血Brachyspira检测确诊""], ""risk_flags"": [""潜在重大动物疫病风险"", ""未经确诊前禁止随意用药"", ""需防止疫情扩散""], ""case_type"": ""采样送检咨询"", ""target_disease"": ""猪痢疾"", ""local_flags"": {""species_ok"": true, ""target_disease_in_diagnosis"": true, ""target_disease_mismatch"": false, ""contains_specific_dose"": false, ""contains_specific_withdrawal"": false, ""regulated_bad_treatment"": false}}",False,False,,,True,False,False,D:\XF-ChongQin\ai-\knowledge\llm_wiki_swine_authoritative,1465,887,"猪痢疾
猪痢疾、swine dysentery brachyspira hyodysenteriae、swine dysentery、Brachyspira
采样送检咨询
用户描述症状后，重点询问采什么样品、如何判断和如何避免误治。","{""HUMAN_REVIEWED"": 2}","[""SRC-0001"", ""SRC-0077""]",2221,37.82,ERNIE-4.5-Turbo-32K,88,28,18,23,20,False,True,"该回答在诊断准确性、病理逻辑、处方安全性和数据质量方面表现良好，整体符合猪痢疾的测试数据要求。诊断基于症状、环境及用药史，高度怀疑猪痢疾，并建议实验室确诊，逻辑合理。处方安全，强调确诊前不使用抗生素，避免干扰诊断，并提出隔离、消毒等管理措施。数据质量较高，症状描述详细，风险标识明确。
问题：diagnosis_accuracy: 诊断部分虽提及多种Brachyspira属细菌，但未明确主要致病菌B. hyodysenteriae的优先级，可能影响诊断精准性。；pathology_logic: 病理逻辑部分对猪痢疾的传播途径和易感猪群特征描述不够详细，如未提及猪痢疾主要通过粪便传播及各阶段猪均易感。；prescription_safety: 处方安全部分虽提到确诊后选择有效抗菌方案，但未给出具体药物示例，可能影响实际操作的指导性。；data_quality: 数据质量部分场景标签和验证点较全面，但风险标识中‘潜在重大动物疫病风险’未明确说明猪痢疾的疫病地位，可能影响对风险的认知。",hunyuan-turbos-20250926,85,8,8,9,8,True,False,该数据整体真实可信，用户描述了典型的猪痢疾临床症状（血性黏液便、腥臭、群体扩散）、环境与用药背景，诊断指向性强且提示实验室确诊，处方建议谨慎、无危险用药指导，并强调了生物安全和隔离措施，符合安全边界要求。不足之处在于诊断中对主要致病菌的优先级表述不够突出，传播途径与易感群体细节不足，以及未明确猪痢疾的疫病级别。,True,ERNIE-4.5-Turbo-32K,True,pass,该回答在诊断准确性、病理逻辑、处方安全性和数据质量方面表现良好，符合猪痢疾的测试数据要求。诊断基于症状、环境及用药史，高度怀疑猪痢疾，并建议实验室确诊，逻辑合理。处方安全，强调确诊前不使用抗生素，避免干扰诊断，并提出隔离、消毒等管理措施。数据质量较高，症状描述详细，风险标识明确。尽管存在诊断中对主要致病菌优先级表述不够突出、传播途径与易感群体细节不足、未提供具体药物示例以及未明确猪痢疾疫病级别等轻微不足，但不影响整体判断，可判为pass。,87.0,28,18,23,20,pass,26.38,23.69,
20bf8b9a-41a0-543b-a289-f339c2110217,306,猪痢疾,swine_hunyuan_turbos,hunyuan-turbos-20250926,成功,,猪,我家有200头80公斤左右的育肥猪，这几天陆续出现拉稀带血、粪便稀薄带黏液的情况，部分猪精神差、食欲下降，已经持续四五天了。圈舍通风一般，最近没换饲料，之前用过一些土霉素拌料，效果不明显。现在离计划出栏只剩十来天，这种情况还能治吗？会不会影响卖猪？,根据描述的症状（血性腹泻、黏液便、食欲减退）、群体发病及病程特点，高度怀疑为猪痢疾。该病由强β溶血性Brachyspira属细菌（包括B. hyodysenteriae、B. hampsonii、B. suanatina）引起，典型病变在结肠，需结合剖检及实验室检测（如结肠黏膜涂片染色观察强β溶血菌）确诊。,建议立即将病猪与健康猪分群管理，减少应激，改善圈舍通风与卫生，防止交叉污染。尽快采集典型病例的新鲜粪便或结肠内容物送实验室进行强β溶血Brachyspira检测，明确病原种类。若确诊为猪痢疾，可在兽医指导下选用对Brachyspira有效的抗生素进行治疗，并严格执行停药期规定后方可出栏。严禁使用未经批准的兽药或在临近出栏时随意投药，以免违反食品安全法规。对于疑似重大疫情，应按规定向当地动物防疫部门报告，必要时采取隔离、消毒等措施。,任何药物治疗均须遵守相应兽药的休药期规定，并在兽医指导下执行，确保猪肉产品符合食品安全标准方可上市销售。,"{""disease_name"": ""猪痢疾"", ""severity"": ""中等至严重（可导致生长迟缓、死亡，经济损失大）"", ""scene_tags"": [""育肥猪"", ""群体发病"", ""血性腹泻"", ""临近出栏""], ""validation_points"": [""症状与猪痢疾典型表现一致"", ""需实验室检测强β溶血Brachyspira确诊"", ""治疗前需考虑休药期与食品安全""], ""risk_flags"": [""临近出栏期用药需谨慎，避免违规销售"", ""存在群体传播风险，需及时隔离防控"", ""疑似重大疫病需按程序上报""], ""case_type"": ""上市休药期咨询"", ""target_disease"": ""猪痢疾"", ""local_flags"": {""species_ok"": true, ""target_disease_in_diagnosis"": true, ""target_disease_mismatch"": false, ""contains_specific_dose"": false, ""contains_specific_withdrawal"": false, ""regulated_bad_treatment"": false}}",False,False,,,True,False,False,D:\XF-ChongQin\ai-\knowledge\llm_wiki_swine_authoritative,1465,887,"猪痢疾
猪痢疾、swine dysentery brachyspira hyodysenteriae、swine dysentery、Brachyspira
上市休药期咨询
用户接近出栏，关心治疗方向和用药后能否出栏销售。","{""HUMAN_REVIEWED"": 2}","[""SRC-0001"", ""SRC-0077""]",2221,30.36,ERNIE-4.5-Turbo-32K,88,28,18,23,20,False,True,"整体回答质量较高，诊断准确性、病理逻辑、处方安全性和数据质量均表现良好，无明显致命风险，符合通过标准。
问题：诊断准确性方面，虽然症状描述与猪痢疾典型表现一致，但未明确提及实验室检测的必要性在诊断中的权重，略显不足。；病理逻辑方面，对猪痢疾的病理机制解释不够深入，如未详细阐述强β溶血Brachyspira属细菌如何导致结肠病变。；处方安全性方面，虽然强调了遵守休药期规定和兽医指导，但对具体抗生素的选择和使用剂量未给出明确建议，可能让用户感到困惑。；数据质量方面，回答内容较为全面，但部分信息如“严禁使用未经批准的兽药”等，虽重要但略显笼统，未具体说明哪些兽药未经批准。",hunyuan-turbos-20250926,85,90,80,85,85,False,False,该回答整体科学严谨，诊断依据充分且与用户描述的临床症状吻合，处方建议合理且包含必要的生物安全和法规提醒，无危险用药建议。不足之处在于对实验室确诊的重要性强调不够，病理机制解释较浅，以及部分表述偏笼统。,True,ERNIE-4.5-Turbo-32K,True,pass,整体回答科学严谨，诊断依据与用户描述的临床症状吻合，处方建议合理且包含必要的生物安全和法规提醒，无危险用药建议。尽管在实验室检测必要性、病理机制解释和禁用兽药具体范围方面存在轻微不足，但不影响整体质量和安全性，符合通过标准。,87.0,28,18,23,20,pass,21.51,16.35,
193c5d69-72b5-5894-85cd-521391627da1,379,猪痢疾,swine_hunyuan_turbos,hunyuan-turbos-20250926,成功,,猪,我家是120头60日龄左右的保育猪，这几天陆续有猪拉稀，粪便带黏液血丝，精神差、吃料慢，圈舍温度偏低且通风不好，之前用过恩诺沙星拌料三天效果不明显，想问下可能是什么病，该怎么处理？,根据描述的腹泻带血丝、黏液、精神食欲下降及环境因素，结合年龄阶段，高度怀疑为猪痢疾（Swine Dysentery），病原可能为强β溶血性Brachyspira属细菌（如B. hyodysenteriae、B. hampsonii或B. suanatina）。确诊需采集典型病变猪的新鲜粪便或结肠黏膜进行实验室培养及PCR检测，确认强β溶血Brachypspira的存在。,立即将病猪与健康猪分栏管理，减少应激，改善圈舍保温与通风；停喂霉变饲料，保证饮水清洁；对全群加强生物安全措施，防止水平传播。尽快采集典型病例样本送实验室确诊，依据检测结果选择敏感抗生素进行治疗（禁止自行使用未经许可的药物）；同时清理粪污并彻底消毒。若确诊为猪痢疾，应执行严格的隔离、病死猪无害化处理及污染区域彻底清洗消毒，必要时按当地畜牧部门指导采取进一步措施。,待实验室确诊后，依据所用药物种类及官方规定确定停药期，期间不得屠宰或出售。,"{""disease_name"": ""猪痢疾"", ""severity"": ""中等至严重"", ""scene_tags"": [""保育猪"", ""群体发病"", ""腹泻带血"", ""黏液便"", ""低温高湿""], ""validation_points"": [""症状符合猪痢疾典型表现（血便、黏液、精神食欲下降）"", ""年龄阶段与保育猪常见感染相符"", ""环境应激因素可加重病情""], ""risk_flags"": [""需实验室确诊排除其他肠道病"", ""存在重大细菌病传播风险，需严格生物安全"", ""涉及潜在法定疫病防控边界，须配合主管部门""], ""case_type"": ""保育猪群体发病"", ""target_disease"": ""猪痢疾"", ""local_flags"": {""species_ok"": true, ""target_disease_in_diagnosis"": true, ""target_disease_mismatch"": false, ""contains_specific_dose"": false, ""contains_specific_withdrawal"": false, ""regulated_bad_treatment"": false}}",False,False,,,True,False,False,D:\XF-ChongQin\ai-\knowledge\llm_wiki_swine_authoritative,1465,887,"猪痢疾
猪痢疾、swine dysentery brachyspira hyodysenteriae、swine dysentery、Brachyspira
保育猪群体发病
群体发病、采食下降、粪便或呼吸道异常，用户想知道主要病因和下一步处理。","{""HUMAN_REVIEWED"": 2}","[""SRC-0001"", ""SRC-0077""]",2221,38.86,ERNIE-4.5-Turbo-32K,88,28,18,23,20,False,True,"该回答整体上对猪痢疾的诊断、处理方向和生物安全措施有较为准确的描述，符合测试数据有效性的要求。诊断依据症状、年龄阶段和环境因素，高度怀疑猪痢疾，并建议实验室确诊，符合诊断逻辑。处理方向包括隔离、改善环境、生物安全措施和实验室确诊后选择敏感抗生素，安全且与疾病相互印证。数据质量方面，症状描述、年龄阶段和环境因素均与猪痢疾相符，但缺乏具体药物选择和剂量信息。
问题：诊断准确性方面，虽然高度怀疑猪痢疾，但未完全排除其他肠道病，如猪传染性胃肠炎或猪流行性腹泻，尽管这些疾病在保育猪中症状可能有所不同，但仍需实验室确诊以完全确认。；病理学逻辑方面，回答中提到了环境应激因素可加重病情，但未详细解释这些因素如何具体影响猪痢疾的发生和发展。；处方安全性方面，虽然建议了实验室确诊后选择敏感抗生素，但未提供具体药物名称和剂量，这在实际操作中可能不够明确。；数据质量方面，虽然症状描述、年龄阶段和环境因素均与猪痢疾相符，但缺乏具体药物选择和剂量信息，可能影响实际操作的准确性。",hunyuan-turbos-20250926,85,90,80,90,85,False,False,该数据整体真实可信，用户提供的症状、年龄、环境和用药史与猪痢疾的典型表现一致，诊断思路合理，强调实验室确诊和生物安全措施，避免盲目用药，符合安全规范。不足之处在于未充分讨论鉴别诊断，也未深入解释环境与病原致病机制的关系，部分细节略显笼统。,True,ERNIE-4.5-Turbo-32K,True,pass,该回答对猪痢疾的诊断、处理方向和生物安全措施有较为准确的描述，符合测试数据有效性的要求。诊断依据症状、年龄阶段和环境因素，高度怀疑猪痢疾，并建议实验室确诊，符合诊断逻辑。处理方向包括隔离、改善环境、生物安全措施和实验室确诊后选择敏感抗生素，安全且与疾病相互印证。尽管未充分讨论鉴别诊断和未详细解释环境应激因素如何具体影响猪痢疾的发生和发展，但整体方向正确，不影响数据可用性。,87.0,28,18,23,20,pass,26.44,18.85,
03b1c871-c68b-5d2a-930e-55d21ca82419,209,猪类圆线虫病,swine_hunyuan_turbos,hunyuan-turbos-20250926,成功,,猪,我家是200头母猪自繁自养场，最近刚断奶的保育猪（约35日龄，平均体重8公斤左右）有10多头陆续拉稀，开始是黄色稀便，后来变成水样，有的猪精神差、不吃料，还有几头明显消瘦、皮肤发白。圈舍湿度大，通风一般，前几天用过恩诺沙星拌料，效果不明显。想问下这是啥原因？该怎么处理？,根据描述，该批保育猪在断奶应激、圈舍潮湿环境下出现群体性水样腹泻、采食下降及脱水表现，结合常见病因分析，高度怀疑为猪类圆线虫病（Strongyloides ransomi感染）。该病多见于哺乳期至保育早期，通过粪口途径传播，可导致肠黏膜损伤、消化吸收障碍和继发细菌性肠炎。需与病毒性腹泻（如PEDV）、球虫病等鉴别。,treatment_direction: 针对寄生虫感染进行驱虫治疗，同时控制继发细菌感染，改善饲养管理以减少应激。；management_measures: 立即将病猪与健康猪分群隔离，清理并消毒圈舍地面与饮水设备，保持干燥通风，提高环境温度以缓解仔猪冷应激，确保清洁饮水，必要时补充电解质溶液防止脱水。；sampling_and_testing: 采集新鲜粪便样品送实验室进行虫卵镜检或黏膜刮片检查，必要时做PCR检测以确诊病原体种类。；contraindications_and_boundaries: 严禁使用未经批准的驱虫药物；若检出法定重大疫病或人兽共患病，应立即向当地畜牧兽医部门报告，不得擅自处置。,因涉及具体药物选择，应依据所用驱虫药说明书及国家相关规定执行相应停药期，并在出栏前确保符合食品安全标准。,"{""disease_name"": ""猪类圆线虫病"", ""severity"": ""中等偏重（群体发生、影响生长性能）"", ""scene_tags"": [""保育猪"", ""群体腹泻"", ""潮湿环境"", ""断奶应激""], ""validation_points"": [""临床表现与水样腹泻、采食下降相符"", ""环境与易感阶段匹配"", ""与病毒性腹泻、球虫病可鉴别""], ""risk_flags"": [""潜在继发细菌感染"", ""高湿环境易复发""], ""case_type"": ""腹泻群体发病"", ""target_disease"": ""猪类圆线虫病"", ""local_flags"": {""species_ok"": true, ""target_disease_in_diagnosis"": true, ""target_disease_mismatch"": false, ""contains_specific_dose"": false, ""contains_specific_withdrawal"": false, ""regulated_bad_treatment"": false}}",False,False,,,True,False,False,D:\XF-ChongQin\ai-\knowledge\llm_wiki_swine_authoritative,1465,887,"猪类圆线虫病
猪类圆线虫病、strongyloides internal parasites
腹泻群体发病
同窝或同栏出现水样腹泻、脱水、采食下降，用户想知道主要病因和紧急处理。","{""HUMAN_REVIEWED"": 1, ""NEEDS_REVIEW"": 4}","[""SRC-0001"", ""SRC-0006"", ""SRC-0082""]",2056,26.66,ERNIE-4.5-Turbo-32K,88,28,18,24,18,False,True,"该回答整体表现良好，诊断准确性较高，症状与疾病匹配合理，诊断逻辑清晰，处理方向安全且与疾病相互印证。数据质量方面，场景描述和验证点较为全面，但部分细节可进一步优化。
问题：diagnosis_accuracy: 诊断中虽提到需与病毒性腹泻（如PEDV）、球虫病等鉴别，但未明确说明鉴别方法或依据，略显不足。；pathology_logic: 病理逻辑部分对类圆线虫病的传播途径和致病机制描述较为简略，可进一步细化。；data_quality: 数据质量方面，场景标签和验证点较为全面，但风险标志部分仅提到潜在继发细菌感染和高湿环境易复发，未涵盖所有人兽共患风险等关键点。",hunyuan-turbos-20250926,85,90,85,90,80,False,False,该案例场景真实，症状与猪类圆线虫病高度吻合，诊断思路清晰且考虑了鉴别诊断，处理方案安全合理，包含隔离、环境改善、采样检测和法规提示，无危险用药建议。不足之处在于鉴别方法和病原学机制描述较简略，风险提醒未覆盖全部人兽共患或重大疫病可能。,True,ERNIE-4.5-Turbo-32K,True,pass,该回答诊断准确性较高，症状与疾病匹配合理，诊断逻辑清晰，处理方向安全且与疾病相互印证。虽然存在鉴别诊断方法未明确、病理机制描述简略、风险提醒未覆盖全部人兽共患或重大疫病可能等轻微不足，但整体内容完整且安全，不影响数据可用性。,87.0,28,18,24,18,pass,16.63,18.41,
7c6dd04b-acbb-53a7-bcc5-17f0dbd31242,152,猪繁殖与呼吸综合征,swine_hunyuan_turbos,hunyuan-turbos-20250926,成功,,猪,我家有200多头90公斤左右的育肥猪，最近半个月陆续出现咳嗽、喘气、体温升高的情况，用了替米考星和多西环素后症状有所缓解但停药又反复。圈舍通风一般，湿度偏高。想请教一下这种情况应该采集哪些样品送检？另外怎么判断是不是PRRS跟其他病原的混合感染？,结合临床表现（咳嗽、喘气、发热）、用药反应及饲养管理条件，考虑为猪繁殖与呼吸综合征（PRRS）合并其他呼吸道病原（如猪流感病毒、支原体、副猪嗜血杆菌等）引起的混合感染。PRRSV可导致免疫抑制，易继发细菌感染，造成病情迁延不愈。,treatment_direction: 控制继发细菌感染，改善圈舍通风与温湿度管理，减少应激因素。；management_measures: 加强通风换气，降低湿度，分群饲养以减少交叉感染；保证饲料营养充足，提高机体抵抗力。；sampling_for_testing: 建议采集鼻拭子、肺组织、扁桃体或支气管灌洗液进行PCR检测，检测项目包括PRRSV、猪流感病毒、支原体、副猪嗜血杆菌、巴氏杆菌等常见呼吸道病原，必要时加做钩端螺旋体、圆环病毒等。；contraindications_boundaries: 发现高热、急性死亡或大面积发病时，应第一时间向当地动物防疫部门报告，不可自行处理或销售，防止疫情扩散。,无具体药物使用，暂无休药期说明。若后续使用抗生素，应按药品说明书执行并遵守食品安全规定。,"{""disease_name"": ""猪繁殖与呼吸综合征"", ""severity"": ""中等至严重（视继发感染程度而定）"", ""scene_tags"": [""育肥猪"", ""呼吸道症状"", ""混合感染"", ""PRRS"", ""采样送检""], ""validation_points"": [""PRRSV可引起免疫抑制，导致继发细菌感染"", ""混合感染在育肥猪中常见且症状复杂"", ""采样应覆盖多种呼吸道病原以便鉴别诊断""], ""risk_flags"": [""潜在重大动物疫病风险（PRRS属二类疫病）"", ""可能伴随人畜共患病传播风险（如钩端螺旋体）""], ""case_type"": ""呼吸道采样送检"", ""target_disease"": ""猪繁殖与呼吸综合征"", ""local_flags"": {""species_ok"": true, ""target_disease_in_diagnosis"": true, ""target_disease_mismatch"": false, ""contains_specific_dose"": false, ""contains_specific_withdrawal"": false, ""regulated_bad_treatment"": false}}",False,False,,,True,False,False,D:\XF-ChongQin\ai-\knowledge\llm_wiki_swine_authoritative,1465,887,"猪繁殖与呼吸综合征
猪繁殖与呼吸综合征、porcine reproductive and respiratory syndrome viruses、PRRS、蓝耳病
呼吸道采样送检
呼吸道症状持续，用药效果不稳定，用户询问采什么样品和如何鉴别混合感染。","{""HUMAN_REVIEWED"": 2, ""NEEDS_REVIEW"": 2}","[""A0-MOA-573"", ""SRC-0001"", ""SRC-0026"", ""SRC-0049""]",2221,31.28,ERNIE-4.5-Turbo-32K,88,28,18,24,18,False,True,"该回答整体表现良好，诊断准确性较高，对猪繁殖与呼吸综合征（PRRS）及其混合感染的判断合理。病理逻辑基本清晰，但部分细节可进一步优化。处方安全性较高，管理措施和采样建议合理。数据质量方面，信息完整但部分细节可提升。未发现致命风险。
问题：诊断准确性方面，虽然整体判断正确，但对混合感染的具体病原分析可更深入，例如未明确提及PRRSV与继发感染病原的相互作用机制。；病理逻辑方面，对PRRSV导致免疫抑制的机制描述较简略，未充分解释为何易继发细菌感染。；处方安全性方面，未提及具体药物的使用剂量和疗程，仅提到按药品说明书执行，略显笼统。；数据质量方面，风险标志中提到的人畜共患病传播风险（如钩端螺旋体）未在诊断或处方中充分体现，信息一致性可提升。",hunyuan-turbos-20250926,85,4.5,4.2,4.8,4.3,False,False,该回答在诊断上准确识别了PRRS及可能的混合感染，并结合临床表现与管理条件给出了合理的推测。病理逻辑总体成立，但免疫抑制与继发感染的关系阐述不够深入。处方方向安全，强调了环境改善与防控上报，未给出具体药物剂量，避免了直接用药风险。数据完整性较好，但在人畜共患病风险提示与检测建议的一致性上有提升空间。,True,ERNIE-4.5-Turbo-32K,True,pass,诊断准确识别了猪繁殖与呼吸综合征（PRRS）及可能的混合感染，并结合临床表现与管理条件给出了合理推测。病理逻辑总体成立，处方方向安全，管理措施和采样建议合理，未发现致命风险。尽管在PRRSV免疫抑制机制与继发感染关系的解释、不同病原检测意义的区分以及人畜共患病风险提示与检测建议的一致性上存在轻微不足，但不影响整体判断，可通过。,87.0,28,18,24,18,pass,20.99,16.66,
70bd693c-0ff4-548f-ae94-d7b9a49e9a4c,225,猪繁殖与呼吸综合征,swine_hunyuan_turbos,hunyuan-turbos-20250926,成功,,猪,我家有200头60日龄左右的保育猪，圈舍通风不太好，最近早晚温差大，氨味也挺重的。这几天陆续有几头出现咳嗽、喘气，有的还发烧到40度左右，精神有点沉郁。之前用过一些抗生素拌料，效果不明显。这种情况是环境问题还是可能感染了什么病？该怎么处理？,结合日龄、症状及环境情况，考虑猪繁殖与呼吸综合征（PRRS）可能性较大，同时需排除猪支原体肺炎、猪流感等其他呼吸道病原混合感染。当前环境应激因素（通风不良、温差大、高氨浓度）会诱发或加重本病发生。,立即改善圈舍通风，降低氨气浓度，减少昼夜温差刺激；对发病猪进行分群管理，防止交叉感染；采集鼻拭子、血液样本送实验室检测PRRSV及其他常见呼吸道病原；在确诊前避免使用未经许可的抗病毒药物，严禁使用违禁药品；若确诊为PRRS，应依据当地畜牧部门要求进行疫情报告和防控指导，必要时配合扑杀和无害化处理措施。,无具体药物使用，暂无休药期要求；如后续使用合法兽药，须遵守标签规定的休药期。,"{""disease_name"": ""猪繁殖与呼吸综合征"", ""severity"": ""中等至严重"", ""scene_tags"": [""保育猪"", ""呼吸道症状"", ""环境应激"", ""多病原混合感染风险""], ""validation_points"": [""保育猪为PRRS易感群体"", ""咳嗽、喘气、发热符合PRRS临床表现"", ""环境应激可诱发或加重PRRS流行""], ""risk_flags"": [""重大动物疫病风险"", ""需实验室确诊"", ""存在人畜共患病排查必要""], ""case_type"": ""呼吸道环境诱因"", ""target_disease"": ""猪繁殖与呼吸综合征"", ""local_flags"": {""species_ok"": true, ""target_disease_in_diagnosis"": true, ""target_disease_mismatch"": false, ""contains_specific_dose"": false, ""contains_specific_withdrawal"": false, ""regulated_bad_treatment"": false}}",False,False,,,True,False,False,D:\XF-ChongQin\ai-\knowledge\llm_wiki_swine_authoritative,1465,887,"猪繁殖与呼吸综合征
猪繁殖与呼吸综合征、porcine reproductive and respiratory syndrome viruses、PRRS、蓝耳病
呼吸道环境诱因
通风差、氨气重或温差大后出现咳嗽喘气，用户想区分环境应激和传染病。","{""HUMAN_REVIEWED"": 2, ""NEEDS_REVIEW"": 2}","[""A0-MOA-573"", ""A1-WOAH-PRRS-DISEASE"", ""SRC-0001"", ""SRC-0023""]",2221,27.61,ERNIE-4.5-Turbo-32K,88,28,18,23,20,False,True,"该回答在诊断准确性、病理逻辑、处方安全性和数据质量方面表现良好，整体符合测试数据有效性要求。诊断考虑了日龄、症状及环境因素，并排除了其他可能的呼吸道病原，符合真实场景需求。病理逻辑合理，处方安全且与疾病相互印证，数据质量较高。
问题：诊断准确性方面，虽然考虑了多种因素，但未完全排除所有可能的呼吸道病原，如猪传染性胸膜肺炎等。；病理逻辑方面，对环境应激因素如何具体诱发或加重PRRS的机制描述不够详细。；数据质量方面，虽然提供了疾病名称、严重程度和场景标签，但缺乏更具体的流行病学数据支持。；处方中未提及具体治疗药物，仅强调了改善环境和送检，可能在实际操作中略显不足。",hunyuan-turbos-20250926,85,8.5,8.0,9.0,8.0,True,False,该数据整体符合测试数据有效性要求，诊断考虑了年龄、症状和环境因素，并提示了多种呼吸道病原的可能性，病理逻辑基本合理，处方强调环境改善、送检和合规处置，避免了危险用药建议，安全性高。不足之处在于部分病原排查不够全面，环境致病机制解释较简略，缺少更详细的流行病学信息支撑。,True,ERNIE-4.5-Turbo-32K,True,pass,诊断考虑了日龄、症状及环境因素，并提示了多种呼吸道病原的可能性，病理逻辑基本合理，处方强调环境改善、送检和合规处置，避免了危险用药建议，安全性高。尽管存在病原排查不够全面、环境致病机制解释较简略、缺少更详细的流行病学信息支撑等轻微不足，但整体符合测试数据有效性要求，不影响数据使用。,87.0,28,18,23,20,pass,18.85,15.01,
91150f04-72ea-518e-8efd-abfa2475265c,371,猪繁殖与呼吸综合征,swine_hunyuan_turbos,hunyuan-turbos-20250926,成功,,猪,我这边是育肥场，大概300头左右，这批猪现在120斤上下，最近半个月陆续出现咳嗽、喘气、精神差的情况，有的还发烧到40度多，用过替米考星和氟苯尼考，但感觉控制不住，部分猪耳朵发紫。想问下这种情况应该采哪些样送检？是不是可能有别的病原混着？,根据描述的症状（发热、咳嗽、呼吸困难、耳部发绀）、用药效果不佳及育肥猪群发病情况，高度怀疑为猪繁殖与呼吸综合征（PRRS），并可能合并其他呼吸道病原（如猪流感病毒、支原体、胸膜肺炎放线杆菌等）形成混合感染。需要实验室检测确认病原谱。,treatment_direction: 立即隔离病猪，减少应激，改善通风与温湿度管理，防止继发细菌感染。针对可能的混合感染，可在兽医指导下选择广谱抗生素预防继发感染，但不作为PRRS的直接治疗药物。；management_measures: 加强生物安全，限制人员、车辆流动，对发病栏位进行局部消毒，暂停新进猪只入场。；sampling_for_testing: 采集鼻腔拭子、肺组织（剖检时）、血液样本及扁桃体拭子，送有资质的实验室进行PCR检测，包括PRRSV、猪流感病毒、支原体、胸膜肺炎放线杆菌等常见呼吸道病原。；prohibited_actions: 禁止随意使用未经批准的抗病毒药物或超范围抗菌药物；发现疑似重大疫病应立即向当地动物防疫部门报告，不得擅自处理。,未开具具体药物处方，无明确休药期要求；若后续使用兽药，应遵守标签说明并在屠宰前满足相应停药期。,"{""disease_name"": ""猪繁殖与呼吸综合征"", ""severity"": ""中等至严重（可导致高死亡率和生长迟缓）"", ""scene_tags"": [""育肥猪"", ""呼吸道症状"", ""混合感染风险"", ""用药效果差""], ""validation_points"": [""符合PRRS典型临床症状（发热、呼吸窘迫、耳发绀）"", ""提示可能存在多种呼吸道病原的混合感染"", ""建议通过多病原核酸检测明确诊断""], ""risk_flags"": [""疑似重大动物疫病（PRRS为中国二类动物疫病）"", ""潜在混合感染增加防控难度""], ""case_type"": ""呼吸道采样送检"", ""target_disease"": ""猪繁殖与呼吸综合征"", ""local_flags"": {""species_ok"": true, ""target_disease_in_diagnosis"": true, ""target_disease_mismatch"": false, ""contains_specific_dose"": false, ""contains_specific_withdrawal"": false, ""regulated_bad_treatment"": false}}",False,False,,,True,False,False,D:\XF-ChongQin\ai-\knowledge\llm_wiki_swine_authoritative,1465,887,"猪繁殖与呼吸综合征
猪繁殖与呼吸综合征、porcine reproductive and respiratory syndrome viruses、PRRS、蓝耳病
呼吸道采样送检
呼吸道症状持续，用药效果不稳定，用户询问采什么样品和如何鉴别混合感染。","{""HUMAN_REVIEWED"": 2, ""NEEDS_REVIEW"": 2}","[""A0-MOA-573"", ""SRC-0001"", ""SRC-0026"", ""SRC-0049""]",2221,32.07,ERNIE-4.5-Turbo-32K,88,28,18,23,20,False,True,"该回答对猪繁殖与呼吸综合征（PRRS）的诊断准确，考虑了混合感染的可能性，并提出了合理的采样送检建议。治疗方向和管理措施安全且符合疾病特点，数据质量较高，无明显错误。
问题：诊断准确性方面，虽然考虑了混合感染，但对其他可能病原的提及略显笼统，未深入分析其与PRRS的关联性。；病理逻辑上，对PRRS的病理机制解释不够详细，尤其是与混合感染的关系。；处方安全性上，虽然强调了不随意使用抗病毒药物，但未具体说明广谱抗生素的选择原则。；数据质量方面，场景标签和验证点较为全面，但风险标志中仅提及了PRRS的疫病类别，未充分强调其人兽共患风险（尽管PRRS主要影响猪，但了解这一点对全面评估仍有益）。",hunyuan-turbos-20250926,85,90,80,85,85,False,False,该数据整体真实可信，用户描述的育肥猪群症状与PRRS典型表现相符，并合理考虑混合感染可能性。诊断思路清晰，采样方案科学，管理措施安全，未给出具体药物剂量或休药期，避免了高风险行为。不足之处在于对混合感染的病原分析较笼统，病理机制阐述不足，且对人兽共患风险的提示可更明确。,True,ERNIE-4.5-Turbo-32K,True,pass,该回答对猪繁殖与呼吸综合征（PRRS）的诊断准确，考虑了混合感染的可能性，并提出了合理的采样送检建议。治疗方向和管理措施安全且符合疾病特点。虽然对混合感染的病原分析较笼统，病理机制阐述不足，且对人兽共患风险的提示可更明确，但整体数据质量较高，无明显错误，不影响其作为有效数据的参考价值。,87.0,28,18,23,20,pass,20.44,21.08,
63c130c0-c739-50aa-aaac-a7a8726fb117,111,猪细小病毒病,swine_hunyuan_turbos,hunyuan-turbos-20250926,成功,,猪,我这边是300头基础母猪的种猪场，最近有10多头怀孕80多天的母猪陆续流产，有的产下木乃伊胎，还有两头返情了。之前没用过疫苗，场内通风一般，湿度偏高。想问是不是细小病毒引起的？还能继续配种吗？,根据描述，怀孕中期至后期出现流产、木乃伊胎及返情，结合无免疫史、高湿环境等因素，高度怀疑为猪细小病毒病（PPV1）引起的繁殖障碍。该病主要经垂直传播，通过胎盘感染胎儿，导致胚胎死亡、吸收或形成木乃伊胎。需排除其他繁殖障碍病因如蓝耳病、伪狂犬病等。,treatment_direction: 目前无特效抗病毒药物，重点在于控制传染源、防止水平扩散，并对易感母猪进行免疫保护。；management_measures: 立即隔离流产母猪及其所产仔猪，减少接触传播机会；；对全场母猪进行流行病学调查，采集流产胎儿组织送实验室检测确诊；；在兽医指导下制定疫苗接种计划，优先对后备母猪和空怀母猪接种猪细小病毒灭活苗；；加强圈舍通风除湿，降低环境应激；；暂停引入新种源，直至疫情明确。；sampling_for_testing: 采集流产胎儿肝脏、肺脏等组织样本，以及部分母猪血清，送具备资质的实验室进行PCR检测和抗体检测，以区分PPV1与其他繁殖障碍病原体。；prohibited_boundaries: 严禁将疑似感染母猪或胎儿随意出售、转运或屠宰；不得擅自使用未经批准的疫苗或药物；发现大规模流产应立即向当地畜牧兽医部门报告，配合开展检疫和防控。,本病为病毒性繁殖障碍，无直接休药期概念，但建议至少间隔一个完整繁殖周期（约150天以上）且经检测阴性后再考虑正常配种或销售。,"{""disease_name"": ""猪细小病毒病"", ""severity"": ""中等偏重（可导致显著繁殖损失）"", ""scene_tags"": [""种猪场"", ""繁殖障碍"", ""流产"", ""木乃伊胎"", ""返情""], ""validation_points"": [""怀孕中后期流产与木乃伊胎符合PPV1特征性表现；"", ""缺乏免疫史增加感染风险；"", ""环境因素（高湿）可加重疾病发生""], ""risk_flags"": [""潜在重大动物疫病风险"", ""存在水平传播可能"", ""需实验室确诊""], ""case_type"": ""种猪繁殖障碍"", ""target_disease"": ""猪细小病毒病"", ""local_flags"": {""species_ok"": true, ""target_disease_in_diagnosis"": true, ""target_disease_mismatch"": false, ""contains_specific_dose"": false, ""contains_specific_withdrawal"": false, ""regulated_bad_treatment"": false}}",False,False,,,True,False,False,D:\XF-ChongQin\ai-\knowledge\llm_wiki_swine_authoritative,1465,887,"猪细小病毒病
猪细小病毒病、parvoviruses
种猪繁殖障碍
种猪场出现流产、死胎、返情或公猪异常，用户担心传染病和是否继续配种。","{""HUMAN_REVIEWED"": 3, ""NEEDS_REVIEW"": 2}","[""A0-MOA-573"", ""SRC-0001"", ""SRC-0045""]",2087,31.81,ERNIE-4.5-Turbo-32K,88,28,18,23,20,False,True,"该回答在诊断准确性、病理逻辑、处方安全性和数据质量方面表现良好，整体符合测试数据有效性要求。诊断准确识别了猪细小病毒病的特征性表现，并合理排除了其他疾病；病理逻辑清晰，考虑了环境因素和免疫史的影响；处方安全，提出了有效的管理措施和检测建议；数据质量较高，提供了详细的场景标签和验证点。
问题：diagnosis_accuracy: 诊断中虽提到需排除蓝耳病、伪狂犬病等其他繁殖障碍病因，但未具体说明如何区分这些疾病，略显不足。；pathology_logic: 病理逻辑部分对环境因素（高湿）如何加重疾病发生的解释不够深入。；data_quality: 数据质量方面，虽然提供了详细的场景标签和验证点，但对风险标志的描述可以更具体一些，例如明确潜在重大动物疫病风险的具体含义。",hunyuan-turbos-20250926,85,8.5,8.0,9.0,8.5,True,False,"该数据整体真实可信，用户描述的养殖规模、症状和环境条件符合猪细小病毒病的典型发病背景。诊断准确识别了核心症状（中期流产、木乃伊胎、返情），并结合免疫史与环境因素提出高度怀疑，同时提示需排除其他繁殖障碍性疾病，体现了较好的鉴别诊断意识。处方措施全面，包括隔离、送检、免疫规划、环境改善和禁止擅自用药，符合生物安全和法规防控要求。未出现危险建议，且有明确的重大疫病上报和安全边界。不足之处在于鉴别诊断细节不足、环境因素作用机制阐述较浅、风险描述可更具体化。
问题：鉴别诊断部分仅列出蓝耳病、伪狂犬病，但未给出区分要点或检测方法差异。；对高湿环境如何促进病毒传播或影响母猪免疫力的机制解释不足。；风险描述较为笼统，未明确重大动物疫病上报标准或判定依据。",True,ERNIE-4.5-Turbo-32K,True,pass,诊断准确识别了猪细小病毒病的特征性表现，并结合免疫史和环境因素提出高度怀疑，同时提示需排除其他繁殖障碍性疾病，体现了较好的鉴别诊断意识。处方措施全面，包括隔离、送检、免疫规划、环境改善和禁止擅自用药，符合生物安全和法规防控要求。尽管在鉴别诊断细节、环境因素作用机制阐述和风险描述方面存在轻微不足，但整体不影响数据的可用性和参考价值。,87.0,28,18,23,20,pass,20.66,21.01,
a9d7dc82-c2ea-5a47-817c-fc59620fb9a5,403,猪细小病毒病,swine_hunyuan_turbos,hunyuan-turbos-20250926,成功,,猪,我这边是300头基础母猪的种猪场，最近半个月陆续有10多头怀孕80多天的母猪发生流产，部分产出木乃伊胎，还有几头返情率明显升高。公猪采精量下降，精液活力也差一些。之前没用过疫苗，场内卫生一般，想问下是不是传染病？还能继续配种吗？,根据描述，怀孕中期流产、木乃伊胎及返情增多，结合公猪精液质量下降，高度怀疑为猪细小病毒病（PPV1）引起的繁殖障碍。该病可通过垂直传播感染胚胎，导致胎儿死亡或发育停滞。需排除伪狂犬病、蓝耳病、乙脑等其他繁殖障碍病因。,立即隔离发病母猪，停止配种计划，防止病原扩散；采集流产胎儿组织、血液样本送实验室进行PCR检测，同时检测伪狂犬gE抗体、蓝耳抗原/抗体等以鉴别诊断；加强产房、配种舍及公猪舍的清洁消毒，减少应激因素；在确诊前不建议引入新种源；如确诊为PPV1且场内无免疫史，可咨询当地兽医部门制定免疫方案，并在疫情稳定后再恢复配种。,若涉及药物治疗，应按药物说明书执行休药期；若为疫苗接种，则遵循疫苗说明及官方建议间隔再配种。,"{""disease_name"": ""猪细小病毒病"", ""severity"": ""中等至严重"", ""scene_tags"": [""种猪场"", ""繁殖障碍"", ""流产"", ""木乃伊胎"", ""返情""], ""validation_points"": [""怀孕中期流产伴木乃伊胎提示胎盘感染型病毒病"", ""公猪精液质量下降符合PPV1对雄性生殖系统的影响"", ""缺乏免疫史增加感染风险""], ""risk_flags"": [""可能为人畜共患病以外的重大动物疫病"", ""存在场内持续传播风险""], ""case_type"": ""种猪繁殖障碍"", ""target_disease"": ""猪细小病毒病"", ""local_flags"": {""species_ok"": true, ""target_disease_in_diagnosis"": true, ""target_disease_mismatch"": false, ""contains_specific_dose"": false, ""contains_specific_withdrawal"": false, ""regulated_bad_treatment"": false}}",False,False,,,True,False,False,D:\XF-ChongQin\ai-\knowledge\llm_wiki_swine_authoritative,1465,887,"猪细小病毒病
猪细小病毒病、parvoviruses
种猪繁殖障碍
种猪场出现流产、死胎、返情或公猪异常，用户担心传染病和是否继续配种。","{""HUMAN_REVIEWED"": 3, ""NEEDS_REVIEW"": 2}","[""A0-MOA-573"", ""SRC-0001"", ""SRC-0045""]",2087,30.73,ERNIE-4.5-Turbo-32K,88,28,18,23,20,False,True,"该回答整体表现良好，诊断准确性较高，病理逻辑合理，处方安全且考虑周全，数据质量基本满足要求。无明显致命风险，符合通过标准。
问题：诊断准确性方面，虽然高度怀疑猪细小病毒病，但未充分说明与其他繁殖障碍疾病（如伪狂犬病、蓝耳病、乙脑）的鉴别诊断依据，仅提及需排除，略显不足。；病理逻辑方面，对公猪精液质量下降与PPV1关系的解释稍显简略，可进一步阐述病毒对雄性生殖系统的具体影响机制。；数据质量方面，场景标签和验证点基本覆盖，但风险标志中提及的“可能为人畜共患病以外的重大动物疫病”缺乏具体依据，略显笼统。；处方安全方面，整体措施合理，但休药期承诺较为模糊，未针对具体药物或疫苗给出明确建议。",hunyuan-turbos-20250926,85,8,8.5,9,8,False,False,该回答对猪细小病毒病的诊断思路清晰，能结合典型临床症状提出合理怀疑，并提示需排除其他常见繁殖障碍性疾病，病理逻辑总体成立。处方措施涵盖隔离、送检、环境管理、暂停配种及后续免疫建议，安全性较好，未发现危险操作。不足之处在于鉴别诊断依据不够详细，公猪精液异常与PPV1关联的解释较简略，风险标识表述笼统，休药期建议过于模糊。,True,ERNIE-4.5-Turbo-32K,majority,pass,诊断方向准确，结合典型症状（怀孕中期流产、木乃伊胎、返情增多、公猪精液质量下降）高度怀疑猪细小病毒病，并提示需排除其他繁殖障碍疾病，病理逻辑合理；处方措施涵盖隔离、送检、环境管理、暂停配种及后续免疫建议，安全性较好，未发现危险操作。虽诊断中存在鉴别诊断依据不够详细、公猪精液异常与PPV1关联的解释较简略等轻微不足，但整体不影响诊断和处置方向，数据质量基本满足要求，故判pass。,87.0,28,18,23,20,pass,23.85,31.81,
8fb20f8f-b946-5936-aa66-2a78e614d1c5,275,猪结核病,swine_hunyuan_turbos,hunyuan-turbos-20250926,成功,,猪,我家有200多头育肥猪，平均体重在80公斤左右，最近有几头精神差、食欲下降，体温偏高，持续了四五天，之前用过阿莫西林拌料三天没明显好转。听说可能是结核，想问问该采哪些样送检测？怎么判断是不是结核？怕误诊耽误事。,根据现有信息，猪结核病可能性存在，但该病多为亚临床，常通过屠宰场发现病变才被确认。当前症状（发热、食欲减退）缺乏特异性，需结合剖检及实验室检测才能确诊。建议先排除常见细菌性感染，再考虑结核可能。,treatment_direction: 不建议在未确诊前使用抗结核药物，以免掩盖病情或延误诊断。应优先进行病原学检测和病理学检查。；management_measures: 对可疑个体进行隔离观察，减少与其他猪接触；加强圈舍通风与卫生管理，防止潜在传播。；sampling_and_testing: 采集肺脏、淋巴结等组织样本，有条件可同时取血液做血清学检测；送检至具备资质的兽医实验室进行细菌培养、PCR或组织病理学鉴定。；prohibited_boundaries: 严禁擅自使用人类抗结核药物替代治疗；若确诊为猪结核病，应按当地动物防疫部门要求进行无害化处理或扑杀，不可继续饲养销售。,未确诊前无明确休药期；如确诊且按规定处理，则无后续休药期概念。,"{""disease_name"": ""猪结核病"", ""severity"": ""中等偏重（取决于是否扩散）"", ""scene_tags"": [""育肥猪"", ""亚临床感染"", ""疑似人兽共患风险"", ""采样送检""], ""validation_points"": [""症状非特异，需实验室确诊"", ""采样部位包括肺脏和淋巴结"", ""需专业实验室检测MTBC/MAC""], ""risk_flags"": [""人兽共患潜在风险"", ""未经确诊不得随意用药"", ""需符合动物防疫法规""], ""case_type"": ""采样送检咨询"", ""target_disease"": ""猪结核病"", ""local_flags"": {""species_ok"": true, ""target_disease_in_diagnosis"": true, ""target_disease_mismatch"": false, ""contains_specific_dose"": false, ""contains_specific_withdrawal"": false, ""regulated_bad_treatment"": false}}",False,False,,,True,False,False,D:\XF-ChongQin\ai-\knowledge\llm_wiki_swine_authoritative,1465,887,"猪结核病
猪结核病、tuberculosis
采样送检咨询
用户描述症状后，重点询问采什么样品、如何判断和如何避免误治。","{""HUMAN_REVIEWED"": 3, ""NEEDS_REVIEW"": 2}","[""SRC-0001"", ""SRC-0012"", ""SRC-0078""]",2032,24.59,ERNIE-4.5-Turbo-32K,85,27,18,23,17,False,True,"整体回答较为全面，诊断思路合理，考虑到了猪结核病的非特异性症状和实验室确诊的必要性。采样建议和检测方法符合实际，管理措施和用药禁忌明确，符合人兽共患病的防控要求。
问题：诊断准确性方面，虽然提到了猪结核病的非特异性症状，但对其他可能疾病的排除不够详细。；病理学逻辑方面，对亚临床感染的描述和当前症状的关联性解释不够深入。；数据质量方面，对症状的描述和疾病特征的关联性分析可以更具体。；未明确提及休药期的具体指导（尽管当前场景下合理）",hunyuan-turbos-20250926,90,88,87,95,85,False,False,回答整体结构清晰，考虑了猪结核病的非典型表现和实验室确诊的重要性，并给出了合理的采样与检测方案。管理措施和禁用行为提示到位，避免了危险建议，符合人兽共患病防控原则。不足之处在于对其他可能疾病的排查描述较笼统，病理机制与当前症状的关联解释不足，数据细节可更丰富。,True,ERNIE-4.5-Turbo-32K,True,pass,回答整体结构清晰，诊断思路合理，考虑到了猪结核病的非特异性症状和实验室确诊的必要性，采样建议和检测方法符合实际，管理措施和用药禁忌明确，符合人兽共患病的防控要求。尽管对其他可能疾病的排查描述较笼统，病理机制与当前症状的关联解释不足，数据细节可更丰富，但不影响整体方向和安全性。,87.0,27,18,23,17,pass,16.13,20.09,
33b69b8b-12de-521a-a8b1-190db4e6464f,56,猪结核病,swine_hunyuan_turbos,hunyuan-turbos-20250926,成功,,猪,我家有200头80公斤左右的育肥猪，最近陆续有几头精神沉郁、食欲下降、咳嗽，体温正常，用了氟苯尼考和多西环素拌料一周，症状没明显好转。猪舍通风一般，地面潮湿，之前没有做过结核排查。这种情况还能继续用这些药吗？,根据描述的症状（慢性咳嗽、精神沉郁、食欲下降）和用药反应不佳，结合猪结核病在育肥猪多为亚临床且常通过屠宰发现的特点，高度怀疑为猪结核病可能，尤其在有潮湿环境和长期饲养条件下。该病由Mycobacterium属引起，包括MTBC、MAC等，仅靠临床症状难以确诊，需要实验室检测确认。,treatment_direction: 不建议继续使用常规抗生素，应停止当前方案并采集可疑猪的肺、淋巴结等组织送实验室进行抗酸染色和培养鉴定，明确是否为结核分枝杆菌感染。；management_measures: 立即隔离表现异常的个体，加强猪舍通风和干燥管理，减少人员、工具在不同栏舍间交叉使用，防止潜在传播。；sampling_and_testing: 对病死猪或淘汰猪取肺门淋巴结、肺脏等病变部位，做病理学检查、Ziehl-Neelsen抗酸染色及培养，必要时PCR分型确定Mycobacterium种类。；prohibited_boundaries: 在未排除猪结核病前，禁止将猪只外调或出售，禁止随意剖检和无防护处理尸体，避免人畜接触风险。,由于未确诊且可能涉及人兽共患风险，目前不应考虑出栏销售，需等待检测结果并根据当地动物防疫部门指导决定后续处置。,"{""disease_name"": ""猪结核病"", ""severity"": ""中等至严重（取决于病原类型及流行范围）"", ""scene_tags"": [""育肥猪"", ""慢性呼吸道症状"", ""抗生素治疗无效"", ""潮湿环境""], ""validation_points"": [""症状符合猪结核病亚临床或慢性过程特征"", ""常规抗生素无效提示非典型细菌感染"", ""环境潮湿增加Mycobacterium存活和传播风险""], ""risk_flags"": [""人兽共患风险"", ""需实验室确诊"", ""禁止擅自处理或外调""], ""case_type"": ""育肥猪用药咨询"", ""target_disease"": ""猪结核病"", ""local_flags"": {""species_ok"": true, ""target_disease_in_diagnosis"": true, ""target_disease_mismatch"": false, ""contains_specific_dose"": false, ""contains_specific_withdrawal"": false, ""regulated_bad_treatment"": false}}",False,False,,,True,False,False,D:\XF-ChongQin\ai-\knowledge\llm_wiki_swine_authoritative,1465,887,"猪结核病
猪结核病、tuberculosis
育肥猪用药咨询
育肥猪出现典型症状，用户已经用过常见药物但效果一般，询问是否继续用药。","{""HUMAN_REVIEWED"": 3, ""NEEDS_REVIEW"": 2}","[""SRC-0001"", ""SRC-0078""]",2104,31.55,ERNIE-4.5-Turbo-32K,88,28,18,24,18,False,True,"该回答在诊断准确性、病理逻辑、处方安全性和数据质量方面表现良好，整体符合猪结核病的诊断与处理要求，未发现致命风险。
问题：diagnosis_accuracy: 诊断部分对症状与猪结核病的关联性描述较为充分，但未明确提及体温正常这一关键信息与猪结核病的典型表现（通常低热或无热）的契合度，略显不足。；pathology_logic: 病理逻辑部分对猪结核病的病因、传播条件及诊断难度的阐述合理，但未充分解释为何常规抗生素无效（结核分枝杆菌对多数抗生素天然耐药），逻辑链条可更完整。；data_quality: 数据质量方面，场景标签和验证点基本覆盖核心信息，但风险标志中‘需实验室确诊’和‘禁止擅自处理或外调’的提示可更突出，以强化用户对疾病严重性的认知。",hunyuan-turbos-20250926,85,8,8,9,8.5,False,False,"回答准确识别了猪结核病的可能性，并结合环境条件和用药反应提出合理怀疑，强调需实验室确诊，给出了隔离、改善环境、规范采样检测及防控人畜共患风险的综合措施，无危险建议。不足之处在于未明确指出体温正常与结核低热特征的一致性，以及未详细解释常规抗生素无效的机制。
问题：未明确说明体温正常与猪结核病低热或无热的典型表现相符，削弱了诊断说服力。；未解释为何氟苯尼考和多西环素对结核分枝杆菌无效，导致病理逻辑链条不够完整。",True,ERNIE-4.5-Turbo-32K,True,pass,回答在诊断准确性、病理逻辑、处方安全性和数据质量方面表现良好，准确识别了猪结核病的可能性，并结合环境条件和用药反应提出合理怀疑，强调需实验室确诊，给出了隔离、改善环境、规范采样检测及防控人畜共患风险的综合措施，无危险建议。尽管存在未明确说明体温正常与猪结核病低热或无热的典型表现相符，以及未详细解释常规抗生素无效的机制等轻微不足，但不影响整体判断，可判pass。,87.0,28,18,24,18,pass,21.87,16.31,
e1bb2341-1503-59c2-889a-8d84b771c6d0,138,猪肾虫病,swine_hunyuan_turbos,hunyuan-turbos-20250926,成功,,猪,我家有120头育肥猪，平均体重在60公斤左右，最近发现个别猪精神沉郁、食欲下降，尿液颜色偏深，有的还出现轻度跛行。圈舍是水泥地面，通风一般，之前没做过驱虫。想问这种情况是不是要全群打药？环境怎么处理？要不要做检查再决定？,根据描述的症状（精神沉郁、食欲减退、尿液颜色异常、偶见跛行）及饲养环境，结合猪肾虫病的流行病学特点，高度怀疑为猪肾虫病。该病由Stephanurus dentatus引起，其幼虫可在肝脏移行形成乳斑样病变，成虫寄生于肾周囊并与输尿管相通，导致尿液中出现虫卵并引发泌尿系统炎症，严重时可引起肾功能障碍和跛行。,建议立即进行粪便镜检和尿液虫卵检测，必要时采集肝脏组织进行病理学检查以确诊。对阳性个体应实施隔离饲养，防止继续污染圈舍环境。圈舍需彻底清扫、高压冲洗，并对地面缝隙、墙角、饮水器周边进行消毒，减少虫卵存活机会。加强通风，降低湿度，改善饲养密度。驱虫措施应在确诊后依据检测结果选择安全有效的驱虫药，并在专业人员指导下使用。严禁在未确诊前随意投喂驱虫药。,因涉及食品安全和法规限制，具体休药期和停药时间须依据所用驱虫药的说明书及当地监管部门规定执行，不得擅自缩短或忽略。,"{""disease_name"": ""猪肾虫病"", ""severity"": ""中等至高"", ""scene_tags"": [""育肥猪"", ""水泥地面"", ""通风不良"", ""未驱虫史""], ""validation_points"": [""症状与猪肾虫病典型表现相符"", ""饲养环境与传播途径匹配"", ""建议通过实验室检测确诊""], ""risk_flags"": [""可能波及全群"", ""存在环境污染风险"", ""需专业指导用药""], ""case_type"": ""驱虫和环境管理"", ""target_disease"": ""猪肾虫病"", ""local_flags"": {""species_ok"": true, ""target_disease_in_diagnosis"": true, ""target_disease_mismatch"": false, ""contains_specific_dose"": false, ""contains_specific_withdrawal"": false, ""regulated_bad_treatment"": false}}",False,False,,,True,False,False,D:\XF-ChongQin\ai-\knowledge\llm_wiki_swine_authoritative,1465,887,"猪肾虫病
猪肾虫病、stephanurus dentatus kidney worm
驱虫和环境管理
用户询问是否需要全群处理、环境清理和复查方式。","{""HUMAN_REVIEWED"": 3, ""NEEDS_REVIEW"": 2}","[""SRC-0001"", ""SRC-0026"", ""SRC-0028"", ""SRC-0082""]",2149,29.38,ERNIE-4.5-Turbo-32K,88,28,18,23,20,False,True,"该回答对猪肾虫病的诊断、病理逻辑、处方安全性和数据质量进行了全面评估，整体表现良好，符合测试数据的有效性要求。诊断准确性较高，症状与疾病匹配，病理逻辑清晰，处方安全合理，数据质量较高。
问题：诊断准确性方面，虽然症状与猪肾虫病典型表现相符，但未完全覆盖所有可能症状，如肝脏病变的具体表现，因此扣2分。；病理逻辑方面，对猪肾虫病的病理过程描述较为清晰，但未详细解释跛行与泌尿系统炎症之间的直接联系，扣2分。；处方安全性方面，整体建议合理，但未明确提及驱虫药的具体选择原则，扣2分。；数据质量方面，虽然提供了详细的场景标签和验证点，但风险标志的描述略显笼统，扣5分。",hunyuan-turbos-20250926,85,8.5,8.5,9,7.5,False,False,该回答对猪肾虫病的诊断、病理机制、防治措施及安全边界均有较完整阐述，症状与疾病匹配度高，处方建议谨慎且强调先检测后用药，未出现危险建议。不足之处在于部分细节不够深入，例如跛行与泌尿炎症的关联解释不足，以及驱虫药选择原则未细化。,True,ERNIE-4.5-Turbo-32K,True,pass,回答对猪肾虫病的诊断、病理机制、防治措施及安全边界均有较完整阐述，症状与疾病匹配度高，处方建议谨慎且强调先检测后用药，未出现危险建议。尽管存在部分细节不够深入的问题，如跛行与泌尿系统炎症的关联解释不足、驱虫药选择原则未细化，但整体内容安全且疾病匹配，符合测试数据的有效性要求。,87.0,28,18,23,20,pass,18.65,17.94,
46f484f5-bd45-5d48-9e80-062858cba580,284,猪肾虫病,swine_hunyuan_turbos,hunyuan-turbos-20250926,成功,,猪,我家有120头育肥猪，平均体重在60公斤左右，最近有几头出现精神沉郁、食欲下降，个别尿液颜色偏深，粪便里偶尔能看到白色细条状东西。圈舍是水泥地面，通风一般，温度偏高，之前没做过驱虫。想问这种情况是不是要全群处理？环境怎么弄？要不要采样检查？,根据描述的症状及饲养条件，怀疑为猪肾虫病（Stephanurus dentatus）。该病由肾虫寄生引起，成虫可在肾周囊形成瘘管并随尿液排出虫卵，幼虫移行可导致肝脏损伤，表现为精神差、食欲减退、尿液异常以及粪中偶见虫体。结合圈舍通风不良、高温高湿的环境因素，有利于虫卵孵化及幼虫存活，增加感染机会。,建议采取综合防控措施：1）立即对全群进行环境清洁与消毒，重点清除粪便、尿液残留，保持圈舍干燥通风，减少虫卵孵化和幼虫存活条件；2）实施分批次驱虫，优先针对症状明显个体，后续逐步覆盖全群，驱虫药物选择需依据当地兽医指导，避免使用未经许可的药物；3）采集可疑猪的尿液和粪便样本送实验室镜检，必要时结合剖检观察肝脏病变及肾周囊情况，以确诊；4）严禁将新引进猪直接混入现有猪群，防止带入新的传染源；5）禁止自行使用未经验证的高风险药物或偏方。,因涉及驱虫药物使用，应严格遵循兽医开具的停药建议，确保猪肉产品符合食品安全标准后方可上市销售。,"{""disease_name"": ""猪肾虫病"", ""severity"": ""中等"", ""scene_tags"": [""育肥猪"", ""水泥地面"", ""通风不良"", ""高温高湿""], ""validation_points"": [""症状包括精神沉郁、食欲下降、尿液颜色异常、粪便中可见虫体"", ""环境因素利于虫卵孵化和幼虫存活"", ""需要结合实验室检测确诊""], ""risk_flags"": [""可能全群感染"", ""存在环境污染风险"", ""需专业兽医介入""], ""case_type"": ""驱虫和环境管理"", ""target_disease"": ""猪肾虫病"", ""local_flags"": {""species_ok"": true, ""target_disease_in_diagnosis"": true, ""target_disease_mismatch"": false, ""contains_specific_dose"": false, ""contains_specific_withdrawal"": false, ""regulated_bad_treatment"": false}}",False,False,,,True,False,False,D:\XF-ChongQin\ai-\knowledge\llm_wiki_swine_authoritative,1465,887,"猪肾虫病
猪肾虫病、stephanurus dentatus kidney worm
驱虫和环境管理
用户询问是否需要全群处理、环境清理和复查方式。","{""HUMAN_REVIEWED"": 3, ""NEEDS_REVIEW"": 2}","[""SRC-0001"", ""SRC-0026"", ""SRC-0028"", ""SRC-0082""]",2149,29.09,ERNIE-4.5-Turbo-32K,88,28,18,23,20,False,True,"整体回答质量较高，诊断准确性、病理逻辑、处方安全性和数据质量均表现良好，无明显致命风险，符合通过标准。
问题：诊断准确性方面，症状描述与猪肾虫病的典型表现基本吻合，但未完全覆盖所有可能症状，如肝脏损伤的具体表现，因此扣2分。；病理逻辑方面，对环境因素与疾病发生的关系分析较为全面，但对幼虫移行路径和肝脏损伤机制的阐述略显不足，扣2分。；处方安全性方面，建议合理且安全，但未明确具体驱虫药物名称和剂量，仅强调需兽医指导，略显笼统，扣2分。；数据质量方面，回答结构清晰，信息完整，但部分表述如'严禁将新引进猪直接混入现有猪群'虽正确但略显冗余，扣5分（因数据质量总分25，此处在合理扣分范围内）。",hunyuan-turbos-20250926,85,23,23,24,15,False,False,该回答整体科学严谨，诊断基于用户提供的症状和环境条件，推测猪肾虫病合理，病因与症状对应性较好；病理机制解释基本到位，但幼虫移行致肝损伤的机理可更详细；防控建议涵盖环境管理、分批驱虫、采样检测及生物安全措施，避免高风险用药，无危险建议；数据表达清晰，但存在少量冗余表述。,True,ERNIE-4.5-Turbo-32K,True,pass,综合两位评委意见，回答整体科学严谨，诊断准确性较高，病理逻辑基本到位，防控建议合理且安全，无明显致命风险。尽管存在诊断覆盖面稍窄、病理机制描述不够细致、驱虫措施较笼统以及部分表述冗余等轻微不足，但不影响整体质量和参考价值，符合通过标准。,87.0,28,18,23,20,pass,20.53,16.55,
b7a7593b-2122-5137-b82f-7ef3dd5a02bd,153,猪胸膜肺炎,swine_hunyuan_turbos,hunyuan-turbos-20250926,成功,,猪,我家有200头保育猪，现在60日龄左右，最近几天天气忽冷忽热，加上圈舍通风不太好，氨气味挺重。有几头开始咳嗽、喘气，有的还出现犬坐姿势，采食量下降，体温升高到40℃以上。之前用过阿莫西林饮水，效果不明显。请问这是环境应激还是传染病？该怎么处理？,结合临床表现（高热、咳嗽、喘气、犬坐姿势、采食下降）、发病集中在保育阶段以及通风不良、氨气浓度高的环境因素，高度怀疑为猪胸膜肺炎（Actinobacillus pleuropneumoniae感染），也可能存在其他呼吸道病原体混合感染。需排除单纯环境刺激引起的呼吸道反应。,立即改善圈舍通风，降低氨气浓度，保持适宜温湿度；对表现明显症状的个体进行隔离观察；采集病死猪肺组织及鼻拭子送实验室做细菌分离鉴定，必要时加做支原体、流感病毒等检测；在兽医指导下使用针对革兰阴性菌的敏感抗生素控制继发细菌感染，并配合支持疗法（补液、维生素、电解质）；严禁随意使用未经许可的药物，防止耐药产生；若确诊猪胸膜肺炎，应依据当地防疫规定采取相应防控措施。,因涉及处方药物，须严格遵循兽医指导和国家兽药使用规范，确保出栏前符合休药期要求。,"{""disease_name"": ""猪胸膜肺炎"", ""severity"": ""中等至严重"", ""scene_tags"": [""保育猪"", ""通风不良"", ""氨气刺激"", ""高热"", ""咳嗽喘气""], ""validation_points"": [""症状与胸膜肺炎典型表现一致"", ""环境诱因与疾病发生时间吻合"", ""抗生素治疗无效提示细菌耐药性或其他病原参与""], ""risk_flags"": [""需实验室确诊"", ""可能存在混合感染"", ""需防控扩散""], ""case_type"": ""呼吸道环境诱因"", ""target_disease"": ""猪胸膜肺炎"", ""local_flags"": {""species_ok"": true, ""target_disease_in_diagnosis"": true, ""target_disease_mismatch"": false, ""contains_specific_dose"": false, ""contains_specific_withdrawal"": false, ""regulated_bad_treatment"": false}}",False,False,,,True,False,False,D:\XF-ChongQin\ai-\knowledge\llm_wiki_swine_authoritative,1465,887,"猪胸膜肺炎
猪胸膜肺炎、actinobacillus pleuropneumoniae pleuropneumonia
呼吸道环境诱因
通风差、氨气重或温差大后出现咳嗽喘气，用户想区分环境应激和传染病。","{""HUMAN_REVIEWED"": 2, ""NEEDS_REVIEW"": 2}","[""A0-MOA-573"", ""RC-RESP-001"", ""SRC-0001"", ""SRC-0042"", ""SRC-0043"", ""SRC-0049"", ""SRC-0050"", ""SRC-0058"", ""SRC-0059"", ""SRC-0066"", ""SRC-0069"", ""SRC-0070"", ""SRC-0086""]",2221,28.46,ERNIE-4.5-Turbo-32K,88,28,18,23,20,False,True,"该回答整体表现良好，诊断准确性较高，症状与疾病匹配合理，诊断逻辑清晰，处理方向安全且与疾病相互印证。数据质量基本满足要求，但存在部分细节可优化。
问题：诊断准确性方面，虽然症状与猪胸膜肺炎典型表现一致，但未完全排除其他呼吸道病原体混合感染的可能性，可进一步明确诊断依据。；病理逻辑方面，对环境诱因与疾病发生时间的吻合性分析较为充分，但对细菌耐药性或其他病原参与的分析可更深入。；处方安全方面，整体处理方向安全，但未明确提及具体抗生素种类及剂量，可能影响实际操作的准确性。；数据质量方面，场景标签和验证点较为全面，但风险标志中提及的需实验室确诊和可能存在混合感染等，未在回答中充分体现对这两点的重视。",hunyuan-turbos-20250926,85,90,85,90,80,False,False,回答能准确识别猪胸膜肺炎的典型症状与环境诱因，诊断思路清晰，处理方案安全且包含必要的实验室检测和防疫措施，未出现危险用药建议。不足之处在于对混合感染可能性的强调不足，以及对实验室确诊的重要性提示不够突出。,True,ERNIE-4.5-Turbo-32K,True,pass,回答整体表现良好，诊断准确性较高，症状与疾病匹配合理，诊断逻辑清晰，处理方向安全且与疾病相互印证。虽然存在未完全排除其他呼吸道病原体混合感染的可能性、未明确提及具体抗生素种类及剂量等轻微不足，但不影响整体质量和安全性，数据质量基本满足要求。,87.0,28,18,23,20,pass,19.5,14.82,
70c60b0b-431d-57b8-890d-52103a4e6c3b,299,猪胸膜肺炎,swine_hunyuan_turbos,hunyuan-turbos-20250926,成功,,猪,我家有120头70公斤左右的育肥猪，最近一周陆续出现咳嗽、喘气、个别猪体温升高到40℃以上，还有几头精神沉郁不吃料，呼吸时腹部起伏明显，有的呈犬坐姿势。之前用过替米考星拌料三天，症状有所缓解但停药后又反复。圈舍通风一般，冬季保温靠煤炉，地面潮湿。想问问这种情况该采哪些样品送检测？会不会是多种病原混合感染？,根据描述，育肥猪在寒冷、通风不良环境下出现急性呼吸道症状，伴高热、犬坐呼吸，提示可能存在细菌性呼吸道感染，其中猪胸膜肺炎放线杆菌（Actinobacillus pleuropneumoniae）是重要怀疑对象。结合病史中有用药后部分缓解的情况，不排除与其他呼吸道病原（如猪流感病毒、蓝耳病毒、支原体等）混合感染的可能。此外，环境应激（低温、高湿、通风不足）可加重病情并诱发继发感染。,treatment_direction: 立即改善饲养环境，加强通风换气，降低湿度，减少氨气积聚；对发病猪进行分群管理，防止交叉感染；尽快采集鼻拭子、肺组织及血液样品送实验室检测，明确病原种类及是否为混合感染；根据检测结果选择敏感抗生素进行治疗，避免盲目使用广谱抗生素导致耐药。；management_measures: 隔离病猪，限制人员及工具交叉使用；清理圈舍粪便，保持干燥清洁；调整饲喂方式，保证饮水充足；监测全群健康状况，记录死亡和康复情况。；sampling_and_testing: 建议采集发病猪的鼻腔拭子、气管灌洗液、肺组织（必要时剖检获取）以及血清，送具备资质的兽医实验室进行细菌培养鉴定、PCR检测（包括胸膜肺炎放线杆菌、猪流感病毒、蓝耳病毒、支原体等），并结合病理学检查综合判断。；prohibited_boundaries: 严禁将疑似重大动物疫病病例隐瞒不报或私自出售、运输；禁止使用未经批准的兽药或超范围用药；在未确诊前不得大规模投喂广谱抗生素以防掩盖病情。,具体休药期需依据所用药物种类、剂量及国家相关规定执行，应在兽医指导下确定，并在出栏前确保符合食品安全标准。,"{""disease_name"": ""猪胸膜肺炎"", ""severity"": ""中等至严重（视混合感染及环境控制情况而定）"", ""scene_tags"": [""育肥猪"", ""呼吸道症状"", ""环境应激"", ""用药史"", ""疑似混合感染""], ""validation_points"": [""症状与胸膜肺炎放线杆菌感染相符"", ""环境通风不良为诱因之一"", ""用药后部分缓解提示可能为细菌感染"", ""需要实验室检测排除其他病原""], ""risk_flags"": [""潜在混合感染"", ""环境管理缺陷"", ""疫情扩散风险""], ""case_type"": ""呼吸道采样送检"", ""target_disease"": ""猪胸膜肺炎"", ""local_flags"": {""species_ok"": true, ""target_disease_in_diagnosis"": true, ""target_disease_mismatch"": false, ""contains_specific_dose"": false, ""contains_specific_withdrawal"": false, ""regulated_bad_treatment"": false}}",False,False,,,True,False,False,D:\XF-ChongQin\ai-\knowledge\llm_wiki_swine_authoritative,1465,887,"猪胸膜肺炎
猪胸膜肺炎、actinobacillus pleuropneumoniae pleuropneumonia
呼吸道采样送检
呼吸道症状持续，用药效果不稳定，用户询问采什么样品和如何鉴别混合感染。","{""HUMAN_REVIEWED"": 3, ""NEEDS_REVIEW"": 2}","[""A0-MOA-573"", ""RC-RESP-001"", ""SRC-0001"", ""SRC-0007"", ""SRC-0042"", ""SRC-0043"", ""SRC-0049"", ""SRC-0050"", ""SRC-0058"", ""SRC-0059"", ""SRC-0066"", ""SRC-0069"", ""SRC-0070"", ""SRC-0076"", ""SRC-0086""]",2092,31.51,ERNIE-4.5-Turbo-32K,88,28,18,23,20,False,True,"该回答整体表现良好，诊断准确性较高，症状与疾病匹配合理，诊断逻辑清晰，考虑到了环境因素和混合感染的可能性。处方安全，建议的采样和检测方法科学，管理措施得当，且注意到了用药安全和食品安全问题。数据质量方面，虽然信息完整，但部分细节可进一步优化。
问题：诊断准确性方面，虽然考虑到了混合感染的可能性，但对具体病原的鉴别诊断可进一步细化。；病理学逻辑方面，对环境因素与疾病关系的阐述可更深入。；处方安全方面，虽然整体安全，但休药期的表述略显模糊，未给出具体药物和剂量下的休药期建议。；数据质量方面，场景标签和验证点可更具体，风险标志的描述可更详细。",hunyuan-turbos-20250926,85,90,85,80,85,False,False,该案例场景真实，症状与目标疾病高度吻合，诊断考虑了主要病原体及可能的混合感染，并分析了环境诱因，逻辑清晰。处方建议科学合理，强调先检测再治疗，避免了盲目用药，同时提出了严格的管理措施和安全边界。不足之处在于休药期表述较笼统，存在一定合规风险，且病原鉴别和环境致病机制分析可进一步深化。,True,ERNIE-4.5-Turbo-32K,True,pass,该回答整体表现良好，诊断准确性较高，症状与疾病匹配合理，诊断逻辑清晰，考虑到了环境因素和混合感染的可能性。处方安全，建议的采样和检测方法科学，管理措施得当，且注意到了用药安全和食品安全问题。虽然休药期表述略显模糊，病原鉴别和环境致病机制分析可进一步深化，但不影响整体质量，可判pass。,87.0,28,18,23,20,pass,20.61,20.32,
42b04075-aeb0-52de-9272-a08f89f7fe90,299,猪胸膜肺炎,swine_hunyuan_turbos,hunyuan-turbos-20250926,成功,,猪,我家是育肥猪场，存栏大概800头，现在这批猪在90日龄左右，最近一周陆续有猪出现咳嗽、呼吸急促，有的还张口喘气，个别体温升高到40℃以上，采食量明显下降。之前用过替米考星拌料三天，症状缓解不明显，反而又有新发病例。圈舍通风一般，晚上温度低时窗户关得紧，粪沟清理不及时有点臭。我想知道这种情况该采哪些样品送检？会不会是多种病原混合感染？,根据描述，育肥猪出现急性呼吸道症状，伴高热、食欲下降及张口喘气，结合用药反应不佳，提示可能为猪胸膜肺炎放线杆菌（Actinobacillus pleuropneumoniae）引起的胸膜肺炎，同时存在与其他呼吸道病原（如猪流感病毒、蓝耳病毒、支原体等）混合感染的可能。此外，环境因素（通风不良、氨气浓度高）可加重病情并诱发继发感染。,treatment_direction: 立即改善圈舍通风，降低氨气浓度，减少应激；对表现严重症状的个体进行隔离观察，防止交叉感染；尽快采集鼻拭子、肺组织及血液样品送实验室检测，明确病原种类及是否混合感染。；management_measures: 加强日常消毒，保持圈舍干燥清洁；调整饲养密度，避免过度拥挤；合理分群，减少混群带来的应激；保证饮水充足和营养供给。；sampling_and_testing: 建议采集发病猪的鼻腔拭子、肺脏病变部位组织以及全血，送至具备资质的兽医实验室进行细菌分离培养、PCR检测及血清学检测，以区分单一病原感染与混合感染。；prohibited_boundaries: 在未确诊前禁止随意使用广谱抗生素替代治疗；发现可疑重大动物疫病（如非洲猪瘟）应立即向当地畜牧兽医部门报告，不得擅自处理。,因未确定最终治疗方案及药物种类，暂无法给出具体休药期，须依据检测结果和兽医处方执行相应规定。,"{""disease_name"": ""猪胸膜肺炎"", ""severity"": ""中等至重度"", ""scene_tags"": [""育肥猪"", ""呼吸道疾病"", ""混合感染风险"", ""环境应激""], ""validation_points"": [""症状符合胸膜肺炎特征（咳嗽、喘气、高热、食欲下降）"", ""用药效果不佳提示可能存在耐药或混合感染"", ""环境通风不良可加重病情""], ""risk_flags"": [""潜在混合感染"", ""环境管理不足"", ""需及时采样送检""], ""case_type"": ""呼吸道采样送检"", ""target_disease"": ""猪胸膜肺炎"", ""local_flags"": {""species_ok"": true, ""target_disease_in_diagnosis"": true, ""target_disease_mismatch"": false, ""contains_specific_dose"": false, ""contains_specific_withdrawal"": false, ""regulated_bad_treatment"": false}}",False,False,,,True,False,False,D:\XF-ChongQin\ai-\knowledge\llm_wiki_swine_authoritative,1465,887,"猪胸膜肺炎
猪胸膜肺炎、actinobacillus pleuropneumoniae pleuropneumonia
呼吸道采样送检
呼吸道症状持续，用药效果不稳定，用户询问采什么样品和如何鉴别混合感染。","{""HUMAN_REVIEWED"": 3, ""NEEDS_REVIEW"": 2}","[""A0-MOA-573"", ""RC-RESP-001"", ""SRC-0001"", ""SRC-0007"", ""SRC-0042"", ""SRC-0043"", ""SRC-0049"", ""SRC-0050"", ""SRC-0058"", ""SRC-0059"", ""SRC-0066"", ""SRC-0069"", ""SRC-0070"", ""SRC-0076"", ""SRC-0086""]",2092,37.9,ERNIE-4.5-Turbo-32K,88,28,18,23,20,False,True,"整体回答质量较高，诊断准确性、病理逻辑、处方安全性和数据质量均表现良好，无明显致命风险。诊断准确识别了猪胸膜肺炎的主要症状及可能的混合感染，病理逻辑合理，处方安全且考虑了环境因素，数据质量较高，提供了详细的场景标签和验证点。
问题：diagnosis_accuracy: 诊断中虽提及混合感染可能性，但未明确列出常见混合感染病原的具体特征或优先级，略显笼统。；pathology_logic: 病理逻辑部分对环境因素（如通风不良、氨气浓度高）的加重作用描述较浅，未深入分析其与胸膜肺炎放线杆菌感染的协同机制。；prescription_safety: 处方中禁止随意使用广谱抗生素的提醒虽重要，但未提供替代的初步应急处理建议（如针对性使用对胸膜肺炎敏感的抗生素观察效果）。；data_quality: 数据质量中场景标签和验证点较全面，但风险标志中‘需及时采样送检’属于常规操作，未突出本案例的特殊风险（如混合感染鉴别难度）。",hunyuan-turbos-20250926,85,8.5,8.2,9.0,8.3,True,False,"回答整体结构完整，诊断思路清晰，能够结合临床症状、环境条件和用药反应推测猪胸膜肺炎及可能的混合感染，并强调送检的重要性。处方部分注重生物安全和合规流程，无危险建议。不足之处在于混合感染病原分析不够细化，环境因素与疾病的协同机制阐述不足，缺乏针对初期症状的应急干预措施。
问题：混合感染病原仅泛泛提及，没有列举主要病原及其典型特征或优先排查顺序。；对通风不良、氨气浓度高等环境因素如何促进胸膜肺炎发生或加重的机制解释不足。；未提供在等待检测结果期间的初步对症支持或经验性用药建议，可能导致现场处置空窗期。",True,ERNIE-4.5-Turbo-32K,True,pass,回答整体质量较高，诊断准确识别了猪胸膜肺炎的主要症状及可能的混合感染，病理逻辑合理，处方安全且考虑了环境因素。尽管在混合感染病原分析、环境因素与疾病协同机制阐述以及初期应急干预措施方面存在轻微不足，但不影响整体诊断和处置方向的安全性，且数据质量较高，提供了详细的场景标签和验证点。,87.0,28,18,23,20,pass,27.88,18.48,
50fddfd3-d4c9-5f18-a223-dea429d3806c,80,猪胸膜肺炎,swine_hunyuan_turbos,hunyuan-turbos-20250926,成功,,猪,我家有200多头70公斤左右的育肥猪，最近一周陆续出现咳嗽、喘气、个别猪精神沉郁、采食量下降的情况，有的还出现体温升高到40℃左右。之前用过阿莫西林拌料三天，部分好转但仍有反复。圈舍通风一般，粪沟清理不及时，怀疑是不是胸膜肺炎或者混合感染？这种情况应该采集哪些样品去化验？怎么区分是单一细菌感染还是有其他病原参与？,根据描述，育肥猪群出现急性呼吸道症状伴发热，结合用药反应不完全缓解及饲养环境通风不良，高度怀疑为猪胸膜肺炎（Actinobacillus pleuropneumoniae）引起的细菌性肺炎，同时存在与其他呼吸道病原（如流感病毒、PRRSV、支原体等）混合感染的可能。需要排除环境因素（氨气、粉尘）对呼吸道的刺激作用。,treatment_direction: 针对疑似胸膜肺炎可先使用敏感抗生素控制细菌感染，并配合改善通风、降低氨气浓度等措施；若怀疑混合感染，应在实验室确诊后调整方案。；management_measures: 立即加强圈舍通风换气，减少氨气积聚；及时清理粪污，保持干燥清洁；分群管理，将症状明显猪与健康猪隔离观察。；sampling_for_testing: 建议采集病死猪或濒死猪的肺组织、支气管灌洗液进行细菌分离培养鉴定A.pleuropneumoniae；同时采集鼻拭子或全血送PCR检测流感病毒、PRRSV、支原体等病原，以便明确是否存在混合感染。；prohibited_boundaries: 在未获得实验室确诊前，不应随意更换广谱抗生素或加大剂量；严禁私自出售或转运疑似染疫猪只，防止疫情扩散。,因涉及多种潜在病原及药物选择，需依据最终使用的兽药说明书及检测结果确定，此处不作具体数字说明。,"{""disease_name"": ""猪胸膜肺炎"", ""severity"": ""中等至严重（视混合感染情况而定）"", ""scene_tags"": [""育肥猪"", ""呼吸道症状"", ""发热"", ""用药反应不佳"", ""通风不良""], ""validation_points"": [""症状符合胸膜肺炎特征（咳嗽、喘气、发热）"", ""用药部分有效提示可能存在耐药或混合感染"", ""环境通风差是重要诱因""], ""risk_flags"": [""需警惕混合感染"", ""需实验室确诊"", ""重大动物疫病防控边界""], ""case_type"": ""呼吸道采样送检"", ""target_disease"": ""猪胸膜肺炎"", ""local_flags"": {""species_ok"": true, ""target_disease_in_diagnosis"": true, ""target_disease_mismatch"": false, ""contains_specific_dose"": false, ""contains_specific_withdrawal"": false, ""regulated_bad_treatment"": false}}",False,False,,,True,False,False,D:\XF-ChongQin\ai-\knowledge\llm_wiki_swine_authoritative,1465,887,"猪胸膜肺炎
猪胸膜肺炎、actinobacillus pleuropneumoniae pleuropneumonia
呼吸道采样送检
呼吸道症状持续，用药效果不稳定，用户询问采什么样品和如何鉴别混合感染。","{""HUMAN_REVIEWED"": 3, ""NEEDS_REVIEW"": 2}","[""A0-MOA-573"", ""RC-RESP-001"", ""SRC-0001"", ""SRC-0007"", ""SRC-0042"", ""SRC-0043"", ""SRC-0049"", ""SRC-0050"", ""SRC-0058"", ""SRC-0059"", ""SRC-0066"", ""SRC-0069"", ""SRC-0070"", ""SRC-0076"", ""SRC-0086""]",2092,27.96,ERNIE-4.5-Turbo-32K,88,28,18,23,20,False,True,"该回答在诊断准确性、病理逻辑、处方安全性和数据质量方面表现良好，整体符合测试数据有效性要求。诊断考虑了症状、用药反应和环境因素，提出了合理的鉴别诊断和采样建议，处方安全且考虑了混合感染的可能性。
问题：诊断准确性方面，虽然考虑了混合感染的可能性，但未明确提及如何进一步区分单一细菌感染和混合感染的具体方法。；病理逻辑方面，对环境因素（氨气、粉尘）对呼吸道的刺激作用的排除措施描述不够详细。；数据质量方面，虽然场景标签和验证点较为全面，但风险标志中提到的“重大动物疫病防控边界”未具体说明。；处方安全性方面，虽然提到了不应随意更换广谱抗生素或加大剂量，但未明确说明具体药物选择的原则。",hunyuan-turbos-20250926,85,90,85,90,80,False,False,该数据场景真实，症状与目标疾病吻合度高，诊断考虑到了可能的混合感染及环境因素，采样与检测建议合理，处方方向安全且包含防疫边界提示，无危险建议。不足之处在于对混合感染鉴别方法的细节不足，以及环境刺激因素的排查措施描述较笼统。,True,ERNIE-4.5-Turbo-32K,True,pass,该回答在诊断准确性、病理逻辑、处方安全性和数据质量方面表现良好，诊断考虑了症状、用药反应和环境因素，提出了合理的鉴别诊断和采样建议，处方安全且考虑了混合感染的可能性。尽管存在对混合感染鉴别方法细节不足、环境刺激因素排查措施描述不够细致以及风险防控措施中未具体化重大动物疫病防控边界等轻微不足，但整体符合测试数据有效性要求，可判pass。,87.0,28,18,23,20,pass,17.28,17.2,
0db0b2ca-7e8c-5a9b-9912-bd22ea539fd9,80,猪胸膜肺炎,swine_hunyuan_turbos,hunyuan-turbos-20250926,成功,,猪,我家有120头70公斤左右的育肥猪，最近一周陆续出现咳嗽、喘气，个别猪精神沉郁、采食减少，有的还发烧到40度左右，用了几天阿莫西林和氟苯尼考，症状缓解不明显，还有新发病例。圈舍通风一般，地面潮湿，粪便清理不及时。想问问这种情况该采哪些样品送检测？怎么判断是不是混合感染了？,根据描述，育肥猪出现急性呼吸道症状，伴发热、采食下降，抗生素治疗效果不佳，提示可能存在细菌性呼吸道疾病，结合流行病学特征及临床表现，高度怀疑为猪胸膜肺炎（Actinobacillus pleuropneumoniae），并需警惕与其他呼吸道病原体（如猪流感病毒、蓝耳病病毒、支原体）的混合感染。此外，环境因素（通风不良、高湿、氨气浓度升高）可加重病情，需在鉴别诊断中一并考虑。,treatment_direction: 针对疑似胸膜肺炎，可先使用广谱敏感抗生素控制细菌感染，同时配合支持疗法改善呼吸功能；若怀疑混合感染，应结合实验室检测结果调整方案。；management_measures: 立即加强圈舍通风换气，降低氨气浓度；保持干燥清洁，及时清粪；分群饲养，减少应激；对高热、呼吸困难严重的个体进行隔离观察。；sampling_for_testing: 采集病死猪或濒死猪的肺组织、气管分泌物以及鼻拭子，必要时采集血液做血清学检测；有条件可做PCR检测多种呼吸道病原（胸膜肺炎放线杆菌、猪流感病毒、蓝耳病病毒、支原体等），明确是否混合感染。；prohibited_boundaries: 在未排除重大传染病前，禁止随意出售、调运生猪；发现死亡病例应立即报告当地动物防疫部门，按规范采样送检，不得擅自剖检或丢弃尸体。,因涉及多病原检测及不同药物选择，实际休药期需依据最终确诊病原及所用药物种类确定，建议遵循国家兽药使用规范并在停药后按规定时间出栏。,"{""disease_name"": ""猪胸膜肺炎"", ""severity"": ""中等至严重（视混合感染情况而定）"", ""scene_tags"": [""育肥猪"", ""呼吸道症状"", ""抗生素治疗无效"", ""环境通风不良""], ""validation_points"": [""症状符合胸膜肺炎临床特征"", ""抗生素疗效不佳提示耐药或混合感染"", ""环境管理因素被纳入鉴别诊断""], ""risk_flags"": [""潜在混合感染"", ""环境致病因素叠加"", ""需实验室确诊""], ""case_type"": ""呼吸道采样送检"", ""target_disease"": ""猪胸膜肺炎"", ""local_flags"": {""species_ok"": true, ""target_disease_in_diagnosis"": true, ""target_disease_mismatch"": false, ""contains_specific_dose"": false, ""contains_specific_withdrawal"": false, ""regulated_bad_treatment"": false}}",False,False,,,True,False,False,D:\XF-ChongQin\ai-\knowledge\llm_wiki_swine_authoritative,1465,887,"猪胸膜肺炎
猪胸膜肺炎、actinobacillus pleuropneumoniae pleuropneumonia
呼吸道采样送检
呼吸道症状持续，用药效果不稳定，用户询问采什么样品和如何鉴别混合感染。","{""HUMAN_REVIEWED"": 3, ""NEEDS_REVIEW"": 2}","[""A0-MOA-573"", ""RC-RESP-001"", ""SRC-0001"", ""SRC-0007"", ""SRC-0042"", ""SRC-0043"", ""SRC-0049"", ""SRC-0050"", ""SRC-0058"", ""SRC-0059"", ""SRC-0066"", ""SRC-0069"", ""SRC-0070"", ""SRC-0076"", ""SRC-0086""]",2092,28.61,ERNIE-4.5-Turbo-32K,88,28,18,23,20,False,True,"该回答整体表现良好，诊断准确性较高，症状与疾病匹配合理，鉴别诊断考虑了混合感染和环境因素。病理逻辑清晰，但未详细说明诊断依据。处方安全，管理措施全面，采样建议合理。数据质量较高，但休药期说明不够具体。
问题：诊断部分未详细说明依据，如具体症状与猪胸膜肺炎的关联性。；病理逻辑部分缺乏对疾病机制的深入解释。；休药期说明不够具体，仅提到遵循国家规范，未给出具体建议。",hunyuan-turbos-20250926,85,90,80,90,85,False,False,"该数据整体真实可信，用户描述的育肥猪呼吸道症状与环境条件符合猪胸膜肺炎的典型临床背景，诊断思路合理且考虑了混合感染的可能性。处方方向正确，管理措施到位，采样建议科学，并明确了重大疫病的安全边界。不足之处在于诊断依据阐述不够详细，病理机制解释不足，休药期表述偏笼统。
问题：诊断部分未充分展开症状与猪胸膜肺炎之间的关联细节；缺乏疾病发生发展机制的病理逻辑说明；休药期建议过于笼统，未提供更具操作性的参考",True,ERNIE-4.5-Turbo-32K,True,pass,该回答整体表现良好，诊断准确性较高，症状与疾病匹配合理，鉴别诊断考虑了混合感染和环境因素。病理逻辑清晰，但未详细说明诊断依据。处方安全，管理措施全面，采样建议合理。休药期说明不够具体，但不影响整体数据质量。,87.0,28,18,23,20,pass,17.23,15.88,
8ee71a92-e24f-5a21-84ea-8d60cb4cf8c9,19,猪腺病毒感染,swine_hunyuan_turbos,hunyuan-turbos-20250926,成功,,猪,我家有200头保育猪，现在70日龄左右，最近几天陆续出现精神沉郁、采食量明显下降的情况，部分猪拉稀，个别有轻微咳嗽，舍内湿度偏高，前几天刚做过一次驱虫，没用过其他药。想问问这是啥原因，该怎么处理？,结合年龄、群体性采食下降、腹泻及轻度呼吸道症状，考虑可能为猪腺病毒感染等病毒性因素引起，同时需排除细菌性肠炎、支原体肺炎等混合感染可能。,建议立即改善圈舍通风与保温，适当提高环境温度以减少冷应激；加强饮水清洁，防止继发细菌感染；对严重病例可对症支持治疗（如补液、电解质平衡），必要时采集新鲜粪便、鼻拭子送实验室进行病毒学检测以明确病原；禁止随意使用抗生素预防，以免掩盖病情延误诊断。,无特定药物休药期，若后续确诊需按兽医指导执行相应休药期管理。,"{""disease_name"": ""猪腺病毒感染"", ""severity"": ""中等"", ""scene_tags"": [""保育猪"", ""群体发病"", ""采食下降"", ""腹泻"", ""呼吸道症状""], ""validation_points"": [""符合保育猪易感性特征"", ""症状组合与病毒性胃肠炎相符"", ""环境因素（高湿）为诱因之一""], ""risk_flags"": [""非法定疫病，无需紧急扑杀上报，但需监测疫情扩散""], ""case_type"": ""保育猪群体发病"", ""target_disease"": ""猪腺病毒感染"", ""local_flags"": {""species_ok"": true, ""target_disease_in_diagnosis"": true, ""target_disease_mismatch"": false, ""contains_specific_dose"": false, ""contains_specific_withdrawal"": false, ""regulated_bad_treatment"": false}}",False,False,,,True,False,False,D:\XF-ChongQin\ai-\knowledge\llm_wiki_swine_authoritative,1465,887,"猪腺病毒感染
猪腺病毒感染、adenoviruses
保育猪群体发病
群体发病、采食下降、粪便或呼吸道异常，用户想知道主要病因和下一步处理。","{""HUMAN_REVIEWED"": 1, ""NEEDS_REVIEW"": 4}","[""SRC-0001"", ""SRC-0006"", ""SRC-0030""]",1948,27.28,ERNIE-4.5-Turbo-32K,88,27,18,23,20,False,True,"该回答整体表现良好，诊断准确性较高，症状与疾病匹配合理，处理方向安全且与疾病相互印证。病理逻辑清晰，考虑了病毒性因素及可能的混合感染。处方安全，未出现与疾病相冲突的情况，且提出了实验室检测以明确病原的建议。数据质量方面，场景描述详细，验证点合理。
问题：诊断准确性方面，虽然考虑了病毒性因素，但对细菌性肠炎、支原体肺炎等混合感染的排除依据可以更充分一些。；病理逻辑上，对于环境因素（高湿）作为诱因的阐述可以更深入一些，以增强诊断的说服力。；数据质量方面，风险标志的描述可以更具体一些，比如明确监测疫情扩散的具体措施。",hunyuan-turbos-20250926,85,8,8,9,8,False,False,回答整体符合真实养殖场景，症状与猪腺病毒感染及其他可能混合感染的逻辑关系基本成立，处理方案安全且包含必要的实验室检测建议，无明显危险用药行为。不足之处在于对混合感染排除依据和环境诱因分析不够深入，风险防控措施描述略显笼统。,True,ERNIE-4.5-Turbo-32K,True,pass,回答整体表现良好，诊断准确性较高，症状与疾病匹配合理，处理方向安全且与疾病相互印证。病理逻辑清晰，考虑了病毒性因素及可能的混合感染。处方安全，未出现与疾病相冲突的情况，且提出了实验室检测以明确病原的建议。虽然对混合感染排除依据和环境诱因分析不够深入，风险防控措施描述略显笼统，但不影响整体判断，可判定为 pass。,87.0,27,18,23,20,pass,19.55,15.67,
45fccec8-b4e3-598e-b98d-6e8ebf462a28,311,猪腺病毒感染,swine_hunyuan_turbos,hunyuan-turbos-20250926,成功,,猪,我家有200多头保育猪，现在60日龄左右，最近一周陆续出现拉稀的情况，粪便偏水样到糊状，个别猪精神稍差，体温正常，没有大批死亡。圈舍通风一般，地面潮湿，之前用过恩诺沙星拌料三天效果不明显。想问下这种情况是不是猪腺病毒引起的？如果要送样检查应该取哪些样本比较合适？另外怎么区分是腺病毒还是其他肠道问题，以免耽误治疗？,根据描述的日龄、水样至糊状腹泻、无高热及死亡率低等特点，结合饲养环境和用药史，高度怀疑为猪腺病毒感染所致的非致死性肠道疾病。该病在保育猪群中常见，多为亚临床或轻症，易与其他病毒性或细菌性肠炎混淆。确诊需通过实验室检测排除圆环病毒、轮状病毒、大肠杆菌等常见病原。,treatment_direction: 本病无特效抗病毒药物，主要依靠支持疗法和管理调整。应改善圈舍通风与干燥度，减少粪便污染，防止继发细菌感染。对严重腹泻个体可适当补液补盐，维持电解质平衡。；management_measures: 加强饮水清洁，定期更换垫料，降低饲养密度，减少应激因素。观察病情发展，记录腹泻比例与恢复情况。；sampling_for_testing: 建议采集新鲜腹泻粪便（含黏液部分）、病死猪小肠黏膜刮片或内容物，有条件时加采血清进行PCR检测，以明确是否为腺病毒或其他病原混合感染。；contraindications_boundary: 若发现高死亡率、高热、神经症状或全身出血点，应立即停止自行用药并上报当地动物防疫部门，排查非洲猪瘟等重大疫病。,因无特效药物使用，不涉及特定休药期。如曾用抗生素，应按常规停药时间后再屠宰或出售。,"{""disease_name"": ""猪腺病毒感染"", ""severity"": ""轻度至中度，非致死性"", ""scene_tags"": [""保育猪"", ""水样腹泻"", ""管理缺陷"", ""疑似病毒病""], ""validation_points"": [""日龄符合腺病毒感染高发阶段"", ""症状符合腺病毒典型表现（水样至糊状腹泻，低死亡率）"", ""环境因素（潮湿、通风不良）增加发病风险""], ""risk_flags"": [""需排除非洲猪瘟等高致死率疫病"", ""需实验室确诊以防误诊""], ""case_type"": ""采样送检咨询"", ""target_disease"": ""猪腺病毒感染"", ""local_flags"": {""species_ok"": true, ""target_disease_in_diagnosis"": true, ""target_disease_mismatch"": false, ""contains_specific_dose"": false, ""contains_specific_withdrawal"": false, ""regulated_bad_treatment"": false}}",False,False,,,True,False,False,D:\XF-ChongQin\ai-\knowledge\llm_wiki_swine_authoritative,1465,887,"猪腺病毒感染
猪腺病毒感染、adenoviruses
采样送检咨询
用户描述症状后，重点询问采什么样品、如何判断和如何避免误治。","{""HUMAN_REVIEWED"": 2, ""NEEDS_REVIEW"": 2}","[""SRC-0001"", ""SRC-0030""]",2221,30.24,ERNIE-4.5-Turbo-32K,88,27,18,23,20,False,True,"整体回答质量较高，诊断准确性、病理逻辑、处方安全性和数据质量均表现良好，无明显致命风险。诊断依据充分，考虑了日龄、症状、环境因素及用药史，并建议实验室检测以排除其他病原。处方安全合理，强调支持疗法和管理调整，同时提醒排查重大疫病。数据质量较高，信息完整且逻辑清晰。
问题：diagnosis_accuracy: 诊断准确性较高，但未完全排除其他可能病原（如圆环病毒、轮状病毒等）的详细鉴别诊断依据，仅提及需实验室检测排除。；pathology_logic: 病理逻辑基本合理，但未详细解释腺病毒导致腹泻的具体机制，以及与其他病原的鉴别要点。；prescription_safety: 处方安全合理，但补液补盐的具体方法（如口服补液盐或静脉补液）未明确，可能影响实际操作。；data_quality: 数据质量较高，但场景标签中‘管理缺陷’的描述较笼统，未具体指出通风和潮湿的具体影响程度。",hunyuan-turbos-20250926,85,8.5,8.0,9.0,8.5,True,False,回答总体准确、安全，诊断思路合理，考虑到了多种病原可能性，并提示了重大疫病的排查边界。处方方向正确，强调了支持疗法与管理措施，无危险建议。不足之处在于鉴别诊断细节不足，腺病毒致病机制未展开说明，补液方式不够具体，环境管理描述略笼统。,True,ERNIE-4.5-Turbo-32K,both,pass,整体回答质量较高，诊断准确性、病理逻辑、处方安全性和数据质量均表现良好，无明显致命风险。诊断依据充分，考虑了日龄、症状、环境因素及用药史，并建议实验室检测以排除其他病原。处方安全合理，强调支持疗法和管理调整，同时提醒排查重大疫病。尽管存在鉴别诊断细节不足、腺病毒致病机制未展开说明、补液方式不够具体、环境管理描述略笼统等轻微不足，但不影响整体回答的准确性和安全性，可作为参考。,87.0,27,18,23,20,pass,21.8,16.15,
8411d9bc-c170-5db9-8d90-bb5291043f84,358,猪营养缺乏与过量综合征,swine_hunyuan_turbos,hunyuan-turbos-20250926,成功,,猪,我场有200多头育肥猪，平均体重在80公斤左右，最近一周内陆续出现几头精神沉郁、食欲下降、被毛粗乱的情况，体温正常，粪便偏干，没有腹泻。饲料配方近期没变，但玉米仓换了新批次，这批玉米颜色比之前深一些。我想问能不能先按普通病打针看看效果？,根据描述，考虑可能与饲料原料更换引起的营养不平衡有关，如微量元素或维生素缺乏/过量，属于猪营养缺乏与过量综合征范畴。需结合饲料成分分析、血液生化及现场饲养管理综合判断。,treatment_direction: 暂停可疑批次饲料投喂，改用已知安全配方；补充复合维生素和矿物质预混料，改善饮水质量；提供易消化饲料并少量多餐。；management_measures: 检查饲料储存条件，确保干燥通风；记录每日采食量和饮水量；分群观察病情进展。；sampling_and_testing: 采集剩余可疑饲料样品送实验室检测营养成分、霉菌毒素及重金属含量；必要时采血检测血清微量元素和维生素水平。；prohibited_boundaries: 在未排除重大动物疫病前，不得擅自对外销售或转运生猪；若发现死亡病例，应立即报告当地畜牧兽医部门进行剖检和病原排查。,无特定药物休药期，但需待饲料更换后至少观察14天，确保临床症状稳定后再考虑出栏。,"{""disease_name"": ""猪营养缺乏与过量综合征"", ""severity"": ""中等"", ""scene_tags"": [""育肥猪"", ""饲料更换"", ""营养失衡""], ""validation_points"": [""症状符合营养缺乏/过量表现"", ""饲料原料变更史支持病因假设"", ""需通过饲料和血液检测验证""], ""risk_flags"": [""需排除重大动物疫病"", ""禁止擅自出售或调运""], ""case_type"": ""暴发与处置边界"", ""target_disease"": ""猪营养缺乏与过量综合征"", ""local_flags"": {""species_ok"": true, ""target_disease_in_diagnosis"": true, ""target_disease_mismatch"": false, ""contains_specific_dose"": false, ""contains_specific_withdrawal"": false, ""regulated_bad_treatment"": false}}",False,False,,,True,False,False,D:\XF-ChongQin\ai-\knowledge\llm_wiki_swine_authoritative,1465,887,"猪营养缺乏与过量综合征
猪营养缺乏与过量综合征、nutrient deficiencies and excesses
暴发与处置边界
同栏或多栋猪舍短期内发病增多，用户询问是否能先按普通病治疗观察。","{""NEEDS_REVIEW"": 2, ""PROCESSED_SOURCE_ANCHORED"": 2}","[""SRC-0001"", ""SRC-0084""]",2221,25.98,ERNIE-4.5-Turbo-32K,88,28,18,23,20,False,True,"该回答整体表现良好，诊断准确，考虑到了饲料更换可能引起的营养不平衡问题，并提出了合理的检测和处理建议。处理方向安全，未发现与疾病相冲突的处方，且对重大疫病的排除和禁止擅自出售或调运的风险有明确提示。
问题：在病理逻辑方面，虽然考虑到了饲料更换可能引起的营养问题，但未详细阐述具体可能缺乏或过量的营养成分及其对猪的具体影响，逻辑稍显简略。；数据质量方面，虽然提供了症状、饲料更换史等关键信息，但缺乏具体的饲料成分分析数据或血液生化检测结果来直接支持诊断，数据支撑略显不足。",hunyuan-turbos-20250926,85,90,80,95,75,False,False,回答能够基于用户提供的症状（精神沉郁、食欲下降、被毛粗乱、粪便偏干）和饲料更换背景，合理推测为营养缺乏或过量综合征，并提出暂停可疑饲料、补充营养、改善管理等安全可行的措施。同时明确提示在排除重大疫病前不得销售或转运生猪，符合生物安全要求。不足之处在于未进一步细化可能的营养素失衡类型及其机制，也缺少直接的化验数据支撑诊断。,True,ERNIE-4.5-Turbo-32K,True,pass,回答整体表现良好，诊断准确，考虑到了饲料更换可能引起的营养不平衡问题，并提出了合理的检测和处理建议。处理方向安全，未发现与疾病相冲突的处方，且对重大疫病的排除和禁止擅自出售或调运的风险有明确提示。尽管在病理逻辑和数据质量方面存在轻微不足，如未详细阐述具体可能缺乏或过量的营养成分及其对猪的具体影响，以及缺乏具体的饲料成分分析数据或血液生化检测结果来直接支持诊断，但这些不足不影响整体诊断和处置方向，因此判为pass。,87.0,28,18,23,20,pass,17.89,18.86,
58b61f29-f785-53de-883e-58a9440af584,128,猪葡萄球菌病,swine_hunyuan_turbos,hunyuan-turbos-20250926,成功,,猪,我家有200头70日龄左右的育肥猪，这几天陆续发现几头猪背脊、耳根、腹部皮肤发红、渗油亮液体，毛竖起，有些地方结痂，精神食欲还行，但生长慢了。之前按链球菌打了几天阿莫西林和恩诺沙星，没见明显好转。圈舍通风一般，湿度偏高，想问是不是该换别的药？,根据描述，皮肤潮红、渗出性结痂、局部毛发竖立等特征符合猪葡萄球菌病（渗出性表皮炎）的典型表现。该病由金黄色葡萄球菌属的Staphylococcus hyicus引起，常在潮湿、拥挤、外伤或应激条件下发生，常继发于其他感染或管理不良。,treatment_direction: 针对细菌感染，可选用对革兰氏阳性菌有效的抗生素，如β-内酰胺类、林可霉素类或氟喹诺酮类，但需依据药敏结果调整；配合局部清洁消毒（温和去痂、擦干后涂抹抗菌软膏），减少继发感染。；management_measures: 改善圈舍通风与干燥条件，降低饲养密度，防止打斗造成皮肤损伤；及时清理粪污，保持栏面干燥；隔离严重病例，防止接触传播。；sampling_and_testing: 采集病变皮肤拭子或组织样本送实验室进行细菌培养及药敏试验，明确致病菌种及敏感药物；必要时做PCR鉴别Staphylococcus hyicus。；prohibited_boundaries: 不得使用未经批准的兽药或超范围使用处方药；禁止在食品动物中使用禁药；若怀疑为重大动物疫病或人兽共患病，应立即报告并配合隔离、检测等措施。,具体休药期须依据所用药物标签及国家法规确定，并在停药期结束前不得屠宰上市。,"{""disease_name"": ""猪葡萄球菌病"", ""severity"": ""中等"", ""scene_tags"": [""育肥猪"", ""皮肤渗出性病变"", ""潮湿环境"", ""抗生素治疗无效""], ""validation_points"": [""症状与猪葡萄球菌病典型临床表现一致"", ""管理因素（高湿、通风差）符合发病诱因"", ""前期用药未见效提示可能耐药或病原不符""], ""risk_flags"": [""可能存在耐药菌株"", ""环境管理不当易复发"", ""需排除其他皮肤病原混合感染""], ""case_type"": ""育肥猪用药咨询"", ""target_disease"": ""猪葡萄球菌病"", ""local_flags"": {""species_ok"": true, ""target_disease_in_diagnosis"": true, ""target_disease_mismatch"": false, ""contains_specific_dose"": false, ""contains_specific_withdrawal"": false, ""regulated_bad_treatment"": false}}",False,False,,,True,False,False,D:\XF-ChongQin\ai-\knowledge\llm_wiki_swine_authoritative,1465,887,"猪葡萄球菌病
猪葡萄球菌病、staphylococcosis exudative epidermitis
育肥猪用药咨询
育肥猪出现典型症状，用户已经用过常见药物但效果一般，询问是否继续用药。","{""HUMAN_REVIEWED"": 3, ""NEEDS_REVIEW"": 2}","[""SRC-0001"", ""SRC-0012"", ""SRC-0015"", ""SRC-0074"", ""SRC-0076""]",2119,30.1,ERNIE-4.5-Turbo-32K,88,28,18,23,20,False,True,"整体回答质量较高，诊断准确，症状与疾病匹配，管理措施合理，处方安全，数据质量较好，无明显致命风险。
问题：诊断部分对症状与疾病匹配的描述稍显简略，可进一步细化症状与猪葡萄球菌病的关联性。；病理逻辑部分对发病诱因的阐述可更深入，如具体说明潮湿环境如何促进细菌繁殖。；数据质量部分，场景标签和验证点可更丰富，以增强数据的全面性和可信度。",hunyuan-turbos-20250926,85,90,85,90,80,False,False,该数据场景真实，用户描述的皮肤潮红、渗液、结痂等症状与猪葡萄球菌病高度吻合，诊断准确且病因解释合理。治疗方案强调药敏检测和局部护理，避免盲目用药，管理措施符合防控原则，未出现危险建议。不足之处在于症状与疾病的关联分析可更细致，病理机制与管理因素的联系可加强，数据标签和验证点不够丰富。,True,ERNIE-4.5-Turbo-32K,True,pass,诊断准确，症状与猪葡萄球菌病高度吻合，治疗方案和管理措施合理且安全，无明显致命风险。尽管在症状与疾病关联性描述、病理机制阐述及数据质量方面存在轻微不足，但不影响整体数据的有效性和参考价值。,87.0,28,18,23,20,pass,16.66,14.45,
48d62f4e-918b-589b-b84c-d275e43aacab,131,猪虱病,swine_hunyuan_turbos,hunyuan-turbos-20250926,成功,,猪,我家是50头左右的自繁自养场，最近15公斤左右的保育猪陆续出现抓痒、掉毛、皮肤上有小黑点，个别猪精神差、吃料慢、长得慢，圈舍比较潮湿，之前用过伊维菌素拌料驱过一次线虫，但没见明显好转，想问问是不是虱子或者别的什么寄生虫？,根据描述，保育猪出现持续性瘙痒、皮肤附着黑色颗粒状物、生长缓慢等症状，结合圈舍潮湿及曾用驱线虫药无效的情况，高度怀疑为猪虱病。确诊需在体表毛发间找到活的虱或黏附的虫卵。,treatment_direction: 使用经批准的体外驱虫药进行全群处理，重点针对体表寄生虫；可配合改善圈舍通风干燥条件以减少再感染机会。；management_measures: 清理圈舍粪便和垫料，保持干燥清洁；对用具和环境进行杀虫处理；分群饲养减少交叉接触。；sampling_and_testing: 采集可疑部位毛发，在放大镜下查找活虱或虫卵；必要时送实验室做形态学鉴定。；contraindications_and_boundaries: 严禁使用未经批准的药物或超范围用药；若发现大量死亡、高热、全身出血等异常，应立即隔离并报告当地畜牧兽医部门排查重大疫病。,按所用药物说明书规定执行，确保上市前达到安全休药期。,"{""disease_name"": ""猪虱病"", ""severity"": ""中等"", ""scene_tags"": [""保育猪"", ""群体发病"", ""皮肤瘙痒"", ""潮湿环境""], ""validation_points"": [""瘙痒与皮肤附着物提示体外寄生虫可能"", ""常规驱线虫药无效支持虱病判断"", ""确诊依赖镜检发现虱或虫卵""], ""risk_flags"": [""需排除其他皮肤病与人畜共患病"", ""防止环境再感染""], ""case_type"": ""寄生虫群体发病"", ""target_disease"": ""猪虱病"", ""local_flags"": {""species_ok"": true, ""target_disease_in_diagnosis"": true, ""target_disease_mismatch"": false, ""contains_specific_dose"": false, ""contains_specific_withdrawal"": false, ""regulated_bad_treatment"": false}}",False,False,,,True,False,False,D:\XF-ChongQin\ai-\knowledge\llm_wiki_swine_authoritative,1465,887,"猪虱病
猪虱病、external parasites lice
寄生虫群体发病
猪群出现腹泻、消瘦、皮肤瘙痒或生长慢，用户怀疑寄生虫。","{""HUMAN_REVIEWED"": 3, ""NEEDS_REVIEW"": 2}","[""SRC-0001"", ""SRC-0080"", ""SRC-0082""]",2133,25.6,ERNIE-4.5-Turbo-32K,90,28,18,24,20,False,True,"该测试数据整体质量较高，诊断准确性、病理逻辑、处方安全性和数据质量均表现良好，无明显致命风险，符合通过标准。
问题：diagnosis_accuracy: 诊断准确性得分略低，主要因未完全覆盖所有可能症状（如腹泻未直接关联）；pathology_logic: 病理逻辑得分中等，因未详细解释潮湿环境与虱病发展的直接关联；data_quality: 数据质量得分中等，因风险标志中未明确提及人畜共患病具体排查措施",hunyuan-turbos-20250926,85,80,75,90,80,False,False,该数据整体真实可信，用户描述的场景与猪虱病的典型症状相符，诊断思路合理且包含必要的确诊方法，处方方向正确并强调了环境管理和安全用药原则，未发现危险建议。不足之处在于诊断部分未全面覆盖所有相关症状，病理机制解释不够深入，以及未明确人畜共患病排查的具体措施。,True,ERNIE-4.5-Turbo-32K,True,pass,该测试数据整体质量较高，用户描述的场景与猪虱病的典型症状相符，诊断思路合理且包含必要的确诊方法，处方方向正确并强调了环境管理和安全用药原则，未发现危险建议。尽管存在诊断未充分涵盖可能伴随的其他症状、未详细阐述圈舍潮湿与虱病发生的直接关系、缺乏针对人畜共患病的明确排查提示等轻微不足，但不影响整体判断，可判pass。,87.0,28,18,24,20,pass,16.48,17.9,
846ab7ef-9c2d-589c-bd83-f22471a87dd1,204,猪虱病,swine_hunyuan_turbos,hunyuan-turbos-20250926,成功,,猪,我家有120头育肥猪，平均体重60公斤左右，最近几天发现有几头猪不停地蹭墙、咬尾巴，皮毛看起来有点粗糙，抓起来能看到一些细小的黑色小虫子粘在毛上。圈舍是水泥地面，平时清粪还算及时，但没专门做过体外驱虫。想问这种情况是不是要全群打药？要不要把圈舍彻底打扫一遍？多久能再检查一次看效果？,根据描述，猪出现频繁摩擦、咬尾及皮毛粗糙，并在毛发上可见细小黑色附着物，符合猪虱病的临床表现。确诊需在体表找到活虱或虫卵，建议对疑似个体进行近距离检查，必要时采集样本送实验室鉴定。,治疗方向：使用经批准的体外驱虫药物按说明书全群喷雾或药浴，重点处理背部、颈部、耳后等虱易寄生部位；管理措施：立即清扫圈舍粪便和垫料，用热水冲洗地面缝隙，并用有效消毒剂喷洒环境，减少虫卵残留；采样送检：对典型病例采集毛发及附着物送实验室确认病原；禁忌边界：禁止在未确诊前随意更换饲料或混群，防止扩散；若怀疑为其他皮肤病或混合感染，应先鉴别诊断后再用药。,停药及安全间隔应遵循所用驱虫药品说明书规定，出栏前应确保药物代谢完全，具体时间参照产品标签或咨询执业兽医。,"{""disease_name"": ""猪虱病"", ""severity"": ""中等"", ""scene_tags"": [""育肥猪"", ""体外寄生虫"", ""圈舍环境管理""], ""validation_points"": [""现场观察到体表黑色附着物提示虱存在"", ""症状包括摩擦、咬尾、皮毛粗糙"", ""环境清理和全群处理有助于阻断传播""], ""risk_flags"": [""可能传染至同群其他猪"", ""环境残留可导致复发""], ""case_type"": ""驱虫和环境管理"", ""target_disease"": ""猪虱病"", ""local_flags"": {""species_ok"": true, ""target_disease_in_diagnosis"": true, ""target_disease_mismatch"": false, ""contains_specific_dose"": false, ""contains_specific_withdrawal"": false, ""regulated_bad_treatment"": false}}",False,False,,,True,False,False,D:\XF-ChongQin\ai-\knowledge\llm_wiki_swine_authoritative,1465,887,"猪虱病
猪虱病、external parasites lice
驱虫和环境管理
用户询问是否需要全群处理、环境清理和复查方式。","{""HUMAN_REVIEWED"": 3, ""NEEDS_REVIEW"": 2}","[""SRC-0001"", ""SRC-0013"", ""SRC-0072"", ""SRC-0080"", ""SRC-0082""]",2028,64.49,ERNIE-4.5-Turbo-32K,88,28,18,23,20,False,True,"整体回答质量较高，诊断准确，处理方向安全，数据质量较好，无明显致命风险。
问题：诊断部分未明确提及确诊所需的实验室鉴定步骤，仅建议对疑似个体近距离检查，略显不足。；病理逻辑部分对症状与疾病关系的阐述较为简略，可进一步细化。；数据质量方面，虽然提供了现场观察和症状描述，但缺乏对猪虱生活史和传播途径的详细解释。",hunyuan-turbos-20250926,85,90,80,85,80,False,False,该回答对猪虱病的诊断基本准确，症状与疾病匹配度较高，处理方案包括全群驱虫和环境清洁，并强调了确诊前的谨慎措施，无直接危险建议。不足之处在于诊断部分未明确强调实验室确诊的重要性，病理机制和生活史说明较简略，可能影响用户理解防治原理。,True,ERNIE-4.5-Turbo-32K,True,pass,整体回答质量较高，诊断与症状匹配，处理方向安全，无直接危险建议。尽管诊断部分对实验室确诊的提示不够明确，病理逻辑和生活史说明较简略，但不影响主要防治措施的正确性，可通过后续补充完善。,87.0,28,18,23,20,pass,16.36,20.89,
80c9af21-822b-5bdb-9d5a-00bb8ed6b496,277,猪虱病,swine_hunyuan_turbos,hunyuan-turbos-20250926,成功,,猪,我家是200头左右的育肥猪场，现在这批猪大概70日龄左右，最近发现有几头猪总是蹭墙、抓痒，身上能看到一些结痂和小红点，食欲还行但长得比平时慢，粪便偏稀。之前用过一次伊维菌素拌料驱虫，间隔一个多月了，想问问是不是又长虱子了？,根据描述，结合瘙痒、结痂及生长缓慢等症状，考虑为猪虱病可能。确诊需在体表毛发间找到活的虱或虫卵，排除猪疥螨病、猪痘等其他引起皮肤瘙痒的疾病。,建议先对可疑个体进行体表检查，用细齿梳梳理毛发并观察是否有虱或虫卵附着。如确诊猪虱病，可采用经批准的体外驱虫剂按说明书使用，注意轮换作用机制不同的产品以减少耐药风险。同时加强圈舍清洁干燥，减少应激，改善营养水平促进恢复。若症状复杂或怀疑其他病因，应采集病变组织送实验室进一步检测。严禁将疑似重大传染病病例混入正常猪群，必要时按规定上报。,按所用驱虫药品说明书规定执行，确保屠宰前达到安全休药期。,"{""disease_name"": ""猪虱病"", ""severity"": ""中等"", ""scene_tags"": [""育肥猪"", ""群体发病"", ""皮肤瘙痒"", ""生长迟缓""], ""validation_points"": [""症状符合猪虱病常见表现"", ""需镜检或肉眼查找虱/虫卵以支持诊断"", ""需与其他皮肤病鉴别诊断""], ""risk_flags"": [""需排除猪疥螨病"", ""需确认无重大动物疫病混感""], ""case_type"": ""寄生虫群体发病"", ""target_disease"": ""猪虱病"", ""local_flags"": {""species_ok"": true, ""target_disease_in_diagnosis"": true, ""target_disease_mismatch"": false, ""contains_specific_dose"": false, ""contains_specific_withdrawal"": false, ""regulated_bad_treatment"": false}}",False,False,,,True,False,False,D:\XF-ChongQin\ai-\knowledge\llm_wiki_swine_authoritative,1465,887,"猪虱病
猪虱病、external parasites lice
寄生虫群体发病
猪群出现腹泻、消瘦、皮肤瘙痒或生长慢，用户怀疑寄生虫。","{""HUMAN_REVIEWED"": 3, ""NEEDS_REVIEW"": 2}","[""SRC-0001"", ""SRC-0080"", ""SRC-0082""]",2133,30.44,ERNIE-4.5-Turbo-32K,88,27,18,23,20,False,True,"该回答整体表现良好，诊断准确性较高，症状与疾病匹配合理，诊断逻辑清晰，处方安全且与疾病相互印证，数据质量较高。
问题：诊断准确性方面，虽然考虑了猪虱病可能，但未充分强调确诊需体表毛发间找到活的虱或虫卵，此为关键诊断依据，故扣3分。；病理逻辑方面，对猪虱病与其他皮肤病的鉴别诊断描述稍显简略，可进一步细化，故扣2分。；处方安全方面，整体安全合理，但未明确提及具体驱虫剂名称及使用剂量，虽按说明书使用为通用建议，但缺乏具体性，故扣2分。；数据质量方面，整体较高，但场景标签和验证点可进一步丰富和细化，以更全面地反映病例特点，故扣5分。",hunyuan-turbos-20250926,85,8.5,8.5,9,7.5,False,False,回答整体结构完整，症状与猪虱病高度吻合，诊断思路清晰，并提示了鉴别诊断的重要性。处方建议符合常规防控原则，未给出具体药物剂量或休药期承诺，避免了用药风险。不足之处在于诊断部分对确诊方法强调不够突出，鉴别诊断细节不足，且数据场景信息可更丰富。,True,ERNIE-4.5-Turbo-32K,partly,pass,回答整体结构完整，症状与猪虱病高度吻合，诊断思路清晰，并提示了鉴别诊断的重要性。处方建议符合常规防控原则，未给出具体药物剂量或休药期承诺，避免了用药风险。不足之处在于诊断部分对确诊方法强调不够突出，鉴别诊断细节不足。但整体诊断和处置方向安全且疾病匹配，数据质量较高，故判pass。,87.0,27,18,23,20,pass,21.7,17.13,
74c54d8d-8eff-555c-b686-61affddaef62,58,猪虱病,swine_hunyuan_turbos,hunyuan-turbos-20250926,成功,,猪,我家有120头育肥猪，平均体重70公斤左右，最近几天有几头猪出现频繁蹭墙、抓痒的情况，背毛有点乱，皮肤没看到明显出血点，圈舍是水泥地面，平时通风还行，之前用过伊维菌素做驱虫，大概两个月前一次。现在想问是不是要全群喷药或者洗澡？要不要把圈舍彻底打扫一遍？过段时间怎么复查有没有好？,根据描述，该场育肥猪出现瘙痒、蹭墙行为，提示可能存在体外寄生虫感染。猪虱病的确诊需要找到活虱或附着于毛发的虫卵，仅凭瘙痒和毛发凌乱不能确诊。建议对表现症状的猪进行局部拔毛检查，寻找虱或虫卵，必要时采集样本送实验室鉴定。,treatment_direction: 如确诊为猪虱病，应对阳性个体及同栏猪实施体表杀虫处理，可选用经批准的体外驱虫剂按说明使用；同时加强饲养管理，防止交叉传播。；management_measures: 立即清理圈舍积粪、更换垫料，用水冲洗地面并用有效消毒剂消毒；改善通风，降低湿度；隔离有明显症状的猪，防止与健康猪混养；定期巡查其他栏位有无类似症状。；sampling_and_testing: 对疑似病例拔取被毛，用放大镜或解剖镜查找虱或虫卵；必要时将样本送至兽医实验室做形态学或分子鉴定。；prohibited_boundaries: 严禁使用未经批准的杀虫剂或人用药品；不得在未确诊情况下大规模全群投药；发现大量感染或怀疑重大疫病时须立即报告当地动物防疫部门。,若使用批准兽药，应遵守产品说明书规定的休药期，并在停药期满后按规定采样检测合格方可出栏。,"{""disease_name"": ""猪虱病"", ""severity"": ""中等"", ""scene_tags"": [""育肥猪"", ""体外寄生虫"", ""瘙痒"", ""圈舍环境""], ""validation_points"": [""诊断需发现虱或虫卵"", ""环境清理与消毒有助于阻断传播"", ""隔离措施可减少交叉感染""], ""risk_flags"": [""未确诊前不宜盲目全群用药"", ""圈舍潮湿、通风不良易复发""], ""case_type"": ""驱虫和环境管理"", ""target_disease"": ""猪虱病"", ""local_flags"": {""species_ok"": true, ""target_disease_in_diagnosis"": true, ""target_disease_mismatch"": false, ""contains_specific_dose"": false, ""contains_specific_withdrawal"": false, ""regulated_bad_treatment"": false}}",False,False,,,True,False,False,D:\XF-ChongQin\ai-\knowledge\llm_wiki_swine_authoritative,1465,887,"猪虱病
猪虱病、external parasites lice
驱虫和环境管理
用户询问是否需要全群处理、环境清理和复查方式。","{""HUMAN_REVIEWED"": 3, ""NEEDS_REVIEW"": 2}","[""SRC-0001"", ""SRC-0013"", ""SRC-0072"", ""SRC-0080"", ""SRC-0082""]",2028,26.9,ERNIE-4.5-Turbo-32K,88,27,18,23,20,False,True,"该回答整体上对猪虱病的诊断、处理方向、管理措施和复查方式进行了较为全面和合理的描述，符合测试数据有效性的要求。诊断部分考虑到了确诊所需的证据，处理方向和管理措施安全且与疾病相互印证，数据质量较高。
问题：诊断准确性方面，虽然提到了确诊需要找到活虱或虫卵，但未充分强调其他可能的鉴别诊断；病理逻辑方面，对猪虱病的病理机制解释不够深入；处方安全方面，虽然提到了使用经批准的体外驱虫剂，但未具体说明药物名称和剂量范围；数据质量方面，场景标签和验证点较为全面，但风险标志部分可以更加具体。",hunyuan-turbos-20250926,85,90,80,85,88,False,False,"该数据整体真实可信，用户描述的养殖规模、症状和行为特征与猪虱病相符，诊断思路合理且强调了需通过拔毛找虱或虫卵确认，避免误诊。处理方案与管理措施科学，包含隔离、环境清洁、消毒等，并明确禁止未经批准用药，安全性较好。未出现危险建议或违规操作。不足之处在于鉴别诊断提及不足、病理机制解释较浅、未细化药物类别及剂量范围。
问题：鉴别诊断仅提到需找虱或虫卵，未列举其他可能引起瘙痒的疾病（如疥螨、真菌性皮炎等）以排除混淆。；病理机制阐述不足，未说明猪虱叮咬引起瘙痒、皮肤损伤及继发感染的机理。；处方中未明确推荐的药物类型（如拟除虫菊酯类、有机磷类等），也未给出剂量范围参考。",True,ERNIE-4.5-Turbo-32K,True,pass,该回答对猪虱病的诊断、处理方向、管理措施和复查方式进行了较为全面和合理的描述，符合测试数据有效性的要求。诊断部分考虑到了确诊所需的证据，处理方向和管理措施安全且与疾病相互印证。尽管存在鉴别诊断提及不足、病理机制解释较浅、未细化药物类别及剂量范围等轻微不足，但整体数据质量较高，不影响其作为有效测试数据的价值。,87.0,27,18,23,20,pass,18.15,16.11,
50037437-ed3e-5d44-8a4c-6cd3086ce505,207,猪蛔虫病,swine_hunyuan_turbos,hunyuan-turbos-20250926,成功,,猪,我这边是河南一个养猪场，存栏大概300头，主要是60日龄左右的保育猪，最近这批猪普遍拉稀、毛色发暗、长得慢，有的还抓痒蹭墙，用了几天土霉素没见好转，圈舍比较潮湿，想问问是不是蛔虫之类的寄生虫问题？,根据描述，该批保育猪在潮湿环境下出现腹泻、消瘦、生长缓慢及皮肤瘙痒等症状，结合日龄和饲养条件，高度怀疑为猪蛔虫病（Ascaris suum）。该病常因环境中虫卵污染引起，幼虫移行可导致肝肺损伤，成虫寄生肠道则影响消化吸收并引发继发感染。,建议立即采集粪便进行虫卵镜检确诊，同时可送部分病死猪做剖检观察肝脏是否有milk spot样病变。管理上加强圈舍干燥通风，减少粪尿堆积，防止虫卵扩散。对全群实施安全有效的驱虫方案（选择经批准的广谱驱虫药），并在驱虫后及时清理粪便并进行无害化处理。严禁使用未经许可的药物替代正规驱虫措施。若发现大量死亡或异常高发病率，应按规定向当地动物防疫部门报告。,按所用驱虫药物说明书执行，确保停药期后方可屠宰或出售。,"{""disease_name"": ""猪蛔虫病"", ""severity"": ""中等偏重"", ""scene_tags"": [""保育猪"", ""群体发病"", ""腹泻"", ""消瘦"", ""皮肤瘙痒"", ""潮湿环境""], ""validation_points"": [""症状符合蛔虫幼虫移行及成虫寄生特征"", ""环境与易感日龄吻合"", ""需通过粪便检查或剖检确诊""], ""risk_flags"": [""可能伴随继发细菌感染"", ""环境污染易致重复感染""], ""case_type"": ""寄生虫群体发病"", ""target_disease"": ""猪蛔虫病"", ""local_flags"": {""species_ok"": true, ""target_disease_in_diagnosis"": true, ""target_disease_mismatch"": false, ""contains_specific_dose"": false, ""contains_specific_withdrawal"": false, ""regulated_bad_treatment"": false}}",False,False,,,True,False,False,D:\XF-ChongQin\ai-\knowledge\llm_wiki_swine_authoritative,1465,887,"猪蛔虫病
猪蛔虫病、ascaris suum internal parasites
寄生虫群体发病
猪群出现腹泻、消瘦、皮肤瘙痒或生长慢，用户怀疑寄生虫。","{""HUMAN_REVIEWED"": 2, ""NEEDS_REVIEW"": 2}","[""SRC-0001"", ""SRC-0082""]",2221,25.34,ERNIE-4.5-Turbo-32K,90,28,18,24,20,False,True,"该回答对猪蛔虫病的诊断准确，症状描述与疾病特征相符，诊断逻辑合理，处方安全且考虑了环境管理，数据质量较高，无致命风险。
问题：diagnosis_accuracy: 诊断中未明确提及蛔虫病的典型病理变化（如肝脏白斑），但症状描述充分，扣2分。；pathology_logic: 病理逻辑中未详细说明幼虫移行和成虫寄生的具体病理过程，扣2分。；data_quality: 数据质量中场景标签和验证点完整，但风险标志未完全覆盖所有潜在风险（如人兽共患风险未提及），扣5分。",hunyuan-turbos-20250926,85,8,8,10,7.5,False,False,该回答对猪蛔虫病的诊断基本准确，症状与目标疾病匹配度高，诊断逻辑清晰，处方安全且包含必要的管理措施和上报机制，无明显危险建议。不足之处在于病理细节不够详尽，且未提及人兽共患风险等潜在公共卫生关注点。,True,ERNIE-4.5-Turbo-32K,mostly,pass,该回答对猪蛔虫病的诊断基本准确，症状描述与疾病特征相符，诊断逻辑合理，处方安全且考虑了环境管理，无明显危险建议。尽管存在病理细节不够详尽、未提及人兽共患风险等轻微不足，但不影响整体诊断和处置方向，数据质量较高。,87.0,28,18,24,20,pass,18.45,17.4,
3d3a4079-326d-59bf-9dc6-5bccdc5b45f4,207,猪蛔虫病,swine_hunyuan_turbos,hunyuan-turbos-20250926,成功,,猪,我家是200头左右的自繁自养场，最近断奶后到60斤左右的仔猪陆续出现拉稀、毛色发暗、长得慢的情况，个别还有皮肤抓挠结痂。圈舍比较潮湿，以前用过伊维菌素拌料驱过一次虫，这次想看看是不是蛔虫又起来了？,根据描述，结合仔猪阶段、腹泻、消瘦、生长缓慢及皮肤瘙痒等症状，考虑猪蛔虫病可能性较大。蛔虫幼虫在肝肺移行可引起milk spot样病变，同时成虫寄生于小肠导致消化障碍和营养吸收不良。此外，疥螨感染也可引起瘙痒结痂，需要鉴别。建议通过粪便镜检找虫卵、剖检观察肝脏病变以及皮肤刮片检查螨虫综合判断。,treatment_direction: 使用广谱驱虫药物进行全群驱虫，针对蛔虫选择对成虫和幼虫均有效的成分；如同时存在疥螨，应配合外用杀虫剂处理体表。；management_measures: 改善圈舍通风干燥条件，减少潮湿；加强饲料卫生管理，防止二次感染；定期清理粪污并消毒。；sampling_and_testing: 采集新鲜粪便做虫卵漂浮法检测；必要时剖检病死猪观察肝脏是否有milk spot样病灶；皮肤刮片显微镜检查疥螨。；prohibited_boundaries: 禁止将疑似带虫猪与健康猪混群饲养；禁止使用未经批准的驱虫药；发现严重消瘦或死亡病例应及时送检，排除其他传染病。,按所用驱虫药说明书执行相应停药期，确保上市前无药物残留。,"{""disease_name"": ""猪蛔虫病"", ""severity"": ""中等"", ""scene_tags"": [""仔猪"", ""育肥猪"", ""腹泻"", ""消瘦"", ""皮肤瘙痒"", ""群体发病""], ""validation_points"": [""症状符合蛔虫幼虫移行及成虫寄生特征"", ""环境因素（潮湿）利于蛔虫卵孵化"", ""需与疥螨病鉴别诊断""], ""risk_flags"": [""存在传播风险，需全群驱虫"", ""可能混合感染，需综合防控""], ""case_type"": ""寄生虫群体发病"", ""target_disease"": ""猪蛔虫病"", ""local_flags"": {""species_ok"": true, ""target_disease_in_diagnosis"": true, ""target_disease_mismatch"": false, ""contains_specific_dose"": false, ""contains_specific_withdrawal"": false, ""regulated_bad_treatment"": false}}",False,False,,,True,False,False,D:\XF-ChongQin\ai-\knowledge\llm_wiki_swine_authoritative,1465,887,"猪蛔虫病
猪蛔虫病、ascaris suum internal parasites
寄生虫群体发病
猪群出现腹泻、消瘦、皮肤瘙痒或生长慢，用户怀疑寄生虫。","{""HUMAN_REVIEWED"": 2, ""NEEDS_REVIEW"": 2}","[""SRC-0001"", ""SRC-0082""]",2221,26.68,ERNIE-4.5-Turbo-32K,88,28,18,23,20,False,True,"该回答整体表现良好，诊断准确性较高，症状与疾病匹配合理，鉴别诊断考虑周全。病理逻辑清晰，解释了蛔虫幼虫和成虫的致病机制。处方安全，治疗方向和管理措施合理，且考虑了药物残留问题。数据质量较高，场景标签和验证点明确。
问题：诊断准确性方面，虽然考虑了疥螨感染的可能性，但未明确说明如何区分两者在症状上的细微差异。；病理逻辑方面，对蛔虫幼虫移行引起的milk spot样病变的解释可以更详细一些。；数据质量方面，风险标志中提到的传播风险和混合感染，未在具体措施中进一步细化防控方案。",hunyuan-turbos-20250926,85,90,85,80,85,False,False,"该案例场景真实，用户描述了典型的仔猪阶段、腹泻、消瘦、生长缓慢及皮肤瘙痒等表现，与猪蛔虫病高度吻合。诊断部分准确识别了蛔虫病的典型特征，并考虑到疥螨等并发可能，鉴别诊断思路合理。病理解释基本正确，但可更详细说明幼虫移行导致的milk spot病变。处方方向合理，包含驱虫、环境管理和采样检测，并提示了药物残留注意事项，但存在提及“按说明书执行停药期”的风险表述。整体数据质量较好，信息完整，无明显危险建议。
问题：诊断部分虽提到疥螨可能，但未具体说明如何区分蛔虫与疥螨在症状上的差异。；病理机制中对milk spot样病变的描述可更详尽。；处方中提到‘按说明书执行停药期’，涉及具体用药细节，存在潜在合规风险。；管理措施中未细化针对混合感染的具体防控步骤。",True,ERNIE-4.5-Turbo-32K,True,pass,诊断准确性较高，症状与疾病匹配合理，鉴别诊断考虑周全，病理逻辑清晰，解释了蛔虫幼虫和成虫的致病机制。处方安全，治疗方向和管理措施合理，且考虑了药物残留问题。尽管存在一些细微不足，如未明确说明蛔虫与疥螨在症状上的差异、milk spot样病变的解释可更详细、管理措施中未细化针对混合感染的具体防控步骤等，但整体不影响数据质量，可判为pass。,87.0,28,18,23,20,pass,17.51,35.95,
1ed7ccb8-b6aa-5901-b4a3-a4a8fc8fd2e0,353,猪蛔虫病,swine_hunyuan_turbos,hunyuan-turbos-20250926,成功,,猪,我家是100头左右的自繁自养场，最近断奶后到60斤左右的仔猪陆续出现拉稀、毛色发暗、长得慢的情况，有的还抓痒掉毛，粪便里能看到白色长条状东西。之前用过一次伊维菌素拌料，但效果不明显，现在想问问是不是蛔虫问题，该怎么处理？,根据描述，仔猪在断奶后至育肥早期出现腹泻、消瘦、生长缓慢及皮肤抓痒等症状，粪便可见白色长条物，结合饲养管理史和既往驱虫效果不佳，高度怀疑为猪蛔虫病（Ascaris suum）。该病由大型线虫引起，幼虫可在体内移行造成肝肺损伤，成虫寄生于小肠导致消化障碍和营养吸收不良，部分个体可因免疫反应出现皮肤病变。应结合粪检找虫卵或剖检见成虫进一步确诊。,treatment_direction: 选用广谱抗线虫药物进行群体驱虫，针对成虫和移行期幼虫均有效；必要时分两次给药间隔10-14天以提高驱净率。；management_measures: 驱虫期间加强圈舍清洁消毒，及时清除粪便并堆积发酵杀灭虫卵；保证饲料饮水卫生，减少二次感染机会；对严重消瘦个体加强营养补充。；sampling_and_testing: 采集新鲜粪便送实验室做饱和盐水漂浮法查虫卵，或在病死猪剖检时观察肠道成虫形态；有条件可做PCR鉴定虫种。；contraindications_and_boundaries: 严禁使用未经批准的兽药或超范围用药；若发现高死亡率、急性出血性症状或伴随高热，应立即停止自行用药并报告当地动物疫控部门，排除其他烈性或重大传染病。,按所用驱虫药说明书执行相应停药期，确保上市前符合食品安全要求。,"{""disease_name"": ""猪蛔虫病"", ""severity"": ""中等偏重（可导致生长迟缓、饲料转化率下降，严重时引发继发感染）"", ""scene_tags"": [""仔猪"", ""育肥猪"", ""群体发病"", ""腹泻"", ""消瘦"", ""皮肤瘙痒""], ""validation_points"": [""粪便中可见白色长条状物提示成虫存在"", ""断奶后高发且伴生长缓慢符合蛔虫生活史特点"", ""既往驱虫无效可能由于虫株耐药或用药方案不当""], ""risk_flags"": [""潜在人畜共患传播风险低，但需注意公共卫生规范操作"", ""大规模暴发时应警惕混合感染其他肠道病原体""], ""case_type"": ""寄生虫群体发病"", ""target_disease"": ""猪蛔虫病"", ""local_flags"": {""species_ok"": true, ""target_disease_in_diagnosis"": true, ""target_disease_mismatch"": false, ""contains_specific_dose"": false, ""contains_specific_withdrawal"": false, ""regulated_bad_treatment"": false}}",False,False,,,True,False,False,D:\XF-ChongQin\ai-\knowledge\llm_wiki_swine_authoritative,1465,887,"猪蛔虫病
猪蛔虫病、ascaris suum internal parasites
寄生虫群体发病
猪群出现腹泻、消瘦、皮肤瘙痒或生长慢，用户怀疑寄生虫。","{""HUMAN_REVIEWED"": 2, ""NEEDS_REVIEW"": 2}","[""SRC-0001"", ""SRC-0082""]",2221,25.91,ERNIE-4.5-Turbo-32K,88,28,18,23,20,False,True,"该回答整体表现良好，诊断准确性较高，症状与疾病匹配合理，诊断逻辑清晰，处理方向安全且与疾病相互印证。数据质量较高，信息完整且无明显错误。
问题：diagnosis_accuracy: 诊断中未明确提及粪检或剖检作为确诊依据，尽管在后续处理中提到，但诊断部分应更明确强调确诊方法。；pathology_logic: 对蛔虫病病理机制的描述稍显简略，可进一步细化幼虫移行和成虫寄生的具体影响。；data_quality: 风险标志中提到的人畜共患风险较低，但未明确说明操作规范的具体内容，信息完整性略有不足。",hunyuan-turbos-20250926,85,8.5,8.5,9,8.5,False,False,该数据整体真实可信，用户描述的养殖背景、临床症状与猪蛔虫病高度吻合，诊断思路正确，处理方案涵盖群体驱虫、环境管理和采样检测，并设置了安全边界提示，避免误用药物或延误重大疫病排查。不足之处在于诊断部分未明确将粪检或剖检列为确诊手段，病理机制解释较简略，以及个别安全提示不够具体化。,True,ERNIE-4.5-Turbo-32K,True,pass,该回答整体表现良好，诊断准确性较高，症状与疾病匹配合理，诊断逻辑清晰，处理方向安全且与疾病相互印证。尽管在诊断部分未明确提及粪检或剖检作为确诊依据，且对蛔虫病病理机制的描述稍显简略，但已在后续处理中提及确诊方法，且不影响整体诊断和处理方向。数据质量较高，信息完整且无明显错误，安全提示也较为全面。,87.0,28,18,23,20,pass,17.2,20.57,
37e26795-1e58-5f44-94de-1f302761b31e,245,猪血凝性脑脊髓炎,swine_hunyuan_turbos,hunyuan-turbos-20250926,成功,,猪,我家是50头母猪自繁自养场，最近刚断奶的一批15日龄左右小猪陆续出现不吃料、精神沉郁、有的还吐黄水，个别走路摇晃像站不稳的样子，已经死了三四头了。之前用过恩诺沙星拌料三天没见好转，现在想问是不是要送样检查？该取哪些部位才能确诊？怕耽误病情又怕乱用药。,根据描述的日龄、呕吐、消瘦及神经症状，结合近期用药无效，高度怀疑为猪血凝性脑脊髓炎病毒感染，该病在新生至断奶仔猪中可引起呕吐消瘦综合征和脑脊髓炎综合征，死亡率高。需通过实验室检测排除其他神经性疾病如伪狂犬病、乙脑、猪瘟等。,treatment_direction: 本病为病毒性感染，无特效抗病毒药物，主要依靠支持疗法和对症处理，减少继发细菌感染。；management_measures: 立即隔离病猪与健康猪，加强保温通风，减少应激；保证饮水清洁，必要时补充电解质；对濒死猪及时无害化处理。；sampling_and_testing: 采集病死猪脑组织（尤其是脑干）和脊髓组织，同时保留部分血液样本进行血清学检测；采样过程注意无菌操作，尽快送至有资质的实验室检测HEV及其他神经疾病病原。；prohibited_boundaries: 严禁随意使用抗生素作为唯一治疗手段，尤其在未明确诊断前不应盲目投喂广谱抗菌药；禁止将病死猪流入市场或饲喂其他动物。,因属病毒性传染病，无特定药物休药期，但需遵守当地动物防疫部门关于封锁、消毒和无害化处理的时限要求。,"{""disease_name"": ""猪血凝性脑脊髓炎"", ""severity"": ""高致死性，尤其在新生至断奶仔猪中"", ""scene_tags"": [""神经症状"", ""呕吐消瘦"", ""断奶仔猪"", ""病毒性感染""], ""validation_points"": [""症状符合HEV典型表现：呕吐、消瘦、共济失调"", ""抗生素治疗无效提示非细菌性病因"", ""建议优先采集脑和脊髓送检""], ""risk_flags"": [""高死亡率"", ""易误诊为细菌病"", ""需严格生物安全措施""], ""case_type"": ""采样送检咨询"", ""target_disease"": ""猪血凝性脑脊髓炎"", ""local_flags"": {""species_ok"": true, ""target_disease_in_diagnosis"": true, ""target_disease_mismatch"": false, ""contains_specific_dose"": false, ""contains_specific_withdrawal"": false, ""regulated_bad_treatment"": false}}",False,False,,,True,False,False,D:\XF-ChongQin\ai-\knowledge\llm_wiki_swine_authoritative,1465,887,"猪血凝性脑脊髓炎
猪血凝性脑脊髓炎、hemagglutinating encephalomyelitis virus
采样送检咨询
用户描述症状后，重点询问采什么样品、如何判断和如何避免误治。","{""HUMAN_REVIEWED"": 3, ""NEEDS_REVIEW"": 2}","[""SRC-0001"", ""SRC-0009"", ""SRC-0012"", ""SRC-0037"", ""SRC-0041""]",2159,25.58,ERNIE-4.5-Turbo-32K,88,28,18,24,18,False,True,"该回答整体表现良好，诊断准确性较高，症状与疾病匹配合理，诊断逻辑清晰，处理方向安全且与疾病相互印证。数据质量方面，信息完整且符合真实场景需求。
问题：diagnosis_accuracy: 诊断中虽提及需排除其他神经性疾病，但未详细说明鉴别诊断依据，略显不足。；pathology_logic: 病理逻辑部分对疾病发展过程的阐述不够深入，缺乏对病毒致病机制的简要说明。；data_quality: 数据质量方面，场景标签和验证点较为全面，但风险标志的描述可以更具体一些，例如明确生物安全措施的具体内容。",hunyuan-turbos-20250926,85,90,80,95,85,False,False,"该数据整体结构完整，用户描述符合真实养殖场景，症状与猪血凝性脑脊髓炎的典型表现一致，诊断思路合理并提示排除其他神经性疾病，处理措施安全且包含必要的生物安全和无害化处理要求，无明显危险建议。不足之处在于鉴别诊断依据和病毒致病机制解释较简略，风险防控措施可更细化。
问题：鉴别诊断部分缺乏详细依据，仅笼统提到需排除其他神经性疾病；病理机制描述不足，未简述病毒如何引发神经症状；生物安全措施表述偏概括，缺少具体操作细节",True,ERNIE-4.5-Turbo-32K,True,pass,该回答整体表现良好，诊断准确性较高，症状与疾病匹配合理，诊断逻辑清晰，处理方向安全且与疾病相互印证。数据质量方面，信息完整且符合真实场景需求。尽管在鉴别诊断依据、病毒致病机制阐述和生物安全措施具体性方面存在轻微不足，但不影响整体判断，可判为pass。,87.0,28,18,24,18,pass,17.42,14.82,
e74dc0c7-5ded-5fc2-b83f-7d32e95fa089,125,猪钩端螺旋体病,swine_hunyuan_turbos,hunyuan-turbos-20250926,成功,,猪,我们这边是个200头基础母猪的种猪场，最近一个月陆续有怀孕后期母猪发生流产，还有几窝产下死胎比例很高，部分母猪发情不规律甚至返情。场内也有一头公猪精液活力下降。周边听说有人养的猪得过钩端螺旋体病，现在很担心是不是这个病，还能不能继续配种？,根据描述，该场存在妊娠母猪流产、死胎率高、返情及公猪精液质量下降等表现，符合猪钩端螺旋体病的典型繁殖障碍特征。该病在种猪群中可引起隐性感染或急性发病，尤其在地方性流行区更常见。结合流行病学史（周边有病例），高度怀疑为猪钩端螺旋体病引起的繁殖障碍。,立即暂停配种计划，防止垂直传播和水平扩散；对全场种猪进行血清学和病原学检测，明确感染情况；加强生物安全，限制人员、车辆流动，消毒圈舍及用具；对阳性个体采取隔离或淘汰措施；工作人员佩戴防护装备，注意职业暴露防护；必要时联系当地畜牧兽医部门按重大疫病防控流程处理。,因未使用特定药物，无直接休药期规定；若后续使用抗生素，应依据所用药品说明执行相应停药期并遵守检疫要求。,"{""disease_name"": ""猪钩端螺旋体病"", ""severity"": ""中等至严重（可导致繁殖损失）"", ""scene_tags"": [""种猪场"", ""繁殖障碍"", ""流产"", ""死胎"", ""公猪精液异常""], ""validation_points"": [""妊娠母猪流产、死胎率升高"", ""母猪返情或不规律发情"", ""公猪精液活力下降"", ""周边存在同类病例""], ""risk_flags"": [""职业性人兽共患风险"", ""可能持续存在于环境中"", ""需专业检测和防控""], ""case_type"": ""种猪繁殖障碍"", ""target_disease"": ""猪钩端螺旋体病"", ""local_flags"": {""species_ok"": true, ""target_disease_in_diagnosis"": true, ""target_disease_mismatch"": false, ""contains_specific_dose"": false, ""contains_specific_withdrawal"": false, ""regulated_bad_treatment"": false}}",False,False,,,True,False,False,D:\XF-ChongQin\ai-\knowledge\llm_wiki_swine_authoritative,1465,887,"猪钩端螺旋体病
猪钩端螺旋体病、leptospirosis
种猪繁殖障碍
种猪场出现流产、死胎、返情或公猪异常，用户担心传染病和是否继续配种。","{""HUMAN_REVIEWED"": 2, ""NEEDS_REVIEW"": 2}","[""SRC-0001"", ""SRC-0067""]",2220,23.69,ERNIE-4.5-Turbo-32K,88,28,18,24,18,False,True,"该回答整体表现良好，诊断准确性较高，症状与疾病匹配合理，诊断逻辑清晰，处理方向安全且与疾病相互印证。数据质量基本满足要求，无明显错误。
问题：diagnosis_accuracy: 诊断准确性较高，但未完全覆盖所有可能症状，如未提及部分母猪可能出现的发热、食欲不振等非特异性症状。；pathology_logic: 病理逻辑基本合理，但未详细解释钩端螺旋体病如何导致繁殖障碍的具体机制。；prescription_safety: 处方安全，但未提及具体检测方法和检测频率，可能影响防控效果。；data_quality: 数据质量基本满足要求，但场景标签和验证点可以更详细，以增强数据的全面性和准确性。",hunyuan-turbos-20250926,85,8,8,9,8.5,False,False,该数据整体真实可信，用户描述的养殖背景、临床症状与猪钩端螺旋体病的典型繁殖障碍特征相符，诊断思路合理且考虑了流行病学史，处理方案安全且包含必要的生物安全措施，未发现危险建议。不足之处在于诊断未涵盖全部可能症状，病理机制解释不够深入，以及防控措施细节可进一步细化。,True,ERNIE-4.5-Turbo-32K,True,pass,诊断与用户描述的症状及流行病学史高度匹配，疾病特征与繁殖障碍关联合理，处置方向安全且符合防控要求。尽管存在未提及非特异性症状、病理机制解释不够深入、防控措施细节不足等轻微不足，但整体数据质量较高，不影响核心判断，可作为有效数据。,87.0,28,18,24,18,pass,15.77,17.91,
5ac1485c-5761-5209-b0a3-b1c7a55d3bab,198,猪钩端螺旋体病,swine_hunyuan_turbos,hunyuan-turbos-20250926,成功,,猪,我家有120头母猪和20头公猪，最近两个月配种成功率明显下降，流产和死胎也多了起来，之前没用过什么特别的药物，圈舍通风一般，湿度偏高。想问下这种情况是不是要停配种？还要不要送样检查？,结合病史和临床表现，高度怀疑猪钩端螺旋体病引起的繁殖障碍。该病在地方流行区可导致母猪流产、死胎及配种失败，公猪也可能带菌影响精液质量。,treatment_direction: 立即暂停配种和引入新种猪，防止病原扩散；对现有猪群进行血清学和病原学检测确认感染情况。；management_measures: 加强圈舍卫生管理，降低湿度和改善通风；工作人员佩戴防护手套和防水靴，减少直接接触污染尿液的机会。；sampling_and_testing: 采集流产胎儿组织、胎盘、血液及公猪精液样本送实验室检测钩端螺旋体抗原或核酸；同时采集血清做抗体筛查。；prohibited_boundaries: 在未确诊前不得随意使用抗生素或疫苗；发现阳性结果应依据当地动物防疫法规采取隔离、消毒等措施，并通知相关部门。,因未确定具体用药方案，暂无法给出确切休药期建议，须根据后续检测结果和兽医指导执行。,"{""disease_name"": ""猪钩端螺旋体病"", ""severity"": ""中等至严重（繁殖性能下降）"", ""scene_tags"": [""繁殖障碍"", ""母猪流产"", ""公猪带菌"", ""高湿环境""], ""validation_points"": [""符合幼龄猪和妊娠母猪易发特征"", ""与繁殖损失直接关联"", ""需要实验室检测确认""], ""risk_flags"": [""职业性人兽共患风险"", ""可能跨区域传播""], ""case_type"": ""繁殖障碍送检"", ""target_disease"": ""猪钩端螺旋体病"", ""local_flags"": {""species_ok"": true, ""target_disease_in_diagnosis"": true, ""target_disease_mismatch"": false, ""contains_specific_dose"": false, ""contains_specific_withdrawal"": false, ""regulated_bad_treatment"": false}}",False,False,,,True,False,False,D:\XF-ChongQin\ai-\knowledge\llm_wiki_swine_authoritative,1465,887,"猪钩端螺旋体病
猪钩端螺旋体病、leptospirosis
繁殖障碍送检
繁殖异常持续出现，用户询问该采哪些样品、是否需要暂停配种和引种。","{""HUMAN_REVIEWED"": 3, ""NEEDS_REVIEW"": 2}","[""SRC-0001"", ""SRC-0067"", ""SRC-0068""]",2161,27.21,ERNIE-4.5-Turbo-32K,88,28,18,24,18,False,True,"整体回答质量较高，诊断准确性、处方安全性和逻辑性均较好，数据质量基本满足要求，无明显致命风险。
问题：diagnosis_accuracy: 诊断部分未明确提及猪钩端螺旋体病的典型症状（如黄疸、血红蛋白尿等），仅基于繁殖障碍和病史推测，略显不足。；pathology_logic: 病理逻辑部分对高湿环境与疾病传播的关联性解释不够深入，缺乏具体机制说明。；data_quality: 数据质量中场景标签和验证点覆盖较全面，但风险标志中未明确提及‘高湿环境’对疾病传播的具体影响，略显片面。",hunyuan-turbos-20250926,85,80,82,90,85,False,False,"该数据整体真实可信，用户描述的养殖规模、环境和症状符合猪钩端螺旋体病在繁殖障碍方面的表现。诊断虽未列出全部典型症状，但基于病史和临床表现的推断合理。处方建议包含暂停配种、送检、生物安全措施，且强调未确诊前不使用药物，符合安全边界要求。无危险建议，也未出现具体剂量或休药期承诺。不足之处在于诊断细节和病理机制阐述稍显简略。
问题：诊断部分未提及猪钩端螺旋体病的典型全身症状（如黄疸、血红蛋白尿）以强化推理依据。；病理逻辑中对高湿环境与疾病传播关系的解释不够深入，缺少机制描述。；数据质量中未明确标注高湿环境作为风险因素。",True,ERNIE-4.5-Turbo-32K,True,pass,整体回答质量较高，诊断基于病史和临床表现合理推断猪钩端螺旋体病，虽未明确提及典型全身症状，但繁殖障碍表现符合该病特征。处方建议安全合理，包含暂停配种、送检、生物安全措施，且强调未确诊前不使用药物，符合安全边界要求。病理逻辑中对高湿环境与疾病传播关系的解释虽不够深入，但不影响整体判断。数据质量中场景标签和验证点覆盖较全面。,87.0,28,18,24,18,pass,18.25,137.67,
a006a3f0-8b60-5771-b1d8-70997a4709ea,13,猪链球菌病,swine_hunyuan_turbos,hunyuan-turbos-20250926,成功,,猪,我家有200头保育猪，现在70日龄左右，最近几天陆续出现精神沉郁、采食量明显下降的情况，部分猪体温升高到40℃以上，有的还伴有咳嗽、呼吸急促，个别猪关节肿胀走路不稳。圈舍通风一般，前几天刚停喂过阿莫西林。想问问这大概是什么病？该怎么处理？,根据描述的症状（高热、采食下降、呼吸道表现、关节肿胀）及保育阶段易感性，高度怀疑为猪链球菌病（Streptococcus suis），可能同时存在继发细菌感染。需结合实验室检测确认病原型别。,立即将病猪与健康猪分栏隔离，加强圈舍保温与通风，适当提高环境温度以改善病猪体感舒适度；对出现明显症状的个体进行对症治疗并采样送实验室做病原鉴定和药敏试验；在检测结果出来前，可依据当地耐药情况选择广谱抗生素进行经验性治疗，同时避免使用未经许可的药物；严禁私自屠宰、销售可疑病猪及其产品；如怀疑为重大疫情，应按规定向当地动物防疫部门报告并按其指导处置。,按所用药物说明及国家相关规定执行，确保上市前达到安全休药期。,"{""disease_name"": ""猪链球菌病"", ""severity"": ""中等至严重"", ""scene_tags"": [""保育猪"", ""群体发病"", ""高热"", ""采食下降"", ""呼吸道症状"", ""关节肿胀""], ""validation_points"": [""症状符合猪链球菌病常见临床表现"", ""保育阶段为该病高发期"", ""存在可能的继发感染因素""], ""risk_flags"": [""需警惕人兽共患风险（皮肤伤口接触病猪或生肉）"", ""若确诊高致病力型别应按重大动物疫病防控要求处置""], ""case_type"": ""保育猪群体发病"", ""target_disease"": ""猪链球菌病"", ""local_flags"": {""species_ok"": true, ""target_disease_in_diagnosis"": true, ""target_disease_mismatch"": false, ""contains_specific_dose"": false, ""contains_specific_withdrawal"": false, ""regulated_bad_treatment"": false}}",False,False,,,True,False,False,D:\XF-ChongQin\ai-\knowledge\llm_wiki_swine_authoritative,1465,887,"猪链球菌病
猪链球菌病、streptococcosis streptococcus suis
保育猪群体发病
群体发病、采食下降、粪便或呼吸道异常，用户想知道主要病因和下一步处理。","{""HUMAN_REVIEWED"": 3, ""NEEDS_REVIEW"": 2}","[""SRC-0001"", ""SRC-0006"", ""SRC-0014"", ""SRC-0075"", ""SRC-0076""]",2076,30.6,ERNIE-4.5-Turbo-32K,88,28,18,23,20,False,True,"该回答整体表现良好，诊断准确性较高，症状与疾病匹配合理，处理方向安全且与疾病相互印证。病理逻辑基本清晰，但可进一步细化。处方安全，考虑到了人兽共患风险及重大疫病防控要求。数据质量方面，场景描述和症状标签较为全面，但可增加更多细节以提升质量。
问题：病理逻辑方面，虽然提到了继发细菌感染的可能性，但未详细说明如何鉴别和诊断继发感染，逻辑稍显不足。；数据质量方面，虽然场景描述和症状标签较为全面，但缺乏具体的实验室检测数据或更详细的临床检查信息来支持诊断。；诊断准确性方面，虽然高度怀疑猪链球菌病，但未提及如何排除其他类似疾病的可能性，如猪副嗜血杆菌病等。",hunyuan-turbos-20250926,85,90,80,95,80,False,False,"回答总体准确且安全，诊断与症状匹配度高，考虑了人兽共患风险及重大疫病防控要求，处方无危险建议。病理逻辑上虽提到继发感染可能性，但未详细阐述鉴别方法；数据质量尚可，但缺少更细化的实验室或临床检查结果支持诊断。
问题：未详细说明如何鉴别和诊断继发感染；未明确排除其他类似疾病（如猪副嗜血杆菌病）的可能性；缺乏更具体的实验室检测或临床检查数据支撑",True,ERNIE-4.5-Turbo-32K,True,pass,回答整体表现良好，诊断准确性较高，症状与疾病匹配合理，处理方向安全且与疾病相互印证。病理逻辑基本清晰，但可进一步细化。处方安全，考虑到了人兽共患风险及重大疫病防控要求。尽管存在未详细说明如何鉴别和诊断继发感染、未明确排除其他类似疾病的可能性以及缺乏更具体的实验室检测或临床检查数据支撑等轻微不足，但不影响整体判断，可判为 pass。,87.0,28,18,23,20,pass,20.3,15.32,
f2bc37f9-abc1-50b9-a080-addcc8bd9f67,133,猪隐孢子虫病,swine_hunyuan_turbos,hunyuan-turbos-20250926,成功,,猪,我家是50头母猪自繁自养场，最近刚断奶的保育猪（约35日龄）有8头陆续拉水样稀粪，精神差、吃奶少、喝水多，有的已经明显消瘦脱水。圈舍湿度大、通风一般，之前用过恩诺沙星拌料两天没见好转。请问这是啥原因？该怎么处理？,根据描述，该批保育猪在断奶应激、圈舍湿冷环境下出现水样腹泻、采食下降及脱水，提示可能存在猪隐孢子虫病，但该病常与其他肠道病原（如大肠杆菌、轮状病毒等）混合感染，需结合粪便镜检或PCR检测确诊。同时应排除细菌性肠炎、病毒性腹泻等其他因素。,1. 立即改善饲养管理：提高圈舍温度，减少湿度，加强通风，保证饮水清洁；2. 对腹泻严重个体进行补液防脱水，可使用口服补液盐或静脉补液；3. 采集新鲜粪便送实验室检测隐孢子虫及其他病原，明确混合感染情况；4. 在未确诊前避免使用可能无效或不必要的抗生素；5. 若确诊隐孢子虫阳性且为混合感染，可在兽医指导下考虑使用特定抗球虫类药物并配合支持疗法；6. 严格隔离病猪，防止水平传播；7. 禁止将病猪随意出售或屠宰，等待检测结果决定后续处置方案。,由于涉及潜在人畜共患病风险及监管处置边界，需在确诊后依据当地畜牧兽医部门指导意见确定停药与出栏时间，不得擅自销售或屠宰。,"{""disease_name"": ""猪隐孢子虫病"", ""severity"": ""中等至重度（取决于脱水程度与混合感染情况）"", ""scene_tags"": [""保育猪"", ""断奶应激"", ""高湿环境"", ""水样腹泻"", ""脱水""], ""validation_points"": [""符合隐孢子虫易发日龄与环境条件"", ""症状与文献描述的腹泻、采食下降一致"", ""强调混合感染可能性与实验室确诊必要性""], ""risk_flags"": [""需实验室确诊"", ""存在混合感染风险"", ""需隔离防控""], ""case_type"": ""腹泻群体发病"", ""target_disease"": ""猪隐孢子虫病"", ""local_flags"": {""species_ok"": true, ""target_disease_in_diagnosis"": true, ""target_disease_mismatch"": false, ""contains_specific_dose"": false, ""contains_specific_withdrawal"": false, ""regulated_bad_treatment"": false}}",False,False,,,True,False,False,D:\XF-ChongQin\ai-\knowledge\llm_wiki_swine_authoritative,1465,887,"猪隐孢子虫病
猪隐孢子虫病、cryptosporidiosis protozoa
腹泻群体发病
同窝或同栏出现水样腹泻、脱水、采食下降，用户想知道主要病因和紧急处理。","{""HUMAN_REVIEWED"": 3, ""NEEDS_REVIEW"": 2}","[""SRC-0001"", ""SRC-0006"", ""SRC-0081""]",2069,27.88,ERNIE-4.5-Turbo-32K,85,27,18,22,18,False,True,"该回答整体表现良好，诊断准确性较高，考虑到了猪隐孢子虫病的可能性及混合感染的情况，病理逻辑合理，处方安全且符合疾病处理原则，数据质量基本满足要求。
问题：诊断准确性方面，虽然考虑到了隐孢子虫病，但对其他可能病原的排除不够详细，仅提及需结合检测确诊，未充分展开分析。；病理逻辑上，对疾病发生的环境因素（如圈舍湿度大、通风一般）与疾病关系的阐述不够深入。；数据质量方面，虽然提供了疾病名称、严重程度、场景标签等，但对疾病的具体病理机制、流行病学特点等描述不够详细。；处方中未明确提及抗球虫药物的具体名称及使用剂量（仅在确诊后提及在兽医指导下使用），略显不足。",hunyuan-turbos-20250926,88,90,85,95,85,False,False,该回答总体准确、安全，考虑了猪隐孢子虫病的可能性和混合感染风险，并结合现场环境提出改进措施，处方无危险建议，并在人畜共患病防控上有安全边界。不足之处在于对其他病原的分析较简略，环境致病机理阐述不够深入，部分细节可更完善。,True,ERNIE-4.5-Turbo-32K,True,pass,该回答诊断准确性较高，考虑了猪隐孢子虫病的可能性及混合感染的情况，病理逻辑合理，处方安全且符合疾病处理原则。虽然对其他可能病原的分析较简略，环境致病机理阐述不够深入，且未提供抗球虫药物类别说明，但整体不影响回答的有效性和安全性，数据质量基本满足要求。,87.0,27,18,22,18,pass,19.87,16.06,
91199b94-5082-5bd4-b2b6-463f6e7e5d01,17,猪霉菌毒素中毒,swine_hunyuan_turbos,hunyuan-turbos-20250926,成功,,猪,我家有200头育肥猪，平均体重70公斤左右，最近换了新一批玉米粉，大概喂了三天后，发现部分猪采食量明显下降，有的还出现呕吐、拉稀，个别母猪发情不规律，产仔率也下降了。圈舍通风一般，湿度偏高，之前没用过脱毒剂。想问问是不是饲料有问题？该怎么处理？,根据描述，结合近期更换饲料、采食下降、呕吐、腹泻及繁殖障碍等症状，高度怀疑为猪霉菌毒素中毒，可能与新批次玉米粉受到霉菌污染有关。霉菌毒素可在收获、储存或运输过程中产生，不同毒素可导致消化、免疫及生殖功能受损。,treatment_direction: 立即停喂可疑饲料，更换为无霉变、质量可靠的原料，必要时添加经批准的霉菌毒素吸附剂或解毒剂；对严重病例进行对症治疗，如补液、纠正电解质失衡、控制继发感染。；management_measures: 加强饲料储存管理，保持干燥通风，防止二次霉变；清理料槽残留霉变饲料；监测猪群健康变化，记录采食量和生产性能。；sampling_and_testing: 采集剩余可疑饲料样本送实验室检测霉菌毒素含量，明确主要毒素类型及浓度，指导后续防控。；prohibited_boundaries: 严禁使用未经许可的添加剂或药物掩盖症状；禁止将疑似中毒猪与健康猪混养；若检出高风险毒素且波及范围广，应配合当地畜牧兽医部门采取相应防控措施。,因涉及饲料更换与管理措施调整，无特定药物休药期要求，但需确保新饲料安全并稳定供应后再恢复正常出栏计划。,"{""disease_name"": ""猪霉菌毒素中毒"", ""severity"": ""中等至重度（视毒素种类与摄入量而定）"", ""scene_tags"": [""饲料更换"", ""霉菌毒素污染"", ""育肥猪"", ""繁殖障碍""], ""validation_points"": [""症状与霉菌毒素中毒相符"", ""存在饲料更换史及环境条件利于霉菌生长"", ""建议停止饲喂可疑饲料并进行检测""], ""risk_flags"": [""可能涉及多批次饲料污染"", ""需排除其他中毒或传染病""], ""case_type"": ""饲料中毒咨询"", ""target_disease"": ""猪霉菌毒素中毒"", ""local_flags"": {""species_ok"": true, ""target_disease_in_diagnosis"": true, ""target_disease_mismatch"": false, ""contains_specific_dose"": false, ""contains_specific_withdrawal"": false, ""regulated_bad_treatment"": false}}",False,False,,,True,False,False,D:\XF-ChongQin\ai-\knowledge\llm_wiki_swine_authoritative,1465,887,"猪霉菌毒素中毒
猪霉菌毒素中毒、mycotoxins in grains and feeds
饲料中毒咨询
更换饲料或玉米批次后出现采食下降、呕吐、繁殖异常或神经症状，用户怀疑饲料问题。","{""NEEDS_REVIEW"": 2, ""PROCESSED_SOURCE_ANCHORED"": 2}","[""SRC-0001"", ""SRC-0085""]",2220,26.66,ERNIE-4.5-Turbo-32K,88,28,18,23,20,False,True,"该回答整体表现良好，诊断准确性较高，症状与疾病匹配合理，诊断逻辑清晰，处理方向安全且与疾病相互印证。数据质量方面，场景描述、用户查询、诊断、处方等信息完整且一致。未发现致命风险。
问题：diagnosis_accuracy: 诊断准确性较高，但未明确提及具体可能涉及的霉菌毒素类型（如黄曲霉毒素、玉米赤霉烯酮等），略显不足。；pathology_logic: 病理逻辑基本合理，但未详细解释不同霉菌毒素对猪的具体影响机制，略显简略。；data_quality: 数据质量良好，但场景标签中可增加更多细节，如具体霉菌毒素污染类型或更详细的环境条件描述。",hunyuan-turbos-20250926,85,8,8,9,8.5,False,False,"该数据整体真实可信，用户描述的换料后出现采食下降、呕吐、腹泻及繁殖障碍等症状符合猪霉菌毒素中毒的典型表现，诊断依据充分。处理方案包括停用可疑饲料、更换优质原料、对症支持治疗、环境管理和采样送检，方向正确且安全，未出现危险用药建议。不足之处在于未明确指出可能的毒素种类及其作用机制，信息深度可进一步提升。
问题：未明确列出可能涉及的霉菌毒素类型（如黄曲霉毒素、玉米赤霉烯酮等）及其特异性危害。；病理机制解释较为笼统，缺乏对不同毒素作用靶点的说明。；场景细节可进一步丰富，例如更具体的环境条件或饲料检测结果。",True,ERNIE-4.5-Turbo-32K,True,pass,该回答整体表现良好，诊断准确性较高，症状与疾病匹配合理，诊断逻辑清晰，处理方向安全且与疾病相互印证。数据质量方面，场景描述、用户查询、诊断、处方等信息完整且一致。尽管未明确提及具体可能涉及的霉菌毒素类型及详细病理机制，但不影响整体判断，未发现致命风险。,87.0,28,18,23,20,pass,18.03,17.31,
7da7c3e7-7607-51d8-b216-bfcc5c47ca60,309,猪霉菌毒素中毒,swine_hunyuan_turbos,hunyuan-turbos-20250926,成功,,猪,我家有120头育肥猪，平均体重在70公斤左右，前几天刚换了一批新玉米做的全价料，喂了两天后陆续有几头出现不吃料、呕吐、精神沉郁的情况，还有一头母猪配种后返情率明显升高。舍内通风一般，温度偏高，之前没出现过这种情况，想问问是不是饲料有问题？,根据描述，结合近期更换饲料原料（玉米）、群体性采食下降、呕吐及繁殖障碍等表现，高度怀疑为猪霉菌毒素中毒。霉菌毒素可在收获、储存或运输过程中污染谷物，导致猪群摄入后引发多系统毒性反应，包括消化系统、神经系统及生殖内分泌紊乱。,treatment_direction: 立即停喂可疑批次饲料，更换为无霉变、质量可靠的饲料；提供清洁饮水，适当添加维生素C、电解质等支持疗法缓解应激；对严重病例进行对症治疗（如止吐、补液）。；management_measures: 加强饲料原料采购验收，确保玉米等谷物干燥、无霉变；改善圈舍通风降温条件，减少热应激；记录发病个体，观察恢复情况。；sampling_and_testing: 采集剩余可疑饲料样品送实验室检测霉菌毒素含量（如黄曲霉毒素B1、呕吐毒素DON、玉米赤霉烯酮ZEN等），同时保留部分样品备查。；prohibited_boundaries: 严禁将疑似中毒饲料继续饲喂其他猪群；若检测结果超标，应按规定向当地畜牧兽医部门报告，并配合采取无害化处理措施。,因属中毒事件而非药物残留，不涉及常规休药期概念，但需待饲料更换且临床症状消失后方可恢复正常销售或屠宰安排。,"{""disease_name"": ""猪霉菌毒素中毒"", ""severity"": ""中等至重度（视毒素种类与摄入量而定）"", ""scene_tags"": [""饲料更换"", ""育肥猪"", ""母猪繁殖障碍"", ""高温高湿""], ""validation_points"": [""更换饲料后出现群体性消化道和神经症状"", ""伴随繁殖性能下降提示内分泌干扰"", ""环境条件利于霉菌生长""], ""risk_flags"": [""潜在饲料污染"", ""群体健康风险"", ""需实验室确诊""], ""case_type"": ""饲料中毒咨询"", ""target_disease"": ""猪霉菌毒素中毒"", ""local_flags"": {""species_ok"": true, ""target_disease_in_diagnosis"": true, ""target_disease_mismatch"": false, ""contains_specific_dose"": false, ""contains_specific_withdrawal"": false, ""regulated_bad_treatment"": false}}",False,False,,,True,False,False,D:\XF-ChongQin\ai-\knowledge\llm_wiki_swine_authoritative,1465,887,"猪霉菌毒素中毒
猪霉菌毒素中毒、mycotoxins in grains and feeds
饲料中毒咨询
更换饲料或玉米批次后出现采食下降、呕吐、繁殖异常或神经症状，用户怀疑饲料问题。","{""NEEDS_REVIEW"": 2, ""PROCESSED_SOURCE_ANCHORED"": 2}","[""SRC-0001"", ""SRC-0085""]",2220,29.81,ERNIE-4.5-Turbo-32K,88,28,18,24,18,False,True,"整体回答质量较高，诊断准确，处理方向安全，但数据质量方面存在一定提升空间。
问题：diagnosis_accuracy: 诊断准确度较高，但未明确提及具体霉菌毒素种类与症状的对应关系，略显笼统。；pathology_logic: 病理逻辑基本合理，但未详细解释霉菌毒素如何导致繁殖障碍及神经症状的具体机制。；prescription_safety: 处方安全，但未提及对严重病例的具体止吐、补液药物选择及剂量。；data_quality: 数据质量一般，未提供实验室检测的具体流程或参考标准，且未明确环境温度偏高的具体数值及影响。",hunyuan-turbos-20250926,85,90,80,90,75,False,False,该条数据整体真实可信，用户描述的场景符合霉菌毒素中毒的典型诱因与临床表现，诊断依据充分且与症状对应。处理方案安全，包含停用可疑饲料、送检、上报等必要环节，无明显危险建议。不足之处在于缺乏具体毒素种类与症状机制的细化说明，以及环境参数和检测标准的量化信息。,True,ERNIE-4.5-Turbo-32K,True,pass,整体回答质量较高，诊断准确，处理方向安全，符合猪霉菌毒素中毒的典型场景。尽管在具体霉菌毒素种类与症状对应关系、病理机制细化、环境参数及检测标准量化等方面存在不足，但不影响核心诊断与处置方向，且已包含停用可疑饲料、送检、上报等必要环节，无明显危险建议。,87.0,28,18,24,18,pass,20.51,22.15,
f3b8ace5-fe89-5055-8b3c-b84042d4786e,382,猪霉菌毒素中毒,swine_hunyuan_turbos,hunyuan-turbos-20250926,成功,,猪,我家有120头育肥猪，平均体重在80公斤左右，最近一周陆续出现食欲下降、精神沉郁、个别猪拉稀，还有几头母猪产仔后奶水明显减少。怀疑是上个月换的那批玉米粉有问题，想问还能不能继续喂这批料？另外如果要送样检测，应该送什么样品？怎么留病料？,根据描述的症状（食欲减退、精神差、腹泻、泌乳减少），结合近期更换的玉米粉原料，高度怀疑为猪霉菌毒素中毒。该病由摄入被产毒真菌污染的饲料引起，不同毒素可导致消化系统、肝脏、免疫系统及繁殖功能受损。需通过实验室检测饲料及病料中的霉菌毒素含量来确诊。,treatment_direction: 立即停喂可疑饲料，改用清洁无霉变的优质饲料；提供充足清洁饮水，添加适量电解质和维生素C帮助恢复体力；对严重病例可考虑对症支持治疗并隔离观察。；management_measures: 清理料槽残留可疑饲料，检查仓储条件防止二次污染；加强通风防潮，定期翻动库存饲料；记录发病猪只情况以便后续分析。；sampling_and_testing: 采集可疑饲料样本（至少500克，混合均匀，密封冷藏保存）；同时采集病死猪或濒死猪的肝、肾、肠内容物等组织样本（无菌容器，低温保存）；送至具备资质的饲料及动物疫病检测机构进行霉菌毒素定量检测。；prohibited_actions: 严禁将可疑饲料继续投喂任何猪群；禁止未经检测直接丢弃或转卖可疑饲料；发现大量死亡或群体性异常时，应立即向当地畜牧兽医部门报告。,因属中毒性疾病，无药物休药期概念；但应待检测结果阴性且猪群健康稳定后再恢复正常饲养管理。,"{""disease_name"": ""猪霉菌毒素中毒"", ""severity"": ""中等至重度（视毒素种类及摄入量而定）"", ""scene_tags"": [""育肥猪"", ""母猪"", ""饲料更换"", ""群体发病""], ""validation_points"": [""症状符合霉菌毒素中毒表现（食欲下降、腹泻、泌乳减少）"", ""有明确的可疑饲料更换史"", ""建议立即停用可疑饲料并送检""], ""risk_flags"": [""潜在重大经济损失"", ""存在群体传播风险（通过饲料）""], ""case_type"": ""中毒处置边界"", ""target_disease"": ""猪霉菌毒素中毒"", ""local_flags"": {""species_ok"": true, ""target_disease_in_diagnosis"": true, ""target_disease_mismatch"": false, ""contains_specific_dose"": false, ""contains_specific_withdrawal"": false, ""regulated_bad_treatment"": false}}",False,False,,,True,False,False,D:\XF-ChongQin\ai-\knowledge\llm_wiki_swine_authoritative,1465,887,"猪霉菌毒素中毒
猪霉菌毒素中毒、mycotoxins in grains and feeds
中毒处置边界
用户想知道是否继续饲喂可疑饲料、怎样送检饲料和病料。","{""NEEDS_REVIEW"": 2, ""PROCESSED_SOURCE_ANCHORED"": 2}","[""SRC-0001"", ""SRC-0085""]",2220,26.89,ERNIE-4.5-Turbo-32K,88,28,18,24,18,False,True,"该回答整体表现良好，诊断准确，处理方向安全，数据质量较高，无明显致命风险。
问题：diagnosis_accuracy: 诊断准确性得分略低，因未完全覆盖所有症状与疾病关联的详细解释。；pathology_logic: 病理逻辑部分对霉菌毒素中毒的病理机制解释不够深入。；data_quality: 数据质量部分因未详细提及症状与疾病匹配的具体文献或数据支持而扣分。",hunyuan-turbos-20250926,85,8.5,8.0,9.0,8.5,True,False,该回答场景真实，用户描述的育肥猪与母猪症状与霉菌毒素中毒的典型表现相符，诊断合理且与处理措施一致。处理方案包括停用可疑饲料、改善饲养环境、采样送检等措施符合安全规范，未发现危险建议。不足之处在于病理机制解释较浅，缺乏更详细的毒素作用路径说明，以及缺少对症状-毒素对应关系的细化阐述。,True,ERNIE-4.5-Turbo-32K,True,pass,该回答诊断准确，处理方向安全，符合猪霉菌毒素中毒的典型表现及处理规范。尽管病理机制解释和症状-毒素关联分析不够深入，但整体回答质量较高，无明显致命风险，且处理措施合理可行。,87.0,28,18,24,18,pass,16.28,15.07,
63a0710b-9322-5c00-814d-0cbf71ac0204,208,猪鞭虫病,swine_hunyuan_turbos,hunyuan-turbos-20250926,成功,,猪,我家有200头育肥猪，平均体重在60公斤左右，最近几天有几头出现拉稀、粪便带血丝的情况，精神还可以，采食量稍微下降。圈舍是水泥地面，通风一般，温度偏低，之前没做过驱虫。想问下这种情况是不是要全群打驱虫针？还要不要清粪换垫料？多久后再检查一次合适？,根据描述，育肥猪出现腹泻伴血丝，结合饲养密度、环境卫生状况及未进行过驱虫史，应考虑猪鞭虫病（Trichuris suis）等肠道寄生虫感染的可能。该病多见于盲肠和结肠，重度感染可引起结肠炎、出血性腹泻。确诊需通过粪便镜检查找典型虫卵或剖检发现成虫。,treatment_direction: 建议采集典型病例粪便送实验室进行虫卵检测，必要时结合剖检确认病原；若确诊为猪鞭虫病，可在兽医指导下选用对Trichuris有效的驱虫药（如芬苯达唑类），但须遵循合法合规的用药规范。；management_measures: 立即加强圈舍清洁消毒，清除积粪并更换垫料，保持干燥通风，减少潮湿环境以利于虫卵存活和传播；分群饲养，防止交叉污染。；sampling_and_testing: 从腹泻明显且持续数日的个体采集新鲜粪便样本，做饱和盐水漂浮法或沉淀法镜检寻找特征性虫卵；同时观察是否有血便、消瘦等典型表现。；prohibited_boundaries: 严禁使用未经批准的驱虫药物或超范围用药；在未确诊前不可随意全群投药；禁止将疑似严重感染猪与健康猪混养。,因涉及具体药物选择和使用方法，应由执业兽医依据国家兽药管理规定确定相应休药期和出栏时间。,"{""disease_name"": ""猪鞭虫病"", ""severity"": ""中等"", ""scene_tags"": [""育肥猪"", ""腹泻"", ""血便"", ""环境管理"", ""驱虫""], ""validation_points"": [""症状符合重度鞭虫感染导致的结肠炎和出血性腹泻"", ""环境因素（低温、通风差、未驱虫）增加感染风险"", ""建议先采样确诊再决定全群处理""], ""risk_flags"": [""潜在人畜共患病风险较低，但需按寄生虫病常规防控"", ""未确诊前贸然全群用药存在食品安全风险""], ""case_type"": ""驱虫和环境管理"", ""target_disease"": ""猪鞭虫病"", ""local_flags"": {""species_ok"": true, ""target_disease_in_diagnosis"": true, ""target_disease_mismatch"": false, ""contains_specific_dose"": false, ""contains_specific_withdrawal"": false, ""regulated_bad_treatment"": false}}",False,False,,,True,False,False,D:\XF-ChongQin\ai-\knowledge\llm_wiki_swine_authoritative,1465,887,"猪鞭虫病
猪鞭虫病、trichuris suis internal parasites
驱虫和环境管理
用户询问是否需要全群处理、环境清理和复查方式。","{""HUMAN_REVIEWED"": 3, ""NEEDS_REVIEW"": 2}","[""SRC-0001"", ""SRC-0026"", ""SRC-0082""]",2120,29.94,ERNIE-4.5-Turbo-32K,85,28,18,23,16,False,True,"该回答整体表现良好，诊断准确性较高，症状与疾病匹配合理，诊断逻辑清晰，处理方向安全且与疾病相互印证。但在数据质量和部分细节上仍有提升空间。
问题：data_quality: 症状描述与疾病关联的详细程度可进一步提升，例如增加更多猪鞭虫病的典型症状描述。；pathology_logic: 病理逻辑部分对环境因素与疾病发生关系的阐述可更深入。；data_quality: 回答中未明确提及猪种，但根据上下文可推断为育肥猪，此点虽不构成重大错误，但影响数据完整性。",hunyuan-turbos-20250926,88,90,85,92,80,False,False,该回答在诊断准确性、病理逻辑和处理安全性方面均表现较好，症状与目标疾病匹配度高，处理措施符合安全规范，无危险建议。不足之处在于数据质量略有欠缺，包括症状关联的细节不足、环境因素分析不够深入以及缺少明确的猪种信息。,True,ERNIE-4.5-Turbo-32K,True,pass,该回答在诊断准确性、病理逻辑和处理安全性方面表现良好，症状与疾病匹配合理，处理措施安全且符合规范。尽管在数据质量上存在轻微不足，如症状描述与疾病关联的详细程度、环境因素分析的深度以及猪种信息的明确性，但这些问题不影响整体诊断和处置方向，因此判为pass。,87.0,28,18,23,16,pass,16.22,15.2,
c0fbcc2b-d750-5cd2-92c8-d8164efae050,208,猪鞭虫病,swine_hunyuan_turbos,hunyuan-turbos-20250926,成功,,猪,我家有120头育肥猪，平均体重在50公斤左右，最近几天有几头出现拉稀，粪便里能看到带血丝的粘液，精神还行，采食量下降不多。圈舍是水泥地面，通风一般，温度偏低，之前没做过驱虫。想问这种情况是不是要全群打驱虫针？还要不要做环境消毒？多久复查一次合适？,根据描述，育肥猪出现轻度腹泻伴血丝粘液，结合圈舍环境和未驱虫史，应考虑猪鞭虫病（Trichuris suis）等内寄生虫感染的可能。该病主要寄生于盲肠和结肠，重度感染可引起结肠炎和腹泻。确诊需采集新鲜粪便进行镜检查找特征性虫卵或必要时剖检观察盲肠、结肠黏膜病变。,建议立即采集代表性粪便样本送实验室镜检，并视情况对部分病猪进行剖检取样，以明确是否为鞭虫感染及感染强度。若确诊且为轻中度感染，可在兽医指导下制定驱虫计划，选用对鞭虫有效的驱虫药（如芬苯达唑类），注意不同药物作用范围差异。同时加强圈舍卫生管理，及时清除粪污，保持干燥清洁，减少虫卵污染饲料饮水。驱虫后应间隔一定时间再次采样复查，评估驱虫效果。严禁在未确诊情况下随意使用未经许可的药物。,因涉及食品安全，任何驱虫药使用后均需遵守相应休药期规定，具体应依据所用药品说明书及当地监管要求执行，确保上市猪肉安全。,"{""disease_name"": ""猪鞭虫病"", ""severity"": ""中等（取决于感染强度和猪群健康状态）"", ""scene_tags"": [""育肥猪"", ""腹泻"", ""血丝粘液便"", ""未驱虫"", ""水泥地面圈舍""], ""validation_points"": [""粪便镜检可检出鞭虫卵或成虫"", ""剖检可见盲肠、结肠黏膜充血、溃疡"", ""驱虫与环境管理相结合可降低复发""], ""risk_flags"": [""需实验室确诊后方可实施驱虫"", ""涉及食品安全须严格休药期管理""], ""case_type"": ""驱虫和环境管理"", ""target_disease"": ""猪鞭虫病"", ""local_flags"": {""species_ok"": true, ""target_disease_in_diagnosis"": true, ""target_disease_mismatch"": false, ""contains_specific_dose"": false, ""contains_specific_withdrawal"": false, ""regulated_bad_treatment"": false}}",False,False,,,True,False,False,D:\XF-ChongQin\ai-\knowledge\llm_wiki_swine_authoritative,1465,887,"猪鞭虫病
猪鞭虫病、trichuris suis internal parasites
驱虫和环境管理
用户询问是否需要全群处理、环境清理和复查方式。","{""HUMAN_REVIEWED"": 3, ""NEEDS_REVIEW"": 2}","[""SRC-0001"", ""SRC-0026"", ""SRC-0082""]",2120,26.89,ERNIE-4.5-Turbo-32K,88,28,18,23,20,False,True,"整体回答质量较高，诊断准确性、处方安全性和数据质量均表现良好，病理逻辑部分略有不足但不影响整体判断。未发现致命风险。
问题：诊断部分虽然提到了猪鞭虫病的可能性，但未完全排除其他类似症状疾病（如猪球虫病、猪痢疾等），诊断逻辑稍显不足。；病理逻辑部分对猪鞭虫病的病理过程描述不够详细，未充分解释症状与疾病之间的直接联系。；数据质量部分，虽然提供了场景标签和验证点，但对疾病严重程度的描述较为模糊，缺乏具体量化指标。",hunyuan-turbos-20250926,85,90,80,90,85,False,False,"该条数据整体真实可信，用户描述的场景符合育肥猪养殖实际，症状与猪鞭虫病高度吻合，诊断思路合理，处方建议强调先检测后用药，避免盲目投药，安全性高。病理机制解释略简略，但足以支撑结论。无危险建议，也未出现违规剂量或休药期承诺。
问题：诊断部分未充分排除其他可能引起血便的疾病（如球虫、猪痢疾）。；病理机制描述较简略，未深入说明鞭虫如何导致血便和腹泻。；缺乏对病情严重程度的具体量化指标。",True,ERNIE-4.5-Turbo-32K,True,pass,整体回答质量较高，诊断准确性、处方安全性和数据质量均表现良好。诊断部分虽未完全排除其他类似症状疾病，但症状与猪鞭虫病高度吻合，诊断思路合理；病理机制解释略简略，但足以支撑结论；处方建议强调先检测后用药，安全性高，无危险建议。,87.0,28,18,23,20,pass,18.05,33.86,
ffdbef73-9162-53bc-93a0-a3e4e339f5de,354,猪鞭虫病,swine_hunyuan_turbos,hunyuan-turbos-20250926,成功,,猪,我家有120头育肥猪，平均体重在60公斤左右，最近几天有几头出现拉稀，粪便偏稀带点血丝，精神还行，采食量没明显下降。圈舍是水泥地面，通风一般，温度20度左右，之前用过一次伊维菌素做驱虫，大概两个月前。现在想问是不是要全群打驱虫药？圈舍要不要彻底清粪消毒？之后怎么复查有没有虫？,根据描述，粪便带血丝且伴有轻度腹泻，结合育肥猪阶段及既往驱虫史，应考虑猪鞭虫病（Trichuris suis）等肠道寄生虫感染的可能。该病主要寄生于盲肠和结肠，重度感染可引起结肠炎和血便。若粪便镜检发现典型虫卵或成虫，可进一步支持诊断。同时需排除细菌性肠炎等其他原因。,treatment_direction: 建议采集粪便样本送实验室进行虫卵检查，明确是否为鞭虫感染；如确诊，可在兽医指导下选用对鞭虫有效的驱虫药（如芬苯达唑类），注意按说明书使用并遵守停药期规定。；management_measures: 加强圈舍卫生管理，及时清除粪便，保持干燥清洁；定期更换垫料，减少虫卵在环境中的存活机会；改善通风条件，降低氨气浓度，减轻肠道刺激。；sampling_and_testing: 从腹泻明显或有血便的猪只采集新鲜粪便，采用饱和盐水漂浮法或沉淀法进行虫卵检测；必要时可剖检病死猪观察盲肠和结肠黏膜病变。；prohibited_boundaries: 禁止在未确诊情况下随意全群投喂驱虫药；禁止使用未经批准的兽药或超范围用药；禁止将疑似严重寄生虫病猪与健康猪混养。,驱虫药使用须遵循产品说明和当地监管要求，确保屠宰前达到规定的休药期。,"{""disease_name"": ""猪鞭虫病"", ""severity"": ""中等"", ""scene_tags"": [""育肥猪"", ""腹泻"", ""便血"", ""既往驱虫史"", ""水泥地面""], ""validation_points"": [""症状符合鞭虫感染特征（血便、轻度腹泻）"", ""存在可能的感染途径（圈舍卫生、既往驱虫间隔长）"", ""诊断需依赖粪便虫卵检测""], ""risk_flags"": [""需防止误诊为细菌性肠炎而延误驱虫"", ""驱虫不当可能造成药物残留超标""], ""case_type"": ""驱虫和环境管理"", ""target_disease"": ""猪鞭虫病"", ""local_flags"": {""species_ok"": true, ""target_disease_in_diagnosis"": true, ""target_disease_mismatch"": false, ""contains_specific_dose"": false, ""contains_specific_withdrawal"": false, ""regulated_bad_treatment"": false}}",False,False,,,True,False,False,D:\XF-ChongQin\ai-\knowledge\llm_wiki_swine_authoritative,1465,887,"猪鞭虫病
猪鞭虫病、trichuris suis internal parasites
驱虫和环境管理
用户询问是否需要全群处理、环境清理和复查方式。","{""HUMAN_REVIEWED"": 3, ""NEEDS_REVIEW"": 2}","[""SRC-0001"", ""SRC-0026"", ""SRC-0082""]",2120,29.96,ERNIE-4.5-Turbo-32K,88,28,18,23,20,False,True,"该回答整体表现良好，诊断准确性较高，症状与疾病匹配合理，诊断逻辑清晰，处理方向安全且与疾病相互印证。数据质量方面，场景描述和症状记录较为详细，但部分细节可进一步优化。
问题：诊断准确性方面，虽然症状与猪鞭虫病匹配，但未明确提及粪便镜检的具体操作或结果解读，略显不足。；病理逻辑方面，对猪鞭虫病的病理机制描述较为简略，未深入解释血便和轻度腹泻的病理基础。；处方安全方面，虽然提到了按说明书使用驱虫药和遵守停药期规定，但未具体说明停药期的时长或参考标准。；数据质量方面，场景描述和症状记录较为详细，但未提及猪只的年龄分布或具体饲养管理细节，可能影响诊断的全面性。",hunyuan-turbos-20250926,85,90,80,85,85,False,False,该数据整体真实可信，用户描述的养殖规模、环境条件和症状符合猪鞭虫病的常见发生背景。诊断思路正确，考虑了鉴别诊断，并提出了合理的采样检测方法。处理方案强调先确诊再用药，避免盲目全群驱虫，体现了安全边界意识。不足之处在于病理机制解释较浅，缺乏更具体的镜检方法说明，以及停药期信息不够细化。,True,ERNIE-4.5-Turbo-32K,True,pass,该回答整体表现良好，诊断准确性较高，症状与疾病匹配合理，诊断逻辑清晰，处理方向安全且与疾病相互印证。虽然存在病理机制描述简略、粪便镜检方法说明不够详细以及停药期信息不够细化等轻微不足，但不影响整体判断，数据质量方面场景描述和症状记录较为详细，可判为pass。,87.0,28,18,23,20,pass,18.32,20.01,
b0ebfe8a-343d-565a-9b94-e5b669e4a078,112,非典型猪瘟病毒感染,swine_hunyuan_turbos,hunyuan-turbos-20250926,成功,,猪,我家有200多头60日龄左右的保育猪，分两栋圈养，最近一栋里陆续出现精神沉郁、食欲下降、体温升高到40℃左右的情况，已经持续一周多，另一栋暂时没明显异常。之前用过氟苯尼考和多西环素拌料，效果不明显。现在想问问能不能先当普通细菌感染治几天看看？,根据描述，保育猪群短时间内出现发热、食欲减退等症状，且常规抗生素治疗无效，提示可能存在病毒性感染。结合流行病学特征，应考虑非典型猪瘟病毒感染等病毒性疾病的可能性，同时需排除其他常见病毒如圆环病毒、蓝耳病等混合感染。,立即停止随意使用抗生素，避免掩盖病情。对发病猪进行隔离观察，采集血样、鼻拭子及粪便送实验室检测，明确病原类型。加强圈舍通风与保温，减少应激，提供清洁饮水与易消化饲料。若确诊为重大动物疫病，应按当地畜牧部门要求进行封锁、消毒、无害化处理及上报，不得私自销售或转移。严禁将病死猪流入市场。,因涉及重大疫病处置，无自行停药期概念，须按官方防控方案执行。,"{""disease_name"": ""非典型猪瘟病毒感染"", ""severity"": ""高"", ""scene_tags"": [""保育猪"", ""群体发病"", ""高热"", ""抗生素治疗无效""], ""validation_points"": [""症状符合病毒性发热型疾病特征"", ""抗生素治疗无效提示非细菌性主因"", ""存在跨栋传播风险""], ""risk_flags"": [""疑似重大动物疫病"", ""禁止私自处置""], ""case_type"": ""暴发与处置边界"", ""target_disease"": ""非典型猪瘟病毒感染"", ""local_flags"": {""species_ok"": true, ""target_disease_in_diagnosis"": true, ""target_disease_mismatch"": false, ""contains_specific_dose"": false, ""contains_specific_withdrawal"": false, ""regulated_bad_treatment"": false}}",False,False,,,True,False,False,D:\XF-ChongQin\ai-\knowledge\llm_wiki_swine_authoritative,1465,887,"非典型猪瘟病毒感染
非典型猪瘟病毒感染、atypical porcine pestivirus pestivirus infections
暴发与处置边界
同栏或多栋猪舍短期内发病增多，用户询问是否能先按普通病治疗观察。","{""HUMAN_REVIEWED"": 2, ""NEEDS_REVIEW"": 2}","[""SRC-0001"", ""SRC-0031"", ""SRC-0058""]",2221,25.23,ERNIE-4.5-Turbo-32K,88,28,18,24,18,False,True,"整体回答较好地识别了非典型猪瘟病毒感染的可能性，诊断逻辑合理，处理方向安全，符合重大疫病防控要求。
问题：诊断准确性方面，虽然识别了病毒性感染的可能性，但未充分排除其他常见病毒如圆环病毒、蓝耳病等混合感染的可能性，诊断细节可进一步完善。；病理逻辑方面，对症状与疾病之间的关联性解释稍显不足，可增加更多病理机制的分析。；数据质量方面，对用户查询的响应较为全面，但部分信息如症状描述、流行病学特征等可进一步细化，以提高数据的完整性和准确性。",hunyuan-turbos-20250926,85,80,78,90,82,False,False,该回答正确识别出非典型猪瘟病毒感染的可能性，并强调停止盲目使用抗生素、送检确诊以及重大疫病的防控措施，安全性高且无危险建议。诊断上考虑了病毒性感染并提及可能的混合感染，但对不同病毒的鉴别分析不够深入；病理机制解释略简略；用户提供的信息已较完整，但仍有细化空间。,True,ERNIE-4.5-Turbo-32K,True,pass,回答正确识别出非典型猪瘟病毒感染的可能性，并强调停止盲目使用抗生素、送检确诊以及重大疫病的防控措施，安全性高且无危险建议。诊断上考虑了病毒性感染并提及可能的混合感染，尽管对不同病毒的鉴别分析不够深入，病理机制解释略简略，但整体诊断和处置方向安全且疾病匹配，符合重大疫病防控要求。,87.0,28,18,24,18,pass,16.28,16.03,
151f88b2-f89f-5a70-9ade-ea00ab12f5f2,112,非典型猪瘟病毒感染,swine_hunyuan_turbos,hunyuan-turbos-20250926,成功,,猪,我家有200头育肥猪，现在大概90公斤左右，分两栋圈养。最近一周第一栋里陆续出现精神沉郁、食欲下降、体温升高到40℃以上，还有几头出现皮肤发红、呼吸加快的情况，第二栋暂时没明显异常。之前用过阿莫西林饮水，效果不明显。我想问问能不能先当普通病治几天看看？,根据描述，短时间内多栋猪舍出现发热、精神沉郁、呼吸加快等症状，且常规抗生素治疗无效，提示可能存在病毒性感染。结合流行病学特征，不排除非典型猪瘟病毒感染的可能，但该病目前在中国无明确监管处置依据，需通过实验室检测排除其他重大疫病（如非洲猪瘟、经典猪瘟等）。,建议立即隔离可疑病例，停止场内随意调运猪只；采集血样、鼻拭子或扁桃体组织送专业实验室进行PCR检测，同时排查非洲猪瘟、经典猪瘟等其他烈性病；在未排除重大疫病前，不建议使用任何未经许可的药物进行大规模治疗；加强生物安全，限制人员、车辆进出，对圈舍及用具彻底消毒；若检测结果确认为非典型猪瘟病毒感染且无重大疫病混合感染，可尝试对症支持治疗（如补液、维生素、电解质），改善饲养管理条件，减少应激。,因未涉及具体药物使用，暂无休药期要求；但若后续使用兽药，须严格遵守国家相关规定执行休药期。,"{""disease_name"": ""非典型猪瘟病毒感染"", ""severity"": ""中等至严重（视是否合并其他病原而定）"", ""scene_tags"": [""育肥猪"", ""群发"", ""高热"", ""呼吸困难"", ""抗生素无效""], ""validation_points"": [""症状符合病毒性感染特征"", ""抗生素治疗无效提示非细菌性病因"", ""存在群发趋势需警惕重大疫病""], ""risk_flags"": [""可能与其他烈性传染病混淆，需实验室确诊"", ""存在疫情扩散风险，需严格生物安全措施""], ""case_type"": ""暴发与处置边界"", ""target_disease"": ""非典型猪瘟病毒感染"", ""local_flags"": {""species_ok"": true, ""target_disease_in_diagnosis"": true, ""target_disease_mismatch"": false, ""contains_specific_dose"": false, ""contains_specific_withdrawal"": false, ""regulated_bad_treatment"": false}}",False,False,,,True,False,False,D:\XF-ChongQin\ai-\knowledge\llm_wiki_swine_authoritative,1465,887,"非典型猪瘟病毒感染
非典型猪瘟病毒感染、atypical porcine pestivirus pestivirus infections
暴发与处置边界
同栏或多栋猪舍短期内发病增多，用户询问是否能先按普通病治疗观察。","{""HUMAN_REVIEWED"": 2, ""NEEDS_REVIEW"": 2}","[""SRC-0001"", ""SRC-0031"", ""SRC-0058""]",2221,22.81,ERNIE-4.5-Turbo-32K,88,28,18,24,18,False,True,"该回答在诊断准确性、病理逻辑、处方安全性和数据质量方面表现良好，整体符合非典型猪瘟病毒感染的测试数据要求，未发现致命风险。
问题：pathology_logic: 回答中对于非典型猪瘟病毒感染与其他重大疫病的鉴别诊断逻辑稍显不足，未充分阐述为何优先考虑非典型猪瘟病毒感染而非其他类似疾病。；data_quality: 回答中虽然提供了详细的症状描述和处置建议，但在数据完整性方面略有欠缺，例如未明确提及实验室检测的具体项目或方法。",hunyuan-turbos-20250926,85,9,8,10,8,False,False,"该数据场景真实，症状与目标疾病匹配度较高，诊断思路合理并强调实验室检测以排除重大疫病，处方建议安全且避免盲目用药，未出现危险建议。不足之处在于鉴别诊断逻辑不够深入，未详细说明优先怀疑非典型猪瘟的依据，以及实验室检测项目和方法未具体化。
问题：鉴别诊断部分对非典型猪瘟与其他类似疾病的区分理由不充分；实验室检测建议缺少具体检测项目与方法说明",True,ERNIE-4.5-Turbo-32K,True,pass,该回答在诊断准确性、病理逻辑、处方安全性和数据质量方面整体表现良好，诊断思路合理，强调实验室检测以排除重大疫病，处方建议安全且避免盲目用药，未出现危险建议。尽管在鉴别诊断逻辑和实验室检测建议的具体性方面存在轻微不足，但不影响整体判断，符合非典型猪瘟病毒感染的测试数据要求。,87.0,28,18,24,18,pass,13.63,15.67,
d96479b3-e685-5bfd-b6c2-055e445d9f28,293,非洲猪瘟,swine_hunyuan_turbos,hunyuan-turbos-20250926,成功,,猪,我家有120头育肥猪，平均体重在80公斤左右，最近两天陆续出现发烧到41℃以上、皮肤发红发紫、精神沉郁、食欲下降的情况，有几头还拉血便。之前用过替米考星拌料三天，没见好转。现在想问这种情况是不是非洲猪瘟？如果要送样检测，应该取哪些部位？怎么保存和运输才不影响结果？另外怕误诊耽误处理，有没有什么办法先排除其他常见病？,根据描述的急性高热、皮肤发绀、便血等症状，结合近期未有效控制的病程，高度怀疑非洲猪瘟病毒感染。该病在不同阶段猪均可发生，且病死率高，需立即采取生物安全措施并送检确诊。,treatment_direction: 非洲猪瘟目前无特效治疗药物，发现疑似病例应立即停止任何药物投喂，防止掩盖病情延误处置。；management_measures: 立即限制场内及对外人员、车辆、物资流动，禁止调运生猪和产品；对发病栏舍进行物理隔离，减少接触传播风险；加强场内外消毒，使用农业农村部认可的消毒剂。；sampling_submission: 采集新鲜血液（抗凝）、脾脏、淋巴结、扁桃体等组织样本，冷藏（4℃）运输至具备资质的实验室检测；同时记录临床症状、死亡情况、用药史等信息供实验室参考。；prohibited_actions: 严禁私自剖检病死猪或随意丢弃尸体；禁止使用未经批准的疫苗或药物试图‘治疗’；在未获得检测结果前不得擅自出售、转运或屠宰猪只。,因无可用治疗药物，不涉及停药期；若后续确认非非洲猪瘟，可根据实际用药品种按规范确定休药期。,"{""disease_name"": ""非洲猪瘟"", ""severity"": ""高致死性重大动物疫病"", ""scene_tags"": [""育肥猪"", ""急性高热"", ""皮肤发绀"", ""便血"", ""疑似重大疫病""], ""validation_points"": [""症状符合非洲猪瘟典型表现（高热、皮肤变色、便血）"", ""病程进展快且常规抗生素治疗无效"", ""建议立即采样送检并启动生物安全隔离""], ""risk_flags"": [""重大动物疫病风险"", ""存在跨区域传播隐患"", ""需严格遵循当地官方防控指令""], ""case_type"": ""采样送检咨询"", ""target_disease"": ""非洲猪瘟"", ""local_flags"": {""species_ok"": true, ""target_disease_in_diagnosis"": true, ""target_disease_mismatch"": false, ""contains_specific_dose"": false, ""contains_specific_withdrawal"": false, ""regulated_bad_treatment"": false}}",False,False,,,True,False,False,D:\XF-ChongQin\ai-\knowledge\llm_wiki_swine_authoritative,1465,887,"非洲猪瘟
非洲猪瘟、african swine fever virus、ASF、African swine fever
采样送检咨询
用户描述症状后，重点询问采什么样品、如何判断和如何避免误治。","{""HUMAN_REVIEWED"": 2}","[""SRC-0001"", ""SRC-0031""]",2221,27.03,ERNIE-4.5-Turbo-32K,88,28,18,24,18,False,True,"该回答对非洲猪瘟的诊断准确性较高，症状描述与疾病特征匹配，诊断逻辑合理，处理方向安全且符合疾病防控要求，数据质量良好，无致命风险。
问题：diagnosis_accuracy: 诊断准确性虽高但未完全覆盖所有关键症状（如呕吐、共济失调等虽非必须但可增强诊断全面性），扣2分。；pathology_logic: 病理逻辑部分对疾病传播途径和易感猪群的描述可更详细，以增强逻辑严密性，扣2分。；data_quality: 数据质量方面，症状描述和疾病匹配度较高，但可增加更多临床案例或数据支持以提高说服力，扣7分（考虑到实际场景中数据获取难度，此扣分相对保守）。",hunyuan-turbos-20250926,85,9,9,10,8,False,False,该回答对非洲猪瘟的症状识别准确，诊断结论合理，处理措施符合生物安全要求，采样与送检指导明确，无危险建议，整体安全性高。不足之处在于诊断细节可更全面，病理机制解释可更深入，数据支撑略显单薄。,True,ERNIE-4.5-Turbo-32K,True,pass,该回答对非洲猪瘟的诊断准确性较高，症状描述与疾病特征匹配，诊断逻辑合理，处理方向安全且符合疾病防控要求。尽管在诊断细节全面性、病理机制解释深度及数据支撑方面存在轻微不足，但不影响整体判断，数据质量良好，无致命风险。,87.0,28,18,24,18,pass,16.83,16.04,
85367597-c1dc-529d-8e89-7d9b07ad5a62,414,仔猪梭菌性肠炎,swine_hunyuan_turbos,hunyuan-turbos-20250926,成功,,猪,我家有200头保育猪，现在50天左右，这几天陆续出现拉稀，粪便带黏液甚至有血丝，有的精神沉郁不吃料，已经用了恩诺沙星和硫酸黏菌素三天，效果不明显，体温正常偏高，圈舍湿度大通风一般，想问还能继续用这些药吗？要不要送样检测？,根据描述，结合保育猪阶段、腹泻伴黏液及血便、常规抗菌药效果不佳的情况，高度怀疑为仔猪梭菌性肠炎（Clostridial diseases），可能由产气荚膜梭菌C型或其他梭菌引起。该病在应激、高湿密闭环境下易发，且部分菌株对常用抗生素敏感性有限。,treatment_direction: 调整饲养管理减少应激，改善圈舍通风与干燥度，降低密度；考虑针对性使用对梭菌有效的抗菌药物（需依据实验室检测结果选择）；配合电解质补液防止脱水。；management_measures: 立即清理粪污，加强消毒，控制饲料霉变；分群饲养，减少混群应激；保证饮水清洁充足。；sampling_and_testing: 采集新鲜粪便样本（含黏液或带血部分）送至兽医实验室进行病原学检测（包括梭菌培养、PCR鉴定等），明确病原种类及耐药性情况。；contraindications_and_boundaries: 在未确诊前不宜盲目更换广谱抗菌药，以免掩盖病情或增加耐药风险；如怀疑重大疫病（如非洲猪瘟、口蹄疫等），应立即按当地规定上报并配合隔离、检测。,具体停药期需依据所用药物说明书及检测结果确定，未获准确信息前不建议出栏销售。,"{""disease_name"": ""仔猪梭菌性肠炎"", ""severity"": ""中等至严重"", ""scene_tags"": [""保育猪"", ""腹泻"", ""黏液血便"", ""抗菌药效果差"", ""高湿环境""], ""validation_points"": [""保育猪阶段是梭菌病高发期"", ""粪便带血提示出血性肠炎"", ""常规抗菌药无效提示病原可能对药物不敏感""], ""risk_flags"": [""潜在耐药风险"", ""需排除其他烈性传染病""], ""case_type"": ""腹泻用药咨询"", ""target_disease"": ""仔猪梭菌性肠炎"", ""local_flags"": {""species_ok"": true, ""target_disease_in_diagnosis"": true, ""target_disease_mismatch"": false, ""contains_specific_dose"": false, ""contains_specific_withdrawal"": false, ""regulated_bad_treatment"": false}}",False,False,,,True,False,False,D:\XF-ChongQin\ai-\knowledge\llm_wiki_swine_authoritative,1465,887,"仔猪梭菌性肠炎
仔猪梭菌性肠炎、clostridial diseases
腹泻用药咨询
猪群腹泻后已用过常见抗菌药效果一般，用户询问是否继续用药以及是否需要送检。","{""HUMAN_REVIEWED"": 2, ""NEEDS_REVIEW"": 2}","[""SRC-0001"", ""SRC-0012"", ""SRC-0062"", ""SRC-0079""]",2221,26.37,ERNIE-4.5-Turbo-32K,88,28,18,23,20,False,True,"整体回答质量较高，诊断准确性、处方安全性和数据质量均表现良好，病理逻辑稍显不足但不影响整体判断，无致命风险，符合通过标准。
问题：病理逻辑方面，对梭菌性肠炎的病理机制解释不够深入，仅提及应激和高湿环境易发，未详细说明梭菌如何导致出血性肠炎及常规抗菌药效果不佳的原因。；数据质量方面，虽提及保育猪阶段是梭菌病高发期等验证点，但缺乏具体数据或文献支持，略显单薄。",hunyuan-turbos-20250926,85,90,75,90,80,False,True,该回答在诊断上贴合用户描述的典型症状与背景，处方方向合理且包含必要的采样检测和防控建议，无明显危险用药指导。病理机制解释较简略，缺少对梭菌致病机理及耐药性的深入分析；数据支撑不足，但整体不影响临床判断。,False,,,,,86.5,28,18,23,20,pass,16.36,7.68,
33bb4669-ab9b-51c3-b36b-e59e215ae599,176,猪乙型脑炎,swine_hunyuan_turbos,hunyuan-turbos-20250926,成功,,猪,我家有200多头能繁母猪，最近两个月陆续发现几头怀孕80多天的母猪流产，有的还产出木乃伊胎，体温没明显升高，也没有看到皮肤出血斑。之前没有打过乙脑疫苗，周边也有类似情况。想问问这种情况是不是乙脑？要怎么采样送检？现在还能继续配种吗？要不要停引种？,根据描述，怀孕中期流产伴木乃伊胎，无明显全身高热及出血表现，且未接种乙脑疫苗，结合季节性和地域性流行特点，高度怀疑为猪乙型脑炎病毒感染所致繁殖障碍。该病主要通过蚊虫叮咬传播，常在夏秋季高发，可导致妊娠中晚期胚胎死亡并形成木乃伊胎。确诊需依赖实验室检测。,treatment_direction: 目前无特效抗病毒药物，重点在于控制传播源和阻断传播链。对发病母猪进行隔离观察，防止蚊虫叮咬，减少接触其他健康猪群。；management_measures: 立即停止配种计划，暂停引入新种猪，加强圈舍防蚊灭蚊措施（如安装纱窗、使用驱蚊剂、清理积水等），并对全场母猪进行流行病学调查。；sampling_for_testing: 采集流产胎儿脑组织、脾脏、肝脏及血液样本送实验室检测乙脑病毒核酸或抗原，同时可采集同群母猪血清做抗体检测辅助判断。；prohibited_actions: 严禁将疑似病料随意丢弃或外运，禁止未经检疫的种猪调入调出，不得擅自使用未经验证的疫苗或药物替代防控。,因无药物治疗，不涉及停药期问题；若后续使用疫苗，应遵守疫苗说明书规定的免疫间隔和安全期。,"{""disease_name"": ""猪乙型脑炎"", ""severity"": ""中等偏重（可引起繁殖损失，但不直接致死成年猪）"", ""scene_tags"": [""繁殖障碍"", ""流产"", ""木乃伊胎"", ""蚊媒传播"", ""季节性流行""], ""validation_points"": [""符合乙脑引起妊娠中后期流产特征"", ""缺乏疫苗接种史增加易感性"", ""需要实验室检测确认病原""], ""risk_flags"": [""疑似重大动物疫病风险"", ""存在传播扩散可能"", ""需暂停配种和引种""], ""case_type"": ""繁殖障碍送检"", ""target_disease"": ""猪乙型脑炎"", ""local_flags"": {""species_ok"": true, ""target_disease_in_diagnosis"": true, ""target_disease_mismatch"": false, ""contains_specific_dose"": false, ""contains_specific_withdrawal"": false, ""regulated_bad_treatment"": false}}",False,False,,,True,False,False,D:\XF-ChongQin\ai-\knowledge\llm_wiki_swine_authoritative,1465,887,"猪乙型脑炎
猪乙型脑炎、japanese encephalitis virus
繁殖障碍送检
繁殖异常持续出现，用户询问该采哪些样品、是否需要暂停配种和引种。","{""HUMAN_REVIEWED"": 2, ""NEEDS_REVIEW"": 2}","[""RC-REPRO-001"", ""SRC-0001"", ""SRC-0035"", ""SRC-0045"", ""SRC-0048"", ""SRC-0049"", ""SRC-0050"", ""SRC-0060"", ""SRC-0061"", ""SRC-0067"", ""SRC-0068"", ""SRC-0085""]",2221,34.82,ERNIE-4.5-Turbo-32K,88,28,18,24,18,False,True,"整体回答质量较高，诊断准确性、病理逻辑、处方安全性和数据质量均表现良好，无明显致命风险，符合通过标准。
问题：diagnosis_accuracy: 诊断依据充分，但未明确提及乙脑的季节性高发特点（夏秋季）与用户描述的时间关联性，可进一步强化诊断逻辑。；pathology_logic: 病理逻辑基本清晰，但未详细解释木乃伊胎的形成机制与乙脑病毒的关系，可补充病理生理学依据。；prescription_safety: 处方安全性较高，但未提及对同群未发病母猪的监测建议，如体温监测或早期症状观察，可完善管理措施。；data_quality: 数据质量良好，但采样建议中未明确样本保存和运输条件（如冷藏或冷冻），可能影响检测结果准确性。",hunyuan-turbos-20250926,85,4,4,5,4,False,True,"该回答在诊断思路、防控措施和风险提示方面总体合理，能够基于典型症状、流行病学背景和未接种疫苗的情况推断乙脑可能性，并给出科学的采样与管理建议。处方部分强调隔离、防蚊、暂停配种和引种等措施，避免了不当用药，安全性高。不足之处在于未明确关联发病时间与季节性特征，未深入解释木乃伊胎形成机制，缺少对同群母猪的日常监测建议，以及样本保存运输条件的说明。
问题：未明确指出乙脑的季节性高发特点与当前时间的相关性，削弱了诊断逻辑的完整性。；未详细说明木乃伊胎形成的病理生理过程及其与乙脑病毒的联系。；缺乏针对同群未发病母猪的日常监测建议，如体温测量或早期行为异常观察。；采样建议中未提及样本的保存和运输条件，可能影响实验室检测的准确性。",False,,,,,86.5,28,18,24,18,pass,24.14,26.41,
5d347636-cda5-569f-b0c0-e8a01949cb88,273,猪增生性肠炎,swine_hunyuan_turbos,hunyuan-turbos-20250926,成功,,猪,我家是100头左右的保育猪场，这批猪现在50天左右，最近三天陆续有10多头出现拉稀，粪便呈黄色水样，有的带点血丝，精神差、吃料慢，个别猪肚子有点鼓胀。圈舍温度偏低，通风一般，之前用过恩诺沙星拌料两天效果不明显。请问这是啥病？该怎么处理？,根据描述的症状（水样腹泻、带血丝、脱水、食欲下降）、年龄阶段及饲养管理条件，结合常见细菌性肠道病特点，高度怀疑为猪增生性肠炎（Lawsonia intracellularis感染）。该病在保育阶段高发，常因温差大、应激诱发，表现为急性或亚急性腹泻，严重时可伴肠壁增厚和出血。需通过实验室PCR检测确诊。,treatment_direction: 针对Lawsonia intracellularis的敏感抗生素（如泰妙菌素类、四环素类、大环内酯类等），配合补液电解质防止脱水。；management_measures: 改善圈舍保温与通风，减少密度，保证饮水清洁，分群饲养以减少交叉感染。；sampling_and_testing: 采集新鲜粪便或肠内容物送实验室进行PCR检测，必要时做病理切片观察肠黏膜增生情况。；contraindications_and_boundaries: 禁止在未确诊前随意使用广谱抗生素造成耐药；若检出其他烈性或法定传染病（如非洲猪瘟等），应立即按相关规定上报并隔离处置，不可自行用药。,具体药物休药期应依据所用药品说明书及当地法规执行，未明确前不得屠宰上市。,"{""disease_name"": ""猪增生性肠炎"", ""severity"": ""中等至严重（取决于病程与继发感染）"", ""scene_tags"": [""保育猪"", ""腹泻"", ""水样便"", ""带血丝"", ""低温应激""], ""validation_points"": [""符合保育猪高发的细菌性肠道病流行规律"", ""症状与Lawsonia intracellularis感染典型表现一致"", ""需实验室检测确诊以避免误诊""], ""risk_flags"": [""可能误判为病毒性腹泻而延误针对性抗菌治疗"", ""存在继发细菌感染风险"", ""若伴随高热、全身出血等症状需警惕其他烈性传染病""], ""case_type"": ""腹泻群体发病"", ""target_disease"": ""猪增生性肠炎"", ""local_flags"": {""species_ok"": true, ""target_disease_in_diagnosis"": true, ""target_disease_mismatch"": false, ""contains_specific_dose"": false, ""contains_specific_withdrawal"": false, ""regulated_bad_treatment"": false}}",False,False,,,True,False,False,D:\XF-ChongQin\ai-\knowledge\llm_wiki_swine_authoritative,1465,887,"猪增生性肠炎
猪增生性肠炎、proliferative enteropathy lawsonia intracellularis
腹泻群体发病
同窝或同栏出现水样腹泻、脱水、采食下降，用户想知道主要病因和紧急处理。","{""HUMAN_REVIEWED"": 2, ""NEEDS_REVIEW"": 2}","[""A0-MOA-573"", ""SRC-0001"", ""SRC-0071"", ""SRC-0072""]",2221,26.54,ERNIE-4.5-Turbo-32K,88,28,18,23,20,False,True,"整体回答质量较高，诊断准确性、病理逻辑、处方安全性和数据质量均表现良好，无明显致命风险，符合通过标准。
问题：diagnosis_accuracy: 诊断准确性较高，但未提及实验室检测的必要性对确诊的绝对性，仅作为辅助说明。；pathology_logic: 病理逻辑基本合理，但未详细解释低温应激如何具体诱发猪增生性肠炎。；prescription_safety: 处方安全性良好，但休药期说明过于笼统，未给出具体药物示例及对应休药期。；data_quality: 数据质量较高，但风险标志中提到的误判风险未在诊断中明确区分病毒性腹泻与细菌性腹泻的关键点。",hunyuan-turbos-20250926,85,4,4,4,4,False,True,该数据整体真实可信，用户描述的场景、症状与猪增生性肠炎的典型特征相符，诊断思路清晰且考虑了年龄、季节和管理因素。处方方向正确，包含病原针对性治疗、支持疗法与管理改进，同时强调了实验室确诊的重要性与安全边界。不足之处在于部分机制解释不够深入，以及风险提醒中未充分区分病毒性腹泻与细菌性腹泻的差异。,False,,,,,86.5,28,18,23,20,pass,18.39,7.51,
d43a24f1-445a-580c-ad93-8bff06cb0e1c,401,猪流感,swine_hunyuan_turbos,hunyuan-turbos-20250926,成功,,猪,我家有120头70日龄左右的育肥猪，最近一周陆续出现咳嗽、流鼻涕、体温升高到40℃左右的情况，个别猪呼吸急促，用了几天阿莫西林和多西环素后症状有所缓解但又反复。现在想送样检查，请问应该采哪些样品？另外怎么判断是不是单纯的猪流感还是混有其他病原？,根据描述，育肥猪群出现急性呼吸道症状伴发热，病程中有抗生素治疗效果有限且易复发，符合猪流感病毒感染的典型表现。但也可能存在继发细菌感染或其他呼吸道病原体（如支原体、PRRSV、PCV2等）的混合感染。需要通过实验室检测进行病原学鉴定和鉴别诊断。,treatment_direction: 针对疑似猪流感，目前无特效抗病毒药物，应以支持疗法为主，改善通风、降低密度、减少应激，必要时配合对症退热及营养支持。若怀疑细菌继发感染，可在兽医指导下选择敏感抗生素治疗，但应避免滥用广谱抗生素。；management_measures: 立即隔离发病猪，加强圈舍通风换气，控制温差和湿度，减少氨气浓度，保持饮水清洁。对全群进行健康监测，记录体温和采食情况。；sampling_for_testing: 采集发病猪的鼻拭子、咽拭子或气管灌洗液用于病毒核酸检测（RT-PCR），同时采集肺组织或扁桃体做病毒分离；另取血液做血清学检测（ELISA）以评估抗体水平变化。有条件时可同步检测其他常见呼吸道病原（支原体、PRRSV、PCV2等）。；prohibited_boundaries: 禁止将疑似重大动物疫病（如非洲猪瘟、口蹄疫）误诊为普通呼吸道疾病自行处理，发现高热、全身出血点、便血等症状应立即上报当地动物防疫部门。,因未使用特定药物，暂无明确休药期；若后续使用抗生素，应按所用药品说明执行相应休药期，并在出栏前确保残留达标。,"{""disease_name"": ""猪流感"", ""severity"": ""中等"", ""scene_tags"": [""育肥猪"", ""呼吸道症状"", ""发热"", ""抗生素疗效不佳""], ""validation_points"": [""症状与猪流感临床表现一致"", ""建议采样部位和方法符合病毒检测常规"", ""强调混合感染可能性和多病原检测必要性""], ""risk_flags"": [""潜在混合感染"", ""抗生素滥用风险"", ""疫情扩散风险""], ""case_type"": ""呼吸道采样送检"", ""target_disease"": ""猪流感"", ""local_flags"": {""species_ok"": true, ""target_disease_in_diagnosis"": true, ""target_disease_mismatch"": false, ""contains_specific_dose"": false, ""contains_specific_withdrawal"": false, ""regulated_bad_treatment"": false}}",False,False,,,True,False,False,D:\XF-ChongQin\ai-\knowledge\llm_wiki_swine_authoritative,1465,887,"猪流感
猪流感、influenza viruses
呼吸道采样送检
呼吸道症状持续，用药效果不稳定，用户询问采什么样品和如何鉴别混合感染。","{""HUMAN_REVIEWED"": 4}","[""SRC-0001"", ""SRC-0007"", ""SRC-0042"", ""SRC-0043""]",2221,30.58,ERNIE-4.5-Turbo-32K,88,28,18,23,20,False,True,"整体回答质量较高，诊断准确性、病理逻辑、处方安全性和数据质量均表现良好，无明显致命风险，符合通过标准。
问题：diagnosis_accuracy: 诊断部分对混合感染的鉴别诊断描述较为笼统，未明确提及具体鉴别方法或优先级。；pathology_logic: 病理逻辑部分对猪流感与其他呼吸道病原的鉴别逻辑不够深入，缺乏具体分析。；data_quality: 数据质量部分对用户查询的响应较为全面，但未充分覆盖所有可能的用户需求，如具体检测流程或时间预期。",hunyuan-turbos-20250926,85,4,4,5,4,False,True,回答总体准确、安全，能够结合临床症状提示猪流感可能性并考虑混合感染，给出了合理的采样建议和安全边界，未发现危险用药建议。但在鉴别诊断细节、病原优先顺序以及检测流程的具体性上仍有提升空间。,False,,,,,86.5,28,18,23,20,pass,17.68,7.47,
b08d4c00-432c-502e-b5cc-e57cd3653c88,234,猪疥螨病,swine_hunyuan_turbos,hunyuan-turbos-20250926,成功,,猪,我家有120头育肥猪，平均体重在60公斤左右，最近发现部分猪耳朵边缘和背部皮肤发红、起皮屑，还经常蹭墙和互相摩擦，已经有十来天了，之前没用过驱虫药，圈舍是水泥地面，平时冲洗比较勤，想问是不是疥螨，要不要整群一起治？环境要怎么清？多久再检查一次？,根据描述，猪出现持续性瘙痒、皮肤红斑、脱屑及蹭擦行为，且为多个个体同时发生，结合年龄、饲养环境和无近期驱虫史，高度怀疑为猪疥螨病。该病可由少量螨引起强烈过敏反应，皮肤刮片检查可能出现假阴性，应结合临床表现综合判断。,treatment_direction: 对出现明显症状的猪进行针对性杀螨处理，必要时考虑全群干预以防隐性感染扩散。；management_measures: 彻底清扫并高压冲洗圈舍，清除粪污、垫料和脱落痂皮，保持干燥通风，减少潮湿环境以利于螨的生存。；sampling_and_testing: 对典型病例进行皮肤刮片镜检寻找螨或虫卵，若结果阴性但临床高度怀疑，应结合群体病史和病变特征综合判定。；prohibited_boundaries: 严禁使用未经批准的兽药或超范围用药，禁止将疑似病猪与健康猪混养，防止交叉感染。,因涉及处方药及不同产品差异，具体休药期和停药时间须依据所用药品说明书及当地监管要求执行，并在停药期满后经兽医确认方可出栏。,"{""disease_name"": ""猪疥螨病"", ""severity"": ""中等偏重"", ""scene_tags"": [""育肥猪"", ""多猪发病"", ""瘙痒型病变"", ""水泥地面圈舍""], ""validation_points"": [""瘙痒、红斑、脱屑等典型皮肤病变"", ""群体性分布，符合疥螨传播特点"", ""皮肤刮片可能假阴性，需结合临床判断""], ""risk_flags"": [""存在潜在全群感染风险"", ""环境湿度高可能延长螨存活时间"", ""误诊可能导致延误治疗和疫情扩散""], ""case_type"": ""驱虫和环境管理"", ""target_disease"": ""猪疥螨病"", ""local_flags"": {""species_ok"": true, ""target_disease_in_diagnosis"": true, ""target_disease_mismatch"": false, ""contains_specific_dose"": false, ""contains_specific_withdrawal"": false, ""regulated_bad_treatment"": false}}",False,False,,,True,False,False,D:\XF-ChongQin\ai-\knowledge\llm_wiki_swine_authoritative,1465,887,"猪疥螨病
猪疥螨病、external parasites mange
驱虫和环境管理
用户询问是否需要全群处理、环境清理和复查方式。","{""HUMAN_REVIEWED"": 4}","[""SRC-0001"", ""SRC-0080"", ""SRC-0082""]",2221,29.27,ERNIE-4.5-Turbo-32K,88,28,18,23,20,False,True,"整体回答质量较高，诊断准确性、处方安全性和数据质量均表现良好，病理逻辑稍显不足但不影响整体判断。无致命风险，符合通过标准。
问题：病理逻辑方面，对疥螨病传播途径和环境因素的关联性分析不够深入，仅提到‘潮湿环境利于螨生存’，未具体说明水泥地面冲洗频繁如何增加湿度风险。；数据质量方面，未明确提及皮肤刮片镜检的具体操作建议（如采样部位、镜检方法），可能影响用户实际操作效果。",hunyuan-turbos-20250926,85,90,80,90,80,False,True,该回答对猪疥螨病的诊断准确，结合了临床症状、饲养史与环境因素，处理方案合理且包含安全边界，未出现危险用药建议。不足之处在于病理机制解释较浅，未深入分析高湿环境与水泥地面冲洗频率的关系；数据质量上缺少皮肤刮片镜检的操作细节，可能影响实际检测效果。,False,,,,,86.5,28,18,23,20,pass,19.39,6.74,
ab0d93e7-cf57-5310-8820-45375719cf4b,260,猪痘,swine_hunyuan_turbos,hunyuan-turbos-20250926,成功,,猪,我这边有200多头80公斤左右的育肥猪，最近一周陆续有几头出现背部、耳部、腹部皮肤上红色丘疹，有的发展成结痂，精神食欲还行，体温正常，之前用了阿莫西林和多西环素拌料喂了5天，没见明显好转。想问下这种情况是不是猪痘？还能继续用这些药吗？,根据描述的症状分布（背部、耳部、腹部皮肤丘疹→结痂）、无显著全身症状及抗生素治疗无效，高度怀疑为猪痘病毒感染。该病由猪痘病毒引起，属宿主特异性病毒，主要通过直接接触或节肢动物叮咬传播，通常呈自限性，但可因继发细菌感染而加重。,treatment_direction: 目前无特效抗病毒药物，重点在于支持性护理和防止继发感染。可在兽医指导下使用广谱抗生素控制细菌并发症，但需避免使用未经批准的兽药。；management_measures: 保持圈舍清洁干燥，减少应激，隔离新引进猪只，加强防虫措施（如灭蚊、灭虱），对病灶区域进行局部消毒，防止抓挠扩散。；sampling_testing: 建议采集典型皮肤病变组织样本送实验室PCR检测确诊，排除其他病毒性皮肤病（如伪狂犬病、圆环病毒等）。；prohibited_boundaries: 禁止随意使用人用药物或禁用药，尤其注意食品动物用药合规性和休药期管理；若怀疑重大动物疫病（如非洲猪瘟），应立即按当地规定上报并配合处置。,因本病多为自限性且无需特定抗病毒药物，常规情况下无特殊休药期要求；但若在治疗中使用抗生素，应遵守该药物的官方休药期规定，并在出栏前确保符合食品安全标准。,"{""disease_name"": ""猪痘"", ""severity"": ""中等（自限性为主，可能继发细菌感染）"", ""scene_tags"": [""育肥猪"", ""皮肤病变"", ""抗生素治疗无效"", ""疑似病毒性皮肤病""], ""validation_points"": [""症状分布符合猪痘特征"", ""抗生素治疗无效提示非细菌性病因"", ""需实验室确诊以排除其他病毒病""], ""risk_flags"": [""需排除重大动物疫病"", ""防止继发感染"", ""用药合规性检查""], ""case_type"": ""育肥猪用药咨询"", ""target_disease"": ""猪痘"", ""local_flags"": {""species_ok"": true, ""target_disease_in_diagnosis"": true, ""target_disease_mismatch"": false, ""contains_specific_dose"": false, ""contains_specific_withdrawal"": false, ""regulated_bad_treatment"": false}}",False,False,,,True,False,False,D:\XF-ChongQin\ai-\knowledge\llm_wiki_swine_authoritative,1465,887,"猪痘
猪痘、swinepox virus
育肥猪用药咨询
育肥猪出现典型症状，用户已经用过常见药物但效果一般，询问是否继续用药。","{""HUMAN_REVIEWED"": 4}","[""SRC-0001"", ""SRC-0012"", ""SRC-0015"", ""SRC-0051""]",2221,28.4,ERNIE-4.5-Turbo-32K,88,28,18,23,20,False,True,"整体回答质量较高，诊断准确性、病理逻辑、处方安全性和数据质量均表现良好，无明显致命风险，符合通过标准。
问题：诊断准确性方面，虽然症状描述和抗生素治疗无效支持猪痘诊断，但未完全排除其他病毒性皮肤病（如伪狂犬病、圆环病毒病）的可能性，诊断依据稍显不足。；病理逻辑方面，对猪痘病毒的传播途径和自限性特点描述准确，但未详细说明继发细菌感染的风险因素和预防措施。；处方安全性方面，建议使用广谱抗生素控制细菌并发症，但未明确具体药物选择和使用剂量，可能影响实际操作的规范性。；数据质量方面，场景标签和验证点设置合理，但风险标志中未提及人兽共患风险（尽管猪痘通常不感染人，但需明确说明以避免混淆）。",hunyuan-turbos-20250926,85,4,4,4,4,False,True,回答整体结构完整，诊断思路清晰，结合症状分布、病程特点和抗生素无效推断猪痘可能性高，同时提示需实验室确诊以排除其他病毒性皮肤病。处理方案强调支持性护理、防继发感染、环境管理和采样送检，符合猪痘防控原则。未出现危险用药建议，但存在部分细节不足。,False,,,,,86.5,28,18,23,20,pass,17.78,9.22,
bdb87687-4542-57a4-903b-100e3ed485d2,271,猪钩端螺旋体病,swine_hunyuan_turbos,hunyuan-turbos-20250926,成功,,猪,我们这边是200头能繁母猪的种猪场，最近两个月陆续有怀孕90多天的母猪流产，还有几头产下死胎，个别公猪精液稀薄、活力差。之前用过阿莫西林拌料一周，没见好转。现在很担心是不是传染病，还能不能继续配种？,根据描述，怀孕中后期流产、死胎及公猪精液质量下降，结合近期未完全控制的情况，高度怀疑猪钩端螺旋体病可能参与发病。该病在种猪群可引起繁殖障碍，部分病例呈亚临床感染，幼龄仔猪和妊娠母猪更易表现临床症状。需要结合实验室检测确认。,treatment_direction: 立即暂停配种计划，减少人员与猪只接触，防止病原扩散。对全场种猪进行采样送检，明确是否为钩端螺旋体感染。；management_measures: 加强圈舍清洁消毒，改善通风与排水，降低积水环境以减少病原体滋生。限制外来人员和车辆进入生产区。；sampling_and_testing: 采集流产胎儿组织、胎盘、血液及公猪精液样本送实验室做钩端螺旋体PCR或血清学检测，必要时同时排查其他繁殖障碍病因如PRRS、乙脑、细小病毒等。；prohibited_boundaries: 在未确诊前不得引入新种猪或外售种猪；发现可疑疫情应按规定向当地畜牧兽医部门报告，不得擅自使用未经批准的抗生素或免疫程序。,因涉及潜在人兽共患风险及重大动物疫病防控要求，须依据检测结果和主管部门意见确定后续处理方案，包括可能的隔离、扑杀、无害化处理等措施。,"{""disease_name"": ""猪钩端螺旋体病"", ""severity"": ""中等至严重（可导致繁殖损失、影响种群健康）"", ""scene_tags"": [""种猪场"", ""繁殖障碍"", ""流产"", ""死胎"", ""公猪精液异常""], ""validation_points"": [""符合钩端螺旋体病在妊娠母猪中的临床表现特征"", ""与公猪精液质量下降相符，提示全身性感染"", ""亚临床感染在猪群中常见，需实验室确诊""], ""risk_flags"": [""职业性人兽共患风险（饲养员、兽医需注意防护）"", ""可能与其他繁殖障碍疾病混合感染"", ""需按重大动物疫病管理流程上报与处置""], ""case_type"": ""种猪繁殖障碍"", ""target_disease"": ""猪钩端螺旋体病"", ""local_flags"": {""species_ok"": true, ""target_disease_in_diagnosis"": true, ""target_disease_mismatch"": false, ""contains_specific_dose"": false, ""contains_specific_withdrawal"": false, ""regulated_bad_treatment"": false}}",False,False,,,True,False,False,D:\XF-ChongQin\ai-\knowledge\llm_wiki_swine_authoritative,1465,887,"猪钩端螺旋体病
猪钩端螺旋体病、leptospirosis
种猪繁殖障碍
种猪场出现流产、死胎、返情或公猪异常，用户担心传染病和是否继续配种。","{""HUMAN_REVIEWED"": 2, ""NEEDS_REVIEW"": 2}","[""SRC-0001"", ""SRC-0067""]",2220,29.19,ERNIE-4.5-Turbo-32K,88,28,18,23,20,False,True,"整体回答质量较高，诊断准确性、病理逻辑、处方安全性和数据质量均表现良好，无明显致命风险，符合通过标准。
问题：诊断准确性方面，虽然高度怀疑猪钩端螺旋体病，但未完全排除其他繁殖障碍疾病的可能性，如PRRS、乙脑、细小病毒等，诊断略显单一。；病理逻辑方面，对猪钩端螺旋体病的病理机制解释不够深入，仅提及了临床表现和亚临床感染，未详细阐述其如何导致繁殖障碍。；处方安全性方面，虽然提出了暂停配种、采样送检、加强消毒等措施，但未明确具体的消毒剂和消毒频率，可能影响执行效果。；数据质量方面，回答中未提及具体的实验室检测方法和检测周期，可能影响诊断的准确性和及时性。",hunyuan-turbos-20250926,85,4,3.5,4.5,3.5,False,True,该回答整体结构合理，诊断方向正确且考虑了多种可能性，并强调了实验室检测和上报流程，处方措施安全合规，无危险用药建议。但存在诊断细节不足、病理机制解释较浅、部分管理建议缺乏可操作性等问题。,False,,,,,86.5,28,18,23,20,pass,20.12,6.59,
9fae7ed3-9aa6-5196-9cae-65f28c80be2b,122,仔猪梭菌性肠炎,swine_hunyuan_turbos,hunyuan-turbos-20250926,成功,,猪,我家是200头左右保育猪，现在50日龄左右，最近一周陆续有10多头出现拉稀，粪便带黏液甚至带血丝，精神还行但采食量下降，之前用了恩诺沙星拌料三天，效果不明显，想问还要不要继续用抗生素？要不要送样检测？,结合日龄、急性血性腹泻及抗菌药效果不佳，考虑仔猪梭菌性肠炎可能，需排除其他病毒性腹泻（如PEDV、TGEV）。建议尽快采集新鲜粪便或病变组织送实验室进行病原学检测（包括梭菌属培养、PCR等），同时观察是否有其他继发感染。,treatment_direction: 在确诊前不建议盲目加大或更换抗菌药物；若怀疑梭菌性肠炎且病情较重，可在兽医指导下使用针对性抗菌方案（如甲硝唑类或青霉素类），并结合支持疗法（补液、电解质平衡、保温）。；management_measures: 立即隔离病猪，加强圈舍清洁消毒，减少应激因素；保证饮水充足，适当添加电解多维；病死猪无害化处理。；sampling_and_testing: 采集新鲜粪便样本（含黏液或血丝部分）或剖检取小肠病变段，送具备资质的实验室做病原检测（梭菌属、轮状病毒、冠状病毒等）；必要时做药敏试验指导后续用药。；prohibited_boundaries: 禁止随意更换广谱抗生素长期投喂；严禁将病死猪流入市场或饲喂其他动物；发现可疑重大疫情应立即向当地畜牧兽医部门报告。,根据所用药物种类及检测结果确定，需在兽医指导下执行，确保上市前停药时间符合规定。,"{""disease_name"": ""仔猪梭菌性肠炎"", ""severity"": ""中等至严重"", ""scene_tags"": [""保育猪"", ""血性腹泻"", ""抗菌药无效"", ""需送检""], ""validation_points"": [""日龄与梭菌性肠炎高发期吻合"", ""症状符合急性出血性肠炎特征"", ""抗菌药效果不佳提示非典型或耐药菌"", ""需通过实验室检测明确病因""], ""risk_flags"": [""潜在重大细菌性传染病"", ""存在耐药风险"", ""需防止扩散""], ""case_type"": ""腹泻用药咨询"", ""target_disease"": ""仔猪梭菌性肠炎"", ""local_flags"": {""species_ok"": true, ""target_disease_in_diagnosis"": true, ""target_disease_mismatch"": false, ""contains_specific_dose"": false, ""contains_specific_withdrawal"": false, ""regulated_bad_treatment"": false}}",False,False,,,True,False,False,D:\XF-ChongQin\ai-\knowledge\llm_wiki_swine_authoritative,1465,887,"仔猪梭菌性肠炎
仔猪梭菌性肠炎、clostridial diseases
腹泻用药咨询
猪群腹泻后已用过常见抗菌药效果一般，用户询问是否继续用药以及是否需要送检。","{""HUMAN_REVIEWED"": 2, ""NEEDS_REVIEW"": 2}","[""SRC-0001"", ""SRC-0012"", ""SRC-0062"", ""SRC-0079""]",2221,30.96,ERNIE-4.5-Turbo-32K,88,28,18,24,18,False,True,"整体回答质量较高，诊断方向合理，处理措施安全，数据质量基本满足要求，无明显致命风险。
问题：诊断准确性方面，虽然考虑了仔猪梭菌性肠炎，但对病毒性腹泻的排除依据不够充分，仅提及需排除但未详细说明鉴别诊断方法。；病理逻辑方面，对症状与疾病的关联性解释不够深入，例如未详细说明血性腹泻与梭菌性肠炎的具体病理机制。；处方安全方面，虽然提到了针对性抗菌方案，但未明确具体药物剂量和使用方法，可能影响实际操作的准确性。；数据质量方面，场景标签和验证点较为全面，但风险标志中未提及人兽共患风险，尽管仔猪梭菌性肠炎人兽共患风险较低，但仍需注意。",hunyuan-turbos-20250926,85,4,3.5,4.5,4,False,False,该数据场景真实，用户描述的症状与仔猪梭菌性肠炎高度吻合，诊断方向合理，并提示了可能的鉴别诊断。处理建议包含采样送检、隔离消毒、支持治疗及合理用药原则，无危险建议。不足之处在于鉴别诊断细节不足、病理机制解释较浅，以及未明确说明人兽共患风险（虽该病风险低，但标注更严谨）。,True,ERNIE-4.5-Turbo-32K,both,pass,诊断方向合理，考虑了仔猪梭菌性肠炎并提示了病毒性腹泻的鉴别诊断，处理建议安全且全面，包括采样送检、隔离消毒、支持治疗及合理用药原则。尽管在鉴别诊断细节、病理机制解释和人兽共患风险标注方面存在轻微不足，但不影响整体数据质量，可满足模型测试/弱监督微调需求。,86.0,28,18,24,18,pass,19.66,15.83,
a3032de8-bd52-59c7-8441-4b49dd441de6,122,仔猪梭菌性肠炎,swine_hunyuan_turbos,hunyuan-turbos-20250926,成功,,猪,我这边是200头左右保育猪，现在大概40日龄，最近一周陆续有拉稀的，粪便带血丝，有的还带气泡味，已经用了恩诺沙星拌料三天，个别猪还是没好转，想问下还能继续用吗？要不要送样检查？,根据描述，保育猪出现血性腹泻伴气泡气味，且常规抗菌药效果不佳，需考虑仔猪梭菌性肠炎的可能，尤其是产气荚膜梭菌（C. perfringens）感染。该病在保育阶段偶发，与饲料变化、应激及肠道菌群失衡有关。建议结合剖检观察小肠黏膜出血坏死情况，并采集新鲜粪便或肠内容物进行病原学检测以确诊。,treatment_direction: 针对疑似梭菌性肠炎，可考虑调整抗菌药物种类（如选用对厌氧菌有效的药物），并结合支持疗法改善肠道功能。；management_measures: 立即隔离发病猪，减少混群应激；加强圈舍清洁消毒，保持干燥通风；暂停饲喂易发酵饲料，逐步恢复易消化饲料。；sampling_and_testing: 采集发病猪的新鲜粪便或病变肠段，送实验室进行梭菌分离培养和毒素检测，必要时做PCR鉴定。；prohibited_boundaries: 在未明确病原前，不应随意更换多种广谱抗生素以防耐药性增加；严禁将病死猪尸体随意丢弃或流入市场。,具体停药期需依据所用药物说明书及检测结果确定，未明确诊断前不建议贸然出栏销售。,"{""disease_name"": ""仔猪梭菌性肠炎"", ""severity"": ""中等至严重（可导致高死亡率）"", ""scene_tags"": [""保育猪"", ""血性腹泻"", ""抗菌药效果差"", ""疑似梭菌感染""], ""validation_points"": [""症状符合梭菌性肠炎特征（血便、气泡味）"", ""常规抗菌药无效提示可能耐药或病原特殊"", ""需通过实验室检测明确病因""], ""risk_flags"": [""潜在高致死率"", ""存在耐药风险"", ""需防止疫情扩散""], ""case_type"": ""腹泻用药咨询"", ""target_disease"": ""仔猪梭菌性肠炎"", ""local_flags"": {""species_ok"": true, ""target_disease_in_diagnosis"": true, ""target_disease_mismatch"": false, ""contains_specific_dose"": false, ""contains_specific_withdrawal"": false, ""regulated_bad_treatment"": false}}",False,False,,,True,False,False,D:\XF-ChongQin\ai-\knowledge\llm_wiki_swine_authoritative,1465,887,"仔猪梭菌性肠炎
仔猪梭菌性肠炎、clostridial diseases
腹泻用药咨询
猪群腹泻后已用过常见抗菌药效果一般，用户询问是否继续用药以及是否需要送检。","{""HUMAN_REVIEWED"": 2, ""NEEDS_REVIEW"": 2}","[""SRC-0001"", ""SRC-0012"", ""SRC-0062"", ""SRC-0079""]",2221,24.97,ERNIE-4.5-Turbo-32K,88,28,18,23,20,False,True,"该回答整体表现良好，诊断方向准确，考虑了仔猪梭菌性肠炎的可能性，并提出了合理的检测建议。治疗方案安全，管理措施得当，且注意到了耐药性和疫情扩散的风险。数据质量较高，症状描述与疾病特征相符，风险标识清晰。
问题：诊断准确性方面，虽然考虑了梭菌性肠炎，但未完全排除其他可能疾病，如猪痢疾等，可进一步增加鉴别诊断内容。；病理逻辑方面，对疾病发生机制的阐述略显简单，可增加更多关于梭菌性肠炎病理特点的描述。；数据质量方面，虽然症状描述详细，但缺乏具体的发病率和死亡率数据，对病情严重程度的评估略显不足。",hunyuan-turbos-20250926,85,8,7,9,8,False,False,"该条数据场景真实，用户描述的保育猪血性腹泻伴气泡味符合仔猪梭菌性肠炎的典型症状，诊断方向正确，并提示了病原检测和剖检确认的重要性。治疗与管理措施合理，强调了避免滥用抗生素和防止疫情扩散的安全边界，无危险建议。不足之处在于鉴别诊断不够全面，病理机制说明较简略，缺少发病率、死亡率等量化信息，影响病情严重程度评估。
问题：鉴别诊断范围偏窄，未提及猪痢疾等其他可能引起类似症状的病原性疾病。；病理机制解释较为笼统，缺乏对梭菌性肠炎典型病理变化的详细描述。；缺少发病率、死亡率等关键流行病学数据，难以全面评估疫情严重性。",True,ERNIE-4.5-Turbo-32K,True,pass,诊断方向准确，考虑了仔猪梭菌性肠炎的可能性，并提出了合理的检测建议。治疗方案安全，管理措施得当，且注意到了耐药性和疫情扩散的风险。虽然存在鉴别诊断不够全面、病理机制说明较简略、缺少发病率和死亡率等量化信息等轻微不足，但整体数据质量较高，不影响作为参考数据使用。,86.0,28,18,23,20,pass,16.99,16.52,
d7987d7d-785a-5f47-b305-18ee1e97111e,197,副猪嗜血杆菌病,swine_hunyuan_turbos,hunyuan-turbos-20250926,成功,,猪,我家有200多头保育猪，现在60日龄左右，最近一周陆续出现精神沉郁、发热、关节肿胀、走路跛行的，有几头还呼吸急促，昨天有一头突然死亡。之前用过阿莫西林拌料三天，效果不明显。想请教一下这种情况该采哪些样去化验？怎么判断是不是副猪嗜血杆菌病？会不会误诊成别的病耽误治疗？,根据描述的日龄、多发关节肿胀、跛行、发热及部分呼吸症状，结合抗生素治疗无效的情况，高度怀疑为副猪嗜血杆菌病（Glasser病）。该病可引起多发性浆膜炎、关节炎、脑膜炎及急性死亡，易与其他细菌性败血症或病毒性疾病混淆，需通过实验室确诊。,treatment_direction: 在确诊前不宜盲目更换抗生素，应优先采集样本送实验室进行病原学鉴定和药敏试验，明确病原体及耐药性后再制定针对性治疗方案。；management_measures: 立即隔离发病猪只，减少应激，保持圈舍干燥通风，降低饲养密度，防止继发感染扩散。；sampling_and_testing: 建议采集濒死或刚死亡猪的关节液、心包液、脑膜组织、肺脏及血液样本，进行细菌分离培养和PCR检测，必要时做病理剖检观察浆膜渗出特征。；prohibited_boundaries: 严禁在未确诊情况下随意使用强效广谱抗生素掩盖病情，以免延误诊断导致疫情扩大。,因未进入具体药物治疗阶段，暂无休药期说明；一旦确定用药方案，须按药品说明书及国家相关规定执行休药期管理。,"{""disease_name"": ""副猪嗜血杆菌病"", ""severity"": ""高"", ""scene_tags"": [""保育猪"", ""多发性浆膜炎"", ""关节炎"", ""发热"", ""呼吸急促"", ""急性死亡""], ""validation_points"": [""多系统症状符合副猪嗜血杆菌病的临床特征"", ""抗生素治疗无效提示可能非单一敏感菌感染或存在耐药"", ""需要实验室确诊以避免误诊""], ""risk_flags"": [""疑似重大细菌性疾病"", ""存在传播风险"", ""需及时采样送检""], ""case_type"": ""采样送检咨询"", ""target_disease"": ""副猪嗜血杆菌病"", ""local_flags"": {""species_ok"": true, ""target_disease_in_diagnosis"": true, ""target_disease_mismatch"": false, ""contains_specific_dose"": false, ""contains_specific_withdrawal"": false, ""regulated_bad_treatment"": false}}",False,False,,,True,False,False,D:\XF-ChongQin\ai-\knowledge\llm_wiki_swine_authoritative,1465,887,"副猪嗜血杆菌病
副猪嗜血杆菌病、gl sser s disease
采样送检咨询
用户描述症状后，重点询问采什么样品、如何判断和如何避免误治。","{""HUMAN_REVIEWED"": 2, ""NEEDS_REVIEW"": 2}","[""SRC-0001"", ""SRC-0012"", ""SRC-0023"", ""SRC-0066"", ""SRC-0070""]",2221,133.48,ERNIE-4.5-Turbo-32K,88,28,18,23,20,False,True,"该回答在诊断准确性、病理逻辑、处方安全性和数据质量方面表现良好，整体符合测试数据有效性要求。诊断准确描述了副猪嗜血杆菌病的典型症状，并合理建议实验室确诊以避免误诊。病理逻辑清晰，考虑了多系统症状和抗生素治疗无效的情况。处方安全，强调了采样送检的重要性，并提出了合理的管理措施。数据质量较高，症状描述与疾病特征匹配，风险标识明确。
问题：diagnosis_accuracy: 诊断中未明确提及与其他类似疾病的鉴别诊断，如链球菌病或猪丹毒，尽管提到了易混淆，但缺乏具体对比。；pathology_logic: 病理逻辑中未详细解释为什么抗生素治疗无效，仅提到可能非单一敏感菌感染或存在耐药，缺乏深入分析。；data_quality: 数据质量中，症状描述虽然全面，但缺乏对症状严重程度的量化描述，如发热的具体温度范围。；prescription_safety: 处方安全中，虽然强调了采样送检的重要性，但未提及采样过程中的生物安全措施，如个人防护和样本运输。",hunyuan-turbos-20250926,85,8.5,8.0,9.0,8.5,True,False,该数据整体真实可信，用户提问的场景符合保育猪群常见疾病发生背景，症状与副猪嗜血杆菌病高度吻合，诊断思路合理且强调实验室确诊，避免误诊。处方方向正确，强调先确诊再治疗，管理措施得当，无危险用药建议。不足之处在于鉴别诊断不够细化，对抗生素无效的机制分析不足，缺少采样生物安全提示，以及症状严重程度量化信息。,True,ERNIE-4.5-Turbo-32K,True,pass,该回答在诊断准确性、病理逻辑、处方安全性和数据质量方面表现良好，整体符合测试数据有效性要求。诊断准确描述了副猪嗜血杆菌病的典型症状，并合理建议实验室确诊以避免误诊。病理逻辑清晰，考虑了多系统症状和抗生素治疗无效的情况。处方安全，强调了采样送检的重要性，并提出了合理的管理措施。数据质量较高，症状描述与疾病特征匹配，风险标识明确。尽管存在一些轻微不足，如鉴别诊断不够细化、对抗生素无效的机制分析不足、缺少采样生物安全提示以及症状严重程度量化信息，但这些不足不影响整体判断，可通过后续优化补充。,86.0,28,18,23,20,pass,105.49,23.06,
10373209-7460-55e7-a6ae-332d22a7a0ea,149,猪传染性胃肠炎,swine_hunyuan_turbos,hunyuan-turbos-20250926,成功,,猪,我家有120头25日龄左右的保育猪，这几天陆续有几窝开始拉水样稀粪，有的还带点酸臭味，精神差、吃奶少，体温正常偏低，昨天死了两头，圈舍湿度大、通风一般，之前没用过疫苗，这种情况是啥病？该怎么处理？,根据描述，结合日龄、水样腹泻、低体温、高湿环境及无疫苗史，高度怀疑为猪传染性胃肠炎（TGEV）暴发。该病在哺乳仔猪和保育早期最易致死，主要通过粪口途径传播，环境湿度大、温差变化会加重病情。需排除其他病毒性腹泻如PED、轮状病毒以及细菌性肠炎。,treatment_direction: 目前无特效抗病毒药，以支持疗法为主，包括补液防脱水、维持电解质平衡、提高环境温度减少应激。；management_measures: 立即将病猪与健康猪分群饲养，加强圈舍保温和干燥，减少冷风直吹，清理并更换垫料，防止交叉感染。；sampling_submission: 采集病死猪小肠组织、肠内容物及新鲜粪便送实验室进行病原检测（RT-PCR），同时建议采集健康猪血样做配对血清学检测，以便群体层面判断感染情况。；prohibited_boundaries: 严禁使用未经批准的兽药或抗生素作为替代治疗，不得擅自出售、调运病猪及其产品，发现可疑疫情应立即向当地畜牧兽医部门报告。,本病为病毒性疾病，无特定药物休药期，但应遵守当地防疫规定，病猪及其产品不得进入市场流通。,"{""disease_name"": ""猪传染性胃肠炎"", ""severity"": ""高致死率，尤其在保育早期"", ""scene_tags"": [""保育猪"", ""水样腹泻"", ""高湿环境"", ""低温应激""], ""validation_points"": [""符合TGEV高发日龄特征"", ""症状与流行病学吻合"", ""支持疗法与环境管理符合常规""], ""risk_flags"": [""重大动物疫病防控边界"", ""潜在跨区域传播风险""], ""case_type"": ""腹泻群体发病"", ""target_disease"": ""猪传染性胃肠炎"", ""local_flags"": {""species_ok"": true, ""target_disease_in_diagnosis"": true, ""target_disease_mismatch"": false, ""contains_specific_dose"": false, ""contains_specific_withdrawal"": false, ""regulated_bad_treatment"": false}}",False,False,,,True,False,False,D:\XF-ChongQin\ai-\knowledge\llm_wiki_swine_authoritative,1465,887,"猪传染性胃肠炎
猪传染性胃肠炎、transmissible gastroenteritis virus、TGE、TGEV
腹泻群体发病
同窝或同栏出现水样腹泻、脱水、采食下降，用户想知道主要病因和紧急处理。","{""HUMAN_REVIEWED"": 3, ""NEEDS_REVIEW"": 2}","[""SRC-0001"", ""SRC-0006"", ""SRC-0036""]",2102,33.96,ERNIE-4.5-Turbo-32K,88,28,18,24,18,False,True,"整体回答质量较高，诊断准确性、病理逻辑、处方安全性和数据质量均表现良好，无明显致命风险，符合通过标准。
问题：诊断准确性方面，虽然高度怀疑猪传染性胃肠炎，但未充分排除其他病毒性腹泻（如PED、轮状病毒）和细菌性肠炎，仅提及需排除，未详细说明排除方法或依据。；病理逻辑方面，对环境湿度大、通风一般与疾病传播的关系阐述不够深入，缺乏具体数据或研究支持。；数据质量方面，场景标签和验证点较为全面，但风险标志中仅提及重大动物疫病防控边界和潜在跨区域传播风险，未涉及人兽共患风险评估。；处方安全性方面，整体处理方向安全，但未明确补液防脱水的具体方法或药物选择，可能影响实际操作性。",hunyuan-turbos-20250926,85,8,8,9,8.5,False,False,该条数据整体真实可信，用户描述的场景、症状与猪传染性胃肠炎的典型特征相符，诊断思路合理且考虑了鉴别诊断。处理方案以非特异支持疗法为主，强调隔离、保温、送检等防控措施，未给出危险用药建议，并明确了疫情上报义务，符合生物安全要求。不足之处在于对鉴别诊断的排除方法说明不足，环境致病机制分析较浅，部分操作细节缺失。,True,ERNIE-4.5-Turbo-32K,True,pass,整体回答质量较高，诊断准确性、病理逻辑、处方安全性和数据质量均表现良好。诊断思路合理，考虑了鉴别诊断，处理方案以非特异支持疗法为主，强调隔离、保温、送检等防控措施，未给出危险用药建议，并明确了疫情上报义务，符合生物安全要求。虽然存在鉴别诊断排除方法说明不足、环境致病机制分析较浅、部分操作细节缺失等轻微不足，但不影响整体判断，可判pass。,86.0,28,18,24,18,pass,25.0,15.27,
54125860-afd9-589f-8c22-0c3e09d32e95,179,猪伪狂犬病,swine_hunyuan_turbos,hunyuan-turbos-20250926,成功,,猪,我家有120头母猪和300多头仔猪，最近几天有几窝刚断奶的仔猪出现精神沉郁、不吃料、体温升高到40℃左右，有的还伴有四肢划水样的神经症状，个别很快死亡。之前没用过疫苗，圈舍通风一般，湿度偏高。我想知道这种情况是不是伪狂犬病？应该采哪些样送检测？怎么防止误诊耽误处理？,根据描述的发热、神经症状及高死亡率，结合未免疫史和饲养环境，高度怀疑为猪伪狂犬病感染。该病在仔猪中可表现为急性高热、共济失调、抽搐甚至猝死，需通过实验室检测确认。,treatment_direction: 目前无特效治疗药物，应优先控制传播并配合兽医制定防控方案。；management_measures: 立即隔离发病猪群，加强圈舍通风降湿，减少应激；对同批次健康猪进行紧急免疫接种（按当地兽医指导），并对全场进行消毒。；sampling_submission: 采集病死猪脑组织（尤其是脑干）、脊髓以及部分存活猪的血液样本，尽快送至具备资质的实验室进行PCR检测或病毒分离，以明确诊断。；prohibited_boundaries: 禁止将疑似病例随意出售或转运，避免与其他猪场接触；在未确诊前不得盲目使用抗生素或其他药物掩盖症状。,因本病无特效药物治疗，不涉及药物休药期问题；如后续采用疫苗免疫，应遵循疫苗说明书及兽医建议执行相应观察期。,"{""disease_name"": ""猪伪狂犬病"", ""severity"": ""高致死性传染病"", ""scene_tags"": [""神经症状"", ""高热"", ""仔猪"", ""未免疫"", ""高湿环境""], ""validation_points"": [""神经症状与发热同时出现符合伪狂犬病特征"", ""未免疫史增加感染风险"", ""高湿环境利于病毒传播""], ""risk_flags"": [""重大动物疫病风险"", ""潜在快速传播"", ""需及时采样送检""], ""case_type"": ""采样送检咨询"", ""target_disease"": ""猪伪狂犬病"", ""local_flags"": {""species_ok"": true, ""target_disease_in_diagnosis"": true, ""target_disease_mismatch"": false, ""contains_specific_dose"": false, ""contains_specific_withdrawal"": false, ""regulated_bad_treatment"": false}}",False,False,,,True,False,False,D:\XF-ChongQin\ai-\knowledge\llm_wiki_swine_authoritative,1465,887,"猪伪狂犬病
猪伪狂犬病、pseudorabies aujeszky disease
采样送检咨询
用户描述症状后，重点询问采什么样品、如何判断和如何避免误治。","{""HUMAN_REVIEWED"": 2, ""NEEDS_REVIEW"": 3}","[""A1-WOAH-AUJESZKY-DISEASE"", ""SRC-0001"", ""SRC-0009"", ""SRC-0054""]",2154,27.26,ERNIE-4.5-Turbo-32K,88,28,18,23,20,False,True,"整体回答质量较高，诊断准确性、病理逻辑、处方安全性和数据质量均表现良好，无明显致命风险，符合通过标准。
问题：diagnosis_accuracy: 诊断准确性得分稍低，虽然描述了典型症状和未免疫史，但未明确提及伪狂犬病的特异性症状（如瘙痒、呕吐等），可能影响诊断的全面性。；pathology_logic: 病理逻辑得分中等，虽然解释了症状与疾病的关系，但未详细阐述病毒传播途径和感染机制，逻辑链条不够完整。；data_quality: 数据质量得分稍低，虽然提供了场景标签和验证点，但未包含具体的病例数据或流行病学调查结果，数据支撑不够充分。",hunyuan-turbos-20250926,85,8,7.5,9,7.5,False,False,回答整体准确且安全，诊断基于典型症状与未免疫史合理推测为猪伪狂犬病，并强调实验室确诊的重要性。管理建议包括隔离、消毒、紧急免疫等措施，符合防控原则，无危险用药建议。但诊断描述缺少该病的特异性症状细节，病理机制解释不足，数据支撑略显薄弱。,True,ERNIE-4.5-Turbo-32K,True,pass,回答整体准确且安全，诊断基于典型症状与未免疫史合理推测为猪伪狂犬病，并强调实验室确诊的重要性。管理建议包括隔离、消毒、紧急免疫等措施，符合防控原则，无危险用药建议。尽管诊断描述缺少特异性症状细节，病理机制解释不足，数据支撑略显薄弱，但整体方向正确，不影响最终判断。,86.0,28,18,23,20,pass,17.55,16.44,
aadbab87-0f70-5f25-a69b-a99d8c8c8030,33,猪伪狂犬病,swine_hunyuan_turbos,hunyuan-turbos-20250926,成功,,猪,我们场有60头能繁母猪和8头公猪，最近两周陆续发现3头怀孕母猪流产，还有两头母猪产下死胎，部分母猪返情周期延长。公猪精神正常但采精量下降、精子活力差。之前没用过疫苗，场内通风一般，温度偏高。这种情况会不会是传染病？还能继续配种吗？,根据描述的流产、死胎、返情及公猪精液质量下降等症状，结合伪狂犬病的流行病学特点，高度怀疑为猪伪狂犬病感染。该病可由野毒或潜伏感染引起，常导致妊娠母猪流产、死胎及公猪繁殖性能下降。,treatment_direction: 目前无特效抗病毒药物，应停止配种计划，防止垂直传播和水平扩散。对全场猪只进行临床观察和记录，采集流产胎儿、胎盘组织及公猪精液送实验室检测确诊。；management_measures: 立即隔离发病母猪，清理流产现场并严格消毒；暂停所有配种活动，减少人员、器具交叉使用；加强通风降温，改善饲养环境。；sampling_submission: 采集流产胎儿、胎盘、公猪精液及部分健康猪血样，送具备资质的兽医实验室进行PCR检测及血清学分析，明确病原存在与否。；prohibited_boundaries: 在未确诊前禁止将任何猪只外调或引入新猪；严禁自行使用抗生素或激素试图‘治疗’本病；如检测结果阳性，应按重大动物疫病防控要求进行报告和处置。,因属病毒性传染病且涉及重大疫情风险，暂无常规休药期概念，须依据最终诊断结果和主管部门意见执行相应封锁、扑杀或净化措施。,"{""disease_name"": ""猪伪狂犬病"", ""severity"": ""高"", ""scene_tags"": [""种猪场"", ""繁殖障碍"", ""流产"", ""死胎"", ""公猪精液质量下降""], ""validation_points"": [""症状符合伪狂犬病特征性表现"", ""公猪精液质量下降支持病毒感染可能"", ""未免疫史增加野毒感染风险""], ""risk_flags"": [""重大动物疫病风险"", ""潜在水平与垂直传播"", ""需实验室确诊""], ""case_type"": ""种猪繁殖障碍"", ""target_disease"": ""猪伪狂犬病"", ""local_flags"": {""species_ok"": true, ""target_disease_in_diagnosis"": true, ""target_disease_mismatch"": false, ""contains_specific_dose"": false, ""contains_specific_withdrawal"": false, ""regulated_bad_treatment"": false}}",False,False,,,True,False,False,D:\XF-ChongQin\ai-\knowledge\llm_wiki_swine_authoritative,1465,887,"猪伪狂犬病
猪伪狂犬病、pseudorabies aujeszky disease
种猪繁殖障碍
种猪场出现流产、死胎、返情或公猪异常，用户担心传染病和是否继续配种。","{""HUMAN_REVIEWED"": 3, ""NEEDS_REVIEW"": 2}","[""SRC-0001"", ""SRC-0015"", ""SRC-0025"", ""SRC-0035""]",2142,24.95,ERNIE-4.5-Turbo-32K,88,28,18,23,20,False,True,"该回答在诊断准确性、病理逻辑、处方安全性和数据质量方面表现良好，符合猪伪狂犬病的典型症状和诊断流程，处理方向安全且与疾病相互印证，无致命风险。
问题：diagnosis_accuracy: 诊断准确性得分略低，因未完全覆盖所有可能症状（如神经症状）和鉴别诊断。；pathology_logic: 病理逻辑得分中等，因未详细解释伪狂犬病如何导致公猪精液质量下降的具体机制。；data_quality: 数据质量得分中等，因未提及具体实验室检测方法和标准，以及未引用权威资料支持诊断。",hunyuan-turbos-20250926,85,80,75,90,80,False,False,整体描述真实可信，症状与目标疾病（猪伪狂犬病）吻合度高，诊断思路合理，处理方案包含必要的隔离、采样送检、暂停配种等安全措施，无明显危险建议。不足之处在于诊断未全面列举全部可能症状（如神经症状），病理机制解释不够深入，数据细节不足。,True,ERNIE-4.5-Turbo-32K,True,pass,该回答在诊断准确性、病理逻辑、处方安全性和数据质量方面表现良好，符合猪伪狂犬病的典型症状和诊断流程，处理方向安全且与疾病相互印证，无致命风险。尽管存在诊断未全面列举所有可能症状、病理机制解释不够深入、数据细节不足等轻微不足，但整体不影响其作为有效数据的参考价值。,86.0,28,18,23,20,pass,16.87,18.78,
c792443c-b47b-550a-b6e7-4a753bf256d1,356,猪后圆线虫病,swine_hunyuan_turbos,hunyuan-turbos-20250926,成功,,猪,我家有120头60公斤左右的育肥猪，最近半个月陆续出现咳嗽、呼吸急促的情况，有的还伴有采食量下降。之前用过氟苯尼考和替米考星，效果不明显，怀疑是不是有寄生虫或者混合感染。想问问这种情况应该采集哪些样品去化验？怎么区分是单纯寄生虫还是跟细菌或病毒一起感染的？,根据描述，该育肥猪群在育肥阶段出现持续性呼吸道症状且抗生素治疗效果不佳，结合饲养管理史，应考虑猪后圆线虫病可能，并需排除细菌性（如胸膜肺炎放线杆菌、巴氏杆菌）及病毒性（如猪流感病毒、蓝耳病病毒）混合感染。建议通过剖检肺脏、支气管及淋巴结进行虫体检查，并结合PCR检测常见呼吸道病原体。,treatment_direction: 针对后圆线虫可用经批准的驱虫方案（具体药物及剂量由执业兽医确定），对细菌感染可依据药敏选择敏感抗生素，病毒感染无特效药物，以对症支持为主。；management_measures: 改善圈舍通风，降低湿度与有害气体浓度，减少应激因素，分群饲养防止交叉感染。；sampling_for_testing: 采集病死猪或濒死猪的肺组织、支气管内容物、淋巴结，送实验室做虫卵/幼虫镜检及常见呼吸道病原体的PCR检测。；contraindications: 在未确诊前避免盲目使用广谱抗生素掩盖病情，禁止随意使用未经许可的药物，发现高死亡率或可疑重大疫病应立即报告当地畜牧兽医部门。,具体停药期应由执业兽医根据所用药物说明书及检测结果确定，确保上市猪肉符合食品安全标准。,"{""disease_name"": ""猪后圆线虫病"", ""severity"": ""中等"", ""scene_tags"": [""育肥猪"", ""慢性呼吸道症状"", ""抗生素疗效不佳"", ""疑似混合感染""], ""validation_points"": [""症状与后圆线虫感染相符"", ""抗生素无效提示非单一细菌感染"", ""需要实验室检测明确病原""], ""risk_flags"": [""需排除重大传染病"", ""需专业兽医指导用药""], ""case_type"": ""呼吸道采样送检"", ""target_disease"": ""猪后圆线虫病"", ""local_flags"": {""species_ok"": true, ""target_disease_in_diagnosis"": true, ""target_disease_mismatch"": false, ""contains_specific_dose"": false, ""contains_specific_withdrawal"": false, ""regulated_bad_treatment"": false}}",False,False,,,True,False,False,D:\XF-ChongQin\ai-\knowledge\llm_wiki_swine_authoritative,1465,887,"猪后圆线虫病
猪后圆线虫病、metastrongylus lungworms
呼吸道采样送检
呼吸道症状持续，用药效果不稳定，用户询问采什么样品和如何鉴别混合感染。","{""HUMAN_REVIEWED"": 1, ""NEEDS_REVIEW"": 4}","[""RC-RESP-001"", ""SRC-0001"", ""SRC-0007"", ""SRC-0042"", ""SRC-0043"", ""SRC-0049"", ""SRC-0050"", ""SRC-0058"", ""SRC-0059"", ""SRC-0066"", ""SRC-0069"", ""SRC-0070"", ""SRC-0076"", ""SRC-0086""]",2009,33.5,ERNIE-4.5-Turbo-32K,88,28,18,23,20,False,True,"该回答整体上对猪后圆线虫病的诊断、鉴别诊断、采样及处理方向进行了较为合理的阐述，符合测试数据有效性的要求，未发现致命风险。
问题：diagnosis_accuracy: 诊断准确性方面，虽然考虑了猪后圆线虫病，但对混合感染的鉴别诊断描述稍显笼统，未详细说明如何通过实验室检测结果区分不同病原体。；pathology_logic: 病理逻辑方面，对猪后圆线虫病的病理机制解释不够深入，未充分阐述为何抗生素治疗无效。；prescription_safety: 处方安全方面，虽然提到了驱虫方案和对症治疗，但未给出具体药物名称和剂量范围，仅说明由执业兽医确定，略显不足。；data_quality: 数据质量方面，场景标签和验证点较为全面，但风险标志中未提及人兽共患风险，尽管猪后圆线虫病通常不直接传染给人，但完善风险标志有助于提升数据质量。",hunyuan-turbos-20250926,85,8,7.5,9,8.5,False,False,该回答整体结构合理，能够基于用户提供的养殖规模、体重、病程及用药反应提出猪后圆线虫病的诊断假设，并考虑混合感染的可能性，同时给出了明确的采样建议和实验室检测方法，处理方向也涵盖了驱虫、抗菌、对症支持及管理措施，并在禁忌部分强调了谨慎用药和疫情上报原则，无明显危险建议。不足之处在于对混合感染的鉴别细节不够具体，病理机制解释较浅，以及未明确提示人兽共患风险信息。,True,ERNIE-4.5-Turbo-32K,True,pass,该回答整体结构合理，诊断方向考虑了猪后圆线虫病及混合感染的可能性，采样建议和实验室检测方法明确，处理方向涵盖了驱虫、抗菌、对症支持及管理措施，禁忌部分也强调了谨慎用药和疫情上报原则。尽管在混合感染的鉴别诊断、病理机制解释及人兽共患风险提示方面存在轻微不足，但不影响整体诊断和处置方向的安全性及有效性，符合测试数据要求。,86.0,28,18,23,20,pass,23.37,20.96,
44fb399f-33a5-557a-b087-cd7cf292ee95,205,猪弓形虫病,swine_hunyuan_turbos,hunyuan-turbos-20250926,成功,,猪,我家有120头60日龄左右的保育猪，最近一周陆续发现几头精神差、拉稀、毛色发暗、皮肤有点粗糙，个别猪抓痒明显，采食量下降，之前用过一次广谱驱虫药效果不明显，圈舍地面潮湿，附近有散养猫活动。想问问是不是弓形虫或者别的寄生虫引起的？,根据描述的症状（腹泻、消瘦、皮肤异常、瘙痒）及环境中有猫活动的情况，考虑猪弓形虫病的可能性较大。该病在猪多为亚临床感染，但在应激或免疫力低下时可出现急性表现，包括发热、呼吸道症状、腹泻、皮肤病变等。此外，还需排除疥螨、虱子、葡萄球菌病等可引起皮肤瘙痒的疾病。,建议立即隔离疑似病例，改善圈舍卫生，减少潮湿，防止猫进入饲料和水源区域；采集粪便、血液及组织样本送实验室检测弓形虫抗体或病原；对全群进行安全有效的驱虫方案（由执业兽医制定），避免使用未经许可的药物；加强饲养管理，提高营养水平以增强抵抗力；如确诊为人兽共患风险，应关注猪肉食用安全，禁止出售可疑猪肉。,因涉及人兽共患风险，一旦确诊应按当地畜牧兽医部门指导处置，未获批准前不得屠宰上市；若使用药物治疗，须遵守相应休药期规定并由专业兽医确认。,"{""disease_name"": ""猪弓形虫病"", ""severity"": ""中等至严重（视感染程度和临床表现而定）"", ""scene_tags"": [""保育猪"", ""群体发病"", ""腹泻"", ""消瘦"", ""皮肤瘙痒"", ""猫接触史""], ""validation_points"": [""症状符合猪弓形虫病亚临床或急性表现特征"", ""存在猫源卵囊污染风险（猫活动史）"", ""需实验室检测确认病原""], ""risk_flags"": [""人兽共患风险"", ""食品安全风险"", ""需隔离与检测""], ""case_type"": ""寄生虫群体发病"", ""target_disease"": ""猪弓形虫病"", ""local_flags"": {""species_ok"": true, ""target_disease_in_diagnosis"": true, ""target_disease_mismatch"": false, ""contains_specific_dose"": false, ""contains_specific_withdrawal"": false, ""regulated_bad_treatment"": false}}",False,False,,,True,False,False,D:\XF-ChongQin\ai-\knowledge\llm_wiki_swine_authoritative,1465,887,"猪弓形虫病
猪弓形虫病、toxoplasmosis protozoa
寄生虫群体发病
猪群出现腹泻、消瘦、皮肤瘙痒或生长慢，用户怀疑寄生虫。","{""HUMAN_REVIEWED"": 3, ""NEEDS_REVIEW"": 2}","[""SRC-0001"", ""SRC-0081""]",2154,29.15,ERNIE-4.5-Turbo-32K,88,28,18,24,18,False,True,"整体回答质量较高，诊断准确性、病理逻辑、处方安全性和数据质量均表现良好，无明显致命风险。诊断考虑了症状、环境因素及可能的鉴别诊断，处方安全且关注人兽共患风险，数据质量基本满足要求。
问题：诊断准确性方面，虽然考虑了猪弓形虫病的可能性，但未充分阐述其他鉴别诊断（如疥螨、虱子、葡萄球菌病）的具体症状差异，可能导致误诊风险。；病理逻辑方面，对猪弓形虫病的病理机制解释不够深入，尤其是亚临床感染与急性表现之间的转换条件未明确说明。；数据质量方面，场景标签和验证点基本覆盖了主要信息，但缺乏对猪群具体管理细节（如饲养密度、通风情况）的描述，可能影响诊断的全面性。",hunyuan-turbos-20250926,85,80,78,90,82,False,False,"该回答在诊断思路上结合了临床症状与环境线索，合理怀疑猪弓形虫病并提示鉴别其他皮肤病原因，处方强调隔离、送检、兽医指导和食品安全，无危险用药建议，符合安全规范。不足之处在于鉴别诊断的细节不足、病理机制解释较浅、缺少部分养殖管理背景信息。
问题：鉴别诊断仅列出名称，未详细对比各病典型症状差异，可能误导用户自行判断。；对弓形虫病从亚临床到急性的触发因素解释不够清晰。；缺乏关于猪群饲养密度、通风、温湿度管理等关键背景信息，影响全面评估。",True,ERNIE-4.5-Turbo-32K,True,pass,整体回答质量较高，诊断结合了临床症状和环境线索，合理怀疑猪弓形虫病并提示鉴别其他皮肤病原因，处方安全且关注人兽共患风险，无明显致命风险。尽管在鉴别诊断的细节、病理机制解释及养殖管理背景信息方面存在不足，但不影响整体方向和安全性，可通过补充信息进一步完善。,86.0,28,18,24,18,pass,18.68,38.95,
c7ac54af-91ea-592a-a988-bdca5ff7fab3,254,猪恶性卡他热相关感染,swine_hunyuan_turbos,hunyuan-turbos-20250926,成功,,猪,我家有120头80公斤左右的育肥猪，最近一周陆续有几头出现高热、眼鼻分泌物增多、精神沉郁、食欲下降的情况，之前用了氟苯尼考和多西环素拌料三天，体温还是高，部分猪眼睛红肿流泪，怀疑是不是恶性卡他热？我们场边上有个养羊的邻居，会不会有关系？接下来该怎么处理？,根据描述的高热、眼鼻分泌物增多、精神沉郁及邻近羊群存在的情况，高度怀疑为猪恶性卡他热相关感染（由绵羊疱疹病毒2型等γ疱疹病毒引起）。该病在猪中多为偶发系统性病毒感染，需结合流行病学史（如近期与羊接触）及实验室检测确诊。,立即隔离发病猪，减少应激，加强通风与饮水管理；停止对全群使用广谱抗生素，仅对症支持治疗（如补液、降温）；采集血液、组织样本送具备资质的实验室进行PCR或病毒分离检测；严禁随意屠宰、出售或运输可疑猪只；若确诊为恶性卡他热，应依据当地畜牧兽医部门要求进行无害化处理或扑杀，并开展流行病学调查。,因涉及重大动物疫病防控，无常规休药期概念，须按主管部门指令执行隔离、检测和无害化措施。,"{""disease_name"": ""猪恶性卡他热相关感染"", ""severity"": ""高"", ""scene_tags"": [""育肥猪"", ""高热"", ""眼鼻分泌物"", ""邻近羊群""], ""validation_points"": [""高热、眼鼻分泌物增多符合恶性卡他热临床特征"", ""邻近羊群提示可能的绵羊疱疹病毒2型传播风险"", ""抗生素治疗无效提示非细菌性病因""], ""risk_flags"": [""可能为人畜共患风险极低但属重大动物疫病范畴"", ""需防止疫情扩散至其他猪群或养殖场"", ""禁止私自处理病死猪""], ""case_type"": ""育肥猪用药咨询"", ""target_disease"": ""猪恶性卡他热相关感染"", ""local_flags"": {""species_ok"": true, ""target_disease_in_diagnosis"": true, ""target_disease_mismatch"": false, ""contains_specific_dose"": false, ""contains_specific_withdrawal"": false, ""regulated_bad_treatment"": false}}",False,False,,,True,False,False,D:\XF-ChongQin\ai-\knowledge\llm_wiki_swine_authoritative,1465,887,"猪恶性卡他热相关感染
猪恶性卡他热相关感染、malignant catarrhal fever ovine herpesvirus 2
育肥猪用药咨询
育肥猪出现典型症状，用户已经用过常见药物但效果一般，询问是否继续用药。","{""HUMAN_REVIEWED"": 1, ""NEEDS_REVIEW"": 4}","[""SRC-0001"", ""SRC-0041""]",2180,27.03,ERNIE-4.5-Turbo-32K,88,28,18,24,18,False,True,"该回答在诊断准确性、病理逻辑、处方安全性和数据质量方面表现良好，整体符合测试数据有效性要求，无致命风险，最终评定为通过。
问题：诊断准确性方面，虽然结合了流行病学史和症状，但未提及实验室检测的必要性对确诊的重要性，扣2分。；病理逻辑方面，对恶性卡他热的病理机制解释不够深入，扣2分。；数据质量方面，场景标签和验证点较为全面，但风险标志中关于人畜共患风险的描述可能引发误解（实际风险极低），扣7分（原25分，因其他方面表现良好，适当调整扣分比例）。",hunyuan-turbos-20250926,85,23,23,24,15,False,False,该数据整体真实可信，用户描述的场景与症状符合猪恶性卡他热相关感染的临床特征，且考虑了与羊群的流行病学关联。诊断思路合理，处理方案强调隔离、送检、避免随意处置，符合重大疫病防控原则，未出现危险用药建议。不足之处在于诊断部分未明确强调实验室确诊的必要性，病理机制说明较浅，以及风险沟通中对人畜共患风险的表述可能引起不必要的恐慌。,True,ERNIE-4.5-Turbo-32K,True,pass,该回答在诊断准确性、病理逻辑、处方安全性和数据质量方面表现良好，诊断思路合理，处理方案符合重大疫病防控原则，虽存在诊断部分未明确强调实验室确诊的必要性、病理机制说明较浅、风险提示中‘人畜共患’表述易引发误解等轻微不足，但不影响整体判断，无致命风险，最终评定为通过。,86.0,28,18,24,18,pass,19.1,20.22,
ca908000-a47f-5f6c-bbae-45295da1f484,470,猪戊型肝炎,swine_hunyuan_turbos,hunyuan-turbos-20250926,成功,,猪,我家有200头120斤左右的育肥猪，最近一周陆续有几头精神沉郁、食欲下降、粪便偏黄稀，体温正常偏低，之前按腹泻用了恩诺沙星和土霉素拌料三天，部分好转但还有反复。圈舍通风一般，湿度偏高，想问还能不能继续用这些药？,根据描述的症状、用药史及环境情况，考虑可能为猪戊型肝炎病毒感染所致。该病为病毒性传染病，抗生素对病毒无效，因此常规抗菌药难以根治，且可能掩盖病情。需结合实验室检测确诊。,treatment_direction: 目前无特效抗病毒药物，重点在于支持性护理和防止继发细菌感染。可在兽医指导下使用保肝护肾类营养添加剂，改善饲料消化率，提高机体抵抗力。；management_measures: 加强圈舍通风与干燥，降低饲养密度，减少应激因素；分群管理，将症状明显个体与健康猪隔离观察；保证清洁饮水和新鲜饲料供应。；sampling_and_testing: 采集发病猪的血清或粪便样本送实验室进行HEV PCR检测，以明确是否为猪戊型肝炎病毒感染。同时可排查其他肠道病原如大肠杆菌、沙门氏菌等。；prohibited_boundaries: 禁止使用未经批准的兽药或超范围用药；禁止在疫情不明情况下随意出售或调运动物；若确诊为法定重大疫病，应按规定立即报告并配合扑杀、无害化处理等措施。,因本病为病毒性感染，无特效药物治疗，故不存在特定药物休药期问题。但若在治疗过程中使用了合法批准的兽药，须遵循该药的官方休药期规定，并在出栏前确保符合食品安全标准。,"{""disease_name"": ""猪戊型肝炎"", ""severity"": ""中等"", ""scene_tags"": [""育肥猪"", ""病毒性腹泻"", ""人兽共患风险""], ""validation_points"": [""症状与猪戊型肝炎典型表现相符"", ""抗生素治疗无效提示非细菌性病因"", ""建议实验室检测以明确诊断""], ""risk_flags"": [""存在人兽共患潜在风险，需做好人员防护"", ""若属重大动物疫病需依法报告与处置""], ""case_type"": ""育肥猪用药咨询"", ""target_disease"": ""猪戊型肝炎"", ""local_flags"": {""species_ok"": true, ""target_disease_in_diagnosis"": true, ""target_disease_mismatch"": false, ""contains_specific_dose"": false, ""contains_specific_withdrawal"": false, ""regulated_bad_treatment"": false}}",False,False,,,True,False,False,D:\XF-ChongQin\ai-\knowledge\llm_wiki_swine_authoritative,1465,887,"猪戊型肝炎
猪戊型肝炎、hepatitis e virus
育肥猪用药咨询
育肥猪出现典型症状，用户已经用过常见药物但效果一般，询问是否继续用药。","{""HUMAN_REVIEWED"": 3, ""NEEDS_REVIEW"": 2}","[""SRC-0001"", ""SRC-0008"", ""SRC-0012"", ""SRC-0014"", ""SRC-0015"", ""SRC-0040""]",2105,26.63,ERNIE-4.5-Turbo-32K,88,28,18,24,18,False,True,"整体回答质量较高，诊断方向合理，考虑到了病毒性感染的特点，并提出了实验室检测的建议。处方安全，管理措施得当，且注意到了人兽共患的风险。但在数据质量和病理逻辑方面还有提升空间。
问题：数据质量方面，虽然提供了详细的症状描述和用药史，但对环境因素的描述略显简单，仅提到圈舍通风一般，湿度偏高，未详细说明其他可能影响猪健康的环境因素。；病理逻辑方面，虽然诊断方向正确，但未详细解释为何考虑猪戊型肝炎，以及该病与其他类似症状疾病的鉴别诊断。",hunyuan-turbos-20250926,85,90,80,95,75,False,False,回答整体准确，诊断考虑了病毒性病因，排除了抗生素无效的情况，并建议实验室检测确认。处方方向安全，强调支持性护理和环境管理，避免滥用药物。不足之处在于环境信息不够全面，缺乏鉴别诊断说明，导致病理逻辑和数据质量略有欠缺。,True,ERNIE-4.5-Turbo-32K,True,pass,整体回答质量较高，诊断方向合理，考虑到了病毒性感染的特点，并提出了实验室检测的建议。处方安全，管理措施得当。尽管在环境因素描述和鉴别诊断方面存在不足，但不影响整体诊断和处置方向的安全性。,86.0,28,18,24,18,pass,17.38,15.26,
b945a8fd-3432-52b3-8857-a4097bfdd9b2,393,猪托罗病毒感染,swine_hunyuan_turbos,hunyuan-turbos-20250926,成功,,猪,我家有120头35日龄左右的保育猪，这几天陆续有10多头开始拉稀，粪便是黄色水样，精神差、吃料少，有的还伴随轻度脱水。圈舍通风一般，最近天气转凉，之前用过恩诺沙星拌料两天效果不明显。想问问这是啥原因，该怎么处理？,根据描述，该批保育猪在气温变化后出现群体性水样腹泻、采食下降及轻度脱水，结合流行病学特征，需考虑病毒性因素如猪托罗病毒感染的可能，同时应排除细菌性肠炎、营养性腹泻等。建议通过实验室检测（粪便或肠道内容物）明确病原。,treatment_direction: 对症支持为主，改善饲养管理，防止继发细菌感染。；management_measures: 提高圈舍温度，减少冷应激；；保证饮水清洁并适当补充电解质；；降低饲料蛋白水平，少量多餐；；对严重脱水个体进行补液。；sampling_and_testing: 采集新鲜腹泻粪便或肠道内容物送实验室进行病毒核酸检测（如RT-PCR），必要时做细菌培养以鉴别混合感染。；prohibited_boundaries: 不得自行使用未经批准的抗病毒药物；若怀疑重大动物疫病，应立即报告当地畜牧兽医部门，不得擅自销售或转运病猪。,因主要为支持性管理和对症治疗，无特定药物休药期要求；若后续使用抗生素，应按药品说明执行相应休药期。,"{""disease_name"": ""猪托罗病毒感染"", ""severity"": ""中等"", ""scene_tags"": [""保育猪"", ""群体腹泻"", ""采食下降"", ""寒冷应激""], ""validation_points"": [""群体性水样腹泻伴采食下降符合病毒性胃肠炎表现；"", ""温度变化为常见诱因；"", ""需实验室检测区分其他病原。""], ""risk_flags"": [""需警惕混合感染"", ""注意防止脱水致死""], ""case_type"": ""腹泻群体发病"", ""target_disease"": ""猪托罗病毒感染"", ""local_flags"": {""species_ok"": true, ""target_disease_in_diagnosis"": true, ""target_disease_mismatch"": false, ""contains_specific_dose"": false, ""contains_specific_withdrawal"": false, ""regulated_bad_treatment"": false}}",False,False,,,True,False,False,D:\XF-ChongQin\ai-\knowledge\llm_wiki_swine_authoritative,1465,887,"猪托罗病毒感染
猪托罗病毒感染、porcine torovirus
腹泻群体发病
同窝或同栏出现水样腹泻、脱水、采食下降，用户想知道主要病因和紧急处理。","{""HUMAN_REVIEWED"": 3, ""NEEDS_REVIEW"": 2}","[""SRC-0001"", ""SRC-0006"", ""SRC-0033"", ""SRC-0083""]",2187,25.59,ERNIE-4.5-Turbo-32K,88,28,18,23,20,False,True,"该回答对猪托罗病毒感染的诊断较为准确，考虑了病毒性因素并建议实验室检测以明确病原，处理方向安全合理，数据质量较高，无明显致命风险。
问题：diagnosis_accuracy方面，虽然考虑了病毒性因素，但对细菌性肠炎和营养性腹泻的排除依据不够充分；pathology_logic方面，对寒冷应激与疾病关系的阐述不够深入；data_quality方面，场景标签和验证点可以更加详细和具体。",hunyuan-turbos-20250926,85,8,7.5,9,8,False,False,该回答针对用户描述的保育猪群体性水样腹泻、采食下降及轻度脱水等症状，提出了猪托罗病毒感染的可能性，并结合季节变化和饲养环境提示了其他可能病因，建议实验室检测确认病原，符合临床思路。处理方案以对症支持、改善饲养管理、防继发感染为主，未给出具体药物剂量或休药期承诺，且明确了禁止擅自用药和疫情上报的要求，安全性较好。但诊断中对细菌性肠炎和营养性腹泻的排除依据不足，病理逻辑上未深入分析寒冷应激与发病机制的关联，数据细节可更丰富。,True,ERNIE-4.5-Turbo-32K,True,pass,该回答对猪托罗病毒感染的诊断较为准确，考虑了病毒性因素并建议实验室检测以明确病原，处理方案以对症支持、改善饲养管理、防继发感染为主，安全性较好，符合临床思路。尽管在诊断中对细菌性肠炎和营养性腹泻的排除依据不足，病理机制解释较浅，但整体方向安全合理，无明显致命风险，数据质量可接受。,86.0,28,18,23,20,pass,16.79,18.54,
ec537614-75bb-5fff-97a7-884386c8cfd5,386,猪星状病毒感染,swine_hunyuan_turbos,hunyuan-turbos-20250926,成功,,猪,我家是200头左右的保育猪，现在40多天大，最近一周陆续有拉稀的，粪便偏黄绿色水样，个别精神差、采食下降，之前按大肠杆菌用了恩诺沙星和硫酸黏菌素，效果不明显，还有零星死亡。圈舍温度偏低，通风一般，想问还能继续用抗生素吗？要不要送样检测？,结合年龄、水样腹泻、抗生素治疗无效及环境因素，考虑病毒性腹泻可能性较大，如猪星状病毒感染等，可能与其他肠道病原混合感染。需排除细菌性肠炎、寄生虫感染等。,treatment_direction: 停止盲目使用广谱抗生素，改为支持疗法，包括补液、纠正电解质失衡、保温、改善饲养管理；必要时配合对症止泻药物。；management_measures: 加强圈舍保温与通风，减少应激；分群饲养，降低交叉感染风险；提供清洁饮水和易消化饲料。；sampling_and_testing: 采集新鲜粪便样本送至实验室进行病原学检测（PCR），明确是否为星状病毒或其他病毒、细菌、寄生虫感染。；contraindications_boundary: 在未明确病因前，避免长期大剂量使用抗生素以防耐药菌产生；若怀疑重大传染病（如非洲猪瘟、PED等），应立即隔离并按规定上报。,因未使用特定药物，无直接休药期要求；若后续确诊细菌感染并使用抗生素，应遵守相应药物的停药期规定。,"{""disease_name"": ""猪星状病毒感染"", ""severity"": ""中等"", ""scene_tags"": [""保育猪"", ""水样腹泻"", ""抗生素治疗无效"", ""环境应激""], ""validation_points"": [""年龄与症状符合星状病毒感染高发期"", ""水样腹泻且抗生素无效提示非单纯细菌感染"", ""环境低温与通风不良为诱因""], ""risk_flags"": [""潜在混合感染"", ""需排除重大疫病""], ""case_type"": ""腹泻用药咨询"", ""target_disease"": ""猪星状病毒感染"", ""local_flags"": {""species_ok"": true, ""target_disease_in_diagnosis"": true, ""target_disease_mismatch"": false, ""contains_specific_dose"": false, ""contains_specific_withdrawal"": false, ""regulated_bad_treatment"": false}}",False,False,,,True,False,False,D:\XF-ChongQin\ai-\knowledge\llm_wiki_swine_authoritative,1465,887,"猪星状病毒感染
猪星状病毒感染、astroviruses、astrovirus、猪星状病毒
腹泻用药咨询
猪群腹泻后已用过常见抗菌药效果一般，用户询问是否继续用药以及是否需要送检。","{""HUMAN_REV"": 1, ""HUMAN_REVIEWED"": 1, ""NEEDS_REVIEW"": 2}","[""SRC-0001"", ""SRC-0032""]",2221,23.25,ERNIE-4.5-Turbo-32K,88,27,18,23,20,False,True,"该回答在诊断准确性、病理逻辑、处方安全性和数据质量方面表现良好，诊断考虑了病毒性腹泻的可能性，并建议进行病原学检测以明确病因，处方方向安全合理，未出现致命风险。
问题：诊断准确性方面，虽然考虑了病毒性腹泻的可能性，但未明确提及猪星状病毒感染的特异性症状或诊断依据，略显不足。；病理逻辑方面，对环境因素（圈舍温度偏低，通风一般）与疾病发生的关联性分析不够深入。；数据质量方面，虽然提供了基本的场景标签和验证点，但缺乏更详细的临床数据或实验室检测结果支持诊断。",hunyuan-turbos-20250926,85,80,82,90,83,False,False,该数据整体真实可信，用户描述的保育猪群体发病情况符合常见病毒性腹泻背景，诊断思路合理，排除了单纯细菌性病因，并提示送检确认病原。处方方向安全，强调停用广谱抗生素、支持疗法和环境管理，同时给出采样检测建议，无明显危险建议。不足之处在于未详细阐述猪星状病毒感染的典型特征，对环境因素与发病机制的关联分析较浅，且缺少更多临床细节支撑诊断。,True,ERNIE-4.5-Turbo-32K,True,pass,该回答在诊断准确性、病理逻辑、处方安全性和数据质量方面表现良好。诊断考虑了病毒性腹泻的可能性，并建议进行病原学检测以明确病因，处方方向安全合理，未出现致命风险。尽管在诊断中未明确提及猪星状病毒感染的特异性症状或诊断依据，且对环境因素与疾病发生的关联性分析不够深入，但整体方向正确，建议可参考。,86.0,27,18,23,20,pass,16.17,17.4,
849f7188-3d34-57ad-9253-7bb706990a01,388,猪杯状病毒感染,swine_hunyuan_turbos,hunyuan-turbos-20250926,成功,,猪,我场有200多头育肥猪，平均体重在60公斤左右，最近一周内陆续出现精神沉郁、食欲下降、个别猪体温升高到40℃以上，还有几头出现口腔和蹄部轻微水疱，粪便偏稀。之前用过恩诺沙星拌料三天效果不明显。现在想问能不能先当普通腹泻或者口蹄疫前期处理看看？,根据描述的症状组合（发热、精神差、食欲减退、口腔及蹄部水疱、轻度腹泻），结合近期多栋猪舍同时发病的情况，高度怀疑为病毒性传染病，可能与猪杯状病毒感染有关，也可能存在其他水泡性疾病（如口蹄疫、猪水疱病等）的混合或继发感染。由于涉及水疱病变，应首先排除法定重大动物疫病（如口蹄疫）。,立即暂停场内猪群调运，限制人员车辆流动；将疑似病例与健康猪严格分群隔离，采集口腔液、水疱液、粪便等样本送有资质的实验室进行病原学检测（PCR/RT-PCR）；在未明确病原前，禁止使用未经批准的兽药，仅可对症支持（如补液、电解质平衡、维生素补充）；加强圈舍通风、保温与消毒，减少应激；若检测结果确认为法定重大疫病，须按当地畜牧兽医部门指令执行扑杀、无害化处理及封锁措施。,因未使用特定药物，无具体休药期；但若后续确诊并按规定用药，须遵循官方指导的停药期。,"{""disease_name"": ""猪杯状病毒感染"", ""severity"": ""中等至严重（视是否混合其他病原及疫情扩散情况）"", ""scene_tags"": [""育肥猪"", ""多栏同期发病"", ""水疱性病变"", ""腹泻"", ""高热""], ""validation_points"": [""症状符合病毒性水疱病特征"", ""多栏同步发生提示传染性高"", ""需优先排除法定重大疫病""], ""risk_flags"": [""可能为人畜共患风险未定病原体"", ""存在重大动物疫病混淆风险""], ""case_type"": ""暴发与处置边界"", ""target_disease"": ""猪杯状病毒感染"", ""local_flags"": {""species_ok"": true, ""target_disease_in_diagnosis"": true, ""target_disease_mismatch"": false, ""contains_specific_dose"": false, ""contains_specific_withdrawal"": false, ""regulated_bad_treatment"": false}}",False,False,,,True,False,False,D:\XF-ChongQin\ai-\knowledge\llm_wiki_swine_authoritative,1465,887,"猪杯状病毒感染
猪杯状病毒感染、caliciviruses norovirus sapovirus vesicular exanthema virus
暴发与处置边界
同栏或多栋猪舍短期内发病增多，用户询问是否能先按普通病治疗观察。","{""HUMAN_REVIEWED"": 2, ""NEEDS_REVIEW"": 2}","[""SRC-0001"", ""SRC-0034""]",2221,27.44,ERNIE-4.5-Turbo-32K,88,28,18,24,18,False,True,"该回答在诊断准确性、病理逻辑、处方安全性和数据质量方面表现良好，整体符合测试数据有效性要求。诊断考虑了多种可能性，并优先排除了重大疫病，处方安全合理，未出现致命风险。
问题：诊断准确性方面，虽然考虑了多种可能性，但对猪杯状病毒感染的特异性症状描述不够详细，可能影响诊断的精确性。；病理逻辑方面，对混合或继发感染的可能性分析不够深入，缺乏具体的病理机制阐述。；数据质量方面，虽然提供了丰富的场景标签和验证点，但对症状描述的详细程度和病原学检测的具体方法描述不足。",hunyuan-turbos-20250926,85,80,82,90,83,False,False,该回答在诊断思路上覆盖了可能的病毒性传染病，包括法定重大疫病排查，处方方案安全且符合生物安全要求，未给出具体药物剂量或休药期承诺，避免了致命风险。但诊断中对猪杯状病毒特异性症状的描述不足，病理机制分析较浅，部分细节（如检测方法）不够具体，影响整体严谨性和指导性。,True,ERNIE-4.5-Turbo-32K,True,pass,诊断考虑了多种可能性，优先排除了重大疫病，符合临床逻辑；处方安全合理，未出现致命风险。尽管对猪杯状病毒感染的特异性症状描述不够详细，病理机制分析较浅，病原学检测方法描述简略，但整体方向正确，不影响数据可用性。,86.0,28,18,24,18,pass,18.6,17.09,
a421f8e4-b6f8-5df7-8681-b94ce4bbf140,118,猪水疱性口炎,swine_hunyuan_turbos,hunyuan-turbos-20250926,成功,,猪,我场有200多头育肥猪，平均体重在60公斤左右，最近几天发现同一栋舍里有五六头出现口腔和蹄部的水疱，有的还伴有跛行，体温升高到39℃以上，食欲下降。之前没用过什么抗病毒药，只是个别用过阿莫西林饮水。现在想问问能不能先当普通病处理看看效果？,根据描述的症状（口腔及蹄部水疱、发热、跛行），高度怀疑为水疱性疾病，包括猪水疱性口炎（VS）、口蹄疫（FMD）、猪水疱疹（SVD）等。由于这些疾病临床表现极为相似，仅凭临床症状无法确诊，必须通过实验室检测进行鉴别。,立即停止场内随意用药，防止掩盖病情影响诊断；对疑似病例进行隔离并限制移动；采集口腔拭子、水疱液、血液等样本送有资质的实验室检测，明确病原类型；加强生物安全措施，减少人员、车辆、器具交叉污染；若确诊为水疱性口炎且非疫区，可在兽医指导下采取对症支持治疗，如改善营养、防继发感染、局部护理等；若为口蹄疫等重大动物疫病，须严格按国家防控方案执行，禁止自行治疗替代官方处置。,因未确定病原，暂不建议屠宰上市；待实验室结果确认病原种类及是否属重大疫病后，再依据相应法规确定休药期和流通限制。,"{""disease_name"": ""猪水疱性口炎"", ""severity"": ""中等至严重（视病原而定）"", ""scene_tags"": [""育肥猪"", ""多栋猪舍"", ""水疱性病变"", ""发热"", ""跛行""], ""validation_points"": [""症状符合水疱性疾病特征"", ""需实验室鉴别排除口蹄疫等烈性病""], ""risk_flags"": [""可能属于重大动物疫病范畴，需及时送检"", ""存在跨区域传播风险，应强化生物安全""], ""case_type"": ""暴发与处置边界"", ""target_disease"": ""猪水疱性口炎"", ""local_flags"": {""species_ok"": true, ""target_disease_in_diagnosis"": true, ""target_disease_mismatch"": false, ""contains_specific_dose"": false, ""contains_specific_withdrawal"": false, ""regulated_bad_treatment"": false}}",False,False,,,True,False,False,D:\XF-ChongQin\ai-\knowledge\llm_wiki_swine_authoritative,1465,887,"猪水疱性口炎
猪水疱性口炎、vesicular stomatitis viruses
暴发与处置边界
同栏或多栋猪舍短期内发病增多，用户询问是否能先按普通病治疗观察。","{""HUMAN_REVIEWED"": 3, ""NEEDS_REVIEW"": 2}","[""SRC-0001"", ""SRC-0054""]",2104,26.66,ERNIE-4.5-Turbo-32K,88,28,18,23,20,False,True,"该回答对猪水疱性口炎的诊断、鉴别诊断、处理方向和生物安全措施进行了较为全面的描述，符合实际场景需求，诊断逻辑清晰，处理方向安全，数据质量较高。
问题：diagnosis_accuracy: 诊断部分虽然提到了水疱性疾病的鉴别诊断，但未明确指出猪水疱性口炎的可能性，仅在最后提到确诊后的情况，略显保守。；pathology_logic: 病理逻辑部分对症状的描述和鉴别诊断的必要性进行了说明，但未深入解释不同水疱性疾病之间的病理差异。；prescription_safety: 处方部分强调了实验室检测的重要性，并给出了对症支持治疗的建议，但未具体说明支持治疗的具体措施。；data_quality: 数据质量部分基本完整，但场景标签和验证点可以更加详细和具体。",hunyuan-turbos-20250926,85,7,8,9,8,True,False,"回答能够结合用户提供的真实养殖场景，准确识别出水疱性疾病的可能范围，并强调需通过实验室检测区分猪水疱性口炎、口蹄疫、猪水疱疹等，避免误诊误治。处理建议包含隔离、送检、生物安全等措施，符合重大疫病防控原则，无危险建议。不足之处在于诊断部分对猪水疱性口炎的指向不够明确，病理机制解释不足，支持治疗细节欠缺。
问题：诊断部分虽列出多种水疱性疾病，但对猪水疱性口炎的可能性提示不足，容易让用户忽略该病本身。；未进一步解释不同水疱性疾病的病理差异，导致病理逻辑链条不够完整。；支持治疗仅笼统提及，缺乏可操作性细节。",True,ERNIE-4.5-Turbo-32K,True,pass,回答能够结合用户提供的养殖场景，准确识别出水疱性疾病的可能范围，并强调需通过实验室检测区分猪水疱性口炎、口蹄疫、猪水疱疹等，避免误诊误治。处理建议包含隔离、送检、生物安全等措施，符合重大疫病防控原则，无危险建议。尽管诊断部分对猪水疱性口炎的指向不够明确，病理机制解释不足，支持治疗细节欠缺，但整体方向安全且疾病匹配，不影响数据可用性。,86.0,28,18,23,20,pass,18.75,19.0,
2f1d65d6-2b09-5ba4-a507-e05a22d4be3b,191,猪水疱性口炎,swine_hunyuan_turbos,hunyuan-turbos-20250926,成功,,猪,我家有200多头育肥猪，平均体重在60公斤左右，最近几天有几头出现口腔、蹄部起水泡，伴随流涎、跛行，体温升高到39℃以上，已经持续三四天了。之前没用过抗病毒药，圈舍通风一般，周围没有新进猪。我想知道这种情况是不是要马上打疫苗或者喂药？还是应该先送样检查？怕耽误病情又怕乱用药影响后续销售。,根据描述的临床症状（口腔及蹄部水疱、流涎、跛行、发热），高度怀疑为水疱性疾病，包括口蹄疫（FMD）、猪水疱病（SVD）、猪水疱疹（VES）或猪水疱性口炎（VSV）。这些疾病在临床上难以仅凭外观区分，必须通过实验室检测进行确诊。,treatment_direction: 在未获得实验室确诊前，不建议使用任何针对特定病毒的特效药物或疫苗，以免掩盖症状或造成误诊。应优先采取支持性护理，如保持饮水清洁、补充电解质、减少应激、防止继发细菌感染。；management_measures: 立即将发病猪与健康猪隔离饲养，限制人员、车辆、工具流动，对圈舍及周边环境进行消毒，防止可能的接触传播。；sample_collection_and_submission: 尽快采集发病猪的口腔病变组织、水疱液、血液及粪便等样本，送至具备资质的兽医实验室进行病原学检测（PCR、ELISA等），同时记录发病数量、分布和病程变化。；prohibited_actions: 禁止擅自使用未经批准的抗病毒药物或疫苗；禁止出售或运输疑似感染猪只；禁止随意丢弃病死猪尸体。,因未确定病因且未进行药物治疗，无明确休药期；若后续确诊并用药，须按所用药物说明书和国家规定执行。,"{""disease_name"": ""猪水疱性口炎"", ""severity"": ""中等至严重（取决于是否扩散及是否为高致病性病原）"", ""scene_tags"": [""育肥猪"", ""水疱性病变"", ""发热"", ""跛行"", ""多猪发病""], ""validation_points"": [""症状符合多种水疱性病毒病的共同表现"", ""需要实验室检测才能确诊"", ""早期隔离和消毒是防控关键""], ""risk_flags"": [""可能为人畜共患或重大动物疫病（如口蹄疫）"", ""存在跨区域传播风险"", ""需及时上报当地动物防疫部门""], ""case_type"": ""采样送检咨询"", ""target_disease"": ""猪水疱性口炎"", ""local_flags"": {""species_ok"": true, ""target_disease_in_diagnosis"": true, ""target_disease_mismatch"": false, ""contains_specific_dose"": false, ""contains_specific_withdrawal"": false, ""regulated_bad_treatment"": false}}",False,False,,,True,False,False,D:\XF-ChongQin\ai-\knowledge\llm_wiki_swine_authoritative,1465,887,"猪水疱性口炎
猪水疱性口炎、vesicular stomatitis viruses
采样送检咨询
用户描述症状后，重点询问采什么样品、如何判断和如何避免误治。","{""HUMAN_REVIEWED"": 3, ""NEEDS_REVIEW"": 2}","[""SRC-0001"", ""SRC-0054""]",2104,67.63,ERNIE-4.5-Turbo-32K,85,27,18,23,17,False,True,"整体回答较为全面，诊断方向合理，考虑了多种水疱性疾病的可能性，并强调了实验室检测的重要性。处理方向安全，未建议使用未经确诊的特效药物或疫苗，并提出了隔离、消毒等管理措施。数据质量基本满足要求，但部分细节可进一步完善。
问题：诊断准确性方面，虽然考虑了多种水疱性疾病，但对猪水疱性口炎的针对性描述稍显不足。；病理逻辑方面，对疾病传播途径和防控措施的描述可更详细。；处方安全方面，虽然未建议错误用药，但对支持性护理的具体措施描述较少。；数据质量方面，症状描述和场景标签基本准确，但风险标志的描述可更具体。",hunyuan-turbos-20250926,88,90,85,95,85,False,False,该回答覆盖了主要的水疱性疾病可能性，强调实验室确诊的重要性，避免盲目用药，管理建议符合生物安全要求，无明显危险建议。不足之处在于对猪水疱性口炎的特异性特征描述不够突出，支持性护理措施略显笼统。,True,ERNIE-4.5-Turbo-32K,True,pass,回答覆盖了主要的水疱性疾病可能性，诊断方向合理，强调实验室确诊的重要性，避免盲目用药，管理建议符合生物安全要求，无明显危险建议。尽管对猪水疱性口炎的特异性特征描述不够突出，支持性护理措施略显笼统，但整体安全且疾病匹配，不影响数据可用性。,86.0,27,18,23,17,pass,58.67,14.92,
dcf9f2aa-b36d-5e02-b919-fcb7b0133f9c,377,猪沙门氏菌病,swine_hunyuan_turbos,hunyuan-turbos-20250926,成功,,猪,我家是300头育肥猪场，最近有20多头60日龄左右的猪出现拉稀、精神沉郁、体温升高到40℃左右的情况，粪便带黏液和血丝，部分猪食欲下降，已经持续了三四天。之前用过恩诺沙星拌料三天效果不明显，现在想问该采哪些样品去化验？怎么判断是不是沙门氏菌感染？另外怕用错药耽误病情，想知道下一步该怎么处理比较稳妥。,根据描述的发病日龄、腹泻带血、发热及抗生素治疗无效等特征，结合猪沙门氏菌病在集约化育肥阶段的流行特点，高度怀疑为猪沙门氏菌病（肠炎型或败血型）。该病常因应激、混群、饲料更换等因素诱发，表现为纤维素坏死性肠炎，盲肠和结肠常见假膜或纽扣样溃疡。确诊需实验室分离鉴定沙门氏菌并做血清分型。,treatment_direction: 在未获得药敏结果前，不宜盲目使用抗菌药物；应优先进行病原学检测和药敏试验，指导后续精准用药。；management_measures: 立即隔离病猪，减少应激因素，改善通风与卫生条件，保证饮水清洁，防止继发感染。对同栏健康猪加强观察，必要时全群预防性措施。；sampling_submission: 采集病死猪或濒死猪的新鲜盲肠内容物、结肠黏膜组织、脾脏及肝脏样本，冷藏保存并尽快送具备资质的兽医实验室进行沙门氏菌分离培养与鉴定；同时可采集新鲜粪便作PCR检测。；prohibited_boundaries: 禁止随意使用广谱抗生素代替病原检测；严禁将疑似重大疫病病例按普通细菌感染处理而延误上报与防控。,具体休药期需依据最终使用的药物种类、剂量及国家相关规定确定，应在兽医指导下执行。,"{""disease_name"": ""猪沙门氏菌病"", ""severity"": ""中等至严重，可导致生长迟缓、死亡和经济损失"", ""scene_tags"": [""集约化育肥猪"", ""腹泻带血"", ""发热"", ""抗生素治疗无效""], ""validation_points"": [""符合沙门氏菌病在断奶至育肥阶段的流行规律"", ""症状与纤维素坏死性肠炎一致"", ""强调先检测再用药的科学流程""], ""risk_flags"": [""未经确诊前不可滥用抗菌药物"", ""存在群体传播风险""], ""case_type"": ""采样送检咨询"", ""target_disease"": ""猪沙门氏菌病"", ""local_flags"": {""species_ok"": true, ""target_disease_in_diagnosis"": true, ""target_disease_mismatch"": false, ""contains_specific_dose"": false, ""contains_specific_withdrawal"": false, ""regulated_bad_treatment"": false}}",False,False,,,True,False,False,D:\XF-ChongQin\ai-\knowledge\llm_wiki_swine_authoritative,1465,887,"猪沙门氏菌病
猪沙门氏菌病、salmonellosis
采样送检咨询
用户描述症状后，重点询问采什么样品、如何判断和如何避免误治。","{""HUMAN_REVIEWED"": 3, ""NEEDS_REVIEW"": 2}","[""SRC-0001"", ""SRC-0073""]",2192,30.12,ERNIE-4.5-Turbo-32K,88,28,18,24,18,False,True,"整体回答质量较高，诊断准确性、处方安全性和逻辑性均表现良好，数据质量稍有不足但不影响整体判断。
问题：diagnosis_accuracy: 诊断部分基本准确，但未完全覆盖所有症状与疾病关联的细节，如体温升高与沙门氏菌败血症型的关联性未明确提及。；pathology_logic: 病理逻辑部分描述了沙门氏菌病的典型病变，但未充分解释症状与病变之间的直接联系，如腹泻带血与纤维素坏死性肠炎的具体机制。；data_quality: 数据质量部分因未提及具体采样送检的注意事项（如样本保存温度、运输时间等）而略有扣分。",hunyuan-turbos-20250926,85,8,8,9,7,False,False,回答总体科学严谨，诊断思路符合猪沙门氏菌病的流行病学与临床特征，处方强调先检测后用药，管理建议合理且包含生物安全提示，无明显危险建议。但存在细节不足，例如未深入解释症状与病理机制的对应关系，也未提供采样送检的具体操作要点。,True,ERNIE-4.5-Turbo-32K,True,pass,回答整体科学严谨，诊断符合猪沙门氏菌病的流行病学与临床特征，处方强调先检测后用药，管理建议合理且包含生物安全提示，无明显危险建议。尽管存在部分细节不足，如未深入解释症状与病理机制的对应关系，也未提供采样送检的具体操作要点，但不影响整体判断。,86.0,28,18,24,18,pass,19.83,22.77,
e42b3cec-22b5-5030-8ebc-4a266294e5fb,182,猪流感,swine_hunyuan_turbos,hunyuan-turbos-20250926,成功,,猪,我家有200头60公斤左右的育肥猪，最近一周陆续出现咳嗽、流鼻涕、个别发热的情况，用了几天阿莫西林和氟苯尼考后症状有所缓解但不稳定，有些猪又反复。舍内通风一般，氨气味道有点大。我想知道现在该采哪些样品去化验，怎么判断是不是单纯猪流感还是有其他细菌或环境因素混在一起？,根据描述，育肥猪出现持续性呼吸道症状，伴有间歇性发热，抗生素治疗效果不完全，提示可能存在病毒性感染（如猪流感）与细菌性继发感染或环境刺激因素共同作用。猪流感病毒主要在上呼吸道及肺部复制，环境氨气浓度高可能加重呼吸道损伤，形成混合感染表现。,treatment_direction: 控制继发细菌感染，改善饲养环境，减少应激；针对可能的病毒感染，建议配合支持疗法，不建议随意使用抗病毒药物。；management_measures: 加强通风换气，降低舍内氨气浓度；分栏管理，减少交叉感染；保证饮水充足和营养供给；对高热、食欲废绝个体及时隔离观察。；sampling_and_testing: 采集发病猪的鼻拭子、咽拭子和肺组织（必要时），尽快送实验室进行RT-PCR检测猪流感病毒核酸，同时进行细菌培养鉴定常见呼吸道致病菌（如巴氏杆菌、支原体等）；注意样本冷藏运输以保持检测有效性。；prohibited_boundaries: 禁止将疑似重大动物疫病（如非洲猪瘟）误判为普通呼吸道疾病而延误报告；禁止使用未经批准的抗病毒药物替代正规防控措施。,因涉及多种潜在病原体，需根据具体检测结果确定停药时间，并在复产前确保无残留感染风险。,"{""disease_name"": ""猪流感"", ""severity"": ""中等"", ""scene_tags"": [""育肥猪"", ""呼吸道症状"", ""混合感染风险"", ""环境氨气偏高""], ""validation_points"": [""症状符合猪流感特征且存在环境诱因"", ""抗生素治疗部分有效提示混合感染可能"", ""采样方案覆盖病毒与细菌检测""], ""risk_flags"": [""需排除其他重大传染病"", ""环境氨气需改善以防病情加重""], ""case_type"": ""呼吸道采样送检"", ""target_disease"": ""猪流感"", ""local_flags"": {""species_ok"": true, ""target_disease_in_diagnosis"": true, ""target_disease_mismatch"": false, ""contains_specific_dose"": false, ""contains_specific_withdrawal"": false, ""regulated_bad_treatment"": false}}",False,False,,,True,False,False,D:\XF-ChongQin\ai-\knowledge\llm_wiki_swine_authoritative,1465,887,"猪流感
猪流感、influenza viruses
呼吸道采样送检
呼吸道症状持续，用药效果不稳定，用户询问采什么样品和如何鉴别混合感染。","{""HUMAN_REVIEWED"": 4}","[""SRC-0001"", ""SRC-0007"", ""SRC-0042"", ""SRC-0043""]",2221,28.42,ERNIE-4.5-Turbo-32K,88,28,18,23,20,False,True,"该回答整体上对猪流感的诊断、采样、治疗及管理措施进行了较为全面和合理的阐述，符合测试数据有效性的要求，未发现致命风险。
问题：diagnosis_accuracy: 诊断准确性方面，虽然识别了猪流感及可能的混合感染，但对症状与疾病之间的关联性解释可以更深入，例如详细说明咳嗽、流鼻涕、发热等症状如何具体指向猪流感。；pathology_logic: 病理逻辑方面，对环境氨气浓度高如何加重呼吸道损伤及形成混合感染的机制解释不够详细，缺乏具体的病理生理学依据。；prescription_safety: 处方安全性方面，虽然提出了控制继发细菌感染和改善饲养环境的建议，但对支持疗法的具体内容（如营养支持、免疫增强等）未给出明确说明。；data_quality: 数据质量方面，回答中的信息较为完整，但部分内容（如采样方案的具体操作步骤、细菌培养鉴定的具体方法）可以进一步细化以提高实用性。",hunyuan-turbos-20250926,85,8,7.5,9,8.5,False,False,回答整体结构合理，能够结合用户提供的症状、用药史和环境条件推测猪流感及混合感染的可能性，并给出了针对性的采样检测建议和管理措施。诊断思路基本正确，且强调了避免误诊重大疫病的风险。但在症状与疾病的关联解释、环境致病机制的细节以及支持疗法的具体做法上仍有提升空间。,True,ERNIE-4.5-Turbo-32K,True,pass,回答整体结构合理，诊断方向正确，能够结合症状、用药史和环境条件推测猪流感及混合感染的可能性，并给出了针对性的采样检测建议和管理措施。尽管在症状与疾病的关联解释、环境致病机制的细节以及支持疗法的具体做法上存在轻微不足，但不影响整体诊断和处置方向的安全性及有效性，符合测试数据有效性的要求。,86.0,28,18,23,20,pass,19.97,21.84,
89fe6c70-c014-5e55-b76c-ab17ac81d07d,2,猪流行性腹泻,swine_hunyuan_turbos,hunyuan-turbos-20250926,成功,,猪,我家有200头保育猪，现在60日龄左右，最近一周陆续出现拉稀，粪便呈黄色水样，部分猪精神差、采食下降，之前用了恩诺沙星和硫酸新霉素拌料三天，效果不明显，想问还能继续用抗生素吗？要不要送样检测？,根据描述，保育猪群出现急性水样腹泻，使用常规抗菌药物无效，结合年龄和流行特点，高度怀疑为猪流行性腹泻（PEDV）。该病由冠状病毒引起，主要通过粪口途径传播，常在寒冷季节暴发，对哺乳仔猪致死率高，保育及育肥猪多表现为腹泻、脱水、生长受阻。,treatment_direction: 本病无特效抗病毒药物，主要采取支持疗法和对症处理，防止继发细菌感染。可补充电解质、葡萄糖溶液，改善饮水质量，减少应激。；management_measures: 立即隔离发病猪，加强圈舍保温通风，保持干燥清洁，及时清理粪便，避免交叉感染。暂停引入新猪，严格消毒进出通道。；sampling_submission: 建议采集新鲜腹泻粪便样本送实验室进行PEDV核酸检测或抗原检测，同时排查其他病毒性腹泻病原（如轮状病毒、TGEV等），以便确诊并指导后续防控。；contraindications_boundary: 禁止随意使用未经批准的兽药或超范围用药；严禁将病死猪私自出售或食用；若确诊为重大疫病，应配合当地畜牧部门按法规处置。,因未使用特定治疗药物，暂无停药期要求；但若涉及任何批准药物的临床使用，须遵循相应说明书规定。,"{""disease_name"": ""猪流行性腹泻"", ""severity"": ""中等至严重（保育猪多为中度，哺乳仔猪可致高死亡率）"", ""scene_tags"": [""保育猪"", ""水样腹泻"", ""抗菌药无效"", ""冬季高发""], ""validation_points"": [""症状符合PEDV特征"", ""抗菌药无效提示非单纯细菌性病因"", ""建议送检排除混合感染""], ""risk_flags"": [""可能为人畜共患病误判风险（实际PEDV仅感染猪）"", ""重大动物疫病需依法报告""], ""case_type"": ""腹泻用药咨询"", ""target_disease"": ""猪流行性腹泻"", ""local_flags"": {""species_ok"": true, ""target_disease_in_diagnosis"": true, ""target_disease_mismatch"": false, ""contains_specific_dose"": false, ""contains_specific_withdrawal"": false, ""regulated_bad_treatment"": false}}",False,False,,,True,False,False,D:\XF-ChongQin\ai-\knowledge\llm_wiki_swine_authoritative,1465,887,"猪流行性腹泻
猪流行性腹泻、porcine epidemic diarrhea virus、PED、PEDV
腹泻用药咨询
猪群腹泻后已用过常见抗菌药效果一般，用户询问是否继续用药以及是否需要送检。","{""HUMAN_REVIEWED"": 2, ""NEEDS_REVIEW"": 2}","[""A0-MOA-573"", ""A2-EFSA-PED-PDCOV-OPINION"", ""SRC-0001"", ""SRC-0037"", ""SRC-0063""]",2221,39.66,ERNIE-4.5-Turbo-32K,88,28,18,24,18,False,True,"整体回答质量较高，诊断准确，处理方向安全，符合猪流行性腹泻的典型特征及处理原则。诊断逻辑清晰，症状与疾病匹配合理，建议送检以排除混合感染。处理方向以支持疗法和对症处理为主，符合无特效抗病毒药物的情况。数据质量良好，但部分细节可进一步优化。
问题：诊断准确性方面，虽然高度怀疑猪流行性腹泻，但未完全排除其他病毒性腹泻病原（如轮状病毒、TGEV等）的可能性，尽管后续建议送检，但初始诊断可更谨慎。；病理逻辑方面，对猪流行性腹泻的传播途径和流行特点描述较为基础，可增加更多细节以增强说服力。；处方安全方面，整体处理方向安全，但未明确提及具体电解质、葡萄糖溶液的补充方式和剂量，可能影响实际操作的准确性。；数据质量方面，场景标签和验证点较为全面，但风险标志中提及的“可能为人畜共患病误判风险”不准确，猪流行性腹泻并非人畜共患病，此点需修正。",hunyuan-turbos-20250926,85,4,4,5,4,False,False,该数据整体真实可信，用户描述的保育猪群体性水样腹泻、精神差、采食下降等症状与猪流行性腹泻典型表现相符，且已考虑抗生素无效后的鉴别诊断思路。处理方案以对症和支持治疗为主，强调隔离、环境管理、送检确认病原，并提示了重大疫病的合规处置，无明显危险建议。不足之处在于初始诊断未充分排除其他病毒性腹泻病原，病理机制描述较简略，以及个别风险标注存在事实错误。,True,ERNIE-4.5-Turbo-32K,True,pass,诊断与处置方向整体安全且疾病匹配，符合猪流行性腹泻的典型特征及处理原则。诊断逻辑清晰，症状与疾病匹配合理，建议送检以排除混合感染。处理方向以支持疗法和对症处理为主，符合无特效抗病毒药物的情况。尽管存在部分细节不足，如初始诊断未充分排除其他病毒性腹泻病原、病理机制描述较简略、风险标注存在事实错误、处方中未给出电解质和葡萄糖补充的具体方式或浓度参考，但不影响整体判断，数据质量良好，可判pass。,86.0,28,18,24,18,pass,23.99,22.09,
916fa059-abc6-5ff5-bff1-68033782936b,263,猪狂犬病风险,swine_hunyuan_turbos,hunyuan-turbos-20250926,成功,,猪,我家有120头育肥猪，平均体重70公斤左右，最近一周陆续出现几头精神沉郁、流涎增多、走路不稳的情况，其中一头昨天突然倒地抽搐死亡。之前没用过特殊药物，圈舍周围偶尔能见到流浪狗经过。我想知道这种情况是不是狂犬病？该采哪些样送检测？怕误诊耽误防控。,根据描述的急性神经症状、流涎及突发死亡，结合周边有犬类活动史，应考虑猪狂犬病风险的可能，但该病临床表现多样且不特异，仅凭症状无法确诊，需要实验室检测排除其他神经系统疾病（如伪狂犬病、脑炎等）。,treatment_direction: 目前无特效治疗药物，一旦高度怀疑应立即停止常规治疗，防止人员暴露风险。；management_measures: 立即隔离可疑病例，限制人员与猪直接接触，加强圈舍消毒，防止犬类等野生动物进入。；sampling_submission: 采集新鲜脑组织（脑干、海马）、唾液拭子、血液样本，低温保存并尽快送至具备资质的实验室进行荧光抗体试验、RT-PCR等检测。；prohibited_boundaries: 严禁在未排除法定疫病前随意解剖或丢弃尸体，禁止将病死猪流入市场或用作饲料。,因未使用药物治疗且无确切病原学结果，暂无休药期概念；若后续确诊为人兽共患病，应按主管部门要求执行封锁、扑杀等措施。,"{""disease_name"": ""猪狂犬病风险"", ""severity"": ""高"", ""scene_tags"": [""神经症状"", ""突发死亡"", ""野生动物接触史"", ""采样送检""], ""validation_points"": [""症状符合猪狂犬病可能表现，但不具特异性"", ""存在犬类接触史增加风险"", ""需实验室检测确诊""], ""risk_flags"": [""人兽共患风险"", ""需严格生物安全防护"", ""疑似重大动物疫病""], ""case_type"": ""采样送检咨询"", ""target_disease"": ""猪狂犬病风险"", ""local_flags"": {""species_ok"": true, ""target_disease_in_diagnosis"": true, ""target_disease_mismatch"": false, ""contains_specific_dose"": false, ""contains_specific_withdrawal"": false, ""regulated_bad_treatment"": false}}",False,False,,,True,False,False,D:\XF-ChongQin\ai-\knowledge\llm_wiki_swine_authoritative,1465,887,"猪狂犬病风险
猪狂犬病风险、rabies virus
采样送检咨询
用户描述症状后，重点询问采什么样品、如何判断和如何避免误治。","{""HUMAN_REVIEWED"": 3, ""NEEDS_REVIEW"": 2}","[""SRC-0001"", ""SRC-0054""]",2064,25.75,ERNIE-4.5-Turbo-32K,88,28,18,23,20,False,True,"整体回答较为全面，诊断考虑了症状和接触史，并强调了实验室检测的重要性，处理方向安全且符合疾病特点，数据质量较高，无明显致命风险。
问题：诊断准确性方面，虽然考虑了症状和接触史，但未充分提及与其他类似疾病的鉴别诊断，如伪狂犬病和脑炎的具体区别。；病理逻辑方面，对疾病的发生机制和传播途径的解释不够详细。；数据质量方面，虽然提供了详细的采样和送检建议，但未明确说明检测方法的具体选择依据。；未明确提及休药期的具体管理措施，尽管当前情况下暂无休药期概念，但可补充一般性建议。",hunyuan-turbos-20250926,85,80,75,90,85,False,False,回答总体合理，结合了临床症状、流行病学史和实验室检测需求，处理措施安全，强调隔离、消毒和人员防护，避免误判和扩散风险。不足之处在于鉴别诊断列举不足，对疾病机制解释较简略，部分检测方法的选用理由未展开。,True,ERNIE-4.5-Turbo-32K,True,pass,回答整体较为全面，诊断考虑了症状和接触史，并强调了实验室检测的重要性，处理方向安全且符合疾病特点。尽管在鉴别诊断、疾病机制解释和检测方法选择依据方面存在轻微不足，但不影响整体数据质量，无明显致命风险。,86.0,28,18,23,20,pass,17.76,16.1,
afd44a8a-f8a8-52f2-818d-f1a0fda440ef,187,猪痘,swine_hunyuan_turbos,hunyuan-turbos-20250926,成功,,猪,我家有200头60日龄左右的保育猪，最近几天陆续有几头出现皮肤上有红色丘疹，慢慢变成结痂，有的还伴随轻微咳嗽和采食量下降，圈舍通风一般，湿度偏高，之前用过阿莫西林饮水防继发感染，现在想确认是不是猪痘，该怎么处理？,根据描述，保育猪出现典型皮肤丘疹—结痂过程，伴轻度呼吸道症状和采食下降，结合年龄和环境条件，高度怀疑为猪痘病毒感染。该病由猪痘病毒引起，主要通过直接接触传播，也可通过蚊蝇等节肢动物机械传播。需与PRRSV、猪流感病毒、PCV2等引起的皮肤病变及呼吸道疾病进行鉴别。,treatment_direction: 目前无特效抗病毒药物，以支持疗法为主，控制继发细菌感染，改善饲养管理，减少应激。；management_measures: 提高圈舍通风，降低湿度，适当提高环境温度以改善体感温度；加强蚊虫防控，切断传播途径；隔离病猪，防止接触传播。；sampling_and_testing: 采集病变皮肤和痂皮样本送实验室PCR检测确诊，同时可同步检测PRRSV、猪流感病毒、PCV2等常见病原以排除混合感染。；prohibited_boundaries: 严禁将病猪随意调运或屠宰上市，发现疑似重大疫病须立即上报当地畜牧兽医部门。,因无特效药物治疗，不涉及药物休药期问题；若使用抗生素控制继发感染，应遵守相应药物的停药期规定并遵循官方指导。,"{""disease_name"": ""猪痘"", ""severity"": ""中等"", ""scene_tags"": [""保育猪"", ""群体发病"", ""皮肤病变"", ""呼吸道症状""], ""validation_points"": [""皮肤丘疹→结痂的典型病程符合猪痘特征"", ""保育阶段易感且存在蚊蝇媒介可能"", ""需与PRRSV、IAV-S、PCV2等呼吸道/皮肤病变病原鉴别""], ""risk_flags"": [""潜在人畜共患病误判风险（实际非人兽共患）"", ""易在潮湿环境中扩散""], ""case_type"": ""保育猪群体发病"", ""target_disease"": ""猪痘"", ""local_flags"": {""species_ok"": true, ""target_disease_in_diagnosis"": true, ""target_disease_mismatch"": false, ""contains_specific_dose"": false, ""contains_specific_withdrawal"": false, ""regulated_bad_treatment"": false}}",False,False,,,True,False,False,D:\XF-ChongQin\ai-\knowledge\llm_wiki_swine_authoritative,1465,887,"猪痘
猪痘、swinepox virus
保育猪群体发病
群体发病、采食下降、粪便或呼吸道异常，用户想知道主要病因和下一步处理。","{""HUMAN_REVIEWED"": 5}","[""SRC-0006"", ""SRC-0026"", ""SRC-0036"", ""SRC-0042"", ""SRC-0043"", ""SRC-0044"", ""SRC-0049"", ""SRC-0051""]",2128,33.49,ERNIE-4.5-Turbo-32K,88,28,18,23,20,False,True,"整体回答质量较高，诊断准确性、病理逻辑、处方安全性和数据质量均表现良好，无明显致命风险。诊断过程合理，鉴别诊断考虑全面，处理方向安全有效，符合猪痘的疾病特征和治疗原则。
问题：诊断准确性方面，虽然描述了典型症状和鉴别诊断，但未明确提及猪痘的特异性诊断方法（如PCR检测），略显不足。；病理逻辑方面，对猪痘的传播途径和发病机制的描述较为简略，可进一步细化。；处方安全性方面，虽然提出了支持疗法和控制继发感染的措施，但未具体说明抗生素的选择和使用剂量，存在一定模糊性。；数据质量方面，风险标志中提到的“潜在人畜共患病误判风险”与实际情况不符（猪痘非人兽共患病），需修正。",hunyuan-turbos-20250926,85,4,4,5,3,False,False,"该回答在诊断思路、处理措施和安全提示上总体合理，能够结合临床症状、年龄与环境推测猪痘，并提出支持治疗、环境改善、隔离与送检等正确方向，且强调了重大疫病上报机制，未出现危险用药建议。但存在部分细节不足，例如未明确指出猪痘的特异性检测方法（如PCR）作为确诊依据，传播途径与发病机制描述较笼统，以及风险标注中错误地将猪痘列为潜在人兽共患病。
问题：未明确列出猪痘的特异性实验室确诊方法（如PCR检测）。；对猪痘传播途径与发病机制的解释不够详细。；风险标注中将猪痘误标为人兽共患病，与实际不符。",True,ERNIE-4.5-Turbo-32K,True,pass,整体回答质量较高，诊断准确性、病理逻辑、处方安全性和数据质量均表现良好，无明显致命风险。诊断过程合理，鉴别诊断考虑全面，处理方向安全有效，符合猪痘的疾病特征和治疗原则。虽然存在部分细节不足，如未明确提及猪痘的特异性诊断方法（如PCR检测），传播途径和发病机制描述较简略，以及风险标注中将猪痘误标为人兽共患病，但不影响整体判断，可通过后续优化完善。,86.0,28,18,23,20,pass,23.28,58.21,
6f25ca6f-503a-5563-b78d-96386796fd53,152,猪繁殖与呼吸综合征,swine_hunyuan_turbos,hunyuan-turbos-20250926,成功,,猪,我家有200多头90公斤左右的育肥猪，最近一周陆续出现咳嗽、喘气、体温升高的情况，用了替米考星和多西环素后部分好转，但还有不少继续发病。想问问这种情况该采哪些样送检测？会不会是蓝耳病混着别的病原？,根据描述，育肥猪群出现持续性呼吸道症状且抗生素治疗反应不一，提示可能存在猪繁殖与呼吸综合征病毒（PRRSV）感染，并可能与其他呼吸道病原体（如猪流感病毒、支原体、胸膜肺炎放线杆菌等）形成混合感染。建议进行实验室检测确认病原谱。,立即采集鼻拭子、肺组织及血液样本送实验室检测PRRSV及其他常见呼吸道病原；加强通风与温湿度管理，减少应激；对全群实施生物安全措施，防止交叉感染；禁止随意使用未经验证的疫苗或抗生素；若确诊PRRSV阳性，应按当地防疫部门要求进行报告和防控，不可自行替代为普通治疗。,无具体休药期说明，需依据检测结果及所用药物种类由专业兽医确定。,"{""disease_name"": ""猪繁殖与呼吸综合征"", ""severity"": ""中等至严重（视混合感染情况而定）"", ""scene_tags"": [""育肥猪"", ""呼吸道症状"", ""混合感染"", ""采样送检""], ""validation_points"": [""症状符合PRRSV特征且与多种呼吸道病原混合感染相符"", ""采样方案涵盖鼻拭子、肺组织和血液，满足鉴别诊断需求""], ""risk_flags"": [""疑似二类动物疫病"", ""需按法规上报与防控""], ""case_type"": ""呼吸道采样送检"", ""target_disease"": ""猪繁殖与呼吸综合征"", ""local_flags"": {""species_ok"": true, ""target_disease_in_diagnosis"": true, ""target_disease_mismatch"": false, ""contains_specific_dose"": false, ""contains_specific_withdrawal"": false, ""regulated_bad_treatment"": false}}",False,False,,,True,False,False,D:\XF-ChongQin\ai-\knowledge\llm_wiki_swine_authoritative,1465,887,"猪繁殖与呼吸综合征
猪繁殖与呼吸综合征、porcine reproductive and respiratory syndrome viruses、PRRS、蓝耳病
呼吸道采样送检
呼吸道症状持续，用药效果不稳定，用户询问采什么样品和如何鉴别混合感染。","{""HUMAN_REVIEWED"": 2, ""NEEDS_REVIEW"": 2}","[""A0-MOA-573"", ""SRC-0001"", ""SRC-0026"", ""SRC-0049""]",2221,30.96,ERNIE-4.5-Turbo-32K,88,28,18,23,20,False,True,"该回答整体上对猪繁殖与呼吸综合征的诊断、采样建议及防控措施较为准确，符合疾病特征和实际场景需求，无明显致命风险。
问题：diagnosis_accuracy: 诊断准确性方面，虽然识别出PRRSV感染可能性，但对混合感染病原的鉴别诊断依据稍显不足，未详细说明如何通过症状区分不同病原。；pathology_logic: 病理逻辑方面，对混合感染的逻辑推导稍显简单，未充分阐述不同病原间的相互作用及对症状的影响。；prescription_safety: 处方安全方面，未提供具体休药期说明，虽指出需依据检测结果及所用药物种类由专业兽医确定，但仍显不足。；data_quality: 数据质量方面，症状描述与疾病匹配度较高，但缺乏对猪群整体健康状况的详细评估，如死亡率、采食量变化等。",hunyuan-turbos-20250926,85,8,7.5,8,8,False,False,"回答能够结合用户提供的症状识别猪繁殖与呼吸综合征（PRRS）的可能性，并提出合理的采样与检测建议，同时强调生物安全和依法报告的重要性，符合真实养殖场景。处方中未给出具体药物剂量或休药期，避免了直接用药风险，但缺乏更详细的病原鉴别思路与群体健康背景信息。
问题：对混合感染的鉴别诊断依据不够充分，未明确如何区分不同呼吸道病原的症状差异。；病理机制解释较简略，未深入说明多病原协同作用对临床表现的影响。；缺少对猪群整体健康指标（如死亡率、采食量下降幅度）的描述，影响风险评估精度。",True,ERNIE-4.5-Turbo-32K,mostly,pass,回答整体上对猪繁殖与呼吸综合征的诊断、采样建议及防控措施较为准确，符合疾病特征和实际场景需求。虽然对混合感染病原的鉴别诊断依据稍显不足，病理逻辑推导较简单，且未提供具体休药期说明，但这些不足不影响整体方向的安全性，且回答中强调了生物安全和依法报告的重要性，避免了直接用药风险。,86.0,28,18,23,20,pass,21.56,15.61,
da28408f-4ae8-50b0-9fbe-4de23367eaaa,257,猪细小病毒病,swine_hunyuan_turbos,hunyuan-turbos-20250926,成功,,猪,我这边是300头基础母猪的种猪场，最近两个月陆续有怀孕80多天的母猪流产，有的产下木乃伊胎，还有几头返情率明显升高。部分公猪精液活力下降，采精量也减少。之前用过一些抗生素防过蓝耳，但效果不明显。想问是不是传染病？还能不能继续配种？,根据描述，怀孕中期流产、木乃伊胎及返情增多，结合公猪精液质量下降，高度怀疑猪细小病毒病（PPV1）引起的繁殖障碍。该病可通过垂直传播感染胚胎，导致胚胎死亡、吸收或形成木乃伊胎，也可影响公猪精子活力和数量。需排除其他繁殖障碍病因如伪狂犬、乙脑、布病等。,treatment_direction: 目前无特效抗病毒药物，重点在于控制传染源、阻断传播链。对发病母猪进行隔离观察，暂停配种计划直至疫情查明。；management_measures: 加强生物安全，严格人员、车辆、器具消毒；淘汰持续不孕或反复流产的个体；后备母猪在配种前通过血清学检测确认抗体水平；公猪精液采集前后严格消毒，必要时更换使用。；sampling_testing: 采集流产胎儿组织、胎盘、血液样本送实验室PCR检测PPV1及其他常见繁殖障碍病原（如PRRSV、伪狂犬病毒、乙脑病毒、布氏杆菌），同时做血清学检测评估群体免疫状况。；prohibited_boundaries: 严禁将可疑病畜及其后代外调销售；禁止与健康猪群混养；在未明确病原前不得使用未经批准的疫苗或药物。,本病为病毒性繁殖障碍，无特定休药期概念，但需在病原清除、群体稳定后方可恢复正常配种和销售。,"{""disease_name"": ""猪细小病毒病"", ""severity"": ""中等偏重"", ""scene_tags"": [""种猪场"", ""繁殖障碍"", ""流产"", ""木乃伊胎"", ""返情"", ""公猪精液异常""], ""validation_points"": [""怀孕中期流产与木乃伊胎符合PPV1特征"", ""公猪精液质量下降可伴随PPV1感染"", ""抗生素治疗无效提示非细菌性病因""], ""risk_flags"": [""潜在传染性"", ""影响繁殖性能"", ""需实验室确诊""], ""case_type"": ""种猪繁殖障碍"", ""target_disease"": ""猪细小病毒病"", ""local_flags"": {""species_ok"": true, ""target_disease_in_diagnosis"": true, ""target_disease_mismatch"": false, ""contains_specific_dose"": false, ""contains_specific_withdrawal"": false, ""regulated_bad_treatment"": false}}",False,False,,,True,False,False,D:\XF-ChongQin\ai-\knowledge\llm_wiki_swine_authoritative,1465,887,"猪细小病毒病
猪细小病毒病、parvoviruses
种猪繁殖障碍
种猪场出现流产、死胎、返情或公猪异常，用户担心传染病和是否继续配种。","{""HUMAN_REVIEWED"": 3, ""NEEDS_REVIEW"": 2}","[""A0-MOA-573"", ""SRC-0001"", ""SRC-0045""]",2087,27.01,ERNIE-4.5-Turbo-32K,88,28,18,23,20,False,True,"该回答在诊断准确性、病理逻辑、处方安全性和数据质量方面表现良好，整体符合猪细小病毒病的测试数据要求，无致命风险，通过评估。
问题：诊断准确性方面，虽然高度怀疑猪细小病毒病，但未充分排除其他繁殖障碍病因如伪狂犬、乙脑、布病等，仅在诊断描述中提及需排除，未在具体诊断流程中体现。；病理逻辑方面，对猪细小病毒病的传播途径和病理机制的阐述不够深入，如垂直传播的具体过程和影响。；数据质量方面，场景标签和验证点较为全面，但风险标志中缺少对生物安全措施重要性的强调。；处方安全性方面，整体措施合理，但未明确提及对健康猪群的监测和预防措施。",hunyuan-turbos-20250926,85,8.5,8.0,9.0,8.5,False,False,该数据场景真实，用户描述的临床症状与猪细小病毒病高度吻合，诊断方向正确且考虑了鉴别诊断。处方方案注重生物安全和病原排查，无明显危险建议，并强调了检疫与隔离等安全边界。不足之处在于诊断过程对鉴别诊断的体现不足，病理机制解释较浅，健康猪群监测措施未明确。,True,ERNIE-4.5-Turbo-32K,True,pass,该回答在诊断准确性、病理逻辑、处方安全性和数据质量方面表现良好，诊断方向正确且考虑了鉴别诊断，处方方案注重生物安全和病原排查，无明显危险建议。尽管存在诊断过程对鉴别诊断的体现不足、病理机制解释较浅、健康猪群监测措施未明确等轻微不足，但整体符合猪细小病毒病的测试数据要求，无致命风险，通过评估。,86.0,28,18,23,20,pass,17.26,22.39,
526c8382-86df-5352-8b20-9a28ed164a25,211,猪肾虫病,swine_hunyuan_turbos,hunyuan-turbos-20250926,成功,,猪,我家有120头60公斤左右的育肥猪，最近半个月陆续有猪拉稀、毛色发暗、掉膘明显，个别猪皮肤抓挠起痂，粪便里偶尔能看到白色条状物。之前用过一次伊维菌素拌料驱虫，但效果不明显，现在担心是不是肾虫之类的问题？,根据描述的症状（慢性腹泻、消瘦、皮肤抓痒、粪便中有白色条状物体），结合育肥猪阶段及既往驱虫效果不佳的情况，高度怀疑为猪肾虫病（Stephanurus dentatus）。该病由肾虫寄生引起，幼虫在肝脏移行可形成milk spots，成虫寄生于肾周囊并可通过输尿管排出虫卵，导致消化障碍、营养不良及继发皮肤问题。,treatment_direction: 针对肾虫感染，可选用对肾虫有效的广谱驱虫药（如芬苯达唑类、阿苯达唑类等），按说明使用，注意轮换不同作用机制的药物以减少耐药风险。；management_measures: 加强圈舍卫生管理，及时清理粪尿，减少潮湿环境；定期更换垫料，防止虫卵污染饲料饮水；分群饲养，减少交叉感染机会。；sampling_and_testing: 采集新鲜粪便进行虫卵镜检，必要时剖检病死猪观察肾脏周围囊肿及肝脏milk spots情况，以确诊。；contraindications_and_boundaries: 严禁将疑似病例与健康猪混养；若发现大量死亡或严重肝肾损伤，应联系当地动物防疫部门进行进一步检测和防控，不可自行随意处置。,因涉及驱虫药使用，应按所用药物说明书规定的休药期执行，确保猪肉安全上市。,"{""disease_name"": ""猪肾虫病"", ""severity"": ""中等偏重"", ""scene_tags"": [""育肥猪"", ""群体发病"", ""慢性腹泻"", ""消瘦"", ""皮肤瘙痒""], ""validation_points"": [""症状符合肾虫感染特征（腹泻、消瘦、皮肤抓痒）"", ""粪便中见白色条状物提示可能有虫体排出"", ""既往驱虫无效提示可能存在耐药或药物选择不当""], ""risk_flags"": [""可能耐药"", ""存在环境污染风险"", ""需排除其他寄生虫混合感染""], ""case_type"": ""寄生虫群体发病"", ""target_disease"": ""猪肾虫病"", ""local_flags"": {""species_ok"": true, ""target_disease_in_diagnosis"": true, ""target_disease_mismatch"": false, ""contains_specific_dose"": false, ""contains_specific_withdrawal"": false, ""regulated_bad_treatment"": false}}",False,False,,,True,False,False,D:\XF-ChongQin\ai-\knowledge\llm_wiki_swine_authoritative,1465,887,"猪肾虫病
猪肾虫病、stephanurus dentatus kidney worm
寄生虫群体发病
猪群出现腹泻、消瘦、皮肤瘙痒或生长慢，用户怀疑寄生虫。","{""HUMAN_REVIEWED"": 2, ""NEEDS_REVIEW"": 2}","[""SRC-0001"", ""SRC-0082""]",2221,29.07,ERNIE-4.5-Turbo-32K,88,28,18,23,20,False,True,"该回答整体表现良好，诊断准确性较高，症状与疾病匹配合理，诊断逻辑清晰，处方安全且与疾病相互印证，数据质量较高。
问题：diagnosis_accuracy: 诊断准确性方面，虽然整体判断正确，但未完全覆盖所有症状与疾病的关联性，如未详细解释粪便中白色条状物与肾虫病的直接联系。；pathology_logic: 病理逻辑方面，对肾虫病的病理过程描述较为简略，未充分阐述幼虫移行和成虫寄生对猪体的具体影响。；data_quality: 数据质量方面，虽然提供了丰富的场景标签和验证点，但对风险标志的描述略显笼统，未具体说明耐药性和环境污染风险的可能来源。",hunyuan-turbos-20250926,85,4,3.5,4.5,4,False,False,该数据整体真实可信，用户描述的育肥猪慢性腹泻、消瘦、皮肤瘙痒、粪便中白色条状物等症状与猪肾虫病典型表现相符，诊断方向准确且考虑了既往驱虫无效的因素。处方建议涵盖驱虫方案、管理措施、采样检测和安全边界，无明显危险建议，符合安全规范。不足之处在于部分病理机制解释不够深入，对粪便中白色条状物与肾虫病的关联缺乏明确说明，以及风险描述稍显笼统。,True,ERNIE-4.5-Turbo-32K,True,pass,该回答整体表现良好，诊断准确性较高，症状与疾病匹配合理，诊断逻辑清晰，处方安全且与疾病相互印证。虽然存在部分病理机制解释不够深入、对粪便中白色条状物与肾虫病的关联缺乏明确说明以及风险描述稍显笼统等轻微不足，但不影响整体数据质量，可判pass。,86.0,28,18,23,20,pass,19.75,15.05,
0f75452d-4cb6-5088-9f79-76bd70297483,204,猪虱病,swine_hunyuan_turbos,hunyuan-turbos-20250926,成功,,猪,我家有120头育肥猪，平均体重60公斤左右，最近发现部分猪背脊和耳根处掉毛明显，还伴有抓挠和蹭墙行为，已经持续一周多。圈舍是水泥地面，通风一般，之前没做过体外驱虫。请问这种情况是不是猪虱？要不要整群都处理？环境要怎么清？多久复查一次合适？,根据描述，猪出现局部脱毛、频繁抓挠及蹭墙，提示可能存在体外寄生虫感染。猪虱病的确诊需在体表毛发上找到活的虱或附着牢固的虫卵，单纯瘙痒或皮肤损伤不能确诊。建议对可疑个体进行细致检查，必要时采集皮屑或拔取毛发镜检。,治疗方向: 如经检查确认为猪虱，可采用经批准的体外驱虫剂按说明使用，重点涂抹或喷洒在背部、耳后、颈部等易寄生部位。；管理措施: 全群同步处理以减少交叉感染；加强圈舍清扫，清除粪污和垫料，保持干燥通风；定期更换或清洗用具，防止虫卵残留。；采样送检: 对典型病例拔取病变部位毛发，置于透明胶带或载玻片上，送兽医实验室镜检确认虱或虫卵。；禁忌边界: 严禁使用未经许可的药物或超范围用药；若怀疑为其他严重传染病（如非洲猪瘟），应立即隔离并报告当地动物防疫部门，不得自行处理。,具体休药期和停药时间须参照所用驱虫产品说明书及国家相关规定执行，使用前务必咨询执业兽医。,"{""disease_name"": ""猪虱病"", ""severity"": ""中等"", ""scene_tags"": [""育肥猪"", ""体外寄生虫"", ""瘙痒"", ""环境管理""], ""validation_points"": [""诊断需找到虱或虫卵"", ""全群处理可减少再感染"", ""环境清洁是防控关键""], ""risk_flags"": [""疑似重大疫病需排除"", ""禁止随意用药""], ""case_type"": ""驱虫和环境管理"", ""target_disease"": ""猪虱病"", ""local_flags"": {""species_ok"": true, ""target_disease_in_diagnosis"": true, ""target_disease_mismatch"": false, ""contains_specific_dose"": false, ""contains_specific_withdrawal"": false, ""regulated_bad_treatment"": false}}",False,False,,,True,False,False,D:\XF-ChongQin\ai-\knowledge\llm_wiki_swine_authoritative,1465,887,"猪虱病
猪虱病、external parasites lice
驱虫和环境管理
用户询问是否需要全群处理、环境清理和复查方式。","{""HUMAN_REVIEWED"": 3, ""NEEDS_REVIEW"": 2}","[""SRC-0001"", ""SRC-0013"", ""SRC-0072"", ""SRC-0080"", ""SRC-0082""]",2028,28.57,ERNIE-4.5-Turbo-32K,88,28,18,23,20,False,True,"整体回答符合猪虱病的诊断、治疗及管理要求，诊断逻辑合理，治疗方向安全，管理措施全面，数据质量较高，无明显致命风险。
问题：诊断部分未直接确认猪虱病，仅提示可能存在体外寄生虫感染，需进一步检查确认，诊断准确性扣2分。；病理逻辑部分对猪虱病的典型症状和传播途径描述不够详细，扣2分。；数据质量部分对用户场景的描述和疾病特征的匹配度较高，但缺乏对猪虱病流行病学特点的简要说明，扣5分。",hunyuan-turbos-20250926,85,8,8,10,7.5,False,False,"回答结构完整，诊断思路清晰，明确需要镜检确认，避免仅凭症状下结论，体现了专业谨慎性。治疗方案与管理措施符合猪虱病防控原则，包含全群处理、环境清洁及安全用药提醒，无危险建议。不足之处在于诊断部分未直接确认猪虱病，病理机制描述略简略，且缺少对猪虱病流行特点或易感条件的简要说明，影响信息完整性。
问题：诊断部分未直接确认猪虱病，仅提示可能，缺乏明确指向性。；病理逻辑中对猪虱病传播方式、生活史及典型特征描述不足。；未提及猪虱病在育肥猪中的常见发生条件或季节性因素。",True,ERNIE-4.5-Turbo-32K,True,pass,整体回答符合猪虱病的诊断、治疗及管理要求，诊断逻辑合理，强调镜检确认避免仅凭症状下结论，体现了专业谨慎性。治疗方案与管理措施符合猪虱病防控原则，包含全群处理、环境清洁及安全用药提醒，无危险建议。尽管诊断部分未直接确认猪虱病，病理机制描述略简略，且缺少对猪虱病流行特点或易感条件的简要说明，但不影响整体方向和安全性，属于轻微不足。,86.0,28,18,23,20,pass,18.13,127.99,
f92bbf64-2fea-5ebf-9093-4b657fe5ec26,125,猪钩端螺旋体病,swine_hunyuan_turbos,hunyuan-turbos-20250926,成功,,猪,我这边是300头基础母猪的种猪场，最近半个月陆续有怀孕90多天的母猪流产，还有几头产下死胎，个别公猪精神差、精液质量下降。之前没用过什么特别的药物，场内通风一般，饮水井水共用。想问是不是传染病？还能继续配种吗？会不会影响人？,根据描述，怀孕中后期母猪流产、死胎及公猪精液质量下降，结合饲养环境和群体规模，高度怀疑猪钩端螺旋体病。该病可引起繁殖障碍，尤其在妊娠母猪中表现明显，同时可能通过接触污染水源或分泌物传播。部分病例可无明显全身症状，但会导致繁殖性能下降。此外，本病在特定地区具有职业性人兽共患风险，需关注人员防护。,treatment_direction: 立即暂停场内配种计划，对全场猪只进行健康排查，重点采集流产胎儿、胎盘、血液及公猪精液送实验室检测，明确病原。；management_measures: 加强圈舍清洁消毒，防止污水外溢和交叉污染；改善通风条件，减少应激；限制人员随意进出，工作人员佩戴手套、口罩等防护用品。；sampling_and_testing: 采集流产胎儿组织、胎盘、血清及公猪精液样本，送具备资质的兽医实验室进行钩端螺旋体PCR或血清学检测。；prohibited_boundaries: 在未确诊前禁止将场内猪只外调或引入新猪；严禁私自使用未经批准的抗生素或人用药物；发现疑似疫情应立即向当地畜牧兽医部门报告，不得擅自处理。,因未确定病原及用药方案，暂无法给出确切休药期，需依据检测结果和兽医指导执行。,"{""disease_name"": ""猪钩端螺旋体病"", ""severity"": ""中等至严重（可导致繁殖损失并具人兽共患风险）"", ""scene_tags"": [""种猪场"", ""繁殖障碍"", ""流产"", ""死胎"", ""公猪精液异常""], ""validation_points"": [""妊娠母猪流产与死胎符合钩端螺旋体病的繁殖障碍特征"", ""公猪精液质量下降提示全身性感染可能"", ""环境管理不佳增加病原体传播风险""], ""risk_flags"": [""职业性人兽共患风险"", ""需及时送检确认病原"", ""重大动物疫病防控边界""], ""case_type"": ""种猪繁殖障碍"", ""target_disease"": ""猪钩端螺旋体病"", ""local_flags"": {""species_ok"": true, ""target_disease_in_diagnosis"": true, ""target_disease_mismatch"": false, ""contains_specific_dose"": false, ""contains_specific_withdrawal"": false, ""regulated_bad_treatment"": false}}",False,False,,,True,False,False,D:\XF-ChongQin\ai-\knowledge\llm_wiki_swine_authoritative,1465,887,"猪钩端螺旋体病
猪钩端螺旋体病、leptospirosis
种猪繁殖障碍
种猪场出现流产、死胎、返情或公猪异常，用户担心传染病和是否继续配种。","{""HUMAN_REVIEWED"": 2, ""NEEDS_REVIEW"": 2}","[""SRC-0001"", ""SRC-0067""]",2220,32.64,ERNIE-4.5-Turbo-32K,88,28,18,24,18,False,True,"整体回答质量较高，诊断准确性、病理逻辑、处方安全性和数据质量均表现良好，无明显致命风险，符合通过标准。
问题：诊断准确性方面，虽然高度怀疑猪钩端螺旋体病，但未完全排除其他可能引起繁殖障碍的疾病，如猪繁殖与呼吸综合征（PRRS）或猪细小病毒病（PPV），可进一步补充鉴别诊断依据。；病理逻辑方面，对公猪精液质量下降与钩端螺旋体病的关联性解释稍显不足，可增加具体病理机制描述。；数据质量方面，场景标签和验证点覆盖较全面，但风险标志中“重大动物疫病防控边界”表述较模糊，建议明确具体防控措施或依据。；处方安全性方面，整体措施合理，但“暂无法给出确切休药期”可能引发用户疑虑，建议补充“需依据检测结果和兽医指导执行”的说明。",hunyuan-turbos-20250926,85,8.5,8.0,9.0,8.5,False,False,"该回答在诊断思路上较为准确，能够结合临床症状、环境与流行病学特征提出高度怀疑猪钩端螺旋体病，并提示人兽共患风险。管理建议和采样检测流程完整且安全，包含必要的生物安全措施和上报要求，无危险用药建议。不足之处在于鉴别诊断不够充分，对公猪精液质量下降的机制解释略简略，以及重大疫病防控边界表述不够具体。总体符合有效数据标准。
问题：未充分列出可能导致类似繁殖障碍的其他常见疾病（如PRRS、PPV）以作鉴别。；对公猪精液质量下降与钩端螺旋体病之间的病理联系说明不足。；重大疫病防控边界描述偏笼统，缺乏更具体的操作指引。",True,ERNIE-4.5-Turbo-32K,True,pass,回答整体质量较高，诊断准确性、病理逻辑、处方安全性和数据质量均表现良好。诊断能够结合临床症状、环境与流行病学特征提出高度怀疑猪钩端螺旋体病，并提示人兽共患风险。管理建议和采样检测流程完整且安全，包含必要的生物安全措施和上报要求，无危险用药建议。虽然存在鉴别诊断不够充分、对公猪精液质量下降的机制解释略简略、重大疫病防控边界表述不够具体等轻微不足，但不影响整体方向，可参考性较强。,86.0,28,18,24,18,pass,22.74,20.28,
000229eb-3f0a-55ab-9d1d-2dd4869ffa04,281,猪鞭虫病,swine_hunyuan_turbos,hunyuan-turbos-20250926,成功,,猪,我家有120头60日龄左右的保育猪，最近半个月陆续出现拉稀、粪便带黏液、个别猪毛色发暗、长得慢，还有几头皮肤抓挠结痂。圈舍地面潮湿，之前没做过驱虫，想问问是不是寄生虫引起的？,根据描述，考虑为猪鞭虫病可能性较大。该病由Trichuris suis寄生在盲肠和结肠引起，重度感染可致结肠炎、腹泻、消瘦及继发皮肤问题。结合年龄、饲养环境和症状，符合该病的流行病学特征。,treatment_direction: 采用广谱驱虫药物进行群体驱虫，重点针对肠道线虫类寄生虫。；management_measures: 改善圈舍卫生条件，保持干燥通风，减少粪口传播机会；及时清理粪便并堆积发酵；分群管理，防止交叉感染。；sampling_and_testing: 采集新鲜粪便做漂浮法检查虫卵，必要时剖检取盲肠内容物查找成虫，以确诊虫种和感染强度。；contraindications_and_boundaries: 对疑似重大动物疫病如非洲猪瘟等，不得以驱虫代替隔离、检测和上报；驱虫期间注意药物使用安全，避免与其他药物冲突。,按所用驱虫药说明执行相应停药期，确保上市前药物残留达标。,"{""disease_name"": ""猪鞭虫病"", ""severity"": ""中等"", ""scene_tags"": [""保育猪"", ""腹泻"", ""消瘦"", ""皮肤抓挠""], ""validation_points"": [""年龄与易感性匹配"", ""症状与鞭虫致病机制一致"", ""环境与传播途径吻合""], ""risk_flags"": [""潜在人畜共患病风险较低，但需规范处置粪便以防环境污染""], ""case_type"": ""寄生虫群体发病"", ""target_disease"": ""猪鞭虫病"", ""local_flags"": {""species_ok"": true, ""target_disease_in_diagnosis"": true, ""target_disease_mismatch"": false, ""contains_specific_dose"": false, ""contains_specific_withdrawal"": false, ""regulated_bad_treatment"": false}}",False,False,,,True,False,False,D:\XF-ChongQin\ai-\knowledge\llm_wiki_swine_authoritative,1465,887,"猪鞭虫病
猪鞭虫病、trichuris suis internal parasites
寄生虫群体发病
猪群出现腹泻、消瘦、皮肤瘙痒或生长慢，用户怀疑寄生虫。","{""HUMAN_REVIEWED"": 2, ""NEEDS_REVIEW"": 2}","[""SRC-0001"", ""SRC-0082""]",2221,26.64,ERNIE-4.5-Turbo-32K,88,28,18,24,18,False,True,"该测试数据整体质量较高，诊断准确性、病理逻辑、处方安全性和数据质量均表现良好，无明显致命风险，符合通过标准。
问题：诊断准确性方面，虽然症状与猪鞭虫病高度吻合，但未明确排除其他类似疾病（如猪球虫病、猪蛔虫病等），诊断依据略显单一。；病理逻辑方面，对皮肤瘙痒或结痂与猪鞭虫病的直接关联解释不够充分，可能引发对诊断逻辑完整性的质疑。；数据质量方面，场景标签和验证点虽全面，但风险标志中仅提及‘潜在人畜共患病风险较低’，未充分强调粪便规范处置的重要性，可能影响用户对风险防控的重视。",hunyuan-turbos-20250926,85,4,3.5,4.5,4,False,False,"该数据整体真实可信，症状与猪鞭虫病高度吻合，诊断思路合理，处理方案涵盖驱虫、环境管理和检测，且包含安全边界提示，无危险用药建议。但在鉴别诊断上可更完善，对皮肤症状的关联性解释不足，且对粪便生物安全风险提醒不够突出。
问题：未明确排除其他可能引起相似症状的寄生虫病（如球虫、蛔虫）；对皮肤抓挠结痂与鞭虫病的直接关系解释不充分；风险提示中对粪便处理和生物安全的强调不足",True,ERNIE-4.5-Turbo-32K,True,pass,该测试数据整体质量较高，诊断与猪鞭虫病高度吻合，处理方案涵盖驱虫、环境管理和检测，且包含安全边界提示，无危险用药建议。尽管在鉴别诊断上可更完善，对皮肤症状的关联性解释不足，且对粪便生物安全风险提醒不够突出，但不影响整体方向和安全性，可通过。,86.0,28,18,24,18,pass,19.05,13.43,
b87ecfed-dfbb-5e5b-8062-c8c534de14e3,62,猪鞭虫病,swine_hunyuan_turbos,hunyuan-turbos-20250926,成功,,猪,我家有120头育肥猪，平均体重在50公斤左右，最近几天有几头出现拉稀，粪便带点血丝，精神还行，采食量稍微下降。圈舍是水泥地面，通风一般，之前没做过驱虫。想问下这种情况是不是要全群打药？圈里要不要彻底清粪消毒？多久后再检查比较合适？,根据描述，粪便带血丝且为散发性，结合育肥猪阶段及圈舍条件，应考虑猪鞭虫病的可能。该病由Trichuris suis引起，主要寄生于盲肠和结肠，重度感染可引起结肠炎和血便。若能在粪便中发现典型虫卵或成虫，有助于确诊，但低虫荷时病变可能较轻，需要结合临床表现判断。,treatment_direction: 针对疑似猪鞭虫病，可在兽医指导下选择对Trichuris有效的驱虫药进行个体或群体投喂，同时关注用药安全与禁忌。；management_measures: 加强圈舍清洁，及时清除粪便并做无害化处理，减少虫卵在环境中的存活机会；保持良好通风，降低潮湿程度；分群饲养以减少交叉感染风险。；sampling_and_testing: 采集新鲜粪便样本送实验室镜检寻找典型虫卵，必要时剖检可疑病例查找成虫；治疗后间隔一定时间复查粪便虫卵情况。；prohibited_boundaries: 严禁使用未经批准的驱虫药或超范围用药；禁止将疑似严重感染的猪与健康猪直接混养；不得随意丢弃含虫卵的粪便以免污染环境。,因涉及具体药物品种与剂量，应由执业兽医依据所用药品说明书确定停药期和出栏安排。,"{""disease_name"": ""猪鞭虫病"", ""severity"": ""中等（重度感染可致结肠炎、血便）"", ""scene_tags"": [""育肥猪"", ""水泥地面"", ""轻度腹泻"", ""血便"", ""未驱虫史""], ""validation_points"": [""症状符合Trichuris suis感染特征（结肠炎、血便）"", ""圈舍环境利于虫卵存活和传播"", ""建议通过粪便镜检确认诊断""], ""risk_flags"": [""潜在群体感染风险"", ""环境管理不当可延长流行""], ""case_type"": ""驱虫和环境管理"", ""target_disease"": ""猪鞭虫病"", ""local_flags"": {""species_ok"": true, ""target_disease_in_diagnosis"": true, ""target_disease_mismatch"": false, ""contains_specific_dose"": false, ""contains_specific_withdrawal"": false, ""regulated_bad_treatment"": false}}",False,False,,,True,False,False,D:\XF-ChongQin\ai-\knowledge\llm_wiki_swine_authoritative,1465,887,"猪鞭虫病
猪鞭虫病、trichuris suis internal parasites
驱虫和环境管理
用户询问是否需要全群处理、环境清理和复查方式。","{""HUMAN_REVIEWED"": 3, ""NEEDS_REVIEW"": 2}","[""SRC-0001"", ""SRC-0026"", ""SRC-0082""]",2120,26.77,ERNIE-4.5-Turbo-32K,88,28,18,23,20,False,True,"该回答整体上对猪鞭虫病的诊断、处理方向及环境管理措施进行了较为合理的阐述，诊断依据充分，处理方向安全，环境管理措施得当，数据质量较高，无明显致命风险。
问题：diagnosis_accuracy: 诊断准确性方面，虽然考虑了猪鞭虫病的可能性，但未完全排除其他可能导致血便的疾病，如猪痢疾等，诊断依据可进一步丰富。；pathology_logic: 病理逻辑方面，对猪鞭虫病的病理过程描述较为简略，可进一步阐述虫体寄生部位、致病机制等，以增强逻辑性。；data_quality: 数据质量方面，虽然提供了较为详细的场景标签和验证点，但风险标志的描述可更加具体，如明确环境管理不当的具体表现及后果。",hunyuan-turbos-20250926,85,8,7.5,9,8.5,False,False,该数据整体真实可信，用户描述的育肥猪血便、精神尚可、采食量下降等症状与猪鞭虫病的临床特征相符，诊断思路合理，处理方案包括驱虫、环境管理和采样检测，符合安全规范，未出现危险用药建议。不足之处在于诊断部分未充分排除其他可能引起血便的疾病（如猪痢疾），病理机制解释较简略，风险提示可更细化。,True,ERNIE-4.5-Turbo-32K,True,pass,该回答对猪鞭虫病的诊断、处理方向及环境管理措施进行了较为合理的阐述，诊断依据基本充分，处理方向安全，环境管理措施得当。尽管在诊断准确性上未完全排除其他可能导致血便的疾病，且病理逻辑描述较为简略，但整体上数据质量较高，无明显致命风险，符合筛选标准。,86.0,28,18,23,20,pass,19.16,16.56,
b8b74659-e57e-5661-84a9-a21183132179,136,猪类圆线虫病,swine_hunyuan_turbos,hunyuan-turbos-20250926,成功,,猪,我这边有200头80公斤左右的育肥猪，还有半个月就要出栏了，这几天陆续有几头拉稀，粪便稀薄带点黏液，精神食欲还行，体温正常，圈舍地面有点潮湿，之前没用过驱虫药。这种情况会不会影响卖猪？能不能用点药控制一下？要不要隔离？,根据描述，结合育肥猪临近出栏、粪便稀薄带黏液、圈舍潮湿等条件，考虑可能为猪类圆线虫病（Strongyloides）。该病在仔猪及育肥前期易发，但在管理不良条件下可延续至后期，引起轻度腹泻。需通过粪便镜检或黏膜刮片查找虫卵或幼虫确诊。,treatment_direction: 使用经批准的广谱驱虫药物进行全群驱虫，优先选择对类圆线虫有效的成分；针对腹泻症状可配合电解质补液防止脱水。；management_measures: 改善圈舍卫生，保持干燥通风，减少粪尿堆积；加强饲料饮水清洁，避免交叉污染。；sampling_and_testing: 采集新鲜粪便样本送实验室镜检找虫卵或幼虫，必要时做黏膜刮片检查以提高检出率。；prohibited_boundaries: 严禁将疑似感染猪与健康猪混养；若检出大量阳性个体且伴有严重腹泻，应暂停出栏并咨询当地畜牧兽医部门意见。,按所用驱虫药标签规定执行，确保停药期满后方可出栏；在未明确停药期前不得销售。,"{""disease_name"": ""猪类圆线虫病"", ""severity"": ""中等"", ""scene_tags"": [""育肥猪"", ""临近出栏"", ""腹泻"", ""圈舍潮湿""], ""validation_points"": [""症状符合类圆线虫引起的轻中度腹泻特征"", ""圈舍潮湿增加传播风险"", ""需实验室确诊以防误诊""], ""risk_flags"": [""临近出栏期用药需关注休药期"", ""存在潜在传染扩散风险""], ""case_type"": ""腹泻出栏边界"", ""target_disease"": ""猪类圆线虫病"", ""local_flags"": {""species_ok"": true, ""target_disease_in_diagnosis"": true, ""target_disease_mismatch"": false, ""contains_specific_dose"": false, ""contains_specific_withdrawal"": false, ""regulated_bad_treatment"": false}}",False,False,,,True,False,False,D:\XF-ChongQin\ai-\knowledge\llm_wiki_swine_authoritative,1465,887,"猪类圆线虫病
猪类圆线虫病、strongyloides internal parasites
腹泻出栏边界
临近出栏猪群出现腹泻，用户关心处理方向、隔离和用药后能否销售。","{""HUMAN_REV"": 1, ""NEEDS_REVIEW"": 4}","[""SRC-0001"", ""SRC-0082""]",2221,30.33,ERNIE-4.5-Turbo-32K,85,27,18,22,18,False,True,"整体回答质量较高，诊断方向合理，处理措施安全，符合猪类圆线虫病的特征及处理要求。诊断准确性较高，病理逻辑基本合理，处方安全且考虑了休药期，数据质量较好，无明显致命风险。
问题：诊断准确性方面，虽然症状描述符合猪类圆线虫病，但未明确提及粪便镜检或黏膜刮片的具体诊断依据，略显不足。；病理逻辑方面，对圈舍潮湿与疾病传播的关系解释不够深入，可进一步细化。；数据质量方面，对症状的描述和疾病特征的匹配度可更高，例如增加对类圆线虫病特有症状的描述。；处方安全方面，虽然提到了电解质补液，但未具体说明补液的种类和用量，可能影响实际操作的准确性。",hunyuan-turbos-20250926,85,90,85,88,85,False,False,回答整体结构完整，诊断思路与用户提供的症状、环境信息相符，处理方案兼顾治疗与安全防控，未出现明显危险建议。但部分细节如诊断依据的明确性、病理机制的解释深度以及补液操作的可操作性仍有提升空间。,True,ERNIE-4.5-Turbo-32K,True,pass,整体回答质量较高，诊断方向合理，处理措施安全，符合猪类圆线虫病的特征及处理要求。尽管存在诊断依据明确性、病理机制解释深度和补液操作可操作性等方面的轻微不足，但不影响整体判断，数据质量较好，无明显致命风险。,85.0,27,18,22,18,pass,18.81,19.09,
28da4b6e-0f13-5bca-b02d-1a2c4c9a0503,195,仔猪梭菌性肠炎,swine_hunyuan_turbos,hunyuan-turbos-20250926,成功,,猪,我家有120头母猪，自繁自养，最近刚出生的一批仔猪（3-7日龄）中有8窝出现拉黄色稀粪的情况，有的带泡沫，个别窝里还有死亡，体温测着正常，吃奶也还行，就是精神差一些。之前没用过什么药，圈舍温度保持在28℃左右，通风一般。想问下这是啥原因？会不会是病毒性还是细菌性或者寄生虫引起的？要不要马上打针？,根据日龄（3-7日龄）、粪便性状（黄色稀粪伴泡沫）、整窝发病及部分死亡情况，结合无高热表现，首先考虑细菌性腹泻可能，如仔猪梭菌性肠炎（Clostridial enteritis），但也需与ETEC、轮状病毒、冠状病毒等病毒性腹泻以及球虫等寄生虫性腹泻鉴别。建议尽快采集新鲜粪便样品送实验室进行病原学检测，同时观察是否伴随其他症状（如呕吐、脱水、便血等）以辅助判断。,立即隔离发病窝位，减少交叉感染；加强保温与通风，保持圈舍干燥清洁；对可疑病例采集新鲜粪便送检，明确病原类型；在未确诊前避免使用广谱抗生素以防掩盖病情；若确诊为梭菌性肠炎，可考虑使用针对厌氧菌的药物并配合支持疗法；严禁随意使用未经许可的人用药品；若为重大动物疫病（如非洲猪瘟等），须立即向当地动物防疫部门报告并按其指导处置。,因未确定具体病原及治疗方案，暂无法给出确切休药期；一旦确诊并用药，应依据所用药物说明书及国家相关规定执行相应休药期，并在出栏前确保符合食品安全标准。,"{""disease_name"": ""仔猪梭菌性肠炎"", ""severity"": ""中等至严重（可导致高死亡率）"", ""scene_tags"": [""新生仔猪"", ""整窝发病"", ""黄色稀粪"", ""低日龄""], ""validation_points"": [""按日龄分层鉴别腹泻病因"", ""考虑病毒性、细菌性、寄生虫性多种可能性"", ""强调采样送检的重要性""], ""risk_flags"": [""潜在重大动物疫病风险"", ""需排除非洲猪瘟等高致死率疾病""], ""case_type"": ""腹泻采样送检"", ""target_disease"": ""仔猪梭菌性肠炎"", ""local_flags"": {""species_ok"": true, ""target_disease_in_diagnosis"": true, ""target_disease_mismatch"": false, ""contains_specific_dose"": false, ""contains_specific_withdrawal"": false, ""regulated_bad_treatment"": false}}",False,False,,,True,False,False,D:\XF-ChongQin\ai-\knowledge\llm_wiki_swine_authoritative,1465,887,"仔猪梭菌性肠炎
仔猪梭菌性肠炎、clostridial diseases
腹泻采样送检
用户描述粪便性状、日龄和病程，重点询问如何鉴别病毒性、细菌性或寄生虫性腹泻。","{""HUMAN_REVIEWED"": 2, ""NEEDS_REVIEW"": 2}","[""RC-DIARRHEA-001"", ""SRC-0001"", ""SRC-0007"", ""SRC-0030"", ""SRC-0052"", ""SRC-0062"", ""SRC-0063"", ""SRC-0064"", ""SRC-0071"", ""SRC-0072"", ""SRC-0073"", ""SRC-0077"", ""SRC-0081""]",2221,110.5,ERNIE-4.5-Turbo-32K,82,27,18,20,17,False,True,"该回答在诊断准确性、病理逻辑、处方安全性和数据质量方面表现良好，整体符合测试数据有效性要求。诊断考虑了多种可能性，并建议采样送检以明确病原，处方中强调了避免使用广谱抗生素和未经许可的人用药品，符合安全原则。数据质量方面，虽然有一些细节可以进一步完善，但整体不影响理解和应用。
问题：诊断准确性方面，虽然考虑了多种可能性，但对仔猪梭菌性肠炎的特异性描述可以更详细一些，以增强诊断的针对性。；病理逻辑方面，对症状与疾病的关联解释可以更深入一些，比如解释为什么黄色稀粪伴泡沫更倾向于细菌性腹泻。；处方安全性方面，虽然提到了避免使用广谱抗生素和未经许可的人用药品，但对针对厌氧菌的药物和支持疗法的具体描述可以更详细一些。；数据质量方面，场景标签和验证点可以更具体一些，比如增加“低日龄仔猪腹泻鉴别诊断”等标签。",hunyuan-turbos-20250926,85,4,4,5,4,False,False,该数据场景真实，用户描述了典型的低日龄仔猪腹泻案例，包括发病时间、症状特征、饲养环境等信息，具备临床参考价值。诊断部分列举了可能的病因，并优先提示梭菌性肠炎的可能性，同时强调病原学检测的重要性，逻辑合理且安全。处方建议隔离、改善环境、送检病原、避免滥用抗生素，并提醒重大疫病上报，符合生物安全和食品安全要求。未出现危险用药建议，也未提供具体剂量或休药期承诺，整体安全可控。不足之处在于对梭菌性肠炎的特异性症状描述不够深入，病理机制解释略显简略，可增强针对性。,True,ERNIE-4.5-Turbo-32K,True,pass,诊断考虑了多种可能性，并优先提示梭菌性肠炎的可能性，同时强调病原学检测的重要性，逻辑合理且安全。处方建议隔离、改善环境、送检病原、避免滥用抗生素，并提醒重大疫病上报，符合生物安全和食品安全要求。虽然对梭菌性肠炎的特异性症状描述、病理机制解释略显简略，处方中对‘针对厌氧菌的药物’与支持疗法的说明过于笼统，但整体不影响理解和应用，数据质量符合测试数据有效性要求。,84.0,27,18,20,17,pass,62.6,17.41,
29474098-96ba-5299-8377-ef4f8551e213,342,仔猪水肿病,swine_hunyuan_turbos,hunyuan-turbos-20250926,成功,,猪,我家有120头35日龄左右的保育猪，最近一周陆续出现拉稀，有的还伴有眼睑、下颌水肿，精神沉郁，走路不稳。前期用了恩诺沙星拌料三天，部分好转，但仍有新发病例。圈舍通风一般，密度偏高。想问下这种情况还能继续用抗生素吗？要不要送样检查？,根据描述，结合保育猪阶段、急性水样腹泻伴神经症状及局部水肿，高度怀疑为仔猪水肿病（由产Stx2e毒素的致病性大肠杆菌引起）。该病常在应激条件下发生，初期抗菌治疗效果有限，且病程长时细菌学培养可呈阴性。,treatment_direction: 停止盲目使用广谱抗菌药物，改为支持疗法为主，包括补充电解质溶液防止脱水，减少应激源，改善饲养密度与通风条件。；management_measures: 立即降低饲养密度，加强圈舍通风与保温，保证饮水清洁，可在饮水中添加适量葡萄糖和维生素C增强抵抗力。；sampling_and_testing: 采集病死猪的肠内容物、肠系膜淋巴结及血液样本送实验室进行细菌分离鉴定及毒素检测，以明确病原并指导后续防控。；prohibited_boundaries: 禁止在未确诊前随意更换或加大抗菌药物用量，避免掩盖病情延误诊断；严禁将可疑病例与健康猪混养。,由于未确定最终病原及所用药物种类，暂无法给出确切休药期建议，需在检测结果出来后依据具体药物说明执行。,"{""disease_name"": ""仔猪水肿病"", ""severity"": ""中等至重度"", ""scene_tags"": [""保育猪"", ""腹泻"", ""神经症状"", ""水肿""], ""validation_points"": [""符合水肿病高发日龄与临床症状"", ""抗菌治疗效果不佳提示非单纯细菌感染"", ""存在明显应激因素（高密度、通风不良）""], ""risk_flags"": [""潜在重要抗菌药耐药风险"", ""病程迁延可能导致继发感染""], ""case_type"": ""腹泻用药咨询"", ""target_disease"": ""仔猪水肿病"", ""local_flags"": {""species_ok"": true, ""target_disease_in_diagnosis"": true, ""target_disease_mismatch"": false, ""contains_specific_dose"": false, ""contains_specific_withdrawal"": false, ""regulated_bad_treatment"": false}}",False,False,,,True,False,False,D:\XF-ChongQin\ai-\knowledge\llm_wiki_swine_authoritative,1465,887,"仔猪水肿病
仔猪水肿病、edema disease e coli
腹泻用药咨询
猪群腹泻后已用过常见抗菌药效果一般，用户询问是否继续用药以及是否需要送检。","{""HUMAN_REVIEWED"": 3, ""NEEDS_REVIEW"": 2}","[""SRC-0001"", ""SRC-0063"", ""SRC-0064"", ""SRC-0079""]",2117,27.16,ERNIE-4.5-Turbo-32K,82,28,18,23,13,False,True,"该回答在诊断准确性、病理逻辑、处方安全性和数据质量方面表现较好，整体符合测试数据有效性要求，无致命风险，最终评估为通过。
问题：诊断准确性方面，虽然高度怀疑仔猪水肿病，但未完全排除其他类似疾病的可能性，诊断依据可进一步增强。；病理逻辑方面，对病程长时细菌学培养可呈阴性的解释不够深入，病理逻辑链条可进一步完善。；数据质量方面，场景标签和验证点较为全面，但风险标志的描述相对简单，可增加更多细节。；处方安全性方面，整体处理方向安全，但未明确提及人兽共患风险（尽管仔猪水肿病非人兽共患病，但一般性考虑可更全面）。",hunyuan-turbos-20250926,85,4,4,5,4,False,False,该数据场景真实，用户描述的保育猪群症状与仔猪水肿病的典型特征相符，诊断合理且考虑了应激因素和病程特点。处方方向正确，强调停用广谱抗生素、支持治疗和环境管理，并建议送检确认病原，避免了滥用药物的风险。整体无明显危险建议，也未涉及重大疫病或人兽共患病，因此无致命风险。,True,ERNIE-4.5-Turbo-32K,True,pass,该回答在诊断准确性、病理逻辑、处方安全性和数据质量方面整体表现较好，诊断合理且考虑了应激因素和病程特点，处方方向正确，强调停用广谱抗生素、支持治疗和环境管理，并建议送检确认病原，避免了滥用药物的风险。尽管存在未充分讨论鉴别诊断、病理机制解释简略、未明确提示生物安全原则等轻微不足，但不影响整体判断，无致命风险，符合测试数据有效性要求。,84.0,28,18,23,13,pass,19.37,19.62,
2f0f9615-6650-5906-a5ed-2ed5db249b95,228,仔猪黄白痢,swine_hunyuan_turbos,hunyuan-turbos-20250926,成功,,猪,我家有200多头90公斤左右的育肥猪，快到出栏了，这几天陆续有几头开始拉稀，粪便偏黄带点白色粘液，精神还行，采食量稍微下降，圈舍温度偏低，前几天刚停喂过抗生素预防药。这种情况还能继续养着卖吗？会不会是传染病？需要怎么处理？,根据描述，该批育肥猪临近出栏时出现黄色带白色粘液的腹泻，结合日龄、环境和停药史，考虑为猪大肠杆菌病（可能为ETEC型）引起的黄白痢，属于细菌性肠道疾病，非法定重大疫病。需排除其他病原如病毒性腹泻等。,立即将腹泻明显的猪只与健康猪分栏隔离，减少交叉感染；加强圈舍保温和通风，保持干燥清洁；提供充足清洁饮水，可在饮水中添加电解质防止脱水；暂停使用任何未经许可的抗菌药物，如需治疗应依据实验室检测结果选用敏感药物并在兽医指导下进行；对病死猪做无害化处理，并对圈舍及周边环境进行消毒；必要时采集新鲜粪便送实验室确诊病原及药敏情况，再决定后续治疗方案。严禁在未明确病原前随意出售或外运。,若经检测确需用药治疗，须严格遵循兽医建议的停药期后方可出栏销售，期间禁止提前上市。,"{""disease_name"": ""仔猪黄白痢"", ""severity"": ""中等"", ""scene_tags"": [""育肥猪"", ""临近出栏"", ""腹泻"", ""低温应激""], ""validation_points"": [""症状符合大肠杆菌性腹泻特征"", ""环境与停药史增加发病风险"", ""非法定重大疫病，无需扑杀""], ""risk_flags"": [""临近出栏期需防控经济损失"", ""存在潜在传播风险需隔离管理"", ""禁止未经检测直接销售""], ""case_type"": ""腹泻出栏边界"", ""target_disease"": ""仔猪黄白痢"", ""local_flags"": {""species_ok"": true, ""target_disease_in_diagnosis"": true, ""target_disease_mismatch"": false, ""contains_specific_dose"": false, ""contains_specific_withdrawal"": false, ""regulated_bad_treatment"": false}}",False,False,,,True,False,False,D:\XF-ChongQin\ai-\knowledge\llm_wiki_swine_authoritative,1465,887,"仔猪黄白痢
仔猪黄白痢、neonatal post weaning colibacillosis、黄白痢、大肠杆菌、仔猪大肠杆菌病
腹泻出栏边界
临近出栏猪群出现腹泻，用户关心处理方向、隔离和用药后能否销售。","{""HUMAN_REVIEWED"": 2, ""NEEDS_REVIEW"": 3}","[""SRC-0001"", ""SRC-0063"", ""SRC-0064""]",2168,87.75,ERNIE-4.5-Turbo-32K,82,27,18,22,15,False,True,"该回答整体符合测试数据有效性要求，诊断准确，处理方向安全，未发现致命风险。诊断考虑了症状、日龄、环境和停药史，符合黄白痢的典型特征。处理建议包括隔离、环境管理、饮水补充电解质、实验室检测和消毒等，安全且与疾病相互印证。
问题：诊断准确性方面，虽然考虑了病毒性腹泻的排除，但未明确说明如何排除，略显不足。；病理逻辑方面，对环境与停药史增加发病风险的解释不够深入。；处方安全性方面，未明确提及具体敏感药物的选择，仅建议依据实验室检测结果选用。；数据质量方面，症状描述与疾病匹配度较高，但场景标签和验证点的详细程度有待提升。",hunyuan-turbos-20250926,85,8,7,9,8,False,False,"该数据场景真实，症状与目标疾病高度匹配，诊断合理且排除了重大疫病风险，处理方案安全、科学，包含必要的隔离、环境改善、补液、送检和消毒措施，并强调在明确病原前不得出售，避免了传播风险。不足之处在于对病毒性腹泻排除方法未作进一步说明，环境与停药史对发病机制的关联分析较浅，以及未给出更具体的敏感药物选择指导。
问题：未详细说明如何排除病毒性腹泻等鉴别诊断方法；环境与停药史对发病机制的关联性解释不足；缺乏针对敏感药物选择的更具体建议",True,ERNIE-4.5-Turbo-32K,True,pass,该回答整体符合测试数据有效性要求，诊断准确，处理方向安全，未发现致命风险。诊断考虑了症状、日龄、环境和停药史，符合黄白痢的典型特征。处理建议包括隔离、环境管理、饮水补充电解质、实验室检测和消毒等，安全且与疾病相互印证。不足之处在于对病毒性腹泻排除方法未作进一步说明，环境与停药史对发病机制的关联分析较浅，以及未给出更具体的敏感药物选择指导，但不影响整体判断。,84.0,27,18,22,15,pass,80.07,14.54,
8d3092cc-7b83-5dbf-903a-fc803fa1ceee,40,塞内卡病毒A感染,swine_hunyuan_turbos,hunyuan-turbos-20250926,成功,,猪,我家是200头育肥猪，现在平均体重在60公斤左右，最近几天有十几头陆续出现蹄部水泡、跛行，有的还伴有发热，食欲下降，病程大概3天了，之前用过阿莫西林饮水，效果不明显。想问下这种情况能不能先当普通口蹄疫以外的病治着看？,根据描述，育肥猪群短时间内多例出现蹄部水泡、跛行伴发热，符合塞内卡病毒A感染的典型临床表现特征。该病与水疱性口炎、口蹄疫等病毒性水疱病相似，需通过实验室检测区分。,立即隔离病猪，减少人员及器具交叉接触，加强圈舍清洁消毒；提供易消化的饲料和充足饮水，防止继发细菌感染；采集水泡液、唾液或粪便送专业实验室进行病原学检测确诊；在未排除法定重大疫病前，严禁自行使用疫苗或广谱抗生素作为替代措施。,无特定休药期建议，因目前主要为支持性管理和防控，具体用药及停药时间应依据检测结果和兽医指导执行。,"{""disease_name"": ""塞内卡病毒A感染"", ""severity"": ""中等至严重"", ""scene_tags"": [""育肥猪"", ""水疱病变"", ""急性流行""], ""validation_points"": [""症状符合塞内卡病毒A感染特征"", ""强调实验室确诊的重要性"", ""防控措施与流行病学管理一致""], ""risk_flags"": [""疑似重大动物疫病"", ""禁止擅自治疗替代检测""], ""case_type"": ""暴发与处置边界"", ""target_disease"": ""塞内卡病毒A感染"", ""local_flags"": {""species_ok"": true, ""target_disease_in_diagnosis"": true, ""target_disease_mismatch"": false, ""contains_specific_dose"": false, ""contains_specific_withdrawal"": false, ""regulated_bad_treatment"": false}}",False,False,,,True,False,False,D:\XF-ChongQin\ai-\knowledge\llm_wiki_swine_authoritative,1465,887,"塞内卡病毒A感染
塞内卡病毒A感染、senecavirus a picornaviruses
暴发与处置边界
同栏或多栋猪舍短期内发病增多，用户询问是否能先按普通病治疗观察。","{""HUMAN_REVIEWED"": 3, ""NEEDS_REVIEW"": 2}","[""SRC-0001"", ""SRC-0037"", ""SRC-0052""]",2178,33.11,ERNIE-4.5-Turbo-32K,82,27,18,22,15,False,True,"该回答整体上对塞内卡病毒A感染的诊断、处理方向和防控措施有较为准确的描述，符合测试数据有效性的要求。诊断准确度较高，病理逻辑合理，处方安全且与疾病相互印证，数据质量基本满足要求，无致命风险。
问题：diagnosis_accuracy: 诊断部分虽然提到了塞内卡病毒A感染的典型症状，但未明确排除其他类似疾病（如口蹄疫）的可能性，仅依赖症状描述，缺乏实验室检测的直接支持。；pathology_logic: 病理逻辑部分对症状与疾病的关联性解释较为充分，但未详细说明为何排除其他类似疾病，逻辑链条稍显不足。；prescription_safety: 处方部分强调了隔离、消毒和支持性管理，符合塞内卡病毒A感染的处理原则，但未提及具体药物的使用禁忌或潜在风险，安全性描述可更详细。；data_quality: 数据质量部分的症状描述和场景标签较为准确，但风险标志中提到的“疑似重大动物疫病”和“禁止擅自治疗替代检测”未在回答中充分展开，数据完整性略有欠缺。",hunyuan-turbos-20250926,85,8,8.5,9,8.5,False,False,该回答对塞内卡病毒A感染的症状识别准确，处理方案强调隔离、消毒与支持性管理，并提示需实验室确诊，未给出具体药物剂量或休药期，整体安全且符合防控原则。不足之处在于未明确说明如何排除口蹄疫等重大疫病，以及未进一步细化药物使用禁忌和潜在风险提示。,True,ERNIE-4.5-Turbo-32K,True,pass,该回答对塞内卡病毒A感染的诊断、处理方向和防控措施有较为准确的描述，诊断部分虽未明确排除其他类似疾病，但整体病理逻辑合理，处方强调隔离、消毒和支持性管理，符合塞内卡病毒A感染的处理原则，且未给出具体药物剂量或休药期，整体安全且符合防控原则，数据质量基本满足要求，无致命风险。,84.0,27,18,22,15,pass,26.47,17.33,
7bca4d1e-db95-5623-9e00-35a767613140,25,猪δ冠状病毒感染,swine_hunyuan_turbos,hunyuan-turbos-20250926,成功,,猪,我家有120头25日龄左右的保育猪，这几天陆续有10多头开始拉黄色水样便，精神差、吃奶少，有的还伴随轻度脱水，圈舍温度偏低、通风一般，之前用过恩诺沙星拌料，效果不明显，想问问这是啥病，该怎么处理？,根据描述的症状（水样腹泻、脱水、采食下降）、日龄及环境条件，结合近期使用抗生素无效的情况，高度怀疑为猪δ冠状病毒感染。该病在保育阶段易发，常因低温应激诱发，临床表现与病毒性肠炎相似。需通过实验室检测（如RT-PCR）确诊。,treatment_direction: 无特效抗病毒药物，重点在于支持疗法和对症处理，防止继发细菌感染。；management_measures: 提高圈舍保温，改善通风，减少温差刺激；保证饮水清洁，可添加电解质补充体液；对严重脱水个体进行补液；及时清理粪便，保持干燥卫生。；sampling_and_testing: 采集腹泻粪便或肠内容物送实验室做PDCoV RT-PCR检测，同时排查其他常见病原（如轮状病毒、大肠杆菌等）。；prohibited_boundaries: 禁止将本病作为普通细菌性腹泻处理而忽视隔离和环境消毒；禁止使用未经批准的兽药或人用药物；发现可疑疫情应立即向当地畜牧兽医部门报告。,无特定休药期说明，但应遵守所用药物的官方休药期规定，并在停药后确保产品安全方可上市。,"{""disease_name"": ""猪δ冠状病毒感染"", ""severity"": ""中等偏重，可导致保育猪高死亡率，尤其在管理不善时"", ""scene_tags"": [""保育猪"", ""水样腹泻"", ""脱水"", ""低温应激""], ""validation_points"": [""症状与PDCoV典型表现一致"", ""抗生素治疗无效符合病毒性特征"", ""环境与年龄因素增加易感性""], ""risk_flags"": [""需实验室确诊"", ""存在继发细菌感染风险"", ""可能与其他腹泻病原混合感染""], ""case_type"": ""腹泻群体发病"", ""target_disease"": ""猪δ冠状病毒感染"", ""local_flags"": {""species_ok"": true, ""target_disease_in_diagnosis"": true, ""target_disease_mismatch"": false, ""contains_specific_dose"": false, ""contains_specific_withdrawal"": false, ""regulated_bad_treatment"": false}}",False,False,,,True,False,False,D:\XF-ChongQin\ai-\knowledge\llm_wiki_swine_authoritative,1465,887,"猪δ冠状病毒感染
猪δ冠状病毒感染、porcine deltacoronavirus
腹泻群体发病
同窝或同栏出现水样腹泻、脱水、采食下降，用户想知道主要病因和紧急处理。","{""HUMAN_REVIEWED"": 1, ""NEEDS_REVIEW"": 4}","[""A0-MOA-573"", ""SRC-0001""]",2027,28.9,ERNIE-4.5-Turbo-32K,82,28,18,20,16,False,True,"整体回答符合猪δ冠状病毒感染的诊断逻辑，症状与疾病匹配，处理方向安全，但存在部分细节可优化。
问题：diagnosis_accuracy: 诊断依据充分，但未明确提及实验室检测的必要性作为确诊依据，仅在后续处理中提及，略显滞后。；pathology_logic: 病理逻辑基本合理，但未详细解释低温应激如何具体诱发猪δ冠状病毒感染，逻辑链条可更完整。；prescription_safety: 处方安全，但'无特定休药期说明'部分略显模糊，虽提及遵守官方规定，但未给出具体指导或参考。；data_quality: 数据质量尚可，但'scene_tags'和'validation_points'中的信息可更具体，如'低温应激'的具体温度范围或'管理不善'的具体表现。",hunyuan-turbos-20250926,85,4,4,5,4,False,False,该数据整体真实可信，用户描述的场景（保育猪、低温环境、水样腹泻、脱水、抗生素无效）与猪δ冠状病毒感染的典型特征相符，诊断思路清晰且包含必要的实验室检测提示，处理方案以对症和支持为主，未推荐禁用药物，并强调了隔离、消毒和上报的防疫措施，安全性较高。不足之处在于病理机制解释不够深入，以及休药期表述稍显笼统。,True,ERNIE-4.5-Turbo-32K,True,pass,整体回答符合猪δ冠状病毒感染的诊断逻辑，症状与疾病匹配，处理方向安全。诊断依据充分，虽未明确强调实验室检测必要性作为首要确诊依据，但后续处理中提及，不影响整体判断。病理逻辑基本合理，低温应激与病毒感染关系解释不足属于轻微缺陷。处方安全，休药期说明虽略显模糊，但已提及遵守官方规定。数据质量尚可，场景标签和验证点信息可更具体，但不影响整体有效性。,84.0,28,18,20,16,pass,20.41,19.75,
48abf5e1-dcbd-5858-9f74-6790ddfc61f0,302,猪丹毒,swine_hunyuan_turbos,hunyuan-turbos-20250926,成功,,猪,我家有120头80公斤左右的育肥猪，这几天陆续有几头精神沉郁、体温升高到41℃左右，皮肤出现紫红色菱形斑块，有的还有关节肿。之前按链球菌感染用了阿莫西林拌料三天，效果不明显。请问还能继续用吗？需要换什么药？,根据描述的症状（高热、皮肤菱形紫红斑块、关节肿胀），高度怀疑为急性败血型猪丹毒。该病由革兰氏阳性杆菌引起，可通过饮水、饲料及伤口接触传播，易在应激条件下暴发。需要与A. suis败血症、沙门氏菌、副猪嗜血杆菌、猪链球菌等进行实验室鉴别。,treatment_direction: 建议立即停喂可疑污染饲料，改善通风降温，减少应激；对发病猪进行隔离观察，防止扩散。；management_measures: 加强圈舍清洁消毒，限制人员、工具交叉使用；对全群进行临床巡查，记录体温、采食量和皮肤病变情况。；sampling_and_testing: 采集发热伴皮肤病变猪的血液、病变皮肤和关节液送实验室做细菌培养与PCR检测，明确是否为猪丹毒或其他病原。；contraindications: 在未确诊前，不建议随意更换广谱抗生素，以免掩盖病情或延误诊断；禁止将病死猪流入市场。,因未确定最终病原及用药方案，暂无法给出确切休药期，需依据实验室结果和所用药物说明执行。,"{""disease_name"": ""猪丹毒"", ""severity"": ""高"", ""scene_tags"": [""育肥猪"", ""高热"", ""皮肤菱形斑"", ""关节肿""], ""validation_points"": [""症状符合急性败血型猪丹毒典型表现"", ""需与A. suis败血症等多病原鉴别"", ""管理上应隔离、消毒并送检""], ""risk_flags"": [""可能为人畜共患风险低但具传染性"", ""需警惕疫情扩散""], ""case_type"": ""育肥猪用药咨询"", ""target_disease"": ""猪丹毒"", ""local_flags"": {""species_ok"": true, ""target_disease_in_diagnosis"": true, ""target_disease_mismatch"": false, ""contains_specific_dose"": false, ""contains_specific_withdrawal"": false, ""regulated_bad_treatment"": false}}",False,False,,,True,False,False,D:\XF-ChongQin\ai-\knowledge\llm_wiki_swine_authoritative,1465,887,"猪丹毒
猪丹毒、erysipelas
育肥猪用药咨询
育肥猪出现典型症状，用户已经用过常见药物但效果一般，询问是否继续用药。","{""HUMAN_REVIEWED"": 4}","[""SRC-0001"", ""SRC-0058"", ""SRC-0065""]",2221,30.96,ERNIE-4.5-Turbo-32K,82,28,18,22,14,False,True,"整体回答质量较高，诊断方向准确，症状与疾病匹配合理，鉴别诊断考虑全面，管理措施和采样建议符合规范，未发现致命风险。但存在部分细节可优化，如数据质量描述稍显不足，诊断逻辑部分可更深入。
问题：diagnosis_accuracy: 诊断准确性较高，但未明确提及猪丹毒的典型皮肤病变（菱形紫红斑块）与关节肿胀的关联性，可进一步强化症状与疾病的直接联系。；pathology_logic: 病理逻辑基本合理，但鉴别诊断部分可更详细，如列举A. suis败血症、沙门氏菌等病原的具体特征差异。；prescription_safety: 处方安全合理，但‘在未确诊前不建议随意更换广谱抗生素’的表述可更具体，如说明可能掩盖病情或导致耐药性。；data_quality: 数据质量描述稍显不足，如场景标签和验证点可更详细，风险标志部分可补充具体人兽共患风险描述。",hunyuan-turbos-20250926,85,9,8,9,7,False,False,该回答诊断方向正确，症状与猪丹毒典型表现吻合度高，管理、隔离、采样建议合理且安全，未出现危险用药建议。不足之处在于诊断逻辑中未充分强调皮肤菱形斑与关节肿的关联，鉴别诊断可更细化，数据质量描述略简略。,True,ERNIE-4.5-Turbo-32K,True,pass,整体回答质量较高，诊断方向准确，症状与猪丹毒典型表现吻合度高，管理、隔离、采样建议合理且安全，未出现危险用药建议。不足之处在于诊断逻辑中未充分强调皮肤菱形斑与关节肿的关联，鉴别诊断可更细化，数据质量描述略简略，但不影响整体方向和安全性。,84.0,28,18,22,14,pass,23.27,17.26,
3e9c5500-c70c-5271-99d5-c810766f2708,448,猪丹毒,swine_hunyuan_turbos,hunyuan-turbos-20250926,成功,,猪,我家是育肥场，存栏大概600头，平均体重80公斤左右，最近两天有7头陆续出现精神沉郁、体温升高到41℃以上，部分猪背部和腹部皮肤出现紫红色菱形斑块，食欲下降明显。之前用过阿莫西林饮水三天，效果不明显。请问这种情况能不能先当普通细菌感染治一治看看？,根据描述，考虑为急性败血型猪丹毒可能性较大，特征包括高热、精神差、食欲减退及典型的菱形皮肤病变。需注意与A. suis败血症等相似疾病鉴别，确诊需实验室分离培养或PCR检测。,treatment_direction: 立即隔离病猪，减少应激，改善通风降温，防止继发感染。；management_measures: 对全群进行临床巡查，记录体温、采食和精神状况，暂停转群和混群操作。；sampling_submission: 采集病猪血液、脾脏等组织样本送实验室做细菌培养和分子检测，明确病原类型。；prohibited_actions: 在未排除重大动物疫病前，禁止私自出售、屠宰或外运病猪及其产品。,因未确定最终病原及用药方案，暂无法确定停药期，须依据检测结果和官方指导执行。,"{""disease_name"": ""猪丹毒"", ""severity"": ""高"", ""scene_tags"": [""急性败血症"", ""皮肤病变"", ""多栏发病""], ""validation_points"": [""高热超过41℃，精神沉郁"", ""典型菱形皮肤红斑"", ""短期内在同栏或多栏内多发""], ""risk_flags"": [""可能为重大动物疫病，需及时采样送检并配合防控部门调查"", ""存在误诊风险，需与A. suis败血症等鉴别""], ""case_type"": ""暴发与处置边界"", ""target_disease"": ""猪丹毒"", ""local_flags"": {""species_ok"": true, ""target_disease_in_diagnosis"": true, ""target_disease_mismatch"": false, ""contains_specific_dose"": false, ""contains_specific_withdrawal"": false, ""regulated_bad_treatment"": false}}",False,False,,,True,False,False,D:\XF-ChongQin\ai-\knowledge\llm_wiki_swine_authoritative,1465,887,"猪丹毒
猪丹毒、erysipelas
暴发与处置边界
同栏或多栋猪舍短期内发病增多，用户询问是否能先按普通病治疗观察。","{""HUMAN_REVIEWED"": 4}","[""SRC-0001"", ""SRC-0058"", ""SRC-0065""]",2221,27.35,ERNIE-4.5-Turbo-32K,82,28,18,22,14,False,True,"整体回答较为准确，诊断方向正确，考虑了鉴别诊断，处理方向安全，但数据质量方面存在一定不足，如未详细说明鉴别诊断的具体方法。
问题：diagnosis_accuracy: 虽诊断方向正确，但未详细说明鉴别诊断的具体方法，如A. suis败血症的鉴别要点。；pathology_logic: 病理逻辑基本合理，但未充分解释猪丹毒的病理机制与症状之间的联系。；prescription_safety: 处理方向安全，但未提供具体的治疗药物及剂量建议。；data_quality: 数据质量方面，回答中未包含足够的细节来支持诊断和处理建议，如未提及具体的采样方法和检测流程。",hunyuan-turbos-20250926,85,9,8,10,7,False,False,该回答诊断方向正确，识别了急性败血型猪丹毒的典型表现，并提示了与A. suis败血症等的鉴别需求，处理措施安全且符合生物安全要求，未给出危险建议。不足之处在于鉴别诊断和病理机制的解释不够详细，采样与检测流程缺乏细化说明。,True,ERNIE-4.5-Turbo-32K,True,pass,整体回答诊断方向正确，识别了急性败血型猪丹毒的典型表现，并提示了与A. suis败血症等的鉴别需求，处理措施安全且符合生物安全要求，未给出危险建议。尽管在鉴别诊断、病理机制解释及采样与检测流程方面存在不足，但不影响整体诊断和处置方向的安全性及有效性。,84.0,28,18,22,14,pass,20.55,15.18,
0f7a3792-e242-552a-a4ba-779165bc11fa,76,猪传染性胃肠炎,swine_hunyuan_turbos,hunyuan-turbos-20250926,成功,,猪,我家有200头120公斤左右的育肥猪，还有半个月就要出栏了，这几天陆续有几头开始拉稀，粪便稀薄带点酸臭味，精神还行，采食量下降不多，圈舍温度偏低，地面有点湿滑。想问这种情况能不能继续养到出栏？要不要隔离？用什么药能控制住？会不会影响卖猪？,根据描述，结合育肥猪临近出栏、粪便稀薄带酸臭、环境温度低且潮湿的情况，考虑为猪传染性胃肠炎（TGEV）的可能性较大，同时需排除其他引起腹泻的病毒或细菌因素。该病在低温高湿环境下易发，可通过粪口途径传播。,1. 立即将发病猪与健康猪分栏隔离，减少接触传播机会；2. 加强圈舍保温，保持干燥通风，防止贼风直吹；3. 保证清洁饮水，可在饮水中添加适量电解质和维生素，帮助恢复体液平衡；4. 暂停使用对肠道刺激性大的药物，避免加重脱水；5. 采集新鲜粪便送实验室进行RT-PCR或病毒分离确诊；6. 若确诊为TGEV，应依据当地动物防疫部门要求进行报告和处置，不可擅自出售；7. 禁止随意使用抗生素作为预防或治疗，以免掩盖病情并增加耐药风险。,因属病毒性腹泻，无特效药物治疗，故不存在药物休药期问题；但若涉及任何药物干预，须遵循兽医指导并在符合安全间隔后再考虑出栏。,"{""disease_name"": ""猪传染性胃肠炎"", ""severity"": ""中等"", ""scene_tags"": [""育肥猪"", ""临近出栏"", ""腹泻"", ""低温高湿""], ""validation_points"": [""症状与TGEV流行病学特征相符"", ""环境条件和传播途径吻合"", ""建议隔离和送检符合防控原则""], ""risk_flags"": [""重大动物疫病潜在风险"", ""临近出栏需严格检疫""], ""case_type"": ""腹泻出栏边界"", ""target_disease"": ""猪传染性胃肠炎"", ""local_flags"": {""species_ok"": true, ""target_disease_in_diagnosis"": true, ""target_disease_mismatch"": false, ""contains_specific_dose"": false, ""contains_specific_withdrawal"": false, ""regulated_bad_treatment"": false}}",False,False,,,True,False,False,D:\XF-ChongQin\ai-\knowledge\llm_wiki_swine_authoritative,1465,887,"猪传染性胃肠炎
猪传染性胃肠炎、transmissible gastroenteritis virus、TGE、TGEV
腹泻出栏边界
临近出栏猪群出现腹泻，用户关心处理方向、隔离和用药后能否销售。","{""HUMAN_REVIEWED"": 2, ""NEEDS_REVIEW"": 2}","[""SRC-0001"", ""SRC-0036"", ""SRC-0037""]",2221,27.89,ERNIE-4.5-Turbo-32K,82,27,18,22,15,False,True,"整体回答符合猪传染性胃肠炎的诊断与处理原则，诊断准确性较高，病理逻辑合理，处方安全且符合疾病防控要求，数据质量基本满足需求，无致命风险。
问题：诊断准确性方面，虽然考虑了猪传染性胃肠炎的可能性，但未完全排除其他引起腹泻的病毒或细菌因素，诊断依据可进一步细化。；病理逻辑方面，对环境因素与疾病发生的关系阐述较为充分，但对疾病传播途径和防控措施的逻辑联系可加强。；处方安全方面，整体处理方向安全，但对电解质和维生素的添加量、采集粪便送检的具体操作等未详细说明。；数据质量方面，症状描述、环境条件等数据较为完整，但缺乏对猪群整体健康状况的详细评估数据。",hunyuan-turbos-20250926,85,8,8,9,8,False,False,"该回答针对用户描述的育肥猪腹泻情况，结合环境条件和流行病学特征，提出了猪传染性胃肠炎的可能性，并提示需排除其他病原，诊断思路合理。处理方案包括隔离、改善环境、补液支持及送检确诊，符合病毒性腹泻的防控原则，未给出具体药物剂量或休药期承诺，避免了用药风险。整体安全可控，无明显致命风险。
问题：诊断部分虽提及需排除其他病原，但未明确列出可能的鉴别诊断对象及其鉴别要点。；病理机制与环境关系的解释较笼统，未深入说明低温高湿如何促进病毒存活与传播。；处方中未明确电解质和维生素的使用浓度或比例，可能影响执行效果。；缺乏对猪群整体健康状态（如体温、呼吸频率、死亡率等）的评估建议。",True,ERNIE-4.5-Turbo-32K,True,pass,整体回答符合猪传染性胃肠炎的诊断与处理原则，诊断准确性较高，病理逻辑合理，处方安全且符合疾病防控要求。虽然存在诊断未完全排除其他病原、病理机制解释较笼统、处方细节未明确等轻微不足，但不影响整体安全性和参考价值，无致命风险。,84.0,27,18,22,15,pass,19.55,15.12,
e2f7f94f-18c8-5996-b4c3-a57c6cd1b498,325,猪伪狂犬病,swine_hunyuan_turbos,hunyuan-turbos-20250926,成功,,猪,我家有300头保育猪，现在60日龄左右，最近两天陆续出现精神沉郁、采食量明显下降的情况，部分猪有咳嗽、流鼻涕，个别拉稀。舍内通风一般，前几天降温后没及时加温，之前用过氟苯尼考拌料防呼吸道病，效果不明显。想问下这主要是啥原因？该怎么处理？,结合保育猪日龄、群体性精神沉郁与采食下降、呼吸道症状及腹泻表现，考虑猪伪狂犬病可能性较大。该病在保育阶段易暴发，常表现为高热、神经症状、呼吸障碍及消化道紊乱，且传播迅速。需排除其他病毒性呼吸道病如PRRS、PCV2及细菌性混合感染。,立即将可疑猪与健康猪严格分栏隔离，减少人员、工具交叉使用；加强保温，适当提高舍内温度以改善体感温度；采集病死猪脑组织、扁桃体及肺组织送实验室进行PCR检测确诊；暂停转群和出售，防止扩散；若确诊为猪伪狂犬病，应依据当地动物防疫部门要求进行扑杀和无害化处理，并对全场实施封锁消毒；严禁私自用药替代扑杀措施。,因属重大动物疫病，无常规休药期概念，须按防疫规定执行扑杀和无害化处置，禁止进入流通环节。,"{""disease_name"": ""猪伪狂犬病"", ""severity"": ""高"", ""scene_tags"": [""保育猪"", ""群体发病"", ""采食下降"", ""呼吸道症状"", ""腹泻""], ""validation_points"": [""保育猪为易感群体"", ""群体性精神沉郁与采食下降符合伪狂犬病特征"", ""呼吸道与消化道症状并存提示多系统受累""], ""risk_flags"": [""重大动物疫病"", ""高度传染性"", ""需依法扑杀和无害化处理""], ""case_type"": ""保育猪群体发病"", ""target_disease"": ""猪伪狂犬病"", ""local_flags"": {""species_ok"": true, ""target_disease_in_diagnosis"": true, ""target_disease_mismatch"": false, ""contains_specific_dose"": false, ""contains_specific_withdrawal"": false, ""regulated_bad_treatment"": false}}",False,False,,,True,False,False,D:\XF-ChongQin\ai-\knowledge\llm_wiki_swine_authoritative,1465,887,"猪伪狂犬病
猪伪狂犬病、pseudorabies aujeszky disease
保育猪群体发病
群体发病、采食下降、粪便或呼吸道异常，用户想知道主要病因和下一步处理。","{""HUMAN_REVIEWED"": 3, ""NEEDS_REVIEW"": 2}","[""A1-WOAH-AUJESZKY-DISEASE"", ""SRC-0001"", ""SRC-0006"", ""SRC-0026"", ""SRC-0059""]",2198,28.38,ERNIE-4.5-Turbo-32K,82,27,18,20,17,False,True,"该回答在诊断准确性、病理逻辑、处方安全性和数据质量方面表现较好，整体符合猪伪狂犬病的诊断与处理要求，未发现致命风险。
问题：诊断准确性方面，虽然考虑了猪伪狂犬病的可能性，但未充分排除其他病毒性呼吸道病如PRRS、PCV2及细菌性混合感染的可能性，缺乏更详细的鉴别诊断依据。；病理逻辑方面，对猪伪狂犬病的典型症状描述较为全面，但对疾病传播途径和预防措施的阐述不够深入。；处方安全性方面，提出的隔离、保温、送检等措施合理，但未明确提及对健康猪群的免疫接种建议，以预防疾病再次发生。；数据质量方面，场景标签和验证点较为全面，但风险标志中未提及人兽共患风险，尽管猪伪狂犬病对人直接威胁较低，但仍需注意。",hunyuan-turbos-20250926,85,8,8.5,9,8.5,False,False,该案例场景真实，用户描述了保育猪群体发病情况，包括精神沉郁、采食下降、呼吸道症状和腹泻，并提供了环境变化背景（降温未及时加温）和用药史（氟苯尼考）。诊断部分合理推测为猪伪狂犬病，并结合年龄、症状、传播特点进行了分析，同时提示需排除PRRS、PCV2等常见病原，体现了一定鉴别意识。处方方案符合重大疫病防控原则，强调隔离、送检、扑杀无害化和封锁消毒，避免了不当用药，安全边界清晰。不足之处在于鉴别诊断可更细化，健康猪免疫建议缺失，以及未特别说明人兽共患风险虽低仍应关注。,True,ERNIE-4.5-Turbo-32K,True,pass,诊断结合保育猪日龄、症状及传播特点，合理推测猪伪狂犬病并提示需排除其他病毒性呼吸道病，体现了一定鉴别意识；处方方案符合重大疫病防控原则，强调隔离、送检、扑杀无害化和封锁消毒，避免了不当用药，安全边界清晰。尽管存在鉴别诊断细节不足、缺少健康猪免疫接种建议及未明确提示人兽共患风险等轻微不足，但整体诊断和处置方向安全且疾病匹配，不影响数据可用性。,84.0,27,18,20,17,pass,20.03,22.5,
b68459cc-3fa1-5c30-8950-5759023fd23e,37,猪副黏病毒相关感染,swine_hunyuan_turbos,hunyuan-turbos-20250926,成功,,猪,我家有200头保育猪，现在60日龄左右，最近几天陆续出现精神沉郁、采食量下降的情况，部分猪有咳嗽、流鼻涕，还有几头拉稀。圈舍通风一般，温度偏低，之前用过阿莫西林饮水，效果不明显。请问这是啥病？该怎么处理？,根据描述的症状（保育猪群发、精神差、采食下降、呼吸道症状伴腹泻），结合当前季节和环境条件，考虑可能为猪副黏病毒相关感染或其他病毒性呼吸道综合征的早期表现。该病多为多因素混合感染，需排除其他常见病毒如圆环、蓝耳等。,立即将病猪与健康猪分栏管理，减少应激；加强圈舍保温与通风，保持干燥清洁；对症状明显个体可对症支持治疗（如补液、电解质）；采集鼻拭子、血液及病死猪组织送实验室进行病原学检测，明确是否为副黏病毒或其他病原；在未确诊前避免使用广谱抗生素作为唯一手段，以免掩盖病情；若怀疑为重大动物疫病，应按规定上报并配合检疫措施。,因未使用特定药物，无直接休药期规定；但若后续使用兽药，应按标签说明执行相应休药期。,"{""disease_name"": ""猪副黏病毒相关感染"", ""severity"": ""中等至严重（视继发感染及防控情况）"", ""scene_tags"": [""保育猪"", ""群体发病"", ""呼吸道症状"", ""腹泻"", ""低温应激""], ""validation_points"": [""保育猪多发且呈群发性"", ""伴随呼吸道与消化道症状"", ""环境因素可能加重传播""], ""risk_flags"": [""潜在病毒性传染病"", ""需实验室确诊"", ""存在疫情扩散风险""], ""case_type"": ""保育猪群体发病"", ""target_disease"": ""猪副黏病毒相关感染"", ""local_flags"": {""species_ok"": true, ""target_disease_in_diagnosis"": true, ""target_disease_mismatch"": false, ""contains_specific_dose"": false, ""contains_specific_withdrawal"": false, ""regulated_bad_treatment"": false}}",False,False,,,True,False,False,D:\XF-ChongQin\ai-\knowledge\llm_wiki_swine_authoritative,1465,887,"猪副黏病毒相关感染
猪副黏病毒相关感染、paramyxoviruses
保育猪群体发病
群体发病、采食下降、粪便或呼吸道异常，用户想知道主要病因和下一步处理。","{""NEEDS_REVIEW"": 5}","[""SRC-0001""]",2034,31.53,ERNIE-4.5-Turbo-32K,82,28,18,24,20,False,True,"诊断准确性较高，考虑了多因素混合感染的可能性，并建议排除其他常见病毒。病理逻辑合理，符合猪副黏病毒相关感染的临床表现。处方安全，强调了分栏管理、环境改善和对症支持治疗，避免了盲目使用抗生素。数据质量良好，提供了详细的场景标签和验证点。
问题：诊断中未明确提及猪副黏病毒相关感染的特异性症状，如神经症状或特定病理变化，可能影响准确性评分。；病理逻辑部分可进一步细化，如增加对继发感染风险的讨论。；处方中虽已提及实验室检测，但可增加对检测结果解读和后续处理的建议。；数据质量方面，虽已提供风险标志，但可增加对疾病流行病学特征的描述。",hunyuan-turbos-20250926,85,80,83,90,88,False,False,该回答在诊断上考虑了多种可能病因，包括猪副黏病毒及其他常见病毒，并结合了饲养环境和临床症状进行分析，具备一定合理性。病理逻辑链条清晰，能解释症状与环境的关系。处方方案强调隔离、环境改善、对症支持治疗和病原检测，避免滥用抗生素，安全性高。数据信息完整，包含养殖规模、日龄、症状、用药史等关键要素，且提示了重大疫病上报义务，体现了安全边界意识。不足之处在于未明确指出猪副黏病毒的典型特征性症状（如神经症状）以及更具体的继发感染防控细节。,True,ERNIE-4.5-Turbo-32K,True,pass,诊断考虑了多因素混合感染的可能性，并建议排除其他常见病毒，病理逻辑合理，符合猪副黏病毒相关感染的临床表现。处方安全，强调了分栏管理、环境改善和对症支持治疗，避免了盲目使用抗生素，同时提出了实验室检测的建议，符合安全边界要求。尽管在特异性症状描述和继发感染防控细节上存在轻微不足，但整体方向正确，数据质量良好，不影响最终判断。,84.0,28,18,24,20,pass,23.14,18.45,
673585d0-c404-5c05-a9f8-4fbc7cc919be,64,猪后圆线虫病,swine_hunyuan_turbos,hunyuan-turbos-20250926,成功,,猪,我这边是河南一个小型养猪场，存栏大概300头，现在这批是60日龄左右的保育猪，最近一周陆续有猪咳嗽、喘气，有的还发烧，吃料明显下降，舍内通风一般，湿度偏高，之前用过阿莫西林拌料三天效果不明显，请问是不是呼吸道寄生虫？要不要整批打虫？,根据描述，保育猪在潮湿通风不良环境下出现咳嗽、喘气、发热及采食下降，且抗生素治疗效果不佳，提示可能为猪后圆线虫病等呼吸道寄生虫感染。该病由肺线虫寄生引起，多见于潮湿环境中，常伴发继发细菌感染。需结合剖检（肺部结节、虫体）及粪便镜检确诊。,建议立即隔离病猪并改善圈舍通风干燥条件；采集典型病例进行剖检和粪便检查以明确病原；如确诊后圆线虫病，可依据兽医指导使用安全有效的驱虫药（针对肺线虫的广谱驱虫剂），同时配合支持疗法（补液、维生素、电解质）；禁止在未确诊前随意更换或加大抗生素用量；对病死猪无害化处理，防止传播。,若使用驱虫药，应遵守该药品说明书规定的停药期后方可屠宰上市；治疗期间加强饲养管理，减少应激。,"{""disease_name"": ""猪后圆线虫病"", ""severity"": ""中等至严重（可导致生长迟缓、继发感染甚至死亡）"", ""scene_tags"": [""保育猪"", ""群体呼吸道症状"", ""潮湿环境"", ""抗生素无效""], ""validation_points"": [""症状符合肺线虫感染特征（咳嗽、喘气、发热、采食下降）"", ""环境因素（高湿、通风差）有利于虫卵发育"", ""抗生素治疗无效提示非单纯细菌性呼吸道感染""], ""risk_flags"": [""需实验室确诊以防误诊为其他呼吸道疾病"", ""未经确诊不可贸然全群用药""], ""case_type"": ""呼吸道群体发病"", ""target_disease"": ""猪后圆线虫病"", ""local_flags"": {""species_ok"": true, ""target_disease_in_diagnosis"": true, ""target_disease_mismatch"": false, ""contains_specific_dose"": false, ""contains_specific_withdrawal"": false, ""regulated_bad_treatment"": false}}",False,False,,,True,False,False,D:\XF-ChongQin\ai-\knowledge\llm_wiki_swine_authoritative,1465,887,"猪后圆线虫病
猪后圆线虫病、metastrongylus lungworms
呼吸道群体发病
同栏出现咳嗽、喘气、发热、采食下降，用户想判断病因和是否需要全群用药。","{""HUMAN_REVIEWED"": 1, ""NEEDS_REVIEW"": 4}","[""SRC-0001"", ""SRC-0006"", ""SRC-0007""]",1889,25.03,ERNIE-4.5-Turbo-32K,82,27,18,22,15,False,True,"整体回答质量较高，诊断准确性、病理逻辑、处方安全性和数据质量均表现良好，无明显致命风险，符合通过标准。
问题：诊断准确性方面，虽然症状和环境因素支持猪后圆线虫病的诊断，但缺乏实验室确诊依据，如粪便镜检或剖检结果，因此诊断准确性评分略低。；病理逻辑方面，回答中提到了继发细菌感染的可能性，但未详细阐述其与猪后圆线虫病的关系及处理措施，逻辑稍显不足。；处方安全性方面，虽然建议了使用安全有效的驱虫药，但未具体说明药物名称和剂量，处方安全性评分略受影响。；数据质量方面，回答中提供了详细的症状描述和环境因素，但缺乏具体的实验室数据支持，数据质量评分一般。",hunyuan-turbos-20250926,85,80,85,90,80,False,False,回答整体结构合理，场景真实，症状与环境条件相符，诊断方向正确，处理方案安全且未给出具体药物剂量或休药期承诺，避免了重大风险。不足之处在于缺少实验室确诊信息支撑，以及继发感染与主要病因关系的解释不够充分。,True,ERNIE-4.5-Turbo-32K,True,pass,回答整体结构合理，诊断方向正确，处理方案安全，符合通过标准。尽管存在缺乏实验室确诊依据和继发感染解释不足等轻微不足，但不影响整体判断，且未给出具体药物剂量或休药期承诺，避免了重大风险。,84.0,27,18,22,15,pass,17.18,13.8,
e7ad79df-6b32-5e09-a848-c6df6f65d3c1,173,猪呼吸道冠状病毒感染,swine_hunyuan_turbos,hunyuan-turbos-20250926,成功,,猪,我家有200头左右30日龄左右的保育猪，这几天陆续有几栏出现拉稀，呈水样，颜色偏黄绿，有的猪精神差、吃料少，个别脱水明显。圈舍通风一般，温度偏低，之前用过恩诺沙星拌料两天效果不明显。想问问这到底啥原因，该怎么处理？,根据描述，结合年龄、季节及临床表现，高度怀疑为猪呼吸道冠状病毒感染（PRCV）或其他病毒性腹泻病原混合感染。该病在保育阶段易发，常表现为急性水样腹泻、采食下降、脱水等，且抗生素治疗无效。需排除其他常见病毒如PEDV、TGEV、PDCoV等。,立即隔离病猪，加强保温与通风管理，减少应激；提供清洁温水防止脱水，可补充电解质；停止盲目使用抗生素，避免耐药；采集新鲜粪便样品送实验室进行病原学检测（PCR），明确病原后针对性防控；若确诊为PRCV且无特效抗病毒药物，应以支持疗法和环境控制为主，同时监测同群健康猪状况。,无特效药物情况下不涉及特定休药期；若后续使用兽药，须按标签说明执行并记录。,"{""disease_name"": ""猪呼吸道冠状病毒感染"", ""severity"": ""中等至严重（视感染率与继发感染情况）"", ""scene_tags"": [""保育猪"", ""病毒性腹泻"", ""水样便"", ""低温应激""], ""validation_points"": [""符合PRCV在保育阶段的流行病学特征"", ""临床表现与病毒性腹泻一致"", ""抗生素无效提示非细菌性主因""], ""risk_flags"": [""需实验室确诊以防误诊"", ""存在群体扩散风险""], ""case_type"": ""腹泻群体发病"", ""target_disease"": ""猪呼吸道冠状病毒感染"", ""local_flags"": {""species_ok"": true, ""target_disease_in_diagnosis"": true, ""target_disease_mismatch"": false, ""contains_specific_dose"": false, ""contains_specific_withdrawal"": false, ""regulated_bad_treatment"": false}}",False,False,,,True,False,False,D:\XF-ChongQin\ai-\knowledge\llm_wiki_swine_authoritative,1465,887,"猪呼吸道冠状病毒感染
猪呼吸道冠状病毒感染、porcine respiratory coronavirus
腹泻群体发病
同窝或同栏出现水样腹泻、脱水、采食下降，用户想知道主要病因和紧急处理。","{""HUMAN_REVIEWED"": 1, ""NEEDS_REVIEW"": 4}","[""A0-MOA-573"", ""SRC-0001""]",2027,25.9,ERNIE-4.5-Turbo-32K,82,27,18,23,14,False,True,"整体回答质量较高，诊断准确性、病理逻辑、处方安全性均表现良好，数据质量基本满足要求，无致命风险，符合通过标准。
问题：诊断准确性方面，虽然高度怀疑为猪呼吸道冠状病毒感染，但未完全排除其他病毒性腹泻病原混合感染的可能性，诊断表述略显保守。；病理逻辑方面，对疾病在保育阶段的流行病学特征及临床表现解释较为充分，但可进一步细化与其他病毒性腹泻的鉴别诊断逻辑。；处方安全性方面，提出的处理措施安全合理，但缺乏对具体电解质补充剂的选择建议。；数据质量方面，场景标签和验证点较为全面，但风险标志中仅提及需实验室确诊以防误诊和存在群体扩散风险，可增加更多潜在风险点的提示。",hunyuan-turbos-20250926,85,8,8.5,9,8.5,False,False,"该回答整体科学严谨，诊断考虑了多种可能病原并强调实验室确诊，处方以环境管理和支持治疗为主，未给出危险用药建议，符合安全规范。不足之处在于诊断表述稍显保守，缺乏更明确的鉴别要点，以及电解质补充细节不足。
问题：诊断虽提到PRCV，但对其他病毒性腹泻病原的鉴别分析不够深入，可能导致临床决策模糊。；处方中未提供具体的电解质补充方案或选择建议，可能影响现场操作便利性。；风险提示部分可进一步增加关于潜在群体传播、生物安全隔离等方面的提醒。",True,ERNIE-4.5-Turbo-32K,True,pass,整体回答科学严谨，诊断考虑了多种可能病原并强调实验室确诊，处方以环境管理和支持治疗为主，未给出危险用药建议，符合安全规范。尽管诊断表述稍显保守，缺乏更明确的鉴别要点，以及电解质补充细节不足，但不影响整体方向和安全性，可通过。,84.0,27,18,23,14,pass,18.22,14.92,
06584820-77ea-5167-bb73-d589bbaea6c8,170,猪圆环病毒相关疾病,swine_hunyuan_turbos,hunyuan-turbos-20250926,成功,,猪,我家有120头90公斤左右的育肥猪，最近半个月陆续出现消瘦、呼吸加快、皮肤发白的情况，部分猪还伴有腹泻。之前用了替米考星和多西环素拌料一周，效果不明显，精神还是差，采食量下降明显。圈舍通风一般，密度偏高。想问这种情况还能继续用原来的药吗？,根据描述的症状（进行性消瘦、呼吸困难、贫血样表现、腹泻）及育肥阶段，结合用药史和饲养管理条件，考虑猪圆环病毒相关疾病（PCVAD）的可能性较大，需排除继发细菌感染及其他混合感染。建议通过实验室检测（如PCR检测PCV2核酸、血清学检测抗体水平）确诊。,treatment_direction: 目前尚无特效抗病毒药物，重点在于支持性治疗和改善饲养管理，减少应激，提高营养水平。对继发细菌感染可在兽医指导下选用敏感抗生素进行对症治疗。；management_measures: 降低饲养密度，加强通风换气，保持圈舍干燥清洁，减少冷热应激，合理分群饲养。保证饲料营养均衡，补充维生素和微量元素。；sampling_and_testing: 采集发病猪的血液、组织样本送实验室进行PCV2核酸检测及细菌分离鉴定，必要时做病理剖检以明确病变特征。；prohibited_boundaries: 禁止自行使用未经批准的兽药或超范围用药；在确诊前不应随意更换或加大抗生素用量；若怀疑重大疫病，应立即向当地动物防疫部门报告。,因未涉及具体药物处方，无法给出确切休药期，应依据所用药物说明书并在停药后按规定时间再出栏。,"{""disease_name"": ""猪圆环病毒相关疾病"", ""severity"": ""中等至严重（视继发感染情况而定）"", ""scene_tags"": [""育肥猪"", ""消瘦"", ""呼吸道症状"", ""腹泻"", ""高密度饲养""], ""validation_points"": [""症状符合PCVAD典型表现"", ""抗生素治疗无效提示非单纯细菌性病因"", ""饲养管理条件可能加重疾病进程""], ""risk_flags"": [""存在混合感染风险"", ""需警惕继发细菌感染"", ""需实验室确诊""], ""case_type"": ""育肥猪用药咨询"", ""target_disease"": ""猪圆环病毒相关疾病"", ""local_flags"": {""species_ok"": true, ""target_disease_in_diagnosis"": true, ""target_disease_mismatch"": false, ""contains_specific_dose"": false, ""contains_specific_withdrawal"": false, ""regulated_bad_treatment"": false}}",False,False,,,True,False,False,D:\XF-ChongQin\ai-\knowledge\llm_wiki_swine_authoritative,1465,887,"猪圆环病毒相关疾病
猪圆环病毒相关疾病、circoviruses pcvad
育肥猪用药咨询
育肥猪出现典型症状，用户已经用过常见药物但效果一般，询问是否继续用药。","{""HUMAN_REVIEWED"": 3, ""NEEDS_REVIEW"": 2}","[""A0-MOA-573"", ""SRC-0001"", ""SRC-0035""]",2160,28.81,ERNIE-4.5-Turbo-32K,82,27,18,22,15,False,True,"该回答在诊断准确性、病理逻辑、处方安全性和数据质量方面表现良好，整体符合测试数据有效性要求。诊断考虑了症状、用药史和饲养管理条件，提出了合理的实验室检测建议。处方方向安全，强调了支持性治疗和改善饲养管理，同时给出了明确的采样和检测建议。数据质量方面，虽然场景标签和验证点较为全面，但风险标志的描述可以更具体。
问题：诊断准确性方面，虽然考虑了猪圆环病毒相关疾病（PCVAD）的可能性，但未完全排除其他类似症状疾病的可能性，如猪繁殖与呼吸综合征（PRRS）等。；病理逻辑方面，对继发细菌感染的描述可以更详细，包括可能的病原菌种类和感染途径。；处方安全性方面，虽然强调了支持性治疗和改善饲养管理，但对具体抗生素的选择和使用时机可以给出更明确的建议。；数据质量方面，风险标志的描述较为笼统，可以增加具体的风险因素和应对措施。",hunyuan-turbos-20250926,85,4,4,5,4,False,False,"该案例场景真实，用户描述了育肥猪的渐进性消瘦、呼吸加快、皮肤苍白、腹泻等症状，并提供了用药史和管理条件，具备典型PCVAD的临床背景。诊断考虑了PCVAD可能性，并提示排除继发感染和其他混合感染，逻辑合理。处方强调支持治疗、改善管理和实验室检测，无危险用药建议，且明确了禁止擅自用药和及时上报重大疫病的边界，安全性高。数据质量较好，但可进一步细化鉴别诊断和风险应对细节。
问题：未充分列举可能混淆的其他疾病（如PRRS、副猪嗜血杆菌病等），影响鉴别诊断完整性。；对继发细菌感染的可能病原种类、感染途径及防控策略描述不够具体。；风险标志描述较笼统，缺乏针对特定风险因素的具体应对措施。",True,ERNIE-4.5-Turbo-32K,True,pass,诊断考虑了猪圆环病毒相关疾病（PCVAD）的可能性，并提示排除继发感染和其他混合感染，逻辑合理。处方强调支持治疗、改善管理和实验室检测，无危险用药建议，且明确了禁止擅自用药和及时上报重大疫病的边界，安全性高。数据质量较好，但可进一步细化鉴别诊断和风险应对细节。综合来看，该回答在诊断准确性、病理逻辑、处方安全性和数据质量方面表现良好，整体符合测试数据有效性要求。,84.0,27,18,22,15,pass,19.77,16.87,
3abeeb26-5e08-5856-88e9-066aa701d425,389,猪圆环病毒相关疾病,swine_hunyuan_turbos,hunyuan-turbos-20250926,成功,,猪,我家有200多头育肥猪，平均体重60公斤左右，最近一周陆续出现精神沉郁、食欲下降、皮肤发白的情况，有几头还出现了消瘦和轻度腹泻。圈舍通风一般，温度偏低，之前用过一些抗生素拌料，效果不明显。我想知道这种情况是不是圆环病毒引起的？如果要送样检查，应该取哪些部位的组织或血样？另外怕误诊耽误病情，想提前了解一下怎么区分是圆环还是其他病。,根据描述的临床表现（精神沉郁、食欲减退、皮肤苍白、消瘦、轻度腹泻）及饲养管理条件，结合猪圆环病毒相关疾病（PCVAD）在育肥阶段的易感性，怀疑存在PCV2相关的亚临床或慢性感染，可能合并继发细菌感染或其他营养代谢问题。需通过实验室检测确诊。,treatment_direction: 目前无特效抗病毒药物，应以支持性护理为主，改善圈舍温湿度和通风，减少应激，保证饲料营养均衡。若发现继发细菌感染，可在兽医指导下选择敏感抗生素控制。；management_measures: 分群饲养，减少混群应激；加强生物安全，防止交叉感染；对发病猪进行隔离观察，记录体温、采食量等指标。；sampling_and_testing: 建议采集发病猪的耳静脉血（血清学检测）、肺脏、淋巴结等组织样本（PCR检测），有条件可同时送检细菌培养以排除继发感染。；prohibited_boundaries: 禁止随意使用未经批准的兽药或人用药；不可将疑似重大疫病病例当作普通疾病处理而延误上报。,因无特定药物治疗，不涉及药物休药期；如后续使用抗生素，应遵守相应药物的停药期规定。,"{""disease_name"": ""猪圆环病毒相关疾病"", ""severity"": ""中等（慢性型，影响生长性能，个别可致死）"", ""scene_tags"": [""育肥猪"", ""多症状混合"", ""疑似病毒感染"", ""采样送检""], ""validation_points"": [""症状符合PCVAD慢性表现"", ""采样建议覆盖血清学与分子检测"", ""强调非特效治疗与支持措施""], ""risk_flags"": [""需排除继发细菌感染"", ""注意与其他消耗性疾病鉴别""], ""case_type"": ""采样送检咨询"", ""target_disease"": ""猪圆环病毒相关疾病"", ""local_flags"": {""species_ok"": true, ""target_disease_in_diagnosis"": true, ""target_disease_mismatch"": false, ""contains_specific_dose"": false, ""contains_specific_withdrawal"": false, ""regulated_bad_treatment"": false}}",False,False,,,True,False,False,D:\XF-ChongQin\ai-\knowledge\llm_wiki_swine_authoritative,1465,887,"猪圆环病毒相关疾病
猪圆环病毒相关疾病、circoviruses pcvad
采样送检咨询
用户描述症状后，重点询问采什么样品、如何判断和如何避免误治。","{""HUMAN_REVIEWED"": 3, ""NEEDS_REVIEW"": 2}","[""A0-MOA-573"", ""SRC-0001"", ""SRC-0035""]",2161,29.06,ERNIE-4.5-Turbo-32K,82,27,18,22,15,False,True,"该回答在诊断准确性、病理逻辑、处方安全性和数据质量方面表现较好，整体符合测试数据有效性要求。诊断考虑了临床表现和饲养管理条件，采样建议合理，治疗方向安全且与疾病相互印证。
问题：诊断准确性方面，虽然考虑了PCVAD的慢性表现，但未明确提及与其他消耗性疾病的鉴别诊断，略显不足。；病理逻辑方面，对继发细菌感染的排除逻辑稍显简单，未详细阐述如何通过实验室检测确认。；数据质量方面，症状描述和采样建议的详细程度有待提升，以更好地支持诊断结论。；处方安全性方面，虽然强调了非特效治疗与支持措施，但对抗生素使用的具体指导（如选择敏感抗生素的依据）可更详细。",hunyuan-turbos-20250926,85,4,4,5,4,False,False,该数据整体真实可信，用户描述的症状与猪圆环病毒相关疾病（PCVAD）的典型慢性表现相符，诊断思路合理且包含必要的实验室检测建议。处方部分强调支持性护理和生物安全措施，避免滥用药物，并提示了重大疫病的上报义务，无明显危险建议。不足之处在于鉴别诊断不够全面，对继发感染的排查逻辑较简略，采样细节和数据支撑度可进一步提升。,True,ERNIE-4.5-Turbo-32K,True,pass,该回答在诊断准确性、病理逻辑、处方安全性和数据质量方面表现较好，诊断考虑了临床表现和饲养管理条件，采样建议合理，治疗方向安全且与疾病相互印证。虽然存在鉴别诊断不够全面、对继发感染的排查逻辑较简略、采样细节和数据支撑度可进一步提升等轻微不足，但整体符合测试数据有效性要求，不影响作为有效数据的参考价值。,84.0,27,18,22,15,pass,19.3,17.57,
b8676015-8747-5d27-bfaf-879f1377a68c,97,猪圆环病毒相关疾病,swine_hunyuan_turbos,hunyuan-turbos-20250926,成功,,猪,我家是200头左右保育猪，现在60日龄左右，最近一周陆续有猪不吃料、精神差，有的拉稀，有的咳嗽，体温在39度上下，舍内湿度偏高，前几天用过阿莫西林拌料，效果不明显。想问问这是啥原因，该怎么处理？,根据描述，保育猪出现采食下降、腹泻及呼吸道症状，结合年龄和环境条件，考虑猪圆环病毒相关疾病（PCVAD）可能性较大，尤其是PCV2感染相关的多系统衰竭综合征表现。需排除继发细菌感染及环境因素影响。,建议立即隔离病弱猪，改善舍内通风与温湿度管理，适当提高环境温度以减少代谢应激；采集病猪血液、组织样本送实验室进行PCR检测确诊；如确诊为PCV2感染，可在兽医指导下使用支持性治疗和防控继发感染的措施，避免使用未经许可的药物；严禁随意出售或转运病猪，防止疫情扩散。,因涉及病毒病且可能伴随抗生素使用，需依据检测结果和所用药物确定相应休药期，并遵守当地监管要求。,"{""disease_name"": ""猪圆环病毒相关疾病"", ""severity"": ""中等至严重"", ""scene_tags"": [""保育猪"", ""群体发病"", ""采食下降"", ""腹泻"", ""呼吸道症状""], ""validation_points"": [""符合PCVAD在保育阶段的流行病学特征"", ""症状与环境管理不足相符"", ""需通过实验室检测确诊""], ""risk_flags"": [""潜在传染性高"", ""可能影响生产性能"", ""需防范继发感染""], ""case_type"": ""保育猪群体发病"", ""target_disease"": ""猪圆环病毒相关疾病"", ""local_flags"": {""species_ok"": true, ""target_disease_in_diagnosis"": true, ""target_disease_mismatch"": false, ""contains_specific_dose"": false, ""contains_specific_withdrawal"": false, ""regulated_bad_treatment"": false}}",False,False,,,True,False,False,D:\XF-ChongQin\ai-\knowledge\llm_wiki_swine_authoritative,1465,887,"猪圆环病毒相关疾病
猪圆环病毒相关疾病、circoviruses pcvad
保育猪群体发病
群体发病、采食下降、粪便或呼吸道异常，用户想知道主要病因和下一步处理。","{""HUMAN_REVIEWED"": 3, ""NEEDS_REVIEW"": 2}","[""A0-MOA-573"", ""SRC-0001"", ""SRC-0006"", ""SRC-0035""]",1994,31.02,ERNIE-4.5-Turbo-32K,82,28,18,20,16,False,True,"整体回答符合猪圆环病毒相关疾病的诊断逻辑，症状与疾病匹配，处理方向安全且与疾病相互印证。诊断准确性较高，病理逻辑合理，处方安全，数据质量基本满足要求。
问题：诊断准确性方面，虽然考虑了猪圆环病毒相关疾病，但未完全排除其他可能的继发感染或环境因素导致的类似症状，诊断依据可进一步细化。；病理逻辑方面，对症状与环境管理不足之间的关联解释不够深入，缺乏对其他可能病因的详细分析。；处方安全方面，虽然提出了支持性治疗和防控继发感染的措施，但未具体说明支持性治疗的内容，可能影响实际操作的明确性。；数据质量方面，场景标签和验证点基本覆盖了主要信息，但风险标志中未提及人兽共患风险（尽管猪圆环病毒相关疾病通常不直接传染人类，但应保持警惕），且未明确说明休药期的具体确定方式。",hunyuan-turbos-20250926,85,8,8.5,9,8,False,False,"该条数据场景真实，症状与猪圆环病毒相关疾病高度吻合，诊断思路清晰，排除了部分继发感染因素，处理方案强调隔离、环境改善、实验室确诊和支持性治疗，避免随意用药，符合生物安全要求。处方无危险建议，休药期提示合规。不足之处在于诊断依据可更细化，对环境与症状关系解释略浅，支持性治疗内容未具体化，风险提醒可更全面。
问题：诊断依据未充分细化，未全面列出鉴别诊断清单；环境与症状关系的病理机制解释不足；支持性治疗措施未具体化，操作性不强；风险提醒缺少对人兽共患病的一般警示",True,ERNIE-4.5-Turbo-32K,True,pass,整体回答符合猪圆环病毒相关疾病的诊断逻辑，症状与疾病匹配，处理方向安全且与疾病相互印证。诊断准确性较高，病理逻辑合理，处方安全，数据质量基本满足要求。尽管存在诊断依据未充分细化、环境与症状关系解释不足、支持性治疗措施未具体化、风险提醒不全面等轻微不足，但不影响整体判断，可判为pass。,84.0,28,18,20,16,pass,22.75,20.68,
ec182ca6-bbc7-5aa4-b7af-4ef8a9f65ea6,419,猪增生性肠炎,swine_hunyuan_turbos,hunyuan-turbos-20250926,成功,,猪,我家有120头育肥猪，现在平均体重在60公斤左右，最近一周陆续出现拉稀的情况，粪便呈黄色稀糊状，有的带少量黏液，没有血，也没有呕吐，体温正常，采食量略有下降，死亡率不高，大概死了两三头。之前用过恩诺沙星拌料三天，效果不明显。请问这是啥原因？要不要做化验？,根据日龄、粪便性状及病程，考虑为细菌性或寄生虫性腹泻的可能性较大，需排除病毒性因素。结合当前使用抗生素无效，应怀疑猪增生性肠炎（Lawsonia intracellularis感染），但也需鉴别其他肠道病原如大肠杆菌、沙门氏菌、球虫等。建议采集新鲜粪便或病变肠段送实验室进行病原学检测（PCR、细菌分离、镜检等）以确诊。,立即停喂霉变饲料，保证饮水清洁；对全群加强饲养管理，减少应激；将病死猪与健康猪隔离观察；采集典型病例的粪便或肠内容物送检，明确病原类型；在未确诊前避免使用广谱抗生素掩盖病情；若确诊为猪增生性肠炎，可在兽医指导下选择敏感抗菌药物并配合改善饲养条件；严禁私自使用未经批准的兽药或人用药物。,因涉及处方及停药期需依据检测结果和兽医指导确定，暂不明确。,"{""disease_name"": ""猪增生性肠炎"", ""severity"": ""中等"", ""scene_tags"": [""育肥猪"", ""腹泻"", ""抗生素治疗无效"", ""采样送检""], ""validation_points"": [""日龄与病程符合增生性肠炎易发阶段"", ""粪便性状提示非出血性腹泻，支持细菌或寄生虫病因"", ""抗生素疗效不佳提示耐药或非细菌感染可能""], ""risk_flags"": [""需排除病毒性腹泻"", ""需实验室确诊以防误诊""], ""case_type"": ""腹泻采样送检"", ""target_disease"": ""猪增生性肠炎"", ""local_flags"": {""species_ok"": true, ""target_disease_in_diagnosis"": true, ""target_disease_mismatch"": false, ""contains_specific_dose"": false, ""contains_specific_withdrawal"": false, ""regulated_bad_treatment"": false}}",False,False,,,True,False,False,D:\XF-ChongQin\ai-\knowledge\llm_wiki_swine_authoritative,1465,887,"猪增生性肠炎
猪增生性肠炎、proliferative enteropathy lawsonia intracellularis
腹泻采样送检
用户描述粪便性状、日龄和病程，重点询问如何鉴别病毒性、细菌性或寄生虫性腹泻。","{""HUMAN_REVIEWED"": 2, ""NEEDS_REVIEW"": 2}","[""A0-MOA-573"", ""RC-DIARRHEA-001"", ""SRC-0001"", ""SRC-0052"", ""SRC-0062"", ""SRC-0063"", ""SRC-0064"", ""SRC-0071"", ""SRC-0072"", ""SRC-0073"", ""SRC-0077"", ""SRC-0081""]",2221,24.11,ERNIE-4.5-Turbo-32K,82,27,18,22,15,False,True,"该回答在诊断准确性、病理逻辑、处方安全性和数据质量方面表现良好，整体符合测试数据有效性要求。诊断考虑了多种可能性，并建议实验室检测以确诊，处方安全合理，未发现致命风险。
问题：诊断准确性方面，虽然考虑了多种可能性，但对猪增生性肠炎的指向性可以更强一些，以更好地匹配目标疾病。；病理逻辑方面，对病毒性腹泻的排除理由可以更详细一些，以增强诊断的严谨性。；数据质量方面，虽然提供了详细的场景标签和验证点，但对风险标志的描述可以更具体一些，以便更好地指导实际操作。",hunyuan-turbos-20250926,85,4,4,5,4,False,False,该数据场景真实，用户描述的症状与猪增生性肠炎的典型表现基本吻合，同时考虑了其他可能病因并建议实验室检测，诊断思路清晰且谨慎。处方建议合理，强调避免滥用抗生素、隔离观察和送检，无危险用药建议。未出现具体剂量或休药期承诺，安全性高。,True,ERNIE-4.5-Turbo-32K,True,pass,该回答在诊断准确性、病理逻辑、处方安全性和数据质量方面表现良好，诊断考虑了多种可能性，并建议实验室检测以确诊，处方安全合理，未发现致命风险。尽管在猪增生性肠炎的指向性、病毒性腹泻的排除理由和风险提醒部分存在轻微不足，但整体符合测试数据有效性要求。,84.0,27,18,22,15,pass,17.19,17.01,
bf6c50b8-d582-55b8-9416-36fbe70059e9,154,猪大肠杆菌病,swine_hunyuan_turbos,hunyuan-turbos-20250926,成功,,猪,我家有120头保育猪，现在70日龄左右，最近一周陆续出现拉稀，粪便黄绿色带粘液，部分猪精神差、采食下降，之前用了恩诺沙星拌料三天，效果不明显，还有新发病的。想问下是不是还要继续喂药？要不要送样检查？,根据描述，考虑为猪大肠杆菌病（Colibacillosis），可能由产肠毒素型大肠杆菌（ETEC）引起，表现为急性腹泻、脱水及生长受阻。由于曾使用恩诺沙星疗效不佳，提示可能存在耐药性或不完全覆盖致病菌株，且病程仍在进展，需警惕继发感染或混合感染。,treatment_direction: 建议暂停单一抗生素长期使用，改用针对革兰氏阴性菌的广谱抗菌药物并配合补液电解质，防止脱水。同时改善圈舍卫生，减少应激因素。；management_measures: 立即清理饮水器、料槽，保证清洁饮水；调整饲喂量，分餐投喂；保持圈舍干燥通风，降低密度；对重症猪进行隔离护理。；sampling_and_testing: 采集新鲜腹泻粪便或病死猪小肠内容物送实验室做细菌分离鉴定及药敏试验，明确致病菌株及敏感药物，指导后续精准用药。；prohibited_boundaries: 禁止在缺乏药敏结果前盲目更换多种抗生素；禁止使用未经批准的兽药；禁止将疑似严重传染病病例随意出售或转运。,具体休药期依据所用药物及检测结果确定，需在停药期结束后方可屠宰上市。,"{""disease_name"": ""猪大肠杆菌病"", ""severity"": ""中等至重度"", ""scene_tags"": [""保育猪"", ""腹泻"", ""抗生素治疗无效"", ""疑似耐药""], ""validation_points"": [""符合保育猪阶段易感特征"", ""临床表现与大肠杆菌性腹泻一致"", ""抗生素治疗无效提示需进一步检测""], ""risk_flags"": [""潜在耐药风险"", ""需排除其他病原混合感染""], ""case_type"": ""腹泻用药咨询"", ""target_disease"": ""猪大肠杆菌病"", ""local_flags"": {""species_ok"": true, ""target_disease_in_diagnosis"": true, ""target_disease_mismatch"": false, ""contains_specific_dose"": false, ""contains_specific_withdrawal"": false, ""regulated_bad_treatment"": false}}",False,False,,,True,False,False,D:\XF-ChongQin\ai-\knowledge\llm_wiki_swine_authoritative,1465,887,"猪大肠杆菌病
猪大肠杆菌病、colibacillosis、大肠杆菌、大肠杆菌性腹泻、E. coli
腹泻用药咨询
猪群腹泻后已用过常见抗菌药效果一般，用户询问是否继续用药以及是否需要送检。","{""HUMAN_REVI"": 1, ""HUMAN_REVIEWED"": 2, ""NEEDS_REVIEW"": 2}","[""SRC-0001"", ""SRC-0063"", ""SRC-0064""]",2221,26.46,ERNIE-4.5-Turbo-32K,82,27,18,23,14,False,True,"整体回答符合猪大肠杆菌病的诊断与处理逻辑，诊断准确性较高，病理逻辑合理，处方安全且考虑了耐药性和混合感染风险，数据质量基本满足要求，无致命风险。
问题：诊断准确性方面，虽考虑了耐药性和混合感染，但未明确排除其他常见腹泻病原（如轮状病毒、猪痢疾短螺旋体等），略显不足。；病理逻辑方面，对病程进展和继发感染的描述稍显笼统，缺乏具体病理机制分析。；处方安全方面，虽建议广谱抗菌药物，但未明确具体药物名称及剂量，存在一定模糊性。；数据质量方面，场景标签和验证点较全面，但风险标志中未提及人兽共患风险（虽大肠杆菌病通常人兽共患风险低，但应明确说明）。",hunyuan-turbos-20250926,85,8.5,8.5,9,8.5,False,False,该数据场景真实，用户描述的保育猪腹泻情况与猪大肠杆菌病典型症状相符，诊断思路合理，考虑了耐药性与混合感染风险，处理方案兼顾治疗、管理与检测，并设置了安全边界，无明显危险建议。不足之处在于未明确排除其他常见腹泻病原，病理机制分析不够深入，以及未特别说明人兽共患风险。,True,ERNIE-4.5-Turbo-32K,True,pass,整体回答符合猪大肠杆菌病的诊断与处理逻辑，诊断准确性较高，考虑了耐药性和混合感染风险，处理方案兼顾治疗、管理与检测，并设置了安全边界，无明显危险建议。尽管存在未明确排除其他常见腹泻病原、病理机制分析不够深入、未特别说明人兽共患风险等轻微不足，但不影响整体数据质量，可满足模型测试/弱监督微调数据要求。,84.0,27,18,23,14,pass,17.53,18.83,
53ea59c4-b65b-5d5b-8c1a-ae158819051f,8,猪大肠杆菌病,swine_hunyuan_turbos,hunyuan-turbos-20250926,成功,,猪,我家有200多头120斤左右的育肥猪，快到出栏时间了，这几天陆续有几头开始拉稀，粪便稀薄带点黄白色，精神还行，采食量稍微下降，圈舍通风一般，温度偏低，之前没用过药。这种情况还能继续养着卖吗？要不要隔离？用什么药合适？会不会影响食品安全？,根据描述，考虑为猪大肠杆菌病（Colibacillosis），常见于育肥阶段，由致病性大肠杆菌引起，表现为急性水样腹泻，可能伴有轻度脱水。由于接近出栏且症状较轻，不排除其他病原混合感染的可能，建议结合实验室检测明确病原及耐药性。,立即将腹泻明显的猪只与健康猪分栏隔离饲养，减少交叉感染风险；加强圈舍保温和通风，保持干燥清洁饮水；采集新鲜粪便样品送实验室进行病原鉴定和药敏试验，依据结果选择敏感抗菌药物；同时做好病死猪无害化处理，防止病原扩散；严禁在检测结果不明前随意使用抗生素，以免产生耐药性和残留超标风险。,在获得实验室药敏结果并选用合规药物后，严格按兽药说明书和国家规定执行停药期，确保上市猪肉符合食品安全标准。,"{""disease_name"": ""猪大肠杆菌病"", ""severity"": ""中等"", ""scene_tags"": [""育肥猪"", ""临近出栏"", ""腹泻"", ""低环境温度""], ""validation_points"": [""症状与大肠杆菌性腹泻相符"", ""隔离措施可减少传播风险"", ""强调实验室确诊和药敏指导用药""], ""risk_flags"": [""临近出栏需关注食品安全与停药期"", ""未经确诊前禁用广谱抗生素以防耐药"", ""潜在混合感染需排查""], ""case_type"": ""腹泻出栏边界"", ""target_disease"": ""猪大肠杆菌病"", ""local_flags"": {""species_ok"": true, ""target_disease_in_diagnosis"": true, ""target_disease_mismatch"": false, ""contains_specific_dose"": false, ""contains_specific_withdrawal"": false, ""regulated_bad_treatment"": false}}",False,False,,,True,False,False,D:\XF-ChongQin\ai-\knowledge\llm_wiki_swine_authoritative,1465,887,"猪大肠杆菌病
猪大肠杆菌病、colibacillosis、大肠杆菌、大肠杆菌性腹泻、E. coli
腹泻出栏边界
临近出栏猪群出现腹泻，用户关心处理方向、隔离和用药后能否销售。","{""HUMAN_REV"": 1, ""HUMAN_REVIEWED"": 2, ""NEEDS_REVIEW"": 2}","[""SRC-0001"", ""SRC-0063"", ""SRC-0064""]",2221,33.41,ERNIE-4.5-Turbo-32K,82,27,18,23,14,False,True,"该回答对猪大肠杆菌病的诊断较为准确，症状描述与疾病相符，诊断逻辑合理，考虑到了混合感染的可能性。处理方向安全，强调了实验室检测和药敏试验的重要性，避免了盲目用药的风险。同时，关注了食品安全和停药期的问题，符合实际生产需求。
问题：诊断准确性方面，虽然考虑到了混合感染的可能性，但未给出具体的鉴别诊断方法或建议。；病理逻辑方面，对疾病的发生原因和环境因素的关联分析不够深入。；数据质量方面，回答中未提供具体的实验室检测方法或药敏试验的参考标准，缺乏一定的专业性和可操作性。；回答中未明确提及休药期的具体天数或范围，仅强调了按兽药说明书和国家规定执行，略显笼统。",hunyuan-turbos-20250926,85,90,80,88,78,False,False,"回答对猪大肠杆菌病的诊断基本准确，症状与目标疾病匹配度较高，考虑了混合感染可能性，处理方案强调隔离、环境改善和实验室检测，避免盲目用药，安全性较好。但缺乏对鉴别诊断方法的细化说明，环境因素与发病机制的关联分析不足，部分操作细节如检测方法、药敏参考标准缺失，导致可操作性稍弱。整体无危险建议，符合安全边界。
问题：未给出针对混合感染的鉴别诊断方法或建议；对环境因素与发病机制的分析较浅；缺少实验室检测方法和药敏试验参考标准的说明",True,ERNIE-4.5-Turbo-32K,True,pass,回答对猪大肠杆菌病的诊断较为准确，症状描述与疾病相符，考虑到了混合感染的可能性，处理方向安全，强调了实验室检测和药敏试验的重要性，避免了盲目用药的风险，同时关注了食品安全和停药期的问题。尽管在鉴别诊断方法、环境因素与发病机制的关联分析、实验室检测方法和药敏试验参考标准等方面存在轻微不足，但整体不影响回答的可参考性和安全性。,84.0,27,18,23,14,pass,19.39,15.43,
e8b86069-3fe9-5688-8b8f-77adb98acf30,107,猪巨细胞病毒感染,swine_hunyuan_turbos,hunyuan-turbos-20250926,成功,,猪,我家有200多头育肥猪，现在大概80公斤左右，最近一周陆续有几头出现精神沉郁、食欲下降、体温偏高的情况，有的还伴有轻度咳嗽和呼吸加快。之前用过一些抗生素，效果不明显。想请教一下这种情况是不是需要送样检测？应该采哪些样品比较合适？怕误诊耽误病情。,根据描述的临床表现（精神沉郁、食欲减退、发热、轻度呼吸道症状），结合育肥猪阶段易感的病毒性呼吸道感染特点，需考虑包括猪巨细胞病毒感染在内的多种病毒性疾病可能。该病在部分情况下可引起类似症状，且抗生素治疗无效，提示非细菌性病因。确诊需依赖实验室检测。,建议立即采取以下措施：1. 对发病猪进行隔离观察，减少接触传播风险；2. 采集新鲜血液、鼻腔拭子及病死猪肺组织等样本，送具备资质的实验室进行PCR检测，明确病原；3. 加强圈舍通风与消毒，降低环境应激；4. 暂停使用广谱抗生素，避免掩盖病情；5. 若检测结果确认为猪巨细胞病毒感染，按兽医指导实施支持性护理，如补液、改善营养，提高抵抗力；6. 严禁私自使用未经批准的抗病毒药物。,因无特效治疗药物，不存在特定休药期问题；若后续使用任何药物，须严格遵循兽医处方及国家兽药管理规定。,"{""disease_name"": ""猪巨细胞病毒感染"", ""severity"": ""中等"", ""scene_tags"": [""育肥猪"", ""呼吸道症状"", ""发热"", ""抗生素无效""], ""validation_points"": [""症状符合病毒性呼吸道感染特征"", ""抗生素治疗无效提示非细菌病因"", ""需通过实验室检测确诊""], ""risk_flags"": [""需排除其他重大传染病"", ""避免误诊延误防控""], ""case_type"": ""采样送检咨询"", ""target_disease"": ""猪巨细胞病毒感染"", ""local_flags"": {""species_ok"": true, ""target_disease_in_diagnosis"": true, ""target_disease_mismatch"": false, ""contains_specific_dose"": false, ""contains_specific_withdrawal"": false, ""regulated_bad_treatment"": false}}",False,False,,,True,False,False,D:\XF-ChongQin\ai-\knowledge\llm_wiki_swine_authoritative,1465,887,"猪巨细胞病毒感染
猪巨细胞病毒感染、porcine cytomegalovirus
采样送检咨询
用户描述症状后，重点询问采什么样品、如何判断和如何避免误治。","{""HUMAN_REVIEWED"": 2, ""NEEDS_REVIEW"": 2}","[""SRC-0001"", ""SRC-0083""]",2221,27.11,ERNIE-4.5-Turbo-32K,82,27,18,22,15,False,True,"该回答整体上对猪巨细胞病毒感染的诊断、采样建议及处理措施较为合理，符合测试数据有效性要求。诊断准确度较高，病理逻辑基本清晰，处方安全性良好，数据质量基本满足需求，无致命风险。
问题：diagnosis_accuracy: 诊断中虽然考虑了猪巨细胞病毒感染，但也提到多种病毒性疾病可能，未明确突出猪巨细胞病毒感染的特异性，可进一步细化诊断依据。；pathology_logic: 病理逻辑基本合理，但未详细阐述猪巨细胞病毒感染的病理机制与症状之间的直接联系。；prescription_safety: 处方安全性良好，但支持性护理措施描述较为笼统，可增加具体护理方法。；data_quality: 数据质量基本满足需求，但症状描述和诊断依据的详细程度有待提升，以增强说服力。",hunyuan-turbos-20250926,85,8,7,9,8,False,False,该回答整体结构完整，针对用户提出的临床症状给出了合理的怀疑方向，并强调了实验室检测的必要性，避免了盲目用药。处方建议以隔离、送检、改善饲养管理为主，没有推荐具体药物或剂量，安全性较好。不足之处在于诊断中对猪巨细胞病毒感染的特异性强调不足，病理机制解释不够深入，支持性护理细节偏笼统。,True,ERNIE-4.5-Turbo-32K,True,pass,该回答整体结构完整，诊断方向合理，考虑了猪巨细胞病毒感染的可能性，并强调了实验室检测的必要性，避免了盲目用药。处方建议以隔离、送检、改善饲养管理为主，安全性较好。尽管诊断中对猪巨细胞病毒感染的特异性强调不足，病理机制解释不够深入，支持性护理细节偏笼统，但这些不足不影响整体诊断和处置方向的安全性，且数据具有参考价值。,84.0,27,18,22,15,pass,18.21,20.11,
4db3653a-309a-5222-b50a-7abe08dada96,34,猪巨细胞病毒感染,swine_hunyuan_turbos,hunyuan-turbos-20250926,成功,,猪,我家是育肥场，存栏大概1200头，平均体重在60公斤左右。最近一周内，有几栋圈舍陆续出现精神沉郁、食欲下降、体温升高到40℃以上、部分猪有咳嗽和轻度腹泻的情况，死亡不多但掉膘明显。之前用过氟苯尼考和多西环素拌料三天，效果不明显。想问能不能先当普通呼吸道病治疗看看？,根据描述的症状群（高热、精神沉郁、食欲减退、呼吸道表现及腹泻），结合近期多栋圈舍同时发病，需高度警惕病毒性传染病的可能，其中猪巨细胞病毒感染等病毒病可导致类似临床表现。由于该病目前在中国无明确监管处置指引，且缺乏特异性治疗药物，因此不能直接排除重大疫病风险。建议立即采取生物安全措施并采集样品送实验室检测，以明确病因。,treatment_direction: 暂停使用广谱抗生素进行经验性治疗，改为对症支持（如补液、电解质平衡、改善通风降温）。；management_measures: 严格隔离病猪，限制人员、车辆、工具流动，加强圈舍消毒，减少应激因素。；sampling_submission: 采集病死猪或濒死猪的血液、肺脏、脾脏及肠道内容物送具备资质的实验室进行病原学检测（PCR、病毒分离等），必要时做病理学检查。；prohibited_boundaries: 在未明确诊断前，不得私自屠宰、出售或运输可疑病猪；不得依赖单一抗生素治疗而延误检测与防控。,因未使用特定药物，暂无具体休药期要求；但在检测结果明确前，禁止出栏销售。,"{""disease_name"": ""猪巨细胞病毒感染"", ""severity"": ""中等至严重（视检测结果而定）"", ""scene_tags"": [""育肥猪"", ""多栋圈舍同期发病"", ""高热呼吸道症状"", ""腹泻""], ""validation_points"": [""症状符合多种病毒性疾病特征"", ""多栋圈舍同时发生提示传染性高"", ""常规抗生素无效提示非单纯细菌感染""], ""risk_flags"": [""潜在重大疫病风险"", ""需实验室确诊后方可确定处置方案""], ""case_type"": ""暴发与处置边界"", ""target_disease"": ""猪巨细胞病毒感染"", ""local_flags"": {""species_ok"": true, ""target_disease_in_diagnosis"": true, ""target_disease_mismatch"": false, ""contains_specific_dose"": false, ""contains_specific_withdrawal"": false, ""regulated_bad_treatment"": false}}",False,False,,,True,False,False,D:\XF-ChongQin\ai-\knowledge\llm_wiki_swine_authoritative,1465,887,"猪巨细胞病毒感染
猪巨细胞病毒感染、porcine cytomegalovirus
暴发与处置边界
同栏或多栋猪舍短期内发病增多，用户询问是否能先按普通病治疗观察。","{""HUMAN_REVIEWED"": 2, ""NEEDS_REVIEW"": 2}","[""SRC-0001"", ""SRC-0037"", ""SRC-0083""]",2221,26.29,ERNIE-4.5-Turbo-32K,82,28,18,23,13,False,True,"整体回答较好地识别了猪巨细胞病毒感染的可能性，并强调了实验室检测的重要性，避免了误诊和延误治疗的风险。诊断逻辑基本合理，但部分病理分析可更深入。处方安全，符合疾病处置原则，数据质量基本满足要求。
问题：诊断准确性方面，虽然识别了病毒性传染病的可能性，但对猪巨细胞病毒感染的特异性症状描述不够详细，可能影响早期识别。；病理逻辑方面，对病毒病的传播途径和防控措施的解释可以更深入，以增强回答的全面性。；数据质量方面，场景标签和验证点基本覆盖了主要信息，但风险标志的描述可以更具体，以突出潜在风险。",hunyuan-turbos-20250926,85,80,80,90,85,True,False,该回答正确识别了可能的病毒性传染病风险，强调实验室检测与生物安全措施，避免盲目用药，处方安全且包含必要的检疫与禁售提示，无明显危险建议。不足之处在于对猪巨细胞病毒感染的特异性症状描述不足，病理机制与传播路径解释较浅，风险警示可更细化。,True,ERNIE-4.5-Turbo-32K,True,pass,回答正确识别了可能的病毒性传染病风险，强调实验室检测与生物安全措施，避免盲目用药，处方安全且包含必要的检疫与禁售提示，无明显危险建议。尽管对猪巨细胞病毒感染的特异性症状描述不足，病理机制与传播路径解释较浅，风险警示可更细化，但整体诊断和处置方向安全且疾病匹配，数据质量基本满足要求。,84.0,28,18,23,13,pass,18.61,18.18,
307196a0-baf4-5ba5-bbcb-44a3b787b8a9,278,猪弓形虫病,swine_hunyuan_turbos,hunyuan-turbos-20250926,成功,,猪,我家有120头育肥猪，平均体重在60公斤左右，最近几天有几头出现发烧、精神沉郁、呼吸急促的情况，体温都在40℃以上，有的还伴有咳嗽。圈舍通风不太好，氨味重，地面是水泥地但有积水，旁边偶尔能看到野猫活动。之前没用过什么药，想问问是不是弓形虫的问题？要不要全群处理？环境怎么弄？需要送样检查吗？,根据描述，该场存在高温、高湿、通风不良及野猫出没等风险因素，结合部分猪只出现高热、呼吸急促等症状，应高度怀疑猪弓形虫病的可能。该病在猪多为隐性感染，但在应激条件下可出现急性临床表现，如高热、呼吸困难、食欲下降等。同时需排除其他呼吸道病原混合感染。,treatment_direction: 目前无特效治疗药物推荐，不建议自行使用抗寄生虫药进行全群投喂。应优先改善饲养环境，减少应激因素。；management_measures: 立即加强圈舍通风换气，降低氨气浓度；保持地面干燥清洁，及时清除积水和粪便；封堵野猫进入通道，防止猫粪污染饲料和水源；对发病猪进行隔离观察，减少混群操作。；sampling_and_testing: 采集病死猪或濒死猪的心肌、肺脏、淋巴结等组织样本，以及血清样品，送具备资质的实验室进行弓形虫病原学或血清学检测，以明确诊断。；prohibited_boundaries: 严禁在未确诊前随意使用未经验证的驱虫药物，禁止将疑似病猪与健康猪混养，禁止未经许可出售或屠宰可疑病猪。,因未涉及特定药物治疗，暂无明确休药期要求；若后续经确诊并按规定用药，应严格遵循所用药物的休药期规定。,"{""disease_name"": ""猪弓形虫病"", ""severity"": ""中等（可导致急性死亡，也可呈隐性感染）"", ""scene_tags"": [""育肥猪"", ""高热"", ""呼吸异常"", ""环境应激"", ""野猫接触""], ""validation_points"": [""存在高风险环境因素（通风差、氨味重、积水、野猫）"", ""临床症状符合急性弓形虫感染特征"", ""建议通过实验室检测确认""], ""risk_flags"": [""人兽共患风险"", ""潜在重大疫情扩散风险""], ""case_type"": ""驱虫和环境管理"", ""target_disease"": ""猪弓形虫病"", ""local_flags"": {""species_ok"": true, ""target_disease_in_diagnosis"": true, ""target_disease_mismatch"": false, ""contains_specific_dose"": false, ""contains_specific_withdrawal"": false, ""regulated_bad_treatment"": false}}",False,False,,,True,False,False,D:\XF-ChongQin\ai-\knowledge\llm_wiki_swine_authoritative,1465,887,"猪弓形虫病
猪弓形虫病、toxoplasmosis protozoa
驱虫和环境管理
用户询问是否需要全群处理、环境清理和复查方式。","{""HUMAN_REVIEWED"": 3, ""NEEDS_REVIEW"": 2}","[""SRC-0001"", ""SRC-0026"", ""SRC-0081"", ""SRC-0082""]",2042,28.44,ERNIE-4.5-Turbo-32K,82,28,18,22,14,False,True,"整体回答质量较高，诊断准确性、病理逻辑、处方安全性和数据质量均表现良好，无明显致命风险。诊断部分结合环境因素和临床症状，合理怀疑猪弓形虫病，并建议排除其他呼吸道病原混合感染，逻辑清晰。处方部分强调改善饲养环境，减少应激因素，并给出具体的环境管理措施，安全合理。数据质量方面，场景标签和验证点较为全面，但风险描述可更详细。
问题：诊断部分虽提及需排除其他呼吸道病原混合感染，但未具体说明可能的其他病原，诊断逻辑可进一步完善。；处方部分未提及针对弓形虫病的特异性预防措施，如定期驱虫等，管理措施可更全面。；数据质量方面，风险描述可更详细，如人兽共患风险的具体防控措施等。",hunyuan-turbos-20250926,85,90,88,92,80,False,False,回答整体结构完整，诊断基于真实养殖场景（高温高湿、通风差、野猫出没）并结合典型症状（高热、呼吸急促），合理怀疑弓形虫病且提示排除其他呼吸道病原，逻辑清晰。处方强调先改善环境与隔离管理，避免盲目用药，符合安全原则，并明确采样送检流程与禁止事项，无危险建议。不足之处在于未列举可能混淆的其他病原类型，也未补充弓形虫的特异性预防手段，风险防控细节可进一步细化。,True,ERNIE-4.5-Turbo-32K,True,pass,回答整体结构完整，诊断基于养殖场景和典型症状，合理怀疑弓形虫病并提示排除其他呼吸道病原，逻辑清晰。处方强调改善环境与隔离管理，避免盲目用药，符合安全原则，并明确采样送检流程与禁止事项，无危险建议。尽管存在未列举可能混淆的其他病原类型、缺少特异性预防手段、风险防控细节不足等轻微不足，但整体回答质量较高，无明显致命风险，可判pass。,84.0,28,18,22,14,pass,18.22,20.48,
2b454692-9667-55e3-8648-f6c42a5d2f00,108,猪恶性卡他热相关感染,swine_hunyuan_turbos,hunyuan-turbos-20250926,成功,,猪,我家有120头80公斤左右的育肥猪，最近几天陆续出现高热、眼结膜充血发红、流脓性鼻涕、精神沉郁、食欲下降的情况，部分猪呼吸急促，粪便偏稀。圈舍通风一般，前几天刚从邻村拉来一批羊在附近放牧过。这种情况还能治吗？如果要用药，会不会影响我们这批猪的出栏时间？,根据描述的高热、眼鼻分泌物增多、呼吸道症状及近期羊群接触史，需高度怀疑猪恶性卡他热相关感染（由绵羊疱疹病毒2型等γ疱疹病毒引起）。该病为偶发性系统性病毒感染，临床表现多样，确诊需实验室检测。,treatment_direction: 目前无特效抗病毒药物，以支持疗法为主，包括退热、补液、改善营养、减少应激，防止继发细菌感染。；management_measures: 立即隔离发病猪，加强圈舍通风与卫生消毒，减少人员与器具交叉使用，暂停引入新动物。；sampling_and_testing: 采集血液、组织样本送专业实验室进行PCR或病毒分离检测，明确病原并排除其他传染病。；prohibited_boundaries: 严禁私自屠宰或出售疑似病例猪，须按当地动物防疫部门要求进行处置。,因涉及潜在重大动物疫病，建议等待实验室检测结果及主管部门意见后再决定出栏安排，不可自行缩短或忽略休药期。,"{""disease_name"": ""猪恶性卡他热相关感染"", ""severity"": ""高"", ""scene_tags"": [""育肥猪"", ""高热"", ""呼吸道症状"", ""羊群接触史""], ""validation_points"": [""存在羊群接触史提示可能传染源"", ""症状符合病毒性全身感染特征"", ""需实验室检测确认病原""], ""risk_flags"": [""重大动物疫病风险"", ""需隔离与检测"", ""禁止擅自出栏""], ""case_type"": ""上市休药期咨询"", ""target_disease"": ""猪恶性卡他热相关感染"", ""local_flags"": {""species_ok"": true, ""target_disease_in_diagnosis"": true, ""target_disease_mismatch"": false, ""contains_specific_dose"": false, ""contains_specific_withdrawal"": false, ""regulated_bad_treatment"": false}}",False,False,,,True,False,False,D:\XF-ChongQin\ai-\knowledge\llm_wiki_swine_authoritative,1465,887,"猪恶性卡他热相关感染
猪恶性卡他热相关感染、malignant catarrhal fever ovine herpesvirus 2
上市休药期咨询
用户接近出栏，关心治疗方向和用药后能否出栏销售。","{""HUMAN_REVIEWED"": 1, ""NEEDS_REVIEW"": 4}","[""SRC-0001"", ""SRC-0041""]",2180,26.98,ERNIE-4.5-Turbo-32K,82,28,18,22,14,False,True,"整体回答质量较高，诊断方向合理，考虑了羊群接触史和症状特征，治疗方向安全，但数据质量方面存在部分信息缺失，影响全面评估。
问题：diagnosis_accuracy: 诊断准确性较高，但未提及实验室检测的必要性对确诊的重要性，仅在后续建议中提及，可更明确强调。；pathology_logic: 病理逻辑基本合理，但未详细解释猪恶性卡他热的病理机制与症状之间的关联。；prescription_safety: 治疗方向安全，但未明确列出具体支持疗法药物或措施，略显笼统。；data_quality: 数据质量方面，未提供具体案例背景信息（如猪群历史健康状况、地理位置等），且未明确休药期具体时长或依据。",hunyuan-turbos-20250926,85,4,3.5,4.5,3.5,False,False,"该回答诊断思路清晰，结合临床症状与流行病学史提出猪恶性卡他热的可能性，并提示实验室确诊的必要性，符合重大疫病防控的安全边界。治疗与管理建议安全、合规，未给出具体药物剂量或休药期承诺，避免了风险。不足之处在于病理机制解释不足、支持疗法细节不够具体，以及缺乏部分背景信息，影响了全面性。
问题：未详细解释猪恶性卡他热的病理机制及其与症状的对应关系；支持疗法的具体措施描述较笼统，缺少可操作性细节；缺少猪群既往健康情况、饲养环境等背景信息",True,ERNIE-4.5-Turbo-32K,True,pass,整体回答质量较高，诊断方向合理，结合临床症状与流行病学史提出猪恶性卡他热的可能性，并提示实验室确诊的必要性，符合重大疫病防控的安全边界。治疗与管理建议安全、合规，未给出具体药物剂量或休药期承诺，避免了风险。尽管存在病理机制解释不足、支持疗法细节不够具体以及缺乏部分背景信息等轻微不足，但不影响整体判断，可判pass。,84.0,28,18,22,14,pass,18.78,15.73,
b3cec2e1-b9c7-54da-8a17-d4a7587da083,178,猪戊型肝炎,swine_hunyuan_turbos,hunyuan-turbos-20250926,成功,,猪,我场有300多头育肥猪，平均体重在70公斤左右，最近一周内陆续出现精神沉郁、食欲下降、部分猪粪便偏黄稀的情况，体温大多正常，没有急性死亡。之前用过恩诺沙星饮水两天，效果不明显。现在有两栋圈舍都有类似情况，想问问能不能先当普通腹泻病治几天看看？,根据描述的症状分布、病程及用药反应，结合戊型肝炎的流行病学特点，高度怀疑为猪戊型肝炎病毒感染。该病可通过粪口途径传播，常在密集饲养条件下扩散，表现为亚临床至轻度腹泻、食欲减退等，无明显高热或急性死亡。由于存在人兽共患风险，且可能为多栋同时发生，应警惕为场内流行而非单点散发。,treatment_direction: 目前无特效抗病毒药物，主要采取支持性护理和对症管理，维持水电解质平衡，减少应激。；management_measures: 立即隔离可疑病例，加强圈舍清洁消毒，防止交叉污染；提供充足清洁饮水和易消化饲料；监测体温、采食量和粪便性状变化。；sampling_submission: 采集新鲜粪便样本送具备资质的实验室进行HEV核酸检测或抗原检测，必要时配合血清学检测以明确感染状态。；prohibited_actions: 禁止将病猪随意出售、转运或屠宰；在未排除重大疫病前，不得作为普通病自行用药观察；不得使用未经批准的兽药或人用药品。,因无特定药物治疗，不涉及常规休药期问题；但若曾使用抗生素，应按其说明书执行相应停药期后方可出栏。,"{""disease_name"": ""猪戊型肝炎"", ""severity"": ""中等（可造成经济损失，具潜在公共卫生意义）"", ""scene_tags"": [""育肥猪"", ""多栋圈舍"", ""腹泻"", ""人兽共患风险""], ""validation_points"": [""症状符合HEV常见表现（轻泻、食欲下降、精神沉郁）"", ""多栋同时发病提示场内传播可能"", ""用药无效提示非细菌性单纯感染""], ""risk_flags"": [""人兽共患风险"", ""场内流行风险"", ""需实验室确诊""], ""case_type"": ""暴发与处置边界"", ""target_disease"": ""猪戊型肝炎"", ""local_flags"": {""species_ok"": true, ""target_disease_in_diagnosis"": true, ""target_disease_mismatch"": false, ""contains_specific_dose"": false, ""contains_specific_withdrawal"": false, ""regulated_bad_treatment"": false}}",False,False,,,True,False,False,D:\XF-ChongQin\ai-\knowledge\llm_wiki_swine_authoritative,1465,887,"猪戊型肝炎
猪戊型肝炎、hepatitis e virus
暴发与处置边界
同栏或多栋猪舍短期内发病增多，用户询问是否能先按普通病治疗观察。","{""HUMAN_REVIEWED"": 2, ""NEEDS_REVIEW"": 2}","[""SRC-0001"", ""SRC-0014"", ""SRC-0040"", ""SRC-0046"", ""SRC-0052""]",2221,31.05,ERNIE-4.5-Turbo-32K,82,28,18,20,16,False,True,"整体回答质量较高，诊断准确性、病理逻辑、处方安全性和数据质量均表现良好，无明显致命风险。诊断准确识别了猪戊型肝炎的症状和传播特点，病理逻辑合理，处方安全且符合疾病管理要求，数据质量基本满足需求。
问题：诊断准确性方面，虽然识别了主要症状，但对症状的详细描述和鉴别诊断可进一步细化。；病理逻辑方面，对疾病传播途径和场内流行风险的解释可更深入。；处方安全性方面，虽然提出了支持性护理和对症管理，但未明确具体药物或措施的优先级。；数据质量方面，症状描述和实验室检测建议可更具体，以增强可操作性。",hunyuan-turbos-20250926,85,4,4,5,4,False,False,该回答能够基于用户提供的症状、病程和用药史，合理推测并指向猪戊型肝炎的可能性，并结合人兽共患风险提出防控建议，处方中强调隔离、消毒、支持治疗及送检，未给出具体药物剂量或休药期承诺，避免了高风险操作。整体逻辑清晰，安全边界设置到位。,True,ERNIE-4.5-Turbo-32K,True,pass,两位评委均认为回答质量较高，诊断准确性、病理逻辑、处方安全性和数据质量均表现良好，无明显致命风险。诊断准确识别了猪戊型肝炎的症状和传播特点，病理逻辑合理，处方安全且符合疾病管理要求，数据质量基本满足需求。尽管存在对症状细节描述不足、鉴别诊断未明确列出、支持性护理具体措施不够细化等轻微不足，但不影响整体判断，可判为pass。,84.0,28,18,20,16,pass,20.78,18.34,
3031d3fd-b146-5cc0-a3fb-bb4812544bae,28,猪托罗病毒感染,swine_hunyuan_turbos,hunyuan-turbos-20250926,成功,,猪,我家有200头90公斤左右的育肥猪，还有半个月就要出栏了，最近两天陆续有几头开始拉稀，粪便稀薄带点黄绿色，精神食欲还行，体温正常，圈舍通风一般，之前没用过什么药。这种情况还能继续养到出栏吗？会不会传染其他猪？需要隔离还是直接卖？,根据描述，该批育肥猪在出栏前出现轻度腹泻，可能与猪托罗病毒感染有关。该病为病毒性腹泻，常在粪便中检出病毒RNA，但其致病性和传播能力尚不完全明确，且目前无特效抗病毒药物。需结合现场流行病学调查及实验室检测排除其他常见腹泻病因（如细菌性肠炎、营养性腹泻等）。,treatment_direction: 对症支持治疗为主，改善饲养管理条件，减少应激，防止继发细菌感染。；management_measures: 加强圈舍通风与保温，保持饮水清洁，适当补充电解质和维生素；将明显腹泻个体与健康猪分栏饲养以减少潜在接触传播风险。；sampling_submission: 采集腹泻粪便样品送实验室进行病原学检测（PCR），同时做细菌培养以排除细菌性腹泻。；prohibited_boundaries: 在未明确病因前，不建议使用未经批准的兽药或超范围用药；若检测结果提示重大动物疫病，应按法规立即上报并配合扑杀、无害化处理等措施。,因无特效药物治疗，不涉及特定休药期问题；若使用抗生素控制继发感染，应遵守相应药物的停药期规定。,"{""disease_name"": ""猪托罗病毒感染"", ""severity"": ""中等（取决于是否并发其他病原）"", ""scene_tags"": [""育肥猪"", ""出栏前"", ""腹泻"", ""低死亡率""], ""validation_points"": [""症状符合病毒性腹泻特征，无明显高热或急性死亡"", ""无特效抗病毒药物，治疗以支持和对症为主"", ""存在潜在粪口传播可能，需分栏管理""], ""risk_flags"": [""需排除其他高致死率腹泻病（如PED、TGE、ASF等）"", ""若检测发现法定重大疫病，须按法规处置""], ""case_type"": ""腹泻出栏边界"", ""target_disease"": ""猪托罗病毒感染"", ""local_flags"": {""species_ok"": true, ""target_disease_in_diagnosis"": true, ""target_disease_mismatch"": false, ""contains_specific_dose"": false, ""contains_specific_withdrawal"": false, ""regulated_bad_treatment"": false}}",False,False,,,True,False,False,D:\XF-ChongQin\ai-\knowledge\llm_wiki_swine_authoritative,1465,887,"猪托罗病毒感染
猪托罗病毒感染、porcine torovirus
腹泻出栏边界
临近出栏猪群出现腹泻，用户关心处理方向、隔离和用药后能否销售。","{""HUMAN_REVIEWED"": 2, ""NEEDS_REVIEW"": 2}","[""SRC-0001"", ""SRC-0033"", ""SRC-0083""]",2221,28.04,ERNIE-4.5-Turbo-32K,82,27,18,22,15,False,True,"该回答整体符合猪托罗病毒感染的诊断与处理逻辑，诊断准确度较高，处理方向安全，但数据质量稍低，部分细节可优化。
问题：诊断部分对猪托罗病毒感染的描述较笼统，未充分结合症状与疾病特征进行深入分析。；病理逻辑部分对病毒性腹泻的传播机制和潜在风险的阐述不够详细。；数据质量方面，对症状的描述和实验室检测建议的详细程度有待提升。；未明确提及人兽共患风险（尽管猪托罗病毒目前未明确为人兽共患病，但应作为一般性考虑）。",hunyuan-turbos-20250926,85,4,4,5,3,True,False,"该数据整体真实可信，用户描述的场景（育肥猪临出栏前轻度腹泻）与猪托罗病毒感染的可能性相符，诊断思路合理，处理方案注重管理与采样检测，避免盲目用药，并在重大疫病和人兽共患病防控上设置了安全边界。不足之处在于诊断与病理解释略显笼统，缺乏更具体的症状-机制关联说明，以及人兽共患病的一般性提醒。
问题：诊断部分对猪托罗病毒感染的特征与当前症状的关联性分析不足，缺少更深入的机制解释。；病理逻辑中对病毒性腹泻传播途径和风险程度的描述不够细致。；数据质量方面，对症状与检测建议的细节可进一步丰富。；未明确提及人兽共患病的一般性风险提示。",True,ERNIE-4.5-Turbo-32K,True,pass,该回答整体符合猪托罗病毒感染的诊断与处理逻辑，诊断准确度较高，处理方向安全，尽管存在部分细节描述不够深入的问题，如诊断部分对猪托罗病毒感染的特征与当前症状的关联性分析不足，病理逻辑中对病毒性腹泻传播途径和风险程度的描述不够细致，数据质量方面对症状与检测建议的细节可进一步丰富，以及未明确提及人兽共患病的一般性风险提示，但这些问题属于轻微不足，不影响整体判断，因此判为pass。,84.0,27,18,22,15,pass,18.26,22.02,
9ac78e44-1163-5f78-8d02-34d88dd98209,320,猪托罗病毒感染,swine_hunyuan_turbos,hunyuan-turbos-20250926,成功,,猪,我家有200头80公斤左右的育肥猪，还有10天就要出栏了，这几天陆续有几头开始拉稀，粪便偏黄带点泡沫，精神还行，采食量下降不多。圈舍通风一般，前几天刚用过恩诺沙星拌料防过大肠杆菌。现在担心是不是传染病，能不能继续养到出栏卖？要不要隔离或者做检测？,根据描述，该群育肥猪在出栏前出现轻度腹泻，粪便呈黄色泡沫状，精神尚可，采食量轻微下降，结合近期使用过抗生素预防细菌感染的情况，考虑可能与病毒性因素（如猪托罗病毒感染等）有关，也可能存在细菌性继发感染或应激性腹泻。由于猪托罗病毒感染在中国尚无明确监管处置指引，且目前缺乏特异性治疗药物，需通过实验室检测排除其他重要疫病（如PEDV、PDCoV、ASF等）。,立即将腹泻明显个体与健康猪分栏隔离观察，减少交叉感染风险；加强圈舍保温与通风，减少应激；暂停使用可能抑制肠道菌群的药物，改用易消化的饲料；采集腹泻粪便及血液样品送具备资质的实验室进行病原学检测（PCR），同时排查非洲猪瘟等重大疫病；若检测结果提示为猪托罗病毒等非致死性病毒，可在严密生物安全条件下继续饲养至出栏，但需做好运输前的健康申报；严禁私自出售未经检疫的生猪；若检出重大疫病，应立即按当地畜牧部门要求进行扑杀、无害化处理或封锁等措施。,因涉及潜在病毒病，无特定药物休药期，但出栏前应确保无重大疫病阳性结果，符合产地检疫条件方可上市。,"{""disease_name"": ""猪托罗病毒感染"", ""severity"": ""中等（非致死性，但影响生产性能）"", ""scene_tags"": [""育肥猪"", ""出栏前"", ""腹泻"", ""疑似病毒病""], ""validation_points"": [""症状与猪托罗病毒感染文献描述的腹泻特征相符"", ""病程短、死亡率低符合该病特点"", ""建议的检测与隔离措施符合兽医常规流程""], ""risk_flags"": [""需排除非洲猪瘟等重大疫病"", ""存在跨区域调运风险""], ""case_type"": ""腹泻出栏边界"", ""target_disease"": ""猪托罗病毒感染"", ""local_flags"": {""species_ok"": true, ""target_disease_in_diagnosis"": true, ""target_disease_mismatch"": false, ""contains_specific_dose"": false, ""contains_specific_withdrawal"": false, ""regulated_bad_treatment"": false}}",False,False,,,True,False,False,D:\XF-ChongQin\ai-\knowledge\llm_wiki_swine_authoritative,1465,887,"猪托罗病毒感染
猪托罗病毒感染、porcine torovirus
腹泻出栏边界
临近出栏猪群出现腹泻，用户关心处理方向、隔离和用药后能否销售。","{""HUMAN_REVIEWED"": 2, ""NEEDS_REVIEW"": 2}","[""SRC-0001"", ""SRC-0033"", ""SRC-0083""]",2221,29.99,ERNIE-4.5-Turbo-32K,82,26,18,22,16,False,True,"该回答在诊断准确性、病理逻辑、处方安全性和数据质量方面表现较好，整体符合测试数据有效性要求。诊断考虑了病毒性因素和细菌性继发感染的可能性，并建议实验室检测以排除重大疫病，符合兽医常规流程。处方中提出的隔离、加强圈舍管理、暂停使用可能抑制肠道菌群的药物等措施安全合理。数据质量方面，症状描述与疾病特征相符，但缺乏具体数据支持。
问题：诊断准确性方面，虽然考虑了病毒性因素，但未明确提及猪托罗病毒感染的特异性症状或诊断依据，仅基于轻度腹泻和粪便特征进行推断，略显不足。；病理逻辑方面，对细菌性继发感染或应激性腹泻的考虑较为笼统，未进一步分析其可能性或与猪托罗病毒感染的关联。；处方安全性方面，虽然提出了多项合理措施，但未明确提及针对猪托罗病毒感染的具体治疗或支持性疗法（尽管目前缺乏特异性治疗药物）。；数据质量方面，症状描述和病程特点与疾病特征相符，但缺乏具体的流行病学数据或实验室检测结果支持诊断。",hunyuan-turbos-20250926,85,75,80,90,80,False,False,该数据整体真实可信，用户描述的育肥猪临出栏阶段轻度腹泻、粪便黄带泡沫、精神尚可等症状与猪托罗病毒感染的部分临床表现有一定吻合度。诊断部分考虑了病毒性因素及可能的细菌继发感染，并强调实验室检测排除重大疫病，符合兽医防控思路。处方建议隔离、改善环境、送检检测、遵守检疫规定等措施安全合理，避免了危险建议。不足之处在于诊断中对猪托罗病毒感染的特异性症状与诊断依据阐述不够充分，对细菌性继发感染的分析较笼统，未提供针对性支持疗法。,True,ERNIE-4.5-Turbo-32K,True,pass,诊断考虑了病毒性因素和细菌性继发感染的可能性，并建议实验室检测以排除重大疫病，符合兽医常规流程。处方中提出的隔离、加强圈舍管理、送检检测、遵守检疫规定等措施安全合理，避免了危险建议。尽管诊断中对猪托罗病毒感染的特异性症状与诊断依据阐述不够充分，对细菌性继发感染的分析较笼统，且未提供针对性支持疗法，但整体方向安全且疾病匹配，符合测试数据有效性要求。,84.0,26,18,22,16,pass,22.14,17.01,
572bdf36-83c7-5d88-910c-834738130fe3,422,猪杂项细菌感染,swine_hunyuan_turbos,hunyuan-turbos-20250926,成功,,猪,我家有200头90公斤左右的育肥猪，这几天陆续有几头开始精神沉郁、采食下降、体温升高到40℃左右，有的还咳嗽喘气，粪便偏稀。之前用了氟苯尼考和多西环素拌料三天，效果不明显，现在想问还能不能再换别的药继续喂？猪舍通风还可以，但最近天气忽冷忽热。,根据描述的症状（高热、呼吸道表现、腹泻）及用药史，需考虑多种细菌混合感染的可能性，包括猪杂项细菌感染中的链球菌、巴氏杆菌、放线杆菌等，也可能存在支原体或病毒协同作用。需要结合剖检变化和实验室检测进一步确诊。,建议暂停当前抗生素方案，采集病死猪组织样本送实验室进行细菌分离鉴定和药敏试验，明确主要致病菌及敏感药物。同时加强饲养管理，改善通风保温条件，减少应激。在获得检测结果前，可考虑使用广谱抗菌素控制继发感染，但须遵守国家兽药使用规定，避免使用禁用药。严禁私自使用人用药物或超范围用药。如怀疑重大传染病，应立即向当地动物防疫部门报告并配合处置。,任何药物治疗后均需遵守相应药物的休药期规定，并在出栏前确保符合食品安全标准。未经检测确认安全前，不建议提前出售。,"{""disease_name"": ""猪杂项细菌感染"", ""severity"": ""中等至严重"", ""scene_tags"": [""育肥猪"", ""高热"", ""呼吸道症状"", ""腹泻"", ""用药无效""], ""validation_points"": [""症状与多种细菌性呼吸道感染相符"", ""多因素混合感染可能性高"", ""需实验室确诊指导用药""], ""risk_flags"": [""可能为人兽共患病原体（如李斯特菌、弯曲菌）需防范食品安全风险"", ""若涉及炭疽等重大动物疫病需立即上报并隔离处置""], ""case_type"": ""育肥猪用药咨询"", ""target_disease"": ""猪杂项细菌感染"", ""local_flags"": {""species_ok"": true, ""target_disease_in_diagnosis"": true, ""target_disease_mismatch"": false, ""contains_specific_dose"": false, ""contains_specific_withdrawal"": false, ""regulated_bad_treatment"": false}}",False,False,,,True,False,False,D:\XF-ChongQin\ai-\knowledge\llm_wiki_swine_authoritative,1465,887,"猪杂项细菌感染
猪杂项细菌感染、miscellaneous bacterial infections
育肥猪用药咨询
育肥猪出现典型症状，用户已经用过常见药物但效果一般，询问是否继续用药。","{""HUMAN_REVIEWED"": 3, ""NEEDS_REVIEW"": 2}","[""SRC-0001"", ""SRC-0012"", ""SRC-0015"", ""SRC-0035"", ""SRC-0079""]",2147,29.81,ERNIE-4.5-Turbo-32K,82,27,18,22,15,False,True,"该回答在诊断准确性、病理逻辑、处方安全性和数据质量方面表现良好，整体符合测试数据有效性要求。诊断考虑了多种细菌混合感染的可能性，并建议实验室检测以明确致病菌，符合实际场景需求。处方建议暂停当前抗生素方案并加强饲养管理，同时强调遵守兽药使用规定，安全合理。数据质量方面，症状描述与疾病匹配，但缺乏具体数据支持。
问题：诊断准确性方面，虽然考虑了多种细菌混合感染的可能性，但未完全排除病毒协同作用，且缺乏具体诊断依据。；病理逻辑方面，对症状与疾病之间的关联解释不够深入，未详细阐述为何考虑这些特定细菌。；处方安全性方面，虽然建议了广谱抗菌素的使用，但未明确具体药物，可能给用户带来困惑。；数据质量方面，症状描述较为笼统，缺乏具体数据（如发病率、死亡率等）支持，且未提及用户猪场的既往病史或疫苗接种情况。",hunyuan-turbos-20250926,85,8,8,9,7,True,False,该数据场景真实，症状与可能的细菌混合感染相符，诊断思路合理，并提示实验室检测和防控重大疫病的安全边界。处方建议避免盲目换药，强调合规用药和上报机制，无危险建议。不足之处在于缺少更具体的流行病学信息支撑诊断，以及部分病理机制解释不足。,True,ERNIE-4.5-Turbo-32K,True,pass,该回答在诊断准确性、病理逻辑、处方安全性和数据质量方面表现良好，整体符合测试数据有效性要求。诊断考虑了多种细菌混合感染的可能性，并建议实验室检测以明确致病菌，符合实际场景需求。处方建议暂停当前抗生素方案并加强饲养管理，同时强调遵守兽药使用规定，安全合理。尽管存在缺乏具体数据支持和部分病理机制解释不足等轻微不足，但不影响整体判断，可判pass。,84.0,27,18,22,15,pass,22.29,16.37,
6815c8d9-1fd7-5713-a533-0d6bc3cceea8,158,猪沙门氏菌病,swine_hunyuan_turbos,hunyuan-turbos-20250926,成功,,猪,我家有200头60公斤左右的育肥猪，最近10天陆续出现拉稀、精神沉郁、采食量下降的情况，粪便黄绿色带黏液，部分猪体温偏高到40℃左右。之前用了恩诺沙星拌料7天，腹泻有所减轻但没完全停，现在还有零星发病。圈舍通风一般，密度偏大，近期换过一次饲料批次。请问还能继续用原来的药吗？还是该换药？,根据描述，育肥猪在应激（换料、密度大）背景下出现腹泻、发热、精神差等症状，符合猪沙门氏菌病肠炎型或败血型的可能表现。该病常在集约化饲养条件下发生，与混群、运输、饲料变化等应激因素密切相关。需通过实验室分离培养及生化鉴定确诊。,建议立即采集新鲜粪便及血液样本送实验室进行病原学检测，明确是否为沙门氏菌感染及其血清型。在未获得药敏结果前，不宜盲目更换或继续使用原有抗菌药物，以免延误治疗并增加耐药性风险。管理措施包括降低饲养密度、改善通风、减少应激、保证饮水清洁。对病死猪应无害化处理，防止病原扩散。若确诊为沙门氏菌感染且涉及公共卫生风险，应按当地规定执行隔离、消毒和监测措施。,因未确定具体药物种类及药敏情况，无法给出确切休药期。应在兽医指导下，依据所用药物说明书及检测结果确定安全休药期后方可出栏。,"{""disease_name"": ""猪沙门氏菌病"", ""severity"": ""中等至严重（视感染范围及继发症而定）"", ""scene_tags"": [""育肥猪"", ""集约化饲养"", ""应激诱发"", ""腹泻"", ""发热""], ""validation_points"": [""症状与沙门氏菌肠炎型/败血型相符"", ""存在可能的应激诱因（换料、密度高）"", ""需实验室确诊以避免误诊""], ""risk_flags"": [""可能具有传染性，需控制接触传播"", ""抗菌药物使用需基于药敏结果，避免滥用"", ""病死猪处理不当可能造成环境污染""], ""case_type"": ""育肥猪用药咨询"", ""target_disease"": ""猪沙门氏菌病"", ""local_flags"": {""species_ok"": true, ""target_disease_in_diagnosis"": true, ""target_disease_mismatch"": false, ""contains_specific_dose"": false, ""contains_specific_withdrawal"": false, ""regulated_bad_treatment"": false}}",False,False,,,True,False,False,D:\XF-ChongQin\ai-\knowledge\llm_wiki_swine_authoritative,1465,887,"猪沙门氏菌病
猪沙门氏菌病、salmonellosis
育肥猪用药咨询
育肥猪出现典型症状，用户已经用过常见药物但效果一般，询问是否继续用药。","{""HUMAN_REVIEWED"": 3, ""NEEDS_REVIEW"": 2}","[""SRC-0001"", ""SRC-0073""]",2192,28.89,ERNIE-4.5-Turbo-32K,82,28,18,20,16,False,True,"该回答整体上对猪沙门氏菌病的诊断、处理方向和安全措施有较好的把握，诊断准确性较高，病理逻辑合理，处方安全且符合疾病特点，数据质量基本满足要求，无明显致命风险。
问题：诊断部分虽然提到实验室确诊的必要性，但未明确说明其他可能的鉴别诊断，病理逻辑稍显不足。；数据质量方面，对症状的描述和场景标签的覆盖度可以更详细，以提升测试数据的全面性。；处理建议中未明确提及替代药物的选择原则，仅强调避免盲目用药，略显保守。",hunyuan-turbos-20250926,85,90,80,88,82,True,False,"该数据整体真实可信，用户描述的养殖背景、临床症状与猪沙门氏菌病高度吻合，诊断思路清晰，考虑了应激因素与流行病学特征，并强调了实验室确诊的重要性。处方建议安全，避免了盲目用药，同时提出了管理改进措施和公共卫生防控要求，无危险建议。不足之处在于鉴别诊断不够全面，处理方案中对替代药物选择缺乏指导，数据细节可进一步丰富。
问题：鉴别诊断范围较窄，未提及如大肠杆菌病、轮状病毒等其他可能引起类似症状的病原。；处方部分虽强调避免盲目用药，但未提供替代药物选择的原则或方向。；数据场景中缺少更详细的流行病学信息（如死亡数、传播速度），影响训练数据的多样性。",True,ERNIE-4.5-Turbo-32K,True,pass,该回答对猪沙门氏菌病的诊断、处理方向和安全措施有较好的把握，诊断准确性较高，病理逻辑合理，处方安全且符合疾病特点。虽然存在鉴别诊断不够全面、处理方案中对替代药物选择缺乏指导等轻微不足，但整体数据质量基本满足要求，无明显致命风险，因此判为pass。,84.0,28,18,20,16,pass,19.41,15.03,
b3173e07-8cf2-5e30-9f8e-4b86739776e6,85,猪沙门氏菌病,swine_hunyuan_turbos,hunyuan-turbos-20250926,成功,,猪,我家是200头左右保育猪，现在60日龄左右，这几天陆续有猪不吃料、精神差，有的拉稀带点黏液，体温在39度上下，个别呼吸有点急促，舍内通风一般，前几天刚换过饲料批次。请问这是啥毛病？该咋办？,结合日龄、症状及环境变化，考虑为猪沙门氏菌病，可能为肠炎型伴轻度败血倾向。该病常在断奶后保育阶段发生，与应激、混群、饲料更换等诱因有关，表现为采食下降、腹泻、发热，严重时可波及多器官。需与猪流行性腹泻、传染性胃肠炎、副伤寒等鉴别。,treatment_direction: 针对细菌性感染进行支持性治疗与对症管理，改善环境条件，减少应激。；management_measures: 提高舍温，改善通风，降低湿度，保证饮水清洁充足。；分群饲养，将病弱猪与健康猪隔离，防止交叉感染。；暂停使用可能刺激肠道的饲料添加剂，逐步恢复原有饲料配方。；sampling_submission: 采集新鲜粪便、血液及病死猪组织送实验室做细菌分离培养和PCR检测，明确病原并排除其他传染病。；prohibited_boundaries: 禁止随意使用未经批准的抗生素，避免掩盖病情延误诊断。；发现高热持续不退、死亡率升高时，应立即向当地动物防疫部门报告，配合开展疫情排查与控制措施。,因未确定具体用药方案，无法给出确切休药期；如后续使用抗菌药物，应依据所用药品说明书并在停药期结束后方可出栏销售。,"{""disease_name"": ""猪沙门氏菌病"", ""severity"": ""中等偏重（视继发感染及防控情况而定）"", ""scene_tags"": [""保育猪"", ""集约化饲养"", ""应激诱发"", ""腹泻"", ""发热""], ""validation_points"": [""符合保育猪阶段易感性特征"", ""症状与肠炎型/败血型沙门氏菌病相符"", ""环境变化和应激因素可作为诱因""], ""risk_flags"": [""潜在人畜共患风险（沙门氏菌属）"", ""存在群体传播风险""], ""case_type"": ""保育猪群体发病"", ""target_disease"": ""猪沙门氏菌病"", ""local_flags"": {""species_ok"": true, ""target_disease_in_diagnosis"": true, ""target_disease_mismatch"": false, ""contains_specific_dose"": false, ""contains_specific_withdrawal"": false, ""regulated_bad_treatment"": false}}",False,False,,,True,False,False,D:\XF-ChongQin\ai-\knowledge\llm_wiki_swine_authoritative,1465,887,"猪沙门氏菌病
猪沙门氏菌病、salmonellosis
保育猪群体发病
群体发病、采食下降、粪便或呼吸道异常，用户想知道主要病因和下一步处理。","{""HUMAN_REVIEWED"": 3, ""NEEDS_REVIEW"": 2}","[""SRC-0001"", ""SRC-0006"", ""SRC-0073""]",2097,28.8,ERNIE-4.5-Turbo-32K,82,27,18,20,17,False,True,"整体回答质量较高，诊断准确，逻辑清晰，处理方向安全，数据质量较好，无明显致命风险。
问题：诊断准确性方面，虽然考虑了猪沙门氏菌病，但对鉴别诊断的描述略显简单，可进一步细化与其他疾病的区分要点。；病理逻辑方面，对疾病发生机制的阐述不够深入，尤其是应激因素如何具体导致疾病发生的解释不足。；处方安全性方面，虽然提出了支持性治疗和对症管理，但未给出具体的药物使用建议，略显保守。；数据质量方面，症状描述和场景标签较为准确，但风险标志的提及略显笼统，可进一步具体化。",hunyuan-turbos-20250926,85,4,4,5,4,False,False,回答整体结构合理，诊断符合常见保育猪沙门氏菌病的临床表现，并结合了应激因素和环境变化进行分析。处理建议以非药物支持性治疗和生物安全措施为主，避免了盲目用药，且强调了采样送检和疫情上报，风险控制到位。不足之处在于鉴别诊断描述较简略，病理机制分析不够深入，部分风险提醒可更具体。,True,ERNIE-4.5-Turbo-32K,True,pass,回答整体结构合理，诊断符合常见保育猪沙门氏菌病的临床表现，并结合了应激因素和环境变化进行分析。处理建议以非药物支持性治疗和生物安全措施为主，避免了盲目用药，且强调了采样送检和疫情上报，风险控制到位。尽管鉴别诊断描述较简略，病理机制分析不够深入，部分风险提醒可更具体，但整体诊断和处置方向安全且疾病匹配，无明显致命风险。,84.0,27,18,20,17,pass,19.33,16.08,
954ee22b-ba1a-5145-a336-d72ce95b774c,255,猪流感,swine_hunyuan_turbos,hunyuan-turbos-20250926,成功,,猪,我家是200头左右的保育猪场，现在这批猪大概50日龄左右，最近几天天气忽冷忽热，加上舍内通风不太好，氨气味比较重，有几头开始咳嗽、喘气，个别精神稍差，采食量下降。之前没用过什么药，这种情况是环境问题还是传染病？该怎么处理？,根据描述，保育猪在通风不良、氨气浓度高及温差大的环境下出现咳嗽、喘气、采食下降等症状，应首先考虑环境因素诱发的呼吸道刺激反应，但同时存在猪流感等病毒性呼吸道感染的可能。猪流感病毒主要在上呼吸道复制，可导致类似症状，且易与环境性刺激叠加加重病情。需结合体温监测、发病率、死亡率以及是否伴随高热、流鼻涕、眼结膜潮红等表现进一步判断。,treatment_direction: 改善舍内通风，降低氨气浓度，控制温差；对疑似病例进行隔离观察，减少交叉感染风险。；management_measures: 加强保温与降温管理，调整饲喂方式，保证饮水清洁；减少应激因素，如避免频繁转群或混群。；sampling_and_testing: 采集鼻拭子或咽拭子送实验室进行RT-PCR检测，明确是否存在猪流感病毒或其他呼吸道病原体（如PRRSV、支原体等），必要时做病理剖检。；prohibited_boundaries: 在未确诊前不得随意使用抗病毒药物或抗生素预防；若检出重大动物疫病（如非洲猪瘟、口蹄疫等），应立即按国家规定上报并配合扑杀、无害化处理等措施。,因未涉及具体药物治疗，无特定休药期要求；如需用药，须严格遵循兽药说明书和国家规定执行。,"{""disease_name"": ""猪流感"", ""severity"": ""中等"", ""scene_tags"": [""保育猪"", ""呼吸道症状"", ""环境应激"", ""氨气"", ""温差""], ""validation_points"": [""症状符合猪流感典型表现（咳嗽、喘气、采食下降）"", ""环境诱因（通风差、氨气、温差）与症状发生时间吻合"", ""需通过实验室检测排除其他病原""], ""risk_flags"": [""需警惕混合感染"", ""环境管理不当可加重病情""], ""case_type"": ""呼吸道环境诱因"", ""target_disease"": ""猪流感"", ""local_flags"": {""species_ok"": true, ""target_disease_in_diagnosis"": true, ""target_disease_mismatch"": false, ""contains_specific_dose"": false, ""contains_specific_withdrawal"": false, ""regulated_bad_treatment"": false}}",False,False,,,True,False,False,D:\XF-ChongQin\ai-\knowledge\llm_wiki_swine_authoritative,1465,887,"猪流感
猪流感、influenza viruses
呼吸道环境诱因
通风差、氨气重或温差大后出现咳嗽喘气，用户想区分环境应激和传染病。","{""HUMAN_REVIEWED"": 3}","[""RC-RESP-001"", ""SRC-0001"", ""SRC-0042"", ""SRC-0043"", ""SRC-0049"", ""SRC-0050"", ""SRC-0058"", ""SRC-0059"", ""SRC-0066"", ""SRC-0069"", ""SRC-0070"", ""SRC-0086""]",2221,28.06,ERNIE-4.5-Turbo-32K,82,27,18,20,17,False,True,"整体回答质量较高，诊断考虑了环境因素和疾病因素，逻辑清晰，处理方向安全合理，数据质量基本满足要求。
问题：诊断准确性方面，虽然考虑了环境因素和猪流感的可能性，但对猪流感典型症状（如高热、流鼻涕、眼结膜潮红等）的提及不够详细，缺乏体温监测等关键信息的强调。；病理逻辑方面，对猪流感病毒在上呼吸道复制的描述较为简单，未深入解释其如何导致症状以及与环境因素的相互作用机制。；处方安全性方面，虽然整体处理方向安全，但未明确提及在隔离观察期间的具体管理措施，如隔离设施的要求、观察期限等。；数据质量方面，场景标签和验证点较为全面，但风险标志中仅提到需警惕混合感染和环境管理不当可加重病情，未涵盖其他可能的风险点，如人兽共患风险等。",hunyuan-turbos-20250926,85,4,4,5,4,False,False,"该回答能够结合环境诱因与猪流感可能性进行分析，诊断思路较全面，处理方案包含环境改善、隔离观察、采样检测和防控边界，符合安全规范，无明显危险建议。不足之处在于对猪流感典型症状的细节描述不足，病理机制阐述略浅，隔离措施不够细化，风险覆盖面有限。
问题：猪流感典型症状（高热、流涕、眼结膜潮红等）描述不够详细；病毒致病机制与环境因素交互作用分析较浅；隔离观察的具体操作要求缺失；风险识别未涵盖人兽共患病等其他潜在威胁",True,ERNIE-4.5-Turbo-32K,True,pass,回答结合环境诱因与猪流感可能性进行分析，诊断思路较全面，处理方案包含环境改善、隔离观察、采样检测和防控边界，符合安全规范，无明显危险建议。尽管存在对猪流感典型症状细节描述不足、病理机制阐述较浅、隔离措施不够细化、风险覆盖面有限等轻微不足，但整体内容安全且疾病匹配，可判pass。,84.0,27,18,20,17,pass,19.47,21.22,
820c03d7-cb36-526b-986e-fc2d4e8bf6cc,20,猪环曲病毒/托克特诺病毒感染,swine_hunyuan_turbos,hunyuan-turbos-20250926,成功,,猪,我家有200头80公斤左右的育肥猪，最近一周陆续出现精神沉郁、采食量下降、个别猪体温升高到39℃左右的情况，之前用了氟苯尼考和多西环素拌料三天，症状没有明显好转。圈舍通风一般，湿度偏高，请问这种情况是不是需要换药？会不会是猪环曲病毒引起的？,当前症状缺乏特异性，且猪环曲病毒（TTSuV）在健康猪群中亦可检出，无直接致病证据，因此无法单凭临床表现确诊该病。需结合实验室检测（如PCR检测病毒DNA或血清学检测抗体）排除其他病原（如PCV2、PRRSV等），并综合判断是否为多因素混合感染或继发感染所致。,treatment_direction: 针对现有症状进行对症支持治疗，改善饲养管理条件，减少应激，提高营养水平。；management_measures: 加强圈舍通风换气，降低湿度，保持清洁干燥；分群饲养，减少密度；提供充足清洁饮水和易消化的饲料。；sampling_and_testing: 采集发病猪的血液、鼻拭子或粪便样本送实验室检测TTSuV DNA及抗体，同时筛查PCV2、PRRSV、圆环病毒等其他常见病原，以明确病因组合。；prohibited_boundaries: 在未明确诊断前，不得盲目使用抗病毒药物或大剂量抗生素；若检测结果提示重大动物疫病（如非洲猪瘟等），应立即按当地防疫规定执行隔离、上报和扑杀等措施。,因未涉及特定药物治疗，暂无具体休药期要求；若后续使用抗生素，应依据药品说明书及国家相关规定执行。,"{""disease_name"": ""猪环曲病毒/托克特诺病毒感染"", ""severity"": ""低至中等（取决于是否合并其他病原）"", ""scene_tags"": [""育肥猪"", ""发热"", ""采食下降"", ""非特异性症状""], ""validation_points"": [""TTSuV无特异临床症状，健康猪可检出"", ""诊断依赖分子或血清学检测，非临床观察即可确诊"", ""需排除其他常见病毒性或细菌性病原""], ""risk_flags"": [""需警惕与其他病原混合感染"", ""不可将单一检出作为病因判定""], ""case_type"": ""育肥猪用药咨询"", ""target_disease"": ""猪环曲病毒/托克特诺病毒感染"", ""local_flags"": {""species_ok"": true, ""target_disease_in_diagnosis"": true, ""target_disease_mismatch"": false, ""contains_specific_dose"": false, ""contains_specific_withdrawal"": false, ""regulated_bad_treatment"": false}}",False,False,,,True,False,False,D:\XF-ChongQin\ai-\knowledge\llm_wiki_swine_authoritative,1465,887,"猪环曲病毒/托克特诺病毒感染
猪环曲病毒/托克特诺病毒感染、anelloviruses torque teno sus viruses、TTSuV、Torque teno sus virus
育肥猪用药咨询
育肥猪出现典型症状，用户已经用过常见药物但效果一般，询问是否继续用药。","{""HUMAN_REVIEWED"": 3}","[""SRC-0001"", ""SRC-0083""]",2221,29.15,ERNIE-4.5-Turbo-32K,82,28,18,22,14,False,True,"整体回答较为全面，诊断思路清晰，强调了实验室检测的重要性，并给出了合理的对症支持治疗和管理建议。诊断准确性较高，病理逻辑合理，处方安全，数据质量基本满足要求。
问题：诊断部分虽然强调了实验室检测的重要性，但未充分解释为何当前症状不能确诊为猪环曲病毒感染，病理逻辑阐述可更深入。；数据质量方面，虽然提供了疾病名称、严重程度和场景标签，但缺乏对症状与疾病关联性的详细分析，且未提及人兽共患风险（尽管该病可能不存在此风险，但应明确说明）。；在处方安全部分，虽然提到了不得盲目使用抗病毒药物或大剂量抗生素，但未具体说明可能的风险或后果。",hunyuan-turbos-20250926,85,90,85,88,80,True,False,回答总体结构完整，诊断思路科学严谨，强调实验室检测的重要性，避免仅凭临床症状下结论，符合猪环曲病毒的流行病学特点。处理方案注重对症支持与管理优化，并明确了禁止随意用药的边界，安全性较好。不足之处在于对症状与疾病关联的解释不够深入，未明确说明该病的人兽共患风险情况，以及盲目用药的具体危害。,True,ERNIE-4.5-Turbo-32K,True,pass,回答整体结构完整，诊断思路科学严谨，强调了实验室检测的重要性，避免仅凭临床症状下结论，符合猪环曲病毒的流行病学特点。处理方案注重对症支持与管理优化，并明确了禁止随意用药的边界，安全性较好。尽管存在对症状与疾病关联的解释不够深入、未明确说明人兽共患风险情况以及盲目用药的具体危害等轻微不足，但不影响整体诊断和处置方向，数据质量基本满足要求。,84.0,28,18,22,14,pass,17.65,19.41,
625da227-b5cb-5f7f-87b3-da4c81b250b8,312,猪环曲病毒/托克特诺病毒感染,swine_hunyuan_turbos,hunyuan-turbos-20250926,成功,,猪,我家有120头70日龄左右的育肥猪，最近几天有几头出现精神沉郁、采食量下降，体温正常，粪便偏稀，没有明显呼吸道症状。之前用过一些益生菌和电解多维调理过，但情况没明显好转。现在离计划出栏还有20天左右，担心是不是感染了什么病毒，想问下这种情况还能不能用药治疗并按时出栏？,根据描述，症状非特异性且缺乏典型急性传染病特征，结合流行病学背景，需考虑多种可能，包括猪环曲病毒（TTSuV）等常在健康猪群中检出的病毒，也可能与其他肠道病原混合感染有关。由于TTSuV在健康猪中亦可检出且无特异临床表现，单凭临床观察无法确诊，需要实验室检测排除其他重要疫病。,treatment_direction: 针对当前非特异症状，建议加强饲养管理，保证饮水清洁、饲料新鲜，减少应激因素；可继续给予电解质、维生素支持，维持肠道功能。；management_measures: 隔离表现异常个体，监测全群采食和精神状态变化；改善圈舍通风与温湿度控制，防止继发细菌感染。；sampling_and_testing: 采集可疑猪的血液、粪便及鼻拭子样本送实验室进行PCR检测，排查常见病毒性腹泻病原（如PEDV、TGEV）、圆环病毒、细小病毒以及TTSuV等，同时做细菌培养以排除细菌性肠炎。；prohibited_boundaries: 在未排除非洲猪瘟等重大疫病前，禁止随意使用抗生素或抗病毒药物；发现疑似重大疫病应立即按当地规定上报并配合扑杀、无害化处理等措施。,若后续确需用药，应依据检测结果选择安全药物，并严格遵守相应休药期规定后方可出栏销售。,"{""disease_name"": ""猪环曲病毒/托克特诺病毒感染"", ""severity"": ""低至中等（取决于是否合并其他病原）"", ""scene_tags"": [""育肥猪"", ""非特异消化道症状"", ""临近出栏""], ""validation_points"": [""TTSuV可在健康猪中检出，无特异临床症状"", ""诊断依赖分子检测而非临床表现"", ""需排除其他重要疫病后再决定治疗方案""], ""risk_flags"": [""需排除非洲猪瘟等重大动物疫病"", ""不可仅凭经验用药""], ""case_type"": ""上市休药期咨询"", ""target_disease"": ""猪环曲病毒/托克特诺病毒感染"", ""local_flags"": {""species_ok"": true, ""target_disease_in_diagnosis"": true, ""target_disease_mismatch"": false, ""contains_specific_dose"": false, ""contains_specific_withdrawal"": false, ""regulated_bad_treatment"": false}}",False,False,,,True,False,False,D:\XF-ChongQin\ai-\knowledge\llm_wiki_swine_authoritative,1465,887,"猪环曲病毒/托克特诺病毒感染
猪环曲病毒/托克特诺病毒感染、anelloviruses torque teno sus viruses、TTSuV、Torque teno sus virus
上市休药期咨询
用户接近出栏，关心治疗方向和用药后能否出栏销售。","{""HUMAN_REVIEWED"": 3}","[""SRC-0001"", ""SRC-0083""]",2221,25.88,ERNIE-4.5-Turbo-32K,82,27,18,23,14,False,True,"整体回答逻辑清晰，诊断考虑全面，强调实验室检测的重要性，避免误诊重大疫病。治疗方向安全，管理措施合理，符合疾病特点。但数据质量方面，对症状与疾病关联的描述稍显不足，可进一步细化。
问题：诊断部分对症状与疾病关联的描述不够深入，未充分解释为何考虑TTSuV。；数据质量方面，对疾病背景信息的引用和解释稍显不足，可增加更多权威资料支持。；休药期承诺部分较为笼统，未给出具体药物和休药期示例。",hunyuan-turbos-20250926,85,90,88,92,80,True,False,该回答对症状分析较全面，考虑了多种可能性，并明确指出TTSuV无特异性临床表现，需依赖实验室检测确认，避免了仅凭临床症状误判的风险。治疗与管理措施安全合理，强调了重大疫病的防控边界，没有危险建议。不足之处在于对症状与TTSuV的关联性解释不够深入，缺乏对该病流行特点和致病机制的简要说明，数据支撑略显薄弱。,True,ERNIE-4.5-Turbo-32K,True,pass,整体回答逻辑清晰，诊断考虑全面，强调实验室检测的重要性，避免误诊重大疫病。治疗方向安全，管理措施合理，符合疾病特点。尽管对症状与疾病关联的描述稍显不足，但不影响整体判断，且未发现危险或明显错误内容。,84.0,27,18,23,14,pass,15.74,16.09,
2ff31721-a646-54d6-88ae-44c7f85c993e,458,猪环曲病毒/托克特诺病毒感染,swine_hunyuan_turbos,hunyuan-turbos-20250926,成功,,猪,我这边有120头70公斤左右的育肥猪，最近一周陆续出现精神沉郁、采食量下降、个别猪体温偏高到39℃左右的情况，粪便偏稀但不带血，用了氟苯尼考和多西环素拌料三天后症状没明显好转。圈舍通风一般，湿度偏大，之前这批猪在保育后期曾检出过PCV2阳性。想问下这种情况是不是还得继续用抗生素？还是有其他原因？,根据描述，当前症状缺乏特异性，且猪环曲病毒（TTSuV）在健康猪群中亦可高比例检出，无特异临床表现可直接归因于其感染。结合曾有PCV2阳性史及环境因素，考虑可能存在多因素混合影响，包括潜在病毒协同作用、应激及继发细菌感染等。需通过实验室检测排除其他病原并明确病因。,建议暂停盲目使用抗生素，先采集代表性病猪的血液、粪便及鼻拭子样本送实验室进行病原学检测（PCR检测TTSuV DNA、PCV2及其他常见病原），同时做血常规和生化检查评估机体状况。管理上改善圈舍通风与干燥度，减少应激，保证饮水清洁与饲料营养均衡。若检测到细菌性继发感染，再针对性选择敏感抗菌药物，并在兽医指导下执行。严禁将检测结果作为唯一处置依据，尤其涉及重大疫病时须按法规上报。,如后续确需用药，应严格遵循兽医开具的处方及国家兽药使用规范，确保停药期符合规定后方可出栏销售。,"{""disease_name"": ""猪环曲病毒/托克特诺病毒感染"", ""severity"": ""中等（取决于并发感染情况）"", ""scene_tags"": [""育肥猪"", ""多病原混合"", ""环境应激"", ""PCV2既往阳性""], ""validation_points"": [""TTSuV无特异临床症状，健康猪亦可能检出"", ""诊断依赖DNA或抗体检测，无病毒分离方案"", ""需排除其他病原及继发感染""], ""risk_flags"": [""需实验室确诊"", ""禁止仅凭单一病原结果决策""], ""case_type"": ""育肥猪用药咨询"", ""target_disease"": ""猪环曲病毒/托克特诺病毒感染"", ""local_flags"": {""species_ok"": true, ""target_disease_in_diagnosis"": true, ""target_disease_mismatch"": false, ""contains_specific_dose"": false, ""contains_specific_withdrawal"": false, ""regulated_bad_treatment"": false}}",False,False,,,True,False,False,D:\XF-ChongQin\ai-\knowledge\llm_wiki_swine_authoritative,1465,887,"猪环曲病毒/托克特诺病毒感染
猪环曲病毒/托克特诺病毒感染、anelloviruses torque teno sus viruses、TTSuV、Torque teno sus virus
育肥猪用药咨询
育肥猪出现典型症状，用户已经用过常见药物但效果一般，询问是否继续用药。","{""HUMAN_REVIEWED"": 3}","[""SRC-0001"", ""SRC-0083""]",2221,33.99,ERNIE-4.5-Turbo-32K,82,27,18,23,14,False,True,"该回答整体表现较好，诊断准确度较高，考虑了多因素混合影响，并建议实验室检测以明确病因。病理逻辑合理，处方安全，强调了避免盲目使用抗生素和改善管理措施。数据质量方面，虽然提供了详细的背景信息，但部分关键信息如具体检测方法和结果解读可进一步细化。
问题：诊断部分虽然考虑了多因素混合影响，但对猪环曲病毒（TTSuV）的特异性症状描述不够详细，可能影响诊断的精准性。；病理逻辑部分，虽然提到了潜在病毒协同作用、应激及继发细菌感染等，但未详细阐述这些因素如何相互作用导致当前症状。；数据质量方面，虽然提供了详细的用户查询和背景信息，但部分关键信息如具体检测方法和结果解读未详细说明，可能影响后续处理的准确性。；处方安全部分，虽然强调了避免盲目使用抗生素和改善管理措施，但未提供具体的抗菌药物选择建议（在确认细菌性继发感染后）",hunyuan-turbos-20250926,85,90,85,88,80,False,False,回答总体科学严谨，诊断考虑了多种可能病因，强调实验室检测和避免盲目用药，处方安全且有法规意识，无明显危险建议。不足之处在于对TTSuV特异性症状描述不足，病理机制解释略简略，检测方法细节缺失。,True,ERNIE-4.5-Turbo-32K,True,pass,回答整体科学严谨，诊断考虑了多因素混合影响，强调实验室检测以明确病因，避免盲目用药，处方安全且具有法规意识。虽然对猪环曲病毒（TTSuV）特异性症状描述不足，病理机制解释略简略，检测方法细节缺失，但不影响整体方向和安全性，可通过后续补充完善。,84.0,27,18,23,14,pass,24.91,18.44,
b8882438-57f0-51db-af03-6e6bcc7e36ad,89,猪球虫病,swine_hunyuan_turbos,hunyuan-turbos-20250926,成功,,猪,我家有80头15日龄左右的哺乳仔猪，这几天陆续有8头开始拉黄色稀便，有的像水一样，吃奶量明显下降，精神也差，圈舍温度偏低，之前没用过什么药，想问下是不是球虫引起的？该怎么处理？,根据日龄、水样腹泻、采食下降及低环境温度，考虑仔猪球虫病可能，但需与大肠杆菌性腹泻、轮状病毒、传染性胃肠炎、产气荚膜梭菌C型及Strongyloides ransomi等鉴别；确诊需结合粪便镜检卵囊、肠道病变观察及排除其他常见病因。,管理上保持圈舍温暖干燥、及时清理粪污、减少应激；对疑似病例可先改善饲养条件并补充电解质防脱水；采集新鲜粪便送实验室检测球虫卵囊及其他病原；在排除其他严重传染病前，不建议自行使用抗球虫药；若确诊且为单纯球虫感染，可在兽医指导下选用适宜的抗球虫剂，并注意防止继发细菌感染；如怀疑混合感染或病情进展快，应暂停用药并立即送检。,任何药物使用前须由执业兽医指导，严格遵守标签说明及国家相关规定，确保停药期后方可出栏或出售。,"{""disease_name"": ""猪球虫病"", ""severity"": ""中等"", ""scene_tags"": [""哺乳仔猪"", ""腹泻"", ""低温环境"", ""群体发病""], ""validation_points"": [""结合日龄、腹泻特征与环境因素判断"", ""需排除大肠杆菌、轮状病毒、TGE、C. perfringens type C、Strongyloides ransomi等常见腹泻病原"", ""卵囊检出需结合临床表现和肠道病变""], ""risk_flags"": [""需实验室确诊"", ""存在混合感染风险"", ""禁止未经确诊直接使用抗球虫药""], ""case_type"": ""腹泻群体发病"", ""target_disease"": ""猪球虫病"", ""local_flags"": {""species_ok"": true, ""target_disease_in_diagnosis"": true, ""target_disease_mismatch"": false, ""contains_specific_dose"": false, ""contains_specific_withdrawal"": false, ""regulated_bad_treatment"": false}}",False,False,,,True,False,False,D:\XF-ChongQin\ai-\knowledge\llm_wiki_swine_authoritative,1465,887,"猪球虫病
猪球虫病、coccidia and other protozoa、球虫、球虫感染、coccidiosis、coccidia
腹泻群体发病
同窝或同栏出现水样腹泻、脱水、采食下降，用户想知道主要病因和紧急处理。","{""HUMAN_REVIEWED"": 2, ""NEEDS_REVIEW"": 2}","[""SRC-0001"", ""SRC-0081""]",2220,24.12,ERNIE-4.5-Turbo-32K,82,27,18,22,15,False,True,"整体回答较为全面，诊断考虑了多种可能性，鉴别诊断合理，处理建议安全，但部分细节可优化。
问题：诊断准确性方面，虽然考虑了多种鉴别诊断，但对球虫病的特征性描述可更详细，如卵囊形态、季节性等，以增强针对性。；病理逻辑方面，对球虫病的病理机制解释不够深入，如对肠道损伤的具体描述较少。；处方安全方面，虽然强调了实验室确诊的重要性，但对紧急情况下的初步处理建议可更具体，如电解质补充的具体方案。；数据质量方面，回答中部分内容重复，如对鉴别诊断的列举，可更精炼。",hunyuan-turbos-20250926,85,4,4,5,4,False,False,该回答针对15日龄仔猪水样腹泻等症状，提出了球虫病的可能性，并结合年龄、环境等因素进行了合理的鉴别诊断，排除了重大疫病和人兽共患病的风险。处理建议强调实验室确诊、避免盲目用药，并在兽医指导下使用抗球虫剂，符合安全规范。不足之处在于对球虫特征性表现（如卵囊形态、流行季节）描述不足，病理机制阐述较浅，紧急补液措施未细化。,True,ERNIE-4.5-Turbo-32K,True,pass,整体回答较为全面，诊断考虑了多种可能性，鉴别诊断合理，处理建议安全，符合安全规范。虽然存在对球虫特征性表现描述不足、病理机制阐述较浅、紧急补液措施未细化等轻微不足，但不影响整体方向，可判pass。,84.0,27,18,22,15,pass,17.09,16.71,
93714232-0d21-5344-9730-234d7f09f871,338,猪甲病毒相关感染,swine_hunyuan_turbos,hunyuan-turbos-20250926,成功,,猪,我家有200头80公斤左右的育肥猪，这几天陆续有几头精神沉郁、体温升高到40℃左右，有的还伴有轻度咳嗽和关节轻微肿胀，食欲下降。之前用了替米考星和多西环素拌料喂了5天，症状缓解不明显，想问还能不能再继续用这些药？最近天气忽冷忽热，圈舍通风不太好。,根据描述，结合育肥猪年龄及临床表现，考虑为病毒性感染可能性较大，可能与猪甲病毒相关感染有关，同时不排除继发细菌感染。目前缺乏实验室确诊依据，需进一步采样送检明确病原。,建议立即停喂原抗生素方案，改为加强饲养管理：改善圈舍通风、降低密度、提供清洁饮水和易消化饲料；对发热明显个体进行隔离观察；采集血液、鼻拭子或组织样本送实验室检测病原；如怀疑混合感染且病情较重，可在兽医指导下选用广谱抗菌药控制继发感染，但不可长期依赖抗生素掩盖潜在病毒感染；严禁随意使用违禁药物或超范围用药。,因涉及病毒性疾病，无特定休药期概念，但若使用抗菌药物，应遵守相应药物的停药期规定并符合食品安全要求。,"{""disease_name"": ""猪甲病毒相关感染"", ""severity"": ""中等偏上"", ""scene_tags"": [""育肥猪"", ""发热"", ""呼吸道症状"", ""关节肿胀"", ""抗生素治疗无效""], ""validation_points"": [""症状与病毒性感染相符"", ""抗生素治疗无效提示非单纯细菌病"", ""需要实验室检测确认病原""], ""risk_flags"": [""需排除重大动物疫病"", ""存在继发细菌感染风险""], ""case_type"": ""育肥猪用药咨询"", ""target_disease"": ""猪甲病毒相关感染"", ""local_flags"": {""species_ok"": true, ""target_disease_in_diagnosis"": true, ""target_disease_mismatch"": false, ""contains_specific_dose"": false, ""contains_specific_withdrawal"": false, ""regulated_bad_treatment"": false}}",False,False,,,True,False,False,D:\XF-ChongQin\ai-\knowledge\llm_wiki_swine_authoritative,1465,887,"猪甲病毒相关感染
猪甲病毒相关感染、togaviruses getah sagiyama ross river eee
育肥猪用药咨询
育肥猪出现典型症状，用户已经用过常见药物但效果一般，询问是否继续用药。","{""NEEDS_REVIEW"": 5}","[""SRC-0001""]",2057,25.22,ERNIE-4.5-Turbo-32K,82,27,18,20,17,False,True,"该回答对猪甲病毒相关感染的诊断较为准确，考虑到了病毒性感染的可能性及继发细菌感染的风险，并提出了合理的实验室检测建议。处理方向安全，强调了改善饲养管理和避免滥用抗生素的重要性。数据质量方面，虽然提供了详细的症状描述和诊断逻辑，但在数据完整性和准确性上仍有提升空间。
问题：诊断准确性方面，虽然考虑到了病毒性感染的可能性，但缺乏具体的诊断依据或更详细的鉴别诊断过程。；病理逻辑上，对症状与疾病之间的关联解释不够深入，且未充分讨论其他可能的鉴别诊断。；处方安全性方面，虽然强调了避免滥用抗生素，但未提供具体的广谱抗菌药选择建议（仅在必要时）。；数据质量上，症状描述虽然详细，但缺乏实验室检测结果等客观数据支持诊断。",hunyuan-turbos-20250926,85,8,8,9,7.5,False,False,该案例基于真实养殖场景，用户描述了典型的育肥猪群发病情况，包括精神沉郁、高热、咳嗽、关节肿胀等症状，并结合用药史和环境因素提问。诊断部分合理考虑了病毒性感染（猪甲病毒）及继发细菌感染的可能，并指出需实验室确诊，体现了谨慎态度。处理建议强调改善饲养管理、隔离观察和病原检测，并在必要时合理使用广谱抗菌药，避免了盲目用药。整体处方安全，未出现危险建议，也未给出具体药物剂量或休药期承诺。不足之处在于诊断依据仍较笼统，缺少更细致的鉴别诊断分析，以及未明确广谱抗菌药的类别建议。,True,ERNIE-4.5-Turbo-32K,True,pass,诊断考虑了病毒性感染及继发细菌感染的可能性，并指出需实验室确诊，体现了谨慎态度。处理建议强调改善饲养管理、隔离观察和病原检测，并在必要时合理使用广谱抗菌药，避免了盲目用药，整体方向安全合理。尽管存在诊断依据较笼统、鉴别诊断分析不够细致、未明确广谱抗菌药类别建议等不足，但不影响整体判断，可通过后续优化提升质量。,84.0,27,18,20,17,pass,17.64,20.56,
a05a117f-7cac-55a0-9f40-b8cd18d533b3,225,猪繁殖与呼吸综合征,swine_hunyuan_turbos,hunyuan-2.0-instruct-20251111,成功,,猪,我家是育肥前期猪场，存栏大概380头，现在这批猪60日龄左右、平均体重25公斤上下。最近一周猪舍两头风机坏了，通风不好，氨气味道很重，白天夜里温差也有七八度。三四天前开始有几头猪咳嗽、喘气，后来慢慢增多到二十多头，有的还流鼻涕、少吃料，体温摸着有点高，精神也蔫。之前用过几天阿莫西林拌料，没见明显好转。我想知道这是单纯环境应激还是染上啥传染病了，该咋办？,根据描述的通风不良、氨气浓度高、昼夜温差大等环境因素，以及咳嗽、喘气、流鼻涕、减料、发热和精神沉郁等症状，在保育后期至育肥前期猪群中出现并逐步扩散，应高度怀疑猪繁殖与呼吸综合征（PRRS，蓝耳病）的可能性，同时存在环境应激加重呼吸道易感性。需结合实验室检测与环境改善综合判断。,治疗方向: 以改善饲养环境和减少继发感染为主，针对病毒性感染无特效药物，重点防止细菌混合感染；疑似PRRS应按二类疫病管理要求进行隔离、限制移动并采样送检。；管理措施: 立即修复通风设备，降低氨气浓度，控制舍内温差；将发病猪与健康猪分群管理，减少交叉接触；加强保温与干燥，减少应激；提高饲料营养与饮水清洁度，保证采食量。；采样送检: 采集发病猪的血液、鼻拭子或肺组织样本送有资质的实验室进行PRRSV核酸检测或血清学抗体检测，同时排查猪流感病毒、支原体等常见呼吸道病原以明确混合感染情况。；禁忌边界: 不可仅凭经验长期大剂量使用抗生素作为唯一措施；在未排除重大动物疫病前不得对外销售或调运猪只；禁止私自剖检病死猪以防病原扩散；发现疑似PRRS应按当地动物疫病防控部门规定报告和配合处置，不能以普通呼吸道感染处理替代。,,"{""disease_name"": ""猪繁殖与呼吸综合征"", ""severity"": ""中等偏重（可导致繁殖障碍及呼吸道重症，属二类动物疫病）"", ""scene_tags"": [""保育猪"", ""通风不良"", ""氨气刺激"", ""温差大"", ""咳嗽喘气"", ""渐进性增多"", ""抗生素无效""], ""validation_points"": [""环境应激可诱发或加重PRRS临床表现"", ""症状符合PRRS在保育后期至育肥前期的呼吸道特征"", ""抗生素未能控制提示非单纯细菌性感染"", ""需实验室检测区分环境与病毒感染""], ""risk_flags"": [""重大动物疫病（二类）风险"", ""需按法规隔离与报告"", ""环境管理缺陷加剧疫情风险"", ""存在混合感染可能""], ""case_type"": ""呼吸道环境诱因"", ""target_disease"": ""猪繁殖与呼吸综合征"", ""local_flags"": {""species_ok"": true, ""target_disease_in_diagnosis"": true, ""target_disease_mismatch"": false, ""contains_specific_dose"": false, ""contains_specific_withdrawal"": false, ""regulated_bad_treatment"": false}}",False,False,,,True,False,False,D:\XF-ChongQin\ai-\knowledge\llm_wiki_swine_authoritative,1465,887,"猪繁殖与呼吸综合征
猪繁殖与呼吸综合征、porcine reproductive and respiratory syndrome viruses、PRRS、蓝耳病
呼吸道环境诱因
通风差、氨气重或温差大后出现咳嗽喘气，用户想区分环境应激和传染病。","{""HUMAN_REVIEWED"": 2, ""NEEDS_REVIEW"": 2}","[""A0-MOA-573"", ""A1-WOAH-PRRS-DISEASE"", ""SRC-0001"", ""SRC-0023""]",2221,178.06,ERNIE-4.5-Turbo-32K,85,28,18,22,17,False,True,"整体回答质量较高，诊断准确性、病理逻辑、处方安全性和数据质量均表现良好，无明显致命风险，符合通过标准。
问题：诊断准确性方面，虽然识别了PRRS的可能性，但未完全排除其他呼吸道疾病（如猪流感、支原体肺炎）的混合感染，仅依赖症状描述和环境因素，缺乏实验室检测支持，评分略扣。；病理逻辑方面，对环境应激与PRRS相互作用的解释较充分，但未详细说明PRRS的典型病理变化（如间质性肺炎、淋巴结肿大）与症状的关联，逻辑链条稍显不足。；处方安全性方面，管理措施全面，但未明确抗生素使用的具体原则（如选择、疗程），仅强调“不可长期大剂量使用”，略显笼统。；数据质量方面，用户查询和回答的场景标签、验证点、风险标志覆盖较全，但未提及猪群的免疫史（如PRRS疫苗接种情况），对诊断的参考价值有限。",hunyuan-turbos-20250926,85,80,82,88,84,False,False,"回答整体质量较高，准确识别了猪繁殖与呼吸综合征（PRRS）的可能性，并结合环境应激因素进行了合理分析。处方部分强调了环境改善、分群管理和实验室检测的重要性，避免了盲目用药，并明确了重大疫病的报告与处置要求，未出现危险建议。不足之处在于诊断未充分排除其他呼吸道病原混合感染，病理机制解释不够深入，且缺少对疫苗史的询问。
问题：未充分讨论其他可能的呼吸道病原体（如猪流感、支原体肺炎）及其混合感染可能性；缺乏对PRRS典型病理变化与临床症状关联的详细阐述；未询问猪群免疫史（尤其是PRRS疫苗）对诊断的影响；抗生素使用原则表述较为笼统",True,ERNIE-4.5-Turbo-32K,True,pass,回答整体质量较高，准确识别了猪繁殖与呼吸综合征（PRRS）的可能性，并结合环境应激因素进行了合理分析。处方部分强调了环境改善、分群管理和实验室检测的重要性，避免了盲目用药，并明确了重大疫病的报告与处置要求，未出现危险建议。尽管存在诊断未充分排除其他呼吸道病原混合感染、病理机制解释不够深入、缺少对疫苗史的询问以及抗生素使用原则表述较为笼统等轻微不足，但整体诊断和处置方向安全且疾病匹配，不影响通过判定。,84.0,28,18,22,17,pass,26.1,21.84,
99aca232-d15b-5d6f-839e-5519c3e15d21,6,猪繁殖与呼吸综合征,swine_hunyuan_turbos,hunyuan-turbos-20250926,成功,,猪,我家是100头左右保育猪，现在50日龄左右，最近一周舍内通风不太好，早上起来能闻到明显氨味，白天温度波动也大，有几头开始咳嗽、喘气，精神还行，采食量稍微下降，之前没用过什么药，这种情况是环境应激还是蓝耳病？要怎么处理？,结合临床表现（保育猪、咳嗽喘气、采食略降）、环境诱因（通风不良、氨气高、温差大），需考虑猪繁殖与呼吸综合征（PRRS）的可能性，同时应排除其他呼吸道病原如猪流感病毒、支原体肺炎等的混合感染。建议通过实验室检测确诊。,treatment_direction: 无特效抗病毒药物，主要采取支持疗法和对症处理，改善饲养管理条件，减少继发细菌感染风险。；management_measures: 立即加强通风换气，降低舍内氨气浓度；保持适宜温湿度，减少昼夜温差；提供清洁饮水和易消化饲料；对症状较重个体进行隔离观察。；sampling_and_testing: 采集鼻拭子、血液样本送实验室进行PRRSV PCR检测及抗体检测，必要时排查其他呼吸道病原。；prohibited_boundaries: 严禁使用未经批准的兽药或人用药品；不得擅自对外销售或运输疑似染疫猪群；发现疫情应按当地动物防疫部门要求进行报告和处置。,本病为病毒性感染，无特定停药期，但任何用药须遵循国家兽药使用规范并遵守相应休药期规定。,"{""disease_name"": ""猪繁殖与呼吸综合征"", ""severity"": ""中等至严重（可导致繁殖障碍和生长迟缓，易继发细菌感染）"", ""scene_tags"": [""保育猪"", ""呼吸道症状"", ""环境应激"", ""氨气高"", ""温差大""], ""validation_points"": [""保育猪出现咳嗽喘气且伴随环境恶化提示呼吸道综合征可能"", ""PRRS在保育阶段可引起类似症状"", ""需实验室检测确认病原""], ""risk_flags"": [""潜在PRRS感染"", ""环境管理缺陷"", ""需防止继发细菌感染""], ""case_type"": ""呼吸道环境诱因"", ""target_disease"": ""猪繁殖与呼吸综合征"", ""local_flags"": {""species_ok"": true, ""target_disease_in_diagnosis"": true, ""target_disease_mismatch"": false, ""contains_specific_dose"": false, ""contains_specific_withdrawal"": false, ""regulated_bad_treatment"": false}}",False,False,,,True,False,False,D:\XF-ChongQin\ai-\knowledge\llm_wiki_swine_authoritative,1465,887,"猪繁殖与呼吸综合征
猪繁殖与呼吸综合征、porcine reproductive and respiratory syndrome viruses、PRRS、蓝耳病
呼吸道环境诱因
通风差、氨气重或温差大后出现咳嗽喘气，用户想区分环境应激和传染病。","{""HUMAN_REVIEWED"": 2, ""NEEDS_REVIEW"": 2}","[""A0-MOA-573"", ""A1-WOAH-PRRS-DISEASE"", ""SRC-0001"", ""SRC-0023""]",2221,33.15,ERNIE-4.5-Turbo-32K,82,27,18,20,17,False,True,"该回答整体表现良好，诊断准确性较高，考虑了环境诱因和疾病可能性，并建议实验室检测确诊。病理逻辑合理，但未详细阐述其他呼吸道病原的排除逻辑。处方安全，管理措施得当，但数据质量因缺乏具体检测细节和用药指导而略有扣分。
问题：诊断部分虽提及需排除其他呼吸道病原，但未详细说明排除逻辑或具体方法。；数据质量方面，缺乏具体的检测细节和用药指导，使得回答略显笼统。；病理逻辑部分对疾病严重性的描述不够深入，未充分强调PRRS的潜在影响。",hunyuan-turbos-20250926,85,90,85,95,80,False,False,回答准确识别了可能的猪繁殖与呼吸综合征（PRRS）风险，并结合环境因素进行了分析，提出了合理的实验室检测建议。处方措施安全且符合防控原则，强调了管理改善和禁止违规用药。不足之处在于对其他呼吸道病原的排除逻辑描述较简略，以及缺少更具体的检测与干预细节。,True,ERNIE-4.5-Turbo-32K,True,pass,回答整体表现良好，诊断准确性较高，结合环境诱因和疾病可能性进行了分析，并提出了合理的实验室检测建议。处方措施安全且符合防控原则，管理措施得当。虽然对其他呼吸道病原的排除逻辑描述较简略，且缺少更具体的检测与干预细节，但不影响整体方向和安全性。,84.0,27,18,20,17,pass,17.71,16.86,
e7fb9cd1-37f9-5be2-bd5d-7ec0f90846d6,79,猪繁殖与呼吸综合征,swine_hunyuan_turbos,hunyuan-turbos-20250926,成功,,猪,我家有200头60公斤左右的育肥猪，最近一周陆续有几头开始咳嗽、喘气，体温升高到40℃左右，吃料明显减少，有的还流鼻涕。圈舍通风一般，湿度偏高，之前用过替米考星拌料，效果不明显。现在担心是不是蓝耳病，要不要整批用药？,根据症状、流行病学及饲养管理条件，高度怀疑为猪繁殖与呼吸综合征（PRRS），可能合并其他呼吸道病原体如猪流感病毒或支原体肺炎。需结合实验室检测确诊。,立即隔离病猪并加强圈舍通风与温湿度控制；对全群进行健康巡查，记录体温、采食量和呼吸状况；采集鼻拭子、血液样本送实验室检测PRRSV及其他常见呼吸道病原；在检测结果出来前，不建议盲目使用广谱抗生素或抗病毒药物，以免掩盖病情或造成耐药；若确诊为PRRS且伴随继发细菌感染，可在兽医指导下选择敏感抗生素治疗继发感染；严禁私自屠宰、出售可疑病猪。,未明确具体停药时间，需依据所用药物种类及国家相关规定执行，并在出栏前确保符合休药期要求。,"{""disease_name"": ""猪繁殖与呼吸综合征"", ""severity"": ""中等至严重"", ""scene_tags"": [""育肥猪"", ""呼吸道症状"", ""群体发病"", ""高湿通风差""], ""validation_points"": [""症状符合PRRS典型表现（高热、咳嗽、喘气、食欲下降）"", ""环境因素（高湿、通风不良）易诱发或加重PRRS流行"", ""前期用药无效提示非单一细菌性感染""], ""risk_flags"": [""疑似二类动物疫病"", ""存在混合感染风险"", ""需实验室确诊""], ""case_type"": ""呼吸道群体发病"", ""target_disease"": ""猪繁殖与呼吸综合征"", ""local_flags"": {""species_ok"": true, ""target_disease_in_diagnosis"": true, ""target_disease_mismatch"": false, ""contains_specific_dose"": false, ""contains_specific_withdrawal"": false, ""regulated_bad_treatment"": false}}",False,False,,,True,False,False,D:\XF-ChongQin\ai-\knowledge\llm_wiki_swine_authoritative,1465,887,"猪繁殖与呼吸综合征
猪繁殖与呼吸综合征、porcine reproductive and respiratory syndrome viruses、PRRS、蓝耳病
呼吸道群体发病
同栏出现咳嗽、喘气、发热、采食下降，用户想判断病因和是否需要全群用药。","{""HUMAN_REVIEWED"": 2, ""NEEDS_REVIEW"": 2}","[""A0-MOA-573"", ""A1-WOAH-PRRS-DISEASE"", ""SRC-0001"", ""SRC-0026""]",2221,24.85,ERNIE-4.5-Turbo-32K,82,27,18,22,15,False,True,"该回答对猪繁殖与呼吸综合征的诊断较为准确，症状描述与疾病特征相符，且考虑了混合感染的可能性。处理方向安全，强调实验室检测的重要性，避免盲目用药。数据质量基本满足要求，但部分细节可进一步完善。
问题：诊断准确性方面，虽然考虑了混合感染，但未明确提及如何区分PRRS与其他类似疾病的具体方法。；病理逻辑上，对环境因素与疾病关系的阐述较为笼统，可进一步细化。；处方安全性上，未明确提及具体抗生素的选择原则，仅提到“敏感抗生素”。；数据质量方面，休药期未明确具体时间，仅提及需依据规定执行，略显不足。",hunyuan-turbos-20250926,85,90,85,88,80,False,False,该案例场景真实，用户描述了典型的PRRS相关症状及环境背景，诊断合理并考虑混合感染可能性，处理方案注重检测和隔离，避免了盲目用药，整体安全可控。不足之处在于缺乏更具体的鉴别诊断方法和环境致病机制分析，以及抗生素选择原则的细化说明。,True,ERNIE-4.5-Turbo-32K,True,pass,该回答对猪繁殖与呼吸综合征的诊断较为准确，症状描述与疾病特征相符，且考虑了混合感染的可能性。处理方向安全，强调实验室检测的重要性，避免盲目用药。虽然存在部分细节不足，如未明确提及如何区分PRRS与其他类似疾病的具体方法、环境因素与疾病关系的阐述较为笼统、未明确提及具体抗生素的选择原则等，但整体不影响诊断和处置方向，数据质量基本满足要求。,84.0,27,18,22,15,pass,15.45,19.22,
6094b4f4-c005-577f-8f8f-a84781a9050e,494,猪结核病,swine_hunyuan_turbos,hunyuan-turbos-20250926,成功,,猪,我家有200头90公斤左右的育肥猪，最近发现其中几头精神沉郁、食欲下降、咳嗽明显，体温在39℃左右，持续了差不多一周。之前用了替米考星和多西环素拌料，效果不明显，还有两头消瘦得厉害。圈舍通风一般，地面潮湿，想问这种情况还能继续用这些药吗？,根据描述的症状（慢性咳嗽、消瘦、发热）和用药史，结合育肥猪的饲养环境，怀疑为猪结核病可能，但该病多为亚临床感染，常通过屠宰检疫发现。目前表现提示可能存在慢性呼吸道细菌感染，不排除结核分枝杆菌感染的可能，需进一步实验室检测确认。,treatment_direction: 不建议继续使用常规抗生素作为单一方案，应停止盲目投药，防止耐药产生。；management_measures: 立即隔离可疑个体，改善圈舍通风与干燥度，减少应激因素；加强全群健康监测，记录发病与死亡情况。；sampling_and_testing: 采集可疑猪的肺、淋巴结等组织样本送专业实验室进行抗酸染色、PCR或培养检测，明确是否为Mycobacterium属感染。；prohibited_boundaries: 在未确诊前不得自行使用任何针对结核病的特殊药物；若确诊为猪结核，应按国家相关规定进行无害化处理，禁止流入市场。,未确诊前无明确停药建议；如后续使用特定抗结核药物，须依据检测结果和国家规定确定停药与出栏时间。,"{""disease_name"": ""猪结核病"", ""severity"": ""中等至严重（取决于感染范围与病原类型）"", ""scene_tags"": [""育肥猪"", ""慢性呼吸道症状"", ""亚临床感染"", ""人兽共患风险""], ""validation_points"": [""症状符合慢性消耗性疾病特征"", ""常规抗生素治疗无效提示非典型病原体"", ""环境潮湿通风差增加感染风险""], ""risk_flags"": [""潜在人兽共患风险"", ""需实验室确诊"", ""可能涉及重大疫病防控""], ""case_type"": ""育肥猪用药咨询"", ""target_disease"": ""猪结核病"", ""local_flags"": {""species_ok"": true, ""target_disease_in_diagnosis"": true, ""target_disease_mismatch"": false, ""contains_specific_dose"": false, ""contains_specific_withdrawal"": false, ""regulated_bad_treatment"": false}}",False,False,,,True,False,False,D:\XF-ChongQin\ai-\knowledge\llm_wiki_swine_authoritative,1465,887,"猪结核病
猪结核病、tuberculosis
育肥猪用药咨询
育肥猪出现典型症状，用户已经用过常见药物但效果一般，询问是否继续用药。","{""HUMAN_REVIEWED"": 3, ""NEEDS_REVIEW"": 2}","[""SRC-0001"", ""SRC-0078""]",2104,28.25,ERNIE-4.5-Turbo-32K,82,27,18,22,15,False,True,"整体回答质量较高，诊断方向合理，考虑到了猪结核病的可能性，并提出了实验室检测的建议。处理方向安全，避免了盲目用药和耐药性的产生。数据质量方面，虽然提供了详细的症状描述和用药史，但部分信息如具体检测方法和结果解读可进一步丰富。
问题：诊断准确性方面，虽然考虑到了猪结核病的可能性，但未给出更具体的诊断依据或排除其他类似疾病的理由。；病理逻辑方面，对猪结核病的病理过程解释不够深入，未详细阐述为何常规抗生素治疗无效。；处方安全方面，虽然提出了停止盲目投药的建议，但未给出具体的替代治疗方案或建议使用的药物类别。；数据质量方面，缺乏对猪结核病流行病学特点、临床症状的详细描述，以及实验室检测方法的具体介绍。",hunyuan-turbos-20250926,85,80,78,88,82,False,False,该回答在场景真实性和症状-疾病匹配上基本合理，考虑了猪结核病的可能性，并结合用药史和环境因素提出怀疑。诊断思路较为谨慎，强调实验室确诊的重要性，避免直接下结论。处理措施包括隔离、改善环境及送检，符合生物安全要求，未发现危险建议。不足之处在于缺乏更深入的病理机制解释和明确的鉴别诊断分析，且未提供替代治疗方向。,True,ERNIE-4.5-Turbo-32K,True,pass,整体回答质量较高，诊断方向合理，考虑到了猪结核病的可能性，并提出了实验室检测的建议。处理方向安全，避免了盲目用药和耐药性的产生。虽然存在诊断准确性、病理逻辑和处方安全方面的轻微不足，但不影响整体判断，可参考价值较高。,84.0,27,18,22,15,pass,19.35,13.08,
8a063612-251a-5540-bf11-7fb83503c89e,284,猪肾虫病,swine_hunyuan_turbos,hunyuan-turbos-20250926,成功,,猪,我家有120头育肥猪，平均体重在70公斤左右，最近发现几头猪精神差、食欲下降，有的尿液里能看到少量血色，粪便偏稀，体温正常。圈舍是水泥地面，通风一般，之前没做过驱虫，想问这种情况是不是要全群处理？环境该怎么清理？要不要采样检查？,根据描述，结合尿液带血、精神食欲下降等症状，以及未驱虫史和圈舍条件，怀疑为猪肾虫病（Stephanurus dentatus）。该病由肾虫寄生引起，成虫可在肾周囊及输尿管开口处形成囊肿并产卵，卵随尿液排出，幼虫移行可致肝脏损伤。,treatment_direction: 建议联系当地兽医进行粪便镜检或尿液沉渣检查，以确诊是否为肾虫感染；如确诊，应制定针对性驱虫方案。；management_measures: 加强圈舍清洁消毒，清除粪污，减少潮湿环境；改善通风，降低氨气和粉尘浓度；防止猪接触被污染的水源或土壤。；sampling_submission: 采集可疑猪的新鲜尿液样本，静置沉淀后取沉渣镜检寻找虫卵；必要时可同时采集粪便样本；也可对病死猪进行剖检，观察肾周囊及肝脏病变。；prohibited_boundaries: 在未确诊前不得使用未经批准的驱虫药物；严禁将疑似病猪随意出售或屠宰；若检出大量阳性或发现严重病变，应按重大动物疫病防控要求进行隔离、报告和后续处置。,因未明确使用具体药物，无法给出确切休药期；如需用药，须依据所用药物说明书并在停药期满后复检合格方可出栏。,"{""disease_name"": ""猪肾虫病"", ""severity"": ""中等"", ""scene_tags"": [""育肥猪"", ""水泥地面"", ""通风不良"", ""未驱虫史""], ""validation_points"": [""尿液带血提示泌尿系统受累"", ""未驱虫史增加寄生虫感染概率"", ""环境管理不足利于虫卵存活""], ""risk_flags"": [""可能波及全群"", ""需实验室确诊"", ""涉及重大动物疫病防控边界""], ""case_type"": ""驱虫和环境管理"", ""target_disease"": ""猪肾虫病"", ""local_flags"": {""species_ok"": true, ""target_disease_in_diagnosis"": true, ""target_disease_mismatch"": false, ""contains_specific_dose"": false, ""contains_specific_withdrawal"": false, ""regulated_bad_treatment"": false}}",False,False,,,True,False,False,D:\XF-ChongQin\ai-\knowledge\llm_wiki_swine_authoritative,1465,887,"猪肾虫病
猪肾虫病、stephanurus dentatus kidney worm
驱虫和环境管理
用户询问是否需要全群处理、环境清理和复查方式。","{""HUMAN_REVIEWED"": 3, ""NEEDS_REVIEW"": 2}","[""SRC-0001"", ""SRC-0026"", ""SRC-0028"", ""SRC-0082""]",2149,28.52,ERNIE-4.5-Turbo-32K,82,27,18,20,17,False,True,"整体回答质量较高，诊断准确性、病理逻辑、处方安全性和数据质量均表现良好，无明显致命风险，符合通过标准。
问题：诊断准确性方面，虽然症状和病史支持猪肾虫病的怀疑，但缺乏实验室确诊依据，诊断依据稍显不足。；病理逻辑方面，对肾虫病病理机制的描述较为准确，但未充分解释症状与病理机制之间的直接联系。；处方安全性方面，建议联系兽医进行确诊和制定驱虫方案是合理的，但未提供具体的驱虫药物选择，略显保守。；数据质量方面，回答内容较为完整，但部分信息如休药期的说明因缺乏具体药物而显得不够明确。",hunyuan-turbos-20250926,85,80,85,90,85,False,False,"该回答整体结构合理，诊断思路基于典型症状与流行病学背景提出猪肾虫病的可能性，并提示需实验室确诊，避免盲目用药。病理机制描述基本正确，管理建议与环境控制方向一致，且强调了确诊前的药物禁用和重大疫病防控要求，无危险建议。不足之处在于诊断依据缺少现场检测细节，病理与症状的关联解释不够深入，部分管理措施可更细化。
问题：诊断部分依赖临床症状推测，未强调必须结合实验室检测确认，存在误诊风险。；病理机制与症状之间的联系阐述较简略，未能清晰解释为何会出现血尿、腹泻等临床表现。；驱虫方案仅停留在“联系兽医”层面，缺乏针对常见有效药物的提示，可能让养殖户感到信息不足。",True,ERNIE-4.5-Turbo-32K,True,pass,整体回答质量较高，诊断基于症状和病史提出猪肾虫病的可能性，并提示需实验室确诊，符合安全标准。病理机制描述基本正确，管理建议与环境控制方向一致，且强调了确诊前的药物禁用和重大疫病防控要求，无危险建议。尽管诊断依据缺少现场检测细节，病理与症状的关联解释不够深入，部分管理措施可更细化，但不影响整体方向，可判pass。,84.0,27,18,20,17,pass,18.94,20.17,
ae7659d0-a039-52ff-a4b0-b878f286fa06,92,猪腺病毒感染,swine_hunyuan_turbos,hunyuan-turbos-20250926,成功,,猪,我家有200头70公斤左右的育肥猪，最近一周陆续出现精神沉郁、食欲下降、轻度腹泻的情况，个别猪体温略高到39℃左右，粪便偏稀带点黏液。之前用了几天恩诺沙星和多西环素拌料，感觉改善不明显。圈舍通风一般，地面潮湿，粪污清理不够及时。想问问这种情况是不是还要继续用这些药？会不会是别的病？,结合症状、环境和用药反应，考虑为猪腺病毒感染可能性较大，同时可能存在继发细菌感染或混合感染。该病多为温和型病毒性肠炎，常因环境卫生差而加重。,建议立即加强圈舍清洁消毒，保持干燥通风，减少粪便污染；暂停使用抗生素观察，必要时采集新鲜粪便送实验室进行病原学检测；若腹泻严重，可短期给予补液电解质支持并添加适量益生菌调节肠道；禁止随意更换广谱抗生素以防耐药；如怀疑其他烈性传染病需及时隔离可疑猪并报告当地畜牧部门。,因未使用特定药物，无明确休药期；如后续使用抗菌药，应遵守相应兽药说明书及国家休药规定。,"{""disease_name"": ""猪腺病毒感染"", ""severity"": ""中等"", ""scene_tags"": [""育肥猪"", ""腹泻"", ""轻度发热"", ""环境潮湿""], ""validation_points"": [""症状符合腺病毒引起的温和型肠炎表现"", ""抗生素治疗无效提示可能为非细菌性病因"", ""环境管理不良是重要诱因""], ""risk_flags"": [""需排除其他病毒性或细菌性肠道疾病"", ""防止继发感染扩散"", ""注意区分是否为法定重大疫病""], ""case_type"": ""育肥猪用药咨询"", ""target_disease"": ""猪腺病毒感染"", ""local_flags"": {""species_ok"": true, ""target_disease_in_diagnosis"": true, ""target_disease_mismatch"": false, ""contains_specific_dose"": false, ""contains_specific_withdrawal"": false, ""regulated_bad_treatment"": false}}",False,False,,,True,False,False,D:\XF-ChongQin\ai-\knowledge\llm_wiki_swine_authoritative,1465,887,"猪腺病毒感染
猪腺病毒感染、adenoviruses
育肥猪用药咨询
育肥猪出现典型症状，用户已经用过常见药物但效果一般，询问是否继续用药。","{""HUMAN_REVIEWED"": 1, ""NEEDS_REVIEW"": 4}","[""SRC-0001"", ""SRC-0030""]",2132,24.2,ERNIE-4.5-Turbo-32K,82,27,18,23,14,False,True,"整体回答质量较高，诊断准确性、病理逻辑和处方安全性均表现良好，数据质量基本满足要求，无致命风险，符合通过标准。
问题：诊断准确性方面，虽然症状和环境分析合理，但未完全排除其他病毒性或细菌性肠道疾病的可能性，诊断依据略显不足。；病理逻辑方面，对继发细菌感染或混合感染的描述较为笼统，缺乏具体分析。；处方安全性方面，建议措施较为全面，但未明确补液电解质支持的具体方案和益生菌的种类及用量。；数据质量方面，场景标签和验证点较为全面，但风险标志的描述略显简单，未详细列出需排除的具体疾病。",hunyuan-turbos-20250926,85,80,80,90,85,False,False,该条数据整体结构完整，场景真实且描述清晰，用户提供的症状与环境信息能够支撑初步诊断思路。诊断部分将猪腺病毒感染作为主因，并结合环境和管理因素提出可能继发细菌感染，逻辑合理。处方建议以管理改善、病原检测和营养支持为主，避免了盲目使用抗生素，体现了良好的生物安全和用药安全意识。不足之处在于诊断依据稍显单薄，未充分列举需鉴别的其他常见肠道病毒或细菌性疾病，对继发感染的机制说明较笼统，且补液和益生菌方案缺少细节。总体无明显致命风险，符合通过标准。,True,ERNIE-4.5-Turbo-32K,True,pass,整体回答质量较高，诊断结合症状、环境和用药反应，考虑猪腺病毒感染可能性较大，同时提及可能存在继发细菌感染或混合感染，逻辑合理；处方建议以管理改善、病原检测和营养支持为主，避免盲目使用抗生素，体现了良好的生物安全和用药安全意识。虽然诊断依据稍显单薄，未充分列举需鉴别的其他常见肠道病毒或细菌性疾病，对继发感染的机制说明较笼统，且补液和益生菌方案缺少细节，但不影响整体方向和安全性，无致命风险。,84.0,27,18,23,14,pass,17.44,19.86,
25111c4f-ee5f-5f51-8ac5-e30453ade4a7,128,猪葡萄球菌病,swine_hunyuan_turbos,hunyuan-turbos-20250926,成功,,猪,我家有120头80公斤左右的育肥猪，圈舍通风一般，最近一周陆续发现几头猪背部、耳后皮肤发红、结痂，有的还有黄色渗出物，之前按链球菌用了阿莫西林拌料三天，没见明显好转，反而又有新发病的。想问下是不是还要继续用抗生素？还是换别的办法？,根据描述，育肥猪在圈舍通风不良条件下出现局部皮肤发红、结痂及渗出，且对阿莫西林反应不佳，符合猪葡萄球菌病（渗出性表皮炎）的典型表现。该病由金黄色葡萄球菌属（多为S. hyicus）引起，常因皮肤损伤继发感染，潮湿、拥挤环境易诱发。需与猪链球菌病、疥螨等鉴别。,treatment_direction: 针对可能的猪葡萄球菌感染，可更换为对该菌敏感的抗生素（如头孢类、氟喹诺酮类等），并配合外用消毒清洗患处。；management_measures: 改善圈舍通风与干燥条件，减少密度，防止猪只互相摩擦造成皮肤破损；及时清理渗出物，保持体表清洁。；sampling_and_testing: 建议采集病变组织进行细菌培养和药敏试验，明确病原及敏感药物，指导后续用药。；prohibited_boundaries: 不得使用禁用于食品动物的药物；若怀疑重大动物疫病（如非洲猪瘟），应立即停止自行用药，并按规定上报隔离检测。,使用任何兽药前须确认该药物在猪上的合法用途及相应休药期，并在停药期结束前不得屠宰上市。,"{""disease_name"": ""猪葡萄球菌病"", ""severity"": ""中等"", ""scene_tags"": [""育肥猪"", ""皮肤病变"", ""抗生素治疗无效"", ""圈舍通风差""], ""validation_points"": [""症状与猪葡萄球菌病相符"", ""阿莫西林效果不佳提示可能耐药或不对症"", ""管理因素（通风、密度）与发病有关""], ""risk_flags"": [""潜在耐药菌"", ""需区分其他皮肤病"", ""重大疫病排查""], ""case_type"": ""育肥猪用药咨询"", ""target_disease"": ""猪葡萄球菌病"", ""local_flags"": {""species_ok"": true, ""target_disease_in_diagnosis"": true, ""target_disease_mismatch"": false, ""contains_specific_dose"": false, ""contains_specific_withdrawal"": false, ""regulated_bad_treatment"": false}}",False,False,,,True,False,False,D:\XF-ChongQin\ai-\knowledge\llm_wiki_swine_authoritative,1465,887,"猪葡萄球菌病
猪葡萄球菌病、staphylococcosis exudative epidermitis
育肥猪用药咨询
育肥猪出现典型症状，用户已经用过常见药物但效果一般，询问是否继续用药。","{""HUMAN_REVIEWED"": 3, ""NEEDS_REVIEW"": 2}","[""SRC-0001"", ""SRC-0012"", ""SRC-0015"", ""SRC-0074"", ""SRC-0076""]",2119,29.07,ERNIE-4.5-Turbo-32K,85,28,18,22,17,False,True,"整体回答质量较高，诊断准确，逻辑清晰，处方安全，数据质量良好，无明显致命风险。
问题：diagnosis_accuracy: 诊断部分对症状与疾病的匹配描述较为全面，但未明确提及与其他类似疾病（如猪链球菌病、疥螨）的鉴别要点，略显不足。；pathology_logic: 病理逻辑部分对病因和环境因素的关联分析合理，但缺乏对疾病发展过程的详细描述。；prescription_safety: 处方安全部分对抗生素的选择和外用消毒的建议合理，但未明确提及具体药物名称和剂量，略显笼统。；data_quality: 数据质量部分对场景标签和验证点的描述较为全面，但风险标志部分对“潜在耐药菌”和“需区分其他皮肤病”的描述较为简单，缺乏具体措施。",hunyuan-turbos-20250926,82,8,8,9,8,True,False,"回答整体结构完整，诊断依据充分，能结合饲养环境与症状特征指向猪葡萄球菌病，并提示鉴别诊断思路。治疗与管理措施方向正确，包含采样检测和防控建议，未出现危险用药建议。不足之处在于鉴别要点不够细化，病理过程描述较简略，管理细节可更具体。
问题：鉴别诊断仅列出疾病名称，缺少关键临床或实验室区分点。；病理机制与发展过程描述过于概括，未能体现病程特点。；管理措施虽提到通风、密度控制，但缺乏执行细节（如通风标准、密度数值）。",True,ERNIE-4.5-Turbo-32K,True,pass,回答整体结构完整，诊断依据充分，结合饲养环境与症状特征指向猪葡萄球菌病，并提示鉴别诊断思路。治疗与管理措施方向正确，包含采样检测和防控建议，未出现危险用药建议。尽管存在鉴别要点不够细化、病理过程描述较简略、管理细节可更具体等轻微不足，但整体安全且疾病匹配，不影响数据可用性。,84.0,28,18,22,17,pass,19.07,14.89,
3e749afe-cde2-5647-abae-fbaa23e109ef,26,猪血凝性脑脊髓炎,swine_hunyuan_turbos,hunyuan-turbos-20250926,成功,,猪,我家有200头90日龄左右的育肥猪，最近一周陆续有几头出现精神沉郁、不吃料、体温正常偏低、走路摇晃、有的还伴有呕吐和消瘦，之前按副伤寒用了氟苯尼考和多西环素拌料，效果不明显。圈舍通风一般，湿度偏高，想问还能继续用这些药吗？,根据描述的症状（精神沉郁、共济失调、呕吐、消瘦）及用药史，结合猪血凝性脑脊髓炎的临床表现特征，高度怀疑为该病。该病多见于缺乏母源抗体的仔猪和育肥前期猪，常呈散发，死亡率因日龄而异。需通过实验室检测（如RT-PCR）确诊。,目前无特效抗病毒药物，建议立即停喂可疑药物并加强护理，减少应激，保持圈舍干燥通风。采集病猪脑组织、血液等样本送实验室检测以明确病原。若确诊为猪血凝性脑脊髓炎，应执行严格的生物安全措施，防止水平传播，并对同群猪进行监测。禁止随意使用抗生素替代治疗，以免掩盖病情延误防控。,本病为病毒性传染病，无针对病原的药物治疗，因此不存在药物休药期问题。但若在诊断前已使用过药物，应记录使用情况并在后续出栏时依据所用药物的官方休药期规定执行。,"{""disease_name"": ""猪血凝性脑脊髓炎"", ""severity"": ""中等至高（取决于日龄和免疫状况）"", ""scene_tags"": [""育肥猪"", ""神经症状"", ""呕吐消瘦"", ""高湿环境""], ""validation_points"": [""症状符合猪血凝性脑脊髓炎的典型表现"", ""用药无效提示非细菌性单一病因"", ""需要实验室检测确诊""], ""risk_flags"": [""需排除其他神经性疾病（如伪狂犬、乙脑、水肿病等）"", ""存在潜在重大疫病风险，需按规定报告""], ""case_type"": ""育肥猪用药咨询"", ""target_disease"": ""猪血凝性脑脊髓炎"", ""local_flags"": {""species_ok"": true, ""target_disease_in_diagnosis"": true, ""target_disease_mismatch"": false, ""contains_specific_dose"": false, ""contains_specific_withdrawal"": false, ""regulated_bad_treatment"": false}}",False,False,,,True,False,False,D:\XF-ChongQin\ai-\knowledge\llm_wiki_swine_authoritative,1465,887,"猪血凝性脑脊髓炎
猪血凝性脑脊髓炎、hemagglutinating encephalomyelitis virus
育肥猪用药咨询
育肥猪出现典型症状，用户已经用过常见药物但效果一般，询问是否继续用药。","{""HUMAN_REVIEWED"": 3, ""NEEDS_REVIEW"": 2}","[""SRC-0001"", ""SRC-0008"", ""SRC-0012"", ""SRC-0015"", ""SRC-0037""]",2063,23.36,ERNIE-4.5-Turbo-32K,82,27,18,23,14,False,True,"该回答在诊断准确性、病理逻辑、处方安全性和数据质量方面表现良好，整体符合测试数据有效性要求。诊断考虑了症状、用药史及疾病特征，处方建议合理且安全，未发现致命风险。
问题：诊断准确性方面，虽然症状描述与疾病匹配，但缺乏实验室检测支持，诊断依据稍显不足。；病理逻辑方面，对疾病传播途径和防控措施的描述可更详细。；数据质量方面，场景标签和验证点较为全面，但风险标志的描述可更具体。",hunyuan-turbos-20250926,85,4,4,5,4,False,False,该数据场景真实，用户描述了典型的猪血凝性脑脊髓炎相关症状及用药无效的情况，诊断思路与症状吻合，处方建议强调实验室确诊、避免滥用抗生素、加强生物安全，符合安全规范，未出现危险建议。不足之处在于诊断缺少实验室证据支撑，防控细节可进一步补充。,True,ERNIE-4.5-Turbo-32K,True,pass,诊断考虑了症状、用药史及疾病特征，与猪血凝性脑脊髓炎的临床表现吻合，处方建议合理且安全，强调实验室确诊、避免滥用抗生素、加强生物安全，符合安全规范，未发现致命风险。尽管诊断缺乏实验室检测支持，但整体符合测试数据有效性要求。,84.0,27,18,23,14,pass,15.53,15.94,
126a97af-bb91-5e28-acad-01394efe5202,177,猪西尼罗病毒相关感染,swine_hunyuan_turbos,hunyuan-turbos-20250926,成功,,猪,我家是200头基础母猪的种猪场，最近半个月陆续有10多头怀孕后期母猪发生流产，有的产下木乃伊胎，还有两头公猪采精量下降、精液活力差。场内没有新引进猪，但前段时间下了几场大雨，圈舍潮湿。请问这是啥病？还能继续配种吗？,根据描述，妊娠母猪集中性流产、死胎及木乃伊胎，同时公猪精液质量下降，结合近期天气潮湿、无外购史等流行病学特点，需高度怀疑病毒性繁殖障碍性疾病，如猪西尼罗病毒相关感染或其他虫媒传播病毒病。该病可导致母猪流产、胎儿死亡及公猪生殖功能受损。,立即隔离发病母猪和受影响公猪，停止配种计划；加强圈舍通风干燥，减少蚊虫滋生；采集流产胎儿组织、血液及精液样本送实验室检测确诊；在检测结果明确前，禁止引入新种猪及精液；若确诊为重大动物疫病，应按规定向当地畜牧兽医部门报告并配合处置。,因病因未明且涉及潜在重大疫病，暂停配种直至实验室确诊并采取相应防控措施后方可恢复。,"{""disease_name"": ""猪西尼罗病毒相关感染"", ""severity"": ""高"", ""scene_tags"": [""种猪场"", ""繁殖障碍"", ""流产"", ""公猪精液异常""], ""validation_points"": [""妊娠母猪集中性流产与死胎符合病毒性繁殖障碍特征"", ""公猪精液质量下降提示生殖系统受累"", ""无外购史但存在虫媒传播可能""], ""risk_flags"": [""疑似重大动物疫病"", ""需实验室确诊"", ""需隔离与限制流动""], ""case_type"": ""种猪繁殖障碍"", ""target_disease"": ""猪西尼罗病毒相关感染"", ""local_flags"": {""species_ok"": true, ""target_disease_in_diagnosis"": true, ""target_disease_mismatch"": false, ""contains_specific_dose"": false, ""contains_specific_withdrawal"": false, ""regulated_bad_treatment"": false}}",False,False,,,True,False,False,D:\XF-ChongQin\ai-\knowledge\llm_wiki_swine_authoritative,1465,887,"猪西尼罗病毒相关感染
猪西尼罗病毒相关感染、west nile virus and other flaviviruses
种猪繁殖障碍
种猪场出现流产、死胎、返情或公猪异常，用户担心传染病和是否继续配种。","{""NEEDS_REVIEW"": 5}","[""SRC-0001""]",2060,28.61,ERNIE-4.5-Turbo-32K,82,27,18,22,15,False,True,"该回答在诊断准确性、病理逻辑、处方安全性和数据质量方面表现良好，整体符合测试数据有效性要求。诊断考虑了病毒性繁殖障碍性疾病的可能性，并提出了合理的隔离和检测建议。处方安全，避免了重大疫病被忽视的风险。
问题：诊断准确性方面，虽然考虑了病毒性繁殖障碍性疾病，但未明确提及猪西尼罗病毒相关感染的具体诊断依据，仅作为可能性之一提出。；病理逻辑方面，对天气潮湿与疾病传播之间的关联性解释不够深入，缺乏具体的虫媒传播机制说明。；数据质量方面，回答中未充分利用提供的场景标签和验证点来增强诊断的说服力，如未明确提及“种猪场”、“繁殖障碍”等标签与诊断的关联性。",hunyuan-turbos-20250926,85,80,80,90,75,True,False,该回答整体结构合理，诊断思路涵盖了病毒性繁殖障碍性疾病的可能性，并结合了现场流行病学特征（无外购史、潮湿环境）进行推测，处方措施安全，强调了隔离、送检和上报流程，避免了直接用药或给出具体剂量等高风险行为。不足之处在于诊断部分对猪西尼罗病毒相关感染的特异性证据不足，未充分展开虫媒传播途径的解释，也未利用场景标签强化推理链条。,True,ERNIE-4.5-Turbo-32K,True,pass,诊断考虑了病毒性繁殖障碍性疾病的可能性，包括猪西尼罗病毒相关感染，并结合了流行病学特点进行推测，处方措施安全，强调了隔离、送检和上报流程，避免了直接用药或给出具体剂量等高风险行为。尽管诊断中对猪西尼罗病毒相关感染的特异性支持不足，病理逻辑上未详细阐述潮湿环境与虫媒病毒传播的关联机制，且未充分利用用户提供的场景标签信息，但整体回答结构合理，方向正确，符合测试数据有效性要求。,84.0,27,18,22,15,pass,19.27,19.42,
