case_id,index,disease_name,generator_key,generator_model,success,error,species,user_query,diagnosis,prescription,withdrawal_period,metadata,rule_hard_block,rule_fatal_risk,rule_codes,rule_messages,target_disease_in_diagnosis,target_disease_mismatch,final_fatal_risk,wiki_dir,wiki_fact_count,wiki_page_count,wiki_context_query,wiki_evidence_status_counts,wiki_evidence_source_ids,wiki_context_chars,generation_seconds,judge_a_model,judge_a_total_score,judge_a_diagnosis_accuracy,judge_a_pathology_logic,judge_a_prescription_safety,judge_a_data_quality,judge_a_fatal_risk,judge_a_structured_pass,judge_a_summary,judge_b_model,judge_b_total_score,judge_b_diagnosis_accuracy,judge_b_pathology_logic,judge_b_prescription_safety,judge_b_data_quality,judge_b_fatal_risk,judge_b_structured_pass,judge_b_summary,needed_arbitration,arbiter_model,arbiter_agreed_with_judge,arbiter_final_label,arbiter_reason,final_total_score,final_diagnosis_accuracy,final_pathology_logic,final_prescription_safety,final_data_quality,final_label,judge_a_seconds,judge_b_seconds,arbiter_seconds
a13a36cc-32a1-5393-9c0b-e11ce4566950,35,猪恶性卡他热相关感染,swine_hunyuan_turbos,hunyuan-turbos-20250926,成功,,猪,我家有200多头育肥猪，平均体重在80公斤左右，最近一周陆续出现精神沉郁、体温升高到41℃以上、眼鼻分泌物增多、部分猪咳嗽、食欲下降的情况，圈舍通风一般，前几天隔壁村有人放养过几只羊经过我们场边。想问下这种情况是不是要马上打抗生素？还是先送样检测？该采哪些样品比较合适？怕耽误了病情又怕乱用药。,根据描述的症状（高热、眼鼻分泌物多、呼吸道表现）以及近期有羊只近距离接触史，需高度怀疑猪恶性卡他热相关感染的可能。该病由绵羊疱疹病毒2型等γ疱疹病毒引起，属偶发性系统性病毒感染，临床表现类似严重细菌性呼吸道疾病，但抗生素治疗无效。确诊需依赖实验室检测。,treatment_direction: 不建议立即使用广谱抗生素，应先进行实验室确诊。若确诊为猪恶性卡他热，目前无特效抗病毒药物，主要采取支持疗法和对症处理，如补液、降温、改善饲养环境。；management_measures: 立即隔离发病猪，减少应激，加强通风与卫生消毒，防止继发细菌感染。对同群健康猪密切观察，必要时分群管理。；sampling_and_testing: 采集发病猪的血液（血清）、扁桃体组织、肺脏及淋巴结样本，有条件可同时采集眼鼻分泌物。建议送至具备资质的兽医实验室进行PCR检测，检测绵羊疱疹病毒2型及其他可能病原体。；prohibited_boundaries: 在未排除重大疫病前，禁止随意出售、转运或屠宰病猪；禁止使用未经批准的兽药或人用药品；严禁隐瞒疫情信息。,因本病为病毒性感染且无特效治疗药物，不涉及化学药物休药期问题。但若在治疗过程中使用了其他药物，应依据所用药物说明书执行相应休药期规定。,"{""disease_name"": ""猪恶性卡他热相关感染"", ""severity"": ""高"", ""scene_tags"": [""育肥猪"", ""高热"", ""呼吸道症状"", ""羊接触史"", ""疑似重大疫病""], ""validation_points"": [""症状符合病毒性全身感染特征"", ""存在羊只接触史提示绵羊疱疹病毒2型传播风险"", ""抗生素治疗无效，需实验室确诊""], ""risk_flags"": [""疑似重大动物疫病"", ""需及时采样送检"", ""禁止擅自用药""], ""case_type"": ""采样送检咨询"", ""target_disease"": ""猪恶性卡他热相关感染"", ""local_flags"": {""species_ok"": true, ""target_disease_in_diagnosis"": true, ""target_disease_mismatch"": false, ""contains_specific_dose"": false, ""contains_specific_withdrawal"": false, ""regulated_bad_treatment"": false}}",False,False,,,True,False,False,D:\XF-ChongQin\ai-\knowledge\llm_wiki_swine_authoritative,1465,887,"猪恶性卡他热相关感染
猪恶性卡他热相关感染、malignant catarrhal fever ovine herpesvirus 2
采样送检咨询
用户描述症状后，重点询问采什么样品、如何判断和如何避免误治。","{""HUMAN_REVIEWED"": 1, ""NEEDS_REVIEW"": 4}","[""SRC-0001"", ""SRC-0041""]",2173,30.19,ERNIE-4.5-Turbo-32K,88,28,18,23,20,False,True,"该回答在诊断准确性、病理逻辑、处方安全性和数据质量方面表现良好，整体符合测试数据有效性要求。诊断考虑了症状和接触史，提出了合理的实验室检测建议，并给出了安全的治疗方向和管理措施。
问题：诊断准确性方面，虽然考虑了症状和接触史，但未完全排除其他类似症状疾病的可能性，可进一步提升诊断的全面性。；病理逻辑方面，对疾病传播途径和病理机制的阐述略显简略，可增加更多细节以增强说服力。；数据质量方面，虽然提供了详细的场景标签和验证点，但对疾病严重性的描述可更加具体和量化。；处方安全性方面，虽然强调了不支持立即使用抗生素，但对支持疗法和对症处理的具体措施描述可更详细。",hunyuan-turbos-20250926,90,9,8.5,9.5,9,False,False,"该回答结合用户提供的临床症状、流行病学史（羊只近距离接触），合理推测猪恶性卡他热相关感染，并强调实验室确诊的重要性，避免盲目使用抗生素，治疗方向与管理措施科学且安全，采样建议明确，未出现危险用药建议，整体符合真实养殖场景需求。
问题：诊断虽考虑接触史，但未系统列出需鉴别的其他高相似度疾病（如PRRSV、PCV2、流感等）。；对猪恶性卡他热的传播机制、潜伏期、流行特点等病理背景描述不够详尽。；支持疗法和对症处理的具体操作细节不足，例如补液方式、降温方法等。",True,ERNIE-4.5-Turbo-32K,True,review,该回答在诊断准确性、病理逻辑、处方安全性和数据质量方面表现良好，诊断结合了临床症状和流行病学史，合理推测猪恶性卡他热相关感染，并强调实验室确诊的重要性，避免盲目使用抗生素，治疗方向与管理措施科学且安全，采样建议明确。但诊断未系统列出需鉴别的其他高相似度疾病，病理背景描述不够详尽，支持疗法和对症处理的具体操作细节不足，需进一步补充和完善。,89.0,28,18,23,20,review,21.34,21.02,
d35bde6a-8b54-50d0-9ceb-d1a1c1fec50a,77,猪瘟,swine_hunyuan_turbos,hunyuan-turbos-20250926,成功,,猪,我家有120头育肥猪，体重在60公斤左右，最近一周陆续出现发热、精神沉郁、食欲下降的情况，部分猪耳朵和腹部皮肤发紫，还有几头拉稀带血。之前用过恩诺沙星和阿莫西林拌料，效果不明显。想请教一下这种情况应该采集哪些样品送检？怎么判断是不是猪瘟？怕误诊耽误处理。,"根据描述的临床症状（高热、精神沉郁、食欲减退、皮肤发绀、腹泻带血），结合多阶段猪群同时发病且常规抗生素治疗无效，高度怀疑为经典猪瘟（Classical Swine Fever, CSF）。该病由黄病毒科瘟病毒属引起，具有高度传染性和致死性，不同日龄均可感染，临床表现多样，易与其他出血性疾病混淆。",treatment_direction: 本病无特效治疗药物，确诊后应依据国家动物防疫法规进行扑杀和无害化处理，防止疫情扩散。；management_measures: 立即隔离发病猪及同栏健康猪，停止调运和出售，对圈舍及周边环境彻底消毒，限制人员、车辆流动。；sampling_submission: 建议采集病死猪的脾脏、肾脏、淋巴结等实质器官组织以及血液样本送实验室检测（PCR、抗原检测等）；如怀疑神经系统受累，应加采脑组织和脊髓。；prohibited_actions: 严禁私自屠宰、销售疑似染疫猪及其产品，禁止用抗生素掩盖病情延误上报。,因属烈性传染病，一旦确诊须按《中华人民共和国动物防疫法》及相关规定执行扑杀和无害化处理，不存在药物休药期概念。,"{""disease_name"": ""经典猪瘟（Classical Swine Fever, CSF）"", ""severity"": ""高致死率、OIE列名重大动物疫病"", ""scene_tags"": [""育肥猪"", ""多阶段发病"", ""发热发绀"", ""腹泻带血"", ""抗生素治疗无效""], ""validation_points"": [""典型高热、精神沉郁、皮肤发绀、便血等症状符合CSF特征"", ""抗生素无效提示非细菌性病因"", ""多阶段猪群同时发病增加烈性病可能性""], ""risk_flags"": [""重大动物疫病风险，需立即上报当地动物卫生监督机构"", ""存在人畜共患病鉴别需求时需排除其他病原""], ""case_type"": ""采样送检咨询"", ""target_disease"": ""猪瘟"", ""local_flags"": {""species_ok"": true, ""target_disease_in_diagnosis"": true, ""target_disease_mismatch"": false, ""contains_specific_dose"": false, ""contains_specific_withdrawal"": false, ""regulated_bad_treatment"": false}}",False,False,,,True,False,False,D:\XF-ChongQin\ai-\knowledge\llm_wiki_swine_authoritative,1465,887,"猪瘟
猪瘟、classical swine fever pestiviruses、经典猪瘟、CSF
采样送检咨询
用户描述症状后，重点询问采什么样品、如何判断和如何避免误治。","{""HUMAN_REVIEWED"": 3}","[""A1-WOAH-CSF"", ""A1-WOAH-CSF-DISEASE"", ""A1-WOAH-CSF-MANUAL"", ""SRC-0009"", ""SRC-0031"", ""SRC-0046""]",2221,27.27,ERNIE-4.5-Turbo-32K,92,28,18,25,21,False,True,"该回答在诊断准确性、病理逻辑、处方安全性和数据质量方面表现良好，符合猪瘟的诊断和处理规范，无致命风险。
问题：diagnosis_accuracy: 诊断准确性得分略低，因未完全排除其他类似症状疾病（如猪丹毒、猪繁殖与呼吸综合征）的可能性，尽管症状高度符合猪瘟，但未提及鉴别诊断。；pathology_logic: 病理逻辑得分稍低，因未详细解释猪瘟的病理机制与症状之间的直接联系，尤其是皮肤发绀和腹泻带血的病理基础。；data_quality: 数据质量得分受影响，因未提供具体的实验室检测方法细节（如PCR的具体靶基因）和采样后的保存运输条件。",hunyuan-turbos-20250926,90,9,8.5,10,8.5,False,False,"回答整体准确、安全，符合猪瘟防控规范，强调扑杀和无害化处理，避免用药掩盖病情，并给出合理采样建议。但缺乏对其他可能疾病的鉴别提示，病理机制解释不足，实验室检测细节不够详尽。
问题：未进行鉴别诊断，未提及需与猪丹毒、蓝耳病等区分；病理机制描述较笼统，未明确解释皮肤发绀和便血的成因；实验室检测方法细节不足，缺少采样后保存和运输条件说明",True,ERNIE-4.5-Turbo-32K,True,review,回答整体准确、安全，符合猪瘟防控规范，诊断和处置方向正确，但存在轻微不足，如未进行鉴别诊断，未提及需与猪丹毒、蓝耳病等区分，病理机制描述较笼统，未明确解释皮肤发绀和便血的成因，实验室检测方法细节不足，缺少采样后保存和运输条件说明，因此判为review。,89.0,28,18,25,21,review,17.98,20.37,
96d8b967-9f4f-5a19-b6d9-7bfd59e7603a,226,猪胸膜肺炎,swine_hunyuan_turbos,hunyuan-2.0-instruct-20251111,成功,,猪,我家是育肥猪场，存栏大概三百头，现在这批猪在 85 日龄左右、均重四十公斤上下。这几天同一圈里有七八头陆续出现咳嗽、张嘴喘气、体温摸着比平时高，吃料明显慢了，有的还趴着不爱动。病程有三四天了，圈里通风一般、早晚温差大，前几天有轻微拉稀没在意，也没用过什么药。想问问这是啥毛病，要不要整批投药预防？,根据描述的群体性咳嗽、喘气、发热及采食下降，结合保育后期至育肥阶段的易感特点以及环境温差与通风不良的背景，高度怀疑为猪胸膜肺炎（由胸膜肺炎放线杆菌引起）。该病可引起急性肺出血坏死及慢性胸膜粘连，常在应激或环境不良时暴发。,治疗方向: 针对细菌性呼吸道病因，选用对胸膜肺炎放线杆菌敏感的药物进行对症治疗，重点控制咳喘与继发感染。；管理措施: 立即改善圈舍通风与保温，减少昼夜温差造成的应激；提高猪只体感温度以补偿因采食下降引起的代谢产热不足；将病猪与健康猪尽量分栏管理，降低气溶胶传播风险；保证清洁饮水与易消化饲料。；采样送检: 采集病死猪或濒死猪的肺部病变组织及胸腔渗出液送实验室进行细菌分离鉴定与药敏试验，以明确病原并指导用药选择。；禁忌边界: 不可仅凭经验随意使用广谱抗生素进行全群长期投药；不可在未排除重大动物疫病的情况下仅作普通治疗替代报告、隔离或上报等法定处置；发现急性大量死亡或典型肺出血病变应立即按重大动物疫病处置流程上报主管部门，不得擅自扑杀或跨区调运。,需依据具体药物种类及药敏结果确定休药期，并在屠宰前按规定执行，严禁在休药期内出栏供人食用。,"{""disease_name"": ""猪胸膜肺炎"", ""severity"": ""中等偏重（急性可致快速死亡，慢性可影响生长性能）"", ""scene_tags"": [""育肥猪"", ""群体呼吸道发病"", ""温差大通风差"", ""采食下降"", ""应激诱发""], ""validation_points"": [""症状符合咳嗽、喘气、发热、采食下降的急性呼吸道表现"", ""日龄与体重处于胸膜肺炎易感的保育后期至育肥阶段"", ""环境应激因素（通风不良、温差大）与发病背景吻合"", ""诊断与处方均指向胸膜肺炎放线杆菌感染性病变""], ""risk_flags"": [""属中国三类动物疫病，需按规定监测与报告"", ""急性病例可迅速致死，存在群体扩散风险"", ""环境管理不当易反复发生""], ""case_type"": ""呼吸道群体发病"", ""target_disease"": ""猪胸膜肺炎"", ""local_flags"": {""species_ok"": true, ""target_disease_in_diagnosis"": true, ""target_disease_mismatch"": false, ""contains_specific_dose"": false, ""contains_specific_withdrawal"": false, ""regulated_bad_treatment"": false}}",False,False,,,True,False,False,D:\XF-ChongQin\ai-\knowledge\llm_wiki_swine_authoritative,1465,887,"猪胸膜肺炎
猪胸膜肺炎、actinobacillus pleuropneumoniae pleuropneumonia
呼吸道群体发病
同栏出现咳嗽、喘气、发热、采食下降，用户想判断病因和是否需要全群用药。","{""HUMAN_REVIEWED"": 3, ""NEEDS_REVIEW"": 2}","[""A0-MOA-573"", ""SRC-0001"", ""SRC-0006"", ""SRC-0058""]",2127,198.27,ERNIE-4.5-Turbo-32K,90,28,18,24,20,False,True,"该回答整体表现良好，诊断准确性较高，症状与疾病匹配合理，诊断逻辑清晰，处方安全且与疾病相互印证，数据质量较高，无明显错误或风险点。
问题：diagnosis_accuracy: 诊断准确性较高，但未完全覆盖所有可能症状（如未明确提及急性肺出血坏死或慢性胸膜粘连的具体表现），扣2分。；pathology_logic: 病理逻辑清晰，但未详细解释环境应激因素如何具体诱发胸膜肺炎，扣2分。；prescription_safety: 处方安全，但休药期承诺较为笼统，未给出具体药物或时间范围，扣1分。；data_quality: 数据质量较高，但场景标签中未明确提及“群体发病”的具体规模或比例，扣5分（按25分制比例扣分）。",hunyuan-turbos-20250926,88,23,23,9,20,False,False,"该回答整体结构完整，诊断与症状匹配度高，考虑了环境与阶段易感性，处理方案包含临床治疗、管理与检测建议，并明确了重大疫病的上报与安全边界，无危险建议。不足之处在于部分细节描述不够充分，例如未细化环境应激机制、未量化群体发病规模，且休药期表述较笼统。
问题：诊断部分未详细描述急性肺出血坏死或慢性胸膜粘连的典型临床表现；未深入解释环境应激（通风差、温差大）如何具体诱发胸膜肺炎的机制；未明确群体发病的规模或比例，影响风险评估精度；休药期说明过于笼统，缺乏可操作性",True,ERNIE-4.5-Turbo-32K,partially,review,回答整体结构完整，诊断与症状匹配度高，考虑了环境与阶段易感性，处理方案包含临床治疗、管理与检测建议，并明确了重大疫病的上报与安全边界，无危险建议。但存在部分细节描述不够充分的问题，如未详细描述急性肺出血坏死或慢性胸膜粘连的典型临床表现，未深入解释环境应激（通风差、温差大）如何具体诱发胸膜肺炎的机制，未明确群体发病的规模或比例，影响风险评估精度，且休药期表述较笼统。综合来看，内容质量较高但存在可优化空间，故判为review。,89.0,28,18,24,20,review,86.14,20.68,
3855f9de-e4dd-5be5-b25e-0b2f879241a6,289,猪富马毒素中毒,swine_hunyuan_turbos,hunyuan-turbos-20250926,成功,,猪,我家有200头育肥猪，平均体重80公斤左右，最近换了新一批玉米做的全价料，大概喂了三四天就开始出现个别猪不吃料、有的还吐，有几头母猪配种后返情率明显升高，还有一头突然站不起来抽搐。请问是不是饲料有问题？需要怎么处理？,结合病史（近期更换玉米原料）、临床表现（采食下降、呕吐、繁殖障碍、神经症状），高度怀疑为饲料中富马毒素含量过高引起的猪富马毒素中毒。该病可导致肺水肿、肝损伤及神经系统症状，需通过饲料样品检测富马毒素浓度并结合血液生化指标综合判断。,treatment_direction: 立即停喂可疑批次饲料，更换为经检测合格的饲料；对出现严重症状的个体进行对症治疗（如补液、保肝、对症止吐）；加强通风，减少应激。；management_measures: 全面排查库存饲料及原料，封存可疑批次并送第三方实验室检测富马毒素；记录发病猪只数量、症状变化及死亡情况；调整饲养密度，改善舍内空气质量。；sampling_and_testing: 采集剩余可疑饲料样本送至具备资质的饲料检测机构检测富马毒素含量；必要时采集病猪血样做肝功能、肾功能及电解质检查。；prohibited_boundaries: 在未获得权威检测结果前，不得将可疑饲料转售或饲喂其他动物群；严禁使用未经批准的脱毒剂或自行添加药物掩盖症状。,因属中毒性疾病，无特定休药期概念，应以饲料更换至毒素清除且猪群恢复正常采食为准。,"{""disease_name"": ""猪富马毒素中毒"", ""severity"": ""中等至高"", ""scene_tags"": [""饲料更换史"", ""多系统症状"", ""繁殖障碍""], ""validation_points"": [""症状与高富马毒素暴露一致（呕吐、采食下降、神经症状、繁殖异常）"", ""存在明确饲料更换时间节点"", ""需依赖饲料毒素检测确诊""], ""risk_flags"": [""可能涉及饲料污染事件"", ""需防止毒素扩散至其他猪群""], ""case_type"": ""饲料中毒咨询"", ""target_disease"": ""猪富马毒素中毒"", ""local_flags"": {""species_ok"": true, ""target_disease_in_diagnosis"": true, ""target_disease_mismatch"": false, ""contains_specific_dose"": false, ""contains_specific_withdrawal"": false, ""regulated_bad_treatment"": false}}",False,False,,,True,False,False,D:\XF-ChongQin\ai-\knowledge\llm_wiki_swine_authoritative,1465,887,"猪富马毒素中毒
猪富马毒素中毒、fumonisin toxicosis
饲料中毒咨询
更换饲料或玉米批次后出现采食下降、呕吐、繁殖异常或神经症状，用户怀疑饲料问题。","{""NEEDS_REVIEW"": 2, ""PROCESSED_SOURCE_ANCHORED"": 2}","[""SRC-0001"", ""SRC-0085""]",2221,29.32,ERNIE-4.5-Turbo-32K,90,28,18,24,20,False,True,"整体回答质量较高，诊断准确，逻辑清晰，处理方向安全，数据质量良好。诊断与症状、疾病匹配度高，处理建议合理且安全，无明显错误。
问题：diagnosis_accuracy: 诊断准确度较高，但未明确提及富马毒素中毒的典型病理变化（如肝细胞坏死、神经髓鞘变性等），略显不足。；pathology_logic: 病理逻辑基本合理，但未详细解释富马毒素如何导致多系统症状（如肝损伤与神经症状的关联）。；prescription_safety: 处理方向安全，但未提及具体对症治疗药物（如止吐药、保肝药的选择），略显笼统。；data_quality: 数据质量良好，但未提供富马毒素中毒的流行病学数据（如发病率、死亡率）或类似案例参考。",hunyuan-turbos-20250926,88,85,83,90,85,False,False,"该回答在场景真实性、症状与目标疾病的匹配度以及处理方案的安全性方面表现较好，未出现危险建议。诊断依据充分，但缺乏典型病理变化的描述，病理机制解释不够深入，部分处理措施较为笼统。整体数据质量良好，符合初步微调数据要求。
问题：未详细描述富马毒素中毒的典型病理变化（如肝细胞坏死、神经髓鞘变性等）。；未深入解释富马毒素引起多系统症状的机制（如肝损伤与神经症状的联系）。；治疗建议较笼统，缺少具体对症治疗药物的说明。",True,ERNIE-4.5-Turbo-32K,True,review,诊断准确度较高，与症状、疾病匹配度良好，但未明确提及富马毒素中毒的典型病理变化（如肝细胞坏死、神经髓鞘变性等），病理机制解释不够深入，处理建议较为笼统，缺少具体对症治疗药物的说明。整体回答质量较高，处理方向安全，无明显错误，但存在轻微不足。,89.0,28,18,24,20,review,19.6,16.61,
2a6fdb9a-a6fb-5ea1-b7b4-47973ffe0772,5,猪口蹄疫,swine_hunyuan_turbos,hunyuan-turbos-20250926,成功,,猪,我家有120头育肥猪，平均体重在60公斤左右，最近几天有几头出现蹄部水泡、跛行，有的还伴有流涎、食欲下降，体温也偏高。之前没用过疫苗，圈舍通风一般，地面有点潮湿。我想知道这种情况是不是口蹄疫？应该采哪些样送检测？会不会被当成普通蹄病耽误了？,根据描述的临床症状（蹄部水疱、跛行、流涎、发热），结合无疫苗接种史及群体发病情况，高度怀疑为猪口蹄疫。该病属一类动物疫病，需立即采取防控措施并送样确诊。,treatment_direction: 目前无特效药物治疗，应停止一切非必要移动，防止疫情扩散。；management_measures: 立即隔离病猪与健康猪，限制人员、车辆进出，对圈舍及周边环境进行彻底消毒，加强通风干燥。；sampling_submission: 采集新鲜水疱液、口腔拭子、血液样本以及病死猪的舌面、蹄部组织，尽快送至具备资质的实验室进行RT-PCR检测。；prohibited_actions: 严禁私自屠宰、销售、运输病猪及其产品，不得作为普通蹄病处理，以免延误防控。,因属重大动物疫病，须按国家相关规定执行扑杀和无害化处理，不存在常规休药期概念。,"{""disease_name"": ""猪口蹄疫"", ""severity"": ""高"", ""scene_tags"": [""育肥猪"", ""水疱病变"", ""群体发病"", ""无疫苗接种史""], ""validation_points"": [""典型水疱性口蹄部病变"", ""伴随发热、流涎等全身症状"", ""多猪同时发病且传播迅速""], ""risk_flags"": [""一类动物疫病"", ""重大动物疫病"", ""需立即上报""], ""case_type"": ""采样送检咨询"", ""target_disease"": ""猪口蹄疫"", ""local_flags"": {""species_ok"": true, ""target_disease_in_diagnosis"": true, ""target_disease_mismatch"": false, ""contains_specific_dose"": false, ""contains_specific_withdrawal"": false, ""regulated_bad_treatment"": false}}",False,False,,,True,False,False,D:\XF-ChongQin\ai-\knowledge\llm_wiki_swine_authoritative,1465,887,"猪口蹄疫
猪口蹄疫、foot and mouth disease picornaviruses
采样送检咨询
用户描述症状后，重点询问采什么样品、如何判断和如何避免误治。","{""HUMAN_REVIEWED"": 3, ""NEEDS_REVIEW"": 2}","[""A0-MOA-573"", ""A1-WOAH-FMD"", ""A1-WOAH-FMD-DISEASE"", ""SRC-0001"", ""SRC-0009"", ""SRC-0047""]",2164,29.13,ERNIE-4.5-Turbo-32K,92,28,18,25,21,False,True,"该回答在诊断准确性、病理逻辑、处方安全性和数据质量方面表现良好，符合猪口蹄疫的诊断和处理要求，无致命风险。
问题：diagnosis_accuracy: 诊断中未明确提及猪口蹄疫的典型病理特征（如心脏病变），但整体判断准确。；data_quality: 用户描述和回答中的症状与疾病匹配度较高，但未提及人兽共患风险的教育内容。",hunyuan-turbos-20250926,90,9,9,10,8.5,False,False,"该数据场景真实，症状与目标疾病（猪口蹄疫）高度吻合，诊断依据充分且处理措施符合重大动物疫病防控规范，无危险建议。不足之处在于未强调人兽共患风险教育，也未提及典型病理变化（如心肌病变）。
问题：缺少对人兽共患风险的提示，可能忽视公共卫生防护。；未说明猪口蹄疫典型的心脏病变等病理特征，信息完整性不足。",True,ERNIE-4.5-Turbo-32K,partly,review,该回答在诊断准确性、病理逻辑、处方安全性方面表现良好，符合猪口蹄疫的诊断和处理要求，但存在信息不完整的问题，如未提及猪口蹄疫的典型病理特征（如心脏病变）和人兽共患风险的教育内容，这些信息对于全面理解和防控疾病是重要的。,88.0,28,18,25,21,review,14.72,22.65,
f8731a3d-a4a6-5ddb-be41-f048e396f633,91,猪布鲁氏菌病,swine_hunyuan_turbos,hunyuan-turbos-20250926,成功,,猪,我们这边是200头规模的种猪场，最近一个月有3头怀孕母猪在临产前突然流产，还有一头公猪精液稀薄、性欲下降。之前没用过什么特殊药物，圈舍通风一般，想问问是不是传染病，还能不能继续配种？,根据描述，该场存在母猪流产及公猪生殖功能下降的情况，结合流行病学特点，应高度怀疑猪布鲁氏菌病的可能。该病由布鲁氏菌引起，可导致母猪流产、死胎、不孕，公猪可出现附睾炎、睾丸炎及精液质量下降。同时，本病为人兽共患风险疾病，需要谨慎处理。,建议立即暂停场内配种操作，防止病原扩散；对发病个体进行隔离观察，采集血液、精液及流产胎儿组织送专业实验室进行血清学及病原学检测；加强人员防护，避免直接接触流产物及精液；若确诊，应按当地动物防疫部门要求进行无害化处理及消毒措施，并评估是否需要淘汰阳性种猪；在未排除前，禁止将种猪外调。,因属重大动物疫病范畴，无常规休药期概念，需按检测结果和主管部门意见执行。,"{""disease_name"": ""猪布鲁氏菌病"", ""severity"": ""高"", ""scene_tags"": [""种猪场"", ""繁殖障碍"", ""流产"", ""公猪生殖异常""], ""validation_points"": [""符合布鲁氏菌病导致母猪流产、公猪生殖道病变的典型特征"", ""存在人兽共患风险，需考虑公共卫生防控""], ""risk_flags"": [""重大动物疫病风险"", ""人兽共患风险""], ""case_type"": ""种猪繁殖障碍"", ""target_disease"": ""猪布鲁氏菌病"", ""local_flags"": {""species_ok"": true, ""target_disease_in_diagnosis"": true, ""target_disease_mismatch"": false, ""contains_specific_dose"": false, ""contains_specific_withdrawal"": false, ""regulated_bad_treatment"": false}}",False,False,,,True,False,False,D:\XF-ChongQin\ai-\knowledge\llm_wiki_swine_authoritative,1465,887,"猪布鲁氏菌病
猪布鲁氏菌病、brucella suis brucellosis、布鲁氏菌病、Brucella suis
种猪繁殖障碍
种猪场出现流产、死胎、返情或公猪异常，用户担心传染病和是否继续配种。","{""HUMAN_REVIEWED"": 2, ""NEEDS_REVIEW"": 2}","[""SRC-0001"", ""SRC-0060"", ""SRC-0061""]",2221,28.09,ERNIE-4.5-Turbo-32K,92,28,19,24,21,False,True,"该回答在诊断准确性、病理逻辑、处方安全性和数据质量方面表现良好，符合猪布鲁氏菌病的典型特征，并考虑了人兽共患风险和公共卫生防控。诊断、处方和风险评估均合理，无明显错误或遗漏。
问题：诊断准确性方面，虽然高度怀疑猪布鲁氏菌病，但未明确提及其他可能的鉴别诊断，如猪伪狂犬病、猪细小病毒病等，这些疾病也可能导致类似症状。；病理逻辑方面，对布鲁氏菌病的病理机制描述较为简略，未详细阐述母猪流产和公猪生殖功能下降的具体病理过程。；处方安全性方面，虽然提出了暂停配种、隔离观察、加强人员防护等措施，但未明确提及具体的消毒方法和频率，以及无害化处理的具体流程。；数据质量方面，虽然提供了疾病名称、严重程度、场景标签等基本信息，但未包含具体的流行病学数据或实验室检测结果支持诊断。",hunyuan-turbos-20250926,90,9,8,9,8,False,False,"该数据整体真实可信，用户描述的场景（种猪场、怀孕母猪流产、公猪精液异常）与猪布鲁氏菌病的典型临床表现相符，且考虑到了人兽共患风险，诊断方向正确。处方中提出的暂停配种、隔离、送检、人员防护和无害化处理等措施符合重大疫病防控原则，没有发现危险建议。不足之处在于缺乏对其他可能疾病的鉴别提示，病理机制解释较简略，消毒与无害化细节不够具体，缺少流行病学或实验室数据支撑。
问题：未列出其他可能导致类似症状的鉴别诊断（如伪狂犬病、细小病毒病）。；病理机制描述过于简略，未详细说明流产和精液异常的病理过程。；处方中消毒方法、频率及无害化处理流程不够具体。；缺乏流行病学背景或实验室检测结果作为诊断依据。",True,ERNIE-4.5-Turbo-32K,True,review,诊断方向正确，符合猪布鲁氏菌病的典型临床表现，并考虑了人兽共患风险。处方中提出的暂停配种、隔离、送检、人员防护和无害化处理等措施符合重大疫病防控原则，没有发现危险建议。但存在一些不足，如未列出其他可能导致类似症状的鉴别诊断，病理机制描述过于简略，处方中消毒方法、频率及无害化处理流程不够具体，缺乏流行病学背景或实验室检测结果作为诊断依据。,88.0,28,19,24,21,review,20.22,20.01,
fee50ef0-04a8-5ada-a390-8fcc907642aa,202,猪结核病,swine_hunyuan_turbos,hunyuan-turbos-20250926,成功,,猪,我家是育肥猪场，存栏大概800头，平均体重在70公斤左右。最近一周有两栋圈舍陆续出现精神沉郁、食欲下降的猪，体温偏高，个别有咳嗽，呼吸稍快，之前没用过什么特别的药物。我想问下这种情况能不能先当普通呼吸道病治一治看看？,根据描述的症状（精神沉郁、食欲减退、发热、咳嗽、呼吸加快）及短时间内多栋圈舍同时出现的情况，需高度怀疑传染性疾病。结合猪结核病可呈亚临床或慢性经过、偶见呼吸道表现的特点，应首先排除包括猪结核病在内的慢性细菌性传染病。由于该病为人兽共患风险病原体感染，且可能为MTBC或其他Mycobacterium属菌所致，不能仅凭经验性抗生素治疗观察。,立即暂停场内随意用药，避免掩盖病情。对可疑病例进行隔离，并采集血液、组织（如肺、淋巴结）送具备资质的实验室进行病原学检测（抗酸染色、PCR等）。同时向当地动物防疫部门报告疫情，配合开展流行病学调查。严禁私自宰杀、销售或转运可疑猪只。若确诊为人兽共患型MTBC感染，须按主管部门要求进行扑杀和无害化处理，并对场地实施严格消毒。治疗期间无可用常规药物方案，禁止自行投喂抗生素掩盖症状。,因涉及人兽共患风险及法定疫病处置，不适用常规休药期概念，需依据检测结果和主管部门指令执行。,"{""disease_name"": ""猪结核病"", ""severity"": ""高风险/可能人兽共患"", ""scene_tags"": [""育肥猪"", ""多圈舍同期发病"", ""慢性呼吸道症状""], ""validation_points"": [""症状符合慢性细菌性感染特征"", ""短期内多栋圈舍发病提示传染性"", ""存在人兽共患风险需专业检测""], ""risk_flags"": [""人兽共患风险"", ""法定疫病处置边界"", ""禁止自行治疗""], ""case_type"": ""暴发与处置边界"", ""target_disease"": ""猪结核病"", ""local_flags"": {""species_ok"": true, ""target_disease_in_diagnosis"": true, ""target_disease_mismatch"": false, ""contains_specific_dose"": false, ""contains_specific_withdrawal"": false, ""regulated_bad_treatment"": false}}",False,False,,,True,False,False,D:\XF-ChongQin\ai-\knowledge\llm_wiki_swine_authoritative,1465,887,"猪结核病
猪结核病、tuberculosis
暴发与处置边界
同栏或多栋猪舍短期内发病增多，用户询问是否能先按普通病治疗观察。","{""HUMAN_REVIEWED"": 3, ""NEEDS_REVIEW"": 2}","[""SRC-0001"", ""SRC-0078""]",2109,28.34,ERNIE-4.5-Turbo-32K,92,28,18,25,21,False,True,"该回答对猪结核病的诊断、处置逻辑及安全性把控较为准确，符合人兽共患风险疫病的处理规范，数据质量较高，无明显错误。
问题：diagnosis_accuracy: 诊断部分对症状与猪结核病的关联性描述可更具体，如增加慢性病程、体重下降等典型特征的分析。；pathology_logic: 病理逻辑中未明确说明为何排除其他常见细菌性呼吸道病（如支原体肺炎）的依据。；data_quality: 场景标签中可补充‘人兽共患风险’以强化数据关联性。",hunyuan-turbos-20250926,90,9,8,10,9,False,False,"回答正确识别了猪结核病的人兽共患风险，强调不可随意用药和必须送检确诊，处置流程符合法定疫病防控要求，无危险建议。但诊断分析中对猪结核病典型特征的关联阐述不足，也未充分说明排除其他呼吸道疾病的理由。
问题：诊断部分未详细列举猪结核病特有的慢性病程、消瘦等典型表现，导致与症状的关联不够紧密。；病理逻辑中缺少对其他可能呼吸道疾病（如支原体肺炎）的排除依据。；数据标签未明确标注“人兽共患”属性，影响后续检索与分类。",True,ERNIE-4.5-Turbo-32K,partially,review,回答正确识别了猪结核病的人兽共患风险，强调不可随意用药和必须送检确诊，处置流程符合法定疫病防控要求，无危险建议。但诊断分析中对猪结核病典型特征的关联阐述不足，也未充分说明排除其他呼吸道疾病的理由，数据标签未明确标注“人兽共患”属性，影响后续检索与分类。,88.0,28,18,25,21,review,17.57,16.84,
abfd4034-dcb7-58a1-93e4-1e78e1f98bd7,74,非洲猪瘟,swine_hunyuan_turbos,hunyuan-turbos-20250926,成功,,猪,我家有120头90公斤左右的育肥猪，最近一周陆续有几头开始发烧到41度左右，精神沉郁不吃料，皮肤发红发紫，有的还拉血便，之前用了氟苯尼考和多西环素拌料三天，体温降了点但很快又反弹，现在还有新发病的，想问还能不能再继续用这些药？,高度怀疑非洲猪瘟（African Swine Fever），因表现为高热、皮肤发绀、便血、抗生素治疗效果差且病情持续扩散，符合该病的急性型特征。,立即停止使用任何未经批准的抗菌药，严格限制场内人员、车辆及物资流动，禁止出售或转运生猪；对全群进行紧急采样送有资质的实验室检测；对病死猪无害化处理，并对圈舍及周边环境彻底清洗消毒；等待检测结果后按当地畜牧兽医部门指导采取进一步措施。,在确诊前严禁屠宰上市，若确诊须按国家及地方规定执行扑杀、无害化处理和疫区封锁等措施，不存在常规休药期概念。,"{""disease_name"": ""非洲猪瘟"", ""severity"": ""高致死性重大动物疫病"", ""scene_tags"": [""育肥猪"", ""高热"", ""便血"", ""抗生素无效"", ""疫情扩散""], ""validation_points"": [""临床表现符合非洲猪瘟急性型特征"", ""抗生素治疗无效提示非细菌性感染"", ""疫情在群内持续发生""], ""risk_flags"": [""疑似重大动物疫病"", ""需立即限制移动"", ""需实验室确诊""], ""case_type"": ""育肥猪用药咨询"", ""target_disease"": ""非洲猪瘟"", ""local_flags"": {""species_ok"": true, ""target_disease_in_diagnosis"": true, ""target_disease_mismatch"": false, ""contains_specific_dose"": false, ""contains_specific_withdrawal"": false, ""regulated_bad_treatment"": false}}",False,False,,,True,False,False,D:\XF-ChongQin\ai-\knowledge\llm_wiki_swine_authoritative,1465,887,"非洲猪瘟
非洲猪瘟、african swine fever virus、ASF、African swine fever
育肥猪用药咨询
育肥猪出现典型症状，用户已经用过常见药物但效果一般，询问是否继续用药。","{""HUMAN_REVIEWED"": 2}","[""SRC-0001"", ""SRC-0031""]",2221,19.94,ERNIE-4.5-Turbo-32K,90,30,20,25,15,False,True,"该回答对非洲猪瘟的诊断准确，症状与疾病匹配度高，诊断逻辑清晰，处理方向安全且符合重大疫病防控要求，数据质量基本满足要求。
问题：data_quality扣10分：未提供具体检测机构信息，未明确说明无害化处理的具体方法，对用户心理安抚不足。；data_quality扣10分：未提及疫情上报的具体流程和时限要求。",hunyuan-turbos-20250926,85,95,95,100,70,False,False,"诊断准确，症状与目标疾病高度吻合，处理方案符合非洲猪瘟等重大疫病的防控规范，无危险用药建议，整体安全性高。主要不足在于缺乏检测机构指引、无害化处理方法细节以及疫情上报流程说明，可能影响实际操作的可行性与及时性。
问题：未提供可参考的检测机构名单或联系方式；无害化处理的具体方法描述不够详细；缺少疫情上报的具体流程与时限要求；对用户情绪安抚和心理支持不足",True,ERNIE-4.5-Turbo-32K,partially,review,诊断准确，症状与非洲猪瘟高度匹配，处理方向安全且符合重大疫病防控要求。但存在轻微不足，如未提供具体检测机构信息、无害化处理的具体方法以及疫情上报的具体流程和时限要求，可能影响实际操作的可行性与及时性。,87.0,30,20,25,15,review,12.97,19.81,
0d05c097-aa10-58a0-a794-a5eac358593d,2,猪流行性腹泻,swine_hunyuan_turbos,hunyuan-turbos-20250926,成功,,猪,我这边是河南一个200头规模的猪场，现在有一批60日龄左右的保育猪出现水样腹泻，已经持续三四天了，刚开始用了恩诺沙星和硫酸粘菌素拌料，部分好转，但还有不少拉稀，粪便带酸臭味，精神还行，采食量下降不多。请问这种情况还能继续用抗生素吗？要不要送样检测一下？,根据描述，该批次保育猪出现持续性水样腹泻，伴酸臭气味，且常规抗菌药物疗效有限，结合年龄及流行病学特点，高度怀疑为猪流行性腹泻病毒感染。该病由猪流行性腹泻病毒（PEDV）引起，属于冠状病毒科，主要侵害小肠上皮细胞，导致吸收障碍和水样腹泻。需要与传染性胃肠炎病毒（TGEV）、轮状病毒、大肠杆菌性腹泻等鉴别。,treatment_direction: 本病无特效抗病毒药物，应以支持疗法为主，防止继发细菌感染。可继续使用广谱抗生素控制继发菌，同时补充电解质和维生素，改善饲料适口性与营养密度。；management_measures: 加强保温与通风管理，减少冷应激；保持圈舍干燥清洁，及时清理粪污；对严重脱水个体进行补液；分群饲养以减少交叉感染。；sampling_and_testing: 建议采集新鲜腹泻粪便样本送至有资质的实验室进行PEDV核酸检测（RT-PCR），必要时同步检测TGEV、轮状病毒等，以明确病原。；prohibited_boundaries: 严禁将疑似病例与健康猪混养；未经确诊前不得擅自使用未经批准的疫苗或药物；若确诊为PEDV，应按当地畜牧部门要求进行疫情报告和生物安全措施。,因涉及多种药物及个体差异，应依据所用药物标签说明执行停药期，并在出栏前进行安全检测。,"{""disease_name"": ""猪流行性腹泻"", ""severity"": ""中等至严重（取决于日龄与免疫状况）"", ""scene_tags"": [""保育猪"", ""水样腹泻"", ""抗生素治疗无效"", ""需要病原检测""], ""validation_points"": [""符合PEDV在保育猪阶段的流行特征"", ""临床表现与PEDV一致（水样腹泻、酸臭味）"", ""常规抗菌药效果差提示病毒性病因""], ""risk_flags"": [""可能为人畜共患病误判风险（实际非人兽共患）"", ""需排除其他肠道病毒混合感染""], ""case_type"": ""腹泻用药咨询"", ""target_disease"": ""猪流行性腹泻"", ""local_flags"": {""species_ok"": true, ""target_disease_in_diagnosis"": true, ""target_disease_mismatch"": false, ""contains_specific_dose"": false, ""contains_specific_withdrawal"": false, ""regulated_bad_treatment"": false}}",False,False,,,True,False,False,D:\XF-ChongQin\ai-\knowledge\llm_wiki_swine_authoritative,1465,887,"猪流行性腹泻
猪流行性腹泻、porcine epidemic diarrhea virus、PED、PEDV
腹泻用药咨询
猪群腹泻后已用过常见抗菌药效果一般，用户询问是否继续用药以及是否需要送检。","{""HUMAN_REVIEWED"": 2, ""NEEDS_REVIEW"": 2}","[""A0-MOA-573"", ""A2-EFSA-PED-PDCOV-OPINION"", ""SRC-0001"", ""SRC-0037"", ""SRC-0063""]",2221,36.5,ERNIE-4.5-Turbo-32K,88,28,18,23,20,False,True,"该回答整体符合猪流行性腹泻的诊断与处理要求，诊断逻辑清晰，处理方向安全，数据质量较高，无明显致命风险。
问题：diagnosis_accuracy: 诊断准确性较高，但未完全排除其他病毒性腹泻（如TGEV、轮状病毒）的混合感染，仅提及鉴别诊断，未进一步说明如何区分。；pathology_logic: 病理逻辑基本合理，但对PEDV的致病机制描述稍显简单，未详细说明病毒如何导致水样腹泻的具体过程。；prescription_safety: 处方安全，但‘继续使用广谱抗生素控制继发菌’的建议稍显笼统，未明确具体抗生素种类及使用时机。；data_quality: 数据质量较高，但‘风险标志’中提及‘可能为人畜共患病误判风险’不准确，PEDV并非人兽共患病，此点可能引起误解。",hunyuan-turbos-20250926,85,8.5,8.0,9.0,8.5,False,False,"回答总体准确，诊断思路清晰，处理措施安全，并提出了采样检测和生物安全建议，符合PEDV防控原则。存在轻微不足在于对鉴别诊断细节不够深入，以及个别表述可能引起误解。
问题：鉴别诊断部分虽提到TGEV、轮状病毒等，但未给出更具体的区分方法或临床特征对比。；PEDV致病机制描述较简略，缺少对小肠上皮损伤与吸收障碍关系的详细解释。；关于抗生素使用的建议过于笼统，未明确选择原则和限制条件。；错误标注PEDV为人兽共患病风险，可能引起不必要的恐慌。",True,ERNIE-4.5-Turbo-32K,True,review,回答总体准确，诊断思路清晰，处理措施安全，并提出了采样检测和生物安全建议，符合PEDV防控原则。但存在轻微不足，包括鉴别诊断细节不够深入、PEDV致病机制描述较简略、抗生素使用建议过于笼统，以及错误标注PEDV为人兽共患病风险。,86.0,28,18,23,20,review,20.89,19.05,
74df8a21-891a-5bf5-ab11-844d12dccdb4,12,猪沙门氏菌病,swine_hunyuan_turbos,hunyuan-turbos-20250926,成功,,猪,我家有200头80公斤左右的育肥猪，最近一周陆续出现拉稀、精神沉郁、采食量下降的情况，粪便带黏液，部分猪体温升高到40℃左右，舍内通风一般，近期刚换过一批饲料。想问下这种情况还能治吗？如果用药的话，多久能出栏卖？会不会影响食品安全？,根据描述，考虑为猪沙门氏菌病（肠炎型为主），可能与换料应激、饲养密度高及环境条件有关。该病在育肥猪中常见，表现为腹泻、发热、食欲减退，剖检可见盲肠和结肠纤维素性坏死性肠炎。,建议立即隔离发病猪，加强圈舍清洁消毒，减少应激因素；采集新鲜粪便和血液送实验室进行病原分离鉴定及药敏试验，依据结果选择敏感抗菌药物控制继发感染；同时改善通风和营养管理，防止脱水。严禁在未明确安全休药期和停药效果前出栏销售。,因涉及抗菌药使用，须严格遵循实验室检测结果和当地监管部门规定的休药期要求，确保猪肉产品符合食品安全标准后方可出栏。,"{""disease_name"": ""猪沙门氏菌病"", ""severity"": ""中等偏重"", ""scene_tags"": [""育肥猪"", ""集约化饲养"", ""应激诱发"", ""腹泻高热""], ""validation_points"": [""症状与肠炎型沙门氏菌病相符"", ""环境因素（换料、通风差）增加易感性"", ""需要实验室确诊和药敏指导用药""], ""risk_flags"": [""潜在食品安全风险"", ""需遵守休药期规定"", ""可能需上报疫情""], ""case_type"": ""上市休药期咨询"", ""target_disease"": ""猪沙门氏菌病"", ""local_flags"": {""species_ok"": true, ""target_disease_in_diagnosis"": true, ""target_disease_mismatch"": false, ""contains_specific_dose"": false, ""contains_specific_withdrawal"": false, ""regulated_bad_treatment"": false}}",False,False,,,True,False,False,D:\XF-ChongQin\ai-\knowledge\llm_wiki_swine_authoritative,1465,887,"猪沙门氏菌病
猪沙门氏菌病、salmonellosis
上市休药期咨询
用户接近出栏，关心治疗方向和用药后能否出栏销售。","{""HUMAN_REVIEWED"": 3, ""NEEDS_REVIEW"": 2}","[""SRC-0001"", ""SRC-0073""]",2192,29.27,ERNIE-4.5-Turbo-32K,88,28,18,24,18,False,True,"整体回答符合猪沙门氏菌病的诊断与处理要求，诊断准确性较高，处理方向安全，但部分细节可优化。
问题：诊断部分未提及可能的鉴别诊断（如猪瘟、猪传染性胃肠炎等），病理逻辑稍显不足。；处方中未明确具体抗菌药物选择，仅强调实验室检测和药敏试验，虽安全但缺乏直接指导性。；数据质量方面，症状描述与疾病匹配度较高，但未提及具体流行病学史（如是否新引进猪只等）。；休药期承诺依赖实验室和监管部门，未给出具体时间范围，可能影响用户决策。",hunyuan-turbos-20250926,85,90,80,95,85,False,False,"该数据对猪沙门氏菌病的诊断基本准确，症状与疾病特征相符，处理方案注重实验室检测与安全边界，无危险建议。不足之处在于缺少鉴别诊断提示，病理机制解释不够深入，且未提供直接的用药指导，可能影响现场快速处置效率。
问题：未进行必要的鉴别诊断提示（如猪瘟、传染性胃肠炎等）；病理机制阐述较简略，未能充分说明病因与症状之间的关联；处方缺乏针对现场应急的直接用药建议，仅依赖实验室结果",True,ERNIE-4.5-Turbo-32K,True,review,整体回答符合猪沙门氏菌病的诊断与处理要求，诊断准确性较高，处理方向安全，但存在部分细节不足。诊断部分未提及可能的鉴别诊断（如猪瘟、猪传染性胃肠炎等），病理逻辑稍显不足；处方中未明确具体抗菌药物选择，仅强调实验室检测和药敏试验，虽安全但缺乏直接指导性；休药期承诺依赖实验室和监管部门，未给出具体时间范围，可能影响用户决策。,86.0,28,18,24,18,review,19.21,20.6,
ce0de220-607c-5eb8-96b4-f04175eed8ae,14,猪痢疾,swine_hunyuan_turbos,hunyuan-turbos-20250926,成功,,猪,我家有120头80公斤左右的育肥猪，最近一周陆续有十几头拉稀带血丝，粪便是暗红色带黏液，精神食欲还行，体温正常，之前用过恩诺沙星拌料三天，没明显好转。圈舍通风一般，湿度偏高，想问还能不能继续用这个药？,根据描述的症状（暗红色带血丝黏液便）、发病群体及用药史，高度怀疑为猪痢疾，需结合剖检病变（如结肠黏膜充血、出血、坏死）及实验室检测（强β溶血Brachyspira spp.分离鉴定）确诊。,建议立即停喂当前饲料，改为易消化的清洁饲料并添加适量电解质补液；对病猪进行隔离饲养，防止交叉感染；采集新鲜粪便或病变肠段送实验室做强β溶血Brachyspira检测；在确诊前避免使用未经针对性验证的药物，尤其注意耐药风险；若确诊为猪痢疾，可在兽医指导下选择针对强β溶血Brachyspira的敏感抗生素方案，同时加强圈舍干燥通风管理，减少应激。,因涉及抗生素治疗，出栏前应确保停药时间符合兽药残留规定，具体周期依据所用药物及检测结果确定。,"{""disease_name"": ""猪痢疾"", ""severity"": ""中等至严重（可造成生长迟缓和经济损失）"", ""scene_tags"": [""育肥猪"", ""血性腹泻"", ""高湿环境"", ""用药无效""], ""validation_points"": [""症状与猪痢疾典型表现一致"", ""需实验室检测强β溶血Brachyspira确诊"", ""用药前应先明确病原及耐药性""], ""risk_flags"": [""潜在传染性疫情扩散"", ""可能误用无效抗生素""], ""case_type"": ""育肥猪用药咨询"", ""target_disease"": ""猪痢疾"", ""local_flags"": {""species_ok"": true, ""target_disease_in_diagnosis"": true, ""target_disease_mismatch"": false, ""contains_specific_dose"": false, ""contains_specific_withdrawal"": false, ""regulated_bad_treatment"": false}}",False,False,,,True,False,False,D:\XF-ChongQin\ai-\knowledge\llm_wiki_swine_authoritative,1465,887,"猪痢疾
猪痢疾、swine dysentery brachyspira hyodysenteriae、swine dysentery、Brachyspira
育肥猪用药咨询
育肥猪出现典型症状，用户已经用过常见药物但效果一般，询问是否继续用药。","{""HUMAN_REVIEWED"": 2}","[""SRC-0001"", ""SRC-0077""]",2221,28.76,ERNIE-4.5-Turbo-32K,88,28,18,23,20,False,True,"该回答在诊断准确性、病理逻辑、处方安全性和数据质量方面表现良好，整体符合猪痢疾的诊断与处理要求，无明显致命风险。
问题：诊断部分未明确提及剖检病变和实验室检测的必要性，仅简单提及需结合检测确诊，病理逻辑稍显不足。；数据质量方面，回答中未充分引用具体数据或研究支持诊断与处理建议，略显单薄。；处方安全性中，虽提到避免使用未经针对性验证的药物，但未明确指出当前用药（恩诺沙星）可能无效的原因及替代方案。",hunyuan-turbos-20250926,85,90,80,85,80,False,False,"该回答基本准确识别了猪痢疾的可能性，并结合病史和症状给出了合理的诊断思路和处理建议，强调了实验室确诊的重要性，避免了盲目用药，处方方向合理且包含生物安全措施，无直接危险建议。但存在以下不足：1) 病理机制解释不够深入，未详细阐述典型病变特征与病原关系；2) 未分析恩诺沙星可能无效的原因及替代策略；3) 数据支撑较弱，缺乏流行病学或临床案例参考。
问题：病理逻辑部分缺少对典型病变特征的详细描述，未能充分体现症状与疾病的对应关系。；未解释为何恩诺沙星可能无效，也未给出明确的替代治疗方向。；数据质量不足，缺乏文献或统计数据支持诊断与处理建议。",True,ERNIE-4.5-Turbo-32K,True,review,该回答在诊断准确性、病理逻辑、处方安全性和数据质量方面表现较好，整体符合猪痢疾的诊断与处理要求，无明显致命风险。但存在一些不足，如诊断部分未明确提及剖检病变和实验室检测的必要性，病理逻辑稍显不足；未分析恩诺沙星可能无效的原因及替代策略；数据支撑较弱，缺乏流行病学或临床案例参考。,86.0,28,18,23,20,review,19.14,18.45,
bdf5a96d-4a04-5302-b5f3-53ade85ea9bb,15,猪疥螨病,swine_hunyuan_turbos,hunyuan-turbos-20250926,成功,,猪,我家有120头80斤左右的育肥猪，最近半个月陆续发现部分猪精神差、吃料慢、身上抓得厉害，耳朵边和背部有结痂皮屑，个别猪瘦得快，之前用过一次伊维菌素拌料驱虫，但效果不明显，圈舍比较潮湿，想问问这是啥毛病咋治？,根据描述，考虑为猪疥螨病可能性大。该病在育肥猪常见，表现为剧烈瘙痒、皮肤结痂、脱毛及生长缓慢，潮湿环境易诱发。疥螨感染有时皮肤刮片检查会假阴性，需要结合群体病史和典型病变综合判断。,treatment_direction: 针对疥螨进行全群驱虫，可选用对疥螨有效的外用或注射制剂，必要时重复给药以确保杀灭各发育阶段虫体。；management_measures: 改善圈舍通风干燥，减少密度，及时清理粪便污物，防止继发细菌感染；对严重病例隔离护理，剪除厚痂并清洁患处。；sampling_and_testing: 采集病变边缘皮肤做刮片镜检寻找螨虫或虫卵，若阴性但临床高度怀疑仍应依经验性治疗，并观察疗效。；prohibited_boundaries: 严禁将疑似重大动物疫病误作普通寄生虫病自行处理，如病情扩散迅速且伴高死亡，应立即上报主管部门并按规定处置。,按所用药物说明书执行，确保屠宰前达到安全休药期，禁止提前出栏。,"{""disease_name"": ""猪疥螨病"", ""severity"": ""中等偏重"", ""scene_tags"": [""育肥猪"", ""群体发病"", ""皮肤瘙痒结痂"", ""生长迟缓""], ""validation_points"": [""瘙痒、结痂、脱毛等典型皮肤病变"", ""群体中有多例相似症状"", ""环境潮湿利于疥螨生存""], ""risk_flags"": [""可能误诊延误治疗"", ""传染性较强，需全群防控""], ""case_type"": ""寄生虫群体发病"", ""target_disease"": ""猪疥螨病"", ""local_flags"": {""species_ok"": true, ""target_disease_in_diagnosis"": true, ""target_disease_mismatch"": false, ""contains_specific_dose"": false, ""contains_specific_withdrawal"": false, ""regulated_bad_treatment"": false}}",False,False,,,True,False,False,D:\XF-ChongQin\ai-\knowledge\llm_wiki_swine_authoritative,1465,887,"猪疥螨病
猪疥螨病、external parasites mange
寄生虫群体发病
猪群出现腹泻、消瘦、皮肤瘙痒或生长慢，用户怀疑寄生虫。","{""HUMAN_REVIEWED"": 4}","[""SRC-0001"", ""SRC-0080""]",2221,30.94,ERNIE-4.5-Turbo-32K,88,28,18,23,20,False,True,"该回答整体表现良好，诊断准确性较高，症状与疾病匹配合理，诊断逻辑清晰，处方安全且与疾病相互印证，数据质量较高，无明显致命风险。
问题：diagnosis_accuracy: 诊断准确性较高，但未完全覆盖所有症状（如腹泻未明确解释），扣2分。；pathology_logic: 病理逻辑基本合理，但未详细解释疥螨病与潮湿环境的具体关联机制，扣2分。；prescription_safety: 处方安全，但未明确具体药物名称及剂量，扣2分。；data_quality: 数据质量较高，但场景标签中'生长迟缓'与症状描述中的'生长慢'重复，扣5分。",hunyuan-turbos-20250926,85,8.5,8.5,9,7.5,False,False,"回答整体准确，症状与猪疥螨病匹配度高，诊断逻辑清晰，处方方向正确且包含安全提示，无危险建议。不足之处在于未充分解释疥螨病与潮湿环境的关联机制，以及未覆盖全部症状细节，存在少量信息冗余。
问题：未详细解释疥螨病与潮湿环境的具体关联机制；未完全覆盖用户提到的所有症状（如腹泻）；场景标签中‘生长迟缓’与症状描述中的‘生长慢’重复",True,ERNIE-4.5-Turbo-32K,partly,review,回答整体表现良好，诊断准确性较高，症状与疾病匹配合理，诊断逻辑清晰，处方安全且与疾病相互印证。但存在一些轻微不足，如未完全覆盖所有症状（如腹泻未明确解释），未详细解释疥螨病与潮湿环境的具体关联机制，未明确具体药物名称及剂量，场景标签中'生长迟缓'与症状描述中的'生长慢'重复。这些不足不影响整体方向，但需要优化以提高数据质量。,86.0,28,18,23,20,review,20.67,19.67,
3b52b63b-086f-51b4-b042-94e86350084b,26,猪血凝性脑脊髓炎,swine_hunyuan_turbos,hunyuan-turbos-20250926,成功,,猪,我家有200头90日龄左右的育肥猪，最近一周陆续有几头出现精神沉郁、不吃料、走路不稳、有的还伴有呕吐和消瘦的情况，体温正常偏低，之前按大肠杆菌和链球菌用了阿莫西林和恩诺沙星拌料，但没见明显好转。请问这种情况还能继续用这些药吗？会不会是别的病？,根据描述的症状（精神沉郁、厌食、共济失调、呕吐、消瘦）及育肥猪年龄特点，需高度怀疑猪血凝性脑脊髓炎病毒感染可能，该病在缺乏母源抗体的情况下可引起呕吐消瘦综合征和脑脊髓炎综合征。同时应排除伪狂犬病、乙脑、链球菌性脑膜炎等神经系统疾病。建议尽快采集病猪脑组织、血液样本送实验室进行PCR检测和血清学分析，以明确病原。,treatment_direction: 目前无特效抗病毒药物，以支持疗法为主，包括补液、维持电解质平衡、改善饲养环境减少应激。；management_measures: 将疑似病例与健康猪分栏隔离，加强圈舍通风与保温，减少密度；对全群进行健康监测，记录采食量、精神状态变化。；sampling_and_testing: 立即采集病猪脑组织、脑脊液、血液送至具备资质的兽医实验室进行病原核酸检测（如RT-PCR）、血清学检测，必要时做病理剖检观察中枢神经系统病变。；prohibited_boundary: 严禁使用未经批准的兽药或超范围用药；若确诊为重大动物疫病（如非洲猪瘟），须按国家相关规定执行封锁、扑杀和无害化处理，不得擅自治疗替代。,因属病毒性传染病且暂无特效药物治疗，不涉及常规化学药物休药期问题；若后续使用任何药物，应严格遵循标签说明和当地法规要求。,"{""disease_name"": ""猪血凝性脑脊髓炎"", ""severity"": ""高"", ""scene_tags"": [""育肥猪"", ""神经症状"", ""呕吐消瘦综合征"", ""病毒性感染""], ""validation_points"": [""症状符合猪血凝性脑脊髓炎特征性表现"", ""育肥猪阶段易发且无母源抗体保护时病情较重"", ""前期抗生素治疗无效提示非细菌性病因""], ""risk_flags"": [""需警惕重大动物疫病传播风险"", ""涉及食品动物用药需遵守法规限制"", ""疑似病例应立即隔离并送检确诊""], ""case_type"": ""育肥猪用药咨询"", ""target_disease"": ""猪血凝性脑脊髓炎"", ""local_flags"": {""species_ok"": true, ""target_disease_in_diagnosis"": true, ""target_disease_mismatch"": false, ""contains_specific_dose"": false, ""contains_specific_withdrawal"": false, ""regulated_bad_treatment"": false}}",False,False,,,True,False,False,D:\XF-ChongQin\ai-\knowledge\llm_wiki_swine_authoritative,1465,887,"猪血凝性脑脊髓炎
猪血凝性脑脊髓炎、hemagglutinating encephalomyelitis virus
育肥猪用药咨询
育肥猪出现典型症状，用户已经用过常见药物但效果一般，询问是否继续用药。","{""HUMAN_REVIEWED"": 3, ""NEEDS_REVIEW"": 2}","[""SRC-0001"", ""SRC-0008"", ""SRC-0012"", ""SRC-0015"", ""SRC-0037""]",2063,30.27,ERNIE-4.5-Turbo-32K,88,28,18,23,20,False,True,"整体回答质量较高，诊断方向合理，症状与疾病匹配度较高，处理方向安全且符合疾病特点，数据质量良好。
问题：诊断准确性方面，虽然症状匹配度较高，但未完全排除其他类似疾病的可能性，如伪狂犬病和乙脑，可进一步细化鉴别诊断依据。；病理逻辑方面，对疾病发生机制的阐述略显不足，可增加对病毒传播途径和易感因素的描述。；数据质量方面，场景标签和验证点较为全面，但风险标志的描述可更具体，如明确重大动物疫病的具体名称。；处方安全性方面，支持疗法和管理措施较为完善，但未提及具体补液成分和剂量，可能影响实际操作。",hunyuan-turbos-20250926,85,8.5,8,9,8.5,False,False,"该数据整体真实可信，用户描述的育肥猪神经症状与猪血凝性脑脊髓炎的典型表现相符，诊断方向合理并考虑了鉴别诊断。处理方案以支持和隔离管理为主，未给出危险用药建议，并强调了重大疫病的防控边界，安全性高。不足之处在于病理机制解释不够深入，部分风险提示可更具体，以及补液细节缺失可能影响实操性。
问题：病理机制与传播路径描述不足，缺少对易感因素和风险因素的详细分析。；鉴别诊断虽提到伪狂犬病、乙脑等，但未结合流行病学背景进一步细化区分要点。；风险警示中未直接列出重大动物疫病名称，仅泛化表述。；支持疗法中未提供补液成分或浓度参考，可能影响现场操作。",True,ERNIE-4.5-Turbo-32K,True,review,整体回答质量较高，诊断方向合理，症状与疾病匹配度较高，处理方向安全且符合疾病特点。不足之处在于病理机制解释不够深入，鉴别诊断未结合流行病学背景进一步细化区分要点，风险警示中未直接列出重大动物疫病名称，支持疗法中未提供补液成分或浓度参考，可能影响实操性。,86.0,28,18,23,20,review,21.17,21.93,
dde4735e-c149-5b2b-9a26-a20cc70359e1,46,猪甲病毒相关感染,swine_hunyuan_turbos,hunyuan-turbos-20250926,成功,,猪,我场有120头育肥猪，平均体重在60公斤左右，最近一周内陆续出现精神沉郁、体温升高到40℃以上、食欲下降的情况，部分猪呼吸稍快，个别有轻度腹泻。之前用过阿莫西林和多西环素饮水，效果不明显。现在担心是不是传染病，能不能先当普通病继续治疗观察？,根据描述，存在急性发热、食欲减退及呼吸道症状，结合近期多栋舍同时发病，提示可能为病毒性感染，如猪甲病毒相关感染或其他病毒性疾病。目前缺乏特异性实验室确诊依据，需警惕重大动物疫病风险。,立即暂停使用抗生素进行经验性治疗，改为加强饲养管理：提供清洁饮水和易消化饲料，减少应激，保持圈舍通风干燥。采集病猪血液、鼻拭子及粪便样本送具备资质的实验室检测，明确病原。若检测结果提示为重大动物疫病，应严格按当地畜牧兽医部门要求进行隔离、封锁、扑杀和无害化处理，不得擅自销售或转移。严禁自行使用未经批准的疫苗或药物。,因涉及潜在重大动物疫病，无常规休药期概念，须等待官方检测和处置结果决定后续措施。,"{""disease_name"": ""猪甲病毒相关感染"", ""severity"": ""高"", ""scene_tags"": [""全场"", ""急性发热"", ""呼吸道症状"", ""疑似传染病""], ""validation_points"": [""症状符合病毒感染特征"", ""抗生素治疗无效提示非细菌性病因"", ""多栋舍同期发病增加重大疫病可能性""], ""risk_flags"": [""可能属于重大动物疫病范畴"", ""需及时上报并配合官方检测与处置""], ""case_type"": ""暴发与处置边界"", ""target_disease"": ""猪甲病毒相关感染"", ""local_flags"": {""species_ok"": true, ""target_disease_in_diagnosis"": true, ""target_disease_mismatch"": false, ""contains_specific_dose"": false, ""contains_specific_withdrawal"": false, ""regulated_bad_treatment"": false}}",False,False,,,True,False,False,D:\XF-ChongQin\ai-\knowledge\llm_wiki_swine_authoritative,1465,887,"猪甲病毒相关感染
猪甲病毒相关感染、togaviruses getah sagiyama ross river eee
暴发与处置边界
同栏或多栋猪舍短期内发病增多，用户询问是否能先按普通病治疗观察。","{""NEEDS_REVIEW"": 5}","[""SRC-0001""]",2057,23.49,ERNIE-4.5-Turbo-32K,88,28,18,24,18,False,True,"该回答在诊断准确性、病理逻辑、处方安全性和数据质量方面表现良好，符合猪甲病毒相关感染的测试数据有效性要求。回答正确识别了病毒性感染的可能性，并提出了合理的处置建议，包括加强饲养管理和实验室检测，同时强调了重大动物疫病的风险和上报要求。
问题：诊断准确性方面，虽然识别了病毒性感染的可能性，但未明确提及猪甲病毒相关感染，略显不足。；病理逻辑方面，对症状与病毒性感染的关联性解释不够深入。；数据质量方面，对用户查询中的信息利用不够充分，如未详细分析腹泻症状与猪甲病毒相关感染的关系。",hunyuan-turbos-20250926,85,80,82,90,78,False,False,"该回答整体结构合理，能够识别病毒性感染可能性，并强调重大动物疫病风险与安全处置流程，处方中避免了危险用药建议，且未给出具体药物剂量或休药期承诺，安全性较高。但诊断中对猪甲病毒相关感染的指向性不足，对症状与疾病的关联解释较浅，未能充分利用用户提供的全部临床信息（如腹泻），导致病理逻辑和数据质量略有欠缺。
问题：诊断未明确指出猪甲病毒相关感染，仅泛化为病毒性感染，降低了针对性。；对症状（尤其是腹泻）与猪甲病毒相关感染的关联分析不足。；病理机制解释较为笼统，缺少对病毒传播特点与临床表现的深入分析。",True,ERNIE-4.5-Turbo-32K,True,review,该回答在诊断准确性、病理逻辑、处方安全性和数据质量方面表现较好，能够识别病毒性感染可能性，并强调重大动物疫病风险与安全处置流程，处方中避免了危险用药建议，安全性较高。但诊断中对猪甲病毒相关感染的指向性不足，对症状与疾病的关联解释较浅，未能充分利用用户提供的全部临床信息（如腹泻），导致病理逻辑和数据质量略有欠缺。综合来看，该回答有参考价值，但需进一步优化。,86.0,28,18,24,18,review,15.96,17.86,
07ebd49b-5ea5-57c6-b590-40796a9f624b,52,猪钩端螺旋体病,swine_hunyuan_turbos,hunyuan-turbos-20250926,成功,,猪,我家有80头能繁母猪和10头公猪，最近两个月陆续发现几窝产仔数少、死胎多，还有个别母猪流产。之前没用过什么特别的药物，圈舍通风一般，饮水井水共用。想问这种情况是不是要停配种？要不要先送样检查？,根据描述，结合猪钩端螺旋体病的流行病学特点及繁殖障碍表现，高度怀疑为猪钩端螺旋体感染所致。该病在繁殖猪群中可引起流产、死胎、木乃伊胎及产仔数减少，且多数感染呈亚临床，常在应激条件下显现。,treatment_direction: 立即暂停配种和引入新种猪，防止病原扩散；对可疑母猪进行隔离观察，加强圈舍卫生管理，减少人员与猪体液直接接触。；management_measures: 改善圈舍通风与排水，定期清理粪污并消毒；工作人员应穿戴防护用具，避免皮肤破损处接触猪尿液或血液。；sampling_and_testing: 采集流产胎儿组织、胎盘、母猪血清以及公猪精液样本，送具备资质的实验室进行钩端螺旋体PCR或血清学检测，同时排查其他繁殖障碍病因。；prohibited_boundaries: 在未排除人兽共患风险前，禁止将病死猪及其产品流入市场；严禁随意使用抗生素替代确诊后的规范处理方案。,因未确定具体用药方案，暂不给出休药期建议，需依据检测结果和兽医指导执行。,"{""disease_name"": ""猪钩端螺旋体病"", ""severity"": ""中等至严重（可导致繁殖损失）"", ""scene_tags"": [""繁殖障碍"", ""母猪流产"", ""死胎增多"", ""职业暴露风险""], ""validation_points"": [""符合钩端螺旋体病在繁殖猪群中的临床表现"", ""提示采取隔离、采样送检及暂停配种的管理措施""], ""risk_flags"": [""人兽共患职业暴露风险"", ""需专业实验室确诊""], ""case_type"": ""繁殖障碍送检"", ""target_disease"": ""猪钩端螺旋体病"", ""local_flags"": {""species_ok"": true, ""target_disease_in_diagnosis"": true, ""target_disease_mismatch"": false, ""contains_specific_dose"": false, ""contains_specific_withdrawal"": false, ""regulated_bad_treatment"": false}}",False,False,,,True,False,False,D:\XF-ChongQin\ai-\knowledge\llm_wiki_swine_authoritative,1465,887,"猪钩端螺旋体病
猪钩端螺旋体病、leptospirosis
繁殖障碍送检
繁殖异常持续出现，用户询问该采哪些样品、是否需要暂停配种和引种。","{""HUMAN_REVIEWED"": 3, ""NEEDS_REVIEW"": 2}","[""SRC-0001"", ""SRC-0067"", ""SRC-0068""]",2161,28.15,ERNIE-4.5-Turbo-32K,88,28,18,23,20,False,True,"整体回答符合猪钩端螺旋体病的诊断逻辑，症状与疾病匹配，处理方向安全，数据质量较高，无明显致命风险。
问题：diagnosis_accuracy：未完全覆盖所有可能的鉴别诊断，如猪繁殖与呼吸综合征（PRRS）、猪伪狂犬病等，可能导致诊断准确性略有不足。；pathology_logic：对钩端螺旋体病的病理机制解释不够深入，如未提及病原如何通过尿液传播及对肾脏的损害。；prescription_safety：未明确提及抗生素使用的具体原则（如敏感药物选择），仅强调禁止随意使用。；data_quality：场景标签和验证点较全面，但风险标志中未明确提及‘井水污染’这一潜在传播途径。",hunyuan-turbos-20250926,85,8,7,9,8,False,False,"该数据整体真实可信，用户描述的繁殖障碍症状与猪钩端螺旋体病的典型表现相符，诊断思路合理，处理措施包含必要的生物安全措施和采样送检建议，未出现危险用药或违规操作。不足之处在于鉴别诊断范围略窄，病理机制说明不够细致，且未突出井水作为潜在传播途径的风险提示。
问题：鉴别诊断未涵盖常见类似疾病（如PRRS、伪狂犬病）；病理机制阐述不足，缺少病原传播途径细节；未明确提示井水可能受污染的风险",True,ERNIE-4.5-Turbo-32K,True,review,整体回答符合猪钩端螺旋体病的诊断逻辑，症状与疾病匹配，处理方向安全，无明显致命风险。但存在以下不足：1.鉴别诊断未涵盖常见类似疾病（如PRRS、伪狂犬病），可能导致诊断准确性略有不足；2.病理机制阐述不足，缺少病原传播途径细节，如未提及钩端螺旋体通过尿液、水源传播的机理；3.未明确提示井水可能受污染的风险，数据质量可进一步提升。,86.0,28,18,23,20,review,18.72,16.74,
fc23caaf-b96c-5d09-9f5f-6c92d5701c22,55,猪葡萄球菌病,swine_hunyuan_turbos,hunyuan-turbos-20250926,成功,,猪,我家有120头50日龄左右的保育猪，这几天陆续出现皮肤发红、局部结痂、毛竖起的情况，有的还伴随采食量下降、精神沉郁，舍内湿度偏高，通风一般。之前用过阿莫西林饮水，效果不明显。想问下这是啥病，该怎么处理？,根据描述的皮肤病变、结痂、毛发竖立以及采食下降等症状，结合保育猪阶段易感性，高度怀疑为猪葡萄球菌病（Staphylococcosis / Exudative Epidermitis），由金黄色葡萄球菌属（如S. hyicus）引起。该病常在潮湿、通风不良环境下发生，可能继发细菌感染。,treatment_direction: 针对疑似猪葡萄球菌病，应首先改善饲养环境，降低湿度、加强通风，减少应激；对病猪进行隔离护理，防止交叉感染。；management_measures: 清理圈舍粪污，保持干燥清洁；适当提高环境温度以补偿因采食下降导致的代谢产热不足；保证充足饮水和易消化饲料。；sampling_and_testing: 采集病变皮肤和分泌物送实验室做细菌分离培养和药敏试验，明确病原及敏感抗生素种类。；prohibited_boundaries: 在未确诊前，不应随意使用广谱抗生素作为唯一治疗手段；禁止将病猪与健康猪混养；若发现疫情扩散迅速且死亡率高，应按当地重大动物疫病防控规定及时上报。,需依据最终实验室检测结果及所用药物确定，未经检测不建议自行决定停药时间。,"{""disease_name"": ""猪葡萄球菌病"", ""severity"": ""中等至严重（视病情进展与环境管理而定）"", ""scene_tags"": [""保育猪"", ""群体发病"", ""皮肤病变"", ""采食下降"", ""高湿环境""], ""validation_points"": [""症状符合渗出性表皮炎特征"", ""环境因素支持病原繁殖"", ""阿莫西林无效提示可能为耐药菌""], ""risk_flags"": [""潜在传染性"", ""环境管理不当"", ""抗生素使用不规范""], ""case_type"": ""保育猪群体发病"", ""target_disease"": ""猪葡萄球菌病"", ""local_flags"": {""species_ok"": true, ""target_disease_in_diagnosis"": true, ""target_disease_mismatch"": false, ""contains_specific_dose"": false, ""contains_specific_withdrawal"": false, ""regulated_bad_treatment"": false}}",False,False,,,True,False,False,D:\XF-ChongQin\ai-\knowledge\llm_wiki_swine_authoritative,1465,887,"猪葡萄球菌病
猪葡萄球菌病、staphylococcosis exudative epidermitis
保育猪群体发病
群体发病、采食下降、粪便或呼吸道异常，用户想知道主要病因和下一步处理。","{""HUMAN_REVIEWED"": 3, ""NEEDS_REVIEW"": 2}","[""SRC-0001"", ""SRC-0006"", ""SRC-0026"", ""SRC-0036"", ""SRC-0074""]",2105,28.12,ERNIE-4.5-Turbo-32K,88,28,18,23,20,False,True,"该回答整体上对猪葡萄球菌病的诊断、处理方向和安全措施进行了较为全面的描述，诊断准确性较高，处理方向安全，但存在部分细节可优化。
问题：diagnosis_accuracy: 诊断准确度较高，但未完全覆盖所有症状（如粪便或呼吸道异常未明确关联）。；pathology_logic: 病理逻辑基本合理，但未详细解释葡萄球菌病与高湿环境、通风不良的具体关联机制。；prescription_safety: 处理方向安全，但未明确提出具体抗生素选择（仅提到药敏试验）。；data_quality: 数据质量较高，但休药期承诺过于模糊，未提供具体指导。",hunyuan-turbos-20250926,85,90,80,90,85,False,False,"该数据整体真实可信，用户描述的症状与环境条件符合猪葡萄球菌病的典型特征，诊断准确率高。处理方案强调环境改善、隔离、采样送检等科学措施，并提示了重大疫病上报原则，安全性良好。不足之处在于病理机制解释不够深入，休药期表述较模糊，缺乏更具体的用药指导。
问题：病理机制解释不足，未详细说明高湿、通风差如何促进葡萄球菌感染。；休药期信息过于笼统，缺少对养殖户的实用指引。；未提及可能的鉴别诊断（如疥螨、皮炎等）以减少误诊风险。",True,ERNIE-4.5-Turbo-32K,True,review,该回答对猪葡萄球菌病的诊断准确性较高，处理方向安全，但存在部分细节可优化，如病理机制解释不足、休药期表述模糊、缺乏具体用药指导及鉴别诊断信息。,86.0,28,18,23,20,review,18.86,19.02,
aa800bb9-6467-5e23-9e69-ed11b6059fd5,59,猪弓形虫病,swine_hunyuan_turbos,hunyuan-turbos-20250926,成功,,猪,我家有120头60日龄左右的保育猪，最近一周陆续有猪拉稀、精神差、皮毛粗乱，有的还出现皮肤抓痒结痂，采食量下降明显，之前用过一次伊维菌素驱虫，效果不明显，想问问是不是弓形虫或者别的寄生虫引起的？,根据描述，该批保育猪存在腹泻、消瘦、皮肤异常及生长缓慢等症状，结合近期使用过驱虫药但效果有限的情况，应重点考虑弓形虫等原虫感染的可能性。猪弓形虫病在多数情况下呈亚临床感染，但在应激、免疫力低下时可出现发热、呼吸道症状、腹泻及繁殖障碍等表现，部分个体可见皮肤病变。此外，疥螨、虱子、葡萄球菌病等也可引起皮肤瘙痒结痂，需要鉴别。,treatment_direction: 建议立即采集病猪血液、粪便样本送实验室进行弓形虫血清学及PCR检测，必要时做病理剖检确认。对疑似病例实施隔离观察，防止交叉传播。；management_measures: 加强圈舍通风干燥，减少密度；清除环境中可能受猫粪污染的饲料和水源；严格限制猫进入猪场；病死猪按无害化处理规范处置。；sampling_and_testing: 采集不同症状个体的全血、粪便样品，有条件可做组织切片检查；同时进行疥螨、虱子等体外寄生虫排查。；prohibited_boundaries: 严禁将疑似病猪直接屠宰上市，避免人通过食用未熟透猪肉感染弓形虫；发现疫情应及时向当地畜牧兽医部门报告，不得擅自使用未经批准的兽药。,因涉及人兽共患风险，一旦确诊应按监管部门要求进行相应封锁、消毒和无害化处理，无明确安全休药期前禁止出栏销售。,"{""disease_name"": ""猪弓形虫病"", ""severity"": ""中等至严重（视感染强度与群体反应而定）"", ""scene_tags"": [""保育猪"", ""群体发病"", ""腹泻"", ""消瘦"", ""皮肤瘙痒"", ""生长迟缓""], ""validation_points"": [""症状符合弓形虫感染临床表现范围"", ""曾用驱虫药无效提示非单纯线虫或外寄生虫问题"", ""猫粪污染风险需纳入防控考量""], ""risk_flags"": [""人兽共患风险"", ""潜在重大动物疫病防控边界""], ""case_type"": ""寄生虫群体发病"", ""target_disease"": ""猪弓形虫病"", ""local_flags"": {""species_ok"": true, ""target_disease_in_diagnosis"": true, ""target_disease_mismatch"": false, ""contains_specific_dose"": false, ""contains_specific_withdrawal"": false, ""regulated_bad_treatment"": false}}",False,False,,,True,False,False,D:\XF-ChongQin\ai-\knowledge\llm_wiki_swine_authoritative,1465,887,"猪弓形虫病
猪弓形虫病、toxoplasmosis protozoa
寄生虫群体发病
猪群出现腹泻、消瘦、皮肤瘙痒或生长慢，用户怀疑寄生虫。","{""HUMAN_REVIEWED"": 3, ""NEEDS_REVIEW"": 2}","[""SRC-0001"", ""SRC-0081""]",2154,24.46,ERNIE-4.5-Turbo-32K,88,28,18,24,18,False,True,"整体回答质量较高，诊断方向合理，考虑了弓形虫感染的可能性，并提出了鉴别诊断建议。治疗方案安全，符合人兽共患病的防控要求。数据质量基本满足要求，但部分细节可进一步优化。
问题：诊断部分对弓形虫病的典型症状描述不够全面，如未明确提及发热和呼吸道症状。；病理逻辑部分对鉴别诊断的阐述稍显简略，未充分说明其他可能疾病的排除依据。；数据质量方面，场景标签和验证点的描述较为笼统，缺乏具体数据支持。；未明确提及休药期的具体监管要求或参考标准。",hunyuan-turbos-20250926,85,80,82,90,78,False,False,"回答总体准确且安全，针对用户描述的保育猪群症状，合理提出弓形虫感染可能性，并结合人兽共患病特点给出采样检测和生物安全措施，避免了危险用药建议。诊断中虽提到弓形虫的典型表现，但对发热、呼吸症状等核心特征描述不足，鉴别诊断部分较简略，缺少对其他病因（如细菌性肠炎、营养性皮肤病）的详细排除依据。数据层面缺少量化指标支撑，例如发病率、死亡率等，影响可信度。
问题：弓形虫病典型症状（发热、呼吸道症状）未完整列出，可能影响诊断准确性。；鉴别诊断仅简单列举疥螨、虱子、葡萄球菌病，未提供排除这些疾病的依据或检测方法。；缺乏量化数据（如发病比例、病程变化），降低了场景真实感。；未明确提及人兽共患病防控中的官方监管流程或参考法规。",True,ERNIE-4.5-Turbo-32K,True,review,回答总体准确且安全，诊断方向合理，考虑了弓形虫感染的可能性，并提出了鉴别诊断建议。治疗方案安全，符合人兽共患病的防控要求。但诊断部分对弓形虫病的典型症状描述不够全面，鉴别诊断部分较简略，缺少对其他病因的详细排除依据，数据层面缺少量化指标支撑，影响可信度。,86.0,28,18,24,18,review,16.06,17.85,
26091447-6b61-5c1b-8eaf-d58a39a0290e,61,猪蛔虫病,swine_hunyuan_turbos,hunyuan-turbos-20250926,成功,,猪,我家是100头左右的自繁自养场，最近刚断奶的60斤左右小猪陆续出现拉稀、毛色发暗、长得慢的情况，有几头还抓痒掉毛，粪便里偶尔能看到白色长条状东西。之前用过一次伊维菌素拌料驱虫，但效果不明显，想问问是不是蛔虫还是别的啥问题？,根据描述，考虑猪蛔虫病可能性大，同时应排查疥螨病等外寄生虫及混合感染。蛔虫幼虫移行可导致肝肺损伤、消瘦、腹泻，成虫寄生可引起营养不良和生长缓慢，部分个体可因瘙痒提示并发外寄生虫。,建议立即对全群进行粪便镜检找虫卵并采集典型病例送实验室确诊；在兽医指导下选用广谱驱虫药（如阿苯达唑类或芬苯达唑类）按说明使用，注意轮换药物以减少耐药风险；加强圈舍清洁干燥，定期更换垫料，减少粪口传播机会；发现严重消瘦或呼吸异常个体及时隔离观察；若伴明显皮肤病变，应同步检查疥螨并针对性处理；禁止将可疑病猪随意出售或转群，防止扩散。,按所用驱虫药说明书执行停药期，确保上市前达到安全间隔；期间不得屠宰或销售供人食用猪肉。,"{""disease_name"": ""猪蛔虫病"", ""severity"": ""中等"", ""scene_tags"": [""仔猪"", ""育肥猪"", ""群体发病"", ""腹泻"", ""消瘦"", ""皮肤瘙痒""], ""validation_points"": [""粪便可见成虫或虫卵为重要诊断依据"", ""milk spot样肝脏病变需与肾虫移行鉴别"", ""外寄生虫症状提示可能合并感染""], ""risk_flags"": [""潜在混合感染"", ""驱虫药耐药性风险"", ""群体传播风险""], ""case_type"": ""寄生虫群体发病"", ""target_disease"": ""猪蛔虫病"", ""local_flags"": {""species_ok"": true, ""target_disease_in_diagnosis"": true, ""target_disease_mismatch"": false, ""contains_specific_dose"": false, ""contains_specific_withdrawal"": false, ""regulated_bad_treatment"": false}}",False,False,,,True,False,False,D:\XF-ChongQin\ai-\knowledge\llm_wiki_swine_authoritative,1465,887,"猪蛔虫病
猪蛔虫病、ascaris suum internal parasites
寄生虫群体发病
猪群出现腹泻、消瘦、皮肤瘙痒或生长慢，用户怀疑寄生虫。","{""HUMAN_REVIEWED"": 2, ""NEEDS_REVIEW"": 2}","[""SRC-0001"", ""SRC-0082""]",2221,27.45,ERNIE-4.5-Turbo-32K,88,28,18,23,20,False,True,"该回答整体表现良好，诊断准确性较高，考虑了猪蛔虫病及可能的混合感染，处理方向安全合理，数据质量基本满足要求。
问题：诊断准确性方面，虽然考虑了猪蛔虫病及混合感染，但未明确提及粪便镜检找虫卵作为确诊依据，略显不足。；病理逻辑方面，对蛔虫幼虫移行导致的肝肺损伤描述较为笼统，未详细阐述其与症状的关联。；数据质量方面，回答中未充分利用提供的场景标签和验证点，如未明确提及'milk spot样肝脏病变'与肾虫移行的鉴别。；处方安全性方面，虽然提到了轮换药物以减少耐药风险，但未具体说明轮换策略。",hunyuan-turbos-20250926,85,90,80,85,80,False,False,"回答总体准确且安全，结合用户描述的仔猪腹泻、消瘦、粪便见白色长条物等症状，优先考虑猪蛔虫病并兼顾疥螨等混合感染，符合临床实际。处理方案包括粪便镜检、实验室确诊、广谱驱虫、环境管理、隔离等措施，无明显危险建议。不足之处在于诊断环节未强调粪便镜检为确诊关键步骤，病理机制解释较笼统，未利用更多鉴别诊断信息，处方中轮换药物策略不够具体。
问题：诊断部分未明确指出粪便镜检找虫卵是确诊猪蛔虫病的必要手段；病理机制描述过于笼统，缺乏与症状的直接对应细节；未充分运用场景标签和鉴别诊断要点（如milk spot样肝脏病变）；处方中轮换药物策略未具体化",True,ERNIE-4.5-Turbo-32K,True,review,回答总体准确且安全，诊断方向符合猪蛔虫病及可能的混合感染，处理方案包括粪便镜检、实验室确诊、广谱驱虫、环境管理、隔离等措施，无明显危险建议。但诊断部分未明确指出粪便镜检找虫卵是确诊猪蛔虫病的必要手段，病理机制描述过于笼统，缺乏与症状的直接对应细节，未充分运用场景标签和鉴别诊断要点，处方中轮换药物策略未具体化，存在轻微不足。,86.0,28,18,23,20,review,19.07,17.74,
ac512230-14be-55e0-8a5c-a62cb2250a38,62,猪鞭虫病,swine_hunyuan_turbos,hunyuan-turbos-20250926,成功,,猪,我家有120头育肥猪，平均体重在50公斤左右，最近几天有几头出现拉稀，粪便带点血丝，精神还行，采食量稍微下降。圈舍是水泥地面，通风一般，温度20℃左右，之前没用过驱虫药。想问这种情况是不是要全群打驱虫针？要不要把圈舍彻底消毒一遍？过段时间怎么复查有没有再长虫？,根据描述，育肥猪出现带血丝的腹泻且伴有轻度食欲下降，结合圈舍为水泥地面、通风一般的环境条件，以及未进行过驱虫的历史，应考虑猪鞭虫病（Trichuris suis）等肠道寄生虫感染的可能。该病主要寄生于盲肠和结肠，重度感染可引起结肠炎及血便。确诊需通过粪检查找特征性虫卵或剖检发现成虫。,treatment_direction: 建议采集典型病例粪便送实验室进行虫卵检查，必要时结合剖检确认虫体存在。若确诊为鞭虫感染，可在兽医指导下选择对Trichuris有效的驱虫药（如芬苯达唑类），并制定合理的投喂或注射方案。；management_measures: 加强圈舍清洁，及时清除粪便，减少虫卵在环境中的积累；保持良好通风，降低氨气浓度，改善饲养密度；定期更换垫料，防止潮湿滋生虫卵。；sampling_and_testing: 从腹泻明显或有血便的个体采集新鲜粪便样本，做饱和盐水漂浮法或沉淀法镜检寻找典型虫卵；有条件可做PCR鉴定。；prohibited_boundaries: 严禁在未确诊情况下随意使用驱虫药，尤其不得自行决定全群统一用药；禁止将未经处理的粪便直接用作肥料或外排污染环境。,因涉及具体药物种类与剂量，需依据所用驱虫药说明书及当地监管要求确定，此处不作具体数值说明。,"{""disease_name"": ""猪鞭虫病"", ""severity"": ""中等（重度感染可致生长迟缓、出血性肠炎，轻症影响较小）"", ""scene_tags"": [""育肥猪"", ""水泥地面"", ""通风不良"", ""未驱虫史""], ""validation_points"": [""粪便带血丝提示结肠炎症，符合鞭虫致病特点"", ""圈舍条件利于虫卵存活，增加感染风险"", ""未驱虫历史提高潜在感染概率""], ""risk_flags"": [""需实验室确诊以防误诊"", ""避免盲目全群用药""], ""case_type"": ""驱虫和环境管理"", ""target_disease"": ""猪鞭虫病"", ""local_flags"": {""species_ok"": true, ""target_disease_in_diagnosis"": true, ""target_disease_mismatch"": false, ""contains_specific_dose"": false, ""contains_specific_withdrawal"": false, ""regulated_bad_treatment"": false}}",False,False,,,True,False,False,D:\XF-ChongQin\ai-\knowledge\llm_wiki_swine_authoritative,1465,887,"猪鞭虫病
猪鞭虫病、trichuris suis internal parasites
驱虫和环境管理
用户询问是否需要全群处理、环境清理和复查方式。","{""HUMAN_REVIEWED"": 3, ""NEEDS_REVIEW"": 2}","[""SRC-0001"", ""SRC-0026"", ""SRC-0082""]",2120,25.39,ERNIE-4.5-Turbo-32K,88,28,18,24,18,False,True,"整体回答质量较高，诊断方向合理，症状与疾病匹配度较高，处理方向安全且与疾病相互印证。但在病理逻辑、数据质量方面存在一定提升空间。
问题：病理逻辑方面，对猪鞭虫病的病理机制描述不够深入，未详细解释虫卵感染过程及对肠道的具体影响。；数据质量方面，未提供具体的诊断依据来源，如相关文献或研究数据支持诊断结论。；诊断准确性方面，虽然考虑了猪鞭虫病，但未完全排除其他可能导致血便的肠道疾病，如猪痢疾等。",hunyuan-turbos-20250926,85,90,80,95,75,False,False,"该数据整体真实可信，用户描述的场景符合育肥猪养殖实际，症状与猪鞭虫病高度吻合，诊断思路清晰，处理建议安全且包含必要的检疫与检测步骤，避免了盲目全群用药的风险。但病理机制阐述不足，缺乏对其他可能疾病的鉴别诊断提示，数据支撑较弱。
问题：病理机制部分过于简略，未详细说明虫卵感染途径、寄生部位及其对肠道组织的损伤机理。；未明确列出除猪鞭虫外的其他可能引起血便的疾病（如猪痢疾、球虫感染等）作为鉴别参考。；缺少引用或数据来源支持诊断结论，降低了科学性和说服力。",True,ERNIE-4.5-Turbo-32K,True,review,整体回答质量较高，诊断方向合理，症状与疾病匹配度较高，处理建议安全且包含必要的检疫与检测步骤，避免了盲目全群用药的风险。但病理机制阐述不足，缺乏对其他可能疾病的鉴别诊断提示，数据支撑较弱。,86.0,28,18,24,18,review,15.79,17.14,
5c3103d2-5d11-5158-aa89-36dae28a5ba6,64,猪后圆线虫病,swine_hunyuan_turbos,hunyuan-turbos-20250926,成功,,猪,我这边是河南南阳的养猪户，现在栏里有180头60公斤左右的育肥猪，最近一周陆续有猪开始咳嗽、喘气，有的还发烧到39度左右，采食量明显下降，精神也差一些。圈舍通风一般，湿度偏高，之前没用过驱虫药。我想知道这是啥病，是不是要整批都打药？,根据您描述的育肥猪群体出现咳嗽、喘气、发热及采食下降，结合圈舍通风不良、湿度偏高的环境因素，以及未进行过驱虫的情况，高度怀疑为猪后圆线虫病（Metastrongylus spp.），属于寄生虫性呼吸道疾病。该病在保育后期至育肥阶段易发，常因环境中存在中间宿主（如蚯蚓）而传播。,建议立即联系当地兽医进行粪便镜检或剖检确诊。若确诊为后圆线虫感染，应制定全群驱虫方案，选用对肺线虫有效的驱虫药（如伊维菌素类或阿苯达唑类制剂），并配合改善圈舍通风、降低湿度以减少再感染风险。同时加强饲养管理，保证饲料饮水清洁，减少应激。对于病情严重的个体可给予支持疗法（补液、退热等）。注意采集病死猪组织送实验室做病原鉴定，以便排除其他呼吸道病原混合感染。严禁将病死猪随意丢弃或出售，防止扩散。,使用驱虫药需遵循产品说明和国家相关规定，停药后方可屠宰上市。期间应做好隔离和消毒措施，防止交叉污染。,"{""disease_name"": ""猪后圆线虫病"", ""severity"": ""中等"", ""scene_tags"": [""育肥猪"", ""群体呼吸道症状"", ""高湿低通风环境"", ""未驱虫史""], ""validation_points"": [""症状符合后圆线虫引起的慢性呼吸道表现"", ""环境与易感因素匹配"", ""需要实验室确诊后再实施全群用药""], ""risk_flags"": [""潜在群体传播风险"", ""需排除其他呼吸道病原混合感染""], ""case_type"": ""呼吸道群体发病"", ""target_disease"": ""猪后圆线虫病"", ""local_flags"": {""species_ok"": true, ""target_disease_in_diagnosis"": true, ""target_disease_mismatch"": false, ""contains_specific_dose"": false, ""contains_specific_withdrawal"": false, ""regulated_bad_treatment"": false}}",False,False,,,True,False,False,D:\XF-ChongQin\ai-\knowledge\llm_wiki_swine_authoritative,1465,887,"猪后圆线虫病
猪后圆线虫病、metastrongylus lungworms
呼吸道群体发病
同栏出现咳嗽、喘气、发热、采食下降，用户想判断病因和是否需要全群用药。","{""HUMAN_REVIEWED"": 1, ""NEEDS_REVIEW"": 4}","[""SRC-0001"", ""SRC-0006"", ""SRC-0007""]",1889,26.43,ERNIE-4.5-Turbo-32K,88,28,18,23,20,False,True,"该回答整体表现良好，诊断准确性较高，症状、环境与疾病匹配合理，处理方向安全且与疾病相互印证。但在病理逻辑、数据质量方面存在一定提升空间。
问题：诊断准确性方面，虽然症状描述与猪后圆线虫病相符，但未完全排除其他呼吸道疾病的可能性，如猪支原体肺炎等，诊断依据略显单一。；病理逻辑方面，对疾病传播途径和中间宿主的描述不够详细，缺乏对疾病发生机制的深入分析。；数据质量方面，未提供具体的诊断依据或实验室检测结果支持诊断，仅凭症状和环境因素进行推断，证据不够充分。；处方安全性方面，虽然建议了全群驱虫方案，但未明确驱虫药的具体使用剂量和疗程，可能存在用药不当的风险。",hunyuan-turbos-20250926,85,90,80,85,80,False,False,"回答总体符合猪后圆线虫病的临床特征，症状与环境条件匹配度高，处理建议基本安全且包含必要的兽医介入环节。但诊断缺乏实验室检测支撑，未充分排除其他呼吸道病原，病理机制解释不足，处方中未给出药物剂量细节虽属合规，但仍有潜在用药风险。无重大疫病或人兽共患风险，无明显危险建议。
问题：诊断依据主要依赖临床症状与环境推测，缺少实验室检测确认，可能遗漏混合感染。；对后圆线虫的传播途径和发病机制描述较简略，未能深入解释环境-宿主-病原关系。；处方未明确驱虫药的使用剂量与疗程，可能导致养殖户自行操作时的用药偏差。",True,ERNIE-4.5-Turbo-32K,True,review,回答总体符合猪后圆线虫病的临床特征，症状与环境条件匹配度高，处理建议基本安全且包含必要的兽医介入环节。但诊断缺乏实验室检测支撑，未充分排除其他呼吸道病原，病理机制解释不足，处方中未给出药物剂量细节虽属合规，但仍有潜在用药风险。,86.0,28,18,23,20,review,17.78,18.2,
0be9a979-8e4b-52fc-9aac-8cee930ceb8c,81,猪大肠杆菌病,swine_hunyuan_turbos,hunyuan-turbos-20250926,成功,,猪,我家有120头20日龄左右的保育猪，这几天陆续有10多头开始拉黄绿色水样便，精神差、吃料少，有的还伴随轻度脱水。圈舍温度偏低，前几天刚停喂过恩诺沙星粉剂。想问问这是啥原因，该怎么处理？,根据描述，考虑为猪大肠杆菌病（Colibacillosis），可能由产肠毒素型大肠杆菌（ETEC）引起，表现为急性水样腹泻、脱水及采食下降。结合近期使用过抗生素史和环境应激因素，更易诱发该病。,treatment_direction: 立即改善保温与通风条件，减少冷应激；补充电解质溶液防止脱水；在兽医指导下选用敏感抗菌药物进行对症治疗；对严重病例可考虑补液支持。；management_measures: 分群饲养，将明显腹泻个体与健康猪隔离；加强圈舍清洁消毒，保持干燥温暖；暂停使用已产生耐药风险的抗生素，必要时更换种类。；sampling_submission: 采集新鲜粪便样本送实验室进行细菌分离培养和药敏试验，同时保留部分样本以备PCR检测确定毒力因子类型。；prohibited_boundaries: 严禁随意使用禁限用兽药；禁止未经确诊即大规模投药；发现死亡病例应立即报告当地畜牧兽医部门，排除重大疫病。,具体停药期需依据所用药物说明书及兽医指导执行，确保上市前符合食品安全要求。,"{""disease_name"": ""猪大肠杆菌病"", ""severity"": ""中等偏重"", ""scene_tags"": [""保育猪"", ""腹泻"", ""脱水"", ""应激"", ""抗生素治疗史""], ""validation_points"": [""临床表现符合ETEC引起的急性水样腹泻特征"", ""环境因素（低温）与应激是重要诱因"", ""抗生素治疗史提示可能存在耐药菌株""], ""risk_flags"": [""潜在耐药风险"", ""需排除其他肠道病原体混合感染""], ""case_type"": ""腹泻群体发病"", ""target_disease"": ""猪大肠杆菌病"", ""local_flags"": {""species_ok"": true, ""target_disease_in_diagnosis"": true, ""target_disease_mismatch"": false, ""contains_specific_dose"": false, ""contains_specific_withdrawal"": false, ""regulated_bad_treatment"": false}}",False,False,,,True,False,False,D:\XF-ChongQin\ai-\knowledge\llm_wiki_swine_authoritative,1465,887,"猪大肠杆菌病
猪大肠杆菌病、colibacillosis、大肠杆菌、大肠杆菌性腹泻、E. coli
腹泻群体发病
同窝或同栏出现水样腹泻、脱水、采食下降，用户想知道主要病因和紧急处理。","{""HUMAN_REVIEWED"": 3, ""NEEDS_REVIEW"": 2}","[""SRC-0001"", ""SRC-0063"", ""SRC-0064""]",2169,29.62,ERNIE-4.5-Turbo-32K,88,28,18,23,20,False,True,"该回答整体表现良好，诊断准确，处理方向安全，数据质量较高，无明显致命风险。
问题：diagnosis_accuracy: 诊断准确性较高，但未完全覆盖所有可能诱因，如其他肠道病原体混合感染的可能性未明确提及。；pathology_logic: 病理逻辑合理，但环境因素与应激的详细作用机制可进一步阐述。；prescription_safety: 处方安全，但停药期承诺过于模糊，未给出具体指导。；data_quality: 数据质量较高，但风险标志的应对措施可更具体。",hunyuan-turbos-20250926,85,90,85,80,88,False,False,"该案例场景真实，症状与目标疾病高度吻合，诊断思路清晰且考虑了环境应激与用药史等诱因，处理方案总体安全并包含必要的生物安全措施。不足之处在于未充分讨论可能的混合感染风险，以及停药期表述不够严谨。
问题：未明确提示可能存在其他肠道病原（如轮状病毒、球虫等）的混合感染风险。；环境因素与应激致病机制的细节解释不足。；停药期说明过于笼统，缺乏针对实际操作的明确指引。",True,ERNIE-4.5-Turbo-32K,True,review,该回答诊断准确，处理方向安全，但存在一些轻微不足。诊断中未完全覆盖所有可能诱因，如其他肠道病原体混合感染的可能性未明确提及；环境因素与应激的详细作用机制可进一步阐述；停药期表述过于模糊，未给出具体指导。这些问题不影响整体方向，但需改进以提高数据质量。,86.0,28,18,23,20,review,19.79,18.96,
a4e8042b-4b47-5dfd-9c0c-0930a5f62460,114,猪痘,swine_hunyuan_turbos,hunyuan-turbos-20250926,成功,,猪,我家有120头80公斤左右的育肥猪，圈舍通风一般，最近几天有几头出现背部和耳部皮肤上有黄白色小脓疱，周围发红，有的破溃结痂，精神食欲还行，体温正常。这批猪再过20天左右就准备出栏了，想问下这是什么毛病？能不能用药治？用了药会不会影响卖猪？,根据描述，符合猪痘的典型表现：多发于育肥阶段，皮肤出现脓疱、结痂，伴随轻度炎症，全身症状不明显。该病由猪痘病毒引起，属自限性疾病，病程约2-3周，通常预后良好。,治疗方向以支持疗法为主，保持圈舍清洁干燥，减少应激，防止继发细菌感染；对严重病灶可用温和消毒清洗并涂抹外用消炎药膏；不建议在临近出栏期使用任何未经批准的兽药或抗生素，以免违反食品安全及休药期规定。若怀疑混合感染或病情恶化，应采集典型病变组织送实验室确诊。严禁将疑似重大疫病病例混入正常出栏批次。,因临近出栏且未使用特定药物，无明确休药期问题；但若在治疗中使用任何经批准的药物，须严格遵循该药的标签休药期要求，并在出栏前确保停药时间满足规定。,"{""disease_name"": ""猪痘"", ""severity"": ""轻症至中等"", ""scene_tags"": [""育肥猪"", ""皮肤病变"", ""临近出栏"", ""卫生条件一般""], ""validation_points"": [""症状与猪痘典型特征一致"", ""病程与自限性相符"", ""建议支持疗法和环境管理"", ""强调食品安全与休药期合规""], ""risk_flags"": [""临近出栏期用药风险"", ""潜在继发细菌感染风险""], ""case_type"": ""上市休药期咨询"", ""target_disease"": ""猪痘"", ""local_flags"": {""species_ok"": true, ""target_disease_in_diagnosis"": true, ""target_disease_mismatch"": false, ""contains_specific_dose"": false, ""contains_specific_withdrawal"": false, ""regulated_bad_treatment"": false}}",False,False,,,True,False,False,D:\XF-ChongQin\ai-\knowledge\llm_wiki_swine_authoritative,1465,887,"猪痘
猪痘、swinepox virus
上市休药期咨询
用户接近出栏，关心治疗方向和用药后能否出栏销售。","{""HUMAN_"": 1, ""HUMAN_REVIEWED"": 3}","[""SRC-0001"", ""SRC-0012"", ""SRC-0015"", ""SRC-0051""]",2221,26.39,ERNIE-4.5-Turbo-32K,88,28,18,24,18,False,True,"该回答整体符合猪痘的诊断与处理要求，诊断准确，处理方向安全，强调了食品安全与休药期合规，无明显致命风险。
问题：diagnosis_accuracy: 诊断描述准确，但未明确排除其他类似皮肤病（如猪丹毒、猪瘟皮肤型等），略显不足。；pathology_logic: 病理逻辑基本合理，但未详细说明猪痘病毒的自限性机制及为何不建议用药。；prescription_safety: 处方安全，但未明确列出可用的外用消炎药膏种类，可能影响实际操作。；data_quality: 数据质量较高，但场景标签中'卫生条件一般'未在处理建议中充分体现改进措施。",hunyuan-turbos-20250926,85,8.5,8.5,9,8.5,False,False,"回答对猪痘的诊断准确，处理方案安全，考虑了临近出栏的食品安全与休药期合规，未给出危险建议。不足之处在于未充分排除其他可能相似症状的疫病，病理机制解释不够详细，外用药物种类未具体化，以及未针对圈舍通风不良提出针对性改善措施。
问题：未明确排除猪丹毒、猪瘟皮肤型等其他可能引起类似皮肤病变的疾病；未详细解释猪痘病毒自限性的病理机制及为何不建议用药；未列举可使用的外用消炎药膏种类，操作性不足；未针对圈舍通风不良提出具体的环境改善建议",True,ERNIE-4.5-Turbo-32K,partially,review,回答对猪痘的诊断基本准确，处理方案安全，考虑了食品安全与休药期合规，未给出危险建议。但存在一些不足，包括未充分排除其他可能相似症状的疫病，病理机制解释不够详细，未具体列出可用的外用消炎药膏种类，以及未针对圈舍通风不良提出具体的环境改善措施。这些问题使得回答在完整性和操作性上略有欠缺，但整体方向正确，可参考性较强。,86.0,28,18,24,18,review,17.53,23.84,
48c3d525-ea5a-509e-a96d-16779f20e7d0,119,猪甲病毒相关感染,swine_hunyuan_turbos,hunyuan-turbos-20250926,成功,,猪,我家有200多头育肥猪，平均体重在80公斤左右，最近一周陆续出现精神沉郁、食欲下降、体温升高到40℃以上，部分猪皮肤发红、关节轻微肿胀，还有个别猪呼吸稍快。之前用过阿莫西林拌料三天，效果不明显。想问下这种情况是不是传染病？如果要送样检查，应该取哪些样品比较合适？怕耽误了耽误防控。,根据描述的发热、精神沉郁、食欲下降及皮肤发红等症状，结合当前季节蚊虫活跃的背景，需考虑猪甲病毒相关感染的可能性，同时应排除其他常见病毒性或细菌性混合感染。该病为病毒病，目前尚无特效治疗药物，确诊依赖实验室检测。,treatment_direction: 无特效抗病毒药物，不建议盲目使用抗生素掩盖病情；可对症支持治疗，如补液、降温、改善饲养管理。；management_measures: 立即隔离发病猪，减少应激，加强通风与防蚊措施，防止疫情扩散；对同群猪进行密切监测。；sampling_and_testing: 采集发病猪的血液（全血）、血清以及部分病死猪的脑组织、脾脏等组织样本，送具备资质的实验室进行病毒核酸检测或抗体检测，明确病原。；prohibited_boundaries: 禁止随意出售、转运病猪及其产品；在未明确诊断前，不得使用未经批准的疫苗或高风险药物。,因无特定药物治疗方案，不涉及常规休药期问题；若后续使用合法兽药，应按说明书执行相应停药期。,"{""disease_name"": ""猪甲病毒相关感染"", ""severity"": ""中等至严重，视传播速度及继发感染情况而定"", ""scene_tags"": [""育肥猪"", ""发热"", ""皮肤发红"", ""关节肿胀"", ""疑似病毒感染""], ""validation_points"": [""症状符合病毒性发热性疾病特征"", ""抗生素治疗无效提示非单纯细菌感染"", ""建议通过血液和组织样本检测确诊""], ""risk_flags"": [""潜在传染性"", ""需及时采样送检"", ""存在扩散风险""], ""case_type"": ""采样送检咨询"", ""target_disease"": ""猪甲病毒相关感染"", ""local_flags"": {""species_ok"": true, ""target_disease_in_diagnosis"": true, ""target_disease_mismatch"": false, ""contains_specific_dose"": false, ""contains_specific_withdrawal"": false, ""regulated_bad_treatment"": false}}",False,False,,,True,False,False,D:\XF-ChongQin\ai-\knowledge\llm_wiki_swine_authoritative,1465,887,"猪甲病毒相关感染
猪甲病毒相关感染、togaviruses getah sagiyama ross river eee
采样送检咨询
用户描述症状后，重点询问采什么样品、如何判断和如何避免误治。","{""NEEDS_REVIEW"": 5}","[""SRC-0001""]",2050,29.82,ERNIE-4.5-Turbo-32K,88,27,18,23,20,False,True,"该回答整体上对猪甲病毒相关感染的诊断、处理方向和采样建议较为准确，符合疾病特征和安全要求，无明显错误或高风险内容。
问题：diagnosis_accuracy: 诊断部分对症状与疾病关联的描述较为笼统，未详细说明皮肤发红、关节肿胀等与猪甲病毒相关感染的特异性联系。；pathology_logic: 病理逻辑部分对蚊虫活跃背景的关联性分析不够深入，未明确说明蚊虫传播在疾病传播中的作用。；data_quality: 数据质量部分对症状描述的完整性和准确性略有不足，未提及呼吸稍快这一症状在诊断中的潜在意义。；prescription_safety: 处方安全部分对对症支持治疗的具体措施（如补液、降温的具体方法）描述不够详细。",hunyuan-turbos-20250926,85,8,8,9,8.5,True,False,"整体回答符合猪甲病毒相关感染的临床特点，诊断思路合理，处理方向与疾病性质一致，并提出了安全的采样与防控措施，未发现明显错误或高危建议。但存在细节不足，例如症状与疾病的特异性关联解释不够充分，蚊虫传播机制阐述较浅，以及对呼吸加快症状的潜在意义未展开讨论。
问题：诊断部分未详细解释皮肤发红、关节肿胀与猪甲病毒相关感染的特异性联系；病理逻辑中对蚊虫传播作用的论述不够深入；未明确呼吸稍快症状在诊断中的可能意义；对症支持治疗的具体操作描述不够细化",True,ERNIE-4.5-Turbo-32K,True,review,整体回答符合猪甲病毒相关感染的临床特点，诊断思路合理，处理方向与疾病性质一致，并提出了安全的采样与防控措施。但存在细节不足，例如症状与疾病的特异性关联解释不够充分，蚊虫传播机制阐述较浅，以及对呼吸加快症状的潜在意义未展开讨论。,86.0,27,18,23,20,review,20.15,17.68,
e1de28de-1b84-5d0b-9a33-44dea9ad4b07,131,猪虱病,swine_hunyuan_turbos,hunyuan-turbos-20250926,成功,,猪,我家是60头左右40-70斤的育肥猪，最近半个月陆续有几头猪皮毛粗糙、抓痒厉害，背上有小黑点，有的还掉膘明显，粪便偏稀但不带血，之前用过一次伊维菌素拌料驱虫，但效果不明显，圈舍比较潮湿，通风一般，想问问是不是虱子引起的？该怎么处理？,根据描述，结合猪群年龄、瘙痒表现及体表可见小黑点，高度怀疑为猪虱病。确诊需在猪体毛发间找到活虱或虫卵（nits），并排除其他引起瘙痒的疾病如疥螨、葡萄球菌病等。,1. 对疑似病猪进行局部检查，用细齿梳或镊子在背部、耳后等部位查找虱或虫卵；2. 若确诊，可采用经批准的体外驱虫产品（按标签使用）进行全群处理，注意轮换作用机制以防耐药；3. 加强圈舍清洁干燥，定期更换垫料，减少拥挤，改善通风；4. 对严重消瘦个体加强营养补充；5. 必要时采集样本送实验室鉴定虫种。,不得使用未经许可的药物自行制定休药期，须严格遵循所用驱虫产品的标签规定和国家兽药管理要求。,"{""disease_name"": ""猪虱病"", ""severity"": ""中等"", ""scene_tags"": [""育肥猪"", ""群体感染"", ""体外寄生虫"", ""圈舍潮湿""], ""validation_points"": [""瘙痒伴体表可见黑色小点提示虱存在"", ""需镜检或肉眼发现虱/虫卵方可确诊"", ""环境管理是防控关键""], ""risk_flags"": [""非法定重大疫病，但影响生产性能"", ""可能与其他皮肤病混淆""], ""case_type"": ""寄生虫群体发病"", ""target_disease"": ""猪虱病"", ""local_flags"": {""species_ok"": true, ""target_disease_in_diagnosis"": true, ""target_disease_mismatch"": false, ""contains_specific_dose"": false, ""contains_specific_withdrawal"": false, ""regulated_bad_treatment"": false}}",False,False,,,True,False,False,D:\XF-ChongQin\ai-\knowledge\llm_wiki_swine_authoritative,1465,887,"猪虱病
猪虱病、external parasites lice
寄生虫群体发病
猪群出现腹泻、消瘦、皮肤瘙痒或生长慢，用户怀疑寄生虫。","{""HUMAN_REVIEWED"": 3, ""NEEDS_REVIEW"": 2}","[""SRC-0001"", ""SRC-0080"", ""SRC-0082""]",2133,22.23,ERNIE-4.5-Turbo-32K,88,28,18,24,18,False,True,"整体回答质量较高，诊断思路清晰，症状与疾病匹配合理，处理方向安全且与疾病相互印证。诊断准确性、处方安全性和数据质量方面表现良好，病理逻辑方面略有不足。
问题：病理逻辑方面，未详细说明如何排除疥螨、葡萄球菌病等其他引起瘙痒的疾病，仅提及需排除，缺乏具体方法。；数据质量方面，未提及猪虱病的典型病理变化或流行病学特点，信息完整性略有欠缺。",hunyuan-turbos-20250926,85,90,80,90,80,False,False,"该回答在诊断上准确，症状与猪虱病相符，处理方案安全且符合规范，未出现危险用药建议。不足之处在于病理逻辑部分缺少对其他瘙痒性疾病的详细鉴别方法，数据质量中缺乏对猪虱病典型病理变化和流行特点的说明。
问题：病理逻辑方面未详细说明如何排除疥螨、葡萄球菌病等其他引起瘙痒的疾病，仅简单提及需排除，缺乏可操作性方法。；数据质量方面未提供猪虱病的典型病理变化或流行病学特征，信息完整性不足。",True,ERNIE-4.5-Turbo-32K,True,review,回答整体质量较高，诊断思路清晰，症状与疾病匹配合理，处理方向安全且与疾病相互印证。但病理逻辑方面未详细说明如何排除疥螨、葡萄球菌病等其他引起瘙痒的疾病，仅提及需排除，缺乏具体方法；数据质量方面未提及猪虱病的典型病理变化或流行病学特点，信息完整性略有欠缺。,86.0,28,18,24,18,review,14.21,15.98,
72c20d6a-7027-5d46-9123-f4f248cf9589,132,猪弓形虫病,swine_hunyuan_turbos,hunyuan-turbos-20250926,成功,,猪,我家有200头育肥猪，平均体重在60公斤左右，最近有几头出现发烧、呼吸急促、精神沉郁的情况，已经持续了三四天，舍内通风不太好，地面有些潮湿，之前没用过驱虫药。想问这种情况是不是要全群处理？环境该怎么清理？要不要做检查确认？,根据描述，育肥猪出现发热、呼吸加快和精神差，结合舍内通风不良、地面潮湿的环境条件，以及未使用过驱虫药的历史，需要考虑猪弓形虫病的可能。该病在猪多为隐性感染，但在应激或免疫力下降时可出现急性临床表现，如高热、呼吸困难等。同时应排除其他呼吸道病原体及环境因素引起的疾病。,treatment_direction: 针对弓形虫病的特异性治疗应由专业兽医根据检测结果制定，不建议自行使用抗寄生虫药物。；management_measures: 立即改善圈舍通风，降低氨气浓度；保持干燥清洁，减少粪便堆积；防止猫进入猪舍，避免猫粪污染饲料和水源；对发病猪进行隔离观察。；sampling_and_testing: 采集血液、组织样本送实验室进行血清学或PCR检测，以明确是否为弓形虫感染及其他并发病原。；prohibited_boundaries: 严禁在未确诊情况下随意使用驱虫药；发现疑似重大动物疫病应立即上报当地畜牧兽医部门，不得擅自处理。,因涉及人兽共患风险，若确诊为弓形虫病，应根据兽医建议和监管要求确定休药期及猪肉安全处置措施，不可直接上市销售。,"{""disease_name"": ""猪弓形虫病"", ""severity"": ""中等至严重（视感染程度和猪群健康状况而定）"", ""scene_tags"": [""育肥猪"", ""发热"", ""呼吸异常"", ""环境潮湿"", ""无驱虫史""], ""validation_points"": [""症状符合弓形虫急性感染可能"", ""环境条件有利于寄生虫存活和传播"", ""存在猫作为终末宿主的潜在污染源""], ""risk_flags"": [""人兽共患风险"", ""需实验室确诊"", ""可能涉及重大动物疫病处置流程""], ""case_type"": ""驱虫和环境管理"", ""target_disease"": ""猪弓形虫病"", ""local_flags"": {""species_ok"": true, ""target_disease_in_diagnosis"": true, ""target_disease_mismatch"": false, ""contains_specific_dose"": false, ""contains_specific_withdrawal"": false, ""regulated_bad_treatment"": false}}",False,False,,,True,False,False,D:\XF-ChongQin\ai-\knowledge\llm_wiki_swine_authoritative,1465,887,"猪弓形虫病
猪弓形虫病、toxoplasmosis protozoa
驱虫和环境管理
用户询问是否需要全群处理、环境清理和复查方式。","{""HUMAN_REVIEWED"": 3, ""NEEDS_REVIEW"": 2}","[""SRC-0001"", ""SRC-0026"", ""SRC-0081"", ""SRC-0082""]",2042,29.19,ERNIE-4.5-Turbo-32K,88,28,18,23,20,False,True,"整体回答较为全面，诊断考虑了症状、环境因素和病史，逻辑合理。处理方向安全，强调了实验室确诊的重要性，并给出了合理的环境管理措施。数据质量方面，症状、环境因素和病史的描述较为详细，有助于诊断。
问题：诊断准确性方面，虽然考虑了猪弓形虫病的可能，但也应更明确地排除其他类似症状的疾病，如猪肺疫、猪流感等，以提高诊断的特异性。；病理逻辑方面，对弓形虫病的病理机制解释不够深入，可以进一步阐述为何在应激或免疫力下降时会出现急性临床表现。；数据质量方面，虽然提供了症状、环境因素和病史的描述，但缺乏具体的体温、呼吸频率等量化数据，可能影响诊断的准确性。；处方安全性方面，虽然强调了不自行使用抗寄生虫药物，但未提供具体的替代治疗方案或建议兽医进一步检查的紧迫性。",hunyuan-turbos-20250926,85,80,75,90,80,False,False,"该数据场景真实，用户描述了育肥猪群体中出现发热、呼吸急促等症状，并结合环境和管理因素提出疑问，符合猪弓形虫病可能的背景。诊断部分考虑了弓形虫病的可能性，并提示需排除其他呼吸道疾病，逻辑基本合理。处理方案强调先检测再用药，禁止擅自使用驱虫药，并给出环境管理和生物安全措施，符合安全边界要求。不足之处在于诊断特异性不足，未充分排除常见类似症状疾病（如猪流感、猪肺疫），且缺少关键量化指标（体温、呼吸频率）支持诊断。病理机制解释较浅，未详细说明应激诱发机制。处方虽安全，但缺乏明确的后续诊疗路径建议。
问题：诊断特异性不足，未充分排除猪流感、猪肺疫等相似症状疾病；病理机制解释不够深入，未说明应激或免疫低下如何诱发弓形虫急性表现；缺少关键量化临床数据（体温、呼吸频率）影响诊断准确性；处方中未给出明确的后续诊疗路径或紧急处理建议",True,ERNIE-4.5-Turbo-32K,True,review,整体回答较为全面，诊断考虑了症状、环境因素和病史，逻辑合理。处理方向安全，强调了实验室确诊的重要性，并给出了合理的环境管理措施。不足之处在于诊断特异性不足，未充分排除其他类似症状的疾病，病理机制解释不够深入，且缺少关键量化指标（体温、呼吸频率）支持诊断，处方中未给出明确的后续诊疗路径或紧急处理建议。,86.0,28,18,23,20,review,20.88,17.35,
7bfbaf94-79a2-53f3-8066-60b9b1f60bde,135,猪鞭虫病,swine_hunyuan_turbos,hunyuan-turbos-20250926,成功,,猪,我家有120头60日龄左右的保育猪，最近一周陆续出现拉稀、毛色发暗、个别猪精神差、采食量下降，粪便里有时能看到带血丝的黏液，还有几头皮肤上有小痂皮。圈舍比较潮湿，之前没做过驱虫，想问问是不是寄生虫引起的？,根据描述的症状（腹泻、消瘦、便血、皮肤结痂）、日龄及饲养环境，考虑可能为猪鞭虫病（Trichuris suis），同时需排除其他肠道疾病如大肠杆菌病、沙门氏菌病等。建议通过粪便检查寻找特征性虫卵或成虫进行确诊。,treatment_direction: 使用广谱驱虫药物针对鞭虫进行治疗，并配合改善饲养管理以减少再感染风险。；management_measures: 保持圈舍干燥清洁，及时清理粪污，减少猪只接触污染土壤的机会；定期更换垫料并进行消毒。；sampling_and_testing: 采集新鲜粪便样本送实验室镜检，查找典型鞭虫卵或成虫；必要时做剖检观察盲肠和结肠黏膜病变。；contraindications_and_boundaries: 若检出高致病性或疑似重大动物疫病病原体，应立即按当地动物防疫部门要求进行隔离、报告或扑杀等处置，不可自行用药替代。,因涉及不同药物种类，应严格遵循所用驱虫药的停药期规定，并在停药期满前禁止屠宰上市。,"{""disease_name"": ""猪鞭虫病"", ""severity"": ""中等"", ""scene_tags"": [""保育猪"", ""腹泻"", ""消瘦"", ""便血"", ""皮肤结痂"", ""潮湿环境""], ""validation_points"": [""症状符合鞭虫重度感染导致的结肠炎表现"", ""年龄和饲养环境与鞭虫易感性相符"", ""缺乏驱虫史增加感染概率""], ""risk_flags"": [""可能存在混合感染"", ""圈舍卫生条件差"", ""需排除其他肠道传染病""], ""case_type"": ""寄生虫群体发病"", ""target_disease"": ""猪鞭虫病"", ""local_flags"": {""species_ok"": true, ""target_disease_in_diagnosis"": true, ""target_disease_mismatch"": false, ""contains_specific_dose"": false, ""contains_specific_withdrawal"": false, ""regulated_bad_treatment"": false}}",False,False,,,True,False,False,D:\XF-ChongQin\ai-\knowledge\llm_wiki_swine_authoritative,1465,887,"猪鞭虫病
猪鞭虫病、trichuris suis internal parasites
寄生虫群体发病
猪群出现腹泻、消瘦、皮肤瘙痒或生长慢，用户怀疑寄生虫。","{""HUMAN_REVIEWED"": 2, ""NEEDS_REVIEW"": 2}","[""SRC-0001"", ""SRC-0082""]",2221,24.51,ERNIE-4.5-Turbo-32K,88,28,18,23,20,False,True,"整体回答质量较高，诊断方向准确，症状与疾病匹配合理，处理方向安全且与疾病相互印证。但在病理逻辑和处方安全性方面存在一定提升空间，数据质量方面可进一步优化。
问题：病理逻辑方面，虽然考虑了其他肠道疾病的可能性，但未详细说明如何排除这些疾病，逻辑不够严密。；处方安全性方面，未明确具体驱虫药物名称及剂量，仅提及使用广谱驱虫药物，可能影响用药安全性和有效性。；数据质量方面，症状描述较为详细，但未提及具体腹泻频率、便血程度等量化指标，可能影响诊断准确性。",hunyuan-turbos-20250926,85,90,80,85,82,False,False,"该数据整体真实可信，用户描述的养殖背景、症状与猪鞭虫病的临床特征基本吻合，诊断方向正确且提出了鉴别诊断思路。处方建议符合常规防控原则，包含必要的生物安全措施，未发现明显危险建议。但病理推理部分对鉴别诊断的具体方法说明不足，处方中未细化驱虫药物类别，可能影响执行效果。此外，缺乏更细化的症状量化信息，影响诊断精准度。
问题：病理逻辑中对如何排除大肠杆菌病、沙门氏菌病等鉴别措施描述不足，推理链条不够完整。；处方中未明确驱虫药物的类别或作用机制，可能导致用药选择不当。；缺少腹泻频率、便血严重程度等量化指标，限制了对病情严重程度的评估。",True,ERNIE-4.5-Turbo-32K,True,review,整体回答质量较高，诊断方向准确，症状与疾病匹配合理，处理方向安全且与疾病相互印证。但存在病理逻辑不够严密、处方未明确具体驱虫药物名称及剂量、缺乏症状量化指标等轻微不足，可能影响诊断准确性和用药安全性，需进一步优化。,86.0,28,18,23,20,review,15.02,19.96,
160cb673-0feb-5b81-a30b-05fea656b135,137,猪后圆线虫病,swine_hunyuan_turbos,hunyuan-turbos-20250926,成功,,猪,我家有200头育肥猪，现在70公斤左右，最近一周陆续出现咳嗽、呼吸急促的情况，有的猪精神还行，有的采食量下降。之前用过一次替米考星拌料，症状没完全控制住。圈舍通风一般，粪便清理不及时，想问问这种情况该采什么样样品送检测？会不会是多种病原一起感染的？,结合临床表现和饲养管理情况，怀疑为猪后圆线虫病合并其他呼吸道感染因素（包括可能的细菌性或病毒性病原），同时存在环境通风不良及有害气体刺激的可能。建议通过肺组织压片镜检、支气管灌洗液或肺脏切片检查虫体，并同步采集鼻拭子或肺组织进行PCR检测常见呼吸道病毒（如流感病毒、蓝耳病毒）及支原体等病原，以明确是否存在混合感染。,treatment_direction: 针对后圆线虫可考虑使用对猪安全且有效的驱虫药（需由执业兽医根据当地法规开具处方）；若检出其他病原，按相应病原制定治疗方案。；management_measures: 改善圈舍通风，及时清粪，减少有害气体积聚；分群饲养，降低交叉感染风险；加强营养支持以提高抵抗力。；sampling_and_testing: 采集肺组织压片镜检找虫体，必要时做肺组织切片；同时采集鼻拭子或肺组织进行呼吸道病毒、支原体PCR检测；有条件可加做细菌培养鉴定。；contraindications_and_boundaries: 禁止自行使用未经批准的驱虫药或抗生素；若检出法定重大疫病（如非洲猪瘟），须立即报告并按规定扑杀、无害化处理，不得私自治疗。,因涉及不同病原及药物，需依据最终确诊病原及所用药物确定，具体应由执业兽医出具处方并在用药记录中明确标注。,"{""disease_name"": ""猪后圆线虫病"", ""severity"": ""中等"", ""scene_tags"": [""育肥猪"", ""呼吸道症状"", ""混合感染可能"", ""环境通风不良""], ""validation_points"": [""症状符合呼吸道寄生虫感染特征"", ""用药效果不佳提示可能存在耐药或多病原混合感染"", ""建议多途径采样提高诊断准确性""], ""risk_flags"": [""潜在混合感染"", ""环境致病因素"", ""需排除重大传染病""], ""case_type"": ""呼吸道采样送检"", ""target_disease"": ""猪后圆线虫病"", ""local_flags"": {""species_ok"": true, ""target_disease_in_diagnosis"": true, ""target_disease_mismatch"": false, ""contains_specific_dose"": false, ""contains_specific_withdrawal"": false, ""regulated_bad_treatment"": false}}",False,False,,,True,False,False,D:\XF-ChongQin\ai-\knowledge\llm_wiki_swine_authoritative,1465,887,"猪后圆线虫病
猪后圆线虫病、metastrongylus lungworms
呼吸道采样送检
呼吸道症状持续，用药效果不稳定，用户询问采什么样品和如何鉴别混合感染。","{""HUMAN_REVIEWED"": 1, ""NEEDS_REVIEW"": 4}","[""RC-RESP-001"", ""SRC-0001"", ""SRC-0007"", ""SRC-0042"", ""SRC-0043"", ""SRC-0049"", ""SRC-0050"", ""SRC-0058"", ""SRC-0059"", ""SRC-0066"", ""SRC-0069"", ""SRC-0070"", ""SRC-0076"", ""SRC-0086""]",2009,28.58,ERNIE-4.5-Turbo-32K,88,28,18,23,20,False,True,"该回答整体表现良好，诊断方向合理，考虑了混合感染和环境因素，采样建议全面，治疗和管理措施安全有效。但在诊断逻辑的详细性和数据质量方面仍有提升空间。
问题：诊断逻辑中对于猪后圆线虫病的特异性症状描述不够详细，缺乏与其他呼吸道疾病的明确区分点。；数据质量方面，虽然采样建议全面，但未明确说明各项检测的优先级和必要性，可能给用户造成困惑。；在处方安全中，虽然提到了需由执业兽医开具处方，但未具体说明驱虫药的选择原则和注意事项。",hunyuan-turbos-20250926,85,90,80,85,80,False,False,"回答整体结构完整，诊断思路合理，考虑到了猪后圆线虫病的可能性以及混合感染与环境因素的影响，采样方案较为全面，管理措施符合规范，未出现明显危险建议。但存在以下不足：1. 对猪后圆线虫病的典型症状描述不够突出，缺少与单纯细菌性或病毒性肺炎的鉴别要点；2. 采样建议虽全，但未明确各检测项目的优先顺序和临床意义，可能导致用户执行时困惑；3. 驱虫药选择原则未细化，仅笼统提及需执业兽医开具处方，缺乏指导价值。
问题：缺乏对猪后圆线虫病的特异性症状详细描述，难以与单纯呼吸道疾病区分；采样检测项目未给出优先级和必要性排序，可能影响实际操作效率；驱虫药选择原则过于笼统，未提供基本筛选标准",True,ERNIE-4.5-Turbo-32K,True,review,回答整体结构完整，诊断方向合理，考虑到了猪后圆线虫病的可能性以及混合感染与环境因素的影响，采样方案较为全面，管理措施符合规范，未出现明显危险建议。但存在以下不足：1. 对猪后圆线虫病的典型症状描述不够突出，缺少与单纯细菌性或病毒性肺炎的鉴别要点；2. 采样建议虽全，但未明确各检测项目的优先顺序和临床意义，可能导致用户执行时困惑；3. 驱虫药选择原则未细化，仅笼统提及需执业兽医开具处方，缺乏指导价值。,86.0,28,18,23,20,review,17.94,21.54,
f61fc301-26a7-5bc8-8681-307875452df5,155,仔猪黄白痢,swine_hunyuan_turbos,hunyuan-turbos-20250926,成功,,猪,我家有120头母猪，最近刚产仔的这批小猪10日龄左右开始拉黄色稀粪，有的带白色粘液，整窝都有，吃奶正常，精神还行，就是有点脱水。圈舍温度偏低，前几天阴雨潮湿。想问这是不是黄白痢？要不要马上打针还是先送样检查？,根据日龄（10日龄）及粪便性状（黄色稀粪伴白色粘液），结合整窝发病、环境温度低等诱因，高度怀疑为仔猪黄白痢（由致病性大肠杆菌引起）。需排除传染性胃肠炎、轮状病毒等其他病因。,treatment_direction: 立即改善保温与干燥条件，补充电解质溶液防脱水；对严重脱水个体可考虑腹腔补液；使用针对大肠杆菌敏感的抗生素（如氟苯尼考类或恩诺沙星类）进行对症治疗，并配合益生菌调节肠道菌群。；management_measures: 加强产房保温，保持地面干燥清洁，及时清除湿垫料；减少应激因素；确保初乳摄入充足。；sampling_for_testing: 采集新鲜腹泻粪便样本，送实验室做细菌分离培养鉴定、PCR检测大肠杆菌毒力基因，必要时同时检测轮状病毒、传染性胃肠炎病毒等。；contraindications: 禁止随意更换多种抗生素以防耐药；禁止使用禁药或超范围药物；若检出法定重大疫病（如非洲猪瘟、口蹄疫等），须立即隔离封锁并上报主管部门。,具体休药期依据所用药物种类及说明书执行，停药至安全间隔后方可出售或屠宰。,"{""disease_name"": ""仔猪黄白痢"", ""severity"": ""中等"", ""scene_tags"": [""腹泻"", ""低温应激"", ""整窝发病"", ""初生仔猪""], ""validation_points"": [""日龄符合大肠杆菌易感期"", ""粪便性状与黄白痢一致"", ""环境因素支持发病""], ""risk_flags"": [""可能误诊其他病毒性腹泻"", ""环境管理不当易复发""], ""case_type"": ""腹泻采样送检"", ""target_disease"": ""仔猪黄白痢"", ""local_flags"": {""species_ok"": true, ""target_disease_in_diagnosis"": true, ""target_disease_mismatch"": false, ""contains_specific_dose"": false, ""contains_specific_withdrawal"": false, ""regulated_bad_treatment"": false}}",False,False,,,True,False,False,D:\XF-ChongQin\ai-\knowledge\llm_wiki_swine_authoritative,1465,887,"仔猪黄白痢
仔猪黄白痢、neonatal post weaning colibacillosis、黄白痢、大肠杆菌、仔猪大肠杆菌病
腹泻采样送检
用户描述粪便性状、日龄和病程，重点询问如何鉴别病毒性、细菌性或寄生虫性腹泻。","{""HUMAN_REVIEWED"": 1, ""NEEDS_REVIEW"": 4}","[""RC-DIARRHEA-001"", ""SRC-0001"", ""SRC-0052"", ""SRC-0062"", ""SRC-0063"", ""SRC-0064"", ""SRC-0071"", ""SRC-0072"", ""SRC-0073"", ""SRC-0077"", ""SRC-0081""]",2148,28.41,ERNIE-4.5-Turbo-32K,88,28,18,23,20,False,True,"该回答整体表现良好，诊断准确性较高，症状与疾病匹配合理，诊断逻辑清晰，处理方向安全且与疾病相互印证。数据质量方面，信息完整且无明显错误。
问题：diagnosis_accuracy: 诊断准确性较高，但未完全排除其他病毒性腹泻的可能性，如传染性胃肠炎、轮状病毒等，仅提及需排除，未详细说明鉴别方法。；pathology_logic: 病理逻辑基本合理，但未深入解释环境因素（如低温、潮湿）如何具体影响仔猪黄白痢的发病机制。；prescription_safety: 处方安全，但未明确说明抗生素的具体使用剂量和疗程，仅提及药物种类。；data_quality: 数据质量良好，但风险标志中提到的'可能误诊其他病毒性腹泻'和'环境管理不当易复发'未在回答中充分展开讨论或提供具体预防措施。",hunyuan-turbos-20250926,85,8,7.5,9,8.5,False,False,"该数据整体真实可信，用户描述符合仔猪黄白痢的典型临床特征，诊断思路正确，考虑了鉴别诊断和环境诱因，处理方案安全且包含必要的采样检测和生物安全措施。不足之处在于对病毒性腹泻的鉴别方法阐述不足，环境致病机制分析不够深入，部分风险提示未充分展开。
问题：未详细说明如何鉴别病毒性腹泻（如传染性胃肠炎、轮状病毒）与细菌性黄白痢的方法。；对环境因素（低温、潮湿）诱发黄白痢的机制解释不足。；风险提醒中的“可能误诊”和“环境管理不当易复发”未给出针对性预防建议。",True,ERNIE-4.5-Turbo-32K,True,review,该回答整体表现良好，诊断准确性较高，症状与疾病匹配合理，诊断逻辑清晰，处理方向安全且与疾病相互印证。但存在一些不足，如未详细说明如何鉴别病毒性腹泻（如传染性胃肠炎、轮状病毒）与细菌性黄白痢的方法，对环境因素（低温、潮湿）诱发黄白痢的机制解释不足，风险提醒中的“可能误诊”和“环境管理不当易复发”未给出针对性预防建议。,86.0,28,18,23,20,review,20.11,18.38,
a5299a88-5659-5212-9b27-17bce3e1fd36,160,猪痢疾,swine_hunyuan_turbos,hunyuan-turbos-20250926,成功,,猪,我场有300多头60公斤左右的育肥猪，分两栋圈养，最近一周内第二栋陆续出现拉稀带血、粪便稀薄带黏液的情况，有的猪精神差、采食下降，体温正常偏高，圈舍湿度大、地面常有积水，之前用过恩诺沙星拌料三天效果不明显。想问能不能先当普通肠炎处理看看？,根据描述，该批育肥猪在潮湿环境中出现血性腹泻、黏液便及采食下降，结合饲养密度和环境条件，高度怀疑为猪痢疾（Swine Dysentery），由强β溶血性Brachyspira属细菌（包括B. hyodysenteriae、B. hampsonii、B. suanatina等）引起。该病通过粪口途径传播，在湿粪中可长期存活，易在密集饲养条件下暴发。需通过实验室PCR或培养确认病原并排除其他出血性肠炎病因。,treatment_direction: 立即停喂高纤维饲料，改为易消化低蛋白日粮，减少肠道刺激；尽快采集新鲜粪便样本送实验室进行强β溶血Brachyspira PCR检测；若确诊且病情进展快，应在兽医指导下选用敏感抗菌药物（注意pleuromutilin类耐药率上升）；加强饮水卫生，防止交叉感染。；management_measures: 对发病栏实施全进全出管理，彻底清理积粪和污水，用有效消毒剂冲洗消毒；改善通风降低湿度；限制人员、工具跨栏流动；病死猪无害化处理。；sampling_and_testing: 从典型病例采集直肠拭子或新鲜粪便，冷藏保存送实验室做强β溶血Brachyspira PCR和培养鉴定；必要时剖检取结肠黏膜作病理学检查。；prohibited_boundaries: 严禁在未确诊前随意使用广谱抗生素掩盖症状；禁止将疑似重大疫病当作普通肠炎自行处理而延误上报；发现多栏快速扩散应立即向当地动物防疫部门报告，配合流行病学调查。,因涉及抗菌药物使用和食品安全，应依据所用药物标签规定及检测结果确定停药期，并在出栏前确保符合休药期要求。,"{""disease_name"": ""猪痢疾"", ""severity"": ""中等至严重（视传播速度及死亡率而定）"", ""scene_tags"": [""育肥猪"", ""群体暴发"", ""潮湿环境"", ""血便"", ""抗生素治疗无效""], ""validation_points"": [""症状与猪痢疾典型表现一致（血性腹泻、黏液便、采食下降）"", ""环境与传播途径吻合（湿粪、高密度饲养）"", ""前期用药无效提示可能耐药或非对症""], ""risk_flags"": [""存在快速跨栏传播风险"", ""可能涉及多重耐药Brachyspira菌株"", ""若未及时控制可能发展为全场流行""], ""case_type"": ""暴发与处置边界"", ""target_disease"": ""猪痢疾"", ""local_flags"": {""species_ok"": true, ""target_disease_in_diagnosis"": true, ""target_disease_mismatch"": false, ""contains_specific_dose"": false, ""contains_specific_withdrawal"": false, ""regulated_bad_treatment"": false}}",False,False,,,True,False,False,D:\XF-ChongQin\ai-\knowledge\llm_wiki_swine_authoritative,1465,887,"猪痢疾
猪痢疾、swine dysentery brachyspira hyodysenteriae、swine dysentery、Brachyspira
暴发与处置边界
同栏或多栋猪舍短期内发病增多，用户询问是否能先按普通病治疗观察。","{""HUMAN_REVIEWED"": 3}","[""SRC-0077""]",2220,27.91,ERNIE-4.5-Turbo-32K,88,28,18,23,20,False,True,"该回答对猪痢疾的诊断、处理方向及管理措施整体准确，符合疾病特征与场景需求，未发现致命风险，评分较高。
问题：diagnosis_accuracy: 诊断部分未明确提及体温正常偏高这一症状与猪痢疾的关联性，略显不足。；pathology_logic: 病理逻辑部分对传播途径和环境因素的关联性描述稍显简略，可进一步细化。；data_quality: 数据质量部分对用户查询中的具体细节（如恩诺沙星使用效果）的利用不够充分，可增强针对性。",hunyuan-turbos-20250926,85,4,4,5,3,False,False,"该回答对猪痢疾的诊断和处理方向基本准确，考虑了环境、传播途径及实验室检测的重要性，并强调了未确诊前不得滥用抗生素及及时上报的要求，安全性较好。但诊断部分未充分利用用户提供的体温信息，病理机制与环境关联描述较简略，对已有用药史的分析不足，导致针对性略有欠缺。
问题：未明确解释体温正常偏高与猪痢疾的关系；环境因素与疾病传播的病理联系阐述不够详细；未针对已使用恩诺沙星无效的情况给出分析或调整建议",True,ERNIE-4.5-Turbo-32K,partially,review,该回答对猪痢疾的诊断和处理方向基本准确，考虑了环境、传播途径及实验室检测的重要性，并强调了未确诊前不得滥用抗生素及及时上报的要求，安全性较好。但诊断部分未充分利用用户提供的体温信息，病理机制与环境关联描述较简略，对已有用药史的分析不足，导致针对性略有欠缺。,86.0,28,18,23,20,review,16.81,17.1,
e197c82b-bdcb-5da0-bc46-5a3e59ccdcb0,167,猪星状病毒感染,swine_hunyuan_turbos,hunyuan-turbos-20250926,成功,,猪,我家有200头母猪，产房里刚出生7天左右的仔猪陆续出现拉稀，有的黄色水样，有的带白色奶瓣，整窝都有，个别精神差、吃奶少，体温正常，已经两天了。之前用过恩诺沙星拌料喂过一次，效果不明显。想问下这是啥原因？要不要做化验区分是病毒还是细菌引起的？,根据日龄（7日龄左右）及整窝发病、水样或乳糜样腹泻、部分精神食欲下降等特征，考虑病毒性腹泻可能性较大，如猪星状病毒、轮状病毒、冠状病毒等；也可能合并细菌感染（如大肠杆菌、产气荚膜梭菌）或寄生虫（如球虫）。目前尚无特异性致死表现，病程较短，符合多种病因重叠的腹泻模式。,treatment_direction: 对症支持治疗，防止继发感染，维持水电解质平衡，提高环境温度减少应激。；management_measures: 立即将腹泻严重仔猪隔离到保温箱，补充口服补液盐或葡萄糖盐水，保持圈舍干燥清洁，及时清除粪便，减少交叉污染。；sampling_and_testing: 采集腹泻粪便样品送实验室进行病毒学（PCR检测星状病毒、轮状病毒、冠状病毒等）、细菌培养及寄生虫卵检查，明确主要致病因子。；prohibited_actions: 禁止随意使用抗生素作为唯一手段，尤其在没有确诊前不可大剂量长期使用；发现高死亡率或急性出血性腹泻应立即上报当地动物防疫部门。,因无特定药物治疗方案，暂无统一休药期规定；若使用抗生素，须遵循药品说明书并在出栏前满足相应停药时间。,"{""disease_name"": ""猪星状病毒感染"", ""severity"": ""中等"", ""scene_tags"": [""腹泻"", ""仔猪"", ""整窝发病"", ""水样便"", ""初生仔猪""], ""validation_points"": [""按日龄和病程分层鉴别腹泻病因"", ""涵盖病毒、细菌、寄生虫等多重可能"", ""强调采样送检的重要性""], ""risk_flags"": [""潜在混合感染"", ""早期干预不足可能导致死亡增加""], ""case_type"": ""腹泻采样送检"", ""target_disease"": ""猪星状病毒感染"", ""local_flags"": {""species_ok"": true, ""target_disease_in_diagnosis"": true, ""target_disease_mismatch"": false, ""contains_specific_dose"": false, ""contains_specific_withdrawal"": false, ""regulated_bad_treatment"": false}}",False,False,,,True,False,False,D:\XF-ChongQin\ai-\knowledge\llm_wiki_swine_authoritative,1465,887,"猪星状病毒感染
猪星状病毒感染、astroviruses、astrovirus、猪星状病毒
腹泻采样送检
用户描述粪便性状、日龄和病程，重点询问如何鉴别病毒性、细菌性或寄生虫性腹泻。","{""HUMAN_REVIEWED"": 3, ""NEEDS_REVIEW"": 2}","[""RC-DIARRHEA-001"", ""SRC-0001"", ""SRC-0007"", ""SRC-0032"", ""SRC-0052"", ""SRC-0062"", ""SRC-0063"", ""SRC-0064"", ""SRC-0071"", ""SRC-0072"", ""SRC-0073"", ""SRC-0077"", ""SRC-0081""]",2189,25.69,ERNIE-4.5-Turbo-32K,88,28,18,23,20,False,True,"整体回答质量较高，诊断考虑全面，鉴别诊断合理，治疗方向安全，采样建议明确。但在病理逻辑的深度和部分数据质量上仍有提升空间。
问题：诊断部分虽然提及多种病毒，但对猪星状病毒的特征描述不够突出，与其他病毒性腹泻的鉴别点不够明确。；病理逻辑部分对病程发展和潜在混合感染的机制解释不够深入。；数据质量方面，场景标签和验证点覆盖较全，但风险标志的描述稍显笼统。",hunyuan-turbos-20250926,85,90,80,95,80,False,False,"该数据整体真实可信，用户描述的场景（200头母猪产房7日龄仔猪群发性腹泻）符合常见病毒性腹泻流行病学特点。诊断考虑了多种可能病原并提示送检，方向正确且安全。处方强调对症支持、隔离、补液和环境管理，未给出危险用药建议，且有明确的禁止滥用抗生素提醒。不足之处在于对猪星状病毒的特异性特征描述不足，未能清晰区分其与其他病毒性腹泻的差异；病理机制分析略浅，缺乏病程进展和混合感染机制的进一步说明；风险警示虽存在但表述偏笼统，可更细化。
问题：对猪星状病毒的临床特征和鉴别要点描述不足，难以支撑将其列为首要怀疑对象。；病理逻辑中对病程发展、继发感染机制和混合感染的解释不够深入。；风险警示内容较为笼统，缺少针对重大疫病和人兽共患病的明确处置指引。",True,ERNIE-4.5-Turbo-32K,True,review,整体回答质量较高，诊断方向正确且安全，考虑了多种可能病原并提示送检，治疗建议合理且无危险用药，管理措施和采样建议明确。不足之处在于对猪星状病毒的特异性特征描述不足，病理逻辑中对病程发展和混合感染机制的解释不够深入，风险警示内容较为笼统，可进一步优化。,86.0,28,18,23,20,review,16.92,19.92,
90aec0c0-d8d5-59a6-be10-d5b4a03ffeb5,182,猪流感,swine_hunyuan_turbos,hunyuan-turbos-20250926,成功,,猪,我家有120头70公斤左右的育肥猪，最近10天陆续出现咳嗽、流鼻涕、个别发烧到40℃，用了替米考星和多西环素后部分好转，但还有零星反复。舍内通风一般，氨气味明显。想问这种情况该采哪些样做检测？怎么判断是不是混合感染？,根据描述，育肥猪出现持续性呼吸道症状，伴发热，使用抗生素后部分缓解但仍反复，提示可能存在病毒性呼吸道感染（如猪流感）与细菌性继发感染的混合情况。环境因素（氨气浓度高）可能加重呼吸道刺激。需要结合实验室检测区分病原体类型及是否多重感染。,treatment_direction: 立即改善舍内通风，降低氨气浓度；对发病猪进行隔离观察，减少应激；针对可能的细菌继发感染，可在兽医指导下选择敏感抗菌药物；若怀疑病毒感染，应避免盲目使用抗病毒药物，优先送检明确病原。；management_measures: 加强饲养管理，保证饮水充足，饲料营养均衡；每日巡查体温和呼吸状况，记录变化；病死猪及时无害化处理。；sampling_and_testing: 采集发病猪鼻腔拭子、咽喉拭子及肺组织（必要时），尽快送实验室进行RT-PCR检测猪流感病毒及其他常见呼吸道病原（如PRRSV、PCV2、支原体、巴氏杆菌等）；同时进行细菌培养鉴定以明确是否存在混合感染。；prohibited_boundaries: 禁止随意使用未经批准的抗病毒药物；发现疑似重大传染病（如非洲猪瘟）应立即上报，不得自行处理或销售。,因未涉及具体药物使用方案，无明确休药期说明；如需用药，须依据兽医处方并在出栏前遵守相应停药期规定。,"{""disease_name"": ""猪流感"", ""severity"": ""中等"", ""scene_tags"": [""育肥猪"", ""呼吸道症状"", ""混合感染"", ""环境氨气""], ""validation_points"": [""症状符合猪流感特征且存在环境诱因"", ""抗生素治疗部分有效提示可能有细菌感染参与"", ""建议通过多部位采样提高检出率""], ""risk_flags"": [""潜在混合感染"", ""环境氨气过高""], ""case_type"": ""呼吸道采样送检"", ""target_disease"": ""猪流感"", ""local_flags"": {""species_ok"": true, ""target_disease_in_diagnosis"": true, ""target_disease_mismatch"": false, ""contains_specific_dose"": false, ""contains_specific_withdrawal"": false, ""regulated_bad_treatment"": false}}",False,False,,,True,False,False,D:\XF-ChongQin\ai-\knowledge\llm_wiki_swine_authoritative,1465,887,"猪流感
猪流感、influenza viruses
呼吸道采样送检
呼吸道症状持续，用药效果不稳定，用户询问采什么样品和如何鉴别混合感染。","{""HUMAN_REVIEWED"": 4}","[""SRC-0001"", ""SRC-0007"", ""SRC-0042"", ""SRC-0043""]",2221,26.13,ERNIE-4.5-Turbo-32K,88,27,18,23,20,False,True,"该回答整体表现良好，诊断准确性较高，症状与疾病匹配合理，诊断逻辑清晰，处理方向安全且与疾病相互印证。数据质量较高，提供了详细的采样和检测建议。
问题：病理逻辑部分对环境因素（氨气浓度高）与疾病关系的阐述略显不足，可进一步细化其对呼吸道刺激的具体影响。；数据质量方面，虽然提供了详细的采样和检测建议，但对采样时机的描述不够具体，可能影响检测结果的准确性。；诊断准确性方面，虽然考虑了混合感染的可能性，但对其他可能引起类似症状的疾病（如猪肺疫、猪传染性胸膜肺炎等）的鉴别诊断提及较少。",hunyuan-turbos-20250926,85,90,80,95,85,True,False,"该数据整体真实可信，用户描述的育肥猪呼吸道症状与环境条件符合猪流感及混合感染的典型特征，诊断思路合理且包含病毒性与细菌性双重考虑。处理建议安全，强调送检与避免滥用药物，并设有重大疫病防控边界。不足之处在于环境致病机制解释较简略，采样时机细节不足，对其他相似疾病的鉴别提示较少。
问题：病理逻辑中对氨气等环境因素如何加重呼吸道损伤的机制阐述不足；采样建议中缺少最佳采样时间点的指导，可能影响检测结果可靠性；鉴别诊断范围偏窄，未充分列举其他可引起类似症状的猪呼吸道疾病",True,ERNIE-4.5-Turbo-32K,True,review,该回答整体表现良好，诊断准确性较高，症状与疾病匹配合理，处理方向安全且与疾病相互印证。回答提供了详细的采样和检测建议，并强调了送检与避免滥用药物的重要性，同时设有重大疫病防控边界。不足之处在于病理逻辑中对环境因素（氨气浓度高）与疾病关系的阐述略显不足，采样时机的描述不够具体，可能影响检测结果的准确性，且对其他可能引起类似症状的疾病的鉴别诊断提及较少。,86.0,27,18,23,20,review,18.27,81.58,
666bad46-f481-56ff-923b-8d302e1f1cea,184,猪细小病毒病,swine_hunyuan_turbos,hunyuan-turbos-20250926,成功,,猪,我家有120头母猪，平均胎次在3-4胎之间，最近两个月陆续发现好几窝怀孕后期流产，还有几头空怀时间明显延长，之前没用过疫苗，也没有做过净化。想问下这种情况是不是细小病毒引起的？需要采什么样子的样本去化验？现在还能继续配种吗？要不要暂停引进新母猪？,根据描述，怀孕后期流产、空怀时间延长，且未做细小病毒疫苗免疫，结合当前季节及繁殖障碍表现，高度怀疑为猪细小病毒病（PPV1）所致。该病主要通过垂直传播感染胎儿，导致死胎、木乃伊胎或流产，也可引起母猪返情延迟。需通过实验室检测确认。,treatment_direction: 目前无特效抗病毒药物，重点在于控制传染源、阻断传播链。对发病母猪进行隔离观察，加强产房及配种舍的清洁消毒。；management_measures: 立即暂停配种计划，直至检测结果明确并采取相应措施；暂停引入新母猪，防止带入病原；对全场母猪开展血清学或病原学检测，评估感染状况。；sampling_for_testing: 采集流产胎儿组织（肝、肺）、胎盘及羊水进行PCR检测；同时可采集母猪血液进行抗体检测，以判断免疫状态和感染史。；prohibited_actions: 在未确诊前，不得将疑似感染母猪或其后代转入健康群；禁止随意使用未经批准的兽药或疫苗。,本病为病毒性繁殖障碍，无直接休药期概念，但需在检测结果阴性、经兽医评估后方可恢复配种与引种。,"{""disease_name"": ""猪细小病毒病"", ""severity"": ""中等至严重（可导致繁殖力显著下降）"", ""scene_tags"": [""繁殖障碍"", ""流产"", ""未免疫场"", ""垂直传播""], ""validation_points"": [""临床症状符合PPV1特征（晚期流产、空怀延长）"", ""未免疫史增加感染概率"", ""建议采样方案符合常规诊断流程""], ""risk_flags"": [""疑似重大动物疫病风险"", ""存在场内水平与垂直传播可能""], ""case_type"": ""繁殖障碍送检"", ""target_disease"": ""猪细小病毒病"", ""local_flags"": {""species_ok"": true, ""target_disease_in_diagnosis"": true, ""target_disease_mismatch"": false, ""contains_specific_dose"": false, ""contains_specific_withdrawal"": false, ""regulated_bad_treatment"": false}}",False,False,,,True,False,False,D:\XF-ChongQin\ai-\knowledge\llm_wiki_swine_authoritative,1465,887,"猪细小病毒病
猪细小病毒病、parvoviruses
繁殖障碍送检
繁殖异常持续出现，用户询问该采哪些样品、是否需要暂停配种和引种。","{""HUMAN_REVIEWED"": 3, ""NEEDS_REVIEW"": 2}","[""A0-MOA-573"", ""SRC-0001"", ""SRC-0045""]",2087,27.85,ERNIE-4.5-Turbo-32K,88,28,18,23,20,False,True,"该回答在诊断准确性、病理逻辑、处方安全性和数据质量方面表现良好，整体符合猪细小病毒病的诊断与处理要求，未发现致命风险。
问题：diagnosis_accuracy: 诊断部分未明确提及其他可能的鉴别诊断（如伪狂犬病、蓝耳病等），虽高度怀疑细小病毒病，但缺乏排除其他疾病的依据。；pathology_logic: 病理逻辑部分对垂直传播的描述较笼统，未详细说明病毒如何影响胎儿发育导致流产或空怀。；prescription_safety: 处方安全性部分未提及对已感染母猪的具体处理措施（如淘汰或治疗），仅强调隔离和消毒。；data_quality: 数据质量部分对采样方案的描述较基础，未提及采样后的保存和运输要求。",hunyuan-turbos-20250926,85,8.5,8.0,9.0,8.0,True,False,"回答总体准确描述了猪细小病毒病的典型临床表现、传播途径及防控要点，诊断思路合理，管理建议安全，无明显危险操作。不足之处在于鉴别诊断不够全面，病理机制解释略简略，采样细节不足，以及对已感染母猪的处理策略未细化。
问题：未列出除细小病毒外的其他可能病因（如伪狂犬病、蓝耳病等）作为鉴别参考。；对胎儿感染机制的说明过于概括，缺少病毒如何致死的详细过程。；未明确已感染母猪是隔离观察还是淘汰等后续处置方式。；采样方案中未涉及样本保存条件、运输温度及防污染措施。",True,ERNIE-4.5-Turbo-32K,True,review,回答整体符合猪细小病毒病的诊断与处理要求，诊断思路合理，管理建议安全，无明显危险操作。但存在一些不足，如未明确提及其他可能的鉴别诊断，病理机制解释略简略，采样细节不足，以及对已感染母猪的处理策略未细化，因此判为review。,86.0,28,18,23,20,review,19.57,17.23,
4475aa24-371e-5810-a77b-79f274161db5,189,猪反转录病毒相关感染,swine_hunyuan_turbos,hunyuan-turbos-20250926,成功,,猪,我家是种猪场，存栏大概120头能繁母猪和10头公猪，最近一个月陆续有3头怀孕后期母猪流产，产下的死胎比例也高，还有两头母猪返情周期明显缩短，公猪精液活力下降。圈舍通风一般，近期没用过疫苗，也没做新引进猪的隔离检疫。这种情况会不会是传染病？还能继续配种吗？,根据描述，考虑可能存在病毒性繁殖障碍性疾病，包括猪反转录病毒相关感染在内的多种病毒均可引起母猪流产、死胎及公猪生殖功能下降。需结合流行病学史、临床观察及实验室检测进一步确诊。,建议立即暂停配种计划，对全场种猪进行健康排查，采集流产胎儿、胎盘及公猪精液等样本送专业实验室检测（PCR、血清学等），同时加强生物安全措施，防止潜在病原扩散。严禁将可疑个体外调或出售。若检测结果提示高风险或法定疫病，应按规定上报并配合主管部门处置。,在明确病因并采取相应防控措施前，不建议恢复配种；具体复配时间依据实验室检测结果和防控方案确定。,"{""disease_name"": ""猪反转录病毒相关感染"", ""severity"": ""中等至严重（可导致繁殖性能显著下降）"", ""scene_tags"": [""种猪场"", ""繁殖障碍"", ""流产"", ""死胎"", ""返情"", ""公猪精液质量下降""], ""validation_points"": [""多例母猪流产与死胎并存"", ""公猪精液活力下降"", ""无有效疫苗接种记录"", ""缺乏新进猪隔离措施""], ""risk_flags"": [""存在潜在病毒性传染病风险"", ""可能影响全群繁殖性能"", ""需排除其他法定疫病""], ""case_type"": ""种猪繁殖障碍"", ""target_disease"": ""猪反转录病毒相关感染"", ""local_flags"": {""species_ok"": true, ""target_disease_in_diagnosis"": true, ""target_disease_mismatch"": false, ""contains_specific_dose"": false, ""contains_specific_withdrawal"": false, ""regulated_bad_treatment"": false}}",False,False,,,True,False,False,D:\XF-ChongQin\ai-\knowledge\llm_wiki_swine_authoritative,1465,887,"猪反转录病毒相关感染
猪反转录病毒相关感染、retroviruses
种猪繁殖障碍
种猪场出现流产、死胎、返情或公猪异常，用户担心传染病和是否继续配种。","{""NEEDS_REVIEW"": 5}","[""SRC-0001""]",2034,26.47,ERNIE-4.5-Turbo-32K,88,28,18,23,20,False,True,"整体回答质量较高，诊断方向准确，考虑了多种病毒性繁殖障碍性疾病的可能性，并建议实验室检测以确诊。处理方向安全，强调了生物安全措施和暂停配种的重要性。数据质量良好，详细描述了症状和场景。
问题：诊断部分虽然提到了猪反转录病毒相关感染，但未明确指出其为最可能的疾病之一，而是将其包含在多种病毒中，可能降低了诊断的针对性。；病理逻辑部分对症状与疾病之间的关联解释不够深入，缺乏对猪反转录病毒相关感染特异性的描述。；数据质量方面，虽然描述了症状和场景，但未提及具体的流行病学史，如是否有新进猪只、近期是否有疫病发生等，这些信息对诊断有一定帮助。",hunyuan-turbos-20250926,85,90,80,95,80,False,False,"该回答诊断方向正确，涵盖了可能导致母猪流产、死胎及公猪精液活力下降的病毒性繁殖障碍性疾病，并强调实验室检测和生物安全措施，避免直接用药，符合安全规范。但诊断中对猪反转录病毒相关感染的特异性不足，未充分解释其典型临床表现与当前症状的对应关系，且缺少对新进猪只、周边疫情等流行病学信息的利用，影响了对病因推断的精准度。
问题：诊断部分未突出猪反转录病毒相关感染作为首要怀疑对象，仅笼统归入多种病毒，降低针对性。；病理逻辑缺乏对该病毒特征性症状与当前表现的直接联系说明。；用户提供的背景信息未被充分利用来强化病因推断。",True,ERNIE-4.5-Turbo-32K,True,review,诊断方向正确，考虑了病毒性繁殖障碍性疾病的可能性，并建议实验室检测以确诊，处理方向安全，强调了生物安全措施和暂停配种的重要性。但诊断中对猪反转录病毒相关感染的特异性不足，未充分解释其典型临床表现与当前症状的对应关系，且缺少对新进猪只、周边疫情等流行病学信息的利用，影响了对病因推断的精准度。,86.0,28,18,23,20,review,18.39,38.53,
65ce989c-2fe2-5063-a4c2-7fecb3bdd676,209,猪类圆线虫病,swine_hunyuan_turbos,hunyuan-turbos-20250926,成功,,猪,我家有120头35日龄左右的保育猪，这几天陆续有几头开始拉稀，先是软便后来变成水样，精神差、吃料少，有的还伴有轻度脱水。圈舍湿度偏高，通风一般，之前用过恩诺沙星拌料两天效果不明显。请问这是啥原因？该怎么处理？,根据描述，该群猪在保育阶段出现持续性水样腹泻、采食下降及轻度脱水，结合饲养环境湿度和通风条件，高度怀疑为猪类圆线虫病（Strongyloides ransomi感染）。该病常见于哺乳期至保育期，由粪口途径传播，潮湿环境利于虫卵孵化与幼虫侵入皮肤。初期可表现为轻泻，后期转为水样腹泻并伴脱水。需通过粪便镜检或黏膜刮片查找虫卵或幼虫确诊。,treatment_direction: 针对线虫感染进行驱虫，选用对Strongyloides有效的广谱驱虫药（如伊维菌素类），按说明使用；同时补充电解质溶液防止脱水。；management_measures: 改善圈舍通风与干燥度，减少高湿环境；及时清理粪便，防止重复感染；分群管理，将明显腹泻个体与健康猪分开饲养。；sampling_and_testing: 采集新鲜粪便样品送实验室镜检，必要时做黏膜刮片检查以寻找虫卵或幼虫；若怀疑混合感染，可做细菌培养排除细菌性腹泻。；prohibited_boundaries: 严禁在未确诊前随意更换抗生素种类；禁止将病猪与健康猪混养以防扩散；发现疑似重大疫病应立即上报主管部门。,因涉及驱虫药使用，应遵守所用药物的安全停药期规定，并在停药期满后再考虑出栏或屠宰。,"{""disease_name"": ""猪类圆线虫病"", ""severity"": ""中等偏重（可导致生长迟缓、死亡率升高）"", ""scene_tags"": [""保育猪"", ""群体性腹泻"", ""高湿环境"", ""采食下降""], ""validation_points"": [""符合保育阶段易感特征"", ""症状与水样腹泻、脱水一致"", ""环境因素支持虫卵孵化与传播""], ""risk_flags"": [""潜在人畜共患病风险低"", ""非法定重大动物疫病""], ""case_type"": ""腹泻群体发病"", ""target_disease"": ""猪类圆线虫病"", ""local_flags"": {""species_ok"": true, ""target_disease_in_diagnosis"": true, ""target_disease_mismatch"": false, ""contains_specific_dose"": false, ""contains_specific_withdrawal"": false, ""regulated_bad_treatment"": false}}",False,False,,,True,False,False,D:\XF-ChongQin\ai-\knowledge\llm_wiki_swine_authoritative,1465,887,"猪类圆线虫病
猪类圆线虫病、strongyloides internal parasites
腹泻群体发病
同窝或同栏出现水样腹泻、脱水、采食下降，用户想知道主要病因和紧急处理。","{""HUMAN_REVIEWED"": 1, ""NEEDS_REVIEW"": 4}","[""SRC-0001"", ""SRC-0006"", ""SRC-0082""]",2056,32.23,ERNIE-4.5-Turbo-32K,88,28,18,23,20,False,True,"该回答整体表现良好，诊断准确性较高，症状与疾病匹配合理，诊断逻辑清晰，处理方向安全且与疾病相互印证。数据质量较高，信息完整且无明显错误。
问题：诊断准确性方面，虽然高度怀疑猪类圆线虫病，但未明确提及需通过粪便镜检或黏膜刮片确诊，略显不足。；病理逻辑方面，对疾病传播途径和环境因素的解释较为充分，但可进一步细化症状与疾病发展的关联。；处方安全方面，驱虫药的选择和使用说明较为合理，但未具体提及药物剂量和休药期，存在一定信息缺失。；数据质量方面，整体信息完整，但风险标志中仅提及人畜共患病风险低和非法定重大动物疫病，可增加更多相关风险信息以提高全面性。",hunyuan-turbos-20250926,85,4,4,5,4,False,False,"回答整体结构完整，症状与猪类圆线虫病的典型表现相符，诊断依据合理，处理方案包括驱虫、补液、改善环境及采样检测，符合疾病防控逻辑。未出现危险用药建议，风险提醒到位。不足之处在于诊断部分虽提出高度怀疑，但未强调必须依赖实验室确诊，且未细化症状发展过程与环境关系的解释。处方中未提供具体剂量和休药期，属于可接受范围，但缺乏更明确的操作指引。
问题：诊断环节缺少对确诊手段的强制性提示，可能导致用户忽视实验室检测的重要性。；病理机制中对症状发展与环境因素的关联解释不够细致。；处方部分未给出更具体的驱虫药选择与使用注意事项。",True,ERNIE-4.5-Turbo-32K,True,review,回答整体结构完整，症状与猪类圆线虫病的典型表现相符，诊断依据合理，处理方案包括驱虫、补液、改善环境及采样检测，符合疾病防控逻辑。但诊断部分未强调必须依赖实验室确诊，病理机制中对症状发展与环境因素的关联解释不够细致，处方部分未给出更具体的驱虫药选择与使用注意事项，属于轻微不足但可参考。,86.0,28,18,23,20,review,23.82,123.93,
45739ded-53b4-5d93-9613-286c77c555ad,236,猪霉菌毒素中毒,swine_hunyuan_turbos,hunyuan-turbos-20250926,成功,,猪,我场有120头90公斤左右的育肥猪，最近一周陆续出现食欲下降、精神沉郁、个别拉稀，还有几头母猪也表现类似情况，体温大多正常。这批猪一直喂的是新进的玉米豆粕混合料，怀疑是原料有问题。想问还能不能继续喂？要不要把饲料和病猪样本送去化验？,根据描述，结合群体性食欲减退、精神沉郁及部分腹泻的表现，且集中在饲喂新进饲料后出现，高度怀疑为猪霉菌毒素中毒。该病由摄入被产毒真菌污染的饲料引起，临床表现可为急性、亚急性和慢性，需通过饲料及组织样品检测确认。,treatment_direction: 立即停止使用可疑饲料，更换为安全无霉变的饲料；提供清洁饮水，添加适量电解质和维生素促进恢复；对严重病例进行对症治疗和支持疗法。；management_measures: 清理料槽残留可疑饲料，检查仓储条件防止二次污染；加强通风防潮，确保饲料储存干燥低温；观察剩余猪群健康变化。；sampling_and_testing: 采集可疑饲料样品送实验室检测霉菌毒素含量；同时采集病死猪肝脏、肾脏等组织样进行病理学和毒素分析，以便确诊和指导后续防控。；prohibited_boundaries: 在未明确毒素种类和浓度前，禁止将可疑饲料转喂其他猪群或外售；若检出高风险毒素超标，应按当地动物防疫部门要求进行无害化处理并调整饲养方案。,因属中毒事件，应依据检测结果和监管部门意见确定饲料停用及猪只上市时间，不可自行决定休药期。,"{""disease_name"": ""猪霉菌毒素中毒"", ""severity"": ""中等至重度（视毒素种类与摄入量而定）"", ""scene_tags"": [""育肥猪"", ""母猪"", ""饲料污染"", ""群体发病""], ""validation_points"": [""症状与饲料更换时间吻合"", ""群体性发生提示共同暴露源"", ""排除常见传染病后支持中毒判断""], ""risk_flags"": [""疑似饲料源性中毒"", ""存在毒素扩散风险"", ""需实验室确诊""], ""case_type"": ""中毒处置边界"", ""target_disease"": ""猪霉菌毒素中毒"", ""local_flags"": {""species_ok"": true, ""target_disease_in_diagnosis"": true, ""target_disease_mismatch"": false, ""contains_specific_dose"": false, ""contains_specific_withdrawal"": false, ""regulated_bad_treatment"": false}}",False,False,,,True,False,False,D:\XF-ChongQin\ai-\knowledge\llm_wiki_swine_authoritative,1465,887,"猪霉菌毒素中毒
猪霉菌毒素中毒、mycotoxins in grains and feeds
中毒处置边界
用户想知道是否继续饲喂可疑饲料、怎样送检饲料和病料。","{""NEEDS_REVIEW"": 2, ""PROCESSED_SOURCE_ANCHORED"": 2}","[""SRC-0001"", ""SRC-0085""]",2220,33.25,ERNIE-4.5-Turbo-32K,88,28,18,24,18,False,True,"测试数据整体有效，诊断准确性较高，处理方向安全，但病理逻辑存在轻微瑕疵，数据质量可进一步提升。
问题：病理逻辑未明确排除其他类似症状疾病；数据质量缺乏具体检测方法和对症治疗药物示例",hunyuan-turbos-20250926,85,90,80,90,75,False,False,"该测试数据整体有效，诊断准确率高，处理措施安全合理，符合猪霉菌毒素中毒的防控原则，并在未明确毒素种类时设置了安全边界。不足之处在于病理逻辑未充分排除其他可能病因（如细菌性肠炎、病毒性腹泻等），数据质量方面缺少更具体的检测方法说明和对症治疗药物的示例。
问题：病理逻辑未系统排除其他可能引起相似症状的传染病或营养代谢病；数据质量中缺乏对检测方法的细化说明（如ELISA、HPLC等）；未给出对症支持治疗的典型药物类别示例",True,ERNIE-4.5-Turbo-32K,True,review,测试数据整体有效，诊断准确性较高，处理方向安全，符合猪霉菌毒素中毒的防控原则。但病理逻辑未充分排除其他可能病因（如细菌性肠炎、病毒性腹泻等），数据质量方面缺少更具体的检测方法说明和对症治疗药物的示例，需进一步完善。,86.0,28,18,24,18,review,15.45,36.09,
1896005c-0fe8-5a30-8de5-934c7bc8033f,242,猪杯状病毒感染,swine_hunyuan_turbos,hunyuan-turbos-20250926,成功,,猪,我家有200头60公斤左右的育肥猪，这几天陆续有几头出现精神沉郁、食欲下降、腹泻，有的还伴有轻微发热，粪便稀黄带黏液。之前用了几天恩诺沙星和多西环素，感觉控制不住，想问还能继续用这些药吗？圈舍通风一般，最近天气忽冷忽热。,根据描述的症状表现（精神差、食欲减退、腹泻伴发热）以及用药史，考虑可能为病毒性腹泻性疾病，其中猪杯状病毒感染是可能的病因之一。该病在育肥猪群中可呈散发或流行，常与其他病原混合感染，单纯抗生素治疗往往效果不佳。建议通过实验室检测（如RT-PCR）明确病原类型。,treatment_direction: 目前无特效抗病毒药物，应以支持疗法和对症处理为主，防止继发细菌感染。；management_measures: 改善饲养管理，提高圈舍保温与通风条件，减少应激；保证清洁饮水与易消化饲料；隔离症状明显个体以减少传播。；sampling_and_testing: 采集新鲜粪便或直肠拭子送实验室进行RT-PCR检测，必要时配合血清学检测，以区分病毒性腹泻与其他病原。；contraindications_boundary: 不建议长期或超量使用抗生素作为唯一手段，以免掩盖病情并增加耐药风险；若怀疑重大动物疫病（如非洲猪瘟），应立即按当地规定上报并配合扑杀、无害化处理等措施。,因无特定药物治疗，此处不涉及常规休药期；若曾使用抗生素，应遵守相应药品说明书中的停药期要求。,"{""disease_name"": ""猪杯状病毒感染"", ""severity"": ""中等至严重（视继发感染情况而定）"", ""scene_tags"": [""育肥猪"", ""病毒性腹泻"", ""多病原混合感染""], ""validation_points"": [""症状符合病毒性腹泻特征"", ""抗生素治疗无效提示非单一细菌性病因"", ""需实验室确诊以指导防控""], ""risk_flags"": [""可能为人畜共患风险未定疾病"", ""存在重大动物疫病鉴别诊断需求""], ""case_type"": ""育肥猪用药咨询"", ""target_disease"": ""猪杯状病毒感染"", ""local_flags"": {""species_ok"": true, ""target_disease_in_diagnosis"": true, ""target_disease_mismatch"": false, ""contains_specific_dose"": false, ""contains_specific_withdrawal"": false, ""regulated_bad_treatment"": false}}",False,False,,,True,False,False,D:\XF-ChongQin\ai-\knowledge\llm_wiki_swine_authoritative,1465,887,"猪杯状病毒感染
猪杯状病毒感染、caliciviruses norovirus sapovirus vesicular exanthema virus
育肥猪用药咨询
育肥猪出现典型症状，用户已经用过常见药物但效果一般，询问是否继续用药。","{""HUMAN_REVIEWED"": 3, ""NEEDS_REVIEW"": 2}","[""SRC-0001"", ""SRC-0034""]",2174,27.67,ERNIE-4.5-Turbo-32K,88,28,18,23,20,False,True,"该回答整体表现良好，诊断方向合理，考虑到了病毒性腹泻的可能性，并建议实验室检测以明确病原。处理方向安全，未出现与疾病相冲突的处方，且注意到了人兽共患风险和重大疫病的鉴别诊断需求。数据质量方面，症状描述、用药史及管理措施均较为详细。
问题：诊断准确性方面，虽然考虑到了病毒性腹泻，但未充分排除其他可能的病毒性腹泻疾病，如猪流行性腹泻病毒（PEDV）等，诊断略显宽泛。；病理逻辑方面，对于症状与疾病之间的关联解释不够深入，缺乏对猪杯状病毒感染特异性的描述。；数据质量方面，虽然提供了较为详细的症状描述和用药史，但缺乏对圈舍环境、猪群整体健康状况的更深入描述。",hunyuan-turbos-20250926,85,80,78,90,82,True,False,"回答总体结构完整，考虑了病毒性腹泻可能性，并提示实验室检测，避免盲目使用抗生素，处理方案安全且有防疫意识。但对猪杯状病毒感染的特异性症状缺乏说明，诊断范围偏宽，未充分排除其他常见病毒性腹泻病原（如PEDV）。病理逻辑上症状与疾病的对应关系阐述不足。数据信息较全，但缺少对圈舍密度、猪群免疫背景等的补充。
问题：诊断过于宽泛，未充分排除其他病毒性腹泻疾病（如PEDV、TGE等）；缺乏对猪杯状病毒感染特异性临床表现的描述；病理机制与症状关联性分析不足",True,ERNIE-4.5-Turbo-32K,True,review,回答总体结构完整，诊断方向合理，考虑了病毒性腹泻的可能性，并建议实验室检测以明确病原，避免盲目使用抗生素，处理方案安全且有防疫意识。但诊断范围偏宽，未充分排除其他常见病毒性腹泻病原（如PEDV），且缺乏对猪杯状病毒感染特异性症状的描述，病理逻辑上症状与疾病的对应关系阐述不足。,86.0,28,18,23,20,review,17.54,16.15,
247f9400-646d-55b3-b1f9-a26a431932bd,244,猪δ冠状病毒感染,swine_hunyuan_turbos,hunyuan-turbos-20250926,成功,,猪,我家有200多头120斤左右的育肥猪，还有20天就准备出栏了，这几天陆续有几头开始拉稀，粪便稀水样带点酸臭味，精神食欲还行，体温正常，圈舍湿度大通风一般，之前没用过抗病毒药，这种情况还能继续养到出栏吗？会不会影响卖猪？需要怎么处理？,根据描述，结合育肥猪临近出栏、急性水样腹泻、酸臭气味及环境条件，考虑猪δ冠状病毒感染可能性较大，同时需排除其他病毒性腹泻（如PED、TGE）及细菌性肠炎。建议采集新鲜腹泻粪便送实验室进行PCR检测以明确病原。,treatment_direction: 无特效抗病毒药物，以支持疗法为主，改善饲养管理，减少应激，防止继发细菌感染。；management_measures: 加强圈舍保温与通风，降低湿度；提供清洁饮水，可添加电解质多维缓解脱水；饲料易消化，少量多餐；及时清理粪便，保持环境卫生。；sampling_and_testing: 采集发病猪的新鲜粪便或直肠拭子送具备资质的实验室进行PDCoV PCR检测，必要时同步检测PEDV、TGEV等常见腹泻病毒。；prohibited_actions: 禁止在检测结果不明的情况下随意使用未经批准的兽药或激素促生长剂；禁止将疑似重大疫病猪与健康猪混群；若确诊为重大动物疫病，须按当地畜牧部门要求进行隔离、封锁、无害化处理，不得擅自出售。,因无特定化学药物干预，不涉及常规休药期问题；但若使用抗生素控制继发感染，应按所用药品说明书执行相应休药期规定。,"{""disease_name"": ""猪δ冠状病毒感染"", ""severity"": ""中等偏轻（对育肥猪致死率较低，但影响增重与出栏计划）"", ""scene_tags"": [""育肥猪"", ""临近出栏"", ""腹泻"", ""高湿环境""], ""validation_points"": [""症状符合PDCoV引起的急性水样腹泻特征"", ""环境与流行病学背景支持粪口传播模式"", ""需通过实验室检测与其他病毒性腹泻鉴别""], ""risk_flags"": [""临近出栏阶段经济损失风险高"", ""存在混合感染可能，需警惕继发细菌感染"", ""若为重大疫病需依法上报与处置""], ""case_type"": ""腹泻出栏边界"", ""target_disease"": ""猪δ冠状病毒感染"", ""local_flags"": {""species_ok"": true, ""target_disease_in_diagnosis"": true, ""target_disease_mismatch"": false, ""contains_specific_dose"": false, ""contains_specific_withdrawal"": false, ""regulated_bad_treatment"": false}}",False,False,,,True,False,False,D:\XF-ChongQin\ai-\knowledge\llm_wiki_swine_authoritative,1465,887,"猪δ冠状病毒感染
猪δ冠状病毒感染、porcine deltacoronavirus
腹泻出栏边界
临近出栏猪群出现腹泻，用户关心处理方向、隔离和用药后能否销售。","{""HUMAN_REVIEWED"": 1, ""NEEDS_REVIEW"": 4}","[""A0-MOA-573"", ""SRC-0001""]",2027,30.88,ERNIE-4.5-Turbo-32K,88,28,18,23,20,False,True,"整体回答质量较高，诊断方向合理，处理建议安全，数据质量较好，无明显致命风险。
问题：诊断准确性方面，虽然考虑了猪δ冠状病毒感染，但对其他病毒性腹泻（如PED、TGE）及细菌性肠炎的排除依据不够充分，仅建议实验室检测，未提供初步鉴别诊断的依据。；病理逻辑方面，对环境因素（高湿、通风一般）与疾病传播的关系分析不够深入，未明确说明这些因素如何促进猪δ冠状病毒感染的传播。；处方安全方面，处理建议较为全面，但未明确提及在支持疗法中如何具体防止继发细菌感染，如是否使用抗生素及抗生素的选择原则。；数据质量方面，症状描述与疾病特征匹配度较高，但风险标签中提到的“存在混合感染可能，需警惕继发细菌感染”未在处理建议中充分体现。",hunyuan-turbos-20250926,85,80,78,90,85,False,False,"该数据整体真实可信，用户描述的育肥猪临近出栏、水样腹泻、酸臭味、环境潮湿等情况符合猪δ冠状病毒感染的典型表现，并提示了可能的混合感染风险。诊断方向合理，处理建议安全且包含必要的采样检测和生物安全措施，未发现明显危险建议。不足之处在于鉴别诊断依据不足、环境因素与疾病传播关系的解释较浅、以及继发感染防控细节不够明确。
问题：诊断部分对其他病毒性腹泻（PED、TGE）及细菌性肠炎的鉴别依据不充分，仅依赖实验室检测，缺乏现场初步判断线索。；病理机制分析中，未详细阐述高湿、通风不良如何促进猪δ冠状病毒的传播与致病过程。；处方中对继发细菌感染的防控措施表述笼统，未明确抗生素使用的指征与选择原则。",True,ERNIE-4.5-Turbo-32K,True,review,整体回答质量较高，诊断方向合理，处理建议安全，但存在一些不足之处。诊断方面，虽然考虑了猪δ冠状病毒感染，但对其他病毒性腹泻（如PED、TGE）及细菌性肠炎的排除依据不够充分，仅建议实验室检测，未提供初步鉴别诊断的依据；病理逻辑方面，对环境因素（高湿、通风一般）与疾病传播的关系分析不够深入，未明确说明这些因素如何促进猪δ冠状病毒感染的传播；处方安全方面，处理建议较为全面，但未明确提及在支持疗法中如何具体防止继发细菌感染，如是否使用抗生素及抗生素的选择原则。这些问题属于轻微不足，不影响整体参考价值，因此判为review。,86.0,28,18,23,20,review,21.92,20.84,
199bb5e9-1b2f-5676-8685-27f3f5bdef85,256,猪副黏病毒相关感染,swine_hunyuan_turbos,hunyuan-turbos-20250926,成功,,猪,我场有300多头育肥猪，平均体重在60公斤左右，最近几天同一栋舍里陆续出现咳嗽、流鼻涕、精神沉郁的情况，有的还伴随发热，已经死了两头。之前用过阿莫西林饮水，效果不明显。想问能不能先当普通呼吸道病治着看？,根据描述的症状分布（同栏集中发病、急性死亡）、临床表现（咳嗽、流涕、发热）以及常规抗生素无效，高度怀疑为病毒性呼吸道疾病，可能与猪副黏病毒相关感染有关。需结合实验室检测确诊。,treatment_direction: 立即隔离病猪，停止混群饲养，减少应激；加强通风与保温，保持圈舍干燥清洁；暂停使用可能掩盖症状的广谱抗生素，仅作对症支持治疗（如补液、退热）。；management_measures: 对全群进行体温监测，记录发病及死亡情况；限制人员、车辆进出，防止潜在传播；病死猪无害化处理。；sampling_and_testing: 采集鼻拭子、肺组织等样本送具备资质的实验室进行PCR检测，明确是否为猪副黏病毒感染或其他病原混合感染。；prohibited_boundaries: 在未排除重大动物疫病前，不得擅自出售、转运或屠宰生猪；严禁将病死猪流入市场或随意丢弃。,因属病毒性感染且未使用特定药物，无直接休药期规定，但应遵守当地重大动物疫病防控要求，直至疫情解除并经过检疫合格后方可出栏。,"{""disease_name"": ""猪副黏病毒相关感染"", ""severity"": ""高"", ""scene_tags"": [""育肥猪"", ""同栏集中发病"", ""急性死亡"", ""呼吸道症状""], ""validation_points"": [""同栏短时间内多例发病符合病毒性呼吸道传染病特征"", ""常规抗生素治疗无效提示非单纯细菌感染"", ""存在死亡病例需警惕烈性病毒""], ""risk_flags"": [""可能为重大动物疫病，需立即隔离并送检"", ""禁止擅自销售或转运生猪"", ""需配合主管部门开展流行病学调查""], ""case_type"": ""暴发与处置边界"", ""target_disease"": ""猪副黏病毒相关感染"", ""local_flags"": {""species_ok"": true, ""target_disease_in_diagnosis"": true, ""target_disease_mismatch"": false, ""contains_specific_dose"": false, ""contains_specific_withdrawal"": false, ""regulated_bad_treatment"": false}}",False,False,,,True,False,False,D:\XF-ChongQin\ai-\knowledge\llm_wiki_swine_authoritative,1465,887,"猪副黏病毒相关感染
猪副黏病毒相关感染、paramyxoviruses
暴发与处置边界
同栏或多栋猪舍短期内发病增多，用户询问是否能先按普通病治疗观察。","{""NEEDS_REVIEW"": 5}","[""SRC-0001""]",2034,27.71,ERNIE-4.5-Turbo-32K,88,28,18,23,20,False,True,"整体回答质量较高，诊断逻辑清晰，处理方向安全，符合猪副黏病毒相关感染的处置要求。诊断准确性较高，结合症状和抗生素无效情况合理怀疑病毒性感染。病理逻辑基本合理，但未详细说明猪副黏病毒与其他类似疾病的鉴别要点。处方安全，强调隔离、检测和禁止转运，符合重大疫病防控要求。数据质量良好，场景描述和验证点充分。
问题：病理逻辑中未详细说明猪副黏病毒与其他病毒性呼吸道疾病（如猪流感、蓝耳病）的鉴别要点。；数据质量中场景标签和验证点充分，但未提及人兽共患风险评估（尽管猪副黏病毒通常人兽共患风险较低）。；处方中未明确提及个人防护措施，尽管场景中未明确提示人兽共患风险，但作为重大疫病处置应补充。",hunyuan-turbos-20250926,85,90,80,95,85,False,False,"该数据整体真实可信，用户描述的育肥猪群体性呼吸道症状与猪副黏病毒相关感染的典型表现相符，诊断思路合理，排除了单纯细菌性感染的可能性，并强调了实验室确诊的重要性。处理方案安全，包含隔离、环境管理、采样检测及严格的生物安全措施，未给出危险用药建议，也未出现违规承诺。不足之处在于鉴别诊断部分不够详细，未明确区分猪副黏病毒与其他常见病毒性呼吸道病的差异，同时缺少个人防护措施的提醒。
问题：病理逻辑中未详细说明猪副黏病毒与其他病毒性呼吸道疾病（如猪流感、蓝耳病）的鉴别要点。；处方中未明确提及个人防护措施，尽管猪副黏病毒人兽共患风险低，但在重大疫病处置中应补充。；数据质量中未涉及人兽共患风险评估。",True,ERNIE-4.5-Turbo-32K,True,review,整体回答质量较高，诊断逻辑清晰，处理方向安全，符合猪副黏病毒相关感染的处置要求。诊断准确性较高，结合症状和抗生素无效情况合理怀疑病毒性感染。病理逻辑基本合理，但未详细说明猪副黏病毒与其他类似疾病的鉴别要点。处方安全，强调隔离、检测和禁止转运，符合重大疫病防控要求，但未明确提及个人防护措施。数据质量良好，场景描述和验证点充分，但未提及人兽共患风险评估。,86.0,28,18,23,20,review,19.57,19.4,
f34a7a09-c610-5099-ac62-350594b20f3f,257,猪细小病毒病,swine_hunyuan_turbos,hunyuan-turbos-20250926,成功,,猪,我家是200头基础母猪的种猪场，最近有10多头怀孕80多天的母猪陆续流产，有的产下木乃伊胎，还有几头返情率明显升高，个别公猪精液活力下降。之前没用过疫苗，场内卫生一般，想问是不是传染病？还能继续配种吗？,结合临床症状（中期流产、木乃伊胎、返情率高）及流行病学特征，高度怀疑为猪细小病毒病（PPV1）。该病主要通过垂直传播感染胎儿，造成胚胎死亡、吸收或形成木乃伊胎，同时可影响公猪精液质量。需排除猪繁殖与呼吸综合征、伪狂犬病、乙脑等其他繁殖障碍性疾病。,treatment_direction: 目前无特效抗病毒药物，重点在于控制传染源、切断传播途径和保护易感动物。；management_measures: 立即隔离发病母猪，停止配种计划，对全场进行彻底清洗消毒。；加强后备母猪和公猪的健康管理，改善饲养环境和营养水平。；考虑引入经检疫合格的阴性后备母猪，逐步替换场内易感群体。；sampling_and_testing: 采集流产胎儿组织、胎盘、血液样本送实验室检测PPV1抗原或抗体。；同步检测PRRSV、伪狂犬gE抗体、乙脑IgM等指标，排除混合感染。；prohibited_boundaries: 禁止将流产胎儿、胎盘随意丢弃或用作饲料，防止环境污染。；在确诊前不得对外销售或调运种猪及其后代。；不得使用未经批准的疫苗或药物替代官方防控建议。,本病为病毒性繁殖障碍，无直接休药期概念；若后续使用合法疫苗，应遵循疫苗说明书及当地畜牧部门指导。,"{""disease_name"": ""猪细小病毒病"", ""severity"": ""中等至严重（可导致繁殖力显著下降）"", ""scene_tags"": [""种猪场"", ""繁殖障碍"", ""垂直传播""], ""validation_points"": [""症状符合PPV1典型表现（中期流产、木乃伊胎、返情）"", ""存在易感群体（未免疫的基础母猪和公猪）"", ""需要实验室检测确诊""], ""risk_flags"": [""可能为人畜共患病混淆风险（需明确区分非人兽共患）"", ""涉及重大动物疫病防控边界（需配合主管部门调查）""], ""case_type"": ""种猪繁殖障碍"", ""target_disease"": ""猪细小病毒病"", ""local_flags"": {""species_ok"": true, ""target_disease_in_diagnosis"": true, ""target_disease_mismatch"": false, ""contains_specific_dose"": false, ""contains_specific_withdrawal"": false, ""regulated_bad_treatment"": false}}",False,False,,,True,False,False,D:\XF-ChongQin\ai-\knowledge\llm_wiki_swine_authoritative,1465,887,"猪细小病毒病
猪细小病毒病、parvoviruses
种猪繁殖障碍
种猪场出现流产、死胎、返情或公猪异常，用户担心传染病和是否继续配种。","{""HUMAN_REVIEWED"": 3, ""NEEDS_REVIEW"": 2}","[""A0-MOA-573"", ""SRC-0001"", ""SRC-0045""]",2087,30.54,ERNIE-4.5-Turbo-32K,88,28,18,23,20,False,True,"该回答整体符合猪细小病毒病的诊断与处理逻辑，诊断准确性较高，症状与疾病匹配合理，处理方向安全且与疾病相互印证，无明显致命风险。但在病理逻辑、数据质量方面存在一定提升空间。
问题：诊断准确性方面：虽高度怀疑猪细小病毒病，但未明确说明需实验室检测确诊，仅在后续采样检测中提及，诊断依据不够充分，扣2分。；病理逻辑方面：对猪细小病毒病的病理机制阐述不够深入，仅简单提及垂直传播感染胎儿等，未详细说明病毒如何影响胚胎发育等，扣2分。；处方安全性方面：整体处理方向安全合理，但未提及对已发病母猪和公猪的具体治疗或护理措施，不够全面，扣2分。；数据质量方面：对症状的描述和疾病特征的关联性分析可更详细，如对返情率明显升高的具体数据或情况可进一步说明，扣5分。",hunyuan-turbos-20250926,85,8.5,8.5,9,7.5,False,False,"该案例描述真实，症状与猪细小病毒病高度吻合，诊断思路清晰且考虑了鉴别诊断，处理方案安全并包含必要的生物安全措施，未发现危险建议。但诊断部分缺少明确的实验室确诊提示，病理机制解释较浅，已发病动物的护理细节不足，数据细节可更丰富。
问题：诊断环节未强调实验室检测作为确诊依据，仅靠临床推测可能误导用户。；对猪细小病毒如何导致胚胎死亡的病理过程描述过于简略。；缺乏针对已发病母猪和公猪的具体护理或支持性措施建议。；症状与疾病关联的数据化信息不足，如返情率变化幅度、流产比例等。",True,ERNIE-4.5-Turbo-32K,True,review,该回答整体符合猪细小病毒病的诊断与处理逻辑，诊断准确性较高，症状与疾病匹配合理，处理方向安全且与疾病相互印证，无明显致命风险。但存在一些可提升的方面，如诊断部分未明确强调实验室检测确诊，病理机制阐述不够深入，对已发病母猪和公猪的具体治疗或护理措施未提及，症状与疾病关联的数据化信息不足。综合来看，属于存在轻微不足但可参考的情况。,86.0,28,18,23,20,review,21.51,21.43,
2eeafa88-458b-5cb9-af7a-bcb7d529cff3,259,塞内卡病毒A感染,swine_hunyuan_turbos,hunyuan-turbos-20250926,成功,,猪,我家是300头保育猪，现在70日龄左右，最近三天陆续有猪不吃料、精神差，部分猪嘴边和蹄部出现小水泡，有的破了结痂，还有几头拉稀。圈舍通风一般，前几天降温后没及时关窗，想问问这是啥病，该怎么处理？,根据描述的症状（发热、精神沉郁、采食下降、口蹄部水疱及破溃、腹泻），结合保育猪阶段易感性，高度怀疑为塞内卡病毒A感染。该病在仔猪和保育猪中可引起类似口蹄疫的水疱病变，同时伴有消化道症状。需通过实验室检测（如RT-PCR）确诊，并排除其他水疱性疾病（如口蹄疫、猪水疱病等）。,treatment_direction: 目前无特效抗病毒药物，以支持疗法为主，包括补液、电解质平衡、防止继发细菌感染。；management_measures: 立即将病猪与健康猪分栏饲养，减少接触传播；加强圈舍保温，适当提高环境温度以减少代谢应激；保证清洁饮水和易消化饲料；对破损伤口进行局部消毒，防止细菌继发感染。；sampling_and_testing: 采集水疱液、粪便、咽拭子送实验室做塞内卡病毒A RT-PCR检测，必要时同步检测口蹄疫等鉴别诊断病原。；prohibited_actions: 严禁私自使用未经批准的疫苗或药物；在未确诊前不得随意出售、调运或屠宰病猪；若检测结果涉及重大动物疫病，须按当地畜牧部门要求执行隔离、扑杀或无害化处理。,因本病无特定治疗药物，不涉及常规药物休药期问题；但若后续使用抗生素控制继发感染，应按所用药品说明执行相应停药期。,"{""disease_name"": ""塞内卡病毒A感染"", ""severity"": ""中等至严重，取决于继发感染情况和死亡率"", ""scene_tags"": [""保育猪"", ""水疱性病变"", ""采食下降"", ""腹泻"", ""低温应激""], ""validation_points"": [""症状符合塞内卡病毒A感染的临床表现"", ""保育猪为该病的易感群体"", ""需要实验室检测确诊""], ""risk_flags"": [""需排除口蹄疫等重大动物疫病"", ""存在潜在传播风险""], ""case_type"": ""保育猪群体发病"", ""target_disease"": ""塞内卡病毒A感染"", ""local_flags"": {""species_ok"": true, ""target_disease_in_diagnosis"": true, ""target_disease_mismatch"": false, ""contains_specific_dose"": false, ""contains_specific_withdrawal"": false, ""regulated_bad_treatment"": false}}",False,False,,,True,False,False,D:\XF-ChongQin\ai-\knowledge\llm_wiki_swine_authoritative,1465,887,"塞内卡病毒A感染
塞内卡病毒A感染、senecavirus a picornaviruses
保育猪群体发病
群体发病、采食下降、粪便或呼吸道异常，用户想知道主要病因和下一步处理。","{""HUMAN_REVIEWED"": 1, ""NEEDS_REVIEW"": 4}","[""SRC-0001"", ""SRC-0006"", ""SRC-0043""]",1978,29.44,ERNIE-4.5-Turbo-32K,88,28,18,23,20,False,True,"整体回答质量较高，诊断方向合理，处理措施安全，数据质量较好，无明显致命风险。
问题：诊断准确性方面，虽然症状描述与塞内卡病毒A感染相符，但未完全排除其他水疱性疾病（如口蹄疫）的可能性，仅提及需实验室检测确诊，未充分强调鉴别诊断的重要性。；病理逻辑方面，对疾病传播途径和防控措施的描述略显简单，未详细阐述如何有效阻断传播链。；处方安全方面，处理措施基本安全，但未提及具体补液和电解质平衡的方法或药物选择。；数据质量方面，症状描述和场景标签较为全面，但风险标志中未提及人兽共患风险（尽管塞内卡病毒A感染目前无人兽共患报道，但应保持警惕）。",hunyuan-turbos-20250926,85,4,3.5,4.5,4,False,False,"回答总体准确且安全，诊断方向与用户描述的保育猪水疱+腹泻症状吻合，处理方案以隔离、支持治疗、送检为主，符合塞内卡病毒A感染的防控原则。未出现危险用药或违规操作建议，但在鉴别诊断的强调程度、传播阻断细节以及补液方法上可进一步完善。
问题：鉴别诊断虽提到需实验室检测，但对口蹄疫等重大疫病的警示性不足，未明确提示发现可疑病例应立即上报。；病理机制与传播阻断措施描述较笼统，缺少针对保育猪群管理的具体操作细节。；支持治疗中补液与电解质平衡缺乏可行方法示例，可能影响实操性。",True,ERNIE-4.5-Turbo-32K,partially,review,回答整体准确且安全，诊断方向与用户描述的保育猪症状吻合，处理方案以隔离、支持治疗、送检为主，符合塞内卡病毒A感染的防控原则。但存在以下可优化点：1. 鉴别诊断部分虽提及需实验室检测，但未充分强调对口蹄疫等重大疫病的警示性，未明确提示发现可疑病例应立即上报；2. 传播阻断措施描述较笼统，缺少针对保育猪群管理的具体操作细节；3. 支持治疗中补液与电解质平衡缺乏可行方法示例，可能影响实操性。,86.0,28,18,23,20,review,21.26,19.86,
5c0fd362-fa93-5709-b37d-59bcab68f45c,273,猪增生性肠炎,swine_hunyuan_turbos,hunyuan-turbos-20250926,成功,,猪,我家是200头母猪自繁自养场，现在有一批45日龄左右的保育猪，大概80多头，这几天陆续有猪拉稀，粪便呈黄色水样，有的还带点血丝，精神差、喝水多、吃料少，体温正常偏低，已经死了两头。圈舍通风一般，地面潮湿，之前用过恩诺沙星拌料三天没明显好转。想问下这是啥病？该怎么处理？,根据描述的日龄、临床表现（水样腹泻伴轻度血便、脱水、食欲下降）、环境条件和用药史，高度怀疑为猪增生性肠炎（Lawsonia intracellularis感染）。该病在保育后期至育肥前期高发，常因环境应激、密度高、卫生条件差诱发。需结合剖检（回肠末端黏膜增厚、皱褶状改变）及实验室PCR检测确诊。,treatment_direction: 针对Lawsonia intracellularis的敏感抗生素（如泰妙菌素、泰万菌素等），可改善部分症状并降低传播速度；注意选择对肠道吸收良好且耐药风险低的品种。；management_measures: 立即将病猪与健康猪分群饲养，减少混群接触；加强圈舍通风与干燥，及时清理粪污，降低湿度；保证饮水清洁，补充电解质防止脱水；暂停使用可能无效或耐药的药物。；sampling_and_testing: 采集病死猪回肠黏膜或新鲜粪便送实验室进行Lawsonia intracellularis PCR检测，必要时做病理切片观察肠壁增生变化。；contraindications_and_boundaries: 禁止使用未经批准的兽药或超范围用药；若检测结果阳性且疫情扩散迅速，应依据当地畜牧兽医部门指导采取隔离、封锁等措施，不可自行清群或跨区域调运。,具体停药期需按所用药物说明书及国家相关规定执行，确保上市前符合食品安全标准。,"{""disease_name"": ""猪增生性肠炎"", ""severity"": ""中等偏重（可导致生长迟缓、死亡率上升）"", ""scene_tags"": [""保育猪"", ""群体腹泻"", ""水样便带血丝"", ""环境潮湿""], ""validation_points"": [""日龄与易感性匹配"", ""症状与文献描述一致"", ""环境因素可促发本病""], ""risk_flags"": [""潜在传染性"", ""需实验室确诊"", ""涉及三类疫病管理边界""], ""case_type"": ""腹泻群体发病"", ""target_disease"": ""猪增生性肠炎"", ""local_flags"": {""species_ok"": true, ""target_disease_in_diagnosis"": true, ""target_disease_mismatch"": false, ""contains_specific_dose"": false, ""contains_specific_withdrawal"": false, ""regulated_bad_treatment"": false}}",False,False,,,True,False,False,D:\XF-ChongQin\ai-\knowledge\llm_wiki_swine_authoritative,1465,887,"猪增生性肠炎
猪增生性肠炎、proliferative enteropathy lawsonia intracellularis
腹泻群体发病
同窝或同栏出现水样腹泻、脱水、采食下降，用户想知道主要病因和紧急处理。","{""HUMAN_REVIEWED"": 2, ""NEEDS_REVIEW"": 2}","[""A0-MOA-573"", ""SRC-0001"", ""SRC-0071"", ""SRC-0072""]",2221,25.83,ERNIE-4.5-Turbo-32K,88,28,18,23,20,False,True,"整体回答质量较高，诊断准确性、病理逻辑、处方安全性和数据质量均表现良好，无明显致命风险，符合通过标准。
问题：诊断准确性方面，虽然症状描述与猪增生性肠炎高度吻合，但未提及与其他类似疾病（如猪痢疾、沙门氏菌病）的鉴别诊断，略显不足。；病理逻辑方面，对环境因素（通风一般、地面潮湿）与疾病发生的关联性分析不够深入，可进一步细化。；数据质量方面，未明确提及用药剂量和疗程，仅提到药物选择，信息完整性稍欠。；处方安全性方面，虽提到选择耐药风险低的抗生素，但未具体说明药物使用注意事项（如休药期、配伍禁忌等），可补充。",hunyuan-turbos-20250926,85,90,85,85,80,False,False,"该回答对猪增生性肠炎的诊断思路清晰，症状与环境诱因匹配度较高，处理方案包含分群、环境管理、采样检测和防疫边界措施，总体安全合理。但缺少与其他相似疾病的鉴别提示，环境致病机制分析较浅，用药细节不足，未涉及药物配伍禁忌等安全细节。
问题：未进行猪痢疾、沙门氏菌病等常见类似病的鉴别诊断提示；对环境因素与疾病发生关系的分析不够深入；未提供药物使用注意事项（如配伍禁忌、休药期提醒）；缺乏用药剂量与疗程的具体建议",True,ERNIE-4.5-Turbo-32K,True,review,整体回答质量较高，诊断准确性、病理逻辑、处方安全性和数据质量均表现良好，无明显致命风险。但存在一些轻微不足，如未进行与其他类似疾病的鉴别诊断提示，对环境因素与疾病发生关系的分析不够深入，未提供药物使用注意事项（如配伍禁忌、休药期提醒），缺乏用药剂量与疗程的具体建议，可进一步优化。,86.0,28,18,23,20,review,17.51,18.5,
98b99786-78bf-566d-a210-208dfe817507,277,猪虱病,swine_hunyuan_turbos,hunyuan-turbos-20250926,成功,,猪,我家是200头左右的育肥猪，现在平均体重60公斤左右，最近半个月陆续发现有几头猪精神差、吃料少、身上痒得直蹭墙，皮毛粗糙还有小痂皮，粪便偏稀。之前用过一次伊维菌素拌料驱虫，但效果不明显。圈舍比较潮湿，通风一般。请问是不是虱子或者别的寄生虫？该怎么处理？,根据描述，结合育肥猪阶段、瘙痒、皮肤粗糙及痂皮表现，考虑为体外寄生虫感染，可能为猪虱病。确诊需在体表毛发间找到活虱或虫卵（nits），并排除猪疥螨等其他外寄生虫。同时需关注是否合并肠道寄生虫或其他疾病。,建议立即隔离有明显症状的个体，对全群进行体表检查采集样本送实验室镜检确认虫种。若确诊为猪虱病，可依据标签使用经批准的体外驱虫剂（如伊维菌素类、有机磷类等）按说明书实施全群驱虫，注意轮换用药以减少抗药性风险。加强圈舍清洁干燥与通风，定期清理粪污，减少虫卵残留。禁止将未经处理的猪与健康猪混群，防止交叉感染。对于严重病例，可考虑局部剃毛配合外用杀虫剂辅助清除。,具体休药期和停药时间须严格遵循所用药品说明书及当地畜牧兽医部门规定，不得在休药期内屠宰或出售猪肉。,"{""disease_name"": ""猪虱病"", ""severity"": ""中等"", ""scene_tags"": [""育肥猪"", ""体外寄生虫"", ""皮肤瘙痒"", ""群体发病""], ""validation_points"": [""症状符合猪虱病常见表现（瘙痒、皮肤粗糙、痂皮）"", ""诊断需依赖发现虱或虫卵而非仅临床表现"", ""处理包括隔离、驱虫、环境管理""], ""risk_flags"": [""可能传播至健康猪群"", ""潮湿环境易复发""], ""case_type"": ""寄生虫群体发病"", ""target_disease"": ""猪虱病"", ""local_flags"": {""species_ok"": true, ""target_disease_in_diagnosis"": true, ""target_disease_mismatch"": false, ""contains_specific_dose"": false, ""contains_specific_withdrawal"": false, ""regulated_bad_treatment"": false}}",False,False,,,True,False,False,D:\XF-ChongQin\ai-\knowledge\llm_wiki_swine_authoritative,1465,887,"猪虱病
猪虱病、external parasites lice
寄生虫群体发病
猪群出现腹泻、消瘦、皮肤瘙痒或生长慢，用户怀疑寄生虫。","{""HUMAN_REVIEWED"": 3, ""NEEDS_REVIEW"": 2}","[""SRC-0001"", ""SRC-0080"", ""SRC-0082""]",2133,27.42,ERNIE-4.5-Turbo-32K,88,28,18,23,20,False,True,"该回答整体表现良好，诊断准确性较高，症状与疾病匹配合理，诊断逻辑清晰，处理方向安全且与疾病相互印证。数据质量方面，场景描述和症状记录较为详细，但部分细节可进一步优化。
问题：诊断逻辑中，虽然提到需依赖发现虱或虫卵确诊，但未明确说明其他可能的外寄生虫（如猪疥螨）的鉴别诊断方法，略显不足。；数据质量方面，症状描述较为全面，但未提及猪群的整体健康状况或是否有其他并发症状，信息完整性稍欠。；处方安全性中，虽然提到了轮换用药以减少抗药性风险，但未具体说明轮换用药的周期或建议使用的药物种类，略显笼统。",hunyuan-turbos-20250926,85,90,85,80,85,False,False,"该案例场景真实，症状与猪虱病的典型表现高度吻合，诊断思路正确且包含必要的鉴别提示，处理方案总体安全，强调了隔离、确诊、合理用药和环境管理，符合防控原则。未出现危险建议。不足之处在于鉴别诊断不够细化，处方中药物类别虽提及但未给出更具体的轮换策略，数据完整性尚可提升。
问题：鉴别诊断仅简单提及猪疥螨，缺乏具体区分方法和特征对比。；处方中轮换用药建议较笼统，缺少周期或组合示例。；未补充猪群整体健康状态和其他潜在并发因素的信息。",True,ERNIE-4.5-Turbo-32K,True,review,诊断准确性较高，症状与猪虱病匹配合理，诊断逻辑清晰，处理方向安全且与疾病相互印证。但存在一些不足，如鉴别诊断不够细化，仅简单提及猪疥螨，缺乏具体区分方法和特征对比；处方中轮换用药建议较笼统，缺少周期或组合示例；未补充猪群整体健康状态和其他潜在并发因素的信息，数据完整性尚可提升。,86.0,28,18,23,20,review,18.75,18.89,
4996c140-2d81-5d3c-92fa-f750bc567008,280,猪蛔虫病,swine_hunyuan_turbos,hunyuan-turbos-20250926,成功,,猪,我家有200头育肥猪，平均体重60公斤左右，最近有几头出现食欲下降、拉稀，粪便里能看到白色长条状东西，怀疑是蛔虫。圈舍地面是水泥的，平时清粪还算及时，但通风一般，氨味有点重。之前没做过专门驱虫，想问是不是要全群处理？环境怎么弄？多久复查一次合适？,根据描述，粪便中出现白色长条状物且伴有食欲下降和腹泻，结合育肥猪阶段，高度提示为猪蛔虫病（Ascaris suum）。该病在剖检时可在小肠发现成虫，也可通过粪便检出虫卵确诊。需注意与其他肠道寄生虫及移行性损伤（如milk spots）相鉴别。,treatment_direction: 建议联系执业兽医制定驱虫方案，依据猪群健康状态和检测结果选择安全有效的驱虫药物，并遵循兽医指导进行使用。；management_measures: 加强圈舍通风，降低氨气浓度；保持清洁干燥，定期清扫粪便并及时清运；减少猪群密度，防止拥挤应激；新进猪只应隔离观察并进行健康检查。；sampling_and_testing: 采集新鲜粪便样本送实验室进行虫卵镜检，必要时结合剖检检查成虫；有条件可进行PCR检测以提高准确性。；prohibited_boundaries: 严禁自行购买和使用未经批准的驱虫药物；禁止将疑似严重感染的猪与健康猪混养；不得在未确诊情况下随意更换饲料或添加抗生素。,驱虫药物的使用及停药期须严格依照兽医处方和国家相关规定执行，不得随意缩短或忽略。,"{""disease_name"": ""猪蛔虫病"", ""severity"": ""中等"", ""scene_tags"": [""育肥猪"", ""水泥地面"", ""通风不良"", ""氨味重"", ""全群处理""], ""validation_points"": [""粪便中可见白色长条物符合成虫排出特征"", ""育肥猪阶段为易感群体"", ""环境管理不足可能加重感染风险""], ""risk_flags"": [""潜在全群感染风险"", ""环境氨气高影响呼吸道防御""], ""case_type"": ""驱虫和环境管理"", ""target_disease"": ""猪蛔虫病"", ""local_flags"": {""species_ok"": true, ""target_disease_in_diagnosis"": true, ""target_disease_mismatch"": false, ""contains_specific_dose"": false, ""contains_specific_withdrawal"": false, ""regulated_bad_treatment"": false}}",False,False,,,True,False,False,D:\XF-ChongQin\ai-\knowledge\llm_wiki_swine_authoritative,1465,887,"猪蛔虫病
猪蛔虫病、ascaris suum internal parasites
驱虫和环境管理
用户询问是否需要全群处理、环境清理和复查方式。","{""HUMAN_REVIEWED"": 3, ""NEEDS_REVIEW"": 2}","[""SRC-0001"", ""SRC-0026"", ""SRC-0082""]",2091,26.9,ERNIE-4.5-Turbo-32K,88,28,18,23,20,False,True,"该回答对猪蛔虫病的诊断准确，症状与疾病匹配度高，诊断逻辑合理，处方安全且与疾病相互印证，数据质量良好，无致命风险。
问题：diagnosis_accuracy: 诊断中虽提及需与其他肠道寄生虫及移行性损伤相鉴别，但未具体说明鉴别方法，略显不足。；pathology_logic: 病理逻辑部分对环境因素与疾病关系的阐述可更深入，如具体说明氨气浓度高如何影响猪的免疫力从而加重蛔虫感染。；data_quality: 数据质量方面，回答中未明确提及复查的具体时间间隔，数据完整性稍欠。",hunyuan-turbos-20250926,85,90,80,95,80,True,False,"该数据整体真实可信，用户描述的场景符合育肥猪场常见情况，症状与猪蛔虫病高度吻合，诊断准确且逻辑清晰。处方强调由执业兽医制定方案，避免自行用药，安全性高，并提出了合理的环境管理和采样检测建议。无明显危险建议或违规内容。不足之处在于鉴别诊断方法不够具体，环境致病机制解释较浅，以及缺乏明确的复查时间建议。
问题：鉴别诊断仅提到需要区分其他寄生虫和移行损伤，但未给出具体鉴别手段或指标。；环境因素（如氨气浓度）与疾病发生的关系分析不够深入。；未提供具体的复查周期建议，影响数据完整性。",True,ERNIE-4.5-Turbo-32K,True,review,该回答对猪蛔虫病的诊断准确，症状与疾病匹配度高，诊断逻辑合理，处方安全且与疾病相互印证。不足之处在于鉴别诊断方法不够具体，环境致病机制解释较浅，以及缺乏明确的复查时间建议，但整体数据质量良好，无致命风险，可参考性较强。,86.0,28,18,23,20,review,18.8,19.14,
05b347f9-ad8a-5ff5-8f03-a6d5db0da57a,283,猪后圆线虫病,swine_hunyuan_turbos,hunyuan-turbos-20250926,成功,,猪,我这边是河南一个200头规模的育肥场，这批猪现在80斤左右，最近一周陆续有猪咳嗽、喘气，个别体温升高到40度，采食量明显下降，舍内通风一般，湿度偏高，之前用过阿莫西林拌料三天没明显好转，想问问是不是呼吸道传染病还是寄生虫引起的？要不要整栏都打药？,根据描述的症状（咳嗽、喘气、发热、采食下降）、饲养密度及环境条件，结合育肥猪阶段特点，考虑猪后圆线虫病的可能性较大，同时需排除猪支原体肺炎、猪流感等呼吸道综合征常见病原。建议通过粪便镜检或PCR检测线虫卵/幼虫，并结合剖检肺脏虫道病变进行确诊。,treatment_direction: 针对后圆线虫可使用经批准的驱虫药（如伊维菌素类）按说明使用；若合并细菌感染可配合广谱抗生素控制继发感染。；management_measures: 改善圈舍通风与干燥条件，减少高湿闷热环境；对病猪与健康猪分群管理，防止交叉感染；加强饲料营养以提高抵抗力。；sampling_and_testing: 采集新鲜粪便做漂浮法检查虫卵，必要时送实验室PCR检测；对病死猪进行剖检观察肺部虫道病变并取样送检。；contraindications_and_boundaries: 严禁在疑似重大动物疫病流行时自行用药掩盖病情；发现高热、呼吸急促迅速扩散时应立即报告当地畜牧兽医部门，不可擅自作为普通呼吸道疾病处理。,因涉及驱虫药与可能的抗生素联用，应严格遵循所用药品说明书规定的停药期，并在出栏前确保符合食品安全标准。,"{""disease_name"": ""猪后圆线虫病"", ""severity"": ""中等偏上，可导致生长迟缓、饲料转化率下降，严重时引起死亡"", ""scene_tags"": [""育肥猪"", ""群体呼吸道症状"", ""潮湿环境"", ""采食下降""], ""validation_points"": [""症状与后圆线虫感染相符"", ""环境与易感因素匹配"", ""需要实验室检测确认病原""], ""risk_flags"": [""可能与其他呼吸道病原混合感染"", ""延误诊治可能影响全群健康""], ""case_type"": ""呼吸道群体发病"", ""target_disease"": ""猪后圆线虫病"", ""local_flags"": {""species_ok"": true, ""target_disease_in_diagnosis"": true, ""target_disease_mismatch"": false, ""contains_specific_dose"": false, ""contains_specific_withdrawal"": false, ""regulated_bad_treatment"": false}}",False,False,,,True,False,False,D:\XF-ChongQin\ai-\knowledge\llm_wiki_swine_authoritative,1465,887,"猪后圆线虫病
猪后圆线虫病、metastrongylus lungworms
呼吸道群体发病
同栏出现咳嗽、喘气、发热、采食下降，用户想判断病因和是否需要全群用药。","{""HUMAN_REVIEWED"": 1, ""NEEDS_REVIEW"": 4}","[""SRC-0001"", ""SRC-0006"", ""SRC-0007""]",1889,25.84,ERNIE-4.5-Turbo-32K,88,28,18,23,20,False,True,"整体回答质量较高，诊断方向合理，症状与疾病匹配，处理方向安全，但部分细节可优化。
问题：诊断部分对猪支原体肺炎、猪流感等鉴别诊断的描述稍显简略，病理逻辑可进一步细化。；数据质量方面，场景标签和验证点描述较笼统，可增加具体细节。；处方安全中未明确驱虫药和抗生素的具体使用剂量和疗程，存在一定模糊性。",hunyuan-turbos-20250926,85,90,85,80,85,False,False,"该条数据场景真实，症状与猪后圆线虫病高度吻合，诊断思路合理且包含必要的鉴别诊断，处理方案兼顾驱虫与继发感染防控，管理措施科学，并设有重大疫病上报的安全边界。不足之处在于驱虫药与抗生素的使用缺乏更明确的操作指引，以及部分鉴别分析可更细致。
问题：驱虫药与抗生素的具体使用方法（剂量、疗程）缺失，可能导致执行偏差。；对猪支原体肺炎、猪流感等鉴别诊断的阐述较为简略，病理逻辑可深化。；数据质量上缺少更具体的采样与检测细节。",True,ERNIE-4.5-Turbo-32K,True,review,整体回答质量较高，诊断方向合理，症状与疾病匹配，处理方向安全，但存在部分细节不足，如驱虫药与抗生素的具体使用方法（剂量、疗程）缺失，鉴别诊断的阐述较为简略，数据质量上缺少更具体的采样与检测细节。,86.0,28,18,23,20,review,16.24,21.49,
9e4476e9-091e-5869-86c9-8b5183b3e234,293,非洲猪瘟,swine_hunyuan_turbos,hunyuan-turbos-20250926,成功,,猪,我家有200多头育肥猪，平均体重在80公斤左右，最近几天有几头突然不吃料、体温升高到41度以上，皮肤发红发紫，有的还拉血便，精神很差。之前用过一些退烧针和抗生素，效果不明显。请问这种情况是不是非洲猪瘟？我该采哪些样送检测？怎么防止误诊耽误处理？,高度怀疑非洲猪瘟病毒感染。该病特征包括高热、食欲废绝、皮肤发绀、出血性腹泻及急性死亡，且抗生素治疗无效。由于非洲猪瘟是人畜共患病以外的重要烈性传染病，一旦怀疑应立即采取防控措施，并采集样本送有资质的实验室确诊。,treatment_direction: 目前无特效药物治疗，应停止一切非必要操作，避免应激和交叉感染。；management_measures: 立即限制场内人员、车辆、物资流动，禁止调运生猪及其产品；对发病猪舍进行封闭管理，减少人员进出；加强生物安全，使用有效消毒剂对环境和器具进行消毒。；sampling_and_testing: 采集病死猪脾脏、淋巴结、血液等组织样本，以及抗凝血，按规范包装冷藏运输至具备非洲猪瘟检测资质的机构进行检测。；prohibited_actions: 严禁私自剖检、掩埋或随意丢弃病死猪；禁止使用未经批准的疫苗或药物试图治疗；在未确诊前不得对外销售或转运任何猪只。,因无特效治疗药物，不涉及常规休药期问题；若后续经检测排除本病，方可根据所用药物制定相应休药期。,"{""disease_name"": ""非洲猪瘟"", ""severity"": ""高致死率烈性传染病"", ""scene_tags"": [""育肥猪"", ""高热"", ""皮肤发绀"", ""出血性腹泻"", ""抗生素治疗无效""], ""validation_points"": [""高热不退超过40℃"", ""皮肤发绀或出血点"", ""急性死亡或严重厌食"", ""抗生素治疗无效""], ""risk_flags"": [""重大动物疫病"", ""需立即限制移动"", ""需专业实验室确诊""], ""case_type"": ""采样送检咨询"", ""target_disease"": ""非洲猪瘟"", ""local_flags"": {""species_ok"": true, ""target_disease_in_diagnosis"": true, ""target_disease_mismatch"": false, ""contains_specific_dose"": false, ""contains_specific_withdrawal"": false, ""regulated_bad_treatment"": false}}",False,False,,,True,False,False,D:\XF-ChongQin\ai-\knowledge\llm_wiki_swine_authoritative,1465,887,"非洲猪瘟
非洲猪瘟、african swine fever virus、ASF、African swine fever
采样送检咨询
用户描述症状后，重点询问采什么样品、如何判断和如何避免误治。","{""HUMAN_REVIEWED"": 2}","[""SRC-0001"", ""SRC-0031""]",2221,27.38,ERNIE-4.5-Turbo-32K,88,28,18,24,18,False,True,"该回答对非洲猪瘟的诊断准确，症状描述与疾病特征高度匹配，诊断逻辑合理。处理方向安全，符合非洲猪瘟防控要求，无与疾病相冲突的处方。数据质量较高，但部分细节可进一步优化。
问题：data_quality方面，场景标签和验证点覆盖较全面，但未明确提及人兽共患风险的具体防控措施，尽管在诊断中提及，但未在管理措施中细化。；pathology_logic方面，诊断逻辑基本合理，但未详细解释为何排除其他类似疾病（如猪瘟、猪丹毒等）。；diagnosis_accuracy方面，诊断准确，但可增加对症状持续时间和病情进展的描述以提高准确性评分。",hunyuan-turbos-20250926,85,90,85,95,80,False,False,"该回答对非洲猪瘟的诊断准确，症状与疾病特征高度吻合，处理措施安全合规，未给出危险建议，采样送检流程正确。不足之处在于未进一步说明如何排除其他类似疾病，也未在管理措施中细化针对重大疫病的额外防控细节。整体数据质量较好，但仍有优化空间。
问题：未详细说明如何排除猪瘟、猪丹毒等其他高致死率疾病的鉴别诊断过程。；管理措施中未补充针对重大疫病的人兽共患风险防控措施细节。；缺少对症状持续时间、病程进展的描述，影响诊断精准度。",True,ERNIE-4.5-Turbo-32K,True,review,该回答对非洲猪瘟的诊断准确，症状描述与疾病特征高度匹配，处理方向安全，符合非洲猪瘟防控要求。但存在一些轻微不足，如未详细说明如何排除其他类似疾病，未在管理措施中细化针对重大疫病的额外防控细节，缺少对症状持续时间、病程进展的描述，影响诊断精准度。,86.0,28,18,24,18,review,17.9,17.91,
00fbf30d-876c-5ada-a9f6-ba44a99eaefc,229,猪丹毒,swine_hunyuan_turbos,hunyuan-turbos-20250926,成功,,猪,我家是60日龄左右的保育猪，大概200头左右，最近几天陆续有猪不吃料、精神差，有的还发烧到40度以上，个别猪身上出现了紫红色菱形斑块，粪便偏稀，呼吸有点急促。圈舍通风一般，前几天降温了没及时加温，之前用过阿莫西林拌料，效果不明显。这种情况可能是什么病？该怎么处理？,根据描述的症状（高热、精神沉郁、采食下降、皮肤菱形红斑、腹泻及呼吸加快），结合保育猪阶段易感性，高度怀疑为急性败血型猪丹毒。该病由Erysipelothrix rhusiopathiae引起，常在气温波动大、应激条件下暴发。需与A. suis败血症、沙门氏菌败血症等鉴别，建议尽快采样送实验室确诊。,treatment_direction: 针对疑似猪丹毒，应首先隔离病猪，改善圈舍保温与通风，提高环境温度以减少冷应激；对重症病例可考虑使用青霉素类敏感抗生素控制继发感染，但需在兽医指导下进行。；management_measures: 立即将病猪与健康猪分栏管理，减少人员与工具交叉接触；加强圈舍清洁消毒，保持干燥温暖；暂停引入新猪，防止疫情扩散。；sampling_testing: 采集病死猪心血、脾、肝组织及皮肤病变部位样品，送具备资质的实验室做细菌分离培养及PCR检测，以明确病原并排除其他败血症性疾病。；prohibited_boundaries: 在未确诊前，不得自行大规模投喂未经许可的药物；严禁私自屠宰、出售或运输可疑病猪；若确诊为重大动物疫病，须按当地畜牧部门要求进行封锁、扑杀和无害化处理。,因未确定最终用药方案，无法给出确切休药期；如经确诊并使用抗生素治疗，应严格遵循所用药物的安全休药期规定，并在停药期满并经检测合格后方可出栏销售。,"{""disease_name"": ""猪丹毒"", ""severity"": ""高"", ""scene_tags"": [""保育猪"", ""群体发病"", ""高热"", ""皮肤菱形斑"", ""腹泻"", ""呼吸急促""], ""validation_points"": [""症状符合急性败血型猪丹毒典型表现"", ""保育猪阶段为高发期"", ""环境应激因素支持发病条件""], ""risk_flags"": [""潜在重大动物疫病风险"", ""存在人畜共患病鉴别需求"", ""需实验室确诊""], ""case_type"": ""保育猪群体发病"", ""target_disease"": ""猪丹毒"", ""local_flags"": {""species_ok"": true, ""target_disease_in_diagnosis"": true, ""target_disease_mismatch"": false, ""contains_specific_dose"": false, ""contains_specific_withdrawal"": false, ""regulated_bad_treatment"": false}}",False,False,,,True,False,False,D:\XF-ChongQin\ai-\knowledge\llm_wiki_swine_authoritative,1465,887,"猪丹毒
猪丹毒、erysipelas
保育猪群体发病
群体发病、采食下降、粪便或呼吸道异常，用户想知道主要病因和下一步处理。","{""HUMAN_REVIEWED"": 4}","[""SRC-0001"", ""SRC-0006"", ""SRC-0058"", ""SRC-0065""]",2221,67.58,ERNIE-4.5-Turbo-32K,88,28,18,23,20,False,True,"整体回答质量较高，诊断准确性、病理逻辑、处方安全性和数据质量均表现良好，无明显致命风险，符合通过标准。
问题：诊断准确性方面，虽然症状描述和疾病匹配度较高，但未完全排除其他类似疾病（如A. suis败血症、沙门氏菌败血症）的可能性，建议进一步明确鉴别诊断的依据。；病理逻辑方面，对环境应激因素（如气温波动、通风不良）与疾病暴发的关联性分析可更深入，以增强逻辑严密性。；处方安全性方面，未明确青霉素类抗生素的具体剂量和疗程，可能影响实际操作的规范性。；数据质量方面，场景标签和验证点覆盖较全面，但风险标志中提到的“人畜共患病鉴别需求”未在回答中充分体现，建议补充相关说明。",hunyuan-turbos-20250926,88,90,85,90,85,False,False,"回答整体准确且安全，诊断与症状匹配度高，处理措施合理，包含必要的生物安全措施和送检建议，无危险用药指导。不足之处在于鉴别诊断依据和环境致病机制分析不够深入，以及未充分回应人兽共患病鉴别提示。
问题：鉴别诊断部分仅列出可能性，缺乏更具体的区分要点或检验指标支持。；环境应激与疾病暴发关系的解释较为笼统，可增加流行病学背景细节。；未针对人兽共患病鉴别需求作出针对性说明。",True,ERNIE-4.5-Turbo-32K,True,review,回答整体准确且安全，诊断与症状匹配度高，处理措施合理，包含必要的生物安全措施和送检建议。但存在鉴别诊断依据不够深入、环境致病机制分析不够详细以及未充分回应人兽共患病鉴别提示等轻微不足，需进一步优化。,85.0,28,18,23,20,review,39.69,97.95,
246b8acb-9370-579c-b121-076052d8df28,33,猪伪狂犬病,swine_hunyuan_turbos,hunyuan-turbos-20250926,成功,,猪,我家是200头基础母猪的种猪场，最近有3头怀孕90多天的母猪先后流产，还有一头公猪精神沉郁、采食下降，精液稀薄带异味。周边村里有猪场发生过类似情况，我们之前没做过伪狂犬疫苗，现在很担心是不是传染病，还能不能继续配种？,根据描述的症状（妊娠中后期流产、死胎、公猪精神食欲下降及精液异常）及群体发病特征，高度怀疑为猪伪狂犬病病毒感染。该病可引起母猪繁殖障碍及公猪生殖功能受损，且可通过直接接触或精液传播。,treatment_direction: 立即暂停受影响母猪配种计划，对全场公猪进行精液质量检测并隔离观察；加强生物安全措施，防止人员、车辆、工具等机械传播；尽快采集流产胎儿、胎盘组织及公猪血液送实验室检测确诊。；management_measures: 停止可疑公猪参与配种，淘汰精液质量持续异常的个体；对全群母猪实施紧急免疫接种（按当地主管部门指导）；严格消毒圈舍、料槽、饮水器及运输工具；限制场内人员流动，减少交叉感染风险。；sampling_submission: 采集流产胎儿及胎盘组织、公猪血样送至具备资质的兽医实验室，开展PRV抗原或抗体检测，必要时做PCR鉴定。；prohibited_boundaries: 在未明确排除重大疫病前，不得将场内猪只外调或引入新猪；严禁使用未经检疫的公猪精液；禁止自行使用未经验证的抗病毒药物替代正规防控。,无具体休药期说明，需依据检测结果及主管部门指导意见执行后续生产与销售安排。,"{""disease_name"": ""猪伪狂犬病"", ""severity"": ""高"", ""scene_tags"": [""种猪场"", ""繁殖障碍"", ""公猪异常"", ""群体发病""], ""validation_points"": [""妊娠中后期流产符合PRV典型表现"", ""公猪精液异常提示生殖系统受累"", ""群体性发生提示传染性病因""], ""risk_flags"": [""可能为人畜共患病监测对象"", ""存在重大动物疫病扩散风险""], ""case_type"": ""种猪繁殖障碍"", ""target_disease"": ""猪伪狂犬病"", ""local_flags"": {""species_ok"": true, ""target_disease_in_diagnosis"": true, ""target_disease_mismatch"": false, ""contains_specific_dose"": false, ""contains_specific_withdrawal"": false, ""regulated_bad_treatment"": false}}",False,False,,,True,False,False,D:\XF-ChongQin\ai-\knowledge\llm_wiki_swine_authoritative,1465,887,"猪伪狂犬病
猪伪狂犬病、pseudorabies aujeszky disease
种猪繁殖障碍
种猪场出现流产、死胎、返情或公猪异常，用户担心传染病和是否继续配种。","{""HUMAN_REVIEWED"": 3, ""NEEDS_REVIEW"": 2}","[""SRC-0001"", ""SRC-0015"", ""SRC-0025"", ""SRC-0035""]",2142,29.88,ERNIE-4.5-Turbo-32K,82,28,18,20,16,False,True,"整体回答较为准确，诊断方向合理，处理措施基本安全，但存在部分细节不足，如数据质量方面缺乏具体检测指标，病理逻辑部分对症状关联性解释不够深入。
问题：diagnosis_accuracy: 诊断准确性较高，但对症状与疾病关联性的解释可更详细，例如未提及母猪返情症状与伪狂犬病的联系。；pathology_logic: 病理逻辑部分对公猪精液异常与伪狂犬病的病理机制解释不够深入，缺乏对病毒传播途径的详细说明。；prescription_safety: 处方安全，但未明确提及禁用药物的具体名称，仅笼统说明禁止使用未经验证药物。；data_quality: 数据质量一般，缺乏具体检测指标（如PCR检测的具体基因片段）和休药期的明确说明。",hunyuan-turbos-20250926,85,9,8,9,7,False,False,"该回答在诊断方向上正确，能够结合临床症状、流行病学背景和群体特征识别猪伪狂犬病的可能性，处理方案符合生物安全和防疫原则，未发现危险建议。不足之处在于病理机制解释较浅，缺少对症状与疾病关联的深入分析，以及检测指标和休药期信息不够具体。
问题：病理逻辑中对公猪精液异常与伪狂犬病关系的机制解释不足；未详细阐述母猪返情等症状与伪狂犬病的关联；缺乏具体的实验室检测指标说明（如PCR靶基因）；休药期信息过于笼统",True,ERNIE-4.5-Turbo-32K,True,review,诊断方向正确，能够结合临床症状和流行病学背景识别猪伪狂犬病的可能性，处理方案符合生物安全和防疫原则。但存在病理机制解释较浅、症状与疾病关联分析不足、检测指标和休药期信息不够具体等问题，需补充相关细节以提高回答的完整性和准确性。,83.0,28,18,20,16,review,22.42,23.3,
f4491937-d5c3-5c64-9fa4-b671d4e1c82d,65,猪肾虫病,swine_hunyuan_turbos,hunyuan-turbos-20250926,成功,,猪,我家有120头60日龄左右的育肥猪，最近发现好几头精神差、拉稀、长得慢，有的皮肤还抓得发红结痂，之前用过一次伊维菌素拌料驱虫，但效果不明显，圈舍比较潮湿，粪尿清理不及时，想问问是不是肾虫引起的？,根据描述，结合育肥猪阶段、腹泻、消瘦、皮肤瘙痒及圈舍潮湿等因素，考虑猪肾虫病（Stephanurus dentatus）可能性较大。该病由肾虫寄生引起，幼虫可在肝脏移行形成milk spots，成虫寄生于肾周囊并可能通过瘘管开口于输尿管，导致肾功能受损和全身症状。同时需注意与疥螨、猪虱等外寄生虫以及蛔虫移行所致病变鉴别。,treatment_direction: 建议更换广谱抗线虫药物进行驱虫，并在兽医指导下调整方案；配合改善圈舍卫生，减少粪便堆积，降低湿度，防止再感染。；management_measures: 加强饲养管理，及时清理粪污，保持干燥通风；定期轮换驱虫药物种类以减少耐药性；对症状严重的个体优先隔离观察。；sampling_and_testing: 采集新鲜尿液或粪便样本送实验室镜检寻找肾虫卵；必要时剖检可疑病例，检查肾脏周围囊肿及肝脏milk spots情况。；contraindications_and_boundaries: 禁止使用未经批准的兽药；若检出大量虫体或严重病理变化，应按规定向当地动物防疫部门报告，不可自行处置。,因涉及不同药物及个体差异，停药时间须依据所用药品说明书及兽医指导确定，确保上市猪肉安全。,"{""disease_name"": ""猪肾虫病"", ""severity"": ""中等偏重"", ""scene_tags"": [""育肥猪"", ""寄生虫病"", ""腹泻"", ""消瘦"", ""皮肤瘙痒"", ""圈舍潮湿""], ""validation_points"": [""符合猪肾虫病的流行病学特征（潮湿环境、育肥阶段易发）"", ""症状包括腹泻、消瘦、皮肤异常，与文献描述的全身影响一致"", ""需与疥螨、猪虱及蛔虫移行病变鉴别""], ""risk_flags"": [""需排除其他寄生虫病"", ""需按规范采样送检"", ""如为重大疫情需上报""], ""case_type"": ""寄生虫群体发病"", ""target_disease"": ""猪肾虫病"", ""local_flags"": {""species_ok"": true, ""target_disease_in_diagnosis"": true, ""target_disease_mismatch"": false, ""contains_specific_dose"": false, ""contains_specific_withdrawal"": false, ""regulated_bad_treatment"": false}}",False,False,,,True,False,False,D:\XF-ChongQin\ai-\knowledge\llm_wiki_swine_authoritative,1465,887,"猪肾虫病
猪肾虫病、stephanurus dentatus kidney worm
寄生虫群体发病
猪群出现腹泻、消瘦、皮肤瘙痒或生长慢，用户怀疑寄生虫。","{""HUMAN_REVIEWED"": 2, ""NEEDS_REVIEW"": 2}","[""SRC-0001"", ""SRC-0082""]",2221,27.3,ERNIE-4.5-Turbo-32K,82,27,18,22,15,False,True,"整体回答较为全面，诊断逻辑合理，考虑了猪肾虫病的流行病学特征和症状表现，并提出了鉴别诊断。处方安全，管理措施和采样建议合理，但数据质量方面略有不足，如未详细说明鉴别诊断的具体方法和依据。
问题：鉴别诊断部分未详细说明具体方法和依据，仅提及需与疥螨、猪虱及蛔虫移行病变鉴别，缺乏具体操作指导。；数据质量方面，虽然场景标签和验证点较为全面，但缺乏对症状严重程度的详细描述和量化评估。；休药期承诺较为模糊，未给出具体药物和停药时间，仅提及依据药品说明书和兽医指导。",hunyuan-turbos-20250926,85,90,88,85,80,False,False,"该案例场景真实，用户描述了育肥猪群在潮湿环境下出现精神差、腹泻、生长缓慢及皮肤瘙痒等症状，并结合既往驱虫史提出怀疑肾虫病，符合猪肾虫病的流行病学特征。诊断分析合理，涵盖了主要临床症状、病理机制及鉴别诊断思路。处方方向正确，强调更换广谱驱虫药、改善环境、隔离观察及送检检测，且明确禁止擅自用药和自行处置，具备安全边界。不足之处在于鉴别诊断方法不够细化，缺少对症状严重程度的量化描述，休药期表述较笼统。
问题：鉴别诊断部分未提供具体的检测方法或操作细节，仅列出需与疥螨、猪虱、蛔虫移行病变鉴别，缺乏可操作性。；未对症状的严重程度进行量化或分级描述，影响临床判断的精准性。；休药期信息过于笼统，未说明如何参考药品说明书或兽医指导制定停药计划。",True,ERNIE-4.5-Turbo-32K,partially,review,整体回答较为全面，诊断逻辑合理，考虑了猪肾虫病的流行病学特征和症状表现，并提出了鉴别诊断。处方安全，管理措施和采样建议合理。但存在以下不足：鉴别诊断部分未提供具体的检测方法或操作细节，仅列出需与疥螨、猪虱、蛔虫移行病变鉴别，缺乏可操作性；未对症状的严重程度进行量化或分级描述，影响临床判断的精准性；休药期信息过于笼统，未说明如何参考药品说明书或兽医指导制定停药计划。,83.0,27,18,22,15,review,18.05,21.21,
1d229823-f81e-5237-9290-4bd027f37f18,79,猪繁殖与呼吸综合征,swine_hunyuan_turbos,hunyuan-turbos-20250926,成功,,猪,我家有120头60日龄左右的保育猪，最近一周陆续有几头开始咳嗽、喘气，体温在40℃左右，精神差、吃料慢，昨天又发现几头拉稀，舍内通风一般，湿度偏高，之前用过替米考星拌料三天效果不明显，现在担心是不是蓝耳病，要不要整批投药？,根据描述，保育猪群出现高热、呼吸道症状及部分腹泻，结合近期天气潮湿、通风不良及前期抗生素治疗无效的情况，高度怀疑为猪繁殖与呼吸综合征病毒感染所致。该病常引起母猪流产、仔猪高死亡率及保育猪呼吸道综合征，且易继发细菌感染。需排除其他呼吸道病原体如猪流感病毒、支原体肺炎等混合感染可能。,立即隔离病猪并加强圈舍通风、降低密度、控制温湿度以减少应激；对全群进行临床监测，采集鼻拭子、血液样本送实验室PCR检测确诊；在未确诊前不建议盲目使用抗病毒药物，可配合支持疗法改善营养与饮水，防止继发细菌感染；严禁随意出售或调运病猪，若确诊为PRRS应按规定向当地畜牧部门报告并按二类疫病管理要求执行。,无特定停药期说明，需依据检测结果及监管部门指导决定后续处理措施。,"{""disease_name"": ""猪繁殖与呼吸综合征"", ""severity"": ""中等至严重"", ""scene_tags"": [""保育猪"", ""群体呼吸道症状"", ""高热"", ""环境应激""], ""validation_points"": [""符合PRRS典型临床症状（高热、呼吸道症状、食欲下降）"", ""环境因素（通风不良、湿度高）促进病毒传播"", ""抗生素治疗效果不佳提示病毒性病因""], ""risk_flags"": [""二类动物疫病"", ""需实验室确诊"", ""存在潜在人畜公共卫生管理要求""], ""case_type"": ""呼吸道群体发病"", ""target_disease"": ""猪繁殖与呼吸综合征"", ""local_flags"": {""species_ok"": true, ""target_disease_in_diagnosis"": true, ""target_disease_mismatch"": false, ""contains_specific_dose"": false, ""contains_specific_withdrawal"": false, ""regulated_bad_treatment"": false}}",False,False,,,True,False,False,D:\XF-ChongQin\ai-\knowledge\llm_wiki_swine_authoritative,1465,887,"猪繁殖与呼吸综合征
猪繁殖与呼吸综合征、porcine reproductive and respiratory syndrome viruses、PRRS、蓝耳病
呼吸道群体发病
同栏出现咳嗽、喘气、发热、采食下降，用户想判断病因和是否需要全群用药。","{""HUMAN_REVIEWED"": 2, ""NEEDS_REVIEW"": 2}","[""A0-MOA-573"", ""A1-WOAH-PRRS-DISEASE"", ""SRC-0001"", ""SRC-0026""]",2221,33.69,ERNIE-4.5-Turbo-32K,82,27,18,22,15,False,True,"该回答整体上对猪繁殖与呼吸综合征的诊断、处理方向和风险控制较为合理，诊断依据充分，处理建议安全且符合疾病管理要求，但存在部分细节需要优化。
问题：诊断准确性方面，虽然识别了主要症状和环境因素，但对其他可能的混合感染病原体（如猪流感病毒、支原体肺炎）的排除建议不够具体，缺乏进一步鉴别诊断的指导。；病理逻辑方面，对疾病传播机制和环境因素的关联性分析较为表面，未深入解释湿度和通风如何具体影响病毒传播和病情发展。；处方安全性方面，未明确提及在支持疗法中如何具体防止继发细菌感染（如是否使用抗生素或具体药物选择），可能导致实际操作中的困惑。；数据质量方面，对用户查询中的关键信息（如替米考星使用后的具体效果、拉稀症状的严重程度）利用不足，未充分结合这些信息优化诊断和处理建议。",hunyuan-turbos-20250926,85,4,4,5,3,False,False,"该回答对猪繁殖与呼吸综合征（PRRS）的诊断思路清晰，考虑了临床症状、环境因素及既往用药史，并结合重大疫病防控要求提出了合理的隔离、送检和上报建议，避免了盲目用药，整体安全可控。但在鉴别诊断的具体操作指引、环境致病机制的深入分析以及支持疗法中防继发感染的细化措施上仍有提升空间。
问题：对可能的混合感染（如流感、支原体）鉴别建议不够具体，缺少可操作的排查步骤。；对环境因素（湿度、通风）与PRRS发病关系的解释较浅，未能体现其对病毒传播和免疫抑制的影响。；支持疗法中防止继发细菌感染的措施表述笼统，未给出明确的干预方向。；未充分利用用户提供的替米考星疗效信息来优化诊断推断。",True,ERNIE-4.5-Turbo-32K,True,review,回答对猪繁殖与呼吸综合征的诊断和处理方向基本合理，诊断依据较充分，处理建议安全且符合疾病管理要求，但在鉴别诊断的具体操作指引、环境致病机制的深入分析、支持疗法中防继发感染的细化措施以及用户信息利用方面存在不足，需要进一步优化。,83.0,27,18,22,15,review,23.97,23.28,
88a86442-6a47-5a10-8828-f5d13eab9d3b,93,猪环曲病毒/托克特诺病毒感染,swine_hunyuan_turbos,hunyuan-turbos-20250926,成功,,猪,我家是200头基础母猪的自繁自养场，最近两个月陆续有10多头怀孕80天左右的母猪发生流产，还有几头产下死胎，部分空怀母猪返情率明显升高，个别公猪采精量下降。之前用过替米考星和阿莫西林拌料一周，效果不明显。现在不敢再配种，怕传染。请问这是啥病？该怎么处理？,根据描述，流产、死胎、返情及公猪精液质量下降可能与多种因素相关，包括病毒性、细菌性、营养和管理问题。猪环曲病毒（TTSuV）在猪群中普遍存在，可在血液、精液等样本检出，但目前无特异临床症状直接归因于其感染，且健康猪也可携带。因此，仅凭现有症状不能确诊为本病，需结合实验室检测排除其他常见病原如蓝耳病、伪狂犬病、细小病毒、圆环病毒等。,treatment_direction: 本病暂无特效抗病毒药物，管理重点是稳定猪群健康、减少应激、改善饲养环境。；management_measures: 立即暂停配种计划，对流产母猪进行隔离观察，加强圈舍通风、保温和卫生消毒，确保饲料营养均衡，减少转群和混群操作。；sampling_and_testing: 采集流产胎儿、胎盘、母猪血液、公猪精液及血清送实验室检测，排查蓝耳病、伪狂犬、细小病毒、圆环病毒、布病等常见病原，同时可做TTSuV PCR检测作为背景信息。；prohibited_boundaries: 在未明确病因前，禁止将场内种猪或精液外调，防止潜在疫病扩散；严禁使用未经批准的兽药或疫苗。,因无特定药物治疗，不涉及药物休药期；若后续使用合法批准的药物，应遵守相应说明书规定的休药期。,"{""disease_name"": ""猪环曲病毒/托克特诺病毒感染"", ""severity"": ""中等偏上（影响繁殖性能，但非急性致死性疾病）"", ""scene_tags"": [""种猪场"", ""繁殖障碍"", ""流产"", ""死胎"", ""返情"", ""公猪精液异常""], ""validation_points"": [""TTSuV可在血液、精液、胎盘等检出，但不具特异临床症状"", ""当前症状需优先排除其他法定或重要传染病"", ""管理干预可减少继发损失""], ""risk_flags"": [""疑似重大动物疫病需先排除"", ""涉及种用动物，限制调运""], ""case_type"": ""种猪繁殖障碍"", ""target_disease"": ""猪环曲病毒/托克特诺病毒感染"", ""local_flags"": {""species_ok"": true, ""target_disease_in_diagnosis"": true, ""target_disease_mismatch"": false, ""contains_specific_dose"": false, ""contains_specific_withdrawal"": false, ""regulated_bad_treatment"": false}}",False,False,,,True,False,False,D:\XF-ChongQin\ai-\knowledge\llm_wiki_swine_authoritative,1465,887,"猪环曲病毒/托克特诺病毒感染
猪环曲病毒/托克特诺病毒感染、anelloviruses torque teno sus viruses、TTSuV、Torque teno sus virus
种猪繁殖障碍
种猪场出现流产、死胎、返情或公猪异常，用户担心传染病和是否继续配种。","{""HUMAN_REVIEWED"": 3}","[""SRC-0001"", ""SRC-0083""]",2221,33.11,ERNIE-4.5-Turbo-32K,82,27,18,20,17,False,True,"整体回答逻辑清晰，诊断考虑全面，未直接归因于TTSuV，强调实验室检测排除其他重要病原，符合当前对TTSuV感染的认识。管理措施和采样建议合理，无安全风险。数据质量基本满足要求，但部分细节可优化。
问题：diagnosis_accuracy: 诊断部分虽提到TTSuV无特异临床症状，但未明确说明当前症状更可能与蓝耳病、伪狂犬病等常见繁殖障碍病相关，诊断准确性评分受影响。；pathology_logic: 病理逻辑部分对TTSuV的流行病学特征和致病性描述稍显不足，未充分阐述为何需优先排除其他病原。；data_quality: 数据质量方面，场景标签和验证点基本覆盖，但风险标志中'疑似重大动物疫病需先排除'表述稍显笼统，未具体指出需排除的疫病种类。",hunyuan-turbos-20250926,85,8,8.5,9,8,False,False,"回答整体结构完整，诊断思路谨慎，未贸然归因于猪环曲病毒/托克特诺病毒，而是强调需通过实验室检测排除蓝耳病、伪狂犬病、细小病毒、圆环病毒等重大疫病，并给出合理的隔离、管理和采样建议，无危险用药或不当处置措施。不足之处在于对TTSuV致病性的解释不够深入，且未明确指出需优先排除的重大疫病名称，导致诊断准确性和病理逻辑略有欠缺。
问题：未明确列出需优先排除的重大疫病名称（如蓝耳病、伪狂犬病、细小病毒等），仅笼统提及“常见病原”。；对TTSuV的流行病学特征与致病机制描述不足，未能充分支撑为何需谨慎对待该病原。；风险防控措施中未细化针对疑似重大疫病的应急处置流程。",True,ERNIE-4.5-Turbo-32K,True,review,回答整体结构完整，诊断思路谨慎，未贸然归因于猪环曲病毒/托克特诺病毒，而是强调需通过实验室检测排除其他重大疫病，并给出合理的隔离、管理和采样建议，无危险用药或不当处置措施。但诊断部分未明确列出需优先排除的重大疫病名称，对TTSuV的流行病学特征与致病机制描述不足，风险防控措施中未细化针对疑似重大疫病的应急处置流程，导致诊断准确性和病理逻辑略有欠缺，数据质量可进一步优化。,83.0,27,18,20,17,review,22.5,22.66,
89a547b3-2004-510f-8c31-fe3f6fc1e0cd,180,猪巨细胞病毒感染,swine_hunyuan_turbos,hunyuan-turbos-20250926,成功,,猪,我家有200头80公斤左右的育肥猪，已经养了快5个月，最近几天有几头出现精神沉郁、食欲下降、体温升高到40℃左右，个别猪呼吸稍快，粪便正常。之前没用过抗病毒药，现在离计划出栏还有20天，想问这种情况能不能用药治疗？会不会影响出栏卖猪？,根据描述的症状（高热、精神沉郁、食欲减退、呼吸加快），结合育肥猪阶段，考虑可能存在病毒性感染，如猪巨细胞病毒感染等，需排除其他常见病毒性疾病（如PRRS、PCV2相关疾病）。建议通过临床检查、血液学及病原检测进一步确诊。,治疗方向以支持疗法为主，改善饲养管理条件，减少应激，保证饮水充足和营养供给；可配合对症退热、补液等措施。管理措施包括分群隔离病猪，加强圈舍通风与消毒，防止继发细菌感染。采样送检方面，可取发热猪的血液、鼻拭子或组织样本送实验室进行PCR检测，明确病原。禁忌边界为在检测结果未明前，不得使用未经批准的兽药或超范围药物，且对疑似重大动物疫病须按当地规定及时报告，不得擅自出售或运输。,因未使用特定化学药品，无明确休药期限制；若后续使用任何药物，应按标签说明执行相应停药期后方可出栏。,"{""disease_name"": ""猪巨细胞病毒感染"", ""severity"": ""中等"", ""scene_tags"": [""育肥猪"", ""高热"", ""食欲减退"", ""临近出栏""], ""validation_points"": [""症状符合病毒性感染特征"", ""育肥猪阶段易发多种病毒病"", ""支持疗法与管理措施符合兽医常规""], ""risk_flags"": [""需排除重大动物疫病"", ""禁止擅自销售疑似染疫猪""], ""case_type"": ""上市休药期咨询"", ""target_disease"": ""猪巨细胞病毒感染"", ""local_flags"": {""species_ok"": true, ""target_disease_in_diagnosis"": true, ""target_disease_mismatch"": false, ""contains_specific_dose"": false, ""contains_specific_withdrawal"": false, ""regulated_bad_treatment"": false}}",False,False,,,True,False,False,D:\XF-ChongQin\ai-\knowledge\llm_wiki_swine_authoritative,1465,887,"猪巨细胞病毒感染
猪巨细胞病毒感染、porcine cytomegalovirus
上市休药期咨询
用户接近出栏，关心治疗方向和用药后能否出栏销售。","{""H"": 1, ""HUMAN_REVIEWED"": 1, ""NEEDS_REVIEW"": 2}","[""SRC-0001"", ""SRC-0083""]",2221,30.56,ERNIE-4.5-Turbo-32K,82,27,18,22,15,False,True,"整体回答符合猪巨细胞病毒感染的测试数据要求，诊断方向合理，症状与疾病匹配，治疗方向安全，未出现致命风险。但在诊断准确性、病理逻辑、数据质量方面仍有提升空间。
问题：诊断准确性方面，虽然考虑了猪巨细胞病毒感染，但也提到了其他病毒性疾病（如PRRS、PCV2相关疾病），未明确排除或确认，导致诊断准确性评分稍低。；病理逻辑方面，对症状与疾病的关联解释不够深入，缺乏具体的病理机制说明。；数据质量方面，症状描述较为笼统，缺乏更详细的临床检查数据或实验室检测结果支持。；处方安全性方面，虽然提出了支持疗法和管理措施，但未针对猪巨细胞病毒感染提出具体的抗病毒治疗建议（尽管目前可能缺乏特效药）。",hunyuan-turbos-20250926,85,75,78,90,80,False,False,"该回答在症状识别、鉴别诊断思路、安全处置措施等方面基本符合要求，未出现危险建议，并强调了重大疫病上报与检测的重要性。但诊断部分未明确排除或确认目标疾病，病理机制解释不足，数据细节偏少，影响了整体严谨性。
问题：诊断中虽提及猪巨细胞病毒感染，但同时列出多种其他病毒性疾病而未明确排除或确认，降低了诊断针对性。；缺乏对症状与猪巨细胞病毒感染之间病理机制的详细解释。；用户提供的症状信息较笼统，缺少更多临床或实验室数据支撑。；未就猪巨细胞病毒感染的特殊防控要点作进一步说明。",True,ERNIE-4.5-Turbo-32K,True,review,诊断方向合理，考虑了猪巨细胞病毒感染及其他病毒性疾病的可能性，但未明确排除或确认，降低了诊断针对性；治疗方向安全，以支持疗法和管理措施为主，未出现致命风险；但缺乏对症状与疾病之间病理机制的详细解释，且用户提供的症状信息较笼统，数据细节偏少。整体回答基本符合要求，但存在轻微不足，需进一步补充和明确。,83.0,27,18,22,15,review,20.76,21.39,
47ad0815-dd2c-5c52-8918-7f10bc27d242,193,猪放线杆菌败血症,swine_hunyuan_turbos,hunyuan-turbos-20250926,成功,,猪,我家是200头左右的保育后期到育肥前期猪，平均体重40公斤左右，这几天有五六头开始咳嗽、喘气，体温升高到41℃以上，精神差、吃料少，昨天又发现一头呼吸急促、皮肤发红，怀疑是不是传染病，要不要整栏都投药？圈舍通风一般，最近气温忽高忽低。,根据描述的症状（高热、咳嗽、喘气、采食下降、部分个体皮肤发红）及群体性发生特点，结合保育至育肥阶段易感性，考虑可能为细菌性败血症性疾病，如猪放线杆菌败血症（Actinobacillus suis septicemia），其临床表现可类似猪丹毒并伴发呼吸道症状。需要实验室检测（血涂片、细菌分离培养、PCR等）与猪丹毒、链球菌病等鉴别。,立即将病猪与健康猪分群管理，减少混群接触；改善圈舍通风与保温，适当提高环境温度以减少冷应激；对表现明显症状的个体进行采样送检（血液、组织）；在确诊前不建议随意使用广谱抗生素全群投喂，以免掩盖病情并影响检测结果；若确诊为A. suis感染，可根据药敏结果选择敏感抗生素治疗，同时加强饲养管理与生物安全防控；严禁私自出售或转运病死猪，防止疫情扩散。,因涉及群体用药与检疫，需依据实验室检测结果及所用药物种类确定具体休药期，并在停药后按规定时间方可出栏或转群。,"{""disease_name"": ""猪放线杆菌败血症"", ""severity"": ""中等至高"", ""scene_tags"": [""保育猪"", ""育肥猪"", ""群体发病"", ""呼吸道症状"", ""高热"", ""皮肤病变""], ""validation_points"": [""症状符合A. suis急性败血症特征（高热、呼吸异常、皮肤红斑）"", ""群体发生提示传染性因素"", ""需与猪丹毒、链球菌病等鉴别""], ""risk_flags"": [""可能为人畜共患病监测对象（链球菌等需排除）"", ""存在重大疫病排查需求""], ""case_type"": ""呼吸道群体发病"", ""target_disease"": ""猪放线杆菌败血症"", ""local_flags"": {""species_ok"": true, ""target_disease_in_diagnosis"": true, ""target_disease_mismatch"": false, ""contains_specific_dose"": false, ""contains_specific_withdrawal"": false, ""regulated_bad_treatment"": false}}",False,False,,,True,False,False,D:\XF-ChongQin\ai-\knowledge\llm_wiki_swine_authoritative,1465,887,"猪放线杆菌败血症
猪放线杆菌败血症、actinobacillus suis septicemia pleuropneumonia
呼吸道群体发病
同栏出现咳嗽、喘气、发热、采食下降，用户想判断病因和是否需要全群用药。","{""HUMAN_REVIEWED"": 3, ""NEEDS_REVIEW"": 2}","[""SRC-0001"", ""SRC-0006"", ""SRC-0058"", ""SRC-0064""]",2167,38.52,ERNIE-4.5-Turbo-32K,82,27,18,20,17,False,True,"整体回答质量较高，诊断方向合理，症状与疾病匹配度较高，处理方向安全，但存在部分细节可优化，如诊断逻辑的严谨性、数据质量完整性等。
问题：诊断逻辑中，虽然提到需实验室检测与猪丹毒、链球菌病等鉴别，但未明确说明鉴别诊断的具体依据或优先级，逻辑严谨性稍欠。；数据质量方面，用户查询中提到的症状（如咳嗽、喘气、高热等）与疾病匹配度较高，但未提及具体症状的持续时间或严重程度分级，对诊断的支撑力度稍弱。；处方安全中，虽然强调了确诊前不建议随意使用广谱抗生素，但未提供初步应急处理建议（如隔离、观察等），可能影响实际操作的及时性。；休药期承诺未给出具体药物或时间范围，仅说明需依据检测结果确定，略显笼统。",hunyuan-turbos-20250926,85,90,80,88,78,True,False,"该回答整体符合临床思路，症状与猪放线杆菌败血症高度相关，诊断方向正确且提示了必要的实验室鉴别，避免盲目用药。处理方案强调分群、隔离、送检、环境改善和生物安全，无危险建议。不足之处在于鉴别诊断逻辑不够细化，缺少初步应急干预措施，以及数据信息（症状持续时间和严重程度）不足。
问题：鉴别诊断逻辑不够详细，未明确优先顺序和依据；缺乏针对初期症状的应急干预建议（如隔离观察、支持治疗）；用户提供的症状信息较简略，缺少持续时间、严重程度等细节",True,ERNIE-4.5-Turbo-32K,True,review,整体回答质量较高，诊断方向合理，症状与疾病匹配度较高，处理方向安全，但存在部分细节可优化。诊断逻辑中，虽然提到需实验室检测与猪丹毒、链球菌病等鉴别，但未明确说明鉴别诊断的具体依据或优先级，逻辑严谨性稍欠。数据质量方面，用户查询中提到的症状（如咳嗽、喘气、高热等）与疾病匹配度较高，但未提及具体症状的持续时间或严重程度分级，对诊断的支撑力度稍弱。处方安全中，虽然强调了确诊前不建议随意使用广谱抗生素，但未提供初步应急处理建议（如隔离、观察等），可能影响实际操作的及时性。休药期承诺未给出具体药物或时间范围，仅说明需依据检测结果确定，略显笼统。,83.0,27,18,20,17,review,25.7,25.03,
387cfa84-6367-5417-8f44-97a452ecae02,247,猪托罗病毒感染,swine_hunyuan_turbos,hunyuan-turbos-20250926,成功,,猪,我家有120头母猪，目前产房里20多头刚出生一周左右的小猪，最近两天陆续出现拉稀，有的黄色稀粪，有的带点黏液，个别还有轻微呕吐，吃奶还行，但精神稍差，体温没测过。之前用过恩诺沙星拌料喂了三天，效果不明显。想问问这是啥原因？要不要做化验？怎么区分是病毒还是细菌或者寄生虫引起的？,根据日龄（1周左右）及临床表现（水样至黏液样腹泻、偶有呕吐、精神略差），结合使用抗生素无效的情况，考虑病毒性腹泻可能性较大，如猪流行性腹泻（PED）、传染性胃肠炎（TGE）或猪托罗病毒感染等；同时需排除细菌性（如大肠杆菌、沙门氏菌）及寄生虫（如球虫）感染。建议尽快采集新鲜粪便样品送实验室进行病原学检测，并结合流行病学调查明确病因。,treatment_direction: 无特效抗病毒药物，以支持疗法为主，包括补液防脱水、维持电解质平衡、保温、减少应激；对继发细菌感染可酌情选用敏感抗生素控制，但应避免滥用。；management_measures: 立即隔离病猪，加强产房卫生消毒，保持适宜温湿度，保证仔猪及时吃到初乳；全群观察，记录发病数、死亡数、粪便性状变化。；sampling_submission: 采集发病仔猪的新鲜粪便（最好冷藏保存并尽快送检），有条件时同步采集鼻拭子或肠道内容物，送具备资质的兽医实验室进行病毒、细菌和寄生虫检测。；prohibited_boundaries: 严禁将疑似重大动物疫病（如非洲猪瘟、口蹄疫等）误作普通腹泻处理；发现高热、全身出血、急性死亡等情况应立即上报当地动物防疫部门，不得擅自剖检或销售病死猪。,因未涉及具体药物使用，暂无休药期说明；若后续使用抗生素，应按药品说明书执行相应休药期，并在出栏前确保停药期满。,"{""disease_name"": ""猪托罗病毒感染"", ""severity"": ""中等"", ""scene_tags"": [""腹泻"", ""仔猪"", ""病毒性腹泻鉴别"", ""采样送检""], ""validation_points"": [""按日龄分层鉴别腹泻病因"", ""涵盖病毒、细菌、寄生虫等多类病原"", ""强调支持疗法与管理措施"", ""提出采样送检路径""], ""risk_flags"": [""潜在重大动物疫病风险需排除"", ""禁止擅自处置病死猪""], ""case_type"": ""腹泻采样送检"", ""target_disease"": ""猪托罗病毒感染"", ""local_flags"": {""species_ok"": true, ""target_disease_in_diagnosis"": true, ""target_disease_mismatch"": false, ""contains_specific_dose"": false, ""contains_specific_withdrawal"": false, ""regulated_bad_treatment"": false}}",False,False,,,True,False,False,D:\XF-ChongQin\ai-\knowledge\llm_wiki_swine_authoritative,1465,887,"猪托罗病毒感染
猪托罗病毒感染、porcine torovirus
腹泻采样送检
用户描述粪便性状、日龄和病程，重点询问如何鉴别病毒性、细菌性或寄生虫性腹泻。","{""HUMAN_REVIEWED"": 3, ""NEEDS_REVIEW"": 2}","[""RC-DIARRHEA-001"", ""SRC-0001"", ""SRC-0007"", ""SRC-0030"", ""SRC-0052"", ""SRC-0062"", ""SRC-0063"", ""SRC-0064"", ""SRC-0071"", ""SRC-0072"", ""SRC-0073"", ""SRC-0077"", ""SRC-0081"", ""SRC-0083""]",2123,30.26,ERNIE-4.5-Turbo-32K,82,27,18,23,14,False,True,"该回答整体表现良好，诊断方向准确，考虑了病毒性腹泻的可能性，并建议进行病原学检测以明确病因。处理方向安全，强调了支持疗法和管理措施的重要性，同时提出了采样送检的合理建议。数据质量方面，虽然覆盖了主要验证点，但在症状与疾病匹配的详细性上略有不足。
问题：诊断准确性方面，虽然考虑了病毒性腹泻的可能性，但对猪托罗病毒感染的特异性症状描述不够详细，与其他病毒性腹泻的鉴别不够明确。；病理逻辑方面，对疾病发生发展的解释不够深入，缺乏对猪托罗病毒感染病理机制的简要阐述。；数据质量方面，虽然涵盖了多类病原的鉴别和采样送检路径，但对症状与疾病匹配的详细性描述不足，且未充分突出猪托罗病毒感染的独特性。",hunyuan-turbos-20250926,85,4,3.5,5,4,False,False,"回答整体结构合理，诊断思路清晰，能够结合日龄、症状及用药反应推测病毒性腹泻可能，并提示多种病原鉴别及送检建议。处理方案符合安全规范，强调支持疗法与管理措施，并设有明确的防疫红线。不足之处在于对猪托罗病毒感染的特征性症状描述不够细致，未能很好地区分于其他常见病毒性腹泻，病理机制解释较浅，细节匹配度有待提升。
问题：对猪托罗病毒感染的典型临床特征缺乏针对性描述，难以与PED、TGE等区分。；病理发展过程解释不足，缺少对病毒致病机理的简要说明。；症状-疾病匹配的细节化程度不够，影响鉴别诊断的可操作性。",True,ERNIE-4.5-Turbo-32K,True,review,回答整体结构合理，诊断方向准确，考虑了病毒性腹泻的可能性，并建议进行病原学检测以明确病因。处理方案符合安全规范，强调支持疗法与管理措施，并设有明确的防疫红线。不足之处在于对猪托罗病毒感染的特征性症状描述不够细致，未能很好地区分于其他常见病毒性腹泻，病理机制解释较浅，细节匹配度有待提升。,83.0,27,18,23,14,review,19.46,15.99,
c308379c-85d3-5f18-bba0-6b4d58c082c6,251,猪戊型肝炎,swine_hunyuan_turbos,hunyuan-turbos-20250926,成功,,猪,我家有300头育肥猪，平均体重80公斤左右，最近有十几头陆续出现精神沉郁、食欲下降、粪便稀软，有的还伴有轻度黄疸，体温在39℃上下，已经持续一周了。之前用过恩诺沙星拌料三天，效果不明显。想问问这种情况是不是要送样检测？应该采哪些组织？会不会是别的更严重的病？,根据描述的症状（精神沉郁、食欲减退、腹泻、轻度黄疸、发热），结合用药史和治疗无效的情况，需考虑猪戊型肝炎病毒感染的可能，但也需排除其他引起肝损伤及全身症状的病毒性或细菌性传染病（如猪瘟、非洲猪瘟、圆环病毒、沙门氏菌感染等）。该病为粪口传播的人兽共患风险病毒病，目前尚无特效治疗药物，防控依赖生物安全与监测。,treatment_direction: 无特效抗病毒药物，主要采取支持性护理，保证饮水清洁，减少应激，改善饲料适口性，维持电解质平衡。；management_measures: 立即隔离发病猪只，加强圈舍通风与消毒，防止交叉污染；全群暂停使用抗生素以防掩盖病情；限制人员、车辆流动，防止病原扩散。；sampling_submission: 采集发病猪的新鲜肝脏、脾脏、淋巴结以及部分血液样本，同时可采集粪便做分子检测；若怀疑神经系统受累，应加采脑组织（尤其是脑干和脊髓）。样本应尽快冷藏送至具备资质的实验室进行HEV核酸检测及血清学检测，必要时并行其他病原筛查。；prohibited_boundaries: 严禁私自屠宰、销售或食用可疑病死猪；禁止将病猪及其产品跨区域运输；发现疑似重大动物疫病应立即向当地畜牧兽医部门报告。,因无特效药物治疗，不涉及药物休药期问题；但若后续使用任何兽药，须严格遵循相应休药期规定。,"{""disease_name"": ""猪戊型肝炎"", ""severity"": ""中等至严重（视感染率与继发感染情况而定）"", ""scene_tags"": [""育肥猪"", ""群体发病"", ""腹泻黄疸"", ""治疗无效"", ""采样送检""], ""validation_points"": [""症状符合HEV感染常见表现"", ""治疗无效提示非单纯细菌感染"", ""需通过实验室确诊""], ""risk_flags"": [""人兽共患风险（HEV）"", ""潜在重大动物疫病排查需求"", ""跨省调运受限风险""], ""case_type"": ""采样送检咨询"", ""target_disease"": ""猪戊型肝炎"", ""local_flags"": {""species_ok"": true, ""target_disease_in_diagnosis"": true, ""target_disease_mismatch"": false, ""contains_specific_dose"": false, ""contains_specific_withdrawal"": false, ""regulated_bad_treatment"": false}}",False,False,,,True,False,False,D:\XF-ChongQin\ai-\knowledge\llm_wiki_swine_authoritative,1465,887,"猪戊型肝炎
猪戊型肝炎、hepatitis e virus
采样送检咨询
用户描述症状后，重点询问采什么样品、如何判断和如何避免误治。","{""HUMAN_REVIEWE"": 1, ""HUMAN_REVIEWED"": 2, ""NEEDS_REVIEW"": 2}","[""SRC-0001"", ""SRC-0009"", ""SRC-0012"", ""SRC-0014"", ""SRC-0040"", ""SRC-0041""]",2221,32.79,ERNIE-4.5-Turbo-32K,82,27,18,23,14,False,True,"该回答整体表现良好，诊断准确性较高，症状与疾病匹配合理，诊断逻辑清晰，排除了其他可能的疾病，并考虑了人兽共患风险。处方安全，管理措施得当，采样建议合理。但数据质量方面略有不足，部分细节描述可更完善。
问题：诊断准确性方面，虽然考虑了猪戊型肝炎，但对其他可能疾病的排除依据可更详细。；病理逻辑方面，对疾病传播途径和防控措施的描述可更深入。；数据质量方面，症状描述、用药史等信息的完整性可提升，以增强诊断的可靠性。；采样建议中，对样本保存和运输的具体要求未详细说明。",hunyuan-turbos-20250926,85,4,4,5,3,False,False,"回答总体准确且安全，能够结合用户提供的症状、用药史和病程，提出猪戊型肝炎的可能性，并谨慎排除其他严重传染病。处方方向以支持和隔离为主，符合无特效治疗的实际，且明确提示人兽共患风险与上报义务，避免危险操作。不足之处在于部分细节不够完整，例如对其他鉴别诊断的依据、传播途径的深入解释、样本保存运输条件等，可进一步提升数据质量和专业深度。
问题：对其他可能疾病的排除理由不够充分，缺乏详细的流行病学或实验室依据说明。；对戊型肝炎的传播途径、潜伏期、流行特点等背景信息描述较简略。；采样建议中缺少样本保存温度、运输时限等关键操作细节。；未提及在疑似重大疫病情况下如何协调送检与现场处置的时间安排。",True,ERNIE-4.5-Turbo-32K,True,review,回答整体准确且安全，诊断方向合理，考虑了猪戊型肝炎的可能性并排除了其他严重传染病，处方方向以支持和隔离为主，符合无特效治疗的实际，且明确提示了人兽共患风险与上报义务。但存在部分细节不够完整的问题，如对其他可能疾病的排除依据不够充分，对戊型肝炎的传播途径等背景信息描述较简略，采样建议中缺少样本保存温度、运输时限等关键操作细节，因此判为review。,83.0,27,18,23,14,review,22.51,20.29,
0d4933ef-13b3-52ca-8d08-ee80bc044b6f,252,猪伪狂犬病,swine_hunyuan_turbos,hunyuan-turbos-20250926,成功,,猪,我家有120头90公斤左右的育肥猪，最近几天陆续出现发烧、咳嗽、流清鼻涕，有的还伴有神经症状比如转圈、倒地抽搐，已经死了3头。之前用过阿莫西林拌料，效果不明显。现在离计划出栏还有20天，想问下这种情况还能治吗？用药后多久能卖？,根据描述的症状（高热、呼吸道症状、神经症状）及死亡情况，高度怀疑为猪伪狂犬病感染。该病由伪狂犬病毒引起，对育肥猪可表现为急性发热、呼吸道症状和神经系统紊乱，死亡率较高。,立即将发病猪与健康猪严格隔离，防止交叉感染；采集病死猪脑组织、扁桃体等样本送实验室进行PCR检测确诊；全群加强生物安全措施，限制人员、车辆流动，彻底消毒栏舍；目前无特效治疗药物，主要采取对症支持治疗和防控继发细菌感染；禁止在疫情未明时随意出售活猪或猪肉产品，须按当地畜牧部门要求进行处置。,因涉及重大动物疫病，需依据检测结果和当地主管部门意见确定是否允许出栏，不可自行决定休药期。,"{""disease_name"": ""猪伪狂犬病"", ""severity"": ""高致死性"", ""scene_tags"": [""育肥猪"", ""高热"", ""呼吸道症状"", ""神经症状"", ""死亡""], ""validation_points"": [""症状符合伪狂犬病典型表现"", ""存在死亡病例提示病情严重"", ""已用抗生素无效支持病毒性病因""], ""risk_flags"": [""重大动物疫病风险"", ""潜在跨区域传播风险"", ""需主管部门介入""], ""case_type"": ""上市休药期咨询"", ""target_disease"": ""猪伪狂犬病"", ""local_flags"": {""species_ok"": true, ""target_disease_in_diagnosis"": true, ""target_disease_mismatch"": false, ""contains_specific_dose"": false, ""contains_specific_withdrawal"": false, ""regulated_bad_treatment"": false}}",False,False,,,True,False,False,D:\XF-ChongQin\ai-\knowledge\llm_wiki_swine_authoritative,1465,887,"猪伪狂犬病
猪伪狂犬病、pseudorabies aujeszky disease
上市休药期咨询
用户接近出栏，关心治疗方向和用药后能否出栏销售。","{""HUMAN_REVIEWED"": 2, ""NEEDS_REVIEW"": 3}","[""A0-MOA-573"", ""A0-MOA-ASF-NORMALIZED-GUIDE"", ""A1-WOAH-ASF"", ""A1-WOAH-AUJESZKY-DISEASE"", ""SRC-0001"", ""SRC-0012""]",2152,31.99,ERNIE-4.5-Turbo-32K,82,28,18,24,12,False,True,"整体回答符合猪伪狂犬病的诊断与处理逻辑，诊断准确性较高，症状与疾病匹配合理，处理方向安全且符合重大疫病防控要求。但存在部分细节不足，如数据质量方面缺乏具体检测方法描述，病理逻辑部分对症状关联性解释不够深入。
问题：数据质量方面，未明确提及实验室检测的具体方法（如PCR检测的样本类型和处理流程），仅简单提及送检，缺乏细节支撑。；病理逻辑部分，对高热、呼吸道症状和神经症状与猪伪狂犬病的关联性解释不够深入，未提及病毒传播途径和易感猪群特点。；诊断准确性方面，虽症状匹配合理，但未完全排除其他类似疾病（如猪瘟、蓝耳病）的可能性，缺乏鉴别诊断描述。；处方安全性方面，虽强调生物安全措施和禁止随意出售，但未提及具体消毒剂选择和使用方法，可能影响实际防控效果。",hunyuan-turbos-20250926,85,9,8,10,7,False,False,"该回答针对用户描述的育肥猪高热、呼吸道症状及神经症状，结合死亡情况，准确指向猪伪狂犬病，并给出合理的隔离、送检、生物安全等防控措施，强调了重大疫病的上报与安全处置，避免了危险建议。但在检测方法细节、症状与病原机制关联解释以及鉴别诊断方面仍有提升空间。
问题：未详细说明实验室检测方法（如PCR样本类型、处理流程）。；对高热、呼吸道症状与神经症状与伪狂犬病关系的病理机制解释不足。；缺少与其他类似疾病（如猪瘟、蓝耳病）的鉴别分析。；未提供具体消毒剂种类与使用方法的建议。",True,ERNIE-4.5-Turbo-32K,True,review,整体回答符合猪伪狂犬病的诊断与处理逻辑，诊断准确性较高，症状与疾病匹配合理，处理方向安全且符合重大疫病防控要求。但存在部分细节不足，如未明确提及实验室检测的具体方法（如PCR检测的样本类型和处理流程），对高热、呼吸道症状和神经症状与猪伪狂犬病的关联性解释不够深入，未提及病毒传播途径和易感猪群特点，未完全排除其他类似疾病（如猪瘟、蓝耳病）的可能性，缺乏鉴别诊断描述，未提及具体消毒剂选择和使用方法，可能影响实际防控效果。,83.0,28,18,24,12,review,24.84,20.49,
c3b761be-0576-5945-b832-ea308e8ff5bd,271,猪钩端螺旋体病,swine_hunyuan_turbos,hunyuan-turbos-20250926,成功,,猪,我们场有60头经产母猪和8头公猪，最近半个月陆续有3头怀孕90多天的母猪流产，还有两头母猪返情，公猪精液活力下降。之前没用过什么特殊药物，圈舍通风一般，地面潮湿。这种情况会不会是传染病？还能继续配种吗？,根据描述，母猪流产、返情及公猪精液质量下降，结合潮湿环境和近期多发情况，高度怀疑猪钩端螺旋体病或其他繁殖障碍性疾病。该病可导致妊娠中断、胎儿死亡及公猪生殖功能受损，且多为隐性感染，部分个体表现明显。需要结合实验室检测确认病原。,立即隔离发病母猪，停止配种计划，防止病原扩散。采集流产胎儿、胎盘组织及公猪精液送实验室进行病原学检测（PCR、培养）。对全场猪群加强生物安全，改善圈舍通风干燥条件，减少人员流动。工作人员应做好个人防护，避免接触污染尿液或血液。确诊前不建议使用抗生素自行治疗，以免掩盖病情影响检测结果。若检出钩端螺旋体，应由专业人员制定针对性防控方案并考虑公共卫生防护。,因未确定病原及治疗方案，暂无法给出具体休药期建议。如后续使用药物治疗，须依据检测结果和兽医指导执行相应停药期。,"{""disease_name"": ""猪钩端螺旋体病"", ""severity"": ""中等至严重（视感染率及管理条件而定）"", ""scene_tags"": [""繁殖障碍"", ""流产"", ""公猪精液异常"", ""潮湿环境""], ""validation_points"": [""符合钩端螺旋体病在妊娠母猪和公猪中的临床表现"", ""环境因素（潮湿）有利于病原体存活和传播"", ""需通过实验室检测排除其他繁殖障碍疾病""], ""risk_flags"": [""职业性人兽共患风险"", ""可能具有传染性，需隔离和检测""], ""case_type"": ""种猪繁殖障碍"", ""target_disease"": ""猪钩端螺旋体病"", ""local_flags"": {""species_ok"": true, ""target_disease_in_diagnosis"": true, ""target_disease_mismatch"": false, ""contains_specific_dose"": false, ""contains_specific_withdrawal"": false, ""regulated_bad_treatment"": false}}",False,False,,,True,False,False,D:\XF-ChongQin\ai-\knowledge\llm_wiki_swine_authoritative,1465,887,"猪钩端螺旋体病
猪钩端螺旋体病、leptospirosis
种猪繁殖障碍
种猪场出现流产、死胎、返情或公猪异常，用户担心传染病和是否继续配种。","{""HUMAN_REVIEWED"": 2, ""NEEDS_REVIEW"": 2}","[""SRC-0001"", ""SRC-0067""]",2220,27.28,ERNIE-4.5-Turbo-32K,88,28,18,23,20,False,True,"整体回答质量较高，诊断准确性、病理逻辑、处方安全性和数据质量均表现良好，无明显致命风险。诊断准确识别了猪钩端螺旋体病的可能性，并考虑了环境因素和实验室检测的必要性。处方安全合理，强调了隔离、生物安全和实验室检测的重要性，避免了盲目用药。数据质量较高，提供了详细的场景描述和验证点。
问题：诊断准确性方面，虽然识别了猪钩端螺旋体病的可能性，但未完全排除其他繁殖障碍性疾病，如猪繁殖与呼吸综合征（PRRS）或伪狂犬病，这些疾病也可能导致类似症状。；病理逻辑方面，对钩端螺旋体病的病理机制解释不够深入，未详细说明病原体如何导致流产和精液质量下降。；处方安全性方面，虽然强调了隔离和生物安全，但未提供具体的消毒措施或个人防护装备的建议。；数据质量方面，虽然提供了详细的场景描述，但未提及猪群的免疫历史或近期引种情况，这些信息对诊断和防控至关重要。",hunyuan-turbos-20250926,85,4,4,5,4,False,False,"该回答在诊断上正确识别了猪钩端螺旋体病的可能性，并结合环境及临床表现进行了合理推断；处方强调隔离、送检和避免盲目用药，符合安全原则；未出现危险建议。但诊断未充分排除其他常见繁殖障碍性疾病，病理机制解释不足，缺少具体消毒和个人防护措施细节，也未涉及免疫史等关键信息。
问题：未全面排除其他可能导致相似症状的繁殖障碍性疾病（如PRRS、伪狂犬病）；对钩端螺旋体病致病机理阐述不足，缺乏详细病理过程说明；处方中缺少具体消毒方法和个人防护装备建议；未询问或记录猪群免疫史、引种史等关键流行病学信息",True,ERNIE-4.5-Turbo-32K,True,review,诊断识别了猪钩端螺旋体病的可能性，但未全面排除其他繁殖障碍性疾病（如PRRS、伪狂犬病），病理机制解释不足。处方强调了隔离、送检和避免盲目用药，符合安全原则，但缺少具体消毒措施和个人防护装备建议。数据质量方面，未提及猪群免疫历史或近期引种情况，这些信息对诊断和防控至关重要。综合来看，回答整体方向正确，但存在一些细节不足，需要补充完善。,83.0,28,18,23,20,review,19.68,21.52,
567450f0-595a-506d-aaf2-cb55efc86b9a,278,猪弓形虫病,swine_hunyuan_turbos,hunyuan-turbos-20250926,成功,,猪,我家有120头育肥猪，平均体重60公斤左右，最近几天有几头出现发烧、精神沉郁、呼吸急促的情况，体温在40℃上下，有的还咳嗽，粪便正常，没有腹泻。圈舍通风一般，地面是水泥地但有少量积水，周围有流浪猫活动频繁。之前没用过什么药，想问问是不是要全群打药？还是先做环境清理？要不要采样检查？,根据描述，该批育肥猪存在高热、呼吸急促及咳嗽等全身症状，且圈舍附近有猫出没，提示可能存在弓形虫感染的风险。猪弓形虫病多为隐性感染，但在应激或免疫力下降时可出现急性暴发，表现为发热、呼吸道症状和全身不适。结合病史与环境因素，应高度怀疑弓形虫感染的可能性。,建议立即采取以下措施：1）加强圈舍清洁消毒，清除积水和污物，减少猫粪污染风险；2）限制猫进入饲养区域，防止再次污染饲料和水源；3）对发病猪进行隔离观察，并采集血液或组织样本送实验室检测确诊；4）在未确诊前避免使用未经许可的药物，尤其是针对人兽共患病的药物；5）若确诊为弓形虫病，应根据兽医指导制定针对性防控措施，并注意食品安全风险。,因涉及人兽共患病风险，未确诊前不得屠宰上市；确诊后须按当地动物防疫部门要求进行无害化处理或延长休药期，确保猪肉安全。,"{""disease_name"": ""猪弓形虫病"", ""severity"": ""中等至严重（视感染程度和群体反应而定）"", ""scene_tags"": [""育肥猪"", ""高热"", ""呼吸症状"", ""猫接触史"", ""环境潮湿""], ""validation_points"": [""症状符合弓形虫急性感染表现"", ""环境中有猫粪污染可能"", ""需通过实验室检测确认病原体""], ""risk_flags"": [""人兽共患风险"", ""潜在群体感染"", ""需隔离与检测""], ""case_type"": ""驱虫和环境管理"", ""target_disease"": ""猪弓形虫病"", ""local_flags"": {""species_ok"": true, ""target_disease_in_diagnosis"": true, ""target_disease_mismatch"": false, ""contains_specific_dose"": false, ""contains_specific_withdrawal"": false, ""regulated_bad_treatment"": false}}",False,False,,,True,False,False,D:\XF-ChongQin\ai-\knowledge\llm_wiki_swine_authoritative,1465,887,"猪弓形虫病
猪弓形虫病、toxoplasmosis protozoa
驱虫和环境管理
用户询问是否需要全群处理、环境清理和复查方式。","{""HUMAN_REVIEWED"": 3, ""NEEDS_REVIEW"": 2}","[""SRC-0001"", ""SRC-0026"", ""SRC-0081"", ""SRC-0082""]",2042,25.39,ERNIE-4.5-Turbo-32K,82,27,18,20,17,False,True,"该回答整体上对猪弓形虫病的诊断、处理方向和安全措施进行了较为合理的描述，诊断依据充分，处理方向安全，但存在部分细节不足和逻辑不够严密的问题。
问题：诊断准确性方面，虽然症状描述和环境因素支持弓形虫感染的可能性，但未明确排除其他类似疾病（如猪流感、猪肺疫等），诊断依据稍显单一。；病理逻辑方面，对弓形虫病的病理机制解释不够深入，未详细说明为何在应激或免疫力下降时易暴发。；处方安全性方面，建议避免使用未经许可的药物是合理的，但未提供具体的替代方案或应急处理措施。；数据质量方面，症状描述和环境因素较为全面，但缺乏具体的实验室检测方法或参考标准，数据支撑不够充分。",hunyuan-turbos-20250926,85,8,7,9,8,False,False,"该回答基于用户提供的症状与环境信息，合理推测猪弓形虫病可能性，并结合人兽共患病防控要求提出安全处置建议，整体符合真实养殖场景。诊断虽未完全排除其他呼吸道疾病，但已考虑关键风险因素。处理方案强调先检测再用药，避免盲目投药，并提醒食品安全与无害化处理，无危险建议。不足之处在于病理机制解释较浅，缺少对其他可能疾病的简要对比分析，以及更明确的检测指引。
问题：未系统排除其他常见呼吸道疾病（如猪流感、猪肺疫）以强化鉴别诊断。；对弓形虫致病机理与应激诱发关系的解释不够详细。；缺乏推荐的实验室检测方法或参考指标，使检测环节可操作性不足。",True,ERNIE-4.5-Turbo-32K,True,review,该回答对猪弓形虫病的诊断、处理方向和安全措施进行了较为合理的描述，诊断依据充分，处理方向安全，但存在部分细节不足和逻辑不够严密的问题，如未系统排除其他常见呼吸道疾病、对弓形虫致病机理与应激诱发关系的解释不够详细、缺乏推荐的实验室检测方法或参考指标等。这些问题虽不影响整体方向，但降低了回答的严谨性和可操作性。,83.0,27,18,20,17,review,17.17,17.42,
8bab6585-b46d-5901-a9bf-33633a7d101b,297,猪口蹄疫,swine_hunyuan_turbos,hunyuan-turbos-20250926,成功,,猪,我这边是200头基础母猪的自繁自养场，最近有3头怀孕后期母猪在产前10天左右突然流产，还有一头公猪性欲明显下降、精液稀薄，部分母猪发情周期紊乱。场内温度湿度正常，之前没用过疫苗，也没做过口蹄疫免疫。请问这是怎么回事？还能继续配种吗？,根据描述，结合流产、死胎、返情及公猪精液质量下降等症状，高度怀疑为猪口蹄疫病毒感染所致。该病为一类动物疫病，可通过直接接触或污染物传播，对繁殖性能有明显影响。,立即停止场内所有配种活动，防止疫情扩散；将疑似病例与健康猪严格隔离，并采集口腔液、血液等样本送有资质实验室进行病原学检测；对全场实施封锁管理，禁止人员、车辆随意进出；加强消毒措施，重点对产房、配种舍及运输工具进行消毒；等待检测结果后，由当地动物疫病防控部门决定后续处置方案。严禁私自使用抗生素或其他药物替代检测与隔离措施。,因属重大动物疫病，需依据检测结果及主管部门意见执行相应处置，无自行设定休药期。,"{""disease_name"": ""猪口蹄疫"", ""severity"": ""高"", ""scene_tags"": [""种猪场"", ""繁殖障碍"", ""流产"", ""公猪精液异常""], ""validation_points"": [""符合口蹄疫引起繁殖障碍的临床特征"", ""存在群体性流产与公猪繁殖性能下降"", ""未免疫史增加感染风险""], ""risk_flags"": [""重大动物疫病"", ""需立即上报与隔离""], ""case_type"": ""种猪繁殖障碍"", ""target_disease"": ""猪口蹄疫"", ""local_flags"": {""species_ok"": true, ""target_disease_in_diagnosis"": true, ""target_disease_mismatch"": false, ""contains_specific_dose"": false, ""contains_specific_withdrawal"": false, ""regulated_bad_treatment"": false}}",False,False,,,True,False,False,D:\XF-ChongQin\ai-\knowledge\llm_wiki_swine_authoritative,1465,887,"猪口蹄疫
猪口蹄疫、foot and mouth disease picornaviruses
种猪繁殖障碍
种猪场出现流产、死胎、返情或公猪异常，用户担心传染病和是否继续配种。","{""HUMAN_REVIEWED"": 3, ""NEEDS_REVIEW"": 2}","[""A0-MOA-573"", ""A1-WOAH-FMD"", ""A1-WOAH-FMD-DISEASE"", ""SRC-0001"", ""SRC-0025"", ""SRC-0047""]",2186,29.91,ERNIE-4.5-Turbo-32K,88,28,18,24,18,False,True,"该回答整体上对猪口蹄疫的诊断、处理方向和安全措施有较好的把握，诊断准确性较高，处理逻辑合理，处方安全，但数据质量方面存在一定不足，如未充分引用具体症状与疾病关联的权威依据。
问题：诊断准确性方面，虽然高度怀疑猪口蹄疫，但未详细说明其他可能的鉴别诊断，也未提供具体症状与猪口蹄疫的直接关联依据。；病理逻辑方面，对猪口蹄疫导致繁殖障碍的具体病理机制解释不够深入。；处方安全方面整体合理，但未提及对已感染猪的具体治疗措施（尽管口蹄疫主要靠防控而非治疗）。；数据质量方面，缺乏具体的症状描述与疾病关联的权威引用，且未提及猪口蹄疫的典型症状（如口腔、蹄部水泡等）以支持诊断。",hunyuan-turbos-20250926,85,80,75,90,70,False,False,"回答正确识别了猪口蹄疫这一重大动物疫病，并给出了符合防控要求的隔离、送检、封锁等措施，避免了危险用药建议，安全性高。但在诊断环节缺少典型症状（如口腔、蹄部水疱）的确认，未做必要的鉴别诊断，病理机制解释不足，数据支撑较弱。
问题：未明确询问或确认口蹄疫典型临床症状（如口腔、蹄部水疱），仅凭流产、精液异常推断，证据链不完整。；未进行常见繁殖障碍疾病的鉴别诊断（如蓝耳病、伪狂犬病、细小病毒病等）。；对猪口蹄疫引起繁殖障碍的病理机制解释不足。；缺乏权威文献或标准资料支持症状与疾病的对应关系。",True,ERNIE-4.5-Turbo-32K,True,review,回答正确识别了猪口蹄疫这一重大动物疫病，并给出了符合防控要求的隔离、送检、封锁等措施，安全性高。但诊断环节缺少典型症状（如口腔、蹄部水疱）的确认，未做必要的鉴别诊断，病理机制解释不足，数据支撑较弱。,83.0,28,18,24,18,review,21.82,19.7,
568cefba-b5a1-5138-8388-73336b0abfd7,7,猪胸膜肺炎,swine_hunyuan_turbos,hunyuan-turbos-20250926,成功,,猪,我家有120头60公斤左右的育肥猪，这几天陆续有几头开始咳嗽、呼吸急促，体温在40℃左右，食欲明显下降，有的还张口喘气，圈舍通风一般，湿度偏高。之前用过阿莫西林饮水，效果不明显。请问这是啥病？要不要整批用药？,根据描述的症状（高热、咳嗽、呼吸困难、采食下降）、群体发生特点以及饲养环境，高度怀疑为猪胸膜肺炎（由胸膜肺炎放线杆菌引起）。该病常在应激条件下暴发，急性病例可见肺部出血、坏死及纤维素性渗出，慢性可出现胸膜粘连。,建议立即隔离病猪并加强圈舍通风、降低湿度，适当提高环境温度以改善体感温度；对全群进行针对性抗菌治疗（选择对胸膜肺炎放线杆菌有效的抗生素），同时配合支持疗法改善采食；采集病死猪肺组织送实验室做病原学确诊；严禁随意使用未经许可的药物，避免掩盖病情延误防控。,因涉及抗菌药物使用，需按所用药物说明执行相应停药期，并在出栏前确保符合食品安全标准。,"{""disease_name"": ""猪胸膜肺炎"", ""severity"": ""中等至严重"", ""scene_tags"": [""育肥猪"", ""群体呼吸道症状"", ""高湿通风差""], ""validation_points"": [""症状与胸膜肺炎临床表现一致"", ""群体发病且伴高热、呼吸困难"", ""抗生素治疗无效提示耐药或病原不同""], ""risk_flags"": [""属于中国三类动物疫病，需关注疫情通报与防控措施"", ""存在人畜共患病风险较低，但需防止环境污染和人员防护""], ""case_type"": ""呼吸道群体发病"", ""target_disease"": ""猪胸膜肺炎"", ""local_flags"": {""species_ok"": true, ""target_disease_in_diagnosis"": true, ""target_disease_mismatch"": false, ""contains_specific_dose"": false, ""contains_specific_withdrawal"": false, ""regulated_bad_treatment"": false}}",False,False,,,True,False,False,D:\XF-ChongQin\ai-\knowledge\llm_wiki_swine_authoritative,1465,887,"猪胸膜肺炎
猪胸膜肺炎、actinobacillus pleuropneumoniae pleuropneumonia
呼吸道群体发病
同栏出现咳嗽、喘气、发热、采食下降，用户想判断病因和是否需要全群用药。","{""HUMAN_REVIEWED"": 3, ""NEEDS_REVIEW"": 2}","[""A0-MOA-573"", ""SRC-0001"", ""SRC-0006"", ""SRC-0058""]",2127,33.76,ERNIE-4.5-Turbo-32K,85,28,18,22,17,False,True,"整体回答符合猪胸膜肺炎的诊断与处理逻辑，症状与疾病匹配，诊断准确，处理方向安全，但存在部分细节可优化。
问题：diagnosis_accuracy: 诊断中未明确提及胸膜肺炎的典型病理变化（如纤维素性胸膜炎）以增强诊断依据。；pathology_logic: 病理逻辑部分对慢性病例的描述稍显简略，未充分解释与急性病例的关联。；prescription_safety: 处方中未具体说明抗生素的选择及剂量，仅提到‘选择有效抗生素’，缺乏实际指导性。；data_quality: 用户查询中提到的‘之前用过阿莫西林饮水，效果不明显’未在诊断或处方中充分分析或利用，如考虑耐药性等。",hunyuan-turbos-20250926,80,90,75,70,75,False,False,"回答基本正确识别了猪胸膜肺炎，症状与疾病相符，处理方案总体安全且包含必要的生物安全措施。但在病理细节、耐药性分析和处方可执行性方面仍有提升空间。
问题：诊断部分未明确指出典型病理特征（如纤维素性胸膜炎）以强化诊断依据。；病理逻辑中对慢性和急性病例的关系阐述不足。；处方中未提供抗生素类别或选择原则，缺乏操作性指导。；未结合用户提到的阿莫西林无效情况分析可能的耐药性或病原差异。",True,ERNIE-4.5-Turbo-32K,True,review,整体回答符合猪胸膜肺炎的诊断与处理逻辑，症状与疾病匹配，诊断准确，处理方向安全，但存在部分细节可优化。诊断中未明确提及胸膜肺炎的典型病理变化（如纤维素性胸膜炎）以增强诊断依据；病理逻辑部分对慢性病例的描述稍显简略，未充分解释与急性病例的关联；处方中未具体说明抗生素的选择及剂量，仅提到‘选择有效抗生素’，缺乏实际指导性；用户查询中提到的‘之前用过阿莫西林饮水，效果不明显’未在诊断或处方中充分分析或利用，如考虑耐药性等。,82.0,28,18,22,17,review,20.05,23.2,
50f5061b-5ddd-52d5-ac4f-7ef11072748c,149,猪传染性胃肠炎,swine_hunyuan_turbos,hunyuan-turbos-20250926,成功,,猪,我家有200头母猪，现在刚断奶的保育猪大概30斤左右，这几天陆续发现几窝小猪拉黄绿色水样便，精神差、不吃料，有的已经脱水站不稳了，圈舍湿度大、通风一般，之前没用过疫苗，这种情况是啥病？该怎么处理？,根据描述的日龄、水样腹泻、高湿环境及无免疫史，高度怀疑为猪传染性胃肠炎（TGEV）感染。该病在寒冷季节高发，可通过粪口途径快速传播，哺乳仔猪和保育猪最易感。需结合实验室检测排除其他病毒性腹泻（如PED、轮状病毒）及细菌性肠炎。,treatment_direction: 目前无特效抗病毒药物，重点在于支持疗法和防止继发细菌感染。；management_measures: 立即将发病猪与健康猪分群隔离，减少接触传播；；提高环境温度2-4℃，改善通风降低湿度，减轻应激；；保证清洁饮水，可在饮水中添加电解质和维生素C，防止脱水；；适当减少饲喂量，逐步恢复采食；；sampling_for_testing: 采集新鲜腹泻粪便样品送实验室进行RT-PCR检测，区分TGEV、PEDV、轮状病毒等；；必要时采集病死猪小肠组织做病理学检查；；prohibited_actions: 禁止随意使用抗生素作为唯一治疗手段；；禁止未经检测确诊即大规模投喂广谱抗菌药物；；禁止私自宰杀、销售或转运可疑病猪；,本病为病毒性疾病，无特定药物休药期，但在康复后至少观察7天再考虑出栏或转群，期间确保无继发感染。,"{""disease_name"": ""猪传染性胃肠炎"", ""severity"": ""高（尤其对哺乳仔猪致死率高）"", ""scene_tags"": [""保育猪"", ""水样腹泻"", ""高湿环境"", ""无免疫史""], ""validation_points"": [""符合TGEV典型流行特征（低温高湿、急性水样腹泻、幼龄易感）；"", ""管理建议与环境调节措施符合患病猪体温需求；"", ""采样送检方案覆盖常见病毒性腹泻鉴别诊断。""], ""risk_flags"": [""存在群体传播风险，需严格生物安全隔离；"", ""若检测结果涉及重大动物疫病（如非洲猪瘟），须按法规上报并配合扑杀无害化处理。""], ""case_type"": ""腹泻群体发病"", ""target_disease"": ""猪传染性胃肠炎"", ""local_flags"": {""species_ok"": true, ""target_disease_in_diagnosis"": true, ""target_disease_mismatch"": false, ""contains_specific_dose"": false, ""contains_specific_withdrawal"": false, ""regulated_bad_treatment"": false}}",False,False,,,True,False,False,D:\XF-ChongQin\ai-\knowledge\llm_wiki_swine_authoritative,1465,887,"猪传染性胃肠炎
猪传染性胃肠炎、transmissible gastroenteritis virus、TGE、TGEV
腹泻群体发病
同窝或同栏出现水样腹泻、脱水、采食下降，用户想知道主要病因和紧急处理。","{""HUMAN_REVIEWED"": 3, ""NEEDS_REVIEW"": 2}","[""SRC-0001"", ""SRC-0006"", ""SRC-0036""]",2102,30.67,ERNIE-4.5-Turbo-32K,88,28,18,23,20,False,True,"该回答在诊断准确性、病理逻辑、处方安全性和数据质量方面表现良好，整体符合测试数据有效性要求，无致命风险，最终评估为通过。
问题：诊断准确性方面，虽然高度怀疑猪传染性胃肠炎，但未完全排除其他病毒性腹泻（如PED、轮状病毒）及细菌性肠炎的可能性，尽管后续提出了实验室检测的建议，但初始诊断的确定性稍显不足。；病理逻辑方面，对疾病传播途径和易感群体的描述准确，但对寒冷季节高发的强调略显冗余，因为案例中并未明确提及季节信息。；处方安全性方面，整体处理方向安全，但“适当减少饲喂量，逐步恢复采食”的建议对于已经脱水站不稳的严重病例可能不够具体，需要更明确的指导。；数据质量方面，回答内容完整，但“risk_flags”中提及的非洲猪瘟与案例中的疾病不直接相关，可能引起不必要的混淆。",hunyuan-turbos-20250926,85,8,9,9,8,False,False,"该回答在诊断思路、病理机制解释、防控建议上总体合理且安全，能够针对用户提供的症状和环境条件提出合理的怀疑方向与检测建议，并强调了生物安全措施与避免滥用抗生素的风险。不足之处在于初始诊断过于确定而缺乏充分排除其他病原的说明，部分管理建议可更具操作性，同时应避免引入与当前情境无关的重大疫病提示以防误导。
问题：初始诊断直接锁定猪传染性胃肠炎，未充分说明需先排除PED、轮状病毒及细菌性肠炎的可能，易给非专业人士造成误诊印象。；‘适当减少饲喂量’对严重脱水、站立困难的小猪指导性不足，应补充更具体的营养支持措施。；提到非洲猪瘟等无关重大疫病可能造成不必要恐慌或误解。",True,ERNIE-4.5-Turbo-32K,partially,review,该回答在诊断、病理逻辑和处方安全性方面整体合理，但存在一些不足。诊断方面，虽然高度怀疑猪传染性胃肠炎，但未充分排除其他病毒性腹泻（如PED、轮状病毒）及细菌性肠炎的可能性，尽管后续提出了实验室检测的建议，但初始诊断的确定性稍显不足。处方方面，'适当减少饲喂量，逐步恢复采食'的建议对于已经脱水站不稳的严重病例不够具体，需要更明确的指导。此外，提到非洲猪瘟等无关重大疫病可能造成不必要恐慌或误解。,82.0,28,18,23,20,review,22.31,20.27,
7885ed74-e8dd-585e-8189-7404d852db1c,154,猪大肠杆菌病,swine_hunyuan_turbos,hunyuan-turbos-20250926,成功,,猪,我们场有120头保育猪，平均体重25公斤左右，最近一周陆续出现拉稀，粪便稀薄带点黄色，部分猪精神稍差，采食量下降。之前用了恩诺沙星拌料三天，效果不明显，还有几头越拉越瘦。想问下这种情况还能继续喂药吗？要不要送样检查？,根据描述，保育猪群出现持续性腹泻、食欲下降及消瘦，结合使用过恩诺沙星效果不佳的情况，应考虑猪大肠杆菌病（Colibacillosis）的可能，尤其是ETEC型引起的腹泻。此外，还需排除其他病原如病毒性腹泻、球虫等混合感染。若怀疑为全身性感染（菌血症），应通过血培养确诊。,treatment_direction: 在兽医指导下调整抗菌药物方案，可考虑更换敏感抗生素并配合补液、电解质平衡管理；对严重脱水个体进行静脉补液。；management_measures: 改善圈舍卫生，减少应激因素，保证饮水清洁，分群饲养以减少交叉感染。；sampling_and_testing: 建议采集新鲜粪便样本送至实验室进行细菌分离培养和药敏试验，必要时采集血液做血培养以排查菌血症。；prohibited_boundaries: 禁止随意加大剂量或更换未经批准的兽药；严禁将病死猪流入市场；发现可疑重大疫病应立即上报主管部门。,具体停药期需依据所用药物说明书及检测结果确定，期间不得屠宰或出售猪肉。,"{""disease_name"": ""猪大肠杆菌病"", ""severity"": ""中等至重度（视脱水及继发感染情况而定）"", ""scene_tags"": [""保育猪"", ""腹泻"", ""抗菌药疗效不佳"", ""疑似菌血症""], ""validation_points"": [""症状符合大肠杆菌性腹泻特征"", ""抗菌药无效提示可能耐药或病原不同"", ""需实验室确诊以指导精准用药""], ""risk_flags"": [""潜在耐药菌流行风险"", ""脱水导致死亡风险"", ""需排除其他传染病""], ""case_type"": ""腹泻用药咨询"", ""target_disease"": ""猪大肠杆菌病"", ""local_flags"": {""species_ok"": true, ""target_disease_in_diagnosis"": true, ""target_disease_mismatch"": false, ""contains_specific_dose"": false, ""contains_specific_withdrawal"": false, ""regulated_bad_treatment"": false}}",False,False,,,True,False,False,D:\XF-ChongQin\ai-\knowledge\llm_wiki_swine_authoritative,1465,887,"猪大肠杆菌病
猪大肠杆菌病、colibacillosis、大肠杆菌、大肠杆菌性腹泻、E. coli
腹泻用药咨询
猪群腹泻后已用过常见抗菌药效果一般，用户询问是否继续用药以及是否需要送检。","{""HUMAN_REVI"": 1, ""HUMAN_REVIEWED"": 2, ""NEEDS_REVIEW"": 2}","[""SRC-0001"", ""SRC-0063"", ""SRC-0064""]",2221,26.13,ERNIE-4.5-Turbo-32K,85,28,18,23,16,False,True,"整体回答质量较高，诊断方向合理，考虑了耐药性和混合感染的可能性，治疗建议安全且符合疾病特点，但数据质量方面存在一定不足，如未明确提及具体药物选择和剂量。
问题：诊断部分虽然考虑了多种可能性，但未明确提及ETEC型大肠杆菌的典型症状（如水样腹泻、迅速脱水），病理逻辑稍显不足。；处方部分未明确提及更换的具体抗生素种类，仅提到“敏感抗生素”，缺乏具体指导性。；数据质量方面，未提供具体的药物剂量和休药期承诺，仅提到“依据说明书及检测结果确定”，略显笼统。",hunyuan-turbos-20250926,80,85,75,90,70,False,False,"该回答诊断方向基本正确，考虑到了猪大肠杆菌病及其他可能病原，并提示了送检和耐药性检测的重要性。治疗方案强调在兽医指导下用药，并提出了补液、环境管理等综合措施，安全性较好。但病理逻辑中对典型症状的细化不足，处方中缺少具体药物类别指导，数据质量一般，未给出更明确的用药参考。
问题：诊断部分未详细描述ETEC型大肠杆菌的典型临床表现，如水样腹泻、快速脱水等特征。；处方中未指明可替换的抗生素类型，仅泛称‘敏感抗生素’，指导性不足。；数据质量一般，缺乏更具体的用药和管理细节。",True,ERNIE-4.5-Turbo-32K,True,review,诊断方向基本正确，考虑了猪大肠杆菌病及其他可能病原，并提示了送检和耐药性检测的重要性。治疗方案强调在兽医指导下用药，并提出了补液、环境管理等综合措施，安全性较好。但病理逻辑中对典型症状的细化不足，处方中缺少具体药物类别指导，数据质量一般，未给出更明确的用药参考。,82.0,28,18,23,16,review,17.43,17.26,
94db71ba-815b-5b57-a148-676fbcf4f737,92,猪腺病毒感染,swine_hunyuan_turbos,hunyuan-turbos-20250926,成功,,猪,我家有120头60公斤左右的育肥猪，最近一周陆续有几头开始精神沉郁、食欲下降，有的还伴有轻度腹泻，体温在38.5℃左右，之前用了几天恩诺沙星和多维饮水，症状缓解不明显。圈舍通风一般，地面潮湿，粪尿清理不及时。想问这种情况还能继续用原来的药吗？还是换别的方案？,根据描述的症状表现（精神沉郁、食欲减退、轻度腹泻、低烧）及饲养管理条件（潮湿、粪便未及时清理），结合育肥猪的易感性，考虑为猪腺病毒感染的可能性较大。该病多为自限性，但在应激和不良环境下可能加重，并与其他肠道病原混合感染。需排除细菌性肠炎、寄生虫感染等并发因素。,treatment_direction: 改善饲养环境，加强圈舍通风干燥，及时清除粪污，降低密度以减少应激；提供清洁饮水和易消化饲料；可辅助使用电解多维等营养支持剂增强抵抗力。；management_measures: 隔离症状明显的个体，防止交叉感染；对全群进行健康监测，记录采食量和精神状态变化；必要时采集新鲜粪便送实验室检测，明确病原类型。；sampling_and_testing: 采集腹泻粪便样本进行病毒学检测（如PCR）以确诊腺病毒及其他潜在病原；有条件可做细菌培养和药敏试验，指导抗生素合理使用。；prohibited_boundaries: 禁止随意更换广谱抗生素作为常规预防；禁止将疑似重大传染病病例混入健康猪群；禁止使用未经批准的兽药或人用药。,因无特效抗病毒药物，主要为支持性管理和环境控制，不涉及特定停药期。若曾使用抗生素，应依据所用药品说明书执行相应休药期。,"{""disease_name"": ""猪腺病毒感染"", ""severity"": ""中等偏轻，通常为自限性，但不良管理条件下可延长病程或加重损失"", ""scene_tags"": [""育肥猪"", ""病毒性腹泻"", ""环境应激"", ""混合感染风险""], ""validation_points"": [""症状符合腺病毒感染特征"", ""环境与发病关联性强"", ""排除了细菌性肠炎等常见继发原因""], ""risk_flags"": [""可能存在多种病原混合感染"", ""圈舍卫生差增加传播风险"", ""需警惕其他重大疫病的早期表现""], ""case_type"": ""育肥猪用药咨询"", ""target_disease"": ""猪腺病毒感染"", ""local_flags"": {""species_ok"": true, ""target_disease_in_diagnosis"": true, ""target_disease_mismatch"": false, ""contains_specific_dose"": false, ""contains_specific_withdrawal"": false, ""regulated_bad_treatment"": false}}",False,False,,,True,False,False,D:\XF-ChongQin\ai-\knowledge\llm_wiki_swine_authoritative,1465,887,"猪腺病毒感染
猪腺病毒感染、adenoviruses
育肥猪用药咨询
育肥猪出现典型症状，用户已经用过常见药物但效果一般，询问是否继续用药。","{""HUMAN_REVIEWED"": 1, ""NEEDS_REVIEW"": 4}","[""SRC-0001"", ""SRC-0030""]",2132,22.45,ERNIE-4.5-Turbo-32K,82,27,18,23,14,False,True,"整体回答较为全面，诊断方向合理，考虑了环境因素和混合感染风险，治疗建议安全且符合疾病特点，但数据质量方面存在一定不足，如未详细说明诊断依据和检测方法。
问题：诊断依据不够详细，未充分说明如何排除细菌性肠炎和寄生虫感染；数据质量方面，症状描述和诊断逻辑的关联性可进一步强化；未明确说明病毒学检测的具体方法和意义",hunyuan-turbos-20250926,80,85,80,90,75,True,False,"该回答对猪腺病毒感染的诊断思路基本合理，考虑了环境因素和可能的混合感染，处理措施安全，强调了环境改善、监测采样和避免滥用抗生素，无明显危险建议。不足之处在于诊断依据不够细化，缺乏明确的鉴别诊断步骤和检测方法细节，数据质量有待提升。
问题：诊断部分未详细说明如何排除细菌性肠炎和寄生虫感染，逻辑链条不够完整。；缺乏对病毒学检测方法的进一步解释及其临床意义。；数据质量评分偏低，因为症状与诊断之间的关联性和证据支撑不足。",True,ERNIE-4.5-Turbo-32K,partially,review,诊断方向合理，考虑了环境因素和混合感染风险，治疗建议安全且符合疾病特点，但诊断依据不够详细，未充分说明如何排除细菌性肠炎和寄生虫感染，缺乏明确的鉴别诊断步骤和检测方法细节，症状描述和诊断逻辑的关联性可进一步强化，数据质量有待提升。,81.0,27,18,23,14,review,13.86,18.82,
5c7e7a9d-5217-52b2-aa73-21fe1c2fa690,121,猪萎缩性鼻炎,swine_hunyuan_turbos,hunyuan-turbos-20250926,成功,,猪,我家有200头60日龄左右的保育猪，最近几天有几头开始咳嗽、喘气，体温升高到40℃左右，采食量明显下降，精神也差，舍内通风一般，湿度偏高。之前用过阿莫西林饮水，效果不明显。这种情况是不是萎缩性鼻炎？要不要整批用药？,根据描述，保育猪群出现咳嗽、喘气、发热及采食下降，结合饲养环境与既往用药反应，考虑为猪萎缩性鼻炎（非进行性型），可能由Bordetella bronchiseptica引起，并可能与环境因素（通风不良、高湿）共同导致病情加重。需排除其他呼吸道综合征如猪流感、支原体肺炎等。,treatment_direction: 针对可能的细菌感染使用敏感抗生素（如氟苯尼考、泰妙菌素等，需实验室药敏指导）；配合改善舍内环境，提高通风、降低湿度、适当提升环境温度以减少冷应激。；management_measures: 分群管理，将明显症状猪与健康猪分开，减少交叉感染；加强清洁消毒，保持干燥通风；监测采食与体温变化。；sampling_and_testing: 采集鼻腔拭子或肺组织送实验室进行细菌分离鉴定及药敏试验，同时做PCR检测排除其他呼吸道病原体。；contraindications_and_boundaries: 禁止随意使用未经许可的药物；若怀疑为法定重大疫病（如非洲猪瘟），应立即按当地规定上报并配合扑杀、无害化处理等措施。,因涉及不同药物种类，应依据所用药品说明书及国家相关规定执行相应休药期，确保上市前停药时间符合安全要求。,"{""disease_name"": ""猪萎缩性鼻炎"", ""severity"": ""中等"", ""scene_tags"": [""保育猪"", ""呼吸道症状"", ""群体发病"", ""环境应激""], ""validation_points"": [""临床表现为咳嗽、喘气、发热、采食下降"", ""环境通风不良、湿度高"", ""阿莫西林治疗效果不佳提示耐药或非单一病原""], ""risk_flags"": [""可能存在多重感染"", ""需排除法定重大疫病""], ""case_type"": ""呼吸道群体发病"", ""target_disease"": ""猪萎缩性鼻炎"", ""local_flags"": {""species_ok"": true, ""target_disease_in_diagnosis"": true, ""target_disease_mismatch"": false, ""contains_specific_dose"": false, ""contains_specific_withdrawal"": false, ""regulated_bad_treatment"": false}}",False,False,,,True,False,False,D:\XF-ChongQin\ai-\knowledge\llm_wiki_swine_authoritative,1465,887,"猪萎缩性鼻炎
猪萎缩性鼻炎、bordetella bronchiseptica nonprogressive atrophic rhinitis
呼吸道群体发病
同栏出现咳嗽、喘气、发热、采食下降，用户想判断病因和是否需要全群用药。","{""HUMAN_REVIEWED"": 2, ""NEEDS_REVIEW"": 2}","[""SRC-0001"", ""SRC-0006"", ""SRC-0059"", ""SRC-0070""]",2221,27.75,ERNIE-4.5-Turbo-32K,82,27,18,20,17,False,True,"该回答整体上对猪萎缩性鼻炎的诊断、治疗及管理措施进行了较为全面的分析，诊断方向基本正确，治疗建议合理，管理措施得当，数据质量较高，无明显致命风险。
问题：诊断准确性方面，虽然考虑了猪萎缩性鼻炎，但对其他可能疾病的排除不够详细，如猪流感、支原体肺炎等仅提及需排除，未进一步分析其可能性。；病理逻辑方面，对环境因素与疾病关系的阐述较为笼统，未具体说明通风不良、高湿如何加重病情。；处方安全方面，虽然提到了使用敏感抗生素，但未明确给出具体药物及剂量，仅提及需实验室药敏指导，略显不足。；数据质量方面，虽然提供了较为详细的场景描述和验证点，但对风险标志的阐述不够深入，如多重感染的可能性仅简单提及。",hunyuan-turbos-20250926,80,85,78,82,80,True,False,"该数据整体真实可信，用户描述的保育猪呼吸道症状与环境条件符合猪萎缩性鼻炎的常见诱因，诊断方向准确且考虑了鉴别诊断。治疗方案强调环境改善、分群管理和病原检测，避免盲目用药，安全性较好。但存在部分细节不足，例如对其他呼吸道疾病的可能性和环境因素作用机制解释较简略，缺乏更具体的临床鉴别要点。
问题：鉴别诊断部分仅列出需排除的疾病名称，未结合症状特征和环境因素展开分析。；环境因素与病情关联的解释过于笼统，缺少具体机制说明。；治疗建议虽提到药敏试验，但未提供初步经验性用药思路供参考。",True,ERNIE-4.5-Turbo-32K,True,review,该回答对猪萎缩性鼻炎的诊断方向基本正确，考虑了鉴别诊断，治疗建议合理且强调环境改善和病原检测，安全性较好。但存在部分细节不足，如鉴别诊断中对其他呼吸道疾病的可能性和环境因素作用机制解释较简略，治疗建议中缺乏更具体的临床鉴别要点和初步经验性用药思路。,81.0,27,18,20,17,review,19.13,16.79,
0e743dad-ce6a-52ee-a1d5-cb4cc69607aa,238,猪腺病毒感染,swine_hunyuan_turbos,hunyuan-turbos-20250926,成功,,猪,我家是育肥场，存栏大概800头，现在这批猪平均90公斤左右。最近一周有两栋圈舍陆续出现拉稀，精神稍差，采食量下降，体温正常，没有死亡。之前用过恩诺沙星拌料三天，效果不明显。想问能不能先当普通肠炎治着看？,根据描述，症状为轻度腹泻、食欲下降、无高热及死亡，符合猪腺病毒感染常见的亚临床或轻症表现。该病多为自限性，常在改善饲养管理后自行恢复。需排除细菌性肠炎、寄生虫等常见病因。,treatment_direction: 对症支持为主，加强饮水清洁，添加电解质防止脱水；可试用益生菌调节肠道菌群；避免使用广谱抗生素作为常规预防。；management_measures: 立即清理粪污，保持圈舍干燥通风，减少应激；分群饲养，避免混群传播；暂停引入新猪，防止潜在病原带入。；sampling_and_testing: 采集新鲜粪便样本送实验室进行病毒核酸检测，必要时结合病理学检查以确诊。若怀疑其他烈性病（如非洲猪瘟），应立即停止场内流动并按规定上报。；prohibited_boundaries: 禁止在未排除法定重大疫病前擅自销售、转运或屠宰；禁止使用未经批准的疫苗或药物；禁止将病猪与健康猪混养。,因本病主要为支持性护理，不涉及特定药物休药期；若曾用抗生素治疗，应遵守所用药物的停药规定。,"{""disease_name"": ""猪腺病毒感染"", ""severity"": ""轻症/亚临床"", ""scene_tags"": [""育肥猪"", ""多栏舍散发"", ""腹泻"", ""食欲减退""], ""validation_points"": [""症状符合猪腺病毒常见表现"", ""无高热及急性死亡，提示非烈性病"", ""建议通过实验室检测确认""], ""risk_flags"": [""需排除非洲猪瘟等重大疫病后方可按普通病处理"", ""存在潜在传播风险，应加强生物安全""], ""case_type"": ""暴发与处置边界"", ""target_disease"": ""猪腺病毒感染"", ""local_flags"": {""species_ok"": true, ""target_disease_in_diagnosis"": true, ""target_disease_mismatch"": false, ""contains_specific_dose"": false, ""contains_specific_withdrawal"": false, ""regulated_bad_treatment"": false}}",False,False,,,True,False,False,D:\XF-ChongQin\ai-\knowledge\llm_wiki_swine_authoritative,1465,887,"猪腺病毒感染
猪腺病毒感染、adenoviruses
暴发与处置边界
同栏或多栋猪舍短期内发病增多，用户询问是否能先按普通病治疗观察。","{""HUMAN_REVIEWED"": 3, ""NEEDS_REVIEW"": 2}","[""SRC-0001"", ""SRC-0030""]",1991,26.15,ERNIE-4.5-Turbo-32K,82,27,18,22,15,False,True,"整体回答符合猪腺病毒感染的轻症表现，诊断逻辑合理，处理方向安全，但数据质量方面存在一定不足，如未详细说明采样和检测的具体流程。
问题：诊断准确性方面，虽然症状描述符合猪腺病毒感染，但未充分排除其他类似疾病的可能性，如细菌性肠炎或寄生虫感染。；病理学逻辑方面，建议通过实验室检测确认，但未详细说明检测的具体方法和流程。；处方安全性方面，处理方向安全，但未提及具体益生菌的种类和使用剂量。；数据质量方面，场景标签和验证点较为笼统，缺乏具体细节。",hunyuan-turbos-20250926,80,85,80,90,75,False,False,"该数据对猪腺病毒感染的轻症表现识别准确，处理方案以对症支持和生物安全措施为主，避免了不当用药，且明确了重大疫病的防控边界，总体安全可控。但在鉴别诊断环节未详细列出可能的替代病因及其鉴别要点，采样检测部分缺少方法细节，影响数据完整性和实用性。
问题：未系统列举并说明如何区分猪腺病毒感染与其他引起腹泻的疾病（如细菌性肠炎、寄生虫感染等）；采样与检测部分仅提到送检，但未给出检测方法（PCR、ELISA等）及注意事项；益生菌种类与使用方式未明确，可能影响执行一致性",True,ERNIE-4.5-Turbo-32K,True,review,整体回答符合猪腺病毒感染的轻症表现，诊断逻辑合理，处理方向安全，但存在一些不足，如未充分排除其他类似疾病的可能性，采样和检测部分缺少具体方法细节，益生菌种类与使用方式未明确，影响数据完整性和实用性。,81.0,27,18,22,15,review,18.41,16.29,
fa040360-0860-549d-b2c1-69e13173e3c4,19,猪腺病毒感染,swine_hunyuan_turbos,hunyuan-turbos-20250926,成功,,猪,我家有200头保育猪，现在70日龄左右，最近三四天陆续出现采食量下降、精神沉郁的情况，部分猪拉稀，个别咳嗽，圈舍通风一般，之前用过恩诺沙星拌料两天效果不明显，想问问可能是什么病，该怎么处理？,结合年龄、群体发病、采食下降伴腹泻及轻微呼吸道症状，考虑猪腺病毒感染可能性较大，同时需排除其他常见病毒性疾病如圆环病毒、PRCV等混合感染。,建议立即改善圈舍通风与保温，适当提高环境温度以减少冷应激；加强饮水清洁，防止继发细菌感染；可尝试在饲料中添加多维电解质缓解应激；对持续不吃料的个体进行补液支持；采集新鲜粪便、鼻拭子送实验室做PCR检测明确病原；禁止使用未经批准的抗病毒药物；若怀疑为法定疫病或检测结果提示高风险，应立即向当地畜牧兽医部门报告并按要求进行隔离、消毒和无害化处理。,无特定药物使用，无需标注休药期；若后续使用抗生素，应遵守相应停药期规定。,"{""disease_name"": ""猪腺病毒感染"", ""severity"": ""中等偏轻"", ""scene_tags"": [""保育猪"", ""群体发病"", ""采食下降"", ""腹泻"", ""呼吸道症状""], ""validation_points"": [""符合保育猪易感性特征"", ""症状与腺病毒感染描述一致"", ""强调环境管理与病原检测""], ""risk_flags"": [""需排除法定疫病"", ""存在混合感染风险""], ""case_type"": ""保育猪群体发病"", ""target_disease"": ""猪腺病毒感染"", ""local_flags"": {""species_ok"": true, ""target_disease_in_diagnosis"": true, ""target_disease_mismatch"": false, ""contains_specific_dose"": false, ""contains_specific_withdrawal"": false, ""regulated_bad_treatment"": false}}",False,False,,,True,False,False,D:\XF-ChongQin\ai-\knowledge\llm_wiki_swine_authoritative,1465,887,"猪腺病毒感染
猪腺病毒感染、adenoviruses
保育猪群体发病
群体发病、采食下降、粪便或呼吸道异常，用户想知道主要病因和下一步处理。","{""HUMAN_REVIEWED"": 1, ""NEEDS_REVIEW"": 4}","[""SRC-0001"", ""SRC-0006"", ""SRC-0030""]",1948,27.56,ERNIE-4.5-Turbo-32K,82,27,18,23,14,False,True,"整体回答符合猪腺病毒感染的场景，诊断逻辑合理，处理方向安全，但数据质量方面存在一定不足，如未充分覆盖所有症状和风险点。
问题：诊断准确性方面，虽然考虑了猪腺病毒感染，但对其他可能混合感染的疾病（如圆环病毒、PRCV）的排除措施不够具体。；病理逻辑方面，对症状与疾病之间的关联解释不够深入，缺乏对疾病发展过程的描述。；处方安全性方面，虽然建议了改善环境、加强饮水清洁等措施，但对多维电解质的使用剂量和频率未给出具体指导。；数据质量方面，未充分覆盖所有症状（如咳嗽）与疾病的关联，且对风险点的描述不够全面。",hunyuan-turbos-20250926,80,85,75,90,75,False,False,"该回答基本符合猪腺病毒感染的临床特征，诊断思路合理，并考虑了可能的混合感染因素，处理方案总体安全，包含必要的生物安全措施和送检建议。但在病理机制解释、症状与疾病关联的细化程度以及风险点覆盖上仍有提升空间。
问题：对猪腺病毒感染与其他病毒性疾病（如圆环病毒、PRCV）的鉴别与排除措施不够具体。；缺乏疾病发展过程的详细解释，病理逻辑链条不够完整。；对咳嗽等症状与腺病毒感染的关联性分析不足。；多维电解质等辅助用药缺少使用剂量与频率的指导。",True,ERNIE-4.5-Turbo-32K,True,review,整体回答符合猪腺病毒感染的场景，诊断逻辑合理，处理方向安全，但存在一定不足，如对其他可能混合感染的疾病（如圆环病毒、PRCV）的排除措施不够具体，病理逻辑方面对症状与疾病之间的关联解释不够深入，缺乏对疾病发展过程的描述，处方中对多维电解质的使用剂量和频率未给出具体指导，未充分覆盖所有症状（如咳嗽）与疾病的关联，且对风险点的描述不够全面。,80.0,27,18,23,14,review,20.29,19.97,
45d03f38-8b8a-5d43-a3ec-b16aabd680af,29,猪丝状病毒相关感染,swine_hunyuan_turbos,hunyuan-turbos-20250926,成功,,猪,我家有200多头育肥猪，平均体重在80公斤左右，最近一周陆续出现精神沉郁、食欲下降、体温升高到40℃以上，有的还伴有呼吸急促和皮肤发绀的情况。之前用过退烧针和抗生素，效果不明显。现在担心是不是传染病，想问下该采哪些样品送检测？怎么判断是不是严重疫情？另外怕误诊耽误防控，需要提前注意啥？,高度怀疑为病毒性传染病，结合流行病学史及临床表现，需考虑猪丝状病毒相关感染的可能性，但不能排除其他高热性病毒病（如蓝耳病、圆环病毒等）混合感染。目前缺乏特异性病理和实验室确诊依据，建议立即采样送检。,treatment_direction: 暂停使用未经确诊的广谱抗生素，避免掩盖病情；加强圈舍通风降温，减少应激；对发病猪进行隔离观察，防止交叉感染。；management_measures: 严格限制人员、车辆、工具进出场区，做好消毒记录；病死猪无害化处理，严禁随意丢弃或食用；全场健康猪群监测体温和采食情况。；sampling_and_testing: 采集发热明显、症状典型的活猪血液（血清）、口腔拭子、鼻腔拭子以及死亡猪的脾脏、肺脏、淋巴结等组织样本，尽快送至具备资质的兽医实验室进行PCR检测及病毒分离鉴定。；prohibited_actions: 禁止私自宰杀、销售疑似染疫猪及其产品；不得在未确诊前大规模投喂抗病毒药物或疫苗；不得隐瞒疫情信息。,因未确诊且涉及潜在重大动物疫病，当前无明确休药期概念，须等待检测结果并根据官方指导意见执行后续措施。,"{""disease_name"": ""猪丝状病毒相关感染"", ""severity"": ""高"", ""scene_tags"": [""育肥猪"", ""高热"", ""呼吸道症状"", ""采样送检""], ""validation_points"": [""症状符合病毒性高热特征"", ""抗生素治疗无效提示非细菌性主因"", ""存在潜在重大动物疫病风险""], ""risk_flags"": [""可能为人兽共患风险病原体"", ""需按重大动物疫病流程处置"", ""存在跨区域传播风险""], ""case_type"": ""采样送检咨询"", ""target_disease"": ""猪丝状病毒相关感染"", ""local_flags"": {""species_ok"": true, ""target_disease_in_diagnosis"": true, ""target_disease_mismatch"": false, ""contains_specific_dose"": false, ""contains_specific_withdrawal"": false, ""regulated_bad_treatment"": false}}",False,False,,,True,False,False,D:\XF-ChongQin\ai-\knowledge\llm_wiki_swine_authoritative,1465,887,"猪丝状病毒相关感染
猪丝状病毒相关感染、filoviruses reston ebolavirus zaire ebolavirus
采样送检咨询
用户描述症状后，重点询问采什么样品、如何判断和如何避免误治。","{""NEEDS_REVIEW"": 5}","[""SRC-0001""]",2058,29.93,ERNIE-4.5-Turbo-32K,82,27,18,22,15,False,True,"该回答在诊断准确性、病理逻辑、处方安全性和数据质量方面表现良好，整体符合测试数据有效性要求，未发现致命风险。
问题：诊断准确性方面，虽然考虑了猪丝状病毒相关感染的可能性，但未充分排除其他类似症状疾病（如非洲猪瘟）的可能性，诊断依据稍显不足。；病理逻辑方面，对症状与疾病之间的关联性解释不够深入，缺乏对疾病传播途径和流行病学特征的详细分析。；处方安全性方面，虽然提出了暂停使用广谱抗生素和加强隔离观察等合理建议，但对病死猪处理的具体操作细节（如无害化处理的具体方法）未详细说明。；数据质量方面，症状描述和采样建议较为全面，但对疾病严重性和人兽共患风险的强调不够突出，可能影响用户对疫情的重视程度。",hunyuan-turbos-20250926,85,8,8,9,8.5,False,False,"该数据整体结构完整，场景真实，症状与目标疾病有一定关联，诊断思路合理并提示了多种可能性，处理建议符合生物安全要求，无明显危险建议。但存在以下改进空间：1) 未充分覆盖重大疫病（如非洲猪瘟）的鉴别诊断；2) 对传播途径和流行病学特征描述不足；3) 病死猪无害化处理细节缺失；4) 对人兽共患病风险和疫情严重性提醒不足。
问题：未将非洲猪瘟等重大疫病纳入首要鉴别范围，可能延误防控时机；缺少对疾病传播方式、潜伏期、易感群体的说明，影响用户理解疫情扩散风险；无害化处理建议过于笼统，缺乏可操作性指导；未强调人兽共患病风险及公共卫生意义",True,ERNIE-4.5-Turbo-32K,partially,review,诊断部分考虑了猪丝状病毒相关感染的可能性，但未充分排除其他重大疫病（如非洲猪瘟、口蹄疫等），可能导致防控时机延误；病理逻辑方面，对症状与疾病关联性解释不够深入，缺乏传播途径和流行病学特征分析；处方安全性整体合理，但病死猪无害化处理细节缺失，可能影响操作规范性；数据质量方面，症状描述和采样建议较全面，但未强调人兽共患病风险和疫情严重性，可能影响用户重视程度。综合来看，数据存在一定不足但可参考，需补充鉴别诊断、流行病学特征、无害化处理细节及人兽共患病风险提示。,80.0,27,18,22,15,review,19.55,23.27,
a8eae508-2ea2-5135-9e8c-a9dc9250eb19,37,猪副黏病毒相关感染,swine_hunyuan_turbos,hunyuan-turbos-20250926,成功,,猪,我家有120头保育猪，现在60日龄左右，最近三四天陆续出现精神沉郁、采食量明显下降的情况，部分猪咳嗽、流鼻涕，还有几头拉稀，体温测了在39℃上下。圈舍通风一般，湿度偏高，之前用过阿莫西林饮水，效果不明显。想问问这是啥原因，该怎么处理？,根据描述的症状（发热、采食下降、呼吸道表现及腹泻）以及保育猪阶段的易感性，结合当前季节和环境条件，高度怀疑为病毒性呼吸道感染，可能由猪副黏病毒相关感染引起。该病常呈群发，传播快，可继发细菌感染加重症状。需通过实验室检测确诊。,立即将病猪与健康猪分栏管理，减少应激；加强圈舍通风与干燥，降低密度；提供清洁饮水和易消化饲料；对高热、严重呼吸困难个体进行对症支持治疗并隔离观察；采集鼻拭子、肺组织等样本送实验室检测明确病原；在未排除法定重大疫病前，禁止随意使用抗生素替代防控，也不得私自出售或转运病猪。,因未确定病原且存在重大疫病排查需求，暂停出栏销售，直至检测结果明确并采取相应防控措施。,"{""disease_name"": ""猪副黏病毒相关感染"", ""severity"": ""中等至较高"", ""scene_tags"": [""保育猪"", ""群发"", ""呼吸道症状"", ""腹泻"", ""高湿环境""], ""validation_points"": [""保育猪阶段是多种病毒感染的易感期"", ""发热、咳嗽、流涕、腹泻符合病毒性呼吸道综合征特征"", ""群体发病提示传染性因素""], ""risk_flags"": [""潜在重大动物疫病风险"", ""需实验室确诊"", ""禁止擅自移动或销售病猪""], ""case_type"": ""保育猪群体发病"", ""target_disease"": ""猪副黏病毒相关感染"", ""local_flags"": {""species_ok"": true, ""target_disease_in_diagnosis"": true, ""target_disease_mismatch"": false, ""contains_specific_dose"": false, ""contains_specific_withdrawal"": false, ""regulated_bad_treatment"": false}}",False,False,,,True,False,False,D:\XF-ChongQin\ai-\knowledge\llm_wiki_swine_authoritative,1465,887,"猪副黏病毒相关感染
猪副黏病毒相关感染、paramyxoviruses
保育猪群体发病
群体发病、采食下降、粪便或呼吸道异常，用户想知道主要病因和下一步处理。","{""NEEDS_REVIEW"": 5}","[""SRC-0001""]",2034,23.34,ERNIE-4.5-Turbo-32K,82,27,18,22,15,False,True,"整体回答较为准确，诊断逻辑合理，处理方向安全，但数据质量方面存在一定不足，如未详细说明实验室检测的具体项目等。
问题：诊断准确性方面，虽高度怀疑猪副黏病毒相关感染，但未详细说明与其他类似症状疾病的鉴别诊断。；病理逻辑方面，对疾病传播途径和预防措施的阐述不够深入。；处方安全方面，对症支持治疗未明确具体药物及剂量。；数据质量方面，未提及实验室检测的具体项目和采样方法等关键信息。",hunyuan-turbos-20250926,85,8,8.5,9,7.5,False,False,"该回答在场景真实性和症状-疾病匹配度上表现良好，诊断思路符合保育猪常见病毒性呼吸道疾病特征，处理方案兼顾生物安全和疫情排查，无危险用药建议。不足之处在于缺乏更详细的鉴别诊断说明、实验室检测项目细化以及传播途径与预防措施的进一步展开。
问题：未列出与猪副黏病毒感染相似的其他疾病及其鉴别要点；实验室检测仅笼统提及，缺少具体检测项目（如PCR、ELISA等）和采样部位细节；对疾病传播途径、潜伏期、易感群体等流行病学信息阐述不足",True,ERNIE-4.5-Turbo-32K,True,review,诊断逻辑合理，处理方向安全，但存在一些不足，如未详细说明与其他类似症状疾病的鉴别诊断，实验室检测未明确具体项目和采样方法，对疾病传播途径和预防措施的阐述不够深入，对症支持治疗未明确具体药物及剂量。,80.0,27,18,22,15,review,13.99,16.06,
6466ac59-8ff4-561c-95da-bd9f20f3984c,85,猪沙门氏菌病,swine_hunyuan_turbos,hunyuan-turbos-20250926,成功,,猪,我家是200头左右保育猪，现在60日龄左右，最近几天陆续有猪不吃料、精神差，有的拉稀带点血丝，还有几头呼吸有点急促，体温测了在39度多，舍内通风一般，前几天刚换过饲料，之前用过阿莫西林饮水，效果不明显。这种情况可能是什么问题？该怎么处理？,结合年龄、群体性采食下降、腹泻带血丝及部分呼吸急促表现，考虑为猪沙门氏菌病（肠炎型伴继发感染），不排除合并败血型的可能。该病常在保育期因应激（如换料、混群）诱发，需与猪痢疾、传染性胃肠炎、副伤寒等鉴别。,treatment_direction: 针对细菌性感染进行支持和对症治疗，改善饲养管理条件，减少应激因素。；management_measures: 立即停喂霉变或刺激性饲料，保证清洁饮水；提高舍温以减少代谢消耗；分栏饲养，减少密度；加强圈舍通风与消毒。；sampling_testing: 采集新鲜粪便、血液及病死猪组织送实验室做细菌分离培养和PCR检测，明确病原并排除其他肠道传染病。；prohibited_boundaries: 严禁随意使用未经批准的抗生素或超量用药；出现高热、严重腹泻或死亡增多时，应立即向当地畜牧兽医部门报告，防止扩散。,具体休药期需依据所用药物种类及国家相关规定执行，须由执业兽医根据检测结果开具处方后确定。,"{""disease_name"": ""猪沙门氏菌病"", ""severity"": ""中等至重度（视病情进展而定）"", ""scene_tags"": [""保育猪"", ""群体发病"", ""采食下降"", ""腹泻带血"", ""应激因素""], ""validation_points"": [""符合保育期易发特点"", ""症状与肠炎型和败血型相符"", ""存在应激诱因（换料、通风不良）""], ""risk_flags"": [""潜在人畜共患风险（沙门氏菌属）"", ""需实验室确诊以防误诊""], ""case_type"": ""保育猪群体发病"", ""target_disease"": ""猪沙门氏菌病"", ""local_flags"": {""species_ok"": true, ""target_disease_in_diagnosis"": true, ""target_disease_mismatch"": false, ""contains_specific_dose"": false, ""contains_specific_withdrawal"": false, ""regulated_bad_treatment"": false}}",False,False,,,True,False,False,D:\XF-ChongQin\ai-\knowledge\llm_wiki_swine_authoritative,1465,887,"猪沙门氏菌病
猪沙门氏菌病、salmonellosis
保育猪群体发病
群体发病、采食下降、粪便或呼吸道异常，用户想知道主要病因和下一步处理。","{""HUMAN_REVIEWED"": 3, ""NEEDS_REVIEW"": 2}","[""SRC-0001"", ""SRC-0006"", ""SRC-0073""]",2097,31.44,ERNIE-4.5-Turbo-32K,82,27,18,22,15,False,True,"整体回答质量较高，诊断准确性、病理逻辑、处方安全性和数据质量均表现良好，无明显致命风险，符合通过标准。
问题：诊断准确性方面，虽然考虑了猪沙门氏菌病，但对鉴别诊断的详细程度略显不足，如未充分阐述与其他类似疾病的区分要点。；病理逻辑方面，对疾病发生机制的阐述不够深入，如未详细说明应激因素如何具体诱发疾病。；处方安全性方面，虽然提到了严禁随意使用未经批准的抗生素或超量用药，但未给出具体的替代治疗方案或药物选择建议。；数据质量方面，场景标签和验证点较为全面，但风险标志中仅提到潜在人畜共患风险和需实验室确诊，未涵盖所有可能的风险点，如疾病传播速度等。",hunyuan-turbos-20250926,85,8,8,9,8.5,False,False,"该回答整体结构完整，诊断思路合理，能够结合年龄、症状和管理背景推测猪沙门氏菌病，并提示鉴别诊断。处方方案注重支持疗法与管理措施，强调实验室检测和上报机制，避免了直接推荐具体药物或剂量，降低了滥用抗生素风险。不足之处在于鉴别诊断细节较少，发病机制解释不够深入，且缺乏更明确的替代治疗方向说明。
问题：鉴别诊断列举不足，未详细对比猪痢疾、传染性胃肠炎等关键区别特征。；病理机制描述较笼统，未具体说明应激如何促进沙门氏菌感染。；处方部分缺少可操作的替代治疗建议，可能导致现场执行困难。；风险识别未覆盖疾病快速传播等潜在危害。",True,ERNIE-4.5-Turbo-32K,partially,review,回答整体结构完整，诊断思路合理，能够结合年龄、症状和管理背景推测猪沙门氏菌病，并提示鉴别诊断。处方方案注重支持疗法与管理措施，强调实验室检测和上报机制，避免了直接推荐具体药物或剂量，降低了滥用抗生素风险。但存在鉴别诊断细节较少，发病机制解释不够深入，且缺乏更明确的替代治疗方向说明等问题，需进一步优化。,80.0,27,18,22,15,review,21.77,20.76,
79a5dfdc-1cae-59cc-b831-32fad6329793,105,猪戊型肝炎,swine_hunyuan_turbos,hunyuan-turbos-20250926,成功,,猪,我家是200头基础母猪的种猪场，最近两个月陆续有母猪流产、死胎，还有几头公猪采精量下降、活力差，个别母猪返情率也高。之前用过替米考星和黄芪多糖拌料，效果不明显。想问下是不是什么传染病？还能不能继续配种？,根据描述，存在母猪流产、死胎及公猪精液质量下降的情况，提示可能存在病毒性繁殖障碍性疾病。猪戊型肝炎病毒（HEV）虽为人兽共患风险，但在猪群中可引起妊娠母猪流产、死胎等，且部分情况下公猪精液质量也会受影响。目前尚无特异性治疗药物，需要结合实验室检测排除其他常见繁殖障碍病因（如PRRS、伪狂犬、细小病毒、乙脑等）。,treatment_direction: 无特效抗病毒药物，重点为控制继发感染、改善饲养管理、减少应激。；management_measures: 立即暂停配种计划，对发病母猪和公猪进行隔离观察；加强圈舍通风与卫生消毒；保证饲料营养均衡，减少热应激和营养缺乏；监测体温、食欲和精神状态。；sampling_and_testing: 采集流产胎儿组织、胎盘、血液及公猪精液样本，送实验室检测HEV及其他常见繁殖障碍病原（PRRSV、PRV、PPV、JEV等），明确病因后再决定后续措施。；prohibited_boundaries: 在未确诊前禁止将疑似病畜精液用于人工授精或自然交配；严禁出售或外调种猪；若确诊为重大动物疫病，应按规定向当地畜牧兽医部门报告并配合处置。,因无特效药物治疗，不涉及药物休药期问题；但需在疫情解除、病原检测阴性后方可恢复配种。,"{""disease_name"": ""猪戊型肝炎"", ""severity"": ""中等至严重（可导致繁殖损失）"", ""scene_tags"": [""种猪场"", ""繁殖障碍"", ""流产"", ""死胎"", ""公猪精液质量下降""], ""validation_points"": [""符合HEV感染可能导致妊娠母猪流产、死胎的临床表现"", ""公猪精液质量下降可见于病毒感染影响生殖功能"", ""需通过实验室检测与其他繁殖障碍病原鉴别""], ""risk_flags"": [""人兽共患潜在风险"", ""重大动物疫病防控边界""], ""case_type"": ""种猪繁殖障碍"", ""target_disease"": ""猪戊型肝炎"", ""local_flags"": {""species_ok"": true, ""target_disease_in_diagnosis"": true, ""target_disease_mismatch"": false, ""contains_specific_dose"": false, ""contains_specific_withdrawal"": false, ""regulated_bad_treatment"": false}}",False,False,,,True,False,False,D:\XF-ChongQin\ai-\knowledge\llm_wiki_swine_authoritative,1465,887,"猪戊型肝炎
猪戊型肝炎、hepatitis e virus
种猪繁殖障碍
种猪场出现流产、死胎、返情或公猪异常，用户担心传染病和是否继续配种。","{""HUMAN_REVIEWED"": 3, ""NEEDS_REVIEW"": 2}","[""SRC-0001"", ""SRC-0014"", ""SRC-0025"", ""SRC-0035""]",2151,27.61,ERNIE-4.5-Turbo-32K,82,28,18,23,13,False,True,"整体回答较为全面，诊断方向合理，考虑了猪戊型肝炎的可能性，并建议实验室检测排除其他疾病。处理方向安全，符合疾病特点，未发现明显冲突或错误。但数据质量部分存在不足，如未详细说明实验室检测的具体项目和重要性。
问题：诊断部分虽提及猪戊型肝炎，但未充分阐述其作为人兽共患病的特殊风险及防控措施。；病理逻辑部分对猪戊型肝炎导致繁殖障碍的具体机制描述不够深入。；数据质量部分缺乏对实验室检测项目（如PCR检测HEV RNA）的详细说明，以及检测结果对诊断的直接影响。；未明确提及猪戊型肝炎的潜伏期和传染期，对疫情控制的指导性不足。",hunyuan-turbos-20250926,85,90,80,88,75,False,False,"回答基本准确识别了可能的病毒性繁殖障碍，包括猪戊型肝炎的可能性，并提出了合理的排查和管理建议。处理方案安全，强调了隔离、检测和防控，避免了危险操作。但对猪戊型肝炎的人兽共患风险及其防控细节说明不足，病理机制解释较浅，实验室检测项目未具体化，可能影响实际操作指导。
问题：未详细阐述猪戊型肝炎作为人兽共患病的特殊风险及相应防控措施；对猪戊型肝炎引起繁殖障碍的病理机制解释不足；实验室检测项目未具体化，缺少对检测结果的临床意义说明；未提及潜伏期和传染期信息，对疫情控制指导性不足",True,ERNIE-4.5-Turbo-32K,True,review,回答基本准确识别了可能的病毒性繁殖障碍，包括猪戊型肝炎的可能性，并提出了合理的排查和管理建议。处理方案安全，强调了隔离、检测和防控，避免了危险操作。但存在一些不足，如未详细阐述猪戊型肝炎作为人兽共患病的特殊风险及相应防控措施，对猪戊型肝炎引起繁殖障碍的病理机制解释不足，实验室检测项目未具体化，缺少对检测结果的临床意义说明，未提及潜伏期和传染期信息，对疫情控制指导性不足。,80.0,28,18,23,13,review,18.88,19.3,
32c8982d-7ff2-5d13-9623-cf9948d5b2d3,107,猪巨细胞病毒感染,swine_hunyuan_turbos,hunyuan-turbos-20250926,成功,,猪,我家有120头育肥猪，平均体重在60公斤左右，最近一周陆续出现精神沉郁、食欲下降、个别猪体温升高到40℃以上，还有几头呼吸稍快，粪便正常。之前用过替米考星拌料三天，效果不明显。想问下这种情况是不是要送样检测？应该取哪些部位的组织或者样本？怕误诊耽误治疗。,根据描述的临床表现（发热、精神沉郁、食欲减退、轻度呼吸加快），结合使用抗生素无效的情况，怀疑可能存在病毒性感染，如猪巨细胞病毒感染等。该病在不同阶段猪均可发生，部分病例可能无明显特征性病变，需通过实验室检测确诊。,treatment_direction: 目前无特效抗病毒药物，应以支持疗法为主，改善饲养管理条件，减少应激，保证饮水和营养供给。；management_measures: 分群饲养，将明显异常个体与健康猪隔离观察；加强通风与温湿度控制；暂停使用广谱抗生素以防掩盖病情。；sampling_and_testing: 建议采集病死猪或濒死猪的肺脏、淋巴结、脾脏及扁桃体组织，冷藏保存并及时送至具备资质的兽医实验室进行PCR检测或其他分子生物学方法检测猪巨细胞病毒核酸。同时可做病理学检查辅助判断。；prohibited_boundaries: 严禁私自屠宰、销售疑似染疫猪只；在未确诊前不得使用未经批准的兽药或疫苗；发现可疑疫情应立即向当地动物防疫部门报告。,因无特定药物治疗方案，不涉及常规休药期问题。若后续使用任何药物，须按说明书执行相应停药期规定。,"{""disease_name"": ""猪巨细胞病毒感染"", ""severity"": ""中等"", ""scene_tags"": [""育肥猪"", ""发热"", ""食欲下降"", ""抗生素治疗无效""], ""validation_points"": [""症状符合病毒性感染特征"", ""抗生素治疗无效提示非细菌性主因"", ""需要实验室检测明确病原""], ""risk_flags"": [""需排除其他重大传染病"", ""存在潜在传播风险""], ""case_type"": ""采样送检咨询"", ""target_disease"": ""猪巨细胞病毒感染"", ""local_flags"": {""species_ok"": true, ""target_disease_in_diagnosis"": true, ""target_disease_mismatch"": false, ""contains_specific_dose"": false, ""contains_specific_withdrawal"": false, ""regulated_bad_treatment"": false}}",False,False,,,True,False,False,D:\XF-ChongQin\ai-\knowledge\llm_wiki_swine_authoritative,1465,887,"猪巨细胞病毒感染
猪巨细胞病毒感染、porcine cytomegalovirus
采样送检咨询
用户描述症状后，重点询问采什么样品、如何判断和如何避免误治。","{""HUMAN_REVIEWED"": 2, ""NEEDS_REVIEW"": 2}","[""SRC-0001"", ""SRC-0083""]",2221,25.53,ERNIE-4.5-Turbo-32K,82,27,18,23,14,False,True,"整体回答质量较高，诊断方向合理，症状与疾病匹配度较高，诊断逻辑清晰，治疗方向安全，但数据质量方面存在部分信息缺失，如未详细描述采样送检的具体流程和注意事项。
问题：症状描述与疾病匹配度较高，但未详细列出猪巨细胞病毒感染的特异性症状，仅依据一般病毒性感染症状进行推断。；病理逻辑方面，虽然提到了抗生素治疗无效提示非细菌性主因，但未进一步阐述猪巨细胞病毒感染的病理特点。；处方安全方面，治疗方向和管理措施合理，但未提及具体药物使用时的注意事项。；数据质量方面，采样送检建议较为笼统，未详细描述采样流程、保存条件和送检时间等关键信息。",hunyuan-turbos-20250926,85,4,4,5,3,False,False,"该回答对猪巨细胞病毒感染的诊断思路基本正确，症状与疾病匹配度较好，排除了细菌感染的可能性，并给出了合理的实验室检测建议与管理措施。处方方向安全，强调了隔离、改善环境、避免滥用抗生素，并明确了疫情上报义务。不足之处在于缺乏对该病的特异性症状与病理特点的说明，以及采样送检细节不够详尽。
问题：未明确列出猪巨细胞病毒感染的典型或特异性临床症状，仅靠一般病毒性表现推断，可能导致诊断模糊。；病理机制解释不足，未说明该病可能的病变部位及免疫学特征。；采样送检建议较笼统，缺少具体操作步骤、保存条件、运输时限等关键细节。",True,ERNIE-4.5-Turbo-32K,True,review,整体回答质量较高，诊断方向合理，症状与疾病匹配度较好，治疗方向和管理措施安全，但存在一些不足。未明确列出猪巨细胞病毒感染的特异性症状，仅依据一般病毒性感染症状进行推断，可能导致诊断模糊；病理机制解释不足，未说明该病可能的病变部位及免疫学特征；采样送检建议较笼统，缺少具体操作步骤、保存条件、运输时限等关键细节。,80.0,27,18,23,14,review,17.14,17.39,
a4aac388-bd91-504c-ae63-a32a4c0663b2,183,猪副黏病毒相关感染,swine_hunyuan_turbos,hunyuan-turbos-20250926,成功,,猪,我家是种猪场，存栏大概120头母猪加20多头公猪，最近有3头怀孕80多天的母猪陆续流产，还有两头死胎，另外有两头返情率明显升高，公猪采精量也下降不少。之前没用过疫苗，圈舍通风一般，温度在18度左右，想问问是不是传染病，还能不能继续配种？,根据描述，考虑存在病毒性繁殖障碍综合征的可能，包括猪副黏病毒相关感染在内的多种病毒可导致母猪流产、死胎、返情及公猪精液质量下降。需结合流行病学史、临床表现、实验室检测排除其他常见病因如蓝耳病、伪狂犬病、细小病毒病等。,treatment_direction: 目前无特效抗病毒药物，重点为控制继发感染、改善饲养管理、减少应激。；management_measures: 立即隔离发病个体，加强圈舍通风与保温，减少密度；提供清洁饮水与全价饲料；暂停新引进种猪；对公猪精液进行质量检测并限制使用。；sampling_and_testing: 采集流产胎儿组织、胎盘、血液样本送实验室检测，明确病原类型；必要时做血清学调查。；prohibited_boundary: 在未确诊前禁止将种猪外调或出售；若检出重大动物疫病，应按规定向当地畜牧兽医部门报告并执行相应处置措施。,因属病毒性感染且无特效药物治疗，不涉及化学药物休药期问题，但建议至少间隔一个完整发情周期后再考虑配种，并在兽医指导下评估健康状态。,"{""disease_name"": ""猪副黏病毒相关感染"", ""severity"": ""中等至严重（可造成繁殖损失）"", ""scene_tags"": [""种猪场"", ""繁殖障碍"", ""流产"", ""死胎"", ""返情"", ""公猪精液异常""], ""validation_points"": [""符合病毒性繁殖障碍的典型表现"", ""需要实验室检测区分不同病原"", ""管理措施与防控策略一致""], ""risk_flags"": [""可能为人畜共患或重大动物疫病风险，需按法规上报""], ""case_type"": ""种猪繁殖障碍"", ""target_disease"": ""猪副黏病毒相关感染"", ""local_flags"": {""species_ok"": true, ""target_disease_in_diagnosis"": true, ""target_disease_mismatch"": false, ""contains_specific_dose"": false, ""contains_specific_withdrawal"": false, ""regulated_bad_treatment"": false}}",False,False,,,True,False,False,D:\XF-ChongQin\ai-\knowledge\llm_wiki_swine_authoritative,1465,887,"猪副黏病毒相关感染
猪副黏病毒相关感染、paramyxoviruses
种猪繁殖障碍
种猪场出现流产、死胎、返情或公猪异常，用户担心传染病和是否继续配种。","{""NEEDS_REVIEW"": 5}","[""SRC-0001""]",2034,28.97,ERNIE-4.5-Turbo-32K,82,27,18,22,15,False,True,"整体回答较为全面，诊断方向合理，考虑了多种病毒性繁殖障碍的可能性，并建议实验室检测以明确病原。管理措施和防控策略与诊断方向一致，且注意到了人畜共患或重大动物疫病的风险。但在数据质量和病理逻辑方面存在一定不足，如未详细说明诊断依据和排除其他病因的具体方法，以及未充分阐述猪副黏病毒相关感染的病理机制。
问题：诊断准确性方面，虽然考虑了多种病毒性繁殖障碍的可能性，但未详细说明猪副黏病毒相关感染的具体诊断依据和排除其他病因（如蓝耳病、伪狂犬病、细小病毒病等）的具体方法。；病理逻辑方面，未充分阐述猪副黏病毒相关感染导致母猪流产、死胎、返情及公猪精液质量下降的病理机制。；处方安全性方面，管理措施和防控策略较为全面，但未提及具体药物使用（如有继发感染时）的注意事项和潜在风险。；数据质量方面，回答中未包含足够的细节来支持诊断和处理建议，如未提及具体的实验室检测方法和结果解读。",hunyuan-turbos-20250926,78,75,70,85,72,True,False,"该回答能够识别可能的病毒性繁殖障碍综合征，并提示了多种可能病原，包括猪副黏病毒相关感染，同时强调了实验室检测和重大疫病防控的重要性，管理措施合理且具备安全边界。但缺乏针对猪副黏病毒感染的特异性诊断依据说明，病理机制解释不足，部分处理建议缺少细化，可能影响临床可操作性。
问题：未详细阐述猪副黏病毒相关感染的诊断依据及与其他类似疾病的鉴别要点；缺乏对猪副黏病毒引起流产、死胎、返情及精液质量下降的病理机制说明；未明确继发感染时的用药原则及潜在风险提示",True,ERNIE-4.5-Turbo-32K,True,review,回答整体方向合理，诊断考虑了病毒性繁殖障碍综合征的可能性，并建议实验室检测以明确病原，管理措施和防控策略与诊断方向一致。但存在一些不足，如未详细说明猪副黏病毒相关感染的具体诊断依据和排除其他病因的具体方法，未充分阐述病理机制，部分处理建议缺少细化，可能影响临床可操作性。,80.0,27,18,22,15,review,21.1,15.32,
f392843e-e9f4-537f-b731-d47368332559,199,猪多杀性巴氏杆菌病,swine_hunyuan_turbos,hunyuan-turbos-20250926,成功,,猪,我这边是200头左右60公斤左右的育肥猪，最近一周陆续有猪咳嗽、喘气，体温升高到40℃以上，吃料明显减少，有的还精神沉郁。舍内通风一般，之前用过替米考星拌料三天，效果不明显。现在担心是不是传开了，要不要整栏都投药？,根据描述，该群猪可能患有肺炎型猪多杀性巴氏杆菌病，且多为继发性感染。P. multocida 常在呼吸道防御受损时继发于支原体、圆环病毒、蓝耳病等原发因素，也可由通风不良诱发。当前表现符合急性呼吸道感染特征，伴有发热、呼吸急促及采食下降。,建议立即改善圈舍通风与保温，提高环境温度以缓解猪的体感冷应激；对症状明显个体进行隔离观察；采集鼻拭子、肺组织送实验室确诊；在兽医指导下使用广谱抗生素控制细菌感染，并配合支持疗法（如补充维生素、电解质）；禁止随意更换或加大抗生素用量，防止耐药；若怀疑混合感染，应结合血清学或PCR检测排查其他病原。,按所用药物说明执行，确保出栏前满足安全休药期；治疗期间严禁出售或屠宰食用。,"{""disease_name"": ""猪多杀性巴氏杆菌病（肺炎型）"", ""severity"": ""中等至严重"", ""scene_tags"": [""育肥猪"", ""群体呼吸道症状"", ""继发感染"", ""通风不良""], ""validation_points"": [""症状符合肺炎型P. multocida感染特征"", ""存在可能的原发呼吸道病原或环境诱因"", ""抗生素治疗需结合病原检测结果""], ""risk_flags"": [""可能存在混合感染"", ""需排除其他重大呼吸道传染病""], ""case_type"": ""呼吸道群体发病"", ""target_disease"": ""猪多杀性巴氏杆菌病"", ""local_flags"": {""species_ok"": true, ""target_disease_in_diagnosis"": true, ""target_disease_mismatch"": false, ""contains_specific_dose"": false, ""contains_specific_withdrawal"": false, ""regulated_bad_treatment"": false}}",False,False,,,True,False,False,D:\XF-ChongQin\ai-\knowledge\llm_wiki_swine_authoritative,1465,887,"猪多杀性巴氏杆菌病
猪多杀性巴氏杆菌病、pasteurellosis
呼吸道群体发病
同栏出现咳嗽、喘气、发热、采食下降，用户想判断病因和是否需要全群用药。","{""HUMAN_REVIEWED"": 2, ""NEEDS_REVIEW"": 2}","[""SRC-0001"", ""SRC-0006"", ""SRC-0070""]",2221,27.28,ERNIE-4.5-Turbo-32K,82,27,18,22,15,False,True,"该回答对猪多杀性巴氏杆菌病的诊断较为准确，症状描述与疾病特征相符，诊断逻辑合理，考虑了继发感染和环境诱因。处方安全，建议改善环境、隔离观察、实验室确诊及合理使用抗生素，符合疾病处理原则。数据质量基本满足要求，但缺乏具体药物名称和剂量。
问题：诊断准确性方面，虽提及继发感染和环境诱因，但未明确排除其他重大呼吸道传染病，如蓝耳病、猪流感等，可能影响诊断全面性。；病理逻辑上，对继发感染和环境诱因的阐述可更深入，以增强诊断说服力。；处方安全性上，未提供具体抗生素名称和剂量，仅建议广谱抗生素，可能影响治疗针对性和效果。；数据质量方面，症状描述、诊断逻辑和处方建议较完整，但缺乏具体药物信息，影响数据完整性和实用性。",hunyuan-turbos-20250926,85,4,4,5,4,False,False,"该数据整体真实可信，用户描述的育肥猪咳嗽、喘气、高热、采食下降等症状与猪多杀性巴氏杆菌病（尤其是肺炎型）高度吻合，且考虑到了通风不良等环境因素及可能的继发感染背景，诊断逻辑合理。处方建议包括改善环境、隔离观察、送检确诊、在兽医指导下使用广谱抗生素及支持疗法，并强调避免滥用抗生素，符合安全规范。未出现危险用药建议，也未给出具体剂量或休药期承诺，避免了重大风险。不足之处在于未明确排除蓝耳病、猪流感等重大呼吸道传染病，以及未细化抗生素种类，可能影响针对性。
问题：未明确排除蓝耳病、猪流感等其他重大呼吸道传染病，可能导致误诊风险。；处方中未指明具体抗生素类别，可能影响治疗的精准性与可执行性。",True,ERNIE-4.5-Turbo-32K,True,review,该回答对猪多杀性巴氏杆菌病的诊断较为准确，症状描述与疾病特征相符，诊断逻辑合理，考虑了继发感染和环境诱因。处方安全，建议改善环境、隔离观察、实验室确诊及合理使用抗生素，符合疾病处理原则。但诊断未明确排除其他重大呼吸道传染病，如蓝耳病、猪流感等，可能影响诊断全面性；处方未提供具体抗生素名称和剂量，可能影响治疗针对性和效果。,80.0,27,18,22,15,review,20.46,19.25,
78718e83-8998-526c-9ff5-e318bd881453,266,猪放线杆菌败血症,swine_hunyuan_turbos,hunyuan-turbos-20250926,成功,,猪,我家有120头80公斤左右的育肥猪，最近一周陆续出现咳嗽、呼吸急促的情况，部分猪精神差、食欲下降，用过氟苯尼考和多西环素交替投喂，但症状没完全控制住。圈舍通风一般，地面潮湿，想问下这种情况该采哪些样送检测？怎么区分是单一细菌感染还是多种病原混感？,根据描述，育肥猪出现持续性呼吸道症状且对常规抗生素反应不佳，提示可能存在细菌性呼吸道感染，其中猪放线杆菌败血症（Actinobacillus suis septicemia）是可能原因之一，尤其在伴有败血症表现时需重点考虑。此外，还需排除其他常见呼吸道病原体及环境因素（如氨气刺激）。临床应与猪丹毒、S. suis 败血症/脑膜炎、支原体肺炎、巴氏杆菌性肺炎等进行鉴别。,treatment_direction: 在确诊前不建议盲目更换广谱抗生素，应先采集代表性样品送检明确病原。若确诊为A. suis败血症，可依据药敏选择敏感抗菌药物并配合支持疗法。；management_measures: 改善圈舍通风，降低湿度，减少氨气浓度；分群饲养，减少应激；加强饮水卫生和饲料质量监控。；sampling_and_testing: 建议采集病死猪或濒死猪的肺组织、胸腔积液、血液（全血或血清）、扁桃体拭子，有条件可加采关节液或脑脊液（怀疑败血症合并脑膜炎时）；送检项目包括细菌分离培养、PCR检测（针对A. suis、S. suis、胸膜肺炎放线杆菌等）、必要时做病理切片检查。；prohibited_boundaries: 在未获得实验室确诊前，禁止随意使用未经批准的兽药或超范围用药；发现可疑重大动物疫病（如非洲猪瘟）应立即按当地规定上报并配合扑杀、无害化处理等措施。,具体休药期需依据最终使用的药物种类及其说明书确定，在检测结果出来前暂停出栏销售计划。,"{""disease_name"": ""猪放线杆菌败血症"", ""severity"": ""中等至严重（取决于是否并发败血症或全身性病变）"", ""scene_tags"": [""育肥猪"", ""呼吸道症状"", ""抗生素治疗无效"", ""混合感染风险""], ""validation_points"": [""症状符合A. suis败血症特征（发热、沉郁、呼吸异常）"", ""抗生素疗效不佳提示耐药或混合感染"", ""需要实验室检测区分单一与混合感染""], ""risk_flags"": [""潜在多重病原感染"", ""环境致病因素参与"", ""需警惕重大动物疫病排查""], ""case_type"": ""呼吸道采样送检"", ""target_disease"": ""猪放线杆菌败血症"", ""local_flags"": {""species_ok"": true, ""target_disease_in_diagnosis"": true, ""target_disease_mismatch"": false, ""contains_specific_dose"": false, ""contains_specific_withdrawal"": false, ""regulated_bad_treatment"": false}}",False,False,,,True,False,False,D:\XF-ChongQin\ai-\knowledge\llm_wiki_swine_authoritative,1465,887,"猪放线杆菌败血症
猪放线杆菌败血症、actinobacillus suis septicemia pleuropneumonia
呼吸道采样送检
呼吸道症状持续，用药效果不稳定，用户询问采什么样品和如何鉴别混合感染。","{""HUMAN_REVIEWED"": 3, ""NEEDS_REVIEW"": 2}","[""SRC-0001"", ""SRC-0007"", ""SRC-0058"", ""SRC-0075"", ""SRC-0076""]",2165,35.0,ERNIE-4.5-Turbo-32K,82,27,18,23,14,False,True,"整体回答较为全面，诊断方向合理，鉴别诊断考虑周全，采样建议和检测项目符合实际需求，管理措施和用药安全提示到位。但存在部分细节可优化，如诊断准确性描述可更具体，数据质量方面可补充更多支持性信息。
问题：诊断准确性描述中，虽然提到猪放线杆菌败血症是可能原因之一，但未充分结合具体症状（如发热、皮肤瘀斑等典型表现）进行深入分析，诊断依据略显不足。；病理逻辑方面，鉴别诊断列表较全面，但未明确说明各疾病的典型症状差异及如何通过检测项目进行区分，逻辑链条可更清晰。；处方安全方面，治疗方向和管理措施合理，但休药期承诺过于模糊，未根据常见药物给出具体范围或参考值。；数据质量方面，场景标签和验证点基本覆盖，但风险标志中未提及人兽共患风险评估（尽管猪放线杆菌败血症人兽共患风险较低，但明确说明更佳）。",hunyuan-turbos-20250926,78,75,76,80,77,True,False,"回答整体结构完整，诊断方向合理，考虑了多种可能的病原和环境因素，采样与检测建议符合实际生产需求，管理建议和安全边界设置得当。但在诊断依据上缺乏结合典型症状的深入分析，鉴别诊断的逻辑链条不够清晰，休药期表述模糊，缺少对人兽共患风险的明确说明。
问题：诊断部分未结合猪放线杆菌败血症的典型临床表现（如高热、皮肤出血点等）进行针对性分析，导致诊断依据不足。；鉴别诊断虽列出多种疾病，但未说明各病的特征性症状及检测方法如何帮助区分，逻辑衔接不够紧密。；休药期仅笼统提及‘依据药物说明书’，缺乏参考范围或示例，易误导养殖户。；未明确评估或说明该病的人兽共患风险，尽管风险低，但应予以澄清。",True,ERNIE-4.5-Turbo-32K,partially,review,回答整体结构完整，诊断方向合理，考虑了多种可能的病原和环境因素，采样与检测建议符合实际生产需求，管理建议和安全边界设置得当。但存在以下问题：1.诊断部分未结合猪放线杆菌败血症的典型临床表现（如高热、皮肤出血点等）进行针对性分析，导致诊断依据不足；2.鉴别诊断虽列出多种疾病，但未说明各病的特征性症状及检测方法如何帮助区分，逻辑衔接不够紧密；3.休药期仅笼统提及‘依据药物说明书’，缺乏参考范围或示例，易误导养殖户；4.未明确评估或说明该病的人兽共患风险，尽管风险低，但应予以澄清。,80.0,27,18,23,14,review,24.71,23.03,
940ca3b0-2211-5ba8-84c5-ec5d66e759b7,269,仔猪水肿病,swine_hunyuan_turbos,hunyuan-turbos-20250926,成功,,猪,我家有60头25日龄左右的保育猪，这几天陆续有几头开始拉稀，先是黄色稀便，后来变成水样，精神差、不吃料，有的还站不稳、眼皮肿得厉害。圈舍湿度大、通风一般，之前用过恩诺沙星拌料两天，效果不明显。请问这是啥病？该怎么处理？,根据描述，结合日龄、症状（水样腹泻、眼睑及面部水肿、共济失调）、环境湿度和用药史，高度怀疑为仔猪水肿病（由产Stx2e毒素的肠致病性大肠杆菌引起）。该病常在断奶前后高发，表现为急性神经症状和局部组织水肿。虽然部分病例粪便培养可为阴性，但不能据此排除本病。,treatment_direction: 立即停喂霉变饲料，减少应激，改善圈舍通风与保温，适当提高环境温度以减少代谢产热负担；对病情严重的个体进行隔离观察。；management_measures: 加强饮水卫生，防止继发感染；保证清洁饮水和易消化饲料；减少密度，降低竞争压力。；sampling_and_testing: 采集病死猪肠内容物、血液或水肿组织送实验室做细菌分离培养和毒素检测，必要时配合PCR检测Stx2e基因，以明确病原并指导后续防控。；prohibited_boundaries: 禁止将疑似重大动物疫病病例随意出售或转运；禁止使用未经批准的抗生素超量投喂；禁止忽视环境管理而单纯依赖药物治疗。,因涉及潜在重大疫病调查，需按当地畜牧兽医部门要求进行样品送检和环境消毒，待检测结果明确后再决定后续用药与出栏安排。,"{""disease_name"": ""仔猪水肿病"", ""severity"": ""高"", ""scene_tags"": [""保育猪"", ""水样腹泻"", ""眼睑水肿"", ""共济失调"", ""环境湿度高""], ""validation_points"": [""日龄符合水肿病高发期（20-40日龄）"", ""症状包括神经障碍和组织水肿"", ""环境因素（湿度、通风不良）加重风险"", ""细菌学阴性不能完全排除诊断""], ""risk_flags"": [""可能涉及重大动物疫病调查"", ""存在人畜共患病间接传播风险（通过环境污染）""], ""case_type"": ""腹泻群体发病"", ""target_disease"": ""仔猪水肿病"", ""local_flags"": {""species_ok"": true, ""target_disease_in_diagnosis"": true, ""target_disease_mismatch"": false, ""contains_specific_dose"": false, ""contains_specific_withdrawal"": false, ""regulated_bad_treatment"": false}}",False,False,,,True,False,False,D:\XF-ChongQin\ai-\knowledge\llm_wiki_swine_authoritative,1465,887,"仔猪水肿病
仔猪水肿病、edema disease e coli
腹泻群体发病
同窝或同栏出现水样腹泻、脱水、采食下降，用户想知道主要病因和紧急处理。","{""HUMAN_REVIEWED"": 3, ""NEEDS_REVIEW"": 2}","[""SRC-0001"", ""SRC-0006"", ""SRC-0063"", ""SRC-0064""]",2028,35.95,ERNIE-4.5-Turbo-32K,82,28,18,22,14,False,True,"整体回答较为准确，诊断逻辑合理，处理方向安全，但数据质量方面存在一定不足，如未明确提及部分关键症状与疾病的典型关联，且风险描述不够全面。
问题：diagnosis_accuracy: 未明确提及仔猪水肿病的典型症状如神经症状与水肿的直接关联，且未充分解释细菌学阴性不能完全排除诊断的原因。；pathology_logic: 病理逻辑基本合理，但未详细阐述环境因素如何具体影响疾病发生和发展。；prescription_safety: 处理方向安全，但未明确提及针对仔猪水肿病的特效治疗药物或方法，仅提供了管理措施。；data_quality: 数据质量方面，风险描述不够全面，未充分提及人畜共患病间接传播风险的具体防控措施，且未明确休药期承诺（虽因调查需要未给出具体休药期，但可说明一般原则）。",hunyuan-turbos-20250926,78,85,80,90,70,True,False,"诊断思路正确，能结合年龄、症状、环境和用药史推断为仔猪水肿病，处理方案总体安全，包含必要的采样检测和生物安全措施。但缺乏对典型症状与疾病机制的直接联系说明，以及环境致病因素的具体作用分析，风险提醒和人畜共患病防控细节不足。
问题：未明确解释神经症状与水肿在仔猪水肿病中的直接病理联系；未详细说明环境因素（高湿、通风不良）如何促进发病的机制；缺乏针对该病的特效治疗提示，仅提供一般性管理措施；对人畜共患病间接传播风险的防控建议不足",True,ERNIE-4.5-Turbo-32K,True,review,诊断思路正确，能结合年龄、症状、环境和用药史推断为仔猪水肿病，处理方案总体安全，包含必要的采样检测和生物安全措施。但存在部分不足，如未明确解释神经症状与水肿在仔猪水肿病中的直接病理联系，未详细说明环境因素如何促进发病的机制，缺乏针对该病的特效治疗提示，仅提供一般性管理措施，且对人畜共患病间接传播风险的防控建议不足。,80.0,28,18,22,14,review,27.11,19.72,
cfb7750f-2bb5-5282-bac9-b18c967bbc71,20,猪环曲病毒/托克特诺病毒感染,swine_hunyuan_turbos,hunyuan-turbos-20250926,成功,,猪,我家有200头90公斤左右的育肥猪，最近半个月陆续出现精神沉郁、采食量下降、个别猪体温偏高到39℃左右，粪便偏稀但不带血，用过恩诺沙星和多西环素拌料一周，症状缓解不明显。圈舍通风一般，湿度较高，想问是不是还要继续用这些药？,根据描述，当前症状缺乏特异性，且已知猪环曲病毒（TTSuV）在健康猪群中亦可检出，无特异临床表现可直接归因于该病。现有症状可能与多种病原混合感染有关，需结合实验室检测排除圆环病毒2型（PCV2）、细菌性继发感染及寄生虫等因素。,treatment_direction: 暂停盲目使用抗生素，优先进行病原学排查，包括PCR检测TTSuV、PCV2、PRRSV等常见病毒以及细菌培养鉴定。若确诊细菌感染，再针对性选用敏感药物。；management_measures: 改善圈舍通风与干燥度，减少应激因素，分群饲养，加强饮水卫生，防止交叉污染。；sampling_and_testing: 采集发病猪的血液、扁桃体、肺组织或粪便样本送实验室做病毒核酸及细菌培养检测，必要时检测血清抗体水平。；prohibited_boundaries: 在未明确病因前，不得作为唯一依据实施大规模投药或全群淘汰；禁止将检测结果直接等同于法定疫病处置依据。,因未明确病因及用药方案，暂无法给出具体休药期建议，须依据最终确诊结果及所用药物说明书执行。,"{""disease_name"": ""猪环曲病毒/托克特诺病毒感染"", ""severity"": ""低至中等（取决于并发感染情况）"", ""scene_tags"": [""育肥猪"", ""非特异症状"", ""抗生素治疗无效"", ""高湿环境""], ""validation_points"": [""TTSuV无特异临床症状，健康猪可检出"", ""诊断依赖DNA或抗体检测，无病毒分离方案"", ""需排除其他病原混合感染""], ""risk_flags"": [""避免仅凭单一病毒阳性结果下结论"", ""注意区分潜在的人畜共患病与其他传染病""], ""case_type"": ""育肥猪用药咨询"", ""target_disease"": ""猪环曲病毒/托克特诺病毒感染"", ""local_flags"": {""species_ok"": true, ""target_disease_in_diagnosis"": true, ""target_disease_mismatch"": false, ""contains_specific_dose"": false, ""contains_specific_withdrawal"": false, ""regulated_bad_treatment"": false}}",False,False,,,True,False,False,D:\XF-ChongQin\ai-\knowledge\llm_wiki_swine_authoritative,1465,887,"猪环曲病毒/托克特诺病毒感染
猪环曲病毒/托克特诺病毒感染、anelloviruses torque teno sus viruses、TTSuV、Torque teno sus virus
育肥猪用药咨询
育肥猪出现典型症状，用户已经用过常见药物但效果一般，询问是否继续用药。","{""HUMAN_REVIEWED"": 3}","[""SRC-0001"", ""SRC-0083""]",2221,33.21,ERNIE-4.5-Turbo-32K,82,28,18,23,13,False,True,"整体回答逻辑清晰，诊断考虑了猪环曲病毒（TTSuV）的非特异性症状特点，并建议进行实验室检测以排除其他病原混合感染，符合疾病诊断逻辑。处方方向安全，强调暂停盲目使用抗生素，优先进行病原学排查，管理措施合理。但数据质量方面，对症状描述和疾病关联的详细分析不足，且未充分利用场景标签信息。
问题：诊断准确性方面，虽然考虑了TTSuV的非特异性症状，但对症状与疾病关联的详细分析不足，未充分利用场景标签中的'抗生素治疗无效'等信息来强化诊断逻辑。；病理学逻辑方面，对TTSuV的病理特点描述不够深入，未充分解释为何现有症状可能与多种病原混合感染有关。；处方安全方面，虽然整体方向正确，但未提供具体的替代治疗方案或应急措施，仅强调检测和排查。；数据质量方面，对用户查询中的症状描述利用不足，未充分结合场景标签进行深入分析，且未提及人兽共患病风险的评估（尽管TTSuV非人兽共患病，但评估应体现全面性）。",hunyuan-turbos-20250926,80,78,76,85,75,True,False,"回答整体逻辑清晰，诊断部分承认了猪环曲病毒（TTSuV）症状非特异性，并结合临床情况提出需排除其他病原混合感染，符合科学诊断思路。处方方向安全，强调先检测后治疗，避免盲目用药，管理建议合理。但存在以下不足：1. 对症状与疾病关联的分析深度不够，未能充分利用用户提供的‘抗生素治疗无效’这一关键线索强化诊断推理；2. 对TTSuV的病理机制阐述不足，未说明为何可能与其他病原共存；3. 未针对当前症状提出短期对症支持措施，仅停留在检测阶段；4. 数据利用不充分，未结合场景标签进一步细化风险评估。
问题：症状与疾病关联分析不足，未充分利用用户提供的抗生素治疗无效信息；对TTSuV病理特点及与其他病原混合感染的机制解释不够深入；缺少短期对症支持措施建议，仅依赖检测等待结果；未结合场景标签（如育肥猪、高湿环境）进行更细致的风险提示",True,ERNIE-4.5-Turbo-32K,True,review,回答整体逻辑清晰，诊断部分考虑了猪环曲病毒（TTSuV）症状的非特异性，并建议进行实验室检测以排除其他病原混合感染，符合科学诊断思路。处方方向安全，强调先检测后治疗，避免盲目用药，管理建议合理。但存在以下不足：对症状与疾病关联的分析深度不够，未能充分利用用户提供的‘抗生素治疗无效’这一关键线索强化诊断推理；对TTSuV的病理机制阐述不足，未说明为何可能与其他病原共存；未针对当前症状提出短期对症支持措施，仅停留在检测阶段；数据利用不充分，未结合场景标签进一步细化风险评估。,79.0,28,18,23,13,review,22.45,22.85,
55761977-d130-58c3-99a4-cdeeb2f3f588,34,猪巨细胞病毒感染,swine_hunyuan_turbos,hunyuan-turbos-20250926,成功,,猪,我场有300多头母猪，最近一周有两栋产房的小猪（出生10天左右）陆续出现精神差、吃奶少、体温略高的情况，有的还伴有轻微咳嗽，之前用过阿莫西林饮水，效果不明显。现在担心是不是传染病，能不能先当普通病治几天看看？,根据描述，多栋产房同期出现相似症状，且常规抗生素无效，需高度警惕病毒性感染可能，如猪巨细胞病毒感染等。该病在仔猪阶段可表现为生长迟缓、呼吸道症状及全身反应，但目前缺乏特异性治疗药物，且存在潜在群发风险。,treatment_direction: 不建议立即使用广谱抗生素作为唯一措施，应结合支持疗法改善营养与环境，减少应激。；management_measures: 分群管理，将发病猪与健康猪物理隔离；加强产房保温通风，保持干燥清洁；提供易消化的初乳或代乳料，保证饮水充足。；sampling_and_testing: 采集病死猪或典型病例的血液、肺脏、淋巴结等组织送实验室进行病原学检测（PCR、病理学检查），明确是否为猪巨细胞病毒或其他病毒性疾病。；prohibited_boundaries: 在未排除重大动物疫病前，不得擅自出售、转运或屠宰病猪；不得依赖单一抗生素治疗而延误诊断。,因无特效抗病毒药物，若后续使用任何兽药均需遵循相应说明书及国家休药期规定，并在停药后按规定间隔方可出栏或销售。,"{""disease_name"": ""猪巨细胞病毒感染"", ""severity"": ""中等至严重（视群发情况而定）"", ""scene_tags"": [""产房仔猪"", ""群发"", ""呼吸道症状"", ""生长迟缓""], ""validation_points"": [""多栋同时发病提示传染性"", ""常规抗生素无效提示非细菌性主因"", ""需通过实验室检测确认病原""], ""risk_flags"": [""潜在群发性"", ""需排除重大动物疫病"", ""禁止擅自处置""], ""case_type"": ""暴发与处置边界"", ""target_disease"": ""猪巨细胞病毒感染"", ""local_flags"": {""species_ok"": true, ""target_disease_in_diagnosis"": true, ""target_disease_mismatch"": false, ""contains_specific_dose"": false, ""contains_specific_withdrawal"": false, ""regulated_bad_treatment"": false}}",False,False,,,True,False,False,D:\XF-ChongQin\ai-\knowledge\llm_wiki_swine_authoritative,1465,887,"猪巨细胞病毒感染
猪巨细胞病毒感染、porcine cytomegalovirus
暴发与处置边界
同栏或多栋猪舍短期内发病增多，用户询问是否能先按普通病治疗观察。","{""HUMAN_REVIEWED"": 2, ""NEEDS_REVIEW"": 2}","[""SRC-0001"", ""SRC-0037"", ""SRC-0083""]",2221,29.75,ERNIE-4.5-Turbo-32K,82,27,18,22,15,False,True,"整体回答符合猪巨细胞病毒感染的暴发与处置边界场景，诊断方向合理，管理措施安全，但数据质量方面存在部分信息缺失，影响全面评估。
问题：diagnosis_accuracy: 诊断部分未明确提及猪巨细胞病毒感染的特异性症状（如肝脾肿大、出血点等），仅基于常规抗生素无效和多栋发病推测，缺乏特异性。；pathology_logic: 病理逻辑部分未详细解释猪巨细胞病毒感染的病理机制与症状之间的关联，逻辑链条不够完整。；prescription_safety: 处方安全部分未提及具体药物使用禁忌或潜在风险，仅强调支持疗法和管理措施，略显单薄。；data_quality: 数据质量方面，未提供实验室检测的具体方法或参考标准，且休药期承诺过于笼统，缺乏针对性。",hunyuan-turbos-20250926,78,75,70,80,72,True,False,"该回复对猪巨细胞病毒感染的风险提示较为到位，强调了隔离、环境管理和送检的重要性，并设置了重大疫病防控的安全边界，避免了危险建议。但在诊断部分缺少对该病的特异性症状描述，病理机制与临床表现的逻辑联系不足，处方安全性说明较泛化，数据质量上缺乏检测方法细节和针对性的休药期指导。
问题：诊断未列出猪巨细胞病毒感染的典型特异性症状（如肝脾肿大、出血点等），仅凭抗生素无效和多栋发病推断，特异性不足。；病理机制与症状之间缺乏详细解释，逻辑链条不完整。；处方安全性部分未涉及可能的药物禁忌或特殊注意事项，内容偏泛。；数据质量方面缺少实验室检测方法的详细说明和标准参考，休药期表述笼统。",True,ERNIE-4.5-Turbo-32K,True,review,诊断方向基本合理，但缺乏猪巨细胞病毒感染的特异性症状描述，病理机制与症状的逻辑联系不够完整；管理措施和安全边界设置合理，但处方安全性说明较泛化，数据质量方面缺少实验室检测方法细节和针对性的休药期指导。整体内容有效但有改进空间。,79.0,27,18,22,15,review,22.08,20.26,
eed961f2-54d7-5116-945d-96b93cbd595b,96,猪杯状病毒感染,swine_hunyuan_turbos,hunyuan-turbos-20250926,成功,,猪,我家有120头80公斤左右的育肥猪，已经养了快5个月，最近一周陆续出现拉稀、精神不振的情况，有的猪还伴有轻微发热，粪便偏黄绿色带黏液，没有看到明显的水疱或皮肤病变。之前用过恩诺沙星拌料三天，效果不明显。现在离计划出栏还有20天，想问问这情况可能是什么病？能不能继续喂药还是得提前卖？会不会影响食品安全？,根据描述的症状（腹泻、精神沉郁、轻度发热、粪便颜色异常）、病程进展以及用药反应，考虑可能为病毒性腹泻性疾病，其中猪杯状病毒感染是可能的病因之一。该病在育肥猪群中可呈散发或群发，常表现为水样或黏液样腹泻，无明显特征性水疱病变，与细菌性肠炎或其他病毒（如PDCoV）需要鉴别。建议通过实验室检测（如RT-PCR）明确病原。,treatment_direction: 目前无特效抗病毒药物，以支持疗法为主，改善饲养管理，减少应激，防止继发细菌感染。；management_measures: 保持圈舍清洁干燥，适当提高饲料能量浓度，补充电解质和维生素，分栏饲养以减少交叉感染。；sampling_and_testing: 采集新鲜粪便或直肠拭子送实验室进行病毒核酸检测（RT-PCR），必要时配合细菌培养排除混合感染。；prohibited_boundaries: 严禁使用未经批准的兽药或超量用药；若怀疑为重大动物疫病，应立即向当地畜牧兽医部门报告，不得擅自出售或转移病猪。,因涉及潜在病毒病且临近出栏，应优先确保病原检测和疫情排查结果符合安全销售标准后再决定出栏时间，不建议在未明确病原前贸然出售。,"{""disease_name"": ""猪杯状病毒感染"", ""severity"": ""中等"", ""scene_tags"": [""育肥猪"", ""病毒性腹泻"", ""临近出栏""], ""validation_points"": [""症状与猪杯状病毒感染相符"", ""病程与病毒性腹泻一致"", ""支持疗法和管理措施符合常规防控""], ""risk_flags"": [""临近出栏需关注食品安全与检疫合规""], ""case_type"": ""上市休药期咨询"", ""target_disease"": ""猪杯状病毒感染"", ""local_flags"": {""species_ok"": true, ""target_disease_in_diagnosis"": true, ""target_disease_mismatch"": false, ""contains_specific_dose"": false, ""contains_specific_withdrawal"": false, ""regulated_bad_treatment"": false}}",False,False,,,True,False,False,D:\XF-ChongQin\ai-\knowledge\llm_wiki_swine_authoritative,1465,887,"猪杯状病毒感染
猪杯状病毒感染、caliciviruses norovirus sapovirus vesicular exanthema virus
上市休药期咨询
用户接近出栏，关心治疗方向和用药后能否出栏销售。","{""HUMAN_REVIEWED"": 3, ""NEEDS_REVIEW"": 2}","[""SRC-0001"", ""SRC-0034""]",2187,27.49,ERNIE-4.5-Turbo-32K,82,27,18,22,15,False,True,"整体回答较为全面，诊断方向合理，症状与疾病匹配度较高，处理方向安全且与疾病相互印证。但在数据质量和病理逻辑方面存在一定不足，需进一步优化。
问题：数据质量方面，症状描述与疾病特征的匹配度可进一步提升，未充分引用权威资料或研究支持诊断结论。；病理逻辑方面，对病毒性腹泻与其他类似疾病的鉴别诊断描述不够详细，缺乏具体依据。；未明确提及人兽共患风险及防控措施，尽管猪杯状病毒目前未明确为人兽共患病，但应注明以规避潜在风险。",hunyuan-turbos-20250926,78,85,75,90,70,True,False,"该回答针对用户描述的育肥猪腹泻、精神沉郁、轻度发热等症状，提出了猪杯状病毒感染的可能性，并给出了合理的支持治疗和管理措施，同时强调了实验室检测的重要性，并在临近出栏时设置了安全边界，避免了擅自出售的风险。但诊断部分缺少更具体的文献或流行病学依据，鉴别诊断不够细致，未明确说明人兽共患风险状态，数据支撑略显薄弱。
问题：诊断依据主要依赖症状描述，缺乏权威文献或流行病学背景支持。；对猪杯状病毒感染与其他病毒性腹泻（如PEDV、PDCoV等）的鉴别分析不够深入。；未明确说明猪杯状病毒的人兽共患风险状态，虽然目前认为风险低，但应予以澄清以避免误解。",True,ERNIE-4.5-Turbo-32K,True,review,诊断方向合理，症状与疾病匹配度较高，处理方向安全且与疾病相互印证，但存在一定不足，如诊断依据缺乏权威文献或流行病学背景支持，鉴别诊断不够细致，未明确说明人兽共患风险状态，数据支撑略显薄弱。,79.0,27,18,22,15,review,18.91,16.35,
d429a47b-87d6-577f-b2a7-3cae714ae72f,159,猪链球菌病,swine_hunyuan_turbos,hunyuan-turbos-20250926,成功,,猪,我家是200头基础母猪的种猪场，最近有3头怀孕90多天的母猪陆续流产，还有两头公猪精神差、采精量下降明显，部分母猪返情率也高了。圈舍通风一般，近期没换饲料，也没打过疫苗。这种情况会不会是传染病？还能继续配种吗？,根据描述，存在妊娠母猪流产、死胎及公猪繁殖性能下降的情况，结合猪链球菌病的流行病学特点，应考虑猪链球菌感染可能，尤其是S. suis可通过血液途径引起败血症并波及生殖系统，导致流产、死胎及公猪精液质量下降。同时应排除布鲁氏菌病、PCV2宫内感染等其它繁殖障碍病因。,treatment_direction: 立即隔离发病母猪和表现异常的公猪，停止配种计划，防止病原扩散；采集流产胎儿、胎盘组织及公猪精液送实验室进行细菌培养、PCR检测和药敏试验，明确病原种类及耐药性。；management_measures: 加强产房和公猪舍消毒，改善通风与卫生条件；减少应激因素；对全场猪群进行健康巡查，记录体温、食欲和精神状态。；sampling_and_testing: 送检材料包括流产胎儿、胎盘、脐带血、公猪精液及血液样本，检测项目应包括猪链球菌、布鲁氏菌、PCV2等常见繁殖障碍病原。；prohibited_actions: 在未明确诊断前，禁止将疑似病猪调入健康群或进行人工授精；禁止使用未经药敏指导的抗生素；禁止随意出售或转运种猪。,因未确定病原及治疗方案，暂停所有配种活动直至检测结果明确并采取相应防控措施。,"{""disease_name"": ""猪链球菌病"", ""severity"": ""中等至严重"", ""scene_tags"": [""种猪场"", ""繁殖障碍"", ""流产"", ""公猪繁殖性能下降""], ""validation_points"": [""猪链球菌可通过败血症波及生殖系统引发流产和死胎"", ""公猪感染可导致精液质量下降和行为异常"", ""需通过病原分离和分子检测确诊""], ""risk_flags"": [""潜在人兽共患风险（皮肤伤口接触）"", ""场内水平传播风险高"", ""可能影响全群繁殖效率""], ""case_type"": ""种猪繁殖障碍"", ""target_disease"": ""猪链球菌病"", ""local_flags"": {""species_ok"": true, ""target_disease_in_diagnosis"": true, ""target_disease_mismatch"": false, ""contains_specific_dose"": false, ""contains_specific_withdrawal"": false, ""regulated_bad_treatment"": false}}",False,False,,,True,False,False,D:\XF-ChongQin\ai-\knowledge\llm_wiki_swine_authoritative,1465,887,"猪链球菌病
猪链球菌病、streptococcosis streptococcus suis
种猪繁殖障碍
种猪场出现流产、死胎、返情或公猪异常，用户担心传染病和是否继续配种。","{""HUMAN_REVIEWED"": 3, ""NEEDS_REVIEW"": 2}","[""SRC-0001"", ""SRC-0014"", ""SRC-0025"", ""SRC-0035"", ""SRC-0075"", ""SRC-0076""]",2118,33.13,ERNIE-4.5-Turbo-32K,82,27,18,23,14,False,True,"整体回答较为全面，诊断方向合理，考虑了猪链球菌病的流行病学特点及繁殖障碍表现，并建议排除其他病因。处理方向安全，强调了隔离、检测和防控措施，避免了病原扩散风险。但数据质量方面存在不足，如未明确提及人兽共患风险的防控措施，且部分建议缺乏具体操作细节。
问题：诊断准确性方面：虽考虑了猪链球菌病，但对布鲁氏菌病、PCV2等排除病因的描述较简略，缺乏具体鉴别诊断依据。；病理逻辑方面：对猪链球菌病通过败血症波及生殖系统的机制描述不够深入，未充分解释公猪精液质量下降的具体病理过程。；处方安全性方面：虽强调了禁止未经药敏指导使用抗生素，但未提及具体抗生素选择原则或替代治疗方案。；数据质量方面：未明确提及人兽共患风险的防控措施（如皮肤伤口防护），且采样和检测建议缺乏具体操作细节（如采样部位、检测方法）。",hunyuan-turbos-20250926,80,85,78,88,75,False,False,"该回答在诊断方向上基本准确，能够结合猪链球菌病的流行病学特征与临床表现提出合理怀疑，并提示需排除布鲁氏菌病、PCV2等其他繁殖障碍性疾病。处理措施强调隔离、送检、防控扩散，符合生物安全要求，无危险用药建议。但在病理机制解释上不够深入，尤其对公猪精液质量下降的原因阐述不足；数据质量方面缺少人兽共患病防护提醒及采样操作细节，影响实用性。
问题：对猪链球菌病引发公猪精液质量下降的病理机制解释不足；未明确提及人兽共患病（如布鲁氏菌）的职业防护建议；采样与检测建议缺乏具体操作细节（如采样部位、方法）",True,ERNIE-4.5-Turbo-32K,True,review,诊断方向基本合理，考虑了猪链球菌病的流行病学特点及繁殖障碍表现，并建议排除其他病因。处理方向安全，强调了隔离、检测和防控措施，避免了病原扩散风险。但存在病理机制解释不够深入、未明确提及人兽共患病防护措施、采样和检测建议缺乏具体操作细节等问题，影响数据质量和实用性。,79.0,27,18,23,14,review,22.74,18.47,
53bb7cb3-bf29-55e9-a93d-700a2c9cb765,191,猪水疱性口炎,swine_hunyuan_turbos,hunyuan-turbos-20250926,成功,,猪,我家有120头育肥猪，平均体重在60公斤左右，最近几天有几头出现口腔和蹄部起水疱、流涎、跛行的情况，体温也偏高，大概39℃多，之前用过一些抗生素没见好转。请问这种情况是不是要马上采样送检？该取哪些部位？怎么保存和运输才不会影响检测结果？另外怕误诊成口蹄疫耽误处理，有没有办法先自己简单区分一下？,根据描述的口腔及蹄部水疱、流涎、跛行、发热等症状，高度怀疑为水疱性疾病，包括口蹄疫（FMD）、猪水疱病（SVD）、猪水疱疹（VES）、猪水疱性口炎（VSV）等。这些疾病在临床上难以区分，必须通过实验室检测进行确诊。,treatment_direction: 目前不建议盲目使用抗病毒或抗菌药物，应先停止随意投药，等待实验室结果后再制定针对性措施。；management_measures: 立即将发病猪与健康猪分栏隔离，减少人员、车辆、器具交叉接触；加强圈舍消毒，限制人员和物资流动；对同批次未发病猪密切观察。；sampling_and_submission: 应采集新鲜水疱液、破溃后的溃疡组织、部分健康与病变交界处的组织块，必要时可加采血液样本；样品应在低温（冰袋或冷链）条件下尽快送至具备资质的兽医实验室，并注明采集时间、地点、临床症状及流行病学史。；prohibited_boundaries: 严禁在未排除重大动物疫病（如口蹄疫）前擅自屠宰、出售或转运病猪及其产品；禁止自行使用未经批准的疫苗或药物。,因尚未确诊且未使用特定药物，暂无明确休药期建议；待实验室确诊后按相应疫病防控方案执行。,"{""disease_name"": ""猪水疱性口炎"", ""severity"": ""中等至严重（视是否伴随重大疫病而定）"", ""scene_tags"": [""育肥猪"", ""水疱性病变"", ""发热"", ""跛行"", ""采样送检""], ""validation_points"": [""症状符合多种水疱性病毒病的共同表现"", ""需通过实验室检测与其他水疱病鉴别"", ""管理上强调隔离、消毒与限制移动""], ""risk_flags"": [""存在重大动物疫病（如口蹄疫）风险，需严格按检疫规定处置"", ""延误送检可能导致疫情扩散""], ""case_type"": ""采样送检咨询"", ""target_disease"": ""猪水疱性口炎"", ""local_flags"": {""species_ok"": true, ""target_disease_in_diagnosis"": true, ""target_disease_mismatch"": false, ""contains_specific_dose"": false, ""contains_specific_withdrawal"": false, ""regulated_bad_treatment"": false}}",False,False,,,True,False,False,D:\XF-ChongQin\ai-\knowledge\llm_wiki_swine_authoritative,1465,887,"猪水疱性口炎
猪水疱性口炎、vesicular stomatitis viruses
采样送检咨询
用户描述症状后，重点询问采什么样品、如何判断和如何避免误治。","{""HUMAN_REVIEWED"": 3, ""NEEDS_REVIEW"": 2}","[""SRC-0001"", ""SRC-0054""]",2104,24.8,ERNIE-4.5-Turbo-32K,82,27,18,22,15,False,True,"整体回答较为全面，诊断方向正确，考虑了多种水疱性疾病的可能性，并强调了实验室检测的重要性。管理措施和采样建议合理，符合疾病防控要求。
问题：诊断部分虽然提到了多种水疱性疾病，但对猪水疱性口炎的针对性描述不足，未充分体现该疾病与其他水疱病的区别。；病理逻辑部分对症状与疾病的关联性解释不够深入，缺乏对猪水疱性口炎特异性的分析。；数据质量方面，回答中未明确提及猪水疱性口炎的流行病学特点或特异性症状，信息完整性有待提升。",hunyuan-turbos-20250926,78,80,75,85,70,True,False,"回答覆盖了主要水疱性疾病的鉴别诊断思路，强调实验室确诊的重要性，管理隔离与采样运输建议科学且安全，避免了盲目用药和违规操作，无直接危险建议。但在针对‘猪水疱性口炎’的特异性症状、流行病学特征及与其他水疱病的鉴别要点上阐述不足，导致诊断与病理逻辑部分略显泛化，未能充分支撑用户查询的疾病名称。
问题：对猪水疱性口炎的特异性临床表现和流行病学背景缺乏说明，无法体现其与其他水疱病的差异。；病理逻辑部分仅笼统列出可能疾病，缺少对症状-病因关联的深度解析。；数据质量不足，未提供该病种的典型流行季节、传播方式等信息。",True,ERNIE-4.5-Turbo-32K,True,review,回答整体方向正确，诊断考虑了多种水疱性疾病并强调实验室检测的重要性，管理措施和采样建议合理且安全，无直接危险建议。但针对猪水疱性口炎的特异性症状、流行病学特征及与其他水疱病的鉴别要点阐述不足，诊断与病理逻辑部分略显泛化，信息完整性有待提升。,79.0,27,18,22,15,review,16.08,17.36,
a94bd37a-6346-5429-b070-1e5dbd4d78c1,211,猪肾虫病,swine_hunyuan_turbos,hunyuan-turbos-20250926,成功,,猪,我家有200多头60日龄左右的保育猪，最近发现不少猪精神差、拉稀、毛色发暗、长得慢，有的还抓痒、皮肤起痂。圈舍地面潮湿，之前用过伊维菌素驱虫一次，但效果不明显。想问问是不是肾虫引起的？该怎么处理？,根据描述的症状（腹泻、消瘦、皮肤瘙痒、生长缓慢）、圈舍潮湿环境和驱虫效果不佳的情况，结合猪肾虫（Stephanurus dentatus）在幼猪阶段的易感性及移行期可引起肝、肾周组织损伤并继发皮肤问题，高度怀疑为猪肾虫病。建议通过尿液镜检或粪便沉渣检查寻找虫卵，必要时进行剖检观察肾脏周围囊肿及肝脏milk spots以确诊。,treatment_direction: 针对肾虫感染采用广谱抗线虫药物（如阿苯达唑类或芬苯达唑类），并结合改善圈舍卫生、降低湿度以减少再感染机会。；management_measures: 清理粪污、保持干燥通风、定期更换垫料、减少猪只在潮湿地面的停留时间。；sampling_and_testing: 采集新鲜尿液和粪便样本送实验室镜检虫卵；对病死猪进行剖检取肝、肾周围组织做病理学检查。；prohibited_boundaries: 禁止将疑似感染猪与健康猪混养，防止交叉传播；严禁未经检疫的生猪外调。,因涉及群体性寄生虫病，应暂停出栏销售，直至连续两次采样检测无虫卵为止。,"{""disease_name"": ""猪肾虫病"", ""severity"": ""中等偏重"", ""scene_tags"": [""保育猪"", ""群体发病"", ""潮湿环境"", ""慢性消耗""], ""validation_points"": [""症状符合肾虫移行期表现（消瘦、腹泻、生长迟缓）"", ""圈舍潮湿增加感染风险"", ""常规驱虫无效提示可能存在耐药或非蛔虫类寄生虫""], ""risk_flags"": [""群体感染风险高"", ""可能持续污染环境"", ""需排除其他皮肤病合并因素""], ""case_type"": ""寄生虫群体发病"", ""target_disease"": ""猪肾虫病"", ""local_flags"": {""species_ok"": true, ""target_disease_in_diagnosis"": true, ""target_disease_mismatch"": false, ""contains_specific_dose"": false, ""contains_specific_withdrawal"": false, ""regulated_bad_treatment"": false}}",False,False,,,True,False,False,D:\XF-ChongQin\ai-\knowledge\llm_wiki_swine_authoritative,1465,887,"猪肾虫病
猪肾虫病、stephanurus dentatus kidney worm
寄生虫群体发病
猪群出现腹泻、消瘦、皮肤瘙痒或生长慢，用户怀疑寄生虫。","{""HUMAN_REVIEWED"": 2, ""NEEDS_REVIEW"": 2}","[""SRC-0001"", ""SRC-0082""]",2221,31.04,ERNIE-4.5-Turbo-32K,82,27,18,22,15,False,True,"整体回答符合猪肾虫病的诊断逻辑，症状与疾病匹配度较高，诊断方向合理，处理措施安全且与疾病相互印证。但存在部分细节描述不够准确、数据质量有待提升的问题。
问题：diagnosis_accuracy: 症状描述与猪肾虫病典型症状匹配度较高，但未完全覆盖所有典型症状（如肾脏周围囊肿、肝脏milk spots等），且未明确排除其他可能疾病（如疥螨病、蛔虫病等）。；pathology_logic: 诊断逻辑基本合理，但未详细说明尿液镜检和粪便沉渣检查的具体操作步骤及阳性结果的意义，病理学检查的描述也较为笼统。；prescription_safety: 处方安全，广谱抗线虫药物选择合理，管理措施全面，但未提及具体药物剂量和用药频率，休药期承诺也较为模糊（仅提及连续两次采样检测无虫卵为止）。；data_quality: 数据质量一般，症状描述较为全面，但缺乏具体数据支持（如腹泻频率、消瘦程度等），风险评估也较为简单。",hunyuan-turbos-20250926,78,75,80,85,70,False,False,"该数据整体具备真实养殖场景背景，用户描述的保育猪症状与猪肾虫病有一定吻合度，诊断思路合理，处理方案涵盖药物治疗、环境管理和检测建议，无明显危险建议。但存在以下不足：1. 症状列举虽较全，但未充分覆盖猪肾虫病的特异性表现（如肾脏周围囊肿、肝脏milk spots）；2. 鉴别诊断不足，未考虑疥螨、蛔虫等其他常见病因；3. 检测步骤描述过于笼统，缺少操作细节；4. 数据支撑较弱，缺乏量化指标；5. 休药期表述模糊，虽未给出具体天数，但“连续两次采样检测无虫卵”作为出栏条件存在执行不确定性。
问题：症状描述未完全覆盖猪肾虫病特异性表现；缺乏与其他类似疾病的鉴别分析；检测方法和阳性判定标准描述不够详细；缺乏量化数据支持病情评估；休药期条件表述模糊，可能影响执行",True,ERNIE-4.5-Turbo-32K,True,review,整体回答符合猪肾虫病的诊断逻辑，症状与疾病匹配度较高，诊断方向合理，处理措施安全且与疾病相互印证。但存在部分细节描述不够准确、数据质量有待提升的问题，如症状描述未完全覆盖猪肾虫病特异性表现，缺乏与其他类似疾病的鉴别分析，检测方法和阳性判定标准描述不够详细，缺乏量化数据支持病情评估，休药期条件表述模糊，可能影响执行。,79.0,27,18,22,15,review,20.8,21.42,
4d24bc98-2076-580b-93a0-b5f355f48923,240,猪星状病毒感染,swine_hunyuan_turbos,hunyuan-turbos-20250926,成功,,猪,我家有200头120公斤左右的育肥猪，还有20天就准备出栏了，这几天陆续有几头开始拉稀，粪便偏稀黄绿色，精神食欲还行，没有发烧，之前用过恩诺沙星拌料两天效果不明显。想问问这种情况还能不能继续养到出栏？要不要隔离或者换饲料？会不会影响卖猪？,根据描述，育肥猪在临近出栏时出现轻度腹泻，无明显全身症状，可能与猪星状病毒感染有关。该病常与多种肠道病原体混合存在，可表现为轻度腹泻，部分情况下伴发神经症状，但因果关系需结合剖检及实验室检测综合判断。目前未见高热、急性死亡等典型烈性病表现，暂不支持非洲猪瘟等重大疫病。,建议立即将腹泻明显个体与健康猪分栏管理，减少交叉感染机会；加强圈舍保温通风，保持干燥清洁，防止继发细菌感染；可在兽医指导下使用广谱抗生素预防继发细菌性肠炎，并配合电解质补液支持；采集新鲜粪便送实验室进行病原学检测（如PCR），明确是否合并其他病原；严禁擅自使用未经批准的兽药或超范围药物；若检测结果提示非重大疫病且无严重经济损失，可考虑继续饲养至出栏，但需向收购方如实说明情况；如发现可疑重大动物疫病迹象，应立即停止出售并报告当地畜牧兽医部门。,因临近出栏且未使用特定药物，一般无需额外停药期；若使用预防性抗生素，应遵守所用药品标签规定的休药期，并在出栏前确保符合食品安全要求。,"{""disease_name"": ""猪星状病毒感染"", ""severity"": ""轻症至中等"", ""scene_tags"": [""育肥猪"", ""临近出栏"", ""轻度腹泻"", ""无发热""], ""validation_points"": [""症状与猪星状病毒感染的轻度腹泻特征相符"", ""无高热、急性死亡等烈性病表现，排除非洲猪瘟等高风险疫病"", ""建议通过实验室检测确认病原，避免仅凭临床症状下结论""], ""risk_flags"": [""临近出栏阶段的疾病可能影响销售决策"", ""存在与其他肠道病原共感染的可能"", ""需警惕重大动物疫病的漏诊风险""], ""case_type"": ""腹泻出栏边界"", ""target_disease"": ""猪星状病毒感染"", ""local_flags"": {""species_ok"": true, ""target_disease_in_diagnosis"": true, ""target_disease_mismatch"": false, ""contains_specific_dose"": false, ""contains_specific_withdrawal"": false, ""regulated_bad_treatment"": false}}",False,False,,,True,False,False,D:\XF-ChongQin\ai-\knowledge\llm_wiki_swine_authoritative,1465,887,"猪星状病毒感染
猪星状病毒感染、astroviruses、astrovirus、猪星状病毒
腹泻出栏边界
临近出栏猪群出现腹泻，用户关心处理方向、隔离和用药后能否销售。","{""HUMAN_REVIEWED"": 2, ""NEEDS_REVIEW"": 2}","[""SRC-0001"", ""SRC-0032""]",2221,29.65,ERNIE-4.5-Turbo-32K,82,27,18,20,17,False,True,"该回答在诊断准确性、病理逻辑、处方安全性和数据质量方面表现较好，整体符合测试数据有效性要求。诊断考虑了猪星状病毒感染的可能性，并排除了非洲猪瘟等重大疫病，逻辑合理。处方建议了分栏管理、加强环境控制和实验室检测，安全且与疾病相互印证。数据质量方面，症状描述与疾病特征相符，但缺乏具体数据支持。
问题：诊断准确性方面，虽然考虑了猪星状病毒感染，但未充分讨论其他可能的肠道病原体，诊断依据略显不足。；病理逻辑方面，对神经症状的提及缺乏实际病例支持，可能引起混淆。；处方安全性方面，建议使用广谱抗生素预防继发感染，但未明确具体药物和剂量，存在一定风险。；数据质量方面，缺乏具体的实验室检测数据或流行病学信息支持诊断。",hunyuan-turbos-20250926,78,75,80,70,75,False,False,"该数据整体具备真实养殖场景背景，症状与目标疾病有一定关联，诊断思路合理，排除了重大疫病，并给出了安全的防控建议。但诊断依据不够充分，未全面考虑其他常见肠道病原；处方中提及广谱抗生素预防继发感染，虽未给出具体剂量，但在临近出栏场景下存在潜在食品安全风险；此外，对神经症状的描述缺乏病例支撑，可能误导用户。总体仍属可用数据，但需优化细节。
问题：诊断仅基于有限症状推测猪星状病毒感染，未充分考虑轮状病毒、冠状病毒等其他常见肠道病原。；提到神经症状但无实际病例佐证，易引发误解。；临近出栏阶段建议使用抗生素预防继发感染，存在食品安全隐患。；缺少实验室检测结果或流行病学背景支持诊断结论。",True,ERNIE-4.5-Turbo-32K,partially,review,诊断考虑了猪星状病毒感染的可能性，并排除了非洲猪瘟等重大疫病，逻辑合理，但未充分讨论其他可能的肠道病原体，诊断依据略显不足，且对神经症状的提及缺乏实际病例支持，可能引起混淆；处方建议了分栏管理、加强环境控制和实验室检测，安全且与疾病相互印证，但建议使用广谱抗生素预防继发感染，未明确具体药物和剂量，在临近出栏场景下存在潜在食品安全风险。整体数据具备真实养殖场景背景，症状与目标疾病有一定关联，但存在一些可优化细节，因此判为review。,79.0,27,18,20,17,review,19.1,18.95,
f0d4a333-6527-5f0f-b756-0d40b161a401,6,猪繁殖与呼吸综合征,swine_hunyuan_turbos,hunyuan-turbos-20250926,成功,,猪,我家是200头左右保育猪，现在60日龄左右，最近一周舍内通风不太好，氨味很重，早晚温差也大，部分猪开始咳嗽、喘气，精神食欲还行，体温没测过。之前用过几天氟苯尼考拌料，效果不明显。这种情况是环境应激还是传染病？该怎么处理？,结合症状、环境和用药反应，考虑为猪繁殖与呼吸综合征（PRRS）可能性较大，同时伴有环境应激因素。PRRS在保育阶段易发，常表现为咳嗽、喘气、发热、采食下降，且对抗生素治疗效果有限。需与支原体肺炎、猪流感等其他呼吸道病原鉴别。,立即改善圈舍通风，降低氨气浓度，减少昼夜温差；加强保温措施，保持干燥清洁；停止随意使用抗生素，采集鼻拭子、血液样本送实验室进行PCR检测，明确病原；如确诊PRRS，应执行生物安全措施，限制人员车辆流动，防止扩散；必要时联系当地畜牧兽医部门指导防控方案；禁止私自屠宰、销售可疑猪只。,未涉及具体药物使用，无休药期要求；若后续使用兽药，须按说明书及监管部门规定执行。,"{""disease_name"": ""猪繁殖与呼吸综合征"", ""severity"": ""中等至严重"", ""scene_tags"": [""保育猪"", ""呼吸道症状"", ""环境应激"", ""病毒病""], ""validation_points"": [""保育猪常见易感群体"", ""咳嗽喘气符合PRRS临床表现"", ""抗生素无效提示非单纯细菌感染""], ""risk_flags"": [""潜在法定二类疫病"", ""需实验室确诊"", ""存在传播风险""], ""case_type"": ""呼吸道环境诱因"", ""target_disease"": ""猪繁殖与呼吸综合征"", ""local_flags"": {""species_ok"": true, ""target_disease_in_diagnosis"": true, ""target_disease_mismatch"": false, ""contains_specific_dose"": false, ""contains_specific_withdrawal"": false, ""regulated_bad_treatment"": false}}",False,False,,,True,False,False,D:\XF-ChongQin\ai-\knowledge\llm_wiki_swine_authoritative,1465,887,"猪繁殖与呼吸综合征
猪繁殖与呼吸综合征、porcine reproductive and respiratory syndrome viruses、PRRS、蓝耳病
呼吸道环境诱因
通风差、氨气重或温差大后出现咳嗽喘气，用户想区分环境应激和传染病。","{""HUMAN_REVIEWED"": 2, ""NEEDS_REVIEW"": 2}","[""A0-MOA-573"", ""A1-WOAH-PRRS-DISEASE"", ""SRC-0001"", ""SRC-0023""]",2221,34.88,ERNIE-4.5-Turbo-32K,82,27,18,22,15,False,True,"整体回答质量较高，诊断准确性、病理逻辑、处方安全性均表现良好，数据质量稍显不足但不影响整体评估。无明显致命风险，符合通过标准。
问题：诊断准确性方面，虽然考虑了PRRS的可能性，但未完全排除其他呼吸道病原（如支原体肺炎、猪流感）的干扰，诊断依据略显不足。；病理逻辑方面，对PRRS的典型症状描述较为全面，但缺乏对环境应激与传染病之间相互作用的深入分析。；处方安全性方面，提出的改善环境、加强保温等措施安全有效，但未明确后续治疗药物的选择原则，略显笼统。；数据质量方面，用户查询中未提供体温数据，回答中未对此进行说明或假设，略显不足。",hunyuan-turbos-20250926,82,85,80,90,75,False,False,"回答整体结构合理，诊断思路清晰，能够结合环境与临床症状提出PRRS为主要可能，并提示鉴别诊断。处方建议以环境改善和生物安全措施为主，避免盲目用药，安全性高。不足之处在于诊断依据不够充分，缺少对其他呼吸道疾病的详细分析，以及环境应激与疾病交互作用的深入探讨；此外，未针对体温缺失情况作补充说明。
问题：诊断依据中对PRRS的支持证据不足，未充分排除支原体肺炎、猪流感等常见呼吸道疾病。；缺乏对环境因素如何加重或诱发传染病的机制分析。；未对缺失体温信息作出合理假设或提醒检测的重要性。",True,ERNIE-4.5-Turbo-32K,partially,review,回答整体结构合理，诊断思路清晰，能够结合环境与临床症状提出PRRS为主要可能，并提示鉴别诊断。处方建议以环境改善和生物安全措施为主，避免盲目用药，安全性高。但存在以下不足：诊断依据中对PRRS的支持证据不足，未充分排除支原体肺炎、猪流感等常见呼吸道疾病；缺乏对环境因素如何加重或诱发传染病的机制分析；未对缺失体温信息作出合理假设或提醒检测的重要性。,78.0,27,18,22,15,review,21.14,17.21,
cc054938-d5a9-51ef-b174-e7f2c14aa7a5,21,猪星状病毒感染,swine_hunyuan_turbos,hunyuan-turbos-20250926,成功,,猪,我家有120头25日龄左右的保育猪，这几天陆续有几窝出现拉稀，粪便呈黄色水样，有的小猪精神差、不吃料，还有轻微脱水现象，圈舍温度偏低、通风一般，之前用过恩诺沙星拌料两天效果不明显，想问下可能是什么病？该怎么处理？,根据描述，25日龄保育猪群中出现黄色水样腹泻、精神沉郁、采食减少及轻度脱水，结合年龄、季节性和饲养管理条件，高度怀疑由猪星状病毒感染引起。该病常与其他肠道病原混合感染，如轮状病毒、冠状病毒等，导致腹泻加重。,立即加强保温与干燥管理，提供清洁温水防止脱水；调整饲料为易消化型，少量多餐；对严重脱水个体进行补液支持；暂停使用无效抗生素，避免滥用；采集新鲜粪便送实验室检测病原，明确是否合并其他病毒性或细菌性病原；若怀疑重大疫病需按当地规定采样送检并配合防控部门调查。,因无特效抗病毒药物，不涉及药物休药期问题；如需使用兽药须遵守说明书及国家相关规定。,"{""disease_name"": ""猪星状病毒感染"", ""severity"": ""中等偏重（可导致生长迟缓、死亡率升高）"", ""scene_tags"": [""保育猪"", ""腹泻"", ""脱水"", ""混合感染风险""], ""validation_points"": [""符合猪星状病毒高发年龄段（保育期）"", ""症状与文献描述的腹泻、脱水一致"", ""环境因素（低温、通风不良）易诱发""], ""risk_flags"": [""存在混合感染可能性"", ""需排除其他重大疫病""], ""case_type"": ""腹泻群体发病"", ""target_disease"": ""猪星状病毒感染"", ""local_flags"": {""species_ok"": true, ""target_disease_in_diagnosis"": true, ""target_disease_mismatch"": false, ""contains_specific_dose"": false, ""contains_specific_withdrawal"": false, ""regulated_bad_treatment"": false}}",False,False,,,True,False,False,D:\XF-ChongQin\ai-\knowledge\llm_wiki_swine_authoritative,1465,887,"猪星状病毒感染
猪星状病毒感染、astroviruses、astrovirus、猪星状病毒
腹泻群体发病
同窝或同栏出现水样腹泻、脱水、采食下降，用户想知道主要病因和紧急处理。","{""HUMAN_REVIEWED"": 2, ""NEEDS_REVIEW"": 2}","[""SRC-0001"", ""SRC-0032""]",2220,26.95,ERNIE-4.5-Turbo-32K,82,27,18,22,15,False,True,"整体回答较为准确，诊断逻辑合理，处理方向安全，数据质量基本满足要求，无明显致命风险。
问题：诊断准确性方面，虽然高度怀疑猪星状病毒感染，但未完全排除其他病原混合感染的可能性，诊断描述可更全面。；病理逻辑方面，对混合感染风险的阐述可更深入，如具体说明可能混合感染的病原及影响。；处方安全性方面，未明确提及针对猪星状病毒感染的特异性处理措施，仅强调了支持性治疗和病原检测。；数据质量方面，对症状、环境因素与疾病的关联性分析可更详细，以增强说服力。",hunyuan-turbos-20250926,80,75,78,85,80,True,False,"该回答在诊断上基于年龄、症状和环境因素提出猪星状病毒感染的高度怀疑，并结合可能的混合感染情况，有一定合理性；处理方案以保温、补液、改善饲喂和支持性治疗为主，避免了不当用药，并提示病原检测和重大疫病上报，符合安全要求。但诊断部分未充分覆盖其他常见病原（如轮状病毒、冠状病毒）的鉴别，且缺乏针对星状病毒的特异性处理建议，病理逻辑和数据细节可进一步充实。
问题：诊断中对猪星状病毒感染的证据链不够完整，未充分排除其他常见肠道病毒或细菌病原。；病理机制解释较笼统，缺少对混合感染如何加重病情的具体分析。；处方中未给出任何针对星状病毒的特异性干预思路，仅停留在支持性护理层面。",True,ERNIE-4.5-Turbo-32K,partially,review,诊断逻辑合理，基于症状、年龄和环境因素高度怀疑猪星状病毒感染，但未充分排除其他常见肠道病原（如轮状病毒、冠状病毒、大肠杆菌等）的混合感染可能性，证据链不够完整；病理机制解释较笼统，缺少对混合感染如何加重病情的具体分析；处理方案以支持性治疗为主，避免了不当用药，并提示病原检测和重大疫病上报，符合安全要求，但缺乏针对星状病毒的特异性干预思路，仅停留在支持性护理层面。整体回答有一定合理性，但存在轻微不足，可参考但需进一步完善。,78.0,27,18,22,15,review,17.76,21.18,
0c79a9c8-695c-5cdc-9dbe-39e1becbca17,24,猪圆环病毒相关疾病,swine_hunyuan_turbos,hunyuan-turbos-20250926,成功,,猪,我家有120头90公斤左右的育肥猪，已经养了快5个月，最近发现部分猪精神沉郁、采食量下降，有的还出现皮肤发白、消瘦的情况，体温正常偏高，持续一周左右，之前用过替米考星拌料三天，效果不明显。现在离计划出栏还有20天，想问这种情况还能治吗？用药后多久能卖？,根据描述的症状（精神差、采食减少、皮肤苍白、消瘦）及在育肥阶段的发病特点，结合病史考虑猪圆环病毒相关疾病（PCVAD）的可能性较大，尤其是PCV2相关的生长迟缓综合征表现。需排除继发细菌感染或其他慢性消耗性疾病。,建议立即隔离病弱猪，改善饲养管理，保证清洁饮水和营养均衡饲料；加强圈舍通风与温湿度控制，减少应激；对全群进行健康评估，必要时采集血液或组织样本送实验室PCR检测确诊。若确诊PCVAD，目前无特效抗病毒药物，应以支持疗法为主，如补充维生素、电解质、改善食欲的辅助剂，并配合广谱抗生素预防和控制继发细菌感染。严禁使用未经批准的兽药或超范围用药。,因涉及潜在上市销售，任何药物治疗前必须明确药品种类及其法定休药期，并在停药期满后方可出栏销售。建议在兽医指导下制定用药方案并严格执行休药规定。,"{""disease_name"": ""猪圆环病毒相关疾病"", ""severity"": ""中等至严重（视继发感染情况而定）"", ""scene_tags"": [""育肥猪"", ""生长迟缓"", ""皮肤苍白"", ""食欲减退""], ""validation_points"": [""症状符合PCVAD常见临床表现"", ""育肥阶段是PCV2相关疾病高发期"", ""需要实验室检测确诊""], ""risk_flags"": [""临近出栏期用药需严格遵循休药期规定"", ""存在继发细菌感染风险"", ""需防止疫情扩散影响整批猪群""], ""case_type"": ""上市休药期咨询"", ""target_disease"": ""猪圆环病毒相关疾病"", ""local_flags"": {""species_ok"": true, ""target_disease_in_diagnosis"": true, ""target_disease_mismatch"": false, ""contains_specific_dose"": false, ""contains_specific_withdrawal"": false, ""regulated_bad_treatment"": false}}",False,False,,,True,False,False,D:\XF-ChongQin\ai-\knowledge\llm_wiki_swine_authoritative,1465,887,"猪圆环病毒相关疾病
猪圆环病毒相关疾病、circoviruses pcvad
上市休药期咨询
用户接近出栏，关心治疗方向和用药后能否出栏销售。","{""HUMAN_REVIEWED"": 3, ""NEEDS_REVIEW"": 2}","[""A0-MOA-573"", ""SRC-0001"", ""SRC-0035""]",2160,27.37,ERNIE-4.5-Turbo-32K,82,27,18,20,17,False,True,"该回答整体符合猪圆环病毒相关疾病的诊断与处理原则，诊断准确性较高，症状与疾病匹配合理，处理方向安全且与疾病相互印证。但在病理逻辑、数据质量方面存在一定不足，需进一步优化。
问题：病理逻辑方面，虽然考虑了继发细菌感染的可能性，但未详细说明如何鉴别诊断继发感染，逻辑不够严密。；数据质量方面，未提供具体的实验室检测方法或参考标准，对症状的描述和疾病严重程度的评估略显笼统。；诊断准确性方面，虽然考虑了PCVAD的可能性，但未完全排除其他慢性消耗性疾病，诊断依据不够充分。",hunyuan-turbos-20250926,80,85,75,90,70,False,False,"回答基本符合猪圆环病毒相关疾病（PCVAD）的诊断与处理原则，症状与疾病匹配度较好，处理措施安全且无明显危险建议，强调了合法用药与休药期的重要性。但病理逻辑上缺乏针对继发感染的鉴别细节，数据质量一般，缺少更明确的实验室检测指引和病情严重程度量化信息。
问题：病理逻辑不够严密，未详细阐述如何鉴别继发细菌感染与其他慢性消耗性疾病。；数据质量不足，缺少实验室检测方法的说明和症状严重程度的量化指标。；诊断依据虽倾向PCVAD，但对其他可能病因的排除不够充分。",True,ERNIE-4.5-Turbo-32K,partially,review,回答基本符合猪圆环病毒相关疾病的诊断与处理原则，症状与疾病匹配度较好，处理措施安全且无明显危险建议，强调了合法用药与休药期的重要性。但病理逻辑上缺乏针对继发感染的鉴别细节，数据质量一般，缺少更明确的实验室检测指引和病情严重程度量化信息，诊断依据虽倾向PCVAD，但对其他可能病因的排除不够充分。,78.0,27,18,20,17,review,17.37,16.34,
eb923a2e-9e74-5c91-b7f3-38669cbbc8f2,36,猪流感,swine_hunyuan_turbos,hunyuan-turbos-20250926,成功,,猪,我家是300头左右的保育猪场，现在这批猪60日龄左右，最近一周天气忽冷忽热，加上舍内通风不太好，氨味挺重。前两天开始有几头出现咳嗽、喘气，个别精神稍差，采食量下降，体温测了有的38.8℃，有的39℃多。之前没用过药，也没打过疫苗。我想知道这是单纯的环境应激还是有可能感染了什么病？,根据描述，保育猪在通风不良、氨气浓度高及温差大的环境下，出现咳嗽、喘气、轻度发热和采食下降，提示存在呼吸道问题。可能的病因包括猪流感病毒等病毒性呼吸道感染，以及细菌性继发感染（如巴氏杆菌、链球菌），同时环境因素（氨气刺激、温差应激）也是重要诱因。需要结合发病率、死亡率、呼吸模式变化及是否有其他批次混群史进一步判断。,treatment_direction: 改善舍内通风换气，降低氨气浓度，保持适宜温湿度；对发病猪进行隔离观察，减少应激因素。；management_measures: 加强饲养管理，分群饲养，避免密度过高；及时清理粪便，减少有害气体积聚；监测全群健康状况，记录发病数量与恢复情况。；sampling_and_testing: 采集鼻拭子、咽拭子或肺组织样本送实验室进行病毒核酸检测（RT-PCR）及细菌培养，必要时做血清学检测以排除其他病原。；prohibited_boundaries: 若怀疑为重大动物疫病（如非洲猪瘟、口蹄疫等），应立即停止场内调运并报告当地动物防疫部门，不得擅自使用未经批准的药品或疫苗。,因未涉及具体药物治疗方案，暂无明确休药期说明。如使用抗生素或抗病毒药物，应依据所用药品说明书并在停药后按规定时间方可出栏。,"{""disease_name"": ""猪流感"", ""severity"": ""中等"", ""scene_tags"": [""保育猪"", ""呼吸道疾病"", ""环境应激"", ""氨气"", ""温差""], ""validation_points"": [""症状符合猪流感等病毒性呼吸道感染表现"", ""环境诱因（通风差、氨气高、温差大）与临床表现相符"", ""建议通过实验室检测确诊病原""], ""risk_flags"": [""需排除重大动物疫病"", ""防止疫情扩散""], ""case_type"": ""呼吸道环境诱因"", ""target_disease"": ""猪流感"", ""local_flags"": {""species_ok"": true, ""target_disease_in_diagnosis"": true, ""target_disease_mismatch"": false, ""contains_specific_dose"": false, ""contains_specific_withdrawal"": false, ""regulated_bad_treatment"": false}}",False,False,,,True,False,False,D:\XF-ChongQin\ai-\knowledge\llm_wiki_swine_authoritative,1465,887,"猪流感
猪流感、influenza viruses
呼吸道环境诱因
通风差、氨气重或温差大后出现咳嗽喘气，用户想区分环境应激和传染病。","{""HUMAN_REVIEWED"": 3}","[""RC-RESP-001"", ""SRC-0001"", ""SRC-0042"", ""SRC-0043"", ""SRC-0049"", ""SRC-0050"", ""SRC-0058"", ""SRC-0059"", ""SRC-0066"", ""SRC-0069"", ""SRC-0070"", ""SRC-0086""]",2221,32.32,ERNIE-4.5-Turbo-32K,82,27,18,22,15,False,True,"整体回答质量较高，诊断准确性、病理逻辑、处方安全性和数据质量均表现良好，无明显致命风险，符合通过标准。
问题：诊断准确性方面，虽然考虑了猪流感病毒和细菌性继发感染，但未明确提及猪流感作为首要怀疑对象，且未详细说明如何区分环境应激和传染病。；病理逻辑方面，对环境因素与疾病关系的阐述较为笼统，缺乏具体机制或案例支持。；处方安全性方面，虽然提出了改善环境和管理措施，但未针对猪流感提出具体的药物治疗方案（如抗病毒药物或抗生素使用建议）。；数据质量方面，症状描述和场景标签较为全面，但缺乏具体的发病率、死亡率等数据支持诊断。；未明确提及人兽共患风险及防控措施。",hunyuan-turbos-20250926,82,85,80,90,80,False,False,"回答整体质量较好，能够结合环境因素与可能的病原体进行分析，并给出合理的防控与管理建议，未发现明显危险建议或违规用药信息。但在诊断中未将猪流感明确列为首要怀疑对象，对环境因素致病机制的阐述不够深入，缺少具体发病率、死亡率等量化数据支撑，也未提及人兽共患病防控相关内容。
问题：未明确将猪流感列为主要怀疑疾病，仅泛化为病毒性呼吸道感染。；对环境应激与传染病的区分方法描述不足，缺乏具体鉴别要点。；未提供针对猪流感的具体治疗方向（如抗病毒或抗生素建议）。；缺少发病率、死亡率等关键流行病学数据支持诊断。；未提及人兽共患病防控相关建议。",True,ERNIE-4.5-Turbo-32K,True,review,回答整体质量较好，诊断考虑了环境因素和可能的病原体，但未明确将猪流感作为首要怀疑对象，对环境应激与传染病的区分方法描述不足，且未提供针对猪流感的具体治疗方向。此外，缺少发病率、死亡率等关键流行病学数据支持诊断，也未提及人兽共患病防控相关内容。,78.0,27,18,22,15,review,23.23,17.65,
28aef88c-77a8-5260-a5e0-215753fac2cb,44,猪狂犬病风险,swine_hunyuan_turbos,hunyuan-turbos-20250926,成功,,猪,我家有120头80公斤左右的育肥猪，最近一周陆续有几头出现精神沉郁、流涎增多、走路不稳的情况，个别还伴有轻微抽搐。之前按链球菌和副猪嗜血杆菌投过阿莫西林和多西环素，用了三天没明显好转。圈舍通风一般，周边偶尔能见到流浪狗活动。请问这种情况还能继续用原来的药吗？会不会是别的病？,根据描述的症状（流涎、共济失调、抽搐）及与流浪犬接触史，需要考虑猪狂犬病风险的可能，但该病临床表现多样且不特异，仅凭神经症状无法确诊。同时需排除其他神经系统疾病如伪狂犬病、链球菌性脑炎等。建议立即停止随意用药并采集样本送实验室检测，以明确病原。,treatment_direction: 暂停当前抗生素方案，避免掩盖病情；重点进行病原学检测和鉴别诊断。；management_measures: 将可疑病例与健康猪隔离观察，减少人员流动，加强圈舍消毒，防止潜在的人畜接触风险。；sampling_and_testing: 采集脑组织、唾液或脑脊液等样本，送具备资质的实验室进行狂犬病病毒及其他神经系统病原检测。；prohibited_actions: 禁止对疑似狂犬病病例实施开放性手术或剖检，避免直接接触体液；在未获得检测结果前，不得将病死猪出售或食用。,因未使用特定药物，无直接休药期要求；但若后续确诊非狂犬病，需依据所用药物制定相应休药期。,"{""disease_name"": ""猪狂犬病风险"", ""severity"": ""高"", ""scene_tags"": [""育肥猪"", ""神经症状"", ""流浪犬接触"", ""抗生素无效""], ""validation_points"": [""症状符合狂犬病可能表现，但不具特异性"", ""有与犬类接触史增加风险"", ""需实验室检测才能确诊""], ""risk_flags"": [""人兽共患风险"", ""需生物安全处置"", ""禁止擅自剖检""], ""case_type"": ""育肥猪用药咨询"", ""target_disease"": ""猪狂犬病风险"", ""local_flags"": {""species_ok"": true, ""target_disease_in_diagnosis"": true, ""target_disease_mismatch"": false, ""contains_specific_dose"": false, ""contains_specific_withdrawal"": false, ""regulated_bad_treatment"": false}}",False,False,,,True,False,False,D:\XF-ChongQin\ai-\knowledge\llm_wiki_swine_authoritative,1465,887,"猪狂犬病风险
猪狂犬病风险、rabies virus
育肥猪用药咨询
育肥猪出现典型症状，用户已经用过常见药物但效果一般，询问是否继续用药。","{""HUMAN_REVIEWED"": 3, ""NEEDS_REVIEW"": 2}","[""SRC-0001"", ""SRC-0054""]",2064,29.14,ERNIE-4.5-Turbo-32K,82,28,18,20,16,False,True,"整体回答较为全面，诊断考虑了猪狂犬病风险及其他神经系统疾病，处理方向安全，但诊断准确性、病理逻辑和数据质量方面存在一定不足。
问题：诊断准确性方面，虽然考虑了猪狂犬病风险，但未充分分析其他可能疾病与症状的关联性，且未提及如何进一步鉴别诊断，扣2分。；病理逻辑方面，对症状与疾病关系的阐述不够深入，未详细说明为何考虑猪狂犬病风险，以及与其他疾病的鉴别要点，扣2分。；处方安全方面，整体处理方向安全，但未明确提及针对猪狂犬病风险的具体预防措施，扣5分。；数据质量方面，回答中未充分利用用户提供的用药史和圈舍环境等信息进行更深入的分析，扣9分。",hunyuan-turbos-20250926,75,70,72,85,65,False,False,"回答识别了猪狂犬病风险的可能性，并提示停止盲目用药、送检病原检测，管理建议符合生物安全要求，无明显危险建议。但在诊断准确性上未充分结合病史与环境信息细化鉴别诊断，病理逻辑解释不足，数据利用不充分，导致整体可信度下降。
问题：未深入分析除狂犬病外的其他神经系统疾病可能性及其与症状的关系；缺乏基于现有用药史和环境因素的综合推理；对为何怀疑狂犬病风险的机制说明不足；未提出针对狂犬病暴露的额外防控措施",True,ERNIE-4.5-Turbo-32K,True,review,回答识别了猪狂犬病风险的可能性，并给出了停止盲目用药、送检病原检测的建议，管理措施符合生物安全要求，无明显危险建议。但诊断准确性上未充分结合病史与环境信息细化鉴别诊断，病理逻辑解释不足，数据利用不充分，导致整体可信度下降，需要进一步优化。,78.0,28,18,20,16,review,20.89,18.69,
7b7c67c0-ac48-5093-951d-d70251b91e7c,138,猪肾虫病,swine_hunyuan_turbos,hunyuan-turbos-20250926,成功,,猪,我家有120头育肥猪，平均体重在60公斤左右，最近发现个别猪精神差、采食量下降，尿液颜色偏深，有的还出现轻度跛行。圈舍是水泥地面，通风一般，之前没做过专门的驱虫，想问这种情况是不是要全群打药？环境要不要彻底清理？怎么复查才能确定问题？,根据描述，结合猪肾虫病的流行病学特点，怀疑存在Stephanurus dentatus感染。该病成虫寄生于肾周囊并与输尿管相通，可导致尿液异常、肾功能受损及运动障碍；幼虫移行过程中可引起肝脏损伤，表现为milk spot样病变。当前症状虽不典型，但在缺乏驱虫史和圈舍管理条件下，应考虑该病原的可能性。,treatment_direction: 建议采集可疑猪的尿液进行虫卵镜检，必要时配合剖检观察肾周囊及肝脏病变；对确诊或高度怀疑个体实施针对性驱虫措施（具体药物及用法应由执业兽医开具处方）。；management_measures: 加强圈舍清洁与粪便无害化处理，减少潮湿和积水，防止中间宿主滋生；改善通风，降低氨气和粉尘浓度，以减少呼吸道和全身应激。；sampling_and_testing: 取新鲜尿液离心沉淀镜检寻找虫卵；对死亡或淘汰猪进行剖检，重点检查肾周囊、输尿管开口及肝脏表面是否有特征性囊肿或milk spot。；prohibited_boundaries: 严禁自行使用未经批准的驱虫药或超范围用药；禁止将疑似病例随意出售或转运，以防扩散。,因涉及具体药物及休药期需依据兽医处方和国家规定执行，此处不作具体数值说明。,"{""disease_name"": ""猪肾虫病"", ""severity"": ""中等"", ""scene_tags"": [""育肥猪"", ""水泥地面"", ""无驱虫史"", ""尿液异常""], ""validation_points"": [""症状与肾虫生活史相符"", ""环境管理不足增加感染风险"", ""需通过尿液镜检和剖检确诊""], ""risk_flags"": [""潜在人畜共患病无关，但属重要经济寄生虫病"", ""需防范扩散""], ""case_type"": ""驱虫和环境管理"", ""target_disease"": ""猪肾虫病"", ""local_flags"": {""species_ok"": true, ""target_disease_in_diagnosis"": true, ""target_disease_mismatch"": false, ""contains_specific_dose"": false, ""contains_specific_withdrawal"": false, ""regulated_bad_treatment"": false}}",False,False,,,True,False,False,D:\XF-ChongQin\ai-\knowledge\llm_wiki_swine_authoritative,1465,887,"猪肾虫病
猪肾虫病、stephanurus dentatus kidney worm
驱虫和环境管理
用户询问是否需要全群处理、环境清理和复查方式。","{""HUMAN_REVIEWED"": 3, ""NEEDS_REVIEW"": 2}","[""SRC-0001"", ""SRC-0026"", ""SRC-0028"", ""SRC-0082""]",2149,31.84,ERNIE-4.5-Turbo-32K,82,27,18,20,17,False,True,"整体回答较为全面，诊断逻辑合理，考虑了猪肾虫病的流行病学特点及症状表现，提出了合理的诊断、治疗和管理建议。但在数据质量和部分细节上仍有提升空间。
问题：诊断准确性方面，虽然考虑了猪肾虫病的可能性，但症状描述为不典型，未充分排除其他类似疾病的可能性，诊断依据略显不足。；病理逻辑方面，对猪肾虫病的病理过程描述较为准确，但缺乏对其他可能并发症或继发感染的讨论。；处方安全性方面，建议由执业兽医开具处方，避免了自行用药的风险，但未提供具体的药物选择或剂量范围，可能影响实际操作的指导性。；数据质量方面，回答中未明确提及尿液镜检和剖检的具体操作步骤或注意事项，可能影响诊断的准确性；同时，对环境管理的建议较为笼统，缺乏具体实施细节。",hunyuan-turbos-20250926,80,75,78,85,72,True,False,"回答总体结构完整，诊断思路符合猪肾虫病的流行病学与临床特征，并提示了可能的鉴别诊断需求；处理方案强调由执业兽医开具处方，避免自行用药风险，且包含明确的生物安全边界。不足之处在于诊断依据不够充分，未系统排除其他类似疾病；病理机制解释较简略，缺少对继发感染或并发症的讨论；操作细节和环境管理措施过于笼统，影响可操作性。
问题：诊断依据不充分，未系统排除其他可能导致相似症状的猪病（如钩端螺旋体病、膀胱炎、营养代谢病等）；病理机制描述较简略，缺乏对继发感染或并发症的分析；环境管理和采样检测的操作步骤不够细化，缺乏可执行性指导",True,ERNIE-4.5-Turbo-32K,True,review,回答整体结构完整，诊断思路符合猪肾虫病的流行病学与临床特征，但诊断依据不够充分，未系统排除其他类似疾病；病理机制解释较简略，缺少对继发感染或并发症的讨论；操作细节和环境管理措施过于笼统，影响可操作性。,78.0,27,18,20,17,review,21.39,14.87,
446d164e-0fd7-53f3-91d4-b026a5b0b70a,175,猪丝状病毒相关感染,swine_hunyuan_turbos,hunyuan-turbos-20250926,成功,,猪,我家有120头保育猪，现在45日龄左右，最近两天发现部分猪精神沉郁、采食量明显下降，有的伴随轻微咳嗽，还有几头拉稀。圈舍通风一般，温度偏低，之前用过阿莫西林饮水，效果不明显。想问下这是啥原因，该怎么处理？,结合年龄、群体性发病、采食下降及呼吸道与消化道症状，考虑可能为病毒性感染所致，包括猪丝状病毒相关感染在内的多种病毒需排查。该病在保育阶段易发，且可能与其他病原混合感染。,立即隔离病猪与健康猪，加强圈舍保温与通风，减少应激；停止随意使用抗生素，采集病猪血液、鼻拭子、粪便等样本送专业实验室进行病原学检测（PCR/RT-PCR）；根据检测结果决定后续措施。若怀疑为重大动物疫病，应按规定向当地畜牧兽医部门报告，配合开展流行病学调查与处置，严禁私自出售或转运。,因未确诊且无具体药物方案，暂无明确休药期建议。任何用药须依据检测结果并在兽医指导下执行。,"{""disease_name"": ""猪丝状病毒相关感染"", ""severity"": ""高"", ""scene_tags"": [""保育猪"", ""群体发病"", ""采食下降"", ""呼吸道症状"", ""腹泻""], ""validation_points"": [""保育猪阶段是多种病毒易感期"", ""群体性发病提示传染性因素"", ""症状组合符合病毒性感染特征""], ""risk_flags"": [""重大动物疫病风险"", ""人兽共患风险（需进一步核实）""], ""case_type"": ""保育猪群体发病"", ""target_disease"": ""猪丝状病毒相关感染"", ""local_flags"": {""species_ok"": true, ""target_disease_in_diagnosis"": true, ""target_disease_mismatch"": false, ""contains_specific_dose"": false, ""contains_specific_withdrawal"": false, ""regulated_bad_treatment"": false}}",False,False,,,True,False,False,D:\XF-ChongQin\ai-\knowledge\llm_wiki_swine_authoritative,1465,887,"猪丝状病毒相关感染
猪丝状病毒相关感染、filoviruses reston ebolavirus zaire ebolavirus
保育猪群体发病
群体发病、采食下降、粪便或呼吸道异常，用户想知道主要病因和下一步处理。","{""NEEDS_REVIEW"": 5}","[""SRC-0001""]",2058,34.94,ERNIE-4.5-Turbo-32K,82,27,18,23,14,False,True,"整体回答符合猪丝状病毒相关感染的测试数据要求，诊断方向合理，处理措施安全，但数据质量方面存在一定不足，如未充分体现症状与疾病的直接关联性。
问题：诊断准确性方面，虽然考虑了病毒性感染，但未明确提及猪丝状病毒相关感染的特异性症状或与其他病毒病的区分点，导致诊断准确性评分略低。；病理逻辑方面，回答中提到了保育猪阶段是多种病毒易感期，群体性发病提示传染性因素，症状组合符合病毒性感染特征，但未深入阐述猪丝状病毒相关感染的具体病理机制。；处方安全性方面，处理措施合理，包括隔离、加强圈舍管理、停止随意使用抗生素、送检等，且明确指出了重大动物疫病的报告义务，但未给出具体的治疗药物（因未确诊），略显保守。；数据质量方面，虽然场景标签和验证点较为全面，但风险标志中的人兽共患风险仅提及需进一步核实，未给出具体核实方法或建议，且整体回答中对于猪丝状病毒相关感染的特异性信息描述不足。",hunyuan-turbos-20250926,80,75,78,90,70,False,False,"该回答对猪丝状病毒相关感染的诊断方向基本合理，处理措施安全合规，强调了隔离、送检和重大疫病上报，避免了危险建议。但在诊断准确性上缺乏针对猪丝状病毒的特异性症状描述，未能充分区分于其他常见病毒病；病理机制解释较浅，数据质量不足，尤其在人兽共患病风险提示方面不够具体。
问题：未明确列出猪丝状病毒相关感染的特异性临床表现，诊断针对性不足；病理机制分析较笼统，缺少对该病毒感染过程的详细解释；对人兽共患病风险的提示过于模糊，缺乏可操作的核实建议",True,ERNIE-4.5-Turbo-32K,partially,review,诊断方向基本合理，考虑了病毒性感染的可能性，但未明确提及猪丝状病毒相关感染的特异性症状，也未充分区分于其他常见病毒病，病理机制分析较浅；处理措施安全合规，强调了隔离、送检和重大疫病上报，避免了危险建议，但未给出具体治疗药物（因未确诊），略显保守；数据质量方面存在不足，对人兽共患病风险提示不够具体。整体而言，回答有一定参考价值，但需改进以提高准确性和完整性。,78.0,27,18,23,14,review,26.63,18.52,
bd41a332-aa47-546c-9bb6-df4d42c35249,185,非典型猪瘟病毒感染,swine_hunyuan_turbos,hunyuan-turbos-20250926,成功,,猪,我场有300头育肥猪，平均体重70公斤左右，最近一周陆续出现精神沉郁、体温升高到40℃以上、部分猪食欲下降、个别猪皮肤发红的情况，没有大面积死亡，也没有明显腹泻。之前用过阿莫西林拌料三天，效果不明显。我想知道这种情况是不是非典型猪瘟？应该采哪些样送检测？怎么判断是还是不是？怕误诊耽误防控。,根据描述的发热、精神沉郁、皮肤发红等症状，结合抗生素治疗效果不佳，需考虑病毒性感染的可能，包括非典型猪瘟病毒感染等。该病目前缺乏特异性治疗药物，确诊需依赖实验室检测。,treatment_direction: 无特效抗病毒药物，不建议盲目使用抗生素掩盖病情；可对症支持治疗，如补液、降温、改善饲养管理。；management_measures: 立即隔离可疑病例，减少应激因素，加强通风与卫生消毒，防止继发细菌感染。；sampling_and_testing: 采集发病猪的血液（血清）、扁桃体组织、肺脏及淋巴结样本，送具备资质的实验室进行PCR检测，必要时配合病理学检查。；prohibited_boundaries: 严禁随意使用未经批准的疫苗或药物；若检测结果符合重大动物疫病特征，应立即向当地畜牧兽医部门报告，不得擅自处置。,因无特定药物治疗，不涉及药物休药期问题；若为重大疫病，应按法规要求执行封锁、扑杀等措施。,"{""disease_name"": ""非典型猪瘟病毒感染"", ""severity"": ""中等至严重，视流行情况而定"", ""scene_tags"": [""育肥猪"", ""发热"", ""皮肤发红"", ""抗生素治疗无效"", ""采样送检""], ""validation_points"": [""症状与病毒性感染相符"", ""抗生素无效提示非细菌性病因"", ""建议实验室检测明确诊断""], ""risk_flags"": [""可能为非典型猪瘟病毒感染"", ""存在误诊延误防控风险""], ""case_type"": ""采样送检咨询"", ""target_disease"": ""非典型猪瘟病毒感染"", ""local_flags"": {""species_ok"": true, ""target_disease_in_diagnosis"": true, ""target_disease_mismatch"": false, ""contains_specific_dose"": false, ""contains_specific_withdrawal"": false, ""regulated_bad_treatment"": false}}",False,False,,,True,False,False,D:\XF-ChongQin\ai-\knowledge\llm_wiki_swine_authoritative,1465,887,"非典型猪瘟病毒感染
非典型猪瘟病毒感染、atypical porcine pestivirus pestivirus infections
采样送检咨询
用户描述症状后，重点询问采什么样品、如何判断和如何避免误治。","{""HUMAN_REVIEWED"": 2, ""NEEDS_REVIEW"": 2}","[""SRC-0001"", ""SRC-0031""]",2221,31.35,ERNIE-4.5-Turbo-32K,82,27,18,22,15,False,True,"整体回答质量较高，诊断方向合理，症状与疾病匹配度较高，处理方向安全，但部分细节可优化。
问题：diagnosis_accuracy: 诊断中未明确提及非典型猪瘟病毒感染的特异性症状，如母猪繁殖障碍或仔猪神经症状，仅依赖发热、皮肤发红等非特异性症状，可能导致误诊。；pathology_logic: 病理逻辑部分未详细解释非典型猪瘟与其他病毒性感染（如猪蓝耳病、猪圆环病毒病）的鉴别诊断依据，逻辑链条不够完整。；prescription_safety: 处方中未明确补液、降温的具体措施（如使用何种补液剂、降温药物），可能影响操作安全性。；data_quality: 采样建议中未提及样本保存与运输的具体要求（如温度、时间），可能影响检测结果准确性。",hunyuan-turbos-20250926,80,75,78,85,78,True,False,"该回答在诊断方向上基本合理，考虑了病毒性感染的可能性并提示实验室确诊，处理方案安全且包含必要的生物安全措施，未发现危险用药建议。但在诊断特异性、鉴别诊断逻辑以及采样细节方面存在不足，可能影响现场判断的准确性。
问题：未明确非典型猪瘟的典型临床特征（如母猪繁殖障碍、仔猪神经症状），仅凭非特异性症状推断，易误诊。；缺少与非典型猪瘟相似疾病的鉴别分析，逻辑链条不完整。；采样建议未说明样本保存和运输条件，可能影响检测可靠性。",True,ERNIE-4.5-Turbo-32K,True,review,诊断方向基本合理，考虑了病毒性感染的可能性并提示实验室确诊，处理方案安全且包含必要的生物安全措施，未发现危险用药建议。但诊断中未明确提及非典型猪瘟病毒感染的特异性症状，病理逻辑部分未详细解释非典型猪瘟与其他病毒性感染的鉴别诊断依据，采样建议中未提及样本保存与运输的具体要求，可能影响现场判断的准确性，因此判为review。,78.0,27,18,22,15,review,21.72,18.59,
0af84a87-d2be-5e61-97ed-f05d5ab49fa8,253,猪巨细胞病毒感染,swine_hunyuan_turbos,hunyuan-turbos-20250926,成功,,猪,我家有200头60日龄左右的保育猪，最近一周陆续出现精神沉郁、采食量下降的情况，部分猪有轻微咳嗽，个别拉稀，体温在39℃左右，舍内通风一般，之前用过阿莫西林饮水三天效果不明显，想问下可能是什么问题，该怎么处理？,根据描述的症状（保育猪、精神沉郁、采食下降、轻度呼吸道症状及腹泻）、年龄分布以及治疗效果不佳，考虑可能为病毒性感染，如猪巨细胞病毒感染或其他混合感染。该病为病毒病，常表现为多系统受累，需结合实验室检测确诊。,treatment_direction: 无特效抗病毒药物，以支持疗法为主，改善饲养管理条件，减少应激，提高营养水平。；management_measures: 加强保温与通风平衡，提升猪舍温度以减少代谢消耗；保证清洁饮水和易消化饲料；分群饲养，将明显病态猪与健康猪分开。；sampling_testing: 采集病死猪或典型病例的血液、组织样品送实验室进行PCR检测，明确是否为猪巨细胞病毒感染及其他潜在病原。；prohibited_boundary: 禁止随意使用未经批准的抗病毒药物；发现可疑重大疫病应立即向当地畜牧兽医部门报告，不得擅自销售或转移病猪。,因无特定药物治疗，不涉及药物休药期；若后续使用抗生素，应按兽药说明书执行相应休药期。,"{""disease_name"": ""猪巨细胞病毒感染"", ""severity"": ""中等偏上"", ""scene_tags"": [""保育猪"", ""群体发病"", ""采食下降"", ""呼吸道症状"", ""腹泻""], ""validation_points"": [""症状符合病毒性疾病特征"", ""抗生素治疗无效提示非单纯细菌感染"", ""需通过实验室检测确诊""], ""risk_flags"": [""可能涉及重大动物疫病，需及时送检与报告""], ""case_type"": ""保育猪群体发病"", ""target_disease"": ""猪巨细胞病毒感染"", ""local_flags"": {""species_ok"": true, ""target_disease_in_diagnosis"": true, ""target_disease_mismatch"": false, ""contains_specific_dose"": false, ""contains_specific_withdrawal"": false, ""regulated_bad_treatment"": false}}",False,False,,,True,False,False,D:\XF-ChongQin\ai-\knowledge\llm_wiki_swine_authoritative,1465,887,"猪巨细胞病毒感染
猪巨细胞病毒感染、porcine cytomegalovirus
保育猪群体发病
群体发病、采食下降、粪便或呼吸道异常，用户想知道主要病因和下一步处理。","{""HUMAN_REVIEWED"": 1, ""NEEDS_REVIEW"": 4}","[""SRC-0001"", ""SRC-0006"", ""SRC-0026""]",1958,27.37,ERNIE-4.5-Turbo-32K,82,27,18,23,14,False,True,"整体回答符合猪巨细胞病毒感染的测试要求，诊断方向合理，处理建议安全，但存在部分细节需要优化，如数据质量方面可增加更多具体信息。
问题：诊断准确性方面，虽然考虑了病毒性感染，但未明确提及猪巨细胞病毒感染的特异性症状或与其他类似疾病的鉴别诊断。；病理逻辑方面，对症状与疾病之间的关联解释不够深入，缺乏对疾病发展过程的描述。；处方安全性方面，虽然处理建议安全，但缺乏具体的药物使用指导（如支持疗法中可能使用的药物）。；数据质量方面，症状描述和场景标签较为笼统，缺乏具体的实验室检测数据或更详细的症状记录。",hunyuan-turbos-20250926,80,75,78,85,70,True,False,"该回答在诊断方向上合理，考虑了病毒性感染的可能性并提示送检确认，处理措施安全且包含防疫边界，未出现危险用药建议。但在诊断准确性上缺少对猪巨细胞病毒感染特异性症状的说明，病理逻辑中对症状与疾病关系的解释不足，数据质量方面缺乏更详细的临床和实验室信息支撑。
问题：未明确列出猪巨细胞病毒感染的典型或特异性临床表现，导致诊断针对性不足。；对症状与疾病机制之间的联系解释较浅，缺乏病程发展的分析。；用户提供的症状描述相对笼统，缺少粪便性状、呼吸频率等细节，影响诊断精度。；未提供任何支持疗法的具体药物类别或作用机制示例。",True,ERNIE-4.5-Turbo-32K,True,review,诊断方向合理，考虑了病毒性感染的可能性并提示送检确认，处理措施安全且包含防疫边界，未出现危险用药建议。但诊断准确性上缺少对猪巨细胞病毒感染特异性症状的说明，病理逻辑中对症状与疾病关系的解释不足，数据质量方面缺乏更详细的临床和实验室信息支撑。,78.0,27,18,23,14,review,20.19,18.58,
