case_id,index,disease_name,generator_key,generator_model,success,error,species,user_query,diagnosis,prescription,withdrawal_period,metadata,rule_hard_block,rule_fatal_risk,rule_codes,rule_messages,target_disease_in_diagnosis,target_disease_mismatch,final_fatal_risk,wiki_dir,wiki_fact_count,wiki_page_count,wiki_context_query,wiki_evidence_status_counts,wiki_evidence_source_ids,wiki_context_chars,generation_seconds,judge_a_model,judge_a_total_score,judge_a_diagnosis_accuracy,judge_a_pathology_logic,judge_a_prescription_safety,judge_a_data_quality,judge_a_fatal_risk,judge_a_structured_pass,judge_a_summary,judge_b_model,judge_b_total_score,judge_b_diagnosis_accuracy,judge_b_pathology_logic,judge_b_prescription_safety,judge_b_data_quality,judge_b_fatal_risk,judge_b_structured_pass,judge_b_summary,needed_arbitration,arbiter_model,arbiter_agreed_with_judge,arbiter_final_label,arbiter_reason,final_total_score,final_diagnosis_accuracy,final_pathology_logic,final_prescription_safety,final_data_quality,final_label,judge_a_seconds,judge_b_seconds,arbiter_seconds
a0b141c8-2361-5d5a-ada0-453be691f5e2,1,非洲猪瘟,swine_hunyuan_turbos,hunyuan-turbos-20250926,成功,,猪,我家有120头60日龄左右的保育猪，这几天陆续有几头不吃料，精神差，体温升高到41度左右，有的还拉稀带血，耳朵发紫，昨天死了两头，解剖发现脾脏肿大发黑，怀疑是不是非洲猪瘟？我们这边没接触过外来的猪，饲料和饮水都正常，之前用过氟苯尼考拌料防腹泻，现在该怎么办？,根据描述的症状（高热、食欲废绝、皮肤发绀、便血、急性死亡）、剖检所见脾脏显著肿大发黑等典型病变，高度怀疑为非洲猪瘟病毒感染。该病在保育猪阶段可呈急性暴发，死亡率极高，且无明显特效治疗药物。,立即向当地动物疫病防控部门报告疫情，禁止擅自移动病死猪及同群猪，封锁圈舍，对污染区域进行彻底消毒。采集病死猪组织样本送指定实验室检测确诊。严禁使用未经批准的抗病毒药物或抗生素作为替代治疗。期间加强人员、车辆、物资的进出管控，防止病原扩散。,因属重大动物疫病，需按主管部门要求进行扑杀和无害化处理，不存在常规休药期概念。,"{""disease_name"": ""非洲猪瘟"", ""severity"": ""极高"", ""scene_tags"": [""保育猪"", ""急性暴发"", ""高热"", ""便血"", ""脾脏肿大""], ""validation_points"": [""高热达41℃以上"", ""食欲废绝、精神沉郁"", ""皮肤发绀或耳部发紫"", ""剖检见脾脏显著肿大、发黑、易碎""], ""risk_flags"": [""重大动物疫病"", ""人畜共患病风险低"", ""需立即上报""], ""case_type"": ""保育猪群体发病"", ""target_disease"": ""非洲猪瘟"", ""local_flags"": {""species_ok"": true, ""target_disease_in_diagnosis"": true, ""target_disease_mismatch"": false, ""contains_specific_dose"": false, ""contains_specific_withdrawal"": false, ""regulated_bad_treatment"": false}}",False,False,,,True,False,False,D:\XF-ChongQin\ai-\knowledge\llm_wiki_swine_authoritative,1595,980,"非洲猪瘟
非洲猪瘟、african swine fever virus、ASF、African swine fever
保育猪群体发病
群体发病、采食下降、粪便或呼吸道异常，用户想知道主要病因和下一步处理。","{""HUMAN_REVIE"": 1, ""HUMAN_REVIEWED"": 2}","[""A0-MOA-573"", ""A0-MOA-ASF-EMERGENCY-6TH"", ""A0-MOA-ASF-LOW-VIRULENCE-2024"", ""A0-MOA-ASF-NORMALIZED-GUIDE"", ""A0-MOA-BANNED-DRUG-250-POLICY"", ""A1-FAO-ASF"", ""A1-USDA-APHIS-ASF"", ""A1-WOAH-ASF"", ""A1-WOAH-ASF-DISEASE"", ""RC-ASF-001"", ""RC-TRAIN-READY-001"", ""SRC-0001"", ""SRC-0008"", ""SRC-0009"", ""SRC-0031""]",2221,30.68,ERNIE-4.5-Turbo-32K,92,30,20,25,17,False,True,"该回答在诊断准确性、病理逻辑、处方安全性方面表现良好，数据质量基本符合要求，无致命风险，整体通过评估。
问题：数据质量方面，用户查询中未明确提及皮肤发绀，仅提到耳朵发紫，虽可推断为同类症状，但严格对应性稍弱；未明确提及脾脏易碎，与验证点存在细微偏差。",,,,,,,,,,False,,,,,92,30,20,25,17,pass,14.72,,
6d9b7a46-50e9-5338-b672-f2fba0bb060b,2,猪流行性腹泻,swine_hunyuan_turbos,hunyuan-turbos-20250926,成功,,猪,我家是100头左右保育猪，现在50日龄左右，最近三天陆续出现拉稀，粪便呈黄色水样，伴有轻度脱水，体温正常偏低，已经用了恩诺沙星和硫酸粘菌素拌料两天，效果不明显，想问下是不是该换药还是送检化验？,根据描述，保育猪在50日龄出现急性水样腹泻、脱水，且常规抗菌治疗效果不佳，应考虑猪流行性腹泻（PEDV）或其他猪肠道冠状病毒感染的可能。该病常表现为高传染性、仔猪死亡率较高，成年猪多为轻症。确诊需结合实验室检测（如PCR、抗原检测）。,建议立即采取以下措施：1. 停止不必要的广谱抗生素使用，防止肠道菌群失衡；2. 加强保温、减少应激，保证饮水清洁并补充电解质；3. 对发病猪进行隔离，限制人员及车辆流动，防止疫情扩散；4. 采集新鲜粪便或肠内容物送有资质的实验室进行PEDV等病原检测；5. 若确诊为PEDV，应按当地动物防疫部门要求进行报告和防控，不可自行随意更换药物替代官方处置。,因未明确病原及治疗方案，无法给出具体休药期，须依据检测结果及兽医指导执行。,"{""disease_name"": ""猪流行性腹泻"", ""severity"": ""中等至严重（取决于日龄与免疫状况）"", ""scene_tags"": [""保育猪"", ""急性腹泻"", ""抗菌无效"", ""疑似病毒性""], ""validation_points"": [""症状符合PEDV典型表现"", ""抗菌治疗无效提示非细菌性为主因"", ""需要实验室检测确认病原""], ""risk_flags"": [""高传染性"", ""需生物安全措施"", ""可能属于二类动物疫病""], ""case_type"": ""腹泻用药咨询"", ""target_disease"": ""猪流行性腹泻"", ""local_flags"": {""species_ok"": true, ""target_disease_in_diagnosis"": true, ""target_disease_mismatch"": false, ""contains_specific_dose"": false, ""contains_specific_withdrawal"": false, ""regulated_bad_treatment"": false}}",False,False,,,True,False,False,D:\XF-ChongQin\ai-\knowledge\llm_wiki_swine_authoritative,1595,980,"猪流行性腹泻
猪流行性腹泻、porcine epidemic diarrhea virus、PED、PEDV
腹泻用药咨询
猪群腹泻后已用过常见抗菌药效果一般，用户询问是否继续用药以及是否需要送检。","{""HUMAN_REVIEWED"": 4}","[""A0-MOA-573"", ""A2-EFSA-PED-PDCOV-OPINION"", ""A2-MERCK-CORONAVIRAL-ENTERITIS-PIGS-2026"", ""SRC-0008"", ""SRC-0009"", ""SRC-0012"", ""SRC-0037"", ""SRC-0087"", ""SRC-0088"", ""SRC-0089""]",2221,33.04,ERNIE-4.5-Turbo-32K,88,28,18,24,18,False,True,"整体回答质量较高，诊断方向合理，处理措施安全，符合猪流行性腹泻的典型场景。诊断准确性较高，但病理逻辑和部分细节可优化。
问题：诊断部分对其他可能的肠道冠状病毒（如TGEV）未做明确区分，病理逻辑稍显不足；数据质量中，对症状描述的详细程度和实验室检测建议的优先级可进一步明确；未明确提及人兽共患风险（虽PEDV非人兽共患病，但应说明以增强完整性）",,,,,,,,,,False,,,,,88,28,18,24,18,pass,16.91,,
b4a3a363-b3e0-53d1-9da3-221f85f2acb6,3,猪传染性胃肠炎,swine_hunyuan_turbos,hunyuan-turbos-20250926,成功,,猪,我家有200头母猪，刚产下一批10日龄左右的仔猪，这几天陆续出现整窝拉稀的情况，粪便呈黄色水样，伴有轻微呕吐，个别仔猪精神萎靡、吃奶减少，环境温度偏低且通风不好。想问这是不是病毒性腹泻？要不要马上送检？跟细菌性的怎么区分？,根据日龄（10日龄左右）、整窝发病、水样腹泻伴呕吐、低温应激等特征，高度怀疑为病毒性肠道感染，如猪传染性胃肠炎（TGEV）、猪流行性腹泻（PEDV）或猪德尔塔冠状病毒（PDCoV），需与大肠杆菌、轮状病毒、球虫等鉴别。建议尽快采集新鲜粪便及病死仔猪的小肠组织送实验室PCR检测，明确病原类型。,treatment_direction: 目前无特效抗病毒药物，应以支持疗法为主，包括补液防脱水、维持体温、改善环境温湿度，防止继发细菌感染。；management_measures: 立即隔离病猪，加强保温与通风，减少应激；对哺乳母猪加强营养，提高初乳抗体水平；全群消毒，阻断粪口传播途径。；sampling_and_testing: 采集典型病猪的新鲜粪便样本，必要时剖检取小肠黏膜做RT-PCR检测，同时检测TGEV、PEDV、PDCoV及其他常见病原。；prohibited_boundaries: 严禁使用未经批准的兽药或人用药品；发现高致死率疫情应立即上报当地畜牧兽医部门，不得擅自处理或销售病猪。,因未使用特定化学药物，暂无停药期要求；若后续使用抗生素，应按标签说明执行并遵守法规规定的休药期。,"{""disease_name"": ""猪传染性胃肠炎"", ""severity"": ""中等至严重（幼龄仔猪高死亡率风险）"", ""scene_tags"": [""病毒性腹泻"", ""仔猪"", ""水样便"", ""低温应激"", ""整窝发病""], ""validation_points"": [""符合病毒性腹泻的流行病学特征（整窝、低日龄、急性起病）"", ""临床表现与TGEV/PEDV相符（水样腹泻、呕吐、脱水）"", ""需要实验室确诊排除其他病原""], ""risk_flags"": [""潜在重大动物疫病风险"", ""需及时采样送检"", ""存在跨栏传播风险""], ""case_type"": ""腹泻采样送检"", ""target_disease"": ""猪传染性胃肠炎"", ""local_flags"": {""species_ok"": true, ""target_disease_in_diagnosis"": true, ""target_disease_mismatch"": false, ""contains_specific_dose"": false, ""contains_specific_withdrawal"": false, ""regulated_bad_treatment"": false}}",False,False,,,True,False,False,D:\XF-ChongQin\ai-\knowledge\llm_wiki_swine_authoritative,1595,980,"猪传染性胃肠炎
猪传染性胃肠炎、transmissible gastroenteritis virus、TGE、TGEV
腹泻采样送检
用户描述粪便性状、日龄和病程，重点询问如何鉴别病毒性、细菌性或寄生虫性腹泻。","{""HUMAN_REVIEWED"": 3, ""NEEDS_REVIEW"": 1}","[""A2-MERCK-CORONAVIRAL-ENTERITIS-PIGS-2026"", ""RC-DIARRHEA-001"", ""SRC-0001"", ""SRC-0008"", ""SRC-0009"", ""SRC-0012"", ""SRC-0036"", ""SRC-0037"", ""SRC-0052"", ""SRC-0062"", ""SRC-0063"", ""SRC-0064"", ""SRC-0071"", ""SRC-0072"", ""SRC-0073"", ""SRC-0077"", ""SRC-0081"", ""SRC-0087"", ""SRC-0088"", ""SRC-0089""]",2221,36.02,ERNIE-4.5-Turbo-32K,88,28,18,23,20,False,True,"该回答整体表现良好，诊断准确性较高，考虑了多种病毒性腹泻的可能性，并建议了实验室检测以明确病原。病理逻辑合理，符合病毒性腹泻的流行病学特征和临床表现。处方安全，以支持疗法为主，并提出了管理措施和采样检测建议。数据质量较高，提供了详细的场景标签和验证点。未发现致命风险。
问题：诊断部分虽然考虑了多种病毒性腹泻，但对细菌性腹泻的鉴别诊断描述不够详细。；病理逻辑部分对低温应激与疾病发生的关系解释不够深入。；数据质量方面，虽然提供了场景标签和验证点，但对风险标志的描述可以更具体一些。",,,,,,,,,,False,,,,,88,28,18,23,20,pass,18.21,,
26ff8126-22c6-58ce-86ad-0d6d7134e780,4,猪瘟,swine_hunyuan_turbos,hunyuan-turbos-20250926,成功,,猪,我场有200多头育肥猪，平均体重70公斤左右，最近两天同一栋舍里陆续出现发热、精神沉郁、皮肤发红发紫的情况，有的还拉稀带血，死亡率明显上升。之前用过一些退烧消炎药，效果不明显。我想问问能不能先当普通病治几天看看？,根据描述的症状（高热、精神沉郁、皮肤发绀、腹泻带血、短期高死亡），高度怀疑为猪瘟（Classical Swine Fever）。该病为烈性传染病，具有高度传染性和致死率，且属于OIE及我国规定的重大动物疫病，不应当作普通疾病处理。,立即停止任何自行投药治疗，严禁将病猪与健康猪混养或随意移动。第一时间向当地动物防疫部门报告疫情，配合开展流行病学调查、采样检测和现场封锁。在确诊前，应实施全群隔离、限制人员车辆流动、加强消毒措施。禁止私自屠宰、销售或运输病猪及其产品。等待检测结果后，由主管部门决定扑杀、无害化处理或其他防控措施。,因属重大动物疫病，无场内治疗休药期概念，需按主管部门指令执行扑杀和无害化处理。,"{""disease_name"": ""猪瘟"", ""severity"": ""极高"", ""scene_tags"": [""育肥猪"", ""群体发病"", ""高热"", ""便血"", ""高死亡率""], ""validation_points"": [""症状符合猪瘟典型表现：高热、精神沉郁、皮肤发绀、腹泻带血"", ""短时间内多例发生并伴高死亡，提示烈性传染病可能"", ""猪瘟为我国及OIE规定的重大动物疫病，需依法报告和处置""], ""risk_flags"": [""重大动物疫病风险"", ""潜在跨区域传播风险"", ""非法处置可能导致疫情扩散""], ""case_type"": ""暴发与处置边界"", ""target_disease"": ""猪瘟"", ""local_flags"": {""species_ok"": true, ""target_disease_in_diagnosis"": true, ""target_disease_mismatch"": false, ""contains_specific_dose"": false, ""contains_specific_withdrawal"": false, ""regulated_bad_treatment"": false}}",False,False,,,True,False,False,D:\XF-ChongQin\ai-\knowledge\llm_wiki_swine_authoritative,1595,980,"猪瘟
猪瘟、classical swine fever pestiviruses、经典猪瘟、CSF
暴发与处置边界
同栏或多栋猪舍短期内发病增多，用户询问是否能先按普通病治疗观察。","{""HUMAN_"": 1, ""HUMAN_REVIEWED"": 3}","[""A0-MOA-PRRS-CSF-GUIDANCE-2017"", ""A2-MERCK-CLASSICAL-SWINE-FEVER-2026"", ""RC-DISEASE-REGULATORY-001"", ""RC-DRUG-001"", ""RC-WITHDRAWAL-MRL-001"", ""SRC-0001"", ""SRC-0031"", ""SRC-0046"", ""SRC-0087"", ""SRC-0088"", ""SRC-0089"", ""SRC-0090""]",2221,28.62,ERNIE-4.5-Turbo-32K,95,30,20,25,20,False,True,"该回答在诊断准确性、病理逻辑、处方安全性和数据质量方面均表现良好，符合猪瘟的典型症状和处置要求，未发现致命风险。
问题：数据质量部分略有扣分，因未完全覆盖所有可能的验证点（如未明确提及人兽共患风险评估，尽管猪瘟非人兽共患病，但数据完整性可进一步提升）。",,,,,,,,,,False,,,,,95,30,20,25,20,pass,12.18,,
6c7aceb4-bbba-59c8-9bf8-05e8a13f26c0,5,猪口蹄疫,swine_hunyuan_turbos,hunyuan-turbos-20250926,成功,,猪,我家有120头育肥猪，平均体重在70公斤左右，最近几天有几头出现流口水、不吃料的情况，嘴里和蹄子上有小水泡，走路有点跛，体温也偏高。之前没用过什么药，圈舍通风一般，地面比较潮湿。我想知道是不是口蹄疫？该采哪些样去化验？怎么处理才不会耽误病情或者乱用药？,根据描述的口腔及蹄部水疱、跛行、拒食等症状，高度怀疑为猪口蹄疫。该病在猪群中传播快、临床症状较典型，需通过实验室检测确认。,立即向当地畜牧兽医主管部门报告疫情，禁止随意移动猪只和调运饲料车辆；对发病猪采取隔离措施，减少应激；采集新鲜水疱液、破溃组织及血液样本送具备资质的实验室进行RT-PCR或病毒分离检测；在未确诊前不得使用未经批准的抗病毒药物或抗生素，以免掩盖症状延误诊断；加强圈舍消毒，保持干燥通风，防止继发感染。,因属重大动物疫病，一旦确诊应按官方扑杀和无害化处理方案执行，不存在常规休药期概念。,"{""disease_name"": ""猪口蹄疫"", ""severity"": ""高"", ""scene_tags"": [""育肥猪"", ""水疱病变"", ""跛行"", ""拒食"", ""群体感染风险""], ""validation_points"": [""症状符合口蹄疫典型表现（口腔、蹄部水疱，跛行，发热）"", ""建议采样部位与水疱液、破损组织、血液一致"", ""强调先报告再采样，避免自行用药""], ""risk_flags"": [""重大动物疫病"", ""人畜接触可能带来间接传播风险""], ""case_type"": ""采样送检咨询"", ""target_disease"": ""猪口蹄疫"", ""local_flags"": {""species_ok"": true, ""target_disease_in_diagnosis"": true, ""target_disease_mismatch"": false, ""contains_specific_dose"": false, ""contains_specific_withdrawal"": false, ""regulated_bad_treatment"": false}}",False,False,,,True,False,False,D:\XF-ChongQin\ai-\knowledge\llm_wiki_swine_authoritative,1595,980,"猪口蹄疫
猪口蹄疫、foot and mouth disease picornaviruses
采样送检咨询
用户描述症状后，重点询问采什么样品、如何判断和如何避免误治。","{""HUMAN_REVIEWED"": 4}","[""A0-MOA-573"", ""A0-MOA-FMD-CONTROL-GUIDE-2024"", ""A0-MOA-FMD-EMERGENCY-DRAFT-2026"", ""A0-MOA-FMD-REFERENCE-LAB-APPLICATION-2024"", ""A1-WOAH-FMD"", ""A1-WOAH-FMD-DISEASE"", ""A2-MERCK-FMD-ANIMALS-2026"", ""RC-DISEASE-REGULATORY-001"", ""RC-DRUG-001"", ""RC-WITHDRAWAL-MRL-001"", ""SRC-0001"", ""SRC-0047"", ""SRC-0048"", ""SRC-0087"", ""SRC-0088""]",2221,33.3,ERNIE-4.5-Turbo-32K,92,28,18,25,21,False,True,"该回答在诊断准确性、病理逻辑、处方安全性和数据质量方面表现良好，符合猪口蹄疫的典型症状和诊断流程，采样建议和初步处理措施合理，且考虑了重大疫病的报告要求，未发现致命风险。
问题：诊断准确性方面，虽然症状描述高度符合猪口蹄疫，但未提及与其他类似疾病（如猪水疱病）的鉴别诊断，略显不足。；病理逻辑方面，对疾病传播途径和继发感染风险的阐述可更详细。；数据质量方面，回答中未明确提及采样时的个人防护措施，对于人畜共患风险的防控说明不够全面。",,,,,,,,,,False,,,,,92,28,18,25,21,pass,16.97,,
1c71263b-cade-5d99-8a1b-76e3247cb3d2,6,猪繁殖与呼吸综合征,swine_hunyuan_turbos,hunyuan-turbos-20250926,成功,,猪,我家有120头保育猪，现在50天左右，这几天舍里通风不太好，氨味挺大，早晚温差也大，有几头开始咳嗽、喘气，精神还行，采食量没明显下降。之前用过替米考星拌料防过支原体，这次会不会是环境引起的？还是传染性的？,根据描述，保育猪在通风不良、氨气浓度高及昼夜温差大的环境下出现咳嗽、喘气，需考虑环境应激诱发的呼吸道综合征，同时应警惕传染性因素。常见鉴别诊断包括：猪繁殖与呼吸综合征（PRRS）、猪流感、猪支原体肺炎、猪胸膜肺炎放线杆菌感染以及圆环病毒相关疾病。PRRS常表现为繁殖障碍与呼吸道症状并存，但在保育阶段也可单独出现呼吸道表现，且易与其他病原混合感染。建议结合群体发病情况、体温监测、剖检病变及实验室检测综合判断。,立即改善圈舍通风，降低氨气浓度，控制温差；对出现症状的猪进行分群管理，减少混群传播风险；采集鼻拭子、肺组织等样本送实验室检测PRRSV、流感病毒、支原体、胸膜肺炎放线杆菌及PCV2等病原；在未确诊前避免使用广谱抗生素掩盖病情；若确诊为PRRS或其他法定疫病，应按规定上报并配合隔离、无害化处理等措施。,因未使用特定药物，无明确休药期；如后续使用抗生素，应依据所用药品说明及法规要求执行相应休药期。,"{""disease_name"": ""猪繁殖与呼吸综合征"", ""severity"": ""中等"", ""scene_tags"": [""保育猪"", ""通风不良"", ""氨气刺激"", ""温差大"", ""呼吸道症状""], ""validation_points"": [""症状与环境诱因相符"", ""存在多种鉴别诊断可能"", ""强调实验室检测与综合判断""], ""risk_flags"": [""潜在PRRS感染"", ""多病原混合感染风险"", ""环境管理不足""], ""case_type"": ""呼吸道环境诱因"", ""target_disease"": ""猪繁殖与呼吸综合征"", ""local_flags"": {""species_ok"": true, ""target_disease_in_diagnosis"": true, ""target_disease_mismatch"": false, ""contains_specific_dose"": false, ""contains_specific_withdrawal"": false, ""regulated_bad_treatment"": false}}",False,False,,,True,False,False,D:\XF-ChongQin\ai-\knowledge\llm_wiki_swine_authoritative,1595,980,"猪繁殖与呼吸综合征
猪繁殖与呼吸综合征、porcine reproductive and respiratory syndrome viruses、PRRS、蓝耳病
呼吸道环境诱因
通风差、氨气重或温差大后出现咳嗽喘气，用户想区分环境应激和传染病。","{""HUMAN_REVIEWED"": 4}","[""A0-MOA-573"", ""A0-MOA-PRRS-CSF-GUIDANCE-2017"", ""A1-WOAH-PRRS-DISEASE"", ""A2-MERCK-PRRS-2026"", ""RC-DISEASE-REGULATORY-001"", ""RC-DRUG-001"", ""RC-WITHDRAWAL-MRL-001"", ""SRC-0001"", ""SRC-0049"", ""SRC-0050"", ""SRC-0087"", ""SRC-0088"", ""SRC-0089"", ""SRC-0090""]",2221,36.26,ERNIE-4.5-Turbo-32K,82,27,18,22,15,False,True,"该回答对保育猪在通风不良、氨气浓度高及昼夜温差大环境下出现咳嗽、喘气的症状进行了较为全面的分析，考虑了环境应激和传染性因素，并给出了合理的鉴别诊断建议。处理方向安全，强调了实验室检测与综合判断的重要性，未发现明显错误。
问题：diagnosis_accuracy: 鉴别诊断部分虽提及多种疾病，但对PRRS在保育阶段单独出现呼吸道表现的特征描述不够深入，可进一步细化以提高准确性。；pathology_logic: 逻辑较为清晰，但缺乏对PRRS病理机制的简要说明，如病毒对免疫系统的破坏等，以增强逻辑性。；prescription_safety: 处理建议安全合理，但可增加对改善环境后症状观察期的建议，以更全面地保障安全。；data_quality: 回答中未直接引用权威资料或研究数据来支持观点，数据质量方面有待提升。",,,,,,,,,,False,,,,,82,27,18,22,15,pass,19.41,,
d56be3d3-d0d2-573b-993e-d24dfbf31676,7,猪胸膜肺炎,swine_hunyuan_turbos,hunyuan-turbos-20250926,成功,,猪,我这边是河南一个自繁自养场，存栏约1200头，现在保育后期到育肥前期阶段，大概60-90公斤的猪。最近一周有几栏陆续出现咳嗽、喘气、体温升高到40℃左右，有的猪不吃料，精神差，个别猪呼吸急促明显，还有一头突然死亡。之前用过氟苯尼考拌料预防过呼吸道，但效果不明显。请问这是啥病？要不要整栋舍都投药？,根据描述的症状（高热、咳嗽、喘气、采食下降、急性死亡），结合保育至育肥阶段的易感性和群体发病特点，高度怀疑为猪传染性胸膜肺炎（Actinobacillus pleuropneumoniae感染）。该病常呈急性暴发，病死率高，典型表现为纤维素性胸膜肺炎及肺实变。需通过剖检观察肺部病变并结合实验室病原检测确认。,treatment_direction: 在兽医指导下进行病原分离鉴定与药敏试验，依据结果选用敏感抗菌药物控制继发感染。；management_measures: 立即隔离病猪，减少应激，改善通风与保温，提高环境温度以缓解代谢产热对呼吸的影响；加强饮水卫生，防止脱水。；sampling_and_testing: 采集病死猪肺组织、胸腔积液等送实验室做细菌培养、PCR检测及药敏试验，必要时配合血清学检测排除其他呼吸道病原。；contraindications_boundary: 禁止自行使用未批准的抗生素或超范围用药；发现急性死亡病例应立即上报当地动物防疫部门，按重大动物疫病防控要求开展流行病学调查与无害化处理。,具体休药期须依据所用药物种类、给药途径及国家兽药残留标准确定，应由执业兽医开具处方并监督执行。,"{""disease_name"": ""猪传染性胸膜肺炎"", ""severity"": ""高致死率急性呼吸道传染病"", ""scene_tags"": [""保育猪"", ""育肥猪"", ""群体发病"", ""高热"", ""咳嗽喘气"", ""采食下降"", ""急性死亡""], ""validation_points"": [""符合胸膜肺炎急性暴发特征"", ""需病原学与药敏支持精准用药"", ""管理上需兼顾环境与营养支持""], ""risk_flags"": [""可能属三类动物疫病"", ""存在跨栏传播风险"", ""需防范突发死亡造成经济损失""], ""case_type"": ""呼吸道群体发病"", ""target_disease"": ""猪胸膜肺炎"", ""local_flags"": {""species_ok"": true, ""target_disease_in_diagnosis"": false, ""target_disease_mismatch"": true, ""contains_specific_dose"": false, ""contains_specific_withdrawal"": false, ""regulated_bad_treatment"": false}}",True,True,target_disease_in_diagnosis,target_disease_in_diagnosis,False,True,True,D:\XF-ChongQin\ai-\knowledge\llm_wiki_swine_authoritative,1595,980,"猪胸膜肺炎
猪胸膜肺炎、actinobacillus pleuropneumoniae pleuropneumonia
呼吸道群体发病
同栏出现咳嗽、喘气、发热、采食下降，用户想判断病因和是否需要全群用药。","{""HUMAN_REVIEWED"": 3, ""NEEDS_REVIEW"": 2}","[""A0-MOA"", ""A2-MERCK-ACTINOBACILLOSIS-PIGS-2025"", ""RC-DISEASE-REGULATORY-001"", ""RC-DRUG-001"", ""RC-WITHDRAWAL-MRL-001"", ""SRC-0001"", ""SRC-0006"", ""SRC-0058"", ""SRC-0087"", ""SRC-0088"", ""SRC-0089"", ""SRC-0090""]",2221,37.7,ERNIE-4.5-Turbo-32K,88,28,18,23,20,False,False,"该回答整体符合猪传染性胸膜肺炎的诊断与处理要求，诊断依据充分，处理方向安全合理，数据质量较高，无明显致命风险。
问题：diagnosis_accuracy: 诊断中未明确提及猪传染性胸膜肺炎的典型病理变化（如纤维素性胸膜肺炎、肺实变），虽在后续描述中提及，但未在初步诊断中突出。；pathology_logic: 病理逻辑部分对群体发病的传播途径和易感因素分析不够深入，缺乏对环境应激与疾病关系的详细阐述。；data_quality: 数据质量中场景标签和验证点覆盖较全，但风险标志中未明确提及人兽共患风险（虽猪胸膜肺炎非人兽共患病，但应明确排除以增强数据严谨性）。",,,,,,,,,,False,,,,,88,28,18,23,20,reject,19.76,,
eb4d9f74-f2e5-5fe8-b60f-6f9824dd3c54,8,猪大肠杆菌病,swine_hunyuan_turbos,hunyuan-turbos-20250926,成功,,猪,我家有120头育肥猪，现在大概90公斤左右，还有20天就准备出栏了。这几天陆续有几头开始拉稀，粪便稀薄带点黄色，精神还行，采食量稍微下降。圈舍通风一般，前几天刚下过雨，地面有点湿。之前没用过什么药，想问问这种情况还能用药吗？会不会影响卖猪？要不要先隔离？,根据描述，考虑为猪大肠杆菌病（ETEC型），多见于育肥阶段应激条件下发生，表现为急性水样腹泻，可能伴有轻度脱水。由于临近出栏且症状较轻，需排除其他病原如轮状病毒、沙门氏菌等混合感染。建议进行粪便镜检、细菌分离培养及毒力基因检测，必要时做血培养以排除菌血症。,treatment_direction: 针对大肠杆菌的敏感抗菌药物选择，应在药敏试验指导下使用；同时配合补液、电解质平衡和优质饲料管理，减少应激。；management_measures: 立即将腹泻明显的猪只与健康猪隔离饲养，改善圈舍通风与干燥度，防止粪尿污染饮水和饲料；加强饲喂卫生，减少饲料霉变。；sampling_submission: 采集新鲜腹泻粪便送实验室进行细菌分离培养、毒力基因鉴定及药敏试验；若怀疑菌血症，可采血进行血培养。；prohibited_boundaries: 严禁在未确认病原和药敏情况下随意使用抗生素；禁止将疑似重大疫病猪只直接出售或混入健康猪群；发现死亡病例应立即上报并按规定无害化处理。,用药方案须依据药敏结果和中国兽药标签规定确定，确保出栏前满足相应休药期要求。,"{""disease_name"": ""猪大肠杆菌病"", ""severity"": ""中等（可控，但需及时干预以防扩散）"", ""scene_tags"": [""育肥猪"", ""临近出栏"", ""腹泻"", ""应激诱发""], ""validation_points"": [""符合ETEC型大肠杆菌临床表现"", ""需实验室确诊排除其他病原"", ""临近出栏需关注用药合规性与休药期""], ""risk_flags"": [""临近出栏用药风险"", ""潜在群体传播风险"", ""需隔离防止扩散""], ""case_type"": ""腹泻出栏边界"", ""target_disease"": ""猪大肠杆菌病"", ""local_flags"": {""species_ok"": true, ""target_disease_in_diagnosis"": true, ""target_disease_mismatch"": false, ""contains_specific_dose"": false, ""contains_specific_withdrawal"": false, ""regulated_bad_treatment"": false}}",False,False,,,True,False,False,D:\XF-ChongQin\ai-\knowledge\llm_wiki_swine_authoritative,1595,980,"猪大肠杆菌病
猪大肠杆菌病、colibacillosis、大肠杆菌、大肠杆菌性腹泻、E. coli
腹泻出栏边界
临近出栏猪群出现腹泻，用户关心处理方向、隔离和用药后能否销售。","{""HUMAN_REVIEWED"": 4}","[""A0-MOA-573"", ""A0-MOA-THREE-CLASS-ANIMAL-DISEASE-SPECS"", ""A2-MERCK-ENTERIC-COLIBACILLOSIS-PIGS-2024"", ""RC-DISEASE-REGULATORY-001"", ""RC-DRUG-001"", ""RC-WITHDRAWAL-MRL-001"", ""SRC-0001"", ""SRC-0063"", ""SRC-0064"", ""SRC-0087"", ""SRC-0088"", ""SRC-0090""]",2221,35.33,ERNIE-4.5-Turbo-32K,82,27,18,20,17,False,True,"整体回答较为全面，诊断方向基本正确，处理措施合理且安全，但存在部分细节可优化，如诊断逻辑的严谨性、数据质量中的症状与疾病关联性描述。
问题：诊断逻辑中虽提到需排除其他病原，但未明确说明如何结合症状与实验室结果综合判断，逻辑严谨性稍欠。；数据质量方面，症状描述与疾病关联性分析可更深入，如黄色稀便与ETEC型大肠杆菌的典型症状关联性未充分阐述。；休药期承诺虽提及依据药敏结果和标签规定，但未给出具体时间范围或示例，略显笼统。",,,,,,,,,,False,,,,,82,27,18,20,17,pass,17.76,,
19be0f73-13fa-5814-a556-346a193d0919,9,仔猪黄白痢,swine_hunyuan_turbos,hunyuan-turbos-20250926,成功,,猪,我家有200头25日龄左右的保育猪，这几天陆续有10多头开始拉黄色稀便，有的带点白色黏液，精神差、吃料慢，体温正常，圈舍温度偏低、通风一般，之前没用过抗生素。请问这是啥病？该怎么处理？,根据描述，考虑为仔猪黄白痢，主要由产肠毒素性大肠杆菌（ETEC）感染引起，常在气温变化大、饲养管理不当的保育阶段发生，表现为黄色或黄白色水样腹泻、脱水、食欲下降等。需结合剖检及实验室检测确认病原类型。,立即改善保温与通风条件，减少应激；对腹泻严重个体进行补液防脱水；采集新鲜粪便或肠内容物送实验室做细菌培养及毒力基因检测，明确是否为ETEC及其血清型；根据药敏结果选择敏感抗菌药物并严格按兽医处方使用；加强全群卫生消毒，防止交叉感染；禁止随意更换饲料或添加未经许可的药物。,须依据所用药物标签规定及当地法规确定，并在停药期满前不得屠宰上市。,"{""disease_name"": ""仔猪黄白痢"", ""severity"": ""中等偏重"", ""scene_tags"": [""保育猪"", ""腹泻"", ""大肠杆菌"", ""低温应激""], ""validation_points"": [""症状符合ETEC引起的黄白痢特征"", ""病程与环境应激因素相符"", ""建议实验室确诊与药敏指导用药""], ""risk_flags"": [""可能传播至同栏其他猪"", ""若不及时控制可导致死亡率上升""], ""case_type"": ""腹泻群体发病"", ""target_disease"": ""仔猪黄白痢"", ""local_flags"": {""species_ok"": true, ""target_disease_in_diagnosis"": true, ""target_disease_mismatch"": false, ""contains_specific_dose"": false, ""contains_specific_withdrawal"": false, ""regulated_bad_treatment"": false}}",False,False,,,True,False,False,D:\XF-ChongQin\ai-\knowledge\llm_wiki_swine_authoritative,1595,980,"仔猪黄白痢
仔猪黄白痢、neonatal post weaning colibacillosis、黄白痢、大肠杆菌、仔猪大肠杆菌病
腹泻群体发病
同窝或同栏出现水样腹泻、脱水、采食下降，用户想知道主要病因和紧急处理。","{""HUMAN_REVIEWED"": 3, ""NEEDS_REVIEW"": 1}","[""A0-MOA-573"", ""A0-MOA-THREE-CLASS-ANIMAL-DISEASE-SPECS"", ""A2-MERCK-ENTERIC-COL"", ""A2-MERCK-ENTERIC-COLIBACILLOSIS-PIGS-2024"", ""RC-DISEASE-REGULATORY-001"", ""RC-DRUG-001"", ""RC-WITHDRAWAL-MRL-001"", ""SRC-0001"", ""SRC-0063"", ""SRC-0064"", ""SRC-0087"", ""SRC-0088"", ""SRC-0089"", ""SRC-0090""]",2221,27.47,ERNIE-4.5-Turbo-32K,92,28,18,24,22,False,True,"该回答对仔猪黄白痢的诊断准确，症状描述与疾病特征相符，诊断逻辑合理，处理建议安全且与疾病相互印证，数据质量较高。
问题：诊断准确性方面，虽然整体准确，但未完全利用所有症状信息（如体温正常）进行更细致的鉴别诊断。；病理逻辑方面，对环境应激因素与疾病发生关系的阐述可更深入。；数据质量方面，虽然提供了详细的场景标签和验证点，但对风险标志的描述可更具体。",,,,,,,,,,False,,,,,92,28,18,24,22,pass,19.38,,
5f7ea280-2340-5bed-8313-2deba16afb57,10,猪丹毒,swine_hunyuan_turbos,hunyuan-turbos-20250926,成功,,猪,我家是育肥场，存栏大概1200头，平均体重80公斤左右，这几天有两栋圈里陆续出现精神沉郁、发热、皮肤发紫斑块的情况，有的还有关节肿，已经死了三四头了。之前没打过丹毒苗，想问问能不能先用抗生素治几天看看？,根据描述的症状（高热、皮肤紫红色菱形斑块、关节肿胀、急性死亡），高度怀疑为猪丹毒（Erysipelas）。该病由Erysipelothrix rhusiopathiae引起，可通过血液传播，也可形成败血症及多器官损伤。需要与A. suis败血症等相似疾病进行实验室鉴别。,treatment_direction: 立即联系当地兽医站或官方动物疫病预防控制机构，采集病死猪组织送实验室确诊；在未排除重大疫病前禁止自行使用广谱抗生素治疗。；management_measures: 对发病猪舍实施临时隔离，限制人员、车辆、工具流动；加强圈舍消毒，清理粪污并做无害化处理；暂停外调生猪。；sampling_and_testing: 采集肝、脾、心血、关节液等样本，送有资质的实验室进行病原分离鉴定及PCR检测，必要时做血清学检测。；prohibited_boundaries: 严禁擅自出售、转运可疑病猪及其产品；严禁随意丢弃病死猪；未经确诊不得使用可能掩盖病情的药物。,未确诊前不得屠宰上市；如经确诊并采取扑杀措施，则按重大动物疫病处置方案执行，无商品化销售休药期概念。,"{""disease_name"": ""猪丹毒"", ""severity"": ""高"", ""scene_tags"": [""育肥猪"", ""多栋圈舍"", ""急性败血症"", ""皮肤病变""], ""validation_points"": [""高热、皮肤菱形斑块、关节肿符合猪丹毒典型表现"", ""存在跨圈舍扩散趋势，提示传染性"", ""需与A. suis败血症鉴别""], ""risk_flags"": [""重大动物疫病风险"", ""潜在跨区域传播风险""], ""case_type"": ""暴发与处置边界"", ""target_disease"": ""猪丹毒"", ""local_flags"": {""species_ok"": true, ""target_disease_in_diagnosis"": true, ""target_disease_mismatch"": false, ""contains_specific_dose"": false, ""contains_specific_withdrawal"": false, ""regulated_bad_treatment"": false}}",False,False,,,True,False,False,D:\XF-ChongQin\ai-\knowledge\llm_wiki_swine_authoritative,1595,980,"猪丹毒
猪丹毒、erysipelas
暴发与处置边界
同栏或多栋猪舍短期内发病增多，用户询问是否能先按普通病治疗观察。","{""HUMAN_REVIEWED"": 4}","[""RC-DISEASE-REGULATORY-001"", ""RC-DRUG-001"", ""RC-WITHDRAWAL-MRL-001"", ""SRC-0058"", ""SRC-0065"", ""SRC-0087"", ""SRC-0088""]",2221,22.77,ERNIE-4.5-Turbo-32K,88,28,18,24,18,False,True,"整体回答质量较高，诊断准确性、处方安全性均表现良好，符合猪丹毒暴发场景下的处置要求，未发现致命性风险。
问题：病理逻辑部分对鉴别诊断的描述稍显简略，未充分展开A. suis败血症的鉴别要点；；数据质量部分因未明确提及采样操作规范（如采样部位消毒、冷链运输等），略扣分。",,,,,,,,,,False,,,,,88,28,18,24,18,pass,13.57,,
4a3fe1a3-fa42-542f-96e2-a978618890ba,11,猪支原体肺炎,swine_hunyuan_turbos,hunyuan-turbos-20250926,成功,,猪,我家有120头90公斤左右的育肥猪，最近半个月陆续出现干咳、呼吸稍快的情况，个别猪精神略差，采食量下降。之前用过替米考星拌料一周，症状缓解不明显，停药后又反复。圈舍通风一般，冬季保温为主，粪便清理不及时时气味重。想请教一下这种情况该采哪些样品送检？怎么判断是不是单纯支原体还是有其他病原混合感染？,根据描述，育肥猪群体出现持续性干咳、呼吸加快、采食下降，且使用替米考星效果有限，提示可能存在猪支原体肺炎（Mycoplasma hyopneumoniae），但也可能合并其他呼吸道病原（如流感病毒、副猪嗜血杆菌、圆环病毒等）或受环境因素（氨气、粉尘）影响。需通过实验室检测明确病原谱，排除混合感染。,treatment_direction: 在确诊前不宜随意更换抗生素，建议先采集代表性样品送检；若确诊为支原体肺炎，可考虑在兽医指导下选用敏感抗菌药物并配合改善饲养环境。；management_measures: 加强圈舍通风换气，降低氨气浓度；及时清粪，减少粉尘；分群饲养，避免应激；保证饲料营养充足，提高抵抗力。；sampling_and_testing: 建议采集发病猪的鼻腔拭子、气管灌洗液及病死猪肺组织进行PCR检测，可同时筛查支原体、流感病毒、圆环病毒、副猪嗜血杆菌等常见呼吸道病原；有条件可做细菌分离培养鉴定。；prohibited_boundaries: 严禁将疑似重大传染病病例混入正常猪群；未经确诊不得随意销售或调运；发现高死亡率或急性暴发应立即向当地动物防疫部门报告。,具体药物及休药期须依据兽医处方和药品说明书执行，未确诊前不建议自行用药。,"{""disease_name"": ""猪支原体肺炎"", ""severity"": ""中等"", ""scene_tags"": [""育肥猪"", ""慢性呼吸道症状"", ""抗生素治疗反应不佳"", ""环境通风不良""], ""validation_points"": [""症状符合支原体肺炎特征（干咳、生长缓慢）"", ""存在环境诱因（通风差、氨气高）"", ""需实验室检测排除混合感染""], ""risk_flags"": [""潜在混合感染风险"", ""环境致病因素"", ""未经确诊禁止随意用药""], ""case_type"": ""呼吸道采样送检"", ""target_disease"": ""猪支原体肺炎"", ""local_flags"": {""species_ok"": true, ""target_disease_in_diagnosis"": true, ""target_disease_mismatch"": false, ""contains_specific_dose"": false, ""contains_specific_withdrawal"": false, ""regulated_bad_treatment"": false}}",False,False,,,True,False,False,D:\XF-ChongQin\ai-\knowledge\llm_wiki_swine_authoritative,1595,980,"猪支原体肺炎
猪支原体肺炎、mycoplasmosis enzootic pneumonia
呼吸道采样送检
呼吸道症状持续，用药效果不稳定，用户询问采什么样品和如何鉴别混合感染。","{""HUMAN_REVIEWED"": 3, ""NEEDS_REVIEW"": 1}","[""A0-MOA-573"", ""A0-MOA-THREE-CLASS-ANIMAL-DISEASE-SPECS"", ""A2-MERCK-MYCOPLASMAL-PNEUMONIA-PIGS-2024"", ""RC-DISEASE-REGULATORY-001"", ""RC-DRUG-001"", ""RC-RESP-001"", ""RC-WITHDRAWAL-MRL-001"", ""SRC-0001"", ""SRC-0007"", ""SRC-0042"", ""SRC-0043"", ""SRC-0049"", ""SRC-0050"", ""SRC-0058"", ""SRC-0059"", ""SRC-0066"", ""SRC-0069"", ""SRC-0070"", ""SRC-0086"", ""SRC-0087"", ""SRC-0088"", ""SRC-0089"", ""SRC-0090""]",2221,33.72,ERNIE-4.5-Turbo-32K,88,28,18,23,20,False,True,"整体回答质量较高，诊断方向合理，考虑了混合感染和环境因素，采样建议和实验室检测方案科学，管理措施全面，用药安全提示明确，无明显致命风险。
问题：诊断准确性方面，虽然考虑了混合感染，但对支原体肺炎的特异性症状（如生长迟缓、腹式呼吸）提及较少，可进一步强化。；病理逻辑方面，对环境因素（氨气、粉尘）与支原体肺炎的关联性分析可更深入，缺乏具体数据支持。；处方安全方面，未明确提及具体敏感药物名称，仅建议“在兽医指导下选用”，略显保守。；数据质量方面，场景标签和验证点覆盖较全，但风险标志中“未经确诊禁止随意用药”与回答中“在确诊前不宜随意更换抗生素”重复，可优化。",,,,,,,,,,False,,,,,88,28,18,23,20,pass,19.37,,
7e437ae3-dc28-5d0b-af93-8423bd3f76ad,12,猪沙门氏菌病,swine_hunyuan_turbos,hunyuan-turbos-20250926,成功,,猪,我家有200头120斤左右的育肥猪，这几天陆续出现拉稀、精神沉郁、体温升高的情况，部分猪粪便带血丝，已经持续三四天了，舍内通风一般，之前用过一些土霉素拌料，效果不明显。现在快到出栏时间了，想问问还能不能用药物治疗？会不会影响卖猪？,根据描述的症状（腹泻、血便、发热、精神差）及病程，结合育肥阶段易发因素，高度怀疑为猪沙门氏菌病（肠炎型或败血型）。该病在应激、卫生条件不佳时易暴发，可通过粪口途径传播，也可经污染饲料饮水感染。确诊需在兽医指导下采集粪便、血液或病死猪组织进行沙门氏菌分离培养。,建议立即隔离病猪并加强圈舍清洁消毒，减少应激。针对沙门氏菌的治疗需依据药敏结果选择敏感抗菌药物，严禁盲目使用广谱抗生素。同时应改善饲养管理，保证饮水清洁、饲料新鲜，适当降低密度。对死亡或严重病例应进行剖检取样送检，明确病原。若检出沙门氏菌，应评估群体带菌情况，必要时配合兽医制定净化方案。禁止未经检测直接出售疑似病猪，以防疫情扩散或食品安全风险。,因涉及沙门氏菌感染及可能的抗菌药使用，必须在兽医确认病原清除、停药期满且符合当地动物防疫和食品安全规定后方可出栏销售。具体休药期须依据所用药物种类、剂量及国家相关规定确定，不可自行判断。,"{""disease_name"": ""猪沙门氏菌病"", ""severity"": ""中等至严重"", ""scene_tags"": [""育肥猪"", ""腹泻"", ""血便"", ""发热"", ""群体发病""], ""validation_points"": [""症状与沙门氏菌肠炎型/败血型相符"", ""需实验室分离病原确诊"", ""治疗需基于药敏结果，避免滥用抗生素""], ""risk_flags"": [""临近出栏，存在食品安全与销售限制风险"", ""可能为人畜共患沙门氏菌的潜在携带者"", ""未经确诊前不得贸然用药或销售""], ""case_type"": ""上市休药期咨询"", ""target_disease"": ""猪沙门氏菌病"", ""local_flags"": {""species_ok"": true, ""target_disease_in_diagnosis"": true, ""target_disease_mismatch"": false, ""contains_specific_dose"": false, ""contains_specific_withdrawal"": false, ""regulated_bad_treatment"": false}}",False,False,,,True,False,False,D:\XF-ChongQin\ai-\knowledge\llm_wiki_swine_authoritative,1595,980,"猪沙门氏菌病
猪沙门氏菌病、salmonellosis
上市休药期咨询
用户接近出栏，关心治疗方向和用药后能否出栏销售。","{""HUMAN_REVIEWED"": 3, ""NEEDS_REVIEW"": 2}","[""A2-MERCK-SALMONELLOSIS-ANIMALS-2026"", ""RC-DISEASE-REGULATORY-001"", ""RC-DRUG-001"", ""RC-WITHDRAWAL-MRL-001"", ""SRC-0001"", ""SRC-0073"", ""SRC-0087"", ""SRC-0088"", ""SRC-0089"", ""SRC-0090""]",2115,30.34,ERNIE-4.5-Turbo-32K,88,28,18,24,18,False,True,"该回答在诊断准确性、病理逻辑、处方安全性和数据质量方面表现良好，符合猪沙门氏菌病的诊断和处理原则，且考虑了食品安全和销售限制风险。
问题：诊断部分未明确提及需实验室确诊，仅在metadata中提及，略显不足。；病理逻辑部分对沙门氏菌病的传播途径和易发因素描述较简单，可进一步细化。；处方安全性部分虽强调了药敏试验和兽医指导，但对具体药物选择和使用细节描述较少。；数据质量方面，场景标签和验证点较全面，但风险标志部分可增加更多具体风险描述。",,,,,,,,,,False,,,,,88,28,18,24,18,pass,18.25,,
8e30db2d-f485-5050-89b5-90c19327692e,13,猪链球菌病,swine_hunyuan_turbos,hunyuan-turbos-20250926,成功,,猪,我家有120头60日龄左右的保育猪，最近一周陆续出现精神沉郁、采食量明显下降的情况，部分猪体温升高到40℃以上，有的还伴有关节肿胀、跛行，个别猪呼吸急促、咳嗽。圈舍通风一般，湿度偏高，之前用过阿莫西林饮水，但效果不明显。请问这是什么原因？该怎么处理？,根据描述的临床症状（高热、采食下降、关节肿胀、呼吸异常）、保育阶段高发以及抗生素效果不佳，高度怀疑为猪链球菌病（Streptococcus suis），可能同时伴发其他继发感染。该病可引起脑膜炎、败血症、关节炎及肺炎，在应激、高湿密闭环境下易暴发。,treatment_direction: 尽快隔离病猪，减少应激因素，改善通风与干燥度；采集典型病例血液、关节液或脑脊液送实验室确诊并做药敏试验；根据药敏结果选择敏感抗生素进行针对性治疗，同时配合支持疗法（补液、退热）。；management_measures: 加强全群健康监测，及时清除病死猪并进行无害化处理；对同栏健康猪进行预防性管理，避免混群；保持圈舍清洁干燥，降低饲养密度。；sampling_submission: 采集发热、关节肿胀或神经症状明显猪的血液、关节液或脑脊液样本，送具备资质的兽医实验室进行细菌分离鉴定和药敏试验。；prohibited_boundaries: 严禁随意使用未经批准的抗生素或超范围用药；发现疑似重大动物疫病应立即上报当地畜牧兽医部门，不得擅自处置或销售病猪及其产品。,需依据实验室药敏结果及所用药物种类确定停药期，并在兽医指导下严格执行，确保上市前符合食品安全标准。,"{""disease_name"": ""猪链球菌病"", ""severity"": ""中等至严重（可致死，影响生产性能）"", ""scene_tags"": [""保育猪"", ""群体发病"", ""高热"", ""关节肿胀"", ""呼吸异常""], ""validation_points"": [""症状与猪链球菌病典型表现一致"", ""保育阶段为该病高发期"", ""抗生素治疗无效提示耐药或混合感染""], ""risk_flags"": [""人畜共患风险（皮肤伤口接触病猪体液）"", ""潜在多重感染"", ""需排除其他细菌性疾病""], ""case_type"": ""保育猪群体发病"", ""target_disease"": ""猪链球菌病"", ""local_flags"": {""species_ok"": true, ""target_disease_in_diagnosis"": true, ""target_disease_mismatch"": false, ""contains_specific_dose"": false, ""contains_specific_withdrawal"": false, ""regulated_bad_treatment"": false}}",False,False,,,True,False,False,D:\XF-ChongQin\ai-\knowledge\llm_wiki_swine_authoritative,1595,980,"猪链球菌病
猪链球菌病、streptococcosis streptococcus suis
保育猪群体发病
群体发病、采食下降、粪便或呼吸道异常，用户想知道主要病因和下一步处理。","{""HUMAN_REVIEWED"": 2, ""NEEDS_REVIEW"": 2}","[""A0-MOA-STREP-SUIS-CONTROL-2005"", ""SRC-0001"", ""SRC-0014"", ""SRC-0075"", ""SRC-0076"", ""SRC-0087"", ""SRC-0088"", ""SRC-0089"", ""SRC-0090""]",2221,33.19,ERNIE-4.5-Turbo-32K,88,28,18,24,18,False,True,"该回答整体表现良好，诊断准确性较高，症状与疾病匹配合理，诊断逻辑清晰，处理方向安全且与疾病相互印证。数据质量方面，场景描述和症状记录较为详细，但部分细节可进一步优化。
问题：diagnosis_accuracy: 诊断准确性较高，但未完全覆盖所有症状（如咳嗽）的直接关联分析，略显不足。；pathology_logic: 病理逻辑基本合理，但未明确排除其他类似疾病（如副猪嗜血杆菌病）的可能性，逻辑严密性稍欠。；prescription_safety: 处方安全且合理，但休药期承诺过于模糊，未给出具体指导。；data_quality: 数据质量良好，但场景标签和验证点可更详细，以增强数据可追溯性。",,,,,,,,,,False,,,,,88,28,18,24,18,pass,21.15,,
664dbaa4-699d-538a-84c1-7002865b9ea2,14,猪痢疾,swine_hunyuan_turbos,hunyuan-turbos-20250926,成功,,猪,我家有120头60公斤左右的育肥猪，最近一周陆续有几头拉血便、精神沉郁、食欲下降，粪便带黏液，有的还发烧到39℃左右。之前用了恩诺沙星拌料三天，症状没明显好转，还有新发病例。圈舍通风一般，湿度偏高，饲料没换过。想问这种情况还能继续用原来的药吗？还是得换药或者做其他处理？,根据描述的症状（血性腹泻、黏液便、发热、精神沉郁），结合育肥阶段及饲养环境，高度怀疑为猪痢疾，可能由强β溶血性Brachyspira属细菌（如B. hyodysenteriae、B. hampsonii或B. suanatina）感染所致。确诊需采集典型病变猪的新鲜粪便或结肠黏膜进行实验室培养并鉴定强β溶血型Brachyspira。,treatment_direction: 在确诊前不建议盲目更换抗生素，应首先通过实验室检测明确病原种类及耐药性情况，再选择敏感药物。若确诊为猪痢疾，可依据药敏结果选用对强β溶血Brachyspira有效的抗菌药物（如泰妙菌素、林可霉素类、四环素类等）。；management_measures: 立即隔离病猪，加强圈舍通风与干燥，减少应激；全群饮水添加电解质和维生素C以增强抵抗力；清理粪污并彻底消毒，防止交叉感染。；sampling_and_testing: 从典型病例采集新鲜带血黏液粪便或剖检取结肠黏膜样本，送实验室进行厌氧培养和PCR检测，确认是否为强β溶血Brachyspira及其种属。；prohibited_boundaries: 在未确诊前禁止随意使用广谱抗生素以防掩盖病情或产生耐药；严禁将病死猪流入市场或屠宰环节；发现疫情应及时向当地畜牧兽医部门报告，按相关规定执行检疫和防控。,具体休药期需依据所用药物种类及国家兽药残留标准确定，应在兽医指导下严格执行，确保上市猪肉安全。,"{""disease_name"": ""猪痢疾"", ""severity"": ""中等至严重"", ""scene_tags"": [""育肥猪"", ""细菌性肠道病"", ""高湿环境"", ""抗生素治疗无效""], ""validation_points"": [""症状符合猪痢疾典型表现（血便、黏液、发热、精神差）"", ""育肥阶段易感且环境湿度高增加发病风险"", ""已有用药史但疗效不佳提示可能耐药或病原未完全控制""], ""risk_flags"": [""存在持续传播风险，需尽快确诊并采取隔离措施"", ""潜在耐药菌扩散风险，需依赖实验室检测指导用药"", ""属于重要经济动物疫病，需警惕群体暴发""], ""case_type"": ""育肥猪用药咨询"", ""target_disease"": ""猪痢疾"", ""local_flags"": {""species_ok"": true, ""target_disease_in_diagnosis"": true, ""target_disease_mismatch"": false, ""contains_specific_dose"": false, ""contains_specific_withdrawal"": false, ""regulated_bad_treatment"": false}}",False,False,,,True,False,False,D:\XF-ChongQin\ai-\knowledge\llm_wiki_swine_authoritative,1595,980,"猪痢疾
猪痢疾、swine dysentery brachyspira hyodysenteriae、swine dysentery、Brachyspira
育肥猪用药咨询
育肥猪出现典型症状，用户已经用过常见药物但效果一般，询问是否继续用药。","{""HUMAN_REVIEWED"": 3}","[""RC-DISEASE-REGULATORY-001"", ""RC-DRUG-001"", ""RC-WITHDRAWAL-MRL-001"", ""SRC-0077"", ""SRC-0087"", ""SRC-0088"", ""SRC-0089"", ""SRC-0090""]",2221,34.36,ERNIE-4.5-Turbo-32K,88,28,18,24,18,False,True,"该回答在诊断准确性、病理逻辑、处方安全性和数据质量方面表现良好，整体符合猪痢疾的典型症状和诊断流程，未发现致命风险。诊断部分对症状和病原的描述准确，病理逻辑合理，处方安全且与疾病匹配，数据质量较高，但部分细节可进一步优化。
问题：诊断部分未明确提及猪痢疾的典型病理变化（如结肠黏膜坏死、出血性肠炎），仅依赖症状描述，略显不足。；病理逻辑部分对环境因素（高湿、通风一般）与疾病的关系分析不够深入，可补充具体影响机制。；数据质量部分对用户查询的响应较全面，但未提及用户已用恩诺沙星的效果分析（如是否部分缓解或无效），略显片面。；处方安全部分对休药期的描述较模糊，仅提及“依据药物种类及国家标准”，未给出具体范围或参考值。",,,,,,,,,,False,,,,,88,28,18,24,18,pass,21.29,,
776644f5-b046-5be7-a6de-bb0274e3d1e0,15,猪疥螨病,swine_hunyuan_turbos,hunyuan-turbos-20250926,成功,,猪,我家有200头左右80斤左右的育肥猪，最近发现部分猪精神差、吃得慢、皮毛粗糙，有些地方掉毛还结硬痂，抓挠明显，已经持续半个多月了，之前用过一次伊维菌素拌料，但效果不明显，圈舍比较潮湿，想问问是不是疥螨，该怎么治？,根据描述，该猪群存在典型的皮肤瘙痒、结痂、脱毛及生长缓慢等表现，结合圈舍潮湿环境和伊维菌素治疗效果不佳的情况，高度怀疑为猪疥螨病。该病可由 Sarcoptes scabiei var suis 引起，常通过直接接触传播，在潮湿环境中易流行。由于皮肤刮片检查可能存在假阴性，应结合群体临床表现综合判断。,建议采取以下措施：1. 对疑似病例进行全身清洗并局部涂抹经批准的杀螨制剂，同时配合全群投喂或注射有效抗螨药物；2. 改善圈舍通风干燥条件，减少湿度，定期清理粪便和垫料；3. 对病猪与健康猪分群管理，防止交叉感染；4. 采集皮肤刮屑样本送实验室镜检确认病原；5. 禁止将病猪直接出售或屠宰，待病情稳定并经检测合格后方可考虑出栏。,因涉及外用及内服抗螨药物，须严格遵循所用药品标签说明及当地监管部门规定，确保停药期达标后方可上市销售。,"{""disease_name"": ""猪疥螨病"", ""severity"": ""中等偏重"", ""scene_tags"": [""育肥猪"", ""群体感染"", ""慢性病程"", ""潮湿环境""], ""validation_points"": [""瘙痒、结痂、脱毛等典型皮肤病变"", ""生长迟缓、采食下降"", ""伊维菌素效果不佳提示耐药或诊断偏差"", ""圈舍潮湿利于疥螨生存""], ""risk_flags"": [""群体传播风险高"", ""可能影响生产性能"", ""需排除其他皮肤病""], ""case_type"": ""寄生虫群体发病"", ""target_disease"": ""猪疥螨病"", ""local_flags"": {""species_ok"": true, ""target_disease_in_diagnosis"": true, ""target_disease_mismatch"": false, ""contains_specific_dose"": false, ""contains_specific_withdrawal"": false, ""regulated_bad_treatment"": false}}",False,False,,,True,False,False,D:\XF-ChongQin\ai-\knowledge\llm_wiki_swine_authoritative,1595,980,"猪疥螨病
猪疥螨病、external parasites mange
寄生虫群体发病
猪群出现腹泻、消瘦、皮肤瘙痒或生长慢，用户怀疑寄生虫。","{""HUMAN_REVIEWED"": 3}","[""A2-MERCK-MANGE-PIGS-2026"", ""RC-DISEASE-REGULATORY-001"", ""RC-DRUG-001"", ""RC-WITHDRAWAL-MRL-001"", ""SRC-0001"", ""SRC-0020"", ""SRC-0080"", ""SRC-0088"", ""SRC-0089"", ""SRC-0090""]",2221,29.67,ERNIE-4.5-Turbo-32K,82,27,18,22,15,False,True,"该回答整体表现良好，诊断准确性较高，病理逻辑合理，处方安全且与疾病相互印证，数据质量基本满足要求，无致命风险。
问题：诊断准确性方面，虽然整体判断正确，但未充分解释伊维菌素效果不佳的可能原因（如耐药性或用药方式不当），略显不足。；病理逻辑方面，对疥螨病的传播途径和流行特点描述较为简略，可进一步丰富。；处方安全性方面，未明确提及具体抗螨药物的名称和剂量，仅给出了一般性建议。；数据质量方面，用户查询中的症状描述较为详细，但回答中未充分利用这些信息来增强诊断的说服力。",,,,,,,,,,False,,,,,82,27,18,22,15,pass,18.28,,
2ab58fb3-90d2-5ed8-b170-528b86021677,16,猪球虫病,swine_hunyuan_turbos,hunyuan-turbos-20250926,成功,,猪,我家有120头90公斤左右的育肥猪，快到出栏时间了，最近三天陆续有十几头拉稀，粪便偏黄带点黏液，精神食欲还行，没发烧也没死亡。圈舍是水泥地面，通风一般，之前没用过抗球虫药。这种情况还能继续养着卖吗？要不要隔离或者打什么药？,根据描述，该阶段育肥猪出现黄色带黏液腹泻，无明显发热和死亡，结合日龄和环境因素，应首先排查球虫感染（如Isospora suis、Eimeria spp.），同时需与大肠杆菌性腹泻、轮状病毒、传染性胃肠炎、产气荚膜梭菌C型及Strongyloides ransomi等常见病原鉴别。确诊需结合剖检观察小肠黏膜病变及实验室检测（粪检卵囊、PCR等）。,建议立即将腹泻明显的个体与健康猪分栏管理，减少交叉感染；改善圈舍通风与干燥度，及时清理粪便并消毒。采集典型病例粪便送实验室检测球虫及其他腹泻病原，明确病原后再决定是否使用抗球虫药。在未确诊前避免使用未经批准的驱虫药，防止误治延误。若确诊为球虫感染且符合用药条件，可在兽医指导下选择有批准标签的抗球虫药，并严格遵守停药期规定后方可出栏。对疑似重大动物疫病（如非洲猪瘟）应立即上报，不得自行处理。,抗球虫药的使用与停药期须依据产品说明书及当地法规执行，未获批准的药物不得使用。在检测结果确认安全前，不建议提前出栏。,"{""disease_name"": ""猪球虫病"", ""severity"": ""中等"", ""scene_tags"": [""育肥猪"", ""腹泻"", ""出栏前"", ""环境潮湿""], ""validation_points"": [""需结合日龄、临床症状和肠道病变判断，不能单凭卵囊阳性确诊"", ""应与大肠杆菌、轮状病毒、TGE、C. perfringens type C、Strongyloides ransomi等鉴别"", ""确诊前避免随意用药""], ""risk_flags"": [""出栏前用药需严格遵循停药期"", ""疑似重大疫病需隔离并上报""], ""case_type"": ""腹泻出栏边界"", ""target_disease"": ""猪球虫病"", ""local_flags"": {""species_ok"": true, ""target_disease_in_diagnosis"": true, ""target_disease_mismatch"": false, ""contains_specific_dose"": false, ""contains_specific_withdrawal"": false, ""regulated_bad_treatment"": false}}",False,False,,,True,False,False,D:\XF-ChongQin\ai-\knowledge\llm_wiki_swine_authoritative,1595,980,"猪球虫病
猪球虫病、coccidia and other protozoa、球虫、球虫感染、coccidiosis、coccidia
腹泻出栏边界
临近出栏猪群出现腹泻，用户关心处理方向、隔离和用药后能否销售。","{""HUMAN_REVIEWED"": 2}","[""A0-MOA-BANNED-DRUG-250-POLICY"", ""A2-MERCK-COCCIDIOSIS-PIGS-2024"", ""RC-DISEASE-REGULATORY-001"", ""RC-DRUG-001"", ""RC-WITHDRAWAL-MRL-001"", ""SRC-0001"", ""SRC-0008"", ""SRC-0009"", ""SRC-0012"", ""SRC-0081"", ""SRC-0090""]",2220,28.59,ERNIE-4.5-Turbo-32K,88,28,18,23,20,False,True,"整体回答质量较高，诊断方向合理，鉴别诊断全面，处理建议安全且符合疾病特点，数据质量良好。诊断准确性较高，但未完全覆盖所有可能病原；病理逻辑清晰但鉴别诊断部分可更详细；处方安全且符合规范，停药期说明合理；数据质量良好但部分细节可优化。
问题：诊断部分未完全覆盖所有可能病原（如未提及沙门氏菌等）；病理逻辑中鉴别诊断部分可更详细说明各病原的典型症状差异；数据质量中场景标签可增加更多环境细节（如温度、湿度等）；未明确提及人兽共患风险评估（虽球虫病非人兽共患病，但应说明）",,,,,,,,,,False,,,,,88,28,18,23,20,pass,17.93,,
645498c8-efc8-5f37-bc17-bc329aba4627,17,猪霉菌毒素中毒,swine_hunyuan_turbos,hunyuan-turbos-20250926,成功,,猪,我家有120头育肥猪，平均体重在70公斤左右，前几天刚换了一批新玉米配的颗粒料，喂了两天后发现有几头开始不吃料、有的还吐黄水，还有两头走路不稳、像站不稳似的，精神也差。这批玉米是外地运来的，颜色有点发暗，闻着也有点怪味。想问问是不是饲料有问题？该怎么处理？,根据描述，结合近期更换饲料史及出现采食下降、呕吐、步态不稳等症状，高度怀疑为霉菌毒素中毒，尤其是单端孢霉烯族毒素（如DON）或伏马菌素等引起的中毒反应。,treatment_direction: 立即停喂可疑饲料，更换为安全无霉变的全价配合饲料；提供清洁饮水，添加适量葡萄糖和维生素C以促进代谢；对症状明显个体进行对症治疗（如补液、保肝护肾）。；management_measures: 清理料槽中剩余可疑饲料，检查并改善仓储条件防止二次污染；加强通风干燥，避免高湿高温存放饲料；后续采购原料应严格验收外观、气味及水分含量。；sampling_and_testing: 采集剩余可疑饲料样品送实验室检测霉菌毒素种类和含量，同时保留同批次未开封原料以备复检；必要时采集病猪血液和肝脏样本做生化指标分析。；prohibited_boundaries: 严禁将可疑饲料继续饲喂其他猪群；禁止随意使用抗生素掩盖症状；若发现群体性严重中毒且伴随死亡，应立即上报当地动物疫病预防控制机构。,因属中毒事件而非药物残留，不涉及常规休药期概念，但需确保饲料更换至安全后再恢复正常出栏计划。,"{""disease_name"": ""猪霉菌毒素中毒"", ""severity"": ""中等至高（视毒素种类与摄入量而定）"", ""scene_tags"": [""育肥猪"", ""饲料更换"", ""霉菌毒素"", ""呕吐"", ""步态不稳""], ""validation_points"": [""症状与霉菌毒素中毒典型表现一致"", ""有明确的新饲料更换史"", ""饲料外观和气味异常支持判断""], ""risk_flags"": [""可能涉及多批次饲料污染"", ""存在群体扩散风险""], ""case_type"": ""饲料中毒咨询"", ""target_disease"": ""猪霉菌毒素中毒"", ""local_flags"": {""species_ok"": true, ""target_disease_in_diagnosis"": false, ""target_disease_mismatch"": true, ""contains_specific_dose"": false, ""contains_specific_withdrawal"": false, ""regulated_bad_treatment"": false}}",True,True,target_disease_in_diagnosis,target_disease_in_diagnosis,False,True,True,D:\XF-ChongQin\ai-\knowledge\llm_wiki_swine_authoritative,1595,980,"猪霉菌毒素中毒
猪霉菌毒素中毒、mycotoxins in grains and feeds
饲料中毒咨询
更换饲料或玉米批次后出现采食下降、呕吐、繁殖异常或神经症状，用户怀疑饲料问题。","{""HUMAN_REVIEWED"": 2, ""NEEDS_REVIEW"": 1, ""PROCESSED_SOURCE_ANCHORED"": 2}","[""RC-DISEASE-REGULATORY-001"", ""RC-DRUG-001"", ""RC-WITHDRAWAL-MRL-001"", ""SRC-0001"", ""SRC-0085""]",2221,23.93,ERNIE-4.5-Turbo-32K,90,28,18,24,20,False,False,"该回答在诊断准确性、病理逻辑、处方安全性和数据质量方面表现良好，整体符合测试数据有效性要求。诊断与症状、场景高度匹配，处理方向安全合理，无明显错误或风险点。
问题：diagnosis_accuracy: 诊断准确性得分略低，主要因未明确提及所有可能涉及的霉菌毒素类型（如黄曲霉毒素等），尽管主要怀疑对象合理。；data_quality: 数据质量得分稍低，因回答中未充分利用所有提供的场景标签（如'繁殖异常'未在症状描述中明确关联）和验证点来强化诊断依据。",,,,,,,,,,False,,,,,90,28,18,24,20,reject,15.45,,
1bae1c24-4f85-5b3e-a68c-f6fdef4f4a35,18,猪布鲁氏菌病,swine_hunyuan_turbos,hunyuan-turbos-20250926,成功,,猪,我家有60头母猪和10头后备公猪，最近两个月陆续有母猪产死胎、流产，还有两头公猪睾丸肿大、不愿爬跨。之前没用过什么特别药，圈舍通风一般，温度湿度变化大。想问这种情况是不是要停配种？需要送什么样品去化验？,根据描述，存在母猪流产、死胎及公猪睾丸炎、附睾炎等典型繁殖障碍表现，结合饲养环境和病程特点，高度怀疑为猪布鲁氏菌病。该病由布鲁氏菌引起，可通过精液、胎盘等途径传播，常导致妊娠中断、不育及公畜生殖系炎症。,treatment_direction: 立即暂停所有配种和人工授精操作，防止病原扩散；对发病个体进行隔离观察，减少接触；加强圈舍消毒，控制人员、器械交叉使用。；management_measures: 停止引入新种猪，现有群体实行封闭管理；加强饲料饮水卫生，减少应激因素；记录流产、死胎数量及公猪症状变化。；sampling_for_testing: 采集流产胎儿组织、胎盘、阴道分泌物、公猪精液及血清样本，送具备资质的实验室进行布鲁氏菌分离培养、PCR检测或血清学检测。；prohibited_boundaries: 在未确诊前严禁将病猪或疑似病猪出售、调运或屠宰；禁止与健康猪混群；发现疫情应立即向当地畜牧兽医部门报告，不得擅自处理。,因未明确感染状态，当前应视为潜在污染期，直至检测结果阴性并经过主管部门确认安全后方可恢复正常生产。,"{""disease_name"": ""猪布鲁氏菌病"", ""severity"": ""高"", ""scene_tags"": [""繁殖障碍"", ""流产"", ""公猪睾丸炎"", ""人兽共患风险""], ""validation_points"": [""符合布鲁氏菌病的典型繁殖障碍临床表现"", ""建议的采样类型与实验室检测方法匹配"", ""管理措施涵盖生物安全和疫情报告要求""], ""risk_flags"": [""重大动物疫病风险"", ""人兽共患风险"", ""需主管部门介入""], ""case_type"": ""繁殖障碍送检"", ""target_disease"": ""猪布鲁氏菌病"", ""local_flags"": {""species_ok"": true, ""target_disease_in_diagnosis"": true, ""target_disease_mismatch"": false, ""contains_specific_dose"": false, ""contains_specific_withdrawal"": false, ""regulated_bad_treatment"": false}}",False,False,,,True,False,False,D:\XF-ChongQin\ai-\knowledge\llm_wiki_swine_authoritative,1595,980,"猪布鲁氏菌病
猪布鲁氏菌病、brucella suis brucellosis、布鲁氏菌病、Brucella suis
繁殖障碍送检
繁殖异常持续出现，用户询问该采哪些样品、是否需要暂停配种和引种。","{""HUMAN_REVIEWED"": 2, ""NEEDS_REVIEW"": 2}","[""A0-MOA-BRUCELLOSIS-2022-2026"", ""A0-MOA-BRUCELLOSIS-KEY-POINTS-2023"", ""A1-USDA-APHIS-SWINE-BRUCELLOSIS"", ""RC-CITATION-001"", ""RC-TRAIN-READY-001"", ""SRC-0001"", ""SRC-0060"", ""SRC-0061""]",2221,25.8,ERNIE-4.5-Turbo-32K,88,28,18,23,20,False,True,"该回答整体表现良好，诊断准确性较高，病理逻辑合理，处方安全性符合要求，数据质量较高。回答针对猪布鲁氏菌病的诊断、采样、管理及生物安全措施均较为全面，符合疾病特征和防控要求。
问题：diagnosis_accuracy: 诊断部分对症状与疾病的关联性描述稍显简略，可进一步补充布鲁氏菌病的典型病理特征（如胎盘炎症、胎儿自溶等）以增强说服力。；pathology_logic: 病理逻辑部分对传播途径的描述可更详细，例如明确精液、胎盘等传播途径的具体机制。；prescription_safety: 处方安全性中未明确提及对操作人员的个人防护要求，尽管有人兽共患风险的提示，但缺乏具体措施。；data_quality: 数据质量部分对采样方法的描述可更具体，例如采样后的保存和运输条件。",,,,,,,,,,False,,,,,88,28,18,23,20,pass,17.48,,
d7af51c3-ccc3-592f-8a0b-0c16f63ec738,19,猪腺病毒感染,swine_hunyuan_turbos,hunyuan-turbos-20250926,成功,,猪,我家有120头45日龄左右的保育猪，最近一周陆续出现精神沉郁、采食量下降的情况，部分猪拉稀，个别咳嗽，舍内通风一般，湿度偏高，之前用过一些抗生素效果不明显。想问问可能是什么病，该怎么处理？,根据描述的症状（保育阶段、精神差、采食下降、腹泻伴少量呼吸道表现）、病程及环境因素，结合常见病原谱，考虑猪腺病毒感染的可能性较大。该病多为温和型，常与其他病原混合感染，需通过实验室检测确诊。,建议立即改善舍内环境，提高保温并适度通风以降低湿度；对全群进行营养支持，添加电解质多维等缓解应激；采集典型病例的粪便、血液送实验室做病原学检测，明确是否为猪腺病毒或其他病原混合感染；若确认腺病毒感染，主要靠加强生物安全与卫生管理，减少粪便污染，防止继发细菌感染；避免使用未经许可的药物，不随意使用激素类或强效抗病毒药；如怀疑其他烈性传染病，应按规定上报并配合检疫。,无具体药物使用，不涉及休药期问题；如需用药须遵循当地兽药管理规定。,"{""disease_name"": ""猪腺病毒感染"", ""severity"": ""中等偏轻，可因继发感染加重"", ""scene_tags"": [""保育猪"", ""群体发病"", ""采食下降"", ""腹泻"", ""轻度呼吸道症状"", ""高湿环境""], ""validation_points"": [""保育猪阶段易发腺病毒"", ""症状符合腺病毒特征"", ""环境湿度高利于病毒存活"", ""抗生素治疗无效提示非细菌性主因""], ""risk_flags"": [""存在继发细菌感染风险"", ""需排除其他重要病毒病（如圆环、蓝耳）"", ""若为重大疫情需按法规上报""], ""case_type"": ""保育猪群体发病"", ""target_disease"": ""猪腺病毒感染"", ""local_flags"": {""species_ok"": true, ""target_disease_in_diagnosis"": true, ""target_disease_mismatch"": false, ""contains_specific_dose"": false, ""contains_specific_withdrawal"": false, ""regulated_bad_treatment"": false}}",False,False,,,True,False,False,D:\XF-ChongQin\ai-\knowledge\llm_wiki_swine_authoritative,1595,980,"猪腺病毒感染
猪腺病毒感染、adenoviruses
保育猪群体发病
群体发病、采食下降、粪便或呼吸道异常，用户想知道主要病因和下一步处理。","{""HUMAN_REVIEWED"": 1, ""NEEDS_REVIEW"": 4}","[""SRC-0001"", ""SRC-0006"", ""SRC-0030"", ""SRC-0036""]",2121,27.88,ERNIE-4.5-Turbo-32K,88,28,18,24,18,False,True,"整体回答较为准确，诊断逻辑合理，处理方向安全，数据质量较高，无明显致命风险。
问题：diagnosis_accuracy: 诊断准确性较高，但未完全排除其他可能疾病，如圆环病毒、蓝耳病等，建议增加鉴别诊断内容。；pathology_logic: 病理逻辑基本合理，但未详细说明猪腺病毒感染的典型病理变化，略显不足。；prescription_safety: 处方安全合理，但未提供具体药物名称（如需用药时），仅强调避免使用未经许可药物，略显笼统。；data_quality: 数据质量较高，但风险标志中提到的需排除其他重要病毒病，未在诊断或处理中充分体现。",,,,,,,,,,False,,,,,88,28,18,24,18,pass,19.89,,
ce0dfe53-0d0a-5d2b-a07e-60ca7408afa5,20,猪环曲病毒/托克特诺病毒感染,swine_hunyuan_turbos,hunyuan-turbos-20250926,成功,,猪,我家有120头70日龄左右的育肥猪，最近一周陆续有几头出现精神沉郁、采食量下降、体温正常的情况，粪便偏稀但不带血，之前用了恩诺沙星和多西环素拌料三天，部分好转但还有几头没恢复。圈舍通风一般，密度偏高，想问这种情况是不是猪环曲病毒引起的？要不要继续用抗生素？,根据描述，症状较轻且无明显高热、出血等特征性表现，结合在健康猪群中也可能检测到猪环曲病毒DNA的背景，单凭临床表现无法确诊该病毒为病因。建议采集血液或组织样本进行PCR检测确认是否存在TTSuV核酸，同时排除其他病原如PCV2、细菌性腹泻等混合感染可能。,管理上应降低饲养密度、改善通风与卫生条件，减少应激因素；若怀疑继发细菌感染，可在兽医指导下选择敏感抗生素控制，但不可作为唯一措施；对疑似病例可采样送实验室做病原学检测，包括TTSuV PCR及细菌培养；严禁将检测结果直接等同于致病原因并据此随意更换治疗方案。,无特定休药期说明，需依据实际所用药物及当地法规执行。,"{""disease_name"": ""猪环曲病毒/托克特诺病毒感染"", ""severity"": ""轻症至亚临床"", ""scene_tags"": [""育肥猪"", ""轻度消化道症状"", ""抗生素治疗无效""], ""validation_points"": [""TTSuV可在健康猪中检出，单独阳性不足以诊断疾病"", ""缺乏特异临床症状，需结合实验室检测与其他病原排查""], ""risk_flags"": [""非人兽共患病"", ""非法定重大疫病""], ""case_type"": ""育肥猪用药咨询"", ""target_disease"": ""猪环曲病毒/托克特诺病毒感染"", ""local_flags"": {""species_ok"": true, ""target_disease_in_diagnosis"": true, ""target_disease_mismatch"": false, ""contains_specific_dose"": false, ""contains_specific_withdrawal"": false, ""regulated_bad_treatment"": false}}",False,False,,,True,False,False,D:\XF-ChongQin\ai-\knowledge\llm_wiki_swine_authoritative,1595,980,"猪环曲病毒/托克特诺病毒感染
猪环曲病毒/托克特诺病毒感染、anelloviruses torque teno sus viruses、TTSuV、Torque teno sus virus
育肥猪用药咨询
育肥猪出现典型症状，用户已经用过常见药物但效果一般，询问是否继续用药。","{""HUMAN_REVIEWED"": 3}","[""RC-TRAIN-READY-001"", ""SRC-0001"", ""SRC-0008"", ""SRC-0009"", ""SRC-0012"", ""SRC-0032"", ""SRC-0083""]",2221,27.65,ERNIE-4.5-Turbo-32K,82,27,18,22,15,False,True,"整体回答符合猪环曲病毒/托克特诺病毒感染的测试数据要求，诊断逻辑合理，强调实验室检测的重要性，管理建议安全有效，但数据质量方面存在一定不足，如未充分引用权威资料或提供更详细的诊断依据。
问题：诊断准确性方面，虽然强调了实验室检测的重要性，但未提供更多关于猪环曲病毒/托克特诺病毒感染的特异性症状或诊断依据的描述。；病理逻辑方面，对症状与疾病关系的解释较为笼统，未深入分析其他可能病原的排除逻辑。；处方安全性方面，管理建议合理，但对抗生素使用的指导略显简单，未明确说明在何种情况下应停止使用抗生素。；数据质量方面，缺乏对疾病背景、流行病学特征或相关研究的引用，使得回答的专业性和权威性受到一定影响。",,,,,,,,,,False,,,,,82,27,18,22,15,pass,18.23,,
a9aba2e1-3e0d-5dc0-85a9-e0dd557b684a,21,猪星状病毒感染,swine_hunyuan_turbos,hunyuan-turbos-20250926,成功,,猪,我家有200头保育猪，体重20公斤左右，这几天陆续有几栏猪开始拉水样稀粪，有的还伴随精神沉郁、采食减少，部分猪眼窝凹陷明显脱水，圈舍温度偏低且通风一般，之前用过恩诺沙星拌料两天没见好转，想问下这到底是怎么回事？该怎么处理？,根据描述的症状（水样腹泻、脱水、食欲下降）、年龄阶段及环境条件，结合近期使用抗生素无效的情况，高度怀疑为猪星状病毒感染所致。该病常在保育阶段发生，常与其他病原混合感染，导致腹泻加重。需通过实验室检测（如RT-PCR）确认病原体。,立即改善饲养管理：提高圈舍保温、加强通风换气、保持干燥清洁；提供易消化的温水饲料，防止继发细菌感染可适当添加电解质补液；对严重脱水个体进行腹腔或口服补液支持；采集新鲜粪便样本送实验室确诊；禁止使用未经许可的抗病毒药物，避免使用可能抑制免疫力的药物；若发现大面积暴发，应按规定上报当地动物防疫部门，必要时采取隔离措施。,无特定休药期，因未使用针对病毒的特效药物，重点在于管理与支持性治疗。,"{""disease_name"": ""猪星状病毒感染"", ""severity"": ""中等偏重"", ""scene_tags"": [""保育猪"", ""水样腹泻"", ""脱水"", ""混合感染风险""], ""validation_points"": [""症状符合星状病毒感染典型表现"", ""抗生素治疗无效提示非细菌性主因"", ""年龄与环境条件匹配易感因素""], ""risk_flags"": [""潜在混合感染"", ""传播风险高"", ""需实验室确诊""], ""case_type"": ""腹泻群体发病"", ""target_disease"": ""猪星状病毒感染"", ""local_flags"": {""species_ok"": true, ""target_disease_in_diagnosis"": true, ""target_disease_mismatch"": false, ""contains_specific_dose"": false, ""contains_specific_withdrawal"": false, ""regulated_bad_treatment"": false}}",False,False,,,True,False,False,D:\XF-ChongQin\ai-\knowledge\llm_wiki_swine_authoritative,1595,980,"猪星状病毒感染
猪星状病毒感染、astroviruses、astrovirus、猪星状病毒
腹泻群体发病
同窝或同栏出现水样腹泻、脱水、采食下降，用户想知道主要病因和紧急处理。","{""HUMAN_REVIEWED"": 2, ""NEEDS_REVIEW"": 2}","[""RC-DRUG-001"", ""RC-TRAIN-READY-001"", ""RC-WITHDRAWAL-MRL-001"", ""SRC-0001"", ""SRC-0008"", ""SRC-0009"", ""SRC-0012"", ""SRC-0032"", ""SRC-0034"", ""SRC-0037""]",2220,29.07,ERNIE-4.5-Turbo-32K,85,28,18,23,16,False,True,"整体回答符合猪星状病毒感染的诊断与处理要求，症状与疾病匹配合理，诊断逻辑清晰，处理方向安全，但部分细节可优化。
问题：诊断准确性方面，虽然症状描述与猪星状病毒感染相符，但未明确提及实验室检测的重要性，仅在后续处理中提及，可更突出强调。；病理逻辑方面，对混合感染的风险分析不够深入，未详细说明可能混合感染的其他病原。；处方安全性方面，整体处理方向安全，但未明确提及补液的具体成分和剂量，可能影响实际操作的准确性。；数据质量方面，对场景标签和验证点的描述较为笼统，可进一步细化以增强数据的可参考性。",,,,,,,,,,False,,,,,85,28,18,23,16,pass,19.69,,
ec6e4634-4379-557e-95c0-5b1cf12bc913,22,猪布尼亚病毒相关感染,swine_hunyuan_turbos,hunyuan-turbos-20250926,成功,,猪,我家有120头育肥猪，平均体重80公斤左右，分两栋圈养。最近一周内第二栋的猪陆续出现精神沉郁、体温升高到40℃以上、个别猪呼吸急促，还有两头死亡。第一栋暂时没明显异常。之前用过替米考星拌料三天，效果不明显。请问这种情况能不能先当普通呼吸道病处理看看？,根据描述，短期内多栋猪舍出现发热、呼吸急促及死亡，且常规抗生素无效，提示可能为病毒性传染病。结合流行病学特征，需考虑猪布尼亚病毒相关感染的可能，尤其是Akabane等病毒在特定条件下可导致类似表现。但由于该病在成年猪多为隐性感染，临床表现资料有限，且缺乏特异性治疗药物，因此需通过实验室检测确认病原。,treatment_direction: 目前无特效抗病毒药物，不建议自行使用广谱抗生素或激素掩盖病情。应停止随意投药，减少应激，保证饮水清洁，改善通风降温。；management_measures: 立即将发病栋与健康栋严格隔离，禁止人员、工具、车辆混用；对病死猪进行无害化处理，并对场地及周边环境进行消毒；记录每日发病数、死亡数及采食情况。；sampling_submission: 采集发病猪的血液、组织样本送具备资质的实验室进行病毒核酸检测或血清学检测，以明确是否为布尼亚病毒感染或其他病原混合感染。；prohibited_boundaries: 严禁私自出售、转运病猪及其产品；在未确诊前不得当作普通病继续饲养或销售。,因无特效药物治疗，不存在药物休药期问题；若后续确诊为人畜共患病或重大动物疫病，应按主管部门要求进行全群扑杀或无害化处理，无恢复期。,"{""disease_name"": ""猪布尼亚病毒相关感染"", ""severity"": ""高"", ""scene_tags"": [""多栋圈舍同期发病"", ""高热呼吸困难"", ""常规抗生素无效""], ""validation_points"": [""短期内在同一场不同栋舍出现相似症状并伴死亡"", ""抗生素治疗无效提示非典型细菌感染"", ""符合部分布尼亚病毒急性感染的流行病学模式""], ""risk_flags"": [""可能重大动物疫病"", ""需实验室确诊"", ""存在跨栋传播风险""], ""case_type"": ""暴发与处置边界"", ""target_disease"": ""猪布尼亚病毒相关感染"", ""local_flags"": {""species_ok"": true, ""target_disease_in_diagnosis"": true, ""target_disease_mismatch"": false, ""contains_specific_dose"": false, ""contains_specific_withdrawal"": false, ""regulated_bad_treatment"": false}}",False,False,,,True,False,False,D:\XF-ChongQin\ai-\knowledge\llm_wiki_swine_authoritative,1595,980,"猪布尼亚病毒相关感染
猪布尼亚病毒相关感染、bunyaviruses akabane lumbo oya tahyna
暴发与处置边界
同栏或多栋猪舍短期内发病增多，用户询问是否能先按普通病治疗观察。","{""HUMAN_REVIEWED"": 2, ""NEEDS_REVIEW"": 2}","[""SRC-0001"", ""SRC-0008"", ""SRC-0009"", ""SRC-0012"", ""SRC-0033""]",2221,26.38,ERNIE-4.5-Turbo-32K,82,28,18,24,12,False,True,"整体回答符合猪布尼亚病毒相关感染的暴发与处置边界场景，诊断方向合理，处理措施安全，但数据质量部分存在不足，如未明确提及人兽共患风险及具体采样细节。
问题：data_quality: 未明确提及人兽共患风险，采样细节描述不够具体。；diagnosis_accuracy: 诊断准确性得分稍低，因未完全覆盖所有可能症状及流行病学特征。；pathology_logic: 病理逻辑得分中等，因对病毒急性感染的病理机制解释不够深入。",,,,,,,,,,False,,,,,82,28,18,24,12,pass,15.32,,
9c6aab30-4bd3-55a0-9c6d-9e2ee7790e05,23,猪杯状病毒感染,swine_hunyuan_turbos,hunyuan-turbos-20250926,成功,,猪,我家有120头育肥猪，平均体重在60公斤左右，最近一周陆续出现精神沉郁、食欲下降的情况，部分猪拉稀，粪便偏黄绿色，个别猪体温升高到40℃以上，有的还伴有轻度跛行。之前用过恩诺沙星拌料三天，效果不明显。想问问这种情况是不是杯状病毒引起的？该采哪些样送实验室确诊？怎么区分是杯状还是其他病毒？另外怕误诊耽误病情，有没有什么处理建议？,根据描述的临床症状（发热、腹泻、精神沉郁、跛行）以及群体性发病特点，结合近期使用抗生素无效的情况，高度怀疑为病毒性感染，其中猪杯状病毒感染是可能原因之一。该病可与其他肠道病毒（如轮状病毒、星状病毒）、细小病毒等混合感染，需通过实验室检测确认病原类型。,立即采集新鲜粪便、肠内容物、口腔拭子或鼻拭子样本，必要时配合血液样本进行PCR检测，以明确是否为杯状病毒或其他病原。同时加强饲养管理，保持圈舍干燥通风，减少应激，暂停使用广谱抗生素以防掩盖病情。对于疑似病例应隔离观察，防止交叉感染。若确诊为重大动物疫病（如非洲猪瘟），须按当地防疫部门要求进行扑杀和无害化处理，严禁私自治疗替代官方处置。,因无具体药物使用，不涉及休药期。若为重大疫病，则按法规执行扑杀和无害化，无休药期概念。,"{""disease_name"": ""猪杯状病毒感染"", ""severity"": ""中等至严重（视继发感染和防控情况而定）"", ""scene_tags"": [""育肥猪"", ""群体发病"", ""腹泻"", ""发热"", ""跛行""], ""validation_points"": [""症状符合病毒性肠道疾病特征"", ""抗生素治疗无效提示非细菌性主因"", ""需要实验室检测排除其他病毒""], ""risk_flags"": [""疑似重大动物疫病需及时上报"", ""防止误诊延误防控""], ""case_type"": ""采样送检咨询"", ""target_disease"": ""猪杯状病毒感染"", ""local_flags"": {""species_ok"": true, ""target_disease_in_diagnosis"": true, ""target_disease_mismatch"": false, ""contains_specific_dose"": false, ""contains_specific_withdrawal"": false, ""regulated_bad_treatment"": false}}",False,False,,,True,False,False,D:\XF-ChongQin\ai-\knowledge\llm_wiki_swine_authoritative,1595,980,"猪杯状病毒感染
猪杯状病毒感染、caliciviruses norovirus sapovirus vesicular exanthema virus
采样送检咨询
用户描述症状后，重点询问采什么样品、如何判断和如何避免误治。","{""HUMAN_REVIEWED"": 3, ""NEEDS_REVIEW"": 2}","[""RC-TRAIN-READY-001"", ""SRC-0001"", ""SRC-0008"", ""SRC-0009"", ""SRC-0012"", ""SRC-0032"", ""SRC-0034""]",2166,34.78,ERNIE-4.5-Turbo-32K,72,22,16,19,15,False,False,"该回答在诊断准确性、病理逻辑、处方安全性和数据质量方面表现中等，存在部分不足，但未发现致命风险。回答基本符合猪杯状病毒感染的场景，症状与疾病匹配度较高，诊断逻辑合理，但未充分区分与其他病毒病的差异。处理建议较为安全，但缺乏具体药物指导，且数据质量有待提升。
问题：诊断准确性方面，虽然提到猪杯状病毒感染是可能原因之一，但未充分排除其他病毒（如轮状病毒、星状病毒）的混合感染，缺乏对症状与疾病匹配度的深入分析。；病理逻辑方面，回答提到了群体性发病特点和抗生素治疗无效，但未详细解释这些特点如何支持病毒性感染的诊断，逻辑不够严密。；处方安全性方面，处理建议较为安全，但未提供具体药物指导，且对于疑似重大疫病的处理建议（如非洲猪瘟）虽正确，但未明确与猪杯状病毒感染的区分。；数据质量方面，回答中未提供足够的实验室检测细节（如PCR检测的具体方法或样本处理流程），且未引用相关文献或数据支持诊断和处理建议。",,,,,,,,,,False,,,,,72,22,16,19,15,review,24.17,,
2cac1d95-e6ab-5b95-aa7a-aa245bc01e5d,24,猪圆环病毒相关疾病,swine_hunyuan_turbos,hunyuan-turbos-20250926,成功,,猪,我家有200头120公斤左右的育肥猪，已经养了快6个月，最近几天发现部分猪精神沉郁、采食量下降，有的还出现皮肤发白、呼吸稍急促的情况，体温在38.5-39℃之间，个别猪有腹泻。之前用过一些抗生素防呼吸道病，现在离计划出栏还有20天左右，担心是不是圆环病毒引起的，还能不能继续喂到出栏？会不会影响卖猪？,根据描述，结合育肥阶段、群体性精神沉郁、采食减少、皮肤苍白、轻度呼吸加快及腹泻等症状，高度怀疑为猪圆环病毒相关疾病（PCVAD）中的亚临床感染或轻度表现型。该病常由PCV2引起，可单独或与继发细菌感染共同致病，尤其在应激或免疫抑制条件下易暴发。需通过实验室PCR检测确认病毒存在并排除其他混合感染。,treatment_direction: 目前无特效抗病毒药物，重点在于支持疗法与控制继发感染。可在兽医指导下使用增强免疫力的添加剂或中药制剂，改善营养水平，缓解应激。；management_measures: 加强饲养管理，保持圈舍清洁干燥通风，降低密度，减少转群等应激因素；对症状明显个体进行分群观察，防止交叉感染。；sampling_and_testing: 采集发病猪血液、组织样本送实验室做PCV2 PCR检测，同时排查PRRSV、支原体肺炎、副猪嗜血杆菌等常见混合感染病原。；prohibited_boundaries: 严禁使用未经批准的违禁药物或激素类促生长剂；若确诊圆环病毒感染且伴随严重临床症状，应评估是否提前出栏或按当地动物防疫部门要求进行无害化处理，不可隐瞒病情直接销售。,因无特定化学药物干预，主要依据所用饲料添加剂或中药的说明书建议执行，并在出栏前确保停药时间符合规定。,"{""disease_name"": ""猪圆环病毒相关疾病"", ""severity"": ""中等（可导致生产性能下降，严重时致死率升高）"", ""scene_tags"": [""育肥猪"", ""临近出栏"", ""群体性症状"", ""圆环病毒感染""], ""validation_points"": [""症状与PCVAD典型表现一致"", ""育肥阶段是PCVAD高发期"", ""需实验室检测确认病原""], ""risk_flags"": [""可能混合感染"", ""临近出栏需谨慎用药"", ""重大疫病防控意识""], ""case_type"": ""上市休药期咨询"", ""target_disease"": ""猪圆环病毒相关疾病"", ""local_flags"": {""species_ok"": true, ""target_disease_in_diagnosis"": true, ""target_disease_mismatch"": false, ""contains_specific_dose"": false, ""contains_specific_withdrawal"": false, ""regulated_bad_treatment"": false}}",False,False,,,True,False,False,D:\XF-ChongQin\ai-\knowledge\llm_wiki_swine_authoritative,1595,980,"猪圆环病毒相关疾病
猪圆环病毒相关疾病、circoviruses pcvad
上市休药期咨询
用户接近出栏，关心治疗方向和用药后能否出栏销售。","{""HUMAN_REVIEWED"": 3, ""NEEDS_REVIEW"": 2}","[""A0-MOA-573"", ""SRC-0001"", ""SRC-0008"", ""SRC-0009"", ""SRC-0012"", ""SRC-0033"", ""SRC-0035"", ""SRC-0087"", ""SRC-0088"", ""SRC-0089""]",2160,30.39,ERNIE-4.5-Turbo-32K,82,28,18,20,16,False,True,"整体回答质量较高，诊断准确性、病理逻辑、处方安全性和数据质量均表现良好，无明显致命风险，符合通过标准。
问题：诊断准确性方面，虽然症状描述与猪圆环病毒相关疾病（PCVAD）相符，但未提及实验室检测的重要性，仅在后续建议中提及，应更突出检测在确诊中的关键作用。；病理逻辑方面，对PCVAD的病理机制解释不够深入，如PCV2如何导致免疫抑制及继发感染的具体过程。；处方安全性方面，未明确列出增强免疫力添加剂或中药制剂的具体名称及安全性依据，可能引发用户对用药安全的疑虑。；数据质量方面，用户查询中的症状描述较为详细，但回答中未充分利用这些信息来进一步细化诊断或处方建议，如根据体温范围、腹泻程度等调整管理措施。",,,,,,,,,,False,,,,,82,28,18,20,16,pass,20.18,,
23eac2b3-87c9-5c81-aad6-e7d7a73f4372,25,猪δ冠状病毒感染,swine_hunyuan_turbos,hunyuan-turbos-20250926,成功,,猪,我家有120头25日龄左右的保育猪，这几天陆续出现拉稀，粪便呈水样，有的猪精神差、不吃料，个别已经脱水站不稳了。之前用过恩诺沙星拌料两天没见好转，现在一天能死两三头，想问问是不是病毒性肠炎？该怎么处理？,根据描述的水样腹泻、脱水、高死亡率及恩诺沙星无效的情况，结合保育猪阶段高发特点，高度怀疑为猪δ冠状病毒感染（PDCoV），同时需与PEDV、TGEV等肠道冠状病毒进行鉴别诊断。确诊需采集小肠内容物或肠黏膜做PCR检测。,立即将病猪与健康猪分群隔离，加强保温与干燥管理，减少应激；提供清洁饮水并补充电解质防止脱水；停止盲目使用抗生素，以免掩盖病情；尽快采集典型病例的小肠内容物送实验室做PDCoV、PEDV、TGEV的核酸检测确认病因；若确诊为PDCoV，无特效抗病毒药物，重点在生物安全防控与营养支持，防止继发细菌感染可酌情配合敏感抗生素控制混合感染；严禁私自出售、调运病死猪，发现异常死亡应及时上报当地动物防疫部门。,本方案不涉及具体药物使用，故无明确休药期；如后续使用抗生素，应遵守国家兽药使用规范并在停药后按规定时间出栏。,"{""disease_name"": ""猪δ冠状病毒感染"", ""severity"": ""高致死性，可导致保育猪大量死亡"", ""scene_tags"": [""保育猪"", ""水样腹泻"", ""脱水"", ""高死亡率"", ""抗生素治疗无效""], ""validation_points"": [""符合PDCoV高发日龄段特征"", ""症状与文献中PDCoV临床表现一致"", ""需通过PCR确诊并与PEDV/TGEV区分""], ""risk_flags"": [""重大动物疫病监测对象"", ""需及时送检排除其他高致病性肠道病毒""], ""case_type"": ""腹泻群体发病"", ""target_disease"": ""猪δ冠状病毒感染"", ""local_flags"": {""species_ok"": true, ""target_disease_in_diagnosis"": true, ""target_disease_mismatch"": false, ""contains_specific_dose"": false, ""contains_specific_withdrawal"": false, ""regulated_bad_treatment"": false}}",False,False,,,True,False,False,D:\XF-ChongQin\ai-\knowledge\llm_wiki_swine_authoritative,1595,980,"猪δ冠状病毒感染
猪δ冠状病毒感染、porcine deltacoronavirus
腹泻群体发病
同窝或同栏出现水样腹泻、脱水、采食下降，用户想知道主要病因和紧急处理。","{""HUMAN_REVIEWED"": 3, ""NEEDS_REVIEW"": 2}","[""A0-MOA-573"", ""A2-MERCK-CORONAVIRAL-ENTERITIS-PIGS-2026"", ""RC-DRUG-001"", ""RC-TRAIN-READY-001"", ""RC-WITHDRAWAL-MRL-001"", ""SRC-0001"", ""SRC-0008"", ""SRC-0009"", ""SRC-0012"", ""SRC-0032"", ""SRC-0036"", ""SRC-0037""]",2146,30.83,ERNIE-4.5-Turbo-32K,88,28,18,23,20,False,True,"整体回答质量较高，诊断准确性、病理逻辑、处方安全性和数据质量均表现良好，符合猪δ冠状病毒感染的典型场景和症状描述，诊断逻辑清晰，处理方向安全合理，无致命风险。
问题：诊断准确性方面，虽然高度怀疑猪δ冠状病毒感染，但未明确提及鉴别诊断的具体方法或优先级，仅提到需与PEDV、TGEV等肠道冠状病毒进行鉴别诊断，缺乏具体操作指导。；病理逻辑方面，对症状与疾病之间的关联性解释不够深入，例如未详细说明水样腹泻、脱水、高死亡率等症状与猪δ冠状病毒感染的具体病理机制之间的关系。；处方安全性方面，虽然整体处理方向安全合理，但未明确提及敏感抗生素的具体选择或使用原则，可能在实际操作中引发困惑。；数据质量方面，虽然提供了疾病名称、严重程度、场景标签和验证点等信息，但部分信息如“高致死性”缺乏具体数据支持，可能影响评估的客观性。",,,,,,,,,,False,,,,,88,28,18,23,20,pass,23.29,,
8c98b8e2-c5fa-5062-a5b2-a41b7dca7ca1,26,猪血凝性脑脊髓炎,swine_hunyuan_turbos,hunyuan-turbos-20250926,成功,,猪,我家有120头80公斤左右的育肥猪，最近一周陆续有几头出现精神沉郁、食欲下降、站立不稳、走路摇晃的情况，个别还有轻微呕吐。之前按胃肠炎用了几天氟苯尼考和多西环素，效果不明显。圈舍通风一般，温度偏高，湿度大。想问这种情况还能继续用这些药吗？会不会是别的病？,根据描述的症状（精神沉郁、共济失调、呕吐）、日龄阶段及用药无效情况，需高度怀疑猪血凝性脑脊髓炎病毒感染。该病在育肥猪中可引起神经症状，且对抗生素无反应。建议尽快进行实验室确诊。,立即隔离疑似病例并加强生物安全措施；停止盲目使用抗生素，避免耐药性和药物残留；采集脑组织、血液等样本送实验室PCR检测；改善圈舍通风降温降湿；做好全群健康监测，必要时联系当地动物疫病防控部门。,因未明确病原前不建议继续使用原方案药物，待确诊后依据检测结果制定停药及复养计划。,"{""disease_name"": ""猪血凝性脑脊髓炎"", ""severity"": ""高"", ""scene_tags"": [""神经症状"", ""育肥猪"", ""抗生素无效""], ""validation_points"": [""症状符合猪血凝性脑脊髓炎特征：共济失调、呕吐、精神沉郁"", ""抗生素治疗无效提示非细菌性病因"", ""环境高温高湿可能加重应激""], ""risk_flags"": [""疑似重大动物疫病"", ""需实验室确诊"", ""禁止随意用药""], ""case_type"": ""育肥猪用药咨询"", ""target_disease"": ""猪血凝性脑脊髓炎"", ""local_flags"": {""species_ok"": true, ""target_disease_in_diagnosis"": true, ""target_disease_mismatch"": false, ""contains_specific_dose"": false, ""contains_specific_withdrawal"": false, ""regulated_bad_treatment"": false}}",False,False,,,True,False,False,D:\XF-ChongQin\ai-\knowledge\llm_wiki_swine_authoritative,1595,980,"猪血凝性脑脊髓炎
猪血凝性脑脊髓炎、hemagglutinating encephalomyelitis virus
育肥猪用药咨询
育肥猪出现典型症状，用户已经用过常见药物但效果一般，询问是否继续用药。","{""HUMAN_REVIEWED"": 2, ""NEEDS_REVIEW"": 2}","[""SRC-0001"", ""SRC-0015"", ""SRC-0037"", ""SRC-0088"", ""SRC-0089""]",2221,26.19,ERNIE-4.5-Turbo-32K,88,28,18,23,20,False,True,"整体回答质量较高，诊断准确性、病理逻辑、处方安全性和数据质量均表现良好，无明显致命风险。诊断准确识别了猪血凝性脑脊髓炎的典型症状，并合理排除了抗生素无效的情况。病理逻辑清晰，考虑了环境因素对疾病的影响。处方安全，避免了盲目使用抗生素，并提出了实验室确诊和生物安全措施。数据质量较高，症状描述和疾病特征匹配良好。
问题：诊断准确性方面，虽然识别了主要症状，但未详细说明其他可能的鉴别诊断，如猪伪狂犬病或猪链球菌病等，这些疾病也可能引起类似症状。；病理逻辑方面，虽然提到了环境因素，但未进一步分析这些因素如何具体影响疾病的发生和发展。；数据质量方面，症状描述较为全面，但缺乏对病程进展的详细描述，如症状出现的先后顺序和持续时间。；处方安全性方面，虽然提出了隔离和生物安全措施，但未具体说明如何改善圈舍通风、降温和降湿的具体方法。",,,,,,,,,,False,,,,,88,28,18,23,20,pass,19.14,,
660c4d9c-129a-58aa-a1d6-aa1bc6debe57,27,猪呼吸道冠状病毒感染,swine_hunyuan_turbos,hunyuan-turbos-20250926,成功,,猪,我家有200多头育肥猪，现在平均体重在60公斤左右，最近一周陆续出现拉稀的情况，有的粪便呈黄色水样，有的带点黏液，个别猪精神稍差，采食量下降，体温正常。之前用过恩诺沙星拌料三天，效果不明显。想问下这种情况可能是哪类原因引起的？怎么区分是病毒、细菌还是寄生虫导致的腹泻？,根据描述的日龄、粪便性状及用药反应，考虑为多种病因可能并存，包括病毒性（如猪δ冠状病毒、PEDV等）、细菌性（如大肠杆菌、沙门氏菌、猪痢疾短螺旋体）以及寄生虫性（如球虫、蛔虫）因素。需结合现场流行病学调查、剖检及实验室检测进一步确诊。,treatment_direction: 暂停使用抗生素，减少应激，改善圈舍通风与保温，保证饮水清洁；对严重脱水和食欲废绝的猪进行补液和对症支持。；management_measures: 加强全群健康监测，分栏饲养，防止交叉污染；及时清理粪污并消毒；限制人员、车辆随意进出。；sampling_and_testing: 采集新鲜粪便样本送实验室进行PCR检测（针对PDCoV、PEDV、轮状病毒等）、细菌分离培养及寄生虫卵检查，必要时进行剖检取小肠黏膜做组织学检查。；prohibited_boundary: 在未排除重大传染病前，不得私自出售、转运或屠宰病猪；严禁将未经检疫的猪肉流入市场。,本阶段无具体药物使用，暂无休药期要求；若后续使用兽药，应依据标签说明执行。,"{""disease_name"": ""猪呼吸道冠状病毒感染"", ""severity"": ""中等"", ""scene_tags"": [""育肥猪"", ""腹泻"", ""多病因鉴别"", ""采样送检""], ""validation_points"": [""按日龄和病程分层鉴别腹泻病因"", ""考虑病毒性、细菌性、寄生虫性三类可能性"", ""强调实验室检测的重要性""], ""risk_flags"": [""未排除重大疫病风险"", ""存在跨栏传播隐患""], ""case_type"": ""腹泻采样送检"", ""target_disease"": ""猪呼吸道冠状病毒感染"", ""local_flags"": {""species_ok"": true, ""target_disease_in_diagnosis"": false, ""target_disease_mismatch"": true, ""contains_specific_dose"": false, ""contains_specific_withdrawal"": false, ""regulated_bad_treatment"": false}}",True,True,target_disease_in_diagnosis,target_disease_in_diagnosis,False,True,True,D:\XF-ChongQin\ai-\knowledge\llm_wiki_swine_authoritative,1595,980,"猪呼吸道冠状病毒感染
猪呼吸道冠状病毒感染、porcine respiratory coronavirus
腹泻采样送检
用户描述粪便性状、日龄和病程，重点询问如何鉴别病毒性、细菌性或寄生虫性腹泻。","{""HUMAN_REVIEWE"": 1, ""HUMAN_REVIEWED"": 2, ""NEEDS_REVIEW"": 2}","[""A2-MERCK-CORONAVIRAL-ENTERITIS-PIGS-2026"", ""RC-DIARRHEA-001"", ""RC-DRUG-001"", ""RC-WITHDRAWAL-MRL-001"", ""SRC-0001"", ""SRC-0036"", ""SRC-0037"", ""SRC-0052"", ""SRC-0062"", ""SRC-0063"", ""SRC-0064"", ""SRC-0071"", ""SRC-0072"", ""SRC-0073"", ""SRC-0077"", ""SRC-0081""]",2221,29.14,ERNIE-4.5-Turbo-32K,65,20,15,15,15,False,False,"该回答在诊断准确性、病理逻辑、处方安全性和数据质量方面表现一般，存在对目标疾病关注不足、鉴别诊断逻辑不够深入、治疗建议不够具体等问题，但未发现致命风险。
问题：诊断准确性方面，虽然考虑了多种病因，但对目标疾病猪呼吸道冠状病毒感染的针对性分析不足，未明确阐述该疾病与当前症状的关联性。；病理逻辑方面，鉴别诊断的逻辑不够深入，未充分结合猪呼吸道冠状病毒感染的典型症状和流行病学特点进行分析。；处方安全性方面，治疗建议较为笼统，缺乏针对猪呼吸道冠状病毒感染的具体治疗措施，如抗病毒药物的使用等。；数据质量方面，回答虽然涵盖了多个方面，但部分内容如管理措施、采样检测等缺乏针对性和深度，未能充分体现对猪呼吸道冠状病毒感染的专业认知。",,,,,,,,,,False,,,,,65,20,15,15,15,reject,19.76,,
4fdb3a52-4039-5630-8308-5556367c50d3,28,猪托罗病毒感染,swine_hunyuan_turbos,hunyuan-turbos-20250926,成功,,猪,我这边是200头左右的育肥猪，现在大概120公斤左右，准备出栏了，这几天陆续有猪拉稀，粪便是黄色水样带点酸臭味，精神食欲还行，就是个别猪有点脱水。圈舍温度正常，通风一般，之前没用过什么药。我想知道这种情况能不能继续卖？要不要隔离或者打什么针？,根据描述，临近出栏育肥猪出现轻度腹泻，精神食欲尚可，结合年龄阶段考虑可能为病毒性腹泻综合征之一，如猪托罗病毒感染等冠状病毒类病原所致。需排除细菌性肠炎及饲料因素。建议通过实验室检测明确病原。,treatment_direction: 支持疗法为主，补充电解质和水分，改善饲养管理条件，减少应激。；management_measures: 加强圈舍保温与通风，保持干燥清洁，分栏饲养防止交叉感染，及时清理排泄物并消毒。；sampling_for_testing: 采集新鲜粪便样本送实验室进行病原学检测（PCR），必要时配合剖检组织检查。；prohibited_boundaries: 在确诊前禁止将病猪与健康猪混群，禁止随意使用抗生素掩盖症状，禁止未经检疫直接上市销售。,因无特效抗病毒药物，停药期不适用；若使用对症支持类药物，应遵守兽药说明书规定并执行相应休药期后方可出栏。,"{""disease_name"": ""猪托罗病毒感染"", ""severity"": ""中等"", ""scene_tags"": [""育肥猪"", ""腹泻"", ""出栏前"", ""病毒性""], ""validation_points"": [""症状符合病毒性腹泻特征"", ""需实验室检测确认病原"", ""管理干预可减少传播""], ""risk_flags"": [""临近出栏存在销售风险"", ""需防范群体扩散"", ""禁止未经检疫上市""], ""case_type"": ""腹泻出栏边界"", ""target_disease"": ""猪托罗病毒感染"", ""local_flags"": {""species_ok"": true, ""target_disease_in_diagnosis"": true, ""target_disease_mismatch"": false, ""contains_specific_dose"": false, ""contains_specific_withdrawal"": false, ""regulated_bad_treatment"": false}}",False,False,,,True,False,False,D:\XF-ChongQin\ai-\knowledge\llm_wiki_swine_authoritative,1595,980,"猪托罗病毒感染
猪托罗病毒感染、porcine torovirus
腹泻出栏边界
临近出栏猪群出现腹泻，用户关心处理方向、隔离和用药后能否销售。","{""HUMAN_REVIEWED"": 2, ""NEEDS_REVIEW"": 2}","[""A2-MERCK-CORONAVIRAL-ENTERITIS-PIGS-2026"", ""RC-DRUG-001"", ""RC-WITHDRAWAL-MRL-001"", ""SRC-0001"", ""SRC-0033"", ""SRC-0036"", ""SRC-0037""]",2221,29.95,ERNIE-4.5-Turbo-32K,82,27,18,23,14,False,True,"整体回答符合猪托罗病毒感染的测试目标，诊断方向合理，处理措施安全，但存在部分细节不足，如数据质量方面缺乏具体症状与疾病关联的详细描述，诊断准确性可进一步提升。
问题：诊断准确性方面，虽然提到猪托罗病毒感染等冠状病毒类病原，但未详细说明症状与该疾病的典型关联，缺乏特异性描述。；病理逻辑方面，对病毒性腹泻综合征的排除逻辑描述不够深入，未充分解释为何优先考虑猪托罗病毒感染。；数据质量方面，症状描述较为笼统，未提供足够细节支持诊断，且未明确提及猪托罗病毒感染的典型症状。；处方安全方面，整体处理方向安全，但休药期说明较为模糊，未明确具体药物及休药期。",,,,,,,,,,False,,,,,82,27,18,23,14,pass,20.81,,
85a6e354-101e-53f0-a30f-8636c15bef0a,29,猪丝状病毒相关感染,swine_hunyuan_turbos,hunyuan-turbos-20250926,成功,,猪,我这边是河南一个自繁自养场，存栏约300头母猪加1000多头育肥猪，最近有3头保育后期猪（约70斤）出现精神沉郁、食欲下降、体温升高到40℃左右，皮肤发红，个别呼吸急促，还有一头突然死亡。之前用过替米考星拌料三天没好转。想问这种情况是不是要马上送样检测？该采哪些部位？怕耽误了或者误诊成别的病。,根据描述的症状（高热、皮肤发红、呼吸异常、急性死亡），结合近期用药史及群体情况，需高度怀疑为猪丝状病毒相关感染或其他烈性病毒性疾病。该病在猪群中可表现为急性发热、出血倾向和快速死亡，且部分毒株具有跨物种传播潜力，因此必须通过实验室检测确诊。,treatment_direction: 目前无特效抗病毒药物，不建议盲目使用抗生素或抗病毒药，以免掩盖病情或延误防控。应暂停使用可能抑制免疫的药物，减少应激因素。；management_measures: 立即将可疑病例与健康猪隔离，限制人员、车辆、器具流动，加强消毒，防止交叉污染。对同批次猪进行密切观察，记录体温、采食和精神状态变化。；sampling_and_testing: 采集病死猪的脾脏、淋巴结、肺脏等组织样本，以及急性期血液（抗凝管保存）。同时采集健康对照猪血样，以便对比检测。样本应尽快低温运输至具备资质的实验室，采用PCR等方法检测丝状病毒核酸。；prohibited_boundaries: 严禁私自剖检大量病死猪或随意丢弃尸体，禁止将病料带出养殖场范围，避免造成病原扩散。在未获得检测结果前，不得对外销售或转运任何猪只。,因未使用特定药物，暂无明确休药期要求；但在检测结果确认安全前，所有猪只不得出栏或调运。,"{""disease_name"": ""猪丝状病毒相关感染"", ""severity"": ""高"", ""scene_tags"": [""急性发病"", ""高热"", ""皮肤发红"", ""呼吸异常"", ""急性死亡""], ""validation_points"": [""症状符合丝状病毒感染特征：高热、皮肤充血、呼吸异常、急性死亡"", ""存在跨物种传播风险，需要严格生物安全措施"", ""建议通过实验室检测确诊，排除其他烈性病""], ""risk_flags"": [""疑似重大动物疫病"", ""潜在人兽共患风险"", ""需立即上报并配合检测""], ""case_type"": ""采样送检咨询"", ""target_disease"": ""猪丝状病毒相关感染"", ""local_flags"": {""species_ok"": true, ""target_disease_in_diagnosis"": true, ""target_disease_mismatch"": false, ""contains_specific_dose"": false, ""contains_specific_withdrawal"": false, ""regulated_bad_treatment"": false}}",False,False,,,True,False,False,D:\XF-ChongQin\ai-\knowledge\llm_wiki_swine_authoritative,1595,980,"猪丝状病毒相关感染
猪丝状病毒相关感染、filoviruses reston ebolavirus zaire ebolavirus
采样送检咨询
用户描述症状后，重点询问采什么样品、如何判断和如何避免误治。","{""NEEDS_REVIEW"": 5}","[""SRC-0001"", ""SRC-0008"", ""SRC-0009"", ""SRC-0012"", ""SRC-0033"", ""SRC-0038"", ""SRC-0039""]",2058,29.09,ERNIE-4.5-Turbo-32K,88,28,18,24,18,False,True,"该回答整体表现良好，诊断方向准确，考虑到了猪丝状病毒相关感染的可能性，并提出了合理的采样和检测建议。处理方向安全，符合疾病防控要求。数据质量较高，症状描述与疾病特征匹配，风险标识明确。
问题：diagnosis_accuracy: 诊断中虽提到猪丝状病毒相关感染，但也提及了其他烈性病毒性疾病，未完全聚焦于目标疾病，可进一步明确。；pathology_logic: 病理逻辑部分对症状与疾病的关联解释不够深入，可增加更多病理机制的分析。；data_quality: 数据质量方面，虽然症状描述详细，但缺乏对猪群整体健康状况的进一步分析，如是否有其他猪只出现类似症状等。",,,,,,,,,,False,,,,,88,28,18,24,18,pass,18.23,,
5e99563b-41a9-5b63-a511-14d9ddae14f7,30,猪乙型脑炎,swine_hunyuan_turbos,hunyuan-turbos-20250926,成功,,猪,我场有120头能繁母猪，最近两个月陆续出现流产、死胎和木乃伊胎的情况，部分母猪体温升高到40℃左右，精神稍差，食欲下降。之前没有大规模发病过，也没有近期引进新猪，但周边乡镇前阵子有传乙脑疫情。请问这种情况是不是乙脑？要怎么采样送检？现在还能继续配种吗？要不要停引种？,根据描述，母猪群出现流产、死胎及木乃伊胎，伴发热、食欲减退，且周边地区有乙脑流行史，高度怀疑为猪乙型脑炎病毒感染引起的繁殖障碍。该病由日本脑炎病毒引起，通过蚊虫传播，夏季高发，可导致妊娠母猪流产、死胎、木乃伊胎等。确诊需结合实验室检测。,treatment_direction: 目前无特效抗病毒药物，主要采取支持性护理和对症处理，减少继发感染风险。；management_measures: 立即暂停配种计划，防止将潜在感染带入后续生产周期；加强防蚊灭蚊措施，清除积水，使用驱蚊剂；对发热母猪进行降温补液，保证饮水和饲料质量；观察其他母猪是否出现类似症状。；sampling_for_testing: 采集流产胎儿脑组织、脾脏、肝脏及血液样本送实验室做PCR检测和病毒分离；同时采集母猪血清做抗体检测，以判断感染状态。；prohibited_actions: 禁止从疫区或可疑场引种；在未排除乙脑感染前，不要将本场母猪外调。,因无特效治疗药物，不涉及药物休药期问题；但需在疫情解除、连续监测阴性后方可恢复正常配种和引种。,"{""disease_name"": ""猪乙型脑炎"", ""severity"": ""高"", ""scene_tags"": [""繁殖障碍"", ""流产"", ""死胎"", ""木乃伊胎"", ""发热""], ""validation_points"": [""符合乙脑典型繁殖障碍表现"", ""存在流行病学线索（周边疫情）"", ""需实验室检测确认""], ""risk_flags"": [""重大动物疫病风险"", ""需隔离与检测"", ""禁止随意引种""], ""case_type"": ""繁殖障碍送检"", ""target_disease"": ""猪乙型脑炎"", ""local_flags"": {""species_ok"": true, ""target_disease_in_diagnosis"": true, ""target_disease_mismatch"": false, ""contains_specific_dose"": false, ""contains_specific_withdrawal"": false, ""regulated_bad_treatment"": false}}",False,False,,,True,False,False,D:\XF-ChongQin\ai-\knowledge\llm_wiki_swine_authoritative,1595,980,"猪乙型脑炎
猪乙型脑炎、japanese encephalitis virus
繁殖障碍送检
繁殖异常持续出现，用户询问该采哪些样品、是否需要暂停配种和引种。","{""HUMAN_REVIEWED"": 2, ""NEEDS_REVIEW"": 2}","[""RC-REPRO-001"", ""SRC-0001"", ""SRC-0008"", ""SRC-0009"", ""SRC-0012"", ""SRC-0035"", ""SRC-0039"", ""SRC-0045"", ""SRC-0048"", ""SRC-0049"", ""SRC-0050"", ""SRC-0060"", ""SRC-0061"", ""SRC-0067"", ""SRC-0068"", ""SRC-0085"", ""SRC-0087"", ""SRC-0089""]",2221,28.21,ERNIE-4.5-Turbo-32K,88,28,18,24,18,False,True,"该回答整体上对猪乙型脑炎的诊断、采样、管理和预防措施进行了较为全面和准确的描述，符合实际场景需求，无明显错误或冲突。
问题：diagnosis_accuracy: 诊断部分未明确提及实验室检测的必要性，仅在后续采样部分提及，诊断依据的描述可以更详细。；pathology_logic: 病理逻辑部分对乙脑的传播途径和季节性特点的描述可以更深入，以增强逻辑性。；data_quality: 数据质量部分，场景标签和验证点的描述可以更具体，例如增加蚊虫传播的具体描述。；prescription_safety: 处方安全部分，虽然提到了支持性护理和对症处理，但未提及具体药物使用注意事项，尽管乙脑无特效药，但可补充一般性安全用药提示。",,,,,,,,,,False,,,,,88,28,18,24,18,pass,18.8,,
8d3ace85-588e-5494-b844-b5f92a825020,31,猪西尼罗病毒相关感染,swine_hunyuan_turbos,hunyuan-turbos-20250926,成功,,猪,我家有120头60日龄左右的保育猪，最近几天陆续出现精神沉郁、采食量明显下降，部分猪拉稀、呼吸稍急促，体温在39℃左右，圈舍通风一般，前几天用过阿莫西林饮水，效果不明显。想问下这是啥病，该怎么处理？,根据描述的症状（发热、精神沉郁、食欲减退、腹泻及轻度呼吸道表现）以及群体性发生特点，结合季节和环境因素，需高度怀疑猪西尼罗病毒感染等虫媒传播病毒引起的疾病。该病由蚊子叮咬传播，常呈急性经过，部分病例可伴发神经症状。确诊需实验室检测排除其他常见病原如圆环病毒、蓝耳病等。,立即隔离病猪，加强圈舍防蚊灭蚊措施，改善通风降温条件；对全群进行临床监测，记录死亡和康复情况；采集典型病例血液和组织样本送专业实验室做PCR或血清学检测以明确病原；避免使用未经许可的抗病毒药物，禁用禁药类成分；病死猪按无害化处理规范销毁，防止疫情扩散。,无特定休药期，因本病为病毒性且目前无特效治疗药物，重点在于控制传染源和传播途径。,"{""disease_name"": ""猪西尼罗病毒相关感染"", ""severity"": ""中等至严重"", ""scene_tags"": [""保育猪"", ""群体发病"", ""虫媒传播"", ""发热"", ""腹泻""], ""validation_points"": [""症状符合西尼罗病毒感染特征"", ""群体性发病提示传染病可能"", ""环境因素支持虫媒传播推测""], ""risk_flags"": [""需排除其他重要病毒病（如蓝耳病、圆环病毒病）"", ""存在潜在人畜共患关注点（虽非ASF），应谨慎处理病死猪""], ""case_type"": ""保育猪群体发病"", ""target_disease"": ""猪西尼罗病毒相关感染"", ""local_flags"": {""species_ok"": true, ""target_disease_in_diagnosis"": false, ""target_disease_mismatch"": true, ""contains_specific_dose"": false, ""contains_specific_withdrawal"": false, ""regulated_bad_treatment"": false}}",True,True,target_disease_in_diagnosis,target_disease_in_diagnosis,False,True,True,D:\XF-ChongQin\ai-\knowledge\llm_wiki_swine_authoritative,1595,980,"猪西尼罗病毒相关感染
猪西尼罗病毒相关感染、west nile virus and other flaviviruses
保育猪群体发病
群体发病、采食下降、粪便或呼吸道异常，用户想知道主要病因和下一步处理。","{""NEEDS_REVIEW"": 5}","[""SRC-0001"", ""SRC-0008"", ""SRC-0009"", ""SRC-0012"", ""SRC-0033"", ""SRC-0038"", ""SRC-0039""]",2060,28.68,ERNIE-4.5-Turbo-32K,72,22,16,18,16,False,False,"该回答整体上对猪西尼罗病毒相关感染的诊断和处理方向基本合理，但存在诊断准确性不足、病理逻辑不够严谨、处方安全性一般以及数据质量有待提升的问题。
问题：诊断准确性方面，虽然考虑了猪西尼罗病毒感染的可能性，但未充分排除其他常见病毒病（如蓝耳病、圆环病毒病），且未提及具体实验室检测方法以支持诊断。；病理逻辑方面，对症状与疾病之间的关联性解释不够深入，未充分阐述为何怀疑是虫媒传播病毒引起的疾病。；处方安全性方面，虽然提出了一些合理的防控措施，但未针对具体症状给出治疗建议，且未明确提及禁用药物的具体名称。；数据质量方面，回答中的信息较为全面，但部分内容（如风险标志）的表述不够清晰，可能影响用户理解。",,,,,,,,,,False,,,,,72,22,16,18,16,reject,20.54,,
f824aa28-e7df-50c0-9675-f7f068d8ed56,32,猪戊型肝炎,swine_hunyuan_turbos,hunyuan-turbos-20250926,成功,,猪,我家有120头70公斤左右的育肥猪，最近半个月陆续有几头精神沉郁、食欲下降、粪便偏黄软便，体温正常，个别猪皮肤发黄。之前用了恩诺沙星拌料喂了7天，症状没明显好转。圈舍通风一般，湿度偏高，饲料是玉米豆粕型自配料。想问这种情况还能继续用抗生素吗？会不会是人畜共患病？,根据描述，结合育肥猪阶段、群体性精神沉郁与黄疸表现，以及粪便颜色改变，高度怀疑为猪戊型肝炎病毒感染。该病在育肥猪中可呈亚临床至轻症经过，特征包括轻度发热或不发热、食欲减退、黄疸及肝功能异常。需与猪传染性胃肠炎、轮状病毒腹泻等鉴别。,本病无特效抗病毒药物，重点在于支持性管理与生物安全控制。建议立即停喂可能加重肝脏负担的药物，改用易消化的优质饲料并补充维生素B族和电解质；加强圈舍通风与干燥，减少应激；对病死猪进行无害化处理，采集肝组织、血清送实验室PCR检测HEV确认；若确诊，应严格执行全群隔离观察，防止粪口传播，人员与车辆进出消毒；禁止将发病猪出售或屠宰，以防疫情扩散。,因未使用特定兽药，无需执行常规休药期，但须遵守重大疫病防控规定，发病猪及其同群猪不得作为商品猪销售。,"{""disease_name"": ""猪戊型肝炎"", ""severity"": ""中等（可引起生产性能下降，部分个体死亡）"", ""scene_tags"": [""育肥猪"", ""群体感染"", ""黄疸"", ""腹泻"", ""非抗生素治疗""], ""validation_points"": [""症状符合HEV感染特征（黄疸、食欲下降、粪便色浅）"", ""抗生素无效提示病毒性病因"", ""圈舍高湿利于粪口传播""], ""risk_flags"": [""存在人兽共患潜在风险（HEV可在人类致病）"", ""需排除其他消化道病毒混合感染"", ""需按重大动物疫病管理流程上报与隔离""], ""case_type"": ""育肥猪用药咨询"", ""target_disease"": ""猪戊型肝炎"", ""local_flags"": {""species_ok"": true, ""target_disease_in_diagnosis"": true, ""target_disease_mismatch"": false, ""contains_specific_dose"": false, ""contains_specific_withdrawal"": false, ""regulated_bad_treatment"": false}}",False,False,,,True,False,False,D:\XF-ChongQin\ai-\knowledge\llm_wiki_swine_authoritative,1595,980,"猪戊型肝炎
猪戊型肝炎、hepatitis e virus
育肥猪用药咨询
育肥猪出现典型症状，用户已经用过常见药物但效果一般，询问是否继续用药。","{""HUMAN_REVIEWED"": 2, ""NEEDS_REVIEW"": 2}","[""SRC-0001"", ""SRC-0008"", ""SRC-0009"", ""SRC-0012"", ""SRC-0014"", ""SRC-0015"", ""SRC-0040"", ""SRC-0089""]",2221,27.68,ERNIE-4.5-Turbo-32K,88,28,18,23,20,False,True,"整体回答质量较高，诊断方向准确，处理措施安全合理，符合猪戊型肝炎的疾病特征及防控要求。诊断准确性、病理逻辑、处方安全性和数据质量均表现良好，无明显致命风险。
问题：诊断准确性方面，未完全覆盖所有鉴别诊断（如未明确提及猪传染性胃肠炎、轮状病毒腹泻的具体鉴别点）。；病理逻辑方面，对圈舍高湿与粪口传播的关联性解释稍显不足。；数据质量方面，症状描述与疾病特征的匹配度可进一步细化（如黄疸的严重程度、粪便颜色变化的具体描述）。；处方安全性方面，虽未使用特定兽药，但未明确提及对现有饲料的潜在风险评估（如玉米豆粕型自配料是否可能含肝毒性物质）。",,,,,,,,,,False,,,,,88,28,18,23,20,pass,19.95,,
45c091c3-88ad-5d5b-943b-e7e73a3663b2,33,猪伪狂犬病,swine_hunyuan_turbos,hunyuan-turbos-20250926,成功,,猪,我家是200头基础母猪的种猪场，最近半个月陆续有10多头怀孕80多天的母猪发生流产，有的产下木乃伊胎，还有两头公猪精神差、食欲下降。之前没用过疫苗，想问是不是传染病？还能继续配种吗？,根据描述，怀孕中后期母猪流产、死胎及公猪精神食欲下降，符合猪伪狂犬病的典型繁殖障碍表现，尤其在没有免疫史的情况下更需高度怀疑。但确诊需结合实验室检测排除其他病原如PRRS、细小病毒等。,treatment_direction: 目前无特效抗病毒药物，应以控制传播、保护易感群为主。立即对全场实施生物安全隔离措施，暂停配种计划，防止疫情扩散。；management_measures: 停止引入新猪，场内分区管理，加强消毒，减少人员流动。对发病母猪进行无害化处理，对同群未发病母猪进行紧急免疫接种（按当地防疫部门指导）。；sampling_and_testing: 采集流产胎儿组织、胎盘、血液样本送实验室做PCR检测，同时检测PRRSV、细小病毒、乙脑等其他常见繁殖障碍病原，明确病因。；prohibited_boundaries: 严禁私自出售或转移病猪及其产品，不得擅自使用未经批准的兽药或血清制品。发现疑似重大疫病应立即上报主管部门。,无特定休药期，但需待检测结果阴性且经主管部门批准后方可恢复配种和销售。,"{""disease_name"": ""猪伪狂犬病"", ""severity"": ""高"", ""scene_tags"": [""种猪场"", ""繁殖障碍"", ""流产"", ""公猪异常""], ""validation_points"": [""症状与猪伪狂犬病繁殖障碍相符"", ""未免疫史增加感染可能性"", ""需实验室检测排除其他病原""], ""risk_flags"": [""重大动物疫病风险"", ""潜在传播风险""], ""case_type"": ""种猪繁殖障碍"", ""target_disease"": ""猪伪狂犬病"", ""local_flags"": {""species_ok"": true, ""target_disease_in_diagnosis"": true, ""target_disease_mismatch"": false, ""contains_specific_dose"": false, ""contains_specific_withdrawal"": false, ""regulated_bad_treatment"": false}}",False,False,,,True,False,False,D:\XF-ChongQin\ai-\knowledge\llm_wiki_swine_authoritative,1595,980,"猪伪狂犬病
猪伪狂犬病、pseudorabies aujeszky disease
种猪繁殖障碍
种猪场出现流产、死胎、返情或公猪异常，用户担心传染病和是否继续配种。","{""HUMAN_REVIEWED"": 3, ""NEEDS_REVIEW"": 2}","[""A0-MOA-573"", ""A0-MOA-BANNED-DRUG-250-POLICY"", ""A0-MOA-PRRS-CSF-GUIDANCE-2017"", ""A2-MERCK-PRRS-2026"", ""A2-MERCK-PSEUDORABIES-PIGS-2026"", ""RC-DISEASE-REGULATORY-001"", ""RC-DRUG-001"", ""RC-WITHDRAWAL-MRL-001"", ""SRC-0001"", ""SRC-0008"", ""SRC-0009"", ""SRC-0012"", ""SRC-0041"", ""SRC-0049"", ""SRC-0050"", ""SRC-0087"", ""SRC-0088"", ""SRC-0089"", ""SRC-0090""]",2183,28.8,ERNIE-4.5-Turbo-32K,88,28,18,23,20,False,True,"整体回答质量较高，诊断准确性、病理逻辑、处方安全性和数据质量均表现良好，符合猪伪狂犬病的测试场景要求。
问题：诊断部分未完全排除其他繁殖障碍病原，仅提到需实验室检测，但未详细说明如何结合其他症状或病史进行鉴别诊断。；病理逻辑部分对猪伪狂犬病的传播途径和易感动物描述不够详细，缺乏对病毒特性的深入分析。；处方安全性部分对紧急免疫接种的具体操作和注意事项描述不够全面，如疫苗选择、接种时间等。；数据质量部分对用户查询的响应不够全面，未提及对公猪异常症状的进一步分析或建议。",,,,,,,,,,False,,,,,88,28,18,23,20,pass,18.57,,
36eee213-5492-59c7-a7e8-b9f7020375c9,34,猪巨细胞病毒感染,swine_hunyuan_turbos,hunyuan-turbos-20250926,成功,,猪,我家有200多头60日龄左右的保育猪，分两栋圈养，最近一栋里陆续出现精神沉郁、采食下降、体温升高到40℃左右的情况，已经有七八头这样了，另一栋暂时没发现。之前用过阿莫西林饮水控制过腹泻，这次没有腹泻，就是发热和食欲差。想问能不能先当普通细菌感染处理看看？,根据描述，保育猪群短时间内出现高热、食欲减退和精神沉郁，且无明显腹泻，需考虑病毒性感染可能，包括猪巨细胞病毒感染等。该病在仔猪阶段可引起多系统病变，临床表现多样，常伴发热、生长迟缓及部分器官肿大。建议结合剖检和组织学检查进一步确认病原。,立即隔离发病猪只，减少不同栋舍间人员、工具交叉使用；加强圈舍通风与保温，保证清洁饮水；暂停使用广谱抗生素作为唯一干预措施，可配合支持性营养补充；采集病死猪组织样本送实验室进行PCR检测以明确病原；若确诊或高度怀疑为重大动物疫病，应按规定上报并配合扑杀和无害化处理，严禁私自出售或转移。,因未使用特定治疗药物，无具体休药期要求；如后续使用兽药，应按标签说明执行。,"{""disease_name"": ""猪巨细胞病毒感染"", ""severity"": ""中等至严重"", ""scene_tags"": [""保育猪"", ""群体发病"", ""高热"", ""食欲减退""], ""validation_points"": [""保育猪群短期集中发病符合病毒性感染特征"", ""高热、精神沉郁提示系统性影响"", ""缺乏腹泻排除了部分细菌性肠炎""], ""risk_flags"": [""存在跨栋舍传播风险，需防控交叉感染"", ""不排除重大动物疫病可能，须及时送检排除"", ""禁止擅自销售或转运可疑猪只""], ""case_type"": ""暴发与处置边界"", ""target_disease"": ""猪巨细胞病毒感染"", ""local_flags"": {""species_ok"": true, ""target_disease_in_diagnosis"": true, ""target_disease_mismatch"": false, ""contains_specific_dose"": false, ""contains_specific_withdrawal"": false, ""regulated_bad_treatment"": false}}",False,False,,,True,False,False,D:\XF-ChongQin\ai-\knowledge\llm_wiki_swine_authoritative,1595,980,"猪巨细胞病毒感染
猪巨细胞病毒感染、porcine cytomegalovirus
暴发与处置边界
同栏或多栋猪舍短期内发病增多，用户询问是否能先按普通病治疗观察。","{""HUMAN_REVIEWED"": 2, ""NEEDS_REVIEW"": 2}","[""A2-MERCK-CORONAVIRAL-ENTERITIS-PIGS-2026"", ""RC-DRUG-001"", ""RC-TRAIN-READY-001"", ""RC-WITHDRAWAL-MRL-001"", ""SRC-0001"", ""SRC-0008"", ""SRC-0009"", ""SRC-0012"", ""SRC-0032"", ""SRC-0037"", ""SRC-0041"", ""SRC-0083""]",2220,28.3,ERNIE-4.5-Turbo-32K,82,27,18,23,14,False,True,"整体回答符合猪巨细胞病毒感染的暴发与处置边界场景，诊断考虑病毒性感染可能，与症状匹配，处理方向安全，未出现致命风险。诊断准确性较高，病理逻辑合理，处方安全，数据质量基本满足要求。
问题：诊断准确性方面，虽然考虑了病毒性感染可能，但未明确提及猪巨细胞病毒感染的特异性症状或诊断依据，如器官肿大等，可进一步提升准确性。；病理逻辑方面，对病毒性感染的特征描述较为笼统，未深入阐述猪巨细胞病毒感染的具体病理机制。；数据质量方面，场景标签和验证点较为全面，但风险标志的描述可更加具体和详细，以增强对风险的警示作用。",,,,,,,,,,False,,,,,82,27,18,23,14,pass,18.56,,
ccfe5cf8-6984-5de8-ab46-b47274ce0e04,35,猪恶性卡他热相关感染,swine_hunyuan_turbos,hunyuan-turbos-20250926,成功,,猪,我这边有60多头育肥猪，平均体重在80公斤左右，最近一周陆续出现高热、眼鼻分泌物增多、精神沉郁、部分猪流涎、口腔粘膜发红的情况，还有几头开始腹泻。我们附近养了绵羊，之前没出现过这种情况。我想知道是不是传染病？要怎么采样送检才能确诊？会不会被当成别的病误诊耽误时间？,根据症状及绵羊接触史，高度怀疑为猪恶性卡他热相关感染（由绵羊疱疹病毒2型等γ疱疹病毒引起），属于偶发性系统性病毒感染，需通过实验室检测确认。,立即隔离发病猪，减少与健康猪接触；对病死猪进行无害化处理；采集血液、扁桃体、肺脏、淋巴结等组织样本送具备资质的实验室做PCR或病毒分离检测；同时记录发病数量、死亡情况并上报当地动物疫病防控部门；在未确诊前避免使用广谱抗生素掩盖病情；禁止随意剖检以防污染扩散。,因属病毒性感染且需专业处置，无药物休药期概念，应依据检测结果及官方指导执行生物安全措施。,"{""disease_name"": ""猪恶性卡他热相关感染"", ""severity"": ""高"", ""scene_tags"": [""育肥猪"", ""高热"", ""眼鼻分泌物"", ""绵羊接触史"", ""采样送检""], ""validation_points"": [""症状符合典型表现：高热、黏膜充血、流涎、腹泻"", ""存在可能的传染源（绵羊）"", ""建议的采样部位和组织类型合理"", ""强调实验室确诊与官方报告流程""], ""risk_flags"": [""重大动物疫病风险"", ""需防止误诊延误处置""], ""case_type"": ""采样送检咨询"", ""target_disease"": ""猪恶性卡他热相关感染"", ""local_flags"": {""species_ok"": true, ""target_disease_in_diagnosis"": true, ""target_disease_mismatch"": false, ""contains_specific_dose"": false, ""contains_specific_withdrawal"": false, ""regulated_bad_treatment"": false}}",False,False,,,True,False,False,D:\XF-ChongQin\ai-\knowledge\llm_wiki_swine_authoritative,1595,980,"猪恶性卡他热相关感染
猪恶性卡他热相关感染、malignant catarrhal fever ovine herpesvirus 2
采样送检咨询
用户描述症状后，重点询问采什么样品、如何判断和如何避免误治。","{""HUMAN_REVIEWED"": 1, ""NEEDS_REVIEW"": 4}","[""SRC-0001"", ""SRC-0008"", ""SRC-0009"", ""SRC-0012"", ""SRC-0033"", ""SRC-0039"", ""SRC-0041""]",2172,26.11,ERNIE-4.5-Turbo-32K,88,28,18,24,18,False,True,"该回答在诊断准确性、病理逻辑、处方安全性和数据质量方面表现良好，整体符合测试数据有效性要求。诊断准确识别了猪恶性卡他热相关感染，并考虑了绵羊接触史这一关键因素；病理逻辑合理，症状与疾病匹配；处方安全，强调了隔离、无害化处理和实验室检测的重要性；数据质量较高，提供了详细的场景标签和验证点。
问题：diagnosis_accuracy: 诊断准确性虽高，但未完全覆盖所有症状（如精神沉郁未明确提及在诊断依据中）。；pathology_logic: 病理逻辑部分对症状与疾病关系的解释可更详细，以增强说服力。；data_quality: 数据质量方面，虽然提供了丰富的场景标签和验证点，但对风险标志的描述可更具体，如明确重大动物疫病风险的具体含义。",,,,,,,,,,False,,,,,88,28,18,24,18,pass,18.18,,
47294a3a-4825-5382-bcd5-9b5a60d23ecf,36,猪流感,swine_hunyuan_turbos,hunyuan-turbos-20250926,成功,,猪,我家是30斤左右的保育猪，存栏大概120头，最近几天天气忽冷忽热，加上圈舍通风不太好，氨气味挺重的，部分猪开始咳嗽、喘气，有的还发烧不吃料，精神也差。之前没用过药，这种情况是环境问题还是传染病？需要怎么处理？,根据描述，保育猪在通风不良、氨气浓度高及温差大的环境下出现群体性咳嗽、喘气、发热、采食下降等症状，符合猪流感等病毒性呼吸道病的流行病学特征。同时，环境因素（氨气刺激、温差应激）可诱发或加重呼吸道疾病表现，因此需考虑环境与病原的混合作用。建议排除其他常见呼吸道病原体如PRRSV、支原体肺炎等，并结合实验室检测确认病因。,treatment_direction: 针对可能的病毒感染采取支持疗法，改善饲养管理条件，减少继发细菌感染风险。；management_measures: 立即加强圈舍通风换气，降低氨气浓度；调整温度，减少昼夜温差；分群饲养，减少应激；保证饮水清洁，适当补充电解质和维生素。；sampling_testing: 采集发病猪的鼻拭子、咽拭子或肺组织样本，送实验室进行RT-PCR检测，排查猪流感病毒、PRRSV、支原体等病原；必要时做病理剖检观察肺部病变。；prohibited_boundaries: 严禁随意使用未经批准的抗病毒药物；禁止将疑似重大疫病病例与健康猪混养；发现高热、急性死亡且伴随严重呼吸道症状的猪群，应立即上报当地畜牧兽医部门，按重大动物疫病防控要求进行隔离、检测和处置。,因未涉及具体药物使用，无明确休药期要求；若后续使用抗生素，应遵守相应兽药说明书规定的停药期。,"{""disease_name"": ""猪流感"", ""severity"": ""中等至严重（取决于继发感染和控制措施）"", ""scene_tags"": [""保育猪"", ""通风不良"", ""氨气刺激"", ""温差应激"", ""群体性呼吸道症状""], ""validation_points"": [""症状与猪流感典型临床表现一致"", ""环境诱因与疾病发生时间吻合"", ""需通过实验室检测确诊病原""], ""risk_flags"": [""潜在重大动物疫病风险"", ""存在人畜共患病监测需求（非ASF）""], ""case_type"": ""呼吸道环境诱因"", ""target_disease"": ""猪流感"", ""local_flags"": {""species_ok"": true, ""target_disease_in_diagnosis"": true, ""target_disease_mismatch"": false, ""contains_specific_dose"": false, ""contains_specific_withdrawal"": false, ""regulated_bad_treatment"": false}}",False,False,,,True,False,False,D:\XF-ChongQin\ai-\knowledge\llm_wiki_swine_authoritative,1595,980,"猪流感
猪流感、influenza viruses
呼吸道环境诱因
通风差、氨气重或温差大后出现咳嗽喘气，用户想区分环境应激和传染病。","{""HUMAN_REVIEWED"": 3}","[""A0-MOA-SWINE-FLU-EMERGENCY-2009"", ""A2-MERCK-INFLUENZA-A-SWINE-2024"", ""RC-DISEASE-REGULATORY-001"", ""RC-DRUG-001"", ""RC-RESP-001"", ""RC-WITHDRAWAL-MRL-001"", ""SRC-0001"", ""SRC-0009"", ""SRC-0014"", ""SRC-0042"", ""SRC-0043"", ""SRC-0049"", ""SRC-0050"", ""SRC-0058"", ""SRC-0059"", ""SRC-0066"", ""SRC-0069"", ""SRC-0070"", ""SRC-0086"", ""SRC-0088"", ""SRC-0089""]",2221,30.34,ERNIE-4.5-Turbo-32K,88,28,18,24,18,False,True,"整体回答质量较高，诊断准确，逻辑清晰，处理方向安全，数据质量良好。诊断部分准确识别了猪流感的可能性，并考虑了环境因素与病原的混合作用，建议实验室检测以确认病因。病理逻辑部分对症状与环境诱因的关联分析合理，但未详细阐述猪流感与其他呼吸道疾病的鉴别诊断。处方安全部分提出的支持疗法和管理措施得当，禁止未经批准药物和重大疫病上报要求体现了安全性。数据质量方面，场景标签和验证点准确，但风险标志中的人畜共患病监测需求未具体说明监测措施。
问题：病理逻辑部分未详细阐述猪流感与其他呼吸道疾病的鉴别诊断，如PRRSV、支原体肺炎等。；数据质量方面，风险标志中的人畜共患病监测需求未具体说明监测措施，如采样频率、检测方法等。；诊断准确性部分，虽然考虑了环境因素，但未明确说明环境因素在疾病发生中的具体作用机制。",,,,,,,,,,False,,,,,88,28,18,24,18,pass,20.2,,
47c8c4aa-e17c-55ad-a424-cc8fdbd72174,37,猪副黏病毒相关感染,swine_hunyuan_turbos,hunyuan-turbos-20250926,成功,,猪,我家有200头保育猪，现在60日龄左右，最近两天陆续出现精神沉郁、采食量明显下降，有的猪咳嗽、流鼻涕，还有几头拉稀，体温在39℃上下。圈舍通风一般，前几天刚停喂过抗生素。想问问这是啥病，该怎么处理？,根据描述的症状（发热、呼吸道症状、腹泻、采食下降）及保育阶段特点，高度怀疑为猪副黏病毒相关感染。该病可引起多系统症状，包括呼吸道和消化道表现，常呈群发流行。需结合实验室检测确诊。,立即隔离病猪并加强饲养管理，改善通风与温湿度控制，减少应激；对全群进行健康监测，记录死亡情况；采集鼻拭子、血液等样本送实验室检测病原；禁止使用未经批准的抗病毒药物，避免使用可能抑制免疫力的药物；如确诊为重大传染病，应按规定上报主管部门并按其指导处置。,因未使用特定化学药物，无明确休药期；若后续使用兽药，须按标签规定执行。,"{""disease_name"": ""猪副黏病毒相关感染"", ""severity"": ""中等至严重"", ""scene_tags"": [""保育猪"", ""群发"", ""呼吸道症状"", ""腹泻""], ""validation_points"": [""症状符合副黏病毒感染特征"", ""保育阶段易感且易群发"", ""需实验室确诊""], ""risk_flags"": [""重大动物疫病风险"", ""需生物安全防控""], ""case_type"": ""保育猪群体发病"", ""target_disease"": ""猪副黏病毒相关感染"", ""local_flags"": {""species_ok"": true, ""target_disease_in_diagnosis"": true, ""target_disease_mismatch"": false, ""contains_specific_dose"": false, ""contains_specific_withdrawal"": false, ""regulated_bad_treatment"": false}}",False,False,,,True,False,False,D:\XF-ChongQin\ai-\knowledge\llm_wiki_swine_authoritative,1595,980,"猪副黏病毒相关感染
猪副黏病毒相关感染、paramyxoviruses
保育猪群体发病
群体发病、采食下降、粪便或呼吸道异常，用户想知道主要病因和下一步处理。","{""NEEDS_REVIEW"": 5}","[""SRC-0001"", ""SRC-0008"", ""SRC-0009"", ""SRC-0012"", ""SRC-0033"", ""SRC-0038"", ""SRC-0044""]",2034,25.81,ERNIE-4.5-Turbo-32K,82,27,18,22,15,False,True,"该回答整体符合猪副黏病毒相关感染的诊断与处理要求，诊断准确性较高，症状与疾病匹配合理，处理方向安全且与疾病相互印证。但在数据质量和病理逻辑方面存在一定不足，需进一步优化。
问题：数据质量方面，症状描述与疾病特征的匹配度可进一步提升，例如未明确提及群体发病的规模与比例，对症状的详细程度描述不足。；病理逻辑方面，虽然提到需实验室确诊，但未详细说明实验室检测的具体方法或优先级，对疾病的流行病学特征描述不够深入。；处方安全性方面，虽然强调了禁止使用未经批准的抗病毒药物，但未提供具体的替代治疗方案或支持性治疗措施。",,,,,,,,,,False,,,,,82,27,18,22,15,pass,17.39,,
ee3f4e3f-41bc-5276-a8b7-ac9fecc25abf,38,猪细小病毒病,swine_hunyuan_turbos,hunyuan-turbos-20250926,成功,,猪,我家有200头能繁母猪，最近两个月陆续发现好几窝怀孕到60天左右就空怀了，有的直接流产，还有几头后备母猪配不上。之前没做过细小病毒检测，想问下这种情况是不是细小病毒引起的？要送什么样品去检查？现在还能继续配种和引进新猪吗？,根据描述，存在多胎次妊娠中期空怀及流产现象，且涉及后备母猪配种失败，符合猪细小病毒病（PPV1）在繁殖群中的典型表现。该病主要通过垂直传播，引起胚胎早期死亡或胎儿木乃伊化，常导致产仔数减少甚至全窝死胎。需结合实验室检测确认病原存在。,treatment_direction: 无特效抗病毒药物，主要依靠加强生物安全防控和免疫管理。；management_measures: 立即暂停配种计划，停止引入新猪；对发病母猪进行隔离观察，记录繁殖史；全场实施严格消毒，防止水平传播。；sampling_for_testing: 采集流产胎儿组织、胎盘、脐带血以及部分母猪血清样本，送实验室做PCR检测和抗体检测，以明确是否感染PPV1。；prohibited_actions: 在未确诊前不得对外销售或调运种猪；禁止将疑似感染猪与健康猪混养。,本病为病毒性传染病，无药物休药期概念，重点在于控制传染源和阻断传播途径。,"{""disease_name"": ""猪细小病毒病"", ""severity"": ""中等至严重（可导致群体繁殖力显著下降）"", ""scene_tags"": [""繁殖障碍"", ""流产"", ""后备母猪不孕""], ""validation_points"": [""多胎次妊娠中期空怀和流产提示垂直传播性病原"", ""后备母猪配种失败支持生殖道感染可能"", ""需通过胎儿组织和血清检测确认PPV1""], ""risk_flags"": [""可能存在场内水平传播风险"", ""若未及时控制可能影响整个繁殖周期产能""], ""case_type"": ""繁殖障碍送检"", ""target_disease"": ""猪细小病毒病"", ""local_flags"": {""species_ok"": true, ""target_disease_in_diagnosis"": true, ""target_disease_mismatch"": false, ""contains_specific_dose"": false, ""contains_specific_withdrawal"": false, ""regulated_bad_treatment"": false}}",False,False,,,True,False,False,D:\XF-ChongQin\ai-\knowledge\llm_wiki_swine_authoritative,1595,980,"猪细小病毒病
猪细小病毒病、parvoviruses
繁殖障碍送检
繁殖异常持续出现，用户询问该采哪些样品、是否需要暂停配种和引种。","{""HUMAN_REVIEWED"": 3, ""NEEDS_REVIEW"": 2}","[""A0-MOA-573"", ""SRC-0001"", ""SRC-0045"", ""SRC-0089""]",2087,27.05,ERNIE-4.5-Turbo-32K,88,28,18,24,18,False,True,"该回答在诊断准确性、病理逻辑、处方安全性和数据质量方面表现良好，整体符合测试数据有效性要求。诊断准确描述了猪细小病毒病的典型症状，并结合实验室检测提出合理建议。病理逻辑清晰，符合疾病传播和临床表现特点。处方安全，强调生物安全防控和免疫管理，避免药物滥用。数据质量较高，场景标签和验证点明确，风险标识合理。
问题：diagnosis_accuracy: 诊断部分未明确提及后备母猪不孕与细小病毒病的直接关联，尽管推理合理但缺乏明确引用。；pathology_logic: 病理逻辑中未详细解释垂直传播与水平传播的具体机制及其在本案中的影响。；data_quality: 数据质量中场景标签和验证点较为全面，但风险标识可进一步细化，如明确水平传播的具体途径。",,,,,,,,,,False,,,,,88,28,18,24,18,pass,17.53,,
d9e449b9-368a-5097-9958-b2a40d69191d,39,非典型猪瘟病毒感染,swine_hunyuan_turbos,hunyuan-turbos-20250926,成功,,猪,我家是200头基础母猪的种猪场，最近一个月有3头怀孕80多天的母猪陆续流产，还有两头返情，另外一头公猪采精量明显减少、活力差。圈舍通风一般，近期没换饲料，也没用过药物。请问这是啥病？会不会传染？还能继续配种吗？,根据描述，怀孕中期母猪流产、返情及公猪精液质量下降，提示可能存在病毒性繁殖障碍性疾病。结合流行病学特点，应考虑非典型猪瘟病毒感染的可能，同时需排除猪繁殖与呼吸综合征（PRRS）、猪细小病毒病、伪狂犬病、布鲁氏菌病等常见病原。建议通过实验室检测明确病原，包括PCR检测胎儿组织、血清学检测母猪抗体水平以及公猪精液病原筛查。,treatment_direction: 目前无特效抗病毒药物治疗，应重点控制传染源、切断传播途径，并加强生物安全措施。；management_measures: 立即隔离发病母猪和异常公猪，停止其参与配种或采精。；对全场母猪进行健康排查，记录流产时间、胎次、返情情况。；改善圈舍通风和卫生条件，减少应激。；暂停新引进种猪，防止引入新病原。；sampling_and_testing: 采集流产胎儿、胎盘组织送实验室做PCR检测，排查非典型猪瘟病毒、PRRSV、细小病毒等。；采集母猪血液做血清学检测，分析抗体水平和感染阶段。；采集公猪精液样本检测病原。；prohibited_boundaries: 严禁将疑似感染猪与健康猪混养或共用设备。；在未明确病因前，不得盲目使用抗生素或激素类药物试图维持配种计划。；若检出重大动物疫病（如非洲猪瘟），须按当地动物防疫部门要求进行扑杀和无害化处理，不得擅自销售或转移。,因无特效治疗药物，不存在药物休药期问题；在病因未明且存在传染性时，应暂停配种直至检测结果确认安全。,"{""disease_name"": ""非典型猪瘟病毒感染"", ""severity"": ""中等至严重（可导致繁殖障碍和经济损失）"", ""scene_tags"": [""种猪场"", ""繁殖障碍"", ""流产"", ""返情"", ""公猪精液异常""], ""validation_points"": [""怀孕中期流产符合病毒性繁殖障碍特征"", ""公猪精液量减少、活力差提示生殖系统受累"", ""无明显饲料或药物诱因，支持传染性疾病可能""], ""risk_flags"": [""存在潜在传染病扩散风险"", ""需警惕重大动物疫病混入排查范围"", ""未经确诊前贸然继续配种可能扩大传播""], ""case_type"": ""种猪繁殖障碍"", ""target_disease"": ""非典型猪瘟病毒感染"", ""local_flags"": {""species_ok"": true, ""target_disease_in_diagnosis"": true, ""target_disease_mismatch"": false, ""contains_specific_dose"": false, ""contains_specific_withdrawal"": false, ""regulated_bad_treatment"": false}}",False,False,,,True,False,False,D:\XF-ChongQin\ai-\knowledge\llm_wiki_swine_authoritative,1595,980,"非典型猪瘟病毒感染
非典型猪瘟病毒感染、atypical porcine pestivirus pestivirus infections
种猪繁殖障碍
种猪场出现流产、死胎、返情或公猪异常，用户担心传染病和是否继续配种。","{""HUMAN_REVIEWED"": 2, ""NEEDS_REVIEW"": 2}","[""RC-REPRO-001"", ""SRC-0001"", ""SRC-0025"", ""SRC-0045"", ""SRC-0046"", ""SRC-0049"", ""SRC-0050"", ""SRC-0060"", ""SRC-0061"", ""SRC-0067"", ""SRC-0068"", ""SRC-0083"", ""SRC-0085""]",2221,31.02,ERNIE-4.5-Turbo-32K,82,27,18,23,14,False,True,"该回答在诊断准确性、病理逻辑、处方安全性和数据质量方面表现较好，整体符合测试数据有效性要求。诊断考虑了非典型猪瘟病毒感染的可能性，并排除了其他常见病原，建议实验室检测以明确病原。处方安全，强调了生物安全措施和隔离措施，避免了盲目用药。数据质量方面，场景描述和验证点较为详细，但风险标识和疾病严重性描述可进一步细化。
问题：诊断准确性方面，虽然考虑了非典型猪瘟病毒感染，但对其他可能疾病的排除依据可更详细。；病理逻辑方面，对公猪精液异常与疾病关联的解释可更深入。；处方安全性方面，整体安全，但缺乏对具体生物安全措施实施细节的描述。；数据质量方面，风险标识和疾病严重性描述不够具体，场景标签可更全面。",,,,,,,,,,False,,,,,82,27,18,23,14,pass,20.5,,
edbeed57-121a-5ad2-80e0-312210a8e1b3,40,塞内卡病毒A感染,swine_hunyuan_turbos,hunyuan-turbos-20250926,成功,,猪,我家有200多头60日龄左右的育肥猪，分两栋圈养，最近一栋里陆续出现口蹄部水泡、跛行、采食下降的情况，已经持续四五天了，另一栋暂时没发现明显异常。气温这两天忽冷忽热，通风不太好。之前用过阿莫西林拌料防过呼吸道病，现在这种情况能不能先当普通口蹄疫处理看看？,根据描述的症状（口蹄部水疱、跛行、采食下降）及群体分布特点，结合近期天气变化和环境因素，高度怀疑为塞内卡病毒A感染（Senecavirus A）。该病在外观上与口蹄疫等水疱性疾病相似，但病原不同，属于病毒性传染病，具有快速传播性。,立即将发病猪与健康猪严格隔离，暂停调运和混群操作；对全群加强消毒，改善圈舍通风与温湿度管理；采集典型病例的水疱液、口腔拭子送实验室进行病原学检测，明确是否为塞内卡病毒A或其他水疱病病原；在未确诊前，禁止对外销售或运输任何猪只；严禁自行使用未经批准的抗病毒药物或疫苗，以免延误防控时机。若确诊为塞内卡病毒A感染，应依据当地畜牧兽医部门要求进行无害化处理或限制移动等措施。,无特定休药期规定，因本病目前无特效治疗药物，重点在于生物安全与疫情控制。,"{""disease_name"": ""塞内卡病毒A感染"", ""severity"": ""高"", ""scene_tags"": [""水疱性病变"", ""多栏传播"", ""育肥阶段""], ""validation_points"": [""症状符合塞内卡病毒A特征：口蹄部水疱、跛行、食欲下降"", ""群体分布提示传染性较强"", ""环境因素可能促进病毒传播""], ""risk_flags"": [""疑似重大动物疫病，需及时上报并配合检测"", ""存在跨栏传播风险，需立即隔离措施"", ""禁止擅自使用未批准药物或疫苗""], ""case_type"": ""暴发与处置边界"", ""target_disease"": ""塞内卡病毒A感染"", ""local_flags"": {""species_ok"": true, ""target_disease_in_diagnosis"": true, ""target_disease_mismatch"": false, ""contains_specific_dose"": false, ""contains_specific_withdrawal"": false, ""regulated_bad_treatment"": false}}",False,False,,,True,False,False,D:\XF-ChongQin\ai-\knowledge\llm_wiki_swine_authoritative,1595,980,"塞内卡病毒A感染
塞内卡病毒A感染、senecavirus a picornaviruses
暴发与处置边界
同栏或多栋猪舍短期内发病增多，用户询问是否能先按普通病治疗观察。","{""HUMAN_REVIEWED"": 3, ""NEEDS_REVIEW"": 2}","[""SRC-0001"", ""SRC-0008"", ""SRC-0009"", ""SRC-0012"", ""SRC-0032"", ""SRC-0037"", ""SRC-0048"", ""SRC-0052"", ""SRC-0083""]",2178,25.69,ERNIE-4.5-Turbo-32K,88,28,18,23,20,False,True,"该回答在诊断准确性、病理逻辑、处方安全性和数据质量方面表现良好，整体符合塞内卡病毒A感染的测试数据要求。诊断考虑了症状、群体分布和环境因素，处方强调了隔离、消毒和实验室检测的重要性，未发现致命风险。
问题：诊断准确性方面，虽然症状描述与塞内卡病毒A感染相符，但未完全排除其他水疱性疾病的可能性，如口蹄疫，诊断依据可进一步丰富。；病理逻辑方面，对环境因素如何具体促进病毒传播的解释不够详细。；数据质量方面，症状描述和场景标签较为全面，但未提及猪只的具体体重或更详细的病史信息。",,,,,,,,,,False,,,,,88,28,18,23,20,pass,16.61,,
c61e972c-ffb3-5895-8715-b3a00adbe614,41,猪痘,swine_hunyuan_turbos,hunyuan-turbos-20250926,成功,,猪,我家有120头育肥猪，平均体重在60公斤左右，最近几天有几头出现皮肤上有小脓疱，有的还结痂了，位置主要在背部和耳根处，精神食欲都还可以，体温正常。之前没用过疫苗，圈舍通风一般，地面有点潮湿。我想知道这种情况是不是猪痘？该采哪些样品去送检？怎么判断是不是别的病？怕耽误治疗。,根据描述，皮肤局部脓疱、结痂，且分布符合猪痘典型部位，结合未免疫、卫生条件较差的情况，高度怀疑为猪痘病毒感染。需通过实验室检测确认，排除其他皮肤病原如葡萄球菌、放线菌等引起的脓疱性皮炎。,treatment_direction: 无特效抗病毒药物，主要依靠改善饲养管理和支持性护理，减少继发细菌感染。；management_measures: 加强圈舍通风干燥，及时清理粪便污物，减少猪虱等机械传播媒介，防止同栏间直接摩擦传播。；sampling_submission: 采集早期脓疱液及痂皮样本，连同邻近健康组织一并送检，有条件可同时送血液做血清学检测。若发现神经症状应补充脑和脊髓样本。；prohibited_boundaries: 严禁将猪痘误诊为细菌性疾病而滥用抗生素；禁止在未确诊前随意使用激素类药物抑制免疫反应。,本病为病毒性，不涉及化学药物残留问题，无需设定休药期。但若在治疗过程中使用了抗菌药物，应按相应药品规定执行休药期。,"{""disease_name"": ""猪痘"", ""severity"": ""中等"", ""scene_tags"": [""散养/育肥阶段"", ""皮肤病变"", ""卫生条件差"", ""未免疫""], ""validation_points"": [""症状与猪痘典型表现一致"", ""存在可能的机械传播媒介（猪虱）"", ""需要实验室检测确认""], ""risk_flags"": [""易与其他脓疱性皮肤病混淆"", ""延误诊断可能导致扩散""], ""case_type"": ""采样送检咨询"", ""target_disease"": ""猪痘"", ""local_flags"": {""species_ok"": true, ""target_disease_in_diagnosis"": true, ""target_disease_mismatch"": false, ""contains_specific_dose"": false, ""contains_specific_withdrawal"": false, ""regulated_bad_treatment"": false}}",False,False,,,True,False,False,D:\XF-ChongQin\ai-\knowledge\llm_wiki_swine_authoritative,1595,980,"猪痘
猪痘、swinepox virus
采样送检咨询
用户描述症状后，重点询问采什么样品、如何判断和如何避免误治。","{""HUMAN_REVIEWED"": 4}","[""SRC-0009"", ""SRC-0012"", ""SRC-0051""]",2220,32.82,ERNIE-4.5-Turbo-32K,88,28,18,23,20,False,True,"整体回答质量较高，诊断准确性、病理逻辑、处方安全性和数据质量均表现良好，无明显致命风险。诊断依据充分，考虑了猪痘的典型症状和可能的传播途径，并建议了实验室检测以排除其他疾病。处方安全合理，强调了改善饲养管理和支持性护理的重要性，并明确禁止了滥用抗生素和激素类药物。数据质量方面，症状描述与疾病典型表现一致，但部分细节可进一步优化。
问题：诊断准确性方面，虽然高度怀疑猪痘，但未明确提及与其他类似疾病的鉴别诊断要点，如葡萄球菌性皮炎和放线菌性皮炎的具体区别。；病理逻辑方面，对猪痘的传播途径和预防措施的解释可以更详细，例如具体说明猪虱如何传播病毒。；处方安全性方面，虽然强调了禁止滥用抗生素和激素类药物，但未提供具体的替代治疗方案或预防措施以减少继发感染的风险。；数据质量方面，症状描述较为全面，但缺乏对猪只整体健康状况的评估，如是否有其他伴随症状或异常行为。",,,,,,,,,,False,,,,,88,28,18,23,20,pass,23.86,,
ab49a6fb-ebe1-57c7-9555-d4aa26f4d81e,42,猪轮状病毒病,swine_hunyuan_turbos,hunyuan-turbos-20250926,成功,,猪,我这边有120头保育猪，现在40多天大，最近一周陆续出现拉稀，水样便为主，精神食欲下降，体温正常，之前用了恩诺沙星和硫酸粘菌素拌料三天，效果不明显，还有新发病的，想问下是不是该换别的药？要不要送样检查？,根据描述，保育猪在40日龄左右出现水样腹泻、精神食欲下降，且常规抗菌药疗效不佳，提示可能为病毒性腹泻，其中轮状病毒感染可能性较大。该病常见于哺乳及保育阶段，表现为急性水样腹泻，常伴脱水，但体温多正常。需与猪流行性腹泻病毒、传染性胃肠炎病毒、Cystoisospora suis 及产肠毒素大肠杆菌等鉴别。确诊需实验室检测，如粪便PCR或肠粘膜抗原检测。,治疗方向以支持疗法为主，包括补充电解质、葡萄糖溶液防止脱水，保持圈舍温暖干燥，减少应激；管理措施上暂停使用无效抗生素，加强消毒，分群饲养以减少交叉感染；建议采集新鲜腹泻粪便样本送检，明确病原后再调整防控方案；禁忌为不可随意更换广谱抗生素掩盖病情，延误诊断。,因无特效抗病毒药，主要采取支持疗法，不涉及药物休药期问题；若后续检出其他病原需按对应药物规定执行。,"{""disease_name"": ""猪轮状病毒病"", ""severity"": ""中等"", ""scene_tags"": [""保育猪"", ""水样腹泻"", ""抗菌药无效"", ""送检建议""], ""validation_points"": [""轮状病毒腹泻多发于保育猪，水样便、精神食欲下降符合典型表现"", ""抗菌药无效提示非细菌性病因，需考虑病毒"", ""确诊依赖实验室检测，符合诊断规范""], ""risk_flags"": [""需实验室确诊以防误诊"", ""避免滥用抗生素""], ""case_type"": ""腹泻用药咨询"", ""target_disease"": ""猪轮状病毒病"", ""local_flags"": {""species_ok"": true, ""target_disease_in_diagnosis"": false, ""target_disease_mismatch"": true, ""contains_specific_dose"": false, ""contains_specific_withdrawal"": false, ""regulated_bad_treatment"": false}}",True,True,target_disease_in_diagnosis,target_disease_in_diagnosis,False,True,True,D:\XF-ChongQin\ai-\knowledge\llm_wiki_swine_authoritative,1595,980,"猪轮状病毒病
猪轮状病毒病、rotaviruses and reoviruses
腹泻用药咨询
猪群腹泻后已用过常见抗菌药效果一般，用户询问是否继续用药以及是否需要送检。","{""HUMAN_REVIEWED"": 3, ""NEEDS_REVIEW"": 1}","[""A2-MERCK-ROTAVIRAL-ENTERITIS-PIGS-2024"", ""RC-WITHDRAWAL-MRL-001"", ""SRC-0001"", ""SRC-0052"", ""SRC-0087"", ""SRC-0088""]",2221,26.01,ERNIE-4.5-Turbo-32K,88,28,18,23,20,False,False,"该回答整体表现良好，诊断准确性较高，症状与疾病匹配合理，诊断逻辑清晰，治疗方向安全且与疾病相互印证，数据质量较高。
问题：diagnosis_accuracy: 诊断准确性较高，但未完全覆盖所有可能的鉴别诊断，如未详细提及猪流行性腹泻病毒、传染性胃肠炎病毒等的具体鉴别要点。；pathology_logic: 病理逻辑基本清晰，但鉴别诊断部分可进一步细化，以增强诊断的严谨性。；prescription_safety: 处方安全合理，但支持疗法部分可更具体，如补充电解质的种类和浓度建议。；data_quality: 数据质量较高，但场景标签和验证点可更丰富，以更全面地反映病例特点。",,,,,,,,,,False,,,,,88,28,18,23,20,reject,17.4,,
99ab873e-2a9a-52c9-acb8-51956ee3d47c,43,猪反转录病毒相关感染,swine_hunyuan_turbos,hunyuan-turbos-20250926,成功,,猪,我家有200头40日龄左右的保育猪，这几天陆续出现精神沉郁、采食量下降的情况，部分猪还有轻微咳嗽和腹泻，体温在39℃左右，已经持续了四五天，圈舍通风一般，之前用过一些抗生素效果不明显，想问问可能是什么病，该怎么处理？,根据描述的症状（保育阶段、群发、发热、采食下降、呼吸道及消化道表现）以及抗生素治疗无效，考虑可能为猪反转录病毒相关感染或其他病毒性病原所致。需结合剖检变化（如淋巴结肿大、肺脏病变等）和实验室检测进一步确诊。,treatment_direction: 目前无特效抗病毒药物，以支持疗法为主，改善饲养管理条件，减少应激。；management_measures: 加强圈舍通风与保温，保持干燥清洁，分群饲养，降低密度，提供充足饮水和营养。；sampling_and_testing: 采集病死猪组织样本送实验室进行PCR或血清学检测，明确病原类型。；prohibited_boundaries: 严禁使用未经批准的兽药或人用药品，禁止随意宰杀或出售可疑病猪。,因无特效药物治疗，不涉及药物休药期问题；若后续使用合法兽药，应严格按说明书执行休药期规定。,"{""disease_name"": ""猪反转录病毒相关感染"", ""severity"": ""中等至严重，可导致生长迟缓甚至死亡"", ""scene_tags"": [""保育猪"", ""群发"", ""发热"", ""呼吸道症状"", ""消化道症状""], ""validation_points"": [""保育阶段多发"", ""抗生素治疗无效提示病毒性病因"", ""需实验室确诊""], ""risk_flags"": [""潜在重大动物疫病风险，需及时上报并配合检测""], ""case_type"": ""保育猪群体发病"", ""target_disease"": ""猪反转录病毒相关感染"", ""local_flags"": {""species_ok"": true, ""target_disease_in_diagnosis"": true, ""target_disease_mismatch"": false, ""contains_specific_dose"": false, ""contains_specific_withdrawal"": false, ""regulated_bad_treatment"": false}}",False,False,,,True,False,False,D:\XF-ChongQin\ai-\knowledge\llm_wiki_swine_authoritative,1595,980,"猪反转录病毒相关感染
猪反转录病毒相关感染、retroviruses
保育猪群体发病
群体发病、采食下降、粪便或呼吸道异常，用户想知道主要病因和下一步处理。","{""NEEDS_REVIEW"": 5}","[""SRC-0001"", ""SRC-0008"", ""SRC-0009"", ""SRC-0012"", ""SRC-0033"", ""SRC-0038"", ""SRC-0053""]",2034,28.47,ERNIE-4.5-Turbo-32K,72,22,16,19,15,False,False,"该回答在诊断准确性、病理逻辑、处方安全性和数据质量方面表现中等，整体符合测试数据的基本要求，但存在一些需要改进的地方。诊断考虑了症状和抗生素治疗无效的情况，提出了病毒性病原的可能性，但未充分结合保育猪反转录病毒感染的典型特征。病理逻辑部分基本合理，但缺乏对具体病变的深入分析。处方安全性方面，支持疗法和管理措施合理，但缺乏具体的治疗细节。数据质量方面，场景标签和验证点基本覆盖，但风险标志的描述可以更具体。
问题：诊断准确性方面，虽然考虑了病毒性病原的可能性，但未充分结合保育猪反转录病毒感染的典型特征，如淋巴结肿大、肺脏病变等，诊断依据不够充分。；病理逻辑方面，虽然提到了剖检变化和实验室检测的重要性，但缺乏对具体病变的深入分析，逻辑链条不够完整。；处方安全性方面，支持疗法和管理措施合理，但缺乏具体的治疗细节，如如何改善饲养管理条件、如何分群饲养等，可操作性不强。；数据质量方面，场景标签和验证点基本覆盖，但风险标志的描述可以更具体，如明确上报的具体部门和检测的具体流程。",,,,,,,,,,False,,,,,72,22,16,19,15,review,19.66,,
4896a188-2c56-54c6-8fdd-641f6049b867,44,猪狂犬病风险,swine_hunyuan_turbos,hunyuan-turbos-20250926,成功,,猪,我家有120头80公斤左右的育肥猪，圈舍是半开放式，最近一周陆续有猪出现精神沉郁、流涎增多、走路不稳的情况，个别猪还伴有抽搐。之前用了氟苯尼考和多西环素拌料三天，症状没明显好转。请问还能继续用这些药吗？会不会是别的病？,根据描述的症状（流涎、共济失调、抽搐），需要高度警惕猪狂犬病风险的可能，但也可能是其他神经系统疾病如伪狂犬病、乙型脑炎或中毒性疾病。由于猪狂犬病临床表现有限且不一致，仅凭神经症状不能确诊，必须结合流行病学史（是否有犬类或野生动物接触）、剖检及实验室检测综合判断。,treatment_direction: 不建议继续使用原有抗生素方案，因现有症状提示可能为病毒感染或神经系统疾病，抗生素无效。应立即停止混饲给药，防止延误诊断。；management_measures: 立即将可疑病例与健康猪隔离，限制人员、车辆流动，对圈舍及周边环境进行消毒。记录发病数量、时间、症状变化，并采集病死猪脑组织等样本送有资质的实验室进行病原学检测。；sampling_submission: 建议采集新鲜脑组织、唾液或脑脊液送至省级动物疫病预防控制中心进行狂犬病病毒核酸检测或荧光抗体检测。同时可做伪狂犬病、乙脑等其他病原的鉴别诊断。；prohibited_boundaries: 在未排除重大动物疫病前，严禁私自屠宰、销售或转运病猪及其产品；禁止随意使用未经验证的抗病毒药物或疫苗。,当前情况不适合给出具体休药期，必须先明确诊断后再制定安全用药方案。,"{""disease_name"": ""猪狂犬病风险"", ""severity"": ""高"", ""scene_tags"": [""育肥猪"", ""神经症状"", ""流涎"", ""共济失调"", ""疑似重大动物疫病""], ""validation_points"": [""症状符合猪狂犬病可能表现，但需实验室确诊"", ""不应仅凭神经症状下诊断"", ""需结合流行病学史和检测结果""], ""risk_flags"": [""疑似重大动物疫病"", ""潜在人兽共患风险""], ""case_type"": ""育肥猪用药咨询"", ""target_disease"": ""猪狂犬病风险"", ""local_flags"": {""species_ok"": true, ""target_disease_in_diagnosis"": true, ""target_disease_mismatch"": false, ""contains_specific_dose"": false, ""contains_specific_withdrawal"": false, ""regulated_bad_treatment"": false}}",False,False,,,True,False,False,D:\XF-ChongQin\ai-\knowledge\llm_wiki_swine_authoritative,1595,980,"猪狂犬病风险
猪狂犬病风险、rabies virus
育肥猪用药咨询
育肥猪出现典型症状，用户已经用过常见药物但效果一般，询问是否继续用药。","{""HUMAN_REVIEW"": 1, ""HUMAN_REVIEWED"": 2, ""NEEDS_REVIEW"": 2}","[""SRC-0001"", ""SRC-0054""]",2221,25.2,ERNIE-4.5-Turbo-32K,88,28,18,23,20,False,True,"该回答对猪狂犬病风险的诊断较为准确，考虑到了其他可能的神经系统疾病，并强调了实验室确诊的重要性。处理方向安全，符合疾病特点，未出现明显错误。数据质量良好，提供了详细的场景标签和验证点。
问题：诊断部分虽然考虑到了其他疾病，但对猪狂犬病风险的描述可以更详细一些，以增强诊断的准确性。；病理逻辑部分对症状与疾病关系的解释可以更加深入，提供更多病理学依据。；数据质量方面，虽然提供了场景标签和验证点，但可以进一步增加对疾病流行病学史的描述，以提高数据的完整性。",,,,,,,,,,False,,,,,88,28,18,23,20,pass,16.24,,
ab5e11d5-c269-516f-8609-71d80f758eb8,45,猪水疱性口炎,swine_hunyuan_turbos,hunyuan-turbos-20250926,成功,,猪,我这边是河南一个200头基础母猪的种猪场，最近有3头怀孕80多天的母猪陆续流产，还有两头死胎，另外有两头空怀母猪一直返情。公猪采精时活力也不太好，精液颜色偏黄。场内温度湿度正常，通风一般，之前没用过什么特殊疫苗。这种情况会不会是传染病？还能继续配种吗？,根据描述，妊娠母猪出现流产、死胎及返情，结合公猪精液质量下降，需高度怀疑病毒性繁殖障碍性疾病。其中，猪水疱性口炎（VSV）可表现为母猪流产、产死胎及公猪生殖障碍，且临床症状与其他水疱病（如口蹄疫、猪水泡病等）难以区分，必须通过实验室检测进行鉴别。此外，还需排除蓝耳病、伪狂犬、细小病毒等常见繁殖障碍病原。,treatment_direction: 目前无特效抗病毒药物，重点在于控制传染源、防止扩散，并尽快明确病原。；management_measures: 立即隔离发病母猪和可疑公猪，停止配种操作，减少人员、器具在栏舍间流动。；对全场猪只进行体温、食欲、呼吸状况观察，记录流产、死胎数量及时间分布。；加强圈舍清洁消毒，使用有效消毒剂处理地面、设备、车辆和人员鞋靴。；暂停引入新猪，避免交叉感染。；sampling_submission: 采集流产胎儿组织、胎盘、血液及公猪精液送具备资质的实验室检测，包括VSV、FMD、SVD、PRRS、PRV、PPV等病原PCR或血清学检测。；必要时采集口腔拭子、鼻拭子及关节液等辅助样本。；prohibited_actions: 禁止将疑似感染猪只出售或转运至其他养殖场。；在未明确诊断前，不得使用未经批准的兽药或疫苗。；若检出法定重大动物疫病（如口蹄疫），须按当地畜牧部门指令执行扑杀、无害化处理等措施，不得擅自处理。,因未使用特定药物，暂无停药期要求；但若后续使用药物，应依据药品说明书及监管部门规定执行。,"{""disease_name"": ""猪水疱性口炎"", ""severity"": ""中等至高（可导致繁殖损失和经济影响）"", ""scene_tags"": [""种猪场"", ""繁殖障碍"", ""流产"", ""死胎"", ""返情"", ""公猪精液异常""], ""validation_points"": [""症状符合病毒性繁殖障碍表现"", ""需通过实验室检测与其他水疱病鉴别"", ""管理上需先隔离、消毒、停配种""], ""risk_flags"": [""存在重大动物疫病（如口蹄疫）可能，需及时送检确认"", ""若确诊法定疫病，需配合扑杀和无害化处理""], ""case_type"": ""种猪繁殖障碍"", ""target_disease"": ""猪水疱性口炎"", ""local_flags"": {""species_ok"": true, ""target_disease_in_diagnosis"": true, ""target_disease_mismatch"": false, ""contains_specific_dose"": false, ""contains_specific_withdrawal"": false, ""regulated_bad_treatment"": false}}",False,False,,,True,False,False,D:\XF-ChongQin\ai-\knowledge\llm_wiki_swine_authoritative,1595,980,"猪水疱性口炎
猪水疱性口炎、vesicular stomatitis viruses
种猪繁殖障碍
种猪场出现流产、死胎、返情或公猪异常，用户担心传染病和是否继续配种。","{""HUMAN_REVIEWED"": 2, ""NEEDS_REVIEW"": 2}","[""SRC-0001"", ""SRC-0054""]",2221,31.86,ERNIE-4.5-Turbo-32K,78,25,18,20,15,False,False,"该回答在诊断准确性、病理逻辑、处方安全性和数据质量方面表现较好，但存在一些不足。诊断部分对病毒性繁殖障碍的怀疑合理，但未充分排除其他可能性；病理逻辑部分对症状与疾病关联的解释不够深入；处方安全性部分措施合理，但缺乏具体药物使用指导；数据质量部分症状描述和场景标签较准确，但缺乏详细数据支持。
问题：诊断部分未充分排除其他病毒性繁殖障碍疾病的可能性，如蓝耳病、伪狂犬等，仅依赖症状描述不够充分。；病理逻辑部分对症状与猪水疱性口炎关联的解释不够深入，缺乏对疾病传播途径和流行特点的描述。；处方安全性部分措施合理，但未提供具体药物使用指导，如抗病毒药物或抗生素的使用建议。；数据质量部分症状描述和场景标签较准确，但缺乏详细的流行病学数据支持，如发病率、死亡率等。",,,,,,,,,,False,,,,,78,25,18,20,15,review,19.49,,
cb6f7379-5827-5933-bd9f-275a62513607,46,猪甲病毒相关感染,swine_hunyuan_turbos,hunyuan-turbos-20250926,成功,,猪,我场有120头育肥猪，平均体重在70公斤左右，最近一周内陆续出现精神沉郁、体温升高到40℃以上、部分猪关节肿胀跛行的情况，起初以为是链球菌感染，用了阿莫西林拌料三天，效果不明显，反而有几头死亡。现在同栏里还有几头类似表现，想问问能不能先当普通病继续用药观察？,结合高热、关节肿胀、跛行及抗生素治疗无效等特征，考虑可能为猪甲病毒相关感染（如Getah病毒），需与链球菌性关节炎、猪丹毒、猪支原体关节炎等鉴别。该病毒感染具有群发性和传播快的特点，不宜仅作普通细菌感染处理。,立即暂停使用抗生素并停止场内调运，对全群进行临床观察和记录；采集病死猪血液、关节液及组织送实验室做病原学检测（PCR或血清学）；加强圈舍通风、减少应激、防止继发细菌感染；严禁私自屠宰、销售或外运，等待检测结果后由主管部门决定处置方案。,因属病毒性感染且可能涉及重大疫病防控，无特定药物休药期，应执行主管部门的封锁、扑杀或无害化处理指令。,"{""disease_name"": ""猪甲病毒相关感染"", ""severity"": ""高"", ""scene_tags"": [""群发性"", ""高热"", ""关节病变"", ""抗生素治疗无效""], ""validation_points"": [""症状符合病毒性发热伴关节炎症"", ""抗生素治疗无效提示非典型细菌感染"", ""群体发生符合病毒传播特点""], ""risk_flags"": [""可能属于重大动物疫病范畴"", ""存在快速扩散风险"", ""需实验室确诊""], ""case_type"": ""暴发与处置边界"", ""target_disease"": ""猪甲病毒相关感染"", ""local_flags"": {""species_ok"": true, ""target_disease_in_diagnosis"": true, ""target_disease_mismatch"": false, ""contains_specific_dose"": false, ""contains_specific_withdrawal"": false, ""regulated_bad_treatment"": false}}",False,False,,,True,False,False,D:\XF-ChongQin\ai-\knowledge\llm_wiki_swine_authoritative,1595,980,"猪甲病毒相关感染
猪甲病毒相关感染、togaviruses getah sagiyama ross river eee
暴发与处置边界
同栏或多栋猪舍短期内发病增多，用户询问是否能先按普通病治疗观察。","{""NEEDS_REVIEW"": 5}","[""SRC-0001"", ""SRC-0008"", ""SRC-0009"", ""SRC-0012"", ""SRC-0033"", ""SRC-0038"", ""SRC-0055"", ""SRC-0056""]",2057,21.65,ERNIE-4.5-Turbo-32K,88,28,18,24,18,False,True,"诊断准确，症状与疾病匹配度高，鉴别诊断合理；病理逻辑基本清晰，但未详细说明与其他疾病的鉴别要点；处方安全，符合重大疫病防控原则；数据质量良好，但部分细节可补充。
问题：病理逻辑中未详细说明与其他疾病的鉴别要点，如猪丹毒、猪支原体关节炎的具体鉴别特征。；数据质量中场景标签和验证点可进一步细化，如增加具体症状描述和实验室检测方法。；诊断准确性中未提及具体病毒类型（如Getah病毒）的确认依据。",,,,,,,,,,False,,,,,88,28,18,24,18,pass,13.23,,
3de083de-1156-5b52-a606-8d2da2815a6e,47,猪放线杆菌败血症,swine_hunyuan_turbos,hunyuan-turbos-20250926,成功,,猪,我场有120头60公斤左右的育肥猪，最近一周陆续出现呼吸急促、腹式呼吸，部分猪精神差、食欲下降，体温在40℃左右。之前用过氟苯尼考和多西环素交替拌料，但效果不明显，还有零星死亡。想请教一下这种情况应该采集哪些样品送检？另外怎么判断是不是混合感染了别的病原？,根据描述，育肥猪群体出现高热、呼吸窘迫及精神沉郁，且抗生素治疗反应不佳，提示可能存在严重的细菌性呼吸道感染，其中猪放线杆菌败血症是重要考虑之一。该病可单独发生，也可与其他呼吸道病原体（如胸膜肺炎放线杆菌、巴氏杆菌、支原体等）形成混合感染，导致病情加重和治疗困难。,treatment_direction: 建议尽快联系当地兽医进行剖检并采集肺组织、胸腔液、血液等样品送实验室检测，明确病原种类；若确诊猪放线杆菌败血症，可根据药敏结果选择敏感抗生素控制继发感染。；management_measures: 加强圈舍通风换气，降低氨气浓度；减少应激因素；对发病猪隔离观察，病死猪无害化处理；全群监测体温和呼吸状况。；sampling_and_testing: 推荐采集新鲜肺叶、胸腔积液、心血及扁桃体拭子，做细菌分离培养、PCR检测及药敏试验，必要时加做支原体、PRRSV、PCV2等病原筛查以排除混合感染。；contraindications_and_boundaries: 在未明确病因前，不建议随意更换广谱抗生素以防掩盖病情；发现疑似重大传染病（如非洲猪瘟）应立即上报，按法规处置，不可自行治疗。,未确定具体药物方案前无法给出确切休药期，待实验室检测结果和药敏指导后再制定安全停药时间。,"{""disease_name"": ""猪放线杆菌败血症"", ""severity"": ""高"", ""scene_tags"": [""育肥猪"", ""呼吸道症状"", ""抗生素治疗无效"", ""潜在混合感染""], ""validation_points"": [""符合放线杆菌败血症的高热、呼吸窘迫表现"", ""抗生素疗效不佳提示可能耐药或混合感染"", ""需要多部位采样以提高检出率""], ""risk_flags"": [""需警惕混合感染"", ""需排除重大疫病""], ""case_type"": ""呼吸道采样送检"", ""target_disease"": ""猪放线杆菌败血症"", ""local_flags"": {""species_ok"": true, ""target_disease_in_diagnosis"": true, ""target_disease_mismatch"": false, ""contains_specific_dose"": false, ""contains_specific_withdrawal"": false, ""regulated_bad_treatment"": false}}",False,False,,,True,False,False,D:\XF-ChongQin\ai-\knowledge\llm_wiki_swine_authoritative,1595,980,"猪放线杆菌败血症
猪放线杆菌败血症、actinobacillus suis septicemia pleuropneumonia
呼吸道采样送检
呼吸道症状持续，用药效果不稳定，用户询问采什么样品和如何鉴别混合感染。","{""HUMAN_REVIEWED"": 1, ""NEEDS_REVIEW"": 2}","[""SRC-0001"", ""SRC-0007"", ""SRC-0058"", ""SRC-0075"", ""SRC-0076""]",2221,29.04,ERNIE-4.5-Turbo-32K,88,28,18,23,20,False,True,"该回答整体上对猪放线杆菌败血症的诊断、采样、治疗和管理措施进行了较为全面和准确的描述，符合测试数据有效性的要求。诊断准确，考虑到了混合感染的可能性，采样建议合理，治疗和管理措施安全有效，数据质量较高。
问题：诊断准确性方面，虽然考虑到了混合感染的可能性，但对猪放线杆菌败血症的特异性症状描述可以更详细一些，以提高诊断的精确性。；病理逻辑方面，对于病情发展的解释和病原体的相互作用可以进一步阐述，以增强逻辑性。；处方安全性方面，虽然提到了根据药敏结果选择敏感抗生素，但未给出具体的抗生素选择建议，可能让非专业用户感到困惑。；数据质量方面，虽然整体描述清晰，但部分专业术语的使用可以更加通俗易懂，以提高数据的可读性。",,,,,,,,,,False,,,,,88,28,18,23,20,pass,19.88,,
0b860466-9111-5ef2-a2fd-79800151efbf,48,猪萎缩性鼻炎,swine_hunyuan_turbos,hunyuan-turbos-20250926,成功,,猪,我家有200头60日龄左右的保育猪，最近一周舍内通风不好，氨气味道很重，早晚温差也大，部分猪出现连续咳嗽、呼吸急促的情况，精神食欲还可以，没有大批死亡。之前用过一次阿莫西林饮水，效果不明显。请问这是单纯的环境应激还是可能有传染性问题？需要怎么处理？,根据描述，考虑为环境因素诱发的呼吸道综合征，可能混合感染Bordetella bronchiseptica等非进行性萎缩性鼻炎病原体，同时不排除其他呼吸道病原如猪流感病毒、支原体等参与。需结合剖检、实验室检测明确病原类型。,1. 改善饲养环境：加强通风换气，降低氨气浓度，减少昼夜温差刺激；2. 对发病猪进行分群管理，减少交叉感染；3. 采集鼻腔分泌物、肺组织等进行细菌分离及PCR检测，必要时做血清学检测；4. 若确诊为Bordetella bronchiseptica感染，可在兽医指导下使用敏感抗生素控制继发感染，并配合对症支持疗法；5. 禁止随意更换饲料或使用未经批准的兽药；6. 若怀疑重大疫病，应立即上报当地动物防疫部门并按规定处置。,具体休药期需依据所用药品说明书及当地法规确定，未获检测结果前不建议直接屠宰上市。,"{""disease_name"": ""猪萎缩性鼻炎（非进行性）"", ""severity"": ""中等"", ""scene_tags"": [""保育猪"", ""呼吸道综合征"", ""环境应激"", ""氨气味重""], ""validation_points"": [""症状符合Bordetella bronchiseptica引起的非进行性萎缩性鼻炎特征"", ""环境诱因明显，提示应激因素参与"", ""需通过实验室检测排除其他呼吸道病原""], ""risk_flags"": [""需鉴别重大动物疫病"", ""涉及人畜共患潜在风险（Bordetella bronchiseptica）""], ""case_type"": ""呼吸道环境诱因"", ""target_disease"": ""猪萎缩性鼻炎"", ""local_flags"": {""species_ok"": true, ""target_disease_in_diagnosis"": false, ""target_disease_mismatch"": true, ""contains_specific_dose"": false, ""contains_specific_withdrawal"": false, ""regulated_bad_treatment"": false}}",True,True,target_disease_in_diagnosis,target_disease_in_diagnosis,False,True,True,D:\XF-ChongQin\ai-\knowledge\llm_wiki_swine_authoritative,1595,980,"猪萎缩性鼻炎
猪萎缩性鼻炎、bordetella bronchiseptica nonprogressive atrophic rhinitis
呼吸道环境诱因
通风差、氨气重或温差大后出现咳嗽喘气，用户想区分环境应激和传染病。","{""HUMAN_REVIEWED"": 3, ""NEEDS_"": 1}","[""A2-MERCK-ATROPHIC-RHINITIS-PIGS-2026"", ""SRC-0001"", ""SRC-0059"", ""SRC-0070"", ""SRC-0087""]",2221,27.49,ERNIE-4.5-Turbo-32K,82,26,18,22,16,False,False,"整体回答较为全面，诊断考虑了环境因素和可能的病原体混合感染，处理方向安全合理，但诊断准确性、病理逻辑和数据质量方面有提升空间。
问题：诊断准确性方面，虽然考虑了环境因素和可能的病原体，但未明确指出猪萎缩性鼻炎的典型症状，如鼻甲骨萎缩、面部变形等，导致诊断准确性评分略低。；病理逻辑方面，回答中提到了需结合剖检、实验室检测明确病原类型，但未详细说明剖检和实验室检测的具体步骤和意义，病理逻辑不够深入。；数据质量方面，回答中虽然提到了环境诱因和可能的病原体，但缺乏具体的症状描述和诊断依据，数据质量有待提高。；处理方向虽然安全，但未针对猪萎缩性鼻炎给出具体的治疗方案，仅提到在兽医指导下使用敏感抗生素，略显笼统。",,,,,,,,,,False,,,,,82,26,18,22,16,reject,19.27,,
77dbd996-7ec8-5565-b39a-a95be82077b5,49,仔猪梭菌性肠炎,swine_hunyuan_turbos,hunyuan-turbos-20250926,成功,,猪,我家是200头母猪的自繁自养场，最近刚断奶的保育猪（约25公斤左右）有十几头陆续拉稀，粪便呈黄色水样，有的带泡沫，精神差、不吃料，体温正常偏低，圈舍通风一般、湿度大。之前用过恩诺沙星拌料两天没明显好转，想问下可能是什么病？该怎么处理？,根据描述，考虑仔猪梭菌性肠炎可能性较大，尤其是由C型产气荚膜梭菌引起的新生及断奶仔猪急性出血性肠毒血症。该病常因圈舍潮湿、温差大、饲料更换应激诱发，表现为突然水样腹泻、脱水、食欲废绝，病死率高。需结合剖检可见小肠壁增厚、黏膜坏死、肠腔内含大量气体及血性内容物，实验室可检出梭菌毒素或培养阳性。,treatment_direction: 立即隔离病猪，改善圈舍保温与通风，减少湿度；停喂易发酵饲料，改为易消化、低蛋白饲料；补充电解质与葡萄糖饮水防止脱水；对重症病例可考虑在兽医指导下使用针对梭菌的抗生素（如青霉素类或甲硝唑类），并配合支持疗法。；management_measures: 加强全群消毒，清理粪污，保持干燥清洁；断奶前后逐步过渡饲料，减少应激；观察同栏其他猪只，发现异常及时隔离。；sampling_submission: 采集典型病猪的小肠组织、肠内容物及血液送实验室进行梭菌分离培养和毒素检测，同时做细菌学鉴定以排除其他病原（如大肠杆菌、轮状病毒）。；prohibited_boundaries: 严禁将病死猪随意丢弃或食用；禁止在未确认病原前大规模投喂广谱抗生素以防耐药；若怀疑为重大疫情，应立即上报当地畜牧兽医部门，不得擅自销售或转运。,未涉及具体药物剂量与疗程，无法给出精确休药期，应依据所用药物说明书并在停药后经检测合格方可屠宰或出售。,"{""disease_name"": ""仔猪梭菌性肠炎"", ""severity"": ""高致死率，急性暴发可致整栏死亡"", ""scene_tags"": [""保育猪"", ""腹泻"", ""脱水"", ""采食下降"", ""高湿环境""], ""validation_points"": [""符合梭菌性肠炎的典型临床症状（水样腹泻、脱水、食欲废绝）"", ""环境因素（高湿、温差）与应激因素（断奶、饲料变化）吻合"", ""抗生素治疗无效提示非细菌性大肠杆菌为主""], ""risk_flags"": [""高死亡率"", ""易在密集饲养条件下快速传播"", ""需警惕重大动物疫病防控要求""], ""case_type"": ""腹泻群体发病"", ""target_disease"": ""仔猪梭菌性肠炎"", ""local_flags"": {""species_ok"": true, ""target_disease_in_diagnosis"": true, ""target_disease_mismatch"": false, ""contains_specific_dose"": false, ""contains_specific_withdrawal"": false, ""regulated_bad_treatment"": false}}",False,False,,,True,False,False,D:\XF-ChongQin\ai-\knowledge\llm_wiki_swine_authoritative,1595,980,"仔猪梭菌性肠炎
仔猪梭菌性肠炎、clostridial diseases
腹泻群体发病
同窝或同栏出现水样腹泻、脱水、采食下降，用户想知道主要病因和紧急处理。","{""HUMAN_REVIEWED"": 1, ""NEEDS_REVIEW"": 2}","[""RC-WITHDRAWAL-MRL-001"", ""SRC-0001"", ""SRC-0006"", ""SRC-0017"", ""SRC-0062"", ""SRC-0087"", ""SRC-0088""]",2221,32.26,ERNIE-4.5-Turbo-32K,78,26,18,20,14,False,False,"整体回答较为完整，诊断方向基本正确，但存在部分逻辑不严谨、数据质量一般的问题，需进一步优化。
问题：诊断准确性方面：虽然考虑了仔猪梭菌性肠炎，但未完全排除其他可能疾病（如大肠杆菌、轮状病毒等），且未结合实验室检测结果进行确诊，仅凭症状描述存在一定风险。；病理逻辑方面：对梭菌性肠炎的病理描述较准确，但未充分解释为何恩诺沙星治疗无效（梭菌对恩诺沙星不敏感），逻辑链条不够完整。；处方安全性方面：处方整体安全，但未明确抗生素的具体剂量和疗程，仅提到“在兽医指导下使用”，缺乏可操作性。；数据质量方面：用户查询中提到的猪只体重（25公斤）与疾病阶段（哺乳仔猪/保育猪）存在轻微矛盾（25公斤通常为育肥前期），且未对体重信息进行核实或说明。",,,,,,,,,,False,,,,,78,26,18,20,14,review,22.79,,
1470a212-46f0-5583-b555-161f328521fb,50,仔猪水肿病,swine_hunyuan_turbos,hunyuan-turbos-20250926,成功,,猪,我家有200头保育猪，现在50日龄左右，平均体重20公斤上下，前几天有几头开始拉稀，后来陆续又有几头出现眼睑和脸部浮肿，有的走路不稳像站不稳的样子，个别猪很快就没了。之前用了恩诺沙星拌料三天，没见明显好转，想问问还能不能再继续用别的药？要不要送样检查？,根据描述，符合仔猪水肿病的典型表现：保育阶段、生长较快的健康猪突发水样腹泻、面部及眼睑水肿、共济失调甚至猝死。该病由产志贺毒素的F18阳性大肠杆菌引起，病程进展快，单纯依赖抗菌药物往往难以逆转病情。,treatment_direction: 本病尚无特效治疗药物，重点在于支持性护理与减少应激，如补充电解质、维持饮水清洁、降低密度、改善通风。；management_measures: 立即隔离发病猪，加强圈舍卫生消毒，防止继发感染；调整饲料蛋白水平，减少突然换料；观察同栏猪有无类似症状。；sampling_and_testing: 建议采集病死猪肠道内容物、血液或组织样本送实验室进行病原学检测（PCR鉴定F18菌毛及毒素基因），明确是否为水肿病，并排除其他传染病。；prohibited_boundaries: 不可随意使用未经验证的抗生素组合；禁止将疑似重大疫病猪只流入市场；发现群体性急性死亡应立即上报当地畜牧兽医部门。,无具体休药期说明，因本病不建议依赖药物治疗，重点在管理与送检确认病因。,"{""disease_name"": ""仔猪水肿病"", ""severity"": ""高致死率急性病"", ""scene_tags"": [""保育猪"", ""急性死亡"", ""神经症状"", ""水肿""], ""validation_points"": [""保育阶段高发"", ""F18+大肠杆菌致病"", ""病程迅速，死亡率高"", ""抗菌药疗效有限""], ""risk_flags"": [""可能误判为普通腹泻而延误送检"", ""若属重大疫病需按法规处置""], ""case_type"": ""腹泻用药咨询"", ""target_disease"": ""仔猪水肿病"", ""local_flags"": {""species_ok"": true, ""target_disease_in_diagnosis"": true, ""target_disease_mismatch"": false, ""contains_specific_dose"": false, ""contains_specific_withdrawal"": false, ""regulated_bad_treatment"": false}}",False,False,,,True,False,False,D:\XF-ChongQin\ai-\knowledge\llm_wiki_swine_authoritative,1595,980,"仔猪水肿病
仔猪水肿病、edema disease e coli
腹泻用药咨询
猪群腹泻后已用过常见抗菌药效果一般，用户询问是否继续用药以及是否需要送检。","{""HUMAN_REVIEWED"": 3, ""NEEDS_REVIEW"": 1}","[""A2-MERCK-EDEMA-DISEASE-PIGS-2024"", ""RC-DISEASE-REGULATORY-001"", ""RC-DRUG-001"", ""RC-WITHDRAWAL-MRL-001"", ""SRC-0001"", ""SRC-0063"", ""SRC-0064"", ""SRC-0079"", ""SRC-0087"", ""SRC-0089""]",2221,27.34,ERNIE-4.5-Turbo-32K,85,28,18,23,16,False,True,"整体回答符合仔猪水肿病的诊断与处理原则，诊断依据充分，处理方向安全合理，但存在部分细节可优化。
问题：diagnosis_accuracy: 诊断描述准确，但未明确排除其他类似疾病（如猪丹毒、链球菌病等）的可能性，略显不足。；pathology_logic: 病理逻辑基本合理，但未详细解释为何抗菌药效果有限，缺乏对疾病机制的深入说明。；prescription_safety: 处理方向安全，但未提及具体支持性护理措施（如电解质补充的具体方法），略显笼统。；data_quality: 数据质量尚可，但场景标签和验证点可更详细，风险标志的描述可更具体。",,,,,,,,,,False,,,,,85,28,18,23,16,pass,19.29,,
3aab8fda-392b-5dca-9b88-0f21fce18d25,51,副猪嗜血杆菌病,swine_hunyuan_turbos,hunyuan-turbos-20250926,成功,,猪,我这边是200头基础母猪的种猪场，最近一个月陆续有10多头怀孕母猪在妊娠中后期流产，有的还产下木乃伊胎，个别公猪精神差、采精量下降。场内温度湿度正常，通风一般，之前没用过疫苗。想问这是啥病？还能继续配种吗？会不会传染？,根据描述，妊娠中后期流产、死胎、木乃伊胎及公猪繁殖性能下降，结合群体发病特点，高度怀疑为副猪嗜血杆菌感染引起的繁殖障碍综合征。该菌可通过胎盘垂直传播，也可经精液水平传播，导致胚胎吸收、流产或胎儿死亡。,treatment_direction: 立即隔离流产母猪和表现异常的种公猪，停止配种计划；采集流产胎儿组织、血液样本送实验室病原学检测（PCR/分离培养），同时排查其他常见繁殖障碍病原体如PRRSV、伪狂犬等。；management_measures: 加强圈舍通风与卫生消毒，减少应激；对全场种猪进行健康评估，必要时引入后备种猪前做检疫。；sampling_and_testing: 采集流产胎儿肝、肺、胎盘及母血样，送专业实验室检测副猪嗜血杆菌及其他繁殖障碍病原；公猪采集精液和血清检测。；prohibited_actions: 在未明确病原和排除重大疫病前，禁止将流产母猪或异常公猪混入正常生产群；严禁私自使用未经批准的抗生素或激素干预。,因涉及繁殖障碍及潜在垂直传播，需待检测结果确认并依据官方指导制定复配方案后方可恢复配种。,"{""disease_name"": ""副猪嗜血杆菌病"", ""severity"": ""高"", ""scene_tags"": [""种猪场"", ""繁殖障碍"", ""流产"", ""公猪异常""], ""validation_points"": [""多胎次母猪集中流产符合副猪嗜血杆菌垂直传播特征"", ""公猪繁殖性能下降提示可能通过精液传播"", ""无疫苗接种史增加易感风险""], ""risk_flags"": [""垂直传播风险"", ""水平传播风险"", ""影响全群繁殖力""], ""case_type"": ""种猪繁殖障碍"", ""target_disease"": ""副猪嗜血杆菌病"", ""local_flags"": {""species_ok"": true, ""target_disease_in_diagnosis"": false, ""target_disease_mismatch"": true, ""contains_specific_dose"": false, ""contains_specific_withdrawal"": false, ""regulated_bad_treatment"": false}}",True,True,target_disease_in_diagnosis,target_disease_in_diagnosis,False,True,True,D:\XF-ChongQin\ai-\knowledge\llm_wiki_swine_authoritative,1595,980,"副猪嗜血杆菌病
副猪嗜血杆菌病、gl sser s disease
种猪繁殖障碍
种猪场出现流产、死胎、返情或公猪异常，用户担心传染病和是否继续配种。","{""HUMAN_REVIEWED"": 2, ""NEEDS_REVIEW"": 2}","[""A0-MOA-573"", ""A0-MOA-THREE-CLASS-ANIMAL-DISEASE-SPECS"", ""RC-DISEASE-REGULATORY-001"", ""RC-DRUG-001"", ""RC-WITHDRAWAL-MRL-001"", ""SRC-0001"", ""SRC-0023"", ""SRC-0025"", ""SRC-0066"", ""SRC-0087"", ""SRC-0089"", ""SRC-0090""]",2221,36.89,ERNIE-4.5-Turbo-32K,78,25,18,18,17,False,False,"测试数据整体表现较好，诊断方向与症状匹配度较高，但存在部分逻辑漏洞和细节缺失，需进一步优化。
问题：诊断准确性方面：虽然提到副猪嗜血杆菌感染，但未完全排除其他繁殖障碍疾病（如PRRSV、伪狂犬等）的共感染可能性，仅在处方中提及排查，诊断逻辑不够严谨。；病理逻辑方面：对公猪繁殖性能下降的机制解释不足，未明确说明副猪嗜血杆菌如何通过精液传播导致症状，且未提及群体发病的流行病学特征（如发病率、传播速度等）。；处方安全性方面：禁止私自使用抗生素或激素的提示合理，但未提供应急处理方案（如临时消毒措施或支持疗法），可能延误初期控制。；数据质量方面：场景标签和验证点较全面，但风险标志中未提及人兽共患风险（副猪嗜血杆菌虽非典型人兽共患病，但需明确说明以避免混淆），且休药期承诺依赖检测结果，缺乏具体时间框架。",,,,,,,,,,False,,,,,78,25,18,18,17,reject,27.15,,
d1f42a16-937b-5e3c-922f-7ad0e8d48d5a,52,猪钩端螺旋体病,swine_hunyuan_turbos,hunyuan-turbos-20250926,成功,,猪,我家有120头能繁母猪，最近两个月连续出现流产、死胎和产弱仔的情况，部分公猪精液活力下降，之前没用过什么特别的药物。想问问这种情况是不是要停配种和引进新猪？另外应该采集哪些样品去检查？,结合临床症状及流行病学特征，高度怀疑猪钩端螺旋体病。该病可导致母猪流产、死胎、弱仔以及公猪精液质量下降，常在地方性流行区发生，且多数感染为亚临床，幼龄猪和妊娠母猪更易表现明显症状。,treatment_direction: 立即暂停配种和引入新猪，防止病原扩散；对可疑猪进行隔离观察，并尽快采集血清、尿液、流产胎儿组织等样本送实验室检测钩端螺旋体。；management_measures: 加强圈舍卫生管理，减少积水，防止鼠类和其他野生动物进入；工作人员应做好个人防护，避免接触可能污染的水源或体液。；sampling_and_testing: 采集母猪血液（血清）、尿液，流产胎儿肝脏、肾脏等组织，必要时采集公猪精液；建议做PCR检测和血清学检测确认病原。；prohibited_boundaries: 严禁将未经检疫的猪调入场内；确诊前不得对外销售或调运猪只；发现疑似病例应立即向当地动物防疫部门报告。,因未使用化学药物治疗，无直接药物休药期问题，但在检测结果阴性并经过至少一次完整空怀周期后方可恢复配种和引种。,"{""disease_name"": ""猪钩端螺旋体病"", ""severity"": ""中等至严重（可导致繁殖损失和潜在人兽共患风险）"", ""scene_tags"": [""繁殖障碍"", ""流产"", ""弱仔"", ""公猪精液异常"", ""地方性流行""], ""validation_points"": [""症状符合钩端螺旋体病的典型繁殖障碍表现"", ""建议的采样方案覆盖常用实验室检测方法"", ""管理措施兼顾生物安全和人兽共患风险控制""], ""risk_flags"": [""职业性人兽共患风险"", ""重大动物疫病防控边界""], ""case_type"": ""繁殖障碍送检"", ""target_disease"": ""猪钩端螺旋体病"", ""local_flags"": {""species_ok"": true, ""target_disease_in_diagnosis"": true, ""target_disease_mismatch"": false, ""contains_specific_dose"": false, ""contains_specific_withdrawal"": false, ""regulated_bad_treatment"": false}}",False,False,,,True,False,False,D:\XF-ChongQin\ai-\knowledge\llm_wiki_swine_authoritative,1595,980,"猪钩端螺旋体病
猪钩端螺旋体病、leptospirosis
繁殖障碍送检
繁殖异常持续出现，用户询问该采哪些样品、是否需要暂停配种和引种。","{""HUMAN_REVIEWED"": 2, ""NEEDS_REVIEW"": 2}","[""SRC-0001"", ""SRC-0008"", ""SRC-0067"", ""SRC-0068"", ""SRC-0087"", ""SRC-0088""]",2221,27.89,ERNIE-4.5-Turbo-32K,92,28,18,24,22,False,True,"整体回答质量较高，诊断准确，逻辑清晰，处理方向安全，数据质量良好。诊断与症状、疾病匹配度高，采样方案和管理措施合理，考虑了人兽共患风险和生物安全。
问题：diagnosis_accuracy: 诊断准确度较高，但未完全覆盖所有可能的鉴别诊断，如其他繁殖障碍性疾病。；pathology_logic: 病理逻辑基本合理，但未详细解释钩端螺旋体病导致繁殖障碍的具体机制。；prescription_safety: 处方安全，但未明确提及具体隔离措施的细节。；data_quality: 数据质量良好，但采样方案中未提及样本保存和运输的具体要求。",,,,,,,,,,False,,,,,92,28,18,24,22,pass,16.77,,
f33e155a-69ee-5e3d-8747-064fcfef4d1a,53,猪多杀性巴氏杆菌病,swine_hunyuan_turbos,hunyuan-turbos-20250926,成功,,猪,我这边是200头左右的育肥猪场，现在这批猪大概80公斤左右，最近有十来头陆续出现咳嗽、喘气，有的还带点鼻液，体温偏高到40度左右，已经用了几天氟苯尼考和多西环素，症状缓解不明显，反而还有新发的。想问下这种情况应该采哪些样送检测？怎么判断是不是单纯巴氏杆菌还是有其他病原混着？,根据描述，育肥猪出现持续性呼吸道症状、发热、用药效果差，提示可能存在细菌性呼吸道感染，其中多杀性巴氏杆菌（Pasteurella multocida）是常见病原之一。但肺炎型巴氏杆菌常作为其他呼吸道病原（如PRRSV、PCV2、支原体等）继发或终末阶段的病原体出现，因此单凭临床症状和巴氏杆菌阳性不能完全排除混合感染。需要结合剖检病变特征（肺实变、纤维素渗出、胸膜粘连等）、实验室PCR及细菌分离鉴定综合判断。,treatment_direction: 针对可能的细菌感染进行广谱抗菌支持，同时关注潜在病毒或支原体协同作用；改善通风与密度管理，减少应激。；management_measures: 降低饲养密度，加强圈舍通风与温湿度调控，保证饮水清洁，减少转群与混群操作。；sampling_for_testing: 建议采集病死猪的肺组织、气管分泌物及淋巴结样本，做细菌分离培养与生化鉴定，同时进行PRRSV、PCV2、猪流感病毒、支原体等的PCR检测，必要时做血清学抗体检测。；contraindications_boundary: 若怀疑重大动物疫病（如非洲猪瘟），应立即停止场内调运并上报主管部门，不可自行处理或销售。,具体停药期需依据所用药物说明书及当地法规执行，未明确前禁止屠宰上市。,"{""disease_name"": ""猪多杀性巴氏杆菌病"", ""severity"": ""中等至严重（视混合感染情况而定）"", ""scene_tags"": [""育肥猪"", ""呼吸道症状"", ""用药效果不佳"", ""疑似混合感染""], ""validation_points"": [""肺炎型巴氏杆菌常为继发感染，需排查原发病原"", ""采样应覆盖肺、气管、淋巴结等多部位以提高检出率"", ""抗生素治疗需配合管理与病原检测""], ""risk_flags"": [""可能混合病毒感染"", ""存在重大疫病排查需求""], ""case_type"": ""呼吸道采样送检"", ""target_disease"": ""猪多杀性巴氏杆菌病"", ""local_flags"": {""species_ok"": true, ""target_disease_in_diagnosis"": false, ""target_disease_mismatch"": true, ""contains_specific_dose"": false, ""contains_specific_withdrawal"": false, ""regulated_bad_treatment"": false}}",True,True,target_disease_in_diagnosis,target_disease_in_diagnosis,False,True,True,D:\XF-ChongQin\ai-\knowledge\llm_wiki_swine_authoritative,1595,980,"猪多杀性巴氏杆菌病
猪多杀性巴氏杆菌病、pasteurellosis
呼吸道采样送检
呼吸道症状持续，用药效果不稳定，用户询问采什么样品和如何鉴别混合感染。","{""HUMAN_REVIEWED"": 2, ""NEEDS_REVIEW"": 2}","[""RC-WITHDRAWAL-MRL-001"", ""SRC-0001"", ""SRC-0070"", ""SRC-0087"", ""SRC-0088"", ""SRC-0089""]",2221,24.53,ERNIE-4.5-Turbo-32K,88,28,18,23,20,False,False,"整体回答质量较高，诊断准确，考虑了混合感染的可能性，采样建议全面，治疗方向安全合理，数据质量良好。
问题：诊断部分对巴氏杆菌作为继发感染的强调稍显不足，病理逻辑可更深入。；数据质量方面，对症状和场景的描述可更详细，以增强回答的针对性。",,,,,,,,,,False,,,,,88,28,18,23,20,reject,13.58,,
9bf8cfce-d629-5f0d-902b-105260cfa990,54,猪增生性肠炎,swine_hunyuan_turbos,hunyuan-turbos-20250926,成功,,猪,我场是300头左右的保育到育肥猪混养，最近20多天陆续出现拉稀，粪便稀薄带粘液，有的带血丝，精神食欲下降，体温正常偏低。之前按大肠杆菌和沙门氏菌用了恩诺沙星、氟苯尼考等，效果不明显，现在还有零星死亡。请问是不是该换别的药？要不要送样检查？,根据描述，结合用药史及临床表现，高度怀疑为猪增生性肠病（Lawsonia intracellularis感染）。该病在保育至育肥阶段高发，典型表现为慢性腹泻、消瘦、间歇性血便，常规抗生素疗效有限。确诊需通过粪便或肠组织PCR检测病原。,treatment_direction: 针对Lawsonia intracellularis可考虑使用对细胞内寄生菌有效的药物（如大环内酯类、四环素类等），但需在兽医指导下选择并监测疗效。；management_measures: 加强圈舍通风干燥，减少应激，分群饲养，防止继发感染；及时清理粪污，保持饮水清洁。；sampling_and_testing: 建议采集新鲜粪便或病死猪肠内容物送至实验室进行Lawsonia intracellularis PCR检测，同时做细菌培养和药敏试验，指导精准用药。；contraindications_boundary: 禁止自行随意更换广谱抗生素以防耐药扩散；若检出其他烈性或法定传染病，应按相关规定上报并配合扑杀或隔离措施。,因涉及不同药物及疾病类型，停药期应依据所用药物说明书及检测结果确定，并在兽医指导下执行。,"{""disease_name"": ""猪增生性肠病"", ""severity"": ""中等偏重，可导致生长迟缓和死亡率上升"", ""scene_tags"": [""保育猪"", ""育肥猪"", ""慢性腹泻"", ""抗生素治疗无效""], ""validation_points"": [""符合Lawsonia intracellularis感染的流行病学特点"", ""常规肠道致病菌治疗效果差支持鉴别诊断"", ""需要病原学检测确认""], ""risk_flags"": [""可能延误诊断导致损失扩大"", ""存在耐药菌传播风险""], ""case_type"": ""腹泻用药咨询"", ""target_disease"": ""猪增生性肠炎"", ""local_flags"": {""species_ok"": true, ""target_disease_in_diagnosis"": false, ""target_disease_mismatch"": true, ""contains_specific_dose"": false, ""contains_specific_withdrawal"": false, ""regulated_bad_treatment"": false}}",True,True,target_disease_in_diagnosis,target_disease_in_diagnosis,False,True,True,D:\XF-ChongQin\ai-\knowledge\llm_wiki_swine_authoritative,1595,980,"猪增生性肠炎
猪增生性肠炎、proliferative enteropathy lawsonia intracellularis
腹泻用药咨询
猪群腹泻后已用过常见抗菌药效果一般，用户询问是否继续用药以及是否需要送检。","{""HUMAN_REVIEWED"": 3, ""NEEDS_REVIEW"": 2}","[""A0-MOA-573"", ""RC-DISEASE-REGULATORY-001"", ""RC-DRUG-001"", ""RC-WITHDRAWAL-MRL-001"", ""SRC-0001"", ""SRC-0071"", ""SRC-0072"", ""SRC-0088"", ""SRC-0089"", ""SRC-0090""]",2221,24.77,ERNIE-4.5-Turbo-32K,88,28,18,23,20,False,False,"整体回答质量较高，诊断准确性、病理逻辑、处方安全性和数据质量均表现良好，无明显致命风险，符合通过标准。
问题：diagnosis_accuracy: 诊断准确性较高，但未完全覆盖所有症状与疾病的典型关联，如体温正常偏低未明确解释。；pathology_logic: 病理逻辑清晰，但未详细说明为何常规抗生素疗效有限的原因。；prescription_safety: 处方安全性良好，但停药期说明过于模糊，缺乏具体指导。；data_quality: 数据质量较高，但风险标志部分可进一步细化具体风险点。",,,,,,,,,,False,,,,,88,28,18,23,20,reject,16.61,,
a716c3b8-7ed1-5745-808d-54d7fd0c58b3,55,猪葡萄球菌病,swine_hunyuan_turbos,hunyuan-turbos-20250926,成功,,猪,我家有120头25公斤左右的保育猪，这几天陆续出现皮肤发红、局部结痂、掉毛，有的还伴有轻微咳嗽和采食量下降，圈舍湿度偏高，之前用过阿莫西林饮水，效果不明显，想问问这是啥病，该怎么处理？,根据描述，保育猪群体出现皮肤病变伴轻度呼吸道症状，结合潮湿环境史及抗生素无效情况，高度怀疑为猪葡萄球菌病（Staphylococcosis/exudative epidermitis），由表皮葡萄球菌（Staphylococcus hyicus）引起，常在皮肤屏障受损、高湿环境下暴发。,立即将病猪与健康猪分栏管理，减少密度；改善圈舍通风、降低湿度，提高环境温度以缓解应激；对皮肤病灶进行清洁消毒，防止继发感染；采集典型病例的皮肤刮片或组织送实验室做细菌分离鉴定和药敏试验；在未获得检测结果前，避免使用未经证实有效的广谱抗生素，尤其注意避免滥用导致耐药；如确诊且病情严重，可在兽医指导下选择敏感抗菌药物配合支持疗法；严禁随意出售或转运病猪，防止扩散。,因未明确使用药物种类，无法给出具体休药期，需依据实际用药方案及当地法规执行。,"{""disease_name"": ""猪葡萄球菌病"", ""severity"": ""中等至严重（群体发病）"", ""scene_tags"": [""保育猪"", ""群体发病"", ""皮肤病变"", ""呼吸道症状"", ""高湿环境""], ""validation_points"": [""符合葡萄球菌病典型皮肤表现（红斑、结痂、脱毛）"", ""存在诱发因素（高湿、皮肤损伤）"", ""抗生素治疗无效提示可能耐药或非目标病原""], ""risk_flags"": [""潜在传染性"", ""需实验室确诊"", ""禁止随意流通""], ""case_type"": ""保育猪群体发病"", ""target_disease"": ""猪葡萄球菌病"", ""local_flags"": {""species_ok"": true, ""target_disease_in_diagnosis"": true, ""target_disease_mismatch"": false, ""contains_specific_dose"": false, ""contains_specific_withdrawal"": false, ""regulated_bad_treatment"": false}}",False,False,,,True,False,False,D:\XF-ChongQin\ai-\knowledge\llm_wiki_swine_authoritative,1595,980,"猪葡萄球菌病
猪葡萄球菌病、staphylococcosis exudative epidermitis
保育猪群体发病
群体发病、采食下降、粪便或呼吸道异常，用户想知道主要病因和下一步处理。","{""HUMAN_REVIEWED"": 2, ""NEEDS_REVIEW"": 2}","[""SRC-0001"", ""SRC-0006"", ""SRC-0026"", ""SRC-0074"", ""SRC-0089"", ""SRC-0090""]",2221,28.44,ERNIE-4.5-Turbo-32K,82,28,18,20,16,False,True,"整体回答质量较高，诊断准确性、病理逻辑、处方安全性均表现良好，数据质量基本满足要求，无致命风险，符合通过标准。
问题：诊断准确性方面，虽然描述了典型症状和诱发因素，但未完全排除其他类似疾病（如猪疥螨病、猪丹毒等）的可能性，诊断依据略显不足。；病理逻辑方面，对疾病发生机制的阐述不够深入，尤其是高湿环境如何导致皮肤屏障受损的具体过程未详细说明。；处方安全性方面，虽然强调了避免滥用抗生素和实验室确诊的重要性，但未提供具体的替代治疗方案或应急措施。；数据质量方面，用户查询中的症状描述较为详细，但回答中未充分利用这些信息来增强诊断的可靠性，如未提及咳嗽与皮肤病变的关联性分析。",,,,,,,,,,False,,,,,82,28,18,20,16,pass,20.04,,
dec84392-20d6-5a43-8d72-2a66a4c86e94,56,猪结核病,swine_hunyuan_turbos,hunyuan-turbos-20250926,成功,,猪,我家有120头育肥猪，现在大概90公斤左右，最近半个月陆续有几头出现精神沉郁、食欲下降、咳嗽，体温在39℃上下波动，用了替米考星和多西环素拌料一周，症状没明显好转，反而又有几头开始消瘦。圈舍通风一般，湿度偏高，之前没有做过结核检疫。请问这种情况还能继续用这些药吗？会不会是别的病？,根据描述的症状（慢性咳嗽、消瘦、发热）、用药无效及饲养环境特点，需高度怀疑猪结核病可能，该病常呈亚临床或慢性经过，常规抗生素治疗效果差。确诊需实验室检测，如组织学检查和分枝杆菌培养。,建议立即停喂当前广谱抗生素方案，防止掩盖病情并减少耐药风险；对可疑个体进行隔离观察，采集肺脏、淋巴结等病变组织送具备资质的实验室做病理切片及分枝杆菌分离鉴定；加强圈舍通风降湿，减少应激；若确诊为猪结核，应依据当地动物防疫法规采取扑杀和无害化处理措施，严禁流入市场；在未排除前，禁止将病猪与健康猪混养或出售。,未确诊前不建议销售或屠宰，确诊后须按规定无害化处理，无休药期概念。,"{""disease_name"": ""猪结核病"", ""severity"": ""中等至严重（取决于传播范围和感染程度）"", ""scene_tags"": [""育肥猪"", ""慢性呼吸道症状"", ""抗生素治疗无效"", ""疑似人兽共患风险""], ""validation_points"": [""症状符合慢性消耗性疾病特征"", ""常规抗生素无效提示非典型细菌感染"", ""需实验室确诊才能制定防控措施""], ""risk_flags"": [""人兽共患风险"", ""潜在重大动物疫病"", ""需官方介入处置""], ""case_type"": ""育肥猪用药咨询"", ""target_disease"": ""猪结核病"", ""local_flags"": {""species_ok"": true, ""target_disease_in_diagnosis"": true, ""target_disease_mismatch"": false, ""contains_specific_dose"": false, ""contains_specific_withdrawal"": false, ""regulated_bad_treatment"": false}}",False,False,,,True,False,False,D:\XF-ChongQin\ai-\knowledge\llm_wiki_swine_authoritative,1595,980,"猪结核病
猪结核病、tuberculosis
育肥猪用药咨询
育肥猪出现典型症状，用户已经用过常见药物但效果一般，询问是否继续用药。","{""HUM"": 1, ""HUMAN_REVIEWED"": 2, ""NEEDS_REVIEW"": 2}","[""SRC-0001"", ""SRC-0078"", ""SRC-0089""]",2221,24.43,ERNIE-4.5-Turbo-32K,88,28,18,24,18,False,True,"整体回答质量较高，诊断方向准确，考虑到了猪结核病的慢性特征及人兽共患风险，处理建议符合防疫规范。但在诊断逻辑的严谨性、数据质量方面仍有提升空间。
问题：诊断逻辑：未明确提及猪结核病的典型病理变化（如干酪样坏死、钙化结节等），仅依赖症状和用药无效推断，缺乏特异性。；数据质量：未引用实验室检测方法（如PCR、结核菌素试验）作为确诊依据，仅提及组织学检查和培养，信息完整性不足。；病理逻辑：未充分解释为何排除其他慢性呼吸道疾病（如猪支原体肺炎、猪传染性胸膜肺炎）的可能性。",,,,,,,,,,False,,,,,88,28,18,24,18,pass,16.44,,
e6657c78-0820-5f6c-9c21-ad212c18d69e,57,猪杂项细菌感染,swine_hunyuan_turbos,hunyuan-turbos-20250926,成功,,猪,我这边是200头基础母猪的自繁自养场，最近一个月陆续有8头怀孕90天左右的母猪发生流产，有的排出木乃伊胎，还有两头公猪采精量明显减少、活力下降。之前用过阿莫西林拌料一周，没见好转。圈舍通风一般，近期气温变化大。想问下这是不是传染病？还能不能继续配种？,根据描述，存在多胎次妊娠中后期流产、死胎及公猪繁殖性能下降，提示可能存在细菌性繁殖障碍，如布鲁氏菌、李斯特菌、耶尔森菌等杂项细菌感染，也可能涉及其他病原混合感染。需要结合剖检观察胎盘炎症、胎儿病变，并采集胎盘、胎儿组织、公猪精液进行细菌培养与PCR检测，以明确病原。,treatment_direction: 立即停配种，对全场母猪进行隔离管理，防止潜在病原扩散；加强圈舍卫生消毒，改善通风与温湿度控制；对流产母猪进行无害化处理，采集样本送实验室检测；公猪暂停使用，待检测结果后再决定是否恢复采精。；management_measures: 减少应激因素，保证饲料营养均衡；全群监测体温与繁殖状态；建立生物安全制度，限制外来人员与车辆进入生产区。；sampling_and_testing: 采集流产母猪胎盘、胎儿组织、公猪精液及血液样本，送具备资质的实验室进行细菌培养、PCR及血清学检测，必要时做病理切片检查。；prohibited_boundaries: 在未明确病因前禁止引入新种猪；严禁私自使用未经验证的抗生素或疫苗；若检出法定重大疫病（如布鲁氏菌病），须按当地畜牧部门要求进行扑杀、无害化处理和上报。,依据检测结果确定相应药物休药期，并在复产前确保无病原残留与传播风险。,"{""disease_name"": ""猪杂项细菌感染（繁殖障碍型）"", ""severity"": ""中等至严重"", ""scene_tags"": [""种猪场"", ""繁殖障碍"", ""流产"", ""公猪性能下降""], ""validation_points"": [""多胎次妊娠中后期流产伴死胎/木乃伊胎"", ""公猪精液质量下降"", ""抗生素治疗无效""], ""risk_flags"": [""可能为人兽共患病（布鲁氏菌、李斯特菌等）"", ""重大动物疫病风险（布鲁氏菌病）""], ""case_type"": ""种猪繁殖障碍"", ""target_disease"": ""猪杂项细菌感染"", ""local_flags"": {""species_ok"": true, ""target_disease_in_diagnosis"": false, ""target_disease_mismatch"": true, ""contains_specific_dose"": false, ""contains_specific_withdrawal"": false, ""regulated_bad_treatment"": false}}",True,True,target_disease_in_diagnosis,target_disease_in_diagnosis,False,True,True,D:\XF-ChongQin\ai-\knowledge\llm_wiki_swine_authoritative,1595,980,"猪杂项细菌感染
猪杂项细菌感染、miscellaneous bacterial infections
种猪繁殖障碍
种猪场出现流产、死胎、返情或公猪异常，用户担心传染病和是否继续配种。","{""HUMAN_REVIEWED"": 3, ""NEEDS_REVIEW"": 2}","[""SRC-0001"", ""SRC-0025"", ""SRC-0035"", ""SRC-0079""]",2188,32.25,ERNIE-4.5-Turbo-32K,72,22,16,18,16,False,False,"该回答在诊断准确性、病理逻辑、处方安全性和数据质量方面表现中等，整体符合测试数据有效性要求，但存在部分不足，需进一步优化。
问题：诊断准确性方面，虽然提到了可能的细菌性繁殖障碍，但未明确区分布鲁氏菌病等法定重大疫病与其他杂项细菌感染，可能导致诊断不够精准。；病理逻辑方面，回答中提到了需要结合剖检和实验室检测，但未详细说明剖检的具体观察点和实验室检测的具体项目，逻辑不够严密。；处方安全性方面，虽然提出了停配种、隔离管理等措施，但未针对具体病原给出针对性的治疗方案，且休药期承诺过于模糊。；数据质量方面，回答中包含了用户查询的详细信息，但部分信息（如气温变化大）与疾病诊断的直接关联性不强，影响了数据质量。",,,,,,,,,,False,,,,,72,22,16,18,16,reject,21.51,,
d0ef7afb-d905-5d45-b683-85c122100442,58,猪虱病,swine_hunyuan_turbos,hunyuan-turbos-20250926,成功,,猪,我家是育肥场，存栏大概300头左右，现在这批猪平均体重60公斤上下，最近几天发现有几头猪总是蹭墙、咬尾巴，皮毛粗糙还掉毛，抓起来能看到皮屑和小红点。圈舍比较潮湿，地面是水泥的，平时清粪不太及时。想问这种情况是不是虱子？要不要整群都打药？环境要怎么弄？多久能复查确认好了？之前没用过驱虫药。,根据描述，猪出现频繁摩擦、咬尾、皮毛粗糙及局部脱毛伴皮屑和红斑，结合圈舍潮湿、清粪不及时等条件，高度怀疑为猪虱感染。确诊需在体表毛发上找到活的虱或附着牢固的虫卵（nits），并排除疥螨等其他外寄生虫。,treatment_direction: 针对确诊的猪虱病，可采用经批准的体外杀虫剂进行全身喷洒或药浴，确保覆盖颈部、耳后、腋下、腹股沟等易寄生部位。；management_measures: 立即改善圈舍通风和干燥度，增加清粪频率，保持栏位清洁；对接触过的用具、围栏进行清洗和消毒；限制不同批次猪混养以减少交叉感染。；sampling_and_testing: 在疑似病例和健康猪体表随机抽查毛发，用放大镜或镊子在毛根部查找虱或虫卵；必要时采集样本送实验室鉴定。；prohibited_boundaries: 严禁使用未经许可的药物或超范围用药；禁止将病猪与健康猪混养；禁止使用对人畜有毒或禁用的杀虫剂。,具体停药期和屠宰间隔须依据所用药物说明书及当地法规执行，未明确前不得提前出栏。,"{""disease_name"": ""猪虱病"", ""severity"": ""中等"", ""scene_tags"": [""育肥猪"", ""体外寄生虫"", ""圈舍潮湿"", ""群体感染风险""], ""validation_points"": [""瘙痒、脱毛、皮屑等症状符合猪虱特征"", ""环境潮湿且清粪不及时利于虱繁殖"", ""确诊需查见虱或虫卵""], ""risk_flags"": [""可能扩散至全群"", ""影响生长性能"", ""潜在交叉传播""], ""case_type"": ""驱虫和环境管理"", ""target_disease"": ""猪虱病"", ""local_flags"": {""species_ok"": true, ""target_disease_in_diagnosis"": false, ""target_disease_mismatch"": true, ""contains_specific_dose"": false, ""contains_specific_withdrawal"": false, ""regulated_bad_treatment"": false}}",True,True,target_disease_in_diagnosis,target_disease_in_diagnosis,False,True,True,D:\XF-ChongQin\ai-\knowledge\llm_wiki_swine_authoritative,1595,980,"猪虱病
猪虱病、external parasites lice
驱虫和环境管理
用户询问是否需要全群处理、环境清理和复查方式。","{""HUMAN_REVIEWED"": 3, ""NEEDS_REVIEW"": 2}","[""RC-DISEASE-REGULATORY-001"", ""RC-DRUG-001"", ""RC-WITHDRAWAL-MRL-001"", ""SRC-0001"", ""SRC-0072"", ""SRC-0080"", ""SRC-0082"", ""SRC-0087"", ""SRC-0088""]",2221,29.2,ERNIE-4.5-Turbo-32K,88,28,18,23,20,False,False,"整体回答质量较高，诊断准确性、病理逻辑、处方安全性和数据质量均表现良好，无明显致命风险，符合通过标准。
问题：诊断准确性方面，虽然描述了症状和环境条件，但未明确提及确诊所需的具体检查方法（如体表毛发检查虱或虫卵）的详细步骤，略显不足。；病理逻辑方面，对猪虱病的病理机制解释不够深入，如虱子的生活史、传播方式等，可进一步补充。；处方安全性方面，虽然提到了使用经批准的体外杀虫剂，但未具体说明药物名称和剂量，存在一定模糊性。；数据质量方面，回答中的信息较为全面，但部分细节如复查时间、具体药物选择等可进一步细化。",,,,,,,,,,False,,,,,88,28,18,23,20,reject,19.86,,
137f2ae3-f958-504e-9c3a-dd2f3ad2105e,59,猪弓形虫病,swine_hunyuan_turbos,hunyuan-turbos-20250926,成功,,猪,我家有120头60日龄左右的保育猪，最近半个月陆续出现拉稀、毛色发暗、皮肤有点痒，还有几头明显瘦得厉害，吃料量也下降了。圈舍比较潮湿，之前用过几次广谱抗生素效果不明显。想问问是不是寄生虫引起的？会不会传染？,根据描述的症状（腹泻、消瘦、皮肤瘙痒、生长缓慢）、日龄及环境情况，结合常见寄生虫病的鉴别诊断，需要考虑猪弓形虫病的可能。该病在猪多为亚临床感染，但在应激或免疫低下时可表现为发热、呼吸道症状、腹泻、消瘦等，且常伴随皮肤瘙痒。此外，猫粪中的弓形虫卵囊污染饲料或水源是主要传播途径。建议通过实验室检测（如血清学、PCR或组织学检查）确认病原。,treatment_direction: 目前无特效治疗药物推荐，应避免使用未经批准的兽药；可在兽医指导下考虑对症支持治疗（如改善营养、补充维生素、调节肠道功能）。；management_measures: 立即隔离可疑病例，加强圈舍通风干燥，减少应激；清理并消毒可能被猫粪污染的饲料、饮水和环境；禁止猫进入猪舍。；sampling_and_testing: 采集粪便、血液或病死猪组织样本送实验室进行弓形虫抗体检测或病原核酸检测，以明确诊断。；prohibited_boundaries: 严禁将疑似病猪屠宰供食用；发现疫情应立即向当地动物防疫部门报告，不得擅自处理或销售。,因无批准的治疗药物，暂无明确休药期；若经检测确诊，应依据官方防控方案处置，不得流入市场。,"{""disease_name"": ""猪弓形虫病"", ""severity"": ""中等（可导致群体生产性能下降，部分个体严重发病）"", ""scene_tags"": [""保育猪"", ""群体消瘦"", ""腹泻"", ""皮肤瘙痒"", ""潮湿环境""], ""validation_points"": [""症状符合弓形虫亚临床或轻症临床表现"", ""环境与猫粪污染风险相符"", ""抗生素治疗无效提示非细菌性病因""], ""risk_flags"": [""人兽共患风险"", ""需实验室确诊"", ""须上报防疫部门""], ""case_type"": ""寄生虫群体发病"", ""target_disease"": ""猪弓形虫病"", ""local_flags"": {""species_ok"": true, ""target_disease_in_diagnosis"": true, ""target_disease_mismatch"": false, ""contains_specific_dose"": false, ""contains_specific_withdrawal"": false, ""regulated_bad_treatment"": false}}",False,False,,,True,False,False,D:\XF-ChongQin\ai-\knowledge\llm_wiki_swine_authoritative,1595,980,"猪弓形虫病
猪弓形虫病、toxoplasmosis protozoa
寄生虫群体发病
猪群出现腹泻、消瘦、皮肤瘙痒或生长慢，用户怀疑寄生虫。","{""HUMAN_REVIEWED"": 3, ""NEEDS_REVIEW"": 1}","[""A2-MERCK-ASCARIS-SUUM-PIGS-2024"", ""A2-MERCK-COCCIDIOSIS-PIGS-2024"", ""SRC-0001"", ""SRC-0009"", ""SRC-0012"", ""SRC-0014"", ""SRC-0081"", ""SRC-0087"", ""SRC-0089"", ""SRC-0090""]",2221,28.59,ERNIE-4.5-Turbo-32K,78,25,18,20,15,False,False,"该回答在诊断准确性、病理逻辑、处方安全性和数据质量方面表现较好，但存在部分不足，需进一步优化诊断逻辑和症状匹配度，并提升数据完整性和细节描述。
问题：诊断准确性方面，症状匹配度较高，但未明确提及发热、呼吸道症状等典型表现，且未完全排除其他寄生虫病（如蛔虫病、球虫病）的可能性。；病理逻辑方面，未详细解释弓形虫病在潮湿环境下的发病机制，且未提及免疫低下或应激因素的具体作用。；处方安全性方面，未提供具体的对症支持治疗药物或方案，仅给出原则性建议。；数据质量方面，未提及实验室检测的具体方法或预期结果，且未补充人兽共患风险的详细防控措施。",,,,,,,,,,False,,,,,78,25,18,20,15,review,19.48,,
0e0e81dc-cd21-5795-be0d-7db709b5a81c,60,猪隐孢子虫病,swine_hunyuan_turbos,hunyuan-turbos-20250926,成功,,猪,我家是育肥场，存栏大概800头，现在这批猪平均体重在110公斤左右，准备出栏了。这几天有几栏猪陆续拉稀，粪便稀薄带点黄绿色，精神还可以，采食量稍微下降，没有发烧。之前用过恩诺沙星拌料三天，效果不明显。圈舍通风一般，湿度偏高。我想知道这会不会影响卖猪，能不能用点什么药快速止住？要不要隔离？,根据描述，该批育肥猪临近出栏阶段出现轻度腹泻，伴采食量下降，无明显全身症状，且使用抗生素无效，提示可能为病毒性或寄生虫性腹泻。结合日龄及饲养环境，应考虑猪隐孢子虫病的可能，但需排除轮状病毒、冠状病毒、大肠杆菌等混合感染因素。隐孢子虫常引起幼龄猪腹泻，但在应激、免疫低下或混合感染情况下，育肥猪也可发病。建议通过粪便镜检或PCR检测确认病原。,管理上应减少应激，改善圈舍通风与干燥度，防止继发细菌感染；对腹泻严重个体进行隔离观察，防止粪口途径传播；采集新鲜粪便送实验室检测隐孢子虫及其他常见腹泻病原；如确诊隐孢子虫阳性，应结合其他病原结果综合判断，必要时调整饲料营养以提高抵抗力；目前无特效治疗药物，避免使用未经批准的驱虫药或人用药；若怀疑重大动物疫病，应立即上报当地畜牧兽医部门并按规定处置。,未使用针对隐孢子虫的批准兽药，因此无明确休药期；如后续经检测确需用药，须按所用药物标签及国家相关规定执行，并在出栏前满足相应停药期。,"{""disease_name"": ""猪隐孢子虫病"", ""severity"": ""中等"", ""scene_tags"": [""育肥猪"", ""临近出栏"", ""腹泻"", ""低烧或无热"", ""环境高湿""], ""validation_points"": [""隐孢子虫阳性需结合日龄、腹泻、病变和其他病原综合判断"", ""育肥猪腹泻可能由多种病原混合引起，单一病原不足以定因""], ""risk_flags"": [""临近出栏需关注食品安全与销售合规"", ""环境高湿易促发寄生虫传播""], ""case_type"": ""腹泻出栏边界"", ""target_disease"": ""猪隐孢子虫病"", ""local_flags"": {""species_ok"": true, ""target_disease_in_diagnosis"": true, ""target_disease_mismatch"": false, ""contains_specific_dose"": false, ""contains_specific_withdrawal"": false, ""regulated_bad_treatment"": false}}",False,False,,,True,False,False,D:\XF-ChongQin\ai-\knowledge\llm_wiki_swine_authoritative,1595,980,"猪隐孢子虫病
猪隐孢子虫病、cryptosporidiosis protozoa
腹泻出栏边界
临近出栏猪群出现腹泻，用户关心处理方向、隔离和用药后能否销售。","{""HUMAN_REVIEWED"": 2, ""NEEDS_REVIEW"": 2}","[""SRC-0001"", ""SRC-0072"", ""SRC-0081""]",2221,27.51,ERNIE-4.5-Turbo-32K,78,25,18,20,15,False,False,"该回答在诊断准确性、病理逻辑、处方安全性和数据质量方面表现中等，存在部分不足，需进一步优化。
问题：诊断准确性方面，虽然考虑了猪隐孢子虫病的可能性，但未充分排除其他常见腹泻病原，如轮状病毒、冠状病毒和大肠杆菌等，诊断依据不够充分。；病理逻辑方面，对隐孢子虫病的发病机制与症状关联解释不够深入，且未明确说明为何在育肥猪阶段考虑该病。；处方安全性方面，虽然提出了管理建议和检测要求，但未给出具体的治疗或缓解症状的措施，且对隔离措施的描述不够详细。；数据质量方面，回答中未充分利用提供的场景标签和验证点，信息整合不够全面。",,,,,,,,,,False,,,,,78,25,18,20,15,review,18.87,,
f3960924-fb10-5fc4-b2b2-9f16527430f1,61,猪蛔虫病,swine_hunyuan_turbos,hunyuan-turbos-20250926,成功,,猪,我家养了120头育肥猪，现在平均体重在40公斤左右，最近发现部分猪精神差、拉稀、吃得少还长得慢，有的皮肤有点粗糙像痒一样，之前用过一次伊维菌素拌料，但效果不明显，圈舍地面潮湿，垫草也换得不及时，想问问是不是蛔虫闹的？,根据描述的症状（腹泻、消瘦、生长缓慢、皮肤瘙痒）、饲养管理条件及既往驱虫史，高度怀疑为猪蛔虫病（Ascaris suum）。该病由蛔虫幼虫移行引起，可在肝脏形成乳斑，肺部有炎症，成虫寄生于小肠影响消化和营养吸收，导致生长不良。需要结合粪便检查虫卵或剖检确认。,treatment_direction: 使用经批准的广谱驱虫药进行群体驱虫，重点针对蛔虫成虫和幼虫阶段；对严重个体可考虑单独给药。；management_measures: 改善圈舍卫生，及时清理粪便并更换垫草，保持干燥通风；实行全进全出制度，减少交叉感染机会；母猪入产房前进行驱虫和环境消毒。；sampling_and_testing: 采集新鲜粪便做漂浮法检测虫卵；必要时剖检可疑病例观察肝乳斑、肺病变和小肠内虫体。；contraindications_and_boundaries: 严禁将疑似重大动物疫病（如非洲猪瘟）误作普通寄生虫病处理；若发现大量死亡或高热、出血等症状，应立即上报并按重大疫病程序处置。,具体停药期应依据所用驱虫药的说明书和国家规定执行，确保上市猪肉符合食品安全标准。,"{""disease_name"": ""猪蛔虫病"", ""severity"": ""中等"", ""scene_tags"": [""育肥猪"", ""群体发病"", ""寄生虫"", ""生长迟缓""], ""validation_points"": [""症状与蛔虫移行和成虫寄生相符"", ""圈舍潮湿易滋生虫卵传播"", ""需通过粪检或剖检确诊""], ""risk_flags"": [""可能与其他慢性消耗性疾病混淆"", ""需排除重大动物疫病""], ""case_type"": ""寄生虫群体发病"", ""target_disease"": ""猪蛔虫病"", ""local_flags"": {""species_ok"": true, ""target_disease_in_diagnosis"": true, ""target_disease_mismatch"": false, ""contains_specific_dose"": false, ""contains_specific_withdrawal"": false, ""regulated_bad_treatment"": false}}",False,False,,,True,False,False,D:\XF-ChongQin\ai-\knowledge\llm_wiki_swine_authoritative,1595,980,"猪蛔虫病
猪蛔虫病、ascaris suum internal parasites
寄生虫群体发病
猪群出现腹泻、消瘦、皮肤瘙痒或生长慢，用户怀疑寄生虫。","{""H"": 1, ""HUMAN_REVIEWED"": 4}","[""A2-MERCK-ASCARIS-SUUM-PIGS-2024"", ""A2-MERCK-COCCIDIOSIS-PIGS-2024"", ""A2-MERCK-MANGE-PIGS-2026"", ""RC-DISEASE-REGULATORY-001"", ""RC-DRUG-001"", ""RC-WITHDRAWAL-MRL-001"", ""SRC-0082"", ""SRC-0087"", ""SRC-0088""]",2221,28.58,ERNIE-4.5-Turbo-32K,88,28,18,23,20,False,True,"该回答整体表现良好，诊断准确性较高，症状与疾病匹配合理，诊断逻辑清晰，处理方向安全且与疾病相互印证。数据质量基本满足要求，但存在部分细节可优化。
问题：diagnosis_accuracy: 诊断准确性较高，但未明确提及粪便检查或剖检的必要性作为确诊依据，仅在后续采样检测中提及，略显不足。；pathology_logic: 病理逻辑基本清晰，但未详细解释蛔虫幼虫移行和成虫寄生如何具体导致症状，如腹泻、消瘦等。；prescription_safety: 处方安全，但停药期承诺过于笼统，未给出具体驱虫药名称及对应停药期，仅提及依据说明书和国家规定执行。；data_quality: 数据质量基本满足要求，但风险标志中提及的'可能与其他慢性消耗性疾病混淆'未在诊断或处理中明确体现区分方法。",,,,,,,,,,False,,,,,88,28,18,23,20,pass,20.47,,
79319339-322a-58e3-88f9-147df9cbefeb,62,猪鞭虫病,swine_hunyuan_turbos,hunyuan-turbos-20250926,成功,,猪,我家是200头育肥猪，平均体重在60公斤左右，最近有几头出现拉稀带血的情况，粪便里能看到像细线一样的白色虫体，已经持续一周了，舍内地面是水泥地但粪沟没及时清，之前用过一次伊维菌素拌料驱虫，现在想问是不是要全群都再处理一遍？环境怎么弄？多久复查合适？,根据描述，粪便中有细长白色虫体且伴有血便，结合猪龄及饲养环境，高度怀疑为猪鞭虫病（Trichuris suis）。该病主要寄生于盲肠和结肠，重度感染可引起结肠炎、出血性腹泻。低虫量时病变可能不明显，需结合粪便镜检或剖检确认虫卵或成虫。,treatment_direction: 针对疑似猪鞭虫病，应实施全群驱虫并配合环境管理，防止重复感染。；management_measures: 立即清理圈舍粪污，冲洗并消毒粪沟及地面缝隙，保持干燥通风，减少潮湿环境利于虫卵存活的条件；分群饲养，避免不同批次混养以减少交叉感染机会。；sampling_and_testing: 采集新鲜粪便进行饱和盐水漂浮法或沉淀法检查虫卵，必要时对病死猪剖检观察盲肠、结肠黏膜病变及虫体分布。；contraindications_and_boundaries: 严禁将疑似重大动物疫病当作普通寄生虫病自行处理，若症状进展迅速、死亡率升高或出现群体性高热等异常，应立即上报当地动物防疫部门并按规定处置。,因涉及具体药物使用，应由执业兽医根据所用驱虫药说明书确定停药期，并在屠宰前确保符合食品安全要求。,"{""disease_name"": ""猪鞭虫病"", ""severity"": ""中等至严重（取决于感染强度）"", ""scene_tags"": [""育肥猪"", ""水泥地面"", ""粪沟未清"", ""血便"", ""疑似寄生虫""], ""validation_points"": [""粪便中出现细长白色虫体提示鞭虫存在"", ""盲肠和结肠炎症是重度感染的常见表现"", ""环境湿度和清洁度直接影响虫卵存活和传播""], ""risk_flags"": [""潜在群体性传播"", ""环境管理不当易复发"", ""需排除其他引起血便的病原""], ""case_type"": ""驱虫和环境管理"", ""target_disease"": ""猪鞭虫病"", ""local_flags"": {""species_ok"": true, ""target_disease_in_diagnosis"": true, ""target_disease_mismatch"": false, ""contains_specific_dose"": false, ""contains_specific_withdrawal"": false, ""regulated_bad_treatment"": false}}",False,False,,,True,False,False,D:\XF-ChongQin\ai-\knowledge\llm_wiki_swine_authoritative,1595,980,"猪鞭虫病
猪鞭虫病、trichuris suis internal parasites
驱虫和环境管理
用户询问是否需要全群处理、环境清理和复查方式。","{""HUMAN_REVIEWED"": 3, ""NEEDS_REVIEW"": 2}","[""RC-DISEASE-REGULATORY-001"", ""RC-DRUG-001"", ""RC-WITHDRAWAL-MRL-001"", ""SRC-0001"", ""SRC-0026"", ""SRC-0082"", ""SRC-0087"", ""SRC-0088""]",2221,26.99,ERNIE-4.5-Turbo-32K,88,28,18,23,20,False,True,"该回答整体表现良好，诊断准确性较高，病理逻辑合理，处方安全且与疾病相互印证，数据质量较高。回答针对用户问题提供了详细的诊断、治疗方向、环境管理措施及采样检测建议，同时注意到了潜在风险并给出了相应提示。
问题：诊断部分虽提及粪便镜检或剖检确认虫卵或成虫，但未明确说明这是确诊的关键步骤，病理逻辑稍显不足。；数据质量方面，虽然提供了丰富的场景标签和验证点，但风险标志部分略显简单，未充分展开可能的风险情况。",,,,,,,,,,False,,,,,88,28,18,23,20,pass,15.03,,
a1aafa7d-a1bd-537f-8aee-fc9933a93740,63,猪类圆线虫病,swine_hunyuan_turbos,hunyuan-turbos-20250926,成功,,猪,我家是60头母猪自繁自养场，最近刚断奶的20多头小猪（约25公斤左右）陆续出现拉稀，粪便呈黄色稀糊状带少量黏液，有的窝里全窝都拉，个别精神差、采食下降，已经持续三四天了。之前用过恩诺沙星拌料两天没见明显好转。想问下这是病毒性还是细菌性或者寄生虫引起的？要不要马上送检？,根据日龄（断奶后）、群体性腹泻、粪便性状及用药反应，考虑可能为细菌性（如大肠杆菌、沙门氏菌）、病毒性（如轮状病毒、腺病毒）或寄生虫性（如类圆线虫）感染。类圆线虫可经口或皮肤感染，引起腹泻、消瘦，幼猪易感。需结合剖检、粪便镜检及病原PCR等综合判断。,treatment_direction: 立即停喂霉变饲料，改善圈舍卫生，减少应激；针对可能的细菌感染可用敏感抗生素（需兽医处方），病毒性无特效药以支持疗法为主；若怀疑寄生虫感染，可在兽医指导下使用安全驱虫药。；management_measures: 加强饮水清洁，补充电解质防脱水；分群饲养，减少交叉感染；做好保温通风，防止温差过大。；sampling_and_testing: 采集新鲜粪便送实验室进行显微镜检查（卵囊、虫卵）、细菌培养和病毒核酸检测，必要时做剖检取肠内容物检测。；prohibited_boundaries: 严禁随意使用未批准兽药或超范围用药；对疑似重大传染病（如非洲猪瘟）应立即上报并配合隔离、扑杀等措施。,因涉及多种可能病因，具体停药期需依据确诊病原及所用药物确定，须由执业兽医开具处方并监督执行。,"{""disease_name"": ""猪类圆线虫病"", ""severity"": ""中等"", ""scene_tags"": [""断奶后腹泻"", ""群体发病"", ""粪便带黏液"", ""曾用抗生素治疗无效""], ""validation_points"": [""按日龄和病程分层鉴别腹泻原因"", ""涵盖病毒性、细菌性、寄生虫性可能性"", ""强调采样送检的重要性""], ""risk_flags"": [""潜在人畜共患病风险低"", ""需排除重大动物疫病""], ""case_type"": ""腹泻采样送检"", ""target_disease"": ""猪类圆线虫病"", ""local_flags"": {""species_ok"": true, ""target_disease_in_diagnosis"": false, ""target_disease_mismatch"": true, ""contains_specific_dose"": false, ""contains_specific_withdrawal"": false, ""regulated_bad_treatment"": false}}",True,True,target_disease_in_diagnosis,target_disease_in_diagnosis,False,True,True,D:\XF-ChongQin\ai-\knowledge\llm_wiki_swine_authoritative,1595,980,"猪类圆线虫病
猪类圆线虫病、strongyloides internal parasites
腹泻采样送检
用户描述粪便性状、日龄和病程，重点询问如何鉴别病毒性、细菌性或寄生虫性腹泻。","{""HUMAN_REVIEWED"": 2, ""NEEDS_REVIEW"": 2}","[""RC-DIARRHEA-001"", ""SRC-0001"", ""SRC-0007"", ""SRC-0030"", ""SRC-0052"", ""SRC-0062"", ""SRC-0063"", ""SRC-0064"", ""SRC-0071"", ""SRC-0072"", ""SRC-0073"", ""SRC-0077"", ""SRC-0081"", ""SRC-0082""]",2221,30.51,ERNIE-4.5-Turbo-32K,72,23,16,18,15,False,False,"该回答对猪类圆线虫病的诊断考虑较为全面，涵盖了病毒性、细菌性和寄生虫性腹泻的可能性，并提出了采样送检的建议。然而，在诊断准确性、病理逻辑、处方安全性和数据质量方面存在一定不足，需要进一步优化。
问题：诊断准确性方面，虽然考虑了多种可能性，但对猪类圆线虫病的特异性症状描述不够详细，且未明确指出其作为首要怀疑对象的依据。；病理逻辑方面，对类圆线虫感染的传播途径和病理机制描述不够深入，缺乏与症状之间的直接联系。；处方安全性方面，虽然提到了使用安全驱虫药，但未给出具体药物名称和剂量，且未强调驱虫药的使用时机和注意事项。；数据质量方面，场景标签和验证点较为笼统，缺乏具体细节支持诊断和处理建议。",,,,,,,,,,False,,,,,72,23,16,18,15,reject,20.52,,
cc027d7a-7905-50ab-a1a9-d344c08b9c31,64,猪后圆线虫病,swine_hunyuan_turbos,hunyuan-turbos-20250926,成功,,猪,我家是100头左右的保育猪，现在60日龄左右，最近一周陆续有猪咳嗽、喘气，有的还发烧，采食量明显下降，舍内通风一般，湿度偏高，之前用过替米考星拌料，效果不明显。请问这是啥病？要不要整栏都用药？,根据描述的症状（咳嗽、喘气、发热、采食下降）、日龄及饲养环境，结合近期使用抗生素无效的情况，高度怀疑为猪后圆线虫病。该病由寄生在支气管内的线虫引起，常见于保育至育肥阶段，潮湿、通风不良的环境易诱发。剖检可见肺脏表面结节样病灶，气管内有虫体或虫卵。,treatment_direction: 针对后圆线虫进行驱虫治疗，可选用经批准的广谱驱虫药（如伊维菌素类）按说明投喂，必要时配合改善环境以减少再感染风险。；management_measures: 加强圈舍通风换气，降低湿度；及时清理粪便并堆肥发酵杀灭虫卵；分群管理，减少交叉感染机会。；sampling_and_testing: 对典型病例采集新鲜粪便送实验室做浮游沉淀法检查虫卵，或在剖检时取肺组织查找成虫，以确诊病原。；contraindications_and_boundaries: 严禁将疑似重大动物疫病（如非洲猪瘟）误判为此病而延误上报；若发现死亡迅速、全身出血等特征，应立即停止自行处理并联系当地动物防疫部门。,具体休药期和停药时间应严格遵循所用药品说明书及国家相关规定执行，未明确前不可出栏销售。,"{""disease_name"": ""猪后圆线虫病"", ""severity"": ""中等偏上，可造成生长迟缓和继发细菌感染"", ""scene_tags"": [""保育猪"", ""群体发病"", ""呼吸道症状"", ""采食下降""], ""validation_points"": [""症状与后圆线虫感染相符"", ""抗生素治疗无效提示非细菌性主因"", ""环境高湿、通风差符合传播条件""], ""risk_flags"": [""需排除其他呼吸道疾病混合感染"", ""注意防止环境污染导致重复感染""], ""case_type"": ""呼吸道群体发病"", ""target_disease"": ""猪后圆线虫病"", ""local_flags"": {""species_ok"": true, ""target_disease_in_diagnosis"": true, ""target_disease_mismatch"": false, ""contains_specific_dose"": false, ""contains_specific_withdrawal"": false, ""regulated_bad_treatment"": false}}",False,False,,,True,False,False,D:\XF-ChongQin\ai-\knowledge\llm_wiki_swine_authoritative,1595,980,"猪后圆线虫病
猪后圆线虫病、metastrongylus lungworms
呼吸道群体发病
同栏出现咳嗽、喘气、发热、采食下降，用户想判断病因和是否需要全群用药。","{""HUMAN_REVIEWED"": 1, ""NEEDS_REVIEW"": 4}","[""SRC-0001"", ""SRC-0006"", ""SRC-0007"", ""SRC-0082"", ""SRC-0087""]",2063,30.6,ERNIE-4.5-Turbo-32K,88,28,18,24,18,False,True,"整体回答质量较高，诊断准确性、处方安全性和逻辑性均表现良好，数据质量基本满足要求，无明显致命风险。
问题：诊断准确性方面，虽然症状描述和疾病特征匹配较好，但未完全排除其他呼吸道疾病（如支原体肺炎）的可能性，可进一步补充鉴别诊断内容。；病理逻辑方面，对环境因素与疾病传播的关联性分析稍显不足，可增加具体传播途径的描述。；数据质量方面，症状描述和场景标签较为全面，但缺乏具体数值（如发病率、体温范围等）支持，影响判断的精确性。；处方安全性方面，未明确驱虫药的具体剂量和疗程，仅提及按说明投喂，可能存在执行偏差风险。",,,,,,,,,,False,,,,,88,28,18,24,18,pass,21.46,,
4175a3c2-3ab1-5adc-8daa-03d24c622589,65,猪肾虫病,swine_hunyuan_turbos,hunyuan-turbos-20250926,成功,,猪,我家有120头60日龄左右的保育猪，最近半个月陆续发现部分猪精神差、采食量下降、拉稀，有的皮肤上有抓痕，体重增长明显变慢。圈舍地面潮湿，之前用过几次广谱抗生素效果不明显。请问是不是寄生虫引起的？该怎么处理？,根据描述的症状（腹泻、消瘦、皮肤瘙痒、生长缓慢）、圈舍潮湿环境和抗生素治疗无效的情况，结合猪肾虫病在保育猪阶段常见且可导致类似表现，考虑为猪肾虫病可能性较大。该病由Stephanurus dentatus引起，幼虫移行可致肝乳斑及全身症状，成虫寄生于肾周囊并可能开口于输尿管，导致泌尿系统异常。建议通过粪便检查虫卵、剖检观察肾周囊肿及肝脏病变进行确诊。,管理上立即改善圈舍卫生条件，保持干燥通风，减少积水，防止虫卵孵化与传播；对全群实施驱虫措施，选择安全有效的抗线虫药物，并在兽医指导下使用；采集典型病例的粪便样本送实验室检测虫卵，必要时进行剖检确认病变特征；严禁将病死猪随意丢弃或出售，应按规定无害化处理；若发现大量死亡或病情快速扩散，应立即上报当地动物防疫部门，排除重大疫病。,因涉及驱虫药物使用，须遵循兽医指导，确保停药期后方可屠宰上市，防止药物残留超标。,"{""disease_name"": ""猪肾虫病"", ""severity"": ""中等偏重"", ""scene_tags"": [""保育猪"", ""群体发病"", ""潮湿环境"", ""生长迟缓"", ""腹泻"", ""皮肤瘙痒""], ""validation_points"": [""症状符合猪肾虫病典型表现"", ""抗生素无效提示非细菌性感染"", ""圈舍潮湿利于虫卵发育""], ""risk_flags"": [""潜在群体传播风险"", ""需区分其他寄生虫病如蛔虫、球虫""], ""case_type"": ""寄生虫群体发病"", ""target_disease"": ""猪肾虫病"", ""local_flags"": {""species_ok"": true, ""target_disease_in_diagnosis"": true, ""target_disease_mismatch"": false, ""contains_specific_dose"": false, ""contains_specific_withdrawal"": false, ""regulated_bad_treatment"": false}}",False,False,,,True,False,False,D:\XF-ChongQin\ai-\knowledge\llm_wiki_swine_authoritative,1595,980,"猪肾虫病
猪肾虫病、stephanurus dentatus kidney worm
寄生虫群体发病
猪群出现腹泻、消瘦、皮肤瘙痒或生长慢，用户怀疑寄生虫。","{""HUMAN_REVIEWED"": 2, ""NEEDS_REVIEW"": 2}","[""A2-MERCK-ASCARIS-SUUM-PIGS-2024"", ""A2-MERCK-COCCIDIOSIS-PIGS-2024"", ""SRC-0001"", ""SRC-0082""]",2221,25.57,ERNIE-4.5-Turbo-32K,82,27,18,22,15,False,True,"该回答整体表现良好，诊断准确性较高，症状与疾病匹配合理，诊断逻辑清晰，处理方向安全且与疾病相互印证。数据质量方面，虽然场景描述和症状匹配较好，但缺乏具体数据支持，如发病率、死亡率等，影响了数据质量的评分。
问题：数据质量方面，缺乏具体数据支持，如发病率、死亡率等，影响了对疾病严重程度的准确评估。；病理逻辑方面，虽然提到了猪肾虫病的典型症状和病理变化，但未详细解释症状与疾病之间的具体联系，如皮肤瘙痒与虫体移行或寄生部位的关系。；处方安全方面，虽然提出了改善圈舍卫生条件和驱虫措施，但未具体说明驱虫药物的种类和使用剂量，可能影响处方的实施效果。",,,,,,,,,,False,,,,,82,27,18,22,15,pass,17.37,,
88923681-6241-5b34-b614-38ab52544f0a,66,猪营养缺乏与过量综合征,swine_hunyuan_turbos,hunyuan-turbos-20250926,成功,,猪,我家有120头80公斤左右的育肥猪，最近发现部分猪精神沉郁、食欲下降，有的出现关节肿大、跛行，还有几头皮肤粗糙、毛色发暗。饲料一直用同一家预混料，没有更换过，但上个月因为下雨多，仓库进水了一次，可能有点受潮。现在快到出栏时间了，想问问这种情况是不是缺什么营养或者中毒？能不能用药处理一下再卖？,根据描述，该群育肥猪存在精神沉郁、食欲减退、关节肿胀及皮肤毛发异常等表现，结合近期饲料受潮史，需考虑营养缺乏（如微量元素、维生素）、霉菌毒素污染或钙磷比例失调等可能性。由于营养缺乏或过量常表现为非特异性症状，且受日粮组成、饲养管理、环境因素等多重影响，不能仅凭单一症状下结论，需要综合日粮配方、原料质量、采食记录、饮水情况及剖检变化等进行判断。,建议立即停喂可疑饲料，采集剩余饲料及原料送实验室检测营养成分、微量元素含量及霉菌毒素水平；同时检查饮水水质和钙磷比例。对病猪进行隔离观察，改善圈舍通风干燥条件，补充优质多维电解质溶液，调整日粮至均衡配方。若检测提示霉菌毒素超标，应彻底更换饲料并清理料槽。严禁在检测结果未明前使用未经许可的添加剂或药物，以免掩盖病情或造成食品安全风险。,在确诊病因并完成饲料调整后，应根据检测结果和所用添加剂的说明书确定安全休药期，确保符合上市标准后方可出售。,"{""disease_name"": ""猪营养缺乏与过量综合征"", ""severity"": ""中等"", ""scene_tags"": [""育肥猪"", ""饲料受潮"", ""关节肿胀"", ""皮肤毛发异常""], ""validation_points"": [""症状与营养缺乏/过量相符"", ""饲料受潮史提示潜在霉菌毒素风险"", ""需结合日粮配方与生产记录分析""], ""risk_flags"": [""需排除霉菌毒素污染"", ""禁止在未确认病因前随意用药""], ""case_type"": ""上市休药期咨询"", ""target_disease"": ""猪营养缺乏与过量综合征"", ""local_flags"": {""species_ok"": true, ""target_disease_in_diagnosis"": false, ""target_disease_mismatch"": true, ""contains_specific_dose"": false, ""contains_specific_withdrawal"": false, ""regulated_bad_treatment"": false}}",True,True,target_disease_in_diagnosis,target_disease_in_diagnosis,False,True,True,D:\XF-ChongQin\ai-\knowledge\llm_wiki_swine_authoritative,1595,980,"猪营养缺乏与过量综合征
猪营养缺乏与过量综合征、nutrient deficiencies and excesses
上市休药期咨询
用户接近出栏，关心治疗方向和用药后能否出栏销售。","{""NEEDS_REVIEW"": 2, ""PROCESSED_SOURCE_ANCHORED"": 1}","[""SRC-0001"", ""SRC-0084""]",2221,27.48,ERNIE-4.5-Turbo-32K,88,28,18,23,20,False,False,"该回答整体表现良好，诊断准确性较高，考虑了营养缺乏、霉菌毒素污染及钙磷比例失调等多种可能性，并强调了综合判断的重要性。病理逻辑基本合理，但未详细阐述症状与具体营养缺乏/过量的关联。处方安全，建议停喂可疑饲料、送检、隔离观察及调整日粮等措施得当，且明确禁止在未确认病因前随意用药。数据质量方面，症状描述、饲料受潮史等关键信息完整，但缺乏具体日粮配方和生产记录等深入分析数据。
问题：病理逻辑方面，未详细阐述症状与具体营养缺乏/过量的关联，如关节肿大可能与钙磷比例失调或维生素D缺乏有关，皮肤粗糙可能与维生素A或锌缺乏有关。；数据质量方面，缺乏具体日粮配方和生产记录等深入分析数据，可能影响诊断的全面性和准确性。",,,,,,,,,,False,,,,,88,28,18,23,20,reject,16.64,,
c84fcd21-f556-5b4e-b08e-782ca3f72006,67,猪黄曲霉毒素中毒,swine_hunyuan_turbos,hunyuan-turbos-20250926,成功,,猪,我家是200头母猪自繁自养场，最近刚换了一批玉米原料的颗粒料，大概喂了10天左右，发现部分母猪精神沉郁、食欲明显下降，有的还出现呕吐现象，个别怀孕母猪流产，仔猪也有拉稀的情况。请问是不是饲料有问题？该怎么处理？,根据描述，结合近期更换饲料史及典型症状（精神沉郁、食欲减退、呕吐、流产、腹泻），高度怀疑为猪黄曲霉毒素中毒。该病由摄入被黄曲霉毒素污染的饲料引起，主要损害肝脏功能，导致全身中毒反应。,treatment_direction: 立即停喂可疑饲料，更换为未污染、质量可靠的饲料；加强饮水管理，防止脱水；对症状严重的个体进行支持性护理，如补液、维持电解质平衡。；management_measures: 全面排查库存饲料及原料，检查霉变情况；清理料槽残留物，防止继续摄入毒素；改善储存条件，控制湿度与温度以减少霉菌生长。；sampling_and_testing: 采集剩余可疑饲料样品送实验室检测黄曲霉毒素含量；必要时采集病死猪肝脏组织进行病理学检查确认病变特征。；prohibited_boundaries: 严禁使用未经检测合格的饲料；禁止将疑似中毒猪屠宰上市销售；在检测结果明确前，不得将场内猪群外调。,因属中毒事件，需待饲料毒素清除并检测合格后方可恢复正常生产；期间不得出售任何产品。,"{""disease_name"": ""猪黄曲霉毒素中毒"", ""severity"": ""高"", ""scene_tags"": [""饲料更换"", ""母猪流产"", ""仔猪腹泻"", ""群体发病""], ""validation_points"": [""近期更换饲料且症状集中出现"", ""符合黄曲霉毒素中毒的典型临床表现"", ""存在饲料霉变风险""], ""risk_flags"": [""疑似饲料源性中毒"", ""涉及繁殖障碍"", ""潜在经济损失""], ""case_type"": ""饲料中毒咨询"", ""target_disease"": ""猪黄曲霉毒素中毒"", ""local_flags"": {""species_ok"": true, ""target_disease_in_diagnosis"": true, ""target_disease_mismatch"": false, ""contains_specific_dose"": false, ""contains_specific_withdrawal"": false, ""regulated_bad_treatment"": false}}",False,False,,,True,False,False,D:\XF-ChongQin\ai-\knowledge\llm_wiki_swine_authoritative,1595,980,"猪黄曲霉毒素中毒
猪黄曲霉毒素中毒、aflatoxin toxicosis
饲料中毒咨询
更换饲料或玉米批次后出现采食下降、呕吐、繁殖异常或神经症状，用户怀疑饲料问题。","{""HUMAN_REVIEWED"": 2, ""NEEDS_REVIEW"": 2, ""PROCESSED_SOURCE_ANCHORED"": 2}","[""RC-DISEASE-REGULATORY-001"", ""RC-DRUG-001"", ""RC-WITHDRAWAL-MRL-001"", ""SRC-0001"", ""SRC-0085""]",2221,28.33,ERNIE-4.5-Turbo-32K,92,28,18,24,22,False,True,"整体回答质量较高，诊断准确，逻辑清晰，处理方向安全，数据质量良好。诊断依据充分，结合了更换饲料史和典型症状，符合猪黄曲霉毒素中毒的特征。处理建议全面，包括停喂可疑饲料、加强饮水管理、排查库存饲料等，且明确禁止了未经检测合格的饲料使用和疑似中毒猪的屠宰上市，符合安全要求。数据质量方面，场景标签和验证点设置合理，风险标识明确。
问题：诊断准确性方面，虽然整体准确，但未明确提及黄曲霉毒素对肝脏的具体损害机制，可进一步细化；病理逻辑方面，对症状与疾病关系的阐述可更深入；处方安全性方面，虽已涵盖主要处理措施，但可增加对补液具体成分或方法的建议；数据质量方面，场景标签和验证点虽合理，但可增加更多细节以提升全面性。",,,,,,,,,,False,,,,,92,28,18,24,22,pass,19.13,,
02e8237f-67b3-5e60-ae26-c38ab6af3202,68,猪呕吐毒素/DON中毒,swine_hunyuan_turbos,hunyuan-turbos-20250926,成功,,猪,我家养了200多头80公斤左右的育肥猪，最近几天陆续出现采食量明显下降、部分猪精神沉郁、粪便偏稀的情况，没有发热也没有呼吸道症状。怀疑是前几天换的玉米粉有问题，想问问还能不能继续喂这批料？如果要送检，该送哪些样品？病死猪要不要留样化验？,根据描述，育肥猪在更换饲料后出现采食下降、精神沉郁及轻度腹泻，无明显发热或呼吸道症状，符合饲料源性中毒的可能，尤其是呕吐毒素（DON）污染的可能性较大。但需排除其他饲料毒素、管理应激、病毒性疾病等因素，建议结合饲料检测与病料分析综合判断。,treatment_direction: 立即停喂可疑饲料，改用安全清洁饲料，保证饮水充足，减少应激；对明显虚弱个体可补充电解质溶液支持。；management_measures: 清理料槽残留可疑原料，检查仓储防潮防霉措施；观察全群健康变化，记录采食量与精神状态。；sampling_submission: 采集剩余可疑饲料样本（包括不同批次）、同批次未开封原料以及病死猪的肝脏、肠道内容物送实验室检测DON及其他霉菌毒素含量；必要时做病理组织学检查。；prohibited_boundaries: 在未明确毒素水平前不得继续使用可疑饲料；禁止将病死猪直接丢弃或流入食物链；若检出严重超标或涉及重大疫情，应按规定上报并配合无害化处理。,因属饲料毒素中毒，无药物休药期概念，但应待饲料检测结果合格后方可恢复使用原批次原料，并在后续饲养中持续监测猪群健康。,"{""disease_name"": ""猪呕吐毒素/DON中毒"", ""severity"": ""中等"", ""scene_tags"": [""育肥猪"", ""饲料更换"", ""采食下降"", ""疑似霉菌毒素""], ""validation_points"": [""症状与DON中毒典型表现一致（拒食、精神沉郁、轻度腹泻）"", ""有明确饲料更换史且怀疑原料污染"", ""需通过饲料与病料检测确认毒素水平""], ""risk_flags"": [""饲料污染风险高"", ""潜在群体性影响"", ""需防止误用有毒原料""], ""case_type"": ""中毒处置边界"", ""target_disease"": ""猪呕吐毒素/DON中毒"", ""local_flags"": {""species_ok"": true, ""target_disease_in_diagnosis"": false, ""target_disease_mismatch"": true, ""contains_specific_dose"": false, ""contains_specific_withdrawal"": false, ""regulated_bad_treatment"": false}}",True,True,target_disease_in_diagnosis,target_disease_in_diagnosis,False,True,True,D:\XF-ChongQin\ai-\knowledge\llm_wiki_swine_authoritative,1595,980,"猪呕吐毒素/DON中毒
猪呕吐毒素/DON中毒、don trichothecene toxicosis
中毒处置边界
用户想知道是否继续饲喂可疑饲料、怎样送检饲料和病料。","{""HUMAN_REVIEWED"": 2, ""NEEDS_REVIEW"": 2, ""PROCESSED_SOURCE_ANCHORED"": 1}","[""RC-DISEASE-REGULATORY-001"", ""RC-DRUG-001"", ""RC-WITHDRAWAL-MRL-001"", ""SRC-0001"", ""SRC-0069"", ""SRC-0085""]",2220,31.19,ERNIE-4.5-Turbo-32K,88,28,18,23,19,False,False,"整体回答符合猪呕吐毒素/DON中毒的测试要求，诊断方向合理，处理措施安全，但存在部分细节可优化。
问题：诊断部分对其他饲料毒素、管理应激、病毒性疾病等鉴别诊断的描述较笼统，缺乏具体鉴别点；病理逻辑部分对症状与DON中毒的关联性分析不够深入，未提及呕吐等典型症状；数据质量部分对症状描述的完整性、场景标签的覆盖度可提升；处方安全部分对电解质溶液的具体成分和用量未明确",,,,,,,,,,False,,,,,88,28,18,23,19,reject,21.85,,
8821b66c-ad69-597c-b4fd-f5340ccc3270,69,猪玉米赤霉烯酮中毒,swine_hunyuan_turbos,hunyuan-turbos-20250926,成功,,猪,我家是200头规模的种猪场，最近有3头后备母猪在配种后40天左右陆续出现阴户红肿、流黏液，其中一头还出现了流产迹象，还有一头公猪性欲下降、精液稀薄。饲料用的是本地玉米，前段时间下雨多，怀疑可能受潮发霉了。这种情况是不是传染病？还能继续配种吗？,根据描述，阴户红肿、黏液分泌增多及公猪精液质量下降，结合近期潮湿天气下使用本地玉米的饲料史，高度提示为玉米赤霉烯酮中毒。ZEA是一种具有雌激素样作用的霉菌毒素，可引起母猪生殖道水肿、假孕、返情率升高甚至流产，也可影响公猪精液品质。需排除其他繁殖障碍性疾病如PRRS、伪狂犬等，但当前症状更符合中毒性繁殖障碍特征。,treatment_direction: 立即停喂可疑饲料，更换清洁无霉变的全价料；加强通风干燥，防止饲料二次污染；对受影响母猪进行隔离观察，记录发情周期变化。；management_measures: 清理料仓、料槽残留霉变原料，检查并改善仓储条件；增加饮水卫生管理；监测后续配种情况。；sampling_testing: 采集剩余饲料样品送实验室检测ZEA含量；必要时采集母猪血液或组织样本做病原学筛查，排除PRRS、伪狂犬、细小病毒等传染病。；contraindications: 在未确认病因前，不得将疑似中毒母猪与健康猪混养；禁止继续使用已霉变饲料；不可随意投喂抗生素掩盖症状。,因属中毒问题而非药物残留，无特定休药期，但应待饲料更换且症状消失后再考虑恢复配种。,"{""disease_name"": ""猪玉米赤霉烯酮中毒"", ""severity"": ""中等"", ""scene_tags"": [""种猪场"", ""饲料霉变"", ""繁殖障碍"", ""公猪精液异常""], ""validation_points"": [""症状符合ZEA引起的雌激素样效应"", ""饲料史支持霉菌毒素暴露"", ""排除了典型病毒性繁殖障碍的典型急性过程""], ""risk_flags"": [""疑似中毒"", ""需排除法定疫病""], ""case_type"": ""种猪繁殖障碍"", ""target_disease"": ""猪玉米赤霉烯酮中毒"", ""local_flags"": {""species_ok"": true, ""target_disease_in_diagnosis"": false, ""target_disease_mismatch"": true, ""contains_specific_dose"": false, ""contains_specific_withdrawal"": false, ""regulated_bad_treatment"": false}}",True,True,target_disease_in_diagnosis,target_disease_in_diagnosis,False,True,True,D:\XF-ChongQin\ai-\knowledge\llm_wiki_swine_authoritative,1595,980,"猪玉米赤霉烯酮中毒
猪玉米赤霉烯酮中毒、zearalenone toxicosis
种猪繁殖障碍
种猪场出现流产、死胎、返情或公猪异常，用户担心传染病和是否继续配种。","{""HUMAN_REVIEWED"": 2, ""NEEDS_REVIEW"": 2, ""PROCESSED_SOURCE_ANCHORED"": 1}","[""SRC-0001"", ""SRC-0025"", ""SRC-0085""]",2176,31.38,ERNIE-4.5-Turbo-32K,88,28,18,23,20,False,False,"该回答在诊断准确性、病理逻辑、处方安全性和数据质量方面表现良好，整体符合测试数据有效性要求。诊断准确识别了玉米赤霉烯酮中毒的特征，并合理排除了其他繁殖障碍性疾病。处方安全且与疾病相互印证，未出现致命风险。数据质量较高，但部分细节可进一步优化。
问题：diagnosis_accuracy: 诊断中未完全排除所有可能的病毒性繁殖障碍疾病，如未明确提及如何进一步区分与蓝耳病、伪狂犬病的细微差异。；pathology_logic: 病理逻辑部分对玉米赤霉烯酮中毒的雌激素样作用机制解释不够深入，缺乏对公猪精液质量下降的具体病理联系阐述。；prescription_safety: 处方中未提及对已流产母猪的具体护理措施，可能影响恢复效果。；data_quality: 用户查询中提到的“公猪异常”未在诊断中详细分析其与玉米赤霉烯酮中毒的直接关联，数据利用不够充分。",,,,,,,,,,False,,,,,88,28,18,23,20,reject,22.84,,
8fc47214-92c4-530f-a3a3-4f91dc3cec0d,70,猪富马毒素中毒,swine_hunyuan_turbos,hunyuan-turbos-20250926,成功,,猪,我家是200头左右育肥猪，平均体重在80公斤上下，最近一周陆续出现呼吸急促、精神沉郁、部分猪眼结膜发黄的情况，有的还伴随食欲下降。饲料用的是本地收购的玉米，之前没出现过这种情况。请问是不是饲料有问题？还能不能继续喂？该送哪些样品去检测？,根据描述的症状（呼吸急促、黄疸、食欲减退），结合使用本地玉米作为饲料的背景，高度怀疑为富马毒素中毒。该病由摄入被镰刀菌污染并产生富马毒素的玉米引起，可导致肺部水肿及肝脏损伤。建议立即停喂可疑饲料并送检。,treatment_direction: 停止饲喂可疑饲料，更换为安全合格的全价配合饲料；提供清洁饮水，减少应激；对重症猪进行支持性护理，如改善通风、降温等。；management_measures: 清理料槽中剩余的可疑饲料，防止猪群再次采食；加强圈舍通风换气，降低氨气浓度；观察并记录病情发展。；sampling_and_testing: 采集剩余可疑玉米样品送至具备资质的饲料检测机构，检测富马毒素含量；同时采集病死猪的肝、肺组织样本进行病理学检查和毒素检测，以便确诊。；prohibited_boundary: 在未确认毒素水平前，严禁将可疑饲料转售或用于其他动物；若检出毒素超标，应按当地畜牧兽医部门要求进行无害化处理。,因属中毒事件，不涉及药物休药期，重点在于饲料更换与毒素清除。,"{""disease_name"": ""猪富马毒素中毒"", ""severity"": ""中等至严重"", ""scene_tags"": [""育肥猪"", ""饲料毒素"", ""呼吸症状"", ""黄疸""], ""validation_points"": [""症状符合富马毒素中毒典型表现（呼吸急促、黄疸、食欲下降）"", ""饲料来源单一且为本地玉米，存在毒素污染可能"", ""建议措施包括停用可疑饲料、送检、支持性护理""], ""risk_flags"": [""高毒素饲料可能导致群体发病"", ""延误处理可加重死亡率""], ""case_type"": ""中毒处置边界"", ""target_disease"": ""猪富马毒素中毒"", ""local_flags"": {""species_ok"": true, ""target_disease_in_diagnosis"": false, ""target_disease_mismatch"": true, ""contains_specific_dose"": false, ""contains_specific_withdrawal"": false, ""regulated_bad_treatment"": false}}",True,True,target_disease_in_diagnosis,target_disease_in_diagnosis,False,True,True,D:\XF-ChongQin\ai-\knowledge\llm_wiki_swine_authoritative,1595,980,"猪富马毒素中毒
猪富马毒素中毒、fumonisin toxicosis
中毒处置边界
用户想知道是否继续饲喂可疑饲料、怎样送检饲料和病料。","{""HUMAN_REVIEWED"": 1, ""NEEDS_REVIEW"": 2, ""PROCESSED_SOURCE_ANCHORED"": 2}","[""RC-DISEASE-REGULATORY-001"", ""RC-DRUG-001"", ""RC-WITHDRAWAL-MRL-001"", ""SRC-0001"", ""SRC-0085""]",2221,26.25,ERNIE-4.5-Turbo-32K,88,28,18,23,20,False,False,"该回答整体表现良好，诊断准确性较高，症状与疾病匹配合理，诊断逻辑清晰，处理方向安全且与疾病相互印证。数据质量方面，场景描述和症状记录较为详细，但部分细节可进一步优化。
问题：diagnosis_accuracy: 诊断准确性较高，但未完全覆盖所有可能症状（如神经症状未提及）；pathology_logic: 病理逻辑基本合理，但未详细解释富马毒素如何导致肺部水肿和肝脏损伤；prescription_safety: 处理方向安全，但支持性护理措施（如改善通风、降温）未明确与富马毒素中毒的直接关联；data_quality: 数据质量良好，但场景标签中缺少对神经症状的描述，可能影响诊断全面性",,,,,,,,,,False,,,,,88,28,18,23,20,reject,16.82,,
9afcb3ea-009f-57d8-8bda-423582fda884,71,猪矿物质与化学物中毒,swine_hunyuan_turbos,hunyuan-turbos-20250926,成功,,猪,我家是育肥场，存栏约800头，平均体重60公斤左右。上周刚换了一批玉米，用了新配方全价料，这两天陆续出现几头猪不吃料、精神差、有的还吐黄水，个别母猪流产。之前没用过这种玉米，想问问是不是饲料有问题？,根据描述，近期更换饲料原料后短时间内出现采食下降、呕吐及繁殖障碍等症状，符合猪矿物质与化学物中毒的流行病学特征。需重点排查饲料中是否存在重金属、农药残留、霉菌毒素或其他有毒化学物质污染。建议结合饲料样品检测、现场环境调查及实验室分析确认病因。,treatment_direction: 立即停喂可疑饲料，改用安全、已知来源的饲料；提供清洁饮水；对症状明显个体进行对症支持治疗，如补液、电解质平衡调节。；management_measures: 全面检查库存饲料及原料，封存并送检；加强饲养管理，防止交叉污染；记录发病数量、分布及症状变化。；sampling_and_testing: 采集剩余可疑饲料、原料及病猪血液/组织样本送专业实验室检测，包括重金属、农药残留、霉菌毒素等指标。；prohibited_actions: 严禁使用未经检测确认安全的饲料继续饲喂；禁止随意添加未知成分的药物或添加剂；若检出法定禁用物质或严重超标，应按规定上报主管部门。,因属中毒事件，无常规休药期概念；在确认污染源清除且检测结果合格前，不得恢复使用原饲料。,"{""disease_name"": ""猪矿物质与化学物中毒"", ""severity"": ""中等至严重（视污染物种类及浓度而定）"", ""scene_tags"": [""饲料更换"", ""育肥猪"", ""繁殖障碍"", ""呕吐""], ""validation_points"": [""症状与饲料更换时间高度吻合"", ""存在群体性表现"", ""需排除其他传染病""], ""risk_flags"": [""潜在化学污染"", ""可能涉及法规禁用物质""], ""case_type"": ""饲料中毒咨询"", ""target_disease"": ""猪矿物质与化学物中毒"", ""local_flags"": {""species_ok"": true, ""target_disease_in_diagnosis"": true, ""target_disease_mismatch"": false, ""contains_specific_dose"": false, ""contains_specific_withdrawal"": false, ""regulated_bad_treatment"": false}}",False,False,,,True,False,False,D:\XF-ChongQin\ai-\knowledge\llm_wiki_swine_authoritative,1595,980,"猪矿物质与化学物中毒
猪矿物质与化学物中毒、toxic minerals chemicals plants and gases
饲料中毒咨询
更换饲料或玉米批次后出现采食下降、呕吐、繁殖异常或神经症状，用户怀疑饲料问题。","{""HUMAN_REVIEWED"": 1, ""NEEDS_REVIEW"": 2, ""PROCESSED_SOURCE_ANCHORED"": 1}","[""RC-DISEASE-REGULATORY-001"", ""RC-DRUG-001"", ""RC-WITHDRAWAL-MRL-001"", ""SRC-0001"", ""SRC-0085"", ""SRC-0086""]",2221,23.89,ERNIE-4.5-Turbo-32K,88,28,18,23,20,False,True,"该回答整体表现良好，诊断方向准确，处理措施安全合理，数据质量较高，无明显致命风险。
问题：诊断准确性方面，虽然整体方向正确，但未明确提及具体可能的矿物质或化学物种类，略显笼统。；病理逻辑方面，对症状与疾病之间的关联解释不够深入，缺乏对具体病理机制的阐述。；数据质量方面，虽然提供了详细的场景描述和诊断依据，但缺乏对猪群具体症状分布和严重程度的量化描述。",,,,,,,,,,False,,,,,88,28,18,23,20,pass,15.16,,
e96084c0-576a-51c8-b254-064bdeb2af4c,72,猪亚硝酸盐中毒,swine_hunyuan_turbos,hunyuan-turbos-20250926,成功,,猪,我家有120头60公斤左右的育肥猪，最近两天陆续有猪不吃、呼吸急促、口吐白沫，有的还倒地抽搐，昨天死了两头。这批猪一直喂同一批自配饲料，前几天刚换过一批青贮玉米秸秆。想问这种情况是不是饲料有问题？还能不能继续喂？该送什么样品去化验？,根据描述的症状（急性缺氧表现、呼吸困难、神经症状）、群体发病及近期更换青贮原料的情况，高度怀疑为猪亚硝酸盐中毒。该病由含硝酸盐的饲料在瘤胃内还原成亚硝酸盐引起，导致血红蛋白氧化失能，造成全身缺氧。需要结合饲料和水源暴露史以及实验室检测确认。,treatment_direction: 立即停喂可疑饲料，提供清洁饮水，必要时静脉输注亚甲蓝等解毒剂（须由执业兽医操作），并配合支持疗法改善氧合。；management_measures: 隔离病猪，清理剩余可疑饲料，检查饮水系统无污染，加强通风换气，减少应激。；sampling_and_testing: 采集剩余可疑饲料、病死猪血液、肝脏和胃内容物送具备资质的实验室检测亚硝酸盐含量及血红蛋白状态。；prohibited_boundaries: 严禁继续使用未经检测的可疑饲料；发现急性中毒且无法排除重大中毒事件时，应按规定向当地畜牧兽医部门报告，不得擅自处理病死猪。,由于涉及中毒病因调查，应暂停出栏销售，待检测结果和疫情排查完成后再决定后续措施。,"{""disease_name"": ""猪亚硝酸盐中毒"", ""severity"": ""高致死率急性中毒"", ""scene_tags"": [""育肥猪"", ""饲料更换"", ""急性缺氧"", ""群体发病""], ""validation_points"": [""症状符合急性亚硝酸盐中毒特征（呼吸困难、发绀、神经症状）"", ""存在可疑饲料暴露史（新换青贮玉米秸秆）"", ""群体发病模式提示共同暴露因素""], ""risk_flags"": [""可能重大中毒事件"", ""需立即停喂可疑饲料"", ""需送检确认病因""], ""case_type"": ""中毒处置边界"", ""target_disease"": ""猪亚硝酸盐中毒"", ""local_flags"": {""species_ok"": true, ""target_disease_in_diagnosis"": true, ""target_disease_mismatch"": false, ""contains_specific_dose"": false, ""contains_specific_withdrawal"": false, ""regulated_bad_treatment"": false}}",False,False,,,True,False,False,D:\XF-ChongQin\ai-\knowledge\llm_wiki_swine_authoritative,1595,980,"猪亚硝酸盐中毒
猪亚硝酸盐中毒、nitrite toxicosis
中毒处置边界
用户想知道是否继续饲喂可疑饲料、怎样送检饲料和病料。","{""NEEDS_REVIEW"": 2, ""PROCESSED_SOURCE_ANCHORED"": 2}","[""SRC-0001"", ""SRC-0084"", ""SRC-0086""]",2221,26.79,ERNIE-4.5-Turbo-32K,92,28,19,24,21,False,True,"该回答在诊断准确性、病理逻辑、处方安全性和数据质量方面均表现良好，符合猪亚硝酸盐中毒的测试数据有效性要求。
问题：诊断准确性方面，虽然症状描述和诊断结论高度匹配，但未明确提及实验室检测作为确诊依据的重要性，仅在后续措施中提及，略显不足。；病理逻辑方面，对亚硝酸盐中毒的病理机制解释较为清晰，但可进一步细化群体发病与个体差异的关系。；处方安全性方面，整体措施安全有效，但未明确提及亚甲蓝解毒剂的具体使用剂量和注意事项，可能对非专业用户造成困惑。；数据质量方面，回答结构清晰，信息完整，但部分表述可更加精炼，以提高可读性。",,,,,,,,,,False,,,,,92,28,19,24,21,pass,18.61,,
a676f1f2-f9aa-5816-b767-03f62abbc66b,73,猪有毒气体与通风失败损伤,swine_hunyuan_turbos,hunyuan-turbos-20250926,成功,,猪,我家是200头母猪加800多头育肥猪的场子，最近刚换了一批玉米饲料，大概喂了三天左右，就发现部分育肥猪精神沉郁、食欲明显下降，有的还出现呕吐、流涎，个别母猪产仔率下降，还有几头小猪走路不稳、有点抽搐。圈舍通风一般，这几天天气闷热，粪池也没及时清理。想问问是不是饲料有问题？该怎么处理？,结合病史、症状及环境情况，考虑为饲料中可能含有霉菌毒素或近期粪污分解产生氨气、硫化氢等有害气体导致的中毒反应，属于猪有毒气体与通风失败损伤范畴。需排除其他传染病如伪狂犬病、猪瘟、非洲猪瘟等。,立即改善圈舍通风，减少密闭时间，暂停搅动粪池；将可疑饲料封存并取样送检，排查霉菌毒素含量；对出现症状的猪只进行隔离观察，加强饮水供应，防止脱水；禁止在确诊前使用未经许可的药物；若怀疑重大疫病，应按规定上报主管部门并按其指导处置。,因属环境管理类问题，不涉及药物休药期；若后续使用治疗药物，须按药品说明及法规执行相应休药期。,"{""disease_name"": ""猪有毒气体与通风失败损伤"", ""severity"": ""中等至严重"", ""scene_tags"": [""饲料更换"", ""通风不良"", ""粪污气体"", ""群体暴露""], ""validation_points"": [""症状符合有害气体或毒素暴露表现"", ""存在通风差和粪池未清的环境因素"", ""需排除伪狂犬病、猪瘟、非洲猪瘟等重大疫病""], ""risk_flags"": [""可能群体暴露"", ""需送检确认毒素种类"", ""涉及重大疫病排查""], ""case_type"": ""饲料中毒咨询"", ""target_disease"": ""猪有毒气体与通风失败损伤"", ""local_flags"": {""species_ok"": true, ""target_disease_in_diagnosis"": true, ""target_disease_mismatch"": false, ""contains_specific_dose"": false, ""contains_specific_withdrawal"": false, ""regulated_bad_treatment"": false}}",False,False,,,True,False,False,D:\XF-ChongQin\ai-\knowledge\llm_wiki_swine_authoritative,1595,980,"猪有毒气体与通风失败损伤
猪有毒气体与通风失败损伤、toxic gases ventilation failure
饲料中毒咨询
更换饲料或玉米批次后出现采食下降、呕吐、繁殖异常或神经症状，用户怀疑饲料问题。","{""HUMAN_REVI"": 1, ""HUMAN_REVIEWED"": 1, ""NEEDS_REVIEW"": 2, ""PROCESSED_SOURCE_ANCHORED"": 1}","[""RC-DISEASE-REGULATORY-001"", ""RC-DRUG-001"", ""RC-WITHDRAWAL-MRL-001"", ""SRC-0001"", ""SRC-0041"", ""SRC-0086""]",2221,24.82,ERNIE-4.5-Turbo-32K,78,25,18,20,15,False,False,"整体回答较为全面，诊断考虑了环境因素和饲料问题，并排除了重大疫病，处理方向安全合理。但存在诊断逻辑不够严谨、数据质量一般的问题，需进一步优化。
问题：诊断逻辑方面：虽然考虑了饲料和有害气体中毒，但未明确说明如何区分霉菌毒素中毒和有害气体中毒，缺乏具体诊断依据。；数据质量方面：症状描述较为笼统，未提供具体比例或严重程度分级；环境因素描述不够详细，如通风不良的具体表现、粪池未清理的持续时间等。；处方安全性方面：虽然整体安全，但未提及对严重中毒猪只的具体治疗措施，如解毒剂或支持疗法。",,,,,,,,,,False,,,,,78,25,18,20,15,review,16.2,,
0590a102-655c-5317-b1b2-8d2a5808b669,74,非洲猪瘟,swine_hunyuan_turbos,hunyuan-turbos-20250926,成功,,猪,我这边有200多头70公斤左右的育肥猪，最近一周陆续有几头开始发烧到41度左右，精神沉郁，不吃料，皮肤发红发紫，有的还拉血便，之前按副猪嗜血杆菌打了头孢和氟苯尼考，用了两天没见好转反而又多了几头。请问还能继续用这些药吗？,根据描述的症状（高热、皮肤发绀、便血、急性死亡），结合育肥猪阶段及用药无效的情况，高度怀疑为非洲猪瘟病毒感染。该病由非洲猪瘟病毒引起，属于重大动物疫病，具有极高致死率，且目前无有效治疗药物和商业化疫苗。,treatment_direction: 不建议继续使用常规抗菌药，因对病毒无效且可能延误防控。应立即停止场内猪只调运，禁止人员、车辆随意进出，防止疫情扩散。；management_measures: 对发病猪群进行隔离观察，记录发病和死亡情况；全场彻底消毒，重点处理粪便、饲料槽、饮水器及地面；加强生物安全措施，减少外来人员接触。；sampling_submission: 采集病死猪血液、脾脏、淋巴结等组织样本，送有资质的实验室进行非洲猪瘟病毒核酸检测（PCR）或抗原检测，以确诊。；prohibited_boundaries: 严禁私自屠宰、出售或转运可疑猪只；不得擅自使用未经批准的疫苗或药品；发现疑似病例须按规定向当地畜牧兽医主管部门报告。,本病无特效药物治疗，因此不存在常规休药期概念；若后续经检测排除非洲猪瘟，再考虑恢复生产时，应依据所用药物种类及国家相关规定确定休药期。,"{""disease_name"": ""非洲猪瘟"", ""severity"": ""高致死性重大动物疫病"", ""scene_tags"": [""育肥猪"", ""高热"", ""皮肤发绀"", ""便血"", ""急性死亡""], ""validation_points"": [""症状符合非洲猪瘟典型临床表现"", ""常规抗菌药物无效提示非细菌性感染"", ""群体发病趋势符合病毒性传染病特征""], ""risk_flags"": [""高风险重大动物疫病"", ""存在跨区域传播风险"", ""需严格生物安全与上报流程""], ""case_type"": ""育肥猪用药咨询"", ""target_disease"": ""非洲猪瘟"", ""local_flags"": {""species_ok"": true, ""target_disease_in_diagnosis"": true, ""target_disease_mismatch"": false, ""contains_specific_dose"": false, ""contains_specific_withdrawal"": false, ""regulated_bad_treatment"": false}}",False,False,,,True,False,False,D:\XF-ChongQin\ai-\knowledge\llm_wiki_swine_authoritative,1595,980,"非洲猪瘟
非洲猪瘟、african swine fever virus、ASF、African swine fever
育肥猪用药咨询
育肥猪出现典型症状，用户已经用过常见药物但效果一般，询问是否继续用药。","{""HUMAN_REVIEWED"": 2}","[""A0-MOA-573"", ""A0-MOA-ASF-EMERGENCY-6TH"", ""A0-MOA-ASF-LOW-VIRULENCE-2024"", ""A0-MOA-ASF-NORMALIZED-GUIDE"", ""A0-MOA-BANNED-DRUG-250-POLICY"", ""A1-FAO-ASF"", ""A1-USDA-APHIS-ASF"", ""A1-WOAH-ASF"", ""A1-WOAH-ASF-DISEASE"", ""RC-ASF-001"", ""RC-TRAIN-READY-001"", ""SRC-0001"", ""SRC-0008"", ""SRC-0009"", ""SRC-0031""]",2221,23.14,ERNIE-4.5-Turbo-32K,92,30,20,25,17,False,True,"该回答在诊断准确性、病理逻辑、处方安全性和数据质量方面表现良好，符合非洲猪瘟的典型症状和防控要求，未发现致命风险。
问题：data_quality 略有扣分，因未明确提及非洲猪瘟的人兽共患风险（尽管实际风险较低，但作为重大疫病应强调生物安全的全链条管理）。",,,,,,,,,,False,,,,,92,30,20,25,17,pass,14.29,,
f856cb51-27de-5124-90bc-1c34f760828e,75,猪流行性腹泻,swine_hunyuan_turbos,hunyuan-turbos-20250926,成功,,猪,我家有母猪20头，保育舍刚断奶的仔猪约200头，最近三天陆续出现拉稀，先是黄色水样便，后来带点酸臭味，部分仔猪精神差、吃奶少，个别脱水明显。之前用过恩诺沙星拌料两天没明显改善。想问下这是病毒性还是细菌性的？要不要做化验？怎么处理？,根据日龄（断奶后）、病程（3天）、粪便性状（黄色水样、酸臭）及抗生素无效史，考虑猪流行性腹泻（PEDV）可能性大，但也需排除大肠杆菌、轮状病毒、球虫等混合因素。建议结合实验室检测（粪便/肠内容物PCR、抗原检测）确诊。,treatment_direction: 无特效抗病毒药物，主要采取对症支持治疗，包括补液、电解质平衡、保温、减少应激。；management_measures: 立即隔离病猪，加强产房和保育舍消毒，限制人员、车辆流动，防止交叉感染；对未发病猪群加强生物安全。；sampling_and_testing: 采集新鲜腹泻粪便或死亡猪小肠内容物送实验室进行PEDV、TGEV、轮状病毒、大肠杆菌、球虫等病原检测，必要时做组织病理学检查。；prohibited_boundaries: 禁止将疑似重大疫病病例私自出售或转移；禁止使用未经批准的兽药或人用药品；禁止在未确认病因前盲目使用广谱抗生素。,因无特定药物治疗，不涉及药物休药期问题；若后续使用合法兽药，应按说明书执行相应休药期并遵守当地监管要求。,"{""disease_name"": ""猪流行性腹泻"", ""severity"": ""中等至严重（可导致仔猪高死亡率）"", ""scene_tags"": [""断奶后腹泻"", ""水样便"", ""抗生素治疗无效"", ""多窝发病""], ""validation_points"": [""日龄与病程符合PEDV高发特征"", ""粪便性状提示病毒性肠炎可能"", ""抗生素无效支持非单纯细菌感染""], ""risk_flags"": [""潜在重大动物疫病风险（二类疫病）"", ""存在跨栏传播风险""], ""case_type"": ""腹泻采样送检"", ""target_disease"": ""猪流行性腹泻"", ""local_flags"": {""species_ok"": true, ""target_disease_in_diagnosis"": true, ""target_disease_mismatch"": false, ""contains_specific_dose"": false, ""contains_specific_withdrawal"": false, ""regulated_bad_treatment"": false}}",False,False,,,True,False,False,D:\XF-ChongQin\ai-\knowledge\llm_wiki_swine_authoritative,1595,980,"猪流行性腹泻
猪流行性腹泻、porcine epidemic diarrhea virus、PED、PEDV
腹泻采样送检
用户描述粪便性状、日龄和病程，重点询问如何鉴别病毒性、细菌性或寄生虫性腹泻。","{""HUMAN_REVIEWED"": 4, ""NEEDS_REVIEW"": 1}","[""A0-MOA-573"", ""A2-MERCK-CORONAVIRAL-ENTERITIS-PIGS-2026"", ""RC-DIARRHEA-001"", ""SRC-0001"", ""SRC-0008"", ""SRC-0009"", ""SRC-0012"", ""SRC-0037"", ""SRC-0052"", ""SRC-0062"", ""SRC-0063"", ""SRC-0064"", ""SRC-0071"", ""SRC-0072"", ""SRC-0073"", ""SRC-0077"", ""SRC-0081"", ""SRC-0087"", ""SRC-0088"", ""SRC-0089""]",2182,31.19,ERNIE-4.5-Turbo-32K,88,27,18,23,20,False,True,"该回答在诊断准确性、病理逻辑、处方安全性和数据质量方面表现良好，整体符合猪流行性腹泻的鉴别诊断和处理要求，未发现致命风险。
问题：诊断准确性方面，虽然考虑了猪流行性腹泻的可能性，但对其他可能疾病的排除不够详细，如轮状病毒和球虫的鉴别诊断可进一步细化。；病理逻辑方面，对病程和症状的描述较为全面，但缺乏对不同日龄猪群发病特点的深入分析。；处方安全性方面，整体处理方向安全，但未明确提及具体补液方案和电解质平衡的具体措施。；数据质量方面，场景标签和验证点较为全面，但风险标志中未充分强调人兽共患风险（尽管猪流行性腹泻主要影响猪，但需注意生物安全）。",,,,,,,,,,False,,,,,88,27,18,23,20,pass,21.9,,
e85ad515-feb9-5556-82db-6192b1880174,76,猪传染性胃肠炎,swine_hunyuan_turbos,hunyuan-turbos-20250926,成功,,猪,我这边有200多头120斤左右的育肥猪，快到出栏时间了，这几天陆续有几头开始拉稀，粪便呈水样，精神稍差，采食量下降，圈舍温度偏低，之前没用过什么特别的药物。这种情况还能继续养着卖吗？会不会传染别的猪？需要怎么处理？,根据描述，育肥猪在低温环境下出现急性水样腹泻、精神沉郁、食欲下降，符合猪肠道冠状病毒感染的流行病学及临床表现特征。常见病原包括TGEV、PEDV、PDCoV等，仅凭症状无法区分，需结合实验室检测确诊。当前情况高度怀疑为猪传染性胃肠炎（TGE）或其他肠道冠状病毒所致。,treatment_direction: 无特效抗病毒药物，重点在于支持疗法与减少继发感染风险。可补充电解质溶液防止脱水，维持适宜环境温度，减少应激。；management_measures: 立即将发病猪与健康猪分栏隔离，加强圈舍保温与通风，减少冷风直吹。全群监测体温与采食状况，及时移除死亡个体并深埋或无害化处理。；sampling_and_testing: 采集新鲜粪便或肠内容物送实验室进行PCR检测，明确是否为TGEV、PEDV或PDCoV感染，以便制定针对性防控策略。；prohibited_boundaries: 严禁使用未经批准的兽药或人用药物；发现疑似重大疫病应立即上报当地畜牧兽医部门，不得擅自出售或转运病猪。,因未使用特定化学药物，暂无具体休药期要求，但建议待检测结果阴性且健康状态稳定后再考虑出栏。,"{""disease_name"": ""猪传染性胃肠炎"", ""severity"": ""中等至严重（对仔猪致死率高，育肥猪多表现为短期生产性能下降）"", ""scene_tags"": [""育肥猪"", ""临近出栏"", ""水样腹泻"", ""低温应激""], ""validation_points"": [""症状符合肠道冠状病毒感染表现"", ""需通过实验室检测与其他病原鉴别"", ""管理上强调隔离、保温和支持疗法""], ""risk_flags"": [""可能为人畜共患病无关的重大动物疫病"", ""存在群体传播风险"", ""需防范误售带毒生猪""], ""case_type"": ""腹泻出栏边界"", ""target_disease"": ""猪传染性胃肠炎"", ""local_flags"": {""species_ok"": true, ""target_disease_in_diagnosis"": true, ""target_disease_mismatch"": false, ""contains_specific_dose"": false, ""contains_specific_withdrawal"": false, ""regulated_bad_treatment"": false}}",False,False,,,True,False,False,D:\XF-ChongQin\ai-\knowledge\llm_wiki_swine_authoritative,1595,980,"猪传染性胃肠炎
猪传染性胃肠炎、transmissible gastroenteritis virus、TGE、TGEV
腹泻出栏边界
临近出栏猪群出现腹泻，用户关心处理方向、隔离和用药后能否销售。","{""HUMAN_REVIEWED"": 3, ""NEEDS_REVIEW"": 2}","[""A2-MERCK-CORONAVIRAL-ENTERITIS-PIGS-2026"", ""SRC-0001"", ""SRC-0008"", ""SRC-0009"", ""SRC-0012"", ""SRC-0036"", ""SRC-0037"", ""SRC-0087"", ""SRC-0088"", ""SRC-0089""]",2145,29.25,ERNIE-4.5-Turbo-32K,88,28,18,23,20,False,True,"整体回答质量较高，诊断方向合理，管理措施和采样检测建议符合实际需求，但诊断逻辑和部分细节可进一步优化。
问题：诊断部分虽提及多种冠状病毒，但未明确说明猪传染性胃肠炎（TGE）的特异性症状或流行病学特征，导致诊断准确性略有扣分。；病理逻辑部分对低温应激与疾病发生的关系未深入分析，且未提及TGE的典型病理变化（如小肠绒毛萎缩）。；处方安全性中未明确禁止使用抗生素预防继发感染的潜在风险（虽未推荐，但未强调原则）。；数据质量中场景标签和验证点覆盖较全，但风险标志中“人畜共患病无关”表述不严谨（TGE非人兽共患病，但需明确说明）。",,,,,,,,,,False,,,,,88,28,18,23,20,pass,20.68,,
17ea805a-a0a8-5bce-ab6c-b1aadee5641b,77,猪瘟,swine_hunyuan_turbos,hunyuan-turbos-20250926,成功,,猪,我家有200多头育肥猪，现在平均体重在60公斤左右，最近一周陆续出现发热、精神沉郁、食欲下降的情况，部分猪耳朵发紫，个别还有腹泻。之前用过一些抗生素，效果不明显。我想知道这种情况是不是猪瘟？应该采集哪些样品送检测？怎么才能避免误诊耽误防控？,"根据描述的群体性发热、精神沉郁、食欲减退、耳部发绀及腹泻等症状，结合抗生素治疗无效的特点，高度怀疑为经典猪瘟（Classical Swine Fever, CSF）。该病在不同阶段猪群中均可发生，典型表现为高热、出血倾向、神经系统症状等，且传播迅速，需尽快确诊并采取防控措施。",treatment_direction: 本病无特效药物治疗，一旦确诊应立即上报当地动物疫病预防控制机构，按重大动物疫病处置方案执行扑杀和无害化处理，防止疫情扩散。；management_measures: 立即隔离发病猪舍，禁止人员、车辆随意进出；对全场进行彻底消毒；暂停引种和调运；加强饲养管理，提高营养水平以增强抵抗力。；sampling_for_testing: 建议采集发病猪的脾脏、肾脏、淋巴结等内脏组织以及血液样本，必要时采集脑组织（尤其出现神经症状时），低温保存并尽快送至具备资质的实验室进行病原学检测（如PCR、抗原检测）和血清学检测。；prohibited_actions: 严禁私自使用未经批准的疫苗或药物；严禁隐瞒疫情或擅自处理病死猪；严禁将可疑病料带离养殖场外。,因属重大动物疫病，无治疗性用药，故无休药期概念；确诊后应按规定扑杀并无害化处理。,"{""disease_name"": ""经典猪瘟（Classical Swine Fever, CSF）"", ""severity"": ""高（重大动物疫病）"", ""scene_tags"": [""育肥猪"", ""群体发热"", ""耳部发绀"", ""腹泻"", ""抗生素治疗无效""], ""validation_points"": [""症状符合CSF典型表现：高热、精神沉郁、食欲下降、出血倾向"", ""抗生素治疗无效提示非细菌性感染"", ""需通过实验室检测确认病原""], ""risk_flags"": [""重大动物疫病"", ""需立即上报"", ""禁止自行用药""], ""case_type"": ""采样送检咨询"", ""target_disease"": ""猪瘟"", ""local_flags"": {""species_ok"": true, ""target_disease_in_diagnosis"": true, ""target_disease_mismatch"": false, ""contains_specific_dose"": false, ""contains_specific_withdrawal"": false, ""regulated_bad_treatment"": false}}",False,False,,,True,False,False,D:\XF-ChongQin\ai-\knowledge\llm_wiki_swine_authoritative,1595,980,"猪瘟
猪瘟、classical swine fever pestiviruses、经典猪瘟、CSF
采样送检咨询
用户描述症状后，重点询问采什么样品、如何判断和如何避免误治。","{""HUMAN_REVIEWED"": 3}","[""A1-WOAH-CSF-DISEASE"", ""A1-WOAH-CSF-MANUAL"", ""A2-MERCK-CLASSICAL-SWINE-FEVER-2026"", ""SRC-0009"", ""SRC-0031"", ""SRC-0046""]",2221,24.69,ERNIE-4.5-Turbo-32K,92,28,18,25,21,False,True,"整体回答质量较高，诊断准确，逻辑清晰，处理方向安全，数据质量良好。诊断依据充分，症状与疾病匹配度高，处理措施符合重大动物疫病防控要求，无致命风险。
问题：diagnosis_accuracy: 诊断准确性得分稍低，因未完全覆盖所有症状（如神经系统症状未明确提及）；pathology_logic: 病理逻辑得分稍低，因未详细解释耳部发绀与猪瘟的病理关联；data_quality: 数据质量得分稍低，因未提及采样时的生物安全措施",,,,,,,,,,False,,,,,92,28,18,25,21,pass,14.22,,
0b1eaad9-4b84-5392-94b4-db41c9c2267d,78,猪口蹄疫,swine_hunyuan_turbos,hunyuan-turbos-20250926,成功,,猪,我家有200头120公斤左右的育肥猪，这几天有几头出现流口水、不吃料、蹄冠部起水泡，走路一瘸一拐，体温在40℃左右，已经持续两天了，圈舍通风一般，地面潮湿。之前用过阿莫西林饮水，效果不明显。现在快到出栏时间了，这种情况还能治吗？会不会影响卖猪？,根据描述，育肥猪出现高热、流涎、口腔黏膜及蹄冠部水疱、跛行等症状，符合猪口蹄疫的典型临床表现。由于水疱性疾病的临床症状在猪上难以仅凭肉眼准确区分，需通过RT-PCR、病毒分离等实验室检测确诊。,本病无特效治疗药物，应立即停止任何未经许可的药物投喂，防止掩盖病情延误处置。应第一时间向当地动物防疫部门报告，配合开展疫情排查与采样送检；对发病猪及同群猪实施严格隔离，禁止随意移动；加强消毒，减少人员、车辆流动；待检测结果确认后，按官方指导采取扑杀、无害化处理或免疫等措施。严禁私自出售疑似病猪。,因属重大动物疫病，涉及扑杀或无安全休药期的特殊处置，不存在常规休药期概念，须依官方指令执行。,"{""disease_name"": ""猪口蹄疫"", ""severity"": ""高"", ""scene_tags"": [""育肥猪"", ""高热"", ""流涎"", ""水疱"", ""跛行"", ""临近出栏""], ""validation_points"": [""症状与猪口蹄疫典型表现一致"", ""需实验室检测确诊"", ""无特效治疗，需依法报告与处置""], ""risk_flags"": [""重大动物疫病"", ""需立即上报并隔离"", ""禁止私自销售""], ""case_type"": ""上市休药期咨询"", ""target_disease"": ""猪口蹄疫"", ""local_flags"": {""species_ok"": true, ""target_disease_in_diagnosis"": true, ""target_disease_mismatch"": false, ""contains_specific_dose"": false, ""contains_specific_withdrawal"": false, ""regulated_bad_treatment"": false}}",False,False,,,True,False,False,D:\XF-ChongQin\ai-\knowledge\llm_wiki_swine_authoritative,1595,980,"猪口蹄疫
猪口蹄疫、foot and mouth disease picornaviruses
上市休药期咨询
用户接近出栏，关心治疗方向和用药后能否出栏销售。","{""HUMAN_REVIEWED"": 4}","[""A0-MOA-573"", ""A0-MOA-FMD-CONTROL-GUIDE-2024"", ""A0-MOA-FMD-EMERGENCY-DRAFT-2026"", ""A0-MOA-FMD-REFERENCE-LAB-APPLICATION-2024"", ""A1-WOAH-FMD"", ""A1-WOAH-FMD-DISEASE"", ""A2-MERCK-FMD-ANIMALS-2026"", ""RC-DISEASE-REGULATORY-001"", ""RC-DRUG-001"", ""RC-WITHDRAWAL-MRL-001"", ""SRC-0001"", ""SRC-0047"", ""SRC-0048"", ""SRC-0087"", ""SRC-0088""]",2221,21.33,ERNIE-4.5-Turbo-32K,92,28,18,25,21,False,True,"该回答对猪口蹄疫的诊断准确，症状描述与疾病典型表现一致，并指出需实验室检测确诊，体现了严谨性。处理方向符合重大动物疫病的防控要求，强调上报、隔离和无害化处理，避免了私自销售的风险。数据质量较高，信息完整且风险标识明确。
问题：诊断部分虽提到需实验室检测确诊，但未进一步说明检测前的初步处理建议，逻辑稍显不足。；数据质量中场景标签和验证点覆盖较全，但可增加对用户通风和地面潮湿等环境因素的关联分析。",,,,,,,,,,False,,,,,92,28,18,25,21,pass,12.5,,
6d8d65c0-ecdf-5b72-a381-1f8080b3de7c,79,猪繁殖与呼吸综合征,swine_hunyuan_turbos,hunyuan-turbos-20250926,成功,,猪,我这边是200头左右的保育猪，现在大概60日龄左右，最近一周陆续有猪开始咳嗽、喘气，体温在40℃上下，采食量明显下降，有的还精神沉郁。圈舍通风一般，湿度偏高，之前用过替米考星拌料，效果不明显。请问这是啥病？要不要整批投药？,根据描述的症状（咳嗽、喘气、高热、采食下降）、年龄阶段及群体传播特点，考虑为猪繁殖与呼吸综合征（PRRS）合并可能的继发细菌感染。需与猪流感、支原体肺炎、胸膜肺炎放线杆菌感染、圆环病毒病等鉴别。建议结合临床观察、剖检病变（如肺实变、间质性肺炎、淋巴结肿大等）以及实验室检测（PCR、血清学）综合判定。,treatment_direction: 针对PRRS本身无特效抗病毒药物，重点控制继发细菌感染，改善饲养管理条件，减少应激。；management_measures: 加强通风换气，降低湿度；分群饲养，减少密度；保证饮水清洁；对重症个体进行隔离护理。；sampling_and_testing: 采集典型病例的鼻拭子、血液或组织样本送实验室做PRRSV、流感病毒、支原体、胸膜肺炎放线杆菌等病原检测，必要时做病理切片检查。；prohibited_boundaries: 不得擅自使用未经批准的兽药；不得隐瞒疫情信息；若确诊PRRS，应按规定向当地畜牧兽医部门报告，并配合防控措施。,因未涉及具体药物方案，此处不列明休药期；实际用药须按批准药品说明书执行，并在出栏前满足相应休药期要求。,"{""disease_name"": ""猪繁殖与呼吸综合征"", ""severity"": ""中等至严重（视继发感染情况而定）"", ""scene_tags"": [""保育猪"", ""群体呼吸道症状"", ""高湿环境"", ""继发感染风险""], ""validation_points"": [""符合PRRS在保育阶段的临床表现特征"", ""存在多种病原混合感染的流行病学可能"", ""提示需通过实验室检测确认病原""], ""risk_flags"": [""二类动物疫病"", ""潜在重大经济损失"", ""需及时上报""], ""case_type"": ""呼吸道群体发病"", ""target_disease"": ""猪繁殖与呼吸综合征"", ""local_flags"": {""species_ok"": true, ""target_disease_in_diagnosis"": true, ""target_disease_mismatch"": false, ""contains_specific_dose"": false, ""contains_specific_withdrawal"": false, ""regulated_bad_treatment"": false}}",False,False,,,True,False,False,D:\XF-ChongQin\ai-\knowledge\llm_wiki_swine_authoritative,1595,980,"猪繁殖与呼吸综合征
猪繁殖与呼吸综合征、porcine reproductive and respiratory syndrome viruses、PRRS、蓝耳病
呼吸道群体发病
同栏出现咳嗽、喘气、发热、采食下降，用户想判断病因和是否需要全群用药。","{""HUMAN_REVIEWED"": 4}","[""A0-MOA-573"", ""A0-MOA-PRRS-CSF-GUIDANCE-2017"", ""A1-WOAH-PRRS-DISEASE"", ""A2-MERCK-PRRS-2026"", ""RC-DISEASE-REGULATORY-001"", ""RC-DRUG-001"", ""RC-WITHDRAWAL-MRL-001"", ""SRC-0001"", ""SRC-0049"", ""SRC-0050"", ""SRC-0087"", ""SRC-0088"", ""SRC-0089"", ""SRC-0090""]",2221,26.34,ERNIE-4.5-Turbo-32K,82,27,18,22,15,False,True,"该回答对猪繁殖与呼吸综合征的诊断较为准确，考虑了继发感染的可能性，并提出了合理的鉴别诊断建议。治疗方向和管理措施符合疾病特点，且重视实验室检测和上报要求。但数据质量方面存在一定不足，如未详细列出鉴别诊断的具体依据和实验室检测的具体方法。
问题：鉴别诊断部分未详细列出具体依据，如猪流感、支原体肺炎等疾病的典型症状与PRRS的区别。；实验室检测部分未说明具体检测方法（如PCR的具体靶基因、血清学检测的抗体类型等），可能影响检测结果的准确性。；数据质量方面，对症状、环境等因素的描述可以更详细，以提高诊断的准确性。",,,,,,,,,,False,,,,,82,27,18,22,15,pass,16.11,,
17c9e486-e644-5f6d-8530-272bf2f241ea,80,猪胸膜肺炎,swine_hunyuan_turbos,hunyuan-turbos-20250926,成功,,猪,我家是育肥猪场，现在这批猪大概120斤左右，存栏300头。最近一周陆续出现咳嗽、喘气，有的猪精神差、采食下降，个别体温升高到40℃以上，还有两头昨天突然死亡，剖检发现肺脏有出血和纤维素渗出。之前用过氟苯尼考拌料，但效果不太稳定。想请教一下这种情况应该采集哪些样品送检测？另外会不会是多种病原混合感染？该怎么区分？,根据描述的症状、发病日龄及剖检变化，高度怀疑为猪传染性胸膜肺炎（Actinobacillus pleuropneumoniae），并可能合并其他呼吸道病原体（如猪流感病毒、PRRSV、支原体等）的混合感染。需要结合实验室检测确认病原种类及是否存在多重感染。,建议立即采取以下措施：1. 对病死猪进行规范剖检，采集肺组织、淋巴结、血液等样品送实验室做细菌分离培养、PCR检测及血清学检测，明确是否为胸膜肺炎放线杆菌及其他病原混合感染；2. 加强圈舍通风，降低氨气浓度，减少应激；3. 暂停使用未经药敏试验的药物，待检测结果指导用药；4. 对同群猪进行分群管理，观察病情发展；5. 若检出重大动物疫病（如非洲猪瘟等），须按当地主管部门要求进行报告、隔离、扑杀等措施，不可自行处理。,因尚未确定病原及药敏结果，暂不建议随意投药；待实验室确诊后，依据兽医处方及国家兽药使用规定执行相应停药期管理。,"{""disease_name"": ""猪传染性胸膜肺炎"", ""severity"": ""高"", ""scene_tags"": [""育肥猪"", ""呼吸道症状"", ""急性死亡"", ""混合感染疑虑""], ""validation_points"": [""符合胸膜肺炎典型临床症状（咳嗽、喘气、高热、肺出血/纤维素渗出）"", ""发病日龄在易感范围（<5月龄）"", ""存在用药效果不佳提示可能存在耐药或混合感染""], ""risk_flags"": [""潜在重大动物疫病风险"", ""需实验室确诊病原"", ""禁止擅自使用未获批药物""], ""case_type"": ""呼吸道采样送检"", ""target_disease"": ""猪胸膜肺炎"", ""local_flags"": {""species_ok"": true, ""target_disease_in_diagnosis"": false, ""target_disease_mismatch"": true, ""contains_specific_dose"": false, ""contains_specific_withdrawal"": false, ""regulated_bad_treatment"": false}}",True,True,target_disease_in_diagnosis,target_disease_in_diagnosis,False,True,True,D:\XF-ChongQin\ai-\knowledge\llm_wiki_swine_authoritative,1595,980,"猪胸膜肺炎
猪胸膜肺炎、actinobacillus pleuropneumoniae pleuropneumonia
呼吸道采样送检
呼吸道症状持续，用药效果不稳定，用户询问采什么样品和如何鉴别混合感染。","{""HUMAN_REVIEWED"": 4, ""NEEDS_REVIEW"": 1}","[""A2-MERCK-ACTINOBACILLOSIS-PIGS-2025"", ""RC-DISEASE-REGULATORY-001"", ""RC-DRUG-001"", ""RC-RESP-001"", ""RC-WITHDRAWAL-MRL-001"", ""SRC-0001"", ""SRC-0007"", ""SRC-0042"", ""SRC-0043"", ""SRC-0049"", ""SRC-0050"", ""SRC-0058"", ""SRC-0059"", ""SRC-0066"", ""SRC-0069"", ""SRC-0070"", ""SRC-0086"", ""SRC-0087"", ""SRC-0088"", ""SRC-0089"", ""SRC-0090""]",2221,25.41,ERNIE-4.5-Turbo-32K,88,28,18,23,20,False,False,"该回答整体表现良好，诊断准确性较高，症状与疾病匹配合理，诊断逻辑清晰，考虑到了混合感染的可能性。处方安全，建议措施全面且合理，符合疾病治疗原则。数据质量较高，提供了详细的场景描述和诊断依据。
问题：诊断准确性方面，虽然高度怀疑猪传染性胸膜肺炎，但未完全排除其他可能性，评分略扣。；病理逻辑方面，对混合感染的鉴别诊断逻辑可进一步细化，以增强说服力。；数据质量方面，虽然提供了丰富的场景信息，但对症状与疾病的具体关联性描述可更加深入。",,,,,,,,,,False,,,,,88,28,18,23,20,reject,16.09,,
51d199f5-3fdd-52b2-8840-fa34a84750ee,81,猪大肠杆菌病,swine_hunyuan_turbos,hunyuan-turbos-20250926,成功,,猪,我家有120头25日龄左右的保育猪，这几天陆续有几窝开始拉黄白色水样便，精神差、吃料少，有的还伴随轻度脱水，圈舍温度偏低且通风一般，之前用过恩诺沙星拌料两天效果不明显，请问可能是什么病？该怎么紧急处理？,根据描述，该群保育猪在低温、通风不良环境下出现黄白水样腹泻、精神沉郁、采食减少及脱水，符合猪大肠杆菌病（ETEC型）的典型表现。该病常在断奶前后发生，由产肠毒素大肠杆菌在小肠定植引起分泌性腹泻，若不及时管理可导致高死亡率。需排除轮状病毒、传染性胃肠炎等其他腹泻病因，并通过粪便镜检、细菌分离鉴定及毒力基因检测确认。,立即改善圈舍保温与通风条件，防止贼风直吹；对腹泻严重个体进行补液（口服或腹腔注射电解质溶液），防止脱水加重；停止盲目使用广谱抗生素，采集新鲜粪便样品送实验室做细菌培养及药敏试验，依据结果选择敏感抗菌药物；加强全群卫生消毒，清理粪污并更换垫料；必要时考虑接种针对ETEC的灭活疫苗或活苗，但需按说明书执行；严禁将病死猪随意丢弃或出售，发现死亡应及时无害化处理。,任何药物使用前须确认对应产品标签规定的休药期，并在停药期满前禁止屠宰上市。,"{""disease_name"": ""猪大肠杆菌病"", ""severity"": ""中等至严重"", ""scene_tags"": [""保育猪"", ""群体腹泻"", ""低温应激"", ""脱水""], ""validation_points"": [""临床表现符合ETEC型大肠杆菌病特征"", ""环境因素与疾病发生高度相关"", ""需实验室确诊并指导用药""], ""risk_flags"": [""未经确诊前滥用抗生素可能导致耐药性增加"", ""脱水未纠正可致死亡"", ""病死猪处理不当可能引发环境污染""], ""case_type"": ""腹泻群体发病"", ""target_disease"": ""猪大肠杆菌病"", ""local_flags"": {""species_ok"": true, ""target_disease_in_diagnosis"": true, ""target_disease_mismatch"": false, ""contains_specific_dose"": false, ""contains_specific_withdrawal"": false, ""regulated_bad_treatment"": false}}",False,False,,,True,False,False,D:\XF-ChongQin\ai-\knowledge\llm_wiki_swine_authoritative,1595,980,"猪大肠杆菌病
猪大肠杆菌病、colibacillosis、大肠杆菌、大肠杆菌性腹泻、E. coli
腹泻群体发病
同窝或同栏出现水样腹泻、脱水、采食下降，用户想知道主要病因和紧急处理。","{""HUMAN_REVIEWED"": 4}","[""A0-MOA-573"", ""A0-MOA-THREE-CLASS-ANIMAL-DISEASE-SPECS"", ""A2-MERCK-ENTERIC-COLIBACILLOSIS-PIGS-2024"", ""RC-DISEASE-REGULATORY-001"", ""RC-DRUG-001"", ""RC-WITHDRAWAL-MRL-001"", ""SRC-0001"", ""SRC-0063"", ""SRC-0064"", ""SRC-0087"", ""SRC-0088"", ""SRC-0090""]",2221,35.23,ERNIE-4.5-Turbo-32K,88,28,18,23,20,False,True,"该回答整体表现良好，诊断准确性较高，病理逻辑合理，处方安全且与疾病相互印证，数据质量基本满足要求，无致命风险。
问题：诊断部分未充分排除其他腹泻病因，仅提及需排除轮状病毒、传染性胃肠炎等，但未给出具体排除方法或优先级，可能影响诊断的全面性。；病理逻辑部分对环境因素与疾病发生的关联性分析不够深入，仅简单提及低温、通风不良，未详细阐述这些因素如何促进大肠杆菌的繁殖和感染。；处方部分对补液的具体方法（如口服补液盐的配制比例、腹腔注射的注意事项等）未给出详细说明，可能影响实际操作的准确性。；数据质量方面，虽然提及了临床表现、环境因素和实验室确诊的必要性，但对疾病的流行病学特征（如发病率、死亡率等）和临床症状的详细描述（如腹泻的频率、粪便的性状变化等）不够充分。；未明确提及休药期的具体天数或范围，仅强调需确认产品标签规定，可能给用户带来不便。",,,,,,,,,,False,,,,,88,28,18,23,20,pass,26.7,,
1629a461-91d9-506a-8368-5c5199e742fa,82,仔猪黄白痢,swine_hunyuan_turbos,hunyuan-turbos-20250926,成功,,猪,我家有120头25日龄左右的保育猪，这几天陆续出现拉黄色稀便的情况，有的还带点白色粘液，精神还可以，就是喝水多、采食量下降。之前已经用了恩诺沙星拌料三天，效果不太明显，还有几头开始消瘦。想问问这种情况还能继续用抗生素吗？要不要送样去化验一下？,根据描述，考虑为仔猪黄白痢，主要由产肠毒素性大肠杆菌（ETEC）感染引起，表现为黄色至黄白色稀便，伴有轻度脱水及食欲下降。由于前期使用过抗菌药物且疗效有限，需警惕耐药性或不完全覆盖致病菌株的可能。,建议立即停喂霉变饲料，保证饮水清洁并补充电解质溶液防止脱水；采集新鲜粪便样本送实验室进行细菌分离培养及毒力基因检测，明确是否为ETEC及其血清型；在未获得药敏结果前，不建议盲目更换或加大抗生素用量；加强圈舍保温通风，减少应激因素；对同栏健康猪做好隔离观察，必要时实施预防性补液和营养支持。,任何药物使用前须依据药敏结果并由执业兽医开具处方，严格遵守国家兽药标签规定的休药期要求，禁止随意延长用药时间。,"{""disease_name"": ""仔猪黄白痢"", ""severity"": ""中等"", ""scene_tags"": [""保育猪"", ""腹泻"", ""抗生素治疗无效"", ""需实验室诊断""], ""validation_points"": [""症状符合ETEC引起的黄白痢特征"", ""提示需通过实验室确认病原及药敏情况"", ""强调管理改善与针对性用药相结合""], ""risk_flags"": [""潜在耐药菌流行"", ""未经确诊的抗生素滥用风险""], ""case_type"": ""腹泻用药咨询"", ""target_disease"": ""仔猪黄白痢"", ""local_flags"": {""species_ok"": true, ""target_disease_in_diagnosis"": true, ""target_disease_mismatch"": false, ""contains_specific_dose"": false, ""contains_specific_withdrawal"": false, ""regulated_bad_treatment"": false}}",False,False,,,True,False,False,D:\XF-ChongQin\ai-\knowledge\llm_wiki_swine_authoritative,1595,980,"仔猪黄白痢
仔猪黄白痢、neonatal post weaning colibacillosis、黄白痢、大肠杆菌、仔猪大肠杆菌病
腹泻用药咨询
猪群腹泻后已用过常见抗菌药效果一般，用户询问是否继续用药以及是否需要送检。","{""HUMAN_REVIEWED"": 3, ""NEEDS_REVIEW"": 1}","[""A0-MOA-573"", ""A0-MOA-THREE-CLASS-ANIMAL-DISEASE-SPECS"", ""A2-MERCK-ENTERIC-COL"", ""A2-MERCK-ENTERIC-COLIBACILLOSIS-PIGS-2024"", ""RC-DISEASE-REGULATORY-001"", ""RC-DRUG-001"", ""RC-WITHDRAWAL-MRL-001"", ""SRC-0001"", ""SRC-0063"", ""SRC-0064"", ""SRC-0087"", ""SRC-0088"", ""SRC-0089"", ""SRC-0090""]",2221,22.63,ERNIE-4.5-Turbo-32K,88,28,18,23,20,False,True,"该回答对仔猪黄白痢的诊断准确，症状描述与疾病特征相符，诊断逻辑合理，考虑到了耐药性和病原菌株覆盖的问题。处方安全，强调了实验室诊断的重要性，避免了盲目用药，同时提出了管理改善措施。数据质量较高，提供了详细的场景标签和验证点。
问题：诊断准确性方面，虽然考虑到了耐药性和病原菌株覆盖的问题，但未明确提及可能的其他病因排查；病理逻辑上，对于疾病的发展过程和可能并发症的描述略显不足；处方安全性上，虽然强调了不盲目用药，但未给出具体的替代治疗方案建议；数据质量上，风险标志的描述可以更具体一些。",,,,,,,,,,False,,,,,88,28,18,23,20,pass,14.89,,
1d177201-d36d-587a-ac7f-4c511a855bf3,83,猪丹毒,swine_hunyuan_turbos,hunyuan-turbos-20250926,成功,,猪,我家是育肥场，存栏大概300头，现在有一批70日龄左右的猪陆续出现发烧、精神沉郁、走路跛行的情况，有的还看到背部和大腿上有菱形暗红色斑块。已经死了两头，死前体温很高，怀疑是不是猪丹毒？想问下该采哪些样品送检测，怎么区分是不是别的病，还有别乱打针耽误事吧？,根据描述的急性高热、跛行及典型菱形皮肤病变，结合部分猪只死亡，高度怀疑为猪丹毒（Erysipelas）。但需注意与A. suis败血症、沙门氏菌感染、猪链球菌病等引起相似皮肤病变的疾病进行鉴别，建议通过实验室检测确诊。,treatment_direction: 确诊前不建议盲目使用抗生素，以免掩盖病情或延误诊断；如确诊为猪丹毒，可在兽医指导下选用敏感抗生素治疗，并配合支持疗法。；management_measures: 立即隔离发病猪只，减少应激，改善通风与卫生条件，防止继发感染；对同群健康猪加强观察，必要时实施预防性措施。；sampling_for_testing: 采集病死猪心血、脾、肝、肾等内脏组织以及病变皮肤样本，同时采集血液做血清学检测；活体可疑猪可采血分离血清检测抗体，有条件可做PCR检测病原。；prohibited_boundaries: 严禁将疑似重大动物疫病按普通疾病自行处理；发现大面积急性死亡且符合猪丹毒特征时，应立即上报当地动物防疫部门，不得擅自屠宰、出售或转移病猪。,具体休药期依据所用药物种类及批准标签执行，需在兽医指导下确定停药时间后方可出栏销售。,"{""disease_name"": ""猪丹毒"", ""severity"": ""高"", ""scene_tags"": [""育肥猪"", ""急性败血症"", ""皮肤病变"", ""跛行"", ""高热""], ""validation_points"": [""症状包括高热、精神沉郁、跛行及菱形皮肤病变"", ""存在急性死亡情况"", ""需与A. suis败血症等疾病鉴别""], ""risk_flags"": [""可能为人畜共患风险低但属重要经济动物疫病"", ""需及时采样送检以防误诊""], ""case_type"": ""采样送检咨询"", ""target_disease"": ""猪丹毒"", ""local_flags"": {""species_ok"": true, ""target_disease_in_diagnosis"": true, ""target_disease_mismatch"": false, ""contains_specific_dose"": false, ""contains_specific_withdrawal"": false, ""regulated_bad_treatment"": false}}",False,False,,,True,False,False,D:\XF-ChongQin\ai-\knowledge\llm_wiki_swine_authoritative,1595,980,"猪丹毒
猪丹毒、erysipelas
采样送检咨询
用户描述症状后，重点询问采什么样品、如何判断和如何避免误治。","{""HUMAN_REVIEWED"": 4}","[""A2-MERCK-ERYSIPELAS-SWINE-2026"", ""RC-DISEASE-REGULATORY-001"", ""RC-DRUG-001"", ""RC-WITHDRAWAL-MRL-001"", ""SRC-0058"", ""SRC-0065"", ""SRC-0087"", ""SRC-0088""]",2221,32.02,ERNIE-4.5-Turbo-32K,88,28,18,23,20,False,True,"整体回答质量较高，诊断准确性、病理逻辑、处方安全性和数据质量均表现良好，无明显致命风险。诊断部分对症状和疾病匹配度高，鉴别诊断考虑全面；病理逻辑部分对疾病特征和鉴别诊断的描述合理；处方安全部分对治疗方向、管理措施和采样建议均符合规范；数据质量部分症状描述、场景标签和验证点均准确。
问题：diagnosis_accuracy: 诊断部分未完全覆盖所有症状与疾病的匹配细节，如未明确提及精神沉郁与猪丹毒的关联性。；pathology_logic: 病理逻辑部分对鉴别诊断的描述稍显简略，未详细说明A. suis败血症等疾病的特征差异。；prescription_safety: 处方安全部分对休药期的描述较为模糊，未提供具体药物种类和休药期参考。；data_quality: 数据质量部分风险标志的描述不够全面，未提及猪丹毒的潜在经济影响和防控重要性。",,,,,,,,,,False,,,,,88,28,18,23,20,pass,20.77,,
7422d7af-35b6-5d2d-a069-f7aa53d1e041,84,猪支原体肺炎,swine_hunyuan_turbos,hunyuan-turbos-20250926,成功,,猪,我家有120头保育猪，现在70日龄左右，最近天气忽冷忽热，加上栏舍通风不太好，氨味挺重，这几天陆续有几头开始干咳，有的呼吸有点快，精神还行，采食量没明显下降。之前用过泰妙菌素拌料几天，咳嗽稍微好点，但停药后又反复。这种情况是环境问题还是支原体感染？要不要打疫苗或者继续用药？,根据描述，保育猪在通风不良、氨气浓度高及温差大的环境下出现持续性干咳和轻度呼吸困难，符合猪支原体肺炎（Mycoplasma hyopneumoniae）的典型表现。该病常呈慢性经过，单独使用抗生素短期改善后易复发，且环境应激会加重病情。建议结合肺部听诊、剖检观察典型实变区以及PCR检测确诊。,treatment_direction: 针对疑似猪支原体肺炎，可在兽医指导下选择对支原体有效的抗菌药物（如泰妙菌素类、林可霉素类等），并结合环境改善进行综合治疗。；management_measures: 加强通风换气，降低氨气浓度；保持适宜温度，减少昼夜温差；合理密度饲养，避免过度拥挤；保证饮水清洁和饲料新鲜。；sampling_and_testing: 采集发病猪的鼻腔拭子或肺组织样本送实验室做PCR检测，明确病原体并排除其他呼吸道病原混合感染。；prohibited_boundaries: 禁止在未确诊情况下随意更换或加大药物剂量；禁止使用未经批准的兽药；发现疑似重大动物疫病应立即上报并按规定处置。,具体休药期应依据所用药物说明书及相关法规执行，未获批准前不得擅自缩短或忽略。,"{""disease_name"": ""猪支原体肺炎"", ""severity"": ""中等"", ""scene_tags"": [""保育猪"", ""环境应激"", ""呼吸道症状"", ""慢性病程""], ""validation_points"": [""症状与环境变化高度相关"", ""抗生素治疗有效但易复发"", ""需通过实验室检测确诊""], ""risk_flags"": [""潜在混合感染风险"", ""环境管理不当可导致病情扩散""], ""case_type"": ""呼吸道环境诱因"", ""target_disease"": ""猪支原体肺炎"", ""local_flags"": {""species_ok"": true, ""target_disease_in_diagnosis"": true, ""target_disease_mismatch"": false, ""contains_specific_dose"": false, ""contains_specific_withdrawal"": false, ""regulated_bad_treatment"": false}}",False,False,,,True,False,False,D:\XF-ChongQin\ai-\knowledge\llm_wiki_swine_authoritative,1595,980,"猪支原体肺炎
猪支原体肺炎、mycoplasmosis enzootic pneumonia
呼吸道环境诱因
通风差、氨气重或温差大后出现咳嗽喘气，用户想区分环境应激和传染病。","{""HUMAN_REVIEWED"": 3, ""NEEDS_REVIEW"": 1}","[""A0-MOA-573"", ""A0-MOA-THREE-CLASS-ANIMAL-DISEASE-SPECS"", ""A2-MERCK-MYCOPLASMAL-PNEUMONIA-PIGS-2024"", ""RC-DISEASE-REGULATORY-001"", ""RC-DRUG-001"", ""RC-WITHDRAWAL-MRL-001"", ""SRC-0001"", ""SRC-0069"", ""SRC-0087"", ""SRC-0088"", ""SRC-0089"", ""SRC-0090""]",2220,27.86,ERNIE-4.5-Turbo-32K,88,28,18,23,20,False,True,"该回答整体表现良好，诊断准确性较高，症状与疾病匹配合理，诊断逻辑清晰，处方安全且与疾病相互印证，数据质量较高。
问题：诊断准确性方面，虽然整体判断准确，但未完全利用所有提供的信息（如之前使用泰妙菌素后症状改善但停药后复发）来进一步支持诊断。；病理逻辑方面，对疾病慢性经过和环境应激加重病情的解释可以更详细一些。；数据质量方面，虽然提供了丰富的场景标签和验证点，但对风险标志的描述可以更具体一些。",,,,,,,,,,False,,,,,88,28,18,23,20,pass,16.85,,
edfce793-e394-53e4-ad0c-2ca829d3fd20,85,猪沙门氏菌病,swine_hunyuan_turbos,hunyuan-turbos-20250926,成功,,猪,我家是200头左右的保育猪，现在50日龄左右，最近几天陆续有猪不吃料、精神差，有的拉稀带血丝，还有几头体温偏高，呼吸有点急促。圈舍通风一般，湿度大，之前用过氟苯尼考拌料防过腹泻，效果不明显。这种情况可能是什么病？该怎么处理？,根据描述的症状（采食下降、腹泻带血、发热、呼吸急促）以及保育阶段高发的特点，结合近期使用过抗生素效果不佳的情况，高度怀疑为猪沙门氏菌病（肠炎型或败血型）。该病在应激、密度高、卫生条件差的保育舍易发，可表现为急性败血症或慢性肠炎。需通过粪便、血液或病死猪组织进行沙门氏菌分离培养确认。,建议立即将病猪与健康猪分栏管理，减少应激，提高环境温度以改善体感温度；对疑似病例采集新鲜粪便或血样送实验室做沙门氏菌分离鉴定及药敏试验；在未获得药敏结果前，不建议盲目全群投喂抗菌药物，以免掩盖病情并增加耐药风险；加强圈舍清洁消毒，保持干燥通风；病死猪按无害化处理规范处置；如确诊为沙门氏菌感染，应由执业兽医根据药敏制定针对性治疗方案，并注意食品安全与停药期要求。,因未确定具体用药方案，无法给出确切休药期；一旦使用抗菌药物，须遵循兽医处方并在屠宰前满足相应安全间隔期。,"{""disease_name"": ""猪沙门氏菌病"", ""severity"": ""中等至严重"", ""scene_tags"": [""保育猪"", ""群体发病"", ""腹泻带血"", ""采食下降"", ""发热""], ""validation_points"": [""符合保育猪沙门氏菌病典型临床症状"", ""与环境应激因素吻合"", ""需实验室确诊支持""], ""risk_flags"": [""潜在人畜共患风险（沙门氏菌可通过污染肉类传播给人）"", ""未经确诊前不应随意使用广谱抗生素"", ""病死猪需按规定无害化处理""], ""case_type"": ""保育猪群体发病"", ""target_disease"": ""猪沙门氏菌病"", ""local_flags"": {""species_ok"": true, ""target_disease_in_diagnosis"": true, ""target_disease_mismatch"": false, ""contains_specific_dose"": false, ""contains_specific_withdrawal"": false, ""regulated_bad_treatment"": false}}",False,False,,,True,False,False,D:\XF-ChongQin\ai-\knowledge\llm_wiki_swine_authoritative,1595,980,"猪沙门氏菌病
猪沙门氏菌病、salmonellosis
保育猪群体发病
群体发病、采食下降、粪便或呼吸道异常，用户想知道主要病因和下一步处理。","{""HUMAN_REVIEWED"": 3, ""NEEDS_REVIEW"": 2}","[""A2-MERCK-SALMONELLOSIS-ANIMALS-2026"", ""RC-DISEASE-REGULATORY-001"", ""RC-DRUG-001"", ""RC-WITHDRAWAL-MRL-001"", ""SRC-0001"", ""SRC-0006"", ""SRC-0073"", ""SRC-0087"", ""SRC-0088"", ""SRC-0089"", ""SRC-0090""]",2112,32.39,ERNIE-4.5-Turbo-32K,88,28,18,23,20,False,True,"该回答整体表现良好，诊断准确性较高，症状与疾病匹配合理，处理方向安全且与疾病相互印证。病理逻辑基本清晰，但部分细节可进一步优化。处方安全性较高，考虑了人兽共患风险及无害化处理。数据质量基本满足要求，但部分信息可更具体。
问题：诊断准确性方面，虽然症状与疾病匹配合理，但未提及沙门氏菌病的典型病理变化（如肝脾肿大、淋巴结出血等），可进一步增强诊断依据。；病理逻辑方面，未详细解释沙门氏菌病的发病机制及与应激、卫生条件差等因素的具体关联，逻辑链条可更完整。；处方安全性方面，虽然强调了药敏试验的重要性，但未提供初步的应急处理建议（如选用对沙门氏菌敏感的常用药物进行初步治疗），可能延误病情。；数据质量方面，风险标签中提及了人兽共患风险，但未在处方中明确说明如何避免人兽共患（如加强个人防护、避免直接接触病猪等）。",,,,,,,,,,False,,,,,88,28,18,23,20,pass,22.04,,
746fd27a-1cea-5c68-9ea6-8d781acee908,86,猪链球菌病,swine_hunyuan_turbos,hunyuan-turbos-20250926,成功,,猪,我家有120头70日龄左右的育肥猪，最近一周陆续有几头精神沉郁、不吃料、体温升高到40℃以上，有的还出现后肢无力甚至划水动作，之前用了阿莫西林拌料三天，症状没明显好转，还有几头新发病例。圈舍通风一般，湿度偏高，想问还能继续用原来的药吗？还是换别的方案？,根据描述的症状（高热、食欲下降、神经症状如划水）、病程进展及用药史，结合育肥猪阶段易发因素，高度怀疑为猪链球菌病（Streptococcus suis），可能同时伴有败血症和脑膜炎型表现。需通过实验室病原分离或PCR确认分型。,建议立即停喂原药并采集病死猪血液、脑组织等样本送实验室做病原鉴定和药敏试验；在等待结果期间可尝试更换不同作用机制的抗菌药物（如β-内酰胺类、氟喹诺酮类或四环素类，按兽医指导选择），配合改善圈舍通风、降低湿度和减少应激；对重症病例进行隔离护理，防止继发感染和人畜接触传播；严禁自行使用未经验证的抗生素组合或超量投药。,因涉及不同药物种类及个体差异，需依据实验室药敏结果及所选药物的官方休药期规定执行，并在停药期内禁止出栏销售。,"{""disease_name"": ""猪链球菌病"", ""severity"": ""高"", ""scene_tags"": [""育肥猪"", ""高热"", ""神经症状"", ""用药无效""], ""validation_points"": [""症状符合猪链球菌病的败血症和脑膜炎型特征"", ""育肥阶段是该病高发期"", ""阿莫西林治疗效果不佳提示可能存在耐药或病原类型不适合该药""], ""risk_flags"": [""存在人畜共患风险（尤其皮肤伤口接触病猪或组织）"", ""潜在多重耐药菌流行风险"", ""需要实验室确诊以避免盲目用药""], ""case_type"": ""育肥猪用药咨询"", ""target_disease"": ""猪链球菌病"", ""local_flags"": {""species_ok"": true, ""target_disease_in_diagnosis"": true, ""target_disease_mismatch"": false, ""contains_specific_dose"": false, ""contains_specific_withdrawal"": false, ""regulated_bad_treatment"": false}}",False,False,,,True,False,False,D:\XF-ChongQin\ai-\knowledge\llm_wiki_swine_authoritative,1595,980,"猪链球菌病
猪链球菌病、streptococcosis streptococcus suis
育肥猪用药咨询
育肥猪出现典型症状，用户已经用过常见药物但效果一般，询问是否继续用药。","{""HUMAN_REVIEWED"": 2, ""NEEDS_REVIEW"": 2}","[""A0-MOA-STREP-SUIS-CONTROL-2005"", ""SRC-0001"", ""SRC-0014"", ""SRC-0075"", ""SRC-0076"", ""SRC-0087"", ""SRC-0088"", ""SRC-0089"", ""SRC-0090""]",2221,24.97,ERNIE-4.5-Turbo-32K,88,28,18,23,20,False,True,"该回答整体表现良好，诊断准确性较高，症状与疾病匹配合理，诊断逻辑清晰，处方安全且考虑了人畜共患风险，数据质量较高，无明显错误。
问题：诊断逻辑中未明确提及实验室确诊的必要性，仅在建议中提及，略显不足。；数据质量方面，虽然提供了详细的症状描述和用药史，但缺乏具体的实验室数据支持诊断。；处方中提到的药物类别较为宽泛，未给出具体药物名称和剂量，可能影响实际操作的准确性。",,,,,,,,,,False,,,,,88,28,18,23,20,pass,14.52,,
a25573c8-9e96-56a5-b228-8c613454cd3c,87,猪痢疾,swine_hunyuan_turbos,hunyuan-turbos-20250926,成功,,猪,我们场是200头基础母猪的自繁自养场，最近有3头怀孕90多天的母猪先后流产，还有两头公猪精液质量下降明显，采精量偏少且活力差。场内个别育肥猪拉血便，精神沉郁，已经持续一周左右了。之前用过恩诺沙星拌料，效果不明显。请问这种情况是不是传染病？还能继续配种吗？,根据描述，母猪流产、公猪精液异常及育肥猪便血等症状提示可能存在猪痢疾（Swine Dysentery），该病由强β溶血性Brachyspira属细菌（包括B. hyodysenteriae、B. hampsonii、B. suanatina）引起，可通过粪口途径在猪群内传播，对繁殖性能有明显影响。确诊需结合典型病变（如结肠黏膜出血、黏液脓样渗出）及实验室分离到强β溶血Brachy-spira。当前存在跨阶段感染迹象，应高度警惕。,treatment_direction: 立即隔离发病个体，停止可疑批次配种计划；对全场实施全进全出管理，加强产房、保育舍卫生消毒；改善饲料饮水卫生，减少应激因素。；management_measures: 清理并更换污染垫料，使用有效消毒剂对栏舍彻底冲洗；限制人员、工具交叉流动；暂停引入新猪，防止外源病原输入。；sampling_and_testing: 采集腹泻严重个体的新鲜粪便或结肠黏膜样本送实验室进行强β溶血Brachyspira培养与鉴定，必要时做PCR分型；同时检查其他潜在继发感染。；prohibited_actions: 在未明确病原前，不得使用未经批准的抗生素或超范围用药；禁止将疑似感染猪与健康猪混群饲养。,因未涉及具体药物使用，暂无休药期说明；若后续使用经批准的抗菌药，须按标签规定执行停药期后方可屠宰或出售。,"{""disease_name"": ""猪痢疾"", ""severity"": ""高"", ""scene_tags"": [""种猪场"", ""繁殖障碍"", ""跨阶段感染"", ""细菌性肠道病""], ""validation_points"": [""症状符合猪痢疾临床表现（便血、流产、精液质量下降）"", ""存在强β溶血Brachyspira感染可能"", ""需要实验室确诊支持""], ""risk_flags"": [""重大动物疫病风险（可造成繁殖损失）"", ""跨群体传播风险"", ""可能影响食品安全与市场流通""], ""case_type"": ""种猪繁殖障碍"", ""target_disease"": ""猪痢疾"", ""local_flags"": {""species_ok"": true, ""target_disease_in_diagnosis"": true, ""target_disease_mismatch"": false, ""contains_specific_dose"": false, ""contains_specific_withdrawal"": false, ""regulated_bad_treatment"": false}}",False,False,,,True,False,False,D:\XF-ChongQin\ai-\knowledge\llm_wiki_swine_authoritative,1595,980,"猪痢疾
猪痢疾、swine dysentery brachyspira hyodysenteriae、swine dysentery、Brachyspira
种猪繁殖障碍
种猪场出现流产、死胎、返情或公猪异常，用户担心传染病和是否继续配种。","{""HUMAN_REVIEWED"": 3}","[""RC-DISEASE-REGULATORY-001"", ""RC-DRUG-001"", ""RC-WITHDRAWAL-MRL-001"", ""SRC-0077"", ""SRC-0087"", ""SRC-0088"", ""SRC-0089"", ""SRC-0090""]",2221,30.49,ERNIE-4.5-Turbo-32K,72,24,16,18,14,False,False,"该回答在诊断准确性、病理逻辑、处方安全性和数据质量方面表现中等，存在部分不足，需进一步优化。
问题：诊断准确性方面，虽然症状描述与猪痢疾部分匹配，但流产和精液质量下降并非猪痢疾的典型症状，可能存在误诊风险。；病理逻辑方面，回答中提到的强β溶血Brachyspira属细菌与猪痢疾的关联性解释不够充分，且未详细说明流产和精液质量下降与猪痢疾的直接病理联系。；处方安全性方面，虽然提出了一系列管理措施和采样检测建议，但未针对猪痢疾提出具体的治疗方案，且未明确禁止使用的抗生素范围，可能存在用药安全隐患。；数据质量方面，回答中引用的症状和疾病信息基本准确，但缺乏具体的病例数据或实验室检测结果支持，数据说服力不足。",,,,,,,,,,False,,,,,72,24,16,18,14,review,19.57,,
659729c8-89f0-54db-97f5-df77f5c39824,88,猪疥螨病,swine_hunyuan_turbos,hunyuan-turbos-20250926,成功,,猪,我家有120头育肥猪，平均体重60公斤左右，最近发现部分猪耳朵边缘、颈部和背部出现掉毛、结痂、发红的情况，而且这些猪总是蹭墙或互相摩擦，已经有十来天了。之前没用过驱虫药，圈舍是水泥地面，平时冲洗比较勤，但角落里还有积粪。我想问这种情况是不是疥螨？要不要整群一起治？环境要怎么弄？多久能复查确认好了？,根据描述，猪出现局部掉毛、结痂、发红及明显瘙痒，且伴有蹭墙行为，符合猪疥螨病的临床表现。该病可由少量螨引起强烈过敏反应，成年猪常见角化过度型病变，耳部、颈背部位为高发区。建议通过皮肤刮片检查寻找螨或虫卵，但因刮片存在假阴性可能，应结合群体病史和典型病变综合判断。,治疗方向: 对出现症状的猪进行针对性驱虫治疗，并考虑全群预防性处理，以降低复发和传播风险。；管理措施: 彻底清理圈舍粪便和污物，使用高压水枪清洗墙壁、栏杆、料槽等接触表面，保持干燥通风，减少潮湿环境以利于螨生存。；采样送检: 从病变活跃区域采集皮肤刮片送实验室镜检，必要时可重复取样以提高检出率。；禁忌边界: 若怀疑为非洲猪瘟等重大动物疫病，应立即上报主管部门，不得自行用普通治疗方案替代隔离、检测和扑杀等措施。,具体休药期和停药时间应依据所用驱虫药物说明书及当地法规执行，未明确前不可提前出栏。,"{""disease_name"": ""猪疥螨病"", ""severity"": ""中等"", ""scene_tags"": [""育肥猪"", ""瘙痒"", ""结痂"", ""角化过度"", ""全群防控""], ""validation_points"": [""瘙痒性皮肤病伴掉毛、结痂"", ""病变位于耳缘、颈背等疥螨好发部位"", ""群体中有多例相似症状""], ""risk_flags"": [""潜在群体性传播"", ""环境湿度利于螨存活""], ""case_type"": ""驱虫和环境管理"", ""target_disease"": ""猪疥螨病"", ""local_flags"": {""species_ok"": true, ""target_disease_in_diagnosis"": true, ""target_disease_mismatch"": false, ""contains_specific_dose"": false, ""contains_specific_withdrawal"": false, ""regulated_bad_treatment"": false}}",False,False,,,True,False,False,D:\XF-ChongQin\ai-\knowledge\llm_wiki_swine_authoritative,1595,980,"猪疥螨病
猪疥螨病、external parasites mange
驱虫和环境管理
用户询问是否需要全群处理、环境清理和复查方式。","{""HUMAN_REVIEWED"": 3}","[""A2-MERCK-MANGE-PIGS-2026"", ""RC-DISEASE-REGULATORY-001"", ""RC-DRUG-001"", ""RC-WITHDRAWAL-MRL-001"", ""SRC-0001"", ""SRC-0020"", ""SRC-0080"", ""SRC-0082"", ""SRC-0088"", ""SRC-0089"", ""SRC-0090""]",2221,25.22,ERNIE-4.5-Turbo-32K,88,28,18,23,20,False,True,"该回答对猪疥螨病的诊断准确，症状描述与疾病特征匹配，治疗方向和管理措施合理，考虑了全群预防性处理和环境清理，采样送检建议有助于确诊，禁忌边界提醒恰当，整体数据质量较高，无明显致命风险。
问题：诊断部分虽结合症状和病史，但未明确提及皮肤刮片检查的假阴性率对诊断的影响程度；病理逻辑中未详细阐述疥螨生活史与环境管理的关联；处方安全性中未明确驱虫药物的选择原则；数据质量方面，场景标签和验证点较全面，但风险标志可增加对休药期不确定性的提示。",,,,,,,,,,False,,,,,88,28,18,23,20,pass,16.2,,
b71f144c-216f-5c36-b7b0-2042a15e871d,89,猪球虫病,swine_hunyuan_turbos,hunyuan-turbos-20250926,成功,,猪,我家有120头15日龄左右的仔猪，这几天陆续有10多头开始拉黄白色水样便，精神差、吃奶少，有的已经脱水消瘦。圈舍比较潮湿，保温一般，之前没用过什么药。想问问这是啥病，该怎么处理？,根据日龄、水样腹泻、脱水及圈舍环境，高度怀疑为仔猪球虫病（主要由Cystoisospora suis引起）。需与大肠杆菌性腹泻、轮状病毒、传染性胃肠炎、产气荚膜梭菌C型以及Strongyloides ransomi等常见病因鉴别。确诊应结合剖检观察小肠黏膜出血点、增厚等病变，并做粪便镜检找卵囊，但卵囊检出不能单独定因，必须结合临床症状和病变综合判断。,treatment_direction: 针对球虫感染可试用经批准的抗原生动物药物，配合改善圈舍卫生与干燥度，减少二次感染风险。；management_measures: 立即清理粪污，保持圈舍干燥通风，提高保温措施，防止冷应激；分群饲养，减少交叉感染机会。；sampling_and_testing: 采集典型病例粪便送实验室镜检球虫卵囊，必要时进行剖检观察肠道病变，并结合其他腹泻病因的鉴别诊断检测。；prohibited_boundaries: 严禁使用国家禁用兽药；未确诊前不可随意投喂广谱抗生素掩盖病情；发现疑似重大动物疫病应立即上报，不得擅自销售或转运。,具体药物及休药期须依据批准药品说明书及当地监管要求执行，未经确认不得随意给出。,"{""disease_name"": ""猪球虫病"", ""severity"": ""中等至严重（可导致高死亡率，尤其在管理不良条件下）"", ""scene_tags"": [""哺乳仔猪"", ""水样腹泻"", ""脱水"", ""圈舍潮湿""], ""validation_points"": [""符合Cystoisospora suis高发日龄（7-21日龄）"", ""临床表现与球虫感染一致"", ""需与其他常见腹泻病因鉴别""], ""risk_flags"": [""潜在高死亡率"", ""易与环境管理因素叠加恶化"", ""需警惕误诊延误""], ""case_type"": ""腹泻群体发病"", ""target_disease"": ""猪球虫病"", ""local_flags"": {""species_ok"": true, ""target_disease_in_diagnosis"": true, ""target_disease_mismatch"": false, ""contains_specific_dose"": false, ""contains_specific_withdrawal"": false, ""regulated_bad_treatment"": false}}",False,False,,,True,False,False,D:\XF-ChongQin\ai-\knowledge\llm_wiki_swine_authoritative,1595,980,"猪球虫病
猪球虫病、coccidia and other protozoa、球虫、球虫感染、coccidiosis、coccidia
腹泻群体发病
同窝或同栏出现水样腹泻、脱水、采食下降，用户想知道主要病因和紧急处理。","{""HUMAN_REVIEWED"": 2}","[""A0-MOA-BANNED-DRUG-250-POLICY"", ""A2-MERCK-COCC"", ""A2-MERCK-COCCIDIOSIS-PIGS-2024"", ""RC-DISEASE-REGULATORY-001"", ""RC-DRUG-001"", ""RC-WITHDRAWAL-MRL-001"", ""SRC-0001"", ""SRC-0008"", ""SRC-0009"", ""SRC-0012"", ""SRC-0081"", ""SRC-0090""]",2221,24.32,ERNIE-4.5-Turbo-32K,88,28,18,23,20,False,True,"整体回答质量较高，诊断准确性、处方安全性和数据质量均表现良好，病理逻辑部分略有不足但不影响整体判断。无致命风险，符合通过标准。
问题：病理逻辑部分对鉴别诊断的阐述稍显简略，未充分说明其他腹泻病因的排除依据；数据质量中场景标签和验证点的覆盖面可进一步扩大；处方安全性中未明确具体药物名称，仅提及'经批准的抗原生动物药物'",,,,,,,,,,False,,,,,88,28,18,23,20,pass,15.65,,
4d571870-62e6-52bc-8852-0bc3e19d47bc,90,猪霉菌毒素中毒,swine_hunyuan_turbos,hunyuan-turbos-20250926,成功,,猪,我家有120头80公斤左右的育肥猪，最近一周陆续出现食欲下降、精神沉郁、腹泻，有的还呕吐，个别猪体温偏低。这批猪一直吃同一批自配玉米豆粕料，怀疑是原料有问题。想问还能不能继续喂这料？要不要把饲料和病猪送去做检测？,根据描述的症状（食欲减退、精神差、腹泻、呕吐、部分体温低），结合全群使用相同饲料的情况，高度怀疑为猪霉菌毒素中毒。该病由摄入被产毒真菌污染的饲料引起，表现可为急性或亚急性，需通过饲料及病料检测确认毒素种类。,treatment_direction: 立即停喂可疑饲料，更换为安全无霉变的全价料或经检测合格的原料重新配制饲料。对症状明显的猪给予支持疗法，如补液、调节电解质平衡、改善饲养环境。；management_measures: 清理料槽中剩余可疑饲料并封存待检；加强通风、防潮、防霉措施；检查库存原料质量，剔除霉变颗粒。；sampling_and_testing: 采集可疑饲料样品（不同部位混合取样）、病死猪肝脏等组织样本，送有资质的实验室检测常见霉菌毒素（如黄曲霉毒素B1、呕吐毒素DON、玉米赤霉烯酮ZEN等）。；prohibited_boundaries: 在检测结果明确前，严禁将可疑饲料用于其他猪群；禁止随意添加未经批准的脱毒剂或药物掩盖症状。,因属中毒性疾病，不涉及药物休药期问题，但应保证换用安全饲料至临床症状消失且群体健康稳定后再考虑出栏。,"{""disease_name"": ""猪霉菌毒素中毒"", ""severity"": ""中等至严重（视毒素种类和摄入量而定）"", ""scene_tags"": [""育肥猪"", ""饲料污染"", ""群体发病"", ""非传染性""], ""validation_points"": [""症状符合霉菌毒素中毒典型表现"", ""全群同料喂养提示共同暴露源"", ""需饲料及病料检测确诊""], ""risk_flags"": [""存在群体性中毒风险"", ""可能涉及饲料供应链污染""], ""case_type"": ""中毒处置边界"", ""target_disease"": ""猪霉菌毒素中毒"", ""local_flags"": {""species_ok"": true, ""target_disease_in_diagnosis"": true, ""target_disease_mismatch"": false, ""contains_specific_dose"": false, ""contains_specific_withdrawal"": false, ""regulated_bad_treatment"": false}}",False,False,,,True,False,False,D:\XF-ChongQin\ai-\knowledge\llm_wiki_swine_authoritative,1595,980,"猪霉菌毒素中毒
猪霉菌毒素中毒、mycotoxins in grains and feeds
中毒处置边界
用户想知道是否继续饲喂可疑饲料、怎样送检饲料和病料。","{""HUMAN_REVIEWED"": 1, ""NEEDS_REVIEW"": 1, ""PROCESSED_SOURCE_ANCHORED"": 2}","[""RC-DISEASE-REGULATORY-001"", ""RC-DRUG-001"", ""RC-WITHDRAWAL-MRL-001"", ""SRC-0001"", ""SRC-0085""]",2221,30.0,ERNIE-4.5-Turbo-32K,92,28,18,24,22,False,True,"该回答整体表现良好，诊断准确，逻辑清晰，处理方向安全，数据质量较高。诊断依据症状和共同暴露源合理怀疑猪霉菌毒素中毒，处理建议包括停喂可疑饲料、支持疗法、采样检测等，符合疾病处理规范。
问题：diagnosis_accuracy: 诊断准确性较高，但未明确提及体温偏低与霉菌毒素中毒的关联性，可进一步补充说明。；pathology_logic: 病理逻辑基本合理，但未详细阐述不同霉菌毒素对猪的具体影响及症状差异。；prescription_safety: 处方安全，但未提及具体补液和电解质平衡调节的方法或药物选择。；data_quality: 数据质量较高，但风险标志中提及的群体性中毒风险和饲料供应链污染未在处理建议中充分体现应对措施。",,,,,,,,,,False,,,,,92,28,18,24,22,pass,21.05,,
a2f3572b-3a8b-593d-a9dd-a4f7f4215270,91,猪布鲁氏菌病,swine_hunyuan_turbos,hunyuan-turbos-20250926,成功,,猪,我家是300头规模的种猪场，最近两个月陆续有怀孕母猪在90天左右流产，有的还产下木乃伊胎，还有几头公猪出现睾丸肿大、不愿爬跨的情况。之前以为是营养不足，调整了饲料配方也没改善。想问这是不是传染病？还能继续配种吗？会不会影响整个猪群？,根据描述的症状——妊娠中后期流产、死胎、木乃伊胎及公猪睾丸炎、附睾炎，结合种猪场的流行病学特点，高度怀疑为猪布鲁氏菌病（Brucella suis）。该病可通过胎盘、精液及接触传播，常引起繁殖障碍，并可在公猪中造成生殖系统病变。确诊需通过血清学检测（如虎红平板凝集试验、ELISA）、细菌分离培养或PCR等方法确认。,treatment_direction: 目前无特效治疗药物，不建议自行使用抗生素长期投喂以防耐药性和残留风险。应暂停所有配种活动，防止病原扩散。；management_measures: 立即隔离发病个体，加强生物安全措施，限制人员、车辆流动，对圈舍进行彻底清洗消毒。记录流产批次和公猪健康状态，追踪同群未发病个体的繁殖性能变化。；sampling_and_testing: 采集流产胎儿组织、胎盘液、公猪精液及血液样本送实验室进行布鲁氏菌检测，必要时做细菌分离培养和分子鉴定。；prohibited_boundaries: 严禁将疑似感染种猪出售或调运，禁止与健康猪混群饲养。在未排除疫情前，不得恢复配种生产。,因本病属重大动物疫病范畴，一旦确诊须按当地畜牧兽医主管部门要求进行扑杀、无害化处理或严格封锁管理，不存在常规休药期概念。,"{""disease_name"": ""猪布鲁氏菌病"", ""severity"": ""高"", ""scene_tags"": [""种猪场"", ""繁殖障碍"", ""流产"", ""公猪病变""], ""validation_points"": [""妊娠中后期流产、死胎符合布鲁氏菌病特征"", ""公猪睾丸炎、附睾炎提示生殖系统感染"", ""群体性发生提示传染性病因""], ""risk_flags"": [""重大动物疫病风险"", ""人兽共患潜在风险（需防护操作）"", ""可能波及全群繁殖性能""], ""case_type"": ""种猪繁殖障碍"", ""target_disease"": ""猪布鲁氏菌病"", ""local_flags"": {""species_ok"": true, ""target_disease_in_diagnosis"": true, ""target_disease_mismatch"": false, ""contains_specific_dose"": false, ""contains_specific_withdrawal"": false, ""regulated_bad_treatment"": false}}",False,False,,,True,False,False,D:\XF-ChongQin\ai-\knowledge\llm_wiki_swine_authoritative,1595,980,"猪布鲁氏菌病
猪布鲁氏菌病、brucella suis brucellosis、布鲁氏菌病、Brucella suis
种猪繁殖障碍
种猪场出现流产、死胎、返情或公猪异常，用户担心传染病和是否继续配种。","{""HUMAN_REVIEWED"": 2, ""NEEDS_REVIEW"": 2}","[""A0-MOA-BRUCELLOSIS-2022-2026"", ""A0-MOA-BRUCELLOSIS-KEY-POINTS-2023"", ""A1-USDA-APHIS-SWINE-BRUCELLOSIS"", ""RC-CITATION-001"", ""RC-TRAIN-READY-001"", ""SRC-0001"", ""SRC-0060"", ""SRC-0061""]",2221,25.35,ERNIE-4.5-Turbo-32K,92,28,19,24,21,False,True,"该回答在诊断准确性、病理逻辑、处方安全性和数据质量方面表现良好，符合猪布鲁氏菌病的典型症状和诊断流程，处理方向安全且与疾病相互印证，未发现致命风险。
问题：diagnosis_accuracy: 诊断依据充分但未提及鉴别诊断（如伪狂犬病、猪细小病毒病等），可进一步优化。；pathology_logic: 病理逻辑清晰但未明确说明布鲁氏菌病的传播途径对诊断的支持作用。；data_quality: 数据质量较高但场景标签和验证点可更细化，例如增加具体流行病学史描述。",,,,,,,,,,False,,,,,92,28,19,24,21,pass,15.01,,
340a6eb4-8374-5fe1-bd63-9b274bd73ad1,92,猪腺病毒感染,swine_hunyuan_turbos,hunyuan-turbos-20250926,成功,,猪,我家有120头70日龄左右的育肥猪，最近一周陆续出现精神沉郁、轻度腹泻、采食量下降的情况，个别猪体温略高到39℃左右，粪便偏稀带少量黏液。之前用过恩诺沙星拌料三天，效果不明显，现在想问还能不能再换别的药试试？圈舍通风一般，湿度偏高，饲料没变过。,根据描述的症状表现及用药史，结合育肥阶段易发因素，考虑为猪腺病毒感染可能性较大。该病多为自限性，常伴轻微腹泻和食欲下降，无明显高热，与当前情况相符。需排除细菌性肠炎、寄生虫感染及其他病毒性疾病。,treatment_direction: 本病无特效抗病毒药，以支持疗法为主，改善饲养管理，防止继发细菌感染。；management_measures: 加强圈舍通风，降低湿度，保持清洁干燥；提供充足清洁饮水，适当补充电解质和维生素；分群饲养，减少应激。；sampling_and_testing: 建议采集新鲜粪便样本送实验室进行病原学检测，必要时做细菌培养和PCR鉴别，以明确病原并排除其他肠道疾病。；contraindications_boundary: 避免使用对肝肾毒性大的药物；若怀疑混合感染或病情恶化，应及时送检，不可盲目更换抗生素。,因未使用特定兽药，暂无休药期要求；如后续使用抗生素，应遵守相应停药期规定。,"{""disease_name"": ""猪腺病毒感染"", ""severity"": ""轻症至中等"", ""scene_tags"": [""育肥猪"", ""病毒性腹泻"", ""自限性""], ""validation_points"": [""症状符合猪腺病毒感染特征：轻度腹泻、精神沉郁、低烧"", ""支持疗法和管理措施是主要处理方向"", ""强调采样检测和鉴别诊断""], ""risk_flags"": [""需排除细菌性肠炎"", ""注意继发感染""], ""case_type"": ""育肥猪用药咨询"", ""target_disease"": ""猪腺病毒感染"", ""local_flags"": {""species_ok"": true, ""target_disease_in_diagnosis"": true, ""target_disease_mismatch"": false, ""contains_specific_dose"": false, ""contains_specific_withdrawal"": false, ""regulated_bad_treatment"": false}}",False,False,,,True,False,False,D:\XF-ChongQin\ai-\knowledge\llm_wiki_swine_authoritative,1595,980,"猪腺病毒感染
猪腺病毒感染、adenoviruses
育肥猪用药咨询
育肥猪出现典型症状，用户已经用过常见药物但效果一般，询问是否继续用药。","{""HUMAN_REVIEWED"": 1, ""NEEDS_REVIEW"": 4}","[""SRC-0001"", ""SRC-0008"", ""SRC-0009"", ""SRC-0012"", ""SRC-0030"", ""SRC-0032"", ""SRC-0046"", ""SRC-0083""]",2132,27.4,ERNIE-4.5-Turbo-32K,88,28,18,23,20,False,True,"该回答整体表现良好，诊断准确性较高，症状与疾病匹配合理，处理方向安全且与疾病相互印证。病理逻辑基本清晰，但需加强对鉴别诊断的详细说明。数据质量较高，信息完整且无明显错误。
问题：病理逻辑方面，虽然提到了需排除细菌性肠炎、寄生虫感染及其他病毒性疾病，但未详细说明如何进行鉴别诊断，逻辑稍显不足。；数据质量方面，虽然整体信息完整，但在症状描述与疾病匹配的详细程度上可以进一步提升，例如增加更多关于猪腺病毒感染的典型症状描述。",,,,,,,,,,False,,,,,88,28,18,23,20,pass,18.81,,
9bf7b1a9-90d8-56d9-8e07-292b328fd263,93,猪环曲病毒/托克特诺病毒感染,swine_hunyuan_turbos,hunyuan-turbos-20250926,成功,,猪,我这边是200头基础母猪的自繁自养场，最近一个月有3头怀孕90多天的母猪陆续流产，还有两头在临产前死胎，另外一头配种后一直返情。之前没用过什么特殊疫苗，饲料也没换过，就是上个月天气忽冷忽热，舍内通风不太好。想问问是不是有什么传染病，还能不能继续配种？,根据描述，流产、死胎及返情可能与多种病原或环境因素有关。猪环曲病毒（TTSuV）可在健康猪群中广泛存在，但目前无特异临床症状直接归因于该病毒，且单独检出不足以确诊病因。需结合其他病原排查，如细小病毒、伪狂犬病、布鲁氏菌、钩端螺旋体以及霉菌毒素等。建议进行实验室检测以明确原因。,treatment_direction: 针对可能的混合感染或继发细菌感染，可使用广谱抗生素控制继发感染；对疑似病毒性因素，应依据检测结果采取针对性免疫或净化措施。；management_measures: 改善舍内通风与温湿度控制，减少冷热应激；暂停配种直至查明原因并消除风险因素；加强生物安全，防止外源病原传入。；sampling_and_testing: 采集流产胎儿组织、胎盘、血液及精液样本，送实验室检测细小病毒、伪狂犬病、布鲁氏菌、钩端螺旋体、霉菌毒素及TTSuV核酸或抗体水平。；prohibited_boundaries: 在未排除重大传染病前，禁止将疑似感染母猪或公猪投入生产环节；严禁使用未经批准的兽药或激素处理。,根据具体药物种类及检测结果决定，待兽医评估后方可恢复配种。,"{""disease_name"": ""猪环曲病毒/托克特诺病毒感染"", ""severity"": ""中等"", ""scene_tags"": [""种猪场"", ""繁殖障碍"", ""流产"", ""死胎"", ""返情""], ""validation_points"": [""TTSuV单独检出不能作为唯一诊断依据"", ""需结合其他病原及环境因素综合判断"", ""管理性应激可能加重繁殖问题""], ""risk_flags"": [""潜在重大传染病风险"", ""需实验室确诊"", ""影响繁殖性能""], ""case_type"": ""种猪繁殖障碍"", ""target_disease"": ""猪环曲病毒/托克特诺病毒感染"", ""local_flags"": {""species_ok"": true, ""target_disease_in_diagnosis"": true, ""target_disease_mismatch"": false, ""contains_specific_dose"": false, ""contains_specific_withdrawal"": false, ""regulated_bad_treatment"": false}}",False,False,,,True,False,False,D:\XF-ChongQin\ai-\knowledge\llm_wiki_swine_authoritative,1595,980,"猪环曲病毒/托克特诺病毒感染
猪环曲病毒/托克特诺病毒感染、anelloviruses torque teno sus viruses、TTSuV、Torque teno sus virus
种猪繁殖障碍
种猪场出现流产、死胎、返情或公猪异常，用户担心传染病和是否继续配种。","{""HUMAN_REVIEWED"": 3}","[""RC-REPRO-001"", ""SRC-0001"", ""SRC-0008"", ""SRC-0009"", ""SRC-0012"", ""SRC-0032"", ""SRC-0045"", ""SRC-0049"", ""SRC-0050"", ""SRC-0060"", ""SRC-0061"", ""SRC-0067"", ""SRC-0068"", ""SRC-0083"", ""SRC-0085""]",2221,31.05,ERNIE-4.5-Turbo-32K,78,25,18,20,15,False,False,"该回答在诊断准确性、病理逻辑、处方安全性和数据质量方面表现中等，整体符合测试数据有效性要求，但存在部分不足，需进一步优化。
问题：诊断准确性方面，虽然提到了猪环曲病毒（TTSuV）可能不是唯一病因，但未充分强调其作为潜在病原的排查必要性，且未明确列出所有可能的鉴别诊断。；病理逻辑方面，回答中提到了环境因素和管理应激可能加重繁殖问题，但未详细解释这些因素如何与病毒感染相互作用，导致繁殖障碍。；处方安全性方面，提出的广谱抗生素使用和管理措施基本合理，但缺乏具体药物选择和剂量指导，且休药期承诺过于模糊。；数据质量方面，回答中包含了必要的场景标签和验证点，但风险标志的描述不够具体，缺乏针对性。",,,,,,,,,,False,,,,,78,25,18,20,15,review,19.82,,
6f1195c5-b9aa-5bcd-a384-8519bcce0d67,94,猪星状病毒感染,swine_hunyuan_turbos,hunyuan-turbos-20250926,成功,,猪,我这边是河南南阳的养猪户，现在有一批60日龄左右的保育猪，大概120头，这几天陆续出现拉稀，水样便偏多，有的带点黄色黏液，精神还可以，采食量下降一点。之前用了恩诺沙星加硫酸黏菌素拌料三天，拉稀没明显好转。圈舍温度偏低，通风一般，想问下这种情况还能继续用抗生素吗？要不要送样检测一下？,根据描述，该批次保育猪在低温环境下出现持续性水样腹泻，使用常规抗菌药物效果不佳，结合年龄阶段及临床表现，考虑为病毒性腹泻，高度怀疑猪星状病毒感染（PAstV），可能与其他肠道病原混合感染。需通过实验室检测确认病原。,1. 立即停喂霉变饲料，改善圈舍保温与通风条件，减少应激；2. 提供清洁温水防止脱水，可在饮水中添加电解质补充剂；3. 停止盲目使用广谱抗生素，避免耐药及肠道菌群紊乱；4. 采集新鲜粪便样品送至有资质的兽医实验室进行病原学检测（包括星状病毒及其他常见肠道病毒、细菌）；5. 若确诊星状病毒感染，无特效抗病毒药物，主要依靠支持疗法和环境管理；6. 对病死猪进行无害化处理，防止交叉感染；7. 严禁将病猪随意出售或调运，必要时向当地动物防疫部门报告。,因未使用特定兽药，暂无直接休药期问题；如后续确需用药，应依据所选用药品说明书执行相应休药期规定。,"{""disease_name"": ""猪星状病毒感染"", ""severity"": ""中等"", ""scene_tags"": [""保育猪"", ""腹泻"", ""病毒性"", ""低温应激"", ""混合感染""], ""validation_points"": [""符合星状病毒感染高发年龄段（保育期）"", ""水样腹泻且抗菌治疗效果差"", ""环境因素（低温、通风不良）易诱发病毒性疾病""], ""risk_flags"": [""潜在混合感染风险"", ""需排除其他重大疫病"", ""需规范样本送检""], ""case_type"": ""腹泻用药咨询"", ""target_disease"": ""猪星状病毒感染"", ""local_flags"": {""species_ok"": true, ""target_disease_in_diagnosis"": true, ""target_disease_mismatch"": false, ""contains_specific_dose"": false, ""contains_specific_withdrawal"": false, ""regulated_bad_treatment"": false}}",False,False,,,True,False,False,D:\XF-ChongQin\ai-\knowledge\llm_wiki_swine_authoritative,1595,980,"猪星状病毒感染
猪星状病毒感染、astroviruses、astrovirus、猪星状病毒
腹泻用药咨询
猪群腹泻后已用过常见抗菌药效果一般，用户询问是否继续用药以及是否需要送检。","{""HUMAN_REV"": 1, ""HUMAN_REVIEWED"": 1, ""NEEDS_REVIEW"": 2}","[""RC-TRAIN-READY-001"", ""SRC-0001"", ""SRC-0008"", ""SRC-0009"", ""SRC-0012"", ""SRC-0032"", ""SRC-0034"", ""SRC-0083""]",2221,26.94,ERNIE-4.5-Turbo-32K,88,28,18,23,20,False,True,"该回答整体表现良好，诊断准确性较高，符合猪星状病毒感染的典型症状和场景，且处理方向安全合理。病理逻辑基本清晰，但可进一步细化混合感染的鉴别诊断。处方安全且符合病毒性腹泻的处理原则，数据质量较高，无明显错误或遗漏。
问题：病理逻辑方面，虽然提到可能与其他肠道病原混合感染，但未明确说明如何进一步鉴别诊断，逻辑链条不够完整。；数据质量方面，虽然场景标签和验证点较为全面，但风险标志中提到的“需排除其他重大疫病”未在诊断或处方中明确体现，略显不足。",,,,,,,,,,False,,,,,88,28,18,23,20,pass,16.41,,
3cd91954-8db8-5efa-90bb-4521442ebfe7,95,猪布尼亚病毒相关感染,swine_hunyuan_turbos,hunyuan-turbos-20250926,成功,,猪,我家有120头育肥猪，平均体重60公斤左右，最近几天有几头出现精神沉郁、体温升高到40℃以上，个别呼吸稍快，粪便正常，没有腹泻。之前用过阿莫西林饮水三天，效果不明显。请问这种情况是不是布尼亚病毒引起的？我该采哪些样送检测？会不会误诊成其他病耽误处理？,根据描述，育肥猪群中出现发热、精神沉郁、轻度呼吸加快等症状，且对抗生素治疗反应不佳，需考虑包括猪布尼亚病毒在内的多种病毒性病原可能。由于成年猪感染布尼亚病毒多呈隐性或亚临床，目前缺乏明确的典型临床表现，因此仅凭临床症状难以确诊，需要结合实验室检测确认。同时应排除PRRSV、PCV2、流感等其他常见病毒性疾病。,建议立即采集发病猪的血清、全血及部分肺组织样本送具备资质的实验室进行PCR检测，必要时增加脑、淋巴结等组织以提高检出率。同时做好隔离观察，防止潜在传播。管理上应加强通风降温、减少应激，暂停使用抗生素直至检测结果明确。若怀疑为法定重大疫病，应立即上报当地畜牧兽医部门并按其指导处置。严禁自行用抗病毒药物替代官方防控措施。,因无确切病原及治疗药物，无法给出具体休药期。如后续使用兽药，须按标签说明执行并遵守停药期规定。,"{""disease_name"": ""猪布尼亚病毒相关感染"", ""severity"": ""中等"", ""scene_tags"": [""育肥猪"", ""发热"", ""精神沉郁"", ""呼吸加快"", ""抗生素无效""], ""validation_points"": [""成年猪布尼亚病毒感染多为隐性或亚临床"", ""需通过实验室检测确认病原"", ""应与PRRSV、PCV2、流感等鉴别""], ""risk_flags"": [""需区分法定重大疫病"", ""禁止擅自使用抗病毒药物替代防控""], ""case_type"": ""采样送检咨询"", ""target_disease"": ""猪布尼亚病毒相关感染"", ""local_flags"": {""species_ok"": true, ""target_disease_in_diagnosis"": false, ""target_disease_mismatch"": true, ""contains_specific_dose"": false, ""contains_specific_withdrawal"": false, ""regulated_bad_treatment"": false}}",True,True,target_disease_in_diagnosis,target_disease_in_diagnosis,False,True,True,D:\XF-ChongQin\ai-\knowledge\llm_wiki_swine_authoritative,1595,980,"猪布尼亚病毒相关感染
猪布尼亚病毒相关感染、bunyaviruses akabane lumbo oya tahyna
采样送检咨询
用户描述症状后，重点询问采什么样品、如何判断和如何避免误治。","{""HUMAN_REVIEWED"": 2, ""NEEDS_REVIEW"": 2}","[""SRC-0001"", ""SRC-0008"", ""SRC-0009"", ""SRC-0012"", ""SRC-0033""]",2221,28.6,ERNIE-4.5-Turbo-32K,82,27,18,22,15,False,False,"整体回答较为准确，诊断考虑了多种可能性，并强调实验室检测的重要性，符合猪布尼亚病毒相关感染的诊断逻辑。处方建议安全合理，强调了隔离观察和上报的重要性，避免了误治风险。数据质量方面，虽然提供了详细的场景标签和验证点，但部分信息如疾病严重程度描述略显简单。
问题：诊断准确性方面，虽然考虑了多种病毒性病原，但对猪布尼亚病毒的具体症状描述不够详细，缺乏对典型症状的深入分析。；病理逻辑方面，对成年猪布尼亚病毒感染多为隐性或亚临床的描述较为准确，但未充分解释为何这些症状可能与布尼亚病毒相关。；处方安全性方面，建议采集多种样本进行检测是合理的，但未明确说明样本采集的具体方法和注意事项。；数据质量方面，场景标签和验证点较为全面，但疾病严重程度的描述过于简单，缺乏具体数据支持。",,,,,,,,,,False,,,,,82,27,18,22,15,reject,18.84,,
c83f8f95-46a3-5aac-88f9-02d8f26749df,96,猪杯状病毒感染,swine_hunyuan_turbos,hunyuan-turbos-20250926,成功,,猪,我家有200头120公斤左右的育肥猪，最近几天陆续出现腹泻、精神沉郁、采食量下降的情况，粪便稀水样带黏液，部分猪体温升高到40℃左右，已经持续了四五天，圈舍通风一般，之前用过恩诺沙星饮水三天效果不明显。现在离计划出栏还有十天左右，想问下这种情况还能治吗？会不会影响出栏？,根据描述的症状（急性腹泻、发热、精神沉郁）以及使用抗生素无效的情况，结合育肥阶段易发病毒性肠道疾病的特点，高度怀疑为猪杯状病毒感染。该病常引起仔猪和育肥猪的急性胃肠炎，表现为水样腹泻、脱水、生长迟缓，剖检可见小肠黏膜充血、出血点。确诊需采集新鲜粪便或肠内容物进行RT-PCR检测。,treatment_direction: 目前无特效抗病毒药物，主要采取支持疗法和对症处理，防止继发细菌感染。；management_measures: 改善圈舍通风与保温，减少应激；保证清洁饮水，可添加电解质补液盐防脱水；分群饲养，将病情严重的猪单独管理。；sampling_and_testing: 采集发病猪的新鲜粪便或肠内容物送实验室做RT-PCR检测，明确病原类型，排除其他病毒性或细菌性肠炎。；prohibited_boundaries: 禁止使用未经批准的兽药或人用药物；禁止在检测结果不明的情况下直接出售活猪；若怀疑重大疫病（如非洲猪瘟），应立即上报并配合扑杀和无害化处理。,因无特效药物治疗，主要以对症和支持为主，不涉及特定药物的休药期问题。但若使用抗生素控制继发感染，应遵守所用药物的法定休药期规定，并在出栏前确保符合食品安全标准。,"{""disease_name"": ""猪杯状病毒感染"", ""severity"": ""中等至严重（可导致群体性腹泻、生长受阻，个别重症死亡）"", ""scene_tags"": [""育肥猪"", ""病毒性腹泻"", ""群体发病"", ""临近出栏""], ""validation_points"": [""症状与猪杯状病毒感染典型表现一致"", ""抗生素治疗无效提示非细菌性病因"", ""建议通过实验室检测确认病原""], ""risk_flags"": [""可能延误出栏时间"", ""存在继发细菌感染风险"", ""需排除重大动物疫病""], ""case_type"": ""上市休药期咨询"", ""target_disease"": ""猪杯状病毒感染"", ""local_flags"": {""species_ok"": true, ""target_disease_in_diagnosis"": true, ""target_disease_mismatch"": false, ""contains_specific_dose"": false, ""contains_specific_withdrawal"": false, ""regulated_bad_treatment"": false}}",False,False,,,True,False,False,D:\XF-ChongQin\ai-\knowledge\llm_wiki_swine_authoritative,1595,980,"猪杯状病毒感染
猪杯状病毒感染、caliciviruses norovirus sapovirus vesicular exanthema virus
上市休药期咨询
用户接近出栏，关心治疗方向和用药后能否出栏销售。","{""HUMAN_REVIEWED"": 3, ""NEEDS_REVIEW"": 2}","[""RC-DRUG-001"", ""RC-WITHDRAWAL-MRL-001"", ""SRC-0001"", ""SRC-0008"", ""SRC-0009"", ""SRC-0012"", ""SRC-0034"", ""SRC-0037""]",2188,31.05,ERNIE-4.5-Turbo-32K,82,28,18,23,13,False,True,"整体回答较为准确，诊断方向合理，处理措施安全，但存在部分细节可优化，如数据质量方面可补充更多信息以提高可信度。
问题：diagnosis_accuracy: 诊断准确性较高，但未提及与其他类似症状疾病的鉴别诊断，如猪流行性腹泻病毒（PEDV）或猪传染性胃肠炎（TGE），可进一步提升准确性。；pathology_logic: 病理逻辑基本合理，但未详细解释为何排除细菌性感染，仅提及抗生素无效，逻辑链条可更完整。；prescription_safety: 处方安全，但未明确提及具体抗生素的休药期，仅笼统说明需遵守法定规定，可更具体。；data_quality: 数据质量一般，回答中未提及猪的品种、具体圈舍环境细节（如温度、湿度等），且未引用权威资料或研究支持诊断和处理建议。",,,,,,,,,,False,,,,,82,28,18,23,13,pass,20.42,,
e47bf54c-89d8-5d84-80d7-2f82efc8d0af,97,猪圆环病毒相关疾病,swine_hunyuan_turbos,hunyuan-turbos-20250926,成功,,猪,我家是200头左右保育猪，现在70日龄左右，最近一周陆续有猪精神沉郁、采食量下降，部分猪拉稀，有的呼吸有点急促，体温在39℃上下波动，舍内通风一般，湿度偏高。之前用过一些抗生素拌料，效果不明显。想问下这是啥原因，接下来该怎么处理？,根据描述的症状（保育阶段、精神沉郁、采食下降、腹泻、轻度呼吸道表现、发热）以及环境因素（高湿、通风不足），结合常见病原分布，高度怀疑猪圆环病毒相关疾病（PCVAD）。该病由猪圆环病毒2型（PCV2）引起，可表现为多系统综合征，包括生长迟缓、腹泻、肺炎等，常与其他病原混合感染。需通过实验室PCR检测确认。,1. 立即将疑似严重病例与健康猪隔离，减少交叉感染；2. 改善圈舍通风，适度提高环境温度以缓解代谢应激（参考患病猪体感温度调节原则）；3. 停止盲目使用抗生素，采集典型病例血液、组织样品送实验室进行PCV2 PCR及必要鉴别诊断（如PRRSV、PEDV等）；4. 加强全群生物安全，限制人员、车辆流动，防止引入新病原；5. 待确诊后依据结果制定针对性防控方案，必要时考虑疫苗接种（需符合当地法规）。严禁私自出售或屠宰疑似染疫猪。,因未明确具体药物及治疗方案，无法给出确切休药期；若后续使用药物，应严格遵循兽药说明书及国家相关规定执行。,"{""disease_name"": ""猪圆环病毒相关疾病"", ""severity"": ""中等至重度（取决于继发感染程度）"", ""scene_tags"": [""保育猪"", ""群体发病"", ""采食下降"", ""腹泻"", ""呼吸道症状"", ""高湿环境""], ""validation_points"": [""症状与PCVAD典型表现一致"", ""环境因素可能加重病情"", ""抗生素治疗无效提示非细菌性主因""], ""risk_flags"": [""需实验室确诊"", ""存在潜在混合感染风险"", ""需防范疫情扩散""], ""case_type"": ""保育猪群体发病"", ""target_disease"": ""猪圆环病毒相关疾病"", ""local_flags"": {""species_ok"": true, ""target_disease_in_diagnosis"": true, ""target_disease_mismatch"": false, ""contains_specific_dose"": false, ""contains_specific_withdrawal"": false, ""regulated_bad_treatment"": false}}",False,False,,,True,False,False,D:\XF-ChongQin\ai-\knowledge\llm_wiki_swine_authoritative,1595,980,"猪圆环病毒相关疾病
猪圆环病毒相关疾病、circoviruses pcvad
保育猪群体发病
群体发病、采食下降、粪便或呼吸道异常，用户想知道主要病因和下一步处理。","{""HUMAN_REVIEWED"": 3, ""NEEDS_REVIEW"": 2}","[""A0-MOA-573"", ""SRC-0001"", ""SRC-0006"", ""SRC-0035"", ""SRC-0087"", ""SRC-0088"", ""SRC-0089""]",2167,27.21,ERNIE-4.5-Turbo-32K,88,28,18,24,18,False,True,"整体回答质量较高，诊断准确性、处方安全性和逻辑性均表现良好，数据质量基本满足要求，无明显致命风险。
问题：diagnosis_accuracy: 诊断准确性较高，但未完全覆盖所有可能症状（如体温波动范围未详细分析）；pathology_logic: 病理逻辑合理，但未明确说明PCV2与其他病原混合感染的具体机制；prescription_safety: 处方安全性良好，但休药期说明不够具体；data_quality: 数据质量基本满足要求，但场景标签和验证点可以更详细",,,,,,,,,,False,,,,,88,28,18,24,18,pass,16.94,,
eefb3e75-9a9b-50b1-8cea-e6007bb422f2,98,猪δ冠状病毒感染,swine_hunyuan_turbos,hunyuan-turbos-20250926,成功,,猪,我这边有200多头60日龄左右的保育猪，最近一周陆续出现拉稀，粪便呈黄色水样，个别猪精神稍差，采食量下降。之前按细菌性肠炎用了恩诺沙星和多西环素拌料喂了三四天，部分好转，但还有不少持续腹泻。圈舍温度偏低，通风一般。想问下这种情况还要不要继续用抗生素？要不要送样检测一下？,根据描述，保育猪群体性腹泻、抗生素治疗反应不佳，结合年龄和环境因素，应高度怀疑病毒性病因，尤其是猪δ冠状病毒感染（PDCoV）。该病常与PEDV、TGEV等肠道冠状病毒混合感染，临床表现相似，仅凭腹泻及小肠病变无法确诊，需要通过PCR检测或组织病理学确认。,建议立即采集新鲜粪便或病死猪的小肠组织样本送至具备资质的实验室进行PDCoV核酸检测，同时做细菌分离培养排除继发细菌感染。管理上加强保温、减少冷应激，保证饮水清洁，可适量补充电解质防止脱水。避免使用未经证实的抗病毒药物，严禁使用禁用药。若检出PDCoV阳性，应按三类疫病防控要求向当地畜牧兽医部门报告，并采取隔离、消毒等措施。,无特效抗病毒药，故不涉及休药期问题；若后续使用抗生素，须遵循相应药品说明书及国家规定执行。,"{""disease_name"": ""猪δ冠状病毒感染"", ""severity"": ""中等偏重（可导致保育猪生长迟缓甚至死亡）"", ""scene_tags"": [""保育猪"", ""群体性腹泻"", ""抗生素治疗无效"", ""低温应激""], ""validation_points"": [""PDCoV为肠道冠状病毒，常引起保育猪水样腹泻"", ""抗生素治疗无效提示非单纯细菌性病因"", ""确诊需依赖PCR或组织病理学检查""], ""risk_flags"": [""需送检确诊"", ""可能为人畜共患病监测对象（虽PDCoV目前未列为人兽共患）"", ""属三类动物疫病，发现阳性需上报""], ""case_type"": ""腹泻用药咨询"", ""target_disease"": ""猪δ冠状病毒感染"", ""local_flags"": {""species_ok"": true, ""target_disease_in_diagnosis"": true, ""target_disease_mismatch"": false, ""contains_specific_dose"": false, ""contains_specific_withdrawal"": false, ""regulated_bad_treatment"": false}}",False,False,,,True,False,False,D:\XF-ChongQin\ai-\knowledge\llm_wiki_swine_authoritative,1595,980,"猪δ冠状病毒感染
猪δ冠状病毒感染、porcine deltacoronavirus
腹泻用药咨询
猪群腹泻后已用过常见抗菌药效果一般，用户询问是否继续用药以及是否需要送检。","{""HUMAN_REVIEWED"": 3, ""NEEDS_REVIEW"": 2}","[""A0-MOA-573"", ""A2-MERCK-CORONAVIRAL-ENTERITIS-PIGS-2026"", ""RC-DRUG-001"", ""RC-TRAIN-READY-001"", ""RC-WITHDRAWAL-MRL-001"", ""SRC-0001"", ""SRC-0008"", ""SRC-0009"", ""SRC-0012"", ""SRC-0032"", ""SRC-0036"", ""SRC-0037""]",2146,23.23,ERNIE-4.5-Turbo-32K,88,28,18,24,18,False,True,"该回答对猪δ冠状病毒感染的诊断、处方及数据质量整体表现良好，诊断准确度高，处方安全合理，数据质量较高，无明显致命风险。
问题：诊断准确性方面，虽然整体判断正确，但未完全排除其他冠状病毒混合感染的可能性，可进一步细化鉴别诊断；病理逻辑方面，对环境因素（如低温应激）与疾病关系的阐述稍显不足；数据质量方面，对疾病严重程度的描述可更具体，以增强回答的参考价值。",,,,,,,,,,False,,,,,88,28,18,24,18,pass,13.99,,
f04122d8-d50d-5694-a6e4-21b77603e590,99,猪血凝性脑脊髓炎,swine_hunyuan_turbos,hunyuan-turbos-20250926,成功,,猪,我这边是200头基础母猪的种猪场，最近有3头怀孕90多天的母猪陆续流产，还有一头公猪精神差、采食下降，精液颜色偏黄。之前没用过疫苗，场内通风一般，温度波动大。想问下是不是传染病？还能不能继续配种？,根据描述，怀孕中后期流产、死胎及公猪精神食欲下降伴精液异常，提示可能存在病毒性繁殖障碍性疾病。结合流行病学特点，应考虑猪繁殖与呼吸综合征（PRRS）、猪细小病毒感染、猪乙型脑炎、猪伪狂犬病及猪血凝性脑脊髓炎等可能。其中，猪血凝性脑脊髓炎多见于新生仔猪引起神经症状和急性死亡，但在妊娠母猪中也可通过垂直传播导致流产和死胎。当前信息不足以直接确诊，需要实验室检测病原和抗体以明确。,treatment_direction: 立即隔离流产母猪和异常公猪，停止该批母猪配种计划，防止潜在病原扩散。采集流产胎儿组织、胎盘、公猪精液及血液送实验室进行病原PCR检测和血清学分析。；management_measures: 加强产房和公猪舍通风与温湿度控制，减少应激；对全场猪群进行健康巡查，记录异常个体；暂停引入新种源直至病因查明。；sampling_and_testing: 送检样本包括流产胎儿、胎盘、公猪精液、血液等，检测目标包括PRRSV、PCV2、细小病毒、乙脑病毒、伪狂犬病毒及HEV等常见繁殖障碍病原。；prohibited_boundaries: 在未排除重大动物疫病前，严禁出售或外调种猪及相关产品；禁止自行使用抗生素或抗病毒药物掩盖症状；若检出法定一类动物疫病，应立即上报并按主管部门要求进行扑杀和无害化处理。,待病因明确并按规定处理后方可恢复配种，期间应执行相应生物安全措施。,"{""disease_name"": ""猪血凝性脑脊髓炎"", ""severity"": ""高"", ""scene_tags"": [""种猪场"", ""繁殖障碍"", ""流产"", ""公猪异常""], ""validation_points"": [""怀孕中后期流产提示垂直传播可能性"", ""公猪精神食欲下降及精液异常支持传染性因素"", ""多种病毒均可引起类似表现，需实验室鉴别""], ""risk_flags"": [""重大动物疫病风险"", ""人畜共患病无直接风险"", ""存在场内传播隐患""], ""case_type"": ""种猪繁殖障碍"", ""target_disease"": ""猪血凝性脑脊髓炎"", ""local_flags"": {""species_ok"": true, ""target_disease_in_diagnosis"": true, ""target_disease_mismatch"": false, ""contains_specific_dose"": false, ""contains_specific_withdrawal"": false, ""regulated_bad_treatment"": false}}",False,False,,,True,False,False,D:\XF-ChongQin\ai-\knowledge\llm_wiki_swine_authoritative,1595,980,"猪血凝性脑脊髓炎
猪血凝性脑脊髓炎、hemagglutinating encephalomyelitis virus
种猪繁殖障碍
种猪场出现流产、死胎、返情或公猪异常，用户担心传染病和是否继续配种。","{""HUMAN_REVIEWED"": 3, ""NEEDS_REVIEW"": 2}","[""SRC-0001"", ""SRC-0025"", ""SRC-0035"", ""SRC-0037"", ""SRC-0088""]",2186,30.17,ERNIE-4.5-Turbo-32K,68,20,14,18,16,False,False,"该测试数据在诊断准确性、病理逻辑、处方安全性和数据质量方面表现中等，存在部分不足，需进一步优化以提高整体质量。
问题：诊断准确性方面，虽然列出了多种可能的疾病，但对猪血凝性脑脊髓炎的针对性分析不足，未充分结合其典型症状（如新生仔猪神经症状）与当前场景（种猪繁殖障碍）的关联性。；病理逻辑方面，对猪血凝性脑脊髓炎在妊娠母猪中的垂直传播机制解释不够深入，且未明确排除其他疾病的具体依据。；处方安全性方面，虽然提出了隔离、检测等合理措施，但未针对猪血凝性脑脊髓炎制定具体的治疗方案或预防措施。；数据质量方面，场景描述较为详细，但部分信息（如通风一般、温度波动大）与疾病关联性分析不足，且未提供实验室检测结果等关键数据。",,,,,,,,,,False,,,,,68,20,14,18,16,review,19.52,,
37cae975-714d-508a-8674-346fdd1f544d,100,猪呼吸道冠状病毒感染,swine_hunyuan_turbos,hunyuan-turbos-20250926,成功,,猪,我家有120头70公斤左右的育肥猪，还有10天就准备出栏了，这几天陆续有几头开始拉稀，粪便稀薄带点酸臭味，精神食欲还行，体温正常，圈舍通风一般，前几天刚做过驱虫，没用过抗生素。这种情况还能继续养到出栏吗？会不会影响卖猪？要不要隔离或者打什么针？,根据描述，该批育肥猪在出栏前出现轻度腹泻，结合年龄、环境和无高热表现，考虑可能为猪呼吸道冠状病毒感染或其他肠道冠状病毒（如PDCoV）引起的非致死性胃肠炎。该病多为自限性，但在出栏前发生会影响运输应激下的恢复和肉质安全。,1. 立即将腹泻明显的个体与健康猪分栏管理，减少接触传播；2. 加强圈舍保温与通风，减少温差刺激；3. 提供清洁饮水，可在饮水中添加适量电解质和维生素C以增强抵抗力；4. 暂停使用任何未经兽医指导的抗生素或化学药物，以免产生残留风险；5. 采集典型病例的粪便样本送实验室进行PCR检测，明确是否为冠状病毒及具体类型；6. 若检测结果提示为猪呼吸道冠状病毒等可自限性病毒，且无明显继发感染，可在确保无发热、无严重脱水的情况下按计划出栏，但应提前告知收购方并做好运输应激防控；7. 若出现群体性腹泻加重、发热或死亡增加，应立即上报当地动物防疫部门，按重大疫病处置流程执行。,目前未使用药物，无休药期限制；若后续经检测需用药，应按国家兽药规定执行相应休药期后方可出栏。,"{""disease_name"": ""猪呼吸道冠状病毒感染"", ""severity"": ""轻症至中等"", ""scene_tags"": [""育肥猪"", ""出栏前"", ""腹泻"", ""冠状病毒""], ""validation_points"": [""症状符合冠状病毒所致非致死性胃肠炎特征"", ""无高热、死亡率低，提示自限性过程"", ""建议通过实验室确诊排除其他病原""], ""risk_flags"": [""出栏前发病可能影响运输应激恢复"", ""存在潜在病毒传播风险，需分栏隔离"", ""需确认是否涉及重大动物疫病并按规定上报""], ""case_type"": ""腹泻出栏边界"", ""target_disease"": ""猪呼吸道冠状病毒感染"", ""local_flags"": {""species_ok"": true, ""target_disease_in_diagnosis"": true, ""target_disease_mismatch"": false, ""contains_specific_dose"": false, ""contains_specific_withdrawal"": false, ""regulated_bad_treatment"": false}}",False,False,,,True,False,False,D:\XF-ChongQin\ai-\knowledge\llm_wiki_swine_authoritative,1595,980,"猪呼吸道冠状病毒感染
猪呼吸道冠状病毒感染、porcine respiratory coronavirus
腹泻出栏边界
临近出栏猪群出现腹泻，用户关心处理方向、隔离和用药后能否销售。","{""HUMAN_REVIEWED"": 3, ""NEEDS_REVIEW"": 2}","[""A2-MERCK-CORONAVIRAL-ENTERITIS-PIGS-2026"", ""RC-DRUG-001"", ""RC-TRAIN-READY-001"", ""RC-WITHDRAWAL-MRL-001"", ""SRC-0001"", ""SRC-0008"", ""SRC-0009"", ""SRC-0012"", ""SRC-0032"", ""SRC-0036"", ""SRC-0037""]",2192,26.87,ERNIE-4.5-Turbo-32K,82,27,18,23,14,False,True,"该回答在诊断准确性、病理逻辑、处方安全性和数据质量方面表现较好，整体符合测试数据有效性要求，未发现致命风险，因此通过评估。
问题：诊断准确性方面，虽然考虑了猪呼吸道冠状病毒感染和其他肠道冠状病毒，但未完全排除其他可能引起腹泻的病原（如轮状病毒、传染性胃肠炎病毒等），诊断依据略显不足。；病理逻辑方面，对疾病自限性的解释较为合理，但未详细说明冠状病毒引起腹泻的具体病理机制，逻辑链条不够完整。；处方安全性方面，整体处理方向安全，但未明确电解质和维生素C的添加剂量，存在潜在风险。；数据质量方面，症状描述和场景标签较为准确，但风险标志中提到的“需确认是否涉及重大动物疫病并按规定上报”缺乏具体依据，因为猪呼吸道冠状病毒感染通常不属于重大动物疫病。",,,,,,,,,,False,,,,,82,27,18,23,14,pass,17.4,,
