case_id,index,disease_name,generator_key,generator_model,success,error,species,user_query,diagnosis,prescription,withdrawal_period,metadata,rule_hard_block,rule_fatal_risk,rule_codes,rule_messages,target_disease_in_diagnosis,target_disease_mismatch,final_fatal_risk,wiki_dir,wiki_fact_count,wiki_page_count,wiki_context_query,wiki_evidence_status_counts,wiki_evidence_source_ids,wiki_context_chars,generation_seconds,judge_a_model,judge_a_total_score,judge_a_diagnosis_accuracy,judge_a_pathology_logic,judge_a_prescription_safety,judge_a_data_quality,judge_a_fatal_risk,judge_a_structured_pass,judge_a_summary,judge_b_model,judge_b_total_score,judge_b_diagnosis_accuracy,judge_b_pathology_logic,judge_b_prescription_safety,judge_b_data_quality,judge_b_fatal_risk,judge_b_structured_pass,judge_b_summary,needed_arbitration,arbiter_model,arbiter_agreed_with_judge,arbiter_final_label,arbiter_reason,final_total_score,final_diagnosis_accuracy,final_pathology_logic,final_prescription_safety,final_data_quality,final_label,judge_a_seconds,judge_b_seconds,arbiter_seconds
dd134bea-d4e0-5910-abdd-b3a1d041eb0a,1,非洲猪瘟,swine_hunyuan_turbos,hunyuan-turbos-20250926,成功,,猪,我家有120头保育猪，现在70天左右，这几天有几头突然不吃料，体温升高到41度多，有的还拉带血的稀粪，精神沉郁，呼吸有点急促，圈舍通风一般，之前用过氟苯尼考拌料防过呼吸道病，这种情况是不是传染病？该咋办？,根据描述的高热、采食下降、便血、呼吸急促等症状，结合保育猪群体发病特点，高度怀疑为非洲猪瘟病毒感染。该病可引起急性发热、全身出血性病变，尤其脾脏显著肿大、淋巴结出血、肾脏点状出血等特征性病理变化。,立即停止场内任何猪只调运和出售，对出现症状的猪进行隔离观察，采集血样、组织样本送有资质的实验室进行非洲猪瘟PCR检测；加强场区消毒，限制人员车辆流动，防止交叉感染；严禁使用未经批准的疫苗或药物替代防控；如确诊，应严格按照当地畜牧兽医主管部门要求进行扑杀、无害化处理及流行病学调查。,因涉及重大动物疫病，无常规休药期概念，须按官方扑杀和无害化处理措施执行。,"{""disease_name"": ""非洲猪瘟"", ""severity"": ""极高"", ""scene_tags"": [""保育猪"", ""群体发病"", ""高热"", ""便血"", ""呼吸急促""], ""validation_points"": [""高热超过40℃且持续不退"", ""便血或血便"", ""脾脏肿大、淋巴结出血等典型病变"", ""群体同时发病""], ""risk_flags"": [""重大动物疫病"", ""高传染性"", ""无有效治疗药物""], ""case_type"": ""保育猪群体发病"", ""target_disease"": ""非洲猪瘟"", ""local_flags"": {""species_ok"": true, ""target_disease_in_diagnosis"": true, ""target_disease_mismatch"": false, ""contains_specific_dose"": false, ""contains_specific_withdrawal"": false, ""regulated_bad_treatment"": false}}",False,False,,,True,False,False,D:\XF-ChongQin\ai-\knowledge\llm_wiki_swine_authoritative,1465,887,"非洲猪瘟
非洲猪瘟、african swine fever virus、ASF、African swine fever
保育猪群体发病
群体发病、采食下降、粪便或呼吸道异常，用户想知道主要病因和下一步处理。","{""HUMAN_REVIEW"": 1, ""HUMAN_REVIEWED"": 2}","[""SRC-0001"", ""SRC-0031""]",2221,33.63,ERNIE-4.5-Turbo-32K,90,28,18,25,19,False,True,"整体回答质量较高，诊断准确，处理方向安全，符合非洲猪瘟的防控要求。诊断依据充分，症状与疾病匹配度高，处理措施符合重大疫病防控规范。数据质量方面，症状描述和场景标签较为全面，但缺乏部分关键症状的详细描述。
问题：diagnosis_accuracy: 诊断准确度较高，但未明确提及非洲猪瘟的典型病理变化（如脾脏肿大、淋巴结出血等）在诊断中的重要性，略显不足。；pathology_logic: 病理逻辑基本合理，但未详细解释症状与疾病之间的因果关系，尤其是便血和呼吸急促的病理机制。；data_quality: 数据质量较好，但用户查询中未提及脾脏肿大等关键症状，回答中未补充说明如何通过其他症状推断非洲猪瘟，略显依赖用户描述的完整性。",,,,,,,,,,False,,,,,90,28,18,25,19,pass,20.07,,
0d05c097-aa10-58a0-a794-a5eac358593d,2,猪流行性腹泻,swine_hunyuan_turbos,hunyuan-turbos-20250926,成功,,猪,我这边是河南一个200头规模的猪场，现在有一批60日龄左右的保育猪出现水样腹泻，已经持续三四天了，刚开始用了恩诺沙星和硫酸粘菌素拌料，部分好转，但还有不少拉稀，粪便带酸臭味，精神还行，采食量下降不多。请问这种情况还能继续用抗生素吗？要不要送样检测一下？,根据描述，该批次保育猪出现持续性水样腹泻，伴酸臭气味，且常规抗菌药物疗效有限，结合年龄及流行病学特点，高度怀疑为猪流行性腹泻病毒感染。该病由猪流行性腹泻病毒（PEDV）引起，属于冠状病毒科，主要侵害小肠上皮细胞，导致吸收障碍和水样腹泻。需要与传染性胃肠炎病毒（TGEV）、轮状病毒、大肠杆菌性腹泻等鉴别。,treatment_direction: 本病无特效抗病毒药物，应以支持疗法为主，防止继发细菌感染。可继续使用广谱抗生素控制继发菌，同时补充电解质和维生素，改善饲料适口性与营养密度。；management_measures: 加强保温与通风管理，减少冷应激；保持圈舍干燥清洁，及时清理粪污；对严重脱水个体进行补液；分群饲养以减少交叉感染。；sampling_and_testing: 建议采集新鲜腹泻粪便样本送至有资质的实验室进行PEDV核酸检测（RT-PCR），必要时同步检测TGEV、轮状病毒等，以明确病原。；prohibited_boundaries: 严禁将疑似病例与健康猪混养；未经确诊前不得擅自使用未经批准的疫苗或药物；若确诊为PEDV，应按当地畜牧部门要求进行疫情报告和生物安全措施。,因涉及多种药物及个体差异，应依据所用药物标签说明执行停药期，并在出栏前进行安全检测。,"{""disease_name"": ""猪流行性腹泻"", ""severity"": ""中等至严重（取决于日龄与免疫状况）"", ""scene_tags"": [""保育猪"", ""水样腹泻"", ""抗生素治疗无效"", ""需要病原检测""], ""validation_points"": [""符合PEDV在保育猪阶段的流行特征"", ""临床表现与PEDV一致（水样腹泻、酸臭味）"", ""常规抗菌药效果差提示病毒性病因""], ""risk_flags"": [""可能为人畜共患病误判风险（实际非人兽共患）"", ""需排除其他肠道病毒混合感染""], ""case_type"": ""腹泻用药咨询"", ""target_disease"": ""猪流行性腹泻"", ""local_flags"": {""species_ok"": true, ""target_disease_in_diagnosis"": true, ""target_disease_mismatch"": false, ""contains_specific_dose"": false, ""contains_specific_withdrawal"": false, ""regulated_bad_treatment"": false}}",False,False,,,True,False,False,D:\XF-ChongQin\ai-\knowledge\llm_wiki_swine_authoritative,1465,887,"猪流行性腹泻
猪流行性腹泻、porcine epidemic diarrhea virus、PED、PEDV
腹泻用药咨询
猪群腹泻后已用过常见抗菌药效果一般，用户询问是否继续用药以及是否需要送检。","{""HUMAN_REVIEWED"": 2, ""NEEDS_REVIEW"": 2}","[""A0-MOA-573"", ""A2-EFSA-PED-PDCOV-OPINION"", ""SRC-0001"", ""SRC-0037"", ""SRC-0063""]",2221,36.5,ERNIE-4.5-Turbo-32K,88,28,18,23,20,False,True,"该回答整体符合猪流行性腹泻的诊断与处理要求，诊断逻辑清晰，处理方向安全，数据质量较高，无明显致命风险。
问题：diagnosis_accuracy: 诊断准确性较高，但未完全排除其他病毒性腹泻（如TGEV、轮状病毒）的混合感染，仅提及鉴别诊断，未进一步说明如何区分。；pathology_logic: 病理逻辑基本合理，但对PEDV的致病机制描述稍显简单，未详细说明病毒如何导致水样腹泻的具体过程。；prescription_safety: 处方安全，但‘继续使用广谱抗生素控制继发菌’的建议稍显笼统，未明确具体抗生素种类及使用时机。；data_quality: 数据质量较高，但‘风险标志’中提及‘可能为人畜共患病误判风险’不准确，PEDV并非人兽共患病，此点可能引起误解。",,,,,,,,,,False,,,,,88,28,18,23,20,pass,20.89,,
d4cc2b84-73b0-55cc-b5e5-feacf21508d7,3,猪传染性胃肠炎,swine_hunyuan_turbos,hunyuan-turbos-20250926,成功,,猪,我家有120头母猪，现在产房里刚出生5天左右的仔猪陆续出现拉稀，粪便呈黄色水样，部分窝全窝都拉，有的还伴有呕吐，体温测着正常，吃奶也还可以，就是精神差一些。之前没用过什么药，圈舍温度在28℃左右，湿度偏高。我想知道这是病毒性还是细菌性的？要不要马上打针？,根据日龄（5日龄左右）、全窝发病、水样黄色腹泻伴呕吐、无明显高热等症状，结合冬季高发特点，高度怀疑为猪传染性胃肠炎（TGEV），但也需排除大肠杆菌（ETEC）、轮状病毒、球虫（Isospora suis）及梭菌感染等。建议尽快采集新鲜粪便送实验室进行病原检测（RT-PCR或电镜）以确诊。,treatment_direction: 目前无特效抗病毒药物，以支持疗法为主，包括保温、补液、电解质平衡、防止继发细菌感染。；management_measures: 提高产房温度至30-32℃，降低湿度；保证仔猪及时吃到初乳；对严重脱水个体可腹腔或口服补液；减少应激，保持圈舍清洁干燥。；sampling_and_testing: 采集发病仔猪的新鲜粪便样品，送具备资质的兽医实验室进行TGEV、轮状病毒、大肠杆菌、球虫等病原检测，必要时做电镜观察。；contraindications: 禁止随意使用抗生素预防，以免掩盖病情并增加耐药性；若检出重大动物疫病（如非洲猪瘟等），须立即报告当地畜牧兽医部门，不得擅自治疗或销售。,因无特定药物治疗，不涉及药物休药期问题；若为重大疫病，则按国家相关规定执行封锁、扑杀或无害化处理。,"{""disease_name"": ""猪传染性胃肠炎"", ""severity"": ""中等至高死亡风险（尤其新生仔猪）"", ""scene_tags"": [""腹泻"", ""新生仔猪"", ""全窝发病"", ""水样粪"", ""呕吐""], ""validation_points"": [""按日龄分层鉴别腹泻病因"", ""考虑病毒性（TGEV、轮状病毒）、细菌性（ETEC、梭菌）、寄生虫性（球虫）等多重可能性"", ""强调采样送检的重要性""], ""risk_flags"": [""高致死率新生仔猪疾病"", ""潜在重大动物疫病风险""], ""case_type"": ""腹泻采样送检"", ""target_disease"": ""猪传染性胃肠炎"", ""local_flags"": {""species_ok"": true, ""target_disease_in_diagnosis"": true, ""target_disease_mismatch"": false, ""contains_specific_dose"": false, ""contains_specific_withdrawal"": false, ""regulated_bad_treatment"": false}}",False,False,,,True,False,False,D:\XF-ChongQin\ai-\knowledge\llm_wiki_swine_authoritative,1465,887,"猪传染性胃肠炎
猪传染性胃肠炎、transmissible gastroenteritis virus、TGE、TGEV
腹泻采样送检
用户描述粪便性状、日龄和病程，重点询问如何鉴别病毒性、细菌性或寄生虫性腹泻。","{""HUMAN_REVIEWED"": 2, ""NEEDS_REVIEW"": 2}","[""RC-DIARRHEA-001"", ""SRC-0001"", ""SRC-0007"", ""SRC-0036"", ""SRC-0052"", ""SRC-0062"", ""SRC-0063"", ""SRC-0064"", ""SRC-0071"", ""SRC-0072"", ""SRC-0073"", ""SRC-0077"", ""SRC-0081""]",2221,37.41,ERNIE-4.5-Turbo-32K,90,28,18,24,20,False,True,"该回答整体表现良好，诊断方向准确，鉴别诊断全面，处理措施安全合理，数据质量较高。诊断准确率较高，考虑了多种可能性并建议实验室检测以确诊。病理逻辑清晰，符合临床实际。处方安全，无冲突，且考虑了支持疗法和预防继发感染。数据质量较高，信息完整，风险标识明确。
问题：diagnosis_accuracy: 诊断准确率虽高，但未完全覆盖所有可能的鉴别诊断（如未明确提及伪狂犬病等可能引起类似症状的疾病，尽管其可能性较低）。；pathology_logic: 病理逻辑基本清晰，但可进一步细化不同病原的典型症状差异，以增强鉴别诊断的说服力。；data_quality: 数据质量较高，但场景标签和验证点可进一步丰富，以更全面地反映病例特点。",,,,,,,,,,False,,,,,90,28,18,24,20,pass,21.85,,
462dd020-cf48-58f8-8ab2-3c82943d9188,4,猪瘟,swine_hunyuan_turbos,hunyuan-turbos-20250926,成功,,猪,我家有200头育肥猪，平均体重80公斤左右，最近两天同一圈里有5头出现高热41℃以上、精神沉郁、食欲下降、皮肤发红，还有一头拉稀带血。之前用过阿莫西林饮水三天没见好转。请问能不能先当普通病治几天看看？,根据描述的高热、皮肤发红、腹泻带血等症状，以及短时间内多例发生的情况，高度怀疑为猪瘟（Classical Swine Fever）。该病为烈性传染病，一旦怀疑应立即停止自行治疗并启动疫情报告程序。,立即隔离可疑病例，禁止调运和出售任何生猪及产品；对全群进行紧急采样送检（血液、组织样本），由当地动物疫病预防控制机构确诊；在未排除前严禁使用未经批准的抗病毒药物或抗生素替代防控；配合主管部门开展封锁、消毒和无害化处理措施。,因涉及重大动物疫病，无场内治疗休药期概念，须按官方处置方案执行。,"{""disease_name"": ""猪瘟"", ""severity"": ""高"", ""scene_tags"": [""育肥猪"", ""高热"", ""急性出血性腹泻"", ""多例突发""], ""validation_points"": [""症状符合猪瘟典型表现（高热、皮肤发红、便血）"", ""短时间内多例发生提示传染性高"", ""曾用抗生素治疗无效支持病毒性病因""], ""risk_flags"": [""重大动物疫病"", ""需立即上报"", ""禁止私自治疗""], ""case_type"": ""暴发与处置边界"", ""target_disease"": ""猪瘟"", ""local_flags"": {""species_ok"": true, ""target_disease_in_diagnosis"": true, ""target_disease_mismatch"": false, ""contains_specific_dose"": false, ""contains_specific_withdrawal"": false, ""regulated_bad_treatment"": false}}",False,False,,,True,False,False,D:\XF-ChongQin\ai-\knowledge\llm_wiki_swine_authoritative,1465,887,"猪瘟
猪瘟、classical swine fever pestiviruses、经典猪瘟、CSF
暴发与处置边界
同栏或多栋猪舍短期内发病增多，用户询问是否能先按普通病治疗观察。","{""HUMA"": 1, ""HUMAN_REVIEWED"": 3}","[""A1-WOAH-CSF-DISEASE"", ""SRC-0001"", ""SRC-0031"", ""SRC-0046""]",2221,30.57,ERNIE-4.5-Turbo-32K,92,28,18,25,21,False,True,"该回答对猪瘟的诊断准确，症状描述与疾病特征高度匹配，诊断逻辑合理，处理方向安全且符合重大疫病防控要求，数据质量较高。
问题：诊断准确性方面，虽然整体判断正确，但未完全覆盖所有症状（如精神沉郁、食欲下降）与猪瘟的关联性说明；病理逻辑上，对短时间内多例发生的传染性解释可更深入；数据质量上，场景标签和验证点可进一步细化以增强说服力。",,,,,,,,,,False,,,,,92,28,18,25,21,pass,17.48,,
2a6fdb9a-a6fb-5ea1-b7b4-47973ffe0772,5,猪口蹄疫,swine_hunyuan_turbos,hunyuan-turbos-20250926,成功,,猪,我家有120头育肥猪，平均体重在60公斤左右，最近几天有几头出现蹄部水泡、跛行，有的还伴有流涎、食欲下降，体温也偏高。之前没用过疫苗，圈舍通风一般，地面有点潮湿。我想知道这种情况是不是口蹄疫？应该采哪些样送检测？会不会被当成普通蹄病耽误了？,根据描述的临床症状（蹄部水疱、跛行、流涎、发热），结合无疫苗接种史及群体发病情况，高度怀疑为猪口蹄疫。该病属一类动物疫病，需立即采取防控措施并送样确诊。,treatment_direction: 目前无特效药物治疗，应停止一切非必要移动，防止疫情扩散。；management_measures: 立即隔离病猪与健康猪，限制人员、车辆进出，对圈舍及周边环境进行彻底消毒，加强通风干燥。；sampling_submission: 采集新鲜水疱液、口腔拭子、血液样本以及病死猪的舌面、蹄部组织，尽快送至具备资质的实验室进行RT-PCR检测。；prohibited_actions: 严禁私自屠宰、销售、运输病猪及其产品，不得作为普通蹄病处理，以免延误防控。,因属重大动物疫病，须按国家相关规定执行扑杀和无害化处理，不存在常规休药期概念。,"{""disease_name"": ""猪口蹄疫"", ""severity"": ""高"", ""scene_tags"": [""育肥猪"", ""水疱病变"", ""群体发病"", ""无疫苗接种史""], ""validation_points"": [""典型水疱性口蹄部病变"", ""伴随发热、流涎等全身症状"", ""多猪同时发病且传播迅速""], ""risk_flags"": [""一类动物疫病"", ""重大动物疫病"", ""需立即上报""], ""case_type"": ""采样送检咨询"", ""target_disease"": ""猪口蹄疫"", ""local_flags"": {""species_ok"": true, ""target_disease_in_diagnosis"": true, ""target_disease_mismatch"": false, ""contains_specific_dose"": false, ""contains_specific_withdrawal"": false, ""regulated_bad_treatment"": false}}",False,False,,,True,False,False,D:\XF-ChongQin\ai-\knowledge\llm_wiki_swine_authoritative,1465,887,"猪口蹄疫
猪口蹄疫、foot and mouth disease picornaviruses
采样送检咨询
用户描述症状后，重点询问采什么样品、如何判断和如何避免误治。","{""HUMAN_REVIEWED"": 3, ""NEEDS_REVIEW"": 2}","[""A0-MOA-573"", ""A1-WOAH-FMD"", ""A1-WOAH-FMD-DISEASE"", ""SRC-0001"", ""SRC-0009"", ""SRC-0047""]",2164,29.13,ERNIE-4.5-Turbo-32K,92,28,18,25,21,False,True,"该回答在诊断准确性、病理逻辑、处方安全性和数据质量方面表现良好，符合猪口蹄疫的诊断和处理要求，无致命风险。
问题：diagnosis_accuracy: 诊断中未明确提及猪口蹄疫的典型病理特征（如心脏病变），但整体判断准确。；data_quality: 用户描述和回答中的症状与疾病匹配度较高，但未提及人兽共患风险的教育内容。",,,,,,,,,,False,,,,,92,28,18,25,21,pass,14.72,,
f0d4a333-6527-5f0f-b756-0d40b161a401,6,猪繁殖与呼吸综合征,swine_hunyuan_turbos,hunyuan-turbos-20250926,成功,,猪,我家是200头左右保育猪，现在60日龄左右，最近一周舍内通风不太好，氨味很重，早晚温差也大，部分猪开始咳嗽、喘气，精神食欲还行，体温没测过。之前用过几天氟苯尼考拌料，效果不明显。这种情况是环境应激还是传染病？该怎么处理？,结合症状、环境和用药反应，考虑为猪繁殖与呼吸综合征（PRRS）可能性较大，同时伴有环境应激因素。PRRS在保育阶段易发，常表现为咳嗽、喘气、发热、采食下降，且对抗生素治疗效果有限。需与支原体肺炎、猪流感等其他呼吸道病原鉴别。,立即改善圈舍通风，降低氨气浓度，减少昼夜温差；加强保温措施，保持干燥清洁；停止随意使用抗生素，采集鼻拭子、血液样本送实验室进行PCR检测，明确病原；如确诊PRRS，应执行生物安全措施，限制人员车辆流动，防止扩散；必要时联系当地畜牧兽医部门指导防控方案；禁止私自屠宰、销售可疑猪只。,未涉及具体药物使用，无休药期要求；若后续使用兽药，须按说明书及监管部门规定执行。,"{""disease_name"": ""猪繁殖与呼吸综合征"", ""severity"": ""中等至严重"", ""scene_tags"": [""保育猪"", ""呼吸道症状"", ""环境应激"", ""病毒病""], ""validation_points"": [""保育猪常见易感群体"", ""咳嗽喘气符合PRRS临床表现"", ""抗生素无效提示非单纯细菌感染""], ""risk_flags"": [""潜在法定二类疫病"", ""需实验室确诊"", ""存在传播风险""], ""case_type"": ""呼吸道环境诱因"", ""target_disease"": ""猪繁殖与呼吸综合征"", ""local_flags"": {""species_ok"": true, ""target_disease_in_diagnosis"": true, ""target_disease_mismatch"": false, ""contains_specific_dose"": false, ""contains_specific_withdrawal"": false, ""regulated_bad_treatment"": false}}",False,False,,,True,False,False,D:\XF-ChongQin\ai-\knowledge\llm_wiki_swine_authoritative,1465,887,"猪繁殖与呼吸综合征
猪繁殖与呼吸综合征、porcine reproductive and respiratory syndrome viruses、PRRS、蓝耳病
呼吸道环境诱因
通风差、氨气重或温差大后出现咳嗽喘气，用户想区分环境应激和传染病。","{""HUMAN_REVIEWED"": 2, ""NEEDS_REVIEW"": 2}","[""A0-MOA-573"", ""A1-WOAH-PRRS-DISEASE"", ""SRC-0001"", ""SRC-0023""]",2221,34.88,ERNIE-4.5-Turbo-32K,82,27,18,22,15,False,True,"整体回答质量较高，诊断准确性、病理逻辑、处方安全性均表现良好，数据质量稍显不足但不影响整体评估。无明显致命风险，符合通过标准。
问题：诊断准确性方面，虽然考虑了PRRS的可能性，但未完全排除其他呼吸道病原（如支原体肺炎、猪流感）的干扰，诊断依据略显不足。；病理逻辑方面，对PRRS的典型症状描述较为全面，但缺乏对环境应激与传染病之间相互作用的深入分析。；处方安全性方面，提出的改善环境、加强保温等措施安全有效，但未明确后续治疗药物的选择原则，略显笼统。；数据质量方面，用户查询中未提供体温数据，回答中未对此进行说明或假设，略显不足。",,,,,,,,,,False,,,,,82,27,18,22,15,pass,21.14,,
568cefba-b5a1-5138-8388-73336b0abfd7,7,猪胸膜肺炎,swine_hunyuan_turbos,hunyuan-turbos-20250926,成功,,猪,我家有120头60公斤左右的育肥猪，这几天陆续有几头开始咳嗽、呼吸急促，体温在40℃左右，食欲明显下降，有的还张口喘气，圈舍通风一般，湿度偏高。之前用过阿莫西林饮水，效果不明显。请问这是啥病？要不要整批用药？,根据描述的症状（高热、咳嗽、呼吸困难、采食下降）、群体发生特点以及饲养环境，高度怀疑为猪胸膜肺炎（由胸膜肺炎放线杆菌引起）。该病常在应激条件下暴发，急性病例可见肺部出血、坏死及纤维素性渗出，慢性可出现胸膜粘连。,建议立即隔离病猪并加强圈舍通风、降低湿度，适当提高环境温度以改善体感温度；对全群进行针对性抗菌治疗（选择对胸膜肺炎放线杆菌有效的抗生素），同时配合支持疗法改善采食；采集病死猪肺组织送实验室做病原学确诊；严禁随意使用未经许可的药物，避免掩盖病情延误防控。,因涉及抗菌药物使用，需按所用药物说明执行相应停药期，并在出栏前确保符合食品安全标准。,"{""disease_name"": ""猪胸膜肺炎"", ""severity"": ""中等至严重"", ""scene_tags"": [""育肥猪"", ""群体呼吸道症状"", ""高湿通风差""], ""validation_points"": [""症状与胸膜肺炎临床表现一致"", ""群体发病且伴高热、呼吸困难"", ""抗生素治疗无效提示耐药或病原不同""], ""risk_flags"": [""属于中国三类动物疫病，需关注疫情通报与防控措施"", ""存在人畜共患病风险较低，但需防止环境污染和人员防护""], ""case_type"": ""呼吸道群体发病"", ""target_disease"": ""猪胸膜肺炎"", ""local_flags"": {""species_ok"": true, ""target_disease_in_diagnosis"": true, ""target_disease_mismatch"": false, ""contains_specific_dose"": false, ""contains_specific_withdrawal"": false, ""regulated_bad_treatment"": false}}",False,False,,,True,False,False,D:\XF-ChongQin\ai-\knowledge\llm_wiki_swine_authoritative,1465,887,"猪胸膜肺炎
猪胸膜肺炎、actinobacillus pleuropneumoniae pleuropneumonia
呼吸道群体发病
同栏出现咳嗽、喘气、发热、采食下降，用户想判断病因和是否需要全群用药。","{""HUMAN_REVIEWED"": 3, ""NEEDS_REVIEW"": 2}","[""A0-MOA-573"", ""SRC-0001"", ""SRC-0006"", ""SRC-0058""]",2127,33.76,ERNIE-4.5-Turbo-32K,85,28,18,22,17,False,True,"整体回答符合猪胸膜肺炎的诊断与处理逻辑，症状与疾病匹配，诊断准确，处理方向安全，但存在部分细节可优化。
问题：diagnosis_accuracy: 诊断中未明确提及胸膜肺炎的典型病理变化（如纤维素性胸膜炎）以增强诊断依据。；pathology_logic: 病理逻辑部分对慢性病例的描述稍显简略，未充分解释与急性病例的关联。；prescription_safety: 处方中未具体说明抗生素的选择及剂量，仅提到‘选择有效抗生素’，缺乏实际指导性。；data_quality: 用户查询中提到的‘之前用过阿莫西林饮水，效果不明显’未在诊断或处方中充分分析或利用，如考虑耐药性等。",,,,,,,,,,False,,,,,85,28,18,22,17,pass,20.05,,
53ea59c4-b65b-5d5b-8c1a-ae158819051f,8,猪大肠杆菌病,swine_hunyuan_turbos,hunyuan-turbos-20250926,成功,,猪,我家有200多头120斤左右的育肥猪，快到出栏时间了，这几天陆续有几头开始拉稀，粪便稀薄带点黄白色，精神还行，采食量稍微下降，圈舍通风一般，温度偏低，之前没用过药。这种情况还能继续养着卖吗？要不要隔离？用什么药合适？会不会影响食品安全？,根据描述，考虑为猪大肠杆菌病（Colibacillosis），常见于育肥阶段，由致病性大肠杆菌引起，表现为急性水样腹泻，可能伴有轻度脱水。由于接近出栏且症状较轻，不排除其他病原混合感染的可能，建议结合实验室检测明确病原及耐药性。,立即将腹泻明显的猪只与健康猪分栏隔离饲养，减少交叉感染风险；加强圈舍保温和通风，保持干燥清洁饮水；采集新鲜粪便样品送实验室进行病原鉴定和药敏试验，依据结果选择敏感抗菌药物；同时做好病死猪无害化处理，防止病原扩散；严禁在检测结果不明前随意使用抗生素，以免产生耐药性和残留超标风险。,在获得实验室药敏结果并选用合规药物后，严格按兽药说明书和国家规定执行停药期，确保上市猪肉符合食品安全标准。,"{""disease_name"": ""猪大肠杆菌病"", ""severity"": ""中等"", ""scene_tags"": [""育肥猪"", ""临近出栏"", ""腹泻"", ""低环境温度""], ""validation_points"": [""症状与大肠杆菌性腹泻相符"", ""隔离措施可减少传播风险"", ""强调实验室确诊和药敏指导用药""], ""risk_flags"": [""临近出栏需关注食品安全与停药期"", ""未经确诊前禁用广谱抗生素以防耐药"", ""潜在混合感染需排查""], ""case_type"": ""腹泻出栏边界"", ""target_disease"": ""猪大肠杆菌病"", ""local_flags"": {""species_ok"": true, ""target_disease_in_diagnosis"": true, ""target_disease_mismatch"": false, ""contains_specific_dose"": false, ""contains_specific_withdrawal"": false, ""regulated_bad_treatment"": false}}",False,False,,,True,False,False,D:\XF-ChongQin\ai-\knowledge\llm_wiki_swine_authoritative,1465,887,"猪大肠杆菌病
猪大肠杆菌病、colibacillosis、大肠杆菌、大肠杆菌性腹泻、E. coli
腹泻出栏边界
临近出栏猪群出现腹泻，用户关心处理方向、隔离和用药后能否销售。","{""HUMAN_REV"": 1, ""HUMAN_REVIEWED"": 2, ""NEEDS_REVIEW"": 2}","[""SRC-0001"", ""SRC-0063"", ""SRC-0064""]",2221,33.41,ERNIE-4.5-Turbo-32K,82,27,18,23,14,False,True,"该回答对猪大肠杆菌病的诊断较为准确，症状描述与疾病相符，诊断逻辑合理，考虑到了混合感染的可能性。处理方向安全，强调了实验室检测和药敏试验的重要性，避免了盲目用药的风险。同时，关注了食品安全和停药期的问题，符合实际生产需求。
问题：诊断准确性方面，虽然考虑到了混合感染的可能性，但未给出具体的鉴别诊断方法或建议。；病理逻辑方面，对疾病的发生原因和环境因素的关联分析不够深入。；数据质量方面，回答中未提供具体的实验室检测方法或药敏试验的参考标准，缺乏一定的专业性和可操作性。；回答中未明确提及休药期的具体天数或范围，仅强调了按兽药说明书和国家规定执行，略显笼统。",,,,,,,,,,False,,,,,82,27,18,23,14,pass,19.39,,
4840b48a-e308-59e5-86ea-f4401d3a49bf,9,仔猪黄白痢,swine_hunyuan_turbos,hunyuan-turbos-20250926,成功,,猪,我家有200头左右的母猪，现在产房里刚出生7天左右的仔猪陆续拉黄色稀便，有的还带点白色泡沫，精神差、吃奶少，已经有几头开始脱水了，圈舍温度偏低，之前没用过什么药物，这种情况是啥原因？该怎么处理？,根据描述，仔猪为7日龄左右，出现黄色稀便伴白色泡沫、精神沉郁、吃奶减少及脱水，结合圈舍低温等应激因素，高度怀疑为仔猪黄白痢（由致病性大肠杆菌引起）。该病常见于初生至哺乳期仔猪，寒冷、潮湿、卫生条件差是重要诱因。,立即改善保温措施，提高产房温度并减少温差；加强产床清洁消毒，保持干燥；对腹泻严重、脱水的仔猪进行补液支持（口服或腹腔补液）；可在兽医指导下使用针对大肠杆菌的敏感抗生素进行治疗，同时配合益生菌调节肠道菌群；采集粪便样本送实验室做病原鉴定和药敏试验，指导后续用药；严禁使用未经批准的兽药或超范围用药。,需依据实验室检测结果及所用药物确定停药期，确保上市前符合食品安全要求。,"{""disease_name"": ""仔猪黄白痢"", ""severity"": ""中等偏重"", ""scene_tags"": [""哺乳仔猪"", ""腹泻"", ""低温应激"", ""群体发病""], ""validation_points"": [""日龄与临床表现符合仔猪黄白痢特征"", ""环境因素（低温）与疾病发生密切相关"", ""脱水提示病情进展，需要补液和支持治疗""], ""risk_flags"": [""群体传播风险高"", ""若延误处理可能导致死亡率上升""], ""case_type"": ""腹泻群体发病"", ""target_disease"": ""仔猪黄白痢"", ""local_flags"": {""species_ok"": true, ""target_disease_in_diagnosis"": true, ""target_disease_mismatch"": false, ""contains_specific_dose"": false, ""contains_specific_withdrawal"": false, ""regulated_bad_treatment"": false}}",False,False,,,True,False,False,D:\XF-ChongQin\ai-\knowledge\llm_wiki_swine_authoritative,1465,887,"仔猪黄白痢
仔猪黄白痢、neonatal post weaning colibacillosis、黄白痢、大肠杆菌、仔猪大肠杆菌病
腹泻群体发病
同窝或同栏出现水样腹泻、脱水、采食下降，用户想知道主要病因和紧急处理。","{""HUMAN_REVIEWED"": 1, ""NEEDS_REVIEW"": 4}","[""SRC-0001"", ""SRC-0063""]",2055,26.39,ERNIE-4.5-Turbo-32K,92,28,19,24,21,False,True,"该回答对仔猪黄白痢的诊断准确，症状与疾病匹配度高，诊断逻辑合理，处理方向安全且与疾病相互印证，数据质量较高，无明显错误。
问题：diagnosis_accuracy: 诊断准确度较高，但未完全覆盖所有可能的鉴别诊断，如病毒性腹泻等。；pathology_logic: 病理逻辑合理，但未详细解释低温应激如何具体导致疾病发生。；prescription_safety: 处方安全，但未明确具体抗生素种类及剂量，存在一定模糊性。；data_quality: 数据质量较高，但休药期承诺依赖于实验室检测结果，缺乏具体指导。",,,,,,,,,,False,,,,,92,28,19,24,21,pass,18.6,,
9e525a1b-3006-5936-b75e-cf8d847af7de,10,猪丹毒,swine_hunyuan_turbos,hunyuan-turbos-20250926,成功,,猪,我家是育肥场，存栏大概600头，平均体重70公斤左右。最近两天同一圈里有3头陆续出现精神沉郁、体温升高到41度以上，皮肤有紫红色菱形斑块，有的还咳嗽、呼吸急促。之前用过替米考星拌料防呼吸道病，效果一般。现在隔壁圈也有一头出现类似情况，我担心是不是传染病，能不能先按普通细菌感染打针看看？,根据描述，考虑急性败血型猪丹毒可能性较大，特征包括高热、皮肤菱形红斑、呼吸加快等。需注意与A. suis败血症等疾病鉴别，建议尽快采集血样及病变组织送实验室确诊。,立即隔离病猪并加强消毒，减少人员、工具交叉感染；对疑似病例进行对症治疗（如退热、补液、支持疗法），避免使用未经证实的药物方案；同时采集血液、脾、淋巴结等样本送具备资质的实验室做病原鉴定；严禁擅自使用抗生素掩盖病情延误诊断；若确诊为猪丹毒且属重大疫情，应配合当地畜牧部门执行封锁、扑杀、无害化处理等措施。,因涉及重大疫病防控，无自行用药恢复期概念，须依官方检测结果和处置决定执行。,"{""disease_name"": ""猪丹毒"", ""severity"": ""高"", ""scene_tags"": [""育肥猪"", ""急性败血症"", ""皮肤菱形斑"", ""多圈扩散""], ""validation_points"": [""高热、皮肤菱形红斑符合急性败血型猪丹毒临床特征"", ""存在多圈发病趋势提示传染性"", ""需与A. suis败血症等鉴别""], ""risk_flags"": [""可能为人畜共患病的职业暴露风险（erysipeloid）"", ""疑似重大动物疫病暴发，需及时上报并配合处置""], ""case_type"": ""暴发与处置边界"", ""target_disease"": ""猪丹毒"", ""local_flags"": {""species_ok"": true, ""target_disease_in_diagnosis"": true, ""target_disease_mismatch"": false, ""contains_specific_dose"": false, ""contains_specific_withdrawal"": false, ""regulated_bad_treatment"": false}}",False,False,,,True,False,False,D:\XF-ChongQin\ai-\knowledge\llm_wiki_swine_authoritative,1465,887,"猪丹毒
猪丹毒、erysipelas
暴发与处置边界
同栏或多栋猪舍短期内发病增多，用户询问是否能先按普通病治疗观察。","{""HUMAN_REVIEWED"": 4}","[""SRC-0001"", ""SRC-0058"", ""SRC-0065""]",2221,27.63,ERNIE-4.5-Turbo-32K,88,28,18,24,18,False,True,"该回答对猪丹毒的诊断准确性较高，病理逻辑合理，处方安全且符合重大疫病防控要求，数据质量良好，无致命风险。
问题：diagnosis_accuracy: 虽诊断方向正确，但未明确提及与A. suis败血症的鉴别要点，略显不足。；pathology_logic: 病理逻辑基本合理，但未详细阐述猪丹毒的病理机制与症状之间的关联。；data_quality: 数据质量良好，但场景标签和验证点可进一步丰富，以增强数据的全面性和准确性。",,,,,,,,,,False,,,,,88,28,18,24,18,pass,19.85,,
782cbc9f-be4a-5afb-8087-f77a8fa110ad,11,猪支原体肺炎,swine_hunyuan_turbos,hunyuan-turbos-20250926,成功,,猪,我家有200头80公斤左右的育肥猪，最近半个月陆续出现咳嗽、喘气，有的还夹带湿咳，采食量下降，体温正常偏低，用过替米考星拌料一周，症状缓解不明显。圈舍通风一般，粪沟有点臭。想问问这种情况是不是支原体肺炎？要不要做哪些样品送检？会不会是跟其他病原混合感染？,根据描述，该批育肥猪表现慢性咳嗽、喘气和采食下降，抗生素治疗反应不佳，结合饲养密度和通风条件，提示可能存在猪支原体肺炎（M. hyopneumoniae），并需警惕与PRRSV、PCV2、流感病毒或其他细菌性肺炎的混合感染。建议进行实验室检测明确病原谱。,treatment_direction: 针对可能的支原体及混合感染，可尝试使用对支原体有效的抗生素（如泰妙菌素类、氟喹诺酮类等），并结合对症支持治疗改善呼吸状况。；management_measures: 加强圈舍通风换气，降低氨气浓度；减少应激因素；分群管理，防止交叉感染；保证饮水清洁和营养供给。；sampling_and_testing: 采集鼻拭子、肺组织（必要时剖检取样）送实验室进行PCR检测，包括M. hyopneumoniae、PRRSV、PCV2、流感病毒等常见呼吸道病原，以明确混合感染情况。；prohibited_boundaries: 在未排除重大传染病前，不得随意出售、转运猪只；禁止使用未经批准的兽药或超范围用药。,具体休药期需依据所用药物说明书及当地监管部门规定执行，当前不建议给出具体天数。,"{""disease_name"": ""猪支原体肺炎"", ""severity"": ""中等"", ""scene_tags"": [""育肥猪"", ""慢性呼吸道症状"", ""支原体肺炎"", ""混合感染风险"", ""通风不良""], ""validation_points"": [""症状符合支原体肺炎特征（慢性咳嗽、喘气、低热、抗生素疗效有限）"", ""考虑了混合感染可能性（PRRSV、PCV2、流感等）"", ""建议了合理的采样方案（鼻拭子、肺组织PCR检测）""], ""risk_flags"": [""混合感染风险高"", ""潜在重大疫病排查需求""], ""case_type"": ""呼吸道采样送检"", ""target_disease"": ""猪支原体肺炎"", ""local_flags"": {""species_ok"": true, ""target_disease_in_diagnosis"": true, ""target_disease_mismatch"": false, ""contains_specific_dose"": false, ""contains_specific_withdrawal"": false, ""regulated_bad_treatment"": false}}",False,False,,,True,False,False,D:\XF-ChongQin\ai-\knowledge\llm_wiki_swine_authoritative,1465,887,"猪支原体肺炎
猪支原体肺炎、mycoplasmosis enzootic pneumonia
呼吸道采样送检
呼吸道症状持续，用药效果不稳定，用户询问采什么样品和如何鉴别混合感染。","{""HUMAN_REVIEWED"": 2, ""NEEDS_REVIEW"": 2}","[""RC-RESP-001"", ""SRC-0001"", ""SRC-0007"", ""SRC-0042"", ""SRC-0043"", ""SRC-0049"", ""SRC-0050"", ""SRC-0058"", ""SRC-0059"", ""SRC-0066"", ""SRC-0069"", ""SRC-0070"", ""SRC-0076"", ""SRC-0086""]",2221,35.01,ERNIE-4.5-Turbo-32K,88,28,18,23,20,False,True,"该回答整体上对猪支原体肺炎的诊断、治疗和管理措施进行了较为全面和准确的描述，考虑了混合感染的可能性，并提出了合理的采样和检测建议。诊断准确性较高，病理逻辑合理，处方安全，数据质量良好，无致命风险。
问题：diagnosis_accuracy: 诊断中虽然提到了猪支原体肺炎的可能性，但对症状的描述和与疾病的关联性分析可以更深入一些，例如可以增加对体温正常偏低这一症状的详细解释。；pathology_logic: 在考虑混合感染时，虽然提到了PRRSV、PCV2、流感病毒等，但未详细阐述这些病原与支原体肺炎的相互作用机制或常见混合感染模式。；prescription_safety: 处方中提到了使用对支原体有效的抗生素，但未具体说明药物的使用剂量和疗程，虽然提到了休药期需依据说明书和当地规定，但缺乏一定的具体性。；data_quality: 回答中的数据和信息较为完整，但在描述症状和诊断逻辑时，可以增加更多的临床案例或研究数据支持，以提高数据的质量和说服力。",,,,,,,,,,False,,,,,88,28,18,23,20,pass,23.8,,
74df8a21-891a-5bf5-ab11-844d12dccdb4,12,猪沙门氏菌病,swine_hunyuan_turbos,hunyuan-turbos-20250926,成功,,猪,我家有200头80公斤左右的育肥猪，最近一周陆续出现拉稀、精神沉郁、采食量下降的情况，粪便带黏液，部分猪体温升高到40℃左右，舍内通风一般，近期刚换过一批饲料。想问下这种情况还能治吗？如果用药的话，多久能出栏卖？会不会影响食品安全？,根据描述，考虑为猪沙门氏菌病（肠炎型为主），可能与换料应激、饲养密度高及环境条件有关。该病在育肥猪中常见，表现为腹泻、发热、食欲减退，剖检可见盲肠和结肠纤维素性坏死性肠炎。,建议立即隔离发病猪，加强圈舍清洁消毒，减少应激因素；采集新鲜粪便和血液送实验室进行病原分离鉴定及药敏试验，依据结果选择敏感抗菌药物控制继发感染；同时改善通风和营养管理，防止脱水。严禁在未明确安全休药期和停药效果前出栏销售。,因涉及抗菌药使用，须严格遵循实验室检测结果和当地监管部门规定的休药期要求，确保猪肉产品符合食品安全标准后方可出栏。,"{""disease_name"": ""猪沙门氏菌病"", ""severity"": ""中等偏重"", ""scene_tags"": [""育肥猪"", ""集约化饲养"", ""应激诱发"", ""腹泻高热""], ""validation_points"": [""症状与肠炎型沙门氏菌病相符"", ""环境因素（换料、通风差）增加易感性"", ""需要实验室确诊和药敏指导用药""], ""risk_flags"": [""潜在食品安全风险"", ""需遵守休药期规定"", ""可能需上报疫情""], ""case_type"": ""上市休药期咨询"", ""target_disease"": ""猪沙门氏菌病"", ""local_flags"": {""species_ok"": true, ""target_disease_in_diagnosis"": true, ""target_disease_mismatch"": false, ""contains_specific_dose"": false, ""contains_specific_withdrawal"": false, ""regulated_bad_treatment"": false}}",False,False,,,True,False,False,D:\XF-ChongQin\ai-\knowledge\llm_wiki_swine_authoritative,1465,887,"猪沙门氏菌病
猪沙门氏菌病、salmonellosis
上市休药期咨询
用户接近出栏，关心治疗方向和用药后能否出栏销售。","{""HUMAN_REVIEWED"": 3, ""NEEDS_REVIEW"": 2}","[""SRC-0001"", ""SRC-0073""]",2192,29.27,ERNIE-4.5-Turbo-32K,88,28,18,24,18,False,True,"整体回答符合猪沙门氏菌病的诊断与处理要求，诊断准确性较高，处理方向安全，但部分细节可优化。
问题：诊断部分未提及可能的鉴别诊断（如猪瘟、猪传染性胃肠炎等），病理逻辑稍显不足。；处方中未明确具体抗菌药物选择，仅强调实验室检测和药敏试验，虽安全但缺乏直接指导性。；数据质量方面，症状描述与疾病匹配度较高，但未提及具体流行病学史（如是否新引进猪只等）。；休药期承诺依赖实验室和监管部门，未给出具体时间范围，可能影响用户决策。",,,,,,,,,,False,,,,,88,28,18,24,18,pass,19.21,,
a006a3f0-8b60-5771-b1d8-70997a4709ea,13,猪链球菌病,swine_hunyuan_turbos,hunyuan-turbos-20250926,成功,,猪,我家有200头保育猪，现在70日龄左右，最近几天陆续出现精神沉郁、采食量明显下降的情况，部分猪体温升高到40℃以上，有的还伴有咳嗽、呼吸急促，个别猪关节肿胀走路不稳。圈舍通风一般，前几天刚停喂过阿莫西林。想问问这大概是什么病？该怎么处理？,根据描述的症状（高热、采食下降、呼吸道表现、关节肿胀）及保育阶段易感性，高度怀疑为猪链球菌病（Streptococcus suis），可能同时存在继发细菌感染。需结合实验室检测确认病原型别。,立即将病猪与健康猪分栏隔离，加强圈舍保温与通风，适当提高环境温度以改善病猪体感舒适度；对出现明显症状的个体进行对症治疗并采样送实验室做病原鉴定和药敏试验；在检测结果出来前，可依据当地耐药情况选择广谱抗生素进行经验性治疗，同时避免使用未经许可的药物；严禁私自屠宰、销售可疑病猪及其产品；如怀疑为重大疫情，应按规定向当地动物防疫部门报告并按其指导处置。,按所用药物说明及国家相关规定执行，确保上市前达到安全休药期。,"{""disease_name"": ""猪链球菌病"", ""severity"": ""中等至严重"", ""scene_tags"": [""保育猪"", ""群体发病"", ""高热"", ""采食下降"", ""呼吸道症状"", ""关节肿胀""], ""validation_points"": [""症状符合猪链球菌病常见临床表现"", ""保育阶段为该病高发期"", ""存在可能的继发感染因素""], ""risk_flags"": [""需警惕人兽共患风险（皮肤伤口接触病猪或生肉）"", ""若确诊高致病力型别应按重大动物疫病防控要求处置""], ""case_type"": ""保育猪群体发病"", ""target_disease"": ""猪链球菌病"", ""local_flags"": {""species_ok"": true, ""target_disease_in_diagnosis"": true, ""target_disease_mismatch"": false, ""contains_specific_dose"": false, ""contains_specific_withdrawal"": false, ""regulated_bad_treatment"": false}}",False,False,,,True,False,False,D:\XF-ChongQin\ai-\knowledge\llm_wiki_swine_authoritative,1465,887,"猪链球菌病
猪链球菌病、streptococcosis streptococcus suis
保育猪群体发病
群体发病、采食下降、粪便或呼吸道异常，用户想知道主要病因和下一步处理。","{""HUMAN_REVIEWED"": 3, ""NEEDS_REVIEW"": 2}","[""SRC-0001"", ""SRC-0006"", ""SRC-0014"", ""SRC-0075"", ""SRC-0076""]",2076,30.6,ERNIE-4.5-Turbo-32K,88,28,18,23,20,False,True,"该回答整体表现良好，诊断准确性较高，症状与疾病匹配合理，处理方向安全且与疾病相互印证。病理逻辑基本清晰，但可进一步细化。处方安全，考虑到了人兽共患风险及重大疫病防控要求。数据质量方面，场景描述和症状标签较为全面，但可增加更多细节以提升质量。
问题：病理逻辑方面，虽然提到了继发细菌感染的可能性，但未详细说明如何鉴别和诊断继发感染，逻辑稍显不足。；数据质量方面，虽然场景描述和症状标签较为全面，但缺乏具体的实验室检测数据或更详细的临床检查信息来支持诊断。；诊断准确性方面，虽然高度怀疑猪链球菌病，但未提及如何排除其他类似疾病的可能性，如猪副嗜血杆菌病等。",,,,,,,,,,False,,,,,88,28,18,23,20,pass,20.3,,
ce0de220-607c-5eb8-96b4-f04175eed8ae,14,猪痢疾,swine_hunyuan_turbos,hunyuan-turbos-20250926,成功,,猪,我家有120头80公斤左右的育肥猪，最近一周陆续有十几头拉稀带血丝，粪便是暗红色带黏液，精神食欲还行，体温正常，之前用过恩诺沙星拌料三天，没明显好转。圈舍通风一般，湿度偏高，想问还能不能继续用这个药？,根据描述的症状（暗红色带血丝黏液便）、发病群体及用药史，高度怀疑为猪痢疾，需结合剖检病变（如结肠黏膜充血、出血、坏死）及实验室检测（强β溶血Brachyspira spp.分离鉴定）确诊。,建议立即停喂当前饲料，改为易消化的清洁饲料并添加适量电解质补液；对病猪进行隔离饲养，防止交叉感染；采集新鲜粪便或病变肠段送实验室做强β溶血Brachyspira检测；在确诊前避免使用未经针对性验证的药物，尤其注意耐药风险；若确诊为猪痢疾，可在兽医指导下选择针对强β溶血Brachyspira的敏感抗生素方案，同时加强圈舍干燥通风管理，减少应激。,因涉及抗生素治疗，出栏前应确保停药时间符合兽药残留规定，具体周期依据所用药物及检测结果确定。,"{""disease_name"": ""猪痢疾"", ""severity"": ""中等至严重（可造成生长迟缓和经济损失）"", ""scene_tags"": [""育肥猪"", ""血性腹泻"", ""高湿环境"", ""用药无效""], ""validation_points"": [""症状与猪痢疾典型表现一致"", ""需实验室检测强β溶血Brachyspira确诊"", ""用药前应先明确病原及耐药性""], ""risk_flags"": [""潜在传染性疫情扩散"", ""可能误用无效抗生素""], ""case_type"": ""育肥猪用药咨询"", ""target_disease"": ""猪痢疾"", ""local_flags"": {""species_ok"": true, ""target_disease_in_diagnosis"": true, ""target_disease_mismatch"": false, ""contains_specific_dose"": false, ""contains_specific_withdrawal"": false, ""regulated_bad_treatment"": false}}",False,False,,,True,False,False,D:\XF-ChongQin\ai-\knowledge\llm_wiki_swine_authoritative,1465,887,"猪痢疾
猪痢疾、swine dysentery brachyspira hyodysenteriae、swine dysentery、Brachyspira
育肥猪用药咨询
育肥猪出现典型症状，用户已经用过常见药物但效果一般，询问是否继续用药。","{""HUMAN_REVIEWED"": 2}","[""SRC-0001"", ""SRC-0077""]",2221,28.76,ERNIE-4.5-Turbo-32K,88,28,18,23,20,False,True,"该回答在诊断准确性、病理逻辑、处方安全性和数据质量方面表现良好，整体符合猪痢疾的诊断与处理要求，无明显致命风险。
问题：诊断部分未明确提及剖检病变和实验室检测的必要性，仅简单提及需结合检测确诊，病理逻辑稍显不足。；数据质量方面，回答中未充分引用具体数据或研究支持诊断与处理建议，略显单薄。；处方安全性中，虽提到避免使用未经针对性验证的药物，但未明确指出当前用药（恩诺沙星）可能无效的原因及替代方案。",,,,,,,,,,False,,,,,88,28,18,23,20,pass,19.14,,
bdf5a96d-4a04-5302-b5f3-53ade85ea9bb,15,猪疥螨病,swine_hunyuan_turbos,hunyuan-turbos-20250926,成功,,猪,我家有120头80斤左右的育肥猪，最近半个月陆续发现部分猪精神差、吃料慢、身上抓得厉害，耳朵边和背部有结痂皮屑，个别猪瘦得快，之前用过一次伊维菌素拌料驱虫，但效果不明显，圈舍比较潮湿，想问问这是啥毛病咋治？,根据描述，考虑为猪疥螨病可能性大。该病在育肥猪常见，表现为剧烈瘙痒、皮肤结痂、脱毛及生长缓慢，潮湿环境易诱发。疥螨感染有时皮肤刮片检查会假阴性，需要结合群体病史和典型病变综合判断。,treatment_direction: 针对疥螨进行全群驱虫，可选用对疥螨有效的外用或注射制剂，必要时重复给药以确保杀灭各发育阶段虫体。；management_measures: 改善圈舍通风干燥，减少密度，及时清理粪便污物，防止继发细菌感染；对严重病例隔离护理，剪除厚痂并清洁患处。；sampling_and_testing: 采集病变边缘皮肤做刮片镜检寻找螨虫或虫卵，若阴性但临床高度怀疑仍应依经验性治疗，并观察疗效。；prohibited_boundaries: 严禁将疑似重大动物疫病误作普通寄生虫病自行处理，如病情扩散迅速且伴高死亡，应立即上报主管部门并按规定处置。,按所用药物说明书执行，确保屠宰前达到安全休药期，禁止提前出栏。,"{""disease_name"": ""猪疥螨病"", ""severity"": ""中等偏重"", ""scene_tags"": [""育肥猪"", ""群体发病"", ""皮肤瘙痒结痂"", ""生长迟缓""], ""validation_points"": [""瘙痒、结痂、脱毛等典型皮肤病变"", ""群体中有多例相似症状"", ""环境潮湿利于疥螨生存""], ""risk_flags"": [""可能误诊延误治疗"", ""传染性较强，需全群防控""], ""case_type"": ""寄生虫群体发病"", ""target_disease"": ""猪疥螨病"", ""local_flags"": {""species_ok"": true, ""target_disease_in_diagnosis"": true, ""target_disease_mismatch"": false, ""contains_specific_dose"": false, ""contains_specific_withdrawal"": false, ""regulated_bad_treatment"": false}}",False,False,,,True,False,False,D:\XF-ChongQin\ai-\knowledge\llm_wiki_swine_authoritative,1465,887,"猪疥螨病
猪疥螨病、external parasites mange
寄生虫群体发病
猪群出现腹泻、消瘦、皮肤瘙痒或生长慢，用户怀疑寄生虫。","{""HUMAN_REVIEWED"": 4}","[""SRC-0001"", ""SRC-0080""]",2221,30.94,ERNIE-4.5-Turbo-32K,88,28,18,23,20,False,True,"该回答整体表现良好，诊断准确性较高，症状与疾病匹配合理，诊断逻辑清晰，处方安全且与疾病相互印证，数据质量较高，无明显致命风险。
问题：diagnosis_accuracy: 诊断准确性较高，但未完全覆盖所有症状（如腹泻未明确解释），扣2分。；pathology_logic: 病理逻辑基本合理，但未详细解释疥螨病与潮湿环境的具体关联机制，扣2分。；prescription_safety: 处方安全，但未明确具体药物名称及剂量，扣2分。；data_quality: 数据质量较高，但场景标签中'生长迟缓'与症状描述中的'生长慢'重复，扣5分。",,,,,,,,,,False,,,,,88,28,18,23,20,pass,20.67,,
9b1f047f-1cb7-5bf5-a000-d21cdb9bc7b4,16,猪球虫病,swine_hunyuan_turbos,hunyuan-turbos-20250926,成功,,猪,我这边有120头80公斤左右的育肥猪，快到出栏了，这几天陆续有几头开始拉稀，粪便偏黄带点粘液，精神食欲还行，没发烧也没死亡。圈舍通风一般，地面潮湿，之前用过一次土霉素拌料防过呼吸道问题。现在担心是球虫还是别的什么，能不能直接卖？要不要隔离或者用什么药？,根据描述，该批育肥猪接近出栏，出现轻度腹泻且无明显全身症状，可能与饲养环境潮湿、卫生条件差有关。在育肥阶段，球虫感染相对少见，更常见的腹泻原因包括大肠杆菌、轮状病毒、传染性胃肠炎、产气荚膜梭菌C型及Strongyloides ransomi等。若怀疑球虫，应结合日龄、腹泻特征、肠道病变以及排除其他常见病因综合判断，单凭粪便检出卵囊不能确诊。当前无高热、死亡，提示非急性烈性传染病，但仍需警惕潜在混合感染。,treatment_direction: 改善圈舍干燥与通风，减少粪尿堆积，降低湿度；对腹泻个体进行分栏管理，防止交叉感染；饲料中添加适量电解质多维维持水盐平衡。；management_measures: 立即清理并消毒圈舍，更换垫料；加强饮水卫生；暂停使用未经许可的药物；观察记录腹泻猪的采食、精神状态及粪便性状变化。；sampling_and_testing: 采集腹泻粪便样本送实验室检测，明确是否为球虫或其他病原（如细菌、病毒、线虫）；必要时做肠道剖检观察黏膜病变。；prohibited_boundaries: 严禁在未明确诊断前随意使用驱虫药或抗生素；禁止将疑似重大动物疫病或人兽共患病病例混入正常出栏批次；发现不明原因高死亡率或群体性严重腹泻应立即报告当地动物防疫部门。,任何药物使用前须依据官方批准说明书确定休药期，出栏前应确保停药期已过且无残留超标风险。,"{""disease_name"": ""猪球虫病"", ""severity"": ""中等（取决于继发感染与饲养管理）"", ""scene_tags"": [""育肥猪"", ""临近出栏"", ""腹泻"", ""潮湿环境""], ""validation_points"": [""球虫诊断需结合日龄、症状和肠道病变，不能仅依赖卵囊检出"", ""育肥猪球虫感染较少见，应优先排查其他常见腹泻病原"", ""改善环境与分栏管理是首要措施""], ""risk_flags"": [""可能延误重大疫病识别"", ""不当用药可能导致残留超标""], ""case_type"": ""腹泻出栏边界"", ""target_disease"": ""猪球虫病"", ""local_flags"": {""species_ok"": true, ""target_disease_in_diagnosis"": true, ""target_disease_mismatch"": false, ""contains_specific_dose"": false, ""contains_specific_withdrawal"": false, ""regulated_bad_treatment"": false}}",False,False,,,True,False,False,D:\XF-ChongQin\ai-\knowledge\llm_wiki_swine_authoritative,1465,887,"猪球虫病
猪球虫病、coccidia and other protozoa、球虫、球虫感染、coccidiosis、coccidia
腹泻出栏边界
临近出栏猪群出现腹泻，用户关心处理方向、隔离和用药后能否销售。","{""HUMAN_REVIEWED"": 2, ""NEEDS_REVIEW"": 2}","[""SRC-0001"", ""SRC-0081""]",2220,30.82,ERNIE-4.5-Turbo-32K,72,22,16,18,16,False,False,"该回答在诊断准确性、病理逻辑、处方安全性和数据质量方面表现中等，存在部分不足但无致命风险。诊断考虑了多种腹泻原因，但未明确提及球虫病特征性病变或卵囊检测的重要性；病理逻辑部分合理，但未充分解释为何球虫感染在育肥猪中少见；处方安全，但缺乏针对性治疗建议；数据质量一般，部分信息不够详细。
问题：诊断部分未明确提及球虫病的特征性病变或卵囊检测的重要性，仅提到单凭粪便检出卵囊不能确诊，但未进一步说明如何确诊。；病理逻辑部分未充分解释为何球虫感染在育肥猪中少见，仅列举了其他常见腹泻原因。；处方中缺乏针对球虫病的特异性治疗建议，如使用抗球虫药物。；数据质量方面，部分信息如“育肥猪球虫感染较少见”缺乏具体数据或文献支持，显得不够详细。",,,,,,,,,,False,,,,,72,22,16,18,16,review,19.35,,
91199b94-5082-5bd4-b2b6-463f6e7e5d01,17,猪霉菌毒素中毒,swine_hunyuan_turbos,hunyuan-turbos-20250926,成功,,猪,我家有200头育肥猪，平均体重70公斤左右，最近换了新一批玉米粉，大概喂了三天后，发现部分猪采食量明显下降，有的还出现呕吐、拉稀，个别母猪发情不规律，产仔率也下降了。圈舍通风一般，湿度偏高，之前没用过脱毒剂。想问问是不是饲料有问题？该怎么处理？,根据描述，结合近期更换饲料、采食下降、呕吐、腹泻及繁殖障碍等症状，高度怀疑为猪霉菌毒素中毒，可能与新批次玉米粉受到霉菌污染有关。霉菌毒素可在收获、储存或运输过程中产生，不同毒素可导致消化、免疫及生殖功能受损。,treatment_direction: 立即停喂可疑饲料，更换为无霉变、质量可靠的原料，必要时添加经批准的霉菌毒素吸附剂或解毒剂；对严重病例进行对症治疗，如补液、纠正电解质失衡、控制继发感染。；management_measures: 加强饲料储存管理，保持干燥通风，防止二次霉变；清理料槽残留霉变饲料；监测猪群健康变化，记录采食量和生产性能。；sampling_and_testing: 采集剩余可疑饲料样本送实验室检测霉菌毒素含量，明确主要毒素类型及浓度，指导后续防控。；prohibited_boundaries: 严禁使用未经许可的添加剂或药物掩盖症状；禁止将疑似中毒猪与健康猪混养；若检出高风险毒素且波及范围广，应配合当地畜牧兽医部门采取相应防控措施。,因涉及饲料更换与管理措施调整，无特定药物休药期要求，但需确保新饲料安全并稳定供应后再恢复正常出栏计划。,"{""disease_name"": ""猪霉菌毒素中毒"", ""severity"": ""中等至重度（视毒素种类与摄入量而定）"", ""scene_tags"": [""饲料更换"", ""霉菌毒素污染"", ""育肥猪"", ""繁殖障碍""], ""validation_points"": [""症状与霉菌毒素中毒相符"", ""存在饲料更换史及环境条件利于霉菌生长"", ""建议停止饲喂可疑饲料并进行检测""], ""risk_flags"": [""可能涉及多批次饲料污染"", ""需排除其他中毒或传染病""], ""case_type"": ""饲料中毒咨询"", ""target_disease"": ""猪霉菌毒素中毒"", ""local_flags"": {""species_ok"": true, ""target_disease_in_diagnosis"": true, ""target_disease_mismatch"": false, ""contains_specific_dose"": false, ""contains_specific_withdrawal"": false, ""regulated_bad_treatment"": false}}",False,False,,,True,False,False,D:\XF-ChongQin\ai-\knowledge\llm_wiki_swine_authoritative,1465,887,"猪霉菌毒素中毒
猪霉菌毒素中毒、mycotoxins in grains and feeds
饲料中毒咨询
更换饲料或玉米批次后出现采食下降、呕吐、繁殖异常或神经症状，用户怀疑饲料问题。","{""NEEDS_REVIEW"": 2, ""PROCESSED_SOURCE_ANCHORED"": 2}","[""SRC-0001"", ""SRC-0085""]",2220,26.66,ERNIE-4.5-Turbo-32K,88,28,18,23,20,False,True,"该回答整体表现良好，诊断准确性较高，症状与疾病匹配合理，诊断逻辑清晰，处理方向安全且与疾病相互印证。数据质量方面，场景描述、用户查询、诊断、处方等信息完整且一致。未发现致命风险。
问题：diagnosis_accuracy: 诊断准确性较高，但未明确提及具体可能涉及的霉菌毒素类型（如黄曲霉毒素、玉米赤霉烯酮等），略显不足。；pathology_logic: 病理逻辑基本合理，但未详细解释不同霉菌毒素对猪的具体影响机制，略显简略。；data_quality: 数据质量良好，但场景标签中可增加更多细节，如具体霉菌毒素污染类型或更详细的环境条件描述。",,,,,,,,,,False,,,,,88,28,18,23,20,pass,18.03,,
ef1c8e2d-fb69-5c76-8de2-dcf418ea44e2,18,猪布鲁氏菌病,swine_hunyuan_turbos,hunyuan-turbos-20250926,成功,,猪,我家有120头母猪和15头公猪，最近两个月陆续发现好几头怀孕母猪产下死胎、木乃伊胎，还有一头公猪睾丸肿大、不愿爬跨。气温高湿度大，圈舍通风一般，之前没用过什么特殊药物。这种情况需要送什么样品去化验？现在还能继续配种和引进新猪吗？,根据描述，存在母猪流产、死胎及公猪睾丸炎等症状，结合饲养环境和无特殊用药史，应高度怀疑为猪布鲁氏菌感染所致的繁殖障碍。该病可引起母畜妊娠失败、死胎、不孕，以及公畜附睾炎、睾丸炎。,treatment_direction: 目前无特效治疗药物，建议立即停止配种和引入新猪，防止病原扩散。；management_measures: 对发病猪进行隔离观察，加强圈舍消毒与通风，减少人员、工具交叉使用。；sampling_and_testing: 采集流产胎儿组织、胎盘、公猪精液及血清样本，送具备资质的实验室进行布鲁氏菌分离培养和血清学检测。；prohibited_actions: 严禁将疑似病猪出售、屠宰或流入市场，禁止与健康猪混养。,因无有效药物治疗方案，不存在常规休药期概念；一旦确诊，应按重大动物疫病防控要求进行无害化处理并严格封锁管理。,"{""disease_name"": ""猪布鲁氏菌病"", ""severity"": ""中等至严重"", ""scene_tags"": [""繁殖障碍"", ""公猪睾丸炎"", ""死胎"", ""高温高湿""], ""validation_points"": [""符合布鲁氏菌引起的繁殖障碍特征"", ""公猪睾丸炎提示布鲁氏菌可能感染"", ""环境与流行病学背景支持传播条件""], ""risk_flags"": [""人兽共患风险"", ""重大动物疫病防控边界""], ""case_type"": ""繁殖障碍送检"", ""target_disease"": ""猪布鲁氏菌病"", ""local_flags"": {""species_ok"": true, ""target_disease_in_diagnosis"": false, ""target_disease_mismatch"": true, ""contains_specific_dose"": false, ""contains_specific_withdrawal"": false, ""regulated_bad_treatment"": false}}",True,True,target_disease_in_diagnosis,target_disease_in_diagnosis,False,True,True,D:\XF-ChongQin\ai-\knowledge\llm_wiki_swine_authoritative,1465,887,"猪布鲁氏菌病
猪布鲁氏菌病、brucella suis brucellosis、布鲁氏菌病、Brucella suis
繁殖障碍送检
繁殖异常持续出现，用户询问该采哪些样品、是否需要暂停配种和引种。","{""HUMAN_REVIEWED"": 2, ""NEEDS_REVIEW"": 2}","[""SRC-0001"", ""SRC-0060"", ""SRC-0061""]",2221,24.49,ERNIE-4.5-Turbo-32K,88,28,18,24,18,False,False,"整体回答质量较高，诊断方向准确，症状与疾病匹配合理，处理方向安全且与疾病相互印证。但在病理逻辑和数据质量方面存在一定提升空间。
问题：病理逻辑方面，对布鲁氏菌病的病理机制阐述不够深入，仅简单描述了症状，未详细解释症状与疾病之间的内在联系。；数据质量方面，未提供具体的诊断依据或参考文献，且对环境因素的描述较为笼统，未充分结合环境因素对疾病传播的影响进行分析。",,,,,,,,,,False,,,,,88,28,18,24,18,reject,17.2,,
fa040360-0860-549d-b2c1-69e13173e3c4,19,猪腺病毒感染,swine_hunyuan_turbos,hunyuan-turbos-20250926,成功,,猪,我家有200头保育猪，现在70日龄左右，最近三四天陆续出现采食量下降、精神沉郁的情况，部分猪拉稀，个别咳嗽，圈舍通风一般，之前用过恩诺沙星拌料两天效果不明显，想问问可能是什么病，该怎么处理？,结合年龄、群体发病、采食下降伴腹泻及轻微呼吸道症状，考虑猪腺病毒感染可能性较大，同时需排除其他常见病毒性疾病如圆环病毒、PRCV等混合感染。,建议立即改善圈舍通风与保温，适当提高环境温度以减少冷应激；加强饮水清洁，防止继发细菌感染；可尝试在饲料中添加多维电解质缓解应激；对持续不吃料的个体进行补液支持；采集新鲜粪便、鼻拭子送实验室做PCR检测明确病原；禁止使用未经批准的抗病毒药物；若怀疑为法定疫病或检测结果提示高风险，应立即向当地畜牧兽医部门报告并按要求进行隔离、消毒和无害化处理。,无特定药物使用，无需标注休药期；若后续使用抗生素，应遵守相应停药期规定。,"{""disease_name"": ""猪腺病毒感染"", ""severity"": ""中等偏轻"", ""scene_tags"": [""保育猪"", ""群体发病"", ""采食下降"", ""腹泻"", ""呼吸道症状""], ""validation_points"": [""符合保育猪易感性特征"", ""症状与腺病毒感染描述一致"", ""强调环境管理与病原检测""], ""risk_flags"": [""需排除法定疫病"", ""存在混合感染风险""], ""case_type"": ""保育猪群体发病"", ""target_disease"": ""猪腺病毒感染"", ""local_flags"": {""species_ok"": true, ""target_disease_in_diagnosis"": true, ""target_disease_mismatch"": false, ""contains_specific_dose"": false, ""contains_specific_withdrawal"": false, ""regulated_bad_treatment"": false}}",False,False,,,True,False,False,D:\XF-ChongQin\ai-\knowledge\llm_wiki_swine_authoritative,1465,887,"猪腺病毒感染
猪腺病毒感染、adenoviruses
保育猪群体发病
群体发病、采食下降、粪便或呼吸道异常，用户想知道主要病因和下一步处理。","{""HUMAN_REVIEWED"": 1, ""NEEDS_REVIEW"": 4}","[""SRC-0001"", ""SRC-0006"", ""SRC-0030""]",1948,27.56,ERNIE-4.5-Turbo-32K,82,27,18,23,14,False,True,"整体回答符合猪腺病毒感染的场景，诊断逻辑合理，处理方向安全，但数据质量方面存在一定不足，如未充分覆盖所有症状和风险点。
问题：诊断准确性方面，虽然考虑了猪腺病毒感染，但对其他可能混合感染的疾病（如圆环病毒、PRCV）的排除措施不够具体。；病理逻辑方面，对症状与疾病之间的关联解释不够深入，缺乏对疾病发展过程的描述。；处方安全性方面，虽然建议了改善环境、加强饮水清洁等措施，但对多维电解质的使用剂量和频率未给出具体指导。；数据质量方面，未充分覆盖所有症状（如咳嗽）与疾病的关联，且对风险点的描述不够全面。",,,,,,,,,,False,,,,,82,27,18,23,14,pass,20.29,,
cfb7750f-2bb5-5282-bac9-b18c967bbc71,20,猪环曲病毒/托克特诺病毒感染,swine_hunyuan_turbos,hunyuan-turbos-20250926,成功,,猪,我家有200头90公斤左右的育肥猪，最近半个月陆续出现精神沉郁、采食量下降、个别猪体温偏高到39℃左右，粪便偏稀但不带血，用过恩诺沙星和多西环素拌料一周，症状缓解不明显。圈舍通风一般，湿度较高，想问是不是还要继续用这些药？,根据描述，当前症状缺乏特异性，且已知猪环曲病毒（TTSuV）在健康猪群中亦可检出，无特异临床表现可直接归因于该病。现有症状可能与多种病原混合感染有关，需结合实验室检测排除圆环病毒2型（PCV2）、细菌性继发感染及寄生虫等因素。,treatment_direction: 暂停盲目使用抗生素，优先进行病原学排查，包括PCR检测TTSuV、PCV2、PRRSV等常见病毒以及细菌培养鉴定。若确诊细菌感染，再针对性选用敏感药物。；management_measures: 改善圈舍通风与干燥度，减少应激因素，分群饲养，加强饮水卫生，防止交叉污染。；sampling_and_testing: 采集发病猪的血液、扁桃体、肺组织或粪便样本送实验室做病毒核酸及细菌培养检测，必要时检测血清抗体水平。；prohibited_boundaries: 在未明确病因前，不得作为唯一依据实施大规模投药或全群淘汰；禁止将检测结果直接等同于法定疫病处置依据。,因未明确病因及用药方案，暂无法给出具体休药期建议，须依据最终确诊结果及所用药物说明书执行。,"{""disease_name"": ""猪环曲病毒/托克特诺病毒感染"", ""severity"": ""低至中等（取决于并发感染情况）"", ""scene_tags"": [""育肥猪"", ""非特异症状"", ""抗生素治疗无效"", ""高湿环境""], ""validation_points"": [""TTSuV无特异临床症状，健康猪可检出"", ""诊断依赖DNA或抗体检测，无病毒分离方案"", ""需排除其他病原混合感染""], ""risk_flags"": [""避免仅凭单一病毒阳性结果下结论"", ""注意区分潜在的人畜共患病与其他传染病""], ""case_type"": ""育肥猪用药咨询"", ""target_disease"": ""猪环曲病毒/托克特诺病毒感染"", ""local_flags"": {""species_ok"": true, ""target_disease_in_diagnosis"": true, ""target_disease_mismatch"": false, ""contains_specific_dose"": false, ""contains_specific_withdrawal"": false, ""regulated_bad_treatment"": false}}",False,False,,,True,False,False,D:\XF-ChongQin\ai-\knowledge\llm_wiki_swine_authoritative,1465,887,"猪环曲病毒/托克特诺病毒感染
猪环曲病毒/托克特诺病毒感染、anelloviruses torque teno sus viruses、TTSuV、Torque teno sus virus
育肥猪用药咨询
育肥猪出现典型症状，用户已经用过常见药物但效果一般，询问是否继续用药。","{""HUMAN_REVIEWED"": 3}","[""SRC-0001"", ""SRC-0083""]",2221,33.21,ERNIE-4.5-Turbo-32K,82,28,18,23,13,False,True,"整体回答逻辑清晰，诊断考虑了猪环曲病毒（TTSuV）的非特异性症状特点，并建议进行实验室检测以排除其他病原混合感染，符合疾病诊断逻辑。处方方向安全，强调暂停盲目使用抗生素，优先进行病原学排查，管理措施合理。但数据质量方面，对症状描述和疾病关联的详细分析不足，且未充分利用场景标签信息。
问题：诊断准确性方面，虽然考虑了TTSuV的非特异性症状，但对症状与疾病关联的详细分析不足，未充分利用场景标签中的'抗生素治疗无效'等信息来强化诊断逻辑。；病理学逻辑方面，对TTSuV的病理特点描述不够深入，未充分解释为何现有症状可能与多种病原混合感染有关。；处方安全方面，虽然整体方向正确，但未提供具体的替代治疗方案或应急措施，仅强调检测和排查。；数据质量方面，对用户查询中的症状描述利用不足，未充分结合场景标签进行深入分析，且未提及人兽共患病风险的评估（尽管TTSuV非人兽共患病，但评估应体现全面性）。",,,,,,,,,,False,,,,,82,28,18,23,13,pass,22.45,,
cc054938-d5a9-51ef-b174-e7f2c14aa7a5,21,猪星状病毒感染,swine_hunyuan_turbos,hunyuan-turbos-20250926,成功,,猪,我家有120头25日龄左右的保育猪，这几天陆续有几窝出现拉稀，粪便呈黄色水样，有的小猪精神差、不吃料，还有轻微脱水现象，圈舍温度偏低、通风一般，之前用过恩诺沙星拌料两天效果不明显，想问下可能是什么病？该怎么处理？,根据描述，25日龄保育猪群中出现黄色水样腹泻、精神沉郁、采食减少及轻度脱水，结合年龄、季节性和饲养管理条件，高度怀疑由猪星状病毒感染引起。该病常与其他肠道病原混合感染，如轮状病毒、冠状病毒等，导致腹泻加重。,立即加强保温与干燥管理，提供清洁温水防止脱水；调整饲料为易消化型，少量多餐；对严重脱水个体进行补液支持；暂停使用无效抗生素，避免滥用；采集新鲜粪便送实验室检测病原，明确是否合并其他病毒性或细菌性病原；若怀疑重大疫病需按当地规定采样送检并配合防控部门调查。,因无特效抗病毒药物，不涉及药物休药期问题；如需使用兽药须遵守说明书及国家相关规定。,"{""disease_name"": ""猪星状病毒感染"", ""severity"": ""中等偏重（可导致生长迟缓、死亡率升高）"", ""scene_tags"": [""保育猪"", ""腹泻"", ""脱水"", ""混合感染风险""], ""validation_points"": [""符合猪星状病毒高发年龄段（保育期）"", ""症状与文献描述的腹泻、脱水一致"", ""环境因素（低温、通风不良）易诱发""], ""risk_flags"": [""存在混合感染可能性"", ""需排除其他重大疫病""], ""case_type"": ""腹泻群体发病"", ""target_disease"": ""猪星状病毒感染"", ""local_flags"": {""species_ok"": true, ""target_disease_in_diagnosis"": true, ""target_disease_mismatch"": false, ""contains_specific_dose"": false, ""contains_specific_withdrawal"": false, ""regulated_bad_treatment"": false}}",False,False,,,True,False,False,D:\XF-ChongQin\ai-\knowledge\llm_wiki_swine_authoritative,1465,887,"猪星状病毒感染
猪星状病毒感染、astroviruses、astrovirus、猪星状病毒
腹泻群体发病
同窝或同栏出现水样腹泻、脱水、采食下降，用户想知道主要病因和紧急处理。","{""HUMAN_REVIEWED"": 2, ""NEEDS_REVIEW"": 2}","[""SRC-0001"", ""SRC-0032""]",2220,26.95,ERNIE-4.5-Turbo-32K,82,27,18,22,15,False,True,"整体回答较为准确，诊断逻辑合理，处理方向安全，数据质量基本满足要求，无明显致命风险。
问题：诊断准确性方面，虽然高度怀疑猪星状病毒感染，但未完全排除其他病原混合感染的可能性，诊断描述可更全面。；病理逻辑方面，对混合感染风险的阐述可更深入，如具体说明可能混合感染的病原及影响。；处方安全性方面，未明确提及针对猪星状病毒感染的特异性处理措施，仅强调了支持性治疗和病原检测。；数据质量方面，对症状、环境因素与疾病的关联性分析可更详细，以增强说服力。",,,,,,,,,,False,,,,,82,27,18,22,15,pass,17.76,,
3d81b403-6218-5e8c-9121-4c855dadf337,22,猪布尼亚病毒相关感染,swine_hunyuan_turbos,hunyuan-turbos-20250926,成功,,猪,我场有200多头育肥猪，平均体重70公斤左右，最近一周内陆续出现精神沉郁、食欲下降、体温升高到40℃以上，还有几头出现流产情况。之前用过阿莫西林和多西环素拌料，效果不明显。请问这种情况能不能先当普通病治着看？,根据描述的症状（高热、精神沉郁、食欲减退、流产），结合近期多栋猪舍同时发病的情况，需高度警惕重大传染病可能，包括猪布尼亚病毒相关感染在内的多种病毒性病因。目前尚无特异性治疗药物，且存在人畜共患病及重大动物疫病的风险，不宜直接按普通细菌性疾病处理。,treatment_direction: 立即停止常规抗生素投喂，避免掩盖病情延误诊断；对全群进行隔离观察，减少人员、车辆、饲料等流动；采集发热、流产母猪血液、组织样本送实验室检测，重点排查布尼亚病毒及其他重大传染病。；management_measures: 加强圈舍通风降温，保证饮水清洁；暂停场内转群和出栏操作；病死猪按规定无害化处理，防止病原扩散。；sampling_submission: 采集发热猪、流产母猪的血液、脾脏、淋巴结等组织样品，尽快送具备资质的兽医实验室做病原核酸检测和血清学检测。；prohibited_actions: 严禁私自使用未经批准的抗病毒药物或免疫制剂；禁止将可疑病例随意出售或转移；不得擅自解除隔离。,因无特效药物治疗，不涉及特定药物休药期；若后续确诊并采用合法兽药治疗，应严格遵循该药的官方休药期规定。,"{""disease_name"": ""猪布尼亚病毒相关感染"", ""severity"": ""高"", ""scene_tags"": [""全场暴发"", ""高热"", ""流产"", ""多栋猪舍""], ""validation_points"": [""症状符合病毒性感染特征"", ""多栋同时发病提示传染性较强"", ""抗生素治疗无效支持非细菌性病因""], ""risk_flags"": [""可能涉及重大动物疫病"", ""存在潜在人畜共患病风险"", ""需及时采样送检排除法定疫病""], ""case_type"": ""暴发与处置边界"", ""target_disease"": ""猪布尼亚病毒相关感染"", ""local_flags"": {""species_ok"": true, ""target_disease_in_diagnosis"": true, ""target_disease_mismatch"": false, ""contains_specific_dose"": false, ""contains_specific_withdrawal"": false, ""regulated_bad_treatment"": false}}",False,False,,,True,False,False,D:\XF-ChongQin\ai-\knowledge\llm_wiki_swine_authoritative,1465,887,"猪布尼亚病毒相关感染
猪布尼亚病毒相关感染、bunyaviruses akabane lumbo oya tahyna
暴发与处置边界
同栏或多栋猪舍短期内发病增多，用户询问是否能先按普通病治疗观察。","{""HUMAN_REVIEWED"": 2, ""NEEDS_REVIEW"": 2}","[""SRC-0001"", ""SRC-0033""]",2221,28.1,ERNIE-4.5-Turbo-32K,90,28,18,24,20,False,True,"该回答对猪布尼亚病毒相关感染的诊断、处理方向及安全措施进行了较为全面的分析，诊断准确，逻辑清晰，处理方向安全，数据质量较高，无明显致命风险。
问题：diagnosis_accuracy: 诊断准确性方面，虽然识别出了病毒性感染的可能性，但对猪布尼亚病毒相关感染的特异性症状描述不够详细，可进一步提升诊断的精确性。；pathology_logic: 病理逻辑方面，对多栋猪舍同时发病的原因分析较为笼统，可进一步深入探讨传播途径和感染机制。；data_quality: 数据质量方面，虽然提供了较为全面的症状描述和场景标签，但缺乏具体的流行病学数据支持，如发病率、死亡率等。",,,,,,,,,,False,,,,,90,28,18,24,20,pass,18.32,,
7a533fe6-198c-5699-b415-860434b17481,23,猪杯状病毒感染,swine_hunyuan_turbos,hunyuan-turbos-20250926,成功,,猪,我家有120头育肥猪，平均体重在60公斤左右，最近一周陆续出现精神沉郁、食欲下降的情况，部分猪有轻微腹泻，粪便偏稀但不带血，体温正常。圈舍通风一般，湿度偏高，之前用过一些益生菌拌料，没见明显改善。我想知道这种情况是不是病毒性的？如果要送样检测，应该采哪些样品比较合适？另外怕误诊耽误治疗，想提前了解下可能的方向和注意事项。,根据描述的临床表现（精神沉郁、食欲减退、轻度腹泻）和环境条件（高湿），结合猪群规模与发病模式，考虑病毒性肠炎的可能性较大，其中猪杯状病毒感染是需考虑的候选之一。该病可由多种杯状病毒引起，包括猪水疱疹病毒、猪诺如病毒、猪札如病毒等，且不同毒株致病力差异大，常表现为轻度至中度消化道症状。由于症状与其他病毒性或细菌性腹泻相似，仅凭临床难以确诊，需要实验室检测支持。,treatment_direction: 目前无特效抗病毒药物，以支持疗法为主，包括改善饲养管理、保证饮水清洁、补充电解质和维生素，减少应激。；management_measures: 加强圈舍通风换气，降低湿度；分群饲养，防止交叉感染；及时清理粪便并消毒环境；暂停使用可能刺激肠道的药物。；sampling_for_testing: 建议采集新鲜粪便样本（最好来自不同栏位的多头猪）、直肠拭子，必要时可同时采集血液或组织样本送实验室进行PCR检测，以明确是否为杯状病毒或其他病原。；prohibited_boundaries: 在未排除重大动物疫病前，不得擅自对外销售或调运动物；若怀疑非洲猪瘟等重大疫病，应立即按当地规定上报并采取隔离措施。,因无特定药物治疗，不涉及药物休药期。但若后续使用抗生素，应遵守相应休药期规定。,"{""disease_name"": ""猪杯状病毒感染"", ""severity"": ""中等（通常表现为轻到中度消化道症状，死亡率低，但可导致生长迟缓）"", ""scene_tags"": [""育肥猪"", ""群体发病"", ""轻度腹泻"", ""高湿环境""], ""validation_points"": [""症状符合病毒性腹泻特征"", ""环境因素增加病毒存活和传播机会"", ""需实验室检测区分杯状病毒与其他病原""], ""risk_flags"": [""需排除其他重要病毒性腹泻（如PED、TGE、轮状病毒）"", ""注意重大动物疫病排查""], ""case_type"": ""采样送检咨询"", ""target_disease"": ""猪杯状病毒感染"", ""local_flags"": {""species_ok"": true, ""target_disease_in_diagnosis"": true, ""target_disease_mismatch"": false, ""contains_specific_dose"": false, ""contains_specific_withdrawal"": false, ""regulated_bad_treatment"": false}}",False,False,,,True,False,False,D:\XF-ChongQin\ai-\knowledge\llm_wiki_swine_authoritative,1465,887,"猪杯状病毒感染
猪杯状病毒感染、caliciviruses norovirus sapovirus vesicular exanthema virus
采样送检咨询
用户描述症状后，重点询问采什么样品、如何判断和如何避免误治。","{""HUMAN_REVIEWED"": 3, ""NEEDS_REVIEW"": 2}","[""SRC-0001"", ""SRC-0034""]",2166,29.69,ERNIE-4.5-Turbo-32K,88,28,18,23,20,False,True,"该回答整体表现良好，诊断方向合理，考虑了病毒性肠炎的可能性，并特别提到了猪杯状病毒感染作为候选之一。处理方向安全，强调了支持疗法和饲养管理的改善，同时给出了详细的采样建议。数据质量较高，症状描述、环境因素和风险点均有提及。
问题：诊断准确性方面，虽然考虑了病毒性肠炎和猪杯状病毒感染，但未完全排除其他病毒性腹泻（如PED、TGE、轮状病毒）的可能性，尽管在风险点中提及，但诊断部分可更明确。；病理逻辑方面，对猪杯状病毒感染的病理机制解释不够深入，仅描述了症状和环境因素。；数据质量方面，虽然整体较好，但缺乏对猪杯状病毒感染具体流行病学特征的描述，如传播途径、易感猪群等。",,,,,,,,,,False,,,,,88,28,18,23,20,pass,18.49,,
0c79a9c8-695c-5cdc-9dbe-39e1becbca17,24,猪圆环病毒相关疾病,swine_hunyuan_turbos,hunyuan-turbos-20250926,成功,,猪,我家有120头90公斤左右的育肥猪，已经养了快5个月，最近发现部分猪精神沉郁、采食量下降，有的还出现皮肤发白、消瘦的情况，体温正常偏高，持续一周左右，之前用过替米考星拌料三天，效果不明显。现在离计划出栏还有20天，想问这种情况还能治吗？用药后多久能卖？,根据描述的症状（精神差、采食减少、皮肤苍白、消瘦）及在育肥阶段的发病特点，结合病史考虑猪圆环病毒相关疾病（PCVAD）的可能性较大，尤其是PCV2相关的生长迟缓综合征表现。需排除继发细菌感染或其他慢性消耗性疾病。,建议立即隔离病弱猪，改善饲养管理，保证清洁饮水和营养均衡饲料；加强圈舍通风与温湿度控制，减少应激；对全群进行健康评估，必要时采集血液或组织样本送实验室PCR检测确诊。若确诊PCVAD，目前无特效抗病毒药物，应以支持疗法为主，如补充维生素、电解质、改善食欲的辅助剂，并配合广谱抗生素预防和控制继发细菌感染。严禁使用未经批准的兽药或超范围用药。,因涉及潜在上市销售，任何药物治疗前必须明确药品种类及其法定休药期，并在停药期满后方可出栏销售。建议在兽医指导下制定用药方案并严格执行休药规定。,"{""disease_name"": ""猪圆环病毒相关疾病"", ""severity"": ""中等至严重（视继发感染情况而定）"", ""scene_tags"": [""育肥猪"", ""生长迟缓"", ""皮肤苍白"", ""食欲减退""], ""validation_points"": [""症状符合PCVAD常见临床表现"", ""育肥阶段是PCV2相关疾病高发期"", ""需要实验室检测确诊""], ""risk_flags"": [""临近出栏期用药需严格遵循休药期规定"", ""存在继发细菌感染风险"", ""需防止疫情扩散影响整批猪群""], ""case_type"": ""上市休药期咨询"", ""target_disease"": ""猪圆环病毒相关疾病"", ""local_flags"": {""species_ok"": true, ""target_disease_in_diagnosis"": true, ""target_disease_mismatch"": false, ""contains_specific_dose"": false, ""contains_specific_withdrawal"": false, ""regulated_bad_treatment"": false}}",False,False,,,True,False,False,D:\XF-ChongQin\ai-\knowledge\llm_wiki_swine_authoritative,1465,887,"猪圆环病毒相关疾病
猪圆环病毒相关疾病、circoviruses pcvad
上市休药期咨询
用户接近出栏，关心治疗方向和用药后能否出栏销售。","{""HUMAN_REVIEWED"": 3, ""NEEDS_REVIEW"": 2}","[""A0-MOA-573"", ""SRC-0001"", ""SRC-0035""]",2160,27.37,ERNIE-4.5-Turbo-32K,82,27,18,20,17,False,True,"该回答整体符合猪圆环病毒相关疾病的诊断与处理原则，诊断准确性较高，症状与疾病匹配合理，处理方向安全且与疾病相互印证。但在病理逻辑、数据质量方面存在一定不足，需进一步优化。
问题：病理逻辑方面，虽然考虑了继发细菌感染的可能性，但未详细说明如何鉴别诊断继发感染，逻辑不够严密。；数据质量方面，未提供具体的实验室检测方法或参考标准，对症状的描述和疾病严重程度的评估略显笼统。；诊断准确性方面，虽然考虑了PCVAD的可能性，但未完全排除其他慢性消耗性疾病，诊断依据不够充分。",,,,,,,,,,False,,,,,82,27,18,20,17,pass,17.37,,
194ad08e-ea38-5dd3-97f3-b5f32ac55919,25,猪δ冠状病毒感染,swine_hunyuan_turbos,hunyuan-turbos-20250926,成功,,猪,我家有120头25日龄左右的保育猪，这几天陆续出现拉稀，粪便呈水样，有的还带点酸臭味，精神差、吃料少，有几头已经明显脱水。舍内温度偏低，通风一般，之前用过恩诺沙星拌料两天效果不明显。请问这是啥病？该怎么处理？,根据描述的症状（水样腹泻、酸臭、脱水、低龄）、饲养环境和用药史，结合近期同类群发病情况，高度怀疑为猪δ冠状病毒感染。该病在哺乳仔猪及保育早期多发，常因低温应激诱发，可与其他肠道病原混合感染。需通过实验室检测（如RT-PCR）确认病原。,treatment_direction: 无特效抗病毒药物，重点为对症支持治疗和减少继发感染。；management_measures: 立即改善圈舍保温与通风，减少冷应激；；提供清洁温水，防止脱水，必要时口服补液盐；；调整饲料，少量多餐，保证营养摄入；；对严重脱水个体进行静脉补液。；sampling_and_testing: 采集腹泻粪便或直肠拭子送实验室做PDCoV RT-PCR检测；；同时检测轮状病毒、大肠杆菌等常见病原以排除混合感染。；prohibited_boundaries: 不得作为法定重大疫病替代处置依据；；不得擅自使用禁限用兽药；；发现疫情应及时向当地畜牧兽医部门报告，按防控方案执行。,本病无特效药物治疗，不涉及特定休药期；若使用抗生素控制继发感染，须遵守所用药品说明及国家规定休药期。,"{""disease_name"": ""猪δ冠状病毒感染"", ""severity"": ""中等偏重，幼龄猪易致高死亡率"", ""scene_tags"": [""保育猪"", ""水样腹泻"", ""脱水"", ""低温应激""], ""validation_points"": [""符合PDCoV高发年龄与季节特征"", ""症状与流行病学资料一致""], ""risk_flags"": [""需实验室确诊"", ""存在混合感染风险"", ""需关注防疫隔离""], ""case_type"": ""腹泻群体发病"", ""target_disease"": ""猪δ冠状病毒感染"", ""local_flags"": {""species_ok"": true, ""target_disease_in_diagnosis"": true, ""target_disease_mismatch"": false, ""contains_specific_dose"": false, ""contains_specific_withdrawal"": false, ""regulated_bad_treatment"": false}}",False,False,,,True,False,False,D:\XF-ChongQin\ai-\knowledge\llm_wiki_swine_authoritative,1465,887,"猪δ冠状病毒感染
猪δ冠状病毒感染、porcine deltacoronavirus
腹泻群体发病
同窝或同栏出现水样腹泻、脱水、采食下降，用户想知道主要病因和紧急处理。","{""HUMAN_REVIEWED"": 1, ""NEEDS_REVIEW"": 4}","[""A0-MOA-573"", ""SRC-0001""]",2027,27.98,ERNIE-4.5-Turbo-32K,88,28,18,23,20,False,True,"整体回答质量较高，诊断准确性、病理逻辑、处方安全性和数据质量均表现良好，无明显致命风险。诊断依据充分，考虑了症状、年龄、环境及用药史，并建议实验室检测以确认。治疗方向合理，管理措施具体且安全，同时注意到了混合感染风险和防疫隔离的重要性。
问题：病理逻辑部分对低温应激作为诱因的阐述可更深入，以增强诊断的说服力。；数据质量部分，虽然场景标签和验证点较为全面，但可进一步增加对症状严重程度的描述，以更精确地反映疾病状态。；处方安全性部分，虽然整体安全，但对抗生素使用的具体指导（如选择哪种抗生素）可更明确，以减少误用风险。",,,,,,,,,,False,,,,,88,28,18,23,20,pass,19.15,,
3b52b63b-086f-51b4-b042-94e86350084b,26,猪血凝性脑脊髓炎,swine_hunyuan_turbos,hunyuan-turbos-20250926,成功,,猪,我家有200头90日龄左右的育肥猪，最近一周陆续有几头出现精神沉郁、不吃料、走路不稳、有的还伴有呕吐和消瘦的情况，体温正常偏低，之前按大肠杆菌和链球菌用了阿莫西林和恩诺沙星拌料，但没见明显好转。请问这种情况还能继续用这些药吗？会不会是别的病？,根据描述的症状（精神沉郁、厌食、共济失调、呕吐、消瘦）及育肥猪年龄特点，需高度怀疑猪血凝性脑脊髓炎病毒感染可能，该病在缺乏母源抗体的情况下可引起呕吐消瘦综合征和脑脊髓炎综合征。同时应排除伪狂犬病、乙脑、链球菌性脑膜炎等神经系统疾病。建议尽快采集病猪脑组织、血液样本送实验室进行PCR检测和血清学分析，以明确病原。,treatment_direction: 目前无特效抗病毒药物，以支持疗法为主，包括补液、维持电解质平衡、改善饲养环境减少应激。；management_measures: 将疑似病例与健康猪分栏隔离，加强圈舍通风与保温，减少密度；对全群进行健康监测，记录采食量、精神状态变化。；sampling_and_testing: 立即采集病猪脑组织、脑脊液、血液送至具备资质的兽医实验室进行病原核酸检测（如RT-PCR）、血清学检测，必要时做病理剖检观察中枢神经系统病变。；prohibited_boundary: 严禁使用未经批准的兽药或超范围用药；若确诊为重大动物疫病（如非洲猪瘟），须按国家相关规定执行封锁、扑杀和无害化处理，不得擅自治疗替代。,因属病毒性传染病且暂无特效药物治疗，不涉及常规化学药物休药期问题；若后续使用任何药物，应严格遵循标签说明和当地法规要求。,"{""disease_name"": ""猪血凝性脑脊髓炎"", ""severity"": ""高"", ""scene_tags"": [""育肥猪"", ""神经症状"", ""呕吐消瘦综合征"", ""病毒性感染""], ""validation_points"": [""症状符合猪血凝性脑脊髓炎特征性表现"", ""育肥猪阶段易发且无母源抗体保护时病情较重"", ""前期抗生素治疗无效提示非细菌性病因""], ""risk_flags"": [""需警惕重大动物疫病传播风险"", ""涉及食品动物用药需遵守法规限制"", ""疑似病例应立即隔离并送检确诊""], ""case_type"": ""育肥猪用药咨询"", ""target_disease"": ""猪血凝性脑脊髓炎"", ""local_flags"": {""species_ok"": true, ""target_disease_in_diagnosis"": true, ""target_disease_mismatch"": false, ""contains_specific_dose"": false, ""contains_specific_withdrawal"": false, ""regulated_bad_treatment"": false}}",False,False,,,True,False,False,D:\XF-ChongQin\ai-\knowledge\llm_wiki_swine_authoritative,1465,887,"猪血凝性脑脊髓炎
猪血凝性脑脊髓炎、hemagglutinating encephalomyelitis virus
育肥猪用药咨询
育肥猪出现典型症状，用户已经用过常见药物但效果一般，询问是否继续用药。","{""HUMAN_REVIEWED"": 3, ""NEEDS_REVIEW"": 2}","[""SRC-0001"", ""SRC-0008"", ""SRC-0012"", ""SRC-0015"", ""SRC-0037""]",2063,30.27,ERNIE-4.5-Turbo-32K,88,28,18,23,20,False,True,"整体回答质量较高，诊断方向合理，症状与疾病匹配度较高，处理方向安全且符合疾病特点，数据质量良好。
问题：诊断准确性方面，虽然症状匹配度较高，但未完全排除其他类似疾病的可能性，如伪狂犬病和乙脑，可进一步细化鉴别诊断依据。；病理逻辑方面，对疾病发生机制的阐述略显不足，可增加对病毒传播途径和易感因素的描述。；数据质量方面，场景标签和验证点较为全面，但风险标志的描述可更具体，如明确重大动物疫病的具体名称。；处方安全性方面，支持疗法和管理措施较为完善，但未提及具体补液成分和剂量，可能影响实际操作。",,,,,,,,,,False,,,,,88,28,18,23,20,pass,21.17,,
84e8670c-f91f-5af0-891d-9151e9d14548,27,猪呼吸道冠状病毒感染,swine_hunyuan_turbos,hunyuan-turbos-20250926,成功,,猪,我家有120头母猪自繁自养，最近刚断奶的一批小猪（约25日龄）出现咳嗽、流鼻涕，部分伴有轻度腹泻，粪便呈黄色稀糊状，体温在39℃左右，精神食欲稍差，已经持续三四天了。之前没用过什么药，圈舍通风一般，湿度偏高。请问这是啥病？要不要做病毒检测？跟细菌或者寄生虫有关系吗？,根据日龄、临床表现及流行病学特征，考虑猪呼吸道冠状病毒（PRCV）等病毒性呼吸道感染可能性较大，同时需排除细菌性肺炎、支原体感染以及可能的继发因素如寄生虫或环境因素导致的腹泻。建议结合实验室检测（RT-PCR、ELISA）区分PRCV与其他呼吸道病原体。,treatment_direction: 对症支持治疗为主，改善圈舍通风与温湿度控制，减少应激；可酌情使用广谱抗生素预防继发细菌感染；对严重病例进行补液、电解质平衡调整。；management_measures: 立即隔离病猪，加强消毒，分群饲养；保证饮水清洁，提高营养水平以增强抵抗力。；sampling_and_testing: 采集鼻拭子、肺组织或粪便样品送实验室进行PRCV核酸检测，必要时同步检测其他呼吸道病毒（如PRRSV、PCV2）及细菌病原（如巴氏杆菌、支原体），以便鉴别诊断。；prohibited_boundaries: 不得自行使用未经批准的抗病毒药物；若检测结果提示为重大传染病或人畜共患病，应立即向当地动物防疫部门报告，不得擅自处置。,无具体休药期说明，因未涉及特定药物使用，需依据实际用药情况执行相应停药期。,"{""disease_name"": ""猪呼吸道冠状病毒感染"", ""severity"": ""中等"", ""scene_tags"": [""断奶仔猪"", ""呼吸道症状"", ""轻度腹泻"", ""高湿环境""], ""validation_points"": [""符合PRCV易感日龄段（断奶前后）"", ""呼吸道症状与轻度腹泻并存"", ""需通过实验室检测明确病原""], ""risk_flags"": [""需排除重大动物疫病"", ""可能继发细菌感染""], ""case_type"": ""腹泻采样送检"", ""target_disease"": ""猪呼吸道冠状病毒感染"", ""local_flags"": {""species_ok"": true, ""target_disease_in_diagnosis"": false, ""target_disease_mismatch"": true, ""contains_specific_dose"": false, ""contains_specific_withdrawal"": false, ""regulated_bad_treatment"": false}}",True,True,target_disease_in_diagnosis,target_disease_in_diagnosis,False,True,True,D:\XF-ChongQin\ai-\knowledge\llm_wiki_swine_authoritative,1465,887,"猪呼吸道冠状病毒感染
猪呼吸道冠状病毒感染、porcine respiratory coronavirus
腹泻采样送检
用户描述粪便性状、日龄和病程，重点询问如何鉴别病毒性、细菌性或寄生虫性腹泻。","{""HUMAN_REVIEWED"": 1, ""NEEDS_REVIEW"": 4}","[""A0-MOA-573"", ""RC-DIARRHEA-001"", ""SRC-0001"", ""SRC-0052"", ""SRC-0062"", ""SRC-0063"", ""SRC-0064"", ""SRC-0071"", ""SRC-0072"", ""SRC-0073"", ""SRC-0077"", ""SRC-0081""]",2035,33.15,ERNIE-4.5-Turbo-32K,78,25,18,20,15,False,False,"该回答在诊断准确性、病理逻辑、处方安全性和数据质量方面表现中等，整体符合测试数据有效性要求，但存在部分不足，需进一步优化。
问题：诊断准确性方面，虽然考虑了猪呼吸道冠状病毒（PRCV）的可能性，但未充分排除其他类似症状的疾病，如猪流行性腹泻病毒（PEDV）或猪传染性胃肠炎病毒（TGEV），这些疾病也可能导致断奶仔猪出现呼吸道症状和轻度腹泻。；病理逻辑方面，回答中提到了需排除细菌性肺炎、支原体感染以及可能的继发因素如寄生虫或环境因素导致的腹泻，但未详细阐述这些因素与PRCV之间的鉴别诊断逻辑，缺乏深入分析。；处方安全性方面，虽然提出了对症支持治疗、改善圈舍环境、使用广谱抗生素预防继发感染等建议，但未针对PRCV的具体治疗给出明确方案，且广谱抗生素的使用可能增加耐药性风险。；数据质量方面，回答中提供了用户查询的详细信息，但在诊断依据和鉴别诊断方面缺乏具体数据支持，如未提及类似病例的流行病学调查结果或实验室检测数据。",,,,,,,,,,False,,,,,78,25,18,20,15,reject,24.59,,
3031d3fd-b146-5cc0-a3fb-bb4812544bae,28,猪托罗病毒感染,swine_hunyuan_turbos,hunyuan-turbos-20250926,成功,,猪,我家有200头90公斤左右的育肥猪，还有半个月就要出栏了，最近两天陆续有几头开始拉稀，粪便稀薄带点黄绿色，精神食欲还行，体温正常，圈舍通风一般，之前没用过什么药。这种情况还能继续养到出栏吗？会不会传染其他猪？需要隔离还是直接卖？,根据描述，该批育肥猪在出栏前出现轻度腹泻，可能与猪托罗病毒感染有关。该病为病毒性腹泻，常在粪便中检出病毒RNA，但其致病性和传播能力尚不完全明确，且目前无特效抗病毒药物。需结合现场流行病学调查及实验室检测排除其他常见腹泻病因（如细菌性肠炎、营养性腹泻等）。,treatment_direction: 对症支持治疗为主，改善饲养管理条件，减少应激，防止继发细菌感染。；management_measures: 加强圈舍通风与保温，保持饮水清洁，适当补充电解质和维生素；将明显腹泻个体与健康猪分栏饲养以减少潜在接触传播风险。；sampling_submission: 采集腹泻粪便样品送实验室进行病原学检测（PCR），同时做细菌培养以排除细菌性腹泻。；prohibited_boundaries: 在未明确病因前，不建议使用未经批准的兽药或超范围用药；若检测结果提示重大动物疫病，应按法规立即上报并配合扑杀、无害化处理等措施。,因无特效药物治疗，不涉及特定休药期问题；若使用抗生素控制继发感染，应遵守相应药物的停药期规定。,"{""disease_name"": ""猪托罗病毒感染"", ""severity"": ""中等（取决于是否并发其他病原）"", ""scene_tags"": [""育肥猪"", ""出栏前"", ""腹泻"", ""低死亡率""], ""validation_points"": [""症状符合病毒性腹泻特征，无明显高热或急性死亡"", ""无特效抗病毒药物，治疗以支持和对症为主"", ""存在潜在粪口传播可能，需分栏管理""], ""risk_flags"": [""需排除其他高致死率腹泻病（如PED、TGE、ASF等）"", ""若检测发现法定重大疫病，须按法规处置""], ""case_type"": ""腹泻出栏边界"", ""target_disease"": ""猪托罗病毒感染"", ""local_flags"": {""species_ok"": true, ""target_disease_in_diagnosis"": true, ""target_disease_mismatch"": false, ""contains_specific_dose"": false, ""contains_specific_withdrawal"": false, ""regulated_bad_treatment"": false}}",False,False,,,True,False,False,D:\XF-ChongQin\ai-\knowledge\llm_wiki_swine_authoritative,1465,887,"猪托罗病毒感染
猪托罗病毒感染、porcine torovirus
腹泻出栏边界
临近出栏猪群出现腹泻，用户关心处理方向、隔离和用药后能否销售。","{""HUMAN_REVIEWED"": 2, ""NEEDS_REVIEW"": 2}","[""SRC-0001"", ""SRC-0033"", ""SRC-0083""]",2221,28.04,ERNIE-4.5-Turbo-32K,82,27,18,22,15,False,True,"该回答整体符合猪托罗病毒感染的诊断与处理逻辑，诊断准确度较高，处理方向安全，但数据质量稍低，部分细节可优化。
问题：诊断部分对猪托罗病毒感染的描述较笼统，未充分结合症状与疾病特征进行深入分析。；病理逻辑部分对病毒性腹泻的传播机制和潜在风险的阐述不够详细。；数据质量方面，对症状的描述和实验室检测建议的详细程度有待提升。；未明确提及人兽共患风险（尽管猪托罗病毒目前未明确为人兽共患病，但应作为一般性考虑）。",,,,,,,,,,False,,,,,82,27,18,22,15,pass,18.26,,
45d03f38-8b8a-5d43-a3ec-b16aabd680af,29,猪丝状病毒相关感染,swine_hunyuan_turbos,hunyuan-turbos-20250926,成功,,猪,我家有200多头育肥猪，平均体重在80公斤左右，最近一周陆续出现精神沉郁、食欲下降、体温升高到40℃以上，有的还伴有呼吸急促和皮肤发绀的情况。之前用过退烧针和抗生素，效果不明显。现在担心是不是传染病，想问下该采哪些样品送检测？怎么判断是不是严重疫情？另外怕误诊耽误防控，需要提前注意啥？,高度怀疑为病毒性传染病，结合流行病学史及临床表现，需考虑猪丝状病毒相关感染的可能性，但不能排除其他高热性病毒病（如蓝耳病、圆环病毒等）混合感染。目前缺乏特异性病理和实验室确诊依据，建议立即采样送检。,treatment_direction: 暂停使用未经确诊的广谱抗生素，避免掩盖病情；加强圈舍通风降温，减少应激；对发病猪进行隔离观察，防止交叉感染。；management_measures: 严格限制人员、车辆、工具进出场区，做好消毒记录；病死猪无害化处理，严禁随意丢弃或食用；全场健康猪群监测体温和采食情况。；sampling_and_testing: 采集发热明显、症状典型的活猪血液（血清）、口腔拭子、鼻腔拭子以及死亡猪的脾脏、肺脏、淋巴结等组织样本，尽快送至具备资质的兽医实验室进行PCR检测及病毒分离鉴定。；prohibited_actions: 禁止私自宰杀、销售疑似染疫猪及其产品；不得在未确诊前大规模投喂抗病毒药物或疫苗；不得隐瞒疫情信息。,因未确诊且涉及潜在重大动物疫病，当前无明确休药期概念，须等待检测结果并根据官方指导意见执行后续措施。,"{""disease_name"": ""猪丝状病毒相关感染"", ""severity"": ""高"", ""scene_tags"": [""育肥猪"", ""高热"", ""呼吸道症状"", ""采样送检""], ""validation_points"": [""症状符合病毒性高热特征"", ""抗生素治疗无效提示非细菌性主因"", ""存在潜在重大动物疫病风险""], ""risk_flags"": [""可能为人兽共患风险病原体"", ""需按重大动物疫病流程处置"", ""存在跨区域传播风险""], ""case_type"": ""采样送检咨询"", ""target_disease"": ""猪丝状病毒相关感染"", ""local_flags"": {""species_ok"": true, ""target_disease_in_diagnosis"": true, ""target_disease_mismatch"": false, ""contains_specific_dose"": false, ""contains_specific_withdrawal"": false, ""regulated_bad_treatment"": false}}",False,False,,,True,False,False,D:\XF-ChongQin\ai-\knowledge\llm_wiki_swine_authoritative,1465,887,"猪丝状病毒相关感染
猪丝状病毒相关感染、filoviruses reston ebolavirus zaire ebolavirus
采样送检咨询
用户描述症状后，重点询问采什么样品、如何判断和如何避免误治。","{""NEEDS_REVIEW"": 5}","[""SRC-0001""]",2058,29.93,ERNIE-4.5-Turbo-32K,82,27,18,22,15,False,True,"该回答在诊断准确性、病理逻辑、处方安全性和数据质量方面表现良好，整体符合测试数据有效性要求，未发现致命风险。
问题：诊断准确性方面，虽然考虑了猪丝状病毒相关感染的可能性，但未充分排除其他类似症状疾病（如非洲猪瘟）的可能性，诊断依据稍显不足。；病理逻辑方面，对症状与疾病之间的关联性解释不够深入，缺乏对疾病传播途径和流行病学特征的详细分析。；处方安全性方面，虽然提出了暂停使用广谱抗生素和加强隔离观察等合理建议，但对病死猪处理的具体操作细节（如无害化处理的具体方法）未详细说明。；数据质量方面，症状描述和采样建议较为全面，但对疾病严重性和人兽共患风险的强调不够突出，可能影响用户对疫情的重视程度。",,,,,,,,,,False,,,,,82,27,18,22,15,pass,19.55,,
06dfa29c-da02-53ab-953e-2bb372cf7324,30,猪乙型脑炎,swine_hunyuan_turbos,hunyuan-turbos-20250926,成功,,猪,我家有120头能繁母猪，平均胎次2-3胎，最近两个月陆续发现几窝怀孕后期流产，有的产出死胎、木乃伊胎，还有个别弱仔，体温没明显升高，也没见腹泻咳嗽。周边今年夏天蚊子特别多，之前没打过乙脑疫苗。想问问这种情况要不要停配种？要送什么样品去检查？,根据描述，怀孕中后期流产、死胎、木乃伊胎及弱仔，且当地夏季蚊虫活跃，未接种乙脑疫苗，高度怀疑猪乙型脑炎病毒感染所致繁殖障碍。该病由日本脑炎病毒引起，通过蚊虫叮咬传播，可导致母猪流产、死胎、木乃伊胎及弱仔，公猪也可能出现睾丸炎。需结合实验室检测确认。,treatment_direction: 目前无特效抗病毒药物，主要采取支持性护理，加强圈舍防蚊灭蚊措施，改善通风降温条件，减少应激。对流产母猪观察恢复情况，必要时淘汰严重病例。；management_measures: 立即暂停受影响批次的配种计划，防止带毒母猪继续参与繁殖；暂停从外部引种，防止引入新病原；全群加强防蚊灭蚊工作，清理积水，使用驱蚊剂或纱窗等物理屏障；记录每批母猪的妊娠日龄、流产时间、胎儿状况，以便后续分析。；sampling_submission: 采集流产胎儿脑组织、脾脏、肝脏及部分羊水/胎盘组织，冷藏保存尽快送检；同时采集同群健康母猪血液进行血清学检测（如ELISA），排查抗体水平；有条件可做PCR检测病毒核酸。；prohibited_boundaries: 严禁将疑似病料随意丢弃或流入市场；禁止未经检疫的生猪调入调出；在未确诊前不得盲目使用抗生素或激素类药物掩盖病情。,本病为病毒性传染病，无特定药物休药期，重点在于控制传染源和切断传播途径。,"{""disease_name"": ""猪乙型脑炎"", ""severity"": ""中等至严重（可导致繁殖损失）"", ""scene_tags"": [""繁殖障碍"", ""流产"", ""死胎"", ""木乃伊胎"", ""弱仔"", ""蚊媒传播""], ""validation_points"": [""症状符合乙脑特征：怀孕中后期流产、死胎、木乃伊胎、弱仔"", ""环境因素支持蚊媒传播（夏季蚊虫多）"", ""未接种疫苗增加易感性""], ""risk_flags"": [""存在蚊媒传播风险，可能波及全场"", ""若不及时控制，可能导致连续批次繁殖失败"", ""需警惕公猪睾丸炎表现""], ""case_type"": ""繁殖障碍送检"", ""target_disease"": ""猪乙型脑炎"", ""local_flags"": {""species_ok"": true, ""target_disease_in_diagnosis"": true, ""target_disease_mismatch"": false, ""contains_specific_dose"": false, ""contains_specific_withdrawal"": false, ""regulated_bad_treatment"": false}}",False,False,,,True,False,False,D:\XF-ChongQin\ai-\knowledge\llm_wiki_swine_authoritative,1465,887,"猪乙型脑炎
猪乙型脑炎、japanese encephalitis virus
繁殖障碍送检
繁殖异常持续出现，用户询问该采哪些样品、是否需要暂停配种和引种。","{""HUMAN_REVIEWED"": 2, ""NEEDS_REVIEW"": 2}","[""RC-REPRO-001"", ""SRC-0001"", ""SRC-0035"", ""SRC-0045"", ""SRC-0048"", ""SRC-0049"", ""SRC-0050"", ""SRC-0060"", ""SRC-0061"", ""SRC-0067"", ""SRC-0068"", ""SRC-0085""]",2221,35.3,ERNIE-4.5-Turbo-32K,88,28,18,24,18,False,True,"该回答整体表现良好，诊断准确性较高，症状与疾病匹配合理，诊断逻辑清晰，处理方向安全且与疾病相互印证。数据质量方面，信息完整且场景标签准确，但部分细节可进一步优化。
问题：diagnosis_accuracy: 诊断准确性较高，但未完全覆盖所有可能症状（如公猪睾丸炎未在用户查询中明确提及，但回答中提及，虽合理但未直接对应查询内容，扣2分）。；pathology_logic: 病理逻辑清晰，但可进一步解释蚊媒传播与疾病发生的关系，以增强逻辑性，扣2分。；prescription_safety: 处方安全，但‘必要时淘汰严重病例’可更具体说明淘汰标准，以增强操作性，扣1分。；data_quality: 数据质量良好，但风险标志中‘需警惕公猪睾丸炎表现’未在用户查询中直接体现，虽为合理提醒，但可视为非直接相关细节，扣2分；场景标签准确，但可增加‘未接种疫苗’作为标签，以更全面反映情况，扣5分（因标签完整性扣分较多，但考虑到其他方面表现优秀，整体数据质量仍较高）。",,,,,,,,,,False,,,,,88,28,18,24,18,pass,23.66,,
a29a83ef-9273-566b-9f64-8db4bed47517,31,猪西尼罗病毒相关感染,swine_hunyuan_turbos,hunyuan-turbos-20250926,成功,,猪,我家有200头60日龄左右的保育猪，这几天陆续出现精神沉郁、采食量明显下降的情况，部分猪体温升高到40℃左右，还有几头呼吸稍急促，粪便偏稀。之前用过阿莫西林饮水，效果不明显。请问这是啥病？该怎么处理？,根据描述的保育猪群发热、采食下降、腹泻及轻度呼吸道症状，结合当前季节蚊虫活跃情况，需高度怀疑猪西尼罗病毒感染等虫媒传播性病毒病的可能。该病为病毒性传染病，常通过蚊子等节肢动物叮咬传播，在保育猪群中可引起急性发热、食欲废绝、腹泻等症状。由于目前缺乏特异性治疗药物，且存在其他相似临床表现的病毒性疾病，建议先排除非洲猪瘟等重大疫病后再考虑该病的诊断。,treatment_direction: 无特效抗病毒药物，以支持疗法为主，包括补液、维持电解质平衡、改善饲养管理条件，减少应激。；management_measures: 立即隔离病猪与健康猪，加强圈舍通风降温，保持清洁干燥，减少蚊虫滋生环境，必要时使用物理防蚊措施。；sampling_and_testing: 采集血液、组织样本送有资质的实验室进行病原学检测（如RT-PCR）以确诊，同时排查非洲猪瘟、圆环病毒等其他常见病毒病。；prohibited_actions: 严禁随意使用未经批准的兽药，禁止私自宰杀、出售病死猪，防止疫情扩散。,因无特定药物治疗，不涉及常规休药期问题，但应遵守生物安全隔离期直至检测结果明确并获主管部门指导。,"{""disease_name"": ""猪西尼罗病毒相关感染"", ""severity"": ""中等至严重"", ""scene_tags"": [""保育猪"", ""群体发病"", ""发热"", ""采食下降"", ""腹泻"", ""虫媒传播""], ""validation_points"": [""符合虫媒传播病毒的流行病学特征"", ""临床表现与已知西尼罗病毒感染描述一致"", ""排除了细菌性继发感染的可能性""], ""risk_flags"": [""需排除非洲猪瘟等重大动物疫病"", ""存在潜在人畜共患关注点（虽非ASF），需按规范采样送检""], ""case_type"": ""保育猪群体发病"", ""target_disease"": ""猪西尼罗病毒相关感染"", ""local_flags"": {""species_ok"": true, ""target_disease_in_diagnosis"": false, ""target_disease_mismatch"": true, ""contains_specific_dose"": false, ""contains_specific_withdrawal"": false, ""regulated_bad_treatment"": false}}",True,True,target_disease_in_diagnosis,target_disease_in_diagnosis,False,True,True,D:\XF-ChongQin\ai-\knowledge\llm_wiki_swine_authoritative,1465,887,"猪西尼罗病毒相关感染
猪西尼罗病毒相关感染、west nile virus and other flaviviruses
保育猪群体发病
群体发病、采食下降、粪便或呼吸道异常，用户想知道主要病因和下一步处理。","{""NEEDS_REVIEW"": 5}","[""SRC-0001""]",2060,28.44,ERNIE-4.5-Turbo-32K,78,25,18,20,15,False,False,"该回答在诊断准确性、病理逻辑、处方安全性和数据质量方面表现较好，但存在一些需要改进的地方。诊断考虑了虫媒传播病毒病的可能性，并建议排除非洲猪瘟等重大疫病，符合逻辑。处方以支持疗法为主，管理措施合理，但数据质量方面缺乏具体细节和引用支持。
问题：诊断准确性方面，虽然考虑了虫媒传播病毒病的可能性，但缺乏对其他相似症状疾病的详细鉴别诊断。；病理逻辑方面，对疾病传播途径和临床表现的描述较为笼统，缺乏深入分析。；处方安全性方面，支持疗法和管理措施合理，但缺乏具体药物或治疗方法的详细说明。；数据质量方面，回答缺乏具体细节和权威引用支持，部分信息较为模糊。",,,,,,,,,,False,,,,,78,25,18,20,15,reject,17.89,,
b55881a6-d488-5025-b44f-9e906dccb135,32,猪戊型肝炎,swine_hunyuan_turbos,hunyuan-turbos-20250926,成功,,猪,我家有120头80公斤左右的育肥猪，这几天陆续有几头出现精神沉郁、食欲下降、粪便偏软的情况，体温在39℃左右，有的还伴有轻度黄疸。之前用了氟苯尼考和多西环素拌料喂了三天，感觉没明显改善。请问还能继续用这些药吗？会不会是人畜共患病？需要怎么处理？,根据描述的症状（发热、食欲减退、轻度黄疸、腹泻），结合育肥猪阶段及用药史，需高度怀疑猪戊型肝炎病毒感染可能，同时应排除其他病毒性、细菌性或寄生虫性肝炎类疾病。该病为粪口传播的人兽共患风险病毒病，但在猪群中多呈亚临床或轻症流行。,建议立即停喂原抗生素方案，改为支持性管理：保证清洁饮水、减少应激、适当补充维生素和电解质；加强圈舍通风与卫生消毒，防止交叉污染。采集病死猪或典型病例的肝组织、血液样本送实验室进行HEV PCR检测及血清学鉴定，明确病原。若确诊HEV且无明显继发细菌感染，不建议盲目使用抗菌药；如合并细菌感染，可在兽医指导下选用合规药物并遵守休药期规定。对疑似人兽共患风险的病例，应加强人员防护，避免直接接触分泌物。,因未使用特定药物，暂无具体休药期要求；如后续使用兽药，须严格按标签和国家法规执行休药期。,"{""disease_name"": ""猪戊型肝炎"", ""severity"": ""中等（可自限，部分个体重症）"", ""scene_tags"": [""育肥猪"", ""发热"", ""食欲减退"", ""黄疸"", ""腹泻"", ""人兽共患风险""], ""validation_points"": [""症状与HEV流行病学特征相符"", ""育肥猪阶段易发"", ""粪口传播途径提示生物安全重要性""], ""risk_flags"": [""人兽共患风险"", ""需实验室确诊"", ""禁止随意使用抗菌药""], ""case_type"": ""育肥猪用药咨询"", ""target_disease"": ""猪戊型肝炎"", ""local_flags"": {""species_ok"": true, ""target_disease_in_diagnosis"": true, ""target_disease_mismatch"": false, ""contains_specific_dose"": false, ""contains_specific_withdrawal"": false, ""regulated_bad_treatment"": false}}",False,False,,,True,False,False,D:\XF-ChongQin\ai-\knowledge\llm_wiki_swine_authoritative,1465,887,"猪戊型肝炎
猪戊型肝炎、hepatitis e virus
育肥猪用药咨询
育肥猪出现典型症状，用户已经用过常见药物但效果一般，询问是否继续用药。","{""HUMAN_REVIEWED"": 3, ""NEEDS_REVIEW"": 2}","[""SRC-0001"", ""SRC-0008"", ""SRC-0012"", ""SRC-0014"", ""SRC-0015"", ""SRC-0040""]",2105,33.37,ERNIE-4.5-Turbo-32K,88,28,18,24,18,False,True,"整体回答质量较高，诊断方向合理，症状与疾病匹配度较高，处理方向安全且符合疾病特点，但部分细节可优化。
问题：diagnosis_accuracy: 诊断中虽提及需排除其他病毒性、细菌性或寄生虫性肝炎类疾病，但未明确说明具体鉴别诊断方法，略显笼统。；pathology_logic: 病理逻辑基本合理，但对猪戊型肝炎在猪群中多呈亚临床或轻症流行的特点阐述不够深入，与症状关联性可加强。；prescription_safety: 处方安全合理，但未提及具体维生素和电解质的补充剂量或方式。；data_quality: 数据质量尚可，但场景标签中‘腹泻’症状在用户查询中描述为‘粪便偏软’，严格来说不完全一致；且未提及用户所在地区等可能影响疾病流行的因素。",,,,,,,,,,False,,,,,88,28,18,24,18,pass,23.92,,
246b8acb-9370-579c-b121-076052d8df28,33,猪伪狂犬病,swine_hunyuan_turbos,hunyuan-turbos-20250926,成功,,猪,我家是200头基础母猪的种猪场，最近有3头怀孕90多天的母猪先后流产，还有一头公猪精神沉郁、采食下降，精液稀薄带异味。周边村里有猪场发生过类似情况，我们之前没做过伪狂犬疫苗，现在很担心是不是传染病，还能不能继续配种？,根据描述的症状（妊娠中后期流产、死胎、公猪精神食欲下降及精液异常）及群体发病特征，高度怀疑为猪伪狂犬病病毒感染。该病可引起母猪繁殖障碍及公猪生殖功能受损，且可通过直接接触或精液传播。,treatment_direction: 立即暂停受影响母猪配种计划，对全场公猪进行精液质量检测并隔离观察；加强生物安全措施，防止人员、车辆、工具等机械传播；尽快采集流产胎儿、胎盘组织及公猪血液送实验室检测确诊。；management_measures: 停止可疑公猪参与配种，淘汰精液质量持续异常的个体；对全群母猪实施紧急免疫接种（按当地主管部门指导）；严格消毒圈舍、料槽、饮水器及运输工具；限制场内人员流动，减少交叉感染风险。；sampling_submission: 采集流产胎儿及胎盘组织、公猪血样送至具备资质的兽医实验室，开展PRV抗原或抗体检测，必要时做PCR鉴定。；prohibited_boundaries: 在未明确排除重大疫病前，不得将场内猪只外调或引入新猪；严禁使用未经检疫的公猪精液；禁止自行使用未经验证的抗病毒药物替代正规防控。,无具体休药期说明，需依据检测结果及主管部门指导意见执行后续生产与销售安排。,"{""disease_name"": ""猪伪狂犬病"", ""severity"": ""高"", ""scene_tags"": [""种猪场"", ""繁殖障碍"", ""公猪异常"", ""群体发病""], ""validation_points"": [""妊娠中后期流产符合PRV典型表现"", ""公猪精液异常提示生殖系统受累"", ""群体性发生提示传染性病因""], ""risk_flags"": [""可能为人畜共患病监测对象"", ""存在重大动物疫病扩散风险""], ""case_type"": ""种猪繁殖障碍"", ""target_disease"": ""猪伪狂犬病"", ""local_flags"": {""species_ok"": true, ""target_disease_in_diagnosis"": true, ""target_disease_mismatch"": false, ""contains_specific_dose"": false, ""contains_specific_withdrawal"": false, ""regulated_bad_treatment"": false}}",False,False,,,True,False,False,D:\XF-ChongQin\ai-\knowledge\llm_wiki_swine_authoritative,1465,887,"猪伪狂犬病
猪伪狂犬病、pseudorabies aujeszky disease
种猪繁殖障碍
种猪场出现流产、死胎、返情或公猪异常，用户担心传染病和是否继续配种。","{""HUMAN_REVIEWED"": 3, ""NEEDS_REVIEW"": 2}","[""SRC-0001"", ""SRC-0015"", ""SRC-0025"", ""SRC-0035""]",2142,29.88,ERNIE-4.5-Turbo-32K,82,28,18,20,16,False,True,"整体回答较为准确，诊断方向合理，处理措施基本安全，但存在部分细节不足，如数据质量方面缺乏具体检测指标，病理逻辑部分对症状关联性解释不够深入。
问题：diagnosis_accuracy: 诊断准确性较高，但对症状与疾病关联性的解释可更详细，例如未提及母猪返情症状与伪狂犬病的联系。；pathology_logic: 病理逻辑部分对公猪精液异常与伪狂犬病的病理机制解释不够深入，缺乏对病毒传播途径的详细说明。；prescription_safety: 处方安全，但未明确提及禁用药物的具体名称，仅笼统说明禁止使用未经验证药物。；data_quality: 数据质量一般，缺乏具体检测指标（如PCR检测的具体基因片段）和休药期的明确说明。",,,,,,,,,,False,,,,,82,28,18,20,16,pass,22.42,,
55761977-d130-58c3-99a4-cdeeb2f3f588,34,猪巨细胞病毒感染,swine_hunyuan_turbos,hunyuan-turbos-20250926,成功,,猪,我场有300多头母猪，最近一周有两栋产房的小猪（出生10天左右）陆续出现精神差、吃奶少、体温略高的情况，有的还伴有轻微咳嗽，之前用过阿莫西林饮水，效果不明显。现在担心是不是传染病，能不能先当普通病治几天看看？,根据描述，多栋产房同期出现相似症状，且常规抗生素无效，需高度警惕病毒性感染可能，如猪巨细胞病毒感染等。该病在仔猪阶段可表现为生长迟缓、呼吸道症状及全身反应，但目前缺乏特异性治疗药物，且存在潜在群发风险。,treatment_direction: 不建议立即使用广谱抗生素作为唯一措施，应结合支持疗法改善营养与环境，减少应激。；management_measures: 分群管理，将发病猪与健康猪物理隔离；加强产房保温通风，保持干燥清洁；提供易消化的初乳或代乳料，保证饮水充足。；sampling_and_testing: 采集病死猪或典型病例的血液、肺脏、淋巴结等组织送实验室进行病原学检测（PCR、病理学检查），明确是否为猪巨细胞病毒或其他病毒性疾病。；prohibited_boundaries: 在未排除重大动物疫病前，不得擅自出售、转运或屠宰病猪；不得依赖单一抗生素治疗而延误诊断。,因无特效抗病毒药物，若后续使用任何兽药均需遵循相应说明书及国家休药期规定，并在停药后按规定间隔方可出栏或销售。,"{""disease_name"": ""猪巨细胞病毒感染"", ""severity"": ""中等至严重（视群发情况而定）"", ""scene_tags"": [""产房仔猪"", ""群发"", ""呼吸道症状"", ""生长迟缓""], ""validation_points"": [""多栋同时发病提示传染性"", ""常规抗生素无效提示非细菌性主因"", ""需通过实验室检测确认病原""], ""risk_flags"": [""潜在群发性"", ""需排除重大动物疫病"", ""禁止擅自处置""], ""case_type"": ""暴发与处置边界"", ""target_disease"": ""猪巨细胞病毒感染"", ""local_flags"": {""species_ok"": true, ""target_disease_in_diagnosis"": true, ""target_disease_mismatch"": false, ""contains_specific_dose"": false, ""contains_specific_withdrawal"": false, ""regulated_bad_treatment"": false}}",False,False,,,True,False,False,D:\XF-ChongQin\ai-\knowledge\llm_wiki_swine_authoritative,1465,887,"猪巨细胞病毒感染
猪巨细胞病毒感染、porcine cytomegalovirus
暴发与处置边界
同栏或多栋猪舍短期内发病增多，用户询问是否能先按普通病治疗观察。","{""HUMAN_REVIEWED"": 2, ""NEEDS_REVIEW"": 2}","[""SRC-0001"", ""SRC-0037"", ""SRC-0083""]",2221,29.75,ERNIE-4.5-Turbo-32K,82,27,18,22,15,False,True,"整体回答符合猪巨细胞病毒感染的暴发与处置边界场景，诊断方向合理，管理措施安全，但数据质量方面存在部分信息缺失，影响全面评估。
问题：diagnosis_accuracy: 诊断部分未明确提及猪巨细胞病毒感染的特异性症状（如肝脾肿大、出血点等），仅基于常规抗生素无效和多栋发病推测，缺乏特异性。；pathology_logic: 病理逻辑部分未详细解释猪巨细胞病毒感染的病理机制与症状之间的关联，逻辑链条不够完整。；prescription_safety: 处方安全部分未提及具体药物使用禁忌或潜在风险，仅强调支持疗法和管理措施，略显单薄。；data_quality: 数据质量方面，未提供实验室检测的具体方法或参考标准，且休药期承诺过于笼统，缺乏针对性。",,,,,,,,,,False,,,,,82,27,18,22,15,pass,22.08,,
a13a36cc-32a1-5393-9c0b-e11ce4566950,35,猪恶性卡他热相关感染,swine_hunyuan_turbos,hunyuan-turbos-20250926,成功,,猪,我家有200多头育肥猪，平均体重在80公斤左右，最近一周陆续出现精神沉郁、体温升高到41℃以上、眼鼻分泌物增多、部分猪咳嗽、食欲下降的情况，圈舍通风一般，前几天隔壁村有人放养过几只羊经过我们场边。想问下这种情况是不是要马上打抗生素？还是先送样检测？该采哪些样品比较合适？怕耽误了病情又怕乱用药。,根据描述的症状（高热、眼鼻分泌物多、呼吸道表现）以及近期有羊只近距离接触史，需高度怀疑猪恶性卡他热相关感染的可能。该病由绵羊疱疹病毒2型等γ疱疹病毒引起，属偶发性系统性病毒感染，临床表现类似严重细菌性呼吸道疾病，但抗生素治疗无效。确诊需依赖实验室检测。,treatment_direction: 不建议立即使用广谱抗生素，应先进行实验室确诊。若确诊为猪恶性卡他热，目前无特效抗病毒药物，主要采取支持疗法和对症处理，如补液、降温、改善饲养环境。；management_measures: 立即隔离发病猪，减少应激，加强通风与卫生消毒，防止继发细菌感染。对同群健康猪密切观察，必要时分群管理。；sampling_and_testing: 采集发病猪的血液（血清）、扁桃体组织、肺脏及淋巴结样本，有条件可同时采集眼鼻分泌物。建议送至具备资质的兽医实验室进行PCR检测，检测绵羊疱疹病毒2型及其他可能病原体。；prohibited_boundaries: 在未排除重大疫病前，禁止随意出售、转运或屠宰病猪；禁止使用未经批准的兽药或人用药品；严禁隐瞒疫情信息。,因本病为病毒性感染且无特效治疗药物，不涉及化学药物休药期问题。但若在治疗过程中使用了其他药物，应依据所用药物说明书执行相应休药期规定。,"{""disease_name"": ""猪恶性卡他热相关感染"", ""severity"": ""高"", ""scene_tags"": [""育肥猪"", ""高热"", ""呼吸道症状"", ""羊接触史"", ""疑似重大疫病""], ""validation_points"": [""症状符合病毒性全身感染特征"", ""存在羊只接触史提示绵羊疱疹病毒2型传播风险"", ""抗生素治疗无效，需实验室确诊""], ""risk_flags"": [""疑似重大动物疫病"", ""需及时采样送检"", ""禁止擅自用药""], ""case_type"": ""采样送检咨询"", ""target_disease"": ""猪恶性卡他热相关感染"", ""local_flags"": {""species_ok"": true, ""target_disease_in_diagnosis"": true, ""target_disease_mismatch"": false, ""contains_specific_dose"": false, ""contains_specific_withdrawal"": false, ""regulated_bad_treatment"": false}}",False,False,,,True,False,False,D:\XF-ChongQin\ai-\knowledge\llm_wiki_swine_authoritative,1465,887,"猪恶性卡他热相关感染
猪恶性卡他热相关感染、malignant catarrhal fever ovine herpesvirus 2
采样送检咨询
用户描述症状后，重点询问采什么样品、如何判断和如何避免误治。","{""HUMAN_REVIEWED"": 1, ""NEEDS_REVIEW"": 4}","[""SRC-0001"", ""SRC-0041""]",2173,30.19,ERNIE-4.5-Turbo-32K,88,28,18,23,20,False,True,"该回答在诊断准确性、病理逻辑、处方安全性和数据质量方面表现良好，整体符合测试数据有效性要求。诊断考虑了症状和接触史，提出了合理的实验室检测建议，并给出了安全的治疗方向和管理措施。
问题：诊断准确性方面，虽然考虑了症状和接触史，但未完全排除其他类似症状疾病的可能性，可进一步提升诊断的全面性。；病理逻辑方面，对疾病传播途径和病理机制的阐述略显简略，可增加更多细节以增强说服力。；数据质量方面，虽然提供了详细的场景标签和验证点，但对疾病严重性的描述可更加具体和量化。；处方安全性方面，虽然强调了不支持立即使用抗生素，但对支持疗法和对症处理的具体措施描述可更详细。",,,,,,,,,,False,,,,,88,28,18,23,20,pass,21.34,,
eb923a2e-9e74-5c91-b7f3-38669cbbc8f2,36,猪流感,swine_hunyuan_turbos,hunyuan-turbos-20250926,成功,,猪,我家是300头左右的保育猪场，现在这批猪60日龄左右，最近一周天气忽冷忽热，加上舍内通风不太好，氨味挺重。前两天开始有几头出现咳嗽、喘气，个别精神稍差，采食量下降，体温测了有的38.8℃，有的39℃多。之前没用过药，也没打过疫苗。我想知道这是单纯的环境应激还是有可能感染了什么病？,根据描述，保育猪在通风不良、氨气浓度高及温差大的环境下，出现咳嗽、喘气、轻度发热和采食下降，提示存在呼吸道问题。可能的病因包括猪流感病毒等病毒性呼吸道感染，以及细菌性继发感染（如巴氏杆菌、链球菌），同时环境因素（氨气刺激、温差应激）也是重要诱因。需要结合发病率、死亡率、呼吸模式变化及是否有其他批次混群史进一步判断。,treatment_direction: 改善舍内通风换气，降低氨气浓度，保持适宜温湿度；对发病猪进行隔离观察，减少应激因素。；management_measures: 加强饲养管理，分群饲养，避免密度过高；及时清理粪便，减少有害气体积聚；监测全群健康状况，记录发病数量与恢复情况。；sampling_and_testing: 采集鼻拭子、咽拭子或肺组织样本送实验室进行病毒核酸检测（RT-PCR）及细菌培养，必要时做血清学检测以排除其他病原。；prohibited_boundaries: 若怀疑为重大动物疫病（如非洲猪瘟、口蹄疫等），应立即停止场内调运并报告当地动物防疫部门，不得擅自使用未经批准的药品或疫苗。,因未涉及具体药物治疗方案，暂无明确休药期说明。如使用抗生素或抗病毒药物，应依据所用药品说明书并在停药后按规定时间方可出栏。,"{""disease_name"": ""猪流感"", ""severity"": ""中等"", ""scene_tags"": [""保育猪"", ""呼吸道疾病"", ""环境应激"", ""氨气"", ""温差""], ""validation_points"": [""症状符合猪流感等病毒性呼吸道感染表现"", ""环境诱因（通风差、氨气高、温差大）与临床表现相符"", ""建议通过实验室检测确诊病原""], ""risk_flags"": [""需排除重大动物疫病"", ""防止疫情扩散""], ""case_type"": ""呼吸道环境诱因"", ""target_disease"": ""猪流感"", ""local_flags"": {""species_ok"": true, ""target_disease_in_diagnosis"": true, ""target_disease_mismatch"": false, ""contains_specific_dose"": false, ""contains_specific_withdrawal"": false, ""regulated_bad_treatment"": false}}",False,False,,,True,False,False,D:\XF-ChongQin\ai-\knowledge\llm_wiki_swine_authoritative,1465,887,"猪流感
猪流感、influenza viruses
呼吸道环境诱因
通风差、氨气重或温差大后出现咳嗽喘气，用户想区分环境应激和传染病。","{""HUMAN_REVIEWED"": 3}","[""RC-RESP-001"", ""SRC-0001"", ""SRC-0042"", ""SRC-0043"", ""SRC-0049"", ""SRC-0050"", ""SRC-0058"", ""SRC-0059"", ""SRC-0066"", ""SRC-0069"", ""SRC-0070"", ""SRC-0086""]",2221,32.32,ERNIE-4.5-Turbo-32K,82,27,18,22,15,False,True,"整体回答质量较高，诊断准确性、病理逻辑、处方安全性和数据质量均表现良好，无明显致命风险，符合通过标准。
问题：诊断准确性方面，虽然考虑了猪流感病毒和细菌性继发感染，但未明确提及猪流感作为首要怀疑对象，且未详细说明如何区分环境应激和传染病。；病理逻辑方面，对环境因素与疾病关系的阐述较为笼统，缺乏具体机制或案例支持。；处方安全性方面，虽然提出了改善环境和管理措施，但未针对猪流感提出具体的药物治疗方案（如抗病毒药物或抗生素使用建议）。；数据质量方面，症状描述和场景标签较为全面，但缺乏具体的发病率、死亡率等数据支持诊断。；未明确提及人兽共患风险及防控措施。",,,,,,,,,,False,,,,,82,27,18,22,15,pass,23.23,,
a8eae508-2ea2-5135-9e8c-a9dc9250eb19,37,猪副黏病毒相关感染,swine_hunyuan_turbos,hunyuan-turbos-20250926,成功,,猪,我家有120头保育猪，现在60日龄左右，最近三四天陆续出现精神沉郁、采食量明显下降的情况，部分猪咳嗽、流鼻涕，还有几头拉稀，体温测了在39℃上下。圈舍通风一般，湿度偏高，之前用过阿莫西林饮水，效果不明显。想问问这是啥原因，该怎么处理？,根据描述的症状（发热、采食下降、呼吸道表现及腹泻）以及保育猪阶段的易感性，结合当前季节和环境条件，高度怀疑为病毒性呼吸道感染，可能由猪副黏病毒相关感染引起。该病常呈群发，传播快，可继发细菌感染加重症状。需通过实验室检测确诊。,立即将病猪与健康猪分栏管理，减少应激；加强圈舍通风与干燥，降低密度；提供清洁饮水和易消化饲料；对高热、严重呼吸困难个体进行对症支持治疗并隔离观察；采集鼻拭子、肺组织等样本送实验室检测明确病原；在未排除法定重大疫病前，禁止随意使用抗生素替代防控，也不得私自出售或转运病猪。,因未确定病原且存在重大疫病排查需求，暂停出栏销售，直至检测结果明确并采取相应防控措施。,"{""disease_name"": ""猪副黏病毒相关感染"", ""severity"": ""中等至较高"", ""scene_tags"": [""保育猪"", ""群发"", ""呼吸道症状"", ""腹泻"", ""高湿环境""], ""validation_points"": [""保育猪阶段是多种病毒感染的易感期"", ""发热、咳嗽、流涕、腹泻符合病毒性呼吸道综合征特征"", ""群体发病提示传染性因素""], ""risk_flags"": [""潜在重大动物疫病风险"", ""需实验室确诊"", ""禁止擅自移动或销售病猪""], ""case_type"": ""保育猪群体发病"", ""target_disease"": ""猪副黏病毒相关感染"", ""local_flags"": {""species_ok"": true, ""target_disease_in_diagnosis"": true, ""target_disease_mismatch"": false, ""contains_specific_dose"": false, ""contains_specific_withdrawal"": false, ""regulated_bad_treatment"": false}}",False,False,,,True,False,False,D:\XF-ChongQin\ai-\knowledge\llm_wiki_swine_authoritative,1465,887,"猪副黏病毒相关感染
猪副黏病毒相关感染、paramyxoviruses
保育猪群体发病
群体发病、采食下降、粪便或呼吸道异常，用户想知道主要病因和下一步处理。","{""NEEDS_REVIEW"": 5}","[""SRC-0001""]",2034,23.34,ERNIE-4.5-Turbo-32K,82,27,18,22,15,False,True,"整体回答较为准确，诊断逻辑合理，处理方向安全，但数据质量方面存在一定不足，如未详细说明实验室检测的具体项目等。
问题：诊断准确性方面，虽高度怀疑猪副黏病毒相关感染，但未详细说明与其他类似症状疾病的鉴别诊断。；病理逻辑方面，对疾病传播途径和预防措施的阐述不够深入。；处方安全方面，对症支持治疗未明确具体药物及剂量。；数据质量方面，未提及实验室检测的具体项目和采样方法等关键信息。",,,,,,,,,,False,,,,,82,27,18,22,15,pass,13.99,,
b206db9f-85eb-5159-8219-ce7d02fb9f94,38,猪细小病毒病,swine_hunyuan_turbos,hunyuan-turbos-20250926,成功,,猪,我家有120头能繁母猪，平均胎次在3到4胎之间，最近两个月陆续有10多头母猪产仔数明显减少，有的直接空怀，还有几头怀孕后期流产。之前没用过疫苗，也没做过专门净化，想问下这种情况是不是细小病毒引起的？如果要送检的话应该取什么样本？现在还能继续配种吗？要不要先停一下引种？,根据描述，存在多胎次母猪产仔减少、空怀及晚期流产等表现，符合猪细小病毒病（PPV1）引起的繁殖障碍特征。该病主要通过垂直传播感染胚胎或胎儿，导致死胎、木乃伊胎或流产。需结合实验室检测排除其他繁殖障碍病因如蓝耳病、伪狂犬病、乙脑等。,建议立即停止配种和引进新种猪，防止病原扩散；对发病母猪进行隔离观察，加强圈舍通风干燥管理，减少应激；采集流产胎儿组织、胎盘液、血清等送实验室检测PPV1及其他常见繁殖障碍病原；在未确诊前不宜盲目使用抗病毒药物或激素干预；若确诊为PPV1感染，可依据检测结果制定免疫计划，并在全群稳定后再恢复配种。,无特定休药期说明，但应在病原清除或免疫稳定后，经兽医评估再恢复配种和引种。,"{""disease_name"": ""猪细小病毒病"", ""severity"": ""中等至严重（可导致显著繁殖损失）"", ""scene_tags"": [""繁殖障碍"", ""流产"", ""空怀"", ""垂直传播""], ""validation_points"": [""症状与PPV1垂直传播导致的胚胎死亡一致"", ""多发于未免疫的能繁母猪群"", ""需通过实验室检测确认病原""], ""risk_flags"": [""可能伴随其他繁殖障碍病原混合感染"", ""未经控制易在群内持续传播""], ""case_type"": ""繁殖障碍送检"", ""target_disease"": ""猪细小病毒病"", ""local_flags"": {""species_ok"": true, ""target_disease_in_diagnosis"": true, ""target_disease_mismatch"": false, ""contains_specific_dose"": false, ""contains_specific_withdrawal"": false, ""regulated_bad_treatment"": false}}",False,False,,,True,False,False,D:\XF-ChongQin\ai-\knowledge\llm_wiki_swine_authoritative,1465,887,"猪细小病毒病
猪细小病毒病、parvoviruses
繁殖障碍送检
繁殖异常持续出现，用户询问该采哪些样品、是否需要暂停配种和引种。","{""HUMAN_REVIEWED"": 3, ""NEEDS_REVIEW"": 2}","[""A0-MOA-573"", ""SRC-0001"", ""SRC-0045""]",2087,33.01,ERNIE-4.5-Turbo-32K,88,28,18,23,20,False,True,"该回答整体上对猪细小病毒病的诊断、处理方向和安全措施进行了较为准确的描述，符合测试数据有效性的要求。诊断准确性较高，病理逻辑合理，处方安全，数据质量较好，无明显致命风险。
问题：diagnosis_accuracy: 诊断中虽然提到了需要排除其他繁殖障碍病因，但未详细说明如何具体鉴别，例如蓝耳病、伪狂犬病、乙脑等，可能影响诊断的全面性。；pathology_logic: 病理逻辑部分对垂直传播的描述较为准确，但对其他传播途径或可能的环境因素未作说明，逻辑稍显单一。；prescription_safety: 处方中建议停止配种和引种、隔离观察等措施较为安全，但未明确说明如何处理已发病母猪的具体方案，例如是否需要淘汰或治疗。；data_quality: 数据质量较好，但场景标签和验证点可以更详细，例如增加具体的临床症状描述或实验室检测方法。；withdrawal_period: 未提供具体的休药期承诺，但根据疾病特性，此点不构成致命风险。",,,,,,,,,,False,,,,,88,28,18,23,20,pass,23.6,,
b550df6c-a770-5ea9-9f0e-73eb2ec6821b,39,非典型猪瘟病毒感染,swine_hunyuan_turbos,hunyuan-turbos-20250926,成功,,猪,我这边是200头基础母猪的种猪场，最近半个月陆续有3头怀孕90多天的母猪流产，还有两头刚配完就返情了，个别公猪采精量明显减少，颜色偏黄。之前没用过什么疫苗，饲料一直用同一批玉米豆粕配方，没有发霉迹象。想问问是不是传染病？还能不能继续配种？,根据描述，存在母猪中期流产、返情及公猪精液质量下降的情况，提示可能存在病毒性繁殖障碍。结合当前信息，应考虑猪繁殖与呼吸综合征（PRRS）、猪细小病毒病、猪伪狂犬病以及非典型猪瘟病毒感染等可能。其中非典型猪瘟病毒感染虽在国内尚无明确监管处置要求，但其临床表现可与上述疾病重叠，需要实验室检测排除。此外，应排查饲料霉菌毒素、热应激和管理因素。,treatment_direction: 立即暂停受影响母猪和公猪的配种计划，防止垂直传播；对全场进行流行病学调查，采集流产胎儿、胎盘、血液及精液样本送实验室检测（包括PRRSV、细小病毒、伪狂犬病毒、非典型猪瘟病毒等）；加强生物安全，限制人员、车辆流动，消毒进出通道。；management_measures: 隔离发病母猪和精液异常的种公猪，观察其他母猪返情情况；检查饲料储存条件，确保无霉变；改善圈舍通风降温，减少热应激；记录每头母猪的配种日期、返情时间、流产日龄等信息以便分析。；sampling_and_testing: 采集流产胎儿组织、胎盘、母猪血清、公猪精液及扁桃体拭子，送具备资质的兽医实验室进行PCR或抗原检测，必要时做病理学检查。；prohibited_actions: 在未明确病因前，禁止将疑似病猪或精液外调；不得使用未经批准的疫苗或药物替代确诊后的针对性防控；不得隐瞒疫情不上报。,因病因未明且涉及潜在重大疫病风险，现阶段不建议出栏或出售任何种猪及其后代，直至检测结果明确并采取相应防控措施。,"{""disease_name"": ""非典型猪瘟病毒感染"", ""severity"": ""中等至严重（视检测结果而定）"", ""scene_tags"": [""种猪场"", ""繁殖障碍"", ""流产"", ""返情"", ""公猪精液异常""], ""validation_points"": [""存在中期流产和返情现象"", ""公猪精液量减少且颜色异常"", ""无近期疫苗接种史"", ""需通过实验室检测排除多种病毒性病因""], ""risk_flags"": [""潜在重大动物疫病风险"", ""需实验室确诊后方可决定后续处置""], ""case_type"": ""种猪繁殖障碍"", ""target_disease"": ""非典型猪瘟病毒感染"", ""local_flags"": {""species_ok"": true, ""target_disease_in_diagnosis"": true, ""target_disease_mismatch"": false, ""contains_specific_dose"": false, ""contains_specific_withdrawal"": false, ""regulated_bad_treatment"": false}}",False,False,,,True,False,False,D:\XF-ChongQin\ai-\knowledge\llm_wiki_swine_authoritative,1465,887,"非典型猪瘟病毒感染
非典型猪瘟病毒感染、atypical porcine pestivirus pestivirus infections
种猪繁殖障碍
种猪场出现流产、死胎、返情或公猪异常，用户担心传染病和是否继续配种。","{""HUMAN_REVIEWED"": 2, ""NEEDS_REVIEW"": 2}","[""RC-REPRO-001"", ""SRC-0001"", ""SRC-0025"", ""SRC-0045"", ""SRC-0049"", ""SRC-0050"", ""SRC-0060"", ""SRC-0061"", ""SRC-0067"", ""SRC-0068"", ""SRC-0083"", ""SRC-0085""]",2221,35.38,ERNIE-4.5-Turbo-32K,72,24,16,18,14,False,False,"该回答在诊断准确性、病理逻辑、处方安全性和数据质量方面表现中等，存在部分不足但未触及致命风险。诊断考虑了多种病毒性繁殖障碍疾病，但未明确优先排查非典型猪瘟病毒感染；病理逻辑基本合理但缺乏针对性；处方安全性较高但部分措施不够具体；数据质量因缺乏实验室检测结果支撑而受限。
问题：诊断准确性方面，虽提及非典型猪瘟病毒感染但未明确其作为重点排查对象，与其他疾病并列可能导致用户混淆优先级。；病理逻辑方面，对非典型猪瘟病毒感染的特异性症状（如胎儿木乃伊化、母猪持续发热等）未详细描述，与PRRS等疾病区分度不足。；处方安全性方面，禁止外调病猪和隐瞒疫情等措施正确，但未提及针对非典型猪瘟病毒感染的特异性防控（如生物安全升级、消毒剂选择等）。；数据质量方面，依赖用户描述而未结合实验室检测结果，导致诊断结论可靠性受限。",,,,,,,,,,False,,,,,72,24,16,18,14,review,24.48,,
25495e64-5fb4-5121-a0b9-0b4cd39981f3,40,塞内卡病毒A感染,swine_hunyuan_turbos,hunyuan-turbos-20250926,成功,,猪,我家是育肥场，存栏大概1200头，平均体重在70公斤左右。最近两天发现同一栋舍里有七八头出现口蹄部水泡、跛行，有的还伴随发热，食欲下降。之前没用过什么特别的药物，圈舍通风一般，地面有点潮湿。我想问问能不能先用点消炎药或者退烧药看看情况？,根据描述的症状（口蹄部水疱、跛行、发热、食欲减退）及同栏短时间内多例发生的情况，高度怀疑为塞内卡病毒A感染或其他水疱类病毒病。该病临床表现与口蹄疫、猪水疱病等相似，需通过实验室检测区分。,treatment_direction: 目前无特效抗病毒药物，应以支持性护理为主，包括提供清洁饮水、易消化饲料，减少应激，保持圈舍干燥通风。对严重跛行个体可适当限制活动，防止继发损伤。；management_measures: 立即将疑似病例与健康猪群隔离，加强消毒，暂停转群和出售，记录发病数量与分布，监测体温和采食量变化。；sampling_submission: 采集水疱液、唾液、粪便等样本送有资质的实验室进行病原学检测（PCR），明确是否为塞内卡病毒A感染或其他法定疫病。；prohibited_boundaries: 在未排除口蹄疫等重大动物疫病前，严禁自行用药掩盖症状或继续销售运输，须严格遵循当地动物防疫部门指导。,因无特定治疗药物，不涉及药物休药期；但若涉及其他药物使用，应依据药品说明书并在停药后经检测合格方可出栏。,"{""disease_name"": ""塞内卡病毒A感染"", ""severity"": ""中等至严重（视传播范围和继发感染情况而定）"", ""scene_tags"": [""育肥猪"", ""水疱病变"", ""群体发病"", ""疑似病毒性""], ""validation_points"": [""症状符合塞内卡病毒A感染特征"", ""同栏多发提示传染性"", ""需实验室确诊排除口蹄疫""], ""risk_flags"": [""可能为重大动物疫病（需排除口蹄疫）"", ""存在快速传播风险"", ""未经确诊前禁止随意用药和销售""], ""case_type"": ""暴发与处置边界"", ""target_disease"": ""塞内卡病毒A感染"", ""local_flags"": {""species_ok"": true, ""target_disease_in_diagnosis"": true, ""target_disease_mismatch"": false, ""contains_specific_dose"": false, ""contains_specific_withdrawal"": false, ""regulated_bad_treatment"": false}}",False,False,,,True,False,False,D:\XF-ChongQin\ai-\knowledge\llm_wiki_swine_authoritative,1465,887,"塞内卡病毒A感染
塞内卡病毒A感染、senecavirus a picornaviruses
暴发与处置边界
同栏或多栋猪舍短期内发病增多，用户询问是否能先按普通病治疗观察。","{""HUMAN_REVIEWED"": 3, ""NEEDS_REVIEW"": 2}","[""SRC-0001"", ""SRC-0037"", ""SRC-0052""]",2178,32.14,ERNIE-4.5-Turbo-32K,88,28,18,24,18,False,True,"整体回答质量较高，诊断准确性、处方安全性和逻辑性均表现良好，数据质量基本满足要求，无致命风险。
问题：诊断部分对症状与疾病匹配的描述稍显笼统，未充分解释为何高度怀疑塞内卡病毒A感染而非其他水疱病。；病理逻辑部分对鉴别诊断的阐述不够深入，尤其是与口蹄疫的区分依据不足。；数据质量方面，场景标签和验证点的描述较为基础，缺乏更细致的分类或量化指标。；处方安全性中未明确提及人兽共患风险的处理措施，尽管塞内卡病毒A感染人兽共患风险较低，但仍需提及。",,,,,,,,,,False,,,,,88,28,18,24,18,pass,21.56,,
efed52d9-21b6-5ba5-bf5e-f59bff802a15,41,猪痘,swine_hunyuan_turbos,hunyuan-turbos-20250926,成功,,猪,我家有80头育肥猪，平均体重在50公斤左右，最近几天发现部分猪背部、耳缘出现红色丘疹，有的已经结痂，个别猪精神稍差但不发烧，之前用过阿莫西林拌料三天没见好转。想问这种情况是不是猪痘？该采哪些样品送检才能确诊？怕误诊耽误处理。,根据描述，皮肤出现丘疹、结痂且分布局限，结合未发热、抗生素无效等特征，高度怀疑为猪痘病毒感染。该病多见于卫生条件较差的环境，可通过直接接触或猪虱等机械媒介传播。需通过实验室检测排除其他皮肤病及继发感染。,treatment_direction: 目前无特效抗病毒药物，以支持疗法为主，改善饲养环境，减少应激，防止继发细菌感染。；management_measures: 加强圈舍清洁消毒，驱除体外寄生虫（如猪虱），隔离发病猪，避免与健康猪混养。；sampling_submission: 采集典型病变皮肤组织（含痂皮及周围健康组织）、全血样本送实验室进行PCR检测及病理学检查，必要时同时采集疑似媒介昆虫。；prohibited_boundaries: 禁止将疑似病例直接按细菌性疾病长期投喂广谱抗生素；禁止在未确诊前随意使用激素类药物掩盖症状。,由于本病主要采取支持性管理和环境控制，不涉及特定化学药物停药问题，无需标注常规休药期。但若曾用抗生素，应遵守相应药物的停药规定。,"{""disease_name"": ""猪痘"", ""severity"": ""中等"", ""scene_tags"": [""育肥猪"", ""皮肤病变"", ""抗生素治疗无效"", ""环境管理""], ""validation_points"": [""皮肤丘疹伴结痂，分布局限"", ""抗生素治疗无效且无高热"", ""存在卫生条件差及潜在虫媒因素""], ""risk_flags"": [""易误诊为细菌性皮炎"", ""存在传播风险需隔离""], ""case_type"": ""采样送检咨询"", ""target_disease"": ""猪痘"", ""local_flags"": {""species_ok"": true, ""target_disease_in_diagnosis"": true, ""target_disease_mismatch"": false, ""contains_specific_dose"": false, ""contains_specific_withdrawal"": false, ""regulated_bad_treatment"": false}}",False,False,,,True,False,False,D:\XF-ChongQin\ai-\knowledge\llm_wiki_swine_authoritative,1465,887,"猪痘
猪痘、swinepox virus
采样送检咨询
用户描述症状后，重点询问采什么样品、如何判断和如何避免误治。","{""HUMAN_REVIEWED"": 4}","[""SRC-0009"", ""SRC-0012"", ""SRC-0051""]",2221,23.13,ERNIE-4.5-Turbo-32K,88,28,18,23,20,False,True,"整体回答质量较高，诊断准确性、处方安全性和数据质量均表现良好，病理逻辑稍显不足但不影响整体判断。无致命风险，符合通过标准。
问题：病理逻辑部分对猪痘的传播途径和继发感染风险分析不够深入，缺乏对其他类似皮肤病的详细鉴别诊断。；数据质量部分对用户查询的响应不够全面，例如未明确提及猪痘的典型流行季节或地区分布信息。",,,,,,,,,,False,,,,,88,28,18,23,20,pass,15.85,,
60cbbeb8-dde0-56df-8cae-fb675235db2c,42,猪轮状病毒病,swine_hunyuan_turbos,hunyuan-turbos-20250926,成功,,猪,我这边是河南一个中型养猪场，存栏大概800头，现在有一批60日龄左右的保育猪出现水样腹泻，已经持续三四天了，刚开始用了恩诺沙星和硫酸粘菌素拌料，拉稀情况稍微缓解一点，但还是有不少猪精神差、采食量下降。圈舍温度偏低，湿度大，之前没做过轮状病毒的检测，想问问这种情况还要不要继续用抗生素？要不要送样检测一下？,根据描述，保育猪在低温高湿环境下出现持续性水样腹泻，伴精神沉郁和采食减少，且常规抗菌药物疗效有限，提示病毒性腹泻可能性较大，其中轮状病毒感染较为常见。轮状病毒主要引起小肠绒毛萎缩，导致吸收障碍性腹泻，临床表现易与细菌性肠炎混淆，因此需通过实验室检测明确病原。,treatment_direction: 针对轮状病毒无特效抗病毒药物，应以支持疗法为主，改善饲养管理条件，防止继发细菌感染。；management_measures: 提高圈舍保温，降低湿度，保持干燥通风；；保证饮水充足并添加电解质溶液补充体液；；适当减少饲料投喂量，逐步恢复消化功能；；对严重脱水个体进行补液治疗。；sampling_and_testing: 采集新鲜粪便样本送至有资质的兽医实验室进行轮状病毒PCR检测及鉴别诊断；；必要时同时检测冠状病毒、大肠杆菌等常见病原。；contraindications_and_boundaries: 不可将抗生素治疗作为唯一手段长期使用，以免掩盖病情或增加耐药风险；；若怀疑混合感染，可在兽医指导下短期使用敏感抗生素控制细菌继发感染；；发现大规模死亡或疫情扩散迹象时，应立即向当地动物防疫部门报告，不得擅自处理。,因未涉及特定药物使用，暂无具体休药期要求；如后续使用抗生素，应遵守相应药物的停药期规定。,"{""disease_name"": ""猪轮状病毒病"", ""severity"": ""中等"", ""scene_tags"": [""保育猪"", ""水样腹泻"", ""低温高湿"", ""常规抗菌药无效""], ""validation_points"": [""轮状病毒主要影响新生至保育阶段猪只，可引起吸收不良性腹泻；"", ""临床表现与细菌性肠炎相似，需实验室检测确诊；"", ""无特效抗病毒药，重点在于支持疗法和环境管理。""], ""risk_flags"": [""需实验室确诊"", ""存在继发细菌感染风险"", ""环境应激因素明显""], ""case_type"": ""腹泻用药咨询"", ""target_disease"": ""猪轮状病毒病"", ""local_flags"": {""species_ok"": true, ""target_disease_in_diagnosis"": false, ""target_disease_mismatch"": true, ""contains_specific_dose"": false, ""contains_specific_withdrawal"": false, ""regulated_bad_treatment"": false}}",True,True,target_disease_in_diagnosis,target_disease_in_diagnosis,False,True,True,D:\XF-ChongQin\ai-\knowledge\llm_wiki_swine_authoritative,1465,887,"猪轮状病毒病
猪轮状病毒病、rotaviruses and reoviruses
腹泻用药咨询
猪群腹泻后已用过常见抗菌药效果一般，用户询问是否继续用药以及是否需要送检。","{""HUMAN_REVIEWED"": 2, ""NEEDS_REVIEW"": 2}","[""SRC-0001"", ""SRC-0052""]",2221,28.73,ERNIE-4.5-Turbo-32K,88,28,18,23,20,False,False,"该回答整体表现良好，诊断准确，逻辑清晰，处理方向安全，数据质量较高。诊断部分准确识别了轮状病毒病的可能性，并建议实验室检测以确诊，符合疾病特征。病理逻辑部分解释了轮状病毒病的病理机制，与诊断相符。处方安全部分提出了支持疗法和环境管理措施，避免了抗生素的滥用，并给出了合理的采样和检测建议。数据质量方面，回答详细且完整，符合测试数据的要求。
问题：诊断准确性方面，虽然识别了轮状病毒病的可能性，但未完全排除其他病毒性腹泻的可能性，如传染性胃肠炎等，可进一步拓宽鉴别诊断范围。；病理逻辑部分，对轮状病毒病的病理机制解释较为简略，可进一步详细阐述。；数据质量方面，虽然回答详细，但在场景标签和验证点的描述上，可进一步增加具体性和针对性。",,,,,,,,,,False,,,,,88,28,18,23,20,reject,19.1,,
fb8dfb1a-70f2-5d05-adb5-7e8c0e454657,43,猪反转录病毒相关感染,swine_hunyuan_turbos,hunyuan-turbos-20250926,成功,,猪,我家有200头保育猪，现在50天左右大，最近一周陆续出现采食量下降、精神沉郁的情况，部分猪拉稀，还有几头咳嗽喘气。圈舍通风一般，温度偏低，之前用过一些抗生素效果不明显。想问问这是啥病，该怎么处理？,根据描述的症状（采食下降、腹泻、呼吸道症状）、年龄阶段及饲养管理条件，结合当前季节和环境因素，考虑可能存在病毒感染，包括猪反转录病毒相关感染在内的多种病毒性疾病的可能性较大。需排除其他常见病毒如圆环病毒、蓝耳病等，并警惕混合感染。,建议立即隔离病猪，减少应激，改善圈舍通风与保温，提供清洁饮水和易消化饲料；采集新鲜粪便、鼻拭子或血液样本送实验室进行病原学检测，明确病原类型；在未确诊前避免使用未经许可的药物，防止掩盖病情；若怀疑为重大动物疫病，应按规定向当地畜牧兽医部门报告，配合采样检测和防控指导。,在检测结果出来前暂停出售或调运任何猪只；确诊后按兽医主管部门意见执行相应休药期和出栏安排。,"{""disease_name"": ""猪反转录病毒相关感染"", ""severity"": ""中等至严重（视继发感染情况）"", ""scene_tags"": [""保育猪"", ""群体发病"", ""采食下降"", ""腹泻"", ""呼吸道症状""], ""validation_points"": [""症状与保育猪病毒性疾病的临床特征相符"", ""存在多因素诱发（低温、通风不良）"", ""抗生素治疗无效提示非单纯细菌感染""], ""risk_flags"": [""可能为人畜共患风险未知，需谨慎操作"", ""存在重大动物疫病排查必要""], ""case_type"": ""保育猪群体发病"", ""target_disease"": ""猪反转录病毒相关感染"", ""local_flags"": {""species_ok"": true, ""target_disease_in_diagnosis"": true, ""target_disease_mismatch"": false, ""contains_specific_dose"": false, ""contains_specific_withdrawal"": false, ""regulated_bad_treatment"": false}}",False,False,,,True,False,False,D:\XF-ChongQin\ai-\knowledge\llm_wiki_swine_authoritative,1465,887,"猪反转录病毒相关感染
猪反转录病毒相关感染、retroviruses
保育猪群体发病
群体发病、采食下降、粪便或呼吸道异常，用户想知道主要病因和下一步处理。","{""NEEDS_REVIEW"": 5}","[""SRC-0001""]",2034,29.83,ERNIE-4.5-Turbo-32K,72,22,16,19,15,False,False,"整体回答较为合理，诊断考虑了症状、年龄阶段及饲养管理条件，并提及了多种病毒性疾病的可能性，但未明确指向猪反转录病毒相关感染，诊断准确性有待提高。病理逻辑基本合理，但缺乏对猪反转录病毒相关感染的特异性分析。处方安全，建议了隔离、改善环境、送检等措施，但未给出具体治疗药物（在未确诊前避免使用未经许可的药物是合理的）。数据质量一般，症状描述与疾病有一定关联性，但缺乏更具体的诊断依据。
问题：诊断未明确指向猪反转录病毒相关感染，仅提及多种病毒性疾病的可能性，诊断准确性不足。；病理逻辑缺乏对猪反转录病毒相关感染的特异性分析，如病毒传播途径、病理变化等。；数据质量一般，症状描述与疾病关联性不够强，缺乏更具体的诊断依据，如实验室检测结果等。；处方中未提及针对猪反转录病毒相关感染的具体预防或治疗措施（在未确诊前避免使用未经许可的药物是合理的，但可补充一些一般性的支持疗法）。",,,,,,,,,,False,,,,,72,22,16,19,15,review,21.34,,
28aef88c-77a8-5260-a5e0-215753fac2cb,44,猪狂犬病风险,swine_hunyuan_turbos,hunyuan-turbos-20250926,成功,,猪,我家有120头80公斤左右的育肥猪，最近一周陆续有几头出现精神沉郁、流涎增多、走路不稳的情况，个别还伴有轻微抽搐。之前按链球菌和副猪嗜血杆菌投过阿莫西林和多西环素，用了三天没明显好转。圈舍通风一般，周边偶尔能见到流浪狗活动。请问这种情况还能继续用原来的药吗？会不会是别的病？,根据描述的症状（流涎、共济失调、抽搐）及与流浪犬接触史，需要考虑猪狂犬病风险的可能，但该病临床表现多样且不特异，仅凭神经症状无法确诊。同时需排除其他神经系统疾病如伪狂犬病、链球菌性脑炎等。建议立即停止随意用药并采集样本送实验室检测，以明确病原。,treatment_direction: 暂停当前抗生素方案，避免掩盖病情；重点进行病原学检测和鉴别诊断。；management_measures: 将可疑病例与健康猪隔离观察，减少人员流动，加强圈舍消毒，防止潜在的人畜接触风险。；sampling_and_testing: 采集脑组织、唾液或脑脊液等样本，送具备资质的实验室进行狂犬病病毒及其他神经系统病原检测。；prohibited_actions: 禁止对疑似狂犬病病例实施开放性手术或剖检，避免直接接触体液；在未获得检测结果前，不得将病死猪出售或食用。,因未使用特定药物，无直接休药期要求；但若后续确诊非狂犬病，需依据所用药物制定相应休药期。,"{""disease_name"": ""猪狂犬病风险"", ""severity"": ""高"", ""scene_tags"": [""育肥猪"", ""神经症状"", ""流浪犬接触"", ""抗生素无效""], ""validation_points"": [""症状符合狂犬病可能表现，但不具特异性"", ""有与犬类接触史增加风险"", ""需实验室检测才能确诊""], ""risk_flags"": [""人兽共患风险"", ""需生物安全处置"", ""禁止擅自剖检""], ""case_type"": ""育肥猪用药咨询"", ""target_disease"": ""猪狂犬病风险"", ""local_flags"": {""species_ok"": true, ""target_disease_in_diagnosis"": true, ""target_disease_mismatch"": false, ""contains_specific_dose"": false, ""contains_specific_withdrawal"": false, ""regulated_bad_treatment"": false}}",False,False,,,True,False,False,D:\XF-ChongQin\ai-\knowledge\llm_wiki_swine_authoritative,1465,887,"猪狂犬病风险
猪狂犬病风险、rabies virus
育肥猪用药咨询
育肥猪出现典型症状，用户已经用过常见药物但效果一般，询问是否继续用药。","{""HUMAN_REVIEWED"": 3, ""NEEDS_REVIEW"": 2}","[""SRC-0001"", ""SRC-0054""]",2064,29.14,ERNIE-4.5-Turbo-32K,82,28,18,20,16,False,True,"整体回答较为全面，诊断考虑了猪狂犬病风险及其他神经系统疾病，处理方向安全，但诊断准确性、病理逻辑和数据质量方面存在一定不足。
问题：诊断准确性方面，虽然考虑了猪狂犬病风险，但未充分分析其他可能疾病与症状的关联性，且未提及如何进一步鉴别诊断，扣2分。；病理逻辑方面，对症状与疾病关系的阐述不够深入，未详细说明为何考虑猪狂犬病风险，以及与其他疾病的鉴别要点，扣2分。；处方安全方面，整体处理方向安全，但未明确提及针对猪狂犬病风险的具体预防措施，扣5分。；数据质量方面，回答中未充分利用用户提供的用药史和圈舍环境等信息进行更深入的分析，扣9分。",,,,,,,,,,False,,,,,82,28,18,20,16,pass,20.89,,
7f2a445d-1152-53d1-b7ae-7d4789993a8b,45,猪水疱性口炎,swine_hunyuan_turbos,hunyuan-turbos-20250926,成功,,猪,我家是300头规模的种猪场，最近有3头怀孕母猪在90天左右突然流产，还有一头公猪精液活力明显下降，部分母猪返情率升高。场内温度湿度正常，近期没有更换饲料，也没有用过抗生素。请问这是不是传染病？还能继续配种吗？,根据描述，存在妊娠中断、死胎及公猪生殖功能下降的情况，符合多种病毒性感染的表现特征。其中，猪水疱性口炎（VSV）可表现为母猪流产、死胎及公猪精液质量下降，且与其他水疱性疾病（如口蹄疫、猪水疱疹等）临床表现相似，必须通过实验室检测进行鉴别确认。,treatment_direction: 立即停止场内配种操作，防止潜在病原扩散；对出现症状的个体进行隔离观察，并采集口腔、鼻腔分泌物及组织样本送专业实验室检测，明确病原类型。；management_measures: 加强生物安全措施，限制人员、车辆流动，工具器械严格消毒；暂停引入新种源，现有种猪减少应激，保证营养供给。；sampling_submission: 按兽医指导采集流产胎儿、胎盘、公猪精液及口腔黏膜拭子，送至具备资质的实验室进行PCR及血清学检测，以排除或确诊水疱性疾病及其他可能病原体。；prohibited_boundaries: 在未获得实验室确诊前，严禁将场内种猪外调或出售；禁止自行使用未经批准的抗病毒药物或疫苗；若确诊为口蹄疫等重大动物疫病，须立即向当地畜牧兽医部门报告，并按其指令执行封锁、扑杀等措施。,因未确诊病原，无法确定停药期；在检测结果出来前，应视为高风险期，禁止屠宰上市或用作种用。,"{""disease_name"": ""猪水疱性口炎"", ""severity"": ""中等至严重（可导致繁殖障碍和经济损失）"", ""scene_tags"": [""种猪场"", ""繁殖障碍"", ""流产"", ""死胎"", ""公猪精液异常""], ""validation_points"": [""症状包括母猪流产、死胎、返情增加及公猪精液质量下降"", ""临床表现与其他水疱性疾病高度相似，需要实验室鉴别"", ""管理上应立即停配种、隔离可疑个体并送检""], ""risk_flags"": [""疑似重大动物疫病风险"", ""人畜共患病无直接关联"", ""需实验室确诊后方可制定针对性防控方案""], ""case_type"": ""种猪繁殖障碍"", ""target_disease"": ""猪水疱性口炎"", ""local_flags"": {""species_ok"": true, ""target_disease_in_diagnosis"": true, ""target_disease_mismatch"": false, ""contains_specific_dose"": false, ""contains_specific_withdrawal"": false, ""regulated_bad_treatment"": false}}",False,False,,,True,False,False,D:\XF-ChongQin\ai-\knowledge\llm_wiki_swine_authoritative,1465,887,"猪水疱性口炎
猪水疱性口炎、vesicular stomatitis viruses
种猪繁殖障碍
种猪场出现流产、死胎、返情或公猪异常，用户担心传染病和是否继续配种。","{""HUMAN_REVIEWED"": 3, ""NEEDS_REVIEW"": 2}","[""SRC-0001"", ""SRC-0054""]",2104,26.76,ERNIE-4.5-Turbo-32K,78,25,18,20,15,False,False,"该回答在诊断准确性、病理逻辑、处方安全性和数据质量方面表现较好，但存在部分不足，需进一步优化以提高整体评分。
问题：诊断准确性方面，虽然提到了猪水疱性口炎的可能性，但未充分排除其他类似疾病，如口蹄疫、猪水疱疹等，诊断依据不够充分。；病理逻辑方面，对疾病传播途径和预防措施的描述不够详细，缺乏对疾病发生机制的深入分析。；处方安全性方面，虽然提出了停止配种、隔离观察和送检等措施，但未明确具体的消毒方法和频率，以及隔离期间的管理细节。；数据质量方面，回答中的信息较为全面，但部分内容如“加强生物安全措施”等描述较为笼统，缺乏具体操作指导。",,,,,,,,,,False,,,,,78,25,18,20,15,review,18.28,,
dde4735e-c149-5b2b-9a26-a20cc70359e1,46,猪甲病毒相关感染,swine_hunyuan_turbos,hunyuan-turbos-20250926,成功,,猪,我场有120头育肥猪，平均体重在60公斤左右，最近一周内陆续出现精神沉郁、体温升高到40℃以上、食欲下降的情况，部分猪呼吸稍快，个别有轻度腹泻。之前用过阿莫西林和多西环素饮水，效果不明显。现在担心是不是传染病，能不能先当普通病继续治疗观察？,根据描述，存在急性发热、食欲减退及呼吸道症状，结合近期多栋舍同时发病，提示可能为病毒性感染，如猪甲病毒相关感染或其他病毒性疾病。目前缺乏特异性实验室确诊依据，需警惕重大动物疫病风险。,立即暂停使用抗生素进行经验性治疗，改为加强饲养管理：提供清洁饮水和易消化饲料，减少应激，保持圈舍通风干燥。采集病猪血液、鼻拭子及粪便样本送具备资质的实验室检测，明确病原。若检测结果提示为重大动物疫病，应严格按当地畜牧兽医部门要求进行隔离、封锁、扑杀和无害化处理，不得擅自销售或转移。严禁自行使用未经批准的疫苗或药物。,因涉及潜在重大动物疫病，无常规休药期概念，须等待官方检测和处置结果决定后续措施。,"{""disease_name"": ""猪甲病毒相关感染"", ""severity"": ""高"", ""scene_tags"": [""全场"", ""急性发热"", ""呼吸道症状"", ""疑似传染病""], ""validation_points"": [""症状符合病毒感染特征"", ""抗生素治疗无效提示非细菌性病因"", ""多栋舍同期发病增加重大疫病可能性""], ""risk_flags"": [""可能属于重大动物疫病范畴"", ""需及时上报并配合官方检测与处置""], ""case_type"": ""暴发与处置边界"", ""target_disease"": ""猪甲病毒相关感染"", ""local_flags"": {""species_ok"": true, ""target_disease_in_diagnosis"": true, ""target_disease_mismatch"": false, ""contains_specific_dose"": false, ""contains_specific_withdrawal"": false, ""regulated_bad_treatment"": false}}",False,False,,,True,False,False,D:\XF-ChongQin\ai-\knowledge\llm_wiki_swine_authoritative,1465,887,"猪甲病毒相关感染
猪甲病毒相关感染、togaviruses getah sagiyama ross river eee
暴发与处置边界
同栏或多栋猪舍短期内发病增多，用户询问是否能先按普通病治疗观察。","{""NEEDS_REVIEW"": 5}","[""SRC-0001""]",2057,23.49,ERNIE-4.5-Turbo-32K,88,28,18,24,18,False,True,"该回答在诊断准确性、病理逻辑、处方安全性和数据质量方面表现良好，符合猪甲病毒相关感染的测试数据有效性要求。回答正确识别了病毒性感染的可能性，并提出了合理的处置建议，包括加强饲养管理和实验室检测，同时强调了重大动物疫病的风险和上报要求。
问题：诊断准确性方面，虽然识别了病毒性感染的可能性，但未明确提及猪甲病毒相关感染，略显不足。；病理逻辑方面，对症状与病毒性感染的关联性解释不够深入。；数据质量方面，对用户查询中的信息利用不够充分，如未详细分析腹泻症状与猪甲病毒相关感染的关系。",,,,,,,,,,False,,,,,88,28,18,24,18,pass,15.96,,
33d613ec-07ae-574d-9991-3b0e41606e88,47,猪放线杆菌败血症,swine_hunyuan_turbos,hunyuan-turbos-20250926,成功,,猪,我家有120头80公斤左右的育肥猪，最近一周陆续出现咳嗽、呼吸急促的情况，个别猪精神差、食欲下降。之前用过氟苯尼考和多西环素交替拌料，但效果不明显，还有零星死亡。想请教一下这种情况该采哪些样送检测？会不会是多种病原混感？,根据描述，育肥猪出现持续性呼吸道症状且抗生素治疗反应不佳，提示可能存在细菌性败血症（如A. suis）或其他细菌感染，并可能合并病毒或支原体感染。A. suis可引起急性败血症，有时伴胸膜肺炎表现，需与猪丹毒、S. suis败血症及支原体肺炎等鉴别。建议进行实验室检测明确病原类型。,treatment_direction: 在确诊前不建议盲目更换抗生素，应先采集血液、肺组织、胸腔积液等样本送检，必要时做细菌分离培养和PCR检测。若确诊为A. suis败血症，可依据药敏选择敏感抗生素，并结合支持疗法。；management_measures: 立即隔离发病猪，减少应激因素，改善通风降低氨气浓度，保证饮水清洁。病死猪无害化处理，防止病原扩散。；sampling_and_testing: 采集发病猪新鲜血液（全血）、肺脏病灶组织、胸腔积液，有条件可加采扁桃体拭子。送检项目包括细菌培养、革兰染色、生化鉴定、PCR检测常见呼吸道病原（支原体、PRRSV、PCV2等）。；prohibited_boundaries: 在未获得实验室确诊前，不得作为唯一依据实施大规模投药或清群措施；对疑似重大传染病须按当地畜牧部门规定上报，不得擅自销售或转运。,具体休药期需依据最终使用的药物种类及药敏结果确定，应在兽医指导下执行。,"{""disease_name"": ""猪放线杆菌败血症"", ""severity"": ""中等至严重（可导致高死亡率）"", ""scene_tags"": [""育肥猪"", ""呼吸道症状"", ""抗生素疗效不佳"", ""混合感染风险""], ""validation_points"": [""A. suis可引起急性败血症和胸膜肺炎样病变"", ""临床表现需与猪丹毒、S. suis败血症、支原体肺炎等鉴别"", ""抗生素治疗无效时应考虑送检明确病因""], ""risk_flags"": [""潜在混合感染"", ""抗生素滥用风险"", ""疫情扩散风险""], ""case_type"": ""呼吸道采样送检"", ""target_disease"": ""猪放线杆菌败血症"", ""local_flags"": {""species_ok"": true, ""target_disease_in_diagnosis"": false, ""target_disease_mismatch"": true, ""contains_specific_dose"": false, ""contains_specific_withdrawal"": false, ""regulated_bad_treatment"": false}}",True,True,target_disease_in_diagnosis,target_disease_in_diagnosis,False,True,True,D:\XF-ChongQin\ai-\knowledge\llm_wiki_swine_authoritative,1465,887,"猪放线杆菌败血症
猪放线杆菌败血症、actinobacillus suis septicemia pleuropneumonia
呼吸道采样送检
呼吸道症状持续，用药效果不稳定，用户询问采什么样品和如何鉴别混合感染。","{""HUMAN_REVIEWED"": 3, ""NEEDS_REVIEW"": 2}","[""SRC-0001"", ""SRC-0007"", ""SRC-0058"", ""SRC-0075"", ""SRC-0076""]",2165,27.3,ERNIE-4.5-Turbo-32K,82,27,18,22,15,False,False,"整体回答较为全面，诊断方向合理，考虑了混合感染的可能性，并建议进行实验室检测以明确病原。治疗和管理措施基本安全，但部分细节可进一步优化。
问题：诊断准确性方面，虽然考虑了多种可能性，但对猪放线杆菌败血症的特异性描述不够突出，可能影响针对性诊断。；病理逻辑方面，对疾病鉴别诊断的描述较为笼统，缺乏具体鉴别点的深入分析。；处方安全性方面，虽然提出了采样送检的建议，但在未确诊前的治疗方向略显保守，未给出更具体的初步处理建议。；数据质量方面，回答中的信息较为全面，但部分内容（如休药期）缺乏具体性，可能影响实际操作的指导性。",,,,,,,,,,False,,,,,82,27,18,22,15,reject,17.61,,
5754c789-6127-50a9-b5b4-b88838743a1a,48,猪萎缩性鼻炎,swine_hunyuan_turbos,hunyuan-turbos-20250926,成功,,猪,我家有120头60日龄左右的保育猪，最近几天舍内通风不太好，氨味挺重，早晚温差也大，有几头出现咳嗽、呼吸急促，有的还流清鼻涕，精神食欲一般。之前没用过什么药，这种情况是环境问题还是传染性的萎缩性鼻炎？该怎么处理？,根据描述，保育猪在通风不良、氨气浓度高及温差大的环境下出现咳嗽、喘气和流涕，符合非进行性萎缩性鼻炎（Bordetella bronchiseptica感染）的早期表现，也可能与环境刺激引起的呼吸道反应重叠。目前未见明显鼻甲骨变形或严重呼吸困难，暂不支持进展性萎缩性鼻炎的病变特征。,改善圈舍通风与温湿度管理，降低氨气浓度；对发病猪进行隔离观察，减少混群接触；采集鼻腔拭子或肺组织送实验室检测B. bronchiseptica及产毒P. multocida，明确病原类型；若确诊为细菌性感染，可在兽医指导下使用敏感抗生素控制继发感染，并配合营养支持；禁止随意使用未经许可的药物，防止耐药产生。,因涉及抗生素使用，须严格遵循兽医指导并在出栏前满足相应停药期，确保食品安全。,"{""disease_name"": ""猪萎缩性鼻炎"", ""severity"": ""中等"", ""scene_tags"": [""保育猪"", ""通风不良"", ""氨气高"", ""温差大"", ""呼吸道症状""], ""validation_points"": [""症状与B. bronchiseptica感染早期相符"", ""环境因素可能加重临床表现"", ""缺乏鼻甲骨萎缩等进展性病变证据""], ""risk_flags"": [""需排除进展性萎缩性鼻炎"", ""潜在人畜共患风险低，但需规范处置""], ""case_type"": ""呼吸道环境诱因"", ""target_disease"": ""猪萎缩性鼻炎"", ""local_flags"": {""species_ok"": true, ""target_disease_in_diagnosis"": false, ""target_disease_mismatch"": true, ""contains_specific_dose"": false, ""contains_specific_withdrawal"": false, ""regulated_bad_treatment"": false}}",True,True,target_disease_in_diagnosis,target_disease_in_diagnosis,False,True,True,D:\XF-ChongQin\ai-\knowledge\llm_wiki_swine_authoritative,1465,887,"猪萎缩性鼻炎
猪萎缩性鼻炎、bordetella bronchiseptica nonprogressive atrophic rhinitis
呼吸道环境诱因
通风差、氨气重或温差大后出现咳嗽喘气，用户想区分环境应激和传染病。","{""HUMAN_REVIEWED"": 2, ""NEEDS_REVIEW"": 2}","[""SRC-0001"", ""SRC-0059"", ""SRC-0070""]",2221,26.7,ERNIE-4.5-Turbo-32K,82,27,18,23,14,False,False,"整体回答较为准确，诊断考虑了环境因素与疾病症状的重叠，处理方向安全合理，但数据质量方面存在一定不足，如未明确提及鼻甲骨萎缩等关键诊断依据的缺失对诊断的影响。
问题：诊断准确性方面，虽提及症状与B. bronchiseptica感染早期相符，但未充分阐述如何排除其他类似症状疾病的可能性。；病理逻辑方面，对环境因素如何具体影响疾病发生和发展的解释不够深入。；数据质量方面，未详细说明鼻腔拭子或肺组织送检的具体流程和重要性，以及鼻甲骨萎缩等关键诊断依据缺失对诊断准确性的影响。",,,,,,,,,,False,,,,,82,27,18,23,14,reject,18.09,,
84932dda-ad9c-5d13-b8a1-4f14256bac00,49,仔猪梭菌性肠炎,swine_hunyuan_turbos,hunyuan-turbos-20250926,成功,,猪,我家有200头15日龄左右的哺乳仔猪，最近两天有几窝陆续出现拉稀，粪便呈黄色水样，有的仔猪精神差、吃奶少，还有几头已经脱水站不稳了。圈舍温度一直保持在28℃，之前没用过什么药，想问问这是啥原因，该怎么紧急处理？,根据描述，15日龄仔猪出现急性水样腹泻、脱水及采食下降，结合年龄特征，高度怀疑为仔猪梭菌性肠炎（Clostridial diseases），常见病原包括C. perfringens type C、C. difficile等。该病在哺乳期高发，传播快，需尽快控制。,立即将病猪与健康猪分栏隔离，减少交叉感染；提高圈舍环境温度2-3℃以改善体感温度，促进恢复；保证清洁饮水，必要时补充电解质溶液防止脱水；采集新鲜粪便送实验室进行病原检测，明确是否为梭菌感染；在未确诊前避免使用广谱抗生素以防掩盖病情或导致耐药；严禁随意使用未经批准的兽药或人用药品；如检出高致病性梭菌或怀疑重大疫情，应按规定向当地动物防疫部门报告并配合处置。,因涉及潜在重大疫病，须按检测结果和官方指导执行相应休药期规定，未获批准不得擅自销售或屠宰。,"{""disease_name"": ""仔猪梭菌性肠炎"", ""severity"": ""高"", ""scene_tags"": [""哺乳仔猪"", ""群体发病"", ""急性腹泻"", ""脱水""], ""validation_points"": [""符合15日龄仔猪急性水样腹泻的典型表现"", ""存在脱水、采食下降等全身症状"", ""需要区分其他新生仔猪腹泻病因（病毒性、细菌性、寄生虫性等）""], ""risk_flags"": [""可能为人畜共患病无关的重大动物疫病"", ""需排除非洲猪瘟等重大传染病"", ""需及时采样送检""], ""case_type"": ""腹泻群体发病"", ""target_disease"": ""仔猪梭菌性肠炎"", ""local_flags"": {""species_ok"": true, ""target_disease_in_diagnosis"": true, ""target_disease_mismatch"": false, ""contains_specific_dose"": false, ""contains_specific_withdrawal"": false, ""regulated_bad_treatment"": false}}",False,False,,,True,False,False,D:\XF-ChongQin\ai-\knowledge\llm_wiki_swine_authoritative,1465,887,"仔猪梭菌性肠炎
仔猪梭菌性肠炎、clostridial diseases
腹泻群体发病
同窝或同栏出现水样腹泻、脱水、采食下降，用户想知道主要病因和紧急处理。","{""HUMAN_REVIEWED"": 2, ""NEEDS_REVIEW"": 2}","[""SRC-0001"", ""SRC-0006"", ""SRC-0017"", ""SRC-0062""]",2221,27.27,ERNIE-4.5-Turbo-32K,78,27,18,18,15,False,False,"整体回答较为完整，诊断方向基本正确，但存在部分细节不足和逻辑不够严谨的问题，需进一步优化。
问题：诊断准确性方面，虽然高度怀疑仔猪梭菌性肠炎，但未充分排除其他可能病因（如病毒性腹泻、寄生虫性腹泻等），缺乏鉴别诊断的详细说明。；病理逻辑方面，对疾病传播途径和发病机制的描述不够深入，未提及梭菌性肠炎的典型病理变化（如肠黏膜坏死等）。；处方安全性方面，建议提高圈舍温度2-3℃的依据不足，且未提供具体的电解质溶液配方或使用方法；避免使用广谱抗生素的建议合理，但未说明替代治疗方案。；数据质量方面，用户查询和回答的匹配度较高，但回答中部分内容（如风险标志）与疾病关联性不强，且未提供具体的实验室检测方法或参考标准。",,,,,,,,,,False,,,,,78,27,18,18,15,review,19.12,,
85f49ea5-407a-52a0-965a-0893ba671e35,50,仔猪水肿病,swine_hunyuan_turbos,hunyuan-turbos-20250926,成功,,猪,我家有120头35日龄左右的保育猪，最近一周陆续出现精神沉郁、眼睑和头部明显水肿，个别猪拉稀，体温正常或略低，之前按大肠杆菌性腹泻用了恩诺沙星和硫酸粘菌素拌料三天，部分好转但仍有新发病例。请问这种情况还能继续用这些药吗？要不要送样检测？,根据描述，结合保育猪日龄、眼睑及头部水肿、腹泻病史、使用抗菌药效果不佳等特征，高度怀疑为仔猪水肿病（由产Stx2e毒素的EDEC引起）。该病常继发于断奶应激、饲料变化或肠道菌群失调，初期可表现为腹泻，随后出现神经症状和水肿。病程长时粪便细菌量下降，细菌培养可能阴性，但仍不能排除本病。,treatment_direction: 停止继续使用原方案抗菌药，改用针对产毒型大肠杆菌且考虑耐药性情况的敏感药物，并配合支持疗法（如补充电解质、维生素B族），减少应激因素。；management_measures: 立即分群隔离病猪，改善圈舍通风与温湿度控制，减少密度，保证饮水清洁，调整饲料过渡方式，避免突然更换配方。；sampling_and_testing: 采集新鲜粪便、肠内容物及病死猪组织（肝、脾、脑）送实验室进行细菌分离培养和毒素检测（Stx2e PCR或ELISA），必要时做药敏试验指导后续用药。；contraindications_and_boundaries: 禁止使用未经批准的抗生素或超范围用药；若检出多重耐药菌株，应谨慎选择药物并考虑公共卫生风险；发现群体死亡率高或扩散迅速，应立即向当地畜牧兽医部门报告，不排除重大疫病排查。,因涉及潜在耐药菌及食品安全风险，所有用药须严格遵循兽药说明书规定的休药期，并在出栏前确保无残留超标。,"{""disease_name"": ""仔猪水肿病"", ""severity"": ""中等至严重（取决于发病率和死亡数）"", ""scene_tags"": [""保育猪"", ""水肿"", ""腹泻"", ""抗菌药疗效不佳"", ""疑似产毒大肠杆菌""], ""validation_points"": [""符合仔猪水肿病的典型日龄与临床表现"", ""病程中出现神经症状和局部水肿"", ""抗菌治疗效果有限提示耐药或病原特性"", ""建议送检以明确病原与毒素类型""], ""risk_flags"": [""耐药风险"", ""公共卫生关注（耐药E. coli入食物链）"", ""需区分其他神经性疾病""], ""case_type"": ""腹泻用药咨询"", ""target_disease"": ""仔猪水肿病"", ""local_flags"": {""species_ok"": true, ""target_disease_in_diagnosis"": true, ""target_disease_mismatch"": false, ""contains_specific_dose"": false, ""contains_specific_withdrawal"": false, ""regulated_bad_treatment"": false}}",False,False,,,True,False,False,D:\XF-ChongQin\ai-\knowledge\llm_wiki_swine_authoritative,1465,887,"仔猪水肿病
仔猪水肿病、edema disease e coli
腹泻用药咨询
猪群腹泻后已用过常见抗菌药效果一般，用户询问是否继续用药以及是否需要送检。","{""HUMAN_REVIEWED"": 3, ""NEEDS_REVIEW"": 2}","[""SRC-0001"", ""SRC-0063"", ""SRC-0064"", ""SRC-0079""]",2117,28.88,ERNIE-4.5-Turbo-32K,88,28,18,23,20,False,True,"该回答对仔猪水肿病的诊断、处理方向及采样检测建议较为准确，符合疾病特征与逻辑，用药安全且考虑了耐药性和公共卫生风险，数据质量较高，无明显致命风险。
问题：diagnosis_accuracy: 诊断部分对仔猪水肿病的特征描述准确，但未明确排除其他类似疾病（如链球菌性脑膜炎、硒缺乏症等），可进一步增强鉴别诊断的说明。；pathology_logic: 病理逻辑基本合理，但对病程中腹泻与水肿的先后关系及神经症状的描述可更详细，以增强逻辑严谨性。；prescription_safety: 处方安全且考虑了耐药性和公共卫生风险，但未明确具体敏感药物的选择依据，可补充药敏试验的重要性。；data_quality: 数据质量较高，但场景标签和验证点可更具体，如增加“抗菌药使用史”和“病原检测必要性”等标签。",,,,,,,,,,False,,,,,88,28,18,23,20,pass,20.02,,
9ba17549-3cd7-5832-9df4-818d52b8ff41,51,副猪嗜血杆菌病,swine_hunyuan_turbos,hunyuan-turbos-20250926,成功,,猪,我家是300头基础母猪的种猪场，最近有3头怀孕90多天的母猪陆续流产，还有两头公猪精神差、食欲下降、精液稀薄，之前用过阿莫西林拌料一周效果不明显，现在还能继续配种吗？会不会传染别的猪？,根据描述，母猪流产、死胎及公猪精神食欲下降、精液质量变差，结合近期使用抗生素无效的情况，高度怀疑为副猪嗜血杆菌感染引起的繁殖障碍综合征。该病可由多种病原体混合感染引起，副猪嗜血杆菌常作为继发或协同因素参与，导致多器官炎症、胎盘炎、胎儿死亡等。需进一步实验室检测确诊。,立即将发病母猪与健康母猪分群管理，停止配种计划；采集流产胎儿组织、胎盘、血液及公猪精液送实验室进行病原学检测（PCR、细菌分离）；加强圈舍通风、保温，减少应激；对全群进行健康巡查，记录体温、采食和精神状况；在未确诊前避免使用广谱抗生素掩盖病情；若确诊为副猪嗜血杆菌感染，可在兽医指导下选择敏感抗菌药物并配合支持疗法；严禁私自出售或调运种猪，防止疫情扩散。,在检测结果出来前暂停任何种猪销售或外调；如经确诊并使用抗菌药物治疗，应严格执行相应药物的安全间隔期规定后方可恢复配种和销售。,"{""disease_name"": ""副猪嗜血杆菌病"", ""severity"": ""中等至严重"", ""scene_tags"": [""种猪场"", ""繁殖障碍"", ""流产"", ""公猪精液异常""], ""validation_points"": [""存在妊娠中后期流产及死胎现象"", ""公猪出现精神食欲下降及精液质量变化"", ""抗生素治疗无效提示可能非单一细菌感染""], ""risk_flags"": [""潜在传染性"", ""影响繁殖性能"", ""需实验室确诊""], ""case_type"": ""种猪繁殖障碍"", ""target_disease"": ""副猪嗜血杆菌病"", ""local_flags"": {""species_ok"": true, ""target_disease_in_diagnosis"": false, ""target_disease_mismatch"": true, ""contains_specific_dose"": false, ""contains_specific_withdrawal"": false, ""regulated_bad_treatment"": false}}",True,True,target_disease_in_diagnosis,target_disease_in_diagnosis,False,True,True,D:\XF-ChongQin\ai-\knowledge\llm_wiki_swine_authoritative,1465,887,"副猪嗜血杆菌病
副猪嗜血杆菌病、gl sser s disease
种猪繁殖障碍
种猪场出现流产、死胎、返情或公猪异常，用户担心传染病和是否继续配种。","{""HUMAN_REVIEWED"": 2, ""NEEDS_REVIEW"": 2}","[""SRC-0001"", ""SRC-0023"", ""SRC-0025"", ""SRC-0066""]",2221,29.94,ERNIE-4.5-Turbo-32K,78,25,18,20,15,False,False,"该测试数据整体表现较好，诊断准确性较高，但存在部分病理逻辑不够严谨、数据质量有待提升的问题，需进一步优化。
问题：诊断部分虽然提到副猪嗜血杆菌感染，但未充分排除其他可能引起繁殖障碍的疾病，如猪繁殖与呼吸综合征（PRRS）、伪狂犬病等，病理逻辑不够严谨。；数据质量方面，用户查询中未提及具体的临床症状细节（如流产胎儿状态、母猪体温变化等），回答中虽提及需实验室检测，但未充分强调这些细节对诊断的重要性。；处方中提到“在未确诊前避免使用广谱抗生素掩盖病情”，但未明确说明当前已使用的阿莫西林是否属于广谱抗生素，以及是否需立即停用，存在一定歧义。",,,,,,,,,,False,,,,,78,25,18,20,15,reject,21.29,,
07ebd49b-5ea5-57c6-b590-40796a9f624b,52,猪钩端螺旋体病,swine_hunyuan_turbos,hunyuan-turbos-20250926,成功,,猪,我家有80头能繁母猪和10头公猪，最近两个月陆续发现几窝产仔数少、死胎多，还有个别母猪流产。之前没用过什么特别的药物，圈舍通风一般，饮水井水共用。想问这种情况是不是要停配种？要不要先送样检查？,根据描述，结合猪钩端螺旋体病的流行病学特点及繁殖障碍表现，高度怀疑为猪钩端螺旋体感染所致。该病在繁殖猪群中可引起流产、死胎、木乃伊胎及产仔数减少，且多数感染呈亚临床，常在应激条件下显现。,treatment_direction: 立即暂停配种和引入新种猪，防止病原扩散；对可疑母猪进行隔离观察，加强圈舍卫生管理，减少人员与猪体液直接接触。；management_measures: 改善圈舍通风与排水，定期清理粪污并消毒；工作人员应穿戴防护用具，避免皮肤破损处接触猪尿液或血液。；sampling_and_testing: 采集流产胎儿组织、胎盘、母猪血清以及公猪精液样本，送具备资质的实验室进行钩端螺旋体PCR或血清学检测，同时排查其他繁殖障碍病因。；prohibited_boundaries: 在未排除人兽共患风险前，禁止将病死猪及其产品流入市场；严禁随意使用抗生素替代确诊后的规范处理方案。,因未确定具体用药方案，暂不给出休药期建议，需依据检测结果和兽医指导执行。,"{""disease_name"": ""猪钩端螺旋体病"", ""severity"": ""中等至严重（可导致繁殖损失）"", ""scene_tags"": [""繁殖障碍"", ""母猪流产"", ""死胎增多"", ""职业暴露风险""], ""validation_points"": [""符合钩端螺旋体病在繁殖猪群中的临床表现"", ""提示采取隔离、采样送检及暂停配种的管理措施""], ""risk_flags"": [""人兽共患职业暴露风险"", ""需专业实验室确诊""], ""case_type"": ""繁殖障碍送检"", ""target_disease"": ""猪钩端螺旋体病"", ""local_flags"": {""species_ok"": true, ""target_disease_in_diagnosis"": true, ""target_disease_mismatch"": false, ""contains_specific_dose"": false, ""contains_specific_withdrawal"": false, ""regulated_bad_treatment"": false}}",False,False,,,True,False,False,D:\XF-ChongQin\ai-\knowledge\llm_wiki_swine_authoritative,1465,887,"猪钩端螺旋体病
猪钩端螺旋体病、leptospirosis
繁殖障碍送检
繁殖异常持续出现，用户询问该采哪些样品、是否需要暂停配种和引种。","{""HUMAN_REVIEWED"": 3, ""NEEDS_REVIEW"": 2}","[""SRC-0001"", ""SRC-0067"", ""SRC-0068""]",2161,28.15,ERNIE-4.5-Turbo-32K,88,28,18,23,20,False,True,"整体回答符合猪钩端螺旋体病的诊断逻辑，症状与疾病匹配，处理方向安全，数据质量较高，无明显致命风险。
问题：diagnosis_accuracy：未完全覆盖所有可能的鉴别诊断，如猪繁殖与呼吸综合征（PRRS）、猪伪狂犬病等，可能导致诊断准确性略有不足。；pathology_logic：对钩端螺旋体病的病理机制解释不够深入，如未提及病原如何通过尿液传播及对肾脏的损害。；prescription_safety：未明确提及抗生素使用的具体原则（如敏感药物选择），仅强调禁止随意使用。；data_quality：场景标签和验证点较全面，但风险标志中未明确提及‘井水污染’这一潜在传播途径。",,,,,,,,,,False,,,,,88,28,18,23,20,pass,18.72,,
52156174-0ee4-5812-a346-a26a903039c8,53,猪多杀性巴氏杆菌病,swine_hunyuan_turbos,hunyuan-turbos-20250926,成功,,猪,我家有200头80公斤左右的育肥猪，最近半个月陆续出现咳嗽、喘气、精神差的情况，用过氟苯尼考和多西环素交替投喂，但效果不太稳定，有的好转有的还加重。圈舍通风一般，湿度偏高。我想知道这种情况应该采哪些样品送检测？怎么判断是不是单纯巴氏杆菌还是有其他病原混感？,根据描述，育肥猪出现持续性呼吸道症状且对常规抗生素反应不一，提示可能存在细菌性继发感染，其中肺炎型多杀性巴氏杆菌是常见因素之一。但该病常继发于PRRSV、PCV2、支原体等原发呼吸道病原或环境因素导致的肺损伤，因此需考虑混合感染可能。建议结合临床观察、剖检病变及实验室检测综合判定。,treatment_direction: 针对可能的细菌性继发感染，可依据药敏结果选择敏感抗生素进行支持治疗，同时改善饲养环境降低应激。；management_measures: 加强圈舍通风换气，降低湿度和粉尘，减少氨气浓度；分群管理，将症状严重个体与健康猪隔离；保证饮水清洁和营养供给。；sampling_for_testing: 采集鼻腔拭子、气管灌洗液或肺组织样本，必要时配合血清学检测PRRSV、PCV2抗体及支原体PCR检测，以便明确是否混合感染。；prohibited_boundaries: 在未排除重大传染病前，不得擅自使用未经许可的疫苗或药物；发现可疑疫情应立即向当地动物防疫部门报告，严禁私自销售或运输病猪。,按所用药物说明执行相应停药期，确保上市猪肉符合食品安全标准。,"{""disease_name"": ""猪多杀性巴氏杆菌病（肺炎型）"", ""severity"": ""中等至严重（视混合感染情况而定）"", ""scene_tags"": [""育肥猪"", ""呼吸道症状"", ""抗生素治疗反应不佳"", ""高湿环境""], ""validation_points"": [""肺炎型P. multocida常为继发感染，需排查原发病原"", ""环境应激可加重肺部损伤促进发病"", ""确诊依赖实验室检测而非仅凭临床表现""], ""risk_flags"": [""潜在混合感染"", ""环境致病因素明显"", ""存在疾病扩散风险""], ""case_type"": ""呼吸道采样送检"", ""target_disease"": ""猪多杀性巴氏杆菌病"", ""local_flags"": {""species_ok"": true, ""target_disease_in_diagnosis"": false, ""target_disease_mismatch"": true, ""contains_specific_dose"": false, ""contains_specific_withdrawal"": false, ""regulated_bad_treatment"": false}}",True,True,target_disease_in_diagnosis,target_disease_in_diagnosis,False,True,True,D:\XF-ChongQin\ai-\knowledge\llm_wiki_swine_authoritative,1465,887,"猪多杀性巴氏杆菌病
猪多杀性巴氏杆菌病、pasteurellosis
呼吸道采样送检
呼吸道症状持续，用药效果不稳定，用户询问采什么样品和如何鉴别混合感染。","{""HUMAN_REVIEWED"": 2, ""NEEDS_REVIEW"": 2}","[""SRC-0001"", ""SRC-0070""]",2221,30.73,ERNIE-4.5-Turbo-32K,88,28,18,24,18,False,False,"该回答在诊断准确性、病理逻辑、处方安全性和数据质量方面表现良好，整体符合测试数据有效性要求。诊断考虑了混合感染的可能性，处方安全且合理，数据质量较高，无明显致命风险。
问题：diagnosis_accuracy: 诊断准确性得分稍低，主要因为虽然提到了混合感染的可能性，但未明确列出可能的原发病原（如PRRSV、PCV2、支原体）的具体诊断步骤或优先级。；pathology_logic: 病理逻辑得分中等，因为虽然解释了环境因素对疾病的影响，但未详细阐述多杀性巴氏杆菌病的病理机制及其与混合感染的关系。；data_quality: 数据质量得分稍低，因为虽然提供了详细的场景标签和验证点，但风险标志的描述可以更加具体和量化，以便更好地评估疾病扩散风险。",,,,,,,,,,False,,,,,88,28,18,24,18,reject,20.72,,
87bc2614-a5f2-5a86-bbd4-550041f2a7e5,54,猪增生性肠炎,swine_hunyuan_turbos,hunyuan-turbos-20250926,成功,,猪,我家有200头保育到育肥阶段的猪，平均体重在40公斤左右，最近一周陆续出现拉稀，粪便偏黄带点黏液，个别猪精神稍差，采食量下降。之前已经用了恩诺沙星和土霉素拌料三天，部分好转，但还有十几头持续腹泻。想问下这种情况还能继续用抗生素吗？要不要送样检测一下？,根据描述，考虑可能为猪增生性肠炎（Lawsonia intracellularis感染），该病常表现为黄色至灰白色水样或黏液便，保育后期及育肥前期多发，抗生素治疗可能改善症状但不一定根除病原。需结合实验室检测（如PCR）确诊。,treatment_direction: 可继续使用广谱抗菌药物控制继发细菌感染，但应配合改善饲养管理以减少应激因素。；management_measures: 保持圈舍干燥清洁，减少密度，保证饮水卫生，分群饲养防止交叉感染。；sampling_and_testing: 建议采集新鲜粪便或肠内容物送至具备资质的实验室进行Lawsonia intracellularis PCR检测，必要时做病理学检查。；contraindications_and_boundaries: 若检出为猪增生性肠炎，应避免盲目更换多种抗生素，以防耐药；重大动物疫病（如非洲猪瘟等）需按当地规定立即报告并隔离处置。,因涉及不同药物种类，应依据所用药品说明书执行相应停药期，并在出栏前确保符合食品安全要求。,"{""disease_name"": ""猪增生性肠炎"", ""severity"": ""中等"", ""scene_tags"": [""保育猪"", ""育肥猪"", ""腹泻"", ""抗生素使用史""], ""validation_points"": [""症状与Lawsonia intracellularis感染相符"", ""抗生素疗效有限提示非单纯细菌性腹泻"", ""建议通过PCR检测确诊""], ""risk_flags"": [""潜在慢性经济损失"", ""存在耐药菌风险""], ""case_type"": ""腹泻用药咨询"", ""target_disease"": ""猪增生性肠炎"", ""local_flags"": {""species_ok"": true, ""target_disease_in_diagnosis"": true, ""target_disease_mismatch"": false, ""contains_specific_dose"": false, ""contains_specific_withdrawal"": false, ""regulated_bad_treatment"": false}}",False,False,,,True,False,False,D:\XF-ChongQin\ai-\knowledge\llm_wiki_swine_authoritative,1465,887,"猪增生性肠炎
猪增生性肠炎、proliferative enteropathy lawsonia intracellularis
腹泻用药咨询
猪群腹泻后已用过常见抗菌药效果一般，用户询问是否继续用药以及是否需要送检。","{""HUMAN_REVIEWED"": 2, ""NEEDS_REVIEW"": 2}","[""A0-MOA-573"", ""SRC-0001"", ""SRC-0071"", ""SRC-0072""]",2221,30.5,ERNIE-4.5-Turbo-32K,88,28,18,23,20,False,True,"整体回答质量较高，诊断准确性、病理逻辑、处方安全性和数据质量均表现良好，无明显致命风险。诊断与症状匹配，建议检测合理，治疗方向安全。
问题：diagnosis_accuracy: 诊断准确性较高，但未完全覆盖所有可能症状（如精神稍差、采食量下降的详细关联分析）。；pathology_logic: 病理逻辑合理，但未明确说明抗生素疗效有限的具体原因（如病原特殊性）。；prescription_safety: 处方安全，但休药期说明较为笼统，未针对具体药物给出明确指导。；data_quality: 数据质量良好，但风险标志（risk_flags）中未提及人兽共患风险（虽本病非人兽共患，但应明确排除）。",,,,,,,,,,False,,,,,88,28,18,23,20,pass,21.39,,
fc23caaf-b96c-5d09-9f5f-6c92d5701c22,55,猪葡萄球菌病,swine_hunyuan_turbos,hunyuan-turbos-20250926,成功,,猪,我家有120头50日龄左右的保育猪，这几天陆续出现皮肤发红、局部结痂、毛竖起的情况，有的还伴随采食量下降、精神沉郁，舍内湿度偏高，通风一般。之前用过阿莫西林饮水，效果不明显。想问下这是啥病，该怎么处理？,根据描述的皮肤病变、结痂、毛发竖立以及采食下降等症状，结合保育猪阶段易感性，高度怀疑为猪葡萄球菌病（Staphylococcosis / Exudative Epidermitis），由金黄色葡萄球菌属（如S. hyicus）引起。该病常在潮湿、通风不良环境下发生，可能继发细菌感染。,treatment_direction: 针对疑似猪葡萄球菌病，应首先改善饲养环境，降低湿度、加强通风，减少应激；对病猪进行隔离护理，防止交叉感染。；management_measures: 清理圈舍粪污，保持干燥清洁；适当提高环境温度以补偿因采食下降导致的代谢产热不足；保证充足饮水和易消化饲料。；sampling_and_testing: 采集病变皮肤和分泌物送实验室做细菌分离培养和药敏试验，明确病原及敏感抗生素种类。；prohibited_boundaries: 在未确诊前，不应随意使用广谱抗生素作为唯一治疗手段；禁止将病猪与健康猪混养；若发现疫情扩散迅速且死亡率高，应按当地重大动物疫病防控规定及时上报。,需依据最终实验室检测结果及所用药物确定，未经检测不建议自行决定停药时间。,"{""disease_name"": ""猪葡萄球菌病"", ""severity"": ""中等至严重（视病情进展与环境管理而定）"", ""scene_tags"": [""保育猪"", ""群体发病"", ""皮肤病变"", ""采食下降"", ""高湿环境""], ""validation_points"": [""症状符合渗出性表皮炎特征"", ""环境因素支持病原繁殖"", ""阿莫西林无效提示可能为耐药菌""], ""risk_flags"": [""潜在传染性"", ""环境管理不当"", ""抗生素使用不规范""], ""case_type"": ""保育猪群体发病"", ""target_disease"": ""猪葡萄球菌病"", ""local_flags"": {""species_ok"": true, ""target_disease_in_diagnosis"": true, ""target_disease_mismatch"": false, ""contains_specific_dose"": false, ""contains_specific_withdrawal"": false, ""regulated_bad_treatment"": false}}",False,False,,,True,False,False,D:\XF-ChongQin\ai-\knowledge\llm_wiki_swine_authoritative,1465,887,"猪葡萄球菌病
猪葡萄球菌病、staphylococcosis exudative epidermitis
保育猪群体发病
群体发病、采食下降、粪便或呼吸道异常，用户想知道主要病因和下一步处理。","{""HUMAN_REVIEWED"": 3, ""NEEDS_REVIEW"": 2}","[""SRC-0001"", ""SRC-0006"", ""SRC-0026"", ""SRC-0036"", ""SRC-0074""]",2105,28.12,ERNIE-4.5-Turbo-32K,88,28,18,23,20,False,True,"该回答整体上对猪葡萄球菌病的诊断、处理方向和安全措施进行了较为全面的描述，诊断准确性较高，处理方向安全，但存在部分细节可优化。
问题：diagnosis_accuracy: 诊断准确度较高，但未完全覆盖所有症状（如粪便或呼吸道异常未明确关联）。；pathology_logic: 病理逻辑基本合理，但未详细解释葡萄球菌病与高湿环境、通风不良的具体关联机制。；prescription_safety: 处理方向安全，但未明确提出具体抗生素选择（仅提到药敏试验）。；data_quality: 数据质量较高，但休药期承诺过于模糊，未提供具体指导。",,,,,,,,,,False,,,,,88,28,18,23,20,pass,18.86,,
33b69b8b-12de-521a-a8b1-190db4e6464f,56,猪结核病,swine_hunyuan_turbos,hunyuan-turbos-20250926,成功,,猪,我家有200头80公斤左右的育肥猪，最近陆续有几头精神沉郁、食欲下降、咳嗽，体温正常，用了氟苯尼考和多西环素拌料一周，症状没明显好转。猪舍通风一般，地面潮湿，之前没有做过结核排查。这种情况还能继续用这些药吗？,根据描述的症状（慢性咳嗽、精神沉郁、食欲下降）和用药反应不佳，结合猪结核病在育肥猪多为亚临床且常通过屠宰发现的特点，高度怀疑为猪结核病可能，尤其在有潮湿环境和长期饲养条件下。该病由Mycobacterium属引起，包括MTBC、MAC等，仅靠临床症状难以确诊，需要实验室检测确认。,treatment_direction: 不建议继续使用常规抗生素，应停止当前方案并采集可疑猪的肺、淋巴结等组织送实验室进行抗酸染色和培养鉴定，明确是否为结核分枝杆菌感染。；management_measures: 立即隔离表现异常的个体，加强猪舍通风和干燥管理，减少人员、工具在不同栏舍间交叉使用，防止潜在传播。；sampling_and_testing: 对病死猪或淘汰猪取肺门淋巴结、肺脏等病变部位，做病理学检查、Ziehl-Neelsen抗酸染色及培养，必要时PCR分型确定Mycobacterium种类。；prohibited_boundaries: 在未排除猪结核病前，禁止将猪只外调或出售，禁止随意剖检和无防护处理尸体，避免人畜接触风险。,由于未确诊且可能涉及人兽共患风险，目前不应考虑出栏销售，需等待检测结果并根据当地动物防疫部门指导决定后续处置。,"{""disease_name"": ""猪结核病"", ""severity"": ""中等至严重（取决于病原类型及流行范围）"", ""scene_tags"": [""育肥猪"", ""慢性呼吸道症状"", ""抗生素治疗无效"", ""潮湿环境""], ""validation_points"": [""症状符合猪结核病亚临床或慢性过程特征"", ""常规抗生素无效提示非典型细菌感染"", ""环境潮湿增加Mycobacterium存活和传播风险""], ""risk_flags"": [""人兽共患风险"", ""需实验室确诊"", ""禁止擅自处理或外调""], ""case_type"": ""育肥猪用药咨询"", ""target_disease"": ""猪结核病"", ""local_flags"": {""species_ok"": true, ""target_disease_in_diagnosis"": true, ""target_disease_mismatch"": false, ""contains_specific_dose"": false, ""contains_specific_withdrawal"": false, ""regulated_bad_treatment"": false}}",False,False,,,True,False,False,D:\XF-ChongQin\ai-\knowledge\llm_wiki_swine_authoritative,1465,887,"猪结核病
猪结核病、tuberculosis
育肥猪用药咨询
育肥猪出现典型症状，用户已经用过常见药物但效果一般，询问是否继续用药。","{""HUMAN_REVIEWED"": 3, ""NEEDS_REVIEW"": 2}","[""SRC-0001"", ""SRC-0078""]",2104,31.55,ERNIE-4.5-Turbo-32K,88,28,18,24,18,False,True,"该回答在诊断准确性、病理逻辑、处方安全性和数据质量方面表现良好，整体符合猪结核病的诊断与处理要求，未发现致命风险。
问题：diagnosis_accuracy: 诊断部分对症状与猪结核病的关联性描述较为充分，但未明确提及体温正常这一关键信息与猪结核病的典型表现（通常低热或无热）的契合度，略显不足。；pathology_logic: 病理逻辑部分对猪结核病的病因、传播条件及诊断难度的阐述合理，但未充分解释为何常规抗生素无效（结核分枝杆菌对多数抗生素天然耐药），逻辑链条可更完整。；data_quality: 数据质量方面，场景标签和验证点基本覆盖核心信息，但风险标志中‘需实验室确诊’和‘禁止擅自处理或外调’的提示可更突出，以强化用户对疾病严重性的认知。",,,,,,,,,,False,,,,,88,28,18,24,18,pass,21.87,,
f7aef2c5-7b8b-5ad8-8928-1f590ddf802b,57,猪杂项细菌感染,swine_hunyuan_turbos,hunyuan-turbos-20250926,成功,,猪,我们场有120头能繁母猪和8头公猪，最近一个月陆续有3头怀孕母猪流产，还有两头产下死胎，部分母猪返情周期延长。公猪采精量下降，精子活力也不太好。圈舍通风一般，温度偏高，之前用过阿莫西林拌料一周，效果不明显。这种情况会不会是传染病？还能继续配种吗？,根据描述，可能由多种细菌引起，包括猪链球菌、放线杆菌、李斯特菌等，这些属于猪杂项细菌感染范畴。流产、死胎及公猪繁殖性能下降提示可能存在子宫内感染或全身性感染。需要结合临床观察、剖检结果及实验室检测（如细菌培养、PCR）明确病原。,treatment_direction: 立即停配种，对流产母猪进行隔离观察，采集流产胎儿、胎盘及阴道分泌物送实验室检测；公猪暂停使用并采血检测。；management_measures: 改善圈舍通风降温，减少应激；加强生物安全，防止人员、车辆、工具交叉污染；对全场猪群进行健康巡查，记录异常个体。；sampling_and_testing: 采集流产物、胎盘、阴道拭子、公猪精液及血液样本，进行细菌培养和分子检测，必要时做病理学检查。；prohibited_boundaries: 在未明确病因前禁止引入新种猪；严禁私自使用未经批准的抗生素或激素类药物；若怀疑重大动物疫病（如非洲猪瘟），须立即向当地畜牧兽医部门报告。,在未确诊且停止用药前，不建议屠宰上市；若后续使用药物，应依据检测结果和兽医建议确定停药时间。,"{""disease_name"": ""猪杂项细菌感染"", ""severity"": ""中等至严重"", ""scene_tags"": [""种猪场"", ""繁殖障碍"", ""流产"", ""死胎"", ""公猪性能下降""], ""validation_points"": [""流产、死胎与公猪繁殖性能下降同时存在，符合细菌感染引起的繁殖障碍模式"", ""抗生素治疗无效提示可能为耐药菌或非敏感病原"", ""需要实验室检测确认具体致病菌""], ""risk_flags"": [""潜在传染性"", ""影响繁殖效率"", ""存在重大疫病排查必要""], ""case_type"": ""种猪繁殖障碍"", ""target_disease"": ""猪杂项细菌感染"", ""local_flags"": {""species_ok"": true, ""target_disease_in_diagnosis"": true, ""target_disease_mismatch"": false, ""contains_specific_dose"": false, ""contains_specific_withdrawal"": false, ""regulated_bad_treatment"": false}}",False,False,,,True,False,False,D:\XF-ChongQin\ai-\knowledge\llm_wiki_swine_authoritative,1465,887,"猪杂项细菌感染
猪杂项细菌感染、miscellaneous bacterial infections
种猪繁殖障碍
种猪场出现流产、死胎、返情或公猪异常，用户担心传染病和是否继续配种。","{""HUMAN_REVIEWED"": 3, ""NEEDS_REVIEW"": 2}","[""SRC-0001"", ""SRC-0025"", ""SRC-0035"", ""SRC-0079""]",2188,27.34,ERNIE-4.5-Turbo-32K,82,27,18,22,15,False,True,"该回答整体上对猪杂项细菌感染的诊断、处理方向和安全措施进行了较为全面的描述，诊断准确性较高，病理逻辑合理，处方安全措施基本到位，数据质量稍显不足但不影响整体评估。
问题：诊断准确性方面，虽然提到了可能的细菌种类，但未明确具体诊断依据，缺乏对症状与疾病关系的深入分析。；病理逻辑方面，对细菌引起繁殖障碍的机制描述不够详细，缺乏对不同细菌致病特点的区分。；处方安全方面，虽然提出了停配种、隔离观察等措施，但对后续治疗方案的描述不够具体，缺乏针对性。；数据质量方面，回答中未提供足够的实验室检测数据或临床案例支持，影响了评估的全面性。",,,,,,,,,,False,,,,,82,27,18,22,15,pass,18.57,,
74c54d8d-8eff-555c-b686-61affddaef62,58,猪虱病,swine_hunyuan_turbos,hunyuan-turbos-20250926,成功,,猪,我家有120头育肥猪，平均体重70公斤左右，最近几天有几头猪出现频繁蹭墙、抓痒的情况，背毛有点乱，皮肤没看到明显出血点，圈舍是水泥地面，平时通风还行，之前用过伊维菌素做驱虫，大概两个月前一次。现在想问是不是要全群喷药或者洗澡？要不要把圈舍彻底打扫一遍？过段时间怎么复查有没有好？,根据描述，该场育肥猪出现瘙痒、蹭墙行为，提示可能存在体外寄生虫感染。猪虱病的确诊需要找到活虱或附着于毛发的虫卵，仅凭瘙痒和毛发凌乱不能确诊。建议对表现症状的猪进行局部拔毛检查，寻找虱或虫卵，必要时采集样本送实验室鉴定。,treatment_direction: 如确诊为猪虱病，应对阳性个体及同栏猪实施体表杀虫处理，可选用经批准的体外驱虫剂按说明使用；同时加强饲养管理，防止交叉传播。；management_measures: 立即清理圈舍积粪、更换垫料，用水冲洗地面并用有效消毒剂消毒；改善通风，降低湿度；隔离有明显症状的猪，防止与健康猪混养；定期巡查其他栏位有无类似症状。；sampling_and_testing: 对疑似病例拔取被毛，用放大镜或解剖镜查找虱或虫卵；必要时将样本送至兽医实验室做形态学或分子鉴定。；prohibited_boundaries: 严禁使用未经批准的杀虫剂或人用药品；不得在未确诊情况下大规模全群投药；发现大量感染或怀疑重大疫病时须立即报告当地动物防疫部门。,若使用批准兽药，应遵守产品说明书规定的休药期，并在停药期满后按规定采样检测合格方可出栏。,"{""disease_name"": ""猪虱病"", ""severity"": ""中等"", ""scene_tags"": [""育肥猪"", ""体外寄生虫"", ""瘙痒"", ""圈舍环境""], ""validation_points"": [""诊断需发现虱或虫卵"", ""环境清理与消毒有助于阻断传播"", ""隔离措施可减少交叉感染""], ""risk_flags"": [""未确诊前不宜盲目全群用药"", ""圈舍潮湿、通风不良易复发""], ""case_type"": ""驱虫和环境管理"", ""target_disease"": ""猪虱病"", ""local_flags"": {""species_ok"": true, ""target_disease_in_diagnosis"": true, ""target_disease_mismatch"": false, ""contains_specific_dose"": false, ""contains_specific_withdrawal"": false, ""regulated_bad_treatment"": false}}",False,False,,,True,False,False,D:\XF-ChongQin\ai-\knowledge\llm_wiki_swine_authoritative,1465,887,"猪虱病
猪虱病、external parasites lice
驱虫和环境管理
用户询问是否需要全群处理、环境清理和复查方式。","{""HUMAN_REVIEWED"": 3, ""NEEDS_REVIEW"": 2}","[""SRC-0001"", ""SRC-0013"", ""SRC-0072"", ""SRC-0080"", ""SRC-0082""]",2028,26.9,ERNIE-4.5-Turbo-32K,88,27,18,23,20,False,True,"该回答整体上对猪虱病的诊断、处理方向、管理措施和复查方式进行了较为全面和合理的描述，符合测试数据有效性的要求。诊断部分考虑到了确诊所需的证据，处理方向和管理措施安全且与疾病相互印证，数据质量较高。
问题：诊断准确性方面，虽然提到了确诊需要找到活虱或虫卵，但未充分强调其他可能的鉴别诊断；病理逻辑方面，对猪虱病的病理机制解释不够深入；处方安全方面，虽然提到了使用经批准的体外驱虫剂，但未具体说明药物名称和剂量范围；数据质量方面，场景标签和验证点较为全面，但风险标志部分可以更加具体。",,,,,,,,,,False,,,,,88,27,18,23,20,pass,18.15,,
aa800bb9-6467-5e23-9e69-ed11b6059fd5,59,猪弓形虫病,swine_hunyuan_turbos,hunyuan-turbos-20250926,成功,,猪,我家有120头60日龄左右的保育猪，最近一周陆续有猪拉稀、精神差、皮毛粗乱，有的还出现皮肤抓痒结痂，采食量下降明显，之前用过一次伊维菌素驱虫，效果不明显，想问问是不是弓形虫或者别的寄生虫引起的？,根据描述，该批保育猪存在腹泻、消瘦、皮肤异常及生长缓慢等症状，结合近期使用过驱虫药但效果有限的情况，应重点考虑弓形虫等原虫感染的可能性。猪弓形虫病在多数情况下呈亚临床感染，但在应激、免疫力低下时可出现发热、呼吸道症状、腹泻及繁殖障碍等表现，部分个体可见皮肤病变。此外，疥螨、虱子、葡萄球菌病等也可引起皮肤瘙痒结痂，需要鉴别。,treatment_direction: 建议立即采集病猪血液、粪便样本送实验室进行弓形虫血清学及PCR检测，必要时做病理剖检确认。对疑似病例实施隔离观察，防止交叉传播。；management_measures: 加强圈舍通风干燥，减少密度；清除环境中可能受猫粪污染的饲料和水源；严格限制猫进入猪场；病死猪按无害化处理规范处置。；sampling_and_testing: 采集不同症状个体的全血、粪便样品，有条件可做组织切片检查；同时进行疥螨、虱子等体外寄生虫排查。；prohibited_boundaries: 严禁将疑似病猪直接屠宰上市，避免人通过食用未熟透猪肉感染弓形虫；发现疫情应及时向当地畜牧兽医部门报告，不得擅自使用未经批准的兽药。,因涉及人兽共患风险，一旦确诊应按监管部门要求进行相应封锁、消毒和无害化处理，无明确安全休药期前禁止出栏销售。,"{""disease_name"": ""猪弓形虫病"", ""severity"": ""中等至严重（视感染强度与群体反应而定）"", ""scene_tags"": [""保育猪"", ""群体发病"", ""腹泻"", ""消瘦"", ""皮肤瘙痒"", ""生长迟缓""], ""validation_points"": [""症状符合弓形虫感染临床表现范围"", ""曾用驱虫药无效提示非单纯线虫或外寄生虫问题"", ""猫粪污染风险需纳入防控考量""], ""risk_flags"": [""人兽共患风险"", ""潜在重大动物疫病防控边界""], ""case_type"": ""寄生虫群体发病"", ""target_disease"": ""猪弓形虫病"", ""local_flags"": {""species_ok"": true, ""target_disease_in_diagnosis"": true, ""target_disease_mismatch"": false, ""contains_specific_dose"": false, ""contains_specific_withdrawal"": false, ""regulated_bad_treatment"": false}}",False,False,,,True,False,False,D:\XF-ChongQin\ai-\knowledge\llm_wiki_swine_authoritative,1465,887,"猪弓形虫病
猪弓形虫病、toxoplasmosis protozoa
寄生虫群体发病
猪群出现腹泻、消瘦、皮肤瘙痒或生长慢，用户怀疑寄生虫。","{""HUMAN_REVIEWED"": 3, ""NEEDS_REVIEW"": 2}","[""SRC-0001"", ""SRC-0081""]",2154,24.46,ERNIE-4.5-Turbo-32K,88,28,18,24,18,False,True,"整体回答质量较高，诊断方向合理，考虑了弓形虫感染的可能性，并提出了鉴别诊断建议。治疗方案安全，符合人兽共患病的防控要求。数据质量基本满足要求，但部分细节可进一步优化。
问题：诊断部分对弓形虫病的典型症状描述不够全面，如未明确提及发热和呼吸道症状。；病理逻辑部分对鉴别诊断的阐述稍显简略，未充分说明其他可能疾病的排除依据。；数据质量方面，场景标签和验证点的描述较为笼统，缺乏具体数据支持。；未明确提及休药期的具体监管要求或参考标准。",,,,,,,,,,False,,,,,88,28,18,24,18,pass,16.06,,
d7fac6d3-c47a-536d-90ce-2d7f1fe2a9b8,60,猪隐孢子虫病,swine_hunyuan_turbos,hunyuan-turbos-20250926,成功,,猪,我家是育肥猪场，现在这批猪大概110公斤左右，还有不到一个月就要出栏了。最近几天发现有几头开始拉稀，粪便偏黄绿色带点泡沫，精神还行，采食量稍微下降，饮水正常。圈舍通风一般，湿度偏高，之前没用过什么驱虫药。想问问这种情况能不能先用药看看？会不会影响卖猪？要不要隔离？,根据描述，该批育肥猪临近出栏时出现轻度腹泻，粪便呈黄绿色泡沫状，可能与肠道寄生虫如隐孢子虫有关，但隐孢子虫单独存在时不一定引起明显症状，且常与其他病原混合感染。当前未见高热、严重脱水等急性传染病表现，但仍需排除其他细菌性或病毒性腹泻因素。建议结合实验室检测明确病原组合。,1. 立即将腹泻明显的个体与健康猪分栏管理，减少交叉感染风险；2. 加强圈舍通风与干燥，降低湿度，改善卫生条件；3. 采集新鲜粪便样本送实验室进行病原筛查（包括隐孢子虫及其他常见腹泻病原）；4. 在未确诊前避免使用未经许可的驱虫或抗生素，以免掩盖病情或造成残留问题；5. 若检测结果仅为隐孢子虫且无其他病原，可考虑在兽医指导下使用支持疗法及环境控制措施，但须注意出栏前的安全间隔；6. 若出现疑似重大疫病（如非洲猪瘟）迹象，应立即按当地规定上报并配合扑杀、无害化处理等措施。,任何药物治疗均需在兽医指导下确定安全休药期，出栏前应确保符合国家和地方规定的停药时间要求。,"{""disease_name"": ""猪隐孢子虫病"", ""severity"": ""轻至中度"", ""scene_tags"": [""育肥猪"", ""临近出栏"", ""腹泻"", ""高湿环境""], ""validation_points"": [""隐孢子虫阳性需结合混合感染解释"", ""感染可亚临床或与其他腹泻病原混合""], ""risk_flags"": [""临近出栏需关注食品安全与休药期"", ""需排除重大动物疫病""], ""case_type"": ""腹泻出栏边界"", ""target_disease"": ""猪隐孢子虫病"", ""local_flags"": {""species_ok"": true, ""target_disease_in_diagnosis"": false, ""target_disease_mismatch"": true, ""contains_specific_dose"": false, ""contains_specific_withdrawal"": false, ""regulated_bad_treatment"": false}}",True,True,target_disease_in_diagnosis,target_disease_in_diagnosis,False,True,True,D:\XF-ChongQin\ai-\knowledge\llm_wiki_swine_authoritative,1465,887,"猪隐孢子虫病
猪隐孢子虫病、cryptosporidiosis protozoa
腹泻出栏边界
临近出栏猪群出现腹泻，用户关心处理方向、隔离和用药后能否销售。","{""HUMAN_REVIEWED"": 3, ""NEEDS_REVIEW"": 2}","[""SRC-0001"", ""SRC-0072"", ""SRC-0081""]",2151,31.88,ERNIE-4.5-Turbo-32K,82,26,18,22,16,False,False,"该回答在诊断准确性、病理逻辑、处方安全性和数据质量方面表现较好，整体符合测试数据有效性要求。诊断考虑了隐孢子虫病与其他病原混合感染的可能性，并建议实验室检测以明确病原，符合实际场景需求。处方中强调了隔离、环境改善和避免未经许可用药，确保了处理方向的安全性和与疾病的相互印证。数据质量方面，虽然场景标签和验证点较为全面，但风险标识的详细程度可进一步提升。
问题：诊断中虽提到隐孢子虫病与其他病原混合感染的可能性，但未详细说明其他常见腹泻病原的种类，可能影响诊断的全面性。；病理逻辑部分对隐孢子虫病的典型症状描述不够详细，如腹泻的持续性、体重变化等，可能影响对疾病严重程度的判断。；处方中虽提到支持疗法及环境控制措施，但未具体说明支持疗法的内容，可能影响实际操作的指导性。；数据质量方面，风险标识虽提到临近出栏需关注食品安全与休药期，但未具体说明休药期的确定方法和依据，可能影响用户对休药期管理的理解。",,,,,,,,,,False,,,,,82,26,18,22,16,reject,23.32,,
26091447-6b61-5c1b-8eaf-d58a39a0290e,61,猪蛔虫病,swine_hunyuan_turbos,hunyuan-turbos-20250926,成功,,猪,我家是100头左右的自繁自养场，最近刚断奶的60斤左右小猪陆续出现拉稀、毛色发暗、长得慢的情况，有几头还抓痒掉毛，粪便里偶尔能看到白色长条状东西。之前用过一次伊维菌素拌料驱虫，但效果不明显，想问问是不是蛔虫还是别的啥问题？,根据描述，考虑猪蛔虫病可能性大，同时应排查疥螨病等外寄生虫及混合感染。蛔虫幼虫移行可导致肝肺损伤、消瘦、腹泻，成虫寄生可引起营养不良和生长缓慢，部分个体可因瘙痒提示并发外寄生虫。,建议立即对全群进行粪便镜检找虫卵并采集典型病例送实验室确诊；在兽医指导下选用广谱驱虫药（如阿苯达唑类或芬苯达唑类）按说明使用，注意轮换药物以减少耐药风险；加强圈舍清洁干燥，定期更换垫料，减少粪口传播机会；发现严重消瘦或呼吸异常个体及时隔离观察；若伴明显皮肤病变，应同步检查疥螨并针对性处理；禁止将可疑病猪随意出售或转群，防止扩散。,按所用驱虫药说明书执行停药期，确保上市前达到安全间隔；期间不得屠宰或销售供人食用猪肉。,"{""disease_name"": ""猪蛔虫病"", ""severity"": ""中等"", ""scene_tags"": [""仔猪"", ""育肥猪"", ""群体发病"", ""腹泻"", ""消瘦"", ""皮肤瘙痒""], ""validation_points"": [""粪便可见成虫或虫卵为重要诊断依据"", ""milk spot样肝脏病变需与肾虫移行鉴别"", ""外寄生虫症状提示可能合并感染""], ""risk_flags"": [""潜在混合感染"", ""驱虫药耐药性风险"", ""群体传播风险""], ""case_type"": ""寄生虫群体发病"", ""target_disease"": ""猪蛔虫病"", ""local_flags"": {""species_ok"": true, ""target_disease_in_diagnosis"": true, ""target_disease_mismatch"": false, ""contains_specific_dose"": false, ""contains_specific_withdrawal"": false, ""regulated_bad_treatment"": false}}",False,False,,,True,False,False,D:\XF-ChongQin\ai-\knowledge\llm_wiki_swine_authoritative,1465,887,"猪蛔虫病
猪蛔虫病、ascaris suum internal parasites
寄生虫群体发病
猪群出现腹泻、消瘦、皮肤瘙痒或生长慢，用户怀疑寄生虫。","{""HUMAN_REVIEWED"": 2, ""NEEDS_REVIEW"": 2}","[""SRC-0001"", ""SRC-0082""]",2221,27.45,ERNIE-4.5-Turbo-32K,88,28,18,23,20,False,True,"该回答整体表现良好，诊断准确性较高，考虑了猪蛔虫病及可能的混合感染，处理方向安全合理，数据质量基本满足要求。
问题：诊断准确性方面，虽然考虑了猪蛔虫病及混合感染，但未明确提及粪便镜检找虫卵作为确诊依据，略显不足。；病理逻辑方面，对蛔虫幼虫移行导致的肝肺损伤描述较为笼统，未详细阐述其与症状的关联。；数据质量方面，回答中未充分利用提供的场景标签和验证点，如未明确提及'milk spot样肝脏病变'与肾虫移行的鉴别。；处方安全性方面，虽然提到了轮换药物以减少耐药风险，但未具体说明轮换策略。",,,,,,,,,,False,,,,,88,28,18,23,20,pass,19.07,,
ac512230-14be-55e0-8a5c-a62cb2250a38,62,猪鞭虫病,swine_hunyuan_turbos,hunyuan-turbos-20250926,成功,,猪,我家有120头育肥猪，平均体重在50公斤左右，最近几天有几头出现拉稀，粪便带点血丝，精神还行，采食量稍微下降。圈舍是水泥地面，通风一般，温度20℃左右，之前没用过驱虫药。想问这种情况是不是要全群打驱虫针？要不要把圈舍彻底消毒一遍？过段时间怎么复查有没有再长虫？,根据描述，育肥猪出现带血丝的腹泻且伴有轻度食欲下降，结合圈舍为水泥地面、通风一般的环境条件，以及未进行过驱虫的历史，应考虑猪鞭虫病（Trichuris suis）等肠道寄生虫感染的可能。该病主要寄生于盲肠和结肠，重度感染可引起结肠炎及血便。确诊需通过粪检查找特征性虫卵或剖检发现成虫。,treatment_direction: 建议采集典型病例粪便送实验室进行虫卵检查，必要时结合剖检确认虫体存在。若确诊为鞭虫感染，可在兽医指导下选择对Trichuris有效的驱虫药（如芬苯达唑类），并制定合理的投喂或注射方案。；management_measures: 加强圈舍清洁，及时清除粪便，减少虫卵在环境中的积累；保持良好通风，降低氨气浓度，改善饲养密度；定期更换垫料，防止潮湿滋生虫卵。；sampling_and_testing: 从腹泻明显或有血便的个体采集新鲜粪便样本，做饱和盐水漂浮法或沉淀法镜检寻找典型虫卵；有条件可做PCR鉴定。；prohibited_boundaries: 严禁在未确诊情况下随意使用驱虫药，尤其不得自行决定全群统一用药；禁止将未经处理的粪便直接用作肥料或外排污染环境。,因涉及具体药物种类与剂量，需依据所用驱虫药说明书及当地监管要求确定，此处不作具体数值说明。,"{""disease_name"": ""猪鞭虫病"", ""severity"": ""中等（重度感染可致生长迟缓、出血性肠炎，轻症影响较小）"", ""scene_tags"": [""育肥猪"", ""水泥地面"", ""通风不良"", ""未驱虫史""], ""validation_points"": [""粪便带血丝提示结肠炎症，符合鞭虫致病特点"", ""圈舍条件利于虫卵存活，增加感染风险"", ""未驱虫历史提高潜在感染概率""], ""risk_flags"": [""需实验室确诊以防误诊"", ""避免盲目全群用药""], ""case_type"": ""驱虫和环境管理"", ""target_disease"": ""猪鞭虫病"", ""local_flags"": {""species_ok"": true, ""target_disease_in_diagnosis"": true, ""target_disease_mismatch"": false, ""contains_specific_dose"": false, ""contains_specific_withdrawal"": false, ""regulated_bad_treatment"": false}}",False,False,,,True,False,False,D:\XF-ChongQin\ai-\knowledge\llm_wiki_swine_authoritative,1465,887,"猪鞭虫病
猪鞭虫病、trichuris suis internal parasites
驱虫和环境管理
用户询问是否需要全群处理、环境清理和复查方式。","{""HUMAN_REVIEWED"": 3, ""NEEDS_REVIEW"": 2}","[""SRC-0001"", ""SRC-0026"", ""SRC-0082""]",2120,25.39,ERNIE-4.5-Turbo-32K,88,28,18,24,18,False,True,"整体回答质量较高，诊断方向合理，症状与疾病匹配度较高，处理方向安全且与疾病相互印证。但在病理逻辑、数据质量方面存在一定提升空间。
问题：病理逻辑方面，对猪鞭虫病的病理机制描述不够深入，未详细解释虫卵感染过程及对肠道的具体影响。；数据质量方面，未提供具体的诊断依据来源，如相关文献或研究数据支持诊断结论。；诊断准确性方面，虽然考虑了猪鞭虫病，但未完全排除其他可能导致血便的肠道疾病，如猪痢疾等。",,,,,,,,,,False,,,,,88,28,18,24,18,pass,15.79,,
77de99ce-51fc-560e-8917-d014f68d8ba2,63,猪类圆线虫病,swine_hunyuan_turbos,hunyuan-turbos-20250926,成功,,猪,我家是100头母猪自繁自养场，最近刚断奶的20多头小猪（约30日龄）陆续出现拉稀，粪便呈黄色带黏液，有的窝里全窝都拉，精神还可以，没见明显死亡。舍温正常，前几天换了新批次教槽料。想问下这是病毒性还是细菌性或者寄生虫引起的？要不要马上送样检测？,根据日龄、整窝发病、粪便性状及饲料更换情况，应考虑病毒性（如轮状病毒、腺病毒）、细菌性（如产肠毒素大肠杆菌、沙门氏菌）以及寄生虫性（如类圆线虫、球虫）等多种可能。当前信息不足以单一确诊，需要结合实验室检测区分病因。,建议立即采集新鲜粪便样品送实验室进行病原学检测（包括病毒、细菌和寄生虫），同时观察是否伴有发热、脱水等全身症状。加强保温、减少应激，暂停使用新批次饲料并逐步过渡，保持圈舍干燥清洁。若怀疑寄生虫感染，可在兽医指导下选用广谱驱虫药，但须注意与后续检测结果的衔接。严禁擅自使用抗生素掩盖病情延误诊断。,因未确定具体病原，暂不建议随意投药；如需用药，应在检测结果明确后依据兽医指导执行，并遵守相应休药期规定。,"{""disease_name"": ""猪类圆线虫病"", ""severity"": ""中等"", ""scene_tags"": [""断奶后腹泻"", ""整窝发病"", ""饲料更换"", ""粪便黏液""], ""validation_points"": [""按日龄和病程分层鉴别腹泻原因"", ""考虑病毒性、细菌性、寄生虫性多种可能性"", ""强调采样送检的重要性""], ""risk_flags"": [""潜在寄生虫感染"", ""饲料应激""], ""case_type"": ""腹泻采样送检"", ""target_disease"": ""猪类圆线虫病"", ""local_flags"": {""species_ok"": true, ""target_disease_in_diagnosis"": false, ""target_disease_mismatch"": true, ""contains_specific_dose"": false, ""contains_specific_withdrawal"": false, ""regulated_bad_treatment"": false}}",True,True,target_disease_in_diagnosis,target_disease_in_diagnosis,False,True,True,D:\XF-ChongQin\ai-\knowledge\llm_wiki_swine_authoritative,1465,887,"猪类圆线虫病
猪类圆线虫病、strongyloides internal parasites
腹泻采样送检
用户描述粪便性状、日龄和病程，重点询问如何鉴别病毒性、细菌性或寄生虫性腹泻。","{""HUMAN_REVIEWED"": 2, ""NEEDS_REVIEW"": 3}","[""RC-DIARRHEA-001"", ""SRC-0001"", ""SRC-0007"", ""SRC-0030"", ""SRC-0052"", ""SRC-0062"", ""SRC-0063"", ""SRC-0064"", ""SRC-0071"", ""SRC-0072"", ""SRC-0073"", ""SRC-0077"", ""SRC-0081"", ""SRC-0082""]",2088,25.3,ERNIE-4.5-Turbo-32K,82,28,18,22,14,False,False,"整体回答较为全面，考虑了病毒性、细菌性和寄生虫性腹泻的可能性，并强调了采样送检的重要性。诊断逻辑合理，处方安全，但数据质量方面略有不足，对猪类圆线虫病的针对性描述不够详细。
问题：诊断部分虽然提到了多种可能性，但对猪类圆线虫病的针对性描述不够详细，未明确指出类圆线虫病的典型症状。；数据质量方面，对场景标签和验证点的利用不够充分，未充分结合猪类圆线虫病的特点进行深入分析。；处方部分虽然强调了采样送检和观察全身症状，但对驱虫药的使用描述较为笼统，未具体说明针对类圆线虫病的驱虫药物选择。",,,,,,,,,,False,,,,,82,28,18,22,14,reject,18.01,,
5c3103d2-5d11-5158-aa89-36dae28a5ba6,64,猪后圆线虫病,swine_hunyuan_turbos,hunyuan-turbos-20250926,成功,,猪,我这边是河南南阳的养猪户，现在栏里有180头60公斤左右的育肥猪，最近一周陆续有猪开始咳嗽、喘气，有的还发烧到39度左右，采食量明显下降，精神也差一些。圈舍通风一般，湿度偏高，之前没用过驱虫药。我想知道这是啥病，是不是要整批都打药？,根据您描述的育肥猪群体出现咳嗽、喘气、发热及采食下降，结合圈舍通风不良、湿度偏高的环境因素，以及未进行过驱虫的情况，高度怀疑为猪后圆线虫病（Metastrongylus spp.），属于寄生虫性呼吸道疾病。该病在保育后期至育肥阶段易发，常因环境中存在中间宿主（如蚯蚓）而传播。,建议立即联系当地兽医进行粪便镜检或剖检确诊。若确诊为后圆线虫感染，应制定全群驱虫方案，选用对肺线虫有效的驱虫药（如伊维菌素类或阿苯达唑类制剂），并配合改善圈舍通风、降低湿度以减少再感染风险。同时加强饲养管理，保证饲料饮水清洁，减少应激。对于病情严重的个体可给予支持疗法（补液、退热等）。注意采集病死猪组织送实验室做病原鉴定，以便排除其他呼吸道病原混合感染。严禁将病死猪随意丢弃或出售，防止扩散。,使用驱虫药需遵循产品说明和国家相关规定，停药后方可屠宰上市。期间应做好隔离和消毒措施，防止交叉污染。,"{""disease_name"": ""猪后圆线虫病"", ""severity"": ""中等"", ""scene_tags"": [""育肥猪"", ""群体呼吸道症状"", ""高湿低通风环境"", ""未驱虫史""], ""validation_points"": [""症状符合后圆线虫引起的慢性呼吸道表现"", ""环境与易感因素匹配"", ""需要实验室确诊后再实施全群用药""], ""risk_flags"": [""潜在群体传播风险"", ""需排除其他呼吸道病原混合感染""], ""case_type"": ""呼吸道群体发病"", ""target_disease"": ""猪后圆线虫病"", ""local_flags"": {""species_ok"": true, ""target_disease_in_diagnosis"": true, ""target_disease_mismatch"": false, ""contains_specific_dose"": false, ""contains_specific_withdrawal"": false, ""regulated_bad_treatment"": false}}",False,False,,,True,False,False,D:\XF-ChongQin\ai-\knowledge\llm_wiki_swine_authoritative,1465,887,"猪后圆线虫病
猪后圆线虫病、metastrongylus lungworms
呼吸道群体发病
同栏出现咳嗽、喘气、发热、采食下降，用户想判断病因和是否需要全群用药。","{""HUMAN_REVIEWED"": 1, ""NEEDS_REVIEW"": 4}","[""SRC-0001"", ""SRC-0006"", ""SRC-0007""]",1889,26.43,ERNIE-4.5-Turbo-32K,88,28,18,23,20,False,True,"该回答整体表现良好，诊断准确性较高，症状、环境与疾病匹配合理，处理方向安全且与疾病相互印证。但在病理逻辑、数据质量方面存在一定提升空间。
问题：诊断准确性方面，虽然症状描述与猪后圆线虫病相符，但未完全排除其他呼吸道疾病的可能性，如猪支原体肺炎等，诊断依据略显单一。；病理逻辑方面，对疾病传播途径和中间宿主的描述不够详细，缺乏对疾病发生机制的深入分析。；数据质量方面，未提供具体的诊断依据或实验室检测结果支持诊断，仅凭症状和环境因素进行推断，证据不够充分。；处方安全性方面，虽然建议了全群驱虫方案，但未明确驱虫药的具体使用剂量和疗程，可能存在用药不当的风险。",,,,,,,,,,False,,,,,88,28,18,23,20,pass,17.78,,
f4491937-d5c3-5c64-9fa4-b671d4e1c82d,65,猪肾虫病,swine_hunyuan_turbos,hunyuan-turbos-20250926,成功,,猪,我家有120头60日龄左右的育肥猪，最近发现好几头精神差、拉稀、长得慢，有的皮肤还抓得发红结痂，之前用过一次伊维菌素拌料驱虫，但效果不明显，圈舍比较潮湿，粪尿清理不及时，想问问是不是肾虫引起的？,根据描述，结合育肥猪阶段、腹泻、消瘦、皮肤瘙痒及圈舍潮湿等因素，考虑猪肾虫病（Stephanurus dentatus）可能性较大。该病由肾虫寄生引起，幼虫可在肝脏移行形成milk spots，成虫寄生于肾周囊并可能通过瘘管开口于输尿管，导致肾功能受损和全身症状。同时需注意与疥螨、猪虱等外寄生虫以及蛔虫移行所致病变鉴别。,treatment_direction: 建议更换广谱抗线虫药物进行驱虫，并在兽医指导下调整方案；配合改善圈舍卫生，减少粪便堆积，降低湿度，防止再感染。；management_measures: 加强饲养管理，及时清理粪污，保持干燥通风；定期轮换驱虫药物种类以减少耐药性；对症状严重的个体优先隔离观察。；sampling_and_testing: 采集新鲜尿液或粪便样本送实验室镜检寻找肾虫卵；必要时剖检可疑病例，检查肾脏周围囊肿及肝脏milk spots情况。；contraindications_and_boundaries: 禁止使用未经批准的兽药；若检出大量虫体或严重病理变化，应按规定向当地动物防疫部门报告，不可自行处置。,因涉及不同药物及个体差异，停药时间须依据所用药品说明书及兽医指导确定，确保上市猪肉安全。,"{""disease_name"": ""猪肾虫病"", ""severity"": ""中等偏重"", ""scene_tags"": [""育肥猪"", ""寄生虫病"", ""腹泻"", ""消瘦"", ""皮肤瘙痒"", ""圈舍潮湿""], ""validation_points"": [""符合猪肾虫病的流行病学特征（潮湿环境、育肥阶段易发）"", ""症状包括腹泻、消瘦、皮肤异常，与文献描述的全身影响一致"", ""需与疥螨、猪虱及蛔虫移行病变鉴别""], ""risk_flags"": [""需排除其他寄生虫病"", ""需按规范采样送检"", ""如为重大疫情需上报""], ""case_type"": ""寄生虫群体发病"", ""target_disease"": ""猪肾虫病"", ""local_flags"": {""species_ok"": true, ""target_disease_in_diagnosis"": true, ""target_disease_mismatch"": false, ""contains_specific_dose"": false, ""contains_specific_withdrawal"": false, ""regulated_bad_treatment"": false}}",False,False,,,True,False,False,D:\XF-ChongQin\ai-\knowledge\llm_wiki_swine_authoritative,1465,887,"猪肾虫病
猪肾虫病、stephanurus dentatus kidney worm
寄生虫群体发病
猪群出现腹泻、消瘦、皮肤瘙痒或生长慢，用户怀疑寄生虫。","{""HUMAN_REVIEWED"": 2, ""NEEDS_REVIEW"": 2}","[""SRC-0001"", ""SRC-0082""]",2221,27.3,ERNIE-4.5-Turbo-32K,82,27,18,22,15,False,True,"整体回答较为全面，诊断逻辑合理，考虑了猪肾虫病的流行病学特征和症状表现，并提出了鉴别诊断。处方安全，管理措施和采样建议合理，但数据质量方面略有不足，如未详细说明鉴别诊断的具体方法和依据。
问题：鉴别诊断部分未详细说明具体方法和依据，仅提及需与疥螨、猪虱及蛔虫移行病变鉴别，缺乏具体操作指导。；数据质量方面，虽然场景标签和验证点较为全面，但缺乏对症状严重程度的详细描述和量化评估。；休药期承诺较为模糊，未给出具体药物和停药时间，仅提及依据药品说明书和兽医指导。",,,,,,,,,,False,,,,,82,27,18,22,15,pass,18.05,,
78e14d45-f605-5f66-9484-4cf3c9d078c8,66,猪营养缺乏与过量综合征,swine_hunyuan_turbos,hunyuan-turbos-20250926,成功,,猪,我家有120头育肥猪，现在平均体重在110公斤左右，准备下个月出栏。最近发现部分猪精神不振、食欲下降，有的出现关节肿大、跛行，还有几头皮肤发白、毛色干枯。饲料一直用的是自配料，前段时间换了豆粕供应商，其他没变。想问这种情况还能治吗？会不会影响出栏卖猪？,根据描述，育肥猪出现精神沉郁、食欲减退、关节肿胀及皮肤苍白等症状，可能与营养失衡有关，如微量元素（铜、锌、硒等）缺乏或维生素不足，也可能涉及钙磷比例失调或蛋白质质量不佳。需结合饲料配方、原料更换情况、饮水状况、饲养密度及现场观察进一步判断。,建议立即停喂当前可疑饲料，改用经过验证的均衡全价料，并补充多维电解质、矿物质预混剂；对严重跛行个体进行隔离护理，减少应激；采集饲料、血样及关节液送实验室检测微量元素和维生素水平；禁止在检测结果明确前随意使用抗生素或激素类药物，以免掩盖病情或造成残留超标。,任何药物治疗均需在检测合格且符合食品安全标准后方可考虑出栏，具体休药期依据所用药品种类及检测结果确定，严禁未经检测直接出售。,"{""disease_name"": ""猪营养缺乏与过量综合征"", ""severity"": ""中等"", ""scene_tags"": [""育肥猪"", ""出栏前"", ""饲料更换"", ""关节症状"", ""皮肤苍白""], ""validation_points"": [""症状与营养缺乏相符"", ""近期饲料原料更换史"", ""多因素影响需综合判断""], ""risk_flags"": [""可能影响出栏销售"", ""需排除传染病"", ""饲料安全需检测""], ""case_type"": ""上市休药期咨询"", ""target_disease"": ""猪营养缺乏与过量综合征"", ""local_flags"": {""species_ok"": true, ""target_disease_in_diagnosis"": false, ""target_disease_mismatch"": true, ""contains_specific_dose"": false, ""contains_specific_withdrawal"": false, ""regulated_bad_treatment"": false}}",True,True,target_disease_in_diagnosis,target_disease_in_diagnosis,False,True,True,D:\XF-ChongQin\ai-\knowledge\llm_wiki_swine_authoritative,1465,887,"猪营养缺乏与过量综合征
猪营养缺乏与过量综合征、nutrient deficiencies and excesses
上市休药期咨询
用户接近出栏，关心治疗方向和用药后能否出栏销售。","{""NEEDS_REVIEW"": 2, ""PROCESSED_SOURCE_ANCHORED"": 2}","[""SRC-0001"", ""SRC-0084""]",2221,26.8,ERNIE-4.5-Turbo-32K,88,28,18,24,18,False,False,"该回答整体符合猪营养缺乏与过量综合征的诊断与处理逻辑，诊断准确性较高，症状与疾病匹配合理，处理方向安全，但数据质量方面略有不足，如未详细说明饲料检测的具体项目。
问题：诊断部分虽提及多种可能性，但未明确指出最可能的营养失衡类型，缺乏针对性。；病理逻辑部分对症状与营养失衡的关联性解释不够深入，如关节肿大与钙磷比例失调的具体机制。；数据质量方面，饲料检测的具体项目未详细说明，可能影响后续处理的精准性。；休药期承诺未给出具体时间范围，仅强调检测合格后，略显模糊。",,,,,,,,,,False,,,,,88,28,18,24,18,reject,19.37,,
6760b1e2-aeaf-538f-9712-ec4f40057151,67,猪黄曲霉毒素中毒,swine_hunyuan_turbos,hunyuan-turbos-20250926,成功,,猪,我家有120头育肥猪，平均体重在70公斤左右，最近换了新一批玉米做的全价料，大概喂了四五天就开始有几头猪不爱吃料，有的还吐，精神也差，个别母猪流产，还有一头小猪走路不稳像站不起来。请问是不是饲料有问题？该怎么处理？,根据描述，结合近期更换饲料及出现的采食下降、呕吐、流产和神经症状，高度怀疑为饲料中黄曲霉毒素含量超标引起的猪黄曲霉毒素中毒。该病为非感染性中毒病，主要损害肝脏功能，可引发全身症状及繁殖障碍。,treatment_direction: 立即停喂可疑饲料，更换为质量可靠、无霉变的原料配制的饲料；加强饮水管理，保证清洁饮水；可在兽医指导下使用保肝护肝类支持性药物缓解肝脏损伤。；management_measures: 对全场饲料进行排查，封存并送检可疑批次；清理料槽残留，防止继续摄入毒素；观察其他猪群有无类似症状，及时隔离症状明显个体。；sampling_submission: 采集剩余可疑饲料样品送有资质的实验室检测黄曲霉毒素B1等指标；必要时采集病死猪肝脏组织做病理学检查以确诊。；prohibited_boundaries: 禁止继续使用可疑饲料；严禁将中毒猪屠宰上市销售；在未明确毒素水平前，不应随意转群或出售。,因属中毒事件，需待饲料毒素检测合格且猪群恢复正常后方可考虑出栏，具体时间依据检测结果和猪群恢复情况确定。,"{""disease_name"": ""猪黄曲霉毒素中毒"", ""severity"": ""中等至高"", ""scene_tags"": [""饲料更换"", ""育肥猪"", ""繁殖障碍"", ""神经症状""], ""validation_points"": [""近期更换饲料史"", ""多猪同时出现采食下降、呕吐"", ""伴随流产及运动障碍"", ""符合黄曲霉毒素中毒临床特征""], ""risk_flags"": [""疑似饲料污染"", ""潜在大规模健康损失"", ""需紧急停喂可疑饲料""], ""case_type"": ""饲料中毒咨询"", ""target_disease"": ""猪黄曲霉毒素中毒"", ""local_flags"": {""species_ok"": true, ""target_disease_in_diagnosis"": true, ""target_disease_mismatch"": false, ""contains_specific_dose"": false, ""contains_specific_withdrawal"": false, ""regulated_bad_treatment"": false}}",False,False,,,True,False,False,D:\XF-ChongQin\ai-\knowledge\llm_wiki_swine_authoritative,1465,887,"猪黄曲霉毒素中毒
猪黄曲霉毒素中毒、aflatoxin toxicosis
饲料中毒咨询
更换饲料或玉米批次后出现采食下降、呕吐、繁殖异常或神经症状，用户怀疑饲料问题。","{""NEEDS_REVIEW"": 2, ""PROCESSED_SOURCE_ANCHORED"": 2}","[""SRC-0001"", ""SRC-0085""]",2221,26.91,ERNIE-4.5-Turbo-32K,92,28,18,24,22,False,True,"整体回答质量较高，诊断准确，处理方向安全，数据质量较好，无明显致命风险。
问题：diagnosis_accuracy: 诊断准确度较高，但未完全覆盖所有症状（如神经症状的具体机制未详细说明）。；pathology_logic: 病理逻辑基本合理，但缺乏对黄曲霉毒素具体作用机制的深入解释。；prescription_safety: 处方安全，但未提及具体保肝药物名称及剂量范围。；data_quality: 数据质量较好，但场景标签和验证点可进一步细化。",,,,,,,,,,False,,,,,92,28,18,24,22,pass,18.88,,
3b4c8591-7b4a-551b-94f3-f4183aa61d44,68,猪呕吐毒素/DON中毒,swine_hunyuan_turbos,hunyuan-turbos-20250926,成功,,猪,我家有120头80公斤左右的育肥猪，最近三天陆续出现采食量明显下降、部分猪呕吐、精神沉郁的情况，没有发热，粪便正常。这批饲料是新换的玉米粉，怀疑可能有问题。想问还能不能继续喂？怎么送饲料去化验？要不要同时采猪的样品？,根据描述的症状（采食下降、呕吐、无发热）、饲料更换史及群体发病情况，高度提示可能与饲料中呕吐毒素（DON）污染有关。DON常见于玉米、小麦等谷物类原料，可引起猪拒食、呕吐等症状。需结合饲料成分分析、毒素检测以及同批饲料的其他猪群反应综合判断。,treatment_direction: 立即停喂可疑饲料，改用安全、无霉变、经过检测的饲料；对症状明显的猪进行对症治疗（如补液、维持电解质平衡），并观察恢复情况。；management_measures: 清理料槽残留可疑饲料，防止交叉污染；加强饲养管理，保证饮水清洁；记录发病猪数量、症状变化及死亡情况。；sampling_submission: 采集剩余可疑饲料样本（不少于500克，密封冷藏运输）；同时采集发病猪的血液、肝脏、胃内容物等组织样本，送至具备资质的实验室检测DON及其他霉菌毒素含量。；prohibited_boundaries: 在未获得检测结果前，严禁将可疑饲料继续投喂；若检出高含量DON或其他剧毒霉菌毒素，应按规定销毁饲料，并向当地畜牧兽医部门报告。,因属中毒事件，无特定休药期概念；在饲料更换为安全饲料且猪群恢复正常采食后方可考虑出栏或屠宰。,"{""disease_name"": ""猪呕吐毒素/DON中毒"", ""severity"": ""中等"", ""scene_tags"": [""育肥猪"", ""饲料更换"", ""采食下降"", ""呕吐""], ""validation_points"": [""症状符合DON中毒特征（拒食、呕吐、无高热）"", ""存在新换可疑饲料暴露史"", ""群体性发生支持饲料源性病因""], ""risk_flags"": [""需排除其他饲料毒素或非毒素性病因"", ""涉及饲料安全与食品安全风险""], ""case_type"": ""中毒处置边界"", ""target_disease"": ""猪呕吐毒素/DON中毒"", ""local_flags"": {""species_ok"": true, ""target_disease_in_diagnosis"": false, ""target_disease_mismatch"": true, ""contains_specific_dose"": false, ""contains_specific_withdrawal"": false, ""regulated_bad_treatment"": false}}",True,True,target_disease_in_diagnosis,target_disease_in_diagnosis,False,True,True,D:\XF-ChongQin\ai-\knowledge\llm_wiki_swine_authoritative,1465,887,"猪呕吐毒素/DON中毒
猪呕吐毒素/DON中毒、don trichothecene toxicosis
中毒处置边界
用户想知道是否继续饲喂可疑饲料、怎样送检饲料和病料。","{""HUMAN_REVIEWED"": 1, ""NEEDS_REVIEW"": 2, ""PROCESSED_SOURCE_A"": 1, ""PROCESSED_SOURCE_ANCHORED"": 1}","[""SRC-0001"", ""SRC-0069"", ""SRC-0085""]",2221,36.4,ERNIE-4.5-Turbo-32K,90,28,18,24,20,False,False,"该回答在诊断准确性、病理逻辑、处方安全性和数据质量方面表现良好，整体符合猪呕吐毒素/DON中毒的测试数据要求，无致命风险，通过评估。
问题：diagnosis_accuracy: 诊断部分未明确排除其他类似症状疾病（如其他霉菌毒素中毒或胃肠道感染），尽管提及需结合检测综合判断，但未充分强调鉴别诊断的重要性。；pathology_logic: 病理逻辑部分对DON中毒的病理机制解释不够深入，仅描述症状与饲料关联，未提及毒素作用机制（如抑制蛋白质合成导致消化道损伤）。；prescription_safety: 处方安全性中未明确补液和电解质平衡的具体措施（如口服补液盐或静脉输液的适用情况），可能影响实际操作安全性。；data_quality: 数据质量中场景标签和验证点较全面，但风险标志未提及人兽共患风险（虽DON中毒非人兽共患病，但饲料污染可能涉及其他共患病原），略显不足。",,,,,,,,,,False,,,,,90,28,18,24,20,reject,27.19,,
7684aca8-769b-5ecb-905e-1ba9cbf79830,69,猪玉米赤霉烯酮中毒,swine_hunyuan_turbos,hunyuan-turbos-20250926,成功,,猪,我家是300头基础母猪的种猪场，最近有七八头怀孕80多天的母猪陆续流产，还有两头公猪性欲明显下降、精液稀薄。饲料一直用自配料，前段时间下雨潮湿，怀疑玉米可能发霉了。想问这是不是传染病？还能不能继续配种？,根据描述，结合近期饲料原料受潮情况，应考虑猪玉米赤霉烯酮中毒的可能。ZEA为具有雌激素样作用的霉菌毒素，可导致母猪阴户红肿、假孕、流产倾向增加及公猪精液质量下降等繁殖障碍表现。需排除猪繁殖与呼吸综合征、伪狂犬病、细小病毒病等传染性疾病。,treatment_direction: 立即停喂可疑饲料，更换新鲜无霉变原料，并加强饲料储存防潮措施。对受影响母猪进行临床观察，记录发情周期变化。；management_measures: 全群调整饲料配方，添加脱毒剂或吸附剂以减少毒素吸收；改善圈舍通风干燥条件，减少应激。；sampling_submission: 采集剩余饲料样品送实验室检测ZEA含量；同时采集流产胎儿组织、血液样本做病原学筛查（PRRSV、PRV、PPV等），明确是否为混合因素所致。；prohibited_boundaries: 在病因未明前，禁止将疑似中毒母猪或公猪与其他健康猪混群交配或转群，防止潜在传染或毒素扩散。,因属中毒性病因，无特定药物休药期，但应待饲料更换、毒素清除且母猪恢复稳定发情后再考虑配种。,"{""disease_name"": ""猪玉米赤霉烯酮中毒"", ""severity"": ""中等偏重"", ""scene_tags"": [""种猪场"", ""饲料污染"", ""繁殖障碍"", ""公猪精液异常""], ""validation_points"": [""ZEA具有雌激素样作用，可引起母猪阴户肿胀、流产倾向及公猪精液质量下降"", ""饲料原料受潮霉变是主要暴露途径"", ""需通过饲料检测和病原学排查区分中毒与传染性繁殖障碍""], ""risk_flags"": [""饲料安全"", ""繁殖性能下降"", ""潜在混合感染""], ""case_type"": ""种猪繁殖障碍"", ""target_disease"": ""猪玉米赤霉烯酮中毒"", ""local_flags"": {""species_ok"": true, ""target_disease_in_diagnosis"": true, ""target_disease_mismatch"": false, ""contains_specific_dose"": false, ""contains_specific_withdrawal"": false, ""regulated_bad_treatment"": false}}",False,False,,,True,False,False,D:\XF-ChongQin\ai-\knowledge\llm_wiki_swine_authoritative,1465,887,"猪玉米赤霉烯酮中毒
猪玉米赤霉烯酮中毒、zearalenone toxicosis
种猪繁殖障碍
种猪场出现流产、死胎、返情或公猪异常，用户担心传染病和是否继续配种。","{""HUMAN_REVIEWED"": 2, ""NEEDS_REVIEW"": 2, ""PROCESSED_SOURCE_ANCHORED"": 1}","[""SRC-0001"", ""SRC-0025"", ""SRC-0085""]",2176,35.59,ERNIE-4.5-Turbo-32K,88,28,18,23,20,False,True,"整体回答质量较高，诊断方向准确，病理逻辑合理，处方安全且与疾病相互印证，数据质量良好，无明显致命风险。
问题：diagnosis_accuracy: 诊断准确性较高，但未完全排除所有可能的传染性疾病，如未明确提及蓝耳病、伪狂犬病、细小病毒病的具体排除依据。；pathology_logic: 病理逻辑基本合理，但对ZEA毒素作用机制的描述可更详细，以增强逻辑严谨性。；prescription_safety: 处方安全且合理，但‘禁止混群交配或转群’的建议可更具体，如明确隔离时间和观察指标。；data_quality: 数据质量良好，但‘场景标签’和‘验证点’可更全面，如增加‘饲料检测方法’或‘毒素阈值’等信息。",,,,,,,,,,False,,,,,88,28,18,23,20,pass,25.26,,
b7f158b2-00a2-5311-b484-ad2436e9f7ac,70,猪富马毒素中毒,swine_hunyuan_turbos,hunyuan-turbos-20250926,成功,,猪,我家有80头育肥猪，平均体重在90公斤左右，最近一周陆续出现呼吸急促、精神不振的情况，部分猪肚子鼓胀，食欲下降。这批猪一直吃的是新换的玉米型全价料，怀疑是饲料问题。请问还能继续喂吗？需要怎么送饲料和病料去检测？,结合病史、症状和饲料更换史，高度怀疑为富马毒素中毒，表现为肺水肿及可能的肝功能异常。需通过饲料毒素检测及病猪组织病理学分析确诊。,立即停止使用可疑饲料并封存留样；采集剩余饲料样品送至具备资质的实验室进行富马毒素及其他霉菌毒素检测；同时采集病死猪肺、肝等组织样本送检；加强通风、减少应激，提供清洁饮水和易消化的饲料；严禁将可疑饲料转喂其他批次猪群；若检出超标，应按监管部门要求处置。,因属中毒事件，无特定药物休药期，但须确保饲料毒素降至安全限值后方可恢复饲喂。,"{""disease_name"": ""猪富马毒素中毒"", ""severity"": ""中等至严重"", ""scene_tags"": [""育肥猪"", ""饲料更换"", ""呼吸症状"", ""食欲减退""], ""validation_points"": [""症状符合肺水肿及肝毒性表现"", ""饲料更换史提示毒素暴露风险"", ""需饲料与病料双重检测验证""], ""risk_flags"": [""疑似饲料污染"", ""潜在批量发病风险""], ""case_type"": ""中毒处置边界"", ""target_disease"": ""猪富马毒素中毒"", ""local_flags"": {""species_ok"": true, ""target_disease_in_diagnosis"": false, ""target_disease_mismatch"": true, ""contains_specific_dose"": false, ""contains_specific_withdrawal"": false, ""regulated_bad_treatment"": false}}",True,True,target_disease_in_diagnosis,target_disease_in_diagnosis,False,True,True,D:\XF-ChongQin\ai-\knowledge\llm_wiki_swine_authoritative,1465,887,"猪富马毒素中毒
猪富马毒素中毒、fumonisin toxicosis
中毒处置边界
用户想知道是否继续饲喂可疑饲料、怎样送检饲料和病料。","{""NEEDS_REVIEW"": 2, ""PROCESSED_SOURCE_ANCHORED"": 2}","[""SRC-0001"", ""SRC-0085""]",2221,34.88,ERNIE-4.5-Turbo-32K,88,28,18,24,18,False,False,"该回答整体表现良好，诊断准确性较高，症状与疾病匹配合理，诊断逻辑清晰，处理方向安全且与疾病相互印证。数据质量方面，场景描述和验证点较为全面，但部分细节可进一步优化。
问题：诊断准确性方面，虽然症状与疾病匹配合理，但未明确提及富马毒素中毒的典型症状（如神经症状），可能影响诊断的全面性。；病理学逻辑方面，未详细说明肺水肿及肝功能异常与富马毒素中毒的具体关联机制，逻辑链条稍显薄弱。；处方安全性方面，处理方向安全，但未提及检测结果出来前的临时应对措施（如使用解毒剂或支持疗法），可能影响应急处理效果。；数据质量方面，场景标签和验证点较为全面，但未提及猪群的整体健康状况或历史发病情况，可能影响诊断的准确性。",,,,,,,,,,False,,,,,88,28,18,24,18,reject,26.42,,
edf10bbe-7738-55fd-a59e-b14d41525eb9,71,猪矿物质与化学物中毒,swine_hunyuan_turbos,hunyuan-turbos-20250926,成功,,猪,我家有200头育肥猪，平均体重在60公斤左右，上周刚换了一批新玉米做饲料，这两天陆续出现采食量明显下降、有几头还呕吐，个别母猪出现流产迹象，精神也差。想问问是不是饲料有问题？,根据描述，结合近期更换饲料原料的情况，高度怀疑为饲料源性矿物或化学物质中毒，如重金属、霉菌毒素或其他污染物引起的中毒反应。需进一步排查饲料成分及可能的污染源。,立即停喂可疑批次饲料，更换为安全饲料并加强饮水管理；对出现症状的猪只进行隔离观察，采集剩余饲料、呕吐物及血液样本送实验室检测毒物种类；同时检查饲料储存条件与环境是否有污染可能；严禁使用未经检测安全的饲料继续投喂。,因涉及潜在毒物残留，应依据检测结果确定相应休药期，期间禁止出售或屠宰受影响猪只。,"{""disease_name"": ""猪矿物质与化学物中毒"", ""severity"": ""中等至严重"", ""scene_tags"": [""饲料更换"", ""育肥猪"", ""采食下降"", ""呕吐"", ""繁殖障碍""], ""validation_points"": [""症状与饲料更换时间吻合"", ""存在群体性表现提示共同暴露源"", ""需排除其他传染病""], ""risk_flags"": [""疑似饲料中毒"", ""需采样检测"", ""可能影响繁殖性能""], ""case_type"": ""饲料中毒咨询"", ""target_disease"": ""猪矿物质与化学物中毒"", ""local_flags"": {""species_ok"": true, ""target_disease_in_diagnosis"": false, ""target_disease_mismatch"": true, ""contains_specific_dose"": false, ""contains_specific_withdrawal"": false, ""regulated_bad_treatment"": false}}",True,True,target_disease_in_diagnosis,target_disease_in_diagnosis,False,True,True,D:\XF-ChongQin\ai-\knowledge\llm_wiki_swine_authoritative,1465,887,"猪矿物质与化学物中毒
猪矿物质与化学物中毒、toxic minerals chemicals plants and gases
饲料中毒咨询
更换饲料或玉米批次后出现采食下降、呕吐、繁殖异常或神经症状，用户怀疑饲料问题。","{""NEEDS_REVIEW"": 2, ""PROCESSED_SOURCE_ANCHORED"": 1}","[""SRC-0001"", ""SRC-0086""]",2221,25.97,ERNIE-4.5-Turbo-32K,88,28,18,24,18,False,False,"整体回答质量较高，诊断准确，处理方向安全，但部分细节可优化。
问题：diagnosis_accuracy: 诊断准确度较高，但未明确提及具体可能的矿物或化学物质，略显笼统。；pathology_logic: 病理逻辑合理，但未详细解释症状与中毒之间的具体关联机制。；prescription_safety: 处方安全，但休药期承诺过于依赖检测结果，未给出初步建议。；data_quality: 数据质量良好，但场景标签和验证点可更具体。",,,,,,,,,,False,,,,,88,28,18,24,18,reject,18.56,,
53c2a594-5dba-579c-8aad-844ed52114ba,72,猪亚硝酸盐中毒,swine_hunyuan_turbos,hunyuan-turbos-20250926,成功,,猪,我家有120头60公斤左右的育肥猪，最近两天陆续有几头突然倒地、呼吸急促、口吐白沫，有的还拉暗红色血便，昨天开始死了3头。怀疑是前几天换的青贮玉米饲料有问题，想问还能不能继续喂这批料？另外该怎么采饲料样和病猪样去化验？,根据描述的症状（突发呼吸困难、黏膜发绀、出血性腹泻）及近期更换青贮饲料的情况，高度怀疑为急性亚硝酸盐中毒。该病常由含高硝酸盐/亚硝酸盐的青贮饲料引起，导致血红蛋白氧化成高铁血红蛋白，造成全身缺氧。需要结合饲料和病料检测硝酸盐/亚硝酸盐含量以及高铁血红蛋白比例来确诊。,treatment_direction: 立即停止饲喂可疑青贮饲料，更换为安全无污染的饲料；对尚存活且症状较轻的猪，可在兽医指导下使用亚甲蓝等解毒剂，并结合支持疗法如补液、供氧；重症病例预后差，必要时人道淘汰。；management_measures: 全群停喂可疑饲料，检查饮水系统有无污染；加强通风，减少应激；密切观察剩余猪只精神、呼吸、粪便变化。；sampling_and_testing: 采集剩余可疑青贮饲料样品送实验室检测硝酸盐/亚硝酸盐含量；同时采集病死猪的血液（测高铁血红蛋白）、胃内容物、肝组织进行毒物分析；注意保存和运输条件以防降解。；prohibited_boundaries: 在未明确诊断前不得继续使用可疑饲料；禁止将病死猪尸体随意丢弃或流入市场；严禁私自屠宰销售疑似中毒猪只。,由于病因可能为饲料中毒而非药物残留，无特定休药期概念；但应保证后续饲料安全，并在恢复饲养前进行健康评估。,"{""disease_name"": ""猪亚硝酸盐中毒"", ""severity"": ""高致死率急性中毒"", ""scene_tags"": [""育肥猪"", ""青贮饲料"", ""急性缺氧"", ""出血性腹泻""], ""validation_points"": [""症状符合急性亚硝酸盐中毒特征（呼吸困难、发绀、出血性腹泻）"", ""存在可疑高硝酸盐青贮饲料暴露史"", ""需通过饲料和病料检测确认""], ""risk_flags"": [""重大中毒事件"", ""潜在群体感染风险"", ""需立即停喂可疑饲料""], ""case_type"": ""中毒处置边界"", ""target_disease"": ""猪亚硝酸盐中毒"", ""local_flags"": {""species_ok"": true, ""target_disease_in_diagnosis"": false, ""target_disease_mismatch"": true, ""contains_specific_dose"": false, ""contains_specific_withdrawal"": false, ""regulated_bad_treatment"": false}}",True,True,target_disease_in_diagnosis,target_disease_in_diagnosis,False,True,True,D:\XF-ChongQin\ai-\knowledge\llm_wiki_swine_authoritative,1465,887,"猪亚硝酸盐中毒
猪亚硝酸盐中毒、nitrite toxicosis
中毒处置边界
用户想知道是否继续饲喂可疑饲料、怎样送检饲料和病料。","{""HUMAN_REVIEWED"": 1, ""NEEDS_REVIEW"": 2, ""PROCESSED_SOURCE_ANCHORED"": 2}","[""SRC-0001"", ""SRC-0062"", ""SRC-0084"", ""SRC-0086""]",2152,23.46,ERNIE-4.5-Turbo-32K,92,28,19,24,21,False,False,"该回答对猪亚硝酸盐中毒的诊断准确，症状与疾病匹配度高，诊断逻辑清晰，处理方向安全合理，数据质量较高，无明显错误。
问题：诊断准确性方面，虽然整体准确，但未完全覆盖所有可能症状（如黏膜发绀未明确提及）；病理逻辑上，对疾病机制的描述可更深入；处方安全性上，解毒剂使用建议较笼统，未提及具体剂量；数据质量上，采样和检测建议可更详细。",,,,,,,,,,False,,,,,92,28,19,24,21,reject,13.95,,
36ad8134-224a-5fc6-8ab0-64eb66578bc2,73,猪有毒气体与通风失败损伤,swine_hunyuan_turbos,hunyuan-turbos-20250926,成功,,猪,我家是育肥场，存栏大概800头，平均体重在90公斤左右。这批猪从上周开始陆续出现采食量下降、个别有呕吐现象，还有几头母猪出现流产迹象，部分猪精神沉郁、呼吸急促。最近我们刚换了新一批玉米，而且这几天天气闷热，舍内通风不太好，粪池也没及时清理。想问问是不是饲料有问题还是别的原因？,结合病史、症状和现场条件，考虑为粪污分解产生的有害气体（如氨气、硫化氢）导致的中毒，同时需排除饲料毒素（如霉菌毒素）叠加影响。当前表现符合群体性环境暴露特征，而非单一传染病。,treatment_direction: 立即改善圈舍通风，降低有害气体浓度；暂停使用可疑饲料批次并取样送检；对症状明显个体进行隔离观察，减少应激。；management_measures: 加强粪污清理频率，避免高温密闭环境下搅动粪池；调整饲喂方式，分餐少量多次；监测全群采食、呼吸和精神状况。；sampling_submission: 采集可疑饲料样品送实验室检测霉菌毒素及营养成分；必要时采集病死猪组织做病理学检查。；prohibited_boundaries: 严禁在未查明病因前随意投喂抗生素或解毒剂；禁止将疑似污染饲料直接转喂其他猪群；若发现严重死亡或群体性神经症状，应立即向当地畜牧兽医部门报告。,因属环境管理类问题，无特定休药期；但若后续使用治疗药物，须按药品说明执行相应停药期。,"{""disease_name"": ""猪有毒气体与通风失败损伤"", ""severity"": ""中等至严重（取决于暴露浓度和时间）"", ""scene_tags"": [""群体暴露"", ""环境管理"", ""通风不良"", ""粪污气体""], ""validation_points"": [""症状与有害气体暴露一致（采食下降、呕吐、流产、呼吸急促）"", ""存在通风差、粪池未及时清理的诱因"", ""近期更换饲料提示可能叠加毒素风险""], ""risk_flags"": [""潜在群体性健康威胁"", ""需排除饲料毒素叠加"", ""涉及重大动物疫病排查边界""], ""case_type"": ""饲料中毒咨询"", ""target_disease"": ""猪有毒气体与通风失败损伤"", ""local_flags"": {""species_ok"": true, ""target_disease_in_diagnosis"": false, ""target_disease_mismatch"": true, ""contains_specific_dose"": false, ""contains_specific_withdrawal"": false, ""regulated_bad_treatment"": false}}",True,True,target_disease_in_diagnosis,target_disease_in_diagnosis,False,True,True,D:\XF-ChongQin\ai-\knowledge\llm_wiki_swine_authoritative,1465,887,"猪有毒气体与通风失败损伤
猪有毒气体与通风失败损伤、toxic gases ventilation failure
饲料中毒咨询
更换饲料或玉米批次后出现采食下降、呕吐、繁殖异常或神经症状，用户怀疑饲料问题。","{""HUMAN_REVIEWE"": 1, ""HUMAN_REVIEWED"": 1, ""NEEDS_REVIEW"": 2, ""PROCESSED_SOURCE_ANCHORED"": 1}","[""SRC-0001"", ""SRC-0007"", ""SRC-0041"", ""SRC-0086""]",2221,31.05,ERNIE-4.5-Turbo-32K,82,27,18,22,15,False,False,"该回答整体表现良好，诊断准确，考虑了环境因素和饲料毒素的叠加影响，处理方向安全合理，符合疾病特征。但在数据质量和病理逻辑方面存在一定不足，需进一步优化。
问题：data_quality: 症状描述和现场条件分析较为全面，但缺乏对具体气体浓度或饲料毒素检测结果的引用，数据支撑略显不足。；pathology_logic: 对有害气体中毒的病理机制解释不够深入，未明确阐述气体如何导致具体症状（如流产、呼吸急促）的生理过程。；diagnosis_accuracy: 诊断准确，但未完全排除其他潜在疾病（如传染病）的可能性，尽管当前症状更符合环境暴露特征。",,,,,,,,,,False,,,,,82,27,18,22,15,reject,21.38,,
abfd4034-dcb7-58a1-93e4-1e78e1f98bd7,74,非洲猪瘟,swine_hunyuan_turbos,hunyuan-turbos-20250926,成功,,猪,我家有120头90公斤左右的育肥猪，最近一周陆续有几头开始发烧到41度左右，精神沉郁不吃料，皮肤发红发紫，有的还拉血便，之前用了氟苯尼考和多西环素拌料三天，体温降了点但很快又反弹，现在还有新发病的，想问还能不能再继续用这些药？,高度怀疑非洲猪瘟（African Swine Fever），因表现为高热、皮肤发绀、便血、抗生素治疗效果差且病情持续扩散，符合该病的急性型特征。,立即停止使用任何未经批准的抗菌药，严格限制场内人员、车辆及物资流动，禁止出售或转运生猪；对全群进行紧急采样送有资质的实验室检测；对病死猪无害化处理，并对圈舍及周边环境彻底清洗消毒；等待检测结果后按当地畜牧兽医部门指导采取进一步措施。,在确诊前严禁屠宰上市，若确诊须按国家及地方规定执行扑杀、无害化处理和疫区封锁等措施，不存在常规休药期概念。,"{""disease_name"": ""非洲猪瘟"", ""severity"": ""高致死性重大动物疫病"", ""scene_tags"": [""育肥猪"", ""高热"", ""便血"", ""抗生素无效"", ""疫情扩散""], ""validation_points"": [""临床表现符合非洲猪瘟急性型特征"", ""抗生素治疗无效提示非细菌性感染"", ""疫情在群内持续发生""], ""risk_flags"": [""疑似重大动物疫病"", ""需立即限制移动"", ""需实验室确诊""], ""case_type"": ""育肥猪用药咨询"", ""target_disease"": ""非洲猪瘟"", ""local_flags"": {""species_ok"": true, ""target_disease_in_diagnosis"": true, ""target_disease_mismatch"": false, ""contains_specific_dose"": false, ""contains_specific_withdrawal"": false, ""regulated_bad_treatment"": false}}",False,False,,,True,False,False,D:\XF-ChongQin\ai-\knowledge\llm_wiki_swine_authoritative,1465,887,"非洲猪瘟
非洲猪瘟、african swine fever virus、ASF、African swine fever
育肥猪用药咨询
育肥猪出现典型症状，用户已经用过常见药物但效果一般，询问是否继续用药。","{""HUMAN_REVIEWED"": 2}","[""SRC-0001"", ""SRC-0031""]",2221,19.94,ERNIE-4.5-Turbo-32K,90,30,20,25,15,False,True,"该回答对非洲猪瘟的诊断准确，症状与疾病匹配度高，诊断逻辑清晰，处理方向安全且符合重大疫病防控要求，数据质量基本满足要求。
问题：data_quality扣10分：未提供具体检测机构信息，未明确说明无害化处理的具体方法，对用户心理安抚不足。；data_quality扣10分：未提及疫情上报的具体流程和时限要求。",,,,,,,,,,False,,,,,90,30,20,25,15,pass,12.97,,
78bab506-1857-531a-89ac-4deb33bee1b2,75,猪流行性腹泻,swine_hunyuan_turbos,hunyuan-turbos-20250926,成功,,猪,我家有120头母猪，现在产房里10日龄左右的仔猪陆续出现拉黄色稀粪，有的带点酸臭味，吃奶正常但精神稍差，已经死了3头。保育舍20多斤的小猪也有个别拉稀，但不严重。之前用过恩诺沙星拌料，效果不明显。请问这是病毒性还是细菌性的？要不要马上送检？,根据日龄、粪便性状及群发情况，高度怀疑为猪流行性腹泻（PEDV），同时需排除大肠杆菌、轮状病毒、梭菌等病因。PEDV 常在哺乳仔猪中引起急性水样腹泻，传播快，死亡率高，且抗生素治疗无效。当前病例符合病毒性腹泻特征，建议尽快采集新鲜粪便送实验室检测确诊。,treatment_direction: 无特效抗病毒药物，主要采取支持疗法防止继发细菌感染，如补液、保温、减少应激。；management_measures: 立即隔离发病栏位，加强消毒，暂停人员、工具随意流动；对未发病猪群进行紧急营养支持和环境管理，提高抵抗力。；sampling_and_testing: 采集发病仔猪的新鲜粪便样本，送具备资质的兽医实验室进行PEDV、轮状病毒、大肠杆菌等多病原检测，明确病原类型。；prohibited_boundaries: 严禁使用未经批准的兽药或人用药品替代治疗；发现疑似重大疫病应立即向当地畜牧兽医部门报告，不得擅自销售、转运病死猪。,因无特定药物治疗，不涉及药物休药期问题；若后续使用抗生素控制继发感染，应遵守相应药物的停药期规定。,"{""disease_name"": ""猪流行性腹泻"", ""severity"": ""高"", ""scene_tags"": [""哺乳仔猪"", ""水样腹泻"", ""群发"", ""死亡""], ""validation_points"": [""日龄集中在10日龄左右，符合PEDV高发期"", ""粪便呈黄色稀便，伴酸臭味，提示病毒性腹泻可能"", ""抗生素治疗无效，进一步支持非细菌性病因""], ""risk_flags"": [""疑似重大动物疫病"", ""需及时送检确诊"", ""潜在快速传播风险""], ""case_type"": ""腹泻采样送检"", ""target_disease"": ""猪流行性腹泻"", ""local_flags"": {""species_ok"": true, ""target_disease_in_diagnosis"": true, ""target_disease_mismatch"": false, ""contains_specific_dose"": false, ""contains_specific_withdrawal"": false, ""regulated_bad_treatment"": false}}",False,False,,,True,False,False,D:\XF-ChongQin\ai-\knowledge\llm_wiki_swine_authoritative,1465,887,"猪流行性腹泻
猪流行性腹泻、porcine epidemic diarrhea virus、PED、PEDV
腹泻采样送检
用户描述粪便性状、日龄和病程，重点询问如何鉴别病毒性、细菌性或寄生虫性腹泻。","{""HUMAN_REVIEWED"": 2, ""NEEDS_REVIEW"": 2}","[""A0-MOA-573"", ""RC-DIARRHEA-001"", ""SRC-0001"", ""SRC-0037"", ""SRC-0052"", ""SRC-0062"", ""SRC-0063"", ""SRC-0064"", ""SRC-0071"", ""SRC-0072"", ""SRC-0073"", ""SRC-0077"", ""SRC-0081""]",2221,30.64,ERNIE-4.5-Turbo-32K,88,28,18,23,20,False,True,"整体回答质量较高，诊断准确性、病理逻辑、处方安全性和数据质量均表现良好，无明显致命风险，符合通过标准。
问题：diagnosis_accuracy: 诊断准确性较高，但未完全覆盖所有可能的鉴别诊断（如梭菌性肠炎的详细排除依据不足）。；pathology_logic: 病理逻辑基本合理，但对轮状病毒与PEDV的鉴别要点描述不够深入。；prescription_safety: 处方安全性良好，但紧急营养支持的具体措施（如电解质补充方案）未明确。；data_quality: 数据质量较高，但场景标签中‘死亡’的严重性未在回答中充分量化（如死亡率范围）。",,,,,,,,,,False,,,,,88,28,18,23,20,pass,20.7,,
0f7a3792-e242-552a-a4ba-779165bc11fa,76,猪传染性胃肠炎,swine_hunyuan_turbos,hunyuan-turbos-20250926,成功,,猪,我家有200头120公斤左右的育肥猪，还有半个月就要出栏了，这几天陆续有几头开始拉稀，粪便稀薄带点酸臭味，精神还行，采食量下降不多，圈舍温度偏低，地面有点湿滑。想问这种情况能不能继续养到出栏？要不要隔离？用什么药能控制住？会不会影响卖猪？,根据描述，结合育肥猪临近出栏、粪便稀薄带酸臭、环境温度低且潮湿的情况，考虑为猪传染性胃肠炎（TGEV）的可能性较大，同时需排除其他引起腹泻的病毒或细菌因素。该病在低温高湿环境下易发，可通过粪口途径传播。,1. 立即将发病猪与健康猪分栏隔离，减少接触传播机会；2. 加强圈舍保温，保持干燥通风，防止贼风直吹；3. 保证清洁饮水，可在饮水中添加适量电解质和维生素，帮助恢复体液平衡；4. 暂停使用对肠道刺激性大的药物，避免加重脱水；5. 采集新鲜粪便送实验室进行RT-PCR或病毒分离确诊；6. 若确诊为TGEV，应依据当地动物防疫部门要求进行报告和处置，不可擅自出售；7. 禁止随意使用抗生素作为预防或治疗，以免掩盖病情并增加耐药风险。,因属病毒性腹泻，无特效药物治疗，故不存在药物休药期问题；但若涉及任何药物干预，须遵循兽医指导并在符合安全间隔后再考虑出栏。,"{""disease_name"": ""猪传染性胃肠炎"", ""severity"": ""中等"", ""scene_tags"": [""育肥猪"", ""临近出栏"", ""腹泻"", ""低温高湿""], ""validation_points"": [""症状与TGEV流行病学特征相符"", ""环境条件和传播途径吻合"", ""建议隔离和送检符合防控原则""], ""risk_flags"": [""重大动物疫病潜在风险"", ""临近出栏需严格检疫""], ""case_type"": ""腹泻出栏边界"", ""target_disease"": ""猪传染性胃肠炎"", ""local_flags"": {""species_ok"": true, ""target_disease_in_diagnosis"": true, ""target_disease_mismatch"": false, ""contains_specific_dose"": false, ""contains_specific_withdrawal"": false, ""regulated_bad_treatment"": false}}",False,False,,,True,False,False,D:\XF-ChongQin\ai-\knowledge\llm_wiki_swine_authoritative,1465,887,"猪传染性胃肠炎
猪传染性胃肠炎、transmissible gastroenteritis virus、TGE、TGEV
腹泻出栏边界
临近出栏猪群出现腹泻，用户关心处理方向、隔离和用药后能否销售。","{""HUMAN_REVIEWED"": 2, ""NEEDS_REVIEW"": 2}","[""SRC-0001"", ""SRC-0036"", ""SRC-0037""]",2221,27.89,ERNIE-4.5-Turbo-32K,82,27,18,22,15,False,True,"整体回答符合猪传染性胃肠炎的诊断与处理原则，诊断准确性较高，病理逻辑合理，处方安全且符合疾病防控要求，数据质量基本满足需求，无致命风险。
问题：诊断准确性方面，虽然考虑了猪传染性胃肠炎的可能性，但未完全排除其他引起腹泻的病毒或细菌因素，诊断依据可进一步细化。；病理逻辑方面，对环境因素与疾病发生的关系阐述较为充分，但对疾病传播途径和防控措施的逻辑联系可加强。；处方安全方面，整体处理方向安全，但对电解质和维生素的添加量、采集粪便送检的具体操作等未详细说明。；数据质量方面，症状描述、环境条件等数据较为完整，但缺乏对猪群整体健康状况的详细评估数据。",,,,,,,,,,False,,,,,82,27,18,22,15,pass,19.55,,
d35bde6a-8b54-50d0-9ceb-d1a1c1fec50a,77,猪瘟,swine_hunyuan_turbos,hunyuan-turbos-20250926,成功,,猪,我家有120头育肥猪，体重在60公斤左右，最近一周陆续出现发热、精神沉郁、食欲下降的情况，部分猪耳朵和腹部皮肤发紫，还有几头拉稀带血。之前用过恩诺沙星和阿莫西林拌料，效果不明显。想请教一下这种情况应该采集哪些样品送检？怎么判断是不是猪瘟？怕误诊耽误处理。,"根据描述的临床症状（高热、精神沉郁、食欲减退、皮肤发绀、腹泻带血），结合多阶段猪群同时发病且常规抗生素治疗无效，高度怀疑为经典猪瘟（Classical Swine Fever, CSF）。该病由黄病毒科瘟病毒属引起，具有高度传染性和致死性，不同日龄均可感染，临床表现多样，易与其他出血性疾病混淆。",treatment_direction: 本病无特效治疗药物，确诊后应依据国家动物防疫法规进行扑杀和无害化处理，防止疫情扩散。；management_measures: 立即隔离发病猪及同栏健康猪，停止调运和出售，对圈舍及周边环境彻底消毒，限制人员、车辆流动。；sampling_submission: 建议采集病死猪的脾脏、肾脏、淋巴结等实质器官组织以及血液样本送实验室检测（PCR、抗原检测等）；如怀疑神经系统受累，应加采脑组织和脊髓。；prohibited_actions: 严禁私自屠宰、销售疑似染疫猪及其产品，禁止用抗生素掩盖病情延误上报。,因属烈性传染病，一旦确诊须按《中华人民共和国动物防疫法》及相关规定执行扑杀和无害化处理，不存在药物休药期概念。,"{""disease_name"": ""经典猪瘟（Classical Swine Fever, CSF）"", ""severity"": ""高致死率、OIE列名重大动物疫病"", ""scene_tags"": [""育肥猪"", ""多阶段发病"", ""发热发绀"", ""腹泻带血"", ""抗生素治疗无效""], ""validation_points"": [""典型高热、精神沉郁、皮肤发绀、便血等症状符合CSF特征"", ""抗生素无效提示非细菌性病因"", ""多阶段猪群同时发病增加烈性病可能性""], ""risk_flags"": [""重大动物疫病风险，需立即上报当地动物卫生监督机构"", ""存在人畜共患病鉴别需求时需排除其他病原""], ""case_type"": ""采样送检咨询"", ""target_disease"": ""猪瘟"", ""local_flags"": {""species_ok"": true, ""target_disease_in_diagnosis"": true, ""target_disease_mismatch"": false, ""contains_specific_dose"": false, ""contains_specific_withdrawal"": false, ""regulated_bad_treatment"": false}}",False,False,,,True,False,False,D:\XF-ChongQin\ai-\knowledge\llm_wiki_swine_authoritative,1465,887,"猪瘟
猪瘟、classical swine fever pestiviruses、经典猪瘟、CSF
采样送检咨询
用户描述症状后，重点询问采什么样品、如何判断和如何避免误治。","{""HUMAN_REVIEWED"": 3}","[""A1-WOAH-CSF"", ""A1-WOAH-CSF-DISEASE"", ""A1-WOAH-CSF-MANUAL"", ""SRC-0009"", ""SRC-0031"", ""SRC-0046""]",2221,27.27,ERNIE-4.5-Turbo-32K,92,28,18,25,21,False,True,"该回答在诊断准确性、病理逻辑、处方安全性和数据质量方面表现良好，符合猪瘟的诊断和处理规范，无致命风险。
问题：diagnosis_accuracy: 诊断准确性得分略低，因未完全排除其他类似症状疾病（如猪丹毒、猪繁殖与呼吸综合征）的可能性，尽管症状高度符合猪瘟，但未提及鉴别诊断。；pathology_logic: 病理逻辑得分稍低，因未详细解释猪瘟的病理机制与症状之间的直接联系，尤其是皮肤发绀和腹泻带血的病理基础。；data_quality: 数据质量得分受影响，因未提供具体的实验室检测方法细节（如PCR的具体靶基因）和采样后的保存运输条件。",,,,,,,,,,False,,,,,92,28,18,25,21,pass,17.98,,
c0224e1e-3bef-5d74-bcd6-ce659b719916,78,猪口蹄疫,swine_hunyuan_turbos,hunyuan-turbos-20250926,成功,,猪,我家有200头80公斤左右的育肥猪，最近几天有几头出现脚掌和口鼻周围长水疱，走路跛行，食欲下降，体温升高到41℃左右，已经持续了两天，圈舍通风一般，之前用过阿莫西林拌料预防呼吸道病。请问这种情况还能治吗？会不会影响出栏卖猪？,根据描述的水疱性病灶、高热、跛行及群体发病情况，高度怀疑为猪口蹄疫。该病由口蹄疫病毒引起，属于一类动物疫病，具有高度传染性，临床症状在猪中通常较严重，可引起疼痛和采食障碍。,立即向当地动物防疫部门报告疫情，配合开展流行病学调查与实验室确诊；对发病猪进行隔离观察，减少人员、车辆、器具流动，防止病毒扩散；加强圈舍消毒，保持干燥通风；禁止自行使用抗生素或抗病毒药物作为替代防控手段；如需对症治疗，可在专业人员指导下采取支持性措施缓解发热和疼痛，但不得掩盖病情延误报告；严禁未经许可出售或运输疑似染疫猪群。,因属重大动物疫病，须按官方处置方案执行，无常规休药期概念；任何药物治疗均不能替代检疫、隔离和扑杀等防控措施。,"{""disease_name"": ""猪口蹄疫"", ""severity"": ""高"", ""scene_tags"": [""育肥猪"", ""水疱病变"", ""高热"", ""跛行"", ""群体发病""], ""validation_points"": [""水疱出现在口鼻及蹄部，伴高热和跛行符合口蹄疫典型表现"", ""猪口蹄疫在中国为一类动物疫病，需依法上报并配合处置""], ""risk_flags"": [""重大动物疫病"", ""高度传染"", ""需立即上报""], ""case_type"": ""上市休药期咨询"", ""target_disease"": ""猪口蹄疫"", ""local_flags"": {""species_ok"": true, ""target_disease_in_diagnosis"": true, ""target_disease_mismatch"": false, ""contains_specific_dose"": false, ""contains_specific_withdrawal"": false, ""regulated_bad_treatment"": false}}",False,False,,,True,False,False,D:\XF-ChongQin\ai-\knowledge\llm_wiki_swine_authoritative,1465,887,"猪口蹄疫
猪口蹄疫、foot and mouth disease picornaviruses
上市休药期咨询
用户接近出栏，关心治疗方向和用药后能否出栏销售。","{""HUMAN_REVIEWED"": 3, ""NEEDS_REVIEW"": 2}","[""A0-MOA-573"", ""A1-WOAH-FMD"", ""A1-WOAH-FMD-DISEASE"", ""SRC-0001"", ""SRC-0012"", ""SRC-0047""]",2191,22.16,ERNIE-4.5-Turbo-32K,92,30,20,25,17,False,True,"该回答在诊断准确性、病理逻辑、处方安全性和数据质量方面表现良好，诊断与症状高度匹配，处理方向符合重大疫病防控要求，未发现致命风险。
问题：data_quality 略有扣分，因未明确提及人兽共患风险（尽管口蹄疫主要影响偶蹄动物，但公众认知中可能存在误解，建议补充说明以增强数据完整性）。",,,,,,,,,,False,,,,,92,30,20,25,17,pass,13.46,,
1d229823-f81e-5237-9290-4bd027f37f18,79,猪繁殖与呼吸综合征,swine_hunyuan_turbos,hunyuan-turbos-20250926,成功,,猪,我家有120头60日龄左右的保育猪，最近一周陆续有几头开始咳嗽、喘气，体温在40℃左右，精神差、吃料慢，昨天又发现几头拉稀，舍内通风一般，湿度偏高，之前用过替米考星拌料三天效果不明显，现在担心是不是蓝耳病，要不要整批投药？,根据描述，保育猪群出现高热、呼吸道症状及部分腹泻，结合近期天气潮湿、通风不良及前期抗生素治疗无效的情况，高度怀疑为猪繁殖与呼吸综合征病毒感染所致。该病常引起母猪流产、仔猪高死亡率及保育猪呼吸道综合征，且易继发细菌感染。需排除其他呼吸道病原体如猪流感病毒、支原体肺炎等混合感染可能。,立即隔离病猪并加强圈舍通风、降低密度、控制温湿度以减少应激；对全群进行临床监测，采集鼻拭子、血液样本送实验室PCR检测确诊；在未确诊前不建议盲目使用抗病毒药物，可配合支持疗法改善营养与饮水，防止继发细菌感染；严禁随意出售或调运病猪，若确诊为PRRS应按规定向当地畜牧部门报告并按二类疫病管理要求执行。,无特定停药期说明，需依据检测结果及监管部门指导决定后续处理措施。,"{""disease_name"": ""猪繁殖与呼吸综合征"", ""severity"": ""中等至严重"", ""scene_tags"": [""保育猪"", ""群体呼吸道症状"", ""高热"", ""环境应激""], ""validation_points"": [""符合PRRS典型临床症状（高热、呼吸道症状、食欲下降）"", ""环境因素（通风不良、湿度高）促进病毒传播"", ""抗生素治疗效果不佳提示病毒性病因""], ""risk_flags"": [""二类动物疫病"", ""需实验室确诊"", ""存在潜在人畜公共卫生管理要求""], ""case_type"": ""呼吸道群体发病"", ""target_disease"": ""猪繁殖与呼吸综合征"", ""local_flags"": {""species_ok"": true, ""target_disease_in_diagnosis"": true, ""target_disease_mismatch"": false, ""contains_specific_dose"": false, ""contains_specific_withdrawal"": false, ""regulated_bad_treatment"": false}}",False,False,,,True,False,False,D:\XF-ChongQin\ai-\knowledge\llm_wiki_swine_authoritative,1465,887,"猪繁殖与呼吸综合征
猪繁殖与呼吸综合征、porcine reproductive and respiratory syndrome viruses、PRRS、蓝耳病
呼吸道群体发病
同栏出现咳嗽、喘气、发热、采食下降，用户想判断病因和是否需要全群用药。","{""HUMAN_REVIEWED"": 2, ""NEEDS_REVIEW"": 2}","[""A0-MOA-573"", ""A1-WOAH-PRRS-DISEASE"", ""SRC-0001"", ""SRC-0026""]",2221,33.69,ERNIE-4.5-Turbo-32K,82,27,18,22,15,False,True,"该回答整体上对猪繁殖与呼吸综合征的诊断、处理方向和风险控制较为合理，诊断依据充分，处理建议安全且符合疾病管理要求，但存在部分细节需要优化。
问题：诊断准确性方面，虽然识别了主要症状和环境因素，但对其他可能的混合感染病原体（如猪流感病毒、支原体肺炎）的排除建议不够具体，缺乏进一步鉴别诊断的指导。；病理逻辑方面，对疾病传播机制和环境因素的关联性分析较为表面，未深入解释湿度和通风如何具体影响病毒传播和病情发展。；处方安全性方面，未明确提及在支持疗法中如何具体防止继发细菌感染（如是否使用抗生素或具体药物选择），可能导致实际操作中的困惑。；数据质量方面，对用户查询中的关键信息（如替米考星使用后的具体效果、拉稀症状的严重程度）利用不足，未充分结合这些信息优化诊断和处理建议。",,,,,,,,,,False,,,,,82,27,18,22,15,pass,23.97,,
0db0b2ca-7e8c-5a9b-9912-bd22ea539fd9,80,猪胸膜肺炎,swine_hunyuan_turbos,hunyuan-turbos-20250926,成功,,猪,我家有120头70公斤左右的育肥猪，最近一周陆续出现咳嗽、喘气，个别猪精神沉郁、采食减少，有的还发烧到40度左右，用了几天阿莫西林和氟苯尼考，症状缓解不明显，还有新发病例。圈舍通风一般，地面潮湿，粪便清理不及时。想问问这种情况该采哪些样品送检测？怎么判断是不是混合感染了？,根据描述，育肥猪出现急性呼吸道症状，伴发热、采食下降，抗生素治疗效果不佳，提示可能存在细菌性呼吸道疾病，结合流行病学特征及临床表现，高度怀疑为猪胸膜肺炎（Actinobacillus pleuropneumoniae），并需警惕与其他呼吸道病原体（如猪流感病毒、蓝耳病病毒、支原体）的混合感染。此外，环境因素（通风不良、高湿、氨气浓度升高）可加重病情，需在鉴别诊断中一并考虑。,treatment_direction: 针对疑似胸膜肺炎，可先使用广谱敏感抗生素控制细菌感染，同时配合支持疗法改善呼吸功能；若怀疑混合感染，应结合实验室检测结果调整方案。；management_measures: 立即加强圈舍通风换气，降低氨气浓度；保持干燥清洁，及时清粪；分群饲养，减少应激；对高热、呼吸困难严重的个体进行隔离观察。；sampling_for_testing: 采集病死猪或濒死猪的肺组织、气管分泌物以及鼻拭子，必要时采集血液做血清学检测；有条件可做PCR检测多种呼吸道病原（胸膜肺炎放线杆菌、猪流感病毒、蓝耳病病毒、支原体等），明确是否混合感染。；prohibited_boundaries: 在未排除重大传染病前，禁止随意出售、调运生猪；发现死亡病例应立即报告当地动物防疫部门，按规范采样送检，不得擅自剖检或丢弃尸体。,因涉及多病原检测及不同药物选择，实际休药期需依据最终确诊病原及所用药物种类确定，建议遵循国家兽药使用规范并在停药后按规定时间出栏。,"{""disease_name"": ""猪胸膜肺炎"", ""severity"": ""中等至严重（视混合感染情况而定）"", ""scene_tags"": [""育肥猪"", ""呼吸道症状"", ""抗生素治疗无效"", ""环境通风不良""], ""validation_points"": [""症状符合胸膜肺炎临床特征"", ""抗生素疗效不佳提示耐药或混合感染"", ""环境管理因素被纳入鉴别诊断""], ""risk_flags"": [""潜在混合感染"", ""环境致病因素叠加"", ""需实验室确诊""], ""case_type"": ""呼吸道采样送检"", ""target_disease"": ""猪胸膜肺炎"", ""local_flags"": {""species_ok"": true, ""target_disease_in_diagnosis"": true, ""target_disease_mismatch"": false, ""contains_specific_dose"": false, ""contains_specific_withdrawal"": false, ""regulated_bad_treatment"": false}}",False,False,,,True,False,False,D:\XF-ChongQin\ai-\knowledge\llm_wiki_swine_authoritative,1465,887,"猪胸膜肺炎
猪胸膜肺炎、actinobacillus pleuropneumoniae pleuropneumonia
呼吸道采样送检
呼吸道症状持续，用药效果不稳定，用户询问采什么样品和如何鉴别混合感染。","{""HUMAN_REVIEWED"": 3, ""NEEDS_REVIEW"": 2}","[""A0-MOA-573"", ""RC-RESP-001"", ""SRC-0001"", ""SRC-0007"", ""SRC-0042"", ""SRC-0043"", ""SRC-0049"", ""SRC-0050"", ""SRC-0058"", ""SRC-0059"", ""SRC-0066"", ""SRC-0069"", ""SRC-0070"", ""SRC-0076"", ""SRC-0086""]",2092,28.61,ERNIE-4.5-Turbo-32K,88,28,18,23,20,False,True,"该回答整体表现良好，诊断准确性较高，症状与疾病匹配合理，鉴别诊断考虑了混合感染和环境因素。病理逻辑清晰，但未详细说明诊断依据。处方安全，管理措施全面，采样建议合理。数据质量较高，但休药期说明不够具体。
问题：诊断部分未详细说明依据，如具体症状与猪胸膜肺炎的关联性。；病理逻辑部分缺乏对疾病机制的深入解释。；休药期说明不够具体，仅提到遵循国家规范，未给出具体建议。",,,,,,,,,,False,,,,,88,28,18,23,20,pass,17.23,,
0be9a979-8e4b-52fc-9aac-8cee930ceb8c,81,猪大肠杆菌病,swine_hunyuan_turbos,hunyuan-turbos-20250926,成功,,猪,我家有120头20日龄左右的保育猪，这几天陆续有10多头开始拉黄绿色水样便，精神差、吃料少，有的还伴随轻度脱水。圈舍温度偏低，前几天刚停喂过恩诺沙星粉剂。想问问这是啥原因，该怎么处理？,根据描述，考虑为猪大肠杆菌病（Colibacillosis），可能由产肠毒素型大肠杆菌（ETEC）引起，表现为急性水样腹泻、脱水及采食下降。结合近期使用过抗生素史和环境应激因素，更易诱发该病。,treatment_direction: 立即改善保温与通风条件，减少冷应激；补充电解质溶液防止脱水；在兽医指导下选用敏感抗菌药物进行对症治疗；对严重病例可考虑补液支持。；management_measures: 分群饲养，将明显腹泻个体与健康猪隔离；加强圈舍清洁消毒，保持干燥温暖；暂停使用已产生耐药风险的抗生素，必要时更换种类。；sampling_submission: 采集新鲜粪便样本送实验室进行细菌分离培养和药敏试验，同时保留部分样本以备PCR检测确定毒力因子类型。；prohibited_boundaries: 严禁随意使用禁限用兽药；禁止未经确诊即大规模投药；发现死亡病例应立即报告当地畜牧兽医部门，排除重大疫病。,具体停药期需依据所用药物说明书及兽医指导执行，确保上市前符合食品安全要求。,"{""disease_name"": ""猪大肠杆菌病"", ""severity"": ""中等偏重"", ""scene_tags"": [""保育猪"", ""腹泻"", ""脱水"", ""应激"", ""抗生素治疗史""], ""validation_points"": [""临床表现符合ETEC引起的急性水样腹泻特征"", ""环境因素（低温）与应激是重要诱因"", ""抗生素治疗史提示可能存在耐药菌株""], ""risk_flags"": [""潜在耐药风险"", ""需排除其他肠道病原体混合感染""], ""case_type"": ""腹泻群体发病"", ""target_disease"": ""猪大肠杆菌病"", ""local_flags"": {""species_ok"": true, ""target_disease_in_diagnosis"": true, ""target_disease_mismatch"": false, ""contains_specific_dose"": false, ""contains_specific_withdrawal"": false, ""regulated_bad_treatment"": false}}",False,False,,,True,False,False,D:\XF-ChongQin\ai-\knowledge\llm_wiki_swine_authoritative,1465,887,"猪大肠杆菌病
猪大肠杆菌病、colibacillosis、大肠杆菌、大肠杆菌性腹泻、E. coli
腹泻群体发病
同窝或同栏出现水样腹泻、脱水、采食下降，用户想知道主要病因和紧急处理。","{""HUMAN_REVIEWED"": 3, ""NEEDS_REVIEW"": 2}","[""SRC-0001"", ""SRC-0063"", ""SRC-0064""]",2169,29.62,ERNIE-4.5-Turbo-32K,88,28,18,23,20,False,True,"该回答整体表现良好，诊断准确，处理方向安全，数据质量较高，无明显致命风险。
问题：diagnosis_accuracy: 诊断准确性较高，但未完全覆盖所有可能诱因，如其他肠道病原体混合感染的可能性未明确提及。；pathology_logic: 病理逻辑合理，但环境因素与应激的详细作用机制可进一步阐述。；prescription_safety: 处方安全，但停药期承诺过于模糊，未给出具体指导。；data_quality: 数据质量较高，但风险标志的应对措施可更具体。",,,,,,,,,,False,,,,,88,28,18,23,20,pass,19.79,,
fba65dcc-35fd-573a-93a4-8753fdd7856d,82,仔猪黄白痢,swine_hunyuan_turbos,hunyuan-turbos-20250926,成功,,猪,我家有200头保育猪，现在大概35公斤左右，最近一周陆续出现拉黄色稀便的情况，有的带点白色黏液，精神还行但采食量下降。之前已经按常规用了几天恩诺沙星和硫酸粘菌素，感觉效果不太明显，想问问还能不能再继续用这些药？要不要送样去化验一下？,根据描述，考虑为仔猪黄白痢（由致病性大肠杆菌引起），属于细菌性肠道疾病，常见于保育至育肥阶段。当前用药效果有限，可能与菌株耐药性有关，需结合实验室检测明确病原及药敏情况。,treatment_direction: 暂停盲目更换抗生素，先采集新鲜粪便样本送实验室进行病原分离与药敏试验，依据结果选择敏感药物。同时加强圈舍保温与通风，减少应激，保证饮水清洁。；management_measures: 改善饲养管理，降低密度，保持栏舍干燥卫生，防止继发感染；对严重脱水个体及时补液。；sampling_submission: 采集发病猪的新鲜粪便样品，冷藏保存并尽快送检，必要时可配合肠内容物或组织样本。；prohibited_boundary: 在未获得检测结果前，禁止随意使用广谱抗生素或超范围用药；若怀疑为重大动物疫病（如非洲猪瘟等）应按规定立即隔离并上报。,需根据最终选用的药物及药敏结果确定，并在停药期结束后方可屠宰或出售。,"{""disease_name"": ""仔猪黄白痢"", ""severity"": ""中等"", ""scene_tags"": [""保育猪"", ""腹泻"", ""抗生素治疗无效"", ""采样送检""], ""validation_points"": [""符合仔猪黄白痢的日龄与生产阶段特征"", ""症状与大肠杆菌性腹泻一致"", ""建议通过实验室检测指导用药""], ""risk_flags"": [""潜在耐药菌流行"", ""需排除其他重大疫病""], ""case_type"": ""腹泻用药咨询"", ""target_disease"": ""仔猪黄白痢"", ""local_flags"": {""species_ok"": true, ""target_disease_in_diagnosis"": true, ""target_disease_mismatch"": false, ""contains_specific_dose"": false, ""contains_specific_withdrawal"": false, ""regulated_bad_treatment"": false}}",False,False,,,True,False,False,D:\XF-ChongQin\ai-\knowledge\llm_wiki_swine_authoritative,1465,887,"仔猪黄白痢
仔猪黄白痢、neonatal post weaning colibacillosis、黄白痢、大肠杆菌、仔猪大肠杆菌病
腹泻用药咨询
猪群腹泻后已用过常见抗菌药效果一般，用户询问是否继续用药以及是否需要送检。","{""HUMAN_REVIEWED"": 1, ""NEEDS_REVIEW"": 4}","[""SRC-0001"", ""SRC-0063""]",2055,23.7,ERNIE-4.5-Turbo-32K,88,28,18,23,20,False,True,"整体回答质量较高，诊断准确性、处方安全性和数据质量均表现良好，病理逻辑稍显不足但不影响整体判断。无致命风险，符合通过标准。
问题：病理逻辑方面，对耐药性产生原因及可能涉及的菌株类型未展开详细分析，略显简略。；数据质量方面，对用户描述的症状细节（如黄色稀便与白色黏液的比例、采食量下降的具体程度）未进一步挖掘，可能影响诊断的全面性。",,,,,,,,,,False,,,,,88,28,18,23,20,pass,15.44,,
d546fee1-5a15-5224-b11f-11471f7605b0,83,猪丹毒,swine_hunyuan_turbos,hunyuan-turbos-20250926,成功,,猪,我家是育肥场，存栏大概400头，现在这批猪平均90公斤左右。最近有五六头陆续出现精神沉郁、体温升高到41℃以上，皮肤上有淡红色到紫色的菱形斑块，有的还有关节肿、跛行的情况。病程已经有三四天了，之前用过阿莫西林拌料，效果不明显。想问问这种情况是不是猪丹毒？如果要送样检测的话应该取哪些部位？怎么保存运输才不会影响结果？另外怕误诊成别的病耽误防控。,根据描述的发热、皮肤菱形红斑、关节肿胀等症状，高度怀疑为急性猪丹毒。该病由革兰氏阳性杆菌引起，可通过血液、皮肤和关节液传播，常呈败血症表现。由于皮肤病变形态与其他病原（如A. suis、沙门氏菌、链球菌等）相似，必须通过实验室检测确诊。,treatment_direction: 一旦确诊应依据兽医指导使用敏感抗生素控制感染，同时加强饲养管理减少应激。；management_measures: 立即隔离发病猪，对圈舍进行彻底清洁消毒，防止交叉污染；保证饮水充足、饲料新鲜，减少密度。；sampling_and_testing: 采集发病猪的血液（抗凝）、皮肤病变组织及关节液样本，冷藏密封运输至具备资质的实验室进行细菌分离培养和PCR检测，必要时做血清学检测。；prohibited_boundaries: 在未确诊前禁止随意更换广谱抗生素或大剂量用药掩盖病情；严禁将可疑病例与健康猪混养；发现疑似重大疫情应立即向当地畜牧兽医部门报告。,具体停药期和休药期须按所用药物说明书及兽医处方执行，确保上市猪肉符合食品安全标准。,"{""disease_name"": ""猪丹毒"", ""severity"": ""高"", ""scene_tags"": [""育肥猪"", ""高热"", ""皮肤菱形斑"", ""关节肿胀"", ""抗生素治疗无效""], ""validation_points"": [""症状与急性猪丹毒典型表现一致"", ""需通过实验室检测排除A. suis等其他病原"", ""强调隔离、消毒和及时送检的重要性""], ""risk_flags"": [""可能误诊延误防控"", ""存在群体传播风险""], ""case_type"": ""采样送检咨询"", ""target_disease"": ""猪丹毒"", ""local_flags"": {""species_ok"": true, ""target_disease_in_diagnosis"": true, ""target_disease_mismatch"": false, ""contains_specific_dose"": false, ""contains_specific_withdrawal"": false, ""regulated_bad_treatment"": false}}",False,False,,,True,False,False,D:\XF-ChongQin\ai-\knowledge\llm_wiki_swine_authoritative,1465,887,"猪丹毒
猪丹毒、erysipelas
采样送检咨询
用户描述症状后，重点询问采什么样品、如何判断和如何避免误治。","{""HUMAN_REVIEWED"": 4}","[""SRC-0001"", ""SRC-0058"", ""SRC-0065""]",2221,25.93,ERNIE-4.5-Turbo-32K,88,28,18,23,20,False,True,"该回答整体表现良好，诊断准确性较高，症状与猪丹毒典型表现一致，且强调了实验室检测的重要性。病理逻辑清晰，考虑到了其他相似病原的鉴别诊断。处方安全合理，提出了隔离、消毒和及时送检等关键措施。数据质量方面，场景标签和验证点设置合理，风险标识明确。
问题：diagnosis_accuracy: 虽诊断准确，但未明确提及猪丹毒的病原名称（红斑丹毒丝菌），略显不足。；pathology_logic: 对其他相似病原的鉴别诊断描述可更详细，以增强逻辑严谨性。；data_quality: 场景标签和验证点虽合理，但可进一步丰富，如增加具体症状描述的标签。",,,,,,,,,,False,,,,,88,28,18,23,20,pass,17.6,,
e4ffdbc8-b805-549d-beb3-e33f92ae0b8e,84,猪支原体肺炎,swine_hunyuan_turbos,hunyuan-turbos-20250926,成功,,猪,我家有200头60日龄左右的保育猪，最近一周天气忽冷忽热，加上圈舍通风不太好，氨味挺重的，部分猪开始干咳、呼吸急促，有的还出现腹式呼吸。之前没用过什么药，想问问这是单纯的环境应激还是可能感染了猪支原体肺炎？,根据描述，保育猪在通风不良、氨气浓度高及温差大的环境下出现持续性干咳、呼吸急促和腹式呼吸，符合猪支原体肺炎（Mycoplasma hyopneumoniae）的典型临床表现。该病常因环境应激诱发，也可与其他病毒（如PRRSV、PCV2）协同作用加重肺部损伤。需结合听诊、剖检观察肺部实变灶以及实验室PCR检测确诊。,treatment_direction: 针对疑似猪支原体肺炎，应改善饲养环境（加强通风、降低氨气浓度、稳定温湿度），减少应激因素。；management_measures: 分栏饲养，减少密度；保证饮水清洁；暂停引入新猪；密切观察病情发展。；sampling_and_testing: 采集鼻拭子或肺组织样本送实验室进行M. hyopneumoniae PCR检测，必要时做细菌分离培养及药敏试验。；prohibited_boundaries: 严禁擅自使用未经批准的抗生素或超范围用药；若检测结果阳性且涉及重大疫情，应按当地动物防疫部门要求进行隔离、消毒或扑杀等处置。,因未给出具体药物名称，无法明确停药期，建议按所用药物说明书执行并遵守国家兽药残留标准。,"{""disease_name"": ""猪支原体肺炎"", ""severity"": ""中等至严重（取决于继发感染情况）"", ""scene_tags"": [""保育猪"", ""环境应激"", ""呼吸道疾病"", ""慢性咳嗽""], ""validation_points"": [""症状与环境诱因吻合"", ""符合M. hyopneumoniae流行病学特征"", ""需实验室检测确诊""], ""risk_flags"": [""潜在继发细菌感染"", ""可能与其他病毒混合感染""], ""case_type"": ""呼吸道环境诱因"", ""target_disease"": ""猪支原体肺炎"", ""local_flags"": {""species_ok"": true, ""target_disease_in_diagnosis"": true, ""target_disease_mismatch"": false, ""contains_specific_dose"": false, ""contains_specific_withdrawal"": false, ""regulated_bad_treatment"": false}}",False,False,,,True,False,False,D:\XF-ChongQin\ai-\knowledge\llm_wiki_swine_authoritative,1465,887,"猪支原体肺炎
猪支原体肺炎、mycoplasmosis enzootic pneumonia
呼吸道环境诱因
通风差、氨气重或温差大后出现咳嗽喘气，用户想区分环境应激和传染病。","{""HUMAN_REVIEWED"": 2, ""NEEDS_REVIEW"": 2}","[""SRC-0001"", ""SRC-0026"", ""SRC-0069""]",2221,31.39,ERNIE-4.5-Turbo-32K,82,28,18,24,12,False,True,"整体回答质量较高，诊断准确性、病理逻辑和处方安全性均表现良好，数据质量基本满足要求，无致命风险，符合通过标准。
问题：诊断准确性方面，虽然症状描述与环境诱因吻合，但未明确提及听诊或剖检等具体诊断手段，仅依赖临床表现和流行病学特征，略显不足。；病理逻辑方面，对猪支原体肺炎的病理机制解释不够深入，未详细阐述环境应激如何诱发或加重疾病。；数据质量方面，场景标签和验证点较为全面，但风险标志仅提及潜在继发感染和混合感染，未涵盖人兽共患风险等其他重要方面。；处方安全性中，虽提到严禁擅自使用未经批准的抗生素，但未给出具体药物选择建议，可能影响实际操作的指导性。",,,,,,,,,,False,,,,,82,28,18,24,12,pass,22.41,,
6466ac59-8ff4-561c-95da-bd9f20f3984c,85,猪沙门氏菌病,swine_hunyuan_turbos,hunyuan-turbos-20250926,成功,,猪,我家是200头左右保育猪，现在60日龄左右，最近几天陆续有猪不吃料、精神差，有的拉稀带点血丝，还有几头呼吸有点急促，体温测了在39度多，舍内通风一般，前几天刚换过饲料，之前用过阿莫西林饮水，效果不明显。这种情况可能是什么问题？该怎么处理？,结合年龄、群体性采食下降、腹泻带血丝及部分呼吸急促表现，考虑为猪沙门氏菌病（肠炎型伴继发感染），不排除合并败血型的可能。该病常在保育期因应激（如换料、混群）诱发，需与猪痢疾、传染性胃肠炎、副伤寒等鉴别。,treatment_direction: 针对细菌性感染进行支持和对症治疗，改善饲养管理条件，减少应激因素。；management_measures: 立即停喂霉变或刺激性饲料，保证清洁饮水；提高舍温以减少代谢消耗；分栏饲养，减少密度；加强圈舍通风与消毒。；sampling_testing: 采集新鲜粪便、血液及病死猪组织送实验室做细菌分离培养和PCR检测，明确病原并排除其他肠道传染病。；prohibited_boundaries: 严禁随意使用未经批准的抗生素或超量用药；出现高热、严重腹泻或死亡增多时，应立即向当地畜牧兽医部门报告，防止扩散。,具体休药期需依据所用药物种类及国家相关规定执行，须由执业兽医根据检测结果开具处方后确定。,"{""disease_name"": ""猪沙门氏菌病"", ""severity"": ""中等至重度（视病情进展而定）"", ""scene_tags"": [""保育猪"", ""群体发病"", ""采食下降"", ""腹泻带血"", ""应激因素""], ""validation_points"": [""符合保育期易发特点"", ""症状与肠炎型和败血型相符"", ""存在应激诱因（换料、通风不良）""], ""risk_flags"": [""潜在人畜共患风险（沙门氏菌属）"", ""需实验室确诊以防误诊""], ""case_type"": ""保育猪群体发病"", ""target_disease"": ""猪沙门氏菌病"", ""local_flags"": {""species_ok"": true, ""target_disease_in_diagnosis"": true, ""target_disease_mismatch"": false, ""contains_specific_dose"": false, ""contains_specific_withdrawal"": false, ""regulated_bad_treatment"": false}}",False,False,,,True,False,False,D:\XF-ChongQin\ai-\knowledge\llm_wiki_swine_authoritative,1465,887,"猪沙门氏菌病
猪沙门氏菌病、salmonellosis
保育猪群体发病
群体发病、采食下降、粪便或呼吸道异常，用户想知道主要病因和下一步处理。","{""HUMAN_REVIEWED"": 3, ""NEEDS_REVIEW"": 2}","[""SRC-0001"", ""SRC-0006"", ""SRC-0073""]",2097,31.44,ERNIE-4.5-Turbo-32K,82,27,18,22,15,False,True,"整体回答质量较高，诊断准确性、病理逻辑、处方安全性和数据质量均表现良好，无明显致命风险，符合通过标准。
问题：诊断准确性方面，虽然考虑了猪沙门氏菌病，但对鉴别诊断的详细程度略显不足，如未充分阐述与其他类似疾病的区分要点。；病理逻辑方面，对疾病发生机制的阐述不够深入，如未详细说明应激因素如何具体诱发疾病。；处方安全性方面，虽然提到了严禁随意使用未经批准的抗生素或超量用药，但未给出具体的替代治疗方案或药物选择建议。；数据质量方面，场景标签和验证点较为全面，但风险标志中仅提到潜在人畜共患风险和需实验室确诊，未涵盖所有可能的风险点，如疾病传播速度等。",,,,,,,,,,False,,,,,82,27,18,22,15,pass,21.77,,
c46eb051-e292-5347-a121-f9694df69552,86,猪链球菌病,swine_hunyuan_turbos,hunyuan-turbos-20250926,成功,,猪,我家有120头70公斤左右的育肥猪，最近一周陆续有几头出现精神沉郁、食欲下降、体温升高到40℃左右，有的还伴有后肢无力、站立不稳的情况，之前用阿莫西林拌料喂了三天，效果不明显，现在想问还能继续用吗？猪舍通风一般，湿度偏高，饲料没换过。,根据描述的症状（高热、精神沉郁、食欲减退、运动障碍），结合育肥猪阶段易感性及前期使用抗生素效果不佳，高度怀疑为猪链球菌病（Streptococcus suis感染）。该病可引起败血症、脑膜炎等全身性病变，尤其在应激和环境不良条件下易发。,建议立即停喂阿莫西林并采集病猪血液、关节液或脑脊液送实验室进行细菌分离鉴定及药敏试验，明确是否为S. suis感染及其敏感药物。在等待检测结果期间，可依据本地耐药情况考虑更换其他抗菌药物（如头孢类、氟喹诺酮类等），并结合支持疗法（补液、降温、改善饲养环境）。同时加强猪舍通风、降低湿度、减少应激因素。严禁将病死猪随意出售或屠宰，防止病原扩散。若确诊为人畜共患风险较高的S. suis感染，需做好人员防护，避免皮肤伤口接触病猪体液。,因未确定具体药物种类及剂量，无法给出确切休药期，须按所用药物说明书及国家相关规定执行，并在停药期结束前禁止出栏销售。,"{""disease_name"": ""猪链球菌病"", ""severity"": ""中等至严重"", ""scene_tags"": [""育肥猪"", ""高热"", ""运动障碍"", ""抗生素治疗无效""], ""validation_points"": [""症状符合S. suis引起的败血症/脑膜炎表现"", ""育肥猪为该病的易感阶段"", ""阿莫西林治疗效果不佳提示可能耐药或病原非单一""], ""risk_flags"": [""可能存在人兽共患风险，需注意人员防护"", ""抗生素使用不当可能导致耐药性增加"", ""病死猪处置不当可能造成疫情扩散""], ""case_type"": ""育肥猪用药咨询"", ""target_disease"": ""猪链球菌病"", ""local_flags"": {""species_ok"": true, ""target_disease_in_diagnosis"": true, ""target_disease_mismatch"": false, ""contains_specific_dose"": false, ""contains_specific_withdrawal"": false, ""regulated_bad_treatment"": false}}",False,False,,,True,False,False,D:\XF-ChongQin\ai-\knowledge\llm_wiki_swine_authoritative,1465,887,"猪链球菌病
猪链球菌病、streptococcosis streptococcus suis
育肥猪用药咨询
育肥猪出现典型症状，用户已经用过常见药物但效果一般，询问是否继续用药。","{""HUMAN_REVIEWED"": 2, ""NEEDS_REVIEW"": 2}","[""SRC-0001"", ""SRC-0014"", ""SRC-0075"", ""SRC-0076""]",2220,25.41,ERNIE-4.5-Turbo-32K,88,28,18,23,20,False,True,"该回答整体表现良好，诊断准确性较高，症状与疾病匹配合理，诊断逻辑清晰，处方安全且考虑周全，数据质量较高。
问题：诊断准确性方面，虽然整体判断正确，但未完全覆盖所有可能症状，评分略扣。；病理逻辑方面，对疾病发生的环境因素分析稍显不足，评分略扣。；处方安全方面，虽然考虑了多种因素，但未给出具体药物剂量，略显不足。；数据质量方面，回答内容详实，但部分细节描述可更精确，评分略扣。",,,,,,,,,,False,,,,,88,28,18,23,20,pass,16.37,,
1bae9ded-8283-5968-9d3a-73298f60964a,87,猪痢疾,swine_hunyuan_turbos,hunyuan-turbos-20250926,成功,,猪,我这边是300头基础母猪的自繁自养场，最近有5头怀孕后期母猪陆续流产，还有两头产下死胎，另外有两头空怀母猪发情不明显、返情率高。场内温度湿度正常，通风还行，之前没用过什么特别的药物。想问是不是传染病？还能继续配种吗？,根据描述，流产、死胎及返情率升高提示可能存在繁殖障碍性疾病，如布鲁氏菌病、伪狂犬病、蓝耳病等病毒性疾病，也可能涉及细菌性感染或管理应激因素。需要结合实验室检测（如血清学、PCR）和剖检结果综合判断。目前信息不足以直接诊断为猪痢疾，因为该病主要表现为腹泻而非繁殖障碍。,建议立即隔离可疑母猪，采集血液、流产胎儿组织及阴道分泌物送实验室检测常见繁殖障碍病原体（包括布鲁氏菌、PRRSV、伪狂犬病毒等）；同时排查饲料营养、热应激及饲养密度等因素。在未明确病因前暂停配种计划，防止潜在病原扩散。严禁使用未经许可的人用抗生素或激素类药物进行促孕或保胎。,在病因明确并制定针对性防控方案前，不建议恢复配种；若后续使用药物治疗，应依据检测结果和兽医指导确定停药期和复配时间。,"{""disease_name"": ""繁殖障碍综合征（待查）"", ""severity"": ""高"", ""scene_tags"": [""种猪场"", ""繁殖障碍"", ""流产"", ""死胎"", ""返情""], ""validation_points"": [""流产与死胎提示可能病毒性或细菌性繁殖障碍"", ""返情率升高可能与感染或管理因素有关"", ""猪痢疾通常表现为腹泻，不符合当前主诉""], ""risk_flags"": [""疑似重大动物疫病风险"", ""需实验室确诊后方可决定防控措施""], ""case_type"": ""种猪繁殖障碍"", ""target_disease"": ""猪痢疾"", ""local_flags"": {""species_ok"": true, ""target_disease_in_diagnosis"": true, ""target_disease_mismatch"": false, ""contains_specific_dose"": false, ""contains_specific_withdrawal"": false, ""regulated_bad_treatment"": false}}",False,False,,,True,False,False,D:\XF-ChongQin\ai-\knowledge\llm_wiki_swine_authoritative,1465,887,"猪痢疾
猪痢疾、swine dysentery brachyspira hyodysenteriae、swine dysentery、Brachyspira
种猪繁殖障碍
种猪场出现流产、死胎、返情或公猪异常，用户担心传染病和是否继续配种。","{""HUMAN_REVIEWED"": 2}","[""SRC-0001"", ""SRC-0077""]",2221,33.72,ERNIE-4.5-Turbo-32K,65,20,15,15,15,False,False,"该回答在诊断准确性、病理逻辑、处方安全性和数据质量方面存在一定不足，整体评分65分，属于需要进一步审查的范畴。回答未直接诊断猪痢疾，但未完全排除其他繁殖障碍性疾病的可能性，且未充分解释猪痢疾与当前症状的不匹配性。
问题：诊断准确性方面，回答未直接针对猪痢疾进行诊断，而是列出了多种可能的繁殖障碍性疾病，未充分解释猪痢疾与当前症状（流产、死胎、返情）的不匹配性，导致诊断准确性评分较低。；病理逻辑方面，回答虽然提到了需要结合实验室检测和剖检结果综合判断，但未详细阐述各种疾病的病理机制与当前症状的关联，病理逻辑不够清晰。；处方安全性方面，回答建议隔离可疑母猪并采集样本送检，这是合理的，但未针对猪痢疾提出具体的预防或治疗措施（尽管当前症状不符合猪痢疾），且对配种计划的暂停建议较为笼统，未充分考虑不同病原的潜伏期和传染性。；数据质量方面，回答中的信息基本完整，但缺乏对猪痢疾具体症状的详细描述和与当前症状的对比分析，数据质量有待提升。",,,,,,,,,,False,,,,,65,20,15,15,15,review,24.63,,
b0bb465d-a545-5b69-9193-6c936b6050e2,88,猪疥螨病,swine_hunyuan_turbos,hunyuan-turbos-20250926,成功,,猪,我家有120头育肥猪，平均体重在60公斤左右，最近发现部分猪耳朵内侧、颈部和背部出现红疹、结痂，还一直蹭墙、蹭栏杆，抓痒很厉害，已经持续了十来天。之前没用过驱虫药，圈舍是水泥地面，通风一般，湿度偏高。想问这种情况是不是要全群一起治？环境怎么弄？多久再检查一次？,根据描述，猪群存在明显瘙痒、皮肤红疹及结痂，部位集中在耳部、颈部和背部，符合猪疥螨病的临床表现。该病可由少量螨引起强烈过敏反应，且皮肤刮片检查可能存在假阴性，应结合群体症状和病史综合判断。,建议对全群进行统一驱虫处理，使用经批准的杀螨产品，注意轮换不同作用机制的药物以减少耐药风险；同时彻底清洁圈舍，清除粪便、垫料和痂皮，用高压水冲洗并干燥消毒，减少环境中螨的存活；加强通风降低湿度，防止再次感染。治疗后2-3周进行皮肤刮片复查，必要时重复治疗。严禁将未经处理的猪调入健康猪群，防止扩散。,按所用药物说明书规定的休药期执行，停药期间禁止屠宰上市。,"{""disease_name"": ""猪疥螨病"", ""severity"": ""中等"", ""scene_tags"": [""育肥猪"", ""瘙痒"", ""皮肤结痂"", ""高湿环境""], ""validation_points"": [""症状与疥螨病一致"", ""需考虑刮片假阴性"", ""全群处理与环境控制并重""], ""risk_flags"": [""潜在群体性感染"", ""易复发""], ""case_type"": ""驱虫和环境管理"", ""target_disease"": ""猪疥螨病"", ""local_flags"": {""species_ok"": true, ""target_disease_in_diagnosis"": true, ""target_disease_mismatch"": false, ""contains_specific_dose"": false, ""contains_specific_withdrawal"": false, ""regulated_bad_treatment"": false}}",False,False,,,True,False,False,D:\XF-ChongQin\ai-\knowledge\llm_wiki_swine_authoritative,1465,887,"猪疥螨病
猪疥螨病、external parasites mange
驱虫和环境管理
用户询问是否需要全群处理、环境清理和复查方式。","{""HUMAN_REVIEWED"": 4}","[""SRC-0001"", ""SRC-0080"", ""SRC-0082""]",2221,27.41,ERNIE-4.5-Turbo-32K,92,28,18,24,22,False,True,"该回答对猪疥螨病的诊断准确，症状描述与疾病特征相符，考虑了皮肤刮片检查的假阴性可能。治疗方案全面，包括全群驱虫、环境清理和复查，符合疾病管理要求。数据质量较高，信息完整且逻辑清晰。
问题：诊断准确性方面，虽然整体判断正确，但未明确提及皮肤刮片检查的具体操作或替代诊断方法，略显不足。病理逻辑上，对疾病传播机制和环境因素的关联解释可更详细。处方安全性上，未提及具体药物名称和剂量，仅强调轮换药物和按说明书执行休药期。数据质量方面，场景标签和验证点覆盖全面，但风险标志可增加具体防控措施的描述。",,,,,,,,,,False,,,,,92,28,18,24,22,pass,18.58,,
3853f00d-94a4-5f6f-bff0-30ae627440aa,89,猪球虫病,swine_hunyuan_turbos,hunyuan-turbos-20250926,成功,,猪,我家有120头25日龄左右的保育猪，这几天陆续有8头出现黄色水样腹泻，精神差、吃奶少，有的已经脱水，圈舍温度偏低且潮湿，之前用过恩诺沙星饮水，效果不明显，想问下可能是什么病，该怎么处理？,根据日龄、水样腹泻、脱水及环境条件，考虑仔猪球虫病可能性较大，但需与大肠杆菌性腹泻、轮状病毒、传染性胃肠炎、产气荚膜梭菌C型及Strongyloides ransomi等鉴别。建议结合粪便镜检卵囊、肠黏膜病变观察及排除其他常见病原后再确诊。,treatment_direction: 针对球虫可试用磺胺类或托曲珠利类药物进行抗球虫治疗，同时配合补液防脱水；若怀疑混合感染，应联合使用对症抗生素并监测疗效。；management_measures: 改善圈舍保温通风，降低湿度，减少应激；及时清理粪污，防止交叉污染；分群饲养，病猪与健康猪隔离。；sampling_submission: 采集新鲜粪便送实验室做球虫卵囊检测，必要时取病变肠段做病理检查，并同步检测大肠杆菌、轮状病毒、TGE、产气荚膜梭菌等常见腹泻病原。；prohibited_boundaries: 在未明确病原前，不得盲目使用广谱抗生素掩盖病情；发现疑似重大疫病应立即上报并按规定处置。,具体休药期需依据所用药物说明书及国家相关规定执行，未明确前禁止屠宰上市。,"{""disease_name"": ""猪球虫病"", ""severity"": ""中等至严重（可导致高死亡率）"", ""scene_tags"": [""保育猪"", ""水样腹泻"", ""脱水"", ""低温潮湿环境""], ""validation_points"": [""日龄符合球虫易感期"", ""临床表现与球虫相符"", ""需与其他腹泻病原鉴别""], ""risk_flags"": [""环境管理不良增加传播风险"", ""延误诊治可致死亡""], ""case_type"": ""腹泻群体发病"", ""target_disease"": ""猪球虫病"", ""local_flags"": {""species_ok"": true, ""target_disease_in_diagnosis"": true, ""target_disease_mismatch"": false, ""contains_specific_dose"": false, ""contains_specific_withdrawal"": false, ""regulated_bad_treatment"": false}}",False,False,,,True,False,False,D:\XF-ChongQin\ai-\knowledge\llm_wiki_swine_authoritative,1465,887,"猪球虫病
猪球虫病、coccidia and other protozoa、球虫、球虫感染、coccidiosis、coccidia
腹泻群体发病
同窝或同栏出现水样腹泻、脱水、采食下降，用户想知道主要病因和紧急处理。","{""HUMAN_REVIEWED"": 2, ""NEEDS_REVIEW"": 2}","[""SRC-0001"", ""SRC-0081""]",2220,32.39,ERNIE-4.5-Turbo-32K,82,28,18,22,14,False,True,"整体回答较为全面，诊断方向合理，鉴别诊断考虑周全，治疗和管理建议符合球虫病处理原则，数据质量基本满足要求，无明显致命风险。
问题：diagnosis_accuracy: 鉴别诊断提及较多病原，但未明确说明球虫病的核心诊断依据（如粪便镜检卵囊阳性），诊断准确性评分略扣。；pathology_logic: 病理逻辑部分对球虫病典型病变（如小肠绒毛萎缩、肠黏膜出血等）描述不足，逻辑链条稍显薄弱。；prescription_safety: 处方安全部分对磺胺类药物的潜在副作用（如结晶尿、过敏反应）及托曲珠利的休药期未详细说明，安全性评分扣减。；data_quality: 数据质量部分对用户提供的环境信息（低温潮湿）与球虫病传播的关系分析不够深入，场景标签匹配度稍低。",,,,,,,,,,False,,,,,82,28,18,22,14,pass,22.79,,
f5199879-c20e-537c-8ef1-f0be515ac147,90,猪霉菌毒素中毒,swine_hunyuan_turbos,hunyuan-turbos-20250926,成功,,猪,我家有120头育肥猪，平均体重在90公斤左右，最近一周陆续出现食欲下降、精神沉郁、粪便稀软甚至带血的情况，个别猪体温偏高到40℃左右，之前一直用同一批自配料，这批料是上个月新进的玉米和小麦混合粉，储存条件一般，湿度大。想问下这种情况是不是饲料有问题？还能不能继续喂这料？如果要送样化验该怎么做？,根据描述的症状（食欲下降、腹泻带血、精神差、部分发热），结合近期使用的新进玉米小麦混合料且储存条件不佳，高度怀疑为猪霉菌毒素中毒。霉菌毒素可由镰刀菌等产毒真菌污染谷物引起，导致消化道损伤及全身反应。需排除其他传染病如猪痢疾、圆环病毒病等。,treatment_direction: 立即停喂可疑饲料，更换为无霉变、质量可靠的饲料；提供清洁饮水，必要时添加电解质和维生素C缓解应激；对严重病例进行对症治疗（如补液、止血）。；management_measures: 清理料槽并彻底清洗消毒；检查库存原料霉变情况，剔除霉变颗粒；改善仓储通风防潮；加强饲养管理减少应激。；sampling_and_testing: 采集剩余可疑饲料样品（至少500g，分装密封冷藏送检）；同时采集病死猪肝、肾、肠道内容物等组织样本送实验室检测霉菌毒素含量；建议联系当地畜牧兽医部门或有资质的第三方检测机构。；prohibited_boundaries: 严禁将疑似中毒饲料直接丢弃于水源附近以防环境污染；禁止随意出售或转赠可疑饲料；若检出高毒性霉菌毒素或伴随重大疫情迹象，应配合主管部门采取封锁、无害化处理等措施。,因属中毒事件，无药物休药期概念，但需确保后续饲料安全后方可恢复正常出栏计划。,"{""disease_name"": ""猪霉菌毒素中毒"", ""severity"": ""中等至重度（视毒素种类与摄入量而定）"", ""scene_tags"": [""育肥猪"", ""饲料污染"", ""霉菌毒素"", ""中毒处置""], ""validation_points"": [""症状符合霉菌毒素中毒特征"", ""存在可疑霉变饲料接触史"", ""需通过饲料与病料检测确诊""], ""risk_flags"": [""可能涉及多种霉菌毒素复合作用"", ""存在继发感染风险"", ""需防止毒素扩散至健康猪群""], ""case_type"": ""中毒处置边界"", ""target_disease"": ""猪霉菌毒素中毒"", ""local_flags"": {""species_ok"": true, ""target_disease_in_diagnosis"": true, ""target_disease_mismatch"": false, ""contains_specific_dose"": true, ""contains_specific_withdrawal"": false, ""regulated_bad_treatment"": false}}",True,True,contains_specific_dose,contains_specific_dose,True,False,True,D:\XF-ChongQin\ai-\knowledge\llm_wiki_swine_authoritative,1465,887,"猪霉菌毒素中毒
猪霉菌毒素中毒、mycotoxins in grains and feeds
中毒处置边界
用户想知道是否继续饲喂可疑饲料、怎样送检饲料和病料。","{""NEEDS_REVIEW"": 2, ""PROCESSED_SOURCE_ANCHORED"": 2}","[""SRC-0001"", ""SRC-0085""]",2220,26.63,ERNIE-4.5-Turbo-32K,88,28,18,24,18,False,False,"整体回答质量较高，诊断准确性、处方安全性和管理措施均较为合理，数据质量基本满足要求，无明显致命风险。
问题：diagnosis_accuracy: 诊断部分虽提及需排除其他传染病，但未明确说明具体排除方法或依据，略显不足。；pathology_logic: 病理逻辑部分对霉菌毒素中毒的机制描述较为简略，未深入阐述毒素如何导致具体症状。；data_quality: 数据质量方面，症状描述与疾病匹配度较高，但缺乏具体检测数据或实验室结果支持，略显单薄。",,,,,,,,,,False,,,,,88,28,18,24,18,reject,17.57,,
f8731a3d-a4a6-5ddb-be41-f048e396f633,91,猪布鲁氏菌病,swine_hunyuan_turbos,hunyuan-turbos-20250926,成功,,猪,我们这边是200头规模的种猪场，最近一个月有3头怀孕母猪在临产前突然流产，还有一头公猪精液稀薄、性欲下降。之前没用过什么特殊药物，圈舍通风一般，想问问是不是传染病，还能不能继续配种？,根据描述，该场存在母猪流产及公猪生殖功能下降的情况，结合流行病学特点，应高度怀疑猪布鲁氏菌病的可能。该病由布鲁氏菌引起，可导致母猪流产、死胎、不孕，公猪可出现附睾炎、睾丸炎及精液质量下降。同时，本病为人兽共患风险疾病，需要谨慎处理。,建议立即暂停场内配种操作，防止病原扩散；对发病个体进行隔离观察，采集血液、精液及流产胎儿组织送专业实验室进行血清学及病原学检测；加强人员防护，避免直接接触流产物及精液；若确诊，应按当地动物防疫部门要求进行无害化处理及消毒措施，并评估是否需要淘汰阳性种猪；在未排除前，禁止将种猪外调。,因属重大动物疫病范畴，无常规休药期概念，需按检测结果和主管部门意见执行。,"{""disease_name"": ""猪布鲁氏菌病"", ""severity"": ""高"", ""scene_tags"": [""种猪场"", ""繁殖障碍"", ""流产"", ""公猪生殖异常""], ""validation_points"": [""符合布鲁氏菌病导致母猪流产、公猪生殖道病变的典型特征"", ""存在人兽共患风险，需考虑公共卫生防控""], ""risk_flags"": [""重大动物疫病风险"", ""人兽共患风险""], ""case_type"": ""种猪繁殖障碍"", ""target_disease"": ""猪布鲁氏菌病"", ""local_flags"": {""species_ok"": true, ""target_disease_in_diagnosis"": true, ""target_disease_mismatch"": false, ""contains_specific_dose"": false, ""contains_specific_withdrawal"": false, ""regulated_bad_treatment"": false}}",False,False,,,True,False,False,D:\XF-ChongQin\ai-\knowledge\llm_wiki_swine_authoritative,1465,887,"猪布鲁氏菌病
猪布鲁氏菌病、brucella suis brucellosis、布鲁氏菌病、Brucella suis
种猪繁殖障碍
种猪场出现流产、死胎、返情或公猪异常，用户担心传染病和是否继续配种。","{""HUMAN_REVIEWED"": 2, ""NEEDS_REVIEW"": 2}","[""SRC-0001"", ""SRC-0060"", ""SRC-0061""]",2221,28.09,ERNIE-4.5-Turbo-32K,92,28,19,24,21,False,True,"该回答在诊断准确性、病理逻辑、处方安全性和数据质量方面表现良好，符合猪布鲁氏菌病的典型特征，并考虑了人兽共患风险和公共卫生防控。诊断、处方和风险评估均合理，无明显错误或遗漏。
问题：诊断准确性方面，虽然高度怀疑猪布鲁氏菌病，但未明确提及其他可能的鉴别诊断，如猪伪狂犬病、猪细小病毒病等，这些疾病也可能导致类似症状。；病理逻辑方面，对布鲁氏菌病的病理机制描述较为简略，未详细阐述母猪流产和公猪生殖功能下降的具体病理过程。；处方安全性方面，虽然提出了暂停配种、隔离观察、加强人员防护等措施，但未明确提及具体的消毒方法和频率，以及无害化处理的具体流程。；数据质量方面，虽然提供了疾病名称、严重程度、场景标签等基本信息，但未包含具体的流行病学数据或实验室检测结果支持诊断。",,,,,,,,,,False,,,,,92,28,19,24,21,pass,20.22,,
94db71ba-815b-5b57-a148-676fbcf4f737,92,猪腺病毒感染,swine_hunyuan_turbos,hunyuan-turbos-20250926,成功,,猪,我家有120头60公斤左右的育肥猪，最近一周陆续有几头开始精神沉郁、食欲下降，有的还伴有轻度腹泻，体温在38.5℃左右，之前用了几天恩诺沙星和多维饮水，症状缓解不明显。圈舍通风一般，地面潮湿，粪尿清理不及时。想问这种情况还能继续用原来的药吗？还是换别的方案？,根据描述的症状表现（精神沉郁、食欲减退、轻度腹泻、低烧）及饲养管理条件（潮湿、粪便未及时清理），结合育肥猪的易感性，考虑为猪腺病毒感染的可能性较大。该病多为自限性，但在应激和不良环境下可能加重，并与其他肠道病原混合感染。需排除细菌性肠炎、寄生虫感染等并发因素。,treatment_direction: 改善饲养环境，加强圈舍通风干燥，及时清除粪污，降低密度以减少应激；提供清洁饮水和易消化饲料；可辅助使用电解多维等营养支持剂增强抵抗力。；management_measures: 隔离症状明显的个体，防止交叉感染；对全群进行健康监测，记录采食量和精神状态变化；必要时采集新鲜粪便送实验室检测，明确病原类型。；sampling_and_testing: 采集腹泻粪便样本进行病毒学检测（如PCR）以确诊腺病毒及其他潜在病原；有条件可做细菌培养和药敏试验，指导抗生素合理使用。；prohibited_boundaries: 禁止随意更换广谱抗生素作为常规预防；禁止将疑似重大传染病病例混入健康猪群；禁止使用未经批准的兽药或人用药。,因无特效抗病毒药物，主要为支持性管理和环境控制，不涉及特定停药期。若曾使用抗生素，应依据所用药品说明书执行相应休药期。,"{""disease_name"": ""猪腺病毒感染"", ""severity"": ""中等偏轻，通常为自限性，但不良管理条件下可延长病程或加重损失"", ""scene_tags"": [""育肥猪"", ""病毒性腹泻"", ""环境应激"", ""混合感染风险""], ""validation_points"": [""症状符合腺病毒感染特征"", ""环境与发病关联性强"", ""排除了细菌性肠炎等常见继发原因""], ""risk_flags"": [""可能存在多种病原混合感染"", ""圈舍卫生差增加传播风险"", ""需警惕其他重大疫病的早期表现""], ""case_type"": ""育肥猪用药咨询"", ""target_disease"": ""猪腺病毒感染"", ""local_flags"": {""species_ok"": true, ""target_disease_in_diagnosis"": true, ""target_disease_mismatch"": false, ""contains_specific_dose"": false, ""contains_specific_withdrawal"": false, ""regulated_bad_treatment"": false}}",False,False,,,True,False,False,D:\XF-ChongQin\ai-\knowledge\llm_wiki_swine_authoritative,1465,887,"猪腺病毒感染
猪腺病毒感染、adenoviruses
育肥猪用药咨询
育肥猪出现典型症状，用户已经用过常见药物但效果一般，询问是否继续用药。","{""HUMAN_REVIEWED"": 1, ""NEEDS_REVIEW"": 4}","[""SRC-0001"", ""SRC-0030""]",2132,22.45,ERNIE-4.5-Turbo-32K,82,27,18,23,14,False,True,"整体回答较为全面，诊断方向合理，考虑了环境因素和混合感染风险，治疗建议安全且符合疾病特点，但数据质量方面存在一定不足，如未详细说明诊断依据和检测方法。
问题：诊断依据不够详细，未充分说明如何排除细菌性肠炎和寄生虫感染；数据质量方面，症状描述和诊断逻辑的关联性可进一步强化；未明确说明病毒学检测的具体方法和意义",,,,,,,,,,False,,,,,82,27,18,23,14,pass,13.86,,
88a86442-6a47-5a10-8828-f5d13eab9d3b,93,猪环曲病毒/托克特诺病毒感染,swine_hunyuan_turbos,hunyuan-turbos-20250926,成功,,猪,我家是200头基础母猪的自繁自养场，最近两个月陆续有10多头怀孕80天左右的母猪发生流产，还有几头产下死胎，部分空怀母猪返情率明显升高，个别公猪采精量下降。之前用过替米考星和阿莫西林拌料一周，效果不明显。现在不敢再配种，怕传染。请问这是啥病？该怎么处理？,根据描述，流产、死胎、返情及公猪精液质量下降可能与多种因素相关，包括病毒性、细菌性、营养和管理问题。猪环曲病毒（TTSuV）在猪群中普遍存在，可在血液、精液等样本检出，但目前无特异临床症状直接归因于其感染，且健康猪也可携带。因此，仅凭现有症状不能确诊为本病，需结合实验室检测排除其他常见病原如蓝耳病、伪狂犬病、细小病毒、圆环病毒等。,treatment_direction: 本病暂无特效抗病毒药物，管理重点是稳定猪群健康、减少应激、改善饲养环境。；management_measures: 立即暂停配种计划，对流产母猪进行隔离观察，加强圈舍通风、保温和卫生消毒，确保饲料营养均衡，减少转群和混群操作。；sampling_and_testing: 采集流产胎儿、胎盘、母猪血液、公猪精液及血清送实验室检测，排查蓝耳病、伪狂犬、细小病毒、圆环病毒、布病等常见病原，同时可做TTSuV PCR检测作为背景信息。；prohibited_boundaries: 在未明确病因前，禁止将场内种猪或精液外调，防止潜在疫病扩散；严禁使用未经批准的兽药或疫苗。,因无特定药物治疗，不涉及药物休药期；若后续使用合法批准的药物，应遵守相应说明书规定的休药期。,"{""disease_name"": ""猪环曲病毒/托克特诺病毒感染"", ""severity"": ""中等偏上（影响繁殖性能，但非急性致死性疾病）"", ""scene_tags"": [""种猪场"", ""繁殖障碍"", ""流产"", ""死胎"", ""返情"", ""公猪精液异常""], ""validation_points"": [""TTSuV可在血液、精液、胎盘等检出，但不具特异临床症状"", ""当前症状需优先排除其他法定或重要传染病"", ""管理干预可减少继发损失""], ""risk_flags"": [""疑似重大动物疫病需先排除"", ""涉及种用动物，限制调运""], ""case_type"": ""种猪繁殖障碍"", ""target_disease"": ""猪环曲病毒/托克特诺病毒感染"", ""local_flags"": {""species_ok"": true, ""target_disease_in_diagnosis"": true, ""target_disease_mismatch"": false, ""contains_specific_dose"": false, ""contains_specific_withdrawal"": false, ""regulated_bad_treatment"": false}}",False,False,,,True,False,False,D:\XF-ChongQin\ai-\knowledge\llm_wiki_swine_authoritative,1465,887,"猪环曲病毒/托克特诺病毒感染
猪环曲病毒/托克特诺病毒感染、anelloviruses torque teno sus viruses、TTSuV、Torque teno sus virus
种猪繁殖障碍
种猪场出现流产、死胎、返情或公猪异常，用户担心传染病和是否继续配种。","{""HUMAN_REVIEWED"": 3}","[""SRC-0001"", ""SRC-0083""]",2221,33.11,ERNIE-4.5-Turbo-32K,82,27,18,20,17,False,True,"整体回答逻辑清晰，诊断考虑全面，未直接归因于TTSuV，强调实验室检测排除其他重要病原，符合当前对TTSuV感染的认识。管理措施和采样建议合理，无安全风险。数据质量基本满足要求，但部分细节可优化。
问题：diagnosis_accuracy: 诊断部分虽提到TTSuV无特异临床症状，但未明确说明当前症状更可能与蓝耳病、伪狂犬病等常见繁殖障碍病相关，诊断准确性评分受影响。；pathology_logic: 病理逻辑部分对TTSuV的流行病学特征和致病性描述稍显不足，未充分阐述为何需优先排除其他病原。；data_quality: 数据质量方面，场景标签和验证点基本覆盖，但风险标志中'疑似重大动物疫病需先排除'表述稍显笼统，未具体指出需排除的疫病种类。",,,,,,,,,,False,,,,,82,27,18,20,17,pass,22.5,,
ddac1f59-31ee-550d-bce6-c082f177b776,94,猪星状病毒感染,swine_hunyuan_turbos,hunyuan-turbos-20250926,成功,,猪,我家有200头保育猪，现在大概35日龄，最近一周陆续出现拉稀，有的带点黄色水样便，有的偏灰白，精神还行但采食量下降。之前按细菌性腹泻用了恩诺沙星和硫酸粘菌素拌料三天，效果不明显，还有零星新发病例。圈舍温度偏低，通风一般，想问还能不能再喂几天抗生素？要不要送样检测？,结合年龄、症状及用药史，考虑可能为病毒性腹泻，包括猪星状病毒感染等可能因素，同时存在继发细菌感染的可能。需通过实验室检测明确病原类型。,treatment_direction: 暂停或减少广谱抗生素使用，避免耐药菌产生；加强保温与通风管理，减少应激；提供易消化的饲料与清洁饮水；对严重脱水个体进行补液支持。；management_measures: 改善圈舍温湿度控制，保持干燥卫生；分栏饲养减少交叉感染；观察记录病情发展。；sampling_submission: 采集新鲜粪便样本送至具备资质的兽医实验室，检测星状病毒及其他常见腹泻病原（如轮状病毒、冠状病毒、大肠杆菌等），必要时做细菌分离鉴定。；prohibited_boundary: 在未明确病因前，不得随意更换或加大抗生素种类与用量；不得作为法定疫病防控的替代措施。,因当前无明确病原且未涉及特定药物疗程，暂无具体休药期建议，应依据检测结果及后续治疗方案确定。,"{""disease_name"": ""猪星状病毒感染"", ""severity"": ""中等"", ""scene_tags"": [""保育猪"", ""腹泻"", ""抗生素治疗无效"", ""环境应激""], ""validation_points"": [""符合保育猪腹泻高发年龄段"", ""症状与病毒性腹泻相符"", ""抗生素疗效不佳提示非单纯细菌感染""], ""risk_flags"": [""可能存在多种病原混合感染"", ""需排除其他重要病毒性腹泻""], ""case_type"": ""腹泻用药咨询"", ""target_disease"": ""猪星状病毒感染"", ""local_flags"": {""species_ok"": true, ""target_disease_in_diagnosis"": true, ""target_disease_mismatch"": false, ""contains_specific_dose"": false, ""contains_specific_withdrawal"": false, ""regulated_bad_treatment"": false}}",False,False,,,True,False,False,D:\XF-ChongQin\ai-\knowledge\llm_wiki_swine_authoritative,1465,887,"猪星状病毒感染
猪星状病毒感染、astroviruses、astrovirus、猪星状病毒
腹泻用药咨询
猪群腹泻后已用过常见抗菌药效果一般，用户询问是否继续用药以及是否需要送检。","{""HUMAN_REV"": 1, ""HUMAN_REVIEWED"": 1, ""NEEDS_REVIEW"": 2}","[""SRC-0001"", ""SRC-0032""]",2221,27.97,ERNIE-4.5-Turbo-32K,88,28,18,23,20,False,True,"该回答在诊断准确性、病理逻辑、处方安全性和数据质量方面表现良好，整体符合测试数据有效性要求。诊断考虑了病毒性腹泻的可能性，并建议实验室检测以明确病原，处方安全且合理，未发现致命风险。
问题：diagnosis_accuracy: 诊断中虽提及病毒性腹泻可能性，但对猪星状病毒感染的指向性不够明确，可进一步强化特异性症状描述与疾病关联。；pathology_logic: 病理逻辑部分对继发细菌感染的可能性分析不够深入，缺乏具体依据支持。；data_quality: 数据质量方面，场景标签和验证点较为全面，但风险标志中提及的'可能存在多种病原混合感染'未在后续处理中充分体现应对措施。",,,,,,,,,,False,,,,,88,28,18,23,20,pass,19.44,,
981c3923-c593-5ba5-915e-2a73378f0eca,95,猪布尼亚病毒相关感染,swine_hunyuan_turbos,hunyuan-turbos-20250926,成功,,猪,我家有200多头育肥猪，平均体重60公斤左右，最近一周陆续出现精神沉郁、食欲下降、体温38.8℃左右的情况，个别猪皮肤有点发紫，粪便正常。之前用过阿莫西林拌料三天，效果不明显。请问这种情况是不是布尼亚病毒引起的？需要采哪些样品去化验？怎么判断是不是这个病？怕误诊耽误防控。,根据描述，目前症状较轻且无明显腹泻或呼吸道表现，结合使用抗生素无效，需考虑病毒性感染可能，包括猪布尼亚病毒感染的可能。但由于该病在育肥猪中多为隐性感染，临床表现缺乏特异性，仅凭症状难以确诊，需通过实验室检测确认。,treatment_direction: 暂无特效抗病毒药物，以支持疗法为主，改善饲养管理，减少应激，保证饮水和饲料质量。；management_measures: 隔离观察发病猪，加强圈舍通风与清洁，避免混群运输，防止继发细菌感染。；sampling_for_testing: 建议采集发病猪的血液（全血及血清）、脾脏、淋巴结等组织样本送专业实验室进行病毒核酸检测（RT-PCR）或血清学检测（ELISA），同时记录采样日期、猪只编号和临床症状以便分析。；prohibited_actions: 在未获得实验室确诊前，不得作为唯一依据实施扑杀、大规模免疫或跨区域调运；避免使用未经证实的偏方或超范围用药。,因无特定药物治疗，不涉及药物休药期问题。若后续使用抗生素控制继发感染，应遵守所用药品说明书规定的休药期。,"{""disease_name"": ""猪布尼亚病毒相关感染"", ""severity"": ""中等（取决于感染阶段和继发感染情况）"", ""scene_tags"": [""育肥猪"", ""低热"", ""食欲减退"", ""皮肤发绀"", ""抗生素治疗无效""], ""validation_points"": [""症状符合布尼亚病毒感染的非特异表现"", ""抗生素无效提示非细菌性病因"", ""需实验室检测确认""], ""risk_flags"": [""需排除其他重要传染病"", ""避免误诊导致不当处置""], ""case_type"": ""采样送检咨询"", ""target_disease"": ""猪布尼亚病毒相关感染"", ""local_flags"": {""species_ok"": true, ""target_disease_in_diagnosis"": false, ""target_disease_mismatch"": true, ""contains_specific_dose"": false, ""contains_specific_withdrawal"": false, ""regulated_bad_treatment"": false}}",True,True,target_disease_in_diagnosis,target_disease_in_diagnosis,False,True,True,D:\XF-ChongQin\ai-\knowledge\llm_wiki_swine_authoritative,1465,887,"猪布尼亚病毒相关感染
猪布尼亚病毒相关感染、bunyaviruses akabane lumbo oya tahyna
采样送检咨询
用户描述症状后，重点询问采什么样品、如何判断和如何避免误治。","{""HUMAN_REVIEWED"": 2, ""NEEDS_REVIEW"": 2}","[""SRC-0001"", ""SRC-0033""]",2221,28.73,ERNIE-4.5-Turbo-32K,82,27,18,23,14,False,False,"整体回答较为全面，诊断逻辑合理，考虑了病毒性感染的可能性，并强调了实验室检测的重要性。处理方向安全，未出现与疾病相冲突的处方。数据质量方面，症状描述与疾病特征基本匹配，但部分细节可进一步完善。
问题：诊断准确性方面，虽然考虑了病毒性感染的可能性，但对猪布尼亚病毒感染的特异性症状描述不够详细，可能影响初步判断。；病理逻辑方面，对疾病在育肥猪中的隐性感染特性解释不够深入，可能影响用户对疾病严重性的理解。；处方安全方面，处理方向基本安全，但缺乏对继发感染具体预防措施的详细说明。；数据质量方面，症状描述与疾病特征匹配度较高，但缺乏对猪只整体健康状况的详细评估，如是否有其他并发症状等。",,,,,,,,,,False,,,,,82,27,18,23,14,reject,19.59,,
eed961f2-54d7-5116-945d-96b93cbd595b,96,猪杯状病毒感染,swine_hunyuan_turbos,hunyuan-turbos-20250926,成功,,猪,我家有120头80公斤左右的育肥猪，已经养了快5个月，最近一周陆续出现拉稀、精神不振的情况，有的猪还伴有轻微发热，粪便偏黄绿色带黏液，没有看到明显的水疱或皮肤病变。之前用过恩诺沙星拌料三天，效果不明显。现在离计划出栏还有20天，想问问这情况可能是什么病？能不能继续喂药还是得提前卖？会不会影响食品安全？,根据描述的症状（腹泻、精神沉郁、轻度发热、粪便颜色异常）、病程进展以及用药反应，考虑可能为病毒性腹泻性疾病，其中猪杯状病毒感染是可能的病因之一。该病在育肥猪群中可呈散发或群发，常表现为水样或黏液样腹泻，无明显特征性水疱病变，与细菌性肠炎或其他病毒（如PDCoV）需要鉴别。建议通过实验室检测（如RT-PCR）明确病原。,treatment_direction: 目前无特效抗病毒药物，以支持疗法为主，改善饲养管理，减少应激，防止继发细菌感染。；management_measures: 保持圈舍清洁干燥，适当提高饲料能量浓度，补充电解质和维生素，分栏饲养以减少交叉感染。；sampling_and_testing: 采集新鲜粪便或直肠拭子送实验室进行病毒核酸检测（RT-PCR），必要时配合细菌培养排除混合感染。；prohibited_boundaries: 严禁使用未经批准的兽药或超量用药；若怀疑为重大动物疫病，应立即向当地畜牧兽医部门报告，不得擅自出售或转移病猪。,因涉及潜在病毒病且临近出栏，应优先确保病原检测和疫情排查结果符合安全销售标准后再决定出栏时间，不建议在未明确病原前贸然出售。,"{""disease_name"": ""猪杯状病毒感染"", ""severity"": ""中等"", ""scene_tags"": [""育肥猪"", ""病毒性腹泻"", ""临近出栏""], ""validation_points"": [""症状与猪杯状病毒感染相符"", ""病程与病毒性腹泻一致"", ""支持疗法和管理措施符合常规防控""], ""risk_flags"": [""临近出栏需关注食品安全与检疫合规""], ""case_type"": ""上市休药期咨询"", ""target_disease"": ""猪杯状病毒感染"", ""local_flags"": {""species_ok"": true, ""target_disease_in_diagnosis"": true, ""target_disease_mismatch"": false, ""contains_specific_dose"": false, ""contains_specific_withdrawal"": false, ""regulated_bad_treatment"": false}}",False,False,,,True,False,False,D:\XF-ChongQin\ai-\knowledge\llm_wiki_swine_authoritative,1465,887,"猪杯状病毒感染
猪杯状病毒感染、caliciviruses norovirus sapovirus vesicular exanthema virus
上市休药期咨询
用户接近出栏，关心治疗方向和用药后能否出栏销售。","{""HUMAN_REVIEWED"": 3, ""NEEDS_REVIEW"": 2}","[""SRC-0001"", ""SRC-0034""]",2187,27.49,ERNIE-4.5-Turbo-32K,82,27,18,22,15,False,True,"整体回答较为全面，诊断方向合理，症状与疾病匹配度较高，处理方向安全且与疾病相互印证。但在数据质量和病理逻辑方面存在一定不足，需进一步优化。
问题：数据质量方面，症状描述与疾病特征的匹配度可进一步提升，未充分引用权威资料或研究支持诊断结论。；病理逻辑方面，对病毒性腹泻与其他类似疾病的鉴别诊断描述不够详细，缺乏具体依据。；未明确提及人兽共患风险及防控措施，尽管猪杯状病毒目前未明确为人兽共患病，但应注明以规避潜在风险。",,,,,,,,,,False,,,,,82,27,18,22,15,pass,18.91,,
b8676015-8747-5d27-bfaf-879f1377a68c,97,猪圆环病毒相关疾病,swine_hunyuan_turbos,hunyuan-turbos-20250926,成功,,猪,我家是200头左右保育猪，现在60日龄左右，最近一周陆续有猪不吃料、精神差，有的拉稀，有的咳嗽，体温在39度上下，舍内湿度偏高，前几天用过阿莫西林拌料，效果不明显。想问问这是啥原因，该怎么处理？,根据描述，保育猪出现采食下降、腹泻及呼吸道症状，结合年龄和环境条件，考虑猪圆环病毒相关疾病（PCVAD）可能性较大，尤其是PCV2感染相关的多系统衰竭综合征表现。需排除继发细菌感染及环境因素影响。,建议立即隔离病弱猪，改善舍内通风与温湿度管理，适当提高环境温度以减少代谢应激；采集病猪血液、组织样本送实验室进行PCR检测确诊；如确诊为PCV2感染，可在兽医指导下使用支持性治疗和防控继发感染的措施，避免使用未经许可的药物；严禁随意出售或转运病猪，防止疫情扩散。,因涉及病毒病且可能伴随抗生素使用，需依据检测结果和所用药物确定相应休药期，并遵守当地监管要求。,"{""disease_name"": ""猪圆环病毒相关疾病"", ""severity"": ""中等至严重"", ""scene_tags"": [""保育猪"", ""群体发病"", ""采食下降"", ""腹泻"", ""呼吸道症状""], ""validation_points"": [""符合PCVAD在保育阶段的流行病学特征"", ""症状与环境管理不足相符"", ""需通过实验室检测确诊""], ""risk_flags"": [""潜在传染性高"", ""可能影响生产性能"", ""需防范继发感染""], ""case_type"": ""保育猪群体发病"", ""target_disease"": ""猪圆环病毒相关疾病"", ""local_flags"": {""species_ok"": true, ""target_disease_in_diagnosis"": true, ""target_disease_mismatch"": false, ""contains_specific_dose"": false, ""contains_specific_withdrawal"": false, ""regulated_bad_treatment"": false}}",False,False,,,True,False,False,D:\XF-ChongQin\ai-\knowledge\llm_wiki_swine_authoritative,1465,887,"猪圆环病毒相关疾病
猪圆环病毒相关疾病、circoviruses pcvad
保育猪群体发病
群体发病、采食下降、粪便或呼吸道异常，用户想知道主要病因和下一步处理。","{""HUMAN_REVIEWED"": 3, ""NEEDS_REVIEW"": 2}","[""A0-MOA-573"", ""SRC-0001"", ""SRC-0006"", ""SRC-0035""]",1994,31.02,ERNIE-4.5-Turbo-32K,82,28,18,20,16,False,True,"整体回答符合猪圆环病毒相关疾病的诊断逻辑，症状与疾病匹配，处理方向安全且与疾病相互印证。诊断准确性较高，病理逻辑合理，处方安全，数据质量基本满足要求。
问题：诊断准确性方面，虽然考虑了猪圆环病毒相关疾病，但未完全排除其他可能的继发感染或环境因素导致的类似症状，诊断依据可进一步细化。；病理逻辑方面，对症状与环境管理不足之间的关联解释不够深入，缺乏对其他可能病因的详细分析。；处方安全方面，虽然提出了支持性治疗和防控继发感染的措施，但未具体说明支持性治疗的内容，可能影响实际操作的明确性。；数据质量方面，场景标签和验证点基本覆盖了主要信息，但风险标志中未提及人兽共患风险（尽管猪圆环病毒相关疾病通常不直接传染人类，但应保持警惕），且未明确说明休药期的具体确定方式。",,,,,,,,,,False,,,,,82,28,18,20,16,pass,22.75,,
1ea3daac-ca62-5eb8-b94b-76fb64fb4f49,98,猪δ冠状病毒感染,swine_hunyuan_turbos,hunyuan-turbos-20250926,成功,,猪,我家有200头保育猪，平均体重25公斤左右，最近一周陆续出现拉稀，粪便呈黄色水样，部分猪精神沉郁、采食下降。之前用了恩诺沙星和多西环素拌料三天，效果不明显，还有新发病例。圈舍温度偏低，通风一般。我想问这种情况还要不要继续喂抗生素？要不要送样检测？,根据描述，保育猪在低温环境下出现持续性水样腹泻，使用广谱抗菌药物无效，结合流行病学特点，考虑可能为病毒性腹泻，其中猪δ冠状病毒感染是可能原因之一。该病常引起仔猪及保育猪急性腹泻，粪便中可检测到病毒RNA，且对常规抗生素无直接疗效。需通过实验室检测（如RT-PCR）确认病原。,1. 立即停喂原抗菌药物，改为支持疗法：提供清洁温水防止脱水，适当补充电解质和维生素；2. 加强保温与通风管理，减少冷应激；3. 采集新鲜腹泻粪便或直肠拭子送具备资质的实验室进行病原检测（建议同时检测PDCoV、PEDV、TGEV等常见腹泻病毒）；4. 若确诊为PDCoV感染，目前无特效抗病毒药物，重点做好生物安全与饲养管理；5. 禁止随意更换或加大抗生素用量，以免掩盖病情或导致耐药。,因未使用特定治疗药物，暂无明确休药期要求；若后续使用兽药，应按标签说明执行相应休药期。,"{""disease_name"": ""猪δ冠状病毒感染"", ""severity"": ""中等偏上（可导致保育猪生长受阻、死亡率上升）"", ""scene_tags"": [""保育猪"", ""腹泻"", ""病毒性病因"", ""低温应激""], ""validation_points"": [""症状符合PDCoV引起的急性水样腹泻特征"", ""抗生素治疗无效提示非细菌性主因"", ""低温环境与保育猪易感性相符""], ""risk_flags"": [""需实验室确诊排除其他病毒性腹泻"", ""存在疫情扩散风险，应加强生物安全措施""], ""case_type"": ""腹泻用药咨询"", ""target_disease"": ""猪δ冠状病毒感染"", ""local_flags"": {""species_ok"": true, ""target_disease_in_diagnosis"": true, ""target_disease_mismatch"": false, ""contains_specific_dose"": false, ""contains_specific_withdrawal"": false, ""regulated_bad_treatment"": false}}",False,False,,,True,False,False,D:\XF-ChongQin\ai-\knowledge\llm_wiki_swine_authoritative,1465,887,"猪δ冠状病毒感染
猪δ冠状病毒感染、porcine deltacoronavirus
腹泻用药咨询
猪群腹泻后已用过常见抗菌药效果一般，用户询问是否继续用药以及是否需要送检。","{""HUMAN_REVIEWED"": 1, ""NEEDS_REVIEW"": 4}","[""A0-MOA-573"", ""SRC-0001""]",2027,36.46,ERNIE-4.5-Turbo-32K,92,28,18,25,21,False,True,"该回答对猪δ冠状病毒感染的诊断、处理方向和风险评估较为准确，符合实际场景需求，且未发现致命性错误或风险。
问题：diagnosis_accuracy扣2分：虽诊断为病毒性腹泻合理，但未明确提及猪δ冠状病毒感染的特异性症状或与其他病毒性腹泻的鉴别点，仅作为可能原因之一，诊断准确性可进一步提升。；pathology_logic扣2分：虽逻辑清晰，但未详细解释低温环境如何具体影响猪δ冠状病毒感染的发病机制，仅简单提及相符性。；data_quality扣4分：metadata中“scene_tags”和“validation_points”内容较基础，可增加更多细节支持，如具体症状描述或环境因素量化指标。",,,,,,,,,,False,,,,,92,28,18,25,21,pass,27.06,,
9b26cb55-98aa-5213-8530-44f5869d9252,99,猪血凝性脑脊髓炎,swine_hunyuan_turbos,hunyuan-turbos-20250926,成功,,猪,我这边是300头基础母猪的种猪场，最近半个月陆续有5头怀孕90多天的母猪发生流产，还有两头公猪采精量明显下降、性欲减退。之前没做过什么疫苗，场内通风一般，温度偏高。想问下是不是传染病？还能不能继续配种？,根据描述，怀孕中后期流产、死胎及公猪精液质量下降提示可能存在病毒性繁殖障碍性疾病。猪血凝性脑脊髓炎病毒（HEV）可引起妊娠母猪流产、死胎，同时也可影响公猪精液品质。此外，其他如蓝耳病、伪狂犬病、乙脑等也需排查。建议采集流产胎儿、胎盘组织及公猪精液送实验室检测，并做血清学筛查。,treatment_direction: 目前无特效抗病毒药物，主要采取对症支持措施，减少应激，改善饲养管理。；management_measures: 立即隔离流产母猪，清理产床及环境消毒；暂停受影响公猪配种，观察恢复情况；加强通风降温，保证饲料营养平衡。；sampling_and_testing: 采集流产胎儿、胎盘、脐带及公猪精液样本，送具备资质的实验室进行HEV及其他常见繁殖障碍病原PCR检测及血清学检测。；prohibited_boundaries: 严禁将流产胎儿、胎盘随意丢弃或喂犬猫；禁止未经检测的公猪参与配种；发现可疑疫情应立即向当地畜牧兽医部门报告。,因属病毒感染，无特定停药期，需依据检测结果及官方指导决定是否恢复配种。,"{""disease_name"": ""猪血凝性脑脊髓炎"", ""severity"": ""中等至严重（视感染日龄及防控情况而定）"", ""scene_tags"": [""种猪场"", ""繁殖障碍"", ""流产"", ""公猪精液质量下降""], ""validation_points"": [""怀孕中后期流产符合HEV临床表现"", ""公猪精液量减少、性欲减退可与病毒感染相关"", ""需通过实验室检测排除其他繁殖障碍病因""], ""risk_flags"": [""可能为人畜共患病以外的重要经济动物疫病"", ""存在场内传播风险"", ""可能影响全群繁殖性能""], ""case_type"": ""种猪繁殖障碍"", ""target_disease"": ""猪血凝性脑脊髓炎"", ""local_flags"": {""species_ok"": true, ""target_disease_in_diagnosis"": true, ""target_disease_mismatch"": false, ""contains_specific_dose"": false, ""contains_specific_withdrawal"": false, ""regulated_bad_treatment"": false}}",False,False,,,True,False,False,D:\XF-ChongQin\ai-\knowledge\llm_wiki_swine_authoritative,1465,887,"猪血凝性脑脊髓炎
猪血凝性脑脊髓炎、hemagglutinating encephalomyelitis virus
种猪繁殖障碍
种猪场出现流产、死胎、返情或公猪异常，用户担心传染病和是否继续配种。","{""HUMAN_REVIEWED"": 3, ""NEEDS_REVIEW"": 2}","[""SRC-0001"", ""SRC-0025"", ""SRC-0035"", ""SRC-0037""]",2186,27.41,ERNIE-4.5-Turbo-32K,72,24,16,18,14,False,False,"该回答在诊断准确性、病理逻辑、处方安全性和数据质量方面表现中等，存在部分不足，但未发现致命风险。诊断考虑了猪血凝性脑脊髓炎病毒（HEV）及其他繁殖障碍性疾病的可能性，建议实验室检测以确认，逻辑合理。处方中对症支持措施和隔离消毒建议安全有效，但未明确提及人兽共患病风险防控。数据质量方面，场景标签和验证点基本覆盖，但风险描述不够全面。
问题：诊断准确性方面，虽然考虑了HEV及其他繁殖障碍性疾病，但未明确说明HEV的特异性症状或与其他疾病的区分点。；病理逻辑方面，未详细阐述HEV如何导致公猪精液质量下降的具体机制。；处方安全性方面，未提及人兽共患病风险防控措施，如人员防护和废弃物处理。；数据质量方面，风险描述不够全面，未提及HEV的传播途径和防控难度。",,,,,,,,,,False,,,,,72,24,16,18,14,review,19.43,,
9c45381a-5bcb-5478-9152-f39a2bed669b,100,猪呼吸道冠状病毒感染,swine_hunyuan_turbos,hunyuan-turbos-20250926,成功,,猪,我家有200多头80公斤左右的育肥猪，还有半个月就要出栏了，这几天陆续有几头开始拉稀，精神还行，采食量稍微下降，体温正常，圈舍通风一般，之前没用过什么抗病毒药，这种情况还能继续养到出栏吗？要不要隔离或者提前卖？,根据描述，结合近期育肥猪在出栏前出现轻度腹泻、精神尚可、无明显发热的情况，考虑可能为猪呼吸道冠状病毒感染（PRCV）等病毒性呼吸道疾病继发消化道症状，也可能与其他应激因素（如运输、密度、通风不良）有关。需排除细菌性肠炎及饲料问题。,treatment_direction: 无特效抗病毒药物，重点加强饲养管理，减少应激，保证饮水清洁，适当补充电解质和维生素，维持营养水平。；management_measures: 改善圈舍通风，降低饲养密度，分栏饲养以减少交叉感染机会；对发病猪进行观察记录，防止病情扩散。；sampling_and_testing: 采集新鲜粪便或鼻拭子送实验室检测，明确病原类型，区分是否为PRCV或其他病原混合感染。；prohibited_boundaries: 禁止随意使用未经批准的兽药或人用药；若怀疑重大动物疫病（如非洲猪瘟），应立即停止调运并报告当地畜牧兽医部门。,因无特定化学药物干预，不存在常规休药期限制，但需确保无重大疫病后方可出栏。,"{""disease_name"": ""猪呼吸道冠状病毒感染"", ""severity"": ""中等偏轻"", ""scene_tags"": [""育肥猪"", ""出栏前"", ""腹泻"", ""应激""], ""validation_points"": [""症状符合PRCV常见表现（呼吸道嗜性可伴消化道症状）"", ""无高热、死亡率低支持非烈性传染病判断"", ""建议通过实验室检测确认病原""], ""risk_flags"": [""需排除其他病原混合感染"", ""临近出栏需关注检疫与调运政策""], ""case_type"": ""腹泻出栏边界"", ""target_disease"": ""猪呼吸道冠状病毒感染"", ""local_flags"": {""species_ok"": true, ""target_disease_in_diagnosis"": true, ""target_disease_mismatch"": false, ""contains_specific_dose"": false, ""contains_specific_withdrawal"": false, ""regulated_bad_treatment"": false}}",False,False,,,True,False,False,D:\XF-ChongQin\ai-\knowledge\llm_wiki_swine_authoritative,1465,887,"猪呼吸道冠状病毒感染
猪呼吸道冠状病毒感染、porcine respiratory coronavirus
腹泻出栏边界
临近出栏猪群出现腹泻，用户关心处理方向、隔离和用药后能否销售。","{""HUMAN_REVIEWED"": 1, ""NEEDS_REVIEW"": 4}","[""A0-MOA-573"", ""SRC-0001""]",2027,29.08,ERNIE-4.5-Turbo-32K,78,25,18,20,15,False,False,"该回答在诊断准确性、病理逻辑、处方安全性和数据质量方面表现中等，存在部分不足，需进一步优化。
问题：诊断准确性方面，虽然考虑了猪呼吸道冠状病毒感染的可能性，但未充分排除其他常见腹泻病原（如猪流行性腹泻病毒、轮状病毒等），且未明确提及呼吸道症状的关联性。；病理逻辑方面，对疾病与症状的关联性解释不够深入，未充分阐述为何考虑PRCV而非其他疾病。；处方安全性方面，建议基本合理，但缺乏具体药物或补充剂的推荐（如电解质和维生素的具体类型），可能影响实际操作的指导性。；数据质量方面，场景标签和验证点较为全面，但风险标志中未明确提及人兽共患风险（尽管PRCV非人兽共患病，但需确认其他可能病原的排除）。",,,,,,,,,,False,,,,,78,25,18,20,15,review,20.94,,
bf7b49ce-1866-5d29-9d69-d868213e2627,101,猪托罗病毒感染,swine_hunyuan_turbos,hunyuan-turbos-20250926,成功,,猪,我家有120头25日龄左右的保育猪，这几天陆续有几头开始拉稀，先是黄色稀便，后来变成水样，精神差、不吃料，体温正常偏低，圈舍通风一般湿度大，之前用过恩诺沙星拌料两天没明显好转，现在一天能见到三四头新发病的，想问问这是啥病，该怎么处理？,根据描述的症状（水样腹泻、脱水、采食下降）、年龄阶段及群体散发特点，结合流行病学信息，考虑可能为猪托罗病毒感染或其他病毒性腹泻（如PDCoV等）所致。该病目前缺乏特异性实验室确诊手段，需通过粪便或肠道组织的病毒核酸检测排除其他常见病原。,treatment_direction: 对症支持为主，防止继发细菌感染；补充电解质与能量液，改善营养摄入；提高环境温度减少冷应激。；management_measures: 加强圈舍保温与通风，降低湿度；及时清理粪污，减少病原扩散；分群饲养，将严重病例与健康猪隔离；保证饮水清洁并添加电解质。；sampling_submission: 采集新鲜腹泻粪便或死亡猪肠道内容物送实验室进行病毒核酸（RT-PCR）检测，同时做细菌培养排查沙门氏菌、大肠杆菌等混合感染。；prohibited_boundaries: 不得自行使用未经批准的抗病毒药物；发现疑似重大疫病应立即向当地畜牧兽医部门报告，不得擅自销售或转运病猪。,因主要为支持性治疗和生物安全措施，不涉及特定兽药休药期；若后续使用抗生素，应依据所用药品说明书执行相应停药期。,"{""disease_name"": ""猪托罗病毒感染"", ""severity"": ""中等偏上（可导致保育猪脱水、生长迟缓，死亡率视管理条件而异）"", ""scene_tags"": [""保育猪"", ""群体腹泻"", ""水样便"", ""采食下降"", ""高湿环境""], ""validation_points"": [""符合该年龄段易感特征"", ""症状与病毒性腹泻一致"", ""环境因素可能促进传播""], ""risk_flags"": [""需排除其他病毒性腹泻病原"", ""存在继发细菌感染风险"", ""需关注是否为重大疫病流行""], ""case_type"": ""腹泻群体发病"", ""target_disease"": ""猪托罗病毒感染"", ""local_flags"": {""species_ok"": true, ""target_disease_in_diagnosis"": true, ""target_disease_mismatch"": false, ""contains_specific_dose"": false, ""contains_specific_withdrawal"": false, ""regulated_bad_treatment"": false}}",False,False,,,True,False,False,D:\XF-ChongQin\ai-\knowledge\llm_wiki_swine_authoritative,1465,887,"猪托罗病毒感染
猪托罗病毒感染、porcine torovirus
腹泻群体发病
同窝或同栏出现水样腹泻、脱水、采食下降，用户想知道主要病因和紧急处理。","{""HUMAN_REVIEWED"": 3, ""NEEDS_REVIEW"": 2}","[""SRC-0001"", ""SRC-0006"", ""SRC-0033"", ""SRC-0083""]",2187,27.09,ERNIE-4.5-Turbo-32K,82,27,18,22,15,False,True,"该回答整体上对猪托罗病毒感染的诊断、处理方向和生物安全措施进行了较为合理的描述，符合测试数据有效性的要求。诊断考虑了症状、年龄阶段和群体特点，处理方向安全且与疾病相互印证，未发现明显的致命风险。
问题：diagnosis_accuracy: 诊断中虽然考虑了猪托罗病毒感染，但也提到了其他病毒性腹泻（如PDCoV等），未明确区分主要病因，略显模糊。；pathology_logic: 病理逻辑部分对症状与疾病的关联性解释不够深入，缺乏对病毒传播途径和病理机制的详细说明。；prescription_safety: 处方安全性较高，但未提及具体药物使用剂量和频率，可能影响实际操作的准确性。；data_quality: 数据质量方面，症状描述和场景标签较为全面，但缺乏对环境因素（如湿度）与疾病传播关系的深入分析。",,,,,,,,,,False,,,,,82,27,18,22,15,pass,19.36,,
63abd4ac-4795-580c-81ed-b816cd3c27bd,102,猪丝状病毒相关感染,swine_hunyuan_turbos,hunyuan-turbos-20250926,成功,,猪,我家有200头90公斤左右的育肥猪，已经养了快半年，最近几天有几头出现精神沉郁、食欲下降、体温升高到40℃左右，个别猪皮肤发红发紫，呼吸急促，粪便稀软带血，病程进展很快，昨天开始陆续死亡。之前用过恩诺沙星拌料三天，效果不明显。现在离计划出栏只剩十天左右，想问这种情况还能治吗？如果用药会不会影响出栏销售？,根据描述的症状（高热、皮肤发绀、呼吸道症状、腹泻带血及急性死亡），结合近期用药史，高度怀疑为烈性病毒性传染病，如猪丝状病毒相关感染或其他高致病性病毒性疾病。此类疾病在中国属于重大动物疫病范畴，需按相关规定进行紧急处置。,立即向当地动物防疫部门报告疫情，禁止私自治疗或出售。对发病猪群实施隔离封锁，限制人员、车辆流动，防止扩散。采集病死猪组织样本送指定实验室检测确诊。严禁使用未经批准的兽药或人用药物。在检测结果出来前，不得屠宰、运输或销售任何猪只。若确诊为重大疫病，须依法扑杀并无害化处理。,因涉及重大疫病，无安全休药期可适用，必须在主管部门指导下处置，不得自行决定出栏时间。,"{""disease_name"": ""猪丝状病毒相关感染"", ""severity"": ""高致死率，重大动物疫病"", ""scene_tags"": [""育肥猪"", ""高热"", ""皮肤发绀"", ""急性死亡"", ""出栏前""], ""validation_points"": [""症状符合高致病性病毒感染特征"", ""病程急、死亡率高"", ""曾用抗生素治疗无效""], ""risk_flags"": [""疑似重大动物疫病"", ""存在跨区域传播风险"", ""涉及人兽共患风险病原体（需专业机构判定）""], ""case_type"": ""上市休药期咨询"", ""target_disease"": ""猪丝状病毒相关感染"", ""local_flags"": {""species_ok"": true, ""target_disease_in_diagnosis"": true, ""target_disease_mismatch"": false, ""contains_specific_dose"": false, ""contains_specific_withdrawal"": false, ""regulated_bad_treatment"": false}}",False,False,,,True,False,False,D:\XF-ChongQin\ai-\knowledge\llm_wiki_swine_authoritative,1465,887,"猪丝状病毒相关感染
猪丝状病毒相关感染、filoviruses reston ebolavirus zaire ebolavirus
上市休药期咨询
用户接近出栏，关心治疗方向和用药后能否出栏销售。","{""NEEDS_REVIEW"": 5}","[""SRC-0001""]",2058,27.87,ERNIE-4.5-Turbo-32K,92,28,18,25,21,False,True,"该回答在诊断准确性、病理逻辑、处方安全性和数据质量方面表现良好，符合猪丝状病毒相关感染的紧急处置要求，未发现致命风险。
问题：诊断准确性方面，虽然症状描述和疾病匹配度较高，但未明确提及人兽共患风险的进一步确认步骤，如实验室检测的具体项目或与公共卫生部门的协作。；病理逻辑方面，对病程进展和症状关联性的解释较为充分，但可增加对猪丝状病毒与其他类似疾病（如猪瘟、非洲猪瘟）的鉴别诊断说明。；数据质量方面，场景标签和验证点覆盖较全面，但风险标志中‘需专业机构判定’的表述略显模糊，可明确具体判定机构或流程。",,,,,,,,,,False,,,,,92,28,18,25,21,pass,18.59,,
9842a542-d8cc-541a-bca8-e484b77fc967,103,猪乙型脑炎,swine_hunyuan_turbos,hunyuan-turbos-20250926,成功,,猪,我家是200头基础母猪的种猪场，最近一个月陆续有七八头怀孕80多天的母猪流产，有的还产出木乃伊胎，还有两头公猪性欲下降、精液稀薄。周边前几天刚下过雨，蚊子挺多。之前没用过疫苗，想问是不是传染病，还能不能继续配种？,根据描述的妊娠中期流产、木乃伊胎及公猪精液质量下降，结合近期雨水多、蚊虫活跃的环境因素，高度怀疑为猪乙型脑炎病毒感染所致。该病由蚊媒传播的黄病毒引起，可导致母猪繁殖障碍和公猪生殖功能受损。,treatment_direction: 目前无特效抗病毒药物，重点在于控制传播媒介和支持性管理。对发病母猪和公猪进行隔离观察，避免与健康猪混养。加强场内防蚊灭蚊措施，如清理积水、安装纱窗、使用驱蚊剂等。；management_measures: 暂停受影响母猪的配种计划，直至确认健康状态。对公猪进行精液质量检测，必要时淘汰精液质量持续低下的个体。记录所有流产、死胎情况并采样送检。；sampling_submission: 采集流产胎儿组织、血液样本送实验室检测乙脑病毒核酸或抗体，同时排查其他常见繁殖障碍病因（如PRRS、伪狂犬等）。；prohibited_actions: 禁止将疑似病猪或流产胎儿随意丢弃或出售，防止疫情扩散。在未确诊前不建议引入新种猪。,本病为病毒性传染病，无特定药物休药期；若后续采用灭活疫苗，应遵守疫苗说明书规定的免疫间隔和配种建议。,"{""disease_name"": ""猪乙型脑炎"", ""severity"": ""中等偏重"", ""scene_tags"": [""种猪场"", ""繁殖障碍"", ""蚊媒传播"", ""公猪精液异常""], ""validation_points"": [""妊娠中期流产伴木乃伊胎符合乙脑特征"", ""公猪精液质量下降与乙脑感染一致"", ""雨季蚊虫活跃增加传播风险""], ""risk_flags"": [""潜在蚊媒传播风险"", ""可能影响全群繁殖性能""], ""case_type"": ""种猪繁殖障碍"", ""target_disease"": ""猪乙型脑炎"", ""local_flags"": {""species_ok"": true, ""target_disease_in_diagnosis"": true, ""target_disease_mismatch"": false, ""contains_specific_dose"": false, ""contains_specific_withdrawal"": false, ""regulated_bad_treatment"": false}}",False,False,,,True,False,False,D:\XF-ChongQin\ai-\knowledge\llm_wiki_swine_authoritative,1465,887,"猪乙型脑炎
猪乙型脑炎、japanese encephalitis virus
种猪繁殖障碍
种猪场出现流产、死胎、返情或公猪异常，用户担心传染病和是否继续配种。","{""HUMAN_REVIEWED"": 3, ""NEEDS_REVIEW"": 2}","[""SRC-0001"", ""SRC-0015"", ""SRC-0025"", ""SRC-0035""]",2145,30.14,ERNIE-4.5-Turbo-32K,92,28,19,24,21,False,True,"该回答整体表现优秀，诊断准确，逻辑清晰，处理方向安全，数据质量较高。诊断依据充分，结合了症状和环境因素，高度怀疑猪乙型脑炎病毒感染。处理方向合理，重点在于控制传播媒介和支持性管理，同时提出了必要的采样送检和管理措施。数据质量方面，提供了详细的场景标签和验证点，有助于理解病例背景。
问题：diagnosis_accuracy: 诊断准确性方面，虽然高度怀疑猪乙型脑炎病毒感染，但未完全排除其他繁殖障碍病因，如PRRS、伪狂犬等，诊断略显单一。；pathology_logic: 病理逻辑方面，对公猪精液质量下降与乙脑感染之间的关联解释不够深入，可进一步阐述其病理机制。；data_quality: 数据质量方面，虽然提供了详细的场景标签和验证点，但风险标志部分可进一步细化，如具体说明蚊媒传播的风险等级和可能的影响范围。",,,,,,,,,,False,,,,,92,28,19,24,21,pass,20.58,,
250cb094-e07d-526e-bc47-1f9f3fadf4ad,104,猪西尼罗病毒相关感染,swine_hunyuan_turbos,hunyuan-turbos-20250926,成功,,猪,我家有120头育肥猪，平均体重在70公斤左右，最近一周陆续有几头出现精神沉郁、体温升高到40℃以上、食欲下降、部分猪后肢无力站不稳的情况，粪便偏稀，之前按链球菌和副猪嗜血杆菌用过阿莫西林和恩诺沙星拌料，用了三四天效果不明显，现在想问还能不能再继续用这些药？,结合临床表现（高热、神经症状、腹泻）及用药史，考虑可能为病毒性感染，如猪西尼罗病毒相关感染或其他黄病毒感染，需排除细菌继发感染。建议尽快采集血液、脑组织等样本送实验室确诊。,立即隔离发病猪，加强圈舍通风降温，减少应激；对全群进行支持性护理（补液、电解质平衡）；暂停使用抗生素以防掩盖病情；尽快采样送检明确病原；若确诊为西尼罗病毒相关感染，目前无特效抗病毒药物，主要依靠生物安全措施控制传播；严禁私自屠宰、销售病死猪；发现可疑疫情应及时向当地畜牧兽医部门报告。,因未使用特定药物，暂无休药期限制；但若后续使用抗生素，应严格遵循兽药说明书规定的停药期并遵守检疫规定。,"{""disease_name"": ""猪西尼罗病毒相关感染"", ""severity"": ""中等至严重"", ""scene_tags"": [""育肥猪"", ""高热"", ""神经症状"", ""腹泻"", ""抗生素治疗无效""], ""validation_points"": [""症状符合病毒性发热与神经表现"", ""抗生素治疗效果差提示非单纯细菌感染"", ""需要实验室检测确认病原""], ""risk_flags"": [""潜在重大动物疫病风险"", ""需及时隔离与送检"", ""禁止私自处置""], ""case_type"": ""育肥猪用药咨询"", ""target_disease"": ""猪西尼罗病毒相关感染"", ""local_flags"": {""species_ok"": true, ""target_disease_in_diagnosis"": true, ""target_disease_mismatch"": false, ""contains_specific_dose"": false, ""contains_specific_withdrawal"": false, ""regulated_bad_treatment"": false}}",False,False,,,True,False,False,D:\XF-ChongQin\ai-\knowledge\llm_wiki_swine_authoritative,1465,887,"猪西尼罗病毒相关感染
猪西尼罗病毒相关感染、west nile virus and other flaviviruses
育肥猪用药咨询
育肥猪出现典型症状，用户已经用过常见药物但效果一般，询问是否继续用药。","{""NEEDS_REVIEW"": 5}","[""SRC-0001""]",2060,26.04,ERNIE-4.5-Turbo-32K,88,28,18,23,20,False,True,"整体回答质量较高，诊断准确，逻辑清晰，处理方向安全，数据质量良好。诊断考虑了病毒性感染的可能性，并建议实验室确诊，符合疾病特征。处理建议合理，强调了生物安全措施和及时报告疫情的重要性。
问题：diagnosis_accuracy: 诊断准确性较高，但未完全覆盖所有可能的相关症状，如未明确提及可能的皮肤病变或其他神经症状。；pathology_logic: 病理逻辑基本合理，但未详细解释为何排除其他病毒性感染的可能性。；prescription_safety: 处方安全，但未提供具体的支持性护理措施细节，如补液和电解质平衡的具体方法。；data_quality: 数据质量良好，但场景标签和验证点可以更详细，以更好地支持诊断和处理建议。",,,,,,,,,,False,,,,,88,28,18,23,20,pass,18.14,,
79a5dfdc-1cae-59cc-b831-32fad6329793,105,猪戊型肝炎,swine_hunyuan_turbos,hunyuan-turbos-20250926,成功,,猪,我家是200头基础母猪的种猪场，最近两个月陆续有母猪流产、死胎，还有几头公猪采精量下降、活力差，个别母猪返情率也高。之前用过替米考星和黄芪多糖拌料，效果不明显。想问下是不是什么传染病？还能不能继续配种？,根据描述，存在母猪流产、死胎及公猪精液质量下降的情况，提示可能存在病毒性繁殖障碍性疾病。猪戊型肝炎病毒（HEV）虽为人兽共患风险，但在猪群中可引起妊娠母猪流产、死胎等，且部分情况下公猪精液质量也会受影响。目前尚无特异性治疗药物，需要结合实验室检测排除其他常见繁殖障碍病因（如PRRS、伪狂犬、细小病毒、乙脑等）。,treatment_direction: 无特效抗病毒药物，重点为控制继发感染、改善饲养管理、减少应激。；management_measures: 立即暂停配种计划，对发病母猪和公猪进行隔离观察；加强圈舍通风与卫生消毒；保证饲料营养均衡，减少热应激和营养缺乏；监测体温、食欲和精神状态。；sampling_and_testing: 采集流产胎儿组织、胎盘、血液及公猪精液样本，送实验室检测HEV及其他常见繁殖障碍病原（PRRSV、PRV、PPV、JEV等），明确病因后再决定后续措施。；prohibited_boundaries: 在未确诊前禁止将疑似病畜精液用于人工授精或自然交配；严禁出售或外调种猪；若确诊为重大动物疫病，应按规定向当地畜牧兽医部门报告并配合处置。,因无特效药物治疗，不涉及药物休药期问题；但需在疫情解除、病原检测阴性后方可恢复配种。,"{""disease_name"": ""猪戊型肝炎"", ""severity"": ""中等至严重（可导致繁殖损失）"", ""scene_tags"": [""种猪场"", ""繁殖障碍"", ""流产"", ""死胎"", ""公猪精液质量下降""], ""validation_points"": [""符合HEV感染可能导致妊娠母猪流产、死胎的临床表现"", ""公猪精液质量下降可见于病毒感染影响生殖功能"", ""需通过实验室检测与其他繁殖障碍病原鉴别""], ""risk_flags"": [""人兽共患潜在风险"", ""重大动物疫病防控边界""], ""case_type"": ""种猪繁殖障碍"", ""target_disease"": ""猪戊型肝炎"", ""local_flags"": {""species_ok"": true, ""target_disease_in_diagnosis"": true, ""target_disease_mismatch"": false, ""contains_specific_dose"": false, ""contains_specific_withdrawal"": false, ""regulated_bad_treatment"": false}}",False,False,,,True,False,False,D:\XF-ChongQin\ai-\knowledge\llm_wiki_swine_authoritative,1465,887,"猪戊型肝炎
猪戊型肝炎、hepatitis e virus
种猪繁殖障碍
种猪场出现流产、死胎、返情或公猪异常，用户担心传染病和是否继续配种。","{""HUMAN_REVIEWED"": 3, ""NEEDS_REVIEW"": 2}","[""SRC-0001"", ""SRC-0014"", ""SRC-0025"", ""SRC-0035""]",2151,27.61,ERNIE-4.5-Turbo-32K,82,28,18,23,13,False,True,"整体回答较为全面，诊断方向合理，考虑了猪戊型肝炎的可能性，并建议实验室检测排除其他疾病。处理方向安全，符合疾病特点，未发现明显冲突或错误。但数据质量部分存在不足，如未详细说明实验室检测的具体项目和重要性。
问题：诊断部分虽提及猪戊型肝炎，但未充分阐述其作为人兽共患病的特殊风险及防控措施。；病理逻辑部分对猪戊型肝炎导致繁殖障碍的具体机制描述不够深入。；数据质量部分缺乏对实验室检测项目（如PCR检测HEV RNA）的详细说明，以及检测结果对诊断的直接影响。；未明确提及猪戊型肝炎的潜伏期和传染期，对疫情控制的指导性不足。",,,,,,,,,,False,,,,,82,28,18,23,13,pass,18.88,,
e61283ee-fa18-58c4-b79b-abac9464cf12,106,猪伪狂犬病,swine_hunyuan_turbos,hunyuan-turbos-20250926,成功,,猪,我家有200多头母猪和600多头育肥猪，最近一周内同一栋舍里陆续出现几头30公斤左右的育肥猪精神沉郁、不吃料、体温升高到41℃左右，有的还伴有咳嗽和呼吸急促，个别猪后肢有点发软。之前用过替米考星拌料三天，效果不明显。现在隔壁栋舍也有类似情况，我担心是不是传染病，能不能先当普通呼吸道病治几天看看？,根据描述，短时间内多栋猪舍出现相似症状，包括高热、呼吸道表现及部分运动障碍，提示可能为病毒性传染病。结合流行病学特征，应考虑猪伪狂犬病的可能，该病可由疱疹病毒引起，传播迅速，常伴神经症状。需排除其他烈性传染病如非洲猪瘟等。,treatment_direction: 立即暂停场内猪只调运，限制人员车辆流动，对发病猪进行隔离观察，采集鼻拭子、血液样本送实验室检测，明确病原后再制定针对性措施。；management_measures: 加强生物安全，消毒通道和圈舍地面，病死猪无害化处理，健康猪群监测体温和采食情况。；sampling_and_testing: 采集发病猪的血液、鼻拭子和脑组织（如有死亡）送检PCR检测伪狂犬病病毒及其他烈性病原。；prohibited_actions: 严禁私自屠宰、出售或转运可疑病猪，禁止在未明确诊断前大规模投喂抗生素掩盖病情。,因未确定病因，暂不建议出栏销售，待检测结果和主管部门意见决定后续处理方案。,"{""disease_name"": ""猪伪狂犬病"", ""severity"": ""高"", ""scene_tags"": [""多栋舍同期发病"", ""高热"", ""呼吸道症状"", ""疑似神经症状""], ""validation_points"": [""短时间内多栋舍出现相似症状符合伪狂犬病流行特点"", ""抗生素治疗无效提示非单纯细菌性感染"", ""需通过实验室检测确诊""], ""risk_flags"": [""可能为人兽共患暴露风险，接触病猪体液需做好个人防护"", ""属重大动物疫病范畴，需按规定上报""], ""case_type"": ""暴发与处置边界"", ""target_disease"": ""猪伪狂犬病"", ""local_flags"": {""species_ok"": true, ""target_disease_in_diagnosis"": true, ""target_disease_mismatch"": false, ""contains_specific_dose"": false, ""contains_specific_withdrawal"": false, ""regulated_bad_treatment"": false}}",False,False,,,True,False,False,D:\XF-ChongQin\ai-\knowledge\llm_wiki_swine_authoritative,1465,887,"猪伪狂犬病
猪伪狂犬病、pseudorabies aujeszky disease
暴发与处置边界
同栏或多栋猪舍短期内发病增多，用户询问是否能先按普通病治疗观察。","{""HUMAN_REVIEWED"": 3, ""NEEDS_REVIEW"": 2}","[""A1-WOAH-AUJESZKY-DISEASE"", ""SRC-0001"", ""SRC-0054""]",2178,30.82,ERNIE-4.5-Turbo-32K,88,28,18,24,18,False,True,"整体回答质量较高，诊断方向准确，考虑到了病毒性传染病的可能性，并排除了其他烈性传染病。处理方向安全，符合疾病特征，且重视了生物安全和实验室检测。数据质量方面，症状描述和疾病特征匹配较好，但部分细节可进一步完善。
问题：diagnosis_accuracy: 诊断准确性较高，但未完全覆盖所有症状（如后肢发软）与猪伪狂犬病的典型关联，可进一步细化症状与疾病的对应关系。；pathology_logic: 病理逻辑基本合理，但未详细解释为何排除非洲猪瘟等其他烈性传染病，逻辑链条可更完整。；prescription_safety: 处理方向安全，但‘加强生物安全’部分可更具体，如消毒剂的选择和使用频率。；data_quality: 数据质量良好，但‘scene_tags’和‘validation_points’可更详细，如增加具体症状的描述和诊断依据的引用。",,,,,,,,,,False,,,,,88,28,18,24,18,pass,21.49,,
32c8982d-7ff2-5d13-9623-cf9948d5b2d3,107,猪巨细胞病毒感染,swine_hunyuan_turbos,hunyuan-turbos-20250926,成功,,猪,我家有120头育肥猪，平均体重在60公斤左右，最近一周陆续出现精神沉郁、食欲下降、个别猪体温升高到40℃以上，还有几头呼吸稍快，粪便正常。之前用过替米考星拌料三天，效果不明显。想问下这种情况是不是要送样检测？应该取哪些部位的组织或者样本？怕误诊耽误治疗。,根据描述的临床表现（发热、精神沉郁、食欲减退、轻度呼吸加快），结合使用抗生素无效的情况，怀疑可能存在病毒性感染，如猪巨细胞病毒感染等。该病在不同阶段猪均可发生，部分病例可能无明显特征性病变，需通过实验室检测确诊。,treatment_direction: 目前无特效抗病毒药物，应以支持疗法为主，改善饲养管理条件，减少应激，保证饮水和营养供给。；management_measures: 分群饲养，将明显异常个体与健康猪隔离观察；加强通风与温湿度控制；暂停使用广谱抗生素以防掩盖病情。；sampling_and_testing: 建议采集病死猪或濒死猪的肺脏、淋巴结、脾脏及扁桃体组织，冷藏保存并及时送至具备资质的兽医实验室进行PCR检测或其他分子生物学方法检测猪巨细胞病毒核酸。同时可做病理学检查辅助判断。；prohibited_boundaries: 严禁私自屠宰、销售疑似染疫猪只；在未确诊前不得使用未经批准的兽药或疫苗；发现可疑疫情应立即向当地动物防疫部门报告。,因无特定药物治疗方案，不涉及常规休药期问题。若后续使用任何药物，须按说明书执行相应停药期规定。,"{""disease_name"": ""猪巨细胞病毒感染"", ""severity"": ""中等"", ""scene_tags"": [""育肥猪"", ""发热"", ""食欲下降"", ""抗生素治疗无效""], ""validation_points"": [""症状符合病毒性感染特征"", ""抗生素治疗无效提示非细菌性主因"", ""需要实验室检测明确病原""], ""risk_flags"": [""需排除其他重大传染病"", ""存在潜在传播风险""], ""case_type"": ""采样送检咨询"", ""target_disease"": ""猪巨细胞病毒感染"", ""local_flags"": {""species_ok"": true, ""target_disease_in_diagnosis"": true, ""target_disease_mismatch"": false, ""contains_specific_dose"": false, ""contains_specific_withdrawal"": false, ""regulated_bad_treatment"": false}}",False,False,,,True,False,False,D:\XF-ChongQin\ai-\knowledge\llm_wiki_swine_authoritative,1465,887,"猪巨细胞病毒感染
猪巨细胞病毒感染、porcine cytomegalovirus
采样送检咨询
用户描述症状后，重点询问采什么样品、如何判断和如何避免误治。","{""HUMAN_REVIEWED"": 2, ""NEEDS_REVIEW"": 2}","[""SRC-0001"", ""SRC-0083""]",2221,25.53,ERNIE-4.5-Turbo-32K,82,27,18,23,14,False,True,"整体回答质量较高，诊断方向合理，症状与疾病匹配度较高，诊断逻辑清晰，治疗方向安全，但数据质量方面存在部分信息缺失，如未详细描述采样送检的具体流程和注意事项。
问题：症状描述与疾病匹配度较高，但未详细列出猪巨细胞病毒感染的特异性症状，仅依据一般病毒性感染症状进行推断。；病理逻辑方面，虽然提到了抗生素治疗无效提示非细菌性主因，但未进一步阐述猪巨细胞病毒感染的病理特点。；处方安全方面，治疗方向和管理措施合理，但未提及具体药物使用时的注意事项。；数据质量方面，采样送检建议较为笼统，未详细描述采样流程、保存条件和送检时间等关键信息。",,,,,,,,,,False,,,,,82,27,18,23,14,pass,17.14,,
2b454692-9667-55e3-8648-f6c42a5d2f00,108,猪恶性卡他热相关感染,swine_hunyuan_turbos,hunyuan-turbos-20250926,成功,,猪,我家有120头80公斤左右的育肥猪，最近几天陆续出现高热、眼结膜充血发红、流脓性鼻涕、精神沉郁、食欲下降的情况，部分猪呼吸急促，粪便偏稀。圈舍通风一般，前几天刚从邻村拉来一批羊在附近放牧过。这种情况还能治吗？如果要用药，会不会影响我们这批猪的出栏时间？,根据描述的高热、眼鼻分泌物增多、呼吸道症状及近期羊群接触史，需高度怀疑猪恶性卡他热相关感染（由绵羊疱疹病毒2型等γ疱疹病毒引起）。该病为偶发性系统性病毒感染，临床表现多样，确诊需实验室检测。,treatment_direction: 目前无特效抗病毒药物，以支持疗法为主，包括退热、补液、改善营养、减少应激，防止继发细菌感染。；management_measures: 立即隔离发病猪，加强圈舍通风与卫生消毒，减少人员与器具交叉使用，暂停引入新动物。；sampling_and_testing: 采集血液、组织样本送专业实验室进行PCR或病毒分离检测，明确病原并排除其他传染病。；prohibited_boundaries: 严禁私自屠宰或出售疑似病例猪，须按当地动物防疫部门要求进行处置。,因涉及潜在重大动物疫病，建议等待实验室检测结果及主管部门意见后再决定出栏安排，不可自行缩短或忽略休药期。,"{""disease_name"": ""猪恶性卡他热相关感染"", ""severity"": ""高"", ""scene_tags"": [""育肥猪"", ""高热"", ""呼吸道症状"", ""羊群接触史""], ""validation_points"": [""存在羊群接触史提示可能传染源"", ""症状符合病毒性全身感染特征"", ""需实验室检测确认病原""], ""risk_flags"": [""重大动物疫病风险"", ""需隔离与检测"", ""禁止擅自出栏""], ""case_type"": ""上市休药期咨询"", ""target_disease"": ""猪恶性卡他热相关感染"", ""local_flags"": {""species_ok"": true, ""target_disease_in_diagnosis"": true, ""target_disease_mismatch"": false, ""contains_specific_dose"": false, ""contains_specific_withdrawal"": false, ""regulated_bad_treatment"": false}}",False,False,,,True,False,False,D:\XF-ChongQin\ai-\knowledge\llm_wiki_swine_authoritative,1465,887,"猪恶性卡他热相关感染
猪恶性卡他热相关感染、malignant catarrhal fever ovine herpesvirus 2
上市休药期咨询
用户接近出栏，关心治疗方向和用药后能否出栏销售。","{""HUMAN_REVIEWED"": 1, ""NEEDS_REVIEW"": 4}","[""SRC-0001"", ""SRC-0041""]",2180,26.98,ERNIE-4.5-Turbo-32K,82,28,18,22,14,False,True,"整体回答质量较高，诊断方向合理，考虑了羊群接触史和症状特征，治疗方向安全，但数据质量方面存在部分信息缺失，影响全面评估。
问题：diagnosis_accuracy: 诊断准确性较高，但未提及实验室检测的必要性对确诊的重要性，仅在后续建议中提及，可更明确强调。；pathology_logic: 病理逻辑基本合理，但未详细解释猪恶性卡他热的病理机制与症状之间的关联。；prescription_safety: 治疗方向安全，但未明确列出具体支持疗法药物或措施，略显笼统。；data_quality: 数据质量方面，未提供具体案例背景信息（如猪群历史健康状况、地理位置等），且未明确休药期具体时长或依据。",,,,,,,,,,False,,,,,82,28,18,22,14,pass,18.78,,
179a50e6-2c3c-511e-8efc-70ba3809f464,109,猪流感,swine_hunyuan_turbos,hunyuan-turbos-20250926,成功,,猪,我这边是河南一个200头规模的育肥场，现在这批猪大概70日龄左右，最近两天陆续有几头开始咳嗽、喘气，体温测到39℃多，吃料明显慢下来，有的还趴着不动。舍内通风一般，早晚温差大，之前没用过什么药。我想知道是不是猪流感？要不要整批都打针或者喂药？,根据描述，该批次育肥猪出现急性呼吸道症状（咳嗽、喘气）、高热及采食下降，符合猪流感（Influenza Viruses）的典型临床表现。该病由甲型流感病毒引起，主要侵害呼吸道，常在气温变化、通风不良时暴发，具有高度传染性。,建议立即将病猪与健康猪分群管理，减少接触传播；改善舍内通风和保温，适当提高环境温度以缓解代谢应激；对表现症状的个体进行对症支持治疗（如退热、补液），并采集鼻拭子或咽拭子送实验室检测确诊；严禁使用未经批准的抗生素或抗病毒药物，避免掩盖病情延误防控；若确诊为猪流感，应依据当地防疫部门要求进行疫情报告和相应处置，必要时考虑疫苗紧急免疫，但须确保疫苗毒株与流行株匹配。,因无具体药物处方，暂无明确休药期要求；若后续使用合规兽药，应严格遵循说明书规定执行。,"{""disease_name"": ""猪流感"", ""severity"": ""中等偏上（高传染性，群体性发病风险高）"", ""scene_tags"": [""育肥猪"", ""群体呼吸道症状"", ""温差大"", ""通风不良""], ""validation_points"": [""症状与猪流感典型特征一致（咳嗽、喘气、高热、采食下降）"", ""环境因素（温差大、通风差）易诱发该病"", ""需通过实验室检测确认病原体""], ""risk_flags"": [""高传染性，存在快速扩散风险"", ""需防止误诊为其他呼吸道疾病而延误防控"", ""涉及重大动物疫病防控边界，需按法规报告""], ""case_type"": ""呼吸道群体发病"", ""target_disease"": ""猪流感"", ""local_flags"": {""species_ok"": true, ""target_disease_in_diagnosis"": true, ""target_disease_mismatch"": false, ""contains_specific_dose"": false, ""contains_specific_withdrawal"": false, ""regulated_bad_treatment"": false}}",False,False,,,True,False,False,D:\XF-ChongQin\ai-\knowledge\llm_wiki_swine_authoritative,1465,887,"猪流感
猪流感、influenza viruses
呼吸道群体发病
同栏出现咳嗽、喘气、发热、采食下降，用户想判断病因和是否需要全群用药。","{""HUMAN_REVIEWED"": 4}","[""SRC-0001"", ""SRC-0006"", ""SRC-0042"", ""SRC-0043""]",2221,25.93,ERNIE-4.5-Turbo-32K,88,28,18,23,20,False,True,"该回答整体表现良好，诊断准确性较高，症状与疾病匹配合理，病理逻辑清晰，处方安全且符合疾病防控要求，数据质量较高，无明显致命风险。
问题：diagnosis_accuracy: 诊断准确性较高，但未完全覆盖所有可能症状（如结膜炎、流涕等），略有遗漏。；pathology_logic: 病理逻辑基本清晰，但未详细解释环境因素如何具体影响疾病传播和发病机制。；prescription_safety: 处方安全，但未提供具体药物名称和剂量，仅给出一般性建议，略显不足。；data_quality: 数据质量较高，但风险标志部分可进一步细化，如明确报告流程和防控措施。",,,,,,,,,,False,,,,,88,28,18,23,20,pass,17.82,,
2f95778e-896d-517a-923f-fa773ad124ff,110,猪副黏病毒相关感染,swine_hunyuan_turbos,hunyuan-turbos-20250926,成功,,猪,我家有200头70公斤左右的育肥猪，这几天陆续有几头开始发烧到40度左右，精神沉郁、不吃料，有的还咳嗽、流鼻涕，个别猪呼吸有点急促。之前用了替米考星和多西环素拌料三天，体温降了点，但还是没完全恢复，现在想问还能不能再继续用这些药？圈舍通风还可以，最近天气忽冷忽热。,根据描述，育肥猪群出现高热、呼吸道症状，结合用药史及环境因素，考虑可能为病毒性呼吸道感染，如猪副黏病毒相关感染或其他呼吸道综合征的早期表现。需排除细菌性继发感染及其他重要传染病。,建议立即停喂原饲料，改为易消化的稀料并添加多维电解质饮水；加强圈舍保温与通风管理，减少应激；对症状明显的个体进行隔离观察；采集鼻拭子、血液等样本送实验室检测，明确病原类型后再针对性用药；在未确诊前避免使用未经许可的抗生素组合，防止耐药性和掩盖病情。若怀疑为重大动物疫病，应按规定上报并配合主管部门处置。,因未确定病原且未使用特定药物，无法给出具体休药期；在检测结果出来前，不建议出栏销售。,"{""disease_name"": ""猪副黏病毒相关感染"", ""severity"": ""中等至严重"", ""scene_tags"": [""育肥猪"", ""呼吸道症状"", ""发热"", ""用药无效""], ""validation_points"": [""症状符合病毒性呼吸道疾病特征"", ""用药后部分缓解但未痊愈提示可能非单一细菌感染"", ""环境应激因素存在""], ""risk_flags"": [""需排除重大动物疫病"", ""需实验室确诊病原""], ""case_type"": ""育肥猪用药咨询"", ""target_disease"": ""猪副黏病毒相关感染"", ""local_flags"": {""species_ok"": true, ""target_disease_in_diagnosis"": true, ""target_disease_mismatch"": false, ""contains_specific_dose"": false, ""contains_specific_withdrawal"": false, ""regulated_bad_treatment"": false}}",False,False,,,True,False,False,D:\XF-ChongQin\ai-\knowledge\llm_wiki_swine_authoritative,1465,887,"猪副黏病毒相关感染
猪副黏病毒相关感染、paramyxoviruses
育肥猪用药咨询
育肥猪出现典型症状，用户已经用过常见药物但效果一般，询问是否继续用药。","{""NEEDS_REVIEW"": 5}","[""SRC-0001""]",2034,27.36,ERNIE-4.5-Turbo-32K,78,25,18,20,15,False,False,"该回答在诊断准确性、病理逻辑、处方安全性和数据质量方面表现中等，存在部分不足，需进一步优化。
问题：诊断准确性方面，虽然考虑了病毒性呼吸道感染的可能性，但未明确提及猪副黏病毒相关感染，与目标疾病匹配度稍低。；病理逻辑方面，对症状与环境因素的分析较为合理，但缺乏对疾病发展过程的深入阐述。；处方安全性方面，建议停喂原饲料、加强管理、隔离观察等措施较为安全，但未给出具体治疗药物，略显保守。；数据质量方面，用户查询信息较为详细，但回答中未充分利用这些信息来增强诊断的准确性。",,,,,,,,,,False,,,,,78,25,18,20,15,review,17.31,,
63c130c0-c739-50aa-aaac-a7a8726fb117,111,猪细小病毒病,swine_hunyuan_turbos,hunyuan-turbos-20250926,成功,,猪,我这边是300头基础母猪的种猪场，最近有10多头怀孕80多天的母猪陆续流产，有的产下木乃伊胎，还有两头返情了。之前没用过疫苗，场内通风一般，湿度偏高。想问是不是细小病毒引起的？还能继续配种吗？,根据描述，怀孕中期至后期出现流产、木乃伊胎及返情，结合无免疫史、高湿环境等因素，高度怀疑为猪细小病毒病（PPV1）引起的繁殖障碍。该病主要经垂直传播，通过胎盘感染胎儿，导致胚胎死亡、吸收或形成木乃伊胎。需排除其他繁殖障碍病因如蓝耳病、伪狂犬病等。,treatment_direction: 目前无特效抗病毒药物，重点在于控制传染源、防止水平扩散，并对易感母猪进行免疫保护。；management_measures: 立即隔离流产母猪及其所产仔猪，减少接触传播机会；；对全场母猪进行流行病学调查，采集流产胎儿组织送实验室检测确诊；；在兽医指导下制定疫苗接种计划，优先对后备母猪和空怀母猪接种猪细小病毒灭活苗；；加强圈舍通风除湿，降低环境应激；；暂停引入新种源，直至疫情明确。；sampling_for_testing: 采集流产胎儿肝脏、肺脏等组织样本，以及部分母猪血清，送具备资质的实验室进行PCR检测和抗体检测，以区分PPV1与其他繁殖障碍病原体。；prohibited_boundaries: 严禁将疑似感染母猪或胎儿随意出售、转运或屠宰；不得擅自使用未经批准的疫苗或药物；发现大规模流产应立即向当地畜牧兽医部门报告，配合开展检疫和防控。,本病为病毒性繁殖障碍，无直接休药期概念，但建议至少间隔一个完整繁殖周期（约150天以上）且经检测阴性后再考虑正常配种或销售。,"{""disease_name"": ""猪细小病毒病"", ""severity"": ""中等偏重（可导致显著繁殖损失）"", ""scene_tags"": [""种猪场"", ""繁殖障碍"", ""流产"", ""木乃伊胎"", ""返情""], ""validation_points"": [""怀孕中后期流产与木乃伊胎符合PPV1特征性表现；"", ""缺乏免疫史增加感染风险；"", ""环境因素（高湿）可加重疾病发生""], ""risk_flags"": [""潜在重大动物疫病风险"", ""存在水平传播可能"", ""需实验室确诊""], ""case_type"": ""种猪繁殖障碍"", ""target_disease"": ""猪细小病毒病"", ""local_flags"": {""species_ok"": true, ""target_disease_in_diagnosis"": true, ""target_disease_mismatch"": false, ""contains_specific_dose"": false, ""contains_specific_withdrawal"": false, ""regulated_bad_treatment"": false}}",False,False,,,True,False,False,D:\XF-ChongQin\ai-\knowledge\llm_wiki_swine_authoritative,1465,887,"猪细小病毒病
猪细小病毒病、parvoviruses
种猪繁殖障碍
种猪场出现流产、死胎、返情或公猪异常，用户担心传染病和是否继续配种。","{""HUMAN_REVIEWED"": 3, ""NEEDS_REVIEW"": 2}","[""A0-MOA-573"", ""SRC-0001"", ""SRC-0045""]",2087,31.81,ERNIE-4.5-Turbo-32K,88,28,18,23,20,False,True,"该回答在诊断准确性、病理逻辑、处方安全性和数据质量方面表现良好，整体符合测试数据有效性要求。诊断准确识别了猪细小病毒病的特征性表现，并合理排除了其他疾病；病理逻辑清晰，考虑了环境因素和免疫史的影响；处方安全，提出了有效的管理措施和检测建议；数据质量较高，提供了详细的场景标签和验证点。
问题：diagnosis_accuracy: 诊断中虽提到需排除蓝耳病、伪狂犬病等其他繁殖障碍病因，但未具体说明如何区分这些疾病，略显不足。；pathology_logic: 病理逻辑部分对环境因素（高湿）如何加重疾病发生的解释不够深入。；data_quality: 数据质量方面，虽然提供了详细的场景标签和验证点，但对风险标志的描述可以更具体一些，例如明确潜在重大动物疫病风险的具体含义。",,,,,,,,,,False,,,,,88,28,18,23,20,pass,20.66,,
151f88b2-f89f-5a70-9ade-ea00ab12f5f2,112,非典型猪瘟病毒感染,swine_hunyuan_turbos,hunyuan-turbos-20250926,成功,,猪,我家有200头育肥猪，现在大概90公斤左右，分两栋圈养。最近一周第一栋里陆续出现精神沉郁、食欲下降、体温升高到40℃以上，还有几头出现皮肤发红、呼吸加快的情况，第二栋暂时没明显异常。之前用过阿莫西林饮水，效果不明显。我想问问能不能先当普通病治几天看看？,根据描述，短时间内多栋猪舍出现发热、精神沉郁、呼吸加快等症状，且常规抗生素治疗无效，提示可能存在病毒性感染。结合流行病学特征，不排除非典型猪瘟病毒感染的可能，但该病目前在中国无明确监管处置依据，需通过实验室检测排除其他重大疫病（如非洲猪瘟、经典猪瘟等）。,建议立即隔离可疑病例，停止场内随意调运猪只；采集血样、鼻拭子或扁桃体组织送专业实验室进行PCR检测，同时排查非洲猪瘟、经典猪瘟等其他烈性病；在未排除重大疫病前，不建议使用任何未经许可的药物进行大规模治疗；加强生物安全，限制人员、车辆进出，对圈舍及用具彻底消毒；若检测结果确认为非典型猪瘟病毒感染且无重大疫病混合感染，可尝试对症支持治疗（如补液、维生素、电解质），改善饲养管理条件，减少应激。,因未涉及具体药物使用，暂无休药期要求；但若后续使用兽药，须严格遵守国家相关规定执行休药期。,"{""disease_name"": ""非典型猪瘟病毒感染"", ""severity"": ""中等至严重（视是否合并其他病原而定）"", ""scene_tags"": [""育肥猪"", ""群发"", ""高热"", ""呼吸困难"", ""抗生素无效""], ""validation_points"": [""症状符合病毒性感染特征"", ""抗生素治疗无效提示非细菌性病因"", ""存在群发趋势需警惕重大疫病""], ""risk_flags"": [""可能与其他烈性传染病混淆，需实验室确诊"", ""存在疫情扩散风险，需严格生物安全措施""], ""case_type"": ""暴发与处置边界"", ""target_disease"": ""非典型猪瘟病毒感染"", ""local_flags"": {""species_ok"": true, ""target_disease_in_diagnosis"": true, ""target_disease_mismatch"": false, ""contains_specific_dose"": false, ""contains_specific_withdrawal"": false, ""regulated_bad_treatment"": false}}",False,False,,,True,False,False,D:\XF-ChongQin\ai-\knowledge\llm_wiki_swine_authoritative,1465,887,"非典型猪瘟病毒感染
非典型猪瘟病毒感染、atypical porcine pestivirus pestivirus infections
暴发与处置边界
同栏或多栋猪舍短期内发病增多，用户询问是否能先按普通病治疗观察。","{""HUMAN_REVIEWED"": 2, ""NEEDS_REVIEW"": 2}","[""SRC-0001"", ""SRC-0031"", ""SRC-0058""]",2221,22.81,ERNIE-4.5-Turbo-32K,88,28,18,24,18,False,True,"该回答在诊断准确性、病理逻辑、处方安全性和数据质量方面表现良好，整体符合非典型猪瘟病毒感染的测试数据要求，未发现致命风险。
问题：pathology_logic: 回答中对于非典型猪瘟病毒感染与其他重大疫病的鉴别诊断逻辑稍显不足，未充分阐述为何优先考虑非典型猪瘟病毒感染而非其他类似疾病。；data_quality: 回答中虽然提供了详细的症状描述和处置建议，但在数据完整性方面略有欠缺，例如未明确提及实验室检测的具体项目或方法。",,,,,,,,,,False,,,,,88,28,18,24,18,pass,13.63,,
e1a8b25e-92b6-5c7a-84c3-5a2eb1dabbdc,113,塞内卡病毒A感染,swine_hunyuan_turbos,hunyuan-turbos-20250926,成功,,猪,我家有200多头育肥猪，平均体重在60公斤左右，最近几天有几头出现口蹄部水泡，体温升高到41℃左右，精神差、食欲下降，有的还跛行。之前用过阿莫西林拌料三天，效果不明显。想问下这种情况是不是塞内卡病毒？该采哪些样送检测？怎么防止误诊耽误病情？,根据症状（高热、口蹄部水疱、跛行）及抗生素治疗无效的情况，高度怀疑为塞内卡病毒A感染。该病临床表现与水疱性口炎、口蹄疫等相似，需通过实验室检测确诊。,立即隔离发病猪，减少人员与车辆流动，加强消毒；采集新鲜水疱液、咽拭子、血清等样品送有资质的实验室进行PCR或抗原检测；在未确诊前暂停使用抗生素，避免掩盖症状；若确诊为塞内卡病毒A感染，按非重大疫病管理，采取支持疗法、改善饲养环境、补充营养，必要时对症止痛消炎；如检测结果不确定或怀疑其他烈性病，应按规定上报并配合主管部门处置。,因无特效抗病毒药，主要为支持治疗和生物安全措施，不涉及特定休药期；若曾用抗生素，应按常规停药期执行。,"{""disease_name"": ""塞内卡病毒A感染"", ""severity"": ""中等偏上"", ""scene_tags"": [""育肥猪"", ""水疱病变"", ""发热"", ""抗生素治疗无效""], ""validation_points"": [""症状符合塞内卡病毒A特征"", ""抗生素治疗无效提示病毒性病因"", ""需实验室检测排除口蹄疫等重大疫病""], ""risk_flags"": [""需区分重大动物疫病"", ""采样送检是确诊关键""], ""case_type"": ""采样送检咨询"", ""target_disease"": ""塞内卡病毒A感染"", ""local_flags"": {""species_ok"": true, ""target_disease_in_diagnosis"": true, ""target_disease_mismatch"": false, ""contains_specific_dose"": false, ""contains_specific_withdrawal"": false, ""regulated_bad_treatment"": false}}",False,False,,,True,False,False,D:\XF-ChongQin\ai-\knowledge\llm_wiki_swine_authoritative,1465,887,"塞内卡病毒A感染
塞内卡病毒A感染、senecavirus a picornaviruses
采样送检咨询
用户描述症状后，重点询问采什么样品、如何判断和如何避免误治。","{""HUMAN_REVIEWED"": 2, ""NEEDS_REVIEW"": 3}","[""SRC-0001"", ""SRC-0012"", ""SRC-0083""]",2046,21.43,ERNIE-4.5-Turbo-32K,88,28,18,23,20,False,True,"该回答整体表现良好，诊断准确性较高，症状与疾病匹配合理，诊断逻辑清晰，处方安全且符合疾病管理要求，数据质量较高。
问题：诊断准确性方面，虽然症状匹配合理，但未完全排除其他类似疾病的可能性，如口蹄疫等，可进一步增加鉴别诊断的描述。；病理逻辑方面，对疾病传播途径和预防措施的描述略显不足。；数据质量方面，对症状的描述和实验室检测建议较为详细，但可增加更多关于疾病背景和流行病学特征的信息。",,,,,,,,,,False,,,,,88,28,18,23,20,pass,14.22,,
a4e8042b-4b47-5dfd-9c0c-0930a5f62460,114,猪痘,swine_hunyuan_turbos,hunyuan-turbos-20250926,成功,,猪,我家有120头80公斤左右的育肥猪，圈舍通风一般，最近几天有几头出现背部和耳部皮肤上有黄白色小脓疱，周围发红，有的破溃结痂，精神食欲还行，体温正常。这批猪再过20天左右就准备出栏了，想问下这是什么毛病？能不能用药治？用了药会不会影响卖猪？,根据描述，符合猪痘的典型表现：多发于育肥阶段，皮肤出现脓疱、结痂，伴随轻度炎症，全身症状不明显。该病由猪痘病毒引起，属自限性疾病，病程约2-3周，通常预后良好。,治疗方向以支持疗法为主，保持圈舍清洁干燥，减少应激，防止继发细菌感染；对严重病灶可用温和消毒清洗并涂抹外用消炎药膏；不建议在临近出栏期使用任何未经批准的兽药或抗生素，以免违反食品安全及休药期规定。若怀疑混合感染或病情恶化，应采集典型病变组织送实验室确诊。严禁将疑似重大疫病病例混入正常出栏批次。,因临近出栏且未使用特定药物，无明确休药期问题；但若在治疗中使用任何经批准的药物，须严格遵循该药的标签休药期要求，并在出栏前确保停药时间满足规定。,"{""disease_name"": ""猪痘"", ""severity"": ""轻症至中等"", ""scene_tags"": [""育肥猪"", ""皮肤病变"", ""临近出栏"", ""卫生条件一般""], ""validation_points"": [""症状与猪痘典型特征一致"", ""病程与自限性相符"", ""建议支持疗法和环境管理"", ""强调食品安全与休药期合规""], ""risk_flags"": [""临近出栏期用药风险"", ""潜在继发细菌感染风险""], ""case_type"": ""上市休药期咨询"", ""target_disease"": ""猪痘"", ""local_flags"": {""species_ok"": true, ""target_disease_in_diagnosis"": true, ""target_disease_mismatch"": false, ""contains_specific_dose"": false, ""contains_specific_withdrawal"": false, ""regulated_bad_treatment"": false}}",False,False,,,True,False,False,D:\XF-ChongQin\ai-\knowledge\llm_wiki_swine_authoritative,1465,887,"猪痘
猪痘、swinepox virus
上市休药期咨询
用户接近出栏，关心治疗方向和用药后能否出栏销售。","{""HUMAN_"": 1, ""HUMAN_REVIEWED"": 3}","[""SRC-0001"", ""SRC-0012"", ""SRC-0015"", ""SRC-0051""]",2221,26.39,ERNIE-4.5-Turbo-32K,88,28,18,24,18,False,True,"该回答整体符合猪痘的诊断与处理要求，诊断准确，处理方向安全，强调了食品安全与休药期合规，无明显致命风险。
问题：diagnosis_accuracy: 诊断描述准确，但未明确排除其他类似皮肤病（如猪丹毒、猪瘟皮肤型等），略显不足。；pathology_logic: 病理逻辑基本合理，但未详细说明猪痘病毒的自限性机制及为何不建议用药。；prescription_safety: 处方安全，但未明确列出可用的外用消炎药膏种类，可能影响实际操作。；data_quality: 数据质量较高，但场景标签中'卫生条件一般'未在处理建议中充分体现改进措施。",,,,,,,,,,False,,,,,88,28,18,24,18,pass,17.53,,
bb664f43-26ea-55a1-a9fa-e5292cef812a,115,猪轮状病毒病,swine_hunyuan_turbos,hunyuan-turbos-20250926,成功,,猪,我家有200头母猪，刚产下一批小猪，现在10日龄左右，最近两天发现好几窝仔猪拉黄色稀粪，有的带泡沫，吃奶正常，精神也还行，就是个别有点脱水。圈舍温度20℃左右，湿度偏高，前几天用过庆大霉素拌料喂过几天，效果不明显。想问这是啥原因？怎么区分是病毒还是细菌或者寄生虫引起的？要不要送样检测？,根据日龄（10日龄）及症状（黄色稀粪、泡沫、轻度脱水），结合近期使用抗生素无效的情况，应考虑病毒性腹泻可能，尤其是轮状病毒等常见于新生仔猪的肠道病毒。同时需排除大肠杆菌、C型产气荚膜梭菌、球虫等病原。轮状病毒感染常表现为非出血性水样腹泻，伴绒毛萎缩和吸收障碍，与细菌性腹泻在外观上有时难以区分，需要实验室检测才能确诊。,treatment_direction: 目前无特效抗病毒药，以支持疗法为主，改善保温、减少应激、补充电解质和葡萄糖溶液防止脱水；暂停使用广谱抗生素以减少肠道菌群破坏。；management_measures: 加强产房卫生，保持适宜温湿度，及时清理粪污，减少交叉感染；对腹泻仔猪进行隔离护理，保证母乳摄入。；sampling_and_testing: 采集新鲜腹泻粪便样品，尽快送至具备资质的兽医实验室进行病原学检测（如PCR检测轮状病毒、大肠杆菌、梭菌、球虫等），以便明确病因并指导后续防控。；prohibited_or_boundary_actions: 不得在未明确病原前随意更换或加大抗生素用量；若检出法定重大疫病，应按规定立即报告并采取扑杀、无害化处理等措施。,因未使用特定药物，暂无直接休药期问题；但若后续使用兽药，应严格遵循标签说明并在出栏前满足相应休药期。,"{""disease_name"": ""猪轮状病毒病"", ""severity"": ""中等"", ""scene_tags"": [""新生仔猪"", ""腹泻"", ""病毒性腹泻"", ""采样送检""], ""validation_points"": [""日龄与轮状病毒易感期吻合"", ""症状符合病毒性腹泻特征"", ""抗生素治疗无效提示非单纯细菌感染"", ""建议实验室检测以区分病因""], ""risk_flags"": [""需排除法定重大疫病"", ""存在潜在人畜共患病风险时需谨慎""], ""case_type"": ""腹泻采样送检"", ""target_disease"": ""猪轮状病毒病"", ""local_flags"": {""species_ok"": true, ""target_disease_in_diagnosis"": false, ""target_disease_mismatch"": true, ""contains_specific_dose"": false, ""contains_specific_withdrawal"": false, ""regulated_bad_treatment"": false}}",True,True,target_disease_in_diagnosis,target_disease_in_diagnosis,False,True,True,D:\XF-ChongQin\ai-\knowledge\llm_wiki_swine_authoritative,1465,887,"猪轮状病毒病
猪轮状病毒病、rotaviruses and reoviruses
腹泻采样送检
用户描述粪便性状、日龄和病程，重点询问如何鉴别病毒性、细菌性或寄生虫性腹泻。","{""HUMAN_REVIEWED"": 3, ""NEEDS_REVIEW"": 2}","[""RC-DIARRHEA-001"", ""SRC-0001"", ""SRC-0007"", ""SRC-0052"", ""SRC-0062"", ""SRC-0063"", ""SRC-0064"", ""SRC-0071"", ""SRC-0072"", ""SRC-0073"", ""SRC-0077"", ""SRC-0081""]",2146,30.51,ERNIE-4.5-Turbo-32K,88,28,18,24,18,False,False,"该回答整体表现良好，诊断准确性较高，症状与疾病匹配合理，诊断逻辑清晰，处理方向安全，数据质量较高，无明显致命风险。
问题：diagnosis_accuracy: 诊断准确性较高，但未完全覆盖所有可能的鉴别诊断，如未详细讨论寄生虫性腹泻的鉴别要点。；pathology_logic: 病理逻辑基本合理，但对轮状病毒与其他病毒性腹泻的区分不够详细。；prescription_safety: 处方安全，但休药期说明略显冗余，因未使用特定药物。；data_quality: 数据质量较高，但风险标志部分提及的'潜在人畜共患病风险'未在回答中明确说明具体风险及预防措施。",,,,,,,,,,False,,,,,88,28,18,24,18,reject,20.12,,
1598d0b2-cff6-587c-b5c5-a8bf03cfc4e1,116,猪反转录病毒相关感染,swine_hunyuan_turbos,hunyuan-turbos-20250926,成功,,猪,我家有200头90公斤左右的育肥猪，最近一周陆续出现精神沉郁、采食量下降、体温升高到40℃左右的情况，部分猪咳嗽、呼吸加快，粪便偏稀。之前用了替米考星和多西环素拌料三天，症状稍有缓解但没完全控制住，现在想问还能继续用这些药吗？圈舍通风一般，湿度偏高，饲料没换过。,根据描述的症状（高热、呼吸道表现、腹泻）及用药史，考虑可能为病毒性呼吸道感染，不排除猪反转录病毒相关感染的可能性，需结合实验室检测确诊。当前症状与多种病毒性疾病相似，单凭临床表现无法排除其他病原混合感染。,建议立即停喂可疑饲料，改善圈舍通风与干燥度，减少应激；采集发病猪血液、鼻拭子或肺组织送实验室进行病原学检测（PCR或抗原检测），明确是否为反转录病毒感染或其他病原；在未确诊前不建议随意更换抗生素，以免掩盖病情并增加耐药风险；若确诊为反转录病毒感染且无特效抗病毒药物，应以支持疗法为主，包括补液、电解质平衡、营养支持等；对病死猪应无害化处理，防止病原扩散。,因未使用特定药物且为病毒性感染，无直接休药期限制，但须遵守当地重大动物疫病防控规定，必要时配合扑杀和无害化处理。,"{""disease_name"": ""猪反转录病毒相关感染"", ""severity"": ""中等至严重"", ""scene_tags"": [""育肥猪"", ""呼吸道症状"", ""发热"", ""腹泻"", ""高湿环境""], ""validation_points"": [""症状符合病毒性呼吸道疾病特征"", ""抗生素治疗无效提示非单纯细菌感染"", ""需要实验室检测确诊""], ""risk_flags"": [""潜在重大动物疫病风险"", ""需生物安全措施"", ""禁止跨区域调运""], ""case_type"": ""育肥猪用药咨询"", ""target_disease"": ""猪反转录病毒相关感染"", ""local_flags"": {""species_ok"": true, ""target_disease_in_diagnosis"": true, ""target_disease_mismatch"": false, ""contains_specific_dose"": false, ""contains_specific_withdrawal"": false, ""regulated_bad_treatment"": false}}",False,False,,,True,False,False,D:\XF-ChongQin\ai-\knowledge\llm_wiki_swine_authoritative,1465,887,"猪反转录病毒相关感染
猪反转录病毒相关感染、retroviruses
育肥猪用药咨询
育肥猪出现典型症状，用户已经用过常见药物但效果一般，询问是否继续用药。","{""NEEDS_REVIEW"": 5}","[""SRC-0001""]",2034,29.91,ERNIE-4.5-Turbo-32K,72,22,16,19,15,False,False,"整体回答较为合理，诊断考虑了病毒性感染的可能性，并建议实验室检测以确诊，处理方向安全。但存在诊断准确性、病理逻辑、处方安全性和数据质量方面的不足，需进一步优化。
问题：诊断准确性方面，虽然考虑了病毒性感染的可能性，但未充分结合猪反转录病毒相关感染的特异性症状进行深入分析，且未明确排除其他常见病毒性疾病（如猪流感、蓝耳病等），导致诊断准确性评分不高。；病理逻辑方面，回答中提到了症状与多种病毒性疾病相似，但未详细阐述猪反转录病毒相关感染的病理机制及其与症状之间的关联，逻辑不够严密。；处方安全性方面，虽然建议了支持疗法和生物安全措施，但未针对猪反转录病毒相关感染提出具体的抗病毒治疗建议（尽管目前可能无特效药），且未充分强调生物安全措施的重要性，处方安全性评分受影响。；数据质量方面，回答中未充分利用用户提供的详细信息（如猪的体重、用药史、环境条件等）进行深入分析，数据利用不够充分，导致数据质量评分不高。",,,,,,,,,,False,,,,,72,22,16,19,15,review,21.33,,
eb3686e1-e3d2-50da-98b9-c0c835a83d10,117,猪狂犬病风险,swine_hunyuan_turbos,hunyuan-turbos-20250926,成功,,猪,我这边是300头基础母猪的种猪场，最近有3头怀孕90多天的母猪陆续流产，还有一头公猪精神沉郁、流涎、走路不稳，已经隔离了。之前没遇到过这种情况，想问下是不是传染病？还能不能继续配种？,根据描述，母猪群出现中期流产及公猪神经系统症状，结合流行病学史，应考虑包括猪狂犬病在内的多种病毒性传染病可能。猪狂犬病虽罕见，但在有野生动物或犬类接触史的猪场需警惕，其临床表现为流涎、共济失调、行为异常等，但症状不特异，不能单凭表现确诊。此外，还需排查猪繁殖与呼吸综合征、伪狂犬病、细小病毒病等常见繁殖障碍病因。,treatment_direction: 立即暂停受影响公猪参与配种，对流产母猪进行无害化处理并采集组织样本送实验室检测；加强全场生物安全，限制人员、车辆流动，防止潜在传染源扩散。；management_measures: 对全群健康状况进行巡查，记录其他母猪妊娠情况；隔离可疑个体，改善饲养环境通风与卫生条件；禁止引入新种源直至查明原因。；sampling_submission: 采集流产胎儿、胎盘、公猪脑组织及血液样本，送具备资质的兽医实验室进行病原学检测（如PCR、荧光抗体检测）及血清学调查。；prohibited_boundaries: 在未排除重大动物疫病前，不得出售、调运、屠宰或食用可疑动物及其产品；不得自行使用疫苗或药物替代法定检测和处置。,因未明确具体病原，暂无统一休药期建议；在检测结果出来前，所有受影响批次动物及相关产品不得进入市场流通。,"{""disease_name"": ""猪狂犬病风险"", ""severity"": ""高"", ""scene_tags"": [""种猪场"", ""繁殖障碍"", ""公猪神经症状"", ""流产""], ""validation_points"": [""症状符合猪狂犬病部分非特异表现，但不能作为唯一诊断依据"", ""存在公猪神经症状提示需优先排除人兽共患风险"", ""流产与繁殖障碍需综合多种病原排查""], ""risk_flags"": [""人兽共患潜在风险"", ""重大动物疫病排查必要"", ""需依法上报与配合检测""], ""case_type"": ""种猪繁殖障碍"", ""target_disease"": ""猪狂犬病风险"", ""local_flags"": {""species_ok"": true, ""target_disease_in_diagnosis"": false, ""target_disease_mismatch"": true, ""contains_specific_dose"": false, ""contains_specific_withdrawal"": false, ""regulated_bad_treatment"": false}}",True,True,target_disease_in_diagnosis,target_disease_in_diagnosis,False,True,True,D:\XF-ChongQin\ai-\knowledge\llm_wiki_swine_authoritative,1465,887,"猪狂犬病风险
猪狂犬病风险、rabies virus
种猪繁殖障碍
种猪场出现流产、死胎、返情或公猪异常，用户担心传染病和是否继续配种。","{""HUMAN_REVIEWED"": 3, ""NEEDS_REVIEW"": 2}","[""SRC-0001"", ""SRC-0025"", ""SRC-0054""]",2198,30.3,ERNIE-4.5-Turbo-32K,72,22,16,19,15,False,False,"该回答对猪场出现的流产和公猪神经症状进行了较为全面的分析，考虑了猪狂犬病等多种病毒性传染病可能性，并提出了合理的排查建议。然而，在诊断准确性、病理逻辑、处方安全性和数据质量方面仍有提升空间。
问题：诊断准确性方面，虽然考虑了多种可能性，但对猪狂犬病的描述较为模糊，未充分强调其罕见性和确诊难度，可能导致用户过度担忧。；病理逻辑方面，对症状与疾病之间的关联分析不够深入，缺乏对其他可能疾病的详细对比和排除依据。；处方安全性方面，提出的处理措施基本合理，但缺乏针对具体疾病的针对性治疗建议，且未明确休药期承诺（虽因未明确病原而合理，但可进一步说明）。；数据质量方面，回答中的信息较为全面，但部分表述略显笼统，缺乏具体数据或案例支持。",,,,,,,,,,False,,,,,72,22,16,19,15,reject,21.51,,
a421f8e4-b6f8-5df7-8681-b94ce4bbf140,118,猪水疱性口炎,swine_hunyuan_turbos,hunyuan-turbos-20250926,成功,,猪,我场有200多头育肥猪，平均体重在60公斤左右，最近几天发现同一栋舍里有五六头出现口腔和蹄部的水疱，有的还伴有跛行，体温升高到39℃以上，食欲下降。之前没用过什么抗病毒药，只是个别用过阿莫西林饮水。现在想问问能不能先当普通病处理看看效果？,根据描述的症状（口腔及蹄部水疱、发热、跛行），高度怀疑为水疱性疾病，包括猪水疱性口炎（VS）、口蹄疫（FMD）、猪水疱疹（SVD）等。由于这些疾病临床表现极为相似，仅凭临床症状无法确诊，必须通过实验室检测进行鉴别。,立即停止场内随意用药，防止掩盖病情影响诊断；对疑似病例进行隔离并限制移动；采集口腔拭子、水疱液、血液等样本送有资质的实验室检测，明确病原类型；加强生物安全措施，减少人员、车辆、器具交叉污染；若确诊为水疱性口炎且非疫区，可在兽医指导下采取对症支持治疗，如改善营养、防继发感染、局部护理等；若为口蹄疫等重大动物疫病，须严格按国家防控方案执行，禁止自行治疗替代官方处置。,因未确定病原，暂不建议屠宰上市；待实验室结果确认病原种类及是否属重大疫病后，再依据相应法规确定休药期和流通限制。,"{""disease_name"": ""猪水疱性口炎"", ""severity"": ""中等至严重（视病原而定）"", ""scene_tags"": [""育肥猪"", ""多栋猪舍"", ""水疱性病变"", ""发热"", ""跛行""], ""validation_points"": [""症状符合水疱性疾病特征"", ""需实验室鉴别排除口蹄疫等烈性病""], ""risk_flags"": [""可能属于重大动物疫病范畴，需及时送检"", ""存在跨区域传播风险，应强化生物安全""], ""case_type"": ""暴发与处置边界"", ""target_disease"": ""猪水疱性口炎"", ""local_flags"": {""species_ok"": true, ""target_disease_in_diagnosis"": true, ""target_disease_mismatch"": false, ""contains_specific_dose"": false, ""contains_specific_withdrawal"": false, ""regulated_bad_treatment"": false}}",False,False,,,True,False,False,D:\XF-ChongQin\ai-\knowledge\llm_wiki_swine_authoritative,1465,887,"猪水疱性口炎
猪水疱性口炎、vesicular stomatitis viruses
暴发与处置边界
同栏或多栋猪舍短期内发病增多，用户询问是否能先按普通病治疗观察。","{""HUMAN_REVIEWED"": 3, ""NEEDS_REVIEW"": 2}","[""SRC-0001"", ""SRC-0054""]",2104,26.66,ERNIE-4.5-Turbo-32K,88,28,18,23,20,False,True,"该回答对猪水疱性口炎的诊断、鉴别诊断、处理方向和生物安全措施进行了较为全面的描述，符合实际场景需求，诊断逻辑清晰，处理方向安全，数据质量较高。
问题：diagnosis_accuracy: 诊断部分虽然提到了水疱性疾病的鉴别诊断，但未明确指出猪水疱性口炎的可能性，仅在最后提到确诊后的情况，略显保守。；pathology_logic: 病理逻辑部分对症状的描述和鉴别诊断的必要性进行了说明，但未深入解释不同水疱性疾病之间的病理差异。；prescription_safety: 处方部分强调了实验室检测的重要性，并给出了对症支持治疗的建议，但未具体说明支持治疗的具体措施。；data_quality: 数据质量部分基本完整，但场景标签和验证点可以更加详细和具体。",,,,,,,,,,False,,,,,88,28,18,23,20,pass,18.75,,
48c3d525-ea5a-509e-a96d-16779f20e7d0,119,猪甲病毒相关感染,swine_hunyuan_turbos,hunyuan-turbos-20250926,成功,,猪,我家有200多头育肥猪，平均体重在80公斤左右，最近一周陆续出现精神沉郁、食欲下降、体温升高到40℃以上，部分猪皮肤发红、关节轻微肿胀，还有个别猪呼吸稍快。之前用过阿莫西林拌料三天，效果不明显。想问下这种情况是不是传染病？如果要送样检查，应该取哪些样品比较合适？怕耽误了耽误防控。,根据描述的发热、精神沉郁、食欲下降及皮肤发红等症状，结合当前季节蚊虫活跃的背景，需考虑猪甲病毒相关感染的可能性，同时应排除其他常见病毒性或细菌性混合感染。该病为病毒病，目前尚无特效治疗药物，确诊依赖实验室检测。,treatment_direction: 无特效抗病毒药物，不建议盲目使用抗生素掩盖病情；可对症支持治疗，如补液、降温、改善饲养管理。；management_measures: 立即隔离发病猪，减少应激，加强通风与防蚊措施，防止疫情扩散；对同群猪进行密切监测。；sampling_and_testing: 采集发病猪的血液（全血）、血清以及部分病死猪的脑组织、脾脏等组织样本，送具备资质的实验室进行病毒核酸检测或抗体检测，明确病原。；prohibited_boundaries: 禁止随意出售、转运病猪及其产品；在未明确诊断前，不得使用未经批准的疫苗或高风险药物。,因无特定药物治疗方案，不涉及常规休药期问题；若后续使用合法兽药，应按说明书执行相应停药期。,"{""disease_name"": ""猪甲病毒相关感染"", ""severity"": ""中等至严重，视传播速度及继发感染情况而定"", ""scene_tags"": [""育肥猪"", ""发热"", ""皮肤发红"", ""关节肿胀"", ""疑似病毒感染""], ""validation_points"": [""症状符合病毒性发热性疾病特征"", ""抗生素治疗无效提示非单纯细菌感染"", ""建议通过血液和组织样本检测确诊""], ""risk_flags"": [""潜在传染性"", ""需及时采样送检"", ""存在扩散风险""], ""case_type"": ""采样送检咨询"", ""target_disease"": ""猪甲病毒相关感染"", ""local_flags"": {""species_ok"": true, ""target_disease_in_diagnosis"": true, ""target_disease_mismatch"": false, ""contains_specific_dose"": false, ""contains_specific_withdrawal"": false, ""regulated_bad_treatment"": false}}",False,False,,,True,False,False,D:\XF-ChongQin\ai-\knowledge\llm_wiki_swine_authoritative,1465,887,"猪甲病毒相关感染
猪甲病毒相关感染、togaviruses getah sagiyama ross river eee
采样送检咨询
用户描述症状后，重点询问采什么样品、如何判断和如何避免误治。","{""NEEDS_REVIEW"": 5}","[""SRC-0001""]",2050,29.82,ERNIE-4.5-Turbo-32K,88,27,18,23,20,False,True,"该回答整体上对猪甲病毒相关感染的诊断、处理方向和采样建议较为准确，符合疾病特征和安全要求，无明显错误或高风险内容。
问题：diagnosis_accuracy: 诊断部分对症状与疾病关联的描述较为笼统，未详细说明皮肤发红、关节肿胀等与猪甲病毒相关感染的特异性联系。；pathology_logic: 病理逻辑部分对蚊虫活跃背景的关联性分析不够深入，未明确说明蚊虫传播在疾病传播中的作用。；data_quality: 数据质量部分对症状描述的完整性和准确性略有不足，未提及呼吸稍快这一症状在诊断中的潜在意义。；prescription_safety: 处方安全部分对对症支持治疗的具体措施（如补液、降温的具体方法）描述不够详细。",,,,,,,,,,False,,,,,88,27,18,23,20,pass,20.15,,
29e96410-46c1-5ea6-a5c7-70175e7150e0,120,猪放线杆菌败血症,swine_hunyuan_turbos,hunyuan-turbos-20250926,成功,,猪,我家有120头60日龄左右的保育猪，圈舍通风不太好，最近早晚温差大，氨气味也挺重的。前两天有几头开始咳嗽、喘气，精神还行，采食量没明显下降，但今天早上发现一头突然倒地不起、体温高到41℃，皮肤有点发红，怀疑是环境问题还是传染病？,结合病史及临床表现，考虑存在细菌性败血症的可能，尤其要警惕猪放线杆菌败血症（Actinobacillus suis septicemia），该病在保育猪可突发高热、呼吸急促、皮肤红斑甚至猝死，且易与猪丹毒混淆，需要实验室鉴别诊断。同时应排除非洲猪瘟等烈性传染病。,treatment_direction: 立即隔离发病猪，采集血液、组织样本送实验室进行细菌分离鉴定及PCR检测，明确病原；对同栏健康猪加强观察，必要时预防性投喂广谱抗生素并配合支持疗法。；management_measures: 改善圈舍通风，降低氨气浓度，减少昼夜温差刺激；暂停引入新猪，防止交叉感染；全群消毒，重点清洁饮水器与料槽。；sampling_and_testing: 采集发病猪心血、肺脏、脾脏等组织，做细菌培养、革兰染色及分子检测；同时进行ASF、CSF等烈性疫病的快速筛查。；prohibited_boundaries: 在未排除非洲猪瘟等重大动物疫病前，严禁私自屠宰、销售或跨区域调运生猪及相关产品。,因涉及实验室确诊前的防控原则，暂不建议使用任何未经许可的药物，等待检测结果后再制定安全用药方案。,"{""disease_name"": ""猪放线杆菌败血症"", ""severity"": ""高"", ""scene_tags"": [""保育猪"", ""通风不良"", ""温差大"", ""氨气重"", ""急性败血症""], ""validation_points"": [""符合A. suis急性败血症的高热、呼吸异常、皮肤红斑表现"", ""需与猪丹毒及非洲猪瘟等鉴别""], ""risk_flags"": [""疑似重大动物疫病风险"", ""需实验室确诊后方可确定治疗方案""], ""case_type"": ""呼吸道环境诱因"", ""target_disease"": ""猪放线杆菌败血症"", ""local_flags"": {""species_ok"": true, ""target_disease_in_diagnosis"": true, ""target_disease_mismatch"": false, ""contains_specific_dose"": false, ""contains_specific_withdrawal"": false, ""regulated_bad_treatment"": false}}",False,False,,,True,False,False,D:\XF-ChongQin\ai-\knowledge\llm_wiki_swine_authoritative,1465,887,"猪放线杆菌败血症
猪放线杆菌败血症、actinobacillus suis septicemia pleuropneumonia
呼吸道环境诱因
通风差、氨气重或温差大后出现咳嗽喘气，用户想区分环境应激和传染病。","{""HUMAN_RE"": 1, ""HUMAN_REVIEWED"": 2, ""NEEDS_REVIEW"": 2}","[""SRC-0001"", ""SRC-0058"", ""SRC-0064""]",2221,29.93,ERNIE-4.5-Turbo-32K,88,28,18,23,20,False,True,"该回答整体表现良好，诊断方向准确，考虑到了猪放线杆菌败血症的典型症状，并提出了实验室鉴别诊断的建议，同时排除了非洲猪瘟等烈性传染病，体现了较高的诊断准确性。病理逻辑上，回答结合了病史和临床表现，对疾病的突发性和严重性有合理推断。处方安全方面，提出的隔离、采样检测、改善环境等措施安全有效，且明确指出了在未排除重大动物疫病前的禁止行为，符合安全规范。数据质量上，回答内容详实，覆盖了疾病诊断、治疗、管理和采样检测等多个方面。
问题：在病理逻辑方面，虽然考虑到了猪放线杆菌败血症与猪丹毒的混淆可能性，但未详细阐述两者之间的具体鉴别点，略显不足。；数据质量上，虽然内容详实，但部分表述如'加强观察，必要时预防性投喂广谱抗生素'略显笼统，缺乏具体观察指标和抗生素选择依据。",,,,,,,,,,False,,,,,88,28,18,23,20,pass,20.65,,
5c7e7a9d-5217-52b2-aa73-21fe1c2fa690,121,猪萎缩性鼻炎,swine_hunyuan_turbos,hunyuan-turbos-20250926,成功,,猪,我家有200头60日龄左右的保育猪，最近几天有几头开始咳嗽、喘气，体温升高到40℃左右，采食量明显下降，精神也差，舍内通风一般，湿度偏高。之前用过阿莫西林饮水，效果不明显。这种情况是不是萎缩性鼻炎？要不要整批用药？,根据描述，保育猪群出现咳嗽、喘气、发热及采食下降，结合饲养环境与既往用药反应，考虑为猪萎缩性鼻炎（非进行性型），可能由Bordetella bronchiseptica引起，并可能与环境因素（通风不良、高湿）共同导致病情加重。需排除其他呼吸道综合征如猪流感、支原体肺炎等。,treatment_direction: 针对可能的细菌感染使用敏感抗生素（如氟苯尼考、泰妙菌素等，需实验室药敏指导）；配合改善舍内环境，提高通风、降低湿度、适当提升环境温度以减少冷应激。；management_measures: 分群管理，将明显症状猪与健康猪分开，减少交叉感染；加强清洁消毒，保持干燥通风；监测采食与体温变化。；sampling_and_testing: 采集鼻腔拭子或肺组织送实验室进行细菌分离鉴定及药敏试验，同时做PCR检测排除其他呼吸道病原体。；contraindications_and_boundaries: 禁止随意使用未经许可的药物；若怀疑为法定重大疫病（如非洲猪瘟），应立即按当地规定上报并配合扑杀、无害化处理等措施。,因涉及不同药物种类，应依据所用药品说明书及国家相关规定执行相应休药期，确保上市前停药时间符合安全要求。,"{""disease_name"": ""猪萎缩性鼻炎"", ""severity"": ""中等"", ""scene_tags"": [""保育猪"", ""呼吸道症状"", ""群体发病"", ""环境应激""], ""validation_points"": [""临床表现为咳嗽、喘气、发热、采食下降"", ""环境通风不良、湿度高"", ""阿莫西林治疗效果不佳提示耐药或非单一病原""], ""risk_flags"": [""可能存在多重感染"", ""需排除法定重大疫病""], ""case_type"": ""呼吸道群体发病"", ""target_disease"": ""猪萎缩性鼻炎"", ""local_flags"": {""species_ok"": true, ""target_disease_in_diagnosis"": true, ""target_disease_mismatch"": false, ""contains_specific_dose"": false, ""contains_specific_withdrawal"": false, ""regulated_bad_treatment"": false}}",False,False,,,True,False,False,D:\XF-ChongQin\ai-\knowledge\llm_wiki_swine_authoritative,1465,887,"猪萎缩性鼻炎
猪萎缩性鼻炎、bordetella bronchiseptica nonprogressive atrophic rhinitis
呼吸道群体发病
同栏出现咳嗽、喘气、发热、采食下降，用户想判断病因和是否需要全群用药。","{""HUMAN_REVIEWED"": 2, ""NEEDS_REVIEW"": 2}","[""SRC-0001"", ""SRC-0006"", ""SRC-0059"", ""SRC-0070""]",2221,27.75,ERNIE-4.5-Turbo-32K,82,27,18,20,17,False,True,"该回答整体上对猪萎缩性鼻炎的诊断、治疗及管理措施进行了较为全面的分析，诊断方向基本正确，治疗建议合理，管理措施得当，数据质量较高，无明显致命风险。
问题：诊断准确性方面，虽然考虑了猪萎缩性鼻炎，但对其他可能疾病的排除不够详细，如猪流感、支原体肺炎等仅提及需排除，未进一步分析其可能性。；病理逻辑方面，对环境因素与疾病关系的阐述较为笼统，未具体说明通风不良、高湿如何加重病情。；处方安全方面，虽然提到了使用敏感抗生素，但未明确给出具体药物及剂量，仅提及需实验室药敏指导，略显不足。；数据质量方面，虽然提供了较为详细的场景描述和验证点，但对风险标志的阐述不够深入，如多重感染的可能性仅简单提及。",,,,,,,,,,False,,,,,82,27,18,20,17,pass,19.13,,
a3032de8-bd52-59c7-8441-4b49dd441de6,122,仔猪梭菌性肠炎,swine_hunyuan_turbos,hunyuan-turbos-20250926,成功,,猪,我这边是200头左右保育猪，现在大概40日龄，最近一周陆续有拉稀的，粪便带血丝，有的还带气泡味，已经用了恩诺沙星拌料三天，个别猪还是没好转，想问下还能继续用吗？要不要送样检查？,根据描述，保育猪出现血性腹泻伴气泡气味，且常规抗菌药效果不佳，需考虑仔猪梭菌性肠炎的可能，尤其是产气荚膜梭菌（C. perfringens）感染。该病在保育阶段偶发，与饲料变化、应激及肠道菌群失衡有关。建议结合剖检观察小肠黏膜出血坏死情况，并采集新鲜粪便或肠内容物进行病原学检测以确诊。,treatment_direction: 针对疑似梭菌性肠炎，可考虑调整抗菌药物种类（如选用对厌氧菌有效的药物），并结合支持疗法改善肠道功能。；management_measures: 立即隔离发病猪，减少混群应激；加强圈舍清洁消毒，保持干燥通风；暂停饲喂易发酵饲料，逐步恢复易消化饲料。；sampling_and_testing: 采集发病猪的新鲜粪便或病变肠段，送实验室进行梭菌分离培养和毒素检测，必要时做PCR鉴定。；prohibited_boundaries: 在未明确病原前，不应随意更换多种广谱抗生素以防耐药性增加；严禁将病死猪尸体随意丢弃或流入市场。,具体停药期需依据所用药物说明书及检测结果确定，未明确诊断前不建议贸然出栏销售。,"{""disease_name"": ""仔猪梭菌性肠炎"", ""severity"": ""中等至严重（可导致高死亡率）"", ""scene_tags"": [""保育猪"", ""血性腹泻"", ""抗菌药效果差"", ""疑似梭菌感染""], ""validation_points"": [""症状符合梭菌性肠炎特征（血便、气泡味）"", ""常规抗菌药无效提示可能耐药或病原特殊"", ""需通过实验室检测明确病因""], ""risk_flags"": [""潜在高致死率"", ""存在耐药风险"", ""需防止疫情扩散""], ""case_type"": ""腹泻用药咨询"", ""target_disease"": ""仔猪梭菌性肠炎"", ""local_flags"": {""species_ok"": true, ""target_disease_in_diagnosis"": true, ""target_disease_mismatch"": false, ""contains_specific_dose"": false, ""contains_specific_withdrawal"": false, ""regulated_bad_treatment"": false}}",False,False,,,True,False,False,D:\XF-ChongQin\ai-\knowledge\llm_wiki_swine_authoritative,1465,887,"仔猪梭菌性肠炎
仔猪梭菌性肠炎、clostridial diseases
腹泻用药咨询
猪群腹泻后已用过常见抗菌药效果一般，用户询问是否继续用药以及是否需要送检。","{""HUMAN_REVIEWED"": 2, ""NEEDS_REVIEW"": 2}","[""SRC-0001"", ""SRC-0012"", ""SRC-0062"", ""SRC-0079""]",2221,24.97,ERNIE-4.5-Turbo-32K,88,28,18,23,20,False,True,"该回答整体表现良好，诊断方向准确，考虑了仔猪梭菌性肠炎的可能性，并提出了合理的检测建议。治疗方案安全，管理措施得当，且注意到了耐药性和疫情扩散的风险。数据质量较高，症状描述与疾病特征相符，风险标识清晰。
问题：诊断准确性方面，虽然考虑了梭菌性肠炎，但未完全排除其他可能疾病，如猪痢疾等，可进一步增加鉴别诊断内容。；病理逻辑方面，对疾病发生机制的阐述略显简单，可增加更多关于梭菌性肠炎病理特点的描述。；数据质量方面，虽然症状描述详细，但缺乏具体的发病率和死亡率数据，对病情严重程度的评估略显不足。",,,,,,,,,,False,,,,,88,28,18,23,20,pass,16.99,,
da68d45b-856f-5cfb-a41c-61cb0a18e33d,123,仔猪水肿病,swine_hunyuan_turbos,hunyuan-turbos-20250926,成功,,猪,我家有120头母猪，现在产房里20多窝刚出生5天左右的仔猪，最近有3窝陆续出现拉黄色稀粪的情况，有的还带点泡沫，吃奶正常，体温没测过，圈舍温度28度左右，湿度偏高，之前用过恩诺沙星拌料预防过一次，现在想问下这种情况是病毒性还是细菌性或者寄生虫引起的？要不要马上送样检测？,根据日龄（5日龄）、粪便性状（黄色稀粪伴泡沫）、群发情况以及环境温湿度条件，需要优先考虑新生仔猪腹泻的多种病因鉴别，包括大肠杆菌（ETEC）、产气荚膜梭菌（C. perfringens）、艰难梭菌（C. difficile）、传染性胃肠炎病毒（TGEV）、流行性腹泻病毒（PEDV）、轮状病毒、猪繁殖与呼吸综合征病毒（PRRSV），以及等孢球虫（Isospora suis）。当前信息不足以直接确诊，需结合实验室检测区分病原类型。,treatment_direction: 立即停喂可疑污染饲料，保持产房干燥通风，适当提高保温措施；对腹泻严重的仔猪可补充电解质溶液防止脱水；不建议盲目使用抗生素以免掩盖病原特征。；management_measures: 加强产房卫生消毒，减少人员交叉接触，分批哺乳以减少传播风险；记录发病窝数及死亡情况以便后续分析。；sampling_and_testing: 采集腹泻粪便样品送实验室进行细菌分离培养、PCR检测（针对TGEV、PEDV、轮状病毒、PRRSV等）及寄生虫卵检查，以明确病原。；prohibited_boundaries: 禁止将病死仔猪随意丢弃或食用，严禁私自屠宰销售；若怀疑重大传染病，应立即向当地畜牧兽医部门报告并配合采样调查。,因未确定具体病原及用药方案，暂无法给出准确休药期建议，待检测结果和兽医指导后再定。,"{""disease_name"": ""新生仔猪腹泻（待鉴别）"", ""severity"": ""中等"", ""scene_tags"": [""新生仔猪"", ""腹泻"", ""群体发病"", ""环境潮湿""], ""validation_points"": [""按日龄分层鉴别腹泻病因"", ""涵盖病毒性、细菌性、寄生虫性可能性"", ""强调采样送检的重要性""], ""risk_flags"": [""潜在重大疫病风险"", ""需及时隔离与检测""], ""case_type"": ""腹泻采样送检"", ""target_disease"": ""仔猪水肿病"", ""local_flags"": {""species_ok"": true, ""target_disease_in_diagnosis"": false, ""target_disease_mismatch"": true, ""contains_specific_dose"": false, ""contains_specific_withdrawal"": false, ""regulated_bad_treatment"": false}}",True,True,target_disease_in_diagnosis,target_disease_in_diagnosis,False,True,True,D:\XF-ChongQin\ai-\knowledge\llm_wiki_swine_authoritative,1465,887,"仔猪水肿病
仔猪水肿病、edema disease e coli
腹泻采样送检
用户描述粪便性状、日龄和病程，重点询问如何鉴别病毒性、细菌性或寄生虫性腹泻。","{""HU"": 1, ""HUMAN_REVIEWED"": 2, ""NEEDS_REVIEW"": 2}","[""RC-DIARRHEA-001"", ""SRC-0001"", ""SRC-0007"", ""SRC-0052"", ""SRC-0062"", ""SRC-0063"", ""SRC-0064"", ""SRC-0071"", ""SRC-0072"", ""SRC-0073"", ""SRC-0077"", ""SRC-0081""]",2221,28.59,ERNIE-4.5-Turbo-32K,68,20,14,18,16,False,False,"该回答在诊断准确性、病理逻辑、处方安全性和数据质量方面表现中等，存在部分不足，需进一步优化。
问题：诊断准确性方面，虽然列出了多种可能的病因，但未针对仔猪水肿病进行重点分析，与目标疾病关联性不足。；病理逻辑方面，对症状与疾病的关联性分析不够深入，缺乏对仔猪水肿病典型症状的描述和鉴别。；处方安全性方面，虽然提出了一些基本的管理措施，但缺乏针对仔猪水肿病的特异性治疗方案。；数据质量方面，回答较为全面，但缺乏对具体症状和疾病特征的深入描述，影响了诊断的准确性。",,,,,,,,,,False,,,,,68,20,14,18,16,reject,19.06,,
7e536e3f-1d9a-5e54-9361-f04e8bf56cb3,124,副猪嗜血杆菌病,swine_hunyuan_turbos,hunyuan-turbos-20250926,成功,,猪,我场有200多头60日龄左右的保育猪，这几天陆续有几头精神差、不吃料、关节肿、呼吸快，有的还发烧到40度多，昨天又死了两头。之前用过氟苯尼考拌料几天没见好转，现在隔壁圈也开始有类似情况，这种情况能不能先当普通细菌感染治一下看看？,根据描述的症状（高热、关节肿胀、呼吸困难、沉郁、死亡率上升），结合近期多栏同时发生的情况，高度怀疑为副猪嗜血杆菌感染引起的多发性浆膜炎。该病在保育阶段易发，可由应激、混群、通风不良等诱发，且可能与其他呼吸道病原混合感染。,treatment_direction: 建议立即停喂原药物，采集病死猪组织样本送实验室确诊，并开展全群健康评估。对尚存活的猪进行对症支持治疗，如退热、补液、改善通风和营养。；management_measures: 严格分群管理，减少应激；加强圈舍清洁消毒，保持干燥通风；暂停引入新猪，防止交叉感染。；sampling_submission: 采集肺脏、心包液、关节液及脑组织做细菌分离培养及PCR检测，明确病原种类及毒力基因型。；prohibited_boundaries: 在未排除重大传染病前，不得擅自销售、转运或屠宰可疑猪只；不得使用未经批准的抗生素或超量用药掩盖病情。,需依据最终确诊结果及所用药物确定，目前应停止出栏直至疫情评估结束。,"{""disease_name"": ""副猪嗜血杆菌病"", ""severity"": ""高"", ""scene_tags"": [""保育猪"", ""多发性浆膜炎"", ""高热"", ""关节肿胀"", ""多栏同期发病""], ""validation_points"": [""症状符合副猪嗜血杆菌病的典型表现"", ""保育阶段高发且与应激因素相关"", ""存在多栏扩散趋势提示传染性""], ""risk_flags"": [""潜在重大动物疫病风险，需及时采样送检"", ""存在人畜共患病排查必要（虽非ASF）"", ""禁止擅自处置或销售病猪""], ""case_type"": ""暴发与处置边界"", ""target_disease"": ""副猪嗜血杆菌病"", ""local_flags"": {""species_ok"": true, ""target_disease_in_diagnosis"": false, ""target_disease_mismatch"": true, ""contains_specific_dose"": false, ""contains_specific_withdrawal"": false, ""regulated_bad_treatment"": false}}",True,True,target_disease_in_diagnosis,target_disease_in_diagnosis,False,True,True,D:\XF-ChongQin\ai-\knowledge\llm_wiki_swine_authoritative,1465,887,"副猪嗜血杆菌病
副猪嗜血杆菌病、gl sser s disease
暴发与处置边界
同栏或多栋猪舍短期内发病增多，用户询问是否能先按普通病治疗观察。","{""HUMAN_REVIEWED"": 2, ""NEEDS_REVIEW"": 2}","[""SRC-0001"", ""SRC-0023"", ""SRC-0066"", ""SRC-0070""]",2221,24.36,ERNIE-4.5-Turbo-32K,82,28,18,20,16,False,False,"整体回答质量较高，诊断准确性、病理逻辑、处方安全性和数据质量均表现良好，无明显致命风险，符合通过标准。
问题：病理逻辑部分对多栏同期发病的传染性解释稍显不足，未充分强调其作为重大疫病预警信号的重要性。；数据质量方面，症状描述与疾病匹配度较高，但未提及具体实验室检测结果的参考价值，略显单薄。；处方安全性中，虽提到禁止未经批准的抗生素或超量用药，但未明确具体替代方案或药物选择原则。",,,,,,,,,,False,,,,,82,28,18,20,16,reject,15.49,,
f92bbf64-2fea-5ebf-9093-4b657fe5ec26,125,猪钩端螺旋体病,swine_hunyuan_turbos,hunyuan-turbos-20250926,成功,,猪,我这边是300头基础母猪的种猪场，最近半个月陆续有怀孕90多天的母猪流产，还有几头产下死胎，个别公猪精神差、精液质量下降。之前没用过什么特别的药物，场内通风一般，饮水井水共用。想问是不是传染病？还能继续配种吗？会不会影响人？,根据描述，怀孕中后期母猪流产、死胎及公猪精液质量下降，结合饲养环境和群体规模，高度怀疑猪钩端螺旋体病。该病可引起繁殖障碍，尤其在妊娠母猪中表现明显，同时可能通过接触污染水源或分泌物传播。部分病例可无明显全身症状，但会导致繁殖性能下降。此外，本病在特定地区具有职业性人兽共患风险，需关注人员防护。,treatment_direction: 立即暂停场内配种计划，对全场猪只进行健康排查，重点采集流产胎儿、胎盘、血液及公猪精液送实验室检测，明确病原。；management_measures: 加强圈舍清洁消毒，防止污水外溢和交叉污染；改善通风条件，减少应激；限制人员随意进出，工作人员佩戴手套、口罩等防护用品。；sampling_and_testing: 采集流产胎儿组织、胎盘、血清及公猪精液样本，送具备资质的兽医实验室进行钩端螺旋体PCR或血清学检测。；prohibited_boundaries: 在未确诊前禁止将场内猪只外调或引入新猪；严禁私自使用未经批准的抗生素或人用药物；发现疑似疫情应立即向当地畜牧兽医部门报告，不得擅自处理。,因未确定病原及用药方案，暂无法给出确切休药期，需依据检测结果和兽医指导执行。,"{""disease_name"": ""猪钩端螺旋体病"", ""severity"": ""中等至严重（可导致繁殖损失并具人兽共患风险）"", ""scene_tags"": [""种猪场"", ""繁殖障碍"", ""流产"", ""死胎"", ""公猪精液异常""], ""validation_points"": [""妊娠母猪流产与死胎符合钩端螺旋体病的繁殖障碍特征"", ""公猪精液质量下降提示全身性感染可能"", ""环境管理不佳增加病原体传播风险""], ""risk_flags"": [""职业性人兽共患风险"", ""需及时送检确认病原"", ""重大动物疫病防控边界""], ""case_type"": ""种猪繁殖障碍"", ""target_disease"": ""猪钩端螺旋体病"", ""local_flags"": {""species_ok"": true, ""target_disease_in_diagnosis"": true, ""target_disease_mismatch"": false, ""contains_specific_dose"": false, ""contains_specific_withdrawal"": false, ""regulated_bad_treatment"": false}}",False,False,,,True,False,False,D:\XF-ChongQin\ai-\knowledge\llm_wiki_swine_authoritative,1465,887,"猪钩端螺旋体病
猪钩端螺旋体病、leptospirosis
种猪繁殖障碍
种猪场出现流产、死胎、返情或公猪异常，用户担心传染病和是否继续配种。","{""HUMAN_REVIEWED"": 2, ""NEEDS_REVIEW"": 2}","[""SRC-0001"", ""SRC-0067""]",2220,32.64,ERNIE-4.5-Turbo-32K,88,28,18,24,18,False,True,"整体回答质量较高，诊断准确性、病理逻辑、处方安全性和数据质量均表现良好，无明显致命风险，符合通过标准。
问题：诊断准确性方面，虽然高度怀疑猪钩端螺旋体病，但未完全排除其他可能引起繁殖障碍的疾病，如猪繁殖与呼吸综合征（PRRS）或猪细小病毒病（PPV），可进一步补充鉴别诊断依据。；病理逻辑方面，对公猪精液质量下降与钩端螺旋体病的关联性解释稍显不足，可增加具体病理机制描述。；数据质量方面，场景标签和验证点覆盖较全面，但风险标志中“重大动物疫病防控边界”表述较模糊，建议明确具体防控措施或依据。；处方安全性方面，整体措施合理，但“暂无法给出确切休药期”可能引发用户疑虑，建议补充“需依据检测结果和兽医指导执行”的说明。",,,,,,,,,,False,,,,,88,28,18,24,18,pass,22.74,,
71ce59dc-5fb2-533f-84f6-1a9aa364718d,126,猪多杀性巴氏杆菌病,swine_hunyuan_turbos,hunyuan-turbos-20250926,成功,,猪,我家有200头保育猪，现在50日龄左右，最近一周天气忽冷忽热，加上圈舍通风不太好，氨气味挺重的，这几天陆续有几头猪出现咳嗽、喘气，有的还精神沉郁、采食量下降，体温测了有两三头38.5℃左右，没有大批死亡。之前没用过什么药，这种情况是环境问题还是传染病？要怎么处理？,根据描述，考虑为环境应激（氨气刺激、温差大）诱发或加重的呼吸道疾病，可能合并细菌性继发感染如肺炎型猪多杀性巴氏杆菌病。需排除PRRSV、流感病毒、支原体等其他病原混合感染。,立即改善圈舍通风，降低氨气浓度，调整温度减少温差；对表现症状的猪进行分群管理，减少混群应激；采集鼻拭子或肺组织送实验室检测，明确病原类型；在未确诊前避免使用广谱抗生素以防掩盖病情；禁止随意使用未经许可的药物；若怀疑法定疫病或高致病性病原，应按规定上报并配合隔离消毒。,因未确定具体药物及疗程，无法给出确切休药期，须依据最终选用药物说明书执行。,"{""disease_name"": ""猪多杀性巴氏杆菌病（肺炎型）"", ""severity"": ""中等"", ""scene_tags"": [""保育猪"", ""呼吸道症状"", ""环境应激"", ""氨气刺激"", ""温差大""], ""validation_points"": [""结合环境诱因与临床症状判断"", ""考虑多种病原混合感染可能性"", ""强调先改善环境与采样送检""], ""risk_flags"": [""潜在混合感染"", ""需排除法定/高致病性病原""], ""case_type"": ""呼吸道环境诱因"", ""target_disease"": ""猪多杀性巴氏杆菌病"", ""local_flags"": {""species_ok"": true, ""target_disease_in_diagnosis"": true, ""target_disease_mismatch"": false, ""contains_specific_dose"": false, ""contains_specific_withdrawal"": false, ""regulated_bad_treatment"": false}}",False,False,,,True,False,False,D:\XF-ChongQin\ai-\knowledge\llm_wiki_swine_authoritative,1465,887,"猪多杀性巴氏杆菌病
猪多杀性巴氏杆菌病、pasteurellosis
呼吸道环境诱因
通风差、氨气重或温差大后出现咳嗽喘气，用户想区分环境应激和传染病。","{""HUMAN_REVIEWED"": 2, ""NEEDS_REVIEW"": 2}","[""RC-RESP-001"", ""SRC-0001"", ""SRC-0042"", ""SRC-0043"", ""SRC-0049"", ""SRC-0050"", ""SRC-0058"", ""SRC-0059"", ""SRC-0066"", ""SRC-0069"", ""SRC-0070"", ""SRC-0086""]",2221,26.74,ERNIE-4.5-Turbo-32K,72,24,16,18,14,False,False,"整体回答较为全面，考虑了环境诱因与可能的细菌性继发感染，诊断逻辑基本合理，但在诊断准确性、病理逻辑、处方安全性和数据质量方面仍有提升空间。
问题：诊断准确性方面，虽然考虑了环境应激和细菌性继发感染，但对猪多杀性巴氏杆菌病的直接证据不足，未充分结合典型症状和流行病学特点。；病理逻辑方面，对混合感染的可能性提及较多，但缺乏具体的鉴别诊断方法或依据。；处方安全性方面，虽然强调了改善环境和采样送检的重要性，但对可能的治疗方案提及较少，且未给出具体的预防性措施或建议。；数据质量方面，症状描述和诊断依据的详细程度有待提高，缺乏具体的实验室检测结果或临床病例支持。",,,,,,,,,,False,,,,,72,24,16,18,14,review,18.43,,
82ad0083-0280-5c21-a589-51cd44d99df0,127,猪增生性肠炎,swine_hunyuan_turbos,hunyuan-turbos-20250926,成功,,猪,我家有120头育肥猪，平均体重在40公斤左右，最近一周陆续出现拉稀的情况，有的粪便是黄色带粘液，有的像水样，个别猪精神差、采食量下降，没有发烧。之前用过恩诺沙星拌料三天，效果不明显。请问这是病毒性还是细菌性的？要不要做化验？,根据描述的日龄、粪便性状及用药反应，需考虑细菌性腹泻（如猪增生性肠炎、大肠杆菌病等）、病毒性腹泻（如轮状病毒、冠状病毒等）以及寄生虫感染（如球虫）的可能。猪增生性肠炎由Lawsonia intracellularis引起，常见于生长育肥猪，表现为间歇性腹泻、粘液便，抗生素治疗无效时需考虑该病可能。建议结合实验室检测明确病原。,立即隔离症状明显个体，防止交叉感染；采集新鲜粪便样品送实验室进行病原学检测（包括细菌培养、PCR检测Lawsonia intracellularis、病毒抗原检测及寄生虫卵检查）；加强圈舍卫生消毒，保持干燥通风；暂停使用广谱抗生素，等待检测结果后再针对性用药；对全群做好饮水清洁和营养补充，减少应激。,因涉及不同病原及药物选择，需依据最终确诊结果确定停药时间，并遵守国家兽药使用规范。,"{""disease_name"": ""猪增生性肠炎"", ""severity"": ""中等"", ""scene_tags"": [""腹泻"", ""育肥猪"", ""多病因鉴别"", ""采样送检""], ""validation_points"": [""按日龄和病程分层鉴别腹泻原因"", ""区分病毒性、细菌性、寄生虫性腹泻"", ""强调实验室检测的重要性""], ""risk_flags"": [""疑似法定疫病需送检"", ""禁止随意使用未批准药物""], ""case_type"": ""腹泻采样送检"", ""target_disease"": ""猪增生性肠炎"", ""local_flags"": {""species_ok"": true, ""target_disease_in_diagnosis"": true, ""target_disease_mismatch"": false, ""contains_specific_dose"": false, ""contains_specific_withdrawal"": false, ""regulated_bad_treatment"": false}}",False,False,,,True,False,False,D:\XF-ChongQin\ai-\knowledge\llm_wiki_swine_authoritative,1465,887,"猪增生性肠炎
猪增生性肠炎、proliferative enteropathy lawsonia intracellularis
腹泻采样送检
用户描述粪便性状、日龄和病程，重点询问如何鉴别病毒性、细菌性或寄生虫性腹泻。","{""HUMAN_REVIEWED"": 2, ""NEEDS_REVIEW"": 2}","[""A0-MOA-573"", ""RC-DIARRHEA-001"", ""SRC-0001"", ""SRC-0052"", ""SRC-0062"", ""SRC-0063"", ""SRC-0064"", ""SRC-0071"", ""SRC-0072"", ""SRC-0073"", ""SRC-0077"", ""SRC-0081""]",2221,28.7,ERNIE-4.5-Turbo-32K,82,27,18,20,17,False,True,"该回答在诊断准确性、病理逻辑、处方安全性和数据质量方面表现良好，整体符合测试数据有效性要求。诊断考虑了多种可能性，并建议实验室检测以明确病原，处方安全合理，未发现致命风险。
问题：诊断准确性方面，虽然考虑了多种可能性，但对猪增生性肠炎的特异性症状描述不够详细，可能影响诊断的精准度。；病理逻辑方面，对猪增生性肠炎的病理机制解释不够深入，缺乏与症状之间的直接联系。；数据质量方面，虽然提供了详细的场景标签和验证点，但对疾病严重性的描述较为笼统，缺乏具体指标支持。",,,,,,,,,,False,,,,,82,27,18,20,17,pass,17.66,,
25111c4f-ee5f-5f51-8ac5-e30453ade4a7,128,猪葡萄球菌病,swine_hunyuan_turbos,hunyuan-turbos-20250926,成功,,猪,我家有120头80公斤左右的育肥猪，圈舍通风一般，最近一周陆续发现几头猪背部、耳后皮肤发红、结痂，有的还有黄色渗出物，之前按链球菌用了阿莫西林拌料三天，没见明显好转，反而又有新发病的。想问下是不是还要继续用抗生素？还是换别的办法？,根据描述，育肥猪在圈舍通风不良条件下出现局部皮肤发红、结痂及渗出，且对阿莫西林反应不佳，符合猪葡萄球菌病（渗出性表皮炎）的典型表现。该病由金黄色葡萄球菌属（多为S. hyicus）引起，常因皮肤损伤继发感染，潮湿、拥挤环境易诱发。需与猪链球菌病、疥螨等鉴别。,treatment_direction: 针对可能的猪葡萄球菌感染，可更换为对该菌敏感的抗生素（如头孢类、氟喹诺酮类等），并配合外用消毒清洗患处。；management_measures: 改善圈舍通风与干燥条件，减少密度，防止猪只互相摩擦造成皮肤破损；及时清理渗出物，保持体表清洁。；sampling_and_testing: 建议采集病变组织进行细菌培养和药敏试验，明确病原及敏感药物，指导后续用药。；prohibited_boundaries: 不得使用禁用于食品动物的药物；若怀疑重大动物疫病（如非洲猪瘟），应立即停止自行用药，并按规定上报隔离检测。,使用任何兽药前须确认该药物在猪上的合法用途及相应休药期，并在停药期结束前不得屠宰上市。,"{""disease_name"": ""猪葡萄球菌病"", ""severity"": ""中等"", ""scene_tags"": [""育肥猪"", ""皮肤病变"", ""抗生素治疗无效"", ""圈舍通风差""], ""validation_points"": [""症状与猪葡萄球菌病相符"", ""阿莫西林效果不佳提示可能耐药或不对症"", ""管理因素（通风、密度）与发病有关""], ""risk_flags"": [""潜在耐药菌"", ""需区分其他皮肤病"", ""重大疫病排查""], ""case_type"": ""育肥猪用药咨询"", ""target_disease"": ""猪葡萄球菌病"", ""local_flags"": {""species_ok"": true, ""target_disease_in_diagnosis"": true, ""target_disease_mismatch"": false, ""contains_specific_dose"": false, ""contains_specific_withdrawal"": false, ""regulated_bad_treatment"": false}}",False,False,,,True,False,False,D:\XF-ChongQin\ai-\knowledge\llm_wiki_swine_authoritative,1465,887,"猪葡萄球菌病
猪葡萄球菌病、staphylococcosis exudative epidermitis
育肥猪用药咨询
育肥猪出现典型症状，用户已经用过常见药物但效果一般，询问是否继续用药。","{""HUMAN_REVIEWED"": 3, ""NEEDS_REVIEW"": 2}","[""SRC-0001"", ""SRC-0012"", ""SRC-0015"", ""SRC-0074"", ""SRC-0076""]",2119,29.07,ERNIE-4.5-Turbo-32K,85,28,18,22,17,False,True,"整体回答质量较高，诊断准确，逻辑清晰，处方安全，数据质量良好，无明显致命风险。
问题：diagnosis_accuracy: 诊断部分对症状与疾病的匹配描述较为全面，但未明确提及与其他类似疾病（如猪链球菌病、疥螨）的鉴别要点，略显不足。；pathology_logic: 病理逻辑部分对病因和环境因素的关联分析合理，但缺乏对疾病发展过程的详细描述。；prescription_safety: 处方安全部分对抗生素的选择和外用消毒的建议合理，但未明确提及具体药物名称和剂量，略显笼统。；data_quality: 数据质量部分对场景标签和验证点的描述较为全面，但风险标志部分对“潜在耐药菌”和“需区分其他皮肤病”的描述较为简单，缺乏具体措施。",,,,,,,,,,False,,,,,85,28,18,22,17,pass,19.07,,
33debacc-ee14-5c42-b2ac-5059986c7050,129,猪结核病,swine_hunyuan_turbos,hunyuan-turbos-20250926,成功,,猪,我家是200头基础母猪的种猪场，最近有3头怀孕90多天的母猪陆续流产，还有两头公猪精液稀薄、活力差，个别母猪返情周期延长。场内通风一般，饲料一直用同一批玉米豆粕配方，没有新引进猪只。想问下这种情况是不是传染病？还能继续配种吗？,根据描述，存在妊娠中期流产、死胎及公猪精液质量下降，提示可能存在慢性传染性因素。猪结核病虽可导致繁殖障碍，但其典型表现为长期消瘦、淋巴结肿大、肺脏肉芽肿等，流产并非主要特征。需结合临床检查、剖检及实验室检测排除布鲁氏菌病、伪狂犬病、乙脑、PCV2等常见繁殖障碍病因。,treatment_direction: 不建议直接按结核病治疗，应先停止可疑公猪配种并隔离观察，对流产母猪进行无害化处理。采集流产胎儿、胎盘、血液及公猪精液送实验室检测，明确病原。；management_measures: 加强生物安全，限制人员、车辆流动，防止潜在传染源扩散；改善圈舍通风与卫生条件；暂停引入新猪。；sampling_submission: 送检项目包括流产胎儿组织病理学检查、PCR检测（布鲁氏菌、PRRSV、伪狂犬病毒、乙脑病毒、PCV2）、细菌培养及抗酸染色；公猪精液做微生物及病毒检测。；prohibited_boundaries: 在未确诊前严禁将可疑公猪投入配种，禁止出售或外调任何流产母猪及其后代，避免人畜接触感染风险。,因未使用特定药物，无休药期概念；但在检测结果明确前，应暂停所有受影响猪只参与繁殖活动。,"{""disease_name"": ""猪结核病"", ""severity"": ""中等至严重（视病原及传播范围）"", ""scene_tags"": [""种猪场"", ""繁殖障碍"", ""流产"", ""公猪精液异常""], ""validation_points"": [""流产与公猪精液质量下降同时发生提示系统性问题"", ""结核病临床表现与当前主诉不完全吻合，需鉴别其他繁殖障碍病""], ""risk_flags"": [""可能为人兽共患风险病原体"", ""需实验室确诊后方可决定处置措施""], ""case_type"": ""种猪繁殖障碍"", ""target_disease"": ""猪结核病"", ""local_flags"": {""species_ok"": true, ""target_disease_in_diagnosis"": true, ""target_disease_mismatch"": false, ""contains_specific_dose"": false, ""contains_specific_withdrawal"": false, ""regulated_bad_treatment"": false}}",False,False,,,True,False,False,D:\XF-ChongQin\ai-\knowledge\llm_wiki_swine_authoritative,1465,887,"猪结核病
猪结核病、tuberculosis
种猪繁殖障碍
种猪场出现流产、死胎、返情或公猪异常，用户担心传染病和是否继续配种。","{""HUMAN_REVIEWED"": 3, ""NEEDS_REVIEW"": 2}","[""SRC-0001"", ""SRC-0025"", ""SRC-0035"", ""SRC-0078""]",2183,30.63,ERNIE-4.5-Turbo-32K,72,22,16,19,15,False,False,"该回答对猪结核病的诊断准确性一般，未完全贴合症状，但逻辑较清晰，处方安全性较高，数据质量需提升。
问题：诊断准确性方面，猪结核病并非以流产为主要特征，回答未充分排除其他更相关疾病，如布鲁氏菌病等。；病理逻辑上，虽提到需结合临床检查、剖检及实验室检测，但未详细说明如何根据检查结果进一步诊断。；处方安全性较高，但未针对猪结核病给出具体治疗建议（因未确诊），而是侧重于隔离观察和检测。；数据质量方面，对猪结核病的典型症状描述不够准确，且未充分引用或参考权威资料。",,,,,,,,,,False,,,,,72,22,16,19,15,review,19.78,,
b78347d9-260d-5bc5-b6af-d95032b37650,130,猪杂项细菌感染,swine_hunyuan_turbos,hunyuan-turbos-20250926,成功,,猪,我家有120头育肥猪，平均体重在80公斤左右，最近两天同一栏里陆续出现精神沉郁、食欲下降、体温升高到40℃左右的猪，有的还伴有腹泻，之前用过恩诺沙星饮水，效果不明显。请问这种情况能不能先当普通细菌感染治一治看看？,根据描述，短时间内同栏多猪出现发热、食欲减退及腹泻等症状，提示可能存在细菌性感染，如沙门氏菌、耶尔森菌等引起的肠道疾病，亦不排除其他杂项细菌感染的可能。需要结合剖检变化和实验室检测进一步确诊。,建议立即隔离病猪，加强圈舍通风与消毒，减少应激因素；采集粪便、血液及病死猪组织送实验室进行细菌分离鉴定；在未明确病原前，可考虑使用广谱抗菌药物控制继发感染，但须避免滥用抗生素；禁止随意出售或屠宰可疑猪只，防止疫情扩散。,若使用药物控制，应遵守相应药物的停药期规定，并在出栏前确保无药物残留风险。,"{""disease_name"": ""猪杂项细菌感染"", ""severity"": ""中等至严重"", ""scene_tags"": [""育肥猪"", ""同栏多发"", ""急性发热"", ""腹泻""], ""validation_points"": [""症状符合多种细菌性感染特征"", ""短期同栏多发提示传染性可能"", ""需实验室确诊病原""], ""risk_flags"": [""疑似传染病"", ""存在人畜共患风险病原可能性"", ""需排除重大动物疫病""], ""case_type"": ""暴发与处置边界"", ""target_disease"": ""猪杂项细菌感染"", ""local_flags"": {""species_ok"": true, ""target_disease_in_diagnosis"": false, ""target_disease_mismatch"": true, ""contains_specific_dose"": false, ""contains_specific_withdrawal"": false, ""regulated_bad_treatment"": false}}",True,True,target_disease_in_diagnosis,target_disease_in_diagnosis,False,True,True,D:\XF-ChongQin\ai-\knowledge\llm_wiki_swine_authoritative,1465,887,"猪杂项细菌感染
猪杂项细菌感染、miscellaneous bacterial infections
暴发与处置边界
同栏或多栋猪舍短期内发病增多，用户询问是否能先按普通病治疗观察。","{""HUMAN_REVIE"": 1, ""HUMAN_REVIEWED"": 2, ""NEEDS_REVIEW"": 2}","[""SRC-0001"", ""SRC-0038"", ""SRC-0056"", ""SRC-0057"", ""SRC-0079""]",2221,26.05,ERNIE-4.5-Turbo-32K,78,25,18,20,15,False,False,"该回答在诊断准确性、病理逻辑、处方安全性和数据质量方面表现尚可，但存在一些不足。诊断部分基本符合症状描述，但未完全排除其他可能性；病理逻辑部分考虑了传染性，但未深入分析；处方安全性部分建议合理，但缺乏具体药物选择；数据质量部分症状描述和场景标签较准确，但风险评估不够详细。
问题：诊断部分虽然提到了多种可能的细菌性感染，但未完全排除其他疾病的可能性，如病毒性感染。；病理逻辑部分虽然考虑了传染性，但未深入分析可能的传播途径和预防措施。；处方安全性部分建议合理，但缺乏具体的药物选择和剂量，可能影响实际操作的准确性。；数据质量部分症状描述和场景标签较准确，但风险评估不够详细，未充分提及人畜共患风险的具体病原。",,,,,,,,,,False,,,,,78,25,18,20,15,reject,18.28,,
e1de28de-1b84-5d0b-9a33-44dea9ad4b07,131,猪虱病,swine_hunyuan_turbos,hunyuan-turbos-20250926,成功,,猪,我家是60头左右40-70斤的育肥猪，最近半个月陆续有几头猪皮毛粗糙、抓痒厉害，背上有小黑点，有的还掉膘明显，粪便偏稀但不带血，之前用过一次伊维菌素拌料驱虫，但效果不明显，圈舍比较潮湿，通风一般，想问问是不是虱子引起的？该怎么处理？,根据描述，结合猪群年龄、瘙痒表现及体表可见小黑点，高度怀疑为猪虱病。确诊需在猪体毛发间找到活虱或虫卵（nits），并排除其他引起瘙痒的疾病如疥螨、葡萄球菌病等。,1. 对疑似病猪进行局部检查，用细齿梳或镊子在背部、耳后等部位查找虱或虫卵；2. 若确诊，可采用经批准的体外驱虫产品（按标签使用）进行全群处理，注意轮换作用机制以防耐药；3. 加强圈舍清洁干燥，定期更换垫料，减少拥挤，改善通风；4. 对严重消瘦个体加强营养补充；5. 必要时采集样本送实验室鉴定虫种。,不得使用未经许可的药物自行制定休药期，须严格遵循所用驱虫产品的标签规定和国家兽药管理要求。,"{""disease_name"": ""猪虱病"", ""severity"": ""中等"", ""scene_tags"": [""育肥猪"", ""群体感染"", ""体外寄生虫"", ""圈舍潮湿""], ""validation_points"": [""瘙痒伴体表可见黑色小点提示虱存在"", ""需镜检或肉眼发现虱/虫卵方可确诊"", ""环境管理是防控关键""], ""risk_flags"": [""非法定重大疫病，但影响生产性能"", ""可能与其他皮肤病混淆""], ""case_type"": ""寄生虫群体发病"", ""target_disease"": ""猪虱病"", ""local_flags"": {""species_ok"": true, ""target_disease_in_diagnosis"": true, ""target_disease_mismatch"": false, ""contains_specific_dose"": false, ""contains_specific_withdrawal"": false, ""regulated_bad_treatment"": false}}",False,False,,,True,False,False,D:\XF-ChongQin\ai-\knowledge\llm_wiki_swine_authoritative,1465,887,"猪虱病
猪虱病、external parasites lice
寄生虫群体发病
猪群出现腹泻、消瘦、皮肤瘙痒或生长慢，用户怀疑寄生虫。","{""HUMAN_REVIEWED"": 3, ""NEEDS_REVIEW"": 2}","[""SRC-0001"", ""SRC-0080"", ""SRC-0082""]",2133,22.23,ERNIE-4.5-Turbo-32K,88,28,18,24,18,False,True,"整体回答质量较高，诊断思路清晰，症状与疾病匹配合理，处理方向安全且与疾病相互印证。诊断准确性、处方安全性和数据质量方面表现良好，病理逻辑方面略有不足。
问题：病理逻辑方面，未详细说明如何排除疥螨、葡萄球菌病等其他引起瘙痒的疾病，仅提及需排除，缺乏具体方法。；数据质量方面，未提及猪虱病的典型病理变化或流行病学特点，信息完整性略有欠缺。",,,,,,,,,,False,,,,,88,28,18,24,18,pass,14.21,,
72c20d6a-7027-5d46-9123-f4f248cf9589,132,猪弓形虫病,swine_hunyuan_turbos,hunyuan-turbos-20250926,成功,,猪,我家有200头育肥猪，平均体重在60公斤左右，最近有几头出现发烧、呼吸急促、精神沉郁的情况，已经持续了三四天，舍内通风不太好，地面有些潮湿，之前没用过驱虫药。想问这种情况是不是要全群处理？环境该怎么清理？要不要做检查确认？,根据描述，育肥猪出现发热、呼吸加快和精神差，结合舍内通风不良、地面潮湿的环境条件，以及未使用过驱虫药的历史，需要考虑猪弓形虫病的可能。该病在猪多为隐性感染，但在应激或免疫力下降时可出现急性临床表现，如高热、呼吸困难等。同时应排除其他呼吸道病原体及环境因素引起的疾病。,treatment_direction: 针对弓形虫病的特异性治疗应由专业兽医根据检测结果制定，不建议自行使用抗寄生虫药物。；management_measures: 立即改善圈舍通风，降低氨气浓度；保持干燥清洁，减少粪便堆积；防止猫进入猪舍，避免猫粪污染饲料和水源；对发病猪进行隔离观察。；sampling_and_testing: 采集血液、组织样本送实验室进行血清学或PCR检测，以明确是否为弓形虫感染及其他并发病原。；prohibited_boundaries: 严禁在未确诊情况下随意使用驱虫药；发现疑似重大动物疫病应立即上报当地畜牧兽医部门，不得擅自处理。,因涉及人兽共患风险，若确诊为弓形虫病，应根据兽医建议和监管要求确定休药期及猪肉安全处置措施，不可直接上市销售。,"{""disease_name"": ""猪弓形虫病"", ""severity"": ""中等至严重（视感染程度和猪群健康状况而定）"", ""scene_tags"": [""育肥猪"", ""发热"", ""呼吸异常"", ""环境潮湿"", ""无驱虫史""], ""validation_points"": [""症状符合弓形虫急性感染可能"", ""环境条件有利于寄生虫存活和传播"", ""存在猫作为终末宿主的潜在污染源""], ""risk_flags"": [""人兽共患风险"", ""需实验室确诊"", ""可能涉及重大动物疫病处置流程""], ""case_type"": ""驱虫和环境管理"", ""target_disease"": ""猪弓形虫病"", ""local_flags"": {""species_ok"": true, ""target_disease_in_diagnosis"": true, ""target_disease_mismatch"": false, ""contains_specific_dose"": false, ""contains_specific_withdrawal"": false, ""regulated_bad_treatment"": false}}",False,False,,,True,False,False,D:\XF-ChongQin\ai-\knowledge\llm_wiki_swine_authoritative,1465,887,"猪弓形虫病
猪弓形虫病、toxoplasmosis protozoa
驱虫和环境管理
用户询问是否需要全群处理、环境清理和复查方式。","{""HUMAN_REVIEWED"": 3, ""NEEDS_REVIEW"": 2}","[""SRC-0001"", ""SRC-0026"", ""SRC-0081"", ""SRC-0082""]",2042,29.19,ERNIE-4.5-Turbo-32K,88,28,18,23,20,False,True,"整体回答较为全面，诊断考虑了症状、环境因素和病史，逻辑合理。处理方向安全，强调了实验室确诊的重要性，并给出了合理的环境管理措施。数据质量方面，症状、环境因素和病史的描述较为详细，有助于诊断。
问题：诊断准确性方面，虽然考虑了猪弓形虫病的可能，但也应更明确地排除其他类似症状的疾病，如猪肺疫、猪流感等，以提高诊断的特异性。；病理逻辑方面，对弓形虫病的病理机制解释不够深入，可以进一步阐述为何在应激或免疫力下降时会出现急性临床表现。；数据质量方面，虽然提供了症状、环境因素和病史的描述，但缺乏具体的体温、呼吸频率等量化数据，可能影响诊断的准确性。；处方安全性方面，虽然强调了不自行使用抗寄生虫药物，但未提供具体的替代治疗方案或建议兽医进一步检查的紧迫性。",,,,,,,,,,False,,,,,88,28,18,23,20,pass,20.88,,
d87ef40b-adac-583d-8356-dad7d0fe00f0,133,猪隐孢子虫病,swine_hunyuan_turbos,hunyuan-turbos-20250926,成功,,猪,我家是200头母猪自繁自养场，最近一窝7日龄左右的哺乳仔猪陆续出现黄色水样腹泻，粪便带泡沫，吃奶量减少，有的精神萎靡、眼窝凹陷，同栏已有3头死亡。圈舍温度一直保持在30℃，湿度偏高，之前用过恩诺沙星饮水，效果不明显。想问下这是啥原因？该怎么处理？,根据描述，该批哺乳仔猪在7日龄左右出现急性水样腹泻、脱水及采食下降，伴高湿高温环境，提示可能为猪隐孢子虫病或其他病毒性/细菌性腹泻的混合感染。隐孢子虫在仔猪中可引起类似症状，且常与轮状病毒、大肠杆菌等混合存在，单纯依赖抗生素治疗无效。需结合现场观察、粪便镜检或PCR检测明确病原。,treatment_direction: 针对可能的隐孢子虫感染，可使用对原虫有效的支持疗法，如补液纠正脱水、维持电解质平衡，改善饲养管理以减少应激。；management_measures: 提高圈舍保温性能，适当提升环境温度至32℃左右，降低湿度，保持干燥清洁；及时清除粪污，减少病原扩散；分群饲养，防止健康仔猪接触污染垫料。；sampling_and_testing: 采集新鲜腹泻粪便进行显微镜检查（抗酸染色）或PCR检测，以确认隐孢子虫及其他可能混合感染的病原（如轮状病毒、大肠杆菌）。；prohibited_boundaries: 不可将隐孢子虫阳性结果直接等同于唯一病因，应结合其他病原排查；在未确诊前，不应随意使用广谱抗生素或驱虫药替代检测；发现疑似重大疫病应立即按当地规定上报。,因未涉及特定药物治疗，暂无休药期要求；若后续使用药物，应按药品说明书及国家相关规定执行。,"{""disease_name"": ""猪隐孢子虫病"", ""severity"": ""中等至高（可导致哺乳仔猪大量死亡）"", ""scene_tags"": [""哺乳仔猪"", ""水样腹泻"", ""脱水"", ""高湿高温环境"", ""混合感染风险""], ""validation_points"": [""符合隐孢子虫在哺乳仔猪高发的特点"", ""症状与文献描述的腹泻、脱水一致"", ""环境温湿度条件有利于病原传播""], ""risk_flags"": [""潜在混合感染"", ""易通过粪口途径传播"", ""环境控制不当会加剧疫情""], ""case_type"": ""腹泻群体发病"", ""target_disease"": ""猪隐孢子虫病"", ""local_flags"": {""species_ok"": true, ""target_disease_in_diagnosis"": true, ""target_disease_mismatch"": false, ""contains_specific_dose"": false, ""contains_specific_withdrawal"": false, ""regulated_bad_treatment"": false}}",False,False,,,True,False,False,D:\XF-ChongQin\ai-\knowledge\llm_wiki_swine_authoritative,1465,887,"猪隐孢子虫病
猪隐孢子虫病、cryptosporidiosis protozoa
腹泻群体发病
同窝或同栏出现水样腹泻、脱水、采食下降，用户想知道主要病因和紧急处理。","{""HUMAN_REVIEWED"": 3, ""NEEDS_REVIEW"": 2}","[""SRC-0001"", ""SRC-0006"", ""SRC-0081""]",2069,31.1,ERNIE-4.5-Turbo-32K,78,25,16,20,17,False,False,"该回答在诊断准确性、病理逻辑、处方安全性和数据质量方面表现较好，但存在一些不足，需进一步优化诊断逻辑和症状与疾病匹配度，同时提升数据完整性和细节描述。
问题：诊断准确性方面，虽然提到隐孢子虫病可能性，但未完全排除其他病毒性/细菌性腹泻的混合感染，且未明确指出隐孢子虫病为最可能病因，导致诊断准确性评分略低。；病理逻辑方面，对隐孢子虫病的病理机制解释不够深入，未充分阐述为何在高湿高温环境下易发，以及与其他病原混合感染的具体逻辑。；处方安全性方面，虽然提出了支持疗法和管理措施，但未给出具体的药物名称或剂量，仅提及“对原虫有效的支持疗法”，略显笼统。；数据质量方面，回答中包含了用户查询、诊断、处方等多个环节的信息，但部分信息如“提高圈舍保温性能，适当提升环境温度至32℃左右”缺乏具体依据或参考文献支持。",,,,,,,,,,False,,,,,78,25,16,20,17,review,23.17,,
07a56f0b-fae4-544f-bc21-6989ab3bc7e4,134,猪蛔虫病,swine_hunyuan_turbos,hunyuan-turbos-20250926,成功,,猪,我家有200头育肥猪，平均体重60公斤左右，最近有几头出现食欲下降、轻微咳嗽，粪便里偶尔能看到长条状的白色虫子。圈舍是水泥地面，通风一般，温度偏低，之前没做过专门驱虫。想问下这种情况是不是蛔虫？要不要全群都打药？圈舍怎么清理？多久能再检查一次？,根据描述，粪中可见长条状白色虫体，结合育肥猪阶段及饲养环境，高度怀疑为猪蛔虫（Ascaris suum）感染。蛔虫成虫寄生于小肠，虫卵通过粪便排出污染环境，经口摄入感染。部分个体可能因幼虫移行引起轻度呼吸道症状。建议结合剖检（如有死亡猪）查找小肠成虫及肝脏milk spot进行确诊，并排除其他内寄生虫如肾虫的移行病变。,treatment_direction: 针对疑似蛔虫感染，应制定全群驱虫计划，优先选择安全有效的抗线虫药物，按兽医指导使用。注意不同生长阶段的用药安全性差异。；management_measures: 加强圈舍清洁消毒，清除粪便堆积，减少虫卵污染饲料和水源；改善通风与保温，降低氨气浓度，减少呼吸道刺激；分群饲养，防止交叉污染。；sampling_and_testing: 采集新鲜粪便样本送实验室镜检虫卵，必要时对病死猪进行剖检，观察小肠成虫及肝脏病变特征；有条件可做PCR鉴定。；prohibited_boundaries: 严禁自行随意更换或加大驱虫药剂量；禁止将未经处理的粪便直接还田或喂鱼；发现大量死亡或严重消瘦时，应立即联系当地畜牧兽医部门排查重大疫病。,具体休药期和停药时间须依据所用药物说明书及国家相关规定执行，使用前务必咨询执业兽医。,"{""disease_name"": ""猪蛔虫病"", ""severity"": ""中等"", ""scene_tags"": [""育肥猪"", ""水泥地面"", ""通风不良"", ""低温环境""], ""validation_points"": [""粪中可见成虫提示肠道寄生"", ""蛔虫感染可导致轻度呼吸道症状"", ""环境管理可降低再感染风险""], ""risk_flags"": [""可能存在全群感染风险"", ""环境虫卵污染高"", ""需警惕与其他呼吸道疾病混淆""], ""case_type"": ""驱虫和环境管理"", ""target_disease"": ""猪蛔虫病"", ""local_flags"": {""species_ok"": true, ""target_disease_in_diagnosis"": false, ""target_disease_mismatch"": true, ""contains_specific_dose"": false, ""contains_specific_withdrawal"": false, ""regulated_bad_treatment"": false}}",True,True,target_disease_in_diagnosis,target_disease_in_diagnosis,False,True,True,D:\XF-ChongQin\ai-\knowledge\llm_wiki_swine_authoritative,1465,887,"猪蛔虫病
猪蛔虫病、ascaris suum internal parasites
驱虫和环境管理
用户询问是否需要全群处理、环境清理和复查方式。","{""HUMAN_REVIEWED"": 3, ""NEEDS_REVIEW"": 2}","[""SRC-0001"", ""SRC-0026"", ""SRC-0082""]",2091,27.09,ERNIE-4.5-Turbo-32K,88,28,18,23,20,False,False,"该回答整体上对猪蛔虫病的诊断、治疗和管理措施进行了较为全面和准确的描述，诊断依据充分，治疗和管理建议合理，数据质量较高，无明显致命风险。
问题：diagnosis_accuracy: 诊断部分虽然描述了蛔虫感染的典型症状，但未完全排除其他类似症状疾病的可能性，如其他内寄生虫感染或呼吸道疾病。；pathology_logic: 病理逻辑部分对蛔虫感染的描述较为准确，但缺乏对其他可能疾病的鉴别诊断逻辑。；prescription_safety: 处方安全部分对驱虫药物的使用和管理措施进行了详细描述，但未提及具体药物名称和剂量，可能影响实际操作的准确性。；data_quality: 数据质量部分整体较高，但场景标签和验证点可以更加具体和详细，以更好地支持诊断和治疗建议。",,,,,,,,,,False,,,,,88,28,18,23,20,reject,18.34,,
7bfbaf94-79a2-53f3-8066-60b9b1f60bde,135,猪鞭虫病,swine_hunyuan_turbos,hunyuan-turbos-20250926,成功,,猪,我家有120头60日龄左右的保育猪，最近一周陆续出现拉稀、毛色发暗、个别猪精神差、采食量下降，粪便里有时能看到带血丝的黏液，还有几头皮肤上有小痂皮。圈舍比较潮湿，之前没做过驱虫，想问问是不是寄生虫引起的？,根据描述的症状（腹泻、消瘦、便血、皮肤结痂）、日龄及饲养环境，考虑可能为猪鞭虫病（Trichuris suis），同时需排除其他肠道疾病如大肠杆菌病、沙门氏菌病等。建议通过粪便检查寻找特征性虫卵或成虫进行确诊。,treatment_direction: 使用广谱驱虫药物针对鞭虫进行治疗，并配合改善饲养管理以减少再感染风险。；management_measures: 保持圈舍干燥清洁，及时清理粪污，减少猪只接触污染土壤的机会；定期更换垫料并进行消毒。；sampling_and_testing: 采集新鲜粪便样本送实验室镜检，查找典型鞭虫卵或成虫；必要时做剖检观察盲肠和结肠黏膜病变。；contraindications_and_boundaries: 若检出高致病性或疑似重大动物疫病病原体，应立即按当地动物防疫部门要求进行隔离、报告或扑杀等处置，不可自行用药替代。,因涉及不同药物种类，应严格遵循所用驱虫药的停药期规定，并在停药期满前禁止屠宰上市。,"{""disease_name"": ""猪鞭虫病"", ""severity"": ""中等"", ""scene_tags"": [""保育猪"", ""腹泻"", ""消瘦"", ""便血"", ""皮肤结痂"", ""潮湿环境""], ""validation_points"": [""症状符合鞭虫重度感染导致的结肠炎表现"", ""年龄和饲养环境与鞭虫易感性相符"", ""缺乏驱虫史增加感染概率""], ""risk_flags"": [""可能存在混合感染"", ""圈舍卫生条件差"", ""需排除其他肠道传染病""], ""case_type"": ""寄生虫群体发病"", ""target_disease"": ""猪鞭虫病"", ""local_flags"": {""species_ok"": true, ""target_disease_in_diagnosis"": true, ""target_disease_mismatch"": false, ""contains_specific_dose"": false, ""contains_specific_withdrawal"": false, ""regulated_bad_treatment"": false}}",False,False,,,True,False,False,D:\XF-ChongQin\ai-\knowledge\llm_wiki_swine_authoritative,1465,887,"猪鞭虫病
猪鞭虫病、trichuris suis internal parasites
寄生虫群体发病
猪群出现腹泻、消瘦、皮肤瘙痒或生长慢，用户怀疑寄生虫。","{""HUMAN_REVIEWED"": 2, ""NEEDS_REVIEW"": 2}","[""SRC-0001"", ""SRC-0082""]",2221,24.51,ERNIE-4.5-Turbo-32K,88,28,18,23,20,False,True,"整体回答质量较高，诊断方向准确，症状与疾病匹配合理，处理方向安全且与疾病相互印证。但在病理逻辑和处方安全性方面存在一定提升空间，数据质量方面可进一步优化。
问题：病理逻辑方面，虽然考虑了其他肠道疾病的可能性，但未详细说明如何排除这些疾病，逻辑不够严密。；处方安全性方面，未明确具体驱虫药物名称及剂量，仅提及使用广谱驱虫药物，可能影响用药安全性和有效性。；数据质量方面，症状描述较为详细，但未提及具体腹泻频率、便血程度等量化指标，可能影响诊断准确性。",,,,,,,,,,False,,,,,88,28,18,23,20,pass,15.02,,
44e20d41-97ee-5621-805a-9dc7f6d21e5d,136,猪类圆线虫病,swine_hunyuan_turbos,hunyuan-turbos-20250926,成功,,猪,我这边有200多头120斤左右的育肥猪，还有20天就准备出栏了，这几天陆续有几头开始拉稀，粪便稀薄带点黏液，精神还行，采食量下降不多。圈舍地面潮湿，之前用过一次土霉素拌料防过肠道问题。现在担心是不是寄生虫引起的，能不能继续养到出栏？要不要隔离或者用什么药？会不会影响卖猪？,根据描述，该批育肥猪在出栏前出现轻度腹泻，伴有黏液便，结合潮湿环境和既往用药史，考虑可能为猪类圆线虫病等内寄生虫感染所致。该病由Strongyloides ransomi引起，可造成仔猪及育肥猪腹泻，尤其在卫生条件差时易发。需通过粪便镜检或黏膜刮片查找虫卵或幼虫确诊。,建议立即采集新鲜粪便送实验室进行虫卵或幼虫检查，必要时做黏膜刮片辅助诊断。若确诊为类圆线虫感染，应更换为针对线虫的驱虫药物（如伊维菌素类），并配合改善圈舍干燥通风、减少粪尿堆积等措施。同时加强全群预防性驱虫管理。严禁在未明确病因前使用未经许可的药物，出栏前应确保停药间隔符合规定。发现疑似重大疫病应立即向当地动物防疫部门报告，不得擅自出售或运输。,具体休药期依所用药物而定，应在兽医指导下执行，并在出栏前满足规定的停药时间。,"{""disease_name"": ""猪类圆线虫病"", ""severity"": ""中等"", ""scene_tags"": [""育肥猪"", ""出栏前"", ""腹泻"", ""潮湿环境"", ""寄生虫""], ""validation_points"": [""症状与类圆线虫感染相符"", ""环境和管理因素增加感染风险"", ""需实验室检测确诊""], ""risk_flags"": [""潜在人畜共患病风险低"", ""非法定重大疫病，但需防止扩散""], ""case_type"": ""腹泻出栏边界"", ""target_disease"": ""猪类圆线虫病"", ""local_flags"": {""species_ok"": true, ""target_disease_in_diagnosis"": true, ""target_disease_mismatch"": false, ""contains_specific_dose"": false, ""contains_specific_withdrawal"": false, ""regulated_bad_treatment"": false}}",False,False,,,True,False,False,D:\XF-ChongQin\ai-\knowledge\llm_wiki_swine_authoritative,1465,887,"猪类圆线虫病
猪类圆线虫病、strongyloides internal parasites
腹泻出栏边界
临近出栏猪群出现腹泻，用户关心处理方向、隔离和用药后能否销售。","{""HUMAN_REV"": 1, ""NEEDS_REVIEW"": 4}","[""SRC-0001"", ""SRC-0082""]",2221,27.92,ERNIE-4.5-Turbo-32K,82,27,18,22,15,False,True,"该回答在诊断准确性、病理逻辑、处方安全性和数据质量方面表现较好，整体符合测试数据有效性要求。诊断考虑了症状、环境和管理因素，建议实验室检测确诊，处方安全且符合疾病处理方向，未发现致命风险。
问题：诊断准确性方面，虽然考虑了症状和环境因素，但未明确提及其他可能的鉴别诊断，如细菌性腹泻或病毒性腹泻。；病理逻辑方面，对类圆线虫病的病理机制解释不够详细，缺乏对疾病传播途径和预防措施的深入讨论。；处方安全性方面，虽然提到了使用伊维菌素类驱虫药物，但未具体说明剂量和用药频率，可能影响实际操作的准确性。；数据质量方面，回答中未提供具体的实验室检测方法或参考标准，缺乏对数据来源的详细说明。",,,,,,,,,,False,,,,,82,27,18,22,15,pass,18.38,,
160cb673-0feb-5b81-a30b-05fea656b135,137,猪后圆线虫病,swine_hunyuan_turbos,hunyuan-turbos-20250926,成功,,猪,我家有200头育肥猪，现在70公斤左右，最近一周陆续出现咳嗽、呼吸急促的情况，有的猪精神还行，有的采食量下降。之前用过一次替米考星拌料，症状没完全控制住。圈舍通风一般，粪便清理不及时，想问问这种情况该采什么样样品送检测？会不会是多种病原一起感染的？,结合临床表现和饲养管理情况，怀疑为猪后圆线虫病合并其他呼吸道感染因素（包括可能的细菌性或病毒性病原），同时存在环境通风不良及有害气体刺激的可能。建议通过肺组织压片镜检、支气管灌洗液或肺脏切片检查虫体，并同步采集鼻拭子或肺组织进行PCR检测常见呼吸道病毒（如流感病毒、蓝耳病毒）及支原体等病原，以明确是否存在混合感染。,treatment_direction: 针对后圆线虫可考虑使用对猪安全且有效的驱虫药（需由执业兽医根据当地法规开具处方）；若检出其他病原，按相应病原制定治疗方案。；management_measures: 改善圈舍通风，及时清粪，减少有害气体积聚；分群饲养，降低交叉感染风险；加强营养支持以提高抵抗力。；sampling_and_testing: 采集肺组织压片镜检找虫体，必要时做肺组织切片；同时采集鼻拭子或肺组织进行呼吸道病毒、支原体PCR检测；有条件可加做细菌培养鉴定。；contraindications_and_boundaries: 禁止自行使用未经批准的驱虫药或抗生素；若检出法定重大疫病（如非洲猪瘟），须立即报告并按规定扑杀、无害化处理，不得私自治疗。,因涉及不同病原及药物，需依据最终确诊病原及所用药物确定，具体应由执业兽医出具处方并在用药记录中明确标注。,"{""disease_name"": ""猪后圆线虫病"", ""severity"": ""中等"", ""scene_tags"": [""育肥猪"", ""呼吸道症状"", ""混合感染可能"", ""环境通风不良""], ""validation_points"": [""症状符合呼吸道寄生虫感染特征"", ""用药效果不佳提示可能存在耐药或多病原混合感染"", ""建议多途径采样提高诊断准确性""], ""risk_flags"": [""潜在混合感染"", ""环境致病因素"", ""需排除重大传染病""], ""case_type"": ""呼吸道采样送检"", ""target_disease"": ""猪后圆线虫病"", ""local_flags"": {""species_ok"": true, ""target_disease_in_diagnosis"": true, ""target_disease_mismatch"": false, ""contains_specific_dose"": false, ""contains_specific_withdrawal"": false, ""regulated_bad_treatment"": false}}",False,False,,,True,False,False,D:\XF-ChongQin\ai-\knowledge\llm_wiki_swine_authoritative,1465,887,"猪后圆线虫病
猪后圆线虫病、metastrongylus lungworms
呼吸道采样送检
呼吸道症状持续，用药效果不稳定，用户询问采什么样品和如何鉴别混合感染。","{""HUMAN_REVIEWED"": 1, ""NEEDS_REVIEW"": 4}","[""RC-RESP-001"", ""SRC-0001"", ""SRC-0007"", ""SRC-0042"", ""SRC-0043"", ""SRC-0049"", ""SRC-0050"", ""SRC-0058"", ""SRC-0059"", ""SRC-0066"", ""SRC-0069"", ""SRC-0070"", ""SRC-0076"", ""SRC-0086""]",2009,28.58,ERNIE-4.5-Turbo-32K,88,28,18,23,20,False,True,"该回答整体表现良好，诊断方向合理，考虑了混合感染和环境因素，采样建议全面，治疗和管理措施安全有效。但在诊断逻辑的详细性和数据质量方面仍有提升空间。
问题：诊断逻辑中对于猪后圆线虫病的特异性症状描述不够详细，缺乏与其他呼吸道疾病的明确区分点。；数据质量方面，虽然采样建议全面，但未明确说明各项检测的优先级和必要性，可能给用户造成困惑。；在处方安全中，虽然提到了需由执业兽医开具处方，但未具体说明驱虫药的选择原则和注意事项。",,,,,,,,,,False,,,,,88,28,18,23,20,pass,17.94,,
7b7c67c0-ac48-5093-951d-d70251b91e7c,138,猪肾虫病,swine_hunyuan_turbos,hunyuan-turbos-20250926,成功,,猪,我家有120头育肥猪，平均体重在60公斤左右，最近发现个别猪精神差、采食量下降，尿液颜色偏深，有的还出现轻度跛行。圈舍是水泥地面，通风一般，之前没做过专门的驱虫，想问这种情况是不是要全群打药？环境要不要彻底清理？怎么复查才能确定问题？,根据描述，结合猪肾虫病的流行病学特点，怀疑存在Stephanurus dentatus感染。该病成虫寄生于肾周囊并与输尿管相通，可导致尿液异常、肾功能受损及运动障碍；幼虫移行过程中可引起肝脏损伤，表现为milk spot样病变。当前症状虽不典型，但在缺乏驱虫史和圈舍管理条件下，应考虑该病原的可能性。,treatment_direction: 建议采集可疑猪的尿液进行虫卵镜检，必要时配合剖检观察肾周囊及肝脏病变；对确诊或高度怀疑个体实施针对性驱虫措施（具体药物及用法应由执业兽医开具处方）。；management_measures: 加强圈舍清洁与粪便无害化处理，减少潮湿和积水，防止中间宿主滋生；改善通风，降低氨气和粉尘浓度，以减少呼吸道和全身应激。；sampling_and_testing: 取新鲜尿液离心沉淀镜检寻找虫卵；对死亡或淘汰猪进行剖检，重点检查肾周囊、输尿管开口及肝脏表面是否有特征性囊肿或milk spot。；prohibited_boundaries: 严禁自行使用未经批准的驱虫药或超范围用药；禁止将疑似病例随意出售或转运，以防扩散。,因涉及具体药物及休药期需依据兽医处方和国家规定执行，此处不作具体数值说明。,"{""disease_name"": ""猪肾虫病"", ""severity"": ""中等"", ""scene_tags"": [""育肥猪"", ""水泥地面"", ""无驱虫史"", ""尿液异常""], ""validation_points"": [""症状与肾虫生活史相符"", ""环境管理不足增加感染风险"", ""需通过尿液镜检和剖检确诊""], ""risk_flags"": [""潜在人畜共患病无关，但属重要经济寄生虫病"", ""需防范扩散""], ""case_type"": ""驱虫和环境管理"", ""target_disease"": ""猪肾虫病"", ""local_flags"": {""species_ok"": true, ""target_disease_in_diagnosis"": true, ""target_disease_mismatch"": false, ""contains_specific_dose"": false, ""contains_specific_withdrawal"": false, ""regulated_bad_treatment"": false}}",False,False,,,True,False,False,D:\XF-ChongQin\ai-\knowledge\llm_wiki_swine_authoritative,1465,887,"猪肾虫病
猪肾虫病、stephanurus dentatus kidney worm
驱虫和环境管理
用户询问是否需要全群处理、环境清理和复查方式。","{""HUMAN_REVIEWED"": 3, ""NEEDS_REVIEW"": 2}","[""SRC-0001"", ""SRC-0026"", ""SRC-0028"", ""SRC-0082""]",2149,31.84,ERNIE-4.5-Turbo-32K,82,27,18,20,17,False,True,"整体回答较为全面，诊断逻辑合理，考虑了猪肾虫病的流行病学特点及症状表现，提出了合理的诊断、治疗和管理建议。但在数据质量和部分细节上仍有提升空间。
问题：诊断准确性方面，虽然考虑了猪肾虫病的可能性，但症状描述为不典型，未充分排除其他类似疾病的可能性，诊断依据略显不足。；病理逻辑方面，对猪肾虫病的病理过程描述较为准确，但缺乏对其他可能并发症或继发感染的讨论。；处方安全性方面，建议由执业兽医开具处方，避免了自行用药的风险，但未提供具体的药物选择或剂量范围，可能影响实际操作的指导性。；数据质量方面，回答中未明确提及尿液镜检和剖检的具体操作步骤或注意事项，可能影响诊断的准确性；同时，对环境管理的建议较为笼统，缺乏具体实施细节。",,,,,,,,,,False,,,,,82,27,18,20,17,pass,21.39,,
f8d1e7bf-f19d-5391-a975-a44a15fde108,139,猪营养缺乏与过量综合征,swine_hunyuan_turbos,hunyuan-turbos-20250926,成功,,猪,我家有200头35日龄的保育猪，这几天陆续出现采食减少、精神沉郁的情况，部分猪拉稀，有的呼吸有点急促，舍内温度一直保持在22℃，之前饲料没换过，也没加新料，想问问是不是缺什么营养或者吃多了？该怎么处理？,根据描述，保育猪在35日龄阶段出现采食下降、腹泻及轻度呼吸加快，可能与营养摄入不足或某些营养素比例失衡有关，例如微量元素、维生素或电解质不平衡，也可能因饲料质量波动、消化负担增加导致代谢紊乱。需结合饲料配方、原料变化、饮水情况、环境温度等综合判断，并排除其他传染病可能。,treatment_direction: 暂停投喂可疑饲料，改用易消化的优质饲料，适当补充电解质和维生素预混料，改善饲喂方式，少量多餐。；management_measures: 提高舍内温度至适宜水平，保证饮水清洁充足，观察采食恢复情况；检查饲料储存条件及原料一致性，确保混合均匀。；sampling_submission: 采集剩余饲料样品送实验室检测营养成分及污染物；必要时采集病猪血液、粪便进行生化指标分析。；prohibited_boundaries: 在未明确营养状况前，不得随意添加高剂量矿物质或药物；如病情持续恶化或出现高热、急性死亡，应立即隔离并联系兽医排查重大疫病。,本方案为营养管理与支持措施，不涉及药物使用，无特定休药期。若后续使用药物，应按兽医指导执行相应休药期。,"{""disease_name"": ""猪营养缺乏与过量综合征"", ""severity"": ""中等"", ""scene_tags"": [""保育猪"", ""采食下降"", ""腹泻"", ""呼吸异常"", ""营养管理""], ""validation_points"": [""症状符合营养代谢障碍表现"", ""需结合饲料配方与环境温度综合分析"", ""建议采样送检以明确原因""], ""risk_flags"": [""需排除传染性病因"", ""重大疫病防控边界""], ""case_type"": ""保育猪群体发病"", ""target_disease"": ""猪营养缺乏与过量综合征"", ""local_flags"": {""species_ok"": true, ""target_disease_in_diagnosis"": false, ""target_disease_mismatch"": true, ""contains_specific_dose"": false, ""contains_specific_withdrawal"": false, ""regulated_bad_treatment"": false}}",True,True,target_disease_in_diagnosis,target_disease_in_diagnosis,False,True,True,D:\XF-ChongQin\ai-\knowledge\llm_wiki_swine_authoritative,1465,887,"猪营养缺乏与过量综合征
猪营养缺乏与过量综合征、nutrient deficiencies and excesses
保育猪群体发病
群体发病、采食下降、粪便或呼吸道异常，用户想知道主要病因和下一步处理。","{""HUMAN_REVIEWED"": 1, ""NEEDS_REVIEW"": 2, ""PROCESSED_SOURCE_ANCHORED"": 1}","[""SRC-0001"", ""SRC-0006"", ""SRC-0026"", ""SRC-0084""]",2221,28.78,ERNIE-4.5-Turbo-32K,88,28,18,24,18,False,False,"整体回答质量较高，诊断方向合理，处理措施安全，数据质量基本满足要求，无明显致命风险。
问题：诊断准确性方面，虽然考虑了营养因素，但对其他可能病因（如传染病）的排除不够详细，缺乏具体鉴别诊断步骤。；病理逻辑方面，对营养缺乏与过量综合征的具体机制解释不够深入，未明确提及关键营养素（如维生素、矿物质）的缺乏或过量表现。；数据质量方面，场景标签和验证点覆盖较全面，但风险标志中‘重大疫病防控边界’未明确具体防控措施。；处方安全性方面，整体措施安全，但‘提高舍内温度至适宜水平’未明确具体温度范围，可能影响执行效果。",,,,,,,,,,False,,,,,88,28,18,24,18,reject,18.88,,
7671c425-6812-546e-a5c9-2819cd8aa776,140,猪黄曲霉毒素中毒,swine_hunyuan_turbos,hunyuan-turbos-20250926,成功,,猪,我家有120头育肥猪，平均体重在70公斤左右，最近一周陆续出现精神沉郁、食欲下降、部分猪粪便偏干的情况，个别猪眼结膜发黄。这批猪一直吃同一批自配料，怀疑原料可能有问题。想问下这种情况是不是黄曲霉毒素中毒？还能不能继续喂这批料？如果要送检，该送哪些样品？,根据描述的症状（精神沉郁、食欲减退、粪便干结、眼结膜发黄），结合持续使用同一批次自配料的情况，高度怀疑为黄曲霉毒素中毒。该病由摄入含黄曲霉毒素的饲料引起，主要损伤肝脏，可导致黄疸、肝功能异常及全身症状。需通过饲料和病料检测确认毒素含量。,treatment_direction: 立即停喂可疑饲料，更换为安全无霉变的优质饲料；加强饮水管理，提供清洁充足的饮水；必要时补充电解质和维生素以支持代谢功能。；management_measures: 对全群进行健康观察，记录死亡情况；清理料槽残留可疑饲料并彻底清洗消毒；改善圈舍通风与干燥条件以减少霉菌滋生。；sampling_and_testing: 采集剩余可疑饲料样本送至具备资质的实验室检测黄曲霉毒素B1等含量；同时采集病死猪或濒死猪的肝脏组织做病理学和毒素检测，以便确诊。；prohibited_boundaries: 在未排除黄曲霉毒素中毒前严禁继续使用可疑饲料；禁止将病猪与健康猪混养以防传播风险；若检出毒素超标，应依据当地动物防疫规定处置饲料和病猪。,因属中毒性疾病，无药物休药期概念，但需确保饲料毒素水平降至安全范围后方可恢复饲喂，且需经检测确认。,"{""disease_name"": ""猪黄曲霉毒素中毒"", ""severity"": ""中等至严重（取决于摄入量与持续时间）"", ""scene_tags"": [""育肥猪"", ""自配料"", ""饲料污染"", ""肝毒性""], ""validation_points"": [""症状符合黄曲霉毒素中毒特征（精神沉郁、食欲减退、黄疸）"", ""存在可疑饲料使用史"", ""建议停止饲喂可疑饲料并进行检测""], ""risk_flags"": [""饲料毒素超标风险"", ""潜在群体性中毒"", ""需快速干预防止病情扩散""], ""case_type"": ""中毒处置边界"", ""target_disease"": ""猪黄曲霉毒素中毒"", ""local_flags"": {""species_ok"": true, ""target_disease_in_diagnosis"": false, ""target_disease_mismatch"": true, ""contains_specific_dose"": false, ""contains_specific_withdrawal"": false, ""regulated_bad_treatment"": false}}",True,True,target_disease_in_diagnosis,target_disease_in_diagnosis,False,True,True,D:\XF-ChongQin\ai-\knowledge\llm_wiki_swine_authoritative,1465,887,"猪黄曲霉毒素中毒
猪黄曲霉毒素中毒、aflatoxin toxicosis
中毒处置边界
用户想知道是否继续饲喂可疑饲料、怎样送检饲料和病料。","{""NEEDS_REVIEW"": 2, ""PROCESSE"": 1, ""PROCESSED_SOURCE_ANCHORED"": 2}","[""SRC-0001"", ""SRC-0085""]",2221,30.35,ERNIE-4.5-Turbo-32K,88,28,18,23,20,False,False,"该回答整体上对猪黄曲霉毒素中毒的诊断、处理方向和采样检测建议较为准确，逻辑清晰，符合真实场景需求，无明显致命风险。诊断依据充分，处理措施安全合理，数据质量较高。
问题：diagnosis_accuracy: 诊断中未明确提及黄曲霉毒素中毒的特异性症状（如肝脏损伤的具体表现），尽管有黄疸等描述，但特异性稍显不足。；pathology_logic: 病理逻辑部分对黄曲霉毒素中毒的发病机制解释不够深入，缺乏对毒素如何具体影响肝脏功能的详细说明。；data_quality: 数据质量方面，虽然场景标签和验证点较为全面，但风险标志中未明确提及人兽共患风险（尽管黄曲霉毒素中毒主要影响动物，但需注意人类接触污染饲料的风险）。",,,,,,,,,,False,,,,,88,28,18,23,20,reject,21.45,,
40cabcf0-757a-5c63-8493-f9c18c7499ac,141,猪呕吐毒素/DON中毒,swine_hunyuan_turbos,hunyuan-turbos-20250926,成功,,猪,我家有120头育肥猪，平均体重在60公斤左右，前几天刚换了一批新玉米做的全价料，结果这两天发现很多猪不吃料，有的还吐了，有几头精神萎靡、体温正常，还有一头母猪流产了。请问是不是饲料有问题？该怎么处理？,根据描述，这批猪在更换饲料后短时间内出现采食量显著下降、呕吐、个别精神沉郁及母猪流产，符合饲料毒素中毒尤其是呕吐毒素（DON）中毒的群发特征。需排除其他病因如病毒性传染病、细菌性感染、寄生虫病等。建议结合饲料原料检测、同批饲料在其他栏舍的表现以及临床病理变化综合判断。,treatment_direction: 立即停喂可疑批次饲料，改用安全饲料并观察恢复情况；对症状明显个体可给予支持疗法，如补液、电解质平衡调节、改善饲养环境以减少应激。；management_measures: 隔离症状严重个体，加强通风与卫生管理，减少高温高湿应激；记录发病数量、时间、分布，便于后续分析。；sampling_submission: 采集剩余可疑饲料样品送实验室检测DON及其他霉菌毒素含量；同时采集部分病猪血液、肝脏组织进行病理学检查和病原学筛查，以排除传染性因素。；prohibited_boundaries: 在未明确排除重大传染病前，不得随意使用抗生素或抗病毒药物掩盖症状；严禁将病死猪流入市场或屠宰环节。,因属中毒事件，无特定休药期概念；但在饲料更换至恢复正常采食期间应暂停出栏计划，确保产品安全。,"{""disease_name"": ""猪呕吐毒素/DON中毒"", ""severity"": ""中等至高（取决于摄入量与持续时间）"", ""scene_tags"": [""饲料更换"", ""群体采食下降"", ""呕吐"", ""繁殖障碍""], ""validation_points"": [""症状与饲料更换时间高度吻合"", ""多栏舍同步发生提示共同暴露源"", ""需通过饲料检测确诊""], ""risk_flags"": [""潜在饲料污染"", ""需排除重大传染病""], ""case_type"": ""饲料中毒咨询"", ""target_disease"": ""猪呕吐毒素/DON中毒"", ""local_flags"": {""species_ok"": true, ""target_disease_in_diagnosis"": false, ""target_disease_mismatch"": true, ""contains_specific_dose"": false, ""contains_specific_withdrawal"": false, ""regulated_bad_treatment"": false}}",True,True,target_disease_in_diagnosis,target_disease_in_diagnosis,False,True,True,D:\XF-ChongQin\ai-\knowledge\llm_wiki_swine_authoritative,1465,887,"猪呕吐毒素/DON中毒
猪呕吐毒素/DON中毒、don trichothecene toxicosis
饲料中毒咨询
更换饲料或玉米批次后出现采食下降、呕吐、繁殖异常或神经症状，用户怀疑饲料问题。","{""HUMAN_REVIEWED"": 1, ""NEEDS_REVIEW"": 2, ""PROCESSED_SOURCE_ANCH"": 1, ""PROCESSED_SOURCE_ANCHORED"": 1}","[""SRC-0001"", ""SRC-0041"", ""SRC-0085""]",2221,27.1,ERNIE-4.5-Turbo-32K,88,28,18,24,18,False,False,"整体回答质量较高，诊断方向明确，处理措施安全合理，数据质量基本满足要求，无明显致命风险。
问题：诊断准确性方面，虽然识别出呕吐毒素中毒的可能性，但未充分排除其他潜在病因（如其他霉菌毒素或传染病），导致部分分值扣除。；病理逻辑方面，对症状与病因之间的关联性解释不够深入，缺乏对中毒机制的具体阐述。；数据质量方面，回答中未明确提及饲料检测的具体方法或标准，以及病理学检查的详细流程，导致信息完整性略有不足。",,,,,,,,,,False,,,,,88,28,18,24,18,reject,17.24,,
91766d87-dead-5aa7-abba-f881b4ee9be5,142,猪玉米赤霉烯酮中毒,swine_hunyuan_turbos,hunyuan-turbos-20250926,成功,,猪,我场有60头后备母猪，平均体重120公斤左右，最近连续两批发情不明显、阴户红肿，有的还出现假孕现象，已经停喂了新进的玉米料，想问问这种情况要不要先停止配种和引进新猪？应该采集哪些样本去查原因？,根据描述，母猪群出现发情紊乱、阴户红肿及假孕等繁殖异常，结合近期更换玉米原料的情况，应高度怀疑饲料中玉米赤霉烯酮（ZEA）污染所致的中毒反应。ZEA为具有雌激素样作用的霉菌毒素，可引起生殖内分泌紊乱，表现为阴户肿胀、发情延迟或不明显、假孕等，但不会直接导致流产。需排除其他病毒性繁殖障碍（如细小病毒、PRRS、伪狂犬等）以及细菌性因素。,treatment_direction: 立即停用可疑饲料，更换为安全无霉变的原料；加强饲料储存防潮防霉措施；对受影响母猪进行观察，暂缓配种计划，直至症状缓解并确认毒素水平可控。；management_measures: 全场排查饲料原料来源及储存条件；记录受影响的母猪编号、胎次、症状变化；调整饲养密度，减少应激；确保饮水清洁。；sampling_for_testing: 采集可疑饲料样品送实验室检测玉米赤霉烯酮含量；同时采集血液或血清检测母猪激素水平（如孕酮、雌二醇）；必要时采集阴道拭子检查是否存在继发感染。；prohibited_actions: 在病因未明前禁止将场内母猪外售或引入新猪，防止潜在毒素扩散或交叉感染；不得自行使用激素类药物强行催情或促排卵。,因属中毒性病因，无特定药物休药期，应在饲料更换且毒素检测合格后再恢复配种。,"{""disease_name"": ""猪玉米赤霉烯酮中毒"", ""severity"": ""中等"", ""scene_tags"": [""繁殖障碍"", ""饲料毒素"", ""后备母猪""], ""validation_points"": [""症状符合ZEA雌激素样作用导致的生殖紊乱"", ""存在可疑霉变玉米饲料暴露史"", ""需通过饲料毒素检测和激素监测确诊""], ""risk_flags"": [""饲料安全"", ""繁殖性能下降""], ""case_type"": ""繁殖障碍送检"", ""target_disease"": ""猪玉米赤霉烯酮中毒"", ""local_flags"": {""species_ok"": true, ""target_disease_in_diagnosis"": false, ""target_disease_mismatch"": true, ""contains_specific_dose"": false, ""contains_specific_withdrawal"": false, ""regulated_bad_treatment"": false}}",True,True,target_disease_in_diagnosis,target_disease_in_diagnosis,False,True,True,D:\XF-ChongQin\ai-\knowledge\llm_wiki_swine_authoritative,1465,887,"猪玉米赤霉烯酮中毒
猪玉米赤霉烯酮中毒、zearalenone toxicosis
繁殖障碍送检
繁殖异常持续出现，用户询问该采哪些样品、是否需要暂停配种和引种。","{""HUMAN_REVIEWED"": 1, ""NEEDS_REVIEW"": 2, ""PROCESSED_SOURCE_ANCHORED"": 1}","[""RC-REPRO-001"", ""SRC-0001"", ""SRC-0025"", ""SRC-0045"", ""SRC-0049"", ""SRC-0050"", ""SRC-0060"", ""SRC-0061"", ""SRC-0067"", ""SRC-0068"", ""SRC-0085""]",2221,32.78,ERNIE-4.5-Turbo-32K,88,28,18,23,20,False,False,"该回答整体上对猪玉米赤霉烯酮中毒的诊断、处理方向和采样建议较为准确，逻辑清晰，未发现致命风险。诊断准确性和处方安全性较高，但数据质量和病理逻辑部分有提升空间。
问题：诊断准确性方面，虽然主要症状和病因匹配较好，但未完全排除其他病毒性繁殖障碍（如细小病毒、PRRS、伪狂犬等）的可能性，仅提到需排除，未进一步说明如何具体鉴别。；病理逻辑方面，对玉米赤霉烯酮的雌激素样作用机制解释不够深入，未详细说明其如何导致假孕等具体症状。；数据质量方面，回答中未提及具体的饲料毒素检测方法和激素水平检测的参考范围，缺乏量化指标。；处方安全性方面，虽然整体处理方向正确，但未明确说明停用可疑饲料后的替代饲料选择标准，以及观察期具体时长。",,,,,,,,,,False,,,,,88,28,18,23,20,reject,22.55,,
f07dd852-ab73-5ea9-aeca-fbda49dafcc1,143,猪富马毒素中毒,swine_hunyuan_turbos,hunyuan-turbos-20250926,成功,,猪,我家有120头育肥猪，平均体重在60公斤左右，上周刚换了一批新玉米做的全价料，这几天陆续出现采食量明显下降、有的猪还吐了，个别母猪配种后返情率也高了，还有两头猪走路不稳像有点神经症状。请问是不是饲料有问题？该怎么处理？,根据描述，结合近期更换饲料及出现的采食下降、呕吐、繁殖障碍和神经症状，高度怀疑为饲料中富马毒素含量过高引起的猪富马毒素中毒。该病可导致肺水肿、肝功能受损以及神经系统表现，需要结合饲料样品检测与血液生化指标综合判断。,treatment_direction: 立即停喂可疑批次饲料，更换为已知安全的原料配制饲料；加强饮水管理，防止脱水；对出现严重症状的个体进行对症支持治疗，如补液、保肝护肾药物辅助。；management_measures: 全面排查库存饲料及原料，封存可疑批次并送检；改善圈舍通风，降低应激；记录发病数量、症状变化及死亡情况，便于后续分析。；sampling_and_testing: 采集剩余可疑饲料送实验室检测富马毒素含量；有条件时采集病猪血样做肝功能、肾功能及血气分析，以评估器官损伤程度。；prohibited_actions: 严禁继续使用未经检测的饲料；禁止将病死猪流入市场或随意丢弃；在未明确病因前，不要盲目使用抗生素或其他药物掩盖症状。,因属中毒事件，无特定休药期概念，但需确保饲料更换至安全水平且猪群恢复正常后再考虑出栏或销售。,"{""disease_name"": ""猪富马毒素中毒"", ""severity"": ""中等至高"", ""scene_tags"": [""饲料更换"", ""育肥猪"", ""繁殖障碍"", ""神经症状""], ""validation_points"": [""症状与富马毒素中毒相符"", ""存在饲料更换史"", ""建议饲料检测验证""], ""risk_flags"": [""疑似饲料中毒"", ""潜在群体性健康风险""], ""case_type"": ""饲料中毒咨询"", ""target_disease"": ""猪富马毒素中毒"", ""local_flags"": {""species_ok"": true, ""target_disease_in_diagnosis"": true, ""target_disease_mismatch"": false, ""contains_specific_dose"": false, ""contains_specific_withdrawal"": false, ""regulated_bad_treatment"": false}}",False,False,,,True,False,False,D:\XF-ChongQin\ai-\knowledge\llm_wiki_swine_authoritative,1465,887,"猪富马毒素中毒
猪富马毒素中毒、fumonisin toxicosis
饲料中毒咨询
更换饲料或玉米批次后出现采食下降、呕吐、繁殖异常或神经症状，用户怀疑饲料问题。","{""NEEDS_REVIEW"": 2, ""PROCESSED_SOURCE_ANCHORED"": 2}","[""SRC-0001"", ""SRC-0085""]",2221,33.36,ERNIE-4.5-Turbo-32K,88,28,18,23,20,False,True,"该回答整体表现良好，诊断准确，逻辑清晰，处理方向安全，数据质量较高。诊断部分结合了症状和饲料更换史，高度怀疑猪富马毒素中毒，符合疾病特征。病理逻辑部分解释了富马毒素中毒的病理表现，与症状相互印证。处方安全部分提出了停喂可疑饲料、加强饮水管理、对症支持治疗等合理措施，并强调了饲料检测和病猪血样检测的重要性。数据质量方面，提供了详细的场景标签和验证点，有助于评估测试数据的有效性。
问题：diagnosis_accuracy: 诊断部分虽然高度怀疑猪富马毒素中毒，但未明确提及需要排除其他类似症状疾病的可能性，如某些感染性疾病或营养缺乏症，略显不足。；pathology_logic: 病理逻辑部分对富马毒素中毒的病理表现解释较为全面，但可进一步细化不同症状与病理变化之间的直接联系，以增强逻辑性。；prescription_safety: 处方安全部分整体合理，但可增加对补液、保肝护肾药物具体使用方法和剂量的说明，以提高可操作性。；data_quality: 数据质量方面，虽然提供了详细的场景标签和验证点，但可增加对猪群整体健康状况的描述，如发病率、死亡率等，以更全面地反映数据质量。",,,,,,,,,,False,,,,,88,28,18,23,20,pass,23.74,,
2e540c85-a25c-5648-9495-b30cd36c9e63,144,猪矿物质与化学物中毒,swine_hunyuan_turbos,hunyuan-turbos-20250926,成功,,猪,我场有120头80公斤左右的育肥猪，最近一周陆续出现精神沉郁、食欲下降、部分猪腹泻，个别死亡。怀疑是前几天换了一批新玉米型配合料后出现的，之前没用过这种原料。请问还能继续喂这批料吗？如果要送检的话，应该送哪些样品？另外病死猪怎么处理才安全？,根据描述，结合近期更换饲料的病史及群体性精神沉郁、食欲减退、腹泻等症状，高度怀疑为饲料源性矿物或化学物质中毒（如重金属、农药残留、霉菌毒素等）。需通过饲料成分分析、毒物筛查及病猪组织病理学检查进一步确诊。,treatment_direction: 立即停喂可疑饲料，改用已知安全的全价料；对尚存活猪提供清洁饮水，减少应激，观察恢复情况。；management_measures: 将剩余可疑饲料封存并标记，防止误用；加强圈舍通风，保持干燥卫生；密切观察猪群健康变化，及时隔离异常个体。；sampling_and_testing: 采集剩余可疑饲料样本（至少500g），同时采集病死猪肝、肾、胃内容物等组织样（每头约50g），送具备资质的实验室进行毒物、微量元素及霉菌毒素检测。；prohibited_actions: 在未明确毒性前严禁继续使用可疑饲料；禁止随意丢弃病死猪尸体，须按无害化处理规定执行。,在检测结果确认安全前，不得使用原饲料；若检出有毒物质，应彻底清除污染源后方可重新使用场地和设施。,"{""disease_name"": ""猪矿物质与化学物中毒"", ""severity"": ""中等至严重（视毒物种类与浓度而定）"", ""scene_tags"": [""育肥猪"", ""饲料更换史"", ""群体发病"", ""疑似中毒""], ""validation_points"": [""存在明确的饲料更换史"", ""群体性临床症状符合中毒表现"", ""需通过饲料与病料检测确认病因""], ""risk_flags"": [""潜在重大中毒事件"", ""涉及食品安全与公共卫生风险""], ""case_type"": ""中毒处置边界"", ""target_disease"": ""猪矿物质与化学物中毒"", ""local_flags"": {""species_ok"": true, ""target_disease_in_diagnosis"": false, ""target_disease_mismatch"": true, ""contains_specific_dose"": true, ""contains_specific_withdrawal"": false, ""regulated_bad_treatment"": false}}",True,True,target_disease_in_diagnosis|contains_specific_dose,target_disease_in_diagnosis|contains_specific_dose,False,True,True,D:\XF-ChongQin\ai-\knowledge\llm_wiki_swine_authoritative,1465,887,"猪矿物质与化学物中毒
猪矿物质与化学物中毒、toxic minerals chemicals plants and gases
中毒处置边界
用户想知道是否继续饲喂可疑饲料、怎样送检饲料和病料。","{""NEEDS_REVIEW"": 2, ""PROCESSED_SOURCE_ANCHORED"": 1}","[""SRC-0001"", ""SRC-0084"", ""SRC-0086""]",2221,26.57,ERNIE-4.5-Turbo-32K,88,28,18,24,18,False,False,"整体回答质量较高，诊断方向准确，处理措施安全合理，数据质量基本满足要求，无明显致命风险。
问题：diagnosis_accuracy: 诊断中未明确提及具体可能的毒物类型（如重金属、农药残留、霉菌毒素等），仅做了宽泛描述，可进一步细化以提高准确性。；pathology_logic: 病理逻辑部分对症状与中毒的关联性解释不够深入，缺乏对具体病理机制的简要说明。；data_quality: 数据质量中，对场景标签和验证点的描述较为笼统，可增加更多细节以提升数据丰富度。",,,,,,,,,,False,,,,,88,28,18,24,18,reject,17.32,,
814b10dc-5e9c-5fdd-9170-49916e310cb8,145,猪亚硝酸盐中毒,swine_hunyuan_turbos,hunyuan-turbos-20250926,成功,,猪,我家是育肥场，存栏大概280头，平均体重在60公斤左右。上周刚换了一批玉米做饲料，这批玉米颜色比之前深一些，也没晒透。这两天陆续有猪不吃料、流口水、呼吸急促，有的还吐了，个别母猪发情不规律。请问是不是饲料有问题？会不会是中毒？,根据描述，近期更换玉米原料后短时间内出现采食下降、流涎、呕吐及呼吸加快等症状，符合急性亚硝酸盐中毒的典型表现。该病常由含高硝酸盐的青贮或新鲜植物性饲料转化而来，尤其在储存不当或发酵不完全的情况下更易产生大量亚硝酸盐。需要结合饲料样品亚硝酸盐含量检测和现场饮水情况综合判断。,treatment_direction: 立即停喂可疑饲料，改用安全无污染的饲料；对症状明显的个体给予亚甲蓝静脉推注（仅限专业兽医操作）以改善高铁血红蛋白血症；同时补充电解质和维生素C促进代谢恢复。；management_measures: 全群停止饲喂当前批次玉米，清理料槽并彻底冲洗；保证清洁饮水；加强通风换气，减少应激；密切观察剩余猪只精神状态和呼吸频率变化。；sampling_submission: 采集可疑玉米、剩余饲料及水样送实验室检测亚硝酸盐浓度；必要时取病死猪肝脏、血液进行病理学检查以排除其他中毒或传染病。；contraindications: 禁止在未确诊前使用未经批准的兽药或偏方；严禁将可疑饲料继续投喂；发现死亡病例应立即隔离并按规定无害化处理。,由于涉及潜在中毒源，建议暂停出栏直至饲料检测结果合格且猪群恢复正常至少14天以上；具体时间依据检测结果和监管部门意见确定。,"{""disease_name"": ""猪亚硝酸盐中毒"", ""severity"": ""中等至严重"", ""scene_tags"": [""饲料更换"", ""育肥猪"", ""急性中毒"", ""亚硝酸盐""], ""validation_points"": [""症状与急性亚硝酸盐中毒相符（采食下降、流涎、呼吸急促、呕吐）"", ""存在可疑饲料暴露史（新批次玉米）"", ""需结合实验室检测确认病因""], ""risk_flags"": [""可能涉及饲料污染"", ""需防止误判为其他疾病""], ""case_type"": ""饲料中毒咨询"", ""target_disease"": ""猪亚硝酸盐中毒"", ""local_flags"": {""species_ok"": true, ""target_disease_in_diagnosis"": false, ""target_disease_mismatch"": true, ""contains_specific_dose"": false, ""contains_specific_withdrawal"": false, ""regulated_bad_treatment"": false}}",True,True,target_disease_in_diagnosis,target_disease_in_diagnosis,False,True,True,D:\XF-ChongQin\ai-\knowledge\llm_wiki_swine_authoritative,1465,887,"猪亚硝酸盐中毒
猪亚硝酸盐中毒、nitrite toxicosis
饲料中毒咨询
更换饲料或玉米批次后出现采食下降、呕吐、繁殖异常或神经症状，用户怀疑饲料问题。","{""HUMAN_REVIEWED"": 2, ""NEEDS_REVIEW"": 2, ""PROCESSED_SOURCE_ANCHORED"": 1}","[""SRC-0001"", ""SRC-0007"", ""SRC-0041"", ""SRC-0086""]",2152,26.37,ERNIE-4.5-Turbo-32K,88,28,18,23,20,False,False,"整体回答质量较高，诊断准确，逻辑清晰，处理方向安全，数据质量良好，无明显致命风险。
问题：diagnosis_accuracy: 诊断部分未提及母猪发情不规律与亚硝酸盐中毒的关联性，虽非核心症状但可补充说明。；pathology_logic: 病理逻辑部分对亚硝酸盐中毒的机制描述稍显简略，可进一步阐述硝酸盐转化为亚硝酸盐的过程。；data_quality: 数据质量部分，用户查询中的症状描述与诊断中的症状匹配度较高，但可增加对症状严重程度的描述以提高数据丰富度。",,,,,,,,,,False,,,,,88,28,18,23,20,reject,15.41,,
bc0666b1-2447-59fc-8edd-21837fb69967,146,猪有毒气体与通风失败损伤,swine_hunyuan_turbos,hunyuan-turbos-20250926,成功,,猪,我家有120头80公斤左右的育肥猪，圈舍是半封闭式，最近两天天气闷热，我早上开风机的时候闻到一股刺鼻的臭味，有几头猪开始咳嗽、流眼泪，还有一头精神沉郁不吃料。之前没用过什么药，就是前天刚换了新一批自配料，想问问这种情况还能继续喂这批料吗？另外该采哪些样去化验？,结合现场描述，考虑为粪污分解产生的有害气体（如氨气、硫化氢）在通风不良条件下造成的中毒反应，同时需排除饲料中可能存在的霉菌毒素污染。当前症状符合有害气体刺激引起的呼吸道及全身症状，不排除饲料因素叠加作用。,treatment_direction: 立即改善圈舍通风，减少有害气体浓度；对出现症状的猪进行隔离观察，给予清洁饮水，必要时使用支持性护理；暂停使用可疑饲料，防止进一步摄入潜在毒素。；management_measures: 开启所有通风设备，增加换气频率；清理粪污并减少搅动；检查风机、进风口是否正常运转；监测全群呼吸和精神状态变化。；sampling_and_testing: 采集新鲜粪便、尿液以及病死猪组织（肺、肝、肾）送实验室检测有害气体代谢产物及可能的霉菌毒素；同时保留剩余可疑饲料样品送检，分析其成分及毒素含量。；prohibited_actions: 严禁在未明确原因前继续使用可疑饲料；禁止在密闭环境中长时间作业，人员进入圈舍应佩戴防护口罩；不得自行使用未经批准的兽药或解毒剂。,因属环境中毒事件，无直接休药期概念；若后续涉及药物治疗，须按所用药品说明执行相应停药期。,"{""disease_name"": ""猪有毒气体与通风失败损伤"", ""severity"": ""中等至严重（视暴露浓度与持续时间而定）"", ""scene_tags"": [""育肥猪"", ""通风不良"", ""有害气体"", ""饲料更换""], ""validation_points"": [""症状与有害气体刺激相符（咳嗽、流泪、精神沉郁）"", ""存在通风不足与粪污分解条件"", ""饲料更换史提示可能存在毒素叠加""], ""risk_flags"": [""群体暴露风险高"", ""需排查饲料安全"", ""可能伴随其他中毒因素""], ""case_type"": ""中毒处置边界"", ""target_disease"": ""猪有毒气体与通风失败损伤"", ""local_flags"": {""species_ok"": true, ""target_disease_in_diagnosis"": false, ""target_disease_mismatch"": true, ""contains_specific_dose"": false, ""contains_specific_withdrawal"": false, ""regulated_bad_treatment"": false}}",True,True,target_disease_in_diagnosis,target_disease_in_diagnosis,False,True,True,D:\XF-ChongQin\ai-\knowledge\llm_wiki_swine_authoritative,1465,887,"猪有毒气体与通风失败损伤
猪有毒气体与通风失败损伤、toxic gases ventilation failure
中毒处置边界
用户想知道是否继续饲喂可疑饲料、怎样送检饲料和病料。","{""NEEDS_REVIEW"": 2, ""PROCESSED_SOURCE_ANCHORED"": 3}","[""SRC-0001"", ""SRC-0086""]",2171,32.94,ERNIE-4.5-Turbo-32K,88,28,18,24,18,False,False,"该回答整体表现良好，诊断准确，考虑了有害气体中毒和饲料毒素污染的双重可能性，处理方向安全合理，采样建议全面。但在病理逻辑和数据质量方面存在一定不足，如未详细解释症状与疾病的关联性，且对饲料毒素污染的排查建议不够深入。
问题：诊断部分虽提及饲料毒素污染的可能性，但未详细展开其与症状的关联性分析，病理逻辑稍显不足。；数据质量方面，对饲料毒素污染的排查建议不够深入，未提及具体的毒素类型或检测方法。；在症状描述与疾病匹配方面，虽提及咳嗽、流泪、精神沉郁等症状，但未进一步阐述这些症状如何具体指向有害气体中毒。；采样建议中，虽提及了采集病死猪组织，但未明确说明采集的具体组织部位或采集方法。",,,,,,,,,,False,,,,,88,28,18,24,18,reject,21.97,,
b4baea05-493b-536e-81cf-4dc8765db0b8,147,非洲猪瘟,swine_hunyuan_turbos,hunyuan-turbos-20250926,成功,,猪,我这边是一个300头基础母猪的种猪场，最近有4头怀孕90多天的母猪陆续流产，还有两头公猪精神差、采食下降，体温在40℃左右，已经持续了三四天。之前没用过什么特别的药物，场内通风一般，近期没有外购猪进来。我想知道是不是传染病，还能不能继续配种？,高度怀疑非洲猪瘟病毒感染。该病可导致妊娠母猪流产、死胎及公猪发热、食欲下降等症状，且传播迅速，病死率高。结合当前疫情形势及临床症状，应首先排除非洲猪瘟的可能性。,treatment_direction: 目前无特效治疗药物，应立即停止场内一切猪只移动和配种操作，防止疫情扩散。；management_measures: 对发病猪只进行隔离观察，加强生物安全措施，包括人员、车辆、器具严格消毒，禁止无关人员进入生产区。；sampling_and_testing: 采集血液、组织等样本送具备资质的实验室进行非洲猪瘟病原核酸检测，以确诊。；prohibited_actions: 严禁私自处理病死猪，不得擅自使用抗生素或其他药物掩盖病情，不得向其他养殖场调运猪只。,因无有效药物治疗，不涉及药物休药期问题；若确诊非洲猪瘟，须按当地畜牧兽医主管部门要求进行扑杀和无害化处理。,"{""disease_name"": ""非洲猪瘟"", ""severity"": ""高"", ""scene_tags"": [""种猪场"", ""流产"", ""公猪异常"", ""高热""], ""validation_points"": [""妊娠母猪集中流产符合非洲猪瘟特征"", ""公猪发热、食欲下降提示全身感染"", ""无外购猪史降低外来病原引入可能""], ""risk_flags"": [""重大动物疫病风险"", ""需立即上报检测""], ""case_type"": ""种猪繁殖障碍"", ""target_disease"": ""非洲猪瘟"", ""local_flags"": {""species_ok"": true, ""target_disease_in_diagnosis"": true, ""target_disease_mismatch"": false, ""contains_specific_dose"": false, ""contains_specific_withdrawal"": false, ""regulated_bad_treatment"": false}}",True,True,,,True,False,True,D:\XF-ChongQin\ai-\knowledge\llm_wiki_swine_authoritative,1465,887,"非洲猪瘟
非洲猪瘟、african swine fever virus、ASF、African swine fever
种猪繁殖障碍
种猪场出现流产、死胎、返情或公猪异常，用户担心传染病和是否继续配种。","{""HUMAN_REVIEWED"": 2}","[""SRC-0001"", ""SRC-0031""]",2221,35.83,ERNIE-4.5-Turbo-32K,55,20,15,10,10,True,False,"该回答在诊断准确性、病理逻辑、处方安全性和数据质量方面均存在明显不足，且存在重大动物疫病风险，未按照规范流程处理，因此评估为不合格。
问题：诊断准确性不足：虽然提到了非洲猪瘟的可能性，但未充分结合临床症状和流行病学史进行深入分析，且未明确排除其他可能疾病。；病理逻辑不清晰：对非洲猪瘟的病理机制解释不够详细，未充分说明为何高度怀疑该病，且未提及该病的典型病理变化。；处方安全性问题：在未确诊的情况下，建议停止一切猪只移动和配种操作，虽然出于谨慎考虑，但缺乏科学依据，且未提供具体的生物安全措施实施细节。；数据质量不高：回答中缺乏对临床症状的详细描述和记录，且未提及对场内其他猪只的观察和监测情况。；存在重大动物疫病风险：非洲猪瘟是重大动物疫病，回答中未强调立即上报和检测的重要性，且未提及扑杀和无害化处理的具体流程。",,,,,,,,,,False,,,,,55,20,15,10,10,reject,27.41,,
0f7e9a02-b658-5908-8594-a955dd693cbb,148,猪流行性腹泻,swine_hunyuan_turbos,hunyuan-turbos-20250926,成功,,猪,我家有200头120公斤左右的育肥猪，快到出栏时间了，最近三天陆续有几头开始拉水样稀粪，精神还行，采食量稍微下降，圈舍温度偏低，之前没用过疫苗。这种情况还能继续养着卖吗？要不要隔离？用什么药能控制住？会不会传染别的栏的猪？,根据描述，育肥猪在低温环境下出现水样腹泻、采食减少，结合流行病学特点，高度怀疑为猪流行性腹泻（PED）。该病由冠状病毒引起，主要通过粪口途径传播，对育肥猪致死率不高，但会造成短期生长受阻和饲料转化率下降。,立即将发病栏与健康栏物理隔离，防止交叉感染；加强保温措施，减少冷应激；全群饮水中添加电解质多维缓解脱水；可试用支持性药物改善肠道功能，但无特效抗病毒药；采集新鲜粪便送实验室做RT-PCR确诊；若确诊为PED，应按当地动物防疫部门要求进行无害化处理或限制调运，不可擅自出售。,因属病毒性传染病，无明确化学药物休药期，但需按疫情处置规定执行禁售及消毒期，直至官方解除封锁。,"{""disease_name"": ""猪流行性腹泻"", ""severity"": ""中等"", ""scene_tags"": [""育肥猪"", ""临近出栏"", ""低温应激"", ""腹泻""], ""validation_points"": [""符合PEDV在育肥阶段的临床表现"", ""强调隔离与生物安全措施"", ""提示需实验室确诊并按法规处置""], ""risk_flags"": [""可能属于二类动物疫病，需向当地畜牧兽医部门报告""], ""case_type"": ""腹泻出栏边界"", ""target_disease"": ""猪流行性腹泻"", ""local_flags"": {""species_ok"": true, ""target_disease_in_diagnosis"": true, ""target_disease_mismatch"": false, ""contains_specific_dose"": false, ""contains_specific_withdrawal"": false, ""regulated_bad_treatment"": false}}",False,False,,,True,False,False,D:\XF-ChongQin\ai-\knowledge\llm_wiki_swine_authoritative,1465,887,"猪流行性腹泻
猪流行性腹泻、porcine epidemic diarrhea virus、PED、PEDV
腹泻出栏边界
临近出栏猪群出现腹泻，用户关心处理方向、隔离和用药后能否销售。","{""HUMAN_REVIEWED"": 3, ""NEEDS_REVIEW"": 2}","[""A0-MOA-573"", ""A2-EFSA-PED-PDCOV-OPINION"", ""SRC-0001"", ""SRC-0037""]",2168,25.16,ERNIE-4.5-Turbo-32K,88,28,18,24,18,False,True,"该回答整体上对猪流行性腹泻的诊断、处理方向和隔离措施进行了较为准确的描述，符合真实场景需求，诊断逻辑合理，处理方向安全，但部分细节可进一步优化。
问题：诊断准确性方面，虽然高度怀疑为猪流行性腹泻，但未明确提及与其他类似疾病的鉴别诊断，如猪传染性胃肠炎等。；病理逻辑方面，对疾病传播途径和影响的描述较为全面，但缺乏对疾病潜伏期和病程发展的详细说明。；处方安全性方面，处理措施基本安全，但未明确提及支持性药物的具体种类和使用方法，可能影响实际操作的准确性。；数据质量方面，回答内容较为完整，但部分信息如实验室确诊的提示和疫情处置规定的引用可以更具体和详细。",,,,,,,,,,False,,,,,88,28,18,24,18,pass,18.01,,
50f5061b-5ddd-52d5-ac4f-7ef11072748c,149,猪传染性胃肠炎,swine_hunyuan_turbos,hunyuan-turbos-20250926,成功,,猪,我家有200头母猪，现在刚断奶的保育猪大概30斤左右，这几天陆续发现几窝小猪拉黄绿色水样便，精神差、不吃料，有的已经脱水站不稳了，圈舍湿度大、通风一般，之前没用过疫苗，这种情况是啥病？该怎么处理？,根据描述的日龄、水样腹泻、高湿环境及无免疫史，高度怀疑为猪传染性胃肠炎（TGEV）感染。该病在寒冷季节高发，可通过粪口途径快速传播，哺乳仔猪和保育猪最易感。需结合实验室检测排除其他病毒性腹泻（如PED、轮状病毒）及细菌性肠炎。,treatment_direction: 目前无特效抗病毒药物，重点在于支持疗法和防止继发细菌感染。；management_measures: 立即将发病猪与健康猪分群隔离，减少接触传播；；提高环境温度2-4℃，改善通风降低湿度，减轻应激；；保证清洁饮水，可在饮水中添加电解质和维生素C，防止脱水；；适当减少饲喂量，逐步恢复采食；；sampling_for_testing: 采集新鲜腹泻粪便样品送实验室进行RT-PCR检测，区分TGEV、PEDV、轮状病毒等；；必要时采集病死猪小肠组织做病理学检查；；prohibited_actions: 禁止随意使用抗生素作为唯一治疗手段；；禁止未经检测确诊即大规模投喂广谱抗菌药物；；禁止私自宰杀、销售或转运可疑病猪；,本病为病毒性疾病，无特定药物休药期，但在康复后至少观察7天再考虑出栏或转群，期间确保无继发感染。,"{""disease_name"": ""猪传染性胃肠炎"", ""severity"": ""高（尤其对哺乳仔猪致死率高）"", ""scene_tags"": [""保育猪"", ""水样腹泻"", ""高湿环境"", ""无免疫史""], ""validation_points"": [""符合TGEV典型流行特征（低温高湿、急性水样腹泻、幼龄易感）；"", ""管理建议与环境调节措施符合患病猪体温需求；"", ""采样送检方案覆盖常见病毒性腹泻鉴别诊断。""], ""risk_flags"": [""存在群体传播风险，需严格生物安全隔离；"", ""若检测结果涉及重大动物疫病（如非洲猪瘟），须按法规上报并配合扑杀无害化处理。""], ""case_type"": ""腹泻群体发病"", ""target_disease"": ""猪传染性胃肠炎"", ""local_flags"": {""species_ok"": true, ""target_disease_in_diagnosis"": true, ""target_disease_mismatch"": false, ""contains_specific_dose"": false, ""contains_specific_withdrawal"": false, ""regulated_bad_treatment"": false}}",False,False,,,True,False,False,D:\XF-ChongQin\ai-\knowledge\llm_wiki_swine_authoritative,1465,887,"猪传染性胃肠炎
猪传染性胃肠炎、transmissible gastroenteritis virus、TGE、TGEV
腹泻群体发病
同窝或同栏出现水样腹泻、脱水、采食下降，用户想知道主要病因和紧急处理。","{""HUMAN_REVIEWED"": 3, ""NEEDS_REVIEW"": 2}","[""SRC-0001"", ""SRC-0006"", ""SRC-0036""]",2102,30.67,ERNIE-4.5-Turbo-32K,88,28,18,23,20,False,True,"该回答在诊断准确性、病理逻辑、处方安全性和数据质量方面表现良好，整体符合测试数据有效性要求，无致命风险，最终评估为通过。
问题：诊断准确性方面，虽然高度怀疑猪传染性胃肠炎，但未完全排除其他病毒性腹泻（如PED、轮状病毒）及细菌性肠炎的可能性，尽管后续提出了实验室检测的建议，但初始诊断的确定性稍显不足。；病理逻辑方面，对疾病传播途径和易感群体的描述准确，但对寒冷季节高发的强调略显冗余，因为案例中并未明确提及季节信息。；处方安全性方面，整体处理方向安全，但“适当减少饲喂量，逐步恢复采食”的建议对于已经脱水站不稳的严重病例可能不够具体，需要更明确的指导。；数据质量方面，回答内容完整，但“risk_flags”中提及的非洲猪瘟与案例中的疾病不直接相关，可能引起不必要的混淆。",,,,,,,,,,False,,,,,88,28,18,23,20,pass,22.31,,
78943e46-40a9-540d-a61b-71d797b7c16f,150,猪瘟,swine_hunyuan_turbos,hunyuan-turbos-20250926,成功,,猪,我家有200头90公斤左右的育肥猪，这几天有几头开始发烧41度左右，精神沉郁不吃料，皮肤有点发红，粪便带血，之前用过恩诺沙星拌料三天没见好转，现在离计划出栏还有20天，这种情况还能治吗？会不会影响卖猪？,根据描述，结合高热、便血、皮肤发红等症状及用药无效的情况，高度怀疑为经典猪瘟（Classical Swine Fever）。该病由黄病毒科瘟病毒属引起，具有高度传染性和致死性，临床症状与丹毒、非洲猪瘟等有一定重叠，需通过实验室检测确诊。,treatment_direction: 无特效抗病毒药物，主要采取支持疗法缓解症状，如补液、维持电解质平衡、防止继发细菌感染。；management_measures: 立即隔离发病猪，限制人员、车辆、工具流动，全场彻底消毒，暂停外调生猪和产品。；sampling_and_testing: 采集血液、脾脏、淋巴结等样本送有资质的实验室进行CSF病原PCR或抗原检测，同时排除非洲猪瘟等其他烈性病。；prohibited_boundaries: 严禁使用未经批准的疫苗或药品，禁止将可疑病猪出售或屠宰，发现疫情应立即向当地动物防疫部门报告。,因涉及重大动物疫病，当前阶段不建议继续饲养至出栏，应配合主管部门处置方案执行。,"{""disease_name"": ""经典猪瘟"", ""severity"": ""高"", ""scene_tags"": [""育肥猪"", ""高热"", ""便血"", ""皮肤发红"", ""临近出栏""], ""validation_points"": [""高热、便血、皮肤发红符合CSF典型症状"", ""恩诺沙星无效提示非细菌性单一感染"", ""需实验室检测确诊""], ""risk_flags"": [""重大动物疫病"", ""高度传染性"", ""需立即上报""], ""case_type"": ""上市休药期咨询"", ""target_disease"": ""猪瘟"", ""local_flags"": {""species_ok"": true, ""target_disease_in_diagnosis"": true, ""target_disease_mismatch"": false, ""contains_specific_dose"": false, ""contains_specific_withdrawal"": false, ""regulated_bad_treatment"": false}}",False,False,,,True,False,False,D:\XF-ChongQin\ai-\knowledge\llm_wiki_swine_authoritative,1465,887,"猪瘟
猪瘟、classical swine fever pestiviruses、经典猪瘟、CSF
上市休药期咨询
用户接近出栏，关心治疗方向和用药后能否出栏销售。","{""HUMAN_REVIEWED"": 3}","[""A1-WOAH-CSF"", ""A1-WOAH-CSF-DISEASE"", ""A1-WOAH-CSF-MANUAL"", ""SRC-0031"", ""SRC-0046""]",2221,29.55,ERNIE-4.5-Turbo-32K,65,20,15,15,15,False,False,"测试数据整体表现中等，诊断准确性、病理逻辑、处方安全性和数据质量方面均存在一定不足，需进一步优化。
问题：诊断准确性方面，虽然识别出了猪瘟的可能性，但未充分排除其他类似症状疾病，如非洲猪瘟，且未提及实验室检测的紧迫性。；病理逻辑上，对猪瘟的病理机制解释不够深入，且未充分阐述为何恩诺沙星无效能指向猪瘟。；处方安全性上，虽然提出了支持疗法和管理措施，但未给出具体的治疗方案或药物使用建议，且休药期建议过于笼统，未针对具体药物给出明确指导。；数据质量方面，用户查询和回答中的信息基本完整，但部分表述可以更加精确和详细。",,,,,,,,,,False,,,,,65,20,15,15,15,review,20.73,,
66ab0397-8a1c-57aa-9f80-abef87a68165,151,猪口蹄疫,swine_hunyuan_turbos,hunyuan-turbos-20250926,成功,,猪,我家是育肥场，存栏大概300头，现在这批是60日龄左右的小猪，最近两天陆续有猪不吃料、精神差，有的脚掌和嘴边出现小水泡，走路有点跛，还有几头体温偏高。之前用过阿莫西林拌料防呼吸道病，效果一般。想问下这是啥毛病，该咋办？,根据描述的症状（发热、采食下降、口腔及蹄部水疱、跛行），结合保育猪阶段易发特点，高度怀疑为猪口蹄疫。该病由口蹄疫病毒引起，属一类动物疫病，传播快，对猪群危害大。,立即向当地畜牧兽医主管部门报告疫情，严禁擅自使用疫苗或药物治疗掩盖病情；将疑似病猪与健康猪严格隔离，限制人员、车辆流动，防止扩散；加强圈舍消毒，保持干燥通风，适当提高环境温度以减少应激；采集病猪口腔液、水疱液等样品送指定实验室确诊；在未排除前，禁止出售、运输、屠宰任何猪只。,因属重大动物疫病，无常规休药期概念，需依据官方处置方案执行。,"{""disease_name"": ""猪口蹄疫"", ""severity"": ""高"", ""scene_tags"": [""保育猪"", ""群体发病"", ""水疱病变"", ""采食下降""], ""validation_points"": [""符合口蹄疫典型临床症状（发热、水疱、跛行）"", ""保育猪阶段易感且传播迅速"", ""需通过实验室检测确认""], ""risk_flags"": [""重大动物疫病"", ""需立即上报并隔离""], ""case_type"": ""保育猪群体发病"", ""target_disease"": ""猪口蹄疫"", ""local_flags"": {""species_ok"": true, ""target_disease_in_diagnosis"": true, ""target_disease_mismatch"": false, ""contains_specific_dose"": false, ""contains_specific_withdrawal"": false, ""regulated_bad_treatment"": false}}",False,False,,,True,False,False,D:\XF-ChongQin\ai-\knowledge\llm_wiki_swine_authoritative,1465,887,"猪口蹄疫
猪口蹄疫、foot and mouth disease picornaviruses
保育猪群体发病
群体发病、采食下降、粪便或呼吸道异常，用户想知道主要病因和下一步处理。","{""HUMAN_REVIEWED"": 3, ""NEEDS_REVIEW"": 2}","[""A0-MOA-573"", ""A1-WOAH-FMD-DISEASE"", ""SRC-0001"", ""SRC-0006"", ""SRC-0047"", ""SRC-0059""]",2095,22.65,ERNIE-4.5-Turbo-32K,92,28,18,25,21,False,True,"该回答对猪口蹄疫的诊断准确，症状与疾病匹配度高，诊断逻辑合理，处理方向安全且符合疾病特性，数据质量较高，无致命风险。
问题：诊断准确性方面，虽然整体准确，但未完全覆盖所有症状描述（如体温偏高未明确关联）；病理逻辑上，对传播途径和易感性的描述可更详细；数据质量上，可增加更多实验室检测建议的细节。",,,,,,,,,,False,,,,,92,28,18,25,21,pass,13.91,,
6f25ca6f-503a-5563-b78d-96386796fd53,152,猪繁殖与呼吸综合征,swine_hunyuan_turbos,hunyuan-turbos-20250926,成功,,猪,我家有200多头90公斤左右的育肥猪，最近一周陆续出现咳嗽、喘气、体温升高的情况，用了替米考星和多西环素后部分好转，但还有不少继续发病。想问问这种情况该采哪些样送检测？会不会是蓝耳病混着别的病原？,根据描述，育肥猪群出现持续性呼吸道症状且抗生素治疗反应不一，提示可能存在猪繁殖与呼吸综合征病毒（PRRSV）感染，并可能与其他呼吸道病原体（如猪流感病毒、支原体、胸膜肺炎放线杆菌等）形成混合感染。建议进行实验室检测确认病原谱。,立即采集鼻拭子、肺组织及血液样本送实验室检测PRRSV及其他常见呼吸道病原；加强通风与温湿度管理，减少应激；对全群实施生物安全措施，防止交叉感染；禁止随意使用未经验证的疫苗或抗生素；若确诊PRRSV阳性，应按当地防疫部门要求进行报告和防控，不可自行替代为普通治疗。,无具体休药期说明，需依据检测结果及所用药物种类由专业兽医确定。,"{""disease_name"": ""猪繁殖与呼吸综合征"", ""severity"": ""中等至严重（视混合感染情况而定）"", ""scene_tags"": [""育肥猪"", ""呼吸道症状"", ""混合感染"", ""采样送检""], ""validation_points"": [""症状符合PRRSV特征且与多种呼吸道病原混合感染相符"", ""采样方案涵盖鼻拭子、肺组织和血液，满足鉴别诊断需求""], ""risk_flags"": [""疑似二类动物疫病"", ""需按法规上报与防控""], ""case_type"": ""呼吸道采样送检"", ""target_disease"": ""猪繁殖与呼吸综合征"", ""local_flags"": {""species_ok"": true, ""target_disease_in_diagnosis"": true, ""target_disease_mismatch"": false, ""contains_specific_dose"": false, ""contains_specific_withdrawal"": false, ""regulated_bad_treatment"": false}}",False,False,,,True,False,False,D:\XF-ChongQin\ai-\knowledge\llm_wiki_swine_authoritative,1465,887,"猪繁殖与呼吸综合征
猪繁殖与呼吸综合征、porcine reproductive and respiratory syndrome viruses、PRRS、蓝耳病
呼吸道采样送检
呼吸道症状持续，用药效果不稳定，用户询问采什么样品和如何鉴别混合感染。","{""HUMAN_REVIEWED"": 2, ""NEEDS_REVIEW"": 2}","[""A0-MOA-573"", ""SRC-0001"", ""SRC-0026"", ""SRC-0049""]",2221,30.96,ERNIE-4.5-Turbo-32K,88,28,18,23,20,False,True,"该回答整体上对猪繁殖与呼吸综合征的诊断、采样建议及防控措施较为准确，符合疾病特征和实际场景需求，无明显致命风险。
问题：diagnosis_accuracy: 诊断准确性方面，虽然识别出PRRSV感染可能性，但对混合感染病原的鉴别诊断依据稍显不足，未详细说明如何通过症状区分不同病原。；pathology_logic: 病理逻辑方面，对混合感染的逻辑推导稍显简单，未充分阐述不同病原间的相互作用及对症状的影响。；prescription_safety: 处方安全方面，未提供具体休药期说明，虽指出需依据检测结果及所用药物种类由专业兽医确定，但仍显不足。；data_quality: 数据质量方面，症状描述与疾病匹配度较高，但缺乏对猪群整体健康状况的详细评估，如死亡率、采食量变化等。",,,,,,,,,,False,,,,,88,28,18,23,20,pass,21.56,,
95fb9bd9-ed9b-5aee-b4be-bc8ce35f382b,153,猪胸膜肺炎,swine_hunyuan_turbos,hunyuan-turbos-20250926,成功,,猪,我家有200头保育猪，现在60日龄左右，最近几天天气忽冷忽热，加上圈舍通风不太好，氨气味挺重的。今天早上发现几头猪精神不好，呼吸急促，有的咳嗽，个别出现张口喘气的情况，体温也偏高。之前没用过什么药，这种情况是环境问题还是感染了？需要怎么处理？,结合临床表现（咳嗽、喘气、张口呼吸、发热）及饲养环境（通风不良、氨气浓度高），考虑存在猪胸膜肺炎放线杆菌感染的可能，同时存在环境应激因素加重呼吸道症状的风险。需排除其他呼吸道疾病如猪流感、支原体肺炎等混合感染。,立即改善圈舍通风，降低氨气浓度，减少温差刺激；对发病猪进行分群管理，提供清洁饮水和易消化饲料；采集鼻拭子或肺组织送实验室检测明确病原；在兽医指导下使用针对胸膜肺炎放线杆菌的敏感抗生素控制细菌感染，并配合支持疗法；严禁随意使用未经许可的药物，避免掩盖病情延误诊断。若怀疑为重大疫病，应按规定上报并配合隔离措施。,因涉及药物选择需依据检测结果确定，暂不明确具体休药期，须按所用药物说明书及法规要求执行。,"{""disease_name"": ""猪胸膜肺炎"", ""severity"": ""中等至严重"", ""scene_tags"": [""保育猪"", ""呼吸道症状"", ""环境应激"", ""氨气重"", ""温差大""], ""validation_points"": [""咳嗽、喘气、张口呼吸提示下呼吸道感染"", ""高热、精神沉郁符合细菌性肺炎特征"", ""通风不良与氨气刺激可诱发或加重症状""], ""risk_flags"": [""可能存在混合感染"", ""需排除重大动物疫病""], ""case_type"": ""呼吸道环境诱因"", ""target_disease"": ""猪胸膜肺炎"", ""local_flags"": {""species_ok"": true, ""target_disease_in_diagnosis"": true, ""target_disease_mismatch"": false, ""contains_specific_dose"": false, ""contains_specific_withdrawal"": false, ""regulated_bad_treatment"": false}}",False,False,,,True,False,False,D:\XF-ChongQin\ai-\knowledge\llm_wiki_swine_authoritative,1465,887,"猪胸膜肺炎
猪胸膜肺炎、actinobacillus pleuropneumoniae pleuropneumonia
呼吸道环境诱因
通风差、氨气重或温差大后出现咳嗽喘气，用户想区分环境应激和传染病。","{""HUMAN_REVIEWED"": 2, ""NEEDS_REVIEW"": 2}","[""A0-MOA-573"", ""RC-RESP-001"", ""SRC-0001"", ""SRC-0042"", ""SRC-0043"", ""SRC-0049"", ""SRC-0050"", ""SRC-0058"", ""SRC-0059"", ""SRC-0066"", ""SRC-0069"", ""SRC-0070"", ""SRC-0086""]",2221,25.48,ERNIE-4.5-Turbo-32K,88,28,18,23,20,False,True,"该测试数据整体质量较高，诊断准确性、病理逻辑、处方安全性和数据质量均表现良好，无明显致命风险。诊断考虑了环境因素和感染因素，处方合理且安全，数据详实。
问题：diagnosis_accuracy: 诊断中虽提及需排除其他呼吸道疾病，但未详细说明排除方法或依据，略显不足。；pathology_logic: 病理逻辑部分对环境因素与疾病关系的阐述较为充分，但对疾病本身的病理机制解释不够深入。；data_quality: 数据质量方面，虽然提供了详细的症状和环境描述，但缺乏具体的实验室检测数据支持诊断。",,,,,,,,,,False,,,,,88,28,18,23,20,pass,16.66,,
7885ed74-e8dd-585e-8189-7404d852db1c,154,猪大肠杆菌病,swine_hunyuan_turbos,hunyuan-turbos-20250926,成功,,猪,我们场有120头保育猪，平均体重25公斤左右，最近一周陆续出现拉稀，粪便稀薄带点黄色，部分猪精神稍差，采食量下降。之前用了恩诺沙星拌料三天，效果不明显，还有几头越拉越瘦。想问下这种情况还能继续喂药吗？要不要送样检查？,根据描述，保育猪群出现持续性腹泻、食欲下降及消瘦，结合使用过恩诺沙星效果不佳的情况，应考虑猪大肠杆菌病（Colibacillosis）的可能，尤其是ETEC型引起的腹泻。此外，还需排除其他病原如病毒性腹泻、球虫等混合感染。若怀疑为全身性感染（菌血症），应通过血培养确诊。,treatment_direction: 在兽医指导下调整抗菌药物方案，可考虑更换敏感抗生素并配合补液、电解质平衡管理；对严重脱水个体进行静脉补液。；management_measures: 改善圈舍卫生，减少应激因素，保证饮水清洁，分群饲养以减少交叉感染。；sampling_and_testing: 建议采集新鲜粪便样本送至实验室进行细菌分离培养和药敏试验，必要时采集血液做血培养以排查菌血症。；prohibited_boundaries: 禁止随意加大剂量或更换未经批准的兽药；严禁将病死猪流入市场；发现可疑重大疫病应立即上报主管部门。,具体停药期需依据所用药物说明书及检测结果确定，期间不得屠宰或出售猪肉。,"{""disease_name"": ""猪大肠杆菌病"", ""severity"": ""中等至重度（视脱水及继发感染情况而定）"", ""scene_tags"": [""保育猪"", ""腹泻"", ""抗菌药疗效不佳"", ""疑似菌血症""], ""validation_points"": [""症状符合大肠杆菌性腹泻特征"", ""抗菌药无效提示可能耐药或病原不同"", ""需实验室确诊以指导精准用药""], ""risk_flags"": [""潜在耐药菌流行风险"", ""脱水导致死亡风险"", ""需排除其他传染病""], ""case_type"": ""腹泻用药咨询"", ""target_disease"": ""猪大肠杆菌病"", ""local_flags"": {""species_ok"": true, ""target_disease_in_diagnosis"": true, ""target_disease_mismatch"": false, ""contains_specific_dose"": false, ""contains_specific_withdrawal"": false, ""regulated_bad_treatment"": false}}",False,False,,,True,False,False,D:\XF-ChongQin\ai-\knowledge\llm_wiki_swine_authoritative,1465,887,"猪大肠杆菌病
猪大肠杆菌病、colibacillosis、大肠杆菌、大肠杆菌性腹泻、E. coli
腹泻用药咨询
猪群腹泻后已用过常见抗菌药效果一般，用户询问是否继续用药以及是否需要送检。","{""HUMAN_REVI"": 1, ""HUMAN_REVIEWED"": 2, ""NEEDS_REVIEW"": 2}","[""SRC-0001"", ""SRC-0063"", ""SRC-0064""]",2221,26.13,ERNIE-4.5-Turbo-32K,85,28,18,23,16,False,True,"整体回答质量较高，诊断方向合理，考虑了耐药性和混合感染的可能性，治疗建议安全且符合疾病特点，但数据质量方面存在一定不足，如未明确提及具体药物选择和剂量。
问题：诊断部分虽然考虑了多种可能性，但未明确提及ETEC型大肠杆菌的典型症状（如水样腹泻、迅速脱水），病理逻辑稍显不足。；处方部分未明确提及更换的具体抗生素种类，仅提到“敏感抗生素”，缺乏具体指导性。；数据质量方面，未提供具体的药物剂量和休药期承诺，仅提到“依据说明书及检测结果确定”，略显笼统。",,,,,,,,,,False,,,,,85,28,18,23,16,pass,17.43,,
f61fc301-26a7-5bc8-8681-307875452df5,155,仔猪黄白痢,swine_hunyuan_turbos,hunyuan-turbos-20250926,成功,,猪,我家有120头母猪，最近刚产仔的这批小猪10日龄左右开始拉黄色稀粪，有的带白色粘液，整窝都有，吃奶正常，精神还行，就是有点脱水。圈舍温度偏低，前几天阴雨潮湿。想问这是不是黄白痢？要不要马上打针还是先送样检查？,根据日龄（10日龄）及粪便性状（黄色稀粪伴白色粘液），结合整窝发病、环境温度低等诱因，高度怀疑为仔猪黄白痢（由致病性大肠杆菌引起）。需排除传染性胃肠炎、轮状病毒等其他病因。,treatment_direction: 立即改善保温与干燥条件，补充电解质溶液防脱水；对严重脱水个体可考虑腹腔补液；使用针对大肠杆菌敏感的抗生素（如氟苯尼考类或恩诺沙星类）进行对症治疗，并配合益生菌调节肠道菌群。；management_measures: 加强产房保温，保持地面干燥清洁，及时清除湿垫料；减少应激因素；确保初乳摄入充足。；sampling_for_testing: 采集新鲜腹泻粪便样本，送实验室做细菌分离培养鉴定、PCR检测大肠杆菌毒力基因，必要时同时检测轮状病毒、传染性胃肠炎病毒等。；contraindications: 禁止随意更换多种抗生素以防耐药；禁止使用禁药或超范围药物；若检出法定重大疫病（如非洲猪瘟、口蹄疫等），须立即隔离封锁并上报主管部门。,具体休药期依据所用药物种类及说明书执行，停药至安全间隔后方可出售或屠宰。,"{""disease_name"": ""仔猪黄白痢"", ""severity"": ""中等"", ""scene_tags"": [""腹泻"", ""低温应激"", ""整窝发病"", ""初生仔猪""], ""validation_points"": [""日龄符合大肠杆菌易感期"", ""粪便性状与黄白痢一致"", ""环境因素支持发病""], ""risk_flags"": [""可能误诊其他病毒性腹泻"", ""环境管理不当易复发""], ""case_type"": ""腹泻采样送检"", ""target_disease"": ""仔猪黄白痢"", ""local_flags"": {""species_ok"": true, ""target_disease_in_diagnosis"": true, ""target_disease_mismatch"": false, ""contains_specific_dose"": false, ""contains_specific_withdrawal"": false, ""regulated_bad_treatment"": false}}",False,False,,,True,False,False,D:\XF-ChongQin\ai-\knowledge\llm_wiki_swine_authoritative,1465,887,"仔猪黄白痢
仔猪黄白痢、neonatal post weaning colibacillosis、黄白痢、大肠杆菌、仔猪大肠杆菌病
腹泻采样送检
用户描述粪便性状、日龄和病程，重点询问如何鉴别病毒性、细菌性或寄生虫性腹泻。","{""HUMAN_REVIEWED"": 1, ""NEEDS_REVIEW"": 4}","[""RC-DIARRHEA-001"", ""SRC-0001"", ""SRC-0052"", ""SRC-0062"", ""SRC-0063"", ""SRC-0064"", ""SRC-0071"", ""SRC-0072"", ""SRC-0073"", ""SRC-0077"", ""SRC-0081""]",2148,28.41,ERNIE-4.5-Turbo-32K,88,28,18,23,20,False,True,"该回答整体表现良好，诊断准确性较高，症状与疾病匹配合理，诊断逻辑清晰，处理方向安全且与疾病相互印证。数据质量方面，信息完整且无明显错误。
问题：diagnosis_accuracy: 诊断准确性较高，但未完全排除其他病毒性腹泻的可能性，如传染性胃肠炎、轮状病毒等，仅提及需排除，未详细说明鉴别方法。；pathology_logic: 病理逻辑基本合理，但未深入解释环境因素（如低温、潮湿）如何具体影响仔猪黄白痢的发病机制。；prescription_safety: 处方安全，但未明确说明抗生素的具体使用剂量和疗程，仅提及药物种类。；data_quality: 数据质量良好，但风险标志中提到的'可能误诊其他病毒性腹泻'和'环境管理不当易复发'未在回答中充分展开讨论或提供具体预防措施。",,,,,,,,,,False,,,,,88,28,18,23,20,pass,20.11,,
9b47846d-45c5-5b01-8b5d-784c776f2661,156,猪丹毒,swine_hunyuan_turbos,hunyuan-turbos-20250926,成功,,猪,我家有120头80公斤左右的育肥猪，这几天有几头陆续出现精神沉郁、体温升高到41℃左右，皮肤上有淡红色到紫色的菱形斑块，有的还有关节肿、跛行的情况，已经持续三四天了，圈舍通风一般，之前用过阿莫西林饮水，效果不明显。现在快到出栏时间了，这种情况还能治吗？会不会影响卖猪？,根据描述，结合皮肤菱形红斑、高热、关节肿胀等症状，高度怀疑为急性败血型猪丹毒。该病由革兰氏阳性杆菌引起，可通过血液传播，易在应激条件下暴发。需要与A. suis败血症、沙门氏菌感染、链球菌病等作实验室鉴别。,treatment_direction: 立即隔离病猪，减少混群应激；对全群进行敏感抗生素支持性治疗（如青霉素类或四环素类），配合解热镇痛措施；改善圈舍通风与卫生条件，降低密度。；management_measures: 加强饲养管理，保证清洁饮水与饲料营养；病死猪无害化处理，防止病原扩散；密切监测同栏其他猪只健康状态。；sampling_and_testing: 采集病猪血液、皮肤病变组织及关节液送实验室做细菌分离培养与PCR鉴定，必要时做血清学检测以排除其他相似疾病。；prohibited_boundaries: 严禁使用未经批准的违禁药物；禁止将可疑病猪与健康猪混养或直接出售；发现疫情应按规定向当地畜牧兽医部门报告。,因临近出栏且使用了抗生素治疗，需依据所用药物种类及国家相关规定执行相应休药期，确保猪肉安全后方可上市销售。建议暂停出栏计划直至检测结果和休药期明确。,"{""disease_name"": ""猪丹毒"", ""severity"": ""高"", ""scene_tags"": [""育肥猪"", ""高热"", ""菱形皮肤病变"", ""关节肿胀"", ""临近出栏""], ""validation_points"": [""临床表现符合急性败血型猪丹毒特征"", ""需与A. suis败血症等多病原鉴别"", ""治疗与管理措施需兼顾控制传播和保障食品安全""], ""risk_flags"": [""重大动物疫病风险"", ""人畜共患病无直接风险"", ""存在跨区域传播隐患""], ""case_type"": ""上市休药期咨询"", ""target_disease"": ""猪丹毒"", ""local_flags"": {""species_ok"": true, ""target_disease_in_diagnosis"": true, ""target_disease_mismatch"": false, ""contains_specific_dose"": false, ""contains_specific_withdrawal"": false, ""regulated_bad_treatment"": false}}",False,False,,,True,False,False,D:\XF-ChongQin\ai-\knowledge\llm_wiki_swine_authoritative,1465,887,"猪丹毒
猪丹毒、erysipelas
上市休药期咨询
用户接近出栏，关心治疗方向和用药后能否出栏销售。","{""HUMAN_REVIEWED"": 4}","[""SRC-0001"", ""SRC-0058"", ""SRC-0065""]",2221,28.7,ERNIE-4.5-Turbo-32K,88,28,18,23,20,False,True,"该回答对猪丹毒的诊断准确，症状描述与疾病特征匹配，鉴别诊断考虑全面。治疗与管理措施兼顾了疾病控制与食品安全，休药期建议合理。数据质量较高，信息完整且逻辑清晰。
问题：诊断准确性方面，虽提及鉴别诊断但未详细说明实验室鉴别方法的具体选择依据。；病理逻辑方面，对疾病传播途径和应激条件暴发的描述稍显笼统，缺乏具体案例或数据支持。；处方安全方面，未明确列出具体抗生素种类及剂量范围，仅提及药物类别。；数据质量方面，风险标签中‘人畜共患病无直接风险’的表述可能引发误解，猪丹毒虽非典型人畜共患病，但仍有潜在风险需谨慎说明。",,,,,,,,,,False,,,,,88,28,18,23,20,pass,20.17,,
405814f5-06f1-519b-a90d-0006c0d08d3a,157,猪支原体肺炎,swine_hunyuan_turbos,hunyuan-turbos-20250926,成功,,猪,我家有200头70日龄左右的保育猪，最近一周陆续有几头开始干咳、呼吸急促，有的还发烧到40℃，吃料明显减少，圈舍通风一般，之前用过阿莫西林拌料几天效果不明显，现在担心会不会传染全群，需要全群用药吗？,根据描述，该群猪表现为慢性干咳、喘气、发热及采食下降，结合年龄和环境因素，高度怀疑为猪支原体肺炎（由M. hyopneumoniae引起）。该病常呈慢性经过，易在保育至育肥阶段流行，且可与其他病毒（如PRRSV、PCV2）协同加重肺部损伤。需通过实验室PCR或血清学检测确诊。,treatment_direction: 针对疑似猪支原体肺炎，可使用对支原体有效的抗生素（如泰妙菌素、替米考星等），并结合对症支持治疗改善采食与环境条件。；management_measures: 提高圈舍温度与通风质量，减少氨气浓度；分群饲养，将明显症状猪与健康猪隔离；保证饮水充足，适当添加电解质或维生素以提高抵抗力。；sampling_and_testing: 采集鼻腔拭子或肺组织送实验室进行支原体PCR检测，必要时配合血清学抗体检测，以明确病原并排除其他混合感染。；prohibited_boundaries: 严禁使用未经批准的兽药或超范围用药；若检测结果提示存在重大传染病（如非洲猪瘟、口蹄疫等），应立即按国家法规上报并执行隔离、扑杀等措施，不得自行处理。,具体休药期需依据所用药物说明书及国家规定执行，建议停药后按规定时间再出栏或屠宰。,"{""disease_name"": ""猪支原体肺炎"", ""severity"": ""中等偏上（慢性传播，可导致生长迟缓和经济损失）"", ""scene_tags"": [""保育猪"", ""群体咳嗽"", ""呼吸困难"", ""采食下降"", ""慢性呼吸道病""], ""validation_points"": [""症状符合M. hyopneumoniae引起的慢性干咳和喘气特征"", ""多发于保育至育肥阶段，与用户描述的日龄相符"", ""环境因素（通风不良）可加重病情并促进传播""], ""risk_flags"": [""可能与其他呼吸道病毒混合感染"", ""延误治疗可能导致全群扩散""], ""case_type"": ""呼吸道群体发病"", ""target_disease"": ""猪支原体肺炎"", ""local_flags"": {""species_ok"": true, ""target_disease_in_diagnosis"": true, ""target_disease_mismatch"": false, ""contains_specific_dose"": false, ""contains_specific_withdrawal"": false, ""regulated_bad_treatment"": false}}",False,False,,,True,False,False,D:\XF-ChongQin\ai-\knowledge\llm_wiki_swine_authoritative,1465,887,"猪支原体肺炎
猪支原体肺炎、mycoplasmosis enzootic pneumonia
呼吸道群体发病
同栏出现咳嗽、喘气、发热、采食下降，用户想判断病因和是否需要全群用药。","{""HUMAN_REVIEWED"": 2, ""NEEDS_REVIEW"": 2}","[""SRC-0001"", ""SRC-0006"", ""SRC-0026"", ""SRC-0069""]",2221,30.68,ERNIE-4.5-Turbo-32K,88,28,18,23,20,False,True,"整体回答质量较高，诊断准确性、病理逻辑、处方安全性和数据质量均表现良好，无明显致命风险。诊断准确描述了猪支原体肺炎的典型症状和流行特点，处方安全且合理，数据质量较高，符合测试数据有效性要求。
问题：诊断准确性方面，虽然描述了典型症状和流行特点，但未明确提及实验室检测的重要性，仅在处方部分提及，略显不足。；病理逻辑方面，对混合感染的风险描述较为笼统，未具体说明可能混合感染的病毒种类及其影响。；数据质量方面，场景标签和验证点较为全面，但风险标志部分可进一步细化，提供更具体的风险防控建议。",,,,,,,,,,False,,,,,88,28,18,23,20,pass,21.05,,
6815c8d9-1fd7-5713-a533-0d6bc3cceea8,158,猪沙门氏菌病,swine_hunyuan_turbos,hunyuan-turbos-20250926,成功,,猪,我家有200头60公斤左右的育肥猪，最近10天陆续出现拉稀、精神沉郁、采食量下降的情况，粪便黄绿色带黏液，部分猪体温偏高到40℃左右。之前用了恩诺沙星拌料7天，腹泻有所减轻但没完全停，现在还有零星发病。圈舍通风一般，密度偏大，近期换过一次饲料批次。请问还能继续用原来的药吗？还是该换药？,根据描述，育肥猪在应激（换料、密度大）背景下出现腹泻、发热、精神差等症状，符合猪沙门氏菌病肠炎型或败血型的可能表现。该病常在集约化饲养条件下发生，与混群、运输、饲料变化等应激因素密切相关。需通过实验室分离培养及生化鉴定确诊。,建议立即采集新鲜粪便及血液样本送实验室进行病原学检测，明确是否为沙门氏菌感染及其血清型。在未获得药敏结果前，不宜盲目更换或继续使用原有抗菌药物，以免延误治疗并增加耐药性风险。管理措施包括降低饲养密度、改善通风、减少应激、保证饮水清洁。对病死猪应无害化处理，防止病原扩散。若确诊为沙门氏菌感染且涉及公共卫生风险，应按当地规定执行隔离、消毒和监测措施。,因未确定具体药物种类及药敏情况，无法给出确切休药期。应在兽医指导下，依据所用药物说明书及检测结果确定安全休药期后方可出栏。,"{""disease_name"": ""猪沙门氏菌病"", ""severity"": ""中等至严重（视感染范围及继发症而定）"", ""scene_tags"": [""育肥猪"", ""集约化饲养"", ""应激诱发"", ""腹泻"", ""发热""], ""validation_points"": [""症状与沙门氏菌肠炎型/败血型相符"", ""存在可能的应激诱因（换料、密度高）"", ""需实验室确诊以避免误诊""], ""risk_flags"": [""可能具有传染性，需控制接触传播"", ""抗菌药物使用需基于药敏结果，避免滥用"", ""病死猪处理不当可能造成环境污染""], ""case_type"": ""育肥猪用药咨询"", ""target_disease"": ""猪沙门氏菌病"", ""local_flags"": {""species_ok"": true, ""target_disease_in_diagnosis"": true, ""target_disease_mismatch"": false, ""contains_specific_dose"": false, ""contains_specific_withdrawal"": false, ""regulated_bad_treatment"": false}}",False,False,,,True,False,False,D:\XF-ChongQin\ai-\knowledge\llm_wiki_swine_authoritative,1465,887,"猪沙门氏菌病
猪沙门氏菌病、salmonellosis
育肥猪用药咨询
育肥猪出现典型症状，用户已经用过常见药物但效果一般，询问是否继续用药。","{""HUMAN_REVIEWED"": 3, ""NEEDS_REVIEW"": 2}","[""SRC-0001"", ""SRC-0073""]",2192,28.89,ERNIE-4.5-Turbo-32K,82,28,18,20,16,False,True,"该回答整体上对猪沙门氏菌病的诊断、处理方向和安全措施有较好的把握，诊断准确性较高，病理逻辑合理，处方安全且符合疾病特点，数据质量基本满足要求，无明显致命风险。
问题：诊断部分虽然提到实验室确诊的必要性，但未明确说明其他可能的鉴别诊断，病理逻辑稍显不足。；数据质量方面，对症状的描述和场景标签的覆盖度可以更详细，以提升测试数据的全面性。；处理建议中未明确提及替代药物的选择原则，仅强调避免盲目用药，略显保守。",,,,,,,,,,False,,,,,82,28,18,20,16,pass,19.41,,
d429a47b-87d6-577f-b2a7-3cae714ae72f,159,猪链球菌病,swine_hunyuan_turbos,hunyuan-turbos-20250926,成功,,猪,我家是200头基础母猪的种猪场，最近有3头怀孕90多天的母猪陆续流产，还有两头公猪精神差、采精量下降明显，部分母猪返情率也高了。圈舍通风一般，近期没换饲料，也没打过疫苗。这种情况会不会是传染病？还能继续配种吗？,根据描述，存在妊娠母猪流产、死胎及公猪繁殖性能下降的情况，结合猪链球菌病的流行病学特点，应考虑猪链球菌感染可能，尤其是S. suis可通过血液途径引起败血症并波及生殖系统，导致流产、死胎及公猪精液质量下降。同时应排除布鲁氏菌病、PCV2宫内感染等其它繁殖障碍病因。,treatment_direction: 立即隔离发病母猪和表现异常的公猪，停止配种计划，防止病原扩散；采集流产胎儿、胎盘组织及公猪精液送实验室进行细菌培养、PCR检测和药敏试验，明确病原种类及耐药性。；management_measures: 加强产房和公猪舍消毒，改善通风与卫生条件；减少应激因素；对全场猪群进行健康巡查，记录体温、食欲和精神状态。；sampling_and_testing: 送检材料包括流产胎儿、胎盘、脐带血、公猪精液及血液样本，检测项目应包括猪链球菌、布鲁氏菌、PCV2等常见繁殖障碍病原。；prohibited_actions: 在未明确诊断前，禁止将疑似病猪调入健康群或进行人工授精；禁止使用未经药敏指导的抗生素；禁止随意出售或转运种猪。,因未确定病原及治疗方案，暂停所有配种活动直至检测结果明确并采取相应防控措施。,"{""disease_name"": ""猪链球菌病"", ""severity"": ""中等至严重"", ""scene_tags"": [""种猪场"", ""繁殖障碍"", ""流产"", ""公猪繁殖性能下降""], ""validation_points"": [""猪链球菌可通过败血症波及生殖系统引发流产和死胎"", ""公猪感染可导致精液质量下降和行为异常"", ""需通过病原分离和分子检测确诊""], ""risk_flags"": [""潜在人兽共患风险（皮肤伤口接触）"", ""场内水平传播风险高"", ""可能影响全群繁殖效率""], ""case_type"": ""种猪繁殖障碍"", ""target_disease"": ""猪链球菌病"", ""local_flags"": {""species_ok"": true, ""target_disease_in_diagnosis"": true, ""target_disease_mismatch"": false, ""contains_specific_dose"": false, ""contains_specific_withdrawal"": false, ""regulated_bad_treatment"": false}}",False,False,,,True,False,False,D:\XF-ChongQin\ai-\knowledge\llm_wiki_swine_authoritative,1465,887,"猪链球菌病
猪链球菌病、streptococcosis streptococcus suis
种猪繁殖障碍
种猪场出现流产、死胎、返情或公猪异常，用户担心传染病和是否继续配种。","{""HUMAN_REVIEWED"": 3, ""NEEDS_REVIEW"": 2}","[""SRC-0001"", ""SRC-0014"", ""SRC-0025"", ""SRC-0035"", ""SRC-0075"", ""SRC-0076""]",2118,33.13,ERNIE-4.5-Turbo-32K,82,27,18,23,14,False,True,"整体回答较为全面，诊断方向合理，考虑了猪链球菌病的流行病学特点及繁殖障碍表现，并建议排除其他病因。处理方向安全，强调了隔离、检测和防控措施，避免了病原扩散风险。但数据质量方面存在不足，如未明确提及人兽共患风险的防控措施，且部分建议缺乏具体操作细节。
问题：诊断准确性方面：虽考虑了猪链球菌病，但对布鲁氏菌病、PCV2等排除病因的描述较简略，缺乏具体鉴别诊断依据。；病理逻辑方面：对猪链球菌病通过败血症波及生殖系统的机制描述不够深入，未充分解释公猪精液质量下降的具体病理过程。；处方安全性方面：虽强调了禁止未经药敏指导使用抗生素，但未提及具体抗生素选择原则或替代治疗方案。；数据质量方面：未明确提及人兽共患风险的防控措施（如皮肤伤口防护），且采样和检测建议缺乏具体操作细节（如采样部位、检测方法）。",,,,,,,,,,False,,,,,82,27,18,23,14,pass,22.74,,
a5299a88-5659-5212-9b27-17bce3e1fd36,160,猪痢疾,swine_hunyuan_turbos,hunyuan-turbos-20250926,成功,,猪,我场有300多头60公斤左右的育肥猪，分两栋圈养，最近一周内第二栋陆续出现拉稀带血、粪便稀薄带黏液的情况，有的猪精神差、采食下降，体温正常偏高，圈舍湿度大、地面常有积水，之前用过恩诺沙星拌料三天效果不明显。想问能不能先当普通肠炎处理看看？,根据描述，该批育肥猪在潮湿环境中出现血性腹泻、黏液便及采食下降，结合饲养密度和环境条件，高度怀疑为猪痢疾（Swine Dysentery），由强β溶血性Brachyspira属细菌（包括B. hyodysenteriae、B. hampsonii、B. suanatina等）引起。该病通过粪口途径传播，在湿粪中可长期存活，易在密集饲养条件下暴发。需通过实验室PCR或培养确认病原并排除其他出血性肠炎病因。,treatment_direction: 立即停喂高纤维饲料，改为易消化低蛋白日粮，减少肠道刺激；尽快采集新鲜粪便样本送实验室进行强β溶血Brachyspira PCR检测；若确诊且病情进展快，应在兽医指导下选用敏感抗菌药物（注意pleuromutilin类耐药率上升）；加强饮水卫生，防止交叉感染。；management_measures: 对发病栏实施全进全出管理，彻底清理积粪和污水，用有效消毒剂冲洗消毒；改善通风降低湿度；限制人员、工具跨栏流动；病死猪无害化处理。；sampling_and_testing: 从典型病例采集直肠拭子或新鲜粪便，冷藏保存送实验室做强β溶血Brachyspira PCR和培养鉴定；必要时剖检取结肠黏膜作病理学检查。；prohibited_boundaries: 严禁在未确诊前随意使用广谱抗生素掩盖症状；禁止将疑似重大疫病当作普通肠炎自行处理而延误上报；发现多栏快速扩散应立即向当地动物防疫部门报告，配合流行病学调查。,因涉及抗菌药物使用和食品安全，应依据所用药物标签规定及检测结果确定停药期，并在出栏前确保符合休药期要求。,"{""disease_name"": ""猪痢疾"", ""severity"": ""中等至严重（视传播速度及死亡率而定）"", ""scene_tags"": [""育肥猪"", ""群体暴发"", ""潮湿环境"", ""血便"", ""抗生素治疗无效""], ""validation_points"": [""症状与猪痢疾典型表现一致（血性腹泻、黏液便、采食下降）"", ""环境与传播途径吻合（湿粪、高密度饲养）"", ""前期用药无效提示可能耐药或非对症""], ""risk_flags"": [""存在快速跨栏传播风险"", ""可能涉及多重耐药Brachyspira菌株"", ""若未及时控制可能发展为全场流行""], ""case_type"": ""暴发与处置边界"", ""target_disease"": ""猪痢疾"", ""local_flags"": {""species_ok"": true, ""target_disease_in_diagnosis"": true, ""target_disease_mismatch"": false, ""contains_specific_dose"": false, ""contains_specific_withdrawal"": false, ""regulated_bad_treatment"": false}}",False,False,,,True,False,False,D:\XF-ChongQin\ai-\knowledge\llm_wiki_swine_authoritative,1465,887,"猪痢疾
猪痢疾、swine dysentery brachyspira hyodysenteriae、swine dysentery、Brachyspira
暴发与处置边界
同栏或多栋猪舍短期内发病增多，用户询问是否能先按普通病治疗观察。","{""HUMAN_REVIEWED"": 3}","[""SRC-0077""]",2220,27.91,ERNIE-4.5-Turbo-32K,88,28,18,23,20,False,True,"该回答对猪痢疾的诊断、处理方向及管理措施整体准确，符合疾病特征与场景需求，未发现致命风险，评分较高。
问题：diagnosis_accuracy: 诊断部分未明确提及体温正常偏高这一症状与猪痢疾的关联性，略显不足。；pathology_logic: 病理逻辑部分对传播途径和环境因素的关联性描述稍显简略，可进一步细化。；data_quality: 数据质量部分对用户查询中的具体细节（如恩诺沙星使用效果）的利用不够充分，可增强针对性。",,,,,,,,,,False,,,,,88,28,18,23,20,pass,16.81,,
834200cd-a171-5b7c-8c24-4018d2ff7f6f,161,猪疥螨病,swine_hunyuan_turbos,hunyuan-turbos-20250926,成功,,猪,我家有120头育肥猪，现在大概80公斤左右，已经养了快两个月了。最近发现部分猪身上有抓挠、掉毛、皮肤起痂，有些猪明显瘦得比同批的慢，采食量也下降。圈舍比较潮湿，之前没做过驱虫，想问问是不是疥螨引起的？,根据描述，考虑为猪疥螨病可能性大。该病在育肥猪常见，表现为剧烈瘙痒、皮肤结痂、脱毛及生长迟缓，圈舍潮湿、通风不良易诱发。由于皮肤刮片检查存在假阴性，应结合临床表现和群体病史综合判断。,treatment_direction: 使用经批准的体外驱虫药物进行全群驱虫，重点处理病灶部位，必要时重复给药以确保杀灭成虫和幼虫。；management_measures: 改善圈舍卫生条件，保持干燥通风，减少应激；对严重病例隔离饲养，防止继发感染。；sampling_and_testing: 采集典型病变部位的皮肤刮片送实验室镜检，寻找螨虫或虫卵；若结果阴性但临床高度怀疑，可按疥螨病处理并观察疗效。；contraindications_and_boundaries: 严禁在未确诊情况下随意使用禁限用药物；如怀疑其他传染病（如猪痘、葡萄球菌病等），应先排除或并行检测；重大疫情须按当地畜牧部门规定处置。,遵循所用驱虫药物的官方停药期建议，确保上市前药物残留符合标准。,"{""disease_name"": ""猪疥螨病"", ""severity"": ""中等"", ""scene_tags"": [""育肥猪"", ""群体发病"", ""皮肤瘙痒"", ""生长缓慢""], ""validation_points"": [""瘙痒、结痂、脱毛等典型皮肤病变"", ""群体性发生且与环境潮湿相关"", ""皮肤刮片可能假阴性，需结合临床""], ""risk_flags"": [""潜在传染性"", ""影响生产性能""], ""case_type"": ""寄生虫群体发病"", ""target_disease"": ""猪疥螨病"", ""local_flags"": {""species_ok"": true, ""target_disease_in_diagnosis"": true, ""target_disease_mismatch"": false, ""contains_specific_dose"": false, ""contains_specific_withdrawal"": false, ""regulated_bad_treatment"": false}}",False,False,,,True,False,False,D:\XF-ChongQin\ai-\knowledge\llm_wiki_swine_authoritative,1465,887,"猪疥螨病
猪疥螨病、external parasites mange
寄生虫群体发病
猪群出现腹泻、消瘦、皮肤瘙痒或生长慢，用户怀疑寄生虫。","{""HUMAN_REVIEWED"": 4}","[""SRC-0001"", ""SRC-0080""]",2221,30.21,ERNIE-4.5-Turbo-32K,88,28,18,23,20,False,True,"该回答整体表现良好，诊断准确性较高，症状与疾病匹配合理，诊断逻辑清晰，处理方向安全且与疾病相互印证。数据质量方面，虽然存在部分细节可优化，但不影响整体评估。未发现致命风险。
问题：diagnosis_accuracy: 诊断准确性较高，但未完全覆盖所有可能症状，如未明确提及腹泻与疥螨病的直接关联。；pathology_logic: 病理逻辑基本合理，但未详细解释皮肤刮片假阴性的原因及应对措施。；prescription_safety: 处方安全，但未具体说明驱虫药物的名称及剂量，可能影响实际操作。；data_quality: 数据质量良好，但场景标签中'皮肤瘙痒'与'生长缓慢'可进一步细化描述，以增强数据丰富性。",,,,,,,,,,False,,,,,88,28,18,23,20,pass,21.17,,
d6fb90ec-b851-525d-a5bb-cfc1f9c92d2e,162,猪球虫病,swine_hunyuan_turbos,hunyuan-turbos-20250926,成功,,猪,我家有120头25日龄左右的保育猪，这几天陆续出现拉稀，粪便是黄色水样带点酸臭味，部分猪精神差、采食下降。之前用了恩诺沙星和硫酸粘菌素拌料三天，腹泻没明显好转。圈舍温度偏低，地面潮湿。我想问下这种情况是不是球虫引起的？要不要继续用抗生素还是改喂别的药？另外需要送样去化验吗？,根据日龄、腹泻性状及抗生素治疗无效的情况，应考虑仔猪球虫病的可能，但需与大肠杆菌性腹泻、轮状病毒、传染性胃肠炎、产气荚膜梭菌C型及Strongyloides ransomi等鉴别。单纯粪便检出球虫卵囊不能作为确诊依据，应结合剖检肠道病变综合判断。,建议先改善饲养管理，保持圈舍干燥温暖，减少应激；可采集新鲜粪便样品进行显微镜检查并送实验室做病原学检测，必要时配合剖检观察小肠黏膜病变。若确诊为球虫感染，可在兽医指导下使用抗球虫药物，同时停用广谱抗生素以减少肠道菌群紊乱。严禁自行使用未经许可的人用或兽用药物。如怀疑重大传染病，应立即向当地动物防疫部门报告并按规定处置。,如使用抗球虫药物，须遵循产品说明书及国家相关规定，确保停药期后方可出栏或屠宰。,"{""disease_name"": ""猪球虫病"", ""severity"": ""中等"", ""scene_tags"": [""保育猪"", ""腹泻"", ""抗生素治疗无效"", ""潮湿低温环境""], ""validation_points"": [""结合日龄、腹泻特征与抗生素治疗反应考虑球虫可能"", ""强调需与多种腹泻病因鉴别"", ""指出卵囊检出不能单独确诊""], ""risk_flags"": [""需排除重大传染病"", ""需专业兽医诊断"", ""禁止擅自用药""], ""case_type"": ""腹泻用药咨询"", ""target_disease"": ""猪球虫病"", ""local_flags"": {""species_ok"": true, ""target_disease_in_diagnosis"": true, ""target_disease_mismatch"": false, ""contains_specific_dose"": false, ""contains_specific_withdrawal"": false, ""regulated_bad_treatment"": false}}",False,False,,,True,False,False,D:\XF-ChongQin\ai-\knowledge\llm_wiki_swine_authoritative,1465,887,"猪球虫病
猪球虫病、coccidia and other protozoa、球虫、球虫感染、coccidiosis、coccidia
腹泻用药咨询
猪群腹泻后已用过常见抗菌药效果一般，用户询问是否继续用药以及是否需要送检。","{""HUMAN_REVIEWED"": 2, ""NEEDS_REVIEW"": 2}","[""SRC-0001"", ""SRC-0081""]",2220,32.55,ERNIE-4.5-Turbo-32K,88,28,18,23,20,False,True,"该回答在诊断准确性、病理逻辑、处方安全性和数据质量方面表现良好，整体符合测试数据有效性要求。诊断考虑了日龄、腹泻特征及抗生素治疗无效的情况，合理怀疑球虫病并建议鉴别诊断。处方强调改善饲养管理、送检确诊及合理用药，符合安全原则。数据质量较高，信息完整且风险标识明确。
问题：diagnosis_accuracy: 诊断准确性得分稍低，主要因未明确提及球虫病的典型病理变化（如小肠黏膜出血性炎症）作为支持依据，仅依赖日龄和抗生素无效稍显不足。；pathology_logic: 病理逻辑得分中等，鉴别诊断列表较全面，但未进一步说明各疾病的特征性差异（如轮状病毒腹泻多见于更小日龄猪、传染性胃肠炎呕吐明显等），逻辑严密性可提升。；data_quality: 数据质量得分受限于未明确提及球虫病的流行病学特点（如潮湿环境易发）与用户场景（地面潮湿）的直接关联，信息整合度稍弱。",,,,,,,,,,False,,,,,88,28,18,23,20,pass,24.58,,
e113ee88-c5f1-5066-8130-ac0d55e6e6ec,163,猪霉菌毒素中毒,swine_hunyuan_turbos,hunyuan-turbos-20250926,成功,,猪,我家有200头育肥猪，平均体重在80公斤左右，最近换了新一批玉米做饲料，大概用了五六天吧，就发现不少猪不爱吃料了，有的还吐，有几头母猪出现流产迹象，个别猪走路有点晃。请问是不是饲料有问题？该怎么处理？,根据描述，结合近期更换饲料后出现的采食下降、呕吐、流产及运动障碍等症状，高度怀疑为猪霉菌毒素中毒。该病由摄入被产毒真菌污染的饲料引起，常见毒素包括黄曲霉毒素、呕吐毒素、玉米赤霉烯酮等，可导致消化系统、生殖系统和神经系统损伤。,treatment_direction: 立即停喂可疑饲料，改用清洁无霉变的全价配合饲料；提供充足清洁饮水，添加适量电解质和维生素C以增强抵抗力；对症状明显的个体进行对症治疗，如止吐、补液、保肝护肾等措施。；management_measures: 清理并封存剩余可疑饲料，防止继续饲喂；加强圈舍通风，保持干燥卫生；检查饲料原料储存条件，避免潮湿发霉；观察其他猪群健康状况，及时隔离异常个体。；sampling_and_testing: 采集剩余饲料样品送实验室检测霉菌毒素含量，明确污染种类和水平；必要时采集病死猪组织样本进行病理学检查，辅助确诊。；prohibited_boundaries: 严禁将可疑饲料转售或用于其他畜禽；禁止自行使用未经批准的脱毒剂或解毒药物；若检出高毒性或国家管控的毒素，应按规定向当地畜牧兽医部门报告。,因属中毒事件而非药物残留，不涉及常规休药期概念；但在毒素清除前不得屠宰上市，需待检测结果合格并经主管部门确认后方可恢复销售。,"{""disease_name"": ""猪霉菌毒素中毒"", ""severity"": ""中等至严重（视毒素种类与摄入量而定）"", ""scene_tags"": [""饲料更换"", ""群体发病"", ""多系统症状""], ""validation_points"": [""症状与霉菌毒素中毒典型表现一致"", ""有明确饲料更换史作为诱因"", ""排除其他传染病因素""], ""risk_flags"": [""可能涉及法定监管毒素"", ""存在人畜食品安全隐患""], ""case_type"": ""饲料中毒咨询"", ""target_disease"": ""猪霉菌毒素中毒"", ""local_flags"": {""species_ok"": true, ""target_disease_in_diagnosis"": true, ""target_disease_mismatch"": false, ""contains_specific_dose"": false, ""contains_specific_withdrawal"": false, ""regulated_bad_treatment"": false}}",False,False,,,True,False,False,D:\XF-ChongQin\ai-\knowledge\llm_wiki_swine_authoritative,1465,887,"猪霉菌毒素中毒
猪霉菌毒素中毒、mycotoxins in grains and feeds
饲料中毒咨询
更换饲料或玉米批次后出现采食下降、呕吐、繁殖异常或神经症状，用户怀疑饲料问题。","{""NEEDS_REVIEW"": 2, ""PROCESSED_SOURCE_ANCHORED"": 2}","[""SRC-0001"", ""SRC-0085""]",2220,31.99,ERNIE-4.5-Turbo-32K,92,28,19,24,21,False,True,"该回答整体表现良好，诊断准确，逻辑清晰，处理方向安全，数据质量较高。诊断依据充分，结合了症状和饲料更换史，排除了其他传染病因素。处理建议全面，包括停喂可疑饲料、对症治疗、管理措施和采样检测等。数据质量方面，症状描述详细，场景标签和验证点明确，风险标识合理。
问题：diagnosis_accuracy: 诊断准确度较高，但未明确提及所有可能涉及的霉菌毒素种类，如黄曲霉毒素、呕吐毒素、玉米赤霉烯酮等，尽管在描述中有所涉及，但未全面列举。；pathology_logic: 病理逻辑清晰，但未详细解释每种毒素对猪体的具体影响机制，如消化系统、生殖系统和神经系统的损伤过程。；prescription_safety: 处理建议安全，但未提及具体对症治疗药物的名称和剂量，仅提供了治疗方向。；data_quality: 数据质量较高，但风险标识中提到的“可能涉及法定监管毒素”和“存在人畜食品安全隐患”未进一步说明具体风险和应对措施。",,,,,,,,,,False,,,,,92,28,19,24,21,pass,22.99,,
5d3c0421-d990-5c69-811e-0033f8f8ff92,164,猪布鲁氏菌病,swine_hunyuan_turbos,hunyuan-turbos-20250926,成功,,猪,我家有60头母猪和8头公猪，最近两个月陆续发现几头怀孕母猪流产，还有一头公猪睾丸肿大，精神食欲都正常。之前没用过什么特别的药物，圈舍通风一般，想问这种情况是不是要停配种？需要送哪些样品去检查？,结合母猪流产、公猪睾丸肿大等繁殖障碍表现，应高度怀疑猪布鲁氏菌感染。该病可引起妊娠中断、死胎及公猪附睾炎、睾丸炎，并具人兽共患风险。,treatment_direction: 立即暂停所有配种和引种操作，防止病原扩散。对可疑个体进行隔离观察，减少人员接触。；management_measures: 加强圈舍卫生消毒，限制人员流动，工作人员佩戴防护用具。避免直接接触流产胎儿和分泌物。；sampling_and_testing: 采集流产胎儿组织、胎盘、公猪精液及血清样本，送具备资质的实验室进行布鲁氏菌分离培养和血清学检测。；prohibited_boundaries: 在未确诊前严禁出售、运输、屠宰或食用可疑动物及其产品；禁止将健康猪引入场内。,因属人兽共患风险病原体，无常规休药期概念，须依据检测结果和当地畜牧兽医部门指导执行后续措施。,"{""disease_name"": ""猪布鲁氏菌病"", ""severity"": ""高"", ""scene_tags"": [""繁殖障碍"", ""流产"", ""公猪睾丸炎"", ""人兽共患风险""], ""validation_points"": [""存在母猪流产与公猪睾丸肿大等典型繁殖障碍症状"", ""符合布鲁氏菌病的流行病学特征"", ""建议采取隔离、送检及暂停配种等措施""], ""risk_flags"": [""人兽共患风险"", ""重大动物疫病防控边界""], ""case_type"": ""繁殖障碍送检"", ""target_disease"": ""猪布鲁氏菌病"", ""local_flags"": {""species_ok"": true, ""target_disease_in_diagnosis"": false, ""target_disease_mismatch"": true, ""contains_specific_dose"": false, ""contains_specific_withdrawal"": false, ""regulated_bad_treatment"": false}}",True,True,target_disease_in_diagnosis,target_disease_in_diagnosis,False,True,True,D:\XF-ChongQin\ai-\knowledge\llm_wiki_swine_authoritative,1465,887,"猪布鲁氏菌病
猪布鲁氏菌病、brucella suis brucellosis、布鲁氏菌病、Brucella suis
繁殖障碍送检
繁殖异常持续出现，用户询问该采哪些样品、是否需要暂停配种和引种。","{""HUMAN_REVIEWED"": 2, ""NEEDS_REVIEW"": 2}","[""SRC-0001"", ""SRC-0060"", ""SRC-0061""]",2221,25.58,ERNIE-4.5-Turbo-32K,92,28,18,24,22,False,False,"该回答整体表现优秀，诊断准确，逻辑清晰，处理方向安全，数据质量较高。诊断结合母猪流产和公猪睾丸肿大等繁殖障碍表现，高度怀疑猪布鲁氏菌感染，符合疾病特征。处理方向上，建议暂停配种和引种、隔离观察、加强卫生消毒等措施合理且安全。数据质量方面，症状描述、疾病特征、处理建议等均较为详细。
问题：diagnosis_accuracy: 诊断部分虽准确，但未完全覆盖所有可能的相关症状或鉴别诊断，可进一步提升全面性。；pathology_logic: 病理逻辑部分基本合理，但可增加对疾病传播途径和防控原理的简要说明，以增强逻辑性。；data_quality: 数据质量较高，但部分描述如'加强圈舍卫生消毒'可更具体，如消毒频率、消毒剂选择等。",,,,,,,,,,False,,,,,92,28,18,24,22,reject,17.34,,
7294631f-f592-5104-9db3-9edd9a648799,165,猪腺病毒感染,swine_hunyuan_turbos,hunyuan-turbos-20250926,成功,,猪,我家是200头基础母猪的种猪场，最近有3头怀孕80多天的母猪陆续流产，还有两头返情，一头公猪精液活力明显下降。之前没用过什么疫苗，场内通风一般，粪污清理不及时。想问问是不是传染病，还能不能继续配种？,根据描述，母猪在妊娠中期发生流产、返情及公猪精液质量下降，结合无疫苗接种史和较差的环境卫生条件，需重点排查病毒性繁殖障碍疾病，包括猪繁殖与呼吸综合征（PRRS）、猪细小病毒病、伪狂犬病、猪乙型脑炎等。猪腺病毒感染虽可存在于流产胎儿中，但通常为亚临床或轻症，较少引起明显繁殖障碍。因此，当前更可能是其他已知高致病性繁殖障碍病毒所致，而非单纯腺病毒感染。,treatment_direction: 立即暂停受影响母猪配种计划，对全场进行流行病学调查，采集流产胎儿、胎盘、血液等样本送有资质实验室检测，明确病原。加强圈舍清洁消毒，改善通风与粪污清除频率，降低环境病毒载量。；management_measures: 隔离发病母猪，防止交叉传播；对全群进行健康巡查，记录体温、采食、精神状态；优化饲养密度与通风条件。；sampling_and_testing: 采集流产胎儿组织、胎盘、母猪血清、公猪精液等样品，开展PCR检测PRRSV、细小病毒、伪狂犬病毒、乙脑病毒等，必要时加做腺病毒检测作为排除。；prohibited_boundaries: 在未明确病原前，禁止将场内母猪或公猪外调，也不得引入新种源；若检出法定重大疫病（如PRRS、伪狂犬等），须按当地畜牧兽医部门要求进行扑杀、无害化处理或封锁隔离。,因未使用药物，不涉及休药期问题；但在检测结果明确并按规定处置前，应暂停配种与销售。,"{""disease_name"": ""猪腺病毒感染"", ""severity"": ""低至中等（多为亚临床，偶见轻度繁殖障碍）"", ""scene_tags"": [""种猪场"", ""繁殖障碍"", ""流产"", ""返情"", ""公猪精液异常""], ""validation_points"": [""妊娠中期流产提示可能病毒性病因"", ""环境卫生差增加病毒传播风险"", ""腺病毒常与其他病原共存，非首要怀疑对象""], ""risk_flags"": [""存在重大动物疫病（PRRS、伪狂犬等）风险"", ""未经确诊前贸然继续配种可能扩大疫情"", ""需依法配合检疫与检测""], ""case_type"": ""种猪繁殖障碍"", ""target_disease"": ""猪腺病毒感染"", ""local_flags"": {""species_ok"": true, ""target_disease_in_diagnosis"": true, ""target_disease_mismatch"": false, ""contains_specific_dose"": false, ""contains_specific_withdrawal"": false, ""regulated_bad_treatment"": false}}",False,False,,,True,False,False,D:\XF-ChongQin\ai-\knowledge\llm_wiki_swine_authoritative,1465,887,"猪腺病毒感染
猪腺病毒感染、adenoviruses
种猪繁殖障碍
种猪场出现流产、死胎、返情或公猪异常，用户担心传染病和是否继续配种。","{""HUMAN_REVIEWED"": 2, ""NEEDS_REVIEW"": 2}","[""RC-REPRO-001"", ""SRC-0001"", ""SRC-0030"", ""SRC-0045"", ""SRC-0049"", ""SRC-0050"", ""SRC-0060"", ""SRC-0061"", ""SRC-0067"", ""SRC-0068"", ""SRC-0085""]",2221,37.62,ERNIE-4.5-Turbo-32K,65,20,15,15,15,False,False,"该回答在诊断准确性、病理逻辑、处方安全性和数据质量方面存在一定不足，整体得分65分，属于review级别。回答未充分聚焦目标疾病（猪腺病毒感染），且对其他高致病性繁殖障碍病毒的怀疑缺乏充分依据，导致诊断准确性较低。病理逻辑方面，对猪腺病毒感染的典型症状描述不足，且未充分解释其与其他疾病的鉴别要点。处方安全性方面，虽然建议了暂停配种和加强消毒等措施，但未针对猪腺病毒感染提出具体治疗方案。数据质量方面，回答中的信息较为全面，但部分内容与目标疾病关联性不强。
问题：诊断准确性不足：回答未充分聚焦目标疾病（猪腺病毒感染），且对其他高致病性繁殖障碍病毒的怀疑缺乏充分依据。；病理逻辑不清晰：对猪腺病毒感染的典型症状描述不足，且未充分解释其与其他疾病的鉴别要点。；处方安全性一般：虽然建议了暂停配种和加强消毒等措施，但未针对猪腺病毒感染提出具体治疗方案。；数据质量有待提升：回答中的信息较为全面，但部分内容与目标疾病关联性不强。",,,,,,,,,,False,,,,,65,20,15,15,15,review,26.9,,
16083685-f8d9-59c1-b32d-a9fd512b53ad,166,猪环曲病毒/托克特诺病毒感染,swine_hunyuan_turbos,hunyuan-turbos-20250926,成功,,猪,我家有200头育肥猪，平均体重70公斤左右，最近一周有两栋舍陆续出现精神沉郁、采食下降的情况，体温大多正常，个别略高到39℃，没有腹泻也没有呼吸道明显症状。之前用过恩诺沙星饮水三天，效果不明显。请问这种情况能不能先当普通病治着看？,根据描述，当前症状缺乏特异性，且猪环曲病毒（TTSuV）在健康猪群中亦可能检出，单独检出不能作为病因判定依据。建议结合实验室检测排除其他常见病毒性疾病（如圆环病毒2型、蓝耳病等），并排查细菌继发感染。,1. 立即采集病猪血液及鼻拭子送实验室进行PCR检测，明确是否存在TTSuV及其他病原混合感染；2. 加强饲养管理，减少应激，保证清洁饮水和饲料质量；3. 若怀疑细菌感染，可在兽医指导下选择广谱抗生素控制继发感染，避免滥用药物；4. 暂停使用未经确诊的药物方案，防止掩盖病情延误诊断；5. 若检测结果提示重大疫病或人兽共患病，应按规定上报并配合隔离、无害化处理等措施。,无具体休药期信息，需依据实际用药种类及兽医指导执行。,"{""disease_name"": ""猪环曲病毒/托克特诺病毒感染"", ""severity"": ""中等"", ""scene_tags"": [""育肥猪"", ""多栋舍同期发病"", ""非特异症状""], ""validation_points"": [""症状缺乏特异性，无法单凭临床表现确诊TTSuV"", ""TTSuV可在健康猪中检出，需结合实验室检测判断致病作用""], ""risk_flags"": [""需排除重大疫病"", ""禁止擅自作为普通病长期治疗""], ""case_type"": ""暴发与处置边界"", ""target_disease"": ""猪环曲病毒/托克特诺病毒感染"", ""local_flags"": {""species_ok"": true, ""target_disease_in_diagnosis"": true, ""target_disease_mismatch"": false, ""contains_specific_dose"": false, ""contains_specific_withdrawal"": false, ""regulated_bad_treatment"": false}}",False,False,,,True,False,False,D:\XF-ChongQin\ai-\knowledge\llm_wiki_swine_authoritative,1465,887,"猪环曲病毒/托克特诺病毒感染
猪环曲病毒/托克特诺病毒感染、anelloviruses torque teno sus viruses、TTSuV、Torque teno sus virus
暴发与处置边界
同栏或多栋猪舍短期内发病增多，用户询问是否能先按普通病治疗观察。","{""HUMAN_REVIEWED"": 3}","[""SRC-0001"", ""SRC-0083""]",2221,26.27,ERNIE-4.5-Turbo-32K,82,28,18,23,13,False,True,"整体回答符合猪环曲病毒/托克特诺病毒感染的处置原则，诊断逻辑合理，强调实验室检测的重要性，避免误诊。处方安全，注重饲养管理和实验室检测，未建议盲目用药。数据质量基本满足要求，但部分细节可优化。
问题：诊断准确性方面，虽然强调了实验室检测的重要性，但对症状与疾病关联性的分析可更深入。；病理逻辑方面，对TTSuV在健康猪群中的检出情况解释较简单，可进一步阐述其致病机制。；处方安全方面，未明确抗生素的选择原则，可能引发滥用风险。；数据质量方面，症状描述和疾病关联性分析可更详细，休药期信息缺失。",,,,,,,,,,False,,,,,82,28,18,23,13,pass,17.74,,
e197c82b-bdcb-5da0-bc46-5a3e59ccdcb0,167,猪星状病毒感染,swine_hunyuan_turbos,hunyuan-turbos-20250926,成功,,猪,我家有200头母猪，产房里刚出生7天左右的仔猪陆续出现拉稀，有的黄色水样，有的带白色奶瓣，整窝都有，个别精神差、吃奶少，体温正常，已经两天了。之前用过恩诺沙星拌料喂过一次，效果不明显。想问下这是啥原因？要不要做化验区分是病毒还是细菌引起的？,根据日龄（7日龄左右）及整窝发病、水样或乳糜样腹泻、部分精神食欲下降等特征，考虑病毒性腹泻可能性较大，如猪星状病毒、轮状病毒、冠状病毒等；也可能合并细菌感染（如大肠杆菌、产气荚膜梭菌）或寄生虫（如球虫）。目前尚无特异性致死表现，病程较短，符合多种病因重叠的腹泻模式。,treatment_direction: 对症支持治疗，防止继发感染，维持水电解质平衡，提高环境温度减少应激。；management_measures: 立即将腹泻严重仔猪隔离到保温箱，补充口服补液盐或葡萄糖盐水，保持圈舍干燥清洁，及时清除粪便，减少交叉污染。；sampling_and_testing: 采集腹泻粪便样品送实验室进行病毒学（PCR检测星状病毒、轮状病毒、冠状病毒等）、细菌培养及寄生虫卵检查，明确主要致病因子。；prohibited_actions: 禁止随意使用抗生素作为唯一手段，尤其在没有确诊前不可大剂量长期使用；发现高死亡率或急性出血性腹泻应立即上报当地动物防疫部门。,因无特定药物治疗方案，暂无统一休药期规定；若使用抗生素，须遵循药品说明书并在出栏前满足相应停药时间。,"{""disease_name"": ""猪星状病毒感染"", ""severity"": ""中等"", ""scene_tags"": [""腹泻"", ""仔猪"", ""整窝发病"", ""水样便"", ""初生仔猪""], ""validation_points"": [""按日龄和病程分层鉴别腹泻病因"", ""涵盖病毒、细菌、寄生虫等多重可能"", ""强调采样送检的重要性""], ""risk_flags"": [""潜在混合感染"", ""早期干预不足可能导致死亡增加""], ""case_type"": ""腹泻采样送检"", ""target_disease"": ""猪星状病毒感染"", ""local_flags"": {""species_ok"": true, ""target_disease_in_diagnosis"": true, ""target_disease_mismatch"": false, ""contains_specific_dose"": false, ""contains_specific_withdrawal"": false, ""regulated_bad_treatment"": false}}",False,False,,,True,False,False,D:\XF-ChongQin\ai-\knowledge\llm_wiki_swine_authoritative,1465,887,"猪星状病毒感染
猪星状病毒感染、astroviruses、astrovirus、猪星状病毒
腹泻采样送检
用户描述粪便性状、日龄和病程，重点询问如何鉴别病毒性、细菌性或寄生虫性腹泻。","{""HUMAN_REVIEWED"": 3, ""NEEDS_REVIEW"": 2}","[""RC-DIARRHEA-001"", ""SRC-0001"", ""SRC-0007"", ""SRC-0032"", ""SRC-0052"", ""SRC-0062"", ""SRC-0063"", ""SRC-0064"", ""SRC-0071"", ""SRC-0072"", ""SRC-0073"", ""SRC-0077"", ""SRC-0081""]",2189,25.69,ERNIE-4.5-Turbo-32K,88,28,18,23,20,False,True,"整体回答质量较高，诊断考虑全面，鉴别诊断合理，治疗方向安全，采样建议明确。但在病理逻辑的深度和部分数据质量上仍有提升空间。
问题：诊断部分虽然提及多种病毒，但对猪星状病毒的特征描述不够突出，与其他病毒性腹泻的鉴别点不够明确。；病理逻辑部分对病程发展和潜在混合感染的机制解释不够深入。；数据质量方面，场景标签和验证点覆盖较全，但风险标志的描述稍显笼统。",,,,,,,,,,False,,,,,88,28,18,23,20,pass,16.92,,
56377b05-d0b9-556c-8e40-838a9451f456,168,猪布尼亚病毒相关感染,swine_hunyuan_turbos,hunyuan-turbos-20250926,成功,,猪,我家有120头90公斤左右的育肥猪，已经养了快半年，最近发现个别猪精神沉郁、体温升高到40℃左右，有的还出现关节肿胀和跛行，持续一周多没好转。之前用过阿莫西林拌料三天，效果不明显。现在离计划出栏只剩十来天，这种情况还能治吗？会不会影响卖猪？,根据描述，结合当前信息，考虑可能为病毒性感染引起的发热及关节炎综合征，其中不排除猪布尼亚病毒相关感染的可能性，但该病在育肥猪多为隐性或轻微表现，且缺乏特异性确诊依据。需排除其他常见细菌性关节炎（如链球菌、丹毒杆菌）、支原体感染等。,建议立即隔离发病猪，减少应激，改善通风与卫生条件；采集血液、关节液等样本送实验室进行病原检测（包括布尼亚病毒及其他常见病原），以明确病因；在未确诊前避免使用未经许可的抗病毒药物；禁止使用对目标病原无效或可能延误诊断的药物；若确诊为重大动物疫病，应按规定向当地畜牧兽医部门报告并配合处置，不得擅自出售。,因病因未明且涉及潜在重大疫病风险，不建议在检测结果出来前出栏销售；任何用药均需按官方规定执行停药期后方可上市。,"{""disease_name"": ""猪布尼亚病毒相关感染"", ""severity"": ""中等至严重（视病原而定）"", ""scene_tags"": [""育肥猪"", ""发热"", ""关节炎"", ""临近出栏""], ""validation_points"": [""症状符合多种病原可能性，需实验室确诊"", ""育肥猪布尼亚病毒感染多为隐性或轻症"", ""不能随意使用抗病毒药物""], ""risk_flags"": [""可能涉及重大动物疫病，需要采样送检"", ""存在人畜共患病鉴别需求（虽非ASF）"", ""临近出栏期需严格遵循检疫与停药期规定""], ""case_type"": ""上市休药期咨询"", ""target_disease"": ""猪布尼亚病毒相关感染"", ""local_flags"": {""species_ok"": true, ""target_disease_in_diagnosis"": true, ""target_disease_mismatch"": false, ""contains_specific_dose"": false, ""contains_specific_withdrawal"": false, ""regulated_bad_treatment"": false}}",False,False,,,True,False,False,D:\XF-ChongQin\ai-\knowledge\llm_wiki_swine_authoritative,1465,887,"猪布尼亚病毒相关感染
猪布尼亚病毒相关感染、bunyaviruses akabane lumbo oya tahyna
上市休药期咨询
用户接近出栏，关心治疗方向和用药后能否出栏销售。","{""HUMAN_REVIEWED"": 2, ""NEEDS_REVIEW"": 2}","[""SRC-0001"", ""SRC-0033""]",2221,30.14,ERNIE-4.5-Turbo-32K,72,22,16,19,15,False,False,"该回答在诊断准确性、病理逻辑、处方安全性和数据质量方面表现中等，存在一些需要改进的地方。诊断考虑了多种可能性，但缺乏特异性确诊依据；病理逻辑基本合理，但未充分解释症状与疾病的关系；处方安全，但未提供具体治疗建议；数据质量一般，信息完整性和准确性有待提高。
问题：诊断准确性方面，虽然考虑了多种可能性，但缺乏特异性确诊依据，且未充分解释为何怀疑猪布尼亚病毒相关感染。；病理逻辑方面，基本合理但不够深入，未充分解释症状与疾病之间的具体联系。；处方安全性方面，虽然建议了隔离和送检，但未提供具体治疗建议，且未明确说明在等待检测结果期间应如何处理病猪。；数据质量方面，信息基本完整，但缺乏对症状严重程度的详细描述，且未提供病猪的具体数量或比例。",,,,,,,,,,False,,,,,72,22,16,19,15,review,22.12,,
6a95e40c-1a9c-5774-b72d-c4ea7d0ce608,169,猪杯状病毒感染,swine_hunyuan_turbos,hunyuan-turbos-20250926,成功,,猪,我家有120头保育猪，现在50日龄左右，最近三天陆续出现采食量下降、精神沉郁的情况，部分猪拉稀，个别咳嗽明显，舍内通风一般，温度波动大，之前用过恩诺沙星拌料两天没明显改善，想问下可能是什么病，该怎么处理？,根据描述，保育猪群在50日龄左右出现采食下降、腹泻及呼吸道症状，结合年龄和环境因素，考虑多种混合感染可能性较大，其中猪杯状病毒感染可作为潜在病毒性病因之一，同时需排查细菌性继发感染（如大肠杆菌、巴氏杆菌等）以及环境因素应激影响。,建议立即加强保温与通风管理，减少温差刺激；对病猪进行分群饲养，提供易消化的饲料与清洁饮水；可试用支持疗法改善食欲与免疫力，必要时采集新鲜粪便、鼻拭子送实验室检测明确病原；禁止使用未经许可的人用药物或超范围兽药；若怀疑重大疫病，应立即向当地畜牧兽医部门报告并按规定处置。,因未使用特定化学药物，无具体休药期要求；但若后续使用抗生素，须按药品说明书执行停药期，并在出栏前确保符合食品安全标准。,"{""disease_name"": ""猪杯状病毒感染"", ""severity"": ""中等"", ""scene_tags"": [""保育猪"", ""群体发病"", ""腹泻"", ""呼吸道症状"", ""环境应激""], ""validation_points"": [""保育猪阶段是多种病毒和细菌病的易感期"", ""杯状病毒属可导致腹泻及呼吸道症状"", ""环境应激可加重临床表现""], ""risk_flags"": [""需排除其他重要传染病"", ""存在混合感染风险""], ""case_type"": ""保育猪群体发病"", ""target_disease"": ""猪杯状病毒感染"", ""local_flags"": {""species_ok"": true, ""target_disease_in_diagnosis"": true, ""target_disease_mismatch"": false, ""contains_specific_dose"": false, ""contains_specific_withdrawal"": false, ""regulated_bad_treatment"": false}}",False,False,,,True,False,False,D:\XF-ChongQin\ai-\knowledge\llm_wiki_swine_authoritative,1465,887,"猪杯状病毒感染
猪杯状病毒感染、caliciviruses norovirus sapovirus vesicular exanthema virus
保育猪群体发病
群体发病、采食下降、粪便或呼吸道异常，用户想知道主要病因和下一步处理。","{""HUMAN_REVIEWED"": 1, ""NEEDS_REVIEW"": 4}","[""SRC-0001"", ""SRC-0034""]",2117,28.21,ERNIE-4.5-Turbo-32K,72,22,16,19,15,False,False,"该回答在诊断准确性、病理逻辑、处方安全性和数据质量方面表现中等，存在一定不足，需进一步优化。
问题：诊断准确性方面，虽然考虑了猪杯状病毒感染的可能性，但未充分排除其他重要传染病，如猪流行性腹泻病毒、猪传染性胃肠炎病毒等，这些疾病在保育猪阶段也常见且症状相似。；病理逻辑方面，对混合感染和环境应激的阐述较为笼统，未深入分析它们与猪杯状病毒感染之间的具体关联和相互影响。；处方安全性方面，建议的支持疗法和实验室检测是合理的，但未给出具体的支持疗法措施，如使用何种药物或营养补充剂来改善食欲和免疫力。；数据质量方面，对症状的描述和疾病的关联性分析不够深入，缺乏具体的临床数据或研究支持。",,,,,,,,,,False,,,,,72,22,16,19,15,review,20.51,,
06584820-77ea-5167-bb73-d589bbaea6c8,170,猪圆环病毒相关疾病,swine_hunyuan_turbos,hunyuan-turbos-20250926,成功,,猪,我家有120头90公斤左右的育肥猪，最近半个月陆续出现消瘦、呼吸加快、皮肤发白的情况，部分猪还伴有腹泻。之前用了替米考星和多西环素拌料一周，效果不明显，精神还是差，采食量下降明显。圈舍通风一般，密度偏高。想问这种情况还能继续用原来的药吗？,根据描述的症状（进行性消瘦、呼吸困难、贫血样表现、腹泻）及育肥阶段，结合用药史和饲养管理条件，考虑猪圆环病毒相关疾病（PCVAD）的可能性较大，需排除继发细菌感染及其他混合感染。建议通过实验室检测（如PCR检测PCV2核酸、血清学检测抗体水平）确诊。,treatment_direction: 目前尚无特效抗病毒药物，重点在于支持性治疗和改善饲养管理，减少应激，提高营养水平。对继发细菌感染可在兽医指导下选用敏感抗生素进行对症治疗。；management_measures: 降低饲养密度，加强通风换气，保持圈舍干燥清洁，减少冷热应激，合理分群饲养。保证饲料营养均衡，补充维生素和微量元素。；sampling_and_testing: 采集发病猪的血液、组织样本送实验室进行PCV2核酸检测及细菌分离鉴定，必要时做病理剖检以明确病变特征。；prohibited_boundaries: 禁止自行使用未经批准的兽药或超范围用药；在确诊前不应随意更换或加大抗生素用量；若怀疑重大疫病，应立即向当地动物防疫部门报告。,因未涉及具体药物处方，无法给出确切休药期，应依据所用药物说明书并在停药后按规定时间再出栏。,"{""disease_name"": ""猪圆环病毒相关疾病"", ""severity"": ""中等至严重（视继发感染情况而定）"", ""scene_tags"": [""育肥猪"", ""消瘦"", ""呼吸道症状"", ""腹泻"", ""高密度饲养""], ""validation_points"": [""症状符合PCVAD典型表现"", ""抗生素治疗无效提示非单纯细菌性病因"", ""饲养管理条件可能加重疾病进程""], ""risk_flags"": [""存在混合感染风险"", ""需警惕继发细菌感染"", ""需实验室确诊""], ""case_type"": ""育肥猪用药咨询"", ""target_disease"": ""猪圆环病毒相关疾病"", ""local_flags"": {""species_ok"": true, ""target_disease_in_diagnosis"": true, ""target_disease_mismatch"": false, ""contains_specific_dose"": false, ""contains_specific_withdrawal"": false, ""regulated_bad_treatment"": false}}",False,False,,,True,False,False,D:\XF-ChongQin\ai-\knowledge\llm_wiki_swine_authoritative,1465,887,"猪圆环病毒相关疾病
猪圆环病毒相关疾病、circoviruses pcvad
育肥猪用药咨询
育肥猪出现典型症状，用户已经用过常见药物但效果一般，询问是否继续用药。","{""HUMAN_REVIEWED"": 3, ""NEEDS_REVIEW"": 2}","[""A0-MOA-573"", ""SRC-0001"", ""SRC-0035""]",2160,28.81,ERNIE-4.5-Turbo-32K,82,27,18,22,15,False,True,"该回答在诊断准确性、病理逻辑、处方安全性和数据质量方面表现良好，整体符合测试数据有效性要求。诊断考虑了症状、用药史和饲养管理条件，提出了合理的实验室检测建议。处方方向安全，强调了支持性治疗和改善饲养管理，同时给出了明确的采样和检测建议。数据质量方面，虽然场景标签和验证点较为全面，但风险标志的描述可以更具体。
问题：诊断准确性方面，虽然考虑了猪圆环病毒相关疾病（PCVAD）的可能性，但未完全排除其他类似症状疾病的可能性，如猪繁殖与呼吸综合征（PRRS）等。；病理逻辑方面，对继发细菌感染的描述可以更详细，包括可能的病原菌种类和感染途径。；处方安全性方面，虽然强调了支持性治疗和改善饲养管理，但对具体抗生素的选择和使用时机可以给出更明确的建议。；数据质量方面，风险标志的描述较为笼统，可以增加具体的风险因素和应对措施。",,,,,,,,,,False,,,,,82,27,18,22,15,pass,19.77,,
7b3b95e6-7a2f-5860-8259-094911660a58,171,猪δ冠状病毒感染,swine_hunyuan_turbos,hunyuan-turbos-20250926,成功,,猪,我家有120头母猪，刚产下一批小猪，现在10日龄左右，最近两天有几窝出现拉黄色稀粪的情况，有的带点泡沫，吃奶正常，精神也还行，就是个别有点脱水。之前没用过什么药，圈舍温度这两天降了些，想问这是病毒性还是细菌性的？要不要做化验？,根据日龄、粪便性状及病程，需考虑病毒性（如猪δ冠状病毒、轮状病毒、TGE等）、细菌性（如大肠杆菌）以及寄生虫（如球虫）等多种可能。建议结合实验室检测（粪便PCR、电镜、细菌培养）进行鉴别诊断。,1. 立即改善保温措施，减少应激；2. 提供清洁饮水，防止脱水；3. 对严重脱水个体可口服补液盐；4. 采集新鲜粪便送实验室检测病毒核酸、细菌和寄生虫；5. 在未明确病因前避免使用广谱抗生素以防掩盖病情；6. 若检出高致病性病原（如非洲猪瘟），须立即上报并按重大动物疫病处置流程执行。,因未使用药物，无停药期要求；若后续使用兽药，应依据药品说明书及国家规定执行。,"{""disease_name"": ""猪δ冠状病毒感染"", ""severity"": ""中等"", ""scene_tags"": [""腹泻"", ""仔猪"", ""多窝发病"", ""黄色稀粪""], ""validation_points"": [""符合10日龄仔猪腹泻特征"", ""需区分病毒性与细菌性病因"", ""强调采样送检的重要性""], ""risk_flags"": [""需排除重大动物疫病"", ""需实验室确诊""], ""case_type"": ""腹泻采样送检"", ""target_disease"": ""猪δ冠状病毒感染"", ""local_flags"": {""species_ok"": true, ""target_disease_in_diagnosis"": false, ""target_disease_mismatch"": true, ""contains_specific_dose"": false, ""contains_specific_withdrawal"": false, ""regulated_bad_treatment"": false}}",True,True,target_disease_in_diagnosis,target_disease_in_diagnosis,False,True,True,D:\XF-ChongQin\ai-\knowledge\llm_wiki_swine_authoritative,1465,887,"猪δ冠状病毒感染
猪δ冠状病毒感染、porcine deltacoronavirus
腹泻采样送检
用户描述粪便性状、日龄和病程，重点询问如何鉴别病毒性、细菌性或寄生虫性腹泻。","{""HUMAN_REVIEWED"": 1, ""NEEDS_REVIEW"": 4}","[""A0-MOA-573"", ""RC-DIARRHEA-001"", ""SRC-0001"", ""SRC-0052"", ""SRC-0062"", ""SRC-0063"", ""SRC-0064"", ""SRC-0071"", ""SRC-0072"", ""SRC-0073"", ""SRC-0077"", ""SRC-0081""]",2035,25.68,ERNIE-4.5-Turbo-32K,82,27,18,24,13,False,False,"整体回答较为全面，诊断考虑了多种可能性，并建议实验室检测以鉴别诊断，处理方向安全合理，但数据质量方面略有不足，对疾病特征描述不够详细。
问题：诊断准确性方面，虽然考虑了多种可能性，但对猪δ冠状病毒感染的特征描述不够详细，缺乏针对性。；病理逻辑方面，对疾病发生机理的解释不够深入，仅简单列举了可能病因。；处方安全性方面整体合理，但未针对猪δ冠状病毒感染提出具体治疗措施。；数据质量方面，对用户描述的症状和场景利用不够充分，未充分结合疾病特征进行分析。",,,,,,,,,,False,,,,,82,27,18,24,13,reject,17.26,,
9f421099-ab97-5365-a1f6-96cb53647211,172,猪血凝性脑脊髓炎,swine_hunyuan_turbos,hunyuan-turbos-20250926,成功,,猪,我场有120头哺乳仔猪，刚出生5-7天，最近两天陆续出现精神沉郁、吃奶减少、有的还伴有呕吐和抽搐，同一栋舍里已经有七八头这样了，体温测着正常偏低，之前没用过什么药，这种情况能不能先用点抗生素看看？,根据描述，哺乳仔猪在出生后数天内出现精神沉郁、拒奶、呕吐及神经症状，符合猪血凝性脑脊髓炎的典型表现。该病由冠状病毒引起，多发于无母源抗体的新生仔猪，传播迅速，死亡率高。,立即隔离发病仔猪，防止交叉感染；对全群加强保温、通风管理，减少应激；采集病死猪脑组织、肺等组织送实验室确诊；不建议在未明确诊断前随意使用抗生素，以免掩盖病情并延误防控；若确诊为猪血凝性脑脊髓炎，目前无特效治疗药物，应以支持疗法为主，维持体温和营养供给，必要时补液；同时排查是否为重大动物疫病，如属法定疫病须按规定上报并配合扑杀、无害化处理等措施。,本病为病毒性传染病，无特效药物治疗，因此不存在常规休药期问题；如需使用任何药物，应依据兽医处方并在屠宰前遵守相应安全间隔期规定。,"{""disease_name"": ""猪血凝性脑脊髓炎"", ""severity"": ""高致死性"", ""scene_tags"": [""哺乳仔猪"", ""神经症状"", ""呕吐"", ""急性暴发""], ""validation_points"": [""新生仔猪短时间内集中发病"", ""典型神经症状和呕吐"", ""无母源抗体保护""], ""risk_flags"": [""可能为人畜共患病误判风险"", ""重大动物疫病上报边界""], ""case_type"": ""暴发与处置边界"", ""target_disease"": ""猪血凝性脑脊髓炎"", ""local_flags"": {""species_ok"": true, ""target_disease_in_diagnosis"": true, ""target_disease_mismatch"": false, ""contains_specific_dose"": false, ""contains_specific_withdrawal"": false, ""regulated_bad_treatment"": false}}",False,False,,,True,False,False,D:\XF-ChongQin\ai-\knowledge\llm_wiki_swine_authoritative,1465,887,"猪血凝性脑脊髓炎
猪血凝性脑脊髓炎、hemagglutinating encephalomyelitis virus
暴发与处置边界
同栏或多栋猪舍短期内发病增多，用户询问是否能先按普通病治疗观察。","{""HUMAN_REVIEWED"": 3, ""NEEDS_REVIEW"": 2}","[""SRC-0001"", ""SRC-0037"", ""SRC-0046"", ""SRC-0052""]",2099,24.15,ERNIE-4.5-Turbo-32K,88,28,18,23,20,False,True,"该回答对猪血凝性脑脊髓炎的诊断较为准确，症状描述与疾病特征相符，诊断逻辑合理。处理方向安全，未建议随意使用抗生素，强调了实验室确诊和上报的重要性。数据质量良好，包含了关键的症状、疾病特征和风险点。
问题：在病理逻辑方面，虽然提到了冠状病毒引起和多发于无母源抗体的新生仔猪，但未详细解释这些因素如何导致当前症状的出现，逻辑链条可进一步强化。数据质量方面，虽然包含了关键信息，但在症状与疾病匹配的详细解释上略显不足。",,,,,,,,,,False,,,,,88,28,18,23,20,pass,17.33,,
e7ad79df-6b32-5e09-a848-c6df6f65d3c1,173,猪呼吸道冠状病毒感染,swine_hunyuan_turbos,hunyuan-turbos-20250926,成功,,猪,我家有200头左右30日龄左右的保育猪，这几天陆续有几栏出现拉稀，呈水样，颜色偏黄绿，有的猪精神差、吃料少，个别脱水明显。圈舍通风一般，温度偏低，之前用过恩诺沙星拌料两天效果不明显。想问问这到底啥原因，该怎么处理？,根据描述，结合年龄、季节及临床表现，高度怀疑为猪呼吸道冠状病毒感染（PRCV）或其他病毒性腹泻病原混合感染。该病在保育阶段易发，常表现为急性水样腹泻、采食下降、脱水等，且抗生素治疗无效。需排除其他常见病毒如PEDV、TGEV、PDCoV等。,立即隔离病猪，加强保温与通风管理，减少应激；提供清洁温水防止脱水，可补充电解质；停止盲目使用抗生素，避免耐药；采集新鲜粪便样品送实验室进行病原学检测（PCR），明确病原后针对性防控；若确诊为PRCV且无特效抗病毒药物，应以支持疗法和环境控制为主，同时监测同群健康猪状况。,无特效药物情况下不涉及特定休药期；若后续使用兽药，须按标签说明执行并记录。,"{""disease_name"": ""猪呼吸道冠状病毒感染"", ""severity"": ""中等至严重（视感染率与继发感染情况）"", ""scene_tags"": [""保育猪"", ""病毒性腹泻"", ""水样便"", ""低温应激""], ""validation_points"": [""符合PRCV在保育阶段的流行病学特征"", ""临床表现与病毒性腹泻一致"", ""抗生素无效提示非细菌性主因""], ""risk_flags"": [""需实验室确诊以防误诊"", ""存在群体扩散风险""], ""case_type"": ""腹泻群体发病"", ""target_disease"": ""猪呼吸道冠状病毒感染"", ""local_flags"": {""species_ok"": true, ""target_disease_in_diagnosis"": true, ""target_disease_mismatch"": false, ""contains_specific_dose"": false, ""contains_specific_withdrawal"": false, ""regulated_bad_treatment"": false}}",False,False,,,True,False,False,D:\XF-ChongQin\ai-\knowledge\llm_wiki_swine_authoritative,1465,887,"猪呼吸道冠状病毒感染
猪呼吸道冠状病毒感染、porcine respiratory coronavirus
腹泻群体发病
同窝或同栏出现水样腹泻、脱水、采食下降，用户想知道主要病因和紧急处理。","{""HUMAN_REVIEWED"": 1, ""NEEDS_REVIEW"": 4}","[""A0-MOA-573"", ""SRC-0001""]",2027,25.9,ERNIE-4.5-Turbo-32K,82,27,18,23,14,False,True,"整体回答质量较高，诊断准确性、病理逻辑、处方安全性均表现良好，数据质量基本满足要求，无致命风险，符合通过标准。
问题：诊断准确性方面，虽然高度怀疑为猪呼吸道冠状病毒感染，但未完全排除其他病毒性腹泻病原混合感染的可能性，诊断表述略显保守。；病理逻辑方面，对疾病在保育阶段的流行病学特征及临床表现解释较为充分，但可进一步细化与其他病毒性腹泻的鉴别诊断逻辑。；处方安全性方面，提出的处理措施安全合理，但缺乏对具体电解质补充剂的选择建议。；数据质量方面，场景标签和验证点较为全面，但风险标志中仅提及需实验室确诊以防误诊和存在群体扩散风险，可增加更多潜在风险点的提示。",,,,,,,,,,False,,,,,82,27,18,23,14,pass,18.22,,
e353a908-6796-5af6-9394-8f14e7c8e2f2,174,猪托罗病毒感染,swine_hunyuan_turbos,hunyuan-turbos-20250926,成功,,猪,我家是200头左右的保育到育肥阶段的猪，最近有20多头出现拉稀，精神还行，采食量下降不多，已经用了恩诺沙星和氟苯尼考三天，效果不太明显，粪便还是偏稀带点酸臭味，想问下是不是还要继续用抗生素？要不要送样检测一下？,根据描述，保育至育肥猪群在腹泻初期使用广谱抗菌药物效果不佳，且粪便性状呈酸性气味，提示可能由病毒性因素引起，其中猪托罗病毒感染需在鉴别诊断中考虑。该病目前在中国尚无明确监管处置要求，但在临床实践中应与细菌性肠炎、PCV2相关综合征等鉴别。,treatment_direction: 暂停继续使用广谱抗菌药，改为支持性护理，包括改善饮水卫生、补充电解质和维生素，减少应激，保持圈舍干燥通风。；management_measures: 分群饲养，将腹泻猪与健康猪隔离，防止交叉感染；加强饲料新鲜度管理，避免霉变；观察体温、食欲及脱水情况。；sampling_and_testing: 采集腹泻粪便样本送至具备资质的实验室进行病原学检测，包括猪托罗病毒、猪流行性腹泻病毒、轮状病毒、PCV2等，必要时结合血清学检测。；prohibited_boundaries: 在未明确病因前，不得盲目更换或加大抗生素用量；不得将此病误判为人兽共患病而采取不当防控措施。,无特定休药期建议，因当前主要措施为支持性护理和病因排查，不涉及特定药物治疗。,"{""disease_name"": ""猪托罗病毒感染"", ""severity"": ""中等"", ""scene_tags"": [""保育猪"", ""育肥猪"", ""腹泻"", ""抗菌药无效"", ""病原检测""], ""validation_points"": [""症状符合病毒性腹泻特征"", ""抗菌药治疗效果不佳支持非细菌性病因"", ""需通过实验室检测排除其他重要病原""], ""risk_flags"": [""需警惕与其他病毒性腹泻病原混合感染"", ""若伴随高热、高死亡率应考虑重大疫病排查""], ""case_type"": ""腹泻用药咨询"", ""target_disease"": ""猪托罗病毒感染"", ""local_flags"": {""species_ok"": true, ""target_disease_in_diagnosis"": true, ""target_disease_mismatch"": false, ""contains_specific_dose"": false, ""contains_specific_withdrawal"": false, ""regulated_bad_treatment"": false}}",False,False,,,True,False,False,D:\XF-ChongQin\ai-\knowledge\llm_wiki_swine_authoritative,1465,887,"猪托罗病毒感染
猪托罗病毒感染、porcine torovirus
腹泻用药咨询
猪群腹泻后已用过常见抗菌药效果一般，用户询问是否继续用药以及是否需要送检。","{""HUMAN_REVIEWED"": 2, ""NEEDS_REVIEW"": 3}","[""SRC-0001"", ""SRC-0079"", ""SRC-0083""]",2055,26.18,ERNIE-4.5-Turbo-32K,88,28,18,23,20,False,True,"该回答整体表现良好，诊断方向合理，考虑了病毒性因素，并建议进行病原学检测以明确病因。治疗方向安全，避免了盲目使用抗生素，并提出了支持性护理和管理措施。数据质量较高，症状描述与疾病特征相符，风险点提示合理。
问题：诊断准确性方面，虽然考虑了病毒性因素，但对猪托罗病毒感染的特异性症状描述不够详细，可能影响诊断的精确性。；病理逻辑方面，对鉴别诊断的阐述不够深入，尤其是与其他病毒性腹泻病原的区分不够明确。；数据质量方面，虽然场景标签和验证点较为全面，但风险标志的提及略显简单，未充分展开可能的风险情况。",,,,,,,,,,False,,,,,88,28,18,23,20,pass,18.5,,
446d164e-0fd7-53f3-91d4-b026a5b0b70a,175,猪丝状病毒相关感染,swine_hunyuan_turbos,hunyuan-turbos-20250926,成功,,猪,我家有120头保育猪，现在45日龄左右，最近两天发现部分猪精神沉郁、采食量明显下降，有的伴随轻微咳嗽，还有几头拉稀。圈舍通风一般，温度偏低，之前用过阿莫西林饮水，效果不明显。想问下这是啥原因，该怎么处理？,结合年龄、群体性发病、采食下降及呼吸道与消化道症状，考虑可能为病毒性感染所致，包括猪丝状病毒相关感染在内的多种病毒需排查。该病在保育阶段易发，且可能与其他病原混合感染。,立即隔离病猪与健康猪，加强圈舍保温与通风，减少应激；停止随意使用抗生素，采集病猪血液、鼻拭子、粪便等样本送专业实验室进行病原学检测（PCR/RT-PCR）；根据检测结果决定后续措施。若怀疑为重大动物疫病，应按规定向当地畜牧兽医部门报告，配合开展流行病学调查与处置，严禁私自出售或转运。,因未确诊且无具体药物方案，暂无明确休药期建议。任何用药须依据检测结果并在兽医指导下执行。,"{""disease_name"": ""猪丝状病毒相关感染"", ""severity"": ""高"", ""scene_tags"": [""保育猪"", ""群体发病"", ""采食下降"", ""呼吸道症状"", ""腹泻""], ""validation_points"": [""保育猪阶段是多种病毒易感期"", ""群体性发病提示传染性因素"", ""症状组合符合病毒性感染特征""], ""risk_flags"": [""重大动物疫病风险"", ""人兽共患风险（需进一步核实）""], ""case_type"": ""保育猪群体发病"", ""target_disease"": ""猪丝状病毒相关感染"", ""local_flags"": {""species_ok"": true, ""target_disease_in_diagnosis"": true, ""target_disease_mismatch"": false, ""contains_specific_dose"": false, ""contains_specific_withdrawal"": false, ""regulated_bad_treatment"": false}}",False,False,,,True,False,False,D:\XF-ChongQin\ai-\knowledge\llm_wiki_swine_authoritative,1465,887,"猪丝状病毒相关感染
猪丝状病毒相关感染、filoviruses reston ebolavirus zaire ebolavirus
保育猪群体发病
群体发病、采食下降、粪便或呼吸道异常，用户想知道主要病因和下一步处理。","{""NEEDS_REVIEW"": 5}","[""SRC-0001""]",2058,34.94,ERNIE-4.5-Turbo-32K,82,27,18,23,14,False,True,"整体回答符合猪丝状病毒相关感染的测试数据要求，诊断方向合理，处理措施安全，但数据质量方面存在一定不足，如未充分体现症状与疾病的直接关联性。
问题：诊断准确性方面，虽然考虑了病毒性感染，但未明确提及猪丝状病毒相关感染的特异性症状或与其他病毒病的区分点，导致诊断准确性评分略低。；病理逻辑方面，回答中提到了保育猪阶段是多种病毒易感期，群体性发病提示传染性因素，症状组合符合病毒性感染特征，但未深入阐述猪丝状病毒相关感染的具体病理机制。；处方安全性方面，处理措施合理，包括隔离、加强圈舍管理、停止随意使用抗生素、送检等，且明确指出了重大动物疫病的报告义务，但未给出具体的治疗药物（因未确诊），略显保守。；数据质量方面，虽然场景标签和验证点较为全面，但风险标志中的人兽共患风险仅提及需进一步核实，未给出具体核实方法或建议，且整体回答中对于猪丝状病毒相关感染的特异性信息描述不足。",,,,,,,,,,False,,,,,82,27,18,23,14,pass,26.63,,
33bb4669-ab9b-51c3-b36b-e59e215ae599,176,猪乙型脑炎,swine_hunyuan_turbos,hunyuan-turbos-20250926,成功,,猪,我家有200多头能繁母猪，最近两个月陆续发现几头怀孕80多天的母猪流产，有的还产出木乃伊胎，体温没明显升高，也没有看到皮肤出血斑。之前没有打过乙脑疫苗，周边也有类似情况。想问问这种情况是不是乙脑？要怎么采样送检？现在还能继续配种吗？要不要停引种？,根据描述，怀孕中期流产伴木乃伊胎，无明显全身高热及出血表现，且未接种乙脑疫苗，结合季节性和地域性流行特点，高度怀疑为猪乙型脑炎病毒感染所致繁殖障碍。该病主要通过蚊虫叮咬传播，常在夏秋季高发，可导致妊娠中晚期胚胎死亡并形成木乃伊胎。确诊需依赖实验室检测。,treatment_direction: 目前无特效抗病毒药物，重点在于控制传播源和阻断传播链。对发病母猪进行隔离观察，防止蚊虫叮咬，减少接触其他健康猪群。；management_measures: 立即停止配种计划，暂停引入新种猪，加强圈舍防蚊灭蚊措施（如安装纱窗、使用驱蚊剂、清理积水等），并对全场母猪进行流行病学调查。；sampling_for_testing: 采集流产胎儿脑组织、脾脏、肝脏及血液样本送实验室检测乙脑病毒核酸或抗原，同时可采集同群母猪血清做抗体检测辅助判断。；prohibited_actions: 严禁将疑似病料随意丢弃或外运，禁止未经检疫的种猪调入调出，不得擅自使用未经验证的疫苗或药物替代防控。,因无药物治疗，不涉及停药期问题；若后续使用疫苗，应遵守疫苗说明书规定的免疫间隔和安全期。,"{""disease_name"": ""猪乙型脑炎"", ""severity"": ""中等偏重（可引起繁殖损失，但不直接致死成年猪）"", ""scene_tags"": [""繁殖障碍"", ""流产"", ""木乃伊胎"", ""蚊媒传播"", ""季节性流行""], ""validation_points"": [""符合乙脑引起妊娠中后期流产特征"", ""缺乏疫苗接种史增加易感性"", ""需要实验室检测确认病原""], ""risk_flags"": [""疑似重大动物疫病风险"", ""存在传播扩散可能"", ""需暂停配种和引种""], ""case_type"": ""繁殖障碍送检"", ""target_disease"": ""猪乙型脑炎"", ""local_flags"": {""species_ok"": true, ""target_disease_in_diagnosis"": true, ""target_disease_mismatch"": false, ""contains_specific_dose"": false, ""contains_specific_withdrawal"": false, ""regulated_bad_treatment"": false}}",False,False,,,True,False,False,D:\XF-ChongQin\ai-\knowledge\llm_wiki_swine_authoritative,1465,887,"猪乙型脑炎
猪乙型脑炎、japanese encephalitis virus
繁殖障碍送检
繁殖异常持续出现，用户询问该采哪些样品、是否需要暂停配种和引种。","{""HUMAN_REVIEWED"": 2, ""NEEDS_REVIEW"": 2}","[""RC-REPRO-001"", ""SRC-0001"", ""SRC-0035"", ""SRC-0045"", ""SRC-0048"", ""SRC-0049"", ""SRC-0050"", ""SRC-0060"", ""SRC-0061"", ""SRC-0067"", ""SRC-0068"", ""SRC-0085""]",2221,34.82,ERNIE-4.5-Turbo-32K,88,28,18,24,18,False,True,"整体回答质量较高，诊断准确性、病理逻辑、处方安全性和数据质量均表现良好，无明显致命风险，符合通过标准。
问题：diagnosis_accuracy: 诊断依据充分，但未明确提及乙脑的季节性高发特点（夏秋季）与用户描述的时间关联性，可进一步强化诊断逻辑。；pathology_logic: 病理逻辑基本清晰，但未详细解释木乃伊胎的形成机制与乙脑病毒的关系，可补充病理生理学依据。；prescription_safety: 处方安全性较高，但未提及对同群未发病母猪的监测建议，如体温监测或早期症状观察，可完善管理措施。；data_quality: 数据质量良好，但采样建议中未明确样本保存和运输条件（如冷藏或冷冻），可能影响检测结果准确性。",,,,,,,,,,False,,,,,88,28,18,24,18,pass,24.14,,
f22f16bc-e77a-5f7f-94bb-0fa4a1936238,177,猪西尼罗病毒相关感染,swine_hunyuan_turbos,hunyuan-turbos-20250926,成功,,猪,我这边是200头基础母猪的种猪场，最近有3头怀孕90多天的母猪陆续流产，还有两头产下死胎，另外有两头公猪采精量明显减少、活力差。场内温度高湿度大，通风一般，之前没用过疫苗，想问问是不是传染病，还能不能继续配种？,结合症状、妊娠阶段及公猪精液质量下降，高度怀疑为病毒性繁殖障碍性疾病，可能由猪西尼罗病毒或其他黄病毒感染引起。该病可导致妊娠中期流产、死胎以及公猪生殖功能受损。需排除布鲁氏菌病、伪狂犬病、蓝耳病等常见繁殖障碍病。,立即隔离发病母猪与公猪，停止配种计划；采集流产胎儿组织、胎盘、血液及公猪精液送实验室进行病原学检测（PCR/血清学）；加强圈舍通风降温，减少应激；全场消毒，防止交叉传播；在未确诊前不建议使用抗病毒药物或激素干预，以免掩盖病情延误防控。如确诊为重大动物疫病，应按规定上报并配合扑杀或无害化处理。,无具体休药期，因属病毒性感染且涉及重大疫病防控，需依据检测结果和当地畜牧部门指导执行相应生物安全措施。,"{""disease_name"": ""猪西尼罗病毒相关感染"", ""severity"": ""中等至严重"", ""scene_tags"": [""种猪场"", ""繁殖障碍"", ""高温高湿"", ""公猪精液异常""], ""validation_points"": [""妊娠中后期流产提示病毒性因素可能性大"", ""公猪精液量减少与活力下降符合某些黄病毒感染特征"", ""环境因素可加重病毒传播与临床表现""], ""risk_flags"": [""疑似重大动物疫病"", ""存在人畜共患潜在风险（需进一步确认）""], ""case_type"": ""种猪繁殖障碍"", ""target_disease"": ""猪西尼罗病毒相关感染"", ""local_flags"": {""species_ok"": true, ""target_disease_in_diagnosis"": false, ""target_disease_mismatch"": true, ""contains_specific_dose"": false, ""contains_specific_withdrawal"": false, ""regulated_bad_treatment"": false}}",True,True,target_disease_in_diagnosis,target_disease_in_diagnosis,False,True,True,D:\XF-ChongQin\ai-\knowledge\llm_wiki_swine_authoritative,1465,887,"猪西尼罗病毒相关感染
猪西尼罗病毒相关感染、west nile virus and other flaviviruses
种猪繁殖障碍
种猪场出现流产、死胎、返情或公猪异常，用户担心传染病和是否继续配种。","{""NEEDS_REVIEW"": 5}","[""SRC-0001""]",2060,28.09,ERNIE-4.5-Turbo-32K,82,27,18,20,17,False,False,"该测试数据整体质量较高，诊断准确性、病理逻辑、处方安全性和数据质量均表现良好，符合测试目标要求。诊断考虑了病毒性繁殖障碍性疾病的可能性，并排除了其他常见繁殖障碍病，符合真实场景。处方建议合理，考虑了生物安全措施和实验室检测的重要性。数据质量方面，症状与疾病匹配，诊断逻辑清晰，处理方向安全。
问题：诊断准确性方面，虽然考虑了病毒性繁殖障碍性疾病，但未明确提及猪西尼罗病毒相关感染的具体诊断依据，仅作为可能性之一提出。；病理逻辑方面，对公猪精液质量下降与病毒感染之间的关联解释不够深入，缺乏具体的病理机制描述。；数据质量方面，风险标志中提到存在人畜共患潜在风险，但未进一步说明如何确认和防控，信息不够完整。",,,,,,,,,,False,,,,,82,27,18,20,17,reject,18.44,,
d1181da9-d53e-5782-b30e-cfdacdda45e2,178,猪戊型肝炎,swine_hunyuan_turbos,hunyuan-turbos-20250926,成功,,猪,我场有300多头育肥猪，平均体重在60公斤左右，最近一周内陆续出现精神沉郁、食欲下降、粪便偏黄软的情况，部分猪体温略高到39℃左右，没有急性死亡。之前用过一些保肝的中药拌料，效果不明显。请问这种情况能不能先当普通肝炎治一治看看？,根据描述的症状（精神沉郁、食欲减退、轻度发热、粪便颜色改变），结合近期多栋猪舍同时出现类似情况，应高度怀疑猪戊型肝炎病毒感染的可能。该病可通过粪口途径传播，常在应激条件下暴发，且存在一定的人兽共患风险。,立即对全群进行隔离管理，停止调运；加强圈舍清洁消毒，减少应激因素；采集新鲜粪便及血液样本送具备资质的实验室检测HEV核酸及抗体；在未排除法定或重大疫病前，不建议自行投喂抗病毒药物或人用药物；若确诊为人兽共患型HEV，应按人畜共患病防控要求执行人员防护与生物安全措施。,因未进行具体药物治疗，无直接休药期问题；如后续确需用药，须依据药品说明书及国家兽药规定执行相应休药期。,"{""disease_name"": ""猪戊型肝炎"", ""severity"": ""中等至较高（视传播范围和检测结果而定）"", ""scene_tags"": [""育肥猪"", ""多栏同期发病"", ""非急性死亡"", ""潜在人兽共患""], ""validation_points"": [""症状符合HEV常见表现"", ""多栏同步发生提示传染性"", ""需通过实验室检测确认""], ""risk_flags"": [""存在人兽共患风险，需做好人员防护"", ""可能属于重大动物疫病范畴，需及时上报并配合检测""], ""case_type"": ""暴发与处置边界"", ""target_disease"": ""猪戊型肝炎"", ""local_flags"": {""species_ok"": true, ""target_disease_in_diagnosis"": true, ""target_disease_mismatch"": false, ""contains_specific_dose"": false, ""contains_specific_withdrawal"": false, ""regulated_bad_treatment"": false}}",False,False,,,True,False,False,D:\XF-ChongQin\ai-\knowledge\llm_wiki_swine_authoritative,1465,887,"猪戊型肝炎
猪戊型肝炎、hepatitis e virus
暴发与处置边界
同栏或多栋猪舍短期内发病增多，用户询问是否能先按普通病治疗观察。","{""HUMAN_REVIEWED"": 2, ""NEEDS_REVIEW"": 2}","[""SRC-0001"", ""SRC-0014"", ""SRC-0040"", ""SRC-0046"", ""SRC-0052""]",2221,26.68,ERNIE-4.5-Turbo-32K,88,28,18,24,18,False,True,"该回答对猪戊型肝炎的诊断较为准确，症状描述与疾病特征相符，诊断逻辑合理。处方安全，强调了隔离、检测和生物安全措施，避免了自行用药的风险。数据质量较高，提供了详细的背景信息和风险提示。
问题：诊断准确性方面，虽然症状描述与猪戊型肝炎相符，但未完全排除其他类似疾病的可能性，可进一步增加鉴别诊断的描述。；病理逻辑方面，对疾病传播途径和应激条件的解释较为充分，但可增加对疾病病理机制的简要说明。；处方安全方面，整体安全，但可增加对隔离管理和消毒措施的具体建议。；数据质量方面，信息完整，但可增加对疾病流行病学特征的描述，如发病率、死亡率等。",,,,,,,,,,False,,,,,88,28,18,24,18,pass,17.07,,
9255eaa8-7e79-5371-9e8d-688dd04b4a66,179,猪伪狂犬病,swine_hunyuan_turbos,hunyuan-turbos-20250926,成功,,猪,我家有200多头母猪和600多头育肥猪，最近一周发现几头40斤左右的仔猪出现发烧、精神沉郁、口吐白沫、四肢划水样的神经症状，有的还伴有咳嗽和流鼻涕，已经死了两窝。之前用过替米考星拌料防呼吸道病，效果一般。请问这种情况是不是伪狂犬病？该采哪些样送检测？怎么处理才不会耽误病情又不会乱用药？,根据描述的发热、神经症状（划水样运动）、呼吸道表现及仔猪高死亡率，结合年龄和群发情况，高度怀疑为猪伪狂犬病感染。该病由疱疹病毒引起，可造成不同阶段的猪出现呼吸和神经症状，幼龄猪尤其易致死。需实验室检测确认。,treatment_direction: 目前无特效抗病毒药物，应优先控制继发细菌感染并减少应激。；management_measures: 立即隔离发病猪，加强通风与保温，减少混群与转栏操作；对全群进行健康监测，记录体温与症状变化。；sampling_submission: 采集病死猪的脑组织（尤其是脑干）和脊髓，同时取扁桃体、肺组织等作为辅助样本，冷藏保存并尽快送有资质的实验室做PCR或病毒分离检测。；prohibited_actions: 禁止随意使用抗生素替代抗病毒治疗；未确诊前不得大规模投喂广谱抗菌药以防掩盖病情；严禁将病死猪私自出售或食用。,因涉及重大动物疫病防控，需按当地畜牧兽医部门指导执行，不得擅自销售或屠宰可疑猪只。,"{""disease_name"": ""猪伪狂犬病"", ""severity"": ""高"", ""scene_tags"": [""神经症状"", ""呼吸道症状"", ""仔猪高死亡率"", ""群发""], ""validation_points"": [""多阶段猪群中幼龄猪急性发病伴神经症状"", ""发热、咳嗽、流涕等多系统表现"", ""抗生素治疗无效""], ""risk_flags"": [""疑似重大动物疫病"", ""需实验室确诊"", ""存在传播风险""], ""case_type"": ""采样送检咨询"", ""target_disease"": ""猪伪狂犬病"", ""local_flags"": {""species_ok"": true, ""target_disease_in_diagnosis"": true, ""target_disease_mismatch"": false, ""contains_specific_dose"": false, ""contains_specific_withdrawal"": false, ""regulated_bad_treatment"": false}}",False,False,,,True,False,False,D:\XF-ChongQin\ai-\knowledge\llm_wiki_swine_authoritative,1465,887,"猪伪狂犬病
猪伪狂犬病、pseudorabies aujeszky disease
采样送检咨询
用户描述症状后，重点询问采什么样品、如何判断和如何避免误治。","{""HUMAN_REVIEWED"": 2, ""NEEDS_REVIEW"": 3}","[""A1-WOAH-AUJESZKY-DISEASE"", ""SRC-0001"", ""SRC-0009"", ""SRC-0054""]",2154,28.65,ERNIE-4.5-Turbo-32K,88,28,18,23,20,False,True,"整体回答质量较高，诊断准确性、病理逻辑、处方安全性和数据质量均表现良好，无明显致命风险。诊断准确抓住了猪伪狂犬病的典型症状，病理逻辑合理，处方安全且符合疾病防控要求，数据质量较高，提供了详细的采样和检测建议。
问题：diagnosis_accuracy: 诊断准确性较高，但未完全覆盖所有症状（如口吐白沫）与疾病的直接关联性说明。；pathology_logic: 病理逻辑合理，但未详细解释神经症状与病毒侵害中枢神经系统的关系。；prescription_safety: 处方安全，但未明确提及休药期承诺的合理性（虽按当地部门指导执行，但未具体说明）。；data_quality: 数据质量较高，但采样建议中未提及采样人员的防护措施。",,,,,,,,,,False,,,,,88,28,18,23,20,pass,20.17,,
89a547b3-2004-510f-8c31-fe3f6fc1e0cd,180,猪巨细胞病毒感染,swine_hunyuan_turbos,hunyuan-turbos-20250926,成功,,猪,我家有200头80公斤左右的育肥猪，已经养了快5个月，最近几天有几头出现精神沉郁、食欲下降、体温升高到40℃左右，个别猪呼吸稍快，粪便正常。之前没用过抗病毒药，现在离计划出栏还有20天，想问这种情况能不能用药治疗？会不会影响出栏卖猪？,根据描述的症状（高热、精神沉郁、食欲减退、呼吸加快），结合育肥猪阶段，考虑可能存在病毒性感染，如猪巨细胞病毒感染等，需排除其他常见病毒性疾病（如PRRS、PCV2相关疾病）。建议通过临床检查、血液学及病原检测进一步确诊。,治疗方向以支持疗法为主，改善饲养管理条件，减少应激，保证饮水充足和营养供给；可配合对症退热、补液等措施。管理措施包括分群隔离病猪，加强圈舍通风与消毒，防止继发细菌感染。采样送检方面，可取发热猪的血液、鼻拭子或组织样本送实验室进行PCR检测，明确病原。禁忌边界为在检测结果未明前，不得使用未经批准的兽药或超范围药物，且对疑似重大动物疫病须按当地规定及时报告，不得擅自出售或运输。,因未使用特定化学药品，无明确休药期限制；若后续使用任何药物，应按标签说明执行相应停药期后方可出栏。,"{""disease_name"": ""猪巨细胞病毒感染"", ""severity"": ""中等"", ""scene_tags"": [""育肥猪"", ""高热"", ""食欲减退"", ""临近出栏""], ""validation_points"": [""症状符合病毒性感染特征"", ""育肥猪阶段易发多种病毒病"", ""支持疗法与管理措施符合兽医常规""], ""risk_flags"": [""需排除重大动物疫病"", ""禁止擅自销售疑似染疫猪""], ""case_type"": ""上市休药期咨询"", ""target_disease"": ""猪巨细胞病毒感染"", ""local_flags"": {""species_ok"": true, ""target_disease_in_diagnosis"": true, ""target_disease_mismatch"": false, ""contains_specific_dose"": false, ""contains_specific_withdrawal"": false, ""regulated_bad_treatment"": false}}",False,False,,,True,False,False,D:\XF-ChongQin\ai-\knowledge\llm_wiki_swine_authoritative,1465,887,"猪巨细胞病毒感染
猪巨细胞病毒感染、porcine cytomegalovirus
上市休药期咨询
用户接近出栏，关心治疗方向和用药后能否出栏销售。","{""H"": 1, ""HUMAN_REVIEWED"": 1, ""NEEDS_REVIEW"": 2}","[""SRC-0001"", ""SRC-0083""]",2221,30.56,ERNIE-4.5-Turbo-32K,82,27,18,22,15,False,True,"整体回答符合猪巨细胞病毒感染的测试数据要求，诊断方向合理，症状与疾病匹配，治疗方向安全，未出现致命风险。但在诊断准确性、病理逻辑、数据质量方面仍有提升空间。
问题：诊断准确性方面，虽然考虑了猪巨细胞病毒感染，但也提到了其他病毒性疾病（如PRRS、PCV2相关疾病），未明确排除或确认，导致诊断准确性评分稍低。；病理逻辑方面，对症状与疾病的关联解释不够深入，缺乏具体的病理机制说明。；数据质量方面，症状描述较为笼统，缺乏更详细的临床检查数据或实验室检测结果支持。；处方安全性方面，虽然提出了支持疗法和管理措施，但未针对猪巨细胞病毒感染提出具体的抗病毒治疗建议（尽管目前可能缺乏特效药）。",,,,,,,,,,False,,,,,82,27,18,22,15,pass,20.76,,
9c079243-cd0f-50c4-8353-022f33e79ef1,181,猪恶性卡他热相关感染,swine_hunyuan_turbos,hunyuan-turbos-20250926,成功,,猪,我家有120头60日龄左右的保育猪，这几天陆续出现精神沉郁、采食量明显下降，部分猪流鼻涕、呼吸急促，还有几头拉稀。圈舍通风一般，前几天刚从外场引进过一批断奶仔猪。请问这是啥毛病？该怎么处理？,根据描述，保育猪群在引入新猪后短时间内出现精神沉郁、采食下降、呼吸道及消化道症状，需高度怀疑病毒性传染病，包括猪恶性卡他热（由绵羊疱疹病毒2型等γ疱疹病毒引起）的可能。该病偶发于与羊接触的猪群，也可通过其他途径传播，表现为高热、黏膜充血、呼吸道症状、腹泻等全身症状。建议结合流行病学史（是否接触过羊或其分泌物）进行排查。,立即将病猪与健康猪隔离，减少应激；改善圈舍通风与保温，适当提高环境温度以减轻代谢负担；采集病猪血液、鼻拭子、粪便等样品送专业实验室检测，明确病原；在未确诊前避免使用广谱抗生素掩盖病情；如怀疑为恶性卡他热且涉及跨区域或重大疫情，应按规定向当地动物防疫部门报告，配合采样、封锁、无害化处理等措施。,因未使用特定药物治疗，无直接休药期问题；若后续使用兽药，须按标签规定执行休药期并遵守食品安全要求。,"{""disease_name"": ""猪恶性卡他热相关感染"", ""severity"": ""高"", ""scene_tags"": [""保育猪"", ""群体发病"", ""采食下降"", ""呼吸道症状"", ""腹泻"", ""新进猪""], ""validation_points"": [""症状符合恶性卡他热的部分临床表现"", ""存在新进猪的流行病学风险"", ""需实验室检测确认病原""], ""risk_flags"": [""可能涉及重大动物疫病"", ""需上报防疫部门"", ""禁止自行使用未经批准的疫苗或药物""], ""case_type"": ""保育猪群体发病"", ""target_disease"": ""猪恶性卡他热相关感染"", ""local_flags"": {""species_ok"": true, ""target_disease_in_diagnosis"": false, ""target_disease_mismatch"": true, ""contains_specific_dose"": false, ""contains_specific_withdrawal"": false, ""regulated_bad_treatment"": false}}",True,True,target_disease_in_diagnosis,target_disease_in_diagnosis,False,True,True,D:\XF-ChongQin\ai-\knowledge\llm_wiki_swine_authoritative,1465,887,"猪恶性卡他热相关感染
猪恶性卡他热相关感染、malignant catarrhal fever ovine herpesvirus 2
保育猪群体发病
群体发病、采食下降、粪便或呼吸道异常，用户想知道主要病因和下一步处理。","{""HUMAN_REVIEWED"": 1, ""NEEDS_REVIEW"": 4}","[""RC-RESP-001"", ""SRC-0001"", ""SRC-0006"", ""SRC-0041"", ""SRC-0042"", ""SRC-0043"", ""SRC-0049"", ""SRC-0050"", ""SRC-0058"", ""SRC-0059"", ""SRC-0066"", ""SRC-0069"", ""SRC-0070"", ""SRC-0086""]",1986,30.89,ERNIE-4.5-Turbo-32K,72,22,16,19,15,False,False,"该回答在诊断准确性、病理逻辑、处方安全性和数据质量方面表现中等，存在部分不足，但未发现致命风险。诊断考虑了病毒性传染病的可能性，并提及了猪恶性卡他热，但缺乏更具体的诊断依据。处方建议基本合理，但部分措施缺乏具体性。数据质量方面，症状描述和流行病学史分析较为全面，但缺乏实验室检测结果的支撑。
问题：诊断准确性方面，虽然提及了猪恶性卡他热，但缺乏更具体的诊断依据，如实验室检测结果或更详细的症状描述，以支持这一诊断。；病理逻辑方面，对疾病的传播途径和发病机制的阐述不够深入，未能充分解释为何怀疑是猪恶性卡他热。；处方安全性方面，虽然提出了一系列合理的处理措施，如隔离病猪、改善圈舍环境等，但缺乏针对猪恶性卡他热的具体治疗方案，且未提及休药期的具体管理（尽管当前未使用特定药物）。；数据质量方面，虽然症状描述和流行病学史分析较为全面，但整体数据缺乏实验室检测结果的支撑，影响了诊断的准确性。",,,,,,,,,,False,,,,,72,22,16,19,15,reject,23.06,,
90aec0c0-d8d5-59a6-be10-d5b4a03ffeb5,182,猪流感,swine_hunyuan_turbos,hunyuan-turbos-20250926,成功,,猪,我家有120头70公斤左右的育肥猪，最近10天陆续出现咳嗽、流鼻涕、个别发烧到40℃，用了替米考星和多西环素后部分好转，但还有零星反复。舍内通风一般，氨气味明显。想问这种情况该采哪些样做检测？怎么判断是不是混合感染？,根据描述，育肥猪出现持续性呼吸道症状，伴发热，使用抗生素后部分缓解但仍反复，提示可能存在病毒性呼吸道感染（如猪流感）与细菌性继发感染的混合情况。环境因素（氨气浓度高）可能加重呼吸道刺激。需要结合实验室检测区分病原体类型及是否多重感染。,treatment_direction: 立即改善舍内通风，降低氨气浓度；对发病猪进行隔离观察，减少应激；针对可能的细菌继发感染，可在兽医指导下选择敏感抗菌药物；若怀疑病毒感染，应避免盲目使用抗病毒药物，优先送检明确病原。；management_measures: 加强饲养管理，保证饮水充足，饲料营养均衡；每日巡查体温和呼吸状况，记录变化；病死猪及时无害化处理。；sampling_and_testing: 采集发病猪鼻腔拭子、咽喉拭子及肺组织（必要时），尽快送实验室进行RT-PCR检测猪流感病毒及其他常见呼吸道病原（如PRRSV、PCV2、支原体、巴氏杆菌等）；同时进行细菌培养鉴定以明确是否存在混合感染。；prohibited_boundaries: 禁止随意使用未经批准的抗病毒药物；发现疑似重大传染病（如非洲猪瘟）应立即上报，不得自行处理或销售。,因未涉及具体药物使用方案，无明确休药期说明；如需用药，须依据兽医处方并在出栏前遵守相应停药期规定。,"{""disease_name"": ""猪流感"", ""severity"": ""中等"", ""scene_tags"": [""育肥猪"", ""呼吸道症状"", ""混合感染"", ""环境氨气""], ""validation_points"": [""症状符合猪流感特征且存在环境诱因"", ""抗生素治疗部分有效提示可能有细菌感染参与"", ""建议通过多部位采样提高检出率""], ""risk_flags"": [""潜在混合感染"", ""环境氨气过高""], ""case_type"": ""呼吸道采样送检"", ""target_disease"": ""猪流感"", ""local_flags"": {""species_ok"": true, ""target_disease_in_diagnosis"": true, ""target_disease_mismatch"": false, ""contains_specific_dose"": false, ""contains_specific_withdrawal"": false, ""regulated_bad_treatment"": false}}",False,False,,,True,False,False,D:\XF-ChongQin\ai-\knowledge\llm_wiki_swine_authoritative,1465,887,"猪流感
猪流感、influenza viruses
呼吸道采样送检
呼吸道症状持续，用药效果不稳定，用户询问采什么样品和如何鉴别混合感染。","{""HUMAN_REVIEWED"": 4}","[""SRC-0001"", ""SRC-0007"", ""SRC-0042"", ""SRC-0043""]",2221,26.13,ERNIE-4.5-Turbo-32K,88,27,18,23,20,False,True,"该回答整体表现良好，诊断准确性较高，症状与疾病匹配合理，诊断逻辑清晰，处理方向安全且与疾病相互印证。数据质量较高，提供了详细的采样和检测建议。
问题：病理逻辑部分对环境因素（氨气浓度高）与疾病关系的阐述略显不足，可进一步细化其对呼吸道刺激的具体影响。；数据质量方面，虽然提供了详细的采样和检测建议，但对采样时机的描述不够具体，可能影响检测结果的准确性。；诊断准确性方面，虽然考虑了混合感染的可能性，但对其他可能引起类似症状的疾病（如猪肺疫、猪传染性胸膜肺炎等）的鉴别诊断提及较少。",,,,,,,,,,False,,,,,88,27,18,23,20,pass,18.27,,
a4aac388-bd91-504c-ae63-a32a4c0663b2,183,猪副黏病毒相关感染,swine_hunyuan_turbos,hunyuan-turbos-20250926,成功,,猪,我家是种猪场，存栏大概120头母猪加20多头公猪，最近有3头怀孕80多天的母猪陆续流产，还有两头死胎，另外有两头返情率明显升高，公猪采精量也下降不少。之前没用过疫苗，圈舍通风一般，温度在18度左右，想问问是不是传染病，还能不能继续配种？,根据描述，考虑存在病毒性繁殖障碍综合征的可能，包括猪副黏病毒相关感染在内的多种病毒可导致母猪流产、死胎、返情及公猪精液质量下降。需结合流行病学史、临床表现、实验室检测排除其他常见病因如蓝耳病、伪狂犬病、细小病毒病等。,treatment_direction: 目前无特效抗病毒药物，重点为控制继发感染、改善饲养管理、减少应激。；management_measures: 立即隔离发病个体，加强圈舍通风与保温，减少密度；提供清洁饮水与全价饲料；暂停新引进种猪；对公猪精液进行质量检测并限制使用。；sampling_and_testing: 采集流产胎儿组织、胎盘、血液样本送实验室检测，明确病原类型；必要时做血清学调查。；prohibited_boundary: 在未确诊前禁止将种猪外调或出售；若检出重大动物疫病，应按规定向当地畜牧兽医部门报告并执行相应处置措施。,因属病毒性感染且无特效药物治疗，不涉及化学药物休药期问题，但建议至少间隔一个完整发情周期后再考虑配种，并在兽医指导下评估健康状态。,"{""disease_name"": ""猪副黏病毒相关感染"", ""severity"": ""中等至严重（可造成繁殖损失）"", ""scene_tags"": [""种猪场"", ""繁殖障碍"", ""流产"", ""死胎"", ""返情"", ""公猪精液异常""], ""validation_points"": [""符合病毒性繁殖障碍的典型表现"", ""需要实验室检测区分不同病原"", ""管理措施与防控策略一致""], ""risk_flags"": [""可能为人畜共患或重大动物疫病风险，需按法规上报""], ""case_type"": ""种猪繁殖障碍"", ""target_disease"": ""猪副黏病毒相关感染"", ""local_flags"": {""species_ok"": true, ""target_disease_in_diagnosis"": true, ""target_disease_mismatch"": false, ""contains_specific_dose"": false, ""contains_specific_withdrawal"": false, ""regulated_bad_treatment"": false}}",False,False,,,True,False,False,D:\XF-ChongQin\ai-\knowledge\llm_wiki_swine_authoritative,1465,887,"猪副黏病毒相关感染
猪副黏病毒相关感染、paramyxoviruses
种猪繁殖障碍
种猪场出现流产、死胎、返情或公猪异常，用户担心传染病和是否继续配种。","{""NEEDS_REVIEW"": 5}","[""SRC-0001""]",2034,28.97,ERNIE-4.5-Turbo-32K,82,27,18,22,15,False,True,"整体回答较为全面，诊断方向合理，考虑了多种病毒性繁殖障碍的可能性，并建议实验室检测以明确病原。管理措施和防控策略与诊断方向一致，且注意到了人畜共患或重大动物疫病的风险。但在数据质量和病理逻辑方面存在一定不足，如未详细说明诊断依据和排除其他病因的具体方法，以及未充分阐述猪副黏病毒相关感染的病理机制。
问题：诊断准确性方面，虽然考虑了多种病毒性繁殖障碍的可能性，但未详细说明猪副黏病毒相关感染的具体诊断依据和排除其他病因（如蓝耳病、伪狂犬病、细小病毒病等）的具体方法。；病理逻辑方面，未充分阐述猪副黏病毒相关感染导致母猪流产、死胎、返情及公猪精液质量下降的病理机制。；处方安全性方面，管理措施和防控策略较为全面，但未提及具体药物使用（如有继发感染时）的注意事项和潜在风险。；数据质量方面，回答中未包含足够的细节来支持诊断和处理建议，如未提及具体的实验室检测方法和结果解读。",,,,,,,,,,False,,,,,82,27,18,22,15,pass,21.1,,
666bad46-f481-56ff-923b-8d302e1f1cea,184,猪细小病毒病,swine_hunyuan_turbos,hunyuan-turbos-20250926,成功,,猪,我家有120头母猪，平均胎次在3-4胎之间，最近两个月陆续发现好几窝怀孕后期流产，还有几头空怀时间明显延长，之前没用过疫苗，也没有做过净化。想问下这种情况是不是细小病毒引起的？需要采什么样子的样本去化验？现在还能继续配种吗？要不要暂停引进新母猪？,根据描述，怀孕后期流产、空怀时间延长，且未做细小病毒疫苗免疫，结合当前季节及繁殖障碍表现，高度怀疑为猪细小病毒病（PPV1）所致。该病主要通过垂直传播感染胎儿，导致死胎、木乃伊胎或流产，也可引起母猪返情延迟。需通过实验室检测确认。,treatment_direction: 目前无特效抗病毒药物，重点在于控制传染源、阻断传播链。对发病母猪进行隔离观察，加强产房及配种舍的清洁消毒。；management_measures: 立即暂停配种计划，直至检测结果明确并采取相应措施；暂停引入新母猪，防止带入病原；对全场母猪开展血清学或病原学检测，评估感染状况。；sampling_for_testing: 采集流产胎儿组织（肝、肺）、胎盘及羊水进行PCR检测；同时可采集母猪血液进行抗体检测，以判断免疫状态和感染史。；prohibited_actions: 在未确诊前，不得将疑似感染母猪或其后代转入健康群；禁止随意使用未经批准的兽药或疫苗。,本病为病毒性繁殖障碍，无直接休药期概念，但需在检测结果阴性、经兽医评估后方可恢复配种与引种。,"{""disease_name"": ""猪细小病毒病"", ""severity"": ""中等至严重（可导致繁殖力显著下降）"", ""scene_tags"": [""繁殖障碍"", ""流产"", ""未免疫场"", ""垂直传播""], ""validation_points"": [""临床症状符合PPV1特征（晚期流产、空怀延长）"", ""未免疫史增加感染概率"", ""建议采样方案符合常规诊断流程""], ""risk_flags"": [""疑似重大动物疫病风险"", ""存在场内水平与垂直传播可能""], ""case_type"": ""繁殖障碍送检"", ""target_disease"": ""猪细小病毒病"", ""local_flags"": {""species_ok"": true, ""target_disease_in_diagnosis"": true, ""target_disease_mismatch"": false, ""contains_specific_dose"": false, ""contains_specific_withdrawal"": false, ""regulated_bad_treatment"": false}}",False,False,,,True,False,False,D:\XF-ChongQin\ai-\knowledge\llm_wiki_swine_authoritative,1465,887,"猪细小病毒病
猪细小病毒病、parvoviruses
繁殖障碍送检
繁殖异常持续出现，用户询问该采哪些样品、是否需要暂停配种和引种。","{""HUMAN_REVIEWED"": 3, ""NEEDS_REVIEW"": 2}","[""A0-MOA-573"", ""SRC-0001"", ""SRC-0045""]",2087,27.85,ERNIE-4.5-Turbo-32K,88,28,18,23,20,False,True,"该回答在诊断准确性、病理逻辑、处方安全性和数据质量方面表现良好，整体符合猪细小病毒病的诊断与处理要求，未发现致命风险。
问题：diagnosis_accuracy: 诊断部分未明确提及其他可能的鉴别诊断（如伪狂犬病、蓝耳病等），虽高度怀疑细小病毒病，但缺乏排除其他疾病的依据。；pathology_logic: 病理逻辑部分对垂直传播的描述较笼统，未详细说明病毒如何影响胎儿发育导致流产或空怀。；prescription_safety: 处方安全性部分未提及对已感染母猪的具体处理措施（如淘汰或治疗），仅强调隔离和消毒。；data_quality: 数据质量部分对采样方案的描述较基础，未提及采样后的保存和运输要求。",,,,,,,,,,False,,,,,88,28,18,23,20,pass,19.57,,
bd41a332-aa47-546c-9bb6-df4d42c35249,185,非典型猪瘟病毒感染,swine_hunyuan_turbos,hunyuan-turbos-20250926,成功,,猪,我场有300头育肥猪，平均体重70公斤左右，最近一周陆续出现精神沉郁、体温升高到40℃以上、部分猪食欲下降、个别猪皮肤发红的情况，没有大面积死亡，也没有明显腹泻。之前用过阿莫西林拌料三天，效果不明显。我想知道这种情况是不是非典型猪瘟？应该采哪些样送检测？怎么判断是还是不是？怕误诊耽误防控。,根据描述的发热、精神沉郁、皮肤发红等症状，结合抗生素治疗效果不佳，需考虑病毒性感染的可能，包括非典型猪瘟病毒感染等。该病目前缺乏特异性治疗药物，确诊需依赖实验室检测。,treatment_direction: 无特效抗病毒药物，不建议盲目使用抗生素掩盖病情；可对症支持治疗，如补液、降温、改善饲养管理。；management_measures: 立即隔离可疑病例，减少应激因素，加强通风与卫生消毒，防止继发细菌感染。；sampling_and_testing: 采集发病猪的血液（血清）、扁桃体组织、肺脏及淋巴结样本，送具备资质的实验室进行PCR检测，必要时配合病理学检查。；prohibited_boundaries: 严禁随意使用未经批准的疫苗或药物；若检测结果符合重大动物疫病特征，应立即向当地畜牧兽医部门报告，不得擅自处置。,因无特定药物治疗，不涉及药物休药期问题；若为重大疫病，应按法规要求执行封锁、扑杀等措施。,"{""disease_name"": ""非典型猪瘟病毒感染"", ""severity"": ""中等至严重，视流行情况而定"", ""scene_tags"": [""育肥猪"", ""发热"", ""皮肤发红"", ""抗生素治疗无效"", ""采样送检""], ""validation_points"": [""症状与病毒性感染相符"", ""抗生素无效提示非细菌性病因"", ""建议实验室检测明确诊断""], ""risk_flags"": [""可能为非典型猪瘟病毒感染"", ""存在误诊延误防控风险""], ""case_type"": ""采样送检咨询"", ""target_disease"": ""非典型猪瘟病毒感染"", ""local_flags"": {""species_ok"": true, ""target_disease_in_diagnosis"": true, ""target_disease_mismatch"": false, ""contains_specific_dose"": false, ""contains_specific_withdrawal"": false, ""regulated_bad_treatment"": false}}",False,False,,,True,False,False,D:\XF-ChongQin\ai-\knowledge\llm_wiki_swine_authoritative,1465,887,"非典型猪瘟病毒感染
非典型猪瘟病毒感染、atypical porcine pestivirus pestivirus infections
采样送检咨询
用户描述症状后，重点询问采什么样品、如何判断和如何避免误治。","{""HUMAN_REVIEWED"": 2, ""NEEDS_REVIEW"": 2}","[""SRC-0001"", ""SRC-0031""]",2221,31.35,ERNIE-4.5-Turbo-32K,82,27,18,22,15,False,True,"整体回答质量较高，诊断方向合理，症状与疾病匹配度较高，处理方向安全，但部分细节可优化。
问题：diagnosis_accuracy: 诊断中未明确提及非典型猪瘟病毒感染的特异性症状，如母猪繁殖障碍或仔猪神经症状，仅依赖发热、皮肤发红等非特异性症状，可能导致误诊。；pathology_logic: 病理逻辑部分未详细解释非典型猪瘟与其他病毒性感染（如猪蓝耳病、猪圆环病毒病）的鉴别诊断依据，逻辑链条不够完整。；prescription_safety: 处方中未明确补液、降温的具体措施（如使用何种补液剂、降温药物），可能影响操作安全性。；data_quality: 采样建议中未提及样本保存与运输的具体要求（如温度、时间），可能影响检测结果准确性。",,,,,,,,,,False,,,,,82,27,18,22,15,pass,21.72,,
b1244436-c96c-52bf-a94e-13e3b428db90,186,塞内卡病毒A感染,swine_hunyuan_turbos,hunyuan-turbos-20250926,成功,,猪,我家有200头90公斤左右的育肥猪，最近几天陆续出现口蹄部水泡、跛行，部分猪采食下降，体温38.8-39℃，之前用过阿莫西林饮水防继发感染，现在快到出栏时间了，想问还能治吗？会不会影响卖猪？,根据描述，育肥猪出现口蹄部水泡、跛行及轻度发热，符合塞内卡病毒A感染的临床特征。该病为病毒性传染病，常引起类似口蹄疫的水疱病变，但无口蹄疫典型的严重全身反应。需通过实验室PCR检测确认病原，排除口蹄疫等烈性病。,1. 立即隔离发病猪，减少健康猪接触，防止水平传播；2. 加强圈舍清洁消毒，保持干燥通风；3. 对症支持治疗，如补充维生素、电解质，改善食欲；4. 禁止在临近出栏时使用未经批准的兽药或超范围药物；5. 采集病料送有资质实验室进行病原学检测，明确是否为塞内卡病毒A感染；6. 若确诊且属重大疫病范畴，应按规定向当地畜牧兽医部门报告，配合处置措施。,因未使用特定治疗药物，无明确休药期；但若使用任何药物，须遵循对应药品标签规定的休药期，并在出栏前确保药物残留符合要求。,"{""disease_name"": ""塞内卡病毒A感染"", ""severity"": ""中等"", ""scene_tags"": [""育肥猪"", ""水疱病变"", ""临近出栏"", ""疑似病毒性传染病""], ""validation_points"": [""症状与水疱病相符"", ""需实验室检测区分口蹄疫等重大疫病"", ""管理上强调隔离与生物安全""], ""risk_flags"": [""需排除法定重大动物疫病"", ""临近出栏需关注用药合规性""], ""case_type"": ""上市休药期咨询"", ""target_disease"": ""塞内卡病毒A感染"", ""local_flags"": {""species_ok"": true, ""target_disease_in_diagnosis"": true, ""target_disease_mismatch"": false, ""contains_specific_dose"": false, ""contains_specific_withdrawal"": false, ""regulated_bad_treatment"": false}}",False,False,,,True,False,False,D:\XF-ChongQin\ai-\knowledge\llm_wiki_swine_authoritative,1465,887,"塞内卡病毒A感染
塞内卡病毒A感染、senecavirus a picornaviruses
上市休药期咨询
用户接近出栏，关心治疗方向和用药后能否出栏销售。","{""HUMAN_REVIEWED"": 2, ""NEEDS_REVIEW"": 3}","[""SRC-0001"", ""SRC-0012"", ""SRC-0015""]",2006,28.7,ERNIE-4.5-Turbo-32K,78,25,18,20,15,False,False,"该回答在诊断准确性上表现较好，症状与塞内卡病毒A感染相符，并提出了实验室检测以排除其他重大疫病。病理逻辑基本合理，但缺乏对疾病传播途径和预防措施的深入分析。处方安全性方面，强调了隔离、清洁消毒和对症支持治疗，未使用特定药物，因此无药物冲突风险。数据质量方面，场景描述和用户查询较为详细，但回答中缺乏对疾病严重性和潜在影响的深入讨论。
问题：病理逻辑方面，对疾病传播途径和预防措施的分析不够深入。；数据质量方面，回答中缺乏对疾病严重性和潜在影响的深入讨论，可能影响用户对疾病的认识和应对措施的制定。；诊断准确性虽高，但未充分解释为何排除其他类似症状疾病的可能性，仅依赖实验室检测建议略显单薄。",,,,,,,,,,False,,,,,78,25,18,20,15,review,18.87,,
afd44a8a-f8a8-52f2-818d-f1a0fda440ef,187,猪痘,swine_hunyuan_turbos,hunyuan-turbos-20250926,成功,,猪,我家有200头60日龄左右的保育猪，最近几天陆续有几头出现皮肤上有红色丘疹，慢慢变成结痂，有的还伴随轻微咳嗽和采食量下降，圈舍通风一般，湿度偏高，之前用过阿莫西林饮水防继发感染，现在想确认是不是猪痘，该怎么处理？,根据描述，保育猪出现典型皮肤丘疹—结痂过程，伴轻度呼吸道症状和采食下降，结合年龄和环境条件，高度怀疑为猪痘病毒感染。该病由猪痘病毒引起，主要通过直接接触传播，也可通过蚊蝇等节肢动物机械传播。需与PRRSV、猪流感病毒、PCV2等引起的皮肤病变及呼吸道疾病进行鉴别。,treatment_direction: 目前无特效抗病毒药物，以支持疗法为主，控制继发细菌感染，改善饲养管理，减少应激。；management_measures: 提高圈舍通风，降低湿度，适当提高环境温度以改善体感温度；加强蚊虫防控，切断传播途径；隔离病猪，防止接触传播。；sampling_and_testing: 采集病变皮肤和痂皮样本送实验室PCR检测确诊，同时可同步检测PRRSV、猪流感病毒、PCV2等常见病原以排除混合感染。；prohibited_boundaries: 严禁将病猪随意调运或屠宰上市，发现疑似重大疫病须立即上报当地畜牧兽医部门。,因无特效药物治疗，不涉及药物休药期问题；若使用抗生素控制继发感染，应遵守相应药物的停药期规定并遵循官方指导。,"{""disease_name"": ""猪痘"", ""severity"": ""中等"", ""scene_tags"": [""保育猪"", ""群体发病"", ""皮肤病变"", ""呼吸道症状""], ""validation_points"": [""皮肤丘疹→结痂的典型病程符合猪痘特征"", ""保育阶段易感且存在蚊蝇媒介可能"", ""需与PRRSV、IAV-S、PCV2等呼吸道/皮肤病变病原鉴别""], ""risk_flags"": [""潜在人畜共患病误判风险（实际非人兽共患）"", ""易在潮湿环境中扩散""], ""case_type"": ""保育猪群体发病"", ""target_disease"": ""猪痘"", ""local_flags"": {""species_ok"": true, ""target_disease_in_diagnosis"": true, ""target_disease_mismatch"": false, ""contains_specific_dose"": false, ""contains_specific_withdrawal"": false, ""regulated_bad_treatment"": false}}",False,False,,,True,False,False,D:\XF-ChongQin\ai-\knowledge\llm_wiki_swine_authoritative,1465,887,"猪痘
猪痘、swinepox virus
保育猪群体发病
群体发病、采食下降、粪便或呼吸道异常，用户想知道主要病因和下一步处理。","{""HUMAN_REVIEWED"": 5}","[""SRC-0006"", ""SRC-0026"", ""SRC-0036"", ""SRC-0042"", ""SRC-0043"", ""SRC-0044"", ""SRC-0049"", ""SRC-0051""]",2128,33.49,ERNIE-4.5-Turbo-32K,88,28,18,23,20,False,True,"整体回答质量较高，诊断准确性、病理逻辑、处方安全性和数据质量均表现良好，无明显致命风险。诊断过程合理，鉴别诊断考虑全面，处理方向安全有效，符合猪痘的疾病特征和治疗原则。
问题：诊断准确性方面，虽然描述了典型症状和鉴别诊断，但未明确提及猪痘的特异性诊断方法（如PCR检测），略显不足。；病理逻辑方面，对猪痘的传播途径和发病机制的描述较为简略，可进一步细化。；处方安全性方面，虽然提出了支持疗法和控制继发感染的措施，但未具体说明抗生素的选择和使用剂量，存在一定模糊性。；数据质量方面，风险标志中提到的“潜在人畜共患病误判风险”与实际情况不符（猪痘非人兽共患病），需修正。",,,,,,,,,,False,,,,,88,28,18,23,20,pass,23.28,,
c00a7079-8f06-5749-9871-6b2c0a7d06d1,188,猪轮状病毒病,swine_hunyuan_turbos,hunyuan-turbos-20250926,成功,,猪,我这边有200多头120斤左右的育肥猪，还有20天就准备出栏了，最近两天有几头开始拉稀，粪便稀薄带点黄色，精神食欲还行，没有发烧，圈舍温度正常，之前没用过什么药。这种情况还能继续养到出栏吗？会不会影响卖猪？需要隔离或者用什么药吗？,根据描述，该批育肥猪在出栏前短期内出现轻度腹泻，可能与轮状病毒感染有关，但轮状病毒主要感染新生仔猪，且临床表现与其他肠道病原高度相似，不能仅凭症状确诊，必须通过实验室检测明确病原。当前未见高热、严重脱水等重症表现，提示病情较轻，但仍需警惕混合感染或应激因素诱发。,建议立即将腹泻猪与健康猪分栏管理，减少交叉感染机会；加强饮水卫生，补充电解质防止脱水；暂停使用未经许可的抗生素或止泻药；采集新鲜粪便送实验室进行病原学检测（如轮状病毒、冠状病毒、细菌培养等），根据检测结果调整防控方案；若确诊为轮状病毒，应以支持疗法为主，改善饲养管理和营养供给，避免使用无循证依据的特效药；严禁擅自出售疑似染疫猪，应配合当地畜牧部门按相关规定处置。,因未使用特定治疗药物，暂无停药期限制，但须确保检测合格后方可出栏。,"{""disease_name"": ""猪轮状病毒病"", ""severity"": ""轻症至中等"", ""scene_tags"": [""育肥猪"", ""出栏前"", ""腹泻"", ""非新生仔猪""], ""validation_points"": [""轮状病毒主要影响新生仔猪，育肥猪发病少见"", ""临床表现与其他肠道病原重叠，需实验室确诊"", ""治疗以支持疗法为主，无特效抗病毒药""], ""risk_flags"": [""疑似重大疫病需检测排除"", ""出栏前疫情可能影响销售""], ""case_type"": ""腹泻出栏边界"", ""target_disease"": ""猪轮状病毒病"", ""local_flags"": {""species_ok"": true, ""target_disease_in_diagnosis"": false, ""target_disease_mismatch"": true, ""contains_specific_dose"": false, ""contains_specific_withdrawal"": false, ""regulated_bad_treatment"": false}}",True,True,target_disease_in_diagnosis,target_disease_in_diagnosis,False,True,True,D:\XF-ChongQin\ai-\knowledge\llm_wiki_swine_authoritative,1465,887,"猪轮状病毒病
猪轮状病毒病、rotaviruses and reoviruses
腹泻出栏边界
临近出栏猪群出现腹泻，用户关心处理方向、隔离和用药后能否销售。","{""HUMAN_REVIEWED"": 2, ""NEEDS_REVIEW"": 2}","[""SRC-0001"", ""SRC-0052""]",2221,30.59,ERNIE-4.5-Turbo-32K,72,22,16,20,14,False,False,"该回答在诊断准确性、病理逻辑、处方安全性和数据质量方面表现中等，存在部分不足但无致命风险。诊断考虑了轮状病毒感染的可能性，但未充分排除其他常见肠道病原；病理逻辑基本合理，但未深入分析混合感染风险；处方安全，但缺乏具体药物建议；数据质量因缺乏实验室检测结果支撑而受限。
问题：诊断准确性：未充分排除其他常见肠道病原（如冠状病毒、细菌性腹泻），仅依赖症状描述难以确诊轮状病毒感染。；病理逻辑：未深入分析混合感染或应激因素的可能性，对病情轻重的判断缺乏量化依据。；处方安全性：虽建议支持疗法和实验室检测，但未提供具体药物（如电解质补充剂）的使用指导。；数据质量：缺乏实验室检测结果支撑诊断，场景标签和验证点覆盖不全。",,,,,,,,,,False,,,,,72,22,16,20,14,reject,22.5,,
4475aa24-371e-5810-a77b-79f274161db5,189,猪反转录病毒相关感染,swine_hunyuan_turbos,hunyuan-turbos-20250926,成功,,猪,我家是种猪场，存栏大概120头能繁母猪和10头公猪，最近一个月陆续有3头怀孕后期母猪流产，产下的死胎比例也高，还有两头母猪返情周期明显缩短，公猪精液活力下降。圈舍通风一般，近期没用过疫苗，也没做新引进猪的隔离检疫。这种情况会不会是传染病？还能继续配种吗？,根据描述，考虑可能存在病毒性繁殖障碍性疾病，包括猪反转录病毒相关感染在内的多种病毒均可引起母猪流产、死胎及公猪生殖功能下降。需结合流行病学史、临床观察及实验室检测进一步确诊。,建议立即暂停配种计划，对全场种猪进行健康排查，采集流产胎儿、胎盘及公猪精液等样本送专业实验室检测（PCR、血清学等），同时加强生物安全措施，防止潜在病原扩散。严禁将可疑个体外调或出售。若检测结果提示高风险或法定疫病，应按规定上报并配合主管部门处置。,在明确病因并采取相应防控措施前，不建议恢复配种；具体复配时间依据实验室检测结果和防控方案确定。,"{""disease_name"": ""猪反转录病毒相关感染"", ""severity"": ""中等至严重（可导致繁殖性能显著下降）"", ""scene_tags"": [""种猪场"", ""繁殖障碍"", ""流产"", ""死胎"", ""返情"", ""公猪精液质量下降""], ""validation_points"": [""多例母猪流产与死胎并存"", ""公猪精液活力下降"", ""无有效疫苗接种记录"", ""缺乏新进猪隔离措施""], ""risk_flags"": [""存在潜在病毒性传染病风险"", ""可能影响全群繁殖性能"", ""需排除其他法定疫病""], ""case_type"": ""种猪繁殖障碍"", ""target_disease"": ""猪反转录病毒相关感染"", ""local_flags"": {""species_ok"": true, ""target_disease_in_diagnosis"": true, ""target_disease_mismatch"": false, ""contains_specific_dose"": false, ""contains_specific_withdrawal"": false, ""regulated_bad_treatment"": false}}",False,False,,,True,False,False,D:\XF-ChongQin\ai-\knowledge\llm_wiki_swine_authoritative,1465,887,"猪反转录病毒相关感染
猪反转录病毒相关感染、retroviruses
种猪繁殖障碍
种猪场出现流产、死胎、返情或公猪异常，用户担心传染病和是否继续配种。","{""NEEDS_REVIEW"": 5}","[""SRC-0001""]",2034,26.47,ERNIE-4.5-Turbo-32K,88,28,18,23,20,False,True,"整体回答质量较高，诊断方向准确，考虑了多种病毒性繁殖障碍性疾病的可能性，并建议实验室检测以确诊。处理方向安全，强调了生物安全措施和暂停配种的重要性。数据质量良好，详细描述了症状和场景。
问题：诊断部分虽然提到了猪反转录病毒相关感染，但未明确指出其为最可能的疾病之一，而是将其包含在多种病毒中，可能降低了诊断的针对性。；病理逻辑部分对症状与疾病之间的关联解释不够深入，缺乏对猪反转录病毒相关感染特异性的描述。；数据质量方面，虽然描述了症状和场景，但未提及具体的流行病学史，如是否有新进猪只、近期是否有疫病发生等，这些信息对诊断有一定帮助。",,,,,,,,,,False,,,,,88,28,18,23,20,pass,18.39,,
e445c239-cf49-5f68-ace3-0c0fb4ec3d90,190,猪狂犬病风险,swine_hunyuan_turbos,hunyuan-turbos-20250926,成功,,猪,我场有200多头育肥猪，平均体重80公斤左右，最近一周内同一栋舍里有3头先后出现精神沉郁、流涎、走路不稳的情况，其中一头已经倒地不起。之前没用过什么特殊药物，圈舍通风一般，周边偶尔能见到流浪狗活动。这种情况能不能先用点抗生素看看？还是得马上报？,高度怀疑为猪狂犬病风险病例，结合近期多例神经症状、流涎及运动障碍，且有流浪犬等潜在传染源接触史，符合狂犬病病毒感染的流行病学特征。由于该病为人兽共患风险，且临床症状与多种神经性疾病重叠，需通过实验室检测排除其他病因并确认病毒存在。,treatment_direction: 不建议立即使用常规抗生素或其他非针对病毒的药物治疗，以免延误防控时机。应立即停止场内人员随意接触可疑病猪，限制移动，防止交叉感染。；management_measures: 对发病猪进行物理隔离，减少与其他猪只的直接接触；加强饲养员个人防护，佩戴手套、口罩等防护用品；禁止屠宰、食用或出售可疑病猪及其产品；清理并消毒污染区域。；sampling_and_testing: 采集病猪脑组织、唾液或脊髓液样本送具备资质的实验室进行狂犬病病毒抗原或核酸检测，同时保留组织样本以备复检。；prohibited_boundaries: 严禁私自宰杀、销售或转运可疑病猪；不得擅自使用未经批准的抗病毒药物或疫苗；在未获得检测结果前不得解除隔离措施。,因未实施任何治疗性用药，无直接休药期问题；但若未来涉及人用暴露处置，需遵循公共卫生部门指导。,"{""disease_name"": ""猪狂犬病风险"", ""severity"": ""高"", ""scene_tags"": [""神经症状"", ""多例发生"", ""潜在野生动物接触"", ""人兽共患风险""], ""validation_points"": [""短时间内多例神经症状提示急性传染病可能"", ""流涎、共济失调是狂犬病常见表现之一"", ""流浪犬接触史增加感染风险""], ""risk_flags"": [""人兽共患风险"", ""需立即上报主管部门"", ""禁止私自处置病畜""], ""case_type"": ""暴发与处置边界"", ""target_disease"": ""猪狂犬病风险"", ""local_flags"": {""species_ok"": true, ""target_disease_in_diagnosis"": true, ""target_disease_mismatch"": false, ""contains_specific_dose"": false, ""contains_specific_withdrawal"": false, ""regulated_bad_treatment"": false}}",False,False,,,True,False,False,D:\XF-ChongQin\ai-\knowledge\llm_wiki_swine_authoritative,1465,887,"猪狂犬病风险
猪狂犬病风险、rabies virus
暴发与处置边界
同栏或多栋猪舍短期内发病增多，用户询问是否能先按普通病治疗观察。","{""HUMAN_REVIEWED"": 3, ""NEEDS_REVIEW"": 2}","[""SRC-0001"", ""SRC-0054""]",2058,21.89,ERNIE-4.5-Turbo-32K,92,28,18,25,21,False,True,"该回答对猪狂犬病风险的诊断准确，考虑了流行病学特征和临床症状，并提出了合理的实验室检测建议。处理方向安全，符合疾病防控要求，数据质量较高，无明显错误。
问题：诊断准确性方面，虽然整体判断正确，但未完全覆盖所有可能的鉴别诊断，因此扣2分。病理逻辑方面，对症状与疾病关系的阐述较为清晰，但可进一步细化，因此扣2分。数据质量方面，信息完整，但部分细节描述可更具体，因此扣4分。",,,,,,,,,,False,,,,,92,28,18,25,21,pass,12.94,,
53bb7cb3-bf29-55e9-a93d-700a2c9cb765,191,猪水疱性口炎,swine_hunyuan_turbos,hunyuan-turbos-20250926,成功,,猪,我家有120头育肥猪，平均体重在60公斤左右，最近几天有几头出现口腔和蹄部起水疱、流涎、跛行的情况，体温也偏高，大概39℃多，之前用过一些抗生素没见好转。请问这种情况是不是要马上采样送检？该取哪些部位？怎么保存和运输才不会影响检测结果？另外怕误诊成口蹄疫耽误处理，有没有办法先自己简单区分一下？,根据描述的口腔及蹄部水疱、流涎、跛行、发热等症状，高度怀疑为水疱性疾病，包括口蹄疫（FMD）、猪水疱病（SVD）、猪水疱疹（VES）、猪水疱性口炎（VSV）等。这些疾病在临床上难以区分，必须通过实验室检测进行确诊。,treatment_direction: 目前不建议盲目使用抗病毒或抗菌药物，应先停止随意投药，等待实验室结果后再制定针对性措施。；management_measures: 立即将发病猪与健康猪分栏隔离，减少人员、车辆、器具交叉接触；加强圈舍消毒，限制人员和物资流动；对同批次未发病猪密切观察。；sampling_and_submission: 应采集新鲜水疱液、破溃后的溃疡组织、部分健康与病变交界处的组织块，必要时可加采血液样本；样品应在低温（冰袋或冷链）条件下尽快送至具备资质的兽医实验室，并注明采集时间、地点、临床症状及流行病学史。；prohibited_boundaries: 严禁在未排除重大动物疫病（如口蹄疫）前擅自屠宰、出售或转运病猪及其产品；禁止自行使用未经批准的疫苗或药物。,因尚未确诊且未使用特定药物，暂无明确休药期建议；待实验室确诊后按相应疫病防控方案执行。,"{""disease_name"": ""猪水疱性口炎"", ""severity"": ""中等至严重（视是否伴随重大疫病而定）"", ""scene_tags"": [""育肥猪"", ""水疱性病变"", ""发热"", ""跛行"", ""采样送检""], ""validation_points"": [""症状符合多种水疱性病毒病的共同表现"", ""需通过实验室检测与其他水疱病鉴别"", ""管理上强调隔离、消毒与限制移动""], ""risk_flags"": [""存在重大动物疫病（如口蹄疫）风险，需严格按检疫规定处置"", ""延误送检可能导致疫情扩散""], ""case_type"": ""采样送检咨询"", ""target_disease"": ""猪水疱性口炎"", ""local_flags"": {""species_ok"": true, ""target_disease_in_diagnosis"": true, ""target_disease_mismatch"": false, ""contains_specific_dose"": false, ""contains_specific_withdrawal"": false, ""regulated_bad_treatment"": false}}",False,False,,,True,False,False,D:\XF-ChongQin\ai-\knowledge\llm_wiki_swine_authoritative,1465,887,"猪水疱性口炎
猪水疱性口炎、vesicular stomatitis viruses
采样送检咨询
用户描述症状后，重点询问采什么样品、如何判断和如何避免误治。","{""HUMAN_REVIEWED"": 3, ""NEEDS_REVIEW"": 2}","[""SRC-0001"", ""SRC-0054""]",2104,24.8,ERNIE-4.5-Turbo-32K,82,27,18,22,15,False,True,"整体回答较为全面，诊断方向正确，考虑了多种水疱性疾病的可能性，并强调了实验室检测的重要性。管理措施和采样建议合理，符合疾病防控要求。
问题：诊断部分虽然提到了多种水疱性疾病，但对猪水疱性口炎的针对性描述不足，未充分体现该疾病与其他水疱病的区别。；病理逻辑部分对症状与疾病的关联性解释不够深入，缺乏对猪水疱性口炎特异性的分析。；数据质量方面，回答中未明确提及猪水疱性口炎的流行病学特点或特异性症状，信息完整性有待提升。",,,,,,,,,,False,,,,,82,27,18,22,15,pass,16.08,,
3bd31cf4-0f53-502c-a40e-e921b23fded3,192,猪甲病毒相关感染,swine_hunyuan_turbos,hunyuan-turbos-20250926,成功,,猪,我家有200头90公斤左右的育肥猪，已经养了快半年，最近几天有几头出现精神沉郁、体温升高到40℃左右、呼吸稍急促，还有个别猪皮肤发红，食欲下降。圈舍通风一般，前几天刚用过一些抗生素防继发感染。现在离计划出栏只剩十来天，想问这种情况还能治吗？会不会影响卖猪？,根据描述的症状（高热、呼吸加快、皮肤发红）结合近期用药史，考虑可能为病毒性发热性疾病，如猪甲病毒相关感染或其他病毒感染，需排除其他常见传染病。当前信息不足以确诊，建议进行实验室检测明确病原。,立即隔离发病猪，加强圈舍通风降温，减少应激；对全群进行支持性护理（充足饮水、易消化饲料）；采集血液及组织样本送实验室检测病原；禁止使用未经批准的抗病毒药物；若确诊为重大动物疫病，应按规定上报并配合扑杀或无害化处理，不得擅自出售。,因病因未明且涉及潜在重大疫病，现阶段不建议出栏销售；任何药物使用均需依据检测结果和监管部门指导确定休药期。,"{""disease_name"": ""猪甲病毒相关感染"", ""severity"": ""中等至严重"", ""scene_tags"": [""育肥猪"", ""高热"", ""呼吸道症状"", ""皮肤发红"", ""临近出栏""], ""validation_points"": [""症状符合部分病毒感染特征"", ""需实验室检测排除重大疫病"", ""管理上应立即隔离与送检""], ""risk_flags"": [""疑似重大动物疫病风险"", ""禁止擅自销售""], ""case_type"": ""上市休药期咨询"", ""target_disease"": ""猪甲病毒相关感染"", ""local_flags"": {""species_ok"": true, ""target_disease_in_diagnosis"": true, ""target_disease_mismatch"": false, ""contains_specific_dose"": false, ""contains_specific_withdrawal"": false, ""regulated_bad_treatment"": false}}",False,False,,,True,False,False,D:\XF-ChongQin\ai-\knowledge\llm_wiki_swine_authoritative,1465,887,"猪甲病毒相关感染
猪甲病毒相关感染、togaviruses getah sagiyama ross river eee
上市休药期咨询
用户接近出栏，关心治疗方向和用药后能否出栏销售。","{""NEEDS_REVIEW"": 5}","[""SRC-0001""]",2057,28.42,ERNIE-4.5-Turbo-32K,72,22,16,19,15,False,False,"该回答在诊断准确性、病理逻辑、处方安全性和数据质量方面表现中等，整体符合测试数据有效性要求，但存在部分不足，需进一步优化。
问题：诊断准确性方面，虽然考虑了病毒性发热性疾病的可能性，但未充分结合猪甲病毒相关感染的特异性症状进行深入分析，且未明确提及该疾病的典型特征，如关节肿胀等，导致诊断准确性评分不高。；病理逻辑方面，回答中提到了需排除其他常见传染病，但未具体说明可能的其他疾病，逻辑不够严密。；处方安全性方面，提出的隔离、通风、支持性护理等措施合理，但未针对猪甲病毒相关感染提出具体的治疗建议，且对于休药期的说明过于笼统，缺乏具体指导。；数据质量方面，回答中引用的症状与疾病有一定关联性，但缺乏更详细的病例描述和实验室检测结果支持，数据质量有待提升。",,,,,,,,,,False,,,,,72,22,16,19,15,review,21.42,,
47ad0815-dd2c-5c52-8918-7f10bc27d242,193,猪放线杆菌败血症,swine_hunyuan_turbos,hunyuan-turbos-20250926,成功,,猪,我家是200头左右的保育后期到育肥前期猪，平均体重40公斤左右，这几天有五六头开始咳嗽、喘气，体温升高到41℃以上，精神差、吃料少，昨天又发现一头呼吸急促、皮肤发红，怀疑是不是传染病，要不要整栏都投药？圈舍通风一般，最近气温忽高忽低。,根据描述的症状（高热、咳嗽、喘气、采食下降、部分个体皮肤发红）及群体性发生特点，结合保育至育肥阶段易感性，考虑可能为细菌性败血症性疾病，如猪放线杆菌败血症（Actinobacillus suis septicemia），其临床表现可类似猪丹毒并伴发呼吸道症状。需要实验室检测（血涂片、细菌分离培养、PCR等）与猪丹毒、链球菌病等鉴别。,立即将病猪与健康猪分群管理，减少混群接触；改善圈舍通风与保温，适当提高环境温度以减少冷应激；对表现明显症状的个体进行采样送检（血液、组织）；在确诊前不建议随意使用广谱抗生素全群投喂，以免掩盖病情并影响检测结果；若确诊为A. suis感染，可根据药敏结果选择敏感抗生素治疗，同时加强饲养管理与生物安全防控；严禁私自出售或转运病死猪，防止疫情扩散。,因涉及群体用药与检疫，需依据实验室检测结果及所用药物种类确定具体休药期，并在停药后按规定时间方可出栏或转群。,"{""disease_name"": ""猪放线杆菌败血症"", ""severity"": ""中等至高"", ""scene_tags"": [""保育猪"", ""育肥猪"", ""群体发病"", ""呼吸道症状"", ""高热"", ""皮肤病变""], ""validation_points"": [""症状符合A. suis急性败血症特征（高热、呼吸异常、皮肤红斑）"", ""群体发生提示传染性因素"", ""需与猪丹毒、链球菌病等鉴别""], ""risk_flags"": [""可能为人畜共患病监测对象（链球菌等需排除）"", ""存在重大疫病排查需求""], ""case_type"": ""呼吸道群体发病"", ""target_disease"": ""猪放线杆菌败血症"", ""local_flags"": {""species_ok"": true, ""target_disease_in_diagnosis"": true, ""target_disease_mismatch"": false, ""contains_specific_dose"": false, ""contains_specific_withdrawal"": false, ""regulated_bad_treatment"": false}}",False,False,,,True,False,False,D:\XF-ChongQin\ai-\knowledge\llm_wiki_swine_authoritative,1465,887,"猪放线杆菌败血症
猪放线杆菌败血症、actinobacillus suis septicemia pleuropneumonia
呼吸道群体发病
同栏出现咳嗽、喘气、发热、采食下降，用户想判断病因和是否需要全群用药。","{""HUMAN_REVIEWED"": 3, ""NEEDS_REVIEW"": 2}","[""SRC-0001"", ""SRC-0006"", ""SRC-0058"", ""SRC-0064""]",2167,38.52,ERNIE-4.5-Turbo-32K,82,27,18,20,17,False,True,"整体回答质量较高，诊断方向合理，症状与疾病匹配度较高，处理方向安全，但存在部分细节可优化，如诊断逻辑的严谨性、数据质量完整性等。
问题：诊断逻辑中，虽然提到需实验室检测与猪丹毒、链球菌病等鉴别，但未明确说明鉴别诊断的具体依据或优先级，逻辑严谨性稍欠。；数据质量方面，用户查询中提到的症状（如咳嗽、喘气、高热等）与疾病匹配度较高，但未提及具体症状的持续时间或严重程度分级，对诊断的支撑力度稍弱。；处方安全中，虽然强调了确诊前不建议随意使用广谱抗生素，但未提供初步应急处理建议（如隔离、观察等），可能影响实际操作的及时性。；休药期承诺未给出具体药物或时间范围，仅说明需依据检测结果确定，略显笼统。",,,,,,,,,,False,,,,,82,27,18,20,17,pass,25.7,,
a4919612-0540-5b36-88be-fe10e012362d,194,猪萎缩性鼻炎,swine_hunyuan_turbos,hunyuan-turbos-20250926,成功,,猪,我家有200头60公斤左右的育肥猪，最近陆续出现打喷嚏、流清鼻涕、呼吸有点粗的情况，已经持续十来天了，之前用过替米考星拌料，有些好转又反复。现在想搞清楚是不是萎缩性鼻炎还是混有其他病原，该采哪些样送检测？,根据描述，育肥猪出现持续性喷嚏、流涕及轻度呼吸音增粗，且用药后症状反复，提示可能存在非进行性萎缩性鼻炎（Bordetella bronchiseptica）或其他呼吸道病原的混合感染。需要结合鼻腔拭子、气管灌洗液或肺组织进行细菌分离培养及PCR检测，以明确是否同时存在支原体、流感病毒、多杀性巴氏杆菌等病原。,建议采集鼻腔拭子和气管灌洗液送检，必要时剖检取肺组织和鼻甲骨做病理学检查；管理上加强通风、降低氨气浓度，减少应激因素；若确诊B. bronchiseptica为主因，可在兽医指导下使用敏感抗生素控制继发感染，并配合改善饲养环境；禁止自行随意更换或加大抗生素用量，以免掩盖病情或导致耐药。,具体停药期需依据所用药物说明书及检测结果确定，送检期间暂停使用可能影响检测结果的抗菌药物。,"{""disease_name"": ""猪萎缩性鼻炎"", ""severity"": ""中等"", ""scene_tags"": [""育肥猪"", ""呼吸道症状"", ""慢性反复"", ""疑似混合感染""], ""validation_points"": [""症状符合非进行性萎缩性鼻炎特征"", ""需通过实验室检测排除其他呼吸道病原"", ""管理干预与病原控制并重""], ""risk_flags"": [""症状反复提示可能混合感染"", ""需防止误诊延误防控""], ""case_type"": ""呼吸道采样送检"", ""target_disease"": ""猪萎缩性鼻炎"", ""local_flags"": {""species_ok"": true, ""target_disease_in_diagnosis"": false, ""target_disease_mismatch"": true, ""contains_specific_dose"": false, ""contains_specific_withdrawal"": false, ""regulated_bad_treatment"": false}}",True,True,target_disease_in_diagnosis,target_disease_in_diagnosis,False,True,True,D:\XF-ChongQin\ai-\knowledge\llm_wiki_swine_authoritative,1465,887,"猪萎缩性鼻炎
猪萎缩性鼻炎、bordetella bronchiseptica nonprogressive atrophic rhinitis
呼吸道采样送检
呼吸道症状持续，用药效果不稳定，用户询问采什么样品和如何鉴别混合感染。","{""HUMAN_REVIEWED"": 2, ""NEEDS_REVIEW"": 2}","[""SRC-0001"", ""SRC-0007"", ""SRC-0059"", ""SRC-0070""]",2221,33.13,ERNIE-4.5-Turbo-32K,88,27,18,23,20,False,False,"该回答整体符合猪萎缩性鼻炎的诊断与处理要求，症状描述与疾病特征匹配，诊断逻辑合理，采样建议和实验室检测方向明确，管理措施和用药建议安全，数据质量较高，无明显致命风险。
问题：诊断准确性方面，虽然症状描述与疾病特征匹配，但未明确提及猪萎缩性鼻炎的典型症状如鼻甲骨萎缩、面部变形等，可能影响诊断的全面性。；病理逻辑方面，未详细说明如何通过实验室检测结果区分非进行性萎缩性鼻炎与其他呼吸道病原的混合感染，逻辑稍显不足。；处方安全方面，虽然强调了禁止自行随意更换或加大抗生素用量，但未提供具体的敏感抗生素选择建议，可能影响实际操作的指导性。；数据质量方面，整体描述清晰，但缺乏对症状持续时间的具体量化描述，可能影响诊断的精确性。",,,,,,,,,,False,,,,,88,27,18,23,20,reject,23.26,,
241d611b-7feb-5dcb-b8ed-4c3c7c7c8f07,195,仔猪梭菌性肠炎,swine_hunyuan_turbos,hunyuan-turbos-20250926,成功,,猪,我家有200头母猪，现在产房里刚出生5天的仔猪陆续出现拉黄色稀粪的情况，有的窝全窝都拉，有的只是个别，精神还行，吃奶也正常，就是粪便有点腥味，没有血，也没有呕吐。之前用过恩诺沙星饮水防过大肠杆菌，效果一般。想问问这是啥原因，要不要采样送检？,根据日龄（5日龄）、整窝发病、黄色稀粪、无血、无呕吐等特征，考虑为细菌性腹泻可能性大，包括大肠杆菌（ETEC）、梭菌（如C. perfringens A型或C. difficile）等，同时需排除轮状病毒、冠状病毒等病毒性腹泻及球虫感染。建议结合实验室检测明确病原。,treatment_direction: 立即停喂可疑污染的乳料，保持产房温暖干燥，减少应激；对腹泻严重个体进行补液防止脱水；避免使用广谱抗生素掩盖病原；针对疑似梭菌或大肠杆菌可考虑使用敏感抗生素，但须依据检测结果调整方案。；management_measures: 加强产房卫生消毒，及时清理湿垫料，保证仔猪吃到初乳；观察其他窝别是否出现类似情况，做好隔离记录。；sampling_and_testing: 采集新鲜腹泻粪便样品送实验室进行细菌培养、PCR检测（包括大肠杆菌毒力基因、梭菌毒素基因、轮状病毒、冠状病毒、球虫等），必要时做病理组织学检查。；prohibited_boundaries: 在未确诊前不得使用未经批准的兽药或超量用药；禁止随意剖检病死猪以防疫情扩散；若怀疑重大疫病（如非洲猪瘟、口蹄疫等），应立即上报当地畜牧部门。,因未确定具体用药方案，无法给出确切休药期，需根据最终使用的药物种类及国家相关规定执行。,"{""disease_name"": ""仔猪梭菌性肠炎"", ""severity"": ""中等"", ""scene_tags"": [""产房"", ""5日龄仔猪"", ""整窝发病"", ""黄色稀粪"", ""无血便""], ""validation_points"": [""按日龄和病程分层鉴别腹泻病因"", ""涵盖病毒性、细菌性、寄生虫性可能"", ""强调采样送检的重要性""], ""risk_flags"": [""潜在重大疫病风险"", ""需实验室确诊""], ""case_type"": ""腹泻采样送检"", ""target_disease"": ""仔猪梭菌性肠炎"", ""local_flags"": {""species_ok"": true, ""target_disease_in_diagnosis"": false, ""target_disease_mismatch"": true, ""contains_specific_dose"": false, ""contains_specific_withdrawal"": false, ""regulated_bad_treatment"": false}}",True,True,target_disease_in_diagnosis,target_disease_in_diagnosis,False,True,True,D:\XF-ChongQin\ai-\knowledge\llm_wiki_swine_authoritative,1465,887,"仔猪梭菌性肠炎
仔猪梭菌性肠炎、clostridial diseases
腹泻采样送检
用户描述粪便性状、日龄和病程，重点询问如何鉴别病毒性、细菌性或寄生虫性腹泻。","{""HUMAN_REVIEWED"": 2, ""NEEDS_REVIEW"": 2}","[""RC-DIARRHEA-001"", ""SRC-0001"", ""SRC-0007"", ""SRC-0030"", ""SRC-0052"", ""SRC-0062"", ""SRC-0063"", ""SRC-0064"", ""SRC-0071"", ""SRC-0072"", ""SRC-0073"", ""SRC-0077"", ""SRC-0081""]",2221,31.35,ERNIE-4.5-Turbo-32K,82,28,18,20,16,False,False,"整体回答较为全面，诊断考虑了多种可能性，处理方向安全，但存在部分细节可优化。
问题：诊断准确性方面，虽然考虑了多种病因，但对仔猪梭菌性肠炎的指向性不够强，未充分结合梭菌性肠炎的典型特征（如突然死亡、血便等，尽管当前案例无血便，但可进一步分析其他特征）进行深入分析。；病理逻辑方面，对于不同病因的鉴别诊断逻辑较清晰，但缺乏对梭菌性肠炎病理机制的简要阐述，以增强诊断的说服力。；处方安全方面，整体处理方向安全，但“针对疑似梭菌或大肠杆菌可考虑使用敏感抗生素，但须依据检测结果调整方案”表述稍显笼统，可进一步说明在等待检测结果期间的一般性处理原则。；数据质量方面，回答涵盖了用户查询的关键信息，但对用户描述的症状利用不够充分，如粪便腥味等特征未在诊断中深入分析。",,,,,,,,,,False,,,,,82,28,18,20,16,reject,20.06,,
d3596fef-1f36-5d7b-a269-8975328f99ef,196,仔猪水肿病,swine_hunyuan_turbos,hunyuan-turbos-20250926,成功,,猪,我家有120头90公斤左右的育肥猪，还有20天就准备出栏了，这几天陆续有几头开始拉稀，精神还可以，但个别猪眼睑和面部有点肿，肚子也有点鼓胀，体温正常。圈舍通风一般，前几天喂过一次土霉素拌料。现在这种情况还能继续养到出栏吗？会不会影响卖猪？要不要隔离或者打什么针？,根据描述，结合日龄、症状和病程，考虑为仔猪水肿病（Edema Disease），由产Stx2e毒素的EDEC引起，经肠道定植后毒素入血导致局部组织水肿，部分病例可伴腹泻。虽然粪便培养可能阴性，但在病程较长时仍不能完全排除本病。,treatment_direction: 针对疑似水肿病应重点支持治疗和减少应激，避免使用未经许可的药物以防残留超标。；management_measures: 立即将明显肿胀、精神沉郁的个体隔离至单独栏位，改善圈舍通风与卫生，降低密度，减少应激因素如突然换料、惊吓等。；sampling_and_testing: 采集发病猪血液、肠内容物及水肿组织送实验室进行细菌分离培养和毒素检测，必要时做PCR鉴定Stx2e基因，以明确病原。；prohibited_boundaries: 严禁使用国家禁用兽药或未批准的人用抗生素；禁止在临近出栏期随意注射可能影响肉品安全的药物；发现群体性神经症状或高死亡率应立即向当地动物防疫部门报告。,因临近出栏且存在用药限制，不建议在此时进行任何可能影响食品安全的治疗性用药，应以管理控制和送检为主。,"{""disease_name"": ""仔猪水肿病"", ""severity"": ""中等偏重"", ""scene_tags"": [""育肥猪"", ""临近出栏"", ""神经水肿"", ""腹泻""], ""validation_points"": [""符合水肿病的日龄分布与临床表现"", ""存在Stx2e毒血症机制特征"", ""病程长时细菌学阴性不排除诊断""], ""risk_flags"": [""临近出栏期用药受限"", ""潜在食品安全风险需谨慎处理"", ""若怀疑重大疫情需及时上报""], ""case_type"": ""腹泻出栏边界"", ""target_disease"": ""仔猪水肿病"", ""local_flags"": {""species_ok"": true, ""target_disease_in_diagnosis"": true, ""target_disease_mismatch"": false, ""contains_specific_dose"": false, ""contains_specific_withdrawal"": false, ""regulated_bad_treatment"": false}}",False,False,,,True,False,False,D:\XF-ChongQin\ai-\knowledge\llm_wiki_swine_authoritative,1465,887,"仔猪水肿病
仔猪水肿病、edema disease e coli
腹泻出栏边界
临近出栏猪群出现腹泻，用户关心处理方向、隔离和用药后能否销售。","{""HUMAN_REVIEWED"": 3, ""NEEDS_REVIEW"": 2}","[""SRC-0001"", ""SRC-0063"", ""SRC-0064""]",2141,32.92,ERNIE-4.5-Turbo-32K,72,24,16,18,14,False,False,"该回答在诊断准确性、病理逻辑、处方安全性和数据质量方面表现中等，存在部分不足，需进一步优化。
问题：诊断准确性方面，虽然考虑了仔猪水肿病的可能性，但未完全排除其他类似疾病，如猪传染性胃肠炎或猪流行性腹泻，这些疾病也可能导致腹泻和面部肿胀。；病理逻辑方面，对仔猪水肿病的病理机制描述较为准确，但未充分解释为何在病程较长时细菌学检查可能阴性，这可能导致诊断的不确定性增加。；处方安全性方面，提出的支持治疗和管理措施较为合理，但未提供具体的药物名称或剂量，仅强调避免使用未经许可的药物，这在实际操作中可能缺乏指导性。；数据质量方面，回答中包含了用户查询、诊断、处方和管理措施等多个部分，但部分信息如采样和检测的建议较为笼统，缺乏具体操作步骤。",,,,,,,,,,False,,,,,72,24,16,18,14,review,21.68,,
39b9fa09-a1d3-5e05-86ec-bc76f23059a2,197,副猪嗜血杆菌病,swine_hunyuan_turbos,hunyuan-turbos-20250926,成功,,猪,我家有120头保育猪，平均体重25公斤左右，最近一周陆续出现精神沉郁、体温升高到40℃以上、关节肿胀、走路跛行的现象，有的还伴有呼吸急促和抽搐。之前用过阿莫西林饮水，效果不明显，反而死亡了三四头。现在想问下这种情况应该采哪些样送检测？怎么判断是不是副猪嗜血杆菌病？怕误诊耽误治疗。,根据描述的急性发热、多关节肿胀、跛行、呼吸窘迫及神经症状，结合使用抗生素无效且死亡率上升的情况，高度怀疑为副猪嗜血杆菌病（Glasser's disease）。该病由Haemophilus parasuis引起，可引起多发性浆膜炎、关节炎、脑膜炎等全身性病变。需通过实验室检测确诊。,treatment_direction: 在确诊前不建议盲目更换广谱抗生素，应先采集病料送检明确病原及耐药性。若确诊为副猪嗜血杆菌病，可在兽医指导下选用敏感抗菌药物，并结合支持疗法。；management_measures: 立即隔离发病猪只，减少应激，改善通风与保温条件，保证清洁饮水与易消化饲料，防止继发感染。；sampling_and_testing: 建议采集濒死或刚死亡猪的关节液、心包液、脑膜组织、肺脏及脾脏等病料，进行细菌分离培养、PCR检测及药敏试验。同时记录临床症状与剖检变化供实验室参考。；prohibited_boundaries: 严禁在未确诊情况下随意更换或加大抗生素用量；禁止将病死猪随意丢弃或流入市场；发现可疑重大疫情应立即向当地动物防疫部门报告。,因涉及具体药物及疗程未定，无法给出确切休药期，须按所用药物说明书及监管部门规定执行。,"{""disease_name"": ""副猪嗜血杆菌病"", ""severity"": ""高致死性"", ""scene_tags"": [""保育猪"", ""高热"", ""关节肿胀"", ""跛行"", ""神经症状"", ""抗生素治疗无效""], ""validation_points"": [""符合副猪嗜血杆菌病的多系统临床表现"", ""抗生素治疗无效提示可能耐药或混合感染"", ""需要实验室确诊以避免误诊""], ""risk_flags"": [""潜在高死亡率"", ""易与其他细菌性疾病混淆"", ""存在传播风险""], ""case_type"": ""采样送检咨询"", ""target_disease"": ""副猪嗜血杆菌病"", ""local_flags"": {""species_ok"": true, ""target_disease_in_diagnosis"": true, ""target_disease_mismatch"": false, ""contains_specific_dose"": false, ""contains_specific_withdrawal"": false, ""regulated_bad_treatment"": false}}",False,False,,,True,False,False,D:\XF-ChongQin\ai-\knowledge\llm_wiki_swine_authoritative,1465,887,"副猪嗜血杆菌病
副猪嗜血杆菌病、gl sser s disease
采样送检咨询
用户描述症状后，重点询问采什么样品、如何判断和如何避免误治。","{""HUMAN_REVIEWED"": 2, ""NEEDS_REVIEW"": 2}","[""SRC-0001"", ""SRC-0012"", ""SRC-0023"", ""SRC-0066"", ""SRC-0070""]",2221,33.28,ERNIE-4.5-Turbo-32K,88,28,18,23,20,False,True,"该回答整体上对副猪嗜血杆菌病的诊断、采样、治疗及管理措施进行了较为全面和准确的描述，符合测试数据有效性的要求。诊断准确性较高，病理逻辑基本合理，处方安全且与疾病相互印证，数据质量良好。
问题：诊断准确性方面，虽然整体判断准确，但未完全覆盖所有症状与疾病的典型关联性解释，如呼吸急促和抽搐与副猪嗜血杆菌病的直接关联性未详细阐述。；病理逻辑方面，对于抗生素治疗无效的原因分析不够深入，仅提及可能耐药或混合感染，未进一步探讨其他可能性。；数据质量方面，虽然提供了详细的采样建议和治疗管理措施，但在症状描述与疾病匹配的细节上仍有提升空间。；处方安全性方面，虽然强调了确诊前不建议盲目更换广谱抗生素，但未提供具体的敏感抗菌药物选择建议（仅说明需在兽医指导下选用）。",,,,,,,,,,False,,,,,88,28,18,23,20,pass,21.87,,
5ac1485c-5761-5209-b0a3-b1c7a55d3bab,198,猪钩端螺旋体病,swine_hunyuan_turbos,hunyuan-turbos-20250926,成功,,猪,我家有120头母猪和20头公猪，最近两个月配种成功率明显下降，流产和死胎也多了起来，之前没用过什么特别的药物，圈舍通风一般，湿度偏高。想问下这种情况是不是要停配种？还要不要送样检查？,结合病史和临床表现，高度怀疑猪钩端螺旋体病引起的繁殖障碍。该病在地方流行区可导致母猪流产、死胎及配种失败，公猪也可能带菌影响精液质量。,treatment_direction: 立即暂停配种和引入新种猪，防止病原扩散；对现有猪群进行血清学和病原学检测确认感染情况。；management_measures: 加强圈舍卫生管理，降低湿度和改善通风；工作人员佩戴防护手套和防水靴，减少直接接触污染尿液的机会。；sampling_and_testing: 采集流产胎儿组织、胎盘、血液及公猪精液样本送实验室检测钩端螺旋体抗原或核酸；同时采集血清做抗体筛查。；prohibited_boundaries: 在未确诊前不得随意使用抗生素或疫苗；发现阳性结果应依据当地动物防疫法规采取隔离、消毒等措施，并通知相关部门。,因未确定具体用药方案，暂无法给出确切休药期建议，须根据后续检测结果和兽医指导执行。,"{""disease_name"": ""猪钩端螺旋体病"", ""severity"": ""中等至严重（繁殖性能下降）"", ""scene_tags"": [""繁殖障碍"", ""母猪流产"", ""公猪带菌"", ""高湿环境""], ""validation_points"": [""符合幼龄猪和妊娠母猪易发特征"", ""与繁殖损失直接关联"", ""需要实验室检测确认""], ""risk_flags"": [""职业性人兽共患风险"", ""可能跨区域传播""], ""case_type"": ""繁殖障碍送检"", ""target_disease"": ""猪钩端螺旋体病"", ""local_flags"": {""species_ok"": true, ""target_disease_in_diagnosis"": true, ""target_disease_mismatch"": false, ""contains_specific_dose"": false, ""contains_specific_withdrawal"": false, ""regulated_bad_treatment"": false}}",False,False,,,True,False,False,D:\XF-ChongQin\ai-\knowledge\llm_wiki_swine_authoritative,1465,887,"猪钩端螺旋体病
猪钩端螺旋体病、leptospirosis
繁殖障碍送检
繁殖异常持续出现，用户询问该采哪些样品、是否需要暂停配种和引种。","{""HUMAN_REVIEWED"": 3, ""NEEDS_REVIEW"": 2}","[""SRC-0001"", ""SRC-0067"", ""SRC-0068""]",2161,27.21,ERNIE-4.5-Turbo-32K,88,28,18,24,18,False,True,"整体回答质量较高，诊断准确性、处方安全性和逻辑性均较好，数据质量基本满足要求，无明显致命风险。
问题：diagnosis_accuracy: 诊断部分未明确提及猪钩端螺旋体病的典型症状（如黄疸、血红蛋白尿等），仅基于繁殖障碍和病史推测，略显不足。；pathology_logic: 病理逻辑部分对高湿环境与疾病传播的关联性解释不够深入，缺乏具体机制说明。；data_quality: 数据质量中场景标签和验证点覆盖较全面，但风险标志中未明确提及‘高湿环境’对疾病传播的具体影响，略显片面。",,,,,,,,,,False,,,,,88,28,18,24,18,pass,18.25,,
f392843e-e9f4-537f-b731-d47368332559,199,猪多杀性巴氏杆菌病,swine_hunyuan_turbos,hunyuan-turbos-20250926,成功,,猪,我这边是200头左右60公斤左右的育肥猪，最近一周陆续有猪咳嗽、喘气，体温升高到40℃以上，吃料明显减少，有的还精神沉郁。舍内通风一般，之前用过替米考星拌料三天，效果不明显。现在担心是不是传开了，要不要整栏都投药？,根据描述，该群猪可能患有肺炎型猪多杀性巴氏杆菌病，且多为继发性感染。P. multocida 常在呼吸道防御受损时继发于支原体、圆环病毒、蓝耳病等原发因素，也可由通风不良诱发。当前表现符合急性呼吸道感染特征，伴有发热、呼吸急促及采食下降。,建议立即改善圈舍通风与保温，提高环境温度以缓解猪的体感冷应激；对症状明显个体进行隔离观察；采集鼻拭子、肺组织送实验室确诊；在兽医指导下使用广谱抗生素控制细菌感染，并配合支持疗法（如补充维生素、电解质）；禁止随意更换或加大抗生素用量，防止耐药；若怀疑混合感染，应结合血清学或PCR检测排查其他病原。,按所用药物说明执行，确保出栏前满足安全休药期；治疗期间严禁出售或屠宰食用。,"{""disease_name"": ""猪多杀性巴氏杆菌病（肺炎型）"", ""severity"": ""中等至严重"", ""scene_tags"": [""育肥猪"", ""群体呼吸道症状"", ""继发感染"", ""通风不良""], ""validation_points"": [""症状符合肺炎型P. multocida感染特征"", ""存在可能的原发呼吸道病原或环境诱因"", ""抗生素治疗需结合病原检测结果""], ""risk_flags"": [""可能存在混合感染"", ""需排除其他重大呼吸道传染病""], ""case_type"": ""呼吸道群体发病"", ""target_disease"": ""猪多杀性巴氏杆菌病"", ""local_flags"": {""species_ok"": true, ""target_disease_in_diagnosis"": true, ""target_disease_mismatch"": false, ""contains_specific_dose"": false, ""contains_specific_withdrawal"": false, ""regulated_bad_treatment"": false}}",False,False,,,True,False,False,D:\XF-ChongQin\ai-\knowledge\llm_wiki_swine_authoritative,1465,887,"猪多杀性巴氏杆菌病
猪多杀性巴氏杆菌病、pasteurellosis
呼吸道群体发病
同栏出现咳嗽、喘气、发热、采食下降，用户想判断病因和是否需要全群用药。","{""HUMAN_REVIEWED"": 2, ""NEEDS_REVIEW"": 2}","[""SRC-0001"", ""SRC-0006"", ""SRC-0070""]",2221,27.28,ERNIE-4.5-Turbo-32K,82,27,18,22,15,False,True,"该回答对猪多杀性巴氏杆菌病的诊断较为准确，症状描述与疾病特征相符，诊断逻辑合理，考虑了继发感染和环境诱因。处方安全，建议改善环境、隔离观察、实验室确诊及合理使用抗生素，符合疾病处理原则。数据质量基本满足要求，但缺乏具体药物名称和剂量。
问题：诊断准确性方面，虽提及继发感染和环境诱因，但未明确排除其他重大呼吸道传染病，如蓝耳病、猪流感等，可能影响诊断全面性。；病理逻辑上，对继发感染和环境诱因的阐述可更深入，以增强诊断说服力。；处方安全性上，未提供具体抗生素名称和剂量，仅建议广谱抗生素，可能影响治疗针对性和效果。；数据质量方面，症状描述、诊断逻辑和处方建议较完整，但缺乏具体药物信息，影响数据完整性和实用性。",,,,,,,,,,False,,,,,82,27,18,22,15,pass,20.46,,
ce0ebad0-6c46-52bd-b824-846b3dd3d14b,200,猪增生性肠炎,swine_hunyuan_turbos,hunyuan-turbos-20250926,成功,,猪,我家有300头120公斤左右的育肥猪，还有半个月就准备出栏了，这几天陆续有几栏猪拉稀，粪便偏黄带点粘液，精神还行，采食量稍微下降，圈舍温度正常，之前没用过针对Lawsonia的药，这种情况还能继续养到出栏吗？会不会影响卖猪？需要怎么处理？,根据描述，该育肥猪群在出栏前出现黄色带粘液的腹泻，结合日龄及饲养管理情况，高度怀疑为猪增生性肠炎（Proliferative Enteropathy），病原为Lawsonia intracellularis。该病常在育肥后期发生，可导致轻度至中度腹泻，部分病例无明显全身症状，但可影响饲料转化率和出栏体重。需通过实验室PCR检测确诊。,treatment_direction: 若确诊为猪增生性肠炎，可在兽医指导下使用对Lawsonia有效的抗生素（如四环素类、大环内酯类等）进行针对性治疗，同时配合改善饲料消化率的措施。；management_measures: 加强圈舍卫生，减少应激因素，分栏饲养以减少交叉感染，保证饮水清洁。；sampling_testing: 采集新鲜粪便或肠内容物送实验室做Lawsonia intracellularis PCR检测，必要时结合病理剖检观察肠壁增厚等病变。；contraindications_boundary: 在未确诊前避免使用未经批准的抗生素以防耐药性和药物残留问题；出栏前须确保停药时间符合食品安全要求，且经检测无活菌排出方可考虑上市。,具体休药期需依据所用药物种类及国家相关规定执行，出栏前应确保达到安全停药期并通过检测合格。,"{""disease_name"": ""猪增生性肠炎"", ""severity"": ""中等（视感染强度与继发感染情况而定）"", ""scene_tags"": [""育肥猪"", ""出栏前"", ""腹泻"", ""Lawsonia intracellularis""], ""validation_points"": [""症状与日龄相符"", ""符合Lawsonia感染流行病学特点"", ""建议实验室确诊""], ""risk_flags"": [""可能影响出栏体重与饲料转化率"", ""存在潜在药物残留风险""], ""case_type"": ""腹泻出栏边界"", ""target_disease"": ""猪增生性肠炎"", ""local_flags"": {""species_ok"": true, ""target_disease_in_diagnosis"": true, ""target_disease_mismatch"": false, ""contains_specific_dose"": false, ""contains_specific_withdrawal"": false, ""regulated_bad_treatment"": false}}",False,False,,,True,False,False,D:\XF-ChongQin\ai-\knowledge\llm_wiki_swine_authoritative,1465,887,"猪增生性肠炎
猪增生性肠炎、proliferative enteropathy lawsonia intracellularis
腹泻出栏边界
临近出栏猪群出现腹泻，用户关心处理方向、隔离和用药后能否销售。","{""HUMAN_REVIEWED"": 2, ""NEEDS_REVIEW"": 2}","[""A0-MOA-573"", ""SRC-0001"", ""SRC-0071"", ""SRC-0072""]",2221,23.15,ERNIE-4.5-Turbo-32K,88,28,18,23,20,False,True,"整体回答质量较高，诊断准确性、病理逻辑、处方安全性和数据质量均表现良好，无明显致命风险。诊断与症状、疾病匹配度高，处理方向安全合理，符合疾病相互印证要求。
问题：诊断部分未明确提及实验室检测的必要性，仅在处方中提及，逻辑稍显不足；数据质量中，症状描述与疾病匹配度较高，但未提及具体流行病学数据支持；处方安全性中，休药期描述较为模糊，未给出具体药物示例",,,,,,,,,,False,,,,,88,28,18,23,20,pass,15.56,,
940635de-cf0c-573e-9d96-5d324fce06f8,201,猪葡萄球菌病,swine_hunyuan_turbos,hunyuan-turbos-20250926,成功,,猪,我家是200头基础母猪的种猪场，最近有3头怀孕80多天的母猪陆续流产，还有一头公猪采精量明显减少、性欲下降。圈舍通风一般，湿度偏高，之前用过阿莫西林拌料预防呼吸道病。现在很担心是不是传染病，还能不能继续配种？,根据描述，母猪流产、死胎及公猪精液质量下降提示可能存在繁殖障碍性疾病。常见原因包括猪繁殖与呼吸综合征（PRRS）、伪狂犬病、细小病毒病、乙型脑炎等病毒性病因，也可能涉及细菌性败血症继发影响。猪葡萄球菌病虽为皮肤细菌感染，但在严重全身感染时也可引起败血症并波及繁殖系统，不过更常见于仔猪渗出性表皮炎。当前情况应优先排查法定或高致病性繁殖障碍病源，同时考虑环境因素对免疫力的影响。,treatment_direction: 立即停配种，防止潜在病原扩散；采集流产胎儿、胎盘、血液样本送实验室进行病原检测（PCR/ELISA），重点排查PRRS、伪狂犬、细小病毒、乙脑等；对公猪采血做精液质量检测并送检病原体。；management_measures: 加强圈舍通风除湿，减少应激；暂停引入新种猪；已流产母猪隔离观察，必要时淘汰；公猪暂时停止采精使用。；sampling_submission: 采集流产胎儿组织、胎盘、母血样、公猪精液及血样，送至具备资质的兽医实验室检测。；prohibited_boundaries: 严禁私自出售或转移可疑种猪；不得自行注射未经许可的药物；发现疑似重大疫病应立即向当地动物防疫部门报告。,无具体药物处方，暂无休药期要求；若后续确诊需按官方指导执行相应处置与复养间隔。,"{""disease_name"": ""猪葡萄球菌病（可能并发）"", ""severity"": ""中等至严重（视病原而定）"", ""scene_tags"": [""种猪场"", ""繁殖障碍"", ""流产"", ""公猪精液异常"", ""环境应激""], ""validation_points"": [""繁殖障碍需结合胎儿/胎盘病变及病原检测确认"", ""猪葡萄球菌病主要为皮肤感染，全身性败血症时可影响繁殖系统""], ""risk_flags"": [""疑似重大动物疫病风险"", ""人畜共患病排除"", ""需实验室确诊""], ""case_type"": ""种猪繁殖障碍"", ""target_disease"": ""猪葡萄球菌病"", ""local_flags"": {""species_ok"": true, ""target_disease_in_diagnosis"": true, ""target_disease_mismatch"": false, ""contains_specific_dose"": false, ""contains_specific_withdrawal"": false, ""regulated_bad_treatment"": false}}",False,False,,,True,False,False,D:\XF-ChongQin\ai-\knowledge\llm_wiki_swine_authoritative,1465,887,"猪葡萄球菌病
猪葡萄球菌病、staphylococcosis exudative epidermitis
种猪繁殖障碍
种猪场出现流产、死胎、返情或公猪异常，用户担心传染病和是否继续配种。","{""HUMAN_REVIEWED"": 3, ""NEEDS_REVIEW"": 2}","[""SRC-0001"", ""SRC-0015"", ""SRC-0025"", ""SRC-0035"", ""SRC-0074""]",2180,37.95,ERNIE-4.5-Turbo-32K,65,20,15,15,15,False,False,"该回答在诊断准确性、病理逻辑、处方安全性和数据质量方面存在一定不足，整体得分65分，属于review级别。回答未直接聚焦于猪葡萄球菌病，而是扩展到多种繁殖障碍性疾病，虽考虑全面但偏离主题。病理逻辑上，猪葡萄球菌病与繁殖障碍的直接关联未充分阐述。处方安全性方面，建议措施合理但缺乏针对性。数据质量上，症状与疾病匹配度不高，信息完整性有待提升。
问题：诊断准确性不足：回答未直接针对猪葡萄球菌病进行诊断，而是扩展到多种繁殖障碍性疾病，虽考虑全面但偏离了题目要求的疾病范围。；病理逻辑不清晰：对于猪葡萄球菌病如何导致繁殖障碍（如流产、死胎、公猪精液质量下降）的病理机制未充分阐述，仅提到严重全身感染时可引起败血症并波及繁殖系统，缺乏具体证据支持。；处方安全性一般：建议的停配种、采样检测、加强管理等措施合理，但缺乏针对猪葡萄球菌病的特异性治疗建议，且未提及具体药物使用及休药期（虽当前无具体药物处方，但可提及一般原则）。；数据质量不高：症状与疾病匹配度不高，猪葡萄球菌病主要表现为皮肤感染，而回答中重点讨论了繁殖障碍，与疾病典型症状不符；信息完整性不足，未充分阐述猪葡萄球菌病与当前症状的直接关联。",,,,,,,,,,False,,,,,65,20,15,15,15,review,27.45,,
fee50ef0-04a8-5ada-a390-8fcc907642aa,202,猪结核病,swine_hunyuan_turbos,hunyuan-turbos-20250926,成功,,猪,我家是育肥猪场，存栏大概800头，平均体重在70公斤左右。最近一周有两栋圈舍陆续出现精神沉郁、食欲下降的猪，体温偏高，个别有咳嗽，呼吸稍快，之前没用过什么特别的药物。我想问下这种情况能不能先当普通呼吸道病治一治看看？,根据描述的症状（精神沉郁、食欲减退、发热、咳嗽、呼吸加快）及短时间内多栋圈舍同时出现的情况，需高度怀疑传染性疾病。结合猪结核病可呈亚临床或慢性经过、偶见呼吸道表现的特点，应首先排除包括猪结核病在内的慢性细菌性传染病。由于该病为人兽共患风险病原体感染，且可能为MTBC或其他Mycobacterium属菌所致，不能仅凭经验性抗生素治疗观察。,立即暂停场内随意用药，避免掩盖病情。对可疑病例进行隔离，并采集血液、组织（如肺、淋巴结）送具备资质的实验室进行病原学检测（抗酸染色、PCR等）。同时向当地动物防疫部门报告疫情，配合开展流行病学调查。严禁私自宰杀、销售或转运可疑猪只。若确诊为人兽共患型MTBC感染，须按主管部门要求进行扑杀和无害化处理，并对场地实施严格消毒。治疗期间无可用常规药物方案，禁止自行投喂抗生素掩盖症状。,因涉及人兽共患风险及法定疫病处置，不适用常规休药期概念，需依据检测结果和主管部门指令执行。,"{""disease_name"": ""猪结核病"", ""severity"": ""高风险/可能人兽共患"", ""scene_tags"": [""育肥猪"", ""多圈舍同期发病"", ""慢性呼吸道症状""], ""validation_points"": [""症状符合慢性细菌性感染特征"", ""短期内多栋圈舍发病提示传染性"", ""存在人兽共患风险需专业检测""], ""risk_flags"": [""人兽共患风险"", ""法定疫病处置边界"", ""禁止自行治疗""], ""case_type"": ""暴发与处置边界"", ""target_disease"": ""猪结核病"", ""local_flags"": {""species_ok"": true, ""target_disease_in_diagnosis"": true, ""target_disease_mismatch"": false, ""contains_specific_dose"": false, ""contains_specific_withdrawal"": false, ""regulated_bad_treatment"": false}}",False,False,,,True,False,False,D:\XF-ChongQin\ai-\knowledge\llm_wiki_swine_authoritative,1465,887,"猪结核病
猪结核病、tuberculosis
暴发与处置边界
同栏或多栋猪舍短期内发病增多，用户询问是否能先按普通病治疗观察。","{""HUMAN_REVIEWED"": 3, ""NEEDS_REVIEW"": 2}","[""SRC-0001"", ""SRC-0078""]",2109,28.34,ERNIE-4.5-Turbo-32K,92,28,18,25,21,False,True,"该回答对猪结核病的诊断、处置逻辑及安全性把控较为准确，符合人兽共患风险疫病的处理规范，数据质量较高，无明显错误。
问题：diagnosis_accuracy: 诊断部分对症状与猪结核病的关联性描述可更具体，如增加慢性病程、体重下降等典型特征的分析。；pathology_logic: 病理逻辑中未明确说明为何排除其他常见细菌性呼吸道病（如支原体肺炎）的依据。；data_quality: 场景标签中可补充‘人兽共患风险’以强化数据关联性。",,,,,,,,,,False,,,,,92,28,18,25,21,pass,17.57,,
6fdf57ec-f058-5736-a736-8b6bd0ee1eac,203,猪杂项细菌感染,swine_hunyuan_turbos,hunyuan-turbos-20250926,成功,,猪,我家有120头育肥猪，平均体重在60公斤左右，最近一周陆续出现几头精神沉郁、食欲下降、体温升高到40℃以上，有的还伴有关节肿胀、跛行的情况。圈舍通风一般，湿度偏高，之前用过阿莫西林饮水三天，效果不明显。现在想送样检查，请问该采哪些部位？怎么保存运输？会不会是病毒还是细菌引起的？,根据描述的发热、关节肿胀及抗生素治疗无效，提示可能为细菌性全身性或局部感染，如链球菌、巴氏杆菌、支原体或大肠杆菌等引起的关节炎、败血症或混合感染。需结合剖检病变和实验室分离鉴定明确病原。,treatment_direction: 暂停使用已用抗生素，尽快采集新鲜组织样本进行细菌培养和药敏试验，以指导后续针对性抗菌治疗。；management_measures: 加强圈舍通风与干燥，减少应激，分群饲养防止交叉感染；对发病个体隔离观察。；sampling_submission: 采集关节液、关节囊膜、肝、脾、肺、淋巴结等病变明显部位，必要时取脑和脊髓（尤其伴神经症状）；保持低温冷藏运输，附上动物日龄、体重、症状、用药史和剖检记录。；contraindications: 在未获得实验室结果前，避免盲目更换广谱抗生素以防掩盖病情或产生耐药；禁止将可疑病例随意出售或屠宰。,需依据最终确诊病原及所用药物确定，建议按检测结果和兽药说明书执行，并在停药期满后再出栏。,"{""disease_name"": ""猪杂项细菌感染"", ""severity"": ""中等至严重"", ""scene_tags"": [""育肥猪"", ""发热"", ""关节肿胀"", ""抗生素治疗无效"", ""采样送检""], ""validation_points"": [""症状符合细菌性全身或局部感染特征"", ""采样方案覆盖关节及系统器官，符合神经症状采样原则"", ""管理建议针对通风、隔离和降低传播风险""], ""risk_flags"": [""潜在多重细菌感染"", ""存在耐药风险"", ""需排除其他烈性传染病""], ""case_type"": ""采样送检咨询"", ""target_disease"": ""猪杂项细菌感染"", ""local_flags"": {""species_ok"": true, ""target_disease_in_diagnosis"": false, ""target_disease_mismatch"": true, ""contains_specific_dose"": false, ""contains_specific_withdrawal"": false, ""regulated_bad_treatment"": false}}",True,True,target_disease_in_diagnosis,target_disease_in_diagnosis,False,True,True,D:\XF-ChongQin\ai-\knowledge\llm_wiki_swine_authoritative,1465,887,"猪杂项细菌感染
猪杂项细菌感染、miscellaneous bacterial infections
采样送检咨询
用户描述症状后，重点询问采什么样品、如何判断和如何避免误治。","{""HUMAN_REVIEWED"": 3, ""NEEDS_REVIEW"": 2}","[""SRC-0001"", ""SRC-0008"", ""SRC-0009"", ""SRC-0064"", ""SRC-0079""]",2111,31.65,ERNIE-4.5-Turbo-32K,88,28,18,24,18,False,False,"整体回答较为全面，诊断方向合理，采样方案和管理措施符合疾病特征，但存在部分细节可优化。
问题：诊断部分未明确排除病毒性疾病，仅提及抗生素治疗无效作为细菌性感染依据，逻辑稍显不足。；病理逻辑中未详细说明关节肿胀与细菌性感染的关联性，缺乏对症状与疾病机制的深入分析。；数据质量方面，症状描述与疾病匹配度较高，但未提及具体实验室检测方法（如PCR、细菌培养等）的优先级。；处方安全中未明确禁止使用某些高风险抗生素（如氟喹诺酮类），仅建议避免盲目更换广谱抗生素。",,,,,,,,,,False,,,,,88,28,18,24,18,reject,20.19,,
0f75452d-4cb6-5088-9f79-76bd70297483,204,猪虱病,swine_hunyuan_turbos,hunyuan-turbos-20250926,成功,,猪,我家有120头育肥猪，平均体重60公斤左右，最近发现部分猪背脊和耳根处掉毛明显，还伴有抓挠和蹭墙行为，已经持续一周多。圈舍是水泥地面，通风一般，之前没做过体外驱虫。请问这种情况是不是猪虱？要不要整群都处理？环境要怎么清？多久复查一次合适？,根据描述，猪出现局部脱毛、频繁抓挠及蹭墙，提示可能存在体外寄生虫感染。猪虱病的确诊需在体表毛发上找到活的虱或附着牢固的虫卵，单纯瘙痒或皮肤损伤不能确诊。建议对可疑个体进行细致检查，必要时采集皮屑或拔取毛发镜检。,治疗方向: 如经检查确认为猪虱，可采用经批准的体外驱虫剂按说明使用，重点涂抹或喷洒在背部、耳后、颈部等易寄生部位。；管理措施: 全群同步处理以减少交叉感染；加强圈舍清扫，清除粪污和垫料，保持干燥通风；定期更换或清洗用具，防止虫卵残留。；采样送检: 对典型病例拔取病变部位毛发，置于透明胶带或载玻片上，送兽医实验室镜检确认虱或虫卵。；禁忌边界: 严禁使用未经许可的药物或超范围用药；若怀疑为其他严重传染病（如非洲猪瘟），应立即隔离并报告当地动物防疫部门，不得自行处理。,具体休药期和停药时间须参照所用驱虫产品说明书及国家相关规定执行，使用前务必咨询执业兽医。,"{""disease_name"": ""猪虱病"", ""severity"": ""中等"", ""scene_tags"": [""育肥猪"", ""体外寄生虫"", ""瘙痒"", ""环境管理""], ""validation_points"": [""诊断需找到虱或虫卵"", ""全群处理可减少再感染"", ""环境清洁是防控关键""], ""risk_flags"": [""疑似重大疫病需排除"", ""禁止随意用药""], ""case_type"": ""驱虫和环境管理"", ""target_disease"": ""猪虱病"", ""local_flags"": {""species_ok"": true, ""target_disease_in_diagnosis"": true, ""target_disease_mismatch"": false, ""contains_specific_dose"": false, ""contains_specific_withdrawal"": false, ""regulated_bad_treatment"": false}}",False,False,,,True,False,False,D:\XF-ChongQin\ai-\knowledge\llm_wiki_swine_authoritative,1465,887,"猪虱病
猪虱病、external parasites lice
驱虫和环境管理
用户询问是否需要全群处理、环境清理和复查方式。","{""HUMAN_REVIEWED"": 3, ""NEEDS_REVIEW"": 2}","[""SRC-0001"", ""SRC-0013"", ""SRC-0072"", ""SRC-0080"", ""SRC-0082""]",2028,28.57,ERNIE-4.5-Turbo-32K,88,28,18,23,20,False,True,"整体回答符合猪虱病的诊断、治疗及管理要求，诊断逻辑合理，治疗方向安全，管理措施全面，数据质量较高，无明显致命风险。
问题：诊断部分未直接确认猪虱病，仅提示可能存在体外寄生虫感染，需进一步检查确认，诊断准确性扣2分。；病理逻辑部分对猪虱病的典型症状和传播途径描述不够详细，扣2分。；数据质量部分对用户场景的描述和疾病特征的匹配度较高，但缺乏对猪虱病流行病学特点的简要说明，扣5分。",,,,,,,,,,False,,,,,88,28,18,23,20,pass,18.13,,
44fb399f-33a5-557a-b087-cd7cf292ee95,205,猪弓形虫病,swine_hunyuan_turbos,hunyuan-turbos-20250926,成功,,猪,我家有120头60日龄左右的保育猪，最近一周陆续发现几头精神差、拉稀、毛色发暗、皮肤有点粗糙，个别猪抓痒明显，采食量下降，之前用过一次广谱驱虫药效果不明显，圈舍地面潮湿，附近有散养猫活动。想问问是不是弓形虫或者别的寄生虫引起的？,根据描述的症状（腹泻、消瘦、皮肤异常、瘙痒）及环境中有猫活动的情况，考虑猪弓形虫病的可能性较大。该病在猪多为亚临床感染，但在应激或免疫力低下时可出现急性表现，包括发热、呼吸道症状、腹泻、皮肤病变等。此外，还需排除疥螨、虱子、葡萄球菌病等可引起皮肤瘙痒的疾病。,建议立即隔离疑似病例，改善圈舍卫生，减少潮湿，防止猫进入饲料和水源区域；采集粪便、血液及组织样本送实验室检测弓形虫抗体或病原；对全群进行安全有效的驱虫方案（由执业兽医制定），避免使用未经许可的药物；加强饲养管理，提高营养水平以增强抵抗力；如确诊为人兽共患风险，应关注猪肉食用安全，禁止出售可疑猪肉。,因涉及人兽共患风险，一旦确诊应按当地畜牧兽医部门指导处置，未获批准前不得屠宰上市；若使用药物治疗，须遵守相应休药期规定并由专业兽医确认。,"{""disease_name"": ""猪弓形虫病"", ""severity"": ""中等至严重（视感染程度和临床表现而定）"", ""scene_tags"": [""保育猪"", ""群体发病"", ""腹泻"", ""消瘦"", ""皮肤瘙痒"", ""猫接触史""], ""validation_points"": [""症状符合猪弓形虫病亚临床或急性表现特征"", ""存在猫源卵囊污染风险（猫活动史）"", ""需实验室检测确认病原""], ""risk_flags"": [""人兽共患风险"", ""食品安全风险"", ""需隔离与检测""], ""case_type"": ""寄生虫群体发病"", ""target_disease"": ""猪弓形虫病"", ""local_flags"": {""species_ok"": true, ""target_disease_in_diagnosis"": true, ""target_disease_mismatch"": false, ""contains_specific_dose"": false, ""contains_specific_withdrawal"": false, ""regulated_bad_treatment"": false}}",False,False,,,True,False,False,D:\XF-ChongQin\ai-\knowledge\llm_wiki_swine_authoritative,1465,887,"猪弓形虫病
猪弓形虫病、toxoplasmosis protozoa
寄生虫群体发病
猪群出现腹泻、消瘦、皮肤瘙痒或生长慢，用户怀疑寄生虫。","{""HUMAN_REVIEWED"": 3, ""NEEDS_REVIEW"": 2}","[""SRC-0001"", ""SRC-0081""]",2154,29.15,ERNIE-4.5-Turbo-32K,88,28,18,24,18,False,True,"整体回答质量较高，诊断准确性、病理逻辑、处方安全性和数据质量均表现良好，无明显致命风险。诊断考虑了症状、环境因素及可能的鉴别诊断，处方安全且关注人兽共患风险，数据质量基本满足要求。
问题：诊断准确性方面，虽然考虑了猪弓形虫病的可能性，但未充分阐述其他鉴别诊断（如疥螨、虱子、葡萄球菌病）的具体症状差异，可能导致误诊风险。；病理逻辑方面，对猪弓形虫病的病理机制解释不够深入，尤其是亚临床感染与急性表现之间的转换条件未明确说明。；数据质量方面，场景标签和验证点基本覆盖了主要信息，但缺乏对猪群具体管理细节（如饲养密度、通风情况）的描述，可能影响诊断的全面性。",,,,,,,,,,False,,,,,88,28,18,24,18,pass,18.68,,
8773daea-f83c-5c3d-9afb-240d7a09f6a0,206,猪隐孢子虫病,swine_hunyuan_turbos,hunyuan-turbos-20250926,成功,,猪,我家是200头左右的保育猪，现在40多天大，最近一周陆续出现拉稀，粪便黄绿色带泡沫，部分猪精神稍差，采食量下降。之前按细菌性腹泻用了恩诺沙星和硫酸粘菌素拌料三天，拉稀没明显好转，反而有些猪脱水更厉害了。圈舍通风还行，但湿度偏高，饲料也没换过。想问这种情况还能继续用抗生素吗？要不要送样检测一下？,根据描述，保育猪在40日龄左右出现持续腹泻，使用常规抗菌药物效果不佳，且伴有轻度脱水和食欲下降，提示可能存在非细菌性因素，如寄生虫感染（例如隐孢子虫）或其他病毒、原虫等混合感染。隐孢子虫感染在仔猪中可引起水样腹泻，常伴低死亡率，但在高湿环境下易流行，且单纯抗菌治疗效果有限。建议结合实验室检测明确病原。,treatment_direction: 停止盲目使用广谱抗菌药物，改为支持疗法（补液、电解质平衡），改善饲养环境与卫生条件，减少应激。；management_measures: 加强圈舍通风与干燥，定期清理粪污，防止交叉污染；分栏饲养以减少接触传播；确保饮水清洁。；sampling_and_testing: 采集新鲜粪便样本送实验室进行病原学检测（包括隐孢子虫、轮状病毒、冠状病毒及细菌培养），必要时做病理剖检以辅助诊断。；contraindications_and_boundaries: 在未明确病因前，不应随意更换或加大抗菌药物剂量；对疑似重大动物疫病（如非洲猪瘟）应立即隔离并按规定上报，不可自行处理。,由于当前为诊断与病因排查阶段，不建议立即恢复常规用药，待检测结果明确后再制定针对性方案。,"{""disease_name"": ""猪隐孢子虫病"", ""severity"": ""中等"", ""scene_tags"": [""保育猪"", ""腹泻"", ""抗菌药物无效"", ""环境潮湿""], ""validation_points"": [""保育猪40日龄高发隐孢子虫感染"", ""抗菌药无效提示非细菌性病因"", ""高湿环境利于隐孢子虫繁殖""], ""risk_flags"": [""潜在混合感染"", ""环境管理不足""], ""case_type"": ""腹泻用药咨询"", ""target_disease"": ""猪隐孢子虫病"", ""local_flags"": {""species_ok"": true, ""target_disease_in_diagnosis"": false, ""target_disease_mismatch"": true, ""contains_specific_dose"": false, ""contains_specific_withdrawal"": false, ""regulated_bad_treatment"": false}}",True,True,target_disease_in_diagnosis,target_disease_in_diagnosis,False,True,True,D:\XF-ChongQin\ai-\knowledge\llm_wiki_swine_authoritative,1465,887,"猪隐孢子虫病
猪隐孢子虫病、cryptosporidiosis protozoa
腹泻用药咨询
猪群腹泻后已用过常见抗菌药效果一般，用户询问是否继续用药以及是否需要送检。","{""HUMAN_REVIEWED"": 3, ""NEEDS_REVIEW"": 2}","[""SRC-0001"", ""SRC-0012"", ""SRC-0079"", ""SRC-0081""]",2108,29.43,ERNIE-4.5-Turbo-32K,88,28,18,23,20,False,False,"整体回答质量较高，诊断方向合理，考虑到了非细菌性因素如隐孢子虫感染的可能性，并建议进行实验室检测以明确病原。治疗方向安全，强调了支持疗法和改善饲养环境的重要性。数据质量良好，提供了具体的场景标签和验证点。
问题：诊断准确性方面，虽然考虑到了隐孢子虫感染的可能性，但未完全排除其他病毒或原虫混合感染的情况，诊断描述略显笼统。；病理逻辑方面，对隐孢子虫病的病理机制解释不够深入，未详细阐述为何高湿环境利于其繁殖。；数据质量方面，虽然提供了场景标签和验证点，但风险标志部分略显简单，未充分展开潜在混合感染和环境管理不足的具体影响。",,,,,,,,,,False,,,,,88,28,18,23,20,reject,18.27,,
3d3a4079-326d-59bf-9dc6-5bccdc5b45f4,207,猪蛔虫病,swine_hunyuan_turbos,hunyuan-turbos-20250926,成功,,猪,我家是200头左右的自繁自养场，最近断奶后到60斤左右的仔猪陆续出现拉稀、毛色发暗、长得慢的情况，个别还有皮肤抓挠结痂。圈舍比较潮湿，以前用过伊维菌素拌料驱过一次虫，这次想看看是不是蛔虫又起来了？,根据描述，结合仔猪阶段、腹泻、消瘦、生长缓慢及皮肤瘙痒等症状，考虑猪蛔虫病可能性较大。蛔虫幼虫在肝肺移行可引起milk spot样病变，同时成虫寄生于小肠导致消化障碍和营养吸收不良。此外，疥螨感染也可引起瘙痒结痂，需要鉴别。建议通过粪便镜检找虫卵、剖检观察肝脏病变以及皮肤刮片检查螨虫综合判断。,treatment_direction: 使用广谱驱虫药物进行全群驱虫，针对蛔虫选择对成虫和幼虫均有效的成分；如同时存在疥螨，应配合外用杀虫剂处理体表。；management_measures: 改善圈舍通风干燥条件，减少潮湿；加强饲料卫生管理，防止二次感染；定期清理粪污并消毒。；sampling_and_testing: 采集新鲜粪便做虫卵漂浮法检测；必要时剖检病死猪观察肝脏是否有milk spot样病灶；皮肤刮片显微镜检查疥螨。；prohibited_boundaries: 禁止将疑似带虫猪与健康猪混群饲养；禁止使用未经批准的驱虫药；发现严重消瘦或死亡病例应及时送检，排除其他传染病。,按所用驱虫药说明书执行相应停药期，确保上市前无药物残留。,"{""disease_name"": ""猪蛔虫病"", ""severity"": ""中等"", ""scene_tags"": [""仔猪"", ""育肥猪"", ""腹泻"", ""消瘦"", ""皮肤瘙痒"", ""群体发病""], ""validation_points"": [""症状符合蛔虫幼虫移行及成虫寄生特征"", ""环境因素（潮湿）利于蛔虫卵孵化"", ""需与疥螨病鉴别诊断""], ""risk_flags"": [""存在传播风险，需全群驱虫"", ""可能混合感染，需综合防控""], ""case_type"": ""寄生虫群体发病"", ""target_disease"": ""猪蛔虫病"", ""local_flags"": {""species_ok"": true, ""target_disease_in_diagnosis"": true, ""target_disease_mismatch"": false, ""contains_specific_dose"": false, ""contains_specific_withdrawal"": false, ""regulated_bad_treatment"": false}}",False,False,,,True,False,False,D:\XF-ChongQin\ai-\knowledge\llm_wiki_swine_authoritative,1465,887,"猪蛔虫病
猪蛔虫病、ascaris suum internal parasites
寄生虫群体发病
猪群出现腹泻、消瘦、皮肤瘙痒或生长慢，用户怀疑寄生虫。","{""HUMAN_REVIEWED"": 2, ""NEEDS_REVIEW"": 2}","[""SRC-0001"", ""SRC-0082""]",2221,26.68,ERNIE-4.5-Turbo-32K,88,28,18,23,20,False,True,"该回答整体表现良好，诊断准确性较高，症状与疾病匹配合理，鉴别诊断考虑周全。病理逻辑清晰，解释了蛔虫幼虫和成虫的致病机制。处方安全，治疗方向和管理措施合理，且考虑了药物残留问题。数据质量较高，场景标签和验证点明确。
问题：诊断准确性方面，虽然考虑了疥螨感染的可能性，但未明确说明如何区分两者在症状上的细微差异。；病理逻辑方面，对蛔虫幼虫移行引起的milk spot样病变的解释可以更详细一些。；数据质量方面，风险标志中提到的传播风险和混合感染，未在具体措施中进一步细化防控方案。",,,,,,,,,,False,,,,,88,28,18,23,20,pass,17.51,,
c0fbcc2b-d750-5cd2-92c8-d8164efae050,208,猪鞭虫病,swine_hunyuan_turbos,hunyuan-turbos-20250926,成功,,猪,我家有120头育肥猪，平均体重在50公斤左右，最近几天有几头出现拉稀，粪便里能看到带血丝的粘液，精神还行，采食量下降不多。圈舍是水泥地面，通风一般，温度偏低，之前没做过驱虫。想问这种情况是不是要全群打驱虫针？还要不要做环境消毒？多久复查一次合适？,根据描述，育肥猪出现轻度腹泻伴血丝粘液，结合圈舍环境和未驱虫史，应考虑猪鞭虫病（Trichuris suis）等内寄生虫感染的可能。该病主要寄生于盲肠和结肠，重度感染可引起结肠炎和腹泻。确诊需采集新鲜粪便进行镜检查找特征性虫卵或必要时剖检观察盲肠、结肠黏膜病变。,建议立即采集代表性粪便样本送实验室镜检，并视情况对部分病猪进行剖检取样，以明确是否为鞭虫感染及感染强度。若确诊且为轻中度感染，可在兽医指导下制定驱虫计划，选用对鞭虫有效的驱虫药（如芬苯达唑类），注意不同药物作用范围差异。同时加强圈舍卫生管理，及时清除粪污，保持干燥清洁，减少虫卵污染饲料饮水。驱虫后应间隔一定时间再次采样复查，评估驱虫效果。严禁在未确诊情况下随意使用未经许可的药物。,因涉及食品安全，任何驱虫药使用后均需遵守相应休药期规定，具体应依据所用药品说明书及当地监管要求执行，确保上市猪肉安全。,"{""disease_name"": ""猪鞭虫病"", ""severity"": ""中等（取决于感染强度和猪群健康状态）"", ""scene_tags"": [""育肥猪"", ""腹泻"", ""血丝粘液便"", ""未驱虫"", ""水泥地面圈舍""], ""validation_points"": [""粪便镜检可检出鞭虫卵或成虫"", ""剖检可见盲肠、结肠黏膜充血、溃疡"", ""驱虫与环境管理相结合可降低复发""], ""risk_flags"": [""需实验室确诊后方可实施驱虫"", ""涉及食品安全须严格休药期管理""], ""case_type"": ""驱虫和环境管理"", ""target_disease"": ""猪鞭虫病"", ""local_flags"": {""species_ok"": true, ""target_disease_in_diagnosis"": true, ""target_disease_mismatch"": false, ""contains_specific_dose"": false, ""contains_specific_withdrawal"": false, ""regulated_bad_treatment"": false}}",False,False,,,True,False,False,D:\XF-ChongQin\ai-\knowledge\llm_wiki_swine_authoritative,1465,887,"猪鞭虫病
猪鞭虫病、trichuris suis internal parasites
驱虫和环境管理
用户询问是否需要全群处理、环境清理和复查方式。","{""HUMAN_REVIEWED"": 3, ""NEEDS_REVIEW"": 2}","[""SRC-0001"", ""SRC-0026"", ""SRC-0082""]",2120,26.89,ERNIE-4.5-Turbo-32K,88,28,18,23,20,False,True,"整体回答质量较高，诊断准确性、处方安全性和数据质量均表现良好，病理逻辑部分略有不足但不影响整体判断。未发现致命风险。
问题：诊断部分虽然提到了猪鞭虫病的可能性，但未完全排除其他类似症状疾病（如猪球虫病、猪痢疾等），诊断逻辑稍显不足。；病理逻辑部分对猪鞭虫病的病理过程描述不够详细，未充分解释症状与疾病之间的直接联系。；数据质量部分，虽然提供了场景标签和验证点，但对疾病严重程度的描述较为模糊，缺乏具体量化指标。",,,,,,,,,,False,,,,,88,28,18,23,20,pass,18.05,,
65ce989c-2fe2-5063-a4c2-7fecb3bdd676,209,猪类圆线虫病,swine_hunyuan_turbos,hunyuan-turbos-20250926,成功,,猪,我家有120头35日龄左右的保育猪，这几天陆续有几头开始拉稀，先是软便后来变成水样，精神差、吃料少，有的还伴有轻度脱水。圈舍湿度偏高，通风一般，之前用过恩诺沙星拌料两天效果不明显。请问这是啥原因？该怎么处理？,根据描述，该群猪在保育阶段出现持续性水样腹泻、采食下降及轻度脱水，结合饲养环境湿度和通风条件，高度怀疑为猪类圆线虫病（Strongyloides ransomi感染）。该病常见于哺乳期至保育期，由粪口途径传播，潮湿环境利于虫卵孵化与幼虫侵入皮肤。初期可表现为轻泻，后期转为水样腹泻并伴脱水。需通过粪便镜检或黏膜刮片查找虫卵或幼虫确诊。,treatment_direction: 针对线虫感染进行驱虫，选用对Strongyloides有效的广谱驱虫药（如伊维菌素类），按说明使用；同时补充电解质溶液防止脱水。；management_measures: 改善圈舍通风与干燥度，减少高湿环境；及时清理粪便，防止重复感染；分群管理，将明显腹泻个体与健康猪分开饲养。；sampling_and_testing: 采集新鲜粪便样品送实验室镜检，必要时做黏膜刮片检查以寻找虫卵或幼虫；若怀疑混合感染，可做细菌培养排除细菌性腹泻。；prohibited_boundaries: 严禁在未确诊前随意更换抗生素种类；禁止将病猪与健康猪混养以防扩散；发现疑似重大疫病应立即上报主管部门。,因涉及驱虫药使用，应遵守所用药物的安全停药期规定，并在停药期满后再考虑出栏或屠宰。,"{""disease_name"": ""猪类圆线虫病"", ""severity"": ""中等偏重（可导致生长迟缓、死亡率升高）"", ""scene_tags"": [""保育猪"", ""群体性腹泻"", ""高湿环境"", ""采食下降""], ""validation_points"": [""符合保育阶段易感特征"", ""症状与水样腹泻、脱水一致"", ""环境因素支持虫卵孵化与传播""], ""risk_flags"": [""潜在人畜共患病风险低"", ""非法定重大动物疫病""], ""case_type"": ""腹泻群体发病"", ""target_disease"": ""猪类圆线虫病"", ""local_flags"": {""species_ok"": true, ""target_disease_in_diagnosis"": true, ""target_disease_mismatch"": false, ""contains_specific_dose"": false, ""contains_specific_withdrawal"": false, ""regulated_bad_treatment"": false}}",False,False,,,True,False,False,D:\XF-ChongQin\ai-\knowledge\llm_wiki_swine_authoritative,1465,887,"猪类圆线虫病
猪类圆线虫病、strongyloides internal parasites
腹泻群体发病
同窝或同栏出现水样腹泻、脱水、采食下降，用户想知道主要病因和紧急处理。","{""HUMAN_REVIEWED"": 1, ""NEEDS_REVIEW"": 4}","[""SRC-0001"", ""SRC-0006"", ""SRC-0082""]",2056,32.23,ERNIE-4.5-Turbo-32K,88,28,18,23,20,False,True,"该回答整体表现良好，诊断准确性较高，症状与疾病匹配合理，诊断逻辑清晰，处理方向安全且与疾病相互印证。数据质量较高，信息完整且无明显错误。
问题：诊断准确性方面，虽然高度怀疑猪类圆线虫病，但未明确提及需通过粪便镜检或黏膜刮片确诊，略显不足。；病理逻辑方面，对疾病传播途径和环境因素的解释较为充分，但可进一步细化症状与疾病发展的关联。；处方安全方面，驱虫药的选择和使用说明较为合理，但未具体提及药物剂量和休药期，存在一定信息缺失。；数据质量方面，整体信息完整，但风险标志中仅提及人畜共患病风险低和非法定重大动物疫病，可增加更多相关风险信息以提高全面性。",,,,,,,,,,False,,,,,88,28,18,23,20,pass,23.82,,
ab355c61-ddae-5d3f-a660-6ead6d9087c6,210,猪后圆线虫病,swine_hunyuan_turbos,hunyuan-turbos-20250926,成功,,猪,我场有120头35日龄的保育猪，最近一周天气忽冷忽热，加上舍内通风不太好，氨气味很重，部分猪出现咳嗽、喘气，个别还有犬坐姿势，采食量下降，体温正常偏低。之前没用过驱虫药，这种情况是环境问题还是感染了什么病？,结合临床表现（咳嗽、喘气、犬坐姿势、采食下降）及环境因素（通风不良、氨气浓度高），考虑为环境刺激叠加猪后圆线虫感染所致呼吸道综合征。后圆线虫寄生于支气管，可引起慢性咳嗽、呼吸急促，在通风差时症状加重。需排除猪流感、支原体肺炎等其他呼吸道病原。,建议立即改善通风、降低氨气浓度，保持舍温稳定；对全群进行粪便检查查找幼虫，必要时采集肺组织送实验室确诊；若确诊后圆线虫，按兽医指导使用安全有效的驱虫药物，并对圈舍彻底清洁消毒；禁止在未确诊前随意使用抗生素掩盖症状，以免延误诊断。,因涉及驱虫药使用，须严格遵循兽医开具方案中的停药期规定，确保上市前符合食品安全要求。,"{""disease_name"": ""猪后圆线虫病"", ""severity"": ""中等"", ""scene_tags"": [""保育猪"", ""通风不良"", ""氨气刺激"", ""慢性咳嗽"", ""呼吸急促""], ""validation_points"": [""症状与环境刺激相符"", ""存在寄生虫感染可能"", ""需实验室确诊""], ""risk_flags"": [""需与病毒性呼吸道病鉴别"", ""需防止误诊导致滥用抗生素""], ""case_type"": ""呼吸道环境诱因"", ""target_disease"": ""猪后圆线虫病"", ""local_flags"": {""species_ok"": true, ""target_disease_in_diagnosis"": false, ""target_disease_mismatch"": true, ""contains_specific_dose"": false, ""contains_specific_withdrawal"": false, ""regulated_bad_treatment"": false}}",True,True,target_disease_in_diagnosis,target_disease_in_diagnosis,False,True,True,D:\XF-ChongQin\ai-\knowledge\llm_wiki_swine_authoritative,1465,887,"猪后圆线虫病
猪后圆线虫病、metastrongylus lungworms
呼吸道环境诱因
通风差、氨气重或温差大后出现咳嗽喘气，用户想区分环境应激和传染病。","{""HUMAN_REVIEWED"": 1, ""NEEDS_REVIEW"": 4}","[""RC-RESP-001"", ""SRC-0001"", ""SRC-0042"", ""SRC-0043"", ""SRC-0049"", ""SRC-0050"", ""SRC-0058"", ""SRC-0059"", ""SRC-0064"", ""SRC-0066"", ""SRC-0069"", ""SRC-0070"", ""SRC-0086""]",2092,25.82,ERNIE-4.5-Turbo-32K,85,27,18,22,18,False,False,"整体回答质量较高，诊断准确，逻辑清晰，处理方向安全合理，数据质量良好，无明显致命风险。
问题：diagnosis_accuracy: 诊断中虽提及需排除猪流感、支原体肺炎等其他呼吸道病原，但未详细说明鉴别诊断方法，略显不足。；pathology_logic: 对后圆线虫病的病理机制阐述不够深入，仅简单提及寄生于支气管及症状加重条件。；data_quality: 症状描述与环境因素关联性分析可更详细，以增强数据说服力。",,,,,,,,,,False,,,,,85,27,18,22,18,reject,17.89,,
a94bd37a-6346-5429-b070-1e5dbd4d78c1,211,猪肾虫病,swine_hunyuan_turbos,hunyuan-turbos-20250926,成功,,猪,我家有200多头60日龄左右的保育猪，最近发现不少猪精神差、拉稀、毛色发暗、长得慢，有的还抓痒、皮肤起痂。圈舍地面潮湿，之前用过伊维菌素驱虫一次，但效果不明显。想问问是不是肾虫引起的？该怎么处理？,根据描述的症状（腹泻、消瘦、皮肤瘙痒、生长缓慢）、圈舍潮湿环境和驱虫效果不佳的情况，结合猪肾虫（Stephanurus dentatus）在幼猪阶段的易感性及移行期可引起肝、肾周组织损伤并继发皮肤问题，高度怀疑为猪肾虫病。建议通过尿液镜检或粪便沉渣检查寻找虫卵，必要时进行剖检观察肾脏周围囊肿及肝脏milk spots以确诊。,treatment_direction: 针对肾虫感染采用广谱抗线虫药物（如阿苯达唑类或芬苯达唑类），并结合改善圈舍卫生、降低湿度以减少再感染机会。；management_measures: 清理粪污、保持干燥通风、定期更换垫料、减少猪只在潮湿地面的停留时间。；sampling_and_testing: 采集新鲜尿液和粪便样本送实验室镜检虫卵；对病死猪进行剖检取肝、肾周围组织做病理学检查。；prohibited_boundaries: 禁止将疑似感染猪与健康猪混养，防止交叉传播；严禁未经检疫的生猪外调。,因涉及群体性寄生虫病，应暂停出栏销售，直至连续两次采样检测无虫卵为止。,"{""disease_name"": ""猪肾虫病"", ""severity"": ""中等偏重"", ""scene_tags"": [""保育猪"", ""群体发病"", ""潮湿环境"", ""慢性消耗""], ""validation_points"": [""症状符合肾虫移行期表现（消瘦、腹泻、生长迟缓）"", ""圈舍潮湿增加感染风险"", ""常规驱虫无效提示可能存在耐药或非蛔虫类寄生虫""], ""risk_flags"": [""群体感染风险高"", ""可能持续污染环境"", ""需排除其他皮肤病合并因素""], ""case_type"": ""寄生虫群体发病"", ""target_disease"": ""猪肾虫病"", ""local_flags"": {""species_ok"": true, ""target_disease_in_diagnosis"": true, ""target_disease_mismatch"": false, ""contains_specific_dose"": false, ""contains_specific_withdrawal"": false, ""regulated_bad_treatment"": false}}",False,False,,,True,False,False,D:\XF-ChongQin\ai-\knowledge\llm_wiki_swine_authoritative,1465,887,"猪肾虫病
猪肾虫病、stephanurus dentatus kidney worm
寄生虫群体发病
猪群出现腹泻、消瘦、皮肤瘙痒或生长慢，用户怀疑寄生虫。","{""HUMAN_REVIEWED"": 2, ""NEEDS_REVIEW"": 2}","[""SRC-0001"", ""SRC-0082""]",2221,31.04,ERNIE-4.5-Turbo-32K,82,27,18,22,15,False,True,"整体回答符合猪肾虫病的诊断逻辑，症状与疾病匹配度较高，诊断方向合理，处理措施安全且与疾病相互印证。但存在部分细节描述不够准确、数据质量有待提升的问题。
问题：diagnosis_accuracy: 症状描述与猪肾虫病典型症状匹配度较高，但未完全覆盖所有典型症状（如肾脏周围囊肿、肝脏milk spots等），且未明确排除其他可能疾病（如疥螨病、蛔虫病等）。；pathology_logic: 诊断逻辑基本合理，但未详细说明尿液镜检和粪便沉渣检查的具体操作步骤及阳性结果的意义，病理学检查的描述也较为笼统。；prescription_safety: 处方安全，广谱抗线虫药物选择合理，管理措施全面，但未提及具体药物剂量和用药频率，休药期承诺也较为模糊（仅提及连续两次采样检测无虫卵为止）。；data_quality: 数据质量一般，症状描述较为全面，但缺乏具体数据支持（如腹泻频率、消瘦程度等），风险评估也较为简单。",,,,,,,,,,False,,,,,82,27,18,22,15,pass,20.8,,
f4d8d561-aaaf-56bc-a917-7e7d357be73e,212,猪营养缺乏与过量综合征,swine_hunyuan_turbos,hunyuan-turbos-20250926,成功,,猪,我家有120头90公斤左右的育肥猪，圈舍通风一般，最近一周陆续有几头出现精神沉郁、食欲下降、皮肤发白、呼吸稍快的情况，之前按呼吸道病用了替米考星和多西环素拌料，效果不明显，饮水正常，粪便偏稀。请问是不是营养方面的问题？还要不要继续喂这些药？,根据描述，该群育肥猪在较大体重阶段出现精神差、食欲下降、皮肤苍白及轻度呼吸加快，且常规抗生素治疗无效，提示可能与营养代谢异常有关，如铁、铜、硒等微量元素缺乏或比例失衡，也可能涉及饲料质量、采食量不足或消化吸收障碍。需结合近期饲料配方调整、原料更换记录、饲养管理变化以及现场观察进一步判断。,treatment_direction: 暂停当前抗生素方案，先排查并纠正可能的营养失衡因素，包括检查饲料配方、原料新鲜度、混合均匀性及储存条件；必要时补充复合微量元素或维生素预混料，改善饲喂环境促进采食。；management_measures: 保证清洁饮水，减少应激，分栏饲养降低竞争压力；加强圈舍通风与温湿度控制；观察猪群整体健康状态变化。；sampling_and_testing: 采集代表性饲料样品送实验室检测营养成分、微量元素含量及霉菌毒素水平；同时可采集部分病猪血样进行血常规、血清微量元素分析，以便综合判断。；prohibited_boundaries: 在未排除营养代谢病因前，不应长期依赖广谱抗生素掩盖症状；若发现严重贫血、生长停滞或伴随其他传染病迹象，应及时联系当地兽医部门进行鉴别诊断。,无直接用药建议，故不涉及休药期。,"{""disease_name"": ""猪营养缺乏与过量综合征"", ""severity"": ""中等"", ""scene_tags"": [""育肥猪"", ""营养代谢异常"", ""抗生素治疗无效""], ""validation_points"": [""症状符合营养缺乏可能表现"", ""抗生素治疗无效提示非单纯细菌感染"", ""需结合饲料与饲养管理调查""], ""risk_flags"": [""需排除重大传染病"", ""避免盲目使用抗生素""], ""case_type"": ""育肥猪用药咨询"", ""target_disease"": ""猪营养缺乏与过量综合征"", ""local_flags"": {""species_ok"": true, ""target_disease_in_diagnosis"": false, ""target_disease_mismatch"": true, ""contains_specific_dose"": false, ""contains_specific_withdrawal"": false, ""regulated_bad_treatment"": false}}",True,True,target_disease_in_diagnosis,target_disease_in_diagnosis,False,True,True,D:\XF-ChongQin\ai-\knowledge\llm_wiki_swine_authoritative,1465,887,"猪营养缺乏与过量综合征
猪营养缺乏与过量综合征、nutrient deficiencies and excesses
育肥猪用药咨询
育肥猪出现典型症状，用户已经用过常见药物但效果一般，询问是否继续用药。","{""NEEDS_REVIEW"": 2, ""PROCESSED_SOURCE_ANCHORED"": 2}","[""SRC-0001"", ""SRC-0084""]",2221,29.79,ERNIE-4.5-Turbo-32K,88,28,18,23,20,False,False,"该回答整体表现良好，诊断方向合理，考虑到了营养代谢异常的可能性，并提出了相应的排查和处理建议。处方安全，未涉及与疾病相冲突的治疗方案。数据质量较高，症状描述与疾病匹配，诊断逻辑清晰。
问题：diagnosis_accuracy: 诊断准确性方面，虽然考虑到了营养代谢异常的可能性，但未明确提及具体可能缺乏的营养元素，如铁、铜等，仅在后续建议中提及，可进一步明确以提高准确性。；pathology_logic: 病理逻辑方面，回答中对于症状与营养代谢异常之间的联系解释不够深入，可增加更多病理生理机制的解释以增强逻辑性。；data_quality: 数据质量方面，虽然整体表现良好，但回答中对于用户提供的病史信息利用不够充分，如未详细询问饲料配方调整、原料更换等具体情况，可进一步完善以提高数据质量。",,,,,,,,,,False,,,,,88,28,18,23,20,reject,17.88,,
fc88458c-a158-51c0-b6c1-78bca09438dd,213,猪黄曲霉毒素中毒,swine_hunyuan_turbos,hunyuan-turbos-20250926,成功,,猪,我家有120头育肥猪，平均体重在70公斤左右，最近换了新一批玉米饲料后，三天内陆续出现采食量明显下降、部分猪有呕吐现象，还有几头母猪出现流产迹象，精神也变差了。请问是不是饲料有问题？该怎么处理？,根据描述，结合近期更换饲料史及出现的采食下降、呕吐、流产和精神沉郁等症状，高度怀疑为饲料中黄曲霉毒素含量超标引起的猪黄曲霉毒素中毒。该病为非感染性中毒性疾病，主要损害肝脏功能，可导致消化障碍、繁殖障碍及全身症状。,treatment_direction: 立即停止使用可疑饲料，更换为无霉变、质量可靠的饲料；提供清洁饮水，适当补充葡萄糖和维生素C以促进代谢；加强饲养管理，减少应激。；management_measures: 对全场猪群进行临床观察，记录症状变化；清理料槽残留霉变饲料并彻底清洗消毒；改善通风与防潮条件，防止饲料二次污染。；sampling_submission: 采集剩余可疑饲料样品送具备资质的实验室检测黄曲霉毒素B1等指标；同时可采集病死猪肝脏组织进行病理学检查，以明确毒素暴露程度。；prohibited_boundaries: 严禁继续使用可疑饲料；禁止将病猪出售或屠宰流入市场；在未排除重大动物疫病前，不得擅自混群或外调。,因属中毒事件，需待饲料更换且症状稳定后再考虑出栏，期间应持续监测健康状态，确保无毒素残留影响。,"{""disease_name"": ""猪黄曲霉毒素中毒"", ""severity"": ""中等至高"", ""scene_tags"": [""饲料更换"", ""育肥猪"", ""繁殖障碍"", ""呕吐""], ""validation_points"": [""症状与黄曲霉毒素中毒相符"", ""有明确饲料更换时间节点"", ""存在多例相似临床表现""], ""risk_flags"": [""潜在饲料安全事件"", ""可能影响食品安全""], ""case_type"": ""饲料中毒咨询"", ""target_disease"": ""猪黄曲霉毒素中毒"", ""local_flags"": {""species_ok"": true, ""target_disease_in_diagnosis"": true, ""target_disease_mismatch"": false, ""contains_specific_dose"": false, ""contains_specific_withdrawal"": false, ""regulated_bad_treatment"": false}}",False,False,,,True,False,False,D:\XF-ChongQin\ai-\knowledge\llm_wiki_swine_authoritative,1465,887,"猪黄曲霉毒素中毒
猪黄曲霉毒素中毒、aflatoxin toxicosis
饲料中毒咨询
更换饲料或玉米批次后出现采食下降、呕吐、繁殖异常或神经症状，用户怀疑饲料问题。","{""NEEDS_REVIEW"": 2, ""PROCESSED_SOURCE_ANCHORED"": 2}","[""SRC-0001"", ""SRC-0085""]",2221,30.96,ERNIE-4.5-Turbo-32K,90,28,18,24,20,False,True,"该回答整体表现良好，诊断准确，处理方向安全，数据质量较高，无明显致命风险。
问题：diagnosis_accuracy: 诊断准确性较高，但未完全覆盖所有可能症状，如神经症状未明确提及。；pathology_logic: 病理逻辑基本合理，但缺乏对黄曲霉毒素具体作用机制的简要说明。；prescription_safety: 处方安全，但休药期描述较为模糊，未给出具体时间或标准。；data_quality: 数据质量较高，但症状描述与疾病匹配度可进一步提升，如增加黄疸等典型症状。",,,,,,,,,,False,,,,,90,28,18,24,20,pass,19.85,,
6d45f90b-8ce8-5700-8b74-1004faaf8166,214,猪呕吐毒素/DON中毒,swine_hunyuan_turbos,hunyuan-turbos-20250926,成功,,猪,我这边有200多头80公斤左右的育肥猪，最近几天陆续出现采食量明显下降、部分猪精神沉郁、个别有呕吐现象，粪便偏稀，体温基本正常。这批猪一直用同一批自配料，原料是本地收的玉米和大麦，怀疑是不是饲料有问题？想问下能不能继续喂这料，要不要把饲料和病猪样本送去检测？,根据描述，该群猪存在采食下降、呕吐及腹泻等症状，且饲料为本地玉米和大麦，符合猪呕吐毒素（DON）中毒的可能特征。但拒食并非特异于DON，还需排除其他霉菌毒素（如黄曲霉毒素、玉米赤霉烯酮）、细菌性肠炎、病毒性腹泻以及管理应激等因素。建议结合饲料成分分析、毒素检测及临床病理变化综合判断。,treatment_direction: 立即停喂可疑批次饲料，更换为安全无污染的全价配合饲料；加强饮水卫生，防止继发脱水；对症状明显个体可给予支持疗法（补液、电解质平衡）。；management_measures: 清理并封存剩余可疑饲料，记录投喂时间、用量及受影响猪只情况；改善通风与温湿度条件，减少应激因素。；sampling_and_testing: 采集剩余可疑饲料样品送具备资质的实验室进行霉菌毒素检测（包括DON、黄曲霉毒素、玉米赤霉烯酮等）；同时采集发病猪的血液、肝脏、肠道组织等病料做病理学检查和病原筛查，以排除传染性病因。；prohibited_boundaries: 在未明确排除重大传染病前，不得将病死猪随意出售或食用；禁止将可疑饲料转喂其他畜群；严禁自行使用未经批准的脱毒剂或解毒药物。,因属中毒事件，应依据检测结果决定后续处置；若确诊DON中毒且无其他病原感染，在更换安全饲料后可逐步恢复饲养，但需持续观察至少7天以上。,"{""disease_name"": ""猪呕吐毒素/DON中毒"", ""severity"": ""中等至严重（取决于摄入量与持续时间）"", ""scene_tags"": [""育肥猪"", ""饲料毒素"", ""采食下降"", ""呕吐"", ""腹泻""], ""validation_points"": [""症状与DON中毒相符但需鉴别其他毒素及疾病"", ""饲料原料易携带DON"", ""需通过饲料与病料检测确认""], ""risk_flags"": [""可能存在多种霉菌毒素复合污染"", ""需警惕混合感染或继发细菌感染"", ""重大疫病排查义务""], ""case_type"": ""中毒处置边界"", ""target_disease"": ""猪呕吐毒素/DON中毒"", ""local_flags"": {""species_ok"": true, ""target_disease_in_diagnosis"": false, ""target_disease_mismatch"": true, ""contains_specific_dose"": false, ""contains_specific_withdrawal"": false, ""regulated_bad_treatment"": false}}",True,True,target_disease_in_diagnosis,target_disease_in_diagnosis,False,True,True,D:\XF-ChongQin\ai-\knowledge\llm_wiki_swine_authoritative,1465,887,"猪呕吐毒素/DON中毒
猪呕吐毒素/DON中毒、don trichothecene toxicosis
中毒处置边界
用户想知道是否继续饲喂可疑饲料、怎样送检饲料和病料。","{""HUMAN_REVIEWED"": 1, ""NEEDS_REVIEW"": 2, ""PROCESSED_SOURCE_A"": 1, ""PROCESSED_SOURCE_ANCHORED"": 1}","[""SRC-0001"", ""SRC-0069"", ""SRC-0085""]",2221,33.67,ERNIE-4.5-Turbo-32K,82,27,18,23,14,False,False,"该回答整体符合猪呕吐毒素/DON中毒的测试数据要求，诊断方向合理，考虑了鉴别诊断，处方安全且与疾病相互印证，数据质量基本满足要求，无致命风险。
问题：diagnosis_accuracy: 诊断准确性方面，虽然考虑了鉴别诊断，但对症状与疾病的匹配度描述可更详细，以增强诊断的说服力。；pathology_logic: 病理逻辑方面，对疾病发生机制的阐述不够深入，可进一步补充DON中毒的病理生理过程。；data_quality: 数据质量方面，场景标签和验证点较为全面，但风险标志的描述可更具体，以更好地指导实际处置。",,,,,,,,,,False,,,,,82,27,18,23,14,reject,21.26,,
26b3fca4-8a56-5642-ad45-e0769030f256,215,猪玉米赤霉烯酮中毒,swine_hunyuan_turbos,hunyuan-turbos-20250926,成功,,猪,我家是200头基础母猪的种猪场，最近有3头怀孕80多天的母猪陆续流产，还有两头返情，一头公猪性欲明显下降、精液稀薄。饲料一直喂的是自配料，原料玉米前段时间有点发霉。我怀疑是不是传染病，还能不能继续配种？,结合饲料原料发霉史及母猪流产、返情、公猪精液质量下降等表现，应高度怀疑玉米赤霉烯酮中毒。ZEA为具有雌激素样作用的霉菌毒素，可导致母猪阴户红肿、假孕、流产倾向增加、窝产仔数减少，并影响公猪精液品质。需排除猪繁殖与呼吸综合征、伪狂犬病、细小病毒病等传染性繁殖障碍。,treatment_direction: 立即停喂可疑霉变饲料，更换合格原料；对受影响母猪进行临床观察，必要时采集血样、尿液及饲料样品送实验室检测ZEA含量；公猪暂停配种，改善饲养管理，补充优质蛋白和维生素。；management_measures: 加强饲料储存防潮防霉，定期清理料仓；全场猪只分群管理，避免健康猪接触污染饲料；记录流产、返情及公猪精液变化，持续监测。；sampling_and_testing: 采集剩余饲料、呕吐物或粪便样本，以及母猪血液、尿液，送具备资质的实验室检测ZEA浓度；同时做PRRSV、PRV、PPV等常见繁殖障碍病原PCR筛查。；prohibited_boundaries: 在确诊前不得继续使用可疑饲料；禁止将疑似中毒猪与健康猪混养；若检出法定重大疫病须按当地畜牧部门要求进行扑杀、无害化处理或封锁措施。,停用霉变饲料后，建议至少间隔一个完整繁殖周期再考虑恢复配种，期间持续监测母猪发情、受胎率及公猪精液质量。,"{""disease_name"": ""猪玉米赤霉烯酮中毒"", ""severity"": ""中等至严重（视暴露程度和管理响应而定）"", ""scene_tags"": [""种猪场"", ""繁殖障碍"", ""饲料霉变"", ""公猪精液异常""], ""validation_points"": [""饲料原料存在霉变史"", ""母猪流产、返情与公猪精液质量下降并存"", ""临床表现符合ZEA雌激素样毒性特征""], ""risk_flags"": [""潜在重大经济损失"", ""可能掩盖其他传染性疾病"", ""需防范人畜共患病以外的重大动物疫病""], ""case_type"": ""种猪繁殖障碍"", ""target_disease"": ""猪玉米赤霉烯酮中毒"", ""local_flags"": {""species_ok"": true, ""target_disease_in_diagnosis"": false, ""target_disease_mismatch"": true, ""contains_specific_dose"": false, ""contains_specific_withdrawal"": false, ""regulated_bad_treatment"": false}}",True,True,target_disease_in_diagnosis,target_disease_in_diagnosis,False,True,True,D:\XF-ChongQin\ai-\knowledge\llm_wiki_swine_authoritative,1465,887,"猪玉米赤霉烯酮中毒
猪玉米赤霉烯酮中毒、zearalenone toxicosis
种猪繁殖障碍
种猪场出现流产、死胎、返情或公猪异常，用户担心传染病和是否继续配种。","{""HUMAN_REVIEWED"": 2, ""NEEDS_REVIEW"": 2, ""PROCESSED_SOURCE_ANCHORED"": 1}","[""SRC-0001"", ""SRC-0025"", ""SRC-0085""]",2176,32.79,ERNIE-4.5-Turbo-32K,88,28,18,23,20,False,False,"该测试数据整体质量较高，诊断准确性、病理逻辑、处方安全性和数据质量均表现良好，无明显致命风险，符合通过标准。
问题：diagnosis_accuracy: 诊断准确性得分稍低，主要因未完全排除其他传染性繁殖障碍疾病的详细鉴别诊断步骤，如未明确提及具体鉴别诊断方法或依据。；pathology_logic: 病理逻辑得分中等，因对玉米赤霉烯酮中毒的病理机制解释不够深入，未详细阐述ZEA如何具体影响母猪和公猪的生殖系统。；data_quality: 数据质量得分受影响，因风险标志中提及的'需防范人畜共患病以外的重大动物疫病'未在具体诊断或处理措施中明确体现或强调。",,,,,,,,,,False,,,,,88,28,18,23,20,reject,20.78,,
773f1f56-bcf3-5cb6-b43c-0f2e11ae0d79,216,猪富马毒素中毒,swine_hunyuan_turbos,hunyuan-turbos-20250926,成功,,猪,我家有120头育肥猪，平均体重在70公斤左右，最近一周陆续出现精神不振、呼吸急促、部分猪腹部鼓胀的情况，有的还伴有腹泻。这批猪一直用同一批自配料，怀疑是原料有问题。想问下这种情况是不是中毒？还能不能继续喂现在这批料？该送什么样品去检测？,根据描述的症状（精神沉郁、呼吸急促、腹胀、腹泻），结合近期持续使用同一批自配料，高度怀疑为饲料源性中毒，尤其是富马毒素等霉菌毒素引起的中毒。富马毒素可导致肺水肿及肝毒性，表现为呼吸困难、消化紊乱等症状。建议立即停喂可疑饲料并采集饲料样本进行毒素检测，同时采集病死猪的肝脏、肺脏组织送检，以便明确毒素类型及损伤程度。,treatment_direction: 停止饲喂可疑饲料，更换为经过检验合格的清洁饲料；提供充足清洁饮水，减少应激；对重症猪给予支持性护理，如改善通风、缓解呼吸困难。；management_measures: 立即隔离症状明显的猪只，防止交叉感染；清理料槽残留可疑饲料，防止误食；加强圈舍通风换气，降低氨气浓度。；sampling_and_testing: 采集剩余可疑饲料送至具备资质的饲料检测机构，检测富马毒素及其他常见霉菌毒素含量；同时采集病死猪的肝、肺组织做病理学检查及毒素检测。；prohibited_boundaries: 在未明确毒素种类和污染程度前，严禁将可疑饲料转售或用于其他批次猪群；禁止随意使用未经许可的解毒剂或药物。,因属中毒事件，无特定药物休药期概念，但需确保新换饲料不含超标毒素且猪群恢复正常后再考虑出栏或销售。,"{""disease_name"": ""猪富马毒素中毒"", ""severity"": ""中等至严重（视毒素水平和猪只体质而定）"", ""scene_tags"": [""育肥猪"", ""自配料"", ""霉菌毒素"", ""饲料污染""], ""validation_points"": [""症状符合富马毒素中毒特征（呼吸急促、腹胀、腹泻）"", ""存在可疑饲料暴露史"", ""建议饲料及病料送检验证""], ""risk_flags"": [""疑似饲料中毒"", ""潜在群体感染风险""], ""case_type"": ""中毒处置边界"", ""target_disease"": ""猪富马毒素中毒"", ""local_flags"": {""species_ok"": true, ""target_disease_in_diagnosis"": false, ""target_disease_mismatch"": true, ""contains_specific_dose"": false, ""contains_specific_withdrawal"": false, ""regulated_bad_treatment"": false}}",True,True,target_disease_in_diagnosis,target_disease_in_diagnosis,False,True,True,D:\XF-ChongQin\ai-\knowledge\llm_wiki_swine_authoritative,1465,887,"猪富马毒素中毒
猪富马毒素中毒、fumonisin toxicosis
中毒处置边界
用户想知道是否继续饲喂可疑饲料、怎样送检饲料和病料。","{""NEEDS_REVIEW"": 2, ""PROCESSED_SOURCE_ANCHORED"": 2}","[""SRC-0001"", ""SRC-0085""]",2221,32.68,ERNIE-4.5-Turbo-32K,88,28,18,23,20,False,False,"整体回答质量较高，诊断准确性、病理逻辑、处方安全性和数据质量均表现良好，无明显致命风险。诊断准确识别了富马毒素中毒的可能性，并基于症状和饲料暴露史给出了合理建议。病理逻辑部分对富马毒素的病理作用解释较为清晰，但可进一步细化。处方安全性方面，建议合理且安全，无冲突或错误剂量。数据质量方面，信息完整，但部分细节可优化。
问题：诊断准确性方面，虽然识别了富马毒素中毒的可能性，但未完全排除其他霉菌毒素或中毒原因，可进一步拓宽鉴别诊断范围。；病理逻辑部分，对富马毒素导致肺水肿和肝毒性的解释较为基础，可增加更详细的病理机制描述。；数据质量方面，场景标签和验证点较为全面，但风险标志中'潜在群体感染风险'表述不够准确，富马毒素中毒非传染性疾病，应调整为'潜在群体暴露风险'。",,,,,,,,,,False,,,,,88,28,18,23,20,reject,21.65,,
fdc26293-1c4c-5a05-94eb-ee41f930715c,217,猪矿物质与化学物中毒,swine_hunyuan_turbos,hunyuan-turbos-20250926,成功,,猪,我家有120头育肥猪，平均体重在80公斤左右，最近刚换了一批玉米饲料，大概三天后陆续出现采食量明显下降、个别猪呕吐、有几头走路不稳像是有点共济失调的情况，还有一头母猪流产了。之前没用过这种玉米，想问问是不是饲料有问题？,结合近期更换饲料史及群体性采食下降、呕吐、运动障碍和繁殖异常表现，高度怀疑为饲料源性矿物质或化学物质中毒（如重金属、霉菌毒素或其他化学污染物），需进一步排查饲料成分与潜在毒物暴露源。,立即停喂可疑饲料，更换为已知安全来源的饲料并加强饮水管理；对发病猪进行隔离观察，采集血液、尿液及剩余饲料样本送实验室检测毒物种类；加强圈舍通风与卫生，减少应激；严禁使用未经检测的饲料继续投喂；若检出高毒物质且涉及重大疫情或法规管控物质，应按规定向当地畜牧兽医部门报告并配合处置。,因病因不同而异，须依据检测结果及官方指导意见执行，不可自行决定复养时间。,"{""disease_name"": ""猪矿物质与化学物中毒"", ""severity"": ""中等至严重"", ""scene_tags"": [""饲料更换"", ""群体发病"", ""运动障碍"", ""繁殖异常""], ""validation_points"": [""存在明确饲料更换史"", ""症状符合中毒综合征（采食下降、呕吐、共济失调、流产等）"", ""需通过实验室检测确认毒物类型""], ""risk_flags"": [""可能涉及重大饲料安全事件"", ""需排除法定管控毒物""], ""case_type"": ""饲料中毒咨询"", ""target_disease"": ""猪矿物质与化学物中毒"", ""local_flags"": {""species_ok"": true, ""target_disease_in_diagnosis"": false, ""target_disease_mismatch"": true, ""contains_specific_dose"": false, ""contains_specific_withdrawal"": false, ""regulated_bad_treatment"": false}}",True,True,target_disease_in_diagnosis,target_disease_in_diagnosis,False,True,True,D:\XF-ChongQin\ai-\knowledge\llm_wiki_swine_authoritative,1465,887,"猪矿物质与化学物中毒
猪矿物质与化学物中毒、toxic minerals chemicals plants and gases
饲料中毒咨询
更换饲料或玉米批次后出现采食下降、呕吐、繁殖异常或神经症状，用户怀疑饲料问题。","{""NEEDS_REVIEW"": 2, ""PROCESSED_SOURCE_ANCHORED"": 1}","[""SRC-0001"", ""SRC-0086""]",2221,29.06,ERNIE-4.5-Turbo-32K,88,28,18,23,20,False,False,"整体回答质量较高，诊断准确性、病理逻辑、处方安全性和数据质量均表现良好，无明显致命风险。诊断准确结合了饲料更换史和症状表现，病理逻辑合理，处方安全且考虑了实验室检测和报告要求，数据质量较高但可进一步优化。
问题：diagnosis_accuracy: 诊断准确性较高，但未明确提及具体可能的矿物质或化学物质（如重金属、霉菌毒素等），可进一步细化以提高准确性。；pathology_logic: 病理逻辑合理，但未详细解释共济失调和流产与矿物质或化学物中毒的具体关联机制。；prescription_safety: 处方安全且全面，但‘加强饮水管理’可进一步具体化，如提供清洁饮水或添加电解质等。；data_quality: 数据质量较高，但‘scene_tags’和‘validation_points’可进一步丰富，以更全面地覆盖场景和验证要点。",,,,,,,,,,False,,,,,88,28,18,23,20,reject,22.44,,
164ae8f6-56a7-594a-b880-a36f5364aad4,218,猪亚硝酸盐中毒,swine_hunyuan_turbos,hunyuan-turbos-20250926,成功,,猪,我家有120头80公斤左右的育肥猪，最近两天陆续有几头突然倒地、呼吸急促、口吐白沫，有的还抽搐，昨天一天死了3头。怀疑是前几天换的青贮玉米饲料有问题，想问还能不能继续喂这批料？另外要怎么留样送检测？,根据描述，短时间内多头发绀、呼吸困难、神经症状及死亡，且近期更换了青贮饲料，应高度怀疑急性亚硝酸盐中毒。该病为食源性中毒，需结合饲料暴露史、缺氧表现及实验室检测综合判定。,treatment_direction: 立即停止饲喂可疑饲料，提供清洁饮水，必要时静脉输注亚甲蓝等解毒剂（由执业兽医操作），改善通风，减少应激。；management_measures: 将剩余可疑饲料封存并送检，观察存活猪群症状变化，隔离重症个体，防止继发感染。；sampling_and_testing: 采集剩余饲料样品、病死猪血液、胃内容物及肝组织送实验室检测亚硝酸盐含量及毒物分析，以便确诊。；prohibited_actions: 在未明确原因前不得继续使用可疑饲料，不得自行使用未经许可的解毒药物，不得随意丢弃病死猪尸体。,本病为中毒事件，无特定休药期概念，但需确保饲料安全后方可恢复饲喂。,"{""disease_name"": ""猪亚硝酸盐中毒"", ""severity"": ""高致死性急性中毒"", ""scene_tags"": [""育肥猪"", ""饲料暴露"", ""急性缺氧"", ""神经症状""], ""validation_points"": [""存在可疑青贮饲料暴露史"", ""群体短期内出现发绀、呼吸困难、神经症状及死亡"", ""符合急性亚硝酸盐中毒的典型临床模式""], ""risk_flags"": [""重大中毒事件"", ""需立即停喂可疑饲料"", ""需专业兽医介入""], ""case_type"": ""中毒处置边界"", ""target_disease"": ""猪亚硝酸盐中毒"", ""local_flags"": {""species_ok"": true, ""target_disease_in_diagnosis"": false, ""target_disease_mismatch"": true, ""contains_specific_dose"": false, ""contains_specific_withdrawal"": false, ""regulated_bad_treatment"": false}}",True,True,target_disease_in_diagnosis,target_disease_in_diagnosis,False,True,True,D:\XF-ChongQin\ai-\knowledge\llm_wiki_swine_authoritative,1465,887,"猪亚硝酸盐中毒
猪亚硝酸盐中毒、nitrite toxicosis
中毒处置边界
用户想知道是否继续饲喂可疑饲料、怎样送检饲料和病料。","{""HUMAN_REVIEWED"": 1, ""NEEDS_REVIEW"": 2, ""PROCESSED_SOURCE_ANCHORED"": 2}","[""SRC-0001"", ""SRC-0062"", ""SRC-0084"", ""SRC-0086""]",2152,26.57,ERNIE-4.5-Turbo-32K,92,28,19,24,21,False,False,"该回答在诊断准确性、病理逻辑、处方安全性和数据质量方面均表现良好，符合猪亚硝酸盐中毒的测试数据有效性要求。
问题：diagnosis_accuracy: 诊断中未明确提及实验室检测的必要性作为确诊依据，尽管在后续措施中有提及，但在初步诊断部分可更明确强调。；pathology_logic: 病理逻辑部分对症状与疾病的关联解释较为充分，但可进一步细化亚硝酸盐中毒导致发绀、呼吸困难和神经症状的具体机制。；prescription_safety: 处方安全性方面整体合理，但'必要时静脉输注亚甲蓝等解毒剂'应更明确指出需由专业兽医操作，并强调剂量控制的重要性。；data_quality: 数据质量较高，但场景标签中'急性缺氧'可更具体地描述为'亚硝酸盐中毒导致的急性缺氧'，以提高标签的准确性。",,,,,,,,,,False,,,,,92,28,19,24,21,reject,18.98,,
b7caf1c0-2741-5e87-b8f8-eb0e21272f3b,219,猪有毒气体与通风失败损伤,swine_hunyuan_turbos,hunyuan-turbos-20250926,成功,,猪,我家有200多头育肥猪，平均体重在80公斤左右，最近换了新一批玉米饲料后，部分猪开始不吃料、有的还呕吐，个别母猪出现流产迹象，还有几头精神萎靡、走路不稳。这种情况已经持续三四天了，圈舍通风不太好，粪便清理不及时，请问是不是饲料有问题？该怎么处理？,结合病史、症状及环境情况，考虑为粪污分解产生的有毒气体（如氨气、硫化氢）导致的中毒反应，同时不排除饲料质量变化对采食的影响。需排除其他传染病和神经性疾病。,立即改善圈舍通风，减少密闭时间，暂停搅动粪池；将疑似中毒猪只转移至空气新鲜区域观察；采集饲料样品送实验室检测霉菌毒素及营养成分；对出现严重症状的个体进行对症治疗（支持疗法），并加强饮水供给；严禁使用未经检测合格的饲料继续投喂；若症状迅速扩散且伴随不明死亡，应立即向当地动物防疫部门报告，按重大疫情处置流程排查。,因属环境性中毒，无直接休药期概念；若涉及药物治疗，应遵守兽药说明书及国家相关规定。,"{""disease_name"": ""猪有毒气体与通风失败损伤"", ""severity"": ""中等至重度（视暴露浓度与持续时间而定）"", ""scene_tags"": [""群体暴露"", ""通风不良"", ""粪污管理"", ""饲料更换""], ""validation_points"": [""症状符合有毒气体暴露特征（采食下降、呕吐、流产、神经症状）"", ""存在通风差、粪污未及时清理的环境因素"", ""近期饲料更换可能叠加影响""], ""risk_flags"": [""潜在群体中毒风险"", ""需排除重大传染病"", ""需及时环境干预""], ""case_type"": ""饲料中毒咨询"", ""target_disease"": ""猪有毒气体与通风失败损伤"", ""local_flags"": {""species_ok"": true, ""target_disease_in_diagnosis"": false, ""target_disease_mismatch"": true, ""contains_specific_dose"": false, ""contains_specific_withdrawal"": false, ""regulated_bad_treatment"": false}}",True,True,target_disease_in_diagnosis,target_disease_in_diagnosis,False,True,True,D:\XF-ChongQin\ai-\knowledge\llm_wiki_swine_authoritative,1465,887,"猪有毒气体与通风失败损伤
猪有毒气体与通风失败损伤、toxic gases ventilation failure
饲料中毒咨询
更换饲料或玉米批次后出现采食下降、呕吐、繁殖异常或神经症状，用户怀疑饲料问题。","{""HUMAN_REVIEWE"": 1, ""HUMAN_REVIEWED"": 1, ""NEEDS_REVIEW"": 2, ""PROCESSED_SOURCE_ANCHORED"": 1}","[""SRC-0001"", ""SRC-0007"", ""SRC-0041"", ""SRC-0086""]",2221,137.74,hunyuan-turbos-20250926,92,28,19,23,22,False,False,"该测试数据基于真实养殖场景，症状描述与环境条件高度吻合有毒气体与通风失败损伤的特征，诊断考虑了饲料变化的叠加作用并提示排除传染病，处理方案包括环境改善、隔离观察、送检饲料和必要的对症支持，未给出不当药物或错误休药期，整体逻辑清晰且安全。
问题：未明确区分有毒气体中毒与饲料霉变等可叠加因素的权重，可能影响后续针对性防控。；处方中对“对症治疗”缺乏更具体的药物类别说明，虽避免错误但略显笼统。",,,,,,,,,,False,,,,,92,28,19,23,22,reject,129.41,,
4f6a4a5e-44c9-59b2-b012-fa2b806e140a,220,非洲猪瘟,swine_hunyuan_turbos,hunyuan-turbos-20250926,成功,,猪,我家是育肥场，大概300头左右，现在这批猪平均120斤左右，前两天发现有一栏里几头精神不好、体温高、皮肤发红，今天又多了好几头，有的还拉血便，食欲明显下降。之前用过恩诺沙星拌料三天，没见好转。这种情况能不能先当普通病治几天看看？,高度怀疑为非洲猪瘟（ASF），该病在育肥猪群中可表现为高热、皮肤发红、出血性腹泻、精神沉郁等急性症状，且常规抗菌治疗效果差。结合短时间内多栏发病、病死率上升及无明显改善的情况，应优先考虑重大动物疫病的可能性。,立即停止任何药物治疗尝试，禁止在场内随意转移猪只；对全群实施严格的生物安全隔离措施，防止人员、车辆、饲料、工具等进出污染；第一时间联系当地动物疫病防控部门进行采样送检确诊；在未获明确排除结果前，严禁出售、调运、屠宰或食用可疑猪只；配合主管部门开展流行病学调查和环境消毒工作。,因属重大动物疫病，无场内治疗处方，不存在药物休药期问题。,"{""disease_name"": ""非洲猪瘟"", ""severity"": ""极高"", ""scene_tags"": [""育肥猪"", ""全场流行"", ""急性高热"", ""出血性腹泻"", ""常规抗菌无效""], ""validation_points"": [""短时间内多栏发病提示高度传染性"", ""高热、皮肤发红、便血符合ASF典型症状"", ""常规抗菌治疗无效支持病毒性病因""], ""risk_flags"": [""重大动物疫病风险"", ""需立即上报并启动应急处置流程"", ""不得擅自治疗或销售可疑猪只""], ""case_type"": ""暴发与处置边界"", ""target_disease"": ""非洲猪瘟"", ""local_flags"": {""species_ok"": true, ""target_disease_in_diagnosis"": true, ""target_disease_mismatch"": false, ""contains_specific_dose"": false, ""contains_specific_withdrawal"": false, ""regulated_bad_treatment"": false}}",False,False,,,True,False,False,D:\XF-ChongQin\ai-\knowledge\llm_wiki_swine_authoritative,1465,887,"非洲猪瘟
非洲猪瘟、african swine fever virus、ASF、African swine fever
暴发与处置边界
同栏或多栋猪舍短期内发病增多，用户询问是否能先按普通病治疗观察。","{""HUMAN_REVIEWED"": 2}","[""SRC-0001"", ""SRC-0031""]",2221,117.85,hunyuan-turbos-20250926,95,30,20,25,20,False,True,"该回答准确识别了非洲猪瘟的典型症状与传播特征，并结合育肥猪群体发病模式排除了普通细菌感染的可能，诊断逻辑严谨。处方完全符合重大动物疫病的处置要求，强调立即上报和严格生物安全，避免擅自用药和销售，安全性高。数据质量良好，但缺乏更详细的流行病学背景信息（如周边疫情、引种史）以进一步佐证判断。
问题：未补充周边疫情或引种历史等流行病学细节，可能影响风险评估的全面性。",,,,,,,,,,False,,,,,95,30,20,25,20,pass,109.12,,
d7c13cd3-eef5-59e3-b615-234ca23dcfa8,221,猪流行性腹泻,swine_hunyuan_turbos,hunyuan-turbos-20250926,成功,,猪,我家是200头母猪的自繁自养场，最近刚出生的一批仔猪（3-10日龄）陆续出现水样腹泻，粪便呈黄色带酸臭味，吃奶减少，有的已经脱水站不起来。同一产房前后两窝都有类似情况，之前用过恩诺沙星饮水，效果不明显。请问这是啥病？该怎么处理？,根据描述，该群仔猪符合猪流行性腹泻（PEDV）的典型临床表现：新生仔猪急性水样腹泻、脱水、食欲下降，且在同一产房多窝发生，提示高度传染性。需要与新生仔猪大肠杆菌性腹泻（ETEC）、轮状病毒、TGEV等病毒性腹泻及球虫感染鉴别。,立即将发病仔猪与健康仔猪严格分群隔离，加强产房保温与干燥，防止继发细菌感染；对全群母猪进行初乳管理，确保健康母猪及时补喂初乳；采集腹泻粪便送实验室检测确诊；暂停使用抗生素经验性治疗，避免掩盖病情；如确诊PEDV，按当地防疫部门指导执行生物安全措施，必要时配合疫苗免疫计划；禁止随意出售或转运病猪及其产品。,因属病毒性传染病，无药物休药期概念；若涉及抗生素辅助治疗，应遵守相应药品说明并在出栏前满足规定停药时间。,"{""disease_name"": ""猪流行性腹泻"", ""severity"": ""高"", ""scene_tags"": [""哺乳仔猪"", ""群体发病"", ""水样腹泻"", ""脱水""], ""validation_points"": [""症状与PEDV流行病学特征吻合"", ""多窝同期发病提示高度传染性"", ""需与ETEC、轮状病毒、TGEV等鉴别""], ""risk_flags"": [""重大动物疫病"", ""高传染风险"", ""需实验室确诊""], ""case_type"": ""腹泻群体发病"", ""target_disease"": ""猪流行性腹泻"", ""local_flags"": {""species_ok"": true, ""target_disease_in_diagnosis"": true, ""target_disease_mismatch"": false, ""contains_specific_dose"": false, ""contains_specific_withdrawal"": false, ""regulated_bad_treatment"": false}}",False,False,,,True,False,False,D:\XF-ChongQin\ai-\knowledge\llm_wiki_swine_authoritative,1465,887,"猪流行性腹泻
猪流行性腹泻、porcine epidemic diarrhea virus、PED、PEDV
腹泻群体发病
同窝或同栏出现水样腹泻、脱水、采食下降，用户想知道主要病因和紧急处理。","{""HUMAN_REVIEWED"": 2, ""NEEDS_REVIEW"": 2}","[""A0-MOA-573"", ""A2-EFSA-PED-PDCOV-OPINION"", ""SRC-0001"", ""SRC-0037"", ""SRC-0063""]",2221,279.45,DeepSeek-V3.2,88,28,18,22,20,False,True,"测试数据整体质量较高，真实模拟了猪场PEDV暴发的典型场景。诊断逻辑清晰，将用户描述的临床症状（水样腹泻、脱水、多窝发病）与目标疾病（猪流行性腹泻）的核心特征进行了准确匹配，并提出了合理的鉴别诊断。处方建议安全、全面，以生物安全、隔离、环境管理和实验室确诊为核心，避免了不当的抗生素使用，符合病毒病的处理原则。数据与任务设定的疾病、阶段、场景类型高度一致。
问题：诊断部分提到‘食欲下降’，对于3-10日龄仔猪，更精确的描述应为‘吃奶减少’或‘吮乳无力’。；处方中‘对全群母猪进行初乳管理，确保健康母猪及时补喂初乳’的表述在紧急处理场景下略显宽泛，对于已发病的仔猪，初乳管理的具体可操作性（如口服补液、代乳）可稍作补充说明。；‘validation_points’中‘需与ETEC、轮状病毒、TGEV等鉴别’是合理的，但未提及同样重要的鉴别对象‘猪传染性胃肠炎（TGE）’，尽管TGEV已包含在内。",,,,,,,,,,False,,,,,88,28,18,22,20,pass,270.76,,
cd7de7e3-9194-5986-9f5b-04d3b350ef28,222,猪传染性胃肠炎,swine_hunyuan_turbos,hunyuan-2.0-instruct-20251111,成功,,猪,我家养的是猪，现在保育阶段有批40日龄、均重12公斤左右的小猪，总共存栏180头。从四天前开始陆续出现拉黄色水样稀粪，有的伴有呕吐，吃料明显下降，体温大多正常，用过恩诺沙星和阿莫西林拌料三天，腹泻没止住，还有七八头脱水明显。圈舍通风一般，最近天气忽冷忽热，地面潮湿。我想问问这种情况还能继续用抗菌药吗？要不要采点样送检看看？,根据描述的日龄、症状和用药反应，高度怀疑为猪传染性胃肠炎（TGEV）。该病在保育猪群易发，典型表现为突发黄色水样腹泻、呕吐、减料，环境温度波动及潮湿会促进传播；抗菌药对病毒性腹泻本身无效，故之前用药效果一般符合该病因特征。,治疗方向: 针对病毒本身无特效抗病毒药，主要防止继发细菌感染并缓解脱水与代谢紊乱；重点支持对症治疗和护理。；管理措施: 立即将发病猪隔离至温暖、干燥、通风良好的栏舍，减少应激；保证清洁饮水，可添加电解质溶液防脱水；适当提高饲料营养浓度，少量多次饲喂易消化饲料；清理并消毒污染区域，控制人员、工具交叉流动。；采样送检: 采集发病猪的直肠拭子或新鲜粪便样本送实验室进行病毒检测（如RT-PCR）及必要时的鉴别诊断（区分PRCV等），明确病原以便后续防控决策。；禁忌边界: 不可依赖抗菌药作为主要治疗手段来期望治愈本病；禁止在疑似重大疫病流行时仅自行用药而隐瞒不报，须结合检测结果与当地防疫部门意见执行防控措施。,,"{""disease_name"": ""猪传染性胃肠炎"", ""severity"": ""中等偏重（在保育阶段可导致较高死亡率，尤其伴脱水时）"", ""scene_tags"": [""保育猪"", ""黄色水样腹泻"", ""呕吐"", ""天气变化"", ""潮湿环境"", ""抗菌药无效""], ""validation_points"": [""日龄与易感阶段吻合（保育猪高发）"", ""症状符合TGEV典型表现（水样腹泻、呕吐、减料）"", ""抗菌药无效提示非细菌性为主因"", ""环境因素（温度波动、潮湿）可促进传播""], ""risk_flags"": [""需警惕病毒在群体中快速扩散"", ""脱水个体需优先护理防死亡"", ""应送检确诊以排除其他病原并评估是否触发重大疫病处置流程""], ""case_type"": ""腹泻用药咨询"", ""target_disease"": ""猪传染性胃肠炎"", ""local_flags"": {""species_ok"": true, ""target_disease_in_diagnosis"": true, ""target_disease_mismatch"": false, ""contains_specific_dose"": false, ""contains_specific_withdrawal"": false, ""regulated_bad_treatment"": false}}",False,False,,,True,False,False,D:\XF-ChongQin\ai-\knowledge\llm_wiki_swine_authoritative,1465,887,"猪传染性胃肠炎
猪传染性胃肠炎、transmissible gastroenteritis virus、TGE、TGEV
腹泻用药咨询
猪群腹泻后已用过常见抗菌药效果一般，用户询问是否继续用药以及是否需要送检。","{""HUMAN_REVIEWED"": 3, ""NEEDS_REVIEW"": 2}","[""SRC-0001"", ""SRC-0036"", ""SRC-0037"", ""SRC-0079""]",2190,204.16,ERNIE-4.5-Turbo-32K,88,28,18,24,18,False,True,"该回答在诊断准确性、病理逻辑、处方安全性和数据质量方面表现良好，整体符合猪传染性胃肠炎的诊断与处理要求，无明显致命风险。
问题：diagnosis_accuracy: 诊断准确性得分略低，主要因未完全排除其他类似症状疾病（如PRCV）的可能性，尽管提到送检鉴别，但诊断描述中未充分强调鉴别诊断的必要性。；data_quality: 数据质量得分受影响，因场景标签和验证点虽全面，但风险标志中未明确提及人兽共患风险评估（尽管TGEV非人兽共患病，但应明确说明以增强完整性）。",,,,,,,,,,False,,,,,88,28,18,24,18,pass,36.18,,
025b754c-3a1d-5c36-9914-8795fab1464d,223,猪瘟,swine_hunyuan_turbos,DeepSeek-V3.2,成功,,猪,王技术员，我们场里这批保育猪有35天日龄，体重约12公斤，存栏800头。最近一周发现几个栏的猪采食量明显下降，大概减少了三成左右。有些猪精神不好，扎堆怕冷，体温量了几个都在40.5-41.5℃之间。粪便有的偏干，有的拉稀，颜色不太正常。还有几头猪眼睛有脓性分泌物，皮肤看着有点发红。之前用过一些抗生素（恩诺沙星）拌料，效果不明显。现在每天都有两三头情况变差，我很担心，这主要可能是什么问题？接下来该怎么处理？,"根据您描述的35日龄保育猪出现群体性采食下降、高热（40.5-41.5℃）、精神沉郁、扎堆、眼分泌物增多及皮肤发红等症状，且抗生素治疗无效，需高度警惕病毒性疾病的可能性。结合临床症状，首要鉴别诊断方向为猪瘟（Classical Swine Fever, CSF）。该病由猪瘟病毒引起，属于国家一类动物疫病，以高热稽留、广泛性出血点及败血症为主要特征，抗生素治疗无效。其他需鉴别的疾病包括非洲猪瘟（ASF，同样高热、抗生素无效，但皮肤发红表现可能更明显）、猪繁殖与呼吸综合征（蓝耳病，常伴呼吸道症状）及急性猪丹毒等。鉴于存在群体性、高热性、抗生素无效的疫病特征，必须立即启动重大动物疫病排查程序。","治疗方向：立即停止群体性抗生素给药。当前首要任务不是治疗，而是快速诊断与疫情控制。
管理措施：1. 立即隔离：将出现临床症状的猪只及其所在栏位严格隔离，划定疫点。禁止场内人员、物品、车辆交叉流动。2. 全面消毒：对发病栏舍、通道及可能污染的区域进行强化消毒。3. 采样送检：立即联系当地官方兽医或具备资质的诊断实验室，无菌采集发病猪的血液（抗凝血和血清）、扁桃体、淋巴结（尤其是颌下淋巴结）、脾脏和肾脏等组织样本，冷藏保存并尽快送检，进行猪瘟病毒抗原或核酸检测（如PCR）。同时，可采集眼分泌物、粪便样本用于鉴别细菌性继发感染。4. 全群监控：对全场其他猪群（尤其是相邻栏舍）加强临床观察，每日记录体温和采食情况。
禁忌边界：严禁私自解剖病死猪。严禁将病死猪、粪便及污染物随意丢弃或出售。在官方诊断结果未明确前，严禁擅自出售或转运场内任何猪只。不得使用任何未经批准的所谓“治疗性”疫苗或药物。非洲猪瘟与猪瘟均非人兽共患病，但均为须立即上报的重大动物疫病。",不适用。当前处置核心为诊断与疫情控制，非治疗性用药。,"{""disease_name"": ""猪瘟（Classical Swine Fever）"", ""severity"": ""高（疑似一类动物疫病）"", ""scene_tags"": [""保育猪"", ""群体发病"", ""高热"", ""抗生素无效"", ""眼分泌物"", ""皮肤发红""], ""validation_points"": [""抗生素治疗无效是重要指征"", ""需与非洲猪瘟、急性猪丹毒等鉴别"", ""必须依靠实验室诊断确诊""], ""risk_flags"": [""疑似重大动物疫病（CSF/ASF）"", ""需立即上报和隔离"", ""禁止私自解剖和处理病死猪""], ""case_type"": ""保育猪群体发病"", ""target_disease"": ""猪瘟"", ""local_flags"": {""species_ok"": true, ""target_disease_in_diagnosis"": true, ""target_disease_mismatch"": false, ""contains_specific_dose"": false, ""contains_specific_withdrawal"": false, ""regulated_bad_treatment"": false}}",False,False,,,True,False,False,D:\XF-ChongQin\ai-\knowledge\llm_wiki_swine_authoritative,1465,887,"猪瘟
猪瘟、classical swine fever pestiviruses、经典猪瘟、CSF
保育猪群体发病
群体发病、采食下降、粪便或呼吸道异常，用户想知道主要病因和下一步处理。","{""HUMAN_REVIEWED"": 3}","[""A1-WOAH-CSF-DISEASE"", ""A1-WOAH-CSF-MANUAL"", ""SRC-0006"", ""SRC-0031"", ""SRC-0046"", ""SRC-0059""]",2221,479.26,ERNIE-4.5-Turbo-32K,92,28,19,24,21,False,True,"该回答在诊断准确性、病理逻辑、处方安全性和数据质量方面均表现良好，符合猪瘟疑似病例的处理规范，未发现致命风险。
问题：诊断准确性方面，虽然主要诊断为猪瘟，但未充分排除其他类似疾病（如非洲猪瘟）的详细鉴别诊断依据，仅提及需鉴别，未深入分析症状差异。；病理逻辑方面，对猪瘟的典型症状描述较全面，但未明确说明群体发病与猪瘟传播特性的关联性。；处方安全性方面，管理措施全面且符合规范，但未提及对健康猪群的预防性措施（如疫苗接种状态核查）。；数据质量方面，场景标签和验证点覆盖较全，但风险标志中未明确提及‘人兽共患病’的排除说明（尽管猪瘟非人兽共患病，但需明确标注以避免混淆）。",,,,,,,,,,False,,,,,92,28,19,24,21,pass,20.28,,
a05ff4db-0d5c-5383-8435-d001b967b4c5,224,猪口蹄疫,swine_hunyuan_turbos,DeepSeek-V3.2,成功,,猪,我家有120头育肥猪，平均体重80公斤左右。最近一周发现十几头猪蹄冠、蹄叉部位出现了水疱，破了以后形成烂斑，猪走路跛行明显，有些猪还流口水，采食量下降。我用了些抗生素（阿莫西林）和退烧药（氟尼辛葡甲胺）拌料喂了3天，但效果不明显，烂斑还在扩大，跛行更严重了。请问我是不是该换种药继续用？,根据您描述的典型临床症状——育肥猪蹄冠、蹄叉出现水疱、破溃后形成烂斑、严重跛行、流涎、采食下降，且常规抗生素和抗炎药治疗无效，高度怀疑为口蹄疫（FMD）。口蹄疫是由小RNA病毒科口蹄疫病毒引起的急性、热性、高度接触性传染病，以口腔黏膜、蹄部和乳房皮肤发生水疱和烂斑为特征。猪感染后临床通常较重，疼痛和水疱性病变可明显影响行动和采食。,"【重大动物疫病处置边界，非普通治疗处方】
1.  立即停止一切自行用药，并停止猪只移动和场内物品交叉使用。
2.  立即向所在地乡镇畜牧兽医站或县级动物疫病预防控制中心报告，描述典型症状（水疱、烂斑、跛行）和用药无效情况。口蹄疫是中国一类动物疫病，任何疑似病例必须由官方兽医进行现场诊断和采样。
3.  严格隔离发病猪群及同群猪，对圈舍、通道、用具进行彻底消毒（可使用氢氧化钠、过氧乙酸等有效消毒剂）。人员进出需严格消毒、更换衣物鞋靴。
4.  等待官方兽医诊断期间，可对病猪进行支持性护理以减轻痛苦：提供柔软垫料、清洁饮水（可添加电解质和维生素），饲喂易消化的湿拌料。严禁使用任何可能掩盖临床症状的药物。
5.  官方采样送检（通常采集水疱液、水疱皮或血清）以进行实验室确诊。
【禁忌边界】
-   严禁将疑似口蹄疫病猪作为普通病猪继续治疗或出售、屠宰。
-   严禁在未确诊前，擅自使用疫苗或任何声称治疗口蹄疫的药物。
-   处理过程中，人员需做好个人防护（穿戴手套、口罩、防护服），虽然猪口蹄疫病毒对人致病性极低，但需防止机械传播。",不适用。此场景为重大动物疫病（口蹄疫）疑似病例，首要行动是报告和隔离，等待官方处置，而非制定涉及休药期的用药方案。,"{""disease_name"": ""猪口蹄疫"", ""severity"": ""高"", ""scene_tags"": [""育肥猪"", ""水疱性病变"", ""跛行"", ""流涎"", ""常规治疗无效"", ""重大疫病报告场景""], ""validation_points"": [""蹄部水疱/烂斑是口蹄疫典型症状"", ""抗生素治疗无效符合病毒病特征"", ""中国一类动物疫病，强制报告要求""], ""risk_flags"": [""疑似口蹄疫"", ""一类动物疫病"", ""需立即报告"", ""禁止自行治疗""], ""case_type"": ""育肥猪用药咨询"", ""target_disease"": ""猪口蹄疫"", ""local_flags"": {""species_ok"": true, ""target_disease_in_diagnosis"": false, ""target_disease_mismatch"": true, ""contains_specific_dose"": false, ""contains_specific_withdrawal"": false, ""regulated_bad_treatment"": false}}",True,True,target_disease_in_diagnosis,target_disease_in_diagnosis,False,True,True,D:\XF-ChongQin\ai-\knowledge\llm_wiki_swine_authoritative,1465,887,"猪口蹄疫
猪口蹄疫、foot and mouth disease picornaviruses
育肥猪用药咨询
育肥猪出现典型症状，用户已经用过常见药物但效果一般，询问是否继续用药。","{""HUMAN_REVIEWED"": 3, ""NEEDS_REVIEW"": 2}","[""A0-MOA-573"", ""A1-WOAH-FMD"", ""A1-WOAH-FMD-DISEASE"", ""SRC-0001"", ""SRC-0015"", ""SRC-0047""]",2187,268.32,ERNIE-4.5-Turbo-32K,95,30,20,25,20,False,False,"该回答在诊断准确性、病理逻辑、处方安全性和数据质量方面均表现良好，符合猪口蹄疫的典型症状描述和诊断逻辑，且正确指出了重大动物疫病的报告和处置要求，未出现致命风险。
问题：数据质量方面，虽然整体描述清晰，但部分细节如具体消毒剂的使用浓度、支持性护理的具体操作等可进一步细化，以提升回答的完整性和实用性。",,,,,,,,,,False,,,,,95,30,20,25,20,reject,12.15,,
a05a117f-7cac-55a0-9f40-b8cd18d533b3,225,猪繁殖与呼吸综合征,swine_hunyuan_turbos,hunyuan-2.0-instruct-20251111,成功,,猪,我家是育肥前期猪场，存栏大概380头，现在这批猪60日龄左右、平均体重25公斤上下。最近一周猪舍两头风机坏了，通风不好，氨气味道很重，白天夜里温差也有七八度。三四天前开始有几头猪咳嗽、喘气，后来慢慢增多到二十多头，有的还流鼻涕、少吃料，体温摸着有点高，精神也蔫。之前用过几天阿莫西林拌料，没见明显好转。我想知道这是单纯环境应激还是染上啥传染病了，该咋办？,根据描述的通风不良、氨气浓度高、昼夜温差大等环境因素，以及咳嗽、喘气、流鼻涕、减料、发热和精神沉郁等症状，在保育后期至育肥前期猪群中出现并逐步扩散，应高度怀疑猪繁殖与呼吸综合征（PRRS，蓝耳病）的可能性，同时存在环境应激加重呼吸道易感性。需结合实验室检测与环境改善综合判断。,治疗方向: 以改善饲养环境和减少继发感染为主，针对病毒性感染无特效药物，重点防止细菌混合感染；疑似PRRS应按二类疫病管理要求进行隔离、限制移动并采样送检。；管理措施: 立即修复通风设备，降低氨气浓度，控制舍内温差；将发病猪与健康猪分群管理，减少交叉接触；加强保温与干燥，减少应激；提高饲料营养与饮水清洁度，保证采食量。；采样送检: 采集发病猪的血液、鼻拭子或肺组织样本送有资质的实验室进行PRRSV核酸检测或血清学抗体检测，同时排查猪流感病毒、支原体等常见呼吸道病原以明确混合感染情况。；禁忌边界: 不可仅凭经验长期大剂量使用抗生素作为唯一措施；在未排除重大动物疫病前不得对外销售或调运猪只；禁止私自剖检病死猪以防病原扩散；发现疑似PRRS应按当地动物疫病防控部门规定报告和配合处置，不能以普通呼吸道感染处理替代。,,"{""disease_name"": ""猪繁殖与呼吸综合征"", ""severity"": ""中等偏重（可导致繁殖障碍及呼吸道重症，属二类动物疫病）"", ""scene_tags"": [""保育猪"", ""通风不良"", ""氨气刺激"", ""温差大"", ""咳嗽喘气"", ""渐进性增多"", ""抗生素无效""], ""validation_points"": [""环境应激可诱发或加重PRRS临床表现"", ""症状符合PRRS在保育后期至育肥前期的呼吸道特征"", ""抗生素未能控制提示非单纯细菌性感染"", ""需实验室检测区分环境与病毒感染""], ""risk_flags"": [""重大动物疫病（二类）风险"", ""需按法规隔离与报告"", ""环境管理缺陷加剧疫情风险"", ""存在混合感染可能""], ""case_type"": ""呼吸道环境诱因"", ""target_disease"": ""猪繁殖与呼吸综合征"", ""local_flags"": {""species_ok"": true, ""target_disease_in_diagnosis"": true, ""target_disease_mismatch"": false, ""contains_specific_dose"": false, ""contains_specific_withdrawal"": false, ""regulated_bad_treatment"": false}}",False,False,,,True,False,False,D:\XF-ChongQin\ai-\knowledge\llm_wiki_swine_authoritative,1465,887,"猪繁殖与呼吸综合征
猪繁殖与呼吸综合征、porcine reproductive and respiratory syndrome viruses、PRRS、蓝耳病
呼吸道环境诱因
通风差、氨气重或温差大后出现咳嗽喘气，用户想区分环境应激和传染病。","{""HUMAN_REVIEWED"": 2, ""NEEDS_REVIEW"": 2}","[""A0-MOA-573"", ""A1-WOAH-PRRS-DISEASE"", ""SRC-0001"", ""SRC-0023""]",2221,178.06,ERNIE-4.5-Turbo-32K,85,28,18,22,17,False,True,"整体回答质量较高，诊断准确性、病理逻辑、处方安全性和数据质量均表现良好，无明显致命风险，符合通过标准。
问题：诊断准确性方面，虽然识别了PRRS的可能性，但未完全排除其他呼吸道疾病（如猪流感、支原体肺炎）的混合感染，仅依赖症状描述和环境因素，缺乏实验室检测支持，评分略扣。；病理逻辑方面，对环境应激与PRRS相互作用的解释较充分，但未详细说明PRRS的典型病理变化（如间质性肺炎、淋巴结肿大）与症状的关联，逻辑链条稍显不足。；处方安全性方面，管理措施全面，但未明确抗生素使用的具体原则（如选择、疗程），仅强调“不可长期大剂量使用”，略显笼统。；数据质量方面，用户查询和回答的场景标签、验证点、风险标志覆盖较全，但未提及猪群的免疫史（如PRRS疫苗接种情况），对诊断的参考价值有限。",,,,,,,,,,False,,,,,85,28,18,22,17,pass,26.1,,
96d8b967-9f4f-5a19-b6d9-7bfd59e7603a,226,猪胸膜肺炎,swine_hunyuan_turbos,hunyuan-2.0-instruct-20251111,成功,,猪,我家是育肥猪场，存栏大概三百头，现在这批猪在 85 日龄左右、均重四十公斤上下。这几天同一圈里有七八头陆续出现咳嗽、张嘴喘气、体温摸着比平时高，吃料明显慢了，有的还趴着不爱动。病程有三四天了，圈里通风一般、早晚温差大，前几天有轻微拉稀没在意，也没用过什么药。想问问这是啥毛病，要不要整批投药预防？,根据描述的群体性咳嗽、喘气、发热及采食下降，结合保育后期至育肥阶段的易感特点以及环境温差与通风不良的背景，高度怀疑为猪胸膜肺炎（由胸膜肺炎放线杆菌引起）。该病可引起急性肺出血坏死及慢性胸膜粘连，常在应激或环境不良时暴发。,治疗方向: 针对细菌性呼吸道病因，选用对胸膜肺炎放线杆菌敏感的药物进行对症治疗，重点控制咳喘与继发感染。；管理措施: 立即改善圈舍通风与保温，减少昼夜温差造成的应激；提高猪只体感温度以补偿因采食下降引起的代谢产热不足；将病猪与健康猪尽量分栏管理，降低气溶胶传播风险；保证清洁饮水与易消化饲料。；采样送检: 采集病死猪或濒死猪的肺部病变组织及胸腔渗出液送实验室进行细菌分离鉴定与药敏试验，以明确病原并指导用药选择。；禁忌边界: 不可仅凭经验随意使用广谱抗生素进行全群长期投药；不可在未排除重大动物疫病的情况下仅作普通治疗替代报告、隔离或上报等法定处置；发现急性大量死亡或典型肺出血病变应立即按重大动物疫病处置流程上报主管部门，不得擅自扑杀或跨区调运。,需依据具体药物种类及药敏结果确定休药期，并在屠宰前按规定执行，严禁在休药期内出栏供人食用。,"{""disease_name"": ""猪胸膜肺炎"", ""severity"": ""中等偏重（急性可致快速死亡，慢性可影响生长性能）"", ""scene_tags"": [""育肥猪"", ""群体呼吸道发病"", ""温差大通风差"", ""采食下降"", ""应激诱发""], ""validation_points"": [""症状符合咳嗽、喘气、发热、采食下降的急性呼吸道表现"", ""日龄与体重处于胸膜肺炎易感的保育后期至育肥阶段"", ""环境应激因素（通风不良、温差大）与发病背景吻合"", ""诊断与处方均指向胸膜肺炎放线杆菌感染性病变""], ""risk_flags"": [""属中国三类动物疫病，需按规定监测与报告"", ""急性病例可迅速致死，存在群体扩散风险"", ""环境管理不当易反复发生""], ""case_type"": ""呼吸道群体发病"", ""target_disease"": ""猪胸膜肺炎"", ""local_flags"": {""species_ok"": true, ""target_disease_in_diagnosis"": true, ""target_disease_mismatch"": false, ""contains_specific_dose"": false, ""contains_specific_withdrawal"": false, ""regulated_bad_treatment"": false}}",False,False,,,True,False,False,D:\XF-ChongQin\ai-\knowledge\llm_wiki_swine_authoritative,1465,887,"猪胸膜肺炎
猪胸膜肺炎、actinobacillus pleuropneumoniae pleuropneumonia
呼吸道群体发病
同栏出现咳嗽、喘气、发热、采食下降，用户想判断病因和是否需要全群用药。","{""HUMAN_REVIEWED"": 3, ""NEEDS_REVIEW"": 2}","[""A0-MOA-573"", ""SRC-0001"", ""SRC-0006"", ""SRC-0058""]",2127,198.27,ERNIE-4.5-Turbo-32K,90,28,18,24,20,False,True,"该回答整体表现良好，诊断准确性较高，症状与疾病匹配合理，诊断逻辑清晰，处方安全且与疾病相互印证，数据质量较高，无明显错误或风险点。
问题：diagnosis_accuracy: 诊断准确性较高，但未完全覆盖所有可能症状（如未明确提及急性肺出血坏死或慢性胸膜粘连的具体表现），扣2分。；pathology_logic: 病理逻辑清晰，但未详细解释环境应激因素如何具体诱发胸膜肺炎，扣2分。；prescription_safety: 处方安全，但休药期承诺较为笼统，未给出具体药物或时间范围，扣1分。；data_quality: 数据质量较高，但场景标签中未明确提及“群体发病”的具体规模或比例，扣5分（按25分制比例扣分）。",,,,,,,,,,False,,,,,90,28,18,24,20,pass,86.14,,
8f9ef391-29f7-5fa2-9db6-63484fe1f6eb,227,猪大肠杆菌病,swine_hunyuan_turbos,hunyuan-turbos-20250926,成功,,猪,我家有120头母猪，自繁自养，最近刚断奶的30多头小猪（约25公斤左右）出现拉稀，有的黄色水样，有的带白色粘液，整窝都有，个别精神差、毛竖立，已经三天了，之前没用过抗生素，圈舍温度偏低，想问下这是啥原因？要不要送样检查？,根据日龄（断奶后）、病程（3天）、整窝发病及粪便性状（黄水、白粘），需考虑细菌性（如大肠杆菌ETEC/EDEC）、病毒性（轮状病毒、冠状病毒等）以及寄生虫性（球虫）等多种可能。当前信息不足以单一确诊，建议结合流行病学调查、临床观察及实验室检测进行分层鉴别。,立即改善保温与通风条件，减少应激；对严重脱水和精神差的个体补液支持；采集新鲜粪便样本送实验室检测病原（包括细菌培养、PCR等）；在未明确病原前谨慎使用抗菌药物，避免掩盖病情；若检出法定重大疫病，应立即报告并按规定处置。,因未确定病原及用药方案，无法给出具体休药期，须依据最终检测结果及所用药物说明书执行。,"{""disease_name"": ""猪大肠杆菌病"", ""severity"": ""中等至重度（视脱水与继发感染情况）"", ""scene_tags"": [""断奶后腹泻"", ""整窝发病"", ""水样/粘液便"", ""低温应激""], ""validation_points"": [""按日龄和病程分层鉴别腹泻病因"", ""区分病毒性、细菌性、寄生虫性可能性"", ""强调采样送检的重要性""], ""risk_flags"": [""潜在重大疫病风险"", ""未经确诊前慎用抗生素""], ""case_type"": ""腹泻采样送检"", ""target_disease"": ""猪大肠杆菌病"", ""local_flags"": {""species_ok"": true, ""target_disease_in_diagnosis"": true, ""target_disease_mismatch"": false, ""contains_specific_dose"": false, ""contains_specific_withdrawal"": false, ""regulated_bad_treatment"": false}}",False,False,,,True,False,False,D:\XF-ChongQin\ai-\knowledge\llm_wiki_swine_authoritative,1465,887,"猪大肠杆菌病
猪大肠杆菌病、colibacillosis、大肠杆菌、大肠杆菌性腹泻、E. coli
腹泻采样送检
用户描述粪便性状、日龄和病程，重点询问如何鉴别病毒性、细菌性或寄生虫性腹泻。","{""HUMAN_REVIEWED"": 2, ""NEEDS_REVIEW"": 2}","[""RC-DIARRHEA-001"", ""SRC-0001"", ""SRC-0052"", ""SRC-0062"", ""SRC-0063"", ""SRC-0064"", ""SRC-0071"", ""SRC-0072"", ""SRC-0073"", ""SRC-0077"", ""SRC-0081""]",2221,46.04,ERNIE-4.5-Turbo-32K,78,25,18,20,15,False,False,"该回答在诊断准确性、病理逻辑、处方安全性和数据质量方面表现较好，但存在部分不足。诊断考虑了多种可能性，但未明确指向猪大肠杆菌病；病理逻辑基本合理，但鉴别诊断的分层不够详细；处方安全，但未针对猪大肠杆菌病给出具体治疗建议；数据质量方面，场景标签和验证点较全面，但风险标志可更具体。
问题：诊断部分虽然考虑了多种可能性，但未明确指向猪大肠杆菌病，缺乏针对性。；病理逻辑中，鉴别诊断的分层不够详细，未充分解释如何区分病毒性、细菌性和寄生虫性腹泻。；处方安全，但未针对猪大肠杆菌病给出具体治疗建议，如抗菌药物的选择和使用。；数据质量方面，风险标志可更具体，如明确指出低温应激对猪大肠杆菌病的影响。",,,,,,,,,,False,,,,,78,25,18,20,15,review,18.17,,
2f0f9615-6650-5906-a5ed-2ed5db249b95,228,仔猪黄白痢,swine_hunyuan_turbos,hunyuan-turbos-20250926,成功,,猪,我家有200多头90公斤左右的育肥猪，快到出栏了，这几天陆续有几头开始拉稀，粪便偏黄带点白色粘液，精神还行，采食量稍微下降，圈舍温度偏低，前几天刚停喂过抗生素预防药。这种情况还能继续养着卖吗？会不会是传染病？需要怎么处理？,根据描述，该批育肥猪临近出栏时出现黄色带白色粘液的腹泻，结合日龄、环境和停药史，考虑为猪大肠杆菌病（可能为ETEC型）引起的黄白痢，属于细菌性肠道疾病，非法定重大疫病。需排除其他病原如病毒性腹泻等。,立即将腹泻明显的猪只与健康猪分栏隔离，减少交叉感染；加强圈舍保温和通风，保持干燥清洁；提供充足清洁饮水，可在饮水中添加电解质防止脱水；暂停使用任何未经许可的抗菌药物，如需治疗应依据实验室检测结果选用敏感药物并在兽医指导下进行；对病死猪做无害化处理，并对圈舍及周边环境进行消毒；必要时采集新鲜粪便送实验室确诊病原及药敏情况，再决定后续治疗方案。严禁在未明确病原前随意出售或外运。,若经检测确需用药治疗，须严格遵循兽医建议的停药期后方可出栏销售，期间禁止提前上市。,"{""disease_name"": ""仔猪黄白痢"", ""severity"": ""中等"", ""scene_tags"": [""育肥猪"", ""临近出栏"", ""腹泻"", ""低温应激""], ""validation_points"": [""症状符合大肠杆菌性腹泻特征"", ""环境与停药史增加发病风险"", ""非法定重大疫病，无需扑杀""], ""risk_flags"": [""临近出栏期需防控经济损失"", ""存在潜在传播风险需隔离管理"", ""禁止未经检测直接销售""], ""case_type"": ""腹泻出栏边界"", ""target_disease"": ""仔猪黄白痢"", ""local_flags"": {""species_ok"": true, ""target_disease_in_diagnosis"": true, ""target_disease_mismatch"": false, ""contains_specific_dose"": false, ""contains_specific_withdrawal"": false, ""regulated_bad_treatment"": false}}",False,False,,,True,False,False,D:\XF-ChongQin\ai-\knowledge\llm_wiki_swine_authoritative,1465,887,"仔猪黄白痢
仔猪黄白痢、neonatal post weaning colibacillosis、黄白痢、大肠杆菌、仔猪大肠杆菌病
腹泻出栏边界
临近出栏猪群出现腹泻，用户关心处理方向、隔离和用药后能否销售。","{""HUMAN_REVIEWED"": 2, ""NEEDS_REVIEW"": 3}","[""SRC-0001"", ""SRC-0063"", ""SRC-0064""]",2168,87.75,ERNIE-4.5-Turbo-32K,82,27,18,22,15,False,True,"该回答整体符合测试数据有效性要求，诊断准确，处理方向安全，未发现致命风险。诊断考虑了症状、日龄、环境和停药史，符合黄白痢的典型特征。处理建议包括隔离、环境管理、饮水补充电解质、实验室检测和消毒等，安全且与疾病相互印证。
问题：诊断准确性方面，虽然考虑了病毒性腹泻的排除，但未明确说明如何排除，略显不足。；病理逻辑方面，对环境与停药史增加发病风险的解释不够深入。；处方安全性方面，未明确提及具体敏感药物的选择，仅建议依据实验室检测结果选用。；数据质量方面，症状描述与疾病匹配度较高，但场景标签和验证点的详细程度有待提升。",,,,,,,,,,False,,,,,82,27,18,22,15,pass,80.07,,
00fbf30d-876c-5ada-a9f6-ba44a99eaefc,229,猪丹毒,swine_hunyuan_turbos,hunyuan-turbos-20250926,成功,,猪,我家是60日龄左右的保育猪，大概200头左右，最近几天陆续有猪不吃料、精神差，有的还发烧到40度以上，个别猪身上出现了紫红色菱形斑块，粪便偏稀，呼吸有点急促。圈舍通风一般，前几天降温了没及时加温，之前用过阿莫西林拌料，效果不明显。这种情况可能是什么病？该怎么处理？,根据描述的症状（高热、精神沉郁、采食下降、皮肤菱形红斑、腹泻及呼吸加快），结合保育猪阶段易感性，高度怀疑为急性败血型猪丹毒。该病由Erysipelothrix rhusiopathiae引起，常在气温波动大、应激条件下暴发。需与A. suis败血症、沙门氏菌败血症等鉴别，建议尽快采样送实验室确诊。,treatment_direction: 针对疑似猪丹毒，应首先隔离病猪，改善圈舍保温与通风，提高环境温度以减少冷应激；对重症病例可考虑使用青霉素类敏感抗生素控制继发感染，但需在兽医指导下进行。；management_measures: 立即将病猪与健康猪分栏管理，减少人员与工具交叉接触；加强圈舍清洁消毒，保持干燥温暖；暂停引入新猪，防止疫情扩散。；sampling_testing: 采集病死猪心血、脾、肝组织及皮肤病变部位样品，送具备资质的实验室做细菌分离培养及PCR检测，以明确病原并排除其他败血症性疾病。；prohibited_boundaries: 在未确诊前，不得自行大规模投喂未经许可的药物；严禁私自屠宰、出售或运输可疑病猪；若确诊为重大动物疫病，须按当地畜牧部门要求进行封锁、扑杀和无害化处理。,因未确定最终用药方案，无法给出确切休药期；如经确诊并使用抗生素治疗，应严格遵循所用药物的安全休药期规定，并在停药期满并经检测合格后方可出栏销售。,"{""disease_name"": ""猪丹毒"", ""severity"": ""高"", ""scene_tags"": [""保育猪"", ""群体发病"", ""高热"", ""皮肤菱形斑"", ""腹泻"", ""呼吸急促""], ""validation_points"": [""症状符合急性败血型猪丹毒典型表现"", ""保育猪阶段为高发期"", ""环境应激因素支持发病条件""], ""risk_flags"": [""潜在重大动物疫病风险"", ""存在人畜共患病鉴别需求"", ""需实验室确诊""], ""case_type"": ""保育猪群体发病"", ""target_disease"": ""猪丹毒"", ""local_flags"": {""species_ok"": true, ""target_disease_in_diagnosis"": true, ""target_disease_mismatch"": false, ""contains_specific_dose"": false, ""contains_specific_withdrawal"": false, ""regulated_bad_treatment"": false}}",False,False,,,True,False,False,D:\XF-ChongQin\ai-\knowledge\llm_wiki_swine_authoritative,1465,887,"猪丹毒
猪丹毒、erysipelas
保育猪群体发病
群体发病、采食下降、粪便或呼吸道异常，用户想知道主要病因和下一步处理。","{""HUMAN_REVIEWED"": 4}","[""SRC-0001"", ""SRC-0006"", ""SRC-0058"", ""SRC-0065""]",2221,67.58,ERNIE-4.5-Turbo-32K,88,28,18,23,20,False,True,"整体回答质量较高，诊断准确性、病理逻辑、处方安全性和数据质量均表现良好，无明显致命风险，符合通过标准。
问题：诊断准确性方面，虽然症状描述和疾病匹配度较高，但未完全排除其他类似疾病（如A. suis败血症、沙门氏菌败血症）的可能性，建议进一步明确鉴别诊断的依据。；病理逻辑方面，对环境应激因素（如气温波动、通风不良）与疾病暴发的关联性分析可更深入，以增强逻辑严密性。；处方安全性方面，未明确青霉素类抗生素的具体剂量和疗程，可能影响实际操作的规范性。；数据质量方面，场景标签和验证点覆盖较全面，但风险标志中提到的“人畜共患病鉴别需求”未在回答中充分体现，建议补充相关说明。",,,,,,,,,,False,,,,,88,28,18,23,20,pass,39.69,,
4dd5733a-dfc8-50f0-aad5-3e722d8e7b2d,230,猪支原体肺炎,swine_hunyuan_turbos,hunyuan-turbos-20250926,成功,,猪,我家有200头90公斤左右的育肥猪，最近半个月陆续出现咳嗽、喘气，有的猪精神还行，就是采食慢了点，之前用过替米考星拌料一周，症状减轻一点但又反复。圈舍通风一般，粪沟有点积尿味，想问问这种情况是不是支原体肺炎？要不要做哪些样品送检来排除混合感染？,根据描述，育肥猪慢性咳嗽、喘气、采食下降，且使用抗生素后症状缓解但不稳定，结合圈舍通风不良及粪沟气味，提示可能存在猪支原体肺炎（M. hyopneumoniae），并需警惕与PRRSV、PCV2或其他细菌感染的混合感染可能。建议进行实验室检测明确病原。,treatment_direction: 针对可能的猪支原体肺炎，可考虑使用对支原体有效的抗菌药物（如大环内酯类、四环素类等），并结合改善饲养管理；若怀疑混合感染，应综合防控。；management_measures: 加强圈舍通风换气，降低氨气浓度；保持干燥清洁，减少应激；分群饲养，避免密度过高；定期清理粪沟，防止有害气体积聚。；sampling_and_testing: 采集鼻腔拭子、肺组织（如有病死猪）或支气管灌洗液送实验室PCR检测，可同时检测M. hyopneumoniae、PRRSV、PCV2及其他常见呼吸道病原体，以明确混合感染情况。；prohibited_boundaries: 在未确诊前，不得随意更换或加大抗生素用量；严禁将疑似病猪与健康猪混群；发现高死亡率或急性暴发时应立即上报当地畜牧兽医部门，按重大动物疫病处置流程执行。,具体休药期需依据所用药物说明书及国家相关规定确定，在检测结果出来前不建议出栏销售。,"{""disease_name"": ""猪支原体肺炎"", ""severity"": ""中等"", ""scene_tags"": [""育肥猪"", ""慢性呼吸道症状"", ""支原体肺炎可疑"", ""混合感染风险""], ""validation_points"": [""症状符合慢性呼吸道疾病特征"", ""用药反应提示非单一敏感菌感染"", ""环境因素（通风差、粪沟异味）加重呼吸道负担""], ""risk_flags"": [""潜在混合感染"", ""环境管理不足"", ""需实验室确诊""], ""case_type"": ""呼吸道采样送检"", ""target_disease"": ""猪支原体肺炎"", ""local_flags"": {""species_ok"": true, ""target_disease_in_diagnosis"": true, ""target_disease_mismatch"": false, ""contains_specific_dose"": false, ""contains_specific_withdrawal"": false, ""regulated_bad_treatment"": false}}",False,False,,,True,False,False,D:\XF-ChongQin\ai-\knowledge\llm_wiki_swine_authoritative,1465,887,"猪支原体肺炎
猪支原体肺炎、mycoplasmosis enzootic pneumonia
呼吸道采样送检
呼吸道症状持续，用药效果不稳定，用户询问采什么样品和如何鉴别混合感染。","{""HUMAN_REVIEWED"": 2, ""NEEDS_REVIEW"": 2}","[""RC-RESP-001"", ""SRC-0001"", ""SRC-0007"", ""SRC-0042"", ""SRC-0043"", ""SRC-0049"", ""SRC-0050"", ""SRC-0058"", ""SRC-0059"", ""SRC-0066"", ""SRC-0069"", ""SRC-0070"", ""SRC-0076"", ""SRC-0086""]",2221,25.69,ERNIE-4.5-Turbo-32K,88,28,18,23,20,False,True,"该回答整体表现良好，诊断准确性较高，症状与疾病匹配合理，诊断逻辑清晰，处方安全且与疾病相互印证，数据质量较高。未发现致命风险。
问题：diagnosis_accuracy: 诊断准确性较高，但未完全覆盖所有可能症状及鉴别诊断的详细分析。；pathology_logic: 病理逻辑合理，但可进一步细化混合感染的鉴别诊断逻辑。；prescription_safety: 处方安全，但休药期承诺不够具体，仅提及依据说明书及规定。；data_quality: 数据质量较高，但场景标签和验证点可更详细。",,,,,,,,,,False,,,,,88,28,18,23,20,pass,17.84,,
21c0c043-d87a-5738-bdc6-a39a21a6f07f,231,猪沙门氏菌病,swine_hunyuan_turbos,hunyuan-turbos-20250926,成功,,猪,我这边是200头基础母猪的自繁自养场，最近一个月陆续有8头怀孕母猪在80-100天流产，还有几头产下死胎，部分公猪精液活力下降。之前用过阿莫西林拌料一周，没明显好转。现在不敢再配种了，想问问这是啥病？会不会传染？下一步该咋办？,根据描述，流产、死胎及公猪精液质量下降提示可能存在传染性繁殖障碍因素。结合近期使用抗生素无效的情况，需考虑猪细小病毒病、猪繁殖与呼吸综合征、伪狂犬病、乙型脑炎等常见病因，也可能涉及细菌性败血症如猪沙门氏菌病的全身感染波及生殖系统。需要实验室检测才能明确病原。,treatment_direction: 立即停止配种，隔离发病母猪与可疑公猪，采集流产胎儿组织、胎盘、血液及精液样本送实验室进行病原学检测（PCR/血清学），同时监测全群健康状态。；management_measures: 加强生物安全，减少人员、车辆、器具交叉流动；对圈舍彻底清洁消毒；暂停引入新种猪；对同批次妊娠母猪实施重点观察。；sampling_and_testing: 送检材料包括流产胎儿、胎盘、母血样、公猪精液；检测项目应覆盖细小病毒、PRRSV、伪狂犬病毒、乙脑病毒及可能的细菌感染（如沙门氏菌）。；prohibited_boundaries: 在未明确病因前，严禁将疑似病畜或流产产物随意丢弃或流入市场；禁止未经检疫的种猪调入调出；不得擅自使用未经验证的疫苗或药物替代官方防控方案。,因尚未确诊且涉及潜在重大疫病，现阶段无商品猪出栏计划，不涉及常规休药期计算。所有用药须依据检测结果并在兽医指导下执行。,"{""disease_name"": ""猪沙门氏菌病 / 其他繁殖障碍性疾病"", ""severity"": ""高"", ""scene_tags"": [""种猪场"", ""繁殖障碍"", ""流产"", ""死胎"", ""公猪精液异常""], ""validation_points"": [""流产集中在妊娠中后期符合病毒性繁殖障碍特征"", ""抗生素治疗无效提示非单纯细菌感染"", ""存在公猪精液质量下降支持全身性感染可能""], ""risk_flags"": [""可能涉及法定重大动物疫病（如PRRS、伪狂犬病等）"", ""存在人畜共患病潜在风险（乙型脑炎为蚊媒传播的人兽共患病）"", ""需按重大疫情处置流程上报并配合检测""], ""case_type"": ""种猪繁殖障碍"", ""target_disease"": ""猪沙门氏菌病"", ""local_flags"": {""species_ok"": true, ""target_disease_in_diagnosis"": true, ""target_disease_mismatch"": false, ""contains_specific_dose"": false, ""contains_specific_withdrawal"": false, ""regulated_bad_treatment"": false}}",False,False,,,True,False,False,D:\XF-ChongQin\ai-\knowledge\llm_wiki_swine_authoritative,1465,887,"猪沙门氏菌病
猪沙门氏菌病、salmonellosis
种猪繁殖障碍
种猪场出现流产、死胎、返情或公猪异常，用户担心传染病和是否继续配种。","{""HUMAN_REVIEWED"": 2, ""NEEDS_REVIEW"": 2}","[""SRC-0001"", ""SRC-0073""]",2221,29.77,ERNIE-4.5-Turbo-32K,65,20,15,15,15,False,False,"诊断考虑了多种繁殖障碍性疾病，但未明确指向猪沙门氏菌病，且未充分结合种猪繁殖障碍场景特点。诊断逻辑基本合理，但缺乏针对性。处理方向安全，但未针对猪沙门氏菌病提出具体措施。数据质量一般，信息较全面但缺乏重点。
问题：诊断未明确指向猪沙门氏菌病，且未充分结合种猪繁殖障碍场景特点，如未提及沙门氏菌病在种猪中的流行特点及对繁殖性能的影响。；诊断逻辑基本合理，但缺乏针对性，未对猪沙门氏菌病与其他繁殖障碍性疾病进行详细鉴别。；处理方向安全，但未针对猪沙门氏菌病提出具体治疗和管理措施，如未提及抗生素的选择和使用方案。；数据质量一般，信息较全面但缺乏重点，未突出猪沙门氏菌病的关键症状和诊断依据。",,,,,,,,,,False,,,,,65,20,15,15,15,review,21.49,,
53a42c13-daa5-53e6-a50e-323f03e8bf8a,232,猪链球菌病,swine_hunyuan_turbos,hunyuan-turbos-20250926,成功,,猪,我场有200多头育肥猪，平均体重80公斤左右，最近两天同一栋舍里陆续出现几头精神沉郁、体温升高到41℃以上、有的还出现关节肿胀走路跛行的现象，之前用过阿莫西林饮水，但没明显好转。现在隔壁栋也有类似情况，想问能不能先当普通细菌感染治着看？,根据描述，该批猪在密集饲养条件下短时间内多例出现高热、精神沉郁及部分关节肿胀，符合猪链球菌病（Streptococcus suis）的急性败血症及关节炎型表现特征。该病可在应激、混群等条件下暴发，且可经呼吸道或破损皮肤传播。,立即隔离病猪并加强全群消毒，减少人员、工具交叉使用；采集病死猪血液、关节液或脑脊髓液送实验室进行细菌分离鉴定及药敏试验；在未明确病原前，可根据经验选用对革兰氏阳性球菌有效的抗生素（如β-内酰胺类、大环内酯类等），同时配合退热、补液支持；严禁将病猪或可疑猪肉流入市场，防止人兽共患风险；若疫情扩散迅速或出现神经症状病例，应第一时间向当地动物防疫部门报告，并按重大动物疫病防控要求处置。,因未确定具体药物种类及剂量，无法给出确切休药期；任何上市销售均需依据所用药物的国家规定休药期执行，并在停药期满后经检疫合格方可出栏。,"{""disease_name"": ""猪链球菌病"", ""severity"": ""高"", ""scene_tags"": [""育肥猪"", ""高热"", ""关节炎"", ""场内传播""], ""validation_points"": [""临床表现符合链球菌败血症及关节炎型特征"", ""存在密集饲养与应激因素，利于传播"", ""抗生素治疗需结合药敏结果调整""], ""risk_flags"": [""可能为人兽共患病原体，需注意人员防护"", ""疫情快速扩散时需考虑重大动物疫病处置流程""], ""case_type"": ""暴发与处置边界"", ""target_disease"": ""猪链球菌病"", ""local_flags"": {""species_ok"": true, ""target_disease_in_diagnosis"": true, ""target_disease_mismatch"": false, ""contains_specific_dose"": false, ""contains_specific_withdrawal"": false, ""regulated_bad_treatment"": false}}",False,False,,,True,False,False,D:\XF-ChongQin\ai-\knowledge\llm_wiki_swine_authoritative,1465,887,"猪链球菌病
猪链球菌病、streptococcosis streptococcus suis
暴发与处置边界
同栏或多栋猪舍短期内发病增多，用户询问是否能先按普通病治疗观察。","{""HUMAN_REV"": 1, ""HUMAN_REVIEWED"": 2, ""NEEDS_REVIEW"": 2}","[""SRC-0001"", ""SRC-0014"", ""SRC-0075"", ""SRC-0076""]",2221,48.33,ERNIE-4.5-Turbo-32K,88,28,18,23,20,False,True,"该回答对猪链球菌病的诊断准确，症状与疾病匹配度高，诊断逻辑合理，处理方向安全且与疾病相互印证。数据质量良好，但部分细节可进一步优化。
问题：diagnosis_accuracy: 诊断准确度较高，但未完全覆盖所有可能症状（如神经症状未提及）。；pathology_logic: 病理逻辑基本合理，但未详细解释为何排除其他类似疾病。；prescription_safety: 处方安全，但未明确具体药物剂量，仅给出药物类别建议。；data_quality: 数据质量良好，但休药期说明不够具体，仅提及需依据国家规定执行。",,,,,,,,,,False,,,,,88,28,18,23,20,pass,40.76,,
87d46461-ff05-5223-8a79-a2083367e393,233,猪痢疾,swine_hunyuan_turbos,hunyuan-turbos-20250926,成功,,猪,我家有200多头育肥猪，现在70多天大，最近一周陆续有几头出现拉稀，粪便带血丝、黏液，有的还有恶臭，精神食欲下降。圈舍通风一般，温度偏低，之前用过土霉素拌料几天，效果不明显。我想知道是不是猪痢疾？该采哪些样送检测？怎么判断是哪种菌引起的？怕误诊耽误事。,根据描述的血性黏液性腹泻、恶臭及抗生素治疗无效的情况，高度怀疑为猪痢疾。该病可由强β溶血型Brachyspira属细菌（包括B. hyodysenteriae、B. hampsonii、B. suanatina）引起，需结合典型病变和实验室检测确认。,treatment_direction: 在确诊前不建议盲目使用抗生素，应优先采集样本送检明确病原。若确诊为猪痢疾，可根据检测结果选择敏感抗菌药物并配合改善饲养管理。；management_measures: 加强圈舍保温与通风，减少应激；分群饲养，防止健康猪接触污染粪便；及时清理粪污，保持饮水清洁；暂停使用未经证实有效的药物。；sampling_and_testing: 建议从典型病例（血便、肠壁增厚）中采集新鲜粪便或直肠拭子，同时可剖检取结肠黏膜刮片进行显微镜检查及PCR检测，以鉴定强β溶血Brachyspira种类。；prohibited_boundaries: 在未获得实验室确诊前，不得作为其他疾病的替代方案自行用药；如检出法定重大疫病或人兽共患病，应立即按主管部门要求进行隔离、消毒和上报。,具体休药期需依据所用药物说明书及当地监管要求执行，此处不作具体数字说明。,"{""disease_name"": ""猪痢疾"", ""severity"": ""中等至严重"", ""scene_tags"": [""育肥猪"", ""血性腹泻"", ""黏液便"", ""抗生素治疗无效"", ""低温应激""], ""validation_points"": [""症状符合猪痢疾典型表现（血性黏液便、恶臭、精神食欲下降）"", ""存在强β溶血Brachyspira感染可能"", ""需要实验室检测确诊病原种类""], ""risk_flags"": [""潜在重大动物疫病风险"", ""不当用药可能导致耐药性或延误治疗""], ""case_type"": ""采样送检咨询"", ""target_disease"": ""猪痢疾"", ""local_flags"": {""species_ok"": true, ""target_disease_in_diagnosis"": true, ""target_disease_mismatch"": false, ""contains_specific_dose"": false, ""contains_specific_withdrawal"": false, ""regulated_bad_treatment"": false}}",False,False,,,True,False,False,D:\XF-ChongQin\ai-\knowledge\llm_wiki_swine_authoritative,1465,887,"猪痢疾
猪痢疾、swine dysentery brachyspira hyodysenteriae、swine dysentery、Brachyspira
采样送检咨询
用户描述症状后，重点询问采什么样品、如何判断和如何避免误治。","{""HUMAN_REVIEWED"": 2}","[""SRC-0001"", ""SRC-0077""]",2221,45.93,ERNIE-4.5-Turbo-32K,88,28,18,23,20,False,True,"该回答整体表现良好，诊断准确性较高，症状与疾病匹配合理，诊断逻辑清晰，处理方向安全，数据质量较高，无明显致命风险。
问题：diagnosis_accuracy: 诊断准确性较高，但未完全覆盖所有可能的鉴别诊断，如其他引起血性腹泻的疾病。；pathology_logic: 病理逻辑基本合理，但未详细解释强β溶血Brachyspira属细菌的致病机制。；prescription_safety: 处方安全，但管理措施中未明确具体操作步骤，如分群饲养的具体方法。；data_quality: 数据质量较高，但场景标签中未包含‘采样送检咨询’这一关键信息。",,,,,,,,,,False,,,,,88,28,18,23,20,pass,36.65,,
00a66582-5ae6-58f9-8d39-97e061c39dbb,234,猪疥螨病,swine_hunyuan_turbos,hunyuan-turbos-20250926,成功,,猪,我家有200头育肥猪，平均体重80公斤左右，最近发现部分猪耳朵边缘、颈部和背部出现红疹、结痂，还一直蹭墙蹭栏杆，抓痒很厉害，已经持续一周多。之前没用过驱虫药，圈舍是水泥地面，通风一般，湿度偏高。想问这种情况是不是疥螨？要不要整群一起治？圈舍要怎么清理？治疗后多久能看出效果？,根据描述，猪群出现明显瘙痒、皮肤红疹、结痂及蹭栏行为，结合发病部位（耳缘、颈背），高度怀疑为猪疥螨病。该病可由少量螨引起强烈过敏反应，且皮肤刮片检查存在假阴性可能，因此应结合临床表现和群体分布判断。,treatment_direction: 对全群进行抗疥螨药物治疗，优先选择经批准的体外驱虫剂，按产品说明使用；同时加强个体护理，减少应激。；management_measures: 彻底清洁并消毒圈舍，清除粪污、垫料，保持干燥通风；更换或清洗饲槽饮水器，防止交叉感染；新引进猪只须隔离观察并检测后再合群。；sampling_and_testing: 对典型病例进行皮肤刮片镜检寻找螨或虫卵，必要时送实验室PCR检测；若刮片阴性但临床高度符合，可按疥螨病处理。；prohibited_boundaries: 严禁使用未经批准的兽药或人用药物；不得因怀疑而随意扑杀健康猪；发现疑似重大动物疫病应立即上报主管部门。,具体休药期和停药时间应严格遵循所用药品说明书及国家相关规定，不同药物差异较大，使用前务必确认。,"{""disease_name"": ""猪疥螨病"", ""severity"": ""中等至严重（影响增重、饲料效率及繁殖性能）"", ""scene_tags"": [""育肥猪"", ""瘙痒"", ""皮肤病变"", ""环境潮湿"", ""未驱虫史""], ""validation_points"": [""瘙痒、红疹、结痂等典型皮肤症状"", ""病变集中在耳缘、颈背等部位"", ""群体中有多个个体同时发病""], ""risk_flags"": [""可能存在假阴性刮片结果"", ""环境高湿利于疥螨存活和传播""], ""case_type"": ""驱虫和环境管理"", ""target_disease"": ""猪疥螨病"", ""local_flags"": {""species_ok"": true, ""target_disease_in_diagnosis"": true, ""target_disease_mismatch"": false, ""contains_specific_dose"": false, ""contains_specific_withdrawal"": false, ""regulated_bad_treatment"": false}}",False,False,,,True,False,False,D:\XF-ChongQin\ai-\knowledge\llm_wiki_swine_authoritative,1465,887,"猪疥螨病
猪疥螨病、external parasites mange
驱虫和环境管理
用户询问是否需要全群处理、环境清理和复查方式。","{""HUMAN_REVIEWED"": 4}","[""SRC-0001"", ""SRC-0080"", ""SRC-0082""]",2221,27.15,ERNIE-4.5-Turbo-32K,90,28,18,24,20,False,True,"该回答对猪疥螨病的诊断准确，症状描述与疾病特征高度匹配，诊断逻辑合理，考虑到了皮肤刮片检查的假阴性可能。治疗方案安全，包括全群驱虫、环境清理和个体护理，且明确禁止了未经批准的药物使用。数据质量较高，包含了详细的场景标签和验证点。
问题：诊断准确性方面，虽然整体判断正确，但未提及具体诊断依据的权重分配，如临床表现与群体分布的具体考量。病理逻辑上，对疥螨病的传播途径和预防措施的解释可以更深入。处方安全性上，未具体说明推荐药物的种类和剂量范围。数据质量方面，风险标志的描述可以更具体，如明确高湿环境对疥螨存活的具体影响。",,,,,,,,,,False,,,,,90,28,18,24,20,pass,18.43,,
1ac5199e-d544-594d-9128-813c06ac78d4,235,猪球虫病,swine_hunyuan_turbos,hunyuan-turbos-20250926,成功,,猪,我家有200头母猪，最近产了三批小猪，其中第二批是15日龄左右开始拉稀的，刚开始是黄色稀粪，后来变成带黏液的稀水便，吃奶正常，但精神稍差，有几头出现轻度脱水。第三批刚出生10天也出现了类似情况，整窝都有，没有呕吐，体温基本正常。圈舍通风一般，地面潮湿，之前用过恩诺沙星拌料，效果不明显。想问下这是啥病？要不要做化验？,根据日龄、病程及粪便性状，该病例应首先考虑仔猪腹泻综合征，包括病毒性（如轮状病毒、传染性胃肠炎）、细菌性（如大肠杆菌、产气荚膜梭菌C型）、寄生虫性（如球虫）以及饲养管理因素。当前信息不足以确诊单一病因，需结合粪便镜检、PCR检测及剖检结果综合判断。球虫在15日龄前后高发，但必须与大肠杆菌、轮状病毒、TGE、C. perfringens C型和Strongyloides ransomi等鉴别。,treatment_direction: 针对球虫可考虑使用经批准的抗原虫药物（须由执业兽医开具处方），同时配合支持疗法改善脱水与营养状况。；management_measures: 加强产房保温与干燥，减少湿度；及时清理粪便，防止重复感染；分群饲养，避免混群传播；暂停使用可能无效的抗生素，改用针对性方案。；sampling_and_testing: 采集新鲜腹泻粪便进行显微镜检查球虫卵囊，并行细菌培养、病毒PCR检测，必要时剖检观察小肠黏膜病变特征。；prohibited_boundaries: 在未排除重大疫病（如非洲猪瘟、口蹄疫、经典猪瘟等）前，不得自行屠宰、出售或跨区域调运；发现可疑疫情应立即向当地动物防疫部门报告。,具体休药期依据所用药物种类及标签说明确定，须经执业兽医指导执行。,"{""disease_name"": ""猪球虫病"", ""severity"": ""中等"", ""scene_tags"": [""仔猪腹泻"", ""球虫"", ""混合感染风险"", ""产房潮湿""], ""validation_points"": [""按日龄和病程分层鉴别腹泻病因"", ""区分病毒性、细菌性、寄生虫性及管理性因素"", ""强调粪便镜检与多病原检测的重要性""], ""risk_flags"": [""潜在重大疫病排查需求"", ""禁止擅自处置疑似疫情""], ""case_type"": ""腹泻采样送检"", ""target_disease"": ""猪球虫病"", ""local_flags"": {""species_ok"": true, ""target_disease_in_diagnosis"": true, ""target_disease_mismatch"": false, ""contains_specific_dose"": false, ""contains_specific_withdrawal"": false, ""regulated_bad_treatment"": false}}",False,False,,,True,False,False,D:\XF-ChongQin\ai-\knowledge\llm_wiki_swine_authoritative,1465,887,"猪球虫病
猪球虫病、coccidia and other protozoa、球虫、球虫感染、coccidiosis、coccidia
腹泻采样送检
用户描述粪便性状、日龄和病程，重点询问如何鉴别病毒性、细菌性或寄生虫性腹泻。","{""HUMAN_REVIEWED"": 2, ""NEEDS_REVIEW"": 1}","[""RC-DIARRHEA-001"", ""SRC-0001"", ""SRC-0052"", ""SRC-0062"", ""SRC-0063"", ""SRC-0064"", ""SRC-0071"", ""SRC-0072"", ""SRC-0073"", ""SRC-0077"", ""SRC-0081""]",2221,31.22,ERNIE-4.5-Turbo-32K,78,25,18,20,15,False,False,"该回答在诊断准确性、病理逻辑、处方安全性和数据质量方面表现中等，整体符合测试数据有效性要求，但存在部分不足，需进一步优化。
问题：诊断准确性方面，虽然考虑了多种病因，但对球虫病的针对性分析不够深入，未充分结合球虫病的典型症状（如黄色稀粪、黏液便、日龄特异性）进行重点阐述。；病理逻辑方面，对球虫病与其他腹泻病因的鉴别逻辑不够清晰，未明确阐述球虫病的病理特征（如小肠黏膜病变）与症状的关联性。；处方安全性方面，治疗方向和管理措施基本合理，但未明确列出具体抗原虫药物名称及剂量，存在一定模糊性。；数据质量方面，用户查询信息完整，但回答中未充分利用所有信息（如圈舍通风、地面潮湿等管理因素）进行综合分析，且未明确回应是否需要做化验的建议。",,,,,,,,,,False,,,,,78,25,18,20,15,review,23.08,,
45739ded-53b4-5d93-9613-286c77c555ad,236,猪霉菌毒素中毒,swine_hunyuan_turbos,hunyuan-turbos-20250926,成功,,猪,我场有120头90公斤左右的育肥猪，最近一周陆续出现食欲下降、精神沉郁、个别拉稀，还有几头母猪也表现类似情况，体温大多正常。这批猪一直喂的是新进的玉米豆粕混合料，怀疑是原料有问题。想问还能不能继续喂？要不要把饲料和病猪样本送去化验？,根据描述，结合群体性食欲减退、精神沉郁及部分腹泻的表现，且集中在饲喂新进饲料后出现，高度怀疑为猪霉菌毒素中毒。该病由摄入被产毒真菌污染的饲料引起，临床表现可为急性、亚急性和慢性，需通过饲料及组织样品检测确认。,treatment_direction: 立即停止使用可疑饲料，更换为安全无霉变的饲料；提供清洁饮水，添加适量电解质和维生素促进恢复；对严重病例进行对症治疗和支持疗法。；management_measures: 清理料槽残留可疑饲料，检查仓储条件防止二次污染；加强通风防潮，确保饲料储存干燥低温；观察剩余猪群健康变化。；sampling_and_testing: 采集可疑饲料样品送实验室检测霉菌毒素含量；同时采集病死猪肝脏、肾脏等组织样进行病理学和毒素分析，以便确诊和指导后续防控。；prohibited_boundaries: 在未明确毒素种类和浓度前，禁止将可疑饲料转喂其他猪群或外售；若检出高风险毒素超标，应按当地动物防疫部门要求进行无害化处理并调整饲养方案。,因属中毒事件，应依据检测结果和监管部门意见确定饲料停用及猪只上市时间，不可自行决定休药期。,"{""disease_name"": ""猪霉菌毒素中毒"", ""severity"": ""中等至重度（视毒素种类与摄入量而定）"", ""scene_tags"": [""育肥猪"", ""母猪"", ""饲料污染"", ""群体发病""], ""validation_points"": [""症状与饲料更换时间吻合"", ""群体性发生提示共同暴露源"", ""排除常见传染病后支持中毒判断""], ""risk_flags"": [""疑似饲料源性中毒"", ""存在毒素扩散风险"", ""需实验室确诊""], ""case_type"": ""中毒处置边界"", ""target_disease"": ""猪霉菌毒素中毒"", ""local_flags"": {""species_ok"": true, ""target_disease_in_diagnosis"": true, ""target_disease_mismatch"": false, ""contains_specific_dose"": false, ""contains_specific_withdrawal"": false, ""regulated_bad_treatment"": false}}",False,False,,,True,False,False,D:\XF-ChongQin\ai-\knowledge\llm_wiki_swine_authoritative,1465,887,"猪霉菌毒素中毒
猪霉菌毒素中毒、mycotoxins in grains and feeds
中毒处置边界
用户想知道是否继续饲喂可疑饲料、怎样送检饲料和病料。","{""NEEDS_REVIEW"": 2, ""PROCESSED_SOURCE_ANCHORED"": 2}","[""SRC-0001"", ""SRC-0085""]",2220,33.25,ERNIE-4.5-Turbo-32K,88,28,18,24,18,False,True,"测试数据整体有效，诊断准确性较高，处理方向安全，但病理逻辑存在轻微瑕疵，数据质量可进一步提升。
问题：病理逻辑未明确排除其他类似症状疾病；数据质量缺乏具体检测方法和对症治疗药物示例",,,,,,,,,,False,,,,,88,28,18,24,18,pass,15.45,,
7d43727f-26a9-5ef3-9dbc-493b8987433f,237,猪布鲁氏菌病,swine_hunyuan_turbos,hunyuan-turbos-20250926,成功,,猪,我家有120头能繁母猪，平均体重280公斤左右，还有8头公猪，最近两个月陆续有10多头母猪发生流产、产死胎，有的还反复发情配不上，公猪精液检查活力下降，个别睾丸肿大。之前用过替米考星和阿莫西林拌料一周，没见好转。请问这是啥病？会不会传染？还能继续配种吗？,根据描述的流产、死胎、返情及公猪睾丸病变等症状，结合饲养管理史，高度怀疑为猪布鲁氏菌病。该病由布鲁氏菌引起，属于细菌性繁殖障碍和人兽共患风险疾病，可导致母猪流产、死胎、不孕，公猪附睾炎、睾丸炎及精液质量下降。,treatment_direction: 立即暂停所有配种活动，防止病原扩散；对全场进行隔离观察，减少人员、车辆、器械交叉使用；采集流产胎儿、胎盘、公猪精液等样本送具备资质的实验室进行布鲁氏菌分离培养或PCR检测确诊。；management_measures: 加强生物安全，严格消毒进出通道、圈舍、器具；禁止引入新种猪，现有种猪分群管理；对疑似病例进行标记并隔离，避免与健康猪混养。；sampling_and_testing: 送检流产胎儿组织、胎盘、公猪精液、血清样品至专业兽医实验室，采用细菌学培养和分子生物学方法确认病原。；prohibited_actions: 在未确诊前不得继续使用抗生素盲目治疗；不得出售或调运可疑种猪；不得忽视疫情可能带来的公共卫生风险。,因未明确病原及用药方案，暂无法确定停药期，需依据检测结果及后续兽医指导执行。,"{""disease_name"": ""猪布鲁氏菌病"", ""severity"": ""高"", ""scene_tags"": [""繁殖障碍"", ""流产"", ""死胎"", ""公猪病变"", ""人兽共患风险""], ""validation_points"": [""症状符合布鲁氏菌导致的繁殖障碍特征"", ""公猪睾丸病变提示布鲁氏菌感染可能性大"", ""抗生素治疗无效提示非普通细菌感染""], ""risk_flags"": [""重大动物疫病风险"", ""人兽共患风险"", ""需实验室确诊""], ""case_type"": ""种猪繁殖障碍"", ""target_disease"": ""猪布鲁氏菌病"", ""local_flags"": {""species_ok"": true, ""target_disease_in_diagnosis"": true, ""target_disease_mismatch"": false, ""contains_specific_dose"": false, ""contains_specific_withdrawal"": false, ""regulated_bad_treatment"": false}}",False,False,,,True,False,False,D:\XF-ChongQin\ai-\knowledge\llm_wiki_swine_authoritative,1465,887,"猪布鲁氏菌病
猪布鲁氏菌病、brucella suis brucellosis、布鲁氏菌病、Brucella suis
种猪繁殖障碍
种猪场出现流产、死胎、返情或公猪异常，用户担心传染病和是否继续配种。","{""HUMAN_REVIEWED"": 2, ""NEEDS_REVIEW"": 2}","[""SRC-0001"", ""SRC-0060"", ""SRC-0061""]",2221,19.57,ERNIE-4.5-Turbo-32K,88,28,18,23,20,False,True,"该回答在诊断准确性、病理逻辑、处方安全性和数据质量方面表现良好，符合猪布鲁氏菌病的诊断和处理要求，未发现致命风险。
问题：病理逻辑中未详细解释布鲁氏菌病的传播途径和预防措施的关联性。；数据质量方面，场景标签和验证点可以更详细，以增强数据的全面性。",,,,,,,,,,False,,,,,88,28,18,23,20,pass,11.65,,
0e743dad-ce6a-52ee-a1d5-cb4cc69607aa,238,猪腺病毒感染,swine_hunyuan_turbos,hunyuan-turbos-20250926,成功,,猪,我家是育肥场，存栏大概800头，现在这批猪平均90公斤左右。最近一周有两栋圈舍陆续出现拉稀，精神稍差，采食量下降，体温正常，没有死亡。之前用过恩诺沙星拌料三天，效果不明显。想问能不能先当普通肠炎治着看？,根据描述，症状为轻度腹泻、食欲下降、无高热及死亡，符合猪腺病毒感染常见的亚临床或轻症表现。该病多为自限性，常在改善饲养管理后自行恢复。需排除细菌性肠炎、寄生虫等常见病因。,treatment_direction: 对症支持为主，加强饮水清洁，添加电解质防止脱水；可试用益生菌调节肠道菌群；避免使用广谱抗生素作为常规预防。；management_measures: 立即清理粪污，保持圈舍干燥通风，减少应激；分群饲养，避免混群传播；暂停引入新猪，防止潜在病原带入。；sampling_and_testing: 采集新鲜粪便样本送实验室进行病毒核酸检测，必要时结合病理学检查以确诊。若怀疑其他烈性病（如非洲猪瘟），应立即停止场内流动并按规定上报。；prohibited_boundaries: 禁止在未排除法定重大疫病前擅自销售、转运或屠宰；禁止使用未经批准的疫苗或药物；禁止将病猪与健康猪混养。,因本病主要为支持性护理，不涉及特定药物休药期；若曾用抗生素治疗，应遵守所用药物的停药规定。,"{""disease_name"": ""猪腺病毒感染"", ""severity"": ""轻症/亚临床"", ""scene_tags"": [""育肥猪"", ""多栏舍散发"", ""腹泻"", ""食欲减退""], ""validation_points"": [""症状符合猪腺病毒常见表现"", ""无高热及急性死亡，提示非烈性病"", ""建议通过实验室检测确认""], ""risk_flags"": [""需排除非洲猪瘟等重大疫病后方可按普通病处理"", ""存在潜在传播风险，应加强生物安全""], ""case_type"": ""暴发与处置边界"", ""target_disease"": ""猪腺病毒感染"", ""local_flags"": {""species_ok"": true, ""target_disease_in_diagnosis"": true, ""target_disease_mismatch"": false, ""contains_specific_dose"": false, ""contains_specific_withdrawal"": false, ""regulated_bad_treatment"": false}}",False,False,,,True,False,False,D:\XF-ChongQin\ai-\knowledge\llm_wiki_swine_authoritative,1465,887,"猪腺病毒感染
猪腺病毒感染、adenoviruses
暴发与处置边界
同栏或多栋猪舍短期内发病增多，用户询问是否能先按普通病治疗观察。","{""HUMAN_REVIEWED"": 3, ""NEEDS_REVIEW"": 2}","[""SRC-0001"", ""SRC-0030""]",1991,26.15,ERNIE-4.5-Turbo-32K,82,27,18,22,15,False,True,"整体回答符合猪腺病毒感染的轻症表现，诊断逻辑合理，处理方向安全，但数据质量方面存在一定不足，如未详细说明采样和检测的具体流程。
问题：诊断准确性方面，虽然症状描述符合猪腺病毒感染，但未充分排除其他类似疾病的可能性，如细菌性肠炎或寄生虫感染。；病理学逻辑方面，建议通过实验室检测确认，但未详细说明检测的具体方法和流程。；处方安全性方面，处理方向安全，但未提及具体益生菌的种类和使用剂量。；数据质量方面，场景标签和验证点较为笼统，缺乏具体细节。",,,,,,,,,,False,,,,,82,27,18,22,15,pass,18.41,,
d9421d84-58ac-5e0a-8a59-7fb85abf3749,239,猪环曲病毒/托克特诺病毒感染,swine_hunyuan_turbos,hunyuan-turbos-20250926,成功,,猪,我家有120头育肥猪，平均体重在70公斤左右，最近一周陆续出现精神沉郁、食欲下降的情况，体温大多正常，个别猪轻微腹泻，粪便偏稀但不带血。圈舍通风一般，湿度偏高，之前用过一些抗生素控制过呼吸道问题，效果不明显。现在怀疑是不是新病毒或者条件致病因素，想问问这种情况需要采哪些样本去检测？怎么判断是单纯应激还是感染了什么病毒？会不会因为误诊耽误病情？,根据描述，当前症状缺乏特异性，且部分健康猪群中也可能检出猪环曲病毒（TTSuV），因此不能仅凭临床表现确诊该病。需结合实验室检测病毒DNA或抗体结果综合判断。若仅检出TTSuV而无其他病原支持，则可能是携带状态而非病因。,treatment_direction: 无特效抗病毒药物，重点在于改善饲养管理、减少应激、防止继发细菌感染。；management_measures: 加强通风、降低湿度、合理分群、保证饮水清洁、均衡饲料营养；对明显腹泻个体进行补液和电解质平衡调整。；sampling_and_testing: 建议采集发病猪的血液（血清）、新鲜粪便及口腔拭子送实验室检测TTSuV DNA或抗体，同时排查圆环病毒、蓝耳病、细小病毒等常见病原，排除混合感染。；prohibited_boundaries: 不可将TTSuV阳性直接作为治疗依据或大规模投药理由；禁止在未排除重大传染病（如非洲猪瘟、口蹄疫）前自行使用广谱抗生素或抗病毒药。,本病无特定治疗药物，不涉及休药期。但若在治疗过程中使用了抗生素，应遵守相应药物的停药期规定。,"{""disease_name"": ""猪环曲病毒/托克特诺病毒感染"", ""severity"": ""低至中等（取决于是否合并其他病原）"", ""scene_tags"": [""育肥猪"", ""非特异症状"", ""采样送检"", ""多病原排查""], ""validation_points"": [""症状非特异性，需实验室验证"", ""TTSuV可健康携带，单独检出不足以定因"", ""采样应包括血清、粪便、口腔拭子""], ""risk_flags"": [""可能与其他病原混合感染"", ""误诊可能导致不当用药""], ""case_type"": ""采样送检咨询"", ""target_disease"": ""猪环曲病毒/托克特诺病毒感染"", ""local_flags"": {""species_ok"": true, ""target_disease_in_diagnosis"": true, ""target_disease_mismatch"": false, ""contains_specific_dose"": false, ""contains_specific_withdrawal"": false, ""regulated_bad_treatment"": false}}",False,False,,,True,False,False,D:\XF-ChongQin\ai-\knowledge\llm_wiki_swine_authoritative,1465,887,"猪环曲病毒/托克特诺病毒感染
猪环曲病毒/托克特诺病毒感染、anelloviruses torque teno sus viruses、TTSuV、Torque teno sus virus
采样送检咨询
用户描述症状后，重点询问采什么样品、如何判断和如何避免误治。","{""HUMAN_REVIEWED"": 3}","[""SRC-0001"", ""SRC-0083""]",2221,31.01,ERNIE-4.5-Turbo-32K,88,28,18,24,18,False,True,"整体回答质量较高，诊断准确，逻辑清晰，处理方向安全，数据质量良好。诊断部分考虑到了症状的非特异性和实验室检测的必要性，病理逻辑合理，处方安全且考虑了饲养管理改善和继发感染预防，数据质量方面信息完整且风险标识明确。
问题：diagnosis_accuracy: 诊断部分虽然考虑到了症状的非特异性和实验室检测的必要性，但未明确提及猪环曲病毒（TTSuV）在健康猪群中的携带情况对诊断的影响，略显不足。；pathology_logic: 病理逻辑部分基本合理，但未详细阐述为何仅检出TTSuV而无其他病原支持时可能是携带状态而非病因，逻辑阐述不够深入。；data_quality: 数据质量方面，虽然信息完整且风险标识明确，但未对采样送检的具体流程或注意事项进行详细说明，略显简略。",,,,,,,,,,False,,,,,88,28,18,24,18,pass,19.76,,
4d24bc98-2076-580b-93a0-b5f355f48923,240,猪星状病毒感染,swine_hunyuan_turbos,hunyuan-turbos-20250926,成功,,猪,我家有200头120公斤左右的育肥猪，还有20天就准备出栏了，这几天陆续有几头开始拉稀，粪便偏稀黄绿色，精神食欲还行，没有发烧，之前用过恩诺沙星拌料两天效果不明显。想问问这种情况还能不能继续养到出栏？要不要隔离或者换饲料？会不会影响卖猪？,根据描述，育肥猪在临近出栏时出现轻度腹泻，无明显全身症状，可能与猪星状病毒感染有关。该病常与多种肠道病原体混合存在，可表现为轻度腹泻，部分情况下伴发神经症状，但因果关系需结合剖检及实验室检测综合判断。目前未见高热、急性死亡等典型烈性病表现，暂不支持非洲猪瘟等重大疫病。,建议立即将腹泻明显个体与健康猪分栏管理，减少交叉感染机会；加强圈舍保温通风，保持干燥清洁，防止继发细菌感染；可在兽医指导下使用广谱抗生素预防继发细菌性肠炎，并配合电解质补液支持；采集新鲜粪便送实验室进行病原学检测（如PCR），明确是否合并其他病原；严禁擅自使用未经批准的兽药或超范围药物；若检测结果提示非重大疫病且无严重经济损失，可考虑继续饲养至出栏，但需向收购方如实说明情况；如发现可疑重大动物疫病迹象，应立即停止出售并报告当地畜牧兽医部门。,因临近出栏且未使用特定药物，一般无需额外停药期；若使用预防性抗生素，应遵守所用药品标签规定的休药期，并在出栏前确保符合食品安全要求。,"{""disease_name"": ""猪星状病毒感染"", ""severity"": ""轻症至中等"", ""scene_tags"": [""育肥猪"", ""临近出栏"", ""轻度腹泻"", ""无发热""], ""validation_points"": [""症状与猪星状病毒感染的轻度腹泻特征相符"", ""无高热、急性死亡等烈性病表现，排除非洲猪瘟等高风险疫病"", ""建议通过实验室检测确认病原，避免仅凭临床症状下结论""], ""risk_flags"": [""临近出栏阶段的疾病可能影响销售决策"", ""存在与其他肠道病原共感染的可能"", ""需警惕重大动物疫病的漏诊风险""], ""case_type"": ""腹泻出栏边界"", ""target_disease"": ""猪星状病毒感染"", ""local_flags"": {""species_ok"": true, ""target_disease_in_diagnosis"": true, ""target_disease_mismatch"": false, ""contains_specific_dose"": false, ""contains_specific_withdrawal"": false, ""regulated_bad_treatment"": false}}",False,False,,,True,False,False,D:\XF-ChongQin\ai-\knowledge\llm_wiki_swine_authoritative,1465,887,"猪星状病毒感染
猪星状病毒感染、astroviruses、astrovirus、猪星状病毒
腹泻出栏边界
临近出栏猪群出现腹泻，用户关心处理方向、隔离和用药后能否销售。","{""HUMAN_REVIEWED"": 2, ""NEEDS_REVIEW"": 2}","[""SRC-0001"", ""SRC-0032""]",2221,29.65,ERNIE-4.5-Turbo-32K,82,27,18,20,17,False,True,"该回答在诊断准确性、病理逻辑、处方安全性和数据质量方面表现较好，整体符合测试数据有效性要求。诊断考虑了猪星状病毒感染的可能性，并排除了非洲猪瘟等重大疫病，逻辑合理。处方建议了分栏管理、加强环境控制和实验室检测，安全且与疾病相互印证。数据质量方面，症状描述与疾病特征相符，但缺乏具体数据支持。
问题：诊断准确性方面，虽然考虑了猪星状病毒感染，但未充分讨论其他可能的肠道病原体，诊断依据略显不足。；病理逻辑方面，对神经症状的提及缺乏实际病例支持，可能引起混淆。；处方安全性方面，建议使用广谱抗生素预防继发感染，但未明确具体药物和剂量，存在一定风险。；数据质量方面，缺乏具体的实验室检测数据或流行病学信息支持诊断。",,,,,,,,,,False,,,,,82,27,18,20,17,pass,19.1,,
39e1094f-f6ae-5b2a-924a-4442f1d7e953,241,猪布尼亚病毒相关感染,swine_hunyuan_turbos,hunyuan-turbos-20250926,成功,,猪,我家有120头保育猪，现在70日龄左右，最近一周陆续出现采食量下降、精神沉郁的情况，有几头咳嗽、流鼻涕，还有个别拉稀。舍内通风一般，温度波动大，之前用过阿莫西林饮水，效果不明显。想问问可能是什么病，该怎么处理？,根据描述，保育猪群出现采食下降、呼吸道及消化道症状，结合年龄和环境因素，需考虑多种病毒性疾病的可能，包括猪布尼亚病毒相关感染（如Akabane、Lumbo、Oya、Tahyna等），但该病在猪中的临床表现资料有限，且成年猪多为隐性感染，妊娠母猪及胎儿病变尚不确定。此外，还应排查蓝耳病、圆环病毒、伪狂犬、支原体肺炎等常见病毒或细菌混合感染。建议通过实验室检测明确病因。,treatment_direction: 目前无特效抗病毒药物，重点为支持性治疗和改善饲养管理。；management_measures: 加强保温与通风，减少温差应激；保证清洁饮水和易消化饲料；分栏饲养，降低密度；对重症个体进行隔离观察。；sampling_submission: 采集鼻拭子、血液、粪便及病死猪组织送实验室进行PCR检测，排查布尼亚病毒及其他常见病毒、细菌病原体。；prohibited_boundaries: 不得因怀疑布尼亚病毒感染而自行使用未经批准的疫苗或药物；若检测结果提示重大动物疫病或人兽共患病，应立即向当地畜牧兽医部门报告，并配合隔离、扑杀、无害化处理等措施。,当前情况不建议随意使用抗生素，如需用药应依据检测结果并在兽医指导下执行，严格遵守兽药使用规范。,"{""disease_name"": ""猪布尼亚病毒相关感染"", ""severity"": ""中等"", ""scene_tags"": [""保育猪"", ""群体发病"", ""呼吸道症状"", ""腹泻""], ""validation_points"": [""符合保育猪易感阶段特征"", ""症状与文献中布尼亚病毒感染的有限描述相符"", ""需排除其他常见病毒及细菌混合感染""], ""risk_flags"": [""存在重大动物疫病潜在风险，需实验室确诊"", ""不可擅自作为唯一病因下结论或实施特殊免疫措施""], ""case_type"": ""保育猪群体发病"", ""target_disease"": ""猪布尼亚病毒相关感染"", ""local_flags"": {""species_ok"": true, ""target_disease_in_diagnosis"": true, ""target_disease_mismatch"": false, ""contains_specific_dose"": false, ""contains_specific_withdrawal"": false, ""regulated_bad_treatment"": false}}",False,False,,,True,False,False,D:\XF-ChongQin\ai-\knowledge\llm_wiki_swine_authoritative,1465,887,"猪布尼亚病毒相关感染
猪布尼亚病毒相关感染、bunyaviruses akabane lumbo oya tahyna
保育猪群体发病
群体发病、采食下降、粪便或呼吸道异常，用户想知道主要病因和下一步处理。","{""HUMAN_REVIEWED"": 2, ""NEEDS_REVIEW"": 2}","[""SRC-0001"", ""SRC-0033""]",2221,30.89,ERNIE-4.5-Turbo-32K,72,22,16,19,15,False,False,"该回答整体诊断方向合理，考虑了多种病毒性疾病的可能性，并建议实验室检测以明确病因。处理方向安全，未出现与疾病相冲突的处方。但诊断准确性、病理逻辑、数据质量方面存在一定不足，需进一步优化。
问题：诊断准确性方面，虽然考虑了猪布尼亚病毒相关感染，但对其在猪中的临床表现描述有限，且未充分结合其他常见病毒及细菌混合感染的可能性进行深入分析。；病理逻辑方面，对症状与疾病之间的关联性分析不够深入，缺乏对疾病发生发展机制的详细阐述。；数据质量方面，回答中引用的文献资料有限，对疾病的描述和诊断依据不够充分。；处理方向虽然安全，但缺乏具体的治疗措施和药物使用建议，仅提供了支持性治疗和改善饲养管理的方向。",,,,,,,,,,False,,,,,72,22,16,19,15,review,20.12,,
1896005c-0fe8-5a30-8de5-934c7bc8033f,242,猪杯状病毒感染,swine_hunyuan_turbos,hunyuan-turbos-20250926,成功,,猪,我家有200头60公斤左右的育肥猪，这几天陆续有几头出现精神沉郁、食欲下降、腹泻，有的还伴有轻微发热，粪便稀黄带黏液。之前用了几天恩诺沙星和多西环素，感觉控制不住，想问还能继续用这些药吗？圈舍通风一般，最近天气忽冷忽热。,根据描述的症状表现（精神差、食欲减退、腹泻伴发热）以及用药史，考虑可能为病毒性腹泻性疾病，其中猪杯状病毒感染是可能的病因之一。该病在育肥猪群中可呈散发或流行，常与其他病原混合感染，单纯抗生素治疗往往效果不佳。建议通过实验室检测（如RT-PCR）明确病原类型。,treatment_direction: 目前无特效抗病毒药物，应以支持疗法和对症处理为主，防止继发细菌感染。；management_measures: 改善饲养管理，提高圈舍保温与通风条件，减少应激；保证清洁饮水与易消化饲料；隔离症状明显个体以减少传播。；sampling_and_testing: 采集新鲜粪便或直肠拭子送实验室进行RT-PCR检测，必要时配合血清学检测，以区分病毒性腹泻与其他病原。；contraindications_boundary: 不建议长期或超量使用抗生素作为唯一手段，以免掩盖病情并增加耐药风险；若怀疑重大动物疫病（如非洲猪瘟），应立即按当地规定上报并配合扑杀、无害化处理等措施。,因无特定药物治疗，此处不涉及常规休药期；若曾使用抗生素，应遵守相应药品说明书中的停药期要求。,"{""disease_name"": ""猪杯状病毒感染"", ""severity"": ""中等至严重（视继发感染情况而定）"", ""scene_tags"": [""育肥猪"", ""病毒性腹泻"", ""多病原混合感染""], ""validation_points"": [""症状符合病毒性腹泻特征"", ""抗生素治疗无效提示非单一细菌性病因"", ""需实验室确诊以指导防控""], ""risk_flags"": [""可能为人畜共患风险未定疾病"", ""存在重大动物疫病鉴别诊断需求""], ""case_type"": ""育肥猪用药咨询"", ""target_disease"": ""猪杯状病毒感染"", ""local_flags"": {""species_ok"": true, ""target_disease_in_diagnosis"": true, ""target_disease_mismatch"": false, ""contains_specific_dose"": false, ""contains_specific_withdrawal"": false, ""regulated_bad_treatment"": false}}",False,False,,,True,False,False,D:\XF-ChongQin\ai-\knowledge\llm_wiki_swine_authoritative,1465,887,"猪杯状病毒感染
猪杯状病毒感染、caliciviruses norovirus sapovirus vesicular exanthema virus
育肥猪用药咨询
育肥猪出现典型症状，用户已经用过常见药物但效果一般，询问是否继续用药。","{""HUMAN_REVIEWED"": 3, ""NEEDS_REVIEW"": 2}","[""SRC-0001"", ""SRC-0034""]",2174,27.67,ERNIE-4.5-Turbo-32K,88,28,18,23,20,False,True,"该回答整体表现良好，诊断方向合理，考虑到了病毒性腹泻的可能性，并建议实验室检测以明确病原。处理方向安全，未出现与疾病相冲突的处方，且注意到了人兽共患风险和重大疫病的鉴别诊断需求。数据质量方面，症状描述、用药史及管理措施均较为详细。
问题：诊断准确性方面，虽然考虑到了病毒性腹泻，但未充分排除其他可能的病毒性腹泻疾病，如猪流行性腹泻病毒（PEDV）等，诊断略显宽泛。；病理逻辑方面，对于症状与疾病之间的关联解释不够深入，缺乏对猪杯状病毒感染特异性的描述。；数据质量方面，虽然提供了较为详细的症状描述和用药史，但缺乏对圈舍环境、猪群整体健康状况的更深入描述。",,,,,,,,,,False,,,,,88,28,18,23,20,pass,17.54,,
e49dd5ea-2738-5136-93a9-6ea96389485a,243,猪圆环病毒相关疾病,swine_hunyuan_turbos,hunyuan-turbos-20250926,成功,,猪,我家是300头基础母猪的种猪场，最近半个月陆续有8头怀孕母猪在妊娠中后期流产，还有两头产下死胎，另外有两头空怀母猪返情周期延长。部分公猪采精量下降，精液活力也不如以前。之前没做过圆环病毒疫苗，场内通风一般，湿度偏高。想问是不是圆环病毒引起的？还能继续配种吗？,根据描述的症状分布及群体特征，结合近期多例妊娠中后期流产、死胎、返情延迟以及公猪精液质量下降，考虑存在猪圆环病毒相关疾病（PCVAD）的可能，尤其是PCV2感染引起的繁殖障碍型表现。需排除其他常见繁殖障碍病因（如PRRS、伪狂犬、细小病毒等），建议通过实验室检测确诊。,treatment_direction: 目前无特效抗病毒药物，重点在于控制继发感染、改善饲养管理条件，并依据检测结果制定针对性防控策略。；management_measures: 立即隔离发病母猪，加强全场生物安全，防止交叉感染。；优化舍内通风与温湿度控制，减少应激。；对全群进行流行病学调查与临床检查，记录流产时间、胎次等信息。；暂停新引进种猪，避免引入潜在病原。；sampling_and_testing: 采集流产胎儿组织、胎盘、血液样本送实验室PCR检测PCV2及其他繁殖障碍病原（PRRSV、伪狂犬病毒、细小病毒等）。；对公猪精液进行质量检测及病原筛查。；prohibited_boundaries: 在未明确病原前，不应随意使用抗生素或激素类药物干预配种计划。；禁止将疑似感染个体直接淘汰或出售，须按检测结果和当地畜牧部门指导处置。,因无特定药物治疗，不涉及药物休药期；若后续使用疫苗，应遵守疫苗说明书及官方规定。,"{""disease_name"": ""猪圆环病毒相关疾病"", ""severity"": ""中等至严重（可导致繁殖性能显著下降）"", ""scene_tags"": [""种猪场"", ""繁殖障碍"", ""流产"", ""死胎"", ""返情"", ""公猪精液质量下降""], ""validation_points"": [""症状符合PCV2相关繁殖障碍临床表现"", ""群体性发生且伴随公猪异常，支持病毒感染可能"", ""需实验室检测排除其他病原""], ""risk_flags"": [""需警惕混合感染"", ""可能影响全群繁殖效率"", ""涉及种猪资源保护""], ""case_type"": ""种猪繁殖障碍"", ""target_disease"": ""猪圆环病毒相关疾病"", ""local_flags"": {""species_ok"": true, ""target_disease_in_diagnosis"": true, ""target_disease_mismatch"": false, ""contains_specific_dose"": false, ""contains_specific_withdrawal"": false, ""regulated_bad_treatment"": false}}",False,False,,,True,False,False,D:\XF-ChongQin\ai-\knowledge\llm_wiki_swine_authoritative,1465,887,"猪圆环病毒相关疾病
猪圆环病毒相关疾病、circoviruses pcvad
种猪繁殖障碍
种猪场出现流产、死胎、返情或公猪异常，用户担心传染病和是否继续配种。","{""HUMAN_REVIEWED"": 3, ""NEEDS_REVIEW"": 2}","[""A0-MOA-573"", ""SRC-0001"", ""SRC-0035""]",2142,33.79,ERNIE-4.5-Turbo-32K,82,27,18,23,14,False,True,"该回答整体上对猪圆环病毒相关疾病的诊断、处理方向和安全措施进行了较为全面的考虑，诊断准确性较高，病理逻辑合理，处方安全，数据质量基本满足要求，无明显致命风险。
问题：diagnosis_accuracy: 诊断中虽然考虑了猪圆环病毒相关疾病，但对其他可能引起类似症状的疾病（如PRRS、伪狂犬、细小病毒等）的排除措施描述不够详细，仅提到需实验室检测确诊，缺乏具体鉴别诊断方法。；pathology_logic: 病理逻辑基本合理，但对公猪精液质量下降与猪圆环病毒相关疾病的直接关联性解释不够深入，缺乏病理机制阐述。；prescription_safety: 处方安全，但管理措施中未明确隔离发病母猪的具体操作细节，如隔离区域设置、隔离时间等，可能影响执行效果。；data_quality: 数据质量基本满足要求，但场景标签中未明确提及“通风一般，湿度偏高”这一重要环境因素，可能影响对疾病发生原因的全面分析。",,,,,,,,,,False,,,,,82,27,18,23,14,pass,23.09,,
247f9400-646d-55b3-b1f9-a26a431932bd,244,猪δ冠状病毒感染,swine_hunyuan_turbos,hunyuan-turbos-20250926,成功,,猪,我家有200多头120斤左右的育肥猪，还有20天就准备出栏了，这几天陆续有几头开始拉稀，粪便稀水样带点酸臭味，精神食欲还行，体温正常，圈舍湿度大通风一般，之前没用过抗病毒药，这种情况还能继续养到出栏吗？会不会影响卖猪？需要怎么处理？,根据描述，结合育肥猪临近出栏、急性水样腹泻、酸臭气味及环境条件，考虑猪δ冠状病毒感染可能性较大，同时需排除其他病毒性腹泻（如PED、TGE）及细菌性肠炎。建议采集新鲜腹泻粪便送实验室进行PCR检测以明确病原。,treatment_direction: 无特效抗病毒药物，以支持疗法为主，改善饲养管理，减少应激，防止继发细菌感染。；management_measures: 加强圈舍保温与通风，降低湿度；提供清洁饮水，可添加电解质多维缓解脱水；饲料易消化，少量多餐；及时清理粪便，保持环境卫生。；sampling_and_testing: 采集发病猪的新鲜粪便或直肠拭子送具备资质的实验室进行PDCoV PCR检测，必要时同步检测PEDV、TGEV等常见腹泻病毒。；prohibited_actions: 禁止在检测结果不明的情况下随意使用未经批准的兽药或激素促生长剂；禁止将疑似重大疫病猪与健康猪混群；若确诊为重大动物疫病，须按当地畜牧部门要求进行隔离、封锁、无害化处理，不得擅自出售。,因无特定化学药物干预，不涉及常规休药期问题；但若使用抗生素控制继发感染，应按所用药品说明书执行相应休药期规定。,"{""disease_name"": ""猪δ冠状病毒感染"", ""severity"": ""中等偏轻（对育肥猪致死率较低，但影响增重与出栏计划）"", ""scene_tags"": [""育肥猪"", ""临近出栏"", ""腹泻"", ""高湿环境""], ""validation_points"": [""症状符合PDCoV引起的急性水样腹泻特征"", ""环境与流行病学背景支持粪口传播模式"", ""需通过实验室检测与其他病毒性腹泻鉴别""], ""risk_flags"": [""临近出栏阶段经济损失风险高"", ""存在混合感染可能，需警惕继发细菌感染"", ""若为重大疫病需依法上报与处置""], ""case_type"": ""腹泻出栏边界"", ""target_disease"": ""猪δ冠状病毒感染"", ""local_flags"": {""species_ok"": true, ""target_disease_in_diagnosis"": true, ""target_disease_mismatch"": false, ""contains_specific_dose"": false, ""contains_specific_withdrawal"": false, ""regulated_bad_treatment"": false}}",False,False,,,True,False,False,D:\XF-ChongQin\ai-\knowledge\llm_wiki_swine_authoritative,1465,887,"猪δ冠状病毒感染
猪δ冠状病毒感染、porcine deltacoronavirus
腹泻出栏边界
临近出栏猪群出现腹泻，用户关心处理方向、隔离和用药后能否销售。","{""HUMAN_REVIEWED"": 1, ""NEEDS_REVIEW"": 4}","[""A0-MOA-573"", ""SRC-0001""]",2027,30.88,ERNIE-4.5-Turbo-32K,88,28,18,23,20,False,True,"整体回答质量较高，诊断方向合理，处理建议安全，数据质量较好，无明显致命风险。
问题：诊断准确性方面，虽然考虑了猪δ冠状病毒感染，但对其他病毒性腹泻（如PED、TGE）及细菌性肠炎的排除依据不够充分，仅建议实验室检测，未提供初步鉴别诊断的依据。；病理逻辑方面，对环境因素（高湿、通风一般）与疾病传播的关系分析不够深入，未明确说明这些因素如何促进猪δ冠状病毒感染的传播。；处方安全方面，处理建议较为全面，但未明确提及在支持疗法中如何具体防止继发细菌感染，如是否使用抗生素及抗生素的选择原则。；数据质量方面，症状描述与疾病特征匹配度较高，但风险标签中提到的“存在混合感染可能，需警惕继发细菌感染”未在处理建议中充分体现。",,,,,,,,,,False,,,,,88,28,18,23,20,pass,21.92,,
37e26795-1e58-5f44-94de-1f302761b31e,245,猪血凝性脑脊髓炎,swine_hunyuan_turbos,hunyuan-turbos-20250926,成功,,猪,我家是50头母猪自繁自养场，最近刚断奶的一批15日龄左右小猪陆续出现不吃料、精神沉郁、有的还吐黄水，个别走路摇晃像站不稳的样子，已经死了三四头了。之前用过恩诺沙星拌料三天没见好转，现在想问是不是要送样检查？该取哪些部位才能确诊？怕耽误病情又怕乱用药。,根据描述的日龄、呕吐、消瘦及神经症状，结合近期用药无效，高度怀疑为猪血凝性脑脊髓炎病毒感染，该病在新生至断奶仔猪中可引起呕吐消瘦综合征和脑脊髓炎综合征，死亡率高。需通过实验室检测排除其他神经性疾病如伪狂犬病、乙脑、猪瘟等。,treatment_direction: 本病为病毒性感染，无特效抗病毒药物，主要依靠支持疗法和对症处理，减少继发细菌感染。；management_measures: 立即隔离病猪与健康猪，加强保温通风，减少应激；保证饮水清洁，必要时补充电解质；对濒死猪及时无害化处理。；sampling_and_testing: 采集病死猪脑组织（尤其是脑干）和脊髓组织，同时保留部分血液样本进行血清学检测；采样过程注意无菌操作，尽快送至有资质的实验室检测HEV及其他神经疾病病原。；prohibited_boundaries: 严禁随意使用抗生素作为唯一治疗手段，尤其在未明确诊断前不应盲目投喂广谱抗菌药；禁止将病死猪流入市场或饲喂其他动物。,因属病毒性传染病，无特定药物休药期，但需遵守当地动物防疫部门关于封锁、消毒和无害化处理的时限要求。,"{""disease_name"": ""猪血凝性脑脊髓炎"", ""severity"": ""高致死性，尤其在新生至断奶仔猪中"", ""scene_tags"": [""神经症状"", ""呕吐消瘦"", ""断奶仔猪"", ""病毒性感染""], ""validation_points"": [""症状符合HEV典型表现：呕吐、消瘦、共济失调"", ""抗生素治疗无效提示非细菌性病因"", ""建议优先采集脑和脊髓送检""], ""risk_flags"": [""高死亡率"", ""易误诊为细菌病"", ""需严格生物安全措施""], ""case_type"": ""采样送检咨询"", ""target_disease"": ""猪血凝性脑脊髓炎"", ""local_flags"": {""species_ok"": true, ""target_disease_in_diagnosis"": true, ""target_disease_mismatch"": false, ""contains_specific_dose"": false, ""contains_specific_withdrawal"": false, ""regulated_bad_treatment"": false}}",False,False,,,True,False,False,D:\XF-ChongQin\ai-\knowledge\llm_wiki_swine_authoritative,1465,887,"猪血凝性脑脊髓炎
猪血凝性脑脊髓炎、hemagglutinating encephalomyelitis virus
采样送检咨询
用户描述症状后，重点询问采什么样品、如何判断和如何避免误治。","{""HUMAN_REVIEWED"": 3, ""NEEDS_REVIEW"": 2}","[""SRC-0001"", ""SRC-0009"", ""SRC-0012"", ""SRC-0037"", ""SRC-0041""]",2159,25.58,ERNIE-4.5-Turbo-32K,88,28,18,24,18,False,True,"该回答整体表现良好，诊断准确性较高，症状与疾病匹配合理，诊断逻辑清晰，处理方向安全且与疾病相互印证。数据质量方面，信息完整且符合真实场景需求。
问题：diagnosis_accuracy: 诊断中虽提及需排除其他神经性疾病，但未详细说明鉴别诊断依据，略显不足。；pathology_logic: 病理逻辑部分对疾病发展过程的阐述不够深入，缺乏对病毒致病机制的简要说明。；data_quality: 数据质量方面，场景标签和验证点较为全面，但风险标志的描述可以更具体一些，例如明确生物安全措施的具体内容。",,,,,,,,,,False,,,,,88,28,18,24,18,pass,17.42,,
5d437138-14b3-5852-bced-808f280ec9ce,246,猪呼吸道冠状病毒感染,swine_hunyuan_turbos,hunyuan-turbos-20250926,成功,,猪,我家是300头左右的保育猪，现在70日龄左右，最近一周陆续有猪出现咳嗽、流鼻涕、精神稍差的情况，个别还有轻度腹泻，之前用了氟苯尼考和多西环素拌料三天，症状没明显好转。想问下是不是还要继续喂这些药？要不要送样去化验一下？,结合临床表现（咳嗽、流涕、轻度腹泻）及用药史，考虑存在病毒性呼吸道感染的可能，其中猪呼吸道冠状病毒（PRCV）是需排查的方向之一。该病在保育至育肥阶段均可发生，常与其他呼吸道病原混合感染，单纯抗生素治疗往往难以完全控制症状。,treatment_direction: 暂停单一抗生素投喂，改为支持疗法（改善通风、保温、减少应激），可配合广谱抗生素防止继发细菌感染，但不作为首选方案。；management_measures: 加强圈舍通风与温湿度管理，分群饲养以减少交叉感染，保证饮水清洁，适当补充维生素增强抵抗力。；sampling_and_testing: 建议采集发病猪的鼻腔拭子、肺组织或全血送至具备资质的实验室进行PCR检测，明确是否存在PRCV或其他呼吸道病毒。；prohibited_boundaries: 在未排除重大疫病前，不得擅自出售、运输或屠宰病猪；禁止随意更换未经批准的抗病毒药物。,因本次未使用特定新兽药，无新增休药期要求；若后续使用抗生素，应遵守相应药物的停药期规定。,"{""disease_name"": ""猪呼吸道冠状病毒感染"", ""severity"": ""中等"", ""scene_tags"": [""保育猪"", ""呼吸道疾病"", ""混合感染风险""], ""validation_points"": [""症状符合PRCV常见表现（呼吸道症状伴或不伴轻度消化道症状）"", ""抗生素治疗无效提示非单纯细菌性病因"", ""需要实验室检测确认病原""], ""risk_flags"": [""可能为人畜共患病监测对象"", ""存在疫情扩散风险""], ""case_type"": ""腹泻用药咨询"", ""target_disease"": ""猪呼吸道冠状病毒感染"", ""local_flags"": {""species_ok"": true, ""target_disease_in_diagnosis"": false, ""target_disease_mismatch"": true, ""contains_specific_dose"": false, ""contains_specific_withdrawal"": false, ""regulated_bad_treatment"": false}}",True,True,target_disease_in_diagnosis,target_disease_in_diagnosis,False,True,True,D:\XF-ChongQin\ai-\knowledge\llm_wiki_swine_authoritative,1465,887,"猪呼吸道冠状病毒感染
猪呼吸道冠状病毒感染、porcine respiratory coronavirus
腹泻用药咨询
猪群腹泻后已用过常见抗菌药效果一般，用户询问是否继续用药以及是否需要送检。","{""HUMAN_REVIEWED"": 1, ""NEEDS_REVIEW"": 4}","[""A0-MOA-573"", ""SRC-0001""]",2027,28.03,ERNIE-4.5-Turbo-32K,88,28,18,23,20,False,False,"该回答整体表现良好，诊断方向合理，考虑了病毒性感染的可能性，并建议了实验室检测以确认病原。治疗方向安全，未推荐不恰当的抗病毒药物，同时强调了支持疗法和管理措施的重要性。数据质量较高，症状描述、用药史及建议均与疾病特征相符。
问题：诊断准确性方面，虽然考虑了病毒性感染的可能性，但未完全排除其他呼吸道病原的混合感染，诊断略显单一。；病理逻辑上，对于混合感染的风险阐述不够深入，未详细说明其他可能的呼吸道病原及其与PRCV的相互作用。；数据质量上，虽然症状描述详细，但缺乏对猪群整体健康状况的评估，如发病率、死亡率等，这些信息有助于更全面地判断病情。",,,,,,,,,,False,,,,,88,28,18,23,20,reject,19.76,,
387cfa84-6367-5417-8f44-97a452ecae02,247,猪托罗病毒感染,swine_hunyuan_turbos,hunyuan-turbos-20250926,成功,,猪,我家有120头母猪，目前产房里20多头刚出生一周左右的小猪，最近两天陆续出现拉稀，有的黄色稀粪，有的带点黏液，个别还有轻微呕吐，吃奶还行，但精神稍差，体温没测过。之前用过恩诺沙星拌料喂了三天，效果不明显。想问问这是啥原因？要不要做化验？怎么区分是病毒还是细菌或者寄生虫引起的？,根据日龄（1周左右）及临床表现（水样至黏液样腹泻、偶有呕吐、精神略差），结合使用抗生素无效的情况，考虑病毒性腹泻可能性较大，如猪流行性腹泻（PED）、传染性胃肠炎（TGE）或猪托罗病毒感染等；同时需排除细菌性（如大肠杆菌、沙门氏菌）及寄生虫（如球虫）感染。建议尽快采集新鲜粪便样品送实验室进行病原学检测，并结合流行病学调查明确病因。,treatment_direction: 无特效抗病毒药物，以支持疗法为主，包括补液防脱水、维持电解质平衡、保温、减少应激；对继发细菌感染可酌情选用敏感抗生素控制，但应避免滥用。；management_measures: 立即隔离病猪，加强产房卫生消毒，保持适宜温湿度，保证仔猪及时吃到初乳；全群观察，记录发病数、死亡数、粪便性状变化。；sampling_submission: 采集发病仔猪的新鲜粪便（最好冷藏保存并尽快送检），有条件时同步采集鼻拭子或肠道内容物，送具备资质的兽医实验室进行病毒、细菌和寄生虫检测。；prohibited_boundaries: 严禁将疑似重大动物疫病（如非洲猪瘟、口蹄疫等）误作普通腹泻处理；发现高热、全身出血、急性死亡等情况应立即上报当地动物防疫部门，不得擅自剖检或销售病死猪。,因未涉及具体药物使用，暂无休药期说明；若后续使用抗生素，应按药品说明书执行相应休药期，并在出栏前确保停药期满。,"{""disease_name"": ""猪托罗病毒感染"", ""severity"": ""中等"", ""scene_tags"": [""腹泻"", ""仔猪"", ""病毒性腹泻鉴别"", ""采样送检""], ""validation_points"": [""按日龄分层鉴别腹泻病因"", ""涵盖病毒、细菌、寄生虫等多类病原"", ""强调支持疗法与管理措施"", ""提出采样送检路径""], ""risk_flags"": [""潜在重大动物疫病风险需排除"", ""禁止擅自处置病死猪""], ""case_type"": ""腹泻采样送检"", ""target_disease"": ""猪托罗病毒感染"", ""local_flags"": {""species_ok"": true, ""target_disease_in_diagnosis"": true, ""target_disease_mismatch"": false, ""contains_specific_dose"": false, ""contains_specific_withdrawal"": false, ""regulated_bad_treatment"": false}}",False,False,,,True,False,False,D:\XF-ChongQin\ai-\knowledge\llm_wiki_swine_authoritative,1465,887,"猪托罗病毒感染
猪托罗病毒感染、porcine torovirus
腹泻采样送检
用户描述粪便性状、日龄和病程，重点询问如何鉴别病毒性、细菌性或寄生虫性腹泻。","{""HUMAN_REVIEWED"": 3, ""NEEDS_REVIEW"": 2}","[""RC-DIARRHEA-001"", ""SRC-0001"", ""SRC-0007"", ""SRC-0030"", ""SRC-0052"", ""SRC-0062"", ""SRC-0063"", ""SRC-0064"", ""SRC-0071"", ""SRC-0072"", ""SRC-0073"", ""SRC-0077"", ""SRC-0081"", ""SRC-0083""]",2123,30.26,ERNIE-4.5-Turbo-32K,82,27,18,23,14,False,True,"该回答整体表现良好，诊断方向准确，考虑了病毒性腹泻的可能性，并建议进行病原学检测以明确病因。处理方向安全，强调了支持疗法和管理措施的重要性，同时提出了采样送检的合理建议。数据质量方面，虽然覆盖了主要验证点，但在症状与疾病匹配的详细性上略有不足。
问题：诊断准确性方面，虽然考虑了病毒性腹泻的可能性，但对猪托罗病毒感染的特异性症状描述不够详细，与其他病毒性腹泻的鉴别不够明确。；病理逻辑方面，对疾病发生发展的解释不够深入，缺乏对猪托罗病毒感染病理机制的简要阐述。；数据质量方面，虽然涵盖了多类病原的鉴别和采样送检路径，但对症状与疾病匹配的详细性描述不足，且未充分突出猪托罗病毒感染的独特性。",,,,,,,,,,False,,,,,82,27,18,23,14,pass,19.46,,
a7b8391b-e359-580b-a91c-8c13ec337f82,248,猪丝状病毒相关感染,swine_hunyuan_turbos,hunyuan-turbos-20250926,成功,,猪,我家有120头80公斤左右的育肥猪，最近一周陆续有几头开始精神沉郁、食欲下降、体温升高到40℃左右，个别猪皮肤发红，粪便偏稀。之前用了氟苯尼考和多西环素拌料三天，症状没明显好转。请问还能继续用这些药吗？,根据描述的症状（高热、精神沉郁、食欲减退、皮肤发红、腹泻），结合近期用药无效的情况，需考虑病毒性感染的可能，包括猪丝状病毒相关感染在内的多种病毒病。该病目前在中国尚无明确防控方案，且存在一定的人兽共患风险，因此不建议自行继续用药观察，应优先进行病原学检测和流行病学调查。,立即停止随意使用抗生素，防止掩盖病情；将可疑病例与健康猪群严格隔离，减少人员、车辆及器具交叉接触；采集血液、组织等样本送具备资质的实验室进行病毒核酸检测；加强圈舍通风、消毒和环境清洁；在检测结果出来前，禁止出售、运输或屠宰该批猪；若确诊为重大动物疫病，须按当地畜牧兽医部门要求进行扑杀和无害化处理。,因涉及重大疫病风险，当前阶段不应出栏或销售，无具体休药期可适用。,"{""disease_name"": ""猪丝状病毒相关感染"", ""severity"": ""高"", ""scene_tags"": [""育肥猪"", ""高热"", ""食欲减退"", ""皮肤发红"", ""腹泻""], ""validation_points"": [""症状符合病毒性感染特征"", ""抗生素治疗无效提示非细菌性为主"", ""存在重大疫病和人兽共患风险""], ""risk_flags"": [""重大动物疫病风险"", ""人兽共患风险""], ""case_type"": ""育肥猪用药咨询"", ""target_disease"": ""猪丝状病毒相关感染"", ""local_flags"": {""species_ok"": true, ""target_disease_in_diagnosis"": true, ""target_disease_mismatch"": false, ""contains_specific_dose"": false, ""contains_specific_withdrawal"": false, ""regulated_bad_treatment"": false}}",False,False,,,True,False,False,D:\XF-ChongQin\ai-\knowledge\llm_wiki_swine_authoritative,1465,887,"猪丝状病毒相关感染
猪丝状病毒相关感染、filoviruses reston ebolavirus zaire ebolavirus
育肥猪用药咨询
育肥猪出现典型症状，用户已经用过常见药物但效果一般，询问是否继续用药。","{""NEEDS_REVIEW"": 5}","[""SRC-0001""]",2058,24.64,ERNIE-4.5-Turbo-32K,88,28,18,25,17,False,True,"该回答在诊断准确性、病理逻辑、处方安全性和数据质量方面表现良好，整体符合猪丝状病毒相关感染的测试数据要求，未发现致命风险。
问题：诊断准确性方面，虽然识别了病毒性感染的可能性，但未明确提及猪丝状病毒相关感染的具体特征，诊断描述稍显宽泛。；病理逻辑方面，对症状与病毒性感染之间的关联解释较为充分，但缺乏对猪丝状病毒相关感染特异性的深入分析。；数据质量方面，场景标签和验证点较为全面，但风险标志的描述可以更加具体和详细。",,,,,,,,,,False,,,,,88,28,18,25,17,pass,15.84,,
582852dd-cfcd-5650-9849-3bbc32b1d27a,249,猪乙型脑炎,swine_hunyuan_turbos,hunyuan-turbos-20250926,成功,,猪,我家是种猪场，存栏大概120头能繁母猪和8头公猪，最近一个月陆续有3头怀孕母猪在80多天流产，还有两头生下死胎，部分母猪返情周期延长。公猪采精量下降，精液活力也不如以前。这段时间本地蚊子挺多的，天气闷热潮湿。之前没做过乙脑疫苗，想问是不是传染病，还能不能继续配种？,根据症状（妊娠中后期流产、死胎、返情）及当地蚊虫活跃情况，高度怀疑为猪乙型脑炎病毒感染所致。该病由日本脑炎病毒引起，通过蚊虫叮咬传播，常在夏秋季高发，可导致母猪繁殖障碍和公猪精液质量下降。,treatment_direction: 目前无特效抗病毒药物，重点在于控制传播源和减少暴露机会。对发病母猪进行隔离观察，避免与健康猪混养。；management_measures: 立即清理积水减少蚊虫孳生，使用安全有效的驱蚊措施（如纱窗、蚊帐、驱蚊灯等），暂停受影响公猪的配种工作，直至精液质量恢复并排除病原。；sampling_submission: 采集流产胎儿组织、胎盘、血液样本送实验室检测乙脑病毒核酸或抗体，同时排查其他常见繁殖障碍病因（如PRRS、伪狂犬、细小病毒）。；prohibited_boundary: 在未明确病原前，禁止将疑似感染猪调入健康猪群或外售，防止疫情扩散。,本病为病毒性传染病，无特定药物休药期，应依据检测结果和流行病学调查结果决定是否解除限制。,"{""disease_name"": ""猪乙型脑炎"", ""severity"": ""中等偏重（可导致繁殖性能显著下降）"", ""scene_tags"": [""种猪场"", ""繁殖障碍"", ""蚊虫媒介"", ""夏秋季""], ""validation_points"": [""妊娠中后期流产与死胎符合乙脑特征"", ""公猪精液质量下降与乙脑感染相符"", ""当地蚊虫活跃增加传播风险""], ""risk_flags"": [""可能持续传播"", ""可能影响全群繁殖率""], ""case_type"": ""种猪繁殖障碍"", ""target_disease"": ""猪乙型脑炎"", ""local_flags"": {""species_ok"": true, ""target_disease_in_diagnosis"": true, ""target_disease_mismatch"": false, ""contains_specific_dose"": false, ""contains_specific_withdrawal"": false, ""regulated_bad_treatment"": false}}",False,False,,,True,False,False,D:\XF-ChongQin\ai-\knowledge\llm_wiki_swine_authoritative,1465,887,"猪乙型脑炎
猪乙型脑炎、japanese encephalitis virus
种猪繁殖障碍
种猪场出现流产、死胎、返情或公猪异常，用户担心传染病和是否继续配种。","{""HUMAN_REVIEWED"": 3, ""NEEDS_REVIEW"": 2}","[""SRC-0001"", ""SRC-0015"", ""SRC-0025"", ""SRC-0035""]",2145,30.8,ERNIE-4.5-Turbo-32K,88,28,18,23,20,False,True,"该回答整体表现良好，诊断准确性较高，症状与疾病匹配合理，处理方向安全且与疾病相互印证。病理逻辑清晰，但可进一步补充细节。处方安全，管理措施全面，数据质量较高，无明显错误。
问题：诊断准确性方面，虽然高度怀疑猪乙型脑炎，但未完全排除其他繁殖障碍疾病的可能性，如PRRS、伪狂犬、细小病毒等，尽管后续有采样排查建议，但初始诊断可更谨慎。；病理逻辑方面，对乙脑病毒的传播途径和病理机制描述可更详细，以增强诊断的说服力。；数据质量方面，虽然场景标签和验证点较为全面，但风险标志可更具体，如明确指出人兽共患风险（尽管猪乙型脑炎主要影响猪，但理论上存在人感染风险，尽管极低）。",,,,,,,,,,False,,,,,88,28,18,23,20,pass,22.1,,
be81b237-2e38-5741-b76e-f5f05e116b14,250,猪西尼罗病毒相关感染,swine_hunyuan_turbos,hunyuan-turbos-20250926,成功,,猪,我家有200多头育肥猪，平均体重在80公斤左右，最近一周内陆续出现发热、精神沉郁、采食下降的情况，有几头还出现后肢无力站不稳，体温都在40℃以上。之前用过阿莫西林和多维饮水，没见明显好转。请问这种情况能不能先当普通病治着看？,根据描述的症状（高热、精神沉郁、食欲下降、部分后肢无力）以及短时间内多栋猪舍同时出现类似情况，需高度警惕猪西尼罗病毒相关感染或其他烈性病毒感染的可能。该病为病毒性传染病，目前尚无特效治疗药物，且存在突发传播风险。,立即停止常规抗生素治疗，加强圈舍通风降温，减少应激；对发病猪进行隔离观察，防止与健康猪混群；采集血液、组织等样本送具备资质的实验室检测病原；严禁私自屠宰、出售或转运病死猪；如确诊或怀疑为重大动物疫病，应配合当地畜牧兽医部门开展流行病学调查及应急处置。,因无特效药物使用，不涉及药物休药期问题；若后续涉及药物治疗，须遵循兽医指导并遵守相关规定。,"{""disease_name"": ""猪西尼罗病毒相关感染"", ""severity"": ""高"", ""scene_tags"": [""育肥猪"", ""高热"", ""神经症状"", ""多栋圈舍同期发病""], ""validation_points"": [""症状符合病毒性感染特征"", ""短期内多栏发病提示传染性"", ""需排除重大动物疫病""], ""risk_flags"": [""可能属于重大动物疫病范畴"", ""禁止自行治疗替代官方处置""], ""case_type"": ""暴发与处置边界"", ""target_disease"": ""猪西尼罗病毒相关感染"", ""local_flags"": {""species_ok"": true, ""target_disease_in_diagnosis"": true, ""target_disease_mismatch"": false, ""contains_specific_dose"": false, ""contains_specific_withdrawal"": false, ""regulated_bad_treatment"": false}}",False,False,,,True,False,False,D:\XF-ChongQin\ai-\knowledge\llm_wiki_swine_authoritative,1465,887,"猪西尼罗病毒相关感染
猪西尼罗病毒相关感染、west nile virus and other flaviviruses
暴发与处置边界
同栏或多栋猪舍短期内发病增多，用户询问是否能先按普通病治疗观察。","{""NEEDS_REVIEW"": 5}","[""SRC-0001""]",2060,28.22,ERNIE-4.5-Turbo-32K,88,28,18,24,18,False,True,"该回答在诊断准确性、病理逻辑、处方安全性和数据质量方面表现良好，整体符合测试数据有效性要求。诊断准确识别了病毒性感染特征及多栋发病的传染性，处方安全地建议了隔离、检测和配合官方处置，未涉及致命风险。
问题：诊断准确性方面，虽然识别了病毒性感染特征，但未明确提及西尼罗病毒特异性症状（如脑炎症状），略显不足。；病理逻辑方面，对症状与疾病关系的阐述可更深入，如解释后肢无力与病毒神经侵袭性的关联。；数据质量方面，场景标签和验证点虽全面，但风险标志的描述可更具体，如明确人兽共患风险（西尼罗病毒可感染人类）。",,,,,,,,,,False,,,,,88,28,18,24,18,pass,20.55,,
c308379c-85d3-5f18-bba0-6b4d58c082c6,251,猪戊型肝炎,swine_hunyuan_turbos,hunyuan-turbos-20250926,成功,,猪,我家有300头育肥猪，平均体重80公斤左右，最近有十几头陆续出现精神沉郁、食欲下降、粪便稀软，有的还伴有轻度黄疸，体温在39℃上下，已经持续一周了。之前用过恩诺沙星拌料三天，效果不明显。想问问这种情况是不是要送样检测？应该采哪些组织？会不会是别的更严重的病？,根据描述的症状（精神沉郁、食欲减退、腹泻、轻度黄疸、发热），结合用药史和治疗无效的情况，需考虑猪戊型肝炎病毒感染的可能，但也需排除其他引起肝损伤及全身症状的病毒性或细菌性传染病（如猪瘟、非洲猪瘟、圆环病毒、沙门氏菌感染等）。该病为粪口传播的人兽共患风险病毒病，目前尚无特效治疗药物，防控依赖生物安全与监测。,treatment_direction: 无特效抗病毒药物，主要采取支持性护理，保证饮水清洁，减少应激，改善饲料适口性，维持电解质平衡。；management_measures: 立即隔离发病猪只，加强圈舍通风与消毒，防止交叉污染；全群暂停使用抗生素以防掩盖病情；限制人员、车辆流动，防止病原扩散。；sampling_submission: 采集发病猪的新鲜肝脏、脾脏、淋巴结以及部分血液样本，同时可采集粪便做分子检测；若怀疑神经系统受累，应加采脑组织（尤其是脑干和脊髓）。样本应尽快冷藏送至具备资质的实验室进行HEV核酸检测及血清学检测，必要时并行其他病原筛查。；prohibited_boundaries: 严禁私自屠宰、销售或食用可疑病死猪；禁止将病猪及其产品跨区域运输；发现疑似重大动物疫病应立即向当地畜牧兽医部门报告。,因无特效药物治疗，不涉及药物休药期问题；但若后续使用任何兽药，须严格遵循相应休药期规定。,"{""disease_name"": ""猪戊型肝炎"", ""severity"": ""中等至严重（视感染率与继发感染情况而定）"", ""scene_tags"": [""育肥猪"", ""群体发病"", ""腹泻黄疸"", ""治疗无效"", ""采样送检""], ""validation_points"": [""症状符合HEV感染常见表现"", ""治疗无效提示非单纯细菌感染"", ""需通过实验室确诊""], ""risk_flags"": [""人兽共患风险（HEV）"", ""潜在重大动物疫病排查需求"", ""跨省调运受限风险""], ""case_type"": ""采样送检咨询"", ""target_disease"": ""猪戊型肝炎"", ""local_flags"": {""species_ok"": true, ""target_disease_in_diagnosis"": true, ""target_disease_mismatch"": false, ""contains_specific_dose"": false, ""contains_specific_withdrawal"": false, ""regulated_bad_treatment"": false}}",False,False,,,True,False,False,D:\XF-ChongQin\ai-\knowledge\llm_wiki_swine_authoritative,1465,887,"猪戊型肝炎
猪戊型肝炎、hepatitis e virus
采样送检咨询
用户描述症状后，重点询问采什么样品、如何判断和如何避免误治。","{""HUMAN_REVIEWE"": 1, ""HUMAN_REVIEWED"": 2, ""NEEDS_REVIEW"": 2}","[""SRC-0001"", ""SRC-0009"", ""SRC-0012"", ""SRC-0014"", ""SRC-0040"", ""SRC-0041""]",2221,32.79,ERNIE-4.5-Turbo-32K,82,27,18,23,14,False,True,"该回答整体表现良好，诊断准确性较高，症状与疾病匹配合理，诊断逻辑清晰，排除了其他可能的疾病，并考虑了人兽共患风险。处方安全，管理措施得当，采样建议合理。但数据质量方面略有不足，部分细节描述可更完善。
问题：诊断准确性方面，虽然考虑了猪戊型肝炎，但对其他可能疾病的排除依据可更详细。；病理逻辑方面，对疾病传播途径和防控措施的描述可更深入。；数据质量方面，症状描述、用药史等信息的完整性可提升，以增强诊断的可靠性。；采样建议中，对样本保存和运输的具体要求未详细说明。",,,,,,,,,,False,,,,,82,27,18,23,14,pass,22.51,,
0d4933ef-13b3-52ca-8d08-ee80bc044b6f,252,猪伪狂犬病,swine_hunyuan_turbos,hunyuan-turbos-20250926,成功,,猪,我家有120头90公斤左右的育肥猪，最近几天陆续出现发烧、咳嗽、流清鼻涕，有的还伴有神经症状比如转圈、倒地抽搐，已经死了3头。之前用过阿莫西林拌料，效果不明显。现在离计划出栏还有20天，想问下这种情况还能治吗？用药后多久能卖？,根据描述的症状（高热、呼吸道症状、神经症状）及死亡情况，高度怀疑为猪伪狂犬病感染。该病由伪狂犬病毒引起，对育肥猪可表现为急性发热、呼吸道症状和神经系统紊乱，死亡率较高。,立即将发病猪与健康猪严格隔离，防止交叉感染；采集病死猪脑组织、扁桃体等样本送实验室进行PCR检测确诊；全群加强生物安全措施，限制人员、车辆流动，彻底消毒栏舍；目前无特效治疗药物，主要采取对症支持治疗和防控继发细菌感染；禁止在疫情未明时随意出售活猪或猪肉产品，须按当地畜牧部门要求进行处置。,因涉及重大动物疫病，需依据检测结果和当地主管部门意见确定是否允许出栏，不可自行决定休药期。,"{""disease_name"": ""猪伪狂犬病"", ""severity"": ""高致死性"", ""scene_tags"": [""育肥猪"", ""高热"", ""呼吸道症状"", ""神经症状"", ""死亡""], ""validation_points"": [""症状符合伪狂犬病典型表现"", ""存在死亡病例提示病情严重"", ""已用抗生素无效支持病毒性病因""], ""risk_flags"": [""重大动物疫病风险"", ""潜在跨区域传播风险"", ""需主管部门介入""], ""case_type"": ""上市休药期咨询"", ""target_disease"": ""猪伪狂犬病"", ""local_flags"": {""species_ok"": true, ""target_disease_in_diagnosis"": true, ""target_disease_mismatch"": false, ""contains_specific_dose"": false, ""contains_specific_withdrawal"": false, ""regulated_bad_treatment"": false}}",False,False,,,True,False,False,D:\XF-ChongQin\ai-\knowledge\llm_wiki_swine_authoritative,1465,887,"猪伪狂犬病
猪伪狂犬病、pseudorabies aujeszky disease
上市休药期咨询
用户接近出栏，关心治疗方向和用药后能否出栏销售。","{""HUMAN_REVIEWED"": 2, ""NEEDS_REVIEW"": 3}","[""A0-MOA-573"", ""A0-MOA-ASF-NORMALIZED-GUIDE"", ""A1-WOAH-ASF"", ""A1-WOAH-AUJESZKY-DISEASE"", ""SRC-0001"", ""SRC-0012""]",2152,31.99,ERNIE-4.5-Turbo-32K,82,28,18,24,12,False,True,"整体回答符合猪伪狂犬病的诊断与处理逻辑，诊断准确性较高，症状与疾病匹配合理，处理方向安全且符合重大疫病防控要求。但存在部分细节不足，如数据质量方面缺乏具体检测方法描述，病理逻辑部分对症状关联性解释不够深入。
问题：数据质量方面，未明确提及实验室检测的具体方法（如PCR检测的样本类型和处理流程），仅简单提及送检，缺乏细节支撑。；病理逻辑部分，对高热、呼吸道症状和神经症状与猪伪狂犬病的关联性解释不够深入，未提及病毒传播途径和易感猪群特点。；诊断准确性方面，虽症状匹配合理，但未完全排除其他类似疾病（如猪瘟、蓝耳病）的可能性，缺乏鉴别诊断描述。；处方安全性方面，虽强调生物安全措施和禁止随意出售，但未提及具体消毒剂选择和使用方法，可能影响实际防控效果。",,,,,,,,,,False,,,,,82,28,18,24,12,pass,24.84,,
0af84a87-d2be-5e61-97ed-f05d5ab49fa8,253,猪巨细胞病毒感染,swine_hunyuan_turbos,hunyuan-turbos-20250926,成功,,猪,我家有200头60日龄左右的保育猪，最近一周陆续出现精神沉郁、采食量下降的情况，部分猪有轻微咳嗽，个别拉稀，体温在39℃左右，舍内通风一般，之前用过阿莫西林饮水三天效果不明显，想问下可能是什么问题，该怎么处理？,根据描述的症状（保育猪、精神沉郁、采食下降、轻度呼吸道症状及腹泻）、年龄分布以及治疗效果不佳，考虑可能为病毒性感染，如猪巨细胞病毒感染或其他混合感染。该病为病毒病，常表现为多系统受累，需结合实验室检测确诊。,treatment_direction: 无特效抗病毒药物，以支持疗法为主，改善饲养管理条件，减少应激，提高营养水平。；management_measures: 加强保温与通风平衡，提升猪舍温度以减少代谢消耗；保证清洁饮水和易消化饲料；分群饲养，将明显病态猪与健康猪分开。；sampling_testing: 采集病死猪或典型病例的血液、组织样品送实验室进行PCR检测，明确是否为猪巨细胞病毒感染及其他潜在病原。；prohibited_boundary: 禁止随意使用未经批准的抗病毒药物；发现可疑重大疫病应立即向当地畜牧兽医部门报告，不得擅自销售或转移病猪。,因无特定药物治疗，不涉及药物休药期；若后续使用抗生素，应按兽药说明书执行相应休药期。,"{""disease_name"": ""猪巨细胞病毒感染"", ""severity"": ""中等偏上"", ""scene_tags"": [""保育猪"", ""群体发病"", ""采食下降"", ""呼吸道症状"", ""腹泻""], ""validation_points"": [""症状符合病毒性疾病特征"", ""抗生素治疗无效提示非单纯细菌感染"", ""需通过实验室检测确诊""], ""risk_flags"": [""可能涉及重大动物疫病，需及时送检与报告""], ""case_type"": ""保育猪群体发病"", ""target_disease"": ""猪巨细胞病毒感染"", ""local_flags"": {""species_ok"": true, ""target_disease_in_diagnosis"": true, ""target_disease_mismatch"": false, ""contains_specific_dose"": false, ""contains_specific_withdrawal"": false, ""regulated_bad_treatment"": false}}",False,False,,,True,False,False,D:\XF-ChongQin\ai-\knowledge\llm_wiki_swine_authoritative,1465,887,"猪巨细胞病毒感染
猪巨细胞病毒感染、porcine cytomegalovirus
保育猪群体发病
群体发病、采食下降、粪便或呼吸道异常，用户想知道主要病因和下一步处理。","{""HUMAN_REVIEWED"": 1, ""NEEDS_REVIEW"": 4}","[""SRC-0001"", ""SRC-0006"", ""SRC-0026""]",1958,27.37,ERNIE-4.5-Turbo-32K,82,27,18,23,14,False,True,"整体回答符合猪巨细胞病毒感染的测试要求，诊断方向合理，处理建议安全，但存在部分细节需要优化，如数据质量方面可增加更多具体信息。
问题：诊断准确性方面，虽然考虑了病毒性感染，但未明确提及猪巨细胞病毒感染的特异性症状或与其他类似疾病的鉴别诊断。；病理逻辑方面，对症状与疾病之间的关联解释不够深入，缺乏对疾病发展过程的描述。；处方安全性方面，虽然处理建议安全，但缺乏具体的药物使用指导（如支持疗法中可能使用的药物）。；数据质量方面，症状描述和场景标签较为笼统，缺乏具体的实验室检测数据或更详细的症状记录。",,,,,,,,,,False,,,,,82,27,18,23,14,pass,20.19,,
9d9871e7-3f84-55a7-b835-e5c12372623b,254,猪恶性卡他热相关感染,swine_hunyuan_turbos,hunyuan-turbos-20250926,成功,,猪,我家有120头90公斤左右的育肥猪，最近一周陆续有几头开始发烧到40℃以上，眼结膜充血发红，流脓性鼻涕，精神沉郁不吃料，有的还咳嗽喘气。之前按副猪嗜血杆菌用了阿莫西林和多西环素拌料喂了5天，体温降了一点但症状没完全消失，还有新发病的。圈舍通风一般，温度偏高，湿度大，周围养过羊。这种情况还能继续用原来的药吗？,根据描述的症状（高热、结膜炎、呼吸道分泌物增多、精神食欲下降）以及近期与羊的接触史，需高度怀疑猪恶性卡他热（由绵羊疱疹病毒2型等γ疱疹病毒引起）。该病为偶发性系统性病毒感染，临床表现类似细菌性呼吸道疾病，但抗生素治疗效果有限。确诊需采集血液、扁桃体拭子或组织样本送实验室进行PCR检测及病毒分离。,treatment_direction: 本病无特效抗病毒药物，目前以支持疗法为主，包括降温、补液、改善营养，减少应激。可酌情使用广谱抗生素预防继发细菌感染，但不能替代针对病因的处理。；management_measures: 立即隔离病猪，加强圈舍通风降温除湿，降低饲养密度，提供清洁饮水和易消化饲料。对同群猪密切监测体温和呼吸状况。；sampling_and_testing: 采集发热猪的血液、鼻拭子或扁桃体拭子，送具备资质的实验室进行绵羊疱疹病毒2型PCR检测和病毒分离，必要时做病理剖检。；prohibited_boundaries: 严禁将病猪及其产品外运销售，禁止随意丢弃病死猪，须按规定无害化处理。在未排除重大动物疫病前，不得擅自使用未经批准的疫苗或药物。,因无特定治疗药物，不涉及常规休药期问题；若使用抗生素预防继发感染，应遵守所用药品标签规定的停药期并配合采样检测结果决定后续措施。,"{""disease_name"": ""猪恶性卡他热相关感染"", ""severity"": ""高"", ""scene_tags"": [""育肥猪"", ""高热"", ""呼吸道症状"", ""结膜炎"", ""羊接触史""], ""validation_points"": [""症状符合病毒性全身感染特征"", ""抗生素治疗无效提示非单纯细菌病"", ""存在羊接触史增加绵羊疱疹病毒2型感染可能性""], ""risk_flags"": [""可能为人畜共患/重大动物疫病范畴，需及时送检并按规定处置""], ""case_type"": ""育肥猪用药咨询"", ""target_disease"": ""猪恶性卡他热相关感染"", ""local_flags"": {""species_ok"": true, ""target_disease_in_diagnosis"": false, ""target_disease_mismatch"": true, ""contains_specific_dose"": false, ""contains_specific_withdrawal"": false, ""regulated_bad_treatment"": false}}",True,True,target_disease_in_diagnosis,target_disease_in_diagnosis,False,True,True,D:\XF-ChongQin\ai-\knowledge\llm_wiki_swine_authoritative,1465,887,"猪恶性卡他热相关感染
猪恶性卡他热相关感染、malignant catarrhal fever ovine herpesvirus 2
育肥猪用药咨询
育肥猪出现典型症状，用户已经用过常见药物但效果一般，询问是否继续用药。","{""HUMAN_REVIEWED"": 1, ""NEEDS_REVIEW"": 4}","[""SRC-0001"", ""SRC-0041""]",2180,30.1,ERNIE-4.5-Turbo-32K,82,28,18,22,14,False,False,"整体回答质量较高，诊断方向正确，考虑了病毒性感染的可能性，并提出了合理的采样检测建议。处理方向安全，符合疾病特点。但存在部分细节可优化，如诊断逻辑的严谨性、数据质量中的症状描述与疾病关联性等。
问题：诊断逻辑中，虽然考虑了病毒性感染的可能性，但未充分排除其他类似症状的疾病，如猪瘟、蓝耳病等，逻辑严谨性稍显不足。；数据质量方面，症状描述与疾病的直接关联性阐述不够深入，部分症状如咳嗽喘气与猪恶性卡他热的典型性关联未明确说明。；处方安全中，虽然提出了支持疗法和预防继发感染的措施，但未具体说明支持疗法的具体操作，如降温、补液的具体方法。；休药期说明中，虽然提到了遵守药品标签规定的停药期，但未针对可能使用的抗生素给出具体建议或注意事项。",,,,,,,,,,False,,,,,82,28,18,22,14,reject,20.01,,
954ee22b-ba1a-5145-a336-d72ce95b774c,255,猪流感,swine_hunyuan_turbos,hunyuan-turbos-20250926,成功,,猪,我家是200头左右的保育猪场，现在这批猪大概50日龄左右，最近几天天气忽冷忽热，加上舍内通风不太好，氨气味比较重，有几头开始咳嗽、喘气，个别精神稍差，采食量下降。之前没用过什么药，这种情况是环境问题还是传染病？该怎么处理？,根据描述，保育猪在通风不良、氨气浓度高及温差大的环境下出现咳嗽、喘气、采食下降等症状，应首先考虑环境因素诱发的呼吸道刺激反应，但同时存在猪流感等病毒性呼吸道感染的可能。猪流感病毒主要在上呼吸道复制，可导致类似症状，且易与环境性刺激叠加加重病情。需结合体温监测、发病率、死亡率以及是否伴随高热、流鼻涕、眼结膜潮红等表现进一步判断。,treatment_direction: 改善舍内通风，降低氨气浓度，控制温差；对疑似病例进行隔离观察，减少交叉感染风险。；management_measures: 加强保温与降温管理，调整饲喂方式，保证饮水清洁；减少应激因素，如避免频繁转群或混群。；sampling_and_testing: 采集鼻拭子或咽拭子送实验室进行RT-PCR检测，明确是否存在猪流感病毒或其他呼吸道病原体（如PRRSV、支原体等），必要时做病理剖检。；prohibited_boundaries: 在未确诊前不得随意使用抗病毒药物或抗生素预防；若检出重大动物疫病（如非洲猪瘟、口蹄疫等），应立即按国家规定上报并配合扑杀、无害化处理等措施。,因未涉及具体药物治疗，无特定休药期要求；如需用药，须严格遵循兽药说明书和国家规定执行。,"{""disease_name"": ""猪流感"", ""severity"": ""中等"", ""scene_tags"": [""保育猪"", ""呼吸道症状"", ""环境应激"", ""氨气"", ""温差""], ""validation_points"": [""症状符合猪流感典型表现（咳嗽、喘气、采食下降）"", ""环境诱因（通风差、氨气、温差）与症状发生时间吻合"", ""需通过实验室检测排除其他病原""], ""risk_flags"": [""需警惕混合感染"", ""环境管理不当可加重病情""], ""case_type"": ""呼吸道环境诱因"", ""target_disease"": ""猪流感"", ""local_flags"": {""species_ok"": true, ""target_disease_in_diagnosis"": true, ""target_disease_mismatch"": false, ""contains_specific_dose"": false, ""contains_specific_withdrawal"": false, ""regulated_bad_treatment"": false}}",False,False,,,True,False,False,D:\XF-ChongQin\ai-\knowledge\llm_wiki_swine_authoritative,1465,887,"猪流感
猪流感、influenza viruses
呼吸道环境诱因
通风差、氨气重或温差大后出现咳嗽喘气，用户想区分环境应激和传染病。","{""HUMAN_REVIEWED"": 3}","[""RC-RESP-001"", ""SRC-0001"", ""SRC-0042"", ""SRC-0043"", ""SRC-0049"", ""SRC-0050"", ""SRC-0058"", ""SRC-0059"", ""SRC-0066"", ""SRC-0069"", ""SRC-0070"", ""SRC-0086""]",2221,28.06,ERNIE-4.5-Turbo-32K,82,27,18,20,17,False,True,"整体回答质量较高，诊断考虑了环境因素和疾病因素，逻辑清晰，处理方向安全合理，数据质量基本满足要求。
问题：诊断准确性方面，虽然考虑了环境因素和猪流感的可能性，但对猪流感典型症状（如高热、流鼻涕、眼结膜潮红等）的提及不够详细，缺乏体温监测等关键信息的强调。；病理逻辑方面，对猪流感病毒在上呼吸道复制的描述较为简单，未深入解释其如何导致症状以及与环境因素的相互作用机制。；处方安全性方面，虽然整体处理方向安全，但未明确提及在隔离观察期间的具体管理措施，如隔离设施的要求、观察期限等。；数据质量方面，场景标签和验证点较为全面，但风险标志中仅提到需警惕混合感染和环境管理不当可加重病情，未涵盖其他可能的风险点，如人兽共患风险等。",,,,,,,,,,False,,,,,82,27,18,20,17,pass,19.47,,
199bb5e9-1b2f-5676-8685-27f3f5bdef85,256,猪副黏病毒相关感染,swine_hunyuan_turbos,hunyuan-turbos-20250926,成功,,猪,我场有300多头育肥猪，平均体重在60公斤左右，最近几天同一栋舍里陆续出现咳嗽、流鼻涕、精神沉郁的情况，有的还伴随发热，已经死了两头。之前用过阿莫西林饮水，效果不明显。想问能不能先当普通呼吸道病治着看？,根据描述的症状分布（同栏集中发病、急性死亡）、临床表现（咳嗽、流涕、发热）以及常规抗生素无效，高度怀疑为病毒性呼吸道疾病，可能与猪副黏病毒相关感染有关。需结合实验室检测确诊。,treatment_direction: 立即隔离病猪，停止混群饲养，减少应激；加强通风与保温，保持圈舍干燥清洁；暂停使用可能掩盖症状的广谱抗生素，仅作对症支持治疗（如补液、退热）。；management_measures: 对全群进行体温监测，记录发病及死亡情况；限制人员、车辆进出，防止潜在传播；病死猪无害化处理。；sampling_and_testing: 采集鼻拭子、肺组织等样本送具备资质的实验室进行PCR检测，明确是否为猪副黏病毒感染或其他病原混合感染。；prohibited_boundaries: 在未排除重大动物疫病前，不得擅自出售、转运或屠宰生猪；严禁将病死猪流入市场或随意丢弃。,因属病毒性感染且未使用特定药物，无直接休药期规定，但应遵守当地重大动物疫病防控要求，直至疫情解除并经过检疫合格后方可出栏。,"{""disease_name"": ""猪副黏病毒相关感染"", ""severity"": ""高"", ""scene_tags"": [""育肥猪"", ""同栏集中发病"", ""急性死亡"", ""呼吸道症状""], ""validation_points"": [""同栏短时间内多例发病符合病毒性呼吸道传染病特征"", ""常规抗生素治疗无效提示非单纯细菌感染"", ""存在死亡病例需警惕烈性病毒""], ""risk_flags"": [""可能为重大动物疫病，需立即隔离并送检"", ""禁止擅自销售或转运生猪"", ""需配合主管部门开展流行病学调查""], ""case_type"": ""暴发与处置边界"", ""target_disease"": ""猪副黏病毒相关感染"", ""local_flags"": {""species_ok"": true, ""target_disease_in_diagnosis"": true, ""target_disease_mismatch"": false, ""contains_specific_dose"": false, ""contains_specific_withdrawal"": false, ""regulated_bad_treatment"": false}}",False,False,,,True,False,False,D:\XF-ChongQin\ai-\knowledge\llm_wiki_swine_authoritative,1465,887,"猪副黏病毒相关感染
猪副黏病毒相关感染、paramyxoviruses
暴发与处置边界
同栏或多栋猪舍短期内发病增多，用户询问是否能先按普通病治疗观察。","{""NEEDS_REVIEW"": 5}","[""SRC-0001""]",2034,27.71,ERNIE-4.5-Turbo-32K,88,28,18,23,20,False,True,"整体回答质量较高，诊断逻辑清晰，处理方向安全，符合猪副黏病毒相关感染的处置要求。诊断准确性较高，结合症状和抗生素无效情况合理怀疑病毒性感染。病理逻辑基本合理，但未详细说明猪副黏病毒与其他类似疾病的鉴别要点。处方安全，强调隔离、检测和禁止转运，符合重大疫病防控要求。数据质量良好，场景描述和验证点充分。
问题：病理逻辑中未详细说明猪副黏病毒与其他病毒性呼吸道疾病（如猪流感、蓝耳病）的鉴别要点。；数据质量中场景标签和验证点充分，但未提及人兽共患风险评估（尽管猪副黏病毒通常人兽共患风险较低）。；处方中未明确提及个人防护措施，尽管场景中未明确提示人兽共患风险，但作为重大疫病处置应补充。",,,,,,,,,,False,,,,,88,28,18,23,20,pass,19.57,,
f34a7a09-c610-5099-ac62-350594b20f3f,257,猪细小病毒病,swine_hunyuan_turbos,hunyuan-turbos-20250926,成功,,猪,我家是200头基础母猪的种猪场，最近有10多头怀孕80多天的母猪陆续流产，有的产下木乃伊胎，还有几头返情率明显升高，个别公猪精液活力下降。之前没用过疫苗，场内卫生一般，想问是不是传染病？还能继续配种吗？,结合临床症状（中期流产、木乃伊胎、返情率高）及流行病学特征，高度怀疑为猪细小病毒病（PPV1）。该病主要通过垂直传播感染胎儿，造成胚胎死亡、吸收或形成木乃伊胎，同时可影响公猪精液质量。需排除猪繁殖与呼吸综合征、伪狂犬病、乙脑等其他繁殖障碍性疾病。,treatment_direction: 目前无特效抗病毒药物，重点在于控制传染源、切断传播途径和保护易感动物。；management_measures: 立即隔离发病母猪，停止配种计划，对全场进行彻底清洗消毒。；加强后备母猪和公猪的健康管理，改善饲养环境和营养水平。；考虑引入经检疫合格的阴性后备母猪，逐步替换场内易感群体。；sampling_and_testing: 采集流产胎儿组织、胎盘、血液样本送实验室检测PPV1抗原或抗体。；同步检测PRRSV、伪狂犬gE抗体、乙脑IgM等指标，排除混合感染。；prohibited_boundaries: 禁止将流产胎儿、胎盘随意丢弃或用作饲料，防止环境污染。；在确诊前不得对外销售或调运种猪及其后代。；不得使用未经批准的疫苗或药物替代官方防控建议。,本病为病毒性繁殖障碍，无直接休药期概念；若后续使用合法疫苗，应遵循疫苗说明书及当地畜牧部门指导。,"{""disease_name"": ""猪细小病毒病"", ""severity"": ""中等至严重（可导致繁殖力显著下降）"", ""scene_tags"": [""种猪场"", ""繁殖障碍"", ""垂直传播""], ""validation_points"": [""症状符合PPV1典型表现（中期流产、木乃伊胎、返情）"", ""存在易感群体（未免疫的基础母猪和公猪）"", ""需要实验室检测确诊""], ""risk_flags"": [""可能为人畜共患病混淆风险（需明确区分非人兽共患）"", ""涉及重大动物疫病防控边界（需配合主管部门调查）""], ""case_type"": ""种猪繁殖障碍"", ""target_disease"": ""猪细小病毒病"", ""local_flags"": {""species_ok"": true, ""target_disease_in_diagnosis"": true, ""target_disease_mismatch"": false, ""contains_specific_dose"": false, ""contains_specific_withdrawal"": false, ""regulated_bad_treatment"": false}}",False,False,,,True,False,False,D:\XF-ChongQin\ai-\knowledge\llm_wiki_swine_authoritative,1465,887,"猪细小病毒病
猪细小病毒病、parvoviruses
种猪繁殖障碍
种猪场出现流产、死胎、返情或公猪异常，用户担心传染病和是否继续配种。","{""HUMAN_REVIEWED"": 3, ""NEEDS_REVIEW"": 2}","[""A0-MOA-573"", ""SRC-0001"", ""SRC-0045""]",2087,30.54,ERNIE-4.5-Turbo-32K,88,28,18,23,20,False,True,"该回答整体符合猪细小病毒病的诊断与处理逻辑，诊断准确性较高，症状与疾病匹配合理，处理方向安全且与疾病相互印证，无明显致命风险。但在病理逻辑、数据质量方面存在一定提升空间。
问题：诊断准确性方面：虽高度怀疑猪细小病毒病，但未明确说明需实验室检测确诊，仅在后续采样检测中提及，诊断依据不够充分，扣2分。；病理逻辑方面：对猪细小病毒病的病理机制阐述不够深入，仅简单提及垂直传播感染胎儿等，未详细说明病毒如何影响胚胎发育等，扣2分。；处方安全性方面：整体处理方向安全合理，但未提及对已发病母猪和公猪的具体治疗或护理措施，不够全面，扣2分。；数据质量方面：对症状的描述和疾病特征的关联性分析可更详细，如对返情率明显升高的具体数据或情况可进一步说明，扣5分。",,,,,,,,,,False,,,,,88,28,18,23,20,pass,21.51,,
880f1e31-d93d-5ab4-84a2-6addb803a05b,258,非典型猪瘟病毒感染,swine_hunyuan_turbos,hunyuan-turbos-20250926,成功,,猪,我家有200头120日龄左右的育肥猪，最近几天有几头出现精神沉郁、食欲下降、体温偏高，个别还有轻微腹泻，已经持续三四天了。之前用过一些抗生素控制继发感染，但效果不明显。现在快到出栏时间了，想问问这种情况还能不能继续养到出栏？有没有什么办法能尽快恢复，不影响卖猪？,根据您描述的育肥猪群中出现精神沉郁、食欲减退、发热及轻度腹泻等症状，结合近期使用抗生素效果不佳的情况，考虑可能存在病毒性感染，如非典型猪瘟病毒感染等。该病属于病毒性疾病，抗生素治疗无效，需通过实验室检测明确病原。,建议立即采集发病猪的血液、粪便或组织样品送实验室进行病原学检测，以确诊病因。同时加强饲养管理，减少应激，保持圈舍清洁干燥，适当补充维生素和电解质以增强抵抗力。严禁将疑似病猪与健康猪混群，防止交叉感染。若确诊为重大动物疫病，须按当地畜牧兽医部门要求进行隔离、扑杀和无害化处理，不得擅自出售或运输。,因涉及潜在重大动物疫病，出栏前须经官方检疫合格后方可销售，无自行确定休药期的依据。,"{""disease_name"": ""非典型猪瘟病毒感染"", ""severity"": ""中等至严重"", ""scene_tags"": [""育肥猪"", ""病毒性感染"", ""临近出栏""], ""validation_points"": [""症状符合病毒性感染特征"", ""抗生素治疗无效提示非细菌性病因"", ""需要实验室检测确诊""], ""risk_flags"": [""可能为人畜共患病或重大动物疫病，需按规定上报和处置"", ""禁止擅自销售未经检疫合格的生猪""], ""case_type"": ""上市休药期咨询"", ""target_disease"": ""非典型猪瘟病毒感染"", ""local_flags"": {""species_ok"": true, ""target_disease_in_diagnosis"": true, ""target_disease_mismatch"": false, ""contains_specific_dose"": false, ""contains_specific_withdrawal"": false, ""regulated_bad_treatment"": false}}",False,False,,,True,False,False,D:\XF-ChongQin\ai-\knowledge\llm_wiki_swine_authoritative,1465,887,"非典型猪瘟病毒感染
非典型猪瘟病毒感染、atypical porcine pestivirus pestivirus infections
上市休药期咨询
用户接近出栏，关心治疗方向和用药后能否出栏销售。","{""HUMAN_REVIEWED"": 2, ""NE"": 1, ""NEEDS_REVIEW"": 2}","[""SRC-0001"", ""SRC-0031""]",2221,30.19,ERNIE-4.5-Turbo-32K,78,25,18,20,15,False,False,"整体回答较为全面，诊断方向基本正确，考虑了病毒性感染的可能性，并建议实验室检测确诊。处理方向安全，强调了隔离和上报要求。但存在诊断准确性细节不足、病理逻辑不够深入、数据质量描述不够详细等问题。
问题：诊断准确性方面，虽然考虑了病毒性感染，但未充分结合非典型猪瘟病毒感染的特异性症状进行详细分析。；病理逻辑方面，对疾病的发生发展过程解释不够深入，缺乏对疾病传播途径和预防措施的详细阐述。；数据质量方面，对用户描述的症状和场景利用不够充分，未对症状进行更细致的分类和评估。；未明确提及非典型猪瘟病毒感染的具体诊断标准或实验室检测方法。；休药期说明虽然强调了官方检疫的重要性，但未提供具体的检疫流程或时间框架。",,,,,,,,,,False,,,,,78,25,18,20,15,review,22.8,,
2eeafa88-458b-5cb9-af7a-bcb7d529cff3,259,塞内卡病毒A感染,swine_hunyuan_turbos,hunyuan-turbos-20250926,成功,,猪,我家是300头保育猪，现在70日龄左右，最近三天陆续有猪不吃料、精神差，部分猪嘴边和蹄部出现小水泡，有的破了结痂，还有几头拉稀。圈舍通风一般，前几天降温后没及时关窗，想问问这是啥病，该怎么处理？,根据描述的症状（发热、精神沉郁、采食下降、口蹄部水疱及破溃、腹泻），结合保育猪阶段易感性，高度怀疑为塞内卡病毒A感染。该病在仔猪和保育猪中可引起类似口蹄疫的水疱病变，同时伴有消化道症状。需通过实验室检测（如RT-PCR）确诊，并排除其他水疱性疾病（如口蹄疫、猪水疱病等）。,treatment_direction: 目前无特效抗病毒药物，以支持疗法为主，包括补液、电解质平衡、防止继发细菌感染。；management_measures: 立即将病猪与健康猪分栏饲养，减少接触传播；加强圈舍保温，适当提高环境温度以减少代谢应激；保证清洁饮水和易消化饲料；对破损伤口进行局部消毒，防止细菌继发感染。；sampling_and_testing: 采集水疱液、粪便、咽拭子送实验室做塞内卡病毒A RT-PCR检测，必要时同步检测口蹄疫等鉴别诊断病原。；prohibited_actions: 严禁私自使用未经批准的疫苗或药物；在未确诊前不得随意出售、调运或屠宰病猪；若检测结果涉及重大动物疫病，须按当地畜牧部门要求执行隔离、扑杀或无害化处理。,因本病无特定治疗药物，不涉及常规药物休药期问题；但若后续使用抗生素控制继发感染，应按所用药品说明执行相应停药期。,"{""disease_name"": ""塞内卡病毒A感染"", ""severity"": ""中等至严重，取决于继发感染情况和死亡率"", ""scene_tags"": [""保育猪"", ""水疱性病变"", ""采食下降"", ""腹泻"", ""低温应激""], ""validation_points"": [""症状符合塞内卡病毒A感染的临床表现"", ""保育猪为该病的易感群体"", ""需要实验室检测确诊""], ""risk_flags"": [""需排除口蹄疫等重大动物疫病"", ""存在潜在传播风险""], ""case_type"": ""保育猪群体发病"", ""target_disease"": ""塞内卡病毒A感染"", ""local_flags"": {""species_ok"": true, ""target_disease_in_diagnosis"": true, ""target_disease_mismatch"": false, ""contains_specific_dose"": false, ""contains_specific_withdrawal"": false, ""regulated_bad_treatment"": false}}",False,False,,,True,False,False,D:\XF-ChongQin\ai-\knowledge\llm_wiki_swine_authoritative,1465,887,"塞内卡病毒A感染
塞内卡病毒A感染、senecavirus a picornaviruses
保育猪群体发病
群体发病、采食下降、粪便或呼吸道异常，用户想知道主要病因和下一步处理。","{""HUMAN_REVIEWED"": 1, ""NEEDS_REVIEW"": 4}","[""SRC-0001"", ""SRC-0006"", ""SRC-0043""]",1978,29.44,ERNIE-4.5-Turbo-32K,88,28,18,23,20,False,True,"整体回答质量较高，诊断方向合理，处理措施安全，数据质量较好，无明显致命风险。
问题：诊断准确性方面，虽然症状描述与塞内卡病毒A感染相符，但未完全排除其他水疱性疾病（如口蹄疫）的可能性，仅提及需实验室检测确诊，未充分强调鉴别诊断的重要性。；病理逻辑方面，对疾病传播途径和防控措施的描述略显简单，未详细阐述如何有效阻断传播链。；处方安全方面，处理措施基本安全，但未提及具体补液和电解质平衡的方法或药物选择。；数据质量方面，症状描述和场景标签较为全面，但风险标志中未提及人兽共患风险（尽管塞内卡病毒A感染目前无人兽共患报道，但应保持警惕）。",,,,,,,,,,False,,,,,88,28,18,23,20,pass,21.26,,
55480672-1172-511e-928f-c936b92cba29,260,猪痘,swine_hunyuan_turbos,hunyuan-turbos-20250926,成功,,猪,我家有120头70日龄左右的育肥猪，最近一周陆续有几头出现皮肤丘疹、结痂，主要集中在背部和耳部，体温正常，采食量略有下降。之前用了阿莫西林和多西环素拌料三天，没见明显好转。请问这种情况还能继续用这些药吗？会不会是别的病？,根据描述，符合猪痘的典型皮肤病变特征，且无明显全身症状，结合年龄和饲养环境，高度怀疑为猪痘病毒感染。该病由猪痘病毒引起，主要通过直接接触传播，潜伏期约7-14天，表现为局部丘疹、水疱、结痂等。,treatment_direction: 猪痘无特效抗病毒药物，主要采取支持性护理和环境管理。可加强营养，补充维生素A/E，提高抵抗力。；management_measures: 立即隔离发病猪，防止接触传播；对圈舍进行彻底清洁消毒，减少应激因素；保持通风干燥，降低湿度。；sampling_submission: 建议采集典型皮肤病变组织送实验室PCR检测，排除其他病毒性皮肤病（如伪狂犬病、圆环病毒病等）。；prohibited_boundaries: 禁止使用未经批准的兽药或超范围使用抗生素作为替代治疗；禁止在确诊前随意转群或出售。,因本病主要为支持性管理，不涉及特定药物停药期，但若曾使用抗生素需按相应药物规定执行休药期，并遵守当地食品安全法规。,"{""disease_name"": ""猪痘"", ""severity"": ""中等"", ""scene_tags"": [""育肥猪"", ""皮肤病变"", ""接触传播""], ""validation_points"": [""症状与猪痘典型表现一致"", ""抗生素治疗无效提示非细菌性病因"", ""需要实验室检测排除其他病毒病""], ""risk_flags"": [""可能通过直接接触扩散至同群猪""], ""case_type"": ""育肥猪用药咨询"", ""target_disease"": ""猪痘"", ""local_flags"": {""species_ok"": true, ""target_disease_in_diagnosis"": true, ""target_disease_mismatch"": false, ""contains_specific_dose"": false, ""contains_specific_withdrawal"": false, ""regulated_bad_treatment"": false}}",False,False,,,True,False,False,D:\XF-ChongQin\ai-\knowledge\llm_wiki_swine_authoritative,1465,887,"猪痘
猪痘、swinepox virus
育肥猪用药咨询
育肥猪出现典型症状，用户已经用过常见药物但效果一般，询问是否继续用药。","{""HUMAN_REVIEWED"": 4}","[""SRC-0001"", ""SRC-0012"", ""SRC-0015"", ""SRC-0051""]",2221,23.3,ERNIE-4.5-Turbo-32K,88,28,18,23,20,False,True,"该回答整体表现良好，诊断准确性较高，症状与猪痘典型表现一致，且考虑到了抗生素治疗无效提示非细菌性病因。病理逻辑合理，但可进一步细化鉴别诊断。处方安全，支持性护理和环境管理措施得当。数据质量较高，但可增加更多细节描述。
问题：病理逻辑中，虽然提到了需要实验室检测排除其他病毒病，但鉴别诊断部分可进一步细化，如详细描述伪狂犬病、圆环病毒病等与猪痘的鉴别要点。；数据质量方面，虽然整体描述清晰，但可增加更多关于猪群饲养环境、疫苗接种情况等细节描述，以更全面地评估病情。",,,,,,,,,,False,,,,,88,28,18,23,20,pass,16.2,,
d25df8b5-3652-535e-9003-359bd6768b91,261,猪轮状病毒病,swine_hunyuan_turbos,hunyuan-turbos-20250926,成功,,猪,我家有200头母猪，现在刚断奶的保育猪大概30斤左右，一栏20头，最近两天陆续有猪拉黄色水样便，有的还带点酸臭味，精神差、吃料慢，体温正常，圈舍湿度大、通风一般，之前用过恩诺沙星拌料三天没明显好转，想问下这是啥原因，该怎么处理？,根据描述，30斤左右的保育猪在潮湿通风不良环境下出现黄色水样腹泻、精神沉郁、采食下降，结合年龄及环境因素，高度怀疑为猪轮状病毒感染。该病常见于新生至保育阶段，表现为急性水样腹泻，常伴轻度脱水，体温多正常或略低，且抗生素治疗无效。需与大肠杆菌病、传染性胃肠炎、流行性腹泻等鉴别。,立即改善圈舍保温与通风，适当提高环境温度以减少冷应激；保证饮水充足并补充电解质防止脱水；停喂霉变饲料，减少高蛋白精料比例，增加易消化的粥状饲料；对严重脱水个体可口服补液盐；不建议盲目使用抗生素，因本病为病毒性，抗生素仅用于控制继发细菌感染；采集新鲜粪便送实验室进行病毒学检测以明确病原；若病情快速扩散或死亡增多，应报告当地畜牧兽医部门并按重大疫病防控流程处置。,无特定休药期，因本病为病毒性，不支持用药物替代隔离与检测措施。,"{""disease_name"": ""猪轮状病毒病"", ""severity"": ""中等"", ""scene_tags"": [""保育猪"", ""腹泻"", ""环境潮湿"", ""采食下降""], ""validation_points"": [""符合轮状病毒易感日龄与临床症状"", ""排除细菌性腹泻（抗生素无效）"", ""环境管理建议符合患病猪温湿调节原则""], ""risk_flags"": [""需实验室确诊以防误诊为其他病毒性腹泻"", ""如疫情扩大需启动重大疫病防控程序""], ""case_type"": ""腹泻群体发病"", ""target_disease"": ""猪轮状病毒病"", ""local_flags"": {""species_ok"": true, ""target_disease_in_diagnosis"": false, ""target_disease_mismatch"": true, ""contains_specific_dose"": false, ""contains_specific_withdrawal"": false, ""regulated_bad_treatment"": false}}",True,True,target_disease_in_diagnosis,target_disease_in_diagnosis,False,True,True,D:\XF-ChongQin\ai-\knowledge\llm_wiki_swine_authoritative,1465,887,"猪轮状病毒病
猪轮状病毒病、rotaviruses and reoviruses
腹泻群体发病
同窝或同栏出现水样腹泻、脱水、采食下降，用户想知道主要病因和紧急处理。","{""HUMAN_REVIEWED"": 2, ""NEEDS_REVIEW"": 2}","[""SRC-0001"", ""SRC-0006"", ""SRC-0052""]",2221,24.48,ERNIE-4.5-Turbo-32K,88,28,18,23,20,False,False,"整体回答质量较高，诊断准确，处理方向安全，数据质量较好，无明显致命风险。
问题：diagnosis_accuracy: 诊断部分对鉴别诊断的描述稍显简略，未详细说明其他可能疾病的特征。；pathology_logic: 病理逻辑部分对环境因素与疾病关系的阐述不够深入。；data_quality: 数据质量部分，场景标签和验证点可以更详细，以增强回答的可信度。",,,,,,,,,,False,,,,,88,28,18,23,20,reject,16.69,,
9735729f-4989-59d7-993b-6d1ebfbe0a2a,262,猪反转录病毒相关感染,swine_hunyuan_turbos,hunyuan-turbos-20250926,成功,,猪,我家有200头育肥猪，平均体重在80公斤左右，最近一周内陆续出现精神沉郁、食欲下降、体温升高到40℃以上，部分猪皮肤发红，个别有咳嗽。之前用过阿莫西林拌料三天，效果不明显。现在有两栋圈同时出现类似情况，想问问能不能先当普通病治着看？,根据描述，短时间内多栋圈同时出现发热、精神差、食欲下降及呼吸道症状，提示可能存在病毒性传染病流行。虽然目前资料不足以直接确诊猪反转录病毒感染，但该病的临床特征包括高热、精神沉郁、生长迟缓等，且传播迅速，需警惕。由于该病在中国尚无明确监管处置指引，但仍属潜在重大疫病范畴，不建议仅作普通病处理。,立即暂停场内人员、车辆随意流动，对发病猪进行分群管理并加强消毒；采集病猪血液、鼻拭子或组织样本送有资质的实验室检测，排查猪反转录病毒及其他常见病毒（如PRRSV、PCV2等）；在未排除重大疫病前，禁止出售、转运活猪及产品；若确诊为一般细菌性疾病，可在兽医指导下使用对症抗生素支持治疗，并监测疗效；严禁自行使用未经批准的抗病毒药物。,因病因未明，暂无法确定停药期，所有出栏须依据检测结果及当地畜牧部门意见执行。,"{""disease_name"": ""猪反转录病毒相关感染"", ""severity"": ""中等至严重（视传播范围与死亡率）"", ""scene_tags"": [""多栋圈同期发病"", ""高热"", ""呼吸道症状"", ""群体性""], ""validation_points"": [""症状符合病毒性感染特征"", ""传播速度快于普通细菌感染"", ""抗生素治疗无效提示非单纯细菌性""], ""risk_flags"": [""疑似重大动物疫病"", ""存在跨区域传播风险"", ""需及时采样送检""], ""case_type"": ""暴发与处置边界"", ""target_disease"": ""猪反转录病毒相关感染"", ""local_flags"": {""species_ok"": true, ""target_disease_in_diagnosis"": false, ""target_disease_mismatch"": true, ""contains_specific_dose"": false, ""contains_specific_withdrawal"": false, ""regulated_bad_treatment"": false}}",True,True,target_disease_in_diagnosis,target_disease_in_diagnosis,False,True,True,D:\XF-ChongQin\ai-\knowledge\llm_wiki_swine_authoritative,1465,887,"猪反转录病毒相关感染
猪反转录病毒相关感染、retroviruses
暴发与处置边界
同栏或多栋猪舍短期内发病增多，用户询问是否能先按普通病治疗观察。","{""NEEDS_REVIEW"": 5}","[""SRC-0001""]",2034,26.91,ERNIE-4.5-Turbo-32K,78,25,18,20,15,False,False,"该回答在诊断准确性、病理逻辑、处方安全性和数据质量方面表现较好，但存在一些不足，需进一步优化以提高整体评分。
问题：诊断准确性方面，虽然识别出病毒性传染病流行的可能性，但未充分结合猪反转录病毒相关感染的特异性症状进行深入分析。；病理逻辑方面，对猪反转录病毒相关感染的传播特点和病理机制的解释不够详细，缺乏深入的分析。；处方安全性方面，提出的措施较为全面，但缺乏具体的操作细节和优先级排序。；数据质量方面，回答中的信息较为全面，但部分内容（如症状描述、处置建议）的详细程度和准确性有待提升。",,,,,,,,,,False,,,,,78,25,18,20,15,reject,19.07,,
71b084e1-154b-5bf7-be35-463a567d7292,263,猪狂犬病风险,swine_hunyuan_turbos,hunyuan-turbos-20250926,成功,,猪,我家有80头育肥猪，平均体重70公斤左右，最近一周陆续出现几头精神沉郁、不吃料、流涎增多的情况，其中一头昨天开始走路不稳、前肢发抖，今天早上发现已经死亡。之前没用过特别的药物，圈舍通风一般，周边偶尔能看到流浪狗经过。我想知道这种情况是不是狂犬病？该采哪些样送检测？会不会误诊成别的病？,根据描述的急性神经症状、流涎及猝死情况，需要高度警惕猪狂犬病风险，尤其考虑到近期有流浪犬活动史。然而，仅凭神经症状不能确诊，因为猪狂犬病临床表现有限且易与其他神经系统疾病混淆，如伪狂犬病、链球菌性脑炎等。建议立即采取生物安全措施并采集脑组织等样本送有资质的实验室进行病毒学检测，同时排查其他常见病因。,treatment_direction: 当前无特效抗病毒药物，不建议盲目使用抗生素或镇静剂掩盖病情。应以防止疫情扩散为首要目标。；management_measures: 立即将发病猪与健康猪隔离，限制人员、车辆、工具流动，对圈舍及周边环境进行消毒，禁止随意丢弃病死猪尸体，联系当地动物防疫部门介入调查。；sampling_and_testing: 采集发病猪的脑组织（尤其是海马体）、唾液、脑脊液等样本，低温保存并尽快送往具备狂犬病检测资质的机构进行RT-PCR或荧光抗体检测。；prohibited_actions: 严禁在未排除狂犬病风险的情况下解剖、食用或出售病死猪及其产品；不得自行注射未经批准的疫苗或药物。,因未实施药物治疗且无明确停药时间，不适用常规休药期规定；若后续经检测排除狂犬病，可根据实际用药方案另行确定。,"{""disease_name"": ""猪狂犬病风险"", ""severity"": ""高"", ""scene_tags"": [""神经症状"", ""突发死亡"", ""流浪犬接触史"", ""采样送检""], ""validation_points"": [""症状符合猪狂犬病可能表现，但需实验室确诊"", ""存在潜在传染源（流浪犬）增加风险"", ""需区分伪狂犬病等其他神经性疾病""], ""risk_flags"": [""高风险人兽共患病嫌疑，需按重大动物疫病流程处置"", ""采样过程需严格生物安全防护，防止操作人员暴露""], ""case_type"": ""采样送检咨询"", ""target_disease"": ""猪狂犬病风险"", ""local_flags"": {""species_ok"": true, ""target_disease_in_diagnosis"": true, ""target_disease_mismatch"": false, ""contains_specific_dose"": false, ""contains_specific_withdrawal"": false, ""regulated_bad_treatment"": false}}",False,False,,,True,False,False,D:\XF-ChongQin\ai-\knowledge\llm_wiki_swine_authoritative,1465,887,"猪狂犬病风险
猪狂犬病风险、rabies virus
采样送检咨询
用户描述症状后，重点询问采什么样品、如何判断和如何避免误治。","{""HUMAN_REVIEWED"": 3, ""NEEDS_REVIEW"": 2}","[""SRC-0001"", ""SRC-0054""]",2064,30.45,ERNIE-4.5-Turbo-32K,88,28,18,24,18,False,True,"整体回答质量较高，诊断准确性、病理逻辑、处方安全性和数据质量均表现良好，无明显致命风险。诊断部分对症状和潜在病因的分析较为全面，处方部分对生物安全措施和采样送检的指导合理，且明确禁止了可能引发风险的行为。
问题：diagnosis_accuracy: 虽提到需实验室确诊，但对伪狂犬病等类似疾病的鉴别诊断描述稍显简略，可进一步细化症状差异。；pathology_logic: 对猪狂犬病病理机制的阐述不够深入，未明确说明为何流浪犬接触史是重要风险因素。；data_quality: 场景标签和验证点覆盖较全，但风险标志中关于采样生物安全防护的具体措施描述较少。；prescription_safety: 禁止行为部分可增加对操作人员防护装备的建议，以强化安全性。",,,,,,,,,,False,,,,,88,28,18,24,18,pass,22.3,,
8bc6cea0-b134-596c-aeda-ee9f2118d4a6,264,猪水疱性口炎,swine_hunyuan_turbos,hunyuan-turbos-20250926,成功,,猪,我家有200头90公斤左右的育肥猪，最近几天有几头出现口腔、蹄部起水疱，伴随流涎、跛行，体温升高到41℃左右，已经有三四天了，之前没用过什么药，圈舍通风一般，附近没有听说其他猪场发病。现在快到出栏时间了，这种情况还能治吗？会不会影响卖猪？,根据描述的症状（高热、口腔及蹄部水疱、流涎、跛行），高度怀疑为水疱性疾病，包括猪水疱性口炎（VS）、口蹄疫（FMD）、猪水疱病（SVD）等。由于这些疾病临床表现相似，必须通过实验室检测进行确诊。,立即隔离可疑病例，限制人员、车辆流动，防止扩散；对全群加强观察，记录新发病例；采集水疱液、组织等样本送具备资质的实验室检测，明确病原；在检测结果出来前，不得对外销售或运输生猪；如确诊为猪水疱性口炎且为非流行区，可依据当地兽医部门指导采取支持疗法（如退热、补液、局部护理）；严禁使用未经许可的药物或疫苗；若检出口蹄疫或其他法定疫病，须按重大动物疫病应急预案处置，包括扑杀、无害化处理及封锁等措施。,在未获得实验室确诊结果并确认无重大疫病前，禁止出栏销售；任何药物治疗后的休药期需依据所用药品说明书及国家相关规定确定，并在兽医指导下执行。,"{""disease_name"": ""猪水疱性口炎"", ""severity"": ""中等至严重（视是否合并其他水疱病而定）"", ""scene_tags"": [""育肥猪"", ""高发病率"", ""临近出栏"", ""非流行区""], ""validation_points"": [""症状符合水疱病特征"", ""需实验室鉴别排除口蹄疫等法定疫病"", ""存在重大疫病防控边界""], ""risk_flags"": [""可能为人兽共患或重大动物疫病风险"", ""未确诊前禁止移动和销售"", ""需严格生物安全措施""], ""case_type"": ""上市休药期咨询"", ""target_disease"": ""猪水疱性口炎"", ""local_flags"": {""species_ok"": true, ""target_disease_in_diagnosis"": true, ""target_disease_mismatch"": false, ""contains_specific_dose"": false, ""contains_specific_withdrawal"": false, ""regulated_bad_treatment"": false}}",False,False,,,True,False,False,D:\XF-ChongQin\ai-\knowledge\llm_wiki_swine_authoritative,1465,887,"猪水疱性口炎
猪水疱性口炎、vesicular stomatitis viruses
上市休药期咨询
用户接近出栏，关心治疗方向和用药后能否出栏销售。","{""HUMAN_REVIEWED"": 3, ""NEEDS_REVIEW"": 2}","[""SRC-0001"", ""SRC-0054""]",2104,21.55,ERNIE-4.5-Turbo-32K,88,28,18,23,20,False,True,"该回答整体表现良好，诊断方向准确，考虑了多种水疱性疾病的可能性，并强调了实验室检测的重要性。处理方向安全，符合疾病防控要求，且考虑了出栏销售的合规性。数据质量较高，提供了详细的场景标签和验证点。
问题：诊断准确性方面，虽然考虑了多种可能性，但未明确给出最可能的疾病，略显保守；病理逻辑上，对疾病之间的鉴别诊断描述可更详细；处方安全性上，支持疗法的描述较笼统；数据质量上，风险标志的描述可更具体。",,,,,,,,,,False,,,,,88,28,18,23,20,pass,14.19,,
c925e591-874e-5b69-90d2-2cfb07aaa03b,265,猪甲病毒相关感染,swine_hunyuan_turbos,hunyuan-turbos-20250926,成功,,猪,我家有120头60日龄左右的保育猪，这几天陆续出现采食量下降、精神沉郁的情况，部分猪体温偏高，还有几头咳嗽、流鼻涕，粪便偏稀。圈舍通风一般，最近天气忽冷忽热。之前用过一些抗生素控制腹泻，效果不明显。想问问这是啥原因，该怎么处理？,根据描述的症状（采食下降、发热、呼吸道表现、腹泻）及保育猪阶段特点，结合当前季节温差大、通风不良等环境因素，考虑可能存在病毒感染，如猪甲病毒相关感染或其他呼吸道综合征。需通过实验室检测明确病原，排除其他常见病毒（如PRRSV、PCV2）及细菌继发感染。,建议立即采取以下措施：1. 加强圈舍保温与通风管理，减少温差应激；2. 对病猪进行分群隔离，防止交叉感染；3. 采集血液、鼻拭子或肺组织样本送实验室检测，明确病原；4. 在检测结果出来前，可对症支持治疗，改善饲养管理，避免盲目使用抗生素；5. 若确诊为人畜共患病或重大动物疫病，须按当地畜牧部门要求进行封锁、扑杀或无害化处理，不得擅自销售或转移。,因未确定具体病原，无法给出确切休药期。在检测结果明确前，禁止屠宰上市，所有用药应严格遵循兽医指导并遵守国家兽药管理规定。,"{""disease_name"": ""猪甲病毒相关感染"", ""severity"": ""中等至严重"", ""scene_tags"": [""保育猪"", ""群体发病"", ""呼吸道症状"", ""腹泻"", ""环境应激""], ""validation_points"": [""症状符合病毒性感染特征"", ""保育猪阶段易发呼吸道疾病综合征"", ""环境应激是重要诱因""], ""risk_flags"": [""需实验室确诊"", ""存在潜在重大疫病风险"", ""禁止擅自用药或出售""], ""case_type"": ""保育猪群体发病"", ""target_disease"": ""猪甲病毒相关感染"", ""local_flags"": {""species_ok"": true, ""target_disease_in_diagnosis"": true, ""target_disease_mismatch"": false, ""contains_specific_dose"": false, ""contains_specific_withdrawal"": false, ""regulated_bad_treatment"": false}}",False,False,,,True,False,False,D:\XF-ChongQin\ai-\knowledge\llm_wiki_swine_authoritative,1465,887,"猪甲病毒相关感染
猪甲病毒相关感染、togaviruses getah sagiyama ross river eee
保育猪群体发病
群体发病、采食下降、粪便或呼吸道异常，用户想知道主要病因和下一步处理。","{""NEEDS_REVIEW"": 5}","[""SRC-0001""]",2057,27.12,ERNIE-4.5-Turbo-32K,75,24,16,19,16,False,False,"该回答在诊断准确性、病理逻辑、处方安全性和数据质量方面表现中等。诊断考虑了病毒感染的可能性，但未明确指向猪甲病毒相关感染，且未完全排除其他常见病毒和细菌继发感染。处方建议合理，但缺乏针对猪甲病毒相关感染的具体治疗措施。数据质量方面，症状描述和环境因素考虑较全面，但缺乏实验室检测结果的支撑。
问题：诊断未明确指向猪甲病毒相关感染，且未完全排除其他常见病毒和细菌继发感染。；处方建议缺乏针对猪甲病毒相关感染的具体治疗措施，如抗病毒药物或免疫增强剂。；数据质量方面，虽然症状描述和环境因素考虑较全面，但缺乏实验室检测结果的支撑，导致诊断准确性受限。",,,,,,,,,,False,,,,,75,24,16,19,16,review,17.99,,
78718e83-8998-526c-9ff5-e318bd881453,266,猪放线杆菌败血症,swine_hunyuan_turbos,hunyuan-turbos-20250926,成功,,猪,我家有120头80公斤左右的育肥猪，最近一周陆续出现咳嗽、呼吸急促的情况，部分猪精神差、食欲下降，用过氟苯尼考和多西环素交替投喂，但症状没完全控制住。圈舍通风一般，地面潮湿，想问下这种情况该采哪些样送检测？怎么区分是单一细菌感染还是多种病原混感？,根据描述，育肥猪出现持续性呼吸道症状且对常规抗生素反应不佳，提示可能存在细菌性呼吸道感染，其中猪放线杆菌败血症（Actinobacillus suis septicemia）是可能原因之一，尤其在伴有败血症表现时需重点考虑。此外，还需排除其他常见呼吸道病原体及环境因素（如氨气刺激）。临床应与猪丹毒、S. suis 败血症/脑膜炎、支原体肺炎、巴氏杆菌性肺炎等进行鉴别。,treatment_direction: 在确诊前不建议盲目更换广谱抗生素，应先采集代表性样品送检明确病原。若确诊为A. suis败血症，可依据药敏选择敏感抗菌药物并配合支持疗法。；management_measures: 改善圈舍通风，降低湿度，减少氨气浓度；分群饲养，减少应激；加强饮水卫生和饲料质量监控。；sampling_and_testing: 建议采集病死猪或濒死猪的肺组织、胸腔积液、血液（全血或血清）、扁桃体拭子，有条件可加采关节液或脑脊液（怀疑败血症合并脑膜炎时）；送检项目包括细菌分离培养、PCR检测（针对A. suis、S. suis、胸膜肺炎放线杆菌等）、必要时做病理切片检查。；prohibited_boundaries: 在未获得实验室确诊前，禁止随意使用未经批准的兽药或超范围用药；发现可疑重大动物疫病（如非洲猪瘟）应立即按当地规定上报并配合扑杀、无害化处理等措施。,具体休药期需依据最终使用的药物种类及其说明书确定，在检测结果出来前暂停出栏销售计划。,"{""disease_name"": ""猪放线杆菌败血症"", ""severity"": ""中等至严重（取决于是否并发败血症或全身性病变）"", ""scene_tags"": [""育肥猪"", ""呼吸道症状"", ""抗生素治疗无效"", ""混合感染风险""], ""validation_points"": [""症状符合A. suis败血症特征（发热、沉郁、呼吸异常）"", ""抗生素疗效不佳提示耐药或混合感染"", ""需要实验室检测区分单一与混合感染""], ""risk_flags"": [""潜在多重病原感染"", ""环境致病因素参与"", ""需警惕重大动物疫病排查""], ""case_type"": ""呼吸道采样送检"", ""target_disease"": ""猪放线杆菌败血症"", ""local_flags"": {""species_ok"": true, ""target_disease_in_diagnosis"": true, ""target_disease_mismatch"": false, ""contains_specific_dose"": false, ""contains_specific_withdrawal"": false, ""regulated_bad_treatment"": false}}",False,False,,,True,False,False,D:\XF-ChongQin\ai-\knowledge\llm_wiki_swine_authoritative,1465,887,"猪放线杆菌败血症
猪放线杆菌败血症、actinobacillus suis septicemia pleuropneumonia
呼吸道采样送检
呼吸道症状持续，用药效果不稳定，用户询问采什么样品和如何鉴别混合感染。","{""HUMAN_REVIEWED"": 3, ""NEEDS_REVIEW"": 2}","[""SRC-0001"", ""SRC-0007"", ""SRC-0058"", ""SRC-0075"", ""SRC-0076""]",2165,35.0,ERNIE-4.5-Turbo-32K,82,27,18,23,14,False,True,"整体回答较为全面，诊断方向合理，鉴别诊断考虑周全，采样建议和检测项目符合实际需求，管理措施和用药安全提示到位。但存在部分细节可优化，如诊断准确性描述可更具体，数据质量方面可补充更多支持性信息。
问题：诊断准确性描述中，虽然提到猪放线杆菌败血症是可能原因之一，但未充分结合具体症状（如发热、皮肤瘀斑等典型表现）进行深入分析，诊断依据略显不足。；病理逻辑方面，鉴别诊断列表较全面，但未明确说明各疾病的典型症状差异及如何通过检测项目进行区分，逻辑链条可更清晰。；处方安全方面，治疗方向和管理措施合理，但休药期承诺过于模糊，未根据常见药物给出具体范围或参考值。；数据质量方面，场景标签和验证点基本覆盖，但风险标志中未提及人兽共患风险评估（尽管猪放线杆菌败血症人兽共患风险较低，但明确说明更佳）。",,,,,,,,,,False,,,,,82,27,18,23,14,pass,24.71,,
5526d1a9-5afb-5995-9494-78dade2b4215,267,猪萎缩性鼻炎,swine_hunyuan_turbos,hunyuan-turbos-20250926,成功,,猪,我家有200头60日龄左右的保育猪，最近几天舍内通风不太好，氨味挺重的，白天晚上温差也大，有几头开始咳嗽、喘气，精神还行，采食量没明显下降。这种情况是单纯的环境应激还是可能有传染性的呼吸道疾病？需要怎么处理？,根据描述，保育猪在通风不良、氨气浓度高及昼夜温差大的环境下出现咳嗽、喘气，提示可能存在呼吸道刺激反应。若伴随持续性咳嗽、部分猪鼻腔分泌物增多或鼻甲骨变形，应考虑非进行性萎缩性鼻炎（Bordetella bronchiseptica感染）的可能性。目前缺乏产毒P. multocida的证据，暂不支持进行性萎缩性鼻炎的诊断。,treatment_direction: 改善饲养环境，降低氨气浓度，加强通风换气，减少温差应激；对出现明显呼吸道症状的个体进行隔离观察，必要时采集鼻拭子或肺组织送实验室检测病原。；management_measures: 调整饲喂密度，增加饮水清洁度，保持圈舍干燥；可在兽医指导下使用广谱抗生素控制继发细菌感染，并监测疗效。；sampling_and_testing: 采集疑似病例的鼻拭子、肺组织或扁桃体样本，送实验室检测B. bronchiseptica及P. multocida（包括产毒株），必要时做病理学检查。；contraindications_and_boundaries: 在未排除法定重大疫病前，不得自行大规模投药或随意更换饲料配方；发现病死猪应立即无害化处理，防止交叉污染。,因未涉及具体药物使用，暂无明确休药期说明；如后续使用抗生素，应遵守所用药品标签规定并在出栏前确保停药期达标。,"{""disease_name"": ""猪萎缩性鼻炎（非进行性型）"", ""severity"": ""中等"", ""scene_tags"": [""保育猪"", ""呼吸道综合征"", ""环境应激"", ""细菌性感染""], ""validation_points"": [""症状与环境变化高度相关"", ""无产毒P. multocida证据，不支持进行性萎缩性鼻炎"", ""建议通过病原检测和病理检查进一步确认""], ""risk_flags"": [""需排除其他呼吸道病原体混合感染"", ""环境管理不当可能加重病情""], ""case_type"": ""呼吸道环境诱因"", ""target_disease"": ""猪萎缩性鼻炎"", ""local_flags"": {""species_ok"": true, ""target_disease_in_diagnosis"": false, ""target_disease_mismatch"": true, ""contains_specific_dose"": false, ""contains_specific_withdrawal"": false, ""regulated_bad_treatment"": false}}",True,True,target_disease_in_diagnosis,target_disease_in_diagnosis,False,True,True,D:\XF-ChongQin\ai-\knowledge\llm_wiki_swine_authoritative,1465,887,"猪萎缩性鼻炎
猪萎缩性鼻炎、bordetella bronchiseptica nonprogressive atrophic rhinitis
呼吸道环境诱因
通风差、氨气重或温差大后出现咳嗽喘气，用户想区分环境应激和传染病。","{""HUMAN_REVIEWED"": 2, ""NEEDS_REVIEW"": 2}","[""SRC-0001"", ""SRC-0059"", ""SRC-0070""]",2221,27.44,ERNIE-4.5-Turbo-32K,88,28,18,24,18,False,False,"该回答整体质量较高，诊断准确性、处方安全性和数据质量均表现良好，病理逻辑部分略有不足但不影响整体判断。未发现致命风险，符合通过标准。
问题：诊断准确性方面，虽然对非进行性萎缩性鼻炎的考虑合理，但缺乏对其他可能呼吸道疾病的全面鉴别诊断，如猪支原体肺炎、猪流感等。；病理逻辑部分，对症状与环境因素关系的分析较为表面，未深入探讨环境因素如何具体影响疾病发生和发展。；数据质量方面，虽然提供了症状与环境变化的关联性分析，但缺乏具体的数据支持，如氨气浓度的具体数值、温差的具体范围等。；处方安全性方面，虽然提到了使用广谱抗生素控制继发细菌感染，但未明确抗生素的选择原则和使用注意事项。",,,,,,,,,,False,,,,,88,28,18,24,18,reject,18.15,,
ff8281d8-848c-5a4e-b365-eb073338acf8,268,仔猪梭菌性肠炎,swine_hunyuan_turbos,hunyuan-turbos-20250926,成功,,猪,我家有200头120公斤左右的育肥猪，还有半个月就要出栏了，这几天陆续有几头开始拉稀，粪便带点血丝，精神还行，采食量稍微下降，圈舍温度正常，之前没用过什么抗生素。这种情况还能继续养吗？要不要隔离？用药之后能不能卖？,根据描述，临近出栏育肥猪出现带血丝腹泻，结合日龄和症状，应考虑仔猪梭菌性肠炎（Clostridial enteritis），可能由产气荚膜梭菌（C. perfringens type C）或其他致病性梭菌引起。该病在应激、饲料变化或管理不当情况下易发，可导致急性出血性肠炎。,建议立即将发病猪与健康猪分栏隔离，减少交叉感染风险；加强圈舍清洁与通风，保持干燥卫生；采集新鲜粪便样本送实验室进行病原及毒素检测，明确病原类型；在未确诊前避免使用广谱抗生素以防掩盖病情或影响检测结果；若确诊为梭菌性肠炎，可根据兽医指导选择针对性抗菌方案并配合支持疗法；严禁未经检测合格即出售，防止疫病扩散。,因涉及临近出栏且存在用药需求，应依据检测结果和所用药物确定安全停药期，确保符合食品安全标准后方可出栏；在此期间禁止对外销售。,"{""disease_name"": ""仔猪梭菌性肠炎"", ""severity"": ""中等至严重"", ""scene_tags"": [""育肥猪"", ""临近出栏"", ""腹泻"", ""带血便""], ""validation_points"": [""症状与梭菌性肠炎相符"", ""强调隔离与采样送检"", ""提示用药与出栏间隔""], ""risk_flags"": [""潜在重大疫病传播风险"", ""临近出栏需严格检疫""], ""case_type"": ""腹泻出栏边界"", ""target_disease"": ""仔猪梭菌性肠炎"", ""local_flags"": {""species_ok"": true, ""target_disease_in_diagnosis"": true, ""target_disease_mismatch"": false, ""contains_specific_dose"": false, ""contains_specific_withdrawal"": false, ""regulated_bad_treatment"": false}}",False,False,,,True,False,False,D:\XF-ChongQin\ai-\knowledge\llm_wiki_swine_authoritative,1465,887,"仔猪梭菌性肠炎
仔猪梭菌性肠炎、clostridial diseases
腹泻出栏边界
临近出栏猪群出现腹泻，用户关心处理方向、隔离和用药后能否销售。","{""HUMAN_REVIEWED"": 2, ""NEEDS_REVIEW"": 2}","[""SRC-0001"", ""SRC-0062"", ""SRC-0072""]",2221,26.96,ERNIE-4.5-Turbo-32K,78,27,18,20,13,False,False,"该回答在诊断准确性、病理逻辑、处方安全性和数据质量方面表现较好，但存在一些不足，需进一步优化。
问题：诊断准确性方面，虽然症状与梭菌性肠炎相符，但未完全排除其他类似疾病的可能性，如猪痢疾等。；病理逻辑方面，对梭菌性肠炎的发病机制和病理变化的解释不够深入，缺乏对疾病严重性的充分评估。；处方安全性方面，虽然强调了隔离和采样送检的重要性，但未提供具体的抗菌药物选择和支持疗法方案，可能影响实际操作的指导性。；数据质量方面，回答中的信息较为全面，但部分内容如“严禁未经检测合格即出售”等表述略显笼统，缺乏具体操作细节。",,,,,,,,,,False,,,,,78,27,18,20,13,review,19.69,,
940ca3b0-2211-5ba8-84c5-ec5d66e759b7,269,仔猪水肿病,swine_hunyuan_turbos,hunyuan-turbos-20250926,成功,,猪,我家有60头25日龄左右的保育猪，这几天陆续有几头开始拉稀，先是黄色稀便，后来变成水样，精神差、不吃料，有的还站不稳、眼皮肿得厉害。圈舍湿度大、通风一般，之前用过恩诺沙星拌料两天，效果不明显。请问这是啥病？该怎么处理？,根据描述，结合日龄、症状（水样腹泻、眼睑及面部水肿、共济失调）、环境湿度和用药史，高度怀疑为仔猪水肿病（由产Stx2e毒素的肠致病性大肠杆菌引起）。该病常在断奶前后高发，表现为急性神经症状和局部组织水肿。虽然部分病例粪便培养可为阴性，但不能据此排除本病。,treatment_direction: 立即停喂霉变饲料，减少应激，改善圈舍通风与保温，适当提高环境温度以减少代谢产热负担；对病情严重的个体进行隔离观察。；management_measures: 加强饮水卫生，防止继发感染；保证清洁饮水和易消化饲料；减少密度，降低竞争压力。；sampling_and_testing: 采集病死猪肠内容物、血液或水肿组织送实验室做细菌分离培养和毒素检测，必要时配合PCR检测Stx2e基因，以明确病原并指导后续防控。；prohibited_boundaries: 禁止将疑似重大动物疫病病例随意出售或转运；禁止使用未经批准的抗生素超量投喂；禁止忽视环境管理而单纯依赖药物治疗。,因涉及潜在重大疫病调查，需按当地畜牧兽医部门要求进行样品送检和环境消毒，待检测结果明确后再决定后续用药与出栏安排。,"{""disease_name"": ""仔猪水肿病"", ""severity"": ""高"", ""scene_tags"": [""保育猪"", ""水样腹泻"", ""眼睑水肿"", ""共济失调"", ""环境湿度高""], ""validation_points"": [""日龄符合水肿病高发期（20-40日龄）"", ""症状包括神经障碍和组织水肿"", ""环境因素（湿度、通风不良）加重风险"", ""细菌学阴性不能完全排除诊断""], ""risk_flags"": [""可能涉及重大动物疫病调查"", ""存在人畜共患病间接传播风险（通过环境污染）""], ""case_type"": ""腹泻群体发病"", ""target_disease"": ""仔猪水肿病"", ""local_flags"": {""species_ok"": true, ""target_disease_in_diagnosis"": true, ""target_disease_mismatch"": false, ""contains_specific_dose"": false, ""contains_specific_withdrawal"": false, ""regulated_bad_treatment"": false}}",False,False,,,True,False,False,D:\XF-ChongQin\ai-\knowledge\llm_wiki_swine_authoritative,1465,887,"仔猪水肿病
仔猪水肿病、edema disease e coli
腹泻群体发病
同窝或同栏出现水样腹泻、脱水、采食下降，用户想知道主要病因和紧急处理。","{""HUMAN_REVIEWED"": 3, ""NEEDS_REVIEW"": 2}","[""SRC-0001"", ""SRC-0006"", ""SRC-0063"", ""SRC-0064""]",2028,35.95,ERNIE-4.5-Turbo-32K,82,28,18,22,14,False,True,"整体回答较为准确，诊断逻辑合理，处理方向安全，但数据质量方面存在一定不足，如未明确提及部分关键症状与疾病的典型关联，且风险描述不够全面。
问题：diagnosis_accuracy: 未明确提及仔猪水肿病的典型症状如神经症状与水肿的直接关联，且未充分解释细菌学阴性不能完全排除诊断的原因。；pathology_logic: 病理逻辑基本合理，但未详细阐述环境因素如何具体影响疾病发生和发展。；prescription_safety: 处理方向安全，但未明确提及针对仔猪水肿病的特效治疗药物或方法，仅提供了管理措施。；data_quality: 数据质量方面，风险描述不够全面，未充分提及人畜共患病间接传播风险的具体防控措施，且未明确休药期承诺（虽因调查需要未给出具体休药期，但可说明一般原则）。",,,,,,,,,,False,,,,,82,28,18,22,14,pass,27.11,,
a66883b5-bb6b-5bef-b838-be3dcd7af8cd,270,副猪嗜血杆菌病,swine_hunyuan_turbos,hunyuan-turbos-20250926,成功,,猪,我家有200头90公斤左右的育肥猪，这几天有几头开始精神沉郁、不愿走动、呼吸急促，有的还出现关节肿胀、体温升高到40℃左右，已经死了两头。之前用过阿莫西林拌料三天，效果不明显。现在离计划出栏只剩十来天了，想问问还能治吗？用药后能不能赶得上卖？,根据描述的症状（高热、沉郁、呼吸急促、关节肿胀、部分死亡），结合育肥猪群发病情况，高度怀疑为副猪嗜血杆菌感染引起的多发性浆膜炎及关节炎综合征。该病常继发于应激、混群或病毒感染后，可导致急性死亡和多器官炎症。,treatment_direction: 建议立即隔离病猪，加强圈舍通风降温，减少应激；对全群进行敏感抗生素干预（如氟苯尼考类或头孢类注射剂），配合支持疗法改善食欲和体能。；management_measures: 清理饮水槽和饲料槽，保持干燥清洁；减少密度，分栏饲养；观察记录体温、采食量和活动情况，及时淘汰严重病例。；sampling_and_testing: 采集病死猪的关节液、心包液或肺组织送实验室做细菌分离鉴定，必要时做PCR检测以确诊并排除其他混合感染。；prohibited_boundaries: 严禁在临近出栏前随意使用未经批准的抗生素或超量用药；若检出重大动物疫病（如非洲猪瘟等），须按当地动物防疫部门指令执行扑杀、无害化处理或封锁措施，不得擅自出售。,任何药物治疗均需在出栏前满足相应药物的法定休药期要求，具体时间应依据所用药品说明书及国家兽药管理部门规定执行，切勿提前出栏。,"{""disease_name"": ""副猪嗜血杆菌病"", ""severity"": ""高"", ""scene_tags"": [""育肥猪"", ""高热"", ""关节肿胀"", ""多系统病变"", ""临近出栏""], ""validation_points"": [""症状符合副猪嗜血杆菌病的典型表现（高热、沉郁、呼吸急促、关节肿胀、猝死）"", ""多发于育肥阶段，易继发于应激或病毒性疾病之后"", ""需通过实验室检测确诊并排除其他细菌或病毒混合感染""], ""risk_flags"": [""临近出栏期用药风险"", ""可能延误最佳治疗时机"", ""潜在重大动物疫病排查需求""], ""case_type"": ""上市休药期咨询"", ""target_disease"": ""副猪嗜血杆菌病"", ""local_flags"": {""species_ok"": true, ""target_disease_in_diagnosis"": false, ""target_disease_mismatch"": true, ""contains_specific_dose"": false, ""contains_specific_withdrawal"": false, ""regulated_bad_treatment"": false}}",True,True,target_disease_in_diagnosis,target_disease_in_diagnosis,False,True,True,D:\XF-ChongQin\ai-\knowledge\llm_wiki_swine_authoritative,1465,887,"副猪嗜血杆菌病
副猪嗜血杆菌病、gl sser s disease
上市休药期咨询
用户接近出栏，关心治疗方向和用药后能否出栏销售。","{""HUMAN_REVIEWED"": 1, ""NEEDS_REVIEW"": 2}","[""A0-MOA-573"", ""A0-MOA-ASF-NORMALIZED-GUIDE"", ""A1-WOAH-ASF"", ""SRC-0001"", ""SRC-0023"", ""SRC-0066""]",2221,27.92,ERNIE-4.5-Turbo-32K,82,28,18,23,13,False,False,"整体回答质量较高，诊断准确性、病理逻辑、处方安全性和数据质量均表现良好，无明显致命风险，符合通过标准。
问题：诊断准确性方面，症状描述与副猪嗜血杆菌病高度匹配，但未完全排除其他混合感染的可能性，诊断依据可进一步丰富。；病理逻辑方面，对疾病发生背景（如应激、混群或病毒感染后）的提及较为笼统，未深入分析具体诱因。；处方安全性方面，虽提及了敏感抗生素的选择和支持疗法，但未明确具体药物剂量和疗程，可能影响实际操作的规范性。；数据质量方面，场景标签和验证点较为全面，但风险标志中提到的'潜在重大动物疫病排查需求'未在后续处理中得到充分体现。",,,,,,,,,,False,,,,,82,28,18,23,13,reject,18.36,,
c3b761be-0576-5945-b832-ea308e8ff5bd,271,猪钩端螺旋体病,swine_hunyuan_turbos,hunyuan-turbos-20250926,成功,,猪,我们场有60头经产母猪和8头公猪，最近半个月陆续有3头怀孕90多天的母猪流产，还有两头母猪返情，公猪精液活力下降。之前没用过什么特殊药物，圈舍通风一般，地面潮湿。这种情况会不会是传染病？还能继续配种吗？,根据描述，母猪流产、返情及公猪精液质量下降，结合潮湿环境和近期多发情况，高度怀疑猪钩端螺旋体病或其他繁殖障碍性疾病。该病可导致妊娠中断、胎儿死亡及公猪生殖功能受损，且多为隐性感染，部分个体表现明显。需要结合实验室检测确认病原。,立即隔离发病母猪，停止配种计划，防止病原扩散。采集流产胎儿、胎盘组织及公猪精液送实验室进行病原学检测（PCR、培养）。对全场猪群加强生物安全，改善圈舍通风干燥条件，减少人员流动。工作人员应做好个人防护，避免接触污染尿液或血液。确诊前不建议使用抗生素自行治疗，以免掩盖病情影响检测结果。若检出钩端螺旋体，应由专业人员制定针对性防控方案并考虑公共卫生防护。,因未确定病原及治疗方案，暂无法给出具体休药期建议。如后续使用药物治疗，须依据检测结果和兽医指导执行相应停药期。,"{""disease_name"": ""猪钩端螺旋体病"", ""severity"": ""中等至严重（视感染率及管理条件而定）"", ""scene_tags"": [""繁殖障碍"", ""流产"", ""公猪精液异常"", ""潮湿环境""], ""validation_points"": [""符合钩端螺旋体病在妊娠母猪和公猪中的临床表现"", ""环境因素（潮湿）有利于病原体存活和传播"", ""需通过实验室检测排除其他繁殖障碍疾病""], ""risk_flags"": [""职业性人兽共患风险"", ""可能具有传染性，需隔离和检测""], ""case_type"": ""种猪繁殖障碍"", ""target_disease"": ""猪钩端螺旋体病"", ""local_flags"": {""species_ok"": true, ""target_disease_in_diagnosis"": true, ""target_disease_mismatch"": false, ""contains_specific_dose"": false, ""contains_specific_withdrawal"": false, ""regulated_bad_treatment"": false}}",False,False,,,True,False,False,D:\XF-ChongQin\ai-\knowledge\llm_wiki_swine_authoritative,1465,887,"猪钩端螺旋体病
猪钩端螺旋体病、leptospirosis
种猪繁殖障碍
种猪场出现流产、死胎、返情或公猪异常，用户担心传染病和是否继续配种。","{""HUMAN_REVIEWED"": 2, ""NEEDS_REVIEW"": 2}","[""SRC-0001"", ""SRC-0067""]",2220,27.28,ERNIE-4.5-Turbo-32K,88,28,18,23,20,False,True,"整体回答质量较高，诊断准确性、病理逻辑、处方安全性和数据质量均表现良好，无明显致命风险。诊断准确识别了猪钩端螺旋体病的可能性，并考虑了环境因素和实验室检测的必要性。处方安全合理，强调了隔离、生物安全和实验室检测的重要性，避免了盲目用药。数据质量较高，提供了详细的场景描述和验证点。
问题：诊断准确性方面，虽然识别了猪钩端螺旋体病的可能性，但未完全排除其他繁殖障碍性疾病，如猪繁殖与呼吸综合征（PRRS）或伪狂犬病，这些疾病也可能导致类似症状。；病理逻辑方面，对钩端螺旋体病的病理机制解释不够深入，未详细说明病原体如何导致流产和精液质量下降。；处方安全性方面，虽然强调了隔离和生物安全，但未提供具体的消毒措施或个人防护装备的建议。；数据质量方面，虽然提供了详细的场景描述，但未提及猪群的免疫历史或近期引种情况，这些信息对诊断和防控至关重要。",,,,,,,,,,False,,,,,88,28,18,23,20,pass,19.68,,
c9af8c42-ceb8-572d-881f-2602af8df456,272,猪多杀性巴氏杆菌病,swine_hunyuan_turbos,hunyuan-turbos-20250926,成功,,猪,我这边是河南一个养猪场，现在育肥舍有120头70日龄左右的猪，最近一周陆续出现咳嗽、喘气、精神稍差的情况，部分猪体温偏高到40℃左右，用过替米考星拌料三天，症状有所缓解但不稳定，还有零星死亡。想请教一下这种情况应该采哪些样品送检测？怎么判断是不是单纯的巴氏杆菌还是有其他病原混合感染？,根据描述，该批育肥猪出现持续性呼吸道症状，伴发热及零星死亡，提示可能存在细菌性呼吸道感染，其中多杀性巴氏杆菌（Pasteurella multocida）是常见致病菌之一。但肺炎型巴氏杆菌常为其他呼吸道病原（如PRRSV、PCV2、支原体等）引起的继发感染，因此需结合实验室检测明确是否混合感染。,treatment_direction: 针对可能的细菌感染进行广谱抗菌支持，同时改善饲养环境以减少应激；；management_measures: 加强通风、降低密度、保持适宜温湿度，减少氨气浓度；及时清理粪污；；sampling_for_testing: 建议采集病死猪肺组织、气管分泌物、鼻拭子以及血液样本，送实验室进行细菌分离培养、PCR检测（包括巴氏杆菌及其他常见呼吸道病毒/支原体），必要时做病理切片检查；；prohibited_boundaries: 在未排除重大传染病（如非洲猪瘟、口蹄疫等）前，禁止随意出售、调运生猪，并应按规定向当地动物防疫部门报告可疑疫情。,因未使用具体药物，无明确休药期说明；若后续使用抗生素，应依据所用药品说明书及国家规定执行相应休药期。,"{""disease_name"": ""猪多杀性巴氏杆菌病"", ""severity"": ""中等至严重（视混合感染情况而定）"", ""scene_tags"": [""育肥猪"", ""呼吸道症状"", ""发热"", ""零星死亡"", ""用药反应不佳""], ""validation_points"": [""肺炎型巴氏杆菌常继发于其他呼吸道疾病"", ""需通过实验室检测区分单一或多重感染"", ""管理改善有助于减轻病情""], ""risk_flags"": [""潜在混合感染"", ""可能继发重大传染病"", ""需按法规报告""], ""case_type"": ""呼吸道采样送检"", ""target_disease"": ""猪多杀性巴氏杆菌病"", ""local_flags"": {""species_ok"": true, ""target_disease_in_diagnosis"": false, ""target_disease_mismatch"": true, ""contains_specific_dose"": false, ""contains_specific_withdrawal"": false, ""regulated_bad_treatment"": false}}",True,True,target_disease_in_diagnosis,target_disease_in_diagnosis,False,True,True,D:\XF-ChongQin\ai-\knowledge\llm_wiki_swine_authoritative,1465,887,"猪多杀性巴氏杆菌病
猪多杀性巴氏杆菌病、pasteurellosis
呼吸道采样送检
呼吸道症状持续，用药效果不稳定，用户询问采什么样品和如何鉴别混合感染。","{""HUMAN_REVIEWED"": 2, ""NEEDS_REVIEW"": 2}","[""SRC-0001"", ""SRC-0070""]",2221,31.96,ERNIE-4.5-Turbo-32K,88,28,18,24,18,False,False,"该回答整体上对猪多杀性巴氏杆菌病的诊断、采样建议、治疗方向和管理措施进行了较为全面和准确的描述，符合测试数据有效性的要求。诊断准确性较高，考虑到了可能的混合感染情况；病理逻辑合理，指出了巴氏杆菌常为继发感染；处方安全，建议了广谱抗菌和支持性管理措施；数据质量良好，提供了详细的采样和检测建议。
问题：诊断准确性方面，虽然考虑到了混合感染，但对具体鉴别诊断方法的描述可以更详细一些。病理逻辑上，对于巴氏杆菌与其他病原的相互作用机制可以进一步阐述。处方安全方面，虽然提出了广谱抗菌，但未具体说明可能使用的抗生素种类，略显不足。数据质量上，对于采样和检测流程的描述可以更加具体和详细。",,,,,,,,,,False,,,,,88,28,18,24,18,reject,23.0,,
5c0fd362-fa93-5709-b37d-59bcab68f45c,273,猪增生性肠炎,swine_hunyuan_turbos,hunyuan-turbos-20250926,成功,,猪,我家是200头母猪自繁自养场，现在有一批45日龄左右的保育猪，大概80多头，这几天陆续有猪拉稀，粪便呈黄色水样，有的还带点血丝，精神差、喝水多、吃料少，体温正常偏低，已经死了两头。圈舍通风一般，地面潮湿，之前用过恩诺沙星拌料三天没明显好转。想问下这是啥病？该怎么处理？,根据描述的日龄、临床表现（水样腹泻伴轻度血便、脱水、食欲下降）、环境条件和用药史，高度怀疑为猪增生性肠炎（Lawsonia intracellularis感染）。该病在保育后期至育肥前期高发，常因环境应激、密度高、卫生条件差诱发。需结合剖检（回肠末端黏膜增厚、皱褶状改变）及实验室PCR检测确诊。,treatment_direction: 针对Lawsonia intracellularis的敏感抗生素（如泰妙菌素、泰万菌素等），可改善部分症状并降低传播速度；注意选择对肠道吸收良好且耐药风险低的品种。；management_measures: 立即将病猪与健康猪分群饲养，减少混群接触；加强圈舍通风与干燥，及时清理粪污，降低湿度；保证饮水清洁，补充电解质防止脱水；暂停使用可能无效或耐药的药物。；sampling_and_testing: 采集病死猪回肠黏膜或新鲜粪便送实验室进行Lawsonia intracellularis PCR检测，必要时做病理切片观察肠壁增生变化。；contraindications_and_boundaries: 禁止使用未经批准的兽药或超范围用药；若检测结果阳性且疫情扩散迅速，应依据当地畜牧兽医部门指导采取隔离、封锁等措施，不可自行清群或跨区域调运。,具体停药期需按所用药物说明书及国家相关规定执行，确保上市前符合食品安全标准。,"{""disease_name"": ""猪增生性肠炎"", ""severity"": ""中等偏重（可导致生长迟缓、死亡率上升）"", ""scene_tags"": [""保育猪"", ""群体腹泻"", ""水样便带血丝"", ""环境潮湿""], ""validation_points"": [""日龄与易感性匹配"", ""症状与文献描述一致"", ""环境因素可促发本病""], ""risk_flags"": [""潜在传染性"", ""需实验室确诊"", ""涉及三类疫病管理边界""], ""case_type"": ""腹泻群体发病"", ""target_disease"": ""猪增生性肠炎"", ""local_flags"": {""species_ok"": true, ""target_disease_in_diagnosis"": true, ""target_disease_mismatch"": false, ""contains_specific_dose"": false, ""contains_specific_withdrawal"": false, ""regulated_bad_treatment"": false}}",False,False,,,True,False,False,D:\XF-ChongQin\ai-\knowledge\llm_wiki_swine_authoritative,1465,887,"猪增生性肠炎
猪增生性肠炎、proliferative enteropathy lawsonia intracellularis
腹泻群体发病
同窝或同栏出现水样腹泻、脱水、采食下降，用户想知道主要病因和紧急处理。","{""HUMAN_REVIEWED"": 2, ""NEEDS_REVIEW"": 2}","[""A0-MOA-573"", ""SRC-0001"", ""SRC-0071"", ""SRC-0072""]",2221,25.83,ERNIE-4.5-Turbo-32K,88,28,18,23,20,False,True,"整体回答质量较高，诊断准确性、病理逻辑、处方安全性和数据质量均表现良好，无明显致命风险，符合通过标准。
问题：诊断准确性方面，虽然症状描述与猪增生性肠炎高度吻合，但未提及与其他类似疾病（如猪痢疾、沙门氏菌病）的鉴别诊断，略显不足。；病理逻辑方面，对环境因素（通风一般、地面潮湿）与疾病发生的关联性分析不够深入，可进一步细化。；数据质量方面，未明确提及用药剂量和疗程，仅提到药物选择，信息完整性稍欠。；处方安全性方面，虽提到选择耐药风险低的抗生素，但未具体说明药物使用注意事项（如休药期、配伍禁忌等），可补充。",,,,,,,,,,False,,,,,88,28,18,23,20,pass,17.51,,
119f62b9-1f16-564a-a3c1-d1882299b69d,274,猪葡萄球菌病,swine_hunyuan_turbos,hunyuan-turbos-20250926,成功,,猪,我家是育肥场，存栏大概1200头，平均体重80公斤左右。最近一周有两栋圈舍的猪陆续出现皮肤发红、局部结痂、有渗液的情况，部分猪精神稍差但不发烧，采食量下降。之前用过阿莫西林饮水，效果不明显。想问能不能先当普通细菌感染处理看看？,根据描述，皮肤局部渗出、结痂且伴有采食下降，结合猪葡萄球菌病（Staphylococcosis）的典型表现，考虑该病可能性较大。该病由金黄色葡萄球菌属（如S. hyicus）引起，常见于皮肤损伤后继发感染，可表现为渗出性表皮炎。需排除其他细菌性皮肤病及环境因素引起的类似病变。,treatment_direction: 针对可能的猪葡萄球菌病，可采取抗菌治疗配合环境管理。优先选择对革兰氏阳性菌有效的抗生素，并结合药敏试验调整方案。；management_measures: 加强圈舍通风干燥，减少潮湿和摩擦刺激；及时清理渗出物，防止病原扩散；隔离有明显皮肤病灶的个体，避免与健康猪混养。；sampling_and_testing: 采集病变皮肤和渗出液样本送实验室进行细菌分离培养和鉴定，必要时做药敏试验，以明确病原种类和指导用药。；prohibited_boundaries: 在未确诊前，不得擅自使用未经许可的药物或超范围用药；若怀疑为重大动物疫病或涉及公共卫生风险，应按规定上报主管部门，不得自行处置。,具体休药期需依据所用药物说明书及国家相关规定执行，未确定药物前不可出栏销售。,"{""disease_name"": ""猪葡萄球菌病"", ""severity"": ""中等偏上"", ""scene_tags"": [""育肥猪"", ""多栏舍"", ""皮肤病变"", ""采食下降""], ""validation_points"": [""皮肤渗出性病变符合葡萄球菌感染特征"", ""抗生素治疗无效提示可能耐药或非敏感菌"", ""存在传播风险需隔离与环境控制""], ""risk_flags"": [""潜在传染性"", ""可能影响出栏计划"", ""需实验室确诊""], ""case_type"": ""暴发与处置边界"", ""target_disease"": ""猪葡萄球菌病"", ""local_flags"": {""species_ok"": true, ""target_disease_in_diagnosis"": true, ""target_disease_mismatch"": false, ""contains_specific_dose"": false, ""contains_specific_withdrawal"": false, ""regulated_bad_treatment"": false}}",False,False,,,True,False,False,D:\XF-ChongQin\ai-\knowledge\llm_wiki_swine_authoritative,1465,887,"猪葡萄球菌病
猪葡萄球菌病、staphylococcosis exudative epidermitis
暴发与处置边界
同栏或多栋猪舍短期内发病增多，用户询问是否能先按普通病治疗观察。","{""HUMAN_REVIEWED"": 3, ""NEEDS_REVIEW"": 2}","[""SRC-0001"", ""SRC-0026"", ""SRC-0037"", ""SRC-0070"", ""SRC-0074""]",2140,30.67,ERNIE-4.5-Turbo-32K,78,25,18,20,15,False,False,"该回答对猪葡萄球菌病的诊断较为准确，症状描述与疾病特征相符，但在病理逻辑、处方安全性和数据质量方面存在一定不足。整体回答未出现致命风险，但需进一步优化以提高质量。
问题：病理逻辑方面，未充分排除其他类似疾病的可能性，如其他细菌性皮肤病或环境因素引起的病变，缺乏详细的鉴别诊断过程。；处方安全性方面，虽然提出了抗菌治疗和环境管理的建议，但未明确具体药物名称和剂量，仅提到结合药敏试验调整方案，缺乏实际操作性。；数据质量方面，回答中的信息较为全面，但在症状描述和疾病特征的对应上，可以进一步细化以提高准确性。此外，未明确提及人兽共患风险或重大疫病的可能性，尽管当前场景下风险较低，但仍需注意。",,,,,,,,,,False,,,,,78,25,18,20,15,review,21.51,,
109281dc-6fae-5918-aef5-c5cd4c50d2e1,275,猪结核病,swine_hunyuan_turbos,hunyuan-turbos-20250926,成功,,猪,我家有200多头育肥猪，平均体重80公斤左右，最近有几头精神沉郁、食欲下降，体温正常，没有明显咳嗽或呼吸困难，也没有腹泻。之前用过替米考星拌料一周，效果不明显。想请教这种情况是不是猪结核？如果要送样检查，应该取哪些部位的组织？怎么保存和运输才能确保检测结果准确？另外担心误诊耽误病情，想知道确诊前能不能用别的抗生素试试？,根据描述，目前缺乏特异性症状，且替米考星无效，不排除猪结核的可能。猪结核多为亚临床感染，偶见消瘦、精神差等轻微表现，需通过实验室检测确认。建议采集可疑猪的淋巴结、肺脏及脾脏组织进行病原学或分子生物学检测，并结合病理学检查综合判断。,treatment_direction: 在确诊前不建议随意更换抗生素治疗，以免掩盖病情或干扰后续诊断。应优先送检明确病原。；management_measures: 对出现症状的个体进行隔离观察，减少与其他猪接触，防止潜在传播。加强圈舍通风与卫生管理，定期清理粪便，降低环境病原负荷。；sampling_and_testing: 选择精神状态较差的个体，无菌采集颈部淋巴结、肺门淋巴结、肺脏病灶及脾脏组织，放入无菌容器冷藏运输至具备资质的实验室。可同时进行PCR检测和抗酸染色显微镜检查以提高检出率。；prohibited_actions: 禁止在未确诊情况下大规模使用广谱抗生素作为替代治疗，以防延误诊断、增加耐药性风险。,无具体休药期信息，需待确诊后依据病原类型及治疗方案确定。,"{""disease_name"": ""猪结核病"", ""severity"": ""中等偏重（慢性、可能人兽共患）"", ""scene_tags"": [""育肥猪"", ""亚临床感染"", ""采样送检"", ""疑似人兽共患""], ""validation_points"": [""猪结核常无明显呼吸道症状，表现为消瘦、精神沉郁等非特异表现"", ""实验室检测是确诊关键，需采集淋巴结、肺脏、脾脏等组织"", ""未确诊前不应盲目更换抗生素""], ""risk_flags"": [""人兽共患风险"", ""慢性传播风险"", ""误诊风险""], ""case_type"": ""采样送检咨询"", ""target_disease"": ""猪结核病"", ""local_flags"": {""species_ok"": true, ""target_disease_in_diagnosis"": false, ""target_disease_mismatch"": true, ""contains_specific_dose"": false, ""contains_specific_withdrawal"": false, ""regulated_bad_treatment"": false}}",True,True,target_disease_in_diagnosis,target_disease_in_diagnosis,False,True,True,D:\XF-ChongQin\ai-\knowledge\llm_wiki_swine_authoritative,1465,887,"猪结核病
猪结核病、tuberculosis
采样送检咨询
用户描述症状后，重点询问采什么样品、如何判断和如何避免误治。","{""HUMAN_REVIEWED"": 3, ""NEEDS_REVIEW"": 2}","[""SRC-0001"", ""SRC-0012"", ""SRC-0078""]",2032,31.46,ERNIE-4.5-Turbo-32K,82,27,18,22,15,False,False,"该回答整体表现良好，诊断准确性较高，对猪结核病的非特异性症状有清晰认识，并正确强调了实验室检测的重要性。病理逻辑合理，考虑到了猪结核病的慢性、亚临床感染特点。处方安全方面，明确建议在确诊前不随意更换抗生素，并提出了有效的管理措施。数据质量方面，虽然基本覆盖了关键信息，但在症状描述与疾病关联的深度上略有不足。
问题：诊断准确性方面，虽然考虑到了猪结核病的可能性，但对症状与疾病的关联性分析可以更深入，例如进一步解释为何替米考星无效可能提示猪结核病。；病理逻辑方面，对猪结核病的病理过程描述较为简略，可以增加更多关于疾病发展机制的信息。；处方安全方面，虽然提出了禁止在未确诊情况下大规模使用广谱抗生素的建议，但可以进一步说明这样做可能带来的具体风险。；数据质量方面，回答中虽然包含了关键信息，但在症状描述的全面性和准确性上还有提升空间，例如可以增加更多关于猪结核病典型症状的描述。",,,,,,,,,,False,,,,,82,27,18,22,15,reject,22.46,,
58d474b0-ada2-5e69-9a58-38988001f819,276,猪杂项细菌感染,swine_hunyuan_turbos,hunyuan-turbos-20250926,成功,,猪,我家有200头90公斤左右的育肥猪，这几天有几头出现精神沉郁、食欲下降、体温升高到40℃左右，部分猪咳嗽、呼吸加快，粪便偏稀，已经持续了三四天。之前用过阿莫西林饮水，效果不明显。现在离计划出栏还有20天左右，想问问这种情况还能治吗？用什么方向比较好？会不会影响卖猪？,根据描述，该批育肥猪可能感染了杂项细菌性呼吸道疾病综合征，常见病原包括多杀性巴氏杆菌、支原体、放线杆菌等混合感染。当前表现符合急性至亚急性呼吸道型细菌感染特征，且对常规抗生素反应不佳，提示可能存在耐药或继发因素。,treatment_direction: 建议采集典型病例血液、鼻腔拭子及肺组织样本送实验室进行病原分离鉴定，明确主要致病菌种及药敏结果后再针对性选用敏感抗生素。可先尝试联合用药方案（如氟苯尼考+强力霉素）控制混合感染，同时配合改善通风、降低饲养密度、减少应激等措施。；management_measures: 加强圈舍通风换气，保持干燥清洁；分群管理，将明显病态猪与健康猪隔离；保证充足饮水和营养，提高机体抵抗力；暂停转群和混群操作。；sampling_and_testing: 立即采集发病猪的血液、鼻腔拭子和病变肺组织，送具备资质的兽医实验室进行细菌培养、PCR检测和药敏试验，以指导后续精准用药。；prohibited_boundaries: 严禁在未经确诊的情况下随意更换高剂量广谱抗生素；禁止将疑似烈性或法定传染病猪只直接出售或流入市场；若检出炭疽、类鼻疽等高风险病原，须按重大动物疫病防控规定立即上报并处置。,任何药物治疗后的休药期均须依据所用药物说明书、国家兽药管理规定以及目标市场的残留限量标准确定，出栏前应确保达到相应休药期要求。,"{""disease_name"": ""猪杂项细菌感染"", ""severity"": ""中等至严重（视病原种类及耐药性而定）"", ""scene_tags"": [""育肥猪"", ""呼吸道疾病"", ""混合感染"", ""临近出栏""], ""validation_points"": [""症状与急性呼吸道感染相符"", ""对阿莫西林反应差提示耐药或病原复杂"", ""需要实验室确诊指导用药""], ""risk_flags"": [""存在耐药菌风险"", ""临近出栏需关注休药期合规性"", ""不排除重大动物疫病可能性，需排除法定疫病后方可正常流通""], ""case_type"": ""上市休药期咨询"", ""target_disease"": ""猪杂项细菌感染"", ""local_flags"": {""species_ok"": true, ""target_disease_in_diagnosis"": false, ""target_disease_mismatch"": true, ""contains_specific_dose"": false, ""contains_specific_withdrawal"": false, ""regulated_bad_treatment"": false}}",True,True,target_disease_in_diagnosis,target_disease_in_diagnosis,False,True,True,D:\XF-ChongQin\ai-\knowledge\llm_wiki_swine_authoritative,1465,887,"猪杂项细菌感染
猪杂项细菌感染、miscellaneous bacterial infections
上市休药期咨询
用户接近出栏，关心治疗方向和用药后能否出栏销售。","{""HUMAN_REVIEWED"": 3, ""NEEDS_REVIEW"": 2}","[""SRC-0001"", ""SRC-0012"", ""SRC-0079""]",2097,32.55,ERNIE-4.5-Turbo-32K,82,27,18,22,15,False,False,"该回答整体上对猪杂项细菌感染的诊断、治疗方向及管理措施进行了较为全面和合理的阐述，符合测试数据有效性的要求。诊断准确，考虑到了可能的耐药性和混合感染情况；治疗方向安全，强调了实验室确诊的重要性；管理措施得当，有助于疾病的控制和恢复。同时，对休药期的说明也符合规定。
问题：diagnosis_accuracy: 诊断中虽提及了可能的病原，但未完全覆盖所有可能，如未明确提及链球菌等常见病原，有一定局限性。；pathology_logic: 病理逻辑基本合理，但对症状与疾病之间的关联解释不够深入，例如未详细解释精神沉郁、食欲下降等症状与细菌性呼吸道疾病的具体联系。；prescription_safety: 处方安全，但治疗方向中提到的联合用药方案（如氟苯尼考+强力霉素）虽常见，却未具体说明用药剂量和疗程，可能在实际操作中产生安全隐患。；data_quality: 数据质量方面，回答中的信息较为全面，但部分内容如'严禁在未经确诊的情况下随意更换高剂量广谱抗生素'等，虽为重要提醒，却略显冗余，未直接针对用户问题提供精炼信息。",,,,,,,,,,False,,,,,82,27,18,22,15,reject,22.89,,
98b99786-78bf-566d-a210-208dfe817507,277,猪虱病,swine_hunyuan_turbos,hunyuan-turbos-20250926,成功,,猪,我家是200头左右的育肥猪，现在平均体重60公斤左右，最近半个月陆续发现有几头猪精神差、吃料少、身上痒得直蹭墙，皮毛粗糙还有小痂皮，粪便偏稀。之前用过一次伊维菌素拌料驱虫，但效果不明显。圈舍比较潮湿，通风一般。请问是不是虱子或者别的寄生虫？该怎么处理？,根据描述，结合育肥猪阶段、瘙痒、皮肤粗糙及痂皮表现，考虑为体外寄生虫感染，可能为猪虱病。确诊需在体表毛发间找到活虱或虫卵（nits），并排除猪疥螨等其他外寄生虫。同时需关注是否合并肠道寄生虫或其他疾病。,建议立即隔离有明显症状的个体，对全群进行体表检查采集样本送实验室镜检确认虫种。若确诊为猪虱病，可依据标签使用经批准的体外驱虫剂（如伊维菌素类、有机磷类等）按说明书实施全群驱虫，注意轮换用药以减少抗药性风险。加强圈舍清洁干燥与通风，定期清理粪污，减少虫卵残留。禁止将未经处理的猪与健康猪混群，防止交叉感染。对于严重病例，可考虑局部剃毛配合外用杀虫剂辅助清除。,具体休药期和停药时间须严格遵循所用药品说明书及当地畜牧兽医部门规定，不得在休药期内屠宰或出售猪肉。,"{""disease_name"": ""猪虱病"", ""severity"": ""中等"", ""scene_tags"": [""育肥猪"", ""体外寄生虫"", ""皮肤瘙痒"", ""群体发病""], ""validation_points"": [""症状符合猪虱病常见表现（瘙痒、皮肤粗糙、痂皮）"", ""诊断需依赖发现虱或虫卵而非仅临床表现"", ""处理包括隔离、驱虫、环境管理""], ""risk_flags"": [""可能传播至健康猪群"", ""潮湿环境易复发""], ""case_type"": ""寄生虫群体发病"", ""target_disease"": ""猪虱病"", ""local_flags"": {""species_ok"": true, ""target_disease_in_diagnosis"": true, ""target_disease_mismatch"": false, ""contains_specific_dose"": false, ""contains_specific_withdrawal"": false, ""regulated_bad_treatment"": false}}",False,False,,,True,False,False,D:\XF-ChongQin\ai-\knowledge\llm_wiki_swine_authoritative,1465,887,"猪虱病
猪虱病、external parasites lice
寄生虫群体发病
猪群出现腹泻、消瘦、皮肤瘙痒或生长慢，用户怀疑寄生虫。","{""HUMAN_REVIEWED"": 3, ""NEEDS_REVIEW"": 2}","[""SRC-0001"", ""SRC-0080"", ""SRC-0082""]",2133,27.42,ERNIE-4.5-Turbo-32K,88,28,18,23,20,False,True,"该回答整体表现良好，诊断准确性较高，症状与疾病匹配合理，诊断逻辑清晰，处理方向安全且与疾病相互印证。数据质量方面，场景描述和症状记录较为详细，但部分细节可进一步优化。
问题：诊断逻辑中，虽然提到需依赖发现虱或虫卵确诊，但未明确说明其他可能的外寄生虫（如猪疥螨）的鉴别诊断方法，略显不足。；数据质量方面，症状描述较为全面，但未提及猪群的整体健康状况或是否有其他并发症状，信息完整性稍欠。；处方安全性中，虽然提到了轮换用药以减少抗药性风险，但未具体说明轮换用药的周期或建议使用的药物种类，略显笼统。",,,,,,,,,,False,,,,,88,28,18,23,20,pass,18.75,,
567450f0-595a-506d-aaf2-cb55efc86b9a,278,猪弓形虫病,swine_hunyuan_turbos,hunyuan-turbos-20250926,成功,,猪,我家有120头育肥猪，平均体重60公斤左右，最近几天有几头出现发烧、精神沉郁、呼吸急促的情况，体温在40℃上下，有的还咳嗽，粪便正常，没有腹泻。圈舍通风一般，地面是水泥地但有少量积水，周围有流浪猫活动频繁。之前没用过什么药，想问问是不是要全群打药？还是先做环境清理？要不要采样检查？,根据描述，该批育肥猪存在高热、呼吸急促及咳嗽等全身症状，且圈舍附近有猫出没，提示可能存在弓形虫感染的风险。猪弓形虫病多为隐性感染，但在应激或免疫力下降时可出现急性暴发，表现为发热、呼吸道症状和全身不适。结合病史与环境因素，应高度怀疑弓形虫感染的可能性。,建议立即采取以下措施：1）加强圈舍清洁消毒，清除积水和污物，减少猫粪污染风险；2）限制猫进入饲养区域，防止再次污染饲料和水源；3）对发病猪进行隔离观察，并采集血液或组织样本送实验室检测确诊；4）在未确诊前避免使用未经许可的药物，尤其是针对人兽共患病的药物；5）若确诊为弓形虫病，应根据兽医指导制定针对性防控措施，并注意食品安全风险。,因涉及人兽共患病风险，未确诊前不得屠宰上市；确诊后须按当地动物防疫部门要求进行无害化处理或延长休药期，确保猪肉安全。,"{""disease_name"": ""猪弓形虫病"", ""severity"": ""中等至严重（视感染程度和群体反应而定）"", ""scene_tags"": [""育肥猪"", ""高热"", ""呼吸症状"", ""猫接触史"", ""环境潮湿""], ""validation_points"": [""症状符合弓形虫急性感染表现"", ""环境中有猫粪污染可能"", ""需通过实验室检测确认病原体""], ""risk_flags"": [""人兽共患风险"", ""潜在群体感染"", ""需隔离与检测""], ""case_type"": ""驱虫和环境管理"", ""target_disease"": ""猪弓形虫病"", ""local_flags"": {""species_ok"": true, ""target_disease_in_diagnosis"": true, ""target_disease_mismatch"": false, ""contains_specific_dose"": false, ""contains_specific_withdrawal"": false, ""regulated_bad_treatment"": false}}",False,False,,,True,False,False,D:\XF-ChongQin\ai-\knowledge\llm_wiki_swine_authoritative,1465,887,"猪弓形虫病
猪弓形虫病、toxoplasmosis protozoa
驱虫和环境管理
用户询问是否需要全群处理、环境清理和复查方式。","{""HUMAN_REVIEWED"": 3, ""NEEDS_REVIEW"": 2}","[""SRC-0001"", ""SRC-0026"", ""SRC-0081"", ""SRC-0082""]",2042,25.39,ERNIE-4.5-Turbo-32K,82,27,18,20,17,False,True,"该回答整体上对猪弓形虫病的诊断、处理方向和安全措施进行了较为合理的描述，诊断依据充分，处理方向安全，但存在部分细节不足和逻辑不够严密的问题。
问题：诊断准确性方面，虽然症状描述和环境因素支持弓形虫感染的可能性，但未明确排除其他类似疾病（如猪流感、猪肺疫等），诊断依据稍显单一。；病理逻辑方面，对弓形虫病的病理机制解释不够深入，未详细说明为何在应激或免疫力下降时易暴发。；处方安全性方面，建议避免使用未经许可的药物是合理的，但未提供具体的替代方案或应急处理措施。；数据质量方面，症状描述和环境因素较为全面，但缺乏具体的实验室检测方法或参考标准，数据支撑不够充分。",,,,,,,,,,False,,,,,82,27,18,20,17,pass,17.17,,
2c431ee9-adee-5235-aaa3-4237d41001fd,279,猪隐孢子虫病,swine_hunyuan_turbos,hunyuan-turbos-20250926,成功,,猪,我家是200头母猪自繁自养场，最近刚断奶的20多天小猪开始拉黄色稀粪，有的带点粘液，个别有轻微脱水，整窝都有，没见发烧，之前用过恩诺沙星拌料两天效果不明显。想问下这是啥原因？要不要做化验区分一下是病毒、细菌还是寄生虫引起的？,根据描述，20日龄左右断奶仔猪出现黄色稀便伴粘液、轻度脱水且整窝发病，抗生素治疗效果不佳，提示可能为病毒性、细菌性或寄生虫性腹泻之一。需要结合日龄、病程、粪便性状及流行病学特点进行鉴别，其中隐孢子虫等原虫可在该阶段引起类似表现，且常与病毒或细菌混合感染。,建议立即采集新鲜粪便样品送实验室进行病原学检测，包括病毒（如轮状病毒、冠状病毒、腺病毒）、细菌（大肠杆菌、沙门氏菌、梭菌）及寄生虫（隐孢子虫、球虫）筛查；同时加强保温、干燥清洁饮水，减少应激，暂停使用可能无效的药物；若怀疑重大疫病，应按当地规定上报并配合处置。,因未确诊具体病原，暂不建议随意更换或添加药物，等待检测结果后再制定针对性治疗方案。,"{""disease_name"": ""猪隐孢子虫病"", ""severity"": ""中等"", ""scene_tags"": [""断奶仔猪"", ""黄色稀便"", ""粘液便"", ""脱水"", ""整窝发病""], ""validation_points"": [""按日龄和病程分层鉴别腹泻病因"", ""考虑病毒性、细菌性、寄生虫性多重可能性"", ""强调采样送检的重要性""], ""risk_flags"": [""潜在混合感染"", ""非特异抗生素治疗无效""], ""case_type"": ""腹泻采样送检"", ""target_disease"": ""猪隐孢子虫病"", ""local_flags"": {""species_ok"": true, ""target_disease_in_diagnosis"": false, ""target_disease_mismatch"": true, ""contains_specific_dose"": false, ""contains_specific_withdrawal"": false, ""regulated_bad_treatment"": false}}",True,True,target_disease_in_diagnosis,target_disease_in_diagnosis,False,True,True,D:\XF-ChongQin\ai-\knowledge\llm_wiki_swine_authoritative,1465,887,"猪隐孢子虫病
猪隐孢子虫病、cryptosporidiosis protozoa
腹泻采样送检
用户描述粪便性状、日龄和病程，重点询问如何鉴别病毒性、细菌性或寄生虫性腹泻。","{""HUMAN_REVIEWED"": 3, ""NEEDS_REVIEW"": 2}","[""RC-DIARRHEA-001"", ""SRC-0001"", ""SRC-0007"", ""SRC-0030"", ""SRC-0052"", ""SRC-0062"", ""SRC-0063"", ""SRC-0064"", ""SRC-0071"", ""SRC-0072"", ""SRC-0073"", ""SRC-0077"", ""SRC-0081""]",2196,29.46,ERNIE-4.5-Turbo-32K,78,25,18,20,15,False,False,"整体回答较为全面，考虑了病毒性、细菌性和寄生虫性腹泻的鉴别诊断，并建议采样送检，符合猪隐孢子虫病的诊断逻辑。但诊断准确性、病理逻辑、处方安全性和数据质量方面存在一定不足，需进一步优化。
问题：诊断准确性方面，虽然提到了隐孢子虫等原虫的可能性，但未明确指向猪隐孢子虫病，且未充分结合隐孢子虫病的典型症状（如长期腹泻、消瘦等）进行深入分析。；病理逻辑方面，对隐孢子虫病的病理机制解释不够详细，未充分阐述其与其他腹泻病因的鉴别要点。；处方安全性方面，虽然建议了采样送检，但未针对猪隐孢子虫病给出具体的预防性或支持性治疗措施。；数据质量方面，回答中未充分引用或参考权威资料，且对疾病严重程度的描述（'中等'）缺乏具体依据。",,,,,,,,,,False,,,,,78,25,18,20,15,reject,21.09,,
4996c140-2d81-5d3c-92fa-f750bc567008,280,猪蛔虫病,swine_hunyuan_turbos,hunyuan-turbos-20250926,成功,,猪,我家有200头育肥猪，平均体重60公斤左右，最近有几头出现食欲下降、拉稀，粪便里能看到白色长条状东西，怀疑是蛔虫。圈舍地面是水泥的，平时清粪还算及时，但通风一般，氨味有点重。之前没做过专门驱虫，想问是不是要全群处理？环境怎么弄？多久复查一次合适？,根据描述，粪便中出现白色长条状物且伴有食欲下降和腹泻，结合育肥猪阶段，高度提示为猪蛔虫病（Ascaris suum）。该病在剖检时可在小肠发现成虫，也可通过粪便检出虫卵确诊。需注意与其他肠道寄生虫及移行性损伤（如milk spots）相鉴别。,treatment_direction: 建议联系执业兽医制定驱虫方案，依据猪群健康状态和检测结果选择安全有效的驱虫药物，并遵循兽医指导进行使用。；management_measures: 加强圈舍通风，降低氨气浓度；保持清洁干燥，定期清扫粪便并及时清运；减少猪群密度，防止拥挤应激；新进猪只应隔离观察并进行健康检查。；sampling_and_testing: 采集新鲜粪便样本送实验室进行虫卵镜检，必要时结合剖检检查成虫；有条件可进行PCR检测以提高准确性。；prohibited_boundaries: 严禁自行购买和使用未经批准的驱虫药物；禁止将疑似严重感染的猪与健康猪混养；不得在未确诊情况下随意更换饲料或添加抗生素。,驱虫药物的使用及停药期须严格依照兽医处方和国家相关规定执行，不得随意缩短或忽略。,"{""disease_name"": ""猪蛔虫病"", ""severity"": ""中等"", ""scene_tags"": [""育肥猪"", ""水泥地面"", ""通风不良"", ""氨味重"", ""全群处理""], ""validation_points"": [""粪便中可见白色长条物符合成虫排出特征"", ""育肥猪阶段为易感群体"", ""环境管理不足可能加重感染风险""], ""risk_flags"": [""潜在全群感染风险"", ""环境氨气高影响呼吸道防御""], ""case_type"": ""驱虫和环境管理"", ""target_disease"": ""猪蛔虫病"", ""local_flags"": {""species_ok"": true, ""target_disease_in_diagnosis"": true, ""target_disease_mismatch"": false, ""contains_specific_dose"": false, ""contains_specific_withdrawal"": false, ""regulated_bad_treatment"": false}}",False,False,,,True,False,False,D:\XF-ChongQin\ai-\knowledge\llm_wiki_swine_authoritative,1465,887,"猪蛔虫病
猪蛔虫病、ascaris suum internal parasites
驱虫和环境管理
用户询问是否需要全群处理、环境清理和复查方式。","{""HUMAN_REVIEWED"": 3, ""NEEDS_REVIEW"": 2}","[""SRC-0001"", ""SRC-0026"", ""SRC-0082""]",2091,26.9,ERNIE-4.5-Turbo-32K,88,28,18,23,20,False,True,"该回答对猪蛔虫病的诊断准确，症状与疾病匹配度高，诊断逻辑合理，处方安全且与疾病相互印证，数据质量良好，无致命风险。
问题：diagnosis_accuracy: 诊断中虽提及需与其他肠道寄生虫及移行性损伤相鉴别，但未具体说明鉴别方法，略显不足。；pathology_logic: 病理逻辑部分对环境因素与疾病关系的阐述可更深入，如具体说明氨气浓度高如何影响猪的免疫力从而加重蛔虫感染。；data_quality: 数据质量方面，回答中未明确提及复查的具体时间间隔，数据完整性稍欠。",,,,,,,,,,False,,,,,88,28,18,23,20,pass,18.8,,
000229eb-3f0a-55ab-9d1d-2dd4869ffa04,281,猪鞭虫病,swine_hunyuan_turbos,hunyuan-turbos-20250926,成功,,猪,我家有120头60日龄左右的保育猪，最近半个月陆续出现拉稀、粪便带黏液、个别猪毛色发暗、长得慢，还有几头皮肤抓挠结痂。圈舍地面潮湿，之前没做过驱虫，想问问是不是寄生虫引起的？,根据描述，考虑为猪鞭虫病可能性较大。该病由Trichuris suis寄生在盲肠和结肠引起，重度感染可致结肠炎、腹泻、消瘦及继发皮肤问题。结合年龄、饲养环境和症状，符合该病的流行病学特征。,treatment_direction: 采用广谱驱虫药物进行群体驱虫，重点针对肠道线虫类寄生虫。；management_measures: 改善圈舍卫生条件，保持干燥通风，减少粪口传播机会；及时清理粪便并堆积发酵；分群管理，防止交叉感染。；sampling_and_testing: 采集新鲜粪便做漂浮法检查虫卵，必要时剖检取盲肠内容物查找成虫，以确诊虫种和感染强度。；contraindications_and_boundaries: 对疑似重大动物疫病如非洲猪瘟等，不得以驱虫代替隔离、检测和上报；驱虫期间注意药物使用安全，避免与其他药物冲突。,按所用驱虫药说明执行相应停药期，确保上市前药物残留达标。,"{""disease_name"": ""猪鞭虫病"", ""severity"": ""中等"", ""scene_tags"": [""保育猪"", ""腹泻"", ""消瘦"", ""皮肤抓挠""], ""validation_points"": [""年龄与易感性匹配"", ""症状与鞭虫致病机制一致"", ""环境与传播途径吻合""], ""risk_flags"": [""潜在人畜共患病风险较低，但需规范处置粪便以防环境污染""], ""case_type"": ""寄生虫群体发病"", ""target_disease"": ""猪鞭虫病"", ""local_flags"": {""species_ok"": true, ""target_disease_in_diagnosis"": true, ""target_disease_mismatch"": false, ""contains_specific_dose"": false, ""contains_specific_withdrawal"": false, ""regulated_bad_treatment"": false}}",False,False,,,True,False,False,D:\XF-ChongQin\ai-\knowledge\llm_wiki_swine_authoritative,1465,887,"猪鞭虫病
猪鞭虫病、trichuris suis internal parasites
寄生虫群体发病
猪群出现腹泻、消瘦、皮肤瘙痒或生长慢，用户怀疑寄生虫。","{""HUMAN_REVIEWED"": 2, ""NEEDS_REVIEW"": 2}","[""SRC-0001"", ""SRC-0082""]",2221,26.64,ERNIE-4.5-Turbo-32K,88,28,18,24,18,False,True,"该测试数据整体质量较高，诊断准确性、病理逻辑、处方安全性和数据质量均表现良好，无明显致命风险，符合通过标准。
问题：诊断准确性方面，虽然症状与猪鞭虫病高度吻合，但未明确排除其他类似疾病（如猪球虫病、猪蛔虫病等），诊断依据略显单一。；病理逻辑方面，对皮肤瘙痒或结痂与猪鞭虫病的直接关联解释不够充分，可能引发对诊断逻辑完整性的质疑。；数据质量方面，场景标签和验证点虽全面，但风险标志中仅提及‘潜在人畜共患病风险较低’，未充分强调粪便规范处置的重要性，可能影响用户对风险防控的重视。",,,,,,,,,,False,,,,,88,28,18,24,18,pass,19.05,,
5f385b10-405e-5a67-ac69-ed58dce9d398,282,猪类圆线虫病,swine_hunyuan_turbos,hunyuan-turbos-20250926,成功,,猪,我家有120头保育到育肥阶段的猪，平均体重在25公斤左右，最近一周陆续出现拉稀，粪便稀薄带黏液，个别猪精神稍差，采食量下降。之前按大肠杆菌用了几天恩诺沙星和硫酸粘菌素，效果不明显，现在想问还要不要继续用抗生素？要不要送样检查？,结合病史、用药反应及症状，考虑猪类圆线虫病可能性较大，该病为寄生虫性腹泻，单纯使用抗菌药难以有效控制，需通过粪检确诊。,建议立即采集新鲜粪便样本送实验室进行虫卵镜检，明确是否为类圆线虫感染；如确诊，应采用针对性驱虫方案（如伊维菌素类制剂），并结合改善圈舍卫生、减少潮湿、定期清理粪污等管理措施；在未明确诊断前不建议盲目更换或延长抗生素治疗；若怀疑混合感染，可在专业兽医指导下调整用药。,如后续使用驱虫药，应遵循所用药品说明书及国家相关规定执行停药期，确保上市安全。,"{""disease_name"": ""猪类圆线虫病"", ""severity"": ""中等"", ""scene_tags"": [""保育猪"", ""育肥猪"", ""腹泻"", ""寄生虫病"", ""抗菌药无效""], ""validation_points"": [""病史提示抗菌药效果不佳，符合寄生虫性腹泻特征"", ""建议粪检以明确病因"", ""强调针对性驱虫而非继续广谱抗菌""], ""risk_flags"": [""未经确诊不宜随意更改抗生素方案"", ""需防止寄生虫传播至健康猪群""], ""case_type"": ""腹泻用药咨询"", ""target_disease"": ""猪类圆线虫病"", ""local_flags"": {""species_ok"": true, ""target_disease_in_diagnosis"": true, ""target_disease_mismatch"": false, ""contains_specific_dose"": false, ""contains_specific_withdrawal"": false, ""regulated_bad_treatment"": false}}",False,False,,,True,False,False,D:\XF-ChongQin\ai-\knowledge\llm_wiki_swine_authoritative,1465,887,"猪类圆线虫病
猪类圆线虫病、strongyloides internal parasites
腹泻用药咨询
猪群腹泻后已用过常见抗菌药效果一般，用户询问是否继续用药以及是否需要送检。","{""HUMAN_REVIEWED"": 1, ""NEEDS_REVIEW"": 4}","[""SRC-0001"", ""SRC-0012"", ""SRC-0079""]",1993,24.57,ERNIE-4.5-Turbo-32K,88,27,18,23,20,False,True,"该回答在诊断准确性、病理逻辑、处方安全性和数据质量方面表现良好，诊断考虑了病史和用药反应，建议粪检以明确病因，并提出了针对性驱虫方案和管理措施，未发现致命风险。
问题：diagnosis_accuracy: 诊断准确性较高，但未完全排除其他可能性，如混合感染。；pathology_logic: 病理逻辑合理，但未详细解释类圆线虫病的病理机制。；prescription_safety: 处方安全，但未提及驱虫药的具体剂量和休药期。；data_quality: 数据质量良好，但未提供类圆线虫病的流行病学数据或案例支持。",,,,,,,,,,False,,,,,88,27,18,23,20,pass,17.49,,
05b347f9-ad8a-5ff5-8f03-a6d5db0da57a,283,猪后圆线虫病,swine_hunyuan_turbos,hunyuan-turbos-20250926,成功,,猪,我这边是河南一个200头规模的育肥场，这批猪现在80斤左右，最近一周陆续有猪咳嗽、喘气，个别体温升高到40度，采食量明显下降，舍内通风一般，湿度偏高，之前用过阿莫西林拌料三天没明显好转，想问问是不是呼吸道传染病还是寄生虫引起的？要不要整栏都打药？,根据描述的症状（咳嗽、喘气、发热、采食下降）、饲养密度及环境条件，结合育肥猪阶段特点，考虑猪后圆线虫病的可能性较大，同时需排除猪支原体肺炎、猪流感等呼吸道综合征常见病原。建议通过粪便镜检或PCR检测线虫卵/幼虫，并结合剖检肺脏虫道病变进行确诊。,treatment_direction: 针对后圆线虫可使用经批准的驱虫药（如伊维菌素类）按说明使用；若合并细菌感染可配合广谱抗生素控制继发感染。；management_measures: 改善圈舍通风与干燥条件，减少高湿闷热环境；对病猪与健康猪分群管理，防止交叉感染；加强饲料营养以提高抵抗力。；sampling_and_testing: 采集新鲜粪便做漂浮法检查虫卵，必要时送实验室PCR检测；对病死猪进行剖检观察肺部虫道病变并取样送检。；contraindications_and_boundaries: 严禁在疑似重大动物疫病流行时自行用药掩盖病情；发现高热、呼吸急促迅速扩散时应立即报告当地畜牧兽医部门，不可擅自作为普通呼吸道疾病处理。,因涉及驱虫药与可能的抗生素联用，应严格遵循所用药品说明书规定的停药期，并在出栏前确保符合食品安全标准。,"{""disease_name"": ""猪后圆线虫病"", ""severity"": ""中等偏上，可导致生长迟缓、饲料转化率下降，严重时引起死亡"", ""scene_tags"": [""育肥猪"", ""群体呼吸道症状"", ""潮湿环境"", ""采食下降""], ""validation_points"": [""症状与后圆线虫感染相符"", ""环境与易感因素匹配"", ""需要实验室检测确认病原""], ""risk_flags"": [""可能与其他呼吸道病原混合感染"", ""延误诊治可能影响全群健康""], ""case_type"": ""呼吸道群体发病"", ""target_disease"": ""猪后圆线虫病"", ""local_flags"": {""species_ok"": true, ""target_disease_in_diagnosis"": true, ""target_disease_mismatch"": false, ""contains_specific_dose"": false, ""contains_specific_withdrawal"": false, ""regulated_bad_treatment"": false}}",False,False,,,True,False,False,D:\XF-ChongQin\ai-\knowledge\llm_wiki_swine_authoritative,1465,887,"猪后圆线虫病
猪后圆线虫病、metastrongylus lungworms
呼吸道群体发病
同栏出现咳嗽、喘气、发热、采食下降，用户想判断病因和是否需要全群用药。","{""HUMAN_REVIEWED"": 1, ""NEEDS_REVIEW"": 4}","[""SRC-0001"", ""SRC-0006"", ""SRC-0007""]",1889,25.84,ERNIE-4.5-Turbo-32K,88,28,18,23,20,False,True,"整体回答质量较高，诊断方向合理，症状与疾病匹配，处理方向安全，但部分细节可优化。
问题：诊断部分对猪支原体肺炎、猪流感等鉴别诊断的描述稍显简略，病理逻辑可进一步细化。；数据质量方面，场景标签和验证点描述较笼统，可增加具体细节。；处方安全中未明确驱虫药和抗生素的具体使用剂量和疗程，存在一定模糊性。",,,,,,,,,,False,,,,,88,28,18,23,20,pass,16.24,,
8a063612-251a-5540-bf11-7fb83503c89e,284,猪肾虫病,swine_hunyuan_turbos,hunyuan-turbos-20250926,成功,,猪,我家有120头育肥猪，平均体重在70公斤左右，最近发现几头猪精神差、食欲下降，有的尿液里能看到少量血色，粪便偏稀，体温正常。圈舍是水泥地面，通风一般，之前没做过驱虫，想问这种情况是不是要全群处理？环境该怎么清理？要不要采样检查？,根据描述，结合尿液带血、精神食欲下降等症状，以及未驱虫史和圈舍条件，怀疑为猪肾虫病（Stephanurus dentatus）。该病由肾虫寄生引起，成虫可在肾周囊及输尿管开口处形成囊肿并产卵，卵随尿液排出，幼虫移行可致肝脏损伤。,treatment_direction: 建议联系当地兽医进行粪便镜检或尿液沉渣检查，以确诊是否为肾虫感染；如确诊，应制定针对性驱虫方案。；management_measures: 加强圈舍清洁消毒，清除粪污，减少潮湿环境；改善通风，降低氨气和粉尘浓度；防止猪接触被污染的水源或土壤。；sampling_submission: 采集可疑猪的新鲜尿液样本，静置沉淀后取沉渣镜检寻找虫卵；必要时可同时采集粪便样本；也可对病死猪进行剖检，观察肾周囊及肝脏病变。；prohibited_boundaries: 在未确诊前不得使用未经批准的驱虫药物；严禁将疑似病猪随意出售或屠宰；若检出大量阳性或发现严重病变，应按重大动物疫病防控要求进行隔离、报告和后续处置。,因未明确使用具体药物，无法给出确切休药期；如需用药，须依据所用药物说明书并在停药期满后复检合格方可出栏。,"{""disease_name"": ""猪肾虫病"", ""severity"": ""中等"", ""scene_tags"": [""育肥猪"", ""水泥地面"", ""通风不良"", ""未驱虫史""], ""validation_points"": [""尿液带血提示泌尿系统受累"", ""未驱虫史增加寄生虫感染概率"", ""环境管理不足利于虫卵存活""], ""risk_flags"": [""可能波及全群"", ""需实验室确诊"", ""涉及重大动物疫病防控边界""], ""case_type"": ""驱虫和环境管理"", ""target_disease"": ""猪肾虫病"", ""local_flags"": {""species_ok"": true, ""target_disease_in_diagnosis"": true, ""target_disease_mismatch"": false, ""contains_specific_dose"": false, ""contains_specific_withdrawal"": false, ""regulated_bad_treatment"": false}}",False,False,,,True,False,False,D:\XF-ChongQin\ai-\knowledge\llm_wiki_swine_authoritative,1465,887,"猪肾虫病
猪肾虫病、stephanurus dentatus kidney worm
驱虫和环境管理
用户询问是否需要全群处理、环境清理和复查方式。","{""HUMAN_REVIEWED"": 3, ""NEEDS_REVIEW"": 2}","[""SRC-0001"", ""SRC-0026"", ""SRC-0028"", ""SRC-0082""]",2149,28.52,ERNIE-4.5-Turbo-32K,82,27,18,20,17,False,True,"整体回答质量较高，诊断准确性、病理逻辑、处方安全性和数据质量均表现良好，无明显致命风险，符合通过标准。
问题：诊断准确性方面，虽然症状和病史支持猪肾虫病的怀疑，但缺乏实验室确诊依据，诊断依据稍显不足。；病理逻辑方面，对肾虫病病理机制的描述较为准确，但未充分解释症状与病理机制之间的直接联系。；处方安全性方面，建议联系兽医进行确诊和制定驱虫方案是合理的，但未提供具体的驱虫药物选择，略显保守。；数据质量方面，回答内容较为完整，但部分信息如休药期的说明因缺乏具体药物而显得不够明确。",,,,,,,,,,False,,,,,82,27,18,20,17,pass,18.94,,
0016120f-7005-5721-a660-abb6b2fdd850,285,猪营养缺乏与过量综合征,swine_hunyuan_turbos,hunyuan-turbos-20250926,成功,,猪,我这边是200头基础母猪的种猪场，最近两个月陆续有母猪在妊娠中后期流产，还有几窝产下死胎比例高，部分母猪断奶后迟迟不发情，有的公猪性欲下降、精液质量差。饲料一直用同一配方，没有更换过，也没有明显霉变迹象。想问问是不是传染病？还能不能继续配种？,根据描述，流产、死胎、返情及公猪生殖功能下降可能与营养失衡有关，如微量元素（硒、锌、铜）、维生素（A、E、B族）不足或过量，以及能量蛋白比例不当。同时需排除布鲁氏菌病、猪繁殖与呼吸综合征等传染性疾病。建议结合饲料成分分析、血液生化检测、精液检查及必要时的病原PCR排查。,treatment_direction: 调整日粮配方，确保关键营养素平衡；补充优质多维多矿预混料；改善饲养管理，减少应激。；management_measures: 分群饲养，保证饮水清洁；优化光照周期促进发情；对公猪加强运动与营养支持。；sampling_and_testing: 采集饲料样品送实验室检测营养成分及霉菌毒素；采集母猪血样检测血清微量元素和维生素水平；必要时采集公猪精液做质量检测；若怀疑传染病，应送检病原核酸。；prohibited_boundaries: 在未明确排除法定疫病前，不得进行跨场引种或随意淘汰；严禁使用未经批准的添加剂或药物。,无特定药物使用，不涉及停药期。但若涉及治疗性药物，应按说明书执行并遵守相关规定。,"{""disease_name"": ""猪营养缺乏与过量综合征"", ""severity"": ""中等"", ""scene_tags"": [""种猪场"", ""繁殖障碍"", ""营养失衡""], ""validation_points"": [""症状符合营养缺乏或过量导致的繁殖性能下降模式"", ""需要结合饲料分析和实验室检查确诊"", ""需排除传染性病因""], ""risk_flags"": [""需鉴别法定疫病"", ""影响繁殖效率""], ""case_type"": ""种猪繁殖障碍"", ""target_disease"": ""猪营养缺乏与过量综合征"", ""local_flags"": {""species_ok"": true, ""target_disease_in_diagnosis"": false, ""target_disease_mismatch"": true, ""contains_specific_dose"": false, ""contains_specific_withdrawal"": false, ""regulated_bad_treatment"": false}}",True,True,target_disease_in_diagnosis,target_disease_in_diagnosis,False,True,True,D:\XF-ChongQin\ai-\knowledge\llm_wiki_swine_authoritative,1465,887,"猪营养缺乏与过量综合征
猪营养缺乏与过量综合征、nutrient deficiencies and excesses
种猪繁殖障碍
种猪场出现流产、死胎、返情或公猪异常，用户担心传染病和是否继续配种。","{""NEEDS_REVIEW"": 3, ""PROCESSED_SOURCE_ANCHORED"": 1}","[""SRC-0001"", ""SRC-0084""]",2220,28.93,ERNIE-4.5-Turbo-32K,88,27,18,23,20,False,False,"该回答整体表现良好，诊断方向准确，考虑了营养失衡和传染病的可能性，并提出了合理的检查建议。处方安全，管理措施得当，数据质量较高，无明显错误或风险。
问题：diagnosis_accuracy: 诊断准确性较高，但未完全覆盖所有可能的营养失衡情况，如特定氨基酸或脂肪酸缺乏。；pathology_logic: 病理逻辑合理，但未详细解释营养失衡如何具体导致流产、死胎等症状。；prescription_safety: 处方安全，但缺乏具体的营养补充剂量或方案。；data_quality: 数据质量较高，但症状描述与疾病匹配的细节可进一步丰富。",,,,,,,,,,False,,,,,88,27,18,23,20,reject,18.57,,
2c17ca0d-a7d8-53c1-b840-395dc2fe5cfb,286,猪黄曲霉毒素中毒,swine_hunyuan_turbos,hunyuan-turbos-20250926,成功,,猪,我家有120头育肥猪，平均体重在80公斤左右，最近一周陆续出现精神沉郁、食欲下降、粪便偏干的情况，个别猪还出现黄疸。怀疑是饲料有问题，因为用的是去年秋天收的玉米做的自配料，没加脱毒剂。想问还能不能继续喂这批料？怎么送饲料和病猪去化验？,结合育肥猪群近期出现的沉郁、食欲减退、黄疸等症状，以及使用陈年玉米自配料的背景，高度怀疑为黄曲霉毒素中毒。该病由摄入含高浓度黄曲霉毒素的饲料引起，主要损害肝脏功能，表现为肝功能异常及全身中毒症状。需通过饲料和病猪组织样本检测确认。,treatment_direction: 立即停喂可疑饲料，更换为无霉变、质量可靠的原料配制的新饲料；加强饮水管理，提供清洁水源；对重症个体进行对症治疗支持，如保肝、补液等。；management_measures: 清理并封存剩余可疑饲料，防止误用；改善仓储条件，降低湿度，防止进一步霉变；加强饲养管理，减少应激。；sampling_and_testing: 采集可疑饲料样品（不少于500克），同时采集病死猪或濒死猪的肝脏、血液等组织样本，送至具备资质的实验室检测黄曲霉毒素含量及肝功能指标。；prohibited_boundaries: 严禁继续使用未经检测或确认安全的饲料；禁止将病猪与健康猪混养；发现疑似重大疫情应立即向当地畜牧兽医部门报告，不得擅自销售或转运。,因属中毒性疾病，无特定药物休药期，但应待饲料毒素水平降至安全范围且猪群健康恢复后再考虑出栏或出售。,"{""disease_name"": ""猪黄曲霉毒素中毒"", ""severity"": ""中等至高"", ""scene_tags"": [""育肥猪"", ""自配料"", ""陈年玉米"", ""饲料霉变""], ""validation_points"": [""症状符合黄曲霉毒素中毒的典型表现（沉郁、黄疸、肝损伤）"", ""有明确的污染饲料接触史"", ""需通过饲料和病料检测确诊""], ""risk_flags"": [""疑似饲料源性中毒"", ""存在继续饲喂风险"", ""需及时送检确认""], ""case_type"": ""中毒处置边界"", ""target_disease"": ""猪黄曲霉毒素中毒"", ""local_flags"": {""species_ok"": true, ""target_disease_in_diagnosis"": false, ""target_disease_mismatch"": true, ""contains_specific_dose"": false, ""contains_specific_withdrawal"": false, ""regulated_bad_treatment"": false}}",True,True,target_disease_in_diagnosis,target_disease_in_diagnosis,False,True,True,D:\XF-ChongQin\ai-\knowledge\llm_wiki_swine_authoritative,1465,887,"猪黄曲霉毒素中毒
猪黄曲霉毒素中毒、aflatoxin toxicosis
中毒处置边界
用户想知道是否继续饲喂可疑饲料、怎样送检饲料和病料。","{""NEEDS_REVIEW"": 2, ""PROCESSE"": 1, ""PROCESSED_SOURCE_ANCHORED"": 2}","[""SRC-0001"", ""SRC-0085""]",2221,27.03,ERNIE-4.5-Turbo-32K,88,28,18,23,20,False,False,"该回答在诊断准确性、病理逻辑、处方安全性和数据质量方面表现良好，整体符合猪黄曲霉毒素中毒的测试数据要求。诊断准确，症状与疾病匹配，诊断逻辑合理，处理方向安全且与疾病相互印证，无致命风险。
问题：诊断准确性方面，虽然整体准确，但未完全覆盖所有验证点中的症状描述（如未明确提及粪便偏干与黄曲霉毒素中毒的关联）。；病理逻辑方面，对黄曲霉毒素中毒的病理机制解释略显简略，可进一步细化。；数据质量方面，场景标签和风险标志虽已涵盖主要点，但可增加更多细节描述以提升数据丰富度。",,,,,,,,,,False,,,,,88,28,18,23,20,reject,17.29,,
1e57da99-daa4-57bd-b1c8-c4d9cb0f86af,287,猪呕吐毒素/DON中毒,swine_hunyuan_turbos,hunyuan-turbos-20250926,成功,,猪,我家有200头母猪，平均体重180公斤左右，最近换了新一批玉米做的全价料，大概喂了三天后，发现部分母猪食欲明显下降，有的还吐了，有几头怀孕的母猪精神差、体温正常，还有一头出现轻微抽搐。请问是不是饲料有问题？要不要停喂这批料？,根据描述，在更换饲料后短时间内出现采食下降、呕吐及个别神经症状，符合猪呕吐毒素（DON）中毒的典型表现。DON常见于受镰刀菌污染的玉米、小麦等谷物中，可引起拒食、呕吐、消化功能紊乱，严重时可伴发轻度神经症状。但需注意与其他霉菌毒素中毒、传染病（如伪狂犬病、非洲猪瘟）、热应激或管理因素相鉴别。,立即停用可疑批次饲料，换用安全原料配制的饲料；保证充足清洁饮水，减少应激；观察并记录症状变化；采集剩余饲料样本送实验室检测DON及其他霉菌毒素含量；必要时采集血液或组织样品进行病理学检查；若症状持续或加重，应联系当地兽医部门进一步排查传染病风险。严禁自行使用未经许可的药物掩盖症状。,因属中毒事件，无特定休药期概念；恢复前须确保饲料安全并监测健康指标至恢复正常采食与生产性能。,"{""disease_name"": ""猪呕吐毒素/DON中毒"", ""severity"": ""中等"", ""scene_tags"": [""饲料更换"", ""群体发病"", ""疑似霉菌毒素""], ""validation_points"": [""症状与DON中毒相符"", ""时间上与饲料更换吻合"", ""存在群体性表现""], ""risk_flags"": [""需排除重大传染病（如ASF、PRV）"", ""需饲料毒素检测确认病因""], ""case_type"": ""饲料中毒咨询"", ""target_disease"": ""猪呕吐毒素/DON中毒"", ""local_flags"": {""species_ok"": true, ""target_disease_in_diagnosis"": false, ""target_disease_mismatch"": true, ""contains_specific_dose"": false, ""contains_specific_withdrawal"": false, ""regulated_bad_treatment"": false}}",True,True,target_disease_in_diagnosis,target_disease_in_diagnosis,False,True,True,D:\XF-ChongQin\ai-\knowledge\llm_wiki_swine_authoritative,1465,887,"猪呕吐毒素/DON中毒
猪呕吐毒素/DON中毒、don trichothecene toxicosis
饲料中毒咨询
更换饲料或玉米批次后出现采食下降、呕吐、繁殖异常或神经症状，用户怀疑饲料问题。","{""HUMAN_REVIEWED"": 1, ""NEEDS_REVIEW"": 2, ""PROCESSED_SOURCE_ANCH"": 1, ""PROCESSED_SOURCE_ANCHORED"": 1}","[""SRC-0001"", ""SRC-0041"", ""SRC-0085""]",2221,27.78,ERNIE-4.5-Turbo-32K,88,28,18,24,18,False,False,"该回答在诊断准确性、病理逻辑、处方安全性和数据质量方面表现良好，整体符合测试数据有效性要求。诊断准确识别了猪呕吐毒素（DON）中毒的典型症状，并考虑了鉴别诊断；处方安全合理，建议停用可疑饲料并送检；数据质量较高，症状与疾病匹配，时间逻辑合理。
问题：diagnosis_accuracy: 虽考虑了鉴别诊断，但未明确说明如何排除非洲猪瘟等重大传染病，可能影响诊断的全面性。；pathology_logic: 病理逻辑基本合理，但未详细解释神经症状与DON中毒的关联机制。；data_quality: 数据质量较高，但症状描述中‘轻微抽搐’的严重程度与‘中等’病情分级略显不匹配，可能影响评估。",,,,,,,,,,False,,,,,88,28,18,24,18,reject,18.77,,
4d88eae4-506a-5ca5-9cc2-034ef61a2e95,288,猪玉米赤霉烯酮中毒,swine_hunyuan_turbos,hunyuan-turbos-20250926,成功,,猪,我家有120头母猪，平均胎次在3-5胎之间，最近连续两批配种后，产仔率明显下降，很多窝只有4-5头活仔，还有不少是弱仔，个别母猪还出现阴户红肿的情况。饲料用的是本地玉米自配料，这批玉米有点发霉味。我想知道这种情况是不是饲料问题？要不要先停配种和引进新母猪？应该采什么样品去化验？,结合临床表现（产仔数减少、弱仔比例高、部分母猪阴户红肿）及饲料存在霉变情况，高度怀疑为玉米赤霉烯酮中毒所致的非感染性繁殖障碍。ZEA为具有雌激素样作用的霉菌毒素，可干扰早期胚胎发育并引起生殖内分泌紊乱。需排除其他病毒性（如细小病毒、PRRSV等）及细菌性繁殖障碍病因。,treatment_direction: 立即停用可疑霉变饲料，更换为质量可靠的原料；对受影响母猪进行营养支持和管理调整，改善饲养环境以减少应激。；management_measures: 暂停配种计划直至病因排查明确且母猪恢复稳定；暂缓引入新母猪，防止潜在污染扩散；加强饲料储存防潮防霉措施。；sampling_for_testing: 采集剩余可疑饲料样本送实验室检测ZEA含量；同时采集母猪血液样本检测激素水平和肝功能指标；必要时采集子宫内容物或胎儿组织做病理学检查。；prohibited_actions: 在未明确病因前，不得盲目使用促排卵药物或激素类药物干预；禁止将疑似中毒母猪的精液或卵子用于人工授精或繁殖。,因属中毒性病因，无特定药物休药期限制，但应待饲料更换、母猪生理指标恢复正常后再考虑恢复配种。,"{""disease_name"": ""猪玉米赤霉烯酮中毒"", ""severity"": ""中等"", ""scene_tags"": [""繁殖障碍"", ""饲料霉变"", ""母猪群""], ""validation_points"": [""症状符合ZEA引起的繁殖障碍特征（产仔数减少、弱仔、阴户红肿）"", ""饲料霉变史提示外源毒素暴露可能"", ""需通过饲料毒素检测和母猪激素水平验证""], ""risk_flags"": [""疑似霉菌毒素中毒"", ""可能影响全群繁殖性能""], ""case_type"": ""繁殖障碍送检"", ""target_disease"": ""猪玉米赤霉烯酮中毒"", ""local_flags"": {""species_ok"": true, ""target_disease_in_diagnosis"": false, ""target_disease_mismatch"": true, ""contains_specific_dose"": false, ""contains_specific_withdrawal"": false, ""regulated_bad_treatment"": false}}",True,True,target_disease_in_diagnosis,target_disease_in_diagnosis,False,True,True,D:\XF-ChongQin\ai-\knowledge\llm_wiki_swine_authoritative,1465,887,"猪玉米赤霉烯酮中毒
猪玉米赤霉烯酮中毒、zearalenone toxicosis
繁殖障碍送检
繁殖异常持续出现，用户询问该采哪些样品、是否需要暂停配种和引种。","{""HUMAN_REVIEWED"": 1, ""NEEDS_REVIEW"": 2, ""PROCESSED_SOURCE_ANCHORED"": 1}","[""RC-REPRO-001"", ""SRC-0001"", ""SRC-0025"", ""SRC-0045"", ""SRC-0049"", ""SRC-0050"", ""SRC-0060"", ""SRC-0061"", ""SRC-0067"", ""SRC-0068"", ""SRC-0085""]",2221,28.87,ERNIE-4.5-Turbo-32K,88,28,18,23,20,False,False,"该回答在诊断准确性、病理逻辑、处方安全性和数据质量方面表现良好，整体符合测试数据有效性要求。诊断结合了临床表现和饲料霉变史，逻辑合理；处方安全且与疾病相互印证；数据质量较高，提供了详细的验证点和风险标识。
问题：pathology_logic: 虽提及需排除其他病毒性及细菌性繁殖障碍病因，但未具体说明排查方法或优先级，逻辑稍显不足。；data_quality: 场景标签和验证点较为全面，但未明确提及人兽共患风险评估（虽本疾病无人兽共患风险，但评估框架要求明确说明）。",,,,,,,,,,False,,,,,88,28,18,23,20,reject,18.82,,
3855f9de-e4dd-5be5-b25e-0b2f879241a6,289,猪富马毒素中毒,swine_hunyuan_turbos,hunyuan-turbos-20250926,成功,,猪,我家有200头育肥猪，平均体重80公斤左右，最近换了新一批玉米做的全价料，大概喂了三四天就开始出现个别猪不吃料、有的还吐，有几头母猪配种后返情率明显升高，还有一头突然站不起来抽搐。请问是不是饲料有问题？需要怎么处理？,结合病史（近期更换玉米原料）、临床表现（采食下降、呕吐、繁殖障碍、神经症状），高度怀疑为饲料中富马毒素含量过高引起的猪富马毒素中毒。该病可导致肺水肿、肝损伤及神经系统症状，需通过饲料样品检测富马毒素浓度并结合血液生化指标综合判断。,treatment_direction: 立即停喂可疑批次饲料，更换为经检测合格的饲料；对出现严重症状的个体进行对症治疗（如补液、保肝、对症止吐）；加强通风，减少应激。；management_measures: 全面排查库存饲料及原料，封存可疑批次并送第三方实验室检测富马毒素；记录发病猪只数量、症状变化及死亡情况；调整饲养密度，改善舍内空气质量。；sampling_and_testing: 采集剩余可疑饲料样本送至具备资质的饲料检测机构检测富马毒素含量；必要时采集病猪血样做肝功能、肾功能及电解质检查。；prohibited_boundaries: 在未获得权威检测结果前，不得将可疑饲料转售或饲喂其他动物群；严禁使用未经批准的脱毒剂或自行添加药物掩盖症状。,因属中毒性疾病，无特定休药期概念，应以饲料更换至毒素清除且猪群恢复正常采食为准。,"{""disease_name"": ""猪富马毒素中毒"", ""severity"": ""中等至高"", ""scene_tags"": [""饲料更换史"", ""多系统症状"", ""繁殖障碍""], ""validation_points"": [""症状与高富马毒素暴露一致（呕吐、采食下降、神经症状、繁殖异常）"", ""存在明确饲料更换时间节点"", ""需依赖饲料毒素检测确诊""], ""risk_flags"": [""可能涉及饲料污染事件"", ""需防止毒素扩散至其他猪群""], ""case_type"": ""饲料中毒咨询"", ""target_disease"": ""猪富马毒素中毒"", ""local_flags"": {""species_ok"": true, ""target_disease_in_diagnosis"": true, ""target_disease_mismatch"": false, ""contains_specific_dose"": false, ""contains_specific_withdrawal"": false, ""regulated_bad_treatment"": false}}",False,False,,,True,False,False,D:\XF-ChongQin\ai-\knowledge\llm_wiki_swine_authoritative,1465,887,"猪富马毒素中毒
猪富马毒素中毒、fumonisin toxicosis
饲料中毒咨询
更换饲料或玉米批次后出现采食下降、呕吐、繁殖异常或神经症状，用户怀疑饲料问题。","{""NEEDS_REVIEW"": 2, ""PROCESSED_SOURCE_ANCHORED"": 2}","[""SRC-0001"", ""SRC-0085""]",2221,29.32,ERNIE-4.5-Turbo-32K,90,28,18,24,20,False,True,"整体回答质量较高，诊断准确，逻辑清晰，处理方向安全，数据质量良好。诊断与症状、疾病匹配度高，处理建议合理且安全，无明显错误。
问题：diagnosis_accuracy: 诊断准确度较高，但未明确提及富马毒素中毒的典型病理变化（如肝细胞坏死、神经髓鞘变性等），略显不足。；pathology_logic: 病理逻辑基本合理，但未详细解释富马毒素如何导致多系统症状（如肝损伤与神经症状的关联）。；prescription_safety: 处理方向安全，但未提及具体对症治疗药物（如止吐药、保肝药的选择），略显笼统。；data_quality: 数据质量良好，但未提供富马毒素中毒的流行病学数据（如发病率、死亡率）或类似案例参考。",,,,,,,,,,False,,,,,90,28,18,24,20,pass,19.6,,
205c4397-af78-5c5f-8ca9-83b712a2b0fe,290,猪矿物质与化学物中毒,swine_hunyuan_turbos,hunyuan-turbos-20250926,成功,,猪,我家有120头育肥猪，平均体重在90公斤左右，最近一周陆续出现精神沉郁、食欲下降、个别猪呼吸急促、粪便偏稀的情况，死亡了3头。这批猪一直喂的是自配全价料，原料是上个月新进的玉米和小麦麸皮，仓库通风不太好，有点潮湿味。之前没用过什么特殊药物。我想知道是不是饲料有问题，还能不能继续喂？另外想送检饲料和病死猪，该怎么做？,根据描述的症状分布、饲料原料及储存条件，高度怀疑为饲料源性矿物或化学物质中毒，可能与原料受潮霉变或混入有毒成分有关。需结合现场调查、饲料成分分析以及病猪剖检和实验室检测综合判断。,treatment_direction: 立即停止饲喂当前可疑饲料，更换为安全、无污染的饲料；加强饮水管理，保证清洁饮水；对症状明显的猪进行对症治疗和支持性护理。；management_measures: 清理并封存剩余可疑饲料，记录投喂时间、用量及受影响猪群情况；改善饲料储存环境，保持干燥通风；密切观察其余猪群健康状态。；sampling_and_testing: 采集剩余饲料样品送有资质的饲料检测机构，检测重金属、霉菌毒素及其他潜在有害化学成分；同时采集病死猪肝脏、肾脏等组织样本送兽医实验室进行病理学和毒理学检测。；prohibited_boundaries: 在未明确中毒原因前，严禁将可疑饲料转喂其他猪群或出售；禁止私自使用未经批准的排毒或解毒药物。,因病因未明且涉及潜在重大中毒事件，应暂停出栏销售，直至检测结果确认安全后方可恢复流通。,"{""disease_name"": ""猪矿物质与化学物中毒"", ""severity"": ""中等至严重"", ""scene_tags"": [""育肥猪"", ""饲料污染"", ""群体发病""], ""validation_points"": [""症状符合饲料源性中毒表现"", ""存在可疑饲料暴露史"", ""建议立即停喂并送检""], ""risk_flags"": [""可能涉及非法添加或污染物质"", ""需防止扩散至其他猪群""], ""case_type"": ""中毒处置边界"", ""target_disease"": ""猪矿物质与化学物中毒"", ""local_flags"": {""species_ok"": true, ""target_disease_in_diagnosis"": false, ""target_disease_mismatch"": true, ""contains_specific_dose"": false, ""contains_specific_withdrawal"": false, ""regulated_bad_treatment"": false}}",True,True,target_disease_in_diagnosis,target_disease_in_diagnosis,False,True,True,D:\XF-ChongQin\ai-\knowledge\llm_wiki_swine_authoritative,1465,887,"猪矿物质与化学物中毒
猪矿物质与化学物中毒、toxic minerals chemicals plants and gases
中毒处置边界
用户想知道是否继续饲喂可疑饲料、怎样送检饲料和病料。","{""NEEDS_REVIEW"": 2, ""PROCESSED_SOURCE_ANCHORED"": 1}","[""SRC-0001"", ""SRC-0084"", ""SRC-0086""]",2221,27.53,ERNIE-4.5-Turbo-32K,82,27,18,22,15,False,False,"整体回答符合猪矿物质与化学物中毒的测试要求，诊断方向合理，处理措施安全，但存在部分细节不足和逻辑不够严密的问题。
问题：diagnosis_accuracy: 诊断依据中未明确提及具体矿物或化学物中毒的典型症状，如神经症状或特定器官损伤表现，仅依赖饲料储存条件推断，证据链不够完整。；pathology_logic: 病理逻辑部分未详细说明如何通过现场调查、饲料成分分析及实验室检测综合判断中毒类型，逻辑链条不够清晰。；prescription_safety: 处方中对症治疗和支持性护理的具体措施未明确，如呼吸急促和粪便偏稀的具体处理方法，可能影响实际操作的准确性。；data_quality: 数据质量部分，用户查询中的症状描述与疾病匹配度较高，但回答中未充分利用所有症状信息（如死亡情况）进行深入分析，且未提及人兽共患风险评估。",,,,,,,,,,False,,,,,82,27,18,22,15,reject,19.36,,
6e6d0d42-1743-54cd-8147-6cf12c981afa,291,猪亚硝酸盐中毒,swine_hunyuan_turbos,hunyuan-turbos-20250926,成功,,猪,我家有200头育肥猪，平均体重60公斤左右，上周刚换了一批新玉米饲料，喂了两天后陆续有几头出现不吃料、流口水、呼吸急促、皮肤发紫的情况，还有一头母猪流产。之前没用过这种玉米，想问问是不是饲料有问题？,根据描述，在更换饲料后出现急性采食下降、呼吸困难、发绀及个别繁殖障碍，符合急性亚硝酸盐中毒的典型表现，需结合近期饮水或饲料硝酸盐含量检测确认。,treatment_direction: 立即停喂可疑饲料，更换为安全饲料；供给充足清洁饮水，必要时静脉补充亚甲蓝（仅在兽医指导下使用）以改善高铁血红蛋白血症；对症支持治疗。；management_measures: 隔离并观察中毒个体，改善通风与圈舍卫生；记录发病数量与分布，防止继续摄入毒物。；sampling_submission: 采集剩余可疑饲料、饮水样本送实验室检测硝酸盐/亚硝酸盐含量；对病死猪进行剖检并取血液、肝脏等组织送检。；prohibited_boundaries: 严禁在未确诊前继续使用可疑饲料；禁止自行大剂量使用化学解毒剂；发现大规模急性死亡应立即向当地动物防疫部门报告。,因属中毒事件，无特定休药期概念，但须确保后续出栏产品来自未接触可疑饲料的猪群，并经检疫合格方可上市。,"{""disease_name"": ""猪亚硝酸盐中毒"", ""severity"": ""高"", ""scene_tags"": [""饲料更换"", ""急性中毒"", ""育肥猪"", ""繁殖障碍""], ""validation_points"": [""急性缺氧症状与饲料更换时间吻合"", ""存在潜在硝酸盐/亚硝酸盐污染风险"", ""需实验室检测确认病因""], ""risk_flags"": [""可能涉及重大饲料安全问题"", ""需及时采样送检"", ""如扩散可能触发疫情报告""], ""case_type"": ""饲料中毒咨询"", ""target_disease"": ""猪亚硝酸盐中毒"", ""local_flags"": {""species_ok"": true, ""target_disease_in_diagnosis"": false, ""target_disease_mismatch"": true, ""contains_specific_dose"": false, ""contains_specific_withdrawal"": false, ""regulated_bad_treatment"": false}}",True,True,target_disease_in_diagnosis,target_disease_in_diagnosis,False,True,True,D:\XF-ChongQin\ai-\knowledge\llm_wiki_swine_authoritative,1465,887,"猪亚硝酸盐中毒
猪亚硝酸盐中毒、nitrite toxicosis
饲料中毒咨询
更换饲料或玉米批次后出现采食下降、呕吐、繁殖异常或神经症状，用户怀疑饲料问题。","{""HUMAN_REVIEWED"": 2, ""NEEDS_REVIEW"": 2, ""PROCESSED_SOURCE_ANCHORED"": 1}","[""SRC-0001"", ""SRC-0007"", ""SRC-0041"", ""SRC-0086""]",2152,25.76,ERNIE-4.5-Turbo-32K,92,28,19,24,21,False,False,"整体回答质量较高，诊断准确，逻辑清晰，处理方向安全，数据质量良好，无明显致命风险。
问题：diagnosis_accuracy: 诊断中未明确提及结合实验室检测结果确认，仅提到需结合检测，略显不足。；pathology_logic: 病理逻辑部分对急性缺氧症状与饲料更换的关联性解释稍显简略。；data_quality: 数据质量部分，场景标签和验证点较为全面，但风险标志中'如扩散可能触发疫情报告'略显夸大，亚硝酸盐中毒通常不视为重大疫情。",,,,,,,,,,False,,,,,92,28,19,24,21,reject,16.85,,
5ab14a8c-e12d-5ca7-a7e4-22a52fcaee21,292,猪有毒气体与通风失败损伤,swine_hunyuan_turbos,hunyuan-turbos-20250926,成功,,猪,我家有120头育肥猪，平均体重在90公斤左右，最近几天陆续出现咳嗽、流眼泪、呼吸急促的情况，部分猪精神沉郁不吃料。圈舍是半封闭式，前几天刚清理过粪池并搅动过，通风口被堵了一部分。想问这种情况还能继续喂现在的饲料吗？另外要怎么送饲料和病死猪去检测？,根据描述，结合近期粪池搅动、通风不良及群体性呼吸道症状，高度怀疑为粪污分解产生的有毒气体（如氨气、硫化氢）引起的急性中毒反应，属于非感染性环境性疾病。需排除其他呼吸道疾病，但当前更倾向环境因素所致。,treatment_direction: 立即改善圈舍通风，清除堵塞物，增加空气流动；将病猪转移至通风良好区域观察；对重症个体进行支持性护理，保持饮水清洁。；management_measures: 暂停使用现有饲料直至检测结果明确；加强圈舍日常通风检查，避免再次密闭作业；减少应激因素。；sampling_and_testing: 采集新鲜病死猪肺组织、血液样本送至具备资质的兽医实验室做病理学和毒物分析；同时留取当前批次饲料样品送检，排查霉菌毒素或其他化学污染。；prohibited_boundaries: 在未排除重大传染病前，不得将病死猪随意处理或流入市场；禁止自行使用抗生素掩盖症状，以免延误病因判断。,因属环境中毒事件，无特定药物休药期；但在恢复饲喂前应确保饲料安全且环境达标。,"{""disease_name"": ""猪有毒气体与通风失败损伤"", ""severity"": ""中等至严重（视暴露浓度和持续时间而定）"", ""scene_tags"": [""育肥猪"", ""通风不良"", ""粪污搅动"", ""群体暴露""], ""validation_points"": [""症状符合有毒气体刺激呼吸道特征"", ""环境与操作史提示高浓度有害气体暴露可能"", ""群体发病模式与环境事件一致""], ""risk_flags"": [""潜在群体性健康威胁"", ""需排除重大传染病"", ""涉及食品安全与人员防护""], ""case_type"": ""中毒处置边界"", ""target_disease"": ""猪有毒气体与通风失败损伤"", ""local_flags"": {""species_ok"": true, ""target_disease_in_diagnosis"": false, ""target_disease_mismatch"": true, ""contains_specific_dose"": false, ""contains_specific_withdrawal"": false, ""regulated_bad_treatment"": false}}",True,True,target_disease_in_diagnosis,target_disease_in_diagnosis,False,True,True,D:\XF-ChongQin\ai-\knowledge\llm_wiki_swine_authoritative,1465,887,"猪有毒气体与通风失败损伤
猪有毒气体与通风失败损伤、toxic gases ventilation failure
中毒处置边界
用户想知道是否继续饲喂可疑饲料、怎样送检饲料和病料。","{""NEEDS_REVIEW"": 2, ""PROCESSED_SOURCE_ANCHORED"": 3}","[""SRC-0001"", ""SRC-0086""]",2171,24.25,ERNIE-4.5-Turbo-32K,88,28,18,23,20,False,False,"整体回答质量较高，诊断方向明确，处理措施安全合理，数据质量较好，无明显致命风险。
问题：diagnosis_accuracy: 诊断准确性得分稍低，虽然高度怀疑有毒气体中毒，但未完全排除其他呼吸道疾病的可能性，如猪流感或传染性胸膜肺炎等，建议增加鉴别诊断的描述。；pathology_logic: 病理逻辑得分中等，对有毒气体中毒的病理机制解释不够深入，如氨气和硫化氢的具体作用机制和症状差异。；data_quality: 数据质量得分稍低，回答中未明确提及送检机构的具体资质要求或送检流程的详细步骤，可能影响实际操作的可行性。",,,,,,,,,,False,,,,,88,28,18,23,20,reject,16.22,,
9e4476e9-091e-5869-86c9-8b5183b3e234,293,非洲猪瘟,swine_hunyuan_turbos,hunyuan-turbos-20250926,成功,,猪,我家有200多头育肥猪，平均体重在80公斤左右，最近几天有几头突然不吃料、体温升高到41度以上，皮肤发红发紫，有的还拉血便，精神很差。之前用过一些退烧针和抗生素，效果不明显。请问这种情况是不是非洲猪瘟？我该采哪些样送检测？怎么防止误诊耽误处理？,高度怀疑非洲猪瘟病毒感染。该病特征包括高热、食欲废绝、皮肤发绀、出血性腹泻及急性死亡，且抗生素治疗无效。由于非洲猪瘟是人畜共患病以外的重要烈性传染病，一旦怀疑应立即采取防控措施，并采集样本送有资质的实验室确诊。,treatment_direction: 目前无特效药物治疗，应停止一切非必要操作，避免应激和交叉感染。；management_measures: 立即限制场内人员、车辆、物资流动，禁止调运生猪及其产品；对发病猪舍进行封闭管理，减少人员进出；加强生物安全，使用有效消毒剂对环境和器具进行消毒。；sampling_and_testing: 采集病死猪脾脏、淋巴结、血液等组织样本，以及抗凝血，按规范包装冷藏运输至具备非洲猪瘟检测资质的机构进行检测。；prohibited_actions: 严禁私自剖检、掩埋或随意丢弃病死猪；禁止使用未经批准的疫苗或药物试图治疗；在未确诊前不得对外销售或转运任何猪只。,因无特效治疗药物，不涉及常规休药期问题；若后续经检测排除本病，方可根据所用药物制定相应休药期。,"{""disease_name"": ""非洲猪瘟"", ""severity"": ""高致死率烈性传染病"", ""scene_tags"": [""育肥猪"", ""高热"", ""皮肤发绀"", ""出血性腹泻"", ""抗生素治疗无效""], ""validation_points"": [""高热不退超过40℃"", ""皮肤发绀或出血点"", ""急性死亡或严重厌食"", ""抗生素治疗无效""], ""risk_flags"": [""重大动物疫病"", ""需立即限制移动"", ""需专业实验室确诊""], ""case_type"": ""采样送检咨询"", ""target_disease"": ""非洲猪瘟"", ""local_flags"": {""species_ok"": true, ""target_disease_in_diagnosis"": true, ""target_disease_mismatch"": false, ""contains_specific_dose"": false, ""contains_specific_withdrawal"": false, ""regulated_bad_treatment"": false}}",False,False,,,True,False,False,D:\XF-ChongQin\ai-\knowledge\llm_wiki_swine_authoritative,1465,887,"非洲猪瘟
非洲猪瘟、african swine fever virus、ASF、African swine fever
采样送检咨询
用户描述症状后，重点询问采什么样品、如何判断和如何避免误治。","{""HUMAN_REVIEWED"": 2}","[""SRC-0001"", ""SRC-0031""]",2221,27.38,ERNIE-4.5-Turbo-32K,88,28,18,24,18,False,True,"该回答对非洲猪瘟的诊断准确，症状描述与疾病特征高度匹配，诊断逻辑合理。处理方向安全，符合非洲猪瘟防控要求，无与疾病相冲突的处方。数据质量较高，但部分细节可进一步优化。
问题：data_quality方面，场景标签和验证点覆盖较全面，但未明确提及人兽共患风险的具体防控措施，尽管在诊断中提及，但未在管理措施中细化。；pathology_logic方面，诊断逻辑基本合理，但未详细解释为何排除其他类似疾病（如猪瘟、猪丹毒等）。；diagnosis_accuracy方面，诊断准确，但可增加对症状持续时间和病情进展的描述以提高准确性评分。",,,,,,,,,,False,,,,,88,28,18,24,18,pass,17.9,,
de978765-6e14-5599-9920-d393c858cf4e,294,猪流行性腹泻,swine_hunyuan_turbos,hunyuan-turbos-20250926,成功,,猪,我这边是河南一个中型养猪场，存栏大概800头，现在有一批60日龄左右的保育猪出现水样腹泻，已经持续三四天了，刚开始用了恩诺沙星和硫酸新霉素拌料，但效果不明显，部分猪精神沉郁、采食下降，粪便呈黄色稀便带酸臭味，圈舍温度偏低且通风不好。想问下这种情况是不是还要继续用抗生素？还是应该送检看看是什么病？,根据描述的症状（水样腹泻、黄色稀便、精神沉郁、采食下降）、发病日龄及使用抗菌药无效的情况，结合季节和环境因素，高度怀疑为猪流行性腹泻（PEDV）。该病为病毒性腹泻，对抗生素治疗反应差，需要实验室确诊。,treatment_direction: 停止盲目使用广谱抗生素，改为支持性护理，包括保温、补充电解质和能量液，减少应激，防止继发细菌感染。；management_measures: 加强圈舍保温与通风管理，保持干燥清洁，分栏饲养以减少交叉感染，及时清理粪污。；sampling_and_testing: 采集新鲜腹泻粪便样本送有资质的兽医实验室进行PEDV核酸检测（RT-PCR），必要时同时检测其他肠道病毒如轮状病毒、TGEV等以排除混合感染。；prohibited_boundaries: 禁止将病猪随意出售或转运，严禁使用未经批准的抗病毒药物或激素类药物；发现疑似重大疫病应立即向当地动物防疫部门报告。,因无具体药物治疗，不涉及休药期问题；若后续使用合法兽药，应遵守相应说明书规定的休药期。,"{""disease_name"": ""猪流行性腹泻"", ""severity"": ""中等至严重（可导致保育猪高死亡率）"", ""scene_tags"": [""保育猪"", ""水样腹泻"", ""抗菌药无效"", ""低温环境""], ""validation_points"": [""症状符合PEDV特征"", ""抗菌药无效提示非细菌性主因"", ""建议送检以确诊""], ""risk_flags"": [""疑似重大动物疫病"", ""需实验室确诊"", ""需防控扩散""], ""case_type"": ""腹泻用药咨询"", ""target_disease"": ""猪流行性腹泻"", ""local_flags"": {""species_ok"": true, ""target_disease_in_diagnosis"": true, ""target_disease_mismatch"": false, ""contains_specific_dose"": false, ""contains_specific_withdrawal"": false, ""regulated_bad_treatment"": false}}",False,False,,,True,False,False,D:\XF-ChongQin\ai-\knowledge\llm_wiki_swine_authoritative,1465,887,"猪流行性腹泻
猪流行性腹泻、porcine epidemic diarrhea virus、PED、PEDV
腹泻用药咨询
猪群腹泻后已用过常见抗菌药效果一般，用户询问是否继续用药以及是否需要送检。","{""HUMAN_REVIEWED"": 2, ""NEEDS_REVIEW"": 2}","[""A0-MOA-573"", ""A2-EFSA-PED-PDCOV-OPINION"", ""SRC-0001"", ""SRC-0037"", ""SRC-0063""]",2221,29.98,ERNIE-4.5-Turbo-32K,92,28,18,24,22,False,True,"该回答在诊断准确性、病理逻辑、处方安全性和数据质量方面表现良好，符合猪流行性腹泻的诊断和处理原则，无明显错误或风险。
问题：diagnosis_accuracy: 诊断准确性较高，但未完全覆盖所有可能症状（如呕吐）的提及，略显不足。；pathology_logic: 病理逻辑清晰，但可进一步补充PEDV的流行病学特点以增强说服力。；prescription_safety: 处方安全合理，但可增加对支持性护理具体措施的详细说明。；data_quality: 数据质量较高，但场景标签和验证点可更细化以提升完整性。",,,,,,,,,,False,,,,,92,28,18,24,22,pass,20.06,,
48461264-450c-5a66-b985-15e267329087,295,猪传染性胃肠炎,swine_hunyuan_turbos,hunyuan-turbos-20250926,成功,,猪,我家有120头母猪，现在产房里20多头刚出生不到一周的仔猪出现拉稀，粪便是黄色水样，有的带泡沫，吃奶量下降，有几头已经脱水站不起来。昨天开始陆续有死亡，今天早上又死了两头。之前用过恩诺沙星粉拌料喂过两天，没见好转。想问下这是啥病？怎么跟其他腹泻区分开？要不要马上送样检测？,根据日龄（<1周）、急性水样腹泻伴高死亡率及脱水表现，结合曾用抗生素无效，高度怀疑病毒性腹泻，如猪传染性胃肠炎（TGEV）、PEDV、轮状病毒等，需排除大肠杆菌、梭菌、球虫等。建议立即采集新鲜粪便和肠内容物送实验室进行病原PCR检测，同时做细菌培养和镜检排查混合感染。,treatment_direction: 无特效抗病毒药，主要支持治疗：补液防脱水、维持体温、减少应激；对继发细菌感染可在兽医指导下使用敏感抗生素控制；停喂易发酵饲料，改为易消化乳清或代乳粉。；management_measures: 严格隔离病猪，防止交叉污染；加强产房保温与通风；清洁消毒用具、鞋靴、车辆；限制人员流动；病死猪无害化处理。；sampling_submission: 采集发病仔猪的新鲜粪便、肠内容物以及部分健康对照样品，尽快送具备资质的兽医实验室进行TGEV、PEDV、轮状病毒、大肠杆菌、梭菌、球虫等病原检测。；contraindications_boundary: 禁止在确诊前随意使用未经批准的疫苗或药物；发现疑似重大疫病应立即向当地畜牧兽医部门报告，不得擅自出售、运输或屠宰病猪。,因无特效抗病毒药，不涉及特定休药期；若使用抗生素须遵循兽医指导并遵守国家兽药使用规定。,"{""disease_name"": ""猪传染性胃肠炎"", ""severity"": ""高致死率急性传染病"", ""scene_tags"": [""新生仔猪"", ""水样腹泻"", ""高死亡率"", ""脱水"", ""抗生素治疗无效""], ""validation_points"": [""符合TGEV等病毒性腹泻的典型日龄与临床表现"", ""病程急、死亡率高、抗生素无效提示非单纯细菌感染"", ""需通过病原检测明确病因""], ""risk_flags"": [""潜在重大动物疫病风险"", ""存在快速扩散风险"", ""需及时采样送检""], ""case_type"": ""腹泻采样送检"", ""target_disease"": ""猪传染性胃肠炎"", ""local_flags"": {""species_ok"": true, ""target_disease_in_diagnosis"": true, ""target_disease_mismatch"": false, ""contains_specific_dose"": false, ""contains_specific_withdrawal"": false, ""regulated_bad_treatment"": false}}",False,False,,,True,False,False,D:\XF-ChongQin\ai-\knowledge\llm_wiki_swine_authoritative,1465,887,"猪传染性胃肠炎
猪传染性胃肠炎、transmissible gastroenteritis virus、TGE、TGEV
腹泻采样送检
用户描述粪便性状、日龄和病程，重点询问如何鉴别病毒性、细菌性或寄生虫性腹泻。","{""HUMAN_REVIEWED"": 2, ""NEEDS_REVIEW"": 2}","[""RC-DIARRHEA-001"", ""SRC-0001"", ""SRC-0007"", ""SRC-0036"", ""SRC-0052"", ""SRC-0062"", ""SRC-0063"", ""SRC-0064"", ""SRC-0071"", ""SRC-0072"", ""SRC-0073"", ""SRC-0077"", ""SRC-0081""]",2221,30.15,ERNIE-4.5-Turbo-32K,90,28,18,24,20,False,True,"该回答整体表现良好，诊断准确，逻辑清晰，处理方向安全，数据质量较高。诊断部分准确识别了病毒性腹泻的可能性，并建议进行病原检测以明确病因，符合实际场景需求。病理逻辑部分对症状与疾病的匹配度进行了合理分析，但可进一步细化鉴别诊断的依据。处方安全部分提供了支持治疗和管理措施，未发现与疾病相冲突的建议。数据质量方面，信息完整，风险标识明确。
问题：诊断部分虽提及多种病毒性腹泻可能，但未明确突出猪传染性胃肠炎的特征性表现，鉴别诊断依据可更具体。；病理逻辑部分对症状与疾病关系的分析可进一步深入，例如解释为何抗生素治疗无效。；数据质量方面，虽信息完整，但部分表述可更精炼，以提高可读性。",,,,,,,,,,False,,,,,90,28,18,24,20,pass,19.78,,
55aceea6-811d-5900-beff-18f097c453be,296,猪瘟,swine_hunyuan_turbos,hunyuan-turbos-20250926,成功,,猪,我家有120头80公斤左右的育肥猪，最近一周陆续有几头开始发烧41℃左右，精神沉郁，食欲下降，皮肤发红，有的耳朵发紫，粪便稀软带血丝，之前按细菌性腹泻用了恩诺沙星和多西环素拌料喂了三天，体温降下来一点但没完全恢复，现在又新发病几头，这种情况还能继续用这些药吗？会不会是猪瘟？,"根据描述，育肥猪群出现高热、皮肤发红、耳部发绀、血便等症状，且对常规抗生素治疗反应不佳，提示可能为病毒性出血性疾病，高度怀疑为经典猪瘟（Classical Swine Fever, CSF）。该病由黄病毒科瘟病毒属引起，传播快、死亡率高，临床表现多样，易与非洲猪瘟、丹毒等混淆，确诊需实验室检测。",立即暂停使用抗生素，防止掩盖病情延误防控；将疑似病例与健康猪严格隔离，减少人员、车辆、工具交叉接触；采集发热及典型病变猪的血清、组织样本送具备资质的实验室进行病原学检测（如RT-PCR）；全群加强生物安全措施，包括消毒、灭鼠、防鸟；若确诊为经典猪瘟，应依据当地畜牧兽医部门要求进行扑杀和无害化处理，严禁私自销售或转移；在未排除重大疫病前，不得自行投喂任何未经许可的药物。,因涉及重大动物疫病，无休药期概念，应按防疫规定处理病死猪及污染场所，禁止屠宰上市。,"{""disease_name"": ""经典猪瘟"", ""severity"": ""高致死性"", ""scene_tags"": [""育肥猪"", ""群体发病"", ""高热"", ""便血"", ""抗生素治疗无效""], ""validation_points"": [""症状符合经典猪瘟特征：高热、皮肤充血、耳发绀、血便"", ""抗生素治疗无明显改善，提示非单纯细菌感染"", ""群体中出现新发病例，提示存在持续传播""], ""risk_flags"": [""重大动物疫病风险"", ""人畜共患病不适用，但需警惕与其他出血热混淆"", ""禁止私自用药和销售""], ""case_type"": ""育肥猪用药咨询"", ""target_disease"": ""猪瘟"", ""local_flags"": {""species_ok"": true, ""target_disease_in_diagnosis"": true, ""target_disease_mismatch"": false, ""contains_specific_dose"": false, ""contains_specific_withdrawal"": false, ""regulated_bad_treatment"": false}}",False,False,,,True,False,False,D:\XF-ChongQin\ai-\knowledge\llm_wiki_swine_authoritative,1465,887,"猪瘟
猪瘟、classical swine fever pestiviruses、经典猪瘟、CSF
育肥猪用药咨询
育肥猪出现典型症状，用户已经用过常见药物但效果一般，询问是否继续用药。","{""HUMAN_REVIEWED"": 3}","[""A1-WOAH-CSF"", ""A1-WOAH-CSF-DISEASE"", ""A1-WOAH-CSF-MANUAL"", ""SRC-0015"", ""SRC-0031"", ""SRC-0046""]",2221,22.29,ERNIE-4.5-Turbo-32K,92,28,18,25,21,False,True,"该回答对猪瘟的诊断准确，症状描述与疾病特征高度匹配，诊断逻辑合理，处方安全且符合重大疫病防控要求，数据质量较高，无明显错误。
问题：诊断准确性方面，虽然整体准确，但未完全利用所有症状信息（如精神沉郁、食欲下降）进行更细致的分析；病理逻辑上，对猪瘟与其他类似疾病（如非洲猪瘟、丹毒）的鉴别诊断描述可更详细；数据质量上，场景标签和验证点覆盖较全，但可增加更多细节支持诊断。",,,,,,,,,,False,,,,,92,28,18,25,21,pass,14.23,,
8bab6585-b46d-5901-a9bf-33633a7d101b,297,猪口蹄疫,swine_hunyuan_turbos,hunyuan-turbos-20250926,成功,,猪,我这边是200头基础母猪的自繁自养场，最近有3头怀孕后期母猪在产前10天左右突然流产，还有一头公猪性欲明显下降、精液稀薄，部分母猪发情周期紊乱。场内温度湿度正常，之前没用过疫苗，也没做过口蹄疫免疫。请问这是怎么回事？还能继续配种吗？,根据描述，结合流产、死胎、返情及公猪精液质量下降等症状，高度怀疑为猪口蹄疫病毒感染所致。该病为一类动物疫病，可通过直接接触或污染物传播，对繁殖性能有明显影响。,立即停止场内所有配种活动，防止疫情扩散；将疑似病例与健康猪严格隔离，并采集口腔液、血液等样本送有资质实验室进行病原学检测；对全场实施封锁管理，禁止人员、车辆随意进出；加强消毒措施，重点对产房、配种舍及运输工具进行消毒；等待检测结果后，由当地动物疫病防控部门决定后续处置方案。严禁私自使用抗生素或其他药物替代检测与隔离措施。,因属重大动物疫病，需依据检测结果及主管部门意见执行相应处置，无自行设定休药期。,"{""disease_name"": ""猪口蹄疫"", ""severity"": ""高"", ""scene_tags"": [""种猪场"", ""繁殖障碍"", ""流产"", ""公猪精液异常""], ""validation_points"": [""符合口蹄疫引起繁殖障碍的临床特征"", ""存在群体性流产与公猪繁殖性能下降"", ""未免疫史增加感染风险""], ""risk_flags"": [""重大动物疫病"", ""需立即上报与隔离""], ""case_type"": ""种猪繁殖障碍"", ""target_disease"": ""猪口蹄疫"", ""local_flags"": {""species_ok"": true, ""target_disease_in_diagnosis"": true, ""target_disease_mismatch"": false, ""contains_specific_dose"": false, ""contains_specific_withdrawal"": false, ""regulated_bad_treatment"": false}}",False,False,,,True,False,False,D:\XF-ChongQin\ai-\knowledge\llm_wiki_swine_authoritative,1465,887,"猪口蹄疫
猪口蹄疫、foot and mouth disease picornaviruses
种猪繁殖障碍
种猪场出现流产、死胎、返情或公猪异常，用户担心传染病和是否继续配种。","{""HUMAN_REVIEWED"": 3, ""NEEDS_REVIEW"": 2}","[""A0-MOA-573"", ""A1-WOAH-FMD"", ""A1-WOAH-FMD-DISEASE"", ""SRC-0001"", ""SRC-0025"", ""SRC-0047""]",2186,29.91,ERNIE-4.5-Turbo-32K,88,28,18,24,18,False,True,"该回答整体上对猪口蹄疫的诊断、处理方向和安全措施有较好的把握，诊断准确性较高，处理逻辑合理，处方安全，但数据质量方面存在一定不足，如未充分引用具体症状与疾病关联的权威依据。
问题：诊断准确性方面，虽然高度怀疑猪口蹄疫，但未详细说明其他可能的鉴别诊断，也未提供具体症状与猪口蹄疫的直接关联依据。；病理逻辑方面，对猪口蹄疫导致繁殖障碍的具体病理机制解释不够深入。；处方安全方面整体合理，但未提及对已感染猪的具体治疗措施（尽管口蹄疫主要靠防控而非治疗）。；数据质量方面，缺乏具体的症状描述与疾病关联的权威引用，且未提及猪口蹄疫的典型症状（如口腔、蹄部水泡等）以支持诊断。",,,,,,,,,,False,,,,,88,28,18,24,18,pass,21.82,,
2aff2842-ae14-5016-8c8e-0d224c8f4c1c,298,猪繁殖与呼吸综合征,swine_hunyuan_turbos,hunyuan-turbos-20250926,成功,,猪,我家有200头70日龄左右的保育猪，最近一周陆续出现咳嗽、喘气、体温升高到40℃左右，采食量明显下降，部分猪精神沉郁。舍内通风一般，湿度偏高，之前用过替米考星拌料3天效果不明显。请问这是啥病？要不要整批用药？,根据描述的症状（高热、咳嗽、喘气、采食下降）、年龄阶段及群体发病特点，结合近期用药史和环境因素，高度怀疑为猪繁殖与呼吸综合征（PRRS）。该病在保育至育肥阶段易发，常与继发细菌感染共同存在，形成呼吸道综合征。,立即隔离病猪并加强圈舍通风降湿，减少应激；对全群进行支持性管理（改善营养、饮水清洁），防止继发细菌感染；采集病猪血样送实验室检测PRRSV抗体/抗原确诊；在未排除重大疫病前，不建议随意使用抗病毒药物或广谱抗生素替代防控；若确诊为PRRS且属高致病型，应按规定向当地畜牧兽医部门报告并按其指导处置。,未确诊前不得出栏销售；如经检测确认为PRRS，需按地方防疫规定执行隔离、消毒及可能的扑杀等措施，无统一休药期标准。,"{""disease_name"": ""猪繁殖与呼吸综合征"", ""severity"": ""中等至高"", ""scene_tags"": [""保育猪"", ""群体发病"", ""呼吸道症状"", ""高热"", ""采食下降""], ""validation_points"": [""症状符合PRRS典型表现"", ""多发于保育至育肥阶段"", ""环境因素可能加重病情""], ""risk_flags"": [""疑似二类动物疫病"", ""需实验室确诊"", ""禁止擅自用药替代防控""], ""case_type"": ""呼吸道群体发病"", ""target_disease"": ""猪繁殖与呼吸综合征"", ""local_flags"": {""species_ok"": true, ""target_disease_in_diagnosis"": true, ""target_disease_mismatch"": false, ""contains_specific_dose"": false, ""contains_specific_withdrawal"": false, ""regulated_bad_treatment"": false}}",False,False,,,True,False,False,D:\XF-ChongQin\ai-\knowledge\llm_wiki_swine_authoritative,1465,887,"猪繁殖与呼吸综合征
猪繁殖与呼吸综合征、porcine reproductive and respiratory syndrome viruses、PRRS、蓝耳病
呼吸道群体发病
同栏出现咳嗽、喘气、发热、采食下降，用户想判断病因和是否需要全群用药。","{""HUMAN_REVIEWED"": 2, ""NEEDS_REVIEW"": 2}","[""A0-MOA-573"", ""A1-WOAH-PRRS-DISEASE"", ""SRC-0001"", ""SRC-0026""]",2221,23.18,ERNIE-4.5-Turbo-32K,88,28,18,23,20,False,True,"整体回答较为准确，诊断依据充分，症状与疾病匹配度高，诊断逻辑合理，处理方向安全，符合疾病特征。数据质量良好，无明显错误。
问题：诊断准确性方面，虽然整体判断正确，但未明确提及继发细菌感染的可能性评估，略显不足。；病理逻辑方面，对环境因素（通风、湿度）与疾病关系的阐述可更深入。；处方安全性方面，未明确提及具体预防继发感染的措施（如消毒等）。；数据质量方面，场景标签和验证点覆盖较全面，但风险标志中可增加对群体发病风险的强调。",,,,,,,,,,False,,,,,88,28,18,23,20,pass,15.11,,
42b04075-aeb0-52de-9272-a08f89f7fe90,299,猪胸膜肺炎,swine_hunyuan_turbos,hunyuan-turbos-20250926,成功,,猪,我家是育肥猪场，存栏大概800头，现在这批猪在90日龄左右，最近一周陆续有猪出现咳嗽、呼吸急促，有的还张口喘气，个别体温升高到40℃以上，采食量明显下降。之前用过替米考星拌料三天，症状缓解不明显，反而又有新发病例。圈舍通风一般，晚上温度低时窗户关得紧，粪沟清理不及时有点臭。我想知道这种情况该采哪些样品送检？会不会是多种病原混合感染？,根据描述，育肥猪出现急性呼吸道症状，伴高热、食欲下降及张口喘气，结合用药反应不佳，提示可能为猪胸膜肺炎放线杆菌（Actinobacillus pleuropneumoniae）引起的胸膜肺炎，同时存在与其他呼吸道病原（如猪流感病毒、蓝耳病毒、支原体等）混合感染的可能。此外，环境因素（通风不良、氨气浓度高）可加重病情并诱发继发感染。,treatment_direction: 立即改善圈舍通风，降低氨气浓度，减少应激；对表现严重症状的个体进行隔离观察，防止交叉感染；尽快采集鼻拭子、肺组织及血液样品送实验室检测，明确病原种类及是否混合感染。；management_measures: 加强日常消毒，保持圈舍干燥清洁；调整饲养密度，避免过度拥挤；合理分群，减少混群带来的应激；保证饮水充足和营养供给。；sampling_and_testing: 建议采集发病猪的鼻腔拭子、肺脏病变部位组织以及全血，送至具备资质的兽医实验室进行细菌分离培养、PCR检测及血清学检测，以区分单一病原感染与混合感染。；prohibited_boundaries: 在未确诊前禁止随意使用广谱抗生素替代治疗；发现可疑重大动物疫病（如非洲猪瘟）应立即向当地畜牧兽医部门报告，不得擅自处理。,因未确定最终治疗方案及药物种类，暂无法给出具体休药期，须依据检测结果和兽医处方执行相应规定。,"{""disease_name"": ""猪胸膜肺炎"", ""severity"": ""中等至重度"", ""scene_tags"": [""育肥猪"", ""呼吸道疾病"", ""混合感染风险"", ""环境应激""], ""validation_points"": [""症状符合胸膜肺炎特征（咳嗽、喘气、高热、食欲下降）"", ""用药效果不佳提示可能存在耐药或混合感染"", ""环境通风不良可加重病情""], ""risk_flags"": [""潜在混合感染"", ""环境管理不足"", ""需及时采样送检""], ""case_type"": ""呼吸道采样送检"", ""target_disease"": ""猪胸膜肺炎"", ""local_flags"": {""species_ok"": true, ""target_disease_in_diagnosis"": true, ""target_disease_mismatch"": false, ""contains_specific_dose"": false, ""contains_specific_withdrawal"": false, ""regulated_bad_treatment"": false}}",False,False,,,True,False,False,D:\XF-ChongQin\ai-\knowledge\llm_wiki_swine_authoritative,1465,887,"猪胸膜肺炎
猪胸膜肺炎、actinobacillus pleuropneumoniae pleuropneumonia
呼吸道采样送检
呼吸道症状持续，用药效果不稳定，用户询问采什么样品和如何鉴别混合感染。","{""HUMAN_REVIEWED"": 3, ""NEEDS_REVIEW"": 2}","[""A0-MOA-573"", ""RC-RESP-001"", ""SRC-0001"", ""SRC-0007"", ""SRC-0042"", ""SRC-0043"", ""SRC-0049"", ""SRC-0050"", ""SRC-0058"", ""SRC-0059"", ""SRC-0066"", ""SRC-0069"", ""SRC-0070"", ""SRC-0076"", ""SRC-0086""]",2092,37.9,ERNIE-4.5-Turbo-32K,88,28,18,23,20,False,True,"整体回答质量较高，诊断准确性、病理逻辑、处方安全性和数据质量均表现良好，无明显致命风险。诊断准确识别了猪胸膜肺炎的主要症状及可能的混合感染，病理逻辑合理，处方安全且考虑了环境因素，数据质量较高，提供了详细的场景标签和验证点。
问题：diagnosis_accuracy: 诊断中虽提及混合感染可能性，但未明确列出常见混合感染病原的具体特征或优先级，略显笼统。；pathology_logic: 病理逻辑部分对环境因素（如通风不良、氨气浓度高）的加重作用描述较浅，未深入分析其与胸膜肺炎放线杆菌感染的协同机制。；prescription_safety: 处方中禁止随意使用广谱抗生素的提醒虽重要，但未提供替代的初步应急处理建议（如针对性使用对胸膜肺炎敏感的抗生素观察效果）。；data_quality: 数据质量中场景标签和验证点较全面，但风险标志中‘需及时采样送检’属于常规操作，未突出本案例的特殊风险（如混合感染鉴别难度）。",,,,,,,,,,False,,,,,88,28,18,23,20,pass,27.88,,
913c8c75-6bb5-58a8-a2bc-ec4cdf02e04c,300,猪大肠杆菌病,swine_hunyuan_turbos,hunyuan-turbos-20250926,成功,,猪,我家有200头80公斤左右的育肥猪，还有不到一个月就准备出栏了，这几天陆续有几头开始拉稀，粪便偏黄绿色带点黏液，精神食欲还行，体温正常，圈舍通风一般，前几天刚喂过一次含抗生素的保健料。我想知道这种情况是不是大肠杆菌引起的？还能不能继续养到出栏卖？要不要隔离？用什么药合适？会不会影响食品安全？,根据描述，该批育肥猪在接近出栏时出现黄色至黄绿色带黏液的腹泻，结合近期使用过含抗生素的饲料，考虑为猪大肠杆菌病（Colibacillosis），可能为ETEC型感染。该病在育肥后期偶发，与环境应激、营养管理、菌群失调有关。目前未见明显全身症状，提示病变尚局限在肠道，但需警惕继发细菌感染或混合感染。,treatment_direction: 改善饲养管理，减少应激因素，如加强通风、降低密度、保持饮水清洁；调整饲料配方，避免突然更换；暂停使用含抗生素的保健料，防止耐药菌筛选。；management_measures: 对腹泻严重的个体进行分栏隔离，防止粪口传播；及时清理圈舍粪便并消毒；观察其他猪只是否出现类似症状。；sampling_submission: 采集新鲜腹泻粪便送实验室做细菌分离培养和药敏试验，必要时取病死猪肠内容物及血液进行血培养（若怀疑菌血症）。；prohibited_boundaries: 严禁在未明确病原前随意使用广谱抗生素替代治疗；禁止将疑似传染病猪与健康猪混群；不得隐瞒疫情，发现疑似重大疫病应立即向当地畜牧兽医部门报告。,因未确定具体用药方案，无法给出确切休药期。任何药物治疗均须遵守国家兽药使用规范，并在出栏前满足相应休药期要求。,"{""disease_name"": ""猪大肠杆菌病"", ""severity"": ""中等（局部暴发，无全身严重症状）"", ""scene_tags"": [""育肥猪"", ""临近出栏"", ""腹泻"", ""抗生素治疗史"", ""环境应激""], ""validation_points"": [""症状符合ETEC型大肠杆菌腹泻特征"", ""发病阶段与生产管理应激吻合"", ""建议通过实验室确诊指导用药""], ""risk_flags"": [""存在耐药菌筛选风险"", ""可能影响食品安全合规性"", ""需防范疫情扩散""], ""case_type"": ""腹泻出栏边界"", ""target_disease"": ""猪大肠杆菌病"", ""local_flags"": {""species_ok"": true, ""target_disease_in_diagnosis"": true, ""target_disease_mismatch"": false, ""contains_specific_dose"": false, ""contains_specific_withdrawal"": false, ""regulated_bad_treatment"": false}}",False,False,,,True,False,False,D:\XF-ChongQin\ai-\knowledge\llm_wiki_swine_authoritative,1465,887,"猪大肠杆菌病
猪大肠杆菌病、colibacillosis、大肠杆菌、大肠杆菌性腹泻、E. coli
腹泻出栏边界
临近出栏猪群出现腹泻，用户关心处理方向、隔离和用药后能否销售。","{""HUMAN_REV"": 1, ""HUMAN_REVIEWED"": 2, ""NEEDS_REVIEW"": 2}","[""SRC-0001"", ""SRC-0063"", ""SRC-0064""]",2221,28.32,ERNIE-4.5-Turbo-32K,78,25,18,20,15,False,False,"该回答在诊断准确性、病理逻辑、处方安全性和数据质量方面表现较好，但存在部分不足。诊断基本符合症状描述，但未完全排除其他可能性；病理逻辑合理但缺乏深度分析；处方安全且符合规范，但未提供具体用药方案；数据质量基本完整但缺乏实验室确诊依据。
问题：诊断部分未完全排除其他可能引起腹泻的疾病，如猪传染性胃肠炎或猪流行性腹泻。；病理逻辑部分对继发感染或混合感染的风险分析不够深入。；处方部分未提供具体用药方案，仅给出管理措施和采样建议。；数据质量部分缺乏实验室确诊依据，仅依赖症状描述和病史。；未明确休药期，仅提醒遵守国家规范。",,,,,,,,,,False,,,,,78,25,18,20,15,review,18.7,,
