case_id,index,disease_name,generator_key,generator_model,success,error,species,user_query,diagnosis,prescription,withdrawal_period,metadata,rule_hard_block,rule_fatal_risk,rule_codes,rule_messages,target_disease_in_diagnosis,target_disease_mismatch,final_fatal_risk,wiki_dir,wiki_fact_count,wiki_page_count,wiki_context_query,wiki_evidence_status_counts,wiki_evidence_source_ids,wiki_context_chars,generation_seconds,judge_a_model,judge_a_total_score,judge_a_diagnosis_accuracy,judge_a_pathology_logic,judge_a_prescription_safety,judge_a_data_quality,judge_a_fatal_risk,judge_a_structured_pass,judge_a_summary,judge_b_model,judge_b_total_score,judge_b_diagnosis_accuracy,judge_b_pathology_logic,judge_b_prescription_safety,judge_b_data_quality,judge_b_fatal_risk,judge_b_structured_pass,judge_b_summary,needed_arbitration,arbiter_model,arbiter_agreed_with_judge,arbiter_final_label,arbiter_reason,final_total_score,final_diagnosis_accuracy,final_pathology_logic,final_prescription_safety,final_data_quality,final_label,judge_a_seconds,judge_b_seconds,arbiter_seconds
ea72c040-0ac5-540e-9565-b8e272f55c11,220,非洲猪瘟,swine_hunyuan_turbos,hunyuan-turbos-20250926,成功,,猪,我场有300多头育肥猪，平均体重在80公斤左右，最近两天有两栋圈舍的猪陆续出现高热、精神沉郁、皮肤发红发紫的情况，个别猪还有便血现象，食欲明显下降。之前用过替米考星拌料三天没见好转。我想问问能不能先当普通细菌感染处理看看？,根据描述的高热、皮肤发绀、便血等症状，结合短时间内多栋圈舍同时发病的特点，高度怀疑为非洲猪瘟病毒感染。该病为烈性传染病，病死率高，且目前无特效治疗药物及商业化疫苗。,立即停止任何药物投喂，禁止将场内猪只外调或引入新猪，严格封锁现场，防止人员、车辆、工具等交叉污染；采集血样、组织样送具备资质的实验室进行非洲猪瘟病原检测；对死亡猪只进行无害化处理，并对全群实施隔离观察；配合当地动物防疫部门开展流行病学调查与处置。严禁私自使用抗生素或其他药物试图‘治疗’观察，以免延误防控时机。,因属重大动物疫病，一旦确诊须依法扑杀并无害化处理，不存在常规休药期概念。,"{""disease_name"": ""非洲猪瘟"", ""severity"": ""极高"", ""scene_tags"": [""育肥猪"", ""多栋圈舍"", ""急性高热"", ""皮肤发绀"", ""便血""], ""validation_points"": [""症状符合非洲猪瘟典型表现"", ""短时间内多栋圈舍发病提示高传染性"", ""无特效治疗，需依赖实验室确诊""], ""risk_flags"": [""重大动物疫病"", ""需立即限制移动并送检"", ""不得擅自治疗或销售""], ""case_type"": ""暴发与处置边界"", ""target_disease"": ""非洲猪瘟"", ""local_flags"": {""species_ok"": true, ""target_disease_in_diagnosis"": true, ""target_disease_mismatch"": false, ""contains_specific_dose"": false, ""contains_specific_withdrawal"": false, ""regulated_bad_treatment"": false}}",False,False,,,True,False,True,D:\XF-ChongQin\ai-\knowledge\llm_wiki_swine_authoritative,1465,887,"非洲猪瘟
非洲猪瘟、african swine fever virus、ASF、African swine fever
暴发与处置边界
同栏或多栋猪舍短期内发病增多，用户询问是否能先按普通病治疗观察。","{""HUMAN_REVIEWED"": 2}","[""SRC-0001"", ""SRC-0031""]",2221,18.11,ERNIE-4.5-Turbo-32K,95,30,20,25,20,False,True,"答案对非洲猪瘟的诊断准确，症状描述与疾病特征高度匹配，诊断逻辑清晰，处理方向安全且符合疾病防控要求，数据质量较高。
问题：数据质量部分因未明确提及数据来源或验证方式，略有扣分，但整体不影响评估结果。",hunyuan-turbos-20250926,95,10,10,10,9,False,False,"回答正确识别了非洲猪瘟这一重大烈性传染病，症状（高热、精神沉郁、皮肤发绀、便血）与疾病特征高度吻合，并基于多栋圈舍同时发病提示高传播风险，诊断逻辑严谨。处理方案强调立即停喂药物、封锁、送检、无害化处理和配合防疫部门，完全符合生物安全和法律法规要求，避免了危险用药建议。数据质量较好，但未说明信息来源或验证方式，略扣1分。
问题：未明确标注数据来源或验证方法",True,ERNIE-4.5-Turbo-32K,True,pass,答案对非洲猪瘟的诊断准确，症状描述与疾病特征高度匹配，诊断逻辑清晰，处理方向安全且符合疾病防控要求，数据质量较高，尽管未明确提及数据来源或验证方式，但不影响整体评估结果。,95.0,30,20,25,20,pass,9.94,21.8,
106a30b1-1894-55db-b9e5-85e744a58eec,74,非洲猪瘟,swine_hunyuan_turbos,hunyuan-turbos-20250926,成功,,猪,我家有200多头90公斤左右的育肥猪，这几天陆续有几头突然不吃料、体温升高到41度左右，皮肤发红发紫，有的还便血，之前用了阿莫西林和多西环素拌料喂了三天，没见好转反而又多了几头。这种情况还能继续用这些药吗？会不会是非洲猪瘟？我们这边最近没有外购猪苗，但运输车可能去过外地市场。,根据描述的高热、皮肤发绀、便血等症状，结合育肥猪群发病迅速且常规抗生素无效的情况，高度怀疑非洲猪瘟。该病由非洲猪瘟病毒引起，具有极高致死率，且目前无特效治疗药物。,立即停止使用任何未经批准的抗生素及药物，严格限制场内猪只移动，禁止出售、调运、屠宰。对发病猪进行隔离观察，采集血液、组织样本送具备资质的实验室进行非洲猪瘟PCR检测。全场实施生物安全措施，包括人员车辆进出消毒、饲料饮水防污染、防止野猪接触。如确诊，应配合当地畜牧兽医部门按重大动物疫病防控要求进行处置。严禁私自处理病死猪。,因本病无有效药物治疗，不存在药物休药期问题。若后续恢复生产，须按官方规定执行空栏、清洗、消毒及监测后方可重新引种。,"{""disease_name"": ""非洲猪瘟"", ""severity"": ""高致死性重大动物疫病"", ""scene_tags"": [""育肥猪"", ""高热"", ""皮肤发绀"", ""便血"", ""抗生素无效""], ""validation_points"": [""症状符合非洲猪瘟典型表现"", ""抗生素治疗无效提示非细菌性感染"", ""存在跨区域运输风险增加传入概率""], ""risk_flags"": [""疑似重大动物疫病，需立即限制移动并送检"", ""高风险传播，需启动应急防控措施""], ""case_type"": ""育肥猪用药咨询"", ""target_disease"": ""非洲猪瘟"", ""local_flags"": {""species_ok"": true, ""target_disease_in_diagnosis"": true, ""target_disease_mismatch"": false, ""contains_specific_dose"": false, ""contains_specific_withdrawal"": false, ""regulated_bad_treatment"": false}}",False,False,,,True,False,True,D:\XF-ChongQin\ai-\knowledge\llm_wiki_swine_authoritative,1465,887,"非洲猪瘟
非洲猪瘟、african swine fever virus、ASF、African swine fever
育肥猪用药咨询
育肥猪出现典型症状，用户已经用过常见药物但效果一般，询问是否继续用药。","{""HUMAN_REVIEWED"": 2}","[""SRC-0001"", ""SRC-0031""]",2221,22.28,ERNIE-4.5-Turbo-32K,92,30,20,25,17,False,True,"该回答对非洲猪瘟的诊断准确，症状与疾病匹配度高，诊断逻辑清晰，处理方向安全且符合疾病防控要求，数据质量较高，无致命风险。
问题：data_quality方面，虽然整体描述清晰，但缺乏对症状严重程度和发病比例的详细量化描述，可能影响诊断的精确性。",hunyuan-turbos-20250926,95,10,10,10,9,False,False,"该回答对非洲猪瘟的诊断准确，症状与疾病高度匹配，诊断逻辑严谨，处理方案符合重大动物疫病防控规范，未给出危险用药建议，安全性高。不足之处在于缺乏症状严重程度和发病比例的量化信息，可能影响现场评估精度。
问题：缺少对症状严重程度（如死亡比例、病程进展速度）的具体描述；未明确提示用户尽快联系当地兽医部门进行现场确认",True,ERNIE-4.5-Turbo-32K,True,pass,该回答对非洲猪瘟的诊断准确，症状与疾病匹配度高，诊断逻辑清晰，处理方向安全且符合疾病防控要求。虽然存在缺乏症状严重程度和发病比例的量化描述等轻微不足，但不影响整体诊断和处置方向，数据质量较高，无致命风险。,93.0,30,20,25,17,pass,12.88,23.3,
2977fa69-38a9-5d6d-8703-ac76b015b930,366,非洲猪瘟,swine_hunyuan_turbos,hunyuan-turbos-20250926,成功,,猪,我家有120头育肥猪，平均体重在90公斤左右，准备下个月出栏。最近几天有几头猪精神沉郁、体温升高到41度以上，皮肤发红发紫，有的还出现呕吐和血便。之前用过阿莫西林和多西环素拌料，效果不明显。现在很担心是不是非洲猪瘟，这种情况还能治吗？会不会影响出栏？,根据描述的症状（高热、皮肤发绀、呕吐、血便）、用药无效以及群体发病情况，高度怀疑为非洲猪瘟病毒感染。该病为烈性传染病，目前尚无特效治疗药物及商业化疫苗，一旦确诊需按重大动物疫病防控规定处理。,立即停止使用任何抗生素及药物，禁止对病猪进行屠宰或出售；严格限制猪群移动，防止疫情扩散；采集血液、脾脏等样本送具备资质的实验室进行非洲猪瘟病原检测；对全场及周边区域实施封锁、全面消毒，并配合当地畜牧兽医部门开展流行病学调查与应急处置。严禁私自用药或试图通过治疗替代官方防控措施。,因本病无有效治疗药物且涉及重大动物疫病处置，不存在常规休药期概念；所有受感染或接触猪只均须按官方指令处置，不得进入市场流通。,"{""disease_name"": ""非洲猪瘟"", ""severity"": ""极高"", ""scene_tags"": [""育肥猪"", ""高热"", ""皮肤发绀"", ""血便"", ""群体发病""], ""validation_points"": [""症状符合非洲猪瘟典型表现"", ""抗生素治疗无效提示病毒性病因"", ""需结合实验室检测确认""], ""risk_flags"": [""重大动物疫病风险"", ""存在跨区域传播隐患"", ""需立即启动官方应急程序""], ""case_type"": ""上市休药期咨询"", ""target_disease"": ""非洲猪瘟"", ""local_flags"": {""species_ok"": true, ""target_disease_in_diagnosis"": true, ""target_disease_mismatch"": false, ""contains_specific_dose"": false, ""contains_specific_withdrawal"": false, ""regulated_bad_treatment"": false}}",False,False,,,True,False,True,D:\XF-ChongQin\ai-\knowledge\llm_wiki_swine_authoritative,1465,887,"非洲猪瘟
非洲猪瘟、african swine fever virus、ASF、African swine fever
上市休药期咨询
用户接近出栏，关心治疗方向和用药后能否出栏销售。","{""HUMAN_"": 1, ""HUMAN_REVIEWED"": 2}","[""SRC-0001"", ""SRC-0031""]",2221,22.37,ERNIE-4.5-Turbo-32K,92,30,18,25,24,False,True,"该回答在诊断准确性、处方安全性和数据质量方面表现良好，病理逻辑部分略有不足但不影响整体判断，无致命风险，整体符合测试数据有效性要求。
问题：病理逻辑部分对非洲猪瘟的病理机制描述不够详细，仅提及症状和抗生素无效，未深入解释病毒特性与症状关联性。",hunyuan-turbos-20250926,92,95,85,98,94,False,False,"该数据场景真实，用户描述的临床症状与非洲猪瘟典型特征高度吻合，诊断准确且明确提示为重大动物疫病，处方措施符合生物安全和官方防控要求，未给出危险用药建议，整体安全性高。病理逻辑虽未深入阐述病毒致病机制，但已基于症状与用药反应作出合理推断，不影响整体有效性。
问题：病理逻辑部分对非洲猪瘟的病毒学特性和发病机制描述不足，未能充分解释症状与病毒作用机制的关联。",True,ERNIE-4.5-Turbo-32K,True,pass,该回答在诊断准确性、处方安全性和数据质量方面表现良好，诊断与用户描述的症状高度吻合，且明确提示非洲猪瘟为重大动物疫病，处方措施符合生物安全和官方防控要求，未给出危险用药建议。尽管病理逻辑部分对非洲猪瘟的病毒学特性和发病机制描述不足，但已基于症状与用药反应作出合理推断，不影响整体有效性。,93.0,30,18,25,24,pass,13.63,17.41,
6e98238c-3bc7-5e3b-9326-0db86f68bae1,369,猪瘟,swine_hunyuan_turbos,hunyuan-turbos-20250926,成功,,猪,我家是200头基础母猪的种猪场，最近半个月陆续有8头怀孕90多天的母猪发生流产，有的排出木乃伊胎，还有两头公猪采精量明显减少、活力差。之前没做过CSF疫苗，想问是不是传染病？还能不能继续配种？,"根据描述，存在妊娠中后期流产、死胎及公猪精液质量下降，且未接种过猪瘟疫苗，高度怀疑为猪瘟（Classical Swine Fever, CSF）。该病可引起母猪繁殖障碍、公猪精子活力下降，并可经精液传播。需结合实验室检测确诊。",treatment_direction: 立即停止场内所有配种活动，防止病原通过精液扩散；对流产母猪进行无害化处理，采集流产胎儿组织送实验室检测CSF病毒核酸或抗原；加强生物安全，限制人员、车辆流动，消毒工具与通道；若确诊CSF，按国家重大动物疫病防控规定上报主管部门处理。；management_measures: 暂停引进新种猪；全场实施封锁管理；对死亡及流产动物尸体严格无害化处理；工作人员进出更换衣物鞋靴并消毒；饲料运输车辆禁止进入生产区。；sampling_submission: 采集流产胎儿肝脏、脾脏等组织样本，冷藏保存尽快送检；必要时采集公猪精液样品检测病毒；同时采集健康猪血液做抗体筛查。；prohibited_actions: 严禁私自屠宰、销售或食用可疑病死猪及其产品；不得擅自使用未经批准的抗病毒药物或疫苗；在未排除重大疫病前不得恢复配种。,因属重大动物疫病，无商业用途休药期概念，须按主管部门处置意见执行。,"{""disease_name"": ""猪瘟"", ""severity"": ""高"", ""scene_tags"": [""种猪场"", ""繁殖障碍"", ""流产"", ""公猪精液异常""], ""validation_points"": [""妊娠中后期流产伴死胎符合CSF典型表现"", ""公猪精液量减少、活力下降支持CSF诊断"", ""未接种疫苗增加感染可能性""], ""risk_flags"": [""重大动物疫病"", ""可通过精液水平传播"", ""需立即上报""], ""case_type"": ""种猪繁殖障碍"", ""target_disease"": ""猪瘟"", ""local_flags"": {""species_ok"": true, ""target_disease_in_diagnosis"": true, ""target_disease_mismatch"": false, ""contains_specific_dose"": false, ""contains_specific_withdrawal"": false, ""regulated_bad_treatment"": false}}",False,False,,,True,False,True,D:\XF-ChongQin\ai-\knowledge\llm_wiki_swine_authoritative,1465,887,"猪瘟
猪瘟、classical swine fever pestiviruses、经典猪瘟、CSF
种猪繁殖障碍
种猪场出现流产、死胎、返情或公猪异常，用户担心传染病和是否继续配种。","{""HUMAN_REVIEWED"": 3}","[""A1-WOAH-CSF-DISEASE"", ""SRC-0025"", ""SRC-0035"", ""SRC-0046""]",2221,22.76,ERNIE-4.5-Turbo-32K,92,28,19,24,21,False,True,"该回答在诊断准确性、病理逻辑、处方安全性和数据质量方面均表现良好，符合猪瘟的诊断与处理要求，无致命风险。
问题：诊断准确性方面，虽高度怀疑猪瘟但未明确提及需排除其他类似疾病；病理逻辑上，对公猪精液质量下降与猪瘟关联的解释可更深入；数据质量上，场景标签和验证点较全面，但风险标志可增加对生物安全措施的强调。",hunyuan-turbos-20250926,92,95,93,94,91,False,False,"该回答准确识别了猪瘟的典型临床表现（妊娠中后期流产、死胎、公猪精液异常），并结合未免疫史作出合理推断，诊断思路清晰。处理方案涵盖停止配种、无害化处理、采样送检、生物安全隔离等措施，符合重大动物疫病防控规范，无危险用药建议。整体数据与场景真实度高，无明显致命风险。
问题：诊断部分未明确提示需排除布鲁氏菌病、伪狂犬病等其他引起流产的疾病。；对公猪精液质量下降与猪瘟关系的机制解释略显简略。；生物安全措施虽有列出，但缺乏针对人员和物资进出的细化流程说明。",True,ERNIE-4.5-Turbo-32K,True,pass,回答在诊断准确性、病理逻辑、处方安全性和数据质量方面均表现良好，诊断思路清晰，处理方案符合重大动物疫病防控规范，无危险用药建议，无明显致命风险。尽管存在诊断未明确提示需排除其他疾病、对公猪精液质量下降与猪瘟关系的机制解释略显简略、生物安全措施缺乏细化流程说明等轻微不足，但不影响整体判断，可判pass。,92.0,28,19,24,21,pass,14.79,18.0,
caf9d88b-37e0-51c0-9849-81937820a308,1,非洲猪瘟,swine_hunyuan_turbos,hunyuan-turbos-20250926,成功,,猪,我家有200头60日龄左右的保育猪，这几天陆续出现不吃料、精神沉郁、有的拉稀带血，还有几头呼吸急促，体温在40℃以上，已经死了4头。圈舍通风一般，前几天刚用过阿莫西林拌料。请问这是啥病？该咋办？,根据描述的症状（高热、采食下降、腹泻带血、呼吸急促）、死亡情况和群体性发生特点，高度怀疑为非洲猪瘟。该病特征性大体病变包括脾脏显著肿大呈暗红色、淋巴结出血水肿、肾脏皮质点状出血及心包积液等。,立即停止任何药物投喂，禁止人员、车辆、物品随意进出猪场；对病死猪进行无害化处理，并对全场实施封锁隔离；采集血液、脾脏、淋巴结等组织送具备资质的实验室检测确诊；加强生物安全措施，防止疫情扩散。严禁私自使用抗生素或其他药物治疗代替检测和防控。,因涉及重大动物疫病，须按当地畜牧兽医主管部门要求进行处置，不存在常规休药期概念。,"{""disease_name"": ""非洲猪瘟"", ""severity"": ""极高"", ""scene_tags"": [""保育猪"", ""群体发病"", ""高热"", ""便血"", ""急性死亡""], ""validation_points"": [""高热、精神沉郁、采食下降符合ASF临床表现"", ""群体性发病且死亡率高提示烈性传染病可能"", ""大体病变特征与ASF相符""], ""risk_flags"": [""重大动物疫病"", ""需立即上报主管部门""], ""case_type"": ""保育猪群体发病"", ""target_disease"": ""非洲猪瘟"", ""local_flags"": {""species_ok"": true, ""target_disease_in_diagnosis"": true, ""target_disease_mismatch"": false, ""contains_specific_dose"": false, ""contains_specific_withdrawal"": false, ""regulated_bad_treatment"": false}}",False,False,,,True,False,True,D:\XF-ChongQin\ai-\knowledge\llm_wiki_swine_authoritative,1465,887,"非洲猪瘟
非洲猪瘟、african swine fever virus、ASF、African swine fever
保育猪群体发病
群体发病、采食下降、粪便或呼吸道异常，用户想知道主要病因和下一步处理。","{""HUMAN_REVIEW"": 1, ""HUMAN_REVIEWED"": 2}","[""SRC-0001"", ""SRC-0031""]",2221,25.69,ERNIE-4.5-Turbo-32K,92,30,20,25,17,False,True,"该回答对非洲猪瘟的诊断准确，症状与疾病匹配度高，诊断逻辑清晰，处理方向安全且符合疾病防控要求，数据质量较高，无致命风险。
问题：数据质量方面，虽然整体描述清晰，但缺乏对症状严重程度和具体病变的详细量化描述，如腹泻带血的具体比例、呼吸急促的普遍性等，可能影响诊断的精确性。",hunyuan-turbos-20250926,90,95,90,100,85,False,False,"该回答对非洲猪瘟的诊断准确，症状与疾病匹配度高，诊断逻辑清晰，处理方向安全且符合重大疫病防控要求，未给出危险用药建议，数据质量较好。不足之处在于缺乏部分症状的量化描述和更详细的病理变化信息，可能影响现场初判的精准度。
问题：缺少腹泻带血、呼吸急促等症状的比例或普遍性描述；大体病变细节可进一步补充以增强诊断说服力",True,ERNIE-4.5-Turbo-32K,True,pass,两位评委均认为该回答对非洲猪瘟的诊断准确，症状与疾病匹配度高，诊断逻辑清晰，处理方向安全且符合疾病防控要求，数据质量较高。尽管存在缺乏症状量化描述和更详细病理变化信息的不足，但不影响整体诊断和处置方向，因此综合判定为pass。,91.0,30,20,25,17,pass,12.38,23.19,
24fdd977-08ff-51de-83e7-d17b852ee3f5,4,猪瘟,swine_hunyuan_turbos,hunyuan-turbos-20250926,成功,,猪,我家有200多头育肥猪，平均体重在70公斤左右，这几天发现同一圈里有好几头开始发烧到41度以上，精神萎靡、不吃料，有的还拉稀带血，已经死了两头。之前用过恩诺沙星拌料三天没见好转，现在隔壁栋也有类似情况出现。这种情况能不能先当普通病治几天看看？,根据描述的高热、精神沉郁、食欲废绝、腹泻带血及多栋同时发生的情况，高度怀疑为猪瘟（Classical Swine Fever）。该病为烈性传染病，具有快速传播和高致死率的特点，且症状与普通细菌性肠炎、副伤寒等有重叠，但病死率高、死亡率上升快，提示病毒性烈性病可能性大。,立即暂停一切常规药物治疗，禁止随意转群、出售或屠宰。对全群进行紧急隔离，封锁场区，防止人员、车辆、饲料等交叉污染。采集发热、腹泻严重及死亡猪的耳温血、脾脏、淋巴结等样本送有资质的实验室进行病原学检测确诊。在未获检测结果前，应按重大动物疫病防控预案执行，并第一时间向当地动物防疫部门报告，等待专业处置意见。严禁私自剖检病死猪以防污染环境。,因涉及重大动物疫病，无场内治疗处方，不存在休药期问题。所有可疑猪及其产品均不得进入市场流通。,"{""disease_name"": ""猪瘟"", ""severity"": ""高"", ""scene_tags"": [""全场"", ""多栋同时发病"", ""高热"", ""腹泻带血"", ""急性死亡""], ""validation_points"": [""高热>41℃伴精神沉郁、食欲废绝"", ""腹泻带血"", ""短时间内多栋同时出现病例"", ""常规抗生素治疗无效""], ""risk_flags"": [""重大动物疫病"", ""OIE列名疫病"", ""需立即上报""], ""case_type"": ""暴发与处置边界"", ""target_disease"": ""猪瘟"", ""local_flags"": {""species_ok"": true, ""target_disease_in_diagnosis"": true, ""target_disease_mismatch"": false, ""contains_specific_dose"": false, ""contains_specific_withdrawal"": false, ""regulated_bad_treatment"": false}}",False,False,,,True,False,True,D:\XF-ChongQin\ai-\knowledge\llm_wiki_swine_authoritative,1465,887,"猪瘟
猪瘟、classical swine fever pestiviruses、经典猪瘟、CSF
暴发与处置边界
同栏或多栋猪舍短期内发病增多，用户询问是否能先按普通病治疗观察。","{""HUMA"": 1, ""HUMAN_REVIEWED"": 3}","[""A1-WOAH-CSF-DISEASE"", ""SRC-0001"", ""SRC-0031"", ""SRC-0046""]",2221,35.07,ERNIE-4.5-Turbo-32K,92,28,19,24,21,False,True,"该回答对猪瘟的诊断准确，症状与疾病匹配度高，诊断逻辑清晰，处理方向安全且与疾病相互印证，数据质量较高，无致命风险。
问题：diagnosis_accuracy: 诊断准确性较高，但未完全覆盖所有可能症状，如皮肤出血点等，可进一步提升细节描述。；pathology_logic: 病理逻辑基本合理，但可增加对猪瘟与其他类似疾病（如非洲猪瘟）的鉴别诊断说明。；prescription_safety: 处方安全且符合重大疫病防控要求，但可补充更多具体防控措施，如消毒程序等。；data_quality: 数据质量较高，但可增加更多现场观察数据或实验室检测建议以增强说服力。",hunyuan-turbos-20250926,90,9,8.5,10,8.5,False,False,"该回答对猪瘟的诊断准确，症状与疾病匹配度高，诊断逻辑清晰，处理方向安全且与疾病相互印证，数据质量较高，无致命风险。
问题：未提及猪瘟典型症状如皮肤出血点、结膜充血等，可能影响早期识别。；缺乏与非洲猪瘟等其他烈性传染病的鉴别要点说明。；防控措施中可补充更具体的消毒方案、人员管控等细节。",True,ERNIE-4.5-Turbo-32K,both,pass,该回答对猪瘟的诊断准确，症状与疾病匹配度高，诊断逻辑清晰，处理方向安全且与疾病相互印证，数据质量较高。尽管存在轻微不足，如未完全覆盖所有可能症状、缺乏鉴别诊断说明及防控措施细节，但整体内容安全可靠，对猪瘟的防控具有实际指导意义，无致命风险。,91.0,28,19,24,21,pass,20.53,30.41,
e4d4740e-71ec-576f-ba19-7ab6fdb17810,5,猪口蹄疫,swine_hunyuan_turbos,hunyuan-turbos-20250926,成功,,猪,我家有200多头育肥猪，平均体重在80公斤左右，最近几天有几头出现跛行、不愿站立，口腔和蹄部发现水疱，有的破溃结痂，体温升高到41℃左右，食欲下降。之前没用过疫苗，也没有其他传染病史。请问这种情况是不是口蹄疫？我该采哪些样送检测？会不会被当成普通蹄病耽误处理？,根据描述的临床症状（高热、口腔黏膜及蹄部水疱、跛行、采食减少），高度怀疑为猪口蹄疫。该病属一类动物疫病，需立即采取防控措施并送样确诊。,treatment_direction: 本病无特效药物治疗，应停止一切人员、车辆、物资随意进出场区，对发病猪进行隔离观察，防止扩散。；management_measures: 全场消毒，限制移动，病死猪无害化处理，健康猪加强监测，必要时配合主管部门开展紧急免疫或扑杀措施。；sampling_submission: 采集发病猪的水疱液、舌面刮取物、新鲜水疱皮、血液样本以及同群健康猪的血液样本，尽快送具备资质的实验室检测口蹄疫病毒抗原或核酸。；prohibited_boundaries: 严禁私自出售、转运病猪或疑似病猪，禁止将水疱病当作普通蹄病处理而延误防控。,因无药物治疗，不涉及药物休药期；如后续涉及疫苗免疫，应按国家相关规定执行相应隔离与检疫期。,"{""disease_name"": ""猪口蹄疫"", ""severity"": ""高"", ""scene_tags"": [""高热"", ""水疱病变"", ""跛行"", ""食欲减退"", ""群体感染风险""], ""validation_points"": [""高热伴口腔及蹄部水疱是口蹄疫典型表现"", ""群体饲养环境下传播迅速，符合口蹄疫流行特征"", ""需通过实验室检测确认病原""], ""risk_flags"": [""一类动物疫病"", ""重大动物疫情"", ""需立即上报主管部门""], ""case_type"": ""采样送检咨询"", ""target_disease"": ""猪口蹄疫"", ""local_flags"": {""species_ok"": true, ""target_disease_in_diagnosis"": true, ""target_disease_mismatch"": false, ""contains_specific_dose"": false, ""contains_specific_withdrawal"": false, ""regulated_bad_treatment"": false}}",False,False,,,True,False,True,D:\XF-ChongQin\ai-\knowledge\llm_wiki_swine_authoritative,1465,887,"猪口蹄疫
猪口蹄疫、foot and mouth disease picornaviruses
采样送检咨询
用户描述症状后，重点询问采什么样品、如何判断和如何避免误治。","{""HUMAN_REVIEWED"": 3, ""NEEDS_REVIEW"": 2}","[""A0-MOA-573"", ""A1-WOAH-FMD"", ""A1-WOAH-FMD-DISEASE"", ""SRC-0001"", ""SRC-0009"", ""SRC-0047""]",2164,34.75,ERNIE-4.5-Turbo-32K,92,28,18,24,22,False,True,"整体回答准确，诊断逻辑清晰，处理方向安全，数据质量较高，无明显致命风险。
问题：diagnosis_accuracy: 诊断准确性较高，但未完全覆盖所有症状与疾病关联的细节描述，如体温升高与口蹄疫的典型关联性可进一步强调。；pathology_logic: 病理逻辑基本合理，但未详细解释为何排除其他类似疾病（如猪水泡病）的可能性。；prescription_safety: 处理方向安全，但未明确提及人兽共患风险的防控措施。；data_quality: 数据质量较高，但场景标签和验证点可进一步细化，以增强数据的全面性和可验证性。",hunyuan-turbos-20250926,90,9,8,9,9,False,False,"回答总体准确且符合重大动物疫病处置规范，诊断依据充分，处理方案安全合规，采样指导明确，未出现危险建议。不足之处在于未深入说明如何排除其他水疱性疾病，也未专门提示人兽共患风险防护。
问题：未详细阐述排除猪水泡病等相似疾病的理由；缺少针对人兽共患风险的防控提醒",True,ERNIE-4.5-Turbo-32K,True,pass,整体回答准确，诊断逻辑清晰，处理方向安全，符合重大动物疫病处置规范。尽管存在未详细阐述排除其他水疱性疾病和缺少人兽共患风险防控提醒的轻微不足，但不影响整体判断，数据质量较高，无明显致命风险。,91.0,28,18,24,22,pass,19.55,23.83,
fe7f799d-0a31-5285-99e6-e4210c2647a1,17,猪霉菌毒素中毒,swine_hunyuan_turbos,hunyuan-turbos-20250926,成功,,猪,我家有120头育肥猪，平均体重在70公斤左右，最近刚换了一批新玉米做的全价料，大概喂了三四天就开始出现个别猪不吃料、有的还吐，有几头母猪配种后返情率明显升高，还有一头猪走路有点不稳像站不稳的样子。请问是不是饲料有问题？,根据描述，结合近期更换饲料且出现采食下降、呕吐、繁殖障碍及神经症状，高度怀疑为猪霉菌毒素中毒。该病由摄入被产毒真菌污染的饲料引起，不同毒素可导致消化系统、生殖系统和神经系统症状。,treatment_direction: 立即停喂可疑饲料，更换为无污染、质量可靠的饲料；提供清洁饮水，添加适量维生素E、硒等抗氧化剂辅助解毒；对症状明显的个体进行对症治疗，如止吐、补液支持。；management_measures: 全面检查库存饲料原料及成品，剔除霉变部分；加强饲料储存管理，控制湿度与通风；观察群体健康变化，记录症状发展情况。；sampling_and_testing: 采集剩余可疑饲料样品送实验室检测霉菌毒素含量，必要时同时送检病猪血液或组织样本以辅助判断。；prohibited_boundaries: 严禁继续使用可疑饲料；禁止将疑似中毒猪与健康猪混养以防传播风险；若检出高风险毒素或群体症状严重，应报告当地畜牧兽医部门并按重大饲料安全事件处置。,因属中毒性病因，无药物休药期概念，但需确保饲料更换至毒素水平符合安全标准后方可恢复正常饲喂。,"{""disease_name"": ""猪霉菌毒素中毒"", ""severity"": ""中等至高（视毒素种类与摄入量而定）"", ""scene_tags"": [""饲料更换"", ""育肥猪"", ""繁殖障碍"", ""神经症状""], ""validation_points"": [""症状与霉菌毒素中毒相符"", ""时间上与饲料更换吻合"", ""存在多系统受累表现""], ""risk_flags"": [""可能涉及多种毒素混合作用"", ""需排除其他中毒或感染因素""], ""case_type"": ""饲料中毒咨询"", ""target_disease"": ""猪霉菌毒素中毒"", ""local_flags"": {""species_ok"": true, ""target_disease_in_diagnosis"": true, ""target_disease_mismatch"": false, ""contains_specific_dose"": false, ""contains_specific_withdrawal"": false, ""regulated_bad_treatment"": false}}",False,False,,,True,False,True,D:\XF-ChongQin\ai-\knowledge\llm_wiki_swine_authoritative,1465,887,"猪霉菌毒素中毒
猪霉菌毒素中毒、mycotoxins in grains and feeds
饲料中毒咨询
更换饲料或玉米批次后出现采食下降、呕吐、繁殖异常或神经症状，用户怀疑饲料问题。","{""NEEDS_REVIEW"": 2, ""PROCESSED_SOURCE_ANCHORED"": 2}","[""SRC-0001"", ""SRC-0085""]",2220,28.34,ERNIE-4.5-Turbo-32K,92,28,19,24,21,False,True,"该回答对猪霉菌毒素中毒的诊断准确，症状与疾病匹配度高，诊断逻辑合理，处理方向安全且与疾病相互印证，数据质量较高，无致命风险。
问题：diagnosis_accuracy: 诊断准确度较高，但未完全覆盖所有可能的相关毒素类型及具体鉴别诊断点，可进一步提升细节描述。pathology_logic: 病理逻辑合理，但未详细说明不同毒素对各系统影响的具体机制。prescription_safety: 处方安全，但未提及具体抗氧化剂的使用剂量。data_quality: 数据质量较高，但风险标志中提到的“需排除其他中毒或感染因素”未在回答中明确体现排除方法。",hunyuan-turbos-20250926,90,9,8.5,9,8.5,False,False,"该案例场景真实，用户描述的采食下降、呕吐、繁殖障碍和神经症状与猪霉菌毒素中毒的典型表现相符，诊断依据充分。处理方案包括停用可疑饲料、更换优质饲料、补充抗氧化剂、对症支持治疗以及采样检测等措施，整体安全且相互印证。未出现危险用药建议，也未给出具体药物剂量或休药期承诺，符合安全要求。不足之处在于诊断中未明确列出可能涉及的多种霉菌毒素及其特异性症状差异，病理机制解释不够细化，且未明确说明如何排除其他中毒或感染性疾病。
问题：诊断未详细区分不同霉菌毒素（如黄曲霉毒素、T-2毒素、赭曲霉毒素等）的特异性症状与靶器官差异；病理机制解释较笼统，缺少毒素作用途径的细化说明；未明确阐述排除其他中毒或感染性疾病的鉴别方法与步骤",True,ERNIE-4.5-Turbo-32K,True,pass,该回答对猪霉菌毒素中毒的诊断准确，症状与疾病匹配度高，诊断逻辑合理，处理方向安全且与疾病相互印证。尽管在诊断中未详细区分不同霉菌毒素的特异性症状、病理机制解释不够细化，以及未明确阐述排除其他中毒或感染性疾病的鉴别方法，但这些不足不影响整体诊断与处置方向，数据质量较高，无致命风险。,91.0,28,19,24,21,pass,19.34,25.01,
9e321908-804b-542f-be4b-37ce99a23ac9,38,猪细小病毒病,swine_hunyuan_turbos,ERNIE-4.5-Turbo-32K,成功,,猪,我家母猪存栏120头，最近3个月连续出现流产，流产母猪集中在妊娠40-60天，之前用过抗生素和驱虫药但没效果，现在想问问该送检什么样品，是不是要暂停配种和引种？,结合母猪连续流产、流产集中在妊娠中期、既往抗生素和驱虫治疗无效，高度怀疑猪细小病毒病（PPV1感染），需通过实验室检测进一步确诊。,治疗方向：无特效抗病毒药物，以预防继发感染为主；管理措施：立即暂停配种和引种，对流产母猪进行隔离，加强圈舍消毒；采样送检：采集流产胎儿组织、母猪血清或阴道分泌物送实验室进行PPV1核酸检测或血清学检测；禁忌边界：禁止使用抗病毒药物，避免对健康母猪进行未经检测的疫苗接种。,无具体休药期（因无特效治疗药物，主要依赖管理措施和预防继发感染）。,"{""disease_name"": ""猪细小病毒病"", ""severity"": ""中等（繁殖障碍持续出现，但未扩散至全群）"", ""scene_tags"": [""繁殖障碍"", ""流产"", ""妊娠中期"", ""实验室检测"", ""暂停配种""], ""validation_points"": [""猪细小病毒病以妊娠母猪流产为主要特征，尤其是妊娠40-60天"", ""抗生素和驱虫药对病毒病无效，符合PPV1感染特点"", ""采样送检需包括流产胎儿组织和母猪血清/阴道分泌物"", ""暂停配种和引种是防止病毒扩散的关键措施""], ""risk_flags"": [""繁殖障碍持续出现可能影响全群生产性能"", ""PPV1可通过胎盘感染胎儿，需严格隔离流产母猪""], ""case_type"": ""繁殖障碍送检"", ""target_disease"": ""猪细小病毒病"", ""local_flags"": {""species_ok"": true, ""target_disease_in_diagnosis"": true, ""target_disease_mismatch"": false, ""contains_specific_dose"": false, ""contains_specific_withdrawal"": false, ""regulated_bad_treatment"": false}}",False,False,,,True,False,True,D:\XF-ChongQin\ai-\knowledge\llm_wiki_swine_authoritative,1465,887,"猪细小病毒病
猪细小病毒病、parvoviruses
繁殖障碍送检
繁殖异常持续出现，用户询问该采哪些样品、是否需要暂停配种和引种。","{""HUMAN_REVIEWED"": 3, ""NEEDS_REVIEW"": 2}","[""A0-MOA-573"", ""SRC-0001"", ""SRC-0045""]",2087,51.81,ERNIE-4.5-Turbo-32K,92,28,18,24,22,False,True,"该回答针对猪细小病毒病的诊断、治疗方向及管理措施给出了较为全面和准确的建议，诊断依据充分，治疗方向和管理措施合理，采样送检建议明确，且考虑到了疾病的传播风险和预防措施。
问题：diagnosis_accuracy方面，虽然诊断准确，但未完全覆盖所有可能的诊断依据，如未提及该病在猪群中的流行情况或历史发病记录等额外信息；pathology_logic方面，逻辑基本清晰，但可进一步细化对病毒传播途径和感染机制的解释；data_quality方面，数据完整，但部分信息如疾病严重程度的描述可更加具体和量化。",hunyuan-turbos-20250926,90,9,8.5,9.5,8.5,False,False,"该数据整体真实可信，用户描述的场景符合猪细小病毒病典型表现，诊断依据充分且与目标疾病匹配。处理建议包括暂停配种引种、隔离、消毒以及送检方案，均符合防控原则，并避免了使用违禁或高风险药物。处方中未出现具体剂量或休药期承诺，安全性良好。不足之处在于诊断细节可更丰富，病理机制解释略简略，数据质量可进一步提升。
问题：诊断部分未补充更多流行病学背景信息（如群体免疫史、同群其他症状）以增强说服力。；病理机制与传播途径解释不够详细，可能影响读者理解。；数据描述中对疫情严重程度缺乏量化指标。",True,ERNIE-4.5-Turbo-32K,True,pass,该回答针对猪细小病毒病的诊断、治疗方向及管理措施给出了较为全面和准确的建议，诊断依据充分，治疗方向和管理措施合理，采样送检建议明确，且考虑到了疾病的传播风险和预防措施。尽管在诊断细节、病理机制解释和数据质量方面存在轻微不足，但不影响整体判断，可判为pass。,91.0,28,18,24,22,pass,17.51,24.17,
751a29b2-5f15-5a01-8d11-51b13e954bdd,77,猪瘟,swine_hunyuan_turbos,hunyuan-turbos-20250926,成功,,猪,我家有200头育肥猪，平均体重70公斤左右，最近一周陆续出现发热、精神沉郁、食欲下降的情况，有的猪还拉稀带血，个别猪耳朵发紫。之前用过氟苯尼考拌料三天，效果不明显。想问下这种情况是不是猪瘟？该采哪些样送检测？怎么判断是不是误诊耽误事？,"根据描述的发热、沉郁、食欲减退、腹泻带血及耳部发绀等症状，结合群体发病情况，高度怀疑为经典猪瘟（Classical Swine Fever, CSF）。该病在不同阶段猪群中均可发生，且临床表现多样，易与其他出血性传染病混淆。",立即停止任何未经确诊的投药，防止掩盖病情延误诊断。采集典型病例的全血（含抗凝剂）、脾脏、肾脏、扁桃体等组织样本，必要时加采脑组织（尤其有神经症状时），低温保存并尽快送检进行病原学检测（如RT-PCR）和血清学检测。同时加强生物安全措施，限制人员、车辆流动，对病死猪无害化处理，全场消毒。严禁私自使用未批准药物替代防控，若确诊为CSF，应按国家相关规定上报并采取扑杀、封锁等措施。,因涉及重大动物疫病，无常规休药期概念，须按官方处置方案执行。,"{""disease_name"": ""经典猪瘟"", ""severity"": ""高"", ""scene_tags"": [""育肥猪"", ""群体发病"", ""出血性腹泻"", ""高热"", ""耳部发绀""], ""validation_points"": [""多阶段猪群同时发病提示烈性传染病可能性大"", ""发热、沉郁、便血、发绀符合CSF典型症状"", ""曾用抗生素无效支持病毒性病因""], ""risk_flags"": [""重大动物疫病风险"", ""需立即采样送检"", ""禁止自行治疗替代官方处置""], ""case_type"": ""采样送检咨询"", ""target_disease"": ""猪瘟"", ""local_flags"": {""species_ok"": true, ""target_disease_in_diagnosis"": true, ""target_disease_mismatch"": false, ""contains_specific_dose"": false, ""contains_specific_withdrawal"": false, ""regulated_bad_treatment"": false}}",False,False,,,True,False,True,D:\XF-ChongQin\ai-\knowledge\llm_wiki_swine_authoritative,1465,887,"猪瘟
猪瘟、classical swine fever pestiviruses、经典猪瘟、CSF
采样送检咨询
用户描述症状后，重点询问采什么样品、如何判断和如何避免误治。","{""HUMAN_REVIEWED"": 3}","[""A1-WOAH-CSF"", ""A1-WOAH-CSF-DISEASE"", ""A1-WOAH-CSF-MANUAL"", ""SRC-0009"", ""SRC-0031"", ""SRC-0046""]",2221,25.75,ERNIE-4.5-Turbo-32K,92,28,18,25,21,False,True,"该回答对猪瘟的诊断准确，症状与疾病匹配度高，诊断逻辑合理，处方安全且符合疾病防控要求，数据质量较高，无致命风险。
问题：诊断准确性方面，虽然整体判断正确，但未完全覆盖所有症状与疾病的细微关联；病理逻辑上，对疾病发展过程的解释稍显简略；数据质量上，部分场景标签和验证点可进一步细化。",hunyuan-turbos-20250926,90,9,8.5,10,8.5,False,False,"该回答针对用户描述的发热、沉郁、食欲减退、腹泻带血、耳部发绀等症状，准确指向经典猪瘟，并结合群体发病背景给出高怀疑度判断，诊断与目标疾病匹配度高。处方强调停止盲目用药、规范采样送检、强化生物安全，并明确重大疫病需依法上报和扑杀，无危险建议，安全性高。不足之处在于病理机制描述较简略，数据细节可更丰富。
问题：病理过程与发展阶段的解释不够详细，未能充分展示症状与病程的关系。；数据采集与验证环节的细节不足，例如缺乏采样注意事项的具体说明。",True,ERNIE-4.5-Turbo-32K,True,pass,回答对猪瘟的诊断准确，症状与疾病匹配度高，诊断逻辑合理，处方安全且符合疾病防控要求。尽管在病理过程描述和数据采集细节上存在轻微不足，但整体内容质量较高，无致命风险，不影响数据可用性。,91.0,28,18,25,21,pass,15.82,22.25,
2636add8-5b77-56a2-805d-48a86ae8115c,90,猪霉菌毒素中毒,swine_hunyuan_turbos,hunyuan-turbos-20250926,成功,,猪,我家有120头育肥猪，平均体重在80公斤左右，最近一周陆续出现食欲下降、精神沉郁、粪便稀软的情况，有几头还出现皮肤发红、呼吸稍快。怀疑是前几天换的玉米粉有问题，因为那批玉米看起来有点发霉。请问还能继续喂这批料吗？要不要把饲料和病猪样本送去检测？该怎么处理？,根据描述的症状及饲料更换史，高度怀疑为猪霉菌毒素中毒。该病由摄入被产毒真菌污染的饲料引起，常见表现包括食欲减退、腹泻、皮肤异常、呼吸加快等，且多呈群体性发生。,treatment_direction: 立即停止使用可疑饲料，更换为无霉变、质量可靠的饲料；对出现明显症状的猪进行对症治疗，如补液、维持电解质平衡、改善消化功能。；management_measures: 清理料槽和储料仓，防止污染扩散；加强通风，降低舍内湿度；检查并淘汰严重中毒个体以减少损失。；sampling_and_testing: 采集剩余可疑饲料样品送实验室检测霉菌毒素含量；同时采集病死猪肝脏、肾脏等组织样进行病理学和毒素分析，以明确病因。；prohibited_boundaries: 严禁将可疑饲料继续投喂；禁止私自使用未经批准的排毒药物；若检出高毒性霉菌毒素，应按规定向当地畜牧兽医部门报告。,因属中毒事件，需待饲料更换后观察恢复情况，并在后续出栏前确保体内毒素水平降至安全范围，具体时间依据检测结果确定。,"{""disease_name"": ""猪霉菌毒素中毒"", ""severity"": ""中等至重度"", ""scene_tags"": [""育肥猪"", ""饲料污染"", ""群体发病""], ""validation_points"": [""症状与霉菌毒素中毒相符"", ""有明确的饲料更换史和外观霉变线索"", ""建议立即停喂可疑饲料并送检""], ""risk_flags"": [""潜在群体性中毒风险"", ""饲料安全风险""], ""case_type"": ""中毒处置边界"", ""target_disease"": ""猪霉菌毒素中毒"", ""local_flags"": {""species_ok"": true, ""target_disease_in_diagnosis"": true, ""target_disease_mismatch"": false, ""contains_specific_dose"": false, ""contains_specific_withdrawal"": false, ""regulated_bad_treatment"": false}}",False,False,,,True,False,True,D:\XF-ChongQin\ai-\knowledge\llm_wiki_swine_authoritative,1465,887,"猪霉菌毒素中毒
猪霉菌毒素中毒、mycotoxins in grains and feeds
中毒处置边界
用户想知道是否继续饲喂可疑饲料、怎样送检饲料和病料。","{""NEEDS_REVIEW"": 2, ""PROCESSED_SOURCE_ANCHORED"": 2}","[""SRC-0001"", ""SRC-0085""]",2220,22.55,ERNIE-4.5-Turbo-32K,92,28,19,24,21,False,True,"该回答在诊断准确性、病理逻辑、处方安全性和数据质量方面表现良好，整体符合猪霉菌毒素中毒的测试数据要求。诊断与症状、饲料更换史高度匹配，处理方向安全合理，无明显错误或风险点。
问题：diagnosis_accuracy: 诊断准确性得分略低，因未完全覆盖所有可能症状（如呕吐、神经症状等），但核心症状已涵盖。；pathology_logic: 病理逻辑得分稍低，因未详细解释霉菌毒素种类与症状的关联性。；data_quality: 数据质量得分受影响，因未明确提及送检机构或检测方法，但整体信息完整。",hunyuan-turbos-20250926,90,9,8.5,10,9,False,False,"该数据为真实养殖场景下的咨询，用户描述了群体性症状、饲料更换史及外观异常，与猪霉菌毒素中毒的典型特征相符。诊断准确，处理方案包含停用可疑饲料、对症支持治疗、环境管理、采样送检及上报机制，安全边界清晰，无危险用药建议。不足之处在于未细化不同霉菌毒素对应的典型症状，也未说明送检的具体方法或机构，但对整体有效性影响不大。
问题：未全面列举霉菌毒素中毒的全部可能症状（如呕吐、神经症状）。；未详细说明不同霉菌毒素种类与临床表现的对应关系。；未提供具体的送检机构或检测方法指引。",True,ERNIE-4.5-Turbo-32K,True,pass,诊断与症状、饲料更换史高度匹配，处理方向安全合理，包含停用可疑饲料、对症支持治疗、环境管理、采样送检及上报机制等关键措施。尽管未全面列举所有可能症状、未详细解释霉菌毒素种类与症状的关联性、未提供具体送检机构或检测方法，但这些不足对整体有效性影响不大，符合测试数据要求。,91.0,28,19,24,21,pass,14.93,18.98,
06a47280-2145-550b-8544-ee640cf29ea7,106,猪伪狂犬病,swine_hunyuan_turbos,hunyuan-turbos-20250926,成功,,猪,我家有200多头母猪和600多头育肥猪，最近一周内同一栋舍里陆续出现几头30公斤左右的育肥猪突然不吃料、呼吸急促、体温升高到41℃左右，有的还伴有流涎和神经症状，昨天又死了两头。之前用过替米考星拌料三天没见好转。这种情况能不能先当普通细菌病治几天看看？,根据描述的症状（高热、呼吸急促、流涎、神经症状及急性死亡）以及短时间内多例发生的情况，高度怀疑为猪伪狂犬病（Aujeszky病）。该病由疱疹病毒引起，具有急性传播性，尤其在未免疫群体中易暴发。,treatment_direction: 立即暂停任何抗生素单用方案，停止人员、车辆、工具随意流动，防止疫情扩散。对可疑病例进行隔离并尽快采集口鼻拭子、脑组织等样本送实验室检测（PCR或病毒分离），同时联系当地动物防疫部门。；management_measures: 全群加强生物安全防控，限制外来人员和物资进入，场内分区管理，病死猪无害化处理，严格消毒。；sampling_and_testing: 采集发热、神经症状明显或刚死亡的个体组织样品送检，明确病原后再决定后续措施。；prohibited_actions: 严禁将病猪出售、运输或屠宰，禁止自行使用未经批准的疫苗或药物试图控制疫情。,因涉及重大动物疫病调查，无明确休药期，须待检测结果和主管部门指导后方可确定。,"{""disease_name"": ""猪伪狂犬病"", ""severity"": ""高"", ""scene_tags"": [""全场"", ""育肥猪"", ""急性神经症状"", ""高热"", ""死亡率上升""], ""validation_points"": [""符合伪狂犬病急性暴发特征"", ""症状组合提示病毒性神经疾病可能性大"", ""短期多例死亡支持烈性传播""], ""risk_flags"": [""重大动物疫病风险"", ""需立即上报与隔离检测"", ""不可延误处置""], ""case_type"": ""暴发与处置边界"", ""target_disease"": ""猪伪狂犬病"", ""local_flags"": {""species_ok"": true, ""target_disease_in_diagnosis"": true, ""target_disease_mismatch"": false, ""contains_specific_dose"": false, ""contains_specific_withdrawal"": false, ""regulated_bad_treatment"": false}}",False,False,,,True,False,True,D:\XF-ChongQin\ai-\knowledge\llm_wiki_swine_authoritative,1465,887,"猪伪狂犬病
猪伪狂犬病、pseudorabies aujeszky disease
暴发与处置边界
同栏或多栋猪舍短期内发病增多，用户询问是否能先按普通病治疗观察。","{""HUMAN_REVIEWED"": 3, ""NEEDS_REVIEW"": 2}","[""A1-WOAH-AUJESZKY-DISEASE"", ""SRC-0001"", ""SRC-0054""]",2178,26.11,ERNIE-4.5-Turbo-32K,92,28,18,25,21,False,True,"该回答对猪伪狂犬病的诊断准确，症状描述与疾病特征高度匹配，诊断逻辑合理，处理方向安全且符合重大疫病防控要求，数据质量较高，无明显错误。
问题：诊断准确性方面，虽高度怀疑猪伪狂犬病，但未完全排除其他类似症状疾病的可能性，扣2分；病理逻辑方面，对症状与疾病关系的阐述可更详细，扣2分；数据质量方面，场景标签和验证点较全面，但可增加更多细节支持，扣4分。",hunyuan-turbos-20250926,90,9,8,10,8,False,False,"该回答对猪伪狂犬病的诊断准确，症状与疾病特征高度吻合，处理方案强调生物安全和送检确诊，避免盲目用药，符合重大疫病防控要求，整体安全且专业。不足之处在于诊断部分未充分讨论鉴别诊断，病理机制解释略简略，数据细节可进一步丰富。
问题：诊断中未提及需与其他高热、神经症状类疾病（如猪瘟、蓝耳病等）鉴别；病理机制与症状关联的解释不够深入；用户场景信息利用不足，缺乏针对大规模养殖场的细化建议",True,ERNIE-4.5-Turbo-32K,mostly,pass,该回答对猪伪狂犬病的诊断准确，症状与疾病特征高度吻合，处理方案强调生物安全和送检确诊，避免盲目用药，符合重大疫病防控要求，整体安全且专业。尽管在诊断中未充分讨论鉴别诊断，病理机制解释略简略，数据细节可进一步丰富，但不影响整体质量和安全性。,91.0,28,18,25,21,pass,17.2,18.12,
a5802e83-6841-5bf7-a454-3af65ba86f9a,150,猪瘟,swine_hunyuan_turbos,hunyuan-turbos-20250926,成功,,猪,我这边有200头120公斤左右的育肥猪，最近几天陆续出现发烧、精神沉郁、食欲下降，有的还拉稀带血，个别猪皮肤发红发紫，已经死了三四头了。之前用过一些退烧消炎药，效果不明显。现在离计划出栏不到一个月，这种情况还能治吗？会不会影响卖猪？,"根据描述的症状（高热、精神沉郁、腹泻带血、皮肤发绀）、群体发病及死亡情况，结合育肥阶段，高度怀疑为经典猪瘟（Classical Swine Fever, CSF）。该病为OIE列名重大动物疫病，具有高度传染性和致死性，临床表现与猪丹毒、非洲猪瘟等有一定重叠，需通过实验室检测确诊。",立即向当地动物防疫部门报告疫情，严禁私自屠宰、出售或运输病猪及其产品；对发病猪群实施隔离观察，加强消毒措施；采集病死猪组织样本送有资质实验室进行病原学检测，以明确是否为经典猪瘟或其他烈性病；在检测结果未出前，禁止任何治疗措施替代官方处置方案；若确诊为经典猪瘟，应依法扑杀并无害化处理，并对全场及周边区域开展流行病学调查与封锁消毒。,因涉及重大动物疫病防控，无休药期概念，须按官方处置方案执行，禁止出栏销售。,"{""disease_name"": ""经典猪瘟"", ""severity"": ""高致死率重大动物疫病"", ""scene_tags"": [""育肥猪"", ""群体发热"", ""腹泻带血"", ""皮肤发绀"", ""临近出栏""], ""validation_points"": [""症状符合经典猪瘟典型表现"", ""群体发病且死亡率较高"", ""需实验室确诊排除其他烈性病""], ""risk_flags"": [""重大动物疫病风险"", ""潜在跨区域传播风险"", ""法律强制扑杀与无害化处理要求""], ""case_type"": ""上市休药期咨询"", ""target_disease"": ""猪瘟"", ""local_flags"": {""species_ok"": true, ""target_disease_in_diagnosis"": true, ""target_disease_mismatch"": false, ""contains_specific_dose"": false, ""contains_specific_withdrawal"": false, ""regulated_bad_treatment"": false}}",False,False,,,True,False,True,D:\XF-ChongQin\ai-\knowledge\llm_wiki_swine_authoritative,1465,887,"猪瘟
猪瘟、classical swine fever pestiviruses、经典猪瘟、CSF
上市休药期咨询
用户接近出栏，关心治疗方向和用药后能否出栏销售。","{""HUMAN_REVIEWED"": 3}","[""A1-WOAH-CSF"", ""A1-WOAH-CSF-DISEASE"", ""A1-WOAH-CSF-MANUAL"", ""SRC-0031"", ""SRC-0046""]",2221,25.63,ERNIE-4.5-Turbo-32K,92,28,18,25,21,False,True,"该回答在诊断准确性、病理逻辑、处方安全性和数据质量方面均表现良好，符合猪瘟的典型症状和防控要求，未发现致命风险。
问题：诊断准确性方面，虽然症状描述高度符合猪瘟，但未提及与其他类似疾病（如非洲猪瘟）的鉴别诊断，略显不足。；病理逻辑方面，对猪瘟的传播途径和防控措施的描述可以更详细一些。；数据质量方面，用户查询中的症状描述较为详细，但回答中可以进一步引用更多临床数据或研究来支持诊断。；未明确提及人兽共患风险，尽管猪瘟主要影响猪，但完整的风险评估应包含此方面。",hunyuan-turbos-20250926,90,9,9,10,8.5,False,False,"该回答准确识别了猪瘟的可能性，并基于重大动物疫病防控要求给出了合规且安全的处置建议，避免了自行用药或销售病猪的危险行为，整体逻辑清晰、安全性高。不足之处在于鉴别诊断部分可更完善，风险评估可补充人兽共患信息，以及传播途径和防控细节可进一步展开。
问题：未充分列出与猪瘟症状相似的其他疾病（如非洲猪瘟、猪丹毒）的鉴别要点；缺少对猪瘟传播途径和防控细节的深入说明；风险评估中未明确提及人兽共患风险，尽管猪瘟主要感染猪",True,ERNIE-4.5-Turbo-32K,True,pass,回答在诊断准确性、病理逻辑、处方安全性方面表现良好，符合猪瘟的典型症状和防控要求，尽管在鉴别诊断、传播途径和防控细节、人兽共患风险评估方面存在轻微不足，但不影响整体判断，无致命风险。,91.0,28,18,25,21,pass,16.79,19.83,
ff3065ff-25f2-55fa-94f8-4fb3d7ef3fe9,151,猪口蹄疫,swine_hunyuan_turbos,hunyuan-turbos-20250926,成功,,猪,我家是200头左右保育猪，现在60日龄左右，最近两天陆续有猪不吃料、精神差，有的脚底和嘴边出现水泡，个别猪走路不稳，体温也偏高。圈舍通风一般，之前用过阿莫西林饮水防呼吸道病，效果不明显。这种情况可能是什么问题？该怎么处理？,根据描述的症状（高热、口腔及蹄部水疱、跛行、食欲下降）以及保育猪群体的发病特点，高度怀疑为猪口蹄疫。该病由小RNA病毒科的口蹄疫病毒引起，具有高度传染性，临床症状常较严重，可导致采食和活动障碍。,treatment_direction: 立即隔离病猪，减少人员、车辆、工具交叉接触，防止疫情扩散；对全群加强消毒，保持圈舍干燥清洁；提高环境温度以减少应激，改善采食条件；暂停使用任何未经许可的药物进行群体治疗。；management_measures: 停止转群和混群操作；病死猪按规定无害化处理；健康猪密切观察，发现新病例及时隔离；记录发病情况并上报当地畜牧兽医部门。；sampling_testing: 采集病猪的口腔液、水疱液或组织样品送具备资质的实验室进行口蹄疫病毒核酸检测或抗原检测，以确诊。；prohibited_actions: 严禁私自屠宰、销售或运输可疑病猪及其产品；禁止将病猪与健康猪混养；不得使用未经批准的药物替代防疫措施。,因属一类动物疫病，需按国家法律法规执行扑杀和无害化处理，无常规休药期概念。,"{""disease_name"": ""猪口蹄疫"", ""severity"": ""高"", ""scene_tags"": [""保育猪"", ""群体发病"", ""水疱病变"", ""采食下降""], ""validation_points"": [""保育猪60日龄符合易感阶段"", ""高热、水疱、跛行等典型口蹄疫表现"", ""群体传播特征提示高传染性""], ""risk_flags"": [""一类动物疫病"", ""高度传染"", ""需上报主管部门""], ""case_type"": ""保育猪群体发病"", ""target_disease"": ""猪口蹄疫"", ""local_flags"": {""species_ok"": true, ""target_disease_in_diagnosis"": true, ""target_disease_mismatch"": false, ""contains_specific_dose"": false, ""contains_specific_withdrawal"": false, ""regulated_bad_treatment"": false}}",False,False,,,True,False,True,D:\XF-ChongQin\ai-\knowledge\llm_wiki_swine_authoritative,1465,887,"猪口蹄疫
猪口蹄疫、foot and mouth disease picornaviruses
保育猪群体发病
群体发病、采食下降、粪便或呼吸道异常，用户想知道主要病因和下一步处理。","{""HUMAN_REVIEWED"": 3, ""NEEDS_REVIEW"": 2}","[""A0-MOA-573"", ""A1-WOAH-FMD-DISEASE"", ""SRC-0001"", ""SRC-0006"", ""SRC-0047"", ""SRC-0059""]",2095,25.88,ERNIE-4.5-Turbo-32K,92,28,18,25,21,False,True,"该回答对猪口蹄疫的诊断准确，处理方向安全合理，数据质量较高，无明显致命风险。
问题：诊断准确性方面，虽然诊断正确，但未完全覆盖所有症状描述（如粪便或呼吸道异常未明确关联）；病理逻辑方面，对疾病传播机制和病理过程的解释稍显简略；数据质量方面，场景标签和验证点较为全面，但可进一步丰富症状与疾病关联的描述。",hunyuan-turbos-20250926,90,95,85,95,88,False,False,"该案例场景真实，用户描述的保育猪发热、口腔及蹄部水疱、跛行等症状与猪口蹄疫典型表现高度吻合，诊断准确且符合法定疫病防控要求。处理方案强调隔离、消毒、上报等安全措施，避免擅自用药和流通，符合生物安全要求。不足之处在于病理机制解释不够详细，部分症状关联性分析不足，数据细节可更丰富。
问题：病理过程与传播机制的解释过于简略，未能充分说明为何会出现所述症状。；未结合其他可能的伴随症状（如腹泻、咳嗽）进行鉴别诊断提示。；数据中对环境管理、饲养密度等因素的影响分析较少。",True,ERNIE-4.5-Turbo-32K,True,pass,该回答对猪口蹄疫的诊断准确，处理方向安全合理，符合法定疫病防控要求。尽管在病理机制解释、症状关联性分析和数据细节方面存在轻微不足，但整体数据质量较高，无明显致命风险，不影响其作为有效数据的参考价值。,91.0,28,18,25,21,pass,16.0,17.9,
63d000f9-1c2a-5d37-9592-1336ccb2cc50,172,猪血凝性脑脊髓炎,swine_hunyuan_turbos,hunyuan-turbos-20250926,成功,,猪,我场有120头哺乳仔猪，平均15日龄左右，最近两天陆续出现不吃奶、精神沉郁、有的还伴有呕吐和抽搐的情况，同一窝里好几头都这样，体温测着正常偏低，已经死了两头。之前没用过什么特别的药物，圈舍通风一般，湿度偏高。我想问能不能先用点抗生素看看效果？,根据描述的症状（哺乳仔猪、呕吐、消瘦、神经症状）、高死亡率及同窝多发的特点，高度怀疑为猪血凝性脑脊髓炎病毒感染所致。该病由冠状病毒科的血凝性脑脊髓炎病毒引起，主要侵害新生仔猪，常表现为呕吐消瘦综合征或脑脊髓炎综合征，且病情进展快，死亡率高。,本病为病毒性传染病，抗生素治疗无效。应立即将可疑病例与健康猪隔离，减少应激，改善通风与干燥条件；采集病死猪脑组织、小肠内容物等样本送实验室检测确诊；对全群加强监测，发现异常及时剔除并无害化处理；禁止随意使用抗生素掩盖症状，以免延误防控。若确诊为猪血凝性脑脊髓炎，应依据当地动物防疫部门要求进行疫情报告和相应处置，包括封锁、消毒、扑杀等措施。,本病无特效治疗药物，不存在药物休药期问题；如涉及生物制品使用，须遵循产品说明书及监管要求执行。,"{""disease_name"": ""猪血凝性脑脊髓炎"", ""severity"": ""高致死性"", ""scene_tags"": [""哺乳仔猪"", ""神经症状"", ""呕吐消瘦"", ""同窝多发""], ""validation_points"": [""症状符合猪血凝性脑脊髓炎特征"", ""年龄阶段易感"", ""高死亡率提示烈性病毒病""], ""risk_flags"": [""可能属于重大动物疫病范畴，需立即上报"", ""不可自行用抗生素治疗掩盖症状"", ""存在疫情扩散风险，需严格隔离与消毒""], ""case_type"": ""暴发与处置边界"", ""target_disease"": ""猪血凝性脑脊髓炎"", ""local_flags"": {""species_ok"": true, ""target_disease_in_diagnosis"": true, ""target_disease_mismatch"": false, ""contains_specific_dose"": false, ""contains_specific_withdrawal"": false, ""regulated_bad_treatment"": false}}",False,False,,,True,False,True,D:\XF-ChongQin\ai-\knowledge\llm_wiki_swine_authoritative,1465,887,"猪血凝性脑脊髓炎
猪血凝性脑脊髓炎、hemagglutinating encephalomyelitis virus
暴发与处置边界
同栏或多栋猪舍短期内发病增多，用户询问是否能先按普通病治疗观察。","{""HUMAN_REVIEWED"": 3, ""NEEDS_REVIEW"": 2}","[""SRC-0001"", ""SRC-0037"", ""SRC-0046"", ""SRC-0052""]",2099,20.18,ERNIE-4.5-Turbo-32K,92,28,18,25,21,False,True,"该回答对猪血凝性脑脊髓炎的诊断准确，症状描述与疾病特征高度匹配，诊断逻辑清晰，处理方向安全合理，数据质量较高，无致命风险。
问题：诊断准确性方面，虽然整体准确，但未完全覆盖所有症状（如体温偏低未明确提及）；病理逻辑方面，对疾病传播途径和防控措施的描述可更详细；数据质量方面，症状描述和疾病特征的对应关系可进一步细化。",hunyuan-turbos-20250926,90,9,8.5,10,8.5,False,False,"该回答对猪血凝性脑脊髓炎的诊断准确，症状与疾病特征高度匹配，诊断逻辑清晰，处理方案符合安全规范，无危险用药建议，并强调了疫情报告与无害化处理，符合重大疫病防控要求。不足之处在于部分细节（如体温偏低）未在诊断中明确指出，病理机制与传播路径的阐述略显简略，数据对应可更细致。
问题：诊断部分未明确提及体温偏低这一重要临床信息；病理机制与传播途径解释不够详尽；数据与疾病特征的对应关系可进一步细化",True,ERNIE-4.5-Turbo-32K,True,pass,该回答对猪血凝性脑脊髓炎的诊断准确，症状与疾病特征高度匹配，诊断逻辑清晰，处理方案安全合理，符合重大疫病防控要求。尽管存在部分细节（如体温偏低未明确提及、病理机制与传播途径解释不够详尽）的不足，但不影响整体诊断和处置方向，数据质量较高，无致命风险。,91.0,28,18,25,21,pass,12.33,17.65,
0fda2ef5-1f33-50b6-8dca-f2142567e465,176,猪乙型脑炎,swine_hunyuan_turbos,hunyuan-turbos-20250926,成功,,猪,我家有120头能繁母猪，最近两个月陆续有怀孕70天左右的母猪发生流产，还有几窝产出木乃伊胎和弱仔，体温有的偏高到40度左右，个别公猪精液活力也变差了。周边今年夏天蚊子特别多，想问问这种情况是不是乙脑？要怎么采样送检？现在还能继续配种和引进后备吗？,根据描述，怀孕中期流产、木乃伊胎、弱仔及公猪精液质量下降，结合高温季节和蚊虫活跃情况，高度怀疑为猪乙型脑炎病毒感染引起的繁殖障碍。该病由日本脑炎病毒引起，通过蚊虫叮咬传播，可导致母猪流产、死胎、木乃伊胎及弱仔，也可影响公猪精子质量。,treatment_direction: 目前无特效抗病毒药物，主要采取支持性护理和防控继发感染措施。；management_measures: 立即隔离发病母猪，加强圈舍防蚊灭蚊工作，减少蚊虫叮咬机会。；对全场母猪进行健康评估，暂缓新配种计划，暂停引入外来后备猪，防止疫情扩散。；改善饲养管理和营养水平，提高机体抵抗力。；sampling_and_testing: 采集流产胎儿脑组织、肝脏等组织样本，冷藏保存送实验室进行RT-PCR检测乙脑病毒核酸。；同时采集母猪血液分离血清，检测乙脑病毒抗体（IgM/IgG），辅助判断近期感染情况。；必要时采集公猪精液样本检测病毒核酸或抗体。；prohibited_or_boundary_actions: 严禁将疑似感染猪只外调或出售。；在未明确检测结果前，不得恢复配种和引种操作。；发现大规模爆发或检测结果阳性时，应按规定向当地动物防疫部门报告，配合开展流行病学调查和防控措施。,因无特效治疗药物，不涉及药物休药期问题；重点在于生物安全隔离和监测，直至疫情解除并经主管部门确认安全后方可恢复正常生产。,"{""disease_name"": ""猪乙型脑炎"", ""severity"": ""中等至严重（可导致繁殖力显著下降，经济损失大）"", ""scene_tags"": [""繁殖障碍"", ""蚊虫传播"", ""夏季高发"", ""公猪精液异常""], ""validation_points"": [""符合乙脑典型临床症状：中期流产、木乃伊胎、弱仔、公猪精液质量下降。"", ""环境因素支持蚊虫传播链存在。"", ""建议的采样方案符合病毒学和血清学检测需求。""], ""risk_flags"": [""疑似重大动物疫病，需及时采样送检并限制流动。"", ""若确诊需在主管部门指导下实施封锁、消毒和生物安全措施。""], ""case_type"": ""繁殖障碍送检"", ""target_disease"": ""猪乙型脑炎"", ""local_flags"": {""species_ok"": true, ""target_disease_in_diagnosis"": true, ""target_disease_mismatch"": false, ""contains_specific_dose"": false, ""contains_specific_withdrawal"": false, ""regulated_bad_treatment"": false}}",False,False,,,True,False,True,D:\XF-ChongQin\ai-\knowledge\llm_wiki_swine_authoritative,1465,887,"猪乙型脑炎
猪乙型脑炎、japanese encephalitis virus
繁殖障碍送检
繁殖异常持续出现，用户询问该采哪些样品、是否需要暂停配种和引种。","{""HUMAN_REVIEWED"": 2, ""NEEDS_REVIEW"": 2}","[""RC-REPRO-001"", ""SRC-0001"", ""SRC-0035"", ""SRC-0045"", ""SRC-0048"", ""SRC-0049"", ""SRC-0050"", ""SRC-0060"", ""SRC-0061"", ""SRC-0067"", ""SRC-0068"", ""SRC-0085""]",2221,31.04,ERNIE-4.5-Turbo-32K,92,28,19,24,21,False,True,"该回答在诊断准确性、病理逻辑、处方安全性和数据质量方面表现良好，符合猪乙型脑炎的典型症状和传播特点，采样和防控措施合理，无明显错误或风险。
问题：diagnosis_accuracy: 诊断描述中未明确提及体温升高（40度左右）与乙脑的关联性，尽管乙脑可能伴随发热，但未作为重点症状强调。；pathology_logic: 病理逻辑部分对蚊虫传播链的描述稍显简略，未详细说明蚊虫在乙脑传播中的具体作用机制。；data_quality: 数据质量方面，回答中未提及对采样人员的生物安全防护建议，尽管这不是核心问题，但属于数据完整性的小瑕疵。",hunyuan-turbos-20250926,90,4.5,4.5,5,4.5,False,False,"该回答整体准确描述了猪乙型脑炎的典型症状、传播途径及防控要点，诊断与处理方向一致，并强调了生物安全和禁止随意调运等安全边界，未发现危险建议。不足之处在于未充分关联体温升高与乙脑的关系，蚊虫传播机制说明较简略，且缺少采样人员防护提示。
问题：未明确强调体温升高与乙脑的关联性；蚊虫传播机制描述不够详细；缺少采样过程中的生物安全防护建议",True,ERNIE-4.5-Turbo-32K,True,pass,该回答在诊断准确性、病理逻辑、处方安全性和数据质量方面表现良好，符合猪乙型脑炎的典型症状和传播特点，采样和防控措施合理。尽管存在体温升高与乙脑关联性未明确、蚊虫传播机制描述简略、缺少采样人员防护建议等轻微不足，但不影响整体判断，且未发现危险建议或明显错误。,91.0,28,19,24,21,pass,19.35,15.32,
062c7db9-6811-5e8c-a061-241fe9902ecc,224,猪口蹄疫,swine_hunyuan_turbos,hunyuan-turbos-20250926,成功,,猪,我家有120头80公斤左右的育肥猪，最近一周陆续发现几头猪精神沉郁、不愿站立，口腔和蹄冠处有明显水疱，破溃后流涎、跛行，体温在39℃左右。之前用了阿莫西林和多维饮水，部分好转，但新发病例还在增加。圈舍通风一般，地面潮湿，想问还能继续用这些药吗？,根据描述的症状（高热、口腔及蹄部水疱、跛行、流涎）以及群体传播趋势，高度怀疑为猪口蹄疫。该病由口蹄疫病毒引起，属一类动物疫病，具有强传染性，需立即采取防控措施。,立即停止自行用药，向当地动物防疫部门报告疫情，配合开展流行病学调查与采样检测；对发病猪进行隔离，防止与健康猪接触；加强圈舍消毒，减少人员、车辆流动；暂停调运和销售；严禁使用未经批准的兽药或人用药；如需对症治疗，应在专业兽医指导下进行支持性护理，如补液、防继发感染，但不可替代疫病处置措施。,因涉及一类动物疫病，应按国家相关规定执行扑杀、无害化处理等措施，无常规休药期概念；若后续恢复生产，应按规定空栏并进行全面消毒。,"{""disease_name"": ""猪口蹄疫"", ""severity"": ""高"", ""scene_tags"": [""育肥猪"", ""水疱性病变"", ""群体传播"", ""高热""], ""validation_points"": [""症状符合口蹄疫典型表现（口腔、蹄部水疱、跛行、流涎）"", ""群体中出现多例且持续新增，提示传染性"", ""已尝试抗生素治疗无效，提示非细菌性病因""], ""risk_flags"": [""属于中国一类动物疫病，须依法上报并配合扑杀和无害化处理"", ""存在跨区域传播风险，需严格封锁和消毒"", ""禁止私自用药延误防控时机""], ""case_type"": ""育肥猪用药咨询"", ""target_disease"": ""猪口蹄疫"", ""local_flags"": {""species_ok"": true, ""target_disease_in_diagnosis"": true, ""target_disease_mismatch"": false, ""contains_specific_dose"": false, ""contains_specific_withdrawal"": false, ""regulated_bad_treatment"": false}}",False,False,,,True,False,True,D:\XF-ChongQin\ai-\knowledge\llm_wiki_swine_authoritative,1465,887,"猪口蹄疫
猪口蹄疫、foot and mouth disease picornaviruses
育肥猪用药咨询
育肥猪出现典型症状，用户已经用过常见药物但效果一般，询问是否继续用药。","{""HUMAN_REVIEWED"": 3, ""NEEDS_REVIEW"": 2}","[""A0-MOA-573"", ""A1-WOAH-FMD"", ""A1-WOAH-FMD-DISEASE"", ""SRC-0001"", ""SRC-0015"", ""SRC-0047""]",2187,25.64,ERNIE-4.5-Turbo-32K,92,28,18,25,21,False,True,"该回答对猪口蹄疫的诊断准确，症状描述与疾病特征高度匹配，诊断逻辑合理，防控建议符合一类动物疫病管理要求，未发现致命风险，整体数据质量较高。
问题：诊断准确性方面，虽症状匹配度高，但未提及鉴别诊断（如猪水泡病、猪水疱性疹等），可补充排除依据。；病理逻辑方面，未详细说明群体传播趋势与病毒传播途径的关联性。；数据质量方面，场景标签和验证点较全面，但风险标志可增加对人员防护的提示。",hunyuan-turbos-20250926,90,9,8.5,10,9,False,False,"该案例场景真实，用户描述的临床症状与猪口蹄疫典型表现高度一致，且存在群体传播趋势，诊断结论合理。处方建议严格遵循一类动物疫病防控规范，强调上报、隔离、消毒和无害化处理，避免不当用药，安全性高。不足之处在于缺乏对其他类似疾病的鉴别诊断说明，以及未明确提示人员防护措施。
问题：未进行鉴别诊断提示（如猪水疱病、猪水疱性疹等），可能影响临床判断的全面性。；未明确提醒养殖人员在操作过程中做好个人防护，以防人畜共患风险。；未详细解释群体传播趋势与病毒传播途径之间的关联。",True,ERNIE-4.5-Turbo-32K,True,pass,该回答对猪口蹄疫的诊断准确，症状描述与疾病特征高度匹配，诊断逻辑合理，防控建议符合一类动物疫病管理要求，未发现致命风险。尽管存在未提及鉴别诊断、未详细说明群体传播趋势与病毒传播途径的关联性、未明确提示人员防护措施等轻微不足，但整体数据质量较高，不影响其作为有效数据的参考价值。,91.0,28,18,25,21,pass,15.88,15.53,
d8018dda-e067-52f8-bea0-fb49b6920df5,361,猪玉米赤霉烯酮中毒,swine_hunyuan_turbos,hunyuan-turbos-20250926,成功,,猪,我家是300头基础母猪的种猪场，最近有3头怀孕80多天的母猪陆续流产，还有两头公猪性欲下降、精液稀薄，之前喂过一批新进的玉米，怀疑是不是饲料有问题？,结合病史及症状，考虑猪玉米赤霉烯酮中毒可能性较大。ZEA为具有雌激素样作用的霉菌毒素，可导致母猪阴户肿胀、流产、死胎、返情率升高，同时影响公猪精液质量。需排除猪繁殖与呼吸综合征、伪狂犬病、细小病毒病等传染性病因。,立即停喂可疑批次饲料并更换合格原料；加强圈舍通风干燥，防止霉变；对受影响母猪进行隔离观察，记录发情周期变化；采集饲料样品送实验室检测ZEA含量；对公猪调整营养，监测精液质量恢复情况；如怀疑其他传染病，应同步采样送检；严禁将疑似中毒母猪所产仔猪用于扩繁或出售。,因属中毒性病因，无药物休药期概念，但需确保饲料中ZEA降至安全水平后方可恢复正常配种与生产。,"{""disease_name"": ""猪玉米赤霉烯酮中毒"", ""severity"": ""中等"", ""scene_tags"": [""种猪场"", ""饲料污染"", ""繁殖障碍"", ""公猪精液异常""], ""validation_points"": [""症状符合ZEA雌激素样作用特征"", ""存在可疑霉变饲料暴露史"", ""需排除病毒性繁殖障碍""], ""risk_flags"": [""饲料安全"", ""繁殖性能下降"", ""潜在经济损失""], ""case_type"": ""种猪繁殖障碍"", ""target_disease"": ""猪玉米赤霉烯酮中毒"", ""local_flags"": {""species_ok"": true, ""target_disease_in_diagnosis"": true, ""target_disease_mismatch"": false, ""contains_specific_dose"": false, ""contains_specific_withdrawal"": false, ""regulated_bad_treatment"": false}}",False,False,,,True,False,True,D:\XF-ChongQin\ai-\knowledge\llm_wiki_swine_authoritative,1465,887,"猪玉米赤霉烯酮中毒
猪玉米赤霉烯酮中毒、zearalenone toxicosis
种猪繁殖障碍
种猪场出现流产、死胎、返情或公猪异常，用户担心传染病和是否继续配种。","{""HUMAN_REVIEWED"": 2, ""NEEDS_REVIEW"": 2, ""PROCESSED_SOURCE_ANCHORED"": 1}","[""SRC-0001"", ""SRC-0025"", ""SRC-0085""]",2176,28.61,ERNIE-4.5-Turbo-32K,92,28,18,24,22,False,True,"该回答整体表现良好，诊断准确，逻辑清晰，处理方向安全，数据质量较高。诊断考虑了猪玉米赤霉烯酮中毒的可能性，并排除了其他传染性病因，符合实际场景。处理建议合理，包括停喂可疑饲料、加强环境管理、隔离观察、实验室检测等。数据质量方面，症状、病史与疾病匹配，风险点识别准确。
问题：diagnosis_accuracy: 诊断准确性较高，但未完全覆盖所有可能的症状（如阴户肿胀未明确提及）。；pathology_logic: 病理逻辑清晰，但排除其他传染病时未详细说明排除依据。；prescription_safety: 处方安全，但未提及具体饲料更换后的监测措施。；data_quality: 数据质量较高，但风险标签中未明确提及人兽共患风险（虽本疾病无人兽共患风险，但标签完整性可提升）。",hunyuan-turbos-20250926,90,85,88,90,88,True,False,"该案例描述真实，用户提供了明确的养殖背景、临床症状及可疑饲料来源，有助于锁定玉米赤霉烯酮中毒的可能。诊断部分正确关联了典型症状与ZEA毒性作用，并合理排除常见病毒性繁殖障碍病。处理方案涵盖停喂可疑饲料、环境改善、隔离观察、实验室检测及公猪精液监测，且强调了禁止出售中毒母猪后代的安全边界，无明显危险建议。不足之处在于未明确提及阴户肿胀等典型症状，也未详述排除传染病的依据，以及缺少更换饲料后的持续监测细节。
问题：诊断未完整列出所有典型症状（如阴户肿胀）；排除其他传染病缺乏详细依据说明；未明确更换饲料后的持续监测措施",True,ERNIE-4.5-Turbo-32K,True,pass,诊断准确关联了典型症状与ZEA毒性作用，并合理排除了常见病毒性繁殖障碍病，处理方案涵盖停喂可疑饲料、环境改善、隔离观察、实验室检测及公猪精液监测，且强调了禁止出售中毒母猪后代的安全边界，无明显危险建议。尽管存在未完整列出所有典型症状、排除其他传染病缺乏详细依据说明、未明确更换饲料后的持续监测措施等轻微不足，但整体方向安全且疾病匹配，数据质量较高。,91.0,28,18,24,22,pass,22.14,16.16,
4e956fd8-33db-56d6-b641-4e476e24f6d1,370,猪口蹄疫,swine_hunyuan_turbos,hunyuan-turbos-20250926,成功,,猪,我家有200多头60公斤左右的育肥猪，分两栋圈养，最近一栋里陆续出现几头不吃料、跛行、蹄部和口鼻有水泡的情况，两天内又有新猪出现类似症状，之前用过阿莫西林饮水，效果不明显。这种情况能不能先当普通病治着看？,根据描述，多栋同时出现发热、跛行、口腔及蹄部水疱等症状，符合猪口蹄疫的典型表现。该病为高度传染性病毒病，临床症状通常较重，且在中国属于一类动物疫病，不可按普通病自行处理。,立即停止场内人员、车辆、工具随意流动，对发病猪进行隔离并限制移动；采集病料送有资质实验室确诊；全群加强消毒，减少应激；严禁私自用药掩盖病情；等待检测结果后由当地动物防疫部门决定处置方案。禁止将疑似病例作为普通病继续饲养或销售。,因属重大动物疫病，无常规休药期概念，须按官方扑杀、无害化处理或封锁等指令执行。,"{""disease_name"": ""猪口蹄疫"", ""severity"": ""高"", ""scene_tags"": [""全场"", ""多栋"", ""急性传播""], ""validation_points"": [""多栋短时间内相继发病"", ""典型水疱病变及跛行"", ""阿莫西林无效""], ""risk_flags"": [""一类动物疫病"", ""高度接触传播"", ""可能跨境扩散风险""], ""case_type"": ""暴发与处置边界"", ""target_disease"": ""猪口蹄疫"", ""local_flags"": {""species_ok"": true, ""target_disease_in_diagnosis"": true, ""target_disease_mismatch"": false, ""contains_specific_dose"": false, ""contains_specific_withdrawal"": false, ""regulated_bad_treatment"": false}}",False,False,,,True,False,True,D:\XF-ChongQin\ai-\knowledge\llm_wiki_swine_authoritative,1465,887,"猪口蹄疫
猪口蹄疫、foot and mouth disease picornaviruses
暴发与处置边界
同栏或多栋猪舍短期内发病增多，用户询问是否能先按普通病治疗观察。","{""HUMAN_"": 1, ""HUMAN_REVIEWED"": 2, ""NEEDS_REVIEW"": 2}","[""A0-MOA-573"", ""A1-WOAH-FMD"", ""A1-WOAH-FMD-DISEASE"", ""SRC-0001"", ""SRC-0021"", ""SRC-0047""]",2221,18.59,ERNIE-4.5-Turbo-32K,92,30,18,25,24,False,True,"该回答在诊断准确性、处方安全性和数据质量方面表现良好，病理逻辑基本合理，符合猪口蹄疫暴发与处置边界场景下的测试要求。
问题：病理逻辑部分对猪口蹄疫传播机制和症状发展过程的解释稍显简略，未充分说明为何阿莫西林无效与病毒病关联。",hunyuan-turbos-20250926,90,95,85,95,90,False,False,"该数据整体真实可信，用户描述的场景（多栋育肥猪同时出现典型口蹄疫症状）与诊断结果一致，处方措施符合重大动物疫病的防控规范，强调了隔离、送检、消毒和官方处置，避免了危险建议。不足之处在于病理机制解释不够深入，未明确说明阿莫西林无效的病毒病因理。
问题：病理逻辑中对口蹄疫的病原特性、传播方式及为何抗生素无效的解释不足；未提及疫情上报义务和可能的人畜共患风险提示",True,ERNIE-4.5-Turbo-32K,True,pass,该回答在诊断准确性、处方安全性和数据质量方面表现良好，诊断与用户描述的猪口蹄疫症状高度匹配，处方措施符合重大动物疫病的防控规范，强调了隔离、送检、消毒和官方处置，避免了危险建议。尽管病理逻辑部分对猪口蹄疫传播机制和症状发展过程的解释稍显简略，未充分说明阿莫西林无效与病毒病的关联，但整体不影响诊断和处置方向的安全性，可判pass。,91.0,30,18,25,24,pass,10.78,17.71,
b811a5f8-ced6-58f7-9524-4601ed0ece96,400,猪恶性卡他热相关感染,swine_hunyuan_turbos,hunyuan-turbos-20250926,成功,,猪,我家有200多头育肥猪，平均体重在80公斤左右，最近一周有两栋圈舍陆续出现高热、眼鼻分泌物多、精神沉郁的情况，有的还伴有腹泻，之前没用过什么特别的药物。听说附近有羊场，会不会跟这个有关？能不能先用点退烧消炎药看看情况再决定？,根据描述的高热、眼鼻分泌物增多、精神沉郁及腹泻等症状，结合近期周边存在羊群的情况，需高度怀疑猪恶性卡他热相关感染（由绵羊疱疹病毒2型等γ疱疹病毒引起）。该病为偶发性系统性病毒感染，临床表现多样，部分病例可类似其他发热性传染病。确诊需通过实验室检测（如PCR）明确病原。,目前不建议直接按普通细菌病进行常规退热消炎处理，以免掩盖病情延误防控。应立即采取以下措施：1. 将疑似病例与健康猪严格隔离，限制人员、车辆、工具交叉流动；2. 对发病猪舍及周边环境加强消毒，减少潜在传播风险；3. 采集病猪血液、组织等样本送具备资质的实验室检测，明确是否为恶性卡他热或其他重大疫病；4. 若检测结果提示为恶性卡他热，应依据当地畜牧兽医主管部门意见执行相应防控措施，包括封锁、扑杀、无害化处理等；5. 在未排除重大疫病前，禁止随意用药或出售转移生猪。,因涉及重大动物疫病防控，无具体休药期建议，须等待主管部门判定疫情性质后依规定执行。,"{""disease_name"": ""猪恶性卡他热相关感染"", ""severity"": ""高"", ""scene_tags"": [""育肥猪"", ""多栋圈舍"", ""高热"", ""眼鼻分泌物"", ""腹泻"", ""羊群接触史""], ""validation_points"": [""症状符合恶性卡他热常见表现"", ""存在羊群接触史增加感染可能性"", ""需实验室检测确认病原""], ""risk_flags"": [""可能为人畜共患/重大动物疫病"", ""需立即隔离并上报""], ""case_type"": ""暴发与处置边界"", ""target_disease"": ""猪恶性卡他热相关感染"", ""local_flags"": {""species_ok"": true, ""target_disease_in_diagnosis"": true, ""target_disease_mismatch"": false, ""contains_specific_dose"": false, ""contains_specific_withdrawal"": false, ""regulated_bad_treatment"": false}}",False,False,,,True,False,True,D:\XF-ChongQin\ai-\knowledge\llm_wiki_swine_authoritative,1465,887,"猪恶性卡他热相关感染
猪恶性卡他热相关感染、malignant catarrhal fever ovine herpesvirus 2
暴发与处置边界
同栏或多栋猪舍短期内发病增多，用户询问是否能先按普通病治疗观察。","{""HUMAN_REVIEWED"": 1, ""NEEDS_REVIEW"": 4}","[""SRC-0001"", ""SRC-0041""]",2026,31.99,ERNIE-4.5-Turbo-32K,92,28,19,24,21,False,True,"该回答在诊断准确性、病理逻辑、处方安全性和数据质量方面均表现良好，符合猪恶性卡他热相关感染的诊断与处置要求，未发现致命风险。
问题：诊断准确性方面，虽然症状描述和羊群接触史支持猪恶性卡他热的怀疑，但未完全覆盖所有可能症状，评分略扣；；病理逻辑方面，回答逻辑清晰，但未详细解释为何不能按普通病治疗观察，评分略扣；；处方安全性方面，措施全面且安全，但未提及具体药物使用禁忌（虽在此场景下非必需），评分略扣；；数据质量方面，信息完整且准确，但场景标签和验证点可更细化，评分略扣。",hunyuan-turbos-20250926,90,9,9,10,9,False,False,"回答整体科学严谨，针对猪恶性卡他热相关感染的怀疑给出了合理诊断思路，并强调实验室确诊的重要性。处方措施安全合规，未给出具体药物剂量或休药期，避免了误导用药的风险。同时强调了重大疫病的防控流程，符合生物安全要求。不足之处在于诊断部分未列举更多典型症状以强化判断依据，病理逻辑中未充分解释为何不宜先尝试普通药物治疗，以及缺少对可能误诊风险的提醒。
问题：诊断部分未补充更多典型症状以增强判断依据；病理逻辑未详细说明为何不能直接用普通退热消炎药试探治疗；未提及可能的误诊风险及与其他发热性传染病的鉴别要点",True,ERNIE-4.5-Turbo-32K,True,pass,回答在诊断准确性、病理逻辑、处方安全性和数据质量方面均表现良好，诊断思路合理，强调了实验室确诊的重要性，处方措施安全合规，符合生物安全要求。尽管存在诊断部分未列举更多典型症状、病理逻辑未充分解释为何不宜先尝试普通药物治疗以及缺少对可能误诊风险的提醒等轻微不足，但不影响整体判断，可判pass。,91.0,28,19,24,21,pass,19.65,17.26,
db3e20b7-a87b-5936-9dc0-a2f4d9a15c8e,442,猪瘟,swine_hunyuan_turbos,hunyuan-turbos-20250926,成功,,猪,我家有120头育肥猪，平均体重60公斤左右，分两栋圈养。最近一栋里陆续出现发热、精神沉郁、皮肤发红发紫的情况，已经有7头这样了，昨天开始还有两头呕吐拉稀。之前用过恩诺沙星拌料三天，没见好转。请问能不能先当普通病治着看？,根据描述的症状（高热、精神沉郁、皮肤发绀、呕吐腹泻），在育肥猪群中短时间内多例发生，高度怀疑为猪瘟（Classical Swine Fever）。该病为病毒性传染病，具有急性暴发特征，且死亡率高。,treatment_direction: 不建议自行按普通疾病治疗。应立即停止任何常规抗菌药物的继续投喂，防止掩盖病情延误处置。；management_measures: 对发病猪及同栏健康猪立即实施严格隔离，禁止人员、车辆、工具随意进出病区；加强消毒，限制人员流动；暂停引种和出售计划。；sampling_and_testing: 尽快采集发病猪的血液、组织样本送具备资质的实验室进行猪瘟病原核酸检测或抗原检测，以确诊。；prohibited_actions: 严禁私自屠宰、销售或转运可疑病猪及其产品；不得在未经确认的情况下继续使用抗生素试图‘压住’病情。,因涉及重大动物疫病，无场内治疗处方，不存在常规休药期概念。应等待检测结果并依据当地畜牧兽医主管部门的处置意见执行。,"{""disease_name"": ""猪瘟"", ""severity"": ""高致死性、烈性传染病"", ""scene_tags"": [""育肥猪"", ""群发"", ""高热"", ""皮肤发绀"", ""呕吐腹泻""], ""validation_points"": [""症状符合猪瘟典型表现"", ""短时间内多例发生提示传染性高"", ""抗生素治疗无效支持病毒性病因""], ""risk_flags"": [""重大动物疫病"", ""需立即隔离与送检"", ""禁止擅自治疗与流通""], ""case_type"": ""暴发与处置边界"", ""target_disease"": ""猪瘟"", ""local_flags"": {""species_ok"": true, ""target_disease_in_diagnosis"": true, ""target_disease_mismatch"": false, ""contains_specific_dose"": false, ""contains_specific_withdrawal"": false, ""regulated_bad_treatment"": false}}",False,False,,,True,False,True,D:\XF-ChongQin\ai-\knowledge\llm_wiki_swine_authoritative,1465,887,"猪瘟
猪瘟、classical swine fever pestiviruses、经典猪瘟、CSF
暴发与处置边界
同栏或多栋猪舍短期内发病增多，用户询问是否能先按普通病治疗观察。","{""HUMA"": 1, ""HUMAN_REVIEWED"": 3}","[""A1-WOAH-CSF-DISEASE"", ""SRC-0001"", ""SRC-0031"", ""SRC-0046""]",2221,27.49,ERNIE-4.5-Turbo-32K,92,28,19,24,21,False,True,"该回答在诊断准确性、病理逻辑、处方安全性和数据质量方面表现良好，对猪瘟的诊断和处理建议符合实际情况，无明显错误或风险。
问题：diagnosis_accuracy: 诊断准确性较高，但未完全覆盖所有症状（如呕吐腹泻的关联性解释稍弱）。；pathology_logic: 病理逻辑清晰，但未详细说明猪瘟的传播途径和潜伏期对诊断的影响。；prescription_safety: 处方安全性高，但未提及紧急情况下的初步处理措施（如降温、补液等）。；data_quality: 数据质量较好，但场景标签和验证点可以更详细（如增加猪瘟的流行病学特点）。",hunyuan-turbos-20250926,90,9,8.5,10,8.5,False,False,"该数据整体真实可信，用户描述的场景符合猪瘟在育肥猪群中的典型暴发模式，症状与猪瘟高度吻合。诊断明确指向重大动物疫病，处理建议强调隔离、送检、禁售禁运，符合生物安全和法规防控要求，未出现危险用药建议。不足之处在于对部分症状的关联机制解释不够深入，以及缺少紧急支持性护理提示。
问题：呕吐腹泻等症状与猪瘟的病理联系说明不足；未补充传播途径、潜伏期等流行病学信息以增强诊断说服力；缺乏紧急情况下可采取的辅助护理措施（如降温、补液）",True,ERNIE-4.5-Turbo-32K,True,pass,两位评委均认为该回答在诊断准确性、病理逻辑、处方安全性和数据质量方面表现良好，诊断明确指向猪瘟，处理建议符合生物安全和法规防控要求，未出现危险用药建议。尽管存在对部分症状关联机制解释不够深入、缺少流行病学信息和紧急支持性护理提示等轻微不足，但不影响整体判断，可判pass。,91.0,28,19,24,21,pass,19.03,16.51,
038a136d-967f-5b43-a1d4-a133e2404dd3,443,猪口蹄疫,swine_hunyuan_turbos,hunyuan-turbos-20250926,成功,,猪,我家有200多头育肥猪，平均体重在80公斤左右，最近几天陆续发现有几头出现蹄冠、鼻镜和口腔内有水泡，有的破溃结痂，走路跛行，采食量下降，体温升高到40℃以上。之前用过阿莫西林饮水，没见好转。请问这种情况是不是口蹄疫？应该采集哪些样品送检？怎么防止误诊耽误防控？,根据描述的临床症状（多部位水疱、破溃、跛行、发热）及群体发病情况，高度怀疑为猪口蹄疫。该病属一类动物疫病，需立即采取防控措施并送样确诊。,treatment_direction: 本病无特效药物治疗，应停止常规抗生素使用，以防掩盖病情延误防控。；management_measures: 立即隔离病猪与健康猪，限制人员、车辆、器具流动，对圈舍及周边环境进行彻底消毒，减少应激因素。；sampling_submission: 采集新鲜水疱液、破溃组织、舌面黏膜拭子，必要时采集血液样本，尽快送至具备资质的实验室进行病原学检测（如RT-PCR）。；prohibited_actions: 严禁私自屠宰、出售、运输病猪及其产品，不得擅自使用未经批准的疫苗或药物替代官方防控措施。,因无治疗药物且涉及重大动物疫病，不涉及休药期管理，应按官方扑杀或无害化处理方案执行。,"{""disease_name"": ""猪口蹄疫"", ""severity"": ""高"", ""scene_tags"": [""育肥猪"", ""水疱病变"", ""群体发病"", ""高热"", ""跛行""], ""validation_points"": [""多部位水疱性病变符合口蹄疫特征"", ""群体性发病提示传染性高"", ""常规抗生素治疗无效支持病毒性病因""], ""risk_flags"": [""属于中国一类动物疫病，须按规定上报并采取封锁、扑杀等强制措施"", ""存在跨区域传播风险，需严格生物安全管控""], ""case_type"": ""采样送检咨询"", ""target_disease"": ""猪口蹄疫"", ""local_flags"": {""species_ok"": true, ""target_disease_in_diagnosis"": true, ""target_disease_mismatch"": false, ""contains_specific_dose"": false, ""contains_specific_withdrawal"": false, ""regulated_bad_treatment"": false}}",False,False,,,True,False,True,D:\XF-ChongQin\ai-\knowledge\llm_wiki_swine_authoritative,1465,887,"猪口蹄疫
猪口蹄疫、foot and mouth disease picornaviruses
采样送检咨询
用户描述症状后，重点询问采什么样品、如何判断和如何避免误治。","{""HUMAN_REVIEWED"": 3, ""NEEDS_REVIEW"": 2}","[""A0-MOA-573"", ""A1-WOAH-FMD"", ""A1-WOAH-FMD-DISEASE"", ""SRC-0001"", ""SRC-0009"", ""SRC-0047""]",2164,25.91,ERNIE-4.5-Turbo-32K,92,28,18,24,22,False,True,"整体回答质量较高，诊断准确，病理逻辑清晰，处方安全合理，数据质量良好，无明显致命风险。
问题：diagnosis_accuracy: 诊断准确性较高，但未完全覆盖所有可能症状的鉴别诊断，如与其他水疱性疾病的区分。；pathology_logic: 病理逻辑基本合理，但未详细解释水疱病变与口蹄疫病毒的具体关联机制。；prescription_safety: 处方安全合理，但未明确提及对操作人员的生物安全防护措施。；data_quality: 数据质量良好，但场景标签和验证点可以更详细，以增强数据的可追溯性和可验证性。",hunyuan-turbos-20250926,90,9,8,10,9,False,False,"该数据场景真实，症状与目标疾病（猪口蹄疫）高度吻合，诊断思路正确，处理措施符合重大动物疫病防控原则，未出现危险用药或违规处置建议，整体安全合规。不足之处在于鉴别诊断说明不足、病理机制阐述不够深入，以及缺少对操作人员生物安全的提示。
问题：未充分列举其他可能引起水疱性病变的疾病以作鉴别；缺乏对口蹄疫病毒致病机制的详细说明；未提醒采样和处理过程中的人员生物安全防护",True,ERNIE-4.5-Turbo-32K,True,pass,两位评委均认为整体回答质量较高，诊断准确，病理逻辑基本合理，处方安全合规，符合重大动物疫病防控原则。尽管存在鉴别诊断说明不足、病理机制阐述不够深入以及缺少对操作人员生物安全提示等轻微不足，但不影响整体数据质量，且未出现危险用药或违规处置建议，无明显致命风险。,91.0,28,18,24,22,pass,17.7,16.96,
54ec799d-2905-5e33-b6cd-d14a65ecb5cc,445,猪胸膜肺炎,swine_hunyuan_turbos,hunyuan-turbos-20250926,成功,,猪,我家有200头60公斤左右的育肥猪，这几天有几头开始咳嗽、呼吸急促、体温升高到40度左右，吃料明显减少，昨天又死了两头，剖检发现肺部有出血坏死灶，怀疑是不是胸膜肺炎？要不要整批用抗生素？,根据描述的症状（高热、咳嗽、呼吸困难、采食下降）、剖检所见肺部出血坏死及纤维素性胸膜炎等特征性病变，结合育肥猪阶段高发特点，高度怀疑为猪胸膜肺炎（由胸膜肺炎放线杆菌引起）。该病在密闭饲养条件下可通过飞沫快速传播，需尽快控制传染源并防止扩散。,treatment_direction: 针对胸膜肺炎放线杆菌选用敏感抗生素进行群体治疗，同时配合改善通风、降低氨气浓度等措施。；management_measures: 立即隔离病猪，加强圈舍通风换气，保持适宜温湿度，减少应激；对病死猪无害化处理，防止病原扩散。；sampling_submission: 采集病猪肺组织、气管分泌物送实验室分离鉴定病原，并进行药敏试验指导后续用药。；contraindications_boundary: 严禁使用未经批准的违禁药物；若怀疑为重大动物疫病或疫情扩散迅速，应按规定上报主管部门，不得擅自处理。,按所用药物说明执行相应休药期，确保上市猪肉安全。,"{""disease_name"": ""猪胸膜肺炎"", ""severity"": ""高"", ""scene_tags"": [""育肥猪"", ""呼吸道症状"", ""群体发病"", ""高热"", ""采食下降""], ""validation_points"": [""症状符合胸膜肺炎急性表现（高热、咳嗽、呼吸困难）"", ""剖检见肺部出血坏死及纤维素性胸膜炎"", ""育肥猪阶段为该病高发期""], ""risk_flags"": [""存在快速传播风险"", ""可能导致死亡损失"", ""需警惕疫情扩散""], ""case_type"": ""呼吸道群体发病"", ""target_disease"": ""猪胸膜肺炎"", ""local_flags"": {""species_ok"": true, ""target_disease_in_diagnosis"": true, ""target_disease_mismatch"": false, ""contains_specific_dose"": false, ""contains_specific_withdrawal"": false, ""regulated_bad_treatment"": false}}",False,False,,,True,False,True,D:\XF-ChongQin\ai-\knowledge\llm_wiki_swine_authoritative,1465,887,"猪胸膜肺炎
猪胸膜肺炎、actinobacillus pleuropneumoniae pleuropneumonia
呼吸道群体发病
同栏出现咳嗽、喘气、发热、采食下降，用户想判断病因和是否需要全群用药。","{""HUMAN_REVIEWED"": 3, ""NEEDS_REVIEW"": 2}","[""A0-MOA-573"", ""SRC-0001"", ""SRC-0006"", ""SRC-0058""]",2127,33.26,ERNIE-4.5-Turbo-32K,92,28,19,24,21,False,True,"该回答整体表现优秀，诊断准确，病理逻辑清晰，处方安全合理，数据质量较高。诊断依据充分，结合症状、剖检结果和育肥猪阶段特点，高度怀疑猪胸膜肺炎。病理逻辑符合疾病特征，处方中选用敏感抗生素、改善通风等措施有效，且注意到了违禁药物和疫情上报的禁忌。数据质量方面，症状、剖检和风险标签均与疾病高度相关。
问题：diagnosis_accuracy: 诊断准确性虽高，但未明确提及胸膜肺炎放线杆菌的血清型差异可能影响药敏结果。；pathology_logic: 病理逻辑中未详细解释纤维素性胸膜炎与胸膜肺炎放线杆菌感染的直接关联。；prescription_safety: 处方安全中未具体说明敏感抗生素的选择依据（如药敏试验结果）。；data_quality: 数据质量中风险标签虽全面，但未提及人兽共患风险（虽猪胸膜肺炎非人兽共患病，但评估应考虑全面性）。",hunyuan-turbos-20250926,90,9,8.5,9,8.5,False,False,"该回答整体表现良好，诊断准确，病理逻辑基本合理，处方安全且包含必要的防疫与管理措施，无明显危险建议。不足之处在于部分细节可进一步补充，例如血清型差异、纤维素性胸膜炎与病原的直接联系以及抗生素选择依据的细化。
问题：未提及胸膜肺炎放线杆菌不同血清型对药敏的影响；病理机制中对纤维素性胸膜炎与病原关系的解释不足；处方中未明确敏感抗生素选择的依据",True,ERNIE-4.5-Turbo-32K,True,pass,诊断准确，结合症状、剖检结果和育肥猪阶段特点，高度怀疑猪胸膜肺炎，病理逻辑符合疾病特征。处方中选用敏感抗生素、改善通风等措施有效，且注意到了违禁药物和疫情上报的禁忌，整体安全合理。虽然存在部分细节未提及，如血清型差异、纤维素性胸膜炎与病原的直接联系以及抗生素选择依据的细化，但不影响整体判断，数据质量较高。,91.0,28,19,24,21,pass,22.81,14.21,
8bf123a3-804c-5faa-b96c-c42784b8d776,455,猪霉菌毒素中毒,swine_hunyuan_turbos,hunyuan-turbos-20250926,成功,,猪,我家是100多头母猪自繁自养场，最近刚换了一批新玉米做的全价料，大概喂了三四天吧，发现部分母猪采食量明显下降，有的还出现呕吐、精神沉郁，个别怀孕母猪有流产迹象，育肥猪也有拉稀的情况。之前没出现过这种情况，想问问是不是饲料有问题？,根据描述，结合近期更换饲料原料（玉米）、群体性采食下降、呕吐、流产及腹泻等症状，高度怀疑为猪霉菌毒素中毒。霉菌毒素可在玉米收获、储存或运输过程中污染，导致多种临床表现，包括消化障碍、繁殖障碍和神经症状。,treatment_direction: 立即停喂可疑批次饲料，更换为安全无霉变的全价料；提供清洁饮水，添加适量维生素C、复合B族维生素等支持性营养剂；对严重病例进行对症治疗（如补液、止吐）。；management_measures: 全面检查库存饲料和原料的霉变情况，清理霉变部分；加强饲料储存管理，保持干燥通风，防止二次污染；记录发病猪只数量、症状及变化，便于后续分析。；sampling_and_testing: 采集剩余可疑饲料样品送实验室检测霉菌毒素含量（如黄曲霉毒素、呕吐毒素、玉米赤霉烯酮等），同时保留同批未开封饲料作对照。；prohibited_actions: 严禁将疑似中毒饲料继续饲喂任何猪群；禁止随意使用抗生素掩盖症状而不查明病因；在检测结果出来前，不建议大规模转移或出售猪只。,因属中毒事件而非药物残留，不涉及常规休药期，但应待饲料更换且临床症状消失后再考虑出栏或销售。,"{""disease_name"": ""猪霉菌毒素中毒"", ""severity"": ""中等至重度"", ""scene_tags"": [""饲料更换后发病"", ""群体性症状"", ""繁殖障碍""], ""validation_points"": [""症状与霉菌毒素中毒典型表现一致"", ""存在明确饲料更换史"", ""多系统受累（消化、生殖、神经）""], ""risk_flags"": [""需排除其他中毒或传染病"", ""需实验室检测确认毒素类型""], ""case_type"": ""饲料中毒咨询"", ""target_disease"": ""猪霉菌毒素中毒"", ""local_flags"": {""species_ok"": true, ""target_disease_in_diagnosis"": true, ""target_disease_mismatch"": false, ""contains_specific_dose"": false, ""contains_specific_withdrawal"": false, ""regulated_bad_treatment"": false}}",False,False,,,True,False,True,D:\XF-ChongQin\ai-\knowledge\llm_wiki_swine_authoritative,1465,887,"猪霉菌毒素中毒
猪霉菌毒素中毒、mycotoxins in grains and feeds
饲料中毒咨询
更换饲料或玉米批次后出现采食下降、呕吐、繁殖异常或神经症状，用户怀疑饲料问题。","{""NEEDS_REVIEW"": 2, ""PROCESSED_SOURCE_ANCHORED"": 2}","[""SRC-0001"", ""SRC-0085""]",2220,25.01,ERNIE-4.5-Turbo-32K,92,28,19,24,21,False,True,"该回答在诊断准确性、病理逻辑、处方安全性和数据质量方面均表现良好，符合猪霉菌毒素中毒的典型症状和诊断逻辑，处理方向安全且与疾病相互印证，无明显错误或风险点。
问题：诊断准确性方面，虽然症状描述和饲料更换史支持霉菌毒素中毒的诊断，但未完全排除其他中毒或传染病的可能性，建议增加鉴别诊断的说明。；病理逻辑方面，对霉菌毒素中毒的多系统受累机制解释不够深入，可进一步补充相关病理知识。；数据质量方面，虽然场景标签和验证点较为全面，但风险标志中提到的实验室检测确认毒素类型未在回答中明确强调其重要性。",hunyuan-turbos-20250926,90,9,8.5,10,9,False,False,"该案例场景真实，症状与猪霉菌毒素中毒高度吻合，诊断依据充分，处理方案安全合理，包含停用可疑饲料、对症支持治疗、环境管理和采样送检等措施，并明确禁止继续使用可疑饲料和滥用抗生素，避免了潜在的人畜共患或重大疫情扩散风险。不足之处在于缺乏对其他可能病因的简要鉴别说明，以及病理机制阐述略显简略。
问题：未进行鉴别诊断提示，例如病毒性腹泻、细菌性感染或其他中毒可能性。；对霉菌毒素致病机制的病理生理解释不足，未能体现多器官损伤的具体路径。；未突出实验室检测对于确诊的重要性。",True,ERNIE-4.5-Turbo-32K,True,pass,该回答在诊断准确性、病理逻辑、处方安全性和数据质量方面均表现良好，诊断依据充分，处理方案安全合理，符合猪霉菌毒素中毒的典型症状和诊断逻辑，虽存在未完全排除其他中毒或传染病的可能性、对霉菌毒素中毒的多系统受累机制解释不够深入、未明确强调实验室检测确认毒素类型的重要性等轻微不足，但不影响整体判断，可判pass。,91.0,28,19,24,21,pass,16.58,22.19,
d9356a55-2a53-5eca-8879-60e214438526,456,猪布鲁氏菌病,swine_hunyuan_turbos,hunyuan-turbos-20250926,成功,,猪,我家有120头母猪和8头公猪，最近两个月陆续发现好几头怀孕母猪流产，还有两头公猪睾丸肿大、精液质量差，之前没用过什么特别的药物，圈舍通风一般，想问下这种情况是不是要停配种？需要送哪些样去化验？,根据描述，存在母猪流产及公猪睾丸病变，符合布鲁氏菌等引起繁殖障碍的细菌病特征，需结合实验室检测确认是否为猪布鲁氏菌病或其他繁殖障碍病因。,treatment_direction: 确诊前不建议使用抗生素进行预防性治疗，以免干扰检测结果；如确诊，应依据兽医指导选择敏感抗菌药物并严格遵循停药期管理。；management_measures: 立即暂停所有配种和引种活动，防止病原扩散；对发病个体与健康个体分群饲养，加强圈舍消毒与人员防护；减少应激因素，改善通风条件。；sampling_submission: 采集流产胎儿组织、胎盘、公猪精液及睾丸病变组织，同时采集血液样本进行血清学检测；建议由具备资质的兽医实验室进行布鲁氏菌分离培养及PCR检测。；prohibited_boundaries: 在未获得实验室确诊结果前，禁止将场内猪只外调或引入新猪；严禁私自宰杀或处理病死猪，须按当地动物防疫部门规定处置。,未确诊前不进行任何药物治疗，故无明确休药期；若后续确诊并用药，应严格按照兽医处方执行相应休药期管理。,"{""disease_name"": ""猪布鲁氏菌病"", ""severity"": ""中等至严重（可能导致群体繁殖力下降、经济损失及潜在人兽共患风险）"", ""scene_tags"": [""繁殖障碍"", ""流产"", ""公猪睾丸炎"", ""人兽共患风险""], ""validation_points"": [""症状包括母猪流产和公猪睾丸肿大，符合布鲁氏菌病的繁殖障碍特征"", ""建议暂停配种和引种以防止病原扩散"", ""强调实验室检测的重要性，并提供合适的采样方案""], ""risk_flags"": [""可能为人兽共患病原体，需做好人员防护"", ""属重大动物疫病范畴，需配合主管部门处置""], ""case_type"": ""繁殖障碍送检"", ""target_disease"": ""猪布鲁氏菌病"", ""local_flags"": {""species_ok"": true, ""target_disease_in_diagnosis"": true, ""target_disease_mismatch"": false, ""contains_specific_dose"": false, ""contains_specific_withdrawal"": false, ""regulated_bad_treatment"": false}}",False,False,,,True,False,True,D:\XF-ChongQin\ai-\knowledge\llm_wiki_swine_authoritative,1465,887,"猪布鲁氏菌病
猪布鲁氏菌病、brucella suis brucellosis、布鲁氏菌病、Brucella suis
繁殖障碍送检
繁殖异常持续出现，用户询问该采哪些样品、是否需要暂停配种和引种。","{""HUMAN_REVIEWED"": 2, ""NEEDS_REVIEW"": 2}","[""SRC-0001"", ""SRC-0060"", ""SRC-0061""]",2221,25.17,ERNIE-4.5-Turbo-32K,92,28,19,24,21,False,True,"整体回答质量较高，诊断方向准确，管理措施和采样建议合理，符合布鲁氏菌病的防控要求，未发现重大错误或风险。
问题：diagnosis_accuracy: 诊断部分未明确提及布鲁氏菌病的人兽共患风险，尽管在风险标志中提及，但诊断描述中缺乏直接关联。；pathology_logic: 病理逻辑部分对布鲁氏菌病的典型症状描述较为笼统，未深入解释症状与病原的直接关联。；data_quality: 数据质量部分，场景标签和验证点较为全面，但未提及具体的人兽共患防护措施细节。",hunyuan-turbos-20250926,90,4,4,5,4,True,False,"该回答整体结构完整，诊断方向正确，管理措施和采样送检建议科学且符合布鲁氏菌病防控原则，未出现危险用药建议，并在未确诊前采取了严格的生物安全措施，避免了疫情扩散风险。不足之处在于诊断部分对人兽共患风险的提示不够突出，病理机制解释略显笼统，缺少更具体的防护细节。
问题：诊断描述未明确强调布鲁氏菌病的人兽共患特性及其公共卫生意义；病理逻辑中对症状与病原关系的解释不够深入；缺少针对人兽共患病的具体人员防护操作细节",True,ERNIE-4.5-Turbo-32K,True,pass,整体回答质量较高，诊断方向准确，管理措施和采样建议合理，符合布鲁氏菌病的防控要求。尽管诊断部分对人兽共患风险的提示不够突出，病理机制解释略显笼统，且缺少针对人兽共患病的具体人员防护操作细节，但这些不足不影响整体回答的正确性和安全性，可通过后续优化完善。,91.0,28,19,24,21,pass,17.51,22.62,
486b8da9-b459-557f-aa10-70ba24af0660,394,猪丝状病毒相关感染,swine_hunyuan_turbos,hunyuan-turbos-20250926,成功,,猪,我场有120头育肥猪，平均体重约90公斤，最近一周内同一圈舍里陆续出现精神沉郁、食欲下降、体温升高到40℃左右的情况，有几头还伴有轻微腹泻。之前用过氟苯尼考和多西环素拌料三天，效果不明显。请问这种情况能不能先当普通细菌感染继续用药观察？,根据描述的症状及传播模式，存在高度怀疑为重大动物疫病的风险，尤其是涉及病毒类且可能具有人兽共患风险的疾病（如猪丝状病毒相关感染）。目前缺乏特异性实验室确诊依据，不能直接排除重大疫病的可能。,treatment_direction: 立即停止场内随意用药，暂停使用任何抗生素或抗病毒药物进行经验性治疗。；management_measures: 立即对发病猪群与健康猪群物理隔离，限制人员、车辆、工具交叉流动，加强消毒措施。；sampling_and_testing: 采集血液、组织等样本送具备资质的实验室进行病原学检测和鉴别诊断，明确是否为重大动物疫病。；prohibited_boundaries: 在未获得官方检测结果前，严禁擅自出售、转运、屠宰或食用可疑猪只，禁止自行采取扑杀以外的防控措施。,因未进行实际药物治疗，无直接休药期问题；若后续经官方批准使用药物，应严格遵循相应药物的休药期规定。,"{""disease_name"": ""猪丝状病毒相关感染"", ""severity"": ""高"", ""scene_tags"": [""全场流行"", ""短期多例"", ""高热食欲减退""], ""validation_points"": [""症状符合急性病毒性感染特征"", ""传播速度快提示高风险"", ""曾用抗生素治疗无效""], ""risk_flags"": [""可能涉及重大动物疫病"", ""存在潜在人兽共患风险"", ""需立即上报并配合检测""], ""case_type"": ""暴发与处置边界"", ""target_disease"": ""猪丝状病毒相关感染"", ""local_flags"": {""species_ok"": true, ""target_disease_in_diagnosis"": true, ""target_disease_mismatch"": false, ""contains_specific_dose"": false, ""contains_specific_withdrawal"": false, ""regulated_bad_treatment"": false}}",False,False,,,True,False,True,D:\XF-ChongQin\ai-\knowledge\llm_wiki_swine_authoritative,1465,887,"猪丝状病毒相关感染
猪丝状病毒相关感染、filoviruses reston ebolavirus zaire ebolavirus
暴发与处置边界
同栏或多栋猪舍短期内发病增多，用户询问是否能先按普通病治疗观察。","{""NEEDS_REVIEW"": 5}","[""SRC-0001""]",2058,26.82,ERNIE-4.5-Turbo-32K,92,28,18,25,21,False,True,"该回答在诊断准确性、病理逻辑、处方安全性和数据质量方面表现良好，对猪丝状病毒相关感染的识别和处置建议符合专业规范，未发现致命风险。
问题：diagnosis_accuracy: 诊断部分虽提及高度怀疑重大疫病，但未明确列举猪丝状病毒相关感染的特异性症状（如出血倾向、高死亡率等），仅依赖传播模式和抗生素无效推断，略显不足。；pathology_logic: 病理逻辑部分对症状与疾病关联的解释不够深入，未详细说明为何排除其他常见病毒病（如猪瘟、蓝耳病等）。；data_quality: 数据质量部分对用户查询的响应较全面，但未提及猪只年龄、免疫史等可能影响诊断的关键信息，略显片面。",hunyuan-turbos-20250926,88,85,83,95,85,False,False,"回答整体结构合理，针对用户描述的育肥猪群体症状及时识别了重大疫病风险，并给出了停止随意用药、隔离、送检、禁售等安全边界措施，避免了危险建议。但诊断部分对猪丝状病毒相关感染的特异性症状描述不足，未充分排除其他类似病毒性传染病，病理推理深度有限，也未提示获取更多病史信息以提高诊断针对性。
问题：诊断中缺少猪丝状病毒相关感染的特异性临床表现说明（如出血、高死亡率等）；未详细分析并排除其他常见病毒性疫病的可能性；未询问或提示用户补充免疫史、疫苗接种情况、饲养管理细节等关键信息",True,ERNIE-4.5-Turbo-32K,True,pass,回答整体结构合理，针对用户描述的猪群症状及时识别了重大疫病风险，并给出了停止随意用药、隔离、送检、禁售等安全边界措施，避免了危险建议。尽管诊断部分对猪丝状病毒相关感染的特异性症状描述不足，未充分排除其他类似病毒性传染病，且未提示获取更多病史信息以提高诊断针对性，但这些不足属于轻微缺陷，不影响整体的安全性和参考价值。,90.0,28,18,25,21,pass,18.53,18.74,
2a5ed19f-907d-5776-9abe-1c418a4a0c18,18,猪布鲁氏菌病,swine_hunyuan_turbos,hunyuan-turbos-20250926,成功,,猪,我家有120头母猪和15头公猪，最近两个月陆续发现几头怀孕母猪流产，还有一头公猪睾丸肿大，体温正常。之前没用过什么特别的药物，圈舍通风一般，想问这种情况是不是要停配种和引进新猪？应该采哪些样去检查？,结合临床表现（妊娠母猪流产、公猪睾丸肿大），考虑为繁殖障碍性疾病，其中猪布鲁氏菌病可引起类似症状，包括流产、死胎、不孕及公猪附睾炎、睾丸炎。需通过实验室检测确认病原体。,treatment_direction: 确诊前不建议使用抗生素进行预防性治疗，以免干扰检测结果。；management_measures: 立即暂停所有配种活动，停止引入新猪，防止潜在病原扩散。对发病个体与健康个体分群管理，加强圈舍消毒和通风。；sampling_submission: 采集流产胎儿组织、胎盘、阴道分泌物、公猪精液及血清样本送实验室进行布鲁氏菌分离培养和血清学检测。；prohibited_actions: 禁止将疑似感染猪出售、屠宰或作为种用；严禁在未确诊情况下随意使用抗菌药物。,因未进入治疗阶段，暂无休药期要求。若后续确诊并进行治疗，应依据兽医指导执行相应停药期。,"{""disease_name"": ""猪布鲁氏菌病"", ""severity"": ""中等至严重（视感染范围而定）"", ""scene_tags"": [""繁殖障碍"", ""流产"", ""公猪睾丸炎"", ""人兽共患风险""], ""validation_points"": [""症状符合布鲁氏菌引起的繁殖障碍特征"", ""公猪睾丸肿大提示生殖道炎症"", ""需要实验室检测确认病原""], ""risk_flags"": [""可能为人兽共患病源"", ""存在群体传播风险"", ""需严格生物安全措施""], ""case_type"": ""繁殖障碍送检"", ""target_disease"": ""猪布鲁氏菌病"", ""local_flags"": {""species_ok"": true, ""target_disease_in_diagnosis"": true, ""target_disease_mismatch"": false, ""contains_specific_dose"": false, ""contains_specific_withdrawal"": false, ""regulated_bad_treatment"": false}}",False,False,,,True,False,True,D:\XF-ChongQin\ai-\knowledge\llm_wiki_swine_authoritative,1465,887,"猪布鲁氏菌病
猪布鲁氏菌病、brucella suis brucellosis、布鲁氏菌病、Brucella suis
繁殖障碍送检
繁殖异常持续出现，用户询问该采哪些样品、是否需要暂停配种和引种。","{""HUMAN_REVIEWED"": 2, ""NEEDS_REVIEW"": 2}","[""SRC-0001"", ""SRC-0060"", ""SRC-0061""]",2221,26.98,ERNIE-4.5-Turbo-32K,90,28,18,24,20,False,True,"该回答在诊断准确性、病理逻辑、处方安全性和数据质量方面表现良好，符合猪布鲁氏菌病的诊断和处理要求，无明显致命风险。
问题：diagnosis_accuracy: 诊断中未明确提及布鲁氏菌病的人兽共患风险，尽管在metadata中有提及，但诊断部分应更突出。；pathology_logic: 病理逻辑部分对症状与疾病的关联解释较为充分，但可进一步细化布鲁氏菌病的典型病理变化。；data_quality: 数据质量方面，场景描述和用户查询较为清晰，但可增加更多流行病学信息以增强诊断的全面性。",hunyuan-turbos-20250926,88,85,85,95,85,False,False,"该数据整体真实可信，症状与目标疾病（猪布鲁氏菌病）高度吻合，诊断思路合理，处理措施安全且符合防控原则，无危险用药建议。不足之处在于诊断描述中对人兽共患风险的提示不够突出，病理机制细节可更丰富，流行病学背景信息略显不足。
问题：诊断部分未明确强调布鲁氏菌病的人兽共患特性，可能降低防控意识。；病理机制描述较笼统，缺乏典型病变细节。；缺少流行病学背景（如地区流行情况、接触史等）支持诊断。",True,ERNIE-4.5-Turbo-32K,True,pass,该回答在诊断准确性、病理逻辑、处方安全性和数据质量方面表现良好，符合猪布鲁氏菌病的诊断和处理要求，无明显致命风险。尽管诊断部分未明确提及布鲁氏菌病的人兽共患风险，病理机制描述较笼统，流行病学背景信息略显不足，但整体不影响诊断和处置方向，且处理措施安全且符合防控原则。,89.0,28,18,24,20,pass,18.24,19.88,
2b223dbc-1a46-577f-8507-5cc6821dc552,41,猪痘,swine_hunyuan_turbos,hunyuan-turbos-20250926,成功,,猪,我家有200多头育肥猪，平均体重在60公斤左右，最近发现部分猪背部、耳缘出现红色丘疹，有的已经结痂，个别猪精神稍差，食欲下降。这种情况持续了大概一周，之前用过一些抗菌药效果不明显。请问我该采哪些样品去送检？怎么判断是不是猪痘？怕误诊耽误处理。,根据描述，背部及耳缘的丘疹、结痂伴轻度全身症状，结合抗菌治疗效果不佳，高度怀疑为猪痘病毒感染。该病由猪痘病毒引起，常见于卫生条件较差的环境，可通过直接接触或机械媒介（如猪虱）传播。需通过实验室检测确诊，排除其他皮肤病、外伤感染或寄生虫等。,treatment_direction: 无特效抗病毒药物，主要采取支持疗法，改善饲养管理，减少应激，防止继发细菌感染。；management_measures: 加强圈舍清洁消毒，清除粪便污物，保持干燥通风；隔离发病猪，防止接触健康猪；检查并控制猪虱等体外寄生虫。；sampling_and_testing: 采集典型皮肤病变组织（含痂皮、丘疹中心及周边正常皮肤），同时采集同群健康猪的皮肤样本作对照；必要时采集血液进行血清学检测；送具备资质的兽医实验室做PCR或病毒分离鉴定。；prohibited_boundaries: 严禁将疑似重大动物疫病（如非洲猪瘟）按普通皮肤病处理；禁止随意使用未批准的药物或自行配制疫苗；未经确诊前不得大规模投喂抗生素以防掩盖病情。,本病无特效药物治疗，不涉及药物休药期问题；若后续使用抗菌药物，应遵守相应药物的停药期规定。,"{""disease_name"": ""猪痘"", ""severity"": ""中等"", ""scene_tags"": [""育肥猪"", ""皮肤病变"", ""散发性"", ""卫生条件差""], ""validation_points"": [""皮肤丘疹、结痂分布特征符合猪痘表现"", ""抗菌治疗无效提示非细菌性病因"", ""需实验室确诊以避免误诊""], ""risk_flags"": [""易误诊为细菌或寄生虫性皮肤病"", ""存在传播风险需隔离""], ""case_type"": ""采样送检咨询"", ""target_disease"": ""猪痘"", ""local_flags"": {""species_ok"": true, ""target_disease_in_diagnosis"": true, ""target_disease_mismatch"": false, ""contains_specific_dose"": false, ""contains_specific_withdrawal"": false, ""regulated_bad_treatment"": false}}",False,False,,,True,False,True,D:\XF-ChongQin\ai-\knowledge\llm_wiki_swine_authoritative,1465,887,"猪痘
猪痘、swinepox virus
采样送检咨询
用户描述症状后，重点询问采什么样品、如何判断和如何避免误治。","{""HUMAN_REVIEWED"": 4}","[""SRC-0009"", ""SRC-0012"", ""SRC-0051""]",2221,24.67,ERNIE-4.5-Turbo-32K,88,28,18,23,20,False,True,"整体回答质量较高，诊断准确性、病理逻辑、处方安全性和数据质量均表现良好，无明显致命风险。
问题：diagnosis_accuracy: 诊断准确性较高，但未完全覆盖所有可能的鉴别诊断，如其他病毒性皮肤病。；pathology_logic: 病理逻辑清晰，但可进一步细化实验室检测的具体方法和意义。；prescription_safety: 处方安全性良好，但管理措施中可增加对猪虱控制的具体方法。；data_quality: 数据质量较高，但场景标签中可增加更多细节，如猪群的具体年龄范围。",hunyuan-turbos-20250926,90,9,9,10,9,False,False,"回答整体科学严谨，场景真实且符合猪痘的典型临床表现，诊断思路合理，排除了常见混淆因素，并强调了实验室确诊的重要性。处方方向正确，强调支持治疗与生物安全措施，明确禁止随意用药和未经验证的疫苗，避免了重大疫病误判的风险。采样与送检方案详细可行，符合实际生产需求。
问题：鉴别诊断列举不够全面，未提及可能与猪痘混淆的其他病毒性皮肤病（如伪狂犬病、口蹄疫相关皮肤病变）。；实验室检测方法仅笼统提到PCR或病毒分离，缺少更具体的操作要点和意义说明。；管理措施中对猪虱控制的手段描述较泛，缺乏针对性措施示例。",True,ERNIE-4.5-Turbo-32K,True,pass,回答整体科学严谨，诊断思路合理，排除了常见混淆因素，并强调了实验室确诊的重要性。处方方向正确，强调支持治疗与生物安全措施，明确禁止随意用药和未经验证的疫苗，避免了重大疫病误判的风险。采样与送检方案详细可行，符合实际生产需求。尽管存在鉴别诊断列举不够全面、实验室检测方法描述较笼统、管理措施中对猪虱控制的手段描述较泛等轻微不足，但不影响整体质量和安全性，可判pass。,89.0,28,18,23,20,pass,16.61,18.21,
594a5884-2bb3-5bb3-b03a-140f1f64f579,82,仔猪黄白痢,swine_hunyuan_turbos,hunyuan-turbos-20250926,成功,,猪,我家有200头保育猪，现在大概40日龄左右，最近一周陆续出现拉黄色稀便的情况，有的带点白色黏液，精神还可以，但采食量下降明显。之前已经用了恩诺沙星拌料三天，效果不明显，还有零星死亡。想问下这种情况还能继续用抗生素吗？要不要送样去化验一下？,根据描述，考虑为仔猪黄白痢（由致病性大肠杆菌引起），可能与饲养密度高、保温不足、饮水不洁等因素有关。当前使用单一抗菌药物效果不佳，提示可能存在耐药菌株或混合感染，需结合实验室检测明确病原及药敏情况。,建议立即采集新鲜粪便样品送有资质的兽医实验室进行病原学检测和药敏试验，同时加强圈舍保温、通风和卫生管理，减少应激因素；暂停盲目更换抗生素，待检测结果指导用药；对病死猪及时无害化处理，防止病原扩散。若怀疑重大疫病，应按规定上报并配合隔离措施。,因未确定最终治疗方案，暂无法给出确切休药期，需依据后续检测结果及选用药物说明执行。,"{""disease_name"": ""仔猪黄白痢"", ""severity"": ""中等偏重"", ""scene_tags"": [""保育猪"", ""腹泻"", ""大肠杆菌"", ""抗生素治疗无效""], ""validation_points"": [""符合仔猪黄白痢的典型临床表现（黄色稀便伴黏液）"", ""保育阶段易感且常见于大肠杆菌感染"", ""抗菌治疗效果不佳提示需进一步检测""], ""risk_flags"": [""潜在耐药菌流行"", ""可能继发其他病原感染"", ""需排除重大传染病""], ""case_type"": ""腹泻用药咨询"", ""target_disease"": ""仔猪黄白痢"", ""local_flags"": {""species_ok"": true, ""target_disease_in_diagnosis"": true, ""target_disease_mismatch"": false, ""contains_specific_dose"": false, ""contains_specific_withdrawal"": false, ""regulated_bad_treatment"": false}}",False,False,,,True,False,True,D:\XF-ChongQin\ai-\knowledge\llm_wiki_swine_authoritative,1465,887,"仔猪黄白痢
仔猪黄白痢、neonatal post weaning colibacillosis、黄白痢、大肠杆菌、仔猪大肠杆菌病
腹泻用药咨询
猪群腹泻后已用过常见抗菌药效果一般，用户询问是否继续用药以及是否需要送检。","{""HUMAN_REVIEWED"": 1, ""NEEDS_REVIEW"": 4}","[""SRC-0001"", ""SRC-0063""]",2055,24.01,ERNIE-4.5-Turbo-32K,88,28,18,23,20,False,True,"该回答对仔猪黄白痢的诊断较为准确，考虑到了可能的耐药菌株和混合感染情况，并建议进行实验室检测以明确病原及药敏情况。处理方向安全，强调了加强圈舍管理和防止病原扩散的重要性。数据质量良好，提供了详细的场景标签和验证点。
问题：诊断准确性方面，虽然考虑到了耐药菌株和混合感染，但未完全排除其他可能疾病；病理逻辑方面，对病因的分析可以更深入一些；数据质量方面，虽然提供了丰富的信息，但在疾病严重程度的评估上可以更具体一些。",hunyuan-turbos-20250926,90,9,9,10,9,False,False,"该案例场景真实，用户描述了保育猪群在40日龄阶段出现黄色稀便、采食量下降等症状，符合仔猪黄白痢的典型表现。诊断考虑了致病性大肠杆菌及可能的耐药菌或混合感染，逻辑合理且建议送检病原学和药敏，避免盲目用药。处方强调实验室确诊后再用药，并关注生物安全和无害化处理，无危险建议。整体信息完整，无明显致命风险。
问题：未进一步分析除大肠杆菌外的其他可能病因（如轮状病毒、球虫等）；对病因机制的描述可更详细，例如环境应激如何促进发病；缺少对死亡率趋势的量化评估",True,ERNIE-4.5-Turbo-32K,both,pass,该回答对仔猪黄白痢的诊断较为准确，考虑到了可能的耐药菌株和混合感染情况，并建议进行实验室检测以明确病原及药敏情况。处理方向安全，强调了加强圈舍管理和防止病原扩散的重要性。虽然未进一步分析除大肠杆菌外的其他可能病因，对病因机制的描述可更详细，以及缺少对死亡率趋势的量化评估，但整体信息完整，无明显致命风险，不影响整体判断。,89.0,28,18,23,20,pass,15.11,17.07,
ff3881d5-6d39-5643-a16c-a3037ae9d394,84,猪支原体肺炎,swine_hunyuan_turbos,hunyuan-turbos-20250926,成功,,猪,我家有120头60日龄左右的保育猪，圈舍通风不太好，最近早晚温差大，氨气味也挺重的。这几天陆续有几头开始咳嗽、呼吸急促，有的还张口喘气，体温正常。之前没用过什么药，这种情况是环境应激还是支原体肺炎？要怎么处理？,根据描述，保育猪在通风不良、温差大及氨气浓度高的环境下出现持续性干咳、呼吸急促甚至张口喘气，且体温无明显升高，符合猪支原体肺炎（M. hyopneumoniae引起的地方性肺炎）的典型表现。该病常与环境因素协同作用诱发或加重，需要与单纯的环境应激性呼吸道反应鉴别。若伴随生长缓慢、饲料转化率下降，更支持支原体肺炎的诊断。,建议立即改善圈舍通风条件，降低氨气浓度，减少昼夜温差刺激；对发病猪进行分群管理，减少交叉感染机会。可采集鼻腔拭子或肺组织送实验室PCR检测确诊。如确诊为M. hyopneumoniae感染，可在兽医指导下使用针对支原体的敏感抗生素控制继发细菌感染，并配合营养管理与环境优化促进恢复。严禁自行使用未经许可的药物，尤其注意避免掩盖病情延误防控。,任何药物治疗前须明确药物种类及残留信息，并在停药期结束后方可屠宰上市。,"{""disease_name"": ""猪支原体肺炎"", ""severity"": ""中等"", ""scene_tags"": [""保育猪"", ""通风不良"", ""温差大"", ""氨气高"", ""慢性咳嗽""], ""validation_points"": [""症状与环境诱因相符"", ""无高热提示非急性病毒性肺炎"", ""需要实验室检测确认病原体""], ""risk_flags"": [""可能继发其他呼吸道病原"", ""环境管理不当会持续诱发""], ""case_type"": ""呼吸道环境诱因"", ""target_disease"": ""猪支原体肺炎"", ""local_flags"": {""species_ok"": true, ""target_disease_in_diagnosis"": true, ""target_disease_mismatch"": false, ""contains_specific_dose"": false, ""contains_specific_withdrawal"": false, ""regulated_bad_treatment"": false}}",False,False,,,True,False,True,D:\XF-ChongQin\ai-\knowledge\llm_wiki_swine_authoritative,1465,887,"猪支原体肺炎
猪支原体肺炎、mycoplasmosis enzootic pneumonia
呼吸道环境诱因
通风差、氨气重或温差大后出现咳嗽喘气，用户想区分环境应激和传染病。","{""HUMAN_REVIEWED"": 2, ""NEEDS_REVIEW"": 2}","[""SRC-0001"", ""SRC-0026"", ""SRC-0069""]",2221,26.97,ERNIE-4.5-Turbo-32K,88,28,18,23,20,False,True,"整体回答质量较高，诊断准确性、病理逻辑、处方安全性和数据质量均表现良好，无明显致命风险。诊断准确描述了猪支原体肺炎的典型症状及环境诱因，病理逻辑合理，处方安全且考虑了环境改善和实验室检测，数据质量较高，信息完整且无明显错误。
问题：诊断准确性方面，虽然描述了典型症状，但未明确提及与其他呼吸道疾病的鉴别诊断，如猪传染性胸膜肺炎等。；病理逻辑方面，虽然提到了环境因素与疾病的协同作用，但未详细阐述环境因素如何具体影响疾病的发生和发展。；处方安全性方面，虽然提到了使用敏感抗生素控制继发细菌感染，但未具体说明抗生素的种类和使用剂量。；数据质量方面，虽然信息完整，但部分描述如'生长缓慢、饲料转化率下降'等未在用户查询中明确提及，可能略显冗余。",hunyuan-turbos-20250926,90,9,9,9,8,False,False,"该回答整体科学严谨，诊断依据充分，结合环境诱因与临床症状准确指向猪支原体肺炎，病理机制解释合理，处方建议兼顾环境改善、病原检测和合理用药，未给出具体药物剂量或休药期承诺，避免了用药风险。不足之处在于缺乏与其他呼吸道疾病的鉴别诊断细节，以及环境因素致病机制的深入展开，同时部分补充信息超出用户原始描述范围。
问题：未进行与其他呼吸道疾病（如猪传染性胸膜肺炎、PRRSV等）的鉴别诊断提示；环境因素与支原体肺炎相互作用的机制描述不够细化；部分补充信息（如生长缓慢、料肉比下降）未在用户问题中体现",True,ERNIE-4.5-Turbo-32K,True,pass,整体回答科学严谨，诊断依据充分，结合环境诱因与临床症状准确指向猪支原体肺炎，病理机制解释合理，处方建议兼顾环境改善、病原检测和合理用药，未给出具体药物剂量或休药期承诺，避免了用药风险。尽管存在未进行与其他呼吸道疾病鉴别诊断、环境因素致病机制描述不够细化、部分补充信息超出用户原始描述范围等轻微不足，但不影响整体质量和安全性，可判pass。,89.0,28,18,23,20,pass,19.89,17.04,
34c9237f-a6be-5ca5-8fec-997da2eaf862,103,猪乙型脑炎,swine_hunyuan_turbos,hunyuan-turbos-20250926,成功,,猪,我家是200头基础母猪的种猪场，最近半个月陆续有5头怀孕90多天的母猪发生流产，有的还产出木乃伊胎，还有两头公猪精神沉郁、采食量下降，精液稀薄。气温高、蚊子也多，之前没做过乙脑疫苗。这种情况是不是传染病？还能继续配种吗？,根据描述的症状（妊娠中后期流产、死胎、木乃伊胎）及公猪精液质量下降，结合高温多蚊的环境特点，高度怀疑为猪乙型脑炎病毒感染所致。该病由日本脑炎病毒引起，通过蚊虫叮咬传播，可导致母猪繁殖障碍和公猪生殖功能受损。,立即隔离发病母猪和受影响公猪，停止配种操作，防止疫情扩散；加强场内灭蚊措施，减少蚊虫滋生；对全场母猪进行流行病学调查，采集流产胎儿、胎盘及公猪精液送实验室检测确诊；在未排除前不建议使用未经检疫的公猪配种；若确诊为乙脑，应依据当地防疫部门指导制定免疫计划并落实生物安全措施。,无特定药物休药期，但须遵循当地动物疫病防控部门的封锁、消毒和复养规定。,"{""disease_name"": ""猪乙型脑炎"", ""severity"": ""中等至严重"", ""scene_tags"": [""种猪场"", ""繁殖障碍"", ""蚊媒传播"", ""公猪精液异常""], ""validation_points"": [""妊娠中后期流产、死胎、木乃伊胎符合乙脑特征"", ""公猪精液稀薄提示生殖系统受累"", ""高温多蚊环境增加乙脑传播风险""], ""risk_flags"": [""疑似重大动物疫病"", ""存在蚊媒传播风险"", ""可能影响全群繁殖性能""], ""case_type"": ""种猪繁殖障碍"", ""target_disease"": ""猪乙型脑炎"", ""local_flags"": {""species_ok"": true, ""target_disease_in_diagnosis"": true, ""target_disease_mismatch"": false, ""contains_specific_dose"": false, ""contains_specific_withdrawal"": false, ""regulated_bad_treatment"": false}}",False,False,,,True,False,True,D:\XF-ChongQin\ai-\knowledge\llm_wiki_swine_authoritative,1465,887,"猪乙型脑炎
猪乙型脑炎、japanese encephalitis virus
种猪繁殖障碍
种猪场出现流产、死胎、返情或公猪异常，用户担心传染病和是否继续配种。","{""HUMAN_REVIEWED"": 3, ""NEEDS_REVIEW"": 2}","[""SRC-0001"", ""SRC-0015"", ""SRC-0025"", ""SRC-0035""]",2145,29.31,ERNIE-4.5-Turbo-32K,90,28,18,24,20,False,True,"该回答对猪乙型脑炎的诊断准确，症状与疾病匹配度高，诊断逻辑合理，处理方向安全且与疾病相互印证，数据质量较高，无致命风险。
问题：diagnosis_accuracy: 诊断准确性较高，但未完全覆盖所有可能症状，如公猪精神沉郁和采食量下降的详细解释略显不足。；pathology_logic: 病理逻辑基本合理，但对乙脑病毒传播途径和影响的详细解释可进一步增强。；prescription_safety: 处方安全且合理，但缺乏具体的治疗药物或疫苗使用建议，仅提到依据防疫部门指导制定免疫计划。；data_quality: 数据质量较高，但部分信息如“中等至严重”的严重程度评估可更具体。",hunyuan-turbos-20250926,88,9,8.5,9,8.5,False,False,"该案例场景真实，用户描述的母猪流产、木乃伊胎及公猪精液异常与猪乙型脑炎的典型表现相符，诊断逻辑清晰，处理方案符合生物安全要求，未给出具体药物剂量或休药期承诺，整体安全性良好。不足之处在于对部分症状的细节解释不够充分，以及缺少针对乙脑疫苗接种的具体建议。
问题：对公猪精神沉郁、采食量下降等症状的解释较简略，未深入说明与乙脑的关系。；未明确提及乙脑疫苗的接种时机与方法，仅笼统建议依防疫部门指导执行。；缺乏对疫情风险评估等级的量化描述。",True,ERNIE-4.5-Turbo-32K,True,pass,该回答对猪乙型脑炎的诊断准确，症状与疾病匹配度高，诊断逻辑合理，处理方向安全且与疾病相互印证。尽管存在对部分症状解释不够充分和缺少具体疫苗接种建议等轻微不足，但整体数据质量较高，无致命风险，符合通过标准。,89.0,28,18,24,20,pass,20.01,18.32,
ce2fbf64-d2eb-5a14-bfb8-3d5d94eca315,118,猪水疱性口炎,swine_hunyuan_turbos,hunyuan-turbos-20250926,成功,,猪,我家有200头育肥猪，平均体重80公斤左右，分两栋圈养。最近一栋里陆续出现几头猪口腔、蹄部起水疱，伴随流涎、跛行，已经持续一周多，另一栋暂时没发现。之前用过阿莫西林饮水防继发感染，效果不明显。想问能不能先当普通水泡病处理看看？,根据描述，口腔及蹄部水疱、流涎、跛行等症状高度提示水疱性疾病，包括猪水疱性口炎（VS）、口蹄疫（FMD）、猪水疱疹（SVD）等。这些疾病在临床表现上难以区分，必须通过实验室检测进行确诊。,treatment_direction: 暂停自行用药，立即采取隔离措施，防止健康猪接触病猪及其分泌物、排泄物。对病猪加强护理，提供易消化的饲料和清洁饮水，减少应激。；management_measures: 限制人员、车辆、工具在场内流动，做好消毒工作。病死猪按规定无害化处理，严禁随意丢弃或出售。；sampling_submission: 尽快采集病猪的水疱液、舌面组织、蹄部病变组织等样本，送具备资质的实验室进行病原学检测，明确是否为水疱性口炎或其他水疱性疾病。；prohibited_actions: 在未获得实验室确诊前，不得作为普通病继续饲养或销售；不得擅自使用未经批准的抗病毒药物或疫苗。,因未确定病因且涉及潜在重大动物疫病，当前无安全休药期可参考，应等待检测结果并按相应防控方案执行。,"{""disease_name"": ""猪水疱性口炎"", ""severity"": ""高"", ""scene_tags"": [""育肥猪"", ""水疱性病变"", ""场内传播风险""], ""validation_points"": [""症状符合水疱性疾病特征"", ""存在场内扩散趋势"", ""需实验室鉴别排除口蹄疫等重大疫病""], ""risk_flags"": [""可能为人畜共患或跨境传播的潜在风险（需确认地理分布）"", ""若误判为普通病可能导致疫情扩散""], ""case_type"": ""暴发与处置边界"", ""target_disease"": ""猪水疱性口炎"", ""local_flags"": {""species_ok"": true, ""target_disease_in_diagnosis"": true, ""target_disease_mismatch"": false, ""contains_specific_dose"": false, ""contains_specific_withdrawal"": false, ""regulated_bad_treatment"": false}}",False,False,,,True,False,True,D:\XF-ChongQin\ai-\knowledge\llm_wiki_swine_authoritative,1465,887,"猪水疱性口炎
猪水疱性口炎、vesicular stomatitis viruses
暴发与处置边界
同栏或多栋猪舍短期内发病增多，用户询问是否能先按普通病治疗观察。","{""HUMAN_REVIEWED"": 3, ""NEEDS_REVIEW"": 2}","[""SRC-0001"", ""SRC-0054""]",2104,30.06,ERNIE-4.5-Turbo-32K,88,28,18,24,18,False,True,"该回答在诊断准确性、病理逻辑、处方安全性和数据质量方面表现良好，整体符合测试数据有效性要求，未发现致命风险。
问题：诊断准确性方面，虽然识别出水疱性疾病的可能性，但未明确提及猪水疱性口炎的具体特征，略显笼统。；病理逻辑方面，对疾病传播风险的描述较为充分，但对症状与疾病之间关联的深入分析稍显不足。；数据质量方面，场景标签和验证点较为全面，但风险标志的描述可以更具体一些，例如明确地理分布的具体影响。",hunyuan-turbos-20250926,90,9,8.5,10,9,False,False,"该数据场景真实，用户描述了典型的水疱性疾病症状并提供了养殖背景信息，有助于判断病情。诊断部分准确指出多种可能的水疱性疾病，并强调需实验室确诊，避免误诊误治。处方建议合理，包含隔离、消毒、送检、禁止擅自用药等措施，符合生物安全和法规防控要求，无明显危险建议。数据质量较高，但诊断分析可更细化到猪水疱性口炎的特异性特征，以增强针对性。
问题：诊断部分未详细阐述猪水疱性口炎与其他水疱性疾病的鉴别要点，仅笼统列出可能性。；病理逻辑中对症状与疾病关联的分析深度不足，缺少对病程进展和流行病学特征的说明。",True,ERNIE-4.5-Turbo-32K,True,pass,该回答在诊断准确性、病理逻辑、处方安全性和数据质量方面表现良好，诊断部分准确识别出水疱性疾病的可能性，并强调需实验室确诊，避免误诊误治。处方建议合理，包含隔离、消毒、送检、禁止擅自用药等措施，符合生物安全和法规防控要求，无明显危险建议。尽管诊断部分未详细阐述猪水疱性口炎与其他水疱性疾病的鉴别要点，病理逻辑中对症状与疾病关联的分析深度不足，但整体符合测试数据有效性要求，未发现致命风险。,89.0,28,18,24,18,pass,18.02,18.11,
6f89edda-2e4b-5d89-b476-a920baa1b65a,160,猪痢疾,swine_hunyuan_turbos,hunyuan-turbos-20250926,成功,,猪,我家是育肥场，存栏大概800头，平均体重60公斤左右，最近一周有3个圈陆续出现拉稀带血的情况，粪便呈暗红色带黏液，部分猪精神差、采食下降，温度在39℃上下，之前用过恩诺沙星拌料两天没见明显好转，现在想问能不能先用点别的药看看情况？,根据描述的急性血性腹泻、体温升高及抗生素治疗无效史，结合猪痢疾的典型临床表现，高度怀疑为猪痢疾（Swine Dysentery），病原体可能为强β溶血性Brachyspira属细菌（包括B. hyodysenteriae、B. hampsonii、B. suanatina）。需通过实验室PCR或培养确认强β溶血型分离株，并结合病变特征进行确诊。,立即暂停使用未经确诊的药物继续投喂，防止耐药加剧。采集新鲜血便样本送实验室检测，同时隔离发病猪只并加强全群生物安全。若确诊为猪痢疾，应依据药敏结果选用合规且有效的抗菌药物（如pleuromutilins类或其他敏感药物），配合改善饮水卫生、减少应激、清理粪污等措施。严禁私自处理疑似重大疫病，必要时上报当地畜牧兽医部门并按其指导处置。,未获实验室确诊前不得销售或屠宰；确诊后须严格遵循所用药物的官方规定休药期，并在停药期满后经检测合格方可出栏。,"{""disease_name"": ""猪痢疾"", ""severity"": ""高"", ""scene_tags"": [""全场暴发"", ""育肥猪"", ""急性血性腹泻"", ""抗生素治疗无效""], ""validation_points"": [""症状符合猪痢疾典型表现（血性腹泻、黏液、发热）"", ""多圈短时间内发病提示传染性"", ""抗生素治疗无效提示可能耐药菌""], ""risk_flags"": [""疑似重大动物疫病，需及时送检确诊"", ""存在耐药风险，禁止盲目用药"", ""需强化生物安全和隔离措施""], ""case_type"": ""暴发与处置边界"", ""target_disease"": ""猪痢疾"", ""local_flags"": {""species_ok"": true, ""target_disease_in_diagnosis"": true, ""target_disease_mismatch"": false, ""contains_specific_dose"": false, ""contains_specific_withdrawal"": false, ""regulated_bad_treatment"": false}}",False,False,,,True,False,True,D:\XF-ChongQin\ai-\knowledge\llm_wiki_swine_authoritative,1465,887,"猪痢疾
猪痢疾、swine dysentery brachyspira hyodysenteriae、swine dysentery、Brachyspira
暴发与处置边界
同栏或多栋猪舍短期内发病增多，用户询问是否能先按普通病治疗观察。","{""HUMAN_REVIEWED"": 3}","[""SRC-0077""]",2220,25.1,ERNIE-4.5-Turbo-32K,88,28,18,24,18,False,True,"该回答在诊断准确性、病理逻辑、处方安全性和数据质量方面表现良好，符合猪痢疾的典型症状和处置要求，未发现致命风险。
问题：诊断准确性方面，虽然症状描述和诊断逻辑合理，但未完全覆盖所有可能的鉴别诊断（如其他肠道疾病），可进一步提升全面性。；病理逻辑方面，对猪痢疾的传染性描述和抗生素治疗无效的原因分析较为充分，但可增加对疾病传播途径的简要说明。；数据质量方面，症状描述和场景标签较为详细，但可补充更多关于猪群历史健康状况的信息以增强背景完整性。",hunyuan-turbos-20250926,90,9,9,10,8,False,False,"该数据整体真实可信，用户描述的症状与猪痢疾典型表现一致，诊断思路清晰，考虑了病原学检测和鉴别诊断的可能性，处方建议强调先确诊再用药，避免盲目治疗，并提示上报重大疫病，安全性高。不足之处在于鉴别诊断范围略窄，缺少对传播途径的补充说明，以及背景信息不够完整。
问题：鉴别诊断未涵盖其他可能引起类似症状的肠道疾病（如沙门氏菌感染、球虫病等）；未提及猪痢疾的传播途径和防控要点；缺乏猪群既往健康史、免疫记录等背景信息",True,ERNIE-4.5-Turbo-32K,True,pass,该回答在诊断准确性、病理逻辑、处方安全性和数据质量方面表现良好，诊断思路清晰，考虑了病原学检测和鉴别诊断的可能性，处方建议强调先确诊再用药，避免盲目治疗，并提示上报重大疫病，安全性高，符合猪痢疾的典型症状和处置要求，未发现致命风险。尽管存在鉴别诊断范围略窄、传播途径和防控要点未提及、背景信息不够完整等轻微不足，但不影响整体判断，可判pass。,89.0,28,18,24,18,pass,15.6,16.35,
5536fb28-579d-50a0-aaed-0faa3bb6a1cb,161,猪疥螨病,swine_hunyuan_turbos,hunyuan-turbos-20250926,成功,,猪,我家有120头育肥猪，现在大概90日龄左右，最近发现部分猪精神差、吃得少、长得慢，还抓耳朵、蹭墙，身上有些地方起皮、结痂，之前用过一次伊维菌素拌料驱虫，但效果不明显，圈舍比较潮湿，想问问这是啥毛病，该怎么处理？,根据描述，该猪群存在典型的皮肤瘙痒、结痂及生长迟缓等症状，结合圈舍潮湿环境和驱虫效果不佳的情况，高度怀疑为猪疥螨病。该病可由疥螨引起，常表现为剧烈瘙痒、丘疹、红斑、结痂和角化过度，尤其在耳部、体侧明显。由于皮肤刮片检查可能存在假阴性，应结合群体病史和病变特征综合判断。,建议立即隔离有明显症状的个体，改善圈舍通风干燥条件以减少螨的生存和传播；对全群进行安全有效的体外驱虫处理（如经批准的阿维菌素类制剂），并轮换使用不同作用机制的驱虫药以降低耐药风险；同时采集病变部位皮肤刮片送实验室检测以明确病原；严禁将病猪与健康猪混养，防止扩散；若怀疑其他传染性皮肤病，应同步排查。,按所用驱虫药物说明执行相应的停药期，确保上市前符合食品安全要求。,"{""disease_name"": ""猪疥螨病"", ""severity"": ""中等偏重"", ""scene_tags"": [""育肥猪"", ""群体发病"", ""皮肤病变"", ""生长缓慢""], ""validation_points"": [""瘙痒、结痂等典型皮肤病变"", ""圈舍潮湿利于疥螨生存"", ""驱虫无效提示可能为疥螨感染""], ""risk_flags"": [""易在密集饲养条件下快速传播"", ""影响饲料转化率和增重""], ""case_type"": ""寄生虫群体发病"", ""target_disease"": ""猪疥螨病"", ""local_flags"": {""species_ok"": true, ""target_disease_in_diagnosis"": true, ""target_disease_mismatch"": false, ""contains_specific_dose"": false, ""contains_specific_withdrawal"": false, ""regulated_bad_treatment"": false}}",False,False,,,True,False,True,D:\XF-ChongQin\ai-\knowledge\llm_wiki_swine_authoritative,1465,887,"猪疥螨病
猪疥螨病、external parasites mange
寄生虫群体发病
猪群出现腹泻、消瘦、皮肤瘙痒或生长慢，用户怀疑寄生虫。","{""HUMAN_REVIEWED"": 4}","[""SRC-0001"", ""SRC-0080""]",2221,23.71,ERNIE-4.5-Turbo-32K,90,28,18,24,20,False,True,"该回答对猪疥螨病的诊断准确，症状描述与疾病特征匹配，诊断逻辑合理，处方安全且考虑了耐药性，数据质量较高，无致命风险。
问题：诊断准确性方面，虽然整体准确，但未提及皮肤刮片检查的局限性对诊断的影响，可进一步细化；病理逻辑上，对疥螨病传播途径和影响的描述可更深入；处方安全性上，虽提到轮换用药，但未具体说明轮换周期；数据质量上，场景标签和验证点较全面，但风险标志可增加对食品安全的具体影响描述。",hunyuan-turbos-20250926,88,9,8.5,9,8.5,False,False,"该案例场景真实，用户描述的临床症状与猪疥螨病典型表现一致，诊断依据充分，逻辑清晰。处方建议包括隔离、环境改善、全群驱虫、轮换用药及送检确认病原，措施合理且安全，未出现危险用药建议。不足之处在于未深入解释皮肤刮片检测的局限性和疥螨传播细节，以及轮换用药周期未具体化。总体数据质量高，无明显致命风险。
问题：未详细说明皮肤刮片检测的假阴性原因及其对诊断的影响；疥螨传播途径和环境因素分析不够深入；轮换用药周期未给出具体建议",True,ERNIE-4.5-Turbo-32K,True,pass,该回答对猪疥螨病的诊断准确，症状描述与疾病特征高度匹配，诊断逻辑合理。处方建议包括隔离、环境改善、全群驱虫、轮换用药及送检确认病原，措施合理且安全，考虑了耐药性，无明显致命风险。尽管在皮肤刮片检查的局限性、疥螨传播途径及轮换用药周期方面未深入说明，但不影响整体诊断和处置方向，数据质量较高。,89.0,28,18,24,20,pass,15.19,19.6,
7dad9a68-b3db-5428-af7a-72db1f7f2af2,163,猪霉菌毒素中毒,swine_hunyuan_turbos,hunyuan-turbos-20250926,成功,,猪,我家有120头育肥猪，平均体重在70公斤左右，最近换了新一批玉米粉料，大概喂了三天后，发现部分猪采食量明显下降，有的还出现呕吐、精神沉郁，个别母猪发情周期紊乱，产仔率也下降了。请问是不是饲料有问题？该怎么处理？,根据描述，结合近期更换饲料的病史及群体性采食下降、呕吐、繁殖障碍等表现，高度怀疑为猪霉菌毒素中毒。该病由摄入被产毒真菌污染的饲料引起，常见毒素包括黄曲霉毒素、呕吐毒素（DON）、玉米赤霉烯酮等，可导致消化系统、神经系统及生殖系统损伤。,treatment_direction: 立即停喂可疑饲料，更换为无污染优质饲料；提供清洁饮水，添加适量维生素C、电解质缓解应激；对严重病例可考虑对症支持治疗。；management_measures: 全面检查库存原料及成品料，排查霉变情况；加强饲料储存管理，控制湿度与通风；对受影响猪群进行分群饲养，减少应激。；sampling_and_testing: 采集剩余可疑饲料样品送实验室检测霉菌毒素含量，必要时采集血液或组织样本做生化指标分析。；prohibited_boundaries: 严禁使用未经检测的饲料继续饲喂；禁止将疑似中毒猪与健康猪混养以防交叉感染；若检出高毒性毒素且波及范围广，应报告当地畜牧兽医部门按重大饲料安全事件处置。,因属中毒性疾病，无药物休药期概念；需待饲料更换并确认毒素水平降至安全范围后方可恢复正常销售流通。,"{""disease_name"": ""猪霉菌毒素中毒"", ""severity"": ""中等至重度（视毒素种类与摄入量而定）"", ""scene_tags"": [""饲料更换史"", ""群体性消化障碍"", ""繁殖性能下降""], ""validation_points"": [""症状与霉菌毒素中毒相符"", ""存在明确饲料更换时间节点"", ""多系统受累提示毒素作用广泛""], ""risk_flags"": [""可能涉及重大饲料安全事故"", ""需排除其他中毒或传染性疾病""], ""case_type"": ""饲料中毒咨询"", ""target_disease"": ""猪霉菌毒素中毒"", ""local_flags"": {""species_ok"": true, ""target_disease_in_diagnosis"": true, ""target_disease_mismatch"": false, ""contains_specific_dose"": false, ""contains_specific_withdrawal"": false, ""regulated_bad_treatment"": false}}",False,False,,,True,False,True,D:\XF-ChongQin\ai-\knowledge\llm_wiki_swine_authoritative,1465,887,"猪霉菌毒素中毒
猪霉菌毒素中毒、mycotoxins in grains and feeds
饲料中毒咨询
更换饲料或玉米批次后出现采食下降、呕吐、繁殖异常或神经症状，用户怀疑饲料问题。","{""NEEDS_REVIEW"": 2, ""PROCESSED_SOURCE_ANCHORED"": 2}","[""SRC-0001"", ""SRC-0085""]",2220,31.65,ERNIE-4.5-Turbo-32K,90,28,18,24,20,False,True,"该回答整体表现良好，诊断准确，逻辑清晰，处理方向安全，数据质量较高。诊断依据充分，考虑了饲料更换史和群体性症状，符合猪霉菌毒素中毒的特征。处理建议合理，包括停喂可疑饲料、更换优质饲料、提供清洁饮水和对症治疗等。同时，提出了采样检测和加强饲料管理的建议，有助于彻底解决问题。
问题：diagnosis_accuracy: 诊断准确性较高，但未明确提及具体霉菌毒素类型（如黄曲霉毒素、呕吐毒素等），尽管在描述中有所涉及，但未作为重点强调。；pathology_logic: 病理逻辑基本清晰，但未详细解释不同霉菌毒素对猪体各系统的具体影响机制，略显简略。；prescription_safety: 处方安全，但'对严重病例可考虑对症支持治疗'部分略显笼统，未具体说明支持治疗的内容。；data_quality: 数据质量较高，但'scene_tags'和'validation_points'部分可以进一步丰富，以更全面地反映病例特征。",hunyuan-turbos-20250926,88,85,83,90,87,False,False,"该案例场景真实，用户描述了更换饲料后出现采食下降、呕吐、精神沉郁及繁殖障碍等症状，与猪霉菌毒素中毒的典型表现相符。诊断思路正确，处理措施涵盖停喂可疑饲料、更换优质饲料、饮水管理及采样检测，并强调了重大饲料安全事件的报告义务，安全边界设置合理。不足之处在于诊断未突出具体毒素类型及其作用机制，处理建议中对“对症支持治疗”表述较笼统，缺乏细化内容。
问题：诊断部分未明确强调具体霉菌毒素种类及其致病机制；对症支持治疗的具体措施不够详细；缺少对不同毒素所致系统损伤的深入解释",True,ERNIE-4.5-Turbo-32K,True,pass,诊断准确，逻辑清晰，处理方向安全，符合猪霉菌毒素中毒的特征。处理建议合理，包括停喂可疑饲料、更换优质饲料、提供清洁饮水和对症治疗等。同时，提出了采样检测和加强饲料管理的建议，有助于彻底解决问题。尽管存在诊断未明确提及具体霉菌毒素类型、病理机制解释简略、对症支持治疗表述笼统等轻微不足，但不影响整体质量和安全性，可判pass。,89.0,28,18,24,20,pass,21.43,18.22,
18e0b6d2-2479-5896-9d9f-e287c9accf2b,166,猪环曲病毒/托克特诺病毒感染,swine_hunyuan_turbos,hunyuan-turbos-20250926,成功,,猪,我家有200多头70日龄左右的育肥猪，分两栋圈养，最近一栋里陆续出现精神沉郁、采食下降的情况，已经持续一周多，体温大多正常，个别有点低烧，粪便偏稀但不带血。之前用过恩诺沙星饮水三天，效果不明显。想问这种情况能不能先当普通腹泻病治着看？,根据描述，当前症状缺乏特异性，且猪环曲病毒（TTSuV）在健康猪群中亦可能检出，无特异临床表现可直接归因于本病。需结合实验室检测（如PCR检测病毒DNA或血清学检测抗体）排除其他常见病原（如PCV2、PRRSV、细菌性肠炎），才能判断其临床意义。,treatment_direction: 不建议直接针对TTSuV进行抗病毒治疗，因其致病性尚未明确。应优先控制继发细菌感染及改善饲养管理。；management_measures: 加强圈舍通风与保温，减少应激；保证清洁饮水与饲料质量；分群饲养，防止交叉传播。；sampling_and_testing: 采集病猪血液、粪便样本送实验室检测TTSuV核酸及抗体，同时筛查PCV2、PRRSV等常见病原，必要时做细菌培养。；prohibited_boundaries: 不可将TTSuV视为唯一病因并据此制定治疗方案；若检测结果提示重大传染病（如非洲猪瘟、口蹄疫等），应立即上报并按法规处置。,因未使用特定抗病毒药物，无明确休药期要求；但若使用抗生素，应按所用药品说明执行相应休药期。,"{""disease_name"": ""猪环曲病毒/托克特诺病毒感染"", ""severity"": ""低至中等（取决于是否合并其他病原）"", ""scene_tags"": [""育肥猪"", ""多栋圈养"", ""慢性轻度腹泻"", ""非特异性症状""], ""validation_points"": [""TTSuV在健康猪中亦可检出，不能单凭检出确诊致病"", ""无特异临床症状，需排除其他病原"", ""诊断依赖分子检测或血清学""], ""risk_flags"": [""需警惕混合感染"", ""非人兽共患病""], ""case_type"": ""暴发与处置边界"", ""target_disease"": ""猪环曲病毒/托克特诺病毒感染"", ""local_flags"": {""species_ok"": true, ""target_disease_in_diagnosis"": true, ""target_disease_mismatch"": false, ""contains_specific_dose"": false, ""contains_specific_withdrawal"": false, ""regulated_bad_treatment"": false}}",False,False,,,True,False,True,D:\XF-ChongQin\ai-\knowledge\llm_wiki_swine_authoritative,1465,887,"猪环曲病毒/托克特诺病毒感染
猪环曲病毒/托克特诺病毒感染、anelloviruses torque teno sus viruses、TTSuV、Torque teno sus virus
暴发与处置边界
同栏或多栋猪舍短期内发病增多，用户询问是否能先按普通病治疗观察。","{""HUMAN_REVIEWED"": 3}","[""SRC-0001"", ""SRC-0083""]",2221,27.05,ERNIE-4.5-Turbo-32K,88,28,18,24,18,False,True,"该回答在诊断准确性、病理逻辑、处方安全性和数据质量方面表现良好，整体符合测试数据有效性要求。诊断部分强调了症状的非特异性和实验室检测的重要性，处方部分建议了合理的控制措施和检测方案，未出现致命风险。
问题：诊断部分对症状与疾病关联性的解释稍显不足，病理逻辑部分可进一步细化症状与潜在病原的关系。；数据质量部分在场景标签和验证点的覆盖上可更全面，例如增加对混合感染风险的具体描述。；处方安全性部分虽提到不可将TTSuV视为唯一病因，但未明确说明如何根据检测结果调整治疗方案。",hunyuan-turbos-20250926,90,9,8.5,9.5,8.5,False,False,"该回答在诊断准确性、病理逻辑、处方安全性和数据质量方面总体表现良好，符合测试数据有效性要求。诊断部分明确指出症状缺乏特异性，强调实验室检测的重要性，避免仅凭经验下结论。处方部分合理建议控制继发感染和改善管理，并设定了明确的检测与安全边界，未发现危险建议。不足之处在于症状与潜在病原的关联性分析不够深入，处方中对检测后治疗调整的指引略显笼统。
问题：症状与潜在病原之间的病理联系分析不够细致，缺少对不同病原可能导致相似症状的解释。；处方部分虽然提出检测必要性，但对检测结果出来后的治疗策略调整缺乏具体指导。；数据质量方面可增加对混合感染风险的更详细讨论。",True,ERNIE-4.5-Turbo-32K,True,pass,该回答在诊断准确性、病理逻辑、处方安全性和数据质量方面总体表现良好，符合测试数据有效性要求。诊断部分明确指出症状缺乏特异性，强调实验室检测的重要性，避免仅凭经验下结论。处方部分合理建议控制继发感染和改善管理，并设定了明确的检测与安全边界，未发现危险建议。尽管存在症状与潜在病原关联性分析不够深入、检测后治疗调整指引略显笼统等轻微不足，但整体不影响其作为有效测试数据的价值。,89.0,28,18,24,18,pass,17.88,16.77,
f22b6e1a-97de-53a8-b9c7-687abbfcff78,200,猪增生性肠炎,swine_hunyuan_turbos,hunyuan-turbos-20250926,成功,,猪,我家有300头育肥猪，现在都快到出栏体重了，大概120公斤左右，这几天陆续有几头开始拉稀，粪便稀薄带点血丝，精神还行，采食量稍微下降，圈舍温度湿度正常，之前没用过针对Lawsonia的药，这种情况还能继续养着卖吗？要不要隔离或者送检？,根据描述，育肥猪在接近出栏时出现轻度腹泻伴血便，结合饲养密度和环境条件，考虑可能为猪增生性肠炎（Proliferative Enteropathy），由Lawsonia intracellularis感染所致。该病在育肥后期较常见，可导致肠上皮细胞异常增生，影响消化吸收并引发间歇性腹泻。需通过粪便PCR或组织病理学确诊。,建议立即将发病猪与健康猪分栏管理，减少交叉感染风险；采集新鲜粪便送实验室进行Lawsonia intracellularis PCR检测，必要时做病理切片；如确诊，可在兽医指导下使用对细胞内革兰氏阴性菌有效的抗生素进行治疗，同时加强饲料营养和饮水卫生；严禁未经检测直接出栏销售，以防疫情扩散及食品安全隐患。,若使用药物治疗，应严格遵守兽医指导的停药期规定，确保猪肉产品符合食品安全标准后方可上市销售。,"{""disease_name"": ""猪增生性肠炎"", ""severity"": ""中等"", ""scene_tags"": [""育肥猪"", ""临近出栏"", ""腹泻"", ""血便""], ""validation_points"": [""症状与Lawsonia intracellularis感染相符"", ""需要实验室确诊以避免误诊"", ""出栏前必须进行停药期管理""], ""risk_flags"": [""潜在人畜共患病风险低"", ""可能属于地方流行性细菌病"", ""涉及食品安全与检疫""], ""case_type"": ""腹泻出栏边界"", ""target_disease"": ""猪增生性肠炎"", ""local_flags"": {""species_ok"": true, ""target_disease_in_diagnosis"": true, ""target_disease_mismatch"": false, ""contains_specific_dose"": false, ""contains_specific_withdrawal"": false, ""regulated_bad_treatment"": false}}",False,False,,,True,False,True,D:\XF-ChongQin\ai-\knowledge\llm_wiki_swine_authoritative,1465,887,"猪增生性肠炎
猪增生性肠炎、proliferative enteropathy lawsonia intracellularis
腹泻出栏边界
临近出栏猪群出现腹泻，用户关心处理方向、隔离和用药后能否销售。","{""HUMAN_REVIEWED"": 2, ""NEEDS_REVIEW"": 2}","[""A0-MOA-573"", ""SRC-0001"", ""SRC-0071"", ""SRC-0072""]",2221,42.33,ERNIE-4.5-Turbo-32K,88,28,18,23,20,False,True,"该回答整体表现良好，诊断准确性较高，症状与疾病匹配合理，处理方向安全且符合疾病特点。病理逻辑清晰，但可进一步细化诊断依据。处方安全，考虑了食品安全和检疫要求。数据质量较高，但部分细节可优化。
问题：诊断部分虽提及粪便PCR和组织病理学确诊，但未详细说明其他可能的鉴别诊断，病理逻辑稍显不足。；数据质量方面，场景标签和验证点较为全面，但风险标志中'潜在人畜共患病风险低'的表述可能不够准确，猪增生性肠炎的人畜共患风险虽低，但仍需注意。",hunyuan-turbos-20250926,90,9,8,10,9,False,False,"该案例场景真实，用户描述了育肥猪接近出栏阶段出现的腹泻带血丝等症状，与猪增生性肠炎的典型临床表现相符。诊断思路正确，明确指向Lawsonia intracellularis感染，并提出了实验室确诊方法。处理方案强调隔离、送检、兽医指导和食品安全控制，避免了盲目用药和销售，安全性高。未出现危险建议或违规操作。
问题：鉴别诊断列举不足，仅提到Lawsonia感染，未提示与其他引起血便的疾病（如球虫病、沙门氏菌病等）区分的可能性。；对猪增生性肠炎的人畜共患风险评价过于简化，虽然风险较低，但在公共卫生沟通中应更谨慎表述。",True,ERNIE-4.5-Turbo-32K,True,pass,诊断准确性较高，症状与疾病匹配合理，处理方向安全且符合疾病特点，病理逻辑清晰，处方安全，考虑了食品安全和检疫要求。尽管存在鉴别诊断列举不足和人畜共患风险评价过于简化等轻微不足，但不影响整体质量和安全性。,89.0,28,18,23,20,pass,15.17,17.22,
34532137-6c6c-5e4e-bf7c-1ee262eb7453,222,猪传染性胃肠炎,swine_hunyuan_turbos,hunyuan-turbos-20250926,成功,,猪,我这边是山东一个自繁自养场，现在保育舍有200多头35日龄左右的仔猪，从昨天开始陆续出现水样腹泻，有的还带点酸臭味，体温正常偏低，采食量明显下降。已经用了恩诺沙星和硫酸粘菌素拌料两天，拉稀的猪还是不少，精神也不太好。想问问这种情况还能继续用这些药吗？要不要送样检测一下？,根据描述，35日龄仔猪在保育舍集中发生水样腹泻，伴食欲减退，使用抗菌药效果不佳，提示可能为病毒性腹泻，如猪传染性胃肠炎（TGEV）或其他肠道病毒性疾病。TGEV 主要引起急性水样腹泻，传播快，哺乳仔猪死亡率高，保育猪症状相对较轻但仍会持续排稀便并影响生长。当前抗菌药无效且无明显发热，支持非细菌性病因的判断。,treatment_direction: 目前无特效抗病毒药物，重点为对症支持治疗和减少继发细菌感染风险。可在饮水中补充电解质和维生素，保持圈舍温暖干燥，减少应激。；management_measures: 立即隔离发病栏位，加强圈舍保温通风，防止贼风直吹；及时清理粪污，降低环境病毒载量；暂停转群和混群操作；保证饮水清洁充足。；sampling_and_testing: 建议采集新鲜腹泻粪便样本送至具备资质的实验室进行病原检测（如RT-PCR），明确是否为TGEV或其他病毒，以便后续防控决策。；prohibited_boundaries: 严禁随意使用未经批准的兽药或超范围用药；不得隐瞒疫情信息，若怀疑重大疫病须按当地畜牧部门规定上报。,因主要为支持性措施，不涉及特定药物休药期；如需使用抗生素控制继发感染，应按药品说明书及国家规定执行休药期管理。,"{""disease_name"": ""猪传染性胃肠炎"", ""severity"": ""中等至严重（视日龄和饲养管理而定）"", ""scene_tags"": [""保育猪"", ""水样腹泻"", ""抗菌药无效"", ""群体发病""], ""validation_points"": [""符合TGEV在保育猪的典型临床表现"", ""抗菌药无效支持病毒性病因"", ""建议送检病原以明确诊断""], ""risk_flags"": [""潜在快速传播风险"", ""可能影响全群健康与生产性能""], ""case_type"": ""腹泻用药咨询"", ""target_disease"": ""猪传染性胃肠炎"", ""local_flags"": {""species_ok"": true, ""target_disease_in_diagnosis"": true, ""target_disease_mismatch"": false, ""contains_specific_dose"": false, ""contains_specific_withdrawal"": false, ""regulated_bad_treatment"": false}}",False,False,,,True,False,True,D:\XF-ChongQin\ai-\knowledge\llm_wiki_swine_authoritative,1465,887,"猪传染性胃肠炎
猪传染性胃肠炎、transmissible gastroenteritis virus、TGE、TGEV
腹泻用药咨询
猪群腹泻后已用过常见抗菌药效果一般，用户询问是否继续用药以及是否需要送检。","{""HUMAN_REVIEWED"": 3, ""NEEDS_REVIEW"": 2}","[""SRC-0001"", ""SRC-0036"", ""SRC-0037"", ""SRC-0079""]",2190,21.97,ERNIE-4.5-Turbo-32K,88,28,18,23,20,False,True,"整体回答质量较高，诊断准确，逻辑清晰，处理方向安全，数据质量良好，无明显致命风险。
问题：诊断部分对症状与疾病关联的描述可更详细，以增强说服力。；病理逻辑部分对病毒性腹泻与细菌性腹泻的区分依据可进一步明确。；数据质量部分，场景标签和验证点可更具体，以提升数据丰富度。",hunyuan-turbos-20250926,90,9,9,10,8.5,False,False,"该条数据场景真实，用户描述的仔猪水样腹泻、低体温、食欲下降等症状与猪传染性胃肠炎的典型表现相符；诊断分析合理，排除了细菌性原因，并提出了病原检测建议；处理方案以对症支持和生物安全措施为主，未给出危险用药建议，符合安全边界要求。
问题：诊断部分对症状与疾病的关联解释可以更细致，例如强调TGEV的传播速度、典型病程等特征。；病理逻辑中对病毒性腹泻与细菌性腹泻的鉴别要点可进一步细化，如粪便性状、伴随症状差异等。；数据质量方面，可增加更多现场细节（如环境温度、湿度、饲养密度）以提高场景丰富度和训练价值。",True,ERNIE-4.5-Turbo-32K,True,pass,两位评委均认为该条数据诊断准确，处理方向安全，无明显致命风险，符合筛选标准。诊断部分对症状与疾病的关联解释和病理逻辑中对病毒性腹泻与细菌性腹泻的鉴别可进一步细化，但不影响整体质量。,89.0,28,18,23,20,pass,14.24,15.56,
5a70fe28-8bdb-5812-a29f-8412b74d74b5,251,猪戊型肝炎,swine_hunyuan_turbos,hunyuan-turbos-20250926,成功,,猪,我家有120头育肥猪，平均体重在80公斤左右，最近一周陆续有几头出现精神沉郁、食欲下降、粪便颜色变浅的情况，体温正常，没有呼吸道症状。之前用过恩诺沙星拌料三天，效果不明显。想问下这种情况是不是需要采样送检？应该采哪些部位？会不会是别的更严重的病？,根据描述的症状（精神沉郁、食欲减退、粪便色淡），结合使用抗生素无效的情况，需考虑病毒性肝病如猪戊型肝炎的可能，同时应排除其他引起肝功能异常的传染病（如猪瘟、非洲猪瘟等）。由于该病为人兽共患风险病原体，且临床表现易与其他严重疫病混淆，建议立即采样送检确诊。,1. 暂停使用未经确诊的药物，防止掩盖病情；2. 采集新鲜粪便及血清样本送具备资质的实验室进行HEV核酸检测及血清学检测；3. 若条件允许，可同步采集肝脏组织做病理学检查；4. 加强生物安全措施，限制人员、车辆流动，防止潜在传播；5. 对疑似病例实施隔离观察，直至检测结果明确；6. 严禁将病死猪随意丢弃或出售，按当地规定无害化处理。,因未确定病因，暂不建议屠宰上市，等待实验室结果后再决定后续措施。,"{""disease_name"": ""猪戊型肝炎"", ""severity"": ""中等至严重（取决于是否并发其他疫病）"", ""scene_tags"": [""育肥猪"", ""食欲不振"", ""粪便异常"", ""抗生素治疗无效"", ""人兽共患风险""], ""validation_points"": [""症状符合病毒性肝炎表现"", ""抗生素无效提示非细菌性感染"", ""需通过实验室检测区分HEV与其他烈性传染病""], ""risk_flags"": [""人兽共患风险"", ""需排除法定重大动物疫病""], ""case_type"": ""采样送检咨询"", ""target_disease"": ""猪戊型肝炎"", ""local_flags"": {""species_ok"": true, ""target_disease_in_diagnosis"": true, ""target_disease_mismatch"": false, ""contains_specific_dose"": false, ""contains_specific_withdrawal"": false, ""regulated_bad_treatment"": false}}",False,False,,,True,False,True,D:\XF-ChongQin\ai-\knowledge\llm_wiki_swine_authoritative,1465,887,"猪戊型肝炎
猪戊型肝炎、hepatitis e virus
采样送检咨询
用户描述症状后，重点询问采什么样品、如何判断和如何避免误治。","{""HUMAN_REVIEWE"": 1, ""HUMAN_REVIEWED"": 2, ""NEEDS_REVIEW"": 2}","[""SRC-0001"", ""SRC-0009"", ""SRC-0012"", ""SRC-0014"", ""SRC-0040"", ""SRC-0041""]",2221,24.39,ERNIE-4.5-Turbo-32K,88,28,18,23,20,False,True,"该回答在诊断准确性、病理逻辑、处方安全性和数据质量方面表现良好，整体符合猪戊型肝炎的测试数据要求。诊断考虑了病毒性肝病的可能性，并建议排除其他严重传染病，符合真实场景需求。处方安全，强调了生物安全措施和无害化处理，避免了误治风险。数据质量较高，症状与疾病匹配，诊断逻辑清晰。
问题：病理逻辑方面，虽然考虑了病毒性肝病的可能性，但对其他可能引起类似症状的疾病（如猪瘟、非洲猪瘟）的排除逻辑可以更详细。；数据质量方面，虽然场景标签和验证点较为全面，但可以进一步增加对症状描述的详细性，以提高数据的丰富度。",hunyuan-turbos-20250926,90,9,8,10,9,False,False,"该数据场景真实，用户描述了典型的育肥猪群发病情况，症状与猪戊型肝炎相符，并排除了呼吸道疾病，提示可能肝源性问题。诊断部分合理考虑了病毒性肝病可能性，并提醒排除猪瘟、非洲猪瘟等严重传染病，符合人兽共患病的安全边界要求。处方建议科学、安全，强调停止盲目用药、及时送检、生物安全防控和无害化处理，无危险建议。数据质量高，信息完整。
问题：对其他可能引起类似症状的严重传染病（如猪瘟、非洲猪瘟）的鉴别分析可进一步细化，以增强诊断逻辑的严谨性。；症状描述虽基本充分，但可增加更多细节（如粪便质地变化、皮肤黄疸迹象等）以提升数据丰富度和模型训练价值。",True,ERNIE-4.5-Turbo-32K,True,pass,该回答在诊断准确性、病理逻辑、处方安全性和数据质量方面表现良好，整体符合猪戊型肝炎的测试数据要求。诊断考虑了病毒性肝病的可能性，并建议排除其他严重传染病，符合真实场景需求。处方安全，强调了生物安全措施和无害化处理，避免了误治风险。数据质量较高，症状与疾病匹配，诊断逻辑清晰。尽管在病理逻辑和数据质量方面存在轻微不足，但不影响整体判断，可通过后续数据增强改进。,89.0,28,18,23,20,pass,15.02,16.63,
f7c35f94-1822-57b7-9c71-96aadf417572,256,猪副黏病毒相关感染,swine_hunyuan_turbos,hunyuan-turbos-20250926,成功,,猪,我家是育肥场，存栏约800头，平均体重在60公斤左右。最近一周内，同一栋舍里陆续有10多头猪出现精神沉郁、食欲减退、体温升高到40℃以上，部分伴随咳嗽和呼吸急促，个别猪眼结膜潮红。之前用过替米考星饮水两天，效果不明显。现在想问能不能先当普通呼吸道病继续用药观察？,结合临床表现（高热、呼吸道症状、多栏短时间内集中发病）及传播特征，高度怀疑为病毒性传染病，需优先排除猪副黏病毒相关感染及其他重大疫病可能。当前缺乏确诊依据，不能直接按普通细菌性疾病处理。,立即暂停随意使用抗生素，对全群进行临床监测并记录异常个体；采集发热、呼吸道症状明显猪的鼻拭子、血液样本送具备资质的实验室检测，明确病原；加强圈舍通风、降低密度、减少应激；严格人员、车辆消毒，防止交叉感染；若检测结果提示重大动物疫病，应按规定向当地畜牧兽医部门报告并配合处置。,因未确诊且存在重大疫病风险，禁止出栏销售，直至检测结果明确并采取相应防控措施。,"{""disease_name"": ""猪副黏病毒相关感染"", ""severity"": ""高"", ""scene_tags"": [""育肥猪"", ""多栏集中发病"", ""急性呼吸道表现""], ""validation_points"": [""高热伴呼吸道症状符合病毒性感染特征"", ""短期内在同栋舍多发提示传染性较强"", ""抗生素治疗无效提示非单纯细菌感染""], ""risk_flags"": [""疑似重大动物疫病"", ""存在快速扩散风险""], ""case_type"": ""暴发与处置边界"", ""target_disease"": ""猪副黏病毒相关感染"", ""local_flags"": {""species_ok"": true, ""target_disease_in_diagnosis"": true, ""target_disease_mismatch"": false, ""contains_specific_dose"": false, ""contains_specific_withdrawal"": false, ""regulated_bad_treatment"": false}}",False,False,,,True,False,True,D:\XF-ChongQin\ai-\knowledge\llm_wiki_swine_authoritative,1465,887,"猪副黏病毒相关感染
猪副黏病毒相关感染、paramyxoviruses
暴发与处置边界
同栏或多栋猪舍短期内发病增多，用户询问是否能先按普通病治疗观察。","{""NEEDS_REVIEW"": 5}","[""SRC-0001""]",2034,25.77,ERNIE-4.5-Turbo-32K,88,28,18,23,20,False,True,"该回答对猪副黏病毒相关感染的诊断较为准确，结合临床表现和传播特征进行了合理怀疑，并强调了排除重大疫病的必要性。病理逻辑基本清晰，但未详细阐述病毒性感染与细菌性感染的鉴别要点。处方安全合理，强调了检测和生物安全措施的重要性，避免了盲目用药。数据质量较高，提供了详细的场景标签和验证点。
问题：诊断部分虽准确但缺乏对病毒性感染与细菌性感染鉴别要点的详细阐述。；病理逻辑部分对传播特征的描述可更深入。；数据质量中风险标志的描述可更具体。",hunyuan-turbos-20250926,90,9,8.5,9.5,9,False,False,"该回答基于用户提供的育肥场疫情信息，结合高热、呼吸道症状及群体性发病特点，合理怀疑猪副黏病毒相关感染，并强调需排除重大疫病，符合真实养殖场景。诊断与处理方向一致，避免盲目用药，提出采样送检、生物安全等科学措施，无危险建议。不足之处在于未详细阐述病毒性感染与细菌性感染的鉴别要点，传播特征描述可进一步细化。
问题：未详细说明病毒性感染与细菌性感染在症状、病程、治疗反应等方面的鉴别要点。；对传播特征的流行病学分析不够深入，例如潜伏期、传播途径等细节缺失。",True,ERNIE-4.5-Turbo-32K,True,pass,该回答对猪副黏病毒相关感染的诊断较为准确，结合临床表现和传播特征进行了合理怀疑，并强调了排除重大疫病的必要性。诊断与处理方向一致，避免盲目用药，提出采样送检、生物安全等科学措施，无危险建议。尽管在病毒性感染与细菌性感染的鉴别要点及传播特征的描述上存在不足，但整体不影响诊断和处置方向，数据质量较高。,89.0,28,18,23,20,pass,17.72,19.72,
cf4cda82-5471-5223-b65a-3d4499adc6e1,296,猪瘟,swine_hunyuan_turbos,hunyuan-turbos-20250926,成功,,猪,我家有120头80公斤左右的育肥猪，这几天陆续有几头开始发烧到41度左右，精神沉郁不吃料，有的还拉稀带血，皮肤有点发紫。之前用了氟苯尼考和多西环素拌料喂了三天，体温降下来一点，但还是没完全恢复，想问还能继续用这些药吗？,"根据描述的症状（高热、精神沉郁、便血、皮肤发绀），结合育肥猪阶段及用药史，高度怀疑为经典猪瘟（Classical Swine Fever, CSF）。该病由黄病毒科瘟病毒属引起，具有高度传染性和致死性，临床表现多样，易与其他出血性疾病混淆。",treatment_direction: 立即停喂原饲料，改为易消化的清洁饮水，添加电解质防止脱水；加强圈舍保温通风，减少应激；对疑似病例进行单独隔离观察。；management_measures: 全场严格消毒，限制人员车辆流动，防止病原扩散；记录发病与死亡情况，及时上报当地畜牧兽医部门。；sampling_submission: 采集发热、便血猪的血液、脾脏等组织样本送有资质的实验室进行CSF病原学检测（PCR、抗原检测等），同时做鉴别诊断排除非洲猪瘟等其他烈性病。；prohibited_boundaries: 禁止在未经确诊前使用任何抗生素或抗病毒药物试图‘替代’防控；严禁私自屠宰、销售病死猪及其产品；不得使用禁用药或未批准兽药。,因涉及重大动物疫病，无常规休药期概念，须按官方处置方案执行，包括扑杀、无害化处理及疫区封锁等措施。,"{""disease_name"": ""经典猪瘟"", ""severity"": ""高"", ""scene_tags"": [""育肥猪"", ""高热"", ""便血"", ""皮肤发绀"", ""群体发病""], ""validation_points"": [""症状符合CSF典型表现：持续高热、精神沉郁、便血、皮肤发绀"", ""用药无效提示非细菌性单一感染，需考虑病毒性烈性传染病"", ""CSF为OIE列名疫病，需通过实验室确诊并按重大疫情处置""], ""risk_flags"": [""重大动物疫病风险"", ""高传染性，存在全群暴发风险"", ""需立即上报主管部门并采取封锁、扑杀措施""], ""case_type"": ""育肥猪用药咨询"", ""target_disease"": ""猪瘟"", ""local_flags"": {""species_ok"": true, ""target_disease_in_diagnosis"": true, ""target_disease_mismatch"": false, ""contains_specific_dose"": false, ""contains_specific_withdrawal"": false, ""regulated_bad_treatment"": false}}",False,False,,,True,False,True,D:\XF-ChongQin\ai-\knowledge\llm_wiki_swine_authoritative,1465,887,"猪瘟
猪瘟、classical swine fever pestiviruses、经典猪瘟、CSF
育肥猪用药咨询
育肥猪出现典型症状，用户已经用过常见药物但效果一般，询问是否继续用药。","{""HUMAN_REVIEWED"": 3}","[""A1-WOAH-CSF"", ""A1-WOAH-CSF-DISEASE"", ""A1-WOAH-CSF-MANUAL"", ""SRC-0015"", ""SRC-0031"", ""SRC-0046""]",2221,25.4,ERNIE-4.5-Turbo-32K,88,28,18,24,18,False,True,"该回答对猪瘟的诊断较为准确，症状描述与疾病特征匹配度高，诊断逻辑合理，处理方向安全且符合疾病防控要求，数据质量良好，无致命风险。
问题：diagnosis_accuracy: 诊断准确性较高，但未完全覆盖所有可能鉴别诊断的说明，如非洲猪瘟的鉴别要点可更详细。；pathology_logic: 病理逻辑合理，但对用药无效的进一步分析（如抗生素对病毒无效的机制）可更深入。；data_quality: 数据质量良好，但场景标签中可增加“用药史”以更全面反映咨询背景。",hunyuan-turbos-20250926,90,9,9,10,8,False,False,"该案例场景真实，用户描述的发热、便血、皮肤发绀等症状与经典猪瘟高度吻合，诊断依据充分。处理措施强调隔离、消毒、采样送检并上报主管部门，符合重大疫病防控规范，未给出危险用药建议，安全性高。不足之处在于鉴别诊断部分可补充更多细节，例如非洲猪瘟与经典猪瘟的临床区分点，以及解释为何抗生素无效的原因，以增强专业性与说服力。
问题：鉴别诊断说明不够全面，缺少非洲猪瘟等关键疾病的对比要点。；未明确解释抗生素对病毒性猪瘟无效的原理，可能影响用户对治疗方向的认知。",True,ERNIE-4.5-Turbo-32K,True,pass,该回答对猪瘟的诊断较为准确，症状描述与疾病特征匹配度高，诊断逻辑合理，处理方向安全且符合疾病防控要求。尽管在鉴别诊断的详细程度和用药无效机制的解释上存在轻微不足，但整体数据质量良好，无致命风险，不影响其作为有效数据的参考价值。,89.0,28,18,24,18,pass,15.39,13.52,
7c406479-873d-5d77-940a-2a271759d7e4,317,猪δ冠状病毒感染,swine_hunyuan_turbos,hunyuan-turbos-20250926,成功,,猪,我家有120头25日龄左右的保育猪，这几天陆续有几窝开始拉黄色水样便，精神差、吃料少，有的还伴随轻度脱水。圈舍温度偏低，前几天刚用过恩诺沙星拌料防过大肠杆菌，现在想弄清楚是不是病毒性腹泻，该怎么紧急处理？,结合年龄、水样腹泻、脱水及低温应激史，高度怀疑猪δ冠状病毒感染，同时需考虑混合感染可能（如大肠杆菌、轮状病毒等）。建议通过实验室检测粪便或肠内容物中的PDCoV核酸进行确诊。,立即改善保温与通风条件，减少冷应激；提供清洁温水防止脱水；暂停使用抗生素以防掩盖病情；采集新鲜腹泻粪便送实验室检测PDCoV及其他常见腹泻病原；根据检测结果调整防控方案，必要时配合支持疗法（补液、电解质）；严禁随意使用未经批准的抗病毒药物。,因无特效抗病毒药，无需标注休药期；若后续使用抗生素治疗，须按药品说明执行相应休药期。,"{""disease_name"": ""猪δ冠状病毒感染"", ""severity"": ""中等至严重（可导致仔猪高死亡率）"", ""scene_tags"": [""保育猪"", ""水样腹泻"", ""脱水"", ""低温应激""], ""validation_points"": [""符合PDCoV在保育猪群中暴发的流行病学特征"", ""临床表现与文献描述一致"", ""强调实验室确诊的重要性""], ""risk_flags"": [""潜在混合感染"", ""寒冷应激加重病情""], ""case_type"": ""腹泻群体发病"", ""target_disease"": ""猪δ冠状病毒感染"", ""local_flags"": {""species_ok"": true, ""target_disease_in_diagnosis"": true, ""target_disease_mismatch"": false, ""contains_specific_dose"": false, ""contains_specific_withdrawal"": false, ""regulated_bad_treatment"": false}}",False,False,,,True,False,True,D:\XF-ChongQin\ai-\knowledge\llm_wiki_swine_authoritative,1465,887,"猪δ冠状病毒感染
猪δ冠状病毒感染、porcine deltacoronavirus
腹泻群体发病
同窝或同栏出现水样腹泻、脱水、采食下降，用户想知道主要病因和紧急处理。","{""HUMAN_REVIEWED"": 1, ""NEEDS_REVIEW"": 4}","[""A0-MOA-573"", ""SRC-0001""]",2027,24.43,ERNIE-4.5-Turbo-32K,88,28,18,24,18,False,True,"该回答整体表现良好，诊断准确性较高，符合猪δ冠状病毒感染的流行病学特征和临床表现。病理逻辑合理，考虑了混合感染和寒冷应激的影响。处方安全，强调了改善环境条件和实验室确诊的重要性，避免了随意使用抗病毒药物。数据质量方面，虽然提供了详细的场景标签和验证点，但部分信息如支持疗法的具体措施可进一步细化。
问题：病理逻辑中未详细阐述混合感染（如大肠杆菌、轮状病毒）的具体诊断依据和鉴别方法。；数据质量方面，支持疗法的具体措施（如补液、电解质的种类和剂量）未明确说明。；处方中未提及如何监测病情变化和调整治疗方案的具体指标。",hunyuan-turbos-20250926,90,95,92,93,85,False,False,"该案例描述真实且符合猪δ冠状病毒感染的典型临床特征，包括年龄、水样腹泻、脱水及低温应激背景。诊断思路清晰，并考虑到可能的混合感染，建议实验室检测以确诊，体现了科学严谨性。处方措施安全，强调改善环境、避免滥用抗生素和未经批准的药物，符合生物安全和用药规范。不足之处在于对混合感染的具体鉴别方法和支持疗法的细节描述不够充分，可能影响实际操作的可操作性。
问题：未详细说明混合感染（如大肠杆菌、轮状病毒）的鉴别诊断方法与依据。；支持疗法（补液、电解质种类与用量）缺乏具体指导，可能导致现场操作模糊。；缺少病情监测与治疗方案调整的量化指标。",True,ERNIE-4.5-Turbo-32K,True,pass,诊断准确，符合猪δ冠状病毒感染的流行病学特征和临床表现，考虑了混合感染和寒冷应激的影响。处方安全，强调了改善环境条件和实验室确诊的重要性，避免了随意使用抗病毒药物。尽管存在对混合感染鉴别方法和支持疗法细节描述不够充分的问题，但整体方向正确，不影响实际操作的安全性。,89.0,28,18,24,18,pass,16.5,19.22,
9ffd1e71-e5c5-5517-adab-9160d096fb2b,329,猪副黏病毒相关感染,swine_hunyuan_turbos,hunyuan-turbos-20250926,成功,,猪,我家有200多头育肥猪，平均体重在80公斤左右，最近一周陆续出现精神沉郁、食欲下降、体温升高到40℃以上，部分猪咳嗽、流鼻涕，还有个别猪呼吸困难。圈舍通风一般，湿度偏高，之前用过一些抗生素，效果不明显。现在想先采样送检看看是不是病毒感染，请问该采哪些样？怎么保存送过去？会不会是非洲猪瘟？,根据描述的症状（高热、呼吸道表现、抗生素治疗无效）以及流行病学特征，高度怀疑为病毒性呼吸道疾病，其中猪副黏病毒相关感染是可能原因之一。需通过实验室检测排除其他重要病毒性疾病如PRRSV、PCV2等，并排除非洲猪瘟等重大疫病。,treatment_direction: 目前无特效抗病毒药物，以支持疗法为主，包括改善饲养环境（降低密度、加强通风、控制温湿度）、提供充足饮水和营养、减少应激。；management_measures: 立即隔离发病猪，防止与健康猪混群；对全群进行健康监测，记录体温、采食量及呼吸状况；严格消毒圈舍及周边区域，限制人员车辆随意进出。；sampling_and_testing: 采集发病猪的鼻拭子、肺组织（如有死亡可剖检取肺叶）、扁桃体、血液样本，置于冰袋冷藏运输至具备资质的实验室，做PCR检测排查多种呼吸道病毒，包括副黏病毒属相关病毒及其他常见猪呼吸道病毒。；prohibited_boundary: 严禁私自使用未经批准的疫苗或药物；若检测结果提示非洲猪瘟或其他法定重大动物疫病，须立即向当地动物防疫部门报告，并按其指导执行封锁、扑杀、无害化处理等措施。,因无特定药物治疗，不涉及常规休药期问题；但若后续使用兽药，应遵守相应说明书规定的停药期。,"{""disease_name"": ""猪副黏病毒相关感染"", ""severity"": ""中等偏上"", ""scene_tags"": [""育肥猪"", ""呼吸道症状"", ""高热"", ""抗生素无效""], ""validation_points"": [""症状符合病毒性呼吸道疾病特征"", ""抗生素治疗无效支持非细菌性病因"", ""建议采样送检以明确病原""], ""risk_flags"": [""需排除非洲猪瘟等重大疫病"", ""存在潜在传播风险""], ""case_type"": ""采样送检咨询"", ""target_disease"": ""猪副黏病毒相关感染"", ""local_flags"": {""species_ok"": true, ""target_disease_in_diagnosis"": true, ""target_disease_mismatch"": false, ""contains_specific_dose"": false, ""contains_specific_withdrawal"": false, ""regulated_bad_treatment"": false}}",False,False,,,True,False,True,D:\XF-ChongQin\ai-\knowledge\llm_wiki_swine_authoritative,1465,887,"猪副黏病毒相关感染
猪副黏病毒相关感染、paramyxoviruses
采样送检咨询
用户描述症状后，重点询问采什么样品、如何判断和如何避免误治。","{""NEEDS_REVIEW"": 5}","[""SRC-0001""]",2027,26.99,ERNIE-4.5-Turbo-32K,88,28,18,24,18,False,True,"该回答在诊断准确性、病理逻辑、处方安全性和数据质量方面表现良好，整体符合测试数据有效性要求。诊断考虑了症状、流行病学特征及抗生素治疗无效等因素，排除了非洲猪瘟等重大疫病，并建议采样送检以明确病原。处方以支持疗法为主，管理措施合理，采样和检测建议科学。数据质量方面，信息完整且逻辑清晰。
问题：病理逻辑方面，对猪副黏病毒相关感染的特异性症状描述不够详细，未充分阐述与其他病毒性呼吸道疾病的鉴别要点。；数据质量方面，场景标签和验证点虽覆盖了主要信息，但缺乏对猪舍环境（如湿度偏高）对疾病影响的具体分析。",hunyuan-turbos-20250926,90,9,8,10,9,False,False,"该数据场景真实，用户描述了育肥猪群体性发热、呼吸道症状及抗生素治疗无效的背景，符合病毒性呼吸道疾病的临床特征。诊断中考虑到了猪副黏病毒相关感染的可能性，同时强调排除非洲猪瘟等重大疫病，体现了安全边界意识。处方以支持疗法和环境管理为主，措施合理且无危险用药建议。采样与送检方案科学，符合兽医规范。不足之处在于对猪副黏病毒的特异性症状描述不足，缺乏与其他呼吸道病毒的鉴别细节，以及对高湿环境致病机制的进一步解释。
问题：对猪副黏病毒相关感染的特异性临床表现描述不够细致，缺少与其他病毒性呼吸道疾病的鉴别要点。；未深入分析圈舍高湿环境对疾病发生发展的作用机制。",True,ERNIE-4.5-Turbo-32K,True,pass,两位评委均认为该回答在诊断准确性、病理逻辑、处方安全性和数据质量方面表现良好，诊断考虑了症状、流行病学特征及抗生素治疗无效等因素，排除了非洲猪瘟等重大疫病，并建议采样送检以明确病原。处方以支持疗法为主，管理措施合理，采样和检测建议科学。尽管存在对猪副黏病毒相关感染的特异性症状描述不够详细、未充分阐述与其他病毒性呼吸道疾病的鉴别要点、缺乏对猪舍环境（如湿度偏高）对疾病影响的具体分析等轻微不足，但整体符合测试数据有效性要求，不影响其作为有效数据的参考价值。,89.0,28,18,24,18,pass,17.59,20.27,
cb6ef70c-e3d3-5b2b-9d2c-a77566128e66,359,猪黄曲霉毒素中毒,swine_hunyuan_turbos,hunyuan-turbos-20250926,成功,,猪,我家有200头育肥猪，平均体重80公斤左右，前几天刚换了一批新玉米做的全价料，喂了两天后发现有几头开始不吃料，有的还吐，精神也差，个别母猪还有流产迹象。之前没出现过这种情况，想问问是不是饲料有问题？,根据描述，结合近期更换饲料的病史及多例出现厌食、呕吐、精神沉郁甚至繁殖障碍的表现，高度怀疑为饲料中黄曲霉毒素污染引起的猪黄曲霉毒素中毒。该病为非感染性中毒病，主要损害肝脏功能，可表现为消化障碍、全身症状及繁殖异常。,treatment_direction: 立即停喂可疑饲料，更换为无霉变、质量可靠的原料配制的全价料；加强饮水管理，提供清洁饮水；在兽医指导下可考虑使用保肝护肝类药物辅助支持肝功能恢复。；management_measures: 清理并封存剩余可疑饲料，防止继续饲喂；对猪舍进行通风换气，减少应激；观察并记录其他猪只的症状变化，及时隔离严重病例。；sampling_and_testing: 采集剩余饲料样品送实验室检测黄曲霉毒素含量，同时采集病死猪肝脏组织进行病理学检查，以明确毒素水平与器官损伤情况。；prohibited_boundaries: 严禁继续使用可疑饲料；禁止将病猪与健康猪混养以防扩散；在未排除重大传染病前，不得随意出售或转运猪群。,因属中毒事件，不涉及药物休药期，但需确保饲料更换后至少经过一次完整饲养周期且无异常方可出栏。,"{""disease_name"": ""猪黄曲霉毒素中毒"", ""severity"": ""中等至高"", ""scene_tags"": [""饲料更换史"", ""群体性厌食呕吐"", ""繁殖障碍""], ""validation_points"": [""近期更换饲料且症状集中出现"", ""临床表现符合肝毒性特征"", ""存在潜在饲料毒素污染风险""], ""risk_flags"": [""疑似饲料毒素污染"", ""可能影响繁殖性能""], ""case_type"": ""饲料中毒咨询"", ""target_disease"": ""猪黄曲霉毒素中毒"", ""local_flags"": {""species_ok"": true, ""target_disease_in_diagnosis"": true, ""target_disease_mismatch"": false, ""contains_specific_dose"": false, ""contains_specific_withdrawal"": false, ""regulated_bad_treatment"": false}}",False,False,,,True,False,True,D:\XF-ChongQin\ai-\knowledge\llm_wiki_swine_authoritative,1465,887,"猪黄曲霉毒素中毒
猪黄曲霉毒素中毒、aflatoxin toxicosis
饲料中毒咨询
更换饲料或玉米批次后出现采食下降、呕吐、繁殖异常或神经症状，用户怀疑饲料问题。","{""NEEDS_REVIEW"": 2, ""PROCESSED_SOURCE_ANCHORED"": 2}","[""SRC-0001"", ""SRC-0085""]",2221,24.67,ERNIE-4.5-Turbo-32K,90,28,18,24,20,False,True,"整体回答质量较高，诊断准确，逻辑清晰，处理方向安全，数据质量良好，无明显致命风险。
问题：diagnosis_accuracy: 诊断准确度较高，但未完全覆盖所有症状（如神经症状未明确提及）；pathology_logic: 病理逻辑合理，但未详细解释黄曲霉毒素对肝脏的具体损害机制；prescription_safety: 处方安全，但未提及具体保肝药物名称及剂量；data_quality: 数据质量良好，但场景标签和验证点可更详细",hunyuan-turbos-20250926,88,85,85,90,88,False,False,"该案例场景真实，用户描述的换料后出现厌食、呕吐、精神沉郁及繁殖障碍等症状与猪黄曲霉毒素中毒的典型表现相符，诊断依据充分且逻辑自洽。处理方案包括停用可疑饲料、更换优质饲料、保肝支持治疗及采样送检等措施，符合中毒事件的处置原则，未发现危险建议。不足之处在于未详细阐述黄曲霉毒素对肝脏的损伤机制，也未列举具体的保肝药物类别，部分细节可进一步补充以增强专业性和指导性。
问题：未详细说明黄曲霉毒素对肝脏的具体毒性作用机制；未列出保肝药物的类别或作用原理，仅笼统提及“保肝护肝类药物”；未针对可能的神经症状作补充说明",True,ERNIE-4.5-Turbo-32K,True,pass,整体回答质量较高，诊断与用户描述的症状相符，逻辑清晰，处理方向安全，符合中毒事件的处置原则。尽管存在未详细解释黄曲霉毒素对肝脏的具体损害机制、未提及具体保肝药物名称及剂量等轻微不足，但不影响整体判断，数据质量良好，无明显致命风险。,89.0,28,18,24,20,pass,17.09,18.94,
0b97b99c-42e0-5529-8eb3-ecff29ed73d2,378,猪链球菌病,swine_hunyuan_turbos,hunyuan-turbos-20250926,成功,,猪,我家有120头70公斤左右的育肥猪，最近几天有几头出现精神沉郁、不吃料、体温升高到40℃左右，有的还转圈走、站立不稳，怀疑是脑膜炎。之前用过阿莫西林饮水，但效果不明显。现在离计划出栏只剩十来天，想问下还能治吗？用药后多久能卖？,根据描述的症状（高热、神经症状、共济失调）及育肥猪阶段，高度怀疑为猪链球菌病（Streptococcus suis），该病可引起脑膜炎、败血症和多器官病变，需结合实验室分离鉴定确认。,建议立即隔离发病猪，减少应激，改善通风降温；采集血液、脑脊液或关节液送实验室进行病原分离与药敏试验，依据结果选用敏感抗菌药物（如β-内酰胺类、氟喹诺酮类等）；同时加强全群管理，防止继发感染。严禁在未经确诊和药敏指导的情况下随意更换抗生素。若确诊为猪链球菌病，须按当地防疫规定处置，不得擅自出售疑似染疫猪。,因涉及上市销售，必须在兽医指导下确定停药期并符合食品安全法规后方可出栏，不可自行缩短或忽略休药期。,"{""disease_name"": ""猪链球菌病"", ""severity"": ""高"", ""scene_tags"": [""育肥猪"", ""神经症状"", ""高热"", ""临近出栏""], ""validation_points"": [""症状与猪链球菌病典型表现一致"", ""强调实验室确诊与药敏指导用药"", ""明确禁止未达标出栏""], ""risk_flags"": [""人兽共患风险（皮肤伤口接触）"", ""重大疫病防控边界""], ""case_type"": ""上市休药期咨询"", ""target_disease"": ""猪链球菌病"", ""local_flags"": {""species_ok"": true, ""target_disease_in_diagnosis"": true, ""target_disease_mismatch"": false, ""contains_specific_dose"": false, ""contains_specific_withdrawal"": false, ""regulated_bad_treatment"": false}}",False,False,,,True,False,True,D:\XF-ChongQin\ai-\knowledge\llm_wiki_swine_authoritative,1465,887,"猪链球菌病
猪链球菌病、streptococcosis streptococcus suis
上市休药期咨询
用户接近出栏，关心治疗方向和用药后能否出栏销售。","{""HUMAN_REVIEWED"": 3, ""NEEDS_REVIEW"": 2}","[""SRC-0001"", ""SRC-0014"", ""SRC-0075"", ""SRC-0076""]",2195,24.36,ERNIE-4.5-Turbo-32K,88,28,18,24,18,False,True,"整体回答质量较高，诊断准确性、处方安全性和风险控制均表现良好，符合猪链球菌病的诊断与处理规范。
问题：诊断部分未提及实验室确诊的必要性，仅在处方中提及，逻辑稍显割裂。；病理逻辑部分对症状与疾病关联的解释不够深入，缺乏对败血症等并发症的讨论。；数据质量部分对用户场景的利用不够充分，未明确提及休药期的具体法规依据。",hunyuan-turbos-20250926,90,9,8.5,9.5,8.5,False,False,"该回答整体科学严谨，诊断准确，处方安全且包含必要的生物安全和法规提醒，无危险建议。不足之处在于诊断与处方中对实验室确诊必要性的表述略显割裂，病理机制解释可更深入，对临近出栏的风险提示虽存在但未完全展开。
问题：诊断部分未直接强调实验室确诊的重要性，导致逻辑衔接不够紧密。；病理机制分析较浅，未详细讨论败血症及其他系统并发症。；对临近出栏的特殊风险（如市场流通限制、检疫要求）提示不足。",True,ERNIE-4.5-Turbo-32K,True,pass,整体回答科学严谨，诊断准确，处方安全，且包含必要的生物安全和法规提醒。尽管在诊断与处方中对实验室确诊必要性的表述略显割裂，病理机制分析较浅，对临近出栏的风险提示不足，但这些不足不影响整体方向和安全性，可通过后续优化改进。,89.0,28,18,24,18,pass,15.47,22.91,
0f376184-0bdd-5b10-b56d-66b9b0361fda,381,猪球虫病,swine_hunyuan_turbos,hunyuan-turbos-20250926,成功,,猪,我家有120头25日龄左右的保育猪，这几天陆续出现拉稀，粪便是黄白色水样，有的带点血丝，精神差、吃料少，圈舍比较潮湿，前几天用过恩诺沙星拌料，效果不明显，想问下可能是什么病，该怎么处理？,根据日龄、水样腹泻、带血丝及圈舍潮湿情况，考虑仔猪球虫病可能性较大，但需与大肠杆菌性腹泻、轮状病毒、传染性胃肠炎、产气荚膜梭菌C型及Strongyloides ransomi等鉴别。建议结合剖检观察小肠黏膜出血、增厚等病变，并采集粪便进行卵囊镜检，同时做细菌分离培养及病毒抗原检测，综合判断。,治疗与管理措施包括：改善圈舍干燥通风条件，减少应激；在兽医指导下使用抗球虫药物（如托曲珠利类），注意轮换用药以防耐药；补充电解质多维防止脱水；对严重病例可配合对症支持治疗。管理措施上应分群饲养，及时清理粪便，保持饮水清洁。采样送检方面，应送新鲜粪便至实验室进行球虫卵囊镜检、细菌培养和病毒检测，必要时做病理切片。禁忌边界为不可在未确诊前盲目使用抗生素替代抗球虫治疗，且若怀疑重大传染病（如非洲猪瘟、口蹄疫等）应立即按当地规定隔离、采样送检并报告主管部门，不得自行处理。,因涉及具体药物及疗程未明确，暂无法给出准确休药期，须依据所用药物说明书及当地法规执行。,"{""disease_name"": ""猪球虫病"", ""severity"": ""中等偏重"", ""scene_tags"": [""保育猪"", ""群体腹泻"", ""潮湿环境"", ""水样便带血""], ""validation_points"": [""日龄符合球虫易感期"", ""症状与球虫感染相符"", ""需与其他腹泻病因鉴别"", ""卵囊检出需结合临床与剖检""], ""risk_flags"": [""需排除重大传染病"", ""避免滥用抗生素"", ""需专业兽医指导用药""], ""case_type"": ""腹泻群体发病"", ""target_disease"": ""猪球虫病"", ""local_flags"": {""species_ok"": true, ""target_disease_in_diagnosis"": true, ""target_disease_mismatch"": false, ""contains_specific_dose"": false, ""contains_specific_withdrawal"": false, ""regulated_bad_treatment"": false}}",False,False,,,True,False,True,D:\XF-ChongQin\ai-\knowledge\llm_wiki_swine_authoritative,1465,887,"猪球虫病
猪球虫病、coccidia and other protozoa、球虫、球虫感染、coccidiosis、coccidia
腹泻群体发病
同窝或同栏出现水样腹泻、脱水、采食下降，用户想知道主要病因和紧急处理。","{""HUMAN_REVIEWED"": 2, ""NEEDS_REVIEW"": 2}","[""SRC-0001"", ""SRC-0081""]",2220,30.38,ERNIE-4.5-Turbo-32K,88,28,18,23,20,False,True,"该回答整体表现良好，诊断准确性较高，考虑了多种鉴别诊断，病理逻辑合理，处方安全且与疾病相互印证，数据质量较高，无明显致命风险。
问题：diagnosis_accuracy: 虽考虑了多种鉴别诊断，但未明确给出主要诊断依据的优先级，可能使非专业用户感到困惑。；pathology_logic: 病理逻辑部分对鉴别诊断的阐述可更深入，以增强诊断的说服力。；data_quality: 数据质量部分，对场景标签和验证点的利用可更充分，以提升回答的针对性和实用性。",hunyuan-turbos-20250926,90,9,9,10,9,True,False,"回答整体科学严谨，诊断思路清晰，涵盖了主要鉴别诊断，并结合了现场环境信息，处方方案符合球虫病管理原则，强调了确诊前的谨慎用药和安全边界，无危险建议。
问题：未明确列出各鉴别诊断的优先顺序，可能导致非专业人员难以快速抓住核心病因。；对鉴别诊断的病理机制解释不够深入，影响说服力。；未充分利用场景标签细化针对性建议。",True,ERNIE-4.5-Turbo-32K,True,pass,回答整体科学严谨，诊断思路清晰，涵盖了主要鉴别诊断，并结合了现场环境信息，处方方案符合球虫病管理原则，强调了确诊前的谨慎用药和安全边界，无危险建议。尽管在诊断依据优先级和病理机制解释方面存在轻微不足，但不影响整体质量和安全性。,89.0,28,18,23,20,pass,19.93,15.79,
9d5bb952-ce43-52ff-ab13-9a05ba9d0a3b,383,猪布鲁氏菌病,swine_hunyuan_turbos,hunyuan-turbos-20250926,成功,,猪,我家有120头能繁母猪，平均体重220公斤左右，还有8头公猪，最近一个月陆续有3头怀孕后期母猪发生早产、死胎，部分母猪流产后一直不发情，有两头公猪精液质量下降、睾丸肿胀。之前没用过什么特殊药物，圈舍通风一般，想问下这是啥病？会不会传染？还能继续配种吗？,根据描述，怀孕母猪出现流产、死胎及返情，公猪出现睾丸肿胀、精液质量下降，符合猪布鲁氏菌病的典型临床表现，该病可引起母猪繁殖障碍及公猪生殖器官病变，同时具有人兽共患风险。,treatment_direction: 暂停配种计划，防止疾病扩散；对疑似感染个体进行隔离观察；采集血液、流产胎儿组织送实验室做血清学及病原检测确认病因。；management_measures: 加强圈舍卫生消毒，减少人员与动物接触时的交叉污染；工作人员注意个人防护，处理流产物时戴手套口罩；限制外来人员及车辆进入生产区。；sampling_and_testing: 采集流产胎儿、胎盘、公猪精液及血清样本，送具备资质的兽医实验室进行布鲁氏菌分离培养或PCR检测。；prohibited_boundaries: 在未确诊前禁止将可疑动物及其后代外调或出售；严禁使用未经检疫的精液进行人工授精；发现阳性结果应立即向当地动物防疫部门报告，并配合开展流行病学调查。,因未确诊且存在人兽共患风险，应停止配种直至检测结果明确并采取相应防控措施。,"{""disease_name"": ""猪布鲁氏菌病"", ""severity"": ""中等至严重（可导致繁殖力显著下降，具人兽共患风险）"", ""scene_tags"": [""繁殖障碍"", ""流产"", ""死胎"", ""公猪睾丸炎"", ""人兽共患风险""], ""validation_points"": [""怀孕母猪流产、死胎、返情"", ""公猪睾丸肿胀、精液质量下降"", ""无近期特殊用药史""], ""risk_flags"": [""人兽共患风险"", ""潜在重大动物疫病"", ""需实验室确诊""], ""case_type"": ""种猪繁殖障碍"", ""target_disease"": ""猪布鲁氏菌病"", ""local_flags"": {""species_ok"": true, ""target_disease_in_diagnosis"": true, ""target_disease_mismatch"": false, ""contains_specific_dose"": false, ""contains_specific_withdrawal"": false, ""regulated_bad_treatment"": false}}",False,False,,,True,False,True,D:\XF-ChongQin\ai-\knowledge\llm_wiki_swine_authoritative,1465,887,"猪布鲁氏菌病
猪布鲁氏菌病、brucella suis brucellosis、布鲁氏菌病、Brucella suis
种猪繁殖障碍
种猪场出现流产、死胎、返情或公猪异常，用户担心传染病和是否继续配种。","{""HUMAN_REVIEWED"": 2, ""NEEDS_REVIEW"": 2}","[""SRC-0001"", ""SRC-0060"", ""SRC-0061""]",2221,28.25,ERNIE-4.5-Turbo-32K,88,28,18,23,20,False,True,"整体回答质量较高，诊断准确，逻辑清晰，处理方向安全，数据质量良好，无明显致命风险。
问题：diagnosis_accuracy: 诊断准确度较高，但未完全覆盖所有症状（如未明确提及返情与布鲁氏菌病的关联性）。；pathology_logic: 病理逻辑基本合理，但未详细解释布鲁氏菌病如何导致公猪睾丸肿胀和精液质量下降。；prescription_safety: 处方安全，但未明确提及休药期（虽因未确诊而合理，但可补充说明）。；data_quality: 数据质量良好，但场景标签中'中等至严重'的描述可更具体量化。",hunyuan-turbos-20250926,90,9,9,10,9,False,False,"该数据场景真实，用户描述的怀孕母猪流产、死胎、返情以及公猪睾丸肿胀、精液质量下降等症状与猪布鲁氏菌病的典型表现高度吻合，诊断准确。处理方案包含隔离、采样送检、生物安全措施等，符合人兽共患病防控要求，无危险用药建议，安全性高。不足之处在于病理机制解释略简略，部分细节可进一步补充以增强说服力。
问题：诊断部分未明确说明返情与布鲁氏菌病的直接关联。；病理机制中对公猪睾丸肿胀和精液质量下降的原因解释不够详细。；数据场景中“中等至严重”程度缺乏量化指标。",True,ERNIE-4.5-Turbo-32K,True,pass,诊断准确，与用户描述的症状高度吻合，处理方案安全且符合人兽共患病防控要求。尽管存在病理机制解释不够详细等轻微不足，但不影响整体质量和安全性。,89.0,28,18,23,20,pass,19.15,13.81,
3830195b-c246-5b09-a5c6-5af771e24e16,398,猪伪狂犬病,swine_hunyuan_turbos,hunyuan-turbos-20250926,成功,,猪,我家有200头80日龄左右的育肥猪，这几天陆续有几头出现发烧、流清鼻涕、咳嗽，还有个别猪精神沉郁、走路不稳甚至倒地抽搐。之前用了替米考星和多西环素拌料喂了三天，体温降下来一点，但神经症状没改善，反而又多了两头这样。圈舍通风一般，最近天气忽冷忽热，请问还能继续用这些药吗？还是该换别的办法？,根据描述的症状（发热、呼吸道表现、神经症状）、发病日龄及用药反应，高度怀疑为猪伪狂犬病感染。该病由疱疹病毒引起，常表现为急性呼吸道和神经症状，抗生素治疗无效。,立即停止继续使用抗生素，因本病为病毒性且抗生素无效。建议采取以下措施：1. 将疑似病例与健康猪群严格隔离，防止接触传播；2. 加强圈舍通风与保温，减少应激；3. 采集病死猪脑组织、扁桃体等样本送实验室进行PCR检测确诊；4. 对全群进行流行病学调查，必要时联系当地动物疫控部门；5. 在确诊前严禁出售、运输生猪及其产品；6. 禁止随意使用未批准的药物或疫苗，以免延误防控。,本病为重大动物疫病，无常规休药期概念，需按官方防疫方案执行扑杀、无害化处理或封锁等措施。,"{""disease_name"": ""猪伪狂犬病"", ""severity"": ""高"", ""scene_tags"": [""育肥猪"", ""神经症状"", ""呼吸道症状"", ""发热""], ""validation_points"": [""症状符合猪伪狂犬病特征"", ""抗生素治疗无效提示非细菌性病因"", ""需要实验室检测确认""], ""risk_flags"": [""重大动物疫病风险"", ""存在人畜共患病误判可能（需排除乙脑等）"", ""需及时上报并配合检疫""], ""case_type"": ""育肥猪用药咨询"", ""target_disease"": ""猪伪狂犬病"", ""local_flags"": {""species_ok"": true, ""target_disease_in_diagnosis"": true, ""target_disease_mismatch"": false, ""contains_specific_dose"": false, ""contains_specific_withdrawal"": false, ""regulated_bad_treatment"": false}}",False,False,,,True,False,True,D:\XF-ChongQin\ai-\knowledge\llm_wiki_swine_authoritative,1465,887,"猪伪狂犬病
猪伪狂犬病、pseudorabies aujeszky disease
育肥猪用药咨询
育肥猪出现典型症状，用户已经用过常见药物但效果一般，询问是否继续用药。","{""HUMAN_REVIEWED"": 2, ""NEEDS_REVIEW"": 2}","[""A1-WOAH-AUJESZKY-DISEASE"", ""SRC-0001"", ""SRC-0012"", ""SRC-0015""]",2221,28.19,ERNIE-4.5-Turbo-32K,88,28,18,24,18,False,True,"该回答在诊断准确性、病理逻辑、处方安全性和数据质量方面表现良好，整体符合猪伪狂犬病的诊断与处理要求，无重大风险。
问题：诊断准确性方面，症状描述与猪伪狂犬病高度匹配，但未完全排除其他类似疾病（如乙脑）的可能性，可进一步优化鉴别诊断描述。；病理逻辑方面，回答逻辑清晰，但可增加对病毒传播途径和易感猪群的简要说明，以增强逻辑完整性。；处方安全性方面，建议措施全面且安全，但可补充对隔离措施具体操作的说明（如隔离距离、消毒方法等）。；数据质量方面，回答详细且符合实际场景，但可增加对用户用药史的进一步询问建议（如用药剂量、频率等），以提高数据完整性。",hunyuan-turbos-20250926,90,9,9,10,8,False,False,"回答准确识别了猪伪狂犬病，并基于症状、年龄、用药反应给出合理推断；处方措施安全、符合重大疫病防控原则，无危险建议；数据真实可信，场景细节充分。不足之处在于鉴别诊断略显单一，可提示与其他类似疾病（如乙脑）的区分；部分操作细节（如隔离距离、消毒方式）可更明确。
问题：鉴别诊断范围较窄，未提及可能混淆的疾病（如乙型脑炎、链球菌性脑炎等）；；隔离与消毒措施缺乏具体操作细节；；未进一步追问用户用药史以完善信息。",True,ERNIE-4.5-Turbo-32K,True,pass,回答在诊断准确性、病理逻辑、处方安全性和数据质量方面表现良好，诊断与猪伪狂犬病高度匹配，处方措施安全且符合重大疫病防控原则，无重大风险。尽管存在鉴别诊断略显单一、部分操作细节不够明确以及未进一步追问用户用药史等轻微不足，但不影响整体判断，可判为pass。,89.0,28,18,24,18,pass,17.52,17.96,
1699764d-40dd-5c30-92af-3e062705a53f,476,猪细小病毒病,swine_hunyuan_turbos,hunyuan-turbos-20250926,成功,,猪,我家有200头能繁母猪，平均胎次在3-4胎之间，最近两个月陆续发现好几窝怀孕到60天左右就空怀了，有的直接流产，还有几头后备母猪配不上。之前没用过疫苗，圈舍通风一般，温度湿度变化大。想问问这种情况是不是细小病毒引起的？要送什么样子的样本去检查？现在还能继续配种和引进新猪吗？,根据描述，怀孕中期空怀及流产现象集中发生，且涉及多窝、多批次母猪，结合无免疫史及环境因素，高度怀疑猪细小病毒病（PPV1）所致繁殖障碍。该病主要通过垂直传播感染胚胎，导致死胎、木乃伊胎或早期流产。需通过实验室检测确诊。,treatment_direction: 目前无特效抗病毒药物，主要依赖管理控制和生物安全防控。；management_measures: 立即暂停配种计划，避免进一步损失。；停止从外部引入后备母猪或精液，防止潜在病原带入。；加强产房、配种舍的清洁与消毒，减少环境中病毒载量。；对发病母猪进行隔离观察，记录繁殖情况。；sampling_for_testing: 采集流产胎儿组织（肝、肺、肾）、胎盘组织以及部分血液血清。；同时可采集健康母猪血清做抗体水平监测，辅助判断感染状态。；样本应尽快冷藏运输至具备资质的兽医实验室进行PCR检测和/或血清学检测。；prohibited_actions: 严禁将疑似感染母猪的精液或仔猪随意出售或转移。；在未明确检测结果前，不得恢复配种或引种操作。,本病为病毒性传染病，无特定药物休药期，但在疫情控制期间应严格执行生物安全措施，直至连续两批母猪正常分娩且无异常为止。,"{""disease_name"": ""猪细小病毒病"", ""severity"": ""中等至高"", ""scene_tags"": [""繁殖障碍"", ""流产"", ""空怀"", ""后备母猪不孕""], ""validation_points"": [""符合PPV1垂直传播特征：妊娠中期流产/空怀多发。"", ""多窝、多批次同时发生提示群发感染可能。"", ""缺乏免疫史增加易感性。"", ""需实验室检测排除其他繁殖障碍病因（如PRRS、乙脑、伪狂犬等）。""], ""risk_flags"": [""存在群发性繁殖损失，可能影响产能。"", ""若未及时控制，可能扩散至全群。"", ""需警惕混合感染风险，建议同步排查其他常见繁殖障碍病原。""], ""case_type"": ""繁殖障碍送检"", ""target_disease"": ""猪细小病毒病"", ""local_flags"": {""species_ok"": true, ""target_disease_in_diagnosis"": true, ""target_disease_mismatch"": false, ""contains_specific_dose"": false, ""contains_specific_withdrawal"": false, ""regulated_bad_treatment"": false}}",False,False,,,True,False,True,D:\XF-ChongQin\ai-\knowledge\llm_wiki_swine_authoritative,1465,887,"猪细小病毒病
猪细小病毒病、parvoviruses
繁殖障碍送检
繁殖异常持续出现，用户询问该采哪些样品、是否需要暂停配种和引种。","{""HUMAN_REVIEWED"": 3, ""NEEDS_REVIEW"": 2}","[""A0-MOA-573"", ""SRC-0001"", ""SRC-0045""]",2087,33.4,ERNIE-4.5-Turbo-32K,88,28,18,24,18,False,True,"整体回答质量较高，诊断准确性、病理逻辑、处方安全性和数据质量均表现良好，无明显致命风险。诊断依据充分，考虑了垂直传播特征、群发感染可能性和免疫史缺乏等因素。管理措施和采样建议合理，符合疾病防控要求。
问题：诊断准确性方面，虽然考虑了多种因素，但未明确提及需排除其他繁殖障碍病原（如PRRS、乙脑、伪狂犬等），尽管在验证点中有提及，但诊断部分未强调。；病理逻辑方面，对病毒传播途径和病理机制的描述可更详细，以增强逻辑性。；数据质量方面，场景标签和风险标志虽全面，但可进一步细化，如增加具体流行病学数据或病例相似性分析。；休药期描述虽准确，但可更明确地指出病毒性传染病无需休药期的原因，即无特效药物使用。",hunyuan-turbos-20250926,90,9,8.5,9.5,8.5,False,False,"该回答针对用户描述的母猪繁殖障碍情况，结合病史与环境因素，合理推测猪细小病毒病并给出明确的实验室检测建议与管理措施。诊断思路清晰，防控措施到位，未出现危险建议，安全性高。不足之处在于未充分提示需排除其他常见繁殖障碍病因，病理机制解释略简略，数据细节可进一步丰富。
问题：诊断部分未明确列出需排除的其他繁殖障碍病原（如PRRS、乙脑、伪狂犬等）。；对猪细小病毒的传播途径与致病机理描述不够详尽。；数据质量上缺少更具体的流行病学背景信息。",True,ERNIE-4.5-Turbo-32K,True,pass,综合两位评委意见，回答整体质量较高，诊断准确性、病理逻辑、处方安全性和数据质量均表现良好。诊断依据充分，考虑了垂直传播特征、群发感染可能性和免疫史缺乏等因素。管理措施和采样建议合理，符合疾病防控要求。尽管存在未明确提及需排除其他繁殖障碍病原、病理机制描述简略、数据细节不够丰富等轻微不足，但不影响整体回答的有效性和安全性，因此判为pass。,89.0,28,18,24,18,pass,22.19,28.66,
b36978fd-b734-5e57-81de-38b7ca2227aa,500,猪鞭虫病,swine_hunyuan_turbos,hunyuan-turbos-20250926,成功,,猪,我家有120头育肥猪，平均体重在60公斤左右，最近几天有几头出现拉稀，粪便偏稀带点血丝，精神食欲还行，没有发烧。圈舍是水泥地面，通风一般，平时喂料比较集中。之前没用过驱虫药，想问问是不是要全群打虫？要不要把圈舍彻底打扫消毒？多久后再检查一次合适？,根据描述，粪便带血丝且为稀便，结合未使用过驱虫药的历史，怀疑可能为猪鞭虫病（Trichuris suis）引起的轻度结肠炎。该病常见于育肥猪，重度感染时可在盲肠和结肠引起炎症及出血性腹泻。建议通过粪检查找典型虫卵或成虫以支持诊断。,treatment_direction: 如确诊鞭虫感染，可考虑使用对鞭虫有效的驱虫药（如芬苯达唑类），但需由执业兽医制定具体方案并监督执行。；management_measures: 加强圈舍清洁，清除粪便，减少虫卵污染环境；保持干燥通风，降低湿度和氨气浓度；分群饲养以减少交叉感染机会。；sampling_and_testing: 采集新鲜粪便样本进行虫卵镜检，必要时剖检可疑个体观察盲肠和结肠病变。；prohibited_boundaries: 严禁自行随意使用驱虫药或超范围用药；禁止将未经检疫的猪只外调；若发现大量死亡或异常疫情，应立即报告当地动物防疫部门。,具体休药期和停药时间应由兽医根据所用药物及检测结果确定，不得擅自缩短或忽略。,"{""disease_name"": ""猪鞭虫病"", ""severity"": ""中等（取决于感染强度）"", ""scene_tags"": [""育肥猪"", ""腹泻"", ""血便"", ""未驱虫史"", ""水泥地面""], ""validation_points"": [""粪便带血丝提示结肠炎症"", ""无发热和精神食欲尚可符合轻中度感染特征"", ""未驱虫史增加鞭虫感染可能性""], ""risk_flags"": [""潜在人畜共患关注（虽非直接人兽共患，但涉及公共卫生监测）"", ""若扩散需警惕群体健康影响""], ""case_type"": ""驱虫和环境管理"", ""target_disease"": ""猪鞭虫病"", ""local_flags"": {""species_ok"": true, ""target_disease_in_diagnosis"": true, ""target_disease_mismatch"": false, ""contains_specific_dose"": false, ""contains_specific_withdrawal"": false, ""regulated_bad_treatment"": false}}",False,False,,,True,False,True,D:\XF-ChongQin\ai-\knowledge\llm_wiki_swine_authoritative,1465,887,"猪鞭虫病
猪鞭虫病、trichuris suis internal parasites
驱虫和环境管理
用户询问是否需要全群处理、环境清理和复查方式。","{""HUMAN_REVIEWED"": 3, ""NEEDS_REVIEW"": 2}","[""SRC-0001"", ""SRC-0026"", ""SRC-0082""]",2120,27.09,ERNIE-4.5-Turbo-32K,88,28,18,24,18,False,True,"整体回答质量较高，诊断准确性、病理逻辑、处方安全性和数据质量均表现良好，无明显致命风险。诊断考虑了症状、病史和疾病特征，处方安全且符合疾病管理要求，数据质量较高但可进一步优化。
问题：诊断准确性方面，虽然考虑了症状和病史，但未明确提及粪检查找虫卵或成虫的具体方法，略显不足。；病理逻辑方面，对疾病传播途径和预防措施的描述可更详细，以增强逻辑性。；数据质量方面，风险标志中提及的潜在人畜共患关注未详细说明具体监测措施，可进一步完善。",hunyuan-turbos-20250926,90,9,9,10,8,False,False,"该数据整体真实可信，用户描述的育肥猪稀便带血丝、无发热、未驱虫等背景与猪鞭虫病的临床特点相符。诊断依据合理，并提示粪检确认，避免仅凭症状下结论。处方方向正确，强调由执业兽医制定方案，并列出圈舍清洁、通风管理等综合防控措施，同时设置了明确的用药与安全边界，未发现危险建议。不足之处在于粪检方法细节缺失，以及人畜共患风险提示不够细化。
问题：粪检虫卵或成虫的方法未具体说明，可能影响后续检测的可操作性。；人畜共患风险的防控建议较为笼统，缺乏针对性监测措施。",True,ERNIE-4.5-Turbo-32K,True,pass,整体回答质量较高，诊断与用户描述的症状、病史及猪鞭虫病的临床特点相符，并提示通过粪检查找虫卵或成虫以支持诊断，避免仅凭症状下结论。处方方向正确，强调由执业兽医制定方案，并列出圈舍清洁、通风管理等综合防控措施，同时设置了明确的用药与安全边界，未发现危险建议。尽管存在粪检方法细节缺失和人畜共患风险提示不够细化等轻微不足，但不影响整体回答的准确性和安全性，可判为pass。,89.0,28,18,24,18,pass,18.36,16.68,
99841256-5f48-5967-bffe-4ca4ff9a659d,22,猪布尼亚病毒相关感染,swine_hunyuan_turbos,hunyuan-turbos-20250926,成功,,猪,我家有200多头育肥猪，平均体重80公斤左右，最近一周内陆续出现精神沉郁、食欲下降的情况，有几头体温偏高到40℃以上，还有个别猪呼吸稍快，粪便偏稀。之前用过几天氟苯尼考和多西环素拌料，效果不明显。现在有两栋圈舍都有类似情况，想问问能不能先当普通细菌感染治着看？,根据描述的症状（发热、食欲减退、呼吸加快、腹泻），结合近期多栋圈舍同时出现相似表现，需警惕病毒性感染的可能，包括猪布尼亚病毒相关感染在内的多种病毒病。目前缺乏特异性实验室检测结果，无法排除此类病毒感染。,建议立即采取以下措施：1. 停止随意使用抗生素，防止掩盖病情并减少耐药风险；2. 对病猪进行隔离饲养，加强圈舍通风与保温管理，减少应激；3. 采集血液、组织及粪便样本送具备资质的实验室进行病原学检测（包括PCR、血清学等）；4. 若怀疑为重大动物疫病（如非洲猪瘟等），应立即向当地动物防疫部门报告，不得擅自处置；5. 在未确诊前，不宜作为普通细菌病继续投喂广谱抗生素。,因未确定病因且涉及潜在重大疫病，暂停出栏销售，等待检测结果和主管部门指导后再决定后续处理。,"{""disease_name"": ""猪布尼亚病毒相关感染"", ""severity"": ""中等至严重（视检测结果而定）"", ""scene_tags"": [""多栋圈舍同期发病"", ""育肥猪群"", ""发热伴呼吸道与消化道症状""], ""validation_points"": [""症状符合多种病毒病初期表现"", ""抗生素治疗无效提示非单纯细菌感染"", ""存在多圈舍扩散趋势""], ""risk_flags"": [""可能涉及重大动物疫病"", ""禁止擅自治疗替代检测和报告""], ""case_type"": ""暴发与处置边界"", ""target_disease"": ""猪布尼亚病毒相关感染"", ""local_flags"": {""species_ok"": true, ""target_disease_in_diagnosis"": true, ""target_disease_mismatch"": false, ""contains_specific_dose"": false, ""contains_specific_withdrawal"": false, ""regulated_bad_treatment"": false}}",False,False,,,True,False,True,D:\XF-ChongQin\ai-\knowledge\llm_wiki_swine_authoritative,1465,887,"猪布尼亚病毒相关感染
猪布尼亚病毒相关感染、bunyaviruses akabane lumbo oya tahyna
暴发与处置边界
同栏或多栋猪舍短期内发病增多，用户询问是否能先按普通病治疗观察。","{""HUMAN_REVIEWED"": 2, ""NEEDS_REVIEW"": 2}","[""SRC-0001"", ""SRC-0033""]",2221,28.85,ERNIE-4.5-Turbo-32K,85,27,18,23,17,False,True,"该回答在诊断准确性、病理逻辑、处方安全性和数据质量方面表现良好，整体符合测试数据有效性要求。回答正确识别了病毒性感染的可能性，并强调了实验室检测的重要性，避免了误诊和误治的风险。同时，回答中的处理措施安全合理，符合疾病相互印证的要求。
问题：诊断准确性方面，虽然识别了病毒性感染的可能性，但未明确提及猪布尼亚病毒相关感染的具体症状或诊断依据，略显笼统。；病理逻辑方面，对症状与疾病之间的关联解释不够深入，缺乏具体的病理机制阐述。；数据质量方面，虽然提供了场景标签和验证点，但对症状描述的详细程度和疾病特征的匹配度可进一步提升。",hunyuan-turbos-20250926,90,88,87,92,89,True,False,"该回答准确识别了病毒性感染的可能性，强调实验室检测和避免盲目使用抗生素，处理方案安全合规，符合重大疫病防控要求。不足之处在于对猪布尼亚病毒相关感染的特异性症状与诊断依据描述不足，病理机制解释较浅，症状与疾病的匹配细节可更充分。
问题：未明确列出猪布尼亚病毒相关感染的典型临床表现或流行病学特征，导致诊断针对性不足。；病理机制分析较为笼统，缺少对症状与病毒作用路径的深入说明。；症状与疾病匹配的细化程度有限，可能影响模型学习到的知识精度。",True,ERNIE-4.5-Turbo-32K,True,pass,回答准确识别了病毒性感染的可能性，强调实验室检测和避免盲目使用抗生素，处理方案安全合规，符合重大疫病防控要求。尽管对猪布尼亚病毒相关感染的特异性症状与诊断依据描述不足，病理机制解释较浅，症状与疾病的匹配细节可更充分，但整体诊断和处置方向安全且疾病匹配，不影响数据可用性。,88.0,27,18,23,17,pass,18.3,17.9,
37636c8c-a0d4-54a1-b88e-2b8c7d6638f1,221,猪流行性腹泻,swine_hunyuan_turbos,hunyuan-turbos-20250926,成功,,猪,我家有120头母猪，现在产房里刚出生7天左右的仔猪陆续出现拉稀，粪便像水一样，有的已经脱水站不起来，吃奶也少了，昨天一天死了三四头，产房温度一直保持在28度左右，之前没用过什么药，这种情况是啥原因？该怎么处理？,根据描述，7日龄左右仔猪出现急性水样腹泻、脱水及死亡，结合季节性和群体性特点，高度怀疑为猪流行性腹泻（PED）。该病由猪流行性腹泻病毒引起，传染性强，对新生仔猪致死率高，主要通过粪口途径传播，也可通过人员、器具等间接传播。,treatment_direction: 目前无特效抗病毒药物，应以支持疗法为主，包括补液防脱水、维持体温、减少继发感染。；management_measures: 立即将发病仔猪与健康仔猪隔离，加强产房消毒（使用有效消毒剂），限制人员流动，防止交叉感染；保证仔猪及时吃到初乳，提高抵抗力；保持适宜温湿度，避免冷应激。；sampling_testing: 采集病死仔猪肠道内容物或肠系膜淋巴结送实验室进行PEDV核酸检测或抗原检测，以确诊并排除其他病毒性腹泻（如TGE、轮状病毒等）。；prohibited_boundaries: 严禁自行使用未经批准的兽药或人用药品；发现疫情应立即向当地动物防疫部门报告，不得擅自出售、运输病猪及其产品。,因无特定药物治疗，不涉及休药期问题；若后续使用抗生素控制继发感染，应遵守相应药物的停药规定。,"{""disease_name"": ""猪流行性腹泻"", ""severity"": ""高"", ""scene_tags"": [""哺乳仔猪"", ""群体发病"", ""急性水样腹泻"", ""高死亡率""], ""validation_points"": [""符合PEDV在新生仔猪中的典型临床表现"", ""强调生物安全与隔离措施的重要性"", ""建议实验室确诊以指导防控""], ""risk_flags"": [""高传染性"", ""新生仔猪高致死率"", ""需上报动物防疫部门""], ""case_type"": ""腹泻群体发病"", ""target_disease"": ""猪流行性腹泻"", ""local_flags"": {""species_ok"": true, ""target_disease_in_diagnosis"": true, ""target_disease_mismatch"": false, ""contains_specific_dose"": false, ""contains_specific_withdrawal"": false, ""regulated_bad_treatment"": false}}",False,False,,,True,False,True,D:\XF-ChongQin\ai-\knowledge\llm_wiki_swine_authoritative,1465,887,"猪流行性腹泻
猪流行性腹泻、porcine epidemic diarrhea virus、PED、PEDV
腹泻群体发病
同窝或同栏出现水样腹泻、脱水、采食下降，用户想知道主要病因和紧急处理。","{""HUMAN_REVIEWED"": 2, ""NEEDS_REVIEW"": 2}","[""A0-MOA-573"", ""A2-EFSA-PED-PDCOV-OPINION"", ""SRC-0001"", ""SRC-0037"", ""SRC-0063""]",2221,26.02,ERNIE-4.5-Turbo-32K,90,28,18,24,20,False,True,"整体回答质量较高，诊断准确，处理方向安全，数据质量良好，无明显致命风险。
问题：diagnosis_accuracy: 诊断部分未完全覆盖所有可能的鉴别诊断，如未明确排除其他病毒性腹泻（如TGE、轮状病毒等），尽管在采样检测部分提及，但诊断部分应更全面。；pathology_logic: 病理逻辑部分对传播途径和防控措施的描述较为全面，但对疾病病理机制的阐述略显不足。；data_quality: 数据质量部分，场景标签和验证点较为全面，但风险标志部分可进一步细化，如明确人兽共患风险（尽管PED主要影响猪，但需注意人员防护）。",hunyuan-turbos-20250926,85,80,80,95,85,True,False,"该回答诊断基本准确，针对猪流行性腹泻的流行特征、临床表现和防控要点描述合理，处理措施安全且符合规范，未发现危险用药或违规操作建议。不足之处在于诊断部分未充分列出需鉴别的其他病毒性腹泻病因，病理机制解释不够深入，风险提醒可更细致。
问题：诊断部分未完整列举可能的鉴别诊断（如TGE、轮状病毒）；病理机制说明较简略，缺乏病毒致病过程细节；风险提醒中对人员防护和人兽共患风险的提示不足",True,ERNIE-4.5-Turbo-32K,True,pass,整体回答质量较高，诊断基本准确，处理方向安全且符合规范，尽管在鉴别诊断和病理机制说明方面存在轻微不足，但不影响整体数据可用性。,88.0,28,18,24,20,pass,17.45,18.3,
10489112-9682-55fa-ab59-448e8f8e1ea8,280,猪蛔虫病,swine_hunyuan_turbos,hunyuan-turbos-20250926,成功,,猪,我家有200头育肥猪，平均体重60公斤左右，最近有几头出现精神沉郁、采食量下降，粪便里偶尔能看到白色长条状的东西，怀疑是蛔虫。圈舍地面是水泥的，平时清粪还算及时，但通风一般，氨味有点大。想问下这种情况是不是要全群打虫？环境方面还需要做哪些处理？多久后再检查一次比较合适？之前没用过驱虫药。,根据描述，结合粪便中可见白色长条物及部分猪精神差、食欲下降，高度怀疑为猪蛔虫病（Ascaris suum）。该病在育肥猪中较常见，可通过剖检小肠发现成虫确诊，也可通过粪便镜检虫卵辅助判断。需注意与其他肠道寄生虫或消化系统疾病鉴别。,treatment_direction: 建议联系执业兽医制定驱虫方案，选择适合育肥猪阶段的驱虫药物，按规程使用。；management_measures: 加强圈舍通风，降低氨气浓度；保持地面清洁干燥，定期清扫粪便并集中无害化处理；减少猪群密度，防止交叉感染；新引进猪只应隔离观察并进行驱虫。；sampling_and_testing: 可在驱虫前后采集粪便样本进行虫卵检测，评估驱虫效果；必要时进行剖检以直接观察成虫。；prohibited_boundaries: 不得自行随意更换或超范围使用驱虫药；不得使用未经批准的兽药；不得忽视环境改善仅依赖药物治疗。,具体休药期和停药时间须依据所用驱虫药的说明书及兽医指导确定，严禁在休药期内屠宰上市。,"{""disease_name"": ""猪蛔虫病"", ""severity"": ""中等"", ""scene_tags"": [""育肥猪"", ""寄生虫病"", ""环境管理"", ""全群防控""], ""validation_points"": [""症状与猪蛔虫成虫排出相符"", ""环境管理可降低再感染风险"", ""驱虫需专业指导""], ""risk_flags"": [""潜在全群感染"", ""环境氨气高影响呼吸道防御""], ""case_type"": ""驱虫和环境管理"", ""target_disease"": ""猪蛔虫病"", ""local_flags"": {""species_ok"": true, ""target_disease_in_diagnosis"": true, ""target_disease_mismatch"": false, ""contains_specific_dose"": false, ""contains_specific_withdrawal"": false, ""regulated_bad_treatment"": false}}",False,False,,,True,False,True,D:\XF-ChongQin\ai-\knowledge\llm_wiki_swine_authoritative,1465,887,"猪蛔虫病
猪蛔虫病、ascaris suum internal parasites
驱虫和环境管理
用户询问是否需要全群处理、环境清理和复查方式。","{""HUMAN_REVIEWED"": 3, ""NEEDS_REVIEW"": 2}","[""SRC-0001"", ""SRC-0026"", ""SRC-0082""]",2091,24.89,ERNIE-4.5-Turbo-32K,88,28,18,23,20,False,True,"整体回答质量较高，诊断准确性、处方安全性和数据质量均表现良好，病理逻辑部分略有不足但不影响整体判断。无致命风险，符合通过标准。
问题：病理逻辑部分对鉴别诊断的描述不够详细，仅提到需与其他肠道寄生虫或消化系统疾病鉴别，但未具体说明鉴别要点。；数据质量部分，虽然场景标签和验证点较为全面，但风险标志的描述略显简单，未充分展开环境氨气高对呼吸道防御的具体影响。",hunyuan-turbos-20250926,88,90,85,90,88,False,False,"该回答整体质量较高，诊断准确，处方安全且包含必要的管理建议，无明显致命风险。病理逻辑中对鉴别诊断的描述稍显笼统，可进一步细化；数据质量方面对环境风险的解释可以更深入。
问题：病理逻辑部分未详细说明猪蛔虫病与其他肠道寄生虫或消化系统疾病的鉴别要点。；数据质量中对环境氨气浓度高的危害分析不够深入。",True,ERNIE-4.5-Turbo-32K,True,pass,整体回答质量较高，诊断准确，处方安全且包含必要的管理建议，无明显致命风险。病理逻辑中对鉴别诊断的描述稍显笼统，数据质量中对环境风险的解释可以更深入，但不影响整体判断。,88.0,28,18,23,20,pass,16.64,13.06,
7e6935fc-5e4e-5947-9d16-adca12aca51e,292,猪有毒气体与通风失败损伤,swine_hunyuan_turbos,hunyuan-turbos-20250926,成功,,猪,我家有120头育肥猪，平均体重在80公斤左右，圈舍是半封闭式，最近几天天气闷热，我为了降温把风机关了几个小时，还用铲子翻动了粪池。昨天开始有几头猪精神沉郁、呼吸急促、眼睛发红，今天又有几头出现类似情况，还有一头趴着不动。之前这批猪一直吃同一批自配料，没有换过配方。我想知道是不是饲料有问题？还能不能继续喂？另外想送检饲料和病猪样本该怎么操作？,结合病史与环境因素，考虑为粪污分解产生的有害气体（如氨气、硫化氢）在通风不良条件下导致的中毒反应，属于猪有毒气体与通风失败损伤。症状包括呼吸加快、眼结膜充血、精神沉郁，严重者可出现昏迷或死亡。需排除其他急性中毒及传染病可能。,treatment_direction: 立即改善圈舍通风，停止搅动粪池，减少有害气体浓度；将病猪转移至空气新鲜区域观察；对严重病例进行支持性护理，保持呼吸道通畅。；management_measures: 全群检查精神状态与呼吸状况，记录发病数量与分布；暂停使用当前饲料批次，封存备用；加强圈舍清洁与通风设施维护，防止再次积聚有害气体。；sampling_and_testing: 采集病猪血液、肺组织及粪便样品送实验室检测，同时留取剩余饲料、原料及饮水样送检，排查霉菌毒素及其他化学污染物。；contraindications_boundary: 严禁在未查明原因前继续使用可疑饲料；发现大量死亡或群体性异常时，应按规定向当地畜牧兽医部门报告，不得擅自处置病死猪。,因属环境中毒事件，无特定药物休药期，但须确保环境恢复安全后方可恢复正常饲养。,"{""disease_name"": ""猪有毒气体与通风失败损伤"", ""severity"": ""中等至重度（视暴露时间与浓度而定）"", ""scene_tags"": [""育肥猪"", ""通风不良"", ""粪污搅动"", ""有害气体暴露""], ""validation_points"": [""症状符合有害气体中毒特征"", ""环境史提示通风中断与粪池搅动"", ""需通过环境改善与支持疗法缓解""], ""risk_flags"": [""群体暴露风险高"", ""潜在饲料污染需排除"", ""存在突发死亡风险""], ""case_type"": ""中毒处置边界"", ""target_disease"": ""猪有毒气体与通风失败损伤"", ""local_flags"": {""species_ok"": true, ""target_disease_in_diagnosis"": true, ""target_disease_mismatch"": false, ""contains_specific_dose"": false, ""contains_specific_withdrawal"": false, ""regulated_bad_treatment"": false}}",False,False,,,True,False,True,D:\XF-ChongQin\ai-\knowledge\llm_wiki_swine_authoritative,1465,887,"猪有毒气体与通风失败损伤
猪有毒气体与通风失败损伤、toxic gases ventilation failure
中毒处置边界
用户想知道是否继续饲喂可疑饲料、怎样送检饲料和病料。","{""NEEDS_REVIEW"": 2, ""PROCESSED_SOURCE_ANCHORED"": 3}","[""SRC-0001"", ""SRC-0086""]",2171,26.28,ERNIE-4.5-Turbo-32K,90,28,18,24,20,False,True,"该回答整体表现良好，诊断准确，逻辑清晰，处理方向安全，数据质量较高。诊断结合了病史与环境因素，准确判断为猪有毒气体与通风失败损伤，症状描述与环境史分析合理。处理方向包括改善通风、转移病猪、支持性护理等，安全且有效。数据质量方面，提供了详细的场景标签和验证点，有助于理解案例背景。
问题：诊断准确性方面，虽然整体判断正确，但未完全排除其他急性中毒及传染病可能，略显不足。病理逻辑上，对症状与环境因素之间的关联分析可更深入。处方安全性上，未提及具体支持性护理措施，如氧气供应等。数据质量上，风险标志的描述可更具体，如明确突发死亡风险的具体情境。",hunyuan-turbos-20250926,85,85,85,90,85,False,False,"该数据整体真实可信，场景符合实际养殖管理中的常见风险，诊断基于明确的通风中断与粪池扰动史，症状与有毒气体中毒高度吻合，并提示排除其他急性中毒与传染病，逻辑链条完整。处理方案涵盖环境改善、病猪隔离与支持性护理，并强调禁止继续使用可疑饲料及及时上报，安全措施充分。不足之处在于未深入细化支持性护理细节，也未明确突发死亡风险的触发条件，但无致命缺陷。
问题：未进一步细化支持性护理的具体措施（如吸氧、补液等）。；未明确突发死亡风险的具体情境与预警阈值。；对症状与有害气体的因果机制解释可更深入。",True,ERNIE-4.5-Turbo-32K,True,pass,诊断结合病史与环境因素，准确判断为猪有毒气体与通风失败损伤，症状描述与环境史分析合理，处理方向包括改善通风、转移病猪、支持性护理等，安全且有效，虽未完全排除其他急性中毒及传染病可能，未深入细化支持性护理细节，也未明确突发死亡风险的具体情境与预警阈值，但整体逻辑链条完整，安全措施充分，无致命缺陷，数据质量较高。,88.0,28,18,24,20,pass,17.11,21.46,
af3fdae9-7ca9-587e-abf3-57de82c8b7f9,294,猪流行性腹泻,swine_hunyuan_turbos,hunyuan-turbos-20250926,成功,,猪,我家是200头左右保育到育肥阶段的猪，现在大概40-80公斤，最近一周陆续有猪拉水样稀便，有的还带点酸臭味，体温正常或略低，已经用了恩诺沙星和氟苯尼考拌料三天，效果不明显，还有新发病例出现。请问是不是还要继续用抗生素？要不要送样检测？,根据描述，结合保育至育肥猪阶段、水样稀便伴酸臭、常规抗菌药无效且持续有新发病例，高度怀疑为猪流行性腹泻（PEDV）。该病由冠状病毒引起，对哺乳仔猪致死率高，但在保育及育肥阶段多表现为急性腹泻，死亡率较低，常呈一过性流行。需要与传染性胃肠炎（TGEV）、轮状病毒、产气荚膜梭菌等引起的腹泻鉴别。,treatment_direction: 本病无特效抗病毒药物，主要采取支持疗法和对症处理，防止继发细菌感染。可补充电解质溶液、葡萄糖水，保持饮水清洁，适当减少饲料量，提高环境温度以减少应激。；management_measures: 立即隔离病猪，加强圈舍保温通风，及时清理粪便，消毒地面和用具，限制人员车辆随意进出病区，避免交叉感染。；sampling_and_testing: 建议采集新鲜粪便样本送至有资质的实验室进行PEDV核酸检测或抗原检测，同时可做细菌培养排除细菌性腹泻，以便确诊和指导后续防控。；prohibited_boundaries: 严禁使用未经批准的兽药或超范围用药；发现疫情应按规定向当地畜牧兽医部门报告，不得擅自销售或转运病猪。,因未使用特定治疗药物，暂无明确休药期要求；若曾使用抗菌药，应按所用药品说明执行相应休药期后方可出栏。,"{""disease_name"": ""猪流行性腹泻"", ""severity"": ""中等（保育至育肥阶段多为轻症，但传播快）"", ""scene_tags"": [""保育猪"", ""育肥猪"", ""腹泻"", ""水样便"", ""抗生素治疗无效""], ""validation_points"": [""符合PEDV在保育育肥阶段的临床表现"", ""抗菌药无效提示病毒性病因可能性大"", ""建议送检以明确诊断""], ""risk_flags"": [""需警惕疫情扩散"", ""需按法规报告疑似重大疫病""], ""case_type"": ""腹泻用药咨询"", ""target_disease"": ""猪流行性腹泻"", ""local_flags"": {""species_ok"": true, ""target_disease_in_diagnosis"": true, ""target_disease_mismatch"": false, ""contains_specific_dose"": false, ""contains_specific_withdrawal"": false, ""regulated_bad_treatment"": false}}",False,False,,,True,False,True,D:\XF-ChongQin\ai-\knowledge\llm_wiki_swine_authoritative,1465,887,"猪流行性腹泻
猪流行性腹泻、porcine epidemic diarrhea virus、PED、PEDV
腹泻用药咨询
猪群腹泻后已用过常见抗菌药效果一般，用户询问是否继续用药以及是否需要送检。","{""HUMAN_REVIEWED"": 2, ""NEEDS_REVIEW"": 2}","[""A0-MOA-573"", ""A2-EFSA-PED-PDCOV-OPINION"", ""SRC-0001"", ""SRC-0037"", ""SRC-0063""]",2221,27.62,ERNIE-4.5-Turbo-32K,90,28,18,24,20,False,True,"该回答在诊断准确性、病理逻辑、处方安全性和数据质量方面表现良好，整体符合猪流行性腹泻的测试数据要求，无致命风险，通过评估。
问题：诊断准确性方面，虽然高度怀疑猪流行性腹泻，但未完全排除其他类似疾病的可能性，如传染性胃肠炎（TGEV）、轮状病毒等，诊断描述可更全面。；病理逻辑方面，对疾病传播特点和保育育肥阶段的表现描述可更详细，以增强逻辑性。；数据质量方面，场景标签和验证点较为全面，但风险标志可更具体地指出人兽共患风险（尽管猪流行性腹泻人兽共患风险低，但一般病毒病需考虑此点）和具体防疫措施的合规性。",hunyuan-turbos-20250926,85,4,4,5,4,False,False,"该数据场景真实，用户描述的保育至育肥猪群出现水样稀便、酸臭味、抗菌药无效且有新发病例，与猪流行性腹泻的典型特征相符。诊断部分准确识别了PEDV并提示与其他病毒性腹泻鉴别，病理逻辑合理，处理方案以对症和支持治疗为主，强调隔离、消毒、送检等措施，安全性高，未发现危险建议。不足之处在于诊断虽提及鉴别诊断，但细节不够充分，对保育育肥阶段PEDV流行特点的描述可更细化，数据质量中风险提醒可更具体。
问题：诊断部分虽提到需鉴别TGEV、轮状病毒等，但未展开各病的典型差异，可能影响读者理解。；对保育育肥阶段PEDV病程、传播速度、群体影响的描述较笼统。；风险提醒中对人兽共患病风险的提示不足，尽管PEDV对人风险极低，但作为通用原则应提及。；防疫措施合规性的表述可更具体，例如明确采样送检流程与上报程序。",True,ERNIE-4.5-Turbo-32K,True,pass,该回答在诊断准确性、病理逻辑、处方安全性和数据质量方面整体表现良好，诊断部分准确识别了猪流行性腹泻并提示与其他病毒性腹泻鉴别，病理逻辑合理，处理方案以对症和支持治疗为主，强调隔离、消毒、送检等措施，安全性高，未发现危险建议。尽管在鉴别诊断细节、保育育肥阶段PEDV流行特点描述、风险提醒等方面存在轻微不足，但不影响整体判断，可通过评估。,88.0,28,18,24,20,pass,17.56,21.91,
37ef8188-46a4-5193-93de-b2604317d2ae,479,猪痘,swine_hunyuan_turbos,hunyuan-turbos-20250926,成功,,猪,我家是散养户，存栏大概120头，最近发现20斤左右的仔猪身上有黄豆大小的红色丘疹，有的已经结痂，个别还有轻微发热，精神食欲还行。圈舍比较潮湿，通风一般，之前用过一些外用消毒水，但没见明显好转。想问问这种情况是不是猪痘？该采哪些样品去送检才能确诊？怕误诊耽误治疗。,根据描述，皮肤出现红色丘疹、结痂伴轻度发热，结合圈舍潮湿、卫生条件较差的情况，高度怀疑为猪痘病毒感染。该病在幼龄猪较常见，可由猪虱等机械媒介传播，需通过实验室检测确认。,treatment_direction: 目前无特效抗病毒药物，主要采取支持疗法控制继发感染，改善饲养管理，减少应激。；management_measures: 加强圈舍通风干燥，清除粪便污物，定期驱除体外寄生虫（如猪虱），防止接触可疑病猪。；sampling_for_testing: 采集典型皮肤病变组织（含痂皮及周围健康组织）、部分血液样本送实验室进行PCR检测或病理学检查，必要时补充其他部位样本以提高检出率。；prohibited_boundaries: 严禁自行使用未经验证的兽药或偏方，避免延误诊断和防控；若怀疑重大疫病，应按规定上报主管部门。,本病无特效药物治疗，不涉及特定药物休药期问题。,"{""disease_name"": ""猪痘"", ""severity"": ""中等"", ""scene_tags"": [""幼龄猪"", ""皮肤病变"", ""卫生条件差"", ""潜在虫媒传播""], ""validation_points"": [""皮肤丘疹、结痂伴轻度发热符合猪痘临床特征"", ""圈舍潮湿、通风差增加传播风险"", ""需实验室检测排除其他皮肤病""], ""risk_flags"": [""存在误诊风险"", ""潜在人畜共患病排查需求低"", ""非重大法定疫病""], ""case_type"": ""采样送检咨询"", ""target_disease"": ""猪痘"", ""local_flags"": {""species_ok"": true, ""target_disease_in_diagnosis"": true, ""target_disease_mismatch"": false, ""contains_specific_dose"": false, ""contains_specific_withdrawal"": false, ""regulated_bad_treatment"": false}}",False,False,,,True,False,True,D:\XF-ChongQin\ai-\knowledge\llm_wiki_swine_authoritative,1465,887,"猪痘
猪痘、swinepox virus
采样送检咨询
用户描述症状后，重点询问采什么样品、如何判断和如何避免误治。","{""HUMAN_REVIEWED"": 4}","[""SRC-0009"", ""SRC-0012"", ""SRC-0051""]",2221,29.56,ERNIE-4.5-Turbo-32K,88,28,18,23,20,False,True,"整体回答质量较高，诊断准确性、病理逻辑、处方安全性和数据质量均表现良好，无明显致命风险，符合通过标准。
问题：diagnosis_accuracy: 诊断准确性较高，但未完全覆盖所有可能症状（如未提及食欲变化对诊断的影响）。；pathology_logic: 病理逻辑合理，但未详细解释猪痘与其他皮肤病的鉴别要点。；prescription_safety: 处方安全，但管理措施中未明确驱虫药物的选择和使用频率。；data_quality: 数据质量良好，但场景标签中'潜在虫媒传播'的依据未充分展开。",hunyuan-turbos-20250926,88,高,合理,安全,良好,True,False,"回答整体准确且安全，诊断基于典型症状与环境因素，处理措施与管理建议一致，并强调了实验室检测和上报机制，避免了危险用药建议。不足之处在于鉴别诊断细节不足、驱虫措施不够具体以及场景依据未充分展开。
问题：未详细说明猪痘与其他类似皮肤病（如疥螨、湿疹）的鉴别要点；驱虫药物选择与使用频率未明确说明；场景标签中‘潜在虫媒传播’的依据未充分展开",True,ERNIE-4.5-Turbo-32K,True,pass,整体回答质量较高，诊断准确性、病理逻辑、处方安全性和数据质量均表现良好，无明显致命风险。尽管存在鉴别诊断细节不足、驱虫措施不够具体以及场景依据未充分展开等轻微不足，但不影响整体方向和安全性，符合通过标准。,88.0,28,18,23,20,pass,19.72,19.62,
cf01be4f-2481-5c95-9fdb-23638fcccb47,11,猪支原体肺炎,swine_hunyuan_turbos,hunyuan-turbos-20250926,成功,,猪,我家有200头120日龄左右的育肥猪，最近一周陆续出现咳嗽、喘气，个别猪精神沉郁、采食量下降，舍内通风一般，之前用过替米考星拌料三天，症状缓解不明显。想问问这种情况该采哪些样品送检？会不会是支原体肺炎还是有其他混合感染？,根据描述，育肥猪在通风不良环境下出现持续性咳嗽、喘气和采食下降，且替米考星治疗效果不佳，提示可能存在猪支原体肺炎（Mycoplasma hyopneumoniae），并可能合并其他呼吸道病原体（如PRRSV、PCV2、流感病毒等）或环境刺激因素（氨气、粉尘）。建议结合实验室检测明确病原谱。,treatment_direction: 针对可能的支原体肺炎及混合感染，可尝试使用对支原体有效的抗生素（如泰妙菌素、泰乐菌素类），并结合支持疗法改善呼吸状况。；management_measures: 加强圈舍通风换气，降低氨气浓度；减少应激，保证饮水和饲料质量；分群饲养，避免交叉感染。；sampling_and_testing: 采集鼻腔拭子、肺组织（如有死亡病例）进行PCR检测，检测目标包括M. hyopneumoniae、PRRSV、PCV2、流感病毒等；必要时做细菌分离培养排除继发性细菌感染。；prohibited_boundaries: 若检出法定重大疫病（如非洲猪瘟、口蹄疫等），应立即停止场内流动，按当地动物防疫部门要求进行封锁、扑杀或无害化处理，不得自行用药替代。,因涉及多种潜在病原及治疗方案，实际休药期需依据最终确诊病原和所用药物确定，建议在兽医指导下执行。,"{""disease_name"": ""猪支原体肺炎"", ""severity"": ""中等至严重（视混合感染情况而定）"", ""scene_tags"": [""育肥猪"", ""慢性呼吸道症状"", ""通风不良"", ""用药效果不佳""], ""validation_points"": [""症状符合支原体肺炎特征：慢性咳嗽、喘气、生长迟缓"", ""抗生素治疗反应差提示可能混合感染或耐药"", ""环境通风差是重要诱因""], ""risk_flags"": [""可能混合病毒感染"", ""环境有害气体暴露"", ""需警惕重大传染病""], ""case_type"": ""呼吸道采样送检"", ""target_disease"": ""猪支原体肺炎"", ""local_flags"": {""species_ok"": true, ""target_disease_in_diagnosis"": true, ""target_disease_mismatch"": false, ""contains_specific_dose"": false, ""contains_specific_withdrawal"": false, ""regulated_bad_treatment"": false}}",False,False,,,True,False,True,D:\XF-ChongQin\ai-\knowledge\llm_wiki_swine_authoritative,1465,887,"猪支原体肺炎
猪支原体肺炎、mycoplasmosis enzootic pneumonia
呼吸道采样送检
呼吸道症状持续，用药效果不稳定，用户询问采什么样品和如何鉴别混合感染。","{""HUMAN_REVIEWED"": 2, ""NEEDS_REVIEW"": 2}","[""RC-RESP-001"", ""SRC-0001"", ""SRC-0007"", ""SRC-0042"", ""SRC-0043"", ""SRC-0049"", ""SRC-0050"", ""SRC-0058"", ""SRC-0059"", ""SRC-0066"", ""SRC-0069"", ""SRC-0070"", ""SRC-0076"", ""SRC-0086""]",2221,32.42,ERNIE-4.5-Turbo-32K,88,28,18,23,20,False,True,"整体回答质量较高，诊断准确，逻辑清晰，处方安全，数据质量良好，无明显致命风险。
问题：diagnosis_accuracy: 诊断部分对混合感染的考虑较为全面，但对支原体肺炎的特异性诊断依据描述稍显不足，可进一步强化。；pathology_logic: 病理逻辑部分对环境因素的考虑较为充分，但对疾病本身的病理机制解释略显简略。；prescription_safety: 处方安全部分对抗生素的选择和支持疗法描述合理，但对休药期的说明稍显模糊，缺乏具体指导。；data_quality: 数据质量部分整体良好，但场景标签和验证点的描述可更加详细和具体。",hunyuan-turbos-20250926,85,8,8,9,8,False,False,"回答整体结构完整，诊断考虑了支原体肺炎及可能的混合感染，管理建议合理，采样方案科学，未出现危险用药建议，符合安全边界要求。不足之处在于支原体肺炎的特异性诊断依据不够突出，病理机制解释较简略，休药期说明偏笼统。
问题：支原体肺炎的特异性诊断依据描述不足，缺少更明确的临床特征或流行病学背景支撑。；病理机制解释过于简略，未能充分体现支原体肺炎与其他呼吸道疾病的区别。；休药期说明模糊，仅提示由兽医决定，缺乏操作层面的引导。",True,ERNIE-4.5-Turbo-32K,True,pass,回答整体结构完整，诊断考虑了支原体肺炎及可能的混合感染，管理建议合理，采样方案科学，未出现危险用药建议，符合安全边界要求。尽管存在支原体肺炎特异性诊断依据描述不足、病理机制解释简略和休药期说明模糊等轻微不足，但不影响整体诊断和处置方向的安全性，且内容具有参考价值。,87.0,28,18,23,20,pass,20.77,19.01,
9d17d20e-c254-5a47-85e9-4d983c55ae50,12,猪沙门氏菌病,swine_hunyuan_turbos,hunyuan-turbos-20250926,成功,,猪,我家有120头90公斤左右的育肥猪，圈舍通风一般，最近几天有几头出现拉稀带血、精神沉郁、体温升高到40℃左右，粪便带黏液，有的猪肛门周围沾粪，已经持续了三四天，之前用过恩诺沙星拌料两天效果不明显，现在快到出栏时间了，这种情况还能治吗？会不会影响卖猪？,根据描述，育肥猪出现血性腹泻、发热、精神沉郁等症状，结合发病日龄及集约化饲养背景，高度怀疑为猪沙门氏菌病（肠炎型或败血型）。该病在断奶至育肥阶段易发，常因应激、混群、运输等诱发，表现为纤维素坏死性肠炎或败血症。,treatment_direction: 立即隔离病猪，减少应激，改善圈舍通风与卫生条件；采集新鲜粪便、血液或病死猪组织送实验室进行细菌分离鉴定和药敏试验，明确病原及敏感药物。；management_measures: 加强饮水清洁，防止脱水；对同栏健康猪加强观察，必要时全群投喂益生菌调节肠道菌群；暂停转群、混群操作，减少应激因素。；sampling_and_testing: 采集病猪直肠拭子、新鲜粪便、心血或肝脾组织，送兽医实验室做沙门氏菌分离培养及药敏试验，同时排查其他并发感染。；prohibited_boundaries: 在未获得药敏结果前，不得随意更换或加大抗菌药物用量；禁止将病猪与健康猪混养；严禁未经检疫合格即外运出售。,由于涉及抗菌药使用和上市销售问题，必须在实验室确诊并依据药敏结果选择药物，严格遵守该药物的休药期规定后方可出栏销售。当前阶段应优先控制疫情，不宜贸然出栏。,"{""disease_name"": ""猪沙门氏菌病"", ""severity"": ""中等至高"", ""scene_tags"": [""育肥猪"", ""集约化饲养"", ""应激诱发"", ""出血性腹泻""], ""validation_points"": [""症状符合肠炎型或败血型沙门氏菌病特征"", ""发病阶段与生产背景吻合"", ""强调先采样送检再用药的原则""], ""risk_flags"": [""可能人畜共患风险需关注生物安全"", ""临近出栏需严格休药期管理""], ""case_type"": ""上市休药期咨询"", ""target_disease"": ""猪沙门氏菌病"", ""local_flags"": {""species_ok"": true, ""target_disease_in_diagnosis"": true, ""target_disease_mismatch"": false, ""contains_specific_dose"": false, ""contains_specific_withdrawal"": false, ""regulated_bad_treatment"": false}}",False,False,,,True,False,True,D:\XF-ChongQin\ai-\knowledge\llm_wiki_swine_authoritative,1465,887,"猪沙门氏菌病
猪沙门氏菌病、salmonellosis
上市休药期咨询
用户接近出栏，关心治疗方向和用药后能否出栏销售。","{""HUMAN_REVIEWED"": 3, ""NEEDS_REVIEW"": 2}","[""SRC-0001"", ""SRC-0073""]",2192,31.86,ERNIE-4.5-Turbo-32K,88,28,18,24,18,False,True,"整体回答质量较高，诊断准确性、处方安全性均表现良好，符合猪沙门氏菌病的诊断与处理原则，无明显致命风险。
问题：诊断准确性方面，虽然症状描述与猪沙门氏菌病高度吻合，但未完全覆盖所有可能症状，评分略扣；；病理逻辑方面，对疾病背景与诱因的分析稍显简略，可进一步细化；；数据质量方面，场景标签与验证点虽准确，但风险标识部分可更具体，如明确人畜共患的具体防控措施；；处方安全性中，虽强调了采样送检与休药期管理，但对替代治疗方案的提及较少。",hunyuan-turbos-20250926,85,4.5,4.2,4.8,4.3,False,False,"回答整体结构完整，诊断与症状匹配度高，处理方案强调隔离、送检、避免随意用药，并提示出栏风险，符合猪沙门氏菌病的防控原则。未出现危险建议，但在诊断细节、诱因分析和替代治疗方向上仍有提升空间。
问题：诊断部分未全面列举猪沙门氏菌病可能的全身症状（如皮肤病变、关节肿胀等），信息覆盖度不足。；病理机制分析较笼统，未详细解释为何在集约化饲养条件下易发以及不同血清型的差异。；处方中缺少针对无法等待药敏结果时的临时对症支持措施说明。；风险提醒中对人畜共患病防控的具体措施不够细化。",True,ERNIE-4.5-Turbo-32K,True,pass,回答整体结构完整，诊断与症状匹配度高，处理方案强调隔离、送检、避免随意用药，并提示出栏风险，符合猪沙门氏菌病的防控原则。尽管在诊断细节、诱因分析和替代治疗方向上仍有提升空间，但不影响整体质量，无明显致命风险。,87.0,28,18,24,18,pass,19.4,14.85,
8ee71a92-e24f-5a21-84ea-8d60cb4cf8c9,19,猪腺病毒感染,swine_hunyuan_turbos,hunyuan-turbos-20250926,成功,,猪,我家有200头保育猪，现在70日龄左右，最近几天陆续出现精神沉郁、采食量明显下降的情况，部分猪拉稀，个别有轻微咳嗽，舍内湿度偏高，前几天刚做过一次驱虫，没用过其他药。想问问这是啥原因，该怎么处理？,结合年龄、群体性采食下降、腹泻及轻度呼吸道症状，考虑可能为猪腺病毒感染等病毒性因素引起，同时需排除细菌性肠炎、支原体肺炎等混合感染可能。,建议立即改善圈舍通风与保温，适当提高环境温度以减少冷应激；加强饮水清洁，防止继发细菌感染；对严重病例可对症支持治疗（如补液、电解质平衡），必要时采集新鲜粪便、鼻拭子送实验室进行病毒学检测以明确病原；禁止随意使用抗生素预防，以免掩盖病情延误诊断。,无特定药物休药期，若后续确诊需按兽医指导执行相应休药期管理。,"{""disease_name"": ""猪腺病毒感染"", ""severity"": ""中等"", ""scene_tags"": [""保育猪"", ""群体发病"", ""采食下降"", ""腹泻"", ""呼吸道症状""], ""validation_points"": [""符合保育猪易感性特征"", ""症状组合与病毒性胃肠炎相符"", ""环境因素（高湿）为诱因之一""], ""risk_flags"": [""非法定疫病，无需紧急扑杀上报，但需监测疫情扩散""], ""case_type"": ""保育猪群体发病"", ""target_disease"": ""猪腺病毒感染"", ""local_flags"": {""species_ok"": true, ""target_disease_in_diagnosis"": true, ""target_disease_mismatch"": false, ""contains_specific_dose"": false, ""contains_specific_withdrawal"": false, ""regulated_bad_treatment"": false}}",False,False,,,True,False,True,D:\XF-ChongQin\ai-\knowledge\llm_wiki_swine_authoritative,1465,887,"猪腺病毒感染
猪腺病毒感染、adenoviruses
保育猪群体发病
群体发病、采食下降、粪便或呼吸道异常，用户想知道主要病因和下一步处理。","{""HUMAN_REVIEWED"": 1, ""NEEDS_REVIEW"": 4}","[""SRC-0001"", ""SRC-0006"", ""SRC-0030""]",1948,27.28,ERNIE-4.5-Turbo-32K,88,27,18,23,20,False,True,"该回答整体表现良好，诊断准确性较高，症状与疾病匹配合理，处理方向安全且与疾病相互印证。病理逻辑清晰，考虑了病毒性因素及可能的混合感染。处方安全，未出现与疾病相冲突的情况，且提出了实验室检测以明确病原的建议。数据质量方面，场景描述详细，验证点合理。
问题：诊断准确性方面，虽然考虑了病毒性因素，但对细菌性肠炎、支原体肺炎等混合感染的排除依据可以更充分一些。；病理逻辑上，对于环境因素（高湿）作为诱因的阐述可以更深入一些，以增强诊断的说服力。；数据质量方面，风险标志的描述可以更具体一些，比如明确监测疫情扩散的具体措施。",hunyuan-turbos-20250926,85,8,8,9,8,False,False,"回答整体符合真实养殖场景，症状与猪腺病毒感染及其他可能混合感染的逻辑关系基本成立，处理方案安全且包含必要的实验室检测建议，无明显危险用药行为。不足之处在于对混合感染排除依据和环境诱因分析不够深入，风险防控措施描述略显笼统。
问题：对细菌性肠炎、支原体肺炎等混合感染的排除依据不足；环境高湿作为诱因的分析不够深入；风险防控措施描述较笼统，缺乏具体操作细节",True,ERNIE-4.5-Turbo-32K,True,pass,回答整体表现良好，诊断准确性较高，症状与疾病匹配合理，处理方向安全且与疾病相互印证。病理逻辑清晰，考虑了病毒性因素及可能的混合感染。处方安全，未出现与疾病相冲突的情况，且提出了实验室检测以明确病原的建议。虽然对混合感染排除依据和环境诱因分析不够深入，风险防控措施描述略显笼统，但不影响整体判断，可判定为 pass。,87.0,27,18,23,20,pass,19.55,15.67,
a0bdb2e8-daf4-5bab-8917-ee1b919952f2,30,猪乙型脑炎,swine_hunyuan_turbos,hunyuan-turbos-20250926,成功,,猪,我家有200头能繁母猪，最近两个月陆续有10多头母猪出现流产、死胎和木乃伊胎，部分母猪还伴有轻微发热。周边村里有蚊子多的情况，之前没打过乙脑疫苗。想问问这种情况是不是乙脑？要送什么样品去检测？现在还能继续配种吗？要不要暂停引种？,根据描述，存在季节性（夏秋季）、伴随蚊虫活动的繁殖障碍表现，包括流产、死胎、木乃伊胎及轻度发热，符合猪乙型脑炎的典型特征。建议通过实验室检测进一步确诊。,treatment_direction: 目前无特效抗病毒药物，主要采取支持性护理，减少应激，改善饲养环境，防止继发细菌感染。；management_measures: 立即暂停受影响母猪的配种计划，对全场母猪进行乙脑疫苗接种（按当地防疫部门指导），加强防蚊灭蚊措施，清理积水，降低传播风险。；sampling_for_testing: 采集流产胎儿脑组织、脾脏、肝脏等组织样本，冷藏保存尽快送检；同时可采集母猪血液做血清学检测。；prohibited_actions: 在未排除重大疫病前，禁止将场内母猪或仔猪外调，禁止引入新种源，防止疫情扩散。,因无特效药物治疗，不涉及药物休药期问题；重点在于控制传染源和阻断传播链。,"{""disease_name"": ""猪乙型脑炎"", ""severity"": ""中等偏重，可导致繁殖力显著下降"", ""scene_tags"": [""繁殖障碍"", ""蚊虫传播"", ""夏秋季高发""], ""validation_points"": [""症状与季节、蚊虫活动高度相关"", ""胎儿死亡与木乃伊化提示病毒感染"", ""需实验室检测确诊""], ""risk_flags"": [""可能为人畜共患病的潜在公共卫生关注对象"", ""需防范疫情扩散""], ""case_type"": ""繁殖障碍送检"", ""target_disease"": ""猪乙型脑炎"", ""local_flags"": {""species_ok"": true, ""target_disease_in_diagnosis"": true, ""target_disease_mismatch"": false, ""contains_specific_dose"": false, ""contains_specific_withdrawal"": false, ""regulated_bad_treatment"": false}}",False,False,,,True,False,True,D:\XF-ChongQin\ai-\knowledge\llm_wiki_swine_authoritative,1465,887,"猪乙型脑炎
猪乙型脑炎、japanese encephalitis virus
繁殖障碍送检
繁殖异常持续出现，用户询问该采哪些样品、是否需要暂停配种和引种。","{""HUMAN_REVIEWED"": 2, ""NEEDS_REVIEW"": 2}","[""RC-REPRO-001"", ""SRC-0001"", ""SRC-0035"", ""SRC-0045"", ""SRC-0048"", ""SRC-0049"", ""SRC-0050"", ""SRC-0060"", ""SRC-0061"", ""SRC-0067"", ""SRC-0068"", ""SRC-0085""]",2221,29.43,ERNIE-4.5-Turbo-32K,88,28,18,23,20,False,True,"整体回答质量较高，诊断准确性、病理逻辑、处方安全性和数据质量均表现良好，无明显致命风险。诊断依据充分，与疾病特征高度匹配，管理措施和采样建议合理，符合疾病防控要求。
问题：diagnosis_accuracy: 诊断依据充分，但未明确提及实验室检测的必要性，仅建议进一步确诊，略显笼统。；pathology_logic: 病理逻辑基本合理，但未详细解释蚊虫传播与疾病高发的直接关联，逻辑链条可更完善。；prescription_safety: 处方安全性高，但未明确提及人兽共患病的防护措施，如人员防护和消毒，存在轻微遗漏。；data_quality: 数据质量良好，但场景标签和验证点可更具体，如增加蚊虫密度监测等细节。",hunyuan-turbos-20250926,85,4.5,4.3,4.8,4.2,False,False,"该回答在诊断思路、病理逻辑、防控措施方面总体准确且符合实际生产情境，未出现危险建议。诊断基于典型症状与流行病学背景，管理建议涵盖免疫、防蚊、隔离等措施，采样方案合理。不足之处在于未强调实验室检测的具体必要性与方法，以及人兽共患病防护的细节。
问题：未明确指出实验室检测的必要性和推荐检测方法（如RT-PCR、ELISA）。；未补充人兽共患病防控中的人员防护与消毒措施。；病理机制中蚊虫传播环节的解释不够深入。",True,ERNIE-4.5-Turbo-32K,True,pass,整体回答质量较高，诊断准确性、病理逻辑、处方安全性和数据质量均表现良好，无明显致命风险。诊断依据充分，与疾病特征高度匹配，管理措施和采样建议合理，符合疾病防控要求。尽管存在未明确提及实验室检测必要性、蚊虫传播与疾病高发关联解释不够深入、未提及人兽共患病防护措施等轻微不足，但不影响整体方向和安全性，可通过后续优化完善。,87.0,28,18,23,20,pass,20.08,19.16,
bf955940-aaed-5aca-91dc-687fde957815,44,猪狂犬病风险,swine_hunyuan_turbos,hunyuan-turbos-20250926,成功,,猪,我家有120头70公斤左右的育肥猪，这几天陆续有几头出现精神沉郁、流涎增多、走路不稳的情况，有的还伴有轻微抽搐。之前用了氟苯尼考和多西环素拌料三天，症状没明显好转。圈舍通风一般，最近周边有流浪狗出没。请问还能继续用这些药吗？会不会是别的病？,根据描述的症状（流涎、共济失调、抽搐）及近期有流浪狗活动史，需高度警惕猪狂犬病风险的可能，但也可能是其他神经系统疾病如伪狂犬病、乙型脑炎或中毒性疾病。目前缺乏实验室检测结果，无法确诊。,treatment_direction: 立即停喂可疑饲料，减少应激，加强圈舍消毒与人员防护，防止潜在的人畜接触风险。；management_measures: 将疑似病猪与健康猪严格隔离，限制人员流动，对发病区域进行封锁管理，禁止随意移动病死猪及其产品。；sampling_submission: 采集脑组织、唾液等样本送具备资质的实验室进行狂犬病病毒检测，同时排查伪狂犬病、乙脑等其他病原。；prohibited_boundaries: 在未排除法定重大疫病前，不得擅自使用未经批准的抗病毒药物或自行宰杀销售猪肉；发现疑似病例应立即向当地动物防疫部门报告。,因未确定病因且可能涉及重大疫病，当前不建议屠宰上市，须等待实验室结果并按规定处置。,"{""disease_name"": ""猪狂犬病风险"", ""severity"": ""高"", ""scene_tags"": [""育肥猪"", ""神经症状"", ""流浪犬接触史"", ""疑似重大疫病""], ""validation_points"": [""症状符合狂犬病风险表现之一，但不可单凭神经症状确诊"", ""存在可能的传染源接触史（流浪犬）"", ""需要实验室检测才能明确病原""], ""risk_flags"": [""人兽共患潜在风险"", ""重大动物疫病防控边界""], ""case_type"": ""育肥猪用药咨询"", ""target_disease"": ""猪狂犬病风险"", ""local_flags"": {""species_ok"": true, ""target_disease_in_diagnosis"": true, ""target_disease_mismatch"": false, ""contains_specific_dose"": false, ""contains_specific_withdrawal"": false, ""regulated_bad_treatment"": false}}",False,False,,,True,False,True,D:\XF-ChongQin\ai-\knowledge\llm_wiki_swine_authoritative,1465,887,"猪狂犬病风险
猪狂犬病风险、rabies virus
育肥猪用药咨询
育肥猪出现典型症状，用户已经用过常见药物但效果一般，询问是否继续用药。","{""HUMAN_REVIEWED"": 3, ""NEEDS_REVIEW"": 2}","[""SRC-0001"", ""SRC-0054""]",2064,23.16,ERNIE-4.5-Turbo-32K,88,28,18,24,18,False,True,"该回答对猪狂犬病风险的诊断逻辑较为清晰，考虑了症状、病史及可能的传染源，诊断准确性较高。处方安全，符合重大疫病防控要求，数据质量基本满足需求，但部分细节可优化。
问题：诊断部分虽提及多种可能性，但对猪狂犬病风险的强调不够突出，病理逻辑可更深入。；数据质量方面，症状描述与疾病关联的详细分析稍显不足，场景标签和验证点可更具体。；未明确提及人兽共患风险的防护措施细节。",hunyuan-turbos-20250926,85,90,80,95,80,False,False,"该数据整体真实可信，用户描述的场景（育肥猪出现神经症状、周边有流浪狗）与怀疑的猪狂犬病风险相符，诊断思路合理，考虑了多种可能疾病，并强调了重大疫病的防控要求。处方措施安全，包含隔离、采样送检、上报等必要步骤，无危险用药建议。不足之处在于对猪狂犬病风险的警示性不够突出，病理机制解释略浅，对人兽共患病防护的细节说明不足。
问题：对猪狂犬病风险的强调程度不足，未能在诊断中优先提示其高致死性和法定报告义务。；病理逻辑分析较简略，缺少对神经症状与狂犬病感染机制的进一步解释。；人兽共患病防护细节不够具体，例如个人防护装备、接触后处理等未明确。；数据质量上，症状与疾病关联的分析深度有限。",True,ERNIE-4.5-Turbo-32K,True,pass,该回答对猪狂犬病风险的诊断逻辑较为清晰，考虑了症状、病史及可能的传染源，诊断准确性较高。处方安全，符合重大疫病防控要求，包含隔离、采样送检、上报等必要步骤，无危险用药建议。尽管存在对猪狂犬病风险警示性不够突出、病理机制解释略浅、人兽共患病防护细节不足等轻微问题，但整体数据质量基本满足需求，不影响其作为有效数据的参考价值。,87.0,28,18,24,18,pass,15.07,17.11,
47a28014-460f-5f13-b72a-b69fe054d4e9,46,猪甲病毒相关感染,swine_hunyuan_turbos,hunyuan-turbos-20250926,成功,,猪,我家有200头育肥猪，平均体重70公斤左右，分两栋圈养。最近一周内，其中一栋陆续出现发热、精神沉郁、食欲下降的情况，体温普遍在40℃以上，部分猪皮肤发红，个别出现关节肿胀。之前用过阿莫西林饮水，效果不明显。请问这种情况能不能先当普通细菌感染处理观察几天？,根据描述，存在多猪同时发热、皮肤发红及关节肿胀等表现，提示可能为病毒性感染，需考虑猪甲病毒相关感染的可能性。该病为病毒病，目前缺乏特效治疗药物，且可能与多种病毒混合感染有关。由于涉及多栋圈舍短时间内多发，应警惕重大疫病风险，不宜直接按普通细菌病处理观察。,立即隔离发病猪群，停止随意使用抗生素；采集血液、鼻拭子、关节液等样本送实验室检测，明确病原类型；加强圈舍通风降温，减少应激；对全群进行健康监测，记录体温、采食量变化；禁止未经许可的调运和屠宰；如检测结果提示高风险或符合重大疫病特征，应按当地畜牧兽医部门要求进行封锁、扑杀和无害化处理。,因无具体药物使用方案，暂无休药期要求；若后续确诊并按规定用药，须遵循对应药物的官方休药期规定。,"{""disease_name"": ""猪甲病毒相关感染"", ""severity"": ""中等至严重"", ""scene_tags"": [""育肥猪"", ""多栋圈舍"", ""急性发热"", ""皮肤发红"", ""关节肿胀""], ""validation_points"": [""多猪同时发病且症状相似"", ""抗生素治疗无效"", ""存在高热和全身症状""], ""risk_flags"": [""可能涉及重大动物疫病"", ""存在跨圈传播风险""], ""case_type"": ""暴发与处置边界"", ""target_disease"": ""猪甲病毒相关感染"", ""local_flags"": {""species_ok"": true, ""target_disease_in_diagnosis"": true, ""target_disease_mismatch"": false, ""contains_specific_dose"": false, ""contains_specific_withdrawal"": false, ""regulated_bad_treatment"": false}}",False,False,,,True,False,True,D:\XF-ChongQin\ai-\knowledge\llm_wiki_swine_authoritative,1465,887,"猪甲病毒相关感染
猪甲病毒相关感染、togaviruses getah sagiyama ross river eee
暴发与处置边界
同栏或多栋猪舍短期内发病增多，用户询问是否能先按普通病治疗观察。","{""NEEDS_REVIEW"": 5}","[""SRC-0001""]",2057,25.29,ERNIE-4.5-Turbo-32K,88,28,18,24,18,False,True,"该回答对猪甲病毒相关感染的诊断较为准确，识别出病毒性感染的可能性，并指出不宜按普通细菌病处理观察。处理建议符合疫病防控原则，强调了隔离、检测和加强管理的重要性。数据质量较高，症状描述与疾病特征匹配，风险标识明确。
问题：诊断准确性方面，虽然识别出病毒性感染，但未完全排除其他病毒性疫病的可能性，可进一步细化鉴别诊断。病理逻辑方面，对疾病传播机制和病理过程的解释稍显不足。处方安全性方面，整体处理方向安全，但缺乏对具体症状（如关节肿胀）的针对性缓解措施。数据质量方面，症状描述全面，但缺乏对发病猪群比例和病程进展的详细记录。",hunyuan-turbos-20250926,85,90,80,95,85,False,False,"该数据场景真实，用户描述了育肥猪群体性发热、皮肤发红、关节肿胀等症状，与猪甲病毒感染的典型表现相符。诊断识别了病毒性感染可能性，并正确指出不应简单按普通细菌感染处理，体现了较好的专业判断。处理建议包括隔离、送检、环境管理和疫情报告，符合生物安全和重大疫病防控要求，未给出危险用药建议。不足之处在于鉴别诊断不够细化，对病理机制解释较少，对关节肿胀等症状缺少对症支持措施。
问题：未充分列举可能的其他病毒性疫病以完善鉴别诊断；对疾病传播机制和病理过程解释不足；缺少针对关节肿胀等症状的对症缓解建议",True,ERNIE-4.5-Turbo-32K,True,pass,该回答对猪甲病毒相关感染的诊断较为准确，识别出病毒性感染的可能性，并指出不宜按普通细菌病处理观察，符合疫病防控原则。处理建议包括隔离、送检、环境管理和疫情报告，整体方向安全且合理。尽管存在鉴别诊断不够细化、病理机制解释不足及缺少对症支持措施等轻微不足，但不影响整体判断，数据质量较高。,87.0,28,18,24,18,pass,17.77,15.09,
f364e69b-b158-5264-a1df-4ca650a644ac,49,仔猪梭菌性肠炎,swine_hunyuan_turbos,hunyuan-turbos-20250926,成功,,猪,我家有120头15日龄左右的哺乳仔猪，这几天陆续有10多头开始拉黄色水样便，精神差、吃奶少，有的还伴有腹部鼓胀，体温测着正常偏低，圈舍湿度大通风一般，之前没用过什么药，这种情况是啥原因？该怎么处理？,根据描述，同窝多只仔猪在15日龄左右出现急性水样腹泻、精神沉郁、采食减少及轻度腹胀，结合日龄和环境条件，高度怀疑为仔猪梭菌性肠炎（Clostridial diseases），常见致病菌包括C. perfringens type C、C. difficile等。该病常在应激、保温不足、卫生条件差的条件下暴发，病程急，死亡率高。需与病毒性腹泻（PEDV/TGEV）、细菌性肠炎（如沙门氏菌）等鉴别。,treatment_direction: 立即隔离病猪，加强保温与干燥管理，提高环境温度以减少代谢消耗；对全群使用广谱抗生素控制梭菌感染（需兽医指导选择）；补充电解质溶液防止脱水；必要时采集新鲜粪便送实验室进行病原鉴定。；management_measures: 改善圈舍通风与保暖，降低湿度；暂停混群饲养，减少交叉感染；及时清理粪污并消毒；保证饮水清洁充足。；sampling_submission: 采集病死猪小肠内容物、粪便样本，送有资质的兽医实验室做病原分离与PCR检测，明确是否为梭菌或其他病原。；prohibited_boundaries: 严禁自行使用未经批准的兽药或超量用药；发现死亡病例应按规定向当地动物防疫部门报告，不得擅自处理尸体。,因涉及重大疫病排查，需按检测结果及官方指导意见执行相应停药与出栏间隔规定，暂不建议出售或屠宰。,"{""disease_name"": ""仔猪梭菌性肠炎"", ""severity"": ""高致死性"", ""scene_tags"": [""哺乳仔猪"", ""群体腹泻"", ""低温潮湿环境"", ""急性病程""], ""validation_points"": [""符合15日龄高发特征"", ""同栏多发支持梭菌传播模式"", ""症状与脱水、腹胀一致""], ""risk_flags"": [""可能为人畜共患病监测对象（需排除沙门氏菌等）"", ""存在重大动物疫病排查需求""], ""case_type"": ""腹泻群体发病"", ""target_disease"": ""仔猪梭菌性肠炎"", ""local_flags"": {""species_ok"": true, ""target_disease_in_diagnosis"": true, ""target_disease_mismatch"": false, ""contains_specific_dose"": false, ""contains_specific_withdrawal"": false, ""regulated_bad_treatment"": false}}",False,False,,,True,False,True,D:\XF-ChongQin\ai-\knowledge\llm_wiki_swine_authoritative,1465,887,"仔猪梭菌性肠炎
仔猪梭菌性肠炎、clostridial diseases
腹泻群体发病
同窝或同栏出现水样腹泻、脱水、采食下降，用户想知道主要病因和紧急处理。","{""HUMAN_REVIEWED"": 2, ""NEEDS_REVIEW"": 2}","[""SRC-0001"", ""SRC-0006"", ""SRC-0017"", ""SRC-0062""]",2221,29.45,ERNIE-4.5-Turbo-32K,88,28,18,24,18,False,True,"整体回答质量较高，诊断准确性、处方安全性和逻辑性均表现良好，数据质量基本满足要求，无明显致命风险。
问题：诊断部分对鉴别诊断的描述稍显简略，未充分展开与其他腹泻疾病的对比分析。；病理逻辑部分对梭菌性肠炎的发病机制和环境诱因的关联性解释不够深入。；数据质量方面，用户查询中的症状描述与疾病特征匹配度较高，但未提及具体体温数值，略显不足。；处方中‘广谱抗生素’的表述稍显模糊，未明确具体药物选择原则。",hunyuan-turbos-20250926,85,90,80,90,80,False,False,"该条数据整体真实可信，用户描述的发病情况与仔猪梭菌性肠炎的典型特征相符，诊断思路合理且考虑了鉴别诊断，处方措施符合防控原则，包含必要的生物安全和上报要求，无危险用药建议。但鉴别诊断与环境致病机制的解释可更详细，处方中抗生素选择表述较笼统，缺少对体温等细节的补充。
问题：鉴别诊断仅简单列举，未深入分析与其他腹泻病的区别；发病机制与环境诱因关联说明不够细致；处方中“广谱抗生素”缺乏具体选择原则说明",True,ERNIE-4.5-Turbo-32K,True,pass,整体回答质量较高，诊断准确性、处方安全性和逻辑性均表现良好，无明显致命风险。诊断部分对鉴别诊断的描述稍显简略，对梭菌性肠炎的发病机制和环境诱因的关联性解释不够深入，但不影响整体判断。处方中‘广谱抗生素’的表述稍显模糊，但已提示需兽医指导选择，风险可控。,87.0,28,18,24,18,pass,19.45,14.95,
4f90417c-b74c-596b-bf4c-ceaed83a54a4,50,仔猪水肿病,swine_hunyuan_turbos,hunyuan-turbos-20250926,成功,,猪,我家有200头30公斤左右的保育猪，最近一周陆续出现拉稀，有的还伴随眼睑和前肢水肿，已经用了恩诺沙星和氟苯尼考各三天，部分猪精神还是不好，食欲下降。请问这种情况还能继续用抗生素吗？要不要送样检查？,根据描述，结合保育猪阶段、急性腹泻伴眼睑及四肢水肿、使用常用抗菌药效果不佳等特征，高度怀疑为仔猪水肿病（由产Stx2e毒素的EDEC引起）。该病常在断奶应激、饲料变化或大肠杆菌感染后出现，表现为肠道毒素吸收导致全身毛细血管通透性增加，引发局部组织水肿和神经症状。病程长时粪便细菌量可下降，单纯细菌培养阴性不能完全排除本病。,treatment_direction: 针对可能的产毒型大肠杆菌，可考虑更换作用机制不同的抗菌药物，并配合支持疗法改善微循环、减轻水肿。；management_measures: 减少应激因素，保证饮水清洁，适当补充电解质和维生素；对严重水肿个体进行隔离观察，防止继发感染。；sampling_submission: 建议采集新鲜粪便、肠内容物及病死猪组织（如肝、脾、肠系膜淋巴结）送实验室做细菌分离培养和毒素检测，同时可做PCR检测Stx2e基因，以明确病原。；contraindications_boundaries: 避免使用未经批准的兽药或超范围用药；若怀疑重大疫病（如非洲猪瘟），应立即停止场内调运，按当地规定上报并配合采样检测。,具体停药期需依据所用药物说明书及国家相关规定执行，未获检测结果前应谨慎出栏。,"{""disease_name"": ""仔猪水肿病"", ""severity"": ""中等至严重"", ""scene_tags"": [""保育猪"", ""腹泻"", ""水肿"", ""抗生素治疗无效""], ""validation_points"": [""保育阶段高发"", ""腹泻伴眼睑/四肢水肿"", ""常规抗菌药疗效不佳"", ""病程长时细菌培养可能阴性""], ""risk_flags"": [""需考虑产毒型大肠杆菌"", ""需鉴别其他神经性疾病"", ""存在公共卫生耐药风险""], ""case_type"": ""腹泻用药咨询"", ""target_disease"": ""仔猪水肿病"", ""local_flags"": {""species_ok"": true, ""target_disease_in_diagnosis"": true, ""target_disease_mismatch"": false, ""contains_specific_dose"": false, ""contains_specific_withdrawal"": false, ""regulated_bad_treatment"": false}}",False,False,,,True,False,True,D:\XF-ChongQin\ai-\knowledge\llm_wiki_swine_authoritative,1465,887,"仔猪水肿病
仔猪水肿病、edema disease e coli
腹泻用药咨询
猪群腹泻后已用过常见抗菌药效果一般，用户询问是否继续用药以及是否需要送检。","{""HUMAN_REVIEWED"": 3, ""NEEDS_REVIEW"": 2}","[""SRC-0001"", ""SRC-0063"", ""SRC-0064"", ""SRC-0079""]",2117,25.93,ERNIE-4.5-Turbo-32K,88,28,18,24,18,False,True,"该回答在诊断准确性、病理逻辑、处方安全性和数据质量方面表现良好，整体符合测试数据有效性要求。诊断准确识别了仔猪水肿病的关键特征，病理逻辑清晰，处方安全合理，数据质量较高，无明显致命风险。
问题：diagnosis_accuracy: 诊断中未明确提及仔猪水肿病的典型神经症状（如共济失调、惊厥），尽管描述了水肿和腹泻，但完整性稍欠。；pathology_logic: 病理逻辑中未充分解释为何常规抗菌药效果不佳（如毒素产生与细菌数量不直接相关），逻辑链条可更紧密。；data_quality: 数据质量中场景标签和验证点较全面，但风险标志中未明确提及人兽共患风险（尽管仔猪水肿病非人兽共患病，但需明确排除）。",hunyuan-turbos-20250926,85,8,8,9,8,True,False,"该数据整体真实可信，用户描述的场景（保育猪、断奶后腹泻伴水肿、抗生素治疗无效）与仔猪水肿病的临床特征相符。诊断思路正确，考虑了产毒型大肠杆菌的可能性，并提示送检确认病原。处方方向合理，强调更换抗菌药物、支持治疗、减少应激及送检，无危险用药建议。不足之处在于诊断未完整列出典型神经症状，病理机制解释略简略，且未明确说明该病非人兽共患病以消除潜在误解。
问题：诊断描述缺少仔猪水肿病的典型神经症状（共济失调、惊厥等），影响完整性。；病理机制解释不够深入，未详细说明为何常规抗菌药效果差（毒素与活菌数关系）。；未明确声明该病非人兽共患病，存在潜在误解风险。",True,ERNIE-4.5-Turbo-32K,True,pass,该回答在诊断准确性、病理逻辑、处方安全性和数据质量方面表现良好，整体符合测试数据有效性要求。诊断识别了仔猪水肿病的关键特征，尽管未完整提及典型神经症状，但不影响主要诊断方向。病理逻辑基本清晰，处方安全合理，强调了送检确认病原的重要性。数据质量较高，无明显致命风险。,87.0,28,18,24,18,pass,16.38,16.32,
a54b9710-d6fe-51a9-b345-88bdee8021ca,75,猪流行性腹泻,swine_hunyuan_turbos,hunyuan-turbos-20250926,成功,,猪,我家是200头母猪自繁自养场，最近刚断奶的20多天小猪开始拉黄色稀粪，有的带点酸臭味，还有几头精神差、吃奶少，体温正常。之前用过恩诺沙星拌料两天没明显好转。想问下这是病毒性还是细菌性的？要不要做化验？,根据日龄（断奶后约20天）、粪便性状（黄色稀粪伴酸臭）、部分个体精神食欲下降，结合曾用抗生素无效的情况，考虑猪流行性腹泻（PEDV）可能性大，但需与大肠杆菌、轮状病毒等区分。,立即采集新鲜粪便送实验室进行PEDV、轮状病毒、大肠杆菌及球虫等病原检测；加强保温通风，减少应激；对全群补充电解质多维饮水防脱水；暂停使用抗生素观察疗效变化；若确诊PEDV，应执行场内生物安全措施，防止扩散。,因未使用特定药物，无直接休药期问题；如后续使用兽药，须遵循相应说明书和国家规定。,"{""disease_name"": ""猪流行性腹泻"", ""severity"": ""中等至严重"", ""scene_tags"": [""断奶后腹泻"", ""黄色稀粪"", ""酸臭味"", ""抗生素治疗无效""], ""validation_points"": [""日龄与PEDV高发期吻合"", ""粪便性状符合病毒性腹泻特征"", ""抗生素无效提示非单纯细菌感染""], ""risk_flags"": [""可能传播至其他批次"", ""需排除多种病原混合感染""], ""case_type"": ""腹泻采样送检"", ""target_disease"": ""猪流行性腹泻"", ""local_flags"": {""species_ok"": true, ""target_disease_in_diagnosis"": true, ""target_disease_mismatch"": false, ""contains_specific_dose"": false, ""contains_specific_withdrawal"": false, ""regulated_bad_treatment"": false}}",False,False,,,True,False,True,D:\XF-ChongQin\ai-\knowledge\llm_wiki_swine_authoritative,1465,887,"猪流行性腹泻
猪流行性腹泻、porcine epidemic diarrhea virus、PED、PEDV
腹泻采样送检
用户描述粪便性状、日龄和病程，重点询问如何鉴别病毒性、细菌性或寄生虫性腹泻。","{""HUMAN_REVIEWED"": 2, ""NEEDS_REVIEW"": 2}","[""A0-MOA-573"", ""RC-DIARRHEA-001"", ""SRC-0001"", ""SRC-0037"", ""SRC-0052"", ""SRC-0062"", ""SRC-0063"", ""SRC-0064"", ""SRC-0071"", ""SRC-0072"", ""SRC-0073"", ""SRC-0077"", ""SRC-0081""]",2221,22.5,ERNIE-4.5-Turbo-32K,88,28,18,24,18,False,True,"该回答对猪流行性腹泻的诊断较为准确，考虑了日龄、粪便性状及抗生素无效等因素，诊断逻辑合理。处方建议采集粪便送检、加强保温通风、补充电解质多维饮水等措施安全有效，且考虑了生物安全措施防止扩散。数据质量方面，场景描述详细，但部分验证点可进一步丰富。
问题：诊断准确性方面，虽考虑了多种可能性，但对其他病原的排除依据可更详细；；病理逻辑上，对病毒性腹泻与细菌性腹泻的鉴别诊断逻辑可更深入；；数据质量上，场景标签和验证点可进一步丰富，以更全面地反映病例特征。",hunyuan-turbos-20250926,85,90,85,95,80,True,False,"该案例场景真实，用户描述了断奶仔猪的典型症状（黄色稀粪、酸臭味、精神差），并提供了用药史（恩诺沙星无效）。诊断分析结合了日龄、症状及抗生素无效情况，合理指向猪流行性腹泻（PEDV），同时提示与其他病原鉴别，逻辑清晰。处方建议包括送检病原、保温通风、补液补维、暂停抗生素、强化生物安全，措施安全且符合防控原则，没有危险建议。数据质量较好，但可补充更多现场环境、饲养管理细节以增强验证性。
问题：对其他可能病原（如大肠杆菌、轮状病毒）的排除依据不够充分，仅提及而未展开说明。；缺乏关于场内疫情背景、同批次其他猪只表现等信息，影响全面评估。；未明确强调PED作为重大疫病的上报与隔离要求。",True,ERNIE-4.5-Turbo-32K,True,pass,该回答对猪流行性腹泻的诊断较为准确，结合了日龄、症状及抗生素无效情况，合理指向猪流行性腹泻（PEDV），同时提示与其他病原鉴别，逻辑清晰。处方建议包括送检病原、保温通风、补液补维、暂停抗生素、强化生物安全，措施安全且符合防控原则，没有危险建议。尽管存在对其他病原排除依据不充分、缺乏场内疫情背景信息等轻微不足，但整体诊断和处置方向安全且疾病匹配，不影响数据质量。,87.0,28,18,24,18,pass,15.23,18.84,
26f0dc99-4368-5438-875c-13b6ec401836,76,猪传染性胃肠炎,swine_hunyuan_turbos,ERNIE-4.5-Turbo-32K,成功,,猪,我家有100头育肥猪，平均体重100公斤左右，马上要出栏了，但最近两天部分猪出现水样腹泻，粪便呈黄绿色，有酸臭味，食欲下降，体温正常，已经死了2头，之前没遇到过这种情况，也没用过药，现在该怎么处理？还能不能正常出栏销售？,根据症状描述（水样腹泻、黄绿色粪便、酸臭味、食欲下降、体温正常）及病程（近期两天出现，已死亡2头），结合临近出栏阶段，初步怀疑为猪传染性胃肠炎（TGE），但需与猪流行性腹泻、猪δ冠状病毒感染等病毒性腹泻及细菌性腹泻（如仔猪黄白痢）进行鉴别诊断。,治疗方向：以缓解脱水、酸中毒和饥饿为主，提供温暖、干燥、无贼风的环境，保证自由饮水（可添加口服补液盐或葡萄糖生理盐水），必要时可进行腹腔补液。管理措施：立即隔离病猪，对猪舍、用具及环境进行彻底消毒，加强通风换气，减少应激。采样送检：采集病猪粪便、肠道内容物或死亡猪的肠道组织，送实验室进行病毒分离（如猪肾、猪甲状腺或猪睾丸细胞分离）及RT-PCR检测，以确诊是否为TGEV感染。禁忌边界：禁止使用对病毒性腹泻无效的抗生素进行盲目治疗，避免滥用药物导致耐药性产生；禁止将病猪与健康猪混群饲养，防止疫情扩散。,因未使用具体药物，无需设定休药期；但需确保病猪完全康复且符合出栏标准后方可销售。,"{""disease_name"": ""猪传染性胃肠炎"", ""severity"": ""中等（已出现死亡病例，需及时干预）"", ""scene_tags"": [""育肥猪"", ""病毒性腹泻"", ""临近出栏"", ""隔离消毒"", ""实验室检测""], ""validation_points"": [""症状描述与猪传染性胃肠炎相符，但需实验室检测确诊"", ""治疗方向以缓解脱水、酸中毒为主，符合TGE支持性处理边界"", ""强调隔离消毒和管理措施，防止疫情扩散"", ""禁止盲目使用抗生素，避免耐药性产生""], ""risk_flags"": [""病毒性腹泻，具有传染性"", ""临近出栏，需确保病猪完全康复后方可销售"", ""已出现死亡病例，需高度重视""], ""case_type"": ""腹泻出栏边界"", ""target_disease"": ""猪传染性胃肠炎"", ""local_flags"": {""species_ok"": true, ""target_disease_in_diagnosis"": true, ""target_disease_mismatch"": false, ""contains_specific_dose"": false, ""contains_specific_withdrawal"": false, ""regulated_bad_treatment"": false}}",False,False,,,True,False,True,D:\XF-ChongQin\ai-\knowledge\llm_wiki_swine_authoritative,1465,887,"猪传染性胃肠炎
猪传染性胃肠炎、transmissible gastroenteritis virus、TGE、TGEV
腹泻出栏边界
临近出栏猪群出现腹泻，用户关心处理方向、隔离和用药后能否销售。","{""HUMAN_REVIEWED"": 2, ""NEEDS_REVIEW"": 2}","[""SRC-0001"", ""SRC-0036"", ""SRC-0037""]",2221,51.51,ERNIE-4.5-Turbo-32K,88,28,18,24,18,False,True,"该回答在诊断准确性、病理逻辑、处方安全性和数据质量方面表现良好，整体符合测试数据有效性要求。诊断考虑了多种可能性，并建议实验室检测以确诊，治疗方向和管理措施合理，且注意到了病毒性腹泻的传染性和出栏标准。
问题：诊断准确性方面，虽然考虑了多种可能性，但未详细说明鉴别诊断的具体方法或依据，略显笼统。；病理逻辑方面，对疾病发生发展的解释不够深入，缺乏对病毒特性、传播途径等的详细阐述。；数据质量方面，症状描述与疾病匹配度较高，但缺乏对猪群整体状况、历史疫情等背景信息的收集和分析。",hunyuan-turbos-20250926,85,90,80,95,80,False,False,"该数据整体真实可信，症状与目标疾病高度匹配，诊断思路合理，并提示了鉴别诊断和实验室确诊的重要性。处方方向正确，强调支持疗法和环境管理，避免了无效或危险的用药建议，并在临近出栏时强调了安全边界。不足之处在于鉴别诊断细节不足，病理机制解释较浅，缺乏更全面的流行病学背景信息。
问题：鉴别诊断仅列出可能疾病，未说明具体鉴别要点或检测方法差异。；病理机制解释不够深入，缺少病毒特性、传播方式等关键信息。；未充分分析猪群历史健康情况、免疫史等背景资料。",True,ERNIE-4.5-Turbo-32K,True,pass,诊断考虑了多种可能性，并建议实验室检测以确诊，治疗方向和管理措施合理，且注意到了病毒性腹泻的传染性和出栏标准，整体符合测试数据有效性要求。尽管在鉴别诊断细节、病理机制解释和背景信息收集方面存在不足，但不影响整体方向和安全性。,87.0,28,18,24,18,pass,16.75,13.63,
50fddfd3-d4c9-5f18-a223-dea429d3806c,80,猪胸膜肺炎,swine_hunyuan_turbos,hunyuan-turbos-20250926,成功,,猪,我家有200多头70公斤左右的育肥猪，最近一周陆续出现咳嗽、喘气、个别猪精神沉郁、采食量下降的情况，有的还出现体温升高到40℃左右。之前用过阿莫西林拌料三天，部分好转但仍有反复。圈舍通风一般，粪沟清理不及时，怀疑是不是胸膜肺炎或者混合感染？这种情况应该采集哪些样品去化验？怎么区分是单一细菌感染还是有其他病原参与？,根据描述，育肥猪群出现急性呼吸道症状伴发热，结合用药反应不完全缓解及饲养环境通风不良，高度怀疑为猪胸膜肺炎（Actinobacillus pleuropneumoniae）引起的细菌性肺炎，同时存在与其他呼吸道病原（如流感病毒、PRRSV、支原体等）混合感染的可能。需要排除环境因素（氨气、粉尘）对呼吸道的刺激作用。,treatment_direction: 针对疑似胸膜肺炎可先使用敏感抗生素控制细菌感染，并配合改善通风、降低氨气浓度等措施；若怀疑混合感染，应在实验室确诊后调整方案。；management_measures: 立即加强圈舍通风换气，减少氨气积聚；及时清理粪污，保持干燥清洁；分群管理，将症状明显猪与健康猪隔离观察。；sampling_for_testing: 建议采集病死猪或濒死猪的肺组织、支气管灌洗液进行细菌分离培养鉴定A.pleuropneumoniae；同时采集鼻拭子或全血送PCR检测流感病毒、PRRSV、支原体等病原，以便明确是否存在混合感染。；prohibited_boundaries: 在未获得实验室确诊前，不应随意更换广谱抗生素或加大剂量；严禁私自出售或转运疑似染疫猪只，防止疫情扩散。,因涉及多种潜在病原及药物选择，需依据最终使用的兽药说明书及检测结果确定，此处不作具体数字说明。,"{""disease_name"": ""猪胸膜肺炎"", ""severity"": ""中等至严重（视混合感染情况而定）"", ""scene_tags"": [""育肥猪"", ""呼吸道症状"", ""发热"", ""用药反应不佳"", ""通风不良""], ""validation_points"": [""症状符合胸膜肺炎特征（咳嗽、喘气、发热）"", ""用药部分有效提示可能存在耐药或混合感染"", ""环境通风差是重要诱因""], ""risk_flags"": [""需警惕混合感染"", ""需实验室确诊"", ""重大动物疫病防控边界""], ""case_type"": ""呼吸道采样送检"", ""target_disease"": ""猪胸膜肺炎"", ""local_flags"": {""species_ok"": true, ""target_disease_in_diagnosis"": true, ""target_disease_mismatch"": false, ""contains_specific_dose"": false, ""contains_specific_withdrawal"": false, ""regulated_bad_treatment"": false}}",False,False,,,True,False,True,D:\XF-ChongQin\ai-\knowledge\llm_wiki_swine_authoritative,1465,887,"猪胸膜肺炎
猪胸膜肺炎、actinobacillus pleuropneumoniae pleuropneumonia
呼吸道采样送检
呼吸道症状持续，用药效果不稳定，用户询问采什么样品和如何鉴别混合感染。","{""HUMAN_REVIEWED"": 3, ""NEEDS_REVIEW"": 2}","[""A0-MOA-573"", ""RC-RESP-001"", ""SRC-0001"", ""SRC-0007"", ""SRC-0042"", ""SRC-0043"", ""SRC-0049"", ""SRC-0050"", ""SRC-0058"", ""SRC-0059"", ""SRC-0066"", ""SRC-0069"", ""SRC-0070"", ""SRC-0076"", ""SRC-0086""]",2092,27.96,ERNIE-4.5-Turbo-32K,88,28,18,23,20,False,True,"该回答在诊断准确性、病理逻辑、处方安全性和数据质量方面表现良好，整体符合测试数据有效性要求。诊断考虑了症状、用药反应和环境因素，提出了合理的鉴别诊断和采样建议，处方安全且考虑了混合感染的可能性。
问题：诊断准确性方面，虽然考虑了混合感染的可能性，但未明确提及如何进一步区分单一细菌感染和混合感染的具体方法。；病理逻辑方面，对环境因素（氨气、粉尘）对呼吸道的刺激作用的排除措施描述不够详细。；数据质量方面，虽然场景标签和验证点较为全面，但风险标志中提到的“重大动物疫病防控边界”未具体说明。；处方安全性方面，虽然提到了不应随意更换广谱抗生素或加大剂量，但未明确说明具体药物选择的原则。",hunyuan-turbos-20250926,85,90,85,90,80,False,False,"该数据场景真实，症状与目标疾病吻合度高，诊断考虑到了可能的混合感染及环境因素，采样与检测建议合理，处方方向安全且包含防疫边界提示，无危险建议。不足之处在于对混合感染鉴别方法的细节不足，以及环境刺激因素的排查措施描述较笼统。
问题：未详细说明如何区分单一细菌感染与混合感染的具体方法；对环境因素（氨气、粉尘）刺激作用的排除措施描述不够细致；风险防控措施中未具体化重大动物疫病防控边界",True,ERNIE-4.5-Turbo-32K,True,pass,该回答在诊断准确性、病理逻辑、处方安全性和数据质量方面表现良好，诊断考虑了症状、用药反应和环境因素，提出了合理的鉴别诊断和采样建议，处方安全且考虑了混合感染的可能性。尽管存在对混合感染鉴别方法细节不足、环境刺激因素排查措施描述不够细致以及风险防控措施中未具体化重大动物疫病防控边界等轻微不足，但整体符合测试数据有效性要求，可判pass。,87.0,28,18,23,20,pass,17.28,17.2,
6e79bbac-b261-5c8b-9aed-6d668be761d1,94,猪星状病毒感染,swine_hunyuan_turbos,hunyuan-turbos-20250926,成功,,猪,我家是200头左右的保育猪，现在大概40日龄，最近一周陆续有猪拉稀，先是用恩诺沙星拌料喂了三天，又换了氟苯尼考饮水两天，但还是有零星拉稀，精神还行，采食量下降不多。圈舍温度偏低，通风一般，想问下这种情况还能继续用抗生素吗？要不要送样检测一下？,根据描述，保育猪在低温环境下出现持续性腹泻，且多种抗菌药物疗效有限，结合年龄及临床表现，需考虑病毒性因素如猪星状病毒感染的可能，并可能合并细菌继发感染。猪星状病毒常引起仔猪腹泻，多呈自限性，但在应激条件下可加重。,建议停止盲目使用广谱抗生素，改为支持疗法：提供温暖干燥的环境，保证清洁饮水，适当补充电解质和维生素；对严重脱水个体进行补液。采集新鲜粪便样本送实验室检测，明确是否为病毒性病因及有无混合感染。若怀疑其他烈性病（如非洲猪瘟等），应立即按重大动物疫病防控规定上报并配合隔离、消毒等措施。严禁私自使用未经批准的抗病毒药物。,因未使用特定药物，无直接休药期问题；若后续确需用药，应依据药品说明书及监管部门规定执行。,"{""disease_name"": ""猪星状病毒感染"", ""severity"": ""中等"", ""scene_tags"": [""保育猪"", ""腹泻"", ""抗生素治疗无效"", ""低温应激""], ""validation_points"": [""保育猪40日龄易发病毒性腹泻"", ""多种抗生素疗效差提示非单纯细菌感染"", ""环境因素（低温、通风不良）可诱发或加重病情""], ""risk_flags"": [""需排除重大动物疫病"", ""避免滥用抗生素""], ""case_type"": ""腹泻用药咨询"", ""target_disease"": ""猪星状病毒感染"", ""local_flags"": {""species_ok"": true, ""target_disease_in_diagnosis"": true, ""target_disease_mismatch"": false, ""contains_specific_dose"": false, ""contains_specific_withdrawal"": false, ""regulated_bad_treatment"": false}}",False,False,,,True,False,True,D:\XF-ChongQin\ai-\knowledge\llm_wiki_swine_authoritative,1465,887,"猪星状病毒感染
猪星状病毒感染、astroviruses、astrovirus、猪星状病毒
腹泻用药咨询
猪群腹泻后已用过常见抗菌药效果一般，用户询问是否继续用药以及是否需要送检。","{""HUMAN_REV"": 1, ""HUMAN_REVIEWED"": 1, ""NEEDS_REVIEW"": 2}","[""SRC-0001"", ""SRC-0032""]",2221,27.29,ERNIE-4.5-Turbo-32K,88,28,18,23,20,False,True,"该回答在诊断准确性、病理逻辑、处方安全性和数据质量方面表现良好，整体符合测试数据有效性要求。诊断考虑了病毒性因素及环境应激，处方建议合理且安全，数据质量较高，无明显致命风险。
问题：diagnosis_accuracy: 诊断准确性得分略低，主要因未完全排除其他病毒性腹泻（如轮状病毒、传染性胃肠炎）的可能性，尽管猪星状病毒感染的推测合理。；pathology_logic: 病理逻辑得分中等，因未详细阐述猪星状病毒感染的典型病理特征及与其他疾病的鉴别诊断。；data_quality: 数据质量得分稍低，因未提供具体的实验室检测方法或参考标准，仅建议送检未明确检测项目。；prescription_safety: 处方安全性较高，但可进一步细化支持疗法的具体措施（如电解质和维生素的补充量）。",hunyuan-turbos-20250926,85,80,75,90,80,False,False,"该数据场景真实，用户描述的保育猪腹泻情况与环境应激相符，诊断考虑了病毒性因素并提示可能的继发细菌感染，处方建议停止使用广谱抗生素并采取支持疗法，同时强调送检和重大疫病防控，整体安全合理。不足之处在于诊断未充分排除其他常见病毒性腹泻病原，病理机制解释不够深入，数据部分缺少具体检测方法和指标说明。
问题：诊断未全面覆盖其他常见病毒性腹泻病原（如轮状病毒、传染性胃肠炎）；病理机制描述较笼统，缺乏典型病变特征和鉴别要点；未明确建议送检的具体检测项目和方法",True,ERNIE-4.5-Turbo-32K,True,pass,诊断考虑了病毒性因素及环境应激，处方建议合理且安全，整体符合测试数据有效性要求。尽管存在未完全排除其他病毒性腹泻病原、病理机制描述较笼统、未明确建议送检的具体检测项目和方法等轻微不足，但不影响整体判断，可判pass。,87.0,28,18,23,20,pass,19.02,16.52,
9a8d6847-fe72-5dd8-8c74-d1a258f2e575,97,猪圆环病毒相关疾病,swine_hunyuan_turbos,hunyuan-turbos-20250926,成功,,猪,我家是100头左右保育猪，现在40多天大，最近几天发现部分猪精神沉郁、吃料减少，有的拉稀，还有几头呼吸有点急促，体温测下来在39度左右，圈舍通风一般，之前用过一些抗生素效果不明显。想问问这是啥原因，该怎么处理？,根据描述，保育猪出现精神沉郁、采食下降、腹泻及轻度呼吸道症状，结合日龄和环境条件，需重点考虑猪圆环病毒相关疾病（如PCV2感染相关的生长迟缓综合征）的可能性。该病常与其他病原混合感染，临床表现多样，且抗生素治疗无效时更支持病毒性病因。,建议立即将病猪与健康猪分群管理，改善圈舍通风与保温，适当提高环境温度以减少冷应激；采集病猪血液、组织等样品送实验室进行PCR检测明确病原；加强全群营养支持，减少应激；严禁使用未经批准的兽药或激素类促生长剂；若确诊为PCV2相关疾病，应依据当地畜牧部门指导采取相应生物安全措施，并考虑疫苗接种计划；同时排查是否合并其他病原（如支原体、副猪嗜血杆菌等），必要时针对性防控。,因涉及病毒性疾病，暂无特定药物休药期，但应确保出栏前符合当地动物卫生监管要求，并在恢复后持续监测健康状态。,"{""disease_name"": ""猪圆环病毒相关疾病"", ""severity"": ""中等至严重（视继发感染情况而定）"", ""scene_tags"": [""保育猪"", ""群体发病"", ""采食下降"", ""腹泻"", ""呼吸道症状""], ""validation_points"": [""保育猪日龄与PCV2易感期吻合"", ""症状组合符合PCV2相关疾病表现"", ""抗生素治疗无效提示非细菌性主因""], ""risk_flags"": [""可能伴随其他病原混合感染"", ""需防止疫情扩散""], ""case_type"": ""保育猪群体发病"", ""target_disease"": ""猪圆环病毒相关疾病"", ""local_flags"": {""species_ok"": true, ""target_disease_in_diagnosis"": true, ""target_disease_mismatch"": false, ""contains_specific_dose"": false, ""contains_specific_withdrawal"": false, ""regulated_bad_treatment"": false}}",False,False,,,True,False,True,D:\XF-ChongQin\ai-\knowledge\llm_wiki_swine_authoritative,1465,887,"猪圆环病毒相关疾病
猪圆环病毒相关疾病、circoviruses pcvad
保育猪群体发病
群体发病、采食下降、粪便或呼吸道异常，用户想知道主要病因和下一步处理。","{""HUMAN_REVIEWED"": 3, ""NEEDS_REVIEW"": 2}","[""A0-MOA-573"", ""SRC-0001"", ""SRC-0006"", ""SRC-0035""]",1994,24.15,ERNIE-4.5-Turbo-32K,88,28,18,23,20,False,True,"该回答整体表现良好，诊断准确性较高，症状与疾病匹配合理，处理方向安全且与疾病相互印证。但在病理逻辑和数据质量方面存在一定提升空间。
问题：病理逻辑方面，虽然诊断方向正确，但对疾病具体病理机制的阐述不够深入，缺乏对混合感染可能性的详细分析。；数据质量方面，回答中未明确提及具体的实验室检测方法或标准，对疾病确诊的依据描述不够充分。；诊断准确性方面，虽然考虑了猪圆环病毒相关疾病，但对其他可能疾病的排除依据不够明确。",hunyuan-turbos-20250926,85,90,80,90,80,False,False,"该数据整体真实可信，用户描述的保育猪症状与猪圆环病毒相关疾病相符，诊断思路合理，处理方案安全且包含必要的生物安全与检测建议，无危险用药或违规操作。不足之处在于病理机制解释较浅，缺乏对其他潜在病原的详细分析与排除依据，以及实验室检测方法的细化说明。
问题：病理机制阐述不足，未深入分析PCV2相关疾病的发病过程及与其他病原的混合感染可能性。；缺少对鉴别诊断的具体依据，例如如何排除细菌性腹泻、支原体肺炎等其他常见疾病。；实验室检测部分仅笼统提到PCR检测，未说明样本类型选择、检测流程或参考标准。",True,ERNIE-4.5-Turbo-32K,True,pass,诊断准确性较高，症状与疾病匹配合理，处理方向安全且与疾病相互印证。尽管在病理机制阐述、鉴别诊断依据和实验室检测方法细化方面存在不足，但整体内容真实可信，无危险用药或违规操作，符合筛选标准。,87.0,28,18,23,20,pass,16.58,20.36,
1640d56e-824d-577d-999c-3462432e7195,98,猪δ冠状病毒感染,swine_hunyuan_turbos,hunyuan-turbos-20250926,成功,,猪,我家有200头保育猪，平均体重25公斤左右，最近一周陆续出现拉稀，有的水样便，有的带点黏液，精神还行但采食量下降。之前用了恩诺沙星和硫酸新霉素拌料三天，效果不明显，现在想问还能继续加抗生素吗？要不要送样检测一下？猪舍温度偏低，通风一般，湿度偏高。,结合临床症状、用药史及环境因素，考虑猪δ冠状病毒感染可能性较大，同时需排除其他病毒性腹泻（如PED、TGE）及细菌性继发感染。建议通过实验室检测明确病原。,treatment_direction: 目前无特效抗病毒药物，重点在于支持疗法与对症管理，防止脱水与继发细菌感染。；management_measures: 提高舍温、改善通风降低湿度；提供清洁温水防止脱水；可在饲料或饮水中添加电解质和维生素C增强抵抗力；减少应激因素。；sampling_and_testing: 采集新鲜腹泻粪便或直肠拭子送至具备资质的实验室进行PDCoV核酸检测，必要时同步检测PEDV、TGEV等常见腹泻病毒。；prohibited_boundaries: 严禁使用未经批准的兽药或超范围用药；禁止随意出售或转移疑似染疫猪只；若检测结果阳性且符合当地规定，应按主管部门要求进行隔离、消毒或无害化处理。,因未涉及特定批准药物，无明确休药期要求；若后续使用合法兽药，须按说明书执行相应休药期。,"{""disease_name"": ""猪δ冠状病毒感染"", ""severity"": ""中等"", ""scene_tags"": [""保育猪"", ""腹泻"", ""低体温高湿环境"", ""抗菌药无效""], ""validation_points"": [""症状与PDCoV流行病学特征相符"", ""抗菌药无效提示非单纯细菌性疾病"", ""环境低温高湿利于病毒存活""], ""risk_flags"": [""存在病毒持续传播风险"", ""可能与其他腹泻病毒混合感染"", ""需警惕疫情扩散""], ""case_type"": ""腹泻用药咨询"", ""target_disease"": ""猪δ冠状病毒感染"", ""local_flags"": {""species_ok"": true, ""target_disease_in_diagnosis"": true, ""target_disease_mismatch"": false, ""contains_specific_dose"": false, ""contains_specific_withdrawal"": false, ""regulated_bad_treatment"": false}}",False,False,,,True,False,True,D:\XF-ChongQin\ai-\knowledge\llm_wiki_swine_authoritative,1465,887,"猪δ冠状病毒感染
猪δ冠状病毒感染、porcine deltacoronavirus
腹泻用药咨询
猪群腹泻后已用过常见抗菌药效果一般，用户询问是否继续用药以及是否需要送检。","{""HUMAN_REVIEWED"": 1, ""NEEDS_REVIEW"": 4}","[""A0-MOA-573"", ""SRC-0001""]",2027,27.52,ERNIE-4.5-Turbo-32K,88,28,18,23,20,False,True,"该回答在诊断准确性、病理逻辑、处方安全性和数据质量方面表现良好，整体符合猪δ冠状病毒感染的测试数据要求，无致命风险，通过评估。
问题：diagnosis_accuracy: 诊断中虽提及需排除其他病毒性腹泻（如PED、TGE）及细菌性继发感染，但未详细说明如何进一步鉴别，诊断逻辑稍显不足。；pathology_logic: 病理逻辑部分对环境因素（低温高湿）与病毒存活的关系解释不够深入，逻辑链条可进一步完善。；data_quality: 数据质量方面，场景标签和验证点较为全面，但风险标志中未明确提及人兽共患风险（尽管猪δ冠状病毒目前无人兽共患报道，但应注明以规避潜在误解）。",hunyuan-turbos-20250926,85,8,8,9,8.5,False,False,"该数据场景真实，症状与目标疾病高度吻合，诊断思路合理并提示排除其他可能病因，处理方案注重支持疗法与环境改善，避免滥用抗生素，并给出明确的采样检测与安全处置建议，无明显危险建议。不足之处在于鉴别诊断细节和环境致病机制阐述不够充分，且未明确标注人兽共患风险状态。
问题：鉴别诊断过程描述较笼统，缺乏针对PED、TGE等病毒的区分要点说明。；环境致病机制分析不足，未详细解释低温高湿如何促进病毒传播或影响病程。；未明确标注猪δ冠状病毒的人兽共患风险状态，可能引起误解。",True,ERNIE-4.5-Turbo-32K,True,pass,该回答在诊断准确性、病理逻辑、处方安全性和数据质量方面表现良好，诊断思路合理，处理方案注重支持疗法与环境改善，避免滥用抗生素，并给出明确的采样检测与安全处置建议，无明显危险建议。尽管存在鉴别诊断细节和环境致病机制阐述不够充分，且未明确标注人兽共患风险状态等轻微不足，但不影响整体判断，可通过评估。,87.0,28,18,23,20,pass,18.98,17.84,
b0ebfe8a-343d-565a-9b94-e5b669e4a078,112,非典型猪瘟病毒感染,swine_hunyuan_turbos,hunyuan-turbos-20250926,成功,,猪,我家有200多头60日龄左右的保育猪，分两栋圈养，最近一栋里陆续出现精神沉郁、食欲下降、体温升高到40℃左右的情况，已经持续一周多，另一栋暂时没明显异常。之前用过氟苯尼考和多西环素拌料，效果不明显。现在想问问能不能先当普通细菌感染治几天看看？,根据描述，保育猪群短时间内出现发热、食欲减退等症状，且常规抗生素治疗无效，提示可能存在病毒性感染。结合流行病学特征，应考虑非典型猪瘟病毒感染等病毒性疾病的可能性，同时需排除其他常见病毒如圆环病毒、蓝耳病等混合感染。,立即停止随意使用抗生素，避免掩盖病情。对发病猪进行隔离观察，采集血样、鼻拭子及粪便送实验室检测，明确病原类型。加强圈舍通风与保温，减少应激，提供清洁饮水与易消化饲料。若确诊为重大动物疫病，应按当地畜牧部门要求进行封锁、消毒、无害化处理及上报，不得私自销售或转移。严禁将病死猪流入市场。,因涉及重大疫病处置，无自行停药期概念，须按官方防控方案执行。,"{""disease_name"": ""非典型猪瘟病毒感染"", ""severity"": ""高"", ""scene_tags"": [""保育猪"", ""群体发病"", ""高热"", ""抗生素治疗无效""], ""validation_points"": [""症状符合病毒性发热型疾病特征"", ""抗生素治疗无效提示非细菌性主因"", ""存在跨栋传播风险""], ""risk_flags"": [""疑似重大动物疫病"", ""禁止私自处置""], ""case_type"": ""暴发与处置边界"", ""target_disease"": ""非典型猪瘟病毒感染"", ""local_flags"": {""species_ok"": true, ""target_disease_in_diagnosis"": true, ""target_disease_mismatch"": false, ""contains_specific_dose"": false, ""contains_specific_withdrawal"": false, ""regulated_bad_treatment"": false}}",False,False,,,True,False,True,D:\XF-ChongQin\ai-\knowledge\llm_wiki_swine_authoritative,1465,887,"非典型猪瘟病毒感染
非典型猪瘟病毒感染、atypical porcine pestivirus pestivirus infections
暴发与处置边界
同栏或多栋猪舍短期内发病增多，用户询问是否能先按普通病治疗观察。","{""HUMAN_REVIEWED"": 2, ""NEEDS_REVIEW"": 2}","[""SRC-0001"", ""SRC-0031"", ""SRC-0058""]",2221,25.23,ERNIE-4.5-Turbo-32K,88,28,18,24,18,False,True,"整体回答较好地识别了非典型猪瘟病毒感染的可能性，诊断逻辑合理，处理方向安全，符合重大疫病防控要求。
问题：诊断准确性方面，虽然识别了病毒性感染的可能性，但未充分排除其他常见病毒如圆环病毒、蓝耳病等混合感染的可能性，诊断细节可进一步完善。；病理逻辑方面，对症状与疾病之间的关联性解释稍显不足，可增加更多病理机制的分析。；数据质量方面，对用户查询的响应较为全面，但部分信息如症状描述、流行病学特征等可进一步细化，以提高数据的完整性和准确性。",hunyuan-turbos-20250926,85,80,78,90,82,False,False,"该回答正确识别出非典型猪瘟病毒感染的可能性，并强调停止盲目使用抗生素、送检确诊以及重大疫病的防控措施，安全性高且无危险建议。诊断上考虑了病毒性感染并提及可能的混合感染，但对不同病毒的鉴别分析不够深入；病理机制解释略简略；用户提供的信息已较完整，但仍有细化空间。
问题：未详细阐述非典型猪瘟与其他病毒（如圆环病毒、蓝耳病）在症状上的区别与鉴别要点；病理机制分析不足，缺少对症状与病毒致病过程的具体联系说明；流行病学背景（如接触史、周边疫情情况）未充分利用",True,ERNIE-4.5-Turbo-32K,True,pass,回答正确识别出非典型猪瘟病毒感染的可能性，并强调停止盲目使用抗生素、送检确诊以及重大疫病的防控措施，安全性高且无危险建议。诊断上考虑了病毒性感染并提及可能的混合感染，尽管对不同病毒的鉴别分析不够深入，病理机制解释略简略，但整体诊断和处置方向安全且疾病匹配，符合重大疫病防控要求。,87.0,28,18,24,18,pass,16.28,16.03,
aa7dc4b5-3729-575b-a9f3-7aee7efa01ab,113,塞内卡病毒A感染,swine_hunyuan_turbos,hunyuan-turbos-20250926,成功,,猪,我家有200多头育肥猪，现在70日龄左右，最近几天有几头出现口蹄部水泡，有的破溃结痂，体温在39℃上下，精神食欲稍差，之前用过阿莫西林饮水防继发感染，效果不明显。想问下这种情况是不是塞内卡病毒？该采哪些样送检测？怎么防止误诊耽误病情？,根据症状（口蹄部水疱、发热、精神食欲下降）及年龄阶段，考虑塞内卡病毒A感染可能性较大，但需与口蹄疫、猪水疱病等区分。建议通过实验室检测确诊。,立即隔离发病猪，减少混群接触；采集新鲜水疱液、病变组织、全血等样品送具备资质的实验室进行PCR检测；同时做好环境消毒，暂停外购猪只调入；在未确诊前避免使用广谱抗生素掩盖症状；若确诊为塞内卡病毒A感染，按非重大疫病管理，加强护理和继发感染防控；如怀疑为口蹄疫等重大疫病，应立即上报并按主管部门要求处置。,无具体药物使用情况下不涉及休药期；如需用药应严格遵循兽医处方和国家规定。,"{""disease_name"": ""塞内卡病毒A感染"", ""severity"": ""中等"", ""scene_tags"": [""育肥猪"", ""水疱性病变"", ""发热"", ""继发感染风险""], ""validation_points"": [""症状符合塞内卡病毒A特征"", ""采样类型覆盖水疱液和病变组织"", ""强调实验室确诊与鉴别诊断""], ""risk_flags"": [""需排除口蹄疫等重大动物疫病""], ""case_type"": ""采样送检咨询"", ""target_disease"": ""塞内卡病毒A感染"", ""local_flags"": {""species_ok"": true, ""target_disease_in_diagnosis"": true, ""target_disease_mismatch"": false, ""contains_specific_dose"": false, ""contains_specific_withdrawal"": false, ""regulated_bad_treatment"": false}}",False,False,,,True,False,True,D:\XF-ChongQin\ai-\knowledge\llm_wiki_swine_authoritative,1465,887,"塞内卡病毒A感染
塞内卡病毒A感染、senecavirus a picornaviruses
采样送检咨询
用户描述症状后，重点询问采什么样品、如何判断和如何避免误治。","{""HUMAN_REVIEWED"": 2, ""NEEDS_REVIEW"": 3}","[""SRC-0001"", ""SRC-0012"", ""SRC-0083""]",2046,25.31,ERNIE-4.5-Turbo-32K,88,28,18,24,18,False,True,"整体回答质量较高，诊断准确性、处方安全性和逻辑性较好，数据质量基本满足要求，无明显致命风险。
问题：诊断准确性方面，虽然症状描述符合塞内卡病毒A感染特征，但未充分说明与其他类似疾病（如口蹄疫、猪水疱病）的鉴别要点，导致诊断准确性评分略有扣分。；病理逻辑方面，对疾病发展过程和病理机制的阐述不够深入，逻辑性评分稍低。；数据质量方面，症状描述和采样建议较为全面，但缺乏对猪群整体健康状况的评估，数据质量评分略有扣分。",hunyuan-turbos-20250926,85,80,78,90,82,False,False,"回答总体合理，能结合症状、年龄推测塞内卡病毒A感染并提示鉴别诊断，采样送检建议明确，处理措施兼顾生物安全和疫情上报要求，未给出具体药物剂量或休药期承诺，安全性良好。不足在于鉴别诊断细节不足，病理机制解释较浅，缺少对群体健康状态的评估。
问题：未详细列出与口蹄疫、猪水疱病的鉴别要点，可能影响诊断准确性。；对塞内卡病毒A感染的病理过程和发展规律解释不足。；缺乏对猪群整体健康状况的评估信息。",True,ERNIE-4.5-Turbo-32K,True,pass,回答整体质量较高，诊断方向合理，结合症状和年龄推测塞内卡病毒A感染，并提示需与口蹄疫、猪水疱病等鉴别诊断，采样送检建议明确，处理措施兼顾生物安全和疫情上报要求，未给出具体药物剂量或休药期承诺，安全性良好。尽管存在鉴别诊断细节不足、病理机制解释较浅、缺乏对猪群整体健康状况评估等轻微不足，但不影响整体诊断和处置方向，数据质量基本满足要求，无明显致命风险。,87.0,28,18,24,18,pass,16.41,15.41,
f6daba2c-e01d-5731-b9dc-f8af9ea56b3a,124,副猪嗜血杆菌病,swine_hunyuan_turbos,hunyuan-turbos-20250926,成功,,猪,我场有300多头60日龄左右的保育猪，这几天陆续有几头精神差、不吃料、体温高到40度多，有的还出现关节肿胀、呼吸急促，昨天又死了两头。之前用过阿莫西林饮水，效果不明显。现在隔壁栏也开始有类似情况，这种情况能不能先当普通细菌感染治着看？,根据描述，保育猪群短时间内出现高热、食欲下降、关节肿胀、呼吸急促及死亡，且抗生素治疗反应不佳，符合副猪嗜血杆菌病的典型表现。该病可引起多发性浆膜炎、关节炎、脑膜炎等，病情进展快，易在密集饲养条件下扩散。需警惕场内暴发风险。,立即将发病猪与健康猪分群隔离，减少混群传播；加强圈舍通风与保温，降低应激；对病猪进行支持性护理（补液、降温）；采集病死猪的关节液、心血、肺组织送实验室确诊；在未排除重大疫病前，暂停常规抗菌治疗，避免掩盖症状延误处置；若确诊为副猪嗜血杆菌病，可在兽医指导下选用敏感抗生素控制继发感染，并配合改善饲养管理。严禁自行使用禁用药物或超量用药。,如经确诊并使用药物治疗，应严格遵守所用药物的停药期规定，并在出栏前确保药物残留检测合格后方可销售。,"{""disease_name"": ""副猪嗜血杆菌病"", ""severity"": ""高"", ""scene_tags"": [""保育猪"", ""高热"", ""关节肿胀"", ""呼吸急促"", ""死亡率上升"", ""群发""], ""validation_points"": [""症状符合副猪嗜血杆菌病的多系统表现"", ""抗生素治疗无效提示可能非单一细菌感染"", ""群发趋势提示存在传染风险""], ""risk_flags"": [""疑似重大动物疫病风险"", ""潜在人畜共患病监测需求"", ""需及时送检确诊""], ""case_type"": ""暴发与处置边界"", ""target_disease"": ""副猪嗜血杆菌病"", ""local_flags"": {""species_ok"": true, ""target_disease_in_diagnosis"": true, ""target_disease_mismatch"": false, ""contains_specific_dose"": false, ""contains_specific_withdrawal"": false, ""regulated_bad_treatment"": false}}",False,False,,,True,False,True,D:\XF-ChongQin\ai-\knowledge\llm_wiki_swine_authoritative,1465,887,"副猪嗜血杆菌病
副猪嗜血杆菌病、gl sser s disease
暴发与处置边界
同栏或多栋猪舍短期内发病增多，用户询问是否能先按普通病治疗观察。","{""HUMAN_REVIEWED"": 2, ""NEEDS_REVIEW"": 2}","[""SRC-0001"", ""SRC-0023"", ""SRC-0066"", ""SRC-0070""]",2221,30.14,ERNIE-4.5-Turbo-32K,88,28,18,23,20,False,True,"该回答对副猪嗜血杆菌病的诊断准确，症状描述与疾病特征高度匹配，诊断逻辑合理，处理方向安全且与疾病相互印证。处方中强调了送检确诊的重要性，避免了误诊风险，同时提出了合理的隔离和管理措施。数据质量方面，症状描述和场景标签较为全面，但可进一步补充具体数据支持。
问题：诊断准确性方面，虽然症状匹配度高，但未提及具体诊断依据或鉴别诊断，可进一步增强说服力。；病理逻辑方面，对疾病传播机制和风险因素的阐述略显不足，可补充更多细节。；处方安全性方面，虽然强调了送检和避免自行用药，但未提供具体的敏感抗生素选择建议，可能影响实际操作的指导性。；数据质量方面，场景标签和验证点较为全面，但缺乏具体的数据支持，如发病率、死亡率等，可进一步补充。",hunyuan-turbos-20250926,85,90,80,85,80,False,False,"该案例针对保育猪群急性发热、关节肿胀、呼吸急促等症状，结合病程进展快、抗生素治疗无效等特点，诊断为副猪嗜血杆菌病，诊断与症状匹配度高，处理方案强调隔离、送检确诊、支持性护理及避免盲目用药，整体安全可控。不足之处在于未明确列出鉴别诊断思路，对传播机制和风险因素解释不够详细，缺少具体敏感抗生素推荐，以及缺乏量化数据支撑。
问题：未明确列出鉴别诊断过程，可能削弱诊断说服力；对副猪嗜血杆菌的传播途径、易感因素及防控要点阐述不足；未给出具体的敏感抗生素类别建议，影响实际操作指导；缺乏发病率、死亡率等量化数据支持",True,ERNIE-4.5-Turbo-32K,True,pass,诊断与症状匹配度高，处理方案安全合理，强调了送检确诊和避免盲目用药的重要性，符合副猪嗜血杆菌病的处置原则。尽管存在鉴别诊断思路不明确、传播机制解释不足、缺乏敏感抗生素推荐和量化数据支持等轻微不足，但不影响整体诊断和处置方向的安全性及有效性。,87.0,28,18,23,20,pass,20.71,20.64,
e74dc0c7-5ded-5fc2-b83f-7d32e95fa089,125,猪钩端螺旋体病,swine_hunyuan_turbos,hunyuan-turbos-20250926,成功,,猪,我们这边是个200头基础母猪的种猪场，最近一个月陆续有怀孕后期母猪发生流产，还有几窝产下死胎比例很高，部分母猪发情不规律甚至返情。场内也有一头公猪精液活力下降。周边听说有人养的猪得过钩端螺旋体病，现在很担心是不是这个病，还能不能继续配种？,根据描述，该场存在妊娠母猪流产、死胎率高、返情及公猪精液质量下降等表现，符合猪钩端螺旋体病的典型繁殖障碍特征。该病在种猪群中可引起隐性感染或急性发病，尤其在地方性流行区更常见。结合流行病学史（周边有病例），高度怀疑为猪钩端螺旋体病引起的繁殖障碍。,立即暂停配种计划，防止垂直传播和水平扩散；对全场种猪进行血清学和病原学检测，明确感染情况；加强生物安全，限制人员、车辆流动，消毒圈舍及用具；对阳性个体采取隔离或淘汰措施；工作人员佩戴防护装备，注意职业暴露防护；必要时联系当地畜牧兽医部门按重大疫病防控流程处理。,因未使用特定药物，无直接休药期规定；若后续使用抗生素，应依据所用药品说明执行相应停药期并遵守检疫要求。,"{""disease_name"": ""猪钩端螺旋体病"", ""severity"": ""中等至严重（可导致繁殖损失）"", ""scene_tags"": [""种猪场"", ""繁殖障碍"", ""流产"", ""死胎"", ""公猪精液异常""], ""validation_points"": [""妊娠母猪流产、死胎率升高"", ""母猪返情或不规律发情"", ""公猪精液活力下降"", ""周边存在同类病例""], ""risk_flags"": [""职业性人兽共患风险"", ""可能持续存在于环境中"", ""需专业检测和防控""], ""case_type"": ""种猪繁殖障碍"", ""target_disease"": ""猪钩端螺旋体病"", ""local_flags"": {""species_ok"": true, ""target_disease_in_diagnosis"": true, ""target_disease_mismatch"": false, ""contains_specific_dose"": false, ""contains_specific_withdrawal"": false, ""regulated_bad_treatment"": false}}",False,False,,,True,False,True,D:\XF-ChongQin\ai-\knowledge\llm_wiki_swine_authoritative,1465,887,"猪钩端螺旋体病
猪钩端螺旋体病、leptospirosis
种猪繁殖障碍
种猪场出现流产、死胎、返情或公猪异常，用户担心传染病和是否继续配种。","{""HUMAN_REVIEWED"": 2, ""NEEDS_REVIEW"": 2}","[""SRC-0001"", ""SRC-0067""]",2220,23.69,ERNIE-4.5-Turbo-32K,88,28,18,24,18,False,True,"该回答整体表现良好，诊断准确性较高，症状与疾病匹配合理，诊断逻辑清晰，处理方向安全且与疾病相互印证。数据质量基本满足要求，无明显错误。
问题：diagnosis_accuracy: 诊断准确性较高，但未完全覆盖所有可能症状，如未提及部分母猪可能出现的发热、食欲不振等非特异性症状。；pathology_logic: 病理逻辑基本合理，但未详细解释钩端螺旋体病如何导致繁殖障碍的具体机制。；prescription_safety: 处方安全，但未提及具体检测方法和检测频率，可能影响防控效果。；data_quality: 数据质量基本满足要求，但场景标签和验证点可以更详细，以增强数据的全面性和准确性。",hunyuan-turbos-20250926,85,8,8,9,8.5,False,False,"该数据整体真实可信，用户描述的养殖背景、临床症状与猪钩端螺旋体病的典型繁殖障碍特征相符，诊断思路合理且考虑了流行病学史，处理方案安全且包含必要的生物安全措施，未发现危险建议。不足之处在于诊断未涵盖全部可能症状，病理机制解释不够深入，以及防控措施细节可进一步细化。
问题：诊断未提及可能的非特异性症状（如发热、食欲下降）；未详细说明钩端螺旋体病引起繁殖障碍的机制；防控措施缺少检测方法、频率等细节",True,ERNIE-4.5-Turbo-32K,True,pass,诊断与用户描述的症状及流行病学史高度匹配，疾病特征与繁殖障碍关联合理，处置方向安全且符合防控要求。尽管存在未提及非特异性症状、病理机制解释不够深入、防控措施细节不足等轻微不足，但整体数据质量较高，不影响核心判断，可作为有效数据。,87.0,28,18,24,18,pass,15.77,17.91,
30f07f78-d809-502b-9867-256c1dd0756c,127,猪增生性肠炎,swine_hunyuan_turbos,hunyuan-turbos-20250926,成功,,猪,我家有120头育肥猪，平均体重在40公斤左右，最近一周陆续出现拉稀的情况，有的粪便是黄色稀糊状，有的带少量血丝，个别猪精神稍差，采食量下降。之前没有用过抗生素，圈舍通风一般，温度昼夜温差大。想问问这种情况是病毒性还是细菌性或者寄生虫引起的？需要怎么采样送检？,根据日龄、病程及粪便性状，考虑可能为细菌性腹泻如猪增生性肠炎（Lawsonia intracellularis感染），也可能与病毒性腹泻（如轮状病毒、冠状病毒等）或寄生虫（如球虫）有关。需结合实验室检测区分病因。,建议立即隔离病猪并加强圈舍保温与通风，减少应激；采集新鲜粪便样品送实验室进行病原学检测（包括细菌培养、PCR检测Lawsonia intracellularis、病毒抗原检测及寄生虫卵检查）；在未确诊前避免使用广谱抗生素以防掩盖病情；若确诊为猪增生性肠炎，应按兽医指导使用敏感药物，并配合改善饲养管理；严禁私自使用未经批准的兽药。,因未明确病原及用药方案，暂无法给出具体休药期，须依据最终检测结果及所用药物确定。,"{""disease_name"": ""猪增生性肠炎"", ""severity"": ""中等"", ""scene_tags"": [""腹泻"", ""育肥猪"", ""多因素鉴别""], ""validation_points"": [""按日龄和病程分层鉴别腹泻原因"", ""结合粪便性状判断可能病原类型"", ""强调采样送检的重要性""], ""risk_flags"": [""需排除病毒性腹泻"", ""需排除寄生虫感染"", ""潜在细菌性疾病""], ""case_type"": ""腹泻采样送检"", ""target_disease"": ""猪增生性肠炎"", ""local_flags"": {""species_ok"": true, ""target_disease_in_diagnosis"": true, ""target_disease_mismatch"": false, ""contains_specific_dose"": false, ""contains_specific_withdrawal"": false, ""regulated_bad_treatment"": false}}",False,False,,,True,False,True,D:\XF-ChongQin\ai-\knowledge\llm_wiki_swine_authoritative,1465,887,"猪增生性肠炎
猪增生性肠炎、proliferative enteropathy lawsonia intracellularis
腹泻采样送检
用户描述粪便性状、日龄和病程，重点询问如何鉴别病毒性、细菌性或寄生虫性腹泻。","{""HUMAN_REVIEWED"": 2, ""NEEDS_REVIEW"": 2}","[""A0-MOA-573"", ""RC-DIARRHEA-001"", ""SRC-0001"", ""SRC-0052"", ""SRC-0062"", ""SRC-0063"", ""SRC-0064"", ""SRC-0071"", ""SRC-0072"", ""SRC-0073"", ""SRC-0077"", ""SRC-0081""]",2221,32.53,ERNIE-4.5-Turbo-32K,88,28,18,24,18,False,True,"该回答整体表现良好，诊断考虑全面，鉴别诊断逻辑清晰，处理方向安全合理，数据质量较高。诊断准确度较高，考虑了细菌性、病毒性和寄生虫性腹泻的可能性，并建议实验室检测以明确病因。病理逻辑合理，但未详细说明不同病原的鉴别要点。处方安全，强调了隔离、保温、通风和采样送检的重要性，避免了盲目使用抗生素。数据质量较高，但部分信息如休药期未明确给出。
问题：诊断部分虽考虑全面，但未详细说明不同病原（细菌、病毒、寄生虫）的鉴别要点，如病毒性腹泻通常伴随发热、呕吐等症状，寄生虫性腹泻可能伴随体重下降等。；病理逻辑部分对猪增生性肠炎的特异性症状（如回肠黏膜增厚、坏死等）描述不足，未充分体现其与病毒性、寄生虫性腹泻的病理差异。；数据质量部分，虽提供了详细的场景标签和验证点，但休药期信息未明确给出，可能影响后续治疗的规范性。",hunyuan-turbos-20250926,85,90,80,95,85,False,False,"回答覆盖了可能的细菌性、病毒性与寄生虫性腹泻原因，并结合临床症状提出实验室检测建议，诊断思路完整且安全。处方强调先检测再治疗，避免滥用抗生素，符合生物安全要求。不足之处在于未详细阐述不同病原的鉴别特征以及猪增生性肠炎的特异性病理变化，导致病理逻辑略显笼统。
问题：未详细说明病毒性、细菌性、寄生虫性腹泻的典型临床与病理区别；对猪增生性肠炎的特异性病变（如回肠黏膜增厚、坏死）缺乏描述；休药期信息缺失，可能影响后续用药规范",True,ERNIE-4.5-Turbo-32K,True,pass,回答整体表现良好，诊断考虑全面，涵盖了细菌性、病毒性和寄生虫性腹泻的可能性，并建议实验室检测以明确病因，符合安全合理的诊断逻辑。处方强调了隔离、保温、通风和采样送检的重要性，避免了盲目使用抗生素，符合生物安全要求。尽管未详细说明不同病原的鉴别要点和猪增生性肠炎的特异性病理变化，但这些不足不影响整体诊断和处置方向的安全性，且回答提供了明确的实验室检测建议，有助于后续确诊和治疗。,87.0,28,18,24,18,pass,21.25,13.86,
58b61f29-f785-53de-883e-58a9440af584,128,猪葡萄球菌病,swine_hunyuan_turbos,hunyuan-turbos-20250926,成功,,猪,我家有200头70日龄左右的育肥猪，这几天陆续发现几头猪背脊、耳根、腹部皮肤发红、渗油亮液体，毛竖起，有些地方结痂，精神食欲还行，但生长慢了。之前按链球菌打了几天阿莫西林和恩诺沙星，没见明显好转。圈舍通风一般，湿度偏高，想问是不是该换别的药？,根据描述，皮肤潮红、渗出性结痂、局部毛发竖立等特征符合猪葡萄球菌病（渗出性表皮炎）的典型表现。该病由金黄色葡萄球菌属的Staphylococcus hyicus引起，常在潮湿、拥挤、外伤或应激条件下发生，常继发于其他感染或管理不良。,treatment_direction: 针对细菌感染，可选用对革兰氏阳性菌有效的抗生素，如β-内酰胺类、林可霉素类或氟喹诺酮类，但需依据药敏结果调整；配合局部清洁消毒（温和去痂、擦干后涂抹抗菌软膏），减少继发感染。；management_measures: 改善圈舍通风与干燥条件，降低饲养密度，防止打斗造成皮肤损伤；及时清理粪污，保持栏面干燥；隔离严重病例，防止接触传播。；sampling_and_testing: 采集病变皮肤拭子或组织样本送实验室进行细菌培养及药敏试验，明确致病菌种及敏感药物；必要时做PCR鉴别Staphylococcus hyicus。；prohibited_boundaries: 不得使用未经批准的兽药或超范围使用处方药；禁止在食品动物中使用禁药；若怀疑为重大动物疫病或人兽共患病，应立即报告并配合隔离、检测等措施。,具体休药期须依据所用药物标签及国家法规确定，并在停药期结束前不得屠宰上市。,"{""disease_name"": ""猪葡萄球菌病"", ""severity"": ""中等"", ""scene_tags"": [""育肥猪"", ""皮肤渗出性病变"", ""潮湿环境"", ""抗生素治疗无效""], ""validation_points"": [""症状与猪葡萄球菌病典型临床表现一致"", ""管理因素（高湿、通风差）符合发病诱因"", ""前期用药未见效提示可能耐药或病原不符""], ""risk_flags"": [""可能存在耐药菌株"", ""环境管理不当易复发"", ""需排除其他皮肤病原混合感染""], ""case_type"": ""育肥猪用药咨询"", ""target_disease"": ""猪葡萄球菌病"", ""local_flags"": {""species_ok"": true, ""target_disease_in_diagnosis"": true, ""target_disease_mismatch"": false, ""contains_specific_dose"": false, ""contains_specific_withdrawal"": false, ""regulated_bad_treatment"": false}}",False,False,,,True,False,True,D:\XF-ChongQin\ai-\knowledge\llm_wiki_swine_authoritative,1465,887,"猪葡萄球菌病
猪葡萄球菌病、staphylococcosis exudative epidermitis
育肥猪用药咨询
育肥猪出现典型症状，用户已经用过常见药物但效果一般，询问是否继续用药。","{""HUMAN_REVIEWED"": 3, ""NEEDS_REVIEW"": 2}","[""SRC-0001"", ""SRC-0012"", ""SRC-0015"", ""SRC-0074"", ""SRC-0076""]",2119,30.1,ERNIE-4.5-Turbo-32K,88,28,18,23,20,False,True,"整体回答质量较高，诊断准确，症状与疾病匹配，管理措施合理，处方安全，数据质量较好，无明显致命风险。
问题：诊断部分对症状与疾病匹配的描述稍显简略，可进一步细化症状与猪葡萄球菌病的关联性。；病理逻辑部分对发病诱因的阐述可更深入，如具体说明潮湿环境如何促进细菌繁殖。；数据质量部分，场景标签和验证点可更丰富，以增强数据的全面性和可信度。",hunyuan-turbos-20250926,85,90,85,90,80,False,False,"该数据场景真实，用户描述的皮肤潮红、渗液、结痂等症状与猪葡萄球菌病高度吻合，诊断准确且病因解释合理。治疗方案强调药敏检测和局部护理，避免盲目用药，管理措施符合防控原则，未出现危险建议。不足之处在于症状与疾病的关联分析可更细致，病理机制与管理因素的联系可加强，数据标签和验证点不够丰富。
问题：症状与猪葡萄球菌病的关联性描述较简略，缺乏细节化对应。；病理机制中环境因素与发病机制的联系可进一步深化。；数据质量方面缺少更多场景标签和验证点。",True,ERNIE-4.5-Turbo-32K,True,pass,诊断准确，症状与猪葡萄球菌病高度吻合，治疗方案和管理措施合理且安全，无明显致命风险。尽管在症状与疾病关联性描述、病理机制阐述及数据质量方面存在轻微不足，但不影响整体数据的有效性和参考价值。,87.0,28,18,23,20,pass,16.66,14.45,
48d62f4e-918b-589b-b84c-d275e43aacab,131,猪虱病,swine_hunyuan_turbos,hunyuan-turbos-20250926,成功,,猪,我家是50头左右的自繁自养场，最近15公斤左右的保育猪陆续出现抓痒、掉毛、皮肤上有小黑点，个别猪精神差、吃料慢、长得慢，圈舍比较潮湿，之前用过伊维菌素拌料驱过一次线虫，但没见明显好转，想问问是不是虱子或者别的什么寄生虫？,根据描述，保育猪出现持续性瘙痒、皮肤附着黑色颗粒状物、生长缓慢等症状，结合圈舍潮湿及曾用驱线虫药无效的情况，高度怀疑为猪虱病。确诊需在体表毛发间找到活的虱或黏附的虫卵。,treatment_direction: 使用经批准的体外驱虫药进行全群处理，重点针对体表寄生虫；可配合改善圈舍通风干燥条件以减少再感染机会。；management_measures: 清理圈舍粪便和垫料，保持干燥清洁；对用具和环境进行杀虫处理；分群饲养减少交叉接触。；sampling_and_testing: 采集可疑部位毛发，在放大镜下查找活虱或虫卵；必要时送实验室做形态学鉴定。；contraindications_and_boundaries: 严禁使用未经批准的药物或超范围用药；若发现大量死亡、高热、全身出血等异常，应立即隔离并报告当地畜牧兽医部门排查重大疫病。,按所用药物说明书规定执行，确保上市前达到安全休药期。,"{""disease_name"": ""猪虱病"", ""severity"": ""中等"", ""scene_tags"": [""保育猪"", ""群体发病"", ""皮肤瘙痒"", ""潮湿环境""], ""validation_points"": [""瘙痒与皮肤附着物提示体外寄生虫可能"", ""常规驱线虫药无效支持虱病判断"", ""确诊依赖镜检发现虱或虫卵""], ""risk_flags"": [""需排除其他皮肤病与人畜共患病"", ""防止环境再感染""], ""case_type"": ""寄生虫群体发病"", ""target_disease"": ""猪虱病"", ""local_flags"": {""species_ok"": true, ""target_disease_in_diagnosis"": true, ""target_disease_mismatch"": false, ""contains_specific_dose"": false, ""contains_specific_withdrawal"": false, ""regulated_bad_treatment"": false}}",False,False,,,True,False,True,D:\XF-ChongQin\ai-\knowledge\llm_wiki_swine_authoritative,1465,887,"猪虱病
猪虱病、external parasites lice
寄生虫群体发病
猪群出现腹泻、消瘦、皮肤瘙痒或生长慢，用户怀疑寄生虫。","{""HUMAN_REVIEWED"": 3, ""NEEDS_REVIEW"": 2}","[""SRC-0001"", ""SRC-0080"", ""SRC-0082""]",2133,25.6,ERNIE-4.5-Turbo-32K,90,28,18,24,20,False,True,"该测试数据整体质量较高，诊断准确性、病理逻辑、处方安全性和数据质量均表现良好，无明显致命风险，符合通过标准。
问题：diagnosis_accuracy: 诊断准确性得分略低，主要因未完全覆盖所有可能症状（如腹泻未直接关联）；pathology_logic: 病理逻辑得分中等，因未详细解释潮湿环境与虱病发展的直接关联；data_quality: 数据质量得分中等，因风险标志中未明确提及人畜共患病具体排查措施",hunyuan-turbos-20250926,85,80,75,90,80,False,False,"该数据整体真实可信，用户描述的场景与猪虱病的典型症状相符，诊断思路合理且包含必要的确诊方法，处方方向正确并强调了环境管理和安全用药原则，未发现危险建议。不足之处在于诊断部分未全面覆盖所有相关症状，病理机制解释不够深入，以及未明确人畜共患病排查的具体措施。
问题：诊断未充分涵盖可能伴随的其他症状（如腹泻）；未详细阐述圈舍潮湿与虱病发生的直接关系；缺乏针对人畜共患病的明确排查提示",True,ERNIE-4.5-Turbo-32K,True,pass,该测试数据整体质量较高，用户描述的场景与猪虱病的典型症状相符，诊断思路合理且包含必要的确诊方法，处方方向正确并强调了环境管理和安全用药原则，未发现危险建议。尽管存在诊断未充分涵盖可能伴随的其他症状、未详细阐述圈舍潮湿与虱病发生的直接关系、缺乏针对人畜共患病的明确排查提示等轻微不足，但不影响整体判断，可判pass。,87.0,28,18,24,20,pass,16.48,17.9,
f2bc37f9-abc1-50b9-a080-addcc8bd9f67,133,猪隐孢子虫病,swine_hunyuan_turbos,hunyuan-turbos-20250926,成功,,猪,我家是50头母猪自繁自养场，最近刚断奶的保育猪（约35日龄）有8头陆续拉水样稀粪，精神差、吃奶少、喝水多，有的已经明显消瘦脱水。圈舍湿度大、通风一般，之前用过恩诺沙星拌料两天没见好转。请问这是啥原因？该怎么处理？,根据描述，该批保育猪在断奶应激、圈舍湿冷环境下出现水样腹泻、采食下降及脱水，提示可能存在猪隐孢子虫病，但该病常与其他肠道病原（如大肠杆菌、轮状病毒等）混合感染，需结合粪便镜检或PCR检测确诊。同时应排除细菌性肠炎、病毒性腹泻等其他因素。,1. 立即改善饲养管理：提高圈舍温度，减少湿度，加强通风，保证饮水清洁；2. 对腹泻严重个体进行补液防脱水，可使用口服补液盐或静脉补液；3. 采集新鲜粪便送实验室检测隐孢子虫及其他病原，明确混合感染情况；4. 在未确诊前避免使用可能无效或不必要的抗生素；5. 若确诊隐孢子虫阳性且为混合感染，可在兽医指导下考虑使用特定抗球虫类药物并配合支持疗法；6. 严格隔离病猪，防止水平传播；7. 禁止将病猪随意出售或屠宰，等待检测结果决定后续处置方案。,由于涉及潜在人畜共患病风险及监管处置边界，需在确诊后依据当地畜牧兽医部门指导意见确定停药与出栏时间，不得擅自销售或屠宰。,"{""disease_name"": ""猪隐孢子虫病"", ""severity"": ""中等至重度（取决于脱水程度与混合感染情况）"", ""scene_tags"": [""保育猪"", ""断奶应激"", ""高湿环境"", ""水样腹泻"", ""脱水""], ""validation_points"": [""符合隐孢子虫易发日龄与环境条件"", ""症状与文献描述的腹泻、采食下降一致"", ""强调混合感染可能性与实验室确诊必要性""], ""risk_flags"": [""需实验室确诊"", ""存在混合感染风险"", ""需隔离防控""], ""case_type"": ""腹泻群体发病"", ""target_disease"": ""猪隐孢子虫病"", ""local_flags"": {""species_ok"": true, ""target_disease_in_diagnosis"": true, ""target_disease_mismatch"": false, ""contains_specific_dose"": false, ""contains_specific_withdrawal"": false, ""regulated_bad_treatment"": false}}",False,False,,,True,False,True,D:\XF-ChongQin\ai-\knowledge\llm_wiki_swine_authoritative,1465,887,"猪隐孢子虫病
猪隐孢子虫病、cryptosporidiosis protozoa
腹泻群体发病
同窝或同栏出现水样腹泻、脱水、采食下降，用户想知道主要病因和紧急处理。","{""HUMAN_REVIEWED"": 3, ""NEEDS_REVIEW"": 2}","[""SRC-0001"", ""SRC-0006"", ""SRC-0081""]",2069,27.88,ERNIE-4.5-Turbo-32K,85,27,18,22,18,False,True,"该回答整体表现良好，诊断准确性较高，考虑到了猪隐孢子虫病的可能性及混合感染的情况，病理逻辑合理，处方安全且符合疾病处理原则，数据质量基本满足要求。
问题：诊断准确性方面，虽然考虑到了隐孢子虫病，但对其他可能病原的排除不够详细，仅提及需结合检测确诊，未充分展开分析。；病理逻辑上，对疾病发生的环境因素（如圈舍湿度大、通风一般）与疾病关系的阐述不够深入。；数据质量方面，虽然提供了疾病名称、严重程度、场景标签等，但对疾病的具体病理机制、流行病学特点等描述不够详细。；处方中未明确提及抗球虫药物的具体名称及使用剂量（仅在确诊后提及在兽医指导下使用），略显不足。",hunyuan-turbos-20250926,88,90,85,95,85,False,False,"该回答总体准确、安全，考虑了猪隐孢子虫病的可能性和混合感染风险，并结合现场环境提出改进措施，处方无危险建议，并在人畜共患病防控上有安全边界。不足之处在于对其他病原的分析较简略，环境致病机理阐述不够深入，部分细节可更完善。
问题：对其他可能病原（如大肠杆菌、轮状病毒等）的鉴别诊断分析不够详细；圈舍环境与疾病发生关系的病理机制解释不足；未提供抗球虫药物类别说明，虽非必须，但可增加实用性",True,ERNIE-4.5-Turbo-32K,True,pass,该回答诊断准确性较高，考虑了猪隐孢子虫病的可能性及混合感染的情况，病理逻辑合理，处方安全且符合疾病处理原则。虽然对其他可能病原的分析较简略，环境致病机理阐述不够深入，且未提供抗球虫药物类别说明，但整体不影响回答的有效性和安全性，数据质量基本满足要求。,87.0,27,18,22,18,pass,19.87,16.06,
e1bb2341-1503-59c2-889a-8d84b771c6d0,138,猪肾虫病,swine_hunyuan_turbos,hunyuan-turbos-20250926,成功,,猪,我家有120头育肥猪，平均体重在60公斤左右，最近发现个别猪精神沉郁、食欲下降，尿液颜色偏深，有的还出现轻度跛行。圈舍是水泥地面，通风一般，之前没做过驱虫。想问这种情况是不是要全群打药？环境怎么处理？要不要做检查再决定？,根据描述的症状（精神沉郁、食欲减退、尿液颜色异常、偶见跛行）及饲养环境，结合猪肾虫病的流行病学特点，高度怀疑为猪肾虫病。该病由Stephanurus dentatus引起，其幼虫可在肝脏移行形成乳斑样病变，成虫寄生于肾周囊并与输尿管相通，导致尿液中出现虫卵并引发泌尿系统炎症，严重时可引起肾功能障碍和跛行。,建议立即进行粪便镜检和尿液虫卵检测，必要时采集肝脏组织进行病理学检查以确诊。对阳性个体应实施隔离饲养，防止继续污染圈舍环境。圈舍需彻底清扫、高压冲洗，并对地面缝隙、墙角、饮水器周边进行消毒，减少虫卵存活机会。加强通风，降低湿度，改善饲养密度。驱虫措施应在确诊后依据检测结果选择安全有效的驱虫药，并在专业人员指导下使用。严禁在未确诊前随意投喂驱虫药。,因涉及食品安全和法规限制，具体休药期和停药时间须依据所用驱虫药的说明书及当地监管部门规定执行，不得擅自缩短或忽略。,"{""disease_name"": ""猪肾虫病"", ""severity"": ""中等至高"", ""scene_tags"": [""育肥猪"", ""水泥地面"", ""通风不良"", ""未驱虫史""], ""validation_points"": [""症状与猪肾虫病典型表现相符"", ""饲养环境与传播途径匹配"", ""建议通过实验室检测确诊""], ""risk_flags"": [""可能波及全群"", ""存在环境污染风险"", ""需专业指导用药""], ""case_type"": ""驱虫和环境管理"", ""target_disease"": ""猪肾虫病"", ""local_flags"": {""species_ok"": true, ""target_disease_in_diagnosis"": true, ""target_disease_mismatch"": false, ""contains_specific_dose"": false, ""contains_specific_withdrawal"": false, ""regulated_bad_treatment"": false}}",False,False,,,True,False,True,D:\XF-ChongQin\ai-\knowledge\llm_wiki_swine_authoritative,1465,887,"猪肾虫病
猪肾虫病、stephanurus dentatus kidney worm
驱虫和环境管理
用户询问是否需要全群处理、环境清理和复查方式。","{""HUMAN_REVIEWED"": 3, ""NEEDS_REVIEW"": 2}","[""SRC-0001"", ""SRC-0026"", ""SRC-0028"", ""SRC-0082""]",2149,29.38,ERNIE-4.5-Turbo-32K,88,28,18,23,20,False,True,"该回答对猪肾虫病的诊断、病理逻辑、处方安全性和数据质量进行了全面评估，整体表现良好，符合测试数据的有效性要求。诊断准确性较高，症状与疾病匹配，病理逻辑清晰，处方安全合理，数据质量较高。
问题：诊断准确性方面，虽然症状与猪肾虫病典型表现相符，但未完全覆盖所有可能症状，如肝脏病变的具体表现，因此扣2分。；病理逻辑方面，对猪肾虫病的病理过程描述较为清晰，但未详细解释跛行与泌尿系统炎症之间的直接联系，扣2分。；处方安全性方面，整体建议合理，但未明确提及驱虫药的具体选择原则，扣2分。；数据质量方面，虽然提供了详细的场景标签和验证点，但风险标志的描述略显笼统，扣5分。",hunyuan-turbos-20250926,85,8.5,8.5,9,7.5,False,False,"该回答对猪肾虫病的诊断、病理机制、防治措施及安全边界均有较完整阐述，症状与疾病匹配度高，处方建议谨慎且强调先检测后用药，未出现危险建议。不足之处在于部分细节不够深入，例如跛行与泌尿炎症的关联解释不足，以及驱虫药选择原则未细化。
问题：未充分解释跛行与泌尿系统炎症的直接关系；驱虫药选择原则未具体化；风险提示可更细致",True,ERNIE-4.5-Turbo-32K,True,pass,回答对猪肾虫病的诊断、病理机制、防治措施及安全边界均有较完整阐述，症状与疾病匹配度高，处方建议谨慎且强调先检测后用药，未出现危险建议。尽管存在部分细节不够深入的问题，如跛行与泌尿系统炎症的关联解释不足、驱虫药选择原则未细化，但整体内容安全且疾病匹配，符合测试数据的有效性要求。,87.0,28,18,23,20,pass,18.65,17.94,
1c32d35e-00fe-5156-8fbd-8e9f1e6f9683,143,猪富马毒素中毒,swine_hunyuan_turbos,hunyuan-turbos-20250926,成功,,猪,我家有200头育肥猪，平均体重80公斤左右，最近换了新一批玉米饲料后，大概三四天就陆续出现采食量明显下降、个别猪呕吐、有的呼吸急促，还有两头母猪流产了。之前没用过这种玉米，想问问是不是饲料有问题？,结合更换饲料史及临床表现（采食下降、呕吐、呼吸急促、母猪流产），高度怀疑为猪富马毒素中毒。该病由饲料中富马毒素引起，可导致肺水肿、肝功能受损及生殖障碍。建议立即停喂可疑饲料并送检分析毒素含量。,treatment_direction: 停用可疑饲料，提供清洁饮水和易消化饲料；对呼吸困难个体给予支持性护理，必要时输氧；监测体温、呼吸频率及精神状态。；management_measures: 清理料槽残留，防止继续摄入毒素；加强通风，降低舍内氨气浓度；观察全群健康变化，记录发病与死亡情况。；sampling_and_testing: 采集剩余可疑饲料送实验室检测富马毒素含量；有条件可做血液生化检查评估肝肾功能。；prohibited_boundaries: 严禁使用未经批准的排毒剂或抗生素掩盖症状；禁止将可疑饲料转售或饲喂其他动物；若检出毒素超标，应按当地监管部门要求处置。,因属中毒事件，无药物休药期概念；在确认饲料安全前不应出栏或屠宰。,"{""disease_name"": ""猪富马毒素中毒"", ""severity"": ""中等至严重"", ""scene_tags"": [""饲料更换"", ""育肥猪"", ""母猪流产"", ""呼吸急促""], ""validation_points"": [""更换饲料后出现多系统症状"", ""存在呕吐、呼吸异常及繁殖障碍"", ""符合富马毒素中毒的流行病学特征""], ""risk_flags"": [""可能涉及饲料污染"", ""需排除其他毒素或传染病""], ""case_type"": ""饲料中毒咨询"", ""target_disease"": ""猪富马毒素中毒"", ""local_flags"": {""species_ok"": true, ""target_disease_in_diagnosis"": true, ""target_disease_mismatch"": false, ""contains_specific_dose"": false, ""contains_specific_withdrawal"": false, ""regulated_bad_treatment"": false}}",False,False,,,True,False,True,D:\XF-ChongQin\ai-\knowledge\llm_wiki_swine_authoritative,1465,887,"猪富马毒素中毒
猪富马毒素中毒、fumonisin toxicosis
饲料中毒咨询
更换饲料或玉米批次后出现采食下降、呕吐、繁殖异常或神经症状，用户怀疑饲料问题。","{""NEEDS_REVIEW"": 2, ""PROCESSED_SOURCE_ANCHORED"": 2}","[""SRC-0001"", ""SRC-0085""]",2221,27.26,ERNIE-4.5-Turbo-32K,88,28,18,24,18,False,True,"该回答整体表现良好，诊断准确性较高，症状与疾病匹配合理，诊断逻辑清晰，处理方向安全且与疾病相互印证。数据质量方面，虽然存在部分细节可优化，但不影响整体评估。
问题：pathology_logic: 诊断逻辑中对于富马毒素中毒导致肺水肿、肝功能受损及生殖障碍的具体机制解释不够深入，可进一步补充病理生理学依据。；data_quality: 场景标签中缺少对“呕吐”这一关键症状的标注，且风险标志中未提及人兽共患风险（尽管富马毒素中毒主要影响猪，但完善风险标志有助于全面评估）。",hunyuan-turbos-20250926,85,90,80,95,80,False,False,"该案例描述真实可信，用户提供了明确的换料史和多头猪的临床症状，包括采食下降、呕吐、呼吸急促以及母猪流产，符合富马毒素中毒的典型表现。诊断准确，处理措施安全且针对病因，包含必要的采样检测和风险控制条款，无明显危险建议。不足之处在于病理机制解释略浅，且数据标签和风险标识不够完整。
问题：病理机制解释不足，未详细说明富马毒素如何引发肺水肿、肝损伤及流产的机制。；数据标签缺失‘呕吐’症状标记，不利于后续模型训练识别。；风险标识未明确说明虽非人兽共患病，但在中毒事件中仍需关注人员防护。",True,ERNIE-4.5-Turbo-32K,True,pass,诊断准确性较高，症状与疾病匹配合理，处理方向安全且与疾病相互印证。尽管存在病理机制解释不足和数据标签、风险标识不够完整的问题，但不影响整体评估，数据质量方面可通过后续优化提升。,87.0,28,18,24,18,pass,17.58,18.2,
7c6dd04b-acbb-53a7-bcc5-17f0dbd31242,152,猪繁殖与呼吸综合征,swine_hunyuan_turbos,hunyuan-turbos-20250926,成功,,猪,我家有200多头90公斤左右的育肥猪，最近半个月陆续出现咳嗽、喘气、体温升高的情况，用了替米考星和多西环素后症状有所缓解但停药又反复。圈舍通风一般，湿度偏高。想请教一下这种情况应该采集哪些样品送检？另外怎么判断是不是PRRS跟其他病原的混合感染？,结合临床表现（咳嗽、喘气、发热）、用药反应及饲养管理条件，考虑为猪繁殖与呼吸综合征（PRRS）合并其他呼吸道病原（如猪流感病毒、支原体、副猪嗜血杆菌等）引起的混合感染。PRRSV可导致免疫抑制，易继发细菌感染，造成病情迁延不愈。,treatment_direction: 控制继发细菌感染，改善圈舍通风与温湿度管理，减少应激因素。；management_measures: 加强通风换气，降低湿度，分群饲养以减少交叉感染；保证饲料营养充足，提高机体抵抗力。；sampling_for_testing: 建议采集鼻拭子、肺组织、扁桃体或支气管灌洗液进行PCR检测，检测项目包括PRRSV、猪流感病毒、支原体、副猪嗜血杆菌、巴氏杆菌等常见呼吸道病原，必要时加做钩端螺旋体、圆环病毒等。；contraindications_boundaries: 发现高热、急性死亡或大面积发病时，应第一时间向当地动物防疫部门报告，不可自行处理或销售，防止疫情扩散。,无具体药物使用，暂无休药期说明。若后续使用抗生素，应按药品说明书执行并遵守食品安全规定。,"{""disease_name"": ""猪繁殖与呼吸综合征"", ""severity"": ""中等至严重（视继发感染程度而定）"", ""scene_tags"": [""育肥猪"", ""呼吸道症状"", ""混合感染"", ""PRRS"", ""采样送检""], ""validation_points"": [""PRRSV可引起免疫抑制，导致继发细菌感染"", ""混合感染在育肥猪中常见且症状复杂"", ""采样应覆盖多种呼吸道病原以便鉴别诊断""], ""risk_flags"": [""潜在重大动物疫病风险（PRRS属二类疫病）"", ""可能伴随人畜共患病传播风险（如钩端螺旋体）""], ""case_type"": ""呼吸道采样送检"", ""target_disease"": ""猪繁殖与呼吸综合征"", ""local_flags"": {""species_ok"": true, ""target_disease_in_diagnosis"": true, ""target_disease_mismatch"": false, ""contains_specific_dose"": false, ""contains_specific_withdrawal"": false, ""regulated_bad_treatment"": false}}",False,False,,,True,False,True,D:\XF-ChongQin\ai-\knowledge\llm_wiki_swine_authoritative,1465,887,"猪繁殖与呼吸综合征
猪繁殖与呼吸综合征、porcine reproductive and respiratory syndrome viruses、PRRS、蓝耳病
呼吸道采样送检
呼吸道症状持续，用药效果不稳定，用户询问采什么样品和如何鉴别混合感染。","{""HUMAN_REVIEWED"": 2, ""NEEDS_REVIEW"": 2}","[""A0-MOA-573"", ""SRC-0001"", ""SRC-0026"", ""SRC-0049""]",2221,31.28,ERNIE-4.5-Turbo-32K,88,28,18,24,18,False,True,"该回答整体表现良好，诊断准确性较高，对猪繁殖与呼吸综合征（PRRS）及其混合感染的判断合理。病理逻辑基本清晰，但部分细节可进一步优化。处方安全性较高，管理措施和采样建议合理。数据质量方面，信息完整但部分细节可提升。未发现致命风险。
问题：诊断准确性方面，虽然整体判断正确，但对混合感染的具体病原分析可更深入，例如未明确提及PRRSV与继发感染病原的相互作用机制。；病理逻辑方面，对PRRSV导致免疫抑制的机制描述较简略，未充分解释为何易继发细菌感染。；处方安全性方面，未提及具体药物的使用剂量和疗程，仅提到按药品说明书执行，略显笼统。；数据质量方面，风险标志中提到的人畜共患病传播风险（如钩端螺旋体）未在诊断或处方中充分体现，信息一致性可提升。",hunyuan-turbos-20250926,85,4.5,4.2,4.8,4.3,False,False,"该回答在诊断上准确识别了PRRS及可能的混合感染，并结合临床表现与管理条件给出了合理的推测。病理逻辑总体成立，但免疫抑制与继发感染的关系阐述不够深入。处方方向安全，强调了环境改善与防控上报，未给出具体药物剂量，避免了直接用药风险。数据完整性较好，但在人畜共患病风险提示与检测建议的一致性上有提升空间。
问题：对PRRSV免疫抑制机制与继发感染关系的解释不足；未详细区分不同病原的检测意义与优先顺序；人畜共患病（如钩端螺旋体）的风险提示与检测建议衔接不够紧密",True,ERNIE-4.5-Turbo-32K,True,pass,诊断准确识别了猪繁殖与呼吸综合征（PRRS）及可能的混合感染，并结合临床表现与管理条件给出了合理推测。病理逻辑总体成立，处方方向安全，管理措施和采样建议合理，未发现致命风险。尽管在PRRSV免疫抑制机制与继发感染关系的解释、不同病原检测意义的区分以及人畜共患病风险提示与检测建议的一致性上存在轻微不足，但不影响整体判断，可通过。,87.0,28,18,24,18,pass,20.99,16.66,
b7a7593b-2122-5137-b82f-7ef3dd5a02bd,153,猪胸膜肺炎,swine_hunyuan_turbos,hunyuan-turbos-20250926,成功,,猪,我家有200头保育猪，现在60日龄左右，最近几天天气忽冷忽热，加上圈舍通风不太好，氨气味挺重。有几头开始咳嗽、喘气，有的还出现犬坐姿势，采食量下降，体温升高到40℃以上。之前用过阿莫西林饮水，效果不明显。请问这是环境应激还是传染病？该怎么处理？,结合临床表现（高热、咳嗽、喘气、犬坐姿势、采食下降）、发病集中在保育阶段以及通风不良、氨气浓度高的环境因素，高度怀疑为猪胸膜肺炎（Actinobacillus pleuropneumoniae感染），也可能存在其他呼吸道病原体混合感染。需排除单纯环境刺激引起的呼吸道反应。,立即改善圈舍通风，降低氨气浓度，保持适宜温湿度；对表现明显症状的个体进行隔离观察；采集病死猪肺组织及鼻拭子送实验室做细菌分离鉴定，必要时加做支原体、流感病毒等检测；在兽医指导下使用针对革兰阴性菌的敏感抗生素控制继发细菌感染，并配合支持疗法（补液、维生素、电解质）；严禁随意使用未经许可的药物，防止耐药产生；若确诊猪胸膜肺炎，应依据当地防疫规定采取相应防控措施。,因涉及处方药物，须严格遵循兽医指导和国家兽药使用规范，确保出栏前符合休药期要求。,"{""disease_name"": ""猪胸膜肺炎"", ""severity"": ""中等至严重"", ""scene_tags"": [""保育猪"", ""通风不良"", ""氨气刺激"", ""高热"", ""咳嗽喘气""], ""validation_points"": [""症状与胸膜肺炎典型表现一致"", ""环境诱因与疾病发生时间吻合"", ""抗生素治疗无效提示细菌耐药性或其他病原参与""], ""risk_flags"": [""需实验室确诊"", ""可能存在混合感染"", ""需防控扩散""], ""case_type"": ""呼吸道环境诱因"", ""target_disease"": ""猪胸膜肺炎"", ""local_flags"": {""species_ok"": true, ""target_disease_in_diagnosis"": true, ""target_disease_mismatch"": false, ""contains_specific_dose"": false, ""contains_specific_withdrawal"": false, ""regulated_bad_treatment"": false}}",False,False,,,True,False,True,D:\XF-ChongQin\ai-\knowledge\llm_wiki_swine_authoritative,1465,887,"猪胸膜肺炎
猪胸膜肺炎、actinobacillus pleuropneumoniae pleuropneumonia
呼吸道环境诱因
通风差、氨气重或温差大后出现咳嗽喘气，用户想区分环境应激和传染病。","{""HUMAN_REVIEWED"": 2, ""NEEDS_REVIEW"": 2}","[""A0-MOA-573"", ""RC-RESP-001"", ""SRC-0001"", ""SRC-0042"", ""SRC-0043"", ""SRC-0049"", ""SRC-0050"", ""SRC-0058"", ""SRC-0059"", ""SRC-0066"", ""SRC-0069"", ""SRC-0070"", ""SRC-0086""]",2221,28.46,ERNIE-4.5-Turbo-32K,88,28,18,23,20,False,True,"该回答整体表现良好，诊断准确性较高，症状与疾病匹配合理，诊断逻辑清晰，处理方向安全且与疾病相互印证。数据质量基本满足要求，但存在部分细节可优化。
问题：诊断准确性方面，虽然症状与猪胸膜肺炎典型表现一致，但未完全排除其他呼吸道病原体混合感染的可能性，可进一步明确诊断依据。；病理逻辑方面，对环境诱因与疾病发生时间的吻合性分析较为充分，但对细菌耐药性或其他病原参与的分析可更深入。；处方安全方面，整体处理方向安全，但未明确提及具体抗生素种类及剂量，可能影响实际操作的准确性。；数据质量方面，场景标签和验证点较为全面，但风险标志中提及的需实验室确诊和可能存在混合感染等，未在回答中充分体现对这两点的重视。",hunyuan-turbos-20250926,85,90,85,90,80,False,False,"回答能准确识别猪胸膜肺炎的典型症状与环境诱因，诊断思路清晰，处理方案安全且包含必要的实验室检测和防疫措施，未出现危险用药建议。不足之处在于对混合感染可能性的强调不足，以及对实验室确诊的重要性提示不够突出。
问题：未充分强调混合感染的风险及鉴别诊断的重要性；对实验室确诊的必要性提示不足；未明确说明不同病原体的检测顺序或优先级",True,ERNIE-4.5-Turbo-32K,True,pass,回答整体表现良好，诊断准确性较高，症状与疾病匹配合理，诊断逻辑清晰，处理方向安全且与疾病相互印证。虽然存在未完全排除其他呼吸道病原体混合感染的可能性、未明确提及具体抗生素种类及剂量等轻微不足，但不影响整体质量和安全性，数据质量基本满足要求。,87.0,28,18,23,20,pass,19.5,14.82,
78163f86-aafc-5b8d-925c-1d7d70f29d50,170,猪圆环病毒相关疾病,swine_hunyuan_turbos,hunyuan-turbos-20250926,成功,,猪,我家有120头80公斤左右的育肥猪，最近半个月陆续出现消瘦、呼吸急促、皮肤发白的情况，部分猪还伴有腹泻。之前按副猪嗜血杆菌用了氟苯尼考和多西环素，效果不明显。圈舍通风差，湿度偏高，饲料没换过。请问这种情况还能继续用原来的药吗？还是得换药或者做其他处理？,根据描述的症状（进行性消瘦、呼吸困难、贫血样皮肤苍白、腹泻）及育肥猪阶段，结合用药史和饲养环境，考虑猪圆环病毒相关疾病（PCVAD）的可能性较大，尤其是PCV2相关的多系统衰竭综合征表现。该病常与继发细菌感染有关，单纯抗生素治疗往往疗效有限。,treatment_direction: 建议暂停单一抗生素使用，优先进行实验室检测（PCR检测PCV2等病原），明确是否为圆环病毒感染。若确诊，应配合支持性治疗改善营养和免疫力，减少应激。；management_measures: 加强圈舍通风换气，降低湿度，保持清洁干燥；分群管理，减少密度；保证饮水充足和营养平衡，必要时添加维生素、电解质补充剂。；sampling_and_testing: 采集病猪血液、肺脏、淋巴结等组织样本送实验室检测PCV2核酸，同时排查PRRSV、CSFV等其他混合感染可能。；prohibited_boundaries: 在未排除重大疫病前，不得擅自出售、调运或屠宰病猪；禁止随意更换未经批准的兽药或超范围用药。,因未涉及具体药物使用，暂不列明休药期；如后续需用药，须依据所用药品说明书执行相应休药期规定。,"{""disease_name"": ""猪圆环病毒相关疾病"", ""severity"": ""中等至严重，可导致生长迟缓、死亡率上升"", ""scene_tags"": [""育肥猪"", ""消瘦"", ""呼吸困难"", ""腹泻"", ""继发感染""], ""validation_points"": [""症状符合PCVAD典型表现"", ""抗生素治疗无效提示非细菌性主因"", ""环境因素加重疾病进程""], ""risk_flags"": [""疑似重大疫病需送检确认"", ""存在混合感染风险""], ""case_type"": ""育肥猪用药咨询"", ""target_disease"": ""猪圆环病毒相关疾病"", ""local_flags"": {""species_ok"": true, ""target_disease_in_diagnosis"": true, ""target_disease_mismatch"": false, ""contains_specific_dose"": false, ""contains_specific_withdrawal"": false, ""regulated_bad_treatment"": false}}",False,False,,,True,False,True,D:\XF-ChongQin\ai-\knowledge\llm_wiki_swine_authoritative,1465,887,"猪圆环病毒相关疾病
猪圆环病毒相关疾病、circoviruses pcvad
育肥猪用药咨询
育肥猪出现典型症状，用户已经用过常见药物但效果一般，询问是否继续用药。","{""HUMAN_REVIEWED"": 3, ""NEEDS_REVIEW"": 2}","[""A0-MOA-573"", ""SRC-0001"", ""SRC-0035""]",2160,29.63,ERNIE-4.5-Turbo-32K,88,28,18,23,20,False,True,"该回答整体表现良好，诊断准确性较高，症状与疾病匹配合理，诊断逻辑清晰，处理方向安全且与疾病相互印证。数据质量方面，症状描述、用药史和饲养环境等信息较为完整，有助于准确诊断。未发现致命风险，如猪种错误、目标疾病明显不在诊断中、处方与疾病相冲突等情况。
问题：diagnosis_accuracy: 诊断准确性虽高，但未完全覆盖所有可能症状与疾病的细微关联，可进一步提升细节描述。；pathology_logic: 病理逻辑方面，对继发感染的分析可更深入，明确其与圆环病毒感染的相互作用关系。；prescription_safety: 处方安全性方面，虽提出支持性治疗和管理措施，但未具体说明支持性治疗的药物选择及剂量范围。；data_quality: 数据质量方面，症状描述虽完整，但缺乏具体症状出现频率和严重程度的量化信息。",hunyuan-turbos-20250926,85,90,85,85,80,False,False,"该案例场景真实，用户提供了详细的临床症状、用药史和环境因素，有助于判断。诊断将症状与圆环病毒相关疾病（PCVAD）高度匹配，并考虑了继发感染的可能，逻辑基本自洽。处理方案强调先检测再治疗，避免盲目用药，管理措施符合防控原则，且明确了重大疫病的处置边界，无危险建议。不足之处在于对继发感染的机制分析不够深入，支持性治疗缺少更具体的方向，以及症状严重程度和分布频率未量化。
问题：对继发感染与圆环病毒的相互作用机制分析不足；支持性治疗的具体药物选择和剂量范围缺失；症状严重程度、持续时间及发病率等量化信息不足",True,ERNIE-4.5-Turbo-32K,True,pass,该回答整体表现良好，诊断准确性较高，症状与疾病匹配合理，诊断逻辑清晰，处理方向安全且与疾病相互印证。数据质量方面，症状描述、用药史和饲养环境等信息较为完整，有助于准确诊断。未发现致命风险，如猪种错误、目标疾病明显不在诊断中、处方与疾病相冲突等情况。尽管存在对继发感染机制分析不足、支持性治疗具体药物选择和剂量范围缺失、症状严重程度和分布频率未量化等轻微不足，但不影响整体诊断和处置方向，可判为pass。,87.0,28,18,23,20,pass,20.0,18.4,
0ded6a88-ac6b-5dc3-bbd4-16d8c02a85bb,171,猪δ冠状病毒感染,swine_hunyuan_turbos,hunyuan-turbos-20250926,成功,,猪,我家有120头母猪，最近刚产下一批仔猪，现在15日龄左右，今天早上发现其中一窝8头小猪拉黄色稀粪，有的带点泡沫，精神还行，吃奶正常，体温没测过，圈舍温度在28度左右，湿度偏高，前几天刚换了一批料槽，之前没有类似情况。想问这是病毒性还是细菌性的？要不要马上打针？,根据日龄（15日龄）及粪便性状（黄色稀粪伴泡沫），结合整窝发病、无明显高热等特征，考虑病毒性腹泻可能性较大，如猪δ冠状病毒感染、轮状病毒、TGE等需优先排查；同时需排除大肠杆菌、C型产气荚膜梭菌等细菌性因素以及球虫等寄生虫因素。建议尽快采集新鲜粪便送实验室进行病原学检测，以明确病因。,treatment_direction: 目前无特效抗病毒药物，以支持疗法为主，防止继发细菌感染；可补充电解质溶液防脱水，保持圈舍温暖干燥，减少应激。；management_measures: 立即隔离病猪，加强保温通风，降低湿度；对全群母猪乳头消毒，防止交叉感染；暂停使用新料槽直至查明原因。；sampling_and_testing: 采集病猪新鲜粪便（含粘液部分）送实验室做PCR检测，区分病毒性（PDCoV、轮状病毒、TGEV等）、细菌性（大肠杆菌、梭菌等）及寄生虫（球虫）病原。；prohibited_boundaries: 在未明确病因前，禁止随意使用广谱抗生素或激素类药物掩盖病情；若怀疑重大动物疫病（如非洲猪瘟），应立即向当地畜牧兽医部门报告，不得擅自处置。,因未使用特定药物，暂无具体休药期要求；若后续使用抗生素，应按药品说明书执行相应休药期。,"{""disease_name"": ""猪δ冠状病毒感染"", ""severity"": ""中等"", ""scene_tags"": [""腹泻"", ""仔猪"", ""病毒性可能"", ""鉴别诊断""], ""validation_points"": [""按日龄和病程分层鉴别腹泻类型"", ""涵盖病毒性、细菌性、寄生虫性常见病因"", ""强调采样送检的重要性""], ""risk_flags"": [""需警惕重大动物疫病风险"", ""需排除人兽共患病以外的法定疫病""], ""case_type"": ""腹泻采样送检"", ""target_disease"": ""猪δ冠状病毒感染"", ""local_flags"": {""species_ok"": true, ""target_disease_in_diagnosis"": true, ""target_disease_mismatch"": false, ""contains_specific_dose"": false, ""contains_specific_withdrawal"": false, ""regulated_bad_treatment"": false}}",False,False,,,True,False,True,D:\XF-ChongQin\ai-\knowledge\llm_wiki_swine_authoritative,1465,887,"猪δ冠状病毒感染
猪δ冠状病毒感染、porcine deltacoronavirus
腹泻采样送检
用户描述粪便性状、日龄和病程，重点询问如何鉴别病毒性、细菌性或寄生虫性腹泻。","{""HUMAN_REVIEWED"": 1, ""NEEDS_REVIEW"": 4}","[""A0-MOA-573"", ""RC-DIARRHEA-001"", ""SRC-0001"", ""SRC-0052"", ""SRC-0062"", ""SRC-0063"", ""SRC-0064"", ""SRC-0071"", ""SRC-0072"", ""SRC-0073"", ""SRC-0077"", ""SRC-0081""]",2035,29.86,ERNIE-4.5-Turbo-32K,88,28,18,24,18,False,True,"该回答在诊断准确性、病理逻辑、处方安全性和数据质量方面表现良好，整体符合测试数据有效性要求。诊断考虑了病毒性、细菌性和寄生虫性腹泻的可能性，并建议进行实验室检测以明确病因，符合实际场景需求。处方安全，未出现与疾病相冲突的治疗建议，且强调了采样送检的重要性。数据质量方面，虽然场景描述和诊断逻辑较为清晰，但部分细节可进一步优化。
问题：诊断准确性方面，虽然考虑了多种可能性，但对猪δ冠状病毒感染的特异性症状描述不够详细，可能影响诊断的精准性。；病理逻辑方面，对病程发展和病理机制的阐述较为简略，缺乏深入的分析。；数据质量方面，场景描述中的湿度偏高和新料槽的使用与腹泻的关联性未充分展开，可能影响对病因的全面判断。",hunyuan-turbos-20250926,85,80,82,90,83,True,False,"该数据整体真实可信，用户描述的场景（15日龄仔猪、黄色稀粪伴泡沫、整窝发病、环境温湿度变化）符合常见病毒性腹泻的临床背景。诊断部分覆盖了病毒性、细菌性及寄生虫性可能，并强调实验室检测，逻辑合理。处方建议支持疗法、隔离、环境改善及送检，未给出危险用药建议，安全性高。不足之处在于对猪δ冠状病毒感染的特征描述不足，未能突出其与其他病毒性腹泻的区别；病理机制分析较浅；环境诱因与新料槽更换的关联未进一步探讨。
问题：对猪δ冠状病毒感染的典型临床特征描述不够细致，影响诊断针对性。；病理机制解释偏笼统，缺少病程发展及免疫反应的说明。；未深入分析环境湿度偏高及新料槽更换与腹泻发生的潜在联系。",True,ERNIE-4.5-Turbo-32K,True,pass,该回答在诊断准确性、病理逻辑、处方安全性和数据质量方面表现良好，整体符合测试数据有效性要求。诊断考虑了病毒性、细菌性和寄生虫性腹泻的可能性，并建议进行实验室检测以明确病因，符合实际场景需求。处方安全，未出现与疾病相冲突的治疗建议，且强调了采样送检的重要性。尽管对猪δ冠状病毒感染的特异性症状描述不够详细，病理机制分析较浅，环境诱因与新料槽更换的关联未进一步探讨，但这些不足不影响整体判断，可通过后续优化提升。,87.0,28,18,24,18,pass,19.8,19.69,
169e096f-4152-5e73-b770-8d165d8d338c,174,猪托罗病毒感染,swine_hunyuan_turbos,hunyuan-turbos-20250926,成功,,猪,我家是300头左右的保育到育肥猪混养场，最近有20多头60-80斤的猪出现水样腹泻，已经持续了三四天，精神食欲下降，体温正常偏低。之前按细菌性肠炎用了恩诺沙星和硫酸新霉素拌料三天，部分好转但仍有反复。粪便稀黄带泡沫，没有血便。想问这种情况还能继续用抗生素吗？要不要送样检测？,结合病史及用药反应，考虑病毒性腹泻可能性较大，其中猪托罗病毒感染在腹泻猪粪便中可检出，但致病关系尚不完全明确，也可能与其他肠道病毒（如猪星状病毒）或PCV2等混合感染有关。当前无明显高热、出血性表现，不支持典型细菌性痢疾或严重细菌感染。,treatment_direction: 停止或减少广谱抗菌药物使用，改为支持疗法，包括补充电解质溶液、维持饮水清洁、提高饲料易消化性，减少应激。；management_measures: 分群饲养，将腹泻猪与健康猪隔离，加强圈舍通风干燥，定期清理粪污，防止交叉污染。；sampling_submission: 采集新鲜腹泻粪便样本送实验室进行病毒学检测（PCR），同时做细菌培养排除继发感染。；contraindications: 避免盲目加大抗生素剂量或更换多种抗生素联用，以免产生耐药性和肝肾负担。,无特定休药期建议，因主要采取支持措施，若曾用抗菌药应按常规停药间隔后再屠宰上市。,"{""disease_name"": ""猪托罗病毒感染"", ""severity"": ""中等"", ""scene_tags"": [""保育猪"", ""育肥猪"", ""腹泻"", ""病毒性可能"", ""抗菌药无效""], ""validation_points"": [""病史符合病毒性腹泻特征"", ""抗菌药疗效不佳提示非单纯细菌感染"", ""建议送检以明确病因""], ""risk_flags"": [""需排除其他重要传染病"", ""避免滥用抗生素""], ""case_type"": ""腹泻用药咨询"", ""target_disease"": ""猪托罗病毒感染"", ""local_flags"": {""species_ok"": true, ""target_disease_in_diagnosis"": true, ""target_disease_mismatch"": false, ""contains_specific_dose"": false, ""contains_specific_withdrawal"": false, ""regulated_bad_treatment"": false}}",False,False,,,True,False,True,D:\XF-ChongQin\ai-\knowledge\llm_wiki_swine_authoritative,1465,887,"猪托罗病毒感染
猪托罗病毒感染、porcine torovirus
腹泻用药咨询
猪群腹泻后已用过常见抗菌药效果一般，用户询问是否继续用药以及是否需要送检。","{""HUMAN_REVIEWED"": 2, ""NEEDS_REVIEW"": 3}","[""SRC-0001"", ""SRC-0079"", ""SRC-0083""]",2055,23.98,ERNIE-4.5-Turbo-32K,88,27,18,23,20,False,True,"该回答对猪托罗病毒感染的诊断较为准确，考虑到了病毒性腹泻的可能性，并排除了典型细菌性痢疾或严重细菌感染。治疗方向和管理措施合理，强调了支持疗法和减少抗生素使用，同时建议送检以明确病因。数据质量良好，提供了详细的病史和用药反应分析。
问题：诊断准确性方面，虽然考虑到了病毒性腹泻的可能性，但对猪托罗病毒感染的致病关系描述略显模糊，可能降低用户对诊断的信心。病理逻辑方面，对混合感染的可能性提及较少，可能不够全面。数据质量方面，虽然提供了详细的病史和用药反应，但对猪群的整体健康状况和养殖环境描述不足。",hunyuan-turbos-20250926,85,8,8,9,8,False,False,"回答整体符合临床实际，能根据病史、症状和用药反应合理推断病毒性腹泻为主因，并谨慎对待猪托罗病毒感染的致病性，提出停用或减少抗生素、支持疗法、隔离管理和送检的建议，避免了危险用药行为。未出现具体药物剂量或休药期承诺，安全性较好。不足之处在于对猪托罗病毒的致病机制解释较模糊，且对可能的混合感染讨论不足，可能影响用户理解。
问题：对猪托罗病毒感染的致病关系描述不够清晰，可能导致用户信心不足。；未充分探讨其他肠道病毒或PCV2等混合感染的可能性。；缺少对猪群整体健康状态和环境因素的进一步分析。",True,ERNIE-4.5-Turbo-32K,True,pass,回答整体符合临床实际，诊断考虑病毒性腹泻可能性，排除了典型细菌性痢疾或严重细菌感染，治疗方向和管理措施合理，强调支持疗法和减少抗生素使用，建议送检以明确病因，安全性较好。虽然对猪托罗病毒感染致病关系描述模糊、混合感染讨论不足、缺少猪群整体健康状态和环境因素分析，但不影响整体方向，数据质量良好。,87.0,27,18,23,20,pass,15.54,16.88,
846ab7ef-9c2d-589c-bd83-f22471a87dd1,204,猪虱病,swine_hunyuan_turbos,hunyuan-turbos-20250926,成功,,猪,我家有120头育肥猪，平均体重60公斤左右，最近几天发现有几头猪不停地蹭墙、咬尾巴，皮毛看起来有点粗糙，抓起来能看到一些细小的黑色小虫子粘在毛上。圈舍是水泥地面，平时清粪还算及时，但没专门做过体外驱虫。想问这种情况是不是要全群打药？要不要把圈舍彻底打扫一遍？多久能再检查一次看效果？,根据描述，猪出现频繁摩擦、咬尾及皮毛粗糙，并在毛发上可见细小黑色附着物，符合猪虱病的临床表现。确诊需在体表找到活虱或虫卵，建议对疑似个体进行近距离检查，必要时采集样本送实验室鉴定。,治疗方向：使用经批准的体外驱虫药物按说明书全群喷雾或药浴，重点处理背部、颈部、耳后等虱易寄生部位；管理措施：立即清扫圈舍粪便和垫料，用热水冲洗地面缝隙，并用有效消毒剂喷洒环境，减少虫卵残留；采样送检：对典型病例采集毛发及附着物送实验室确认病原；禁忌边界：禁止在未确诊前随意更换饲料或混群，防止扩散；若怀疑为其他皮肤病或混合感染，应先鉴别诊断后再用药。,停药及安全间隔应遵循所用驱虫药品说明书规定，出栏前应确保药物代谢完全，具体时间参照产品标签或咨询执业兽医。,"{""disease_name"": ""猪虱病"", ""severity"": ""中等"", ""scene_tags"": [""育肥猪"", ""体外寄生虫"", ""圈舍环境管理""], ""validation_points"": [""现场观察到体表黑色附着物提示虱存在"", ""症状包括摩擦、咬尾、皮毛粗糙"", ""环境清理和全群处理有助于阻断传播""], ""risk_flags"": [""可能传染至同群其他猪"", ""环境残留可导致复发""], ""case_type"": ""驱虫和环境管理"", ""target_disease"": ""猪虱病"", ""local_flags"": {""species_ok"": true, ""target_disease_in_diagnosis"": true, ""target_disease_mismatch"": false, ""contains_specific_dose"": false, ""contains_specific_withdrawal"": false, ""regulated_bad_treatment"": false}}",False,False,,,True,False,True,D:\XF-ChongQin\ai-\knowledge\llm_wiki_swine_authoritative,1465,887,"猪虱病
猪虱病、external parasites lice
驱虫和环境管理
用户询问是否需要全群处理、环境清理和复查方式。","{""HUMAN_REVIEWED"": 3, ""NEEDS_REVIEW"": 2}","[""SRC-0001"", ""SRC-0013"", ""SRC-0072"", ""SRC-0080"", ""SRC-0082""]",2028,64.49,ERNIE-4.5-Turbo-32K,88,28,18,23,20,False,True,"整体回答质量较高，诊断准确，处理方向安全，数据质量较好，无明显致命风险。
问题：诊断部分未明确提及确诊所需的实验室鉴定步骤，仅建议对疑似个体近距离检查，略显不足。；病理逻辑部分对症状与疾病关系的阐述较为简略，可进一步细化。；数据质量方面，虽然提供了现场观察和症状描述，但缺乏对猪虱生活史和传播途径的详细解释。",hunyuan-turbos-20250926,85,90,80,85,80,False,False,"该回答对猪虱病的诊断基本准确，症状与疾病匹配度较高，处理方案包括全群驱虫和环境清洁，并强调了确诊前的谨慎措施，无直接危险建议。不足之处在于诊断部分未明确强调实验室确诊的重要性，病理机制和生活史说明较简略，可能影响用户理解防治原理。
问题：诊断环节缺少对实验室确诊必要性的明确提示；病理逻辑中对症状与疾病关联的解释不够深入；缺乏猪虱生活史和传播途径的科普内容",True,ERNIE-4.5-Turbo-32K,True,pass,整体回答质量较高，诊断与症状匹配，处理方向安全，无直接危险建议。尽管诊断部分对实验室确诊的提示不够明确，病理逻辑和生活史说明较简略，但不影响主要防治措施的正确性，可通过后续补充完善。,87.0,28,18,23,20,pass,16.36,20.89,
50037437-ed3e-5d44-8a4c-6cd3086ce505,207,猪蛔虫病,swine_hunyuan_turbos,hunyuan-turbos-20250926,成功,,猪,我这边是河南一个养猪场，存栏大概300头，主要是60日龄左右的保育猪，最近这批猪普遍拉稀、毛色发暗、长得慢，有的还抓痒蹭墙，用了几天土霉素没见好转，圈舍比较潮湿，想问问是不是蛔虫之类的寄生虫问题？,根据描述，该批保育猪在潮湿环境下出现腹泻、消瘦、生长缓慢及皮肤瘙痒等症状，结合日龄和饲养条件，高度怀疑为猪蛔虫病（Ascaris suum）。该病常因环境中虫卵污染引起，幼虫移行可导致肝肺损伤，成虫寄生肠道则影响消化吸收并引发继发感染。,建议立即采集粪便进行虫卵镜检确诊，同时可送部分病死猪做剖检观察肝脏是否有milk spot样病变。管理上加强圈舍干燥通风，减少粪尿堆积，防止虫卵扩散。对全群实施安全有效的驱虫方案（选择经批准的广谱驱虫药），并在驱虫后及时清理粪便并进行无害化处理。严禁使用未经许可的药物替代正规驱虫措施。若发现大量死亡或异常高发病率，应按规定向当地动物防疫部门报告。,按所用驱虫药物说明书执行，确保停药期后方可屠宰或出售。,"{""disease_name"": ""猪蛔虫病"", ""severity"": ""中等偏重"", ""scene_tags"": [""保育猪"", ""群体发病"", ""腹泻"", ""消瘦"", ""皮肤瘙痒"", ""潮湿环境""], ""validation_points"": [""症状符合蛔虫幼虫移行及成虫寄生特征"", ""环境与易感日龄吻合"", ""需通过粪便检查或剖检确诊""], ""risk_flags"": [""可能伴随继发细菌感染"", ""环境污染易致重复感染""], ""case_type"": ""寄生虫群体发病"", ""target_disease"": ""猪蛔虫病"", ""local_flags"": {""species_ok"": true, ""target_disease_in_diagnosis"": true, ""target_disease_mismatch"": false, ""contains_specific_dose"": false, ""contains_specific_withdrawal"": false, ""regulated_bad_treatment"": false}}",False,False,,,True,False,True,D:\XF-ChongQin\ai-\knowledge\llm_wiki_swine_authoritative,1465,887,"猪蛔虫病
猪蛔虫病、ascaris suum internal parasites
寄生虫群体发病
猪群出现腹泻、消瘦、皮肤瘙痒或生长慢，用户怀疑寄生虫。","{""HUMAN_REVIEWED"": 2, ""NEEDS_REVIEW"": 2}","[""SRC-0001"", ""SRC-0082""]",2221,25.34,ERNIE-4.5-Turbo-32K,90,28,18,24,20,False,True,"该回答对猪蛔虫病的诊断准确，症状描述与疾病特征相符，诊断逻辑合理，处方安全且考虑了环境管理，数据质量较高，无致命风险。
问题：diagnosis_accuracy: 诊断中未明确提及蛔虫病的典型病理变化（如肝脏白斑），但症状描述充分，扣2分。；pathology_logic: 病理逻辑中未详细说明幼虫移行和成虫寄生的具体病理过程，扣2分。；data_quality: 数据质量中场景标签和验证点完整，但风险标志未完全覆盖所有潜在风险（如人兽共患风险未提及），扣5分。",hunyuan-turbos-20250926,85,8,8,10,7.5,False,False,"该回答对猪蛔虫病的诊断基本准确，症状与目标疾病匹配度高，诊断逻辑清晰，处方安全且包含必要的管理措施和上报机制，无明显危险建议。不足之处在于病理细节不够详尽，且未提及人兽共患风险等潜在公共卫生关注点。
问题：未详细描述蛔虫幼虫移行导致的肝脏白斑等典型病理变化；未说明人兽共患风险及相应的生物安全措施；风险标识未能全面覆盖所有潜在危害",True,ERNIE-4.5-Turbo-32K,mostly,pass,该回答对猪蛔虫病的诊断基本准确，症状描述与疾病特征相符，诊断逻辑合理，处方安全且考虑了环境管理，无明显危险建议。尽管存在病理细节不够详尽、未提及人兽共患风险等轻微不足，但不影响整体诊断和处置方向，数据质量较高。,87.0,28,18,24,20,pass,18.45,17.4,
63a0710b-9322-5c00-814d-0cbf71ac0204,208,猪鞭虫病,swine_hunyuan_turbos,hunyuan-turbos-20250926,成功,,猪,我家有200头育肥猪，平均体重在60公斤左右，最近几天有几头出现拉稀、粪便带血丝的情况，精神还可以，采食量稍微下降。圈舍是水泥地面，通风一般，温度偏低，之前没做过驱虫。想问下这种情况是不是要全群打驱虫针？还要不要清粪换垫料？多久后再检查一次合适？,根据描述，育肥猪出现腹泻伴血丝，结合饲养密度、环境卫生状况及未进行过驱虫史，应考虑猪鞭虫病（Trichuris suis）等肠道寄生虫感染的可能。该病多见于盲肠和结肠，重度感染可引起结肠炎、出血性腹泻。确诊需通过粪便镜检查找典型虫卵或剖检发现成虫。,treatment_direction: 建议采集典型病例粪便送实验室进行虫卵检测，必要时结合剖检确认病原；若确诊为猪鞭虫病，可在兽医指导下选用对Trichuris有效的驱虫药（如芬苯达唑类），但须遵循合法合规的用药规范。；management_measures: 立即加强圈舍清洁消毒，清除积粪并更换垫料，保持干燥通风，减少潮湿环境以利于虫卵存活和传播；分群饲养，防止交叉污染。；sampling_and_testing: 从腹泻明显且持续数日的个体采集新鲜粪便样本，做饱和盐水漂浮法或沉淀法镜检寻找特征性虫卵；同时观察是否有血便、消瘦等典型表现。；prohibited_boundaries: 严禁使用未经批准的驱虫药物或超范围用药；在未确诊前不可随意全群投药；禁止将疑似严重感染猪与健康猪混养。,因涉及具体药物选择和使用方法，应由执业兽医依据国家兽药管理规定确定相应休药期和出栏时间。,"{""disease_name"": ""猪鞭虫病"", ""severity"": ""中等"", ""scene_tags"": [""育肥猪"", ""腹泻"", ""血便"", ""环境管理"", ""驱虫""], ""validation_points"": [""症状符合重度鞭虫感染导致的结肠炎和出血性腹泻"", ""环境因素（低温、通风差、未驱虫）增加感染风险"", ""建议先采样确诊再决定全群处理""], ""risk_flags"": [""潜在人畜共患病风险较低，但需按寄生虫病常规防控"", ""未确诊前贸然全群用药存在食品安全风险""], ""case_type"": ""驱虫和环境管理"", ""target_disease"": ""猪鞭虫病"", ""local_flags"": {""species_ok"": true, ""target_disease_in_diagnosis"": true, ""target_disease_mismatch"": false, ""contains_specific_dose"": false, ""contains_specific_withdrawal"": false, ""regulated_bad_treatment"": false}}",False,False,,,True,False,True,D:\XF-ChongQin\ai-\knowledge\llm_wiki_swine_authoritative,1465,887,"猪鞭虫病
猪鞭虫病、trichuris suis internal parasites
驱虫和环境管理
用户询问是否需要全群处理、环境清理和复查方式。","{""HUMAN_REVIEWED"": 3, ""NEEDS_REVIEW"": 2}","[""SRC-0001"", ""SRC-0026"", ""SRC-0082""]",2120,29.94,ERNIE-4.5-Turbo-32K,85,28,18,23,16,False,True,"该回答整体表现良好，诊断准确性较高，症状与疾病匹配合理，诊断逻辑清晰，处理方向安全且与疾病相互印证。但在数据质量和部分细节上仍有提升空间。
问题：data_quality: 症状描述与疾病关联的详细程度可进一步提升，例如增加更多猪鞭虫病的典型症状描述。；pathology_logic: 病理逻辑部分对环境因素与疾病发生关系的阐述可更深入。；data_quality: 回答中未明确提及猪种，但根据上下文可推断为育肥猪，此点虽不构成重大错误，但影响数据完整性。",hunyuan-turbos-20250926,88,90,85,92,80,False,False,"该回答在诊断准确性、病理逻辑和处理安全性方面均表现较好，症状与目标疾病匹配度高，处理措施符合安全规范，无危险建议。不足之处在于数据质量略有欠缺，包括症状关联的细节不足、环境因素分析不够深入以及缺少明确的猪种信息。
问题：症状与疾病的关联描述可以更细致，以强化诊断说服力。；对环境因素与疾病发生机制的分析深度不足。；未明确说明猪的品种，影响数据完整性。",True,ERNIE-4.5-Turbo-32K,True,pass,该回答在诊断准确性、病理逻辑和处理安全性方面表现良好，症状与疾病匹配合理，处理措施安全且符合规范。尽管在数据质量上存在轻微不足，如症状描述与疾病关联的详细程度、环境因素分析的深度以及猪种信息的明确性，但这些问题不影响整体诊断和处置方向，因此判为pass。,87.0,28,18,23,16,pass,16.22,15.2,
03b1c871-c68b-5d2a-930e-55d21ca82419,209,猪类圆线虫病,swine_hunyuan_turbos,hunyuan-turbos-20250926,成功,,猪,我家是200头母猪自繁自养场，最近刚断奶的保育猪（约35日龄，平均体重8公斤左右）有10多头陆续拉稀，开始是黄色稀便，后来变成水样，有的猪精神差、不吃料，还有几头明显消瘦、皮肤发白。圈舍湿度大，通风一般，前几天用过恩诺沙星拌料，效果不明显。想问下这是啥原因？该怎么处理？,根据描述，该批保育猪在断奶应激、圈舍潮湿环境下出现群体性水样腹泻、采食下降及脱水表现，结合常见病因分析，高度怀疑为猪类圆线虫病（Strongyloides ransomi感染）。该病多见于哺乳期至保育早期，通过粪口途径传播，可导致肠黏膜损伤、消化吸收障碍和继发细菌性肠炎。需与病毒性腹泻（如PEDV）、球虫病等鉴别。,treatment_direction: 针对寄生虫感染进行驱虫治疗，同时控制继发细菌感染，改善饲养管理以减少应激。；management_measures: 立即将病猪与健康猪分群隔离，清理并消毒圈舍地面与饮水设备，保持干燥通风，提高环境温度以缓解仔猪冷应激，确保清洁饮水，必要时补充电解质溶液防止脱水。；sampling_and_testing: 采集新鲜粪便样品送实验室进行虫卵镜检或黏膜刮片检查，必要时做PCR检测以确诊病原体种类。；contraindications_and_boundaries: 严禁使用未经批准的驱虫药物；若检出法定重大疫病或人兽共患病，应立即向当地畜牧兽医部门报告，不得擅自处置。,因涉及具体药物选择，应依据所用驱虫药说明书及国家相关规定执行相应停药期，并在出栏前确保符合食品安全标准。,"{""disease_name"": ""猪类圆线虫病"", ""severity"": ""中等偏重（群体发生、影响生长性能）"", ""scene_tags"": [""保育猪"", ""群体腹泻"", ""潮湿环境"", ""断奶应激""], ""validation_points"": [""临床表现与水样腹泻、采食下降相符"", ""环境与易感阶段匹配"", ""与病毒性腹泻、球虫病可鉴别""], ""risk_flags"": [""潜在继发细菌感染"", ""高湿环境易复发""], ""case_type"": ""腹泻群体发病"", ""target_disease"": ""猪类圆线虫病"", ""local_flags"": {""species_ok"": true, ""target_disease_in_diagnosis"": true, ""target_disease_mismatch"": false, ""contains_specific_dose"": false, ""contains_specific_withdrawal"": false, ""regulated_bad_treatment"": false}}",False,False,,,True,False,True,D:\XF-ChongQin\ai-\knowledge\llm_wiki_swine_authoritative,1465,887,"猪类圆线虫病
猪类圆线虫病、strongyloides internal parasites
腹泻群体发病
同窝或同栏出现水样腹泻、脱水、采食下降，用户想知道主要病因和紧急处理。","{""HUMAN_REVIEWED"": 1, ""NEEDS_REVIEW"": 4}","[""SRC-0001"", ""SRC-0006"", ""SRC-0082""]",2056,26.66,ERNIE-4.5-Turbo-32K,88,28,18,24,18,False,True,"该回答整体表现良好，诊断准确性较高，症状与疾病匹配合理，诊断逻辑清晰，处理方向安全且与疾病相互印证。数据质量方面，场景描述和验证点较为全面，但部分细节可进一步优化。
问题：diagnosis_accuracy: 诊断中虽提到需与病毒性腹泻（如PEDV）、球虫病等鉴别，但未明确说明鉴别方法或依据，略显不足。；pathology_logic: 病理逻辑部分对类圆线虫病的传播途径和致病机制描述较为简略，可进一步细化。；data_quality: 数据质量方面，场景标签和验证点较为全面，但风险标志部分仅提到潜在继发细菌感染和高湿环境易复发，未涵盖所有人兽共患风险等关键点。",hunyuan-turbos-20250926,85,90,85,90,80,False,False,"该案例场景真实，症状与猪类圆线虫病高度吻合，诊断思路清晰且考虑了鉴别诊断，处理方案安全合理，包含隔离、环境改善、采样检测和法规提示，无危险用药建议。不足之处在于鉴别方法和病原学机制描述较简略，风险提醒未覆盖全部人兽共患或重大疫病可能。
问题：鉴别诊断缺乏具体方法与依据；类圆线虫传播途径与致病机制描述不够详细；风险提醒未涵盖所有重大疫病和人兽共患病可能性",True,ERNIE-4.5-Turbo-32K,True,pass,该回答诊断准确性较高，症状与疾病匹配合理，诊断逻辑清晰，处理方向安全且与疾病相互印证。虽然存在鉴别诊断方法未明确、病理机制描述简略、风险提醒未覆盖全部人兽共患或重大疫病可能等轻微不足，但整体内容完整且安全，不影响数据可用性。,87.0,28,18,24,18,pass,16.63,18.41,
70bd693c-0ff4-548f-ae94-d7b9a49e9a4c,225,猪繁殖与呼吸综合征,swine_hunyuan_turbos,hunyuan-turbos-20250926,成功,,猪,我家有200头60日龄左右的保育猪，圈舍通风不太好，最近早晚温差大，氨味也挺重的。这几天陆续有几头出现咳嗽、喘气，有的还发烧到40度左右，精神有点沉郁。之前用过一些抗生素拌料，效果不明显。这种情况是环境问题还是可能感染了什么病？该怎么处理？,结合日龄、症状及环境情况，考虑猪繁殖与呼吸综合征（PRRS）可能性较大，同时需排除猪支原体肺炎、猪流感等其他呼吸道病原混合感染。当前环境应激因素（通风不良、温差大、高氨浓度）会诱发或加重本病发生。,立即改善圈舍通风，降低氨气浓度，减少昼夜温差刺激；对发病猪进行分群管理，防止交叉感染；采集鼻拭子、血液样本送实验室检测PRRSV及其他常见呼吸道病原；在确诊前避免使用未经许可的抗病毒药物，严禁使用违禁药品；若确诊为PRRS，应依据当地畜牧部门要求进行疫情报告和防控指导，必要时配合扑杀和无害化处理措施。,无具体药物使用，暂无休药期要求；如后续使用合法兽药，须遵守标签规定的休药期。,"{""disease_name"": ""猪繁殖与呼吸综合征"", ""severity"": ""中等至严重"", ""scene_tags"": [""保育猪"", ""呼吸道症状"", ""环境应激"", ""多病原混合感染风险""], ""validation_points"": [""保育猪为PRRS易感群体"", ""咳嗽、喘气、发热符合PRRS临床表现"", ""环境应激可诱发或加重PRRS流行""], ""risk_flags"": [""重大动物疫病风险"", ""需实验室确诊"", ""存在人畜共患病排查必要""], ""case_type"": ""呼吸道环境诱因"", ""target_disease"": ""猪繁殖与呼吸综合征"", ""local_flags"": {""species_ok"": true, ""target_disease_in_diagnosis"": true, ""target_disease_mismatch"": false, ""contains_specific_dose"": false, ""contains_specific_withdrawal"": false, ""regulated_bad_treatment"": false}}",False,False,,,True,False,True,D:\XF-ChongQin\ai-\knowledge\llm_wiki_swine_authoritative,1465,887,"猪繁殖与呼吸综合征
猪繁殖与呼吸综合征、porcine reproductive and respiratory syndrome viruses、PRRS、蓝耳病
呼吸道环境诱因
通风差、氨气重或温差大后出现咳嗽喘气，用户想区分环境应激和传染病。","{""HUMAN_REVIEWED"": 2, ""NEEDS_REVIEW"": 2}","[""A0-MOA-573"", ""A1-WOAH-PRRS-DISEASE"", ""SRC-0001"", ""SRC-0023""]",2221,27.61,ERNIE-4.5-Turbo-32K,88,28,18,23,20,False,True,"该回答在诊断准确性、病理逻辑、处方安全性和数据质量方面表现良好，整体符合测试数据有效性要求。诊断考虑了日龄、症状及环境因素，并排除了其他可能的呼吸道病原，符合真实场景需求。病理逻辑合理，处方安全且与疾病相互印证，数据质量较高。
问题：诊断准确性方面，虽然考虑了多种因素，但未完全排除所有可能的呼吸道病原，如猪传染性胸膜肺炎等。；病理逻辑方面，对环境应激因素如何具体诱发或加重PRRS的机制描述不够详细。；数据质量方面，虽然提供了疾病名称、严重程度和场景标签，但缺乏更具体的流行病学数据支持。；处方中未提及具体治疗药物，仅强调了改善环境和送检，可能在实际操作中略显不足。",hunyuan-turbos-20250926,85,8.5,8.0,9.0,8.0,True,False,"该数据整体符合测试数据有效性要求，诊断考虑了年龄、症状和环境因素，并提示了多种呼吸道病原的可能性，病理逻辑基本合理，处方强调环境改善、送检和合规处置，避免了危险用药建议，安全性高。不足之处在于部分病原排查不够全面，环境致病机制解释较简略，缺少更详细的流行病学信息支撑。
问题：未完全列举所有相关呼吸道病原（如猪传染性胸膜肺炎等），可能影响鉴别诊断的全面性。；对环境应激如何具体诱发或加重PRRS的机制描述不够深入。；缺乏更详尽的流行病学背景数据（如发病率、传播速度等）。",True,ERNIE-4.5-Turbo-32K,True,pass,诊断考虑了日龄、症状及环境因素，并提示了多种呼吸道病原的可能性，病理逻辑基本合理，处方强调环境改善、送检和合规处置，避免了危险用药建议，安全性高。尽管存在病原排查不够全面、环境致病机制解释较简略、缺少更详细的流行病学信息支撑等轻微不足，但整体符合测试数据有效性要求，不影响数据使用。,87.0,28,18,23,20,pass,18.85,15.01,
bdc3a1af-503a-516e-a675-1cbb4f94696d,227,猪大肠杆菌病,swine_hunyuan_turbos,hunyuan-turbos-20250926,成功,,猪,我家有120头母猪，刚产下一批仔猪，现在15日龄左右，这几天陆续发现几窝仔猪拉黄色稀粪，有的带白色奶瓣，个别窝里还出现整窝拉稀的情况，吃奶正常，精神也还可以，没有死亡。之前没用过什么药，圈舍温度在28℃左右，湿度偏高。想问这是病毒性还是细菌性腹泻？要不要马上用药？,根据日龄（15日龄）、粪便性状（黄色稀粪伴奶瓣）、整窝发病特点及无急性死亡，考虑细菌性腹泻可能性较大，尤其是大肠杆菌性腹泻（ETEC型），但需排除轮状病毒、传染性胃肠炎等其他病因。建议结合实验室检测进行确诊。,立即采集新鲜腹泻粪便样品送实验室检测，区分病毒性、细菌性及寄生虫性原因；同时加强保温、降低湿度，保证饮水清洁；对全群母猪进行乳头消毒，防止交叉感染；如确诊为大肠杆菌性腹泻，可在兽医指导下使用敏感抗生素并配合补液、电解质调节；禁止随意使用广谱抗生素以防耐药性产生。,若使用抗生素治疗，须严格遵守兽医指导的停药期规定，确保上市前药物残留符合国家标准。,"{""disease_name"": ""猪大肠杆菌病"", ""severity"": ""中等"", ""scene_tags"": [""仔猪腹泻"", ""整窝发病"", ""黄色稀粪"", ""高湿环境""], ""validation_points"": [""按日龄分层鉴别腹泻类型"", ""结合粪便性状判断可能病原类别"", ""强调实验室检测的重要性""], ""risk_flags"": [""潜在细菌性腹泻流行风险"", ""环境温湿度管理不足""], ""case_type"": ""腹泻采样送检"", ""target_disease"": ""猪大肠杆菌病"", ""local_flags"": {""species_ok"": true, ""target_disease_in_diagnosis"": true, ""target_disease_mismatch"": false, ""contains_specific_dose"": false, ""contains_specific_withdrawal"": false, ""regulated_bad_treatment"": false}}",False,False,,,True,False,True,D:\XF-ChongQin\ai-\knowledge\llm_wiki_swine_authoritative,1465,887,"猪大肠杆菌病
猪大肠杆菌病、colibacillosis、大肠杆菌、大肠杆菌性腹泻、E. coli
腹泻采样送检
用户描述粪便性状、日龄和病程，重点询问如何鉴别病毒性、细菌性或寄生虫性腹泻。","{""HUMAN_REVIEWED"": 2, ""NEEDS_REVIEW"": 2}","[""RC-DIARRHEA-001"", ""SRC-0001"", ""SRC-0052"", ""SRC-0062"", ""SRC-0063"", ""SRC-0064"", ""SRC-0071"", ""SRC-0072"", ""SRC-0073"", ""SRC-0077"", ""SRC-0081""]",2221,25.3,ERNIE-4.5-Turbo-32K,88,28,18,24,18,False,True,"该回答在诊断准确性、病理逻辑、处方安全性和数据质量方面表现良好，整体符合猪大肠杆菌病的测试数据要求。诊断考虑了日龄、粪便性状和整窝发病特点，排除了病毒性腹泻的可能性，并建议实验室检测以确诊。处方中强调了保温、降低湿度和乳头消毒等管理措施，同时提出了敏感抗生素的使用建议，并提醒禁止随意使用广谱抗生素。数据质量方面，场景标签和验证点设置合理，风险标识明确。
问题：诊断准确性方面，虽然考虑了多种因素，但未完全排除其他细菌性腹泻的可能性；病理逻辑方面，对大肠杆菌性腹泻的发病机制解释不够深入；处方安全性方面，未明确提及具体抗生素种类和剂量；数据质量方面，场景描述和风险标识可以更加详细。",hunyuan-turbos-20250926,85,8,7.5,9,8.5,False,False,"该数据场景真实，描述符合仔猪大肠杆菌性腹泻的典型特征，包括日龄、粪便性状、整窝发病及环境信息。诊断部分合理考虑了多种可能病因，并建议实验室检测确认，避免误诊。处方措施涵盖病原控制、环境改善和管理细节，强调在兽医指导下用药并避免滥用抗生素，安全性较高。不足之处在于发病机制解释较浅，且未细化不同细菌病原的鉴别要点。
问题：诊断中对其他细菌性腹泻（如沙门氏菌、C型产气荚膜梭菌）的鉴别不足；病理机制阐述不够深入，缺少对ETEC黏附定植及毒素作用的描述；处方中未提供针对不同类型腹泻的具体管理差异",True,ERNIE-4.5-Turbo-32K,True,pass,诊断考虑了日龄、粪便性状和整窝发病特点，合理推测细菌性腹泻可能性较大，并建议实验室检测以确诊，符合病理逻辑；处方措施涵盖病原控制、环境改善和管理细节，强调在兽医指导下用药并避免滥用抗生素，安全性较高。尽管存在对其他细菌性腹泻鉴别不足、病理机制阐述不够深入等轻微不足，但整体方向安全且疾病匹配，不影响数据可用性。,87.0,28,18,24,18,pass,16.85,15.78,
c0b1e749-5053-52ea-9888-b8108192c889,229,猪丹毒,swine_hunyuan_turbos,hunyuan-turbos-20250926,成功,,猪,我家有120头保育猪，现在60日龄左右，最近三天陆续有几头不吃料，精神沉郁，体温摸着偏高，有的耳朵发紫，身上还看到几块粉红色菱形的斑块，粪便偏稀。舍内通风一般，湿度偏大。之前用过阿莫西林拌料，效果不明显。请问这是啥病？该怎么处理？,根据描述的发热、精神沉郁、耳部发绀及典型的菱形皮肤病变，结合保育猪阶段高发特点，高度怀疑为急性猪丹毒。该病由红斑丹毒丝菌引起，可通过饮水、饲料或伤口感染，常在应激条件下暴发。需注意与A. suis败血症等相似疾病鉴别。,treatment_direction: 立即隔离病猪，改善圈舍通风与干燥度，适当提高环境温度以减轻代谢负担；尽快采集血液、组织样品送实验室确诊，并做细菌培养与药敏试验。；management_measures: 对全群加强消毒，暂停混群操作；保证清洁饮水和易消化饲料，减少应激；病死猪无害化处理。；sampling_and_testing: 采集疑似病例的血液、脾、肾等组织进行细菌分离培养和PCR检测，必要时做血清学检测排除其他传染病。；prohibited_boundaries: 在未明确诊断前，不得使用未经许可的药物或超范围抗生素；严禁私自屠宰、销售可疑病猪；若确诊为重大动物疫病，应按规定上报并执行扑杀、封锁等措施。,因未明确使用具体药物，暂不标注具体休药期；一旦确定用药方案，须按药物说明书和国家规定执行相应休药期。,"{""disease_name"": ""猪丹毒"", ""severity"": ""高"", ""scene_tags"": [""保育猪"", ""群体发病"", ""皮肤病变"", ""高热"", ""采食下降""], ""validation_points"": [""菱形皮肤病变是急性猪丹毒的典型表现"", ""保育猪阶段易感性高，且常伴环境应激因素"", ""需与A. suis败血症等疾病鉴别""], ""risk_flags"": [""可能为人畜共患病无关但属重要经济动物疫病"", ""存在扩散风险，需及时隔离与检测""], ""case_type"": ""保育猪群体发病"", ""target_disease"": ""猪丹毒"", ""local_flags"": {""species_ok"": true, ""target_disease_in_diagnosis"": true, ""target_disease_mismatch"": false, ""contains_specific_dose"": false, ""contains_specific_withdrawal"": false, ""regulated_bad_treatment"": false}}",False,False,,,True,False,True,D:\XF-ChongQin\ai-\knowledge\llm_wiki_swine_authoritative,1465,887,"猪丹毒
猪丹毒、erysipelas
保育猪群体发病
群体发病、采食下降、粪便或呼吸道异常，用户想知道主要病因和下一步处理。","{""HUMAN_REVIEWED"": 4}","[""SRC-0001"", ""SRC-0006"", ""SRC-0058"", ""SRC-0065""]",2221,25.44,ERNIE-4.5-Turbo-32K,88,28,18,24,18,False,True,"整体回答质量较高，诊断准确性、处方安全性和逻辑性均表现良好，数据质量基本满足要求，无明显致命风险。
问题：诊断准确性方面，虽然识别了猪丹毒的典型症状，但未充分讨论鉴别诊断（如A. suis败血症）的细节，可能影响诊断的全面性。；病理逻辑方面，对猪丹毒的传播途径和应激条件暴发的描述较为笼统，缺乏具体案例或数据支持。；数据质量方面，场景标签和验证点较为全面，但风险标志中未明确提及人兽共患病风险（尽管猪丹毒非人兽共患病，但应明确说明以避免混淆）。",hunyuan-turbos-20250926,85,90,80,95,85,False,False,"该数据整体真实可信，用户提供的症状与猪丹毒典型特征吻合度高，诊断思路清晰且考虑了鉴别诊断。处方部分强调隔离、送检、消毒和无害化处理，符合生物安全要求，无危险用药建议。不足之处在于鉴别诊断细节不足、传播途径描述较笼统，以及未明确声明猪丹毒非人兽共患病以消除潜在误解。
问题：鉴别诊断仅简单提及A. suis败血症，缺乏详细对比分析。；传播途径与暴发机制描述不够具体，缺少实例或数据支撑。；未明确说明猪丹毒不属于人兽共患病，可能引起不必要的担忧。",True,ERNIE-4.5-Turbo-32K,True,pass,整体回答质量较高，诊断准确性、处方安全性和逻辑性均表现良好，数据质量基本满足要求。虽然存在鉴别诊断细节不足、传播途径描述较笼统以及未明确声明猪丹毒非人兽共患病等轻微不足，但不影响整体判断，且无致命风险。,87.0,28,18,24,18,pass,15.96,16.88,
a831848e-ae8d-513c-884a-e28bb28ca371,230,猪支原体肺炎,swine_hunyuan_turbos,hunyuan-turbos-20250926,成功,,猪,我家有120头90公斤左右的育肥猪，已经养了快两个月了，最近半个月陆续出现咳嗽、喘气，有的猪精神差、采食量下降，个别体温升高到40℃左右，之前用过替米考星拌料一周，症状减轻了一点但没完全停，现在又反复。圈舍通风一般，粪沟有点积粪味重。我想知道该采哪些样送检测，怎么判断是不是支原体还是混合感染了？,根据描述，育肥猪出现持续性咳嗽、喘气、部分发热及采食下降，结合用药后症状缓解但不稳定，提示可能存在猪支原体肺炎，且可能与其他呼吸道病原体（如PRRSV、PCV2、流感病毒等）形成混合感染。环境因素（通风不良、粪沟异味）可能加重呼吸道负担。,treatment_direction: 针对可能的支原体及其他细菌性继发感染进行抗菌治疗，同时兼顾控制潜在病毒感染；改善饲养环境以减少刺激因素。；management_measures: 加强圈舍通风换气，及时清理粪污，降低氨气浓度；减少应激，分群管理，避免密度过高；保证饮水清洁。；sampling_and_testing: 建议采集鼻腔拭子、肺组织（必要时屠宰取样）、血液进行PCR检测，可同时筛查支原体、PRRSV、PCV2、流感病毒等常见呼吸道病原；有条件可做细菌分离培养鉴定。；prohibited_boundaries: 若检出高致病性或重大动物疫病（如非洲猪瘟），须立即按国家相关规定报告并配合扑杀、无害化处理等措施，不得私自销售或转移。,因涉及多种病原检测与治疗方向，具体停药期需依据最终确诊病原及所用药物确定，建议在兽医指导下执行。,"{""disease_name"": ""猪支原体肺炎"", ""severity"": ""中等至严重（视混合感染情况而定）"", ""scene_tags"": [""育肥猪"", ""呼吸道症状"", ""慢性咳嗽"", ""环境诱因"", ""混合感染风险""], ""validation_points"": [""症状符合支原体肺炎特征（慢性咳嗽、喘气、发热）"", ""用药反应提示非单一病原"", ""环境通风差是重要诱因""], ""risk_flags"": [""可能混合感染"", ""环境管理不足"", ""需实验室确诊""], ""case_type"": ""呼吸道采样送检"", ""target_disease"": ""猪支原体肺炎"", ""local_flags"": {""species_ok"": true, ""target_disease_in_diagnosis"": true, ""target_disease_mismatch"": false, ""contains_specific_dose"": false, ""contains_specific_withdrawal"": false, ""regulated_bad_treatment"": false}}",False,False,,,True,False,True,D:\XF-ChongQin\ai-\knowledge\llm_wiki_swine_authoritative,1465,887,"猪支原体肺炎
猪支原体肺炎、mycoplasmosis enzootic pneumonia
呼吸道采样送检
呼吸道症状持续，用药效果不稳定，用户询问采什么样品和如何鉴别混合感染。","{""HUMAN_REVIEWED"": 2, ""NEEDS_REVIEW"": 2}","[""RC-RESP-001"", ""SRC-0001"", ""SRC-0007"", ""SRC-0042"", ""SRC-0043"", ""SRC-0049"", ""SRC-0050"", ""SRC-0058"", ""SRC-0059"", ""SRC-0066"", ""SRC-0069"", ""SRC-0070"", ""SRC-0076"", ""SRC-0086""]",2221,29.85,ERNIE-4.5-Turbo-32K,88,28,18,24,18,False,True,"该回答整体表现良好，诊断准确性较高，症状与疾病匹配合理，诊断逻辑清晰，考虑到了混合感染的可能性。处方安全，管理措施合理，采样建议全面。数据质量方面，虽然信息完整，但部分细节可进一步优化。
问题：diagnosis_accuracy: 诊断准确性较高，但未完全覆盖所有可能症状与疾病的细微关联，可进一步提升。；pathology_logic: 病理逻辑基本合理，但对环境因素与疾病关系的阐述可更深入。；prescription_safety: 处方安全，但停药期说明略显模糊，建议明确具体药物对应的停药期。；data_quality: 数据质量良好，但场景标签和验证点可更具体，以增强数据实用性。",hunyuan-turbos-20250926,85,4,4,5,4,False,False,"回答对猪支原体肺炎的诊断较为准确，考虑了混合感染可能性，并结合环境因素分析病情发展，逻辑清晰。处方方向合理，包含抗菌药物使用、环境改善及采样检测建议，未给出具体药物剂量或休药期承诺，安全性较好。采样方案全面，涵盖主要呼吸道病原检测，并明确了重大疫病的处置边界。不足之处在于对环境因素与疾病关系的解释可更深入，以及停药期表述稍显笼统。
问题：环境因素与疾病关系的阐述不够深入；停药期说明较模糊，缺乏针对性",True,ERNIE-4.5-Turbo-32K,True,pass,回答对猪支原体肺炎的诊断准确，考虑了混合感染的可能性，并结合环境因素分析病情发展，逻辑清晰。处方方向合理，包含抗菌药物使用、环境改善及采样检测建议，安全性较好。采样方案全面，涵盖主要呼吸道病原检测，并明确了重大疫病的处置边界。尽管存在环境因素与疾病关系阐述不够深入、停药期说明较模糊等轻微不足，但整体内容安全且疾病匹配，可判为pass。,87.0,28,18,24,18,pass,20.78,18.57,
ed1783e1-2644-5b8e-b85c-22891e27dd4d,233,猪痢疾,swine_hunyuan_turbos,hunyuan-turbos-20250926,成功,,猪,我这边是河南一个育肥场，存栏大概800头，现在有一批60公斤左右的猪出现腹泻，粪便是带血的黏液便，有的还有腥臭味，已经持续三四天了，刚开始只有几头，现在发展到二十多头。圈舍通风一般，最近没换饲料，之前用过泰妙菌素拌料防呼吸道病。我想知道这种情况是不是猪痢疾？该采哪些样品去化验？怎么才能确定是真痢疾而不是别的肠炎？另外怕乱用药耽误病情，想先搞清楚再决定下一步。,根据描述的血性黏液便、腥臭气味及群体扩散趋势，结合饲养环境和用药史，高度怀疑为猪痢疾（Swine Dysentery），可能由强β溶血性Brachyspira属细菌（如B. hyodysenteriae、B. hampsonii或B. suanatina）引起。确诊需实验室在典型病变猪的结肠黏膜刮取物或新鲜粪便中检测到强β溶血Brachy-spira。,treatment_direction: 在确诊前不建议立即使用抗生素，以免掩盖症状并干扰病原分离鉴定。若确诊为猪痢疾，可选择对强β溶血Brachyspira有效的抗菌方案，并结合改善卫生管理以减少传播。；management_measures: 立即将发病猪与健康猪分栏隔离，减少交叉污染；加强圈舍清洁消毒，尤其是地面和饮水系统；暂停使用可能抑制肠道菌群的药物，保持良好通风和温湿度控制。；sampling_and_testing: 优先采集有明显血便和肠黏膜病变的猪的新鲜粪便样本，同时可在剖检时取病变结肠黏膜进行压片镜检和培养，送实验室做强β溶血Brachyspira PCR或培养鉴定。；contraindications_and_boundaries: 在未获得实验室确诊结果前，禁止使用广谱抗生素作为经验性治疗；若检测结果确认为猪痢疾，应依据当地法规决定是否上报并采取相应生物安全措施；严禁私自销售或转运可疑病猪。,因未明确具体药物种类与剂量，无法给出确切休药期，须待实验室确诊并选用合规药物后，按药品说明书及国家相关规定执行。,"{""disease_name"": ""猪痢疾"", ""severity"": ""中等至严重（可造成生长迟缓和经济损失）"", ""scene_tags"": [""育肥猪"", ""血性黏液便"", ""群体感染"", ""疑似细菌性肠炎""], ""validation_points"": [""症状符合猪痢疾典型表现（血性黏液便、腥臭）"", ""存在群体扩散趋势提示传染性病因"", ""需通过强β溶血Brachyspira检测确诊""], ""risk_flags"": [""潜在重大动物疫病风险"", ""未经确诊前禁止随意用药"", ""需防止疫情扩散""], ""case_type"": ""采样送检咨询"", ""target_disease"": ""猪痢疾"", ""local_flags"": {""species_ok"": true, ""target_disease_in_diagnosis"": true, ""target_disease_mismatch"": false, ""contains_specific_dose"": false, ""contains_specific_withdrawal"": false, ""regulated_bad_treatment"": false}}",False,False,,,True,False,True,D:\XF-ChongQin\ai-\knowledge\llm_wiki_swine_authoritative,1465,887,"猪痢疾
猪痢疾、swine dysentery brachyspira hyodysenteriae、swine dysentery、Brachyspira
采样送检咨询
用户描述症状后，重点询问采什么样品、如何判断和如何避免误治。","{""HUMAN_REVIEWED"": 2}","[""SRC-0001"", ""SRC-0077""]",2221,37.82,ERNIE-4.5-Turbo-32K,88,28,18,23,20,False,True,"该回答在诊断准确性、病理逻辑、处方安全性和数据质量方面表现良好，整体符合猪痢疾的测试数据要求。诊断基于症状、环境及用药史，高度怀疑猪痢疾，并建议实验室确诊，逻辑合理。处方安全，强调确诊前不使用抗生素，避免干扰诊断，并提出隔离、消毒等管理措施。数据质量较高，症状描述详细，风险标识明确。
问题：diagnosis_accuracy: 诊断部分虽提及多种Brachyspira属细菌，但未明确主要致病菌B. hyodysenteriae的优先级，可能影响诊断精准性。；pathology_logic: 病理逻辑部分对猪痢疾的传播途径和易感猪群特征描述不够详细，如未提及猪痢疾主要通过粪便传播及各阶段猪均易感。；prescription_safety: 处方安全部分虽提到确诊后选择有效抗菌方案，但未给出具体药物示例，可能影响实际操作的指导性。；data_quality: 数据质量部分场景标签和验证点较全面，但风险标识中‘潜在重大动物疫病风险’未明确说明猪痢疾的疫病地位，可能影响对风险的认知。",hunyuan-turbos-20250926,85,8,8,9,8,True,False,"该数据整体真实可信，用户描述了典型的猪痢疾临床症状（血性黏液便、腥臭、群体扩散）、环境与用药背景，诊断指向性强且提示实验室确诊，处方建议谨慎、无危险用药指导，并强调了生物安全和隔离措施，符合安全边界要求。不足之处在于诊断中对主要致病菌的优先级表述不够突出，传播途径与易感群体细节不足，以及未明确猪痢疾的疫病级别。
问题：诊断部分未明确B. hyodysenteriae为主要致病菌，可能导致精准度下降。；病理逻辑缺少对猪痢疾传播途径和各阶段猪易感性的详细说明。；处方安全部分未提供具体药物示例，影响操作指导性。；风险标识未明确猪痢疾的疫病地位，可能弱化对风险的重视。",True,ERNIE-4.5-Turbo-32K,True,pass,该回答在诊断准确性、病理逻辑、处方安全性和数据质量方面表现良好，符合猪痢疾的测试数据要求。诊断基于症状、环境及用药史，高度怀疑猪痢疾，并建议实验室确诊，逻辑合理。处方安全，强调确诊前不使用抗生素，避免干扰诊断，并提出隔离、消毒等管理措施。数据质量较高，症状描述详细，风险标识明确。尽管存在诊断中对主要致病菌优先级表述不够突出、传播途径与易感群体细节不足、未提供具体药物示例以及未明确猪痢疾疫病级别等轻微不足，但不影响整体判断，可判为pass。,87.0,28,18,23,20,pass,26.38,23.69,
b5c6462e-2916-5e7a-a718-ed9b9f79be5e,246,猪呼吸道冠状病毒感染,swine_hunyuan_turbos,hunyuan-turbos-20250926,成功,,猪,我家有200头60日龄左右的保育猪，最近一周陆续出现咳嗽、打喷嚏、流鼻涕，部分猪精神稍差，采食量下降，个别体温偏高到39℃左右，之前按细菌性呼吸道感染用了阿莫西林和多西环素，效果不明显，现在还有零星新发病例，想问下是不是还要继续用抗生素？要不要送样检测一下？,结合临床表现（呼吸道症状、发热、精神食欲下降）及抗生素治疗无效的情况，考虑可能为猪呼吸道冠状病毒感染（PRCV），该病属病毒性呼吸道疾病，对常规抗菌药物无直接疗效。需通过实验室检测（如RT-PCR）明确病原。,treatment_direction: 针对PRCV目前无特效抗病毒药物，应以支持疗法为主，改善饲养管理条件，减少应激，保证饮水和饲料供应，必要时补充维生素和电解质以增强抵抗力。；management_measures: 加强通风换气，降低舍内氨气浓度；保持适宜温湿度；分群饲养，减少交叉感染；及时清理粪便，定期消毒；隔离明显病猪以减少传播。；sampling_and_testing: 采集病猪鼻腔拭子、肺组织或血清送至具备资质的兽医实验室进行PRCV核酸检测或抗体检测，以明确诊断。；prohibited_boundary: 严禁使用未经批准的兽药或人用药物；在确诊前不可随意更换或加大抗生素用量；若怀疑重大动物疫病（如非洲猪瘟等），应立即报告当地动物防疫部门，不得擅自处置。,因本病为病毒性感染且无特效治疗药物，不涉及特定药物的休药期问题。若后续使用任何药物，须遵循说明书或官方规定执行。,"{""disease_name"": ""猪呼吸道冠状病毒感染"", ""severity"": ""中等"", ""scene_tags"": [""保育猪"", ""呼吸道症状"", ""抗生素治疗无效"", ""疑似病毒感染""], ""validation_points"": [""症状符合PRCV特征（呼吸道症状、发热、精神食欲下降）"", ""抗生素治疗无效提示非单纯细菌感染"", ""建议送检以排除其他病原""], ""risk_flags"": [""疑似病毒性传染病"", ""需实验室确诊"", ""存在传播风险""], ""case_type"": ""腹泻用药咨询"", ""target_disease"": ""猪呼吸道冠状病毒感染"", ""local_flags"": {""species_ok"": true, ""target_disease_in_diagnosis"": true, ""target_disease_mismatch"": false, ""contains_specific_dose"": false, ""contains_specific_withdrawal"": false, ""regulated_bad_treatment"": false}}",False,False,,,True,False,True,D:\XF-ChongQin\ai-\knowledge\llm_wiki_swine_authoritative,1465,887,"猪呼吸道冠状病毒感染
猪呼吸道冠状病毒感染、porcine respiratory coronavirus
腹泻用药咨询
猪群腹泻后已用过常见抗菌药效果一般，用户询问是否继续用药以及是否需要送检。","{""HUMAN_REVIEWED"": 1, ""NEEDS_REVIEW"": 4}","[""A0-MOA-573"", ""SRC-0001""]",2027,28.72,ERNIE-4.5-Turbo-32K,88,28,18,23,20,False,True,"整体回答质量较高，诊断准确性、病理逻辑、处方安全性和数据质量均表现良好，无明显致命风险。诊断考虑了临床表现和抗生素治疗无效的情况，合理推测为猪呼吸道冠状病毒感染，并建议实验室检测以明确诊断。处方方向安全，以支持疗法为主，并提出了有效的管理措施。数据质量方面，症状描述与疾病特征相符，风险标识明确。
问题：diagnosis_accuracy: 诊断准确性方面，虽然考虑了临床表现和抗生素治疗无效，但未完全排除其他可能的病毒性呼吸道疾病，如猪流感等，诊断依据可进一步丰富。；pathology_logic: 病理逻辑方面，对疾病传播风险的描述可更详细，如提出具体的隔离措施和消毒频率等。；data_quality: 数据质量方面，场景标签和验证点较为全面，但风险标识中可增加对疾病传播速度和潜在经济损失的描述。",hunyuan-turbos-20250926,85,8,8.5,9,8.5,False,False,"该数据整体真实可信，用户描述的保育猪呼吸道症状与猪呼吸道冠状病毒感染（PRCV）的典型表现基本吻合，且抗生素治疗无效提示病毒性病因的可能性较大。诊断思路合理，建议送检病原检测符合规范。处方方向以支持疗法和管理优化为主，未推荐不当用药，安全性高。不足之处在于诊断未充分排除其他类似病毒性疾病（如猪流感），管理措施细节可更具体，风险说明可补充疫情扩散和经济损失评估。
问题：诊断未充分排除其他病毒性呼吸道疾病（如猪流感）。；管理措施缺乏具体频次和量化指标（如消毒频率、隔离范围）。；风险说明缺少对疾病传播速度及经济损失的量化描述。",True,ERNIE-4.5-Turbo-32K,True,pass,整体回答质量较高，诊断考虑了临床表现和抗生素治疗无效的情况，合理推测为猪呼吸道冠状病毒感染，并建议实验室检测以明确诊断，符合病理逻辑。处方方向安全，以支持疗法为主，并提出了有效的管理措施。虽然诊断未完全排除其他病毒性呼吸道疾病，且管理措施和风险说明可进一步细化，但不影响整体方向和安全性，可判pass。,87.0,28,18,23,20,pass,20.19,18.25,
3ed40a5e-bec3-5e19-a07b-f6b2aa406b40,248,猪丝状病毒相关感染,swine_hunyuan_turbos,hunyuan-turbos-20250926,成功,,猪,我家有120头80公斤左右的育肥猪，最近一周陆续出现精神沉郁、食欲下降、体温升高到40℃左右的情况，部分猪呼吸急促、皮肤发红。之前用了氟苯尼考和多西环素拌料喂了三天，症状有所缓解但没完全好转。请问还能继续用这些药吗？会不会是传染病？,结合临床表现（高热、精神差、呼吸急促、皮肤发红）及用药反应，提示可能为病毒性感染，需考虑猪丝状病毒相关感染的可能性，同时不排除其他呼吸道病毒混合感染。由于该病属于高风险病毒病，且存在人兽共患风险，需优先排除重大疫病。,立即停止自行投喂抗生素，避免掩盖病情；将发病猪与健康猪严格隔离，减少人员流动和工具交叉使用；采集血液、鼻拭子或组织样本送具备资质的实验室进行病原检测；加强圈舍通风与消毒，保持干燥清洁；在检测结果明确前，禁止出售、调运或屠宰，并按规定向当地动物防疫部门报告。,因涉及重大疫病排查，暂停一切出栏计划，直至检测结果明确并按主管部门意见执行后续措施。,"{""disease_name"": ""猪丝状病毒相关感染"", ""severity"": ""高"", ""scene_tags"": [""育肥猪"", ""高热"", ""呼吸急促"", ""皮肤发红"", ""用药无效""], ""validation_points"": [""症状符合病毒性发热性疾病特征"", ""抗生素治疗无明显改善支持非细菌性病因"", ""存在人兽共患风险需谨慎处理""], ""risk_flags"": [""重大动物疫病风险"", ""人兽共患风险"", ""跨区域传播风险""], ""case_type"": ""育肥猪用药咨询"", ""target_disease"": ""猪丝状病毒相关感染"", ""local_flags"": {""species_ok"": true, ""target_disease_in_diagnosis"": true, ""target_disease_mismatch"": false, ""contains_specific_dose"": false, ""contains_specific_withdrawal"": false, ""regulated_bad_treatment"": false}}",False,False,,,True,False,True,D:\XF-ChongQin\ai-\knowledge\llm_wiki_swine_authoritative,1465,887,"猪丝状病毒相关感染
猪丝状病毒相关感染、filoviruses reston ebolavirus zaire ebolavirus
育肥猪用药咨询
育肥猪出现典型症状，用户已经用过常见药物但效果一般，询问是否继续用药。","{""NEEDS_REVIEW"": 5}","[""SRC-0001""]",2058,28.87,ERNIE-4.5-Turbo-32K,88,28,18,25,17,False,True,"该回答整体表现良好，诊断准确性较高，能够结合症状和用药反应合理推断病毒性感染的可能性，并考虑了猪丝状病毒相关感染及人兽共患风险。病理逻辑清晰，处方安全合理，符合重大疫病防控要求。数据质量方面，症状描述和场景标签较为全面，但可进一步补充具体检测方法和报告流程的细节。
问题：诊断准确性方面，虽然考虑了病毒性感染和猪丝状病毒相关感染的可能性，但未明确排除其他类似症状的病毒病，如猪瘟或蓝耳病，诊断范围略宽泛。；病理逻辑方面，对症状与病毒性感染的关联性分析较为充分，但对抗生素治疗无效的进一步解释（如细菌耐药性或混合感染）不够深入。；数据质量方面，场景标签和验证点较为全面，但风险标志中未明确提及具体的人兽共患病毒种类（如Reston埃博拉病毒），可能影响防控措施的针对性。；处方安全方面，整体措施合理，但未提及检测结果阴性后的复养计划或生物安全措施的长期执行要求。",hunyuan-turbos-20250926,85,8,8.5,9,8,False,False,"回答能基于真实养殖场景的症状描述，合理推测可能的病毒性感染，并考虑到猪丝状病毒相关感染及人兽共患风险，诊断思路基本正确。处方措施安全、合规，强调隔离、送检、上报等防控措施，无危险用药建议。不足之处在于诊断范围较宽，未明确排除其他高致病性病毒病，且对人兽共患病毒的种类说明不足，影响防控精准度。
问题：诊断未明确排除猪瘟、蓝耳病等常见高致病性病毒病，可能导致防控方向偏差。；未具体指出可能的人兽共患病毒类型，降低防控措施的针对性。；缺乏对抗生素治疗无效原因的深入分析（如耐药性、混合感染）。",True,ERNIE-4.5-Turbo-32K,True,pass,回答整体表现良好，诊断准确性较高，能够结合症状和用药反应合理推断病毒性感染的可能性，并考虑了猪丝状病毒相关感染及人兽共患风险。病理逻辑清晰，处方安全合理，符合重大疫病防控要求。尽管存在诊断范围略宽泛、对人兽共患病毒种类说明不足等轻微不足，但不影响整体判断，可判为pass。,87.0,28,18,25,17,pass,22.15,14.99,
0b423065-2757-598a-9094-03c49177ed16,249,猪乙型脑炎,swine_hunyuan_turbos,hunyuan-turbos-20250926,成功,,猪,我家是200头基础母猪的种猪场，最近有3头怀孕90多天的母猪陆续流产，还有两头公猪精神不振、采食量下降，精液稀薄。气温高、蚊子多，之前没做过乙脑疫苗。这种情况会不会传染？还能继续配种吗？,根据描述，母猪中期流产、死胎及公猪精液质量下降，结合高温、蚊虫活跃的环境特点，高度怀疑为猪乙型脑炎病毒感染所致。该病由日本脑炎病毒引起，通过蚊虫叮咬传播，可导致妊娠母猪流产、死胎及公猪生殖功能受损。,treatment_direction: 目前无特效抗病毒药物，主要采取支持性护理和对症处理，减少继发感染风险。；management_measures: 立即隔离发病母猪和受影响公猪，加强圈舍防蚊灭蚊措施，清理积水，安装纱窗纱门，使用驱蚊剂。对未发病母猪进行紧急疫苗接种（按当地兽医指导），并暂停配种计划直至疫情控制。；sampling_testing: 采集流产胎儿组织、血液样本送实验室进行JEV核酸检测或血清学检测，同时排查其他繁殖障碍病因如PRRS、伪狂犬等。；prohibited_actions: 禁止将疑似病猪及其后代外调销售，禁止与健康猪混群饲养，不得擅自使用未经批准的抗病毒药物。,本病为病毒性传染病，无特定休药期概念，应依据检测结果和疫情解除情况决定恢复配种时间。,"{""disease_name"": ""猪乙型脑炎"", ""severity"": ""中等至严重（可导致繁殖力显著下降）"", ""scene_tags"": [""种猪场"", ""繁殖障碍"", ""蚊媒传播"", ""公猪精液异常""], ""validation_points"": [""符合蚊媒传播的季节与环境特征"", ""妊娠中后期流产提示病毒性繁殖障碍"", ""公猪精液质量下降与JEV感染相符""], ""risk_flags"": [""潜在流行性"", ""需排除其他繁殖障碍病因"", ""存在人畜共患病混淆风险（虽非人兽共患，但需科学沟通）""], ""case_type"": ""种猪繁殖障碍"", ""target_disease"": ""猪乙型脑炎"", ""local_flags"": {""species_ok"": true, ""target_disease_in_diagnosis"": true, ""target_disease_mismatch"": false, ""contains_specific_dose"": false, ""contains_specific_withdrawal"": false, ""regulated_bad_treatment"": false}}",False,False,,,True,False,True,D:\XF-ChongQin\ai-\knowledge\llm_wiki_swine_authoritative,1465,887,"猪乙型脑炎
猪乙型脑炎、japanese encephalitis virus
种猪繁殖障碍
种猪场出现流产、死胎、返情或公猪异常，用户担心传染病和是否继续配种。","{""HUMAN_REVIEWED"": 3, ""NEEDS_REVIEW"": 2}","[""SRC-0001"", ""SRC-0015"", ""SRC-0025"", ""SRC-0035""]",2145,32.36,ERNIE-4.5-Turbo-32K,88,28,18,23,20,False,True,"整体回答质量较高，诊断准确性、病理逻辑、处方安全性和数据质量均表现良好，无明显致命风险，符合通过标准。
问题：diagnosis_accuracy: 诊断准确性得分略低，主要因未完全排除其他繁殖障碍疾病（如PRRS、伪狂犬）的可能性，尽管已提及排查，但未充分强调其重要性。；pathology_logic: 病理逻辑得分中等，因对蚊媒传播机制的详细解释不足，且未明确说明乙脑病毒对公猪生殖系统的具体影响路径。；prescription_safety: 处方安全性得分较高，但‘禁止擅自使用未经批准的抗病毒药物’的表述略显笼统，未具体说明可能的风险药物类别。；data_quality: 数据质量得分中等，因风险标志中提及‘存在人畜共患病混淆风险’但实际乙脑非人兽共患病，此点可能引发误解，尽管后续有科学沟通提示。",hunyuan-turbos-20250926,85,8.5,8.0,9.0,8.0,False,False,"该回答在诊断思路、防控建议和安全边界方面总体合理，能够结合流行病学特征识别猪乙型脑炎，并提出隔离、防蚊、采样检测和暂停配种等措施，避免了危险用药建议。不足之处在于对其他繁殖障碍疾病的鉴别诊断强调不够，蚊媒传播机制解释较简略，以及个别表述可能引起误解。
问题：未充分强调需优先排除PRRS、伪狂犬等其他繁殖障碍疾病的重要性；对乙脑病毒如何通过蚊媒传播及对公猪生殖系统影响的机制解释不足；部分表述（如“人畜共患病混淆风险”）与实际不符，易引发误解",True,ERNIE-4.5-Turbo-32K,True,pass,回答整体质量较高，诊断方向准确，结合了流行病学特征和临床表现，提出了合理的防控建议，包括隔离、防蚊、采样检测和暂停配种等措施，避免了危险用药建议。尽管在鉴别诊断、蚊媒传播机制解释和部分表述准确性方面存在轻微不足，但不影响整体安全性和参考价值。,87.0,28,18,23,20,pass,22.97,17.13,
10794f62-b9e1-571f-8fc5-cdfe40b752e2,252,猪伪狂犬病,swine_hunyuan_turbos,hunyuan-turbos-20250926,成功,,猪,我家有200头90公斤左右的育肥猪，最近几天有几头出现发热、流涎、呼吸急促，有的还伴有神经症状比如抽搐，已经死了两头。之前用过一些抗生素控制呼吸道问题，但效果不明显。现在离计划出栏只剩十来天了，这种情况还能治吗？会不会影响卖猪？,根据描述的症状（高热、流涎、呼吸困难、神经症状）及死亡情况，高度怀疑为猪伪狂犬病感染。该病由伪狂犬病毒引起，可造成急性死亡和神经系统损伤，尤其在育肥阶段暴发时死亡率较高。,立即将发病猪与健康猪隔离，防止水平传播；对全群进行临床观察和体温监测；采集病死猪脑组织、扁桃体等样本送实验室确诊；在确诊前严禁出售或外运任何猪只；若确诊为猪伪狂犬病，应依据当地畜牧兽医部门指导采取扑杀、无害化处理或封锁等措施，不可自行用抗生素治疗代替防控；加强生物安全措施，包括人员车辆消毒、限制外来人员进入场区。,因涉及重大动物疫病，无常规休药期概念，须按官方处置方案执行，未获批准不得出栏销售。,"{""disease_name"": ""猪伪狂犬病"", ""severity"": ""高致死性传染病"", ""scene_tags"": [""育肥猪"", ""高热"", ""流涎"", ""神经症状"", ""临近出栏""], ""validation_points"": [""症状符合猪伪狂犬病典型表现"", ""存在死亡病例提示急性暴发可能"", ""已使用抗生素无效排除单纯细菌感染""], ""risk_flags"": [""重大动物疫病"", ""具有快速传播风险"", ""禁止私自处理或销售""], ""case_type"": ""上市休药期咨询"", ""target_disease"": ""猪伪狂犬病"", ""local_flags"": {""species_ok"": true, ""target_disease_in_diagnosis"": true, ""target_disease_mismatch"": false, ""contains_specific_dose"": false, ""contains_specific_withdrawal"": false, ""regulated_bad_treatment"": false}}",False,False,,,True,False,True,D:\XF-ChongQin\ai-\knowledge\llm_wiki_swine_authoritative,1465,887,"猪伪狂犬病
猪伪狂犬病、pseudorabies aujeszky disease
上市休药期咨询
用户接近出栏，关心治疗方向和用药后能否出栏销售。","{""HUMAN_REVIEWED"": 2, ""NEEDS_REVIEW"": 3}","[""A0-MOA-573"", ""A0-MOA-ASF-NORMALIZED-GUIDE"", ""A1-WOAH-ASF"", ""A1-WOAH-AUJESZKY-DISEASE"", ""SRC-0001"", ""SRC-0012""]",2152,26.92,ERNIE-4.5-Turbo-32K,88,28,18,23,20,False,True,"该回答对猪伪狂犬病的诊断准确，症状描述与疾病特征匹配，诊断逻辑合理，处理方向安全且符合重大疫病防控要求，数据质量较高，无明显错误。
问题：diagnosis_accuracy: 诊断准确性较高，但未完全覆盖所有症状与疾病关联的细节说明，例如神经症状与病毒侵害神经系统的具体机制关联可进一步阐述。；pathology_logic: 病理逻辑基本合理，但对疾病传播途径和防控措施的逻辑链条可更详细，例如隔离措施的具体实施步骤和必要性说明不足。；prescription_safety: 处方安全且符合规范，但对用户关心的出栏问题回应可更具体，例如明确扑杀或无害化处理后的场区清理和恢复生产的时间框架。；data_quality: 数据质量良好，但场景标签和验证点的描述可更丰富，例如增加用户养殖环境、历史疫病记录等背景信息以提升数据完整性。",hunyuan-turbos-20250926,85,8,8.5,9,8.5,False,False,"该案例场景真实，症状与猪伪狂犬病典型表现高度吻合，诊断准确，处理建议符合重大疫病防控原则，无危险用药建议，并强调了官方处置和禁止擅自出栏，安全性高。不足之处在于部分细节解释不够深入，如神经症状机制、隔离操作细节以及出栏相关时间框架的明确性。
问题：神经症状与病毒侵害神经系统的机制解释不足；隔离措施的实施细节和必要性说明不够充分；对用户关心的出栏问题缺乏更具体的恢复生产时间框架",True,ERNIE-4.5-Turbo-32K,True,pass,该回答对猪伪狂犬病的诊断准确，症状描述与疾病特征高度匹配，诊断逻辑合理，处理方向安全且符合重大疫病防控要求。尽管在神经症状机制、隔离措施细节及出栏问题的时间框架上解释不够深入，但这些不足不影响整体诊断和处置方向的安全性，数据质量较高，无明显错误。,87.0,28,18,23,20,pass,18.7,18.86,
da410830-80c7-5b6d-b0e3-2d00a17ae91a,255,猪流感,swine_hunyuan_turbos,hunyuan-turbos-20250926,成功,,猪,我家是60日龄左右的保育猪，大概200头，这几天舍里通风不太好，晚上温度低，白天又闷热，还闻到一股氨味。今天早上发现好几头开始咳嗽、喘气，有的精神差、采食慢，体温也偏高。之前没用过什么药，这种情况是环境问题还是传染病？要不要马上打针？,根据描述，保育猪在通风不良、温差大及氨气浓度高的环境下出现咳嗽、喘气、发热、采食下降等症状，符合猪流感等病毒性呼吸道病的表现特征。但需排除细菌性肺炎、支原体感染以及环境性刺激因素。建议结合流行病学史、临床症状分布、死亡情况进一步判断。,treatment_direction: 针对可能的病毒感染采取支持疗法，改善饲养环境，减少继发细菌感染风险。；management_measures: 立即加强通风换气，降低氨气浓度；保持舍内温湿度适宜，减少昼夜温差；分群管理，减少交叉感染机会；保证饮水清洁充足。；sampling_submission: 采集发病猪的鼻拭子、肺组织或血液样本送实验室进行病毒核酸检测（如RT-PCR），必要时做细菌培养及支原体检测，以明确病原。；prohibited_boundaries: 在未确诊前不得随意使用广谱抗生素预防；若怀疑重大动物疫病（如非洲猪瘟），应立即按当地规定上报并配合隔离、无害化处理等措施。,因未涉及具体药物使用，无特定休药期说明。如使用药物，应遵守国家兽药使用规范并在出栏前确保停药期足够。,"{""disease_name"": ""猪流感"", ""severity"": ""中等"", ""scene_tags"": [""保育猪"", ""呼吸道症状"", ""环境应激"", ""氨气高"", ""温差大""], ""validation_points"": [""症状与猪流感典型表现一致"", ""环境因素可作为诱发条件"", ""需通过实验室检测区分病毒性与细菌性病因""], ""risk_flags"": [""需警惕混合感染"", ""环境控制不足可能导致病情加重""], ""case_type"": ""呼吸道环境诱因"", ""target_disease"": ""猪流感"", ""local_flags"": {""species_ok"": true, ""target_disease_in_diagnosis"": true, ""target_disease_mismatch"": false, ""contains_specific_dose"": false, ""contains_specific_withdrawal"": false, ""regulated_bad_treatment"": false}}",False,False,,,True,False,True,D:\XF-ChongQin\ai-\knowledge\llm_wiki_swine_authoritative,1465,887,"猪流感
猪流感、influenza viruses
呼吸道环境诱因
通风差、氨气重或温差大后出现咳嗽喘气，用户想区分环境应激和传染病。","{""HUMAN_REVIEWED"": 3}","[""RC-RESP-001"", ""SRC-0001"", ""SRC-0042"", ""SRC-0043"", ""SRC-0049"", ""SRC-0050"", ""SRC-0058"", ""SRC-0059"", ""SRC-0066"", ""SRC-0069"", ""SRC-0070"", ""SRC-0086""]",2221,27.88,ERNIE-4.5-Turbo-32K,88,27,18,23,20,False,True,"该回答整体表现良好，诊断准确性较高，症状与疾病匹配合理，诊断逻辑清晰，处理方向安全且与疾病相互印证，数据质量较高。
问题：诊断部分对环境性刺激因素的排除措施描述不够详细，仅提到需结合流行病学史等进一步判断，缺乏具体操作建议。；病理逻辑部分对猪流感与其他类似疾病的鉴别诊断描述不够深入，如与细菌性肺炎、支原体感染的具体鉴别点未详细阐述。；数据质量方面，虽然场景标签和验证点较为全面，但风险标志中仅提到需警惕混合感染和环境控制不足，未涵盖所有可能的风险点。",hunyuan-turbos-20250926,85,90,80,95,85,False,False,"该数据场景真实，用户描述的保育猪咳嗽、喘气、发热、采食下降等症状与猪流感等病毒性呼吸道疾病相符，诊断思路合理且考虑了环境因素与多种病原的可能性。处理方案强调支持治疗、环境改善、采样送检，并提示避免随意用药和重大疫病上报，安全性高。不足之处在于鉴别诊断细节较少，环境性刺激的排查措施不够具体，风险覆盖可更全面。
问题：鉴别诊断中对猪流感与细菌性肺炎、支原体感染的区分要点描述不足；环境性刺激因素的排查与改进措施缺少更具体的操作建议；风险提醒虽提及重大疫病，但未细化到所有潜在高风险情形",True,ERNIE-4.5-Turbo-32K,True,pass,诊断准确性较高，症状与疾病匹配合理，处理方向安全且与疾病相互印证。尽管在鉴别诊断细节、环境性刺激因素的排查措施以及风险覆盖方面存在轻微不足，但整体数据质量较高，不影响其作为参考数据的价值。,87.0,27,18,23,20,pass,18.64,16.34,
451c834c-aae5-576c-b4f4-00ae1055d454,269,仔猪水肿病,swine_hunyuan_turbos,hunyuan-turbos-20250926,成功,,猪,我家有120头25日龄左右的保育猪，这几天陆续有几头开始拉水样稀便，精神差、不吃料，有的肚子鼓胀、眼睑和面部有点肿，体温正常偏低，圈舍通风一般，前几天喂过一次土霉素粉拌料，现在想问这是啥病？该怎么处理？,根据描述，考虑为仔猪水肿病（由产Stx2e毒素的致病性大肠杆菌引起）。该病多见于断奶前后仔猪，常表现为急性神经症状、眼睑及面部水肿、水样腹泻、脱水、采食下降等，部分病例体温不高甚至偏低。结合饲养管理条件（应激、饲料变化）和临床症状，高度怀疑本病。,treatment_direction: 立即停喂可疑饲料，改善圈舍通风与保温，提高环境温度以减少冷应激；对尚能饮水个体给予电解质补液防止脱水；减少应激源，避免突然换料或混群。；management_measures: 将病猪与健康猪分群隔离，加强观察；清理并消毒圈舍地面及用具，保持干燥清洁；暂停使用广谱抗生素以防肠道菌群紊乱，除非经实验室确诊需针对性用药。；sampling_submission: 采集病死猪肠内容物、肝、脾等组织送实验室进行细菌分离培养和毒素检测，同时做病理切片检查血管壁病变特征，以明确病原和排除其他类似疾病。；contraindications: 严禁在未确诊情况下随意使用高剂量广谱抗生素；禁止将病猪与健康猪混养；不得随意出售或转移病猪，以免扩散疫情。,因未使用具体药物，无确定休药期；若后续使用抗生素治疗，应依据所用药品说明书执行相应停药期，并在出栏前确保符合食品安全标准。,"{""disease_name"": ""仔猪水肿病"", ""severity"": ""中等至严重（可导致急性死亡）"", ""scene_tags"": [""保育猪"", ""水样腹泻"", ""面部水肿"", ""采食下降"", ""低温应激""], ""validation_points"": [""症状与水肿病典型表现一致"", ""年龄阶段符合高发期"", ""存在应激因素支持发病机理""], ""risk_flags"": [""潜在重大动物疫病风险"", ""需实验室确诊"", ""存在传播风险""], ""case_type"": ""腹泻群体发病"", ""target_disease"": ""仔猪水肿病"", ""local_flags"": {""species_ok"": true, ""target_disease_in_diagnosis"": true, ""target_disease_mismatch"": false, ""contains_specific_dose"": false, ""contains_specific_withdrawal"": false, ""regulated_bad_treatment"": false}}",False,False,,,True,False,True,D:\XF-ChongQin\ai-\knowledge\llm_wiki_swine_authoritative,1465,887,"仔猪水肿病
仔猪水肿病、edema disease e coli
腹泻群体发病
同窝或同栏出现水样腹泻、脱水、采食下降，用户想知道主要病因和紧急处理。","{""HUMAN_REVIEWED"": 3, ""NEEDS_REVIEW"": 2}","[""SRC-0001"", ""SRC-0006"", ""SRC-0063"", ""SRC-0064""]",2028,30.3,ERNIE-4.5-Turbo-32K,88,28,18,23,20,False,True,"整体回答质量较高，诊断准确，处理方向安全，但病理逻辑和数据质量方面有提升空间。
问题：诊断准确性方面，虽然症状描述与仔猪水肿病高度吻合，但未完全覆盖所有可能症状，评分略扣。；病理逻辑方面，对发病机理的解释不够深入，缺乏对产Stx2e毒素大肠杆菌致病机制的详细阐述。；数据质量方面，场景标签和验证点较为全面，但风险标志中未提及人兽共患风险（尽管仔猪水肿病非人兽共患病，但应明确说明以增强数据完整性）。；处方安全性方面整体良好，但‘暂停使用广谱抗生素’的建议可能过于绝对，应根据实际情况灵活调整。",hunyuan-turbos-20250926,85,90,80,85,82,False,False,"该数据整体真实可信，用户描述的场景与仔猪水肿病的典型表现高度一致，诊断合理且处理措施安全，包含必要的隔离、环境改善和采样送检建议，无明显危险操作。不足之处在于病理机制解释较浅，未明确说明该病非人兽共患病，以及抗生素停用建议可更灵活。
问题：病理机制解释不足，缺少对产Stx2e毒素大肠杆菌致病过程的详细说明；未明确声明仔猪水肿病非人兽共患病，影响数据完整性与风险提示；抗生素停用建议过于绝对化，缺乏临床灵活性",True,ERNIE-4.5-Turbo-32K,True,pass,整体回答质量较高，诊断准确，处理方向安全，符合仔猪水肿病的典型表现。尽管存在病理机制解释不足、未明确说明非人兽共患病、抗生素停用建议过于绝对等轻微不足，但不影响整体判断，可通过补充信息进一步完善。,87.0,28,18,23,20,pass,19.83,19.73,
8fb20f8f-b946-5936-aa66-2a78e614d1c5,275,猪结核病,swine_hunyuan_turbos,hunyuan-turbos-20250926,成功,,猪,我家有200多头育肥猪，平均体重在80公斤左右，最近有几头精神差、食欲下降，体温偏高，持续了四五天，之前用过阿莫西林拌料三天没明显好转。听说可能是结核，想问问该采哪些样送检测？怎么判断是不是结核？怕误诊耽误事。,根据现有信息，猪结核病可能性存在，但该病多为亚临床，常通过屠宰场发现病变才被确认。当前症状（发热、食欲减退）缺乏特异性，需结合剖检及实验室检测才能确诊。建议先排除常见细菌性感染，再考虑结核可能。,treatment_direction: 不建议在未确诊前使用抗结核药物，以免掩盖病情或延误诊断。应优先进行病原学检测和病理学检查。；management_measures: 对可疑个体进行隔离观察，减少与其他猪接触；加强圈舍通风与卫生管理，防止潜在传播。；sampling_and_testing: 采集肺脏、淋巴结等组织样本，有条件可同时取血液做血清学检测；送检至具备资质的兽医实验室进行细菌培养、PCR或组织病理学鉴定。；prohibited_boundaries: 严禁擅自使用人类抗结核药物替代治疗；若确诊为猪结核病，应按当地动物防疫部门要求进行无害化处理或扑杀，不可继续饲养销售。,未确诊前无明确休药期；如确诊且按规定处理，则无后续休药期概念。,"{""disease_name"": ""猪结核病"", ""severity"": ""中等偏重（取决于是否扩散）"", ""scene_tags"": [""育肥猪"", ""亚临床感染"", ""疑似人兽共患风险"", ""采样送检""], ""validation_points"": [""症状非特异，需实验室确诊"", ""采样部位包括肺脏和淋巴结"", ""需专业实验室检测MTBC/MAC""], ""risk_flags"": [""人兽共患潜在风险"", ""未经确诊不得随意用药"", ""需符合动物防疫法规""], ""case_type"": ""采样送检咨询"", ""target_disease"": ""猪结核病"", ""local_flags"": {""species_ok"": true, ""target_disease_in_diagnosis"": true, ""target_disease_mismatch"": false, ""contains_specific_dose"": false, ""contains_specific_withdrawal"": false, ""regulated_bad_treatment"": false}}",False,False,,,True,False,True,D:\XF-ChongQin\ai-\knowledge\llm_wiki_swine_authoritative,1465,887,"猪结核病
猪结核病、tuberculosis
采样送检咨询
用户描述症状后，重点询问采什么样品、如何判断和如何避免误治。","{""HUMAN_REVIEWED"": 3, ""NEEDS_REVIEW"": 2}","[""SRC-0001"", ""SRC-0012"", ""SRC-0078""]",2032,24.59,ERNIE-4.5-Turbo-32K,85,27,18,23,17,False,True,"整体回答较为全面，诊断思路合理，考虑到了猪结核病的非特异性症状和实验室确诊的必要性。采样建议和检测方法符合实际，管理措施和用药禁忌明确，符合人兽共患病的防控要求。
问题：诊断准确性方面，虽然提到了猪结核病的非特异性症状，但对其他可能疾病的排除不够详细。；病理学逻辑方面，对亚临床感染的描述和当前症状的关联性解释不够深入。；数据质量方面，对症状的描述和疾病特征的关联性分析可以更具体。；未明确提及休药期的具体指导（尽管当前场景下合理）",hunyuan-turbos-20250926,90,88,87,95,85,False,False,"回答整体结构清晰，考虑了猪结核病的非典型表现和实验室确诊的重要性，并给出了合理的采样与检测方案。管理措施和禁用行为提示到位，避免了危险建议，符合人兽共患病防控原则。不足之处在于对其他可能疾病的排查描述较笼统，病理机制与当前症状的关联解释不足，数据细节可更丰富。
问题：对除结核病外的常见病因排查不够细致；病理机制与当前症状之间的因果联系阐述不足；症状与疾病特征的分析可更具体化",True,ERNIE-4.5-Turbo-32K,True,pass,回答整体结构清晰，诊断思路合理，考虑到了猪结核病的非特异性症状和实验室确诊的必要性，采样建议和检测方法符合实际，管理措施和用药禁忌明确，符合人兽共患病的防控要求。尽管对其他可能疾病的排查描述较笼统，病理机制与当前症状的关联解释不足，数据细节可更丰富，但不影响整体方向和安全性。,87.0,27,18,23,17,pass,16.13,20.09,
80c9af21-822b-5bdb-9d5a-00bb8ed6b496,277,猪虱病,swine_hunyuan_turbos,hunyuan-turbos-20250926,成功,,猪,我家是200头左右的育肥猪场，现在这批猪大概70日龄左右，最近发现有几头猪总是蹭墙、抓痒，身上能看到一些结痂和小红点，食欲还行但长得比平时慢，粪便偏稀。之前用过一次伊维菌素拌料驱虫，间隔一个多月了，想问问是不是又长虱子了？,根据描述，结合瘙痒、结痂及生长缓慢等症状，考虑为猪虱病可能。确诊需在体表毛发间找到活的虱或虫卵，排除猪疥螨病、猪痘等其他引起皮肤瘙痒的疾病。,建议先对可疑个体进行体表检查，用细齿梳梳理毛发并观察是否有虱或虫卵附着。如确诊猪虱病，可采用经批准的体外驱虫剂按说明书使用，注意轮换作用机制不同的产品以减少耐药风险。同时加强圈舍清洁干燥，减少应激，改善营养水平促进恢复。若症状复杂或怀疑其他病因，应采集病变组织送实验室进一步检测。严禁将疑似重大传染病病例混入正常猪群，必要时按规定上报。,按所用驱虫药品说明书规定执行，确保屠宰前达到安全休药期。,"{""disease_name"": ""猪虱病"", ""severity"": ""中等"", ""scene_tags"": [""育肥猪"", ""群体发病"", ""皮肤瘙痒"", ""生长迟缓""], ""validation_points"": [""症状符合猪虱病常见表现"", ""需镜检或肉眼查找虱/虫卵以支持诊断"", ""需与其他皮肤病鉴别诊断""], ""risk_flags"": [""需排除猪疥螨病"", ""需确认无重大动物疫病混感""], ""case_type"": ""寄生虫群体发病"", ""target_disease"": ""猪虱病"", ""local_flags"": {""species_ok"": true, ""target_disease_in_diagnosis"": true, ""target_disease_mismatch"": false, ""contains_specific_dose"": false, ""contains_specific_withdrawal"": false, ""regulated_bad_treatment"": false}}",False,False,,,True,False,True,D:\XF-ChongQin\ai-\knowledge\llm_wiki_swine_authoritative,1465,887,"猪虱病
猪虱病、external parasites lice
寄生虫群体发病
猪群出现腹泻、消瘦、皮肤瘙痒或生长慢，用户怀疑寄生虫。","{""HUMAN_REVIEWED"": 3, ""NEEDS_REVIEW"": 2}","[""SRC-0001"", ""SRC-0080"", ""SRC-0082""]",2133,30.44,ERNIE-4.5-Turbo-32K,88,27,18,23,20,False,True,"该回答整体表现良好，诊断准确性较高，症状与疾病匹配合理，诊断逻辑清晰，处方安全且与疾病相互印证，数据质量较高。
问题：诊断准确性方面，虽然考虑了猪虱病可能，但未充分强调确诊需体表毛发间找到活的虱或虫卵，此为关键诊断依据，故扣3分。；病理逻辑方面，对猪虱病与其他皮肤病的鉴别诊断描述稍显简略，可进一步细化，故扣2分。；处方安全方面，整体安全合理，但未明确提及具体驱虫剂名称及使用剂量，虽按说明书使用为通用建议，但缺乏具体性，故扣2分。；数据质量方面，整体较高，但场景标签和验证点可进一步丰富和细化，以更全面地反映病例特点，故扣5分。",hunyuan-turbos-20250926,85,8.5,8.5,9,7.5,False,False,"回答整体结构完整，症状与猪虱病高度吻合，诊断思路清晰，并提示了鉴别诊断的重要性。处方建议符合常规防控原则，未给出具体药物剂量或休药期承诺，避免了用药风险。不足之处在于诊断部分对确诊方法强调不够突出，鉴别诊断细节不足，且数据场景信息可更丰富。
问题：确诊方法（体表找活虱或虫卵）未在诊断中作为首要关键点强调；鉴别诊断仅简单列出猪疥螨病和猪痘，缺少更多常见皮肤病对比；数据场景中未补充环境湿度、饲养密度等可能影响虱病发生的因素",True,ERNIE-4.5-Turbo-32K,partly,pass,回答整体结构完整，症状与猪虱病高度吻合，诊断思路清晰，并提示了鉴别诊断的重要性。处方建议符合常规防控原则，未给出具体药物剂量或休药期承诺，避免了用药风险。不足之处在于诊断部分对确诊方法强调不够突出，鉴别诊断细节不足。但整体诊断和处置方向安全且疾病匹配，数据质量较高，故判pass。,87.0,27,18,23,20,pass,21.7,17.13,
538889db-a6d5-5d2d-b66e-f2cf6c3d320c,283,猪后圆线虫病,swine_hunyuan_turbos,hunyuan-turbos-20250926,成功,,猪,我这边是河南一个小型养猪场，存栏大概300头，现在有一批70日龄左右的保育猪，最近几天陆续有猪咳嗽、喘气，有的还发烧，吃料量明显下降，圈舍通风一般，湿度偏高，之前没用过驱虫药，这种情况是不是呼吸道传染病？要不要整栏都打药？,根据描述的症状（咳嗽、喘气、发热、采食下降）以及保育猪阶段、圈舍通风不良、高湿度和缺乏驱虫史，高度怀疑为猪后圆线虫病引起的呼吸道问题。该病由肺线虫寄生在支气管内引起炎症及继发感染，常表现为慢性咳嗽、呼吸急促，严重时可伴发热和食欲下降。需结合剖检和粪便检查进一步确诊。,treatment_direction: 针对肺线虫进行驱虫治疗，并配合改善圈舍通风与降低湿度以减少继发感染风险。；management_measures: 加强圈舍通风换气，保持干燥清洁，减少氨气浓度；对病猪与健康猪分群管理，防止交叉感染。；sampling_and_testing: 采集新鲜粪便送实验室进行虫卵镜检，必要时剖检取支气管内容物查找成虫或幼虫，以确诊。；contraindications_and_boundaries: 严禁使用未经批准的驱虫药物；若发现疑似重大动物疫病（如非洲猪瘟），应立即停止常规治疗并按规定上报，不得自行处理。,因涉及具体药物选择，需依据所用驱虫药说明书及国家相关规定执行，此处不列具体天数。,"{""disease_name"": ""猪后圆线虫病"", ""severity"": ""中等至严重（可导致生长迟缓、继发细菌感染甚至死亡）"", ""scene_tags"": [""保育猪"", ""群体发病"", ""呼吸道症状"", ""高湿环境"", ""无驱虫史""], ""validation_points"": [""症状符合肺线虫感染特征（咳嗽、喘气、发热、采食下降）"", ""保育猪阶段为易感期"", ""圈舍通风差、湿度高为诱发因素""], ""risk_flags"": [""可能继发细菌性肺炎"", ""存在群体传播风险""], ""case_type"": ""呼吸道群体发病"", ""target_disease"": ""猪后圆线虫病"", ""local_flags"": {""species_ok"": true, ""target_disease_in_diagnosis"": true, ""target_disease_mismatch"": false, ""contains_specific_dose"": false, ""contains_specific_withdrawal"": false, ""regulated_bad_treatment"": false}}",False,False,,,True,False,True,D:\XF-ChongQin\ai-\knowledge\llm_wiki_swine_authoritative,1465,887,"猪后圆线虫病
猪后圆线虫病、metastrongylus lungworms
呼吸道群体发病
同栏出现咳嗽、喘气、发热、采食下降，用户想判断病因和是否需要全群用药。","{""HUMAN_REVIEWED"": 1, ""NEEDS_REVIEW"": 4}","[""SRC-0001"", ""SRC-0006"", ""SRC-0007""]",1889,29.09,ERNIE-4.5-Turbo-32K,88,28,18,23,20,False,True,"该回答整体表现良好，诊断准确性较高，症状与疾病匹配合理，诊断逻辑清晰，处理方向安全且与疾病相互印证。数据质量方面，场景描述和验证点较为全面，但部分细节可进一步优化。
问题：diagnosis_accuracy: 诊断准确性较高，但未明确提及剖检和粪便检查的具体重要性，略显不足。；pathology_logic: 病理逻辑基本合理，但对继发感染的描述可更详细，以增强逻辑性。；prescription_safety: 处方安全，但休药期承诺未给出具体天数，虽说明需依据药物说明书，但仍显不够明确。；data_quality: 数据质量良好，但风险标志部分可增加更多具体风险描述，如人兽共患风险等（虽本疾病人兽共患风险低，但可提及一般性预防措施）。",hunyuan-turbos-20250926,85,8.5,8.5,9,8.5,False,False,"该案例场景真实，症状与猪后圆线虫病相符，诊断逻辑合理且处理方案安全，包含必要的采样检测和风险防控提示，无明显危险建议。不足之处在于剖检与粪检的重要性强调不够，对继发感染机制描述略简，休药期表述虽规避了具体数字，但仍有改进空间。
问题：剖检和粪便检查的重要性未充分强调，可能影响确诊的严谨性。；继发感染的机制和危害描述较简略，病理逻辑可更完整。；休药期说明虽避免具体天数，但表述仍显模糊，易引发误解。",True,ERNIE-4.5-Turbo-32K,True,pass,该回答整体表现良好，诊断准确性较高，症状与疾病匹配合理，诊断逻辑清晰，处理方向安全且与疾病相互印证。尽管在剖检和粪便检查的重要性、继发感染的描述以及休药期表述方面存在轻微不足，但不影响整体质量和安全性，可通过优化提升严谨性。,87.0,28,18,23,20,pass,20.62,18.61,
46f484f5-bd45-5d48-9e80-062858cba580,284,猪肾虫病,swine_hunyuan_turbos,hunyuan-turbos-20250926,成功,,猪,我家有120头育肥猪，平均体重在60公斤左右，最近有几头出现精神沉郁、食欲下降，个别尿液颜色偏深，粪便里偶尔能看到白色细条状东西。圈舍是水泥地面，通风一般，温度偏高，之前没做过驱虫。想问这种情况是不是要全群处理？环境怎么弄？要不要采样检查？,根据描述的症状及饲养条件，怀疑为猪肾虫病（Stephanurus dentatus）。该病由肾虫寄生引起，成虫可在肾周囊形成瘘管并随尿液排出虫卵，幼虫移行可导致肝脏损伤，表现为精神差、食欲减退、尿液异常以及粪中偶见虫体。结合圈舍通风不良、高温高湿的环境因素，有利于虫卵孵化及幼虫存活，增加感染机会。,建议采取综合防控措施：1）立即对全群进行环境清洁与消毒，重点清除粪便、尿液残留，保持圈舍干燥通风，减少虫卵孵化和幼虫存活条件；2）实施分批次驱虫，优先针对症状明显个体，后续逐步覆盖全群，驱虫药物选择需依据当地兽医指导，避免使用未经许可的药物；3）采集可疑猪的尿液和粪便样本送实验室镜检，必要时结合剖检观察肝脏病变及肾周囊情况，以确诊；4）严禁将新引进猪直接混入现有猪群，防止带入新的传染源；5）禁止自行使用未经验证的高风险药物或偏方。,因涉及驱虫药物使用，应严格遵循兽医开具的停药建议，确保猪肉产品符合食品安全标准后方可上市销售。,"{""disease_name"": ""猪肾虫病"", ""severity"": ""中等"", ""scene_tags"": [""育肥猪"", ""水泥地面"", ""通风不良"", ""高温高湿""], ""validation_points"": [""症状包括精神沉郁、食欲下降、尿液颜色异常、粪便中可见虫体"", ""环境因素利于虫卵孵化和幼虫存活"", ""需要结合实验室检测确诊""], ""risk_flags"": [""可能全群感染"", ""存在环境污染风险"", ""需专业兽医介入""], ""case_type"": ""驱虫和环境管理"", ""target_disease"": ""猪肾虫病"", ""local_flags"": {""species_ok"": true, ""target_disease_in_diagnosis"": true, ""target_disease_mismatch"": false, ""contains_specific_dose"": false, ""contains_specific_withdrawal"": false, ""regulated_bad_treatment"": false}}",False,False,,,True,False,True,D:\XF-ChongQin\ai-\knowledge\llm_wiki_swine_authoritative,1465,887,"猪肾虫病
猪肾虫病、stephanurus dentatus kidney worm
驱虫和环境管理
用户询问是否需要全群处理、环境清理和复查方式。","{""HUMAN_REVIEWED"": 3, ""NEEDS_REVIEW"": 2}","[""SRC-0001"", ""SRC-0026"", ""SRC-0028"", ""SRC-0082""]",2149,29.09,ERNIE-4.5-Turbo-32K,88,28,18,23,20,False,True,"整体回答质量较高，诊断准确性、病理逻辑、处方安全性和数据质量均表现良好，无明显致命风险，符合通过标准。
问题：诊断准确性方面，症状描述与猪肾虫病的典型表现基本吻合，但未完全覆盖所有可能症状，如肝脏损伤的具体表现，因此扣2分。；病理逻辑方面，对环境因素与疾病发生的关系分析较为全面，但对幼虫移行路径和肝脏损伤机制的阐述略显不足，扣2分。；处方安全性方面，建议合理且安全，但未明确具体驱虫药物名称和剂量，仅强调需兽医指导，略显笼统，扣2分。；数据质量方面，回答结构清晰，信息完整，但部分表述如'严禁将新引进猪直接混入现有猪群'虽正确但略显冗余，扣5分（因数据质量总分25，此处在合理扣分范围内）。",hunyuan-turbos-20250926,85,23,23,24,15,False,False,"该回答整体科学严谨，诊断基于用户提供的症状和环境条件，推测猪肾虫病合理，病因与症状对应性较好；病理机制解释基本到位，但幼虫移行致肝损伤的机理可更详细；防控建议涵盖环境管理、分批驱虫、采样检测及生物安全措施，避免高风险用药，无危险建议；数据表达清晰，但存在少量冗余表述。
问题：诊断部分未提及猪肾虫病可能伴随的其他全身症状（如贫血、消瘦等），覆盖面稍窄。；病理机制中对幼虫移行路径及肝脏损伤过程的描述不够细致。；处方中驱虫措施较笼统，缺少操作细节提示。；部分语句重复或冗余，影响阅读流畅度。",True,ERNIE-4.5-Turbo-32K,True,pass,综合两位评委意见，回答整体科学严谨，诊断准确性较高，病理逻辑基本到位，防控建议合理且安全，无明显致命风险。尽管存在诊断覆盖面稍窄、病理机制描述不够细致、驱虫措施较笼统以及部分表述冗余等轻微不足，但不影响整体质量和参考价值，符合通过标准。,87.0,28,18,23,20,pass,20.53,16.55,
d96479b3-e685-5bfd-b6c2-055e445d9f28,293,非洲猪瘟,swine_hunyuan_turbos,hunyuan-turbos-20250926,成功,,猪,我家有120头育肥猪，平均体重在80公斤左右，最近两天陆续出现发烧到41℃以上、皮肤发红发紫、精神沉郁、食欲下降的情况，有几头还拉血便。之前用过替米考星拌料三天，没见好转。现在想问这种情况是不是非洲猪瘟？如果要送样检测，应该取哪些部位？怎么保存和运输才不影响结果？另外怕误诊耽误处理，有没有什么办法先排除其他常见病？,根据描述的急性高热、皮肤发绀、便血等症状，结合近期未有效控制的病程，高度怀疑非洲猪瘟病毒感染。该病在不同阶段猪均可发生，且病死率高，需立即采取生物安全措施并送检确诊。,treatment_direction: 非洲猪瘟目前无特效治疗药物，发现疑似病例应立即停止任何药物投喂，防止掩盖病情延误处置。；management_measures: 立即限制场内及对外人员、车辆、物资流动，禁止调运生猪和产品；对发病栏舍进行物理隔离，减少接触传播风险；加强场内外消毒，使用农业农村部认可的消毒剂。；sampling_submission: 采集新鲜血液（抗凝）、脾脏、淋巴结、扁桃体等组织样本，冷藏（4℃）运输至具备资质的实验室检测；同时记录临床症状、死亡情况、用药史等信息供实验室参考。；prohibited_actions: 严禁私自剖检病死猪或随意丢弃尸体；禁止使用未经批准的疫苗或药物试图‘治疗’；在未获得检测结果前不得擅自出售、转运或屠宰猪只。,因无可用治疗药物，不涉及停药期；若后续确认非非洲猪瘟，可根据实际用药品种按规范确定休药期。,"{""disease_name"": ""非洲猪瘟"", ""severity"": ""高致死性重大动物疫病"", ""scene_tags"": [""育肥猪"", ""急性高热"", ""皮肤发绀"", ""便血"", ""疑似重大疫病""], ""validation_points"": [""症状符合非洲猪瘟典型表现（高热、皮肤变色、便血）"", ""病程进展快且常规抗生素治疗无效"", ""建议立即采样送检并启动生物安全隔离""], ""risk_flags"": [""重大动物疫病风险"", ""存在跨区域传播隐患"", ""需严格遵循当地官方防控指令""], ""case_type"": ""采样送检咨询"", ""target_disease"": ""非洲猪瘟"", ""local_flags"": {""species_ok"": true, ""target_disease_in_diagnosis"": true, ""target_disease_mismatch"": false, ""contains_specific_dose"": false, ""contains_specific_withdrawal"": false, ""regulated_bad_treatment"": false}}",False,False,,,True,False,True,D:\XF-ChongQin\ai-\knowledge\llm_wiki_swine_authoritative,1465,887,"非洲猪瘟
非洲猪瘟、african swine fever virus、ASF、African swine fever
采样送检咨询
用户描述症状后，重点询问采什么样品、如何判断和如何避免误治。","{""HUMAN_REVIEWED"": 2}","[""SRC-0001"", ""SRC-0031""]",2221,27.03,ERNIE-4.5-Turbo-32K,88,28,18,24,18,False,True,"该回答对非洲猪瘟的诊断准确性较高，症状描述与疾病特征匹配，诊断逻辑合理，处理方向安全且符合疾病防控要求，数据质量良好，无致命风险。
问题：diagnosis_accuracy: 诊断准确性虽高但未完全覆盖所有关键症状（如呕吐、共济失调等虽非必须但可增强诊断全面性），扣2分。；pathology_logic: 病理逻辑部分对疾病传播途径和易感猪群的描述可更详细，以增强逻辑严密性，扣2分。；data_quality: 数据质量方面，症状描述和疾病匹配度较高，但可增加更多临床案例或数据支持以提高说服力，扣7分（考虑到实际场景中数据获取难度，此扣分相对保守）。",hunyuan-turbos-20250926,85,9,9,10,8,False,False,"该回答对非洲猪瘟的症状识别准确，诊断结论合理，处理措施符合生物安全要求，采样与送检指导明确，无危险建议，整体安全性高。不足之处在于诊断细节可更全面，病理机制解释可更深入，数据支撑略显单薄。
问题：诊断部分未提及非洲猪瘟的其他典型症状（如呕吐、共济失调等），可能影响全面性。；病理逻辑中对传播途径、易感群体及潜伏期特点的解释不够详尽。；数据质量上缺乏更多临床案例或流行病学背景信息来增强说服力。",True,ERNIE-4.5-Turbo-32K,True,pass,该回答对非洲猪瘟的诊断准确性较高，症状描述与疾病特征匹配，诊断逻辑合理，处理方向安全且符合疾病防控要求。尽管在诊断细节全面性、病理机制解释深度及数据支撑方面存在轻微不足，但不影响整体判断，数据质量良好，无致命风险。,87.0,28,18,24,18,pass,16.83,16.04,
bcd45e49-5afa-597b-aab8-fcfae833ab41,295,猪传染性胃肠炎,swine_hunyuan_turbos,hunyuan-turbos-20250926,成功,,猪,老师您好，我这边是河南一个自繁自养场，存栏大概1200头，最近一周有20多头不同阶段的猪出现腹泻，最早是刚断奶的小猪（约25日龄），拉的是黄色稀粪带泡沫，后来有几头保育猪（50公斤左右）也开始拉稀，粪便偏水样，个别猪有轻微呕吐，没有发烧，精神还行，采食量下降不明显。之前用过恩诺沙星拌料两天，效果一般。想请教下这种情况是病毒性还是细菌性的？要不要做病原检测？,根据日龄分布、粪便性状及病程特点，应考虑病毒性腹泻的可能，包括猪传染性胃肠炎病毒（TGEV）、猪流行性腹泻病毒（PEDV）、轮状病毒等，同时需排除大肠杆菌、产气荚膜梭菌、球虫等细菌性与寄生虫性因素。建议结合实验室检测明确病原。,立即将腹泻猪与健康猪分群管理，加强保温与饮水卫生，减少应激；采集新鲜粪便或肠内容物送实验室进行病原检测（RT-PCR或电镜）；在确诊前避免使用广谱抗生素掩盖病情；若怀疑为TGEV/PEDV等病毒性腹泻，无特效治疗药物，应以支持疗法为主，如补液、电解质平衡、防止继发细菌感染；严禁随意使用未经批准的抗病毒药物。,因目前仅为对症与支持治疗，无特定化学药物使用，无需标注具体休药期；若后续使用抗生素治疗，应按药品说明书执行并遵守停药期规定。,"{""disease_name"": ""猪传染性胃肠炎"", ""severity"": ""中等"", ""scene_tags"": [""腹泻"", ""多阶段猪"", ""水样便"", ""轻度呕吐"", ""疑似病毒性""], ""validation_points"": [""按日龄分层鉴别腹泻病因"", ""考虑病毒性、细菌性、寄生虫性多重可能性"", ""强调采样送检的重要性""], ""risk_flags"": [""需区分重大疫病与普通腹泻"", ""禁止擅自使用未经批准的药物""], ""case_type"": ""腹泻采样送检"", ""target_disease"": ""猪传染性胃肠炎"", ""local_flags"": {""species_ok"": true, ""target_disease_in_diagnosis"": true, ""target_disease_mismatch"": false, ""contains_specific_dose"": false, ""contains_specific_withdrawal"": false, ""regulated_bad_treatment"": false}}",False,False,,,True,False,True,D:\XF-ChongQin\ai-\knowledge\llm_wiki_swine_authoritative,1465,887,"猪传染性胃肠炎
猪传染性胃肠炎、transmissible gastroenteritis virus、TGE、TGEV
腹泻采样送检
用户描述粪便性状、日龄和病程，重点询问如何鉴别病毒性、细菌性或寄生虫性腹泻。","{""HUMAN_REVIEWED"": 2, ""NEEDS_REVIEW"": 2}","[""RC-DIARRHEA-001"", ""SRC-0001"", ""SRC-0007"", ""SRC-0036"", ""SRC-0052"", ""SRC-0062"", ""SRC-0063"", ""SRC-0064"", ""SRC-0071"", ""SRC-0072"", ""SRC-0073"", ""SRC-0077"", ""SRC-0081""]",2221,31.32,ERNIE-4.5-Turbo-32K,88,28,18,23,20,False,True,"该回答在诊断准确性、病理逻辑、处方安全性和数据质量方面表现良好，整体符合猪传染性胃肠炎的鉴别诊断与处理原则，无明显致命风险。
问题：诊断部分对猪传染性胃肠炎的特异性描述稍显不足，未明确强调其典型症状（如呕吐、水样腹泻在低日龄猪中的高发病率）。；病理逻辑中未充分解释为何排除细菌性腹泻（如大肠杆菌）的依据，仅提及需排除，缺乏具体分析。；处方安全性中未明确提及对哺乳母猪或妊娠母猪的特殊管理建议，尽管场景未明确涉及，但作为自繁自养场应考虑全面性。；数据质量中场景标签和验证点覆盖较全，但风险标志中“禁止擅自使用未经批准的药物”可进一步细化至具体药物类别（如干扰素、免疫增强剂等）。",hunyuan-turbos-20250926,85,8.5,8.2,9.0,8.6,False,False,"回答总体准确，能够结合年龄分布、粪便性状和病程特征提出病毒性腹泻的可能性，并列出常见病原及需排除的细菌性和寄生虫因素，建议实验室检测合理且必要。处方措施以隔离、保温、支持疗法为主，避免滥用抗生素，符合安全规范。不足之处在于对猪传染性胃肠炎的典型临床特征描述不够突出，对排除细菌性腹泻的理由分析不足，以及缺少针对自繁自养场特殊群体（如哺乳母猪）的管理提示。
问题：诊断中对猪传染性胃肠炎的典型症状（低日龄仔猪高发、呕吐+水样腹泻）强调不足；病理逻辑未详细阐述排除细菌性腹泻的具体依据；处方未考虑自繁自养场可能存在的哺乳母猪或妊娠母猪的特殊管理措施",True,ERNIE-4.5-Turbo-32K,True,pass,回答在诊断准确性、病理逻辑、处方安全性和数据质量方面表现良好，符合猪传染性胃肠炎的鉴别诊断与处理原则，无明显致命风险。尽管存在对猪传染性胃肠炎典型症状描述不足、排除细菌性腹泻依据分析不充分以及未考虑自繁自养场特殊群体管理建议等轻微不足，但整体不影响回答的准确性和安全性，可判为pass。,87.0,28,18,23,20,pass,22.15,15.78,
70c60b0b-431d-57b8-890d-52103a4e6c3b,299,猪胸膜肺炎,swine_hunyuan_turbos,hunyuan-turbos-20250926,成功,,猪,我家有120头70公斤左右的育肥猪，最近一周陆续出现咳嗽、喘气、个别猪体温升高到40℃以上，还有几头精神沉郁不吃料，呼吸时腹部起伏明显，有的呈犬坐姿势。之前用过替米考星拌料三天，症状有所缓解但停药后又反复。圈舍通风一般，冬季保温靠煤炉，地面潮湿。想问问这种情况该采哪些样品送检测？会不会是多种病原混合感染？,根据描述，育肥猪在寒冷、通风不良环境下出现急性呼吸道症状，伴高热、犬坐呼吸，提示可能存在细菌性呼吸道感染，其中猪胸膜肺炎放线杆菌（Actinobacillus pleuropneumoniae）是重要怀疑对象。结合病史中有用药后部分缓解的情况，不排除与其他呼吸道病原（如猪流感病毒、蓝耳病毒、支原体等）混合感染的可能。此外，环境应激（低温、高湿、通风不足）可加重病情并诱发继发感染。,treatment_direction: 立即改善饲养环境，加强通风换气，降低湿度，减少氨气积聚；对发病猪进行分群管理，防止交叉感染；尽快采集鼻拭子、肺组织及血液样品送实验室检测，明确病原种类及是否为混合感染；根据检测结果选择敏感抗生素进行治疗，避免盲目使用广谱抗生素导致耐药。；management_measures: 隔离病猪，限制人员及工具交叉使用；清理圈舍粪便，保持干燥清洁；调整饲喂方式，保证饮水充足；监测全群健康状况，记录死亡和康复情况。；sampling_and_testing: 建议采集发病猪的鼻腔拭子、气管灌洗液、肺组织（必要时剖检获取）以及血清，送具备资质的兽医实验室进行细菌培养鉴定、PCR检测（包括胸膜肺炎放线杆菌、猪流感病毒、蓝耳病毒、支原体等），并结合病理学检查综合判断。；prohibited_boundaries: 严禁将疑似重大动物疫病病例隐瞒不报或私自出售、运输；禁止使用未经批准的兽药或超范围用药；在未确诊前不得大规模投喂广谱抗生素以防掩盖病情。,具体休药期需依据所用药物种类、剂量及国家相关规定执行，应在兽医指导下确定，并在出栏前确保符合食品安全标准。,"{""disease_name"": ""猪胸膜肺炎"", ""severity"": ""中等至严重（视混合感染及环境控制情况而定）"", ""scene_tags"": [""育肥猪"", ""呼吸道症状"", ""环境应激"", ""用药史"", ""疑似混合感染""], ""validation_points"": [""症状与胸膜肺炎放线杆菌感染相符"", ""环境通风不良为诱因之一"", ""用药后部分缓解提示可能为细菌感染"", ""需要实验室检测排除其他病原""], ""risk_flags"": [""潜在混合感染"", ""环境管理缺陷"", ""疫情扩散风险""], ""case_type"": ""呼吸道采样送检"", ""target_disease"": ""猪胸膜肺炎"", ""local_flags"": {""species_ok"": true, ""target_disease_in_diagnosis"": true, ""target_disease_mismatch"": false, ""contains_specific_dose"": false, ""contains_specific_withdrawal"": false, ""regulated_bad_treatment"": false}}",False,False,,,True,False,True,D:\XF-ChongQin\ai-\knowledge\llm_wiki_swine_authoritative,1465,887,"猪胸膜肺炎
猪胸膜肺炎、actinobacillus pleuropneumoniae pleuropneumonia
呼吸道采样送检
呼吸道症状持续，用药效果不稳定，用户询问采什么样品和如何鉴别混合感染。","{""HUMAN_REVIEWED"": 3, ""NEEDS_REVIEW"": 2}","[""A0-MOA-573"", ""RC-RESP-001"", ""SRC-0001"", ""SRC-0007"", ""SRC-0042"", ""SRC-0043"", ""SRC-0049"", ""SRC-0050"", ""SRC-0058"", ""SRC-0059"", ""SRC-0066"", ""SRC-0069"", ""SRC-0070"", ""SRC-0076"", ""SRC-0086""]",2092,31.51,ERNIE-4.5-Turbo-32K,88,28,18,23,20,False,True,"该回答整体表现良好，诊断准确性较高，症状与疾病匹配合理，诊断逻辑清晰，考虑到了环境因素和混合感染的可能性。处方安全，建议的采样和检测方法科学，管理措施得当，且注意到了用药安全和食品安全问题。数据质量方面，虽然信息完整，但部分细节可进一步优化。
问题：诊断准确性方面，虽然考虑到了混合感染的可能性，但对具体病原的鉴别诊断可进一步细化。；病理学逻辑方面，对环境因素与疾病关系的阐述可更深入。；处方安全方面，虽然整体安全，但休药期的表述略显模糊，未给出具体药物和剂量下的休药期建议。；数据质量方面，场景标签和验证点可更具体，风险标志的描述可更详细。",hunyuan-turbos-20250926,85,90,85,80,85,False,False,"该案例场景真实，症状与目标疾病高度吻合，诊断考虑了主要病原体及可能的混合感染，并分析了环境诱因，逻辑清晰。处方建议科学合理，强调先检测再治疗，避免了盲目用药，同时提出了严格的管理措施和安全边界。不足之处在于休药期表述较笼统，存在一定合规风险，且病原鉴别和环境致病机制分析可进一步深化。
问题：休药期说明过于笼统，缺乏针对具体药物的指导，可能误导用户忽视合规用药的重要性。；对病原混合感染的鉴别诊断可更细化，例如增加不同病原的检测优先级建议。；环境因素与疾病发生机制的关联分析不够深入。",True,ERNIE-4.5-Turbo-32K,True,pass,该回答整体表现良好，诊断准确性较高，症状与疾病匹配合理，诊断逻辑清晰，考虑到了环境因素和混合感染的可能性。处方安全，建议的采样和检测方法科学，管理措施得当，且注意到了用药安全和食品安全问题。虽然休药期表述略显模糊，病原鉴别和环境致病机制分析可进一步深化，但不影响整体质量，可判pass。,87.0,28,18,23,20,pass,20.61,20.32,
4c3ec1ec-3cf0-5164-b338-be64714f5ba6,300,猪大肠杆菌病,swine_hunyuan_turbos,hunyuan-turbos-20250926,成功,,猪,我家有200头90公斤左右的育肥猪，还有20天就准备出栏了，这几天陆续有几头开始拉稀，粪便偏黄绿色带泡沫，精神食欲还行，体温正常，圈舍湿度偏高，之前没用过药。这种情况还能继续养到出栏吗？要不要隔离或者提前卖？,根据描述，考虑为猪大肠杆菌病（Colibacillosis），可能为肠毒素型ETEC引起的急性腹泻。当前未见明显全身症状，提示病变尚局限在肠道，但高湿环境和密集饲养可能促进病原扩散。,treatment_direction: 针对大肠杆菌感染进行对症治疗，改善圈舍通风降湿，减少应激，防止继发感染。；management_measures: 立即将腹泻猪与健康猪分栏管理，加强饮水卫生，添加电解质补液防脱水，调整饲喂量逐步恢复。；sampling_and_testing: 采集新鲜粪便送实验室做细菌分离鉴定及药敏试验，必要时采血排查是否发展为菌血症。；prohibited_boundaries: 禁止使用未经批准的抗生素或超范围用药；禁止在未明确病原前盲目使用广谱抗菌药物以防耐药性产生。,任何药物治疗后均需遵守相应药物的停药期规定，并在出栏前进行残留检测合格方可上市。,"{""disease_name"": ""猪大肠杆菌病"", ""severity"": ""中等"", ""scene_tags"": [""育肥猪"", ""临近出栏"", ""腹泻"", ""高湿环境""], ""validation_points"": [""症状符合ETEC所致急性腹泻特征"", ""无全身高热等菌血症表现"", ""环境管理因素与发病相符""], ""risk_flags"": [""潜在群体传播风险"", ""临近出栏需关注停药期""], ""case_type"": ""腹泻出栏边界"", ""target_disease"": ""猪大肠杆菌病"", ""local_flags"": {""species_ok"": true, ""target_disease_in_diagnosis"": true, ""target_disease_mismatch"": false, ""contains_specific_dose"": false, ""contains_specific_withdrawal"": false, ""regulated_bad_treatment"": false}}",False,False,,,True,False,True,D:\XF-ChongQin\ai-\knowledge\llm_wiki_swine_authoritative,1465,887,"猪大肠杆菌病
猪大肠杆菌病、colibacillosis、大肠杆菌、大肠杆菌性腹泻、E. coli
腹泻出栏边界
临近出栏猪群出现腹泻，用户关心处理方向、隔离和用药后能否销售。","{""HUMAN_REV"": 1, ""HUMAN_REVIEWED"": 2, ""NEEDS_REVIEW"": 2}","[""SRC-0001"", ""SRC-0063"", ""SRC-0064""]",2221,28.41,ERNIE-4.5-Turbo-32K,88,27,18,23,20,False,True,"诊断准确，症状与猪大肠杆菌病（ETEC型急性腹泻）匹配，病理逻辑合理，处理方向安全且与疾病印证，数据质量较高，无致命风险。
问题：diagnosis_accuracy: 诊断依据可补充更多细节（如粪便pH、ETEC特异性毒素检测等）以增强准确性，当前扣3分。；pathology_logic: 未明确说明高湿环境如何具体促进ETEC增殖及传播机制，逻辑链条稍显薄弱，扣2分。；data_quality: 场景标签和验证点较全面，但风险标志中‘潜在群体传播风险’未量化说明，扣5分。",hunyuan-turbos-20250926,85,9,8,10,9,False,False,"该案例场景真实，症状与猪大肠杆菌病（ETEC型急性腹泻）高度吻合，诊断准确且处理方案安全合理，包含必要的生物安全措施和检测建议，无明显危险建议。不足之处在于部分病理机制解释不够深入，以及风险量化不足。
问题：病理机制中对高湿环境促进ETEC增殖和传播的具体路径描述不足；对潜在群体传播风险的量化分析缺失",True,ERNIE-4.5-Turbo-32K,True,pass,诊断与症状匹配，处置方向安全合理，符合猪大肠杆菌病（ETEC型急性腹泻）的处理原则，虽存在病理机制解释不够深入和风险量化不足的轻微不足，但整体数据质量较高，无致命风险。,87.0,27,18,23,20,pass,20.98,16.78,
c312d1da-d697-5d2f-a172-c84d37514219,301,仔猪黄白痢,swine_hunyuan_turbos,hunyuan-turbos-20250926,成功,,猪,我家有200头左右25日龄左右的保育猪，这几天陆续有几窝开始拉黄色稀便，有的带点白色黏液，精神差、吃奶少，个别肚子瘪下去了，圈舍温度偏低、通风一般，之前用过庆大霉素拌料没明显好转，想问问这是啥毛病，该怎么处理？,根据描述，考虑为仔猪黄白痢，主要由致病性大肠杆菌引起，常见于哺乳后期至刚断奶阶段，受寒冷应激、卫生条件差等因素诱发。临床表现为黄色或黄白色水样腹泻、脱水、食欲下降，严重者可见消瘦甚至死亡。,立即改善保温与通风，减少冷风直吹；对腹泻严重个体进行补液防脱水；加强圈舍清洁消毒，防止粪口传播；采集新鲜粪便送实验室做病原鉴定及药敏试验，指导后续用药；避免使用未经药敏的抗生素以防耐药性增加；若怀疑混合感染或病情扩散迅速，应联系当地畜牧兽医部门进行排查。,因未确定具体药物方案，暂无法给出明确休药期建议，需依据最终使用药物及检测结果由专业兽医制定。,"{""disease_name"": ""仔猪黄白痢"", ""severity"": ""中等偏重"", ""scene_tags"": [""保育猪"", ""腹泻"", ""大肠杆菌"", ""低温应激""], ""validation_points"": [""符合仔猪黄白痢高发日龄与季节特征"", ""症状与流行病学特点一致"", ""强调病原检测与药敏的重要性""], ""risk_flags"": [""潜在群体传播风险"", ""需排除其他病原混合感染""], ""case_type"": ""腹泻群体发病"", ""target_disease"": ""仔猪黄白痢"", ""local_flags"": {""species_ok"": true, ""target_disease_in_diagnosis"": true, ""target_disease_mismatch"": false, ""contains_specific_dose"": false, ""contains_specific_withdrawal"": false, ""regulated_bad_treatment"": false}}",False,False,,,True,False,True,D:\XF-ChongQin\ai-\knowledge\llm_wiki_swine_authoritative,1465,887,"仔猪黄白痢
仔猪黄白痢、neonatal post weaning colibacillosis、黄白痢、大肠杆菌、仔猪大肠杆菌病
腹泻群体发病
同窝或同栏出现水样腹泻、脱水、采食下降，用户想知道主要病因和紧急处理。","{""HUMAN_REVIEWED"": 1, ""NEEDS_REVIEW"": 4}","[""SRC-0001"", ""SRC-0063""]",2055,26.28,ERNIE-4.5-Turbo-32K,88,28,18,23,20,False,True,"整体回答质量较高，诊断准确，处理方向安全合理，数据质量较好，无明显致命风险。
问题：诊断准确性方面，虽然整体判断正确，但未完全覆盖所有可能症状（如白色黏液的具体分析不足），扣2分。；病理逻辑方面，对寒冷应激和卫生条件差等诱因的阐述可更深入，扣2分。；处方安全性方面，未提供具体药物方案但强调了药敏试验的重要性，体现了安全性，但可进一步建议一些初步的、安全的支持性治疗措施，扣2分。；数据质量方面，回答较为完整，但部分细节（如症状与疾病匹配的详细程度）可进一步提升，扣5分。",hunyuan-turbos-20250926,85,90,88,92,80,False,False,"该回答在诊断上基本准确，能够结合年龄、症状和环境因素指向仔猪黄白痢，并提示可能的致病原因。处理建议注重环境改善、补液、病原检测及避免盲目用药，符合安全原则。不足之处在于对症状细节的分析不够深入，诱因机制解释略显简略，且缺少更具体的初期支持治疗建议。整体无致命风险。
问题：对白色黏液等症状特征的解释不足，未能充分关联病理机制。；对寒冷应激和卫生条件差的致病作用分析较浅。；缺乏针对初期症状的简单支持性治疗建议（如口服补液盐配方）。",True,ERNIE-4.5-Turbo-32K,mostly,pass,诊断准确，结合年龄、症状和环境因素指向仔猪黄白痢，并提示可能的致病原因。处理建议注重环境改善、补液、病原检测及避免盲目用药，符合安全原则。尽管对症状细节的分析不够深入，诱因机制解释略显简略，且缺少更具体的初期支持治疗建议，但整体回答质量较高，无明显致命风险。,87.0,28,18,23,20,pass,19.11,18.94,
5b6d0950-0df3-5081-a74a-83b6b03ab54b,303,猪支原体肺炎,swine_hunyuan_turbos,hunyuan-turbos-20250926,成功,,猪,我家有120头60日龄左右的保育猪，最近几天舍内通风不太好，早上起来能闻到明显氨味，白天温度又忽高忽低，现在有几头开始干咳、呼吸急促，有的还张嘴喘，之前没用过什么药，这种情况是环境应激还是传染性的？,结合年龄、环境条件和临床表现，考虑存在猪支原体肺炎（M. hyopneumoniae所致）的可能，同时不排除混合感染如PRRSV、PCV2等导致继发性支气管肺炎的风险。环境应激可诱发或加重本病。,treatment_direction: 改善饲养环境，降低氨气浓度，稳定舍温；在兽医指导下使用针对猪支原体的敏感抗生素控制细菌感染，并兼顾可能的病毒协同因素。；management_measures: 加强通风换气，减少粉尘与有害气体积聚；调整饲喂密度，保持圈舍干燥清洁；分栏管理，减少交叉感染机会。；sampling_and_testing: 采集鼻拭子、肺组织及血液样本送实验室进行PCR检测，明确是否存在M. hyopneumoniae及其他常见呼吸道病原体（如PRRSV、PCV2）。；prohibited_boundaries: 严禁自行使用未经批准的兽药或超范围用药；发现疑似重大动物疫病须立即报告当地畜牧兽医部门，不得擅自处理。,按所用药物说明执行相应休药期，确保上市前停药时间符合规定。,"{""disease_name"": ""猪支原体肺炎"", ""severity"": ""中等至严重（视继发感染情况而定）"", ""scene_tags"": [""保育猪"", ""环境应激"", ""呼吸道症状"", ""潜在混合感染""], ""validation_points"": [""年龄与易感性匹配"", ""环境与症状相符"", ""鉴别诊断需排除其他呼吸道病原""], ""risk_flags"": [""可能混合病毒感染"", ""环境管理不良"", ""需实验室确诊""], ""case_type"": ""呼吸道环境诱因"", ""target_disease"": ""猪支原体肺炎"", ""local_flags"": {""species_ok"": true, ""target_disease_in_diagnosis"": true, ""target_disease_mismatch"": false, ""contains_specific_dose"": false, ""contains_specific_withdrawal"": false, ""regulated_bad_treatment"": false}}",False,False,,,True,False,True,D:\XF-ChongQin\ai-\knowledge\llm_wiki_swine_authoritative,1465,887,"猪支原体肺炎
猪支原体肺炎、mycoplasmosis enzootic pneumonia
呼吸道环境诱因
通风差、氨气重或温差大后出现咳嗽喘气，用户想区分环境应激和传染病。","{""HUMAN_REVIEWED"": 2, ""NEEDS_REVIEW"": 2}","[""SRC-0001"", ""SRC-0026"", ""SRC-0069""]",2221,23.95,ERNIE-4.5-Turbo-32K,88,28,18,23,20,False,True,"该回答整体表现良好，诊断准确性较高，考虑了环境应激和混合感染的可能性，处方安全且与疾病相互印证，数据质量基本满足要求。
问题：诊断准确性方面，虽然考虑了混合感染的可能性，但未明确提及具体诊断依据或优先级，略显笼统。；病理逻辑方面，对环境应激与疾病关系的阐述可更深入，以增强诊断的说服力。；数据质量方面，场景标签和验证点较为全面，但风险标志中提及的'需实验室确诊'未在后续处理中充分体现其紧迫性。",hunyuan-turbos-20250926,85,8,8,9,8,False,False,"该案例场景真实，用户描述的环境条件与症状表现符合猪支原体肺炎的典型诱因与临床特征，诊断考虑了主要病原及可能的混合感染，处方方向合理且包含安全边界提示，未出现危险用药建议。不足之处在于诊断依据不够细化，对混合感染的优先级和环境-病原关系解释不足，采样检测的重要性未在处置流程中突出体现。
问题：诊断部分缺乏明确的优先顺序和具体依据，仅泛化提及混合感染可能。；对环境应激与支原体肺炎发病机制的关联分析较浅，未能强化诊断说服力。；虽提到需实验室确诊，但在后续处理措施中未强调其必要性和紧迫性。",True,ERNIE-4.5-Turbo-32K,True,pass,该回答诊断准确性较高，考虑了环境应激和混合感染的可能性，处方安全且与疾病相互印证。尽管在诊断依据细化、环境-病原关系解释及采样检测紧迫性方面存在轻微不足，但整体方向正确，数据质量基本满足要求，不影响最终判断。,87.0,28,18,23,20,pass,15.83,16.48,
20bf8b9a-41a0-543b-a289-f339c2110217,306,猪痢疾,swine_hunyuan_turbos,hunyuan-turbos-20250926,成功,,猪,我家有200头80公斤左右的育肥猪，这几天陆续出现拉稀带血、粪便稀薄带黏液的情况，部分猪精神差、食欲下降，已经持续四五天了。圈舍通风一般，最近没换饲料，之前用过一些土霉素拌料，效果不明显。现在离计划出栏只剩十来天，这种情况还能治吗？会不会影响卖猪？,根据描述的症状（血性腹泻、黏液便、食欲减退）、群体发病及病程特点，高度怀疑为猪痢疾。该病由强β溶血性Brachyspira属细菌（包括B. hyodysenteriae、B. hampsonii、B. suanatina）引起，典型病变在结肠，需结合剖检及实验室检测（如结肠黏膜涂片染色观察强β溶血菌）确诊。,建议立即将病猪与健康猪分群管理，减少应激，改善圈舍通风与卫生，防止交叉污染。尽快采集典型病例的新鲜粪便或结肠内容物送实验室进行强β溶血Brachyspira检测，明确病原种类。若确诊为猪痢疾，可在兽医指导下选用对Brachyspira有效的抗生素进行治疗，并严格执行停药期规定后方可出栏。严禁使用未经批准的兽药或在临近出栏时随意投药，以免违反食品安全法规。对于疑似重大疫情，应按规定向当地动物防疫部门报告，必要时采取隔离、消毒等措施。,任何药物治疗均须遵守相应兽药的休药期规定，并在兽医指导下执行，确保猪肉产品符合食品安全标准方可上市销售。,"{""disease_name"": ""猪痢疾"", ""severity"": ""中等至严重（可导致生长迟缓、死亡，经济损失大）"", ""scene_tags"": [""育肥猪"", ""群体发病"", ""血性腹泻"", ""临近出栏""], ""validation_points"": [""症状与猪痢疾典型表现一致"", ""需实验室检测强β溶血Brachyspira确诊"", ""治疗前需考虑休药期与食品安全""], ""risk_flags"": [""临近出栏期用药需谨慎，避免违规销售"", ""存在群体传播风险，需及时隔离防控"", ""疑似重大疫病需按程序上报""], ""case_type"": ""上市休药期咨询"", ""target_disease"": ""猪痢疾"", ""local_flags"": {""species_ok"": true, ""target_disease_in_diagnosis"": true, ""target_disease_mismatch"": false, ""contains_specific_dose"": false, ""contains_specific_withdrawal"": false, ""regulated_bad_treatment"": false}}",False,False,,,True,False,True,D:\XF-ChongQin\ai-\knowledge\llm_wiki_swine_authoritative,1465,887,"猪痢疾
猪痢疾、swine dysentery brachyspira hyodysenteriae、swine dysentery、Brachyspira
上市休药期咨询
用户接近出栏，关心治疗方向和用药后能否出栏销售。","{""HUMAN_REVIEWED"": 2}","[""SRC-0001"", ""SRC-0077""]",2221,30.36,ERNIE-4.5-Turbo-32K,88,28,18,23,20,False,True,"整体回答质量较高，诊断准确性、病理逻辑、处方安全性和数据质量均表现良好，无明显致命风险，符合通过标准。
问题：诊断准确性方面，虽然症状描述与猪痢疾典型表现一致，但未明确提及实验室检测的必要性在诊断中的权重，略显不足。；病理逻辑方面，对猪痢疾的病理机制解释不够深入，如未详细阐述强β溶血Brachyspira属细菌如何导致结肠病变。；处方安全性方面，虽然强调了遵守休药期规定和兽医指导，但对具体抗生素的选择和使用剂量未给出明确建议，可能让用户感到困惑。；数据质量方面，回答内容较为全面，但部分信息如“严禁使用未经批准的兽药”等，虽重要但略显笼统，未具体说明哪些兽药未经批准。",hunyuan-turbos-20250926,85,90,80,85,85,False,False,"该回答整体科学严谨，诊断依据充分且与用户描述的临床症状吻合，处方建议合理且包含必要的生物安全和法规提醒，无危险用药建议。不足之处在于对实验室确诊的重要性强调不够，病理机制解释较浅，以及部分表述偏笼统。
问题：未突出实验室检测在确诊猪痢疾中的关键作用；对强β溶血Brachyspira致病的病理过程解释不足；对禁用兽药的具体范围未作细化说明",True,ERNIE-4.5-Turbo-32K,True,pass,整体回答科学严谨，诊断依据与用户描述的临床症状吻合，处方建议合理且包含必要的生物安全和法规提醒，无危险用药建议。尽管在实验室检测必要性、病理机制解释和禁用兽药具体范围方面存在轻微不足，但不影响整体质量和安全性，符合通过标准。,87.0,28,18,23,20,pass,21.51,16.35,
7da7c3e7-7607-51d8-b216-bfcc5c47ca60,309,猪霉菌毒素中毒,swine_hunyuan_turbos,hunyuan-turbos-20250926,成功,,猪,我家有120头育肥猪，平均体重在70公斤左右，前几天刚换了一批新玉米做的全价料，喂了两天后陆续有几头出现不吃料、呕吐、精神沉郁的情况，还有一头母猪配种后返情率明显升高。舍内通风一般，温度偏高，之前没出现过这种情况，想问问是不是饲料有问题？,根据描述，结合近期更换饲料原料（玉米）、群体性采食下降、呕吐及繁殖障碍等表现，高度怀疑为猪霉菌毒素中毒。霉菌毒素可在收获、储存或运输过程中污染谷物，导致猪群摄入后引发多系统毒性反应，包括消化系统、神经系统及生殖内分泌紊乱。,treatment_direction: 立即停喂可疑批次饲料，更换为无霉变、质量可靠的饲料；提供清洁饮水，适当添加维生素C、电解质等支持疗法缓解应激；对严重病例进行对症治疗（如止吐、补液）。；management_measures: 加强饲料原料采购验收，确保玉米等谷物干燥、无霉变；改善圈舍通风降温条件，减少热应激；记录发病个体，观察恢复情况。；sampling_and_testing: 采集剩余可疑饲料样品送实验室检测霉菌毒素含量（如黄曲霉毒素B1、呕吐毒素DON、玉米赤霉烯酮ZEN等），同时保留部分样品备查。；prohibited_boundaries: 严禁将疑似中毒饲料继续饲喂其他猪群；若检测结果超标，应按规定向当地畜牧兽医部门报告，并配合采取无害化处理措施。,因属中毒事件而非药物残留，不涉及常规休药期概念，但需待饲料更换且临床症状消失后方可恢复正常销售或屠宰安排。,"{""disease_name"": ""猪霉菌毒素中毒"", ""severity"": ""中等至重度（视毒素种类与摄入量而定）"", ""scene_tags"": [""饲料更换"", ""育肥猪"", ""母猪繁殖障碍"", ""高温高湿""], ""validation_points"": [""更换饲料后出现群体性消化道和神经症状"", ""伴随繁殖性能下降提示内分泌干扰"", ""环境条件利于霉菌生长""], ""risk_flags"": [""潜在饲料污染"", ""群体健康风险"", ""需实验室确诊""], ""case_type"": ""饲料中毒咨询"", ""target_disease"": ""猪霉菌毒素中毒"", ""local_flags"": {""species_ok"": true, ""target_disease_in_diagnosis"": true, ""target_disease_mismatch"": false, ""contains_specific_dose"": false, ""contains_specific_withdrawal"": false, ""regulated_bad_treatment"": false}}",False,False,,,True,False,True,D:\XF-ChongQin\ai-\knowledge\llm_wiki_swine_authoritative,1465,887,"猪霉菌毒素中毒
猪霉菌毒素中毒、mycotoxins in grains and feeds
饲料中毒咨询
更换饲料或玉米批次后出现采食下降、呕吐、繁殖异常或神经症状，用户怀疑饲料问题。","{""NEEDS_REVIEW"": 2, ""PROCESSED_SOURCE_ANCHORED"": 2}","[""SRC-0001"", ""SRC-0085""]",2220,29.81,ERNIE-4.5-Turbo-32K,88,28,18,24,18,False,True,"整体回答质量较高，诊断准确，处理方向安全，但数据质量方面存在一定提升空间。
问题：diagnosis_accuracy: 诊断准确度较高，但未明确提及具体霉菌毒素种类与症状的对应关系，略显笼统。；pathology_logic: 病理逻辑基本合理，但未详细解释霉菌毒素如何导致繁殖障碍及神经症状的具体机制。；prescription_safety: 处方安全，但未提及对严重病例的具体止吐、补液药物选择及剂量。；data_quality: 数据质量一般，未提供实验室检测的具体流程或参考标准，且未明确环境温度偏高的具体数值及影响。",hunyuan-turbos-20250926,85,90,80,90,75,False,False,"该条数据整体真实可信，用户描述的场景符合霉菌毒素中毒的典型诱因与临床表现，诊断依据充分且与症状对应。处理方案安全，包含停用可疑饲料、送检、上报等必要环节，无明显危险建议。不足之处在于缺乏具体毒素种类与症状机制的细化说明，以及环境参数和检测标准的量化信息。
问题：未明确具体霉菌毒素种类及其与呕吐、繁殖障碍等症状的对应关系；缺少对霉菌毒素作用机制的详细解释；未给出环境温度的具体数值及热应激影响的量化分析；实验室检测流程和标准未具体化",True,ERNIE-4.5-Turbo-32K,True,pass,整体回答质量较高，诊断准确，处理方向安全，符合猪霉菌毒素中毒的典型场景。尽管在具体霉菌毒素种类与症状对应关系、病理机制细化、环境参数及检测标准量化等方面存在不足，但不影响核心诊断与处置方向，且已包含停用可疑饲料、送检、上报等必要环节，无明显危险建议。,87.0,28,18,24,18,pass,20.51,22.15,
45fccec8-b4e3-598e-b98d-6e8ebf462a28,311,猪腺病毒感染,swine_hunyuan_turbos,hunyuan-turbos-20250926,成功,,猪,我家有200多头保育猪，现在60日龄左右，最近一周陆续出现拉稀的情况，粪便偏水样到糊状，个别猪精神稍差，体温正常，没有大批死亡。圈舍通风一般，地面潮湿，之前用过恩诺沙星拌料三天效果不明显。想问下这种情况是不是猪腺病毒引起的？如果要送样检查应该取哪些样本比较合适？另外怎么区分是腺病毒还是其他肠道问题，以免耽误治疗？,根据描述的日龄、水样至糊状腹泻、无高热及死亡率低等特点，结合饲养环境和用药史，高度怀疑为猪腺病毒感染所致的非致死性肠道疾病。该病在保育猪群中常见，多为亚临床或轻症，易与其他病毒性或细菌性肠炎混淆。确诊需通过实验室检测排除圆环病毒、轮状病毒、大肠杆菌等常见病原。,treatment_direction: 本病无特效抗病毒药物，主要依靠支持疗法和管理调整。应改善圈舍通风与干燥度，减少粪便污染，防止继发细菌感染。对严重腹泻个体可适当补液补盐，维持电解质平衡。；management_measures: 加强饮水清洁，定期更换垫料，降低饲养密度，减少应激因素。观察病情发展，记录腹泻比例与恢复情况。；sampling_for_testing: 建议采集新鲜腹泻粪便（含黏液部分）、病死猪小肠黏膜刮片或内容物，有条件时加采血清进行PCR检测，以明确是否为腺病毒或其他病原混合感染。；contraindications_boundary: 若发现高死亡率、高热、神经症状或全身出血点，应立即停止自行用药并上报当地动物防疫部门，排查非洲猪瘟等重大疫病。,因无特效药物使用，不涉及特定休药期。如曾用抗生素，应按常规停药时间后再屠宰或出售。,"{""disease_name"": ""猪腺病毒感染"", ""severity"": ""轻度至中度，非致死性"", ""scene_tags"": [""保育猪"", ""水样腹泻"", ""管理缺陷"", ""疑似病毒病""], ""validation_points"": [""日龄符合腺病毒感染高发阶段"", ""症状符合腺病毒典型表现（水样至糊状腹泻，低死亡率）"", ""环境因素（潮湿、通风不良）增加发病风险""], ""risk_flags"": [""需排除非洲猪瘟等高致死率疫病"", ""需实验室确诊以防误诊""], ""case_type"": ""采样送检咨询"", ""target_disease"": ""猪腺病毒感染"", ""local_flags"": {""species_ok"": true, ""target_disease_in_diagnosis"": true, ""target_disease_mismatch"": false, ""contains_specific_dose"": false, ""contains_specific_withdrawal"": false, ""regulated_bad_treatment"": false}}",False,False,,,True,False,True,D:\XF-ChongQin\ai-\knowledge\llm_wiki_swine_authoritative,1465,887,"猪腺病毒感染
猪腺病毒感染、adenoviruses
采样送检咨询
用户描述症状后，重点询问采什么样品、如何判断和如何避免误治。","{""HUMAN_REVIEWED"": 2, ""NEEDS_REVIEW"": 2}","[""SRC-0001"", ""SRC-0030""]",2221,30.24,ERNIE-4.5-Turbo-32K,88,27,18,23,20,False,True,"整体回答质量较高，诊断准确性、病理逻辑、处方安全性和数据质量均表现良好，无明显致命风险。诊断依据充分，考虑了日龄、症状、环境因素及用药史，并建议实验室检测以排除其他病原。处方安全合理，强调支持疗法和管理调整，同时提醒排查重大疫病。数据质量较高，信息完整且逻辑清晰。
问题：diagnosis_accuracy: 诊断准确性较高，但未完全排除其他可能病原（如圆环病毒、轮状病毒等）的详细鉴别诊断依据，仅提及需实验室检测排除。；pathology_logic: 病理逻辑基本合理，但未详细解释腺病毒导致腹泻的具体机制，以及与其他病原的鉴别要点。；prescription_safety: 处方安全合理，但补液补盐的具体方法（如口服补液盐或静脉补液）未明确，可能影响实际操作。；data_quality: 数据质量较高，但场景标签中‘管理缺陷’的描述较笼统，未具体指出通风和潮湿的具体影响程度。",hunyuan-turbos-20250926,85,8.5,8.0,9.0,8.5,True,False,"回答总体准确、安全，诊断思路合理，考虑到了多种病原可能性，并提示了重大疫病的排查边界。处方方向正确，强调了支持疗法与管理措施，无危险建议。不足之处在于鉴别诊断细节不足，腺病毒致病机制未展开说明，补液方式不够具体，环境管理描述略笼统。
问题：未详细说明腺病毒引起腹泻的病理机制及与其他病原的鉴别要点；补液补盐方法未具体化，可能影响操作指导；环境管理缺陷描述较为笼统，缺乏量化或针对性改进建议",True,ERNIE-4.5-Turbo-32K,both,pass,整体回答质量较高，诊断准确性、病理逻辑、处方安全性和数据质量均表现良好，无明显致命风险。诊断依据充分，考虑了日龄、症状、环境因素及用药史，并建议实验室检测以排除其他病原。处方安全合理，强调支持疗法和管理调整，同时提醒排查重大疫病。尽管存在鉴别诊断细节不足、腺病毒致病机制未展开说明、补液方式不够具体、环境管理描述略笼统等轻微不足，但不影响整体回答的准确性和安全性，可作为参考。,87.0,27,18,23,20,pass,21.8,16.15,
2a26961f-8181-5ad4-bf1b-ab87b1f9f2d7,313,猪星状病毒感染,swine_hunyuan_turbos,hunyuan-turbos-20250926,成功,,猪,我家有120头保育猪，体重20公斤左右，这几天陆续有10多头开始拉稀，粪便呈黄色水样，精神差、吃料少，有的还伴随轻度脱水。圈舍温度偏低，前几天刚用过恩诺沙星拌料，效果不明显。请问这是啥原因？该怎么处理？,根据描述，保育猪群出现急性水样腹泻、精神沉郁及轻度脱水，结合近期使用抗生素无效的情况，考虑病毒性腹泻可能性大。猪星状病毒（PAstV）是常见原因之一，尤其在低温应激条件下易诱发，且常与其他肠道病原体混合感染。需排除其他病毒（如PEDV、PDCoV）、细菌性肠炎及寄生虫因素。,立即改善保温与通风条件，减少冷应激；提供清洁温水防止脱水，必要时补充电解质；暂停使用对病毒无效的抗生素，避免掩盖病情；采集新鲜腹泻粪便送实验室进行病毒核酸检测（PCR），明确病原；加强全群生物安全，防止交叉感染；若怀疑多种病原混合感染，可在兽医指导下选择广谱支持疗法，并监测继发细菌感染情况。,因涉及病毒病，无特定药物休药期；若后续使用任何药物，应严格遵循兽医指导并在出栏前确保停药期合规。,"{""disease_name"": ""猪星状病毒感染"", ""severity"": ""中等偏上"", ""scene_tags"": [""保育猪"", ""水样腹泻"", ""脱水"", ""低温应激"", ""抗生素无效""], ""validation_points"": [""保育猪群体发病符合PAstV易感阶段"", ""水样腹泻与精神沉郁符合典型临床表现"", ""低温应激是重要诱因""], ""risk_flags"": [""可能混合感染"", ""存在扩散风险""], ""case_type"": ""腹泻群体发病"", ""target_disease"": ""猪星状病毒感染"", ""local_flags"": {""species_ok"": true, ""target_disease_in_diagnosis"": true, ""target_disease_mismatch"": false, ""contains_specific_dose"": false, ""contains_specific_withdrawal"": false, ""regulated_bad_treatment"": false}}",False,False,,,True,False,True,D:\XF-ChongQin\ai-\knowledge\llm_wiki_swine_authoritative,1465,887,"猪星状病毒感染
猪星状病毒感染、astroviruses、astrovirus、猪星状病毒
腹泻群体发病
同窝或同栏出现水样腹泻、脱水、采食下降，用户想知道主要病因和紧急处理。","{""HUMAN_REVIEWED"": 2, ""NEEDS_REVIEW"": 2}","[""SRC-0001"", ""SRC-0032""]",2220,30.23,ERNIE-4.5-Turbo-32K,88,28,18,24,18,False,True,"该回答整体表现良好，诊断准确，逻辑清晰，处理方向安全，数据质量较高。诊断考虑了病毒性腹泻的可能性，并正确识别了猪星状病毒作为常见原因之一，同时考虑了低温应激和混合感染的因素。处理建议合理，包括改善环境条件、提供清洁温水、暂停无效抗生素使用、实验室检测和生物安全措施等。
问题：诊断准确性方面，虽然考虑了病毒性腹泻和猪星状病毒，但对其他可能病原（如PEDV、PDCoV、细菌性肠炎及寄生虫）的排除措施描述不够详细。；病理逻辑方面，对低温应激作为诱因的阐述可以更深入一些，比如具体说明低温如何影响猪的免疫系统或病毒复制。；数据质量方面，虽然场景标签和验证点较为全面，但风险标志中提到的'可能混合感染'和'存在扩散风险'未在处理建议中充分体现应对措施。；处方安全性方面整体良好，但'广谱支持疗法'的具体内容未明确，可能引发一些不确定性。",hunyuan-turbos-20250926,85,90,85,80,85,False,False,"回答总体符合真实养殖场景，诊断思路合理，将猪星状病毒纳入考虑并与低温应激、混合感染等因素关联，处理建议涵盖环境改善、补液、停止无效抗生素、送检病原检测及生物安全等措施，无明显危险建议。不足之处在于对其他潜在病原的排查细节不足，低温应激机制解释较浅，以及“广谱支持疗法”表述模糊，可能影响执行一致性。
问题：对其他可能病原（PEDV、PDCoV、细菌、寄生虫）的排除方法描述不够细致；低温应激如何促进病毒感染的机制分析不足；‘广谱支持疗法’缺乏具体说明，可能导致操作不明确",True,ERNIE-4.5-Turbo-32K,True,pass,回答整体表现良好，诊断准确，逻辑清晰，处理方向安全。诊断考虑了病毒性腹泻的可能性，并正确识别了猪星状病毒作为常见原因之一，同时考虑了低温应激和混合感染的因素。处理建议合理，包括改善环境条件、提供清洁温水、暂停无效抗生素使用、实验室检测和生物安全措施等。尽管存在对其他可能病原的排除措施描述不够详细、低温应激机制阐述不够深入以及'广谱支持疗法'具体内容未明确等轻微不足，但不影响整体质量和安全性，可判为pass。,87.0,28,18,24,18,pass,21.94,17.82,
5f9ca621-6790-510f-8c22-b68d5ce56fd8,322,猪乙型脑炎,swine_hunyuan_turbos,hunyuan-turbos-20250926,成功,,猪,我家有120头能繁母猪，最近两个月陆续有怀孕70多天的母猪发生流产，有的还产出木乃伊胎，个别母猪体温升高到40℃左右，周边也有零星类似情况。之前没打过乙脑疫苗，想问问这种情况是不是乙脑？要怎么采样送检？现在还能继续配种吗？要不要先停一下引种？,根据描述，怀孕中后期母猪出现流产、木乃伊胎及一过性发热，且未接种乙脑疫苗，符合猪乙型脑炎的典型表现。该病由日本脑炎病毒引起，主要通过蚊虫叮咬传播，夏秋季高发，可导致妊娠母猪流产、死胎、木乃伊胎等繁殖障碍。,treatment_direction: 目前无特效抗病毒药物，主要依靠防蚊灭蚊切断传播链。对发病母猪进行对症治疗，如退热、补液，防止继发细菌感染。；management_measures: 立即清理猪舍及周边积水，减少蚊虫孳生；安装纱窗、使用驱蚊剂或杀虫灯降低蚊密度；加强饲养管理，保证营养充足，提高抵抗力。；sampling_for_testing: 采集流产胎儿脑组织、脾脏、肝脏等新鲜组织样本，置于冰袋冷藏尽快送实验室做PCR检测或病毒分离；同时可采集母猪血液做血清学检测（IgM/IgG），辅助判断近期感染。；prohibited_actions: 在未明确排除重大传染病前，暂停引入新种猪；禁止将流产胎儿随意丢弃或喂犬猫，以防病毒扩散。,因无特效药物治疗，不涉及药物休药期问题；防控重点为阻断传播链。,"{""disease_name"": ""猪乙型脑炎"", ""severity"": ""中等偏重（可导致繁殖损失，但不直接致死成年猪）"", ""scene_tags"": [""繁殖障碍"", ""流产"", ""木乃伊胎"", ""夏秋季"", ""蚊虫传播""], ""validation_points"": [""怀孕中后期流产、木乃伊胎提示病毒性繁殖障碍"", ""未接种疫苗增加感染风险"", ""季节性特征支持蚊媒传播""], ""risk_flags"": [""可能通过蚊虫向其他猪群扩散"", ""存在进一步疫情蔓延风险""], ""case_type"": ""繁殖障碍送检"", ""target_disease"": ""猪乙型脑炎"", ""local_flags"": {""species_ok"": true, ""target_disease_in_diagnosis"": true, ""target_disease_mismatch"": false, ""contains_specific_dose"": false, ""contains_specific_withdrawal"": false, ""regulated_bad_treatment"": false}}",False,False,,,True,False,True,D:\XF-ChongQin\ai-\knowledge\llm_wiki_swine_authoritative,1465,887,"猪乙型脑炎
猪乙型脑炎、japanese encephalitis virus
繁殖障碍送检
繁殖异常持续出现，用户询问该采哪些样品、是否需要暂停配种和引种。","{""HUMAN_REVIEWED"": 2, ""NEEDS_REVIEW"": 2}","[""RC-REPRO-001"", ""SRC-0001"", ""SRC-0035"", ""SRC-0045"", ""SRC-0048"", ""SRC-0049"", ""SRC-0050"", ""SRC-0060"", ""SRC-0061"", ""SRC-0067"", ""SRC-0068"", ""SRC-0085""]",2221,24.0,ERNIE-4.5-Turbo-32K,88,28,18,24,18,False,True,"该回答整体表现良好，诊断准确性较高，症状与疾病匹配合理，诊断逻辑清晰，处理方向安全且与疾病相互印证。但在病理逻辑和数据质量方面存在一定提升空间。
问题：病理逻辑方面，对乙脑病毒传播途径和季节性特征的描述较为基础，未深入分析具体传播机制和防控难点。；数据质量方面，对用户查询的响应较为全面，但部分信息如采样送检的具体流程和注意事项可进一步细化。",hunyuan-turbos-20250926,85,90,80,90,80,False,False,"该数据整体真实可信，用户描述的怀孕母猪流产、木乃伊胎、一过性发热等症状与乙脑典型临床表现高度吻合，且结合未接种疫苗的背景，诊断依据充分。处理建议包括防蚊灭蚊、对症支持治疗、规范采样送检流程以及暂停引种等措施，均符合乙脑防控原则，未发现危险建议。不足之处在于病理机制解释较浅，缺乏传播细节与防控难点的深入说明，采样送检流程可更细致化。
问题：病理逻辑中对乙脑病毒的传播机制、流行规律及防控难点分析不够深入。；采样送检流程虽提及了样本类型，但未详细说明保存条件、运输方式及实验室检测周期等关键信息。",True,ERNIE-4.5-Turbo-32K,True,pass,诊断准确性较高，症状与疾病匹配合理，处理方向安全且与疾病相互印证。尽管在病理逻辑和数据质量方面存在一定提升空间，如对乙脑病毒传播途径和季节性特征的描述较为基础，采样送检的具体流程和注意事项可进一步细化，但整体不影响数据可用性。,87.0,28,18,24,18,pass,15.38,18.95,
0d6d9ac3-eae1-59d8-b289-cb5955677ad9,328,猪流感,swine_hunyuan_turbos,hunyuan-turbos-20250926,成功,,猪,我家是200头左右60公斤左右的育肥猪，这几天同一栏里陆续有猪开始咳嗽、喘气，体温测到39℃多，吃料明显下降，有的还流鼻涕。之前没用过什么药，圈舍通风一般，湿度偏高。我想知道这是啥病，要不要整栏都打点药？,根据描述的症状（咳嗽、喘气、发热、采食下降、流鼻涕）、群体性发生及饲养环境特点，高度怀疑为猪流感病毒感染。该病由甲型流感病毒引起，主要侵害呼吸道，常在气温变化、通风不良时暴发。,建议立即改善圈舍通风，适当提高环境温度以减少冷应激；对病猪进行隔离观察，减少混群接触；采集鼻拭子或肺组织送实验室做RT-PCR确诊；目前无特效抗病毒药，以支持疗法为主，如补液、维持电解质平衡；禁止使用未经批准的抗生素作为预防用药；若确诊为猪流感，应做好生物安全防控，防止扩散。,因无特定药物治疗方案，不涉及药物休药期问题；若为实验室确诊，应按当地动物防疫部门要求进行疫情报告和处置。,"{""disease_name"": ""猪流感"", ""severity"": ""中等"", ""scene_tags"": [""呼吸道症状"", ""群体发病"", ""育肥猪"", ""高湿低通风""], ""validation_points"": [""症状符合猪流感典型表现"", ""群体性发生提示传染性因素"", ""环境因素支持呼吸道病毒传播""], ""risk_flags"": [""存在呼吸道病毒传播风险"", ""需排除其他呼吸道疾病（如PRRS、支原体肺炎等）"", ""需按法规进行疫情报告与监测""], ""case_type"": ""呼吸道群体发病"", ""target_disease"": ""猪流感"", ""local_flags"": {""species_ok"": true, ""target_disease_in_diagnosis"": true, ""target_disease_mismatch"": false, ""contains_specific_dose"": false, ""contains_specific_withdrawal"": false, ""regulated_bad_treatment"": false}}",False,False,,,True,False,True,D:\XF-ChongQin\ai-\knowledge\llm_wiki_swine_authoritative,1465,887,"猪流感
猪流感、influenza viruses
呼吸道群体发病
同栏出现咳嗽、喘气、发热、采食下降，用户想判断病因和是否需要全群用药。","{""HUMAN_REVIEWED"": 4}","[""SRC-0001"", ""SRC-0006"", ""SRC-0042"", ""SRC-0043""]",2221,28.48,ERNIE-4.5-Turbo-32K,88,28,18,24,18,False,True,"该测试数据整体质量较高，诊断准确性、处方安全性和逻辑性均表现良好，数据质量基本满足要求，无明显致命风险。
问题：diagnosis_accuracy: 诊断准确性得分略低，主要因为未完全排除其他类似症状疾病（如PRRS、支原体肺炎）的可能性，尽管已提及需排除，但未详细说明鉴别诊断方法。；pathology_logic: 病理逻辑得分中等，诊断依据充分但缺乏对疾病传播机制的深入分析，如未提及病毒传播途径和潜伏期等关键信息。；data_quality: 数据质量得分较低，主要因为风险标志（risk_flags）中虽提及需排除其他疾病，但未提供具体鉴别诊断建议或参考依据，且场景标签（scene_tags）可进一步细化以增强数据实用性。",hunyuan-turbos-20250926,85,80,82,90,78,False,False,"该数据整体真实可信，症状与猪流感相符，诊断思路合理，处方措施安全并强调生物安全和实验室确诊，无危险用药建议。不足之处在于鉴别诊断不够细致，缺少对其他可能疾病的明确排除方法和传播机制说明，数据细节标签可更完善。
问题：未详细列出可能的鉴别诊断疾病及其鉴别要点（如PRRS、支原体肺炎等）。；缺乏关于猪流感病毒传播途径、潜伏期等关键流行病学信息。；场景标签和风险提示可进一步细化以提高实用性和检索价值。",True,ERNIE-4.5-Turbo-32K,True,pass,两位评委均认为该测试数据整体质量较高，诊断准确性、处方安全性和逻辑性均表现良好，无明显致命风险。尽管存在鉴别诊断不够细致、缺少传播机制说明等轻微不足，但不影响整体判断，数据质量基本满足要求。,87.0,28,18,24,18,pass,20.01,15.37,
a2e09f3f-1826-5acd-ab37-c2ef1c1d91d3,336,猪狂犬病风险,swine_hunyuan_turbos,hunyuan-turbos-20250926,成功,,猪,我家有120头90公斤左右的育肥猪，已经养了快5个月，最近发现有两头出现流涎、走路不稳、偶尔抽搐的情况，精神也变差，体温正常，没有呼吸道症状。圈舍是半开放式，周围常有流浪狗出没，之前用过阿莫西林拌料防过腹泻。现在离计划出栏还有20天，这种情况还能治吗？会不会影响卖猪？,根据描述的症状（流涎、共济失调、抽搐）及饲养环境中存在流浪犬等潜在传染源，需要考虑猪狂犬病风险的可能性，但仅凭神经症状无法确诊，需要结合流行病学史和实验室检测排除其他神经系统疾病（如伪狂犬病、乙型脑炎、中毒性疾病）。,立即隔离可疑病例并限制人员、车辆流动；采集脑组织、唾液或脑脊液送具备资质的实验室进行狂犬病病毒检测；对全群加强生物安全，防止犬科动物进入猪场；在未明确排除前，不建议将可疑猪只出售或屠宰；若确诊为狂犬病，应按重大动物疫病处置规定扑杀并无害化处理，并对场地彻底消毒；严禁使用任何未经批准的抗病毒药物或人用疫苗。,因未确诊且存在重大疫病风险，当前情况下无安全休药期可言，建议暂停出栏直至检测结果明确并采取相应措施。,"{""disease_name"": ""猪狂犬病风险"", ""severity"": ""高"", ""scene_tags"": [""育肥猪"", ""神经症状"", ""流浪犬接触"", ""出栏前""], ""validation_points"": [""症状符合猪狂犬病可能表现，但需实验室确诊"", ""存在犬科动物接触史增加风险"", ""重大动物疫病需按法规处置""], ""risk_flags"": [""人兽共患潜在风险"", ""重大动物疫病处置边界""], ""case_type"": ""上市休药期咨询"", ""target_disease"": ""猪狂犬病风险"", ""local_flags"": {""species_ok"": true, ""target_disease_in_diagnosis"": true, ""target_disease_mismatch"": false, ""contains_specific_dose"": false, ""contains_specific_withdrawal"": false, ""regulated_bad_treatment"": false}}",False,False,,,True,False,True,D:\XF-ChongQin\ai-\knowledge\llm_wiki_swine_authoritative,1465,887,"猪狂犬病风险
猪狂犬病风险、rabies virus
上市休药期咨询
用户接近出栏，关心治疗方向和用药后能否出栏销售。","{""HUMAN_REVIEWED"": 3, ""NEEDS_REVIEW"": 2}","[""SRC-0001"", ""SRC-0054""]",2064,26.98,ERNIE-4.5-Turbo-32K,88,28,18,24,18,False,True,"整体回答较好地识别了猪狂犬病风险，诊断逻辑合理，处理方向安全，符合疾病特征和法规要求。诊断准确性较高，但未完全排除其他疾病可能；病理逻辑部分可进一步细化；数据质量稍有不足，但不影响整体判断。
问题：诊断部分虽然提到需实验室确诊，但未明确列出其他需排除的疾病（如伪狂犬病、乙型脑炎、中毒性疾病）的具体鉴别点；病理逻辑部分对症状与疾病关系的解释稍显简略，未详细说明为何优先考虑狂犬病而非其他疾病；数据质量方面，用户查询中的症状描述较全面，但回答中未充分利用所有信息（如体温正常、无呼吸道症状）来支持诊断；休药期部分虽因未确诊而合理，但可补充说明若排除狂犬病后的一般处理原则",hunyuan-turbos-20250926,85,80,78,95,82,False,False,"该回答正确识别了猪狂犬病风险，并结合环境暴露史和典型神经症状提出合理怀疑，同时强调需实验室确诊以排除伪狂犬病、乙脑、中毒等其他病因。处理方案符合重大疫病防控要求，包括隔离、送检、无害化处理和禁止销售，避免了危险建议。不足之处在于鉴别诊断的要点不够详细，病理推理可更充分利用现有症状信息，数据利用度略有欠缺。
问题：未详细列出需排除的其他神经系统疾病的鉴别特征；病理逻辑中对症状与疾病关联的解释较为简略；未充分利用用户提供的全部症状信息（如体温正常、无呼吸道症状）来强化诊断推理",True,ERNIE-4.5-Turbo-32K,True,pass,回答整体较好地识别了猪狂犬病风险，诊断逻辑合理，处理方向安全，符合疾病特征和法规要求。虽然存在鉴别诊断要点不够详细、病理推理未充分利用现有症状信息等轻微不足，但不影响整体判断，数据质量稍有欠缺但可参考。,87.0,28,18,24,18,pass,18.07,16.94,
0d4a9714-0c52-50e3-9c54-2a7fcc5e2b23,341,仔猪梭菌性肠炎,swine_hunyuan_turbos,hunyuan-turbos-20250926,成功,,猪,我家有200头左右母猪，现在有一批刚出生10天的仔猪，大概50多头，最近两天陆续出现拉稀，粪便呈黄色水样，有的带点血丝，精神差、吃奶少，个别已经脱水站不稳了。圈舍温度一直保持在28度左右，之前没用过什么药，想问问这是啥原因，该怎么紧急处理？,根据描述，这批10日龄仔猪出现急性水样腹泻伴血便、脱水及采食下降，结合年龄和临床表现，高度怀疑为仔猪梭菌性肠炎（Clostridial diseases），常见病原包括C. perfringens type C、C. difficile等。该病在哺乳期高发，病程急，死亡率高，需尽快采取针对性措施。,treatment_direction: 立即将病猪与健康猪隔离，减少交叉感染；对疑似病例进行补液（口服或腹腔补糖盐水）、纠正脱水，并配合广谱抗生素控制继发感染；同时改善保温条件，适当提高环境温度以减少代谢消耗。；management_measures: 加强圈舍清洁消毒，保持干燥通风；暂停使用可能刺激肠道的饲料添加剂；观察同栏其他仔猪有无类似症状，及时分群管理。；sampling_submission: 采集病死仔猪肠道内容物、血液及粪便送实验室做病原学检测（如PCR鉴定C. perfringens type C、C. difficile等），明确病原以便精准防控。；prohibited_boundaries: 严禁自行使用未经批准的强效抗生素或违禁药物；发现大量死亡或病情快速扩散时，应立即向当地畜牧兽医部门报告，按重大动物疫病处置流程执行。,因涉及重大疫病排查及样品送检，建议暂停出栏销售，直至检测结果明确且疫情稳定后再行安排。,"{""disease_name"": ""仔猪梭菌性肠炎"", ""severity"": ""高致死性"", ""scene_tags"": [""哺乳仔猪"", ""急性腹泻"", ""血便"", ""脱水""], ""validation_points"": [""日龄符合梭菌性肠炎高发期"", ""水样带血便提示毒素损伤"", ""脱水表现支持急性病程""], ""risk_flags"": [""高死亡率"", ""易传播至同栏"", ""需实验室确诊""], ""case_type"": ""腹泻群体发病"", ""target_disease"": ""仔猪梭菌性肠炎"", ""local_flags"": {""species_ok"": true, ""target_disease_in_diagnosis"": true, ""target_disease_mismatch"": false, ""contains_specific_dose"": false, ""contains_specific_withdrawal"": false, ""regulated_bad_treatment"": false}}",False,False,,,True,False,True,D:\XF-ChongQin\ai-\knowledge\llm_wiki_swine_authoritative,1465,887,"仔猪梭菌性肠炎
仔猪梭菌性肠炎、clostridial diseases
腹泻群体发病
同窝或同栏出现水样腹泻、脱水、采食下降，用户想知道主要病因和紧急处理。","{""HUMAN_REVIEWED"": 2, ""NEEDS_REVIEW"": 2}","[""SRC-0001"", ""SRC-0006"", ""SRC-0017"", ""SRC-0062""]",2221,28.67,ERNIE-4.5-Turbo-32K,88,28,18,23,20,False,True,"该回答整体表现良好，诊断准确性较高，症状与疾病匹配合理，处理方向安全且与疾病相互印证。病理逻辑基本清晰，但部分细节可进一步优化。数据质量较高，信息完整且风险标识明确。
问题：诊断准确性方面，虽然高度怀疑仔猪梭菌性肠炎，但未完全排除其他类似疾病（如猪流行性腹泻、轮状病毒感染等），可增加鉴别诊断内容。；病理逻辑方面，对梭菌性肠炎的发病机制（如毒素作用）解释不够深入，可补充相关病理知识。；数据质量方面，场景标签和验证点较为全面，但风险标识中可增加对人兽共患风险的评估（尽管梭菌性肠炎人兽共患风险较低）。",hunyuan-turbos-20250926,85,90,80,90,85,False,False,"该案例场景真实，症状与仔猪梭菌性肠炎高度吻合，诊断依据充分，处理方案符合安全规范，包含隔离、补液、环境改善及送检建议，未出现危险用药建议。不足之处在于鉴别诊断不足、病理机制阐述较浅，以及缺少人兽共患病风险评估。
问题：未充分列出可能的鉴别诊断（如PEDV、轮状病毒等）；对梭菌性肠炎的发病机制说明不够详细；缺乏针对人兽共患病风险的提示",True,ERNIE-4.5-Turbo-32K,True,pass,诊断准确性较高，症状与疾病匹配合理，处理方向安全且与疾病相互印证。尽管存在鉴别诊断不足、病理机制阐述较浅以及缺少人兽共患病风险评估等轻微不足，但整体数据质量较高，信息完整且风险标识明确，不影响整体判断。,87.0,28,18,23,20,pass,20.04,17.2,
ab970933-3e50-55c9-af40-d59d5b03d26e,346,猪增生性肠炎,swine_hunyuan_turbos,hunyuan-turbos-20250926,成功,,猪,我家有120头保育到育肥阶段的猪，现在平均体重在30公斤左右，最近一周陆续出现拉稀，粪便稀薄带点黏液，有的还带血丝，精神食欲下降，之前用了恩诺沙星拌料三天，效果不明显，想问还能不能继续用别的药？要不要送样检查？,根据描述的症状（腹泻、黏液便、血便、食欲减退），结合保育至育肥猪的易感阶段，怀疑为猪增生性肠炎（Lawsonia intracellularis感染）。该病以小肠黏膜上皮细胞异常增生为特征，常表现为慢性腹泻，抗生素治疗反应不一。需通过实验室检测（如PCR或组织学检查）确诊。,建议立即停喂可能加重肠道负担的高蛋白饲料，改为易消化的低蛋白日粮并补充电解质；加强圈舍清洁与通风，减少应激因素；采集新鲜粪便或死亡猪的小肠组织样本送专业实验室进行Lawsonia intracellularis PCR检测及病理学检查；在未确诊前避免使用广谱抗生素掩盖病情；若确诊为猪增生性肠炎，可在兽医指导下选用对细胞内菌有效的药物（如四环素类、大环内酯类），并结合管理改善；严禁将病死猪随意丢弃或出售，防止疫情扩散。,因涉及具体药物选择，需依据所用药品说明书及当地监管要求执行，未明确前不得随意屠宰上市。,"{""disease_name"": ""猪增生性肠炎"", ""severity"": ""中等偏重，可导致生长迟缓甚至死亡"", ""scene_tags"": [""保育猪"", ""育肥猪"", ""腹泻"", ""血便"", ""抗生素治疗无效""], ""validation_points"": [""症状符合增生性肠炎的典型表现"", ""保育至育肥阶段为易感期"", ""抗生素治疗反应差提示非普通细菌性腹泻""], ""risk_flags"": [""需实验室确诊"", ""存在传播风险"", ""可能影响生产性能""], ""case_type"": ""腹泻用药咨询"", ""target_disease"": ""猪增生性肠炎"", ""local_flags"": {""species_ok"": true, ""target_disease_in_diagnosis"": true, ""target_disease_mismatch"": false, ""contains_specific_dose"": false, ""contains_specific_withdrawal"": false, ""regulated_bad_treatment"": false}}",False,False,,,True,False,True,D:\XF-ChongQin\ai-\knowledge\llm_wiki_swine_authoritative,1465,887,"猪增生性肠炎
猪增生性肠炎、proliferative enteropathy lawsonia intracellularis
腹泻用药咨询
猪群腹泻后已用过常见抗菌药效果一般，用户询问是否继续用药以及是否需要送检。","{""HUMAN_REVIEWED"": 2, ""NEEDS_REVIEW"": 2}","[""A0-MOA-573"", ""SRC-0001"", ""SRC-0071"", ""SRC-0072""]",2221,31.25,ERNIE-4.5-Turbo-32K,88,28,18,23,20,False,True,"该回答对猪增生性肠炎的诊断、处理方向和安全建议总体合理，诊断依据充分，处理方向安全，但部分细节可优化。
问题：诊断准确性方面：症状描述与疾病匹配度较高，但未完全覆盖所有典型症状（如体重下降未明确提及），诊断依据可更全面。；病理逻辑方面：对疾病特征的描述（如小肠黏膜上皮细胞异常增生）与症状关联性解释稍显不足，逻辑链条可更紧密。；处方安全方面：建议停喂高蛋白饲料、改用低蛋白日粮并补充电解质的措施合理，但未明确具体药物选择（如四环素类、大环内酯类的具体药物名称），可能影响实际操作的准确性。；数据质量方面：场景标签和验证点较全面，但风险标志中“需实验室确诊”未明确说明实验室检测的紧迫性和重要性，可能影响用户决策。",hunyuan-turbos-20250926,85,90,80,85,85,False,False,"整体场景真实且符合猪增生性肠炎的典型表现，诊断依据充分，处理方案兼顾管理与病原控制，无危险用药建议，并在未确诊前避免滥用抗生素，体现了安全边界意识。不足之处在于病理机制与症状的关联解释不够细致，以及未强调实验室确诊的紧迫性。
问题：病理机制与症状之间的因果联系阐述不足，逻辑链条略显松散。；未突出实验室确诊的重要性和时间敏感性，可能导致延误诊断。；处方中未提供具体药物类别外的操作细节，影响落地可执行性。",True,ERNIE-4.5-Turbo-32K,True,pass,该回答对猪增生性肠炎的诊断、处理方向和安全建议总体合理，诊断依据较充分，处理方向安全，虽存在病理机制与症状关联解释不足、未强调实验室确诊紧迫性、未提供具体药物操作细节等轻微不足，但不影响整体判断，可通过。,87.0,28,18,23,20,pass,20.36,20.27,
1ed7ccb8-b6aa-5901-b4a3-a4a8fc8fd2e0,353,猪蛔虫病,swine_hunyuan_turbos,hunyuan-turbos-20250926,成功,,猪,我家是100头左右的自繁自养场，最近断奶后到60斤左右的仔猪陆续出现拉稀、毛色发暗、长得慢的情况，有的还抓痒掉毛，粪便里能看到白色长条状东西。之前用过一次伊维菌素拌料，但效果不明显，现在想问问是不是蛔虫问题，该怎么处理？,根据描述，仔猪在断奶后至育肥早期出现腹泻、消瘦、生长缓慢及皮肤抓痒等症状，粪便可见白色长条物，结合饲养管理史和既往驱虫效果不佳，高度怀疑为猪蛔虫病（Ascaris suum）。该病由大型线虫引起，幼虫可在体内移行造成肝肺损伤，成虫寄生于小肠导致消化障碍和营养吸收不良，部分个体可因免疫反应出现皮肤病变。应结合粪检找虫卵或剖检见成虫进一步确诊。,treatment_direction: 选用广谱抗线虫药物进行群体驱虫，针对成虫和移行期幼虫均有效；必要时分两次给药间隔10-14天以提高驱净率。；management_measures: 驱虫期间加强圈舍清洁消毒，及时清除粪便并堆积发酵杀灭虫卵；保证饲料饮水卫生，减少二次感染机会；对严重消瘦个体加强营养补充。；sampling_and_testing: 采集新鲜粪便送实验室做饱和盐水漂浮法查虫卵，或在病死猪剖检时观察肠道成虫形态；有条件可做PCR鉴定虫种。；contraindications_and_boundaries: 严禁使用未经批准的兽药或超范围用药；若发现高死亡率、急性出血性症状或伴随高热，应立即停止自行用药并报告当地动物疫控部门，排除其他烈性或重大传染病。,按所用驱虫药说明书执行相应停药期，确保上市前符合食品安全要求。,"{""disease_name"": ""猪蛔虫病"", ""severity"": ""中等偏重（可导致生长迟缓、饲料转化率下降，严重时引发继发感染）"", ""scene_tags"": [""仔猪"", ""育肥猪"", ""群体发病"", ""腹泻"", ""消瘦"", ""皮肤瘙痒""], ""validation_points"": [""粪便中可见白色长条状物提示成虫存在"", ""断奶后高发且伴生长缓慢符合蛔虫生活史特点"", ""既往驱虫无效可能由于虫株耐药或用药方案不当""], ""risk_flags"": [""潜在人畜共患传播风险低，但需注意公共卫生规范操作"", ""大规模暴发时应警惕混合感染其他肠道病原体""], ""case_type"": ""寄生虫群体发病"", ""target_disease"": ""猪蛔虫病"", ""local_flags"": {""species_ok"": true, ""target_disease_in_diagnosis"": true, ""target_disease_mismatch"": false, ""contains_specific_dose"": false, ""contains_specific_withdrawal"": false, ""regulated_bad_treatment"": false}}",False,False,,,True,False,True,D:\XF-ChongQin\ai-\knowledge\llm_wiki_swine_authoritative,1465,887,"猪蛔虫病
猪蛔虫病、ascaris suum internal parasites
寄生虫群体发病
猪群出现腹泻、消瘦、皮肤瘙痒或生长慢，用户怀疑寄生虫。","{""HUMAN_REVIEWED"": 2, ""NEEDS_REVIEW"": 2}","[""SRC-0001"", ""SRC-0082""]",2221,25.91,ERNIE-4.5-Turbo-32K,88,28,18,23,20,False,True,"该回答整体表现良好，诊断准确性较高，症状与疾病匹配合理，诊断逻辑清晰，处理方向安全且与疾病相互印证。数据质量较高，信息完整且无明显错误。
问题：diagnosis_accuracy: 诊断中未明确提及粪检或剖检作为确诊依据，尽管在后续处理中提到，但诊断部分应更明确强调确诊方法。；pathology_logic: 对蛔虫病病理机制的描述稍显简略，可进一步细化幼虫移行和成虫寄生的具体影响。；data_quality: 风险标志中提到的人畜共患风险较低，但未明确说明操作规范的具体内容，信息完整性略有不足。",hunyuan-turbos-20250926,85,8.5,8.5,9,8.5,False,False,"该数据整体真实可信，用户描述的养殖背景、临床症状与猪蛔虫病高度吻合，诊断思路正确，处理方案涵盖群体驱虫、环境管理和采样检测，并设置了安全边界提示，避免误用药物或延误重大疫病排查。不足之处在于诊断部分未明确将粪检或剖检列为确诊手段，病理机制解释较简略，以及个别安全提示不够具体化。
问题：诊断环节未明确指出粪检或剖检为确诊依据，仅在处理措施中提及，可能导致读者忽视确诊步骤的重要性。；对蛔虫病的病理机制描述较为概括，缺少幼虫移行致肝肺损伤、成虫寄生致营养吸收障碍的具体细节。；安全提示虽提到禁止违规用药和报告疫情，但未给出具体的操作规范示例，如如何安全收集和处理样本。",True,ERNIE-4.5-Turbo-32K,True,pass,该回答整体表现良好，诊断准确性较高，症状与疾病匹配合理，诊断逻辑清晰，处理方向安全且与疾病相互印证。尽管在诊断部分未明确提及粪检或剖检作为确诊依据，且对蛔虫病病理机制的描述稍显简略，但已在后续处理中提及确诊方法，且不影响整体诊断和处理方向。数据质量较高，信息完整且无明显错误，安全提示也较为全面。,87.0,28,18,23,20,pass,17.2,20.57,
ffdbef73-9162-53bc-93a0-a3e4e339f5de,354,猪鞭虫病,swine_hunyuan_turbos,hunyuan-turbos-20250926,成功,,猪,我家有120头育肥猪，平均体重在60公斤左右，最近几天有几头出现拉稀，粪便偏稀带点血丝，精神还行，采食量没明显下降。圈舍是水泥地面，通风一般，温度20度左右，之前用过一次伊维菌素做驱虫，大概两个月前。现在想问是不是要全群打驱虫药？圈舍要不要彻底清粪消毒？之后怎么复查有没有虫？,根据描述，粪便带血丝且伴有轻度腹泻，结合育肥猪阶段及既往驱虫史，应考虑猪鞭虫病（Trichuris suis）等肠道寄生虫感染的可能。该病主要寄生于盲肠和结肠，重度感染可引起结肠炎和血便。若粪便镜检发现典型虫卵或成虫，可进一步支持诊断。同时需排除细菌性肠炎等其他原因。,treatment_direction: 建议采集粪便样本送实验室进行虫卵检查，明确是否为鞭虫感染；如确诊，可在兽医指导下选用对鞭虫有效的驱虫药（如芬苯达唑类），注意按说明书使用并遵守停药期规定。；management_measures: 加强圈舍卫生管理，及时清除粪便，保持干燥清洁；定期更换垫料，减少虫卵在环境中的存活机会；改善通风条件，降低氨气浓度，减轻肠道刺激。；sampling_and_testing: 从腹泻明显或有血便的猪只采集新鲜粪便，采用饱和盐水漂浮法或沉淀法进行虫卵检测；必要时可剖检病死猪观察盲肠和结肠黏膜病变。；prohibited_boundaries: 禁止在未确诊情况下随意全群投喂驱虫药；禁止使用未经批准的兽药或超范围用药；禁止将疑似严重寄生虫病猪与健康猪混养。,驱虫药使用须遵循产品说明和当地监管要求，确保屠宰前达到规定的休药期。,"{""disease_name"": ""猪鞭虫病"", ""severity"": ""中等"", ""scene_tags"": [""育肥猪"", ""腹泻"", ""便血"", ""既往驱虫史"", ""水泥地面""], ""validation_points"": [""症状符合鞭虫感染特征（血便、轻度腹泻）"", ""存在可能的感染途径（圈舍卫生、既往驱虫间隔长）"", ""诊断需依赖粪便虫卵检测""], ""risk_flags"": [""需防止误诊为细菌性肠炎而延误驱虫"", ""驱虫不当可能造成药物残留超标""], ""case_type"": ""驱虫和环境管理"", ""target_disease"": ""猪鞭虫病"", ""local_flags"": {""species_ok"": true, ""target_disease_in_diagnosis"": true, ""target_disease_mismatch"": false, ""contains_specific_dose"": false, ""contains_specific_withdrawal"": false, ""regulated_bad_treatment"": false}}",False,False,,,True,False,True,D:\XF-ChongQin\ai-\knowledge\llm_wiki_swine_authoritative,1465,887,"猪鞭虫病
猪鞭虫病、trichuris suis internal parasites
驱虫和环境管理
用户询问是否需要全群处理、环境清理和复查方式。","{""HUMAN_REVIEWED"": 3, ""NEEDS_REVIEW"": 2}","[""SRC-0001"", ""SRC-0026"", ""SRC-0082""]",2120,29.96,ERNIE-4.5-Turbo-32K,88,28,18,23,20,False,True,"该回答整体表现良好，诊断准确性较高，症状与疾病匹配合理，诊断逻辑清晰，处理方向安全且与疾病相互印证。数据质量方面，场景描述和症状记录较为详细，但部分细节可进一步优化。
问题：诊断准确性方面，虽然症状与猪鞭虫病匹配，但未明确提及粪便镜检的具体操作或结果解读，略显不足。；病理逻辑方面，对猪鞭虫病的病理机制描述较为简略，未深入解释血便和轻度腹泻的病理基础。；处方安全方面，虽然提到了按说明书使用驱虫药和遵守停药期规定，但未具体说明停药期的时长或参考标准。；数据质量方面，场景描述和症状记录较为详细，但未提及猪只的年龄分布或具体饲养管理细节，可能影响诊断的全面性。",hunyuan-turbos-20250926,85,90,80,85,85,False,False,"该数据整体真实可信，用户描述的养殖规模、环境条件和症状符合猪鞭虫病的常见发生背景。诊断思路正确，考虑了鉴别诊断，并提出了合理的采样检测方法。处理方案强调先确诊再用药，避免盲目全群驱虫，体现了安全边界意识。不足之处在于病理机制解释较浅，缺乏更具体的镜检方法说明，以及停药期信息不够细化。
问题：病理机制描述过于简略，未充分解释血便与鞭虫感染的关联。；粪便镜检方法仅笼统提及，缺少关键步骤或注意事项。；停药期未给出参考值或依据，可能让执行者缺乏明确指引。",True,ERNIE-4.5-Turbo-32K,True,pass,该回答整体表现良好，诊断准确性较高，症状与疾病匹配合理，诊断逻辑清晰，处理方向安全且与疾病相互印证。虽然存在病理机制描述简略、粪便镜检方法说明不够详细以及停药期信息不够细化等轻微不足，但不影响整体判断，数据质量方面场景描述和症状记录较为详细，可判为pass。,87.0,28,18,23,20,pass,18.32,20.01,
8411d9bc-c170-5db9-8d90-bb5291043f84,358,猪营养缺乏与过量综合征,swine_hunyuan_turbos,hunyuan-turbos-20250926,成功,,猪,我场有200多头育肥猪，平均体重在80公斤左右，最近一周内陆续出现几头精神沉郁、食欲下降、被毛粗乱的情况，体温正常，粪便偏干，没有腹泻。饲料配方近期没变，但玉米仓换了新批次，这批玉米颜色比之前深一些。我想问能不能先按普通病打针看看效果？,根据描述，考虑可能与饲料原料更换引起的营养不平衡有关，如微量元素或维生素缺乏/过量，属于猪营养缺乏与过量综合征范畴。需结合饲料成分分析、血液生化及现场饲养管理综合判断。,treatment_direction: 暂停可疑批次饲料投喂，改用已知安全配方；补充复合维生素和矿物质预混料，改善饮水质量；提供易消化饲料并少量多餐。；management_measures: 检查饲料储存条件，确保干燥通风；记录每日采食量和饮水量；分群观察病情进展。；sampling_and_testing: 采集剩余可疑饲料样品送实验室检测营养成分、霉菌毒素及重金属含量；必要时采血检测血清微量元素和维生素水平。；prohibited_boundaries: 在未排除重大动物疫病前，不得擅自对外销售或转运生猪；若发现死亡病例，应立即报告当地畜牧兽医部门进行剖检和病原排查。,无特定药物休药期，但需待饲料更换后至少观察14天，确保临床症状稳定后再考虑出栏。,"{""disease_name"": ""猪营养缺乏与过量综合征"", ""severity"": ""中等"", ""scene_tags"": [""育肥猪"", ""饲料更换"", ""营养失衡""], ""validation_points"": [""症状符合营养缺乏/过量表现"", ""饲料原料变更史支持病因假设"", ""需通过饲料和血液检测验证""], ""risk_flags"": [""需排除重大动物疫病"", ""禁止擅自出售或调运""], ""case_type"": ""暴发与处置边界"", ""target_disease"": ""猪营养缺乏与过量综合征"", ""local_flags"": {""species_ok"": true, ""target_disease_in_diagnosis"": true, ""target_disease_mismatch"": false, ""contains_specific_dose"": false, ""contains_specific_withdrawal"": false, ""regulated_bad_treatment"": false}}",False,False,,,True,False,True,D:\XF-ChongQin\ai-\knowledge\llm_wiki_swine_authoritative,1465,887,"猪营养缺乏与过量综合征
猪营养缺乏与过量综合征、nutrient deficiencies and excesses
暴发与处置边界
同栏或多栋猪舍短期内发病增多，用户询问是否能先按普通病治疗观察。","{""NEEDS_REVIEW"": 2, ""PROCESSED_SOURCE_ANCHORED"": 2}","[""SRC-0001"", ""SRC-0084""]",2221,25.98,ERNIE-4.5-Turbo-32K,88,28,18,23,20,False,True,"该回答整体表现良好，诊断准确，考虑到了饲料更换可能引起的营养不平衡问题，并提出了合理的检测和处理建议。处理方向安全，未发现与疾病相冲突的处方，且对重大疫病的排除和禁止擅自出售或调运的风险有明确提示。
问题：在病理逻辑方面，虽然考虑到了饲料更换可能引起的营养问题，但未详细阐述具体可能缺乏或过量的营养成分及其对猪的具体影响，逻辑稍显简略。；数据质量方面，虽然提供了症状、饲料更换史等关键信息，但缺乏具体的饲料成分分析数据或血液生化检测结果来直接支持诊断，数据支撑略显不足。",hunyuan-turbos-20250926,85,90,80,95,75,False,False,"回答能够基于用户提供的症状（精神沉郁、食欲下降、被毛粗乱、粪便偏干）和饲料更换背景，合理推测为营养缺乏或过量综合征，并提出暂停可疑饲料、补充营养、改善管理等安全可行的措施。同时明确提示在排除重大疫病前不得销售或转运生猪，符合生物安全要求。不足之处在于未进一步细化可能的营养素失衡类型及其机制，也缺少直接的化验数据支撑诊断。
问题：病理逻辑部分未详细说明可能导致症状的微量元素或维生素种类及其作用机制，解释不够深入。；数据质量依赖间接信息，缺乏饲料成分分析和血液生化结果的直接证据。",True,ERNIE-4.5-Turbo-32K,True,pass,回答整体表现良好，诊断准确，考虑到了饲料更换可能引起的营养不平衡问题，并提出了合理的检测和处理建议。处理方向安全，未发现与疾病相冲突的处方，且对重大疫病的排除和禁止擅自出售或调运的风险有明确提示。尽管在病理逻辑和数据质量方面存在轻微不足，如未详细阐述具体可能缺乏或过量的营养成分及其对猪的具体影响，以及缺乏具体的饲料成分分析数据或血液生化检测结果来直接支持诊断，但这些不足不影响整体诊断和处置方向，因此判为pass。,87.0,28,18,23,20,pass,17.89,18.86,
91150f04-72ea-518e-8efd-abfa2475265c,371,猪繁殖与呼吸综合征,swine_hunyuan_turbos,hunyuan-turbos-20250926,成功,,猪,我这边是育肥场，大概300头左右，这批猪现在120斤上下，最近半个月陆续出现咳嗽、喘气、精神差的情况，有的还发烧到40度多，用过替米考星和氟苯尼考，但感觉控制不住，部分猪耳朵发紫。想问下这种情况应该采哪些样送检？是不是可能有别的病原混着？,根据描述的症状（发热、咳嗽、呼吸困难、耳部发绀）、用药效果不佳及育肥猪群发病情况，高度怀疑为猪繁殖与呼吸综合征（PRRS），并可能合并其他呼吸道病原（如猪流感病毒、支原体、胸膜肺炎放线杆菌等）形成混合感染。需要实验室检测确认病原谱。,treatment_direction: 立即隔离病猪，减少应激，改善通风与温湿度管理，防止继发细菌感染。针对可能的混合感染，可在兽医指导下选择广谱抗生素预防继发感染，但不作为PRRS的直接治疗药物。；management_measures: 加强生物安全，限制人员、车辆流动，对发病栏位进行局部消毒，暂停新进猪只入场。；sampling_for_testing: 采集鼻腔拭子、肺组织（剖检时）、血液样本及扁桃体拭子，送有资质的实验室进行PCR检测，包括PRRSV、猪流感病毒、支原体、胸膜肺炎放线杆菌等常见呼吸道病原。；prohibited_actions: 禁止随意使用未经批准的抗病毒药物或超范围抗菌药物；发现疑似重大疫病应立即向当地动物防疫部门报告，不得擅自处理。,未开具具体药物处方，无明确休药期要求；若后续使用兽药，应遵守标签说明并在屠宰前满足相应停药期。,"{""disease_name"": ""猪繁殖与呼吸综合征"", ""severity"": ""中等至严重（可导致高死亡率和生长迟缓）"", ""scene_tags"": [""育肥猪"", ""呼吸道症状"", ""混合感染风险"", ""用药效果差""], ""validation_points"": [""符合PRRS典型临床症状（发热、呼吸窘迫、耳发绀）"", ""提示可能存在多种呼吸道病原的混合感染"", ""建议通过多病原核酸检测明确诊断""], ""risk_flags"": [""疑似重大动物疫病（PRRS为中国二类动物疫病）"", ""潜在混合感染增加防控难度""], ""case_type"": ""呼吸道采样送检"", ""target_disease"": ""猪繁殖与呼吸综合征"", ""local_flags"": {""species_ok"": true, ""target_disease_in_diagnosis"": true, ""target_disease_mismatch"": false, ""contains_specific_dose"": false, ""contains_specific_withdrawal"": false, ""regulated_bad_treatment"": false}}",False,False,,,True,False,True,D:\XF-ChongQin\ai-\knowledge\llm_wiki_swine_authoritative,1465,887,"猪繁殖与呼吸综合征
猪繁殖与呼吸综合征、porcine reproductive and respiratory syndrome viruses、PRRS、蓝耳病
呼吸道采样送检
呼吸道症状持续，用药效果不稳定，用户询问采什么样品和如何鉴别混合感染。","{""HUMAN_REVIEWED"": 2, ""NEEDS_REVIEW"": 2}","[""A0-MOA-573"", ""SRC-0001"", ""SRC-0026"", ""SRC-0049""]",2221,32.07,ERNIE-4.5-Turbo-32K,88,28,18,23,20,False,True,"该回答对猪繁殖与呼吸综合征（PRRS）的诊断准确，考虑了混合感染的可能性，并提出了合理的采样送检建议。治疗方向和管理措施安全且符合疾病特点，数据质量较高，无明显错误。
问题：诊断准确性方面，虽然考虑了混合感染，但对其他可能病原的提及略显笼统，未深入分析其与PRRS的关联性。；病理逻辑上，对PRRS的病理机制解释不够详细，尤其是与混合感染的关系。；处方安全性上，虽然强调了不随意使用抗病毒药物，但未具体说明广谱抗生素的选择原则。；数据质量方面，场景标签和验证点较为全面，但风险标志中仅提及了PRRS的疫病类别，未充分强调其人兽共患风险（尽管PRRS主要影响猪，但了解这一点对全面评估仍有益）。",hunyuan-turbos-20250926,85,90,80,85,85,False,False,"该数据整体真实可信，用户描述的育肥猪群症状与PRRS典型表现相符，并合理考虑混合感染可能性。诊断思路清晰，采样方案科学，管理措施安全，未给出具体药物剂量或休药期，避免了高风险行为。不足之处在于对混合感染的病原分析较笼统，病理机制阐述不足，且对人兽共患风险的提示可更明确。
问题：对其他可能病原与PRRS的关联分析不够深入；PRRS病理机制及混合感染关系解释不足；广谱抗生素选择原则未具体化；人兽共患风险提醒不够突出",True,ERNIE-4.5-Turbo-32K,True,pass,该回答对猪繁殖与呼吸综合征（PRRS）的诊断准确，考虑了混合感染的可能性，并提出了合理的采样送检建议。治疗方向和管理措施安全且符合疾病特点。虽然对混合感染的病原分析较笼统，病理机制阐述不足，且对人兽共患风险的提示可更明确，但整体数据质量较高，无明显错误，不影响其作为有效数据的参考价值。,87.0,28,18,23,20,pass,20.44,21.08,
0aa18916-ae11-5faa-873d-f7995c1abe6c,373,猪大肠杆菌病,swine_hunyuan_turbos,hunyuan-turbos-20250926,成功,,猪,我家有120头25日龄左右的保育猪，最近两天陆续出现拉稀，粪便呈黄色水样，有的猪精神差、不吃料，还有几头明显脱水。圈舍温度偏低，前几天刚停喂了抗生素预防针剂。请问这是啥原因？该怎么紧急处理？,根据描述，该群保育猪在低温应激下出现黄色水样腹泻、精神沉郁及脱水，结合年龄阶段，高度怀疑为猪大肠杆菌病（Colibacillosis），尤其是ETEC型引起的断奶后腹泻综合征。该病常在环境应激、母源抗体下降时暴发，可导致严重脱水和生长受阻。,treatment_direction: 立即改善保温措施，减少冷应激；对脱水个体进行补液纠正水盐平衡；使用针对革兰氏阴性菌的敏感抗生素控制继发细菌感染（需依据药敏结果选择）；补充电解质和维生素以增强抵抗力。；management_measures: 清理并消毒圈舍，保持干燥通风；分群饲养，减少密度；暂停使用广谱抗生素以防肠道菌群紊乱；加强饲料卫生管理。；sampling_and_testing: 采集新鲜腹泻粪便样本送实验室进行细菌分离培养和药敏试验，必要时做PCR鉴定ETEC毒力基因；同时观察是否有其他病原混合感染。；prohibited_boundaries: 严禁随意使用未经批准的兽药或超范围用药；发现死亡病例应立即隔离，禁止随意丢弃或出售；若怀疑为重大疫病（如非洲猪瘟）须按当地规定上报。,具体停药期需依据所用药物说明书及检测结果确定，并在出栏前确保符合食品安全标准。,"{""disease_name"": ""猪大肠杆菌病"", ""severity"": ""中等至严重（视脱水程度与死亡率而定）"", ""scene_tags"": [""保育猪"", ""水样腹泻"", ""低温应激"", ""脱水""], ""validation_points"": [""年龄与症状符合ETEC高发期特征"", ""环境因素（低温）是重要诱因"", ""脱水提示病情进展较快""], ""risk_flags"": [""潜在混合感染风险"", ""若不控制可能迅速扩散全群""], ""case_type"": ""腹泻群体发病"", ""target_disease"": ""猪大肠杆菌病"", ""local_flags"": {""species_ok"": true, ""target_disease_in_diagnosis"": true, ""target_disease_mismatch"": false, ""contains_specific_dose"": false, ""contains_specific_withdrawal"": false, ""regulated_bad_treatment"": false}}",False,False,,,True,False,True,D:\XF-ChongQin\ai-\knowledge\llm_wiki_swine_authoritative,1465,887,"猪大肠杆菌病
猪大肠杆菌病、colibacillosis、大肠杆菌、大肠杆菌性腹泻、E. coli
腹泻群体发病
同窝或同栏出现水样腹泻、脱水、采食下降，用户想知道主要病因和紧急处理。","{""HUMAN_REVIEWED"": 3, ""NEEDS_REVIEW"": 2}","[""SRC-0001"", ""SRC-0063"", ""SRC-0064""]",2169,29.47,ERNIE-4.5-Turbo-32K,88,28,18,24,18,False,True,"整体回答质量较高，诊断准确性、处方安全性和逻辑性均表现良好，数据质量基本满足要求，无明显致命风险。
问题：diagnosis_accuracy: 诊断部分未明确提及ETEC型大肠杆菌的典型症状（如黏液性腹泻），仅通过年龄和环境推断，略显不足。；pathology_logic: 病理逻辑部分对低温应激与大肠杆菌病暴发的关联性解释不够深入，缺乏具体机制说明。；data_quality: 数据质量中场景标签和验证点覆盖较全面，但风险标志中未提及人兽共患风险（虽大肠杆菌病通常不直接传染人，但需注意卫生管理）。",hunyuan-turbos-20250926,85,8,7.5,9,8.5,False,False,"回答整体结构完整，诊断思路合理，处方方向正确且包含安全边界提示，无危险用药建议。但在诊断细节上缺少典型症状描述，病理机制解释不够深入，且未明确提示人畜共患风险防范。
问题：诊断部分未明确列出ETEC型大肠杆菌的典型临床表现（如黏液性腹泻等），仅凭年龄与环境推测，证据链稍弱。；病理逻辑中对低温应激诱发大肠杆菌病的机制阐述不足，缺乏微生物学或免疫学层面的解释。；未提及人畜共患风险提醒，尽管大肠杆菌病一般不属高风险人畜共患病，但仍需在卫生管理中强调。",True,ERNIE-4.5-Turbo-32K,True,pass,整体回答质量较高，诊断方向合理，处方安全且包含必要的管理措施和采样建议。尽管在诊断细节（如ETEC型典型症状）和病理机制解释上略有不足，但不影响整体判断，且未发现致命风险或危险用药建议。,87.0,28,18,24,18,pass,19.76,18.45,
1bb42e58-3f9a-53f7-bb9c-50032d46b8c8,374,仔猪黄白痢,swine_hunyuan_turbos,hunyuan-turbos-20250926,成功,,猪,我家有200头保育猪，现在40多天大，最近一周陆续出现拉黄色稀便，有的带白色粘液，精神还行但采食量下降，之前用了恩诺沙星拌料三天，部分好转，但还有不少继续拉稀。圈舍温度偏低，通风一般，想问还能不能再用药？要不要送样检查？,根据描述，考虑为仔猪黄白痢（由致病性大肠杆菌引起），可能与饲养管理条件差、应激及免疫力不足有关。目前已有抗菌药使用史且疗效有限，需警惕耐药性或其他继发因素。,建议先改善饲养环境，提高保温与通风，减少密度，保证饮水清洁；暂停盲目加药，采集新鲜粪便样本送实验室进行病原鉴定与药敏试验，指导后续用药；若病情严重或扩散迅速，应隔离病猪并加强消毒，防止水平传播。严禁自行更换高敏感抗生素以防掩盖疫情。,因未确定最终治疗方案，暂无法给出确切休药期，需依据检测结果和选用药物确定。,"{""disease_name"": ""仔猪黄白痢"", ""severity"": ""中等"", ""scene_tags"": [""保育猪"", ""腹泻"", ""大肠杆菌"", ""管理应激""], ""validation_points"": [""症状符合仔猪黄白痢特征（黄色稀便伴黏液）"", ""抗菌药使用后疗效不佳提示可能耐药或混合感染"", ""环境因素（低温、通风不良）是重要诱因""], ""risk_flags"": [""潜在耐药菌流行风险"", ""需排除其他肠道病原如病毒性腹泻""], ""case_type"": ""腹泻用药咨询"", ""target_disease"": ""仔猪黄白痢"", ""local_flags"": {""species_ok"": true, ""target_disease_in_diagnosis"": true, ""target_disease_mismatch"": false, ""contains_specific_dose"": false, ""contains_specific_withdrawal"": false, ""regulated_bad_treatment"": false}}",False,False,,,True,False,True,D:\XF-ChongQin\ai-\knowledge\llm_wiki_swine_authoritative,1465,887,"仔猪黄白痢
仔猪黄白痢、neonatal post weaning colibacillosis、黄白痢、大肠杆菌、仔猪大肠杆菌病
腹泻用药咨询
猪群腹泻后已用过常见抗菌药效果一般，用户询问是否继续用药以及是否需要送检。","{""HUMAN_REVIEWED"": 1, ""NEEDS_REVIEW"": 4}","[""SRC-0001"", ""SRC-0063""]",2055,24.39,ERNIE-4.5-Turbo-32K,88,28,18,24,18,False,True,"该回答整体表现良好，诊断准确，考虑了环境因素和耐药性，处理方向安全合理，数据质量较高。
问题：诊断准确性方面，虽然考虑了耐药性和继发因素，但未完全排除其他肠道病原如病毒性腹泻的可能性，诊断逻辑稍显不足。；病理逻辑方面，对环境因素（低温、通风不良）作为诱因的阐述较为充分，但对症状与疾病之间的直接联系解释不够深入。；数据质量方面，虽然提供了症状、用药史和环境因素等信息，但缺乏具体的实验室检测数据支持诊断。",hunyuan-turbos-20250926,85,90,80,95,80,False,False,"回答总体符合临床实际，诊断指向仔猪黄白痢，结合病史与环境因素分析合理，处理方案强调送检与避免盲目用药，安全性高。不足之处在于未明确排除病毒性腹泻等其他可能病因，病理机制解释略浅，缺少实验室确诊信息支撑。
问题：未充分讨论病毒性腹泻等鉴别诊断可能性；对症状与疾病因果关系的解释不够深入；缺乏实验室检测结果的佐证",True,ERNIE-4.5-Turbo-32K,True,pass,诊断指向仔猪黄白痢，结合病史与环境因素分析合理，处理方案强调送检与避免盲目用药，安全性高。尽管存在未充分讨论病毒性腹泻等鉴别诊断可能性、对症状与疾病因果关系的解释不够深入、缺乏实验室检测结果的佐证等轻微不足，但整体诊断和处置方向安全且疾病匹配，数据质量较高。,87.0,28,18,24,18,pass,16.03,19.31,
f77ac792-7ef2-542f-991c-25fec61eef11,376,猪支原体肺炎,swine_hunyuan_turbos,hunyuan-turbos-20250926,成功,,猪,我家有120头70日龄左右的保育猪，最近一周陆续有几头开始干咳、呼吸急促，体温在40℃左右，吃料明显减少，圈舍通风一般，湿度偏高，之前用过阿莫西林饮水，效果不明显，现在担心是不是会传染全群，需要全群用药吗？,根据描述，该批保育猪出现持续性干咳、喘气、发热及采食下降，结合圈舍通风不良、高湿度的环境因素，以及阿莫西林治疗效果不佳的情况，高度怀疑为猪支原体肺炎（由M. hyopneumoniae引起）。该病常呈慢性经过，易在密闭潮湿环境中传播，且可与其他病毒（如PRRSV、PCV2）协同加重肺部损伤。,treatment_direction: 针对M. hyopneumoniae的敏感抗生素方案（需兽医开具处方），配合改善圈舍通风与温湿度管理，减少应激。；management_measures: 立即分群隔离明显症状猪只，加强圈舍通风换气，适度提高环境温度以缓解因采食下降导致的代谢产热不足问题，保持干燥清洁，防止继发细菌感染。；sampling_testing: 采集鼻拭子或肺组织送实验室进行PCR检测，明确M. hyopneumoniae及其他潜在混合感染病原体（如PRRSV、PCV2、巴氏杆菌等）。；prohibited_boundary: 严禁自行使用未经批准的抗生素或超范围用药；若检出法定重大疫病或人兽共患病，须按当地畜牧部门规定执行隔离、扑杀或上报。,具体停药期需依据所用药物种类及兽医处方确定，不得随意缩短。,"{""disease_name"": ""猪支原体肺炎"", ""severity"": ""中等至严重（可导致生长迟缓、饲料转化率下降，严重时继发其他细菌性疾病）"", ""scene_tags"": [""保育猪"", ""群体性呼吸道症状"", ""慢性病程"", ""通风不良""], ""validation_points"": [""症状符合M. hyopneumoniae特征（干咳、喘气、发热、采食下降）"", ""阿莫西林无效提示可能为非典型或耐药菌感染"", ""环境因素支持病原体传播条件""], ""risk_flags"": [""存在混合感染风险（PRRSV、PCV2等）"", ""可能发展为PRDC"", ""不当用药可能导致耐药""], ""case_type"": ""呼吸道群体发病"", ""target_disease"": ""猪支原体肺炎"", ""local_flags"": {""species_ok"": true, ""target_disease_in_diagnosis"": true, ""target_disease_mismatch"": false, ""contains_specific_dose"": false, ""contains_specific_withdrawal"": false, ""regulated_bad_treatment"": false}}",False,False,,,True,False,True,D:\XF-ChongQin\ai-\knowledge\llm_wiki_swine_authoritative,1465,887,"猪支原体肺炎
猪支原体肺炎、mycoplasmosis enzootic pneumonia
呼吸道群体发病
同栏出现咳嗽、喘气、发热、采食下降，用户想判断病因和是否需要全群用药。","{""HUMAN_REVIEWED"": 2, ""NEEDS_REVIEW"": 2}","[""SRC-0001"", ""SRC-0006"", ""SRC-0026"", ""SRC-0069""]",2221,25.5,ERNIE-4.5-Turbo-32K,88,28,18,23,20,False,True,"该回答对猪支原体肺炎的诊断较为准确，症状描述与环境因素分析合理，治疗方案安全且考虑了混合感染风险，数据质量较高。
问题：诊断准确性方面，虽然症状描述与环境因素支持猪支原体肺炎的诊断，但未完全排除其他类似疾病的可能性，如猪传染性胸膜肺炎等，可进一步增加鉴别诊断内容。；病理逻辑方面，对疾病慢性经过及与其他病毒协同加重肺部损伤的描述稍显简略，可进一步细化。；数据质量方面，场景标签和验证点较为全面，但风险标志中对于不当用药可能导致耐药的描述较为笼统，可具体说明可能耐药的抗生素种类。",hunyuan-turbos-20250926,85,90,85,90,85,False,False,"该案例场景真实，用户描述的保育猪咳嗽、喘气、发热等症状与环境条件相符，诊断指向猪支原体肺炎合理，并考虑混合感染风险。治疗与管理措施符合安全规范，未出现危险用药建议，且有明确的采样检测和疫情上报边界。不足之处在于鉴别诊断不够充分，对病理机制阐述较简略，部分风险提示可更具体。
问题：未充分列出可能的鉴别诊断（如猪传染性胸膜肺炎、病毒性肺炎等）；对支原体肺炎与其他病原协同致病的机制描述过于简略；风险提示中对耐药风险的举例不够具体",True,ERNIE-4.5-Turbo-32K,True,pass,该回答对猪支原体肺炎的诊断较为准确，症状描述与环境因素分析合理，治疗方案安全且考虑了混合感染风险。虽然存在鉴别诊断不够充分、病理机制阐述较简略、风险提示不够具体等轻微不足，但整体数据质量较高，不影响核心诊断和处置方向。,87.0,28,18,23,20,pass,16.13,19.95,
193c5d69-72b5-5894-85cd-521391627da1,379,猪痢疾,swine_hunyuan_turbos,hunyuan-turbos-20250926,成功,,猪,我家是120头60日龄左右的保育猪，这几天陆续有猪拉稀，粪便带黏液血丝，精神差、吃料慢，圈舍温度偏低且通风不好，之前用过恩诺沙星拌料三天效果不明显，想问下可能是什么病，该怎么处理？,根据描述的腹泻带血丝、黏液、精神食欲下降及环境因素，结合年龄阶段，高度怀疑为猪痢疾（Swine Dysentery），病原可能为强β溶血性Brachyspira属细菌（如B. hyodysenteriae、B. hampsonii或B. suanatina）。确诊需采集典型病变猪的新鲜粪便或结肠黏膜进行实验室培养及PCR检测，确认强β溶血Brachypspira的存在。,立即将病猪与健康猪分栏管理，减少应激，改善圈舍保温与通风；停喂霉变饲料，保证饮水清洁；对全群加强生物安全措施，防止水平传播。尽快采集典型病例样本送实验室确诊，依据检测结果选择敏感抗生素进行治疗（禁止自行使用未经许可的药物）；同时清理粪污并彻底消毒。若确诊为猪痢疾，应执行严格的隔离、病死猪无害化处理及污染区域彻底清洗消毒，必要时按当地畜牧部门指导采取进一步措施。,待实验室确诊后，依据所用药物种类及官方规定确定停药期，期间不得屠宰或出售。,"{""disease_name"": ""猪痢疾"", ""severity"": ""中等至严重"", ""scene_tags"": [""保育猪"", ""群体发病"", ""腹泻带血"", ""黏液便"", ""低温高湿""], ""validation_points"": [""症状符合猪痢疾典型表现（血便、黏液、精神食欲下降）"", ""年龄阶段与保育猪常见感染相符"", ""环境应激因素可加重病情""], ""risk_flags"": [""需实验室确诊排除其他肠道病"", ""存在重大细菌病传播风险，需严格生物安全"", ""涉及潜在法定疫病防控边界，须配合主管部门""], ""case_type"": ""保育猪群体发病"", ""target_disease"": ""猪痢疾"", ""local_flags"": {""species_ok"": true, ""target_disease_in_diagnosis"": true, ""target_disease_mismatch"": false, ""contains_specific_dose"": false, ""contains_specific_withdrawal"": false, ""regulated_bad_treatment"": false}}",False,False,,,True,False,True,D:\XF-ChongQin\ai-\knowledge\llm_wiki_swine_authoritative,1465,887,"猪痢疾
猪痢疾、swine dysentery brachyspira hyodysenteriae、swine dysentery、Brachyspira
保育猪群体发病
群体发病、采食下降、粪便或呼吸道异常，用户想知道主要病因和下一步处理。","{""HUMAN_REVIEWED"": 2}","[""SRC-0001"", ""SRC-0077""]",2221,38.86,ERNIE-4.5-Turbo-32K,88,28,18,23,20,False,True,"该回答整体上对猪痢疾的诊断、处理方向和生物安全措施有较为准确的描述，符合测试数据有效性的要求。诊断依据症状、年龄阶段和环境因素，高度怀疑猪痢疾，并建议实验室确诊，符合诊断逻辑。处理方向包括隔离、改善环境、生物安全措施和实验室确诊后选择敏感抗生素，安全且与疾病相互印证。数据质量方面，症状描述、年龄阶段和环境因素均与猪痢疾相符，但缺乏具体药物选择和剂量信息。
问题：诊断准确性方面，虽然高度怀疑猪痢疾，但未完全排除其他肠道病，如猪传染性胃肠炎或猪流行性腹泻，尽管这些疾病在保育猪中症状可能有所不同，但仍需实验室确诊以完全确认。；病理学逻辑方面，回答中提到了环境应激因素可加重病情，但未详细解释这些因素如何具体影响猪痢疾的发生和发展。；处方安全性方面，虽然建议了实验室确诊后选择敏感抗生素，但未提供具体药物名称和剂量，这在实际操作中可能不够明确。；数据质量方面，虽然症状描述、年龄阶段和环境因素均与猪痢疾相符，但缺乏具体药物选择和剂量信息，可能影响实际操作的准确性。",hunyuan-turbos-20250926,85,90,80,90,85,False,False,"该数据整体真实可信，用户提供的症状、年龄、环境和用药史与猪痢疾的典型表现一致，诊断思路合理，强调实验室确诊和生物安全措施，避免盲目用药，符合安全规范。不足之处在于未充分讨论鉴别诊断，也未深入解释环境与病原致病机制的关系，部分细节略显笼统。
问题：未充分列出可能的鉴别诊断（如TGE、PED等）；未详细说明环境应激如何促进猪痢疾发生发展；缺少针对现场快速处置的更细化建议",True,ERNIE-4.5-Turbo-32K,True,pass,该回答对猪痢疾的诊断、处理方向和生物安全措施有较为准确的描述，符合测试数据有效性的要求。诊断依据症状、年龄阶段和环境因素，高度怀疑猪痢疾，并建议实验室确诊，符合诊断逻辑。处理方向包括隔离、改善环境、生物安全措施和实验室确诊后选择敏感抗生素，安全且与疾病相互印证。尽管未充分讨论鉴别诊断和未详细解释环境应激因素如何具体影响猪痢疾的发生和发展，但整体方向正确，不影响数据可用性。,87.0,28,18,23,20,pass,26.44,18.85,
f3b8ace5-fe89-5055-8b3c-b84042d4786e,382,猪霉菌毒素中毒,swine_hunyuan_turbos,hunyuan-turbos-20250926,成功,,猪,我家有120头育肥猪，平均体重在80公斤左右，最近一周陆续出现食欲下降、精神沉郁、个别猪拉稀，还有几头母猪产仔后奶水明显减少。怀疑是上个月换的那批玉米粉有问题，想问还能不能继续喂这批料？另外如果要送样检测，应该送什么样品？怎么留病料？,根据描述的症状（食欲减退、精神差、腹泻、泌乳减少），结合近期更换的玉米粉原料，高度怀疑为猪霉菌毒素中毒。该病由摄入被产毒真菌污染的饲料引起，不同毒素可导致消化系统、肝脏、免疫系统及繁殖功能受损。需通过实验室检测饲料及病料中的霉菌毒素含量来确诊。,treatment_direction: 立即停喂可疑饲料，改用清洁无霉变的优质饲料；提供充足清洁饮水，添加适量电解质和维生素C帮助恢复体力；对严重病例可考虑对症支持治疗并隔离观察。；management_measures: 清理料槽残留可疑饲料，检查仓储条件防止二次污染；加强通风防潮，定期翻动库存饲料；记录发病猪只情况以便后续分析。；sampling_and_testing: 采集可疑饲料样本（至少500克，混合均匀，密封冷藏保存）；同时采集病死猪或濒死猪的肝、肾、肠内容物等组织样本（无菌容器，低温保存）；送至具备资质的饲料及动物疫病检测机构进行霉菌毒素定量检测。；prohibited_actions: 严禁将可疑饲料继续投喂任何猪群；禁止未经检测直接丢弃或转卖可疑饲料；发现大量死亡或群体性异常时，应立即向当地畜牧兽医部门报告。,因属中毒性疾病，无药物休药期概念；但应待检测结果阴性且猪群健康稳定后再恢复正常饲养管理。,"{""disease_name"": ""猪霉菌毒素中毒"", ""severity"": ""中等至重度（视毒素种类及摄入量而定）"", ""scene_tags"": [""育肥猪"", ""母猪"", ""饲料更换"", ""群体发病""], ""validation_points"": [""症状符合霉菌毒素中毒表现（食欲下降、腹泻、泌乳减少）"", ""有明确的可疑饲料更换史"", ""建议立即停用可疑饲料并送检""], ""risk_flags"": [""潜在重大经济损失"", ""存在群体传播风险（通过饲料）""], ""case_type"": ""中毒处置边界"", ""target_disease"": ""猪霉菌毒素中毒"", ""local_flags"": {""species_ok"": true, ""target_disease_in_diagnosis"": true, ""target_disease_mismatch"": false, ""contains_specific_dose"": false, ""contains_specific_withdrawal"": false, ""regulated_bad_treatment"": false}}",False,False,,,True,False,True,D:\XF-ChongQin\ai-\knowledge\llm_wiki_swine_authoritative,1465,887,"猪霉菌毒素中毒
猪霉菌毒素中毒、mycotoxins in grains and feeds
中毒处置边界
用户想知道是否继续饲喂可疑饲料、怎样送检饲料和病料。","{""NEEDS_REVIEW"": 2, ""PROCESSED_SOURCE_ANCHORED"": 2}","[""SRC-0001"", ""SRC-0085""]",2220,26.89,ERNIE-4.5-Turbo-32K,88,28,18,24,18,False,True,"该回答整体表现良好，诊断准确，处理方向安全，数据质量较高，无明显致命风险。
问题：diagnosis_accuracy: 诊断准确性得分略低，因未完全覆盖所有症状与疾病关联的详细解释。；pathology_logic: 病理逻辑部分对霉菌毒素中毒的病理机制解释不够深入。；data_quality: 数据质量部分因未详细提及症状与疾病匹配的具体文献或数据支持而扣分。",hunyuan-turbos-20250926,85,8.5,8.0,9.0,8.5,True,False,"该回答场景真实，用户描述的育肥猪与母猪症状与霉菌毒素中毒的典型表现相符，诊断合理且与处理措施一致。处理方案包括停用可疑饲料、改善饲养环境、采样送检等措施符合安全规范，未发现危险建议。不足之处在于病理机制解释较浅，缺乏更详细的毒素作用路径说明，以及缺少对症状-毒素对应关系的细化阐述。
问题：病理机制解释不够深入，未详细说明不同霉菌毒素对消化、免疫、生殖系统的具体影响路径。；症状与疾病的关联分析较为笼统，缺乏对个别症状（如泌乳减少）与特定毒素作用的针对性说明。；数据支撑不足，没有引用相关文献或统计数据佐证诊断依据。",True,ERNIE-4.5-Turbo-32K,True,pass,该回答诊断准确，处理方向安全，符合猪霉菌毒素中毒的典型表现及处理规范。尽管病理机制解释和症状-毒素关联分析不够深入，但整体回答质量较高，无明显致命风险，且处理措施合理可行。,87.0,28,18,24,18,pass,16.28,15.07,
87e6a3fa-7e09-5356-b9c4-06a824d0dc70,390,猪δ冠状病毒感染,swine_hunyuan_turbos,hunyuan-turbos-20250926,成功,,猪,我家有200多头保育到育肥阶段的猪，现在20多天前开始陆续出现拉稀，先是小部分，后来扩散到全群，用了恩诺沙星和硫酸粘菌素拌料喂了7天，腹泻减轻但不彻底，还有零星拉水便。舍内温度偏低，通风一般，饲料没换过。想问下这种情况还要不要继续加抗生素？要不要送样检查？,结合病史、用药史及临床表现，考虑存在病毒性腹泻因素，可能为猪δ冠状病毒感染等病毒性疾病，同时可能合并细菌性继发感染。需通过实验室检测明确病原类型。,treatment_direction: 停止盲目使用广谱抗生素，改为对症支持治疗，如补充电解质、葡萄糖溶液防止脱水，改善饲养管理条件，提高舍温、加强通风，减少应激。；management_measures: 分群饲养，将病情严重的猪隔离，保持圈舍干燥清洁，定期消毒，控制密度，减少交叉感染机会。；sampling_and_testing: 采集新鲜腹泻粪便或直肠拭子，送具备资质的兽医实验室进行病原学检测（PCR），必要时做细菌分离培养以排除混合感染。；prohibited_boundary: 在未明确病因前，禁止随意更换或加大抗生素用量，以免掩盖病情或导致耐药菌产生。,因未使用特定药物，无具体休药期要求；若后续确诊需用药，应按兽药说明书执行相应停药期。,"{""disease_name"": ""猪δ冠状病毒感染"", ""severity"": ""中等"", ""scene_tags"": [""保育猪"", ""育肥猪"", ""腹泻"", ""病毒性感染"", ""混合感染""], ""validation_points"": [""符合PDCoV在保育至育肥阶段易发特点"", ""抗生素治疗无效提示非单纯细菌感染"", ""建议送检以区分病毒性与细菌性病因""], ""risk_flags"": [""潜在病毒性疾病"", ""需排除混合感染"", ""需实验室确诊""], ""case_type"": ""腹泻用药咨询"", ""target_disease"": ""猪δ冠状病毒感染"", ""local_flags"": {""species_ok"": true, ""target_disease_in_diagnosis"": true, ""target_disease_mismatch"": false, ""contains_specific_dose"": false, ""contains_specific_withdrawal"": false, ""regulated_bad_treatment"": false}}",False,False,,,True,False,True,D:\XF-ChongQin\ai-\knowledge\llm_wiki_swine_authoritative,1465,887,"猪δ冠状病毒感染
猪δ冠状病毒感染、porcine deltacoronavirus
腹泻用药咨询
猪群腹泻后已用过常见抗菌药效果一般，用户询问是否继续用药以及是否需要送检。","{""HUMAN_REVIEWED"": 1, ""NEEDS_REVIEW"": 4}","[""A0-MOA-573"", ""SRC-0001""]",2027,29.43,ERNIE-4.5-Turbo-32K,88,27,18,23,20,False,True,"该回答在诊断准确性、病理逻辑、处方安全性和数据质量方面表现良好，整体符合测试数据有效性要求。诊断考虑了病毒性腹泻因素，并建议实验室检测以明确病原，处方安全合理，未发现致命风险。
问题：diagnosis_accuracy: 诊断中虽提及猪δ冠状病毒感染可能性，但未充分排除其他病毒性腹泻疾病，如猪流行性腹泻病毒（PEDV）或传染性胃肠炎病毒（TGEV），诊断特异性稍显不足。；pathology_logic: 病理逻辑部分对混合感染的分析较为笼统，未详细阐述细菌性继发感染的可能病原及依据。；data_quality: 数据质量方面，场景标签和验证点较为全面，但风险标志中未明确提及人兽共患风险（尽管猪δ冠状病毒目前无人兽共患报道，但应注明以增强完整性）。",hunyuan-turbos-20250926,85,80,82,90,85,True,False,"该数据场景真实，用户描述的症状与可能的猪δ冠状病毒感染相符，诊断方向合理且提示送检确认病原，处方建议安全，避免滥用抗生素，管理措施得当，无明显危险建议。不足之处在于诊断特异性不够高，未充分排除其他常见病毒性腹泻病因，对混合感染的病原分析较笼统，且缺少对人兽共患风险的说明。
问题：诊断未充分排除其他病毒性腹泻疾病（如PEDV、TGEV），特异性不足。；对细菌性继发感染的具体病原及依据分析不够细致。；未明确标注人兽共患风险情况，信息完整性可提升。",True,ERNIE-4.5-Turbo-32K,True,pass,该回答在诊断准确性、病理逻辑、处方安全性和数据质量方面表现良好，诊断考虑了病毒性腹泻因素，并建议实验室检测以明确病原，处方安全合理，未发现致命风险。尽管诊断特异性稍显不足，未充分排除其他病毒性腹泻疾病，且对混合感染的病原分析较笼统，但整体符合测试数据有效性要求。,87.0,27,18,23,20,pass,20.46,16.85,
57e6d1a0-57cb-57bf-983c-cfa161c6085e,406,猪痘,swine_hunyuan_turbos,hunyuan-turbos-20250926,成功,,猪,我家有200多头育肥猪，平均体重在60公斤左右，分两栋圈养。最近一周内，第一栋里有十几头陆续出现皮肤丘疹、结痂，主要集中在背部和耳后，个别猪精神稍差，采食量下降。第二栋暂时没发现类似情况。之前用过一些维生素C和多维拌料，效果不明显。我想问问能不能先当普通皮肤病处理看看？,根据描述，考虑猪痘病毒感染可能性较大。该病由猪痘病毒引起，典型表现为皮肤上出现圆形隆起丘疹，逐渐发展为水疱、脓疱并结痂，多分布于体表无毛或少毛部位。病程一般自限性，但可影响生长性能。若未排除其他病毒性或细菌性皮肤病，应结合实验室检测确诊。,treatment_direction: 无特效抗病毒药物，以支持疗法为主，改善营养和饲养管理，减少应激，促进自愈。；management_measures: 将疑似病例与健康猪隔离，加强圈舍通风干燥，保持清洁，防止继发细菌感染。对结痂区域可用温和消毒剂清洗，避免机械损伤。；sampling_and_testing: 采集病变组织样本送实验室进行病毒学检测（如PCR），以明确病原并排除其他相似皮肤病（如伪狂犬病、猪丹毒等）。；prohibited_boundaries: 严禁擅自使用未经批准的兽药或人用药品；禁止随意剖检病死猪以防病原扩散；若为重大疫病或人兽共患病，应按当地畜牧部门规定立即上报。,本病无特效药物治疗，不涉及药物休药期问题。若使用支持性药物，应遵循相应产品说明及法规。,"{""disease_name"": ""猪痘"", ""severity"": ""中等"", ""scene_tags"": [""育肥猪"", ""皮肤病变"", ""群体散发""], ""validation_points"": [""皮肤丘疹、结痂分布特征符合猪痘典型表现"", ""病程自限性与支持疗法原则一致"", ""强调隔离与送检以排除其他病原""], ""risk_flags"": [""需警惕混合感染或误诊为其他烈性病"", ""若扩散迅速应考虑上报""], ""case_type"": ""暴发与处置边界"", ""target_disease"": ""猪痘"", ""local_flags"": {""species_ok"": true, ""target_disease_in_diagnosis"": true, ""target_disease_mismatch"": false, ""contains_specific_dose"": false, ""contains_specific_withdrawal"": false, ""regulated_bad_treatment"": false}}",False,False,,,True,False,True,D:\XF-ChongQin\ai-\knowledge\llm_wiki_swine_authoritative,1465,887,"猪痘
猪痘、swinepox virus
暴发与处置边界
同栏或多栋猪舍短期内发病增多，用户询问是否能先按普通病治疗观察。","{""HUMAN_REVIEWED"": 4}","[""SRC-0001"", ""SRC-0034"", ""SRC-0046"", ""SRC-0051"", ""SRC-0052""]",2220,31.09,ERNIE-4.5-Turbo-32K,88,28,18,23,20,False,True,"整体回答质量较高，诊断准确性、病理逻辑、处方安全性和数据质量均表现良好，无明显致命风险。诊断准确描述了猪痘的典型症状和病程，病理逻辑合理，处方安全且符合疾病特点，数据质量较高，提供了详细的场景标签和验证点。
问题：诊断准确性方面，虽然描述了猪痘的典型症状，但未完全排除其他病毒性或细菌性皮肤病的可能性，仅提到应结合实验室检测确诊，未充分强调鉴别诊断的重要性。；病理逻辑方面，对病程自限性的解释较为简单，未详细说明支持疗法如何促进自愈。；数据质量方面，风险标志中提到需警惕混合感染或误诊为其他烈性病，但未具体说明可能误诊的疾病类型。；处方安全性方面，虽然提到了严禁擅自使用未经批准的兽药或人用药品，但未明确说明支持性药物的具体使用方法和注意事项。",hunyuan-turbos-20250926,85,90,85,90,80,False,False,"该数据整体真实可信，用户描述的场景与猪痘临床表现高度吻合，诊断思路正确，处理方案安全且包含必要的生物安全措施。不足之处在于鉴别诊断和风险提示不够细化，部分细节缺乏深入解释。
问题：鉴别诊断部分仅笼统提及需实验室检测，未列举常见易混淆的猪皮肤病（如伪狂犬病、猪丹毒、疥螨病等）及其鉴别要点。；病程自限性和支持疗法的机制解释较简略，缺少对免疫调节、营养干预等作用的说明。；风险警示虽涵盖重大疫病和人兽共患病上报要求，但未针对猪痘本身可能的并发症或继发感染提出更具体的防控建议。",True,ERNIE-4.5-Turbo-32K,True,pass,整体回答质量较高，诊断准确性、病理逻辑、处方安全性和数据质量均表现良好，无明显致命风险。诊断准确描述了猪痘的典型症状和病程，病理逻辑合理，处方安全且符合疾病特点，数据质量较高。尽管在鉴别诊断、病程自限性解释和风险提示方面存在轻微不足，但不影响整体方向和安全性，可通过后续优化提升质量。,87.0,28,18,23,20,pass,20.66,27.71,
e165c78d-6dff-5d10-9f89-44a294f9710c,411,猪甲病毒相关感染,swine_hunyuan_turbos,ERNIE-4.5-Turbo-32K,成功,,猪,我家种猪场有30头母猪，平均体重200公斤左右，最近半个月陆续出现3头母猪流产，还有2头死胎，另外有2头公猪精液质量下降，食欲稍微有点差，但体温正常。之前用过一些抗生素预防感染，但没效果。现在担心是不是传染病，这种情况还能继续配种吗？,结合种猪场出现流产、死胎、返情及公猪精液质量下降等症状，且抗生素治疗无效，初步怀疑为猪甲病毒相关感染（病毒病），需进一步实验室检测确诊。,治疗方向：目前无特效抗病毒药物，以对症治疗和支持疗法为主，如补充营养、增强免疫力。管理措施：立即隔离患病猪只，防止疫情扩散；加强猪舍消毒，保持环境干燥清洁；暂停配种活动，待确诊并控制疫情后再恢复。采样送检：采集流产胎儿组织、死胎组织及患病猪只血液样本，送专业实验室进行病毒学检测。禁忌边界：避免使用抗病毒药物盲目治疗，禁止销售或转运患病猪只及可能被污染的产品。,待确诊后根据具体用药情况确定休药期。,"{""disease_name"": ""猪甲病毒相关感染"", ""severity"": ""中等"", ""scene_tags"": [""种猪场"", ""繁殖障碍"", ""流产"", ""死胎"", ""公猪异常""], ""validation_points"": [""种猪场出现流产、死胎、返情及公猪精液质量下降等症状"", ""抗生素治疗无效，初步怀疑为病毒病"", ""需进一步实验室检测确诊"", ""隔离患病猪只，防止疫情扩散"", ""暂停配种活动，待确诊并控制疫情后再恢复""], ""risk_flags"": [""传染病风险"", ""繁殖障碍风险""], ""case_type"": ""种猪繁殖障碍"", ""target_disease"": ""猪甲病毒相关感染"", ""local_flags"": {""species_ok"": true, ""target_disease_in_diagnosis"": true, ""target_disease_mismatch"": false, ""contains_specific_dose"": false, ""contains_specific_withdrawal"": false, ""regulated_bad_treatment"": false}}",False,False,,,True,False,True,D:\XF-ChongQin\ai-\knowledge\llm_wiki_swine_authoritative,1465,887,"猪甲病毒相关感染
猪甲病毒相关感染、togaviruses getah sagiyama ross river eee
种猪繁殖障碍
种猪场出现流产、死胎、返情或公猪异常，用户担心传染病和是否继续配种。","{""NEEDS_REVIEW"": 5}","[""SRC-0001""]",2057,52.37,ERNIE-4.5-Turbo-32K,88,28,18,23,20,False,True,"该回答在诊断准确性、病理逻辑、处方安全性和数据质量方面表现良好，整体符合测试数据有效性要求。诊断准确识别了猪甲病毒相关感染的可能性，并建议实验室检测确诊；病理逻辑合理，考虑了抗生素无效和病毒病特征；处方安全，强调对症治疗和支持疗法，并提出了有效的管理措施；数据质量较高，症状与疾病匹配，诊断逻辑清晰。
问题：诊断准确性方面，虽然识别了病毒病可能性，但未详细说明猪甲病毒相关感染的具体特征或与其他类似疾病的鉴别诊断。；病理逻辑方面，对症状与疾病关系的解释可以更深入，例如解释为何抗生素无效支持病毒病诊断。；数据质量方面，虽然场景标签和验证点全面，但风险标志中未明确提及人兽共患风险（尽管猪甲病毒相关感染通常不直接人兽共患，但应评估并说明）。",hunyuan-turbos-20250926,85,8,8.5,9,8.5,False,False,"该数据整体真实可信，用户描述的种猪场流产、死胎、公猪精液质量下降等典型症状与猪甲病毒相关感染的临床表现相符，诊断思路正确，排除了细菌感染可能，并建议实验室检测确认。处方部分强调了对症支持治疗和严格的生物安全措施，避免了危险用药建议，安全性高。不足之处在于缺乏更详细的鉴别诊断说明以及人兽共患病风险评估的明确表述。
问题：未详细阐述猪甲病毒相关感染的典型临床特征和与其他类似疾病的鉴别要点。；未明确评估并说明该病的人兽共患风险，即使风险较低也应注明。；对抗生素无效的机制解释不够深入。",True,ERNIE-4.5-Turbo-32K,True,pass,该回答在诊断准确性、病理逻辑、处方安全性和数据质量方面表现良好，整体符合测试数据有效性要求。诊断准确识别了猪甲病毒相关感染的可能性，并建议实验室检测确诊；病理逻辑合理，考虑了抗生素无效和病毒病特征；处方安全，强调对症治疗和支持疗法，并提出了有效的管理措施；数据质量较高，症状与疾病匹配，诊断逻辑清晰。尽管存在未详细说明猪甲病毒相关感染的具体特征、与其他类似疾病的鉴别诊断、抗生素无效的机制解释不够深入以及未明确评估人兽共患病风险等轻微不足，但不影响整体判断，可判pass。,87.0,28,18,23,20,pass,19.65,22.89,
934096a6-5daa-537f-9935-84260308828b,438,猪有毒气体与通风失败损伤,swine_hunyuan_turbos,hunyuan-turbos-20250926,成功,,猪,我家有120头90公斤左右的育肥猪，圈舍是半封闭式，最近几天天气闷热，昨天早上发现圈里有几头猪精神沉郁、呼吸急促、流眼泪，有的还咳嗽，今天又多了几头出现类似情况。圈里平时通风一般，这两天没开风机，而且前天刚清过粪池并搅动了底泥。想问这种情况还能继续喂现在的配合料吗？要不要把饲料送去做检测？病死猪怎么处理合适？,根据描述，结合近期清粪池搅动、通风不良及高温闷湿的环境条件，高度怀疑为粪污分解产生的有害气体（如氨气、硫化氢）引起的急性中毒反应，属于猪有毒气体与通风失败损伤。临床表现包括呼吸急促、流泪、咳嗽和精神沉郁，符合有害气体刺激呼吸道所致。,treatment_direction: 立即改善圈舍通风，开启风机或增加开窗面积，降低有害气体浓度；将病猪转移至空气新鲜区域观察；对重症病例进行对症支持治疗（如补液、维持电解质平衡）。；management_measures: 暂停使用当前批次配合料直至排除饲料污染因素；清理粪污并减少搅动频率；加强日常通风与温湿度监控；在有害气体环境中作业需佩戴防护装备。；sampling_and_testing: 采集可疑饲料样品送至具备资质的实验室检测霉菌毒素、重金属及其他有害成分；同时采集病死猪的肺、肝、血液等组织样本进行病理学和毒物分析，以明确死因并指导后续防控。；prohibited_boundaries: 严禁在未查明病因的情况下继续使用可疑饲料；禁止随意丢弃病死猪尸体，须按无害化处理规定执行；若怀疑涉及重大动物疫病或人畜共患病，应立即报告当地动物防疫部门。,因属环境性中毒，无特定药物休药期，但需确保有害气体浓度降至安全水平后再恢复正常饲养。,"{""disease_name"": ""猪有毒气体与通风失败损伤"", ""severity"": ""中等至严重（取决于暴露时间和浓度）"", ""scene_tags"": [""育肥猪"", ""通风不良"", ""粪污搅动"", ""有害气体暴露""], ""validation_points"": [""症状与有害气体刺激相符"", ""环境因素与发病时间吻合"", ""群体性发病提示共同暴露源""], ""risk_flags"": [""潜在群体性健康威胁"", ""需排除饲料污染"", ""可能涉及人员职业健康风险""], ""case_type"": ""中毒处置边界"", ""target_disease"": ""猪有毒气体与通风失败损伤"", ""local_flags"": {""species_ok"": true, ""target_disease_in_diagnosis"": true, ""target_disease_mismatch"": false, ""contains_specific_dose"": false, ""contains_specific_withdrawal"": false, ""regulated_bad_treatment"": false}}",False,False,,,True,False,True,D:\XF-ChongQin\ai-\knowledge\llm_wiki_swine_authoritative,1465,887,"猪有毒气体与通风失败损伤
猪有毒气体与通风失败损伤、toxic gases ventilation failure
中毒处置边界
用户想知道是否继续饲喂可疑饲料、怎样送检饲料和病料。","{""NEEDS_REVIEW"": 2, ""PROCESSED_SOURCE_ANCHORED"": 3}","[""SRC-0001"", ""SRC-0086""]",2171,21.46,ERNIE-4.5-Turbo-32K,88,28,18,23,20,False,True,"该回答在诊断准确性、病理逻辑、处方安全性和数据质量方面表现良好，整体符合测试数据有效性要求。诊断与症状、环境因素高度匹配，处理方向安全合理，数据质量较高。
问题：病理逻辑部分对有害气体具体成分与症状关联的阐述稍显不足；数据质量方面，对环境因素（如温度、湿度具体数值）的记录可更详细",hunyuan-turbos-20250926,85,9,8,10,7,False,False,"诊断准确，症状与环境条件吻合，处理方案安全且包含必要的无害化与上报边界措施，未出现危险用药建议。不足之处在于有害气体种类与症状的关联解释不够细致，环境因素记录较笼统。
问题：病理逻辑中对有害气体（如氨气、硫化氢）如何引起流泪、咳嗽等症状的机制说明不足；用户提供的环境条件（温度、湿度、通风量）缺乏量化信息，影响评估精度",True,ERNIE-4.5-Turbo-32K,True,pass,诊断与症状、环境因素高度匹配，处理方向安全合理，包含必要的无害化与上报边界措施。尽管病理逻辑中对有害气体种类与症状的关联解释不够细致，环境因素记录较笼统，但整体符合测试数据有效性要求，不影响主要判断。,87.0,28,18,23,20,pass,12.84,15.21,
c05ec802-7353-5b7f-8d66-094157c2a909,441,猪传染性胃肠炎,swine_hunyuan_turbos,hunyuan-turbos-20250926,成功,,猪,我家有120头25日龄左右的断奶仔猪，最近两天陆续出现拉稀，粪便呈黄色水样，有的还带点酸臭味，精神差、吃料少，个别猪已经明显脱水。舍内温度一直保持在22℃，之前没用过什么药，想问问这是啥原因，该怎么处理？,根据描述的症状（水样腹泻、酸臭、脱水、采食下降）及日龄特点，高度怀疑为猪传染性胃肠炎（TGEV）。该病在哺乳后期至保育早期最易暴发，传染性强，常呈全栏甚至全场流行。需结合实验室检测（如RT-PCR、ELISA）进一步确诊。,treatment_direction: 目前无特效抗病毒药，重点在于支持疗法与控制继发感染。；management_measures: 立即将病猪与健康猪严格分群隔离，减少人员、器具、车辆交叉接触。；提高舍温2-3℃以减少应激，改善保温条件，防止低温加重脱水。；保证清洁饮水，可在饮水中添加适量电解质、葡萄糖补充能量。；对严重脱水猪进行腹腔补液或静脉补液，维持体液平衡。；sampling_and_testing: 采集新鲜粪便或肠内容物送实验室做TGEV RT-PCR检测。；必要时采集配对血清进行TGEV/PRCV抗体检测，按群体动态分析。；prohibited_boundary: 严禁随意使用未经批准的兽药或抗生素作为‘特效’治疗。；禁止擅自出售、调运病猪或疑似病猪，以防疫情扩散。；若确诊为重大动物疫病，应配合当地畜牧兽医部门执行扑杀、无害化处理等措施。,本病为病毒性传染病，无特定药物休药期，但在恢复期内应避免过早出栏或进入屠宰环节，确保无残留健康风险。,"{""disease_name"": ""猪传染性胃肠炎"", ""severity"": ""高"", ""scene_tags"": [""群体腹泻"", ""保育猪"", ""急性流行""], ""validation_points"": [""症状与TGEV典型特征一致（水样腹泻、酸臭、脱水、采食下降）"", ""年龄阶段符合高发期（25日龄左右）"", ""建议采取隔离、保温、补液等支持措施""], ""risk_flags"": [""高传染性，存在全场扩散风险"", ""需警惕与其他腹泻性疾病（如PED、轮状病毒）鉴别"", ""涉及重大动物疫病防控边界，需及时报告并配合检测""], ""case_type"": ""腹泻群体发病"", ""target_disease"": ""猪传染性胃肠炎"", ""local_flags"": {""species_ok"": true, ""target_disease_in_diagnosis"": true, ""target_disease_mismatch"": false, ""contains_specific_dose"": false, ""contains_specific_withdrawal"": false, ""regulated_bad_treatment"": false}}",False,False,,,True,False,True,D:\XF-ChongQin\ai-\knowledge\llm_wiki_swine_authoritative,1465,887,"猪传染性胃肠炎
猪传染性胃肠炎、transmissible gastroenteritis virus、TGE、TGEV
腹泻群体发病
同窝或同栏出现水样腹泻、脱水、采食下降，用户想知道主要病因和紧急处理。","{""HUMAN_REVIEWED"": 3, ""NEEDS_REVIEW"": 2}","[""SRC-0001"", ""SRC-0006"", ""SRC-0036""]",2102,34.1,ERNIE-4.5-Turbo-32K,88,28,18,23,20,False,True,"该回答整体表现良好，诊断准确性较高，症状与疾病匹配合理，诊断逻辑清晰，处理方向安全且与疾病相互印证，数据质量较高，无明显错误或风险。
问题：diagnosis_accuracy: 诊断准确性较高，但未提及实验室检测的必要性对确诊的绝对性影响，可进一步强调实验室检测的重要性。；pathology_logic: 病理逻辑基本清晰，但未详细解释为何排除其他类似疾病（如PED、轮状病毒）的可能性。；prescription_safety: 处方安全，但‘提高舍温2-3℃’的建议略显笼统，未考虑不同环境条件下的具体调整。；data_quality: 数据质量较高，但‘withdrawal_period’部分提及‘无特定药物休药期’时，可补充说明病毒性传染病的一般管理原则。",hunyuan-turbos-20250926,85,8.5,8.0,9.0,8.5,True,False,"该数据整体真实可信，用户描述的场景符合猪传染性胃肠炎的典型发病背景，症状与疾病特征吻合度高。诊断思路明确，并提示了实验室确诊的必要性，处理措施以对症支持为主，兼顾生物安全和防疫要求，没有发现危险用药建议。不足之处在于未充分排除其他相似病因，以及部分建议较为笼统，缺乏细化操作指引。
问题：未详细说明如何排除其他引起类似症状的病原（如PED、轮状病毒等），可能影响鉴别诊断的全面性。；“提高舍温2-3℃”建议较笼统，未结合不同季节、地区或设施条件的差异给出更具体的温控方案。；关于休药期的说明虽正确，但可补充病毒性传染病在恢复期管理的通用原则以增强指导性。",True,ERNIE-4.5-Turbo-32K,both,pass,该回答整体表现良好，诊断准确性较高，症状与疾病匹配合理，诊断逻辑清晰，处理方向安全且与疾病相互印证。虽然存在未详细说明如何排除其他相似病因、部分建议略显笼统等轻微不足，但不影响整体数据质量，且未发现危险用药建议或明显错误。,87.0,28,18,23,20,pass,24.2,18.73,
9dc3e70d-ced0-54af-91a2-0f037e4a74f4,447,仔猪黄白痢,swine_hunyuan_turbos,hunyuan-turbos-20250926,成功,,猪,我家有120头母猪，最近刚产仔一批，大约10天前开始陆续出现仔猪拉黄色稀粪的情况，有的还带白色粘液，整窝都有，个别精神差、吃奶少，体温测着正常，圈舍温度偏低，通风一般。之前没用过什么药，想问下这是啥原因？会不会是病毒性还是细菌性的？要不要马上送样检查？,根据描述，日龄约10天的仔猪出现整窝黄色稀粪伴白色粘液，精神稍差，提示可能为仔猪黄白痢（由致病性大肠杆菌引起），属于细菌性腹泻范畴。需结合粪便性状、日龄及流行病学特征与病毒性（如轮状病毒、传染性胃肠炎）及寄生虫性（如球虫）腹泻进行鉴别。当前未见高热、呕吐等典型病毒性表现，且病程较短，更倾向细菌感染。建议尽快采集新鲜粪便样本送实验室检测，明确病原类型。,treatment_direction: 针对疑似大肠杆菌性腹泻，可在兽医指导下使用敏感抗生素控制继发感染，同时补充电解质溶液防止脱水。；management_measures: 提高产房保温措施，保持干燥清洁，减少应激；加强初乳摄入，确保仔猪获得足够抗体；及时清理污物，防止交叉感染。；sampling_and_testing: 立即采集新鲜腹泻粪便样品，送具备资质的兽医实验室进行细菌培养、PCR检测及必要的寄生虫卵检查，以明确病原并指导精准用药。；prohibited_boundaries: 在未确诊前禁止随意使用广谱抗生素以防耐药；若检出法定重大疫病（如非洲猪瘟、口蹄疫等），须按规定上报并配合扑杀、无害化处理等措施。,因未确定具体药物种类及剂量，暂无法给出确切休药期，应依据最终选用药物的说明书及法规要求执行。,"{""disease_name"": ""仔猪黄白痢"", ""severity"": ""中等"", ""scene_tags"": [""细菌性腹泻"", ""仔猪"", ""产房"", ""低温应激""], ""validation_points"": [""日龄与症状符合大肠杆菌性腹泻特点"", ""整窝发病提示传染性强，符合细菌性传播模式"", ""无高热、呕吐等典型病毒性表现""], ""risk_flags"": [""需排除病毒性腹泻"", ""需排除寄生虫性腹泻"", ""需警惕重大疫病排查""], ""case_type"": ""腹泻采样送检"", ""target_disease"": ""仔猪黄白痢"", ""local_flags"": {""species_ok"": true, ""target_disease_in_diagnosis"": true, ""target_disease_mismatch"": false, ""contains_specific_dose"": false, ""contains_specific_withdrawal"": false, ""regulated_bad_treatment"": false}}",False,False,,,True,False,True,D:\XF-ChongQin\ai-\knowledge\llm_wiki_swine_authoritative,1465,887,"仔猪黄白痢
仔猪黄白痢、neonatal post weaning colibacillosis、黄白痢、大肠杆菌、仔猪大肠杆菌病
腹泻采样送检
用户描述粪便性状、日龄和病程，重点询问如何鉴别病毒性、细菌性或寄生虫性腹泻。","{""HUMAN_REVIEWED"": 1, ""NEEDS_REVIEW"": 4}","[""RC-DIARRHEA-001"", ""SRC-0001"", ""SRC-0052"", ""SRC-0062"", ""SRC-0063"", ""SRC-0064"", ""SRC-0071"", ""SRC-0072"", ""SRC-0073"", ""SRC-0077"", ""SRC-0081""]",2148,27.14,ERNIE-4.5-Turbo-32K,88,28,18,23,20,False,True,"该回答整体表现良好，诊断准确，逻辑清晰，处理方向安全，数据质量较高。诊断部分准确识别了仔猪黄白痢，并合理排除了病毒性腹泻的可能性。病理逻辑部分对症状和流行病学特征的分析合理。处方安全部分给出了合理的治疗和管理建议，并强调了采样检测的重要性。数据质量方面，信息完整，风险点识别准确。
问题：诊断准确性方面，虽然整体判断正确，但对病毒性腹泻的排除依据可以更详细一些，例如提及更多病毒性腹泻的典型症状或实验室检测方法。；病理逻辑部分，对寄生虫性腹泻的鉴别分析可以更深入一些，例如提及球虫等常见寄生虫的感染特点和症状。；数据质量方面，虽然信息完整，但可以增加一些对疾病预防和控制的具体建议，以提高数据的实用性和全面性。",hunyuan-turbos-20250926,85,90,85,90,80,False,False,"该数据整体真实可信，用户描述的场景符合仔猪黄白痢的常见发生条件，诊断指向致病性大肠杆菌引起的细菌性腹泻，与症状吻合度高。鉴别诊断中考虑了病毒性及寄生虫性因素，虽可进一步细化，但不影响核心判断。处方方向包括合理使用抗生素、补液、改善环境管理以及送检病原，安全边界明确，无危险建议。数据质量较好，但可增加预防细节提升实用性。
问题：病毒性腹泻的排除理由可更充分，例如补充典型症状对比或快速检测手段说明。；寄生虫性腹泻的鉴别分析略浅，可加入球虫等常见病原的特征描述。；预防措施可更具体，如初乳管理、消毒频次等。",True,ERNIE-4.5-Turbo-32K,True,pass,该回答整体表现良好，诊断准确识别了仔猪黄白痢，并合理考虑了病毒性及寄生虫性腹泻的鉴别诊断，虽可进一步细化，但不影响核心判断。处方方向包括合理使用抗生素、补液、改善环境管理以及送检病原，安全边界明确，无危险建议。数据质量较好，信息完整，风险点识别准确。,87.0,28,18,23,20,pass,18.92,17.32,
3bd0e324-1157-5812-8e79-17a226fb00e9,453,猪疥螨病,swine_hunyuan_turbos,hunyuan-turbos-20250926,成功,,猪,我家有120头70日龄左右的育肥猪，最近发现部分猪精神差、采食量下降，身上有抓挠痕迹，耳朵边缘和背部皮肤发红、结痂，个别猪毛竖起像被虫子咬过一样，已经持续一周多，之前用过一次伊维菌素拌料驱虫，但效果不明显，圈舍比较潮湿，想问问是不是疥螨？该怎么治？,根据描述，考虑为猪疥螨病可能性大。该病在育肥猪常见，表现为剧烈瘙痒、皮肤红斑、结痂及角化过度，尤其在耳缘、体侧明显。疥螨感染可引起慢性消耗、生长缓慢，且皮肤刮片检查存在假阴性风险，应结合临床表现综合判断。,treatment_direction: 使用经批准的体外驱虫药物进行全群驱虫，并针对严重病例局部涂抹杀虫剂。；management_measures: 改善圈舍通风干燥条件，减少应激；对病猪与健康猪分栏管理，防止交叉接触；定期清理粪污并消毒环境。；sampling_and_testing: 采集病变部位皮肤刮片送实验室镜检，查找疥螨或虫卵；必要时做PCR检测排除其他皮肤病。；prohibited_boundaries: 严禁将疑似病猪随意出售或屠宰；不得使用未经许可的杀虫剂；若怀疑重大疫病或人畜共患病，应立即报告当地畜牧兽医部门。,按所用驱虫药物说明书规定的休药期执行，确保上市前停药时间充足。,"{""disease_name"": ""猪疥螨病"", ""severity"": ""中等至重度（影响生长性能，长期可致经济损失）"", ""scene_tags"": [""育肥猪"", ""群体发病"", ""皮肤瘙痒"", ""结痂"", ""生长迟缓""], ""validation_points"": [""瘙痒、红斑、结痂等典型皮肤病变"", ""圈舍潮湿易发的环境因素"", ""驱虫效果不佳提示可能为疥螨而非一般肠道寄生虫""], ""risk_flags"": [""传染性高，可通过直接接触传播"", ""环境控制不当易复发""], ""case_type"": ""寄生虫群体发病"", ""target_disease"": ""猪疥螨病"", ""local_flags"": {""species_ok"": true, ""target_disease_in_diagnosis"": true, ""target_disease_mismatch"": false, ""contains_specific_dose"": false, ""contains_specific_withdrawal"": false, ""regulated_bad_treatment"": false}}",False,False,,,True,False,True,D:\XF-ChongQin\ai-\knowledge\llm_wiki_swine_authoritative,1465,887,"猪疥螨病
猪疥螨病、external parasites mange
寄生虫群体发病
猪群出现腹泻、消瘦、皮肤瘙痒或生长慢，用户怀疑寄生虫。","{""HUMAN_REVIEWED"": 4}","[""SRC-0001"", ""SRC-0080""]",2221,29.38,ERNIE-4.5-Turbo-32K,88,28,18,23,20,False,True,"该回答整体表现良好，诊断准确性较高，症状与疾病匹配合理，诊断逻辑清晰，处理方向安全且与疾病相互印证。数据质量方面，场景描述、症状、诊断依据等均较为完整，但部分细节可进一步优化。
问题：diagnosis_accuracy: 诊断准确性较高，但未完全覆盖所有症状（如腹泻未明确解释是否与疥螨病直接相关）。；pathology_logic: 病理逻辑基本合理，但未详细说明疥螨病与皮肤症状的具体关联机制。；prescription_safety: 处方安全，但未明确具体驱虫药物名称及剂量，可能影响实际操作。；data_quality: 数据质量较好，但部分风险标志（如人兽共患风险）未提及，尽管猪疥螨病非人兽共患病，但应明确说明以增强完整性。",hunyuan-turbos-20250926,85,90,85,80,85,False,False,"该数据整体真实可信，用户描述的养殖规模、日龄、症状与猪疥螨病的典型特征高度吻合，诊断结论合理，处理方案涵盖药物治疗、管理措施、采样检测和生物安全边界，无明显危险建议。不足之处在于未详细解释症状与病原的病理联系，以及未明确说明猪疥螨病非人兽共患病以打消疑虑。
问题：未深入解释疥螨病与皮肤症状的病理机制；未明确说明猪疥螨病非人兽共患病以消除潜在担忧；处方中未给出具体驱虫药物名称，可能影响落地操作",True,ERNIE-4.5-Turbo-32K,True,pass,诊断准确性较高，症状与疾病匹配合理，处理方向安全且与疾病相互印证。尽管存在部分细节未深入解释（如疥螨病与皮肤症状的病理机制、未明确说明猪疥螨病非人兽共患病、未给出具体驱虫药物名称），但整体不影响数据的有效性和安全性，可通过补充说明进一步完善。,87.0,28,18,23,20,pass,20.81,22.15,
473c7c71-a0ea-58de-bc15-086a09d3a73b,468,猪乙型脑炎,swine_hunyuan_turbos,hunyuan-turbos-20250926,成功,,猪,我家有120头能繁母猪，平均胎次3胎左右，最近两个月陆续发现几窝怀孕后期（90天以后）的母猪出现早产、死胎、木乃伊胎的情况，有的还伴随体温升高、精神沉郁。之前没有大规模发病过，周边也有类似情况。现在想问问这种情况是不是传染病？要不要先停配种和引种？如果要送样检测，应该取什么样本比较合适？,根据描述，怀孕后期出现死胎、木乃伊胎及母猪发热等症状，符合猪乙型脑炎等病毒性繁殖障碍病的表现特征。该病由蚊子传播的日本脑炎病毒引起，多发于夏秋季，可导致妊娠中后期胎儿死亡或畸形。需结合胎龄分布、胎儿病理变化及实验室检测进一步确诊。,treatment_direction: 目前无特效抗病毒药物，主要采取支持性护理和对症处理，减少继发细菌感染风险。；management_measures: 立即暂停配种和引入新种猪，防止疫情扩散；加强场内防蚊灭蚊措施，清理积水，安装纱窗纱门；对出现症状的母猪进行隔离观察，记录体温、食欲和精神状况。；sampling_for_testing: 采集流产胎儿脑组织、肝脏、脾脏等新鲜组织，同时采集母猪血液做血清学检测；有条件可做PCR检测病毒核酸。样本应低温保存并及时送检。；prohibited_actions: 严禁私自屠宰、出售或转运可疑病猪及其产品；不得擅自使用未经批准的疫苗或药物替代防控。,因无特效药物治疗，不涉及药物休药期问题；若后续使用疫苗，应遵循疫苗说明书和国家相关规定执行。,"{""disease_name"": ""猪乙型脑炎"", ""severity"": ""中等偏重，可能导致繁殖率显著下降"", ""scene_tags"": [""繁殖障碍"", ""死胎"", ""木乃伊胎"", ""夏秋季高发"", ""蚊媒传播""], ""validation_points"": [""症状与妊娠后期胎儿死亡吻合"", ""存在季节性蚊媒传播风险"", ""建议送检胎儿组织和血清""], ""risk_flags"": [""疑似重大动物疫病风险"", ""需暂停配种和引种"", ""需及时采样送检""], ""case_type"": ""繁殖障碍送检"", ""target_disease"": ""猪乙型脑炎"", ""local_flags"": {""species_ok"": true, ""target_disease_in_diagnosis"": true, ""target_disease_mismatch"": false, ""contains_specific_dose"": false, ""contains_specific_withdrawal"": false, ""regulated_bad_treatment"": false}}",False,False,,,True,False,True,D:\XF-ChongQin\ai-\knowledge\llm_wiki_swine_authoritative,1465,887,"猪乙型脑炎
猪乙型脑炎、japanese encephalitis virus
繁殖障碍送检
繁殖异常持续出现，用户询问该采哪些样品、是否需要暂停配种和引种。","{""HUMAN_REVIEWED"": 2, ""NEEDS_REVIEW"": 2}","[""RC-REPRO-001"", ""SRC-0001"", ""SRC-0035"", ""SRC-0045"", ""SRC-0048"", ""SRC-0049"", ""SRC-0050"", ""SRC-0060"", ""SRC-0061"", ""SRC-0067"", ""SRC-0068"", ""SRC-0085""]",2221,27.22,ERNIE-4.5-Turbo-32K,88,28,18,23,20,False,True,"整体回答质量较高，诊断准确性、病理逻辑、处方安全性和数据质量均表现良好，无明显致命风险。诊断准确描述了猪乙型脑炎的症状和传播途径，处方安全合理，管理措施和采样建议符合疾病防控要求。
问题：诊断部分对胎龄分布和胎儿病理变化的描述较为笼统，缺乏具体细节。；病理逻辑部分对蚊媒传播的季节性特征和场内防控措施的关联性解释不够深入。；数据质量部分对症状描述的完整性和实验室检测方法的说明稍显不足。",hunyuan-turbos-20250926,85,9,8.5,9,8,False,False,"该数据整体真实可信，用户提问的场景符合猪乙型脑炎在能繁母猪中的典型流行特点，诊断与症状高度吻合，管理建议和采样方案科学且安全，未出现危险用药或违规操作提示。但诊断中对胎龄分布、胎儿病变细节以及蚊媒传播与季节关联的解释略显笼统，可进一步增强专业深度。
问题：诊断部分对胎龄分布和胎儿病理变化的描述较笼统，缺少更具体的形态学或流行病学细节。；病理逻辑中未充分展开蚊媒传播与季节、环境管理的直接联系。；数据质量方面，症状描述和实验室检测方法说明不够详尽。",True,ERNIE-4.5-Turbo-32K,True,pass,诊断与症状高度吻合，管理建议和采样方案科学且安全，无致命风险。尽管诊断部分对胎龄分布和胎儿病理变化的描述较笼统，病理逻辑中蚊媒传播与季节、环境管理的关联性解释不够深入，数据质量方面症状描述和实验室检测方法说明不够详尽，但整体回答质量较高，不影响数据可用性。,87.0,28,18,23,20,pass,17.11,18.29,
f788c58c-e93a-5ecf-959a-e6bfde2147c9,471,猪伪狂犬病,swine_hunyuan_turbos,hunyuan-turbos-20250926,成功,,猪,我家是200头基础母猪的种猪场，最近有3头怀孕90多天的母猪陆续流产，还有一头公猪精神沉郁、采食下降，精液稀薄。之前没用过疫苗，场内通风一般，温度波动大。这种情况会不会是传染病？还能继续配种吗？,根据描述，妊娠中后期流产、死胎及公猪精液质量下降提示可能存在病毒性繁殖障碍，其中猪伪狂犬病是常见且危害大的病因之一。该病可通过垂直传播导致胎儿死亡，也可通过交配或接触传播影响公猪精液质量。,treatment_direction: 立即暂停受影响母猪配种计划，对全场种猪进行隔离观察，采集流产胎儿、胎盘组织及公猪血液送实验室检测，重点排查猪伪狂犬病及其他繁殖障碍病原。；management_measures: 加强生物安全，限制人员、车辆流动，防止病原扩散；改善舍内温湿度控制，减少应激；对未发病母猪暂缓配种，直至检测结果明确。；sampling_submission: 送检材料包括流产胎儿、胎盘、脐带血、公猪全血及精液样本，建议做PCR检测和血清学筛查，必要时补充病理学检查。；prohibited_boundaries: 在未排除重大疫病前，禁止将疑似感染猪及其后代外调或出售；严禁使用未经检疫的公猪配种。,无具体药物处理，无需停药期；若确诊并按规定扑杀或无害化处理，则按当地防疫部门要求执行。,"{""disease_name"": ""猪伪狂犬病"", ""severity"": ""高"", ""scene_tags"": [""种猪场"", ""繁殖障碍"", ""流产"", ""公猪精液异常""], ""validation_points"": [""妊娠中后期流产符合伪狂犬垂直传播特征"", ""公猪精液稀薄提示生殖道病毒感染可能"", ""未免疫背景下易暴发""], ""risk_flags"": [""重大动物疫病风险"", ""潜在人畜共患病防控边界""], ""case_type"": ""种猪繁殖障碍"", ""target_disease"": ""猪伪狂犬病"", ""local_flags"": {""species_ok"": true, ""target_disease_in_diagnosis"": true, ""target_disease_mismatch"": false, ""contains_specific_dose"": false, ""contains_specific_withdrawal"": false, ""regulated_bad_treatment"": false}}",False,False,,,True,False,True,D:\XF-ChongQin\ai-\knowledge\llm_wiki_swine_authoritative,1465,887,"猪伪狂犬病
猪伪狂犬病、pseudorabies aujeszky disease
种猪繁殖障碍
种猪场出现流产、死胎、返情或公猪异常，用户担心传染病和是否继续配种。","{""HUMAN_REVIEWED"": 3, ""NEEDS_REVIEW"": 2}","[""SRC-0001"", ""SRC-0015"", ""SRC-0025"", ""SRC-0035""]",2142,24.72,ERNIE-4.5-Turbo-32K,88,28,18,23,20,False,True,"整体回答质量较高，诊断方向准确，病理逻辑合理，处理措施安全，数据质量良好，无明显致命风险。
问题：diagnosis_accuracy: 诊断准确性较高，但未完全覆盖所有可能症状（如母猪返情未明确提及）；pathology_logic: 病理逻辑基本合理，但未详细解释温度波动对疾病的影响；prescription_safety: 处理措施安全，但未明确提及人兽共患病防控的具体措施；data_quality: 数据质量良好，但场景标签可进一步细化（如增加'未免疫'标签）",hunyuan-turbos-20250926,85,8,7,9,8,False,False,"该数据场景真实，用户描述的怀孕母猪流产、公猪精液异常符合猪伪狂犬病的典型表现，诊断方向正确，处理方案包含必要的隔离、采样送检和生物安全措施，未发现危险用药或违规操作。不足之处在于部分可能症状未全面覆盖，病理机制解释不够深入，以及缺少针对人兽共患风险的专门提醒。
问题：诊断部分未提及母猪返情等可能伴随症状，覆盖面略窄；病理逻辑中未说明温度波动如何促进病毒传播或加重病情；缺乏针对人兽共患病防控的专门建议",True,ERNIE-4.5-Turbo-32K,True,pass,整体回答质量较高，诊断方向准确，符合猪伪狂犬病的典型表现，病理逻辑基本合理，处理措施安全且包含必要的隔离、采样送检和生物安全措施，无明显致命风险。尽管存在部分可能症状未全面覆盖、病理机制解释不够深入以及缺少针对人兽共患风险的专门提醒等轻微不足，但不影响整体判断，可判pass。,87.0,28,18,23,20,pass,16.01,17.03,
96774f08-ea83-5291-8b8d-dbb732b8ef04,478,塞内卡病毒A感染,swine_hunyuan_turbos,hunyuan-turbos-20250926,成功,,猪,我家有300多头育肥猪，现在大概80公斤左右，这几天有几头开始不吃料，嘴里有点水泡，蹄子也有点发红，体温在39度多，已经持续三四天了，而且周围几栏也陆续出现类似情况。之前用过阿莫西林拌料，效果不明显。这种情况能不能先当普通口炎或者蹄叶炎治着看？,根据描述的症状（发热、口腔黏膜水疱、蹄部红肿）及群发趋势，高度怀疑塞内卡病毒A感染（Senecavirus A）。该病属于病毒性水疱病范畴，与口蹄疫等具有相似临床表现，但病原不同。目前无特效抗病毒药物，且易在群体内快速传播。,treatment_direction: 立即停喂刺激性饲料，提供清洁饮水和易消化饲料，减少应激；对发热个体进行物理降温，防止继发细菌感染。；management_measures: 严格隔离发病猪只，限制人员、车辆、工具交叉流动；加强圈舍通风与消毒，清理粪污并及时无害化处理；暂停引入新猪，防止扩散。；sampling_submission: 采集口腔拭子、水疱液、血液等样品送有资质实验室检测，明确病原，排除口蹄疫等重大疫病。；prohibited_boundaries: 在未确诊前不得作为普通病随意用药或继续混养；严禁私自屠宰、销售或转运病猪；若确诊为重大动物疫病，须按规定上报并配合扑杀、封锁等措施。,本病无特效治疗药物，常规抗生素停药期不适用；如确需用药控制继发感染，应依据所用药物说明书执行相应休药期，并在出栏前确保符合食品安全标准。,"{""disease_name"": ""塞内卡病毒A感染"", ""severity"": ""高"", ""scene_tags"": [""群发"", ""高热"", ""水疱病变"", ""蹄部炎症""], ""validation_points"": [""症状与塞内卡病毒A感染相符"", ""群发趋势提示传染性高"", ""需通过实验室检测排除其他水疱病""], ""risk_flags"": [""可能误判为普通口炎延误防控"", ""存在疫情扩散风险"", ""涉及重大动物疫病排查边界""], ""case_type"": ""暴发与处置边界"", ""target_disease"": ""塞内卡病毒A感染"", ""local_flags"": {""species_ok"": true, ""target_disease_in_diagnosis"": true, ""target_disease_mismatch"": false, ""contains_specific_dose"": false, ""contains_specific_withdrawal"": false, ""regulated_bad_treatment"": false}}",False,False,,,True,False,True,D:\XF-ChongQin\ai-\knowledge\llm_wiki_swine_authoritative,1465,887,"塞内卡病毒A感染
塞内卡病毒A感染、senecavirus a picornaviruses
暴发与处置边界
同栏或多栋猪舍短期内发病增多，用户询问是否能先按普通病治疗观察。","{""HUMAN_REVIEWED"": 3, ""NEEDS_REVIEW"": 2}","[""SRC-0001"", ""SRC-0037"", ""SRC-0052""]",2178,35.85,ERNIE-4.5-Turbo-32K,88,28,18,23,20,False,True,"该回答对塞内卡病毒A感染的诊断较为准确，症状描述与疾病特征相符，且考虑到了群发趋势和传染性。处理方向安全，强调了隔离、消毒和实验室检测的重要性，避免了误诊和疫情扩散的风险。数据质量较高，提供了详细的场景标签和验证点。
问题：诊断准确性方面，虽然症状描述与疾病相符，但未完全涵盖所有可能的症状，如部分猪只可能出现的跛行等，因此扣2分。；病理逻辑方面，对疾病的传播途径和防控措施的描述较为全面，但未详细解释为何需要排除口蹄疫等其他水疱病，因此扣2分。；处方安全方面，处理方向安全且合理，但未明确提及在确诊前不得使用抗病毒药物等具体注意事项，因此扣2分。；数据质量方面，整体较高，但风险标志中提到的'可能误判为普通口炎延误防控'未在回答中明确强调其严重性，因此扣5分（考虑到此点对整体数据质量影响较小，故扣分较少）。",hunyuan-turbos-20250926,85,90,88,90,85,False,False,"该数据场景真实，用户描述了典型的塞内卡病毒A感染症状（发热、口腔水疱、蹄部红肿、群发），与疾病特征基本吻合。诊断思路正确，排除了口蹄疫等重大疫病的可能性，并给出了合理的防控建议。处方中未出现具体药物剂量或休药期承诺，安全边界清晰，强调了隔离、送检和禁止随意处置病猪的要求，避免了重大疫病扩散风险。不足之处在于未完整列举所有典型症状（如跛行）、未深入解释为何需排除其他水疱病，以及未明确提示确诊前禁用抗病毒药物的具体注意事项。
问题：症状描述不够全面，缺少跛行等常见表现；未充分说明排除口蹄疫等水疱病的理由；未明确指出确诊前禁止使用抗病毒药物",True,ERNIE-4.5-Turbo-32K,True,pass,该回答对塞内卡病毒A感染的诊断较为准确，症状描述与疾病特征基本相符，且考虑到了群发趋势和传染性。处理方向安全，强调了隔离、消毒和实验室检测的重要性，避免了误诊和疫情扩散的风险。尽管存在症状描述不够全面、未充分说明排除其他水疱病的理由以及未明确指出确诊前禁止使用抗病毒药物等轻微不足，但整体数据质量较高，不影响其作为有效数据的参考价值。,87.0,28,18,23,20,pass,25.1,24.84,
89fe6c70-c014-5e55-b76c-ab17ac81d07d,2,猪流行性腹泻,swine_hunyuan_turbos,hunyuan-turbos-20250926,成功,,猪,我家有200头保育猪，现在60日龄左右，最近一周陆续出现拉稀，粪便呈黄色水样，部分猪精神差、采食下降，之前用了恩诺沙星和硫酸新霉素拌料三天，效果不明显，想问还能继续用抗生素吗？要不要送样检测？,根据描述，保育猪群出现急性水样腹泻，使用常规抗菌药物无效，结合年龄和流行特点，高度怀疑为猪流行性腹泻（PEDV）。该病由冠状病毒引起，主要通过粪口途径传播，常在寒冷季节暴发，对哺乳仔猪致死率高，保育及育肥猪多表现为腹泻、脱水、生长受阻。,treatment_direction: 本病无特效抗病毒药物，主要采取支持疗法和对症处理，防止继发细菌感染。可补充电解质、葡萄糖溶液，改善饮水质量，减少应激。；management_measures: 立即隔离发病猪，加强圈舍保温通风，保持干燥清洁，及时清理粪便，避免交叉感染。暂停引入新猪，严格消毒进出通道。；sampling_submission: 建议采集新鲜腹泻粪便样本送实验室进行PEDV核酸检测或抗原检测，同时排查其他病毒性腹泻病原（如轮状病毒、TGEV等），以便确诊并指导后续防控。；contraindications_boundary: 禁止随意使用未经批准的兽药或超范围用药；严禁将病死猪私自出售或食用；若确诊为重大疫病，应配合当地畜牧部门按法规处置。,因未使用特定治疗药物，暂无停药期要求；但若涉及任何批准药物的临床使用，须遵循相应说明书规定。,"{""disease_name"": ""猪流行性腹泻"", ""severity"": ""中等至严重（保育猪多为中度，哺乳仔猪可致高死亡率）"", ""scene_tags"": [""保育猪"", ""水样腹泻"", ""抗菌药无效"", ""冬季高发""], ""validation_points"": [""症状符合PEDV特征"", ""抗菌药无效提示非单纯细菌性病因"", ""建议送检排除混合感染""], ""risk_flags"": [""可能为人畜共患病误判风险（实际PEDV仅感染猪）"", ""重大动物疫病需依法报告""], ""case_type"": ""腹泻用药咨询"", ""target_disease"": ""猪流行性腹泻"", ""local_flags"": {""species_ok"": true, ""target_disease_in_diagnosis"": true, ""target_disease_mismatch"": false, ""contains_specific_dose"": false, ""contains_specific_withdrawal"": false, ""regulated_bad_treatment"": false}}",False,False,,,True,False,True,D:\XF-ChongQin\ai-\knowledge\llm_wiki_swine_authoritative,1465,887,"猪流行性腹泻
猪流行性腹泻、porcine epidemic diarrhea virus、PED、PEDV
腹泻用药咨询
猪群腹泻后已用过常见抗菌药效果一般，用户询问是否继续用药以及是否需要送检。","{""HUMAN_REVIEWED"": 2, ""NEEDS_REVIEW"": 2}","[""A0-MOA-573"", ""A2-EFSA-PED-PDCOV-OPINION"", ""SRC-0001"", ""SRC-0037"", ""SRC-0063""]",2221,39.66,ERNIE-4.5-Turbo-32K,88,28,18,24,18,False,True,"整体回答质量较高，诊断准确，处理方向安全，符合猪流行性腹泻的典型特征及处理原则。诊断逻辑清晰，症状与疾病匹配合理，建议送检以排除混合感染。处理方向以支持疗法和对症处理为主，符合无特效抗病毒药物的情况。数据质量良好，但部分细节可进一步优化。
问题：诊断准确性方面，虽然高度怀疑猪流行性腹泻，但未完全排除其他病毒性腹泻病原（如轮状病毒、TGEV等）的可能性，尽管后续建议送检，但初始诊断可更谨慎。；病理逻辑方面，对猪流行性腹泻的传播途径和流行特点描述较为基础，可增加更多细节以增强说服力。；处方安全方面，整体处理方向安全，但未明确提及具体电解质、葡萄糖溶液的补充方式和剂量，可能影响实际操作的准确性。；数据质量方面，场景标签和验证点较为全面，但风险标志中提及的“可能为人畜共患病误判风险”不准确，猪流行性腹泻并非人畜共患病，此点需修正。",hunyuan-turbos-20250926,85,4,4,5,4,False,False,"该数据整体真实可信，用户描述的保育猪群体性水样腹泻、精神差、采食下降等症状与猪流行性腹泻典型表现相符，且已考虑抗生素无效后的鉴别诊断思路。处理方案以对症和支持治疗为主，强调隔离、环境管理、送检确认病原，并提示了重大疫病的合规处置，无明显危险建议。不足之处在于初始诊断未充分排除其他病毒性腹泻病原，病理机制描述较简略，以及个别风险标注存在事实错误。
问题：初始诊断虽高度怀疑PEDV，但未在表述上明确说明仍需排除轮状病毒、TGEV等其他病毒性腹泻病原，易误导读者认为可直接确诊。；传播途径与流行特点的病理机制描述偏基础，缺乏更深入的流行病学背景支撑。；风险标注中将PEDV误标为‘可能为人畜共患病’，属于事实错误。；处方中未给出电解质、葡萄糖补充的具体方式或浓度参考，可能影响实际操作指导性。",True,ERNIE-4.5-Turbo-32K,True,pass,诊断与处置方向整体安全且疾病匹配，符合猪流行性腹泻的典型特征及处理原则。诊断逻辑清晰，症状与疾病匹配合理，建议送检以排除混合感染。处理方向以支持疗法和对症处理为主，符合无特效抗病毒药物的情况。尽管存在部分细节不足，如初始诊断未充分排除其他病毒性腹泻病原、病理机制描述较简略、风险标注存在事实错误、处方中未给出电解质和葡萄糖补充的具体方式或浓度参考，但不影响整体判断，数据质量良好，可判pass。,86.0,28,18,24,18,pass,23.99,22.09,
aadbab87-0f70-5f25-a69b-a99d8c8c8030,33,猪伪狂犬病,swine_hunyuan_turbos,hunyuan-turbos-20250926,成功,,猪,我们场有60头能繁母猪和8头公猪，最近两周陆续发现3头怀孕母猪流产，还有两头母猪产下死胎，部分母猪返情周期延长。公猪精神正常但采精量下降、精子活力差。之前没用过疫苗，场内通风一般，温度偏高。这种情况会不会是传染病？还能继续配种吗？,根据描述的流产、死胎、返情及公猪精液质量下降等症状，结合伪狂犬病的流行病学特点，高度怀疑为猪伪狂犬病感染。该病可由野毒或潜伏感染引起，常导致妊娠母猪流产、死胎及公猪繁殖性能下降。,treatment_direction: 目前无特效抗病毒药物，应停止配种计划，防止垂直传播和水平扩散。对全场猪只进行临床观察和记录，采集流产胎儿、胎盘组织及公猪精液送实验室检测确诊。；management_measures: 立即隔离发病母猪，清理流产现场并严格消毒；暂停所有配种活动，减少人员、器具交叉使用；加强通风降温，改善饲养环境。；sampling_submission: 采集流产胎儿、胎盘、公猪精液及部分健康猪血样，送具备资质的兽医实验室进行PCR检测及血清学分析，明确病原存在与否。；prohibited_boundaries: 在未确诊前禁止将任何猪只外调或引入新猪；严禁自行使用抗生素或激素试图‘治疗’本病；如检测结果阳性，应按重大动物疫病防控要求进行报告和处置。,因属病毒性传染病且涉及重大疫情风险，暂无常规休药期概念，须依据最终诊断结果和主管部门意见执行相应封锁、扑杀或净化措施。,"{""disease_name"": ""猪伪狂犬病"", ""severity"": ""高"", ""scene_tags"": [""种猪场"", ""繁殖障碍"", ""流产"", ""死胎"", ""公猪精液质量下降""], ""validation_points"": [""症状符合伪狂犬病特征性表现"", ""公猪精液质量下降支持病毒感染可能"", ""未免疫史增加野毒感染风险""], ""risk_flags"": [""重大动物疫病风险"", ""潜在水平与垂直传播"", ""需实验室确诊""], ""case_type"": ""种猪繁殖障碍"", ""target_disease"": ""猪伪狂犬病"", ""local_flags"": {""species_ok"": true, ""target_disease_in_diagnosis"": true, ""target_disease_mismatch"": false, ""contains_specific_dose"": false, ""contains_specific_withdrawal"": false, ""regulated_bad_treatment"": false}}",False,False,,,True,False,True,D:\XF-ChongQin\ai-\knowledge\llm_wiki_swine_authoritative,1465,887,"猪伪狂犬病
猪伪狂犬病、pseudorabies aujeszky disease
种猪繁殖障碍
种猪场出现流产、死胎、返情或公猪异常，用户担心传染病和是否继续配种。","{""HUMAN_REVIEWED"": 3, ""NEEDS_REVIEW"": 2}","[""SRC-0001"", ""SRC-0015"", ""SRC-0025"", ""SRC-0035""]",2142,24.95,ERNIE-4.5-Turbo-32K,88,28,18,23,20,False,True,"该回答在诊断准确性、病理逻辑、处方安全性和数据质量方面表现良好，符合猪伪狂犬病的典型症状和诊断流程，处理方向安全且与疾病相互印证，无致命风险。
问题：diagnosis_accuracy: 诊断准确性得分略低，因未完全覆盖所有可能症状（如神经症状）和鉴别诊断。；pathology_logic: 病理逻辑得分中等，因未详细解释伪狂犬病如何导致公猪精液质量下降的具体机制。；data_quality: 数据质量得分中等，因未提及具体实验室检测方法和标准，以及未引用权威资料支持诊断。",hunyuan-turbos-20250926,85,80,75,90,80,False,False,"整体描述真实可信，症状与目标疾病（猪伪狂犬病）吻合度高，诊断思路合理，处理方案包含必要的隔离、采样送检、暂停配种等安全措施，无明显危险建议。不足之处在于诊断未全面列举全部可能症状（如神经症状），病理机制解释不够深入，数据细节不足。
问题：诊断未涵盖伪狂犬病可能的其他临床表现（如神经症状）。；未详细说明伪狂犬病影响公猪精液质量的病理机制。；缺乏实验室检测方法及标准的说明。",True,ERNIE-4.5-Turbo-32K,True,pass,该回答在诊断准确性、病理逻辑、处方安全性和数据质量方面表现良好，符合猪伪狂犬病的典型症状和诊断流程，处理方向安全且与疾病相互印证，无致命风险。尽管存在诊断未全面列举所有可能症状、病理机制解释不够深入、数据细节不足等轻微不足，但整体不影响其作为有效数据的参考价值。,86.0,28,18,23,20,pass,16.87,18.78,
b87ecfed-dfbb-5e5b-8062-c8c534de14e3,62,猪鞭虫病,swine_hunyuan_turbos,hunyuan-turbos-20250926,成功,,猪,我家有120头育肥猪，平均体重在50公斤左右，最近几天有几头出现拉稀，粪便带点血丝，精神还行，采食量稍微下降。圈舍是水泥地面，通风一般，之前没做过驱虫。想问下这种情况是不是要全群打药？圈里要不要彻底清粪消毒？多久后再检查比较合适？,根据描述，粪便带血丝且为散发性，结合育肥猪阶段及圈舍条件，应考虑猪鞭虫病的可能。该病由Trichuris suis引起，主要寄生于盲肠和结肠，重度感染可引起结肠炎和血便。若能在粪便中发现典型虫卵或成虫，有助于确诊，但低虫荷时病变可能较轻，需要结合临床表现判断。,treatment_direction: 针对疑似猪鞭虫病，可在兽医指导下选择对Trichuris有效的驱虫药进行个体或群体投喂，同时关注用药安全与禁忌。；management_measures: 加强圈舍清洁，及时清除粪便并做无害化处理，减少虫卵在环境中的存活机会；保持良好通风，降低潮湿程度；分群饲养以减少交叉感染风险。；sampling_and_testing: 采集新鲜粪便样本送实验室镜检寻找典型虫卵，必要时剖检可疑病例查找成虫；治疗后间隔一定时间复查粪便虫卵情况。；prohibited_boundaries: 严禁使用未经批准的驱虫药或超范围用药；禁止将疑似严重感染的猪与健康猪直接混养；不得随意丢弃含虫卵的粪便以免污染环境。,因涉及具体药物品种与剂量，应由执业兽医依据所用药品说明书确定停药期和出栏安排。,"{""disease_name"": ""猪鞭虫病"", ""severity"": ""中等（重度感染可致结肠炎、血便）"", ""scene_tags"": [""育肥猪"", ""水泥地面"", ""轻度腹泻"", ""血便"", ""未驱虫史""], ""validation_points"": [""症状符合Trichuris suis感染特征（结肠炎、血便）"", ""圈舍环境利于虫卵存活和传播"", ""建议通过粪便镜检确认诊断""], ""risk_flags"": [""潜在群体感染风险"", ""环境管理不当可延长流行""], ""case_type"": ""驱虫和环境管理"", ""target_disease"": ""猪鞭虫病"", ""local_flags"": {""species_ok"": true, ""target_disease_in_diagnosis"": true, ""target_disease_mismatch"": false, ""contains_specific_dose"": false, ""contains_specific_withdrawal"": false, ""regulated_bad_treatment"": false}}",False,False,,,True,False,True,D:\XF-ChongQin\ai-\knowledge\llm_wiki_swine_authoritative,1465,887,"猪鞭虫病
猪鞭虫病、trichuris suis internal parasites
驱虫和环境管理
用户询问是否需要全群处理、环境清理和复查方式。","{""HUMAN_REVIEWED"": 3, ""NEEDS_REVIEW"": 2}","[""SRC-0001"", ""SRC-0026"", ""SRC-0082""]",2120,26.77,ERNIE-4.5-Turbo-32K,88,28,18,23,20,False,True,"该回答整体上对猪鞭虫病的诊断、处理方向及环境管理措施进行了较为合理的阐述，诊断依据充分，处理方向安全，环境管理措施得当，数据质量较高，无明显致命风险。
问题：diagnosis_accuracy: 诊断准确性方面，虽然考虑了猪鞭虫病的可能性，但未完全排除其他可能导致血便的疾病，如猪痢疾等，诊断依据可进一步丰富。；pathology_logic: 病理逻辑方面，对猪鞭虫病的病理过程描述较为简略，可进一步阐述虫体寄生部位、致病机制等，以增强逻辑性。；data_quality: 数据质量方面，虽然提供了较为详细的场景标签和验证点，但风险标志的描述可更加具体，如明确环境管理不当的具体表现及后果。",hunyuan-turbos-20250926,85,8,7.5,9,8.5,False,False,"该数据整体真实可信，用户描述的育肥猪血便、精神尚可、采食量下降等症状与猪鞭虫病的临床特征相符，诊断思路合理，处理方案包括驱虫、环境管理和采样检测，符合安全规范，未出现危险用药建议。不足之处在于诊断部分未充分排除其他可能引起血便的疾病（如猪痢疾），病理机制解释较简略，风险提示可更细化。
问题：诊断未全面考虑其他血便病因，如猪痢疾、球虫病等，存在漏诊风险。；病理机制描述不够详细，缺乏对虫体寄生部位、致病过程的深入说明。；风险警示和环境管理细节不足，例如未明确指出潮湿、通风不良如何促进寄生虫传播。",True,ERNIE-4.5-Turbo-32K,True,pass,该回答对猪鞭虫病的诊断、处理方向及环境管理措施进行了较为合理的阐述，诊断依据基本充分，处理方向安全，环境管理措施得当。尽管在诊断准确性上未完全排除其他可能导致血便的疾病，且病理逻辑描述较为简略，但整体上数据质量较高，无明显致命风险，符合筛选标准。,86.0,28,18,23,20,pass,19.16,16.56,
9fae7ed3-9aa6-5196-9cae-65f28c80be2b,122,仔猪梭菌性肠炎,swine_hunyuan_turbos,hunyuan-turbos-20250926,成功,,猪,我家是200头左右保育猪，现在50日龄左右，最近一周陆续有10多头出现拉稀，粪便带黏液甚至带血丝，精神还行但采食量下降，之前用了恩诺沙星拌料三天，效果不明显，想问还要不要继续用抗生素？要不要送样检测？,结合日龄、急性血性腹泻及抗菌药效果不佳，考虑仔猪梭菌性肠炎可能，需排除其他病毒性腹泻（如PEDV、TGEV）。建议尽快采集新鲜粪便或病变组织送实验室进行病原学检测（包括梭菌属培养、PCR等），同时观察是否有其他继发感染。,treatment_direction: 在确诊前不建议盲目加大或更换抗菌药物；若怀疑梭菌性肠炎且病情较重，可在兽医指导下使用针对性抗菌方案（如甲硝唑类或青霉素类），并结合支持疗法（补液、电解质平衡、保温）。；management_measures: 立即隔离病猪，加强圈舍清洁消毒，减少应激因素；保证饮水充足，适当添加电解多维；病死猪无害化处理。；sampling_and_testing: 采集新鲜粪便样本（含黏液或血丝部分）或剖检取小肠病变段，送具备资质的实验室做病原检测（梭菌属、轮状病毒、冠状病毒等）；必要时做药敏试验指导后续用药。；prohibited_boundaries: 禁止随意更换广谱抗生素长期投喂；严禁将病死猪流入市场或饲喂其他动物；发现可疑重大疫情应立即向当地畜牧兽医部门报告。,根据所用药物种类及检测结果确定，需在兽医指导下执行，确保上市前停药时间符合规定。,"{""disease_name"": ""仔猪梭菌性肠炎"", ""severity"": ""中等至严重"", ""scene_tags"": [""保育猪"", ""血性腹泻"", ""抗菌药无效"", ""需送检""], ""validation_points"": [""日龄与梭菌性肠炎高发期吻合"", ""症状符合急性出血性肠炎特征"", ""抗菌药效果不佳提示非典型或耐药菌"", ""需通过实验室检测明确病因""], ""risk_flags"": [""潜在重大细菌性传染病"", ""存在耐药风险"", ""需防止扩散""], ""case_type"": ""腹泻用药咨询"", ""target_disease"": ""仔猪梭菌性肠炎"", ""local_flags"": {""species_ok"": true, ""target_disease_in_diagnosis"": true, ""target_disease_mismatch"": false, ""contains_specific_dose"": false, ""contains_specific_withdrawal"": false, ""regulated_bad_treatment"": false}}",False,False,,,True,False,True,D:\XF-ChongQin\ai-\knowledge\llm_wiki_swine_authoritative,1465,887,"仔猪梭菌性肠炎
仔猪梭菌性肠炎、clostridial diseases
腹泻用药咨询
猪群腹泻后已用过常见抗菌药效果一般，用户询问是否继续用药以及是否需要送检。","{""HUMAN_REVIEWED"": 2, ""NEEDS_REVIEW"": 2}","[""SRC-0001"", ""SRC-0012"", ""SRC-0062"", ""SRC-0079""]",2221,30.96,ERNIE-4.5-Turbo-32K,88,28,18,24,18,False,True,"整体回答质量较高，诊断方向合理，处理措施安全，数据质量基本满足要求，无明显致命风险。
问题：诊断准确性方面，虽然考虑了仔猪梭菌性肠炎，但对病毒性腹泻的排除依据不够充分，仅提及需排除但未详细说明鉴别诊断方法。；病理逻辑方面，对症状与疾病的关联性解释不够深入，例如未详细说明血性腹泻与梭菌性肠炎的具体病理机制。；处方安全方面，虽然提到了针对性抗菌方案，但未明确具体药物剂量和使用方法，可能影响实际操作的准确性。；数据质量方面，场景标签和验证点较为全面，但风险标志中未提及人兽共患风险，尽管仔猪梭菌性肠炎人兽共患风险较低，但仍需注意。",hunyuan-turbos-20250926,85,4,3.5,4.5,4,False,False,"该数据场景真实，用户描述的症状与仔猪梭菌性肠炎高度吻合，诊断方向合理，并提示了可能的鉴别诊断。处理建议包含采样送检、隔离消毒、支持治疗及合理用药原则，无危险建议。不足之处在于鉴别诊断细节不足、病理机制解释较浅，以及未明确说明人兽共患风险（虽该病风险低，但标注更严谨）。
问题：对病毒性腹泻的鉴别缺乏具体方法和依据；未详细解释血性腹泻与梭菌性肠炎的病理联系；未明确标注人兽共患风险",True,ERNIE-4.5-Turbo-32K,both,pass,诊断方向合理，考虑了仔猪梭菌性肠炎并提示了病毒性腹泻的鉴别诊断，处理建议安全且全面，包括采样送检、隔离消毒、支持治疗及合理用药原则。尽管在鉴别诊断细节、病理机制解释和人兽共患风险标注方面存在轻微不足，但不影响整体数据质量，可满足模型测试/弱监督微调需求。,86.0,28,18,24,18,pass,19.66,15.83,
10373209-7460-55e7-a6ae-332d22a7a0ea,149,猪传染性胃肠炎,swine_hunyuan_turbos,hunyuan-turbos-20250926,成功,,猪,我家有120头25日龄左右的保育猪，这几天陆续有几窝开始拉水样稀粪，有的还带点酸臭味，精神差、吃奶少，体温正常偏低，昨天死了两头，圈舍湿度大、通风一般，之前没用过疫苗，这种情况是啥病？该怎么处理？,根据描述，结合日龄、水样腹泻、低体温、高湿环境及无疫苗史，高度怀疑为猪传染性胃肠炎（TGEV）暴发。该病在哺乳仔猪和保育早期最易致死，主要通过粪口途径传播，环境湿度大、温差变化会加重病情。需排除其他病毒性腹泻如PED、轮状病毒以及细菌性肠炎。,treatment_direction: 目前无特效抗病毒药，以支持疗法为主，包括补液防脱水、维持电解质平衡、提高环境温度减少应激。；management_measures: 立即将病猪与健康猪分群饲养，加强圈舍保温和干燥，减少冷风直吹，清理并更换垫料，防止交叉感染。；sampling_submission: 采集病死猪小肠组织、肠内容物及新鲜粪便送实验室进行病原检测（RT-PCR），同时建议采集健康猪血样做配对血清学检测，以便群体层面判断感染情况。；prohibited_boundaries: 严禁使用未经批准的兽药或抗生素作为替代治疗，不得擅自出售、调运病猪及其产品，发现可疑疫情应立即向当地畜牧兽医部门报告。,本病为病毒性疾病，无特定药物休药期，但应遵守当地防疫规定，病猪及其产品不得进入市场流通。,"{""disease_name"": ""猪传染性胃肠炎"", ""severity"": ""高致死率，尤其在保育早期"", ""scene_tags"": [""保育猪"", ""水样腹泻"", ""高湿环境"", ""低温应激""], ""validation_points"": [""符合TGEV高发日龄特征"", ""症状与流行病学吻合"", ""支持疗法与环境管理符合常规""], ""risk_flags"": [""重大动物疫病防控边界"", ""潜在跨区域传播风险""], ""case_type"": ""腹泻群体发病"", ""target_disease"": ""猪传染性胃肠炎"", ""local_flags"": {""species_ok"": true, ""target_disease_in_diagnosis"": true, ""target_disease_mismatch"": false, ""contains_specific_dose"": false, ""contains_specific_withdrawal"": false, ""regulated_bad_treatment"": false}}",False,False,,,True,False,True,D:\XF-ChongQin\ai-\knowledge\llm_wiki_swine_authoritative,1465,887,"猪传染性胃肠炎
猪传染性胃肠炎、transmissible gastroenteritis virus、TGE、TGEV
腹泻群体发病
同窝或同栏出现水样腹泻、脱水、采食下降，用户想知道主要病因和紧急处理。","{""HUMAN_REVIEWED"": 3, ""NEEDS_REVIEW"": 2}","[""SRC-0001"", ""SRC-0006"", ""SRC-0036""]",2102,33.96,ERNIE-4.5-Turbo-32K,88,28,18,24,18,False,True,"整体回答质量较高，诊断准确性、病理逻辑、处方安全性和数据质量均表现良好，无明显致命风险，符合通过标准。
问题：诊断准确性方面，虽然高度怀疑猪传染性胃肠炎，但未充分排除其他病毒性腹泻（如PED、轮状病毒）和细菌性肠炎，仅提及需排除，未详细说明排除方法或依据。；病理逻辑方面，对环境湿度大、通风一般与疾病传播的关系阐述不够深入，缺乏具体数据或研究支持。；数据质量方面，场景标签和验证点较为全面，但风险标志中仅提及重大动物疫病防控边界和潜在跨区域传播风险，未涉及人兽共患风险评估。；处方安全性方面，整体处理方向安全，但未明确补液防脱水的具体方法或药物选择，可能影响实际操作性。",hunyuan-turbos-20250926,85,8,8,9,8.5,False,False,"该条数据整体真实可信，用户描述的场景、症状与猪传染性胃肠炎的典型特征相符，诊断思路合理且考虑了鉴别诊断。处理方案以非特异支持疗法为主，强调隔离、保温、送检等防控措施，未给出危险用药建议，并明确了疫情上报义务，符合生物安全要求。不足之处在于对鉴别诊断的排除方法说明不足，环境致病机制分析较浅，部分操作细节缺失。
问题：鉴别诊断虽提及PED、轮状病毒和细菌性肠炎，但未提供具体的排除手段或依据。；对高湿、通风不良如何促进TGE传播的机制解释不够深入。；补液防脱水措施缺少可操作的细节，可能影响落地执行。",True,ERNIE-4.5-Turbo-32K,True,pass,整体回答质量较高，诊断准确性、病理逻辑、处方安全性和数据质量均表现良好。诊断思路合理，考虑了鉴别诊断，处理方案以非特异支持疗法为主，强调隔离、保温、送检等防控措施，未给出危险用药建议，并明确了疫情上报义务，符合生物安全要求。虽然存在鉴别诊断排除方法说明不足、环境致病机制分析较浅、部分操作细节缺失等轻微不足，但不影响整体判断，可判pass。,86.0,28,18,24,18,pass,25.0,15.27,
54125860-afd9-589f-8c22-0c3e09d32e95,179,猪伪狂犬病,swine_hunyuan_turbos,hunyuan-turbos-20250926,成功,,猪,我家有120头母猪和300多头仔猪，最近几天有几窝刚断奶的仔猪出现精神沉郁、不吃料、体温升高到40℃左右，有的还伴有四肢划水样的神经症状，个别很快死亡。之前没用过疫苗，圈舍通风一般，湿度偏高。我想知道这种情况是不是伪狂犬病？应该采哪些样送检测？怎么防止误诊耽误处理？,根据描述的发热、神经症状及高死亡率，结合未免疫史和饲养环境，高度怀疑为猪伪狂犬病感染。该病在仔猪中可表现为急性高热、共济失调、抽搐甚至猝死，需通过实验室检测确认。,treatment_direction: 目前无特效治疗药物，应优先控制传播并配合兽医制定防控方案。；management_measures: 立即隔离发病猪群，加强圈舍通风降湿，减少应激；对同批次健康猪进行紧急免疫接种（按当地兽医指导），并对全场进行消毒。；sampling_submission: 采集病死猪脑组织（尤其是脑干）、脊髓以及部分存活猪的血液样本，尽快送至具备资质的实验室进行PCR检测或病毒分离，以明确诊断。；prohibited_boundaries: 禁止将疑似病例随意出售或转运，避免与其他猪场接触；在未确诊前不得盲目使用抗生素或其他药物掩盖症状。,因本病无特效药物治疗，不涉及药物休药期问题；如后续采用疫苗免疫，应遵循疫苗说明书及兽医建议执行相应观察期。,"{""disease_name"": ""猪伪狂犬病"", ""severity"": ""高致死性传染病"", ""scene_tags"": [""神经症状"", ""高热"", ""仔猪"", ""未免疫"", ""高湿环境""], ""validation_points"": [""神经症状与发热同时出现符合伪狂犬病特征"", ""未免疫史增加感染风险"", ""高湿环境利于病毒传播""], ""risk_flags"": [""重大动物疫病风险"", ""潜在快速传播"", ""需及时采样送检""], ""case_type"": ""采样送检咨询"", ""target_disease"": ""猪伪狂犬病"", ""local_flags"": {""species_ok"": true, ""target_disease_in_diagnosis"": true, ""target_disease_mismatch"": false, ""contains_specific_dose"": false, ""contains_specific_withdrawal"": false, ""regulated_bad_treatment"": false}}",False,False,,,True,False,True,D:\XF-ChongQin\ai-\knowledge\llm_wiki_swine_authoritative,1465,887,"猪伪狂犬病
猪伪狂犬病、pseudorabies aujeszky disease
采样送检咨询
用户描述症状后，重点询问采什么样品、如何判断和如何避免误治。","{""HUMAN_REVIEWED"": 2, ""NEEDS_REVIEW"": 3}","[""A1-WOAH-AUJESZKY-DISEASE"", ""SRC-0001"", ""SRC-0009"", ""SRC-0054""]",2154,27.26,ERNIE-4.5-Turbo-32K,88,28,18,23,20,False,True,"整体回答质量较高，诊断准确性、病理逻辑、处方安全性和数据质量均表现良好，无明显致命风险，符合通过标准。
问题：diagnosis_accuracy: 诊断准确性得分稍低，虽然描述了典型症状和未免疫史，但未明确提及伪狂犬病的特异性症状（如瘙痒、呕吐等），可能影响诊断的全面性。；pathology_logic: 病理逻辑得分中等，虽然解释了症状与疾病的关系，但未详细阐述病毒传播途径和感染机制，逻辑链条不够完整。；data_quality: 数据质量得分稍低，虽然提供了场景标签和验证点，但未包含具体的病例数据或流行病学调查结果，数据支撑不够充分。",hunyuan-turbos-20250926,85,8,7.5,9,7.5,False,False,"回答整体准确且安全，诊断基于典型症状与未免疫史合理推测为猪伪狂犬病，并强调实验室确诊的重要性。管理建议包括隔离、消毒、紧急免疫等措施，符合防控原则，无危险用药建议。但诊断描述缺少该病的特异性症状细节，病理机制解释不足，数据支撑略显薄弱。
问题：诊断部分未提及伪狂犬病特有的瘙痒、呕吐等症状，影响全面性。；病理机制说明较简略，未涉及病毒传播路径与感染过程。；缺乏现场流行病学调查或病例数据支持，信息来源单一。",True,ERNIE-4.5-Turbo-32K,True,pass,回答整体准确且安全，诊断基于典型症状与未免疫史合理推测为猪伪狂犬病，并强调实验室确诊的重要性。管理建议包括隔离、消毒、紧急免疫等措施，符合防控原则，无危险用药建议。尽管诊断描述缺少特异性症状细节，病理机制解释不足，数据支撑略显薄弱，但整体方向正确，不影响最终判断。,86.0,28,18,23,20,pass,17.55,16.44,
e42b3cec-22b5-5030-8ebc-4a266294e5fb,182,猪流感,swine_hunyuan_turbos,hunyuan-turbos-20250926,成功,,猪,我家有200头60公斤左右的育肥猪，最近一周陆续出现咳嗽、流鼻涕、个别发热的情况，用了几天阿莫西林和氟苯尼考后症状有所缓解但不稳定，有些猪又反复。舍内通风一般，氨气味道有点大。我想知道现在该采哪些样品去化验，怎么判断是不是单纯猪流感还是有其他细菌或环境因素混在一起？,根据描述，育肥猪出现持续性呼吸道症状，伴有间歇性发热，抗生素治疗效果不完全，提示可能存在病毒性感染（如猪流感）与细菌性继发感染或环境刺激因素共同作用。猪流感病毒主要在上呼吸道及肺部复制，环境氨气浓度高可能加重呼吸道损伤，形成混合感染表现。,treatment_direction: 控制继发细菌感染，改善饲养环境，减少应激；针对可能的病毒感染，建议配合支持疗法，不建议随意使用抗病毒药物。；management_measures: 加强通风换气，降低舍内氨气浓度；分栏管理，减少交叉感染；保证饮水充足和营养供给；对高热、食欲废绝个体及时隔离观察。；sampling_and_testing: 采集发病猪的鼻拭子、咽拭子和肺组织（必要时），尽快送实验室进行RT-PCR检测猪流感病毒核酸，同时进行细菌培养鉴定常见呼吸道致病菌（如巴氏杆菌、支原体等）；注意样本冷藏运输以保持检测有效性。；prohibited_boundaries: 禁止将疑似重大动物疫病（如非洲猪瘟）误判为普通呼吸道疾病而延误报告；禁止使用未经批准的抗病毒药物替代正规防控措施。,因涉及多种潜在病原体，需根据具体检测结果确定停药时间，并在复产前确保无残留感染风险。,"{""disease_name"": ""猪流感"", ""severity"": ""中等"", ""scene_tags"": [""育肥猪"", ""呼吸道症状"", ""混合感染风险"", ""环境氨气偏高""], ""validation_points"": [""症状符合猪流感特征且存在环境诱因"", ""抗生素治疗部分有效提示混合感染可能"", ""采样方案覆盖病毒与细菌检测""], ""risk_flags"": [""需排除其他重大传染病"", ""环境氨气需改善以防病情加重""], ""case_type"": ""呼吸道采样送检"", ""target_disease"": ""猪流感"", ""local_flags"": {""species_ok"": true, ""target_disease_in_diagnosis"": true, ""target_disease_mismatch"": false, ""contains_specific_dose"": false, ""contains_specific_withdrawal"": false, ""regulated_bad_treatment"": false}}",False,False,,,True,False,True,D:\XF-ChongQin\ai-\knowledge\llm_wiki_swine_authoritative,1465,887,"猪流感
猪流感、influenza viruses
呼吸道采样送检
呼吸道症状持续，用药效果不稳定，用户询问采什么样品和如何鉴别混合感染。","{""HUMAN_REVIEWED"": 4}","[""SRC-0001"", ""SRC-0007"", ""SRC-0042"", ""SRC-0043""]",2221,28.42,ERNIE-4.5-Turbo-32K,88,28,18,23,20,False,True,"该回答整体上对猪流感的诊断、采样、治疗及管理措施进行了较为全面和合理的阐述，符合测试数据有效性的要求，未发现致命风险。
问题：diagnosis_accuracy: 诊断准确性方面，虽然识别了猪流感及可能的混合感染，但对症状与疾病之间的关联性解释可以更深入，例如详细说明咳嗽、流鼻涕、发热等症状如何具体指向猪流感。；pathology_logic: 病理逻辑方面，对环境氨气浓度高如何加重呼吸道损伤及形成混合感染的机制解释不够详细，缺乏具体的病理生理学依据。；prescription_safety: 处方安全性方面，虽然提出了控制继发细菌感染和改善饲养环境的建议，但对支持疗法的具体内容（如营养支持、免疫增强等）未给出明确说明。；data_quality: 数据质量方面，回答中的信息较为完整，但部分内容（如采样方案的具体操作步骤、细菌培养鉴定的具体方法）可以进一步细化以提高实用性。",hunyuan-turbos-20250926,85,8,7.5,9,8.5,False,False,"回答整体结构合理，能够结合用户提供的症状、用药史和环境条件推测猪流感及混合感染的可能性，并给出了针对性的采样检测建议和管理措施。诊断思路基本正确，且强调了避免误诊重大疫病的风险。但在症状与疾病的关联解释、环境致病机制的细节以及支持疗法的具体做法上仍有提升空间。
问题：对咳嗽、流鼻涕、发热等症状与猪流感的对应关系解释不足，缺少典型病程特征的描述。；环境氨气浓度高导致呼吸道损伤的病理生理机制未展开，缺乏科学依据支撑。；支持疗法仅笼统提及，没有具体说明营养支持、免疫调节等措施。；采样与检测方法可进一步细化操作细节，提高实用性和指导性。",True,ERNIE-4.5-Turbo-32K,True,pass,回答整体结构合理，诊断方向正确，能够结合症状、用药史和环境条件推测猪流感及混合感染的可能性，并给出了针对性的采样检测建议和管理措施。尽管在症状与疾病的关联解释、环境致病机制的细节以及支持疗法的具体做法上存在轻微不足，但不影响整体诊断和处置方向的安全性及有效性，符合测试数据有效性的要求。,86.0,28,18,23,20,pass,19.97,21.84,
2f1d65d6-2b09-5ba4-a507-e05a22d4be3b,191,猪水疱性口炎,swine_hunyuan_turbos,hunyuan-turbos-20250926,成功,,猪,我家有200多头育肥猪，平均体重在60公斤左右，最近几天有几头出现口腔、蹄部起水泡，伴随流涎、跛行，体温升高到39℃以上，已经持续三四天了。之前没用过抗病毒药，圈舍通风一般，周围没有新进猪。我想知道这种情况是不是要马上打疫苗或者喂药？还是应该先送样检查？怕耽误病情又怕乱用药影响后续销售。,根据描述的临床症状（口腔及蹄部水疱、流涎、跛行、发热），高度怀疑为水疱性疾病，包括口蹄疫（FMD）、猪水疱病（SVD）、猪水疱疹（VES）或猪水疱性口炎（VSV）。这些疾病在临床上难以仅凭外观区分，必须通过实验室检测进行确诊。,treatment_direction: 在未获得实验室确诊前，不建议使用任何针对特定病毒的特效药物或疫苗，以免掩盖症状或造成误诊。应优先采取支持性护理，如保持饮水清洁、补充电解质、减少应激、防止继发细菌感染。；management_measures: 立即将发病猪与健康猪隔离饲养，限制人员、车辆、工具流动，对圈舍及周边环境进行消毒，防止可能的接触传播。；sample_collection_and_submission: 尽快采集发病猪的口腔病变组织、水疱液、血液及粪便等样本，送至具备资质的兽医实验室进行病原学检测（PCR、ELISA等），同时记录发病数量、分布和病程变化。；prohibited_actions: 禁止擅自使用未经批准的抗病毒药物或疫苗；禁止出售或运输疑似感染猪只；禁止随意丢弃病死猪尸体。,因未确定病因且未进行药物治疗，无明确休药期；若后续确诊并用药，须按所用药物说明书和国家规定执行。,"{""disease_name"": ""猪水疱性口炎"", ""severity"": ""中等至严重（取决于是否扩散及是否为高致病性病原）"", ""scene_tags"": [""育肥猪"", ""水疱性病变"", ""发热"", ""跛行"", ""多猪发病""], ""validation_points"": [""症状符合多种水疱性病毒病的共同表现"", ""需要实验室检测才能确诊"", ""早期隔离和消毒是防控关键""], ""risk_flags"": [""可能为人畜共患或重大动物疫病（如口蹄疫）"", ""存在跨区域传播风险"", ""需及时上报当地动物防疫部门""], ""case_type"": ""采样送检咨询"", ""target_disease"": ""猪水疱性口炎"", ""local_flags"": {""species_ok"": true, ""target_disease_in_diagnosis"": true, ""target_disease_mismatch"": false, ""contains_specific_dose"": false, ""contains_specific_withdrawal"": false, ""regulated_bad_treatment"": false}}",False,False,,,True,False,True,D:\XF-ChongQin\ai-\knowledge\llm_wiki_swine_authoritative,1465,887,"猪水疱性口炎
猪水疱性口炎、vesicular stomatitis viruses
采样送检咨询
用户描述症状后，重点询问采什么样品、如何判断和如何避免误治。","{""HUMAN_REVIEWED"": 3, ""NEEDS_REVIEW"": 2}","[""SRC-0001"", ""SRC-0054""]",2104,67.63,ERNIE-4.5-Turbo-32K,85,27,18,23,17,False,True,"整体回答较为全面，诊断方向合理，考虑了多种水疱性疾病的可能性，并强调了实验室检测的重要性。处理方向安全，未建议使用未经确诊的特效药物或疫苗，并提出了隔离、消毒等管理措施。数据质量基本满足要求，但部分细节可进一步完善。
问题：诊断准确性方面，虽然考虑了多种水疱性疾病，但对猪水疱性口炎的针对性描述稍显不足。；病理逻辑方面，对疾病传播途径和防控措施的描述可更详细。；处方安全方面，虽然未建议错误用药，但对支持性护理的具体措施描述较少。；数据质量方面，症状描述和场景标签基本准确，但风险标志的描述可更具体。",hunyuan-turbos-20250926,88,90,85,95,85,False,False,"该回答覆盖了主要的水疱性疾病可能性，强调实验室确诊的重要性，避免盲目用药，管理建议符合生物安全要求，无明显危险建议。不足之处在于对猪水疱性口炎的特异性特征描述不够突出，支持性护理措施略显笼统。
问题：诊断中对猪水疱性口炎的特征描述不足，与其他水疱性疾病区分度不高。；支持性护理的具体措施（如补液方式、营养调整）未细化。；对传播途径和风险人群防护的说明不够充分。",True,ERNIE-4.5-Turbo-32K,True,pass,回答覆盖了主要的水疱性疾病可能性，诊断方向合理，强调实验室确诊的重要性，避免盲目用药，管理建议符合生物安全要求，无明显危险建议。尽管对猪水疱性口炎的特异性特征描述不够突出，支持性护理措施略显笼统，但整体安全且疾病匹配，不影响数据可用性。,86.0,27,18,23,17,pass,58.67,14.92,
d7987d7d-785a-5f47-b305-18ee1e97111e,197,副猪嗜血杆菌病,swine_hunyuan_turbos,hunyuan-turbos-20250926,成功,,猪,我家有200多头保育猪，现在60日龄左右，最近一周陆续出现精神沉郁、发热、关节肿胀、走路跛行的，有几头还呼吸急促，昨天有一头突然死亡。之前用过阿莫西林拌料三天，效果不明显。想请教一下这种情况该采哪些样去化验？怎么判断是不是副猪嗜血杆菌病？会不会误诊成别的病耽误治疗？,根据描述的日龄、多发关节肿胀、跛行、发热及部分呼吸症状，结合抗生素治疗无效的情况，高度怀疑为副猪嗜血杆菌病（Glasser病）。该病可引起多发性浆膜炎、关节炎、脑膜炎及急性死亡，易与其他细菌性败血症或病毒性疾病混淆，需通过实验室确诊。,treatment_direction: 在确诊前不宜盲目更换抗生素，应优先采集样本送实验室进行病原学鉴定和药敏试验，明确病原体及耐药性后再制定针对性治疗方案。；management_measures: 立即隔离发病猪只，减少应激，保持圈舍干燥通风，降低饲养密度，防止继发感染扩散。；sampling_and_testing: 建议采集濒死或刚死亡猪的关节液、心包液、脑膜组织、肺脏及血液样本，进行细菌分离培养和PCR检测，必要时做病理剖检观察浆膜渗出特征。；prohibited_boundaries: 严禁在未确诊情况下随意使用强效广谱抗生素掩盖病情，以免延误诊断导致疫情扩大。,因未进入具体药物治疗阶段，暂无休药期说明；一旦确定用药方案，须按药品说明书及国家相关规定执行休药期管理。,"{""disease_name"": ""副猪嗜血杆菌病"", ""severity"": ""高"", ""scene_tags"": [""保育猪"", ""多发性浆膜炎"", ""关节炎"", ""发热"", ""呼吸急促"", ""急性死亡""], ""validation_points"": [""多系统症状符合副猪嗜血杆菌病的临床特征"", ""抗生素治疗无效提示可能非单一敏感菌感染或存在耐药"", ""需要实验室确诊以避免误诊""], ""risk_flags"": [""疑似重大细菌性疾病"", ""存在传播风险"", ""需及时采样送检""], ""case_type"": ""采样送检咨询"", ""target_disease"": ""副猪嗜血杆菌病"", ""local_flags"": {""species_ok"": true, ""target_disease_in_diagnosis"": true, ""target_disease_mismatch"": false, ""contains_specific_dose"": false, ""contains_specific_withdrawal"": false, ""regulated_bad_treatment"": false}}",False,False,,,True,False,True,D:\XF-ChongQin\ai-\knowledge\llm_wiki_swine_authoritative,1465,887,"副猪嗜血杆菌病
副猪嗜血杆菌病、gl sser s disease
采样送检咨询
用户描述症状后，重点询问采什么样品、如何判断和如何避免误治。","{""HUMAN_REVIEWED"": 2, ""NEEDS_REVIEW"": 2}","[""SRC-0001"", ""SRC-0012"", ""SRC-0023"", ""SRC-0066"", ""SRC-0070""]",2221,133.48,ERNIE-4.5-Turbo-32K,88,28,18,23,20,False,True,"该回答在诊断准确性、病理逻辑、处方安全性和数据质量方面表现良好，整体符合测试数据有效性要求。诊断准确描述了副猪嗜血杆菌病的典型症状，并合理建议实验室确诊以避免误诊。病理逻辑清晰，考虑了多系统症状和抗生素治疗无效的情况。处方安全，强调了采样送检的重要性，并提出了合理的管理措施。数据质量较高，症状描述与疾病特征匹配，风险标识明确。
问题：diagnosis_accuracy: 诊断中未明确提及与其他类似疾病的鉴别诊断，如链球菌病或猪丹毒，尽管提到了易混淆，但缺乏具体对比。；pathology_logic: 病理逻辑中未详细解释为什么抗生素治疗无效，仅提到可能非单一敏感菌感染或存在耐药，缺乏深入分析。；data_quality: 数据质量中，症状描述虽然全面，但缺乏对症状严重程度的量化描述，如发热的具体温度范围。；prescription_safety: 处方安全中，虽然强调了采样送检的重要性，但未提及采样过程中的生物安全措施，如个人防护和样本运输。",hunyuan-turbos-20250926,85,8.5,8.0,9.0,8.5,True,False,"该数据整体真实可信，用户提问的场景符合保育猪群常见疾病发生背景，症状与副猪嗜血杆菌病高度吻合，诊断思路合理且强调实验室确诊，避免误诊。处方方向正确，强调先确诊再治疗，管理措施得当，无危险用药建议。不足之处在于鉴别诊断不够细化，对抗生素无效的机制分析不足，缺少采样生物安全提示，以及症状严重程度量化信息。
问题：诊断中未列出具体的鉴别诊断对象（如链球菌病、猪丹毒）及其区分要点。；未深入解释为何阿莫西林治疗无效的可能原因（如耐药谱、混合感染）。；未提醒采样过程中必要的生物安全措施（防护装备、样本密封运输等）。；症状描述缺乏量化指标（如体温范围、死亡率比例），影响评估精准度。",True,ERNIE-4.5-Turbo-32K,True,pass,该回答在诊断准确性、病理逻辑、处方安全性和数据质量方面表现良好，整体符合测试数据有效性要求。诊断准确描述了副猪嗜血杆菌病的典型症状，并合理建议实验室确诊以避免误诊。病理逻辑清晰，考虑了多系统症状和抗生素治疗无效的情况。处方安全，强调了采样送检的重要性，并提出了合理的管理措施。数据质量较高，症状描述与疾病特征匹配，风险标识明确。尽管存在一些轻微不足，如鉴别诊断不够细化、对抗生素无效的机制分析不足、缺少采样生物安全提示以及症状严重程度量化信息，但这些不足不影响整体判断，可通过后续优化补充。,86.0,28,18,23,20,pass,105.49,23.06,
526c8382-86df-5352-8b20-9a28ed164a25,211,猪肾虫病,swine_hunyuan_turbos,hunyuan-turbos-20250926,成功,,猪,我家有120头60公斤左右的育肥猪，最近半个月陆续有猪拉稀、毛色发暗、掉膘明显，个别猪皮肤抓挠起痂，粪便里偶尔能看到白色条状物。之前用过一次伊维菌素拌料驱虫，但效果不明显，现在担心是不是肾虫之类的问题？,根据描述的症状（慢性腹泻、消瘦、皮肤抓痒、粪便中有白色条状物体），结合育肥猪阶段及既往驱虫效果不佳的情况，高度怀疑为猪肾虫病（Stephanurus dentatus）。该病由肾虫寄生引起，幼虫在肝脏移行可形成milk spots，成虫寄生于肾周囊并可通过输尿管排出虫卵，导致消化障碍、营养不良及继发皮肤问题。,treatment_direction: 针对肾虫感染，可选用对肾虫有效的广谱驱虫药（如芬苯达唑类、阿苯达唑类等），按说明使用，注意轮换不同作用机制的药物以减少耐药风险。；management_measures: 加强圈舍卫生管理，及时清理粪尿，减少潮湿环境；定期更换垫料，防止虫卵污染饲料饮水；分群饲养，减少交叉感染机会。；sampling_and_testing: 采集新鲜粪便进行虫卵镜检，必要时剖检病死猪观察肾脏周围囊肿及肝脏milk spots情况，以确诊。；contraindications_and_boundaries: 严禁将疑似病例与健康猪混养；若发现大量死亡或严重肝肾损伤，应联系当地动物防疫部门进行进一步检测和防控，不可自行随意处置。,因涉及驱虫药使用，应按所用药物说明书规定的休药期执行，确保猪肉安全上市。,"{""disease_name"": ""猪肾虫病"", ""severity"": ""中等偏重"", ""scene_tags"": [""育肥猪"", ""群体发病"", ""慢性腹泻"", ""消瘦"", ""皮肤瘙痒""], ""validation_points"": [""症状符合肾虫感染特征（腹泻、消瘦、皮肤抓痒）"", ""粪便中见白色条状物提示可能有虫体排出"", ""既往驱虫无效提示可能存在耐药或药物选择不当""], ""risk_flags"": [""可能耐药"", ""存在环境污染风险"", ""需排除其他寄生虫混合感染""], ""case_type"": ""寄生虫群体发病"", ""target_disease"": ""猪肾虫病"", ""local_flags"": {""species_ok"": true, ""target_disease_in_diagnosis"": true, ""target_disease_mismatch"": false, ""contains_specific_dose"": false, ""contains_specific_withdrawal"": false, ""regulated_bad_treatment"": false}}",False,False,,,True,False,True,D:\XF-ChongQin\ai-\knowledge\llm_wiki_swine_authoritative,1465,887,"猪肾虫病
猪肾虫病、stephanurus dentatus kidney worm
寄生虫群体发病
猪群出现腹泻、消瘦、皮肤瘙痒或生长慢，用户怀疑寄生虫。","{""HUMAN_REVIEWED"": 2, ""NEEDS_REVIEW"": 2}","[""SRC-0001"", ""SRC-0082""]",2221,29.07,ERNIE-4.5-Turbo-32K,88,28,18,23,20,False,True,"该回答整体表现良好，诊断准确性较高，症状与疾病匹配合理，诊断逻辑清晰，处方安全且与疾病相互印证，数据质量较高。
问题：diagnosis_accuracy: 诊断准确性方面，虽然整体判断正确，但未完全覆盖所有症状与疾病的关联性，如未详细解释粪便中白色条状物与肾虫病的直接联系。；pathology_logic: 病理逻辑方面，对肾虫病的病理过程描述较为简略，未充分阐述幼虫移行和成虫寄生对猪体的具体影响。；data_quality: 数据质量方面，虽然提供了丰富的场景标签和验证点，但对风险标志的描述略显笼统，未具体说明耐药性和环境污染风险的可能来源。",hunyuan-turbos-20250926,85,4,3.5,4.5,4,False,False,"该数据整体真实可信，用户描述的育肥猪慢性腹泻、消瘦、皮肤瘙痒、粪便中白色条状物等症状与猪肾虫病典型表现相符，诊断方向准确且考虑了既往驱虫无效的因素。处方建议涵盖驱虫方案、管理措施、采样检测和安全边界，无明显危险建议，符合安全规范。不足之处在于部分病理机制解释不够深入，对粪便中白色条状物与肾虫病的关联缺乏明确说明，以及风险描述稍显笼统。
问题：未详细解释粪便中白色条状物与肾虫病的直接关系；病理过程描述较简略，缺乏对幼虫移行和成虫寄生影响的充分阐述；风险描述笼统，未具体指出耐药性产生原因及环境污染风险来源",True,ERNIE-4.5-Turbo-32K,True,pass,该回答整体表现良好，诊断准确性较高，症状与疾病匹配合理，诊断逻辑清晰，处方安全且与疾病相互印证。虽然存在部分病理机制解释不够深入、对粪便中白色条状物与肾虫病的关联缺乏明确说明以及风险描述稍显笼统等轻微不足，但不影响整体数据质量，可判pass。,86.0,28,18,23,20,pass,19.75,15.05,
c7ac54af-91ea-592a-a988-bdca5ff7fab3,254,猪恶性卡他热相关感染,swine_hunyuan_turbos,hunyuan-turbos-20250926,成功,,猪,我家有120头80公斤左右的育肥猪，最近一周陆续有几头出现高热、眼鼻分泌物增多、精神沉郁、食欲下降的情况，之前用了氟苯尼考和多西环素拌料三天，体温还是高，部分猪眼睛红肿流泪，怀疑是不是恶性卡他热？我们场边上有个养羊的邻居，会不会有关系？接下来该怎么处理？,根据描述的高热、眼鼻分泌物增多、精神沉郁及邻近羊群存在的情况，高度怀疑为猪恶性卡他热相关感染（由绵羊疱疹病毒2型等γ疱疹病毒引起）。该病在猪中多为偶发系统性病毒感染，需结合流行病学史（如近期与羊接触）及实验室检测确诊。,立即隔离发病猪，减少应激，加强通风与饮水管理；停止对全群使用广谱抗生素，仅对症支持治疗（如补液、降温）；采集血液、组织样本送具备资质的实验室进行PCR或病毒分离检测；严禁随意屠宰、出售或运输可疑猪只；若确诊为恶性卡他热，应依据当地畜牧兽医部门要求进行无害化处理或扑杀，并开展流行病学调查。,因涉及重大动物疫病防控，无常规休药期概念，须按主管部门指令执行隔离、检测和无害化措施。,"{""disease_name"": ""猪恶性卡他热相关感染"", ""severity"": ""高"", ""scene_tags"": [""育肥猪"", ""高热"", ""眼鼻分泌物"", ""邻近羊群""], ""validation_points"": [""高热、眼鼻分泌物增多符合恶性卡他热临床特征"", ""邻近羊群提示可能的绵羊疱疹病毒2型传播风险"", ""抗生素治疗无效提示非细菌性病因""], ""risk_flags"": [""可能为人畜共患风险极低但属重大动物疫病范畴"", ""需防止疫情扩散至其他猪群或养殖场"", ""禁止私自处理病死猪""], ""case_type"": ""育肥猪用药咨询"", ""target_disease"": ""猪恶性卡他热相关感染"", ""local_flags"": {""species_ok"": true, ""target_disease_in_diagnosis"": true, ""target_disease_mismatch"": false, ""contains_specific_dose"": false, ""contains_specific_withdrawal"": false, ""regulated_bad_treatment"": false}}",False,False,,,True,False,True,D:\XF-ChongQin\ai-\knowledge\llm_wiki_swine_authoritative,1465,887,"猪恶性卡他热相关感染
猪恶性卡他热相关感染、malignant catarrhal fever ovine herpesvirus 2
育肥猪用药咨询
育肥猪出现典型症状，用户已经用过常见药物但效果一般，询问是否继续用药。","{""HUMAN_REVIEWED"": 1, ""NEEDS_REVIEW"": 4}","[""SRC-0001"", ""SRC-0041""]",2180,27.03,ERNIE-4.5-Turbo-32K,88,28,18,24,18,False,True,"该回答在诊断准确性、病理逻辑、处方安全性和数据质量方面表现良好，整体符合测试数据有效性要求，无致命风险，最终评定为通过。
问题：诊断准确性方面，虽然结合了流行病学史和症状，但未提及实验室检测的必要性对确诊的重要性，扣2分。；病理逻辑方面，对恶性卡他热的病理机制解释不够深入，扣2分。；数据质量方面，场景标签和验证点较为全面，但风险标志中关于人畜共患风险的描述可能引发误解（实际风险极低），扣7分（原25分，因其他方面表现良好，适当调整扣分比例）。",hunyuan-turbos-20250926,85,23,23,24,15,False,False,"该数据整体真实可信，用户描述的场景与症状符合猪恶性卡他热相关感染的临床特征，且考虑了与羊群的流行病学关联。诊断思路合理，处理方案强调隔离、送检、避免随意处置，符合重大疫病防控原则，未出现危险用药建议。不足之处在于诊断部分未明确强调实验室确诊的必要性，病理机制说明较浅，以及风险沟通中对人畜共患风险的表述可能引起不必要的恐慌。
问题：诊断环节未突出实验室检测是确诊关键步骤；对恶性卡他热的发病机制解释不足；风险提示中‘人畜共患’表述易引发误解",True,ERNIE-4.5-Turbo-32K,True,pass,该回答在诊断准确性、病理逻辑、处方安全性和数据质量方面表现良好，诊断思路合理，处理方案符合重大疫病防控原则，虽存在诊断部分未明确强调实验室确诊的必要性、病理机制说明较浅、风险提示中‘人畜共患’表述易引发误解等轻微不足，但不影响整体判断，无致命风险，最终评定为通过。,86.0,28,18,24,18,pass,19.1,20.22,
da28408f-4ae8-50b0-9fbe-4de23367eaaa,257,猪细小病毒病,swine_hunyuan_turbos,hunyuan-turbos-20250926,成功,,猪,我这边是300头基础母猪的种猪场，最近两个月陆续有怀孕80多天的母猪流产，有的产下木乃伊胎，还有几头返情率明显升高。部分公猪精液活力下降，采精量也减少。之前用过一些抗生素防过蓝耳，但效果不明显。想问是不是传染病？还能不能继续配种？,根据描述，怀孕中期流产、木乃伊胎及返情增多，结合公猪精液质量下降，高度怀疑猪细小病毒病（PPV1）引起的繁殖障碍。该病可通过垂直传播感染胚胎，导致胚胎死亡、吸收或形成木乃伊胎，也可影响公猪精子活力和数量。需排除其他繁殖障碍病因如伪狂犬、乙脑、布病等。,treatment_direction: 目前无特效抗病毒药物，重点在于控制传染源、阻断传播链。对发病母猪进行隔离观察，暂停配种计划直至疫情查明。；management_measures: 加强生物安全，严格人员、车辆、器具消毒；淘汰持续不孕或反复流产的个体；后备母猪在配种前通过血清学检测确认抗体水平；公猪精液采集前后严格消毒，必要时更换使用。；sampling_testing: 采集流产胎儿组织、胎盘、血液样本送实验室PCR检测PPV1及其他常见繁殖障碍病原（如PRRSV、伪狂犬病毒、乙脑病毒、布氏杆菌），同时做血清学检测评估群体免疫状况。；prohibited_boundaries: 严禁将可疑病畜及其后代外调销售；禁止与健康猪群混养；在未明确病原前不得使用未经批准的疫苗或药物。,本病为病毒性繁殖障碍，无特定休药期概念，但需在病原清除、群体稳定后方可恢复正常配种和销售。,"{""disease_name"": ""猪细小病毒病"", ""severity"": ""中等偏重"", ""scene_tags"": [""种猪场"", ""繁殖障碍"", ""流产"", ""木乃伊胎"", ""返情"", ""公猪精液异常""], ""validation_points"": [""怀孕中期流产与木乃伊胎符合PPV1特征"", ""公猪精液质量下降可伴随PPV1感染"", ""抗生素治疗无效提示非细菌性病因""], ""risk_flags"": [""潜在传染性"", ""影响繁殖性能"", ""需实验室确诊""], ""case_type"": ""种猪繁殖障碍"", ""target_disease"": ""猪细小病毒病"", ""local_flags"": {""species_ok"": true, ""target_disease_in_diagnosis"": true, ""target_disease_mismatch"": false, ""contains_specific_dose"": false, ""contains_specific_withdrawal"": false, ""regulated_bad_treatment"": false}}",False,False,,,True,False,True,D:\XF-ChongQin\ai-\knowledge\llm_wiki_swine_authoritative,1465,887,"猪细小病毒病
猪细小病毒病、parvoviruses
种猪繁殖障碍
种猪场出现流产、死胎、返情或公猪异常，用户担心传染病和是否继续配种。","{""HUMAN_REVIEWED"": 3, ""NEEDS_REVIEW"": 2}","[""A0-MOA-573"", ""SRC-0001"", ""SRC-0045""]",2087,27.01,ERNIE-4.5-Turbo-32K,88,28,18,23,20,False,True,"该回答在诊断准确性、病理逻辑、处方安全性和数据质量方面表现良好，整体符合猪细小病毒病的测试数据要求，无致命风险，通过评估。
问题：诊断准确性方面，虽然高度怀疑猪细小病毒病，但未充分排除其他繁殖障碍病因如伪狂犬、乙脑、布病等，仅在诊断描述中提及需排除，未在具体诊断流程中体现。；病理逻辑方面，对猪细小病毒病的传播途径和病理机制的阐述不够深入，如垂直传播的具体过程和影响。；数据质量方面，场景标签和验证点较为全面，但风险标志中缺少对生物安全措施重要性的强调。；处方安全性方面，整体措施合理，但未明确提及对健康猪群的监测和预防措施。",hunyuan-turbos-20250926,85,8.5,8.0,9.0,8.5,False,False,"该数据场景真实，用户描述的临床症状与猪细小病毒病高度吻合，诊断方向正确且考虑了鉴别诊断。处方方案注重生物安全和病原排查，无明显危险建议，并强调了检疫与隔离等安全边界。不足之处在于诊断过程对鉴别诊断的体现不足，病理机制解释较浅，健康猪群监测措施未明确。
问题：诊断部分虽提到需排除其他繁殖障碍病因，但未在诊断流程中具体化排除方法或顺序。；对猪细小病毒病的垂直传播机制和病理变化描述不够详细。；处方中对健康猪群的日常监测与预防缺乏明确建议。；生物安全措施的重要性未在风险提示中突出。",True,ERNIE-4.5-Turbo-32K,True,pass,该回答在诊断准确性、病理逻辑、处方安全性和数据质量方面表现良好，诊断方向正确且考虑了鉴别诊断，处方方案注重生物安全和病原排查，无明显危险建议。尽管存在诊断过程对鉴别诊断的体现不足、病理机制解释较浅、健康猪群监测措施未明确等轻微不足，但整体符合猪细小病毒病的测试数据要求，无致命风险，通过评估。,86.0,28,18,23,20,pass,17.26,22.39,
916fa059-abc6-5ff5-bff1-68033782936b,263,猪狂犬病风险,swine_hunyuan_turbos,hunyuan-turbos-20250926,成功,,猪,我家有120头育肥猪，平均体重70公斤左右，最近一周陆续出现几头精神沉郁、流涎增多、走路不稳的情况，其中一头昨天突然倒地抽搐死亡。之前没用过特殊药物，圈舍周围偶尔能见到流浪狗经过。我想知道这种情况是不是狂犬病？该采哪些样送检测？怕误诊耽误防控。,根据描述的急性神经症状、流涎及突发死亡，结合周边有犬类活动史，应考虑猪狂犬病风险的可能，但该病临床表现多样且不特异，仅凭症状无法确诊，需要实验室检测排除其他神经系统疾病（如伪狂犬病、脑炎等）。,treatment_direction: 目前无特效治疗药物，一旦高度怀疑应立即停止常规治疗，防止人员暴露风险。；management_measures: 立即隔离可疑病例，限制人员与猪直接接触，加强圈舍消毒，防止犬类等野生动物进入。；sampling_submission: 采集新鲜脑组织（脑干、海马）、唾液拭子、血液样本，低温保存并尽快送至具备资质的实验室进行荧光抗体试验、RT-PCR等检测。；prohibited_boundaries: 严禁在未排除法定疫病前随意解剖或丢弃尸体，禁止将病死猪流入市场或用作饲料。,因未使用药物治疗且无确切病原学结果，暂无休药期概念；若后续确诊为人兽共患病，应按主管部门要求执行封锁、扑杀等措施。,"{""disease_name"": ""猪狂犬病风险"", ""severity"": ""高"", ""scene_tags"": [""神经症状"", ""突发死亡"", ""野生动物接触史"", ""采样送检""], ""validation_points"": [""症状符合猪狂犬病可能表现，但不具特异性"", ""存在犬类接触史增加风险"", ""需实验室检测确诊""], ""risk_flags"": [""人兽共患风险"", ""需严格生物安全防护"", ""疑似重大动物疫病""], ""case_type"": ""采样送检咨询"", ""target_disease"": ""猪狂犬病风险"", ""local_flags"": {""species_ok"": true, ""target_disease_in_diagnosis"": true, ""target_disease_mismatch"": false, ""contains_specific_dose"": false, ""contains_specific_withdrawal"": false, ""regulated_bad_treatment"": false}}",False,False,,,True,False,True,D:\XF-ChongQin\ai-\knowledge\llm_wiki_swine_authoritative,1465,887,"猪狂犬病风险
猪狂犬病风险、rabies virus
采样送检咨询
用户描述症状后，重点询问采什么样品、如何判断和如何避免误治。","{""HUMAN_REVIEWED"": 3, ""NEEDS_REVIEW"": 2}","[""SRC-0001"", ""SRC-0054""]",2064,25.75,ERNIE-4.5-Turbo-32K,88,28,18,23,20,False,True,"整体回答较为全面，诊断考虑了症状和接触史，并强调了实验室检测的重要性，处理方向安全且符合疾病特点，数据质量较高，无明显致命风险。
问题：诊断准确性方面，虽然考虑了症状和接触史，但未充分提及与其他类似疾病的鉴别诊断，如伪狂犬病和脑炎的具体区别。；病理逻辑方面，对疾病的发生机制和传播途径的解释不够详细。；数据质量方面，虽然提供了详细的采样和送检建议，但未明确说明检测方法的具体选择依据。；未明确提及休药期的具体管理措施，尽管当前情况下暂无休药期概念，但可补充一般性建议。",hunyuan-turbos-20250926,85,80,75,90,85,False,False,"回答总体合理，结合了临床症状、流行病学史和实验室检测需求，处理措施安全，强调隔离、消毒和人员防护，避免误判和扩散风险。不足之处在于鉴别诊断列举不足，对疾病机制解释较简略，部分检测方法的选用理由未展开。
问题：鉴别诊断仅提到伪狂犬病和脑炎，未进一步说明其临床差异以辅助现场初筛。；对猪狂犬病的发病机制、传播链和潜伏期等信息缺乏解释。；未详细说明不同实验室检测方法的选择依据及其优缺点。",True,ERNIE-4.5-Turbo-32K,True,pass,回答整体较为全面，诊断考虑了症状和接触史，并强调了实验室检测的重要性，处理方向安全且符合疾病特点。尽管在鉴别诊断、疾病机制解释和检测方法选择依据方面存在轻微不足，但不影响整体数据质量，无明显致命风险。,86.0,28,18,23,20,pass,17.76,16.1,
c792443c-b47b-550a-b6e7-4a753bf256d1,356,猪后圆线虫病,swine_hunyuan_turbos,hunyuan-turbos-20250926,成功,,猪,我家有120头60公斤左右的育肥猪，最近半个月陆续出现咳嗽、呼吸急促的情况，有的还伴有采食量下降。之前用过氟苯尼考和替米考星，效果不明显，怀疑是不是有寄生虫或者混合感染。想问问这种情况应该采集哪些样品去化验？怎么区分是单纯寄生虫还是跟细菌或病毒一起感染的？,根据描述，该育肥猪群在育肥阶段出现持续性呼吸道症状且抗生素治疗效果不佳，结合饲养管理史，应考虑猪后圆线虫病可能，并需排除细菌性（如胸膜肺炎放线杆菌、巴氏杆菌）及病毒性（如猪流感病毒、蓝耳病病毒）混合感染。建议通过剖检肺脏、支气管及淋巴结进行虫体检查，并结合PCR检测常见呼吸道病原体。,treatment_direction: 针对后圆线虫可用经批准的驱虫方案（具体药物及剂量由执业兽医确定），对细菌感染可依据药敏选择敏感抗生素，病毒感染无特效药物，以对症支持为主。；management_measures: 改善圈舍通风，降低湿度与有害气体浓度，减少应激因素，分群饲养防止交叉感染。；sampling_for_testing: 采集病死猪或濒死猪的肺组织、支气管内容物、淋巴结，送实验室做虫卵/幼虫镜检及常见呼吸道病原体的PCR检测。；contraindications: 在未确诊前避免盲目使用广谱抗生素掩盖病情，禁止随意使用未经许可的药物，发现高死亡率或可疑重大疫病应立即报告当地畜牧兽医部门。,具体停药期应由执业兽医根据所用药物说明书及检测结果确定，确保上市猪肉符合食品安全标准。,"{""disease_name"": ""猪后圆线虫病"", ""severity"": ""中等"", ""scene_tags"": [""育肥猪"", ""慢性呼吸道症状"", ""抗生素疗效不佳"", ""疑似混合感染""], ""validation_points"": [""症状与后圆线虫感染相符"", ""抗生素无效提示非单一细菌感染"", ""需要实验室检测明确病原""], ""risk_flags"": [""需排除重大传染病"", ""需专业兽医指导用药""], ""case_type"": ""呼吸道采样送检"", ""target_disease"": ""猪后圆线虫病"", ""local_flags"": {""species_ok"": true, ""target_disease_in_diagnosis"": true, ""target_disease_mismatch"": false, ""contains_specific_dose"": false, ""contains_specific_withdrawal"": false, ""regulated_bad_treatment"": false}}",False,False,,,True,False,True,D:\XF-ChongQin\ai-\knowledge\llm_wiki_swine_authoritative,1465,887,"猪后圆线虫病
猪后圆线虫病、metastrongylus lungworms
呼吸道采样送检
呼吸道症状持续，用药效果不稳定，用户询问采什么样品和如何鉴别混合感染。","{""HUMAN_REVIEWED"": 1, ""NEEDS_REVIEW"": 4}","[""RC-RESP-001"", ""SRC-0001"", ""SRC-0007"", ""SRC-0042"", ""SRC-0043"", ""SRC-0049"", ""SRC-0050"", ""SRC-0058"", ""SRC-0059"", ""SRC-0066"", ""SRC-0069"", ""SRC-0070"", ""SRC-0076"", ""SRC-0086""]",2009,33.5,ERNIE-4.5-Turbo-32K,88,28,18,23,20,False,True,"该回答整体上对猪后圆线虫病的诊断、鉴别诊断、采样及处理方向进行了较为合理的阐述，符合测试数据有效性的要求，未发现致命风险。
问题：diagnosis_accuracy: 诊断准确性方面，虽然考虑了猪后圆线虫病，但对混合感染的鉴别诊断描述稍显笼统，未详细说明如何通过实验室检测结果区分不同病原体。；pathology_logic: 病理逻辑方面，对猪后圆线虫病的病理机制解释不够深入，未充分阐述为何抗生素治疗无效。；prescription_safety: 处方安全方面，虽然提到了驱虫方案和对症治疗，但未给出具体药物名称和剂量范围，仅说明由执业兽医确定，略显不足。；data_quality: 数据质量方面，场景标签和验证点较为全面，但风险标志中未提及人兽共患风险，尽管猪后圆线虫病通常不直接传染给人，但完善风险标志有助于提升数据质量。",hunyuan-turbos-20250926,85,8,7.5,9,8.5,False,False,"该回答整体结构合理，能够基于用户提供的养殖规模、体重、病程及用药反应提出猪后圆线虫病的诊断假设，并考虑混合感染的可能性，同时给出了明确的采样建议和实验室检测方法，处理方向也涵盖了驱虫、抗菌、对症支持及管理措施，并在禁忌部分强调了谨慎用药和疫情上报原则，无明显危险建议。不足之处在于对混合感染的鉴别细节不够具体，病理机制解释较浅，以及未明确提示人兽共患风险信息。
问题：对混合感染（细菌、病毒）的鉴别诊断缺乏更具体的实验室指标或特征性表现说明；未详细解释猪后圆线虫病的病理机制及其导致抗生素无效的机理；未提及人兽共患风险，尽管该病通常不传人，但在风险评估完整性上有所欠缺",True,ERNIE-4.5-Turbo-32K,True,pass,该回答整体结构合理，诊断方向考虑了猪后圆线虫病及混合感染的可能性，采样建议和实验室检测方法明确，处理方向涵盖了驱虫、抗菌、对症支持及管理措施，禁忌部分也强调了谨慎用药和疫情上报原则。尽管在混合感染的鉴别诊断、病理机制解释及人兽共患风险提示方面存在轻微不足，但不影响整体诊断和处置方向的安全性及有效性，符合测试数据要求。,86.0,28,18,23,20,pass,23.37,20.96,
dcf9f2aa-b36d-5e02-b919-fcb7b0133f9c,377,猪沙门氏菌病,swine_hunyuan_turbos,hunyuan-turbos-20250926,成功,,猪,我家是300头育肥猪场，最近有20多头60日龄左右的猪出现拉稀、精神沉郁、体温升高到40℃左右的情况，粪便带黏液和血丝，部分猪食欲下降，已经持续了三四天。之前用过恩诺沙星拌料三天效果不明显，现在想问该采哪些样品去化验？怎么判断是不是沙门氏菌感染？另外怕用错药耽误病情，想知道下一步该怎么处理比较稳妥。,根据描述的发病日龄、腹泻带血、发热及抗生素治疗无效等特征，结合猪沙门氏菌病在集约化育肥阶段的流行特点，高度怀疑为猪沙门氏菌病（肠炎型或败血型）。该病常因应激、混群、饲料更换等因素诱发，表现为纤维素坏死性肠炎，盲肠和结肠常见假膜或纽扣样溃疡。确诊需实验室分离鉴定沙门氏菌并做血清分型。,treatment_direction: 在未获得药敏结果前，不宜盲目使用抗菌药物；应优先进行病原学检测和药敏试验，指导后续精准用药。；management_measures: 立即隔离病猪，减少应激因素，改善通风与卫生条件，保证饮水清洁，防止继发感染。对同栏健康猪加强观察，必要时全群预防性措施。；sampling_submission: 采集病死猪或濒死猪的新鲜盲肠内容物、结肠黏膜组织、脾脏及肝脏样本，冷藏保存并尽快送具备资质的兽医实验室进行沙门氏菌分离培养与鉴定；同时可采集新鲜粪便作PCR检测。；prohibited_boundaries: 禁止随意使用广谱抗生素代替病原检测；严禁将疑似重大疫病病例按普通细菌感染处理而延误上报与防控。,具体休药期需依据最终使用的药物种类、剂量及国家相关规定确定，应在兽医指导下执行。,"{""disease_name"": ""猪沙门氏菌病"", ""severity"": ""中等至严重，可导致生长迟缓、死亡和经济损失"", ""scene_tags"": [""集约化育肥猪"", ""腹泻带血"", ""发热"", ""抗生素治疗无效""], ""validation_points"": [""符合沙门氏菌病在断奶至育肥阶段的流行规律"", ""症状与纤维素坏死性肠炎一致"", ""强调先检测再用药的科学流程""], ""risk_flags"": [""未经确诊前不可滥用抗菌药物"", ""存在群体传播风险""], ""case_type"": ""采样送检咨询"", ""target_disease"": ""猪沙门氏菌病"", ""local_flags"": {""species_ok"": true, ""target_disease_in_diagnosis"": true, ""target_disease_mismatch"": false, ""contains_specific_dose"": false, ""contains_specific_withdrawal"": false, ""regulated_bad_treatment"": false}}",False,False,,,True,False,True,D:\XF-ChongQin\ai-\knowledge\llm_wiki_swine_authoritative,1465,887,"猪沙门氏菌病
猪沙门氏菌病、salmonellosis
采样送检咨询
用户描述症状后，重点询问采什么样品、如何判断和如何避免误治。","{""HUMAN_REVIEWED"": 3, ""NEEDS_REVIEW"": 2}","[""SRC-0001"", ""SRC-0073""]",2192,30.12,ERNIE-4.5-Turbo-32K,88,28,18,24,18,False,True,"整体回答质量较高，诊断准确性、处方安全性和逻辑性均表现良好，数据质量稍有不足但不影响整体判断。
问题：diagnosis_accuracy: 诊断部分基本准确，但未完全覆盖所有症状与疾病关联的细节，如体温升高与沙门氏菌败血症型的关联性未明确提及。；pathology_logic: 病理逻辑部分描述了沙门氏菌病的典型病变，但未充分解释症状与病变之间的直接联系，如腹泻带血与纤维素坏死性肠炎的具体机制。；data_quality: 数据质量部分因未提及具体采样送检的注意事项（如样本保存温度、运输时间等）而略有扣分。",hunyuan-turbos-20250926,85,8,8,9,7,False,False,"回答总体科学严谨，诊断思路符合猪沙门氏菌病的流行病学与临床特征，处方强调先检测后用药，管理建议合理且包含生物安全提示，无明显危险建议。但存在细节不足，例如未深入解释症状与病理机制的对应关系，也未提供采样送检的具体操作要点。
问题：诊断部分未详细阐述体温升高与败血症型沙门氏菌的关系；病理描述缺少症状与病变的直接因果解释；采样送检环节缺乏具体操作指引（如保存温度、运输时限等）",True,ERNIE-4.5-Turbo-32K,True,pass,回答整体科学严谨，诊断符合猪沙门氏菌病的流行病学与临床特征，处方强调先检测后用药，管理建议合理且包含生物安全提示，无明显危险建议。尽管存在部分细节不足，如未深入解释症状与病理机制的对应关系，也未提供采样送检的具体操作要点，但不影响整体判断。,86.0,28,18,24,18,pass,19.83,22.77,
ec537614-75bb-5fff-97a7-884386c8cfd5,386,猪星状病毒感染,swine_hunyuan_turbos,hunyuan-turbos-20250926,成功,,猪,我家是200头左右的保育猪，现在40多天大，最近一周陆续有拉稀的，粪便偏黄绿色水样，个别精神差、采食下降，之前按大肠杆菌用了恩诺沙星和硫酸黏菌素，效果不明显，还有零星死亡。圈舍温度偏低，通风一般，想问还能继续用抗生素吗？要不要送样检测？,结合年龄、水样腹泻、抗生素治疗无效及环境因素，考虑病毒性腹泻可能性较大，如猪星状病毒感染等，可能与其他肠道病原混合感染。需排除细菌性肠炎、寄生虫感染等。,treatment_direction: 停止盲目使用广谱抗生素，改为支持疗法，包括补液、纠正电解质失衡、保温、改善饲养管理；必要时配合对症止泻药物。；management_measures: 加强圈舍保温与通风，减少应激；分群饲养，降低交叉感染风险；提供清洁饮水和易消化饲料。；sampling_and_testing: 采集新鲜粪便样本送至实验室进行病原学检测（PCR），明确是否为星状病毒或其他病毒、细菌、寄生虫感染。；contraindications_boundary: 在未明确病因前，避免长期大剂量使用抗生素以防耐药菌产生；若怀疑重大传染病（如非洲猪瘟、PED等），应立即隔离并按规定上报。,因未使用特定药物，无直接休药期要求；若后续确诊细菌感染并使用抗生素，应遵守相应药物的停药期规定。,"{""disease_name"": ""猪星状病毒感染"", ""severity"": ""中等"", ""scene_tags"": [""保育猪"", ""水样腹泻"", ""抗生素治疗无效"", ""环境应激""], ""validation_points"": [""年龄与症状符合星状病毒感染高发期"", ""水样腹泻且抗生素无效提示非单纯细菌感染"", ""环境低温与通风不良为诱因""], ""risk_flags"": [""潜在混合感染"", ""需排除重大疫病""], ""case_type"": ""腹泻用药咨询"", ""target_disease"": ""猪星状病毒感染"", ""local_flags"": {""species_ok"": true, ""target_disease_in_diagnosis"": true, ""target_disease_mismatch"": false, ""contains_specific_dose"": false, ""contains_specific_withdrawal"": false, ""regulated_bad_treatment"": false}}",False,False,,,True,False,True,D:\XF-ChongQin\ai-\knowledge\llm_wiki_swine_authoritative,1465,887,"猪星状病毒感染
猪星状病毒感染、astroviruses、astrovirus、猪星状病毒
腹泻用药咨询
猪群腹泻后已用过常见抗菌药效果一般，用户询问是否继续用药以及是否需要送检。","{""HUMAN_REV"": 1, ""HUMAN_REVIEWED"": 1, ""NEEDS_REVIEW"": 2}","[""SRC-0001"", ""SRC-0032""]",2221,23.25,ERNIE-4.5-Turbo-32K,88,27,18,23,20,False,True,"该回答在诊断准确性、病理逻辑、处方安全性和数据质量方面表现良好，诊断考虑了病毒性腹泻的可能性，并建议进行病原学检测以明确病因，处方方向安全合理，未出现致命风险。
问题：诊断准确性方面，虽然考虑了病毒性腹泻的可能性，但未明确提及猪星状病毒感染的特异性症状或诊断依据，略显不足。；病理逻辑方面，对环境因素（圈舍温度偏低，通风一般）与疾病发生的关联性分析不够深入。；数据质量方面，虽然提供了基本的场景标签和验证点，但缺乏更详细的临床数据或实验室检测结果支持诊断。",hunyuan-turbos-20250926,85,80,82,90,83,False,False,"该数据整体真实可信，用户描述的保育猪群体发病情况符合常见病毒性腹泻背景，诊断思路合理，排除了单纯细菌性病因，并提示送检确认病原。处方方向安全，强调停用广谱抗生素、支持疗法和环境管理，同时给出采样检测建议，无明显危险建议。不足之处在于未详细阐述猪星状病毒感染的典型特征，对环境因素与发病机制的关联分析较浅，且缺少更多临床细节支撑诊断。
问题：诊断部分未明确列出猪星状病毒感染的特征性临床表现或流行病学线索，仅泛化到病毒性腹泻。；对圈舍低温、通风不良与疾病发生之间的因果关系分析不够深入。；缺乏更具体的临床观察指标（如体温、脱水程度、死亡率趋势）来佐证诊断。",True,ERNIE-4.5-Turbo-32K,True,pass,该回答在诊断准确性、病理逻辑、处方安全性和数据质量方面表现良好。诊断考虑了病毒性腹泻的可能性，并建议进行病原学检测以明确病因，处方方向安全合理，未出现致命风险。尽管在诊断中未明确提及猪星状病毒感染的特异性症状或诊断依据，且对环境因素与疾病发生的关联性分析不够深入，但整体方向正确，建议可参考。,86.0,27,18,23,20,pass,16.17,17.4,
849f7188-3d34-57ad-9253-7bb706990a01,388,猪杯状病毒感染,swine_hunyuan_turbos,hunyuan-turbos-20250926,成功,,猪,我场有200多头育肥猪，平均体重在60公斤左右，最近一周内陆续出现精神沉郁、食欲下降、个别猪体温升高到40℃以上，还有几头出现口腔和蹄部轻微水疱，粪便偏稀。之前用过恩诺沙星拌料三天效果不明显。现在想问能不能先当普通腹泻或者口蹄疫前期处理看看？,根据描述的症状组合（发热、精神差、食欲减退、口腔及蹄部水疱、轻度腹泻），结合近期多栋猪舍同时发病的情况，高度怀疑为病毒性传染病，可能与猪杯状病毒感染有关，也可能存在其他水泡性疾病（如口蹄疫、猪水疱病等）的混合或继发感染。由于涉及水疱病变，应首先排除法定重大动物疫病（如口蹄疫）。,立即暂停场内猪群调运，限制人员车辆流动；将疑似病例与健康猪严格分群隔离，采集口腔液、水疱液、粪便等样本送有资质的实验室进行病原学检测（PCR/RT-PCR）；在未明确病原前，禁止使用未经批准的兽药，仅可对症支持（如补液、电解质平衡、维生素补充）；加强圈舍通风、保温与消毒，减少应激；若检测结果确认为法定重大疫病，须按当地畜牧兽医部门指令执行扑杀、无害化处理及封锁措施。,因未使用特定药物，无具体休药期；但若后续确诊并按规定用药，须遵循官方指导的停药期。,"{""disease_name"": ""猪杯状病毒感染"", ""severity"": ""中等至严重（视是否混合其他病原及疫情扩散情况）"", ""scene_tags"": [""育肥猪"", ""多栏同期发病"", ""水疱性病变"", ""腹泻"", ""高热""], ""validation_points"": [""症状符合病毒性水疱病特征"", ""多栏同步发生提示传染性高"", ""需优先排除法定重大疫病""], ""risk_flags"": [""可能为人畜共患风险未定病原体"", ""存在重大动物疫病混淆风险""], ""case_type"": ""暴发与处置边界"", ""target_disease"": ""猪杯状病毒感染"", ""local_flags"": {""species_ok"": true, ""target_disease_in_diagnosis"": true, ""target_disease_mismatch"": false, ""contains_specific_dose"": false, ""contains_specific_withdrawal"": false, ""regulated_bad_treatment"": false}}",False,False,,,True,False,True,D:\XF-ChongQin\ai-\knowledge\llm_wiki_swine_authoritative,1465,887,"猪杯状病毒感染
猪杯状病毒感染、caliciviruses norovirus sapovirus vesicular exanthema virus
暴发与处置边界
同栏或多栋猪舍短期内发病增多，用户询问是否能先按普通病治疗观察。","{""HUMAN_REVIEWED"": 2, ""NEEDS_REVIEW"": 2}","[""SRC-0001"", ""SRC-0034""]",2221,27.44,ERNIE-4.5-Turbo-32K,88,28,18,24,18,False,True,"该回答在诊断准确性、病理逻辑、处方安全性和数据质量方面表现良好，整体符合测试数据有效性要求。诊断考虑了多种可能性，并优先排除了重大疫病，处方安全合理，未出现致命风险。
问题：诊断准确性方面，虽然考虑了多种可能性，但对猪杯状病毒感染的特异性症状描述不够详细，可能影响诊断的精确性。；病理逻辑方面，对混合或继发感染的可能性分析不够深入，缺乏具体的病理机制阐述。；数据质量方面，虽然提供了丰富的场景标签和验证点，但对症状描述的详细程度和病原学检测的具体方法描述不足。",hunyuan-turbos-20250926,85,80,82,90,83,False,False,"该回答在诊断思路上覆盖了可能的病毒性传染病，包括法定重大疫病排查，处方方案安全且符合生物安全要求，未给出具体药物剂量或休药期承诺，避免了致命风险。但诊断中对猪杯状病毒特异性症状的描述不足，病理机制分析较浅，部分细节（如检测方法）不够具体，影响整体严谨性和指导性。
问题：对猪杯状病毒感染的典型临床特征描述不够充分，导致诊断针对性不强。；对混合感染或继发感染的病理机制分析较为笼统，缺乏深入解释。；病原学检测方法的描述过于简略，缺少操作细节。",True,ERNIE-4.5-Turbo-32K,True,pass,诊断考虑了多种可能性，优先排除了重大疫病，符合临床逻辑；处方安全合理，未出现致命风险。尽管对猪杯状病毒感染的特异性症状描述不够详细，病理机制分析较浅，病原学检测方法描述简略，但整体方向正确，不影响数据可用性。,86.0,28,18,24,18,pass,18.6,17.09,
b945a8fd-3432-52b3-8857-a4097bfdd9b2,393,猪托罗病毒感染,swine_hunyuan_turbos,hunyuan-turbos-20250926,成功,,猪,我家有120头35日龄左右的保育猪，这几天陆续有10多头开始拉稀，粪便是黄色水样，精神差、吃料少，有的还伴随轻度脱水。圈舍通风一般，最近天气转凉，之前用过恩诺沙星拌料两天效果不明显。想问问这是啥原因，该怎么处理？,根据描述，该批保育猪在气温变化后出现群体性水样腹泻、采食下降及轻度脱水，结合流行病学特征，需考虑病毒性因素如猪托罗病毒感染的可能，同时应排除细菌性肠炎、营养性腹泻等。建议通过实验室检测（粪便或肠道内容物）明确病原。,treatment_direction: 对症支持为主，改善饲养管理，防止继发细菌感染。；management_measures: 提高圈舍温度，减少冷应激；；保证饮水清洁并适当补充电解质；；降低饲料蛋白水平，少量多餐；；对严重脱水个体进行补液。；sampling_and_testing: 采集新鲜腹泻粪便或肠道内容物送实验室进行病毒核酸检测（如RT-PCR），必要时做细菌培养以鉴别混合感染。；prohibited_boundaries: 不得自行使用未经批准的抗病毒药物；若怀疑重大动物疫病，应立即报告当地畜牧兽医部门，不得擅自销售或转运病猪。,因主要为支持性管理和对症治疗，无特定药物休药期要求；若后续使用抗生素，应按药品说明执行相应休药期。,"{""disease_name"": ""猪托罗病毒感染"", ""severity"": ""中等"", ""scene_tags"": [""保育猪"", ""群体腹泻"", ""采食下降"", ""寒冷应激""], ""validation_points"": [""群体性水样腹泻伴采食下降符合病毒性胃肠炎表现；"", ""温度变化为常见诱因；"", ""需实验室检测区分其他病原。""], ""risk_flags"": [""需警惕混合感染"", ""注意防止脱水致死""], ""case_type"": ""腹泻群体发病"", ""target_disease"": ""猪托罗病毒感染"", ""local_flags"": {""species_ok"": true, ""target_disease_in_diagnosis"": true, ""target_disease_mismatch"": false, ""contains_specific_dose"": false, ""contains_specific_withdrawal"": false, ""regulated_bad_treatment"": false}}",False,False,,,True,False,True,D:\XF-ChongQin\ai-\knowledge\llm_wiki_swine_authoritative,1465,887,"猪托罗病毒感染
猪托罗病毒感染、porcine torovirus
腹泻群体发病
同窝或同栏出现水样腹泻、脱水、采食下降，用户想知道主要病因和紧急处理。","{""HUMAN_REVIEWED"": 3, ""NEEDS_REVIEW"": 2}","[""SRC-0001"", ""SRC-0006"", ""SRC-0033"", ""SRC-0083""]",2187,25.59,ERNIE-4.5-Turbo-32K,88,28,18,23,20,False,True,"该回答对猪托罗病毒感染的诊断较为准确，考虑了病毒性因素并建议实验室检测以明确病原，处理方向安全合理，数据质量较高，无明显致命风险。
问题：diagnosis_accuracy方面，虽然考虑了病毒性因素，但对细菌性肠炎和营养性腹泻的排除依据不够充分；pathology_logic方面，对寒冷应激与疾病关系的阐述不够深入；data_quality方面，场景标签和验证点可以更加详细和具体。",hunyuan-turbos-20250926,85,8,7.5,9,8,False,False,"该回答针对用户描述的保育猪群体性水样腹泻、采食下降及轻度脱水等症状，提出了猪托罗病毒感染的可能性，并结合季节变化和饲养环境提示了其他可能病因，建议实验室检测确认病原，符合临床思路。处理方案以对症支持、改善饲养管理、防继发感染为主，未给出具体药物剂量或休药期承诺，且明确了禁止擅自用药和疫情上报的要求，安全性较好。但诊断中对细菌性肠炎和营养性腹泻的排除依据不足，病理逻辑上未深入分析寒冷应激与发病机制的关联，数据细节可更丰富。
问题：诊断部分对细菌性肠炎、营养性腹泻的排除理由不充分，缺乏针对性分析。；病理机制解释较浅，未详细说明寒冷应激如何诱发或加重病毒性腹泻。；数据质量方面缺少更具体的场景标签和验证要点。",True,ERNIE-4.5-Turbo-32K,True,pass,该回答对猪托罗病毒感染的诊断较为准确，考虑了病毒性因素并建议实验室检测以明确病原，处理方案以对症支持、改善饲养管理、防继发感染为主，安全性较好，符合临床思路。尽管在诊断中对细菌性肠炎和营养性腹泻的排除依据不足，病理机制解释较浅，但整体方向安全合理，无明显致命风险，数据质量可接受。,86.0,28,18,23,20,pass,16.79,18.54,
ca908000-a47f-5f6c-bbae-45295da1f484,470,猪戊型肝炎,swine_hunyuan_turbos,hunyuan-turbos-20250926,成功,,猪,我家有200头120斤左右的育肥猪，最近一周陆续有几头精神沉郁、食欲下降、粪便偏黄稀，体温正常偏低，之前按腹泻用了恩诺沙星和土霉素拌料三天，部分好转但还有反复。圈舍通风一般，湿度偏高，想问还能不能继续用这些药？,根据描述的症状、用药史及环境情况，考虑可能为猪戊型肝炎病毒感染所致。该病为病毒性传染病，抗生素对病毒无效，因此常规抗菌药难以根治，且可能掩盖病情。需结合实验室检测确诊。,treatment_direction: 目前无特效抗病毒药物，重点在于支持性护理和防止继发细菌感染。可在兽医指导下使用保肝护肾类营养添加剂，改善饲料消化率，提高机体抵抗力。；management_measures: 加强圈舍通风与干燥，降低饲养密度，减少应激因素；分群管理，将症状明显个体与健康猪隔离观察；保证清洁饮水和新鲜饲料供应。；sampling_and_testing: 采集发病猪的血清或粪便样本送实验室进行HEV PCR检测，以明确是否为猪戊型肝炎病毒感染。同时可排查其他肠道病原如大肠杆菌、沙门氏菌等。；prohibited_boundaries: 禁止使用未经批准的兽药或超范围用药；禁止在疫情不明情况下随意出售或调运动物；若确诊为法定重大疫病，应按规定立即报告并配合扑杀、无害化处理等措施。,因本病为病毒性感染，无特效药物治疗，故不存在特定药物休药期问题。但若在治疗过程中使用了合法批准的兽药，须遵循该药的官方休药期规定，并在出栏前确保符合食品安全标准。,"{""disease_name"": ""猪戊型肝炎"", ""severity"": ""中等"", ""scene_tags"": [""育肥猪"", ""病毒性腹泻"", ""人兽共患风险""], ""validation_points"": [""症状与猪戊型肝炎典型表现相符"", ""抗生素治疗无效提示非细菌性病因"", ""建议实验室检测以明确诊断""], ""risk_flags"": [""存在人兽共患潜在风险，需做好人员防护"", ""若属重大动物疫病需依法报告与处置""], ""case_type"": ""育肥猪用药咨询"", ""target_disease"": ""猪戊型肝炎"", ""local_flags"": {""species_ok"": true, ""target_disease_in_diagnosis"": true, ""target_disease_mismatch"": false, ""contains_specific_dose"": false, ""contains_specific_withdrawal"": false, ""regulated_bad_treatment"": false}}",False,False,,,True,False,True,D:\XF-ChongQin\ai-\knowledge\llm_wiki_swine_authoritative,1465,887,"猪戊型肝炎
猪戊型肝炎、hepatitis e virus
育肥猪用药咨询
育肥猪出现典型症状，用户已经用过常见药物但效果一般，询问是否继续用药。","{""HUMAN_REVIEWED"": 3, ""NEEDS_REVIEW"": 2}","[""SRC-0001"", ""SRC-0008"", ""SRC-0012"", ""SRC-0014"", ""SRC-0015"", ""SRC-0040""]",2105,26.63,ERNIE-4.5-Turbo-32K,88,28,18,24,18,False,True,"整体回答质量较高，诊断方向合理，考虑到了病毒性感染的特点，并提出了实验室检测的建议。处方安全，管理措施得当，且注意到了人兽共患的风险。但在数据质量和病理逻辑方面还有提升空间。
问题：数据质量方面，虽然提供了详细的症状描述和用药史，但对环境因素的描述略显简单，仅提到圈舍通风一般，湿度偏高，未详细说明其他可能影响猪健康的环境因素。；病理逻辑方面，虽然诊断方向正确，但未详细解释为何考虑猪戊型肝炎，以及该病与其他类似症状疾病的鉴别诊断。",hunyuan-turbos-20250926,85,90,80,95,75,False,False,"回答整体准确，诊断考虑了病毒性病因，排除了抗生素无效的情况，并建议实验室检测确认。处方方向安全，强调支持性护理和环境管理，避免滥用药物。不足之处在于环境信息不够全面，缺乏鉴别诊断说明，导致病理逻辑和数据质量略有欠缺。
问题：环境因素描述过于简略，缺少温度、密度、垫料、饮水卫生等关键细节。；未进行猪戊型肝炎与其他常见腹泻性疾病（如轮状病毒、传染性胃肠炎）的鉴别分析。；未提及猪戊型肝炎的人畜共患潜在风险防控措施。",True,ERNIE-4.5-Turbo-32K,True,pass,整体回答质量较高，诊断方向合理，考虑到了病毒性感染的特点，并提出了实验室检测的建议。处方安全，管理措施得当。尽管在环境因素描述和鉴别诊断方面存在不足，但不影响整体诊断和处置方向的安全性。,86.0,28,18,24,18,pass,17.38,15.26,
b8b74659-e57e-5661-84a9-a21183132179,136,猪类圆线虫病,swine_hunyuan_turbos,hunyuan-turbos-20250926,成功,,猪,我这边有200头80公斤左右的育肥猪，还有半个月就要出栏了，这几天陆续有几头拉稀，粪便稀薄带点黏液，精神食欲还行，体温正常，圈舍地面有点潮湿，之前没用过驱虫药。这种情况会不会影响卖猪？能不能用点药控制一下？要不要隔离？,根据描述，结合育肥猪临近出栏、粪便稀薄带黏液、圈舍潮湿等条件，考虑可能为猪类圆线虫病（Strongyloides）。该病在仔猪及育肥前期易发，但在管理不良条件下可延续至后期，引起轻度腹泻。需通过粪便镜检或黏膜刮片查找虫卵或幼虫确诊。,treatment_direction: 使用经批准的广谱驱虫药物进行全群驱虫，优先选择对类圆线虫有效的成分；针对腹泻症状可配合电解质补液防止脱水。；management_measures: 改善圈舍卫生，保持干燥通风，减少粪尿堆积；加强饲料饮水清洁，避免交叉污染。；sampling_and_testing: 采集新鲜粪便样本送实验室镜检找虫卵或幼虫，必要时做黏膜刮片检查以提高检出率。；prohibited_boundaries: 严禁将疑似感染猪与健康猪混养；若检出大量阳性个体且伴有严重腹泻，应暂停出栏并咨询当地畜牧兽医部门意见。,按所用驱虫药标签规定执行，确保停药期满后方可出栏；在未明确停药期前不得销售。,"{""disease_name"": ""猪类圆线虫病"", ""severity"": ""中等"", ""scene_tags"": [""育肥猪"", ""临近出栏"", ""腹泻"", ""圈舍潮湿""], ""validation_points"": [""症状符合类圆线虫引起的轻中度腹泻特征"", ""圈舍潮湿增加传播风险"", ""需实验室确诊以防误诊""], ""risk_flags"": [""临近出栏期用药需关注休药期"", ""存在潜在传染扩散风险""], ""case_type"": ""腹泻出栏边界"", ""target_disease"": ""猪类圆线虫病"", ""local_flags"": {""species_ok"": true, ""target_disease_in_diagnosis"": true, ""target_disease_mismatch"": false, ""contains_specific_dose"": false, ""contains_specific_withdrawal"": false, ""regulated_bad_treatment"": false}}",False,False,,,True,False,True,D:\XF-ChongQin\ai-\knowledge\llm_wiki_swine_authoritative,1465,887,"猪类圆线虫病
猪类圆线虫病、strongyloides internal parasites
腹泻出栏边界
临近出栏猪群出现腹泻，用户关心处理方向、隔离和用药后能否销售。","{""HUMAN_REV"": 1, ""NEEDS_REVIEW"": 4}","[""SRC-0001"", ""SRC-0082""]",2221,30.33,ERNIE-4.5-Turbo-32K,85,27,18,22,18,False,True,"整体回答质量较高，诊断方向合理，处理措施安全，符合猪类圆线虫病的特征及处理要求。诊断准确性较高，病理逻辑基本合理，处方安全且考虑了休药期，数据质量较好，无明显致命风险。
问题：诊断准确性方面，虽然症状描述符合猪类圆线虫病，但未明确提及粪便镜检或黏膜刮片的具体诊断依据，略显不足。；病理逻辑方面，对圈舍潮湿与疾病传播的关系解释不够深入，可进一步细化。；数据质量方面，对症状的描述和疾病特征的匹配度可更高，例如增加对类圆线虫病特有症状的描述。；处方安全方面，虽然提到了电解质补液，但未具体说明补液的种类和用量，可能影响实际操作的准确性。",hunyuan-turbos-20250926,85,90,85,88,85,False,False,"回答整体结构完整，诊断思路与用户提供的症状、环境信息相符，处理方案兼顾治疗与安全防控，未出现明显危险建议。但部分细节如诊断依据的明确性、病理机制的解释深度以及补液操作的可操作性仍有提升空间。
问题：诊断部分未明确指出粪便镜检或黏膜刮片为确诊手段，仅作为可选方法，可能降低诊断严谨性。；对圈舍潮湿与类圆线虫传播关系的解释较浅，缺乏流行病学背景支持。；补液措施未给出种类与大致用量范围，实际操作指导性不足。",True,ERNIE-4.5-Turbo-32K,True,pass,整体回答质量较高，诊断方向合理，处理措施安全，符合猪类圆线虫病的特征及处理要求。尽管存在诊断依据明确性、病理机制解释深度和补液操作可操作性等方面的轻微不足，但不影响整体判断，数据质量较好，无明显致命风险。,85.0,27,18,22,18,pass,18.81,19.09,
99aca232-d15b-5d6f-839e-5519c3e15d21,6,猪繁殖与呼吸综合征,swine_hunyuan_turbos,hunyuan-turbos-20250926,成功,,猪,我家是100头左右保育猪，现在50日龄左右，最近一周舍内通风不太好，早上起来能闻到明显氨味，白天温度波动也大，有几头开始咳嗽、喘气，精神还行，采食量稍微下降，之前没用过什么药，这种情况是环境应激还是蓝耳病？要怎么处理？,结合临床表现（保育猪、咳嗽喘气、采食略降）、环境诱因（通风不良、氨气高、温差大），需考虑猪繁殖与呼吸综合征（PRRS）的可能性，同时应排除其他呼吸道病原如猪流感病毒、支原体肺炎等的混合感染。建议通过实验室检测确诊。,treatment_direction: 无特效抗病毒药物，主要采取支持疗法和对症处理，改善饲养管理条件，减少继发细菌感染风险。；management_measures: 立即加强通风换气，降低舍内氨气浓度；保持适宜温湿度，减少昼夜温差；提供清洁饮水和易消化饲料；对症状较重个体进行隔离观察。；sampling_and_testing: 采集鼻拭子、血液样本送实验室进行PRRSV PCR检测及抗体检测，必要时排查其他呼吸道病原。；prohibited_boundaries: 严禁使用未经批准的兽药或人用药品；不得擅自对外销售或运输疑似染疫猪群；发现疫情应按当地动物防疫部门要求进行报告和处置。,本病为病毒性感染，无特定停药期，但任何用药须遵循国家兽药使用规范并遵守相应休药期规定。,"{""disease_name"": ""猪繁殖与呼吸综合征"", ""severity"": ""中等至严重（可导致繁殖障碍和生长迟缓，易继发细菌感染）"", ""scene_tags"": [""保育猪"", ""呼吸道症状"", ""环境应激"", ""氨气高"", ""温差大""], ""validation_points"": [""保育猪出现咳嗽喘气且伴随环境恶化提示呼吸道综合征可能"", ""PRRS在保育阶段可引起类似症状"", ""需实验室检测确认病原""], ""risk_flags"": [""潜在PRRS感染"", ""环境管理缺陷"", ""需防止继发细菌感染""], ""case_type"": ""呼吸道环境诱因"", ""target_disease"": ""猪繁殖与呼吸综合征"", ""local_flags"": {""species_ok"": true, ""target_disease_in_diagnosis"": true, ""target_disease_mismatch"": false, ""contains_specific_dose"": false, ""contains_specific_withdrawal"": false, ""regulated_bad_treatment"": false}}",False,False,,,True,False,True,D:\XF-ChongQin\ai-\knowledge\llm_wiki_swine_authoritative,1465,887,"猪繁殖与呼吸综合征
猪繁殖与呼吸综合征、porcine reproductive and respiratory syndrome viruses、PRRS、蓝耳病
呼吸道环境诱因
通风差、氨气重或温差大后出现咳嗽喘气，用户想区分环境应激和传染病。","{""HUMAN_REVIEWED"": 2, ""NEEDS_REVIEW"": 2}","[""A0-MOA-573"", ""A1-WOAH-PRRS-DISEASE"", ""SRC-0001"", ""SRC-0023""]",2221,33.15,ERNIE-4.5-Turbo-32K,82,27,18,20,17,False,True,"该回答整体表现良好，诊断准确性较高，考虑了环境诱因和疾病可能性，并建议实验室检测确诊。病理逻辑合理，但未详细阐述其他呼吸道病原的排除逻辑。处方安全，管理措施得当，但数据质量因缺乏具体检测细节和用药指导而略有扣分。
问题：诊断部分虽提及需排除其他呼吸道病原，但未详细说明排除逻辑或具体方法。；数据质量方面，缺乏具体的检测细节和用药指导，使得回答略显笼统。；病理逻辑部分对疾病严重性的描述不够深入，未充分强调PRRS的潜在影响。",hunyuan-turbos-20250926,85,90,85,95,80,False,False,"回答准确识别了可能的猪繁殖与呼吸综合征（PRRS）风险，并结合环境因素进行了分析，提出了合理的实验室检测建议。处方措施安全且符合防控原则，强调了管理改善和禁止违规用药。不足之处在于对其他呼吸道病原的排除逻辑描述较简略，以及缺少更具体的检测与干预细节。
问题：未详细说明如何排除其他呼吸道病原的具体方法和依据。；缺乏对PRRS潜在危害程度的进一步解释。；检测与干预措施的描述较为笼统，缺少可操作性细节。",True,ERNIE-4.5-Turbo-32K,True,pass,回答整体表现良好，诊断准确性较高，结合环境诱因和疾病可能性进行了分析，并提出了合理的实验室检测建议。处方措施安全且符合防控原则，管理措施得当。虽然对其他呼吸道病原的排除逻辑描述较简略，且缺少更具体的检测与干预细节，但不影响整体方向和安全性。,84.0,27,18,20,17,pass,17.71,16.86,
820c03d7-cb36-526b-986e-fc2d4e8bf6cc,20,猪环曲病毒/托克特诺病毒感染,swine_hunyuan_turbos,hunyuan-turbos-20250926,成功,,猪,我家有200头80公斤左右的育肥猪，最近一周陆续出现精神沉郁、采食量下降、个别猪体温升高到39℃左右的情况，之前用了氟苯尼考和多西环素拌料三天，症状没有明显好转。圈舍通风一般，湿度偏高，请问这种情况是不是需要换药？会不会是猪环曲病毒引起的？,当前症状缺乏特异性，且猪环曲病毒（TTSuV）在健康猪群中亦可检出，无直接致病证据，因此无法单凭临床表现确诊该病。需结合实验室检测（如PCR检测病毒DNA或血清学检测抗体）排除其他病原（如PCV2、PRRSV等），并综合判断是否为多因素混合感染或继发感染所致。,treatment_direction: 针对现有症状进行对症支持治疗，改善饲养管理条件，减少应激，提高营养水平。；management_measures: 加强圈舍通风换气，降低湿度，保持清洁干燥；分群饲养，减少密度；提供充足清洁饮水和易消化的饲料。；sampling_and_testing: 采集发病猪的血液、鼻拭子或粪便样本送实验室检测TTSuV DNA及抗体，同时筛查PCV2、PRRSV、圆环病毒等其他常见病原，以明确病因组合。；prohibited_boundaries: 在未明确诊断前，不得盲目使用抗病毒药物或大剂量抗生素；若检测结果提示重大动物疫病（如非洲猪瘟等），应立即按当地防疫规定执行隔离、上报和扑杀等措施。,因未涉及特定药物治疗，暂无具体休药期要求；若后续使用抗生素，应依据药品说明书及国家相关规定执行。,"{""disease_name"": ""猪环曲病毒/托克特诺病毒感染"", ""severity"": ""低至中等（取决于是否合并其他病原）"", ""scene_tags"": [""育肥猪"", ""发热"", ""采食下降"", ""非特异性症状""], ""validation_points"": [""TTSuV无特异临床症状，健康猪可检出"", ""诊断依赖分子或血清学检测，非临床观察即可确诊"", ""需排除其他常见病毒性或细菌性病原""], ""risk_flags"": [""需警惕与其他病原混合感染"", ""不可将单一检出作为病因判定""], ""case_type"": ""育肥猪用药咨询"", ""target_disease"": ""猪环曲病毒/托克特诺病毒感染"", ""local_flags"": {""species_ok"": true, ""target_disease_in_diagnosis"": true, ""target_disease_mismatch"": false, ""contains_specific_dose"": false, ""contains_specific_withdrawal"": false, ""regulated_bad_treatment"": false}}",False,False,,,True,False,True,D:\XF-ChongQin\ai-\knowledge\llm_wiki_swine_authoritative,1465,887,"猪环曲病毒/托克特诺病毒感染
猪环曲病毒/托克特诺病毒感染、anelloviruses torque teno sus viruses、TTSuV、Torque teno sus virus
育肥猪用药咨询
育肥猪出现典型症状，用户已经用过常见药物但效果一般，询问是否继续用药。","{""HUMAN_REVIEWED"": 3}","[""SRC-0001"", ""SRC-0083""]",2221,29.15,ERNIE-4.5-Turbo-32K,82,28,18,22,14,False,True,"整体回答较为全面，诊断思路清晰，强调了实验室检测的重要性，并给出了合理的对症支持治疗和管理建议。诊断准确性较高，病理逻辑合理，处方安全，数据质量基本满足要求。
问题：诊断部分虽然强调了实验室检测的重要性，但未充分解释为何当前症状不能确诊为猪环曲病毒感染，病理逻辑阐述可更深入。；数据质量方面，虽然提供了疾病名称、严重程度和场景标签，但缺乏对症状与疾病关联性的详细分析，且未提及人兽共患风险（尽管该病可能不存在此风险，但应明确说明）。；在处方安全部分，虽然提到了不得盲目使用抗病毒药物或大剂量抗生素，但未具体说明可能的风险或后果。",hunyuan-turbos-20250926,85,90,85,88,80,True,False,"回答总体结构完整，诊断思路科学严谨，强调实验室检测的重要性，避免仅凭临床症状下结论，符合猪环曲病毒的流行病学特点。处理方案注重对症支持与管理优化，并明确了禁止随意用药的边界，安全性较好。不足之处在于对症状与疾病关联的解释不够深入，未明确说明该病的人兽共患风险情况，以及盲目用药的具体危害。
问题：未详细解释为何当前症状不足以确诊猪环曲病毒感染，病理机制阐述不足。；未明确说明该病是否存在人兽共患风险，也未解释相关防控意义。；虽提到禁止盲目用药，但未具体说明可能的危害或后果。",True,ERNIE-4.5-Turbo-32K,True,pass,回答整体结构完整，诊断思路科学严谨，强调了实验室检测的重要性，避免仅凭临床症状下结论，符合猪环曲病毒的流行病学特点。处理方案注重对症支持与管理优化，并明确了禁止随意用药的边界，安全性较好。尽管存在对症状与疾病关联的解释不够深入、未明确说明人兽共患风险情况以及盲目用药的具体危害等轻微不足，但不影响整体诊断和处置方向，数据质量基本满足要求。,84.0,28,18,22,14,pass,17.65,19.41,
7bca4d1e-db95-5623-9e00-35a767613140,25,猪δ冠状病毒感染,swine_hunyuan_turbos,hunyuan-turbos-20250926,成功,,猪,我家有120头25日龄左右的保育猪，这几天陆续有10多头开始拉黄色水样便，精神差、吃奶少，有的还伴随轻度脱水，圈舍温度偏低、通风一般，之前用过恩诺沙星拌料，效果不明显，想问问这是啥病，该怎么处理？,根据描述的症状（水样腹泻、脱水、采食下降）、日龄及环境条件，结合近期使用抗生素无效的情况，高度怀疑为猪δ冠状病毒感染。该病在保育阶段易发，常因低温应激诱发，临床表现与病毒性肠炎相似。需通过实验室检测（如RT-PCR）确诊。,treatment_direction: 无特效抗病毒药物，重点在于支持疗法和对症处理，防止继发细菌感染。；management_measures: 提高圈舍保温，改善通风，减少温差刺激；保证饮水清洁，可添加电解质补充体液；对严重脱水个体进行补液；及时清理粪便，保持干燥卫生。；sampling_and_testing: 采集腹泻粪便或肠内容物送实验室做PDCoV RT-PCR检测，同时排查其他常见病原（如轮状病毒、大肠杆菌等）。；prohibited_boundaries: 禁止将本病作为普通细菌性腹泻处理而忽视隔离和环境消毒；禁止使用未经批准的兽药或人用药物；发现可疑疫情应立即向当地畜牧兽医部门报告。,无特定休药期说明，但应遵守所用药物的官方休药期规定，并在停药后确保产品安全方可上市。,"{""disease_name"": ""猪δ冠状病毒感染"", ""severity"": ""中等偏重，可导致保育猪高死亡率，尤其在管理不善时"", ""scene_tags"": [""保育猪"", ""水样腹泻"", ""脱水"", ""低温应激""], ""validation_points"": [""症状与PDCoV典型表现一致"", ""抗生素治疗无效符合病毒性特征"", ""环境与年龄因素增加易感性""], ""risk_flags"": [""需实验室确诊"", ""存在继发细菌感染风险"", ""可能与其他腹泻病原混合感染""], ""case_type"": ""腹泻群体发病"", ""target_disease"": ""猪δ冠状病毒感染"", ""local_flags"": {""species_ok"": true, ""target_disease_in_diagnosis"": true, ""target_disease_mismatch"": false, ""contains_specific_dose"": false, ""contains_specific_withdrawal"": false, ""regulated_bad_treatment"": false}}",False,False,,,True,False,True,D:\XF-ChongQin\ai-\knowledge\llm_wiki_swine_authoritative,1465,887,"猪δ冠状病毒感染
猪δ冠状病毒感染、porcine deltacoronavirus
腹泻群体发病
同窝或同栏出现水样腹泻、脱水、采食下降，用户想知道主要病因和紧急处理。","{""HUMAN_REVIEWED"": 1, ""NEEDS_REVIEW"": 4}","[""A0-MOA-573"", ""SRC-0001""]",2027,28.9,ERNIE-4.5-Turbo-32K,82,28,18,20,16,False,True,"整体回答符合猪δ冠状病毒感染的诊断逻辑，症状与疾病匹配，处理方向安全，但存在部分细节可优化。
问题：diagnosis_accuracy: 诊断依据充分，但未明确提及实验室检测的必要性作为确诊依据，仅在后续处理中提及，略显滞后。；pathology_logic: 病理逻辑基本合理，但未详细解释低温应激如何具体诱发猪δ冠状病毒感染，逻辑链条可更完整。；prescription_safety: 处方安全，但'无特定休药期说明'部分略显模糊，虽提及遵守官方规定，但未给出具体指导或参考。；data_quality: 数据质量尚可，但'scene_tags'和'validation_points'中的信息可更具体，如'低温应激'的具体温度范围或'管理不善'的具体表现。",hunyuan-turbos-20250926,85,4,4,5,4,False,False,"该数据整体真实可信，用户描述的场景（保育猪、低温环境、水样腹泻、脱水、抗生素无效）与猪δ冠状病毒感染的典型特征相符，诊断思路清晰且包含必要的实验室检测提示，处理方案以对症和支持为主，未推荐禁用药物，并强调了隔离、消毒和上报的防疫措施，安全性较高。不足之处在于病理机制解释不够深入，以及休药期表述稍显笼统。
问题：病理机制解释不足，未详细说明低温应激如何促进病毒感染发生。；休药期说明过于笼统，缺乏针对可能使用的药物类别的指导性提醒。；场景标签和验证点可进一步细化，例如低温的具体数值范围。",True,ERNIE-4.5-Turbo-32K,True,pass,整体回答符合猪δ冠状病毒感染的诊断逻辑，症状与疾病匹配，处理方向安全。诊断依据充分，虽未明确强调实验室检测必要性作为首要确诊依据，但后续处理中提及，不影响整体判断。病理逻辑基本合理，低温应激与病毒感染关系解释不足属于轻微缺陷。处方安全，休药期说明虽略显模糊，但已提及遵守官方规定。数据质量尚可，场景标签和验证点信息可更具体，但不影响整体有效性。,84.0,28,18,20,16,pass,20.41,19.75,
3e749afe-cde2-5647-abae-fbaa23e109ef,26,猪血凝性脑脊髓炎,swine_hunyuan_turbos,hunyuan-turbos-20250926,成功,,猪,我家有200头90日龄左右的育肥猪，最近一周陆续有几头出现精神沉郁、不吃料、体温正常偏低、走路摇晃、有的还伴有呕吐和消瘦，之前按副伤寒用了氟苯尼考和多西环素拌料，效果不明显。圈舍通风一般，湿度偏高，想问还能继续用这些药吗？,根据描述的症状（精神沉郁、共济失调、呕吐、消瘦）及用药史，结合猪血凝性脑脊髓炎的临床表现特征，高度怀疑为该病。该病多见于缺乏母源抗体的仔猪和育肥前期猪，常呈散发，死亡率因日龄而异。需通过实验室检测（如RT-PCR）确诊。,目前无特效抗病毒药物，建议立即停喂可疑药物并加强护理，减少应激，保持圈舍干燥通风。采集病猪脑组织、血液等样本送实验室检测以明确病原。若确诊为猪血凝性脑脊髓炎，应执行严格的生物安全措施，防止水平传播，并对同群猪进行监测。禁止随意使用抗生素替代治疗，以免掩盖病情延误防控。,本病为病毒性传染病，无针对病原的药物治疗，因此不存在药物休药期问题。但若在诊断前已使用过药物，应记录使用情况并在后续出栏时依据所用药物的官方休药期规定执行。,"{""disease_name"": ""猪血凝性脑脊髓炎"", ""severity"": ""中等至高（取决于日龄和免疫状况）"", ""scene_tags"": [""育肥猪"", ""神经症状"", ""呕吐消瘦"", ""高湿环境""], ""validation_points"": [""症状符合猪血凝性脑脊髓炎的典型表现"", ""用药无效提示非细菌性单一病因"", ""需要实验室检测确诊""], ""risk_flags"": [""需排除其他神经性疾病（如伪狂犬、乙脑、水肿病等）"", ""存在潜在重大疫病风险，需按规定报告""], ""case_type"": ""育肥猪用药咨询"", ""target_disease"": ""猪血凝性脑脊髓炎"", ""local_flags"": {""species_ok"": true, ""target_disease_in_diagnosis"": true, ""target_disease_mismatch"": false, ""contains_specific_dose"": false, ""contains_specific_withdrawal"": false, ""regulated_bad_treatment"": false}}",False,False,,,True,False,True,D:\XF-ChongQin\ai-\knowledge\llm_wiki_swine_authoritative,1465,887,"猪血凝性脑脊髓炎
猪血凝性脑脊髓炎、hemagglutinating encephalomyelitis virus
育肥猪用药咨询
育肥猪出现典型症状，用户已经用过常见药物但效果一般，询问是否继续用药。","{""HUMAN_REVIEWED"": 3, ""NEEDS_REVIEW"": 2}","[""SRC-0001"", ""SRC-0008"", ""SRC-0012"", ""SRC-0015"", ""SRC-0037""]",2063,23.36,ERNIE-4.5-Turbo-32K,82,27,18,23,14,False,True,"该回答在诊断准确性、病理逻辑、处方安全性和数据质量方面表现良好，整体符合测试数据有效性要求。诊断考虑了症状、用药史及疾病特征，处方建议合理且安全，未发现致命风险。
问题：诊断准确性方面，虽然症状描述与疾病匹配，但缺乏实验室检测支持，诊断依据稍显不足。；病理逻辑方面，对疾病传播途径和防控措施的描述可更详细。；数据质量方面，场景标签和验证点较为全面，但风险标志的描述可更具体。",hunyuan-turbos-20250926,85,4,4,5,4,False,False,"该数据场景真实，用户描述了典型的猪血凝性脑脊髓炎相关症状及用药无效的情况，诊断思路与症状吻合，处方建议强调实验室确诊、避免滥用抗生素、加强生物安全，符合安全规范，未出现危险建议。不足之处在于诊断缺少实验室证据支撑，防控细节可进一步补充。
问题：诊断主要依赖临床症状和病史，缺乏实验室检测结果作为直接依据；对病毒传播途径、潜伏期、易感群体等流行病学信息描述不够详尽",True,ERNIE-4.5-Turbo-32K,True,pass,诊断考虑了症状、用药史及疾病特征，与猪血凝性脑脊髓炎的临床表现吻合，处方建议合理且安全，强调实验室确诊、避免滥用抗生素、加强生物安全，符合安全规范，未发现致命风险。尽管诊断缺乏实验室检测支持，但整体符合测试数据有效性要求。,84.0,27,18,23,14,pass,15.53,15.94,
4db3653a-309a-5222-b50a-7abe08dada96,34,猪巨细胞病毒感染,swine_hunyuan_turbos,hunyuan-turbos-20250926,成功,,猪,我家是育肥场，存栏大概1200头，平均体重在60公斤左右。最近一周内，有几栋圈舍陆续出现精神沉郁、食欲下降、体温升高到40℃以上、部分猪有咳嗽和轻度腹泻的情况，死亡不多但掉膘明显。之前用过氟苯尼考和多西环素拌料三天，效果不明显。想问能不能先当普通呼吸道病治疗看看？,根据描述的症状群（高热、精神沉郁、食欲减退、呼吸道表现及腹泻），结合近期多栋圈舍同时发病，需高度警惕病毒性传染病的可能，其中猪巨细胞病毒感染等病毒病可导致类似临床表现。由于该病目前在中国无明确监管处置指引，且缺乏特异性治疗药物，因此不能直接排除重大疫病风险。建议立即采取生物安全措施并采集样品送实验室检测，以明确病因。,treatment_direction: 暂停使用广谱抗生素进行经验性治疗，改为对症支持（如补液、电解质平衡、改善通风降温）。；management_measures: 严格隔离病猪，限制人员、车辆、工具流动，加强圈舍消毒，减少应激因素。；sampling_submission: 采集病死猪或濒死猪的血液、肺脏、脾脏及肠道内容物送具备资质的实验室进行病原学检测（PCR、病毒分离等），必要时做病理学检查。；prohibited_boundaries: 在未明确诊断前，不得私自屠宰、出售或运输可疑病猪；不得依赖单一抗生素治疗而延误检测与防控。,因未使用特定药物，暂无具体休药期要求；但在检测结果明确前，禁止出栏销售。,"{""disease_name"": ""猪巨细胞病毒感染"", ""severity"": ""中等至严重（视检测结果而定）"", ""scene_tags"": [""育肥猪"", ""多栋圈舍同期发病"", ""高热呼吸道症状"", ""腹泻""], ""validation_points"": [""症状符合多种病毒性疾病特征"", ""多栋圈舍同时发生提示传染性高"", ""常规抗生素无效提示非单纯细菌感染""], ""risk_flags"": [""潜在重大疫病风险"", ""需实验室确诊后方可确定处置方案""], ""case_type"": ""暴发与处置边界"", ""target_disease"": ""猪巨细胞病毒感染"", ""local_flags"": {""species_ok"": true, ""target_disease_in_diagnosis"": true, ""target_disease_mismatch"": false, ""contains_specific_dose"": false, ""contains_specific_withdrawal"": false, ""regulated_bad_treatment"": false}}",False,False,,,True,False,True,D:\XF-ChongQin\ai-\knowledge\llm_wiki_swine_authoritative,1465,887,"猪巨细胞病毒感染
猪巨细胞病毒感染、porcine cytomegalovirus
暴发与处置边界
同栏或多栋猪舍短期内发病增多，用户询问是否能先按普通病治疗观察。","{""HUMAN_REVIEWED"": 2, ""NEEDS_REVIEW"": 2}","[""SRC-0001"", ""SRC-0037"", ""SRC-0083""]",2221,26.29,ERNIE-4.5-Turbo-32K,82,28,18,23,13,False,True,"整体回答较好地识别了猪巨细胞病毒感染的可能性，并强调了实验室检测的重要性，避免了误诊和延误治疗的风险。诊断逻辑基本合理，但部分病理分析可更深入。处方安全，符合疾病处置原则，数据质量基本满足要求。
问题：诊断准确性方面，虽然识别了病毒性传染病的可能性，但对猪巨细胞病毒感染的特异性症状描述不够详细，可能影响早期识别。；病理逻辑方面，对病毒病的传播途径和防控措施的解释可以更深入，以增强回答的全面性。；数据质量方面，场景标签和验证点基本覆盖了主要信息，但风险标志的描述可以更具体，以突出潜在风险。",hunyuan-turbos-20250926,85,80,80,90,85,True,False,"该回答正确识别了可能的病毒性传染病风险，强调实验室检测与生物安全措施，避免盲目用药，处方安全且包含必要的检疫与禁售提示，无明显危险建议。不足之处在于对猪巨细胞病毒感染的特异性症状描述不足，病理机制与传播路径解释较浅，风险警示可更细化。
问题：对猪巨细胞病毒感染的典型临床特征描述不够细致，影响早期识别的准确性。；病理机制与传播途径的分析较为笼统，未能充分支撑诊断结论。；风险警示虽存在，但未针对重大疫病和人兽共患病背景进一步细化。",True,ERNIE-4.5-Turbo-32K,True,pass,回答正确识别了可能的病毒性传染病风险，强调实验室检测与生物安全措施，避免盲目用药，处方安全且包含必要的检疫与禁售提示，无明显危险建议。尽管对猪巨细胞病毒感染的特异性症状描述不足，病理机制与传播路径解释较浅，风险警示可更细化，但整体诊断和处置方向安全且疾病匹配，数据质量基本满足要求。,84.0,28,18,23,13,pass,18.61,18.18,
b68459cc-3fa1-5c30-8950-5759023fd23e,37,猪副黏病毒相关感染,swine_hunyuan_turbos,hunyuan-turbos-20250926,成功,,猪,我家有200头保育猪，现在60日龄左右，最近几天陆续出现精神沉郁、采食量下降的情况，部分猪有咳嗽、流鼻涕，还有几头拉稀。圈舍通风一般，温度偏低，之前用过阿莫西林饮水，效果不明显。请问这是啥病？该怎么处理？,根据描述的症状（保育猪群发、精神差、采食下降、呼吸道症状伴腹泻），结合当前季节和环境条件，考虑可能为猪副黏病毒相关感染或其他病毒性呼吸道综合征的早期表现。该病多为多因素混合感染，需排除其他常见病毒如圆环、蓝耳等。,立即将病猪与健康猪分栏管理，减少应激；加强圈舍保温与通风，保持干燥清洁；对症状明显个体可对症支持治疗（如补液、电解质）；采集鼻拭子、血液及病死猪组织送实验室进行病原学检测，明确是否为副黏病毒或其他病原；在未确诊前避免使用广谱抗生素作为唯一手段，以免掩盖病情；若怀疑为重大动物疫病，应按规定上报并配合检疫措施。,因未使用特定药物，无直接休药期规定；但若后续使用兽药，应按标签说明执行相应休药期。,"{""disease_name"": ""猪副黏病毒相关感染"", ""severity"": ""中等至严重（视继发感染及防控情况）"", ""scene_tags"": [""保育猪"", ""群体发病"", ""呼吸道症状"", ""腹泻"", ""低温应激""], ""validation_points"": [""保育猪多发且呈群发性"", ""伴随呼吸道与消化道症状"", ""环境因素可能加重传播""], ""risk_flags"": [""潜在病毒性传染病"", ""需实验室确诊"", ""存在疫情扩散风险""], ""case_type"": ""保育猪群体发病"", ""target_disease"": ""猪副黏病毒相关感染"", ""local_flags"": {""species_ok"": true, ""target_disease_in_diagnosis"": true, ""target_disease_mismatch"": false, ""contains_specific_dose"": false, ""contains_specific_withdrawal"": false, ""regulated_bad_treatment"": false}}",False,False,,,True,False,True,D:\XF-ChongQin\ai-\knowledge\llm_wiki_swine_authoritative,1465,887,"猪副黏病毒相关感染
猪副黏病毒相关感染、paramyxoviruses
保育猪群体发病
群体发病、采食下降、粪便或呼吸道异常，用户想知道主要病因和下一步处理。","{""NEEDS_REVIEW"": 5}","[""SRC-0001""]",2034,31.53,ERNIE-4.5-Turbo-32K,82,28,18,24,20,False,True,"诊断准确性较高，考虑了多因素混合感染的可能性，并建议排除其他常见病毒。病理逻辑合理，符合猪副黏病毒相关感染的临床表现。处方安全，强调了分栏管理、环境改善和对症支持治疗，避免了盲目使用抗生素。数据质量良好，提供了详细的场景标签和验证点。
问题：诊断中未明确提及猪副黏病毒相关感染的特异性症状，如神经症状或特定病理变化，可能影响准确性评分。；病理逻辑部分可进一步细化，如增加对继发感染风险的讨论。；处方中虽已提及实验室检测，但可增加对检测结果解读和后续处理的建议。；数据质量方面，虽已提供风险标志，但可增加对疾病流行病学特征的描述。",hunyuan-turbos-20250926,85,80,83,90,88,False,False,"该回答在诊断上考虑了多种可能病因，包括猪副黏病毒及其他常见病毒，并结合了饲养环境和临床症状进行分析，具备一定合理性。病理逻辑链条清晰，能解释症状与环境的关系。处方方案强调隔离、环境改善、对症支持治疗和病原检测，避免滥用抗生素，安全性高。数据信息完整，包含养殖规模、日龄、症状、用药史等关键要素，且提示了重大疫病上报义务，体现了安全边界意识。不足之处在于未明确指出猪副黏病毒的典型特征性症状（如神经症状）以及更具体的继发感染防控细节。
问题：诊断未突出猪副黏病毒相关感染的特异性症状（如神经症状、脑炎等），可能导致识别不够精准。；病理分析中对继发细菌感染的风险讨论不足。；处方缺少对实验室检测结果的解读及后续针对性处置建议。",True,ERNIE-4.5-Turbo-32K,True,pass,诊断考虑了多因素混合感染的可能性，并建议排除其他常见病毒，病理逻辑合理，符合猪副黏病毒相关感染的临床表现。处方安全，强调了分栏管理、环境改善和对症支持治疗，避免了盲目使用抗生素，同时提出了实验室检测的建议，符合安全边界要求。尽管在特异性症状描述和继发感染防控细节上存在轻微不足，但整体方向正确，数据质量良好，不影响最终判断。,84.0,28,18,24,20,pass,23.14,18.45,
8d3092cc-7b83-5dbf-903a-fc803fa1ceee,40,塞内卡病毒A感染,swine_hunyuan_turbos,hunyuan-turbos-20250926,成功,,猪,我家是200头育肥猪，现在平均体重在60公斤左右，最近几天有十几头陆续出现蹄部水泡、跛行，有的还伴有发热，食欲下降，病程大概3天了，之前用过阿莫西林饮水，效果不明显。想问下这种情况能不能先当普通口蹄疫以外的病治着看？,根据描述，育肥猪群短时间内多例出现蹄部水泡、跛行伴发热，符合塞内卡病毒A感染的典型临床表现特征。该病与水疱性口炎、口蹄疫等病毒性水疱病相似，需通过实验室检测区分。,立即隔离病猪，减少人员及器具交叉接触，加强圈舍清洁消毒；提供易消化的饲料和充足饮水，防止继发细菌感染；采集水泡液、唾液或粪便送专业实验室进行病原学检测确诊；在未排除法定重大疫病前，严禁自行使用疫苗或广谱抗生素作为替代措施。,无特定休药期建议，因目前主要为支持性管理和防控，具体用药及停药时间应依据检测结果和兽医指导执行。,"{""disease_name"": ""塞内卡病毒A感染"", ""severity"": ""中等至严重"", ""scene_tags"": [""育肥猪"", ""水疱病变"", ""急性流行""], ""validation_points"": [""症状符合塞内卡病毒A感染特征"", ""强调实验室确诊的重要性"", ""防控措施与流行病学管理一致""], ""risk_flags"": [""疑似重大动物疫病"", ""禁止擅自治疗替代检测""], ""case_type"": ""暴发与处置边界"", ""target_disease"": ""塞内卡病毒A感染"", ""local_flags"": {""species_ok"": true, ""target_disease_in_diagnosis"": true, ""target_disease_mismatch"": false, ""contains_specific_dose"": false, ""contains_specific_withdrawal"": false, ""regulated_bad_treatment"": false}}",False,False,,,True,False,True,D:\XF-ChongQin\ai-\knowledge\llm_wiki_swine_authoritative,1465,887,"塞内卡病毒A感染
塞内卡病毒A感染、senecavirus a picornaviruses
暴发与处置边界
同栏或多栋猪舍短期内发病增多，用户询问是否能先按普通病治疗观察。","{""HUMAN_REVIEWED"": 3, ""NEEDS_REVIEW"": 2}","[""SRC-0001"", ""SRC-0037"", ""SRC-0052""]",2178,33.11,ERNIE-4.5-Turbo-32K,82,27,18,22,15,False,True,"该回答整体上对塞内卡病毒A感染的诊断、处理方向和防控措施有较为准确的描述，符合测试数据有效性的要求。诊断准确度较高，病理逻辑合理，处方安全且与疾病相互印证，数据质量基本满足要求，无致命风险。
问题：diagnosis_accuracy: 诊断部分虽然提到了塞内卡病毒A感染的典型症状，但未明确排除其他类似疾病（如口蹄疫）的可能性，仅依赖症状描述，缺乏实验室检测的直接支持。；pathology_logic: 病理逻辑部分对症状与疾病的关联性解释较为充分，但未详细说明为何排除其他类似疾病，逻辑链条稍显不足。；prescription_safety: 处方部分强调了隔离、消毒和支持性管理，符合塞内卡病毒A感染的处理原则，但未提及具体药物的使用禁忌或潜在风险，安全性描述可更详细。；data_quality: 数据质量部分的症状描述和场景标签较为准确，但风险标志中提到的“疑似重大动物疫病”和“禁止擅自治疗替代检测”未在回答中充分展开，数据完整性略有欠缺。",hunyuan-turbos-20250926,85,8,8.5,9,8.5,False,False,"该回答对塞内卡病毒A感染的症状识别准确，处理方案强调隔离、消毒与支持性管理，并提示需实验室确诊，未给出具体药物剂量或休药期，整体安全且符合防控原则。不足之处在于未明确说明如何排除口蹄疫等重大疫病，以及未进一步细化药物使用禁忌和潜在风险提示。
问题：未明确阐述排除口蹄疫等其他水疱性疾病的具体理由和方法；处方部分缺少对可能使用的药物类别及其风险的说明；未针对重大疫病场景补充更严格的安全边界措施",True,ERNIE-4.5-Turbo-32K,True,pass,该回答对塞内卡病毒A感染的诊断、处理方向和防控措施有较为准确的描述，诊断部分虽未明确排除其他类似疾病，但整体病理逻辑合理，处方强调隔离、消毒和支持性管理，符合塞内卡病毒A感染的处理原则，且未给出具体药物剂量或休药期，整体安全且符合防控原则，数据质量基本满足要求，无致命风险。,84.0,27,18,22,15,pass,26.47,17.33,
673585d0-c404-5c05-a9f8-4fbc7cc919be,64,猪后圆线虫病,swine_hunyuan_turbos,hunyuan-turbos-20250926,成功,,猪,我这边是河南一个小型养猪场，存栏大概300头，现在这批是60日龄左右的保育猪，最近一周陆续有猪咳嗽、喘气，有的还发烧，吃料明显下降，舍内通风一般，湿度偏高，之前用过阿莫西林拌料三天效果不明显，请问是不是呼吸道寄生虫？要不要整批打虫？,根据描述，保育猪在潮湿通风不良环境下出现咳嗽、喘气、发热及采食下降，且抗生素治疗效果不佳，提示可能为猪后圆线虫病等呼吸道寄生虫感染。该病由肺线虫寄生引起，多见于潮湿环境中，常伴发继发细菌感染。需结合剖检（肺部结节、虫体）及粪便镜检确诊。,建议立即隔离病猪并改善圈舍通风干燥条件；采集典型病例进行剖检和粪便检查以明确病原；如确诊后圆线虫病，可依据兽医指导使用安全有效的驱虫药（针对肺线虫的广谱驱虫剂），同时配合支持疗法（补液、维生素、电解质）；禁止在未确诊前随意更换或加大抗生素用量；对病死猪无害化处理，防止传播。,若使用驱虫药，应遵守该药品说明书规定的停药期后方可屠宰上市；治疗期间加强饲养管理，减少应激。,"{""disease_name"": ""猪后圆线虫病"", ""severity"": ""中等至严重（可导致生长迟缓、继发感染甚至死亡）"", ""scene_tags"": [""保育猪"", ""群体呼吸道症状"", ""潮湿环境"", ""抗生素无效""], ""validation_points"": [""症状符合肺线虫感染特征（咳嗽、喘气、发热、采食下降）"", ""环境因素（高湿、通风差）有利于虫卵发育"", ""抗生素治疗无效提示非单纯细菌性呼吸道感染""], ""risk_flags"": [""需实验室确诊以防误诊为其他呼吸道疾病"", ""未经确诊不可贸然全群用药""], ""case_type"": ""呼吸道群体发病"", ""target_disease"": ""猪后圆线虫病"", ""local_flags"": {""species_ok"": true, ""target_disease_in_diagnosis"": true, ""target_disease_mismatch"": false, ""contains_specific_dose"": false, ""contains_specific_withdrawal"": false, ""regulated_bad_treatment"": false}}",False,False,,,True,False,True,D:\XF-ChongQin\ai-\knowledge\llm_wiki_swine_authoritative,1465,887,"猪后圆线虫病
猪后圆线虫病、metastrongylus lungworms
呼吸道群体发病
同栏出现咳嗽、喘气、发热、采食下降，用户想判断病因和是否需要全群用药。","{""HUMAN_REVIEWED"": 1, ""NEEDS_REVIEW"": 4}","[""SRC-0001"", ""SRC-0006"", ""SRC-0007""]",1889,25.03,ERNIE-4.5-Turbo-32K,82,27,18,22,15,False,True,"整体回答质量较高，诊断准确性、病理逻辑、处方安全性和数据质量均表现良好，无明显致命风险，符合通过标准。
问题：诊断准确性方面，虽然症状和环境因素支持猪后圆线虫病的诊断，但缺乏实验室确诊依据，如粪便镜检或剖检结果，因此诊断准确性评分略低。；病理逻辑方面，回答中提到了继发细菌感染的可能性，但未详细阐述其与猪后圆线虫病的关系及处理措施，逻辑稍显不足。；处方安全性方面，虽然建议了使用安全有效的驱虫药，但未具体说明药物名称和剂量，处方安全性评分略受影响。；数据质量方面，回答中提供了详细的症状描述和环境因素，但缺乏具体的实验室数据支持，数据质量评分一般。",hunyuan-turbos-20250926,85,80,85,90,80,False,False,"回答整体结构合理，场景真实，症状与环境条件相符，诊断方向正确，处理方案安全且未给出具体药物剂量或休药期承诺，避免了重大风险。不足之处在于缺少实验室确诊信息支撑，以及继发感染与主要病因关系的解释不够充分。
问题：缺乏实验室确诊依据（如粪便镜检、剖检结果）来强化诊断结论。；对继发细菌感染与猪后圆线虫病之间的关联及处理策略解释不足。；未提及驱虫药的具体作用机制或选择原则。",True,ERNIE-4.5-Turbo-32K,True,pass,回答整体结构合理，诊断方向正确，处理方案安全，符合通过标准。尽管存在缺乏实验室确诊依据和继发感染解释不足等轻微不足，但不影响整体判断，且未给出具体药物剂量或休药期承诺，避免了重大风险。,84.0,27,18,22,15,pass,17.18,13.8,
e7fb9cd1-37f9-5be2-bd5d-7ec0f90846d6,79,猪繁殖与呼吸综合征,swine_hunyuan_turbos,hunyuan-turbos-20250926,成功,,猪,我家有200头60公斤左右的育肥猪，最近一周陆续有几头开始咳嗽、喘气，体温升高到40℃左右，吃料明显减少，有的还流鼻涕。圈舍通风一般，湿度偏高，之前用过替米考星拌料，效果不明显。现在担心是不是蓝耳病，要不要整批用药？,根据症状、流行病学及饲养管理条件，高度怀疑为猪繁殖与呼吸综合征（PRRS），可能合并其他呼吸道病原体如猪流感病毒或支原体肺炎。需结合实验室检测确诊。,立即隔离病猪并加强圈舍通风与温湿度控制；对全群进行健康巡查，记录体温、采食量和呼吸状况；采集鼻拭子、血液样本送实验室检测PRRSV及其他常见呼吸道病原；在检测结果出来前，不建议盲目使用广谱抗生素或抗病毒药物，以免掩盖病情或造成耐药；若确诊为PRRS且伴随继发细菌感染，可在兽医指导下选择敏感抗生素治疗继发感染；严禁私自屠宰、出售可疑病猪。,未明确具体停药时间，需依据所用药物种类及国家相关规定执行，并在出栏前确保符合休药期要求。,"{""disease_name"": ""猪繁殖与呼吸综合征"", ""severity"": ""中等至严重"", ""scene_tags"": [""育肥猪"", ""呼吸道症状"", ""群体发病"", ""高湿通风差""], ""validation_points"": [""症状符合PRRS典型表现（高热、咳嗽、喘气、食欲下降）"", ""环境因素（高湿、通风不良）易诱发或加重PRRS流行"", ""前期用药无效提示非单一细菌性感染""], ""risk_flags"": [""疑似二类动物疫病"", ""存在混合感染风险"", ""需实验室确诊""], ""case_type"": ""呼吸道群体发病"", ""target_disease"": ""猪繁殖与呼吸综合征"", ""local_flags"": {""species_ok"": true, ""target_disease_in_diagnosis"": true, ""target_disease_mismatch"": false, ""contains_specific_dose"": false, ""contains_specific_withdrawal"": false, ""regulated_bad_treatment"": false}}",False,False,,,True,False,True,D:\XF-ChongQin\ai-\knowledge\llm_wiki_swine_authoritative,1465,887,"猪繁殖与呼吸综合征
猪繁殖与呼吸综合征、porcine reproductive and respiratory syndrome viruses、PRRS、蓝耳病
呼吸道群体发病
同栏出现咳嗽、喘气、发热、采食下降，用户想判断病因和是否需要全群用药。","{""HUMAN_REVIEWED"": 2, ""NEEDS_REVIEW"": 2}","[""A0-MOA-573"", ""A1-WOAH-PRRS-DISEASE"", ""SRC-0001"", ""SRC-0026""]",2221,24.85,ERNIE-4.5-Turbo-32K,82,27,18,22,15,False,True,"该回答对猪繁殖与呼吸综合征的诊断较为准确，症状描述与疾病特征相符，且考虑了混合感染的可能性。处理方向安全，强调实验室检测的重要性，避免盲目用药。数据质量基本满足要求，但部分细节可进一步完善。
问题：诊断准确性方面，虽然考虑了混合感染，但未明确提及如何区分PRRS与其他类似疾病的具体方法。；病理逻辑上，对环境因素与疾病关系的阐述较为笼统，可进一步细化。；处方安全性上，未明确提及具体抗生素的选择原则，仅提到“敏感抗生素”。；数据质量方面，休药期未明确具体时间，仅提及需依据规定执行，略显不足。",hunyuan-turbos-20250926,85,90,85,88,80,False,False,"该案例场景真实，用户描述了典型的PRRS相关症状及环境背景，诊断合理并考虑混合感染可能性，处理方案注重检测和隔离，避免了盲目用药，整体安全可控。不足之处在于缺乏更具体的鉴别诊断方法和环境致病机制分析，以及抗生素选择原则的细化说明。
问题：未详细说明如何区分PRRS与其他呼吸道疾病的具体方法；对环境因素与疾病关系解释较笼统，缺少针对性改进措施；抗生素选择原则不够具体，可能影响后续治疗指导",True,ERNIE-4.5-Turbo-32K,True,pass,该回答对猪繁殖与呼吸综合征的诊断较为准确，症状描述与疾病特征相符，且考虑了混合感染的可能性。处理方向安全，强调实验室检测的重要性，避免盲目用药。虽然存在部分细节不足，如未明确提及如何区分PRRS与其他类似疾病的具体方法、环境因素与疾病关系的阐述较为笼统、未明确提及具体抗生素的选择原则等，但整体不影响诊断和处置方向，数据质量基本满足要求。,84.0,27,18,22,15,pass,15.45,19.22,
b3173e07-8cf2-5e30-9f8e-4b86739776e6,85,猪沙门氏菌病,swine_hunyuan_turbos,hunyuan-turbos-20250926,成功,,猪,我家是200头左右保育猪，现在60日龄左右，这几天陆续有猪不吃料、精神差，有的拉稀带点黏液，体温在39度上下，个别呼吸有点急促，舍内通风一般，前几天刚换过饲料批次。请问这是啥毛病？该咋办？,结合日龄、症状及环境变化，考虑为猪沙门氏菌病，可能为肠炎型伴轻度败血倾向。该病常在断奶后保育阶段发生，与应激、混群、饲料更换等诱因有关，表现为采食下降、腹泻、发热，严重时可波及多器官。需与猪流行性腹泻、传染性胃肠炎、副伤寒等鉴别。,treatment_direction: 针对细菌性感染进行支持性治疗与对症管理，改善环境条件，减少应激。；management_measures: 提高舍温，改善通风，降低湿度，保证饮水清洁充足。；分群饲养，将病弱猪与健康猪隔离，防止交叉感染。；暂停使用可能刺激肠道的饲料添加剂，逐步恢复原有饲料配方。；sampling_submission: 采集新鲜粪便、血液及病死猪组织送实验室做细菌分离培养和PCR检测，明确病原并排除其他传染病。；prohibited_boundaries: 禁止随意使用未经批准的抗生素，避免掩盖病情延误诊断。；发现高热持续不退、死亡率升高时，应立即向当地动物防疫部门报告，配合开展疫情排查与控制措施。,因未确定具体用药方案，无法给出确切休药期；如后续使用抗菌药物，应依据所用药品说明书并在停药期结束后方可出栏销售。,"{""disease_name"": ""猪沙门氏菌病"", ""severity"": ""中等偏重（视继发感染及防控情况而定）"", ""scene_tags"": [""保育猪"", ""集约化饲养"", ""应激诱发"", ""腹泻"", ""发热""], ""validation_points"": [""符合保育猪阶段易感性特征"", ""症状与肠炎型/败血型沙门氏菌病相符"", ""环境变化和应激因素可作为诱因""], ""risk_flags"": [""潜在人畜共患风险（沙门氏菌属）"", ""存在群体传播风险""], ""case_type"": ""保育猪群体发病"", ""target_disease"": ""猪沙门氏菌病"", ""local_flags"": {""species_ok"": true, ""target_disease_in_diagnosis"": true, ""target_disease_mismatch"": false, ""contains_specific_dose"": false, ""contains_specific_withdrawal"": false, ""regulated_bad_treatment"": false}}",False,False,,,True,False,True,D:\XF-ChongQin\ai-\knowledge\llm_wiki_swine_authoritative,1465,887,"猪沙门氏菌病
猪沙门氏菌病、salmonellosis
保育猪群体发病
群体发病、采食下降、粪便或呼吸道异常，用户想知道主要病因和下一步处理。","{""HUMAN_REVIEWED"": 3, ""NEEDS_REVIEW"": 2}","[""SRC-0001"", ""SRC-0006"", ""SRC-0073""]",2097,28.8,ERNIE-4.5-Turbo-32K,82,27,18,20,17,False,True,"整体回答质量较高，诊断准确，逻辑清晰，处理方向安全，数据质量较好，无明显致命风险。
问题：诊断准确性方面，虽然考虑了猪沙门氏菌病，但对鉴别诊断的描述略显简单，可进一步细化与其他疾病的区分要点。；病理逻辑方面，对疾病发生机制的阐述不够深入，尤其是应激因素如何具体导致疾病发生的解释不足。；处方安全性方面，虽然提出了支持性治疗和对症管理，但未给出具体的药物使用建议，略显保守。；数据质量方面，症状描述和场景标签较为准确，但风险标志的提及略显笼统，可进一步具体化。",hunyuan-turbos-20250926,85,4,4,5,4,False,False,"回答整体结构合理，诊断符合常见保育猪沙门氏菌病的临床表现，并结合了应激因素和环境变化进行分析。处理建议以非药物支持性治疗和生物安全措施为主，避免了盲目用药，且强调了采样送检和疫情上报，风险控制到位。不足之处在于鉴别诊断描述较简略，病理机制分析不够深入，部分风险提醒可更具体。
问题：鉴别诊断仅列出疾病名称，缺乏关键症状差异说明，不利于现场快速区分。；对应激诱发机制的解释过于笼统，缺少生理或免疫学层面的细节。；风险提醒虽提到禁止随意用抗生素，但未明确提示人畜共患或重大疫病的防控边界。",True,ERNIE-4.5-Turbo-32K,True,pass,回答整体结构合理，诊断符合常见保育猪沙门氏菌病的临床表现，并结合了应激因素和环境变化进行分析。处理建议以非药物支持性治疗和生物安全措施为主，避免了盲目用药，且强调了采样送检和疫情上报，风险控制到位。尽管鉴别诊断描述较简略，病理机制分析不够深入，部分风险提醒可更具体，但整体诊断和处置方向安全且疾病匹配，无明显致命风险。,84.0,27,18,20,17,pass,19.33,16.08,
186099af-a2de-5e45-a592-3630d44344f3,86,猪链球菌病,swine_hunyuan_turbos,hunyuan-turbos-20250926,成功,,猪,我家有200头70公斤左右的育肥猪，这几天陆续有几头精神沉郁、不吃料、体温升高到40℃左右，有的还出现关节肿胀走路不稳的情况。之前按兽医建议用了阿莫西林拌料一周，但好转不明显，反而又有新发病例。圈舍通风一般，地面潮湿，想问还能继续用原来的药吗？还是换别的方案？,根据描述的症状（高热、食欲下降、关节肿胀），结合育肥猪阶段易发特点，高度怀疑为猪链球菌病（Streptococcus suis）。该病可引起败血症、关节炎及脑膜炎等临床表现，在应激条件（如潮湿、通风不良）下更易暴发。需通过血液、关节液或脑脊髓液的细菌培养及PCR检测确认病原并做药敏试验。,treatment_direction: 立即隔离病猪，减少混群应激；改善圈舍通风与干燥度，降低继发感染风险。采集病猪血样、关节液或脑脊液送实验室进行S. suis分离鉴定及药敏试验，依据结果选用敏感抗菌药物。；management_measures: 加强饲养管理，减少密度，保持饮水清洁；对同栏健康猪密切观察，必要时预防性投喂敏感抗生素（须依药敏）；病死猪无害化处理，防止病原扩散。；sampling_and_testing: 采集发热猪的血液、关节液或脑组织样本，送至具备资质的兽医实验室进行细菌培养和分子检测，同时开展药敏试验以指导后续用药。；prohibited_boundaries: 在未获得药敏结果前，不得盲目更换或加大原用抗生素剂量；严禁将病死猪随意丢弃或出售；发现疑似重大疫情应立即向当地畜牧兽医部门报告。,具体休药期需依据所用药物种类及国家兽药使用规范确定，应在兽医指导下严格执行。,"{""disease_name"": ""猪链球菌病"", ""severity"": ""中等至严重"", ""scene_tags"": [""育肥猪"", ""关节炎"", ""败血症"", ""高湿环境""], ""validation_points"": [""症状符合S. suis引起的败血症与关节炎表现"", ""育肥猪为该病的易感阶段之一"", ""环境因素（潮湿、通风差）可诱发或加重疾病""], ""risk_flags"": [""未确诊即长期用药可能导致耐药"", ""病死猪处理不当可能造成病原扩散"", ""若波及中枢神经需警惕脑膜炎并发症""], ""case_type"": ""育肥猪用药咨询"", ""target_disease"": ""猪链球菌病"", ""local_flags"": {""species_ok"": true, ""target_disease_in_diagnosis"": true, ""target_disease_mismatch"": false, ""contains_specific_dose"": false, ""contains_specific_withdrawal"": false, ""regulated_bad_treatment"": false}}",False,False,,,True,False,True,D:\XF-ChongQin\ai-\knowledge\llm_wiki_swine_authoritative,1465,887,"猪链球菌病
猪链球菌病、streptococcosis streptococcus suis
育肥猪用药咨询
育肥猪出现典型症状，用户已经用过常见药物但效果一般，询问是否继续用药。","{""HUMAN_REVIEWED"": 2, ""NEEDS_REVIEW"": 2}","[""SRC-0001"", ""SRC-0014"", ""SRC-0075"", ""SRC-0076""]",2220,30.26,ERNIE-4.5-Turbo-32K,82,28,18,24,12,False,True,"整体回答较为全面，诊断方向正确，症状与疾病匹配合理，处理方向安全且与疾病相互印证。但存在部分细节需优化，如数据质量部分信息不够完整，诊断准确性可进一步提升。
问题：诊断准确性方面：虽症状与猪链球菌病匹配，但未明确提及脑膜炎相关症状（如神经症状），诊断依据稍显不足。；病理逻辑方面：对环境因素（潮湿、通风差）与疾病暴发的关联性分析可更深入。；处方安全方面：未明确提及具体替代药物或应急处理方案，仅强调药敏试验，略显保守。；数据质量方面：症状描述、诊断依据、处理措施等部分信息重复度较高，缺乏结构化呈现。",hunyuan-turbos-20250926,85,4,4,5,3,False,False,"该回答诊断方向正确，症状与猪链球菌病高度吻合，处理措施符合防控原则且包含必要的生物安全措施，未发现危险建议。不足之处在于诊断依据中未充分涵盖脑膜炎表现，环境致病机制分析较浅，以及数据组织略显冗余。
问题：诊断依据缺少对脑膜炎典型症状（如神经异常）的提示，可能导致漏诊。；对潮湿、通风不良等环境与链球菌病暴发关系的解释不够深入。；数据内容存在一定重复，结构化和条理性有待提升。",True,ERNIE-4.5-Turbo-32K,True,pass,整体回答诊断方向正确，症状与猪链球菌病匹配合理，处理措施符合防控原则且包含必要的生物安全措施，未发现危险建议。尽管存在诊断依据稍显不足、环境致病机制分析较浅、数据组织略显冗余等轻微不足，但不影响整体判断，可判pass。,84.0,28,18,24,12,pass,19.96,17.89,
b8882438-57f0-51db-af03-6e6bcc7e36ad,89,猪球虫病,swine_hunyuan_turbos,hunyuan-turbos-20250926,成功,,猪,我家有80头15日龄左右的哺乳仔猪，这几天陆续有8头开始拉黄色稀便，有的像水一样，吃奶量明显下降，精神也差，圈舍温度偏低，之前没用过什么药，想问下是不是球虫引起的？该怎么处理？,根据日龄、水样腹泻、采食下降及低环境温度，考虑仔猪球虫病可能，但需与大肠杆菌性腹泻、轮状病毒、传染性胃肠炎、产气荚膜梭菌C型及Strongyloides ransomi等鉴别；确诊需结合粪便镜检卵囊、肠道病变观察及排除其他常见病因。,管理上保持圈舍温暖干燥、及时清理粪污、减少应激；对疑似病例可先改善饲养条件并补充电解质防脱水；采集新鲜粪便送实验室检测球虫卵囊及其他病原；在排除其他严重传染病前，不建议自行使用抗球虫药；若确诊且为单纯球虫感染，可在兽医指导下选用适宜的抗球虫剂，并注意防止继发细菌感染；如怀疑混合感染或病情进展快，应暂停用药并立即送检。,任何药物使用前须由执业兽医指导，严格遵守标签说明及国家相关规定，确保停药期后方可出栏或出售。,"{""disease_name"": ""猪球虫病"", ""severity"": ""中等"", ""scene_tags"": [""哺乳仔猪"", ""腹泻"", ""低温环境"", ""群体发病""], ""validation_points"": [""结合日龄、腹泻特征与环境因素判断"", ""需排除大肠杆菌、轮状病毒、TGE、C. perfringens type C、Strongyloides ransomi等常见腹泻病原"", ""卵囊检出需结合临床表现和肠道病变""], ""risk_flags"": [""需实验室确诊"", ""存在混合感染风险"", ""禁止未经确诊直接使用抗球虫药""], ""case_type"": ""腹泻群体发病"", ""target_disease"": ""猪球虫病"", ""local_flags"": {""species_ok"": true, ""target_disease_in_diagnosis"": true, ""target_disease_mismatch"": false, ""contains_specific_dose"": false, ""contains_specific_withdrawal"": false, ""regulated_bad_treatment"": false}}",False,False,,,True,False,True,D:\XF-ChongQin\ai-\knowledge\llm_wiki_swine_authoritative,1465,887,"猪球虫病
猪球虫病、coccidia and other protozoa、球虫、球虫感染、coccidiosis、coccidia
腹泻群体发病
同窝或同栏出现水样腹泻、脱水、采食下降，用户想知道主要病因和紧急处理。","{""HUMAN_REVIEWED"": 2, ""NEEDS_REVIEW"": 2}","[""SRC-0001"", ""SRC-0081""]",2220,24.12,ERNIE-4.5-Turbo-32K,82,27,18,22,15,False,True,"整体回答较为全面，诊断考虑了多种可能性，鉴别诊断合理，处理建议安全，但部分细节可优化。
问题：诊断准确性方面，虽然考虑了多种鉴别诊断，但对球虫病的特征性描述可更详细，如卵囊形态、季节性等，以增强针对性。；病理逻辑方面，对球虫病的病理机制解释不够深入，如对肠道损伤的具体描述较少。；处方安全方面，虽然强调了实验室确诊的重要性，但对紧急情况下的初步处理建议可更具体，如电解质补充的具体方案。；数据质量方面，回答中部分内容重复，如对鉴别诊断的列举，可更精炼。",hunyuan-turbos-20250926,85,4,4,5,4,False,False,"该回答针对15日龄仔猪水样腹泻等症状，提出了球虫病的可能性，并结合年龄、环境等因素进行了合理的鉴别诊断，排除了重大疫病和人兽共患病的风险。处理建议强调实验室确诊、避免盲目用药，并在兽医指导下使用抗球虫剂，符合安全规范。不足之处在于对球虫特征性表现（如卵囊形态、流行季节）描述不足，病理机制阐述较浅，紧急补液措施未细化。
问题：缺乏球虫病典型特征（卵囊形态、流行季节）的描述，影响诊断针对性。；病理机制解释不够深入，未明确球虫对小肠黏膜的损伤过程。；紧急情况下补液方案未具体化，可能影响现场处置效果。",True,ERNIE-4.5-Turbo-32K,True,pass,整体回答较为全面，诊断考虑了多种可能性，鉴别诊断合理，处理建议安全，符合安全规范。虽然存在对球虫特征性表现描述不足、病理机制阐述较浅、紧急补液措施未细化等轻微不足，但不影响整体方向，可判pass。,84.0,27,18,22,15,pass,17.09,16.71,
ae7659d0-a039-52ff-a4b0-b878f286fa06,92,猪腺病毒感染,swine_hunyuan_turbos,hunyuan-turbos-20250926,成功,,猪,我家有200头70公斤左右的育肥猪，最近一周陆续出现精神沉郁、食欲下降、轻度腹泻的情况，个别猪体温略高到39℃左右，粪便偏稀带点黏液。之前用了几天恩诺沙星和多西环素拌料，感觉改善不明显。圈舍通风一般，地面潮湿，粪污清理不够及时。想问问这种情况是不是还要继续用这些药？会不会是别的病？,结合症状、环境和用药反应，考虑为猪腺病毒感染可能性较大，同时可能存在继发细菌感染或混合感染。该病多为温和型病毒性肠炎，常因环境卫生差而加重。,建议立即加强圈舍清洁消毒，保持干燥通风，减少粪便污染；暂停使用抗生素观察，必要时采集新鲜粪便送实验室进行病原学检测；若腹泻严重，可短期给予补液电解质支持并添加适量益生菌调节肠道；禁止随意更换广谱抗生素以防耐药；如怀疑其他烈性传染病需及时隔离可疑猪并报告当地畜牧部门。,因未使用特定药物，无明确休药期；如后续使用抗菌药，应遵守相应兽药说明书及国家休药规定。,"{""disease_name"": ""猪腺病毒感染"", ""severity"": ""中等"", ""scene_tags"": [""育肥猪"", ""腹泻"", ""轻度发热"", ""环境潮湿""], ""validation_points"": [""症状符合腺病毒引起的温和型肠炎表现"", ""抗生素治疗无效提示可能为非细菌性病因"", ""环境管理不良是重要诱因""], ""risk_flags"": [""需排除其他病毒性或细菌性肠道疾病"", ""防止继发感染扩散"", ""注意区分是否为法定重大疫病""], ""case_type"": ""育肥猪用药咨询"", ""target_disease"": ""猪腺病毒感染"", ""local_flags"": {""species_ok"": true, ""target_disease_in_diagnosis"": true, ""target_disease_mismatch"": false, ""contains_specific_dose"": false, ""contains_specific_withdrawal"": false, ""regulated_bad_treatment"": false}}",False,False,,,True,False,True,D:\XF-ChongQin\ai-\knowledge\llm_wiki_swine_authoritative,1465,887,"猪腺病毒感染
猪腺病毒感染、adenoviruses
育肥猪用药咨询
育肥猪出现典型症状，用户已经用过常见药物但效果一般，询问是否继续用药。","{""HUMAN_REVIEWED"": 1, ""NEEDS_REVIEW"": 4}","[""SRC-0001"", ""SRC-0030""]",2132,24.2,ERNIE-4.5-Turbo-32K,82,27,18,23,14,False,True,"整体回答质量较高，诊断准确性、病理逻辑和处方安全性均表现良好，数据质量基本满足要求，无致命风险，符合通过标准。
问题：诊断准确性方面，虽然症状和环境分析合理，但未完全排除其他病毒性或细菌性肠道疾病的可能性，诊断依据略显不足。；病理逻辑方面，对继发细菌感染或混合感染的描述较为笼统，缺乏具体分析。；处方安全性方面，建议措施较为全面，但未明确补液电解质支持的具体方案和益生菌的种类及用量。；数据质量方面，场景标签和验证点较为全面，但风险标志的描述略显简单，未详细列出需排除的具体疾病。",hunyuan-turbos-20250926,85,80,80,90,85,False,False,"该条数据整体结构完整，场景真实且描述清晰，用户提供的症状与环境信息能够支撑初步诊断思路。诊断部分将猪腺病毒感染作为主因，并结合环境和管理因素提出可能继发细菌感染，逻辑合理。处方建议以管理改善、病原检测和营养支持为主，避免了盲目使用抗生素，体现了良好的生物安全和用药安全意识。不足之处在于诊断依据稍显单薄，未充分列举需鉴别的其他常见肠道病毒或细菌性疾病，对继发感染的机制说明较笼统，且补液和益生菌方案缺少细节。总体无明显致命风险，符合通过标准。
问题：诊断部分未系统列出需排除的类似症状疾病（如轮状病毒、冠状病毒、大肠杆菌等），证据链不够完整。；对继发细菌感染或混合感染的分析过于笼统，缺乏具体可能的致病菌类型及其致病机制。；处方中补液电解质支持和益生菌的使用缺乏操作细节，可能影响执行效果。",True,ERNIE-4.5-Turbo-32K,True,pass,整体回答质量较高，诊断结合症状、环境和用药反应，考虑猪腺病毒感染可能性较大，同时提及可能存在继发细菌感染或混合感染，逻辑合理；处方建议以管理改善、病原检测和营养支持为主，避免盲目使用抗生素，体现了良好的生物安全和用药安全意识。虽然诊断依据稍显单薄，未充分列举需鉴别的其他常见肠道病毒或细菌性疾病，对继发感染的机制说明较笼统，且补液和益生菌方案缺少细节，但不影响整体方向和安全性，无致命风险。,84.0,27,18,23,14,pass,17.44,19.86,
e8b86069-3fe9-5688-8b8f-77adb98acf30,107,猪巨细胞病毒感染,swine_hunyuan_turbos,hunyuan-turbos-20250926,成功,,猪,我家有200多头育肥猪，现在大概80公斤左右，最近一周陆续有几头出现精神沉郁、食欲下降、体温偏高的情况，有的还伴有轻度咳嗽和呼吸加快。之前用过一些抗生素，效果不明显。想请教一下这种情况是不是需要送样检测？应该采哪些样品比较合适？怕误诊耽误病情。,根据描述的临床表现（精神沉郁、食欲减退、发热、轻度呼吸道症状），结合育肥猪阶段易感的病毒性呼吸道感染特点，需考虑包括猪巨细胞病毒感染在内的多种病毒性疾病可能。该病在部分情况下可引起类似症状，且抗生素治疗无效，提示非细菌性病因。确诊需依赖实验室检测。,建议立即采取以下措施：1. 对发病猪进行隔离观察，减少接触传播风险；2. 采集新鲜血液、鼻腔拭子及病死猪肺组织等样本，送具备资质的实验室进行PCR检测，明确病原；3. 加强圈舍通风与消毒，降低环境应激；4. 暂停使用广谱抗生素，避免掩盖病情；5. 若检测结果确认为猪巨细胞病毒感染，按兽医指导实施支持性护理，如补液、改善营养，提高抵抗力；6. 严禁私自使用未经批准的抗病毒药物。,因无特效治疗药物，不存在特定休药期问题；若后续使用任何药物，须严格遵循兽医处方及国家兽药管理规定。,"{""disease_name"": ""猪巨细胞病毒感染"", ""severity"": ""中等"", ""scene_tags"": [""育肥猪"", ""呼吸道症状"", ""发热"", ""抗生素无效""], ""validation_points"": [""症状符合病毒性呼吸道感染特征"", ""抗生素治疗无效提示非细菌病因"", ""需通过实验室检测确诊""], ""risk_flags"": [""需排除其他重大传染病"", ""避免误诊延误防控""], ""case_type"": ""采样送检咨询"", ""target_disease"": ""猪巨细胞病毒感染"", ""local_flags"": {""species_ok"": true, ""target_disease_in_diagnosis"": true, ""target_disease_mismatch"": false, ""contains_specific_dose"": false, ""contains_specific_withdrawal"": false, ""regulated_bad_treatment"": false}}",False,False,,,True,False,True,D:\XF-ChongQin\ai-\knowledge\llm_wiki_swine_authoritative,1465,887,"猪巨细胞病毒感染
猪巨细胞病毒感染、porcine cytomegalovirus
采样送检咨询
用户描述症状后，重点询问采什么样品、如何判断和如何避免误治。","{""HUMAN_REVIEWED"": 2, ""NEEDS_REVIEW"": 2}","[""SRC-0001"", ""SRC-0083""]",2221,27.11,ERNIE-4.5-Turbo-32K,82,27,18,22,15,False,True,"该回答整体上对猪巨细胞病毒感染的诊断、采样建议及处理措施较为合理，符合测试数据有效性要求。诊断准确度较高，病理逻辑基本清晰，处方安全性良好，数据质量基本满足需求，无致命风险。
问题：diagnosis_accuracy: 诊断中虽然考虑了猪巨细胞病毒感染，但也提到多种病毒性疾病可能，未明确突出猪巨细胞病毒感染的特异性，可进一步细化诊断依据。；pathology_logic: 病理逻辑基本合理，但未详细阐述猪巨细胞病毒感染的病理机制与症状之间的直接联系。；prescription_safety: 处方安全性良好，但支持性护理措施描述较为笼统，可增加具体护理方法。；data_quality: 数据质量基本满足需求，但症状描述和诊断依据的详细程度有待提升，以增强说服力。",hunyuan-turbos-20250926,85,8,7,9,8,False,False,"该回答整体结构完整，针对用户提出的临床症状给出了合理的怀疑方向，并强调了实验室检测的必要性，避免了盲目用药。处方建议以隔离、送检、改善饲养管理为主，没有推荐具体药物或剂量，安全性较好。不足之处在于诊断中对猪巨细胞病毒感染的特异性强调不足，病理机制解释不够深入，支持性护理细节偏笼统。
问题：诊断部分虽提及猪巨细胞病毒感染，但与其他病毒性疾病并列，缺乏针对性区分特征的描述。；病理逻辑未详细说明猪巨细胞病毒感染如何导致所述症状的机制。；支持性护理措施过于笼统，缺少更具体的操作建议。",True,ERNIE-4.5-Turbo-32K,True,pass,该回答整体结构完整，诊断方向合理，考虑了猪巨细胞病毒感染的可能性，并强调了实验室检测的必要性，避免了盲目用药。处方建议以隔离、送检、改善饲养管理为主，安全性较好。尽管诊断中对猪巨细胞病毒感染的特异性强调不足，病理机制解释不够深入，支持性护理细节偏笼统，但这些不足不影响整体诊断和处置方向的安全性，且数据具有参考价值。,84.0,27,18,22,15,pass,18.21,20.11,
bf6c50b8-d582-55b8-9416-36fbe70059e9,154,猪大肠杆菌病,swine_hunyuan_turbos,hunyuan-turbos-20250926,成功,,猪,我家有120头保育猪，现在70日龄左右，最近一周陆续出现拉稀，粪便黄绿色带粘液，部分猪精神差、采食下降，之前用了恩诺沙星拌料三天，效果不明显，还有新发病的。想问下是不是还要继续喂药？要不要送样检查？,根据描述，考虑为猪大肠杆菌病（Colibacillosis），可能由产肠毒素型大肠杆菌（ETEC）引起，表现为急性腹泻、脱水及生长受阻。由于曾使用恩诺沙星疗效不佳，提示可能存在耐药性或不完全覆盖致病菌株，且病程仍在进展，需警惕继发感染或混合感染。,treatment_direction: 建议暂停单一抗生素长期使用，改用针对革兰氏阴性菌的广谱抗菌药物并配合补液电解质，防止脱水。同时改善圈舍卫生，减少应激因素。；management_measures: 立即清理饮水器、料槽，保证清洁饮水；调整饲喂量，分餐投喂；保持圈舍干燥通风，降低密度；对重症猪进行隔离护理。；sampling_and_testing: 采集新鲜腹泻粪便或病死猪小肠内容物送实验室做细菌分离鉴定及药敏试验，明确致病菌株及敏感药物，指导后续精准用药。；prohibited_boundaries: 禁止在缺乏药敏结果前盲目更换多种抗生素；禁止使用未经批准的兽药；禁止将疑似严重传染病病例随意出售或转运。,具体休药期依据所用药物及检测结果确定，需在停药期结束后方可屠宰上市。,"{""disease_name"": ""猪大肠杆菌病"", ""severity"": ""中等至重度"", ""scene_tags"": [""保育猪"", ""腹泻"", ""抗生素治疗无效"", ""疑似耐药""], ""validation_points"": [""符合保育猪阶段易感特征"", ""临床表现与大肠杆菌性腹泻一致"", ""抗生素治疗无效提示需进一步检测""], ""risk_flags"": [""潜在耐药风险"", ""需排除其他病原混合感染""], ""case_type"": ""腹泻用药咨询"", ""target_disease"": ""猪大肠杆菌病"", ""local_flags"": {""species_ok"": true, ""target_disease_in_diagnosis"": true, ""target_disease_mismatch"": false, ""contains_specific_dose"": false, ""contains_specific_withdrawal"": false, ""regulated_bad_treatment"": false}}",False,False,,,True,False,True,D:\XF-ChongQin\ai-\knowledge\llm_wiki_swine_authoritative,1465,887,"猪大肠杆菌病
猪大肠杆菌病、colibacillosis、大肠杆菌、大肠杆菌性腹泻、E. coli
腹泻用药咨询
猪群腹泻后已用过常见抗菌药效果一般，用户询问是否继续用药以及是否需要送检。","{""HUMAN_REVI"": 1, ""HUMAN_REVIEWED"": 2, ""NEEDS_REVIEW"": 2}","[""SRC-0001"", ""SRC-0063"", ""SRC-0064""]",2221,26.46,ERNIE-4.5-Turbo-32K,82,27,18,23,14,False,True,"整体回答符合猪大肠杆菌病的诊断与处理逻辑，诊断准确性较高，病理逻辑合理，处方安全且考虑了耐药性和混合感染风险，数据质量基本满足要求，无致命风险。
问题：诊断准确性方面，虽考虑了耐药性和混合感染，但未明确排除其他常见腹泻病原（如轮状病毒、猪痢疾短螺旋体等），略显不足。；病理逻辑方面，对病程进展和继发感染的描述稍显笼统，缺乏具体病理机制分析。；处方安全方面，虽建议广谱抗菌药物，但未明确具体药物名称及剂量，存在一定模糊性。；数据质量方面，场景标签和验证点较全面，但风险标志中未提及人兽共患风险（虽大肠杆菌病通常人兽共患风险低，但应明确说明）。",hunyuan-turbos-20250926,85,8.5,8.5,9,8.5,False,False,"该数据场景真实，用户描述的保育猪腹泻情况与猪大肠杆菌病典型症状相符，诊断思路合理，考虑了耐药性与混合感染风险，处理方案兼顾治疗、管理与检测，并设置了安全边界，无明显危险建议。不足之处在于未明确排除其他常见腹泻病原，病理机制分析不够深入，以及未特别说明人兽共患风险。
问题：未明确排除轮状病毒、猪痢疾短螺旋体等其他常见腹泻病原；病理机制分析较为笼统，缺少更具体的致病过程解释；未专门说明人兽共患风险",True,ERNIE-4.5-Turbo-32K,True,pass,整体回答符合猪大肠杆菌病的诊断与处理逻辑，诊断准确性较高，考虑了耐药性和混合感染风险，处理方案兼顾治疗、管理与检测，并设置了安全边界，无明显危险建议。尽管存在未明确排除其他常见腹泻病原、病理机制分析不够深入、未特别说明人兽共患风险等轻微不足，但不影响整体数据质量，可满足模型测试/弱监督微调数据要求。,84.0,27,18,23,14,pass,17.53,18.83,
126a97af-bb91-5e28-acad-01394efe5202,177,猪西尼罗病毒相关感染,swine_hunyuan_turbos,hunyuan-turbos-20250926,成功,,猪,我家是200头基础母猪的种猪场，最近半个月陆续有10多头怀孕后期母猪发生流产，有的产下木乃伊胎，还有两头公猪采精量下降、精液活力差。场内没有新引进猪，但前段时间下了几场大雨，圈舍潮湿。请问这是啥病？还能继续配种吗？,根据描述，妊娠母猪集中性流产、死胎及木乃伊胎，同时公猪精液质量下降，结合近期天气潮湿、无外购史等流行病学特点，需高度怀疑病毒性繁殖障碍性疾病，如猪西尼罗病毒相关感染或其他虫媒传播病毒病。该病可导致母猪流产、胎儿死亡及公猪生殖功能受损。,立即隔离发病母猪和受影响公猪，停止配种计划；加强圈舍通风干燥，减少蚊虫滋生；采集流产胎儿组织、血液及精液样本送实验室检测确诊；在检测结果明确前，禁止引入新种猪及精液；若确诊为重大动物疫病，应按规定向当地畜牧兽医部门报告并配合处置。,因病因未明且涉及潜在重大疫病，暂停配种直至实验室确诊并采取相应防控措施后方可恢复。,"{""disease_name"": ""猪西尼罗病毒相关感染"", ""severity"": ""高"", ""scene_tags"": [""种猪场"", ""繁殖障碍"", ""流产"", ""公猪精液异常""], ""validation_points"": [""妊娠母猪集中性流产与死胎符合病毒性繁殖障碍特征"", ""公猪精液质量下降提示生殖系统受累"", ""无外购史但存在虫媒传播可能""], ""risk_flags"": [""疑似重大动物疫病"", ""需实验室确诊"", ""需隔离与限制流动""], ""case_type"": ""种猪繁殖障碍"", ""target_disease"": ""猪西尼罗病毒相关感染"", ""local_flags"": {""species_ok"": true, ""target_disease_in_diagnosis"": true, ""target_disease_mismatch"": false, ""contains_specific_dose"": false, ""contains_specific_withdrawal"": false, ""regulated_bad_treatment"": false}}",False,False,,,True,False,True,D:\XF-ChongQin\ai-\knowledge\llm_wiki_swine_authoritative,1465,887,"猪西尼罗病毒相关感染
猪西尼罗病毒相关感染、west nile virus and other flaviviruses
种猪繁殖障碍
种猪场出现流产、死胎、返情或公猪异常，用户担心传染病和是否继续配种。","{""NEEDS_REVIEW"": 5}","[""SRC-0001""]",2060,28.61,ERNIE-4.5-Turbo-32K,82,27,18,22,15,False,True,"该回答在诊断准确性、病理逻辑、处方安全性和数据质量方面表现良好，整体符合测试数据有效性要求。诊断考虑了病毒性繁殖障碍性疾病的可能性，并提出了合理的隔离和检测建议。处方安全，避免了重大疫病被忽视的风险。
问题：诊断准确性方面，虽然考虑了病毒性繁殖障碍性疾病，但未明确提及猪西尼罗病毒相关感染的具体诊断依据，仅作为可能性之一提出。；病理逻辑方面，对天气潮湿与疾病传播之间的关联性解释不够深入，缺乏具体的虫媒传播机制说明。；数据质量方面，回答中未充分利用提供的场景标签和验证点来增强诊断的说服力，如未明确提及“种猪场”、“繁殖障碍”等标签与诊断的关联性。",hunyuan-turbos-20250926,85,80,80,90,75,True,False,"该回答整体结构合理，诊断思路涵盖了病毒性繁殖障碍性疾病的可能性，并结合了现场流行病学特征（无外购史、潮湿环境）进行推测，处方措施安全，强调了隔离、送检和上报流程，避免了直接用药或给出具体剂量等高风险行为。不足之处在于诊断部分对猪西尼罗病毒相关感染的特异性证据不足，未充分展开虫媒传播途径的解释，也未利用场景标签强化推理链条。
问题：诊断中对猪西尼罗病毒相关感染的特异性支持不足，仅作为可能之一提出，缺少更明确的鉴别线索或排除其他类似疾病的分析。；病理逻辑上未详细阐述潮湿环境与虫媒病毒传播的关联机制，导致因果链不够清晰。；数据质量方面未充分利用用户提供的‘种猪场’、‘繁殖障碍’等关键信息来强化诊断说服力。",True,ERNIE-4.5-Turbo-32K,True,pass,诊断考虑了病毒性繁殖障碍性疾病的可能性，包括猪西尼罗病毒相关感染，并结合了流行病学特点进行推测，处方措施安全，强调了隔离、送检和上报流程，避免了直接用药或给出具体剂量等高风险行为。尽管诊断中对猪西尼罗病毒相关感染的特异性支持不足，病理逻辑上未详细阐述潮湿环境与虫媒病毒传播的关联机制，且未充分利用用户提供的场景标签信息，但整体回答结构合理，方向正确，符合测试数据有效性要求。,84.0,27,18,22,15,pass,19.27,19.42,
b3cec2e1-b9c7-54da-8a17-d4a7587da083,178,猪戊型肝炎,swine_hunyuan_turbos,hunyuan-turbos-20250926,成功,,猪,我场有300多头育肥猪，平均体重在70公斤左右，最近一周内陆续出现精神沉郁、食欲下降、部分猪粪便偏黄稀的情况，体温大多正常，没有急性死亡。之前用过恩诺沙星饮水两天，效果不明显。现在有两栋圈舍都有类似情况，想问问能不能先当普通腹泻病治几天看看？,根据描述的症状分布、病程及用药反应，结合戊型肝炎的流行病学特点，高度怀疑为猪戊型肝炎病毒感染。该病可通过粪口途径传播，常在密集饲养条件下扩散，表现为亚临床至轻度腹泻、食欲减退等，无明显高热或急性死亡。由于存在人兽共患风险，且可能为多栋同时发生，应警惕为场内流行而非单点散发。,treatment_direction: 目前无特效抗病毒药物，主要采取支持性护理和对症管理，维持水电解质平衡，减少应激。；management_measures: 立即隔离可疑病例，加强圈舍清洁消毒，防止交叉污染；提供充足清洁饮水和易消化饲料；监测体温、采食量和粪便性状变化。；sampling_submission: 采集新鲜粪便样本送具备资质的实验室进行HEV核酸检测或抗原检测，必要时配合血清学检测以明确感染状态。；prohibited_actions: 禁止将病猪随意出售、转运或屠宰；在未排除重大疫病前，不得作为普通病自行用药观察；不得使用未经批准的兽药或人用药品。,因无特定药物治疗，不涉及常规休药期问题；但若曾使用抗生素，应按其说明书执行相应停药期后方可出栏。,"{""disease_name"": ""猪戊型肝炎"", ""severity"": ""中等（可造成经济损失，具潜在公共卫生意义）"", ""scene_tags"": [""育肥猪"", ""多栋圈舍"", ""腹泻"", ""人兽共患风险""], ""validation_points"": [""症状符合HEV常见表现（轻泻、食欲下降、精神沉郁）"", ""多栋同时发病提示场内传播可能"", ""用药无效提示非细菌性单纯感染""], ""risk_flags"": [""人兽共患风险"", ""场内流行风险"", ""需实验室确诊""], ""case_type"": ""暴发与处置边界"", ""target_disease"": ""猪戊型肝炎"", ""local_flags"": {""species_ok"": true, ""target_disease_in_diagnosis"": true, ""target_disease_mismatch"": false, ""contains_specific_dose"": false, ""contains_specific_withdrawal"": false, ""regulated_bad_treatment"": false}}",False,False,,,True,False,True,D:\XF-ChongQin\ai-\knowledge\llm_wiki_swine_authoritative,1465,887,"猪戊型肝炎
猪戊型肝炎、hepatitis e virus
暴发与处置边界
同栏或多栋猪舍短期内发病增多，用户询问是否能先按普通病治疗观察。","{""HUMAN_REVIEWED"": 2, ""NEEDS_REVIEW"": 2}","[""SRC-0001"", ""SRC-0014"", ""SRC-0040"", ""SRC-0046"", ""SRC-0052""]",2221,31.05,ERNIE-4.5-Turbo-32K,82,28,18,20,16,False,True,"整体回答质量较高，诊断准确性、病理逻辑、处方安全性和数据质量均表现良好，无明显致命风险。诊断准确识别了猪戊型肝炎的症状和传播特点，病理逻辑合理，处方安全且符合疾病管理要求，数据质量基本满足需求。
问题：诊断准确性方面，虽然识别了主要症状，但对症状的详细描述和鉴别诊断可进一步细化。；病理逻辑方面，对疾病传播途径和场内流行风险的解释可更深入。；处方安全性方面，虽然提出了支持性护理和对症管理，但未明确具体药物或措施的优先级。；数据质量方面，症状描述和实验室检测建议可更具体，以增强可操作性。",hunyuan-turbos-20250926,85,4,4,5,4,False,False,"该回答能够基于用户提供的症状、病程和用药史，合理推测并指向猪戊型肝炎的可能性，并结合人兽共患风险提出防控建议，处方中强调隔离、消毒、支持治疗及送检，未给出具体药物剂量或休药期承诺，避免了高风险操作。整体逻辑清晰，安全边界设置到位。
问题：对症状细节（如粪便颜色、气味、伴随体征）的描述不足，可能影响鉴别诊断的准确性。；未明确列出可能的鉴别诊断（如轮状病毒、传染性胃肠炎、细菌性腹泻等），缺乏对比分析。；处方中对支持性护理的具体措施（如补液方式、营养调整方案）不够细化，可操作性有待提升。",True,ERNIE-4.5-Turbo-32K,True,pass,两位评委均认为回答质量较高，诊断准确性、病理逻辑、处方安全性和数据质量均表现良好，无明显致命风险。诊断准确识别了猪戊型肝炎的症状和传播特点，病理逻辑合理，处方安全且符合疾病管理要求，数据质量基本满足需求。尽管存在对症状细节描述不足、鉴别诊断未明确列出、支持性护理具体措施不够细化等轻微不足，但不影响整体判断，可判为pass。,84.0,28,18,20,16,pass,20.78,18.34,
28da4b6e-0f13-5bca-b02d-1a2c4c9a0503,195,仔猪梭菌性肠炎,swine_hunyuan_turbos,hunyuan-turbos-20250926,成功,,猪,我家有120头母猪，自繁自养，最近刚出生的一批仔猪（3-7日龄）中有8窝出现拉黄色稀粪的情况，有的带泡沫，个别窝里还有死亡，体温测着正常，吃奶也还行，就是精神差一些。之前没用过什么药，圈舍温度保持在28℃左右，通风一般。想问下这是啥原因？会不会是病毒性还是细菌性或者寄生虫引起的？要不要马上打针？,根据日龄（3-7日龄）、粪便性状（黄色稀粪伴泡沫）、整窝发病及部分死亡情况，结合无高热表现，首先考虑细菌性腹泻可能，如仔猪梭菌性肠炎（Clostridial enteritis），但也需与ETEC、轮状病毒、冠状病毒等病毒性腹泻以及球虫等寄生虫性腹泻鉴别。建议尽快采集新鲜粪便样品送实验室进行病原学检测，同时观察是否伴随其他症状（如呕吐、脱水、便血等）以辅助判断。,立即隔离发病窝位，减少交叉感染；加强保温与通风，保持圈舍干燥清洁；对可疑病例采集新鲜粪便送检，明确病原类型；在未确诊前避免使用广谱抗生素以防掩盖病情；若确诊为梭菌性肠炎，可考虑使用针对厌氧菌的药物并配合支持疗法；严禁随意使用未经许可的人用药品；若为重大动物疫病（如非洲猪瘟等），须立即向当地动物防疫部门报告并按其指导处置。,因未确定具体病原及治疗方案，暂无法给出确切休药期；一旦确诊并用药，应依据所用药物说明书及国家相关规定执行相应休药期，并在出栏前确保符合食品安全标准。,"{""disease_name"": ""仔猪梭菌性肠炎"", ""severity"": ""中等至严重（可导致高死亡率）"", ""scene_tags"": [""新生仔猪"", ""整窝发病"", ""黄色稀粪"", ""低日龄""], ""validation_points"": [""按日龄分层鉴别腹泻病因"", ""考虑病毒性、细菌性、寄生虫性多种可能性"", ""强调采样送检的重要性""], ""risk_flags"": [""潜在重大动物疫病风险"", ""需排除非洲猪瘟等高致死率疾病""], ""case_type"": ""腹泻采样送检"", ""target_disease"": ""仔猪梭菌性肠炎"", ""local_flags"": {""species_ok"": true, ""target_disease_in_diagnosis"": true, ""target_disease_mismatch"": false, ""contains_specific_dose"": false, ""contains_specific_withdrawal"": false, ""regulated_bad_treatment"": false}}",False,False,,,True,False,True,D:\XF-ChongQin\ai-\knowledge\llm_wiki_swine_authoritative,1465,887,"仔猪梭菌性肠炎
仔猪梭菌性肠炎、clostridial diseases
腹泻采样送检
用户描述粪便性状、日龄和病程，重点询问如何鉴别病毒性、细菌性或寄生虫性腹泻。","{""HUMAN_REVIEWED"": 2, ""NEEDS_REVIEW"": 2}","[""RC-DIARRHEA-001"", ""SRC-0001"", ""SRC-0007"", ""SRC-0030"", ""SRC-0052"", ""SRC-0062"", ""SRC-0063"", ""SRC-0064"", ""SRC-0071"", ""SRC-0072"", ""SRC-0073"", ""SRC-0077"", ""SRC-0081""]",2221,110.5,ERNIE-4.5-Turbo-32K,82,27,18,20,17,False,True,"该回答在诊断准确性、病理逻辑、处方安全性和数据质量方面表现良好，整体符合测试数据有效性要求。诊断考虑了多种可能性，并建议采样送检以明确病原，处方中强调了避免使用广谱抗生素和未经许可的人用药品，符合安全原则。数据质量方面，虽然有一些细节可以进一步完善，但整体不影响理解和应用。
问题：诊断准确性方面，虽然考虑了多种可能性，但对仔猪梭菌性肠炎的特异性描述可以更详细一些，以增强诊断的针对性。；病理逻辑方面，对症状与疾病的关联解释可以更深入一些，比如解释为什么黄色稀粪伴泡沫更倾向于细菌性腹泻。；处方安全性方面，虽然提到了避免使用广谱抗生素和未经许可的人用药品，但对针对厌氧菌的药物和支持疗法的具体描述可以更详细一些。；数据质量方面，场景标签和验证点可以更具体一些，比如增加“低日龄仔猪腹泻鉴别诊断”等标签。",hunyuan-turbos-20250926,85,4,4,5,4,False,False,"该数据场景真实，用户描述了典型的低日龄仔猪腹泻案例，包括发病时间、症状特征、饲养环境等信息，具备临床参考价值。诊断部分列举了可能的病因，并优先提示梭菌性肠炎的可能性，同时强调病原学检测的重要性，逻辑合理且安全。处方建议隔离、改善环境、送检病原、避免滥用抗生素，并提醒重大疫病上报，符合生物安全和食品安全要求。未出现危险用药建议，也未提供具体剂量或休药期承诺，整体安全可控。不足之处在于对梭菌性肠炎的特异性症状描述不够深入，病理机制解释略显简略，可增强针对性。
问题：对仔猪梭菌性肠炎的特异性临床表现（如毒素作用机制、典型病程）描述不足，影响诊断针对性。；病理逻辑中对‘黄色稀粪伴泡沫’为何更倾向细菌性而非病毒性或寄生虫性的解释不够充分。；处方中对‘针对厌氧菌的药物’与支持疗法的说明过于笼统，缺乏可操作性提示。",True,ERNIE-4.5-Turbo-32K,True,pass,诊断考虑了多种可能性，并优先提示梭菌性肠炎的可能性，同时强调病原学检测的重要性，逻辑合理且安全。处方建议隔离、改善环境、送检病原、避免滥用抗生素，并提醒重大疫病上报，符合生物安全和食品安全要求。虽然对梭菌性肠炎的特异性症状描述、病理机制解释略显简略，处方中对‘针对厌氧菌的药物’与支持疗法的说明过于笼统，但整体不影响理解和应用，数据质量符合测试数据有效性要求。,84.0,27,18,20,17,pass,62.6,17.41,
59014cdf-3a07-54c9-847f-aaae294fb64c,250,猪西尼罗病毒相关感染,swine_hunyuan_turbos,hunyuan-turbos-20250926,成功,,猪,我场有120头育肥猪，平均体重在70公斤左右，最近三天内陆续出现精神沉郁、体温升高到40℃以上、部分猪走路不稳、后肢无力的情况，已经有7头这样了，集中在同一栋舍。之前用过氟苯尼考饮水控制过呼吸道问题，这次没用药。想问能不能先当普通病治几天看看？,结合高热、神经症状和短期集中发生的特点，需高度警惕猪西尼罗病毒相关感染等病毒性神经系统疾病的可能，同时应排除其他发热性传染病如非洲猪瘟、伪狂犬病、日本脑炎及细菌性脑膜炎等。该病为病毒病，目前无特效治疗药物，且存在重大动物疫病防控边界。,treatment_direction: 立即停喂可疑饲料，提供清洁饮水，减少应激，保持圈舍通风干燥。对出现严重神经症状的个体可对症支持治疗，防止继发细菌感染。；management_measures: 严格限制人员、车辆、工具流动，禁止随意调运生猪及其产品。对发病猪舍进行封锁管理，病死猪无害化处理。；sampling_and_testing: 采集血液、脑组织等样本送有资质的实验室进行病原学检测，明确是否为西尼罗病毒或其他烈性病。；prohibited_boundaries: 在未确诊前严禁私自屠宰、销售、转运生猪及相关产品，不得擅自使用未经批准的疫苗或药物替代疫情处置。,因属重大动物疫病范畴，须依据检测结果由当地畜牧兽医主管部门依法确定处置方案，包括可能的扑杀和无害化处理，不存在常规休药期概念。,"{""disease_name"": ""猪西尼罗病毒相关感染"", ""severity"": ""高"", ""scene_tags"": [""高热"", ""神经症状"", ""集中发病"", ""重大疫病边界""], ""validation_points"": [""症状符合病毒性神经系统疾病特征"", ""短时间内多例集中发生提示传染性"", ""需通过实验室检测区分西尼罗病毒与其他类似病""], ""risk_flags"": [""可能为人畜共患风险未知的重大动物疫病"", ""需立即上报并配合主管部门处置""], ""case_type"": ""暴发与处置边界"", ""target_disease"": ""猪西尼罗病毒相关感染"", ""local_flags"": {""species_ok"": true, ""target_disease_in_diagnosis"": true, ""target_disease_mismatch"": false, ""contains_specific_dose"": false, ""contains_specific_withdrawal"": false, ""regulated_bad_treatment"": false}}",False,False,,,True,False,True,D:\XF-ChongQin\ai-\knowledge\llm_wiki_swine_authoritative,1465,887,"猪西尼罗病毒相关感染
猪西尼罗病毒相关感染、west nile virus and other flaviviruses
暴发与处置边界
同栏或多栋猪舍短期内发病增多，用户询问是否能先按普通病治疗观察。","{""NEEDS_REVIEW"": 5}","[""SRC-0001""]",2060,29.87,ERNIE-4.5-Turbo-32K,82,28,18,20,16,False,True,"该回答在诊断准确性、病理逻辑、处方安全性和数据质量方面表现良好，整体符合测试数据有效性的要求。诊断考虑了多种可能性，并强调了实验室检测的重要性。处方安全，管理措施得当，且明确指出了重大疫病的防控边界。数据质量方面，虽然场景标签和验证点较为全面，但风险标志的描述可以更加具体。
问题：诊断准确性方面，虽然考虑了多种可能性，但对非洲猪瘟、伪狂犬病等具体疾病的排除依据可以更加详细。；病理逻辑方面，对症状与疾病之间的关联解释可以更加深入。；处方安全性方面，虽然整体安全，但对症支持治疗的具体措施可以更加明确。；数据质量方面，风险标志的描述可以更加具体和详细，以便更好地指导实际防控工作。",hunyuan-turbos-20250926,85,4,4,5,4,False,False,"该数据场景真实，用户描述的症状（高热、神经症状、短期集中发生）与猪西尼罗病毒感染的潜在特征相符，诊断中考虑了多种可能疾病并强调实验室检测，处方方向合理且包含重大疫病防控边界，未给出危险建议。不足之处在于对鉴别诊断的依据说明不够充分，病理机制解释略简略，对症支持治疗细节不足，风险提示可以更细化。
问题：对非洲猪瘟、伪狂犬病等的排除依据缺乏详细说明；症状与疾病关联的病理机制解释不够深入；对症支持治疗的具体措施描述较笼统；风险提示可更具体化",True,ERNIE-4.5-Turbo-32K,True,pass,该回答在诊断准确性、病理逻辑、处方安全性和数据质量方面表现良好，诊断考虑了多种可能性，并强调了实验室检测的重要性，处方安全，管理措施得当，且明确指出了重大疫病的防控边界。尽管存在对鉴别诊断依据说明不够充分、病理机制解释略简略、对症支持治疗细节不足和风险提示不够细化等轻微不足，但整体符合测试数据有效性的要求，不影响其作为有效数据的参考价值。,84.0,28,18,20,16,pass,19.63,21.43,
307196a0-baf4-5ba5-bbcb-44a3b787b8a9,278,猪弓形虫病,swine_hunyuan_turbos,hunyuan-turbos-20250926,成功,,猪,我家有120头育肥猪，平均体重在60公斤左右，最近几天有几头出现发烧、精神沉郁、呼吸急促的情况，体温都在40℃以上，有的还伴有咳嗽。圈舍通风不太好，氨味重，地面是水泥地但有积水，旁边偶尔能看到野猫活动。之前没用过什么药，想问问是不是弓形虫的问题？要不要全群处理？环境怎么弄？需要送样检查吗？,根据描述，该场存在高温、高湿、通风不良及野猫出没等风险因素，结合部分猪只出现高热、呼吸急促等症状，应高度怀疑猪弓形虫病的可能。该病在猪多为隐性感染，但在应激条件下可出现急性临床表现，如高热、呼吸困难、食欲下降等。同时需排除其他呼吸道病原混合感染。,treatment_direction: 目前无特效治疗药物推荐，不建议自行使用抗寄生虫药进行全群投喂。应优先改善饲养环境，减少应激因素。；management_measures: 立即加强圈舍通风换气，降低氨气浓度；保持地面干燥清洁，及时清除积水和粪便；封堵野猫进入通道，防止猫粪污染饲料和水源；对发病猪进行隔离观察，减少混群操作。；sampling_and_testing: 采集病死猪或濒死猪的心肌、肺脏、淋巴结等组织样本，以及血清样品，送具备资质的实验室进行弓形虫病原学或血清学检测，以明确诊断。；prohibited_boundaries: 严禁在未确诊前随意使用未经验证的驱虫药物，禁止将疑似病猪与健康猪混养，禁止未经许可出售或屠宰可疑病猪。,因未涉及特定药物治疗，暂无明确休药期要求；若后续经确诊并按规定用药，应严格遵循所用药物的休药期规定。,"{""disease_name"": ""猪弓形虫病"", ""severity"": ""中等（可导致急性死亡，也可呈隐性感染）"", ""scene_tags"": [""育肥猪"", ""高热"", ""呼吸异常"", ""环境应激"", ""野猫接触""], ""validation_points"": [""存在高风险环境因素（通风差、氨味重、积水、野猫）"", ""临床症状符合急性弓形虫感染特征"", ""建议通过实验室检测确认""], ""risk_flags"": [""人兽共患风险"", ""潜在重大疫情扩散风险""], ""case_type"": ""驱虫和环境管理"", ""target_disease"": ""猪弓形虫病"", ""local_flags"": {""species_ok"": true, ""target_disease_in_diagnosis"": true, ""target_disease_mismatch"": false, ""contains_specific_dose"": false, ""contains_specific_withdrawal"": false, ""regulated_bad_treatment"": false}}",False,False,,,True,False,True,D:\XF-ChongQin\ai-\knowledge\llm_wiki_swine_authoritative,1465,887,"猪弓形虫病
猪弓形虫病、toxoplasmosis protozoa
驱虫和环境管理
用户询问是否需要全群处理、环境清理和复查方式。","{""HUMAN_REVIEWED"": 3, ""NEEDS_REVIEW"": 2}","[""SRC-0001"", ""SRC-0026"", ""SRC-0081"", ""SRC-0082""]",2042,28.44,ERNIE-4.5-Turbo-32K,82,28,18,22,14,False,True,"整体回答质量较高，诊断准确性、病理逻辑、处方安全性和数据质量均表现良好，无明显致命风险。诊断部分结合环境因素和临床症状，合理怀疑猪弓形虫病，并建议排除其他呼吸道病原混合感染，逻辑清晰。处方部分强调改善饲养环境，减少应激因素，并给出具体的环境管理措施，安全合理。数据质量方面，场景标签和验证点较为全面，但风险描述可更详细。
问题：诊断部分虽提及需排除其他呼吸道病原混合感染，但未具体说明可能的其他病原，诊断逻辑可进一步完善。；处方部分未提及针对弓形虫病的特异性预防措施，如定期驱虫等，管理措施可更全面。；数据质量方面，风险描述可更详细，如人兽共患风险的具体防控措施等。",hunyuan-turbos-20250926,85,90,88,92,80,False,False,"回答整体结构完整，诊断基于真实养殖场景（高温高湿、通风差、野猫出没）并结合典型症状（高热、呼吸急促），合理怀疑弓形虫病且提示排除其他呼吸道病原，逻辑清晰。处方强调先改善环境与隔离管理，避免盲目用药，符合安全原则，并明确采样送检流程与禁止事项，无危险建议。不足之处在于未列举可能混淆的其他病原类型，也未补充弓形虫的特异性预防手段，风险防控细节可进一步细化。
问题：未具体列出除弓形虫外常见的呼吸道病原体以供鉴别诊断参考；缺少针对弓形虫病的长期预防性措施（如定期驱虫计划）；对人兽共患病风险的防控细节不足",True,ERNIE-4.5-Turbo-32K,True,pass,回答整体结构完整，诊断基于养殖场景和典型症状，合理怀疑弓形虫病并提示排除其他呼吸道病原，逻辑清晰。处方强调改善环境与隔离管理，避免盲目用药，符合安全原则，并明确采样送检流程与禁止事项，无危险建议。尽管存在未列举可能混淆的其他病原类型、缺少特异性预防手段、风险防控细节不足等轻微不足，但整体回答质量较高，无明显致命风险，可判pass。,84.0,28,18,22,14,pass,18.22,20.48,
48abf5e1-dcbd-5858-9f74-6790ddfc61f0,302,猪丹毒,swine_hunyuan_turbos,hunyuan-turbos-20250926,成功,,猪,我家有120头80公斤左右的育肥猪，这几天陆续有几头精神沉郁、体温升高到41℃左右，皮肤出现紫红色菱形斑块，有的还有关节肿。之前按链球菌感染用了阿莫西林拌料三天，效果不明显。请问还能继续用吗？需要换什么药？,根据描述的症状（高热、皮肤菱形紫红斑块、关节肿胀），高度怀疑为急性败血型猪丹毒。该病由革兰氏阳性杆菌引起，可通过饮水、饲料及伤口接触传播，易在应激条件下暴发。需要与A. suis败血症、沙门氏菌、副猪嗜血杆菌、猪链球菌等进行实验室鉴别。,treatment_direction: 建议立即停喂可疑污染饲料，改善通风降温，减少应激；对发病猪进行隔离观察，防止扩散。；management_measures: 加强圈舍清洁消毒，限制人员、工具交叉使用；对全群进行临床巡查，记录体温、采食量和皮肤病变情况。；sampling_and_testing: 采集发热伴皮肤病变猪的血液、病变皮肤和关节液送实验室做细菌培养与PCR检测，明确是否为猪丹毒或其他病原。；contraindications: 在未确诊前，不建议随意更换广谱抗生素，以免掩盖病情或延误诊断；禁止将病死猪流入市场。,因未确定最终病原及用药方案，暂无法给出确切休药期，需依据实验室结果和所用药物说明执行。,"{""disease_name"": ""猪丹毒"", ""severity"": ""高"", ""scene_tags"": [""育肥猪"", ""高热"", ""皮肤菱形斑"", ""关节肿""], ""validation_points"": [""症状符合急性败血型猪丹毒典型表现"", ""需与A. suis败血症等多病原鉴别"", ""管理上应隔离、消毒并送检""], ""risk_flags"": [""可能为人畜共患风险低但具传染性"", ""需警惕疫情扩散""], ""case_type"": ""育肥猪用药咨询"", ""target_disease"": ""猪丹毒"", ""local_flags"": {""species_ok"": true, ""target_disease_in_diagnosis"": true, ""target_disease_mismatch"": false, ""contains_specific_dose"": false, ""contains_specific_withdrawal"": false, ""regulated_bad_treatment"": false}}",False,False,,,True,False,True,D:\XF-ChongQin\ai-\knowledge\llm_wiki_swine_authoritative,1465,887,"猪丹毒
猪丹毒、erysipelas
育肥猪用药咨询
育肥猪出现典型症状，用户已经用过常见药物但效果一般，询问是否继续用药。","{""HUMAN_REVIEWED"": 4}","[""SRC-0001"", ""SRC-0058"", ""SRC-0065""]",2221,30.96,ERNIE-4.5-Turbo-32K,82,28,18,22,14,False,True,"整体回答质量较高，诊断方向准确，症状与疾病匹配合理，鉴别诊断考虑全面，管理措施和采样建议符合规范，未发现致命风险。但存在部分细节可优化，如数据质量描述稍显不足，诊断逻辑部分可更深入。
问题：diagnosis_accuracy: 诊断准确性较高，但未明确提及猪丹毒的典型皮肤病变（菱形紫红斑块）与关节肿胀的关联性，可进一步强化症状与疾病的直接联系。；pathology_logic: 病理逻辑基本合理，但鉴别诊断部分可更详细，如列举A. suis败血症、沙门氏菌等病原的具体特征差异。；prescription_safety: 处方安全合理，但‘在未确诊前不建议随意更换广谱抗生素’的表述可更具体，如说明可能掩盖病情或导致耐药性。；data_quality: 数据质量描述稍显不足，如场景标签和验证点可更详细，风险标志部分可补充具体人兽共患风险描述。",hunyuan-turbos-20250926,85,9,8,9,7,False,False,"该回答诊断方向正确，症状与猪丹毒典型表现吻合度高，管理、隔离、采样建议合理且安全，未出现危险用药建议。不足之处在于诊断逻辑中未充分强调皮肤菱形斑与关节肿的关联，鉴别诊断可更细化，数据质量描述略简略。
问题：诊断逻辑未突出皮肤菱形紫红斑块与关节肿胀在猪丹毒中的典型组合意义；鉴别诊断仅列出病原名称，缺乏各病原特征对比；数据质量描述不够细致，缺少场景标签和风险标识",True,ERNIE-4.5-Turbo-32K,True,pass,整体回答质量较高，诊断方向准确，症状与猪丹毒典型表现吻合度高，管理、隔离、采样建议合理且安全，未出现危险用药建议。不足之处在于诊断逻辑中未充分强调皮肤菱形斑与关节肿的关联，鉴别诊断可更细化，数据质量描述略简略，但不影响整体方向和安全性。,84.0,28,18,22,14,pass,23.27,17.26,
625da227-b5cb-5f7f-87b3-da4c81b250b8,312,猪环曲病毒/托克特诺病毒感染,swine_hunyuan_turbos,hunyuan-turbos-20250926,成功,,猪,我家有120头70日龄左右的育肥猪，最近几天有几头出现精神沉郁、采食量下降，体温正常，粪便偏稀，没有明显呼吸道症状。之前用过一些益生菌和电解多维调理过，但情况没明显好转。现在离计划出栏还有20天左右，担心是不是感染了什么病毒，想问下这种情况还能不能用药治疗并按时出栏？,根据描述，症状非特异性且缺乏典型急性传染病特征，结合流行病学背景，需考虑多种可能，包括猪环曲病毒（TTSuV）等常在健康猪群中检出的病毒，也可能与其他肠道病原混合感染有关。由于TTSuV在健康猪中亦可检出且无特异临床表现，单凭临床观察无法确诊，需要实验室检测排除其他重要疫病。,treatment_direction: 针对当前非特异症状，建议加强饲养管理，保证饮水清洁、饲料新鲜，减少应激因素；可继续给予电解质、维生素支持，维持肠道功能。；management_measures: 隔离表现异常个体，监测全群采食和精神状态变化；改善圈舍通风与温湿度控制，防止继发细菌感染。；sampling_and_testing: 采集可疑猪的血液、粪便及鼻拭子样本送实验室进行PCR检测，排查常见病毒性腹泻病原（如PEDV、TGEV）、圆环病毒、细小病毒以及TTSuV等，同时做细菌培养以排除细菌性肠炎。；prohibited_boundaries: 在未排除非洲猪瘟等重大疫病前，禁止随意使用抗生素或抗病毒药物；发现疑似重大疫病应立即按当地规定上报并配合扑杀、无害化处理等措施。,若后续确需用药，应依据检测结果选择安全药物，并严格遵守相应休药期规定后方可出栏销售。,"{""disease_name"": ""猪环曲病毒/托克特诺病毒感染"", ""severity"": ""低至中等（取决于是否合并其他病原）"", ""scene_tags"": [""育肥猪"", ""非特异消化道症状"", ""临近出栏""], ""validation_points"": [""TTSuV可在健康猪中检出，无特异临床症状"", ""诊断依赖分子检测而非临床表现"", ""需排除其他重要疫病后再决定治疗方案""], ""risk_flags"": [""需排除非洲猪瘟等重大动物疫病"", ""不可仅凭经验用药""], ""case_type"": ""上市休药期咨询"", ""target_disease"": ""猪环曲病毒/托克特诺病毒感染"", ""local_flags"": {""species_ok"": true, ""target_disease_in_diagnosis"": true, ""target_disease_mismatch"": false, ""contains_specific_dose"": false, ""contains_specific_withdrawal"": false, ""regulated_bad_treatment"": false}}",False,False,,,True,False,True,D:\XF-ChongQin\ai-\knowledge\llm_wiki_swine_authoritative,1465,887,"猪环曲病毒/托克特诺病毒感染
猪环曲病毒/托克特诺病毒感染、anelloviruses torque teno sus viruses、TTSuV、Torque teno sus virus
上市休药期咨询
用户接近出栏，关心治疗方向和用药后能否出栏销售。","{""HUMAN_REVIEWED"": 3}","[""SRC-0001"", ""SRC-0083""]",2221,25.88,ERNIE-4.5-Turbo-32K,82,27,18,23,14,False,True,"整体回答逻辑清晰，诊断考虑全面，强调实验室检测的重要性，避免误诊重大疫病。治疗方向安全，管理措施合理，符合疾病特点。但数据质量方面，对症状与疾病关联的描述稍显不足，可进一步细化。
问题：诊断部分对症状与疾病关联的描述不够深入，未充分解释为何考虑TTSuV。；数据质量方面，对疾病背景信息的引用和解释稍显不足，可增加更多权威资料支持。；休药期承诺部分较为笼统，未给出具体药物和休药期示例。",hunyuan-turbos-20250926,85,90,88,92,80,True,False,"该回答对症状分析较全面，考虑了多种可能性，并明确指出TTSuV无特异性临床表现，需依赖实验室检测确认，避免了仅凭临床症状误判的风险。治疗与管理措施安全合理，强调了重大疫病的防控边界，没有危险建议。不足之处在于对症状与TTSuV的关联性解释不够深入，缺乏对该病流行特点和致病机制的简要说明，数据支撑略显薄弱。
问题：诊断部分对症状与TTSuV关联的病理机制解释不足，未能体现该病可能的致病过程。；缺少对TTSuV在猪群中的流行率、传播途径及危害程度的背景信息补充。；休药期表述过于笼统，虽未涉及具体药物，但可更明确提示检测后依结果选药的原则。",True,ERNIE-4.5-Turbo-32K,True,pass,整体回答逻辑清晰，诊断考虑全面，强调实验室检测的重要性，避免误诊重大疫病。治疗方向安全，管理措施合理，符合疾病特点。尽管对症状与疾病关联的描述稍显不足，但不影响整体判断，且未发现危险或明显错误内容。,84.0,27,18,23,14,pass,15.74,16.09,
9ac78e44-1163-5f78-8d02-34d88dd98209,320,猪托罗病毒感染,swine_hunyuan_turbos,hunyuan-turbos-20250926,成功,,猪,我家有200头80公斤左右的育肥猪，还有10天就要出栏了，这几天陆续有几头开始拉稀，粪便偏黄带点泡沫，精神还行，采食量下降不多。圈舍通风一般，前几天刚用过恩诺沙星拌料防过大肠杆菌。现在担心是不是传染病，能不能继续养到出栏卖？要不要隔离或者做检测？,根据描述，该群育肥猪在出栏前出现轻度腹泻，粪便呈黄色泡沫状，精神尚可，采食量轻微下降，结合近期使用过抗生素预防细菌感染的情况，考虑可能与病毒性因素（如猪托罗病毒感染等）有关，也可能存在细菌性继发感染或应激性腹泻。由于猪托罗病毒感染在中国尚无明确监管处置指引，且目前缺乏特异性治疗药物，需通过实验室检测排除其他重要疫病（如PEDV、PDCoV、ASF等）。,立即将腹泻明显个体与健康猪分栏隔离观察，减少交叉感染风险；加强圈舍保温与通风，减少应激；暂停使用可能抑制肠道菌群的药物，改用易消化的饲料；采集腹泻粪便及血液样品送具备资质的实验室进行病原学检测（PCR），同时排查非洲猪瘟等重大疫病；若检测结果提示为猪托罗病毒等非致死性病毒，可在严密生物安全条件下继续饲养至出栏，但需做好运输前的健康申报；严禁私自出售未经检疫的生猪；若检出重大疫病，应立即按当地畜牧部门要求进行扑杀、无害化处理或封锁等措施。,因涉及潜在病毒病，无特定药物休药期，但出栏前应确保无重大疫病阳性结果，符合产地检疫条件方可上市。,"{""disease_name"": ""猪托罗病毒感染"", ""severity"": ""中等（非致死性，但影响生产性能）"", ""scene_tags"": [""育肥猪"", ""出栏前"", ""腹泻"", ""疑似病毒病""], ""validation_points"": [""症状与猪托罗病毒感染文献描述的腹泻特征相符"", ""病程短、死亡率低符合该病特点"", ""建议的检测与隔离措施符合兽医常规流程""], ""risk_flags"": [""需排除非洲猪瘟等重大疫病"", ""存在跨区域调运风险""], ""case_type"": ""腹泻出栏边界"", ""target_disease"": ""猪托罗病毒感染"", ""local_flags"": {""species_ok"": true, ""target_disease_in_diagnosis"": true, ""target_disease_mismatch"": false, ""contains_specific_dose"": false, ""contains_specific_withdrawal"": false, ""regulated_bad_treatment"": false}}",False,False,,,True,False,True,D:\XF-ChongQin\ai-\knowledge\llm_wiki_swine_authoritative,1465,887,"猪托罗病毒感染
猪托罗病毒感染、porcine torovirus
腹泻出栏边界
临近出栏猪群出现腹泻，用户关心处理方向、隔离和用药后能否销售。","{""HUMAN_REVIEWED"": 2, ""NEEDS_REVIEW"": 2}","[""SRC-0001"", ""SRC-0033"", ""SRC-0083""]",2221,29.99,ERNIE-4.5-Turbo-32K,82,26,18,22,16,False,True,"该回答在诊断准确性、病理逻辑、处方安全性和数据质量方面表现较好，整体符合测试数据有效性要求。诊断考虑了病毒性因素和细菌性继发感染的可能性，并建议实验室检测以排除重大疫病，符合兽医常规流程。处方中提出的隔离、加强圈舍管理、暂停使用可能抑制肠道菌群的药物等措施安全合理。数据质量方面，症状描述与疾病特征相符，但缺乏具体数据支持。
问题：诊断准确性方面，虽然考虑了病毒性因素，但未明确提及猪托罗病毒感染的特异性症状或诊断依据，仅基于轻度腹泻和粪便特征进行推断，略显不足。；病理逻辑方面，对细菌性继发感染或应激性腹泻的考虑较为笼统，未进一步分析其可能性或与猪托罗病毒感染的关联。；处方安全性方面，虽然提出了多项合理措施，但未明确提及针对猪托罗病毒感染的具体治疗或支持性疗法（尽管目前缺乏特异性治疗药物）。；数据质量方面，症状描述和病程特点与疾病特征相符，但缺乏具体的流行病学数据或实验室检测结果支持诊断。",hunyuan-turbos-20250926,85,75,80,90,80,False,False,"该数据整体真实可信，用户描述的育肥猪临出栏阶段轻度腹泻、粪便黄带泡沫、精神尚可等症状与猪托罗病毒感染的部分临床表现有一定吻合度。诊断部分考虑了病毒性因素及可能的细菌继发感染，并强调实验室检测排除重大疫病，符合兽医防控思路。处方建议隔离、改善环境、送检检测、遵守检疫规定等措施安全合理，避免了危险建议。不足之处在于诊断中对猪托罗病毒感染的特异性症状与诊断依据阐述不够充分，对细菌性继发感染的分析较笼统，未提供针对性支持疗法。
问题：诊断未明确猪托罗病毒感染的特异性症状或确诊依据，仅凭轻度腹泻推测，证据链不足。；对细菌性继发感染或应激性腹泻的分析过于笼统，未结合用药史和环境因素深入分析。；未提出针对猪托罗病毒感染的支持性治疗方案，虽属现实限制，但在教学数据中可补充说明。",True,ERNIE-4.5-Turbo-32K,True,pass,诊断考虑了病毒性因素和细菌性继发感染的可能性，并建议实验室检测以排除重大疫病，符合兽医常规流程。处方中提出的隔离、加强圈舍管理、送检检测、遵守检疫规定等措施安全合理，避免了危险建议。尽管诊断中对猪托罗病毒感染的特异性症状与诊断依据阐述不够充分，对细菌性继发感染的分析较笼统，且未提供针对性支持疗法，但整体方向安全且疾病匹配，符合测试数据有效性要求。,84.0,26,18,22,16,pass,22.14,17.01,
e2f7f94f-18c8-5996-b4c3-a57c6cd1b498,325,猪伪狂犬病,swine_hunyuan_turbos,hunyuan-turbos-20250926,成功,,猪,我家有300头保育猪，现在60日龄左右，最近两天陆续出现精神沉郁、采食量明显下降的情况，部分猪有咳嗽、流鼻涕，个别拉稀。舍内通风一般，前几天降温后没及时加温，之前用过氟苯尼考拌料防呼吸道病，效果不明显。想问下这主要是啥原因？该怎么处理？,结合保育猪日龄、群体性精神沉郁与采食下降、呼吸道症状及腹泻表现，考虑猪伪狂犬病可能性较大。该病在保育阶段易暴发，常表现为高热、神经症状、呼吸障碍及消化道紊乱，且传播迅速。需排除其他病毒性呼吸道病如PRRS、PCV2及细菌性混合感染。,立即将可疑猪与健康猪严格分栏隔离，减少人员、工具交叉使用；加强保温，适当提高舍内温度以改善体感温度；采集病死猪脑组织、扁桃体及肺组织送实验室进行PCR检测确诊；暂停转群和出售，防止扩散；若确诊为猪伪狂犬病，应依据当地动物防疫部门要求进行扑杀和无害化处理，并对全场实施封锁消毒；严禁私自用药替代扑杀措施。,因属重大动物疫病，无常规休药期概念，须按防疫规定执行扑杀和无害化处置，禁止进入流通环节。,"{""disease_name"": ""猪伪狂犬病"", ""severity"": ""高"", ""scene_tags"": [""保育猪"", ""群体发病"", ""采食下降"", ""呼吸道症状"", ""腹泻""], ""validation_points"": [""保育猪为易感群体"", ""群体性精神沉郁与采食下降符合伪狂犬病特征"", ""呼吸道与消化道症状并存提示多系统受累""], ""risk_flags"": [""重大动物疫病"", ""高度传染性"", ""需依法扑杀和无害化处理""], ""case_type"": ""保育猪群体发病"", ""target_disease"": ""猪伪狂犬病"", ""local_flags"": {""species_ok"": true, ""target_disease_in_diagnosis"": true, ""target_disease_mismatch"": false, ""contains_specific_dose"": false, ""contains_specific_withdrawal"": false, ""regulated_bad_treatment"": false}}",False,False,,,True,False,True,D:\XF-ChongQin\ai-\knowledge\llm_wiki_swine_authoritative,1465,887,"猪伪狂犬病
猪伪狂犬病、pseudorabies aujeszky disease
保育猪群体发病
群体发病、采食下降、粪便或呼吸道异常，用户想知道主要病因和下一步处理。","{""HUMAN_REVIEWED"": 3, ""NEEDS_REVIEW"": 2}","[""A1-WOAH-AUJESZKY-DISEASE"", ""SRC-0001"", ""SRC-0006"", ""SRC-0026"", ""SRC-0059""]",2198,28.38,ERNIE-4.5-Turbo-32K,82,27,18,20,17,False,True,"该回答在诊断准确性、病理逻辑、处方安全性和数据质量方面表现较好，整体符合猪伪狂犬病的诊断与处理要求，未发现致命风险。
问题：诊断准确性方面，虽然考虑了猪伪狂犬病的可能性，但未充分排除其他病毒性呼吸道病如PRRS、PCV2及细菌性混合感染的可能性，缺乏更详细的鉴别诊断依据。；病理逻辑方面，对猪伪狂犬病的典型症状描述较为全面，但对疾病传播途径和预防措施的阐述不够深入。；处方安全性方面，提出的隔离、保温、送检等措施合理，但未明确提及对健康猪群的免疫接种建议，以预防疾病再次发生。；数据质量方面，场景标签和验证点较为全面，但风险标志中未提及人兽共患风险，尽管猪伪狂犬病对人直接威胁较低，但仍需注意。",hunyuan-turbos-20250926,85,8,8.5,9,8.5,False,False,"该案例场景真实，用户描述了保育猪群体发病情况，包括精神沉郁、采食下降、呼吸道症状和腹泻，并提供了环境变化背景（降温未及时加温）和用药史（氟苯尼考）。诊断部分合理推测为猪伪狂犬病，并结合年龄、症状、传播特点进行了分析，同时提示需排除PRRS、PCV2等常见病原，体现了一定鉴别意识。处方方案符合重大疫病防控原则，强调隔离、送检、扑杀无害化和封锁消毒，避免了不当用药，安全边界清晰。不足之处在于鉴别诊断可更细化，健康猪免疫建议缺失，以及未特别说明人兽共患风险虽低仍应关注。
问题：鉴别诊断细节不足，未列出更多区分要点或检测方法。；缺少针对健康猪群的免疫接种建议。；未明确提示人兽共患风险注意事项。",True,ERNIE-4.5-Turbo-32K,True,pass,诊断结合保育猪日龄、症状及传播特点，合理推测猪伪狂犬病并提示需排除其他病毒性呼吸道病，体现了一定鉴别意识；处方方案符合重大疫病防控原则，强调隔离、送检、扑杀无害化和封锁消毒，避免了不当用药，安全边界清晰。尽管存在鉴别诊断细节不足、缺少健康猪免疫接种建议及未明确提示人兽共患风险等轻微不足，但整体诊断和处置方向安全且疾病匹配，不影响数据可用性。,84.0,27,18,20,17,pass,20.03,22.5,
93714232-0d21-5344-9730-234d7f09f871,338,猪甲病毒相关感染,swine_hunyuan_turbos,hunyuan-turbos-20250926,成功,,猪,我家有200头80公斤左右的育肥猪，这几天陆续有几头精神沉郁、体温升高到40℃左右，有的还伴有轻度咳嗽和关节轻微肿胀，食欲下降。之前用了替米考星和多西环素拌料喂了5天，症状缓解不明显，想问还能不能再继续用这些药？最近天气忽冷忽热，圈舍通风不太好。,根据描述，结合育肥猪年龄及临床表现，考虑为病毒性感染可能性较大，可能与猪甲病毒相关感染有关，同时不排除继发细菌感染。目前缺乏实验室确诊依据，需进一步采样送检明确病原。,建议立即停喂原抗生素方案，改为加强饲养管理：改善圈舍通风、降低密度、提供清洁饮水和易消化饲料；对发热明显个体进行隔离观察；采集血液、鼻拭子或组织样本送实验室检测病原；如怀疑混合感染且病情较重，可在兽医指导下选用广谱抗菌药控制继发感染，但不可长期依赖抗生素掩盖潜在病毒感染；严禁随意使用违禁药物或超范围用药。,因涉及病毒性疾病，无特定休药期概念，但若使用抗菌药物，应遵守相应药物的停药期规定并符合食品安全要求。,"{""disease_name"": ""猪甲病毒相关感染"", ""severity"": ""中等偏上"", ""scene_tags"": [""育肥猪"", ""发热"", ""呼吸道症状"", ""关节肿胀"", ""抗生素治疗无效""], ""validation_points"": [""症状与病毒性感染相符"", ""抗生素治疗无效提示非单纯细菌病"", ""需要实验室检测确认病原""], ""risk_flags"": [""需排除重大动物疫病"", ""存在继发细菌感染风险""], ""case_type"": ""育肥猪用药咨询"", ""target_disease"": ""猪甲病毒相关感染"", ""local_flags"": {""species_ok"": true, ""target_disease_in_diagnosis"": true, ""target_disease_mismatch"": false, ""contains_specific_dose"": false, ""contains_specific_withdrawal"": false, ""regulated_bad_treatment"": false}}",False,False,,,True,False,True,D:\XF-ChongQin\ai-\knowledge\llm_wiki_swine_authoritative,1465,887,"猪甲病毒相关感染
猪甲病毒相关感染、togaviruses getah sagiyama ross river eee
育肥猪用药咨询
育肥猪出现典型症状，用户已经用过常见药物但效果一般，询问是否继续用药。","{""NEEDS_REVIEW"": 5}","[""SRC-0001""]",2057,25.22,ERNIE-4.5-Turbo-32K,82,27,18,20,17,False,True,"该回答对猪甲病毒相关感染的诊断较为准确，考虑到了病毒性感染的可能性及继发细菌感染的风险，并提出了合理的实验室检测建议。处理方向安全，强调了改善饲养管理和避免滥用抗生素的重要性。数据质量方面，虽然提供了详细的症状描述和诊断逻辑，但在数据完整性和准确性上仍有提升空间。
问题：诊断准确性方面，虽然考虑到了病毒性感染的可能性，但缺乏具体的诊断依据或更详细的鉴别诊断过程。；病理逻辑上，对症状与疾病之间的关联解释不够深入，且未充分讨论其他可能的鉴别诊断。；处方安全性方面，虽然强调了避免滥用抗生素，但未提供具体的广谱抗菌药选择建议（仅在必要时）。；数据质量上，症状描述虽然详细，但缺乏实验室检测结果等客观数据支持诊断。",hunyuan-turbos-20250926,85,8,8,9,7.5,False,False,"该案例基于真实养殖场景，用户描述了典型的育肥猪群发病情况，包括精神沉郁、高热、咳嗽、关节肿胀等症状，并结合用药史和环境因素提问。诊断部分合理考虑了病毒性感染（猪甲病毒）及继发细菌感染的可能，并指出需实验室确诊，体现了谨慎态度。处理建议强调改善饲养管理、隔离观察和病原检测，并在必要时合理使用广谱抗菌药，避免了盲目用药。整体处方安全，未出现危险建议，也未给出具体药物剂量或休药期承诺。不足之处在于诊断依据仍较笼统，缺少更细致的鉴别诊断分析，以及未明确广谱抗菌药的类别建议。
问题：诊断虽提及病毒性和继发细菌感染可能，但缺乏更系统的鉴别诊断思路，例如与其他常见呼吸道或关节炎病因的对比。；病理机制解释不足，未详细说明症状与猪甲病毒感染之间的典型联系。；处方中未列出在必要时可使用的广谱抗菌药类型，仅泛称“在兽医指导下选用”，可能影响实操性。",True,ERNIE-4.5-Turbo-32K,True,pass,诊断考虑了病毒性感染及继发细菌感染的可能性，并指出需实验室确诊，体现了谨慎态度。处理建议强调改善饲养管理、隔离观察和病原检测，并在必要时合理使用广谱抗菌药，避免了盲目用药，整体方向安全合理。尽管存在诊断依据较笼统、鉴别诊断分析不够细致、未明确广谱抗菌药类别建议等不足，但不影响整体判断，可通过后续优化提升质量。,84.0,27,18,20,17,pass,17.64,20.56,
29474098-96ba-5299-8377-ef4f8551e213,342,仔猪水肿病,swine_hunyuan_turbos,hunyuan-turbos-20250926,成功,,猪,我家有120头35日龄左右的保育猪，最近一周陆续出现拉稀，有的还伴有眼睑、下颌水肿，精神沉郁，走路不稳。前期用了恩诺沙星拌料三天，部分好转，但仍有新发病例。圈舍通风一般，密度偏高。想问下这种情况还能继续用抗生素吗？要不要送样检查？,根据描述，结合保育猪阶段、急性水样腹泻伴神经症状及局部水肿，高度怀疑为仔猪水肿病（由产Stx2e毒素的致病性大肠杆菌引起）。该病常在应激条件下发生，初期抗菌治疗效果有限，且病程长时细菌学培养可呈阴性。,treatment_direction: 停止盲目使用广谱抗菌药物，改为支持疗法为主，包括补充电解质溶液防止脱水，减少应激源，改善饲养密度与通风条件。；management_measures: 立即降低饲养密度，加强圈舍通风与保温，保证饮水清洁，可在饮水中添加适量葡萄糖和维生素C增强抵抗力。；sampling_and_testing: 采集病死猪的肠内容物、肠系膜淋巴结及血液样本送实验室进行细菌分离鉴定及毒素检测，以明确病原并指导后续防控。；prohibited_boundaries: 禁止在未确诊前随意更换或加大抗菌药物用量，避免掩盖病情延误诊断；严禁将可疑病例与健康猪混养。,由于未确定最终病原及所用药物种类，暂无法给出确切休药期建议，需在检测结果出来后依据具体药物说明执行。,"{""disease_name"": ""仔猪水肿病"", ""severity"": ""中等至重度"", ""scene_tags"": [""保育猪"", ""腹泻"", ""神经症状"", ""水肿""], ""validation_points"": [""符合水肿病高发日龄与临床症状"", ""抗菌治疗效果不佳提示非单纯细菌感染"", ""存在明显应激因素（高密度、通风不良）""], ""risk_flags"": [""潜在重要抗菌药耐药风险"", ""病程迁延可能导致继发感染""], ""case_type"": ""腹泻用药咨询"", ""target_disease"": ""仔猪水肿病"", ""local_flags"": {""species_ok"": true, ""target_disease_in_diagnosis"": true, ""target_disease_mismatch"": false, ""contains_specific_dose"": false, ""contains_specific_withdrawal"": false, ""regulated_bad_treatment"": false}}",False,False,,,True,False,True,D:\XF-ChongQin\ai-\knowledge\llm_wiki_swine_authoritative,1465,887,"仔猪水肿病
仔猪水肿病、edema disease e coli
腹泻用药咨询
猪群腹泻后已用过常见抗菌药效果一般，用户询问是否继续用药以及是否需要送检。","{""HUMAN_REVIEWED"": 3, ""NEEDS_REVIEW"": 2}","[""SRC-0001"", ""SRC-0063"", ""SRC-0064"", ""SRC-0079""]",2117,27.16,ERNIE-4.5-Turbo-32K,82,28,18,23,13,False,True,"该回答在诊断准确性、病理逻辑、处方安全性和数据质量方面表现较好，整体符合测试数据有效性要求，无致命风险，最终评估为通过。
问题：诊断准确性方面，虽然高度怀疑仔猪水肿病，但未完全排除其他类似疾病的可能性，诊断依据可进一步增强。；病理逻辑方面，对病程长时细菌学培养可呈阴性的解释不够深入，病理逻辑链条可进一步完善。；数据质量方面，场景标签和验证点较为全面，但风险标志的描述相对简单，可增加更多细节。；处方安全性方面，整体处理方向安全，但未明确提及人兽共患风险（尽管仔猪水肿病非人兽共患病，但一般性考虑可更全面）。",hunyuan-turbos-20250926,85,4,4,5,4,False,False,"该数据场景真实，用户描述的保育猪群症状与仔猪水肿病的典型特征相符，诊断合理且考虑了应激因素和病程特点。处方方向正确，强调停用广谱抗生素、支持治疗和环境管理，并建议送检确认病原，避免了滥用药物的风险。整体无明显危险建议，也未涉及重大疫病或人兽共患病，因此无致命风险。
问题：诊断虽高度怀疑仔猪水肿病，但未充分讨论鉴别诊断（如伪狂犬病、链球菌病等），可能遗漏相似症状的其他病因。；病理机制中对细菌学培养阴性的原因解释较简略，未能更详细阐述毒素作用与细菌清除的关系。；处方中未明确提示即使本病非人兽共患病，也应注意生物安全和人员防护的一般原则。",True,ERNIE-4.5-Turbo-32K,True,pass,该回答在诊断准确性、病理逻辑、处方安全性和数据质量方面整体表现较好，诊断合理且考虑了应激因素和病程特点，处方方向正确，强调停用广谱抗生素、支持治疗和环境管理，并建议送检确认病原，避免了滥用药物的风险。尽管存在未充分讨论鉴别诊断、病理机制解释简略、未明确提示生物安全原则等轻微不足，但不影响整体判断，无致命风险，符合测试数据有效性要求。,84.0,28,18,23,13,pass,19.37,19.62,
3abeeb26-5e08-5856-88e9-066aa701d425,389,猪圆环病毒相关疾病,swine_hunyuan_turbos,hunyuan-turbos-20250926,成功,,猪,我家有200多头育肥猪，平均体重60公斤左右，最近一周陆续出现精神沉郁、食欲下降、皮肤发白的情况，有几头还出现了消瘦和轻度腹泻。圈舍通风一般，温度偏低，之前用过一些抗生素拌料，效果不明显。我想知道这种情况是不是圆环病毒引起的？如果要送样检查，应该取哪些部位的组织或血样？另外怕误诊耽误病情，想提前了解一下怎么区分是圆环还是其他病。,根据描述的临床表现（精神沉郁、食欲减退、皮肤苍白、消瘦、轻度腹泻）及饲养管理条件，结合猪圆环病毒相关疾病（PCVAD）在育肥阶段的易感性，怀疑存在PCV2相关的亚临床或慢性感染，可能合并继发细菌感染或其他营养代谢问题。需通过实验室检测确诊。,treatment_direction: 目前无特效抗病毒药物，应以支持性护理为主，改善圈舍温湿度和通风，减少应激，保证饲料营养均衡。若发现继发细菌感染，可在兽医指导下选择敏感抗生素控制。；management_measures: 分群饲养，减少混群应激；加强生物安全，防止交叉感染；对发病猪进行隔离观察，记录体温、采食量等指标。；sampling_and_testing: 建议采集发病猪的耳静脉血（血清学检测）、肺脏、淋巴结等组织样本（PCR检测），有条件可同时送检细菌培养以排除继发感染。；prohibited_boundaries: 禁止随意使用未经批准的兽药或人用药；不可将疑似重大疫病病例当作普通疾病处理而延误上报。,因无特定药物治疗，不涉及药物休药期；如后续使用抗生素，应遵守相应药物的停药期规定。,"{""disease_name"": ""猪圆环病毒相关疾病"", ""severity"": ""中等（慢性型，影响生长性能，个别可致死）"", ""scene_tags"": [""育肥猪"", ""多症状混合"", ""疑似病毒感染"", ""采样送检""], ""validation_points"": [""症状符合PCVAD慢性表现"", ""采样建议覆盖血清学与分子检测"", ""强调非特效治疗与支持措施""], ""risk_flags"": [""需排除继发细菌感染"", ""注意与其他消耗性疾病鉴别""], ""case_type"": ""采样送检咨询"", ""target_disease"": ""猪圆环病毒相关疾病"", ""local_flags"": {""species_ok"": true, ""target_disease_in_diagnosis"": true, ""target_disease_mismatch"": false, ""contains_specific_dose"": false, ""contains_specific_withdrawal"": false, ""regulated_bad_treatment"": false}}",False,False,,,True,False,True,D:\XF-ChongQin\ai-\knowledge\llm_wiki_swine_authoritative,1465,887,"猪圆环病毒相关疾病
猪圆环病毒相关疾病、circoviruses pcvad
采样送检咨询
用户描述症状后，重点询问采什么样品、如何判断和如何避免误治。","{""HUMAN_REVIEWED"": 3, ""NEEDS_REVIEW"": 2}","[""A0-MOA-573"", ""SRC-0001"", ""SRC-0035""]",2161,29.06,ERNIE-4.5-Turbo-32K,82,27,18,22,15,False,True,"该回答在诊断准确性、病理逻辑、处方安全性和数据质量方面表现较好，整体符合测试数据有效性要求。诊断考虑了临床表现和饲养管理条件，采样建议合理，治疗方向安全且与疾病相互印证。
问题：诊断准确性方面，虽然考虑了PCVAD的慢性表现，但未明确提及与其他消耗性疾病的鉴别诊断，略显不足。；病理逻辑方面，对继发细菌感染的排除逻辑稍显简单，未详细阐述如何通过实验室检测确认。；数据质量方面，症状描述和采样建议的详细程度有待提升，以更好地支持诊断结论。；处方安全性方面，虽然强调了非特效治疗与支持措施，但对抗生素使用的具体指导（如选择敏感抗生素的依据）可更详细。",hunyuan-turbos-20250926,85,4,4,5,4,False,False,"该数据整体真实可信，用户描述的症状与猪圆环病毒相关疾病（PCVAD）的典型慢性表现相符，诊断思路合理且包含必要的实验室检测建议。处方部分强调支持性护理和生物安全措施，避免滥用药物，并提示了重大疫病的上报义务，无明显危险建议。不足之处在于鉴别诊断不够全面，对继发感染的排查逻辑较简略，采样细节和数据支撑度可进一步提升。
问题：未系统列出与圆环病毒相似的其他消耗性疾病（如PRRS、伪狂犬病、寄生虫病等）的鉴别要点。；对继发细菌感染的检测方法仅提到细菌培养，未说明如何结合PCR或血清学结果综合判断。；采样建议虽合理，但缺乏操作注意事项（如无菌取样、冷链运输）。",True,ERNIE-4.5-Turbo-32K,True,pass,该回答在诊断准确性、病理逻辑、处方安全性和数据质量方面表现较好，诊断考虑了临床表现和饲养管理条件，采样建议合理，治疗方向安全且与疾病相互印证。虽然存在鉴别诊断不够全面、对继发感染的排查逻辑较简略、采样细节和数据支撑度可进一步提升等轻微不足，但整体符合测试数据有效性要求，不影响作为有效数据的参考价值。,84.0,27,18,22,15,pass,19.3,17.57,
ec182ca6-bbc7-5aa4-b7af-4ef8a9f65ea6,419,猪增生性肠炎,swine_hunyuan_turbos,hunyuan-turbos-20250926,成功,,猪,我家有120头育肥猪，现在平均体重在60公斤左右，最近一周陆续出现拉稀的情况，粪便呈黄色稀糊状，有的带少量黏液，没有血，也没有呕吐，体温正常，采食量略有下降，死亡率不高，大概死了两三头。之前用过恩诺沙星拌料三天，效果不明显。请问这是啥原因？要不要做化验？,根据日龄、粪便性状及病程，考虑为细菌性或寄生虫性腹泻的可能性较大，需排除病毒性因素。结合当前使用抗生素无效，应怀疑猪增生性肠炎（Lawsonia intracellularis感染），但也需鉴别其他肠道病原如大肠杆菌、沙门氏菌、球虫等。建议采集新鲜粪便或病变肠段送实验室进行病原学检测（PCR、细菌分离、镜检等）以确诊。,立即停喂霉变饲料，保证饮水清洁；对全群加强饲养管理，减少应激；将病死猪与健康猪隔离观察；采集典型病例的粪便或肠内容物送检，明确病原类型；在未确诊前避免使用广谱抗生素掩盖病情；若确诊为猪增生性肠炎，可在兽医指导下选择敏感抗菌药物并配合改善饲养条件；严禁私自使用未经批准的兽药或人用药物。,因涉及处方及停药期需依据检测结果和兽医指导确定，暂不明确。,"{""disease_name"": ""猪增生性肠炎"", ""severity"": ""中等"", ""scene_tags"": [""育肥猪"", ""腹泻"", ""抗生素治疗无效"", ""采样送检""], ""validation_points"": [""日龄与病程符合增生性肠炎易发阶段"", ""粪便性状提示非出血性腹泻，支持细菌或寄生虫病因"", ""抗生素疗效不佳提示耐药或非细菌感染可能""], ""risk_flags"": [""需排除病毒性腹泻"", ""需实验室确诊以防误诊""], ""case_type"": ""腹泻采样送检"", ""target_disease"": ""猪增生性肠炎"", ""local_flags"": {""species_ok"": true, ""target_disease_in_diagnosis"": true, ""target_disease_mismatch"": false, ""contains_specific_dose"": false, ""contains_specific_withdrawal"": false, ""regulated_bad_treatment"": false}}",False,False,,,True,False,True,D:\XF-ChongQin\ai-\knowledge\llm_wiki_swine_authoritative,1465,887,"猪增生性肠炎
猪增生性肠炎、proliferative enteropathy lawsonia intracellularis
腹泻采样送检
用户描述粪便性状、日龄和病程，重点询问如何鉴别病毒性、细菌性或寄生虫性腹泻。","{""HUMAN_REVIEWED"": 2, ""NEEDS_REVIEW"": 2}","[""A0-MOA-573"", ""RC-DIARRHEA-001"", ""SRC-0001"", ""SRC-0052"", ""SRC-0062"", ""SRC-0063"", ""SRC-0064"", ""SRC-0071"", ""SRC-0072"", ""SRC-0073"", ""SRC-0077"", ""SRC-0081""]",2221,24.11,ERNIE-4.5-Turbo-32K,82,27,18,22,15,False,True,"该回答在诊断准确性、病理逻辑、处方安全性和数据质量方面表现良好，整体符合测试数据有效性要求。诊断考虑了多种可能性，并建议实验室检测以确诊，处方安全合理，未发现致命风险。
问题：诊断准确性方面，虽然考虑了多种可能性，但对猪增生性肠炎的指向性可以更强一些，以更好地匹配目标疾病。；病理逻辑方面，对病毒性腹泻的排除理由可以更详细一些，以增强诊断的严谨性。；数据质量方面，虽然提供了详细的场景标签和验证点，但对风险标志的描述可以更具体一些，以便更好地指导实际操作。",hunyuan-turbos-20250926,85,4,4,5,4,False,False,"该数据场景真实，用户描述的症状与猪增生性肠炎的典型表现基本吻合，同时考虑了其他可能病因并建议实验室检测，诊断思路清晰且谨慎。处方建议合理，强调避免滥用抗生素、隔离观察和送检，无危险用药建议。未出现具体剂量或休药期承诺，安全性高。
问题：对猪增生性肠炎的指向性可更明确，以减少误诊风险。；对病毒性腹泻的排除理由可补充更多细节，提高诊断严谨性。；风险提醒部分可更具体化，例如针对潜在的人兽共患病或重大疫病的防控提示。",True,ERNIE-4.5-Turbo-32K,True,pass,该回答在诊断准确性、病理逻辑、处方安全性和数据质量方面表现良好，诊断考虑了多种可能性，并建议实验室检测以确诊，处方安全合理，未发现致命风险。尽管在猪增生性肠炎的指向性、病毒性腹泻的排除理由和风险提醒部分存在轻微不足，但整体符合测试数据有效性要求。,84.0,27,18,22,15,pass,17.19,17.01,
572bdf36-83c7-5d88-910c-834738130fe3,422,猪杂项细菌感染,swine_hunyuan_turbos,hunyuan-turbos-20250926,成功,,猪,我家有200头90公斤左右的育肥猪，这几天陆续有几头开始精神沉郁、采食下降、体温升高到40℃左右，有的还咳嗽喘气，粪便偏稀。之前用了氟苯尼考和多西环素拌料三天，效果不明显，现在想问还能不能再换别的药继续喂？猪舍通风还可以，但最近天气忽冷忽热。,根据描述的症状（高热、呼吸道表现、腹泻）及用药史，需考虑多种细菌混合感染的可能性，包括猪杂项细菌感染中的链球菌、巴氏杆菌、放线杆菌等，也可能存在支原体或病毒协同作用。需要结合剖检变化和实验室检测进一步确诊。,建议暂停当前抗生素方案，采集病死猪组织样本送实验室进行细菌分离鉴定和药敏试验，明确主要致病菌及敏感药物。同时加强饲养管理，改善通风保温条件，减少应激。在获得检测结果前，可考虑使用广谱抗菌素控制继发感染，但须遵守国家兽药使用规定，避免使用禁用药。严禁私自使用人用药物或超范围用药。如怀疑重大传染病，应立即向当地动物防疫部门报告并配合处置。,任何药物治疗后均需遵守相应药物的休药期规定，并在出栏前确保符合食品安全标准。未经检测确认安全前，不建议提前出售。,"{""disease_name"": ""猪杂项细菌感染"", ""severity"": ""中等至严重"", ""scene_tags"": [""育肥猪"", ""高热"", ""呼吸道症状"", ""腹泻"", ""用药无效""], ""validation_points"": [""症状与多种细菌性呼吸道感染相符"", ""多因素混合感染可能性高"", ""需实验室确诊指导用药""], ""risk_flags"": [""可能为人兽共患病原体（如李斯特菌、弯曲菌）需防范食品安全风险"", ""若涉及炭疽等重大动物疫病需立即上报并隔离处置""], ""case_type"": ""育肥猪用药咨询"", ""target_disease"": ""猪杂项细菌感染"", ""local_flags"": {""species_ok"": true, ""target_disease_in_diagnosis"": true, ""target_disease_mismatch"": false, ""contains_specific_dose"": false, ""contains_specific_withdrawal"": false, ""regulated_bad_treatment"": false}}",False,False,,,True,False,True,D:\XF-ChongQin\ai-\knowledge\llm_wiki_swine_authoritative,1465,887,"猪杂项细菌感染
猪杂项细菌感染、miscellaneous bacterial infections
育肥猪用药咨询
育肥猪出现典型症状，用户已经用过常见药物但效果一般，询问是否继续用药。","{""HUMAN_REVIEWED"": 3, ""NEEDS_REVIEW"": 2}","[""SRC-0001"", ""SRC-0012"", ""SRC-0015"", ""SRC-0035"", ""SRC-0079""]",2147,29.81,ERNIE-4.5-Turbo-32K,82,27,18,22,15,False,True,"该回答在诊断准确性、病理逻辑、处方安全性和数据质量方面表现良好，整体符合测试数据有效性要求。诊断考虑了多种细菌混合感染的可能性，并建议实验室检测以明确致病菌，符合实际场景需求。处方建议暂停当前抗生素方案并加强饲养管理，同时强调遵守兽药使用规定，安全合理。数据质量方面，症状描述与疾病匹配，但缺乏具体数据支持。
问题：诊断准确性方面，虽然考虑了多种细菌混合感染的可能性，但未完全排除病毒协同作用，且缺乏具体诊断依据。；病理逻辑方面，对症状与疾病之间的关联解释不够深入，未详细阐述为何考虑这些特定细菌。；处方安全性方面，虽然建议了广谱抗菌素的使用，但未明确具体药物，可能给用户带来困惑。；数据质量方面，症状描述较为笼统，缺乏具体数据（如发病率、死亡率等）支持，且未提及用户猪场的既往病史或疫苗接种情况。",hunyuan-turbos-20250926,85,8,8,9,7,True,False,"该数据场景真实，症状与可能的细菌混合感染相符，诊断思路合理，并提示实验室检测和防控重大疫病的安全边界。处方建议避免盲目换药，强调合规用药和上报机制，无危险建议。不足之处在于缺少更具体的流行病学信息支撑诊断，以及部分病理机制解释不足。
问题：缺乏发病率、死亡率等量化数据，影响诊断可信度。；未详细说明为何优先考虑链球菌、巴氏杆菌等特定病原的病理机制。；处方中“广谱抗菌素”表述模糊，可能导致执行偏差。",True,ERNIE-4.5-Turbo-32K,True,pass,该回答在诊断准确性、病理逻辑、处方安全性和数据质量方面表现良好，整体符合测试数据有效性要求。诊断考虑了多种细菌混合感染的可能性，并建议实验室检测以明确致病菌，符合实际场景需求。处方建议暂停当前抗生素方案并加强饲养管理，同时强调遵守兽药使用规定，安全合理。尽管存在缺乏具体数据支持和部分病理机制解释不足等轻微不足，但不影响整体判断，可判pass。,84.0,27,18,22,15,pass,22.29,16.37,
3e9c5500-c70c-5271-99d5-c810766f2708,448,猪丹毒,swine_hunyuan_turbos,hunyuan-turbos-20250926,成功,,猪,我家是育肥场，存栏大概600头，平均体重80公斤左右，最近两天有7头陆续出现精神沉郁、体温升高到41℃以上，部分猪背部和腹部皮肤出现紫红色菱形斑块，食欲下降明显。之前用过阿莫西林饮水三天，效果不明显。请问这种情况能不能先当普通细菌感染治一治看看？,根据描述，考虑为急性败血型猪丹毒可能性较大，特征包括高热、精神差、食欲减退及典型的菱形皮肤病变。需注意与A. suis败血症等相似疾病鉴别，确诊需实验室分离培养或PCR检测。,treatment_direction: 立即隔离病猪，减少应激，改善通风降温，防止继发感染。；management_measures: 对全群进行临床巡查，记录体温、采食和精神状况，暂停转群和混群操作。；sampling_submission: 采集病猪血液、脾脏等组织样本送实验室做细菌培养和分子检测，明确病原类型。；prohibited_actions: 在未排除重大动物疫病前，禁止私自出售、屠宰或外运病猪及其产品。,因未确定最终病原及用药方案，暂无法确定停药期，须依据检测结果和官方指导执行。,"{""disease_name"": ""猪丹毒"", ""severity"": ""高"", ""scene_tags"": [""急性败血症"", ""皮肤病变"", ""多栏发病""], ""validation_points"": [""高热超过41℃，精神沉郁"", ""典型菱形皮肤红斑"", ""短期内在同栏或多栏内多发""], ""risk_flags"": [""可能为重大动物疫病，需及时采样送检并配合防控部门调查"", ""存在误诊风险，需与A. suis败血症等鉴别""], ""case_type"": ""暴发与处置边界"", ""target_disease"": ""猪丹毒"", ""local_flags"": {""species_ok"": true, ""target_disease_in_diagnosis"": true, ""target_disease_mismatch"": false, ""contains_specific_dose"": false, ""contains_specific_withdrawal"": false, ""regulated_bad_treatment"": false}}",False,False,,,True,False,True,D:\XF-ChongQin\ai-\knowledge\llm_wiki_swine_authoritative,1465,887,"猪丹毒
猪丹毒、erysipelas
暴发与处置边界
同栏或多栋猪舍短期内发病增多，用户询问是否能先按普通病治疗观察。","{""HUMAN_REVIEWED"": 4}","[""SRC-0001"", ""SRC-0058"", ""SRC-0065""]",2221,27.35,ERNIE-4.5-Turbo-32K,82,28,18,22,14,False,True,"整体回答较为准确，诊断方向正确，考虑了鉴别诊断，处理方向安全，但数据质量方面存在一定不足，如未详细说明鉴别诊断的具体方法。
问题：diagnosis_accuracy: 虽诊断方向正确，但未详细说明鉴别诊断的具体方法，如A. suis败血症的鉴别要点。；pathology_logic: 病理逻辑基本合理，但未充分解释猪丹毒的病理机制与症状之间的联系。；prescription_safety: 处理方向安全，但未提供具体的治疗药物及剂量建议。；data_quality: 数据质量方面，回答中未包含足够的细节来支持诊断和处理建议，如未提及具体的采样方法和检测流程。",hunyuan-turbos-20250926,85,9,8,10,7,False,False,"该回答诊断方向正确，识别了急性败血型猪丹毒的典型表现，并提示了与A. suis败血症等的鉴别需求，处理措施安全且符合生物安全要求，未给出危险建议。不足之处在于鉴别诊断和病理机制的解释不够详细，采样与检测流程缺乏细化说明。
问题：未详细说明A. suis败血症与猪丹毒在临床表现上的关键鉴别点；缺乏对猪丹毒病理机制与症状之间关系的深入解释；采样与送检流程描述过于笼统",True,ERNIE-4.5-Turbo-32K,True,pass,整体回答诊断方向正确，识别了急性败血型猪丹毒的典型表现，并提示了与A. suis败血症等的鉴别需求，处理措施安全且符合生物安全要求，未给出危险建议。尽管在鉴别诊断、病理机制解释及采样与检测流程方面存在不足，但不影响整体诊断和处置方向的安全性及有效性。,84.0,28,18,22,14,pass,20.55,15.18,
2ff31721-a646-54d6-88ae-44c7f85c993e,458,猪环曲病毒/托克特诺病毒感染,swine_hunyuan_turbos,hunyuan-turbos-20250926,成功,,猪,我这边有120头70公斤左右的育肥猪，最近一周陆续出现精神沉郁、采食量下降、个别猪体温偏高到39℃左右的情况，粪便偏稀但不带血，用了氟苯尼考和多西环素拌料三天后症状没明显好转。圈舍通风一般，湿度偏大，之前这批猪在保育后期曾检出过PCV2阳性。想问下这种情况是不是还得继续用抗生素？还是有其他原因？,根据描述，当前症状缺乏特异性，且猪环曲病毒（TTSuV）在健康猪群中亦可高比例检出，无特异临床表现可直接归因于其感染。结合曾有PCV2阳性史及环境因素，考虑可能存在多因素混合影响，包括潜在病毒协同作用、应激及继发细菌感染等。需通过实验室检测排除其他病原并明确病因。,建议暂停盲目使用抗生素，先采集代表性病猪的血液、粪便及鼻拭子样本送实验室进行病原学检测（PCR检测TTSuV DNA、PCV2及其他常见病原），同时做血常规和生化检查评估机体状况。管理上改善圈舍通风与干燥度，减少应激，保证饮水清洁与饲料营养均衡。若检测到细菌性继发感染，再针对性选择敏感抗菌药物，并在兽医指导下执行。严禁将检测结果作为唯一处置依据，尤其涉及重大疫病时须按法规上报。,如后续确需用药，应严格遵循兽医开具的处方及国家兽药使用规范，确保停药期符合规定后方可出栏销售。,"{""disease_name"": ""猪环曲病毒/托克特诺病毒感染"", ""severity"": ""中等（取决于并发感染情况）"", ""scene_tags"": [""育肥猪"", ""多病原混合"", ""环境应激"", ""PCV2既往阳性""], ""validation_points"": [""TTSuV无特异临床症状，健康猪亦可能检出"", ""诊断依赖DNA或抗体检测，无病毒分离方案"", ""需排除其他病原及继发感染""], ""risk_flags"": [""需实验室确诊"", ""禁止仅凭单一病原结果决策""], ""case_type"": ""育肥猪用药咨询"", ""target_disease"": ""猪环曲病毒/托克特诺病毒感染"", ""local_flags"": {""species_ok"": true, ""target_disease_in_diagnosis"": true, ""target_disease_mismatch"": false, ""contains_specific_dose"": false, ""contains_specific_withdrawal"": false, ""regulated_bad_treatment"": false}}",False,False,,,True,False,True,D:\XF-ChongQin\ai-\knowledge\llm_wiki_swine_authoritative,1465,887,"猪环曲病毒/托克特诺病毒感染
猪环曲病毒/托克特诺病毒感染、anelloviruses torque teno sus viruses、TTSuV、Torque teno sus virus
育肥猪用药咨询
育肥猪出现典型症状，用户已经用过常见药物但效果一般，询问是否继续用药。","{""HUMAN_REVIEWED"": 3}","[""SRC-0001"", ""SRC-0083""]",2221,33.99,ERNIE-4.5-Turbo-32K,82,27,18,23,14,False,True,"该回答整体表现较好，诊断准确度较高，考虑了多因素混合影响，并建议实验室检测以明确病因。病理逻辑合理，处方安全，强调了避免盲目使用抗生素和改善管理措施。数据质量方面，虽然提供了详细的背景信息，但部分关键信息如具体检测方法和结果解读可进一步细化。
问题：诊断部分虽然考虑了多因素混合影响，但对猪环曲病毒（TTSuV）的特异性症状描述不够详细，可能影响诊断的精准性。；病理逻辑部分，虽然提到了潜在病毒协同作用、应激及继发细菌感染等，但未详细阐述这些因素如何相互作用导致当前症状。；数据质量方面，虽然提供了详细的用户查询和背景信息，但部分关键信息如具体检测方法和结果解读未详细说明，可能影响后续处理的准确性。；处方安全部分，虽然强调了避免盲目使用抗生素和改善管理措施，但未提供具体的抗菌药物选择建议（在确认细菌性继发感染后）",hunyuan-turbos-20250926,85,90,85,88,80,False,False,"回答总体科学严谨，诊断考虑了多种可能病因，强调实验室检测和避免盲目用药，处方安全且有法规意识，无明显危险建议。不足之处在于对TTSuV特异性症状描述不足，病理机制解释略简略，检测方法细节缺失。
问题：对猪环曲病毒（TTSuV）特异性临床表现描述不足，影响诊断精准性；未详细阐述病毒协同作用、应激与继发感染的相互作用机制；缺少具体检测方法的说明，可能导致后续操作模糊",True,ERNIE-4.5-Turbo-32K,True,pass,回答整体科学严谨，诊断考虑了多因素混合影响，强调实验室检测以明确病因，避免盲目用药，处方安全且具有法规意识。虽然对猪环曲病毒（TTSuV）特异性症状描述不足，病理机制解释略简略，检测方法细节缺失，但不影响整体方向和安全性，可通过后续补充完善。,84.0,27,18,23,14,pass,24.91,18.44,
6094b4f4-c005-577f-8f8f-a84781a9050e,494,猪结核病,swine_hunyuan_turbos,hunyuan-turbos-20250926,成功,,猪,我家有200头90公斤左右的育肥猪，最近发现其中几头精神沉郁、食欲下降、咳嗽明显，体温在39℃左右，持续了差不多一周。之前用了替米考星和多西环素拌料，效果不明显，还有两头消瘦得厉害。圈舍通风一般，地面潮湿，想问这种情况还能继续用这些药吗？,根据描述的症状（慢性咳嗽、消瘦、发热）和用药史，结合育肥猪的饲养环境，怀疑为猪结核病可能，但该病多为亚临床感染，常通过屠宰检疫发现。目前表现提示可能存在慢性呼吸道细菌感染，不排除结核分枝杆菌感染的可能，需进一步实验室检测确认。,treatment_direction: 不建议继续使用常规抗生素作为单一方案，应停止盲目投药，防止耐药产生。；management_measures: 立即隔离可疑个体，改善圈舍通风与干燥度，减少应激因素；加强全群健康监测，记录发病与死亡情况。；sampling_and_testing: 采集可疑猪的肺、淋巴结等组织样本送专业实验室进行抗酸染色、PCR或培养检测，明确是否为Mycobacterium属感染。；prohibited_boundaries: 在未确诊前不得自行使用任何针对结核病的特殊药物；若确诊为猪结核，应按国家相关规定进行无害化处理，禁止流入市场。,未确诊前无明确停药建议；如后续使用特定抗结核药物，须依据检测结果和国家规定确定停药与出栏时间。,"{""disease_name"": ""猪结核病"", ""severity"": ""中等至严重（取决于感染范围与病原类型）"", ""scene_tags"": [""育肥猪"", ""慢性呼吸道症状"", ""亚临床感染"", ""人兽共患风险""], ""validation_points"": [""症状符合慢性消耗性疾病特征"", ""常规抗生素治疗无效提示非典型病原体"", ""环境潮湿通风差增加感染风险""], ""risk_flags"": [""潜在人兽共患风险"", ""需实验室确诊"", ""可能涉及重大疫病防控""], ""case_type"": ""育肥猪用药咨询"", ""target_disease"": ""猪结核病"", ""local_flags"": {""species_ok"": true, ""target_disease_in_diagnosis"": true, ""target_disease_mismatch"": false, ""contains_specific_dose"": false, ""contains_specific_withdrawal"": false, ""regulated_bad_treatment"": false}}",False,False,,,True,False,True,D:\XF-ChongQin\ai-\knowledge\llm_wiki_swine_authoritative,1465,887,"猪结核病
猪结核病、tuberculosis
育肥猪用药咨询
育肥猪出现典型症状，用户已经用过常见药物但效果一般，询问是否继续用药。","{""HUMAN_REVIEWED"": 3, ""NEEDS_REVIEW"": 2}","[""SRC-0001"", ""SRC-0078""]",2104,28.25,ERNIE-4.5-Turbo-32K,82,27,18,22,15,False,True,"整体回答质量较高，诊断方向合理，考虑到了猪结核病的可能性，并提出了实验室检测的建议。处理方向安全，避免了盲目用药和耐药性的产生。数据质量方面，虽然提供了详细的症状描述和用药史，但部分信息如具体检测方法和结果解读可进一步丰富。
问题：诊断准确性方面，虽然考虑到了猪结核病的可能性，但未给出更具体的诊断依据或排除其他类似疾病的理由。；病理逻辑方面，对猪结核病的病理过程解释不够深入，未详细阐述为何常规抗生素治疗无效。；处方安全方面，虽然提出了停止盲目投药的建议，但未给出具体的替代治疗方案或建议使用的药物类别。；数据质量方面，缺乏对猪结核病流行病学特点、临床症状的详细描述，以及实验室检测方法的具体介绍。",hunyuan-turbos-20250926,85,80,78,88,82,False,False,"该回答在场景真实性和症状-疾病匹配上基本合理，考虑了猪结核病的可能性，并结合用药史和环境因素提出怀疑。诊断思路较为谨慎，强调实验室确诊的重要性，避免直接下结论。处理措施包括隔离、改善环境及送检，符合生物安全要求，未发现危险建议。不足之处在于缺乏更深入的病理机制解释和明确的鉴别诊断分析，且未提供替代治疗方向。
问题：诊断部分缺少对猪结核病与其他慢性呼吸道疾病（如支原体肺炎、副猪嗜血杆菌病等）的鉴别说明。；病理逻辑中对为何常规抗生素无效的机制解释不足。；未给出确诊后可能的替代治疗方向或药物类别建议。",True,ERNIE-4.5-Turbo-32K,True,pass,整体回答质量较高，诊断方向合理，考虑到了猪结核病的可能性，并提出了实验室检测的建议。处理方向安全，避免了盲目用药和耐药性的产生。虽然存在诊断准确性、病理逻辑和处方安全方面的轻微不足，但不影响整体判断，可参考价值较高。,84.0,27,18,22,15,pass,19.35,13.08,
28afcf7f-fd1e-5bd3-a321-b22a312e26fd,21,猪星状病毒感染,swine_hunyuan_turbos,hunyuan-turbos-20250926,成功,,猪,我家有120头25日龄左右的保育猪，最近两天陆续出现拉稀，粪便呈黄色水样，有的猪精神差、不吃料，圈舍温度偏低且通风不好，之前用过恩诺沙星拌料三天效果不明显，想问问这是啥原因，该怎么处理？,结合年龄、水样腹泻、低体温环境和多猪同时发病的情况，高度怀疑为病毒性腹泻综合征，可能由猪星状病毒等肠道病毒引起，常与其他病原混合感染。需排除细菌性肠炎及营养性腹泻。,treatment_direction: 对症支持治疗，防止继发细菌感染，改善饲养管理条件。；management_measures: 提高舍温，加强通风换气，减少应激；提供清洁温水，补充电解质；分群饲养，降低密度；对严重脱水个体进行补液。；sampling_and_testing: 采集新鲜粪便送实验室检测，明确病原类型（如星状病毒、冠状病毒、细菌等），指导后续防控。；prohibited_boundaries: 禁止使用未经批准的抗病毒药物；禁止随意使用抗生素预防；发现群体性死亡或疫情扩散迹象时，应立即向当地畜牧兽医部门报告。,无特定休药期，因主要为支持性管理和环境控制，不涉及特定药物残留问题。,"{""disease_name"": ""猪星状病毒感染"", ""severity"": ""中等"", ""scene_tags"": [""保育猪"", ""病毒性腹泻"", ""群体发病"", ""低温高湿环境""], ""validation_points"": [""符合星状病毒感染的日龄段和临床表现"", ""存在可能的混合感染因素"", ""管理缺陷（低温、通风不良）是诱因""], ""risk_flags"": [""潜在混合感染风险"", ""若病情快速恶化需警惕其他重大疫病""], ""case_type"": ""腹泻群体发病"", ""target_disease"": ""猪星状病毒感染"", ""local_flags"": {""species_ok"": true, ""target_disease_in_diagnosis"": true, ""target_disease_mismatch"": false, ""contains_specific_dose"": false, ""contains_specific_withdrawal"": false, ""regulated_bad_treatment"": false}}",False,False,,,True,False,True,D:\XF-ChongQin\ai-\knowledge\llm_wiki_swine_authoritative,1465,887,"猪星状病毒感染
猪星状病毒感染、astroviruses、astrovirus、猪星状病毒
腹泻群体发病
同窝或同栏出现水样腹泻、脱水、采食下降，用户想知道主要病因和紧急处理。","{""HUMAN_REVIEWED"": 2, ""NEEDS_REVIEW"": 2}","[""SRC-0001"", ""SRC-0032""]",2220,30.89,ERNIE-4.5-Turbo-32K,82,27,18,20,17,False,True,"该回答整体上对猪星状病毒感染的诊断、处理方向和安全措施进行了较为合理的描述，诊断准确性较高，病理逻辑基本合理，处方安全且符合疾病特点，数据质量较好，无明显致命风险。
问题：诊断部分虽然提到可能由猪星状病毒等肠道病毒引起，但未明确指出猪星状病毒感染是主要怀疑对象，诊断准确性略有不足。；病理逻辑部分对混合感染的考虑较为笼统，未详细说明可能混合感染的其他病原及其影响。；数据质量方面，虽然场景标签和验证点较为全面，但风险标志部分对潜在混合感染风险的描述较为简单，缺乏具体性。；处方安全部分虽然禁止了未经批准的抗病毒药物和随意使用抗生素预防，但未提及具体抗生素的使用情况（如之前使用的恩诺沙星是否合理）。",hunyuan-turbos-20250926,85,80,80,90,85,False,False,"该案例场景真实，用户描述的保育猪腹泻、精神差、低温通风不良以及用药无效等情况符合病毒性腹泻综合征的临床特征。诊断中考虑了猪星状病毒及其他可能的病原，并提示排除细菌和营养性腹泻，方向正确。处理方案以对症支持、改善环境、采样检测和上报为主，符合安全规范，没有危险建议。不足之处在于诊断中对猪星状病毒的指向不够明确，混合感染分析较笼统，未针对已用恩诺沙星的合理性作进一步说明。
问题：诊断部分未明确将猪星状病毒感染作为首要怀疑对象，仅泛化为病毒性腹泻综合征。；对可能的混合感染病原种类及机制描述过于笼统，缺乏针对性分析。；未评估用户此前使用恩诺沙星的合理性与局限性。",True,ERNIE-4.5-Turbo-32K,True,pass,该回答对猪星状病毒感染的诊断、处理方向和安全措施进行了较为合理的描述，诊断准确性较高，病理逻辑基本合理，处方安全且符合疾病特点。尽管存在诊断中对猪星状病毒的指向不够明确、混合感染分析较笼统、未评估用户此前使用恩诺沙星的合理性与局限性等轻微不足，但整体数据质量较好，无明显致命风险，不影响整体判断。,83.0,27,18,20,17,pass,20.62,17.3,
00140045-7420-5dff-aea8-eae590e25073,36,猪流感,swine_hunyuan_turbos,hunyuan-turbos-20250926,成功,,猪,我家是200头左右的保育猪场，现在这批猪大概45日龄左右，最近几天天气忽冷忽热，加上舍内通风不太好，早上进圈能闻到明显氨味。部分猪出现咳嗽、喘气，个别精神稍差，采食量略有下降，没有大面积死亡。之前用过阿莫西林饮水防继发感染，效果一般。请问这是环境问题还是猪流感？该怎么处理？,根据描述，保育猪在通风不良、氨气浓度高及昼夜温差大的环境下，出现咳嗽、喘气、采食下降等症状，符合猪流感等病毒性呼吸道病的表现，但也需考虑环境刺激因素及可能的细菌性继发感染。建议结合体温监测、发病率、死亡率以及是否有高热、全身反应等进行综合判断。,1. 立即改善圈舍通风，降低氨气浓度，保持适宜温湿度；2. 对发病猪进行隔离观察，减少混群应激；3. 采集鼻拭子或肺组织样本送实验室检测，明确是否为猪流感或其他病原；4. 若确诊猪流感，应配合支持疗法（如补液、退热），必要时使用抗病毒和支持性药物，并防止继发细菌感染；5. 严禁随意使用未经许可的抗生素或抗病毒药物；6. 若为重大动物疫病（如非洲猪瘟等），须按当地主管部门要求进行报告、隔离和无害化处理。,因涉及多种可能病因，具体休药期需依据最终确诊病原及所用药物确定，建议在兽医指导下执行。,"{""disease_name"": ""猪流感"", ""severity"": ""中等"", ""scene_tags"": [""保育猪"", ""呼吸道症状"", ""环境应激"", ""氨气"", ""温差""], ""validation_points"": [""症状与猪流感典型呼吸道表现一致"", ""环境因素（通风差、氨气高、温差大）可诱发或加重呼吸道病"", ""需通过实验室检测排除其他病原""], ""risk_flags"": [""需排除重大动物疫病"", ""需结合实验室确诊"", ""禁止自行使用高风险药物""], ""case_type"": ""呼吸道环境诱因"", ""target_disease"": ""猪流感"", ""local_flags"": {""species_ok"": true, ""target_disease_in_diagnosis"": true, ""target_disease_mismatch"": false, ""contains_specific_dose"": false, ""contains_specific_withdrawal"": false, ""regulated_bad_treatment"": false}}",False,False,,,True,False,True,D:\XF-ChongQin\ai-\knowledge\llm_wiki_swine_authoritative,1465,887,"猪流感
猪流感、influenza viruses
呼吸道环境诱因
通风差、氨气重或温差大后出现咳嗽喘气，用户想区分环境应激和传染病。","{""HUMAN_REVIEWED"": 3}","[""RC-RESP-001"", ""SRC-0001"", ""SRC-0042"", ""SRC-0043"", ""SRC-0049"", ""SRC-0050"", ""SRC-0058"", ""SRC-0059"", ""SRC-0066"", ""SRC-0069"", ""SRC-0070"", ""SRC-0086""]",2221,25.58,ERNIE-4.5-Turbo-32K,82,27,18,20,17,False,True,"整体回答较为全面，诊断逻辑合理，考虑了环境因素和疾病因素，并建议实验室检测以明确诊断。处理方向安全，未出现与疾病相冲突的处方。数据质量基本满足要求，但部分细节可进一步完善。
问题：诊断准确性方面，虽然考虑了猪流感的可能性，但未充分排除其他类似症状的疾病，如猪传染性胸膜肺炎等。；病理逻辑方面，对环境因素与疾病关系的阐述较为笼统，可进一步细化。；处方安全性方面，虽然提到了禁止随意使用未经许可的药物，但未具体说明哪些药物属于高风险。；数据质量方面，症状描述和诊断依据的详细程度有待提升，以增强回答的可信度。",hunyuan-turbos-20250926,85,8,8,9,7,False,False,"该回答能够结合用户提供的环境与临床症状信息，提出猪流感等病毒性呼吸道病的可能性，同时提醒考虑环境刺激和细菌继发感染，并建议实验室检测确认病原。处理方案包括改善环境、隔离观察、送检、支持治疗及依法报告重大疫情，整体安全且无明显危险建议。不足之处在于对鉴别诊断列举不足，环境因素与疾病关系分析较笼统，处方中未明确列出高风险药物类别，数据细节可更丰富。
问题：鉴别诊断范围偏窄，未提及猪传染性胸膜肺炎、支原体肺炎等常见相似症状疾病。；环境因素与疾病发生机制的逻辑联系不够细致。；处方中虽提到禁止随意用药，但未举例说明哪些药物属高风险。；症状与诊断依据的细节描述不足，影响可信度和针对性。",True,ERNIE-4.5-Turbo-32K,True,pass,整体回答较为全面，诊断逻辑合理，考虑了环境因素和疾病因素，并建议实验室检测以明确诊断。处理方向安全，未出现与疾病相冲突的处方。虽然存在鉴别诊断列举不足、环境因素与疾病关系分析较笼统、未明确列出高风险药物类别、数据细节可更丰富等轻微不足，但不影响整体判断，数据质量基本满足要求。,83.0,27,18,20,17,pass,17.35,20.66,
8d3732d3-a502-5d94-be77-fba92adeec24,244,猪δ冠状病毒感染,swine_hunyuan_turbos,hunyuan-turbos-20250926,成功,,猪,我家有200多头120公斤左右的育肥猪，还有不到一个月就要出栏了，这几天陆续有几头开始拉稀，粪便稀薄带点酸臭味，精神食欲还行，体温正常，圈舍通风一般，之前没用过什么药。这种情况还能继续养到出栏吗？会不会影响卖猪？需要怎么处理？,根据描述，结合近期临近出栏育肥猪出现轻度腹泻、精神食欲尚可、体温正常的情况，考虑可能为猪δ冠状病毒感染等病毒性腹泻疾病，也可能与饲养管理、饲料变化有关。该病在育肥猪中常表现为一过性腹泻，部分可自愈，但需排除其他病原混合感染。,建议立即将发病猪与健康猪分栏隔离，减少交叉接触；加强圈舍保温与通风，保持干燥清洁；提供易消化的全价饲料，适当补充电解质；采集新鲜粪便送实验室检测病原，明确是否为PDCoV或其他病原；在未明确诊断前避免使用广谱抗生素以防耐药及药物残留；若确诊为PDCoV且病情轻微，可在兽医指导下采取支持疗法促进恢复，同时严格遵守出栏前的停药观察期，确保无药物残留后方可出售。如怀疑重大疫病或疫情扩散风险，应立即向当地畜牧兽医部门报告并按要求处置。,因涉及潜在病毒病及用药情况不明，出栏前应依据检测结果和所用药物确定安全休药期，确保符合食品安全标准方可上市。,"{""disease_name"": ""猪δ冠状病毒感染"", ""severity"": ""中等"", ""scene_tags"": [""育肥猪"", ""临近出栏"", ""腹泻"", ""病毒性""], ""validation_points"": [""症状与PDCoV轻型感染相符"", ""隔离措施可降低传播风险"", ""检测有助于明确病因""], ""risk_flags"": [""临近出栏需关注药物残留与检疫要求"", ""若疫情扩散可能触发重大疫病防控程序""], ""case_type"": ""腹泻出栏边界"", ""target_disease"": ""猪δ冠状病毒感染"", ""local_flags"": {""species_ok"": true, ""target_disease_in_diagnosis"": true, ""target_disease_mismatch"": false, ""contains_specific_dose"": false, ""contains_specific_withdrawal"": false, ""regulated_bad_treatment"": false}}",False,False,,,True,False,True,D:\XF-ChongQin\ai-\knowledge\llm_wiki_swine_authoritative,1465,887,"猪δ冠状病毒感染
猪δ冠状病毒感染、porcine deltacoronavirus
腹泻出栏边界
临近出栏猪群出现腹泻，用户关心处理方向、隔离和用药后能否销售。","{""HUMAN_REVIEWED"": 1, ""NEEDS_REVIEW"": 4}","[""A0-MOA-573"", ""SRC-0001""]",2027,25.4,ERNIE-4.5-Turbo-32K,82,27,18,22,15,False,True,"整体回答较为全面，诊断考虑了病毒性腹泻的可能性，并提到了饲养管理和饲料变化的因素，符合猪δ冠状病毒感染的轻型症状描述。处理方向安全，强调了隔离、环境管理和实验室检测的重要性，同时关注了药物残留和食品安全问题。但数据质量方面，对症状的详细描述和诊断依据的充分性略有不足。
问题：诊断准确性方面，虽然考虑了病毒性腹泻，但对症状的详细描述和诊断依据的充分性略有不足，未充分排除其他可能的疾病。；病理逻辑方面，对疾病的发展和可能并发症的讨论不够深入。；数据质量方面，症状描述和诊断依据的详细程度有待提升，以增强诊断的说服力。",hunyuan-turbos-20250926,85,80,80,90,75,False,False,"该回答针对临近出栏育肥猪轻度腹泻的症状，合理推测为猪δ冠状病毒感染，并结合饲养管理因素分析，诊断思路基本正确。处理方案强调隔离、改善环境、营养支持和实验室检测，避免盲目使用抗生素，并提示依法报告和遵守休药期，安全性较高。不足之处在于症状细节和鉴别诊断依据略显不足，病理发展过程讨论较少，数据支撑度一般。
问题：症状描述和分析较笼统，缺乏更具体的鉴别要点（如粪便颜色、脱水程度等）以区分不同病因。；对猪δ冠状病毒感染与其他常见腹泻病原（如轮状病毒、大肠杆菌、球虫等）的鉴别讨论不足。；病理机制和发展趋势分析不够深入，缺少对病程、继发感染风险的说明。",True,ERNIE-4.5-Turbo-32K,True,pass,诊断考虑了病毒性腹泻的可能性，并结合饲养管理因素分析，诊断思路基本正确。处理方案强调隔离、改善环境、营养支持和实验室检测，避免盲目使用抗生素，并提示依法报告和遵守休药期，安全性较高。尽管症状细节和鉴别诊断依据略显不足，病理发展过程讨论较少，但整体方向安全且疾病匹配，符合筛选标准。,83.0,27,18,22,15,pass,16.58,16.12,
45b6fa22-f3db-57d4-a32c-a618db4c56ed,316,猪圆环病毒相关疾病,swine_hunyuan_turbos,hunyuan-turbos-20250926,成功,,猪,我家有300头育肥猪，平均体重70公斤左右，分在两个圈舍饲养。最近一周内两个圈舍都有陆续出现精神沉郁、采食下降、皮肤发白的情况，个别猪还伴有轻度腹泻。之前用过一些抗生素拌料，效果不明显。想问这种情况能不能先当普通病治着看？,根据描述的症状（精神沉郁、采食下降、皮肤苍白、腹泻）以及短时间内多圈舍同时发病的特点，结合猪圆环病毒相关疾病（PCVAD）的典型表现，应高度怀疑该病。该病由猪圆环病毒2型（PCV2）引起，常与其他病原体协同致病，表现为生长迟缓、消瘦、贫血、腹泻等。,treatment_direction: 立即隔离可疑病例，加强全群营养支持，改善通风与卫生条件，减少应激。；management_measures: 对发病猪进行单独护理，保证饮水清洁，适当补充电解质和维生素；调整饲料配方以提高适口性；降低密度以减少交叉感染机会。；sampling_and_testing: 采集血液、组织样本送实验室PCR检测PCV2核酸，必要时做病理剖检和组织学检查，以确诊并排除其他混合感染。；prohibited_boundaries: 在未明确病原前，禁止随意使用未经批准的抗病毒药物或大剂量激素；若确诊为重大动物疫病或涉及国家管控的传染病，须按规定上报并采取扑杀、无害化处理等措施。,因未使用特定化学药品，暂无具体休药期要求；如后续使用兽药需遵循标签说明及国家规定。,"{""disease_name"": ""猪圆环病毒相关疾病"", ""severity"": ""中等至严重（视继发感染情况而定）"", ""scene_tags"": [""育肥猪"", ""多圈舍同期发病"", ""贫血消瘦"", ""腹泻""], ""validation_points"": [""症状符合PCVAD典型表现"", ""短期内在多个圈舍扩散提示传染性病因"", ""抗生素治疗无效提示非细菌性单一病因""], ""risk_flags"": [""存在群体传播风险"", ""可能伴随其他病原混合感染"", ""需警惕是否为重大动物疫病流行""], ""case_type"": ""暴发与处置边界"", ""target_disease"": ""猪圆环病毒相关疾病"", ""local_flags"": {""species_ok"": true, ""target_disease_in_diagnosis"": true, ""target_disease_mismatch"": false, ""contains_specific_dose"": false, ""contains_specific_withdrawal"": false, ""regulated_bad_treatment"": false}}",False,False,,,True,False,True,D:\XF-ChongQin\ai-\knowledge\llm_wiki_swine_authoritative,1465,887,"猪圆环病毒相关疾病
猪圆环病毒相关疾病、circoviruses pcvad
暴发与处置边界
同栏或多栋猪舍短期内发病增多，用户询问是否能先按普通病治疗观察。","{""HUMAN_REVIEWED"": 3, ""NEEDS_REVIEW"": 2}","[""A0-MOA-573"", ""SRC-0001"", ""SRC-0035""]",2014,29.86,ERNIE-4.5-Turbo-32K,82,28,18,22,14,False,True,"整体回答质量较高，诊断准确性、病理逻辑、处方安全性和数据质量均表现良好，无明显致命风险。诊断准确识别了猪圆环病毒相关疾病（PCVAD）的可能性，并考虑了多圈舍同期发病和抗生素治疗无效等关键因素。处方安全合理，强调了隔离、营养支持和实验室检测的重要性，同时避免了未经批准的抗病毒药物和大剂量激素的使用。数据质量方面，症状描述和场景标签较为详细，但部分验证点和风险标志的描述可进一步具体化。
问题：诊断准确性方面，虽然识别了PCVAD的可能性，但未完全排除其他类似症状的疾病，如猪瘟、猪繁殖与呼吸综合征（PRRS）等，可进一步增加鉴别诊断的描述。；病理逻辑方面，对PCVAD的病理机制解释不够深入，尤其是与其他病原体协同致病的具体机制。；处方安全性方面，虽然强调了营养支持和隔离，但对继发感染的控制措施描述不够详细，如是否需要使用抗生素预防继发感染。；数据质量方面，验证点和风险标志的描述较为笼统，可增加具体的症状、发病率等数据支持。",hunyuan-turbos-20250926,85,4,4,5,4,False,False,"该回答在诊断上准确识别了猪圆环病毒相关疾病（PCVAD）的可能性，并结合多圈舍同期发病、抗生素治疗无效等关键信息进行了合理推断。处方方案强调隔离、营养支持、环境改善和实验室检测，符合安全规范，未出现危险用药建议。不足之处在于鉴别诊断不足，未充分排除猪瘟、PRRS等其他可能疾病；病理机制解释较浅，缺乏协同致病的细节；对继发感染防控建议不够具体；数据支撑略显笼统。总体无致命风险，属于可用数据。
问题：未充分列出可能的鉴别诊断（如猪瘟、PRRS等），存在漏诊风险。；对PCVAD与其他病原体协同致病的机制解释不足。；继发感染防控措施描述不够具体，缺少抗生素使用的指导。；数据支撑中缺乏更细化的症状频率、病程等信息。",True,ERNIE-4.5-Turbo-32K,True,pass,诊断准确识别了猪圆环病毒相关疾病（PCVAD）的可能性，并结合多圈舍同期发病、抗生素治疗无效等关键信息进行了合理推断。处方方案强调隔离、营养支持、环境改善和实验室检测，符合安全规范，未出现危险用药建议。尽管存在鉴别诊断不足、病理机制解释较浅、继发感染防控建议不够具体、数据支撑略显笼统等轻微不足，但整体回答质量较高，无明显致命风险，属于可用数据。,83.0,28,18,22,14,pass,20.25,16.23,
c9573fa9-71b0-592d-95ea-ffad68338d03,404,非典型猪瘟病毒感染,swine_hunyuan_turbos,hunyuan-turbos-20250926,成功,,猪,我家有200头70日龄左右的育肥猪，这几天陆续有几头开始精神沉郁、食欲下降、体温升高到40℃左右，还有个别拉稀带血丝的情况。之前用了氟苯尼考和多西环素拌料喂了三天，症状没明显好转，反而又有几头新发病。圈舍通风一般，湿度偏高，想问下这种情况还能继续用这些药吗？还是得换方案？,根据描述的发热、精神沉郁、食欲减退及部分血便等症状，结合育肥猪阶段易感性，考虑存在病毒性感染的可能，如非典型猪瘟病毒感染等。该病为病毒性疾病，抗生素对病毒无效，因此单纯使用抗菌药难以控制病情发展。需结合实验室检测明确病原，同时排除其他细菌或寄生虫混合感染。,立即停喂原抗菌药物，改为支持疗法：保证饮水充足，可添加多维电解质缓解应激；改善圈舍通风与干燥度，降低密度以减少交叉感染；采集新鲜血样、粪便及病死猪组织送实验室进行病原学检测（PCR），明确是否为非典型猪瘟病毒感染或其他病原；若怀疑重大疫病，应按当地畜牧部门要求进行隔离、报告和防控，不可自行更换广谱抗病毒药物或随意使用未经批准的兽药。,因本次建议主要为诊断与防控措施，不涉及具体药物使用，无特定休药期说明。如需用药，须依据检测结果并在执业兽医指导下执行，并遵守相应休药期规定。,"{""disease_name"": ""非典型猪瘟病毒感染"", ""severity"": ""中等至严重（视继发感染情况而定）"", ""scene_tags"": [""育肥猪"", ""发热"", ""血便"", ""抗生素治疗无效""], ""validation_points"": [""症状符合病毒性感染特征"", ""抗生素无效提示非细菌性主因"", ""需要实验室检测确诊""], ""risk_flags"": [""可能为人畜共患病或重大动物疫病，需按法规处置""], ""case_type"": ""育肥猪用药咨询"", ""target_disease"": ""非典型猪瘟病毒感染"", ""local_flags"": {""species_ok"": true, ""target_disease_in_diagnosis"": true, ""target_disease_mismatch"": false, ""contains_specific_dose"": false, ""contains_specific_withdrawal"": false, ""regulated_bad_treatment"": false}}",False,False,,,True,False,True,D:\XF-ChongQin\ai-\knowledge\llm_wiki_swine_authoritative,1465,887,"非典型猪瘟病毒感染
非典型猪瘟病毒感染、atypical porcine pestivirus pestivirus infections
育肥猪用药咨询
育肥猪出现典型症状，用户已经用过常见药物但效果一般，询问是否继续用药。","{""HUMAN_REVIEWED"": 2, ""NEEDS_REVIEW"": 2}","[""SRC-0001"", ""SRC-0031""]",2221,27.51,ERNIE-4.5-Turbo-32K,82,28,18,22,14,False,True,"该回答整体上对非典型猪瘟病毒感染的诊断、处理方向和安全措施有较好的把握，诊断准确度较高，处理方向安全，但数据质量方面存在一定不足，如未提供详细的实验室检测建议和具体的防控措施。
问题：诊断部分虽然考虑到了病毒性感染的可能性，但未充分结合具体症状和病史进行深入分析，诊断准确性可进一步提升。；病理逻辑部分对疾病的传播途径和预防措施的描述不够详细，缺乏具体的防控建议。；处方安全部分建议停喂原抗菌药物并改为支持疗法，这是合理的，但未提供具体的药物替代方案或详细的防控措施。；数据质量方面，未提供详细的实验室检测建议和具体的防控措施，信息不够全面。",hunyuan-turbos-20250926,85,90,80,88,75,True,False,"回答准确识别了可能的病毒性感染，并指出抗生素无效，强调实验室检测和报告程序，符合重大疫病的安全边界要求。但诊断分析深度不足，缺少更细致的鉴别诊断思路；防控细节偏笼统，未给出更具体的环境管理或生物安全措施。整体安全可控，无明显危险建议。
问题：诊断部分未结合更多流行病学背景和鉴别诊断展开分析；防控建议较为笼统，缺少针对通风、密度、消毒等方面的细化措施；未提及可能的人兽共患或继发细菌感染的排查",True,ERNIE-4.5-Turbo-32K,True,pass,回答准确识别了可能的病毒性感染，并指出抗生素无效，强调实验室检测和报告程序，符合重大疫病的安全边界要求。尽管诊断分析深度不足，防控细节偏笼统，但整体安全可控，无明显危险建议，因此判为pass。,83.0,28,18,22,14,pass,18.23,16.27,
376b6958-ebb6-51f3-9170-1648567694e3,449,猪支原体肺炎,swine_hunyuan_turbos,hunyuan-turbos-20250926,成功,,猪,我家有200头80公斤左右的育肥猪，已经养了快两个月，最近半个月陆续出现咳嗽、喘气，有的猪精神不好、采食量下降，之前用过替米考星拌料一周，症状减轻了一点但没完全好，还有几头体温偏高。圈舍通风一般，粪沟清理不及时有点臭味。我想知道这种情况该采哪些样送检测？会不会是支原体肺炎还是有其他混合感染？,根据描述，育肥猪在通风不良、粪沟积污环境下出现持续性咳嗽、喘气和采食下降，伴部分个体发热，提示可能存在猪支原体肺炎（Enzootic Pneumonia），且可能合并其他呼吸道感染（如PRRSV、流感病毒或PCV2等）。支原体肺炎常表现为慢性干咳、生长迟缓，抗生素可部分缓解但不能根除。当前症状反复可能与环境刺激、继发感染或混合感染有关。,treatment_direction: 改善圈舍通风，减少氨气及粉尘浓度；加强粪沟清理与消毒；针对疑似细菌感染可考虑使用对支原体有效的抗生素（如泰妙菌素类或氟喹诺酮类），但需结合实验室检测结果调整方案。；management_measures: 分群饲养，减少应激；保证饮水充足与营养均衡；密切观察体温、呼吸频率和精神状态变化；记录发病与死亡情况以便分析趋势。；sampling_and_testing: 建议采集鼻腔拭子、肺组织（病死猪）或支气管灌洗液进行PCR检测，检测目标包括M. hyopneumoniae、PRRSV、PCV2、流感病毒等；必要时做细菌分离培养以排除其他细菌性肺炎。；prohibited_boundaries: 在未明确病原前，不得盲目使用广谱抗生素或激素类药物掩盖症状；禁止将疑似重大传染病病例随意出售或转运。,因涉及多种潜在病原及不同药物选择，停药期需依据最终确诊病原及所用药物确定，暂不建议出栏销售直至症状消失并经过适当观察期。,"{""disease_name"": ""猪支原体肺炎"", ""severity"": ""中等"", ""scene_tags"": [""育肥猪"", ""慢性呼吸道症状"", ""环境通风不良"", ""疑似混合感染""], ""validation_points"": [""症状符合支原体肺炎特征（慢性咳嗽、喘气、生长缓慢）"", ""环境因素（通风差、粪沟异味）为诱因之一"", ""抗生素治疗部分有效但不彻底，提示可能混合感染""], ""risk_flags"": [""需排除PRRSV、PCV2、流感等其他呼吸道病原体"", ""环境管理不足可能导致病情反复""], ""case_type"": ""呼吸道采样送检"", ""target_disease"": ""猪支原体肺炎"", ""local_flags"": {""species_ok"": true, ""target_disease_in_diagnosis"": true, ""target_disease_mismatch"": false, ""contains_specific_dose"": false, ""contains_specific_withdrawal"": false, ""regulated_bad_treatment"": false}}",False,False,,,True,False,True,D:\XF-ChongQin\ai-\knowledge\llm_wiki_swine_authoritative,1465,887,"猪支原体肺炎
猪支原体肺炎、mycoplasmosis enzootic pneumonia
呼吸道采样送检
呼吸道症状持续，用药效果不稳定，用户询问采什么样品和如何鉴别混合感染。","{""HUMAN_REVIEWED"": 2, ""NEEDS_REVIEW"": 2}","[""RC-RESP-001"", ""SRC-0001"", ""SRC-0007"", ""SRC-0042"", ""SRC-0043"", ""SRC-0049"", ""SRC-0050"", ""SRC-0058"", ""SRC-0059"", ""SRC-0066"", ""SRC-0069"", ""SRC-0070"", ""SRC-0076"", ""SRC-0086""]",2221,30.19,ERNIE-4.5-Turbo-32K,82,27,18,24,13,False,True,"该回答对猪支原体肺炎的诊断较为准确，考虑到了环境因素和可能的混合感染。治疗方案安全，注重环境改善和实验室检测，未发现致命风险。
问题：data_quality方面，场景标签和验证点描述较为简单，缺乏详细的症状描述和实验室检测结果的引用，可以进一步丰富数据内容。；diagnosis_accuracy方面，虽然诊断方向正确，但缺乏对症状严重程度和具体诊断依据的详细描述，诊断准确性评分受到一定影响。；pathology_logic方面，对疾病病理逻辑的解释较为基础，可以进一步深入解释支原体肺炎的病理机制和混合感染的可能性。；prescription_safety方面，治疗方案安全，但停药期的建议较为模糊，未给出具体药物和停药期，可以进一步明确。",hunyuan-turbos-20250926,85,4,4,5,3,False,False,"回答整体符合猪支原体肺炎的临床特征，考虑了环境因素和可能的混合感染，诊断方向合理，处理措施安全，强调了实验室检测和避免滥用抗生素的原则，无致命风险。不足之处在于数据细节不够充分，病理机制解释较浅，停药期表述偏笼统。
问题：场景描述中缺少更细致的症状演变过程与病程时间线；病理机制解释停留在表面，未深入分析支原体肺炎与其他病原的混合感染机制；停药期建议过于笼统，未结合不同药物类别说明差异",True,ERNIE-4.5-Turbo-32K,True,pass,回答对猪支原体肺炎的诊断较为准确，考虑到了环境因素和可能的混合感染，治疗方案安全，注重环境改善和实验室检测，未发现致命风险。尽管存在数据细节不够充分、病理机制解释较浅、停药期表述偏笼统等轻微不足，但整体方向正确，不影响作为参考数据。,83.0,27,18,24,13,pass,19.24,13.84,
d96c853a-66e7-52a4-9129-97911c0df5fa,457,猪腺病毒感染,swine_hunyuan_turbos,hunyuan-turbos-20250926,成功,,猪,我家是育肥场，现在有一批45日龄左右的保育猪，大概120头，这几天陆续有猪不吃料、精神沉郁，有的还拉稀，体温在39℃左右，舍内通风一般，之前用过一些抗生素拌料，效果不明显。想问问是不是腺病毒引起的？该怎么处理？,根据描述，保育猪出现采食下降、腹泻、轻度发热等症状，结合年龄和环境条件，考虑猪腺病毒感染的可能性较大。该病多为自限性，但在应激条件下可加重。需排除细菌性肠炎、圆环病毒等混合感染。,建议立即改善饲养管理，提高舍温以减少冷应激；加强圈舍清洁消毒，减少粪便污染；暂停使用不必要的抗生素，避免肠道菌群紊乱；对严重病例进行补液和电解质支持；采集粪便及血液样品送实验室检测，明确病原；若怀疑其他烈性病（如非洲猪瘟），应立即按重大动物疫病处置流程上报并配合检疫。,无特定药物休药期，但需确保停药后至少间隔一个健康观察周期再出栏。,"{""disease_name"": ""猪腺病毒感染"", ""severity"": ""中等"", ""scene_tags"": [""保育猪"", ""采食下降"", ""腹泻"", ""轻度发热""], ""validation_points"": [""症状符合腺病毒感染常见表现"", ""年龄和季节因素增加易感性"", ""管理改善有助于恢复""], ""risk_flags"": [""需排除其他病毒性或细菌性混合感染"", ""注意区分重大动物疫病""], ""case_type"": ""保育猪群体发病"", ""target_disease"": ""猪腺病毒感染"", ""local_flags"": {""species_ok"": true, ""target_disease_in_diagnosis"": true, ""target_disease_mismatch"": false, ""contains_specific_dose"": false, ""contains_specific_withdrawal"": false, ""regulated_bad_treatment"": false}}",False,False,,,True,False,True,D:\XF-ChongQin\ai-\knowledge\llm_wiki_swine_authoritative,1465,887,"猪腺病毒感染
猪腺病毒感染、adenoviruses
保育猪群体发病
群体发病、采食下降、粪便或呼吸道异常，用户想知道主要病因和下一步处理。","{""HUMAN_REVIEWED"": 1, ""NEEDS_REVIEW"": 4}","[""SRC-0001"", ""SRC-0006"", ""SRC-0030""]",1948,25.54,ERNIE-4.5-Turbo-32K,82,27,18,22,15,False,True,"该回答整体上对猪腺病毒感染的诊断、处理方向和风险控制较为合理，诊断准确性较高，病理逻辑基本清晰，处方安全且符合疾病特点，数据质量基本满足要求，无明显致命风险。
问题：诊断准确性方面，虽然考虑了猪腺病毒感染的可能性，但对其他可能疾病的排除不够详细，如细菌性肠炎和圆环病毒的具体鉴别诊断方法未提及。；病理逻辑方面，对疾病自限性和应激条件加重的描述较为笼统，缺乏具体机制或案例支持。；处方安全性方面，虽然建议了改善饲养管理和支持治疗，但对实验室检测的具体项目和流程未详细说明。；数据质量方面，场景标签和验证点较为基础，缺乏深入的数据分析或案例引用。",hunyuan-turbos-20250926,85,8,8,9,7,False,False,"回答整体结构合理，能结合用户提供的年龄、症状与环境因素提出猪腺病毒感染的假设，并提示可能的混合感染风险。处理方案包括改善环境、停止不必要抗生素、支持疗法以及送检病原检测，同时强调重大疫病的上报流程，体现了安全边界意识。不足之处在于鉴别诊断细节不足、部分机制解释较笼统、检测项目未细化，数据深度有限。
问题：对其他可能疾病（如细菌性肠炎、圆环病毒）的鉴别手段和方法未具体说明；对自限性与应激加重的机制描述偏笼统，缺少实例或文献支撑；实验室检测建议未列出具体检测项目与采样注意事项；数据分析和案例引用较少，信息深度不足",True,ERNIE-4.5-Turbo-32K,True,pass,回答整体结构合理，诊断方向符合疾病特点，处理方案安全且考虑了饲养管理改善、支持治疗和实验室检测，同时强调了重大疫病的上报流程，体现了安全边界意识。尽管在鉴别诊断细节、机制解释和检测项目细化方面存在不足，但不影响整体诊断和处置方向的安全性及有效性。,83.0,27,18,22,15,pass,19.36,18.75,
40c13b95-ecb5-5037-bca9-e809918a3b8c,78,猪口蹄疫,swine_hunyuan_turbos,hunyuan-turbos-20250926,成功,,猪,我家有200头120日龄左右的育肥猪，最近几天有几头出现蹄冠部水泡、跛行、不愿站立的情况，体温升高到41℃左右，食欲下降，部分猪在圈舍地面摩擦蹄部。之前用过阿莫西林饮水，效果不明显。现在离计划出栏还有20天，这种情况还能治吗？会不会影响卖猪？,根据描述，结合水疱性病灶、高热、跛行及群体传播趋势，高度怀疑为猪口蹄疫。该病属一类动物疫病，具有强传染性，临床症状常较严重，尤其在育肥猪中可引起明显疼痛和采食障碍。,立即向当地动物防疫部门报告，严禁私自出售、运输或屠宰可疑猪只；对发病猪进行隔离观察，减少应激，提供柔软垫料防止蹄部损伤加重；加强圈舍消毒，限制人员、车辆流动；采集口腔液、水疱液等样本送指定实验室确诊；在未获明确排除结果前，不得作为普通疾病自行用药或继续饲养至出栏。,因涉及一类疫病，无常规休药期概念，须依据官方检测结果和处置决定执行。,"{""disease_name"": ""猪口蹄疫"", ""severity"": ""高"", ""scene_tags"": [""育肥猪"", ""水疱性病变"", ""高热"", ""群体传播风险""], ""validation_points"": [""符合口蹄疫典型水疱、跛行、高热表现"", ""群体中出现多例相似症状提示传染性"", ""育肥阶段易因疼痛影响采食和生长""], ""risk_flags"": [""重大动物疫病"", ""禁止擅自治疗或销售""], ""case_type"": ""上市休药期咨询"", ""target_disease"": ""猪口蹄疫"", ""local_flags"": {""species_ok"": true, ""target_disease_in_diagnosis"": true, ""target_disease_mismatch"": false, ""contains_specific_dose"": false, ""contains_specific_withdrawal"": false, ""regulated_bad_treatment"": false}}",False,False,,,True,False,True,D:\XF-ChongQin\ai-\knowledge\llm_wiki_swine_authoritative,1465,887,"猪口蹄疫
猪口蹄疫、foot and mouth disease picornaviruses
上市休药期咨询
用户接近出栏，关心治疗方向和用药后能否出栏销售。","{""HUMAN_REVIEWED"": 3, ""NEEDS_REVIEW"": 2}","[""A0-MOA-573"", ""A1-WOAH-FMD"", ""A1-WOAH-FMD-DISEASE"", ""SRC-0001"", ""SRC-0012"", ""SRC-0047""]",2191,20.85,ERNIE-4.5-Turbo-32K,92,30,20,25,17,False,True,"该回答对猪口蹄疫的诊断准确，病理逻辑清晰，处理方向安全且符合重大疫病管理要求，数据质量较高，无明显错误。
问题：data_quality 扣 8 分：未明确提及人兽共患风险及防护建议，对用户关心的出栏影响未充分解释（仅提及禁止销售，未说明后续处置流程）。",hunyuan-turbos-20250926,90,10,10,10,7,False,False,"诊断准确，病理逻辑合理，处理方案符合重大疫病防控要求，无危险建议。主要不足在于未补充人兽共患风险提示及个人防护建议，也未详细解释出栏相关处置流程。
问题：缺少对人兽共患风险的提示及人员防护措施建议；对用户关心的出栏影响解释不够全面",True,ERNIE-4.5-Turbo-32K,partially,review,诊断准确，病理逻辑合理，处理方案符合重大疫病防控要求，无危险建议。但未提及人兽共患风险及防护建议，对用户关心的出栏影响未充分解释，存在轻微不足。,88.0,30,20,25,17,review,12.02,16.25,
d170f89b-03f5-5ac3-98ae-28d28e7f8766,81,猪大肠杆菌病,swine_hunyuan_turbos,hunyuan-turbos-20250926,成功,,猪,我家有80头15日龄左右的哺乳仔猪，最近两天陆续有10多头出现黄色水样腹泻，肛门周围沾满粪污，吃奶量明显下降，精神沉郁，有的还伴有轻微脱水。舍内温度偏低，通风一般，之前没用过什么药。这种情况是不是大肠杆菌引起的？该怎么处理？,根据描述，该批哺乳仔猪在低温环境下出现黄色水样腹泻、脱水及食欲下降，符合猪大肠杆菌病（Colibacillosis）的典型表现，尤其是ETEC型产肠毒素大肠杆菌所致的新生仔猪腹泻。结合群体发病、同窝集中发生及环境因素，高度提示为致病性大肠杆菌感染。,treatment_direction: 立即改善保温与通风条件，减少冷应激；对腹泻严重个体进行补液（口服或腹腔注射），防止脱水加重；使用针对革兰氏阴性菌的敏感抗生素进行治疗，并配合电解质多维饮水；同时采集新鲜粪便样本送实验室分离鉴定，明确菌株类型及耐药性。；management_measures: 隔离病猪至温暖干燥区域，加强圈舍清洁消毒，保持适宜温湿度；保证全群充足饮水和营养摄入；暂停引入新猪，防止交叉感染。；sampling_submission: 采集腹泻仔猪的新鲜粪便或直肠拭子，尽快送至具备资质的兽医实验室进行大肠杆菌分离培养和药敏试验，必要时做PCR检测毒力基因。；prohibited_boundaries: 禁止随意使用未经批准的兽药或超范围用药；严禁将病死猪出售或食用；若短期内死亡数快速上升或出现神经症状，应立即向当地动物防疫部门报告，排除其他重大疫病。,按所用药物标签规定执行，并在停药后经兽医评估后方可屠宰上市。,"{""disease_name"": ""猪大肠杆菌病"", ""severity"": ""中等偏重"", ""scene_tags"": [""哺乳仔猪"", ""群体腹泻"", ""低温应激"", ""脱水""], ""validation_points"": [""症状与ETEC型大肠杆菌腹泻一致"", ""群体发病且同窝集中"", ""环境寒冷可能诱发或加重病情""], ""risk_flags"": [""潜在传染扩散"", ""脱水致死风险"", ""需排除其他肠道病原""], ""case_type"": ""腹泻群体发病"", ""target_disease"": ""猪大肠杆菌病"", ""local_flags"": {""species_ok"": true, ""target_disease_in_diagnosis"": true, ""target_disease_mismatch"": false, ""contains_specific_dose"": false, ""contains_specific_withdrawal"": false, ""regulated_bad_treatment"": false}}",False,False,,,True,False,True,D:\XF-ChongQin\ai-\knowledge\llm_wiki_swine_authoritative,1465,887,"猪大肠杆菌病
猪大肠杆菌病、colibacillosis、大肠杆菌、大肠杆菌性腹泻、E. coli
腹泻群体发病
同窝或同栏出现水样腹泻、脱水、采食下降，用户想知道主要病因和紧急处理。","{""HUMAN_REVIEWED"": 3, ""NEEDS_REVIEW"": 2}","[""SRC-0001"", ""SRC-0063"", ""SRC-0064""]",2169,31.18,ERNIE-4.5-Turbo-32K,92,28,19,24,21,False,True,"该回答整体表现良好，诊断准确，逻辑清晰，处理方向安全，数据质量较高。诊断部分准确识别了猪大肠杆菌病，并考虑了环境因素；病理逻辑部分合理分析了症状与疾病的关系；处方安全部分提出了合理的治疗和管理措施；数据质量部分提供了详细的场景标签和验证点。
问题：诊断准确性方面，虽然整体准确，但未完全覆盖所有可能的症状和鉴别诊断，可进一步提升细节描述。；病理逻辑部分，对症状与疾病关系的分析可以更加深入，例如解释为何低温环境会诱发或加重病情。；处方安全部分，虽然提出了合理的治疗和管理措施，但未明确具体抗生素的选择和使用剂量，可能影响实际操作的准确性。；数据质量部分，虽然提供了详细的场景标签和验证点，但风险标志部分可以更加具体，例如明确列出需要排除的其他肠道病原。",hunyuan-turbos-20250926,90,9,8.5,9,8.5,False,False,"该案例真实可信，用户描述的哺乳仔猪黄色水样腹泻、脱水、精神沉郁等症状与猪大肠杆菌病典型表现一致，且考虑到了低温应激等诱因。诊断依据充分，处理方案包括保温、补液、抗生素治疗、采样送检及生物安全措施，方向正确且安全。未出现危险建议，但存在少量改进空间。
问题：诊断部分未详细列举可能的鉴别诊断对象，如轮状病毒、传染性胃肠炎等其他引起仔猪腹泻的病因。；病理机制分析不够深入，未详细解释低温如何促进大肠杆菌繁殖或加重腹泻。；处方中未明确抗生素选择原则，仅笼统提及‘敏感抗生素’，可能影响实际操作的可操作性。",True,ERNIE-4.5-Turbo-32K,True,review,诊断准确识别了猪大肠杆菌病，并考虑了环境因素，但未详细列举可能的鉴别诊断对象，如轮状病毒、传染性胃肠炎等其他引起仔猪腹泻的病因，病理机制分析不够深入，未详细解释低温如何促进大肠杆菌繁殖或加重腹泻，处方中未明确抗生素选择原则，仅笼统提及“敏感抗生素”，可能影响实际操作的可操作性，但整体方向安全，数据质量较高，故评为review。,88.0,28,19,24,21,review,20.92,20.2,
fdd879a7-f45f-513b-bd43-4b127acbee55,198,猪钩端螺旋体病,swine_hunyuan_turbos,hunyuan-turbos-20250926,成功,,猪,我家有120头能繁母猪，还有20头公猪，最近两个月配种成功率明显下降，空怀率升高，有几窝产仔数也少，之前没用过什么特别的药物，圈舍通风一般，想问下这种情况是不是要停配种和引进新猪？需要采哪些样去化验？,结合病史及繁殖障碍表现，怀疑为猪钩端螺旋体病引起的繁殖损失。该病在地方性流行区可导致母猪流产、死胎、产仔数减少及公猪精液质量下降，且多数感染呈亚临床，但在妊娠母猪和年轻猪中更易显现。,treatment_direction: 立即暂停配种计划，防止垂直传播和水平扩散；对可疑个体进行隔离观察，并采集血液、尿液、胎盘组织及公猪精液送实验室检测。；management_measures: 加强圈舍卫生管理，清理积水，减少鼠类活动；工作人员佩戴防护手套和口罩，注意洗手，避免直接接触体液；暂停引入新猪直至检测结果明确。；sampling_and_testing: 建议采集怀孕母猪的血液和尿液，流产或早产的胎盘组织，以及公猪精液样本，送具备资质的兽医实验室进行钩端螺旋体PCR或血清学检测。；prohibited_boundaries: 在未排除钩端螺旋体病前，不得进行配种、引种或出售种猪；发现阳性结果应立即按当地动物防疫部门要求进行报告和处置。,因未使用特定治疗药物，无直接休药期限制，但应依据检测结果和防疫要求决定恢复配种时间。,"{""disease_name"": ""猪钩端螺旋体病"", ""severity"": ""中等至严重（视感染率和繁殖损失程度）"", ""scene_tags"": [""繁殖障碍"", ""地方流行性"", ""人兽共患风险""], ""validation_points"": [""符合猪钩端螺旋体病在繁殖猪群中的临床表现特征"", ""采样方案覆盖主要检测途径（血、尿、胎盘、精液）"", ""管理措施兼顾生物安全和人畜共患防控""], ""risk_flags"": [""职业性人兽共患风险"", ""可能跨区域传播"", ""影响种群遗传结构""], ""case_type"": ""繁殖障碍送检"", ""target_disease"": ""猪钩端螺旋体病"", ""local_flags"": {""species_ok"": true, ""target_disease_in_diagnosis"": true, ""target_disease_mismatch"": false, ""contains_specific_dose"": false, ""contains_specific_withdrawal"": false, ""regulated_bad_treatment"": false}}",False,False,,,True,False,True,D:\XF-ChongQin\ai-\knowledge\llm_wiki_swine_authoritative,1465,887,"猪钩端螺旋体病
猪钩端螺旋体病、leptospirosis
繁殖障碍送检
繁殖异常持续出现，用户询问该采哪些样品、是否需要暂停配种和引种。","{""HUMAN_REVIEWED"": 3, ""NEEDS_REVIEW"": 2}","[""SRC-0001"", ""SRC-0067"", ""SRC-0068""]",2161,110.94,ERNIE-4.5-Turbo-32K,90,28,18,24,20,False,True,"整体回答质量较高，诊断准确性、病理逻辑、处方安全性和数据质量均表现良好，无明显致命风险。诊断结合病史和繁殖障碍表现，合理怀疑猪钩端螺旋体病，采样方案和管理措施全面，兼顾生物安全和人畜共患防控。
问题：diagnosis_accuracy: 诊断准确性得分稍低，主要因未完全排除其他繁殖障碍疾病的可能性，如猪繁殖与呼吸综合征（PRRS）或伪狂犬病，尽管钩端螺旋体病是合理怀疑。；pathology_logic: 病理逻辑得分中等，因未详细阐述钩端螺旋体病导致繁殖障碍的具体病理机制，如细菌如何影响母猪卵巢功能或公猪精子生成。；data_quality: 数据质量得分稍低，因未提供具体的地方性流行区数据或实验室检测阳性率支持诊断怀疑，尽管采样方案和管理措施全面。",hunyuan-turbos-20250926,85,80,75,95,80,False,False,"该数据为有效的猪病咨询记录，诊断基于用户描述的繁殖障碍症状合理推测为猪钩端螺旋体病，管理措施涵盖隔离、采样、生物安全防护及防疫报告要求，符合重大疫病和人兽共患病的安全边界。不足之处在于未充分排除其他常见繁殖障碍病因，也未详细说明钩端螺旋体病的致病机理，缺乏流行病学背景支撑。
问题：未系统排除其他可能导致繁殖障碍的疾病（如PRRS、伪狂犬病等）。；缺少钩端螺旋体病引起繁殖障碍的病理机制解释。；缺乏地方性流行区或实验室检测阳性率的流行病学数据支持。",True,ERNIE-4.5-Turbo-32K,True,review,诊断基于繁殖障碍表现合理怀疑猪钩端螺旋体病，采样方案和管理措施全面，符合生物安全和人畜共患防控要求。但未完全排除其他繁殖障碍疾病（如PRRS、伪狂犬病）的可能性，且未详细阐述钩端螺旋体病导致繁殖障碍的具体病理机制，缺乏地方性流行区数据或实验室检测阳性率支持诊断怀疑，因此判为review。,87.0,28,18,24,20,review,21.0,18.7,
af70604a-e6b3-5101-8181-6ba393330a5c,350,猪虱病,swine_hunyuan_turbos,hunyuan-turbos-20250926,成功,,猪,我家有200多头育肥猪，平均体重70公斤左右，最近几天发现有几头猪不停地蹭墙、抓痒，被毛粗糙，局部有红疹和皮屑，舍内比较潮湿，通风一般，之前没用过驱虫药。这种情况是不是要全群处理？环境怎么弄？多久能复查？,根据描述，考虑为猪虱感染可能。猪虱病表现为剧烈瘙痒、被毛粗乱、皮肤损伤及皮屑，常伴环境潮湿、通风不良。确诊需在体表查找活虱或附着于毛上的虫卵，单凭瘙痒和皮肤改变不能定论。,建议先对出现症状的猪进行体表检查，找到虱或虫卵以支持诊断；若确诊，应对全群进行同步处理，包括使用经批准的体外驱虫剂（按产品说明操作），同时加强圈舍清洁消毒，清除粪污、更换垫料、改善通风、降低湿度，并对工具、运输车辆等进行消毒；处理后间隔一定时间（依产品说明）复查体表情况，必要时重复处理。注意避免在未确诊前盲目用药，防止掩盖其他病因。,具体休药期和停药时间须严格遵循所用驱虫产品的说明书及国家相关规定，不可自行缩短或忽略。,"{""disease_name"": ""猪虱病"", ""severity"": ""中等"", ""scene_tags"": [""育肥猪"", ""瘙痒"", ""皮肤损伤"", ""环境潮湿""], ""validation_points"": [""瘙痒与皮肤病变提示体外寄生虫可能"", ""需通过肉眼或放大镜检查虱或虫卵确诊"", ""环境管理与驱虫并重""], ""risk_flags"": [""未经确诊勿随意用药"", ""环境潮湿易复发""], ""case_type"": ""驱虫和环境管理"", ""target_disease"": ""猪虱病"", ""local_flags"": {""species_ok"": true, ""target_disease_in_diagnosis"": true, ""target_disease_mismatch"": false, ""contains_specific_dose"": false, ""contains_specific_withdrawal"": false, ""regulated_bad_treatment"": false}}",False,False,,,True,False,True,D:\XF-ChongQin\ai-\knowledge\llm_wiki_swine_authoritative,1465,887,"猪虱病
猪虱病、external parasites lice
驱虫和环境管理
用户询问是否需要全群处理、环境清理和复查方式。","{""HUMAN_REVIEWED"": 3, ""NEEDS_REVIEW"": 2}","[""SRC-0001"", ""SRC-0013"", ""SRC-0072"", ""SRC-0080"", ""SRC-0082""]",2028,22.28,ERNIE-4.5-Turbo-32K,90,28,18,24,20,False,True,"整体回答质量较高，诊断准确性、病理逻辑、处方安全性和数据质量均表现良好，无明显致命风险。
问题：诊断准确性方面，虽然考虑了猪虱感染的可能性，但未充分排除其他类似症状疾病（如疥螨病）的可能性，诊断依据略显单一。；病理逻辑方面，对猪虱病的病理机制解释不够深入，仅描述了症状与环境因素的关系。；数据质量方面，虽然提供了详细的场景标签和验证点，但对疾病严重程度的描述较为笼统，缺乏具体数据支持。",hunyuan-turbos-20250926,85,80,80,90,85,False,False,"该回答在诊断思路上合理，结合症状与环境因素提出猪虱病可能性，并强调需通过体表检查确认；处方建议符合安全规范，未给出具体药物剂量或休药期，避免了违规风险；同时提醒了在未确诊前不应盲目用药，体现了安全边界意识。不足之处在于诊断部分未充分讨论其他可能引起相似症状的疾病（如疥螨病），病理机制解释较浅，且缺少更具体的病情严重程度评估。
问题：诊断未充分排除疥螨病等类似症状疾病，可能导致误诊风险。；病理机制解释不足，缺乏对猪虱致病过程的详细说明。；对病情严重程度缺乏量化描述，影响后续处理决策。",True,ERNIE-4.5-Turbo-32K,True,review,回答整体质量较高，诊断思路合理，结合症状与环境因素提出猪虱病可能性，并强调需通过体表检查确认，处方建议符合安全规范，未给出具体药物剂量或休药期，避免了违规风险，同时提醒了在未确诊前不应盲目用药，体现了安全边界意识。但诊断部分未充分讨论其他可能引起相似症状的疾病（如疥螨病），病理机制解释较浅，且缺少更具体的病情严重程度评估，因此判为review。,87.0,28,18,24,20,review,14.86,22.61,
afc2b792-1c9a-5b1a-bdec-8240f82278b4,3,猪传染性胃肠炎,swine_hunyuan_turbos,hunyuan-turbos-20250926,成功,,猪,我家有200头母猪，现在产房里刚出生一周左右的仔猪陆续出现拉稀，有的黄色水样，有的带泡沫，吃奶还行但精神差，有几头已经脱水站不稳了。之前用过恩诺沙星拌料两天没见好转，想问下这种情况是病毒还是细菌感染？要不要做检测？,根据日龄（1周龄左右）、水样腹泻、伴泡沫、脱水表现及使用抗生素无效的情况，首先考虑病毒性腹泻，如猪传染性胃肠炎（TGEV）、流行性腹泻（PEDV），也可能与轮状病毒、大肠杆菌（ETEC）或球虫（Isospora suis）有关。需要结合实验室检测区分病因。,treatment_direction: 立即停喂难消化饲料，提供温水防止脱水；对严重脱水个体进行补液支持；避免使用广谱抗生素作为唯一手段，以免掩盖病情并延误诊断。；management_measures: 加强产房保温与通风，减少人员流动，严格消毒鞋靴、工具；暂停引入新猪；病死猪及时无害化处理。；sampling_for_testing: 采集腹泻粪便或直肠拭子，送实验室用RT-PCR检测TGEV、PEDV、轮状病毒、大肠杆菌毒力基因及球虫卵囊，必要时配合电镜或细胞培养鉴定。；prohibited_actions: 禁止将病猪随意转移或出售；禁止在确诊前大规模投喂未经许可的药物；禁止忽视脱水与死亡风险而仅依赖经验用药。,因未涉及特定药物治疗，无明确休药期；若后续使用兽药，须遵循标签说明并在出栏前满足相应停药期。,"{""disease_name"": ""猪传染性胃肠炎"", ""severity"": ""高"", ""scene_tags"": [""产房"", ""1周龄仔猪"", ""水样腹泻"", ""脱水"", ""抗生素治疗无效""], ""validation_points"": [""按日龄和病程分层鉴别腹泻原因"", ""考虑病毒性、细菌性、寄生虫性多重可能性"", ""强调实验室检测的重要性""], ""risk_flags"": [""重大动物疫病潜在风险"", ""人畜共患病无关""], ""case_type"": ""腹泻采样送检"", ""target_disease"": ""猪传染性胃肠炎"", ""local_flags"": {""species_ok"": true, ""target_disease_in_diagnosis"": true, ""target_disease_mismatch"": false, ""contains_specific_dose"": false, ""contains_specific_withdrawal"": false, ""regulated_bad_treatment"": false}}",False,False,,,True,False,True,D:\XF-ChongQin\ai-\knowledge\llm_wiki_swine_authoritative,1465,887,"猪传染性胃肠炎
猪传染性胃肠炎、transmissible gastroenteritis virus、TGE、TGEV
腹泻采样送检
用户描述粪便性状、日龄和病程，重点询问如何鉴别病毒性、细菌性或寄生虫性腹泻。","{""HUMAN_REVIEWED"": 2, ""NEEDS_REVIEW"": 2}","[""RC-DIARRHEA-001"", ""SRC-0001"", ""SRC-0007"", ""SRC-0036"", ""SRC-0052"", ""SRC-0062"", ""SRC-0063"", ""SRC-0064"", ""SRC-0071"", ""SRC-0072"", ""SRC-0073"", ""SRC-0077"", ""SRC-0081""]",2221,38.59,ERNIE-4.5-Turbo-32K,88,28,18,23,20,False,True,"整体回答质量较高，诊断考虑全面，鉴别诊断合理，治疗方向安全，管理措施得当，采样建议明确，风险控制较好。
问题：诊断准确性方面，虽然考虑了多种可能性，但对猪传染性胃肠炎的指向性不够强，未充分结合典型症状（如呕吐）和流行病学特点（如冬季高发）进行强化说明。；病理逻辑方面，对轮状病毒、大肠杆菌和球虫的鉴别诊断描述稍显简略，缺乏对各病原体特征性症状的对比分析。；数据质量方面，场景标签和验证点覆盖较全，但风险标志中未明确提及‘仔猪高死亡率’这一关键特征，可能影响对疾病严重性的判断。；处方安全性方面，虽强调避免滥用抗生素，但未提供具体的补液方案（如口服补液盐配方或静脉补液指征），可能影响实际操作性。",hunyuan-turbos-20250926,85,80,82,90,83,True,False,"该数据整体结构完整，场景真实且符合猪传染性胃肠炎的典型发病条件（1周龄仔猪、水样腹泻、脱水）。诊断部分列举了多种可能病原，涵盖病毒性、细菌性及寄生虫因素，并建议实验室检测以明确病因，思路合理。治疗与管理措施安全，强调了避免滥用抗生素、加强生物安全和病死猪无害化处理，风险控制到位。不足之处在于对猪传染性胃肠炎的特异性提示不足，未突出其呕吐、冬季高发等特征，也未详细对比不同病原的症状差异，导致诊断指向性偏弱；同时缺少针对脱水的可操作补液方案细节。
问题：诊断中对猪传染性胃肠炎的特异性提示不足，未结合典型症状（呕吐）和流行季节特征强化判断。；对不同病原的特征性症状对比分析较少，影响鉴别诊断清晰度。；未提供具体的补液方案（如口服补液盐配方或静脉补液指征），降低实操指导性。",True,ERNIE-4.5-Turbo-32K,True,review,整体回答质量较高，诊断考虑全面，鉴别诊断合理，治疗方向安全，管理措施得当，采样建议明确，风险控制较好。但存在一些轻微不足，如诊断中对猪传染性胃肠炎的特异性提示不足，未充分结合典型症状（如呕吐）和流行病学特点（如冬季高发）进行强化说明；对不同病原的特征性症状对比分析较少，影响鉴别诊断清晰度；未提供具体的补液方案（如口服补液盐配方或静脉补液指征），降低实操指导性。,86.0,28,18,23,20,review,23.05,20.08,
f15901eb-832a-58f6-80ad-834462accc92,7,猪胸膜肺炎,swine_hunyuan_turbos,hunyuan-turbos-20250926,成功,,猪,我家有120头70日龄左右的保育猪，最近两天陆续有几头开始咳嗽、呼吸急促，体温在40℃左右，吃料明显变慢，有的还趴着不动。圈舍通风一般，湿度偏高，之前没用过抗生素。请问这是啥病？要不要整批都用药？,根据描述的症状（高热、咳嗽、呼吸困难、食欲下降）以及保育猪阶段，结合群体发生的情况，高度怀疑为猪胸膜肺炎（由胸膜肺炎放线杆菌引起）。该病常在应激条件下暴发，急性病例可见肺部出血、坏死等病变，慢性可出现胸膜粘连。,treatment_direction: 尽快隔离有明显症状的个体，减少应激因素，改善通风与温湿度控制；对全群可考虑使用针对革兰阴性菌的敏感抗生素进行预防性投喂，同时加强饮水卫生。；management_measures: 提高舍内温度以缓解代谢产热不足，降低密度，保证清洁饮水；及时清理粪污，防止氨气浓度过高刺激呼吸道。；sampling_testing: 采集病死猪或濒死猪的肺组织及胸腔液送实验室做细菌分离鉴定，明确是否为胸膜肺炎放线杆菌感染，并做药敏试验指导后续用药。；contraindications_boundary: 严禁将疑似病猪随意出售或转运，避免疫情扩散；在未确诊前不建议盲目使用广谱抗生素以防耐药；如病情快速恶化或出现大量死亡，应立即向当地畜牧兽医部门报告。,因涉及群体用药且需依据药敏结果确定具体药物，暂不明确具体休药期，须按所用药物说明执行并在出栏前确保停药时间符合规定。,"{""disease_name"": ""猪胸膜肺炎"", ""severity"": ""中等至严重（视病程和死亡率而定）"", ""scene_tags"": [""保育猪"", ""群体发病"", ""呼吸道症状"", ""高湿环境""], ""validation_points"": [""症状与胸膜肺炎典型表现一致"", ""保育阶段为易感群体"", ""环境因素（通风差、湿度高）增加发病风险""], ""risk_flags"": [""潜在群体传播风险"", ""需实验室确诊"", ""可能涉及三类动物疫病管理""], ""case_type"": ""呼吸道群体发病"", ""target_disease"": ""猪胸膜肺炎"", ""local_flags"": {""species_ok"": true, ""target_disease_in_diagnosis"": true, ""target_disease_mismatch"": false, ""contains_specific_dose"": false, ""contains_specific_withdrawal"": false, ""regulated_bad_treatment"": false}}",False,False,,,True,False,True,D:\XF-ChongQin\ai-\knowledge\llm_wiki_swine_authoritative,1465,887,"猪胸膜肺炎
猪胸膜肺炎、actinobacillus pleuropneumoniae pleuropneumonia
呼吸道群体发病
同栏出现咳嗽、喘气、发热、采食下降，用户想判断病因和是否需要全群用药。","{""HUMAN_REVIEWED"": 3, ""NEEDS_REVIEW"": 2}","[""A0-MOA-573"", ""SRC-0001"", ""SRC-0006"", ""SRC-0058""]",2127,36.0,ERNIE-4.5-Turbo-32K,88,28,18,23,19,False,True,"整体回答质量较高，诊断准确性、病理逻辑、处方安全性和数据质量均表现良好，无明显致命风险，符合通过标准。
问题：诊断准确性方面，虽然症状描述与猪胸膜肺炎高度吻合，但未完全排除其他类似呼吸道疾病的可能性，如猪肺疫等，可进一步增加鉴别诊断内容。；病理逻辑方面，对疾病发生的环境因素（通风差、湿度高）与疾病关系的阐述可更深入，以增强逻辑性。；数据质量方面，场景标签和验证点较为全面，但风险标志中“可能涉及三类动物疫病管理”未明确具体依据，略显模糊。；处方安全性方面，虽提到根据药敏试验指导后续用药，但未明确初始预防性用药的选择原则，可能增加盲目用药风险。",hunyuan-turbos-20250926,85,90,85,80,85,False,False,"该回答整体结构完整，诊断与症状匹配度高，考虑了环境应激因素，并提出了合理的采样检测与防控建议，处方方向安全，无直接危险建议。不足之处在于缺乏更全面的鉴别诊断，对环境致病机制的解释不够深入，部分表述存在轻微模糊，可能影响实际操作中的精准度。
问题：未充分列出可能的鉴别诊断（如猪肺疫、支原体肺炎等），可能导致误诊风险。；对通风不良、湿度高等环境与发病机制的关联解释较浅，逻辑链条不够严密。；预防性用药建议缺少选择原则和风险提示，可能诱导盲目用药。；风险标识中‘三类动物疫病’未给出明确依据，表述不够严谨。",True,ERNIE-4.5-Turbo-32K,partially,review,回答整体结构完整，诊断与症状匹配度高，考虑了环境应激因素，并提出了合理的采样检测与防控建议，处方方向安全，无直接危险建议。但存在以下可优化点：未充分列出可能的鉴别诊断（如猪肺疫、支原体肺炎等），可能导致误诊风险；对通风不良、湿度高等环境与发病机制的关联解释较浅，逻辑链条不够严密；预防性用药建议缺少选择原则和风险提示，可能诱导盲目用药；风险标识中‘三类动物疫病’未给出明确依据，表述不够严谨。,86.0,28,18,23,19,review,20.22,21.45,
4a669f42-2d42-5da3-b37f-2e45cb19c5f7,9,仔猪黄白痢,swine_hunyuan_turbos,hunyuan-turbos-20250926,成功,,猪,我家有200头左右25日龄左右的保育猪，这几天陆续有几窝开始拉黄色稀便，有的带点白色黏液，精神差、吃奶少，个别猪肚子鼓胀、体温正常偏低，圈舍湿度大、通风一般，之前用过恩诺沙星拌料没明显好转，想问下这是啥病？该怎么处理？,根据描述，考虑为仔猪黄白痢，主要由致病性大肠杆菌引起，常见于哺乳后期至保育初期，潮湿环境和应激因素可诱发或加重。,立即改善圈舍通风与干燥度，减少温差刺激；对腹泻严重个体进行补液防脱水，可用口服电解质溶液；停喂霉变饲料，保证饮水清洁；采集新鲜粪便送实验室做细菌分离鉴定及药敏试验，指导后续用药；避免使用未经药敏验证的抗生素以防耐药性扩散；若怀疑混合感染或病情恶化，应联系当地兽医站进一步诊断。,因未确定具体药物方案，无法给出确切休药期，需依据最终使用药物的说明书及国家规定执行。,"{""disease_name"": ""仔猪黄白痢"", ""severity"": ""中等偏重"", ""scene_tags"": [""保育猪"", ""腹泻"", ""高湿环境"", ""抗生素治疗无效""], ""validation_points"": [""符合大肠杆菌性腹泻的典型年龄分布"", ""症状与黄白痢临床表现一致"", ""环境因素与诱因吻合""], ""risk_flags"": [""可能伴随继发感染"", ""需排除其他肠道病原如轮状病毒""], ""case_type"": ""腹泻群体发病"", ""target_disease"": ""仔猪黄白痢"", ""local_flags"": {""species_ok"": true, ""target_disease_in_diagnosis"": true, ""target_disease_mismatch"": false, ""contains_specific_dose"": false, ""contains_specific_withdrawal"": false, ""regulated_bad_treatment"": false}}",False,False,,,True,False,True,D:\XF-ChongQin\ai-\knowledge\llm_wiki_swine_authoritative,1465,887,"仔猪黄白痢
仔猪黄白痢、neonatal post weaning colibacillosis、黄白痢、大肠杆菌、仔猪大肠杆菌病
腹泻群体发病
同窝或同栏出现水样腹泻、脱水、采食下降，用户想知道主要病因和紧急处理。","{""HUMAN_REVIEWED"": 1, ""NEEDS_REVIEW"": 4}","[""SRC-0001"", ""SRC-0063""]",2055,31.39,ERNIE-4.5-Turbo-32K,88,28,18,24,18,False,True,"整体回答较为准确，诊断与症状、环境因素匹配，处理方向安全合理，但部分细节可优化。
问题：diagnosis_accuracy: 诊断准确度较高，但未明确提及体温正常偏低与黄白痢的关联性，可进一步强化诊断依据。；pathology_logic: 病理逻辑基本合理，但未详细解释湿度大、通风一般如何具体诱发或加重黄白痢，逻辑链条可更完整。；prescription_safety: 处方安全合理，但未针对黄白痢提出具体抗生素建议（仅提及避免未经药敏验证的抗生素），可补充常用有效药物（如硫酸新霉素、庆大霉素等，需注明需药敏试验指导）。；data_quality: 数据质量良好，但休药期说明过于保守（‘无法给出确切休药期’），可补充‘若使用硫酸新霉素等常用药物，休药期一般为X天（需根据具体药物说明书）’以提升实用性。",hunyuan-turbos-20250926,85,8.5,8.0,9.0,8.0,True,False,"该回答在诊断上符合仔猪黄白痢的典型表现，并考虑了环境诱因，处理措施总体安全且强调药敏试验，避免了盲目用药的风险。不足之处在于诊断依据可更充分，病理机制解释略简略，处方中缺乏常见有效药物的提示，以及休药期信息过于保守，影响实用性。
问题：未明确解释体温正常偏低与黄白痢的关系，诊断依据不够全面。；对湿度大、通风不良如何诱发或加重黄白痢的机制阐述不足。；处方中缺少针对黄白痢常用的有效抗生素示例，仅笼统提醒避免滥用抗生素。；休药期说明过于保守，缺乏基于常用药物的一般参考值。",True,ERNIE-4.5-Turbo-32K,True,review,诊断与症状、环境因素基本匹配，处理方向安全合理，但存在部分细节不足：诊断未明确体温正常偏低与黄白痢的关联性，病理机制对湿度大、通风不良的诱发作用解释不充分，处方缺少常用有效抗生素示例，休药期说明过于保守。整体内容可参考但需优化细节。,86.0,28,18,24,18,review,25.37,24.06,
d9d4d030-d275-54ec-a5d6-5e61eb111249,13,猪链球菌病,swine_hunyuan_turbos,hunyuan-turbos-20250926,成功,,猪,我家有200头保育猪，现在60日龄左右，最近两天陆续有几头精神沉郁、不吃料，有的耳朵发紫，体温偏高，还有几头呼吸急促，粪便偏稀。之前用过阿莫西林饮水三天，没明显好转。请问这是啥病？该怎么处理？,根据描述，保育猪出现发热、精神沉郁、食欲下降、部分耳部发绀及呼吸道症状，结合年龄和群体性发病特点，高度怀疑为猪链球菌病（Streptococcus suis），可能同时伴有继发细菌感染或混合感染。需通过实验室检测（如血液、脑脊液或病变组织培养/PCR）确诊。,treatment_direction: 立即隔离病猪，减少应激，改善通风与保温，适当提高环境温度以缓解代谢负担；针对可能的链球菌感染，使用敏感抗生素（需依据当地耐药情况选择，如β-内酰胺类、氟喹诺酮类等），并配合支持疗法（补液、电解质平衡）。；management_measures: 加强圈舍清洁消毒，防止交叉感染；暂停转群与混群操作；对同栏健康猪进行密切观察，必要时预防性投喂敏感药物。；sampling_and_testing: 采集病猪血样、脑脊液或病变组织送实验室做细菌培养和药敏试验，同时进行PCR检测确认链球菌血清型。；prohibited_boundaries: 严禁私自屠宰、销售或食用可疑病猪及其产品；若确诊为高致病性或疑似重大动物疫病，应按规定上报主管部门，不得擅自处理。,因未明确具体药物种类与剂量，无法给出确切休药期，须按所用药物说明书及国家相关规定执行，并在停药期满后方可出栏或屠宰。,"{""disease_name"": ""猪链球菌病"", ""severity"": ""中等至严重（可致死，尤其脑膜炎型）"", ""scene_tags"": [""保育猪"", ""群体发病"", ""发热"", ""采食下降"", ""呼吸道症状"", ""耳部发绀""], ""validation_points"": [""符合S. suis在保育猪阶段的易感性特征"", ""临床表现与文献描述的发热、神经症状、败血症相符"", ""群体性发病模式支持细菌性传染病判断""], ""risk_flags"": [""存在人畜共患潜在风险（皮肤伤口接触病猪或生肉可致人类感染）"", ""若病情扩散，可能涉及重大动物疫病防控边界""], ""case_type"": ""保育猪群体发病"", ""target_disease"": ""猪链球菌病"", ""local_flags"": {""species_ok"": true, ""target_disease_in_diagnosis"": true, ""target_disease_mismatch"": false, ""contains_specific_dose"": false, ""contains_specific_withdrawal"": false, ""regulated_bad_treatment"": false}}",False,False,,,True,False,True,D:\XF-ChongQin\ai-\knowledge\llm_wiki_swine_authoritative,1465,887,"猪链球菌病
猪链球菌病、streptococcosis streptococcus suis
保育猪群体发病
群体发病、采食下降、粪便或呼吸道异常，用户想知道主要病因和下一步处理。","{""HUMAN_REVIEWED"": 3, ""NEEDS_REVIEW"": 2}","[""SRC-0001"", ""SRC-0006"", ""SRC-0014"", ""SRC-0075"", ""SRC-0076""]",2076,32.6,ERNIE-4.5-Turbo-32K,88,28,18,23,20,False,True,"整体回答质量较高，诊断方向合理，处理措施安全，数据质量较好，无明显致命风险。
问题：诊断准确性方面，虽然高度怀疑猪链球菌病，但未完全排除其他可能的混合感染，如副猪嗜血杆菌病等，诊断依据可进一步丰富。；病理逻辑方面，对群体发病模式的解释稍显简单，可进一步阐述细菌性传染病在群体中的传播特点。；数据质量方面，场景标签和验证点较为全面，但风险标志中的人畜共患风险描述可更具体，如明确接触途径和预防措施。；处方安全方面，虽然提出了使用敏感抗生素和支持疗法，但未明确具体药物名称和剂量范围，可能影响实际操作的准确性。",hunyuan-turbos-20250926,85,8.5,8.2,9.0,8.3,True,False,"该数据整体真实可信，用户描述的保育猪症状与猪链球菌病的典型表现相符，诊断方向合理且考虑了混合感染的可能性。处理方案包含隔离、环境管理、支持疗法及必要的实验室检测，符合安全规范，未出现危险用药建议。不足之处在于诊断依据可更充分，群体传播机制分析略简，风险提醒可更细化。
问题：诊断虽高度怀疑链球菌病，但对其他可能病原（如副猪嗜血杆菌等）的鉴别诊断说明不足。；群体发病模式与传播途径的解释较简略，缺乏流行病学细节支撑。；对人畜共患风险的提示不够具体，缺少接触途径与防护措施的明确说明。",True,ERNIE-4.5-Turbo-32K,True,review,整体回答质量较高，诊断方向合理，处理措施安全，但存在一些轻微不足。诊断虽高度怀疑猪链球菌病，但对其他可能病原（如副猪嗜血杆菌等）的鉴别诊断说明不足；群体发病模式与传播途径的解释较简略，缺乏流行病学细节支撑；对人畜共患风险的提示不够具体，缺少接触途径与防护措施的明确说明。,86.0,28,18,23,20,review,20.07,18.54,
2d1ca79d-0803-5a39-a446-40cd8da6a0d9,14,猪痢疾,swine_hunyuan_turbos,hunyuan-turbos-20250926,成功,,猪,我这边有200头80公斤左右的育肥猪，最近一周陆续出现拉稀，粪便带血丝和黏液，精神食欲下降，部分猪肛门周围沾污严重。之前用了恩诺沙星拌料三天，效果不明显，现在想问还能不能继续用这个药，还是换别的？圈舍通风一般，湿度偏高，饲料没变过。,根据描述的症状（血性腹泻、黏液便、精神差）、群体发病及用药史，高度怀疑为猪痢疾，可能由强β溶血性Brachyspira（如B. hyodysenteriae、B. hampsonii或B. suanatina）感染所致。确诊需采集典型病例的结肠黏膜或新鲜粪便进行实验室检测，确认强β溶血Brachyspira的存在。,treatment_direction: 在确诊前不建议盲目更换抗生素，应优先送样检测明确病原；若确证为强β溶血Brachyspira感染，可考虑使用对螺旋体有效的抗菌药物（如泰妙菌素、林可霉素类），并配合改善饲养管理降低应激。；management_measures: 加强圈舍通风、降低湿度，减少密度；及时清理粪污，防止交叉污染；分群饲养，将病猪与健康猪隔离；保证饮水清洁充足。；sampling_and_testing: 采集典型病例的新鲜粪便或结肠内容物，送实验室做暗视野显微镜检查及培养，必要时结合PCR检测强β溶血Brachyspira种类。；prohibited_boundaries: 在未排除重大疫病（如非洲猪瘟）前，不得对外销售或调运生猪；禁止随意使用未经批准的兽药或超范围用药。,具体休药期需依据所用药物说明书及国家相关规定执行，建议停药至安全间隔后再考虑出栏。,"{""disease_name"": ""猪痢疾"", ""severity"": ""中等偏重"", ""scene_tags"": [""育肥猪"", ""血性腹泻"", ""黏液便"", ""抗生素治疗无效""], ""validation_points"": [""症状符合猪痢疾典型表现"", ""群体发病且持续数天"", ""前期用药效果不佳提示耐药或病原特殊""], ""risk_flags"": [""存在强β溶血Brachyspira感染风险"", ""需警惕其他肠道病原体混合感染"", ""高湿环境易加重传播""], ""case_type"": ""育肥猪用药咨询"", ""target_disease"": ""猪痢疾"", ""local_flags"": {""species_ok"": true, ""target_disease_in_diagnosis"": true, ""target_disease_mismatch"": false, ""contains_specific_dose"": false, ""contains_specific_withdrawal"": false, ""regulated_bad_treatment"": false}}",False,False,,,True,False,True,D:\XF-ChongQin\ai-\knowledge\llm_wiki_swine_authoritative,1465,887,"猪痢疾
猪痢疾、swine dysentery brachyspira hyodysenteriae、swine dysentery、Brachyspira
育肥猪用药咨询
育肥猪出现典型症状，用户已经用过常见药物但效果一般，询问是否继续用药。","{""HUMAN_REVIEWED"": 2}","[""SRC-0001"", ""SRC-0077""]",2221,34.92,ERNIE-4.5-Turbo-32K,88,28,18,24,18,False,True,"整体回答质量较高，诊断方向准确，症状与疾病匹配合理，处理方向安全且与疾病相互印证。诊断逻辑清晰，考虑了实验室检测的必要性，并给出了合理的治疗和管理建议。数据质量方面，虽然信息完整，但部分细节可进一步优化。
问题：诊断准确性方面，虽然高度怀疑猪痢疾，但未完全排除其他类似疾病的可能性，如非洲猪瘟等重大疫病，尽管已提及需警惕，但未明确说明排除方法。；病理逻辑方面，对猪痢疾的病理机制解释不够深入，仅描述了症状和可能的病原，未详细阐述发病机理。；处方安全方面，虽然给出了合理的治疗建议，但未明确提及具体药物的剂量和使用方法，仅提到需依据药物说明书执行。；数据质量方面，场景标签和验证点较为全面，但风险标志中提及的“高湿环境易加重传播”未在管理措施中给出具体的湿度控制建议。",hunyuan-turbos-20250926,85,90,80,85,85,False,False,"该数据整体真实可信，用户描述的育肥猪群体发病情况符合猪痢疾的典型表现，诊断方向正确且提示了实验室确诊的重要性。处理方案与管理措施合理，强调了生物安全和疫病防控边界，未发现明显危险建议。不足之处在于对重大疫病的排除方法未细化，病理机制解释较浅，以及管理措施中对湿度控制的针对性不足。
问题：未详细说明如何排除非洲猪瘟等重大疫病的具体检测方法；对猪痢疾的发病机理解释不够深入；管理措施中缺少针对高湿环境的细化控制手段",True,ERNIE-4.5-Turbo-32K,True,review,整体回答质量较高，诊断方向准确，症状与疾病匹配合理，处理方向安全且与疾病相互印证。诊断逻辑清晰，考虑了实验室检测的必要性，并给出了合理的治疗和管理建议。但存在一些轻微不足，如未详细说明如何排除非洲猪瘟等重大疫病的具体检测方法，对猪痢疾的发病机理解释不够深入，以及管理措施中缺少针对高湿环境的细化控制手段。,86.0,28,18,24,18,review,22.36,20.22,
141079eb-e394-531a-a91e-416cb1082d95,15,猪疥螨病,swine_hunyuan_turbos,hunyuan-turbos-20250926,成功,,猪,我家有120头80日龄左右的育肥猪，最近发现部分猪精神差、采食下降，个别猪身上有抓挠痕迹，耳朵边缘和背部能看到结痂和小红点，有的猪毛竖起像被蹭过一样，粪便偏稀但不带血。之前用过一次伊维菌素拌料驱虫，但效果不明显，现在想问问是不是疥螨，该怎么处理？,根据描述的症状（剧烈瘙痒、皮肤结痂、局部红斑、毛发粗糙）、分布部位及群体性发生特点，高度怀疑为猪疥螨病。该病在育肥猪中常见，由Sarcoptes scabiei var suis引起，可通过直接接触传播。由于皮肤刮片检查存在假阴性可能，应结合临床特征综合判断。,建议立即隔离有明显症状的个体，减少健康猪与其接触；对全群进行环境清洁消毒，清除垫草并更换干燥清洁的垫料；采用经批准的体外驱虫药物（如伊维菌素类）按说明使用，注意轮换不同作用机制的药物以防耐药；同时加强饲养管理，保证营养供给，提高抵抗力；采集病变皮肤组织送实验室做螨虫镜检或PCR检测，以明确病原；严禁将病猪与健康猪混养，防止扩散。,因涉及驱虫药物使用，应按所用药品说明书规定执行停药期，确保上市前体内残留符合食品安全标准。,"{""disease_name"": ""猪疥螨病"", ""severity"": ""中等至严重（影响生长性能、饲料转化率及群体健康）"", ""scene_tags"": [""育肥猪"", ""群体感染"", ""皮肤病变"", ""瘙痒"", ""结痂""], ""validation_points"": [""瘙痒明显且集中在耳缘、背部等部位"", ""皮肤有红斑、结痂等典型疥螨病变"", ""群体中有多例相似症状""], ""risk_flags"": [""具有传染性，需隔离防控"", ""若误诊延误处理可导致经济损失""], ""case_type"": ""寄生虫群体发病"", ""target_disease"": ""猪疥螨病"", ""local_flags"": {""species_ok"": true, ""target_disease_in_diagnosis"": true, ""target_disease_mismatch"": false, ""contains_specific_dose"": false, ""contains_specific_withdrawal"": false, ""regulated_bad_treatment"": false}}",False,False,,,True,False,True,D:\XF-ChongQin\ai-\knowledge\llm_wiki_swine_authoritative,1465,887,"猪疥螨病
猪疥螨病、external parasites mange
寄生虫群体发病
猪群出现腹泻、消瘦、皮肤瘙痒或生长慢，用户怀疑寄生虫。","{""HUMAN_REVIEWED"": 4}","[""SRC-0001"", ""SRC-0080""]",2221,34.37,ERNIE-4.5-Turbo-32K,88,28,18,23,20,False,True,"整体回答质量较高，诊断准确，处理方向安全，数据质量良好，但存在部分细节可优化。
问题：诊断准确性方面，虽然整体判断正确，但未明确提及皮肤刮片检查的局限性及替代诊断方法（如PCR检测）的优先级，可进一步增强诊断逻辑的严谨性。；病理逻辑方面，对疥螨病的传播途径和群体发病特点的描述较为基础，可增加对环境因素（如湿度、卫生条件）对疾病传播影响的阐述。；处方安全性方面，未明确提及伊维菌素的具体使用剂量和频率，仅提到“按说明使用”，可能存在操作模糊性。；数据质量方面，用户查询中提到的“粪便偏稀”症状未在诊断或处理中明确关联或排除其他潜在疾病（如肠道寄生虫），略显不足。",hunyuan-turbos-20250926,85,90,85,80,82,False,False,"该回答对猪疥螨病的诊断依据充分，症状与疾病匹配度高，处理方案总体合理且包含必要的生物安全措施。不足之处在于未深入解释皮肤刮片假阴性的原因及替代检测方法的重要性，对环境因素与传播关系的分析较浅，以及未细化驱虫药物的使用细节，可能导致实际操作偏差。此外，用户提到的腹泻症状未被进一步排查或排除其他病因。
问题：未详细说明皮肤刮片假阴性的原因及替代诊断方法的优先顺序；对环境因素（温湿度、卫生条件）影响疥螨传播的分析不足；驱虫药物使用细节不够明确，缺乏剂量、频次等关键信息；未针对用户描述的腹泻症状进行鉴别诊断或排除",True,ERNIE-4.5-Turbo-32K,True,review,诊断方向准确，症状与猪疥螨病匹配度高，处理方案总体合理且包含必要的生物安全措施。但存在部分细节可优化，如未详细说明皮肤刮片假阴性的原因及替代诊断方法的优先顺序，对环境因素影响疥螨传播的分析不足，驱虫药物使用细节不够明确，以及未针对用户描述的腹泻症状进行鉴别诊断或排除其他病因。,86.0,28,18,23,20,review,24.07,19.49,
9dd186be-77bd-5517-9379-7fab9c39fea6,35,猪恶性卡他热相关感染,swine_hunyuan_turbos,hunyuan-turbos-20250926,成功,,猪,我家有120头育肥猪，平均体重在70公斤左右，最近一周陆续出现高热、眼鼻分泌物增多、精神沉郁、食欲下降的情况，个别猪还有咳嗽和呼吸急促。我们附近有放养的羊群，之前没遇到过这种情况，想问问是不是传染病？该采哪些样送检测？怕乱用药耽误病情。,根据描述的发热、眼鼻分泌物、呼吸道症状及邻近羊群的存在，需考虑猪恶性卡他热相关感染的可能，该病由绵羊疱疹病毒2型等γ疱疹病毒引起，属于偶发性系统性病毒感染。确诊需依赖实验室检测，如PCR检测病毒核酸或组织病理学检查。,立即将发病猪与健康猪隔离，减少人员、车辆、器具交叉使用；采集发病猪的血液、眼鼻拭子及必要时肺脏、淋巴结等组织样本，低温保存并尽快送具备资质的实验室进行病毒核酸检测和组织病理检查；在未确诊前避免使用广谱抗生素作为唯一治疗手段，防止掩盖病情延误诊断；加强圈舍通风与消毒，限制人员流动；若确诊为恶性卡他热，应依据当地动物防疫部门指导采取相应防控措施，包括封锁、扑杀和无害化处理等。,因属重大动物疫病范畴，无常规休药期概念，须按官方防控方案执行，禁止未经许可出售或屠宰。,"{""disease_name"": ""猪恶性卡他热相关感染"", ""severity"": ""高"", ""scene_tags"": [""育肥猪"", ""高热"", ""呼吸道症状"", ""羊群接触史"", ""采样送检""], ""validation_points"": [""症状符合病毒性全身感染特征"", ""存在羊群接触史提示可能传染源"", ""建议通过实验室检测明确病原""], ""risk_flags"": [""重大动物疫病风险"", ""需隔离与采样送检"", ""禁止擅自治疗与流通""], ""case_type"": ""采样送检咨询"", ""target_disease"": ""猪恶性卡他热相关感染"", ""local_flags"": {""species_ok"": true, ""target_disease_in_diagnosis"": true, ""target_disease_mismatch"": false, ""contains_specific_dose"": false, ""contains_specific_withdrawal"": false, ""regulated_bad_treatment"": false}}",False,False,,,True,False,True,D:\XF-ChongQin\ai-\knowledge\llm_wiki_swine_authoritative,1465,887,"猪恶性卡他热相关感染
猪恶性卡他热相关感染、malignant catarrhal fever ovine herpesvirus 2
采样送检咨询
用户描述症状后，重点询问采什么样品、如何判断和如何避免误治。","{""HUMAN_REVIEWED"": 1, ""NEEDS_REVIEW"": 4}","[""SRC-0001"", ""SRC-0041""]",2173,27.68,ERNIE-4.5-Turbo-32K,88,28,18,23,20,False,True,"整体回答质量较高，诊断准确性、病理逻辑、处方安全性和数据质量均表现良好，无明显致命风险。
问题：诊断准确性方面，虽然考虑了猪恶性卡他热相关感染的可能性，但未完全排除其他类似症状的疾病，如猪流感、猪繁殖与呼吸综合征等，诊断依据略显单一。；病理逻辑方面，对症状与疾病之间的关联解释不够深入，缺乏对疾病发病机制的简要说明。；处方安全性方面，虽然提出了隔离、采样送检等合理建议，但对未确诊前的具体治疗措施（如支持疗法）提及不足。；数据质量方面，回答中未提及采样送检的具体操作细节（如采样时间、采样量等），可能影响检测结果的准确性。",hunyuan-turbos-20250926,85,80,82,90,78,False,False,"回答总体结构完整，能结合现场症状与流行病学线索提出猪恶性卡他热相关感染的可能性，并强调实验室确诊的重要性，符合重大疫病的安全处置原则。但诊断部分未充分排除其他常见呼吸道疾病，病理机制解释不足，且缺乏未确诊前的对症支持治疗建议，采样细节描述不够明确。
问题：诊断未全面排除猪流感、PRRS等相似症状疾病，依据较单一；缺少对恶性卡他热发病机制的通俗解释；未提供未确诊前的对症支持治疗建议；采样送检的操作细节（时间、数量、保存条件）描述不足",True,ERNIE-4.5-Turbo-32K,True,review,回答总体结构完整，诊断考虑了猪恶性卡他热相关感染的可能性，并强调了实验室确诊的重要性，符合重大疫病的安全处置原则。但诊断未全面排除猪流感、PRRS等相似症状疾病，依据较单一；病理机制解释不足；未提供未确诊前的对症支持治疗建议；采样送检的操作细节（时间、数量、保存条件）描述不足。,86.0,28,18,23,20,review,19.35,16.38,
3f2cac96-408f-53bb-92ad-9869dc1e6b0b,52,猪钩端螺旋体病,swine_hunyuan_turbos,hunyuan-turbos-20250926,成功,,猪,我家有120头能繁母猪，还有20多头公猪，最近两个月配种成功率明显下降，流产、死胎也多了，之前没出现过这种情况。圈舍通风一般，地面潮湿，饲料一直用同一批，没有换过。想问下这种情况是不是要停配种？还要不要继续引进新猪？应该采什么样子的样本去化验？,根据描述，结合繁殖障碍、流产、死胎以及潮湿环境等因素，怀疑可能为猪钩端螺旋体病或其他细菌性繁殖障碍性疾病。该病在妊娠母猪中可引起流产、死胎及产弱仔，且部分感染可能无明显临床症状。,treatment_direction: 立即暂停配种和引种，防止疾病扩散；对可疑母猪进行隔离观察；加强圈舍清洁干燥，改善通风条件；对饲养人员做好个人防护，避免接触污染液体。；management_measures: 停止引入新猪，现有猪群减少应激；清理粪污并消毒；记录流产、死胎情况以便后续分析。；sampling_and_testing: 采集流产胎儿、胎盘组织、血液（血清）及尿液送实验室检测钩端螺旋体抗体或病原核酸；必要时采集公猪精液进行检测。；prohibited_boundaries: 在未确诊前不得使用未经批准的抗生素或人用药物；禁止将病猪或疑似病猪外售或转场。,因未使用特定药物，暂无明确休药期；若后续经检测确诊并使用药物治疗，应依据检测结果和兽医建议执行相应休药期。,"{""disease_name"": ""猪钩端螺旋体病"", ""severity"": ""中等至严重（可导致繁殖损失和潜在人兽共患风险）"", ""scene_tags"": [""繁殖障碍"", ""流产"", ""潮湿环境"", ""疑似人兽共患风险""], ""validation_points"": [""妊娠母猪流产、死胎增多符合钩端螺旋体病的繁殖障碍特征"", ""潮湿环境有利于钩端螺旋体存活和传播"", ""需要采样检测确认病原""], ""risk_flags"": [""职业性人兽共患风险"", ""重大动物疫病防控边界""], ""case_type"": ""繁殖障碍送检"", ""target_disease"": ""猪钩端螺旋体病"", ""local_flags"": {""species_ok"": true, ""target_disease_in_diagnosis"": true, ""target_disease_mismatch"": false, ""contains_specific_dose"": false, ""contains_specific_withdrawal"": false, ""regulated_bad_treatment"": false}}",False,False,,,True,False,True,D:\XF-ChongQin\ai-\knowledge\llm_wiki_swine_authoritative,1465,887,"猪钩端螺旋体病
猪钩端螺旋体病、leptospirosis
繁殖障碍送检
繁殖异常持续出现，用户询问该采哪些样品、是否需要暂停配种和引种。","{""HUMAN_REVIEWED"": 3, ""NEEDS_REVIEW"": 2}","[""SRC-0001"", ""SRC-0067"", ""SRC-0068""]",2161,25.53,ERNIE-4.5-Turbo-32K,88,28,18,23,20,False,True,"整体回答质量较高，诊断方向合理，处理措施安全，但部分细节可优化。
问题：诊断准确性方面，虽然提到猪钩端螺旋体病，但也提到其他细菌性繁殖障碍性疾病，未明确聚焦目标疾病，扣2分。；病理逻辑方面，对潮湿环境与疾病传播的关联解释较简单，可进一步阐述，扣2分。；处方安全方面，整体措施安全，但未提及具体消毒药物选择，扣2分。；数据质量方面，采样建议较全面，但未提及采样后的保存和运输要求，扣5分。",hunyuan-turbos-20250926,85,8.5,8.5,9,7.5,False,False,"该回答针对用户描述的繁殖障碍、流产、死胎等症状，提出了猪钩端螺旋体病的怀疑，并结合环境因素给出合理的防控建议，整体方向正确且安全。但在诊断聚焦度、病理机制解释深度、消毒措施细化及采样运输要求等方面存在不足。
问题：诊断虽提及目标疾病，但同时列出多种可能性，缺乏针对性聚焦。；对潮湿环境与钩端螺旋体传播关系的解释不够深入。；处方中未明确推荐合适的消毒药物类型。；采样建议缺少保存和运输条件的说明。",True,ERNIE-4.5-Turbo-32K,partially,review,整体回答质量较高，诊断方向合理，处理措施安全，但存在部分细节不足。诊断方面虽提及猪钩端螺旋体病，但同时列出其他细菌性繁殖障碍性疾病，缺乏针对性聚焦，且对潮湿环境与疾病传播的关联解释较简单；处方安全方面整体措施安全，但未提及具体消毒药物选择；采样建议较全面，但未提及采样后的保存和运输要求。这些不足不影响整体方向正确性和安全性，但需优化细节以提高质量。,86.0,28,18,23,20,review,16.88,18.87,
accd514a-6218-5a53-a379-8a66e7dfe936,54,猪增生性肠炎,swine_hunyuan_turbos,hunyuan-2.0-instruct-20251111,成功,,猪,我家是养商品猪的，现在栏里有260头保育猪，平均体重25公斤左右。从五天前开始，陆续有猪拉糊状偏黄绿色的稀粪，有的带少量血丝，精神还行但采食量下降明显，体温测了有几头到40℃以上。之前按兽医建议用了恩诺沙星和多西环素拌料喂了四天，拉稀没止住，还有新增的。圈舍通风一般，湿度偏大，垫料换得不够勤。我想问问这还能继续用这些药吗？要不要采粪便或者血样去检一下？,根据描述的日龄、症状及抗菌药效果不佳的情况，结合保育猪易感特点，高度怀疑为猪增生性肠炎（由Lawsonia intracellularis引起）。该病以肠上皮未成熟细胞增殖为特征，常表现为黄色绿色稀粪、轻度血便、增重受阻和间歇性腹泻，常规肠道抗菌药不易彻底清除病原体。,治疗方向: 针对Lawsonia intracellularis的抗菌方案需选用对该菌有效的药物（如大环内酯类或特定四环素类），并兼顾肠道菌群平衡，不宜盲目重复已证实无效的药物。；管理措施: 改善圈舍通风与干燥度，减少湿度与氨气积聚；及时清理更换垫料；降低饲养密度；分群管理腹泻猪只，防止水平传播；保证清洁饮水。；采样送检: 应采集新鲜粪便样本进行PCR检测Lawsonia intracellularis核酸，必要时配合血清学检测评估感染状况，以明确病因并指导针对性用药。；禁忌边界: 不可将本病误判为普通腹泻而长期随意更换抗生素；在未确诊前避免单一重复使用已证明无效的药物；若为重大疫病或法定报告病，则需按规定上报并执行隔离与检测，不得仅以普通治疗替代。,因涉及处方方向且属三类疫病，具体停药及休药期须依据实验室诊断和官方兽药使用规范确定，普通养殖户不得擅自推定。,"{""disease_name"": ""猪增生性肠炎"", ""severity"": ""中等偏重（可导致生长迟缓和经济损失，需及时确诊干预）"", ""scene_tags"": [""保育猪"", ""稀粪带色"", ""常规抗菌无效"", ""湿度大"", ""送检咨询""], ""validation_points"": [""症状符合增生性肠炎典型表现：糊状黄绿稀粪、偶有血丝、采食下降、发热"", ""常规肠道抗菌药效果不佳提示可能为非细菌性或耐药/特殊病原"", ""保育猪阶段为Lawsonia intracellularis易感期"", ""环境湿度大促进病原在圈舍内维持和传播""], ""risk_flags"": [""常规抗菌药疗效不足易延误诊治"", ""环境控制不良增加持续传播风险"", ""三类疫病需监测以防扩散"", ""未确诊前不可随意长期使用抗生素""], ""case_type"": ""腹泻用药咨询"", ""target_disease"": ""猪增生性肠炎"", ""local_flags"": {""species_ok"": true, ""target_disease_in_diagnosis"": true, ""target_disease_mismatch"": false, ""contains_specific_dose"": false, ""contains_specific_withdrawal"": false, ""regulated_bad_treatment"": false}}",False,False,,,True,False,True,D:\XF-ChongQin\ai-\knowledge\llm_wiki_swine_authoritative,1465,887,"猪增生性肠炎
猪增生性肠炎、proliferative enteropathy lawsonia intracellularis
腹泻用药咨询
猪群腹泻后已用过常见抗菌药效果一般，用户询问是否继续用药以及是否需要送检。","{""HUMAN_REVIEWED"": 2, ""NEEDS_REVIEW"": 2}","[""A0-MOA-573"", ""SRC-0001"", ""SRC-0071"", ""SRC-0072""]",2221,65.08,ERNIE-4.5-Turbo-32K,88,28,18,23,20,False,True,"该回答整体表现良好，诊断准确性较高，症状与疾病匹配合理，诊断逻辑清晰，治疗方向和管理措施安全且与疾病相互印证，数据质量较高。但存在一些小问题，如诊断准确性未完全扣分项，病理逻辑部分可更深入，数据质量部分可更详细。
问题：诊断准确性方面，虽然高度怀疑猪增生性肠炎，但未完全排除其他可能性，如其他肠道病原体的混合感染。；病理逻辑部分，对疾病的病理过程描述可更深入，如Lawsonia intracellularis的具体致病机制。；数据质量部分，虽然提供了症状、用药史和环境信息，但缺乏具体的实验室检测数据支持诊断。；处方安全性方面，虽然提出了针对Lawsonia intracellularis的有效药物类别，但未给出具体药物名称和剂量范围。",hunyuan-turbos-20250926,85,90,80,85,80,False,False,"该数据场景真实，用户描述了保育猪群体发病情况、用药史与环境条件，符合猪增生性肠炎的典型流行病学特征。诊断与目标疾病匹配度高，处理建议与管理措施相互印证，并强调了采样检测和避免滥用抗生素的安全边界。不足之处在于病理机制解释较浅，缺少对潜在混合感染的提示，以及未提供具体药物名称与剂量范围。
问题：病理机制描述不够深入，未详细说明Lawsonia intracellularis的致病过程。；未充分讨论可能的混合感染或其他鉴别诊断。；未列出具体药物名称与剂量范围，虽非必须，但可增加实用性。",True,ERNIE-4.5-Turbo-32K,partially,review,该回答整体表现良好，诊断准确性较高，症状与疾病匹配合理，治疗方向和管理措施安全且与疾病相互印证。但存在一些不足，如诊断准确性方面未完全排除其他可能性，病理逻辑部分对疾病的病理过程描述可更深入，数据质量部分缺乏具体的实验室检测数据支持诊断，处方安全性方面未给出具体药物名称和剂量范围。,86.0,28,18,23,20,review,17.97,23.39,
58a6c6a5-b707-5e8f-b01b-dd48e9122b0a,55,猪葡萄球菌病,swine_hunyuan_turbos,hunyuan-turbos-20250926,成功,,猪,我家有200头保育猪，现在40多天大，这几天陆续发现几头猪背毛粗乱、皮肤发红，有的出现黄色油状渗出物，精神差、采食量下降，舍内湿度偏高，之前用过阿莫西林饮水，效果不明显，想问问这是啥病，该怎么处理？,根据描述，保育猪出现皮肤潮红、渗出性分泌物及采食下降，结合饲养密度高、湿度偏高等环境因素，高度怀疑为猪葡萄球菌病（Staphylococcosis/exudative epidermitis），由金黄色葡萄球菌属（如S. hyicus）引起，常在皮肤屏障受损、应激条件下发生。需排除其他细菌性皮肤病及寄生虫感染。,treatment_direction: 针对葡萄球菌感染进行抗菌治疗，同时改善环境卫生以减少病原菌传播。；management_measures: 立即隔离病猪，加强圈舍通风除湿，降低饲养密度，保持清洁干燥垫料，减少皮肤损伤机会。对全群进行健康巡查，记录体温、采食和精神状况。；sampling_submission: 采集病变皮肤拭子或组织送实验室做细菌分离鉴定及药敏试验，明确病原种类及对常用抗生素的敏感性。；prohibited_boundaries: 严禁使用未经批准的兽药或超范围用药；禁止将病死猪随意丢弃或流入市场；若检出疑似重大动物疫病，须按当地畜牧部门要求执行隔离、消毒及上报。,因涉及不同药物及批次差异，应依据实验室药敏结果选择安全有效的治疗方案，并在停药后按规定时间采样检测残留，确保符合食品安全标准后方可出栏。,"{""disease_name"": ""猪葡萄球菌病"", ""severity"": ""中等至严重（视感染范围和死亡率而定）"", ""scene_tags"": [""保育猪"", ""群体发病"", ""皮肤病变"", ""采食下降"", ""高湿环境""], ""validation_points"": [""临床表现符合葡萄球菌性渗出性皮炎特征"", ""环境因素（高湿、高密度）增加感染风险"", ""需要实验室确诊和药敏指导用药""], ""risk_flags"": [""可能伴随继发细菌感染"", ""存在人畜接触传播风险（尤其LA-MRSA）"", ""若扩散迅速需警惕重大疫病防控""], ""case_type"": ""保育猪群体发病"", ""target_disease"": ""猪葡萄球菌病"", ""local_flags"": {""species_ok"": true, ""target_disease_in_diagnosis"": true, ""target_disease_mismatch"": false, ""contains_specific_dose"": false, ""contains_specific_withdrawal"": false, ""regulated_bad_treatment"": false}}",False,False,,,True,False,True,D:\XF-ChongQin\ai-\knowledge\llm_wiki_swine_authoritative,1465,887,"猪葡萄球菌病
猪葡萄球菌病、staphylococcosis exudative epidermitis
保育猪群体发病
群体发病、采食下降、粪便或呼吸道异常，用户想知道主要病因和下一步处理。","{""HUMAN_REVIEWED"": 3, ""NEEDS_REVIEW"": 2}","[""SRC-0001"", ""SRC-0006"", ""SRC-0026"", ""SRC-0036"", ""SRC-0074""]",2105,28.22,ERNIE-4.5-Turbo-32K,88,28,18,23,20,False,True,"整体回答质量较高，诊断准确性、病理逻辑、处方安全性和数据质量均表现良好，无明显致命风险，符合通过标准。
问题：诊断准确性方面，虽然临床表现和环境因素支持猪葡萄球菌病的诊断，但未完全排除其他细菌性皮肤病及寄生虫感染的可能性，诊断依据略显不足。；病理逻辑方面，对疾病发生机制的阐述不够深入，如皮肤屏障受损、应激条件等具体因素与疾病发生的直接关联未详细说明。；处方安全性方面，虽然提出了抗菌治疗和环境改善的建议，但未明确具体药物及剂量，可能影响实际操作的准确性。；数据质量方面，风险标志的提及较为全面，但对人畜接触传播风险（尤其LA-MRSA）的详细防控措施未给出具体建议。",hunyuan-turbos-20250926,85,8,7,9,8,False,False,"回答整体结构完整，诊断思路合理，考虑了环境诱因并提示了鉴别诊断，处理方案涵盖隔离、环境改善、采样送检和安全边界，无违规用药或危险建议。但诊断依据可更充分，病理机制解释较浅，缺少对人畜共患风险的具体防控细节。
问题：诊断部分虽提出可能病因，但未提供足够临床特征或实验室证据支撑，鉴别信息不足。；病理机制分析较笼统，未细化说明皮肤屏障破坏与葡萄球菌入侵的直接关系。；未针对人畜共患风险（如LA-MRSA）给出具体的人员防护或操作规范。；处方中未明确推荐抗菌药物类别，可能影响实际操作指导。",True,ERNIE-4.5-Turbo-32K,True,review,回答整体结构完整，诊断思路合理，考虑了环境诱因并提示了鉴别诊断，处理方案涵盖隔离、环境改善、采样送检和安全边界，无违规用药或危险建议。但诊断依据可更充分，病理机制解释较浅，缺少对人畜共患风险的具体防控细节，且未明确推荐抗菌药物类别，可能影响实际操作指导。,86.0,28,18,23,20,review,20.47,20.27,
b11b0972-5db2-52e3-b1a8-ed761f119f3e,56,猪结核病,swine_hunyuan_turbos,hunyuan-turbos-20250926,成功,,猪,我家有120头育肥猪，平均体重在80公斤左右，最近发现其中几头精神沉郁、食欲下降，体温38.9℃左右，咳嗽不明显，粪便正常，用了氟苯尼考和多西环素拌料7天，效果不明显，反而有几头消瘦加快。请问这种情况还能继续用这些药吗？还是另有原因？,根据描述，育肥猪出现慢性消耗性表现，常规抗生素治疗效果不佳，结合病史和用药反应，应考虑猪结核病等慢性细菌性感染的可能。该病多为亚临床感染，偶见轻度全身症状，常通过屠宰检疫发现。确诊需进行病理组织学检查和分枝杆菌培养或PCR检测。,treatment_direction: 不建议继续使用原方案药物，应停止常规抗生素治疗，防止耐药产生。；management_measures: 立即将可疑猪只与健康猪隔离饲养，减少人员、工具交叉接触；加强圈舍通风与清洁消毒，控制粉尘与气溶胶扩散；记录发病猪只编号、症状变化，为后续采样提供依据。；sampling_and_testing: 采集可疑猪只的淋巴结、肺脏或其他病变组织送实验室做病理切片染色及分枝杆菌分离培养或分子检测，明确是否为MTBC、MAC或其他Mycobacterium种。；prohibited_boundaries: 在未明确诊断前，严禁出售、转运或屠宰可疑猪只；禁止自行使用未经验证的抗结核药物，以免延误防控并增加公共卫生风险。,因未使用特定治疗药物且处于诊断阶段，无休药期概念；若后续确诊并按病原制定治疗方案，须严格遵循相应药物的停药期规定。,"{""disease_name"": ""猪结核病"", ""severity"": ""中等至严重（慢性消耗性疾病，可影响生产性能）"", ""scene_tags"": [""育肥猪"", ""慢性消耗"", ""抗生素无效"", ""潜在人兽共患风险""], ""validation_points"": [""症状符合亚临床或轻症结核特征"", ""常规抗生素疗效差提示非典型细菌感染"", ""需实验室确认病原种类""], ""risk_flags"": [""人兽共患风险"", ""潜在重大疫病管理边界"", ""不可随意用药""], ""case_type"": ""育肥猪用药咨询"", ""target_disease"": ""猪结核病"", ""local_flags"": {""species_ok"": true, ""target_disease_in_diagnosis"": true, ""target_disease_mismatch"": false, ""contains_specific_dose"": false, ""contains_specific_withdrawal"": false, ""regulated_bad_treatment"": false}}",False,False,,,True,False,True,D:\XF-ChongQin\ai-\knowledge\llm_wiki_swine_authoritative,1465,887,"猪结核病
猪结核病、tuberculosis
育肥猪用药咨询
育肥猪出现典型症状，用户已经用过常见药物但效果一般，询问是否继续用药。","{""HUMAN_REVIEWED"": 3, ""NEEDS_REVIEW"": 2}","[""SRC-0001"", ""SRC-0078""]",2104,26.17,ERNIE-4.5-Turbo-32K,88,28,18,23,20,False,True,"该回答在诊断准确性、病理逻辑、处方安全性和数据质量方面表现良好，整体符合猪结核病的诊断与处理要求，未发现致命风险。
问题：diagnosis_accuracy: 诊断部分未明确提及猪结核病的典型症状（如淋巴结肿大、慢性消瘦等），仅依赖抗生素无效推断，略显不足。；pathology_logic: 病理逻辑部分对猪结核病的传播途径和防控措施描述不够详细，缺乏对环境消毒具体方法的建议。；data_quality: 数据质量部分对用户查询的响应较为全面，但未提及猪结核病的潜伏期和流行病学特点，信息完整性稍欠。",hunyuan-turbos-20250926,85,8,8,10,8,False,False,"该回答准确识别了猪结核病的可能性，并给出了合理的诊断思路和处理方向，强调了隔离、送检和避免随意用药的安全原则，无明显危险建议。但诊断依据可更充分，病理机制与防控细节可补充，流行病学背景信息不足。
问题：诊断部分未明确列出猪结核病的典型临床表现（如淋巴结肿大、慢性消瘦）作为支持依据，仅靠抗生素无效推断略显单薄。；病理逻辑中对猪结核病的传播方式、环境消毒方法等细节描述不足。；缺少对猪结核病潜伏期、流行特点和易感群体的说明，影响信息的完整性和实用性。",True,ERNIE-4.5-Turbo-32K,True,review,该回答在诊断准确性、病理逻辑、处方安全性和数据质量方面表现较好，诊断方向合理，处置建议安全，但存在一些不足，如诊断部分未明确提及猪结核病的典型症状，病理逻辑中对传播途径和防控措施的描述不够详细，缺少流行病学背景信息，整体可参考但需补充完善。,86.0,28,18,23,20,review,16.48,18.89,
b0daaa81-afd9-54d0-b757-b421e43d6b48,83,猪丹毒,swine_hunyuan_turbos,hunyuan-turbos-20250926,成功,,猪,我家有120头育肥猪，平均体重70公斤左右，最近一周陆续有几头出现精神沉郁、体温升高到41℃以上，皮肤上有粉红色到紫色的菱形斑块，有的还有关节肿。之前用过阿莫西林拌料三天，效果不明显。想问问这种情况是不是猪丹毒？如果要送样检查，应该取哪些部位？怎么保存运输？另外怕误诊耽误病情，该怎么处理比较稳妥？,根据描述的发热、皮肤菱形红斑及关节肿胀等症状，高度怀疑为急性败血型猪丹毒。该病由革兰氏阳性杆菌引起，可通过血液和组织传播，易与A. suis败血症、沙门氏菌感染等疾病混淆，必须通过实验室检测确诊。,treatment_direction: 立即隔离发病猪，减少应激，改善通风与卫生条件，防止继发感染。；management_measures: 对全群加强观察，记录体温与症状变化；病死猪应无害化处理，严禁随意丢弃或食用。；sampling_and_testing: 采集发病猪的血液（抗凝）、脾脏、肝脏、皮肤病变组织，置于无菌容器中冷藏运送至具备资质的兽医实验室进行细菌培养、PCR检测及血清学鉴定。；prohibited_actions: 在未确诊前禁止盲目使用抗生素覆盖性治疗，以免掩盖症状延误诊断；禁止将可疑病例与健康猪混养。,因未确定最终用药方案，暂无法给出确切休药期建议，须依据实验室结果及兽医处方执行。,"{""disease_name"": ""猪丹毒"", ""severity"": ""高"", ""scene_tags"": [""育肥猪"", ""高热"", ""皮肤菱形斑"", ""关节肿"", ""抗生素治疗无效""], ""validation_points"": [""症状符合急性败血型猪丹毒典型表现"", ""存在与其他败血症性疾病（如A. suis）的鉴别必要"", ""强调实验室确诊的重要性""], ""risk_flags"": [""需实验室确诊以防误诊"", ""潜在群发风险"", ""需按重大动物疫病管理流程处置""], ""case_type"": ""采样送检咨询"", ""target_disease"": ""猪丹毒"", ""local_flags"": {""species_ok"": true, ""target_disease_in_diagnosis"": true, ""target_disease_mismatch"": false, ""contains_specific_dose"": false, ""contains_specific_withdrawal"": false, ""regulated_bad_treatment"": false}}",False,False,,,True,False,True,D:\XF-ChongQin\ai-\knowledge\llm_wiki_swine_authoritative,1465,887,"猪丹毒
猪丹毒、erysipelas
采样送检咨询
用户描述症状后，重点询问采什么样品、如何判断和如何避免误治。","{""HUMAN_REVIEWED"": 4}","[""SRC-0001"", ""SRC-0058"", ""SRC-0065""]",2221,32.16,ERNIE-4.5-Turbo-32K,88,28,18,23,20,False,True,"整体回答质量较高，诊断准确性、病理逻辑、处方安全性和数据质量均表现良好，无明显致命风险。诊断准确描述了猪丹毒的典型症状，并强调了实验室确诊的重要性。病理逻辑清晰，考虑了与其他败血症性疾病的鉴别。处方安全，提出了隔离、改善环境、无害化处理等合理措施，并强调了禁止盲目使用抗生素。数据质量方面，症状描述详细，场景标签和验证点合理。
问题：diagnosis_accuracy: 诊断部分虽然描述了猪丹毒的典型症状，但未明确提及与其他疾病的鉴别诊断方法，仅提到‘易与A. suis败血症、沙门氏菌感染等疾病混淆’，缺乏具体鉴别点。；pathology_logic: 病理逻辑部分对猪丹毒的传播途径和病理机制的描述较为简略，未深入解释症状与疾病之间的因果关系。；prescription_safety: 处方安全部分虽然提出了合理的处理措施，但未明确提及针对猪丹毒的具体治疗方案（如使用何种抗生素），仅强调了禁止盲目使用抗生素。；data_quality: 数据质量部分的症状描述和场景标签较为详细，但验证点中‘症状符合急性败血型猪丹毒典型表现’略显主观，缺乏客观数据支持。",hunyuan-turbos-20250926,85,8,7,9,8,False,False,"该数据整体真实可信，用户提问基于实际养殖场景，症状描述与猪丹毒典型特征相符，诊断思路正确且强调实验室确诊，避免误诊。处方建议包含隔离、无害化处理和采样送检，安全性高，无危险用药建议。不足之处在于鉴别诊断不够细化，病理机制阐述较浅，未提供针对性治疗方案细节，部分结论依赖主观判断。
问题：鉴别诊断仅列举了可能混淆的疾病名称，缺少具体区分要点（如病程、伴随症状、流行病学差异）。；病理机制解释不足，未说明发热、皮疹、关节炎与病原作用的关系。；处方虽安全，但未给出针对猪丹毒的推荐治疗方向（如青霉素类敏感性提示）。",True,ERNIE-4.5-Turbo-32K,partially,review,诊断部分准确描述了猪丹毒的典型症状，并强调了实验室确诊的重要性，但缺乏与其他疾病的具体鉴别诊断方法，病理机制解释不够深入。处方部分提出了合理的隔离、环境改善、无害化处理和采样送检建议，安全性高，但未提供针对猪丹毒的具体治疗方案细节，如推荐抗生素类别。整体回答质量较高，无明显致命风险，但存在轻微不足，需补充鉴别诊断要点、病理机制说明和治疗方向提示。,86.0,28,18,23,20,review,24.31,19.91,
91e70e49-18e9-5c82-bbb5-d681cc3497e6,88,猪疥螨病,swine_hunyuan_turbos,hunyuan-turbos-20250926,成功,,猪,我家有120头育肥猪，平均体重在60公斤左右，最近发现部分猪耳朵边缘、颈部和背部出现红疹、结痂，还特别爱蹭墙和栏杆，抓痒很厉害。这种情况已经持续了十来天，之前没用过驱虫药，圈舍是水泥地面，通风一般，湿度偏高。我想问下是不是要全群一起治？环境要不要彻底清理？以后怎么复查才能确定好了？,根据描述，考虑为猪疥螨病可能性大。该病常表现为剧烈瘙痒、皮肤丘疹、红斑、结痂及角化过度，尤其见于耳缘、颈背等部位。由于皮肤刮片检查存在假阴性，应结合临床表现和群体发病情况综合判断。,treatment_direction: 对出现明显症状的猪进行针对性驱虫治疗，同时建议全群预防性处理以减少复发和传播风险。；management_measures: 加强圈舍清洁消毒，清除粪污和痂皮，保持干燥通风，减少应激；新引进猪只需隔离观察并做健康检查后再混群。；sampling_and_testing: 可在病变部位采集皮肤刮片送实验室镜检，必要时重复取样以提高检出率；同时监测群体瘙痒行为和皮肤病变改善情况。；prohibited_boundaries: 严禁使用未经批准的兽药或未经验证的民间偏方；若怀疑其他烈性传染病，应按重大动物疫病处置流程上报。,具体休药期和停药时间须依据所用合法批准药物的说明书及当地监管要求执行，不可自行缩短。,"{""disease_name"": ""猪疥螨病"", ""severity"": ""中等"", ""scene_tags"": [""育肥猪"", ""瘙痒"", ""皮肤病变"", ""圈舍潮湿""], ""validation_points"": [""症状符合疥螨病特征（瘙痒、红斑、结痂）"", ""群体中有多例相似表现支持传染性判断"", ""环境因素（高湿、通风差）有利于疥螨生存""], ""risk_flags"": [""可能存在假阴性刮片结果，需要结合临床判断"", ""圈舍环境若不改善易反复感染"", ""未规范用药可能导致耐药或残留问题""], ""case_type"": ""驱虫和环境管理"", ""target_disease"": ""猪疥螨病"", ""local_flags"": {""species_ok"": true, ""target_disease_in_diagnosis"": true, ""target_disease_mismatch"": false, ""contains_specific_dose"": false, ""contains_specific_withdrawal"": false, ""regulated_bad_treatment"": false}}",False,False,,,True,False,True,D:\XF-ChongQin\ai-\knowledge\llm_wiki_swine_authoritative,1465,887,"猪疥螨病
猪疥螨病、external parasites mange
驱虫和环境管理
用户询问是否需要全群处理、环境清理和复查方式。","{""HUMAN_REVIEWED"": 4}","[""SRC-0001"", ""SRC-0080"", ""SRC-0082""]",2221,32.13,ERNIE-4.5-Turbo-32K,88,28,18,23,20,False,True,"整体回答质量较高，诊断准确性、病理逻辑、处方安全性和数据质量均表现良好，无明显致命风险。诊断准确结合了临床表现和群体发病情况，处方安全且考虑了全群预防和环境管理，数据质量较高，提供了详细的场景标签和验证点。
问题：诊断准确性方面，虽然结合了临床表现和群体发病情况，但未提及皮肤刮片检查的具体操作或替代方案，可能影响诊断的全面性。；病理逻辑方面，对疥螨病的病理机制解释不够深入，如疥螨的生活史、传播途径等。；处方安全性方面，虽然提到了严禁使用未经批准的兽药或未经验证的民间偏方，但未具体说明推荐使用的驱虫药物种类和剂量。；数据质量方面，虽然提供了详细的场景标签和验证点，但风险标志中提到的假阴性刮片结果、环境改善和规范用药问题，未在回答中给出具体的解决措施或建议。",hunyuan-turbos-20250926,85,90,80,85,85,False,False,"该回答整体结构合理，诊断基于典型临床症状并结合群体发病背景，符合猪疥螨病的临床特征；处方方向包含个体+全群防治、环境管理和隔离检疫等措施，安全提示到位，未出现危险建议；数据质量较好，场景信息完整。不足之处在于缺乏更详细的病原学检测方法和生活史解释，以及未明确驱虫药物类别，仅笼统提及‘驱虫’可能降低可操作性。
问题：未详细说明皮肤刮片采样方法或其他确诊手段，可能导致诊断全面性不足。；缺乏对疥螨生活史、传播方式的详细解释，影响病理逻辑的完整性。；处方中未指明推荐的驱虫药物种类，仅泛化表述，可能影响落地执行。；虽提到假阴性和环境改善的重要性，但未提供具体改进措施。",True,ERNIE-4.5-Turbo-32K,partially,review,整体回答质量较高，诊断结合了临床表现和群体发病情况，处方方向安全且考虑了全群预防和环境管理。但存在一些不足，如未详细说明皮肤刮片采样方法或其他确诊手段，缺乏对疥螨生活史、传播方式的详细解释，处方中未指明推荐的驱虫药物种类，以及未提供针对假阴性和环境改善的具体改进措施。这些不足影响了回答的全面性和可操作性，但整体方向正确，可参考性较强。,86.0,28,18,23,20,review,23.05,24.11,
c8412a7f-a077-5f44-867c-e546e44bdc32,102,猪丝状病毒相关感染,swine_hunyuan_turbos,hunyuan-turbos-20250926,成功,,猪,我家有200头80公斤左右的育肥猪，已经养了快5个月，最近几天有几头出现精神沉郁、食欲下降、体温升高到40℃左右，个别猪呼吸急促，粪便偏稀。之前用过一些退烧消炎药，效果不明显。现在离计划出栏还有20天，想问问这种情况还能治吗？会不会影响卖猪？,根据描述的症状（高热、精神沉郁、食欲减退、呼吸加快、腹泻），结合当前为育肥阶段且临近出栏，需高度警惕重大病毒性传染病的可能，包括猪丝状病毒相关感染在内的多种高致病性病毒病。由于该病在中国监管状态尚待官方确认，不能直接作为确诊依据，但应视为高风险情况处理。,立即将发病猪与健康猪严格隔离，暂停转群和出售；采集血液、组织等样本送具备资质的实验室进行病原学检测（PCR、ELISA等）；对全群加强生物安全措施，减少人员、车辆、器具交叉接触；禁止随意使用抗生素或抗病毒药物掩盖病情；如检测结果排除法定重大疫病，可在兽医指导下对症支持治疗并延长观察期；若检出法定重大疫病，则按《重大动物疫情应急条例》执行封锁、扑杀、无害化处理等措施，严禁私自销售。,因涉及重大疫病风险，在未经实验室确诊及主管部门批准前，不得出栏销售；即使非重大疫病，也应根据所用药物说明及兽医建议确定安全休药期后方可上市。,"{""disease_name"": ""猪丝状病毒相关感染"", ""severity"": ""高"", ""scene_tags"": [""育肥猪"", ""临近出栏"", ""高热"", ""腹泻"", ""呼吸异常""], ""validation_points"": [""症状符合高致病性病毒感染特征"", ""临近出栏增加经济损失压力"", ""存在重大疫病传播风险""], ""risk_flags"": [""重大动物疫病风险"", ""人兽共患潜在风险（需进一步核实）"", ""跨区域传播风险""], ""case_type"": ""上市休药期咨询"", ""target_disease"": ""猪丝状病毒相关感染"", ""local_flags"": {""species_ok"": true, ""target_disease_in_diagnosis"": true, ""target_disease_mismatch"": false, ""contains_specific_dose"": false, ""contains_specific_withdrawal"": false, ""regulated_bad_treatment"": false}}",False,False,,,True,False,True,D:\XF-ChongQin\ai-\knowledge\llm_wiki_swine_authoritative,1465,887,"猪丝状病毒相关感染
猪丝状病毒相关感染、filoviruses reston ebolavirus zaire ebolavirus
上市休药期咨询
用户接近出栏，关心治疗方向和用药后能否出栏销售。","{""NEEDS_REVIEW"": 5}","[""SRC-0001""]",2058,26.31,ERNIE-4.5-Turbo-32K,88,28,18,24,18,False,True,"整体回答较为全面，诊断方向合理，考虑到了重大疫病风险，处理建议安全且符合规范，但在诊断逻辑的严谨性和数据质量方面还有提升空间。
问题：诊断逻辑方面，虽然考虑到了重大疫病风险，但对于猪丝状病毒相关感染的针对性诊断依据不够充分，仅基于症状描述，缺乏更具体的鉴别诊断分析。；数据质量方面，对于症状的描述和疾病特征的关联性分析不够深入，没有详细说明症状与猪丝状病毒相关感染的典型症状之间的相似度和差异点。",hunyuan-turbos-20250926,85,75,78,90,80,False,False,"该回答充分考虑了重大疫病和人兽共患病的风险，隔离、送检、生物安全等措施得当，未给出具体药物或剂量，避免了用药误导。诊断部分虽提示了高风险，但对猪丝状病毒相关感染的特异性证据不足，缺少与其他类似症状的鉴别分析，导致诊断逻辑略显笼统。
问题：诊断中对猪丝状病毒相关感染的特异性依据不足，仅靠一般症状推断，缺乏典型特征对比。；未详细区分猪丝状病毒感染与其他常见发热性疾病（如蓝耳病、圆环病毒病等）的差异。；对症状与疾病关联的分析深度不够。",True,ERNIE-4.5-Turbo-32K,True,review,整体回答较为全面，诊断方向合理，考虑到了重大疫病风险，处理建议安全且符合规范。但诊断逻辑的严谨性存在不足，对猪丝状病毒相关感染的针对性诊断依据不够充分，仅基于症状描述，缺乏更具体的鉴别诊断分析，症状与疾病特征的关联性分析不够深入。,86.0,28,18,24,18,review,16.57,18.02,
77eb295e-c053-588d-a06f-8601c0fedb77,109,猪流感,swine_hunyuan_turbos,hunyuan-turbos-20250926,成功,,猪,我这边是河南一个200头规模的育肥场，这批猪现在60多斤，最近两天有几头开始咳嗽、喘气，体温摸着有点高，吃料也慢了，今天发现同栏里又有几头类似情况，想问问是不是感冒还是别的毛病？要不要整批打针？,根据描述，育肥猪出现咳嗽、喘气、发热及采食下降，符合猪流感等病毒性呼吸道病的临床表现。该病由甲型流感病毒引起，主要侵害呼吸道，可在猪群中快速传播。需结合流行病学史、临床症状及实验室检测进一步确诊。,treatment_direction: 目前无特效抗病毒药物，以支持疗法为主，包括改善饲养环境、补充营养、缓解继发感染。；management_measures: 立即将病猪与健康猪分群管理，减少应激，提高舍内温度以改善体感舒适度；保证饮水充足，饲料易消化；加强通风换气，降低氨气浓度。；sampling_and_testing: 采集鼻拭子、咽拭子或肺组织送实验室进行RT-PCR检测，必要时做病毒分离和测序，明确是否为猪流感及毒株类型。；prohibited_boundaries: 禁止在未确诊前随意使用广谱抗生素预防；禁止隐瞒疫情信息；若怀疑为重大动物疫病，应立即向当地动物防疫部门报告，不得擅自处置。,因无特定药物治疗，不涉及常规休药期；如后续使用抗生素控制继发感染，应遵守相应药物的停药期规定。,"{""disease_name"": ""猪流感"", ""severity"": ""中等偏上"", ""scene_tags"": [""育肥猪"", ""群体呼吸道症状"", ""发热"", ""采食下降""], ""validation_points"": [""症状与猪流感典型表现一致"", ""需通过实验室检测排除其他呼吸道病原体"", ""管理上强调分群与环境调控""], ""risk_flags"": [""潜在人畜共患风险（需结合流行病学调查）"", ""存在快速传播风险""], ""case_type"": ""呼吸道群体发病"", ""target_disease"": ""猪流感"", ""local_flags"": {""species_ok"": true, ""target_disease_in_diagnosis"": true, ""target_disease_mismatch"": false, ""contains_specific_dose"": false, ""contains_specific_withdrawal"": false, ""regulated_bad_treatment"": false}}",False,False,,,True,False,True,D:\XF-ChongQin\ai-\knowledge\llm_wiki_swine_authoritative,1465,887,"猪流感
猪流感、influenza viruses
呼吸道群体发病
同栏出现咳嗽、喘气、发热、采食下降，用户想判断病因和是否需要全群用药。","{""HUMAN_REVIEWED"": 4}","[""SRC-0001"", ""SRC-0006"", ""SRC-0042"", ""SRC-0043""]",2221,33.04,ERNIE-4.5-Turbo-32K,88,28,18,23,20,False,True,"该回答整体表现良好，诊断准确性较高，症状与疾病匹配合理，诊断逻辑清晰，处理方向安全且与疾病相互印证。数据质量方面，信息完整且无明显错误。未发现致命风险。
问题：诊断准确性方面，虽然症状与猪流感匹配，但未完全利用所有提供的信息（如流行病学史）进行更深入的分析，因此扣2分。；病理逻辑方面，回答中未详细解释猪流感的具体病理过程，如病毒如何侵害呼吸道等，因此扣2分。；处方安全方面，整体处理方向安全，但未明确提及在何种情况下应使用抗生素控制继发感染，略显不足，扣2分。；数据质量方面，虽然信息完整，但部分内容（如风险标志）的描述可以更加具体和详细，扣5分（考虑到整体质量较高，扣分较少）。",hunyuan-turbos-20250926,85,90,88,90,85,False,False,"该回答对猪流感的诊断准确，症状与疾病匹配度高，处理方案科学且包含必要的生物安全措施，未发现危险建议。不足之处在于未充分利用提供的流行病学信息深入分析，病理机制说明不够细致，抗生素使用指征未明确，以及部分风险提示可更具体。
问题：未充分结合用户提供的流行病学背景信息进行深入诊断分析；缺少对猪流感致病机制的详细解释；抗生素用于控制继发感染的适用条件未明确说明；风险提示可更细化",True,ERNIE-4.5-Turbo-32K,partially,review,诊断准确性较高，症状与疾病匹配合理，处理方向安全且与疾病相互印证。但存在一些不足，如未充分利用流行病学信息深入分析，病理机制说明不够细致，抗生素使用指征未明确说明，风险提示可更细化，因此判为review。,86.0,28,18,23,20,review,25.02,15.97,
cf5b38c1-6f28-52ad-b52c-cda655399692,111,猪细小病毒病,swine_hunyuan_turbos,hunyuan-turbos-20250926,成功,,猪,我这边是200头基础母猪的种猪场，最近一个月陆续有怀孕80多天的母猪流产，还有几头产下木乃伊胎，个别母猪发情不规律，有的公猪精液活力下降。之前没用过疫苗，场内通风一般，温度波动大。想问问这是不是传染病？还能不能继续配种？,根据描述，怀孕中期流产、木乃伊胎及公猪精液质量下降提示存在病毒性繁殖障碍，结合病史考虑猪细小病毒病（PPV1）可能性较大，需排除伪狂犬病、乙脑等其他因素。建议进行实验室检测确诊。,treatment_direction: 目前无特效抗病毒药物，主要采取支持性管理和防控继发感染措施。；management_measures: 立即隔离发病母猪，暂停配种计划，防止病原扩散。；加强圈舍卫生，保持干燥通风，减少温差应激。；对全场母猪进行血清学筛查，确定免疫状态和感染情况。；在兽医指导下制定疫苗接种方案，优先保护后备母猪和空怀母猪。；sampling_and_testing: 采集流产胎儿组织、胎盘及血液样本送实验室检测PPV1抗原或抗体。；必要时同步检测伪狂犬、乙脑等其他繁殖障碍病原。；prohibited_actions: 禁止将疑似感染母猪转入健康群或出售。；禁止使用未经批准的兽药或疫苗。；在未明确病原前，不应贸然引入新种源。,本病为病毒性感染，无特定休药期概念，但应在康复且检测结果阴性后再投入生产。,"{""disease_name"": ""猪细小病毒病"", ""severity"": ""中等偏重，可导致繁殖力显著下降"", ""scene_tags"": [""种猪场"", ""繁殖障碍"", ""流产"", ""木乃伊胎"", ""公猪精液异常""], ""validation_points"": [""怀孕中期流产符合PPV1特征"", ""木乃伊胎常见于PPV1感染"", ""公猪精液质量下降可伴随PPV1感染""], ""risk_flags"": [""可能为人畜共患病以外的重大动物疫病风险"", ""存在场内持续传播风险""], ""case_type"": ""种猪繁殖障碍"", ""target_disease"": ""猪细小病毒病"", ""local_flags"": {""species_ok"": true, ""target_disease_in_diagnosis"": true, ""target_disease_mismatch"": false, ""contains_specific_dose"": false, ""contains_specific_withdrawal"": false, ""regulated_bad_treatment"": false}}",False,False,,,True,False,True,D:\XF-ChongQin\ai-\knowledge\llm_wiki_swine_authoritative,1465,887,"猪细小病毒病
猪细小病毒病、parvoviruses
种猪繁殖障碍
种猪场出现流产、死胎、返情或公猪异常，用户担心传染病和是否继续配种。","{""HUMAN_REVIEWED"": 3, ""NEEDS_REVIEW"": 2}","[""A0-MOA-573"", ""SRC-0001"", ""SRC-0045""]",2087,30.01,ERNIE-4.5-Turbo-32K,88,28,18,23,20,False,True,"整体回答质量较高，诊断方向准确，处理措施合理，数据质量较好，无明显致命风险。
问题：诊断准确性方面，虽然考虑了猪细小病毒病，但对伪狂犬病、乙脑等其他因素的排除依据不够充分，仅建议实验室检测，未提供初步鉴别要点。；病理逻辑方面，对公猪精液质量下降与猪细小病毒病的关联性解释不够深入，缺乏病理机制说明。；处方安全性方面，管理措施较为全面，但未明确提及对继发感染的具体防控药物或方案。；数据质量方面，场景标签和验证点较为全面，但风险标志中“可能为人畜共患病以外的重大动物疫病风险”表述不够明确，易产生歧义。",hunyuan-turbos-20250926,85,8.5,8,9,8.5,False,False,"回答整体结构完整，诊断方向正确，针对猪细小病毒病的典型症状（中期流产、木乃伊胎、公猪精液异常）进行了合理推断，并提出了必要的实验室检测和隔离管理建议。管理措施涵盖生物安全和防疫流程，未见明显危险建议。不足之处在于鉴别诊断部分缺少初步区分要点，对公猪精液下降与PPV关联的机制解释不足，以及继发感染防控细节缺失。
问题：鉴别诊断仅依赖实验室检测，未给出现场可操作的初步区分线索（如伴随神经症状、发热等）。；对公猪精液质量下降与PPV关系的病理机制阐述不足。；继发感染防控措施过于笼统，未提出具体的预防用药或环境消毒策略。",True,ERNIE-4.5-Turbo-32K,True,review,回答整体结构完整，诊断方向正确，针对猪细小病毒病的典型症状进行了合理推断，并提出了必要的实验室检测和隔离管理建议。管理措施涵盖生物安全和防疫流程，未见明显危险建议。不足之处在于鉴别诊断部分缺少初步区分要点，对公猪精液下降与PPV关联的机制解释不足，以及继发感染防控细节缺失。,86.0,28,18,23,20,review,20.84,20.15,
e679e58b-207c-51a3-bdc6-c0cf14269d86,114,猪痘,swine_hunyuan_turbos,hunyuan-turbos-20250926,成功,,猪,我家有120头90公斤左右的育肥猪，这几天有几头出现背部和耳部皮肤上有黄白色小脓疱，有的破溃结痂，精神食欲还行，体温正常，圈舍通风一般，之前没用过什么药。现在快到出栏时间了，这种情况还能治吗？会不会影响卖猪？,根据描述，考虑为猪痘病毒感染。该病多见于育肥阶段，由猪痘病毒引起，常因圈舍卫生条件较差而诱发，典型表现为局部皮肤脓疱、结痂，全身症状较轻。可通过临床外观及流行病学特征初步判断，确诊需实验室检测。,治疗方向以支持疗法为主，保持圈舍清洁干燥，减少应激，防止继发细菌感染；对病灶可用温和消毒剂清洗并涂抹保护剂。管理措施包括加强通风、定期清理粪便、改善饮水卫生。建议采集典型病变组织送实验室进行病原学确认。注意：本病为人畜共患病风险极低，但仍应避免直接接触破损皮肤以防感染。禁止使用未经批准的兽药或人用药物替代治疗。如怀疑重大疫病，应立即向当地畜牧兽医部门报告并按其指导处置。,由于采用支持疗法且未使用化学药物，理论上无特定休药期问题，但若使用任何经批准的治疗药物，应严格遵循该药品标签规定的休药期和停药观察期，并在出栏前确保符合食品安全要求。,"{""disease_name"": ""猪痘"", ""severity"": ""轻症至中等"", ""scene_tags"": [""育肥猪"", ""皮肤病变"", ""临近出栏"", ""卫生条件差""], ""validation_points"": [""症状与猪痘典型表现一致"", ""无明显全身中毒症状，符合猪痘特点"", ""管理因素与发病相关""], ""risk_flags"": [""临近出栏需关注食品安全与休药期"", ""需排除其他皮肤病或混合感染""], ""case_type"": ""上市休药期咨询"", ""target_disease"": ""猪痘"", ""local_flags"": {""species_ok"": true, ""target_disease_in_diagnosis"": true, ""target_disease_mismatch"": false, ""contains_specific_dose"": false, ""contains_specific_withdrawal"": false, ""regulated_bad_treatment"": false}}",False,False,,,True,False,True,D:\XF-ChongQin\ai-\knowledge\llm_wiki_swine_authoritative,1465,887,"猪痘
猪痘、swinepox virus
上市休药期咨询
用户接近出栏，关心治疗方向和用药后能否出栏销售。","{""HUMAN_"": 1, ""HUMAN_REVIEWED"": 3}","[""SRC-0001"", ""SRC-0012"", ""SRC-0015"", ""SRC-0051""]",2221,26.09,ERNIE-4.5-Turbo-32K,88,28,18,24,18,False,True,"整体回答质量较高，诊断准确性、处方安全性和逻辑性均表现良好，数据质量基本满足要求，无明显致命风险。
问题：诊断准确性方面，虽然症状描述与猪痘典型表现一致，但未提及实验室确诊的必要性，仅作为建议，略显不足。；病理逻辑方面，对管理因素与发病关系的阐述较为简略，可进一步细化。；数据质量方面，风险标识部分对临近出栏的关注点描述较为笼统，可增加具体建议。；休药期说明虽提及遵循药品标签规定，但未给出具体指导或常见药物休药期示例，略显不足。",hunyuan-turbos-20250926,85,4.5,4.3,4.8,4.2,False,False,"回答总体准确，诊断与症状匹配度高，处方以非药物支持疗法为主，安全性好，并提示避免人用药物及上报重大疫情的风险意识。但缺乏更明确的实验室确诊强调，管理因素分析较浅，临近出栏的安全建议不够具体，休药期说明偏泛化。
问题：诊断部分未明确强调实验室确诊的重要性，仅靠临床判断可能遗漏其他皮肤病。；对圈舍管理与发病关系的解释过于简单，缺少细节支撑。；临近出栏场景下的风险控制措施不够具体，例如如何评估销售可行性。；休药期说明停留在原则层面，没有结合常见支持疗法药物的参考信息。",True,ERNIE-4.5-Turbo-32K,partially,review,回答整体质量较高，诊断与症状匹配，处方安全性好，但存在一些不足。诊断部分未明确强调实验室确诊的重要性，仅靠临床判断可能遗漏其他皮肤病；对圈舍管理与发病关系的解释过于简单，缺少细节支撑；临近出栏场景下的风险控制措施不够具体；休药期说明停留在原则层面，没有结合常见支持疗法药物的参考信息。这些问题使得回答虽可参考，但需进一步完善。,86.0,28,18,24,18,review,17.28,21.63,
b629288d-061c-5e3e-8982-ba3cc9c63517,134,猪蛔虫病,swine_hunyuan_turbos,hunyuan-turbos-20250926,成功,,猪,我家有200头左右育肥猪，平均体重70公斤左右，最近有几头出现食欲下降、拉稀，粪便里能看到蛔虫成虫，还有几头精神差。圈舍是水泥地面，平时清粪比较勤，但饲料偶尔会撒到地上被猪拱来拱去。想问这种情况是不是要全群驱虫？环境怎么处理？多久后再检查一次合适？,根据描述，结合粪便可见成虫及部分猪精神沉郁、腹泻，高度怀疑为猪蛔虫病（Ascaris suum）。该病在育肥猪阶段较常见，可通过剖检小肠发现成虫确诊，也可通过粪便漂浮法检出虫卵进行辅助诊断。若剖检见肝脏表面散在白色斑点（milk spots），需注意与肾虫移行所致病变鉴别。,treatment_direction: 建议全群实施驱虫措施，同时加强饲养管理与环境卫生。；management_measures: 及时清除粪便并集中无害化处理，减少饲料落地污染；保持圈舍干燥通风，定期冲洗消毒；防止猪只接触被污染的垫料或水源。；sampling_and_testing: 可在驱虫前后分别采集粪便样本进行虫卵检测，评估驱虫效果；必要时对病死猪进行剖检，观察小肠成虫数量及肝脏病变情况。；prohibited_boundaries: 严禁使用未经批准的驱虫药物或超范围用药；禁止将病猪与健康猪混养；发现严重感染或疑似其他传染病时，应立即隔离并联系当地畜牧兽医部门。,具体休药期和停药时间应依据所用驱虫药物的说明书及国家相关规定执行，建议在兽医指导下确定。,"{""disease_name"": ""猪蛔虫病"", ""severity"": ""中等"", ""scene_tags"": [""育肥猪"", ""全群感染风险"", ""环境管理""], ""validation_points"": [""粪便可见成虫提示高感染率"", ""水泥地面虽易清洁但仍需防二次污染"", ""全群驱虫与环境治理同步可降低复发""], ""risk_flags"": [""蛔虫感染可能影响疫苗免疫应答和生产性能"", ""若伴发其他病原感染，病情可能加重""], ""case_type"": ""驱虫和环境管理"", ""target_disease"": ""猪蛔虫病"", ""local_flags"": {""species_ok"": true, ""target_disease_in_diagnosis"": true, ""target_disease_mismatch"": false, ""contains_specific_dose"": false, ""contains_specific_withdrawal"": false, ""regulated_bad_treatment"": false}}",False,False,,,True,False,True,D:\XF-ChongQin\ai-\knowledge\llm_wiki_swine_authoritative,1465,887,"猪蛔虫病
猪蛔虫病、ascaris suum internal parasites
驱虫和环境管理
用户询问是否需要全群处理、环境清理和复查方式。","{""HUMAN_REVIEWED"": 3, ""NEEDS_REVIEW"": 2}","[""SRC-0001"", ""SRC-0026"", ""SRC-0082""]",2091,27.88,ERNIE-4.5-Turbo-32K,88,28,18,23,20,False,True,"该回答对猪蛔虫病的诊断准确，结合症状和粪便检查进行了合理推断，并提出了全群驱虫和环境管理的建议。诊断逻辑清晰，考虑到了鉴别诊断和辅助诊断方法。处方安全，未使用未经批准的药物，并强调了兽医指导的重要性。数据质量较高，提供了详细的场景标签和验证点。
问题：诊断准确性方面，虽然诊断合理，但未提及具体的诊断试验或更详细的诊断流程，略显不足。病理逻辑上，对鉴别诊断的描述可以更详细一些，比如具体说明肾虫移行所致病变与猪蛔虫病的区别。处方安全上，虽然强调了兽医指导，但未给出具体的驱虫药物选择建议。数据质量上，风险标志的描述可以更具体一些，比如明确蛔虫感染如何影响疫苗免疫应答。",hunyuan-turbos-20250926,85,90,85,90,80,False,False,"该数据场景真实，用户描述的育肥猪群体、症状（食欲下降、腹泻、粪便中可见成虫）与猪蛔虫病高度吻合，诊断推理合理且考虑了鉴别诊断。处方方向正确，强调全群驱虫与环境管理，并提示兽医指导和合规用药，无危险建议。不足之处在于诊断细节可更完整，如补充常用诊断方法的操作要点；病理鉴别可进一步细化；风险提醒可更具体。整体符合训练数据质量要求。
问题：诊断部分缺少具体诊断试验的操作细节（如粪便漂浮法的步骤、采样注意事项等）。；鉴别诊断中对肾虫移行病变与猪蛔虫病的差异描述不够细致。；处方中未提供驱虫药物类别的参考方向，仅笼统提到兽医指导。；风险提醒可更具体化，例如说明蛔虫感染对疫苗免疫应答的影响。",True,ERNIE-4.5-Turbo-32K,True,review,该回答对猪蛔虫病的诊断准确，结合症状和粪便检查进行了合理推断，并提出了全群驱虫和环境管理的建议。诊断逻辑清晰，考虑到了鉴别诊断和辅助诊断方法。处方安全，未使用未经批准的药物，并强调了兽医指导的重要性。但诊断部分缺少具体诊断试验的操作细节，鉴别诊断中对肾虫移行病变与猪蛔虫病的差异描述不够细致，处方中未提供驱虫药物类别的参考方向，风险提醒可更具体化。,86.0,28,18,23,20,review,18.33,19.28,
68c458db-c166-5c58-be4c-8f8733060b67,135,猪鞭虫病,swine_hunyuan_turbos,hunyuan-turbos-20250926,成功,,猪,我家有120头60日龄左右的保育猪，最近半个月陆续出现拉稀、精神差、毛色发暗、个别猪皮肤有点粗糙结痂，采食量下降，体重增长慢。圈舍比较潮湿，之前用过一次伊维菌素驱虫，但效果不明显。想问问是不是鞭虫引起的？该怎么处理？,根据描述，保育猪在潮湿环境中出现慢性腹泻、消瘦、毛色变差及部分皮肤异常，结合曾用伊维菌素驱虫效果不佳的情况，考虑猪鞭虫病（Trichuris suis）可能性较大。该病由寄生于盲肠和结肠的鞭虫引起，重度感染可致结肠炎、营养吸收障碍，并因长期消耗导致体质下降，部分猪可能出现继发皮肤问题。确诊需采集粪便镜检找典型鞭虫卵或剖检观察盲肠黏膜病变。,treatment_direction: 选用对鞭虫有效的广谱驱虫药（如芬苯达唑类），按说明投喂，必要时配合改善饲料消化率的药物辅助恢复。；management_measures: 加强圈舍通风干燥，减少粪尿堆积，定期清理消毒饮水槽和料槽，防止重复感染。；sampling_and_testing: 采集新鲜粪便做漂浮法检查虫卵，必要时剖检病死猪取盲肠黏膜观察虫体附着情况，送实验室鉴定。；prohibited_boundaries: 严禁使用未经批准的兽药或超范围药物，若检出高感染率且伴随严重死亡，应报告当地畜牧兽医部门进行流行病学调查。,驱虫药物使用后应按说明书执行相应停药期，确保猪肉安全上市。,"{""disease_name"": ""猪鞭虫病"", ""severity"": ""中等偏重"", ""scene_tags"": [""保育猪"", ""慢性腹泻"", ""消瘦"", ""皮肤异常"", ""潮湿环境""], ""validation_points"": [""鞭虫寄生于盲肠和结肠，可引起结肠炎和腹泻"", ""粪便镜检发现典型虫卵是重要诊断依据"", ""管理上需改善圈舍卫生以减少再感染""], ""risk_flags"": [""群体感染风险高"", ""可能影响生长性能"", ""存在传播扩散隐患""], ""case_type"": ""寄生虫群体发病"", ""target_disease"": ""猪鞭虫病"", ""local_flags"": {""species_ok"": true, ""target_disease_in_diagnosis"": true, ""target_disease_mismatch"": false, ""contains_specific_dose"": false, ""contains_specific_withdrawal"": false, ""regulated_bad_treatment"": false}}",False,False,,,True,False,True,D:\XF-ChongQin\ai-\knowledge\llm_wiki_swine_authoritative,1465,887,"猪鞭虫病
猪鞭虫病、trichuris suis internal parasites
寄生虫群体发病
猪群出现腹泻、消瘦、皮肤瘙痒或生长慢，用户怀疑寄生虫。","{""HUMAN_REVIEWED"": 2, ""NEEDS_REVIEW"": 2}","[""SRC-0001"", ""SRC-0082""]",2221,29.62,ERNIE-4.5-Turbo-32K,88,28,18,23,20,False,True,"该回答整体表现良好，诊断方向合理，症状与疾病匹配度较高，治疗建议安全且符合疾病特点，数据质量较高，无明显致命风险。
问题：diagnosis_accuracy: 诊断依据中未明确提及鞭虫病的典型症状（如血便），仅依赖环境因素和驱虫效果不佳推断，略显不足。；pathology_logic: 病理逻辑部分对鞭虫病导致的结肠炎和营养吸收障碍的描述较笼统，缺乏具体机制说明。；data_quality: 数据质量中场景标签和验证点较全面，但风险标志中未提及人兽共患风险（虽鞭虫病人兽共患风险低，但应明确说明）。",hunyuan-turbos-20250926,85,80,82,90,88,True,False,"回答整体结构完整，诊断思路基本合理，症状与环境条件支持鞭虫病的可能性，处理方案安全且包含必要的检测与管理措施，无直接危险建议。不足之处在于诊断依据缺少鞭虫病的典型特征（如血便），病理机制描述不够细致，且未明确说明人兽共患风险状态。
问题：诊断依据未提及鞭虫病的典型症状（如血便），仅凭环境和驱虫史推断，证据链稍弱。；病理机制解释较为笼统，缺乏对鞭虫致结肠炎和营养吸收障碍的具体过程说明。；未明确标注鞭虫病的人兽共患风险等级，虽然实际风险较低，但应在数据中明示。",True,ERNIE-4.5-Turbo-32K,True,review,回答整体结构完整，诊断方向合理，症状与疾病匹配度较高，治疗建议安全且符合疾病特点。不足之处在于诊断依据缺少鞭虫病的典型特征（如血便），病理机制描述不够细致，且未明确说明人兽共患风险状态，但整体可参考，需补充细节。,86.0,28,18,23,20,review,18.12,20.25,
19d9d1f7-8dbc-5497-87c9-03ab42370422,148,猪流行性腹泻,swine_hunyuan_turbos,hunyuan-turbos-20250926,成功,,猪,我家有200头120公斤左右的育肥猪，还有10天就要出栏了，这几天陆续有几头开始拉水样稀粪，精神食欲还行，体温正常，圈舍通风一般，之前没用过什么药。这种情况还能卖吗？要怎么处理？会不会传染别的栏？,根据描述，考虑为猪流行性腹泻（PEDV）可能性大，该病在育肥阶段可表现为轻度至中度腹泻，传播快，但死亡率低。需结合实验室检测确诊。,立即将发病猪与健康猪严格分栏隔离，防止交叉感染；加强圈舍保温与通风，减少应激；对全群进行饮水酸化或电解质补充支持；采集新鲜粪便及病死猪小肠组织送实验室做PEDV核酸检测或IHC检测；若确诊为PEDV，应按当地动物疫病防控部门指导执行，严禁擅自出售未经检疫的生猪；禁止随意使用抗生素作为特效治疗，因本病为病毒性，无特效抗病毒药物。,如涉及药物治疗，须按药品说明书和国家规定执行休药期，并在出栏前确保符合检疫标准；PEDV本身无休药期概念，但疫情处置期间可能限制出栏。,"{""disease_name"": ""猪流行性腹泻"", ""severity"": ""中等"", ""scene_tags"": [""育肥猪"", ""临近出栏"", ""腹泻"", ""传染性""], ""validation_points"": [""症状与水样稀粪相符"", ""育肥阶段PEDV可表现轻症"", ""需实验室确诊"", ""隔离措施必要""], ""risk_flags"": [""具有传染性，需隔离管理"", ""临近出栏需关注检疫和销售限制"", ""非人兽共患病，无需公共卫生干预""], ""case_type"": ""腹泻出栏边界"", ""target_disease"": ""猪流行性腹泻"", ""local_flags"": {""species_ok"": true, ""target_disease_in_diagnosis"": true, ""target_disease_mismatch"": false, ""contains_specific_dose"": false, ""contains_specific_withdrawal"": false, ""regulated_bad_treatment"": false}}",False,False,,,True,False,True,D:\XF-ChongQin\ai-\knowledge\llm_wiki_swine_authoritative,1465,887,"猪流行性腹泻
猪流行性腹泻、porcine epidemic diarrhea virus、PED、PEDV
腹泻出栏边界
临近出栏猪群出现腹泻，用户关心处理方向、隔离和用药后能否销售。","{""HUMAN_REVIEWED"": 3, ""NEEDS_REVIEW"": 2}","[""A0-MOA-573"", ""A2-EFSA-PED-PDCOV-OPINION"", ""SRC-0001"", ""SRC-0037""]",2168,28.34,ERNIE-4.5-Turbo-32K,88,28,18,24,18,False,True,"该回答对猪流行性腹泻的诊断、处理方向和隔离措施进行了较为准确的描述，符合疾病特征和实际场景需求，未发现致命风险。
问题：诊断准确性方面，虽然考虑了猪流行性腹泻的可能性，但未充分排除其他类似症状疾病的可能性，如猪传染性胃肠炎等。；病理逻辑方面，对疾病的传播速度和影响范围的描述略显简单，未充分阐述其病理机制。；数据质量方面，虽然提供了基本的疾病信息和处理建议，但缺乏更详细的病例数据支持，如发病率、死亡率等。；处理建议中未明确提及对健康猪群的监测和预防措施。",hunyuan-turbos-20250926,85,8,8,9,7,False,False,"回答准确识别了猪流行性腹泻（PEDV）的可能性，并给出了合理的隔离、监测、送检及防疫建议，避免了不当用药，强调了依法报告和检疫的重要性，符合重大疫病的安全边界要求。不足之处在于未充分排除其他相似症状的肠道传染病，且缺少对传播机制和健康猪群预防的详细解释。
问题：未充分排除猪传染性胃肠炎等其他病毒性腹泻的可能；对PEDV的传播速度、途径和感染周期的机制说明不足；缺乏对未发病猪群的持续监测和健康评估建议",True,ERNIE-4.5-Turbo-32K,partially,review,回答对猪流行性腹泻的诊断和处理方向基本准确，提供了合理的隔离、监测、送检及防疫建议，避免了不当用药，并强调了依法报告和检疫的重要性。但存在一些不足，如未充分排除其他相似症状的肠道传染病，缺少对传播机制和健康猪群预防的详细解释，以及缺乏对未发病猪群的持续监测和健康评估建议。,86.0,28,18,24,18,review,18.39,16.89,
21653f08-c896-503b-abd9-18eef6df30fc,155,仔猪黄白痢,swine_hunyuan_turbos,hunyuan-turbos-20250926,成功,,猪,我家有120头母猪，最近产房里10天左右的仔猪陆续出现拉黄色稀便的情况，有的还带白色絮状物，整窝都有，个别精神差、吃奶少，体温正常，没有呕吐，圈舍温度偏低，之前用过恩诺沙星拌料喂过几天没明显好转。这种情况是啥病？要不要做化验？怎么区分是病毒还是细菌引起的？,根据日龄（10天左右）及粪便性状（黄色稀便伴白色絮状物），结合整窝发病、无高热、偶有精神沉郁等特征，高度怀疑为仔猪黄白痢，主要由致病性大肠杆菌引起。需与传染性胃肠炎、流行性腹泻、轮状病毒感染以及球虫感染等鉴别。,treatment_direction: 立即改善保温措施，减少冷应激；对症状明显的仔猪进行补液防脱水；可在兽医指导下使用针对革兰氏阴性菌的敏感抗生素辅助治疗，并配合益生菌调节肠道菌群。；management_measures: 加强产房卫生消毒，保持干燥温暖；及时清理粪污，防止交叉感染；暂停使用可能抑制有益菌的药物；确保初乳摄入充足。；sampling_and_testing: 采集新鲜粪便样本送实验室进行细菌分离培养、PCR检测（如大肠杆菌毒力基因）、病毒抗原/核酸检测（TGEV、PEDV、轮状病毒等）以及球虫卵囊检查，以明确病原类型。；prohibited_boundaries: 严禁自行随意更换或加大抗生素用量；禁止将疑似病例与健康猪混养；若检出法定重大疫病（如非洲猪瘟、口蹄疫等），须立即向当地畜牧兽医部门报告并按规定处置。,因未提供具体药物名称，无法给出确切休药期；建议停药至屠宰前足够时间，并遵循所用药物说明书或兽医指导。,"{""disease_name"": ""仔猪黄白痢"", ""severity"": ""中等"", ""scene_tags"": [""产房"", ""低温应激"", ""整窝发病"", ""黄白稀便""], ""validation_points"": [""日龄符合大肠杆菌易感范围"", ""粪便性状符合黄白痢特征"", ""整窝发病提示高接触传播"", ""需排除病毒性腹泻""], ""risk_flags"": [""潜在重大疫病风险"", ""需实验室确诊病原""], ""case_type"": ""腹泻采样送检"", ""target_disease"": ""仔猪黄白痢"", ""local_flags"": {""species_ok"": true, ""target_disease_in_diagnosis"": true, ""target_disease_mismatch"": false, ""contains_specific_dose"": false, ""contains_specific_withdrawal"": false, ""regulated_bad_treatment"": false}}",False,False,,,True,False,True,D:\XF-ChongQin\ai-\knowledge\llm_wiki_swine_authoritative,1465,887,"仔猪黄白痢
仔猪黄白痢、neonatal post weaning colibacillosis、黄白痢、大肠杆菌、仔猪大肠杆菌病
腹泻采样送检
用户描述粪便性状、日龄和病程，重点询问如何鉴别病毒性、细菌性或寄生虫性腹泻。","{""HUMAN_REVIEWED"": 1, ""NEEDS_REVIEW"": 4}","[""RC-DIARRHEA-001"", ""SRC-0001"", ""SRC-0052"", ""SRC-0062"", ""SRC-0063"", ""SRC-0064"", ""SRC-0071"", ""SRC-0072"", ""SRC-0073"", ""SRC-0077"", ""SRC-0081""]",2148,27.51,ERNIE-4.5-Turbo-32K,88,28,18,23,20,False,True,"该回答整体表现良好，诊断准确性较高，病理逻辑合理，处方安全，数据质量较好，无致命风险。
问题：diagnosis_accuracy: 诊断准确性较高，但未完全覆盖所有可能的鉴别诊断，如未详细讨论寄生虫性腹泻的鉴别要点。；pathology_logic: 病理逻辑基本合理，但未充分解释为何排除病毒性腹泻的具体依据。；prescription_safety: 处方安全，但休药期说明不够具体，仅建议遵循说明书或兽医指导，未提供明确指导。；data_quality: 数据质量较好，但场景标签中'潜在重大疫病风险'未在回答中充分体现应对措施。",hunyuan-turbos-20250926,85,8,8.5,9,8.5,False,False,"回答整体结构完整，诊断思路清晰，能结合日龄、粪便性状、群体分布等特点指向仔猪黄白痢，并列出主要鉴别诊断。处理方案符合常规防控原则，强调了保温、补液、合理使用抗生素及采样送检的重要性，同时明确了禁止随意用药和重大疫病上报的要求，无明显危险建议。不足之处在于部分鉴别诊断细节不足，对病毒性腹泻排除理由阐述不够充分，且休药期提示较为笼统。
问题：鉴别诊断中对寄生虫性腹泻的讨论较简略，缺乏典型特征对比。；未详细说明排除病毒性腹泻的依据，例如流行病学史、传播速度、其他伴随症状等。；休药期说明过于笼统，未强调在临近出栏时更需谨慎评估残留风险。",True,ERNIE-4.5-Turbo-32K,True,review,回答整体结构完整，诊断思路清晰，能结合日龄、粪便性状、群体分布等特点指向仔猪黄白痢，并列出主要鉴别诊断。处理方案符合常规防控原则，强调了保温、补液、合理使用抗生素及采样送检的重要性，同时明确了禁止随意用药和重大疫病上报的要求，无明显危险建议。但存在部分鉴别诊断细节不足，对病毒性腹泻排除理由阐述不够充分，且休药期提示较为笼统的问题，故判为review。,86.0,28,18,23,20,review,18.13,20.55,
95e92780-33e4-53a5-b5fb-3c04d46ae30c,157,猪支原体肺炎,swine_hunyuan_turbos,hunyuan-turbos-20250926,成功,,猪,我这边有120头70日龄左右的保育猪，最近一周陆续有几头开始咳嗽，后来发展到整栏都有点喘气，体温在39℃左右，采食量明显下降，圈舍通风一般，之前用过阿莫西林拌料三天效果不明显。这种情况是不是支原体肺炎？要不要全群打针或者加药？,根据描述，该批次保育猪出现持续性干咳、喘气、发热及采食下降，结合阿莫西林治疗效果不佳，提示可能为猪支原体肺炎（由M. hyopneumoniae引起）。该病常呈慢性经过，易与其他呼吸道病原（如PRRSV、PCV2）混合感染，导致病情加重。需考虑环境因素（通风不良）为诱因之一。,treatment_direction: 针对疑似猪支原体肺炎，可优先考虑使用对支原体有效的抗生素（如泰妙菌素类、四环素类），并结合对症支持治疗。；management_measures: 改善圈舍通风，适当提高环境温度以减少冷应激；减少密度，保证饮水充足；分群饲养，将症状明显个体与健康猪分开管理。；sampling_testing: 建议采集鼻拭子、肺组织等样品送实验室进行PCR检测，明确是否为M. hyopneumoniae感染，并排查是否合并其他病原（如PRRSV、PCV2）。；prohibited_boundaries: 在未确诊前，不应随意更换广谱抗生素或大剂量投喂；禁止将疑似病猪与健康猪混养，防止扩散；若检测结果提示重大传染病（如非洲猪瘟），应立即按当地规定隔离、上报。,因涉及多种可能药物，应依据最终选用药品说明书及国家相关规定执行相应休药期，确保上市安全。,"{""disease_name"": ""猪支原体肺炎"", ""severity"": ""中等偏重"", ""scene_tags"": [""保育猪"", ""群体性呼吸道症状"", ""慢性病程"", ""环境应激""], ""validation_points"": [""症状符合M. hyopneumoniae特征（慢性咳嗽、喘气、发热、采食下降）"", ""阿莫西林无效提示非典型细菌感染"", ""环境通风差可能加重病情""], ""risk_flags"": [""潜在混合感染风险"", ""存在传播至健康猪的风险"", ""需排除重大传染病""], ""case_type"": ""呼吸道群体发病"", ""target_disease"": ""猪支原体肺炎"", ""local_flags"": {""species_ok"": true, ""target_disease_in_diagnosis"": true, ""target_disease_mismatch"": false, ""contains_specific_dose"": false, ""contains_specific_withdrawal"": false, ""regulated_bad_treatment"": false}}",False,False,,,True,False,True,D:\XF-ChongQin\ai-\knowledge\llm_wiki_swine_authoritative,1465,887,"猪支原体肺炎
猪支原体肺炎、mycoplasmosis enzootic pneumonia
呼吸道群体发病
同栏出现咳嗽、喘气、发热、采食下降，用户想判断病因和是否需要全群用药。","{""HUMAN_REVIEWED"": 2, ""NEEDS_REVIEW"": 2}","[""SRC-0001"", ""SRC-0006"", ""SRC-0026"", ""SRC-0069""]",2221,31.29,ERNIE-4.5-Turbo-32K,88,28,18,23,20,False,True,"该回答整体表现良好，诊断准确性较高，症状与疾病匹配合理，诊断逻辑清晰，处理方向安全且与疾病相互印证。数据质量方面，场景描述和症状记录较为详细，但部分细节可进一步优化。
问题：诊断准确性方面，虽然症状与猪支原体肺炎匹配，但未完全排除其他混合感染的可能性，诊断描述可更全面。；病理逻辑方面，对环境因素（通风不良）的诱因分析较为合理，但未详细说明其与疾病发展的具体关系。；处方安全方面，提出的抗生素选择和治疗方向合理，但未明确具体药物剂量和疗程，可能影响实际操作的规范性。；数据质量方面，场景标签和验证点较为全面，但风险标志中提到的潜在混合感染风险未在诊断中充分体现。",hunyuan-turbos-20250926,85,90,85,80,85,False,False,"该案例场景真实，症状与猪支原体肺炎高度吻合，诊断思路合理且考虑了环境诱因和可能的混合感染。处理方案包含病原检测、环境改善、分群管理等安全措施，未出现危险用药建议。不足之处在于未充分展开混合感染的具体可能性说明，以及环境诱因与病程关系的细化解释。
问题：未详细阐述通风不良如何促进支原体肺炎发生或加重病情。；对混合感染（如PRRSV、PCV2）的风险仅提及，但未在诊断结论中体现其重要性。；处方中未给出明确的疗程或剂量范围，可能导致实际操作缺乏指导。",True,ERNIE-4.5-Turbo-32K,True,review,该回答诊断准确性较高，症状与猪支原体肺炎匹配合理，诊断逻辑清晰，处理方向安全且与疾病相互印证。但存在一些不足，如未详细阐述通风不良如何促进支原体肺炎发生或加重病情，对混合感染的风险仅提及但未在诊断结论中充分体现其重要性，处方中未给出明确的疗程或剂量范围，可能导致实际操作缺乏指导。,86.0,28,18,23,20,review,22.77,16.67,
b357eb72-0431-53d2-bf83-4b7bf619c7fb,162,猪球虫病,swine_hunyuan_turbos,hunyuan-turbos-20250926,成功,,猪,我家有200头25日龄左右的保育猪，最近一周陆续出现拉稀，粪便黄绿色带黏液，部分猪精神差、采食下降，已经用了恩诺沙星和多西环素各三天，效果不明显。圈舍湿度大，通风一般，想问是不是还要继续用抗生素？要不要送样检查？,根据日龄、腹泻特征及抗生素治疗无效的情况，考虑仔猪球虫病可能性较大，但需与大肠杆菌性腹泻、轮状病毒、传染性胃肠炎、产气荚膜梭菌C型及Strongyloides ransomi等鉴别。确诊需结合粪便镜检卵囊、肠道病变观察及排除其他常见病原。,建议立即停喂霉变饲料，改善圈舍干燥与通风条件，减少应激；采集新鲜粪便样本送实验室进行病原学检测（包括球虫卵囊及其他腹泻病原）；在结果明确前可试用针对球虫的环境控制措施（如清洁消毒、降低湿度），不建议盲目使用广谱抗生素；若确诊为球虫病，可在兽医指导下选择安全有效的抗球虫药物并配合管理调整；严禁将病死猪随意丢弃或流入市场。,因涉及潜在人畜共患病排查及法定疫病防控，须按检测结果及当地畜牧兽医部门指导确定停药与出栏时间，不得擅自销售。,"{""disease_name"": ""猪球虫病"", ""severity"": ""中等"", ""scene_tags"": [""保育猪"", ""腹泻"", ""抗生素治疗无效"", ""高湿环境""], ""validation_points"": [""日龄符合球虫易感期"", ""腹泻性状提示非细菌性为主"", ""抗生素无效支持寄生虫可能""], ""risk_flags"": [""需排除多种腹泻病原"", ""存在人畜共患病排查需求"", ""需防止疫情扩散""], ""case_type"": ""腹泻用药咨询"", ""target_disease"": ""猪球虫病"", ""local_flags"": {""species_ok"": true, ""target_disease_in_diagnosis"": true, ""target_disease_mismatch"": false, ""contains_specific_dose"": false, ""contains_specific_withdrawal"": false, ""regulated_bad_treatment"": false}}",False,False,,,True,False,True,D:\XF-ChongQin\ai-\knowledge\llm_wiki_swine_authoritative,1465,887,"猪球虫病
猪球虫病、coccidia and other protozoa、球虫、球虫感染、coccidiosis、coccidia
腹泻用药咨询
猪群腹泻后已用过常见抗菌药效果一般，用户询问是否继续用药以及是否需要送检。","{""HUMAN_REVIEWED"": 2, ""NEEDS_REVIEW"": 2}","[""SRC-0001"", ""SRC-0081""]",2220,27.61,ERNIE-4.5-Turbo-32K,88,28,18,23,20,False,True,"该回答在诊断准确性、病理逻辑、处方安全性和数据质量方面表现良好，整体符合猪球虫病的诊断与处理要求，未发现致命风险。
问题：诊断准确性方面，虽然考虑了多种鉴别诊断，但未明确提及球虫病的典型病理变化（如小肠绒毛萎缩等），可能影响确诊信心。；病理逻辑方面，对高湿环境与球虫病的关系解释不够深入，未充分阐述环境因素在疾病发生中的作用。；数据质量方面，未提供具体的粪便镜检方法或检测机构建议，可能影响用户实际操作。；处方安全性方面，虽提到‘在兽医指导下选择抗球虫药物’，但未列出常用药物名称，可能让用户感到困惑。",hunyuan-turbos-20250926,85,90,80,95,80,False,False,"该数据整体真实可信，用户描述的场景、症状与猪球虫病高度吻合，且诊断思路合理，涵盖了主要鉴别诊断。处方建议安全，强调送检与避免滥用抗生素，并提示依法处置病死猪，无危险建议。不足之处在于病理机制与环境关系的解释较浅，缺乏典型病理变化的描述，以及缺少粪便镜检的具体操作指引和常用抗球虫药物示例，可能影响用户的执行信心。
问题：未详细描述球虫病的典型病理变化（如小肠绒毛萎缩）以增强诊断说服力。；对高湿环境促进球虫繁殖的机制解释不足。；未给出粪便镜检的具体操作方法或推荐检测机构信息。；未列举常用的抗球虫药物名称，可能导致用户不知如何落实治疗。",True,ERNIE-4.5-Turbo-32K,True,review,该回答在诊断准确性、病理逻辑、处方安全性和数据质量方面表现良好，整体符合猪球虫病的诊断与处理要求，未发现致命风险。不足之处在于病理机制与环境关系的解释较浅，缺乏典型病理变化的描述，以及缺少粪便镜检的具体操作指引和常用抗球虫药物示例，可能影响用户的执行信心。,86.0,28,18,23,20,review,18.17,16.19,
2e8f40c3-1a30-5b9d-9604-d8c360ffe563,175,猪丝状病毒相关感染,swine_hunyuan_turbos,hunyuan-turbos-20250926,成功,,猪,我家是100头左右保育猪，现在大概40日龄，最近两天陆续有猪不吃料、精神沉郁，有的还咳嗽、流鼻涕，个别拉稀。圈舍通风一般，温度偏低，之前用过阿莫西林拌料，效果不明显。这种情况会是什么病？该怎么处理？,根据描述的症状（采食下降、精神沉郁、咳嗽、流涕、腹泻）以及保育猪阶段特点，需高度警惕病毒性传染病的可能，包括猪丝状病毒相关感染在内的多种病毒性疾病。该病在猪群中可呈急性流行，传播迅速，且部分毒株具有潜在的人兽共患风险，因此需结合流行病学调查和实验室检测进行确诊。,立即将疑似病例与健康猪隔离，减少人员及工具交叉接触；加强圈舍保温与通风管理，保持干燥清洁；暂停使用抗生素，仅作对症支持；采集血液、组织等样本送具备资质的实验室进行病原学检测（PCR、血清学）；若检测结果提示高风险病原体，应严格按照《重大动物疫情应急条例》向当地畜牧兽医主管部门报告，并配合实施封锁、扑杀、无害化处理等措施；严禁私自出售、运输病死猪及其产品。,因涉及重大疫病防控，无自行用药方案，不存在常规休药期概念。所有处置须按官方指导执行。,"{""disease_name"": ""猪丝状病毒相关感染"", ""severity"": ""高"", ""scene_tags"": [""保育猪"", ""群体发病"", ""呼吸道症状"", ""消化道症状"", ""低温应激""], ""validation_points"": [""保育猪阶段易发多种病毒病"", ""症状符合多系统受累的病毒感染特征"", ""存在人兽共患风险，需严格生物安全""], ""risk_flags"": [""重大动物疫病风险"", ""人兽共患潜在风险"", ""需立即隔离与送检""], ""case_type"": ""保育猪群体发病"", ""target_disease"": ""猪丝状病毒相关感染"", ""local_flags"": {""species_ok"": true, ""target_disease_in_diagnosis"": true, ""target_disease_mismatch"": false, ""contains_specific_dose"": false, ""contains_specific_withdrawal"": false, ""regulated_bad_treatment"": false}}",False,False,,,True,False,True,D:\XF-ChongQin\ai-\knowledge\llm_wiki_swine_authoritative,1465,887,"猪丝状病毒相关感染
猪丝状病毒相关感染、filoviruses reston ebolavirus zaire ebolavirus
保育猪群体发病
群体发病、采食下降、粪便或呼吸道异常，用户想知道主要病因和下一步处理。","{""NEEDS_REVIEW"": 5}","[""SRC-0001""]",2058,25.3,ERNIE-4.5-Turbo-32K,88,28,18,24,18,False,True,"整体回答质量较高，诊断方向合理，处理措施安全且符合重大疫病防控要求，但存在部分细节可优化。
问题：诊断准确性方面，虽提及猪丝状病毒相关感染，但未完全排除其他病毒性传染病（如猪瘟、蓝耳病等），诊断依据稍显不足。；病理逻辑方面，对症状与疾病关联的解释不够深入，未详细说明为何高度怀疑猪丝状病毒相关感染。；数据质量方面，未提及具体实验室检测方法的选择依据，且对症状描述的全面性评估不足。；处理措施中，虽强调隔离与送检，但对圈舍消毒等生物安全措施的描述不够详细。",hunyuan-turbos-20250926,85,80,78,90,82,False,False,"该回答针对用户提供的保育猪群体症状进行了合理的病毒性传染病排查，并明确提及猪丝状病毒相关感染的可能性，同时强调了重大疫病防控流程和安全边界，处理措施总体安全合规。但在诊断依据上缺乏对其他常见病毒病的对比分析，病理机制解释不足，部分生物安全措施描述不够细化。
问题：诊断部分未充分排除猪瘟、蓝耳病等常见病毒性传染病，导致针对性不足。；对症状与猪丝状病毒相关感染的关联性解释较浅，缺乏病理机制说明。；生物安全措施中对圈舍消毒、人员防护等细节描述不足。",True,ERNIE-4.5-Turbo-32K,True,review,回答整体质量较高，诊断方向合理，处理措施安全且符合重大疫病防控要求，但存在部分细节可优化。诊断准确性方面，虽提及猪丝状病毒相关感染，但未完全排除其他病毒性传染病（如猪瘟、蓝耳病等），诊断依据稍显不足；病理逻辑方面，对症状与疾病关联的解释不够深入，未详细说明为何高度怀疑猪丝状病毒相关感染；数据质量方面，未提及具体实验室检测方法的选择依据，且对症状描述的全面性评估不足；处理措施中，虽强调隔离与送检，但对圈舍消毒等生物安全措施的描述不够详细。,86.0,28,18,24,18,review,16.76,18.53,
459be25d-da28-5c24-b67e-a2635d7643c6,183,猪副黏病毒相关感染,swine_hunyuan_turbos,hunyuan-turbos-20250926,成功,,猪,我这边是200头基础母猪的种猪场，最近有五六头怀孕后期母猪陆续流产，还有两头产下死胎，另外有两头空怀母猪返情周期变长，公猪采精量也明显减少。场内通风一般，近期没有换料，之前用过一些抗生素防子宫炎，但效果不明显。这种情况会不会是传染病？还能继续配种吗？,根据描述，怀孕后期流产、死胎、返情延长及公猪精液质量下降提示可能存在病毒性繁殖障碍性疾病，如猪副黏病毒相关感染或其他病毒感染。需结合流行病学史、临床观察及实验室检测进一步确诊。,立即隔离发病母猪，暂停配种计划，减少人员与器具交叉使用；采集流产胎儿、胎盘组织及公猪精液送实验室进行病原学检测；加强圈舍消毒与通风，降低应激因素；在检测结果明确前，不建议盲目使用抗病毒药物或激素干预；若怀疑为重大动物疫病，应按规定向当地畜牧兽医部门报告并配合处置。,因未确诊且未使用特定药物，暂无具体休药期建议；一旦确诊并按规范用药，应依据所用药物说明执行相应休药期。,"{""disease_name"": ""猪副黏病毒相关感染"", ""severity"": ""中等至严重（可导致繁殖力显著下降）"", ""scene_tags"": [""种猪场"", ""繁殖障碍"", ""流产"", ""死胎"", ""返情"", ""公猪精液减少""], ""validation_points"": [""多例怀孕后期流产与死胎提示病毒性病因可能"", ""公猪精液量减少支持生殖系统受累"", ""抗生素无效符合病毒性特征""], ""risk_flags"": [""潜在重大动物疫病风险"", ""存在传播扩散风险""], ""case_type"": ""种猪繁殖障碍"", ""target_disease"": ""猪副黏病毒相关感染"", ""local_flags"": {""species_ok"": true, ""target_disease_in_diagnosis"": true, ""target_disease_mismatch"": false, ""contains_specific_dose"": false, ""contains_specific_withdrawal"": false, ""regulated_bad_treatment"": false}}",False,False,,,True,False,True,D:\XF-ChongQin\ai-\knowledge\llm_wiki_swine_authoritative,1465,887,"猪副黏病毒相关感染
猪副黏病毒相关感染、paramyxoviruses
种猪繁殖障碍
种猪场出现流产、死胎、返情或公猪异常，用户担心传染病和是否继续配种。","{""NEEDS_REVIEW"": 5}","[""SRC-0001""]",2034,26.19,ERNIE-4.5-Turbo-32K,88,28,18,24,18,False,True,"该回答在诊断准确性、病理逻辑、处方安全性和数据质量方面表现良好，整体符合测试数据有效性要求，无致命风险，最终评定为通过。
问题：诊断准确性方面，虽然考虑了病毒性繁殖障碍性疾病，但未明确提及猪副黏病毒相关感染的特异性症状或流行病学特点，略显笼统。；病理逻辑方面，对症状与疾病之间的关联解释不够深入，缺乏对病毒传播途径和感染机制的详细阐述。；数据质量方面，虽然提供了场景标签和验证点，但对风险标志的描述较为简单，未充分展现疾病的严重性和紧迫性。",hunyuan-turbos-20250926,85,80,82,90,83,False,False,"该回答在诊断思路上覆盖了可能的病毒性繁殖障碍性疾病，处方措施安全合理，强调了隔离、送检和上报等防控要点，无明显危险建议。但在诊断准确性和病理逻辑上略显笼统，未突出猪副黏病毒的特异性特征与传播机制，数据质量尚可但风险警示不足。
问题：诊断部分未明确猪副黏病毒的典型临床表现（如神经症状、呼吸道症状）及流行特点，导致针对性不足。；病理逻辑中对症状与病毒致病机制的联系解释较浅，缺乏传播链分析。；数据质量中风险警示较弱，未强调重大疫病上报的紧迫性与法律义务。",True,ERNIE-4.5-Turbo-32K,partially,review,该回答在诊断思路上覆盖了可能的病毒性繁殖障碍性疾病，处方措施安全合理，强调了隔离、送检和上报等防控要点，无明显危险建议。但诊断部分未明确猪副黏病毒的典型临床表现及流行特点，病理逻辑中对症状与病毒致病机制的联系解释较浅，数据质量中风险警示较弱，未强调重大疫病上报的紧迫性与法律义务。综合来看，该回答基本符合要求，但存在一些可改进之处。,86.0,28,18,24,18,review,18.51,23.3,
bd1d3960-f9dd-5f24-a682-61739ce2285c,184,猪细小病毒病,swine_hunyuan_turbos,hunyuan-turbos-20250926,成功,,猪,我家有120头能繁母猪，平均胎次在3到4胎之间，最近两个月陆续有10多头母猪产仔数明显减少，还有几头直接空怀返情，个别怀孕后期突然流产。之前没做过细小病毒专项检测，现在想问下这种情况是不是细小病毒引起的？如果要送样检查应该取什么样本？另外这段时间还能继续配种吗？新引进的种猪要不要先停一停？,根据描述，存在母猪繁殖力下降、空怀返情及部分晚期流产的情况，符合猪细小病毒病（PPV1）的典型表现之一。该病主要通过垂直传播感染胎儿，造成死胎、木乃伊胎或流产，常在妊娠中期至后期发病明显。需结合实验室检测排除其他繁殖障碍病因如PRRS、伪狂犬、乙脑等。,treatment_direction: 本病无特效抗病毒药物，主要依赖生物安全管理和免疫防控。建议对全场母猪进行抗体水平监测，必要时制定免疫计划。；management_measures: 立即暂停配种和新引种，防止病原扩散；加强圈舍卫生与通风，减少应激；对流产母猪及时清理并消毒环境；记录受影响母猪信息以便追踪。；sampling_for_testing: 采集流产胎儿组织（肝、肺）、胎盘、血液血清以及同群母猪血清，送具备资质的实验室做PPV1 PCR检测和血清学检测，同时可同步筛查PRRS、伪狂犬、乙脑等常见繁殖障碍病原。；prohibited_actions: 严禁将疑似感染母猪及其后代流入正常生产群；禁止随意使用未经批准的抗病毒药物或抗生素作为替代方案。,本病为病毒性繁殖障碍，不涉及化学药物残留问题，无需设定休药期，但需执行严格的生物安全措施直至检测结果明确并采取相应防控措施。,"{""disease_name"": ""猪细小病毒病"", ""severity"": ""中等偏重"", ""scene_tags"": [""繁殖障碍"", ""流产"", ""空怀返情"", ""垂直传播""], ""validation_points"": [""症状与PPV1感染特征一致"", ""建议采样类型符合实验室检测常规流程"", ""管理建议符合生物安全原则""], ""risk_flags"": [""疑似重大动物疫病风险"", ""需实验室确诊"", ""暂停配种与新引种""], ""case_type"": ""繁殖障碍送检"", ""target_disease"": ""猪细小病毒病"", ""local_flags"": {""species_ok"": true, ""target_disease_in_diagnosis"": true, ""target_disease_mismatch"": false, ""contains_specific_dose"": false, ""contains_specific_withdrawal"": false, ""regulated_bad_treatment"": false}}",False,False,,,True,False,True,D:\XF-ChongQin\ai-\knowledge\llm_wiki_swine_authoritative,1465,887,"猪细小病毒病
猪细小病毒病、parvoviruses
繁殖障碍送检
繁殖异常持续出现，用户询问该采哪些样品、是否需要暂停配种和引种。","{""HUMAN_REVIEWED"": 3, ""NEEDS_REVIEW"": 2}","[""A0-MOA-573"", ""SRC-0001"", ""SRC-0045""]",2087,27.94,ERNIE-4.5-Turbo-32K,88,28,18,23,20,False,True,"整体回答质量较高，诊断方向准确，症状与疾病匹配合理，管理措施和采样建议符合生物安全原则，无明显错误或风险。
问题：diagnosis_accuracy: 虽提及需排除其他繁殖障碍病因，但未明确说明如何结合实验室检测结果综合判断，诊断逻辑稍显不足。；pathology_logic: 对猪细小病毒病的病理机制解释不够深入，如垂直传播的具体过程和对胎儿的影响。；data_quality: 场景标签和验证点描述较为笼统，缺乏具体细节支撑。；prescription_safety: 虽提及严禁使用未经批准的药物，但未明确说明可能的风险或后果。",hunyuan-turbos-20250926,85,8.5,8,9,8,False,False,"该回答整体结构完整，诊断方向与用户描述的繁殖障碍症状高度吻合，管理建议和采样指导符合生物安全要求，未出现危险用药或违规操作建议。不足之处在于对鉴别诊断流程的描述略简略，对细小病毒的致病机理阐述不够细致，且缺少对潜在风险的进一步警示。
问题：诊断部分未详细说明如何在实验室结果基础上综合判定病因，仅泛泛提到需排除其他病原。；对猪细小病毒垂直传播的病理机制解释较浅，未能体现对胎儿发育阶段影响的关键环节。；未针对可能的误诊或漏诊情况给出风险提示。；场景细节和数据支撑不足，例如未提供母猪健康史、疫苗接种情况等背景信息。",True,ERNIE-4.5-Turbo-32K,partially,review,回答整体结构完整，诊断方向与用户描述的繁殖障碍症状高度吻合，管理建议和采样指导符合生物安全要求，未出现危险用药或违规操作建议。但存在一些不足，如诊断部分未详细说明如何在实验室结果基础上综合判定病因，对猪细小病毒垂直传播的病理机制解释较浅，未针对可能的误诊或漏诊情况给出风险提示，场景细节和数据支撑不足。,86.0,28,18,23,20,review,18.04,18.6,
0e95d1ff-6a6c-5efa-9b45-bf87f50bf0a5,202,猪结核病,swine_hunyuan_turbos,hunyuan-turbos-20250926,成功,,猪,我家是育肥猪场，存栏大概800头，平均体重80公斤左右。最近半个月，有两栋圈舍陆续出现精神沉郁、食欲下降的猪，有的还咳嗽，体温在39℃上下，个别猪消瘦明显。之前用过替米考星拌料一周，效果不明显。请问这种情况能不能先当普通呼吸道病处理看看？,根据描述的症状（慢性咳嗽、消瘦、低热）及用药无效的情况，需高度怀疑猪结核病等慢性消耗性疾病。该病多为亚临床感染，但在应激或免疫力下降时可出现上述症状。确诊需通过病理剖检、组织学检查和病原分离鉴定。,treatment_direction: 不建议自行按普通呼吸道疾病长期用药，应停止常规抗生素投喂，防止掩盖病情并增加耐药风险。；management_measures: 立即隔离可疑病例，减少人员、工具在不同圈舍间流动，加强圈舍通风与卫生消毒。；sampling_and_testing: 采集病死猪肺、淋巴结等病变组织送有资质的实验室进行病理检查、抗酸染色及病原培养，必要时做PCR分型确认是否为MTBC或其他Mycobacterium属菌。；prohibited_actions: 严禁将疑似病猪出售、转运或屠宰，不得擅自使用人用抗结核药物替代治疗，以免延误疫情报告和防控。,本病属于人兽共患风险疾病，无商业用途休药期概念，一旦确诊须按主管部门要求进行扑杀和无害化处理，不得进入市场流通。,"{""disease_name"": ""猪结核病"", ""severity"": ""高风险 / 重大动物疫病"", ""scene_tags"": [""育肥猪"", ""多圈舍散发"", ""慢性消耗"", ""呼吸道表现""], ""validation_points"": [""症状符合慢性消耗性疾病的特征"", ""常规抗生素治疗无效提示非典型细菌感染"", ""存在人兽共患风险，需谨慎处置""], ""risk_flags"": [""人兽共患风险"", ""可能触发法定疫病上报流程"", ""禁止私自销售或屠宰""], ""case_type"": ""暴发与处置边界"", ""target_disease"": ""猪结核病"", ""local_flags"": {""species_ok"": true, ""target_disease_in_diagnosis"": true, ""target_disease_mismatch"": false, ""contains_specific_dose"": false, ""contains_specific_withdrawal"": false, ""regulated_bad_treatment"": false}}",False,False,,,True,False,True,D:\XF-ChongQin\ai-\knowledge\llm_wiki_swine_authoritative,1465,887,"猪结核病
猪结核病、tuberculosis
暴发与处置边界
同栏或多栋猪舍短期内发病增多，用户询问是否能先按普通病治疗观察。","{""HUMAN_REVIEWED"": 3, ""NEEDS_REVIEW"": 2}","[""SRC-0001"", ""SRC-0078""]",2109,72.61,ERNIE-4.5-Turbo-32K,88,28,18,23,20,False,True,"该回答整体表现良好，诊断方向准确，考虑到了猪结核病的慢性消耗特征及人兽共患风险，处理建议符合疫病防控原则，未出现致命性错误。
问题：diagnosis_accuracy: 诊断部分对症状与疾病关联的描述稍显笼统，未充分解释为何排除其他类似疾病（如猪气喘病、猪肺疫等）。；pathology_logic: 病理逻辑部分对确诊依据的阐述不够深入，未提及如何通过剖检特征（如淋巴结肿大、干酪样坏死）辅助诊断。；data_quality: 数据质量方面，对用户场景的描述（如存栏量、发病栋舍）利用不足，未结合规模养殖场的生物安全特点进一步细化建议。；prescription_safety: 处方安全部分虽强调了禁止使用人用药物，但未明确替代方案（如疫苗接种的可行性，尽管结核病无有效疫苗，但可提及生物安全措施作为补充）。",hunyuan-turbos-20250926,85,8,7.5,9,7.5,False,False,"回答总体合理，正确识别了猪结核病的人兽共患风险，并给出了符合防控要求的处置措施，避免了危险建议。但对症状的鉴别诊断分析不足，未充分利用用户提供的养殖场信息细化管理建议，且缺少对剖检特征的说明。
问题：诊断部分未详细对比排除其他常见呼吸道疾病（如猪气喘病、猪肺疫），导致推理链条不够完整。；病理逻辑中缺乏对典型剖检特征（如淋巴结肿大、干酪样坏死）的描述，影响可信度。；未结合800头育肥猪的规模养殖背景提出更具体的生物安全改进措施。；处方安全部分虽强调禁用人类抗结核药，但未提供可行的替代防控思路。",True,ERNIE-4.5-Turbo-32K,True,review,回答整体方向正确，识别了猪结核病的风险并给出了符合防控原则的处置建议，避免了危险操作。但存在以下不足：诊断部分未充分对比排除其他类似疾病（如猪气喘病、猪肺疫），推理链条不够完整；病理逻辑中缺乏对典型剖检特征（如淋巴结肿大、干酪样坏死）的描述，影响可信度；未结合800头育肥猪的规模养殖背景提出更具体的生物安全改进措施；处方安全部分虽强调禁用人类抗结核药，但未提供可行的替代防控思路。这些问题属于轻微不足，不影响整体参考价值，但需优化后更完善。,86.0,28,18,23,20,review,24.7,23.14,
46b56a4b-8787-5430-abb7-77a9316e9cab,223,猪瘟,swine_hunyuan_turbos,hunyuan-turbos-20250926,成功,,猪,我家有120头保育猪，现在45日龄左右，这几天陆续出现不吃料、精神沉郁的情况，有的猪拉稀，有的呼吸急促，体温测了有几头超过41℃，之前用过阿莫西林饮水，效果不明显，圈舍通风一般，湿度偏高，想问问这是啥病，该怎么处理？,根据描述的症状（高热、食欲废绝、腹泻、呼吸加快）、年龄阶段及治疗效果不佳，结合保育猪常见病毒性传染病特征，高度怀疑为经典猪瘟（Classical Swine Fever）。该病由黄病毒科瘟病毒属引起，具有高度传染性，临床表现多样，常伴发继发细菌感染。,立即将疑似病例与健康猪隔离，停止转群和混养，减少应激；加强圈舍保温和通风，适当提高环境温度以改善体感温度；对全群进行紧急采样（血液、扁桃体等）送实验室PCR检测确诊；在未排除前严禁出售或调运生猪；如确诊应严格按国家重大动物疫病防控方案执行扑杀和无害化处理，并对场地彻底消毒；期间禁止使用未经批准的疫苗或药物替代官方防控措施。,因涉及重大动物疫病，无常规休药期概念，须按官方扑杀及无害化处置方案执行。,"{""disease_name"": ""经典猪瘟"", ""severity"": ""高"", ""scene_tags"": [""保育猪"", ""群体发病"", ""高热"", ""腹泻"", ""呼吸困难""], ""validation_points"": [""保育猪高发且症状符合CSF典型表现"", ""抗生素无效提示非单纯细菌性疾病"", ""高热与全身症状支持病毒感染""], ""risk_flags"": [""OIE列名疫病"", ""重大动物疫情"", ""需上报主管部门""], ""case_type"": ""保育猪群体发病"", ""target_disease"": ""猪瘟"", ""local_flags"": {""species_ok"": true, ""target_disease_in_diagnosis"": true, ""target_disease_mismatch"": false, ""contains_specific_dose"": false, ""contains_specific_withdrawal"": false, ""regulated_bad_treatment"": false}}",False,False,,,True,False,True,D:\XF-ChongQin\ai-\knowledge\llm_wiki_swine_authoritative,1465,887,"猪瘟
猪瘟、classical swine fever pestiviruses、经典猪瘟、CSF
保育猪群体发病
群体发病、采食下降、粪便或呼吸道异常，用户想知道主要病因和下一步处理。","{""HUMAN_REVIEWED"": 3}","[""A1-WOAH-CSF-DISEASE"", ""A1-WOAH-CSF-MANUAL"", ""SRC-0006"", ""SRC-0031"", ""SRC-0046"", ""SRC-0059""]",2221,26.39,ERNIE-4.5-Turbo-32K,88,28,18,25,17,False,True,"整体回答质量较高，诊断准确性、处方安全性均表现良好，符合猪瘟的典型症状及处理规范，无明显致命风险。
问题：诊断准确性方面，虽然症状和年龄阶段支持猪瘟，但未完全排除其他类似疾病（如非洲猪瘟、蓝耳病等），需进一步实验室检测确认。；病理逻辑方面，对继发细菌感染的描述稍显笼统，未明确具体可能的继发病原。；数据质量方面，用户查询中的湿度偏高、通风一般等环境因素未在诊断中充分体现分析。；休药期描述虽符合重大疫病处置要求，但未明确说明常规情况下猪瘟无有效治疗药物，仅依赖防控措施。",hunyuan-turbos-20250926,85,80,82,90,78,False,False,"该回答在诊断上基本准确，能够识别猪瘟的可能性并强调实验室确诊的重要性；处方部分遵循重大动物疫病的防控原则，没有使用不当药物或给出危险建议，安全性高；但诊断未充分排除其他相似疾病，环境信息利用不足，且对继发感染机制描述较笼统。
问题：未充分排除非洲猪瘟、蓝耳病等类似症状的疾病；对环境因素（通风差、湿度高）的分析不足；继发感染的病原描述不够具体",True,ERNIE-4.5-Turbo-32K,True,review,整体回答质量较高，诊断准确性、处方安全性均表现良好，符合猪瘟的典型症状及处理规范，无明显致命风险。但诊断未充分排除其他相似疾病（如非洲猪瘟、蓝耳病等），环境信息利用不足，且对继发感染机制描述较笼统，需进一步优化。,86.0,28,18,25,17,review,18.49,17.88,
4babcbae-89fa-5ccb-8fdf-a253c6caf220,226,猪胸膜肺炎,swine_hunyuan_turbos,hunyuan-turbos-20250926,成功,,猪,我家有120头60公斤左右的育肥猪，这几天陆续有几头开始咳嗽、呼吸急促、体温升高到40℃左右，吃料明显减少，有的还趴着不动。圈舍通风一般，湿度偏高，之前用过阿莫西林饮水，效果不明显。请问这是啥病？要不要整批都用药？,根据描述的症状（高热、咳嗽、呼吸困难、食欲下降）及群体发生情况，结合饲养密度和通风条件，高度怀疑为猪胸膜肺炎（由胸膜肺炎放线杆菌引起）。该病在育肥猪阶段高发，急性病例可见肺部出血、坏死等病变，慢性可出现胸膜粘连。需与猪流感、支原体肺炎等呼吸道病鉴别。,treatment_direction: 针对胸膜肺炎放线杆菌，可使用敏感抗生素进行群体控制，同时配合改善通风、降低湿度、提高环境温度以减少应激。；management_measures: 立即隔离明显病态猪只，加强圈舍通风换气，适度升温以降低猪体感冷应激，减少密度，保证清洁饮水和易消化饲料。；sampling_testing: 采集病死猪肺组织送实验室做细菌分离鉴定和药敏试验，明确病原及耐药情况，指导后续用药。；contraindications_boundaries: 若发现大面积急性死亡且伴特征性病变，应警惕重大动物疫病风险，按当地规定及时上报并配合扑杀和无害化处理，不可自行用普通抗生素治疗代替官方处置。,具体停药期需依据所用药物说明书及检测结果确定，常规抗生素使用后应遵守相应休药期后方可屠宰上市。,"{""disease_name"": ""猪胸膜肺炎"", ""severity"": ""中等至严重（视感染强度与防控情况而定）"", ""scene_tags"": [""育肥猪"", ""群体呼吸道病"", ""高湿低通风"", ""采食下降""], ""validation_points"": [""符合胸膜肺炎典型临床症状（高热、咳嗽、呼吸困难、食欲下降）"", ""群体发生提示传染性强"", ""环境因素（通风差、湿度高）促进疾病暴发""], ""risk_flags"": [""可能为人畜共患病无关，但属三类动物疫病，需关注疫情上报要求""], ""case_type"": ""呼吸道群体发病"", ""target_disease"": ""猪胸膜肺炎"", ""local_flags"": {""species_ok"": true, ""target_disease_in_diagnosis"": true, ""target_disease_mismatch"": false, ""contains_specific_dose"": false, ""contains_specific_withdrawal"": false, ""regulated_bad_treatment"": false}}",False,False,,,True,False,True,D:\XF-ChongQin\ai-\knowledge\llm_wiki_swine_authoritative,1465,887,"猪胸膜肺炎
猪胸膜肺炎、actinobacillus pleuropneumoniae pleuropneumonia
呼吸道群体发病
同栏出现咳嗽、喘气、发热、采食下降，用户想判断病因和是否需要全群用药。","{""HUMAN_REVIEWED"": 3, ""NEEDS_REVIEW"": 2}","[""A0-MOA-573"", ""SRC-0001"", ""SRC-0006"", ""SRC-0058""]",2127,29.46,ERNIE-4.5-Turbo-32K,88,28,18,23,20,False,True,"整体回答质量较高，诊断准确性、病理逻辑、处方安全性和数据质量均表现良好，无明显致命风险，符合通过标准。
问题：诊断准确性方面，虽然症状描述和群体发病情况与猪胸膜肺炎高度吻合，但未提及与猪流感、支原体肺炎等鉴别诊断的具体依据，略显不足。；病理逻辑方面，对猪胸膜肺炎的病理变化描述较为笼统，未详细阐述急性与慢性病例的具体病理差异。；处方安全性方面，虽然提出了敏感抗生素群体控制、改善环境等综合措施，但未明确具体抗生素种类及剂量，存在一定安全隐患。；数据质量方面，场景标签和验证点较为全面，但风险标志中仅提及疫情上报要求，未涉及人兽共患病风险的具体评估。",hunyuan-turbos-20250926,85,90,80,85,85,False,False,"该回答整体结构完整，诊断与症状、场景高度匹配，处理方案兼顾治疗与环境管理，并包含重大疫病上报的安全边界，无直接危险建议。不足之处在于鉴别诊断细节不够充分，病理描述较笼统，部分安全提示可更细化。
问题：鉴别诊断缺乏具体区分要点，如猪流感、支原体肺炎的特征性差异未说明。；病理变化描述过于概括，未分别详述急性与慢性病例的典型病变。；处方中虽避免给出具体药名和剂量，但仍可进一步强调不同药物的风险差异。；未明确提及人兽共患病风险评估。",True,ERNIE-4.5-Turbo-32K,True,review,整体回答质量较高，诊断与症状、场景匹配，处理方案兼顾治疗与环境管理，并包含重大疫病上报的安全边界，无直接危险建议。但存在一些不足，如鉴别诊断缺乏具体区分要点，病理变化描述过于概括，未分别详述急性与慢性病例的典型病变，处方中虽避免给出具体药名和剂量，但仍可进一步强调不同药物的风险差异，未明确提及人兽共患病风险评估。,86.0,28,18,23,20,review,19.55,18.76,
24ba4a71-fecf-56b5-aab7-8f8e1e24dfda,232,猪链球菌病,swine_hunyuan_turbos,hunyuan-turbos-20250926,成功,,猪,我家是育肥场，存栏大概800头，现在60公斤左右，这几天有3个圈陆续出现精神沉郁、发热、关节肿大的情况，有的还倒地不起，已经死了2头。之前用过阿莫西林拌料，没见明显好转。想问问能不能先当普通细菌感染治一下看看？,根据描述的症状（高热、关节肿胀、部分急性死亡），结合育肥猪常见细菌性疾病的流行病学特点，高度怀疑为猪链球菌病（Streptococcus suis）。该病可引起败血症、关节炎及脑膜炎，在应激、混群或外伤后易暴发。,treatment_direction: 立即隔离病猪，减少人员、工具交叉使用；对全群进行饮水或饲料添加广谱抗生素（如β-内酰胺类或氟喹诺酮类）控制继发感染，并配合解热镇痛药物缓解全身症状。；management_measures: 加强圈舍通风降温，减少密度；清理粪污，保持干燥清洁；避免粗暴驱赶和外伤发生；暂停转群和新进猪只。；sampling_and_testing: 采集病死猪血液、关节液或脑组织送实验室做细菌分离培养和药敏试验，明确病原及敏感药物；有条件可做PCR鉴定血清型。；prohibited_boundaries: 严禁私自宰杀、销售可疑病猪及其产品；禁止将病猪随意转移或混入健康群；若疫情扩散迅速或涉及多栋舍，应按规定向当地畜牧兽医部门报告，不得自行处置。,因未给出具体药物名称与剂量，无法计算确切休药期，建议停药至屠宰前至少7天以上，并在兽医指导下确认安全间隔。,"{""disease_name"": ""猪链球菌病"", ""severity"": ""高"", ""scene_tags"": [""育肥猪"", ""多圈暴发"", ""关节炎"", ""败血症""], ""validation_points"": [""症状符合猪链球菌病典型表现"", ""育肥阶段为易感群体"", ""存在应激因素（混群、高温等）""], ""risk_flags"": [""可能为人兽共患病，操作时应佩戴手套，避免皮肤破损接触病猪体液"", ""疫情快速扩散时需考虑重大动物疫病防控流程""], ""case_type"": ""暴发与处置边界"", ""target_disease"": ""猪链球菌病"", ""local_flags"": {""species_ok"": true, ""target_disease_in_diagnosis"": true, ""target_disease_mismatch"": false, ""contains_specific_dose"": false, ""contains_specific_withdrawal"": false, ""regulated_bad_treatment"": false}}",False,False,,,True,False,True,D:\XF-ChongQin\ai-\knowledge\llm_wiki_swine_authoritative,1465,887,"猪链球菌病
猪链球菌病、streptococcosis streptococcus suis
暴发与处置边界
同栏或多栋猪舍短期内发病增多，用户询问是否能先按普通病治疗观察。","{""HUMAN_REV"": 1, ""HUMAN_REVIEWED"": 2, ""NEEDS_REVIEW"": 2}","[""SRC-0001"", ""SRC-0014"", ""SRC-0075"", ""SRC-0076""]",2221,29.17,ERNIE-4.5-Turbo-32K,88,28,18,24,18,False,True,"整体回答质量较高，诊断准确性、处方安全性均表现良好，符合猪链球菌病的诊断与处置要求。病理逻辑基本合理，但部分细节可优化。数据质量稍显不足，需补充更多具体信息。
问题：病理逻辑中未详细说明猪链球菌病的典型病理变化与症状的对应关系，如脑膜炎、败血症的具体表现。；数据质量方面，未提供具体的药物名称与剂量，导致休药期计算无法精确，且未明确实验室检测的具体方法与标准。；未充分强调猪链球菌病作为人兽共患病的防控措施，如个人防护装备的具体要求。",hunyuan-turbos-20250926,85,90,80,90,75,False,False,"该回答对猪链球菌病的诊断准确，处理方案包含隔离、用药、管理改进和送检等关键环节，并强调了重大疫病的上报与安全边界，无明显危险建议。不足之处在于病理机制解释不够细致，缺少脑膜炎、败血症的典型表现说明；数据层面缺乏具体药物名称和剂量，影响休药期评估的严谨性；对人兽共患病防控的个人防护细节未展开。
问题：病理逻辑未详细阐述猪链球菌病各系统病变与临床症状的对应关系；未列出具体药物名称与剂量，仅笼统提及类别，影响处方可执行性与休药期判断；未细化人兽共患病防控中的个人防护要求",True,ERNIE-4.5-Turbo-32K,True,review,整体回答质量较高，诊断准确性、处方安全性均表现良好，符合猪链球菌病的诊断与处置要求。病理逻辑基本合理，但部分细节可优化，如未详细说明猪链球菌病的典型病理变化与症状的对应关系，未提供具体的药物名称与剂量，导致休药期计算无法精确，且未明确实验室检测的具体方法与标准，未充分强调猪链球菌病作为人兽共患病的防控措施，如个人防护装备的具体要求。,86.0,28,18,24,18,review,18.95,21.98,
0dda0588-ca6a-5d25-837e-69a828e42dff,235,猪球虫病,swine_hunyuan_turbos,hunyuan-turbos-20250926,成功,,猪,我家是50头母猪自繁自养场，最近刚出生10天左右的仔猪陆续出现拉黄色稀粪，有的带泡沫，吃奶正常但精神稍差，有个别脱水，同窝里大部分都这样，已经持续三四天了。圈舍温度在28℃左右，前几天换过一次垫料，没用过什么药。想问下这是不是球虫引起的？要不要做化验？,根据日龄（10日龄左右）、整窝发病、黄色稀粪伴泡沫、轻度脱水和精神下降，以及环境更换垫料等因素，需要考虑仔猪球虫病的可能，但也必须与大肠杆菌性腹泻、轮状病毒、传染性胃肠炎（TGE）、产气荚膜梭菌C型及类圆线虫等鉴别。仅凭粪便外观无法确诊，需要结合剖检肠道病变和实验室检测（如粪便镜检找卵囊、PCR检测病原体）综合判断。,treatment_direction: 若确诊为球虫感染，可使用经批准的驱虫药物进行针对性驱虫，同时配合补液纠正脱水，改善圈舍卫生以减少再感染风险。；management_measures: 及时清理粪便并消毒圈舍，保持干燥温暖的环境，减少应激因素，确保母猪乳质良好。；sampling_and_testing: 采集新鲜腹泻粪便样本送实验室，通过显微镜检查球虫卵囊形态，必要时结合PCR检测多种腹泻病原，明确病因后再调整治疗方案。；prohibited_boundaries: 在未明确诊断前，不得使用广谱抗生素代替驱虫治疗；对疑似重大传染病（如非洲猪瘟、口蹄疫等）应立即隔离并上报主管部门，不得擅自处理。,根据具体使用药物而定，需遵循药品说明书并在停药足够时间后方可屠宰上市。,"{""disease_name"": ""猪球虫病"", ""severity"": ""中等"", ""scene_tags"": [""仔猪腹泻"", ""整窝发病"", ""黄色稀粪"", ""环境更换""], ""validation_points"": [""符合10日龄仔猪易感的球虫感染特征"", ""存在其他腹泻病原的鉴别诊断必要"", ""需结合剖检和实验室检测确认""], ""risk_flags"": [""需排除病毒性腹泻"", ""需排除细菌性疾病"", ""需防止误诊导致滥用抗生素""], ""case_type"": ""腹泻采样送检"", ""target_disease"": ""猪球虫病"", ""local_flags"": {""species_ok"": true, ""target_disease_in_diagnosis"": true, ""target_disease_mismatch"": false, ""contains_specific_dose"": false, ""contains_specific_withdrawal"": false, ""regulated_bad_treatment"": false}}",False,False,,,True,False,True,D:\XF-ChongQin\ai-\knowledge\llm_wiki_swine_authoritative,1465,887,"猪球虫病
猪球虫病、coccidia and other protozoa、球虫、球虫感染、coccidiosis、coccidia
腹泻采样送检
用户描述粪便性状、日龄和病程，重点询问如何鉴别病毒性、细菌性或寄生虫性腹泻。","{""HUMAN_REVIEWED"": 2, ""NEEDS_REVIEW"": 1}","[""RC-DIARRHEA-001"", ""SRC-0001"", ""SRC-0052"", ""SRC-0062"", ""SRC-0063"", ""SRC-0064"", ""SRC-0071"", ""SRC-0072"", ""SRC-0073"", ""SRC-0077"", ""SRC-0081""]",2221,27.49,ERNIE-4.5-Turbo-32K,88,28,18,24,18,False,True,"整体回答较为全面，诊断考虑了多种可能性，鉴别诊断合理，治疗方向安全，但数据质量略有不足，部分细节可进一步优化。
问题：diagnosis_accuracy: 诊断准确性较高，但未明确提及球虫病的典型病理变化（如肠道卡他性炎症、肠黏膜出血等），略显不足。；pathology_logic: 病理逻辑基本合理，但鉴别诊断部分可更详细，如增加对各类腹泻病原的典型症状描述。；prescription_safety: 治疗方向安全，但未明确提及具体驱虫药物名称及剂量，略显笼统。；data_quality: 数据质量一般，回答中未充分利用用户提供的详细信息（如圈舍温度、换垫料等）进行更深入的分析。",hunyuan-turbos-20250926,85,8.5,8.5,9,7.5,False,False,"该回答对猪球虫病的诊断思路清晰，考虑了多种鉴别诊断，并强调实验室检测的重要性，治疗方向安全且包含必要的生物安全措施。不足之处在于缺乏球虫典型病理变化的描述，鉴别诊断可更细化，且未充分利用用户提供的环境信息进行分析。
问题：未明确描述球虫病的典型病理变化（如肠道卡他性炎症、肠黏膜出血等）。；鉴别诊断部分可增加各病原的典型症状对比以提高实用性。；未充分结合用户提供的圈舍温度和换垫料等信息进行环境因素分析。",True,ERNIE-4.5-Turbo-32K,True,review,整体回答较为全面，诊断考虑了多种可能性，鉴别诊断合理，治疗方向安全，但存在一些细节不足，如未明确提及球虫病的典型病理变化，鉴别诊断部分可更详细，且未充分利用用户提供的环境信息进行分析。,86.0,28,18,24,18,review,16.79,15.01,
2d88cf7c-1b1e-5e23-8141-fa1bfc4889b7,242,猪杯状病毒感染,swine_hunyuan_turbos,hunyuan-turbos-20250926,成功,,猪,我家有200头70公斤左右的育肥猪，最近一周陆续有几头出现精神沉郁、食欲下降、腹泻，粪便稀黄带黏液，个别猪体温略高，之前用了恩诺沙星和黄芪多糖拌料三天，症状缓解不明显，现在想问还能继续用这些药吗？圈舍通风一般，湿度偏高，饲料没换过。,根据描述的症状（精神沉郁、食欲减退、腹泻、稀黄带黏液便）以及育肥猪群发病情况，考虑可能为病毒性肠炎类疾病，其中猪杯状病毒感染是潜在原因之一。该病在猪群中可通过粪口途径传播，常表现为急性腹泻，部分病例伴有轻度发热。由于目前缺乏特异性治疗药物，确诊需通过实验室检测（如RT-PCR）明确病原。,treatment_direction: 无特效抗病毒药物，以支持疗法和对症处理为主，改善饲养管理条件，减少继发细菌感染风险。；management_measures: 加强圈舍通风换气，降低湿度；保证清洁饮水，防止脱水；分群饲养，减少应激；及时清理粪便并消毒环境。；sampling_and_testing: 采集新鲜粪便或直肠拭子送实验室进行RT-PCR检测，以明确是否为猪杯状病毒或其他病原混合感染。；contraindications_and_boundaries: 不建议盲目使用抗生素作为唯一治疗手段；若怀疑重大动物疫病（如非洲猪瘟），应立即停止场内移动，按当地防疫部门要求进行隔离、检测和处置。,因无特定化学药物治疗，不涉及常规休药期，但应遵守养殖场生物安全及防疫规定。,"{""disease_name"": ""猪杯状病毒感染"", ""severity"": ""中等"", ""scene_tags"": [""育肥猪"", ""病毒性腹泻"", ""管理因素""], ""validation_points"": [""症状符合病毒性肠炎表现"", ""育肥猪易发且可经粪口传播"", ""支持疗法和管理措施合理""], ""risk_flags"": [""需排除其他重要传染病"", ""需实验室确诊""], ""case_type"": ""育肥猪用药咨询"", ""target_disease"": ""猪杯状病毒感染"", ""local_flags"": {""species_ok"": true, ""target_disease_in_diagnosis"": true, ""target_disease_mismatch"": false, ""contains_specific_dose"": false, ""contains_specific_withdrawal"": false, ""regulated_bad_treatment"": false}}",False,False,,,True,False,True,D:\XF-ChongQin\ai-\knowledge\llm_wiki_swine_authoritative,1465,887,"猪杯状病毒感染
猪杯状病毒感染、caliciviruses norovirus sapovirus vesicular exanthema virus
育肥猪用药咨询
育肥猪出现典型症状，用户已经用过常见药物但效果一般，询问是否继续用药。","{""HUMAN_REVIEWED"": 3, ""NEEDS_REVIEW"": 2}","[""SRC-0001"", ""SRC-0034""]",2174,28.96,ERNIE-4.5-Turbo-32K,88,28,18,23,20,False,True,"整体回答质量较高，诊断方向合理，症状与疾病匹配，处理方向安全，但存在部分细节可优化。
问题：诊断准确性方面，虽然考虑了猪杯状病毒感染，但未完全排除其他病毒性肠炎（如猪流行性腹泻病毒、轮状病毒等）或细菌性肠炎的可能性，缺乏鉴别诊断的详细说明。；病理逻辑方面，对疾病传播途径和发病机制的阐述不够深入，仅简单提及粪口传播和急性腹泻表现。；处方安全方面，管理措施较为全面，但未明确提及针对腹泻猪的个体化支持疗法（如口服补液盐）。；数据质量方面，症状描述与疾病匹配度较高，但未提供实验室检测结果或流行病学数据支持诊断，风险标识中虽提到需排除其他重要传染病，但未具体说明如何操作。",hunyuan-turbos-20250926,85,8,7.5,9,8,False,False,"该数据整体真实可信，用户描述的育肥猪群症状与猪杯状病毒感染的典型表现相符，诊断方向合理且未给出危险用药建议。处理方案强调支持疗法、改善环境和采样检测，符合安全原则。不足之处在于鉴别诊断不足，未充分讨论其他常见病毒性或细菌性肠炎的鉴别要点，病理机制解释较浅，且缺少针对个体腹泻猪的具体支持措施说明。
问题：未详细列出可能的鉴别诊断（如PEDV、轮状病毒、大肠杆菌等），可能导致误诊风险。；对猪杯状病毒的发病机制、流行特点描述过于简略。；未明确提出针对腹泻个体的支持治疗（如补液盐使用）。",True,ERNIE-4.5-Turbo-32K,True,review,整体回答质量较高，诊断方向合理，症状与疾病匹配，处理方向安全，但存在部分细节可优化。诊断准确性方面，虽然考虑了猪杯状病毒感染，但未完全排除其他病毒性肠炎（如猪流行性腹泻病毒、轮状病毒等）或细菌性肠炎的可能性，缺乏鉴别诊断的详细说明。病理逻辑方面，对疾病传播途径和发病机制的阐述不够深入，仅简单提及粪口传播和急性腹泻表现。处方安全方面，管理措施较为全面，但未明确提及针对腹泻猪的个体化支持疗法（如口服补液盐）。数据质量方面，症状描述与疾病匹配度较高，但未提供实验室检测结果或流行病学数据支持诊断，风险标识中虽提到需排除其他重要传染病，但未具体说明如何操作。,86.0,28,18,23,20,review,19.34,22.14,
ef417081-ead0-51f9-85bf-89535ceea105,281,猪鞭虫病,swine_hunyuan_turbos,hunyuan-turbos-20250926,成功,,猪,我家有120头60日龄左右的保育猪，最近一周陆续有十几头拉稀，粪便偏稀带点血丝，精神差、吃料慢，个别猪皮肤有点粗糙结痂。圈舍是水泥地面，通风一般，之前没驱过虫，想问问是不是寄生虫引起的？,根据描述，该批保育猪在60日龄左右出现慢性腹泻、便血、消瘦及部分猪皮肤粗糙结痂，结合未驱虫史及饲养环境，考虑猪鞭虫病可能性较大。该病由Trichuris suis寄生于盲肠和结肠引起，重度感染可致结肠炎、出血性腹泻和生长迟缓，同时长期营养不良可能影响皮肤健康。建议通过粪检查找典型鞭虫卵或剖检观察盲肠、结肠黏膜溃疡来确诊。,treatment_direction: 使用广谱抗蠕虫药物进行群体驱虫，针对鞭虫有效成分优先选择；配合改善饲料营养，提高抵抗力。；management_measures: 全群驱虫一次，间隔2-3周再重复一次；加强圈舍清洁消毒，减少虫卵污染；保证饮水卫生，防止继发细菌感染。；sampling_submission: 采集新鲜粪便送实验室镜检找虫卵，必要时对病死猪剖检取盲肠、结肠黏膜做病理检查。；prohibited_boundaries: 严禁将疑似严重感染猪与健康猪混养；禁止未经检疫直接出售或外调；若检出大量虫卵且伴随高死亡率，应报告当地畜牧兽医部门。,按所用驱虫药说明执行停药期，确保上市前药物残留符合规定。,"{""disease_name"": ""猪鞭虫病"", ""severity"": ""中等至重度（取决于感染强度）"", ""scene_tags"": [""保育猪"", ""慢性腹泻"", ""便血"", ""消瘦"", ""皮肤异常""], ""validation_points"": [""粪检可见典型鞭虫卵或剖检见盲肠、结肠炎症"", ""群体中有相似临床表现且未驱虫史""], ""risk_flags"": [""群体传播风险"", ""影响增重和生产性能""], ""case_type"": ""寄生虫群体发病"", ""target_disease"": ""猪鞭虫病"", ""local_flags"": {""species_ok"": true, ""target_disease_in_diagnosis"": true, ""target_disease_mismatch"": false, ""contains_specific_dose"": false, ""contains_specific_withdrawal"": false, ""regulated_bad_treatment"": false}}",False,False,,,True,False,True,D:\XF-ChongQin\ai-\knowledge\llm_wiki_swine_authoritative,1465,887,"猪鞭虫病
猪鞭虫病、trichuris suis internal parasites
寄生虫群体发病
猪群出现腹泻、消瘦、皮肤瘙痒或生长慢，用户怀疑寄生虫。","{""HUMAN_REVIEWED"": 2, ""NEEDS_REVIEW"": 2}","[""SRC-0001"", ""SRC-0082""]",2221,24.78,ERNIE-4.5-Turbo-32K,88,28,18,23,20,False,True,"该回答整体质量较高，诊断方向合理，症状与疾病匹配度较高，处理方向安全且与疾病相互印证。但在病理逻辑和部分细节上仍有提升空间。
问题：病理逻辑部分对皮肤粗糙结痂与猪鞭虫病的直接关联解释不够充分，仅提到长期营养不良可能影响皮肤健康，缺乏具体机制说明。；数据质量方面，对症状的描述和疾病特征的对应性分析可以更详细，例如对便血和消瘦的具体程度描述不足。；处方安全部分，虽然提到了使用广谱抗蠕虫药物，但未明确具体药物名称和剂量范围，可能影响实际操作的准确性。",hunyuan-turbos-20250926,85,90,80,85,85,False,False,"诊断方向正确，症状与猪鞭虫病高度吻合，处理措施基本安全并与病因相符。但存在病理机制解释不足、部分细节缺失以及未明确药物类别的问题。无重大安全风险。
问题：皮肤粗糙结痂与鞭虫病的直接病理联系解释不充分，仅笼统归因于营养不良。；对便血、消瘦等症状的程度和分布特征描述不足，影响病情评估的精确性。；处方中未明确推荐的抗蠕虫药物类别（如苯并咪唑类），可能导致操作模糊。",True,ERNIE-4.5-Turbo-32K,True,review,诊断方向正确，症状与猪鞭虫病匹配度较高，处理措施基本安全且与病因相符。但存在病理机制解释不足、部分细节缺失以及未明确药物类别的问题，例如皮肤粗糙结痂与鞭虫病的直接病理联系解释不充分，对便血、消瘦等症状的程度和分布特征描述不足，处方中未明确推荐的抗蠕虫药物类别，可能导致操作模糊。,86.0,28,18,23,20,review,16.66,19.97,
cd4ce22d-4f33-5c47-b6ee-41e03a60fc8a,282,猪类圆线虫病,swine_hunyuan_turbos,hunyuan-turbos-20250926,成功,,猪,我这边是200头左右保育到育肥阶段的猪，现在大概40-70公斤重，最近一周陆续有10多头出现拉稀，粪便偏稀带点粘液，精神食欲还行，体温正常。之前按细菌性腹泻用了几天恩诺沙星和土霉素，拉稀没完全止住，还有新发的。圈舍湿度偏高，通风一般。想问下这种情况还能继续用抗菌药吗？要不要送样检查？,结合病史、用药反应及环境条件，考虑猪类圆线虫病可能性较大。该病为寄生性肠道感染，常规抗菌药对虫体无效，因此症状改善有限。需通过粪便镜检或PCR等实验室方法确诊。,treatment_direction: 停用无针对性的广谱抗菌药，改为针对性驱虫方案；可试用伊维菌素或阿苯达唑类驱虫剂，根据产品说明使用。；management_measures: 加强圈舍干燥与通风，减少高湿环境；及时清理粪污，防止虫卵污染环境；分群饲养，减少交叉感染机会。；sampling_and_testing: 采集新鲜粪便样本送实验室进行虫卵镜检或分子检测，明确病原种类后再调整防控策略。；prohibited_boundaries: 在未排除重大动物疫病前，不得擅自出售、调运或屠宰可疑猪只；禁止随意更换未经批准的驱虫药物。,具体停药期依据所用驱虫药说明书执行，并在出栏前确保符合当地监管要求。,"{""disease_name"": ""猪类圆线虫病"", ""severity"": ""中等"", ""scene_tags"": [""保育猪"", ""育肥猪"", ""腹泻"", ""寄生虫"", ""环境潮湿""], ""validation_points"": [""抗菌药无效提示非单纯细菌感染"", ""环境高湿利于线虫繁殖"", ""需实验室确诊以避免误治""], ""risk_flags"": [""潜在寄生虫感染"", ""环境管理不足""], ""case_type"": ""腹泻用药咨询"", ""target_disease"": ""猪类圆线虫病"", ""local_flags"": {""species_ok"": true, ""target_disease_in_diagnosis"": true, ""target_disease_mismatch"": false, ""contains_specific_dose"": false, ""contains_specific_withdrawal"": false, ""regulated_bad_treatment"": false}}",False,False,,,True,False,True,D:\XF-ChongQin\ai-\knowledge\llm_wiki_swine_authoritative,1465,887,"猪类圆线虫病
猪类圆线虫病、strongyloides internal parasites
腹泻用药咨询
猪群腹泻后已用过常见抗菌药效果一般，用户询问是否继续用药以及是否需要送检。","{""HUMAN_REVIEWED"": 1, ""NEEDS_REVIEW"": 4}","[""SRC-0001"", ""SRC-0012"", ""SRC-0079""]",1993,28.01,ERNIE-4.5-Turbo-32K,88,28,18,23,20,False,True,"整体回答逻辑清晰，诊断方向合理，考虑了环境因素和用药反应，提出了实验室确诊的必要性。处方安全，管理措施得当，符合疾病防控要求。数据质量较高，信息完整。
问题：diagnosis_accuracy: 诊断准确性较高，但未完全排除其他可能性，如混合感染，可进一步细化鉴别诊断。；pathology_logic: 病理逻辑合理，但可增加对类圆线虫生活史和致病机制的简要说明，以增强说服力。；prescription_safety: 处方安全，但未明确驱虫药的具体剂量和疗程，可能影响执行准确性。；data_quality: 数据质量较高，但可补充更多临床案例或文献支持诊断和处理建议。",hunyuan-turbos-20250926,85,90,85,80,85,False,False,"该数据场景真实，用户描述的症状（保育至育肥阶段猪群持续腹泻、粘液便、精神食欲尚可、体温正常）与环境条件（高湿、通风差）相符，且已尝试抗菌治疗无效，提示非单纯细菌感染。诊断提出猪类圆线虫病并强调需实验室确诊，逻辑合理。处方建议停用广谱抗菌药、改用驱虫药，并配合环境管理，措施安全且符合防控原则。未出现危险建议，但存在部分细节不足。
问题：诊断虽指向类圆线虫病，但未充分讨论可能的混合感染或其他寄生虫病的可能性。；病理机制和生活史解释不足，影响说服力。；驱虫药仅给出类别，缺少剂量、疗程等关键信息，可能影响执行效果。；未提及驱虫后复查或疗效评估步骤。",True,ERNIE-4.5-Turbo-32K,True,review,诊断方向合理，考虑了环境因素和用药反应，提出了实验室确诊的必要性，处方安全且管理措施得当。但存在诊断未充分讨论混合感染可能性、病理机制和生活史解释不足、驱虫药缺少剂量和疗程信息、未提及驱虫后复查等细节问题，需补充完善以提高数据质量。,86.0,28,18,23,20,review,19.84,20.91,
6091bd39-d694-5c52-a4b5-a533083edb44,289,猪富马毒素中毒,swine_hunyuan_turbos,hunyuan-turbos-20250926,成功,,猪,我家有120头育肥猪，平均体重在60公斤左右，最近换了新一批玉米原料的颗粒料，大概喂了三天后，发现部分猪采食量明显下降，有的还出现呕吐、呼吸急促，有几头母猪配种后返情率升高，还有一头小猪走路不稳像是有点神经症状。请问是不是饲料有问题？该怎么处理？,根据描述，结合近期更换饲料、出现采食下降、呕吐、呼吸急促及个别神经症状，高度怀疑为猪富马毒素中毒。该病由饲料中富马毒素超标引起，可导致肺水肿、肝功能受损以及神经系统表现。建议立即停喂可疑饲料，并采集剩余饲料样品送实验室检测富马毒素含量，同时观察猪群整体状况变化。,treatment_direction: 停用可疑饲料，提供清洁饮水和易消化的优质饲料，必要时添加保肝护肾类营养支持剂。；management_measures: 加强通风换气，降低舍内氨气浓度，减少应激；对出现严重症状的个体进行隔离观察。；sampling_and_testing: 采集当前使用的饲料样品送具备资质的实验室检测富马毒素含量，并结合血液生化指标评估肝脏功能。；prohibited_actions: 严禁继续使用未经检测的同一批饲料；在未明确毒素水平前，不应将猪只出售或转场。,因属中毒事件，无特定药物休药期概念，但在饲料更换且检测结果合格前，不建议出栏销售。,"{""disease_name"": ""猪富马毒素中毒"", ""severity"": ""中等至重度，视毒素水平和临床表现而定"", ""scene_tags"": [""饲料更换"", ""育肥猪"", ""母猪繁殖异常"", ""神经症状""], ""validation_points"": [""症状与富马毒素中毒相符"", ""存在饲料更换史"", ""需通过饲料检测确认病因""], ""risk_flags"": [""疑似饲料中毒"", ""可能影响繁殖性能"", ""潜在神经症状""], ""case_type"": ""饲料中毒咨询"", ""target_disease"": ""猪富马毒素中毒"", ""local_flags"": {""species_ok"": true, ""target_disease_in_diagnosis"": true, ""target_disease_mismatch"": false, ""contains_specific_dose"": false, ""contains_specific_withdrawal"": false, ""regulated_bad_treatment"": false}}",False,False,,,True,False,True,D:\XF-ChongQin\ai-\knowledge\llm_wiki_swine_authoritative,1465,887,"猪富马毒素中毒
猪富马毒素中毒、fumonisin toxicosis
饲料中毒咨询
更换饲料或玉米批次后出现采食下降、呕吐、繁殖异常或神经症状，用户怀疑饲料问题。","{""NEEDS_REVIEW"": 2, ""PROCESSED_SOURCE_ANCHORED"": 2}","[""SRC-0001"", ""SRC-0085""]",2221,29.02,ERNIE-4.5-Turbo-32K,88,28,18,23,20,False,True,"该回答整体表现良好，诊断准确性较高，症状与疾病匹配合理，诊断逻辑清晰，处理方向安全且与疾病相互印证。数据质量方面，场景描述和验证点较为全面，但部分细节可进一步优化。
问题：diagnosis_accuracy: 诊断准确性较高，但未明确提及富马毒素中毒的典型病理变化（如肺水肿、肝损伤等），可进一步增强诊断依据。；pathology_logic: 病理逻辑基本合理，但未详细解释呼吸急促与富马毒素中毒的关联性，逻辑链条可更完善。；prescription_safety: 处理方向安全，但未提及对严重神经症状个体的具体治疗措施（如使用解毒剂或支持疗法），可补充完善。；data_quality: 数据质量良好，但场景标签中未提及‘呕吐’这一关键症状，验证点可增加‘繁殖异常与神经症状的关联性分析’。",hunyuan-turbos-20250926,85,8.5,8.0,9.0,8.5,True,False,"该案例场景真实，症状与猪富马毒素中毒高度吻合，诊断思路清晰，处理措施安全且符合中毒事件的应对原则，未发现危险建议。不足之处在于病理机制解释不够细致，对神经症状的处理方案未具体化，部分关键症状未在验证点中明确标注。
问题：未详细说明富马毒素中毒导致肺水肿、肝损伤的病理过程，诊断依据略显单薄。；呼吸急促与富马毒素中毒的关联未充分解释，病理逻辑链不完整。；对神经症状严重的个体缺乏针对性治疗建议。；场景验证点未包含“呕吐”这一重要症状，也未分析繁殖异常与神经症状的可能联系。",True,ERNIE-4.5-Turbo-32K,True,review,诊断准确性较高，症状与疾病匹配合理，诊断逻辑基本清晰，但存在部分细节不足，如未明确提及富马毒素中毒的典型病理变化（肺水肿、肝损伤等），未详细解释呼吸急促与富马毒素中毒的关联性，对严重神经症状个体的具体治疗措施未提及，场景验证点未包含“呕吐”这一重要症状，也未分析繁殖异常与神经症状的可能联系。整体处理方向安全且符合中毒事件的应对原则，但需补充完善相关细节。,86.0,28,18,23,20,review,20.1,20.83,
30e006fd-274c-54a6-9f8a-506762ca7d71,297,猪口蹄疫,swine_hunyuan_turbos,hunyuan-turbos-20250926,成功,,猪,我家是200头基础母猪的自繁自养场，最近有3头怀孕后期母猪在产前一周左右突然流产，还有两头空怀母猪返情周期延长，一头公猪性欲下降且精液稀薄。场内温度湿度正常，通风一般，近期没有用过疫苗。请问这是怎么回事？还能继续配种吗？,根据描述，妊娠母猪突发流产、空怀母猪返情延迟以及公猪生殖功能下降，结合群体性表现，高度怀疑为猪口蹄疫病毒感染所致。该病可导致母猪流产、死胎及公猪精液质量下降，同时伴随口腔、蹄部水疱等全身症状。,立即向当地动物防疫部门报告疫情，禁止自行治疗或继续配种。对全场进行封锁隔离，停止引种和出售。采集流产胎儿、胎盘组织及水疱液送实验室确诊。加强消毒措施，限制人员车辆流动。严禁使用未经批准的抗病毒药物或激素类药物干预。,因属重大动物疫病，需按主管部门处置方案执行，无常规休药期概念。,"{""disease_name"": ""猪口蹄疫"", ""severity"": ""高"", ""scene_tags"": [""种猪场"", ""流产"", ""返情"", ""公猪繁殖障碍""], ""validation_points"": [""妊娠母猪突发流产符合口蹄疫特征"", ""公猪精液质量下降与病毒感染一致"", ""群体性表现提示传染性病因""], ""risk_flags"": [""重大动物疫病"", ""须立即上报并隔离""], ""case_type"": ""种猪繁殖障碍"", ""target_disease"": ""猪口蹄疫"", ""local_flags"": {""species_ok"": true, ""target_disease_in_diagnosis"": true, ""target_disease_mismatch"": false, ""contains_specific_dose"": false, ""contains_specific_withdrawal"": false, ""regulated_bad_treatment"": false}}",False,False,,,True,False,True,D:\XF-ChongQin\ai-\knowledge\llm_wiki_swine_authoritative,1465,887,"猪口蹄疫
猪口蹄疫、foot and mouth disease picornaviruses
种猪繁殖障碍
种猪场出现流产、死胎、返情或公猪异常，用户担心传染病和是否继续配种。","{""HUMAN_REVIEWED"": 3, ""NEEDS_REVIEW"": 2}","[""A0-MOA-573"", ""A1-WOAH-FMD"", ""A1-WOAH-FMD-DISEASE"", ""SRC-0001"", ""SRC-0025"", ""SRC-0047""]",2186,24.78,ERNIE-4.5-Turbo-32K,88,28,18,25,17,False,True,"该回答在诊断准确性、病理逻辑、处方安全性和数据质量方面表现较好，整体符合猪口蹄疫的诊断和处理要求，未发现致命风险。
问题：诊断准确性方面，虽然高度怀疑猪口蹄疫，但未提及口腔、蹄部水疱等典型症状，可能导致诊断依据不够充分。；病理逻辑方面，对群体性表现和传染性病因的关联性解释较为笼统，缺乏深入分析。；数据质量方面，场景标签和验证点较为全面，但风险标志的描述可以更具体，例如明确上报和隔离的具体流程。",hunyuan-turbos-20250926,85,80,82,90,85,False,False,"该数据场景真实，用户描述的群体性繁殖障碍与猪口蹄疫的典型危害相符，诊断方向合理，处理建议符合重大疫病防控原则，未出现危险用药或错误操作。不足之处在于诊断中缺少提及口蹄疫典型的口腔、蹄部水疱等症状，导致诊断依据略显不足；病理机制分析可更细致；数据质量较高，但风险提示可更具体化。
问题：诊断部分未提及口蹄疫典型的水疱症状，证据链不够完整；病理机制解释较笼统，缺乏对病毒传播路径与繁殖障碍关系的深入说明；风险提示虽正确，但可补充更具体的上报流程和隔离细节",True,ERNIE-4.5-Turbo-32K,True,review,诊断方向合理，与猪口蹄疫的典型危害相符，处理建议符合重大疫病防控原则，未出现危险用药或错误操作。但诊断中缺少提及口蹄疫典型的口腔、蹄部水疱等症状，导致诊断依据略显不足；病理机制分析可更细致。,86.0,28,18,25,17,review,17.48,20.22,
775ebdb6-a623-5357-9f98-f61476d825c0,305,猪链球菌病,swine_hunyuan_turbos,hunyuan-turbos-20250926,成功,,猪,我家有120头育肥猪，平均体重在60公斤左右，最近一周陆续出现几头精神沉郁、不吃料、体温升高到40℃以上，有的还转圈走、前肢划水，个别猪耳朵发紫。之前用过阿莫西林拌料三天，没明显好转。想问下这种情况是不是链球菌引起的？该采哪些样送实验室确诊？怎么防止误诊耽误病情？,根据描述的发热、神经症状（转圈、划水）、耳部发绀及抗生素治疗效果不佳，高度怀疑为猪链球菌病（Streptococcus suis），需结合实验室检测确认。该病可表现为脑膜炎、败血症、关节炎等多系统病变，不同猪可能表现不一。,treatment_direction: 针对疑似链球菌感染，应依据药敏结果选择敏感抗生素，避免盲目使用广谱药物造成耐药。；management_measures: 立即隔离发病猪，减少应激，保持栏舍清洁干燥通风，避免混群运输和打斗。对同群猪加强观察，发现异常及时隔离。；sampling_for_testing: 采集病死猪的脑组织、关节液、心血、脾脏等组织样本，以及活体猪的血液、鼻拭子或扁桃体拭子，低温保存并尽快送具备资质的实验室进行细菌分离培养和PCR检测。；prohibited_boundaries: 严禁在未确诊情况下随意更换或加大抗生素用量；禁止将疑似病例与健康猪直接混合饲养；禁止未经许可跨区域调运生猪。,具体休药期需依据所用药物种类、剂量及国家相关规定确定，应在兽医指导下执行。,"{""disease_name"": ""猪链球菌病"", ""severity"": ""高"", ""scene_tags"": [""育肥猪"", ""神经症状"", ""高热"", ""抗生素治疗无效""], ""validation_points"": [""症状符合猪链球菌病的典型表现（脑膜炎、败血症）"", ""抗生素治疗无效提示可能为耐药菌或非目标病原"", ""采样送检是确诊关键步骤""], ""risk_flags"": [""存在人兽共患风险（S. suis可通过皮肤伤口感染人）"", ""未确诊前易误治导致疫情扩散""], ""case_type"": ""采样送检咨询"", ""target_disease"": ""猪链球菌病"", ""local_flags"": {""species_ok"": true, ""target_disease_in_diagnosis"": true, ""target_disease_mismatch"": false, ""contains_specific_dose"": false, ""contains_specific_withdrawal"": false, ""regulated_bad_treatment"": false}}",False,False,,,True,False,True,D:\XF-ChongQin\ai-\knowledge\llm_wiki_swine_authoritative,1465,887,"猪链球菌病
猪链球菌病、streptococcosis streptococcus suis
采样送检咨询
用户描述症状后，重点询问采什么样品、如何判断和如何避免误治。","{""HUMAN_REVIEWED"": 2, ""NEEDS_REVIEW"": 3}","[""SRC-0001"", ""SRC-0014"", ""SRC-0075"", ""SRC-0076""]",2046,28.52,ERNIE-4.5-Turbo-32K,88,28,18,23,20,False,True,"该回答对猪链球菌病的诊断、采样、治疗及管理措施进行了较为全面的阐述，整体逻辑清晰，符合疾病特征及防控要求。诊断准确性较高，病理逻辑合理，处方安全，数据质量良好，无明显致命风险。
问题：diagnosis_accuracy: 虽提及症状符合猪链球菌病，但未完全排除其他可能引起神经症状及高热的疾病（如伪狂犬病、李氏杆菌病等），诊断依据可进一步强化。；pathology_logic: 对疾病多系统病变的描述稍显笼统，未详细说明不同症状对应的病理机制。；prescription_safety: 休药期表述较为模糊，未给出具体指导或参考范围。；data_quality: 场景标签中'抗生素治疗无效'的描述可能引发误解，实际应为'抗生素治疗未达预期效果'，以更准确反映情况。",hunyuan-turbos-20250926,85,8.5,8.0,8.5,8.5,True,False,"回答总体准确描述了猪链球菌病的典型症状、采样方法和防控措施，逻辑基本自洽，且强调了实验室确诊和安全用药原则，无危险建议。但存在部分细节不足，例如未充分排除其他类似症状的疾病，病理机制解释不够深入，休药期信息过于笼统。
问题：诊断部分未充分排除伪狂犬病、李氏杆菌病等可引起相似症状的病原；病理机制描述较笼统，缺乏症状与病理变化的对应关系说明；休药期信息模糊，仅提示需依据规定执行，缺少指导性建议",True,ERNIE-4.5-Turbo-32K,True,review,回答对猪链球菌病的诊断、采样、治疗及管理措施进行了较为全面的阐述，整体逻辑清晰，符合疾病特征及防控要求，但存在部分细节不足，例如未充分排除其他类似症状的疾病，病理机制解释不够深入，休药期信息过于笼统，因此判为review。,86.0,28,18,23,20,review,19.46,17.83,
dd60ec8f-a1ce-5112-b6e0-105008e24d61,307,猪疥螨病,swine_hunyuan_turbos,hunyuan-turbos-20250926,成功,,猪,我家有200多头80斤左右的育肥猪，最近发现部分猪身上有抓挠、掉毛、结痂的情况，精神还可以，就是长得慢，采食量也下降。圈舍比较潮湿，之前没做过驱虫，想问问是不是疥螨？该怎么治？,根据描述，猪群存在典型的皮肤瘙痒、结痂及生长缓慢等症状，结合圈舍潮湿、无近期驱虫史等风险因素，高度怀疑为猪疥螨病。该病可由少量螨引起强烈过敏反应，导致瘙痒、丘疹、红斑、结痂和角化过度，尤其在耳部、体侧更明显。由于皮肤刮片检查可能存在假阴性，应结合群体病史和病变特征综合判断。,treatment_direction: 采用安全有效的体外驱虫药物进行全群处理，重点针对疥螨感染部位。；management_measures: 改善圈舍通风干燥条件，减少湿度；对病猪与健康猪分群管理，防止交叉感染；加强饲养管理和营养供给，提高抵抗力。；sampling_testing: 在典型病变处做皮肤刮片镜检，必要时送实验室进一步确认；若怀疑其他皮肤病（如猪痘、葡萄球菌病等），应同时取样鉴别。；prohibited_boundaries: 严禁使用未经批准的兽药或人用药品；禁止将疑似病猪随意出售或转运；若病情严重且扩散迅速，应及时向当地畜牧兽医部门报告。,按所用驱虫药物说明执行，确保屠宰前达到规定的停药期，保障肉品安全。,"{""disease_name"": ""猪疥螨病"", ""severity"": ""中等至重度（影响生长性能、饲料转化率）"", ""scene_tags"": [""育肥猪"", ""群体发病"", ""皮肤瘙痒"", ""生长迟缓"", ""圈舍潮湿""], ""validation_points"": [""瘙痒、结痂、掉毛等典型皮肤病变"", ""圈舍环境潮湿、缺乏驱虫史"", ""生长缓慢、采食下降""], ""risk_flags"": [""高传染性"", ""易复发"", ""需环境控制配合""], ""case_type"": ""寄生虫群体发病"", ""target_disease"": ""猪疥螨病"", ""local_flags"": {""species_ok"": true, ""target_disease_in_diagnosis"": true, ""target_disease_mismatch"": false, ""contains_specific_dose"": false, ""contains_specific_withdrawal"": false, ""regulated_bad_treatment"": false}}",False,False,,,True,False,True,D:\XF-ChongQin\ai-\knowledge\llm_wiki_swine_authoritative,1465,887,"猪疥螨病
猪疥螨病、external parasites mange
寄生虫群体发病
猪群出现腹泻、消瘦、皮肤瘙痒或生长慢，用户怀疑寄生虫。","{""HUMAN_REVIEWED"": 4}","[""SRC-0001"", ""SRC-0080""]",2221,26.45,ERNIE-4.5-Turbo-32K,88,28,18,23,20,False,True,"该回答整体表现良好，诊断准确性较高，症状与疾病匹配合理，诊断逻辑清晰，处方安全且与疾病相互印证，数据质量较高。但存在一些细节问题，如病理逻辑部分可进一步细化，数据质量部分可增加更多具体信息。
问题：病理逻辑部分对疥螨病的病理过程描述不够详细，可进一步细化螨虫引起的过敏反应和皮肤病变的具体机制。；数据质量部分虽然提到了典型病变和风险因素，但可增加更多具体信息，如皮肤刮片镜检的具体操作或结果描述。；处方中未明确提及具体驱虫药物名称，可能影响实际操作的准确性。",hunyuan-turbos-20250926,85,90,80,85,80,False,False,"该数据整体真实可信，用户描述的养殖规模、环境条件和临床症状符合猪疥螨病的流行病学与临床表现，诊断依据充分，处理方案涵盖治疗、管理与检测，并设置了安全边界，无明显危险建议。但病理机制解释略简略，缺乏更具体的免疫反应与皮肤病变形成过程的阐述；数据质量方面缺少实际操作细节，例如皮肤刮片的采样位置与方法；处方虽强调安全用药，但未提供药物类别示例，可能影响落地性。
问题：病理逻辑中对疥螨引发过敏反应的机制描述不足，未能体现免疫介导的炎症过程和皮肤病变演变细节。；数据质量部分缺少皮肤刮片镜检的操作细节（如采样部位、方法、注意事项）。；处方未给出驱虫药物的类别或作用方式示例，可能导致养殖户选择困难。",True,ERNIE-4.5-Turbo-32K,True,review,该回答整体表现良好，诊断准确性较高，症状与疾病匹配合理，诊断逻辑清晰，处方安全且与疾病相互印证。但存在一些细节问题，如病理逻辑部分对疥螨病的病理过程描述不够详细，可进一步细化螨虫引起的过敏反应和皮肤病变的具体机制；数据质量部分虽然提到了典型病变和风险因素，但可增加更多具体信息，如皮肤刮片镜检的具体操作或结果描述；处方中未明确提及具体驱虫药物名称，可能影响实际操作的准确性。,86.0,28,18,23,20,review,17.73,20.75,
286a91d4-3ba4-5e0b-9798-07da1a9ed050,330,猪细小病毒病,swine_hunyuan_turbos,hunyuan-turbos-20250926,成功,,猪,我场有200头能繁母猪，最近两个月陆续有怀孕60天左右的母猪出现死胎、木乃伊胎，部分后备母猪配种后返情率高，产仔数下降。没有大规模死亡，但繁殖率明显下滑。之前没做过专门免疫细小病毒，想问这种情况是不是细小病毒引起的？需要采什么样品去化验？现在还能继续配种和引进新种猪吗？,根据描述的症状（妊娠中期死胎、木乃伊胎、返情率高、产仔数减少）及无特异性疫苗接种史，结合猪细小病毒病（PPV1）在妊娠早期至中期通过胎盘感染导致胎儿死亡的典型特征，高度怀疑为猪细小病毒病引起的繁殖障碍。需实验室检测确诊。,treatment_direction: 目前无特效抗病毒药物，主要依赖管理控制和生物安全防控。；management_measures: 立即暂停引入新种猪，防止潜在病原传入；；对现有母猪暂缓配种，直至检测结果明确并采取防控措施；；加强圈舍卫生清洁与消毒，减少交叉感染机会；；记录每批母猪的配种、妊娠、分娩情况，便于追踪疫情。；sampling_for_testing: 采集流产胎儿组织（肝、肺、脑）、胎盘及羊水进行PCR检测PPV1；；可同时采集血清做抗体检测，辅助判断感染状态；；必要时采集公猪精液检测病毒核酸。；prohibited_actions: 禁止将疑似感染母猪所产仔猪或胎衣随意丢弃或出售；；在未获得阴性结果前，不得向其他猪群转移种猪或精液；；不得自行使用未经批准的抗病毒药物或疫苗。,本病为病毒性繁殖障碍，无特定休药期概念，但应在检测结果阴性且采取相应生物安全措施后再恢复正常配种和引种操作。,"{""disease_name"": ""猪细小病毒病"", ""severity"": ""中等"", ""scene_tags"": [""繁殖障碍"", ""死胎"", ""木乃伊胎"", ""返情率高""], ""validation_points"": [""症状符合PPV1感染特征（妊娠中期胎儿死亡）；"", ""缺乏免疫史增加感染可能性；"", ""建议采样方向与检测目标一致。""], ""risk_flags"": [""存在繁殖性能下降风险，影响经济效益；"", ""可能伴随其他繁殖障碍病因，需要鉴别诊断；"", ""若确证为PPV1感染，需防范扩散至其他批次或猪场。""], ""case_type"": ""繁殖障碍送检"", ""target_disease"": ""猪细小病毒病"", ""local_flags"": {""species_ok"": true, ""target_disease_in_diagnosis"": true, ""target_disease_mismatch"": false, ""contains_specific_dose"": false, ""contains_specific_withdrawal"": false, ""regulated_bad_treatment"": false}}",False,False,,,True,False,True,D:\XF-ChongQin\ai-\knowledge\llm_wiki_swine_authoritative,1465,887,"猪细小病毒病
猪细小病毒病、parvoviruses
繁殖障碍送检
繁殖异常持续出现，用户询问该采哪些样品、是否需要暂停配种和引种。","{""HUMAN_REVIEWED"": 3, ""NEEDS_REVIEW"": 2}","[""A0-MOA-573"", ""SRC-0001"", ""SRC-0045""]",2087,24.83,ERNIE-4.5-Turbo-32K,88,28,18,23,20,False,True,"整体回答质量较高，诊断准确，症状与疾病匹配合理，诊断逻辑清晰，处理方向安全且与疾病相互印证。采样建议和防控措施合理，无致命风险。
问题：diagnosis_accuracy: 诊断准确性较高，但未完全覆盖所有可能症状（如部分后备母猪配种后返情率高可能与其他繁殖障碍疾病有关，需进一步鉴别诊断）。；pathology_logic: 病理逻辑基本合理，但未明确说明猪细小病毒病与其他繁殖障碍疾病的鉴别要点。；prescription_safety: 处方安全合理，但未提及具体消毒剂的选择和使用方法。；data_quality: 数据质量较高，但场景标签和风险标志的描述可以更详细。",hunyuan-turbos-20250926,85,8,8,9,8,False,False,"该回答整体质量高，诊断思路正确，症状与目标疾病匹配度高，处理措施符合生物安全要求，未出现危险建议。采样方案科学，管理措施合理，并强调了检疫与隔离的重要性。不足之处在于鉴别诊断不够全面，未列出可能的其他繁殖障碍病因，以及缺少消毒剂选择等细节。
问题：未充分列举可能导致类似症状的其它繁殖障碍性疾病（如蓝耳病、伪狂犬病、乙脑等），缺乏鉴别诊断提示。；未提供具体的消毒剂种类及使用方法，可能影响执行效果。；场景标签和风险标识描述略显笼统。",True,ERNIE-4.5-Turbo-32K,True,review,整体回答质量较高，诊断准确，症状与疾病匹配合理，处理方向安全且与疾病相互印证。采样建议和防控措施合理，无致命风险。但存在一些轻微不足，如未充分列举可能导致类似症状的其它繁殖障碍性疾病，缺乏鉴别诊断提示；未提供具体的消毒剂种类及使用方法，可能影响执行效果；场景标签和风险标识描述略显笼统。,86.0,28,18,23,20,review,15.81,17.23,
b59d1acb-cfe9-5b07-a209-95847b60a342,347,猪葡萄球菌病,swine_hunyuan_turbos,hunyuan-turbos-20250926,成功,,猪,我家有120头育肥猪，平均体重在65公斤左右，最近几天发现其中几头出现皮肤发红、局部结痂、掉毛的情况，主要集中在背部和耳部，体温正常，食欲也还行，没有死亡。之前用过阿莫西林拌料三天，没见明显好转。想问下这种情况是不是要送样检查？应该取哪些部位的组织？会不会是别的病误诊了？,根据描述，考虑为猪葡萄球菌病（渗出性表皮炎）可能性较大，由表皮葡萄球菌（Staphylococcus hyicus）引起，表现为局部皮肤炎症、渗出、结痂及脱毛。需结合临床特征与实验室病原学检测确诊，排除其他细菌性皮肤病或寄生虫性皮炎。,treatment_direction: 针对葡萄球菌感染进行抗菌治疗，优先选择对分离菌株敏感的药物，同时配合改善饲养环境与皮肤清洁护理。；management_measures: 隔离发病猪只，减少密度，保持圈舍干燥通风，防止潮湿刺激；定期清理粪便，减少皮肤摩擦损伤；加强营养，提高抵抗力。；sampling_and_testing: 采集病变皮肤组织（包括痂皮、渗出物及周边健康组织），必要时加采血液样本做血清学检测；建议送当地兽医实验室进行细菌培养与药敏试验，明确病原种类及耐药性。；prohibited_boundaries: 严禁使用未经批准的抗生素或超范围用药；在未获得实验室结果前，不应随意更换治疗方案；若怀疑重大传染病，应按规定向主管部门报告。,具体休药期需依据所用药物说明书及药敏结果确定，并在停药期满后方可屠宰上市。,"{""disease_name"": ""猪葡萄球菌病"", ""severity"": ""中等"", ""scene_tags"": [""育肥猪"", ""皮肤病变"", ""渗出性表皮炎"", ""采样送检""], ""validation_points"": [""临床表现符合葡萄球菌性渗出性表皮炎特征"", ""需要实验室培养与药敏确认病原"", ""管理上需改善环境以减少皮肤损伤""], ""risk_flags"": [""治疗失败需重新采样送检"", ""存在误诊风险""], ""case_type"": ""采样送检咨询"", ""target_disease"": ""猪葡萄球菌病"", ""local_flags"": {""species_ok"": true, ""target_disease_in_diagnosis"": true, ""target_disease_mismatch"": false, ""contains_specific_dose"": false, ""contains_specific_withdrawal"": false, ""regulated_bad_treatment"": false}}",False,False,,,True,False,True,D:\XF-ChongQin\ai-\knowledge\llm_wiki_swine_authoritative,1465,887,"猪葡萄球菌病
猪葡萄球菌病、staphylococcosis exudative epidermitis
采样送检咨询
用户描述症状后，重点询问采什么样品、如何判断和如何避免误治。","{""HUMAN_REVIEWED"": 1, ""NEEDS_REVIEW"": 4}","[""SRC-0001"", ""SRC-0009"", ""SRC-0012"", ""SRC-0074""]",1847,29.28,ERNIE-4.5-Turbo-32K,88,28,18,24,18,False,True,"整体回答较为准确，诊断方向合理，考虑了实验室检测的必要性，治疗方案安全，管理措施得当，数据质量基本满足要求。
问题：诊断准确性方面，虽然考虑了猪葡萄球菌病，但对其他可能疾病的排除分析不够深入。；病理逻辑方面，对疾病发生的环境因素和猪只管理因素的关联分析稍显不足。；处方安全方面，虽然提到了优先选择敏感药物，但未具体说明常用药物及剂量范围。；数据质量方面，症状描述和疾病关联性分析可以更详细，以提高数据的完整性和可信度。",hunyuan-turbos-20250926,85,4,3.5,4,3.5,False,False,"回答总体符合猪葡萄球菌病的典型表现，诊断方向正确，并强调了实验室检测的重要性，避免盲目用药。处方中未给出具体药物名称或剂量，避免了高风险用药行为，且提出了合理的隔离与环境管理措施。但存在以下不足：1) 对其他可能的类似皮肤病（如疥螨、真菌等）的鉴别诊断分析不够充分；2) 病理机制部分缺少对潮湿环境、外伤诱发因素的具体解释；3) 数据完整性可提升，例如补充更多关于病程进展、群体分布的信息。
问题：鉴别诊断分析深度不足，未充分讨论其他可能导致相似症状的病原体或病因。；病理机制阐述较笼统，缺乏对环境诱因与发病机制的直接联系。；数据信息略单薄，缺少更详细的病程演变和群体流行病学背景。",True,ERNIE-4.5-Turbo-32K,True,review,整体回答较为准确，诊断方向合理，考虑了实验室检测的必要性，治疗方案安全，管理措施得当。但存在以下不足：1) 对其他可能的类似皮肤病（如疥螨、真菌等）的鉴别诊断分析不够充分；2) 病理机制部分缺少对潮湿环境、外伤诱发因素的具体解释；3) 数据完整性可提升，例如补充更多关于病程进展、群体分布的信息。,86.0,28,18,24,18,review,18.05,22.3,
aef77049-64cd-56c6-b08d-e8b818175758,348,猪结核病,swine_hunyuan_turbos,hunyuan-turbos-20250926,成功,,猪,我家有200头120公斤左右的育肥猪，快到出栏时间了，最近有几头出现消瘦、咳嗽，体温正常，食欲下降，精神一般，已经持续十来天。之前没用过什么特别药物，圈舍通风还行，就是密度有点大。我想知道这种情况能不能用药治疗，会不会影响出栏？,根据描述，考虑存在慢性消耗性疾病的可能，结合年龄、症状和病程，需排查猪结核病等慢性细菌性感染。该病在育肥猪常呈亚临床或轻度表现，部分个体可出现渐进性消瘦、咳嗽及食欲下降。确诊需通过剖检淋巴结病变观察及实验室病原学检测（如抗酸染色、PCR）明确是否为MTBC或其他分枝杆菌感染。,目前不建议在临近出栏阶段对疑似猪结核病进行常规抗菌治疗，因为该病多为慢性过程且治疗效果有限，且部分治疗药物属于食品动物禁用或需严格休药期管理。应优先采取以下措施：1. 立即隔离可疑病例并停止与健康猪混群；2. 采集病变组织送有资质的实验室进行病原鉴定；3. 加强圈舍通风与密度控制，减少应激；4. 若确诊为猪结核病，应按重大动物疫病防控要求进行无害化处理，不得进入流通环节；5. 严禁使用未经批准的抗菌药物，避免产生食品安全风险。,由于疾病性质及潜在的人兽共患风险，临近出栏阶段不建议进行治疗性用药。任何用药方案均需依据中国官方批准的药品说明书执行，并在出栏前满足相应休药期要求。,"{""disease_name"": ""猪结核病"", ""severity"": ""中等至严重（取决于传播范围及是否确诊）"", ""scene_tags"": [""育肥猪"", ""慢性消耗"", ""临近出栏"", ""人兽共患风险""], ""validation_points"": [""症状符合慢性消耗性疾病特征"", ""病程长且无急性高热"", ""需实验室确认病原类型""], ""risk_flags"": [""可能为人兽共患病原体"", ""临近出栏阶段用药受限"", ""存在公共卫生与食品安全风险""], ""case_type"": ""上市休药期咨询"", ""target_disease"": ""猪结核病"", ""local_flags"": {""species_ok"": true, ""target_disease_in_diagnosis"": true, ""target_disease_mismatch"": false, ""contains_specific_dose"": false, ""contains_specific_withdrawal"": false, ""regulated_bad_treatment"": false}}",False,False,,,True,False,True,D:\XF-ChongQin\ai-\knowledge\llm_wiki_swine_authoritative,1465,887,"猪结核病
猪结核病、tuberculosis
上市休药期咨询
用户接近出栏，关心治疗方向和用药后能否出栏销售。","{""HUMAN_REVIEWED"": 3, ""NEEDS_REVIEW"": 2}","[""SRC-0001"", ""SRC-0012"", ""SRC-0015"", ""SRC-0078""]",2162,28.78,ERNIE-4.5-Turbo-32K,88,28,18,24,18,False,True,"该回答在诊断准确性、病理逻辑、处方安全性和数据质量方面表现良好，整体符合猪结核病的诊断与处理要求，未发现致命风险。
问题：诊断部分未明确提及猪结核病的典型病理特征（如淋巴结肿大、干酪样坏死等），仅依赖症状和病程推测，略显不足。；病理逻辑部分对猪结核病的传播途径和防控要点描述不够详细，缺乏对群体防控的深入分析。；数据质量方面，回答中未明确引用实验室检测的具体方法或标准，略显笼统。；处方安全性部分虽强调了无害化处理和禁用药物，但未提供具体的替代防控措施或建议。",hunyuan-turbos-20250926,85,80,82,90,78,False,False,"回答总体准确识别了猪结核病的可能性，并结合临近出栏的特殊情境给出了安全的防控建议，避免了不当用药，体现了良好的生物安全和食品安全意识。但诊断部分缺乏典型病理特征的明确描述，对群体传播风险的防控分析不足，实验室检测方法表述较笼统，可进一步提升细节与针对性。
问题：诊断未明确列出猪结核病的典型病理特征（如淋巴结肿大、干酪样坏死）。；对猪结核病的传播途径、潜伏期及群体防控策略分析不足。；实验室检测方法描述过于笼统，缺少关键步骤或判定标准。；未给出除无害化处理外的其他群体防控补充建议。",True,ERNIE-4.5-Turbo-32K,True,review,回答总体准确识别了猪结核病的可能性，诊断部分虽未明确提及典型病理特征，但结合症状和病程推测合理；病理逻辑对猪结核病的防控要点有一定描述，但传播途径和群体防控分析不足；处方安全性方面避免了不当用药，体现了良好的生物安全和食品安全意识，但缺乏具体的替代防控措施建议；实验室检测方法表述较笼统。综合来看，回答方向正确但存在细节不足，需进一步完善。,86.0,28,18,24,18,review,19.35,23.25,
c45e9064-5bec-5376-b2ed-4d96c7866a91,351,猪弓形虫病,swine_hunyuan_turbos,hunyuan-turbos-20250926,成功,,猪,我家有120头60日龄左右的保育猪，最近一周陆续发现有十几头出现拉稀、精神差、毛色发暗、个别猪皮肤上有小痂皮，采食量下降明显，体温测了有几头偏高到40℃左右。圈舍比较潮湿，前段时间附近有流浪猫活动频繁，之前用过一次广谱抗生素效果不明显。想问问是不是寄生虫引起的？该怎么处理？,根据描述，考虑猪弓形虫病可能，该病在猪多为亚临床感染，但在应激或免疫力低下时可出现发热、腹泻、消瘦及皮肤病变等临床表现。猫为终末宿主，其粪便中的卵囊污染环境可导致猪感染。此外，需排除疥螨、葡萄球菌病等皮肤病因素。,建议立即隔离可疑病例，加强圈舍清洁干燥，清除猫粪污染源并防止野猫进入。采集病猪血液、组织样本送实验室检测弓形虫抗体或病原核酸确认诊断。对全群进行环境消毒，减少应激。若确诊弓形虫感染，可在兽医指导下使用安全有效的抗寄生虫药物，并注意猪肉产品的人畜共患风险，严禁出售未经检疫的猪肉。禁止随意使用人用药物或超范围兽药。,如经确诊并使用药物治疗，应严格遵守兽医开具的停药期规定，确保上市猪肉符合食品安全标准。未获检测结果前，不建议屠宰销售。,"{""disease_name"": ""猪弓形虫病"", ""severity"": ""中等"", ""scene_tags"": [""保育猪"", ""腹泻"", ""消瘦"", ""皮肤病变"", ""环境潮湿"", ""猫接触史""], ""validation_points"": [""症状包括腹泻、发热、消瘦、皮肤痂皮"", ""存在猫类接触和环境潮湿等风险因素"", ""抗生素治疗无效提示非细菌性病因""], ""risk_flags"": [""人兽共患风险"", ""重大动物疫病防控边界""], ""case_type"": ""寄生虫群体发病"", ""target_disease"": ""猪弓形虫病"", ""local_flags"": {""species_ok"": true, ""target_disease_in_diagnosis"": true, ""target_disease_mismatch"": false, ""contains_specific_dose"": false, ""contains_specific_withdrawal"": false, ""regulated_bad_treatment"": false}}",False,False,,,True,False,True,D:\XF-ChongQin\ai-\knowledge\llm_wiki_swine_authoritative,1465,887,"猪弓形虫病
猪弓形虫病、toxoplasmosis protozoa
寄生虫群体发病
猪群出现腹泻、消瘦、皮肤瘙痒或生长慢，用户怀疑寄生虫。","{""HUMAN_REVIEWED"": 3, ""NEEDS_REVIEW"": 2}","[""SRC-0001"", ""SRC-0081""]",2154,22.2,ERNIE-4.5-Turbo-32K,88,28,18,23,20,False,True,"该回答整体表现良好，诊断准确性较高，症状与疾病匹配合理，考虑了人兽共患风险，并提出了实验室检测确认诊断的建议。处理方向安全，未出现与疾病相冲突的处方。数据质量方面，场景描述详细，风险因素考虑全面。
问题：在病理逻辑方面，虽然考虑了疥螨、葡萄球菌病等皮肤病因素的排除，但未详细说明如何区分这些疾病与猪弓形虫病，逻辑稍显不足。；数据质量方面，虽然场景描述详细，但未提及具体的诊断依据或参考标准，略显不足。",hunyuan-turbos-20250926,85,90,80,90,85,False,False,"该案例场景真实，用户描述的保育猪群体中出现发热、腹泻、精神沉郁、皮肤病变等症状，结合近期流浪猫活动史，提示弓形虫病可能性高。诊断部分准确关联了猫作为终末宿主的传播途径，并考虑了其他皮肤病鉴别诊断，但缺乏更详细的鉴别要点说明。处方建议安全，强调隔离、环境管理、实验室确诊、避免人用药及人畜共患风险，无危险建议。数据质量较好，但缺少明确诊断依据和标准。
问题：病理逻辑中虽提到需排除疥螨、葡萄球菌病等皮肤病，但未给出具体鉴别方法或特征对比，逻辑衔接不够紧密。；数据质量上未提供明确的诊断依据或参考标准，仅依赖经验性推测。",True,ERNIE-4.5-Turbo-32K,True,review,该回答整体表现良好，诊断准确性较高，症状与疾病匹配合理，考虑了人兽共患风险，并提出了实验室检测确认诊断的建议。处理方向安全，未出现与疾病相冲突的处方。但在病理逻辑方面，虽然考虑了疥螨、葡萄球菌病等皮肤病因素的排除，但未详细说明如何区分这些疾病与猪弓形虫病，逻辑稍显不足。同时，数据质量方面，虽然场景描述详细，但未提及具体的诊断依据或参考标准，略显不足。,86.0,28,18,23,20,review,14.55,19.56,
77d120bc-e0ac-5120-8967-273a121a1d90,367,猪流行性腹泻,swine_hunyuan_turbos,hunyuan-turbos-20250926,成功,,猪,我家有120头母猪，带仔期间发现最近几天陆续有几窝哺乳仔猪出现拉稀，有的呈黄色水样，有的夹有奶瓣，吃奶量下降，个别精神差。日龄大概在5到12天之间，目前还没死猪，就是担心是病毒性还是细菌性的，想问下怎么区分？之前没用过疫苗，圈舍通风一般，温度偏低。,根据描述的日龄（5-12日龄）、水样或含奶瓣的黄色腹泻、吃奶减少和精神沉郁，结合无死亡且为散发性，考虑可能为病毒性腹泻如猪流行性腹泻（PEDV），但也需与大肠杆菌性腹泻（ETEC）、产气荚膜梭菌等鉴别。建议尽快采集新鲜粪便送实验室进行病原学检测（PCR）以明确病因。,treatment_direction: 对症支持为主，补充电解质和葡萄糖溶液防止脱水，保持圈舍温暖干燥，暂停使用抗生素除非确诊细菌感染。；management_measures: 加强保温措施，提高哺乳母猪营养水平以增强初乳抗体传递，对全群实行严格生物安全，限制人员及车辆流动。；sampling_and_testing: 采集腹泻仔猪的新鲜粪便样本，送至具备资质的兽医实验室进行PEDV、TGEV、轮状病毒、大肠杆菌、梭菌等病原PCR检测，必要时做细菌分离培养。；prohibited_boundaries: 在未明确诊断前不得使用未经批准的抗病毒药物或激素类药物；若确诊为重大动物疫病（如PEDV阳性且属地方流行），应配合当地畜牧部门执行隔离、消毒和监测措施。,因未进行药物治疗，无休药期问题；如需用药须依据检测结果和兽医指导确定。,"{""disease_name"": ""猪流行性腹泻"", ""severity"": ""中等"", ""scene_tags"": [""哺乳期仔猪"", ""水样腹泻"", ""低日龄"", ""散发性""], ""validation_points"": [""日龄与PEDV高发期吻合"", ""症状符合病毒性腹泻特征"", ""需通过实验室检测排除其他病原""], ""risk_flags"": [""潜在重大动物疫病风险"", ""需警惕疫情扩散""], ""case_type"": ""腹泻采样送检"", ""target_disease"": ""猪流行性腹泻"", ""local_flags"": {""species_ok"": true, ""target_disease_in_diagnosis"": true, ""target_disease_mismatch"": false, ""contains_specific_dose"": false, ""contains_specific_withdrawal"": false, ""regulated_bad_treatment"": false}}",False,False,,,True,False,True,D:\XF-ChongQin\ai-\knowledge\llm_wiki_swine_authoritative,1465,887,"猪流行性腹泻
猪流行性腹泻、porcine epidemic diarrhea virus、PED、PEDV
腹泻采样送检
用户描述粪便性状、日龄和病程，重点询问如何鉴别病毒性、细菌性或寄生虫性腹泻。","{""HUMAN_REVIEWED"": 2, ""NEEDS_REVIEW"": 2}","[""A0-MOA-573"", ""RC-DIARRHEA-001"", ""SRC-0001"", ""SRC-0037"", ""SRC-0052"", ""SRC-0062"", ""SRC-0063"", ""SRC-0064"", ""SRC-0071"", ""SRC-0072"", ""SRC-0073"", ""SRC-0077"", ""SRC-0081""]",2221,27.9,ERNIE-4.5-Turbo-32K,88,28,18,23,20,False,True,"该回答整体表现良好，诊断准确性较高，症状与疾病匹配合理，诊断逻辑清晰，处理方向安全且与疾病相互印证。数据质量方面，场景描述和症状记录较为详细，但部分细节可进一步优化。
问题：诊断逻辑中，虽然提到了鉴别诊断，但未详细说明鉴别要点，如病毒性腹泻与细菌性腹泻在粪便性状、病程等方面的具体差异。；数据质量方面，场景标签和验证点较为全面，但风险标志中仅提到潜在重大动物疫病风险和需警惕疫情扩散，未明确提及人兽共患风险（尽管猪流行性腹泻人兽共患风险较低，但应明确说明）。；处方安全中，虽然提到了对症支持治疗和生物安全措施，但未具体说明电解质和葡萄糖溶液的补充剂量和频率。",hunyuan-turbos-20250926,85,90,85,80,85,False,False,"回答整体准确，症状与猪流行性腹泻高度吻合，并考虑了其他可能病因，提出了合理的实验室检测建议。处理方案符合安全原则，强调了未确诊前不使用未经批准的药物，并提示了重大疫病的防控要求。不足之处在于鉴别要点的描述不够细致，未明确说明人兽共患风险情况，以及补液的具体操作细节缺失。
问题：鉴别诊断部分缺少病毒性腹泻与细菌性腹泻在粪便性状、病程等方面的具体对比信息。；未明确说明猪流行性腹泻的人兽共患风险等级，虽风险低也应标注。；处方中对补液的具体方法、频率和浓度未作说明，可能影响实际操作。",True,ERNIE-4.5-Turbo-32K,True,review,回答整体准确，症状与猪流行性腹泻高度吻合，诊断逻辑清晰，处理方案安全且符合疾病特点。但存在鉴别诊断描述不够细致、未明确说明人兽共患风险情况以及补液操作细节缺失等轻微不足，可能影响实际操作和全面性。,86.0,28,18,23,20,review,18.44,18.49,
a89406bf-1f18-5415-99ef-e0a8e839549a,368,猪传染性胃肠炎,swine_hunyuan_turbos,hunyuan-turbos-20250926,成功,,猪,我家有200头120公斤左右的育肥猪，还有半个月就要出栏了，这几天陆续有几头开始拉稀，粪便水样带酸臭味，精神还行，采食量下降不多，圈舍温度偏低，通风一般。之前没用过什么药，想问问这种情况还能治吗？会不会影响卖猪？要不要隔离或者送检？,根据描述，结合日龄、症状及环境情况，高度怀疑为猪传染性胃肠炎（TGE）。该病在寒冷季节易发，主要通过粪口途径传播，可引起水样腹泻、脱水，但成年育肥猪通常症状较轻且死亡率低。需要排除其他腹泻病因如PED、轮状病毒、细菌性肠炎等。,治疗方向以支持疗法为主，包括补充电解质溶液防止脱水与酸中毒，提供温水减少应激，改善圈舍保温并减少贼风。加强卫生管理，及时清理粪便，防止交叉感染。对持续腹泻个体可考虑采集新鲜粪便送实验室进行RT-PCR或病毒分离确诊。严禁使用未经批准的违禁药物，出栏前须确保符合当地检疫规定。若怀疑重大疫病，应按规定向主管部门报告并配合处置。,因本病为病毒性，无特效药物治疗，故不存在特定休药期问题；但若使用任何药物，须遵守国家兽药休药期规定并在出栏前完成停药期。,"{""disease_name"": ""猪传染性胃肠炎"", ""severity"": ""中等（成年猪症状轻，幼猪危害大）"", ""scene_tags"": [""育肥猪"", ""临近出栏"", ""腹泻"", ""低温环境""], ""validation_points"": [""成年育肥猪TGE症状多为轻度腹泻，死亡率低"", ""支持疗法可有效缓解症状，提高存活率"", ""需通过实验室检测与其他腹泻病区分""], ""risk_flags"": [""临近出栏期存在销售风险"", ""低温环境易诱发和传播"", ""需警惕混合感染""], ""case_type"": ""腹泻出栏边界"", ""target_disease"": ""猪传染性胃肠炎"", ""local_flags"": {""species_ok"": true, ""target_disease_in_diagnosis"": true, ""target_disease_mismatch"": false, ""contains_specific_dose"": false, ""contains_specific_withdrawal"": false, ""regulated_bad_treatment"": false}}",False,False,,,True,False,True,D:\XF-ChongQin\ai-\knowledge\llm_wiki_swine_authoritative,1465,887,"猪传染性胃肠炎
猪传染性胃肠炎、transmissible gastroenteritis virus、TGE、TGEV
腹泻出栏边界
临近出栏猪群出现腹泻，用户关心处理方向、隔离和用药后能否销售。","{""HUMAN_REVIEWED"": 2, ""NEEDS_REVIEW"": 2}","[""SRC-0001"", ""SRC-0036"", ""SRC-0037""]",2221,26.58,ERNIE-4.5-Turbo-32K,88,28,18,23,20,False,True,"该回答整体表现良好，诊断准确性较高，病理逻辑合理，处方安全且符合疾病特点，数据质量较高。回答针对猪传染性胃肠炎的诊断、治疗方向及出栏前注意事项进行了详细说明，符合真实场景需求。
问题：诊断部分对其他可能腹泻病因的排除措施描述不够详细，仅提到需要排除其他病因，但未具体说明如何操作。；病理逻辑部分对疾病传播途径和环境因素的关联性分析可进一步深化。；数据质量方面，虽然提供了疾病名称、严重程度和场景标签，但缺乏对症状与疾病关联性的详细解释。；处方中未明确提及具体电解质溶液的成分或使用方法，可能影响实际操作。",hunyuan-turbos-20250926,85,90,85,95,80,False,False,"回答总体准确，诊断与症状、环境相符，处方以对症支持为主，强调生物安全和合规用药，无明显危险建议。不足之处在于对鉴别诊断的操作细节不足，以及缺乏症状-疾病关联的深入解释。
问题：鉴别诊断部分仅笼统提及需排除其他病因，缺少具体操作步骤或检测建议。；病理机制与环境因素的联系分析较浅，未进一步阐述低温、通风差如何促进病毒传播。；处方中未给出电解质溶液的具体配方或配制方法，可能影响落地执行。",True,ERNIE-4.5-Turbo-32K,True,review,回答总体准确，诊断与症状、环境相符，处方以对症支持为主，强调生物安全和合规用药，无明显危险建议。不足之处在于对鉴别诊断的操作细节不足，以及缺乏症状-疾病关联的深入解释，同时处方中未给出电解质溶液的具体配方或配制方法，可能影响落地执行。,86.0,28,18,23,20,review,19.53,17.17,
83b2c8fe-0f5d-5f49-bae7-7ffa501f123e,372,猪胸膜肺炎,swine_hunyuan_turbos,hunyuan-turbos-20250926,成功,,猪,我家有120头60日龄左右的保育猪，最近几天天气忽冷忽热，加上圈舍通风不太好，早上进去能闻到明显氨味。这几天陆续有几头猪出现咳嗽、呼吸急促，有的还张口喘气，个别精神沉郁、食欲下降。之前没用过什么药，这种情况是单纯环境刺激还是可能有传染病？需要怎么处理？,结合年龄、发病情况、环境条件和临床表现，考虑为猪胸膜肺炎（Actinobacillus pleuropneumoniae）引起的细菌性呼吸道感染，同时不排除环境因素（氨气刺激、温差变化）加重了病情。需通过剖检观察肺部是否有出血、坏死及胸膜粘连等特征性病变，并结合实验室分离培养或PCR确诊。,treatment_direction: 针对疑似细菌感染使用敏感抗生素控制继发感染，配合改善饲养管理降低环境应激。；management_measures: 立即加强圈舍通风换气，减少氨气浓度；调整温度，避免昼夜温差过大；分群饲养，减少密度；保证饮水清洁和饲料新鲜。；sampling_and_testing: 对病死猪进行剖检并采集肺组织送实验室做细菌分离培养和鉴定，必要时做PCR检测以明确病原。；contraindications_and_boundaries: 严禁自行随意更换或加大抗生素用量；若发现高死亡率、大面积肺出血坏死或胸膜粘连，应怀疑重大疫病，按当地畜牧部门要求进行隔离、报告和送检，不得擅自销售或转移。,因涉及抗生素种类未定，建议停药后至少间隔一个安全周期再出栏，具体依据所用药物说明执行。,"{""disease_name"": ""猪胸膜肺炎"", ""severity"": ""中等至严重（视病程和环境条件而定）"", ""scene_tags"": [""保育猪"", ""呼吸道症状"", ""环境应激"", ""氨气刺激""], ""validation_points"": [""咳嗽、喘气、张口呼吸提示下呼吸道受累"", ""环境氨气浓度高和温差大可诱发或加重呼吸道疾病"", ""胸膜肺炎特征性病变包括肺出血坏死、胸膜粘连""], ""risk_flags"": [""潜在重大动物疫病风险"", ""需排除其他呼吸道病原体混合感染""], ""case_type"": ""呼吸道环境诱因"", ""target_disease"": ""猪胸膜肺炎"", ""local_flags"": {""species_ok"": true, ""target_disease_in_diagnosis"": true, ""target_disease_mismatch"": false, ""contains_specific_dose"": false, ""contains_specific_withdrawal"": false, ""regulated_bad_treatment"": false}}",False,False,,,True,False,True,D:\XF-ChongQin\ai-\knowledge\llm_wiki_swine_authoritative,1465,887,"猪胸膜肺炎
猪胸膜肺炎、actinobacillus pleuropneumoniae pleuropneumonia
呼吸道环境诱因
通风差、氨气重或温差大后出现咳嗽喘气，用户想区分环境应激和传染病。","{""HUMAN_REVIEWED"": 2, ""NEEDS_REVIEW"": 2}","[""A0-MOA-573"", ""RC-RESP-001"", ""SRC-0001"", ""SRC-0042"", ""SRC-0043"", ""SRC-0049"", ""SRC-0050"", ""SRC-0058"", ""SRC-0059"", ""SRC-0066"", ""SRC-0069"", ""SRC-0070"", ""SRC-0086""]",2221,30.44,ERNIE-4.5-Turbo-32K,88,28,18,23,19,False,True,"该回答整体表现良好，诊断准确性较高，考虑了环境因素与传染病的双重可能性，并提出了合理的诊断和鉴别诊断建议。病理逻辑清晰，处方安全，管理措施得当，且注意到了潜在重大疫病风险。数据质量方面，虽然场景标签和验证点较为全面，但可进一步增加具体数据支持。
问题：诊断准确性方面，虽然考虑了环境因素，但未明确提及如何区分单纯环境应激与传染病的具体方法或指标。；病理逻辑方面，对胸膜肺炎特征性病变的描述较为笼统，未详细阐述其与诊断的直接关联。；数据质量方面，场景标签和验证点虽然全面，但缺乏具体数据或案例支持，如发病率、死亡率等。；处方安全方面，虽然提到了严禁自行随意更换或加大抗生素用量，但未给出具体抗生素的选择建议或常用抗生素的参考范围。",hunyuan-turbos-20250926,85,90,80,85,75,False,False,"回答整体结构合理，诊断考虑了环境与病原双重因素，并提示了重大疫病上报要求，处方方向正确且包含安全边界，无明显危险建议。但在区分单纯环境应激与传染病的鉴别细节、病变描述与诊断的直接联系、以及抗生素选择参考等方面仍有提升空间。
问题：未提供区分单纯环境应激与传染性胸膜肺炎的具体临床或实验室指标。；对胸膜肺炎特征性病变的描述较笼统，缺少与诊断直接关联的详细说明。；未列出常用抗生素类别或经验性用药参考，仅强调禁止随意加量。；缺乏发病率、死亡率等量化数据支撑场景真实性。",True,ERNIE-4.5-Turbo-32K,True,review,回答整体结构合理，诊断考虑了环境与病原双重因素，并提示了重大疫病上报要求，处方方向正确且包含安全边界，无明显危险建议。但在区分单纯环境应激与传染病的鉴别细节、病变描述与诊断的直接联系、以及抗生素选择参考等方面仍有提升空间，如未提供区分单纯环境应激与传染性胸膜肺炎的具体临床或实验室指标，对胸膜肺炎特征性病变的描述较笼统，缺少与诊断直接关联的详细说明，未列出常用抗生素类别或经验性用药参考，仅强调禁止随意加量，缺乏发病率、死亡率等量化数据支撑场景真实性。,86.0,28,18,23,19,review,19.81,27.01,
ba0f3fb6-1fd0-54e9-80ae-2f9f399653b1,380,猪疥螨病,swine_hunyuan_turbos,hunyuan-turbos-20250926,成功,,猪,我家有200头育肥猪，平均体重80公斤左右，最近发现部分猪耳朵边缘和背部皮肤发红、结痂，还特别爱蹭墙，抓痒厉害，已经持续十来天了。之前没用过驱虫药，圈舍是水泥地面，通风一般，湿度偏高。想问这种情况是不是疥螨？要不要整群一起治？环境怎么弄？多久能复查？,根据描述，考虑为猪疥螨病可能性大。该病常表现为剧烈瘙痒、皮肤红斑、丘疹、结痂及角化过度，尤以耳缘、体侧明显。疥螨感染可导致生长缓慢、饲料利用率下降。由于皮肤刮片检查存在假阴性，应结合临床表现和群体病史综合判断。,treatment_direction: 使用经批准的杀螨剂进行全身处理，包括注射或外用制剂，确保覆盖所有易感个体。；management_measures: 对圈舍进行全面清洁和消毒，清除粪便、垫料并更换，保持干燥通风，减少潮湿环境以利于螨的生存。新引进猪只须隔离观察并进行健康检查后方可混群。；sampling_and_testing: 在可疑部位做皮肤刮片镜检寻找螨或虫卵，必要时重复取样以提高检出率。若临床高度怀疑而刮片阴性，可按疥螨病处理。；prohibited_boundaries: 严禁使用未经许可的药物或超范围用药；禁止将疑似病猪与健康猪直接混合饲养；不得随意出售或屠宰未经处理的病猪。,按所用批准药物的标签说明执行，确保猪肉产品符合食品安全要求。,"{""disease_name"": ""猪疥螨病"", ""severity"": ""中等偏重"", ""scene_tags"": [""育肥猪"", ""瘙痒"", ""皮肤病变"", ""环境高湿""], ""validation_points"": [""瘙痒、红斑、结痂等典型皮肤病变"", ""群体中有多例相似症状"", ""环境湿度高利于疥螨存活""], ""risk_flags"": [""潜在经济损失"", ""影响生长性能"", ""易复发""], ""case_type"": ""驱虫和环境管理"", ""target_disease"": ""猪疥螨病"", ""local_flags"": {""species_ok"": true, ""target_disease_in_diagnosis"": true, ""target_disease_mismatch"": false, ""contains_specific_dose"": false, ""contains_specific_withdrawal"": false, ""regulated_bad_treatment"": false}}",False,False,,,True,False,True,D:\XF-ChongQin\ai-\knowledge\llm_wiki_swine_authoritative,1465,887,"猪疥螨病
猪疥螨病、external parasites mange
驱虫和环境管理
用户询问是否需要全群处理、环境清理和复查方式。","{""HUMAN_REVIEWED"": 4}","[""SRC-0001"", ""SRC-0080"", ""SRC-0082""]",2221,34.82,ERNIE-4.5-Turbo-32K,88,28,18,23,20,False,True,"整体回答较为准确，诊断依据充分，治疗方案合理，环境管理措施得当，数据质量较高，无明显致命风险。
问题：diagnosis_accuracy: 诊断部分虽然考虑了皮肤刮片检查的假阴性，但未明确提及其他辅助诊断方法，如血清学检测或病史追溯，略显不足。；pathology_logic: 病理逻辑部分对疥螨病的病理过程描述较为简略，未深入解释瘙痒、红斑、结痂等症状与疥螨活动的直接关联。；prescription_safety: 处方安全性部分对药物选择和使用方法的描述较为笼统，未具体说明推荐药物的名称和剂量范围。；data_quality: 数据质量部分虽然场景标签和验证点较为全面，但风险标志中未提及人兽共患风险，尽管猪疥螨病通常不传染给人，但完整的风险评估应包含此方面。",hunyuan-turbos-20250926,85,90,85,85,85,True,False,"该数据场景真实，用户描述的临床症状（瘙痒、红斑、结痂）与猪疥螨病高度吻合，诊断思路合理且考虑了刮片假阴性的情况。治疗方向与环境管理建议一致，强调了全群处理和圈舍清洁，安全边界设置到位，无危险用药建议。不足之处在于病理机制解释较浅，缺乏其他辅助诊断手段提示，风险评估未涵盖人兽共患因素。
问题：病理机制描述不够详细，未解释瘙痒、红斑、结痂与疥螨活动的具体关系。；诊断部分未补充除皮肤刮片外的其他辅助诊断方法（如血清学、病史追溯）。；风险评估缺少对人兽共患风险的说明。",True,ERNIE-4.5-Turbo-32K,True,review,整体回答较为准确，诊断依据充分，治疗方案合理，环境管理措施得当。但存在一些轻微不足，如病理机制描述不够详细，未解释瘙痒、红斑、结痂与疥螨活动的具体关系；诊断部分未补充除皮肤刮片外的其他辅助诊断方法（如血清学、病史追溯）；风险评估缺少对人兽共患风险的说明。这些不足不影响整体方向，但需进一步完善以提高数据质量。,86.0,28,18,23,20,review,23.69,21.92,
a9bd2f23-060a-544c-a8fa-a8dee706321a,384,猪腺病毒感染,swine_hunyuan_turbos,hunyuan-turbos-20250926,成功,,猪,我家有200头120公斤左右的育肥猪，这几天有几头出现轻度腹泻，精神食欲还可以，体温正常，粪便带点粘液但不带血，圈舍通风一般，地面潮湿，之前用过一些益生菌拌料没明显改善。现在快到出栏时间了，想问问这种情况会不会影响卖猪，要不要用药？,根据描述，结合育肥猪轻度腹泻、精神食欲尚可、无高热及血便等特征，考虑可能为猪腺病毒感染或其他非烈性肠道病原所致。猪腺病毒感染在育肥阶段多呈亚临床或轻微表现，常因环境粪便污染引起，一般不造成重大经济损失。需排除其他常见病原如冠状病毒、细菌性肠炎后再做判断。,建议加强圈舍清洁干燥管理，及时清除粪污并消毒，降低环境病毒载量；提供清洁饮水和易消化饲料，减少应激；对腹泻明显个体可短期使用对症止泻药物支持治疗，同时采集新鲜粪便送实验室检测明确病原。严禁在临近出栏时随意使用抗生素或违禁药物，以免违反休药期规定。若怀疑为法定疫病或人兽共患病，应立即隔离并报告当地畜牧部门。,任何药物使用前须严格遵循说明书规定的休药期，临近出栏时应避免使用可能影响食品安全或延长休药期的药物。建议在检测结果出来前暂停出栏计划，确保符合检疫要求。,"{""disease_name"": ""猪腺病毒感染"", ""severity"": ""轻症/亚临床"", ""scene_tags"": [""育肥猪"", ""腹泻"", ""环境潮湿"", ""临近出栏""], ""validation_points"": [""症状与猪腺病毒感染的亚临床表现相符"", ""强调环境管理和病原检测的重要性"", ""提醒遵守休药期和检疫法规""], ""risk_flags"": [""临近出栏需谨慎用药"", ""需排除法定疫病""], ""case_type"": ""上市休药期咨询"", ""target_disease"": ""猪腺病毒感染"", ""local_flags"": {""species_ok"": true, ""target_disease_in_diagnosis"": true, ""target_disease_mismatch"": false, ""contains_specific_dose"": false, ""contains_specific_withdrawal"": false, ""regulated_bad_treatment"": false}}",False,False,,,True,False,True,D:\XF-ChongQin\ai-\knowledge\llm_wiki_swine_authoritative,1465,887,"猪腺病毒感染
猪腺病毒感染、adenoviruses
上市休药期咨询
用户接近出栏，关心治疗方向和用药后能否出栏销售。","{""HUMAN_REVIEWED"": 2, ""NEEDS_REVIEW"": 2}","[""SRC-0001"", ""SRC-0030""]",2221,25.93,ERNIE-4.5-Turbo-32K,88,28,18,24,18,False,True,"整体回答符合猪腺病毒感染的轻症/亚临床场景，诊断逻辑合理，处理方向安全，强调了环境管理和病原检测的重要性，并提醒遵守休药期和检疫法规。
问题：诊断部分对其他可能病原的排除不够详细，仅简单提及需排除冠状病毒和细菌性肠炎，缺乏具体鉴别诊断方法。；数据质量方面，虽然场景标签和验证点较为全面，但风险标志的描述略显笼统，未明确指出具体可能的人兽共患病或法定疫病。；病理逻辑部分对猪腺病毒感染的发病机制和环境因素的关联解释不够深入。",hunyuan-turbos-20250926,85,90,80,95,80,False,False,"该数据场景真实，用户描述的育肥猪轻度腹泻、精神食欲正常、无高热血便等情况与猪腺病毒感染的轻症/亚临床表现相符。诊断考虑了多种可能病原，并强调环境管理与病原检测，处理方案安全且符合临近出栏的安全边界，未给出具体药物剂量或休药期承诺，避免了违规风险。不足之处在于鉴别诊断方法不够细化，对法定疫病和人兽共患病的提示较笼统，发病机制与环境关系的解释不足。
问题：鉴别诊断部分仅简单提及冠状病毒和细菌性肠炎，缺少更具体的鉴别方法和依据。；对法定疫病、人兽共患病的风险提示不够明确，未列出可能的病种名称。；病理机制与环境致病因素之间的关联性解释不够深入。",True,ERNIE-4.5-Turbo-32K,True,review,整体回答符合猪腺病毒感染的轻症/亚临床场景，诊断逻辑合理，处理方向安全，强调了环境管理和病原检测的重要性，并提醒遵守休药期和检疫法规。不足之处在于鉴别诊断方法不够细化，对法定疫病和人兽共患病的提示较笼统，发病机制与环境关系的解释不足。,86.0,28,18,24,18,review,17.72,19.38,
8a02a641-783f-5f0f-8bf4-ee51b1902666,395,猪乙型脑炎,swine_hunyuan_turbos,hunyuan-turbos-20250926,成功,,猪,我家是200头基础母猪的种猪场，最近半个月陆续有8头怀孕90多天的母猪发生流产，有的还排出木乃伊胎，另外有两头公猪采精量明显减少、活力下降。周边前阵子蚊子特别多，气温也高。之前没用过疫苗，想问是不是传染病？还能不能继续配种？,根据描述，母猪中期流产、木乃伊胎及公猪精液质量下降，结合近期高温多蚊的环境，高度怀疑为猪乙型脑炎病毒感染所致。该病由日本脑炎病毒引起，主要通过蚊虫叮咬传播，可导致妊娠母猪流产、死胎、木乃伊胎及公猪生殖功能受损。,立即暂停受影响批次母猪的配种计划，对全场公猪进行精液质量检测并隔离观察；加强场内防蚊灭蚊措施，清理积水，安装纱窗、使用驱蚊剂；采集流产胎儿组织、胎盘及公猪血液送实验室检测乙脑病毒核酸或抗体，明确感染状态；若确诊，应配合当地畜牧兽医部门按重大动物疫病防控要求进行处置，包括封锁、消毒、监测等；未确诊前不建议盲目投喂抗病毒药物或激素类药物干预。,无特定休药期说明，因本病属病毒性传染病，重点在于控制传染源与切断传播途径，而非药物治疗。,"{""disease_name"": ""猪乙型脑炎"", ""severity"": ""中等至严重"", ""scene_tags"": [""种猪场"", ""繁殖障碍"", ""蚊媒传播"", ""公猪精液异常""], ""validation_points"": [""符合猪乙型脑炎的典型临床表现（中期流产、木乃伊胎）"", ""环境因素支持蚊媒传播可能性"", ""公猪精液质量下降与乙脑病毒感染相符""], ""risk_flags"": [""可能为人畜共患病的潜在公共卫生关注点"", ""重大动物疫病防控边界需主管部门介入""], ""case_type"": ""种猪繁殖障碍"", ""target_disease"": ""猪乙型脑炎"", ""local_flags"": {""species_ok"": true, ""target_disease_in_diagnosis"": true, ""target_disease_mismatch"": false, ""contains_specific_dose"": false, ""contains_specific_withdrawal"": false, ""regulated_bad_treatment"": false}}",False,False,,,True,False,True,D:\XF-ChongQin\ai-\knowledge\llm_wiki_swine_authoritative,1465,887,"猪乙型脑炎
猪乙型脑炎、japanese encephalitis virus
种猪繁殖障碍
种猪场出现流产、死胎、返情或公猪异常，用户担心传染病和是否继续配种。","{""HUMAN_REVIEWED"": 3, ""NEEDS_REVIEW"": 2}","[""SRC-0001"", ""SRC-0015"", ""SRC-0025"", ""SRC-0035""]",2145,27.01,ERNIE-4.5-Turbo-32K,88,28,18,23,20,False,True,"该测试数据整体质量较高，诊断准确，逻辑清晰，处理方向安全，符合猪乙型脑炎的典型症状和传播特点。
问题：pathology_logic: 对公猪精液质量下降的病理机制解释不够深入，仅简单提及与乙脑病毒感染相符，缺乏具体病理生理过程描述。；data_quality: 场景标签和验证点较为全面，但风险标志中提及的人畜共患病潜在关注点未在处理建议中充分体现，如未强调人员防护措施。；diagnosis_accuracy: 诊断准确度高，但未提及与其他类似疾病（如猪伪狂犬病、猪细小病毒病）的鉴别诊断，略显不足。",hunyuan-turbos-20250926,85,95,80,90,85,False,False,"该数据整体真实可信，场景设定合理，症状与目标疾病高度吻合，诊断依据充分且处理方案安全，未出现危险用药建议。不足之处在于公猪精液质量下降的病理机制解释较浅，缺少对其他可能疾病的鉴别提示，以及未明确涉及人畜共患病防护建议。
问题：公猪精液质量下降的病理机制解释不够深入，缺乏具体的病理生理过程描述。；未提及其他可能引起相似症状的病原性疾病（如伪狂犬病、细小病毒病）的鉴别诊断。；虽提到重大疫病防控，但未在建议中明确人畜共患病相关人员的防护措施。",True,ERNIE-4.5-Turbo-32K,True,review,诊断准确度高，与猪乙型脑炎的典型症状和传播特点相符，处理方案安全且合理。但存在一些不足，包括对公猪精液质量下降的病理机制解释不够深入，缺乏具体病理生理过程描述；未提及其他可能引起相似症状的病原性疾病的鉴别诊断；未明确涉及人畜共患病防护建议。这些不足不影响整体方向，但需补充完善以提高数据质量。,86.0,28,18,23,20,review,17.95,23.01,
a3483ade-4398-5fac-82d5-4ac28838e22d,417,猪钩端螺旋体病,swine_hunyuan_turbos,hunyuan-turbos-20250926,成功,,猪,我家是200头基础母猪的种猪场，最近半个月陆续有怀孕90天左右的母猪发生流产，有的还产下死胎，还有几头空怀返情率升高，公猪采精量下降且精液活力差。之前没用过什么特别的药物，场内卫生一般，饮水井水共用。这种情况会不会是传染病？还能继续配种吗？,结合病史、临床表现及流行病学特征，高度怀疑猪钩端螺旋体病。该病可引起妊娠母猪流产、死胎、木乃伊胎以及公猪精液质量下降，常在水源污染或鼠类活动频繁的环境中暴发。多数感染呈亚临床，但在妊娠母猪和幼龄猪中易表现明显症状。,treatment_direction: 立即隔离发病母猪，停止配种计划；对全场猪群进行血清学筛查，采集流产胎儿、胎盘、血液及公猪精液送实验室确诊；加强饮水消毒，防止鼠类进入圈舍；工作人员佩戴防护手套，注意洗手，减少直接接触体液。；management_measures: 暂停新引进种猪，限制人员流动；清理圈舍积水，改善排水系统；对疑似病例进行标记并单独管理；做好全群健康监测记录。；sampling_and_testing: 采集流产胎儿组织、胎盘、母猪血液及公猪精液样本，送具备资质的实验室进行钩端螺旋体PCR或显微凝集试验检测。；prohibited_actions: 在未确诊前不得盲目使用抗生素或激素类药物；严禁将病死猪及其产品流入市场；禁止随意处理流产胎儿以防污染环境。,因未明确病原体及用药方案，无法给出确切休药期；在检测结果出来前，所有出场猪肉及精液均不得销售或外调。,"{""disease_name"": ""猪钩端螺旋体病"", ""severity"": ""中等至严重（可导致繁殖力显著下降，经济损失大）"", ""scene_tags"": [""种猪场"", ""繁殖障碍"", ""流产"", ""死胎"", ""公猪精液异常""], ""validation_points"": [""妊娠母猪流产、死胎符合钩端螺旋体病典型表现"", ""公猪精液质量下降提示全身性感染可能"", ""共用井水及卫生条件差是该病重要风险因素""], ""risk_flags"": [""人兽共患风险（职业暴露）"", ""重大动物疫病防控边界""], ""case_type"": ""种猪繁殖障碍"", ""target_disease"": ""猪钩端螺旋体病"", ""local_flags"": {""species_ok"": true, ""target_disease_in_diagnosis"": true, ""target_disease_mismatch"": false, ""contains_specific_dose"": false, ""contains_specific_withdrawal"": false, ""regulated_bad_treatment"": false}}",False,False,,,True,False,True,D:\XF-ChongQin\ai-\knowledge\llm_wiki_swine_authoritative,1465,887,"猪钩端螺旋体病
猪钩端螺旋体病、leptospirosis
种猪繁殖障碍
种猪场出现流产、死胎、返情或公猪异常，用户担心传染病和是否继续配种。","{""HUMAN_REVIEWED"": 2, ""NEEDS_REVIEW"": 2}","[""SRC-0001"", ""SRC-0067""]",2220,33.04,ERNIE-4.5-Turbo-32K,88,28,18,23,20,False,True,"整体回答质量较高，诊断准确性、病理逻辑、处方安全性和数据质量均表现良好，无明显致命风险，符合通过标准。
问题：诊断准确性方面，虽然高度怀疑猪钩端螺旋体病，但未完全排除其他可能引起类似症状的疾病，如猪繁殖与呼吸综合征（PRRS）或猪伪狂犬病，诊断依据可进一步丰富。；病理逻辑方面，对公猪精液质量下降与全身性感染的关联解释不够深入，可补充更多病理机制说明。；处方安全性方面，未明确提及具体消毒剂种类及使用浓度，可能影响操作安全性。；数据质量方面，未提供具体实验室检测方法或参考标准，数据完整性略有不足。",hunyuan-turbos-20250926,85,8.5,8.0,9.0,8.0,False,False,"该回答整体结构完整，诊断思路清晰，能够结合流行病学背景与临床症状合理推测为猪钩端螺旋体病，并在防控建议中强调了隔离、检测、环境管理和生物安全措施，避免了盲目用药等危险行为。但诊断部分未充分排除其他可能导致相似症状的疫病（如PRRS、伪狂犬），对公猪精液质量下降的病理机制阐述不足，且缺乏具体的消毒措施细节，数据完整性和深度有待提升。
问题：诊断未全面考虑其他可能病因，存在漏诊风险；公猪精液质量下降与全身感染的病理联系解释不足；缺少具体消毒剂种类和使用方法，影响执行安全性；实验室检测方法和判定标准描述不够详细",True,ERNIE-4.5-Turbo-32K,True,review,整体回答质量较高，诊断思路清晰，能够结合流行病学背景与临床症状合理推测为猪钩端螺旋体病，防控建议中强调了隔离、检测、环境管理和生物安全措施，避免了盲目用药等危险行为。但诊断部分未充分排除其他可能导致相似症状的疫病，对公猪精液质量下降的病理机制阐述不足，且缺乏具体的消毒措施细节，数据完整性和深度有待提升。,86.0,28,18,23,20,review,23.3,21.77,
5c87a21b-790d-54fc-9f3c-0201c73c74d6,421,猪结核病,swine_hunyuan_turbos,hunyuan-turbos-20250926,成功,,猪,我家是300头左右保育猪，现在60日龄左右，最近一周发现部分猪精神沉郁、采食量下降，有的伴有轻微咳嗽，个别猪体温略高，粪便正常。圈舍通风一般，湿度偏高。之前用过替米考星拌料三天，效果不明显。想问问这是啥病，该怎么处理？,结合症状、年龄及环境特点，考虑可能为慢性细菌性感染，其中猪结核病在保育后期偶有发生，表现为渐进性消瘦、采食下降、偶发呼吸道症状，且多为亚临床感染，常在屠宰时发现。需通过病理剖检、组织学染色及病原培养确认。,立即隔离可疑猪只并减少混群；改善圈舍通风与温湿度控制，适当提高环境温度以缓解代谢负担；采集病死猪或淘汰猪的颈部及肠系膜淋巴结送有资质的实验室进行结核分枝杆菌检测；在未确诊前不得使用抗生素作为替代防控手段；若确诊为猪结核病，应依据当地动物防疫法规执行扑杀和无害化处理，并对圈舍彻底消毒，防止人员接触污染材料。,如经检测排除结核病，可依据所用药物说明调整饲养管理；如确诊则按法规要求扑杀，无休药期概念。,"{""disease_name"": ""猪结核病"", ""severity"": ""中等至严重（慢性传播）"", ""scene_tags"": [""保育猪"", ""群体发病"", ""采食下降"", ""呼吸道症状"", ""环境潮湿""], ""validation_points"": [""症状符合慢性消耗性疾病特征"", ""年龄与猪结核病潜在暴发阶段相符"", ""环境湿度高可能促进潜伏感染显现""], ""risk_flags"": [""人兽共患风险（MTBC属）"", ""需专业实验室确诊"", ""确诊后须依法扑杀与无害化处理""], ""case_type"": ""保育猪群体发病"", ""target_disease"": ""猪结核病"", ""local_flags"": {""species_ok"": true, ""target_disease_in_diagnosis"": true, ""target_disease_mismatch"": false, ""contains_specific_dose"": false, ""contains_specific_withdrawal"": false, ""regulated_bad_treatment"": false}}",False,False,,,True,False,True,D:\XF-ChongQin\ai-\knowledge\llm_wiki_swine_authoritative,1465,887,"猪结核病
猪结核病、tuberculosis
保育猪群体发病
群体发病、采食下降、粪便或呼吸道异常，用户想知道主要病因和下一步处理。","{""HUMAN_REVIEWED"": 3, ""NEEDS_REVIEW"": 2}","[""SRC-0001"", ""SRC-0006"", ""SRC-0044"", ""SRC-0078""]",2010,24.5,ERNIE-4.5-Turbo-32K,88,28,18,24,18,False,True,"整体回答较好地结合了症状、年龄和环境特点，诊断方向合理，处理建议安全且符合法规要求，数据质量较高，无明显致命风险。
问题：诊断准确性方面，虽然考虑了猪结核病，但未完全排除其他慢性细菌性感染的可能性，诊断依据稍显不足。；病理逻辑方面，对猪结核病的典型症状描述不够详细，如渐进性消瘦的具体表现等。；数据质量方面，虽然提供了症状、年龄和环境等信息，但缺乏具体的实验室检测数据支持诊断。",hunyuan-turbos-20250926,85,80,82,90,78,False,False,"该回答针对用户提供的保育猪症状与环境信息，提出了可能的慢性细菌感染（包括猪结核病）的诊断方向，并结合了年龄、病程特征进行分析，处理建议符合生物安全和防疫法规，未给出危险用药方案，安全性较好。不足之处在于诊断依据偏少，未充分排除其他常见慢性呼吸道疾病，对猪结核病典型症状的细节描述不足，缺少实验室检测结果支撑，导致诊断说服力有限。
问题：诊断仅提出可能性，未明确排除其他慢性细菌性疾病（如支原体肺炎、副猪嗜血杆菌病等）。；对猪结核病典型症状（如渐进性消瘦、体表淋巴结肿大等）描述不够细致。；缺乏实验室检测数据支持，诊断链条不够完整。",True,ERNIE-4.5-Turbo-32K,True,review,整体回答结合了症状、年龄和环境特点，诊断方向合理，处理建议安全且符合法规要求。但诊断依据稍显不足，未完全排除其他慢性细菌性感染的可能性，对猪结核病的典型症状描述不够详细，且缺乏具体的实验室检测数据支持诊断，导致诊断说服力有限。,86.0,28,18,24,18,review,16.32,17.78,
bd69082c-4527-578e-8f64-d45b5617aec0,424,猪弓形虫病,swine_hunyuan_turbos,hunyuan-turbos-20250926,成功,,猪,我家有120头育肥猪，平均体重在60公斤左右，最近几天有几头出现发烧、呼吸急促、精神不振的情况，体温测到40度以上，食欲下降，粪便正常。圈舍通风一般，地面是水泥地但有少量积水，周围偶尔能看到野猫活动。之前没用过驱虫药，想问这种情况是不是弓形虫引起的？要不要全群处理？环境怎么清理？需要采哪些样去化验确认？,根据描述，高热、呼吸加快、精神沉郁等症状符合猪弓形虫病的急性暴发型临床表现，且存在野猫接触史及潮湿环境，提示可能通过被卵囊污染的饲料或水源感染。该病在猪多为亚临床，但在应激或免疫力低下时可出现急性病例。,treatment_direction: 不建议直接使用未经验证的驱虫药物，应优先进行病原确诊后再制定针对性措施。；management_measures: 立即隔离发病猪只，改善圈舍通风，清除积水和污物，防止野猫进入饲养区，对饲料和水源加强防护，减少交叉污染风险。；sampling_and_testing: 采集发病猪的血液、肺脏或淋巴结组织送实验室做血清学或PCR检测，同时可采集环境样本（如垫料、水）检测卵囊。；prohibited_boundaries: 在未确诊前不得随意使用人用或兽用抗寄生虫药物作为替代治疗，以免掩盖病情或造成食品安全隐患。,因未确定具体用药方案，暂无法给出确切休药期建议，须依据最终确诊结果及所用药物说明书执行。,"{""disease_name"": ""猪弓形虫病"", ""severity"": ""中等至严重（视感染强度与猪群健康状况而定）"", ""scene_tags"": [""育肥猪"", ""高热"", ""呼吸异常"", ""野猫接触"", ""潮湿环境""], ""validation_points"": [""症状与急性弓形虫病相符"", ""存在可能的卵囊污染途径（野猫、积水）"", ""需实验室确诊后方可实施针对性治疗""], ""risk_flags"": [""人兽共患风险"", ""潜在食品安全风险"", ""需防止疫情扩散""], ""case_type"": ""驱虫和环境管理"", ""target_disease"": ""猪弓形虫病"", ""local_flags"": {""species_ok"": true, ""target_disease_in_diagnosis"": true, ""target_disease_mismatch"": false, ""contains_specific_dose"": false, ""contains_specific_withdrawal"": false, ""regulated_bad_treatment"": false}}",False,False,,,True,False,True,D:\XF-ChongQin\ai-\knowledge\llm_wiki_swine_authoritative,1465,887,"猪弓形虫病
猪弓形虫病、toxoplasmosis protozoa
驱虫和环境管理
用户询问是否需要全群处理、环境清理和复查方式。","{""HUMAN_REVIEWED"": 3, ""NEEDS_REVIEW"": 2}","[""SRC-0001"", ""SRC-0026"", ""SRC-0081"", ""SRC-0082""]",2042,26.97,ERNIE-4.5-Turbo-32K,88,28,18,23,20,False,True,"该回答整体上对猪弓形虫病的诊断、处理方向及环境管理措施较为准确，符合疾病特征和安全要求，但在诊断逻辑和部分细节上仍有提升空间。
问题：诊断逻辑中，虽然提到症状符合急性暴发型临床表现，但未充分说明其他可能疾病（如猪瘟、蓝耳病等）的鉴别诊断，诊断依据略显单一。；数据质量方面，对症状描述和场景标签的利用不够充分，未完全覆盖所有关键信息（如粪便正常、野猫活动等）对诊断的支持作用。；处方安全中，虽然强调了确诊前不得随意用药，但未提供初步的应急处理建议（如降温、补液等），可能影响猪只福利。",hunyuan-turbos-20250926,85,90,80,95,80,False,False,"整体数据与诊断基本合理，症状与环境线索支持弓形虫感染的可能性，并明确强调确诊前不得盲目用药，避免了安全风险。但诊断部分缺乏对其他类似疾病的鉴别分析，信息利用不足，且缺少针对急性症状的临时护理建议。
问题：诊断逻辑未充分纳入猪瘟、蓝耳病等相似症状疾病的鉴别诊断；未充分利用用户提供的全部关键细节（如粪便正常、野猫活动）来强化推理链条；缺少对急性高热、呼吸急促等紧急症状的临时对症处理建议",True,ERNIE-4.5-Turbo-32K,True,review,该回答对猪弓形虫病的诊断、处理方向及环境管理措施整体合理，符合疾病特征和安全要求，但存在诊断逻辑单一、未充分鉴别其他类似疾病（如猪瘟、蓝耳病等）、未充分利用用户提供的全部关键细节（如粪便正常、野猫活动）来强化推理链条，以及缺少针对急性症状的临时护理建议等轻微不足，因此判为review。,86.0,28,18,23,20,review,18.32,18.25,
7df25f06-7e60-5316-932d-a7c3c8cdab27,427,猪鞭虫病,swine_hunyuan_turbos,hunyuan-turbos-20250926,成功,,猪,我家有200头60日龄左右的保育猪，最近一周陆续发现有十来头拉稀，粪便偏稀带点黏液，个别猪精神差、毛色发暗，采食量下降，还有几头皮肤有点粗糙起皮屑。之前用过一次伊维菌素驱虫，但间隔已经快两个月了，圈舍地面潮湿，饲料是颗粒料，没有更换过配方。想问问是不是鞭虫或者别的寄生虫引起的？,根据描述，考虑为猪鞭虫病可能性较大。猪鞭虫（Trichuris suis）主要寄生于盲肠和结肠，重度感染可引起慢性结肠炎、腹泻、消瘦及皮毛粗糙。结合近期驱虫间隔较长、圈舍潮湿等条件，有利于虫卵在环境中存活并传播。此外，也需排除其他肠道寄生虫如蛔虫、球虫等混合感染的可能。,treatment_direction: 选用广谱抗线虫药物进行全群驱虫，重点针对鞭虫和其他常见肠道线虫；对严重消瘦个体可配合补液和电解质补充。；management_measures: 改善圈舍卫生，及时清理粪污，保持干燥通风；饮水器定期清洗消毒；驱虫后观察粪便中有无虫体排出。；sampling_submission: 采集典型病例新鲜粪便送实验室做虫卵镜检，必要时剖检取盲肠、结肠黏膜检查成虫，以确诊虫种。；prohibited_boundaries: 严禁将疑似严重感染猪与健康猪混养；禁止未经检疫的猪只外调；若检出高感染率且伴随异常死亡，应按规定向当地畜牧兽医部门报告。,按所用驱虫药物说明书执行，确保停药期后再屠宰或出售。,"{""disease_name"": ""猪鞭虫病"", ""severity"": ""中等"", ""scene_tags"": [""保育猪"", ""腹泻"", ""消瘦"", ""皮肤粗糙"", ""潮湿环境""], ""validation_points"": [""粪便稀带黏液符合鞭虫致结肠炎表现"", ""驱虫间隔长增加感染机会"", ""圈舍潮湿利于虫卵存活""], ""risk_flags"": [""群体感染风险"", ""潜在经济损失""], ""case_type"": ""寄生虫群体发病"", ""target_disease"": ""猪鞭虫病"", ""local_flags"": {""species_ok"": true, ""target_disease_in_diagnosis"": true, ""target_disease_mismatch"": false, ""contains_specific_dose"": false, ""contains_specific_withdrawal"": false, ""regulated_bad_treatment"": false}}",False,False,,,True,False,True,D:\XF-ChongQin\ai-\knowledge\llm_wiki_swine_authoritative,1465,887,"猪鞭虫病
猪鞭虫病、trichuris suis internal parasites
寄生虫群体发病
猪群出现腹泻、消瘦、皮肤瘙痒或生长慢，用户怀疑寄生虫。","{""HUMAN_REVIEWED"": 2, ""NEEDS_REVIEW"": 2}","[""SRC-0001"", ""SRC-0082""]",2221,32.74,ERNIE-4.5-Turbo-32K,88,28,18,23,20,False,True,"该回答整体表现良好，诊断方向准确，考虑了猪鞭虫病的典型症状和流行病学条件，同时提出了排除其他寄生虫混合感染的可能性。治疗方案安全合理，管理措施全面，采样建议有助于确诊。数据质量较高，风险评估合理。
问题：诊断准确性方面，虽然考虑了鞭虫病，但对其他可能寄生虫的排除依据不够充分，仅提出可能性，缺乏具体鉴别点。；病理逻辑方面，对鞭虫病导致症状的机制解释不够深入，如慢性结肠炎的具体病理过程。；处方安全方面，未明确具体驱虫药物名称，仅提到“广谱抗线虫药物”，可能影响实际操作的精准性。；数据质量方面，场景标签和验证点较为全面，但风险标志中未提及人兽共患风险（尽管猪鞭虫病通常不传染人，但作为评估点可更完善）。",hunyuan-turbos-20250926,85,90,80,85,88,False,False,"该数据场景真实，用户描述了保育猪群体中出现腹泻、精神差、毛色暗淡等症状，并结合驱虫史和圈舍环境，询问是否为鞭虫或其他寄生虫引起。诊断部分正确识别了猪鞭虫病的可能性，并提示需排除其他肠道寄生虫，符合临床思路。治疗与管理措施合理，包含全群驱虫、改善环境卫生、采样送检及必要的生物安全措施，无明显危险建议。不足之处在于鉴别诊断细节不足、病理机制阐述较浅、未明确驱虫药物种类，以及未特别说明人兽共患风险（虽鞭虫一般不传人，但可作为完整性补充）。总体属于合格数据。
问题：鉴别诊断部分缺少具体区分鞭虫与其他寄生虫的临床要点；病理机制解释不够深入，未详细说明鞭虫如何引发慢性结肠炎及全身症状；处方中未指明具体驱虫药物类别，影响操作指导性；未明确提及人兽共患风险信息",True,ERNIE-4.5-Turbo-32K,True,review,诊断方向准确，考虑了猪鞭虫病的典型症状和流行病学条件，同时提出了排除其他寄生虫混合感染的可能性，治疗与管理措施合理。不足之处在于鉴别诊断细节不足、病理机制阐述较浅、未明确驱虫药物种类，以及未特别说明人兽共患风险（虽鞭虫一般不传人，但可作为完整性补充）。,86.0,28,18,23,20,review,22.68,20.87,
bbc8ed1d-5d48-514e-97ff-405af66b9e60,446,猪大肠杆菌病,swine_hunyuan_turbos,hunyuan-turbos-20250926,成功,,猪,我家有200头60日龄左右的保育猪，这几天陆续出现拉稀，粪便黄绿色带黏液，部分猪精神差、采食下降，已经用了恩诺沙星拌料三天，效果不明显，还有新发病的。想问下是不是还要继续喂药？要不要送样检查？,根据描述，考虑为猪大肠杆菌病（Colibacillosis），可能由产肠毒素型大肠杆菌（ETEC）引起，表现为急性水样或黏液样腹泻，伴精神沉郁和食欲下降。若伴随高热、呼吸急促、皮肤发绀等全身症状，需警惕菌血症或继发感染。,treatment_direction: 立即停喂原方案，改用针对革兰阴性菌且对当前耐药谱敏感的药物（如氟苯尼考类、氨基糖苷类等，需依据药敏结果调整）；同时补充电解质补液防止脱水。；management_measures: 加强圈舍保温通风，减少应激；及时清理粪污，保持饮水清洁；分栏饲养，隔离病猪以减少交叉感染。；sampling_and_testing: 采集新鲜粪便及病死猪小肠内容物送实验室进行细菌分离鉴定、药敏试验，必要时做PCR检测毒力基因分型，以明确病原并指导精准用药。；prohibited_boundaries: 禁止在缺乏药敏依据的情况下盲目更换广谱抗生素；禁止将病猪与健康猪混养；禁止使用未经批准的兽药或超范围用药。,具体停药期需依据所用药物说明书及国家相关规定执行，不得随意缩短。,"{""disease_name"": ""猪大肠杆菌病"", ""severity"": ""中等至严重（视病程和继发情况而定）"", ""scene_tags"": [""保育猪"", ""腹泻"", ""抗生素治疗无效"", ""需送检""], ""validation_points"": [""症状符合ETEC引起的急性腹泻特征"", ""已使用单一抗生素效果不佳提示耐药或病原复杂"", ""建议结合实验室检测明确病因""], ""risk_flags"": [""潜在耐药菌流行风险"", ""若延误诊治可能导致死亡增加""], ""case_type"": ""腹泻用药咨询"", ""target_disease"": ""猪大肠杆菌病"", ""local_flags"": {""species_ok"": true, ""target_disease_in_diagnosis"": true, ""target_disease_mismatch"": false, ""contains_specific_dose"": false, ""contains_specific_withdrawal"": false, ""regulated_bad_treatment"": false}}",False,False,,,True,False,True,D:\XF-ChongQin\ai-\knowledge\llm_wiki_swine_authoritative,1465,887,"猪大肠杆菌病
猪大肠杆菌病、colibacillosis、大肠杆菌、大肠杆菌性腹泻、E. coli
腹泻用药咨询
猪群腹泻后已用过常见抗菌药效果一般，用户询问是否继续用药以及是否需要送检。","{""HUMAN_REVI"": 1, ""HUMAN_REVIEWED"": 2, ""NEEDS_REVIEW"": 2}","[""SRC-0001"", ""SRC-0063"", ""SRC-0064""]",2221,29.68,ERNIE-4.5-Turbo-32K,88,28,18,24,18,False,True,"该回答在诊断准确性、病理逻辑、处方安全性和数据质量方面表现良好，整体符合测试数据有效性要求。诊断考虑了猪大肠杆菌病的典型症状，并提出了合理的鉴别诊断建议。处方方向安全，强调了药敏试验的重要性，并给出了具体的管理措施。数据质量方面，虽然场景标签和验证点较为全面，但风险标志的提及略显不足。
问题：病理逻辑中，对于全身症状的描述（如高热、呼吸急促、皮肤发绀）与猪大肠杆菌病的典型表现关联性不够强，可能引起混淆。；数据质量方面，风险标志的提及不够全面，未充分强调人兽共患风险（尽管猪大肠杆菌病通常不直接传染给人，但应提及一般生物安全措施）。；在处方安全性中，虽然提到了禁止盲目更换广谱抗生素，但未具体说明可能的风险（如耐药性加剧、药物残留等）。",hunyuan-turbos-20250926,85,90,80,85,85,False,False,"该数据整体真实可信，用户描述的保育猪群腹泻、黄绿色带黏液粪便、精神差等症状与猪大肠杆菌病高度吻合。诊断思路合理，并提示了可能的菌血症或继发感染风险。处方方向正确，强调停用无效药物、依据药敏选药、补液支持及环境管理，并列出明确的采样送检流程。不足之处在于：1) 全身严重症状（高热、呼吸急促、皮肤发绀）与典型大肠杆菌病关联较弱，易误导；2) 未明确提及耐药性风险及药物残留危害；3) 虽提到禁止混养和违规用药，但对人兽共患病和生物安全的提醒不足。
问题：病理逻辑中对全身症状的描述与猪大肠杆菌病典型特征不完全一致，可能造成误诊倾向。；处方安全性部分未详细解释盲目使用广谱抗生素的具体风险（如耐药性和残留）。；数据质量中缺少对人兽共患病风险的提示，以及更全面的生物安全措施。",True,ERNIE-4.5-Turbo-32K,partially,review,该回答在诊断准确性、病理逻辑、处方安全性和数据质量方面整体表现良好，诊断与猪大肠杆菌病高度吻合，处方方向安全且合理，强调了药敏试验的重要性并给出了具体的管理措施。但存在一些不足，包括病理逻辑中对全身症状的描述与猪大肠杆菌病典型特征不完全一致，可能造成误诊倾向；处方安全性部分未详细解释盲目使用广谱抗生素的具体风险（如耐药性和残留）；数据质量中缺少对人兽共患病风险的提示，以及更全面的生物安全措施。,86.0,28,18,24,18,review,19.22,22.62,
39a8e1e1-3237-546e-9ef7-7a1669302b8a,452,猪痢疾,swine_hunyuan_turbos,hunyuan-turbos-20250926,成功,,猪,我家有200头80公斤左右的育肥猪，最近一周陆续有猪拉带血稀便，粪带黏液，有的还夹着气泡，精神稍差，采食量下降。之前按大肠杆菌用了恩诺沙星拌料三天，部分好转，但仍有新发病例。圈舍通风一般，湿度偏高，想问还能不能再继续用原来的药？,根据症状描述（血性稀便、黏液、气泡）、病程及用药反应，高度怀疑为猪痢疾，可能由强β溶血性Brachyspira属细菌（如B. hyodysenteriae、B. hampsonii或B. suanatina）引起。需结合剖检病变（结肠黏膜充血、出血、坏死）及实验室检测（粪便或肠黏膜强β溶血Brachyspira分离鉴定）确诊。,treatment_direction: 在确诊前不建议继续使用原有抗生素方案，应调整用药方向至针对强β溶血Brachyspira的药物类别（如特定四环素类、林可霉素类等），并配合改善饲养管理降低应激。；management_measures: 加强圈舍通风除湿，减少密度，保持饮水清洁，分栏饲养以减少交叉感染；及时清理粪便，防止污染饲料和水源。；sampling_and_testing: 采集典型病例的新鲜粪便或结肠内容物送实验室进行强β溶血Brachyspira培养与鉴定，必要时做PCR分型。；prohibited_boundaries: 在未排除重大疫病（如非洲猪瘟）前，禁止随意使用广谱抗生素掩盖病情；严禁将病死猪流入市场或饲喂其他动物。,具体停药期需依据所用药物说明书及检测结果确定，当前阶段应先停止不确定疗效的用药，待明确病原后再制定安全停药计划。,"{""disease_name"": ""猪痢疾"", ""severity"": ""中等偏重"", ""scene_tags"": [""育肥猪"", ""细菌性腹泻"", ""高湿环境"", ""抗生素治疗无效""], ""validation_points"": [""症状符合猪痢疾典型表现（血便、黏液、气泡）"", ""常规抗生素治疗效果不佳提示非单一敏感菌感染"", ""需要实验室检测强β溶血Brachyspira才能确诊""], ""risk_flags"": [""存在持续传播风险，需尽快隔离病猪并送检"", ""若误诊延误可能导致全群暴发"", ""环境高湿易促进病原体繁殖""], ""case_type"": ""育肥猪用药咨询"", ""target_disease"": ""猪痢疾"", ""local_flags"": {""species_ok"": true, ""target_disease_in_diagnosis"": true, ""target_disease_mismatch"": false, ""contains_specific_dose"": false, ""contains_specific_withdrawal"": false, ""regulated_bad_treatment"": false}}",False,False,,,True,False,True,D:\XF-ChongQin\ai-\knowledge\llm_wiki_swine_authoritative,1465,887,"猪痢疾
猪痢疾、swine dysentery brachyspira hyodysenteriae、swine dysentery、Brachyspira
育肥猪用药咨询
育肥猪出现典型症状，用户已经用过常见药物但效果一般，询问是否继续用药。","{""HUMAN_REVIEWED"": 2}","[""SRC-0001"", ""SRC-0077""]",2221,28.61,ERNIE-4.5-Turbo-32K,88,28,18,23,20,False,True,"该回答整体符合猪痢疾的诊断与处理逻辑，诊断准确性较高，症状与疾病匹配合理，用药方向安全，数据质量较好，无明显致命风险。
问题：diagnosis_accuracy: 诊断中未明确提及猪痢疾的典型剖检病变（结肠黏膜充血、出血、坏死），仅作为后续确诊建议，略显不足。；pathology_logic: 病理逻辑部分对强β溶血Brachyspira的致病性解释稍显简略，未充分说明其与症状的直接关联。；data_quality: 数据质量中，场景标签和验证点较为全面，但风险标志中未明确提及人兽共患风险（虽猪痢疾非人兽共患病，但应明确排除）。",hunyuan-turbos-20250926,85,8,8,9,8,True,False,"回答整体结构完整，诊断思路清晰，症状与猪痢疾高度吻合，用药与管理措施方向正确且考虑了安全边界，无危险建议。不足之处在于剖检特征未在诊断环节直接体现，病理机制解释较简略，且未明确排除人兽共患病风险。
问题：诊断部分未直接列出猪痢疾典型的剖检病变特征，仅在确诊建议中提及，影响诊断完整性。；病理机制解释不够详细，未充分阐明强β溶血Brachyspira与临床症状之间的因果关系。；未明确声明猪痢疾非人兽共患病，以排除潜在公共卫生疑虑。",True,ERNIE-4.5-Turbo-32K,partially,review,回答整体结构完整，诊断思路清晰，症状与猪痢疾高度吻合，用药与管理措施方向正确且考虑了安全边界，无危险建议。但诊断部分未直接列出猪痢疾典型的剖检病变特征，仅在确诊建议中提及，影响诊断完整性；病理机制解释不够详细，未充分阐明强β溶血Brachyspira与临床症状之间的因果关系；且未明确声明猪痢疾非人兽共患病，以排除潜在公共卫生疑虑。,86.0,28,18,23,20,review,18.3,26.52,
81e2e098-cd67-56c3-937b-63b2d5cd0d56,454,猪球虫病,swine_hunyuan_turbos,hunyuan-turbos-20250926,成功,,猪,我家有200头保育猪，现在35日龄左右，最近一周陆续出现拉稀，粪便黄绿色带黏液，有的还带血丝，之前按大肠杆菌用了恩诺沙星和硫酸新霉素拌料三天，效果不明显，还有零星死亡。圈舍地面潮湿，温度在20℃左右。想问下是不是该换别的药？要不要送样检查？,根据日龄、腹泻特征及抗菌治疗效果不佳，考虑仔猪球虫病可能，但需与大肠杆菌性腹泻、轮状病毒、传染性胃肠炎、产气荚膜梭菌C型及Strongyloides ransomi等鉴别。建议结合剖检观察小肠黏膜出血、坏死等病变，并采集粪便进行球虫卵囊镜检，同时送检病原PCR排查其他常见腹泻病原。,管理上立即改善圈舍干燥通风，减少湿度，防止冷应激；饲料中添加抗球虫药物防控，配合电解质补液防脱水；将病死猪送检做病理和病原检测，明确是否为球虫或其他病原混合感染；禁止在未确诊前随意更换广谱抗生素，以免掩盖病情延误诊断。,若使用抗球虫药物，应遵守产品说明的停药期规定，并在出栏前确保符合当地兽药残留标准。,"{""disease_name"": ""猪球虫病"", ""severity"": ""中等至严重（视继发感染和死亡率而定）"", ""scene_tags"": [""保育猪"", ""腹泻"", ""抗菌药无效"", ""潮湿环境""], ""validation_points"": [""日龄符合球虫易感期"", ""腹泻性状提示小肠损伤"", ""抗菌治疗无效支持非细菌性病原"", ""需结合剖检和病原检测确诊""], ""risk_flags"": [""需排除病毒性腹泻和人畜共患病"", ""需规范送检流程""], ""case_type"": ""腹泻用药咨询"", ""target_disease"": ""猪球虫病"", ""local_flags"": {""species_ok"": true, ""target_disease_in_diagnosis"": true, ""target_disease_mismatch"": false, ""contains_specific_dose"": false, ""contains_specific_withdrawal"": false, ""regulated_bad_treatment"": false}}",False,False,,,True,False,True,D:\XF-ChongQin\ai-\knowledge\llm_wiki_swine_authoritative,1465,887,"猪球虫病
猪球虫病、coccidia and other protozoa、球虫、球虫感染、coccidiosis、coccidia
腹泻用药咨询
猪群腹泻后已用过常见抗菌药效果一般，用户询问是否继续用药以及是否需要送检。","{""HUMAN_REVIEWED"": 2, ""NEEDS_REVIEW"": 2}","[""SRC-0001"", ""SRC-0081""]",2220,31.03,ERNIE-4.5-Turbo-32K,88,28,18,23,20,False,True,"整体回答质量较高，诊断思路清晰，鉴别诊断全面，管理建议和用药方向合理，符合猪球虫病的诊断逻辑和安全用药原则。
问题：诊断准确性方面，虽然鉴别诊断全面，但未明确提及球虫病的典型病理特征（如小肠绒毛萎缩、肠壁变薄等），略显不足。；病理逻辑方面，未详细说明如何通过剖检和病原检测区分球虫病与其他腹泻病原，逻辑稍显笼统。；数据质量方面，未提供具体的抗球虫药物名称和剂量，缺乏可操作性。；未明确提及人兽共患病风险（如球虫病是否为人兽共患病，虽实际风险低，但应提及以显全面性）。",hunyuan-turbos-20250926,85,90,80,90,75,False,False,"回答对猪球虫病的诊断思路较完整，考虑了多种鉴别诊断，并提出了合理的实验室检测和剖检建议，管理建议和用药方向基本正确且安全，未给出具体药物剂量，避免了违规风险。不足之处在于缺少对球虫病典型病理特征的明确描述，以及未强调人兽共患病风险的说明，部分操作细节不够具体。
问题：未明确列出球虫病的典型病理变化（如小肠绒毛萎缩、肠壁变薄）；未说明如何基于剖检和病原检测结果区分球虫病与其他腹泻病因的具体方法；未提及人兽共患病风险，尽管球虫病对人风险较低，也应说明以防遗漏；抗球虫药物名称与用法缺失，导致可操作性不足",True,ERNIE-4.5-Turbo-32K,True,review,回答对猪球虫病的诊断思路较完整，考虑了多种鉴别诊断，并提出了合理的实验室检测和剖检建议，管理建议和用药方向基本正确且安全。不足之处在于缺少对球虫病典型病理特征的明确描述，未详细说明如何通过剖检和病原检测区分球虫病与其他腹泻病因，未提及人兽共患病风险，且未提供抗球虫药物名称与用法，导致可操作性不足，但整体方向安全且疾病匹配，故判为review。,86.0,28,18,23,20,review,22.99,23.23,
61577258-6262-5198-9f0e-365a4949e16f,467,猪丝状病毒相关感染,swine_hunyuan_turbos,hunyuan-turbos-20250926,成功,,猪,我家有200多头育肥猪，平均体重在80公斤左右，最近一周陆续出现精神沉郁、食欲下降、体温升高到40℃以上，个别猪呼吸急促，粪便稀软带血，还有几头突然死亡。圈舍通风一般，湿度偏高，之前用过阿莫西林拌料三天效果不明显。我想知道这种情况是不是传染病？该采哪些样送检测？怎么防止误诊耽误病情？,高度怀疑为病毒性传染病，结合高热、急性死亡及出血性腹泻表现，需考虑猪丝状病毒相关感染的可能性，同时应排除其他烈性病毒性疾病如非洲猪瘟等。目前缺乏特异性病理特征资料，必须通过实验室检测确诊。,立即对发病猪与健康猪进行物理隔离，停止人员、车辆、工具交叉使用；采集病死猪的脾脏、淋巴结、血液及粪便样本，按生物安全要求送至具备资质的实验室进行PCR检测；严禁私自使用抗生素或抗病毒药物掩盖症状；加强圈舍消毒，保持干燥通风；记录所有病例信息并上报当地畜牧兽医部门，等待检测结果决定后续处置方案。,因尚未确诊且涉及潜在重大疫病，暂停任何出栏销售计划，直至检测结果明确并由主管部门指导解除封锁。,"{""disease_name"": ""猪丝状病毒相关感染"", ""severity"": ""高"", ""scene_tags"": [""育肥猪"", ""高热"", ""急性死亡"", ""出血性腹泻"", ""疑似烈性病毒病""], ""validation_points"": [""符合发热、急性死亡、出血性腹泻等高危临床表现"", ""抗生素治疗无效提示非细菌性为主病因"", ""需要实验室检测才能确诊""], ""risk_flags"": [""重大动物疫病风险"", ""需立即隔离与采样送检"", ""禁止擅自用药延误防控""], ""case_type"": ""采样送检咨询"", ""target_disease"": ""猪丝状病毒相关感染"", ""local_flags"": {""species_ok"": true, ""target_disease_in_diagnosis"": true, ""target_disease_mismatch"": false, ""contains_specific_dose"": false, ""contains_specific_withdrawal"": false, ""regulated_bad_treatment"": false}}",False,False,,,True,False,True,D:\XF-ChongQin\ai-\knowledge\llm_wiki_swine_authoritative,1465,887,"猪丝状病毒相关感染
猪丝状病毒相关感染、filoviruses reston ebolavirus zaire ebolavirus
采样送检咨询
用户描述症状后，重点询问采什么样品、如何判断和如何避免误治。","{""NEEDS_REVIEW"": 5}","[""SRC-0001""]",2058,26.36,ERNIE-4.5-Turbo-32K,88,28,18,23,20,False,True,"整体回答符合猪丝状病毒相关感染的场景，诊断逻辑合理，处理方向安全，数据质量较高，无明显致命风险。
问题：诊断准确性方面，虽然考虑了猪丝状病毒相关感染，但未完全排除其他类似症状的疾病，如非洲猪瘟，诊断依据稍显不足。；病理逻辑方面，对症状与疾病之间的关联性解释不够深入，缺乏对疾病传播途径和易感猪群的详细分析。；数据质量方面，虽然提供了详细的场景描述和诊断依据，但对猪只的具体管理情况（如疫苗接种史、近期引种情况等）缺乏了解，可能影响诊断的全面性。",hunyuan-turbos-20250926,85,7,8,9,8,True,False,"回答针对用户描述的育肥猪群突发高热、急性死亡、出血性腹泻等症状，提出了高度怀疑病毒性传染病并考虑猪丝状病毒相关感染及排除非洲猪瘟等烈性疫病的思路，处理措施包括隔离、采样送检、禁止随意用药、加强消毒、上报主管部门等，符合重大疫病防控的安全边界，无危险建议。但诊断部分未充分展开症状与病原关联机制，也未提示可能的鉴别诊断细节，数据收集维度略单一。
问题：诊断依据描述较笼统，未深入分析症状与猪丝状病毒感染的病理联系；未提及非洲猪瘟等其他烈性传染病的鉴别要点与排查顺序；缺少对猪群免疫背景、引种情况、饲养密度等影响诊断的因素询问",True,ERNIE-4.5-Turbo-32K,True,review,整体回答符合猪丝状病毒相关感染的场景，诊断逻辑合理，处理方向安全，无致命风险。但诊断部分未充分展开症状与病原关联机制，未提及非洲猪瘟等其他烈性传染病的鉴别要点与排查顺序，数据收集维度略单一，需补充症状与猪丝状病毒感染典型病理特征的对应关系说明，列出主要鉴别诊断清单及各自关键区分点，增加关于猪群免疫史、引种来源、周边疫情等信息采集建议，以提高诊断全面性。,86.0,28,18,23,20,review,18.01,20.95,
97e5846f-20d2-58b4-b811-2ea3fdd1dbd7,473,猪恶性卡他热相关感染,swine_hunyuan_turbos,hunyuan-turbos-20250926,成功,,猪,我家有120头育肥猪，平均体重80公斤左右，最近一周陆续出现高热、眼鼻分泌物增多、精神沉郁、部分猪流涎、口腔粘膜发红溃烂的情况，个别猪还伴有腹泻。之前没用过特别的药物，圈舍通风一般，温度偏高。听说可能是恶性卡他热？我想知道该采哪些样送检测，怎么判断是不是这个病，还有会不会被误诊成别的病耽误治疗？,根据描述的急性发热、眼鼻分泌物增加、口腔溃疡及消化道症状，结合可能的羊群接触史，应高度怀疑猪恶性卡他热相关感染（由绵羊疱疹病毒2型等γ疱疹病毒引起）。该病为偶发性系统性病毒感染，需通过实验室检测确诊。,立即隔离可疑病例，减少人员、车辆、器具交叉使用；采集全血、扁桃体拭子、肺组织等样本送具备资质的实验室进行PCR检测及病毒分离；加强圈舍通风降温，提供清洁饮水；禁止随意使用抗生素或抗病毒药物掩盖病情；若确诊为恶性卡他热，应按重大动物疫病防控要求进行报告和处置，不得擅自销售或转移。,因属病毒性传染病且可能涉及重大动物疫病管理，无常规休药期概念，需按官方处置方案执行，期间不得屠宰上市。,"{""disease_name"": ""猪恶性卡他热相关感染"", ""severity"": ""高"", ""scene_tags"": [""育肥猪"", ""高热"", ""眼鼻分泌物"", ""口腔溃疡"", ""可能羊接触史""], ""validation_points"": [""症状符合恶性卡他热特征性表现"", ""需结合羊群接触史提高怀疑度"", ""确诊依赖实验室检测""], ""risk_flags"": [""重大动物疫病风险"", ""需及时采样送检并隔离"", ""严禁擅自治疗或移动""], ""case_type"": ""采样送检咨询"", ""target_disease"": ""猪恶性卡他热相关感染"", ""local_flags"": {""species_ok"": true, ""target_disease_in_diagnosis"": true, ""target_disease_mismatch"": false, ""contains_specific_dose"": false, ""contains_specific_withdrawal"": false, ""regulated_bad_treatment"": false}}",False,False,,,True,False,True,D:\XF-ChongQin\ai-\knowledge\llm_wiki_swine_authoritative,1465,887,"猪恶性卡他热相关感染
猪恶性卡他热相关感染、malignant catarrhal fever ovine herpesvirus 2
采样送检咨询
用户描述症状后，重点询问采什么样品、如何判断和如何避免误治。","{""HUMAN_REVIEWED"": 1, ""NEEDS_REVIEW"": 4}","[""SRC-0001"", ""SRC-0041""]",2173,26.95,ERNIE-4.5-Turbo-32K,88,28,18,23,20,False,True,"该回答整体表现良好，诊断准确性较高，症状与疾病匹配合理，诊断逻辑清晰，处理方向安全且与疾病相互印证。数据质量方面，症状描述和疾病信息较为完整，但部分细节可进一步优化。
问题：诊断准确性方面，虽然症状描述与猪恶性卡他热相关感染较为匹配，但未明确提及羊群接触史这一关键诊断依据，仅在建议中提及，可能影响诊断的全面性。；病理逻辑方面，对疾病的传播途径和易感动物等背景信息介绍不足，可能影响对疾病防控的全面理解。；处方安全方面，整体处理方向正确，但未明确提及对患病猪的护理措施，如营养支持等，可能影响治疗效果。；数据质量方面，症状描述和疾病信息较为完整，但缺乏对患病猪数量、发病比例等具体数据的描述，可能影响对疫情严重程度的判断。",hunyuan-turbos-20250926,85,8,8,9,7,False,False,"回答在症状与疾病匹配度、诊断思路和处理方向上有较好一致性，未给出危险用药建议，并强调了重大疫病的安全边界。但在诊断依据上缺少明确的羊群接触史说明，病理背景解释不足，数据细节不够充分，护理措施缺失。
问题：未将羊群接触史作为核心诊断依据明确提出，仅放在建议中，可能削弱诊断完整性。；缺乏对该病传播机制、易感动物范围等背景信息的说明，影响读者全面理解。；未提及患病猪的具体护理与支持措施，如营养补充、环境优化等。；缺少关于发病比例、病程进展速度等量化信息，难以评估疫情严重程度。",True,ERNIE-4.5-Turbo-32K,True,review,回答在症状与疾病匹配度、诊断思路和处理方向上表现较好，未给出危险用药建议，并强调了重大疫病的安全边界。但存在一些不足，如未将羊群接触史作为核心诊断依据明确提出，病理背景解释不足，数据细节不够充分，且未提及患病猪的具体护理与支持措施，这些不足可能影响诊断的完整性和治疗效果，但整体仍具有参考价值。,86.0,28,18,23,20,review,19.21,22.06,
df87858a-25ec-56f6-a119-6f2f672678f5,484,猪甲病毒相关感染,swine_hunyuan_turbos,hunyuan-turbos-20250926,成功,,猪,我家有200多头60日龄左右的育肥猪，分两栋圈养，最近一栋里陆续出现精神沉郁、体温升高、食欲下降的情况，已经持续三四天了，另一栋暂时没发现明显异常。之前用过阿莫西林饮水控制过呼吸道问题，这次想先按普通细菌感染治一治看看能不能稳住，不行再考虑别的办法。请问这样行吗？,根据描述，短时间内多只猪出现发热、精神差、食欲减退，且为同一批次饲养的育肥猪，需高度警惕病毒性传染病的可能，包括猪甲病毒相关感染在内的多种病毒病。该病目前在中国尚无明确监管处置指引，但属于潜在病毒病范畴，不宜直接按普通细菌病处理。,立即隔离可疑病例，暂停转群及混群操作；对全群进行临床观察和体温监测；采集血液、鼻拭子或组织样本送实验室检测，以明确病原；在未确诊前避免使用广谱抗生素作为唯一干预措施，以防掩盖病情延误诊断；加强圈舍通风、减少应激，保证清洁饮水与饲料质量；若检测结果提示重大动物疫病，应严格按当地畜牧兽医部门要求进行封锁、扑杀、无害化处理等防控措施。,因未使用特定药物，无具体休药期要求；但若后续使用兽药，须遵守相应说明书及国家休药期规定。,"{""disease_name"": ""猪甲病毒相关感染"", ""severity"": ""中等至严重（视病原而定）"", ""scene_tags"": [""育肥猪"", ""同栏多发"", ""短期集中发病""], ""validation_points"": [""症状符合病毒感染特征（发热、精神沉郁、食欲减退）"", ""群体性发生提示传染性病因可能"", ""病史中有近期用药史但未覆盖病毒病原""], ""risk_flags"": [""存在潜在病毒病风险，需排除重大动物疫病"", ""不应仅按普通细菌感染处理"", ""需及时采样送检并配合主管部门防控""], ""case_type"": ""暴发与处置边界"", ""target_disease"": ""猪甲病毒相关感染"", ""local_flags"": {""species_ok"": true, ""target_disease_in_diagnosis"": true, ""target_disease_mismatch"": false, ""contains_specific_dose"": false, ""contains_specific_withdrawal"": false, ""regulated_bad_treatment"": false}}",False,False,,,True,False,True,D:\XF-ChongQin\ai-\knowledge\llm_wiki_swine_authoritative,1465,887,"猪甲病毒相关感染
猪甲病毒相关感染、togaviruses getah sagiyama ross river eee
暴发与处置边界
同栏或多栋猪舍短期内发病增多，用户询问是否能先按普通病治疗观察。","{""NEEDS_REVIEW"": 5}","[""SRC-0001""]",2057,29.46,ERNIE-4.5-Turbo-32K,88,28,18,24,18,False,True,"该回答整体表现良好，诊断准确性较高，能够识别出病毒性传染病的可能性，并建议进行实验室检测以明确病原。病理逻辑合理，考虑到了群体性发病和传染性病因的可能性。处方安全，避免了直接使用广谱抗生素，并提出了加强管理和观察的建议。数据质量方面，虽然基本完整，但在症状描述与疾病关联的详细性上略有不足。
问题：病理逻辑方面，虽然指出了病毒性传染病的可能性，但未详细阐述猪甲病毒相关感染的具体症状与描述症状的关联性。；数据质量方面，症状描述与疾病的直接关联性阐述不够详细，缺乏对猪甲病毒相关感染典型症状的深入分析。",hunyuan-turbos-20250926,85,90,80,95,75,False,False,"回答准确识别了病毒性传染病的可能性，避免盲目使用抗生素，并强调实验室检测和防控流程，符合安全规范。但对猪甲病毒相关感染的典型症状与用户描述的关联分析不足，缺乏更具体的病理机制解释。
问题：未详细阐述猪甲病毒相关感染的典型症状及其与当前临床表现的对应关系。；缺少对该病毒传播特点、潜伏期、流行规律的描述，导致病理逻辑链条不够完整。",True,ERNIE-4.5-Turbo-32K,partially,review,回答整体表现良好，诊断准确性较高，能够识别出病毒性传染病的可能性，并建议进行实验室检测以明确病原，处方安全，避免了直接使用广谱抗生素，并提出了加强管理和观察的建议。但未详细阐述猪甲病毒相关感染的典型症状及其与当前临床表现的对应关系，缺少对该病毒传播特点、潜伏期、流行规律的描述，导致病理逻辑链条不够完整。,86.0,28,18,24,18,review,18.57,27.09,
d1b06fbe-6114-52fe-ba06-5404f2e82abd,490,猪钩端螺旋体病,swine_hunyuan_turbos,hunyuan-turbos-20250926,成功,,猪,我场有60头母猪和10头公猪，最近两个月陆续发现几头怀孕母猪流产、死胎增多，还有个别公猪精液质量下降。之前没做过专门检测，想问这种情况是不是要马上停配种？如果要送样检查，应该取什么样本比较合适？另外现在还能不能从外面引进后备猪？,根据描述，怀孕母猪流产、死胎增加及公猪精液质量下降，结合繁殖障碍表现，应高度怀疑猪钩端螺旋体病等细菌性繁殖障碍疾病的可能。该病在部分猪群呈隐性流行，幼龄猪和妊娠母猪更易出现临床问题。,treatment_direction: 立即暂停场内配种操作，防止病原通过精液或交配过程扩散；对可疑个体进行隔离观察，并采集血液、尿液、流产胎儿组织及胎盘等进行实验室检测。；management_measures: 加强人员防护，接触流产物或公猪精液时佩戴手套口罩，避免直接接触体液；对全场进行消毒，重点处理产房、配种舍及运输工具；暂停从外部引入后备猪，直至检测结果明确。；sampling_and_testing: 建议采集流产胎儿的肝、肾、肺组织，以及母体的血清和尿液，必要时采集公猪精液；送往具备资质的兽医实验室进行PCR或血清学检测，以确认是否感染钩端螺旋体或其他病原体。；prohibited_boundaries: 在未获得确诊前，不得进行场内配种、外购引种或出售种猪；严禁将流产物随意丢弃或喂饲其他动物，以防病原扩散。,因未使用特定药物治疗，暂无休药期要求；但在检测结果阴性且经兽医评估后方可恢复配种和引种。,"{""disease_name"": ""猪钩端螺旋体病"", ""severity"": ""中等至严重（可导致繁殖损失）"", ""scene_tags"": [""繁殖障碍"", ""流产"", ""精液质量下降"", ""疑似人兽共患风险""], ""validation_points"": [""符合钩端螺旋体病在繁殖猪群中的临床表现特征"", ""建议的采样类型与常规实验室检测方法一致"", ""管理措施涵盖生物安全、人员防护和检疫隔离""], ""risk_flags"": [""职业性人兽共患风险"", ""可能伴随其他繁殖障碍病原"", ""需排除重大动物疫病""], ""case_type"": ""繁殖障碍送检"", ""target_disease"": ""猪钩端螺旋体病"", ""local_flags"": {""species_ok"": true, ""target_disease_in_diagnosis"": true, ""target_disease_mismatch"": false, ""contains_specific_dose"": false, ""contains_specific_withdrawal"": false, ""regulated_bad_treatment"": false}}",False,False,,,True,False,True,D:\XF-ChongQin\ai-\knowledge\llm_wiki_swine_authoritative,1465,887,"猪钩端螺旋体病
猪钩端螺旋体病、leptospirosis
繁殖障碍送检
繁殖异常持续出现，用户询问该采哪些样品、是否需要暂停配种和引种。","{""HUMAN_REVIEWED"": 3, ""NEEDS_REVIEW"": 2}","[""SRC-0001"", ""SRC-0067"", ""SRC-0068""]",2161,27.47,ERNIE-4.5-Turbo-32K,88,28,18,24,18,False,True,"整体回答质量较高，诊断方向合理，管理措施和采样建议符合疾病特征，生物安全措施到位，无明显错误或风险。
问题：diagnosis_accuracy: 诊断部分未明确排除其他类似繁殖障碍疾病（如布鲁氏菌病、伪狂犬病等），仅高度怀疑钩端螺旋体病，略显不足。；pathology_logic: 病理逻辑部分对钩端螺旋体病导致繁殖障碍的具体机制（如胎盘感染、胎儿死亡等）未详细说明，逻辑链条稍显薄弱。；data_quality: 数据质量部分，场景标签和验证点覆盖较全面，但风险标志中‘需排除重大动物疫病’未具体说明需排除哪些疫病，略显笼统。",hunyuan-turbos-20250926,85,80,78,90,85,False,False,"该回答针对用户描述的繁殖障碍症状提出了合理的怀疑方向，并结合生物安全和采样检测给出了可操作的防控建议，未发现明显错误或有害建议。诊断部分虽指向钩端螺旋体病，但未充分排除其他重大或人畜共患的繁殖障碍性疾病，病理机制解释不够深入，存在一定改进空间。
问题：诊断部分未系统排除布鲁氏菌病、伪狂犬病等重大或人畜共患繁殖障碍疾病，可能导致漏诊风险。；对钩端螺旋体病引起流产、死胎的病理机制阐述不足，缺乏胎盘感染、胎儿死亡等细节支撑。；风险提示中对需排除的重大疫病列举不够具体。",True,ERNIE-4.5-Turbo-32K,True,review,诊断方向合理，但未充分排除其他重大或人畜共患繁殖障碍疾病（如布鲁氏菌病、伪狂犬病等），病理机制解释不够深入，风险提示不够具体，存在一定改进空间。,86.0,28,18,24,18,review,18.43,21.29,
553bded7-0f82-5eba-82e3-e5fe973013d5,492,猪增生性肠炎,swine_hunyuan_turbos,hunyuan-turbos-20250926,成功,,猪,我家有200头120公斤左右的育肥猪，快到出栏时间了，最近一周陆续有几头开始拉稀，粪便偏稀带点黏液，精神食欲还行，体温正常，圈舍通风一般，之前没用过针对Lawsonia的药。这种情况还能继续养着卖吗？要不要隔离？会不会是增生性肠炎？,根据描述，该育肥猪群在临近出栏时出现轻度腹泻伴黏液便，结合年龄、饲养环境和病程特点，需重点考虑猪增生性肠炎（Proliferative Enteropathy），由Lawsonia intracellularis感染所致。该病可引起肠上皮细胞异常增殖，导致吸收障碍和腹泻，部分病例临床表现较轻。建议通过粪便或肠组织PCR检测确诊。,若确诊为猪增生性肠炎，应实施以下措施：1. 将明显腹泻个体与健康猪分栏隔离，减少接触传播；2. 加强圈舍清洁与干燥管理，降低湿度；3. 可依据检测结果选择经批准的抗菌药物进行对症治疗，并配合改善饲料消化率的措施；4. 对同批次其他猪只进行健康观察，必要时采样送检；5. 禁止未经检疫的生猪外调，防止疫情扩散。,因涉及药物使用及食品安全，须严格遵守国家兽药残留管理规定，确保停药期后方可屠宰上市。具体停药期按所用药物说明书执行。,"{""disease_name"": ""猪增生性肠炎"", ""severity"": ""中等"", ""scene_tags"": [""育肥猪"", ""临近出栏"", ""腹泻"", ""黏液便""], ""validation_points"": [""符合Lawsonia intracellularis感染的流行病学条件"", ""症状与增生性肠炎轻型相符"", ""需实验室检测确诊""], ""risk_flags"": [""临近出栏阶段，需关注食品安全与停药期"", ""可能具有传染性，需隔离与监测"", ""非人兽共患病，但属三类动物疫病，需按地方规定处置""], ""case_type"": ""腹泻出栏边界"", ""target_disease"": ""猪增生性肠炎"", ""local_flags"": {""species_ok"": true, ""target_disease_in_diagnosis"": true, ""target_disease_mismatch"": false, ""contains_specific_dose"": false, ""contains_specific_withdrawal"": false, ""regulated_bad_treatment"": false}}",False,False,,,True,False,True,D:\XF-ChongQin\ai-\knowledge\llm_wiki_swine_authoritative,1465,887,"猪增生性肠炎
猪增生性肠炎、proliferative enteropathy lawsonia intracellularis
腹泻出栏边界
临近出栏猪群出现腹泻，用户关心处理方向、隔离和用药后能否销售。","{""HUMAN_REVIEWED"": 2, ""NEEDS_REVIEW"": 2}","[""A0-MOA-573"", ""SRC-0001"", ""SRC-0071"", ""SRC-0072""]",2221,25.02,ERNIE-4.5-Turbo-32K,88,28,18,23,20,False,True,"该回答整体表现良好，诊断准确性较高，症状与疾病匹配合理，处理方向安全且与疾病相互印证。病理逻辑基本清晰，但可进一步细化。处方安全，考虑了食品安全和停药期。数据质量较高，信息完整且无明显错误。
问题：病理逻辑部分对Lawsonia intracellularis感染的病理机制描述不够详细，可进一步补充。；数据质量中，虽然信息完整，但缺乏对诊断依据的详细解释，如为何排除其他类似疾病。；诊断准确性方面，虽然症状与疾病匹配，但未提及鉴别诊断，如与猪痢疾、猪传染性胃肠炎等疾病的区分。",hunyuan-turbos-20250926,85,90,80,85,85,False,False,"回答整体准确，症状与猪增生性肠炎高度吻合，处理方案符合防控原则，未给出危险用药建议，并强调了食品安全与停药期的重要性。不足之处在于病理机制描述较简略，缺乏鉴别诊断分析，以及未明确说明为何排除其他相似疾病。
问题：病理机制描述过于简略，未充分展开Lawsonia intracellularis的感染过程与肠道病变特征。；未进行鉴别诊断，未提及与猪痢疾、传染性胃肠炎等疾病的可能混淆因素。；未详细说明诊断依据，例如为何优先考虑增生性肠炎而非其他病因。",True,ERNIE-4.5-Turbo-32K,True,review,回答整体准确，症状与猪增生性肠炎高度吻合，处理方案符合防控原则，未给出危险用药建议，并强调了食品安全与停药期的重要性。但病理机制描述较简略，缺乏鉴别诊断分析，以及未明确说明为何排除其他相似疾病。,86.0,28,18,23,20,review,16.6,23.76,
279611d6-25d0-5891-9e80-6e171c4ab13e,493,猪葡萄球菌病,swine_hunyuan_turbos,hunyuan-turbos-20250926,成功,,猪,我家有120头保育猪，平均体重25公斤左右，最近三天陆续出现皮肤发红、局部结痂、掉毛的情况，部分猪精神沉郁、采食量明显下降，圈舍湿度偏高、通风一般，之前用过阿莫西林饮水，效果不明显，想问下这是啥病，该怎么处理？,根据描述，保育猪群体出现皮肤红斑、结痂、脱毛及采食下降，结合高湿环境，高度怀疑为猪葡萄球菌病（渗出性表皮炎）。该病由金黄色葡萄球菌属（主要为Staphylococcus hyicus）引起，常在潮湿、外伤、应激条件下发生，表现为表皮渗出性病变，严重时影响食欲和健康。,"1. 立即改善饲养环境，降低圈舍湿度，加强通风，保持干燥清洁，减少皮肤损伤机会。
2. 对病猪进行隔离管理，防止接触传播。
3. 清洗消毒患处，去除痂皮，必要时使用温和消毒剂（如碘伏类），避免刺激性过强。
4. 针对细菌感染，可在兽医指导下选用敏感抗生素进行治疗，同时配合营养支持促进恢复。
5. 采集病变组织、分泌物等样品送实验室进行病原鉴定和药敏试验，指导后续用药。
6. 严禁随意使用未经许可的药物，避免使用可能掩盖病情或延误诊断的广谱抗生素。",因涉及具体药物选择需依据检测结果确定，建议严格遵循兽医开具的处方及停药期规定，确保食品安全。,"{""disease_name"": ""猪葡萄球菌病"", ""severity"": ""中等至严重（视感染范围与个体体质而定）"", ""scene_tags"": [""保育猪"", ""群体发病"", ""皮肤病变"", ""采食下降"", ""高湿环境""], ""validation_points"": [""症状符合渗出性表皮炎特征（红斑、结痂、脱毛）"", ""环境因素（高湿、通风差）利于葡萄球菌繁殖"", ""抗生素治疗无效提示可能存在耐药或病原判断偏差""], ""risk_flags"": [""存在群体传播风险，需及时隔离与环境控制"", ""若病原为多重耐药菌，需谨慎选药并监测疗效"", ""不排除混合感染可能，应结合其他病原检测""], ""case_type"": ""保育猪群体发病"", ""target_disease"": ""猪葡萄球菌病"", ""local_flags"": {""species_ok"": true, ""target_disease_in_diagnosis"": true, ""target_disease_mismatch"": false, ""contains_specific_dose"": false, ""contains_specific_withdrawal"": false, ""regulated_bad_treatment"": false}}",False,False,,,True,False,True,D:\XF-ChongQin\ai-\knowledge\llm_wiki_swine_authoritative,1465,887,"猪葡萄球菌病
猪葡萄球菌病、staphylococcosis exudative epidermitis
保育猪群体发病
群体发病、采食下降、粪便或呼吸道异常，用户想知道主要病因和下一步处理。","{""HUMAN_REVIEWED"": 3, ""NEEDS_REVIEW"": 2}","[""SRC-0001"", ""SRC-0006"", ""SRC-0026"", ""SRC-0036"", ""SRC-0074""]",2105,29.15,ERNIE-4.5-Turbo-32K,88,28,18,23,20,False,True,"该回答整体表现良好，诊断准确性较高，症状与疾病匹配合理，诊断逻辑清晰，处理方向安全且与疾病相互印证。数据质量方面，场景描述详细，但部分验证点可进一步细化。
问题：诊断准确性方面，虽然主要症状与猪葡萄球菌病匹配，但未完全排除混合感染的可能性，诊断略显单一。；病理逻辑方面，对环境因素与疾病发生的关联性分析可更深入，如具体说明高湿如何促进葡萄球菌繁殖。；处方安全方面，未明确提及具体抗生素选择及剂量，仅建议根据药敏试验结果，略显笼统。；数据质量方面，风险标志中提到多重耐药菌和混合感染，但未在诊断或处方中充分体现应对措施。",hunyuan-turbos-20250926,85,90,85,80,85,False,False,"该案例场景真实，用户提供了详细的养殖背景、临床症状和环境条件，有助于判断。诊断准确，将皮肤红斑、结痂、脱毛等症状与猪葡萄球菌病对应合理，并考虑了环境诱因。处方措施总体安全，强调环境改善、隔离、消毒、送检和兽医指导，避免了直接给出具体药物与剂量，符合安全要求。不足之处在于诊断未充分讨论可能的混合感染或多重耐药情况，病理机制解释稍浅，且处方中对高风险因素（如混合感染）缺乏针对性应对建议。
问题：诊断未充分考虑混合感染或多重耐药菌的可能性；病理机制分析中环境与病原关系的阐述不够深入；处方缺少针对潜在复杂感染的应对策略",True,ERNIE-4.5-Turbo-32K,True,review,该回答整体表现良好，诊断准确性较高，症状与疾病匹配合理，诊断逻辑清晰，处理方向安全且与疾病相互印证。但存在一些不足，如诊断未充分考虑混合感染或多重耐药菌的可能性，病理机制分析中环境与病原关系的阐述不够深入，处方缺少针对潜在复杂感染的应对策略。,86.0,28,18,23,20,review,20.61,23.09,
e5ab9ab5-0466-5f14-a3c9-3d6b3f9b0bd7,499,猪蛔虫病,swine_hunyuan_turbos,hunyuan-turbos-20250926,成功,,猪,我家是60头左右自繁自养的育肥猪，现在平均体重在25公斤左右，最近发现部分猪精神差、拉稀、毛色发暗、长得慢，有的还抓挠皮肤。之前用过一次伊维菌素拌料驱虫，但效果不明显，粪便里偶尔能看到白色长条状的东西。请问这是蛔虫吗？该怎么处理？,根据描述，结合粪便可见白色长条物及生长缓慢、腹泻、消瘦等症状，高度怀疑为猪蛔虫病（Ascaris suum）。该病由大型线虫引起，幼虫可在体内移行造成肝肺损伤，成虫寄生于小肠导致营养不良。需通过粪检找虫卵或剖检见成虫确诊。,treatment_direction: 使用广谱驱虫药进行群体驱虫，优先选择对蛔虫有效的药物（如阿苯达唑类、芬苯达唑类），注意轮换不同作用机制的药物以减少耐药风险。；management_measures: 全群同步驱虫，驱虫后及时清理圈舍粪便并深埋或无害化处理，防止虫卵污染环境；加强饲养管理，保证饲料营养均衡，减少应激。；sampling_and_testing: 采集新鲜粪便送实验室做饱和盐水漂浮法检查虫卵，必要时剖检病死猪观察肠道成虫数量及肝脏病变（milk spots）。；prohibited_boundaries: 严禁将疑似感染猪与健康猪混群饲养；禁止使用未经批准的驱虫药；若检出大量虫体且伴随高死亡率，应联系当地动物防疫部门评估是否涉及重大疫情。,按所用驱虫药标签说明执行停药期，确保上市前药物残留符合食品安全标准。,"{""disease_name"": ""猪蛔虫病"", ""severity"": ""中等至严重（取决于感染强度与继发感染情况）"", ""scene_tags"": [""育肥猪"", ""群体感染"", ""腹泻"", ""消瘦"", ""皮肤瘙痒""], ""validation_points"": [""粪便可见白色长条物提示成虫排出"", ""生长缓慢与营养不良相符"", ""曾用驱虫药效果不佳提示可能耐药或用药不当""], ""risk_flags"": [""可能存在耐药风险"", ""环境污染可导致重复感染""], ""case_type"": ""寄生虫群体发病"", ""target_disease"": ""猪蛔虫病"", ""local_flags"": {""species_ok"": true, ""target_disease_in_diagnosis"": true, ""target_disease_mismatch"": false, ""contains_specific_dose"": false, ""contains_specific_withdrawal"": false, ""regulated_bad_treatment"": false}}",False,False,,,True,False,True,D:\XF-ChongQin\ai-\knowledge\llm_wiki_swine_authoritative,1465,887,"猪蛔虫病
猪蛔虫病、ascaris suum internal parasites
寄生虫群体发病
猪群出现腹泻、消瘦、皮肤瘙痒或生长慢，用户怀疑寄生虫。","{""HUMAN_REVIEWED"": 2, ""NEEDS_REVIEW"": 2}","[""SRC-0001"", ""SRC-0082""]",2221,32.67,ERNIE-4.5-Turbo-32K,88,28,18,23,20,False,True,"该回答对猪蛔虫病的诊断、处理方向及管理措施总体合理，诊断依据充分，处理方向安全，但存在部分细节可优化，如病理逻辑的深入性及数据质量的完整性。
问题：diagnosis_accuracy: 诊断准确度较高，但未明确提及粪检或剖检作为确诊依据，仅作为建议，略显不足。；pathology_logic: 病理逻辑部分对蛔虫病幼虫移行造成的肝肺损伤描述较简略，未充分展开其与临床症状的关联。；prescription_safety: 处方安全合理，但未明确提及具体药物剂量及休药期，仅按标签说明执行，略显笼统。；data_quality: 数据质量基本满足要求，但风险标志部分可更具体，如明确耐药风险的具体表现或管理建议。",hunyuan-turbos-20250926,85,8.5,8,9,8.5,False,False,"该数据整体真实可信，用户描述的场景、症状与目标疾病（猪蛔虫病）高度吻合，诊断依据合理，处理方案与管理措施科学且安全，未发现危险建议。不足之处在于病理机制解释不够深入，确诊手段表述偏保守，以及风险防控措施可进一步细化。
问题：病理逻辑中对幼虫移行致肝肺损伤的机理与临床症状的关联阐述不够详细。；确诊方法虽提到粪检和剖检，但语气偏建议而非强调必要性，可能弱化诊断严谨性。；风险防控措施中未具体列举耐药风险的表现形式和管理策略。",True,ERNIE-4.5-Turbo-32K,partially,review,该回答对猪蛔虫病的诊断、处理方向及管理措施总体合理，诊断依据较充分，处理方向安全，但存在部分细节可优化。诊断部分未明确强调粪检或剖检作为确诊必要步骤，病理逻辑中对幼虫移行致肝肺损伤的机理与临床症状的关联阐述不够详细，风险防控措施中未具体列举耐药风险的表现形式和管理策略。,86.0,28,18,23,20,review,23.18,18.93,
bba41140-fcf6-547d-9045-cf4c16ade6b4,10,猪丹毒,swine_hunyuan_turbos,hunyuan-turbos-20250926,成功,,猪,我家是育肥场，存栏大概800头，平均体重60公斤左右。最近两天有3头突然不吃料、体温高到41度多，皮肤上有紫红色菱形斑块，精神沉郁，走路不稳。之前没用过什么特别药，圈舍通风一般，湿度偏高。我想问问能不能先按普通细菌感染打点抗生素看看？,根据描述，考虑为急性败血型猪丹毒可能性大，特征包括高热、精神沉郁、步态异常及典型的菱形皮肤病变。需注意与A. suis败血症等相似疾病鉴别，建议尽快采样送实验室确诊。,treatment_direction: 立即隔离病猪，减少混群接触，防止扩散；加强圈舍通风与干燥管理；对可疑病例进行对症治疗并配合广谱抗生素控制继发感染。；management_measures: 全群巡查，发现新发病例及时隔离；暂停转群与销售，限制人员车辆进出；病死猪无害化处理。；sampling_and_testing: 采集血液、脾、淋巴结等样本送实验室做细菌分离培养及PCR检测，必要时进行血清学或分子分型，以明确病原并排除其他败血症性疾病。；prohibited_boundaries: 在未获得实验室确诊前，不得擅自大规模使用针对特定病原的药物；严禁将病猪随意出售或外运；若确诊为重大动物疫病，应按规定上报并执行相应防控措施。,因未确定最终病原及用药方案，暂无法给出确切休药期，需依据后续检测结果及所用药物种类另行制定。,"{""disease_name"": ""猪丹毒"", ""severity"": ""高"", ""scene_tags"": [""育肥猪"", ""急性败血症"", ""皮肤菱形斑"", ""群体防控""], ""validation_points"": [""高热、精神沉郁、步态异常符合急性败血型猪丹毒临床特征"", ""皮肤菱形斑块为典型病变"", ""需与A. suis败血症等鉴别""], ""risk_flags"": [""可能为人畜共患病原体（Erysipeloid）潜在暴露风险"", ""存在重大动物疫病暴发风险""], ""case_type"": ""暴发与处置边界"", ""target_disease"": ""猪丹毒"", ""local_flags"": {""species_ok"": true, ""target_disease_in_diagnosis"": true, ""target_disease_mismatch"": false, ""contains_specific_dose"": false, ""contains_specific_withdrawal"": false, ""regulated_bad_treatment"": false}}",False,False,,,True,False,True,D:\XF-ChongQin\ai-\knowledge\llm_wiki_swine_authoritative,1465,887,"猪丹毒
猪丹毒、erysipelas
暴发与处置边界
同栏或多栋猪舍短期内发病增多，用户询问是否能先按普通病治疗观察。","{""HUMAN_REVIEWED"": 4}","[""SRC-0001"", ""SRC-0058"", ""SRC-0065""]",2221,28.02,ERNIE-4.5-Turbo-32K,82,28,18,20,16,False,True,"整体回答较为全面，诊断准确性较高，病理逻辑基本合理，处方安全性符合要求，但数据质量方面存在一定不足，如未详细说明鉴别诊断的具体方法。
问题：诊断部分虽然提到需与A. suis败血症等相似疾病鉴别，但未详细说明鉴别诊断的具体方法或依据。；数据质量方面，对于用户查询中的信息利用不够充分，如未提及湿度偏高对猪丹毒发病的影响。；处方部分虽然提到了对症治疗和广谱抗生素，但未明确抗生素的选择依据或推荐药物。；休药期部分因未确定最终病原及用药方案，暂无法给出确切休药期，但可提供一般性建议或说明后续如何确定休药期。",hunyuan-turbos-20250926,85,90,88,92,80,True,False,"该数据整体结构完整，诊断准确且符合典型猪丹毒临床表现，处方方向合理，包含必要的生物安全措施和实验室检测建议，无明显危险用药指导。不足之处在于鉴别诊断细节不足，未充分利用用户提供的环境信息（如湿度）分析病因，也未在处方中说明抗生素选择原则。
问题：鉴别诊断仅列出可能疾病名称，缺乏具体区分方法和依据。；未结合用户提到的‘湿度偏高’环境因素分析其对猪丹毒发生的可能影响。；处方中未说明广谱抗生素选择的参考标准或常见类别。",True,ERNIE-4.5-Turbo-32K,True,review,整体回答较为全面，诊断准确性较高，病理逻辑基本合理，处方安全性符合要求，但存在一些不足，如鉴别诊断部分仅列出可能疾病名称，缺乏具体区分方法和依据；未结合用户提到的‘湿度偏高’环境因素分析其对猪丹毒发生的可能影响；处方中未说明广谱抗生素选择的参考标准或常见类别。这些不足不影响整体方向，但需补充细节以提高数据质量。,83.0,28,18,20,16,review,18.76,21.26,
529cd57a-9d0d-5210-9781-82989d398182,61,猪蛔虫病,swine_hunyuan_turbos,hunyuan-turbos-20250926,成功,,猪,我家是100头左右的自繁自养场，现在有一批60日龄左右的保育猪，最近发现部分猪精神差、拉稀、毛色发暗、长得慢，还有几头皮肤上有小疙瘩，抓挠明显。圈舍地面潮湿，之前用过一次伊维菌素拌料驱虫，但效果不明显。想问问是不是蛔虫或者别的寄生虫问题？,根据描述，结合年龄、症状及饲养管理情况，高度怀疑为猪蛔虫病（Ascaris suum）。该病在保育至育肥阶段高发，常表现为腹泻、消瘦、生长缓慢，部分个体可因幼虫移行引起皮肤瘙痒或继发感染。此外，需排除猪疥螨病、猪圆环病毒相关疾病等可能。,建议立即进行粪便虫卵检查确诊，并采集典型病例送实验室做病理学检查（注意肝milk spot与肾虫移行的鉴别）。同时加强圈舍卫生，保持干燥通风，减少粪口传播机会。对全群实施安全有效的驱虫方案（选用经批准的广谱驱虫药），并在驱虫后观察采食和精神恢复情况。严禁将可疑病例与健康猪混群，防止交叉感染。若怀疑混合感染或病情复杂，应联系当地兽医站进一步诊断。,按所用驱虫药物说明书执行停药期，确保上市前符合食品安全要求。,"{""disease_name"": ""猪蛔虫病"", ""severity"": ""中等"", ""scene_tags"": [""保育猪"", ""群体发病"", ""腹泻"", ""消瘦"", ""皮肤瘙痒""], ""validation_points"": [""症状与猪蛔虫病典型表现一致"", ""存在易感年龄和环境条件"", ""需通过虫卵检查和病理鉴别排除其他病因""], ""risk_flags"": [""潜在混合感染风险"", ""圈舍卫生不良易致重复感染""], ""case_type"": ""寄生虫群体发病"", ""target_disease"": ""猪蛔虫病"", ""local_flags"": {""species_ok"": true, ""target_disease_in_diagnosis"": true, ""target_disease_mismatch"": false, ""contains_specific_dose"": false, ""contains_specific_withdrawal"": false, ""regulated_bad_treatment"": false}}",False,False,,,True,False,True,D:\XF-ChongQin\ai-\knowledge\llm_wiki_swine_authoritative,1465,887,"猪蛔虫病
猪蛔虫病、ascaris suum internal parasites
寄生虫群体发病
猪群出现腹泻、消瘦、皮肤瘙痒或生长慢，用户怀疑寄生虫。","{""HUMAN_REVIEWED"": 2, ""NEEDS_REVIEW"": 2}","[""SRC-0001"", ""SRC-0082""]",2221,26.07,ERNIE-4.5-Turbo-32K,82,27,18,22,15,False,True,"整体回答质量较高，诊断准确性、病理逻辑和处方安全性均表现良好，数据质量基本满足要求，无致命风险。
问题：诊断准确性方面，虽然高度怀疑猪蛔虫病，但未明确提及排除猪疥螨病、猪圆环病毒相关疾病的具体方法或依据，仅建议实验室检查，略显笼统。；病理逻辑方面，对猪蛔虫病的病理过程描述较为简略，未详细阐述幼虫移行如何引起皮肤瘙痒或继发感染的具体机制。；处方安全性方面，建议选用经批准的广谱驱虫药，但未具体说明药物名称或剂量，可能影响实际操作的准确性。；数据质量方面，场景标签和验证点较为全面，但风险标志中仅提及潜在混合感染风险和圈舍卫生不良，未涵盖所有可能的风险点，如人兽共患风险等（尽管猪蛔虫病人兽共患风险较低，但仍应提及）。",hunyuan-turbos-20250926,85,90,80,88,85,False,False,"该回答整体结构合理，诊断思路清晰，能够结合年龄、症状和饲养环境推测猪蛔虫病，并提出鉴别诊断方向。处方建议包括粪便检查、病理检查和改善饲养管理，符合安全规范，未给出具体药物剂量或休药期承诺，避免了直接用药风险。不足之处在于病理机制解释较简略，鉴别诊断方法不够细化，且未明确提示人兽共患风险虽低也应关注。
问题：病理过程描述过于简略，未详细说明幼虫移行导致皮肤瘙痒的机制。；鉴别诊断缺乏具体检测手段或判定标准，仅泛泛提到实验室检查。；未明确提及人兽共患风险虽低仍需注意的提示。",True,ERNIE-4.5-Turbo-32K,True,review,整体回答质量较高，诊断准确性、病理逻辑和处方安全性均表现良好，但存在一些轻微不足。诊断方面，虽然高度怀疑猪蛔虫病，但未明确提及排除猪疥螨病、猪圆环病毒相关疾病的具体方法或依据，仅建议实验室检查，略显笼统；病理逻辑方面，对猪蛔虫病的病理过程描述较为简略，未详细阐述幼虫移行如何引起皮肤瘙痒或继发感染的具体机制；处方安全性方面，建议选用经批准的广谱驱虫药，但未具体说明药物名称或剂量，可能影响实际操作的准确性；数据质量方面，未明确提示人兽共患风险虽低也应关注。,83.0,27,18,22,15,review,18.93,24.79,
4e67b8f5-bdf8-538e-9357-e34b4a7c3bb8,105,猪戊型肝炎,swine_hunyuan_turbos,hunyuan-turbos-20250926,成功,,猪,我家是200头基础母猪的种猪场，最近一个月陆续有8头怀孕90多天的母猪发生流产，还有两头公猪采精量明显减少、活力下降。之前没用过疫苗，也没做过血检，场内通风一般，饲料一直用同一批玉米豆粕配方。现在不敢再配种了，怕传染，想问下可能是什么病？该怎么处理？,根据描述，妊娠中后期流产、死胎及公猪精液质量下降提示可能存在病毒性繁殖障碍性疾病。结合当前信息，应考虑猪戊型肝炎等病毒感染的可能性，同时需排除蓝耳病、伪狂犬、细小病毒病等常见繁殖障碍病因。由于戊型肝炎为人兽共患风险病毒，且部分毒株可在猪体内引起亚临床感染并影响繁殖性能，因此需通过实验室检测明确病原。,treatment_direction: 目前无特效抗病毒药物，应以控制传染源、减少垂直传播为核心。对流产母猪及时清理胎衣、消毒圈舍，避免其他母猪接触污染区域。公猪暂停采精，观察恢复情况。；management_measures: 立即隔离发病母猪，加强全场生物安全，限制人员、车辆流动，防止交叉感染。改善通风与卫生条件，确保饲料饮水清洁。；sampling_and_testing: 采集流产胎儿组织、胎盘、血液及公猪精液样本送实验室进行PCR检测，排查戊型肝炎病毒及其他常见繁殖障碍病原。；prohibited_boundaries: 严禁将疑似感染猪只出售或调运，禁止随意使用未经批准的疫苗或药物。若确诊为人兽共患风险病原，应按规定向当地畜牧兽医部门报告。,因无特效药物治疗，重点在于防控与隔离，不涉及具体药物休药期。,"{""disease_name"": ""猪戊型肝炎"", ""severity"": ""中等至严重（可导致繁殖损失）"", ""scene_tags"": [""种猪场"", ""繁殖障碍"", ""流产"", ""公猪精液异常""], ""validation_points"": [""妊娠中后期流产符合病毒性繁殖障碍特征"", ""公猪精液量减少、活力下降提示生殖系统受累"", ""缺乏疫苗接种史增加新发感染可能性""], ""risk_flags"": [""人兽共患风险"", ""需实验室确诊"", ""需隔离与生物安全措施""], ""case_type"": ""种猪繁殖障碍"", ""target_disease"": ""猪戊型肝炎"", ""local_flags"": {""species_ok"": true, ""target_disease_in_diagnosis"": true, ""target_disease_mismatch"": false, ""contains_specific_dose"": false, ""contains_specific_withdrawal"": false, ""regulated_bad_treatment"": false}}",False,False,,,True,False,True,D:\XF-ChongQin\ai-\knowledge\llm_wiki_swine_authoritative,1465,887,"猪戊型肝炎
猪戊型肝炎、hepatitis e virus
种猪繁殖障碍
种猪场出现流产、死胎、返情或公猪异常，用户担心传染病和是否继续配种。","{""HUMAN_REVIEWED"": 3, ""NEEDS_REVIEW"": 2}","[""SRC-0001"", ""SRC-0014"", ""SRC-0025"", ""SRC-0035""]",2151,30.28,ERNIE-4.5-Turbo-32K,82,27,18,23,14,False,True,"整体回答较为全面，诊断方向合理，考虑了病毒性繁殖障碍性疾病的可能性，并提及了人兽共患风险。处理方向安全，符合疾病防控要求。但数据质量方面存在一定不足，如未明确提及具体检测方法和部分症状与疾病关联的详细解释。
问题：诊断部分虽然考虑了多种可能性，但对猪戊型肝炎与症状的直接关联解释不够详细。；病理逻辑部分对症状与疾病关系的阐述不够深入，缺乏具体机制说明。；数据质量方面，未明确提及实验室检测的具体方法（如PCR检测的具体靶基因等），且对部分症状（如公猪精液质量下降）与猪戊型肝炎的关联解释不够充分。；未提及休药期虽因无特效药物而合理，但可补充一般防控措施下的观察期建议。",hunyuan-turbos-20250926,85,4,3.5,5,3.5,False,False,"该回答在诊断方向上覆盖了猪戊型肝炎及常见繁殖障碍性病毒，并强调了人兽共患风险与生物安全措施，处理方案安全合规，无明显危险建议。不足之处在于症状与猪戊型肝炎的直接关联解释不够细致，缺少部分机制说明，以及实验室检测方法细节不足。
问题：对猪戊型肝炎与流产、公猪精液质量下降等症状的直接关联解释不充分，缺乏发病机制说明。；实验室检测部分未明确具体检测方法（如PCR靶基因）。；未提供一般性观察期或防控周期建议。",True,ERNIE-4.5-Turbo-32K,True,review,诊断方向合理，考虑了病毒性繁殖障碍性疾病的可能性，并提及了人兽共患风险。处理方向安全，符合疾病防控要求。但存在一些不足，如对猪戊型肝炎与症状的直接关联解释不够详细，缺乏具体机制说明，实验室检测方法细节不足，且未提供一般性观察期或防控周期建议。,83.0,27,18,23,14,review,19.83,19.75,
42ee6b4e-c608-5b31-a3c7-d5e1b536b6a7,156,猪丹毒,swine_hunyuan_turbos,hunyuan-turbos-20250926,成功,,猪,我家有120头90公斤左右的育肥猪，这几天有几头突然不吃料，体温升高到41度左右，身上出现紫红色菱形斑块，有的还喘气厉害，已经死了两头。之前用过阿莫西林拌料三天没见好转。现在离计划出栏还有20天，这种情况还能治吗？会不会影响卖猪？,根据描述，考虑急性败血型猪丹毒可能性大，表现为高热、厌食、呼吸困难及特征性菱形皮肤病变。需与A. suis败血症、沙门氏菌感染、猪链球菌病等鉴别，建议尽快采集血液、脾肺组织送实验室确诊。,treatment_direction: 使用敏感抗生素控制细菌感染，配合对症支持治疗，改善饲养环境降低应激。；management_measures: 立即隔离病猪，加强圈舍通风降温，减少密度，保证饮水清洁，补充电解质和维生素。；sampling_submission: 采集病死猪心血、脾肺组织及健康猪血样送实验室进行细菌分离鉴定，必要时做PCR检测排除其他病原。；prohibited_boundaries: 严禁私自屠宰、出售疑似染疫猪只；若确诊为重大动物疫病，应按规定扑杀和无害化处理，不得擅自用药替代。,任何药物治疗前须明确所用药物种类及其休药期规定，确保出栏前体内残留低于国家标准方可销售。,"{""disease_name"": ""猪丹毒"", ""severity"": ""高"", ""scene_tags"": [""育肥猪"", ""高热"", ""皮肤菱形斑"", ""急性败血症""], ""validation_points"": [""高热、厌食、呼吸困难符合急性败血型猪丹毒临床特征"", ""皮肤菱形斑块为典型病变之一"", ""需与A. suis败血症等多病原鉴别""], ""risk_flags"": [""可能为人畜共患风险低但属重要经济疾病"", ""存在死亡风险"", ""可能影响出栏销售""], ""case_type"": ""上市休药期咨询"", ""target_disease"": ""猪丹毒"", ""local_flags"": {""species_ok"": true, ""target_disease_in_diagnosis"": true, ""target_disease_mismatch"": false, ""contains_specific_dose"": false, ""contains_specific_withdrawal"": false, ""regulated_bad_treatment"": false}}",False,False,,,True,False,True,D:\XF-ChongQin\ai-\knowledge\llm_wiki_swine_authoritative,1465,887,"猪丹毒
猪丹毒、erysipelas
上市休药期咨询
用户接近出栏，关心治疗方向和用药后能否出栏销售。","{""HUMAN_REVIEWED"": 4}","[""SRC-0001"", ""SRC-0058"", ""SRC-0065""]",2221,22.51,ERNIE-4.5-Turbo-32K,82,27,18,22,15,False,True,"该回答对猪丹毒的诊断较为准确，症状描述与疾病特征匹配，鉴别诊断考虑全面。病理逻辑基本合理，但未详细说明鉴别诊断的具体依据。处方安全，考虑了隔离、环境改善和实验室确诊等措施。数据质量方面，场景标签和验证点较为全面，但风险描述可更具体。
问题：鉴别诊断部分未详细说明依据，病理逻辑稍显不足；数据质量中风险描述可更具体，如人畜共患风险的具体措施；休药期承诺未给出具体药物和期限，仅作一般性说明",hunyuan-turbos-20250926,85,9,8,9,8,False,False,"该案例场景真实，用户描述的发热、厌食、呼吸困难及典型菱形皮疹高度符合急性败血型猪丹毒表现，诊断准确且鉴别诊断思路完整。处方方向合理，包含隔离、环境管理、实验室送检及禁止擅自处置等安全措施，无危险建议。不足之处在于鉴别诊断缺乏具体依据说明，风险防控措施可进一步细化（如人畜共患病防控细节），休药期提示为通用表述，未涉及具体药物信息，因此整体仍属合格数据。
问题：鉴别诊断部分缺少具体依据说明，逻辑链条不够严密。；风险防控措施中对人畜共患病、重大疫病的安全边界描述较笼统，可更具体化。；休药期提示仅为原则性提醒，未结合可能的药物类别展开。",True,ERNIE-4.5-Turbo-32K,True,review,该回答对猪丹毒的诊断较为准确，症状描述与疾病特征匹配，鉴别诊断思路完整但缺乏具体依据说明，病理逻辑稍显不足。处方方向合理，包含隔离、环境管理、实验室送检及禁止擅自处置等安全措施，无危险建议。风险防控措施中对人畜共患病、重大疫病的安全边界描述较笼统，休药期提示为通用表述，未涉及具体药物信息，整体数据质量合格但存在可优化空间。,83.0,27,18,22,15,review,14.88,20.84,
ce7ecc95-fc67-5216-a0f2-6ca347f62c98,158,猪沙门氏菌病,swine_hunyuan_turbos,hunyuan-turbos-20250926,成功,,猪,我家有120头70公斤左右的育肥猪，圈舍密度比较大，最近一周陆续有几头开始拉稀，粪便黄绿色带黏液，精神差、食欲下降，体温在39℃左右，个别猪还伴有呼吸急促。之前用了恩诺沙星拌料三天，效果不明显，现在想问还能不能继续用这个药？,根据描述的症状（腹泻、黏液便、发热、精神沉郁）以及育肥猪密集饲养的背景，高度怀疑为猪沙门氏菌病（肠炎型或败血型），可能与其他应激因素（如混群、饲料更换）有关。需要实验室分离鉴定及药敏试验明确病原和敏感药物。,建议立即停喂可疑污染饲料，改善通风与卫生条件，减少应激；采集新鲜粪便或病死猪组织送实验室进行沙门氏菌分离培养和药敏试验，依据结果选择敏感抗菌药物；同时加强全群饮水卫生，防止交叉感染；严禁将病猪与健康猪混养，必要时隔离观察。,因涉及抗菌药物使用，应严格遵循实验室药敏结果及当地兽药管理规定执行停药期，确保上市前达到安全间隔。,"{""disease_name"": ""猪沙门氏菌病"", ""severity"": ""中等至严重"", ""scene_tags"": [""育肥猪"", ""集约化饲养"", ""腹泻"", ""发热"", ""抗生素治疗无效""], ""validation_points"": [""症状符合沙门氏菌肠炎型或败血型特征"", ""高密度饲养增加感染风险"", ""前期用药效果不佳提示可能耐药""], ""risk_flags"": [""潜在耐药菌流行风险"", ""需实验室确诊以防误诊""], ""case_type"": ""育肥猪用药咨询"", ""target_disease"": ""猪沙门氏菌病"", ""local_flags"": {""species_ok"": true, ""target_disease_in_diagnosis"": true, ""target_disease_mismatch"": false, ""contains_specific_dose"": false, ""contains_specific_withdrawal"": false, ""regulated_bad_treatment"": false}}",False,False,,,True,False,True,D:\XF-ChongQin\ai-\knowledge\llm_wiki_swine_authoritative,1465,887,"猪沙门氏菌病
猪沙门氏菌病、salmonellosis
育肥猪用药咨询
育肥猪出现典型症状，用户已经用过常见药物但效果一般，询问是否继续用药。","{""HUMAN_REVIEWED"": 3, ""NEEDS_REVIEW"": 2}","[""SRC-0001"", ""SRC-0073""]",2192,28.95,ERNIE-4.5-Turbo-32K,82,27,18,22,15,False,True,"整体回答符合猪沙门氏菌病的诊断与处理逻辑，诊断准确性较高，病理逻辑合理，处方安全且考虑了实验室确诊与预防交叉感染，数据质量基本满足要求，无致命风险。
问题：诊断准确性方面，虽然症状描述与猪沙门氏菌病相符，但未完全排除其他类似疾病（如猪痢疾、猪传染性胃肠炎）的可能性，缺乏特异性诊断依据。；病理逻辑方面，对败血型沙门氏菌病的提及略显笼统，未详细阐述其与肠炎型的区别及具体病理机制。；处方安全方面，虽提到依据药敏试验选择药物，但未给出具体药物名称及剂量范围，可能影响实际操作的准确性。；数据质量方面，用户查询中的症状描述较为详细，但回答中未充分利用这些信息来进一步细化诊断或处理建议。",hunyuan-turbos-20250926,85,8,8.5,9,8,False,False,"该回答针对用户描述的育肥猪腹泻、发热等症状，结合高密度饲养背景，提出高度怀疑猪沙门氏菌病，并强调实验室检测与药敏试验的必要性，诊断思路清晰，病理逻辑合理，处方建议注重生物安全和防控交叉感染，无明显危险建议。不足之处在于未充分排除其他相似疾病，对败血型和肠炎型的具体差异说明不足，也未利用全部临床信息细化处理方案。
问题：未充分排除猪痢疾、传染性胃肠炎等相似疾病的可能；对败血型与肠炎型沙门氏菌病的病理机制区分不够细致；未充分利用用户提供的所有症状信息进行更精准的诊断推理",True,ERNIE-4.5-Turbo-32K,True,review,整体回答符合猪沙门氏菌病的诊断与处理逻辑，诊断准确性较高，病理逻辑合理，处方安全且考虑了实验室确诊与预防交叉感染。但存在一些不足，如未完全排除其他类似疾病（如猪痢疾、猪传染性胃肠炎）的可能性，缺乏特异性诊断依据；对败血型沙门氏菌病的提及略显笼统，未详细阐述其与肠炎型的区别及具体病理机制；虽提到依据药敏试验选择药物，但未给出具体药物名称及剂量范围，可能影响实际操作的准确性；未充分利用用户查询中的症状信息来进一步细化诊断或处理建议。,83.0,27,18,22,15,review,21.53,23.14,
120df207-3cfb-5449-a4ae-894019a6aef9,193,猪放线杆菌败血症,swine_hunyuan_turbos,hunyuan-turbos-20250926,成功,,猪,我家是100头左右60公斤左右的育肥猪，这几天有五六头开始咳嗽、喘气，体温摸着偏高，吃料也慢了，有的还精神不好趴着不动。舍里通风一般，湿度大点，之前没用过什么药。这种情况是不是传染病？要不要整栏都打抗生素？,根据描述，该群育肥猪出现咳嗽、喘气、发热及采食下降，结合饲养密度和环境条件，考虑细菌性呼吸道感染可能性较大，其中猪放线杆菌败血症可表现为急性败血症伴呼吸道症状，且易与猪丹毒等混淆，需结合临床与实验室检测确诊。,建议立即隔离症状明显个体，加强圈舍通风与保温，适当提高环境温度以改善体感温度；采集病死猪血液、肺组织送实验室进行细菌分离鉴定，必要时做PCR检测区分A. suis与其他病原；在确诊前不建议盲目全群使用抗生素，以免掩盖病情并增加耐药风险；若确诊为A. suis感染，可在兽医指导下选用敏感抗菌药物，配合改善饲养管理；严禁将病猪随意出售或调运。,因涉及抗生素使用，须严格遵循兽医开具的停药期规定，并在出栏前确保符合食品安全标准。,"{""disease_name"": ""猪放线杆菌败血症"", ""severity"": ""中等至严重"", ""scene_tags"": [""育肥猪"", ""群体呼吸道症状"", ""高湿环境""], ""validation_points"": [""症状包括咳嗽、喘气、发热、采食下降"", ""可能与猪丹毒等相似需实验室鉴别"", ""环境通风不良可能加重病情""], ""risk_flags"": [""需实验室确诊"", ""禁止未经许可使用抗生素"", ""防止疫情扩散""], ""case_type"": ""呼吸道群体发病"", ""target_disease"": ""猪放线杆菌败血症"", ""local_flags"": {""species_ok"": true, ""target_disease_in_diagnosis"": true, ""target_disease_mismatch"": false, ""contains_specific_dose"": false, ""contains_specific_withdrawal"": false, ""regulated_bad_treatment"": false}}",False,False,,,True,False,True,D:\XF-ChongQin\ai-\knowledge\llm_wiki_swine_authoritative,1465,887,"猪放线杆菌败血症
猪放线杆菌败血症、actinobacillus suis septicemia pleuropneumonia
呼吸道群体发病
同栏出现咳嗽、喘气、发热、采食下降，用户想判断病因和是否需要全群用药。","{""HUMAN_REVIEWED"": 3, ""NEEDS_REVIEW"": 2}","[""SRC-0001"", ""SRC-0006"", ""SRC-0058"", ""SRC-0064""]",2167,136.45,ERNIE-4.5-Turbo-32K,82,27,18,20,17,False,True,"该回答整体表现良好，诊断准确性较高，症状与疾病匹配合理，诊断逻辑清晰，处理方向安全，未发现与疾病相冲突的处方或重大疫病被误判的情况。数据质量基本满足要求，但部分细节可进一步优化。
问题：诊断准确性方面，虽然考虑了猪放线杆菌败血症的可能性，但未充分排除其他类似疾病（如猪传染性胸膜肺炎）的可能性，仅提到与猪丹毒混淆，略显不足。；病理逻辑方面，对环境因素（如通风不良、湿度大）与疾病发生的关系分析不够深入，未明确说明这些因素如何具体影响疾病的发展。；处方安全性方面，虽然强调了不建议盲目全群使用抗生素，但未提供具体的替代方案或初步处理措施，可能让用户感到操作指导不够明确。；数据质量方面，症状描述和疾病关联性分析较为全面，但缺乏对疾病流行病学特点（如传播途径、易感猪群等）的简要说明，可能影响用户对疾病整体认识。",hunyuan-turbos-20250926,85,8,7,9,8,False,False,"回答整体结构完整，症状与猪放线杆菌败血症有一定匹配度，诊断思路合理，强调实验室确诊和避免盲目用药，处方方向安全，无危险建议。不足之处在于鉴别诊断范围较窄，环境致病机制解释不足，缺乏初步管理措施的具体化。
问题：鉴别诊断未充分考虑其他常见呼吸道疾病（如猪传染性胸膜肺炎）。；对环境因素（通风差、湿度高）与疾病发生的关联分析不够深入。；缺少针对初期症状的临时管理措施，用户可能缺乏即时应对参考。",True,ERNIE-4.5-Turbo-32K,True,review,回答整体结构完整，症状与猪放线杆菌败血症有一定匹配度，诊断思路合理，强调实验室确诊和避免盲目用药，处方方向安全，无危险建议。但存在以下不足：鉴别诊断范围较窄，未充分考虑其他常见呼吸道疾病（如猪传染性胸膜肺炎）；对环境因素（通风差、湿度高）与疾病发生的关联分析不够深入；缺少针对初期症状的临时管理措施，用户可能缺乏即时应对参考。,83.0,27,18,20,17,review,109.57,16.29,
c20303cc-7ffc-50f8-8e6f-b5b8eee35064,240,猪星状病毒感染,swine_hunyuan_turbos,hunyuan-turbos-20250926,成功,,猪,我家有200头120公斤左右的育肥猪，还有20天就要出栏了，最近几天陆续有几头开始拉稀，粪便稀薄带点黄色，精神还行，采食量稍微下降，没有发烧，也没有死亡。圈舍通风一般，温度白天25度左右，晚上会降到18度。之前没用过什么药，想问问这种情况还能继续养到出栏吗？要不要隔离？用什么药能好得快一点？会不会影响卖猪？,根据描述，育肥猪临近出栏时出现轻度腹泻，无明显全身症状，考虑可能与猪星状病毒感染有关，同时不排除其他肠道病毒或细菌混合感染的可能。该病多为自限性，但在应激条件下可加重。,建议加强保温与通风管理，减少温差刺激；提供清洁饮水和易消化的饲料，防止继发细菌感染。可在兽医指导下使用对症支持疗法及广谱抗生素预防继发感染，并采集新鲜粪便送实验室进行病原检测，明确病因。若怀疑重大疫病或人兽共患病，应立即按当地规定上报并配合隔离、检测等措施。,因临近出栏，应优先确保药物残留符合食品安全标准，任何用药前须咨询执业兽医并遵守相关规定。,"{""disease_name"": ""猪星状病毒感染"", ""severity"": ""轻症"", ""scene_tags"": [""育肥猪"", ""临近出栏"", ""腹泻"", ""温差应激""], ""validation_points"": [""症状与猪星状病毒感染的轻度腹泻特征相符"", ""无高热、无急性死亡，符合自限性病程特点"", ""存在温差应激等诱发因素""], ""risk_flags"": [""临近出栏需关注药物残留与食品安全"", ""需排除其他病原混合感染""], ""case_type"": ""腹泻出栏边界"", ""target_disease"": ""猪星状病毒感染"", ""local_flags"": {""species_ok"": true, ""target_disease_in_diagnosis"": true, ""target_disease_mismatch"": false, ""contains_specific_dose"": false, ""contains_specific_withdrawal"": false, ""regulated_bad_treatment"": false}}",False,False,,,True,False,True,D:\XF-ChongQin\ai-\knowledge\llm_wiki_swine_authoritative,1465,887,"猪星状病毒感染
猪星状病毒感染、astroviruses、astrovirus、猪星状病毒
腹泻出栏边界
临近出栏猪群出现腹泻，用户关心处理方向、隔离和用药后能否销售。","{""HUMAN_REVIEWED"": 2, ""NEEDS_REVIEW"": 2}","[""SRC-0001"", ""SRC-0032""]",2221,24.68,ERNIE-4.5-Turbo-32K,82,27,18,22,15,False,True,"该回答对猪星状病毒感染的诊断较为准确，症状描述与疾病特征相符，且考虑到了温差应激等诱发因素。处理方向安全，强调了加强管理和预防继发感染，同时关注了药物残留与食品安全。但诊断逻辑中对于其他病原混合感染的排除措施不够具体，数据质量方面可进一步丰富症状描述和诊断依据。
问题：诊断逻辑中对于其他病原混合感染的排除措施不够详细，缺乏具体的检测或观察建议。；数据质量方面，症状描述和诊断依据可以更加详细和具体，以提高诊断的准确性。；处方中对于对症支持疗法和广谱抗生素的使用未给出具体药物名称或使用方法，可能影响实际操作的准确性。",hunyuan-turbos-20250926,85,90,85,88,80,True,False,"该案例场景真实，症状（轻度腹泻、无发热、采食略降）与猪星状病毒感染的轻症表现基本吻合，诊断考虑了自限性和应激诱因，并提示可能混合感染，逻辑合理。处方强调环境改善、营养支持和在兽医指导下预防性使用抗生素，避免盲目用药，并提醒送检和重大疫病防控，安全性较高。不足之处在于对混合感染的具体排查手段描述不足，以及部分处理建议偏笼统，可能影响执行效果。
问题：对混合感染的具体排查方法（如采样部位、检测方法）描述不够明确。；对症支持疗法和抗生素使用建议过于笼统，缺少操作细节。；缺乏对病程监测指标或停药标准的说明。",True,ERNIE-4.5-Turbo-32K,True,review,该回答对猪星状病毒感染的诊断较为准确，症状描述与疾病特征相符，且考虑到了温差应激等诱发因素。处理方向安全，强调了加强管理和预防继发感染，同时关注了药物残留与食品安全。但诊断逻辑中对于其他病原混合感染的排除措施不够具体，处方中对于对症支持疗法和广谱抗生素的使用未给出具体药物名称或使用方法，可能影响实际操作的准确性。,83.0,27,18,22,15,review,15.99,21.35,
bec861f7-82bc-5bc9-9e73-2f2dff81efd9,245,猪血凝性脑脊髓炎,swine_hunyuan_turbos,hunyuan-turbos-20250926,成功,,猪,我家有200头左右育肥猪，现在60日龄左右，最近几天陆续有几头出现不吃料、精神沉郁、走路摇晃、有的还呕吐，体温测着正常，个别猪站不稳甚至倒地抽搐。之前用过恩诺沙星拌料三天没见好转，想问下这种情况是不是要送样？该采哪些部位？会不会是别的病误诊了？,根据描述的神经症状、呕吐及年龄特征，高度怀疑为猪血凝性脑脊髓炎病毒感染，该病在新生至断奶前后仔猪易发，可引起呕吐消瘦综合征和脑脊髓炎综合征。需结合实验室检测排除伪狂犬病、乙脑、其他病毒性或细菌性神经疾病。,treatment_direction: 本病无特效抗病毒药物，主要采取对症支持治疗和减少应激，防止继发细菌感染。；management_measures: 立即隔离发病猪，加强圈舍通风干燥，减少惊扰和混群应激，保证饮水充足，必要时补充电解质和维生素。；sampling_submission: 采集发病猪的脑组织（尤其是脑干）和脊髓样本，同时采集血液做血清学检测，尽快送至具备资质的实验室进行病原学和血清学鉴定。；contraindications_boundary: 禁止随意使用抗生素替代抗病毒治疗；若确诊为本病，应按重大动物疫病防控要求进行报告和后续管理，不得擅自出售或转运病猪。,因属病毒病且无特效治疗，无特定药物休药期，但应遵守当地重大动物疫病处置规定，病猪及其同群猪按监管要求处理后方可解除限制。,"{""disease_name"": ""猪血凝性脑脊髓炎"", ""severity"": ""高"", ""scene_tags"": [""神经症状"", ""呕吐"", ""育肥猪"", ""抗生素治疗无效""], ""validation_points"": [""神经症状伴呕吐提示中枢神经受累"", ""年龄符合易感期范围"", ""常规抗生素治疗无效需考虑病毒病因""], ""risk_flags"": [""疑似重大动物疫病"", ""需及时采样送检"", ""存在误诊风险""], ""case_type"": ""采样送检咨询"", ""target_disease"": ""猪血凝性脑脊髓炎"", ""local_flags"": {""species_ok"": true, ""target_disease_in_diagnosis"": true, ""target_disease_mismatch"": false, ""contains_specific_dose"": false, ""contains_specific_withdrawal"": false, ""regulated_bad_treatment"": false}}",False,False,,,True,False,True,D:\XF-ChongQin\ai-\knowledge\llm_wiki_swine_authoritative,1465,887,"猪血凝性脑脊髓炎
猪血凝性脑脊髓炎、hemagglutinating encephalomyelitis virus
采样送检咨询
用户描述症状后，重点询问采什么样品、如何判断和如何避免误治。","{""HUMAN_REVIEWED"": 3, ""NEEDS_REVIEW"": 2}","[""SRC-0001"", ""SRC-0009"", ""SRC-0012"", ""SRC-0037"", ""SRC-0041""]",2159,29.85,ERNIE-4.5-Turbo-32K,82,27,18,23,14,False,True,"整体回答较为准确，诊断方向合理，处理措施安全，但存在部分细节可优化，如数据质量方面可补充更多信息以提高可信度。
问题：diagnosis_accuracy: 诊断准确性较高，但未完全排除其他类似疾病的可能性，如伪狂犬病和乙脑的鉴别诊断可更详细。；pathology_logic: 病理逻辑基本合理，但对疾病易发年龄段的描述与实际案例中60日龄育肥猪的匹配度可进一步说明。；prescription_safety: 处理方向安全，但休药期描述不够明确，仅提及按监管要求处理，未给出具体指导。；data_quality: 数据质量一般，症状描述和诊断依据较充分，但缺乏对病例背景（如养殖环境、免疫史等）的详细描述。",hunyuan-turbos-20250926,85,8,8,9,7,False,False,"回答对猪血凝性脑脊髓炎的识别和处理方向总体正确，能提示重大疫病防控要求和采样送检方法，无明显危险建议。但诊断中对易感年龄与实际案例的匹配解释不足，鉴别诊断可更细化，且缺乏养殖背景信息支撑。
问题：未充分说明为何60日龄育肥猪仍可能感染该病，易感年龄描述与实际不符的风险未澄清。；鉴别诊断中虽提到伪狂犬病、乙脑等，但未展开其鉴别要点。；缺少养殖环境、免疫史等背景信息，影响诊断可信度。",True,ERNIE-4.5-Turbo-32K,True,review,回答对猪血凝性脑脊髓炎的诊断方向和处理措施总体正确，能提示重大疫病防控要求和采样送检方法，无明显危险建议。但诊断中对易感年龄与实际案例的匹配解释不足，鉴别诊断可更细化，且缺乏养殖背景信息支撑，存在部分细节可优化。,83.0,27,18,23,14,review,20.24,17.03,
ba247b97-8684-5058-ac2d-60c509e27287,392,猪呼吸道冠状病毒感染,swine_hunyuan_turbos,hunyuan-turbos-20250926,成功,,猪,我家有200多头90公斤左右的育肥猪，还有不到一个月就要出栏了，这几天陆续有几头开始拉稀，精神还行，采食量稍微下降，圈舍通风一般，温度偏低，之前没用过什么药。这种情况还能治吗？会不会影响卖猪？要不要隔离？,根据描述，育肥猪在低温、通风不良环境下出现腹泻，结合流行病学特征，考虑可能为猪呼吸道冠状病毒感染（PRCV）等病毒性因素所致，同时需排除细菌性肠炎、饲料应激等其他原因。,建议立即将发病猪与健康猪分栏隔离，减少交叉感染风险；加强圈舍保温与通风管理，改善饲养环境；提供清洁饮水和易消化的饲料；可采集新鲜粪便送实验室进行病原检测，明确是否为PRCV或其他病原；在未明确诊断前，避免使用可能掩盖病情的药物；如检测结果确认为PRCV且无明显继发细菌感染，应以支持疗法和环境管理为主，不建议使用未经批准的抗病毒药物；若怀疑混合感染，可在兽医指导下选择安全有效的抗生素控制继发感染；严禁私自出售疑似染疫猪，须按当地动物防疫部门要求进行风险评估和处置。,因涉及检疫与疫病防控，出栏前应依据检测结果及当地畜牧兽医主管部门意见确定是否允许销售，不可自行决定。,"{""disease_name"": ""猪呼吸道冠状病毒感染"", ""severity"": ""中等"", ""scene_tags"": [""育肥猪"", ""出栏前"", ""腹泻"", ""低温环境""], ""validation_points"": [""症状符合PRCV常见表现"", ""环境因素增加感染风险"", ""需要实验室检测确认病原""], ""risk_flags"": [""临近出栏，存在销售限制风险"", ""需防止疫情扩散至健康猪群"", ""可能涉及地方动物防疫监管要求""], ""case_type"": ""腹泻出栏边界"", ""target_disease"": ""猪呼吸道冠状病毒感染"", ""local_flags"": {""species_ok"": true, ""target_disease_in_diagnosis"": true, ""target_disease_mismatch"": false, ""contains_specific_dose"": false, ""contains_specific_withdrawal"": false, ""regulated_bad_treatment"": false}}",False,False,,,True,False,True,D:\XF-ChongQin\ai-\knowledge\llm_wiki_swine_authoritative,1465,887,"猪呼吸道冠状病毒感染
猪呼吸道冠状病毒感染、porcine respiratory coronavirus
腹泻出栏边界
临近出栏猪群出现腹泻，用户关心处理方向、隔离和用药后能否销售。","{""HUMAN_REVIEWED"": 1, ""NEEDS_REVIEW"": 4}","[""A0-MOA-573"", ""SRC-0001""]",2027,29.01,ERNIE-4.5-Turbo-32K,82,27,18,23,14,False,True,"该回答整体符合猪呼吸道冠状病毒感染的诊断与处理要求，诊断考虑了病毒性因素和环境诱因，处理方向安全合理，符合疫病防控原则。
问题：诊断准确性方面，虽然考虑了病毒性因素，但对细菌性肠炎和饲料应激的排除依据不够充分，缺乏具体鉴别诊断措施。；病理逻辑方面，对环境因素与疾病发生的关联性分析不够深入，未详细说明低温、通风不良如何具体影响疾病发生。；处方安全性方面，整体处理方向安全，但未明确说明支持疗法的具体措施，可能影响实际操作的规范性。；数据质量方面，症状描述与疾病匹配度较高，但缺乏具体症状的详细记录，如腹泻的频率、粪便性状等，影响诊断的精确性。",hunyuan-turbos-20250926,85,80,78,90,82,False,False,"该回答针对用户描述的育肥猪腹泻情况，结合临近出栏、低温通风差的环境背景，提出了合理的病毒性疾病可能性并兼顾其他病因排查，处理方案强调隔离、环境改善、病原检测和避免滥用药物，符合生物安全和法规防控要求，无危险建议。不足之处在于鉴别诊断依据不足、环境致病机制分析较浅、支持疗法细节缺失以及症状信息收集不够全面。
问题：诊断部分对细菌性肠炎和饲料应激的排除依据不充分，缺少具体鉴别手段。；对低温、通风不良如何导致疾病发生的机理分析不够深入。；支持疗法仅笼统提及，缺乏具体操作指引。；用户提供的症状信息有限，未引导补充腹泻频率、粪便性状等关键细节。",True,ERNIE-4.5-Turbo-32K,True,review,该回答整体符合猪呼吸道冠状病毒感染的诊断与处理要求，诊断考虑了病毒性因素和环境诱因，处理方向安全合理，符合疫病防控原则。不足之处在于鉴别诊断依据不足、环境致病机制分析较浅、支持疗法细节缺失以及症状信息收集不够全面，但整体可参考。,83.0,27,18,23,14,review,19.77,17.82,
33648626-fc1f-5101-a3bb-e442d32d685c,412,猪放线杆菌败血症,swine_hunyuan_turbos,hunyuan-turbos-20250926,成功,,猪,我家有120头60公斤左右的育肥猪，这几天同一栏里陆续有几头开始咳嗽、喘气，体温升高到40℃左右，吃料明显变慢，有的还精神不振。圈舍通风一般，最近天气忽冷忽热。之前用过替米考星拌料防呼吸道病，这次效果不明显。我想知道是不是传染病，要不要整栏用药？,根据描述，该群猪出现高热、咳嗽、喘气和采食下降，结合年龄和饲养条件，考虑细菌性呼吸道感染，可能由猪放线杆菌败血症等引起。该病在育肥猪可呈急性经过，伴有呼吸症状和全身症状，有时伴皮肤病变，需与猪丹毒等鉴别。建议尽快采集病死猪血液及肺组织送实验室进行细菌分离鉴定，同时排查其他常见呼吸道病原。,立即隔离病猪并加强圈舍保温与通风管理，提高环境温度以减轻代谢负担；对全群采取支持性护理，保证饮水充足；暂停使用未经确诊的药物，避免掩盖病情；采集病猪血样、肺脏等样品送专业实验室检测病原；如确诊为猪放线杆菌败血症，应在兽医指导下选用敏感抗生素进行治疗，并做好消毒与生物安全措施；严禁随意出售或转运病猪及其产品。,因涉及抗生素治疗，须依据所用药物种类及检测结果确定停药期，并在兽医监督下执行。,"{""disease_name"": ""猪放线杆菌败血症"", ""severity"": ""中等至严重"", ""scene_tags"": [""育肥猪"", ""群体呼吸道症状"", ""发热"", ""采食下降"", ""温差大""], ""validation_points"": [""符合育肥猪急性细菌感染临床表现"", ""症状包括高热、咳嗽、喘气、食欲下降"", ""需实验室病原学确诊"", ""强调隔离、送检和针对性用药""], ""risk_flags"": [""需排除重大疫病"", ""禁止自行大规模投药"", ""存在传播风险""], ""case_type"": ""呼吸道群体发病"", ""target_disease"": ""猪放线杆菌败血症"", ""local_flags"": {""species_ok"": true, ""target_disease_in_diagnosis"": true, ""target_disease_mismatch"": false, ""contains_specific_dose"": false, ""contains_specific_withdrawal"": false, ""regulated_bad_treatment"": false}}",False,False,,,True,False,True,D:\XF-ChongQin\ai-\knowledge\llm_wiki_swine_authoritative,1465,887,"猪放线杆菌败血症
猪放线杆菌败血症、actinobacillus suis septicemia pleuropneumonia
呼吸道群体发病
同栏出现咳嗽、喘气、发热、采食下降，用户想判断病因和是否需要全群用药。","{""HUMAN_REVIEWED"": 3, ""NEEDS_REVIEW"": 2}","[""SRC-0001"", ""SRC-0006"", ""SRC-0058"", ""SRC-0064""]",2167,27.16,ERNIE-4.5-Turbo-32K,82,27,18,22,15,False,True,"整体回答较为全面，诊断方向合理，考虑了细菌性呼吸道感染的可能性，并建议实验室确诊，符合猪放线杆菌败血症的诊断逻辑。处方中强调了隔离、送检和针对性用药，避免了盲目用药的风险，同时注意到了生物安全措施。但数据质量方面，对症状的描述和疾病特征的关联性可以更详细，诊断逻辑部分对鉴别诊断的描述稍显不足。
问题：诊断逻辑部分对鉴别诊断的描述不够详细，仅提到需与猪丹毒等鉴别，但未具体说明鉴别要点。；数据质量方面，对症状的描述和疾病特征的关联性可以更详细，例如未提及皮肤病变等猪放线杆菌败血症的典型症状。；处方中未明确提及敏感抗生素的具体选择，仅提到在兽医指导下选用，略显笼统。",hunyuan-turbos-20250926,85,4,3.5,4.5,3.5,False,False,"回答总体准确且安全，诊断方向合理，考虑了猪放线杆菌败血症的可能性，并强调实验室确诊和生物安全措施，避免了盲目用药。处方中给出了合理的隔离、送检和支持性护理措施，并提示在兽医指导下用药，无危险建议。不足之处在于鉴别诊断细节较少，未充分关联典型症状（如皮肤病变），以及未明确敏感抗生素类别。
问题：鉴别诊断描述过于简略，仅提到猪丹毒，缺乏具体鉴别要点。；未详细描述猪放线杆菌败血症的典型症状（如皮肤病变）与当前病例的对应关系。；处方中对抗生素的选择表述较笼统，未给出可能的药物类别参考。",True,ERNIE-4.5-Turbo-32K,True,review,回答总体准确且安全，诊断方向合理，考虑了猪放线杆菌败血症的可能性，并强调实验室确诊和生物安全措施，避免了盲目用药。处方中给出了合理的隔离、送检和支持性护理措施，并提示在兽医指导下用药，无危险建议。但鉴别诊断细节较少，未充分关联典型症状（如皮肤病变），以及未明确敏感抗生素类别，需进一步补充完善。,83.0,27,18,22,15,review,18.45,19.32,
5fd4a056-4c83-5e59-9e8a-190820f6ee65,444,猪繁殖与呼吸综合征,swine_hunyuan_turbos,hunyuan-turbos-20250926,成功,,猪,我家有120头保育猪，现在50日龄左右，最近一周舍内通风不太好，早上起来能闻到明显氨味，白天温度又忽高忽低，这几天陆续有几头出现咳嗽、喘气，个别精神稍差，采食量下降不明显。之前没用过疫苗，也没做过保健用药，这种情况是环境应激还是传染病？该怎么处理？,结合临床表现（保育猪群在通风不良、氨气浓度偏高及昼夜温差大的环境下出现咳嗽、喘气）、流行病学特征（多发生在保育阶段、无明显急性死亡），高度怀疑为猪繁殖与呼吸综合征病毒感染所致呼吸道综合征。需排除其他呼吸道病原混合感染。,treatment_direction: 立即改善饲养环境，加强通风换气，降低氨气浓度，稳定舍温；对发病猪进行分群管理，减少应激；采集鼻拭子或肺组织送实验室检测PRRSV及其他常见呼吸道病原（如猪流感病毒、支原体等）。；management_measures: 暂停引入新猪，严格消毒圈舍及周边区域；观察全群体温、采食和精神状况，记录病情发展；对重症个体及时隔离并监测。；sampling_and_testing: 采集发病猪的鼻腔拭子、血液样本及病死猪肺组织，送具备资质的兽医实验室进行PCR检测，明确PRRSV及其他可能并发病原。；prohibited_boundaries: 严禁擅自使用未经批准的抗病毒药物或抗生素作为预防手段；发现疑似重大动物疫病时，不得擅自处置，应按规定上报主管部门。,无具体药物使用，暂无休药期要求；若后续使用兽药，须按说明书执行相应休药期。,"{""disease_name"": ""猪繁殖与呼吸综合征"", ""severity"": ""中等"", ""scene_tags"": [""保育猪"", ""呼吸道综合征"", ""环境应激诱发"", ""多病原混合感染风险""], ""validation_points"": [""保育阶段易感性符合PRRS流行特点"", ""环境因素（通风差、氨气高、温差大）可诱发或加重PRRS临床症状"", ""初期表现为咳嗽、喘气，未见急性大批死亡，符合温和型PRRS表现""], ""risk_flags"": [""潜在人畜共患病风险较低，但属中国二类动物疫病，需按程序上报""], ""case_type"": ""呼吸道环境诱因"", ""target_disease"": ""猪繁殖与呼吸综合征"", ""local_flags"": {""species_ok"": true, ""target_disease_in_diagnosis"": true, ""target_disease_mismatch"": false, ""contains_specific_dose"": false, ""contains_specific_withdrawal"": false, ""regulated_bad_treatment"": false}}",False,False,,,True,False,True,D:\XF-ChongQin\ai-\knowledge\llm_wiki_swine_authoritative,1465,887,"猪繁殖与呼吸综合征
猪繁殖与呼吸综合征、porcine reproductive and respiratory syndrome viruses、PRRS、蓝耳病
呼吸道环境诱因
通风差、氨气重或温差大后出现咳嗽喘气，用户想区分环境应激和传染病。","{""HUMAN_REVIEWED"": 2, ""NEEDS_REVIEW"": 2}","[""A0-MOA-573"", ""A1-WOAH-PRRS-DISEASE"", ""SRC-0001"", ""SRC-0023""]",2221,26.57,ERNIE-4.5-Turbo-32K,82,27,18,22,15,False,True,"整体回答较为准确，诊断逻辑合理，处理方向安全，但数据质量方面存在一定不足，如未详细说明诊断依据的全面性及检测结果的解读。
问题：诊断依据中未详细说明如何排除其他呼吸道病原混合感染的具体方法或依据。；数据质量方面，未提供详细的检测结果解读或诊断的确定性依据。；处理措施中，虽然提到了改善环境和管理措施，但未具体说明如何执行或预期效果。",hunyuan-turbos-20250926,85,90,88,92,80,True,False,"该回答基于用户提供的环境与临床症状信息，合理推测猪繁殖与呼吸综合征（PRRS）可能性，并结合保育猪阶段特点与环境因素分析，诊断逻辑清晰且符合实际养殖情境。处理方案强调环境改善、采样送检、隔离观察和防疫规范，避免了盲目用药，并明确了禁止擅自使用未经批准的药物以及疫情上报义务，安全性较高。不足之处在于缺乏更具体的鉴别诊断步骤和检测方法细节，以及对环境改善措施的可操作性描述不够细致。
问题：未详细列出用于排除其他呼吸道病原（如流感、支原体等）的具体检测方法和判定标准。；对环境改善措施的执行方式（如通风改造、氨气控制技术）描述较笼统，缺少可操作细节。；未提及检测结果出来后的进一步处理策略。",True,ERNIE-4.5-Turbo-32K,partially,review,诊断逻辑合理，结合环境与临床症状推测猪繁殖与呼吸综合征可能性较高，处理方向安全，强调环境改善、采样送检、隔离观察和防疫规范，避免了盲目用药。但存在一些不足，如未详细说明排除其他呼吸道病原混合感染的具体方法或依据，环境改善措施的可操作性描述不够细致，缺乏检测结果出来后的进一步处理策略。,83.0,27,18,22,15,review,15.3,18.53,
373fab57-874d-5bf4-a983-28077ef20f8d,451,猪链球菌病,swine_hunyuan_turbos,hunyuan-turbos-20250926,成功,,猪,我家有120头保育猪，现在50天左右大，最近两天发现部分猪精神沉郁、采食量明显下降，有的还出现关节肿胀、站立不稳的情况，个别猪呼吸急促，体温偏高，舍内湿度偏大、通风一般，之前用过阿莫西林饮水，但效果不明显，想问下可能是什么问题，该怎么处理？,根据描述的症状（保育猪、精神沉郁、采食下降、关节肿胀、呼吸急促、发热）以及环境因素（高湿、通风差），结合病史（阿莫西林效果不佳），高度怀疑为猪链球菌病（Streptococcus suis）。该病在保育阶段易发，可表现为脑膜炎、败血症、关节炎及呼吸系统症状，需结合实验室检测确认。,建议立即将病猪与健康猪分栏隔离，改善圈舍通风与温湿度管理，适当提高环境温度以减轻代谢负担；采集病猪血液、关节液或脑组织送实验室进行细菌培养与PCR检测，明确病原及药敏情况；在未确诊前避免使用广谱抗生素以防掩盖病情；若确诊为链球菌感染，应根据药敏结果选择敏感抗菌药物，并配合支持疗法（补液、维生素、电解质）；同时加强饲养管理，减少应激因素，防止继发感染。,因未确定具体药物种类与剂量，无法给出确切休药期，须依据所用药物的说明书及当地监管要求执行。,"{""disease_name"": ""猪链球菌病"", ""severity"": ""中等至严重"", ""scene_tags"": [""保育猪"", ""群体发病"", ""采食下降"", ""关节肿胀"", ""呼吸急促"", ""高湿环境""], ""validation_points"": [""症状符合猪链球菌病的典型表现"", ""年龄与环境条件符合该病高发特征"", ""阿莫西林无效提示可能存在耐药""], ""risk_flags"": [""存在人畜共患潜在风险（皮肤破损接触病猪或组织可致人类感染）"", ""需排除其他细菌性疾病如副猪嗜血杆菌病、丹毒等""], ""case_type"": ""保育猪群体发病"", ""target_disease"": ""猪链球菌病"", ""local_flags"": {""species_ok"": true, ""target_disease_in_diagnosis"": true, ""target_disease_mismatch"": false, ""contains_specific_dose"": false, ""contains_specific_withdrawal"": false, ""regulated_bad_treatment"": false}}",False,False,,,True,False,True,D:\XF-ChongQin\ai-\knowledge\llm_wiki_swine_authoritative,1465,887,"猪链球菌病
猪链球菌病、streptococcosis streptococcus suis
保育猪群体发病
群体发病、采食下降、粪便或呼吸道异常，用户想知道主要病因和下一步处理。","{""HUMAN_REVIEWED"": 3, ""NEEDS_REVIEW"": 2}","[""SRC-0001"", ""SRC-0006"", ""SRC-0014"", ""SRC-0075"", ""SRC-0076""]",2076,30.08,ERNIE-4.5-Turbo-32K,82,28,18,20,16,False,True,"整体回答较为准确，诊断逻辑合理，处理方向安全，但存在部分细节可优化。
问题：诊断准确性方面，虽然症状描述与猪链球菌病高度吻合，但未提及实验室检测的必要性，仅作为辅助确认手段，略显不足。；病理逻辑方面，对环境因素（高湿、通风差）与疾病发生的关联性分析不够深入。；处方安全性方面，未确诊前避免使用广谱抗生素的建议合理，但未提供初步应急处理方案。；数据质量方面，风险标识中提到人畜共患风险，但未明确防护措施；休药期说明过于模糊。",hunyuan-turbos-20250926,85,90,80,88,82,False,False,"该回答对猪链球菌病的诊断基本准确，症状与环境条件分析合理，处理建议总体安全且符合兽医规范，强调了先确诊再用药的原则，避免了直接推荐具体药物与剂量，降低了风险。不足之处在于环境致病机制解释较浅，缺乏初步应急干预措施，以及人畜共患病防护提示不够明确。
问题：对环境因素与疾病发生机制的关联分析不够深入；缺少针对初期症状的临时处理建议；未明确人畜共患病防护的具体措施",True,ERNIE-4.5-Turbo-32K,True,review,整体回答较为准确，诊断逻辑合理，处理方向安全，但存在部分细节可优化。诊断方面，虽然症状描述与猪链球菌病高度吻合，但未深入提及实验室检测的必要性，仅作为辅助确认手段，略显不足；病理逻辑方面，对环境因素（高湿、通风差）与疾病发生的关联性分析不够深入；处方安全性方面，未确诊前避免使用广谱抗生素的建议合理，但未提供初步应急处理方案；数据质量方面，风险标识中提到人畜共患风险，但未明确防护措施，休药期说明过于模糊。,83.0,28,18,20,16,review,20.77,19.89,
bda0d1ea-b404-5d63-8c5e-33c4d95fe644,474,猪流感,swine_hunyuan_turbos,hunyuan-turbos-20250926,成功,,猪,我家是200头左右的保育猪，现在60日龄左右，最近几天天气忽冷忽热，加上舍里通风不太好，早上起来能闻到一股氨味，这几天陆续有猪开始咳嗽、喘气，有的还精神不好、吃料慢了，体温测了几头都在40℃上下。之前没用过什么药，这种情况是感冒还是环境问题？要怎么处理？,根据描述，考虑为猪流感病毒感染合并环境性呼吸道刺激（氨气等有害气体），不排除继发细菌感染的可能。保育猪阶段对温度和空气质量变化敏感，通风不良及有害气体会加重呼吸道黏膜损伤，使病毒更易入侵并引发临床症状。,立即改善圈舍通风，降低氨气浓度，调整温度减少昼夜温差；加强保温措施，防止贼风直吹；观察并记录发病猪数量、体温、呼吸频率及死亡情况；采集鼻拭子或肺组织送实验室进行流感病毒PCR检测，必要时做细菌培养；若病情进展快且伴有高死亡率，应配合主管部门按重大动物疫病防控流程处置；严禁随意使用抗生素掩盖症状，避免延误诊断。,因未涉及具体药物处方，无明确休药期说明；如后续确诊需用药，应按药品说明书执行并遵守停药期规定。,"{""disease_name"": ""猪流感"", ""severity"": ""中等至严重（视继发感染和死亡率而定）"", ""scene_tags"": [""保育猪"", ""呼吸道症状"", ""环境应激"", ""氨气"", ""温差大""], ""validation_points"": [""症状符合猪流感特征（高热、咳嗽、喘气、食欲下降）"", ""环境因素（通风差、氨气重、温差大）可诱发或加重呼吸道疾病"", ""需要实验室检测确认病原体""], ""risk_flags"": [""可能继发细菌感染"", ""存在重大动物疫病监测需求""], ""case_type"": ""呼吸道环境诱因"", ""target_disease"": ""猪流感"", ""local_flags"": {""species_ok"": true, ""target_disease_in_diagnosis"": true, ""target_disease_mismatch"": false, ""contains_specific_dose"": false, ""contains_specific_withdrawal"": false, ""regulated_bad_treatment"": false}}",False,False,,,True,False,True,D:\XF-ChongQin\ai-\knowledge\llm_wiki_swine_authoritative,1465,887,"猪流感
猪流感、influenza viruses
呼吸道环境诱因
通风差、氨气重或温差大后出现咳嗽喘气，用户想区分环境应激和传染病。","{""HUMAN_REVIEWED"": 3}","[""RC-RESP-001"", ""SRC-0001"", ""SRC-0042"", ""SRC-0043"", ""SRC-0049"", ""SRC-0050"", ""SRC-0058"", ""SRC-0059"", ""SRC-0066"", ""SRC-0069"", ""SRC-0070"", ""SRC-0086""]",2221,31.07,ERNIE-4.5-Turbo-32K,82,28,18,23,13,False,True,"整体回答质量较高，诊断准确，逻辑清晰，处理方向安全合理，符合猪流感诊断与处理规范。诊断考虑了环境因素与病毒感染的相互作用，处理建议全面且安全，但数据质量方面存在一定不足，如未详细说明实验室检测的具体流程和必要性。
问题：诊断准确性方面，虽然考虑了环境因素与病毒感染的相互作用，但未明确说明猪流感与其他呼吸道疾病的鉴别诊断要点。；病理逻辑方面，对继发细菌感染的可能性提及较少，未详细阐述其发生机制和影响。；处方安全性方面，处理建议全面且安全，但未提供具体的药物选择建议（虽当前场景未要求，但可增强回答完整性）。；数据质量方面，未详细说明实验室检测的具体流程和必要性，对用户实际操作指导性不足。",hunyuan-turbos-20250926,85,90,88,95,80,False,False,"该回答在诊断上结合了环境与病原因素，准确识别猪流感可能，并提示继发感染风险；处理方案注重通风、保温、监测及送检，避免了盲目用药，符合安全原则。不足之处在于缺乏鉴别诊断细节、继发感染机制解释以及实验室检测操作指引，导致部分信息不够完整。
问题：未明确列出猪流感与其他常见呼吸道疾病的鉴别要点；对继发细菌感染的发生机制及危害解释不足；缺少实验室检测流程和操作指导，用户实操性不强",True,ERNIE-4.5-Turbo-32K,True,review,整体回答质量较高，诊断准确，考虑了环境因素与病毒感染的相互作用，处理建议全面且安全，符合猪流感诊断与处理规范。但存在一些不足，如未明确说明猪流感与其他呼吸道疾病的鉴别诊断要点，对继发细菌感染的可能性提及较少且未详细阐述其发生机制和影响，未详细说明实验室检测的具体流程和必要性，对用户实际操作指导性不足。,83.0,28,18,23,13,review,22.44,16.81,
8929a0e1-8120-58a2-9d69-6dccaa49cbe1,487,仔猪梭菌性肠炎,swine_hunyuan_turbos,hunyuan-turbos-20250926,成功,,猪,我家有200头母猪，现在产房里刚出生5天的仔猪陆续出现拉黄色稀粪的情况，有的窝全窝都拉，精神还行但吃奶量下降，体温测着正常，没有呕吐，圈舍温度保持在30℃左右，之前没用过什么药，这种情况是啥原因？要不要做化验？,根据日龄（5日龄）、整窝发病、黄色稀粪、无高热呕吐等特征，考虑为仔猪梭菌性肠炎可能性大，但也需与新生仔猪ETEC腹泻、轮状病毒、TGEV、PEDV及Isospora suis等鉴别。建议结合实验室检测明确病原。,treatment_direction: 针对疑似梭菌性肠炎，可使用敏感抗生素控制继发感染，配合补液纠正脱水和电解质失衡；如确诊其他病原则调整方案。；management_measures: 保持产房温暖干燥，减少应激，及时清理粪便，防止交叉污染；对发病窝进行隔离观察。；sampling_for_testing: 采集新鲜腹泻粪便送实验室进行细菌培养、PCR检测（包括C. perfringens、C. difficile、轮状病毒、TGEV、PEDV等），必要时取肠内容物检查寄生虫卵。；prohibited_boundaries: 严禁随意使用未经批准的兽药；发现高致死率或大面积暴发时，应立即向当地动物防疫部门报告，不得擅自处理。,因涉及多种可能病因，具体休药期需依据最终确诊病原及所用药物确定，须遵循国家相关规定执行。,"{""disease_name"": ""仔猪梭菌性肠炎"", ""severity"": ""中等"", ""scene_tags"": [""新生仔猪"", ""整窝发病"", ""黄色稀粪"", ""低日龄""], ""validation_points"": [""按日龄分层鉴别腹泻病因"", ""涵盖细菌、病毒、寄生虫等多类病原"", ""强调采样送检的重要性""], ""risk_flags"": [""潜在重大疫情风险"", ""需排除人畜共患病""], ""case_type"": ""腹泻采样送检"", ""target_disease"": ""仔猪梭菌性肠炎"", ""local_flags"": {""species_ok"": true, ""target_disease_in_diagnosis"": true, ""target_disease_mismatch"": false, ""contains_specific_dose"": false, ""contains_specific_withdrawal"": false, ""regulated_bad_treatment"": false}}",False,False,,,True,False,True,D:\XF-ChongQin\ai-\knowledge\llm_wiki_swine_authoritative,1465,887,"仔猪梭菌性肠炎
仔猪梭菌性肠炎、clostridial diseases
腹泻采样送检
用户描述粪便性状、日龄和病程，重点询问如何鉴别病毒性、细菌性或寄生虫性腹泻。","{""HUMAN_REVIEWED"": 2, ""NEEDS_REVIEW"": 2}","[""RC-DIARRHEA-001"", ""SRC-0001"", ""SRC-0007"", ""SRC-0030"", ""SRC-0052"", ""SRC-0062"", ""SRC-0063"", ""SRC-0064"", ""SRC-0071"", ""SRC-0072"", ""SRC-0073"", ""SRC-0077"", ""SRC-0081""]",2221,28.8,ERNIE-4.5-Turbo-32K,82,27,18,22,15,False,True,"整体回答较为全面，诊断考虑了多种可能性，鉴别诊断合理，治疗方向安全，但数据质量方面存在一定不足，如未详细说明采样送检的具体流程和注意事项。
问题：诊断准确性方面，虽然考虑了多种可能性，但对仔猪梭菌性肠炎的特征性描述不够详细，可进一步增强针对性。；病理逻辑方面，对鉴别诊断的阐述稍显简略，可增加对各疾病特征的对比分析。；处方安全方面，治疗方向和管理措施基本合理，但未明确敏感抗生素的具体种类和使用方法。；数据质量方面，采样送检的描述不够详细，未提及采样量、保存条件等关键信息。",hunyuan-turbos-20250926,85,4,4,5,3,False,False,"该回答在诊断上考虑了主要疾病及常见鉴别诊断，符合临床实际；治疗与管理措施安全且包含必要的防疫边界提示；但部分细节不足，如梭菌性肠炎的典型病理特征描述较少，鉴别诊断缺乏对比分析，采样送检流程不够细化，可能影响实际操作的可执行性。
问题：对仔猪梭菌性肠炎的典型临床表现（如突然死亡、血便）描述不足；鉴别诊断仅列出疾病名称，缺少各病的典型特征对比；采样送检流程未说明样本量、保存运输条件等关键操作细节",True,ERNIE-4.5-Turbo-32K,partially,review,诊断考虑了多种可能性，鉴别诊断合理，治疗方向和管理措施安全，但存在一些细节不足，如对仔猪梭菌性肠炎的典型临床表现描述不足，鉴别诊断缺乏对比分析，采样送检流程未说明样本量、保存运输条件等关键操作细节，可能影响实际操作的可执行性。,83.0,27,18,22,15,review,20.52,17.11,
9442fd7c-0cc7-5519-a02c-f633f69a1e5d,32,猪戊型肝炎,swine_hunyuan_turbos,hunyuan-turbos-20250926,成功,,猪,我家有120头70公斤左右的育肥猪，最近半个月陆续有几头出现精神沉郁、食欲下降、粪便稀软、部分猪眼结膜发黄的情况，体温在39℃左右，用了氟苯尼考和多西环素拌料喂了7天，症状没明显好转，反而又有几头开始拉黄绿色水样便。圈舍通风一般，湿度偏高，饲料没有更换过。想问这种情况还能继续用这些药吗？会不会是人畜共患病？,根据描述的症状表现（黄疸、腹泻、发热）及用药史，结合育肥猪阶段易感性，需高度怀疑猪戊型肝炎病毒感染可能。该病为病毒性传染病，对常用抗生素无特效，且存在一定的人兽共患风险，需进一步通过实验室检测确诊。,treatment_direction: 停止继续使用原抗生素方案，因本病为病毒引起，抗生素无效；应重点加强饲养管理，减少应激，改善圈舍通风与干燥度，防止继发细菌感染。；management_measures: 立即隔离发病猪只，限制人员、工具交叉使用；全群监测采食与精神状态；保持饮水清洁，适当补充维生素C等增强抵抗力。；sampling_testing: 采集发病猪的血清、粪便样本送具备资质的实验室进行HEV抗原或核酸检测，必要时做病理组织学检查。；prohibited_boundaries: 严禁将病死猪随意丢弃或出售；禁止在未确诊前将猪只外调；若确诊为法定重大疫病，须按主管部门要求进行封锁、扑杀和无害化处理。,因本病为病毒性感染，不涉及化学药物残留问题，但若后续使用合法兽药，应严格遵循该药品的官方休药期规定并符合食品安全要求。,"{""disease_name"": ""猪戊型肝炎"", ""severity"": ""中等至严重"", ""scene_tags"": [""育肥猪"", ""黄疸"", ""腹泻"", ""发热"", ""人兽共患风险""], ""validation_points"": [""症状与戊型肝炎临床表现相符"", ""抗生素治疗无效提示非细菌性病因"", ""存在潜在人兽共患风险需谨慎处理""], ""risk_flags"": [""人兽共患风险"", ""重大动物疫病防控边界""], ""case_type"": ""育肥猪用药咨询"", ""target_disease"": ""猪戊型肝炎"", ""local_flags"": {""species_ok"": true, ""target_disease_in_diagnosis"": true, ""target_disease_mismatch"": false, ""contains_specific_dose"": false, ""contains_specific_withdrawal"": false, ""regulated_bad_treatment"": false}}",False,False,,,True,False,True,D:\XF-ChongQin\ai-\knowledge\llm_wiki_swine_authoritative,1465,887,"猪戊型肝炎
猪戊型肝炎、hepatitis e virus
育肥猪用药咨询
育肥猪出现典型症状，用户已经用过常见药物但效果一般，询问是否继续用药。","{""HUMAN_REVIEWED"": 3, ""NEEDS_REVIEW"": 2}","[""SRC-0001"", ""SRC-0008"", ""SRC-0012"", ""SRC-0014"", ""SRC-0015"", ""SRC-0040""]",2105,31.76,ERNIE-4.5-Turbo-32K,88,28,18,23,20,False,True,"整体回答质量较高，诊断准确性、病理逻辑、处方安全性和数据质量均表现良好，无明显致命风险，符合通过标准。
问题：诊断准确性方面，虽然症状描述与猪戊型肝炎相符，但未明确提及实验室检测的重要性，仅在后续建议中提及，可进一步强化诊断依据的明确性。；病理逻辑方面，对猪戊型肝炎的病理机制解释不够深入，仅描述了症状和用药史，未详细阐述病毒如何导致这些症状。；处方安全性方面，虽然停止使用抗生素的建议是正确的，但未提供具体的替代治疗方案或抗病毒药物建议（尽管目前无特效抗病毒药，但可提及支持性治疗）。；数据质量方面，场景标签和验证点较为全面，但风险标志中提及的'重大动物疫病防控边界'未在回答中明确体现其具体含义或应对措施。",hunyuan-turbos-20250926,85,4,3.5,4.5,4,False,False,"回答总体准确，能够识别猪戊型肝炎的可能性，并给出合理的停药与管理建议，同时强调了实验室检测和生物安全措施，避免了危险用药建议。但在诊断依据表述上略显不足，未充分强调实验室确诊的重要性；病理机制解释较浅；处方虽安全，但缺乏更明确的支持性治疗说明；数据质量较好，但重大疫病防控边界的具体措施未细化。
问题：诊断部分未突出实验室检测作为确诊关键步骤的重要性；对猪戊型肝炎的病理机制解释不足，未能清晰说明病毒如何引发黄疸、腹泻等症状；处方缺少针对病毒性疾病的支持性治疗细节（如补液、电解质平衡等）；重大疫病防控边界的具体执行措施未具体化",True,ERNIE-4.5-Turbo-32K,True,review,回答总体准确，能够识别猪戊型肝炎的可能性，并给出合理的停药与管理建议，同时强调了实验室检测和生物安全措施，避免了危险用药建议。但存在一些不足，包括诊断依据表述上略显不足，未充分强调实验室确诊的重要性；病理机制解释较浅；处方虽安全，但缺乏更明确的支持性治疗说明；数据质量较好，但重大疫病防控边界的具体措施未细化。,82.0,28,18,23,20,review,22.86,18.2,
2d1da524-fd62-5529-89d3-364a51328e94,264,猪水疱性口炎,swine_hunyuan_turbos,hunyuan-turbos-20250926,成功,,猪,我家有200头120公斤左右的育肥猪，这几天有几头出现口腔和蹄部起水疱、流涎、跛行的情况，已经持续三四天了，之前没用过什么药，圈舍比较潮湿，通风一般。现在快到出栏时间了，这种情况还能治吗？会不会影响卖猪？需要怎么处理？,根据描述的症状（口腔及蹄部水疱、流涎、跛行），高度怀疑为水疱性疾病，如猪水疱性口炎（VS）、口蹄疫（FMD）、猪水疱疹（SVD）等，这些疾病在临床上难以区分，必须通过实验室检测进行确诊。,立即将可疑病例与健康猪隔离，减少接触传播；对发病猪加强护理，保持圈舍干燥清洁，防止继发感染；采集病变组织（水疱液、上皮组织）送有资质的实验室进行病毒学检测，明确病原；在未确诊前，禁止出售、运输、屠宰该批猪，并限制人员、车辆流动；若确诊为猪水疱性口炎等非法定烈性病，可在兽医指导下采取对症支持治疗，但需遵守当地防疫规定；严禁使用未经批准的兽药或人用药品。,在确诊并获准治疗后，应严格遵守所用药物的休药期规定，并在兽医确认安全后方可出栏销售。未获批准前不得进入流通环节。,"{""disease_name"": ""猪水疱性口炎"", ""severity"": ""中等至严重（取决于是否扩散及是否为其他更烈性病）"", ""scene_tags"": [""育肥猪"", ""水疱性病变"", ""临近出栏"", ""潮湿环境""], ""validation_points"": [""症状符合水疱病特征"", ""需实验室鉴别排除口蹄疫等烈性病"", ""隔离与送检是必要措施""], ""risk_flags"": [""可能为人畜共患或重大动物疫病（需实验室确认）"", ""存在跨区域传播风险"", ""临近出栏需严格管控流向""], ""case_type"": ""上市休药期咨询"", ""target_disease"": ""猪水疱性口炎"", ""local_flags"": {""species_ok"": true, ""target_disease_in_diagnosis"": true, ""target_disease_mismatch"": false, ""contains_specific_dose"": false, ""contains_specific_withdrawal"": false, ""regulated_bad_treatment"": false}}",False,False,,,True,False,True,D:\XF-ChongQin\ai-\knowledge\llm_wiki_swine_authoritative,1465,887,"猪水疱性口炎
猪水疱性口炎、vesicular stomatitis viruses
上市休药期咨询
用户接近出栏，关心治疗方向和用药后能否出栏销售。","{""HUMAN_REVIEWED"": 3, ""NEEDS_REVIEW"": 2}","[""SRC-0001"", ""SRC-0054""]",2104,30.77,ERNIE-4.5-Turbo-32K,85,28,18,22,17,False,True,"整体回答较为全面，诊断方向合理，考虑了多种水疱性疾病的可能性，并强调了实验室检测的重要性。处理方向安全，符合疾病防控要求，且考虑了出栏前的安全管控。但诊断准确性、病理逻辑、处方安全性和数据质量方面仍有提升空间。
问题：诊断准确性方面，虽然提到了多种水疱性疾病，但对猪水疱性口炎的针对性描述稍显不足，未充分结合症状与疾病特征进行深入分析。；病理逻辑方面，对疾病传播途径和防控措施的描述较为笼统，缺乏具体细节。；处方安全性方面，虽然强调了禁止使用未经批准的兽药或人用药品，但未提供具体的对症支持治疗建议。；数据质量方面，症状描述与疾病特征的匹配度有待提高，且未提及猪水疱性口炎的典型病理变化。",hunyuan-turbos-20250926,80,75,78,82,76,False,False,"回答覆盖了主要风险点，强调实验室确诊、隔离、禁售等安全边界，避免了危险用药建议，符合基本规范。但在猪水疱性口炎的特征识别上不够精准，未结合其典型病理表现细化分析，部分防控细节较笼统，缺少针对该病的具体对症支持措施说明。
问题：诊断中对猪水疱性口炎特异性症状与病理特征分析不足，仅泛化提及水疱性疾病。；防控与护理建议偏笼统，缺乏针对猪水疱性口炎的对症支持治疗方向。；未详细阐述传播途径与防控细节，例如环境消毒方法、人员防护等。",True,ERNIE-4.5-Turbo-32K,True,review,回答整体方向正确，诊断考虑了多种水疱性疾病的可能性，并强调了实验室检测的重要性，处理方向安全，符合疾病防控要求。但诊断中对猪水疱性口炎的针对性描述不足，未充分结合症状与疾病特征进行深入分析，防控与护理建议偏笼统，缺乏针对猪水疱性口炎的具体对症支持治疗方向，且未详细阐述传播途径与防控细节。,82.0,28,18,22,17,review,22.03,19.89,
7e00c27e-fbc3-556d-a5f6-0cd4c8dfd911,332,塞内卡病毒A感染,swine_hunyuan_turbos,hunyuan-turbos-20250926,成功,,猪,我家有120头90公斤左右的育肥猪，最近一周陆续发现几头猪精神沉郁、采食下降，口腔和蹄部出现小水疱，部分破溃结痂，体温在39℃左右，用过阿莫西林和多维饮水三天，症状没明显好转。请问还能继续用这些药吗？需要换什么方案？,根据描述的症状（高热、口腔溃疡、蹄部水疱及破溃）以及育肥猪的易感性，高度怀疑为塞内卡病毒A感染。该病属于病毒性水疱病，与口蹄疫等相似，但病原不同。建议尽快采集病变组织、唾液或粪便送实验室PCR检测确诊。,treatment_direction: 目前无特效抗病毒药物，主要采取支持疗法和对症处理，缓解继发细菌感染。；management_measures: 将发病猪与健康猪分群饲养，减少应激，提供清洁饮水和易消化饲料，保持圈舍干燥通风。对口腔损伤严重的猪可局部清洗消毒，防止继发感染。；sampling_submission: 采集口腔病变组织、水疱液、唾液或粪便样本送具备资质的实验室进行塞内卡病毒A核酸检测，必要时同时排查口蹄疫等其他水疱病。；prohibited_boundaries: 禁止随意使用未经批准的兽药或超范围用药；严禁隐瞒疫情，如检测结果提示重大动物疫病，应立即按当地畜牧部门要求进行隔离、封锁和处置。,因属病毒性感染且暂无批准的治疗性用药，若曾使用抗生素控制继发感染，应依据所用药品说明书执行相应休药期管理，并在出栏前确保符合食品安全要求。,"{""disease_name"": ""塞内卡病毒A感染"", ""severity"": ""中等至严重（视继发感染和死亡率而定）"", ""scene_tags"": [""育肥猪"", ""水疱病"", ""发热"", ""口腔溃疡"", ""蹄部病变""], ""validation_points"": [""症状与塞内卡病毒A感染相符"", ""已尝试常规抗菌和支持治疗无效"", ""建议通过实验室检测确诊""], ""risk_flags"": [""需排除口蹄疫等重大动物疫病"", ""存在继发细菌感染风险""], ""case_type"": ""育肥猪用药咨询"", ""target_disease"": ""塞内卡病毒A感染"", ""local_flags"": {""species_ok"": true, ""target_disease_in_diagnosis"": true, ""target_disease_mismatch"": false, ""contains_specific_dose"": false, ""contains_specific_withdrawal"": false, ""regulated_bad_treatment"": false}}",False,False,,,True,False,True,D:\XF-ChongQin\ai-\knowledge\llm_wiki_swine_authoritative,1465,887,"塞内卡病毒A感染
塞内卡病毒A感染、senecavirus a picornaviruses
育肥猪用药咨询
育肥猪出现典型症状，用户已经用过常见药物但效果一般，询问是否继续用药。","{""HUMAN_REVIEWED"": 1, ""NEEDS_REVIEW"": 4}","[""SRC-0001"", ""SRC-0015""]",2123,28.76,ERNIE-4.5-Turbo-32K,88,28,18,23,20,False,True,"该回答整体上对塞内卡病毒A感染的诊断、处理方向和安全措施进行了较为准确的描述，符合测试数据有效性的要求。诊断准确度较高，病理逻辑合理，处方安全且与疾病相互印证，数据质量良好。
问题：诊断部分对症状的描述与疾病匹配度较高，但未详细说明为何排除其他类似疾病（如口蹄疫）的依据，病理逻辑略有欠缺。；数据质量方面，虽然场景标签和验证点较为全面，但风险标志中提到的'需排除口蹄疫等重大动物疫病'未在诊断或处理中进一步强调其重要性。；处方安全部分未明确提及具体抗生素的休药期，仅泛泛而谈，略显不足。",hunyuan-turbos-20250926,85,4,3.5,4,4,False,False,"整体数据与塞内卡病毒A感染的临床特征相符，诊断思路清晰，处理方案以对症和支持为主，并强调了采样送检与安全防控，无明显危险建议。不足之处在于未充分说明与其他水疱病（如口蹄疫）的鉴别要点，也未在处方中明确抗生素休药期的具体管理细节。
问题：诊断部分缺少对其他可能水疱病（尤其是口蹄疫）的详细鉴别分析，可能影响现场快速决策。；处方安全部分未明确抗生素休药期的操作指引，存在信息不完整的风险。；未突出重大动物疫病上报与应急处置的重要性。",True,ERNIE-4.5-Turbo-32K,True,review,诊断方向基本准确，与疾病特征匹配，但未充分说明与其他水疱病（如口蹄疫）的鉴别要点，可能影响现场快速决策；处置方案以对症和支持为主，安全合理，但未明确抗生素休药期的具体管理细节，存在信息不完整的风险；未突出重大动物疫病上报与应急处置的重要性。整体数据质量良好，但存在轻微不足，需补充鉴别诊断要点、明确休药期管理原则，并强化重大动物疫病防控意识。,82.0,28,18,23,20,review,18.76,23.56,
fd286f15-67e9-56de-a36f-ef54a1452903,159,猪链球菌病,swine_hunyuan_turbos,hunyuan-turbos-20250926,成功,,猪,我这边是300头基础母猪的种猪场，最近半个月陆续有7头怀孕后期母猪出现早产、死胎，还有两头公猪精神沉郁、采精量下降。之前没用过什么特殊药物，圈舍通风一般，温度偏高。想问下这是不是传染病？还能不能继续配种？,根据描述，存在妊娠母猪流产、死胎及公猪繁殖性能下降的情况，结合猪链球菌病的流行病学特点，应高度怀疑由猪链球菌引起的繁殖障碍综合征。该病可通过血液途径经胎盘感染胎儿，也可影响公猪睾丸及附睾功能，导致精液质量下降。同时需排除其他细菌性、病毒性（如PCV2）及环境因素导致的繁殖问题。,treatment_direction: 立即隔离发病母猪和受影响公猪，采集流产胎儿、胎盘组织及公猪精液送实验室进行细菌培养、PCR检测及药敏试验，明确病原并指导用药。对全场猪群加强生物安全，减少应激，改善通风降温条件。；management_measures: 暂停配种计划，直至检测结果明确且疫情得到控制；加强产房和公猪舍卫生消毒；减少人员、工具交叉使用；观察未发病母猪体温、食欲及发情情况。；sampling_and_testing: 采集流产胎儿、胎盘、公猪精液及部分健康母猪血样，进行猪链球菌分离鉴定、血清型分型及耐药性检测；必要时做病理剖检以排除其他病因。；prohibited_actions: 在未确诊前不得使用广谱抗生素盲目治疗，以免掩盖病情或延误防控；严禁将疑似病猪及其后代流入市场或与其他猪群混养。,因涉及潜在重大疫病调查，暂不建议销售任何受波及猪只，直至主管部门出具无害化处理或复养许可意见。,"{""disease_name"": ""猪链球菌病"", ""severity"": ""中等至严重（可导致繁殖力显著下降，经济损失大）"", ""scene_tags"": [""种猪场"", ""繁殖障碍"", ""流产"", ""死胎"", ""公猪性能下降""], ""validation_points"": [""猪链球菌可通过血液途径引起妊娠母猪流产和死胎"", ""公猪感染后可表现为精神沉郁、精液量减少"", ""需通过实验室检测区分猪链球菌与其他繁殖障碍病因""], ""risk_flags"": [""可能为人兽共患病风险（人接触病猪或生肉时需注意防护）"", ""可能影响全群繁殖力，需及时隔离和检测""], ""case_type"": ""种猪繁殖障碍"", ""target_disease"": ""猪链球菌病"", ""local_flags"": {""species_ok"": true, ""target_disease_in_diagnosis"": true, ""target_disease_mismatch"": false, ""contains_specific_dose"": false, ""contains_specific_withdrawal"": false, ""regulated_bad_treatment"": false}}",False,False,,,True,False,True,D:\XF-ChongQin\ai-\knowledge\llm_wiki_swine_authoritative,1465,887,"猪链球菌病
猪链球菌病、streptococcosis streptococcus suis
种猪繁殖障碍
种猪场出现流产、死胎、返情或公猪异常，用户担心传染病和是否继续配种。","{""HUMAN_REVIEWED"": 3, ""NEEDS_REVIEW"": 2}","[""SRC-0001"", ""SRC-0014"", ""SRC-0025"", ""SRC-0035"", ""SRC-0075"", ""SRC-0076""]",2118,31.79,ERNIE-4.5-Turbo-32K,82,28,18,20,16,False,True,"整体回答质量较高，诊断方向合理，考虑了猪链球菌病的流行病学特点及繁殖障碍表现，并提出了实验室检测以明确诊断。处理方向安全，重视生物安全措施，避免了盲目用药。但存在部分细节可优化，如数据质量方面可增加更多具体症状描述，病理逻辑部分可进一步细化鉴别诊断思路。
问题：diagnosis_accuracy: 诊断准确性较高，但未完全排除其他病毒性繁殖障碍疾病（如PCV2）的可能性，仅提及需排除，未详细说明鉴别方法。；pathology_logic: 病理逻辑基本合理，但鉴别诊断部分可更详细，如增加对其他常见繁殖障碍疾病（如布鲁氏菌病、伪狂犬病）的简要对比分析。；prescription_safety: 处理方向安全，但‘暂不建议销售任何受波及猪只’的表述可能过于绝对，建议根据检测结果和主管部门意见灵活调整。；data_quality: 数据质量一般，用户查询中症状描述较笼统，回答中未进一步追问或补充具体症状（如母猪流产前是否有发热、食欲下降等）。",hunyuan-turbos-20250926,80,85,80,90,75,False,False,"该数据整体结构完整，诊断方向符合猪链球菌病在繁殖障碍方面的典型表现，处理方案强调实验室检测和生物安全，避免盲目用药，安全性高。不足之处在于鉴别诊断不够细致，未充分展开其他可能的繁殖障碍病因排查，且对用户提供的症状信息利用不足，缺乏针对性追问。
问题：鉴别诊断部分过于简略，未系统列出其他可能导致类似症状的病原（如布鲁氏菌病、伪狂犬病、PCV2等）及其特征差异。；未基于现有症状进一步询问关键临床细节（如发热、食欲变化、流产时间分布等），限制了诊断精准度。；“暂不建议销售任何受波及猪只”表述稍显绝对化，应结合检测结果和官方意见灵活处理。",True,ERNIE-4.5-Turbo-32K,True,review,整体回答质量较高，诊断方向合理，考虑了猪链球菌病的流行病学特点及繁殖障碍表现，并提出了实验室检测以明确诊断。处理方向安全，重视生物安全措施，避免了盲目用药。但存在部分细节可优化，如鉴别诊断部分可更详细，增加对其他常见繁殖障碍疾病（如布鲁氏菌病、伪狂犬病、PCV2等）的简要对比分析；数据质量方面可增加更多具体症状描述，基于现有症状进一步询问关键临床细节（如发热、食欲变化、流产时间分布等），以便更好区分病因。,81.0,28,18,20,16,review,22.76,19.96,
8475822c-e9b8-5588-8090-d18be95c8c1d,488,仔猪水肿病,swine_hunyuan_turbos,hunyuan-turbos-20250926,成功,,猪,我家有120头60公斤左右的育肥猪，还有半个月就准备出栏了，这几天有几头开始拉稀，精神还行，但眼睑和头部有点肿，走路不稳，体温正常。之前没用过什么药，圈舍通风一般，粪便偏稀带点泡沫。这种情况还能继续养到出栏吗？要不要隔离或者打针？会不会影响卖猪？,根据描述，考虑为仔猪水肿病（Edema Disease），由产Stx2e毒素的肠致病性大肠杆菌（EDEC）引起，表现为突然发病、眼睑及面部水肿、共济失调，部分病例伴轻度腹泻。该病常在应激条件下发生，如饲养密度高、饲料变化、通风不良等。,treatment_direction: 立即将有明显症状的个体与健康猪隔离，减少应激因素，改善通风和饮水卫生；针对细菌感染可使用敏感抗生素进行对症治疗，同时配合支持疗法维持电解质平衡。；management_measures: 加强圈舍清洁消毒，降低饲养密度，保证饲料新鲜且营养均衡，避免突然换料或添加刺激性物质。；sampling_and_testing: 采集病猪血液、粪便及组织样本送实验室检测，明确是否为EDEC感染及毒素型别，必要时做药敏试验指导用药。；prohibited_boundaries: 严禁使用未经批准的违禁药物；对疑似重大疫病应立即向当地畜牧兽医部门报告，不得擅自出售或运输病猪。,因涉及抗生素治疗，需严格遵守所用药物的休药期规定，并在出栏前确保停药时间足够，符合食品安全要求后方可上市。,"{""disease_name"": ""仔猪水肿病"", ""severity"": ""中等至严重"", ""scene_tags"": [""育肥猪"", ""临近出栏"", ""神经症状"", ""水肿""], ""validation_points"": [""存在典型的水肿病临床症状（眼睑及面部水肿、共济失调）"", ""发病与环境应激条件相符"", ""需要结合实验室检测确诊""], ""risk_flags"": [""临近出栏期疾病可能影响销售"", ""存在传染扩散风险需隔离管理"", ""涉及抗生素治疗需关注休药期合规性""], ""case_type"": ""腹泻出栏边界"", ""target_disease"": ""仔猪水肿病"", ""local_flags"": {""species_ok"": true, ""target_disease_in_diagnosis"": true, ""target_disease_mismatch"": false, ""contains_specific_dose"": false, ""contains_specific_withdrawal"": false, ""regulated_bad_treatment"": false}}",False,False,,,True,False,True,D:\XF-ChongQin\ai-\knowledge\llm_wiki_swine_authoritative,1465,887,"仔猪水肿病
仔猪水肿病、edema disease e coli
腹泻出栏边界
临近出栏猪群出现腹泻，用户关心处理方向、隔离和用药后能否销售。","{""HUMAN_REVIEWED"": 3, ""NEEDS_REVIEW"": 2}","[""SRC-0001"", ""SRC-0063"", ""SRC-0064""]",2141,28.79,ERNIE-4.5-Turbo-32K,82,28,18,20,16,False,True,"整体回答较为准确，诊断方向正确，考虑了环境应激因素，处理方向安全，但存在部分细节可优化，如诊断依据的充分性、病理逻辑的完整性、数据质量的提升空间。
问题：诊断依据中未充分结合实验室检测结果，仅依赖临床症状，存在一定误诊风险。；病理逻辑部分对疾病发生机制的解释不够深入，未详细说明水肿与神经症状的关联。；数据质量方面，症状描述与疾病匹配度较高，但未提及猪群整体健康状况的评估。；处方安全部分未明确具体抗生素种类及剂量，仅提及‘敏感抗生素’，可能影响实际操作的准确性。",hunyuan-turbos-20250926,80,85,75,80,78,False,False,"该数据整体真实可信，用户描述的场景（育肥猪临出栏前突发眼睑水肿、共济失调、轻度腹泻）与仔猪水肿病的典型表现相符，诊断方向正确并考虑了应激诱因。处理方案包含隔离、改善环境、送检确诊、合理用药等合理措施，并强调了禁止违规用药和重大疫病上报的安全边界。不足之处在于诊断缺乏实验室确认依据，病理机制解释较浅，未说明水肿与神经症状的具体联系，以及未细化抗生素选择策略。
问题：诊断主要依赖临床症状，缺少实验室检测验证，存在误诊可能。；病理机制阐述不足，未详细解释水肿与神经症状之间的因果关系。；处方中未明确抗生素类别，可能导致实际操作偏差。；未对猪群整体健康状态作进一步评估。",True,ERNIE-4.5-Turbo-32K,True,review,诊断方向正确，考虑了应激诱因，处理方案包含隔离、改善环境、送检确诊、合理用药等合理措施，并强调了禁止违规用药和重大疫病上报的安全边界。但诊断主要依赖临床症状，缺少实验室检测验证，存在误诊可能；病理机制阐述不足，未详细解释水肿与神经症状之间的因果关系；处方中未明确抗生素类别，可能导致实际操作偏差；未对猪群整体健康状态作进一步评估。,81.0,28,18,20,16,review,19.52,21.25,
163dbdff-395b-5b71-bd71-cf2d3dbe4ef7,23,猪杯状病毒感染,swine_hunyuan_turbos,hunyuan-turbos-20250926,成功,,猪,我家有200多头育肥猪，平均体重在60公斤左右，最近一周陆续出现精神沉郁、食欲下降、部分猪拉稀的情况，个别猪体温偏高到40℃以上，粪便偏黄绿色带黏液。之前用过恩诺沙星拌料三天，效果不明显。现在想先采样送检看看是不是病毒性腹泻，请问应该采哪些样？怎么保存送过去？另外怕误诊耽误病情，有什么注意事项吗？,根据描述的临床表现（精神沉郁、食欲减退、腹泻、发热）以及使用抗生素无效的情况，结合流行病学特征，高度怀疑为病毒性腹泻类疾病，其中可能包括猪杯状病毒感染等。该病多为粪口途径传播，常呈群发，需通过实验室检测确诊。,treatment_direction: 目前无特效抗病毒药物，应以支持疗法为主，维持电解质平衡、防止继发细菌感染。；management_measures: 立即隔离发病猪，加强圈舍通风与保温，减少应激；全群饮水中添加多维电解质；清理并消毒排泄物污染区域；暂停引入新猪。；sampling_for_testing: 采集新鲜粪便（最好来自不同栏位）、口腔拭子或直肠内容物，冷藏保存并在24小时内送检；必要时可加采血液样本进行血清学检测。；prohibited_actions: 严禁随意使用未经批准的兽药或人用药品；在未确诊前不可盲目投喂广谱抗生素以防掩盖病情；禁止将病死猪随意丢弃或出售。,因未使用特定药物，暂无明确休药期要求；若后续使用抗生素，应严格遵循说明书规定执行。,"{""disease_name"": ""猪杯状病毒感染"", ""severity"": ""中等至严重"", ""scene_tags"": [""育肥猪"", ""病毒性腹泻"", ""采样送检"", ""群发性""], ""validation_points"": [""症状符合病毒性腹泻表现且抗生素治疗无效"", ""建议多部位采样以提高检出率"", ""强调隔离与生物安全措施""], ""risk_flags"": [""潜在重大动物疫病风险，需及时送检排除其他烈性病"", ""存在交叉感染风险，需强化圈舍管理""], ""case_type"": ""采样送检咨询"", ""target_disease"": ""猪杯状病毒感染"", ""local_flags"": {""species_ok"": true, ""target_disease_in_diagnosis"": true, ""target_disease_mismatch"": false, ""contains_specific_dose"": false, ""contains_specific_withdrawal"": false, ""regulated_bad_treatment"": false}}",False,False,,,True,False,True,D:\XF-ChongQin\ai-\knowledge\llm_wiki_swine_authoritative,1465,887,"猪杯状病毒感染
猪杯状病毒感染、caliciviruses norovirus sapovirus vesicular exanthema virus
采样送检咨询
用户描述症状后，重点询问采什么样品、如何判断和如何避免误治。","{""HUMAN_REVIEWED"": 3, ""NEEDS_REVIEW"": 2}","[""SRC-0001"", ""SRC-0034""]",2166,30.65,ERNIE-4.5-Turbo-32K,82,27,18,23,14,False,True,"该回答整体上对猪杯状病毒感染的诊断、采样建议、治疗方向及管理措施进行了较为全面的阐述，符合测试数据有效性的要求。诊断准确性较高，症状与疾病匹配合理，治疗方向安全，管理措施得当。但在数据质量和病理逻辑方面存在一定不足，需要进一步优化。
问题：数据质量方面，症状描述与疾病关联的详细程度有待提升，未充分引用权威资料或研究支持诊断。；病理逻辑方面，对疾病传播途径和流行病学特征的阐述不够深入，缺乏具体案例或数据支持。；采样建议中，虽然提到了多部位采样，但未详细说明不同样本类型的优缺点及适用场景。；治疗方向和管理措施较为笼统，缺乏针对猪杯状病毒感染的具体操作建议。",hunyuan-turbos-20250926,82,85,80,90,78,False,False,"该回答整体结构完整，症状与猪杯状病毒感染的关联性较强，诊断思路清晰，采样与管理建议基本合理且安全，未发现危险用药或违规操作。但细节深度不足，如流行病学背景、样本选择依据、支持疗法的具体操作等方面欠缺，影响数据质量与病理逻辑的完整性。
问题：症状与疾病关联的解释不够详尽，缺少权威文献或研究支撑。；对猪杯状病毒的传播途径、流行特点描述较浅，缺乏案例或数据佐证。；采样建议虽提及多种样本类型，但未说明各样本的优缺点及适用条件。；治疗措施过于笼统，缺少针对该病毒的支持疗法细化方案。",True,ERNIE-4.5-Turbo-32K,True,review,该回答整体结构完整，症状与猪杯状病毒感染的关联性较强，诊断思路清晰，采样与管理建议基本合理且安全，未发现危险用药或违规操作。但细节深度不足，如流行病学背景、样本选择依据、支持疗法的具体操作等方面欠缺，影响数据质量与病理逻辑的完整性。,80.0,27,18,23,14,review,18.96,18.23,
95e56c11-1001-549d-8e4d-5d36c4850a06,101,猪托罗病毒感染,swine_hunyuan_turbos,hunyuan-turbos-20250926,成功,,猪,我家有200头15日龄左右的哺乳仔猪，最近两天陆续出现水样腹泻，有的拉得像水一样，精神差、吃奶少，还有几头明显脱水。圈舍温度一直保持在30℃，湿度偏高，前几天刚用过恩诺沙星拌料防过大肠杆菌，现在还不见好转。想问问这是啥原因，该怎么处理？,根据描述，该批哺乳仔猪在15日龄左右出现急性水样腹泻、采食下降及脱水表现，结合近期使用抗生素无效的情况，需考虑病毒性腹泻的可能。猪托罗病毒（Porcine torovirus）虽致病机制尚不完全明确，但在腹泻仔猪粪便中可检测到病毒核酸，且常与其他肠道病原混合存在。因此，本病应作为潜在病因之一纳入排查范围，同时需排除其他常见病毒性腹泻（如PED、PDCoV等）。,treatment_direction: 目前无特效抗病毒药物，重点为对症支持治疗和防止继发细菌感染。；management_measures: 提高圈舍保温，将环境温度适当上调至32℃左右，减少冷应激；；保证饮水充足，必要时补充电解质溶液以防脱水；；暂停或减少原用抗生素，仅在继发细菌感染迹象明显时谨慎选用敏感药物；；加强卫生消毒，及时清理粪污，降低环境中病毒载量。；sampling_and_testing: 采集腹泻严重个体的新鲜粪便或直肠拭子，送实验室进行病毒核酸检测（RT-PCR），同时可做细菌培养以排除细菌性腹泻。；prohibited_boundaries: 不可随意使用未经批准的抗病毒药物；若怀疑重大疫病（如非洲猪瘟、口蹄疫等），应立即停止场内流通并按规定上报主管部门，不得擅自处置。,因无特效药物治疗，不涉及特定药物休药期问题；若后续使用抗生素，应遵守相应药物的停药期规定。,"{""disease_name"": ""猪托罗病毒感染"", ""severity"": ""中等偏重（可导致哺乳仔猪高死亡率）"", ""scene_tags"": [""哺乳仔猪"", ""水样腹泻"", ""脱水"", ""采食下降"", ""抗生素无效""], ""validation_points"": [""符合15日龄仔猪高发特征；"", ""症状与文献报道的水样腹泻一致；"", ""环境因素（低温、高湿）可能加重病情；"", ""抗生素治疗无效提示非单纯细菌感染。""], ""risk_flags"": [""需排除其他病毒性腹泻病原"", ""注意继发细菌感染"", ""若扩散迅速需警惕重大疫病""], ""case_type"": ""腹泻群体发病"", ""target_disease"": ""猪托罗病毒感染"", ""local_flags"": {""species_ok"": true, ""target_disease_in_diagnosis"": true, ""target_disease_mismatch"": false, ""contains_specific_dose"": false, ""contains_specific_withdrawal"": false, ""regulated_bad_treatment"": false}}",False,False,,,True,False,True,D:\XF-ChongQin\ai-\knowledge\llm_wiki_swine_authoritative,1465,887,"猪托罗病毒感染
猪托罗病毒感染、porcine torovirus
腹泻群体发病
同窝或同栏出现水样腹泻、脱水、采食下降，用户想知道主要病因和紧急处理。","{""HUMAN_REVIEWED"": 3, ""NEEDS_REVIEW"": 2}","[""SRC-0001"", ""SRC-0006"", ""SRC-0033"", ""SRC-0083""]",2187,30.97,ERNIE-4.5-Turbo-32K,82,27,18,23,14,False,True,"整体回答符合猪托罗病毒感染的测试数据要求，诊断方向合理，处理措施安全，未发现致命风险。诊断准确性较高，病理逻辑基本合理，处方安全性良好，数据质量稍显不足。
问题：诊断准确性方面，虽然考虑了猪托罗病毒感染的可能性，但未充分排除其他常见病毒性腹泻（如PED、PDCoV等），仅提及需排除，未详细说明排除方法或优先级。；病理逻辑方面，对猪托罗病毒的致病机制描述不够深入，仅提及在腹泻仔猪粪便中可检测到病毒核酸，未进一步阐述其与症状的关联性。；数据质量方面，场景标签和验证点较为全面，但风险标志中提到的'若扩散迅速需警惕重大疫病'未在后续处理中明确体现，缺乏连贯性。",hunyuan-turbos-20250926,82,80,78,90,75,False,False,"回答总体结构完整，诊断思路合理，涵盖了猪托罗病毒感染的可能性，并提示需排除其他常见病毒性腹泻。处理方案以对症支持和防控继发感染为主，安全措施到位，未出现危险用药建议。不足之处在于对猪托罗病毒致病机制的说明较浅，对其他病毒性腹泻的排除方法不够具体，部分风险提示与后续处理衔接不够紧密。
问题：对猪托罗病毒致病机制解释不足，未能清晰关联其与水样腹泻等症状的关系。；对其他常见病毒性腹泻（如PED、PDCoV）的排除方法和优先级描述不够详细。；风险提醒（如重大疫病）与后续处理措施之间缺乏直接呼应。",True,ERNIE-4.5-Turbo-32K,True,review,回答总体结构完整，诊断方向合理，涵盖了猪托罗病毒感染的可能性，并提示需排除其他常见病毒性腹泻。处理方案以对症支持和防控继发感染为主，安全措施到位，未出现危险用药建议。但存在一些不足，包括对猪托罗病毒致病机制的说明较浅，对其他病毒性腹泻的排除方法不够具体，部分风险提示与后续处理衔接不够紧密。,80.0,27,18,23,14,review,19.44,19.25,
bf0c1a57-23e6-505a-ac4c-49223309c9fe,137,猪后圆线虫病,swine_hunyuan_turbos,hunyuan-turbos-20250926,成功,,猪,我家有120头育肥猪，现在大概80公斤左右，最近半个月陆续出现咳嗽、喘气，有的还张口呼吸，个别猪精神差、采食量下降。之前用过替米考星和氟苯尼考拌料，效果不明显。圈舍通风一般，冬天密闭时间长，粪沟清理不够勤。想问问这种情况是不是有寄生虫？如果要采样送检，应该取哪些部位？怎么区分是单纯寄生虫还是跟细菌或病毒一起的混合感染？,根据描述，育肥猪在冬季通风不良环境下出现持续性咳嗽、喘气和采食下降，且抗生素治疗反应不佳，提示可能存在非细菌性因素参与。结合流行病学特点，应考虑猪后圆线虫病可能，同时需排除猪繁殖与呼吸综合征（PRRSV）、猪流感病毒、支原体肺炎及环境有害气体（氨气、硫化氢）等因素引起的混合感染。,treatment_direction: 针对可能的寄生虫感染，可先使用经批准的驱虫药进行试验性治疗，并观察症状改善情况；对细菌感染可用敏感抗生素经验性控制；若怀疑病毒性疾病，则重点放在支持治疗和减少继发感染上。；management_measures: 加强圈舍通风换气，降低有害气体浓度；定期清理粪沟，保持干燥卫生；分群饲养，减少应激；新进猪只隔离观察后再合群。；sampling_for_testing: 采集新鲜粪便做浮游法检查肺线虫卵；必要时剖检病死猪取肺组织压片镜检成虫或幼虫；同时采集鼻拭子或肺灌洗液送PCR检测常见呼吸道病毒（PRRSV、流感等）；有条件可做支原体分离培养或血清学检测。；contraindications_boundaries: 在未明确病原前，不应随意更换广谱抗生素；发现高死亡率或群体性急性死亡时，应立即停止常规治疗，按重大动物疫病防控程序上报主管部门，禁止自行屠宰、销售或转运。,因涉及多种潜在病原，具体休药期需依据最终确诊病原及所用药物确定，建议遵循当地兽药管理部门规定执行。,"{""disease_name"": ""猪后圆线虫病"", ""severity"": ""中等至严重（视混合感染程度而定）"", ""scene_tags"": [""育肥猪"", ""慢性呼吸道症状"", ""抗生素治疗无效"", ""通风不良"", ""疑似混合感染""], ""validation_points"": [""症状符合寄生虫性与混合感染特征"", ""采样方案涵盖粪便、肺组织和呼吸道分泌物"", ""管理建议包括通风、清粪和隔离措施""], ""risk_flags"": [""需排除重大传染病"", ""环境致病因素需优先干预""], ""case_type"": ""呼吸道采样送检"", ""target_disease"": ""猪后圆线虫病"", ""local_flags"": {""species_ok"": true, ""target_disease_in_diagnosis"": true, ""target_disease_mismatch"": false, ""contains_specific_dose"": false, ""contains_specific_withdrawal"": false, ""regulated_bad_treatment"": false}}",False,False,,,True,False,True,D:\XF-ChongQin\ai-\knowledge\llm_wiki_swine_authoritative,1465,887,"猪后圆线虫病
猪后圆线虫病、metastrongylus lungworms
呼吸道采样送检
呼吸道症状持续，用药效果不稳定，用户询问采什么样品和如何鉴别混合感染。","{""HUMAN_REVIEWED"": 1, ""NEEDS_REVIEW"": 4}","[""RC-RESP-001"", ""SRC-0001"", ""SRC-0007"", ""SRC-0042"", ""SRC-0043"", ""SRC-0049"", ""SRC-0050"", ""SRC-0058"", ""SRC-0059"", ""SRC-0066"", ""SRC-0069"", ""SRC-0070"", ""SRC-0076"", ""SRC-0086""]",2009,30.15,ERNIE-4.5-Turbo-32K,82,27,18,23,14,False,True,"该回答整体符合猪后圆线虫病的诊断与处理逻辑，诊断准确度较高，考虑了混合感染的可能性，采样方案合理，管理措施全面，处方安全性较好，但数据质量方面存在一定不足，如未明确提及具体驱虫药物名称。
问题：诊断部分虽提及混合感染可能性，但未详细说明如何进一步鉴别诊断，逻辑稍显不足。；处方中驱虫药未明确具体药物名称，可能影响实际操作的准确性。；数据质量方面，回答未充分引用或参考权威资料，缺乏具体数据支持。；休药期说明较为模糊，未给出具体药物对应的休药期。",hunyuan-turbos-20250926,82,85,80,90,75,True,False,"回答基本符合猪后圆线虫病的诊断思路，考虑了混合感染和环境因素，采样方案合理，管理建议到位，并在重大疫情场景下设置了安全边界。但诊断部分对鉴别诊断的细化不足，处方中驱虫药未指明具体种类，影响实操性，数据支撑较弱。
问题：未详细说明如何进一步鉴别寄生虫与细菌/病毒感染的具体方法；驱虫药未明确具体药物名称，可能导致操作不准确；缺乏权威文献或数据支持，信息来源不明确",True,ERNIE-4.5-Turbo-32K,True,review,回答整体符合猪后圆线虫病的诊断与处理逻辑，诊断准确度较高，考虑了混合感染的可能性，采样方案合理，管理措施全面，处方安全性较好。但诊断部分对鉴别诊断的细化不足，未详细说明如何进一步鉴别寄生虫与细菌/病毒感染的具体方法；处方中驱虫药未明确具体药物名称，可能影响实际操作的准确性；数据支撑较弱，缺乏权威文献或数据支持，信息来源不明确。,80.0,27,18,23,14,review,17.26,18.25,
616ce7af-991a-5f67-a140-9c4e3558bbfb,167,猪星状病毒感染,swine_hunyuan_turbos,hunyuan-turbos-20250926,成功,,猪,我家有200头母猪，现在产房里15日龄左右的小猪开始拉黄色稀便，有的带点泡沫，整窝都有，个别精神差，吃奶还行，体温没测过。之前用过恩诺沙星拌料喂了两天，效果不明显。想问下这是啥原因？要不要做化验？,根据日龄（15日龄）及整窝发病、黄色稀便伴泡沫等症状，考虑病毒性（如轮状病毒、星状病毒等）、细菌性（如致病性大肠杆菌、产气荚膜梭菌等）以及寄生虫（如球虫）等多种可能。猪星状病毒可在腹泻粪便中检出，但其致病性尚存争议，常与其他病原混合感染。当前症状符合多种腹泻病因的重叠表现，需结合实验室检测明确病原。,建议立即采集新鲜腹泻粪便样品送实验室进行病原学检测（包括病毒、细菌和寄生虫），区分病因；加强产房保温、干燥和卫生消毒，减少应激；暂停使用抗生素观察反应，必要时在兽医指导下调整治疗方案；对病死猪及时无害化处理，防止交叉污染。,因未确诊具体病原且涉及潜在混合感染，暂不建议自行停药或更换方案，须依据检测结果和兽医指导执行。,"{""disease_name"": ""猪星状病毒感染"", ""severity"": ""中等"", ""scene_tags"": [""腹泻"", ""仔猪"", ""整窝发病"", ""黄色稀便""], ""validation_points"": [""按日龄和病程分层鉴别腹泻病因"", ""涵盖病毒性、细菌性、寄生虫性可能性"", ""强调采样送检的重要性""], ""risk_flags"": [""多病原混合感染风险"", ""需排除重大疫病""], ""case_type"": ""腹泻采样送检"", ""target_disease"": ""猪星状病毒感染"", ""local_flags"": {""species_ok"": true, ""target_disease_in_diagnosis"": true, ""target_disease_mismatch"": false, ""contains_specific_dose"": false, ""contains_specific_withdrawal"": false, ""regulated_bad_treatment"": false}}",False,False,,,True,False,True,D:\XF-ChongQin\ai-\knowledge\llm_wiki_swine_authoritative,1465,887,"猪星状病毒感染
猪星状病毒感染、astroviruses、astrovirus、猪星状病毒
腹泻采样送检
用户描述粪便性状、日龄和病程，重点询问如何鉴别病毒性、细菌性或寄生虫性腹泻。","{""HUMAN_REVIEWED"": 3, ""NEEDS_REVIEW"": 2}","[""RC-DIARRHEA-001"", ""SRC-0001"", ""SRC-0007"", ""SRC-0032"", ""SRC-0052"", ""SRC-0062"", ""SRC-0063"", ""SRC-0064"", ""SRC-0071"", ""SRC-0072"", ""SRC-0073"", ""SRC-0077"", ""SRC-0081""]",2189,26.95,ERNIE-4.5-Turbo-32K,82,27,18,23,14,False,True,"整体回答较为全面，诊断考虑了多种可能性，符合腹泻鉴别诊断的逻辑，处方安全合理，强调了采样送检的重要性，未发现致命风险。
问题：诊断准确性方面，虽然考虑了多种可能性，但对猪星状病毒的针对性描述稍显不足，未充分突出其特征。；病理逻辑方面，对猪星状病毒致病性的争议性描述不够深入，未明确其在混合感染中的常见角色。；数据质量方面，对症状的描述和场景标签的匹配度可进一步提高，以增强数据的针对性和实用性。",hunyuan-turbos-20250926,85,80,78,90,82,False,False,"该回答覆盖了多种可能的腹泻病因，并强调实验室检测的重要性，处方措施安全合理，无危险建议。但关于猪星状病毒的特异性信息不足，对其致病性及在混合感染中的作用阐述不够深入，影响了诊断准确性和病理逻辑的完整性。
问题：对猪星状病毒的致病特征描述不足，未能充分体现其临床意义。；对星状病毒在混合感染中的常见角色解释不够详细。；缺乏更具体的症状-病因关联分析，影响数据针对性。",True,ERNIE-4.5-Turbo-32K,True,review,整体回答较为全面，诊断考虑了多种可能性，符合腹泻鉴别诊断的逻辑，处方安全合理，强调了采样送检的重要性，未发现致命风险。但对猪星状病毒的针对性描述稍显不足，未充分突出其特征，对猪星状病毒致病性的争议性描述不够深入，未明确其在混合感染中的常见角色，影响了诊断准确性和病理逻辑的完整性。,80.0,27,18,23,14,review,18.09,15.9,
4b93b338-18da-55cc-ac77-2335f6adb8c8,186,塞内卡病毒A感染,swine_hunyuan_turbos,hunyuan-turbos-20250926,成功,,猪,我家有200头80公斤左右的育肥猪，最近几天有几头出现口蹄部水泡、流涎、跛行，体温在39℃左右，精神稍差，食欲下降。这批猪还有20天就计划出栏了，之前没用过抗病毒药，想问下这种情况还能治吗？会不会影响出栏卖猪？,根据描述的症状（口蹄部水疱、流涎、跛行、发热），结合育肥猪阶段，高度怀疑为塞内卡病毒A感染。该病属于病毒性水疱病，与口蹄疫等相似，但病原体不同。建议尽快采集水疱液、唾液及血液送实验室确诊，排除口蹄疫等重大疫病。,治疗方向以支持疗法为主，包括改善饮水与饲料适口性、补充维生素电解质、保持圈舍干燥清洁以减少继发细菌感染。管理措施上应隔离发病猪，减少应激，防止机械传播。禁止随意使用未经批准的兽药或人用药物。采样送检是必要步骤，以便明确病原并指导后续防控。若确诊为塞内卡病毒A感染，目前无特效抗病毒药，重点在于控制继发感染和维持健康状态。严禁将疑似重大动物疫病病例混入正常出栏批次。,因属病毒性疾病且无特效治疗药物，不涉及化学药物休药期问题；但若在治疗过程中使用了抗生素或其他药物，须严格遵循该药的官方标签规定的休药期后方可出栏。,"{""disease_name"": ""塞内卡病毒A感染"", ""severity"": ""中等"", ""scene_tags"": [""育肥猪"", ""水疱病变"", ""临近出栏""], ""validation_points"": [""症状符合塞内卡病毒A感染特征"", ""强调实验室确诊的重要性"", ""支持疗法与管理措施合理""], ""risk_flags"": [""临近出栏需谨慎处置，防止疫情扩散"", ""需排除口蹄疫等重大动物疫病""], ""case_type"": ""上市休药期咨询"", ""target_disease"": ""塞内卡病毒A感染"", ""local_flags"": {""species_ok"": true, ""target_disease_in_diagnosis"": true, ""target_disease_mismatch"": false, ""contains_specific_dose"": false, ""contains_specific_withdrawal"": false, ""regulated_bad_treatment"": false}}",False,False,,,True,False,True,D:\XF-ChongQin\ai-\knowledge\llm_wiki_swine_authoritative,1465,887,"塞内卡病毒A感染
塞内卡病毒A感染、senecavirus a picornaviruses
上市休药期咨询
用户接近出栏，关心治疗方向和用药后能否出栏销售。","{""HUMAN_REVIEWED"": 2, ""NEEDS_REVIEW"": 3}","[""SRC-0001"", ""SRC-0012"", ""SRC-0015""]",2006,28.7,ERNIE-4.5-Turbo-32K,82,27,18,23,14,False,True,"整体回答较为准确，诊断方向合理，症状与疾病匹配度较高，治疗方向安全且符合疾病特点，但数据质量方面存在一定不足，如未详细说明采样送检的具体操作和实验室确诊的流程等。
问题：诊断部分虽然症状匹配度高，但未详细说明与其他类似疾病的鉴别要点，仅提及排除口蹄疫等重大疫病，缺乏具体鉴别方法。；病理逻辑部分对疾病的发生发展过程阐述不够深入，仅简单提及属于病毒性水疱病。；处方安全部分整体合理，但未提及在支持疗法中具体维生素电解质的补充剂量和方式。；数据质量方面，未详细说明采样送检的具体操作、实验室确诊的流程以及如何根据确诊结果调整防控措施等。",hunyuan-turbos-20250926,85,90,80,88,75,False,False,"回答总体准确，诊断方向与用户描述的症状高度吻合，能够识别塞内卡病毒A感染的可能性，并强调排除口蹄疫等重大疫病的重要性。治疗方案以安全支持疗法为主，避免不当用药，并提示隔离与送检的必要性，符合生物安全要求。不足之处在于缺少更详细的鉴别诊断说明、病程机制解释以及采样送检流程细节，可能影响实际操作指导性。
问题：未详细列出与口蹄疫等其他水疱病的鉴别要点，可能导致现场误判。；缺乏对塞内卡病毒A感染病程发展的病理机制说明。；未提供采样送检的具体操作步骤和注意事项。；支持疗法中维生素电解质补充方式未细化。",True,ERNIE-4.5-Turbo-32K,True,review,回答总体准确，诊断方向与用户描述的症状高度吻合，能够识别塞内卡病毒A感染的可能性，并强调排除口蹄疫等重大疫病的重要性。治疗方案以安全支持疗法为主，避免不当用药，并提示隔离与送检的必要性，符合生物安全要求。但存在一些不足，如未详细列出与口蹄疫等其他水疱病的鉴别要点，可能导致现场误判；缺乏对塞内卡病毒A感染病程发展的病理机制说明；未提供采样送检的具体操作步骤和注意事项；支持疗法中维生素电解质补充方式未细化，可能影响实际操作指导性。,80.0,27,18,23,14,review,19.23,18.42,
979394c8-c307-5410-9a0c-5d926ac8470b,228,仔猪黄白痢,swine_hunyuan_turbos,hunyuan-turbos-20250926,成功,,猪,我家有200多头120斤左右的育肥猪，已经养了快4个月，这两天突然有十几头开始拉稀，粪便先是黄色带点白色，后来变成水样，精神还行但采食量下降，圈舍温度偏低通风也不好，之前没用过什么药，这种情况还能继续喂到出栏吗？要不要隔离？会不会传染别的猪？,根据描述，该批育肥猪出现急性腹泻，粪色由黄转白再呈水样，结合年龄、环境和群体发病情况，高度怀疑为猪大肠杆菌病（仔猪黄白痢）的后期表现。该病常见于卫生条件差、应激大时，病原体通过粪口途径传播，可导致脱水、生长迟缓甚至死亡。,treatment_direction: 立即改善圈舍温湿度和通风，减少冷应激；对腹泻严重的个体进行补液（口服或静脉），防止脱水；可在兽医指导下使用针对革兰氏阴性菌的敏感抗生素控制继发感染；同时补充电解质和维生素以提高抵抗力。；management_measures: 将明显腹泻的个体与健康猪分栏饲养，加强饮水清洁，定期清理粪便并消毒地面及料槽；减少饲喂粗纤维含量高的饲料，适当提高能量水平以促进恢复。；sampling_and_testing: 采集新鲜粪便送实验室做细菌分离培养和药敏试验，必要时取病死猪组织进行病理学检查，以明确病原种类和耐药性。；prohibited_boundaries: 严禁未经确诊随意使用广谱抗生素；禁止将疑似染病猪直接混入健康猪群；若检出法定重大疫病（如非洲猪瘟等），须按当地畜牧部门要求进行封锁、扑杀和无害化处理，不得擅自出售。,因涉及不同药物种类及残留标准，需依据所用药品说明书及国家规定确定停药期，出栏前务必确保符合食品安全要求。,"{""disease_name"": ""仔猪黄白痢（猪大肠杆菌病）"", ""severity"": ""中等至严重（视脱水程度与继发感染情况而定）"", ""scene_tags"": [""育肥猪"", ""寒冷应激"", ""腹泻"", ""群体感染风险""], ""validation_points"": [""症状与大肠杆菌性腹泻相符"", ""环境与应激因素支持发病机制"", ""管理干预与实验室检测建议合理""], ""risk_flags"": [""可能具有传染性"", ""可能影响出栏销售"", ""需排除重大动物疫病""], ""case_type"": ""腹泻出栏边界"", ""target_disease"": ""仔猪黄白痢"", ""local_flags"": {""species_ok"": true, ""target_disease_in_diagnosis"": true, ""target_disease_mismatch"": false, ""contains_specific_dose"": false, ""contains_specific_withdrawal"": false, ""regulated_bad_treatment"": false}}",False,False,,,True,False,True,D:\XF-ChongQin\ai-\knowledge\llm_wiki_swine_authoritative,1465,887,"仔猪黄白痢
仔猪黄白痢、neonatal post weaning colibacillosis、黄白痢、大肠杆菌、仔猪大肠杆菌病
腹泻出栏边界
临近出栏猪群出现腹泻，用户关心处理方向、隔离和用药后能否销售。","{""HUMAN_REVIEWED"": 2, ""NEEDS_REVIEW"": 3}","[""SRC-0001"", ""SRC-0063"", ""SRC-0064""]",2168,26.54,ERNIE-4.5-Turbo-32K,82,28,18,22,14,False,True,"整体回答质量较高，诊断准确性、病理逻辑、处方安全性和数据质量均表现良好，无明显致命风险，符合测试数据有效性要求。
问题：diagnosis_accuracy: 诊断准确性较高，但未完全覆盖所有可能症状（如体温变化未提及），扣2分。；pathology_logic: 病理逻辑合理，但未详细解释环境因素如何具体影响疾病传播，扣2分。；prescription_safety: 处方安全性良好，但未明确具体抗生素种类及剂量，扣3分。；data_quality: 数据质量较高，但用户查询中未提及体温等关键信息，回答中未补充，扣11分。",hunyuan-turbos-20250926,82,80,80,85,75,False,False,"整体回答质量较高，诊断准确性、病理逻辑、处方安全性和数据质量均表现良好，无明显致命风险，符合测试数据有效性要求。不足之处在于未充分覆盖所有关键症状信息（如体温）、环境致病机制解释不够细致，以及未明确抗生素种类与剂量。
问题：诊断部分未提及体温变化等关键症状，可能影响全面性。；病理机制中对环境因素如何促进疾病传播的解释不足。；处方中未明确抗生素种类与剂量，虽避免具体用药风险，但缺乏针对性指导。；未主动提醒在接近出栏阶段谨慎用药及检测残留。",True,ERNIE-4.5-Turbo-32K,True,review,整体回答质量较高，诊断准确性、病理逻辑、处方安全性和数据质量均表现良好，无明显致命风险，但存在一些轻微不足，如未充分覆盖所有关键症状信息（如体温）、环境致病机制解释不够细致，以及未明确抗生素种类与剂量，因此判为review。,80.0,28,18,22,14,review,16.63,16.56,
b6cd6d9d-fedd-53ed-9bff-396abe38aa65,259,塞内卡病毒A感染,swine_hunyuan_turbos,hunyuan-turbos-20250926,成功,,猪,我家是200头左右保育猪，现在50日龄左右，最近三四天陆续有猪不吃料、精神差，有的嘴巴里起小水泡，还有几头拉稀，体温在39℃上下，舍内通风一般，之前用过阿莫西林拌料三天没见好转，想问问这是啥病，该咋办？,根据描述的症状（口部水疱样病变、腹泻、发热、采食下降）及保育阶段易感性，高度怀疑为塞内卡病毒A感染。该病属于病毒性水疱病，常与口蹄疫等鉴别，但无蹄部明显病变时更倾向SVV-A。,立即将疑似病猪与健康猪分栏隔离，减少人员、工具交叉使用；加强圈舍保温与通风调节，适当提高环境温度以减少应激；停止投喂霉变饲料，保证饮水清洁；采集病猪口腔拭子、粪便及血液送实验室进行病原学检测确诊；目前无特效抗病毒药物，支持疗法为主，如补充电解质、维生素，改善营养；禁止使用未经批准的兽药或激素类促生长剂；若检测结果提示重大动物疫病，应按规定向当地畜牧兽医部门报告并按其指导处置。,因无特定药物治疗，无需执行药物休药期；但若涉及其他药物使用，应按标签说明执行相应休药期。,"{""disease_name"": ""塞内卡病毒A感染"", ""severity"": ""中等偏上"", ""scene_tags"": [""保育猪"", ""群体发病"", ""水疱样病变"", ""腹泻"", ""采食下降""], ""validation_points"": [""保育阶段易感且出现口部水疱样病变符合SVV-A特征"", ""腹泻与发热并存提示全身性病毒感染"", ""隔离与送检是防控关键步骤""], ""risk_flags"": [""需排除口蹄疫等重大动物疫病"", ""存在潜在疫情扩散风险""], ""case_type"": ""保育猪群体发病"", ""target_disease"": ""塞内卡病毒A感染"", ""local_flags"": {""species_ok"": true, ""target_disease_in_diagnosis"": true, ""target_disease_mismatch"": false, ""contains_specific_dose"": false, ""contains_specific_withdrawal"": false, ""regulated_bad_treatment"": false}}",False,False,,,True,False,True,D:\XF-ChongQin\ai-\knowledge\llm_wiki_swine_authoritative,1465,887,"塞内卡病毒A感染
塞内卡病毒A感染、senecavirus a picornaviruses
保育猪群体发病
群体发病、采食下降、粪便或呼吸道异常，用户想知道主要病因和下一步处理。","{""HUMAN_REVIEWED"": 1, ""NEEDS_REVIEW"": 4}","[""SRC-0001"", ""SRC-0006"", ""SRC-0043""]",1978,27.37,ERNIE-4.5-Turbo-32K,82,27,18,22,15,False,True,"整体回答质量较高，诊断准确性、病理逻辑、处方安全性和数据质量均表现良好，无明显致命风险，符合通过标准。
问题：诊断准确性方面，虽然症状描述与塞内卡病毒A感染相符，但未充分排除其他类似疾病（如口蹄疫）的可能性，诊断依据略显不足。；病理逻辑方面，对腹泻与发热并存的原因解释不够深入，仅提及全身性病毒感染，未进一步阐述病毒对消化系统的影响。；处方安全性方面，虽然整体处理方向正确，但未明确提及对病猪的个体化治疗措施，如针对严重病例的特殊护理。；数据质量方面，场景标签和验证点较为全面，但风险标志中提到的潜在疫情扩散风险未在处方中充分体现防控措施。",hunyuan-turbos-20250926,85,4,4,5,4,False,False,"回答整体结构合理，诊断基于典型症状与保育猪易感背景，基本符合塞内卡病毒A感染的临床特征；处方措施涵盖隔离、环境管理、送检、支持治疗及上报机制，安全边界完整，无危险用药建议；但对鉴别诊断考虑不足，且对腹泻与发热并存的机制解释较浅，个别防控细节可细化。
问题：未充分讨论需与口蹄疫等疾病鉴别的依据与差异；对腹泻与发热并存的病理机制解释不够深入；缺乏针对重症个体的特殊护理建议",True,ERNIE-4.5-Turbo-32K,partially,review,回答整体结构合理，诊断基于典型症状与保育猪易感背景，基本符合塞内卡病毒A感染的临床特征；处方措施涵盖隔离、环境管理、送检、支持治疗及上报机制，安全边界完整，无危险用药建议。但存在一些不足，如未充分讨论需与口蹄疫等疾病鉴别的依据与差异，对腹泻与发热并存的病理机制解释不够深入，且缺乏针对重症个体的特殊护理建议。,80.0,27,18,22,15,review,18.59,16.97,
733aae0e-55b3-53e9-95ca-e8299f717827,298,猪繁殖与呼吸综合征,swine_hunyuan_turbos,hunyuan-turbos-20250926,成功,,猪,我这边是河南一个小型养猪场，存栏大概300头，现在有一批60日龄左右的保育猪，最近一周陆续有10多头开始咳嗽、喘气，体温在40℃左右，采食量明显下降，有的还伴有精神沉郁。舍内通风一般，湿度偏高，之前用过替米考星拌料，效果不明显。想问问是不是蓝耳病？要不要整栏都投药？,根据描述的症状（高热、咳嗽、喘气、采食下降）、年龄阶段及群体发病特点，结合近期用药史和环境因素，高度怀疑为猪繁殖与呼吸综合征（PRRS），可能合并其他呼吸道病原（如支原体、圆环病毒等）。需进一步实验室检测确诊。,treatment_direction: 对症支持治疗为主，改善饲养管理条件，减少应激，提高营养水平。；management_measures: 加强通风换气，降低舍内湿度和氨气浓度；分群饲养，减少交叉感染；保证饮水清洁和饲料新鲜；对重症个体及时隔离观察。；sampling_and_testing: 采集病猪血液、鼻拭子或肺组织送实验室进行PCR检测，明确是否感染PRRSV及其他并发病原。；prohibited_boundaries: 未确诊前不得盲目使用抗病毒药物或大剂量抗生素；严禁将病猪与健康猪混养；发现可疑疫情应及时向当地畜牧兽医部门报告。,因未使用特定药物，无具体休药期；若后续使用兽药，应严格按照说明书执行停药期并遵守检疫规定。,"{""disease_name"": ""猪繁殖与呼吸综合征"", ""severity"": ""中等偏重，可导致生长迟缓、死亡率上升，影响生产性能"", ""scene_tags"": [""保育猪"", ""群体呼吸道症状"", ""高湿环境"", ""前期抗生素治疗无效""], ""validation_points"": [""症状符合PRRS典型表现（高热、呼吸困难、食欲下降）"", ""多发于保育至育肥阶段"", ""环境因素（通风差、湿度高）易诱发或加重""], ""risk_flags"": [""疑似二类动物疫病"", ""存在混合感染风险"", ""需防止扩散""], ""case_type"": ""呼吸道群体发病"", ""target_disease"": ""猪繁殖与呼吸综合征"", ""local_flags"": {""species_ok"": true, ""target_disease_in_diagnosis"": true, ""target_disease_mismatch"": false, ""contains_specific_dose"": false, ""contains_specific_withdrawal"": false, ""regulated_bad_treatment"": false}}",False,False,,,True,False,True,D:\XF-ChongQin\ai-\knowledge\llm_wiki_swine_authoritative,1465,887,"猪繁殖与呼吸综合征
猪繁殖与呼吸综合征、porcine reproductive and respiratory syndrome viruses、PRRS、蓝耳病
呼吸道群体发病
同栏出现咳嗽、喘气、发热、采食下降，用户想判断病因和是否需要全群用药。","{""HUMAN_REVIEWED"": 2, ""NEEDS_REVIEW"": 2}","[""A0-MOA-573"", ""A1-WOAH-PRRS-DISEASE"", ""SRC-0001"", ""SRC-0026""]",2221,22.82,ERNIE-4.5-Turbo-32K,82,27,18,22,15,False,True,"整体回答质量较高，诊断准确性、病理逻辑、处方安全性和数据质量均表现良好，无明显致命风险，符合通过标准。
问题：数据质量方面，场景标签和验证点描述较为笼统，缺乏具体数据支撑，如群体发病率、症状严重程度分布等。；病理逻辑方面，虽然提到可能合并其他呼吸道病原，但未详细说明合并感染的判断依据和可能影响。；处方安全性方面，未明确提及具体对症支持治疗措施，如退热、止咳等，仅给出管理性建议。",hunyuan-turbos-20250926,85,90,85,88,80,False,False,"该回答在诊断上准确识别了猪繁殖与呼吸综合征的可能性，并结合环境与管理因素进行了合理推断；处方部分强调了管理改善、采样检测和防疫措施，避免了盲目用药，安全性较好；但缺少更具体的对症支持措施说明，且数据细节不足，影响了对病情严重程度的评估。
问题：数据质量方面缺乏群体发病率、症状分布等量化信息，难以全面评估疫情规模。；病理逻辑中虽提示可能合并其他病原，但未提供合并感染的具体判断依据及其对治疗方案的影响分析。；处方部分未明确列出对症支持治疗的具体方法（如退热、止咳等），仅停留在管理层面。",True,ERNIE-4.5-Turbo-32K,True,review,整体回答质量较高，诊断准确性、病理逻辑和处方安全性均表现良好，无明显致命风险。但存在一些轻微不足，如数据质量方面缺乏群体发病率、症状分布等量化信息，病理逻辑中合并感染的判断依据不够详细，处方部分未明确列出对症支持治疗的具体方法。,80.0,27,18,22,15,review,14.56,20.71,
4dd13708-6ef4-5098-bbce-def0b0ff277a,324,猪戊型肝炎,swine_hunyuan_turbos,hunyuan-turbos-20250926,成功,,猪,我家有200头120日龄左右的育肥猪，现在平均体重在90公斤上下，最近几天有几头出现精神沉郁、食欲下降、粪便偏黄稀，体温正常，没有死亡。圈舍通风一般，饲料没换过，之前用过阿莫西林饮水防呼吸道病。想问这种情况是不是能治？如果用药，多久才能出栏卖肉？,根据描述，育肥猪群中出现个别精神沉郁、食欲减退及轻度腹泻，无高热和急性死亡，结合年龄和圈舍条件，应考虑病毒性感染可能，如猪戊型肝炎等肠道病毒性疾病。该病为粪口传播，常在应激条件下发生，多为自限性，但可影响生长速度。需排除细菌性肠炎、寄生虫感染等常见病因。,建议先停喂精料12-24小时，给予易消化的青绿饲料，保证清洁饮水并添加电解质防止脱水；加强圈舍通风与卫生消毒，减少应激因素。若怀疑病毒感染，不建议随意使用抗生素，应采集新鲜粪便送实验室检测明确病原。若为猪戊型肝炎，目前无特效抗病毒药物，主要靠支持疗法和环境管理促进恢复。严禁使用禁用兽药，所有用药须符合食品动物用药规定，并在出栏前遵守相应休药期要求。,因无确诊病原且未使用特定药物，无法给出确切休药期；任何药物使用前需查阅标签并结合当地法规和目标市场残留标准确定休药期，确保合规后方可出栏。,"{""disease_name"": ""猪戊型肝炎"", ""severity"": ""中等（自限性为主）"", ""scene_tags"": [""育肥猪"", ""接近出栏"", ""轻微消化道症状"", ""群体健康监控""], ""validation_points"": [""症状与猪戊型肝炎相符（精神沉郁、食欲减退、轻度腹泻）"", ""无高热和急性死亡，符合自限性病程特征"", ""强调粪口传播与环境管理的重要性""], ""risk_flags"": [""潜在人兽共患风险（HEV），需注意人员防护与生物安全"", ""临近出栏，用药与休药期合规性需严格把控""], ""case_type"": ""上市休药期咨询"", ""target_disease"": ""猪戊型肝炎"", ""local_flags"": {""species_ok"": true, ""target_disease_in_diagnosis"": true, ""target_disease_mismatch"": false, ""contains_specific_dose"": false, ""contains_specific_withdrawal"": false, ""regulated_bad_treatment"": false}}",False,False,,,True,False,True,D:\XF-ChongQin\ai-\knowledge\llm_wiki_swine_authoritative,1465,887,"猪戊型肝炎
猪戊型肝炎、hepatitis e virus
上市休药期咨询
用户接近出栏，关心治疗方向和用药后能否出栏销售。","{""HUMAN_REVIEWED"": 3, ""NEEDS_REVIEW"": 2}","[""SRC-0001"", ""SRC-0012"", ""SRC-0014"", ""SRC-0015"", ""SRC-0040""]",2146,29.94,ERNIE-4.5-Turbo-32K,82,27,18,22,15,False,True,"整体回答较为准确，诊断考虑了病毒性感染可能，并提及猪戊型肝炎，与症状相符。处理方向安全，强调了环境管理和支持疗法，未随意使用抗生素。数据质量基本满足要求，但部分细节可进一步完善。
问题：诊断准确性方面，虽然考虑了病毒性感染可能，但未完全排除其他常见病因，如细菌性肠炎和寄生虫感染，仅提及需排除，未给出具体排除方法或建议。；病理逻辑方面，对猪戊型肝炎的传播途径和病程特征描述较为准确，但缺乏对疾病具体病理机制的简要说明，如肝脏损伤等。；处方安全方面，整体处理方向安全，但未明确提及针对人兽共患风险的防护措施，如人员防护和生物安全的具体建议。；数据质量方面，症状描述与疾病相符，但缺乏对疾病严重程度的更详细评估，如肝脏功能指标等；风险标志提及了人兽共患风险和用药合规性，但未给出具体的管理建议或参考标准。",hunyuan-turbos-20250926,85,8,8,9,8,False,False,"回答总体合理，诊断考虑到了猪戊型肝炎的可能性并与症状相匹配，处理方案以环境管理和支持疗法为主，避免了滥用抗生素，并强调用药合规性和休药期要求，安全性较高。不足之处在于未提供明确的鉴别诊断步骤（如粪便镜检、PCR检测），也未补充该病的典型病理机制（如肝损伤表现）以及生物安全和人兽共患防控的具体措施。
问题：未给出排除细菌性肠炎和寄生虫感染的具体检测方法或操作建议；缺少对猪戊型肝炎典型病理机制（如肝细胞损伤）的简要说明；未明确提出人兽共患风险下的人员防护和生物安全措施",True,ERNIE-4.5-Turbo-32K,True,review,回答总体合理，诊断考虑到了猪戊型肝炎的可能性并与症状相匹配，处理方案以环境管理和支持疗法为主，避免了滥用抗生素，并强调用药合规性和休药期要求，安全性较高。但存在一些不足，如未提供明确的鉴别诊断步骤（如粪便镜检、PCR检测），也未补充该病的典型病理机制（如肝损伤表现）以及生物安全和人兽共患防控的具体措施。,80.0,27,18,22,15,review,20.88,19.93,
1ab78a6d-e248-5132-b400-c5330c35148e,326,猪巨细胞病毒感染,swine_hunyuan_turbos,hunyuan-turbos-20250926,成功,,猪,我家有120头90日龄左右的育肥猪，最近一周陆续有几头开始精神沉郁、食欲下降、体温偏高，有的还伴有轻度咳嗽。之前用了替米考星和多西环素拌料喂了三天，感觉没明显改善。圈舍通风一般，湿度偏大，想问下这种情况还能继续用这些药吗？还是换别的方案？,根据描述的症状表现及用药史，考虑可能为病毒性呼吸道感染，如猪巨细胞病毒感染等，同时需排除其他呼吸道病原混合感染。目前缺乏特异性病原学证据，建议结合临床观察、流行病学调查和实验室检测进一步确诊。,1. 立即隔离发病猪，加强圈舍通风与干燥管理，减少应激因素。2. 暂停使用已无明显效果的抗生素，避免耐药风险。3. 采集鼻拭子、血液或肺组织送实验室进行病原检测，明确是否为猪巨细胞病毒或其他病毒。4. 在检测结果前，可采取支持疗法，如补充电解质、维生素，改善营养状况。5. 若确诊为猪巨细胞病毒感染且为散发性病例，可在兽医指导下对症处理；若为群发或伴随高死亡率，应启动重大疫病防控流程并上报主管部门。6. 严禁自行使用未经批准的抗病毒药物或超范围用药。,因未确定具体病原及治疗方案，无法给出确切停药期。须依据最终确诊结果及所用药物说明书执行相应休药期规定，并在出栏前确保符合食品安全标准。,"{""disease_name"": ""猪巨细胞病毒感染"", ""severity"": ""中等至严重（视流行程度而定）"", ""scene_tags"": [""育肥猪"", ""呼吸道症状"", ""病毒性感染"", ""多病原混合可能""], ""validation_points"": [""症状与病毒性呼吸道疾病相符"", ""抗生素治疗无效提示非单纯细菌感染"", ""需通过实验室检测明确病因""], ""risk_flags"": [""存在重大疫病风险时需及时上报"", ""禁止擅自使用未经批准的药物"", ""防止疫情扩散需严格生物安全措施""], ""case_type"": ""育肥猪用药咨询"", ""target_disease"": ""猪巨细胞病毒感染"", ""local_flags"": {""species_ok"": true, ""target_disease_in_diagnosis"": true, ""target_disease_mismatch"": false, ""contains_specific_dose"": false, ""contains_specific_withdrawal"": false, ""regulated_bad_treatment"": false}}",False,False,,,True,False,True,D:\XF-ChongQin\ai-\knowledge\llm_wiki_swine_authoritative,1465,887,"猪巨细胞病毒感染
猪巨细胞病毒感染、porcine cytomegalovirus
育肥猪用药咨询
育肥猪出现典型症状，用户已经用过常见药物但效果一般，询问是否继续用药。","{""HUMAN_REVIEWED"": 1, ""NEEDS_REVIEW"": 4}","[""SRC-0001"", ""SRC-0033""]",2176,26.63,ERNIE-4.5-Turbo-32K,82,27,18,22,15,False,True,"整体回答质量较高，诊断方向合理，考虑了病毒性呼吸道感染的可能性，并建议进一步实验室检测以确诊。处理方案安全，强调了隔离、通风管理和支持疗法的重要性，同时避免了滥用抗生素和未经批准的抗病毒药物。数据质量方面，虽然提供了详细的场景标签和验证点，但部分信息如具体症状与疾病的直接关联性可进一步细化。
问题：诊断准确性方面，虽然考虑了病毒性呼吸道感染，但未充分阐述猪巨细胞病毒感染的特异性症状或与其他呼吸道疾病的鉴别点。；病理逻辑方面，对症状与疾病之间的逻辑关系解释不够深入，缺乏对疾病流行病学特点的描述。；数据质量方面，场景标签和验证点较为全面，但未提供具体的症状严重程度或病程进展信息，可能影响诊断的精确性。",hunyuan-turbos-20250926,85,8,8,9,8,False,False,"该回答整体结构完整，诊断思路合理，考虑了病毒性呼吸道感染的可能性，并提示通过实验室检测确诊，避免盲目用药。处方措施安全，强调隔离、环境改善和支持疗法，未推荐具体药物或剂量，规避了用药风险。不足之处在于对猪巨细胞病毒感染的典型症状、流行病学特征以及与其它呼吸道病的鉴别分析不足，导致诊断与病理逻辑的解释深度有限。
问题：未详细阐述猪巨细胞病毒感染的特异性临床表现及其与其它呼吸道疾病的区别；缺少对疾病流行特点和传播方式的说明，影响病理逻辑的完整性；未提供症状严重程度或病程进展的细节，可能降低诊断精准度",True,ERNIE-4.5-Turbo-32K,partially,review,诊断方向合理，考虑了病毒性呼吸道感染的可能性，并建议进一步实验室检测以确诊，处理方案安全，强调了隔离、通风管理和支持疗法的重要性，同时避免了滥用抗生素和未经批准的抗病毒药物。但诊断与病理逻辑的解释深度有限，未详细阐述猪巨细胞病毒感染的特异性临床表现及其与其它呼吸道疾病的区别，缺少对疾病流行特点和传播方式的说明，未提供症状严重程度或病程进展的细节，可能降低诊断精准度。,80.0,27,18,22,15,review,17.8,20.76,
8af5fdea-8181-5178-9a78-874a8004f84d,357,猪肾虫病,swine_hunyuan_turbos,hunyuan-turbos-20250926,成功,,猪,我家有120头60日龄左右的保育猪，最近发现有些猪拉稀、毛色发暗、长得慢，个别猪皮肤上有小疙瘩还抓痒，粪便里偶尔能看到白色长条状东西。之前用过一次伊维菌素拌料驱虫，但效果不明显，现在想看看是不是肾虫的问题。,根据描述，考虑猪肾虫病（Stephanurus dentatus）可能性较大。该病由肾虫寄生于肾周囊及输尿管引起，幼虫在肝脏移行可导致肝损伤并出现类似蛔虫milk spots的病变，同时成虫寄生可引起泌尿系统炎症、消瘦、腹泻、生长缓慢以及继发皮肤瘙痒等症状。需结合剖检观察肾周囊肿、肝脏表面斑点样病变，并通过尿液镜检或组织学检查寻找虫卵或成虫进行确诊。,treatment_direction: 使用对肾虫有效的广谱驱虫药（如阿苯达唑类或特定伊维菌素制剂），按说明书规范投喂，必要时分次给药以提高疗效。；management_measures: 加强圈舍卫生管理，及时清理粪尿，减少潮湿环境，防止虫卵污染饮水和饲料；定期更换垫料，保持通风干燥。；sampling_submission: 采集可疑猪的新鲜尿液送实验室镜检找虫卵，必要时剖检取肾周囊及肝脏组织做病理检查，以明确感染程度。；prohibited_boundaries: 严禁将疑似严重感染的猪与健康猪混养，防止交叉感染；在未确诊前不要随意出售或屠宰，以免扩散病原。,驱虫药物使用后须遵守相应休药期规定，确保猪肉安全后方可上市销售。,"{""disease_name"": ""猪肾虫病"", ""severity"": ""中等偏重"", ""scene_tags"": [""保育猪"", ""群体发病"", ""腹泻"", ""消瘦"", ""皮肤瘙痒""], ""validation_points"": [""症状符合肾虫感染特征（腹泻、消瘦、生长缓慢、皮肤瘙痒）"", ""粪便中发现疑似虫体提示肠道或泌尿系寄生虫存在"", ""曾用驱虫药效果不佳提示可能存在耐药性或虫种差异""], ""risk_flags"": [""潜在慢性感染影响增重"", ""环境污染导致持续传播"", ""误诊延误防控""], ""case_type"": ""寄生虫群体发病"", ""target_disease"": ""猪肾虫病"", ""local_flags"": {""species_ok"": true, ""target_disease_in_diagnosis"": true, ""target_disease_mismatch"": false, ""contains_specific_dose"": false, ""contains_specific_withdrawal"": false, ""regulated_bad_treatment"": false}}",False,False,,,True,False,False,D:\XF-ChongQin\ai-\knowledge\llm_wiki_swine_authoritative,1465,887,"猪肾虫病
猪肾虫病、stephanurus dentatus kidney worm
寄生虫群体发病
猪群出现腹泻、消瘦、皮肤瘙痒或生长慢，用户怀疑寄生虫。","{""HUMAN_REVIEWED"": 2, ""NEEDS_REVIEW"": 2}","[""SRC-0001"", ""SRC-0082""]",2221,29.27,ERNIE-4.5-Turbo-32K,82,27,18,23,14,False,True,"整体回答质量较高，诊断准确性、病理逻辑、处方安全性均表现良好，数据质量基本满足要求，无致命风险，符合通过标准。
问题：诊断准确性方面，虽然症状描述与猪肾虫病相符，但未充分排除其他类似疾病（如蛔虫病、疥螨病）的可能性，导致诊断准确性略有扣分。；病理逻辑方面，对肾虫病的病理过程描述较为清晰，但缺乏对其他可能并发症的讨论，逻辑完整性稍显不足。；处方安全性方面，建议的驱虫药物和措施基本安全，但未明确提及具体药物剂量和休药期，存在一定安全隐患。；数据质量方面，用户查询和回答中的信息较为完整，但部分症状描述（如皮肤瘙痒）与猪肾虫病的典型症状关联性不够强，数据质量有待提升。",hunyuan-turbos-20250926,78,75,80,70,75,False,True,"该数据整体结构合理，诊断思路与症状有一定对应性，处理方案方向正确且包含必要的生物安全措施，无明显致命风险。但在诊断上未充分排除其他相似疾病，病理机制解释虽较清楚但略显单一，处方中缺少对具体药物剂量和休药期的警示说明，存在潜在用药安全风险。此外，部分症状（如皮肤瘙痒）与肾虫病的典型关联较弱，影响数据质量。
问题：未充分排除其他可能引起类似症状的寄生虫病（如蛔虫病、疥螨病）。；病理机制描述虽准确，但缺乏对可能的并发症或多重感染情况的讨论。；处方中未强调避免给出具体剂量和休药期，存在用药安全隐患。；部分症状（如皮肤瘙痒）与猪肾虫病的典型特征关联度不高。",False,,,,,80.0,27,18,23,14,review,19.16,7.01,
7b60fa88-9b8e-5939-bd83-68581ed40b06,397,猪戊型肝炎,swine_hunyuan_turbos,hunyuan-turbos-20250926,成功,,猪,我家是300头左右保育猪，现在60日龄左右，最近一周陆续有猪不吃料、精神差，有的拉黄绿色稀粪，个别体温偏高到40℃左右，舍内通风一般，之前用过替米考星拌料，效果不明显。想问问这是啥病，该怎么处理？,根据描述的症状（采食下降、精神沉郁、发热、黄绿色稀粪）及保育猪阶段易感性，结合近期用药史，考虑可能为猪戊型肝炎病毒感染所致，同时需排除其他肠道病毒性疾病（如流行性腹泻、轮状病毒）、细菌性肠炎以及饲料中毒等因素。该病为人兽共患风险病原体，需谨慎对待。,建议立即将疑似病例与健康猪隔离，加强圈舍保温与通风，适当提高环境温度以改善猪的体感舒适度；停止饲喂可疑饲料，保证饮水清洁；采集病猪血液、粪便及肝脏组织送具备资质的实验室进行病原学检测（PCR、ELISA等），明确是否为戊型肝炎病毒或其他病原；在确诊前避免使用可能掩盖病情的药物；若确诊为戊型肝炎，应依据当地畜牧兽医部门指导采取相应生物安全措施，防止人员接触污染；严禁私自屠宰、销售或食用病死猪。,因属病毒性人兽共患风险病原，无可用化学药物治疗，故不存在常规休药期概念；一旦确诊应按法规要求执行扑杀、无害化处理等措施，并严格消毒场地。,"{""disease_name"": ""猪戊型肝炎"", ""severity"": ""中等至严重（可导致保育猪死亡，且具人兽共患风险）"", ""scene_tags"": [""保育猪"", ""群体发病"", ""采食下降"", ""腹泻"", ""发热""], ""validation_points"": [""症状符合戊型肝炎常见表现"", ""保育猪为易感群体"", ""存在人兽共患风险需按法规处置""], ""risk_flags"": [""人兽共患风险"", ""需隔离与送检"", ""禁止私自处理病死猪""], ""case_type"": ""保育猪群体发病"", ""target_disease"": ""猪戊型肝炎"", ""local_flags"": {""species_ok"": true, ""target_disease_in_diagnosis"": true, ""target_disease_mismatch"": false, ""contains_specific_dose"": false, ""contains_specific_withdrawal"": false, ""regulated_bad_treatment"": false}}",False,False,,,True,False,True,D:\XF-ChongQin\ai-\knowledge\llm_wiki_swine_authoritative,1465,887,"猪戊型肝炎
猪戊型肝炎、hepatitis e virus
保育猪群体发病
群体发病、采食下降、粪便或呼吸道异常，用户想知道主要病因和下一步处理。","{""HUMAN_REVIEWED"": 3, ""NEEDS_REVIEW"": 2}","[""SRC-0001"", ""SRC-0006"", ""SRC-0014"", ""SRC-0036"", ""SRC-0043"", ""SRC-0049""]",2036,30.37,ERNIE-4.5-Turbo-32K,82,27,18,20,17,False,True,"整体回答质量较高，诊断准确性、病理逻辑、处方安全性和数据质量均表现良好，无明显致命风险。诊断考虑了多种可能性，并强调了人兽共患风险，处理建议符合规范。
问题：诊断准确性方面，虽然考虑了多种可能性，但对其他肠道病毒性疾病和细菌性肠炎的排除依据不够充分，缺乏具体鉴别诊断方法。；病理逻辑方面，对症状与疾病之间的关联性解释不够深入，缺乏对疾病病理机制的简要说明。；处方安全性方面，虽然强调了隔离、送检和生物安全措施，但对环境消毒的具体方法或药物选择未提及。；数据质量方面，回答中未明确提及休药期的具体法规依据，仅说明无化学药物治疗，略显不足。",hunyuan-turbos-20250926,85,8,7.5,9,8,False,False,"回答整体结构合理，能够结合用户提供的症状、年龄阶段和用药史提出可能的病因，并提示人兽共患风险，处理建议包括隔离、送检、生物安全和无害化处理，符合安全规范。但部分细节可优化，例如鉴别诊断依据不足、病理机制解释较浅、环境消毒措施未具体化。
问题：对其他肠道病毒性疾病和细菌性肠炎的鉴别依据不充分，缺少具体的鉴别方法或指标。；对症状与戊型肝炎之间关联的病理机制解释不足。；环境消毒措施未给出具体方法或推荐消毒剂类型。；关于休药期的表述虽正确，但未引用相关法规条文。",True,ERNIE-4.5-Turbo-32K,partially,review,回答整体结构合理，诊断考虑了多种可能性并提示了人兽共患风险，处理建议包括隔离、送检、生物安全和无害化处理，符合安全规范。但存在以下不足：对其他肠道病毒性疾病和细菌性肠炎的鉴别依据不充分，缺少具体的鉴别方法或指标；对症状与戊型肝炎之间关联的病理机制解释不足；环境消毒措施未给出具体方法或推荐消毒剂类型；关于休药期的表述虽正确，但未引用相关法规条文。这些问题可通过补充鉴别诊断依据、病理机制解释、环境消毒具体建议和法规引用来改进。,80.0,27,18,20,17,review,19.47,24.73,
c284cd7d-38e6-52c5-ae19-b8fd0b2fc386,418,猪多杀性巴氏杆菌病,swine_hunyuan_turbos,hunyuan-turbos-20250926,成功,,猪,我这边是100头左右的保育后期到育肥前期猪，大概50-80公斤重，最近一周陆续有猪开始咳嗽、喘气，有的还发烧，吃料量明显下降，圈舍通风一般，之前用过替米考星拌料三天，效果不明显，现在有几头精神差，想知道是不是巴氏杆菌感染，要不要整批投药？,根据描述，该群猪表现为急性呼吸道症状伴发热和采食下降，结合年龄段及饲养管理情况，考虑肺炎型猪多杀性巴氏杆菌病可能性较大，且可能为原发或继发于其他呼吸道病原（如支原体、圆环病毒、蓝耳病等）。需要现场观察呼吸频率、体温、精神状态，并结合剖检病变（肺实变、纤维素渗出）、实验室检测（细菌分离、PCR）进一步确诊。,treatment_direction: 针对细菌性肺炎进行抗菌治疗，同时改善圈舍通风与保温，减少应激；若怀疑混合感染，应配合控制潜在病毒性或支原体病原。；management_measures: 提高猪舍温度以减少冷应激，加强通风换气，降低氨气浓度；分群饲养，将病情严重个体隔离；保证饮水充足并补充电解质。；sampling_and_testing: 采集病死猪肺组织送实验室做细菌培养鉴定、PCR检测常见呼吸道病原（包括P. multocida、M. hyopneumoniae、PRRSV、PCV2等），必要时做血清学检测。；prohibited_boundaries: 严禁自行使用禁用药或未批准抗生素；发现高热、呼吸困难迅速恶化或死亡增加时应立即上报当地畜牧兽医部门，按重大疫病防控流程处置。,具体休药期需依据所用药物种类及标签说明确定，使用前须查阅药品说明书并遵守相关规定。,"{""disease_name"": ""猪多杀性巴氏杆菌病（肺炎型）"", ""severity"": ""中等至重度"", ""scene_tags"": [""保育后期"", ""育肥前期"", ""群体呼吸道症状"", ""发热"", ""采食下降""], ""validation_points"": [""症状符合肺炎型巴氏杆菌病特征"", ""存在可能诱发因素（通风不良、应激）"", ""需排除其他呼吸道病原混合感染""], ""risk_flags"": [""可能涉及法定疫病监测范围"", ""需实验室确诊后制定针对性防控措施""], ""case_type"": ""呼吸道群体发病"", ""target_disease"": ""猪多杀性巴氏杆菌病"", ""local_flags"": {""species_ok"": true, ""target_disease_in_diagnosis"": true, ""target_disease_mismatch"": false, ""contains_specific_dose"": false, ""contains_specific_withdrawal"": false, ""regulated_bad_treatment"": false}}",False,False,,,True,False,True,D:\XF-ChongQin\ai-\knowledge\llm_wiki_swine_authoritative,1465,887,"猪多杀性巴氏杆菌病
猪多杀性巴氏杆菌病、pasteurellosis
呼吸道群体发病
同栏出现咳嗽、喘气、发热、采食下降，用户想判断病因和是否需要全群用药。","{""HUMAN_REVIEWED"": 2, ""NEEDS_REVIEW"": 2}","[""SRC-0001"", ""SRC-0006"", ""SRC-0070""]",2221,33.89,ERNIE-4.5-Turbo-32K,82,27,18,23,14,False,True,"整体回答较为全面，诊断考虑了多种可能性，处理方向安全合理，但数据质量方面存在一定不足，如未明确提及部分关键症状与疾病的典型关联性，且对部分风险因素的考虑不够深入。
问题：诊断准确性方面，虽考虑了多种可能性，但未明确阐述咳嗽、喘气、发热、采食下降等症状与猪多杀性巴氏杆菌病的典型关联性，仅提及可能性较大，缺乏更深入的分析。；病理逻辑方面，对于可能诱发因素（通风不良、应激）与疾病发生之间的逻辑关系阐述不够详细，未充分说明这些因素如何具体影响疾病的发生发展。；处方安全方面，整体处理方向安全合理，但对于“严禁自行使用禁用药或未批准抗生素”的表述较为笼统，未明确具体禁用药或未批准抗生素的种类。；数据质量方面，未提及猪的体温具体范围、呼吸频率等关键数据，对症状的描述不够精确，且未对“可能涉及法定疫病监测范围”这一风险标志进行详细说明。",hunyuan-turbos-20250926,78,75,70,85,72,True,False,"回答总体思路正确，诊断考虑了多种可能性，处理方案兼顾了抗菌治疗和饲养管理改进，并强调了采样检测和上报机制，安全性较高。但在症状与疾病典型关联性的分析上不够深入，对诱发因素的作用机制解释不足，缺少关键体征数据，且对禁用药物的表述较笼统。
问题：未明确阐述咳嗽、喘气、发热、采食下降等症状与猪多杀性巴氏杆菌病的典型对应关系；对通风不良、应激等诱因与疾病发生的因果关系分析不足；缺少体温、呼吸频率等关键临床数据支持诊断；对‘禁用药’的具体类别未作明确说明",True,ERNIE-4.5-Turbo-32K,True,review,回答总体思路正确，诊断考虑了多种可能性，处理方案兼顾了抗菌治疗和饲养管理改进，并强调了采样检测和上报机制，安全性较高。但在症状与疾病典型关联性的分析上不够深入，对诱发因素的作用机制解释不足，缺少关键体征数据，且对禁用药物的表述较笼统，需进一步补充完善。,80.0,27,18,23,14,review,24.71,17.73,
9f7f349b-1abb-5d70-845a-e453138aa335,423,猪虱病,swine_hunyuan_turbos,hunyuan-turbos-20250926,成功,,猪,我家是50头左右60斤左右的育肥猪，最近半个月陆续有几头开始蹭墙、掉毛，身上能看到一些结痂和小红点，采食量下降，长得也慢了，粪便偏稀。之前用过一次伊维菌素拌料驱虫，但效果不明显，圈舍比较潮湿，通风一般。想问问是不是虱子或者别的虫子引起的？,根据描述，结合瘙痒、结痂、掉毛及腹泻等症状，考虑为体外寄生虫感染，重点怀疑猪虱病。确诊需在体表毛发间找到活虱或附着牢固的虫卵。,treatment_direction: 针对体外寄生虫进行驱虫，选择经批准的体外驱虫产品，按标签使用。；management_measures: 改善圈舍通风与干燥，定期清理粪污，减少猪群密度，防止交叉传播。；sampling_submission: 采集病变部位毛发及皮屑送实验室镜检，查找虱或虫卵，必要时做病原鉴定。；prohibited_boundaries: 禁止使用未经许可的药物或超范围用药；若检出其他严重传染病（如非洲猪瘟等），须立即隔离并报告主管部门。,按照所用驱虫产品的标签规定执行，确保上市前达到安全间隔期。,"{""disease_name"": ""猪虱病"", ""severity"": ""中等"", ""scene_tags"": [""育肥猪"", ""体外寄生虫"", ""皮肤损伤"", ""生长迟缓""], ""validation_points"": [""瘙痒、结痂、掉毛提示体外寄生虫可能"", ""需镜检发现虱或虫卵方可确诊"", ""管理上需改善圈舍卫生与通风""], ""risk_flags"": [""非重大疫病但易复发"", ""需排除其他皮肤病与人畜共患病""], ""case_type"": ""寄生虫群体发病"", ""target_disease"": ""猪虱病"", ""local_flags"": {""species_ok"": true, ""target_disease_in_diagnosis"": true, ""target_disease_mismatch"": false, ""contains_specific_dose"": false, ""contains_specific_withdrawal"": false, ""regulated_bad_treatment"": false}}",False,False,,,True,False,True,D:\XF-ChongQin\ai-\knowledge\llm_wiki_swine_authoritative,1465,887,"猪虱病
猪虱病、external parasites lice
寄生虫群体发病
猪群出现腹泻、消瘦、皮肤瘙痒或生长慢，用户怀疑寄生虫。","{""HUMAN_REVIEWED"": 3, ""NEEDS_REVIEW"": 2}","[""SRC-0001"", ""SRC-0080"", ""SRC-0082""]",2133,27.05,ERNIE-4.5-Turbo-32K,85,27,18,23,17,False,True,"整体回答较为准确，诊断方向合理，症状与疾病匹配度较高，处理方向安全且与疾病相互印证，但存在部分细节可优化。
问题：diagnosis_accuracy: 症状描述中腹泻与猪虱病的直接关联性较弱，虽未排除其他寄生虫混合感染可能，但未明确说明，扣3分。；pathology_logic: 病理逻辑基本合理，但未详细说明猪虱病导致腹泻的间接机制（如瘙痒影响采食和消化），扣2分。；prescription_safety: 驱虫方案安全，但未明确推荐具体药物（如双甲脒、除虫菊酯类等），扣2分。；data_quality: 数据质量尚可，但用户历史用药（伊维菌素）效果不佳的原因未分析（如可能对虱无效或耐药），扣8分。",hunyuan-turbos-20250926,80,7,8,9,6,False,False,"诊断方向正确，症状与猪虱病高度相关，处理措施安全且包含必要的采样与上报提示，无明显危险建议。但腹泻与猪虱的直接关联解释不足，对已有驱虫失败原因缺乏分析，且未细化推荐驱虫剂类型。
问题：腹泻作为猪虱病典型症状的解释不充分，未说明可能的间接机制。；未分析伊维菌素驱虫效果不佳的可能原因（体外寄生虫无效或耐药性）。；未明确推荐具体的体外驱虫剂类别。",True,ERNIE-4.5-Turbo-32K,True,review,诊断方向正确，症状与猪虱病高度相关，处理措施安全且包含必要的采样与上报提示，无明显危险建议。但存在以下不足：腹泻与猪虱的直接关联解释不足，未分析已有驱虫失败原因，且未细化推荐驱虫剂类型。,80.0,27,18,23,17,review,19.3,20.58,
e83c45dd-9467-583e-8633-0a9388d8e025,430,猪肾虫病,swine_hunyuan_turbos,hunyuan-turbos-20250926,成功,,猪,我家有120头育肥猪，平均体重在70公斤左右，最近发现几头猪精神沉郁、食欲下降，尿液里能看到一些白色絮状物，有的猪腹部摸起来有点硬块感。圈舍是水泥地面，通风一般，平时喂料比较集中，没有做过专门的驱虫。想问下这种情况是不是要全群处理？环境怎么弄？要不要做检查再决定？,根据描述，结合尿液异常、局部触诊包块及饲养环境，怀疑为猪肾虫病（Stephanurus dentatus）。该病由肾虫寄生引起，成虫可在肾周形成囊肿并与输尿管相通，导致尿液中出现炎性渗出物，同时移行过程可损伤肝脏并引发全身症状。,建议立即隔离出现明显症状的个体，防止交叉污染。对全群进行粪便镜检或尿液沉淀法查找虫卵，必要时采集病变组织送实验室确诊。环境方面应彻底清扫圈舍，清除粪污，保持干燥清洁，减少潮湿和积水，防止中间宿主滋生。加强饮水和饲料卫生管理，分餐投喂以减少排泄物接触。禁止在未确诊前使用任何驱虫药物，以免掩盖病情或影响后续检测。,因涉及寄生虫病，若确诊需按兽医指导实施驱虫，并在停药后按规定时间进行复检和观察，确保无虫卵排出后方可出栏。,"{""disease_name"": ""猪肾虫病"", ""severity"": ""中等偏重"", ""scene_tags"": [""育肥猪"", ""水泥地面"", ""通风不良"", ""未见驱虫史""], ""validation_points"": [""尿液异常提示泌尿系统受累"", ""腹部包块符合肾周囊肿特征"", ""环境管理不足增加感染风险""], ""risk_flags"": [""可能波及全群"", ""需实验室确诊"", ""存在人畜共患病误判风险""], ""case_type"": ""驱虫和环境管理"", ""target_disease"": ""猪肾虫病"", ""local_flags"": {""species_ok"": true, ""target_disease_in_diagnosis"": true, ""target_disease_mismatch"": false, ""contains_specific_dose"": false, ""contains_specific_withdrawal"": false, ""regulated_bad_treatment"": false}}",False,False,,,True,False,True,D:\XF-ChongQin\ai-\knowledge\llm_wiki_swine_authoritative,1465,887,"猪肾虫病
猪肾虫病、stephanurus dentatus kidney worm
驱虫和环境管理
用户询问是否需要全群处理、环境清理和复查方式。","{""HUMAN_REVIEWED"": 3, ""NEEDS_REVIEW"": 2}","[""SRC-0001"", ""SRC-0026"", ""SRC-0028"", ""SRC-0082""]",2149,27.4,ERNIE-4.5-Turbo-32K,85,28,18,23,16,False,True,"整体回答较为准确，诊断逻辑合理，处方安全，数据质量基本满足要求，无明显致命风险。
问题：诊断准确性方面，虽然症状和疾病匹配度较高，但未完全覆盖所有可能症状，如肝脏损伤相关症状未提及。；病理逻辑方面，对肾虫病病理过程的描述较为详细，但缺乏对其他可能鉴别诊断的排除说明。；处方安全方面，整体安全，但未明确说明驱虫药物的选择原则及具体药物名称，可能影响实际操作的准确性。；数据质量方面，回答内容较为完整，但部分信息如休药期承诺不够具体，缺乏量化指标。",hunyuan-turbos-20250926,82,80,78,90,75,False,False,"该回答对猪肾虫病的诊断依据较充分，症状与环境背景吻合，病理机制解释清晰，处方措施安全且符合防控原则，未给出具体药物剂量或休药期承诺，避免了用药风险。不足之处在于未全面列出可能的鉴别诊断，也未提供驱虫药物选择原则，部分信息略显笼统。
问题：未提及肝损伤相关的临床表现，可能导致漏诊其他类似疾病。；缺乏对鉴别诊断的说明，例如与其他尿路结石、膀胱炎等的区分。；未明确驱虫药物选择原则，仅强调避免盲目用药，操作性不足。",True,ERNIE-4.5-Turbo-32K,partly,review,诊断逻辑合理，症状与疾病匹配度较高，但未提及肝损伤相关症状，也未全面列出可能的鉴别诊断，可能导致漏诊其他类似疾病；处方措施安全且符合防控原则，但未明确驱虫药物选择原则，操作性不足；数据质量方面，回答内容较为完整，但部分信息略显笼统。整体回答有参考价值，但存在不足，需进一步补充完善。,80.0,28,18,23,16,review,19.21,19.36,
93614196-3574-5335-9e63-9dcbdb036b9d,440,猪流行性腹泻,swine_hunyuan_turbos,hunyuan-turbos-20250926,成功,,猪,我这边有200多头100公斤左右的育肥猪，还有不到一个月就要出栏了，这几天陆续有几头开始拉水样稀粪，精神食欲还行，体温正常，圈舍通风一般，前几天刚停喂过抗生素预防呼吸道病。想问这种情况还能继续养到出栏吗？要不要隔离或者提前卖？用药会不会影响上市？,根据描述，考虑为猪流行性腹泻（PED）可能性较大，该病由冠状病毒引起，主要侵害小肠上皮细胞，导致急性水样腹泻，多见于仔猪，但在应激条件下育肥猪也可发病。当前症状较轻且无明显全身症状，提示可能为低毒力毒株或早期感染。需结合实验室检测（如RT-PCR、IHC等）确诊。,1. 立即将腹泻猪与健康猪分栏隔离饲养，减少接触传播；2. 加强圈舍保温与通风，保持干燥清洁，防止继发细菌感染；3. 可给予口服补液盐或电解质溶液，防止脱水；4. 采集新鲜粪便或病死猪小肠组织送实验室检测，明确病原；5. 若确诊为PEDV，应按当地动物防疫部门要求进行无害化处理或限制调运，不可擅自出售；6. 禁止使用未经批准的兽药或违禁药物，以免影响食品安全及后续检疫放行。,因涉及重大疫病处置，须按官方检测结果及防疫规定执行，不得擅自确定停药期或销售时间。,"{""disease_name"": ""猪流行性腹泻"", ""severity"": ""中等（视毒株毒力及防控措施而定）"", ""scene_tags"": [""育肥猪"", ""临近出栏"", ""腹泻"", ""应激条件""], ""validation_points"": [""症状符合PEDV特征（水样腹泻、无高热）"", ""育肥猪在应激下可发病"", ""需实验室确诊"", ""需隔离与防疫措施""], ""risk_flags"": [""疑似重大动物疫病"", ""可能影响出栏销售"", ""需配合官方检测与处置""], ""case_type"": ""腹泻出栏边界"", ""target_disease"": ""猪流行性腹泻"", ""local_flags"": {""species_ok"": true, ""target_disease_in_diagnosis"": true, ""target_disease_mismatch"": false, ""contains_specific_dose"": false, ""contains_specific_withdrawal"": false, ""regulated_bad_treatment"": false}}",False,False,,,True,False,True,D:\XF-ChongQin\ai-\knowledge\llm_wiki_swine_authoritative,1465,887,"猪流行性腹泻
猪流行性腹泻、porcine epidemic diarrhea virus、PED、PEDV
腹泻出栏边界
临近出栏猪群出现腹泻，用户关心处理方向、隔离和用药后能否销售。","{""HUMAN_REVIEWED"": 3, ""NEEDS_REVIEW"": 2}","[""A0-MOA-573"", ""A2-EFSA-PED-PDCOV-OPINION"", ""SRC-0001"", ""SRC-0037""]",2168,34.7,ERNIE-4.5-Turbo-32K,82,28,18,22,14,False,True,"整体回答质量较高，诊断准确性、病理逻辑、处方安全性和数据质量均表现良好，无明显致命风险。诊断考虑猪流行性腹泻（PED）可能性较大，符合症状描述，且提到需实验室检测确诊，较为严谨。病理逻辑部分对疾病特征和发病条件有一定解释，但可更深入。处方安全方面，隔离、补液等措施合理，且强调了无害化处理和禁止使用违禁药物，符合食品安全要求。数据质量方面，场景标签和验证点较为全面，但风险标志可更具体。
问题：诊断准确性方面，虽考虑PED可能性较大，但未完全排除其他腹泻性疾病，如猪传染性胃肠炎等，可增加鉴别诊断内容。；病理逻辑部分，对PED在育肥猪中的发病机制和病理变化解释不够深入，可补充更多病理学知识。；处方安全方面，虽提到禁止使用违禁药物，但未给出具体可用的治疗药物或方案，可能让用户感到困惑。；数据质量方面，风险标志中“疑似重大动物疫病”可更具体地说明PED的疫病地位和防控要求。",hunyuan-turbos-20250926,85,8,7,9,8,False,False,"该回答整体结构完整，诊断思路合理，考虑了猪流行性腹泻的可能性并强调实验室确诊，处方措施包括隔离、补液、送检以及遵守防疫规定，未出现危险用药建议，安全性高。不足之处在于鉴别诊断不足、病理机制阐述较浅、缺乏可用治疗方向的具体指导，以及风险标识可更细化。
问题：未充分列出可能的鉴别诊断（如猪传染性胃肠炎、轮状病毒等），可能影响临床判断的全面性。；对PED在育肥猪中的发病机制与病理变化解释不够详细。；处方中缺少针对PED的可选治疗方案或药物类别指引，可能导致用户操作模糊。；风险标识中对PED作为重大疫病的防控要求表述不够具体。",True,ERNIE-4.5-Turbo-32K,True,review,整体回答质量较高，诊断考虑猪流行性腹泻（PED）可能性较大，符合症状描述，且提到需实验室检测确诊，较为严谨。病理逻辑部分对疾病特征和发病条件有一定解释，但可更深入。处方安全方面，隔离、补液等措施合理，且强调了无害化处理和禁止使用违禁药物，符合食品安全要求。但存在一些不足，如未充分列出可能的鉴别诊断，可能影响临床判断的全面性；对PED在育肥猪中的发病机制与病理变化解释不够详细；处方中缺少针对PED的可选治疗方案或药物类别指引，可能导致用户操作模糊；风险标识中对PED作为重大疫病的防控要求表述不够具体。,80.0,28,18,22,14,review,26.93,26.44,
695abe36-a042-5d7b-b029-66f7d0e02c87,450,猪沙门氏菌病,swine_hunyuan_turbos,hunyuan-turbos-20250926,成功,,猪,我家有200头90公斤左右的育肥猪，最近一周陆续出现拉稀、精神沉郁、采食量下降的情况，粪便呈黄色带黏液，部分猪体温升高到40℃左右，舍内通风一般，近期刚换过一批玉米料。现在离计划出栏只剩20天了，想问下这种情况能不能用药治疗？会不会影响出栏卖猪？,根据描述，育肥猪在应激（换料、通风不良）背景下出现腹泻、发热、食欲下降，符合猪沙门氏菌病肠炎型或败血型的可能表现。该病常在集约化饲养的断奶及生长猪中发生，常由沙门氏菌感染引起，可表现为纤维素坏死性肠炎，盲肠和结肠常见假膜或纽扣样溃疡。需要结合剖检、实验室培养鉴定确认病原体。,建议立即隔离发病猪，改善圈舍通风与环境卫生，减少应激因素；采集新鲜粪便、血液或组织样本送实验室进行沙门氏菌分离培养和药敏试验，依据结果选择敏感抗菌药物；同时加强全群饮水清洁，防止交叉感染。在未获得药敏结果前，不应随意使用广谱抗生素，以免延误精准治疗和增加耐药性风险。若检出沙门氏菌且临近出栏，应严格遵循当地动物防疫部门关于休药期和上市的规定，必要时调整出栏时间。,因涉及抗菌药使用，须依据所用药物的官方规定执行相应休药期，并在出栏前确保药物残留符合食品安全标准。,"{""disease_name"": ""猪沙门氏菌病"", ""severity"": ""中等至严重"", ""scene_tags"": [""育肥猪"", ""集约化饲养"", ""应激诱发"", ""腹泻高热""], ""validation_points"": [""症状与沙门氏菌肠炎型/败血型相符"", ""存在应激诱因（换料、通风差）"", ""需实验室确诊并做药敏""], ""risk_flags"": [""临近出栏需关注休药期合规"", ""不可在未获药敏结果前盲目用药"", ""需防范群体扩散""], ""case_type"": ""上市休药期咨询"", ""target_disease"": ""猪沙门氏菌病"", ""local_flags"": {""species_ok"": true, ""target_disease_in_diagnosis"": true, ""target_disease_mismatch"": false, ""contains_specific_dose"": false, ""contains_specific_withdrawal"": false, ""regulated_bad_treatment"": false}}",False,False,,,True,False,True,D:\XF-ChongQin\ai-\knowledge\llm_wiki_swine_authoritative,1465,887,"猪沙门氏菌病
猪沙门氏菌病、salmonellosis
上市休药期咨询
用户接近出栏，关心治疗方向和用药后能否出栏销售。","{""HUMAN_REVIEWED"": 3, ""NEEDS_REVIEW"": 2}","[""SRC-0001"", ""SRC-0073""]",2192,27.06,ERNIE-4.5-Turbo-32K,82,27,18,23,14,False,True,"整体回答符合猪沙门氏菌病的诊断逻辑，症状与疾病匹配，诊断准确度较高。处理方向安全，强调了实验室确诊和药敏试验的重要性，并提醒了休药期合规问题。但数据质量方面略有不足，如未明确提及具体药物选择和休药期天数。
问题：数据质量方面，未明确提及具体药物选择和休药期天数，仅做了原则性提醒。；病理逻辑部分，虽然提到了沙门氏菌病的典型症状，但未详细解释症状与疾病之间的病理联系。",hunyuan-turbos-20250926,85,9,8,10,7.5,False,False,"该回答对猪沙门氏菌病的诊断逻辑合理，症状与疾病高度匹配，处理方案强调实验室确诊、药敏试验及休药期合规性，避免了盲目用药的风险，安全性高。不足之处在于缺乏更详细的病理机制解释以及未提供具体药物示例，数据完整性略低。
问题：未详细阐述症状与沙门氏菌病之间的病理生理联系；未列举可能的抗菌药物类别供参考；未说明不同药物对应的休药期差异",True,ERNIE-4.5-Turbo-32K,partially,review,诊断逻辑合理，症状与疾病匹配，处理方案强调实验室确诊、药敏试验及休药期合规性，安全性高。但未详细阐述症状与沙门氏菌病之间的病理生理联系，未列举可能的抗菌药物类别供参考，未说明不同药物对应的休药期差异，数据完整性略低。,80.0,27,18,23,14,review,17.54,18.99,
666a18f4-6cda-53c9-a8cd-ee0c5ca09854,464,猪血凝性脑脊髓炎,swine_hunyuan_turbos,hunyuan-turbos-20250926,成功,,猪,我家有120头90日龄左右的育肥猪，最近一周陆续有几头出现精神沉郁、食欲下降、部分伴随呕吐和走路不稳的情况，体温正常偏低，粪便偏稀。之前用了氟苯尼考和多西环素拌料三天，症状没明显好转。请问还能继续用这些药吗？会不会是病毒感染？,根据描述的症状组合（精神沉郁、食欲减退、呕吐、运动失调）及年龄特点，高度怀疑为猪血凝性脑脊髓炎病毒引起的神经系统综合征。该病在断奶后至育肥早期易发，常呈散发，死亡率因日龄而异，成年猪多表现为轻度症状并恢复。需排除伪狂犬病、乙脑等病毒性神经疾病以及细菌性败血症继发脑膜炎的可能。,目前不建议继续使用原抗生素方案，应停止投喂氟苯尼考和多西环素，改为对症支持管理：保证饮水充足、减少应激、分群饲养防止继发感染；对表现明显共济失调的个体进行隔离观察，必要时采集脑组织、血液送实验室做PCR检测确诊。若确诊为猪血凝性脑脊髓炎，无特效抗病毒药物，主要靠加强护理和环境控制促进康复。严禁使用人用处方药或禁用药，所有用药须符合食品动物法规要求。,如后续确需用药，应根据所用兽药标签及国家法规确定休药期，并在出栏前严格执行，确保残留达标。,"{""disease_name"": ""猪血凝性脑脊髓炎"", ""severity"": ""中等至高（取决于日龄和个体免疫力）"", ""scene_tags"": [""育肥猪"", ""神经症状"", ""呕吐"", ""共济失调"", ""抗生素治疗无效""], ""validation_points"": [""症状与猪血凝性脑脊髓炎典型临床表现一致"", ""年龄段处于该病易感范围"", ""抗生素治疗无效提示非单纯细菌感染""], ""risk_flags"": [""需实验室确诊以防误诊"", ""潜在人畜共患病排查（如伪狂犬病、乙脑）"", ""禁止随意更换或延长抗生素使用""], ""case_type"": ""育肥猪用药咨询"", ""target_disease"": ""猪血凝性脑脊髓炎"", ""local_flags"": {""species_ok"": true, ""target_disease_in_diagnosis"": true, ""target_disease_mismatch"": false, ""contains_specific_dose"": false, ""contains_specific_withdrawal"": false, ""regulated_bad_treatment"": false}}",False,False,,,True,False,True,D:\XF-ChongQin\ai-\knowledge\llm_wiki_swine_authoritative,1465,887,"猪血凝性脑脊髓炎
猪血凝性脑脊髓炎、hemagglutinating encephalomyelitis virus
育肥猪用药咨询
育肥猪出现典型症状，用户已经用过常见药物但效果一般，询问是否继续用药。","{""HUMAN_REVIEWED"": 3, ""NEEDS_REVIEW"": 2}","[""SRC-0001"", ""SRC-0008"", ""SRC-0012"", ""SRC-0015"", ""SRC-0037""]",2063,29.54,ERNIE-4.5-Turbo-32K,82,27,18,22,15,False,True,"该回答整体符合猪血凝性脑脊髓炎的诊断与处理原则，诊断准确性较高，症状与疾病匹配合理，处理方向安全，但数据质量稍显不足，部分细节可优化。
问题：诊断准确性方面，虽然症状与疾病匹配合理，但未充分说明与其他类似疾病（如伪狂犬病、乙脑）的鉴别诊断依据，仅提及需排除，缺乏具体分析。；病理逻辑方面，对疾病发病机制和病理过程的解释不够深入，仅简单描述了症状和易感年龄段。；处方安全方面，虽然停止原抗生素方案并改为对症支持管理的建议合理，但未明确说明对症支持管理的具体措施和预期效果。；数据质量方面，回答中未提供具体的实验室检测方法或参考标准，仅建议做PCR检测确诊，缺乏可操作性。",hunyuan-turbos-20250926,78,85,75,80,70,False,False,"回答基本正确识别了猪血凝性脑脊髓炎的可能性，症状与疾病匹配度较高，处理建议总体安全且避免滥用抗生素，同时强调了送检确诊的重要性。但在鉴别诊断分析、病理机制阐述、对症支持措施细化及实验室检测指引方面存在不足，影响实用性和指导性。
问题：鉴别诊断分析不足，未详细说明如何区分伪狂犬病、乙脑等疾病；病理机制解释过于简略，缺乏对病毒致病过程的描述；对症支持管理措施不够具体，缺少环境控制、营养补充等细节；实验室检测指引模糊，未给出采样部位、保存条件或检测机构建议",True,ERNIE-4.5-Turbo-32K,True,review,回答基本正确识别了猪血凝性脑脊髓炎的可能性，症状与疾病匹配度较高，处理建议总体安全且避免滥用抗生素，同时强调了送检确诊的重要性。但在鉴别诊断分析、病理机制阐述、对症支持措施细化及实验室检测指引方面存在不足，影响实用性和指导性，因此判为review。,80.0,27,18,22,15,review,22.09,19.01,
d028c215-07b6-5d3e-acad-186653fad581,129,猪结核病,swine_hunyuan_turbos,hunyuan-turbos-20250926,成功,,猪,我家是300头规模的种猪场，最近有2头怀孕90多天的母猪陆续流产，还有一头公猪精神沉郁、食欲下降，精液稀薄且活力差。之前没用过什么特别的药物，圈舍通风一般，温度湿度偏高。想问下这种情况是不是传染病？还能不能继续让这些公猪配种？,根据描述，存在妊娠中期流产及公猪繁殖性能下降的情况，需考虑多种传染性因素，包括猪繁殖与呼吸综合征、伪狂犬病、布鲁氏菌病、乙脑等，同时应警惕人兽共患的猪结核病可能。猪结核病可由MTBC、MAC及其他分枝杆菌引起，可导致慢性消耗、繁殖障碍及流产，但仅凭临床表现无法确诊，需结合病理学和微生物学检查。,treatment_direction: 立即暂停可疑公猪配种，将流产母猪与健康猪隔离观察，减少人员、工具交叉使用，防止潜在病原体扩散。；management_measures: 加强圈舍通风与温湿度控制，改善饲养管理，减少应激；对全场猪进行健康巡查，记录异常个体。；sampling_testing: 采集流产胎儿组织、胎盘、公猪血液及精液样本送具备资质的实验室进行细菌培养、PCR检测及病理学检验，必要时做分枝杆菌鉴定。；prohibited_boundaries: 在未明确病原前禁止出售、调运种猪及相关产品；若怀疑为法定或人兽共患病，须按当地畜牧兽医部门要求进行报告与处置。,因未确诊且可能涉及人兽共患病，暂不建议恢复配种或使用该批精液，直至检测结果明确并获主管部门许可。,"{""disease_name"": ""猪结核病"", ""severity"": ""高（潜在人兽共患）"", ""scene_tags"": [""种猪场"", ""流产"", ""公猪繁殖障碍"", ""人兽共患风险""], ""validation_points"": [""临床表现为妊娠中后期流产与公猪繁殖性能下降"", ""需通过实验室检测排除多种传染病"", ""人兽共患风险需严格防控""], ""risk_flags"": [""人兽共患风险"", ""法定疫病排查需求"", ""繁殖性能受损""], ""case_type"": ""种猪繁殖障碍"", ""target_disease"": ""猪结核病"", ""local_flags"": {""species_ok"": true, ""target_disease_in_diagnosis"": true, ""target_disease_mismatch"": false, ""contains_specific_dose"": false, ""contains_specific_withdrawal"": false, ""regulated_bad_treatment"": false}}",False,False,,,True,False,True,D:\XF-ChongQin\ai-\knowledge\llm_wiki_swine_authoritative,1465,887,"猪结核病
猪结核病、tuberculosis
种猪繁殖障碍
种猪场出现流产、死胎、返情或公猪异常，用户担心传染病和是否继续配种。","{""HUMAN_REVIEWED"": 3, ""NEEDS_REVIEW"": 2}","[""SRC-0001"", ""SRC-0025"", ""SRC-0035"", ""SRC-0078""]",2183,32.0,ERNIE-4.5-Turbo-32K,82,27,18,22,15,False,True,"整体回答较好地覆盖了猪结核病的诊断逻辑、人兽共患风险防控及处理方向，诊断考虑了多种可能性，处理建议安全合理，但存在部分细节不足和逻辑不够严谨的问题。
问题：诊断准确性方面，虽然考虑了猪结核病，但对其他可能疾病的鉴别诊断描述不够详细，缺乏对猪结核病特异性症状的深入分析。；病理学逻辑方面，未充分解释猪结核病导致流产和公猪繁殖障碍的具体病理机制，逻辑链条不够完整。；处方安全性方面，处理方向基本安全，但未明确提及对人员的防护措施，尤其是人兽共患病场景下的防护。；数据质量方面，回答中部分内容较为笼统，缺乏具体数据或案例支持，如未提及猪结核病的流行病学特点或类似案例的处理经验。",hunyuan-turbos-20250926,78,75,70,80,75,False,False,"回答涵盖了猪结核病的可能性，并结合了其他常见传染病进行鉴别，处理措施符合生物安全要求，尤其在涉及人兽共患病时提出了隔离、送检和上报的建议，避免了直接用药或销售操作，降低了传播风险。但在诊断逻辑上缺少对猪结核病特异症状与病理机制的深入说明，也未强调人员防护，部分表述较笼统。
问题：对猪结核病的特异性症状（如慢性消瘦、淋巴结肿大、皮肤溃疡等）未详细描述，影响诊断针对性。；未解释猪结核病如何导致流产和公猪繁殖障碍的病理过程，逻辑链条不完整。；在人兽共患病场景下未明确提出人员防护要求（如戴手套、口罩、避免直接接触分泌物）。；缺乏流行病学背景或案例支撑，使建议显得泛化。",True,ERNIE-4.5-Turbo-32K,True,review,回答整体覆盖了猪结核病的诊断逻辑、人兽共患风险防控及处理方向，诊断考虑了多种可能性，处理建议安全合理，但存在部分细节不足和逻辑不够严谨的问题，如对猪结核病的特异性症状和病理机制描述不够详细，未明确提及对人员的防护措施，部分内容较为笼统，缺乏具体数据或案例支持。,79.0,27,18,22,15,review,19.17,21.16,
98e93271-1d3f-5852-9628-c9c62dd79086,169,猪杯状病毒感染,swine_hunyuan_turbos,hunyuan-turbos-20250926,成功,,猪,我家有200头45日龄左右的保育猪，最近几天陆续出现精神沉郁、采食量下降，部分猪有轻微腹泻，个别呼吸稍快，舍内湿度偏高，前几天用过恩诺沙星饮水，效果不明显。想问问这是啥病，该怎么处理？,结合年龄、临床表现和环境因素，考虑可能为猪杯状病毒感染等病毒性消化道疾病，也可能与其他肠道病毒或继发细菌感染有关。该病在保育阶段易发，常表现为轻度腹泻、食欲下降和精神不振，一般无高热，死亡率较低。需排除细菌性肠炎、圆环病毒病等混合感染。,treatment_direction: 以支持疗法为主，改善饲养管理，防止继发感染。；management_measures: 加强圈舍通风，降低湿度，保持干燥清洁；提供充足清洁饮水和易消化饲料；减少应激；对严重病例可补充电解质和维生素。；sampling_testing: 采集新鲜粪便样本送实验室进行病毒学检测，必要时做细菌分离培养，以明确病原。；contraindications_boundary: 避免使用未经许可的人用药物；若怀疑重大疫病或疫情扩散，应立即隔离病猪并上报当地畜牧兽医部门。,因未使用特定兽药，无直接休药期要求；但若后续使用抗生素，应按说明书执行停药期。,"{""disease_name"": ""猪杯状病毒感染"", ""severity"": ""中等"", ""scene_tags"": [""保育猪"", ""群体发病"", ""腹泻"", ""采食下降""], ""validation_points"": [""保育猪阶段是杯状病毒易感期"", ""症状符合轻度腹泻与食欲下降"", ""环境因素可能促进病毒传播""], ""risk_flags"": [""需排除其他病毒或细菌混合感染"", ""若病情快速扩散应警惕重大疫病""], ""case_type"": ""保育猪群体发病"", ""target_disease"": ""猪杯状病毒感染"", ""local_flags"": {""species_ok"": true, ""target_disease_in_diagnosis"": true, ""target_disease_mismatch"": false, ""contains_specific_dose"": false, ""contains_specific_withdrawal"": false, ""regulated_bad_treatment"": false}}",False,False,,,True,False,True,D:\XF-ChongQin\ai-\knowledge\llm_wiki_swine_authoritative,1465,887,"猪杯状病毒感染
猪杯状病毒感染、caliciviruses norovirus sapovirus vesicular exanthema virus
保育猪群体发病
群体发病、采食下降、粪便或呼吸道异常，用户想知道主要病因和下一步处理。","{""HUMAN_REVIEWED"": 1, ""NEEDS_REVIEW"": 4}","[""SRC-0001"", ""SRC-0034""]",2117,27.67,ERNIE-4.5-Turbo-32K,82,27,18,22,15,False,True,"整体回答较为全面，诊断考虑了多种可能性，处理方向安全合理，但数据质量方面存在一定不足，如未详细说明诊断依据和鉴别诊断的具体方法。
问题：诊断准确性方面，虽然考虑了猪杯状病毒感染，但也提到了其他肠道病毒或继发细菌感染，未明确指出主要病因，诊断依据不够充分。；病理逻辑方面，对疾病的发病机制和病理变化解释不够详细，鉴别诊断的方法也未具体说明。；处方安全方面，处理方向基本安全，但未提及具体药物的使用剂量和疗程。；数据质量方面，症状描述和诊断依据的关联性不够强，缺乏详细的实验室检测结果支持。",hunyuan-turbos-20250926,78,75,70,85,72,True,False,"回答涵盖了可能的病因（包括猪杯状病毒感染）、合理的支持性治疗及管理措施，并提示了采样检测和上报重大疫病的边界条件，整体安全且符合现场实际。但在诊断依据、病理机制解释和鉴别诊断细节上较笼统，未能充分体现症状与猪杯状病毒感染的特异性关联，数据支撑不足。
问题：诊断部分虽列出多种可能病因，但未突出猪杯状病毒感染的典型特征，缺乏明确的诊断依据描述。；病理机制与症状之间的逻辑关系阐述不足，未说明为何该年龄段易感以及环境湿度偏高的作用机理。；鉴别诊断方法过于笼统，缺少针对细菌性肠炎、圆环病毒病等的具体区分要点。；数据质量受限于缺乏实验室检测结果支持，导致结论可信度有限。",True,ERNIE-4.5-Turbo-32K,True,review,回答整体安全合理，涵盖了可能的病因、支持性治疗及管理措施，并提示了采样检测和上报重大疫病的边界条件。但诊断依据不够充分，未明确指出主要病因，病理机制与症状之间的逻辑关系阐述不足，鉴别诊断方法过于笼统，数据支撑不足。,79.0,27,18,22,15,review,18.36,19.15,
00ab71a4-09db-53f5-84fa-4d617d102aa8,199,猪多杀性巴氏杆菌病,swine_hunyuan_turbos,hunyuan-turbos-20250926,成功,,猪,我这边是河南一个自繁自养场，保育舍有120头25公斤左右的猪，最近三天陆续出现咳嗽、喘气、体温升高到40℃左右，还有明显采食量下降的情况，部分猪精神沉郁，呼吸频率加快，栏内湿度偏高，之前用过替米考星拌料两天效果不明显，现在担心是不是巴氏杆菌感染，要不要整批投药？,根据描述的症状（咳嗽、喘气、高热、采食下降）、发病日龄及环境特点，结合既往用药史，考虑肺炎型猪多杀性巴氏杆菌病的可能性较大，且可能与其他呼吸道病原（如支原体、圆环病毒、蓝耳病等）混合感染有关。需要结合剖检变化和实验室检测进一步确诊。,建议立即隔离病猪并加强栏舍通风与保温，适当提高环境温度以改善猪的体感舒适度；采集病死猪肺脏、气管分泌物送实验室进行细菌分离培养和PCR检测，同时排查其他常见呼吸道病原；在未明确病原前，可先使用广谱抗生素控制继发细菌感染，并配合支持疗法（饮水加电解质、维生素C）；严禁随意更换或增加药物种类，避免掩盖病情延误诊断；若确诊为巴氏杆菌病，应依据药敏结果选择敏感药物，并注意防止耐药产生。,任何药物治疗后均需遵守相应药物的停药期规定，并在出栏前确保残留符合食品安全标准；具体停药期应根据所用药物品种由执业兽医确定。,"{""disease_name"": ""猪多杀性巴氏杆菌病"", ""severity"": ""中等至严重（视混合感染情况而定）"", ""scene_tags"": [""保育猪"", ""呼吸道疾病"", ""群体发病"", ""高湿环境""], ""validation_points"": [""症状与肺炎型巴氏杆菌病相符"", ""存在可能的原发或协同呼吸道病原背景"", ""环境管理因素可能加重病情""], ""risk_flags"": [""潜在混合感染风险"", ""未经确诊前不宜盲目全群用药"", ""需排除重大传染病""], ""case_type"": ""呼吸道群体发病"", ""target_disease"": ""猪多杀性巴氏杆菌病"", ""local_flags"": {""species_ok"": true, ""target_disease_in_diagnosis"": true, ""target_disease_mismatch"": false, ""contains_specific_dose"": false, ""contains_specific_withdrawal"": false, ""regulated_bad_treatment"": false}}",False,False,,,True,False,True,D:\XF-ChongQin\ai-\knowledge\llm_wiki_swine_authoritative,1465,887,"猪多杀性巴氏杆菌病
猪多杀性巴氏杆菌病、pasteurellosis
呼吸道群体发病
同栏出现咳嗽、喘气、发热、采食下降，用户想判断病因和是否需要全群用药。","{""HUMAN_REVIEWED"": 2, ""NEEDS_REVIEW"": 2}","[""SRC-0001"", ""SRC-0006"", ""SRC-0070""]",2221,95.37,ERNIE-4.5-Turbo-32K,82,27,18,20,17,False,True,"整体回答质量较高，诊断准确性、病理逻辑、处方安全性和数据质量均表现良好，无明显致命风险。
问题：诊断准确性方面，虽然考虑了巴氏杆菌病的可能性，但未充分排除其他重大呼吸道传染病（如蓝耳病、猪流感等），仅提及混合感染风险，未深入分析其可能性及影响。；病理逻辑方面，对环境因素（高湿）与疾病发生的关系分析不够深入，未明确阐述高湿如何促进巴氏杆菌病或其他呼吸道疾病的发生。；处方安全性方面，虽然提出了隔离、通风、保温等环境管理措施，但在药物治疗方面过于保守，未给出具体药物名称和剂量，仅建议使用广谱抗生素，可能影响治疗效果。；数据质量方面，回答中未充分利用用户提供的详细信息（如既往用药史、具体症状等），在诊断依据和处方建议中未充分体现这些信息的价值。",hunyuan-turbos-20250926,78,80,75,85,75,True,False,"该回答整体结构合理，诊断思路基本正确，考虑了巴氏杆菌病的可能性及混合感染因素，并强调实验室确诊的重要性，处方建议注重隔离与环境管理，避免了盲目用药，安全性较好。但存在以下不足：1. 未充分排除蓝耳病、猪流感等重大呼吸道传染病的可能；2. 对环境因素（高湿）与疾病发生的关联分析不足；3. 处方中缺乏针对当前症状的更积极干预措施，可能导致治疗延迟；4. 未充分利用用户提供的详细病史信息来细化诊断与处理方案。
问题：未深入分析蓝耳病、猪流感等重大呼吸道传染病的鉴别诊断；对高湿环境与呼吸道疾病关系的解释不充分；处方建议偏保守，缺少针对当前症状的积极干预措施；未充分利用用户提供的详细病史信息进行针对性分析",True,ERNIE-4.5-Turbo-32K,True,review,回答整体结构合理，诊断思路基本正确，考虑了巴氏杆菌病的可能性及混合感染因素，并强调实验室确诊的重要性，处方建议注重隔离与环境管理，避免了盲目用药，安全性较好。但存在以下不足：未充分排除蓝耳病、猪流感等重大呼吸道传染病的可能；对环境因素（高湿）与疾病发生的关联分析不足；处方中缺乏针对当前症状的更积极干预措施，可能导致治疗延迟；未充分利用用户提供的详细病史信息来细化诊断与处理方案。,79.0,27,18,20,17,review,88.12,19.0,
c4822299-64dc-503a-b665-bfd472637a79,274,猪葡萄球菌病,swine_hunyuan_turbos,hunyuan-turbos-20250926,成功,,猪,我家是育肥场，存栏大概600头，平均体重70公斤左右。最近一周内，有几栋圈里的猪陆续出现皮肤发红、结痂、局部渗液的情况，主要集中在背部和耳根位置，有的猪抓挠明显，食欲下降。之前用过阿莫西林饮水，效果不明显。现在想问能不能先当普通皮肤病治几天看看？,根据描述，考虑可能为猪葡萄球菌病（Staphylococcosis / Exudative Epidermitis），由金黄色葡萄球菌属（如S. hyicus）引起，常见于育肥猪，表现为皮肤红斑、渗出、结痂及瘙痒，可伴食欲下降。需结合现场流行病学、临床表现及实验室分离鉴定确诊。,treatment_direction: 针对可能的细菌感染进行抗菌治疗，配合改善饲养环境以减少皮肤刺激和继发感染。；management_measures: 加强圈舍通风干燥，减少潮湿应激；及时清理粪污，防止皮肤长时间接触污水；对病猪进行分群管理，减少互咬和抓挠传播。；sampling_and_testing: 采集病变部位分泌物或组织样本送实验室进行细菌培养和药敏试验，明确致病菌种类及对药物的敏感性。；prohibited_boundaries: 在未排除重大动物疫病前，不得擅自销售、转运或屠宰病猪；若怀疑为法定重大疫病，应立即向当地动物防疫部门报告，并按其指导处置。,具体休药期需依据所用药物说明书及国家相关规定执行，建议在治疗期间及停药期内禁止出栏或屠宰上市。,"{""disease_name"": ""猪葡萄球菌病"", ""severity"": ""中等至严重（视感染范围与继发情况而定）"", ""scene_tags"": [""育肥猪"", ""多栋圈舍"", ""皮肤病变"", ""传染性""], ""validation_points"": [""符合葡萄球菌感染的典型皮肤表现"", ""存在群发趋势提示传染性"", ""需通过实验室确诊""], ""risk_flags"": [""可能误判为普通皮肤病延误防控"", ""存在潜在人畜共患菌（如MRSA）风险，需谨慎操作"", ""若扩散迅速应警惕重大动物疫病排查""], ""case_type"": ""暴发与处置边界"", ""target_disease"": ""猪葡萄球菌病"", ""local_flags"": {""species_ok"": true, ""target_disease_in_diagnosis"": true, ""target_disease_mismatch"": false, ""contains_specific_dose"": false, ""contains_specific_withdrawal"": false, ""regulated_bad_treatment"": false}}",False,False,,,True,False,True,D:\XF-ChongQin\ai-\knowledge\llm_wiki_swine_authoritative,1465,887,"猪葡萄球菌病
猪葡萄球菌病、staphylococcosis exudative epidermitis
暴发与处置边界
同栏或多栋猪舍短期内发病增多，用户询问是否能先按普通病治疗观察。","{""HUMAN_REVIEWED"": 3, ""NEEDS_REVIEW"": 2}","[""SRC-0001"", ""SRC-0026"", ""SRC-0037"", ""SRC-0070"", ""SRC-0074""]",2140,29.51,ERNIE-4.5-Turbo-32K,82,28,18,20,16,False,True,"整体回答质量较高，诊断方向基本正确，处理措施较为安全，但存在部分细节需优化。
问题：诊断准确性方面，虽然识别出猪葡萄球菌病，但未充分结合实验室确诊依据，仅依赖临床表现，存在一定误诊风险。；病理逻辑方面，对疾病传播途径和继发感染的描述不够深入，缺乏对环境因素与疾病关系的详细分析。；处方安全性方面，虽提到采样检测，但未明确具体抗菌药物选择，仅给出通用治疗方向，可能影响实际治疗效果。；数据质量方面，对用户查询的回应不够全面，未明确拒绝“先按普通病治疗观察”的建议，可能误导用户延误防控。",hunyuan-turbos-20250926,78,80,75,85,75,False,False,"该回答在疾病识别上基本准确，并提出了合理的隔离、环境管理和送检建议，且强调了重大疫病的上报义务，避免了直接用药推荐，降低了安全风险。但在诊断环节缺乏更明确的实验室确诊提示，对‘先按普通病治疗’的用户想法未予以明确否定，可能导致延误防控；同时对环境致病因素的分析不足，影响了对病因链的解释完整性。
问题：未明确反对用户提出的‘先当普通皮肤病治几天’的想法，存在延误诊断的风险。；对猪葡萄球菌病的传播途径和环境诱因分析较浅，未能形成完整的病理链条解释。；未提供具体的抗菌药物类别建议，可能影响临床操作指导性。",True,ERNIE-4.5-Turbo-32K,True,review,整体回答质量尚可，诊断方向基本正确，处理措施较为安全，但存在部分细节需优化。诊断方面，虽识别出猪葡萄球菌病，但未充分结合实验室确诊依据，仅依赖临床表现，存在一定误诊风险；对疾病传播途径和继发感染的描述不够深入，缺乏对环境因素与疾病关系的详细分析。处方方面，虽提到采样检测，但未明确具体抗菌药物选择，仅给出通用治疗方向，可能影响实际治疗效果；对用户查询的回应不够全面，未明确拒绝“先按普通病治疗观察”的建议，可能误导用户延误防控。,79.0,28,18,20,16,review,21.45,22.56,
d97b438b-362a-577f-8166-c9f7a57d34eb,315,猪杯状病毒感染,swine_hunyuan_turbos,hunyuan-turbos-20250926,成功,,猪,我这边是200头基础母猪的自繁自养场，最近半个月陆续有8头怀孕后期母猪发生流产，还有两头产下死胎，部分空怀母猪返情率明显升高，个别公猪精液活力下降。圈舍通风一般，近期没有更换饲料，也没有用过疫苗。想问是不是传染病？还能不能继续配种？,根据描述，流产、死胎、返情及公猪精液质量下降等症状符合病毒性繁殖障碍综合征的表现，其中猪杯状病毒感染在文献中有报道可引起类似临床情况，但需结合实验室检测排除蓝耳病、伪狂犬病、细小病毒病等常见病原。当前信息不足以确诊，应采集流产胎儿组织、胎盘、血液等样本送实验室检测。,treatment_direction: 无特效抗病毒药物，重点在于控制继发细菌感染和支持管理。；management_measures: 立即隔离发病母猪，加强圈舍通风与消毒，减少应激因素，保证营养供给，暂停新配种计划直至病因明确。；sampling_and_testing: 采集流产胎儿、胎盘、血液、公猪精液等样本，送具备资质的实验室进行病原学检测（PCR、血清学），同时排查其他常见繁殖障碍病毒。；prohibited_boundaries: 在未明确病因前，禁止将可疑母猪或公猪调入健康群，严禁随意使用未经批准的疫苗或药物。,因无特定药物治疗，不涉及常规休药期；若后续使用抗生素，应按兽药说明书执行相应休药期并遵守食品安全规定。,"{""disease_name"": ""猪杯状病毒感染"", ""severity"": ""中等至严重（可导致繁殖损失）"", ""scene_tags"": [""种猪场"", ""繁殖障碍"", ""流产"", ""死胎"", ""返情"", ""公猪精液异常""], ""validation_points"": [""症状与病毒性繁殖障碍综合征相符"", ""需实验室检测排除其他病原"", ""管理上需隔离与生物安全""], ""risk_flags"": [""疑似重大动物疫病需送检"", ""可能影响全群繁殖性能""], ""case_type"": ""种猪繁殖障碍"", ""target_disease"": ""猪杯状病毒感染"", ""local_flags"": {""species_ok"": true, ""target_disease_in_diagnosis"": true, ""target_disease_mismatch"": false, ""contains_specific_dose"": false, ""contains_specific_withdrawal"": false, ""regulated_bad_treatment"": false}}",False,False,,,True,False,True,D:\XF-ChongQin\ai-\knowledge\llm_wiki_swine_authoritative,1465,887,"猪杯状病毒感染
猪杯状病毒感染、caliciviruses norovirus sapovirus vesicular exanthema virus
种猪繁殖障碍
种猪场出现流产、死胎、返情或公猪异常，用户担心传染病和是否继续配种。","{""HUMAN_REVIEWED"": 3, ""NEEDS_REVIEW"": 2}","[""SRC-0001"", ""SRC-0034""]",2166,35.83,ERNIE-4.5-Turbo-32K,82,28,18,23,13,False,True,"整体回答符合猪杯状病毒感染的测试数据要求，诊断方向合理，管理措施安全，但存在部分细节不足，如数据质量方面缺乏具体检测方法描述，病理逻辑部分对其他病原的排除依据不够充分。
问题：diagnosis_accuracy: 诊断中提到猪杯状病毒感染符合症状，但未充分说明与其他常见繁殖障碍病毒（如蓝耳病、伪狂犬病）的鉴别要点，仅依赖实验室检测排除，缺乏初步鉴别逻辑。；pathology_logic: 对病毒性繁殖障碍综合征的病理机制描述不足，未解释猪杯状病毒如何具体导致流产、死胎等症状，与其他病原的病理差异未明确。；prescription_safety: 管理措施中‘暂停新配种计划’未明确时间节点或触发条件，可能影响生产决策；采样检测部分未说明具体检测方法（如PCR靶基因、血清学方法类型）。；data_quality: 场景描述中‘圈舍通风一般’未量化通风参数（如换气次数），‘近期没有更换饲料’未说明饲料批次或供应商变化情况，数据完整性不足。",hunyuan-turbos-20250926,78,75,70,80,72,True,False,"该数据整体结构完整，诊断方向合理，管理措施安全且包含必要的生物安全措施，未发现直接危险建议。但在鉴别诊断逻辑、病理机制解释、采样检测细节以及场景数据量化方面存在不足，影响专业性和实用性。
问题：诊断部分未提供猪杯状病毒与其他常见繁殖障碍病毒的初步鉴别要点，仅靠实验室检测排除，缺乏现场可操作的区分思路。；病理机制描述不足，未解释猪杯状病毒如何引起流产、死胎等症状，也未对比其他病原的致病差异。；管理措施中‘暂停新配种计划’缺少明确的触发条件或时间节点，可能导致执行模糊。；采样检测部分未说明具体的检测方法（如PCR靶基因、血清学方法类型），降低可操作性。；场景描述中‘圈舍通风一般’未量化，‘近期没有更换饲料’未补充饲料批次或供应商变化信息，数据完整性不足。",True,ERNIE-4.5-Turbo-32K,True,review,整体回答符合猪杯状病毒感染的测试数据要求，诊断方向合理，管理措施安全，但存在部分细节不足。诊断中未充分说明猪杯状病毒与其他常见繁殖障碍病毒的鉴别要点，病理机制描述不足，未解释猪杯状病毒如何具体导致流产、死胎等症状。管理措施中‘暂停新配种计划’未明确时间节点或触发条件，采样检测部分未说明具体检测方法。场景描述中‘圈舍通风一般’未量化通风参数，‘近期没有更换饲料’未说明饲料批次或供应商变化情况，数据完整性不足。,79.0,28,18,23,13,review,28.06,23.94,
ebab0113-361a-5c84-a779-0345ea6a8025,327,猪恶性卡他热相关感染,swine_hunyuan_turbos,hunyuan-turbos-20250926,成功,,猪,我家有200头基础母猪，平均胎次3胎左右，最近一个月陆续有5头怀孕90多天的母猪发生流产，部分产出木乃伊胎，还有两头公猪精神沉郁、采食量下降。之前没打过特殊疫苗，也没引进新猪，就是附近村里有养羊的。请问这是啥病？还能继续配种吗？,根据描述，怀孕中后期流产、木乃伊胎及公猪全身症状提示可能存在病毒性繁殖障碍。结合附近有羊群饲养史，应考虑绵羊疱疹病毒2型引起的猪恶性卡他热相关感染的可能性，该病为偶发性系统性病毒感染，可导致母猪流产、死胎及公猪健康受损。确诊需结合实验室检测排除其他繁殖障碍病因如PRRS、细小病毒、伪狂犬等。,treatment_direction: 目前无特效抗病毒药物，以支持疗法为主，改善营养和环境条件，减少继发感染。；management_measures: 立即隔离发病母猪和公猪，暂停配种计划，对全场进行生物安全强化，防止与羊群接触，加强消毒。；sampling_submission: 采集流产胎儿、胎盘组织及公猪血液送实验室PCR检测，排查绵羊疱疹病毒2型及其他常见繁殖障碍病原。；prohibited_actions: 在未明确诊断前禁止将病猪及其后代外售或引入新猪，避免疫情扩散。,因无特定药物治疗，实际执行应依据检测结果和当地畜牧兽医部门指导决定后续复产时间。,"{""disease_name"": ""猪恶性卡他热相关感染"", ""severity"": ""中等至高"", ""scene_tags"": [""繁殖障碍"", ""流产"", ""公猪异常"", ""羊接触史""], ""validation_points"": [""怀孕中后期流产伴木乃伊胎"", ""公猪全身症状"", ""周边存在羊群""], ""risk_flags"": [""需实验室确诊"", ""潜在重大疫病风险"", ""影响配种计划""], ""case_type"": ""种猪繁殖障碍"", ""target_disease"": ""猪恶性卡他热相关感染"", ""local_flags"": {""species_ok"": true, ""target_disease_in_diagnosis"": true, ""target_disease_mismatch"": false, ""contains_specific_dose"": false, ""contains_specific_withdrawal"": false, ""regulated_bad_treatment"": false}}",False,False,,,True,False,True,D:\XF-ChongQin\ai-\knowledge\llm_wiki_swine_authoritative,1465,887,"猪恶性卡他热相关感染
猪恶性卡他热相关感染、malignant catarrhal fever ovine herpesvirus 2
种猪繁殖障碍
种猪场出现流产、死胎、返情或公猪异常，用户担心传染病和是否继续配种。","{""HUMAN_REVIEWED"": 2, ""NEEDS_REVIEW"": 2}","[""RC-REPRO-001"", ""SRC-0001"", ""SRC-0035"", ""SRC-0041"", ""SRC-0045"", ""SRC-0049"", ""SRC-0050"", ""SRC-0060"", ""SRC-0061"", ""SRC-0067"", ""SRC-0068"", ""SRC-0085""]",2221,28.02,ERNIE-4.5-Turbo-32K,82,28,18,22,14,False,True,"整体回答质量较高，诊断方向合理，考虑了猪恶性卡他热相关感染的可能性，并结合了流行病学史（附近有羊群饲养史）。处理方向安全，建议了隔离、暂停配种、生物安全强化等措施。但存在部分细节不足，如未详细说明实验室检测的必要性及具体检测项目，数据质量方面可进一步提升。
问题：诊断准确性方面，虽然考虑了猪恶性卡他热相关感染，但未充分讨论其他可能的繁殖障碍疾病（如PRRS、细小病毒、伪狂犬等）的鉴别诊断，仅简单提及需实验室检测排除。；病理逻辑方面，对猪恶性卡他热相关感染的病理机制解释不够深入，未详细说明为何该病会导致流产、木乃伊胎及公猪全身症状。；处方安全方面，虽然建议了支持疗法和生物安全措施，但未提及具体的营养和环境改善方案，以及如何减少继发感染的具体措施。；数据质量方面，回答中未提供足够的细节来支持诊断和处理建议，如实验室检测的具体项目、采样方法等。",hunyuan-turbos-20250926,78,75,70,80,72,False,False,"该回答在诊断方向上考虑了猪恶性卡他热相关感染的可能性，并结合了流行病学史（附近有羊群），处理建议包括隔离、暂停配种、生物安全强化等，符合安全原则。但鉴别诊断不足，未详细阐述病理机制，且缺乏具体的支持疗法与环境管理细节，数据支撑度一般。
问题：鉴别诊断不充分，仅简单提及需排除PRRS、细小病毒、伪狂犬等，未展开分析其可能性及鉴别要点。；病理机制解释不足，未说明为何恶性卡他热会导致流产、木乃伊胎及公猪症状。；支持疗法和环境改善措施过于笼统，缺少具体可执行内容。；实验室检测建议不够细化，未明确检测项目、采样部位与方法。",True,ERNIE-4.5-Turbo-32K,partially,review,诊断方向基本合理，考虑了猪恶性卡他热相关感染的可能性，并结合了流行病学史。处理建议包括隔离、暂停配种、生物安全强化等，符合安全原则。但存在鉴别诊断不充分、病理机制解释不足、支持疗法和环境改善措施过于笼统、实验室检测建议不够细化等问题，需要进一步补充和完善。,79.0,28,18,22,14,review,19.73,19.97,
99ecfeb8-52ac-55f2-8a21-56fa2cd229e6,335,猪反转录病毒相关感染,swine_hunyuan_turbos,hunyuan-turbos-20250926,成功,,猪,我家有200多头育肥猪，平均体重在80公斤左右，最近一周陆续有几头出现精神沉郁、食欲下降、体温升高到40℃以上，有的还伴有咳嗽和轻度腹泻。之前用过替米考星拌料三天，效果不明显。想请教一下这种情况是不是病毒感染？如果要送样检测，应该取哪些样本比较合适？另外怕误诊耽误病情，该怎么区分是细菌还是病毒问题？,根据描述的发热、呼吸道症状和抗生素治疗无效的情况，高度怀疑为病毒性感染，可能与猪反转录病毒相关感染有关。该病在不同生长阶段的猪均可发生，常表现为高热、食欲减退、呼吸异常及部分消化道症状。需通过实验室检测确诊。,treatment_direction: 目前无特效抗病毒药物，应以支持疗法为主，包括改善饲养环境、保证饮水和营养供给，必要时使用退热、补液等对症措施。；management_measures: 立即隔离发病猪只，减少应激因素，加强通风与保温，防止继发细菌感染。全群监测体温与采食情况。；sampling_and_testing: 建议采集发病猪的血清、扁桃体拭子或肺组织样本，送至具备资质的兽医实验室进行PCR或抗原检测，以明确是否为反转录病毒感染或其他病毒性疾病。；prohibited_boundary: 在未明确诊断前，禁止随意使用抗生素作为唯一治疗手段，以免掩盖病情并延误病毒病的防控。,因无特定药物治疗，不涉及药物休药期；若后续使用抗生素，应遵守相应药物的停药期规定。,"{""disease_name"": ""猪反转录病毒相关感染"", ""severity"": ""中等至严重"", ""scene_tags"": [""育肥猪"", ""发热"", ""呼吸道症状"", ""抗生素治疗无效""], ""validation_points"": [""症状符合病毒性感染特征"", ""抗生素治疗无效提示非单纯细菌性病因"", ""需实验室检测确认病原体""], ""risk_flags"": [""可能为人畜共患风险未知"", ""存在疫情扩散风险""], ""case_type"": ""采样送检咨询"", ""target_disease"": ""猪反转录病毒相关感染"", ""local_flags"": {""species_ok"": true, ""target_disease_in_diagnosis"": true, ""target_disease_mismatch"": false, ""contains_specific_dose"": false, ""contains_specific_withdrawal"": false, ""regulated_bad_treatment"": false}}",False,False,,,True,False,True,D:\XF-ChongQin\ai-\knowledge\llm_wiki_swine_authoritative,1465,887,"猪反转录病毒相关感染
猪反转录病毒相关感染、retroviruses
采样送检咨询
用户描述症状后，重点询问采什么样品、如何判断和如何避免误治。","{""NEEDS_REVIEW"": 5}","[""SRC-0001""]",2027,27.38,ERNIE-4.5-Turbo-32K,82,27,18,22,15,False,True,"整体回答较为准确，诊断逻辑合理，症状与疾病匹配度较高，治疗方向安全，但数据质量方面存在一定不足，如未详细说明采样检测的具体操作和注意事项。
问题：诊断准确性方面，虽然症状与疾病匹配，但未详细说明猪反转录病毒相关感染的特异性症状，仅依据抗生素治疗无效和一般病毒性感染症状进行推断，略显不足。；病理逻辑方面，对疾病在不同生长阶段猪的具体表现和发病机制阐述不够深入。；处方安全方面，支持疗法和管理措施较为合理，但未提及在支持疗法中可能使用的具体药物及其安全性注意事项。；数据质量方面，采样送检建议不够详细，未说明样本采集的具体方法、保存条件和运输要求等；对如何区分细菌和病毒问题的阐述不够具体。",hunyuan-turbos-20250926,78,75,70,85,72,True,False,"回答基本符合临床思路，症状与病毒性感染推测相符，且强调了避免盲目用抗生素，管理建议和支持疗法方向正确。但缺乏针对猪反转录病毒的特征性描述，病理机制解释较浅，采样送检细节不足，对细菌与病毒的鉴别方法不够具体，可能影响现场操作指导价值。
问题：未详细描述猪反转录病毒相关感染的特异性临床表现和流行病学特征，仅靠一般病毒性症状推断，证据链较弱。；病理机制解释不足，未说明不同生长阶段猪的发病差异及可能的免疫抑制背景。；采样送检建议过于笼统，缺少样本采集部位选择理由、采集方法、保存条件、运输温度等关键信息。；未提供区分细菌性与病毒性疾病的更具体方法，例如血常规、C反应蛋白、影像学等辅助手段。",True,ERNIE-4.5-Turbo-32K,partially,review,回答基本符合临床思路，症状与病毒性感染推测相符，且强调了避免盲目用抗生素，管理建议和支持疗法方向正确。但存在一些不足，如未详细描述猪反转录病毒相关感染的特异性临床表现和流行病学特征，病理机制解释较浅，采样送检细节不足，对细菌与病毒的鉴别方法不够具体，可能影响现场操作指导价值。,79.0,27,18,22,15,review,19.42,22.05,
29465ecb-b260-5720-8945-c658f17250e7,428,猪类圆线虫病,swine_hunyuan_turbos,hunyuan-turbos-20250926,成功,,猪,我这边有120头80公斤左右的育肥猪，还有20天就要出栏了，这几天陆续有猪拉稀，粪便偏黄带点黏液，精神还行，采食量下降不多，圈舍湿度比较大，之前用过恩诺沙星拌料，效果不明显。这种情况还能继续养到出栏吗？会不会影响卖猪？需要怎么处理？,根据描述，结合育肥猪、高湿环境和慢性腹泻表现，考虑为猪类圆线虫病可能性较大。该病由Strongyloides ransomi引起，主要侵害小肠黏膜，导致营养吸收障碍和轻度腹泻，常在潮湿环境中易发。需通过粪便镜检或黏膜刮片查找虫卵或幼虫确诊。,treatment_direction: 针对线虫感染进行驱虫治疗，选择对Strongyloides有效的广谱驱虫药物，如伊维菌素类或阿苯达唑类制剂，按说明使用。；management_measures: 改善圈舍通风与干燥条件，减少粪便堆积，定期清理饮水槽，防止二次感染。；sampling_and_testing: 采集新鲜粪便样本送实验室做虫卵或幼虫检查，必要时取病变肠段做黏膜刮片，提高检出率。；prohibited_boundaries: 在确诊前不得出售或外调猪只，若发现其他严重传染病迹象应立即上报并配合主管部门处置。,因涉及出栏时间紧迫，应严格遵循所用驱虫药的停药期规定，确保药物残留符合食品安全标准后方可出栏。,"{""disease_name"": ""猪类圆线虫病"", ""severity"": ""中等"", ""scene_tags"": [""育肥猪"", ""出栏前"", ""腹泻"", ""高湿环境""], ""validation_points"": [""症状与文献描述的类圆线虫感染相符"", ""建议的诊疗措施符合兽医常规做法""], ""risk_flags"": [""临近出栏需关注药物残留及停药期"", ""存在传播风险需做好生物安全""], ""case_type"": ""腹泻出栏边界"", ""target_disease"": ""猪类圆线虫病"", ""local_flags"": {""species_ok"": true, ""target_disease_in_diagnosis"": true, ""target_disease_mismatch"": false, ""contains_specific_dose"": false, ""contains_specific_withdrawal"": false, ""regulated_bad_treatment"": false}}",False,False,,,True,False,True,D:\XF-ChongQin\ai-\knowledge\llm_wiki_swine_authoritative,1465,887,"猪类圆线虫病
猪类圆线虫病、strongyloides internal parasites
腹泻出栏边界
临近出栏猪群出现腹泻，用户关心处理方向、隔离和用药后能否销售。","{""HUMAN_REV"": 1, ""NEEDS_REVIEW"": 4}","[""SRC-0001"", ""SRC-0082""]",2221,30.31,ERNIE-4.5-Turbo-32K,82,27,18,23,14,False,True,"整体回答质量较高，诊断方向合理，处理措施安全，符合猪类圆线虫病的诊断与治疗规范，无明显错误或风险。
问题：诊断准确性方面，虽然症状与猪类圆线虫病相符，但未提及鉴别诊断（如与其他腹泻病的区分），略显不足。；病理逻辑方面，对疾病传播途径和预防措施的描述稍显简略，可进一步补充。；处方安全性方面，未明确具体驱虫药物的剂量和使用频率，仅提及按说明使用，略显笼统。；数据质量方面，未提供粪便镜检或黏膜刮片的具体操作方法或参考标准，信息完整性稍欠。",hunyuan-turbos-20250926,78,85,75,70,72,False,False,"该数据整体结构完整，诊断思路与用户描述的育肥猪、高湿环境及轻度腹泻症状基本吻合，考虑了类圆线虫病的流行病学特点，并提出了合理的检测与隔离建议，避免了直接销售或外调的潜在风险。但存在以下不足：1）缺乏对其他可能引起类似症状的病原（如细菌性肠炎、球虫等）的鉴别提示；2）病理机制与防控细节不够深入；3）处方部分虽避免给出具体剂量，但“按说明使用”表述过于笼统，且提到“严格遵循停药期”，可能隐含对具体停药期的暗示，存在一定风险；4）缺少粪便镜检或黏膜刮片的操作细节，降低了实用性。
问题：未进行鉴别诊断提示，可能导致误诊或漏诊；病理机制与防控措施描述较简略，缺乏深度；处方中‘按说明使用’过于笼统，可能影响执行准确性；提及停药期但未明确规避具体数值，存在潜在误导风险",True,ERNIE-4.5-Turbo-32K,partially,review,诊断方向基本合理，考虑了猪类圆线虫病的流行病学特点，处理措施安全且符合规范，但存在以下不足：1）未进行鉴别诊断提示，可能导致误诊或漏诊；2）病理机制与防控措施描述较简略，缺乏深度；3）处方中‘按说明使用’过于笼统，可能影响执行准确性；4）提及停药期但未明确规避具体数值，存在潜在误导风险。整体质量较高，但需补充细节以提高实用性和准确性。,79.0,27,18,23,14,review,19.28,21.86,
abbee847-64db-54b1-955e-7896d0330e43,461,猪杯状病毒感染,swine_hunyuan_turbos,hunyuan-turbos-20250926,成功,,猪,我家有200多头育肥猪，平均体重在70公斤左右，最近一周陆续出现精神沉郁、食欲下降、部分猪拉稀，粪便偏黄绿色，个别猪体温升高到40℃以上，没有看到明显的水疱或皮肤病变。之前用过恩诺沙星拌料三天，效果不明显。想问下这种情况是不是病毒性腹泻？如果要送样检查，应该取哪些样品比较合适？怕误诊耽误病情。,根据描述的临床表现（精神沉郁、食欲减退、黄色绿色腹泻、发热），结合无典型水疱病变且抗生素治疗效果不佳，考虑可能为病毒性腹泻，其中猪杯状病毒感染是潜在原因之一。需通过实验室检测排除其他常见病毒（如PEDV、TGEV、轮状病毒等）并确诊。,treatment_direction: 目前无特效抗病毒药物，以支持疗法为主，维持电解质平衡，防止继发细菌感染。；management_measures: 加强保温通风管理，减少应激；保证清洁饮水和易消化饲料；隔离发病猪群，限制人员车辆流动。；sampling_for_testing: 采集新鲜粪便样本（冷藏保存）、口腔液或直肠拭子，必要时可配合血液样本进行PCR检测，同时保留部分组织样本供病理学检查。；prohibited_actions: 禁止随意使用未经批准的兽药或超量用药；发现疑似重大疫病应立即停止调运并向当地畜牧兽医部门报告。,因未使用特定药物，暂无明确休药期要求；若后续使用抗生素，应遵守相应停药期规定。,"{""disease_name"": ""猪杯状病毒感染"", ""severity"": ""中等"", ""scene_tags"": [""育肥猪"", ""病毒性腹泻"", ""采样送检""], ""validation_points"": [""症状符合病毒性腹泻特征"", ""抗生素治疗无效支持非细菌性病因"", ""建议多病原检测以避免漏诊""], ""risk_flags"": [""需排除重大动物疫病"", ""采样送检前避免盲目用药""], ""case_type"": ""采样送检咨询"", ""target_disease"": ""猪杯状病毒感染"", ""local_flags"": {""species_ok"": true, ""target_disease_in_diagnosis"": true, ""target_disease_mismatch"": false, ""contains_specific_dose"": false, ""contains_specific_withdrawal"": false, ""regulated_bad_treatment"": false}}",False,False,,,True,False,True,D:\XF-ChongQin\ai-\knowledge\llm_wiki_swine_authoritative,1465,887,"猪杯状病毒感染
猪杯状病毒感染、caliciviruses norovirus sapovirus vesicular exanthema virus
采样送检咨询
用户描述症状后，重点询问采什么样品、如何判断和如何避免误治。","{""HUMAN_REVIEWED"": 3, ""NEEDS_REVIEW"": 2}","[""SRC-0001"", ""SRC-0034""]",2166,31.77,ERNIE-4.5-Turbo-32K,82,27,18,22,15,False,True,"整体回答符合猪杯状病毒感染的测试数据要求，诊断方向合理，处理措施安全，但存在部分细节可优化。
问题：diagnosis_accuracy: 诊断中虽提及猪杯状病毒感染为潜在原因之一，但未充分结合该病特异性症状（如偶见水疱性病变）进行深入分析，且未明确排除其他类似疾病（如PEDV）的逻辑步骤。；pathology_logic: 病理逻辑部分对病毒性腹泻的共性描述较多，缺乏对猪杯状病毒独特病理机制的针对性分析，如病毒复制部位、靶细胞等。；prescription_safety: 采样建议中未明确样本采集的具体数量、保存条件（如粪便样本需4℃冷藏而非冷冻）及运输要求，可能影响检测准确性。；data_quality: 用户查询中未提及猪群免疫史、近期引种情况等关键背景信息，回答中亦未补充询问，可能遗漏重要流行病学线索。",hunyuan-turbos-20250926,78,75,72,80,76,True,False,"该回答基本覆盖了猪杯状病毒感染的可能性，并结合了病毒性腹泻的常见特征进行分析，处理建议总体安全，包含必要的生物安全措施和采样指导。但在诊断深度、病理机制解释以及采样细节方面仍有不足，且未主动引导获取更多流行病学信息以辅助鉴别。
问题：诊断中对猪杯状病毒的特异性症状（如偶见水疱性病变）分析不足，未充分说明为何在无此类表现时仍考虑该病。；缺乏针对猪杯状病毒独特病理机制的描述，例如感染部位、靶细胞类型等。；采样建议不够细致，未明确样本数量、保存温度（如粪便应为4℃冷藏而非冷冻）和运输条件。；未提示进一步收集免疫史、引种情况、周边疫情等流行病学信息。",True,ERNIE-4.5-Turbo-32K,True,review,诊断方向基本合理，处理建议总体安全，但存在诊断深度不足、病理机制解释不够详细、采样建议不够细致以及未主动收集流行病学信息等问题，符合review标准。,79.0,27,18,22,15,review,23.83,19.91,
564d65d3-e384-598f-b451-50438b07f823,466,猪托罗病毒感染,swine_hunyuan_turbos,hunyuan-turbos-20250926,成功,,猪,我家是300头左右的保育到育肥猪场，最近有20多头60-80斤的猪出现水样腹泻，已经持续了三四天，拉稀比较稀，精神食欲还行，体温基本正常。之前用了恩诺沙星和硫酸黏菌素拌料三天，效果不明显，粪便还是稀的。想问下这种情况还能继续用抗生素吗？要不要送样去查一下病因？,根据描述，保育至育肥阶段的猪出现水样腹泻，使用常规抗菌药物疗效不佳，结合流行病学特点，应考虑病毒性因素如猪托罗病毒感染的可能，同时不排除其他肠道病毒或混合感染。当前缺乏特异性病原学确诊，建议通过实验室检测明确病原类型。,1. 暂停盲目追加抗菌药物，以免增加耐药风险及成本；2. 加强饮水卫生，补充电解质防止脱水；3. 改善圈舍通风与保温，减少应激；4. 采集新鲜腹泻粪便样本送具备资质的兽医实验室进行病原检测（包括病毒筛查）；5. 若怀疑重大动物疫病，应立即向当地动物防疫部门报告并配合处置。,无特定休药期信息，因未给出具体药物方案，需依据实际用药情况由执业兽医判定。,"{""disease_name"": ""猪托罗病毒感染"", ""severity"": ""中等"", ""scene_tags"": [""保育猪"", ""育肥猪"", ""水样腹泻"", ""抗菌药无效""], ""validation_points"": [""符合病毒性腹泻特征且抗菌药无效"", ""建议送检以明确病因""], ""risk_flags"": [""需排除重大动物疫病""], ""case_type"": ""腹泻用药咨询"", ""target_disease"": ""猪托罗病毒感染"", ""local_flags"": {""species_ok"": true, ""target_disease_in_diagnosis"": true, ""target_disease_mismatch"": false, ""contains_specific_dose"": false, ""contains_specific_withdrawal"": false, ""regulated_bad_treatment"": false}}",False,False,,,True,False,True,D:\XF-ChongQin\ai-\knowledge\llm_wiki_swine_authoritative,1465,887,"猪托罗病毒感染
猪托罗病毒感染、porcine torovirus
腹泻用药咨询
猪群腹泻后已用过常见抗菌药效果一般，用户询问是否继续用药以及是否需要送检。","{""HUMAN_REVIEWED"": 2, ""NEEDS_REVIEW"": 3}","[""SRC-0001"", ""SRC-0079"", ""SRC-0083""]",2055,28.35,ERNIE-4.5-Turbo-32K,82,27,18,22,15,False,True,"整体回答符合猪托罗病毒感染的测试场景，诊断考虑病毒性因素，建议送检以明确病因，处理方向安全合理，但存在诊断准确性、病理逻辑、数据质量方面的小问题。
问题：诊断准确性方面，虽然考虑了病毒性因素，但未明确提及猪托罗病毒感染的特异性症状或流行病学特点，仅基于抗菌药无效推断，略显不足。；病理逻辑方面，对病毒性腹泻的病理机制解释不够深入，缺乏对猪托罗病毒感染与其他肠道病毒区分的详细分析。；数据质量方面，场景标签和验证点较为笼统，缺乏具体的症状描述或实验室检测结果的引用，风险标志也仅提及需排除重大动物疫病，未详细说明人兽共患风险等。",hunyuan-turbos-20250926,78,75,70,85,72,True,False,"该回答在场景真实性和处理安全性上表现较好，能够识别病毒性腹泻的可能性并建议送检，避免盲目使用抗生素，且提示重大疫病上报义务。但在诊断准确性上缺少猪托罗病毒感染的典型特征描述，病理机制分析不足，数据质量一般，未充分说明鉴别诊断与人兽共患病风险。
问题：诊断部分未结合猪托罗病毒感染的典型临床症状和流行病学背景，仅凭抗菌药无效推测病毒性原因，证据链不完整。；病理机制解释较浅，没有区分猪托罗病毒与其他肠道病毒的差异。；数据质量不高，缺乏更细致的症状细节和实验室检测结果支持。；未明确提及人兽共患病或中毒等潜在风险。",True,ERNIE-4.5-Turbo-32K,True,review,回答在诊断方向上考虑了病毒性因素并建议送检，处理方向安全合理，避免了盲目使用抗生素，但诊断准确性存在不足，未明确提及猪托罗病毒感染的特异性症状或流行病学特点，病理机制分析不够深入，数据质量一般，缺乏具体的症状描述或实验室检测结果的引用，因此判为review。,79.0,27,18,22,15,review,21.59,19.41,
04af9a25-1407-54d3-ba64-fd4e5b5d225f,65,猪肾虫病,swine_hunyuan_turbos,hunyuan-turbos-20250926,成功,,猪,我家有200多头60日龄左右的保育猪，最近发现不少猪拉稀、毛色发暗、长得慢，有的还抓痒掉毛。圈舍比较潮湿，以前用过伊维菌素驱虫一次，但效果不明显。想问问是不是肾虫病？该怎么处理？,根据描述的症状（腹泻、消瘦、皮肤瘙痒、生长缓慢）、圈舍潮湿环境和既往驱虫效果不佳，结合猪肾虫（Stephanurus dentatus）的流行病学特点，高度怀疑为猪肾虫病。该病由肾虫幼虫在肝脏及肾周组织移行引起，可导致肝损伤、肾功能障碍及皮肤病变，尤其在潮湿环境中易流行。,建议立即采取以下措施：1. 加强圈舍卫生管理，保持干燥通风，减少粪便堆积，防止虫卵污染环境；2. 调整饲养密度，降低应激；3. 采集病猪尿液进行显微镜检查寻找虫卵，必要时配合剖检观察肾脏周围囊肿及肝脏milk spots，以确诊；4. 选用对肾虫有效的广谱驱虫药（如含多拉菌素类成分），按说明书使用，并轮换不同作用机制的药物；5. 对同群猪进行预防性驱虫；6. 严禁将病死猪及其排泄物随意丢弃，防止环境污染扩散。,因涉及驱虫药物使用，应遵守所用药物标签上的休药期规定，确保猪肉产品安全。,"{""disease_name"": ""猪肾虫病"", ""severity"": ""中等偏重"", ""scene_tags"": [""保育猪"", ""群体发病"", ""潮湿环境"", ""慢性消耗""], ""validation_points"": [""症状符合肾虫感染特征（腹泻、消瘦、皮肤瘙痒）"", ""圈舍潮湿利于虫卵孵化与传播"", ""既往驱虫无效提示可能存在耐药性或药物选择不当""], ""risk_flags"": [""可能持续影响生产性能"", ""存在环境二次污染风险""], ""case_type"": ""寄生虫群体发病"", ""target_disease"": ""猪肾虫病"", ""local_flags"": {""species_ok"": true, ""target_disease_in_diagnosis"": true, ""target_disease_mismatch"": false, ""contains_specific_dose"": false, ""contains_specific_withdrawal"": false, ""regulated_bad_treatment"": false}}",False,False,,,True,False,False,D:\XF-ChongQin\ai-\knowledge\llm_wiki_swine_authoritative,1465,887,"猪肾虫病
猪肾虫病、stephanurus dentatus kidney worm
寄生虫群体发病
猪群出现腹泻、消瘦、皮肤瘙痒或生长慢，用户怀疑寄生虫。","{""HUMAN_REVIEWED"": 2, ""NEEDS_REVIEW"": 2}","[""SRC-0001"", ""SRC-0082""]",2221,25.07,ERNIE-4.5-Turbo-32K,82,27,18,22,15,False,True,"整体回答质量较高，诊断准确性、病理逻辑、处方安全性均表现良好，数据质量基本满足要求，无致命风险。
问题：诊断准确性方面，虽然症状描述和流行病学特点匹配较好，但缺乏确诊依据的详细说明，如尿液检查或剖检的具体操作指导。；病理逻辑方面，对肾虫病导致的肝损伤、肾功能障碍及皮肤病变的病理机制解释不够深入。；处方安全性方面，虽然提出了选用对肾虫有效的广谱驱虫药，但未明确具体药物名称和剂量，存在一定安全隐患。；数据质量方面，症状描述和场景标签较为全面，但风险标志的描述较为笼统，缺乏具体数据支持。",hunyuan-turbos-20250926,80,85,80,75,80,False,False,"该回答基于用户提供的症状、环境条件和既往用药史，合理推测为猪肾虫病，诊断思路符合流行病学特征，病理机制解释基本到位，处理方案涵盖环境改善、确诊手段、驱虫及群体防控，无明显危险建议。不足之处在于未提供确诊检查的详细操作指引，部分药理信息较笼统，且未完全规避药物使用风险。
问题：缺少尿液镜检和剖检的具体操作步骤说明，影响确诊可行性。；对肾虫病的病理机制解释深度不足，未能充分联系症状与器官损伤的关系。；驱虫药物仅提及类别而未明确避免推荐具体药名或剂量，虽降低了直接风险，但仍需更明确的用药安全提示。；风险防控措施表述偏笼统，缺乏针对潮湿环境的细化改进建议。",True,ERNIE-4.5-Turbo-32K,部分同意，综合判断为review更合适,review,诊断方向基本正确，基于症状、环境和驱虫史推测猪肾虫病合理，但缺乏确诊依据（如尿液检查或剖检的具体操作说明），病理机制解释不够深入；处置方案涵盖环境改善、确诊手段、驱虫及群体防控，但驱虫药物未明确具体名称和剂量，存在一定安全隐患，风险防控措施表述偏笼统。整体回答质量较高，但存在轻微不足，需补充细节以提高可操作性和安全性。,78.0,27,18,22,15,review,16.31,25.12,
a971b416-ef53-5ab8-847f-70cdba7459db,189,猪反转录病毒相关感染,swine_hunyuan_turbos,hunyuan-turbos-20250926,成功,,猪,我这边是300头基础母猪的种猪场，最近两个月陆续有10多头怀孕母猪在妊娠中后期流产，还有几头产下木乃伊胎和死胎，部分公猪精液活力下降明显。圈舍通风一般，冬季保温还行，之前没用过疫苗，也没做过系统净化。想问这是不是传染病？还能不能继续配种？,根据描述，妊娠母猪流产、死胎及公猪精液质量下降提示可能存在病毒性繁殖障碍综合征，包括猪反转录病毒相关感染在内的多种病原需考虑。该病可导致母猪流产、死胎、木乃伊胎以及公猪精子活力下降。建议结合实验室检测排除其他常见繁殖障碍病原（如PRRSV、PCV2、细小病毒等）。,treatment_direction: 目前无特效抗病毒药物，重点在于控制传染源、减少应激、改善饲养管理。；management_measures: 立即隔离发病母猪，停止其参与配种计划；；对全场母猪进行健康评估，暂停新配种批次直至病因明确；；加强圈舍通风与温湿度管理，减少冷热应激；；全群消毒，防止交叉感染；；sampling_and_testing: 采集流产胎儿组织、胎盘、血液样本送实验室PCR检测，排查猪反转录病毒及其他繁殖障碍病原；；公猪采精后检测精液质量和病原核酸；；prohibited_actions: 禁止将疑似感染母猪所产仔猪或精液用于扩繁；；在未明确病因前，不得将场内猪只外调；,因无特效药物治疗，不涉及药物休药期；但应执行生物安全隔离期，直至检测结果阴性并稳定生产至少两个发情周期后再恢复配种。,"{""disease_name"": ""猪反转录病毒相关感染"", ""severity"": ""中等至严重（影响繁殖性能）"", ""scene_tags"": [""种猪场"", ""繁殖障碍"", ""流产"", ""死胎"", ""公猪精液异常""], ""validation_points"": [""符合妊娠中后期流产、死胎表现；"", ""伴随公猪精液活力下降；"", ""多因素可能叠加，需实验室确诊。""], ""risk_flags"": [""存在潜在传染性，需隔离与检测；"", ""可能影响整个繁殖群的生产性能；"", ""需防范与其他繁殖障碍病原混合感染。""], ""case_type"": ""种猪繁殖障碍"", ""target_disease"": ""猪反转录病毒相关感染"", ""local_flags"": {""species_ok"": true, ""target_disease_in_diagnosis"": true, ""target_disease_mismatch"": false, ""contains_specific_dose"": false, ""contains_specific_withdrawal"": false, ""regulated_bad_treatment"": false}}",False,False,,,True,False,True,D:\XF-ChongQin\ai-\knowledge\llm_wiki_swine_authoritative,1465,887,"猪反转录病毒相关感染
猪反转录病毒相关感染、retroviruses
种猪繁殖障碍
种猪场出现流产、死胎、返情或公猪异常，用户担心传染病和是否继续配种。","{""NEEDS_REVIEW"": 5}","[""SRC-0001""]",2034,24.4,ERNIE-4.5-Turbo-32K,82,28,18,23,13,False,True,"整体回答较为全面，诊断方向合理，考虑了多种繁殖障碍病原，管理措施和检测建议符合疾病防控要求，但数据质量方面存在一定不足，如未详细说明检测方法和具体隔离措施。
问题：诊断准确性方面，虽然考虑了多种病原，但未明确指出猪反转录病毒相关感染的特异性症状或诊断依据。；病理逻辑方面，对疾病传播途径和发病机制的阐述不够详细。；处方安全性方面，管理措施较为全面，但缺乏具体的消毒方法和频率。；数据质量方面，未提供检测方法的具体信息，且隔离措施的描述不够详细。",hunyuan-turbos-20250926,80,75,78,85,70,True,False,"该回答针对用户描述的妊娠母猪流产、死胎、木乃伊胎及公猪精液活力下降等症状，提出了可能的病毒性繁殖障碍综合征，并涵盖猪反转录病毒相关感染的可能性，同时提醒排查PRRSV、PCV2、细小病毒等其他病原，诊断方向合理。管理措施包括隔离、暂停配种、环境改善、全群消毒及采样检测，符合防控原则，未发现危险建议。不足之处在于未明确猪反转录病毒的特异性症状或诊断依据，病理机制解释较简略，消毒方法、频率及隔离细节缺失，影响可操作性。
问题：未说明猪反转录病毒相关感染的特异性临床表现或确诊依据；对疾病传播机制和发病机制阐述不足；消毒措施缺少具体方法与频次说明；隔离措施描述不够细化",True,ERNIE-4.5-Turbo-32K,True,review,诊断方向合理，考虑了多种繁殖障碍病原，管理措施和检测建议符合疾病防控要求，但存在一些不足，如未明确猪反转录病毒的特异性症状或诊断依据，病理机制解释较简略，消毒方法、频率及隔离细节缺失，影响可操作性。,78.0,28,18,23,13,review,15.67,15.91,
849b0dba-301d-5372-b673-3ed4f34ce3bd,375,猪丹毒,swine_hunyuan_turbos,hunyuan-turbos-20250926,成功,,猪,我们场有200头能繁母猪，最近一个月陆续有10多头母猪出现流产、死胎，还有几头返情率明显升高，个别公猪精神差、采食下降。之前没做过丹毒疫苗，想问是不是猪丹毒引起的？还能继续配种吗？,根据描述，母猪流产、死胎及公猪精神沉郁等症状，结合未免疫丹毒疫苗的背景，高度怀疑为猪丹毒感染所致。该病可通过胎盘垂直传播引起胎儿死亡或流产，也可通过交配传播影响公猪健康。需进一步采集血液、组织样本进行实验室确诊，并排除其他繁殖障碍性疾病如蓝耳病、伪狂犬等。,立即暂停场内所有配种活动，防止疾病扩散；对出现症状的母猪和公猪进行隔离观察；采集血样、流产胎儿组织送实验室做细菌分离培养及PCR检测；加强圈舍消毒，减少应激因素；若确诊为猪丹毒，可在兽医指导下使用敏感抗生素治疗，并对全群实施疫苗接种防控；严禁将可疑动物外调或出售。,因涉及抗生素治疗和潜在法定疫病调查，应严格执行兽医建议的停药期，并在检测结果明确前禁止屠宰上市。,"{""disease_name"": ""猪丹毒"", ""severity"": ""高"", ""scene_tags"": [""种猪场"", ""繁殖障碍"", ""流产"", ""死胎"", ""公猪异常""], ""validation_points"": [""症状符合猪丹毒败血症及繁殖障碍表现"", ""存在未免疫史增加感染风险"", ""需要实验室确诊排除其他繁殖障碍病""], ""risk_flags"": [""可能为人畜共患病排查对象"", ""重大动物疫病处置边界需遵守"", ""需暂停配种和隔离措施""], ""case_type"": ""种猪繁殖障碍"", ""target_disease"": ""猪丹毒"", ""local_flags"": {""species_ok"": true, ""target_disease_in_diagnosis"": true, ""target_disease_mismatch"": false, ""contains_specific_dose"": false, ""contains_specific_withdrawal"": false, ""regulated_bad_treatment"": false}}",False,False,,,True,False,True,D:\XF-ChongQin\ai-\knowledge\llm_wiki_swine_authoritative,1465,887,"猪丹毒
猪丹毒、erysipelas
种猪繁殖障碍
种猪场出现流产、死胎、返情或公猪异常，用户担心传染病和是否继续配种。","{""HU"": 1, ""HUMAN_REVIEWED"": 3}","[""SRC-0001"", ""SRC-0025"", ""SRC-0058"", ""SRC-0065""]",2221,30.25,ERNIE-4.5-Turbo-32K,82,27,18,23,14,False,True,"整体回答较为全面，诊断逻辑合理，症状与疾病匹配度较高，处方安全且符合疾病防控要求，数据质量基本满足需求，无明显致命风险。
问题：诊断准确性方面，虽然症状与猪丹毒相符，但未充分讨论其他可能疾病（如蓝耳病、伪狂犬）的鉴别诊断细节，仅简单提及需排除，缺乏具体鉴别点说明。；病理逻辑方面，对猪丹毒通过胎盘垂直传播和交配传播的机制描述较笼统，未详细解释传播途径与当前症状的直接关联。；处方安全方面，虽提到使用敏感抗生素治疗，但未明确抗生素种类及具体使用剂量，存在一定模糊性。；数据质量方面，场景标签和验证点基本覆盖，但风险标志中‘可能为人畜共患病排查对象’未进一步说明具体排查措施或人兽共患风险点。",hunyuan-turbos-20250926,80,7,7.5,8,7.5,False,False,"回答总体结构完整，症状与猪丹毒的典型表现吻合，诊断思路清晰，防控措施涵盖隔离、送检、消毒、疫苗等关键环节，无直接危险建议。不足之处在于鉴别诊断部分过于简略，未展开蓝耳病、伪狂犬等疾病的具体区分要点；传播途径机制解释不够细致；抗生素使用未明确种类与剂量，存在操作模糊性；人兽共患病相关风险提示不足。
问题：鉴别诊断仅列出疾病名称，缺少具体临床特征、流行病学差异等对比信息；猪丹毒的传播途径与当前症状的联系阐述不够深入；抗生素治疗方案未指明药物类别与用量，可能影响执行安全性；未针对人兽共患病风险提出更具体的监测或防护建议",True,ERNIE-4.5-Turbo-32K,True,review,回答整体结构完整，症状与猪丹毒的典型表现吻合，诊断思路清晰，防控措施涵盖隔离、送检、消毒、疫苗等关键环节，无直接危险建议。但存在以下不足：鉴别诊断部分过于简略，未展开蓝耳病、伪狂犬等疾病的具体区分要点；传播途径机制解释不够细致；抗生素使用未明确种类与剂量，存在操作模糊性；人兽共患病相关风险提示不足。,78.0,27,18,23,14,review,21.57,17.73,
d472f520-3110-5a61-bcd7-3c39dc5bf4c4,472,猪巨细胞病毒感染,swine_hunyuan_turbos,hunyuan-turbos-20250926,成功,,猪,我家有200多头50日龄左右的保育猪，最近几天陆续出现精神沉郁、食欲下降、体温升高的情况，有几头还伴有轻度呼吸道症状，已经持续了三四天，之前用过一些抗生素控制继发感染，但效果不明显。现在同栏里还有不少猪开始表现类似症状，我担心是不是传染病，能不能先当普通病治着看？,根据描述的症状（精神沉郁、食欲减退、发热、部分伴呼吸道症状）、年龄阶段及群发趋势，需高度怀疑病毒性感染的可能，如猪巨细胞病毒感染等。该病目前缺乏特异性治疗药物，且可能与其他病原混合感染，单纯抗生素治疗难以控制病情发展。,treatment_direction: 立即隔离发病猪，加强圈舍通风与保温，减少应激；提供清洁饮水与易消化饲料；对高热、明显呼吸症状的个体可对症支持治疗，防止继发细菌感染。；management_measures: 全群监测体温与采食情况，记录病情进展；暂停新进猪只入场，限制人员与车辆流动；病死猪无害化处理。；sampling_submission: 采集发病猪的血液、鼻腔拭子、粪便及死亡猪的组织样品送实验室进行病原学检测，明确是否为猪巨细胞病毒或其他病原感染。；prohibited_boundaries: 在未排除重大动物疫病前，不得擅自出售、转运、屠宰或食用可疑猪只；不得使用未经批准的抗病毒药物；不得忽视疫情报告义务。,因无特效抗病毒药物，重点在于隔离管理与防控扩散，不涉及特定药物休药期问题。,"{""disease_name"": ""猪巨细胞病毒感染"", ""severity"": ""中等至严重（视感染率与继发感染情况而定）"", ""scene_tags"": [""保育猪"", ""群发性"", ""发热"", ""呼吸道症状"", ""疑似病毒性""], ""validation_points"": [""症状符合病毒性感染特征"", ""抗生素治疗无效提示非单一细菌病因"", ""存在群发趋势需警惕传染性""], ""risk_flags"": [""重大动物疫病排查必要"", ""禁止擅自处置与流通""], ""case_type"": ""暴发与处置边界"", ""target_disease"": ""猪巨细胞病毒感染"", ""local_flags"": {""species_ok"": true, ""target_disease_in_diagnosis"": true, ""target_disease_mismatch"": false, ""contains_specific_dose"": false, ""contains_specific_withdrawal"": false, ""regulated_bad_treatment"": false}}",False,False,,,True,False,True,D:\XF-ChongQin\ai-\knowledge\llm_wiki_swine_authoritative,1465,887,"猪巨细胞病毒感染
猪巨细胞病毒感染、porcine cytomegalovirus
暴发与处置边界
同栏或多栋猪舍短期内发病增多，用户询问是否能先按普通病治疗观察。","{""HUMAN_REVIEWED"": 2, ""NEEDS_REVIEW"": 2}","[""SRC-0001"", ""SRC-0037"", ""SRC-0083""]",2221,32.91,ERNIE-4.5-Turbo-32K,82,27,18,22,15,False,True,"整体回答符合猪巨细胞病毒感染的暴发与处置边界场景，诊断方向正确，处理措施安全合理，未发现致命风险。
问题：diagnosis_accuracy: 诊断准确性得分中等，症状描述与疾病匹配度较高，但未明确排除其他类似疾病的可能性，如猪蓝耳病、猪流感等，诊断依据可进一步细化。；pathology_logic: 病理逻辑得分中等，对病毒性感染的判断逻辑合理，但对混合感染的可能性分析不够深入，缺乏对疾病传播途径和易感猪群的详细说明。；prescription_safety: 处方安全性得分较高，处理措施符合疾病防控要求，但对症支持治疗的具体方案（如退热、止咳药物的选择）未明确，可能影响实际操作的规范性。；data_quality: 数据质量得分一般，场景描述和用户查询较为清晰，但病史记录（如发病时间、死亡率）和实验室检测建议的详细程度不足，可能影响诊断的全面性。",hunyuan-turbos-20250926,80,75,78,85,75,False,False,"该数据场景真实，症状与猪巨细胞病毒感染相符，诊断方向合理，处理措施包含隔离、生物安全和送检建议，无明显危险建议。不足之处在于未充分排除其他常见病毒性疫病（如蓝耳病、流感），病理机制解释较浅，对症支持治疗细节不足，病史信息不够完整。
问题：诊断未充分排除其他相似症状的常见猪病；病理机制与传播路径说明不足；对症支持治疗缺少具体操作指引；病史信息（发病时间、死亡率等）不完整",True,ERNIE-4.5-Turbo-32K,partially,review,诊断方向基本正确，症状与猪巨细胞病毒感染相符，但未充分排除其他类似疾病（如猪蓝耳病、猪流感等），病理机制解释较浅，对症支持治疗细节不足，病史信息不够完整，可能影响诊断的全面性和实际操作的规范性。,78.0,27,18,22,15,review,24.22,16.63,
6f2eefda-cc5a-5575-a7f1-42156f371c4c,100,猪呼吸道冠状病毒感染,swine_hunyuan_turbos,hunyuan-turbos-20250926,成功,,猪,我家有200头120公斤左右的育肥猪，马上要出栏了，这几天陆续有几头开始拉稀，精神食欲还行，体温正常，粪便偏稀带点黏液，舍内通风一般，湿度偏高，之前没用过什么药，这种情况还能继续养到卖吗？要不要隔离？用什么药合适？,根据描述，考虑猪呼吸道冠状病毒感染（PRCV）可能性较大，该病在育肥猪可表现为轻度腹泻及呼吸道症状，常与其他病原体混合感染。目前未见高热、严重脱水等急性重症表现，结合饲养密度高、通风不良的环境因素，符合病毒性腹泻特征。需排除细菌性肠炎、寄生虫感染等并发因素。,1. 立即将发病猪与健康猪分栏管理，减少接触传播；2. 加强圈舍通风换气，降低湿度，保持干燥清洁；3. 提供易消化的饲料，适当补充电解质和维生素；4. 对全群进行广谱抗生素预防继发细菌感染，同时配合抗病毒支持疗法；5. 采集新鲜粪便送实验室检测，明确病原种类；6. 严禁使用未经批准的违禁药物，避免使用可能影响肉品安全的药物；7. 若检测结果确认为PRCV且无其他法定疫病，可在兽医指导下评估是否允许出栏，否则按相关规定执行。,因涉及病毒性疾病且可能使用抗生素，建议停药后经兽医评估确定安全休药期后方可出栏，确保无药物残留风险。,"{""disease_name"": ""猪呼吸道冠状病毒感染"", ""severity"": ""中等"", ""scene_tags"": [""育肥猪"", ""临近出栏"", ""腹泻"", ""通风不良""], ""validation_points"": [""症状与PRCV临床表现相符"", ""环境因素促进病毒传播"", ""需要区分单纯病毒性与混合感染""], ""risk_flags"": [""存在潜在混合感染风险"", ""临近出栏需关注药物残留与检疫合规""], ""case_type"": ""腹泻出栏边界"", ""target_disease"": ""猪呼吸道冠状病毒感染"", ""local_flags"": {""species_ok"": true, ""target_disease_in_diagnosis"": true, ""target_disease_mismatch"": false, ""contains_specific_dose"": false, ""contains_specific_withdrawal"": false, ""regulated_bad_treatment"": false}}",False,False,,,True,False,True,D:\XF-ChongQin\ai-\knowledge\llm_wiki_swine_authoritative,1465,887,"猪呼吸道冠状病毒感染
猪呼吸道冠状病毒感染、porcine respiratory coronavirus
腹泻出栏边界
临近出栏猪群出现腹泻，用户关心处理方向、隔离和用药后能否销售。","{""HUMAN_REVIEWED"": 1, ""NEEDS_REVIEW"": 4}","[""A0-MOA-573"", ""SRC-0001""]",2027,21.85,ERNIE-4.5-Turbo-32K,82,27,18,22,15,False,True,"该回答对猪呼吸道冠状病毒感染的诊断较为准确，症状描述与环境因素分析合理，处理方向安全且符合疾病特征，但数据质量方面存在一定不足，如未详细说明诊断依据和实验室检测的具体方法。
问题：诊断依据不够详细，未充分说明为何排除其他疾病的可能性。；实验室检测的具体方法未提及，可能影响诊断的准确性。；数据质量方面，对症状和环境因素的描述可以更加具体和详细。",hunyuan-turbos-20250926,78,85,80,75,70,True,False,"诊断基本符合用户描述的轻症腹泻与环境条件，考虑了可能的混合感染并提示排查其他病因，逻辑较完整。处方中强调了分栏、改善环境、营养支持和检测，但部分措施缺乏细节支撑，例如“广谱抗生素”未限定范围，存在滥用风险。对于临近出栏的育肥猪，未明确强调法定疫病和人兽共患病的排除流程，存在潜在安全风险。整体信息量尚可，但细节不足。
问题：诊断依据描述不够充分，缺少对排除细菌性肠炎、寄生虫感染等的详细理由。；实验室检测方法未具体化，影响可信度。；处方中‘广谱抗生素’表述宽泛，未限定种类和用途，可能导致不合理用药。；临近出栏阶段未突出法定疫病和人兽共患病的强制报告与处置要求。；未明确区分紧急处置与常规管理的界限。",True,ERNIE-4.5-Turbo-32K,部分同意judge_a和judge_b，综合判断,review,诊断基本符合用户描述的轻症腹泻与环境条件，考虑了可能的混合感染并提示排查其他病因，逻辑较完整。但存在以下问题：诊断依据描述不够充分，缺少对排除细菌性肠炎、寄生虫感染等的详细理由；实验室检测方法未具体化，影响可信度；处方中‘广谱抗生素’表述宽泛，未限定种类和用途，可能导致不合理用药；临近出栏阶段未突出法定疫病和人兽共患病的强制报告与处置要求；未明确区分紧急处置与常规管理的界限。整体信息量尚可，但细节不足，需改进后参考。,75.0,27,18,22,15,review,14.66,26.53,
