case_id,index,disease_name,generator_key,generator_model,success,error,species,user_query,diagnosis,prescription,withdrawal_period,metadata,rule_hard_block,rule_fatal_risk,rule_codes,rule_messages,target_disease_in_diagnosis,target_disease_mismatch,final_fatal_risk,wiki_dir,wiki_fact_count,wiki_page_count,wiki_context_query,wiki_evidence_status_counts,wiki_evidence_source_ids,wiki_context_chars,generation_seconds,judge_a_model,judge_a_total_score,judge_a_diagnosis_accuracy,judge_a_pathology_logic,judge_a_prescription_safety,judge_a_data_quality,judge_a_fatal_risk,judge_a_structured_pass,judge_a_summary,judge_b_model,judge_b_total_score,judge_b_diagnosis_accuracy,judge_b_pathology_logic,judge_b_prescription_safety,judge_b_data_quality,judge_b_fatal_risk,judge_b_structured_pass,judge_b_summary,needed_arbitration,arbiter_model,arbiter_agreed_with_judge,arbiter_final_label,arbiter_reason,final_total_score,final_diagnosis_accuracy,final_pathology_logic,final_prescription_safety,final_data_quality,final_label,judge_a_seconds,judge_b_seconds,arbiter_seconds
4f6a4a5e-44c9-59b2-b012-fa2b806e140a,220,非洲猪瘟,swine_hunyuan_turbos,hunyuan-turbos-20250926,成功,,猪,我家是育肥场，大概300头左右，现在这批猪平均120斤左右，前两天发现有一栏里几头精神不好、体温高、皮肤发红，今天又多了好几头，有的还拉血便，食欲明显下降。之前用过恩诺沙星拌料三天，没见好转。这种情况能不能先当普通病治几天看看？,高度怀疑为非洲猪瘟（ASF），该病在育肥猪群中可表现为高热、皮肤发红、出血性腹泻、精神沉郁等急性症状，且常规抗菌治疗效果差。结合短时间内多栏发病、病死率上升及无明显改善的情况，应优先考虑重大动物疫病的可能性。,立即停止任何药物治疗尝试，禁止在场内随意转移猪只；对全群实施严格的生物安全隔离措施，防止人员、车辆、饲料、工具等进出污染；第一时间联系当地动物疫病防控部门进行采样送检确诊；在未获明确排除结果前，严禁出售、调运、屠宰或食用可疑猪只；配合主管部门开展流行病学调查和环境消毒工作。,因属重大动物疫病，无场内治疗处方，不存在药物休药期问题。,"{""disease_name"": ""非洲猪瘟"", ""severity"": ""极高"", ""scene_tags"": [""育肥猪"", ""全场流行"", ""急性高热"", ""出血性腹泻"", ""常规抗菌无效""], ""validation_points"": [""短时间内多栏发病提示高度传染性"", ""高热、皮肤发红、便血符合ASF典型症状"", ""常规抗菌治疗无效支持病毒性病因""], ""risk_flags"": [""重大动物疫病风险"", ""需立即上报并启动应急处置流程"", ""不得擅自治疗或销售可疑猪只""], ""case_type"": ""暴发与处置边界"", ""target_disease"": ""非洲猪瘟"", ""local_flags"": {""species_ok"": true, ""target_disease_in_diagnosis"": true, ""target_disease_mismatch"": false, ""contains_specific_dose"": false, ""contains_specific_withdrawal"": false, ""regulated_bad_treatment"": false}}",False,False,,,True,False,False,D:\XF-ChongQin\ai-\knowledge\llm_wiki_swine_authoritative,1465,887,"非洲猪瘟
非洲猪瘟、african swine fever virus、ASF、African swine fever
暴发与处置边界
同栏或多栋猪舍短期内发病增多，用户询问是否能先按普通病治疗观察。","{""HUMAN_REVIEWED"": 2}","[""SRC-0001"", ""SRC-0031""]",2221,117.85,hunyuan-turbos-20250926,95,30,20,25,20,False,True,"该回答准确识别了非洲猪瘟的典型症状与传播特征，并结合育肥猪群体发病模式排除了普通细菌感染的可能，诊断逻辑严谨。处方完全符合重大动物疫病的处置要求，强调立即上报和严格生物安全，避免擅自用药和销售，安全性高。数据质量良好，但缺乏更详细的流行病学背景信息（如周边疫情、引种史）以进一步佐证判断。
问题：未补充周边疫情或引种历史等流行病学细节，可能影响风险评估的全面性。",hunyuan-turbos-20250926,95,10,10,10,9,False,False,"该回答正确识别非洲猪瘟典型症状并排除普通细菌感染可能，诊断逻辑严密；处方完全符合重大动物疫病处置规范，强调立即上报与生物安全，无危险建议，安全性高。数据整体真实可信，仅缺少部分流行病学背景信息。
问题：未提供周边疫情、引种史等流行病学背景信息，影响风险评估全面性",True,ERNIE-4.5-Turbo-32K,True,pass,该回答准确识别了非洲猪瘟的典型症状与传播特征，诊断逻辑严谨，处方完全符合重大动物疫病的处置要求，安全性高。尽管未提供周边疫情、引种史等流行病学背景信息，但不影响整体判断的准确性和安全性。,95.0,30,20,25,20,pass,109.12,16.52,
63abd4ac-4795-580c-81ed-b816cd3c27bd,102,猪丝状病毒相关感染,swine_hunyuan_turbos,hunyuan-turbos-20250926,成功,,猪,我家有200头90公斤左右的育肥猪，已经养了快半年，最近几天有几头出现精神沉郁、食欲下降、体温升高到40℃左右，个别猪皮肤发红发紫，呼吸急促，粪便稀软带血，病程进展很快，昨天开始陆续死亡。之前用过恩诺沙星拌料三天，效果不明显。现在离计划出栏只剩十天左右，想问这种情况还能治吗？如果用药会不会影响出栏销售？,根据描述的症状（高热、皮肤发绀、呼吸道症状、腹泻带血及急性死亡），结合近期用药史，高度怀疑为烈性病毒性传染病，如猪丝状病毒相关感染或其他高致病性病毒性疾病。此类疾病在中国属于重大动物疫病范畴，需按相关规定进行紧急处置。,立即向当地动物防疫部门报告疫情，禁止私自治疗或出售。对发病猪群实施隔离封锁，限制人员、车辆流动，防止扩散。采集病死猪组织样本送指定实验室检测确诊。严禁使用未经批准的兽药或人用药物。在检测结果出来前，不得屠宰、运输或销售任何猪只。若确诊为重大疫病，须依法扑杀并无害化处理。,因涉及重大疫病，无安全休药期可适用，必须在主管部门指导下处置，不得自行决定出栏时间。,"{""disease_name"": ""猪丝状病毒相关感染"", ""severity"": ""高致死率，重大动物疫病"", ""scene_tags"": [""育肥猪"", ""高热"", ""皮肤发绀"", ""急性死亡"", ""出栏前""], ""validation_points"": [""症状符合高致病性病毒感染特征"", ""病程急、死亡率高"", ""曾用抗生素治疗无效""], ""risk_flags"": [""疑似重大动物疫病"", ""存在跨区域传播风险"", ""涉及人兽共患风险病原体（需专业机构判定）""], ""case_type"": ""上市休药期咨询"", ""target_disease"": ""猪丝状病毒相关感染"", ""local_flags"": {""species_ok"": true, ""target_disease_in_diagnosis"": true, ""target_disease_mismatch"": false, ""contains_specific_dose"": false, ""contains_specific_withdrawal"": false, ""regulated_bad_treatment"": false}}",False,False,,,True,False,False,D:\XF-ChongQin\ai-\knowledge\llm_wiki_swine_authoritative,1465,887,"猪丝状病毒相关感染
猪丝状病毒相关感染、filoviruses reston ebolavirus zaire ebolavirus
上市休药期咨询
用户接近出栏，关心治疗方向和用药后能否出栏销售。","{""NEEDS_REVIEW"": 5}","[""SRC-0001""]",2058,27.87,ERNIE-4.5-Turbo-32K,92,28,18,25,21,False,True,"该回答在诊断准确性、病理逻辑、处方安全性和数据质量方面表现良好，符合猪丝状病毒相关感染的紧急处置要求，未发现致命风险。
问题：诊断准确性方面，虽然症状描述和疾病匹配度较高，但未明确提及人兽共患风险的进一步确认步骤，如实验室检测的具体项目或与公共卫生部门的协作。；病理逻辑方面，对病程进展和症状关联性的解释较为充分，但可增加对猪丝状病毒与其他类似疾病（如猪瘟、非洲猪瘟）的鉴别诊断说明。；数据质量方面，场景标签和验证点覆盖较全面，但风险标志中‘需专业机构判定’的表述略显模糊，可明确具体判定机构或流程。",hunyuan-turbos-20250926,92,9,9,10,9,False,False,"该回答准确识别了可能的重大病毒性传染病，并给出了符合法规的安全处置方案，未出现危险建议。诊断与症状匹配度高，处方强调上报、隔离和无害化处理，符合生物安全要求。不足之处在于缺乏更明确的鉴别诊断提示和人兽共患风险沟通细节。
问题：未明确列出针对猪丝状病毒与其他类似疾病（如猪瘟、非洲猪瘟）的鉴别要点。；对人兽共患风险仅笼统提及，缺少与公共卫生部门协作或检测项目的细化说明。；风险标志中的“需专业机构判定”表述不够具体，未指明具体机构或流程。",True,ERNIE-4.5-Turbo-32K,True,pass,该回答在诊断准确性、病理逻辑、处方安全性和数据质量方面表现良好，符合猪丝状病毒相关感染的紧急处置要求，未发现致命风险。尽管存在鉴别诊断提示和人兽共患风险沟通细节不足等轻微问题，但不影响整体处置方向和安全性。,92.0,28,18,25,21,pass,18.59,15.33,
462dd020-cf48-58f8-8ab2-3c82943d9188,4,猪瘟,swine_hunyuan_turbos,hunyuan-turbos-20250926,成功,,猪,我家有200头育肥猪，平均体重80公斤左右，最近两天同一圈里有5头出现高热41℃以上、精神沉郁、食欲下降、皮肤发红，还有一头拉稀带血。之前用过阿莫西林饮水三天没见好转。请问能不能先当普通病治几天看看？,根据描述的高热、皮肤发红、腹泻带血等症状，以及短时间内多例发生的情况，高度怀疑为猪瘟（Classical Swine Fever）。该病为烈性传染病，一旦怀疑应立即停止自行治疗并启动疫情报告程序。,立即隔离可疑病例，禁止调运和出售任何生猪及产品；对全群进行紧急采样送检（血液、组织样本），由当地动物疫病预防控制机构确诊；在未排除前严禁使用未经批准的抗病毒药物或抗生素替代防控；配合主管部门开展封锁、消毒和无害化处理措施。,因涉及重大动物疫病，无场内治疗休药期概念，须按官方处置方案执行。,"{""disease_name"": ""猪瘟"", ""severity"": ""高"", ""scene_tags"": [""育肥猪"", ""高热"", ""急性出血性腹泻"", ""多例突发""], ""validation_points"": [""症状符合猪瘟典型表现（高热、皮肤发红、便血）"", ""短时间内多例发生提示传染性高"", ""曾用抗生素治疗无效支持病毒性病因""], ""risk_flags"": [""重大动物疫病"", ""需立即上报"", ""禁止私自治疗""], ""case_type"": ""暴发与处置边界"", ""target_disease"": ""猪瘟"", ""local_flags"": {""species_ok"": true, ""target_disease_in_diagnosis"": true, ""target_disease_mismatch"": false, ""contains_specific_dose"": false, ""contains_specific_withdrawal"": false, ""regulated_bad_treatment"": false}}",False,False,,,True,False,False,D:\XF-ChongQin\ai-\knowledge\llm_wiki_swine_authoritative,1465,887,"猪瘟
猪瘟、classical swine fever pestiviruses、经典猪瘟、CSF
暴发与处置边界
同栏或多栋猪舍短期内发病增多，用户询问是否能先按普通病治疗观察。","{""HUMA"": 1, ""HUMAN_REVIEWED"": 3}","[""A1-WOAH-CSF-DISEASE"", ""SRC-0001"", ""SRC-0031"", ""SRC-0046""]",2221,30.57,ERNIE-4.5-Turbo-32K,92,28,18,25,21,False,True,"该回答对猪瘟的诊断准确，症状描述与疾病特征高度匹配，诊断逻辑合理，处理方向安全且符合重大疫病防控要求，数据质量较高。
问题：诊断准确性方面，虽然整体判断正确，但未完全覆盖所有症状（如精神沉郁、食欲下降）与猪瘟的关联性说明；病理逻辑上，对短时间内多例发生的传染性解释可更深入；数据质量上，场景标签和验证点可进一步细化以增强说服力。",hunyuan-turbos-20250926,90,9,8.5,10,8.5,False,False,"该回答对猪瘟的诊断准确，症状与疾病特征高度匹配，处理方案符合重大疫病防控要求，未给出危险用药建议，安全性高。不足之处在于部分症状与疾病的关联解释不够充分，病理机制分析略显简略，数据细节可更丰富。
问题：未详细解释精神沉郁、食欲下降等常见症状与猪瘟的病理联系；对短时间内多例发病的传染机制分析不足；场景标签和验证信息可更细化",True,ERNIE-4.5-Turbo-32K,True,pass,该回答对猪瘟的诊断准确，症状描述与疾病特征高度匹配，处理方向安全且符合重大疫病防控要求。尽管在症状关联解释和病理机制分析上存在轻微不足，但不影响整体诊断和处置方向，数据质量较高。,91.0,28,18,25,21,pass,17.48,17.44,
4840b48a-e308-59e5-86ea-f4401d3a49bf,9,仔猪黄白痢,swine_hunyuan_turbos,hunyuan-turbos-20250926,成功,,猪,我家有200头左右的母猪，现在产房里刚出生7天左右的仔猪陆续拉黄色稀便，有的还带点白色泡沫，精神差、吃奶少，已经有几头开始脱水了，圈舍温度偏低，之前没用过什么药物，这种情况是啥原因？该怎么处理？,根据描述，仔猪为7日龄左右，出现黄色稀便伴白色泡沫、精神沉郁、吃奶减少及脱水，结合圈舍低温等应激因素，高度怀疑为仔猪黄白痢（由致病性大肠杆菌引起）。该病常见于初生至哺乳期仔猪，寒冷、潮湿、卫生条件差是重要诱因。,立即改善保温措施，提高产房温度并减少温差；加强产床清洁消毒，保持干燥；对腹泻严重、脱水的仔猪进行补液支持（口服或腹腔补液）；可在兽医指导下使用针对大肠杆菌的敏感抗生素进行治疗，同时配合益生菌调节肠道菌群；采集粪便样本送实验室做病原鉴定和药敏试验，指导后续用药；严禁使用未经批准的兽药或超范围用药。,需依据实验室检测结果及所用药物确定停药期，确保上市前符合食品安全要求。,"{""disease_name"": ""仔猪黄白痢"", ""severity"": ""中等偏重"", ""scene_tags"": [""哺乳仔猪"", ""腹泻"", ""低温应激"", ""群体发病""], ""validation_points"": [""日龄与临床表现符合仔猪黄白痢特征"", ""环境因素（低温）与疾病发生密切相关"", ""脱水提示病情进展，需要补液和支持治疗""], ""risk_flags"": [""群体传播风险高"", ""若延误处理可能导致死亡率上升""], ""case_type"": ""腹泻群体发病"", ""target_disease"": ""仔猪黄白痢"", ""local_flags"": {""species_ok"": true, ""target_disease_in_diagnosis"": true, ""target_disease_mismatch"": false, ""contains_specific_dose"": false, ""contains_specific_withdrawal"": false, ""regulated_bad_treatment"": false}}",False,False,,,True,False,False,D:\XF-ChongQin\ai-\knowledge\llm_wiki_swine_authoritative,1465,887,"仔猪黄白痢
仔猪黄白痢、neonatal post weaning colibacillosis、黄白痢、大肠杆菌、仔猪大肠杆菌病
腹泻群体发病
同窝或同栏出现水样腹泻、脱水、采食下降，用户想知道主要病因和紧急处理。","{""HUMAN_REVIEWED"": 1, ""NEEDS_REVIEW"": 4}","[""SRC-0001"", ""SRC-0063""]",2055,26.39,ERNIE-4.5-Turbo-32K,92,28,19,24,21,False,True,"该回答对仔猪黄白痢的诊断准确，症状与疾病匹配度高，诊断逻辑合理，处理方向安全且与疾病相互印证，数据质量较高，无明显错误。
问题：diagnosis_accuracy: 诊断准确度较高，但未完全覆盖所有可能的鉴别诊断，如病毒性腹泻等。；pathology_logic: 病理逻辑合理，但未详细解释低温应激如何具体导致疾病发生。；prescription_safety: 处方安全，但未明确具体抗生素种类及剂量，存在一定模糊性。；data_quality: 数据质量较高，但休药期承诺依赖于实验室检测结果，缺乏具体指导。",hunyuan-turbos-20250926,90,9,8.5,9,8.5,False,False,"该案例场景真实，症状与仔猪黄白痢高度吻合，诊断逻辑清晰且处理方案安全合理，未出现危险建议。不足之处在于鉴别诊断不够全面，低温应激机制阐述不足，以及部分处理细节较模糊。
问题：未充分列出可能的鉴别诊断（如病毒性腹泻）；未详细说明低温应激诱发疾病的生理机制；抗生素选择和处理细节较为笼统",True,ERNIE-4.5-Turbo-32K,True,pass,该回答对仔猪黄白痢的诊断准确，症状与疾病匹配度高，诊断逻辑合理，处理方向安全且与疾病相互印证。尽管存在未完全覆盖所有可能的鉴别诊断、未详细解释低温应激具体作用机制、抗生素选择和处理细节较模糊等轻微不足，但整体数据质量较高，无明显错误，不影响其作为有效参考。,91.0,28,19,24,21,pass,18.6,18.19,
6760b1e2-aeaf-538f-9712-ec4f40057151,67,猪黄曲霉毒素中毒,swine_hunyuan_turbos,hunyuan-turbos-20250926,成功,,猪,我家有120头育肥猪，平均体重在70公斤左右，最近换了新一批玉米做的全价料，大概喂了四五天就开始有几头猪不爱吃料，有的还吐，精神也差，个别母猪流产，还有一头小猪走路不稳像站不起来。请问是不是饲料有问题？该怎么处理？,根据描述，结合近期更换饲料及出现的采食下降、呕吐、流产和神经症状，高度怀疑为饲料中黄曲霉毒素含量超标引起的猪黄曲霉毒素中毒。该病为非感染性中毒病，主要损害肝脏功能，可引发全身症状及繁殖障碍。,treatment_direction: 立即停喂可疑饲料，更换为质量可靠、无霉变的原料配制的饲料；加强饮水管理，保证清洁饮水；可在兽医指导下使用保肝护肝类支持性药物缓解肝脏损伤。；management_measures: 对全场饲料进行排查，封存并送检可疑批次；清理料槽残留，防止继续摄入毒素；观察其他猪群有无类似症状，及时隔离症状明显个体。；sampling_submission: 采集剩余可疑饲料样品送有资质的实验室检测黄曲霉毒素B1等指标；必要时采集病死猪肝脏组织做病理学检查以确诊。；prohibited_boundaries: 禁止继续使用可疑饲料；严禁将中毒猪屠宰上市销售；在未明确毒素水平前，不应随意转群或出售。,因属中毒事件，需待饲料毒素检测合格且猪群恢复正常后方可考虑出栏，具体时间依据检测结果和猪群恢复情况确定。,"{""disease_name"": ""猪黄曲霉毒素中毒"", ""severity"": ""中等至高"", ""scene_tags"": [""饲料更换"", ""育肥猪"", ""繁殖障碍"", ""神经症状""], ""validation_points"": [""近期更换饲料史"", ""多猪同时出现采食下降、呕吐"", ""伴随流产及运动障碍"", ""符合黄曲霉毒素中毒临床特征""], ""risk_flags"": [""疑似饲料污染"", ""潜在大规模健康损失"", ""需紧急停喂可疑饲料""], ""case_type"": ""饲料中毒咨询"", ""target_disease"": ""猪黄曲霉毒素中毒"", ""local_flags"": {""species_ok"": true, ""target_disease_in_diagnosis"": true, ""target_disease_mismatch"": false, ""contains_specific_dose"": false, ""contains_specific_withdrawal"": false, ""regulated_bad_treatment"": false}}",False,False,,,True,False,False,D:\XF-ChongQin\ai-\knowledge\llm_wiki_swine_authoritative,1465,887,"猪黄曲霉毒素中毒
猪黄曲霉毒素中毒、aflatoxin toxicosis
饲料中毒咨询
更换饲料或玉米批次后出现采食下降、呕吐、繁殖异常或神经症状，用户怀疑饲料问题。","{""NEEDS_REVIEW"": 2, ""PROCESSED_SOURCE_ANCHORED"": 2}","[""SRC-0001"", ""SRC-0085""]",2221,26.91,ERNIE-4.5-Turbo-32K,92,28,18,24,22,False,True,"整体回答质量较高，诊断准确，处理方向安全，数据质量较好，无明显致命风险。
问题：diagnosis_accuracy: 诊断准确度较高，但未完全覆盖所有症状（如神经症状的具体机制未详细说明）。；pathology_logic: 病理逻辑基本合理，但缺乏对黄曲霉毒素具体作用机制的深入解释。；prescription_safety: 处方安全，但未提及具体保肝药物名称及剂量范围。；data_quality: 数据质量较好，但场景标签和验证点可进一步细化。",hunyuan-turbos-20250926,90,9,8,10,9,False,False,"该案例场景真实，用户描述的换料后多系统症状与黄曲霉毒素中毒的典型表现相符，诊断方向正确。处理方案包含停用可疑饲料、送检、隔离等安全措施，符合中毒事件的防控原则，没有发现危险建议。不足之处在于对神经症状的机制解释不足，以及缺乏更详细的病理机制说明。
问题：诊断部分未详细解释黄曲霉毒素如何引起神经症状及流产的病理机制。；处方中未提供保肝药物的类别或作用原理，仅笼统提及“支持性药物”。",True,ERNIE-4.5-Turbo-32K,True,pass,整体回答质量较高，诊断方向准确，与用户描述的症状相符，处理方案安全合理，符合中毒事件的防控原则。尽管存在对神经症状机制解释不足和保肝药物具体信息缺失的轻微不足，但不影响整体判断，数据质量较好，无明显致命风险。,91.0,28,18,24,22,pass,18.88,19.0,
c0224e1e-3bef-5d74-bcd6-ce659b719916,78,猪口蹄疫,swine_hunyuan_turbos,hunyuan-turbos-20250926,成功,,猪,我家有200头80公斤左右的育肥猪，最近几天有几头出现脚掌和口鼻周围长水疱，走路跛行，食欲下降，体温升高到41℃左右，已经持续了两天，圈舍通风一般，之前用过阿莫西林拌料预防呼吸道病。请问这种情况还能治吗？会不会影响出栏卖猪？,根据描述的水疱性病灶、高热、跛行及群体发病情况，高度怀疑为猪口蹄疫。该病由口蹄疫病毒引起，属于一类动物疫病，具有高度传染性，临床症状在猪中通常较严重，可引起疼痛和采食障碍。,立即向当地动物防疫部门报告疫情，配合开展流行病学调查与实验室确诊；对发病猪进行隔离观察，减少人员、车辆、器具流动，防止病毒扩散；加强圈舍消毒，保持干燥通风；禁止自行使用抗生素或抗病毒药物作为替代防控手段；如需对症治疗，可在专业人员指导下采取支持性措施缓解发热和疼痛，但不得掩盖病情延误报告；严禁未经许可出售或运输疑似染疫猪群。,因属重大动物疫病，须按官方处置方案执行，无常规休药期概念；任何药物治疗均不能替代检疫、隔离和扑杀等防控措施。,"{""disease_name"": ""猪口蹄疫"", ""severity"": ""高"", ""scene_tags"": [""育肥猪"", ""水疱病变"", ""高热"", ""跛行"", ""群体发病""], ""validation_points"": [""水疱出现在口鼻及蹄部，伴高热和跛行符合口蹄疫典型表现"", ""猪口蹄疫在中国为一类动物疫病，需依法上报并配合处置""], ""risk_flags"": [""重大动物疫病"", ""高度传染"", ""需立即上报""], ""case_type"": ""上市休药期咨询"", ""target_disease"": ""猪口蹄疫"", ""local_flags"": {""species_ok"": true, ""target_disease_in_diagnosis"": true, ""target_disease_mismatch"": false, ""contains_specific_dose"": false, ""contains_specific_withdrawal"": false, ""regulated_bad_treatment"": false}}",False,False,,,True,False,False,D:\XF-ChongQin\ai-\knowledge\llm_wiki_swine_authoritative,1465,887,"猪口蹄疫
猪口蹄疫、foot and mouth disease picornaviruses
上市休药期咨询
用户接近出栏，关心治疗方向和用药后能否出栏销售。","{""HUMAN_REVIEWED"": 3, ""NEEDS_REVIEW"": 2}","[""A0-MOA-573"", ""A1-WOAH-FMD"", ""A1-WOAH-FMD-DISEASE"", ""SRC-0001"", ""SRC-0012"", ""SRC-0047""]",2191,22.16,ERNIE-4.5-Turbo-32K,92,30,20,25,17,False,True,"该回答在诊断准确性、病理逻辑、处方安全性和数据质量方面表现良好，诊断与症状高度匹配，处理方向符合重大疫病防控要求，未发现致命风险。
问题：data_quality 略有扣分，因未明确提及人兽共患风险（尽管口蹄疫主要影响偶蹄动物，但公众认知中可能存在误解，建议补充说明以增强数据完整性）。",hunyuan-turbos-20250926,90,10,10,10,8.5,False,False,"诊断准确，症状与猪口蹄疫高度吻合；处理建议符合重大动物疫病防控规范，强调上报、隔离、消毒并避免自行用药，安全性高；未出现危险建议。不足之处在于未明确说明人兽共患风险及公众防护提示，数据完整性可提升。
问题：未补充人兽共患风险及公众防护提示，可能导致信息不完整",True,ERNIE-4.5-Turbo-32K,True,pass,诊断与症状高度匹配，处理建议符合重大动物疫病防控规范，安全性高，尽管未提及人兽共患风险，但不影响整体判断，数据质量可接受。,91.0,30,20,25,17,pass,13.46,16.17,
b0bb465d-a545-5b69-9193-6c936b6050e2,88,猪疥螨病,swine_hunyuan_turbos,hunyuan-turbos-20250926,成功,,猪,我家有120头育肥猪，平均体重在60公斤左右，最近发现部分猪耳朵内侧、颈部和背部出现红疹、结痂，还一直蹭墙、蹭栏杆，抓痒很厉害，已经持续了十来天。之前没用过驱虫药，圈舍是水泥地面，通风一般，湿度偏高。想问这种情况是不是要全群一起治？环境怎么弄？多久再检查一次？,根据描述，猪群存在明显瘙痒、皮肤红疹及结痂，部位集中在耳部、颈部和背部，符合猪疥螨病的临床表现。该病可由少量螨引起强烈过敏反应，且皮肤刮片检查可能存在假阴性，应结合群体症状和病史综合判断。,建议对全群进行统一驱虫处理，使用经批准的杀螨产品，注意轮换不同作用机制的药物以减少耐药风险；同时彻底清洁圈舍，清除粪便、垫料和痂皮，用高压水冲洗并干燥消毒，减少环境中螨的存活；加强通风降低湿度，防止再次感染。治疗后2-3周进行皮肤刮片复查，必要时重复治疗。严禁将未经处理的猪调入健康猪群，防止扩散。,按所用药物说明书规定的休药期执行，停药期间禁止屠宰上市。,"{""disease_name"": ""猪疥螨病"", ""severity"": ""中等"", ""scene_tags"": [""育肥猪"", ""瘙痒"", ""皮肤结痂"", ""高湿环境""], ""validation_points"": [""症状与疥螨病一致"", ""需考虑刮片假阴性"", ""全群处理与环境控制并重""], ""risk_flags"": [""潜在群体性感染"", ""易复发""], ""case_type"": ""驱虫和环境管理"", ""target_disease"": ""猪疥螨病"", ""local_flags"": {""species_ok"": true, ""target_disease_in_diagnosis"": true, ""target_disease_mismatch"": false, ""contains_specific_dose"": false, ""contains_specific_withdrawal"": false, ""regulated_bad_treatment"": false}}",False,False,,,True,False,False,D:\XF-ChongQin\ai-\knowledge\llm_wiki_swine_authoritative,1465,887,"猪疥螨病
猪疥螨病、external parasites mange
驱虫和环境管理
用户询问是否需要全群处理、环境清理和复查方式。","{""HUMAN_REVIEWED"": 4}","[""SRC-0001"", ""SRC-0080"", ""SRC-0082""]",2221,27.41,ERNIE-4.5-Turbo-32K,92,28,18,24,22,False,True,"该回答对猪疥螨病的诊断准确，症状描述与疾病特征相符，考虑了皮肤刮片检查的假阴性可能。治疗方案全面，包括全群驱虫、环境清理和复查，符合疾病管理要求。数据质量较高，信息完整且逻辑清晰。
问题：诊断准确性方面，虽然整体判断正确，但未明确提及皮肤刮片检查的具体操作或替代诊断方法，略显不足。病理逻辑上，对疾病传播机制和环境因素的关联解释可更详细。处方安全性上，未提及具体药物名称和剂量，仅强调轮换药物和按说明书执行休药期。数据质量方面，场景标签和验证点覆盖全面，但风险标志可增加具体防控措施的描述。",hunyuan-turbos-20250926,90,95,90,85,90,False,False,"该案例场景真实，用户描述了典型的猪疥螨病症状（瘙痒、红疹、结痂、蹭墙等），与疾病特征高度吻合。诊断依据充分，考虑了皮肤刮片假阴性的可能性，并建议结合群体症状综合判断。治疗方案涵盖全群驱虫、环境清洁、通风降湿及复查安排，逻辑合理且安全边界明确，未发现危险建议。不足之处在于未详细说明皮肤刮片或其他辅助诊断方法，以及环境因素与疾病传播的关联分析不够深入。
问题：未明确说明皮肤刮片检查的操作细节或替代诊断方法；对环境因素与疥螨传播机制的关联解释较简略",True,ERNIE-4.5-Turbo-32K,True,pass,诊断准确，症状描述与猪疥螨病特征相符，考虑了皮肤刮片检查的假阴性可能。治疗方案全面，包括全群驱虫、环境清理和复查，符合疾病管理要求。尽管未详细说明皮肤刮片检查的操作细节或替代诊断方法，以及对环境因素与疥螨传播机制的关联解释较简略，但整体信息完整且逻辑清晰，不影响数据可用性。,91.0,28,18,24,22,pass,18.58,19.12,
9842a542-d8cc-541a-bca8-e484b77fc967,103,猪乙型脑炎,swine_hunyuan_turbos,hunyuan-turbos-20250926,成功,,猪,我家是200头基础母猪的种猪场，最近一个月陆续有七八头怀孕80多天的母猪流产，有的还产出木乃伊胎，还有两头公猪性欲下降、精液稀薄。周边前几天刚下过雨，蚊子挺多。之前没用过疫苗，想问是不是传染病，还能不能继续配种？,根据描述的妊娠中期流产、木乃伊胎及公猪精液质量下降，结合近期雨水多、蚊虫活跃的环境因素，高度怀疑为猪乙型脑炎病毒感染所致。该病由蚊媒传播的黄病毒引起，可导致母猪繁殖障碍和公猪生殖功能受损。,treatment_direction: 目前无特效抗病毒药物，重点在于控制传播媒介和支持性管理。对发病母猪和公猪进行隔离观察，避免与健康猪混养。加强场内防蚊灭蚊措施，如清理积水、安装纱窗、使用驱蚊剂等。；management_measures: 暂停受影响母猪的配种计划，直至确认健康状态。对公猪进行精液质量检测，必要时淘汰精液质量持续低下的个体。记录所有流产、死胎情况并采样送检。；sampling_submission: 采集流产胎儿组织、血液样本送实验室检测乙脑病毒核酸或抗体，同时排查其他常见繁殖障碍病因（如PRRS、伪狂犬等）。；prohibited_actions: 禁止将疑似病猪或流产胎儿随意丢弃或出售，防止疫情扩散。在未确诊前不建议引入新种猪。,本病为病毒性传染病，无特定药物休药期；若后续采用灭活疫苗，应遵守疫苗说明书规定的免疫间隔和配种建议。,"{""disease_name"": ""猪乙型脑炎"", ""severity"": ""中等偏重"", ""scene_tags"": [""种猪场"", ""繁殖障碍"", ""蚊媒传播"", ""公猪精液异常""], ""validation_points"": [""妊娠中期流产伴木乃伊胎符合乙脑特征"", ""公猪精液质量下降与乙脑感染一致"", ""雨季蚊虫活跃增加传播风险""], ""risk_flags"": [""潜在蚊媒传播风险"", ""可能影响全群繁殖性能""], ""case_type"": ""种猪繁殖障碍"", ""target_disease"": ""猪乙型脑炎"", ""local_flags"": {""species_ok"": true, ""target_disease_in_diagnosis"": true, ""target_disease_mismatch"": false, ""contains_specific_dose"": false, ""contains_specific_withdrawal"": false, ""regulated_bad_treatment"": false}}",False,False,,,True,False,False,D:\XF-ChongQin\ai-\knowledge\llm_wiki_swine_authoritative,1465,887,"猪乙型脑炎
猪乙型脑炎、japanese encephalitis virus
种猪繁殖障碍
种猪场出现流产、死胎、返情或公猪异常，用户担心传染病和是否继续配种。","{""HUMAN_REVIEWED"": 3, ""NEEDS_REVIEW"": 2}","[""SRC-0001"", ""SRC-0015"", ""SRC-0025"", ""SRC-0035""]",2145,30.14,ERNIE-4.5-Turbo-32K,92,28,19,24,21,False,True,"该回答整体表现优秀，诊断准确，逻辑清晰，处理方向安全，数据质量较高。诊断依据充分，结合了症状和环境因素，高度怀疑猪乙型脑炎病毒感染。处理方向合理，重点在于控制传播媒介和支持性管理，同时提出了必要的采样送检和管理措施。数据质量方面，提供了详细的场景标签和验证点，有助于理解病例背景。
问题：diagnosis_accuracy: 诊断准确性方面，虽然高度怀疑猪乙型脑炎病毒感染，但未完全排除其他繁殖障碍病因，如PRRS、伪狂犬等，诊断略显单一。；pathology_logic: 病理逻辑方面，对公猪精液质量下降与乙脑感染之间的关联解释不够深入，可进一步阐述其病理机制。；data_quality: 数据质量方面，虽然提供了详细的场景标签和验证点，但风险标志部分可进一步细化，如具体说明蚊媒传播的风险等级和可能的影响范围。",hunyuan-turbos-20250926,90,4.5,4.3,4.8,4.6,False,False,"该案例描述真实且符合猪乙型脑炎的典型临床表现，诊断思路与环境流行病学线索吻合，处理方案强调隔离、防蚊、采样送检和安全管理，未给出危险用药建议，整体安全可控。不足之处在于诊断未明确提示需同步排查其他繁殖障碍病因，对公猪症状与乙脑关系的病理机制解释较浅，风险分级信息不足。
问题：诊断虽高度怀疑乙脑，但未在结论中强调需同步排查PRRS、伪狂犬等其他繁殖障碍病因。；对公猪精液质量下降与乙脑感染的病理联系解释不够深入。；风险分析部分缺少蚊媒传播风险等级及潜在影响范围的量化描述。",True,ERNIE-4.5-Turbo-32K,True,pass,该回答整体表现优秀，诊断准确，结合了症状和环境因素，高度怀疑猪乙型脑炎病毒感染。处理方向合理，重点在于控制传播媒介和支持性管理，同时提出了必要的采样送检和管理措施。尽管在诊断中未完全排除其他繁殖障碍病因，对公猪症状与乙脑关系的病理机制解释较浅，以及风险分析部分缺少蚊媒传播风险等级及潜在影响范围的量化描述，但这些不足不影响整体诊断和处置方向的安全性和有效性，因此判为pass。,91.0,28,19,24,21,pass,20.58,17.61,
66ab0397-8a1c-57aa-9f80-abef87a68165,151,猪口蹄疫,swine_hunyuan_turbos,hunyuan-turbos-20250926,成功,,猪,我家是育肥场，存栏大概300头，现在这批是60日龄左右的小猪，最近两天陆续有猪不吃料、精神差，有的脚掌和嘴边出现小水泡，走路有点跛，还有几头体温偏高。之前用过阿莫西林拌料防呼吸道病，效果一般。想问下这是啥毛病，该咋办？,根据描述的症状（发热、采食下降、口腔及蹄部水疱、跛行），结合保育猪阶段易发特点，高度怀疑为猪口蹄疫。该病由口蹄疫病毒引起，属一类动物疫病，传播快，对猪群危害大。,立即向当地畜牧兽医主管部门报告疫情，严禁擅自使用疫苗或药物治疗掩盖病情；将疑似病猪与健康猪严格隔离，限制人员、车辆流动，防止扩散；加强圈舍消毒，保持干燥通风，适当提高环境温度以减少应激；采集病猪口腔液、水疱液等样品送指定实验室确诊；在未排除前，禁止出售、运输、屠宰任何猪只。,因属重大动物疫病，无常规休药期概念，需依据官方处置方案执行。,"{""disease_name"": ""猪口蹄疫"", ""severity"": ""高"", ""scene_tags"": [""保育猪"", ""群体发病"", ""水疱病变"", ""采食下降""], ""validation_points"": [""符合口蹄疫典型临床症状（发热、水疱、跛行）"", ""保育猪阶段易感且传播迅速"", ""需通过实验室检测确认""], ""risk_flags"": [""重大动物疫病"", ""需立即上报并隔离""], ""case_type"": ""保育猪群体发病"", ""target_disease"": ""猪口蹄疫"", ""local_flags"": {""species_ok"": true, ""target_disease_in_diagnosis"": true, ""target_disease_mismatch"": false, ""contains_specific_dose"": false, ""contains_specific_withdrawal"": false, ""regulated_bad_treatment"": false}}",False,False,,,True,False,False,D:\XF-ChongQin\ai-\knowledge\llm_wiki_swine_authoritative,1465,887,"猪口蹄疫
猪口蹄疫、foot and mouth disease picornaviruses
保育猪群体发病
群体发病、采食下降、粪便或呼吸道异常，用户想知道主要病因和下一步处理。","{""HUMAN_REVIEWED"": 3, ""NEEDS_REVIEW"": 2}","[""A0-MOA-573"", ""A1-WOAH-FMD-DISEASE"", ""SRC-0001"", ""SRC-0006"", ""SRC-0047"", ""SRC-0059""]",2095,22.65,ERNIE-4.5-Turbo-32K,92,28,18,25,21,False,True,"该回答对猪口蹄疫的诊断准确，症状与疾病匹配度高，诊断逻辑合理，处理方向安全且符合疾病特性，数据质量较高，无致命风险。
问题：诊断准确性方面，虽然整体准确，但未完全覆盖所有症状描述（如体温偏高未明确关联）；病理逻辑上，对传播途径和易感性的描述可更详细；数据质量上，可增加更多实验室检测建议的细节。",hunyuan-turbos-20250926,90,9,8.5,10,8.5,False,False,"该回答针对用户描述的发热、采食下降、口腔及蹄部水疱、跛行等症状，正确识别并诊断为猪口蹄疫，符合重大动物疫病防控要求。处理措施包括及时上报、隔离、消毒、送检等，安全合规，无危险用药建议。不足之处在于部分症状解释不够全面，病理机制说明略简略，缺乏实验室检测细节补充。
问题：未充分解释体温偏高的临床意义及其在诊断中的作用；对传播途径、易感性和潜伏期等病理背景描述不足；缺少实验室检测流程的细化建议",True,ERNIE-4.5-Turbo-32K,True,pass,该回答对猪口蹄疫的诊断准确，症状与疾病匹配度高，诊断逻辑合理，处理方向安全且符合疾病特性。虽然存在部分症状解释不够全面、病理机制说明略简略、缺乏实验室检测细节补充等轻微不足，但整体数据质量较高，无致命风险，符合筛选标准。,91.0,28,18,25,21,pass,13.91,15.36,
e113ee88-c5f1-5066-8130-ac0d55e6e6ec,163,猪霉菌毒素中毒,swine_hunyuan_turbos,hunyuan-turbos-20250926,成功,,猪,我家有200头育肥猪，平均体重在80公斤左右，最近换了新一批玉米做饲料，大概用了五六天吧，就发现不少猪不爱吃料了，有的还吐，有几头母猪出现流产迹象，个别猪走路有点晃。请问是不是饲料有问题？该怎么处理？,根据描述，结合近期更换饲料后出现的采食下降、呕吐、流产及运动障碍等症状，高度怀疑为猪霉菌毒素中毒。该病由摄入被产毒真菌污染的饲料引起，常见毒素包括黄曲霉毒素、呕吐毒素、玉米赤霉烯酮等，可导致消化系统、生殖系统和神经系统损伤。,treatment_direction: 立即停喂可疑饲料，改用清洁无霉变的全价配合饲料；提供充足清洁饮水，添加适量电解质和维生素C以增强抵抗力；对症状明显的个体进行对症治疗，如止吐、补液、保肝护肾等措施。；management_measures: 清理并封存剩余可疑饲料，防止继续饲喂；加强圈舍通风，保持干燥卫生；检查饲料原料储存条件，避免潮湿发霉；观察其他猪群健康状况，及时隔离异常个体。；sampling_and_testing: 采集剩余饲料样品送实验室检测霉菌毒素含量，明确污染种类和水平；必要时采集病死猪组织样本进行病理学检查，辅助确诊。；prohibited_boundaries: 严禁将可疑饲料转售或用于其他畜禽；禁止自行使用未经批准的脱毒剂或解毒药物；若检出高毒性或国家管控的毒素，应按规定向当地畜牧兽医部门报告。,因属中毒事件而非药物残留，不涉及常规休药期概念；但在毒素清除前不得屠宰上市，需待检测结果合格并经主管部门确认后方可恢复销售。,"{""disease_name"": ""猪霉菌毒素中毒"", ""severity"": ""中等至严重（视毒素种类与摄入量而定）"", ""scene_tags"": [""饲料更换"", ""群体发病"", ""多系统症状""], ""validation_points"": [""症状与霉菌毒素中毒典型表现一致"", ""有明确饲料更换史作为诱因"", ""排除其他传染病因素""], ""risk_flags"": [""可能涉及法定监管毒素"", ""存在人畜食品安全隐患""], ""case_type"": ""饲料中毒咨询"", ""target_disease"": ""猪霉菌毒素中毒"", ""local_flags"": {""species_ok"": true, ""target_disease_in_diagnosis"": true, ""target_disease_mismatch"": false, ""contains_specific_dose"": false, ""contains_specific_withdrawal"": false, ""regulated_bad_treatment"": false}}",False,False,,,True,False,False,D:\XF-ChongQin\ai-\knowledge\llm_wiki_swine_authoritative,1465,887,"猪霉菌毒素中毒
猪霉菌毒素中毒、mycotoxins in grains and feeds
饲料中毒咨询
更换饲料或玉米批次后出现采食下降、呕吐、繁殖异常或神经症状，用户怀疑饲料问题。","{""NEEDS_REVIEW"": 2, ""PROCESSED_SOURCE_ANCHORED"": 2}","[""SRC-0001"", ""SRC-0085""]",2220,31.99,ERNIE-4.5-Turbo-32K,92,28,19,24,21,False,True,"该回答整体表现良好，诊断准确，逻辑清晰，处理方向安全，数据质量较高。诊断依据充分，结合了症状和饲料更换史，排除了其他传染病因素。处理建议全面，包括停喂可疑饲料、对症治疗、管理措施和采样检测等。数据质量方面，症状描述详细，场景标签和验证点明确，风险标识合理。
问题：diagnosis_accuracy: 诊断准确度较高，但未明确提及所有可能涉及的霉菌毒素种类，如黄曲霉毒素、呕吐毒素、玉米赤霉烯酮等，尽管在描述中有所涉及，但未全面列举。；pathology_logic: 病理逻辑清晰，但未详细解释每种毒素对猪体的具体影响机制，如消化系统、生殖系统和神经系统的损伤过程。；prescription_safety: 处理建议安全，但未提及具体对症治疗药物的名称和剂量，仅提供了治疗方向。；data_quality: 数据质量较高，但风险标识中提到的“可能涉及法定监管毒素”和“存在人畜食品安全隐患”未进一步说明具体风险和应对措施。",hunyuan-turbos-20250926,90,9,8.5,9,8.5,False,False,"该回答诊断准确，基于换料史和多系统症状合理推断为霉菌毒素中毒，处理方案涵盖停喂、对症支持、环境管理、采样检测和上报流程，符合安全规范。未出现危险用药建议，且对重大风险有明确防控提示。不足之处在于毒素种类和影响机制的细化不足，以及部分风险提示可更具体。
问题：未全面列举可能涉及的霉菌毒素种类（如黄曲霉毒素、呕吐毒素、玉米赤霉烯酮等）及其各自危害特征。；缺乏对毒素作用机制的详细解释，例如不同毒素如何分别导致消化、生殖、神经症状。；风险提示虽提到法定监管和人畜食品安全隐患，但未具体化可能的后果及应对细节。",True,ERNIE-4.5-Turbo-32K,True,pass,诊断准确，结合症状和饲料更换史合理推断为猪霉菌毒素中毒，处理方案全面且安全，包括停喂可疑饲料、对症治疗、管理措施和采样检测等。尽管在毒素种类列举、影响机制解释和风险提示具体性方面存在轻微不足，但不影响整体诊断和处置方向的安全性及有效性。,91.0,28,19,24,21,pass,22.99,16.13,
e445c239-cf49-5f68-ace3-0c0fb4ec3d90,190,猪狂犬病风险,swine_hunyuan_turbos,hunyuan-turbos-20250926,成功,,猪,我场有200多头育肥猪，平均体重80公斤左右，最近一周内同一栋舍里有3头先后出现精神沉郁、流涎、走路不稳的情况，其中一头已经倒地不起。之前没用过什么特殊药物，圈舍通风一般，周边偶尔能见到流浪狗活动。这种情况能不能先用点抗生素看看？还是得马上报？,高度怀疑为猪狂犬病风险病例，结合近期多例神经症状、流涎及运动障碍，且有流浪犬等潜在传染源接触史，符合狂犬病病毒感染的流行病学特征。由于该病为人兽共患风险，且临床症状与多种神经性疾病重叠，需通过实验室检测排除其他病因并确认病毒存在。,treatment_direction: 不建议立即使用常规抗生素或其他非针对病毒的药物治疗，以免延误防控时机。应立即停止场内人员随意接触可疑病猪，限制移动，防止交叉感染。；management_measures: 对发病猪进行物理隔离，减少与其他猪只的直接接触；加强饲养员个人防护，佩戴手套、口罩等防护用品；禁止屠宰、食用或出售可疑病猪及其产品；清理并消毒污染区域。；sampling_and_testing: 采集病猪脑组织、唾液或脊髓液样本送具备资质的实验室进行狂犬病病毒抗原或核酸检测，同时保留组织样本以备复检。；prohibited_boundaries: 严禁私自宰杀、销售或转运可疑病猪；不得擅自使用未经批准的抗病毒药物或疫苗；在未获得检测结果前不得解除隔离措施。,因未实施任何治疗性用药，无直接休药期问题；但若未来涉及人用暴露处置，需遵循公共卫生部门指导。,"{""disease_name"": ""猪狂犬病风险"", ""severity"": ""高"", ""scene_tags"": [""神经症状"", ""多例发生"", ""潜在野生动物接触"", ""人兽共患风险""], ""validation_points"": [""短时间内多例神经症状提示急性传染病可能"", ""流涎、共济失调是狂犬病常见表现之一"", ""流浪犬接触史增加感染风险""], ""risk_flags"": [""人兽共患风险"", ""需立即上报主管部门"", ""禁止私自处置病畜""], ""case_type"": ""暴发与处置边界"", ""target_disease"": ""猪狂犬病风险"", ""local_flags"": {""species_ok"": true, ""target_disease_in_diagnosis"": true, ""target_disease_mismatch"": false, ""contains_specific_dose"": false, ""contains_specific_withdrawal"": false, ""regulated_bad_treatment"": false}}",False,False,,,True,False,False,D:\XF-ChongQin\ai-\knowledge\llm_wiki_swine_authoritative,1465,887,"猪狂犬病风险
猪狂犬病风险、rabies virus
暴发与处置边界
同栏或多栋猪舍短期内发病增多，用户询问是否能先按普通病治疗观察。","{""HUMAN_REVIEWED"": 3, ""NEEDS_REVIEW"": 2}","[""SRC-0001"", ""SRC-0054""]",2058,21.89,ERNIE-4.5-Turbo-32K,92,28,18,25,21,False,True,"该回答对猪狂犬病风险的诊断准确，考虑了流行病学特征和临床症状，并提出了合理的实验室检测建议。处理方向安全，符合疾病防控要求，数据质量较高，无明显错误。
问题：诊断准确性方面，虽然整体判断正确，但未完全覆盖所有可能的鉴别诊断，因此扣2分。病理逻辑方面，对症状与疾病关系的阐述较为清晰，但可进一步细化，因此扣2分。数据质量方面，信息完整，但部分细节描述可更具体，因此扣4分。",hunyuan-turbos-20250926,90,9,9,10,8.5,False,False,"该数据场景真实，用户描述的流行病学背景（流浪犬接触）与症状（神经症状、流涎）高度吻合，诊断方向合理，明确提示需实验室确诊以排除其他疾病。处理方案强调隔离、防护、送检及禁止擅自处置，符合人兽共患病防控原则，无危险建议。不足之处在于鉴别诊断列举不够全面，部分细节可更具体。
问题：鉴别诊断范围较窄，未提及如伪狂犬病、乙型脑炎等其他可引起类似神经症状的猪病。；部分管理细节（如消毒方法、采样操作规范）可进一步具体化。",True,ERNIE-4.5-Turbo-32K,True,pass,该回答对猪狂犬病风险的诊断准确，结合了流行病学特征和临床症状，并提出了合理的实验室检测建议。处理方向安全，符合疾病防控要求，无明显错误。尽管在鉴别诊断和管理细节方面存在轻微不足，但不影响整体判断，数据质量较高。,91.0,28,18,25,21,pass,12.94,14.85,
025b754c-3a1d-5c36-9914-8795fab1464d,223,猪瘟,swine_hunyuan_turbos,DeepSeek-V3.2,成功,,猪,王技术员，我们场里这批保育猪有35天日龄，体重约12公斤，存栏800头。最近一周发现几个栏的猪采食量明显下降，大概减少了三成左右。有些猪精神不好，扎堆怕冷，体温量了几个都在40.5-41.5℃之间。粪便有的偏干，有的拉稀，颜色不太正常。还有几头猪眼睛有脓性分泌物，皮肤看着有点发红。之前用过一些抗生素（恩诺沙星）拌料，效果不明显。现在每天都有两三头情况变差，我很担心，这主要可能是什么问题？接下来该怎么处理？,"根据您描述的35日龄保育猪出现群体性采食下降、高热（40.5-41.5℃）、精神沉郁、扎堆、眼分泌物增多及皮肤发红等症状，且抗生素治疗无效，需高度警惕病毒性疾病的可能性。结合临床症状，首要鉴别诊断方向为猪瘟（Classical Swine Fever, CSF）。该病由猪瘟病毒引起，属于国家一类动物疫病，以高热稽留、广泛性出血点及败血症为主要特征，抗生素治疗无效。其他需鉴别的疾病包括非洲猪瘟（ASF，同样高热、抗生素无效，但皮肤发红表现可能更明显）、猪繁殖与呼吸综合征（蓝耳病，常伴呼吸道症状）及急性猪丹毒等。鉴于存在群体性、高热性、抗生素无效的疫病特征，必须立即启动重大动物疫病排查程序。","治疗方向：立即停止群体性抗生素给药。当前首要任务不是治疗，而是快速诊断与疫情控制。
管理措施：1. 立即隔离：将出现临床症状的猪只及其所在栏位严格隔离，划定疫点。禁止场内人员、物品、车辆交叉流动。2. 全面消毒：对发病栏舍、通道及可能污染的区域进行强化消毒。3. 采样送检：立即联系当地官方兽医或具备资质的诊断实验室，无菌采集发病猪的血液（抗凝血和血清）、扁桃体、淋巴结（尤其是颌下淋巴结）、脾脏和肾脏等组织样本，冷藏保存并尽快送检，进行猪瘟病毒抗原或核酸检测（如PCR）。同时，可采集眼分泌物、粪便样本用于鉴别细菌性继发感染。4. 全群监控：对全场其他猪群（尤其是相邻栏舍）加强临床观察，每日记录体温和采食情况。
禁忌边界：严禁私自解剖病死猪。严禁将病死猪、粪便及污染物随意丢弃或出售。在官方诊断结果未明确前，严禁擅自出售或转运场内任何猪只。不得使用任何未经批准的所谓“治疗性”疫苗或药物。非洲猪瘟与猪瘟均非人兽共患病，但均为须立即上报的重大动物疫病。",不适用。当前处置核心为诊断与疫情控制，非治疗性用药。,"{""disease_name"": ""猪瘟（Classical Swine Fever）"", ""severity"": ""高（疑似一类动物疫病）"", ""scene_tags"": [""保育猪"", ""群体发病"", ""高热"", ""抗生素无效"", ""眼分泌物"", ""皮肤发红""], ""validation_points"": [""抗生素治疗无效是重要指征"", ""需与非洲猪瘟、急性猪丹毒等鉴别"", ""必须依靠实验室诊断确诊""], ""risk_flags"": [""疑似重大动物疫病（CSF/ASF）"", ""需立即上报和隔离"", ""禁止私自解剖和处理病死猪""], ""case_type"": ""保育猪群体发病"", ""target_disease"": ""猪瘟"", ""local_flags"": {""species_ok"": true, ""target_disease_in_diagnosis"": true, ""target_disease_mismatch"": false, ""contains_specific_dose"": false, ""contains_specific_withdrawal"": false, ""regulated_bad_treatment"": false}}",False,False,,,True,False,False,D:\XF-ChongQin\ai-\knowledge\llm_wiki_swine_authoritative,1465,887,"猪瘟
猪瘟、classical swine fever pestiviruses、经典猪瘟、CSF
保育猪群体发病
群体发病、采食下降、粪便或呼吸道异常，用户想知道主要病因和下一步处理。","{""HUMAN_REVIEWED"": 3}","[""A1-WOAH-CSF-DISEASE"", ""A1-WOAH-CSF-MANUAL"", ""SRC-0006"", ""SRC-0031"", ""SRC-0046"", ""SRC-0059""]",2221,479.26,ERNIE-4.5-Turbo-32K,92,28,19,24,21,False,True,"该回答在诊断准确性、病理逻辑、处方安全性和数据质量方面均表现良好，符合猪瘟疑似病例的处理规范，未发现致命风险。
问题：诊断准确性方面，虽然主要诊断为猪瘟，但未充分排除其他类似疾病（如非洲猪瘟）的详细鉴别诊断依据，仅提及需鉴别，未深入分析症状差异。；病理逻辑方面，对猪瘟的典型症状描述较全面，但未明确说明群体发病与猪瘟传播特性的关联性。；处方安全性方面，管理措施全面且符合规范，但未提及对健康猪群的预防性措施（如疫苗接种状态核查）。；数据质量方面，场景标签和验证点覆盖较全，但风险标志中未明确提及‘人兽共患病’的排除说明（尽管猪瘟非人兽共患病，但需明确标注以避免混淆）。",hunyuan-turbos-20250926,90,88,87,95,90,False,False,"该回答整体结构完整，场景真实，症状与目标疾病（猪瘟）高度吻合，诊断思路清晰，排除了常见误诊方向，并强调了重大动物疫病的防控流程。处方部分无危险建议，强调隔离、消毒、送检和上报，符合生物安全要求。不足之处在于鉴别诊断细节不够深入，未充分分析猪瘟与其他高热性传染病的区分要点，也未明确健康猪群的预防策略。
问题：鉴别诊断中对非洲猪瘟等相似疾病的区分依据不足，缺乏症状对比分析。；未明确阐述群体发病与猪瘟传播特性的关联。；缺少针对健康猪群的预防性措施建议（如疫苗核查、免疫状态评估）。；虽提到非人兽共患病，但未在文本中明确标注以防误解。",True,ERNIE-4.5-Turbo-32K,True,pass,回答整体结构完整，诊断方向准确，症状与猪瘟高度吻合，排除了常见误诊方向，并强调了重大动物疫病的防控流程。处方部分无危险建议，管理措施全面且符合规范。尽管在鉴别诊断细节、群体发病与猪瘟传播特性的关联、健康猪群预防性措施建议以及非人兽共患病的明确标注方面存在轻微不足，但不影响整体判断，可判为pass。,91.0,28,19,24,21,pass,20.28,21.12,
de978765-6e14-5599-9920-d393c858cf4e,294,猪流行性腹泻,swine_hunyuan_turbos,hunyuan-turbos-20250926,成功,,猪,我这边是河南一个中型养猪场，存栏大概800头，现在有一批60日龄左右的保育猪出现水样腹泻，已经持续三四天了，刚开始用了恩诺沙星和硫酸新霉素拌料，但效果不明显，部分猪精神沉郁、采食下降，粪便呈黄色稀便带酸臭味，圈舍温度偏低且通风不好。想问下这种情况是不是还要继续用抗生素？还是应该送检看看是什么病？,根据描述的症状（水样腹泻、黄色稀便、精神沉郁、采食下降）、发病日龄及使用抗菌药无效的情况，结合季节和环境因素，高度怀疑为猪流行性腹泻（PEDV）。该病为病毒性腹泻，对抗生素治疗反应差，需要实验室确诊。,treatment_direction: 停止盲目使用广谱抗生素，改为支持性护理，包括保温、补充电解质和能量液，减少应激，防止继发细菌感染。；management_measures: 加强圈舍保温与通风管理，保持干燥清洁，分栏饲养以减少交叉感染，及时清理粪污。；sampling_and_testing: 采集新鲜腹泻粪便样本送有资质的兽医实验室进行PEDV核酸检测（RT-PCR），必要时同时检测其他肠道病毒如轮状病毒、TGEV等以排除混合感染。；prohibited_boundaries: 禁止将病猪随意出售或转运，严禁使用未经批准的抗病毒药物或激素类药物；发现疑似重大疫病应立即向当地动物防疫部门报告。,因无具体药物治疗，不涉及休药期问题；若后续使用合法兽药，应遵守相应说明书规定的休药期。,"{""disease_name"": ""猪流行性腹泻"", ""severity"": ""中等至严重（可导致保育猪高死亡率）"", ""scene_tags"": [""保育猪"", ""水样腹泻"", ""抗菌药无效"", ""低温环境""], ""validation_points"": [""症状符合PEDV特征"", ""抗菌药无效提示非细菌性主因"", ""建议送检以确诊""], ""risk_flags"": [""疑似重大动物疫病"", ""需实验室确诊"", ""需防控扩散""], ""case_type"": ""腹泻用药咨询"", ""target_disease"": ""猪流行性腹泻"", ""local_flags"": {""species_ok"": true, ""target_disease_in_diagnosis"": true, ""target_disease_mismatch"": false, ""contains_specific_dose"": false, ""contains_specific_withdrawal"": false, ""regulated_bad_treatment"": false}}",False,False,,,True,False,False,D:\XF-ChongQin\ai-\knowledge\llm_wiki_swine_authoritative,1465,887,"猪流行性腹泻
猪流行性腹泻、porcine epidemic diarrhea virus、PED、PEDV
腹泻用药咨询
猪群腹泻后已用过常见抗菌药效果一般，用户询问是否继续用药以及是否需要送检。","{""HUMAN_REVIEWED"": 2, ""NEEDS_REVIEW"": 2}","[""A0-MOA-573"", ""A2-EFSA-PED-PDCOV-OPINION"", ""SRC-0001"", ""SRC-0037"", ""SRC-0063""]",2221,29.98,ERNIE-4.5-Turbo-32K,92,28,18,24,22,False,True,"该回答在诊断准确性、病理逻辑、处方安全性和数据质量方面表现良好，符合猪流行性腹泻的诊断和处理原则，无明显错误或风险。
问题：diagnosis_accuracy: 诊断准确性较高，但未完全覆盖所有可能症状（如呕吐）的提及，略显不足。；pathology_logic: 病理逻辑清晰，但可进一步补充PEDV的流行病学特点以增强说服力。；prescription_safety: 处方安全合理，但可增加对支持性护理具体措施的详细说明。；data_quality: 数据质量较高，但场景标签和验证点可更细化以提升完整性。",hunyuan-turbos-20250926,90,9,9,10,9,False,False,"该数据整体真实可信，用户描述的养殖背景、临床症状、用药史与环境条件均符合猪流行性腹泻的典型特征。诊断推理过程合理，排除了细菌性病因并建议实验室检测，符合病毒性腹泻的处理思路。处方中强调停用无效抗生素、采取保温补液等支持性措施，并明确禁止违规用药和随意转运，体现了良好的生物安全和法规意识。未出现危险建议或错误用药指导。
问题：诊断部分未提及PEDV可能伴随的呕吐等症状，信息覆盖不够全面。；病理机制解释可补充更多关于PEDV传播方式、易感群体及流行季节的信息，以增强说服力。；支持性护理措施的描述较为笼统，缺少具体操作细节。",True,ERNIE-4.5-Turbo-32K,True,pass,该回答在诊断准确性、病理逻辑、处方安全性和数据质量方面表现良好，符合猪流行性腹泻的诊断和处理原则。诊断部分虽未提及所有可能症状，但核心症状已覆盖，不影响整体判断。病理逻辑清晰，处方安全合理，且强调了生物安全和法规意识，无明显错误或风险。,91.0,28,18,24,22,pass,20.06,14.59,
55aceea6-811d-5900-beff-18f097c453be,296,猪瘟,swine_hunyuan_turbos,hunyuan-turbos-20250926,成功,,猪,我家有120头80公斤左右的育肥猪，最近一周陆续有几头开始发烧41℃左右，精神沉郁，食欲下降，皮肤发红，有的耳朵发紫，粪便稀软带血丝，之前按细菌性腹泻用了恩诺沙星和多西环素拌料喂了三天，体温降下来一点但没完全恢复，现在又新发病几头，这种情况还能继续用这些药吗？会不会是猪瘟？,"根据描述，育肥猪群出现高热、皮肤发红、耳部发绀、血便等症状，且对常规抗生素治疗反应不佳，提示可能为病毒性出血性疾病，高度怀疑为经典猪瘟（Classical Swine Fever, CSF）。该病由黄病毒科瘟病毒属引起，传播快、死亡率高，临床表现多样，易与非洲猪瘟、丹毒等混淆，确诊需实验室检测。",立即暂停使用抗生素，防止掩盖病情延误防控；将疑似病例与健康猪严格隔离，减少人员、车辆、工具交叉接触；采集发热及典型病变猪的血清、组织样本送具备资质的实验室进行病原学检测（如RT-PCR）；全群加强生物安全措施，包括消毒、灭鼠、防鸟；若确诊为经典猪瘟，应依据当地畜牧兽医部门要求进行扑杀和无害化处理，严禁私自销售或转移；在未排除重大疫病前，不得自行投喂任何未经许可的药物。,因涉及重大动物疫病，无休药期概念，应按防疫规定处理病死猪及污染场所，禁止屠宰上市。,"{""disease_name"": ""经典猪瘟"", ""severity"": ""高致死性"", ""scene_tags"": [""育肥猪"", ""群体发病"", ""高热"", ""便血"", ""抗生素治疗无效""], ""validation_points"": [""症状符合经典猪瘟特征：高热、皮肤充血、耳发绀、血便"", ""抗生素治疗无明显改善，提示非单纯细菌感染"", ""群体中出现新发病例，提示存在持续传播""], ""risk_flags"": [""重大动物疫病风险"", ""人畜共患病不适用，但需警惕与其他出血热混淆"", ""禁止私自用药和销售""], ""case_type"": ""育肥猪用药咨询"", ""target_disease"": ""猪瘟"", ""local_flags"": {""species_ok"": true, ""target_disease_in_diagnosis"": true, ""target_disease_mismatch"": false, ""contains_specific_dose"": false, ""contains_specific_withdrawal"": false, ""regulated_bad_treatment"": false}}",False,False,,,True,False,False,D:\XF-ChongQin\ai-\knowledge\llm_wiki_swine_authoritative,1465,887,"猪瘟
猪瘟、classical swine fever pestiviruses、经典猪瘟、CSF
育肥猪用药咨询
育肥猪出现典型症状，用户已经用过常见药物但效果一般，询问是否继续用药。","{""HUMAN_REVIEWED"": 3}","[""A1-WOAH-CSF"", ""A1-WOAH-CSF-DISEASE"", ""A1-WOAH-CSF-MANUAL"", ""SRC-0015"", ""SRC-0031"", ""SRC-0046""]",2221,22.29,ERNIE-4.5-Turbo-32K,92,28,18,25,21,False,True,"该回答对猪瘟的诊断准确，症状描述与疾病特征高度匹配，诊断逻辑合理，处方安全且符合重大疫病防控要求，数据质量较高，无明显错误。
问题：诊断准确性方面，虽然整体准确，但未完全利用所有症状信息（如精神沉郁、食欲下降）进行更细致的分析；病理逻辑上，对猪瘟与其他类似疾病（如非洲猪瘟、丹毒）的鉴别诊断描述可更详细；数据质量上，场景标签和验证点覆盖较全，但可增加更多细节支持诊断。",hunyuan-turbos-20250926,90,9,8.5,10,8.5,False,False,"该回答对猪瘟的诊断准确，症状与疾病特征高度吻合，诊断逻辑清晰，处方措施安全且符合重大疫病防控要求，未出现危险用药建议。不足之处在于鉴别诊断分析不够深入，部分症状未充分用于细化推理，数据细节支撑略显不足。
问题：鉴别诊断中对非洲猪瘟、丹毒等的区分描述较为简略，缺乏更深入对比分析。；用户提供的精神沉郁、食欲下降等全身症状在诊断分析中未充分利用。；数据细节（如病程变化、环境背景）可进一步丰富以支持诊断。",True,ERNIE-4.5-Turbo-32K,True,pass,回答对猪瘟的诊断准确，症状与疾病特征高度吻合，诊断逻辑清晰，处方措施安全且符合重大疫病防控要求。尽管在鉴别诊断的深入性、症状利用的充分性以及数据细节支撑方面存在轻微不足，但整体质量较高，不影响其作为有效数据的参考价值。,91.0,28,18,25,21,pass,14.23,16.89,
1ea3daac-ca62-5eb8-b94b-76fb64fb4f49,98,猪δ冠状病毒感染,swine_hunyuan_turbos,hunyuan-turbos-20250926,成功,,猪,我家有200头保育猪，平均体重25公斤左右，最近一周陆续出现拉稀，粪便呈黄色水样，部分猪精神沉郁、采食下降。之前用了恩诺沙星和多西环素拌料三天，效果不明显，还有新发病例。圈舍温度偏低，通风一般。我想问这种情况还要不要继续喂抗生素？要不要送样检测？,根据描述，保育猪在低温环境下出现持续性水样腹泻，使用广谱抗菌药物无效，结合流行病学特点，考虑可能为病毒性腹泻，其中猪δ冠状病毒感染是可能原因之一。该病常引起仔猪及保育猪急性腹泻，粪便中可检测到病毒RNA，且对常规抗生素无直接疗效。需通过实验室检测（如RT-PCR）确认病原。,1. 立即停喂原抗菌药物，改为支持疗法：提供清洁温水防止脱水，适当补充电解质和维生素；2. 加强保温与通风管理，减少冷应激；3. 采集新鲜腹泻粪便或直肠拭子送具备资质的实验室进行病原检测（建议同时检测PDCoV、PEDV、TGEV等常见腹泻病毒）；4. 若确诊为PDCoV感染，目前无特效抗病毒药物，重点做好生物安全与饲养管理；5. 禁止随意更换或加大抗生素用量，以免掩盖病情或导致耐药。,因未使用特定治疗药物，暂无明确休药期要求；若后续使用兽药，应按标签说明执行相应休药期。,"{""disease_name"": ""猪δ冠状病毒感染"", ""severity"": ""中等偏上（可导致保育猪生长受阻、死亡率上升）"", ""scene_tags"": [""保育猪"", ""腹泻"", ""病毒性病因"", ""低温应激""], ""validation_points"": [""症状符合PDCoV引起的急性水样腹泻特征"", ""抗生素治疗无效提示非细菌性主因"", ""低温环境与保育猪易感性相符""], ""risk_flags"": [""需实验室确诊排除其他病毒性腹泻"", ""存在疫情扩散风险，应加强生物安全措施""], ""case_type"": ""腹泻用药咨询"", ""target_disease"": ""猪δ冠状病毒感染"", ""local_flags"": {""species_ok"": true, ""target_disease_in_diagnosis"": true, ""target_disease_mismatch"": false, ""contains_specific_dose"": false, ""contains_specific_withdrawal"": false, ""regulated_bad_treatment"": false}}",False,False,,,True,False,False,D:\XF-ChongQin\ai-\knowledge\llm_wiki_swine_authoritative,1465,887,"猪δ冠状病毒感染
猪δ冠状病毒感染、porcine deltacoronavirus
腹泻用药咨询
猪群腹泻后已用过常见抗菌药效果一般，用户询问是否继续用药以及是否需要送检。","{""HUMAN_REVIEWED"": 1, ""NEEDS_REVIEW"": 4}","[""A0-MOA-573"", ""SRC-0001""]",2027,36.46,ERNIE-4.5-Turbo-32K,92,28,18,25,21,False,True,"该回答对猪δ冠状病毒感染的诊断、处理方向和风险评估较为准确，符合实际场景需求，且未发现致命性错误或风险。
问题：diagnosis_accuracy扣2分：虽诊断为病毒性腹泻合理，但未明确提及猪δ冠状病毒感染的特异性症状或与其他病毒性腹泻的鉴别点，仅作为可能原因之一，诊断准确性可进一步提升。；pathology_logic扣2分：虽逻辑清晰，但未详细解释低温环境如何具体影响猪δ冠状病毒感染的发病机制，仅简单提及相符性。；data_quality扣4分：metadata中“scene_tags”和“validation_points”内容较基础，可增加更多细节支持，如具体症状描述或环境因素量化指标。",hunyuan-turbos-20250926,88,90,90,95,85,True,False,"该回答针对用户描述的保育猪腹泻情况，提出了合理的病毒性腹泻可能性分析，并明确指出猪δ冠状病毒感染为可能之一，强调实验室检测的重要性。处理方案以对症支持为主，避免滥用抗生素，符合安全规范。整体逻辑清晰，无明显危险建议。但诊断部分缺乏对该病毒特异性的进一步阐述，病理机制与环境关联的解释不足，元数据信息略显简略。
问题：诊断未充分区分猪δ冠状病毒感染与其他常见病毒性腹泻的差异特征；未详细说明低温环境促进病毒感染的具体机制；metadata中的场景标签和验证点信息不够丰富",True,ERNIE-4.5-Turbo-32K,True,pass,回答对猪δ冠状病毒感染的诊断和处理方向总体准确，符合实际场景需求，且未发现致命性错误或风险。尽管在诊断准确性、病理机制解释和元数据信息方面存在轻微不足，但不影响整体判断，可视为可参考的有效回答。,90.0,28,18,25,21,pass,27.06,19.27,
d4cc2b84-73b0-55cc-b5e5-feacf21508d7,3,猪传染性胃肠炎,swine_hunyuan_turbos,hunyuan-turbos-20250926,成功,,猪,我家有120头母猪，现在产房里刚出生5天左右的仔猪陆续出现拉稀，粪便呈黄色水样，部分窝全窝都拉，有的还伴有呕吐，体温测着正常，吃奶也还可以，就是精神差一些。之前没用过什么药，圈舍温度在28℃左右，湿度偏高。我想知道这是病毒性还是细菌性的？要不要马上打针？,根据日龄（5日龄左右）、全窝发病、水样黄色腹泻伴呕吐、无明显高热等症状，结合冬季高发特点，高度怀疑为猪传染性胃肠炎（TGEV），但也需排除大肠杆菌（ETEC）、轮状病毒、球虫（Isospora suis）及梭菌感染等。建议尽快采集新鲜粪便送实验室进行病原检测（RT-PCR或电镜）以确诊。,treatment_direction: 目前无特效抗病毒药物，以支持疗法为主，包括保温、补液、电解质平衡、防止继发细菌感染。；management_measures: 提高产房温度至30-32℃，降低湿度；保证仔猪及时吃到初乳；对严重脱水个体可腹腔或口服补液；减少应激，保持圈舍清洁干燥。；sampling_and_testing: 采集发病仔猪的新鲜粪便样品，送具备资质的兽医实验室进行TGEV、轮状病毒、大肠杆菌、球虫等病原检测，必要时做电镜观察。；contraindications: 禁止随意使用抗生素预防，以免掩盖病情并增加耐药性；若检出重大动物疫病（如非洲猪瘟等），须立即报告当地畜牧兽医部门，不得擅自治疗或销售。,因无特定药物治疗，不涉及药物休药期问题；若为重大疫病，则按国家相关规定执行封锁、扑杀或无害化处理。,"{""disease_name"": ""猪传染性胃肠炎"", ""severity"": ""中等至高死亡风险（尤其新生仔猪）"", ""scene_tags"": [""腹泻"", ""新生仔猪"", ""全窝发病"", ""水样粪"", ""呕吐""], ""validation_points"": [""按日龄分层鉴别腹泻病因"", ""考虑病毒性（TGEV、轮状病毒）、细菌性（ETEC、梭菌）、寄生虫性（球虫）等多重可能性"", ""强调采样送检的重要性""], ""risk_flags"": [""高致死率新生仔猪疾病"", ""潜在重大动物疫病风险""], ""case_type"": ""腹泻采样送检"", ""target_disease"": ""猪传染性胃肠炎"", ""local_flags"": {""species_ok"": true, ""target_disease_in_diagnosis"": true, ""target_disease_mismatch"": false, ""contains_specific_dose"": false, ""contains_specific_withdrawal"": false, ""regulated_bad_treatment"": false}}",False,False,,,True,False,False,D:\XF-ChongQin\ai-\knowledge\llm_wiki_swine_authoritative,1465,887,"猪传染性胃肠炎
猪传染性胃肠炎、transmissible gastroenteritis virus、TGE、TGEV
腹泻采样送检
用户描述粪便性状、日龄和病程，重点询问如何鉴别病毒性、细菌性或寄生虫性腹泻。","{""HUMAN_REVIEWED"": 2, ""NEEDS_REVIEW"": 2}","[""RC-DIARRHEA-001"", ""SRC-0001"", ""SRC-0007"", ""SRC-0036"", ""SRC-0052"", ""SRC-0062"", ""SRC-0063"", ""SRC-0064"", ""SRC-0071"", ""SRC-0072"", ""SRC-0073"", ""SRC-0077"", ""SRC-0081""]",2221,37.41,ERNIE-4.5-Turbo-32K,90,28,18,24,20,False,True,"该回答整体表现良好，诊断方向准确，鉴别诊断全面，处理措施安全合理，数据质量较高。诊断准确率较高，考虑了多种可能性并建议实验室检测以确诊。病理逻辑清晰，符合临床实际。处方安全，无冲突，且考虑了支持疗法和预防继发感染。数据质量较高，信息完整，风险标识明确。
问题：diagnosis_accuracy: 诊断准确率虽高，但未完全覆盖所有可能的鉴别诊断（如未明确提及伪狂犬病等可能引起类似症状的疾病，尽管其可能性较低）。；pathology_logic: 病理逻辑基本清晰，但可进一步细化不同病原的典型症状差异，以增强鉴别诊断的说服力。；data_quality: 数据质量较高，但场景标签和验证点可进一步丰富，以更全面地反映病例特点。",hunyuan-turbos-20250926,88,85,86,90,87,False,False,"该案例描述真实可信，症状与目标疾病（猪传染性胃肠炎）高度吻合，鉴别诊断考虑较全面，处理方案安全合理，包含必要的实验室检测和重大疫病防控提示，无危险用药建议。
问题：鉴别诊断中未提及伪狂犬病等其他可能病因，虽然概率低，但在高风险场可考虑补充。；病理机制分析可进一步细化不同病原的症状差异，以增强鉴别说服力。",True,ERNIE-4.5-Turbo-32K,True,pass,诊断方向准确，鉴别诊断较全面，处理措施安全合理，符合临床实际。尽管鉴别诊断中未提及伪狂犬病等少见病因，但考虑到其可能性较低，不影响整体判断。病理逻辑清晰，处方安全，无冲突，且考虑了支持疗法和预防继发感染。数据质量较高，信息完整，风险标识明确。,89.0,28,18,24,20,pass,21.85,16.94,
9e525a1b-3006-5936-b75e-cf8d847af7de,10,猪丹毒,swine_hunyuan_turbos,hunyuan-turbos-20250926,成功,,猪,我家是育肥场，存栏大概600头，平均体重70公斤左右。最近两天同一圈里有3头陆续出现精神沉郁、体温升高到41度以上，皮肤有紫红色菱形斑块，有的还咳嗽、呼吸急促。之前用过替米考星拌料防呼吸道病，效果一般。现在隔壁圈也有一头出现类似情况，我担心是不是传染病，能不能先按普通细菌感染打针看看？,根据描述，考虑急性败血型猪丹毒可能性较大，特征包括高热、皮肤菱形红斑、呼吸加快等。需注意与A. suis败血症等疾病鉴别，建议尽快采集血样及病变组织送实验室确诊。,立即隔离病猪并加强消毒，减少人员、工具交叉感染；对疑似病例进行对症治疗（如退热、补液、支持疗法），避免使用未经证实的药物方案；同时采集血液、脾、淋巴结等样本送具备资质的实验室做病原鉴定；严禁擅自使用抗生素掩盖病情延误诊断；若确诊为猪丹毒且属重大疫情，应配合当地畜牧部门执行封锁、扑杀、无害化处理等措施。,因涉及重大疫病防控，无自行用药恢复期概念，须依官方检测结果和处置决定执行。,"{""disease_name"": ""猪丹毒"", ""severity"": ""高"", ""scene_tags"": [""育肥猪"", ""急性败血症"", ""皮肤菱形斑"", ""多圈扩散""], ""validation_points"": [""高热、皮肤菱形红斑符合急性败血型猪丹毒临床特征"", ""存在多圈发病趋势提示传染性"", ""需与A. suis败血症等鉴别""], ""risk_flags"": [""可能为人畜共患病的职业暴露风险（erysipeloid）"", ""疑似重大动物疫病暴发，需及时上报并配合处置""], ""case_type"": ""暴发与处置边界"", ""target_disease"": ""猪丹毒"", ""local_flags"": {""species_ok"": true, ""target_disease_in_diagnosis"": true, ""target_disease_mismatch"": false, ""contains_specific_dose"": false, ""contains_specific_withdrawal"": false, ""regulated_bad_treatment"": false}}",False,False,,,True,False,False,D:\XF-ChongQin\ai-\knowledge\llm_wiki_swine_authoritative,1465,887,"猪丹毒
猪丹毒、erysipelas
暴发与处置边界
同栏或多栋猪舍短期内发病增多，用户询问是否能先按普通病治疗观察。","{""HUMAN_REVIEWED"": 4}","[""SRC-0001"", ""SRC-0058"", ""SRC-0065""]",2221,27.63,ERNIE-4.5-Turbo-32K,88,28,18,24,18,False,True,"该回答对猪丹毒的诊断准确性较高，病理逻辑合理，处方安全且符合重大疫病防控要求，数据质量良好，无致命风险。
问题：diagnosis_accuracy: 虽诊断方向正确，但未明确提及与A. suis败血症的鉴别要点，略显不足。；pathology_logic: 病理逻辑基本合理，但未详细阐述猪丹毒的病理机制与症状之间的关联。；data_quality: 数据质量良好，但场景标签和验证点可进一步丰富，以增强数据的全面性和准确性。",hunyuan-turbos-20250926,90,9,8,10,9,False,False,"该回答对猪丹毒的诊断准确，考虑了鉴别诊断，病理逻辑合理，处方强调隔离、送检和避免盲目用药，符合重大疫病防控要求，无危险建议。不足之处在于未详细说明猪丹毒的病理机制及与相似疾病的鉴别要点。
问题：未明确列出猪丹毒与A. suis败血症的具体鉴别要点；缺少对猪丹毒病理机制与临床表现之间关系的深入解释",True,ERNIE-4.5-Turbo-32K,True,pass,该回答对猪丹毒的诊断准确性较高，考虑了鉴别诊断，病理逻辑合理，处方强调隔离、送检和避免盲目用药，符合重大疫病防控要求，无危险建议。尽管存在未明确提及鉴别要点和病理机制说明的轻微不足，但整体数据质量良好，不影响其作为有效数据的参考价值。,89.0,28,18,24,18,pass,19.85,18.43,
3d81b403-6218-5e8c-9121-4c855dadf337,22,猪布尼亚病毒相关感染,swine_hunyuan_turbos,hunyuan-turbos-20250926,成功,,猪,我场有200多头育肥猪，平均体重70公斤左右，最近一周内陆续出现精神沉郁、食欲下降、体温升高到40℃以上，还有几头出现流产情况。之前用过阿莫西林和多西环素拌料，效果不明显。请问这种情况能不能先当普通病治着看？,根据描述的症状（高热、精神沉郁、食欲减退、流产），结合近期多栋猪舍同时发病的情况，需高度警惕重大传染病可能，包括猪布尼亚病毒相关感染在内的多种病毒性病因。目前尚无特异性治疗药物，且存在人畜共患病及重大动物疫病的风险，不宜直接按普通细菌性疾病处理。,treatment_direction: 立即停止常规抗生素投喂，避免掩盖病情延误诊断；对全群进行隔离观察，减少人员、车辆、饲料等流动；采集发热、流产母猪血液、组织样本送实验室检测，重点排查布尼亚病毒及其他重大传染病。；management_measures: 加强圈舍通风降温，保证饮水清洁；暂停场内转群和出栏操作；病死猪按规定无害化处理，防止病原扩散。；sampling_submission: 采集发热猪、流产母猪的血液、脾脏、淋巴结等组织样品，尽快送具备资质的兽医实验室做病原核酸检测和血清学检测。；prohibited_actions: 严禁私自使用未经批准的抗病毒药物或免疫制剂；禁止将可疑病例随意出售或转移；不得擅自解除隔离。,因无特效药物治疗，不涉及特定药物休药期；若后续确诊并采用合法兽药治疗，应严格遵循该药的官方休药期规定。,"{""disease_name"": ""猪布尼亚病毒相关感染"", ""severity"": ""高"", ""scene_tags"": [""全场暴发"", ""高热"", ""流产"", ""多栋猪舍""], ""validation_points"": [""症状符合病毒性感染特征"", ""多栋同时发病提示传染性较强"", ""抗生素治疗无效支持非细菌性病因""], ""risk_flags"": [""可能涉及重大动物疫病"", ""存在潜在人畜共患病风险"", ""需及时采样送检排除法定疫病""], ""case_type"": ""暴发与处置边界"", ""target_disease"": ""猪布尼亚病毒相关感染"", ""local_flags"": {""species_ok"": true, ""target_disease_in_diagnosis"": true, ""target_disease_mismatch"": false, ""contains_specific_dose"": false, ""contains_specific_withdrawal"": false, ""regulated_bad_treatment"": false}}",False,False,,,True,False,False,D:\XF-ChongQin\ai-\knowledge\llm_wiki_swine_authoritative,1465,887,"猪布尼亚病毒相关感染
猪布尼亚病毒相关感染、bunyaviruses akabane lumbo oya tahyna
暴发与处置边界
同栏或多栋猪舍短期内发病增多，用户询问是否能先按普通病治疗观察。","{""HUMAN_REVIEWED"": 2, ""NEEDS_REVIEW"": 2}","[""SRC-0001"", ""SRC-0033""]",2221,28.1,ERNIE-4.5-Turbo-32K,90,28,18,24,20,False,True,"该回答对猪布尼亚病毒相关感染的诊断、处理方向及安全措施进行了较为全面的分析，诊断准确，逻辑清晰，处理方向安全，数据质量较高，无明显致命风险。
问题：diagnosis_accuracy: 诊断准确性方面，虽然识别出了病毒性感染的可能性，但对猪布尼亚病毒相关感染的特异性症状描述不够详细，可进一步提升诊断的精确性。；pathology_logic: 病理逻辑方面，对多栋猪舍同时发病的原因分析较为笼统，可进一步深入探讨传播途径和感染机制。；data_quality: 数据质量方面，虽然提供了较为全面的症状描述和场景标签，但缺乏具体的流行病学数据支持，如发病率、死亡率等。",hunyuan-turbos-20250926,88,85,85,95,80,False,False,"该回答正确识别出重大传染病风险，未贸然按普通细菌感染处理，强调送检与隔离，符合生物安全要求。诊断虽指出病毒性可能，但未细化猪布尼亚病毒的典型特征；病理逻辑中传播机制分析不足；缺少流行病学数据支撑。整体安全可控，无危险建议。
问题：对猪布尼亚病毒相关感染的特异性症状描述不足，未能区分与其他热性病或流产性疾病的差异。；未深入分析多栋猪舍同时发病的传播途径与感染机制。；缺乏发病率、死亡率等流行病学数据，影响风险评估精度。",True,ERNIE-4.5-Turbo-32K,True,pass,该回答正确识别了猪布尼亚病毒相关感染的重大传染病风险，未贸然按普通细菌感染处理，强调了送检与隔离的重要性，符合生物安全要求。尽管在诊断特异性、病理逻辑和流行病学数据方面存在轻微不足，但整体安全可控，无危险建议，数据质量较高。,89.0,28,18,24,20,pass,18.32,17.83,
194ad08e-ea38-5dd3-97f3-b5f32ac55919,25,猪δ冠状病毒感染,swine_hunyuan_turbos,hunyuan-turbos-20250926,成功,,猪,我家有120头25日龄左右的保育猪，这几天陆续出现拉稀，粪便呈水样，有的还带点酸臭味，精神差、吃料少，有几头已经明显脱水。舍内温度偏低，通风一般，之前用过恩诺沙星拌料两天效果不明显。请问这是啥病？该怎么处理？,根据描述的症状（水样腹泻、酸臭、脱水、低龄）、饲养环境和用药史，结合近期同类群发病情况，高度怀疑为猪δ冠状病毒感染。该病在哺乳仔猪及保育早期多发，常因低温应激诱发，可与其他肠道病原混合感染。需通过实验室检测（如RT-PCR）确认病原。,treatment_direction: 无特效抗病毒药物，重点为对症支持治疗和减少继发感染。；management_measures: 立即改善圈舍保温与通风，减少冷应激；；提供清洁温水，防止脱水，必要时口服补液盐；；调整饲料，少量多餐，保证营养摄入；；对严重脱水个体进行静脉补液。；sampling_and_testing: 采集腹泻粪便或直肠拭子送实验室做PDCoV RT-PCR检测；；同时检测轮状病毒、大肠杆菌等常见病原以排除混合感染。；prohibited_boundaries: 不得作为法定重大疫病替代处置依据；；不得擅自使用禁限用兽药；；发现疫情应及时向当地畜牧兽医部门报告，按防控方案执行。,本病无特效药物治疗，不涉及特定休药期；若使用抗生素控制继发感染，须遵守所用药品说明及国家规定休药期。,"{""disease_name"": ""猪δ冠状病毒感染"", ""severity"": ""中等偏重，幼龄猪易致高死亡率"", ""scene_tags"": [""保育猪"", ""水样腹泻"", ""脱水"", ""低温应激""], ""validation_points"": [""符合PDCoV高发年龄与季节特征"", ""症状与流行病学资料一致""], ""risk_flags"": [""需实验室确诊"", ""存在混合感染风险"", ""需关注防疫隔离""], ""case_type"": ""腹泻群体发病"", ""target_disease"": ""猪δ冠状病毒感染"", ""local_flags"": {""species_ok"": true, ""target_disease_in_diagnosis"": true, ""target_disease_mismatch"": false, ""contains_specific_dose"": false, ""contains_specific_withdrawal"": false, ""regulated_bad_treatment"": false}}",False,False,,,True,False,False,D:\XF-ChongQin\ai-\knowledge\llm_wiki_swine_authoritative,1465,887,"猪δ冠状病毒感染
猪δ冠状病毒感染、porcine deltacoronavirus
腹泻群体发病
同窝或同栏出现水样腹泻、脱水、采食下降，用户想知道主要病因和紧急处理。","{""HUMAN_REVIEWED"": 1, ""NEEDS_REVIEW"": 4}","[""A0-MOA-573"", ""SRC-0001""]",2027,27.98,ERNIE-4.5-Turbo-32K,88,28,18,23,20,False,True,"整体回答质量较高，诊断准确性、病理逻辑、处方安全性和数据质量均表现良好，无明显致命风险。诊断依据充分，考虑了症状、年龄、环境及用药史，并建议实验室检测以确认。治疗方向合理，管理措施具体且安全，同时注意到了混合感染风险和防疫隔离的重要性。
问题：病理逻辑部分对低温应激作为诱因的阐述可更深入，以增强诊断的说服力。；数据质量部分，虽然场景标签和验证点较为全面，但可进一步增加对症状严重程度的描述，以更精确地反映疾病状态。；处方安全性部分，虽然整体安全，但对抗生素使用的具体指导（如选择哪种抗生素）可更明确，以减少误用风险。",hunyuan-turbos-20250926,90,9,8.5,9,8.5,False,False,"该数据整体真实可信，用户描述的保育猪群体性水样腹泻、酸臭味、脱水等症状与猪δ冠状病毒感染的典型特征相符，并结合了低温应激、用药无效等背景信息，诊断推理合理。处方方向符合该病无特效抗病毒药的特点，强调对症支持、防继发感染和环境管理，并提示实验室检测和上报程序，安全边界清晰。未出现危险用药建议或违规操作。
问题：病理机制中对低温应激如何促进PDCoV感染的机理阐述不足，可增加免疫抑制或肠道屏障受损的解释以提高说服力。；处方中虽提到可用抗生素防继发感染，但未给出具体类别或选择原则，可能导致基层人员随意选药的风险。；数据质量方面，对病情严重程度和病程进展的描述可以更细化，以便更好评估风险等级。",True,ERNIE-4.5-Turbo-32K,True,pass,整体回答质量较高，诊断准确性、病理逻辑、处方安全性和数据质量均表现良好，无明显致命风险。诊断依据充分，考虑了症状、年龄、环境及用药史，并建议实验室检测以确认。治疗方向合理，管理措施具体且安全，同时注意到了混合感染风险和防疫隔离的重要性。尽管病理逻辑部分对低温应激作为诱因的阐述、处方中抗生素使用的具体指导以及数据质量部分对症状严重程度的描述可进一步优化，但不影响整体判断。,89.0,28,18,23,20,pass,19.15,17.53,
c46eb051-e292-5347-a121-f9694df69552,86,猪链球菌病,swine_hunyuan_turbos,hunyuan-turbos-20250926,成功,,猪,我家有120头70公斤左右的育肥猪，最近一周陆续有几头出现精神沉郁、食欲下降、体温升高到40℃左右，有的还伴有后肢无力、站立不稳的情况，之前用阿莫西林拌料喂了三天，效果不明显，现在想问还能继续用吗？猪舍通风一般，湿度偏高，饲料没换过。,根据描述的症状（高热、精神沉郁、食欲减退、运动障碍），结合育肥猪阶段易感性及前期使用抗生素效果不佳，高度怀疑为猪链球菌病（Streptococcus suis感染）。该病可引起败血症、脑膜炎等全身性病变，尤其在应激和环境不良条件下易发。,建议立即停喂阿莫西林并采集病猪血液、关节液或脑脊液送实验室进行细菌分离鉴定及药敏试验，明确是否为S. suis感染及其敏感药物。在等待检测结果期间，可依据本地耐药情况考虑更换其他抗菌药物（如头孢类、氟喹诺酮类等），并结合支持疗法（补液、降温、改善饲养环境）。同时加强猪舍通风、降低湿度、减少应激因素。严禁将病死猪随意出售或屠宰，防止病原扩散。若确诊为人畜共患风险较高的S. suis感染，需做好人员防护，避免皮肤伤口接触病猪体液。,因未确定具体药物种类及剂量，无法给出确切休药期，须按所用药物说明书及国家相关规定执行，并在停药期结束前禁止出栏销售。,"{""disease_name"": ""猪链球菌病"", ""severity"": ""中等至严重"", ""scene_tags"": [""育肥猪"", ""高热"", ""运动障碍"", ""抗生素治疗无效""], ""validation_points"": [""症状符合S. suis引起的败血症/脑膜炎表现"", ""育肥猪为该病的易感阶段"", ""阿莫西林治疗效果不佳提示可能耐药或病原非单一""], ""risk_flags"": [""可能存在人兽共患风险，需注意人员防护"", ""抗生素使用不当可能导致耐药性增加"", ""病死猪处置不当可能造成疫情扩散""], ""case_type"": ""育肥猪用药咨询"", ""target_disease"": ""猪链球菌病"", ""local_flags"": {""species_ok"": true, ""target_disease_in_diagnosis"": true, ""target_disease_mismatch"": false, ""contains_specific_dose"": false, ""contains_specific_withdrawal"": false, ""regulated_bad_treatment"": false}}",False,False,,,True,False,False,D:\XF-ChongQin\ai-\knowledge\llm_wiki_swine_authoritative,1465,887,"猪链球菌病
猪链球菌病、streptococcosis streptococcus suis
育肥猪用药咨询
育肥猪出现典型症状，用户已经用过常见药物但效果一般，询问是否继续用药。","{""HUMAN_REVIEWED"": 2, ""NEEDS_REVIEW"": 2}","[""SRC-0001"", ""SRC-0014"", ""SRC-0075"", ""SRC-0076""]",2220,25.41,ERNIE-4.5-Turbo-32K,88,28,18,23,20,False,True,"该回答整体表现良好，诊断准确性较高，症状与疾病匹配合理，诊断逻辑清晰，处方安全且考虑周全，数据质量较高。
问题：诊断准确性方面，虽然整体判断正确，但未完全覆盖所有可能症状，评分略扣。；病理逻辑方面，对疾病发生的环境因素分析稍显不足，评分略扣。；处方安全方面，虽然考虑了多种因素，但未给出具体药物剂量，略显不足。；数据质量方面，回答内容详实，但部分细节描述可更精确，评分略扣。",hunyuan-turbos-20250926,90,9,9,9,9,False,False,"该案例场景真实，用户描述的育肥猪症状与猪链球菌病的典型临床表现高度吻合，诊断思路清晰，考虑了抗生素疗效不佳的提示，并强调实验室检测确认病原体及药敏的重要性。处方建议合理，包含环境管理、支持治疗、生物安全措施及人畜共患病防护，无危险用药建议。未提供具体药物剂量和休药期，符合安全要求。
问题：诊断部分未提及猪链球菌病可能伴随的其他症状（如关节炎、神经症状等）以更全面覆盖临床特征。；病理机制中对环境因素如何促进链球菌感染的解释不够深入。；处方中未明确说明不同抗菌药物的适用条件与选择原则。",True,ERNIE-4.5-Turbo-32K,True,pass,诊断准确性较高，症状与猪链球菌病匹配合理，诊断逻辑清晰，处方安全且考虑周全，包括实验室检测、更换抗菌药物、支持疗法及环境管理。尽管存在诊断未完全覆盖所有可能症状、病理机制中对环境因素解释不够深入、处方未明确说明不同抗菌药物适用条件等轻微不足，但整体数据质量较高，不影响核心判断。,89.0,28,18,23,20,pass,16.37,18.33,
250cb094-e07d-526e-bc47-1f9f3fadf4ad,104,猪西尼罗病毒相关感染,swine_hunyuan_turbos,hunyuan-turbos-20250926,成功,,猪,我家有120头育肥猪，平均体重在70公斤左右，最近一周陆续有几头出现精神沉郁、体温升高到40℃以上、食欲下降、部分猪后肢无力站不稳的情况，粪便偏稀，之前按链球菌和副猪嗜血杆菌用过阿莫西林和恩诺沙星拌料，用了三四天效果不明显，现在想问还能不能再继续用这些药？,结合临床表现（高热、神经症状、腹泻）及用药史，考虑可能为病毒性感染，如猪西尼罗病毒相关感染或其他黄病毒感染，需排除细菌继发感染。建议尽快采集血液、脑组织等样本送实验室确诊。,立即隔离发病猪，加强圈舍通风降温，减少应激；对全群进行支持性护理（补液、电解质平衡）；暂停使用抗生素以防掩盖病情；尽快采样送检明确病原；若确诊为西尼罗病毒相关感染，目前无特效抗病毒药物，主要依靠生物安全措施控制传播；严禁私自屠宰、销售病死猪；发现可疑疫情应及时向当地畜牧兽医部门报告。,因未使用特定药物，暂无休药期限制；但若后续使用抗生素，应严格遵循兽药说明书规定的停药期并遵守检疫规定。,"{""disease_name"": ""猪西尼罗病毒相关感染"", ""severity"": ""中等至严重"", ""scene_tags"": [""育肥猪"", ""高热"", ""神经症状"", ""腹泻"", ""抗生素治疗无效""], ""validation_points"": [""症状符合病毒性发热与神经表现"", ""抗生素治疗效果差提示非单纯细菌感染"", ""需要实验室检测确认病原""], ""risk_flags"": [""潜在重大动物疫病风险"", ""需及时隔离与送检"", ""禁止私自处置""], ""case_type"": ""育肥猪用药咨询"", ""target_disease"": ""猪西尼罗病毒相关感染"", ""local_flags"": {""species_ok"": true, ""target_disease_in_diagnosis"": true, ""target_disease_mismatch"": false, ""contains_specific_dose"": false, ""contains_specific_withdrawal"": false, ""regulated_bad_treatment"": false}}",False,False,,,True,False,False,D:\XF-ChongQin\ai-\knowledge\llm_wiki_swine_authoritative,1465,887,"猪西尼罗病毒相关感染
猪西尼罗病毒相关感染、west nile virus and other flaviviruses
育肥猪用药咨询
育肥猪出现典型症状，用户已经用过常见药物但效果一般，询问是否继续用药。","{""NEEDS_REVIEW"": 5}","[""SRC-0001""]",2060,26.04,ERNIE-4.5-Turbo-32K,88,28,18,23,20,False,True,"整体回答质量较高，诊断准确，逻辑清晰，处理方向安全，数据质量良好。诊断考虑了病毒性感染的可能性，并建议实验室确诊，符合疾病特征。处理建议合理，强调了生物安全措施和及时报告疫情的重要性。
问题：diagnosis_accuracy: 诊断准确性较高，但未完全覆盖所有可能的相关症状，如未明确提及可能的皮肤病变或其他神经症状。；pathology_logic: 病理逻辑基本合理，但未详细解释为何排除其他病毒性感染的可能性。；prescription_safety: 处方安全，但未提供具体的支持性护理措施细节，如补液和电解质平衡的具体方法。；data_quality: 数据质量良好，但场景标签和验证点可以更详细，以更好地支持诊断和处理建议。",hunyuan-turbos-20250926,90,9,8.5,9.5,9,False,False,"该案例描述真实可信，用户提供了明确的养殖规模、猪只体重、病程、症状及用药史，有助于判断病因。诊断部分基于高热、神经症状、腹泻等症状提出病毒性感染可能，并提示排除细菌继发感染，思路合理且建议送检确诊，符合西尼罗病毒相关感染的临床特点。处方建议包括隔离、环境管理、支持性护理、避免滥用抗生素、及时上报等措施，安全且有针对性，未给出危险建议。不足之处在于未进一步细化支持性护理操作细节，也未讨论其他类似症状病毒的鉴别要点，但对整体判断影响不大。
问题：未详细描述支持性护理（如补液、电解质平衡）的具体实施方法。；未系统分析其他可能引起相似症状的病毒性感染（如日本脑炎病毒、伪狂犬病毒等）。",True,ERNIE-4.5-Turbo-32K,True,pass,整体回答质量较高，诊断考虑了病毒性感染的可能性，并建议实验室确诊，符合疾病特征。处理建议合理，强调了生物安全措施和及时报告疫情的重要性。尽管存在未详细描述支持性护理的具体实施方法和未系统分析其他可能引起相似症状的病毒性感染等轻微不足，但对整体判断影响不大，数据质量良好。,89.0,28,18,23,20,pass,18.14,14.34,
e1a8b25e-92b6-5c7a-84c3-5a2eb1dabbdc,113,塞内卡病毒A感染,swine_hunyuan_turbos,hunyuan-turbos-20250926,成功,,猪,我家有200多头育肥猪，平均体重在60公斤左右，最近几天有几头出现口蹄部水泡，体温升高到41℃左右，精神差、食欲下降，有的还跛行。之前用过阿莫西林拌料三天，效果不明显。想问下这种情况是不是塞内卡病毒？该采哪些样送检测？怎么防止误诊耽误病情？,根据症状（高热、口蹄部水疱、跛行）及抗生素治疗无效的情况，高度怀疑为塞内卡病毒A感染。该病临床表现与水疱性口炎、口蹄疫等相似，需通过实验室检测确诊。,立即隔离发病猪，减少人员与车辆流动，加强消毒；采集新鲜水疱液、咽拭子、血清等样品送有资质的实验室进行PCR或抗原检测；在未确诊前暂停使用抗生素，避免掩盖症状；若确诊为塞内卡病毒A感染，按非重大疫病管理，采取支持疗法、改善饲养环境、补充营养，必要时对症止痛消炎；如检测结果不确定或怀疑其他烈性病，应按规定上报并配合主管部门处置。,因无特效抗病毒药，主要为支持治疗和生物安全措施，不涉及特定休药期；若曾用抗生素，应按常规停药期执行。,"{""disease_name"": ""塞内卡病毒A感染"", ""severity"": ""中等偏上"", ""scene_tags"": [""育肥猪"", ""水疱病变"", ""发热"", ""抗生素治疗无效""], ""validation_points"": [""症状符合塞内卡病毒A特征"", ""抗生素治疗无效提示病毒性病因"", ""需实验室检测排除口蹄疫等重大疫病""], ""risk_flags"": [""需区分重大动物疫病"", ""采样送检是确诊关键""], ""case_type"": ""采样送检咨询"", ""target_disease"": ""塞内卡病毒A感染"", ""local_flags"": {""species_ok"": true, ""target_disease_in_diagnosis"": true, ""target_disease_mismatch"": false, ""contains_specific_dose"": false, ""contains_specific_withdrawal"": false, ""regulated_bad_treatment"": false}}",False,False,,,True,False,False,D:\XF-ChongQin\ai-\knowledge\llm_wiki_swine_authoritative,1465,887,"塞内卡病毒A感染
塞内卡病毒A感染、senecavirus a picornaviruses
采样送检咨询
用户描述症状后，重点询问采什么样品、如何判断和如何避免误治。","{""HUMAN_REVIEWED"": 2, ""NEEDS_REVIEW"": 3}","[""SRC-0001"", ""SRC-0012"", ""SRC-0083""]",2046,21.43,ERNIE-4.5-Turbo-32K,88,28,18,23,20,False,True,"该回答整体表现良好，诊断准确性较高，症状与疾病匹配合理，诊断逻辑清晰，处方安全且符合疾病管理要求，数据质量较高。
问题：诊断准确性方面，虽然症状匹配合理，但未完全排除其他类似疾病的可能性，如口蹄疫等，可进一步增加鉴别诊断的描述。；病理逻辑方面，对疾病传播途径和预防措施的描述略显不足。；数据质量方面，对症状的描述和实验室检测建议较为详细，但可增加更多关于疾病背景和流行病学特征的信息。",hunyuan-turbos-20250926,90,9,8.5,9,8.5,False,False,"该回答针对用户描述的育肥猪群发热、口蹄部水疱、跛行等症状，结合抗生素无效情况，提出高度怀疑塞内卡病毒A感染，并强调实验室确诊的必要性，诊断思路合理。处方中强调隔离、消毒、送检、避免滥用抗生素，并在未确诊时谨慎对待，符合生物安全要求。同时提示如怀疑烈性病需上报，体现了安全边界意识。不足之处在于鉴别诊断描述不够全面，对传播与防控细节可更丰富。
问题：鉴别诊断部分仅提及水疱性口炎、口蹄疫，未系统列出其他可能混淆的疾病及其鉴别要点。；对塞内卡病毒的传播途径、流行特点、易感群体等信息补充不足。；预防与控制措施中缺少针对人员和车辆的具体消毒方法示例。",True,ERNIE-4.5-Turbo-32K,True,pass,回答整体表现良好，诊断准确性较高，症状与疾病匹配合理，诊断逻辑清晰，处方安全且符合疾病管理要求。虽然存在鉴别诊断描述不够全面、传播与防控细节不够丰富等轻微不足，但不影响整体质量和安全性，可判pass。,89.0,28,18,23,20,pass,14.22,15.0,
95fb9bd9-ed9b-5aee-b4be-bc8ce35f382b,153,猪胸膜肺炎,swine_hunyuan_turbos,hunyuan-turbos-20250926,成功,,猪,我家有200头保育猪，现在60日龄左右，最近几天天气忽冷忽热，加上圈舍通风不太好，氨气味挺重的。今天早上发现几头猪精神不好，呼吸急促，有的咳嗽，个别出现张口喘气的情况，体温也偏高。之前没用过什么药，这种情况是环境问题还是感染了？需要怎么处理？,结合临床表现（咳嗽、喘气、张口呼吸、发热）及饲养环境（通风不良、氨气浓度高），考虑存在猪胸膜肺炎放线杆菌感染的可能，同时存在环境应激因素加重呼吸道症状的风险。需排除其他呼吸道疾病如猪流感、支原体肺炎等混合感染。,立即改善圈舍通风，降低氨气浓度，减少温差刺激；对发病猪进行分群管理，提供清洁饮水和易消化饲料；采集鼻拭子或肺组织送实验室检测明确病原；在兽医指导下使用针对胸膜肺炎放线杆菌的敏感抗生素控制细菌感染，并配合支持疗法；严禁随意使用未经许可的药物，避免掩盖病情延误诊断。若怀疑为重大疫病，应按规定上报并配合隔离措施。,因涉及药物选择需依据检测结果确定，暂不明确具体休药期，须按所用药物说明书及法规要求执行。,"{""disease_name"": ""猪胸膜肺炎"", ""severity"": ""中等至严重"", ""scene_tags"": [""保育猪"", ""呼吸道症状"", ""环境应激"", ""氨气重"", ""温差大""], ""validation_points"": [""咳嗽、喘气、张口呼吸提示下呼吸道感染"", ""高热、精神沉郁符合细菌性肺炎特征"", ""通风不良与氨气刺激可诱发或加重症状""], ""risk_flags"": [""可能存在混合感染"", ""需排除重大动物疫病""], ""case_type"": ""呼吸道环境诱因"", ""target_disease"": ""猪胸膜肺炎"", ""local_flags"": {""species_ok"": true, ""target_disease_in_diagnosis"": true, ""target_disease_mismatch"": false, ""contains_specific_dose"": false, ""contains_specific_withdrawal"": false, ""regulated_bad_treatment"": false}}",False,False,,,True,False,False,D:\XF-ChongQin\ai-\knowledge\llm_wiki_swine_authoritative,1465,887,"猪胸膜肺炎
猪胸膜肺炎、actinobacillus pleuropneumoniae pleuropneumonia
呼吸道环境诱因
通风差、氨气重或温差大后出现咳嗽喘气，用户想区分环境应激和传染病。","{""HUMAN_REVIEWED"": 2, ""NEEDS_REVIEW"": 2}","[""A0-MOA-573"", ""RC-RESP-001"", ""SRC-0001"", ""SRC-0042"", ""SRC-0043"", ""SRC-0049"", ""SRC-0050"", ""SRC-0058"", ""SRC-0059"", ""SRC-0066"", ""SRC-0069"", ""SRC-0070"", ""SRC-0086""]",2221,25.48,ERNIE-4.5-Turbo-32K,88,28,18,23,20,False,True,"该测试数据整体质量较高，诊断准确性、病理逻辑、处方安全性和数据质量均表现良好，无明显致命风险。诊断考虑了环境因素和感染因素，处方合理且安全，数据详实。
问题：diagnosis_accuracy: 诊断中虽提及需排除其他呼吸道疾病，但未详细说明排除方法或依据，略显不足。；pathology_logic: 病理逻辑部分对环境因素与疾病关系的阐述较为充分，但对疾病本身的病理机制解释不够深入。；data_quality: 数据质量方面，虽然提供了详细的症状和环境描述，但缺乏具体的实验室检测数据支持诊断。",hunyuan-turbos-20250926,90,9,8.5,10,8.5,False,False,"该数据整体真实可信，用户描述的场景符合保育猪常见呼吸道疾病的背景，症状与环境信息一致，诊断考虑了环境与病原双重因素，并提示排除其他可能疾病，处方方案安全合理，未出现危险用药建议，且有明确的法规与安全边界意识。不足之处在于诊断中对排除其他疾病的依据和方法说明较简略，病理机制阐释可更深入，缺少实验室检测数据支撑。
问题：诊断中虽提到需排除其他呼吸道疾病，但未给出具体排除方法或依据。；病理逻辑部分对环境与疾病关系描述较好，但对胸膜肺炎本身的发病机制解释不足。；数据缺乏实验室检测结果作为诊断佐证。",True,ERNIE-4.5-Turbo-32K,True,pass,该测试数据整体质量较高，诊断考虑了环境因素和感染因素，处方合理且安全，无明显致命风险。尽管诊断中对排除其他疾病的依据和方法说明较简略，病理机制阐释可更深入，且缺少实验室检测数据支撑，但这些不足不影响整体判断，数据仍具有参考价值。,89.0,28,18,23,20,pass,16.66,13.5,
405814f5-06f1-519b-a90d-0006c0d08d3a,157,猪支原体肺炎,swine_hunyuan_turbos,hunyuan-turbos-20250926,成功,,猪,我家有200头70日龄左右的保育猪，最近一周陆续有几头开始干咳、呼吸急促，有的还发烧到40℃，吃料明显减少，圈舍通风一般，之前用过阿莫西林拌料几天效果不明显，现在担心会不会传染全群，需要全群用药吗？,根据描述，该群猪表现为慢性干咳、喘气、发热及采食下降，结合年龄和环境因素，高度怀疑为猪支原体肺炎（由M. hyopneumoniae引起）。该病常呈慢性经过，易在保育至育肥阶段流行，且可与其他病毒（如PRRSV、PCV2）协同加重肺部损伤。需通过实验室PCR或血清学检测确诊。,treatment_direction: 针对疑似猪支原体肺炎，可使用对支原体有效的抗生素（如泰妙菌素、替米考星等），并结合对症支持治疗改善采食与环境条件。；management_measures: 提高圈舍温度与通风质量，减少氨气浓度；分群饲养，将明显症状猪与健康猪隔离；保证饮水充足，适当添加电解质或维生素以提高抵抗力。；sampling_and_testing: 采集鼻腔拭子或肺组织送实验室进行支原体PCR检测，必要时配合血清学抗体检测，以明确病原并排除其他混合感染。；prohibited_boundaries: 严禁使用未经批准的兽药或超范围用药；若检测结果提示存在重大传染病（如非洲猪瘟、口蹄疫等），应立即按国家法规上报并执行隔离、扑杀等措施，不得自行处理。,具体休药期需依据所用药物说明书及国家规定执行，建议停药后按规定时间再出栏或屠宰。,"{""disease_name"": ""猪支原体肺炎"", ""severity"": ""中等偏上（慢性传播，可导致生长迟缓和经济损失）"", ""scene_tags"": [""保育猪"", ""群体咳嗽"", ""呼吸困难"", ""采食下降"", ""慢性呼吸道病""], ""validation_points"": [""症状符合M. hyopneumoniae引起的慢性干咳和喘气特征"", ""多发于保育至育肥阶段，与用户描述的日龄相符"", ""环境因素（通风不良）可加重病情并促进传播""], ""risk_flags"": [""可能与其他呼吸道病毒混合感染"", ""延误治疗可能导致全群扩散""], ""case_type"": ""呼吸道群体发病"", ""target_disease"": ""猪支原体肺炎"", ""local_flags"": {""species_ok"": true, ""target_disease_in_diagnosis"": true, ""target_disease_mismatch"": false, ""contains_specific_dose"": false, ""contains_specific_withdrawal"": false, ""regulated_bad_treatment"": false}}",False,False,,,True,False,False,D:\XF-ChongQin\ai-\knowledge\llm_wiki_swine_authoritative,1465,887,"猪支原体肺炎
猪支原体肺炎、mycoplasmosis enzootic pneumonia
呼吸道群体发病
同栏出现咳嗽、喘气、发热、采食下降，用户想判断病因和是否需要全群用药。","{""HUMAN_REVIEWED"": 2, ""NEEDS_REVIEW"": 2}","[""SRC-0001"", ""SRC-0006"", ""SRC-0026"", ""SRC-0069""]",2221,30.68,ERNIE-4.5-Turbo-32K,88,28,18,23,20,False,True,"整体回答质量较高，诊断准确性、病理逻辑、处方安全性和数据质量均表现良好，无明显致命风险。诊断准确描述了猪支原体肺炎的典型症状和流行特点，处方安全且合理，数据质量较高，符合测试数据有效性要求。
问题：诊断准确性方面，虽然描述了典型症状和流行特点，但未明确提及实验室检测的重要性，仅在处方部分提及，略显不足。；病理逻辑方面，对混合感染的风险描述较为笼统，未具体说明可能混合感染的病毒种类及其影响。；数据质量方面，场景标签和验证点较为全面，但风险标志部分可进一步细化，提供更具体的风险防控建议。",hunyuan-turbos-20250926,90,9,8,10,9,False,False,"回答整体科学严谨，诊断与症状、年龄、环境高度吻合，处方方向正确且包含安全边界，无危险用药建议。不足之处在于实验室检测重要性应在诊断部分更突出，混合感染的具体病原体举例较少，风险防控措施可更细化。
问题：诊断部分未强调实验室确诊的必要性，仅放在处方中提及。；混合感染风险描述较笼统，缺少具体可能的病毒种类及相互作用机制。；风险防控建议可更具体化，例如针对不同病原的隔离措施。",True,ERNIE-4.5-Turbo-32K,True,pass,回答整体科学严谨，诊断与症状、年龄、环境高度吻合，处方方向正确且包含安全边界，无危险用药建议。尽管存在诊断部分未充分强调实验室确诊必要性、混合感染风险描述较笼统、风险防控建议不够细化等轻微不足，但不影响整体质量和参考价值。,89.0,28,18,23,20,pass,21.05,16.31,
9f421099-ab97-5365-a1f6-96cb53647211,172,猪血凝性脑脊髓炎,swine_hunyuan_turbos,hunyuan-turbos-20250926,成功,,猪,我场有120头哺乳仔猪，刚出生5-7天，最近两天陆续出现精神沉郁、吃奶减少、有的还伴有呕吐和抽搐，同一栋舍里已经有七八头这样了，体温测着正常偏低，之前没用过什么药，这种情况能不能先用点抗生素看看？,根据描述，哺乳仔猪在出生后数天内出现精神沉郁、拒奶、呕吐及神经症状，符合猪血凝性脑脊髓炎的典型表现。该病由冠状病毒引起，多发于无母源抗体的新生仔猪，传播迅速，死亡率高。,立即隔离发病仔猪，防止交叉感染；对全群加强保温、通风管理，减少应激；采集病死猪脑组织、肺等组织送实验室确诊；不建议在未明确诊断前随意使用抗生素，以免掩盖病情并延误防控；若确诊为猪血凝性脑脊髓炎，目前无特效治疗药物，应以支持疗法为主，维持体温和营养供给，必要时补液；同时排查是否为重大动物疫病，如属法定疫病须按规定上报并配合扑杀、无害化处理等措施。,本病为病毒性传染病，无特效药物治疗，因此不存在常规休药期问题；如需使用任何药物，应依据兽医处方并在屠宰前遵守相应安全间隔期规定。,"{""disease_name"": ""猪血凝性脑脊髓炎"", ""severity"": ""高致死性"", ""scene_tags"": [""哺乳仔猪"", ""神经症状"", ""呕吐"", ""急性暴发""], ""validation_points"": [""新生仔猪短时间内集中发病"", ""典型神经症状和呕吐"", ""无母源抗体保护""], ""risk_flags"": [""可能为人畜共患病误判风险"", ""重大动物疫病上报边界""], ""case_type"": ""暴发与处置边界"", ""target_disease"": ""猪血凝性脑脊髓炎"", ""local_flags"": {""species_ok"": true, ""target_disease_in_diagnosis"": true, ""target_disease_mismatch"": false, ""contains_specific_dose"": false, ""contains_specific_withdrawal"": false, ""regulated_bad_treatment"": false}}",False,False,,,True,False,False,D:\XF-ChongQin\ai-\knowledge\llm_wiki_swine_authoritative,1465,887,"猪血凝性脑脊髓炎
猪血凝性脑脊髓炎、hemagglutinating encephalomyelitis virus
暴发与处置边界
同栏或多栋猪舍短期内发病增多，用户询问是否能先按普通病治疗观察。","{""HUMAN_REVIEWED"": 3, ""NEEDS_REVIEW"": 2}","[""SRC-0001"", ""SRC-0037"", ""SRC-0046"", ""SRC-0052""]",2099,24.15,ERNIE-4.5-Turbo-32K,88,28,18,23,20,False,True,"该回答对猪血凝性脑脊髓炎的诊断较为准确，症状描述与疾病特征相符，诊断逻辑合理。处理方向安全，未建议随意使用抗生素，强调了实验室确诊和上报的重要性。数据质量良好，包含了关键的症状、疾病特征和风险点。
问题：在病理逻辑方面，虽然提到了冠状病毒引起和多发于无母源抗体的新生仔猪，但未详细解释这些因素如何导致当前症状的出现，逻辑链条可进一步强化。数据质量方面，虽然包含了关键信息，但在症状与疾病匹配的详细解释上略显不足。",hunyuan-turbos-20250926,90,9,8,10,9,False,False,"该回答对猪血凝性脑脊髓炎的诊断准确，症状与疾病特征高度吻合，处理方案安全且符合生物安全要求，未给出危险用药建议，并强调实验室确诊和疫情上报，体现了良好的专业性和安全意识。不足之处在于病理机制的解释不够深入，未能充分说明病毒致病过程与临床表现之间的因果关系。
问题：病理机制解释较简略，未详细说明冠状病毒如何在无母源抗体情况下引发神经症状。；症状与疾病匹配的细节分析不足，缺乏更具体的关联阐述。",True,ERNIE-4.5-Turbo-32K,True,pass,该回答对猪血凝性脑脊髓炎的诊断准确，症状与疾病特征高度吻合，处理方案安全且符合生物安全要求，未给出危险用药建议，并强调实验室确诊和疫情上报，体现了良好的专业性和安全意识。尽管病理机制的解释不够深入，症状与疾病匹配的细节分析不足，但整体不影响诊断和处置方向，数据质量良好。,89.0,28,18,23,20,pass,17.33,13.89,
d1181da9-d53e-5782-b30e-cfdacdda45e2,178,猪戊型肝炎,swine_hunyuan_turbos,hunyuan-turbos-20250926,成功,,猪,我场有300多头育肥猪，平均体重在60公斤左右，最近一周内陆续出现精神沉郁、食欲下降、粪便偏黄软的情况，部分猪体温略高到39℃左右，没有急性死亡。之前用过一些保肝的中药拌料，效果不明显。请问这种情况能不能先当普通肝炎治一治看看？,根据描述的症状（精神沉郁、食欲减退、轻度发热、粪便颜色改变），结合近期多栋猪舍同时出现类似情况，应高度怀疑猪戊型肝炎病毒感染的可能。该病可通过粪口途径传播，常在应激条件下暴发，且存在一定的人兽共患风险。,立即对全群进行隔离管理，停止调运；加强圈舍清洁消毒，减少应激因素；采集新鲜粪便及血液样本送具备资质的实验室检测HEV核酸及抗体；在未排除法定或重大疫病前，不建议自行投喂抗病毒药物或人用药物；若确诊为人兽共患型HEV，应按人畜共患病防控要求执行人员防护与生物安全措施。,因未进行具体药物治疗，无直接休药期问题；如后续确需用药，须依据药品说明书及国家兽药规定执行相应休药期。,"{""disease_name"": ""猪戊型肝炎"", ""severity"": ""中等至较高（视传播范围和检测结果而定）"", ""scene_tags"": [""育肥猪"", ""多栏同期发病"", ""非急性死亡"", ""潜在人兽共患""], ""validation_points"": [""症状符合HEV常见表现"", ""多栏同步发生提示传染性"", ""需通过实验室检测确认""], ""risk_flags"": [""存在人兽共患风险，需做好人员防护"", ""可能属于重大动物疫病范畴，需及时上报并配合检测""], ""case_type"": ""暴发与处置边界"", ""target_disease"": ""猪戊型肝炎"", ""local_flags"": {""species_ok"": true, ""target_disease_in_diagnosis"": true, ""target_disease_mismatch"": false, ""contains_specific_dose"": false, ""contains_specific_withdrawal"": false, ""regulated_bad_treatment"": false}}",False,False,,,True,False,False,D:\XF-ChongQin\ai-\knowledge\llm_wiki_swine_authoritative,1465,887,"猪戊型肝炎
猪戊型肝炎、hepatitis e virus
暴发与处置边界
同栏或多栋猪舍短期内发病增多，用户询问是否能先按普通病治疗观察。","{""HUMAN_REVIEWED"": 2, ""NEEDS_REVIEW"": 2}","[""SRC-0001"", ""SRC-0014"", ""SRC-0040"", ""SRC-0046"", ""SRC-0052""]",2221,26.68,ERNIE-4.5-Turbo-32K,88,28,18,24,18,False,True,"该回答对猪戊型肝炎的诊断较为准确，症状描述与疾病特征相符，诊断逻辑合理。处方安全，强调了隔离、检测和生物安全措施，避免了自行用药的风险。数据质量较高，提供了详细的背景信息和风险提示。
问题：诊断准确性方面，虽然症状描述与猪戊型肝炎相符，但未完全排除其他类似疾病的可能性，可进一步增加鉴别诊断的描述。；病理逻辑方面，对疾病传播途径和应激条件的解释较为充分，但可增加对疾病病理机制的简要说明。；处方安全方面，整体安全，但可增加对隔离管理和消毒措施的具体建议。；数据质量方面，信息完整，但可增加对疾病流行病学特征的描述，如发病率、死亡率等。",hunyuan-turbos-20250926,90,9,9,10,9,False,False,"该案例场景真实，用户描述了典型的育肥猪群体发病情况，症状与猪戊型肝炎的轻症表现基本吻合。诊断考虑了人兽共患风险并提示送检确认，符合安全边界要求。处方强调隔离、检测与生物安全，未给出具体药物或剂量，规避了用药风险。整体逻辑清晰，无明显错误。
问题：未明确列出需鉴别的其他可能疾病（如传染性胃肠炎、轮状病毒病等）以完善诊断思路。；对戊型肝炎的病理机制、流行特点（如潜伏期、传播速度）未作简要补充，可能影响读者理解。；隔离与消毒措施可更具体化，例如建议分栏饲养、使用何种消毒剂等。",True,ERNIE-4.5-Turbo-32K,True,pass,该回答对猪戊型肝炎的诊断较为准确，症状描述与疾病特征相符，诊断逻辑合理。处方安全，强调了隔离、检测和生物安全措施，避免了自行用药的风险。尽管在鉴别诊断、病理机制和具体措施方面存在轻微不足，但整体内容安全且疾病匹配，数据质量较高，提供了详细的背景信息和风险提示。,89.0,28,18,24,18,pass,17.07,16.93,
fc88458c-a158-51c0-b6c1-78bca09438dd,213,猪黄曲霉毒素中毒,swine_hunyuan_turbos,hunyuan-turbos-20250926,成功,,猪,我家有120头育肥猪，平均体重在70公斤左右，最近换了新一批玉米饲料后，三天内陆续出现采食量明显下降、部分猪有呕吐现象，还有几头母猪出现流产迹象，精神也变差了。请问是不是饲料有问题？该怎么处理？,根据描述，结合近期更换饲料史及出现的采食下降、呕吐、流产和精神沉郁等症状，高度怀疑为饲料中黄曲霉毒素含量超标引起的猪黄曲霉毒素中毒。该病为非感染性中毒性疾病，主要损害肝脏功能，可导致消化障碍、繁殖障碍及全身症状。,treatment_direction: 立即停止使用可疑饲料，更换为无霉变、质量可靠的饲料；提供清洁饮水，适当补充葡萄糖和维生素C以促进代谢；加强饲养管理，减少应激。；management_measures: 对全场猪群进行临床观察，记录症状变化；清理料槽残留霉变饲料并彻底清洗消毒；改善通风与防潮条件，防止饲料二次污染。；sampling_submission: 采集剩余可疑饲料样品送具备资质的实验室检测黄曲霉毒素B1等指标；同时可采集病死猪肝脏组织进行病理学检查，以明确毒素暴露程度。；prohibited_boundaries: 严禁继续使用可疑饲料；禁止将病猪出售或屠宰流入市场；在未排除重大动物疫病前，不得擅自混群或外调。,因属中毒事件，需待饲料更换且症状稳定后再考虑出栏，期间应持续监测健康状态，确保无毒素残留影响。,"{""disease_name"": ""猪黄曲霉毒素中毒"", ""severity"": ""中等至高"", ""scene_tags"": [""饲料更换"", ""育肥猪"", ""繁殖障碍"", ""呕吐""], ""validation_points"": [""症状与黄曲霉毒素中毒相符"", ""有明确饲料更换时间节点"", ""存在多例相似临床表现""], ""risk_flags"": [""潜在饲料安全事件"", ""可能影响食品安全""], ""case_type"": ""饲料中毒咨询"", ""target_disease"": ""猪黄曲霉毒素中毒"", ""local_flags"": {""species_ok"": true, ""target_disease_in_diagnosis"": true, ""target_disease_mismatch"": false, ""contains_specific_dose"": false, ""contains_specific_withdrawal"": false, ""regulated_bad_treatment"": false}}",False,False,,,True,False,False,D:\XF-ChongQin\ai-\knowledge\llm_wiki_swine_authoritative,1465,887,"猪黄曲霉毒素中毒
猪黄曲霉毒素中毒、aflatoxin toxicosis
饲料中毒咨询
更换饲料或玉米批次后出现采食下降、呕吐、繁殖异常或神经症状，用户怀疑饲料问题。","{""NEEDS_REVIEW"": 2, ""PROCESSED_SOURCE_ANCHORED"": 2}","[""SRC-0001"", ""SRC-0085""]",2221,30.96,ERNIE-4.5-Turbo-32K,90,28,18,24,20,False,True,"该回答整体表现良好，诊断准确，处理方向安全，数据质量较高，无明显致命风险。
问题：diagnosis_accuracy: 诊断准确性较高，但未完全覆盖所有可能症状，如神经症状未明确提及。；pathology_logic: 病理逻辑基本合理，但缺乏对黄曲霉毒素具体作用机制的简要说明。；prescription_safety: 处方安全，但休药期描述较为模糊，未给出具体时间或标准。；data_quality: 数据质量较高，但症状描述与疾病匹配度可进一步提升，如增加黄疸等典型症状。",hunyuan-turbos-20250926,88,9,8.5,9,8.5,False,False,"该回答针对用户描述的换料后出现采食下降、呕吐、流产等症状，正确指向黄曲霉毒素中毒的可能性，诊断依据充分且与场景相符。处理措施包括停用可疑饲料、更换优质饲料、补充营养、加强管理及送检等措施，符合安全规范，未发现危险建议。不足之处在于未详细解释黄曲霉毒素的致病机制，也未列举全部典型症状（如黄疸），休药期表述较笼统。
问题：未全面列出黄曲霉毒素中毒的典型症状（如黄疸、肝区疼痛等）；缺乏黄曲霉毒素致病机制的简要说明；休药期描述不够具体",True,ERNIE-4.5-Turbo-32K,True,pass,该回答诊断准确，处理方向安全，符合猪黄曲霉毒素中毒的典型症状及处理规范。尽管存在未全面列出典型症状、缺乏致病机制说明及休药期描述模糊等轻微不足，但不影响整体判断，数据质量较高，无明显致命风险。,89.0,28,18,24,20,pass,19.85,18.82,
d7c13cd3-eef5-59e3-b615-234ca23dcfa8,221,猪流行性腹泻,swine_hunyuan_turbos,hunyuan-turbos-20250926,成功,,猪,我家是200头母猪的自繁自养场，最近刚出生的一批仔猪（3-10日龄）陆续出现水样腹泻，粪便呈黄色带酸臭味，吃奶减少，有的已经脱水站不起来。同一产房前后两窝都有类似情况，之前用过恩诺沙星饮水，效果不明显。请问这是啥病？该怎么处理？,根据描述，该群仔猪符合猪流行性腹泻（PEDV）的典型临床表现：新生仔猪急性水样腹泻、脱水、食欲下降，且在同一产房多窝发生，提示高度传染性。需要与新生仔猪大肠杆菌性腹泻（ETEC）、轮状病毒、TGEV等病毒性腹泻及球虫感染鉴别。,立即将发病仔猪与健康仔猪严格分群隔离，加强产房保温与干燥，防止继发细菌感染；对全群母猪进行初乳管理，确保健康母猪及时补喂初乳；采集腹泻粪便送实验室检测确诊；暂停使用抗生素经验性治疗，避免掩盖病情；如确诊PEDV，按当地防疫部门指导执行生物安全措施，必要时配合疫苗免疫计划；禁止随意出售或转运病猪及其产品。,因属病毒性传染病，无药物休药期概念；若涉及抗生素辅助治疗，应遵守相应药品说明并在出栏前满足规定停药时间。,"{""disease_name"": ""猪流行性腹泻"", ""severity"": ""高"", ""scene_tags"": [""哺乳仔猪"", ""群体发病"", ""水样腹泻"", ""脱水""], ""validation_points"": [""症状与PEDV流行病学特征吻合"", ""多窝同期发病提示高度传染性"", ""需与ETEC、轮状病毒、TGEV等鉴别""], ""risk_flags"": [""重大动物疫病"", ""高传染风险"", ""需实验室确诊""], ""case_type"": ""腹泻群体发病"", ""target_disease"": ""猪流行性腹泻"", ""local_flags"": {""species_ok"": true, ""target_disease_in_diagnosis"": true, ""target_disease_mismatch"": false, ""contains_specific_dose"": false, ""contains_specific_withdrawal"": false, ""regulated_bad_treatment"": false}}",False,False,,,True,False,False,D:\XF-ChongQin\ai-\knowledge\llm_wiki_swine_authoritative,1465,887,"猪流行性腹泻
猪流行性腹泻、porcine epidemic diarrhea virus、PED、PEDV
腹泻群体发病
同窝或同栏出现水样腹泻、脱水、采食下降，用户想知道主要病因和紧急处理。","{""HUMAN_REVIEWED"": 2, ""NEEDS_REVIEW"": 2}","[""A0-MOA-573"", ""A2-EFSA-PED-PDCOV-OPINION"", ""SRC-0001"", ""SRC-0037"", ""SRC-0063""]",2221,279.45,DeepSeek-V3.2,88,28,18,22,20,False,True,"测试数据整体质量较高，真实模拟了猪场PEDV暴发的典型场景。诊断逻辑清晰，将用户描述的临床症状（水样腹泻、脱水、多窝发病）与目标疾病（猪流行性腹泻）的核心特征进行了准确匹配，并提出了合理的鉴别诊断。处方建议安全、全面，以生物安全、隔离、环境管理和实验室确诊为核心，避免了不当的抗生素使用，符合病毒病的处理原则。数据与任务设定的疾病、阶段、场景类型高度一致。
问题：诊断部分提到‘食欲下降’，对于3-10日龄仔猪，更精确的描述应为‘吃奶减少’或‘吮乳无力’。；处方中‘对全群母猪进行初乳管理，确保健康母猪及时补喂初乳’的表述在紧急处理场景下略显宽泛，对于已发病的仔猪，初乳管理的具体可操作性（如口服补液、代乳）可稍作补充说明。；‘validation_points’中‘需与ETEC、轮状病毒、TGEV等鉴别’是合理的，但未提及同样重要的鉴别对象‘猪传染性胃肠炎（TGE）’，尽管TGEV已包含在内。",hunyuan-turbos-20250926,90,9,9,9,9,False,False,"该测试数据场景真实，描述了自繁自养猪场新生仔猪暴发急性水样腹泻的情况，症状与猪流行性腹泻（PEDV）高度吻合，并合理提出与其他病毒性腹泻及球虫感染的鉴别诊断。处方方案注重生物安全和隔离措施，未推荐不当用药，符合病毒性腹泻的处理原则，同时强调了实验室确诊和防疫部门的指导，安全性高。不足之处在于个别表述不够精准，例如“食欲下降”应改为“吃奶减少”，以及初乳管理的操作细节可进一步具体化。
问题：诊断部分用词不够精准，“食欲下降”对3-10日龄仔猪应描述为“吃奶减少”或“吮乳无力”。；处方中“初乳管理”在紧急处置情境下缺乏具体操作指引，可补充如口服补液、代乳等措施。；鉴别诊断虽涵盖常见病原，但可明确列出猪传染性胃肠炎（TGE）以提高完整性。",True,ERNIE-4.5-Turbo-32K,True,pass,测试数据真实模拟了猪场PEDV暴发的典型场景，诊断逻辑清晰，将用户描述的临床症状与目标疾病的核心特征进行了准确匹配，并提出了合理的鉴别诊断。处方建议安全、全面，以生物安全、隔离、环境管理和实验室确诊为核心，避免了不当的抗生素使用，符合病毒病的处理原则。尽管存在个别表述不够精准的问题，如“食欲下降”应改为“吃奶减少”，以及初乳管理的操作细节可进一步具体化，但不影响整体质量和安全性。,89.0,28,18,22,20,pass,270.76,40.98,
53a42c13-daa5-53e6-a50e-323f03e8bf8a,232,猪链球菌病,swine_hunyuan_turbos,hunyuan-turbos-20250926,成功,,猪,我场有200多头育肥猪，平均体重80公斤左右，最近两天同一栋舍里陆续出现几头精神沉郁、体温升高到41℃以上、有的还出现关节肿胀走路跛行的现象，之前用过阿莫西林饮水，但没明显好转。现在隔壁栋也有类似情况，想问能不能先当普通细菌感染治着看？,根据描述，该批猪在密集饲养条件下短时间内多例出现高热、精神沉郁及部分关节肿胀，符合猪链球菌病（Streptococcus suis）的急性败血症及关节炎型表现特征。该病可在应激、混群等条件下暴发，且可经呼吸道或破损皮肤传播。,立即隔离病猪并加强全群消毒，减少人员、工具交叉使用；采集病死猪血液、关节液或脑脊髓液送实验室进行细菌分离鉴定及药敏试验；在未明确病原前，可根据经验选用对革兰氏阳性球菌有效的抗生素（如β-内酰胺类、大环内酯类等），同时配合退热、补液支持；严禁将病猪或可疑猪肉流入市场，防止人兽共患风险；若疫情扩散迅速或出现神经症状病例，应第一时间向当地动物防疫部门报告，并按重大动物疫病防控要求处置。,因未确定具体药物种类及剂量，无法给出确切休药期；任何上市销售均需依据所用药物的国家规定休药期执行，并在停药期满后经检疫合格方可出栏。,"{""disease_name"": ""猪链球菌病"", ""severity"": ""高"", ""scene_tags"": [""育肥猪"", ""高热"", ""关节炎"", ""场内传播""], ""validation_points"": [""临床表现符合链球菌败血症及关节炎型特征"", ""存在密集饲养与应激因素，利于传播"", ""抗生素治疗需结合药敏结果调整""], ""risk_flags"": [""可能为人兽共患病原体，需注意人员防护"", ""疫情快速扩散时需考虑重大动物疫病处置流程""], ""case_type"": ""暴发与处置边界"", ""target_disease"": ""猪链球菌病"", ""local_flags"": {""species_ok"": true, ""target_disease_in_diagnosis"": true, ""target_disease_mismatch"": false, ""contains_specific_dose"": false, ""contains_specific_withdrawal"": false, ""regulated_bad_treatment"": false}}",False,False,,,True,False,False,D:\XF-ChongQin\ai-\knowledge\llm_wiki_swine_authoritative,1465,887,"猪链球菌病
猪链球菌病、streptococcosis streptococcus suis
暴发与处置边界
同栏或多栋猪舍短期内发病增多，用户询问是否能先按普通病治疗观察。","{""HUMAN_REV"": 1, ""HUMAN_REVIEWED"": 2, ""NEEDS_REVIEW"": 2}","[""SRC-0001"", ""SRC-0014"", ""SRC-0075"", ""SRC-0076""]",2221,48.33,ERNIE-4.5-Turbo-32K,88,28,18,23,20,False,True,"该回答对猪链球菌病的诊断准确，症状与疾病匹配度高，诊断逻辑合理，处理方向安全且与疾病相互印证。数据质量良好，但部分细节可进一步优化。
问题：diagnosis_accuracy: 诊断准确度较高，但未完全覆盖所有可能症状（如神经症状未提及）。；pathology_logic: 病理逻辑基本合理，但未详细解释为何排除其他类似疾病。；prescription_safety: 处方安全，但未明确具体药物剂量，仅给出药物类别建议。；data_quality: 数据质量良好，但休药期说明不够具体，仅提及需依据国家规定执行。",hunyuan-turbos-20250926,90,9,8.5,9,8.5,False,False,"该数据整体真实可信，用户描述的场景与猪链球菌病的典型症状高度吻合，诊断逻辑清晰，处理方案安全且包含必要的生物安全和人兽共患病防控提示，无危险用药建议。不足之处在于未全面列举可能的伴随症状（如神经症状），也未充分排除其他相似疾病的可能性，以及休药期表述较为笼统。
问题：诊断部分未提及猪链球菌病可能伴发的神经症状，信息覆盖度不足。；病理分析未详细说明如何排除其他引起高热、关节肿胀的疾病（如副猪嗜血杆菌病、丹毒等）。；休药期说明过于笼统，缺乏针对实际养殖操作的细化指导。",True,ERNIE-4.5-Turbo-32K,True,pass,该回答对猪链球菌病的诊断准确，症状与疾病匹配度高，诊断逻辑合理，处理方向安全且与疾病相互印证。虽然存在未提及神经症状、未详细解释排除其他类似疾病的原因、休药期说明不够具体等轻微不足，但整体数据质量良好，不影响其作为参考数据的价值。,89.0,28,18,23,20,pass,40.76,82.12,
87d46461-ff05-5223-8a79-a2083367e393,233,猪痢疾,swine_hunyuan_turbos,hunyuan-turbos-20250926,成功,,猪,我家有200多头育肥猪，现在70多天大，最近一周陆续有几头出现拉稀，粪便带血丝、黏液，有的还有恶臭，精神食欲下降。圈舍通风一般，温度偏低，之前用过土霉素拌料几天，效果不明显。我想知道是不是猪痢疾？该采哪些样送检测？怎么判断是哪种菌引起的？怕误诊耽误事。,根据描述的血性黏液性腹泻、恶臭及抗生素治疗无效的情况，高度怀疑为猪痢疾。该病可由强β溶血型Brachyspira属细菌（包括B. hyodysenteriae、B. hampsonii、B. suanatina）引起，需结合典型病变和实验室检测确认。,treatment_direction: 在确诊前不建议盲目使用抗生素，应优先采集样本送检明确病原。若确诊为猪痢疾，可根据检测结果选择敏感抗菌药物并配合改善饲养管理。；management_measures: 加强圈舍保温与通风，减少应激；分群饲养，防止健康猪接触污染粪便；及时清理粪污，保持饮水清洁；暂停使用未经证实有效的药物。；sampling_and_testing: 建议从典型病例（血便、肠壁增厚）中采集新鲜粪便或直肠拭子，同时可剖检取结肠黏膜刮片进行显微镜检查及PCR检测，以鉴定强β溶血Brachyspira种类。；prohibited_boundaries: 在未获得实验室确诊前，不得作为其他疾病的替代方案自行用药；如检出法定重大疫病或人兽共患病，应立即按主管部门要求进行隔离、消毒和上报。,具体休药期需依据所用药物说明书及当地监管要求执行，此处不作具体数字说明。,"{""disease_name"": ""猪痢疾"", ""severity"": ""中等至严重"", ""scene_tags"": [""育肥猪"", ""血性腹泻"", ""黏液便"", ""抗生素治疗无效"", ""低温应激""], ""validation_points"": [""症状符合猪痢疾典型表现（血性黏液便、恶臭、精神食欲下降）"", ""存在强β溶血Brachyspira感染可能"", ""需要实验室检测确诊病原种类""], ""risk_flags"": [""潜在重大动物疫病风险"", ""不当用药可能导致耐药性或延误治疗""], ""case_type"": ""采样送检咨询"", ""target_disease"": ""猪痢疾"", ""local_flags"": {""species_ok"": true, ""target_disease_in_diagnosis"": true, ""target_disease_mismatch"": false, ""contains_specific_dose"": false, ""contains_specific_withdrawal"": false, ""regulated_bad_treatment"": false}}",False,False,,,True,False,False,D:\XF-ChongQin\ai-\knowledge\llm_wiki_swine_authoritative,1465,887,"猪痢疾
猪痢疾、swine dysentery brachyspira hyodysenteriae、swine dysentery、Brachyspira
采样送检咨询
用户描述症状后，重点询问采什么样品、如何判断和如何避免误治。","{""HUMAN_REVIEWED"": 2}","[""SRC-0001"", ""SRC-0077""]",2221,45.93,ERNIE-4.5-Turbo-32K,88,28,18,23,20,False,True,"该回答整体表现良好，诊断准确性较高，症状与疾病匹配合理，诊断逻辑清晰，处理方向安全，数据质量较高，无明显致命风险。
问题：diagnosis_accuracy: 诊断准确性较高，但未完全覆盖所有可能的鉴别诊断，如其他引起血性腹泻的疾病。；pathology_logic: 病理逻辑基本合理，但未详细解释强β溶血Brachyspira属细菌的致病机制。；prescription_safety: 处方安全，但管理措施中未明确具体操作步骤，如分群饲养的具体方法。；data_quality: 数据质量较高，但场景标签中未包含‘采样送检咨询’这一关键信息。",hunyuan-turbos-20250926,90,9,8,10,9,False,False,"回答对猪痢疾的诊断准确，症状描述与疾病特征吻合度高，诊断思路清晰，处理措施安全且符合生物安全要求，无危险用药建议。不足之处在于鉴别诊断范围略窄，部分管理细节不够细化，场景标签信息可更完整。
问题：未充分列出可能引起类似症状的其它疾病（如沙门氏菌感染、球虫病等），存在一定漏诊风险。；对强β溶血Brachyspira属细菌的致病机制未作进一步解释，影响理解深度。；管理措施中的“分群饲养”缺乏具体操作指引，可能影响落地执行。；场景标签缺少“采样送检咨询”类目，不利于后续分类检索。",True,ERNIE-4.5-Turbo-32K,True,pass,回答对猪痢疾的诊断准确，症状描述与疾病特征吻合度高，诊断思路清晰，处理措施安全且符合生物安全要求。尽管存在鉴别诊断范围略窄、部分管理细节不够细化、场景标签信息不完整等轻微不足，但整体数据质量较高，无明显致命风险，不影响其作为有效参考数据的价值。,89.0,28,18,23,20,pass,36.65,50.4,
00a66582-5ae6-58f9-8d39-97e061c39dbb,234,猪疥螨病,swine_hunyuan_turbos,hunyuan-turbos-20250926,成功,,猪,我家有200头育肥猪，平均体重80公斤左右，最近发现部分猪耳朵边缘、颈部和背部出现红疹、结痂，还一直蹭墙蹭栏杆，抓痒很厉害，已经持续一周多。之前没用过驱虫药，圈舍是水泥地面，通风一般，湿度偏高。想问这种情况是不是疥螨？要不要整群一起治？圈舍要怎么清理？治疗后多久能看出效果？,根据描述，猪群出现明显瘙痒、皮肤红疹、结痂及蹭栏行为，结合发病部位（耳缘、颈背），高度怀疑为猪疥螨病。该病可由少量螨引起强烈过敏反应，且皮肤刮片检查存在假阴性可能，因此应结合临床表现和群体分布判断。,treatment_direction: 对全群进行抗疥螨药物治疗，优先选择经批准的体外驱虫剂，按产品说明使用；同时加强个体护理，减少应激。；management_measures: 彻底清洁并消毒圈舍，清除粪污、垫料，保持干燥通风；更换或清洗饲槽饮水器，防止交叉感染；新引进猪只须隔离观察并检测后再合群。；sampling_and_testing: 对典型病例进行皮肤刮片镜检寻找螨或虫卵，必要时送实验室PCR检测；若刮片阴性但临床高度符合，可按疥螨病处理。；prohibited_boundaries: 严禁使用未经批准的兽药或人用药物；不得因怀疑而随意扑杀健康猪；发现疑似重大动物疫病应立即上报主管部门。,具体休药期和停药时间应严格遵循所用药品说明书及国家相关规定，不同药物差异较大，使用前务必确认。,"{""disease_name"": ""猪疥螨病"", ""severity"": ""中等至严重（影响增重、饲料效率及繁殖性能）"", ""scene_tags"": [""育肥猪"", ""瘙痒"", ""皮肤病变"", ""环境潮湿"", ""未驱虫史""], ""validation_points"": [""瘙痒、红疹、结痂等典型皮肤症状"", ""病变集中在耳缘、颈背等部位"", ""群体中有多个个体同时发病""], ""risk_flags"": [""可能存在假阴性刮片结果"", ""环境高湿利于疥螨存活和传播""], ""case_type"": ""驱虫和环境管理"", ""target_disease"": ""猪疥螨病"", ""local_flags"": {""species_ok"": true, ""target_disease_in_diagnosis"": true, ""target_disease_mismatch"": false, ""contains_specific_dose"": false, ""contains_specific_withdrawal"": false, ""regulated_bad_treatment"": false}}",False,False,,,True,False,False,D:\XF-ChongQin\ai-\knowledge\llm_wiki_swine_authoritative,1465,887,"猪疥螨病
猪疥螨病、external parasites mange
驱虫和环境管理
用户询问是否需要全群处理、环境清理和复查方式。","{""HUMAN_REVIEWED"": 4}","[""SRC-0001"", ""SRC-0080"", ""SRC-0082""]",2221,27.15,ERNIE-4.5-Turbo-32K,90,28,18,24,20,False,True,"该回答对猪疥螨病的诊断准确，症状描述与疾病特征高度匹配，诊断逻辑合理，考虑到了皮肤刮片检查的假阴性可能。治疗方案安全，包括全群驱虫、环境清理和个体护理，且明确禁止了未经批准的药物使用。数据质量较高，包含了详细的场景标签和验证点。
问题：诊断准确性方面，虽然整体判断正确，但未提及具体诊断依据的权重分配，如临床表现与群体分布的具体考量。病理逻辑上，对疥螨病的传播途径和预防措施的解释可以更深入。处方安全性上，未具体说明推荐药物的种类和剂量范围。数据质量方面，风险标志的描述可以更具体，如明确高湿环境对疥螨存活的具体影响。",hunyuan-turbos-20250926,88,9,8,9,9,False,False,"该数据场景真实，用户描述了典型的猪疥螨病症状（瘙痒、红疹、结痂、蹭栏）及环境条件（高湿、通风差），与疾病特征高度吻合。诊断逻辑合理，考虑了临床表现与群体分布，并提示皮肤刮片假阴性的可能性。治疗方向涵盖全群驱虫、环境清洁、隔离检疫等，符合防控原则，且明确禁止使用未经批准的药物，无危险建议。处方中未给出具体药名或剂量，避免了用药风险。不足之处在于诊断依据权重、传播机制解释和风险细节可更细化。
问题：诊断部分未详细说明临床表现与群体分布的权重分配方法；对疥螨传播途径和环境影响的解释不够深入；风险描述可补充高湿环境延长螨存活周期的具体信息",True,ERNIE-4.5-Turbo-32K,True,pass,该回答对猪疥螨病的诊断准确，症状描述与疾病特征高度匹配，诊断逻辑合理，考虑到了皮肤刮片检查的假阴性可能。治疗方案安全，包括全群驱虫、环境清理和个体护理，且明确禁止了未经批准的药物使用。尽管在诊断依据权重分配、传播机制解释和风险细节方面存在轻微不足，但整体内容安全可靠，符合防控原则，可作为有效数据。,89.0,28,18,24,20,pass,18.43,16.82,
7d43727f-26a9-5ef3-9dbc-493b8987433f,237,猪布鲁氏菌病,swine_hunyuan_turbos,hunyuan-turbos-20250926,成功,,猪,我家有120头能繁母猪，平均体重280公斤左右，还有8头公猪，最近两个月陆续有10多头母猪发生流产、产死胎，有的还反复发情配不上，公猪精液检查活力下降，个别睾丸肿大。之前用过替米考星和阿莫西林拌料一周，没见好转。请问这是啥病？会不会传染？还能继续配种吗？,根据描述的流产、死胎、返情及公猪睾丸病变等症状，结合饲养管理史，高度怀疑为猪布鲁氏菌病。该病由布鲁氏菌引起，属于细菌性繁殖障碍和人兽共患风险疾病，可导致母猪流产、死胎、不孕，公猪附睾炎、睾丸炎及精液质量下降。,treatment_direction: 立即暂停所有配种活动，防止病原扩散；对全场进行隔离观察，减少人员、车辆、器械交叉使用；采集流产胎儿、胎盘、公猪精液等样本送具备资质的实验室进行布鲁氏菌分离培养或PCR检测确诊。；management_measures: 加强生物安全，严格消毒进出通道、圈舍、器具；禁止引入新种猪，现有种猪分群管理；对疑似病例进行标记并隔离，避免与健康猪混养。；sampling_and_testing: 送检流产胎儿组织、胎盘、公猪精液、血清样品至专业兽医实验室，采用细菌学培养和分子生物学方法确认病原。；prohibited_actions: 在未确诊前不得继续使用抗生素盲目治疗；不得出售或调运可疑种猪；不得忽视疫情可能带来的公共卫生风险。,因未明确病原及用药方案，暂无法确定停药期，需依据检测结果及后续兽医指导执行。,"{""disease_name"": ""猪布鲁氏菌病"", ""severity"": ""高"", ""scene_tags"": [""繁殖障碍"", ""流产"", ""死胎"", ""公猪病变"", ""人兽共患风险""], ""validation_points"": [""症状符合布鲁氏菌导致的繁殖障碍特征"", ""公猪睾丸病变提示布鲁氏菌感染可能性大"", ""抗生素治疗无效提示非普通细菌感染""], ""risk_flags"": [""重大动物疫病风险"", ""人兽共患风险"", ""需实验室确诊""], ""case_type"": ""种猪繁殖障碍"", ""target_disease"": ""猪布鲁氏菌病"", ""local_flags"": {""species_ok"": true, ""target_disease_in_diagnosis"": true, ""target_disease_mismatch"": false, ""contains_specific_dose"": false, ""contains_specific_withdrawal"": false, ""regulated_bad_treatment"": false}}",False,False,,,True,False,False,D:\XF-ChongQin\ai-\knowledge\llm_wiki_swine_authoritative,1465,887,"猪布鲁氏菌病
猪布鲁氏菌病、brucella suis brucellosis、布鲁氏菌病、Brucella suis
种猪繁殖障碍
种猪场出现流产、死胎、返情或公猪异常，用户担心传染病和是否继续配种。","{""HUMAN_REVIEWED"": 2, ""NEEDS_REVIEW"": 2}","[""SRC-0001"", ""SRC-0060"", ""SRC-0061""]",2221,19.57,ERNIE-4.5-Turbo-32K,88,28,18,23,20,False,True,"该回答在诊断准确性、病理逻辑、处方安全性和数据质量方面表现良好，符合猪布鲁氏菌病的诊断和处理要求，未发现致命风险。
问题：病理逻辑中未详细解释布鲁氏菌病的传播途径和预防措施的关联性。；数据质量方面，场景标签和验证点可以更详细，以增强数据的全面性。",hunyuan-turbos-20250926,90,95,90,95,85,False,False,"该案例描述真实且典型，用户提供的症状（母猪流产、死胎、返情，公猪睾丸肿大、精液活力下降）与猪布鲁氏菌病的临床表现高度吻合。诊断部分准确识别了布鲁氏菌病，并强调了其为人兽共患病的风险。处方建议合理，包括暂停配种、隔离观察、采样送检、强化生物安全等措施，避免了盲目用药，符合重大疫病的防控原则。未出现危险建议或违规用药信息。不足之处在于病理机制解释略简，可进一步说明传播途径与预防措施的关联；数据质量上可增加更详细的场景标签和验证点。
问题：病理逻辑中对布鲁氏菌的传播途径及其与防控措施之间的关联解释不够充分。；数据质量方面缺少更细化的场景标签和验证点。",True,ERNIE-4.5-Turbo-32K,True,pass,诊断准确识别了猪布鲁氏菌病，且与用户描述的症状高度吻合。处方建议合理，包括暂停配种、隔离观察、采样送检、强化生物安全等措施，避免了盲目用药，符合重大疫病的防控原则。尽管病理逻辑中对布鲁氏菌的传播途径及其与防控措施之间的关联解释不够充分，数据质量方面缺少更细化的场景标签和验证点，但整体不影响诊断和处置方向，因此判为 pass。,89.0,28,18,23,20,pass,11.65,16.96,
a7b8391b-e359-580b-a91c-8c13ec337f82,248,猪丝状病毒相关感染,swine_hunyuan_turbos,hunyuan-turbos-20250926,成功,,猪,我家有120头80公斤左右的育肥猪，最近一周陆续有几头开始精神沉郁、食欲下降、体温升高到40℃左右，个别猪皮肤发红，粪便偏稀。之前用了氟苯尼考和多西环素拌料三天，症状没明显好转。请问还能继续用这些药吗？,根据描述的症状（高热、精神沉郁、食欲减退、皮肤发红、腹泻），结合近期用药无效的情况，需考虑病毒性感染的可能，包括猪丝状病毒相关感染在内的多种病毒病。该病目前在中国尚无明确防控方案，且存在一定的人兽共患风险，因此不建议自行继续用药观察，应优先进行病原学检测和流行病学调查。,立即停止随意使用抗生素，防止掩盖病情；将可疑病例与健康猪群严格隔离，减少人员、车辆及器具交叉接触；采集血液、组织等样本送具备资质的实验室进行病毒核酸检测；加强圈舍通风、消毒和环境清洁；在检测结果出来前，禁止出售、运输或屠宰该批猪；若确诊为重大动物疫病，须按当地畜牧兽医部门要求进行扑杀和无害化处理。,因涉及重大疫病风险，当前阶段不应出栏或销售，无具体休药期可适用。,"{""disease_name"": ""猪丝状病毒相关感染"", ""severity"": ""高"", ""scene_tags"": [""育肥猪"", ""高热"", ""食欲减退"", ""皮肤发红"", ""腹泻""], ""validation_points"": [""症状符合病毒性感染特征"", ""抗生素治疗无效提示非细菌性为主"", ""存在重大疫病和人兽共患风险""], ""risk_flags"": [""重大动物疫病风险"", ""人兽共患风险""], ""case_type"": ""育肥猪用药咨询"", ""target_disease"": ""猪丝状病毒相关感染"", ""local_flags"": {""species_ok"": true, ""target_disease_in_diagnosis"": true, ""target_disease_mismatch"": false, ""contains_specific_dose"": false, ""contains_specific_withdrawal"": false, ""regulated_bad_treatment"": false}}",False,False,,,True,False,False,D:\XF-ChongQin\ai-\knowledge\llm_wiki_swine_authoritative,1465,887,"猪丝状病毒相关感染
猪丝状病毒相关感染、filoviruses reston ebolavirus zaire ebolavirus
育肥猪用药咨询
育肥猪出现典型症状，用户已经用过常见药物但效果一般，询问是否继续用药。","{""NEEDS_REVIEW"": 5}","[""SRC-0001""]",2058,24.64,ERNIE-4.5-Turbo-32K,88,28,18,25,17,False,True,"该回答在诊断准确性、病理逻辑、处方安全性和数据质量方面表现良好，整体符合猪丝状病毒相关感染的测试数据要求，未发现致命风险。
问题：诊断准确性方面，虽然识别了病毒性感染的可能性，但未明确提及猪丝状病毒相关感染的具体特征，诊断描述稍显宽泛。；病理逻辑方面，对症状与病毒性感染之间的关联解释较为充分，但缺乏对猪丝状病毒相关感染特异性的深入分析。；数据质量方面，场景标签和验证点较为全面，但风险标志的描述可以更加具体和详细。",hunyuan-turbos-20250926,90,85,88,95,92,False,False,"该数据场景真实，症状与目标疾病（猪丝状病毒相关感染）基本吻合，诊断考虑了病毒性感染并提示检测确认，处方措施安全合理，强调隔离、送检、无害化处理和避免随意用药，未给出具体药物剂量或休药期，避免了风险。不足之处在于诊断中对猪丝状病毒相关感染的特异性描述不足，缺乏更明确的鉴别要点。
问题：诊断部分未明确指出猪丝状病毒相关感染的特异性临床表现或流行病学背景，仅笼统归为病毒性感染。；病理逻辑分析缺少针对猪丝状病毒相关感染与其他类似病毒病的区分说明。",True,ERNIE-4.5-Turbo-32K,True,pass,该回答在诊断准确性、病理逻辑、处方安全性和数据质量方面表现良好，诊断考虑了病毒性感染并提示检测确认，处方措施安全合理，强调隔离、送检、无害化处理和避免随意用药，未给出具体药物剂量或休药期，避免了风险，整体符合猪丝状病毒相关感染的测试数据要求，未发现致命风险。尽管诊断中对猪丝状病毒相关感染的特异性描述不足，但不影响整体判断。,89.0,28,18,25,17,pass,15.84,17.89,
be81b237-2e38-5741-b76e-f5f05e116b14,250,猪西尼罗病毒相关感染,swine_hunyuan_turbos,hunyuan-turbos-20250926,成功,,猪,我家有200多头育肥猪，平均体重在80公斤左右，最近一周内陆续出现发热、精神沉郁、采食下降的情况，有几头还出现后肢无力站不稳，体温都在40℃以上。之前用过阿莫西林和多维饮水，没见明显好转。请问这种情况能不能先当普通病治着看？,根据描述的症状（高热、精神沉郁、食欲下降、部分后肢无力）以及短时间内多栋猪舍同时出现类似情况，需高度警惕猪西尼罗病毒相关感染或其他烈性病毒感染的可能。该病为病毒性传染病，目前尚无特效治疗药物，且存在突发传播风险。,立即停止常规抗生素治疗，加强圈舍通风降温，减少应激；对发病猪进行隔离观察，防止与健康猪混群；采集血液、组织等样本送具备资质的实验室检测病原；严禁私自屠宰、出售或转运病死猪；如确诊或怀疑为重大动物疫病，应配合当地畜牧兽医部门开展流行病学调查及应急处置。,因无特效药物使用，不涉及药物休药期问题；若后续涉及药物治疗，须遵循兽医指导并遵守相关规定。,"{""disease_name"": ""猪西尼罗病毒相关感染"", ""severity"": ""高"", ""scene_tags"": [""育肥猪"", ""高热"", ""神经症状"", ""多栋圈舍同期发病""], ""validation_points"": [""症状符合病毒性感染特征"", ""短期内多栏发病提示传染性"", ""需排除重大动物疫病""], ""risk_flags"": [""可能属于重大动物疫病范畴"", ""禁止自行治疗替代官方处置""], ""case_type"": ""暴发与处置边界"", ""target_disease"": ""猪西尼罗病毒相关感染"", ""local_flags"": {""species_ok"": true, ""target_disease_in_diagnosis"": true, ""target_disease_mismatch"": false, ""contains_specific_dose"": false, ""contains_specific_withdrawal"": false, ""regulated_bad_treatment"": false}}",False,False,,,True,False,False,D:\XF-ChongQin\ai-\knowledge\llm_wiki_swine_authoritative,1465,887,"猪西尼罗病毒相关感染
猪西尼罗病毒相关感染、west nile virus and other flaviviruses
暴发与处置边界
同栏或多栋猪舍短期内发病增多，用户询问是否能先按普通病治疗观察。","{""NEEDS_REVIEW"": 5}","[""SRC-0001""]",2060,28.22,ERNIE-4.5-Turbo-32K,88,28,18,24,18,False,True,"该回答在诊断准确性、病理逻辑、处方安全性和数据质量方面表现良好，整体符合测试数据有效性要求。诊断准确识别了病毒性感染特征及多栋发病的传染性，处方安全地建议了隔离、检测和配合官方处置，未涉及致命风险。
问题：诊断准确性方面，虽然识别了病毒性感染特征，但未明确提及西尼罗病毒特异性症状（如脑炎症状），略显不足。；病理逻辑方面，对症状与疾病关系的阐述可更深入，如解释后肢无力与病毒神经侵袭性的关联。；数据质量方面，场景标签和验证点虽全面，但风险标志的描述可更具体，如明确人兽共患风险（西尼罗病毒可感染人类）。",hunyuan-turbos-20250926,90,85,85,95,90,False,False,"该条数据场景真实，用户描述的育肥猪群体发病情况符合病毒性传染病特征，诊断方向正确，提示了西尼罗病毒及相关烈性病毒感染的可能性，并强调了无特效治疗及防控要点。处方建议合理，包括停止抗生素滥用、隔离、送检、禁止私自处置病死猪，并强调配合官方处置，避免了危险建议。不足之处在于未进一步细化西尼罗病毒的典型症状（如神经症状）及其人兽共患风险说明，病理机制解释稍浅。
问题：诊断中未明确西尼罗病毒特有的神经症状（如共济失调、抽搐等）；未充分说明西尼罗病毒的人兽共患风险；病理机制分析不够深入",True,ERNIE-4.5-Turbo-32K,True,pass,该回答在诊断准确性、病理逻辑、处方安全性和数据质量方面表现良好，整体符合测试数据有效性要求。诊断方向正确，提示了西尼罗病毒及相关烈性病毒感染的可能性，并强调了无特效治疗及防控要点。处方建议合理，包括停止抗生素滥用、隔离、送检、禁止私自处置病死猪，并强调配合官方处置，避免了危险建议。尽管存在未明确西尼罗病毒特异性症状、未充分说明人兽共患风险、病理机制分析不够深入等轻微不足，但不影响整体判断，可判pass。,89.0,28,18,24,18,pass,20.55,17.66,
5f385b10-405e-5a67-ac69-ed58dce9d398,282,猪类圆线虫病,swine_hunyuan_turbos,hunyuan-turbos-20250926,成功,,猪,我家有120头保育到育肥阶段的猪，平均体重在25公斤左右，最近一周陆续出现拉稀，粪便稀薄带黏液，个别猪精神稍差，采食量下降。之前按大肠杆菌用了几天恩诺沙星和硫酸粘菌素，效果不明显，现在想问还要不要继续用抗生素？要不要送样检查？,结合病史、用药反应及症状，考虑猪类圆线虫病可能性较大，该病为寄生虫性腹泻，单纯使用抗菌药难以有效控制，需通过粪检确诊。,建议立即采集新鲜粪便样本送实验室进行虫卵镜检，明确是否为类圆线虫感染；如确诊，应采用针对性驱虫方案（如伊维菌素类制剂），并结合改善圈舍卫生、减少潮湿、定期清理粪污等管理措施；在未明确诊断前不建议盲目更换或延长抗生素治疗；若怀疑混合感染，可在专业兽医指导下调整用药。,如后续使用驱虫药，应遵循所用药品说明书及国家相关规定执行停药期，确保上市安全。,"{""disease_name"": ""猪类圆线虫病"", ""severity"": ""中等"", ""scene_tags"": [""保育猪"", ""育肥猪"", ""腹泻"", ""寄生虫病"", ""抗菌药无效""], ""validation_points"": [""病史提示抗菌药效果不佳，符合寄生虫性腹泻特征"", ""建议粪检以明确病因"", ""强调针对性驱虫而非继续广谱抗菌""], ""risk_flags"": [""未经确诊不宜随意更改抗生素方案"", ""需防止寄生虫传播至健康猪群""], ""case_type"": ""腹泻用药咨询"", ""target_disease"": ""猪类圆线虫病"", ""local_flags"": {""species_ok"": true, ""target_disease_in_diagnosis"": true, ""target_disease_mismatch"": false, ""contains_specific_dose"": false, ""contains_specific_withdrawal"": false, ""regulated_bad_treatment"": false}}",False,False,,,True,False,False,D:\XF-ChongQin\ai-\knowledge\llm_wiki_swine_authoritative,1465,887,"猪类圆线虫病
猪类圆线虫病、strongyloides internal parasites
腹泻用药咨询
猪群腹泻后已用过常见抗菌药效果一般，用户询问是否继续用药以及是否需要送检。","{""HUMAN_REVIEWED"": 1, ""NEEDS_REVIEW"": 4}","[""SRC-0001"", ""SRC-0012"", ""SRC-0079""]",1993,24.57,ERNIE-4.5-Turbo-32K,88,27,18,23,20,False,True,"该回答在诊断准确性、病理逻辑、处方安全性和数据质量方面表现良好，诊断考虑了病史和用药反应，建议粪检以明确病因，并提出了针对性驱虫方案和管理措施，未发现致命风险。
问题：diagnosis_accuracy: 诊断准确性较高，但未完全排除其他可能性，如混合感染。；pathology_logic: 病理逻辑合理，但未详细解释类圆线虫病的病理机制。；prescription_safety: 处方安全，但未提及驱虫药的具体剂量和休药期。；data_quality: 数据质量良好，但未提供类圆线虫病的流行病学数据或案例支持。",hunyuan-turbos-20250926,90,9,8,9,8,False,False,"该回答基于用户提供的病史、用药反应和临床症状，合理推测猪类圆线虫病的可能性，并建议粪检确诊，符合真实养殖场景。处方建议包括送检、针对性驱虫、环境管理以及谨慎使用抗生素，未出现危险建议。整体逻辑自洽且安全。
问题：未充分讨论可能的混合感染或其他病因的鉴别要点。；对类圆线虫病的病理机制和流行特点描述不足。；未提供流行病学背景或案例支撑诊断推理。",True,ERNIE-4.5-Turbo-32K,True,pass,回答在诊断准确性、病理逻辑、处方安全性和数据质量方面表现良好，诊断考虑了病史和用药反应，建议粪检以明确病因，并提出了针对性驱虫方案和管理措施，未发现致命风险。尽管存在未完全排除其他可能性、未详细解释病理机制、未提及驱虫药具体剂量和休药期、未提供流行病学数据或案例支持等轻微不足，但整体方向安全且疾病匹配，不影响其作为有效参考的价值。,89.0,27,18,23,20,pass,17.49,15.21,
48461264-450c-5a66-b985-15e267329087,295,猪传染性胃肠炎,swine_hunyuan_turbos,hunyuan-turbos-20250926,成功,,猪,我家有120头母猪，现在产房里20多头刚出生不到一周的仔猪出现拉稀，粪便是黄色水样，有的带泡沫，吃奶量下降，有几头已经脱水站不起来。昨天开始陆续有死亡，今天早上又死了两头。之前用过恩诺沙星粉拌料喂过两天，没见好转。想问下这是啥病？怎么跟其他腹泻区分开？要不要马上送样检测？,根据日龄（<1周）、急性水样腹泻伴高死亡率及脱水表现，结合曾用抗生素无效，高度怀疑病毒性腹泻，如猪传染性胃肠炎（TGEV）、PEDV、轮状病毒等，需排除大肠杆菌、梭菌、球虫等。建议立即采集新鲜粪便和肠内容物送实验室进行病原PCR检测，同时做细菌培养和镜检排查混合感染。,treatment_direction: 无特效抗病毒药，主要支持治疗：补液防脱水、维持体温、减少应激；对继发细菌感染可在兽医指导下使用敏感抗生素控制；停喂易发酵饲料，改为易消化乳清或代乳粉。；management_measures: 严格隔离病猪，防止交叉污染；加强产房保温与通风；清洁消毒用具、鞋靴、车辆；限制人员流动；病死猪无害化处理。；sampling_submission: 采集发病仔猪的新鲜粪便、肠内容物以及部分健康对照样品，尽快送具备资质的兽医实验室进行TGEV、PEDV、轮状病毒、大肠杆菌、梭菌、球虫等病原检测。；contraindications_boundary: 禁止在确诊前随意使用未经批准的疫苗或药物；发现疑似重大疫病应立即向当地畜牧兽医部门报告，不得擅自出售、运输或屠宰病猪。,因无特效抗病毒药，不涉及特定休药期；若使用抗生素须遵循兽医指导并遵守国家兽药使用规定。,"{""disease_name"": ""猪传染性胃肠炎"", ""severity"": ""高致死率急性传染病"", ""scene_tags"": [""新生仔猪"", ""水样腹泻"", ""高死亡率"", ""脱水"", ""抗生素治疗无效""], ""validation_points"": [""符合TGEV等病毒性腹泻的典型日龄与临床表现"", ""病程急、死亡率高、抗生素无效提示非单纯细菌感染"", ""需通过病原检测明确病因""], ""risk_flags"": [""潜在重大动物疫病风险"", ""存在快速扩散风险"", ""需及时采样送检""], ""case_type"": ""腹泻采样送检"", ""target_disease"": ""猪传染性胃肠炎"", ""local_flags"": {""species_ok"": true, ""target_disease_in_diagnosis"": true, ""target_disease_mismatch"": false, ""contains_specific_dose"": false, ""contains_specific_withdrawal"": false, ""regulated_bad_treatment"": false}}",False,False,,,True,False,False,D:\XF-ChongQin\ai-\knowledge\llm_wiki_swine_authoritative,1465,887,"猪传染性胃肠炎
猪传染性胃肠炎、transmissible gastroenteritis virus、TGE、TGEV
腹泻采样送检
用户描述粪便性状、日龄和病程，重点询问如何鉴别病毒性、细菌性或寄生虫性腹泻。","{""HUMAN_REVIEWED"": 2, ""NEEDS_REVIEW"": 2}","[""RC-DIARRHEA-001"", ""SRC-0001"", ""SRC-0007"", ""SRC-0036"", ""SRC-0052"", ""SRC-0062"", ""SRC-0063"", ""SRC-0064"", ""SRC-0071"", ""SRC-0072"", ""SRC-0073"", ""SRC-0077"", ""SRC-0081""]",2221,30.15,ERNIE-4.5-Turbo-32K,90,28,18,24,20,False,True,"该回答整体表现良好，诊断准确，逻辑清晰，处理方向安全，数据质量较高。诊断部分准确识别了病毒性腹泻的可能性，并建议进行病原检测以明确病因，符合实际场景需求。病理逻辑部分对症状与疾病的匹配度进行了合理分析，但可进一步细化鉴别诊断的依据。处方安全部分提供了支持治疗和管理措施，未发现与疾病相冲突的建议。数据质量方面，信息完整，风险标识明确。
问题：诊断部分虽提及多种病毒性腹泻可能，但未明确突出猪传染性胃肠炎的特征性表现，鉴别诊断依据可更具体。；病理逻辑部分对症状与疾病关系的分析可进一步深入，例如解释为何抗生素治疗无效。；数据质量方面，虽信息完整，但部分表述可更精炼，以提高可读性。",hunyuan-turbos-20250926,88,9,8,10,9,False,False,"回答整体科学严谨，诊断思路正确，能结合日龄、症状、病程和高死亡率提示病毒性腹泻可能性，并列出常见病原及鉴别对象，建议送检符合规范。处理方案强调支持疗法、管理防控和采样送检，未给出危险用药建议，且包含重大疫病上报提醒，安全性高。不足之处在于对猪传染性胃肠炎特征性表现的针对性描述不足，鉴别诊断依据略显笼统，部分语句可更精炼。
问题：未充分突出猪传染性胃肠炎的典型临床特征（如冬季高发、传播快、全窝发病等），导致与目标疾病匹配度不够直观。；鉴别诊断部分列举了多种病原，但缺乏针对每种病原的关键区分点说明，逻辑深度稍欠。；个别表述重复，语言可更简洁。",True,ERNIE-4.5-Turbo-32K,True,pass,回答整体科学严谨，诊断思路正确，结合日龄、症状、病程和高死亡率提示病毒性腹泻可能性，并列出常见病原及鉴别对象，建议送检符合规范。处理方案强调支持疗法、管理防控和采样送检，未给出危险用药建议，且包含重大疫病上报提醒，安全性高。尽管对猪传染性胃肠炎特征性表现的针对性描述不足，鉴别诊断依据略显笼统，但不影响整体方向，可通过后续优化提升。,89.0,28,18,24,20,pass,19.78,17.64,
2aff2842-ae14-5016-8c8e-0d224c8f4c1c,298,猪繁殖与呼吸综合征,swine_hunyuan_turbos,hunyuan-turbos-20250926,成功,,猪,我家有200头70日龄左右的保育猪，最近一周陆续出现咳嗽、喘气、体温升高到40℃左右，采食量明显下降，部分猪精神沉郁。舍内通风一般，湿度偏高，之前用过替米考星拌料3天效果不明显。请问这是啥病？要不要整批用药？,根据描述的症状（高热、咳嗽、喘气、采食下降）、年龄阶段及群体发病特点，结合近期用药史和环境因素，高度怀疑为猪繁殖与呼吸综合征（PRRS）。该病在保育至育肥阶段易发，常与继发细菌感染共同存在，形成呼吸道综合征。,立即隔离病猪并加强圈舍通风降湿，减少应激；对全群进行支持性管理（改善营养、饮水清洁），防止继发细菌感染；采集病猪血样送实验室检测PRRSV抗体/抗原确诊；在未排除重大疫病前，不建议随意使用抗病毒药物或广谱抗生素替代防控；若确诊为PRRS且属高致病型，应按规定向当地畜牧兽医部门报告并按其指导处置。,未确诊前不得出栏销售；如经检测确认为PRRS，需按地方防疫规定执行隔离、消毒及可能的扑杀等措施，无统一休药期标准。,"{""disease_name"": ""猪繁殖与呼吸综合征"", ""severity"": ""中等至高"", ""scene_tags"": [""保育猪"", ""群体发病"", ""呼吸道症状"", ""高热"", ""采食下降""], ""validation_points"": [""症状符合PRRS典型表现"", ""多发于保育至育肥阶段"", ""环境因素可能加重病情""], ""risk_flags"": [""疑似二类动物疫病"", ""需实验室确诊"", ""禁止擅自用药替代防控""], ""case_type"": ""呼吸道群体发病"", ""target_disease"": ""猪繁殖与呼吸综合征"", ""local_flags"": {""species_ok"": true, ""target_disease_in_diagnosis"": true, ""target_disease_mismatch"": false, ""contains_specific_dose"": false, ""contains_specific_withdrawal"": false, ""regulated_bad_treatment"": false}}",False,False,,,True,False,False,D:\XF-ChongQin\ai-\knowledge\llm_wiki_swine_authoritative,1465,887,"猪繁殖与呼吸综合征
猪繁殖与呼吸综合征、porcine reproductive and respiratory syndrome viruses、PRRS、蓝耳病
呼吸道群体发病
同栏出现咳嗽、喘气、发热、采食下降，用户想判断病因和是否需要全群用药。","{""HUMAN_REVIEWED"": 2, ""NEEDS_REVIEW"": 2}","[""A0-MOA-573"", ""A1-WOAH-PRRS-DISEASE"", ""SRC-0001"", ""SRC-0026""]",2221,23.18,ERNIE-4.5-Turbo-32K,88,28,18,23,20,False,True,"整体回答较为准确，诊断依据充分，症状与疾病匹配度高，诊断逻辑合理，处理方向安全，符合疾病特征。数据质量良好，无明显错误。
问题：诊断准确性方面，虽然整体判断正确，但未明确提及继发细菌感染的可能性评估，略显不足。；病理逻辑方面，对环境因素（通风、湿度）与疾病关系的阐述可更深入。；处方安全性方面，未明确提及具体预防继发感染的措施（如消毒等）。；数据质量方面，场景标签和验证点覆盖较全面，但风险标志中可增加对群体发病风险的强调。",hunyuan-turbos-20250926,90,9,8.5,9,9,False,False,"该回答对猪繁殖与呼吸综合征的诊断依据充分，症状与疾病匹配度高，处理方案考虑了生物安全和疫情上报要求，未给出具体药物剂量或休药期承诺，避免了高风险操作。不足之处在于对继发细菌感染的评估和预防措施表述不够细化，环境致病机制分析可更具体。
问题：未明确评估继发细菌感染的风险程度及针对性防控措施；对环境因素（通风、湿度）与PRRS发生机制的关联解释不够深入；缺乏针对群体发病的紧急隔离与分区管理的细节",True,ERNIE-4.5-Turbo-32K,True,pass,整体回答诊断依据充分，症状与疾病匹配度高，处理方案考虑了生物安全和疫情上报要求，未给出具体药物剂量或休药期承诺，避免了高风险操作。尽管在继发细菌感染评估、环境致病机制分析以及群体发病管理细节方面存在轻微不足，但不影响整体方向和安全性，数据质量良好。,89.0,28,18,23,20,pass,15.11,17.05,
dd134bea-d4e0-5910-abdd-b3a1d041eb0a,1,非洲猪瘟,swine_hunyuan_turbos,hunyuan-turbos-20250926,成功,,猪,我家有120头保育猪，现在70天左右，这几天有几头突然不吃料，体温升高到41度多，有的还拉带血的稀粪，精神沉郁，呼吸有点急促，圈舍通风一般，之前用过氟苯尼考拌料防过呼吸道病，这种情况是不是传染病？该咋办？,根据描述的高热、采食下降、便血、呼吸急促等症状，结合保育猪群体发病特点，高度怀疑为非洲猪瘟病毒感染。该病可引起急性发热、全身出血性病变，尤其脾脏显著肿大、淋巴结出血、肾脏点状出血等特征性病理变化。,立即停止场内任何猪只调运和出售，对出现症状的猪进行隔离观察，采集血样、组织样本送有资质的实验室进行非洲猪瘟PCR检测；加强场区消毒，限制人员车辆流动，防止交叉感染；严禁使用未经批准的疫苗或药物替代防控；如确诊，应严格按照当地畜牧兽医主管部门要求进行扑杀、无害化处理及流行病学调查。,因涉及重大动物疫病，无常规休药期概念，须按官方扑杀和无害化处理措施执行。,"{""disease_name"": ""非洲猪瘟"", ""severity"": ""极高"", ""scene_tags"": [""保育猪"", ""群体发病"", ""高热"", ""便血"", ""呼吸急促""], ""validation_points"": [""高热超过40℃且持续不退"", ""便血或血便"", ""脾脏肿大、淋巴结出血等典型病变"", ""群体同时发病""], ""risk_flags"": [""重大动物疫病"", ""高传染性"", ""无有效治疗药物""], ""case_type"": ""保育猪群体发病"", ""target_disease"": ""非洲猪瘟"", ""local_flags"": {""species_ok"": true, ""target_disease_in_diagnosis"": true, ""target_disease_mismatch"": false, ""contains_specific_dose"": false, ""contains_specific_withdrawal"": false, ""regulated_bad_treatment"": false}}",False,False,,,True,False,False,D:\XF-ChongQin\ai-\knowledge\llm_wiki_swine_authoritative,1465,887,"非洲猪瘟
非洲猪瘟、african swine fever virus、ASF、African swine fever
保育猪群体发病
群体发病、采食下降、粪便或呼吸道异常，用户想知道主要病因和下一步处理。","{""HUMAN_REVIEW"": 1, ""HUMAN_REVIEWED"": 2}","[""SRC-0001"", ""SRC-0031""]",2221,33.63,ERNIE-4.5-Turbo-32K,90,28,18,25,19,False,True,"整体回答质量较高，诊断准确，处理方向安全，符合非洲猪瘟的防控要求。诊断依据充分，症状与疾病匹配度高，处理措施符合重大疫病防控规范。数据质量方面，症状描述和场景标签较为全面，但缺乏部分关键症状的详细描述。
问题：diagnosis_accuracy: 诊断准确度较高，但未明确提及非洲猪瘟的典型病理变化（如脾脏肿大、淋巴结出血等）在诊断中的重要性，略显不足。；pathology_logic: 病理逻辑基本合理，但未详细解释症状与疾病之间的因果关系，尤其是便血和呼吸急促的病理机制。；data_quality: 数据质量较好，但用户查询中未提及脾脏肿大等关键症状，回答中未补充说明如何通过其他症状推断非洲猪瘟，略显依赖用户描述的完整性。",hunyuan-turbos-20250926,85,80,75,95,80,False,False,"回答总体准确且安全，针对非洲猪瘟这一重大疫病的处置方案符合官方防控要求，避免了危险用药建议，并强调了送检与扑杀等措施。但在诊断细节上缺少对典型病理变化的强调，病理机制解释不够深入，且对用户输入信息不足的补充说明较少。
问题：未明确强调非洲猪瘟典型病理变化（如脾脏肿大、淋巴结出血）在诊断中的关键作用。；缺乏对便血、呼吸急促等症状与非洲猪瘟之间因果关系的详细解释。；对用户未提供的关键症状（如脾脏肿大）没有做进一步推断或提示。",True,ERNIE-4.5-Turbo-32K,True,pass,整体回答质量较高，诊断方向准确，处理措施符合非洲猪瘟的防控要求，安全性高。尽管在诊断细节上对典型病理变化的强调和病理机制的解释略有不足，但不影响整体判断，且未发现危险或明显错误的内容。,88.0,28,18,25,19,pass,20.07,17.24,
b206db9f-85eb-5159-8219-ce7d02fb9f94,38,猪细小病毒病,swine_hunyuan_turbos,hunyuan-turbos-20250926,成功,,猪,我家有120头能繁母猪，平均胎次在3到4胎之间，最近两个月陆续有10多头母猪产仔数明显减少，有的直接空怀，还有几头怀孕后期流产。之前没用过疫苗，也没做过专门净化，想问下这种情况是不是细小病毒引起的？如果要送检的话应该取什么样本？现在还能继续配种吗？要不要先停一下引种？,根据描述，存在多胎次母猪产仔减少、空怀及晚期流产等表现，符合猪细小病毒病（PPV1）引起的繁殖障碍特征。该病主要通过垂直传播感染胚胎或胎儿，导致死胎、木乃伊胎或流产。需结合实验室检测排除其他繁殖障碍病因如蓝耳病、伪狂犬病、乙脑等。,建议立即停止配种和引进新种猪，防止病原扩散；对发病母猪进行隔离观察，加强圈舍通风干燥管理，减少应激；采集流产胎儿组织、胎盘液、血清等送实验室检测PPV1及其他常见繁殖障碍病原；在未确诊前不宜盲目使用抗病毒药物或激素干预；若确诊为PPV1感染，可依据检测结果制定免疫计划，并在全群稳定后再恢复配种。,无特定休药期说明，但应在病原清除或免疫稳定后，经兽医评估再恢复配种和引种。,"{""disease_name"": ""猪细小病毒病"", ""severity"": ""中等至严重（可导致显著繁殖损失）"", ""scene_tags"": [""繁殖障碍"", ""流产"", ""空怀"", ""垂直传播""], ""validation_points"": [""症状与PPV1垂直传播导致的胚胎死亡一致"", ""多发于未免疫的能繁母猪群"", ""需通过实验室检测确认病原""], ""risk_flags"": [""可能伴随其他繁殖障碍病原混合感染"", ""未经控制易在群内持续传播""], ""case_type"": ""繁殖障碍送检"", ""target_disease"": ""猪细小病毒病"", ""local_flags"": {""species_ok"": true, ""target_disease_in_diagnosis"": true, ""target_disease_mismatch"": false, ""contains_specific_dose"": false, ""contains_specific_withdrawal"": false, ""regulated_bad_treatment"": false}}",False,False,,,True,False,False,D:\XF-ChongQin\ai-\knowledge\llm_wiki_swine_authoritative,1465,887,"猪细小病毒病
猪细小病毒病、parvoviruses
繁殖障碍送检
繁殖异常持续出现，用户询问该采哪些样品、是否需要暂停配种和引种。","{""HUMAN_REVIEWED"": 3, ""NEEDS_REVIEW"": 2}","[""A0-MOA-573"", ""SRC-0001"", ""SRC-0045""]",2087,33.01,ERNIE-4.5-Turbo-32K,88,28,18,23,20,False,True,"该回答整体上对猪细小病毒病的诊断、处理方向和安全措施进行了较为准确的描述，符合测试数据有效性的要求。诊断准确性较高，病理逻辑合理，处方安全，数据质量较好，无明显致命风险。
问题：diagnosis_accuracy: 诊断中虽然提到了需要排除其他繁殖障碍病因，但未详细说明如何具体鉴别，例如蓝耳病、伪狂犬病、乙脑等，可能影响诊断的全面性。；pathology_logic: 病理逻辑部分对垂直传播的描述较为准确，但对其他传播途径或可能的环境因素未作说明，逻辑稍显单一。；prescription_safety: 处方中建议停止配种和引种、隔离观察等措施较为安全，但未明确说明如何处理已发病母猪的具体方案，例如是否需要淘汰或治疗。；data_quality: 数据质量较好，但场景标签和验证点可以更详细，例如增加具体的临床症状描述或实验室检测方法。；withdrawal_period: 未提供具体的休药期承诺，但根据疾病特性，此点不构成致命风险。",hunyuan-turbos-20250926,88,85,85,90,88,False,False,"该回答整体符合猪细小病毒病的诊断和处理原则，场景真实且症状与目标疾病匹配，诊断与处理方向一致，并提出了必要的生物安全措施，未发现危险建议。不足之处在于鉴别诊断细节不足、传播途径说明不够全面、对已发病母猪的处理方案不够细化。
问题：未详细说明如何鉴别蓝耳病、伪狂犬病、乙脑等其他繁殖障碍病因；对猪细小病毒的其他传播途径和环境因素解释不足；未明确已发病母猪的具体处置方案（如淘汰或治疗）",True,ERNIE-4.5-Turbo-32K,True,pass,该回答整体符合猪细小病毒病的诊断和处理原则，诊断准确性较高，病理逻辑合理，处方安全，未发现危险建议。尽管存在鉴别诊断细节不足、传播途径说明不够全面、对已发病母猪的处理方案不够细化等轻微不足，但不影响整体判断，数据质量较好，符合测试数据有效性的要求。,88.0,28,18,23,20,pass,23.6,16.43,
7684aca8-769b-5ecb-905e-1ba9cbf79830,69,猪玉米赤霉烯酮中毒,swine_hunyuan_turbos,hunyuan-turbos-20250926,成功,,猪,我家是300头基础母猪的种猪场，最近有七八头怀孕80多天的母猪陆续流产，还有两头公猪性欲明显下降、精液稀薄。饲料一直用自配料，前段时间下雨潮湿，怀疑玉米可能发霉了。想问这是不是传染病？还能不能继续配种？,根据描述，结合近期饲料原料受潮情况，应考虑猪玉米赤霉烯酮中毒的可能。ZEA为具有雌激素样作用的霉菌毒素，可导致母猪阴户红肿、假孕、流产倾向增加及公猪精液质量下降等繁殖障碍表现。需排除猪繁殖与呼吸综合征、伪狂犬病、细小病毒病等传染性疾病。,treatment_direction: 立即停喂可疑饲料，更换新鲜无霉变原料，并加强饲料储存防潮措施。对受影响母猪进行临床观察，记录发情周期变化。；management_measures: 全群调整饲料配方，添加脱毒剂或吸附剂以减少毒素吸收；改善圈舍通风干燥条件，减少应激。；sampling_submission: 采集剩余饲料样品送实验室检测ZEA含量；同时采集流产胎儿组织、血液样本做病原学筛查（PRRSV、PRV、PPV等），明确是否为混合因素所致。；prohibited_boundaries: 在病因未明前，禁止将疑似中毒母猪或公猪与其他健康猪混群交配或转群，防止潜在传染或毒素扩散。,因属中毒性病因，无特定药物休药期，但应待饲料更换、毒素清除且母猪恢复稳定发情后再考虑配种。,"{""disease_name"": ""猪玉米赤霉烯酮中毒"", ""severity"": ""中等偏重"", ""scene_tags"": [""种猪场"", ""饲料污染"", ""繁殖障碍"", ""公猪精液异常""], ""validation_points"": [""ZEA具有雌激素样作用，可引起母猪阴户肿胀、流产倾向及公猪精液质量下降"", ""饲料原料受潮霉变是主要暴露途径"", ""需通过饲料检测和病原学排查区分中毒与传染性繁殖障碍""], ""risk_flags"": [""饲料安全"", ""繁殖性能下降"", ""潜在混合感染""], ""case_type"": ""种猪繁殖障碍"", ""target_disease"": ""猪玉米赤霉烯酮中毒"", ""local_flags"": {""species_ok"": true, ""target_disease_in_diagnosis"": true, ""target_disease_mismatch"": false, ""contains_specific_dose"": false, ""contains_specific_withdrawal"": false, ""regulated_bad_treatment"": false}}",False,False,,,True,False,False,D:\XF-ChongQin\ai-\knowledge\llm_wiki_swine_authoritative,1465,887,"猪玉米赤霉烯酮中毒
猪玉米赤霉烯酮中毒、zearalenone toxicosis
种猪繁殖障碍
种猪场出现流产、死胎、返情或公猪异常，用户担心传染病和是否继续配种。","{""HUMAN_REVIEWED"": 2, ""NEEDS_REVIEW"": 2, ""PROCESSED_SOURCE_ANCHORED"": 1}","[""SRC-0001"", ""SRC-0025"", ""SRC-0085""]",2176,35.59,ERNIE-4.5-Turbo-32K,88,28,18,23,20,False,True,"整体回答质量较高，诊断方向准确，病理逻辑合理，处方安全且与疾病相互印证，数据质量良好，无明显致命风险。
问题：diagnosis_accuracy: 诊断准确性较高，但未完全排除所有可能的传染性疾病，如未明确提及蓝耳病、伪狂犬病、细小病毒病的具体排除依据。；pathology_logic: 病理逻辑基本合理，但对ZEA毒素作用机制的描述可更详细，以增强逻辑严谨性。；prescription_safety: 处方安全且合理，但‘禁止混群交配或转群’的建议可更具体，如明确隔离时间和观察指标。；data_quality: 数据质量良好，但‘场景标签’和‘验证点’可更全面，如增加‘饲料检测方法’或‘毒素阈值’等信息。",hunyuan-turbos-20250926,88,85,86,90,87,False,False,"该回答针对用户描述的母猪流产、公猪精液异常等症状，结合饲料受潮背景，提出了玉米赤霉烯酮中毒的可能性，并提示排除常见繁殖障碍类传染病，诊断方向正确，病理逻辑合理，处方建议安全且符合中毒防控原则，未发现危险建议。不足之处在于部分细节不够完善，例如对ZEA作用机制的阐述不足，以及隔离措施缺乏量化标准。
问题：未详细说明ZEA毒素的作用机制及其导致繁殖障碍的具体生理过程；隔离与禁配建议缺少时间节点和观察指标，执行指导性不足；未提供饲料中ZEA的检测方法或参考限值",True,ERNIE-4.5-Turbo-32K,True,pass,整体回答质量较高，诊断方向准确，结合饲料受潮背景提出猪玉米赤霉烯酮中毒的可能性，并提示排除常见繁殖障碍类传染病，病理逻辑合理。处方建议安全且符合中毒防控原则，未发现危险建议。尽管存在部分细节不够完善的问题，例如对ZEA毒素作用机制的阐述不足，以及隔离措施缺乏量化标准，但不影响整体回答的有效性和安全性。,88.0,28,18,23,20,pass,25.26,15.85,
78bab506-1857-531a-89ac-4deb33bee1b2,75,猪流行性腹泻,swine_hunyuan_turbos,hunyuan-turbos-20250926,成功,,猪,我家有120头母猪，现在产房里10日龄左右的仔猪陆续出现拉黄色稀粪，有的带点酸臭味，吃奶正常但精神稍差，已经死了3头。保育舍20多斤的小猪也有个别拉稀，但不严重。之前用过恩诺沙星拌料，效果不明显。请问这是病毒性还是细菌性的？要不要马上送检？,根据日龄、粪便性状及群发情况，高度怀疑为猪流行性腹泻（PEDV），同时需排除大肠杆菌、轮状病毒、梭菌等病因。PEDV 常在哺乳仔猪中引起急性水样腹泻，传播快，死亡率高，且抗生素治疗无效。当前病例符合病毒性腹泻特征，建议尽快采集新鲜粪便送实验室检测确诊。,treatment_direction: 无特效抗病毒药物，主要采取支持疗法防止继发细菌感染，如补液、保温、减少应激。；management_measures: 立即隔离发病栏位，加强消毒，暂停人员、工具随意流动；对未发病猪群进行紧急营养支持和环境管理，提高抵抗力。；sampling_and_testing: 采集发病仔猪的新鲜粪便样本，送具备资质的兽医实验室进行PEDV、轮状病毒、大肠杆菌等多病原检测，明确病原类型。；prohibited_boundaries: 严禁使用未经批准的兽药或人用药品替代治疗；发现疑似重大疫病应立即向当地畜牧兽医部门报告，不得擅自销售、转运病死猪。,因无特定药物治疗，不涉及药物休药期问题；若后续使用抗生素控制继发感染，应遵守相应药物的停药期规定。,"{""disease_name"": ""猪流行性腹泻"", ""severity"": ""高"", ""scene_tags"": [""哺乳仔猪"", ""水样腹泻"", ""群发"", ""死亡""], ""validation_points"": [""日龄集中在10日龄左右，符合PEDV高发期"", ""粪便呈黄色稀便，伴酸臭味，提示病毒性腹泻可能"", ""抗生素治疗无效，进一步支持非细菌性病因""], ""risk_flags"": [""疑似重大动物疫病"", ""需及时送检确诊"", ""潜在快速传播风险""], ""case_type"": ""腹泻采样送检"", ""target_disease"": ""猪流行性腹泻"", ""local_flags"": {""species_ok"": true, ""target_disease_in_diagnosis"": true, ""target_disease_mismatch"": false, ""contains_specific_dose"": false, ""contains_specific_withdrawal"": false, ""regulated_bad_treatment"": false}}",False,False,,,True,False,False,D:\XF-ChongQin\ai-\knowledge\llm_wiki_swine_authoritative,1465,887,"猪流行性腹泻
猪流行性腹泻、porcine epidemic diarrhea virus、PED、PEDV
腹泻采样送检
用户描述粪便性状、日龄和病程，重点询问如何鉴别病毒性、细菌性或寄生虫性腹泻。","{""HUMAN_REVIEWED"": 2, ""NEEDS_REVIEW"": 2}","[""A0-MOA-573"", ""RC-DIARRHEA-001"", ""SRC-0001"", ""SRC-0037"", ""SRC-0052"", ""SRC-0062"", ""SRC-0063"", ""SRC-0064"", ""SRC-0071"", ""SRC-0072"", ""SRC-0073"", ""SRC-0077"", ""SRC-0081""]",2221,30.64,ERNIE-4.5-Turbo-32K,88,28,18,23,20,False,True,"整体回答质量较高，诊断准确性、病理逻辑、处方安全性和数据质量均表现良好，无明显致命风险，符合通过标准。
问题：diagnosis_accuracy: 诊断准确性较高，但未完全覆盖所有可能的鉴别诊断（如梭菌性肠炎的详细排除依据不足）。；pathology_logic: 病理逻辑基本合理，但对轮状病毒与PEDV的鉴别要点描述不够深入。；prescription_safety: 处方安全性良好，但紧急营养支持的具体措施（如电解质补充方案）未明确。；data_quality: 数据质量较高，但场景标签中‘死亡’的严重性未在回答中充分量化（如死亡率范围）。",hunyuan-turbos-20250926,88,85,85,90,88,False,False,"回答整体准确、逻辑清晰，能结合临床症状与流行病学特点做出合理诊断，并给出明确的采样与送检建议，处方方向安全合规，未发现危险建议。不足之处在于部分鉴别诊断细节不够深入，以及缺乏更具体的支持疗法操作说明。
问题：鉴别诊断中对梭菌性肠炎等的排除依据不足；轮状病毒与PEDV的鉴别要点描述不够细致；支持疗法中的具体措施（如补液配方）未细化",True,ERNIE-4.5-Turbo-32K,True,pass,整体回答质量较高，诊断准确性、病理逻辑、处方安全性和数据质量均表现良好，无明显致命风险。诊断部分虽未完全覆盖所有可能的鉴别诊断，但对主要病原的判断合理；病理逻辑基本清晰，处方方向安全合规，采样与送检建议明确。不足之处在于部分鉴别诊断细节不够深入，支持疗法具体措施未细化，但不影响整体方向，符合通过标准。,88.0,28,18,23,20,pass,20.7,15.78,
29e96410-46c1-5ea6-a5c7-70175e7150e0,120,猪放线杆菌败血症,swine_hunyuan_turbos,hunyuan-turbos-20250926,成功,,猪,我家有120头60日龄左右的保育猪，圈舍通风不太好，最近早晚温差大，氨气味也挺重的。前两天有几头开始咳嗽、喘气，精神还行，采食量没明显下降，但今天早上发现一头突然倒地不起、体温高到41℃，皮肤有点发红，怀疑是环境问题还是传染病？,结合病史及临床表现，考虑存在细菌性败血症的可能，尤其要警惕猪放线杆菌败血症（Actinobacillus suis septicemia），该病在保育猪可突发高热、呼吸急促、皮肤红斑甚至猝死，且易与猪丹毒混淆，需要实验室鉴别诊断。同时应排除非洲猪瘟等烈性传染病。,treatment_direction: 立即隔离发病猪，采集血液、组织样本送实验室进行细菌分离鉴定及PCR检测，明确病原；对同栏健康猪加强观察，必要时预防性投喂广谱抗生素并配合支持疗法。；management_measures: 改善圈舍通风，降低氨气浓度，减少昼夜温差刺激；暂停引入新猪，防止交叉感染；全群消毒，重点清洁饮水器与料槽。；sampling_and_testing: 采集发病猪心血、肺脏、脾脏等组织，做细菌培养、革兰染色及分子检测；同时进行ASF、CSF等烈性疫病的快速筛查。；prohibited_boundaries: 在未排除非洲猪瘟等重大动物疫病前，严禁私自屠宰、销售或跨区域调运生猪及相关产品。,因涉及实验室确诊前的防控原则，暂不建议使用任何未经许可的药物，等待检测结果后再制定安全用药方案。,"{""disease_name"": ""猪放线杆菌败血症"", ""severity"": ""高"", ""scene_tags"": [""保育猪"", ""通风不良"", ""温差大"", ""氨气重"", ""急性败血症""], ""validation_points"": [""符合A. suis急性败血症的高热、呼吸异常、皮肤红斑表现"", ""需与猪丹毒及非洲猪瘟等鉴别""], ""risk_flags"": [""疑似重大动物疫病风险"", ""需实验室确诊后方可确定治疗方案""], ""case_type"": ""呼吸道环境诱因"", ""target_disease"": ""猪放线杆菌败血症"", ""local_flags"": {""species_ok"": true, ""target_disease_in_diagnosis"": true, ""target_disease_mismatch"": false, ""contains_specific_dose"": false, ""contains_specific_withdrawal"": false, ""regulated_bad_treatment"": false}}",False,False,,,True,False,False,D:\XF-ChongQin\ai-\knowledge\llm_wiki_swine_authoritative,1465,887,"猪放线杆菌败血症
猪放线杆菌败血症、actinobacillus suis septicemia pleuropneumonia
呼吸道环境诱因
通风差、氨气重或温差大后出现咳嗽喘气，用户想区分环境应激和传染病。","{""HUMAN_RE"": 1, ""HUMAN_REVIEWED"": 2, ""NEEDS_REVIEW"": 2}","[""SRC-0001"", ""SRC-0058"", ""SRC-0064""]",2221,29.93,ERNIE-4.5-Turbo-32K,88,28,18,23,20,False,True,"该回答整体表现良好，诊断方向准确，考虑到了猪放线杆菌败血症的典型症状，并提出了实验室鉴别诊断的建议，同时排除了非洲猪瘟等烈性传染病，体现了较高的诊断准确性。病理逻辑上，回答结合了病史和临床表现，对疾病的突发性和严重性有合理推断。处方安全方面，提出的隔离、采样检测、改善环境等措施安全有效，且明确指出了在未排除重大动物疫病前的禁止行为，符合安全规范。数据质量上，回答内容详实，覆盖了疾病诊断、治疗、管理和采样检测等多个方面。
问题：在病理逻辑方面，虽然考虑到了猪放线杆菌败血症与猪丹毒的混淆可能性，但未详细阐述两者之间的具体鉴别点，略显不足。；数据质量上，虽然内容详实，但部分表述如'加强观察，必要时预防性投喂广谱抗生素'略显笼统，缺乏具体观察指标和抗生素选择依据。",hunyuan-turbos-20250926,88,90,85,95,88,False,False,"回答整体结构完整，诊断思路清晰，能够结合临床症状与环境因素提出合理的怀疑病种，并强调实验室确诊的重要性。处方措施安全合规，未给出具体药物剂量或休药期，避免了用药风险。对重大疫病的安全边界提示到位。不足之处在于病理鉴别细节不够深入，以及部分管理建议较为笼统。
问题：未详细说明猪放线杆菌败血症与猪丹毒的具体鉴别要点，可能影响现场初筛的准确性。；“必要时预防性投喂广谱抗生素”缺乏明确的触发条件和抗生素类别说明，操作性不强。",True,ERNIE-4.5-Turbo-32K,True,pass,回答整体表现良好，诊断方向准确，考虑到了猪放线杆菌败血症的典型症状，并提出了实验室鉴别诊断的建议，同时排除了非洲猪瘟等烈性传染病，体现了较高的诊断准确性。病理逻辑上，回答结合了病史和临床表现，对疾病的突发性和严重性有合理推断。处方安全方面，提出的隔离、采样检测、改善环境等措施安全有效，且明确指出了在未排除重大动物疫病前的禁止行为，符合安全规范。数据质量上，回答内容详实，覆盖了疾病诊断、治疗、管理和采样检测等多个方面。尽管在病理鉴别细节和管理建议的表述上略显不足，但不影响整体诊断和处置方向的安全性和准确性。,88.0,28,18,23,20,pass,20.65,18.01,
834200cd-a171-5b7c-8c24-4018d2ff7f6f,161,猪疥螨病,swine_hunyuan_turbos,hunyuan-turbos-20250926,成功,,猪,我家有120头育肥猪，现在大概80公斤左右，已经养了快两个月了。最近发现部分猪身上有抓挠、掉毛、皮肤起痂，有些猪明显瘦得比同批的慢，采食量也下降。圈舍比较潮湿，之前没做过驱虫，想问问是不是疥螨引起的？,根据描述，考虑为猪疥螨病可能性大。该病在育肥猪常见，表现为剧烈瘙痒、皮肤结痂、脱毛及生长迟缓，圈舍潮湿、通风不良易诱发。由于皮肤刮片检查存在假阴性，应结合临床表现和群体病史综合判断。,treatment_direction: 使用经批准的体外驱虫药物进行全群驱虫，重点处理病灶部位，必要时重复给药以确保杀灭成虫和幼虫。；management_measures: 改善圈舍卫生条件，保持干燥通风，减少应激；对严重病例隔离饲养，防止继发感染。；sampling_and_testing: 采集典型病变部位的皮肤刮片送实验室镜检，寻找螨虫或虫卵；若结果阴性但临床高度怀疑，可按疥螨病处理并观察疗效。；contraindications_and_boundaries: 严禁在未确诊情况下随意使用禁限用药物；如怀疑其他传染病（如猪痘、葡萄球菌病等），应先排除或并行检测；重大疫情须按当地畜牧部门规定处置。,遵循所用驱虫药物的官方停药期建议，确保上市前药物残留符合标准。,"{""disease_name"": ""猪疥螨病"", ""severity"": ""中等"", ""scene_tags"": [""育肥猪"", ""群体发病"", ""皮肤瘙痒"", ""生长缓慢""], ""validation_points"": [""瘙痒、结痂、脱毛等典型皮肤病变"", ""群体性发生且与环境潮湿相关"", ""皮肤刮片可能假阴性，需结合临床""], ""risk_flags"": [""潜在传染性"", ""影响生产性能""], ""case_type"": ""寄生虫群体发病"", ""target_disease"": ""猪疥螨病"", ""local_flags"": {""species_ok"": true, ""target_disease_in_diagnosis"": true, ""target_disease_mismatch"": false, ""contains_specific_dose"": false, ""contains_specific_withdrawal"": false, ""regulated_bad_treatment"": false}}",False,False,,,True,False,False,D:\XF-ChongQin\ai-\knowledge\llm_wiki_swine_authoritative,1465,887,"猪疥螨病
猪疥螨病、external parasites mange
寄生虫群体发病
猪群出现腹泻、消瘦、皮肤瘙痒或生长慢，用户怀疑寄生虫。","{""HUMAN_REVIEWED"": 4}","[""SRC-0001"", ""SRC-0080""]",2221,30.21,ERNIE-4.5-Turbo-32K,88,28,18,23,20,False,True,"该回答整体表现良好，诊断准确性较高，症状与疾病匹配合理，诊断逻辑清晰，处理方向安全且与疾病相互印证。数据质量方面，虽然存在部分细节可优化，但不影响整体评估。未发现致命风险。
问题：diagnosis_accuracy: 诊断准确性较高，但未完全覆盖所有可能症状，如未明确提及腹泻与疥螨病的直接关联。；pathology_logic: 病理逻辑基本合理，但未详细解释皮肤刮片假阴性的原因及应对措施。；prescription_safety: 处方安全，但未具体说明驱虫药物的名称及剂量，可能影响实际操作。；data_quality: 数据质量良好，但场景标签中'皮肤瘙痒'与'生长缓慢'可进一步细化描述，以增强数据丰富性。",hunyuan-turbos-20250926,88,85,85,90,85,False,False,"该案例场景真实，用户描述的抓挠、掉毛、皮肤结痂、消瘦、采食量下降等症状与猪疥螨病高度吻合，诊断依据充分且考虑了假阴性可能，处理方案包括全群驱虫、环境管理、隔离及采样送检，安全边界明确，无禁用药物或危险建议。不足之处在于未全面列举疥螨病可能的伴随症状，病理机制解释略简略，处方未给出具体药物名称和剂量，但总体不影响安全性与有效性。
问题：诊断部分未完整列出疥螨病可能出现的全部症状（如腹泻等）；病理逻辑中对皮肤刮片假阴性的原因及应对解释不够深入；处方未提供具体驱虫药物名称与剂量，可能影响执行",True,ERNIE-4.5-Turbo-32K,True,pass,该回答整体表现良好，诊断准确性较高，症状与疾病匹配合理，诊断逻辑清晰，处理方向安全且与疾病相互印证。虽然存在部分细节可优化，如未完全覆盖所有可能症状、未详细解释皮肤刮片假阴性的原因及应对措施、未具体说明驱虫药物的名称及剂量，但这些不足不影响整体评估，未发现致命风险。,88.0,28,18,23,20,pass,21.17,15.55,
4dd5733a-dfc8-50f0-aad5-3e722d8e7b2d,230,猪支原体肺炎,swine_hunyuan_turbos,hunyuan-turbos-20250926,成功,,猪,我家有200头90公斤左右的育肥猪，最近半个月陆续出现咳嗽、喘气，有的猪精神还行，就是采食慢了点，之前用过替米考星拌料一周，症状减轻一点但又反复。圈舍通风一般，粪沟有点积尿味，想问问这种情况是不是支原体肺炎？要不要做哪些样品送检来排除混合感染？,根据描述，育肥猪慢性咳嗽、喘气、采食下降，且使用抗生素后症状缓解但不稳定，结合圈舍通风不良及粪沟气味，提示可能存在猪支原体肺炎（M. hyopneumoniae），并需警惕与PRRSV、PCV2或其他细菌感染的混合感染可能。建议进行实验室检测明确病原。,treatment_direction: 针对可能的猪支原体肺炎，可考虑使用对支原体有效的抗菌药物（如大环内酯类、四环素类等），并结合改善饲养管理；若怀疑混合感染，应综合防控。；management_measures: 加强圈舍通风换气，降低氨气浓度；保持干燥清洁，减少应激；分群饲养，避免密度过高；定期清理粪沟，防止有害气体积聚。；sampling_and_testing: 采集鼻腔拭子、肺组织（如有病死猪）或支气管灌洗液送实验室PCR检测，可同时检测M. hyopneumoniae、PRRSV、PCV2及其他常见呼吸道病原体，以明确混合感染情况。；prohibited_boundaries: 在未确诊前，不得随意更换或加大抗生素用量；严禁将疑似病猪与健康猪混群；发现高死亡率或急性暴发时应立即上报当地畜牧兽医部门，按重大动物疫病处置流程执行。,具体休药期需依据所用药物说明书及国家相关规定确定，在检测结果出来前不建议出栏销售。,"{""disease_name"": ""猪支原体肺炎"", ""severity"": ""中等"", ""scene_tags"": [""育肥猪"", ""慢性呼吸道症状"", ""支原体肺炎可疑"", ""混合感染风险""], ""validation_points"": [""症状符合慢性呼吸道疾病特征"", ""用药反应提示非单一敏感菌感染"", ""环境因素（通风差、粪沟异味）加重呼吸道负担""], ""risk_flags"": [""潜在混合感染"", ""环境管理不足"", ""需实验室确诊""], ""case_type"": ""呼吸道采样送检"", ""target_disease"": ""猪支原体肺炎"", ""local_flags"": {""species_ok"": true, ""target_disease_in_diagnosis"": true, ""target_disease_mismatch"": false, ""contains_specific_dose"": false, ""contains_specific_withdrawal"": false, ""regulated_bad_treatment"": false}}",False,False,,,True,False,False,D:\XF-ChongQin\ai-\knowledge\llm_wiki_swine_authoritative,1465,887,"猪支原体肺炎
猪支原体肺炎、mycoplasmosis enzootic pneumonia
呼吸道采样送检
呼吸道症状持续，用药效果不稳定，用户询问采什么样品和如何鉴别混合感染。","{""HUMAN_REVIEWED"": 2, ""NEEDS_REVIEW"": 2}","[""RC-RESP-001"", ""SRC-0001"", ""SRC-0007"", ""SRC-0042"", ""SRC-0043"", ""SRC-0049"", ""SRC-0050"", ""SRC-0058"", ""SRC-0059"", ""SRC-0066"", ""SRC-0069"", ""SRC-0070"", ""SRC-0076"", ""SRC-0086""]",2221,25.69,ERNIE-4.5-Turbo-32K,88,28,18,23,20,False,True,"该回答整体表现良好，诊断准确性较高，症状与疾病匹配合理，诊断逻辑清晰，处方安全且与疾病相互印证，数据质量较高。未发现致命风险。
问题：diagnosis_accuracy: 诊断准确性较高，但未完全覆盖所有可能症状及鉴别诊断的详细分析。；pathology_logic: 病理逻辑合理，但可进一步细化混合感染的鉴别诊断逻辑。；prescription_safety: 处方安全，但休药期承诺不够具体，仅提及依据说明书及规定。；data_quality: 数据质量较高，但场景标签和验证点可更详细。",hunyuan-turbos-20250926,88,9,8,9,8,False,False,"该回答整体表现良好，诊断准确性较高，症状与疾病匹配合理，诊断逻辑清晰，处方安全且与疾病相互印证，数据质量较高。未发现致命风险。
问题：诊断部分未完全覆盖所有可能出现的症状及鉴别诊断的详细分析；病理逻辑虽合理，但对混合感染的鉴别可进一步细化；休药期承诺不够具体，仅笼统提及依据说明书及国家规定",True,ERNIE-4.5-Turbo-32K,True,pass,该回答整体表现良好，诊断准确性较高，症状与疾病匹配合理，诊断逻辑清晰，处方安全且与疾病相互印证，数据质量较高。尽管存在诊断未完全覆盖所有可能症状及鉴别诊断的详细分析、病理逻辑对混合感染的鉴别可进一步细化、休药期承诺不够具体等轻微不足，但不影响整体判断，未发现致命风险。,88.0,28,18,23,20,pass,17.84,95.89,
782cbc9f-be4a-5afb-8087-f77a8fa110ad,11,猪支原体肺炎,swine_hunyuan_turbos,hunyuan-turbos-20250926,成功,,猪,我家有200头80公斤左右的育肥猪，最近半个月陆续出现咳嗽、喘气，有的还夹带湿咳，采食量下降，体温正常偏低，用过替米考星拌料一周，症状缓解不明显。圈舍通风一般，粪沟有点臭。想问问这种情况是不是支原体肺炎？要不要做哪些样品送检？会不会是跟其他病原混合感染？,根据描述，该批育肥猪表现慢性咳嗽、喘气和采食下降，抗生素治疗反应不佳，结合饲养密度和通风条件，提示可能存在猪支原体肺炎（M. hyopneumoniae），并需警惕与PRRSV、PCV2、流感病毒或其他细菌性肺炎的混合感染。建议进行实验室检测明确病原谱。,treatment_direction: 针对可能的支原体及混合感染，可尝试使用对支原体有效的抗生素（如泰妙菌素类、氟喹诺酮类等），并结合对症支持治疗改善呼吸状况。；management_measures: 加强圈舍通风换气，降低氨气浓度；减少应激因素；分群管理，防止交叉感染；保证饮水清洁和营养供给。；sampling_and_testing: 采集鼻拭子、肺组织（必要时剖检取样）送实验室进行PCR检测，包括M. hyopneumoniae、PRRSV、PCV2、流感病毒等常见呼吸道病原，以明确混合感染情况。；prohibited_boundaries: 在未排除重大传染病前，不得随意出售、转运猪只；禁止使用未经批准的兽药或超范围用药。,具体休药期需依据所用药物说明书及当地监管部门规定执行，当前不建议给出具体天数。,"{""disease_name"": ""猪支原体肺炎"", ""severity"": ""中等"", ""scene_tags"": [""育肥猪"", ""慢性呼吸道症状"", ""支原体肺炎"", ""混合感染风险"", ""通风不良""], ""validation_points"": [""症状符合支原体肺炎特征（慢性咳嗽、喘气、低热、抗生素疗效有限）"", ""考虑了混合感染可能性（PRRSV、PCV2、流感等）"", ""建议了合理的采样方案（鼻拭子、肺组织PCR检测）""], ""risk_flags"": [""混合感染风险高"", ""潜在重大疫病排查需求""], ""case_type"": ""呼吸道采样送检"", ""target_disease"": ""猪支原体肺炎"", ""local_flags"": {""species_ok"": true, ""target_disease_in_diagnosis"": true, ""target_disease_mismatch"": false, ""contains_specific_dose"": false, ""contains_specific_withdrawal"": false, ""regulated_bad_treatment"": false}}",False,False,,,True,False,False,D:\XF-ChongQin\ai-\knowledge\llm_wiki_swine_authoritative,1465,887,"猪支原体肺炎
猪支原体肺炎、mycoplasmosis enzootic pneumonia
呼吸道采样送检
呼吸道症状持续，用药效果不稳定，用户询问采什么样品和如何鉴别混合感染。","{""HUMAN_REVIEWED"": 2, ""NEEDS_REVIEW"": 2}","[""RC-RESP-001"", ""SRC-0001"", ""SRC-0007"", ""SRC-0042"", ""SRC-0043"", ""SRC-0049"", ""SRC-0050"", ""SRC-0058"", ""SRC-0059"", ""SRC-0066"", ""SRC-0069"", ""SRC-0070"", ""SRC-0076"", ""SRC-0086""]",2221,35.01,ERNIE-4.5-Turbo-32K,88,28,18,23,20,False,True,"该回答整体上对猪支原体肺炎的诊断、治疗和管理措施进行了较为全面和准确的描述，考虑了混合感染的可能性，并提出了合理的采样和检测建议。诊断准确性较高，病理逻辑合理，处方安全，数据质量良好，无致命风险。
问题：diagnosis_accuracy: 诊断中虽然提到了猪支原体肺炎的可能性，但对症状的描述和与疾病的关联性分析可以更深入一些，例如可以增加对体温正常偏低这一症状的详细解释。；pathology_logic: 在考虑混合感染时，虽然提到了PRRSV、PCV2、流感病毒等，但未详细阐述这些病原与支原体肺炎的相互作用机制或常见混合感染模式。；prescription_safety: 处方中提到了使用对支原体有效的抗生素，但未具体说明药物的使用剂量和疗程，虽然提到了休药期需依据说明书和当地规定，但缺乏一定的具体性。；data_quality: 回答中的数据和信息较为完整，但在描述症状和诊断逻辑时，可以增加更多的临床案例或研究数据支持，以提高数据的质量和说服力。",hunyuan-turbos-20250926,85,4,4,5,4,False,False,"回答整体结构清晰，对猪支原体肺炎及其可能混合感染的分析较全面，给出了合理的采样与检测建议，管理措施符合规范，未出现危险用药建议。不足之处在于部分症状与疾病关联的解释不够深入，混合感染机制未展开，处方细节略显笼统。
问题：对体温正常偏低等症状与支原体肺炎的关联性解释不足；未详细说明常见混合感染的相互作用机制或流行模式；处方中缺少更具体的用药方案细节",True,ERNIE-4.5-Turbo-32K,True,pass,回答整体上对猪支原体肺炎的诊断、治疗和管理措施进行了较为全面和准确的描述，考虑了混合感染的可能性，并提出了合理的采样和检测建议。虽然存在部分症状与疾病关联的解释不够深入、混合感染机制未展开、处方细节略显笼统等轻微不足，但不影响整体诊断和处置方向，且无致命风险，因此判为pass。,87.0,28,18,23,20,pass,23.8,15.4,
a006a3f0-8b60-5771-b1d8-70997a4709ea,13,猪链球菌病,swine_hunyuan_turbos,hunyuan-turbos-20250926,成功,,猪,我家有200头保育猪，现在70日龄左右，最近几天陆续出现精神沉郁、采食量明显下降的情况，部分猪体温升高到40℃以上，有的还伴有咳嗽、呼吸急促，个别猪关节肿胀走路不稳。圈舍通风一般，前几天刚停喂过阿莫西林。想问问这大概是什么病？该怎么处理？,根据描述的症状（高热、采食下降、呼吸道表现、关节肿胀）及保育阶段易感性，高度怀疑为猪链球菌病（Streptococcus suis），可能同时存在继发细菌感染。需结合实验室检测确认病原型别。,立即将病猪与健康猪分栏隔离，加强圈舍保温与通风，适当提高环境温度以改善病猪体感舒适度；对出现明显症状的个体进行对症治疗并采样送实验室做病原鉴定和药敏试验；在检测结果出来前，可依据当地耐药情况选择广谱抗生素进行经验性治疗，同时避免使用未经许可的药物；严禁私自屠宰、销售可疑病猪及其产品；如怀疑为重大疫情，应按规定向当地动物防疫部门报告并按其指导处置。,按所用药物说明及国家相关规定执行，确保上市前达到安全休药期。,"{""disease_name"": ""猪链球菌病"", ""severity"": ""中等至严重"", ""scene_tags"": [""保育猪"", ""群体发病"", ""高热"", ""采食下降"", ""呼吸道症状"", ""关节肿胀""], ""validation_points"": [""症状符合猪链球菌病常见临床表现"", ""保育阶段为该病高发期"", ""存在可能的继发感染因素""], ""risk_flags"": [""需警惕人兽共患风险（皮肤伤口接触病猪或生肉）"", ""若确诊高致病力型别应按重大动物疫病防控要求处置""], ""case_type"": ""保育猪群体发病"", ""target_disease"": ""猪链球菌病"", ""local_flags"": {""species_ok"": true, ""target_disease_in_diagnosis"": true, ""target_disease_mismatch"": false, ""contains_specific_dose"": false, ""contains_specific_withdrawal"": false, ""regulated_bad_treatment"": false}}",False,False,,,True,False,False,D:\XF-ChongQin\ai-\knowledge\llm_wiki_swine_authoritative,1465,887,"猪链球菌病
猪链球菌病、streptococcosis streptococcus suis
保育猪群体发病
群体发病、采食下降、粪便或呼吸道异常，用户想知道主要病因和下一步处理。","{""HUMAN_REVIEWED"": 3, ""NEEDS_REVIEW"": 2}","[""SRC-0001"", ""SRC-0006"", ""SRC-0014"", ""SRC-0075"", ""SRC-0076""]",2076,30.6,ERNIE-4.5-Turbo-32K,88,28,18,23,20,False,True,"该回答整体表现良好，诊断准确性较高，症状与疾病匹配合理，处理方向安全且与疾病相互印证。病理逻辑基本清晰，但可进一步细化。处方安全，考虑到了人兽共患风险及重大疫病防控要求。数据质量方面，场景描述和症状标签较为全面，但可增加更多细节以提升质量。
问题：病理逻辑方面，虽然提到了继发细菌感染的可能性，但未详细说明如何鉴别和诊断继发感染，逻辑稍显不足。；数据质量方面，虽然场景描述和症状标签较为全面，但缺乏具体的实验室检测数据或更详细的临床检查信息来支持诊断。；诊断准确性方面，虽然高度怀疑猪链球菌病，但未提及如何排除其他类似疾病的可能性，如猪副嗜血杆菌病等。",hunyuan-turbos-20250926,85,90,80,95,80,False,False,"回答总体准确且安全，诊断与症状匹配度高，考虑了人兽共患风险及重大疫病防控要求，处方无危险建议。病理逻辑上虽提到继发感染可能性，但未详细阐述鉴别方法；数据质量尚可，但缺少更细化的实验室或临床检查结果支持诊断。
问题：未详细说明如何鉴别和诊断继发感染；未明确排除其他类似疾病（如猪副嗜血杆菌病）的可能性；缺乏更具体的实验室检测或临床检查数据支撑",True,ERNIE-4.5-Turbo-32K,True,pass,回答整体表现良好，诊断准确性较高，症状与疾病匹配合理，处理方向安全且与疾病相互印证。病理逻辑基本清晰，但可进一步细化。处方安全，考虑到了人兽共患风险及重大疫病防控要求。尽管存在未详细说明如何鉴别和诊断继发感染、未明确排除其他类似疾病的可能性以及缺乏更具体的实验室检测或临床检查数据支撑等轻微不足，但不影响整体判断，可判为 pass。,87.0,28,18,23,20,pass,20.3,15.32,
91199b94-5082-5bd4-b2b6-463f6e7e5d01,17,猪霉菌毒素中毒,swine_hunyuan_turbos,hunyuan-turbos-20250926,成功,,猪,我家有200头育肥猪，平均体重70公斤左右，最近换了新一批玉米粉，大概喂了三天后，发现部分猪采食量明显下降，有的还出现呕吐、拉稀，个别母猪发情不规律，产仔率也下降了。圈舍通风一般，湿度偏高，之前没用过脱毒剂。想问问是不是饲料有问题？该怎么处理？,根据描述，结合近期更换饲料、采食下降、呕吐、腹泻及繁殖障碍等症状，高度怀疑为猪霉菌毒素中毒，可能与新批次玉米粉受到霉菌污染有关。霉菌毒素可在收获、储存或运输过程中产生，不同毒素可导致消化、免疫及生殖功能受损。,treatment_direction: 立即停喂可疑饲料，更换为无霉变、质量可靠的原料，必要时添加经批准的霉菌毒素吸附剂或解毒剂；对严重病例进行对症治疗，如补液、纠正电解质失衡、控制继发感染。；management_measures: 加强饲料储存管理，保持干燥通风，防止二次霉变；清理料槽残留霉变饲料；监测猪群健康变化，记录采食量和生产性能。；sampling_and_testing: 采集剩余可疑饲料样本送实验室检测霉菌毒素含量，明确主要毒素类型及浓度，指导后续防控。；prohibited_boundaries: 严禁使用未经许可的添加剂或药物掩盖症状；禁止将疑似中毒猪与健康猪混养；若检出高风险毒素且波及范围广，应配合当地畜牧兽医部门采取相应防控措施。,因涉及饲料更换与管理措施调整，无特定药物休药期要求，但需确保新饲料安全并稳定供应后再恢复正常出栏计划。,"{""disease_name"": ""猪霉菌毒素中毒"", ""severity"": ""中等至重度（视毒素种类与摄入量而定）"", ""scene_tags"": [""饲料更换"", ""霉菌毒素污染"", ""育肥猪"", ""繁殖障碍""], ""validation_points"": [""症状与霉菌毒素中毒相符"", ""存在饲料更换史及环境条件利于霉菌生长"", ""建议停止饲喂可疑饲料并进行检测""], ""risk_flags"": [""可能涉及多批次饲料污染"", ""需排除其他中毒或传染病""], ""case_type"": ""饲料中毒咨询"", ""target_disease"": ""猪霉菌毒素中毒"", ""local_flags"": {""species_ok"": true, ""target_disease_in_diagnosis"": true, ""target_disease_mismatch"": false, ""contains_specific_dose"": false, ""contains_specific_withdrawal"": false, ""regulated_bad_treatment"": false}}",False,False,,,True,False,False,D:\XF-ChongQin\ai-\knowledge\llm_wiki_swine_authoritative,1465,887,"猪霉菌毒素中毒
猪霉菌毒素中毒、mycotoxins in grains and feeds
饲料中毒咨询
更换饲料或玉米批次后出现采食下降、呕吐、繁殖异常或神经症状，用户怀疑饲料问题。","{""NEEDS_REVIEW"": 2, ""PROCESSED_SOURCE_ANCHORED"": 2}","[""SRC-0001"", ""SRC-0085""]",2220,26.66,ERNIE-4.5-Turbo-32K,88,28,18,23,20,False,True,"该回答整体表现良好，诊断准确性较高，症状与疾病匹配合理，诊断逻辑清晰，处理方向安全且与疾病相互印证。数据质量方面，场景描述、用户查询、诊断、处方等信息完整且一致。未发现致命风险。
问题：diagnosis_accuracy: 诊断准确性较高，但未明确提及具体可能涉及的霉菌毒素类型（如黄曲霉毒素、玉米赤霉烯酮等），略显不足。；pathology_logic: 病理逻辑基本合理，但未详细解释不同霉菌毒素对猪的具体影响机制，略显简略。；data_quality: 数据质量良好，但场景标签中可增加更多细节，如具体霉菌毒素污染类型或更详细的环境条件描述。",hunyuan-turbos-20250926,85,8,8,9,8.5,False,False,"该数据整体真实可信，用户描述的换料后出现采食下降、呕吐、腹泻及繁殖障碍等症状符合猪霉菌毒素中毒的典型表现，诊断依据充分。处理方案包括停用可疑饲料、更换优质原料、对症支持治疗、环境管理和采样送检，方向正确且安全，未出现危险用药建议。不足之处在于未明确指出可能的毒素种类及其作用机制，信息深度可进一步提升。
问题：未明确列出可能涉及的霉菌毒素类型（如黄曲霉毒素、玉米赤霉烯酮等）及其特异性危害。；病理机制解释较为笼统，缺乏对不同毒素作用靶点的说明。；场景细节可进一步丰富，例如更具体的环境条件或饲料检测结果。",True,ERNIE-4.5-Turbo-32K,True,pass,该回答整体表现良好，诊断准确性较高，症状与疾病匹配合理，诊断逻辑清晰，处理方向安全且与疾病相互印证。数据质量方面，场景描述、用户查询、诊断、处方等信息完整且一致。尽管未明确提及具体可能涉及的霉菌毒素类型及详细病理机制，但不影响整体判断，未发现致命风险。,87.0,28,18,23,20,pass,18.03,17.31,
7a533fe6-198c-5699-b415-860434b17481,23,猪杯状病毒感染,swine_hunyuan_turbos,hunyuan-turbos-20250926,成功,,猪,我家有120头育肥猪，平均体重在60公斤左右，最近一周陆续出现精神沉郁、食欲下降的情况，部分猪有轻微腹泻，粪便偏稀但不带血，体温正常。圈舍通风一般，湿度偏高，之前用过一些益生菌拌料，没见明显改善。我想知道这种情况是不是病毒性的？如果要送样检测，应该采哪些样品比较合适？另外怕误诊耽误治疗，想提前了解下可能的方向和注意事项。,根据描述的临床表现（精神沉郁、食欲减退、轻度腹泻）和环境条件（高湿），结合猪群规模与发病模式，考虑病毒性肠炎的可能性较大，其中猪杯状病毒感染是需考虑的候选之一。该病可由多种杯状病毒引起，包括猪水疱疹病毒、猪诺如病毒、猪札如病毒等，且不同毒株致病力差异大，常表现为轻度至中度消化道症状。由于症状与其他病毒性或细菌性腹泻相似，仅凭临床难以确诊，需要实验室检测支持。,treatment_direction: 目前无特效抗病毒药物，以支持疗法为主，包括改善饲养管理、保证饮水清洁、补充电解质和维生素，减少应激。；management_measures: 加强圈舍通风换气，降低湿度；分群饲养，防止交叉感染；及时清理粪便并消毒环境；暂停使用可能刺激肠道的药物。；sampling_for_testing: 建议采集新鲜粪便样本（最好来自不同栏位的多头猪）、直肠拭子，必要时可同时采集血液或组织样本送实验室进行PCR检测，以明确是否为杯状病毒或其他病原。；prohibited_boundaries: 在未排除重大动物疫病前，不得擅自对外销售或调运动物；若怀疑非洲猪瘟等重大疫病，应立即按当地规定上报并采取隔离措施。,因无特定药物治疗，不涉及药物休药期。但若后续使用抗生素，应遵守相应休药期规定。,"{""disease_name"": ""猪杯状病毒感染"", ""severity"": ""中等（通常表现为轻到中度消化道症状，死亡率低，但可导致生长迟缓）"", ""scene_tags"": [""育肥猪"", ""群体发病"", ""轻度腹泻"", ""高湿环境""], ""validation_points"": [""症状符合病毒性腹泻特征"", ""环境因素增加病毒存活和传播机会"", ""需实验室检测区分杯状病毒与其他病原""], ""risk_flags"": [""需排除其他重要病毒性腹泻（如PED、TGE、轮状病毒）"", ""注意重大动物疫病排查""], ""case_type"": ""采样送检咨询"", ""target_disease"": ""猪杯状病毒感染"", ""local_flags"": {""species_ok"": true, ""target_disease_in_diagnosis"": true, ""target_disease_mismatch"": false, ""contains_specific_dose"": false, ""contains_specific_withdrawal"": false, ""regulated_bad_treatment"": false}}",False,False,,,True,False,False,D:\XF-ChongQin\ai-\knowledge\llm_wiki_swine_authoritative,1465,887,"猪杯状病毒感染
猪杯状病毒感染、caliciviruses norovirus sapovirus vesicular exanthema virus
采样送检咨询
用户描述症状后，重点询问采什么样品、如何判断和如何避免误治。","{""HUMAN_REVIEWED"": 3, ""NEEDS_REVIEW"": 2}","[""SRC-0001"", ""SRC-0034""]",2166,29.69,ERNIE-4.5-Turbo-32K,88,28,18,23,20,False,True,"该回答整体表现良好，诊断方向合理，考虑了病毒性肠炎的可能性，并特别提到了猪杯状病毒感染作为候选之一。处理方向安全，强调了支持疗法和饲养管理的改善，同时给出了详细的采样建议。数据质量较高，症状描述、环境因素和风险点均有提及。
问题：诊断准确性方面，虽然考虑了病毒性肠炎和猪杯状病毒感染，但未完全排除其他病毒性腹泻（如PED、TGE、轮状病毒）的可能性，尽管在风险点中提及，但诊断部分可更明确。；病理逻辑方面，对猪杯状病毒感染的病理机制解释不够深入，仅描述了症状和环境因素。；数据质量方面，虽然整体较好，但缺乏对猪杯状病毒感染具体流行病学特征的描述，如传播途径、易感猪群等。",hunyuan-turbos-20250926,85,80,78,90,85,True,False,"回答整体结构完整，诊断思路合理，将猪杯状病毒感染纳入可能性范围，并结合环境条件分析，提示了病毒性肠炎的可能。处理方案以非药物支持疗法为主，管理措施符合生物安全要求，采样建议详细且可行，未给出具体药物剂量或休药期，避免了用药风险。不足之处在于诊断部分未充分列举其他常见病毒性腹泻病原（如PED、TGE、轮状病毒），对猪杯状病毒的病理机制和流行病学特征描述不足，可能影响用户全面理解。
问题：诊断部分未明确列出其他常见病毒性腹泻病原，可能导致遗漏重要鉴别诊断。；对猪杯状病毒感染的病理机制及流行病学特征缺乏说明，影响专业深度。；病理逻辑链条略显单薄，未充分联系病毒特性与临床症状。",True,ERNIE-4.5-Turbo-32K,True,pass,回答整体结构完整，诊断方向合理，考虑了病毒性肠炎的可能性，并将猪杯状病毒感染作为候选之一。处理方案安全，以支持疗法和改善饲养管理为主，采样建议详细且可行。尽管在诊断部分未完全排除其他病毒性腹泻的可能性，且对猪杯状病毒感染的病理机制和流行病学特征描述不足，但这些不足不影响整体诊断和处理方向的安全性，且数据质量较高，症状描述、环境因素和风险点均有提及。,87.0,28,18,23,20,pass,18.49,18.1,
06dfa29c-da02-53ab-953e-2bb372cf7324,30,猪乙型脑炎,swine_hunyuan_turbos,hunyuan-turbos-20250926,成功,,猪,我家有120头能繁母猪，平均胎次2-3胎，最近两个月陆续发现几窝怀孕后期流产，有的产出死胎、木乃伊胎，还有个别弱仔，体温没明显升高，也没见腹泻咳嗽。周边今年夏天蚊子特别多，之前没打过乙脑疫苗。想问问这种情况要不要停配种？要送什么样品去检查？,根据描述，怀孕中后期流产、死胎、木乃伊胎及弱仔，且当地夏季蚊虫活跃，未接种乙脑疫苗，高度怀疑猪乙型脑炎病毒感染所致繁殖障碍。该病由日本脑炎病毒引起，通过蚊虫叮咬传播，可导致母猪流产、死胎、木乃伊胎及弱仔，公猪也可能出现睾丸炎。需结合实验室检测确认。,treatment_direction: 目前无特效抗病毒药物，主要采取支持性护理，加强圈舍防蚊灭蚊措施，改善通风降温条件，减少应激。对流产母猪观察恢复情况，必要时淘汰严重病例。；management_measures: 立即暂停受影响批次的配种计划，防止带毒母猪继续参与繁殖；暂停从外部引种，防止引入新病原；全群加强防蚊灭蚊工作，清理积水，使用驱蚊剂或纱窗等物理屏障；记录每批母猪的妊娠日龄、流产时间、胎儿状况，以便后续分析。；sampling_submission: 采集流产胎儿脑组织、脾脏、肝脏及部分羊水/胎盘组织，冷藏保存尽快送检；同时采集同群健康母猪血液进行血清学检测（如ELISA），排查抗体水平；有条件可做PCR检测病毒核酸。；prohibited_boundaries: 严禁将疑似病料随意丢弃或流入市场；禁止未经检疫的生猪调入调出；在未确诊前不得盲目使用抗生素或激素类药物掩盖病情。,本病为病毒性传染病，无特定药物休药期，重点在于控制传染源和切断传播途径。,"{""disease_name"": ""猪乙型脑炎"", ""severity"": ""中等至严重（可导致繁殖损失）"", ""scene_tags"": [""繁殖障碍"", ""流产"", ""死胎"", ""木乃伊胎"", ""弱仔"", ""蚊媒传播""], ""validation_points"": [""症状符合乙脑特征：怀孕中后期流产、死胎、木乃伊胎、弱仔"", ""环境因素支持蚊媒传播（夏季蚊虫多）"", ""未接种疫苗增加易感性""], ""risk_flags"": [""存在蚊媒传播风险，可能波及全场"", ""若不及时控制，可能导致连续批次繁殖失败"", ""需警惕公猪睾丸炎表现""], ""case_type"": ""繁殖障碍送检"", ""target_disease"": ""猪乙型脑炎"", ""local_flags"": {""species_ok"": true, ""target_disease_in_diagnosis"": true, ""target_disease_mismatch"": false, ""contains_specific_dose"": false, ""contains_specific_withdrawal"": false, ""regulated_bad_treatment"": false}}",False,False,,,True,False,False,D:\XF-ChongQin\ai-\knowledge\llm_wiki_swine_authoritative,1465,887,"猪乙型脑炎
猪乙型脑炎、japanese encephalitis virus
繁殖障碍送检
繁殖异常持续出现，用户询问该采哪些样品、是否需要暂停配种和引种。","{""HUMAN_REVIEWED"": 2, ""NEEDS_REVIEW"": 2}","[""RC-REPRO-001"", ""SRC-0001"", ""SRC-0035"", ""SRC-0045"", ""SRC-0048"", ""SRC-0049"", ""SRC-0050"", ""SRC-0060"", ""SRC-0061"", ""SRC-0067"", ""SRC-0068"", ""SRC-0085""]",2221,35.3,ERNIE-4.5-Turbo-32K,88,28,18,24,18,False,True,"该回答整体表现良好，诊断准确性较高，症状与疾病匹配合理，诊断逻辑清晰，处理方向安全且与疾病相互印证。数据质量方面，信息完整且场景标签准确，但部分细节可进一步优化。
问题：diagnosis_accuracy: 诊断准确性较高，但未完全覆盖所有可能症状（如公猪睾丸炎未在用户查询中明确提及，但回答中提及，虽合理但未直接对应查询内容，扣2分）。；pathology_logic: 病理逻辑清晰，但可进一步解释蚊媒传播与疾病发生的关系，以增强逻辑性，扣2分。；prescription_safety: 处方安全，但‘必要时淘汰严重病例’可更具体说明淘汰标准，以增强操作性，扣1分。；data_quality: 数据质量良好，但风险标志中‘需警惕公猪睾丸炎表现’未在用户查询中直接体现，虽为合理提醒，但可视为非直接相关细节，扣2分；场景标签准确，但可增加‘未接种疫苗’作为标签，以更全面反映情况，扣5分（因标签完整性扣分较多，但考虑到其他方面表现优秀，整体数据质量仍较高）。",hunyuan-turbos-20250926,85,90,90,95,80,True,False,"该回答在诊断上基本准确，症状与目标疾病匹配度高，处理方案符合乙脑防控原则，无明显危险建议，并强调了生物安全措施。不足之处在于部分细节（如公猪睾丸炎）未在用户提问中体现，采样与管理建议虽合理但可更贴合用户实际情境，场景标签不够全面。
问题：诊断部分提及的公猪睾丸炎未在用户问题中出现，略显多余。；病理机制解释可更深入，例如明确蚊媒传播链与感染过程。；管理建议中的淘汰标准不够具体，可能影响执行。；场景标签缺少“未接种疫苗”这一关键信息。",True,ERNIE-4.5-Turbo-32K,True,pass,回答整体表现良好，诊断准确性较高，症状与疾病匹配合理，诊断逻辑清晰，处理方向安全且与疾病相互印证。虽存在部分细节问题，如诊断中提及的公猪睾丸炎未在用户问题中出现，病理机制解释可更深入，管理建议中的淘汰标准不够具体，场景标签不够全面等，但不影响整体判断，数据质量较高。,87.0,28,18,24,18,pass,23.66,23.0,
b55881a6-d488-5025-b44f-9e906dccb135,32,猪戊型肝炎,swine_hunyuan_turbos,hunyuan-turbos-20250926,成功,,猪,我家有120头80公斤左右的育肥猪，这几天陆续有几头出现精神沉郁、食欲下降、粪便偏软的情况，体温在39℃左右，有的还伴有轻度黄疸。之前用了氟苯尼考和多西环素拌料喂了三天，感觉没明显改善。请问还能继续用这些药吗？会不会是人畜共患病？需要怎么处理？,根据描述的症状（发热、食欲减退、轻度黄疸、腹泻），结合育肥猪阶段及用药史，需高度怀疑猪戊型肝炎病毒感染可能，同时应排除其他病毒性、细菌性或寄生虫性肝炎类疾病。该病为粪口传播的人兽共患风险病毒病，但在猪群中多呈亚临床或轻症流行。,建议立即停喂原抗生素方案，改为支持性管理：保证清洁饮水、减少应激、适当补充维生素和电解质；加强圈舍通风与卫生消毒，防止交叉污染。采集病死猪或典型病例的肝组织、血液样本送实验室进行HEV PCR检测及血清学鉴定，明确病原。若确诊HEV且无明显继发细菌感染，不建议盲目使用抗菌药；如合并细菌感染，可在兽医指导下选用合规药物并遵守休药期规定。对疑似人兽共患风险的病例，应加强人员防护，避免直接接触分泌物。,因未使用特定药物，暂无具体休药期要求；如后续使用兽药，须严格按标签和国家法规执行休药期。,"{""disease_name"": ""猪戊型肝炎"", ""severity"": ""中等（可自限，部分个体重症）"", ""scene_tags"": [""育肥猪"", ""发热"", ""食欲减退"", ""黄疸"", ""腹泻"", ""人兽共患风险""], ""validation_points"": [""症状与HEV流行病学特征相符"", ""育肥猪阶段易发"", ""粪口传播途径提示生物安全重要性""], ""risk_flags"": [""人兽共患风险"", ""需实验室确诊"", ""禁止随意使用抗菌药""], ""case_type"": ""育肥猪用药咨询"", ""target_disease"": ""猪戊型肝炎"", ""local_flags"": {""species_ok"": true, ""target_disease_in_diagnosis"": true, ""target_disease_mismatch"": false, ""contains_specific_dose"": false, ""contains_specific_withdrawal"": false, ""regulated_bad_treatment"": false}}",False,False,,,True,False,False,D:\XF-ChongQin\ai-\knowledge\llm_wiki_swine_authoritative,1465,887,"猪戊型肝炎
猪戊型肝炎、hepatitis e virus
育肥猪用药咨询
育肥猪出现典型症状，用户已经用过常见药物但效果一般，询问是否继续用药。","{""HUMAN_REVIEWED"": 3, ""NEEDS_REVIEW"": 2}","[""SRC-0001"", ""SRC-0008"", ""SRC-0012"", ""SRC-0014"", ""SRC-0015"", ""SRC-0040""]",2105,33.37,ERNIE-4.5-Turbo-32K,88,28,18,24,18,False,True,"整体回答质量较高，诊断方向合理，症状与疾病匹配度较高，处理方向安全且符合疾病特点，但部分细节可优化。
问题：diagnosis_accuracy: 诊断中虽提及需排除其他病毒性、细菌性或寄生虫性肝炎类疾病，但未明确说明具体鉴别诊断方法，略显笼统。；pathology_logic: 病理逻辑基本合理，但对猪戊型肝炎在猪群中多呈亚临床或轻症流行的特点阐述不够深入，与症状关联性可加强。；prescription_safety: 处方安全合理，但未提及具体维生素和电解质的补充剂量或方式。；data_quality: 数据质量尚可，但场景标签中‘腹泻’症状在用户查询中描述为‘粪便偏软’，严格来说不完全一致；且未提及用户所在地区等可能影响疾病流行的因素。",hunyuan-turbos-20250926,85,8,8,9,7,False,False,"回答整体科学严谨，诊断思路清晰，考虑了猪戊型肝炎的可能性并提示排除其他病因，处理措施安全且包含实验室检测和生物安全措施，未给出危险用药建议。不足之处在于鉴别诊断方法不够细化，对症状与疾病特点的关联解释不足，以及轻微的数据表述不一致。
问题：鉴别诊断方法未具体化，仅泛泛提及需排除其他肝炎类疾病；对猪戊型肝炎在猪群中的流行病学特征与当前症状的关联分析不足；用户描述的“粪便偏软”被直接等同于“腹泻”，存在轻微语义偏差",True,ERNIE-4.5-Turbo-32K,True,pass,回答整体科学严谨，诊断方向合理，症状与疾病匹配度较高，处理方向安全且符合疾病特点。虽然存在鉴别诊断方法不够细化、对症状与疾病特点的关联解释不足以及轻微的数据表述不一致等轻微不足，但不影响整体判断，可判pass。,87.0,28,18,24,18,pass,23.92,14.94,
25495e64-5fb4-5121-a0b9-0b4cd39981f3,40,塞内卡病毒A感染,swine_hunyuan_turbos,hunyuan-turbos-20250926,成功,,猪,我家是育肥场，存栏大概1200头，平均体重在70公斤左右。最近两天发现同一栋舍里有七八头出现口蹄部水泡、跛行，有的还伴随发热，食欲下降。之前没用过什么特别的药物，圈舍通风一般，地面有点潮湿。我想问问能不能先用点消炎药或者退烧药看看情况？,根据描述的症状（口蹄部水疱、跛行、发热、食欲减退）及同栏短时间内多例发生的情况，高度怀疑为塞内卡病毒A感染或其他水疱类病毒病。该病临床表现与口蹄疫、猪水疱病等相似，需通过实验室检测区分。,treatment_direction: 目前无特效抗病毒药物，应以支持性护理为主，包括提供清洁饮水、易消化饲料，减少应激，保持圈舍干燥通风。对严重跛行个体可适当限制活动，防止继发损伤。；management_measures: 立即将疑似病例与健康猪群隔离，加强消毒，暂停转群和出售，记录发病数量与分布，监测体温和采食量变化。；sampling_submission: 采集水疱液、唾液、粪便等样本送有资质的实验室进行病原学检测（PCR），明确是否为塞内卡病毒A感染或其他法定疫病。；prohibited_boundaries: 在未排除口蹄疫等重大动物疫病前，严禁自行用药掩盖症状或继续销售运输，须严格遵循当地动物防疫部门指导。,因无特定治疗药物，不涉及药物休药期；但若涉及其他药物使用，应依据药品说明书并在停药后经检测合格方可出栏。,"{""disease_name"": ""塞内卡病毒A感染"", ""severity"": ""中等至严重（视传播范围和继发感染情况而定）"", ""scene_tags"": [""育肥猪"", ""水疱病变"", ""群体发病"", ""疑似病毒性""], ""validation_points"": [""症状符合塞内卡病毒A感染特征"", ""同栏多发提示传染性"", ""需实验室确诊排除口蹄疫""], ""risk_flags"": [""可能为重大动物疫病（需排除口蹄疫）"", ""存在快速传播风险"", ""未经确诊前禁止随意用药和销售""], ""case_type"": ""暴发与处置边界"", ""target_disease"": ""塞内卡病毒A感染"", ""local_flags"": {""species_ok"": true, ""target_disease_in_diagnosis"": true, ""target_disease_mismatch"": false, ""contains_specific_dose"": false, ""contains_specific_withdrawal"": false, ""regulated_bad_treatment"": false}}",False,False,,,True,False,False,D:\XF-ChongQin\ai-\knowledge\llm_wiki_swine_authoritative,1465,887,"塞内卡病毒A感染
塞内卡病毒A感染、senecavirus a picornaviruses
暴发与处置边界
同栏或多栋猪舍短期内发病增多，用户询问是否能先按普通病治疗观察。","{""HUMAN_REVIEWED"": 3, ""NEEDS_REVIEW"": 2}","[""SRC-0001"", ""SRC-0037"", ""SRC-0052""]",2178,32.14,ERNIE-4.5-Turbo-32K,88,28,18,24,18,False,True,"整体回答质量较高，诊断准确性、处方安全性和逻辑性均表现良好，数据质量基本满足要求，无致命风险。
问题：诊断部分对症状与疾病匹配的描述稍显笼统，未充分解释为何高度怀疑塞内卡病毒A感染而非其他水疱病。；病理逻辑部分对鉴别诊断的阐述不够深入，尤其是与口蹄疫的区分依据不足。；数据质量方面，场景标签和验证点的描述较为基础，缺乏更细致的分类或量化指标。；处方安全性中未明确提及人兽共患风险的处理措施，尽管塞内卡病毒A感染人兽共患风险较低，但仍需提及。",hunyuan-turbos-20250926,85,4,3.5,4.5,3.5,True,False,"该数据整体真实可信，用户描述的养殖背景、临床症状和现场环境符合塞内卡病毒A感染的流行病学特征。诊断思路合理，并强调了与口蹄疫等法定疫病的鉴别需求，处方以支持和隔离管理为主，避免了不当用药，且明确了禁止擅自用药和销售的防疫边界，无明显致命风险。但诊断部分对为何优先怀疑塞内卡病毒A而非其他水疱病解释不足，病理逻辑中对鉴别诊断的论证较浅，数据质量缺少更细化的分类信息，也未提及人兽共患风险的防控提示。
问题：诊断理由过于笼统，未详细解释为何优先考虑塞内卡病毒A而非口蹄疫或猪水疱病。；病理逻辑部分缺乏对鉴别诊断的深入分析，特别是与法定疫病的区分依据不足。；数据质量描述偏基础，缺少更具体的量化或分类细节。；处方安全性虽高，但未提及人兽共患风险防控措施。",True,ERNIE-4.5-Turbo-32K,True,pass,整体回答质量较高，诊断准确性、处方安全性和逻辑性均表现良好，数据质量基本满足要求，无致命风险。尽管诊断部分对症状与疾病匹配的描述稍显笼统，未充分解释为何高度怀疑塞内卡病毒A感染而非其他水疱病，且病理逻辑部分对鉴别诊断的阐述不够深入，但这些不足不影响整体判断，可通过后续优化提升。,87.0,28,18,24,18,pass,21.56,22.75,
efed52d9-21b6-5ba5-bf5e-f59bff802a15,41,猪痘,swine_hunyuan_turbos,hunyuan-turbos-20250926,成功,,猪,我家有80头育肥猪，平均体重在50公斤左右，最近几天发现部分猪背部、耳缘出现红色丘疹，有的已经结痂，个别猪精神稍差但不发烧，之前用过阿莫西林拌料三天没见好转。想问这种情况是不是猪痘？该采哪些样品送检才能确诊？怕误诊耽误处理。,根据描述，皮肤出现丘疹、结痂且分布局限，结合未发热、抗生素无效等特征，高度怀疑为猪痘病毒感染。该病多见于卫生条件较差的环境，可通过直接接触或猪虱等机械媒介传播。需通过实验室检测排除其他皮肤病及继发感染。,treatment_direction: 目前无特效抗病毒药物，以支持疗法为主，改善饲养环境，减少应激，防止继发细菌感染。；management_measures: 加强圈舍清洁消毒，驱除体外寄生虫（如猪虱），隔离发病猪，避免与健康猪混养。；sampling_submission: 采集典型病变皮肤组织（含痂皮及周围健康组织）、全血样本送实验室进行PCR检测及病理学检查，必要时同时采集疑似媒介昆虫。；prohibited_boundaries: 禁止将疑似病例直接按细菌性疾病长期投喂广谱抗生素；禁止在未确诊前随意使用激素类药物掩盖症状。,由于本病主要采取支持性管理和环境控制，不涉及特定化学药物停药问题，无需标注常规休药期。但若曾用抗生素，应遵守相应药物的停药规定。,"{""disease_name"": ""猪痘"", ""severity"": ""中等"", ""scene_tags"": [""育肥猪"", ""皮肤病变"", ""抗生素治疗无效"", ""环境管理""], ""validation_points"": [""皮肤丘疹伴结痂，分布局限"", ""抗生素治疗无效且无高热"", ""存在卫生条件差及潜在虫媒因素""], ""risk_flags"": [""易误诊为细菌性皮炎"", ""存在传播风险需隔离""], ""case_type"": ""采样送检咨询"", ""target_disease"": ""猪痘"", ""local_flags"": {""species_ok"": true, ""target_disease_in_diagnosis"": true, ""target_disease_mismatch"": false, ""contains_specific_dose"": false, ""contains_specific_withdrawal"": false, ""regulated_bad_treatment"": false}}",False,False,,,True,False,False,D:\XF-ChongQin\ai-\knowledge\llm_wiki_swine_authoritative,1465,887,"猪痘
猪痘、swinepox virus
采样送检咨询
用户描述症状后，重点询问采什么样品、如何判断和如何避免误治。","{""HUMAN_REVIEWED"": 4}","[""SRC-0009"", ""SRC-0012"", ""SRC-0051""]",2221,23.13,ERNIE-4.5-Turbo-32K,88,28,18,23,20,False,True,"整体回答质量较高，诊断准确性、处方安全性和数据质量均表现良好，病理逻辑稍显不足但不影响整体判断。无致命风险，符合通过标准。
问题：病理逻辑部分对猪痘的传播途径和继发感染风险分析不够深入，缺乏对其他类似皮肤病的详细鉴别诊断。；数据质量部分对用户查询的响应不够全面，例如未明确提及猪痘的典型流行季节或地区分布信息。",hunyuan-turbos-20250926,85,90,75,95,80,False,False,"回答总体准确，诊断思路合理，处方措施安全，并明确了采样送检方法和安全用药禁忌。但病理机制解释较浅，缺少与其他皮肤病的鉴别细节，以及流行病学背景补充。
问题：病理逻辑中对猪痘传播途径、继发感染风险的分析不够深入；缺乏对猪痘流行季节、地区分布的说明；未详细列出需要鉴别的其他常见猪皮肤病",True,ERNIE-4.5-Turbo-32K,True,pass,整体回答质量较高，诊断准确性、处方安全性和数据质量均表现良好，尽管病理逻辑部分对猪痘的传播途径和继发感染风险分析不够深入，缺乏对其他类似皮肤病的详细鉴别诊断，以及未明确提及猪痘的典型流行季节或地区分布信息，但这些不足不影响整体判断，无致命风险，符合通过标准。,87.0,28,18,23,20,pass,15.85,15.91,
85f49ea5-407a-52a0-965a-0893ba671e35,50,仔猪水肿病,swine_hunyuan_turbos,hunyuan-turbos-20250926,成功,,猪,我家有120头35日龄左右的保育猪，最近一周陆续出现精神沉郁、眼睑和头部明显水肿，个别猪拉稀，体温正常或略低，之前按大肠杆菌性腹泻用了恩诺沙星和硫酸粘菌素拌料三天，部分好转但仍有新发病例。请问这种情况还能继续用这些药吗？要不要送样检测？,根据描述，结合保育猪日龄、眼睑及头部水肿、腹泻病史、使用抗菌药效果不佳等特征，高度怀疑为仔猪水肿病（由产Stx2e毒素的EDEC引起）。该病常继发于断奶应激、饲料变化或肠道菌群失调，初期可表现为腹泻，随后出现神经症状和水肿。病程长时粪便细菌量下降，细菌培养可能阴性，但仍不能排除本病。,treatment_direction: 停止继续使用原方案抗菌药，改用针对产毒型大肠杆菌且考虑耐药性情况的敏感药物，并配合支持疗法（如补充电解质、维生素B族），减少应激因素。；management_measures: 立即分群隔离病猪，改善圈舍通风与温湿度控制，减少密度，保证饮水清洁，调整饲料过渡方式，避免突然更换配方。；sampling_and_testing: 采集新鲜粪便、肠内容物及病死猪组织（肝、脾、脑）送实验室进行细菌分离培养和毒素检测（Stx2e PCR或ELISA），必要时做药敏试验指导后续用药。；contraindications_and_boundaries: 禁止使用未经批准的抗生素或超范围用药；若检出多重耐药菌株，应谨慎选择药物并考虑公共卫生风险；发现群体死亡率高或扩散迅速，应立即向当地畜牧兽医部门报告，不排除重大疫病排查。,因涉及潜在耐药菌及食品安全风险，所有用药须严格遵循兽药说明书规定的休药期，并在出栏前确保无残留超标。,"{""disease_name"": ""仔猪水肿病"", ""severity"": ""中等至严重（取决于发病率和死亡数）"", ""scene_tags"": [""保育猪"", ""水肿"", ""腹泻"", ""抗菌药疗效不佳"", ""疑似产毒大肠杆菌""], ""validation_points"": [""符合仔猪水肿病的典型日龄与临床表现"", ""病程中出现神经症状和局部水肿"", ""抗菌治疗效果有限提示耐药或病原特性"", ""建议送检以明确病原与毒素类型""], ""risk_flags"": [""耐药风险"", ""公共卫生关注（耐药E. coli入食物链）"", ""需区分其他神经性疾病""], ""case_type"": ""腹泻用药咨询"", ""target_disease"": ""仔猪水肿病"", ""local_flags"": {""species_ok"": true, ""target_disease_in_diagnosis"": true, ""target_disease_mismatch"": false, ""contains_specific_dose"": false, ""contains_specific_withdrawal"": false, ""regulated_bad_treatment"": false}}",False,False,,,True,False,False,D:\XF-ChongQin\ai-\knowledge\llm_wiki_swine_authoritative,1465,887,"仔猪水肿病
仔猪水肿病、edema disease e coli
腹泻用药咨询
猪群腹泻后已用过常见抗菌药效果一般，用户询问是否继续用药以及是否需要送检。","{""HUMAN_REVIEWED"": 3, ""NEEDS_REVIEW"": 2}","[""SRC-0001"", ""SRC-0063"", ""SRC-0064"", ""SRC-0079""]",2117,28.88,ERNIE-4.5-Turbo-32K,88,28,18,23,20,False,True,"该回答对仔猪水肿病的诊断、处理方向及采样检测建议较为准确，符合疾病特征与逻辑，用药安全且考虑了耐药性和公共卫生风险，数据质量较高，无明显致命风险。
问题：diagnosis_accuracy: 诊断部分对仔猪水肿病的特征描述准确，但未明确排除其他类似疾病（如链球菌性脑膜炎、硒缺乏症等），可进一步增强鉴别诊断的说明。；pathology_logic: 病理逻辑基本合理，但对病程中腹泻与水肿的先后关系及神经症状的描述可更详细，以增强逻辑严谨性。；prescription_safety: 处方安全且考虑了耐药性和公共卫生风险，但未明确具体敏感药物的选择依据，可补充药敏试验的重要性。；data_quality: 数据质量较高，但场景标签和验证点可更具体，如增加“抗菌药使用史”和“病原检测必要性”等标签。",hunyuan-turbos-20250926,85,8.5,8.5,9,8.5,False,False,"该回答对仔猪水肿病的诊断和处理方向总体准确，符合临床特征与逻辑，考虑了耐药性与公共卫生风险，未给出危险用药建议，数据质量较高。不足之处在于鉴别诊断不够全面，病理机制描述可更细致，敏感药物选择依据需强化。
问题：未充分列举并排除其他可能引起相似症状的鉴别诊断（如链球菌性脑膜炎、硒缺乏症等）。；病程中腹泻与水肿的先后关系及神经症状的机制描述不够详尽。；敏感药物选择依据未明确说明，仅笼统提及需参考药敏结果。",True,ERNIE-4.5-Turbo-32K,True,pass,该回答对仔猪水肿病的诊断、处理方向及采样检测建议总体准确，符合疾病特征与逻辑，用药安全且考虑了耐药性和公共卫生风险，数据质量较高。尽管在鉴别诊断、病理机制描述及敏感药物选择依据方面存在轻微不足，但不影响整体判断，可通过后续优化提升严谨性。,87.0,28,18,23,20,pass,20.02,19.28,
87bc2614-a5f2-5a86-bbd4-550041f2a7e5,54,猪增生性肠炎,swine_hunyuan_turbos,hunyuan-turbos-20250926,成功,,猪,我家有200头保育到育肥阶段的猪，平均体重在40公斤左右，最近一周陆续出现拉稀，粪便偏黄带点黏液，个别猪精神稍差，采食量下降。之前已经用了恩诺沙星和土霉素拌料三天，部分好转，但还有十几头持续腹泻。想问下这种情况还能继续用抗生素吗？要不要送样检测一下？,根据描述，考虑可能为猪增生性肠炎（Lawsonia intracellularis感染），该病常表现为黄色至灰白色水样或黏液便，保育后期及育肥前期多发，抗生素治疗可能改善症状但不一定根除病原。需结合实验室检测（如PCR）确诊。,treatment_direction: 可继续使用广谱抗菌药物控制继发细菌感染，但应配合改善饲养管理以减少应激因素。；management_measures: 保持圈舍干燥清洁，减少密度，保证饮水卫生，分群饲养防止交叉感染。；sampling_and_testing: 建议采集新鲜粪便或肠内容物送至具备资质的实验室进行Lawsonia intracellularis PCR检测，必要时做病理学检查。；contraindications_and_boundaries: 若检出为猪增生性肠炎，应避免盲目更换多种抗生素，以防耐药；重大动物疫病（如非洲猪瘟等）需按当地规定立即报告并隔离处置。,因涉及不同药物种类，应依据所用药品说明书执行相应停药期，并在出栏前确保符合食品安全要求。,"{""disease_name"": ""猪增生性肠炎"", ""severity"": ""中等"", ""scene_tags"": [""保育猪"", ""育肥猪"", ""腹泻"", ""抗生素使用史""], ""validation_points"": [""症状与Lawsonia intracellularis感染相符"", ""抗生素疗效有限提示非单纯细菌性腹泻"", ""建议通过PCR检测确诊""], ""risk_flags"": [""潜在慢性经济损失"", ""存在耐药菌风险""], ""case_type"": ""腹泻用药咨询"", ""target_disease"": ""猪增生性肠炎"", ""local_flags"": {""species_ok"": true, ""target_disease_in_diagnosis"": true, ""target_disease_mismatch"": false, ""contains_specific_dose"": false, ""contains_specific_withdrawal"": false, ""regulated_bad_treatment"": false}}",False,False,,,True,False,False,D:\XF-ChongQin\ai-\knowledge\llm_wiki_swine_authoritative,1465,887,"猪增生性肠炎
猪增生性肠炎、proliferative enteropathy lawsonia intracellularis
腹泻用药咨询
猪群腹泻后已用过常见抗菌药效果一般，用户询问是否继续用药以及是否需要送检。","{""HUMAN_REVIEWED"": 2, ""NEEDS_REVIEW"": 2}","[""A0-MOA-573"", ""SRC-0001"", ""SRC-0071"", ""SRC-0072""]",2221,30.5,ERNIE-4.5-Turbo-32K,88,28,18,23,20,False,True,"整体回答质量较高，诊断准确性、病理逻辑、处方安全性和数据质量均表现良好，无明显致命风险。诊断与症状匹配，建议检测合理，治疗方向安全。
问题：diagnosis_accuracy: 诊断准确性较高，但未完全覆盖所有可能症状（如精神稍差、采食量下降的详细关联分析）。；pathology_logic: 病理逻辑合理，但未明确说明抗生素疗效有限的具体原因（如病原特殊性）。；prescription_safety: 处方安全，但休药期说明较为笼统，未针对具体药物给出明确指导。；data_quality: 数据质量良好，但风险标志（risk_flags）中未提及人兽共患风险（虽本病非人兽共患，但应明确排除）。",hunyuan-turbos-20250926,85,4,4,3.5,4,False,False,"该数据整体真实可信，用户描述的场景（保育-育肥阶段猪群、黄色带黏液腹泻、使用过恩诺沙星和土霉素后部分好转）与猪增生性肠炎的典型特征相符。诊断思路正确，建议送检PCR确认病原，符合临床实践。处方方向合理，强调管理改善和避免滥用抗生素，同时提示重大疫病防控要求，安全性较好。不足之处在于对抗生素疗效有限的解释不够深入，且休药期表述较笼统，缺乏针对具体药物的提醒。此外，虽然本病非人兽共患，但应在风险提示中明确排除，以增强严谨性。
问题：未充分解释抗生素疗效有限的原因（如Lawsonia intracellularis为胞内寄生菌，常规抗生素难以彻底清除）。；休药期说明过于笼统，未针对常用药物（如恩诺沙星、土霉素）给出更具体的停药时间参考。；未在风险说明中明确排除人兽共患病的可能性，尽管本病不属于此类，但应明确指出。",True,ERNIE-4.5-Turbo-32K,True,pass,整体回答质量较高，诊断与症状匹配，建议送检PCR确认病原符合临床实践，处方方向合理且安全性较好。尽管存在抗生素疗效解释不够深入、休药期表述较笼统、未明确排除人兽共患病风险等轻微不足，但不影响整体正确性和参考价值。,87.0,28,18,23,20,pass,21.39,22.05,
33b69b8b-12de-521a-a8b1-190db4e6464f,56,猪结核病,swine_hunyuan_turbos,hunyuan-turbos-20250926,成功,,猪,我家有200头80公斤左右的育肥猪，最近陆续有几头精神沉郁、食欲下降、咳嗽，体温正常，用了氟苯尼考和多西环素拌料一周，症状没明显好转。猪舍通风一般，地面潮湿，之前没有做过结核排查。这种情况还能继续用这些药吗？,根据描述的症状（慢性咳嗽、精神沉郁、食欲下降）和用药反应不佳，结合猪结核病在育肥猪多为亚临床且常通过屠宰发现的特点，高度怀疑为猪结核病可能，尤其在有潮湿环境和长期饲养条件下。该病由Mycobacterium属引起，包括MTBC、MAC等，仅靠临床症状难以确诊，需要实验室检测确认。,treatment_direction: 不建议继续使用常规抗生素，应停止当前方案并采集可疑猪的肺、淋巴结等组织送实验室进行抗酸染色和培养鉴定，明确是否为结核分枝杆菌感染。；management_measures: 立即隔离表现异常的个体，加强猪舍通风和干燥管理，减少人员、工具在不同栏舍间交叉使用，防止潜在传播。；sampling_and_testing: 对病死猪或淘汰猪取肺门淋巴结、肺脏等病变部位，做病理学检查、Ziehl-Neelsen抗酸染色及培养，必要时PCR分型确定Mycobacterium种类。；prohibited_boundaries: 在未排除猪结核病前，禁止将猪只外调或出售，禁止随意剖检和无防护处理尸体，避免人畜接触风险。,由于未确诊且可能涉及人兽共患风险，目前不应考虑出栏销售，需等待检测结果并根据当地动物防疫部门指导决定后续处置。,"{""disease_name"": ""猪结核病"", ""severity"": ""中等至严重（取决于病原类型及流行范围）"", ""scene_tags"": [""育肥猪"", ""慢性呼吸道症状"", ""抗生素治疗无效"", ""潮湿环境""], ""validation_points"": [""症状符合猪结核病亚临床或慢性过程特征"", ""常规抗生素无效提示非典型细菌感染"", ""环境潮湿增加Mycobacterium存活和传播风险""], ""risk_flags"": [""人兽共患风险"", ""需实验室确诊"", ""禁止擅自处理或外调""], ""case_type"": ""育肥猪用药咨询"", ""target_disease"": ""猪结核病"", ""local_flags"": {""species_ok"": true, ""target_disease_in_diagnosis"": true, ""target_disease_mismatch"": false, ""contains_specific_dose"": false, ""contains_specific_withdrawal"": false, ""regulated_bad_treatment"": false}}",False,False,,,True,False,False,D:\XF-ChongQin\ai-\knowledge\llm_wiki_swine_authoritative,1465,887,"猪结核病
猪结核病、tuberculosis
育肥猪用药咨询
育肥猪出现典型症状，用户已经用过常见药物但效果一般，询问是否继续用药。","{""HUMAN_REVIEWED"": 3, ""NEEDS_REVIEW"": 2}","[""SRC-0001"", ""SRC-0078""]",2104,31.55,ERNIE-4.5-Turbo-32K,88,28,18,24,18,False,True,"该回答在诊断准确性、病理逻辑、处方安全性和数据质量方面表现良好，整体符合猪结核病的诊断与处理要求，未发现致命风险。
问题：diagnosis_accuracy: 诊断部分对症状与猪结核病的关联性描述较为充分，但未明确提及体温正常这一关键信息与猪结核病的典型表现（通常低热或无热）的契合度，略显不足。；pathology_logic: 病理逻辑部分对猪结核病的病因、传播条件及诊断难度的阐述合理，但未充分解释为何常规抗生素无效（结核分枝杆菌对多数抗生素天然耐药），逻辑链条可更完整。；data_quality: 数据质量方面，场景标签和验证点基本覆盖核心信息，但风险标志中‘需实验室确诊’和‘禁止擅自处理或外调’的提示可更突出，以强化用户对疾病严重性的认知。",hunyuan-turbos-20250926,85,8,8,9,8.5,False,False,"回答准确识别了猪结核病的可能性，并结合环境条件和用药反应提出合理怀疑，强调需实验室确诊，给出了隔离、改善环境、规范采样检测及防控人畜共患风险的综合措施，无危险建议。不足之处在于未明确指出体温正常与结核低热特征的一致性，以及未详细解释常规抗生素无效的机制。
问题：未明确说明体温正常与猪结核病低热或无热的典型表现相符，削弱了诊断说服力。；未解释为何氟苯尼考和多西环素对结核分枝杆菌无效，导致病理逻辑链条不够完整。",True,ERNIE-4.5-Turbo-32K,True,pass,回答在诊断准确性、病理逻辑、处方安全性和数据质量方面表现良好，准确识别了猪结核病的可能性，并结合环境条件和用药反应提出合理怀疑，强调需实验室确诊，给出了隔离、改善环境、规范采样检测及防控人畜共患风险的综合措施，无危险建议。尽管存在未明确说明体温正常与猪结核病低热或无热的典型表现相符，以及未详细解释常规抗生素无效的机制等轻微不足，但不影响整体判断，可判pass。,87.0,28,18,24,18,pass,21.87,16.31,
74c54d8d-8eff-555c-b686-61affddaef62,58,猪虱病,swine_hunyuan_turbos,hunyuan-turbos-20250926,成功,,猪,我家有120头育肥猪，平均体重70公斤左右，最近几天有几头猪出现频繁蹭墙、抓痒的情况，背毛有点乱，皮肤没看到明显出血点，圈舍是水泥地面，平时通风还行，之前用过伊维菌素做驱虫，大概两个月前一次。现在想问是不是要全群喷药或者洗澡？要不要把圈舍彻底打扫一遍？过段时间怎么复查有没有好？,根据描述，该场育肥猪出现瘙痒、蹭墙行为，提示可能存在体外寄生虫感染。猪虱病的确诊需要找到活虱或附着于毛发的虫卵，仅凭瘙痒和毛发凌乱不能确诊。建议对表现症状的猪进行局部拔毛检查，寻找虱或虫卵，必要时采集样本送实验室鉴定。,treatment_direction: 如确诊为猪虱病，应对阳性个体及同栏猪实施体表杀虫处理，可选用经批准的体外驱虫剂按说明使用；同时加强饲养管理，防止交叉传播。；management_measures: 立即清理圈舍积粪、更换垫料，用水冲洗地面并用有效消毒剂消毒；改善通风，降低湿度；隔离有明显症状的猪，防止与健康猪混养；定期巡查其他栏位有无类似症状。；sampling_and_testing: 对疑似病例拔取被毛，用放大镜或解剖镜查找虱或虫卵；必要时将样本送至兽医实验室做形态学或分子鉴定。；prohibited_boundaries: 严禁使用未经批准的杀虫剂或人用药品；不得在未确诊情况下大规模全群投药；发现大量感染或怀疑重大疫病时须立即报告当地动物防疫部门。,若使用批准兽药，应遵守产品说明书规定的休药期，并在停药期满后按规定采样检测合格方可出栏。,"{""disease_name"": ""猪虱病"", ""severity"": ""中等"", ""scene_tags"": [""育肥猪"", ""体外寄生虫"", ""瘙痒"", ""圈舍环境""], ""validation_points"": [""诊断需发现虱或虫卵"", ""环境清理与消毒有助于阻断传播"", ""隔离措施可减少交叉感染""], ""risk_flags"": [""未确诊前不宜盲目全群用药"", ""圈舍潮湿、通风不良易复发""], ""case_type"": ""驱虫和环境管理"", ""target_disease"": ""猪虱病"", ""local_flags"": {""species_ok"": true, ""target_disease_in_diagnosis"": true, ""target_disease_mismatch"": false, ""contains_specific_dose"": false, ""contains_specific_withdrawal"": false, ""regulated_bad_treatment"": false}}",False,False,,,True,False,False,D:\XF-ChongQin\ai-\knowledge\llm_wiki_swine_authoritative,1465,887,"猪虱病
猪虱病、external parasites lice
驱虫和环境管理
用户询问是否需要全群处理、环境清理和复查方式。","{""HUMAN_REVIEWED"": 3, ""NEEDS_REVIEW"": 2}","[""SRC-0001"", ""SRC-0013"", ""SRC-0072"", ""SRC-0080"", ""SRC-0082""]",2028,26.9,ERNIE-4.5-Turbo-32K,88,27,18,23,20,False,True,"该回答整体上对猪虱病的诊断、处理方向、管理措施和复查方式进行了较为全面和合理的描述，符合测试数据有效性的要求。诊断部分考虑到了确诊所需的证据，处理方向和管理措施安全且与疾病相互印证，数据质量较高。
问题：诊断准确性方面，虽然提到了确诊需要找到活虱或虫卵，但未充分强调其他可能的鉴别诊断；病理逻辑方面，对猪虱病的病理机制解释不够深入；处方安全方面，虽然提到了使用经批准的体外驱虫剂，但未具体说明药物名称和剂量范围；数据质量方面，场景标签和验证点较为全面，但风险标志部分可以更加具体。",hunyuan-turbos-20250926,85,90,80,85,88,False,False,"该数据整体真实可信，用户描述的养殖规模、症状和行为特征与猪虱病相符，诊断思路合理且强调了需通过拔毛找虱或虫卵确认，避免误诊。处理方案与管理措施科学，包含隔离、环境清洁、消毒等，并明确禁止未经批准用药，安全性较好。未出现危险建议或违规操作。不足之处在于鉴别诊断提及不足、病理机制解释较浅、未细化药物类别及剂量范围。
问题：鉴别诊断仅提到需找虱或虫卵，未列举其他可能引起瘙痒的疾病（如疥螨、真菌性皮炎等）以排除混淆。；病理机制阐述不足，未说明猪虱叮咬引起瘙痒、皮肤损伤及继发感染的机理。；处方中未明确推荐的药物类型（如拟除虫菊酯类、有机磷类等），也未给出剂量范围参考。",True,ERNIE-4.5-Turbo-32K,True,pass,该回答对猪虱病的诊断、处理方向、管理措施和复查方式进行了较为全面和合理的描述，符合测试数据有效性的要求。诊断部分考虑到了确诊所需的证据，处理方向和管理措施安全且与疾病相互印证。尽管存在鉴别诊断提及不足、病理机制解释较浅、未细化药物类别及剂量范围等轻微不足，但整体数据质量较高，不影响其作为有效测试数据的价值。,87.0,27,18,23,20,pass,18.15,16.11,
0db0b2ca-7e8c-5a9b-9912-bd22ea539fd9,80,猪胸膜肺炎,swine_hunyuan_turbos,hunyuan-turbos-20250926,成功,,猪,我家有120头70公斤左右的育肥猪，最近一周陆续出现咳嗽、喘气，个别猪精神沉郁、采食减少，有的还发烧到40度左右，用了几天阿莫西林和氟苯尼考，症状缓解不明显，还有新发病例。圈舍通风一般，地面潮湿，粪便清理不及时。想问问这种情况该采哪些样品送检测？怎么判断是不是混合感染了？,根据描述，育肥猪出现急性呼吸道症状，伴发热、采食下降，抗生素治疗效果不佳，提示可能存在细菌性呼吸道疾病，结合流行病学特征及临床表现，高度怀疑为猪胸膜肺炎（Actinobacillus pleuropneumoniae），并需警惕与其他呼吸道病原体（如猪流感病毒、蓝耳病病毒、支原体）的混合感染。此外，环境因素（通风不良、高湿、氨气浓度升高）可加重病情，需在鉴别诊断中一并考虑。,treatment_direction: 针对疑似胸膜肺炎，可先使用广谱敏感抗生素控制细菌感染，同时配合支持疗法改善呼吸功能；若怀疑混合感染，应结合实验室检测结果调整方案。；management_measures: 立即加强圈舍通风换气，降低氨气浓度；保持干燥清洁，及时清粪；分群饲养，减少应激；对高热、呼吸困难严重的个体进行隔离观察。；sampling_for_testing: 采集病死猪或濒死猪的肺组织、气管分泌物以及鼻拭子，必要时采集血液做血清学检测；有条件可做PCR检测多种呼吸道病原（胸膜肺炎放线杆菌、猪流感病毒、蓝耳病病毒、支原体等），明确是否混合感染。；prohibited_boundaries: 在未排除重大传染病前，禁止随意出售、调运生猪；发现死亡病例应立即报告当地动物防疫部门，按规范采样送检，不得擅自剖检或丢弃尸体。,因涉及多病原检测及不同药物选择，实际休药期需依据最终确诊病原及所用药物种类确定，建议遵循国家兽药使用规范并在停药后按规定时间出栏。,"{""disease_name"": ""猪胸膜肺炎"", ""severity"": ""中等至严重（视混合感染情况而定）"", ""scene_tags"": [""育肥猪"", ""呼吸道症状"", ""抗生素治疗无效"", ""环境通风不良""], ""validation_points"": [""症状符合胸膜肺炎临床特征"", ""抗生素疗效不佳提示耐药或混合感染"", ""环境管理因素被纳入鉴别诊断""], ""risk_flags"": [""潜在混合感染"", ""环境致病因素叠加"", ""需实验室确诊""], ""case_type"": ""呼吸道采样送检"", ""target_disease"": ""猪胸膜肺炎"", ""local_flags"": {""species_ok"": true, ""target_disease_in_diagnosis"": true, ""target_disease_mismatch"": false, ""contains_specific_dose"": false, ""contains_specific_withdrawal"": false, ""regulated_bad_treatment"": false}}",False,False,,,True,False,False,D:\XF-ChongQin\ai-\knowledge\llm_wiki_swine_authoritative,1465,887,"猪胸膜肺炎
猪胸膜肺炎、actinobacillus pleuropneumoniae pleuropneumonia
呼吸道采样送检
呼吸道症状持续，用药效果不稳定，用户询问采什么样品和如何鉴别混合感染。","{""HUMAN_REVIEWED"": 3, ""NEEDS_REVIEW"": 2}","[""A0-MOA-573"", ""RC-RESP-001"", ""SRC-0001"", ""SRC-0007"", ""SRC-0042"", ""SRC-0043"", ""SRC-0049"", ""SRC-0050"", ""SRC-0058"", ""SRC-0059"", ""SRC-0066"", ""SRC-0069"", ""SRC-0070"", ""SRC-0076"", ""SRC-0086""]",2092,28.61,ERNIE-4.5-Turbo-32K,88,28,18,23,20,False,True,"该回答整体表现良好，诊断准确性较高，症状与疾病匹配合理，鉴别诊断考虑了混合感染和环境因素。病理逻辑清晰，但未详细说明诊断依据。处方安全，管理措施全面，采样建议合理。数据质量较高，但休药期说明不够具体。
问题：诊断部分未详细说明依据，如具体症状与猪胸膜肺炎的关联性。；病理逻辑部分缺乏对疾病机制的深入解释。；休药期说明不够具体，仅提到遵循国家规范，未给出具体建议。",hunyuan-turbos-20250926,85,90,80,90,85,False,False,"该数据整体真实可信，用户描述的育肥猪呼吸道症状与环境条件符合猪胸膜肺炎的典型临床背景，诊断思路合理且考虑了混合感染的可能性。处方方向正确，管理措施到位，采样建议科学，并明确了重大疫病的安全边界。不足之处在于诊断依据阐述不够详细，病理机制解释不足，休药期表述偏笼统。
问题：诊断部分未充分展开症状与猪胸膜肺炎之间的关联细节；缺乏疾病发生发展机制的病理逻辑说明；休药期建议过于笼统，未提供更具操作性的参考",True,ERNIE-4.5-Turbo-32K,True,pass,该回答整体表现良好，诊断准确性较高，症状与疾病匹配合理，鉴别诊断考虑了混合感染和环境因素。病理逻辑清晰，但未详细说明诊断依据。处方安全，管理措施全面，采样建议合理。休药期说明不够具体，但不影响整体数据质量。,87.0,28,18,23,20,pass,17.23,15.88,
fba65dcc-35fd-573a-93a4-8753fdd7856d,82,仔猪黄白痢,swine_hunyuan_turbos,hunyuan-turbos-20250926,成功,,猪,我家有200头保育猪，现在大概35公斤左右，最近一周陆续出现拉黄色稀便的情况，有的带点白色黏液，精神还行但采食量下降。之前已经按常规用了几天恩诺沙星和硫酸粘菌素，感觉效果不太明显，想问问还能不能再继续用这些药？要不要送样去化验一下？,根据描述，考虑为仔猪黄白痢（由致病性大肠杆菌引起），属于细菌性肠道疾病，常见于保育至育肥阶段。当前用药效果有限，可能与菌株耐药性有关，需结合实验室检测明确病原及药敏情况。,treatment_direction: 暂停盲目更换抗生素，先采集新鲜粪便样本送实验室进行病原分离与药敏试验，依据结果选择敏感药物。同时加强圈舍保温与通风，减少应激，保证饮水清洁。；management_measures: 改善饲养管理，降低密度，保持栏舍干燥卫生，防止继发感染；对严重脱水个体及时补液。；sampling_submission: 采集发病猪的新鲜粪便样品，冷藏保存并尽快送检，必要时可配合肠内容物或组织样本。；prohibited_boundary: 在未获得检测结果前，禁止随意使用广谱抗生素或超范围用药；若怀疑为重大动物疫病（如非洲猪瘟等）应按规定立即隔离并上报。,需根据最终选用的药物及药敏结果确定，并在停药期结束后方可屠宰或出售。,"{""disease_name"": ""仔猪黄白痢"", ""severity"": ""中等"", ""scene_tags"": [""保育猪"", ""腹泻"", ""抗生素治疗无效"", ""采样送检""], ""validation_points"": [""符合仔猪黄白痢的日龄与生产阶段特征"", ""症状与大肠杆菌性腹泻一致"", ""建议通过实验室检测指导用药""], ""risk_flags"": [""潜在耐药菌流行"", ""需排除其他重大疫病""], ""case_type"": ""腹泻用药咨询"", ""target_disease"": ""仔猪黄白痢"", ""local_flags"": {""species_ok"": true, ""target_disease_in_diagnosis"": true, ""target_disease_mismatch"": false, ""contains_specific_dose"": false, ""contains_specific_withdrawal"": false, ""regulated_bad_treatment"": false}}",False,False,,,True,False,False,D:\XF-ChongQin\ai-\knowledge\llm_wiki_swine_authoritative,1465,887,"仔猪黄白痢
仔猪黄白痢、neonatal post weaning colibacillosis、黄白痢、大肠杆菌、仔猪大肠杆菌病
腹泻用药咨询
猪群腹泻后已用过常见抗菌药效果一般，用户询问是否继续用药以及是否需要送检。","{""HUMAN_REVIEWED"": 1, ""NEEDS_REVIEW"": 4}","[""SRC-0001"", ""SRC-0063""]",2055,23.7,ERNIE-4.5-Turbo-32K,88,28,18,23,20,False,True,"整体回答质量较高，诊断准确性、处方安全性和数据质量均表现良好，病理逻辑稍显不足但不影响整体判断。无致命风险，符合通过标准。
问题：病理逻辑方面，对耐药性产生原因及可能涉及的菌株类型未展开详细分析，略显简略。；数据质量方面，对用户描述的症状细节（如黄色稀便与白色黏液的比例、采食量下降的具体程度）未进一步挖掘，可能影响诊断的全面性。",hunyuan-turbos-20250926,85,90,80,90,80,False,False,"该回答在诊断上准确识别了仔猪黄白痢，并结合用户描述给出了合理的处理建议，包括采样送检、调整管理措施以及避免盲目用药，安全性高且无致命风险。不足之处在于病理机制解释较简略，未深入分析耐药性与菌株特征的关系，且对症状的细节挖掘不够充分。
问题：病理逻辑部分对耐药性的成因和可能的致病菌株类型缺乏深入说明；未进一步追问或分析用户提供的症状细节（如稀便颜色比例、采食量下降幅度）",True,ERNIE-4.5-Turbo-32K,True,pass,整体回答质量较高，诊断准确识别了仔猪黄白痢，并结合用户描述给出了合理的处理建议，包括采样送检、调整管理措施以及避免盲目用药，安全性高且无致命风险。尽管在病理逻辑方面对耐药性产生原因及可能涉及的菌株类型未展开详细分析，略显简略，且对用户描述的症状细节（如黄色稀便与白色黏液的比例、采食量下降的具体程度）未进一步挖掘，可能影响诊断的全面性，但不影响整体判断。,87.0,28,18,23,20,pass,15.44,16.02,
d546fee1-5a15-5224-b11f-11471f7605b0,83,猪丹毒,swine_hunyuan_turbos,hunyuan-turbos-20250926,成功,,猪,我家是育肥场，存栏大概400头，现在这批猪平均90公斤左右。最近有五六头陆续出现精神沉郁、体温升高到41℃以上，皮肤上有淡红色到紫色的菱形斑块，有的还有关节肿、跛行的情况。病程已经有三四天了，之前用过阿莫西林拌料，效果不明显。想问问这种情况是不是猪丹毒？如果要送样检测的话应该取哪些部位？怎么保存运输才不会影响结果？另外怕误诊成别的病耽误防控。,根据描述的发热、皮肤菱形红斑、关节肿胀等症状，高度怀疑为急性猪丹毒。该病由革兰氏阳性杆菌引起，可通过血液、皮肤和关节液传播，常呈败血症表现。由于皮肤病变形态与其他病原（如A. suis、沙门氏菌、链球菌等）相似，必须通过实验室检测确诊。,treatment_direction: 一旦确诊应依据兽医指导使用敏感抗生素控制感染，同时加强饲养管理减少应激。；management_measures: 立即隔离发病猪，对圈舍进行彻底清洁消毒，防止交叉污染；保证饮水充足、饲料新鲜，减少密度。；sampling_and_testing: 采集发病猪的血液（抗凝）、皮肤病变组织及关节液样本，冷藏密封运输至具备资质的实验室进行细菌分离培养和PCR检测，必要时做血清学检测。；prohibited_boundaries: 在未确诊前禁止随意更换广谱抗生素或大剂量用药掩盖病情；严禁将可疑病例与健康猪混养；发现疑似重大疫情应立即向当地畜牧兽医部门报告。,具体停药期和休药期须按所用药物说明书及兽医处方执行，确保上市猪肉符合食品安全标准。,"{""disease_name"": ""猪丹毒"", ""severity"": ""高"", ""scene_tags"": [""育肥猪"", ""高热"", ""皮肤菱形斑"", ""关节肿胀"", ""抗生素治疗无效""], ""validation_points"": [""症状与急性猪丹毒典型表现一致"", ""需通过实验室检测排除A. suis等其他病原"", ""强调隔离、消毒和及时送检的重要性""], ""risk_flags"": [""可能误诊延误防控"", ""存在群体传播风险""], ""case_type"": ""采样送检咨询"", ""target_disease"": ""猪丹毒"", ""local_flags"": {""species_ok"": true, ""target_disease_in_diagnosis"": true, ""target_disease_mismatch"": false, ""contains_specific_dose"": false, ""contains_specific_withdrawal"": false, ""regulated_bad_treatment"": false}}",False,False,,,True,False,False,D:\XF-ChongQin\ai-\knowledge\llm_wiki_swine_authoritative,1465,887,"猪丹毒
猪丹毒、erysipelas
采样送检咨询
用户描述症状后，重点询问采什么样品、如何判断和如何避免误治。","{""HUMAN_REVIEWED"": 4}","[""SRC-0001"", ""SRC-0058"", ""SRC-0065""]",2221,25.93,ERNIE-4.5-Turbo-32K,88,28,18,23,20,False,True,"该回答整体表现良好，诊断准确性较高，症状与猪丹毒典型表现一致，且强调了实验室检测的重要性。病理逻辑清晰，考虑到了其他相似病原的鉴别诊断。处方安全合理，提出了隔离、消毒和及时送检等关键措施。数据质量方面，场景标签和验证点设置合理，风险标识明确。
问题：diagnosis_accuracy: 虽诊断准确，但未明确提及猪丹毒的病原名称（红斑丹毒丝菌），略显不足。；pathology_logic: 对其他相似病原的鉴别诊断描述可更详细，以增强逻辑严谨性。；data_quality: 场景标签和验证点虽合理，但可进一步丰富，如增加具体症状描述的标签。",hunyuan-turbos-20250926,85,8,8,9,8,False,False,"该数据场景真实，用户描述了典型的猪丹毒临床表现，包括高热、菱形红斑、关节肿胀等，与猪丹毒的典型特征相符。诊断部分正确识别了可能的疾病并强调实验室确诊，避免了仅凭经验下结论的风险。处方建议合理，包含隔离、消毒、送检等措施，并明确了未确诊前的用药禁忌，体现了生物安全和食品安全意识。不足之处在于病原学名未明确提及，鉴别诊断可更详尽，以及场景标签和验证点可进一步细化。
问题：诊断中未明确指出猪丹毒的病原为红斑丹毒丝菌（Erysipelothrix rhusiopathiae）。；鉴别诊断部分仅简单列举了几种可能病原，缺乏对各病原与猪丹毒在症状、流行特点上的对比分析。；场景标签和验证点设置较为笼统，可增加更多细节标签以方便后续模型训练。",True,ERNIE-4.5-Turbo-32K,True,pass,该回答整体表现良好，诊断准确性较高，症状与猪丹毒典型表现一致，且强调了实验室检测的重要性。病理逻辑清晰，考虑到了其他相似病原的鉴别诊断。处方安全合理，提出了隔离、消毒和及时送检等关键措施。虽然存在病原学名未明确提及、鉴别诊断可更详尽、场景标签和验证点可进一步细化等轻微不足，但不影响整体质量，可判pass。,87.0,28,18,23,20,pass,17.6,16.21,
ddac1f59-31ee-550d-bce6-c082f177b776,94,猪星状病毒感染,swine_hunyuan_turbos,hunyuan-turbos-20250926,成功,,猪,我家有200头保育猪，现在大概35日龄，最近一周陆续出现拉稀，有的带点黄色水样便，有的偏灰白，精神还行但采食量下降。之前按细菌性腹泻用了恩诺沙星和硫酸粘菌素拌料三天，效果不明显，还有零星新发病例。圈舍温度偏低，通风一般，想问还能不能再喂几天抗生素？要不要送样检测？,结合年龄、症状及用药史，考虑可能为病毒性腹泻，包括猪星状病毒感染等可能因素，同时存在继发细菌感染的可能。需通过实验室检测明确病原类型。,treatment_direction: 暂停或减少广谱抗生素使用，避免耐药菌产生；加强保温与通风管理，减少应激；提供易消化的饲料与清洁饮水；对严重脱水个体进行补液支持。；management_measures: 改善圈舍温湿度控制，保持干燥卫生；分栏饲养减少交叉感染；观察记录病情发展。；sampling_submission: 采集新鲜粪便样本送至具备资质的兽医实验室，检测星状病毒及其他常见腹泻病原（如轮状病毒、冠状病毒、大肠杆菌等），必要时做细菌分离鉴定。；prohibited_boundary: 在未明确病因前，不得随意更换或加大抗生素种类与用量；不得作为法定疫病防控的替代措施。,因当前无明确病原且未涉及特定药物疗程，暂无具体休药期建议，应依据检测结果及后续治疗方案确定。,"{""disease_name"": ""猪星状病毒感染"", ""severity"": ""中等"", ""scene_tags"": [""保育猪"", ""腹泻"", ""抗生素治疗无效"", ""环境应激""], ""validation_points"": [""符合保育猪腹泻高发年龄段"", ""症状与病毒性腹泻相符"", ""抗生素疗效不佳提示非单纯细菌感染""], ""risk_flags"": [""可能存在多种病原混合感染"", ""需排除其他重要病毒性腹泻""], ""case_type"": ""腹泻用药咨询"", ""target_disease"": ""猪星状病毒感染"", ""local_flags"": {""species_ok"": true, ""target_disease_in_diagnosis"": true, ""target_disease_mismatch"": false, ""contains_specific_dose"": false, ""contains_specific_withdrawal"": false, ""regulated_bad_treatment"": false}}",False,False,,,True,False,False,D:\XF-ChongQin\ai-\knowledge\llm_wiki_swine_authoritative,1465,887,"猪星状病毒感染
猪星状病毒感染、astroviruses、astrovirus、猪星状病毒
腹泻用药咨询
猪群腹泻后已用过常见抗菌药效果一般，用户询问是否继续用药以及是否需要送检。","{""HUMAN_REV"": 1, ""HUMAN_REVIEWED"": 1, ""NEEDS_REVIEW"": 2}","[""SRC-0001"", ""SRC-0032""]",2221,27.97,ERNIE-4.5-Turbo-32K,88,28,18,23,20,False,True,"该回答在诊断准确性、病理逻辑、处方安全性和数据质量方面表现良好，整体符合测试数据有效性要求。诊断考虑了病毒性腹泻的可能性，并建议实验室检测以明确病原，处方安全且合理，未发现致命风险。
问题：diagnosis_accuracy: 诊断中虽提及病毒性腹泻可能性，但对猪星状病毒感染的指向性不够明确，可进一步强化特异性症状描述与疾病关联。；pathology_logic: 病理逻辑部分对继发细菌感染的可能性分析不够深入，缺乏具体依据支持。；data_quality: 数据质量方面，场景标签和验证点较为全面，但风险标志中提及的'可能存在多种病原混合感染'未在后续处理中充分体现应对措施。",hunyuan-turbos-20250926,85,80,82,90,85,True,False,"该数据整体真实可信，用户描述的保育猪腹泻情况与病毒性腹泻（含猪星状病毒感染）高度吻合，诊断方向正确，并强调实验室检测的重要性。处方建议合理，避免了盲目使用抗生素，管理措施符合生物安全和动物福利原则，无明显危险建议。不足之处在于对猪星状病毒感染的特异性症状描述不足，继发细菌感染的分析较浅，以及未针对可能的多病原混合感染提出更具体的应对方案。
问题：诊断中对猪星状病毒感染的特异性症状描述不足，指向性不够强。；对继发细菌感染的可能性分析较浅，缺少具体依据支撑。；未针对可能存在的多病原混合感染制定更细化的应对策略。",True,ERNIE-4.5-Turbo-32K,True,pass,该回答在诊断准确性、病理逻辑、处方安全性和数据质量方面表现良好，整体符合测试数据有效性要求。诊断考虑了病毒性腹泻的可能性，并建议实验室检测以明确病原，处方安全且合理，未发现致命风险。尽管存在对猪星状病毒感染特异性症状描述不足、继发细菌感染分析较浅以及未针对多病原混合感染提出更具体应对方案等轻微不足，但不影响整体判断，可判为 pass。,87.0,28,18,23,20,pass,19.44,15.79,
e61283ee-fa18-58c4-b79b-abac9464cf12,106,猪伪狂犬病,swine_hunyuan_turbos,hunyuan-turbos-20250926,成功,,猪,我家有200多头母猪和600多头育肥猪，最近一周内同一栋舍里陆续出现几头30公斤左右的育肥猪精神沉郁、不吃料、体温升高到41℃左右，有的还伴有咳嗽和呼吸急促，个别猪后肢有点发软。之前用过替米考星拌料三天，效果不明显。现在隔壁栋舍也有类似情况，我担心是不是传染病，能不能先当普通呼吸道病治几天看看？,根据描述，短时间内多栋猪舍出现相似症状，包括高热、呼吸道表现及部分运动障碍，提示可能为病毒性传染病。结合流行病学特征，应考虑猪伪狂犬病的可能，该病可由疱疹病毒引起，传播迅速，常伴神经症状。需排除其他烈性传染病如非洲猪瘟等。,treatment_direction: 立即暂停场内猪只调运，限制人员车辆流动，对发病猪进行隔离观察，采集鼻拭子、血液样本送实验室检测，明确病原后再制定针对性措施。；management_measures: 加强生物安全，消毒通道和圈舍地面，病死猪无害化处理，健康猪群监测体温和采食情况。；sampling_and_testing: 采集发病猪的血液、鼻拭子和脑组织（如有死亡）送检PCR检测伪狂犬病病毒及其他烈性病原。；prohibited_actions: 严禁私自屠宰、出售或转运可疑病猪，禁止在未明确诊断前大规模投喂抗生素掩盖病情。,因未确定病因，暂不建议出栏销售，待检测结果和主管部门意见决定后续处理方案。,"{""disease_name"": ""猪伪狂犬病"", ""severity"": ""高"", ""scene_tags"": [""多栋舍同期发病"", ""高热"", ""呼吸道症状"", ""疑似神经症状""], ""validation_points"": [""短时间内多栋舍出现相似症状符合伪狂犬病流行特点"", ""抗生素治疗无效提示非单纯细菌性感染"", ""需通过实验室检测确诊""], ""risk_flags"": [""可能为人兽共患暴露风险，接触病猪体液需做好个人防护"", ""属重大动物疫病范畴，需按规定上报""], ""case_type"": ""暴发与处置边界"", ""target_disease"": ""猪伪狂犬病"", ""local_flags"": {""species_ok"": true, ""target_disease_in_diagnosis"": true, ""target_disease_mismatch"": false, ""contains_specific_dose"": false, ""contains_specific_withdrawal"": false, ""regulated_bad_treatment"": false}}",False,False,,,True,False,False,D:\XF-ChongQin\ai-\knowledge\llm_wiki_swine_authoritative,1465,887,"猪伪狂犬病
猪伪狂犬病、pseudorabies aujeszky disease
暴发与处置边界
同栏或多栋猪舍短期内发病增多，用户询问是否能先按普通病治疗观察。","{""HUMAN_REVIEWED"": 3, ""NEEDS_REVIEW"": 2}","[""A1-WOAH-AUJESZKY-DISEASE"", ""SRC-0001"", ""SRC-0054""]",2178,30.82,ERNIE-4.5-Turbo-32K,88,28,18,24,18,False,True,"整体回答质量较高，诊断方向准确，考虑到了病毒性传染病的可能性，并排除了其他烈性传染病。处理方向安全，符合疾病特征，且重视了生物安全和实验室检测。数据质量方面，症状描述和疾病特征匹配较好，但部分细节可进一步完善。
问题：diagnosis_accuracy: 诊断准确性较高，但未完全覆盖所有症状（如后肢发软）与猪伪狂犬病的典型关联，可进一步细化症状与疾病的对应关系。；pathology_logic: 病理逻辑基本合理，但未详细解释为何排除非洲猪瘟等其他烈性传染病，逻辑链条可更完整。；prescription_safety: 处理方向安全，但‘加强生物安全’部分可更具体，如消毒剂的选择和使用频率。；data_quality: 数据质量良好，但‘scene_tags’和‘validation_points’可更详细，如增加具体症状的描述和诊断依据的引用。",hunyuan-turbos-20250926,85,80,82,90,83,False,False,"该数据整体真实可信，用户描述的场景（多栋舍同时出现相似症状）与猪伪狂犬病的高传染性相符，诊断考虑了病毒性传染病可能性并提及排除非洲猪瘟等烈性病，处理方案强调隔离、采样检测和生物安全，无危险用药建议，符合安全边界。不足之处在于症状与疾病关联的说明不够细致，排除其他烈性病的理由未展开，以及生物安全措施可更具体化。
问题：未充分解释后肢发软与猪伪狂犬病的典型神经症状的对应关系；排除非洲猪瘟等烈性传染病的依据未详细说明；生物安全措施描述较笼统，缺乏具体操作细节",True,ERNIE-4.5-Turbo-32K,True,pass,整体回答质量较高，诊断方向准确，考虑到了病毒性传染病的可能性，并排除了其他烈性传染病。处理方向安全，符合疾病特征，且重视了生物安全和实验室检测。尽管在症状与疾病关联的说明、排除其他烈性病的理由以及生物安全措施的具体性方面存在轻微不足，但不影响整体判断，数据质量良好，可判pass。,87.0,28,18,24,18,pass,21.49,18.09,
179a50e6-2c3c-511e-8efc-70ba3809f464,109,猪流感,swine_hunyuan_turbos,hunyuan-turbos-20250926,成功,,猪,我这边是河南一个200头规模的育肥场，现在这批猪大概70日龄左右，最近两天陆续有几头开始咳嗽、喘气，体温测到39℃多，吃料明显慢下来，有的还趴着不动。舍内通风一般，早晚温差大，之前没用过什么药。我想知道是不是猪流感？要不要整批都打针或者喂药？,根据描述，该批次育肥猪出现急性呼吸道症状（咳嗽、喘气）、高热及采食下降，符合猪流感（Influenza Viruses）的典型临床表现。该病由甲型流感病毒引起，主要侵害呼吸道，常在气温变化、通风不良时暴发，具有高度传染性。,建议立即将病猪与健康猪分群管理，减少接触传播；改善舍内通风和保温，适当提高环境温度以缓解代谢应激；对表现症状的个体进行对症支持治疗（如退热、补液），并采集鼻拭子或咽拭子送实验室检测确诊；严禁使用未经批准的抗生素或抗病毒药物，避免掩盖病情延误防控；若确诊为猪流感，应依据当地防疫部门要求进行疫情报告和相应处置，必要时考虑疫苗紧急免疫，但须确保疫苗毒株与流行株匹配。,因无具体药物处方，暂无明确休药期要求；若后续使用合规兽药，应严格遵循说明书规定执行。,"{""disease_name"": ""猪流感"", ""severity"": ""中等偏上（高传染性，群体性发病风险高）"", ""scene_tags"": [""育肥猪"", ""群体呼吸道症状"", ""温差大"", ""通风不良""], ""validation_points"": [""症状与猪流感典型特征一致（咳嗽、喘气、高热、采食下降）"", ""环境因素（温差大、通风差）易诱发该病"", ""需通过实验室检测确认病原体""], ""risk_flags"": [""高传染性，存在快速扩散风险"", ""需防止误诊为其他呼吸道疾病而延误防控"", ""涉及重大动物疫病防控边界，需按法规报告""], ""case_type"": ""呼吸道群体发病"", ""target_disease"": ""猪流感"", ""local_flags"": {""species_ok"": true, ""target_disease_in_diagnosis"": true, ""target_disease_mismatch"": false, ""contains_specific_dose"": false, ""contains_specific_withdrawal"": false, ""regulated_bad_treatment"": false}}",False,False,,,True,False,False,D:\XF-ChongQin\ai-\knowledge\llm_wiki_swine_authoritative,1465,887,"猪流感
猪流感、influenza viruses
呼吸道群体发病
同栏出现咳嗽、喘气、发热、采食下降，用户想判断病因和是否需要全群用药。","{""HUMAN_REVIEWED"": 4}","[""SRC-0001"", ""SRC-0006"", ""SRC-0042"", ""SRC-0043""]",2221,25.93,ERNIE-4.5-Turbo-32K,88,28,18,23,20,False,True,"该回答整体表现良好，诊断准确性较高，症状与疾病匹配合理，病理逻辑清晰，处方安全且符合疾病防控要求，数据质量较高，无明显致命风险。
问题：diagnosis_accuracy: 诊断准确性较高，但未完全覆盖所有可能症状（如结膜炎、流涕等），略有遗漏。；pathology_logic: 病理逻辑基本清晰，但未详细解释环境因素如何具体影响疾病传播和发病机制。；prescription_safety: 处方安全，但未提供具体药物名称和剂量，仅给出一般性建议，略显不足。；data_quality: 数据质量较高，但风险标志部分可进一步细化，如明确报告流程和防控措施。",hunyuan-turbos-20250926,85,8,8.5,9,8.5,False,False,"该数据整体真实可信，用户描述的养殖背景、发病情况和环境条件符合猪流感的流行病学特征；诊断与症状匹配度高，病理机制阐述基本到位；处方建议安全，未出现违规用药或危险操作，并强调了实验室检测和防疫部门指导的重要性；数据质量较好，但存在轻微信息缺失，例如未提及其他常见伴随症状以及环境致病机制的细节说明。
问题：诊断部分未涵盖猪流感可能伴发的结膜炎、流涕等症状，覆盖面稍窄。；病理机制中未深入解释通风不良和温差大如何促进病毒传播与感染过程。；处方虽安全，但缺乏更具体的支持性治疗措施示例，可能影响实操指导性。",True,ERNIE-4.5-Turbo-32K,True,pass,该回答整体表现良好，诊断准确性较高，症状与疾病匹配合理，病理逻辑基本清晰，处方安全且符合疾病防控要求。尽管存在轻微不足，如未完全覆盖所有可能症状、未详细解释环境因素对疾病传播的具体影响机制，以及处方中缺乏具体药物名称和剂量，但这些不足不影响整体判断，数据质量较高，无明显致命风险。,87.0,28,18,23,20,pass,17.82,16.89,
63c130c0-c739-50aa-aaac-a7a8726fb117,111,猪细小病毒病,swine_hunyuan_turbos,hunyuan-turbos-20250926,成功,,猪,我这边是300头基础母猪的种猪场，最近有10多头怀孕80多天的母猪陆续流产，有的产下木乃伊胎，还有两头返情了。之前没用过疫苗，场内通风一般，湿度偏高。想问是不是细小病毒引起的？还能继续配种吗？,根据描述，怀孕中期至后期出现流产、木乃伊胎及返情，结合无免疫史、高湿环境等因素，高度怀疑为猪细小病毒病（PPV1）引起的繁殖障碍。该病主要经垂直传播，通过胎盘感染胎儿，导致胚胎死亡、吸收或形成木乃伊胎。需排除其他繁殖障碍病因如蓝耳病、伪狂犬病等。,treatment_direction: 目前无特效抗病毒药物，重点在于控制传染源、防止水平扩散，并对易感母猪进行免疫保护。；management_measures: 立即隔离流产母猪及其所产仔猪，减少接触传播机会；；对全场母猪进行流行病学调查，采集流产胎儿组织送实验室检测确诊；；在兽医指导下制定疫苗接种计划，优先对后备母猪和空怀母猪接种猪细小病毒灭活苗；；加强圈舍通风除湿，降低环境应激；；暂停引入新种源，直至疫情明确。；sampling_for_testing: 采集流产胎儿肝脏、肺脏等组织样本，以及部分母猪血清，送具备资质的实验室进行PCR检测和抗体检测，以区分PPV1与其他繁殖障碍病原体。；prohibited_boundaries: 严禁将疑似感染母猪或胎儿随意出售、转运或屠宰；不得擅自使用未经批准的疫苗或药物；发现大规模流产应立即向当地畜牧兽医部门报告，配合开展检疫和防控。,本病为病毒性繁殖障碍，无直接休药期概念，但建议至少间隔一个完整繁殖周期（约150天以上）且经检测阴性后再考虑正常配种或销售。,"{""disease_name"": ""猪细小病毒病"", ""severity"": ""中等偏重（可导致显著繁殖损失）"", ""scene_tags"": [""种猪场"", ""繁殖障碍"", ""流产"", ""木乃伊胎"", ""返情""], ""validation_points"": [""怀孕中后期流产与木乃伊胎符合PPV1特征性表现；"", ""缺乏免疫史增加感染风险；"", ""环境因素（高湿）可加重疾病发生""], ""risk_flags"": [""潜在重大动物疫病风险"", ""存在水平传播可能"", ""需实验室确诊""], ""case_type"": ""种猪繁殖障碍"", ""target_disease"": ""猪细小病毒病"", ""local_flags"": {""species_ok"": true, ""target_disease_in_diagnosis"": true, ""target_disease_mismatch"": false, ""contains_specific_dose"": false, ""contains_specific_withdrawal"": false, ""regulated_bad_treatment"": false}}",False,False,,,True,False,False,D:\XF-ChongQin\ai-\knowledge\llm_wiki_swine_authoritative,1465,887,"猪细小病毒病
猪细小病毒病、parvoviruses
种猪繁殖障碍
种猪场出现流产、死胎、返情或公猪异常，用户担心传染病和是否继续配种。","{""HUMAN_REVIEWED"": 3, ""NEEDS_REVIEW"": 2}","[""A0-MOA-573"", ""SRC-0001"", ""SRC-0045""]",2087,31.81,ERNIE-4.5-Turbo-32K,88,28,18,23,20,False,True,"该回答在诊断准确性、病理逻辑、处方安全性和数据质量方面表现良好，整体符合测试数据有效性要求。诊断准确识别了猪细小病毒病的特征性表现，并合理排除了其他疾病；病理逻辑清晰，考虑了环境因素和免疫史的影响；处方安全，提出了有效的管理措施和检测建议；数据质量较高，提供了详细的场景标签和验证点。
问题：diagnosis_accuracy: 诊断中虽提到需排除蓝耳病、伪狂犬病等其他繁殖障碍病因，但未具体说明如何区分这些疾病，略显不足。；pathology_logic: 病理逻辑部分对环境因素（高湿）如何加重疾病发生的解释不够深入。；data_quality: 数据质量方面，虽然提供了详细的场景标签和验证点，但对风险标志的描述可以更具体一些，例如明确潜在重大动物疫病风险的具体含义。",hunyuan-turbos-20250926,85,8.5,8.0,9.0,8.5,True,False,"该数据整体真实可信，用户描述的养殖规模、症状和环境条件符合猪细小病毒病的典型发病背景。诊断准确识别了核心症状（中期流产、木乃伊胎、返情），并结合免疫史与环境因素提出高度怀疑，同时提示需排除其他繁殖障碍性疾病，体现了较好的鉴别诊断意识。处方措施全面，包括隔离、送检、免疫规划、环境改善和禁止擅自用药，符合生物安全和法规防控要求。未出现危险建议，且有明确的重大疫病上报和安全边界。不足之处在于鉴别诊断细节不足、环境因素作用机制阐述较浅、风险描述可更具体化。
问题：鉴别诊断部分仅列出蓝耳病、伪狂犬病，但未给出区分要点或检测方法差异。；对高湿环境如何促进病毒传播或影响母猪免疫力的机制解释不足。；风险描述较为笼统，未明确重大动物疫病上报标准或判定依据。",True,ERNIE-4.5-Turbo-32K,True,pass,诊断准确识别了猪细小病毒病的特征性表现，并结合免疫史和环境因素提出高度怀疑，同时提示需排除其他繁殖障碍性疾病，体现了较好的鉴别诊断意识。处方措施全面，包括隔离、送检、免疫规划、环境改善和禁止擅自用药，符合生物安全和法规防控要求。尽管在鉴别诊断细节、环境因素作用机制阐述和风险描述方面存在轻微不足，但整体不影响数据的可用性和参考价值。,87.0,28,18,23,20,pass,20.66,21.01,
151f88b2-f89f-5a70-9ade-ea00ab12f5f2,112,非典型猪瘟病毒感染,swine_hunyuan_turbos,hunyuan-turbos-20250926,成功,,猪,我家有200头育肥猪，现在大概90公斤左右，分两栋圈养。最近一周第一栋里陆续出现精神沉郁、食欲下降、体温升高到40℃以上，还有几头出现皮肤发红、呼吸加快的情况，第二栋暂时没明显异常。之前用过阿莫西林饮水，效果不明显。我想问问能不能先当普通病治几天看看？,根据描述，短时间内多栋猪舍出现发热、精神沉郁、呼吸加快等症状，且常规抗生素治疗无效，提示可能存在病毒性感染。结合流行病学特征，不排除非典型猪瘟病毒感染的可能，但该病目前在中国无明确监管处置依据，需通过实验室检测排除其他重大疫病（如非洲猪瘟、经典猪瘟等）。,建议立即隔离可疑病例，停止场内随意调运猪只；采集血样、鼻拭子或扁桃体组织送专业实验室进行PCR检测，同时排查非洲猪瘟、经典猪瘟等其他烈性病；在未排除重大疫病前，不建议使用任何未经许可的药物进行大规模治疗；加强生物安全，限制人员、车辆进出，对圈舍及用具彻底消毒；若检测结果确认为非典型猪瘟病毒感染且无重大疫病混合感染，可尝试对症支持治疗（如补液、维生素、电解质），改善饲养管理条件，减少应激。,因未涉及具体药物使用，暂无休药期要求；但若后续使用兽药，须严格遵守国家相关规定执行休药期。,"{""disease_name"": ""非典型猪瘟病毒感染"", ""severity"": ""中等至严重（视是否合并其他病原而定）"", ""scene_tags"": [""育肥猪"", ""群发"", ""高热"", ""呼吸困难"", ""抗生素无效""], ""validation_points"": [""症状符合病毒性感染特征"", ""抗生素治疗无效提示非细菌性病因"", ""存在群发趋势需警惕重大疫病""], ""risk_flags"": [""可能与其他烈性传染病混淆，需实验室确诊"", ""存在疫情扩散风险，需严格生物安全措施""], ""case_type"": ""暴发与处置边界"", ""target_disease"": ""非典型猪瘟病毒感染"", ""local_flags"": {""species_ok"": true, ""target_disease_in_diagnosis"": true, ""target_disease_mismatch"": false, ""contains_specific_dose"": false, ""contains_specific_withdrawal"": false, ""regulated_bad_treatment"": false}}",False,False,,,True,False,False,D:\XF-ChongQin\ai-\knowledge\llm_wiki_swine_authoritative,1465,887,"非典型猪瘟病毒感染
非典型猪瘟病毒感染、atypical porcine pestivirus pestivirus infections
暴发与处置边界
同栏或多栋猪舍短期内发病增多，用户询问是否能先按普通病治疗观察。","{""HUMAN_REVIEWED"": 2, ""NEEDS_REVIEW"": 2}","[""SRC-0001"", ""SRC-0031"", ""SRC-0058""]",2221,22.81,ERNIE-4.5-Turbo-32K,88,28,18,24,18,False,True,"该回答在诊断准确性、病理逻辑、处方安全性和数据质量方面表现良好，整体符合非典型猪瘟病毒感染的测试数据要求，未发现致命风险。
问题：pathology_logic: 回答中对于非典型猪瘟病毒感染与其他重大疫病的鉴别诊断逻辑稍显不足，未充分阐述为何优先考虑非典型猪瘟病毒感染而非其他类似疾病。；data_quality: 回答中虽然提供了详细的症状描述和处置建议，但在数据完整性方面略有欠缺，例如未明确提及实验室检测的具体项目或方法。",hunyuan-turbos-20250926,85,9,8,10,8,False,False,"该数据场景真实，症状与目标疾病匹配度较高，诊断思路合理并强调实验室检测以排除重大疫病，处方建议安全且避免盲目用药，未出现危险建议。不足之处在于鉴别诊断逻辑不够深入，未详细说明优先怀疑非典型猪瘟的依据，以及实验室检测项目和方法未具体化。
问题：鉴别诊断部分对非典型猪瘟与其他类似疾病的区分理由不充分；实验室检测建议缺少具体检测项目与方法说明",True,ERNIE-4.5-Turbo-32K,True,pass,该回答在诊断准确性、病理逻辑、处方安全性和数据质量方面整体表现良好，诊断思路合理，强调实验室检测以排除重大疫病，处方建议安全且避免盲目用药，未出现危险建议。尽管在鉴别诊断逻辑和实验室检测建议的具体性方面存在轻微不足，但不影响整体判断，符合非典型猪瘟病毒感染的测试数据要求。,87.0,28,18,24,18,pass,13.63,15.67,
f07dd852-ab73-5ea9-aeca-fbda49dafcc1,143,猪富马毒素中毒,swine_hunyuan_turbos,hunyuan-turbos-20250926,成功,,猪,我家有120头育肥猪，平均体重在60公斤左右，上周刚换了一批新玉米做的全价料，这几天陆续出现采食量明显下降、有的猪还吐了，个别母猪配种后返情率也高了，还有两头猪走路不稳像有点神经症状。请问是不是饲料有问题？该怎么处理？,根据描述，结合近期更换饲料及出现的采食下降、呕吐、繁殖障碍和神经症状，高度怀疑为饲料中富马毒素含量过高引起的猪富马毒素中毒。该病可导致肺水肿、肝功能受损以及神经系统表现，需要结合饲料样品检测与血液生化指标综合判断。,treatment_direction: 立即停喂可疑批次饲料，更换为已知安全的原料配制饲料；加强饮水管理，防止脱水；对出现严重症状的个体进行对症支持治疗，如补液、保肝护肾药物辅助。；management_measures: 全面排查库存饲料及原料，封存可疑批次并送检；改善圈舍通风，降低应激；记录发病数量、症状变化及死亡情况，便于后续分析。；sampling_and_testing: 采集剩余可疑饲料送实验室检测富马毒素含量；有条件时采集病猪血样做肝功能、肾功能及血气分析，以评估器官损伤程度。；prohibited_actions: 严禁继续使用未经检测的饲料；禁止将病死猪流入市场或随意丢弃；在未明确病因前，不要盲目使用抗生素或其他药物掩盖症状。,因属中毒事件，无特定休药期概念，但需确保饲料更换至安全水平且猪群恢复正常后再考虑出栏或销售。,"{""disease_name"": ""猪富马毒素中毒"", ""severity"": ""中等至高"", ""scene_tags"": [""饲料更换"", ""育肥猪"", ""繁殖障碍"", ""神经症状""], ""validation_points"": [""症状与富马毒素中毒相符"", ""存在饲料更换史"", ""建议饲料检测验证""], ""risk_flags"": [""疑似饲料中毒"", ""潜在群体性健康风险""], ""case_type"": ""饲料中毒咨询"", ""target_disease"": ""猪富马毒素中毒"", ""local_flags"": {""species_ok"": true, ""target_disease_in_diagnosis"": true, ""target_disease_mismatch"": false, ""contains_specific_dose"": false, ""contains_specific_withdrawal"": false, ""regulated_bad_treatment"": false}}",False,False,,,True,False,False,D:\XF-ChongQin\ai-\knowledge\llm_wiki_swine_authoritative,1465,887,"猪富马毒素中毒
猪富马毒素中毒、fumonisin toxicosis
饲料中毒咨询
更换饲料或玉米批次后出现采食下降、呕吐、繁殖异常或神经症状，用户怀疑饲料问题。","{""NEEDS_REVIEW"": 2, ""PROCESSED_SOURCE_ANCHORED"": 2}","[""SRC-0001"", ""SRC-0085""]",2221,33.36,ERNIE-4.5-Turbo-32K,88,28,18,23,20,False,True,"该回答整体表现良好，诊断准确，逻辑清晰，处理方向安全，数据质量较高。诊断部分结合了症状和饲料更换史，高度怀疑猪富马毒素中毒，符合疾病特征。病理逻辑部分解释了富马毒素中毒的病理表现，与症状相互印证。处方安全部分提出了停喂可疑饲料、加强饮水管理、对症支持治疗等合理措施，并强调了饲料检测和病猪血样检测的重要性。数据质量方面，提供了详细的场景标签和验证点，有助于评估测试数据的有效性。
问题：diagnosis_accuracy: 诊断部分虽然高度怀疑猪富马毒素中毒，但未明确提及需要排除其他类似症状疾病的可能性，如某些感染性疾病或营养缺乏症，略显不足。；pathology_logic: 病理逻辑部分对富马毒素中毒的病理表现解释较为全面，但可进一步细化不同症状与病理变化之间的直接联系，以增强逻辑性。；prescription_safety: 处方安全部分整体合理，但可增加对补液、保肝护肾药物具体使用方法和剂量的说明，以提高可操作性。；data_quality: 数据质量方面，虽然提供了详细的场景标签和验证点，但可增加对猪群整体健康状况的描述，如发病率、死亡率等，以更全面地反映数据质量。",hunyuan-turbos-20250926,85,8,8.5,9,8.5,False,False,"该案例基于真实养殖情境，用户描述了更换饲料后出现采食下降、呕吐、繁殖障碍及神经症状，与猪富马毒素中毒的典型表现相符。诊断思路合理，考虑了饲料因素，并结合症状提出高度怀疑，同时指出需结合检测确认。处方方案安全，强调停用可疑饲料、加强饮水、对症支持治疗及采样检测，未给出具体药物剂量，避免了用药风险。管理措施全面，包含饲料排查、环境改善和疫情记录，符合生物安全和食品安全要求。不足之处在于未明确提示需排除其他可能病因（如感染、营养缺乏），病理机制阐述可更细致，数据信息可补充发病率、死亡率等量化指标。
问题：诊断未明确提示需排除其他可能引起相似症状的疾病（如感染、营养缺乏）。；病理机制解释虽全面，但缺少症状与病理变化的直接对应关系细化。；数据描述缺少猪群整体健康状态量化信息（如发病率、死亡率）。",True,ERNIE-4.5-Turbo-32K,True,pass,该回答整体表现良好，诊断准确，结合了症状和饲料更换史，高度怀疑猪富马毒素中毒，符合疾病特征。病理逻辑部分解释了富马毒素中毒的病理表现，与症状相互印证。处方安全部分提出了停喂可疑饲料、加强饮水管理、对症支持治疗等合理措施，并强调了饲料检测和病猪血样检测的重要性。管理措施全面，包含饲料排查、环境改善和疫情记录，符合生物安全和食品安全要求。尽管存在一些轻微不足，如未明确提示需排除其他可能病因、病理机制阐述可更细致、数据信息可补充发病率和死亡率等量化指标，但不影响整体判断，可判为 pass。,87.0,28,18,23,20,pass,23.74,21.97,
0f7e9a02-b658-5908-8594-a955dd693cbb,148,猪流行性腹泻,swine_hunyuan_turbos,hunyuan-turbos-20250926,成功,,猪,我家有200头120公斤左右的育肥猪，快到出栏时间了，最近三天陆续有几头开始拉水样稀粪，精神还行，采食量稍微下降，圈舍温度偏低，之前没用过疫苗。这种情况还能继续养着卖吗？要不要隔离？用什么药能控制住？会不会传染别的栏的猪？,根据描述，育肥猪在低温环境下出现水样腹泻、采食减少，结合流行病学特点，高度怀疑为猪流行性腹泻（PED）。该病由冠状病毒引起，主要通过粪口途径传播，对育肥猪致死率不高，但会造成短期生长受阻和饲料转化率下降。,立即将发病栏与健康栏物理隔离，防止交叉感染；加强保温措施，减少冷应激；全群饮水中添加电解质多维缓解脱水；可试用支持性药物改善肠道功能，但无特效抗病毒药；采集新鲜粪便送实验室做RT-PCR确诊；若确诊为PED，应按当地动物防疫部门要求进行无害化处理或限制调运，不可擅自出售。,因属病毒性传染病，无明确化学药物休药期，但需按疫情处置规定执行禁售及消毒期，直至官方解除封锁。,"{""disease_name"": ""猪流行性腹泻"", ""severity"": ""中等"", ""scene_tags"": [""育肥猪"", ""临近出栏"", ""低温应激"", ""腹泻""], ""validation_points"": [""符合PEDV在育肥阶段的临床表现"", ""强调隔离与生物安全措施"", ""提示需实验室确诊并按法规处置""], ""risk_flags"": [""可能属于二类动物疫病，需向当地畜牧兽医部门报告""], ""case_type"": ""腹泻出栏边界"", ""target_disease"": ""猪流行性腹泻"", ""local_flags"": {""species_ok"": true, ""target_disease_in_diagnosis"": true, ""target_disease_mismatch"": false, ""contains_specific_dose"": false, ""contains_specific_withdrawal"": false, ""regulated_bad_treatment"": false}}",False,False,,,True,False,False,D:\XF-ChongQin\ai-\knowledge\llm_wiki_swine_authoritative,1465,887,"猪流行性腹泻
猪流行性腹泻、porcine epidemic diarrhea virus、PED、PEDV
腹泻出栏边界
临近出栏猪群出现腹泻，用户关心处理方向、隔离和用药后能否销售。","{""HUMAN_REVIEWED"": 3, ""NEEDS_REVIEW"": 2}","[""A0-MOA-573"", ""A2-EFSA-PED-PDCOV-OPINION"", ""SRC-0001"", ""SRC-0037""]",2168,25.16,ERNIE-4.5-Turbo-32K,88,28,18,24,18,False,True,"该回答整体上对猪流行性腹泻的诊断、处理方向和隔离措施进行了较为准确的描述，符合真实场景需求，诊断逻辑合理，处理方向安全，但部分细节可进一步优化。
问题：诊断准确性方面，虽然高度怀疑为猪流行性腹泻，但未明确提及与其他类似疾病的鉴别诊断，如猪传染性胃肠炎等。；病理逻辑方面，对疾病传播途径和影响的描述较为全面，但缺乏对疾病潜伏期和病程发展的详细说明。；处方安全性方面，处理措施基本安全，但未明确提及支持性药物的具体种类和使用方法，可能影响实际操作的准确性。；数据质量方面，回答内容较为完整，但部分信息如实验室确诊的提示和疫情处置规定的引用可以更具体和详细。",hunyuan-turbos-20250926,85,90,85,80,85,False,False,"整体回答贴合真实养殖场景，对猪流行性腹泻（PED）的诊断依据充分，处理方案包括隔离、保温、补液和支持治疗等方向正确且安全，并强调了实验室确诊和疫情处置的重要性，避免了直接销售的建议，体现了安全边界意识。不足之处在于未列出鉴别诊断要点，对潜伏期和病程说明不足，以及支持性药物缺乏更具体的指导。
问题：缺少与其他相似疾病（如猪传染性胃肠炎）的鉴别分析；未说明PED的潜伏期和典型病程发展过程；支持性药物仅笼统提及，缺乏操作层面的细化建议",True,ERNIE-4.5-Turbo-32K,True,pass,整体回答对猪流行性腹泻的诊断依据充分，处理方案包括隔离、保温、补液和支持治疗等方向正确且安全，并强调了实验室确诊和疫情处置的重要性，避免了直接销售的建议，体现了安全边界意识。尽管存在未列出鉴别诊断要点、对潜伏期和病程说明不足以及支持性药物缺乏更具体指导等轻微不足，但不影响整体诊断和处置方向的安全性和有效性，因此判为pass。,87.0,28,18,24,18,pass,18.01,18.31,
9b47846d-45c5-5b01-8b5d-784c776f2661,156,猪丹毒,swine_hunyuan_turbos,hunyuan-turbos-20250926,成功,,猪,我家有120头80公斤左右的育肥猪，这几天有几头陆续出现精神沉郁、体温升高到41℃左右，皮肤上有淡红色到紫色的菱形斑块，有的还有关节肿、跛行的情况，已经持续三四天了，圈舍通风一般，之前用过阿莫西林饮水，效果不明显。现在快到出栏时间了，这种情况还能治吗？会不会影响卖猪？,根据描述，结合皮肤菱形红斑、高热、关节肿胀等症状，高度怀疑为急性败血型猪丹毒。该病由革兰氏阳性杆菌引起，可通过血液传播，易在应激条件下暴发。需要与A. suis败血症、沙门氏菌感染、链球菌病等作实验室鉴别。,treatment_direction: 立即隔离病猪，减少混群应激；对全群进行敏感抗生素支持性治疗（如青霉素类或四环素类），配合解热镇痛措施；改善圈舍通风与卫生条件，降低密度。；management_measures: 加强饲养管理，保证清洁饮水与饲料营养；病死猪无害化处理，防止病原扩散；密切监测同栏其他猪只健康状态。；sampling_and_testing: 采集病猪血液、皮肤病变组织及关节液送实验室做细菌分离培养与PCR鉴定，必要时做血清学检测以排除其他相似疾病。；prohibited_boundaries: 严禁使用未经批准的违禁药物；禁止将可疑病猪与健康猪混养或直接出售；发现疫情应按规定向当地畜牧兽医部门报告。,因临近出栏且使用了抗生素治疗，需依据所用药物种类及国家相关规定执行相应休药期，确保猪肉安全后方可上市销售。建议暂停出栏计划直至检测结果和休药期明确。,"{""disease_name"": ""猪丹毒"", ""severity"": ""高"", ""scene_tags"": [""育肥猪"", ""高热"", ""菱形皮肤病变"", ""关节肿胀"", ""临近出栏""], ""validation_points"": [""临床表现符合急性败血型猪丹毒特征"", ""需与A. suis败血症等多病原鉴别"", ""治疗与管理措施需兼顾控制传播和保障食品安全""], ""risk_flags"": [""重大动物疫病风险"", ""人畜共患病无直接风险"", ""存在跨区域传播隐患""], ""case_type"": ""上市休药期咨询"", ""target_disease"": ""猪丹毒"", ""local_flags"": {""species_ok"": true, ""target_disease_in_diagnosis"": true, ""target_disease_mismatch"": false, ""contains_specific_dose"": false, ""contains_specific_withdrawal"": false, ""regulated_bad_treatment"": false}}",False,False,,,True,False,False,D:\XF-ChongQin\ai-\knowledge\llm_wiki_swine_authoritative,1465,887,"猪丹毒
猪丹毒、erysipelas
上市休药期咨询
用户接近出栏，关心治疗方向和用药后能否出栏销售。","{""HUMAN_REVIEWED"": 4}","[""SRC-0001"", ""SRC-0058"", ""SRC-0065""]",2221,28.7,ERNIE-4.5-Turbo-32K,88,28,18,23,20,False,True,"该回答对猪丹毒的诊断准确，症状描述与疾病特征匹配，鉴别诊断考虑全面。治疗与管理措施兼顾了疾病控制与食品安全，休药期建议合理。数据质量较高，信息完整且逻辑清晰。
问题：诊断准确性方面，虽提及鉴别诊断但未详细说明实验室鉴别方法的具体选择依据。；病理逻辑方面，对疾病传播途径和应激条件暴发的描述稍显笼统，缺乏具体案例或数据支持。；处方安全方面，未明确列出具体抗生素种类及剂量范围，仅提及药物类别。；数据质量方面，风险标签中‘人畜共患病无直接风险’的表述可能引发误解，猪丹毒虽非典型人畜共患病，但仍有潜在风险需谨慎说明。",hunyuan-turbos-20250926,85,90,85,88,85,False,False,"该数据整体真实可信，用户描述的育肥猪症状与猪丹毒的典型表现高度吻合，诊断思路正确并考虑了鉴别诊断。治疗方案符合常规防控原则，管理措施到位，包含必要的生物安全和上报要求。休药期提示合理，避免了具体药物剂量，降低了用药风险。不足之处在于部分细节可更严谨，例如实验室鉴别方法的选取依据、应激诱发机制的描述以及人畜共患风险的表述需要更准确。
问题：实验室鉴别方法的选择依据未详细解释，可能影响临床操作指导的针对性。；对猪丹毒在应激条件下的暴发机制描述较笼统，缺少实例或数据支撑。；关于人畜共患病风险的说法不够严谨，可能引起误解。",True,ERNIE-4.5-Turbo-32K,True,pass,该回答对猪丹毒的诊断准确，症状描述与疾病特征匹配，鉴别诊断考虑全面。治疗与管理措施兼顾了疾病控制与食品安全，休药期建议合理。尽管存在部分细节描述不够严谨的问题，如实验室鉴别方法的选择依据、应激诱发机制的描述以及人畜共患病风险的表述，但这些问题属于轻微不足，不影响整体诊断和处置方向的安全性和有效性。,87.0,28,18,23,20,pass,20.17,18.66,
d6fb90ec-b851-525d-a5bb-cfc1f9c92d2e,162,猪球虫病,swine_hunyuan_turbos,hunyuan-turbos-20250926,成功,,猪,我家有120头25日龄左右的保育猪，这几天陆续出现拉稀，粪便是黄色水样带点酸臭味，部分猪精神差、采食下降。之前用了恩诺沙星和硫酸粘菌素拌料三天，腹泻没明显好转。圈舍温度偏低，地面潮湿。我想问下这种情况是不是球虫引起的？要不要继续用抗生素还是改喂别的药？另外需要送样去化验吗？,根据日龄、腹泻性状及抗生素治疗无效的情况，应考虑仔猪球虫病的可能，但需与大肠杆菌性腹泻、轮状病毒、传染性胃肠炎、产气荚膜梭菌C型及Strongyloides ransomi等鉴别。单纯粪便检出球虫卵囊不能作为确诊依据，应结合剖检肠道病变综合判断。,建议先改善饲养管理，保持圈舍干燥温暖，减少应激；可采集新鲜粪便样品进行显微镜检查并送实验室做病原学检测，必要时配合剖检观察小肠黏膜病变。若确诊为球虫感染，可在兽医指导下使用抗球虫药物，同时停用广谱抗生素以减少肠道菌群紊乱。严禁自行使用未经许可的人用或兽用药物。如怀疑重大传染病，应立即向当地动物防疫部门报告并按规定处置。,如使用抗球虫药物，须遵循产品说明书及国家相关规定，确保停药期后方可出栏或屠宰。,"{""disease_name"": ""猪球虫病"", ""severity"": ""中等"", ""scene_tags"": [""保育猪"", ""腹泻"", ""抗生素治疗无效"", ""潮湿低温环境""], ""validation_points"": [""结合日龄、腹泻特征与抗生素治疗反应考虑球虫可能"", ""强调需与多种腹泻病因鉴别"", ""指出卵囊检出不能单独确诊""], ""risk_flags"": [""需排除重大传染病"", ""需专业兽医诊断"", ""禁止擅自用药""], ""case_type"": ""腹泻用药咨询"", ""target_disease"": ""猪球虫病"", ""local_flags"": {""species_ok"": true, ""target_disease_in_diagnosis"": true, ""target_disease_mismatch"": false, ""contains_specific_dose"": false, ""contains_specific_withdrawal"": false, ""regulated_bad_treatment"": false}}",False,False,,,True,False,False,D:\XF-ChongQin\ai-\knowledge\llm_wiki_swine_authoritative,1465,887,"猪球虫病
猪球虫病、coccidia and other protozoa、球虫、球虫感染、coccidiosis、coccidia
腹泻用药咨询
猪群腹泻后已用过常见抗菌药效果一般，用户询问是否继续用药以及是否需要送检。","{""HUMAN_REVIEWED"": 2, ""NEEDS_REVIEW"": 2}","[""SRC-0001"", ""SRC-0081""]",2220,32.55,ERNIE-4.5-Turbo-32K,88,28,18,23,20,False,True,"该回答在诊断准确性、病理逻辑、处方安全性和数据质量方面表现良好，整体符合测试数据有效性要求。诊断考虑了日龄、腹泻特征及抗生素治疗无效的情况，合理怀疑球虫病并建议鉴别诊断。处方强调改善饲养管理、送检确诊及合理用药，符合安全原则。数据质量较高，信息完整且风险标识明确。
问题：diagnosis_accuracy: 诊断准确性得分稍低，主要因未明确提及球虫病的典型病理变化（如小肠黏膜出血性炎症）作为支持依据，仅依赖日龄和抗生素无效稍显不足。；pathology_logic: 病理逻辑得分中等，鉴别诊断列表较全面，但未进一步说明各疾病的特征性差异（如轮状病毒腹泻多见于更小日龄猪、传染性胃肠炎呕吐明显等），逻辑严密性可提升。；data_quality: 数据质量得分受限于未明确提及球虫病的流行病学特点（如潮湿环境易发）与用户场景（地面潮湿）的直接关联，信息整合度稍弱。",hunyuan-turbos-20250926,85,8,7.5,9,8,False,False,"该回答整体结构清晰，诊断思路合理，能够结合日龄、腹泻性状及抗生素无效情况考虑球虫病可能，并列出多种鉴别诊断，提示送检和剖检确认，避免盲目用药。处方中强调改善饲养管理、送检确诊、兽医指导用药，并警示不得私自使用人用或兽用药物，对重大疫病防控有明确提醒，安全性高。不足之处在于缺乏球虫病典型病理变化的描述，鉴别诊断未细化各疾病特征，以及未直接联系用户描述的潮湿环境到球虫流行因素，导致诊断准确性和病理逻辑略有欠缺。
问题：未明确提及球虫病的典型病理变化（如小肠黏膜出血性炎症）以支持诊断。；鉴别诊断虽全面，但未进一步说明各疾病的关键临床特征差异。；未将用户提到的‘地面潮湿’与球虫高发环境直接关联，流行病学分析不够紧密。",True,ERNIE-4.5-Turbo-32K,True,pass,该回答在诊断准确性、病理逻辑、处方安全性和数据质量方面表现良好。诊断结合日龄、腹泻性状及抗生素无效情况，合理怀疑球虫病并建议鉴别诊断，虽未明确提及典型病理变化，但整体思路合理。处方强调改善饲养管理、送检确诊及合理用药，符合安全原则，且对重大疫病防控有明确提醒。数据质量较高，信息完整，风险标识明确。尽管存在轻微不足，如未细化鉴别诊断特征和未直接关联环境因素，但不影响整体判断，可判为pass。,87.0,28,18,23,20,pass,24.58,19.09,
e353a908-6796-5af6-9394-8f14e7c8e2f2,174,猪托罗病毒感染,swine_hunyuan_turbos,hunyuan-turbos-20250926,成功,,猪,我家是200头左右的保育到育肥阶段的猪，最近有20多头出现拉稀，精神还行，采食量下降不多，已经用了恩诺沙星和氟苯尼考三天，效果不太明显，粪便还是偏稀带点酸臭味，想问下是不是还要继续用抗生素？要不要送样检测一下？,根据描述，保育至育肥猪群在腹泻初期使用广谱抗菌药物效果不佳，且粪便性状呈酸性气味，提示可能由病毒性因素引起，其中猪托罗病毒感染需在鉴别诊断中考虑。该病目前在中国尚无明确监管处置要求，但在临床实践中应与细菌性肠炎、PCV2相关综合征等鉴别。,treatment_direction: 暂停继续使用广谱抗菌药，改为支持性护理，包括改善饮水卫生、补充电解质和维生素，减少应激，保持圈舍干燥通风。；management_measures: 分群饲养，将腹泻猪与健康猪隔离，防止交叉感染；加强饲料新鲜度管理，避免霉变；观察体温、食欲及脱水情况。；sampling_and_testing: 采集腹泻粪便样本送至具备资质的实验室进行病原学检测，包括猪托罗病毒、猪流行性腹泻病毒、轮状病毒、PCV2等，必要时结合血清学检测。；prohibited_boundaries: 在未明确病因前，不得盲目更换或加大抗生素用量；不得将此病误判为人兽共患病而采取不当防控措施。,无特定休药期建议，因当前主要措施为支持性护理和病因排查，不涉及特定药物治疗。,"{""disease_name"": ""猪托罗病毒感染"", ""severity"": ""中等"", ""scene_tags"": [""保育猪"", ""育肥猪"", ""腹泻"", ""抗菌药无效"", ""病原检测""], ""validation_points"": [""症状符合病毒性腹泻特征"", ""抗菌药治疗效果不佳支持非细菌性病因"", ""需通过实验室检测排除其他重要病原""], ""risk_flags"": [""需警惕与其他病毒性腹泻病原混合感染"", ""若伴随高热、高死亡率应考虑重大疫病排查""], ""case_type"": ""腹泻用药咨询"", ""target_disease"": ""猪托罗病毒感染"", ""local_flags"": {""species_ok"": true, ""target_disease_in_diagnosis"": true, ""target_disease_mismatch"": false, ""contains_specific_dose"": false, ""contains_specific_withdrawal"": false, ""regulated_bad_treatment"": false}}",False,False,,,True,False,False,D:\XF-ChongQin\ai-\knowledge\llm_wiki_swine_authoritative,1465,887,"猪托罗病毒感染
猪托罗病毒感染、porcine torovirus
腹泻用药咨询
猪群腹泻后已用过常见抗菌药效果一般，用户询问是否继续用药以及是否需要送检。","{""HUMAN_REVIEWED"": 2, ""NEEDS_REVIEW"": 3}","[""SRC-0001"", ""SRC-0079"", ""SRC-0083""]",2055,26.18,ERNIE-4.5-Turbo-32K,88,28,18,23,20,False,True,"该回答整体表现良好，诊断方向合理，考虑了病毒性因素，并建议进行病原学检测以明确病因。治疗方向安全，避免了盲目使用抗生素，并提出了支持性护理和管理措施。数据质量较高，症状描述与疾病特征相符，风险点提示合理。
问题：诊断准确性方面，虽然考虑了病毒性因素，但对猪托罗病毒感染的特异性症状描述不够详细，可能影响诊断的精确性。；病理逻辑方面，对鉴别诊断的阐述不够深入，尤其是与其他病毒性腹泻病原的区分不够明确。；数据质量方面，虽然场景标签和验证点较为全面，但风险标志的提及略显简单，未充分展开可能的风险情况。",hunyuan-turbos-20250926,85,80,82,90,85,True,False,"该数据整体真实可信，用户描述的养殖规模、发病情况和用药反应符合实际生产场景。诊断部分考虑到病毒性因素并建议送检，方向合理；治疗方案强调停用广谱抗生素、支持性护理和隔离管理，安全性高，未出现危险建议。不足之处在于对猪托罗病毒感染的特征性症状描述不足，鉴别诊断可更细化，风险提示可更全面。
问题：对猪托罗病毒感染的典型临床表现缺乏详细描述，影响诊断精准度。；鉴别诊断部分对其他常见病毒性腹泻病原（如PEDV、轮状病毒）的区分说明不够充分。；风险提示虽存在，但未覆盖所有潜在危害（如误诊延误防控）。",True,ERNIE-4.5-Turbo-32K,True,pass,诊断方向合理，考虑了病毒性因素并建议进行病原学检测以明确病因，治疗方向安全，避免了盲目使用抗生素，并提出了支持性护理和管理措施。尽管对猪托罗病毒感染的特异性症状描述不够详细，鉴别诊断的阐述不够深入，但整体内容安全且疾病匹配，数据质量较高。,87.0,28,18,23,20,pass,18.5,14.11,
9255eaa8-7e79-5371-9e8d-688dd04b4a66,179,猪伪狂犬病,swine_hunyuan_turbos,hunyuan-turbos-20250926,成功,,猪,我家有200多头母猪和600多头育肥猪，最近一周发现几头40斤左右的仔猪出现发烧、精神沉郁、口吐白沫、四肢划水样的神经症状，有的还伴有咳嗽和流鼻涕，已经死了两窝。之前用过替米考星拌料防呼吸道病，效果一般。请问这种情况是不是伪狂犬病？该采哪些样送检测？怎么处理才不会耽误病情又不会乱用药？,根据描述的发热、神经症状（划水样运动）、呼吸道表现及仔猪高死亡率，结合年龄和群发情况，高度怀疑为猪伪狂犬病感染。该病由疱疹病毒引起，可造成不同阶段的猪出现呼吸和神经症状，幼龄猪尤其易致死。需实验室检测确认。,treatment_direction: 目前无特效抗病毒药物，应优先控制继发细菌感染并减少应激。；management_measures: 立即隔离发病猪，加强通风与保温，减少混群与转栏操作；对全群进行健康监测，记录体温与症状变化。；sampling_submission: 采集病死猪的脑组织（尤其是脑干）和脊髓，同时取扁桃体、肺组织等作为辅助样本，冷藏保存并尽快送有资质的实验室做PCR或病毒分离检测。；prohibited_actions: 禁止随意使用抗生素替代抗病毒治疗；未确诊前不得大规模投喂广谱抗菌药以防掩盖病情；严禁将病死猪私自出售或食用。,因涉及重大动物疫病防控，需按当地畜牧兽医部门指导执行，不得擅自销售或屠宰可疑猪只。,"{""disease_name"": ""猪伪狂犬病"", ""severity"": ""高"", ""scene_tags"": [""神经症状"", ""呼吸道症状"", ""仔猪高死亡率"", ""群发""], ""validation_points"": [""多阶段猪群中幼龄猪急性发病伴神经症状"", ""发热、咳嗽、流涕等多系统表现"", ""抗生素治疗无效""], ""risk_flags"": [""疑似重大动物疫病"", ""需实验室确诊"", ""存在传播风险""], ""case_type"": ""采样送检咨询"", ""target_disease"": ""猪伪狂犬病"", ""local_flags"": {""species_ok"": true, ""target_disease_in_diagnosis"": true, ""target_disease_mismatch"": false, ""contains_specific_dose"": false, ""contains_specific_withdrawal"": false, ""regulated_bad_treatment"": false}}",False,False,,,True,False,False,D:\XF-ChongQin\ai-\knowledge\llm_wiki_swine_authoritative,1465,887,"猪伪狂犬病
猪伪狂犬病、pseudorabies aujeszky disease
采样送检咨询
用户描述症状后，重点询问采什么样品、如何判断和如何避免误治。","{""HUMAN_REVIEWED"": 2, ""NEEDS_REVIEW"": 3}","[""A1-WOAH-AUJESZKY-DISEASE"", ""SRC-0001"", ""SRC-0009"", ""SRC-0054""]",2154,28.65,ERNIE-4.5-Turbo-32K,88,28,18,23,20,False,True,"整体回答质量较高，诊断准确性、病理逻辑、处方安全性和数据质量均表现良好，无明显致命风险。诊断准确抓住了猪伪狂犬病的典型症状，病理逻辑合理，处方安全且符合疾病防控要求，数据质量较高，提供了详细的采样和检测建议。
问题：diagnosis_accuracy: 诊断准确性较高，但未完全覆盖所有症状（如口吐白沫）与疾病的直接关联性说明。；pathology_logic: 病理逻辑合理，但未详细解释神经症状与病毒侵害中枢神经系统的关系。；prescription_safety: 处方安全，但未明确提及休药期承诺的合理性（虽按当地部门指导执行，但未具体说明）。；data_quality: 数据质量较高，但采样建议中未提及采样人员的防护措施。",hunyuan-2.0-instruct-20251111,85,8,8,9,8,False,False,"该数据为真实养殖场景，用户描述了仔猪发热、神经症状、呼吸道表现及高死亡率，与猪伪狂犬病的典型特征相符，诊断方向正确且提示实验室检测，处理措施涵盖隔离、环境管理、采样送检及禁止不当处置，安全边界清晰，无危险用药建议。整体逻辑自洽，信息可用于测试或初步微调。
问题：诊断部分未充分说明口吐白沫与伪狂犬病的直接关联；病理逻辑未详细解释神经症状与病毒侵害中枢神经系统的机制；处方虽避免具体剂量但未明确阐述为何必须遵循当地部门指导而非自行决定休药期或销售；采样建议缺少对采样人员防护措施的提醒",True,ERNIE-4.5-Turbo-32K,True,pass,整体回答质量较高，诊断方向准确，抓住了猪伪狂犬病的典型症状，病理逻辑合理，处理措施安全且符合疾病防控要求。尽管存在一些轻微不足，如未完全覆盖所有症状与疾病的直接关联性说明、未详细解释神经症状与病毒侵害中枢神经系统的关系、未明确提及休药期承诺的合理性以及采样建议中未提及采样人员的防护措施，但这些问题不影响整体判断，且回答提供了详细的采样和检测建议，安全边界清晰，无危险用药建议。,87.0,28,18,23,20,pass,20.17,213.59,
39b9fa09-a1d3-5e05-86ec-bc76f23059a2,197,副猪嗜血杆菌病,swine_hunyuan_turbos,hunyuan-turbos-20250926,成功,,猪,我家有120头保育猪，平均体重25公斤左右，最近一周陆续出现精神沉郁、体温升高到40℃以上、关节肿胀、走路跛行的现象，有的还伴有呼吸急促和抽搐。之前用过阿莫西林饮水，效果不明显，反而死亡了三四头。现在想问下这种情况应该采哪些样送检测？怎么判断是不是副猪嗜血杆菌病？怕误诊耽误治疗。,根据描述的急性发热、多关节肿胀、跛行、呼吸窘迫及神经症状，结合使用抗生素无效且死亡率上升的情况，高度怀疑为副猪嗜血杆菌病（Glasser's disease）。该病由Haemophilus parasuis引起，可引起多发性浆膜炎、关节炎、脑膜炎等全身性病变。需通过实验室检测确诊。,treatment_direction: 在确诊前不建议盲目更换广谱抗生素，应先采集病料送检明确病原及耐药性。若确诊为副猪嗜血杆菌病，可在兽医指导下选用敏感抗菌药物，并结合支持疗法。；management_measures: 立即隔离发病猪只，减少应激，改善通风与保温条件，保证清洁饮水与易消化饲料，防止继发感染。；sampling_and_testing: 建议采集濒死或刚死亡猪的关节液、心包液、脑膜组织、肺脏及脾脏等病料，进行细菌分离培养、PCR检测及药敏试验。同时记录临床症状与剖检变化供实验室参考。；prohibited_boundaries: 严禁在未确诊情况下随意更换或加大抗生素用量；禁止将病死猪随意丢弃或流入市场；发现可疑重大疫情应立即向当地动物防疫部门报告。,因涉及具体药物及疗程未定，无法给出确切休药期，须按所用药物说明书及监管部门规定执行。,"{""disease_name"": ""副猪嗜血杆菌病"", ""severity"": ""高致死性"", ""scene_tags"": [""保育猪"", ""高热"", ""关节肿胀"", ""跛行"", ""神经症状"", ""抗生素治疗无效""], ""validation_points"": [""符合副猪嗜血杆菌病的多系统临床表现"", ""抗生素治疗无效提示可能耐药或混合感染"", ""需要实验室确诊以避免误诊""], ""risk_flags"": [""潜在高死亡率"", ""易与其他细菌性疾病混淆"", ""存在传播风险""], ""case_type"": ""采样送检咨询"", ""target_disease"": ""副猪嗜血杆菌病"", ""local_flags"": {""species_ok"": true, ""target_disease_in_diagnosis"": true, ""target_disease_mismatch"": false, ""contains_specific_dose"": false, ""contains_specific_withdrawal"": false, ""regulated_bad_treatment"": false}}",False,False,,,True,False,False,D:\XF-ChongQin\ai-\knowledge\llm_wiki_swine_authoritative,1465,887,"副猪嗜血杆菌病
副猪嗜血杆菌病、gl sser s disease
采样送检咨询
用户描述症状后，重点询问采什么样品、如何判断和如何避免误治。","{""HUMAN_REVIEWED"": 2, ""NEEDS_REVIEW"": 2}","[""SRC-0001"", ""SRC-0012"", ""SRC-0023"", ""SRC-0066"", ""SRC-0070""]",2221,33.28,ERNIE-4.5-Turbo-32K,88,28,18,23,20,False,True,"该回答整体上对副猪嗜血杆菌病的诊断、采样、治疗及管理措施进行了较为全面和准确的描述，符合测试数据有效性的要求。诊断准确性较高，病理逻辑基本合理，处方安全且与疾病相互印证，数据质量良好。
问题：诊断准确性方面，虽然整体判断准确，但未完全覆盖所有症状与疾病的典型关联性解释，如呼吸急促和抽搐与副猪嗜血杆菌病的直接关联性未详细阐述。；病理逻辑方面，对于抗生素治疗无效的原因分析不够深入，仅提及可能耐药或混合感染，未进一步探讨其他可能性。；数据质量方面，虽然提供了详细的采样建议和治疗管理措施，但在症状描述与疾病匹配的细节上仍有提升空间。；处方安全性方面，虽然强调了确诊前不建议盲目更换广谱抗生素，但未提供具体的敏感抗菌药物选择建议（仅说明需在兽医指导下选用）。",hunyuan-turbos-20250926,85,90,80,90,85,False,False,"该回答对副猪嗜血杆菌病的诊断思路清晰，采样与检测方案科学，管理建议合理，并强调了确诊前避免盲目用药的安全原则，整体符合真实养殖场景需求。但部分症状与疾病的关联解释不足，抗生素无效原因的分析较浅，缺乏更细致的药敏指导细节。
问题：呼吸急促和抽搐与副猪嗜血杆菌病的直接关联性未充分解释；对抗生素治疗无效的原因分析不够深入，缺少对混合感染或其他病原的讨论；敏感抗菌药物的具体选择建议缺失，仅笼统提到在兽医指导下选用",True,ERNIE-4.5-Turbo-32K,True,pass,该回答对副猪嗜血杆菌病的诊断、采样、治疗及管理措施进行了较为全面和准确的描述，诊断准确性较高，病理逻辑基本合理，处方安全且与疾病相互印证。尽管存在部分症状与疾病关联解释不足、抗生素无效原因分析较浅以及敏感抗菌药物具体选择建议缺失等轻微不足，但整体符合测试数据有效性的要求，且未发现危险或明显错误的内容。,87.0,28,18,23,20,pass,21.87,96.13,
5ac1485c-5761-5209-b0a3-b1c7a55d3bab,198,猪钩端螺旋体病,swine_hunyuan_turbos,hunyuan-turbos-20250926,成功,,猪,我家有120头母猪和20头公猪，最近两个月配种成功率明显下降，流产和死胎也多了起来，之前没用过什么特别的药物，圈舍通风一般，湿度偏高。想问下这种情况是不是要停配种？还要不要送样检查？,结合病史和临床表现，高度怀疑猪钩端螺旋体病引起的繁殖障碍。该病在地方流行区可导致母猪流产、死胎及配种失败，公猪也可能带菌影响精液质量。,treatment_direction: 立即暂停配种和引入新种猪，防止病原扩散；对现有猪群进行血清学和病原学检测确认感染情况。；management_measures: 加强圈舍卫生管理，降低湿度和改善通风；工作人员佩戴防护手套和防水靴，减少直接接触污染尿液的机会。；sampling_and_testing: 采集流产胎儿组织、胎盘、血液及公猪精液样本送实验室检测钩端螺旋体抗原或核酸；同时采集血清做抗体筛查。；prohibited_boundaries: 在未确诊前不得随意使用抗生素或疫苗；发现阳性结果应依据当地动物防疫法规采取隔离、消毒等措施，并通知相关部门。,因未确定具体用药方案，暂无法给出确切休药期建议，须根据后续检测结果和兽医指导执行。,"{""disease_name"": ""猪钩端螺旋体病"", ""severity"": ""中等至严重（繁殖性能下降）"", ""scene_tags"": [""繁殖障碍"", ""母猪流产"", ""公猪带菌"", ""高湿环境""], ""validation_points"": [""符合幼龄猪和妊娠母猪易发特征"", ""与繁殖损失直接关联"", ""需要实验室检测确认""], ""risk_flags"": [""职业性人兽共患风险"", ""可能跨区域传播""], ""case_type"": ""繁殖障碍送检"", ""target_disease"": ""猪钩端螺旋体病"", ""local_flags"": {""species_ok"": true, ""target_disease_in_diagnosis"": true, ""target_disease_mismatch"": false, ""contains_specific_dose"": false, ""contains_specific_withdrawal"": false, ""regulated_bad_treatment"": false}}",False,False,,,True,False,False,D:\XF-ChongQin\ai-\knowledge\llm_wiki_swine_authoritative,1465,887,"猪钩端螺旋体病
猪钩端螺旋体病、leptospirosis
繁殖障碍送检
繁殖异常持续出现，用户询问该采哪些样品、是否需要暂停配种和引种。","{""HUMAN_REVIEWED"": 3, ""NEEDS_REVIEW"": 2}","[""SRC-0001"", ""SRC-0067"", ""SRC-0068""]",2161,27.21,ERNIE-4.5-Turbo-32K,88,28,18,24,18,False,True,"整体回答质量较高，诊断准确性、处方安全性和逻辑性均较好，数据质量基本满足要求，无明显致命风险。
问题：diagnosis_accuracy: 诊断部分未明确提及猪钩端螺旋体病的典型症状（如黄疸、血红蛋白尿等），仅基于繁殖障碍和病史推测，略显不足。；pathology_logic: 病理逻辑部分对高湿环境与疾病传播的关联性解释不够深入，缺乏具体机制说明。；data_quality: 数据质量中场景标签和验证点覆盖较全面，但风险标志中未明确提及‘高湿环境’对疾病传播的具体影响，略显片面。",hunyuan-turbos-20250926,85,80,82,90,85,False,False,"该数据整体真实可信，用户描述的养殖规模、环境和症状符合猪钩端螺旋体病在繁殖障碍方面的表现。诊断虽未列出全部典型症状，但基于病史和临床表现的推断合理。处方建议包含暂停配种、送检、生物安全措施，且强调未确诊前不使用药物，符合安全边界要求。无危险建议，也未出现具体剂量或休药期承诺。不足之处在于诊断细节和病理机制阐述稍显简略。
问题：诊断部分未提及猪钩端螺旋体病的典型全身症状（如黄疸、血红蛋白尿）以强化推理依据。；病理逻辑中对高湿环境与疾病传播关系的解释不够深入，缺少机制描述。；数据质量中未明确标注高湿环境作为风险因素。",True,ERNIE-4.5-Turbo-32K,True,pass,整体回答质量较高，诊断基于病史和临床表现合理推断猪钩端螺旋体病，虽未明确提及典型全身症状，但繁殖障碍表现符合该病特征。处方建议安全合理，包含暂停配种、送检、生物安全措施，且强调未确诊前不使用药物，符合安全边界要求。病理逻辑中对高湿环境与疾病传播关系的解释虽不够深入，但不影响整体判断。数据质量中场景标签和验证点覆盖较全面。,87.0,28,18,24,18,pass,18.25,137.67,
ce0ebad0-6c46-52bd-b824-846b3dd3d14b,200,猪增生性肠炎,swine_hunyuan_turbos,hunyuan-turbos-20250926,成功,,猪,我家有300头120公斤左右的育肥猪，还有半个月就准备出栏了，这几天陆续有几栏猪拉稀，粪便偏黄带点粘液，精神还行，采食量稍微下降，圈舍温度正常，之前没用过针对Lawsonia的药，这种情况还能继续养到出栏吗？会不会影响卖猪？需要怎么处理？,根据描述，该育肥猪群在出栏前出现黄色带粘液的腹泻，结合日龄及饲养管理情况，高度怀疑为猪增生性肠炎（Proliferative Enteropathy），病原为Lawsonia intracellularis。该病常在育肥后期发生，可导致轻度至中度腹泻，部分病例无明显全身症状，但可影响饲料转化率和出栏体重。需通过实验室PCR检测确诊。,treatment_direction: 若确诊为猪增生性肠炎，可在兽医指导下使用对Lawsonia有效的抗生素（如四环素类、大环内酯类等）进行针对性治疗，同时配合改善饲料消化率的措施。；management_measures: 加强圈舍卫生，减少应激因素，分栏饲养以减少交叉感染，保证饮水清洁。；sampling_testing: 采集新鲜粪便或肠内容物送实验室做Lawsonia intracellularis PCR检测，必要时结合病理剖检观察肠壁增厚等病变。；contraindications_boundary: 在未确诊前避免使用未经批准的抗生素以防耐药性和药物残留问题；出栏前须确保停药时间符合食品安全要求，且经检测无活菌排出方可考虑上市。,具体休药期需依据所用药物种类及国家相关规定执行，出栏前应确保达到安全停药期并通过检测合格。,"{""disease_name"": ""猪增生性肠炎"", ""severity"": ""中等（视感染强度与继发感染情况而定）"", ""scene_tags"": [""育肥猪"", ""出栏前"", ""腹泻"", ""Lawsonia intracellularis""], ""validation_points"": [""症状与日龄相符"", ""符合Lawsonia感染流行病学特点"", ""建议实验室确诊""], ""risk_flags"": [""可能影响出栏体重与饲料转化率"", ""存在潜在药物残留风险""], ""case_type"": ""腹泻出栏边界"", ""target_disease"": ""猪增生性肠炎"", ""local_flags"": {""species_ok"": true, ""target_disease_in_diagnosis"": true, ""target_disease_mismatch"": false, ""contains_specific_dose"": false, ""contains_specific_withdrawal"": false, ""regulated_bad_treatment"": false}}",False,False,,,True,False,False,D:\XF-ChongQin\ai-\knowledge\llm_wiki_swine_authoritative,1465,887,"猪增生性肠炎
猪增生性肠炎、proliferative enteropathy lawsonia intracellularis
腹泻出栏边界
临近出栏猪群出现腹泻，用户关心处理方向、隔离和用药后能否销售。","{""HUMAN_REVIEWED"": 2, ""NEEDS_REVIEW"": 2}","[""A0-MOA-573"", ""SRC-0001"", ""SRC-0071"", ""SRC-0072""]",2221,23.15,ERNIE-4.5-Turbo-32K,88,28,18,23,20,False,True,"整体回答质量较高，诊断准确性、病理逻辑、处方安全性和数据质量均表现良好，无明显致命风险。诊断与症状、疾病匹配度高，处理方向安全合理，符合疾病相互印证要求。
问题：诊断部分未明确提及实验室检测的必要性，仅在处方中提及，逻辑稍显不足；数据质量中，症状描述与疾病匹配度较高，但未提及具体流行病学数据支持；处方安全性中，休药期描述较为模糊，未给出具体药物示例",hunyuan-turbos-20250926,85,90,85,80,85,False,False,"回答整体准确，诊断与症状、疾病背景匹配度高，处理方案包含实验室检测、对症治疗和管理措施，并强调了出栏前的食品安全边界，无明显危险建议。不足之处在于诊断部分未提前强调实验室确诊的重要性，休药期表述较笼统，缺乏具体药物示例。
问题：诊断环节未在开头明确说明必须依赖实验室检测确诊，仅在治疗建议中提及，逻辑衔接不够紧密。；休药期描述过于笼统，未提供具体药物类别或示例，可能影响实际操作中的合规性判断。",True,ERNIE-4.5-Turbo-32K,True,pass,整体回答质量较高，诊断与症状、疾病背景匹配度高，处理方案包含实验室检测、对症治疗和管理措施，并强调了出栏前的食品安全边界，无明显危险建议。尽管诊断部分未提前强调实验室确诊的重要性，且休药期表述较笼统，但不影响整体方向和安全性，可通过微调优化。,87.0,28,18,23,20,pass,15.56,56.7,
3d3a4079-326d-59bf-9dc6-5bccdc5b45f4,207,猪蛔虫病,swine_hunyuan_turbos,hunyuan-turbos-20250926,成功,,猪,我家是200头左右的自繁自养场，最近断奶后到60斤左右的仔猪陆续出现拉稀、毛色发暗、长得慢的情况，个别还有皮肤抓挠结痂。圈舍比较潮湿，以前用过伊维菌素拌料驱过一次虫，这次想看看是不是蛔虫又起来了？,根据描述，结合仔猪阶段、腹泻、消瘦、生长缓慢及皮肤瘙痒等症状，考虑猪蛔虫病可能性较大。蛔虫幼虫在肝肺移行可引起milk spot样病变，同时成虫寄生于小肠导致消化障碍和营养吸收不良。此外，疥螨感染也可引起瘙痒结痂，需要鉴别。建议通过粪便镜检找虫卵、剖检观察肝脏病变以及皮肤刮片检查螨虫综合判断。,treatment_direction: 使用广谱驱虫药物进行全群驱虫，针对蛔虫选择对成虫和幼虫均有效的成分；如同时存在疥螨，应配合外用杀虫剂处理体表。；management_measures: 改善圈舍通风干燥条件，减少潮湿；加强饲料卫生管理，防止二次感染；定期清理粪污并消毒。；sampling_and_testing: 采集新鲜粪便做虫卵漂浮法检测；必要时剖检病死猪观察肝脏是否有milk spot样病灶；皮肤刮片显微镜检查疥螨。；prohibited_boundaries: 禁止将疑似带虫猪与健康猪混群饲养；禁止使用未经批准的驱虫药；发现严重消瘦或死亡病例应及时送检，排除其他传染病。,按所用驱虫药说明书执行相应停药期，确保上市前无药物残留。,"{""disease_name"": ""猪蛔虫病"", ""severity"": ""中等"", ""scene_tags"": [""仔猪"", ""育肥猪"", ""腹泻"", ""消瘦"", ""皮肤瘙痒"", ""群体发病""], ""validation_points"": [""症状符合蛔虫幼虫移行及成虫寄生特征"", ""环境因素（潮湿）利于蛔虫卵孵化"", ""需与疥螨病鉴别诊断""], ""risk_flags"": [""存在传播风险，需全群驱虫"", ""可能混合感染，需综合防控""], ""case_type"": ""寄生虫群体发病"", ""target_disease"": ""猪蛔虫病"", ""local_flags"": {""species_ok"": true, ""target_disease_in_diagnosis"": true, ""target_disease_mismatch"": false, ""contains_specific_dose"": false, ""contains_specific_withdrawal"": false, ""regulated_bad_treatment"": false}}",False,False,,,True,False,False,D:\XF-ChongQin\ai-\knowledge\llm_wiki_swine_authoritative,1465,887,"猪蛔虫病
猪蛔虫病、ascaris suum internal parasites
寄生虫群体发病
猪群出现腹泻、消瘦、皮肤瘙痒或生长慢，用户怀疑寄生虫。","{""HUMAN_REVIEWED"": 2, ""NEEDS_REVIEW"": 2}","[""SRC-0001"", ""SRC-0082""]",2221,26.68,ERNIE-4.5-Turbo-32K,88,28,18,23,20,False,True,"该回答整体表现良好，诊断准确性较高，症状与疾病匹配合理，鉴别诊断考虑周全。病理逻辑清晰，解释了蛔虫幼虫和成虫的致病机制。处方安全，治疗方向和管理措施合理，且考虑了药物残留问题。数据质量较高，场景标签和验证点明确。
问题：诊断准确性方面，虽然考虑了疥螨感染的可能性，但未明确说明如何区分两者在症状上的细微差异。；病理逻辑方面，对蛔虫幼虫移行引起的milk spot样病变的解释可以更详细一些。；数据质量方面，风险标志中提到的传播风险和混合感染，未在具体措施中进一步细化防控方案。",hunyuan-turbos-20250926,85,90,85,80,85,False,False,"该案例场景真实，用户描述了典型的仔猪阶段、腹泻、消瘦、生长缓慢及皮肤瘙痒等表现，与猪蛔虫病高度吻合。诊断部分准确识别了蛔虫病的典型特征，并考虑到疥螨等并发可能，鉴别诊断思路合理。病理解释基本正确，但可更详细说明幼虫移行导致的milk spot病变。处方方向合理，包含驱虫、环境管理和采样检测，并提示了药物残留注意事项，但存在提及“按说明书执行停药期”的风险表述。整体数据质量较好，信息完整，无明显危险建议。
问题：诊断部分虽提到疥螨可能，但未具体说明如何区分蛔虫与疥螨在症状上的差异。；病理机制中对milk spot样病变的描述可更详尽。；处方中提到‘按说明书执行停药期’，涉及具体用药细节，存在潜在合规风险。；管理措施中未细化针对混合感染的具体防控步骤。",True,ERNIE-4.5-Turbo-32K,True,pass,诊断准确性较高，症状与疾病匹配合理，鉴别诊断考虑周全，病理逻辑清晰，解释了蛔虫幼虫和成虫的致病机制。处方安全，治疗方向和管理措施合理，且考虑了药物残留问题。尽管存在一些细微不足，如未明确说明蛔虫与疥螨在症状上的差异、milk spot样病变的解释可更详细、管理措施中未细化针对混合感染的具体防控步骤等，但整体不影响数据质量，可判为pass。,87.0,28,18,23,20,pass,17.51,35.95,
c0fbcc2b-d750-5cd2-92c8-d8164efae050,208,猪鞭虫病,swine_hunyuan_turbos,hunyuan-turbos-20250926,成功,,猪,我家有120头育肥猪，平均体重在50公斤左右，最近几天有几头出现拉稀，粪便里能看到带血丝的粘液，精神还行，采食量下降不多。圈舍是水泥地面，通风一般，温度偏低，之前没做过驱虫。想问这种情况是不是要全群打驱虫针？还要不要做环境消毒？多久复查一次合适？,根据描述，育肥猪出现轻度腹泻伴血丝粘液，结合圈舍环境和未驱虫史，应考虑猪鞭虫病（Trichuris suis）等内寄生虫感染的可能。该病主要寄生于盲肠和结肠，重度感染可引起结肠炎和腹泻。确诊需采集新鲜粪便进行镜检查找特征性虫卵或必要时剖检观察盲肠、结肠黏膜病变。,建议立即采集代表性粪便样本送实验室镜检，并视情况对部分病猪进行剖检取样，以明确是否为鞭虫感染及感染强度。若确诊且为轻中度感染，可在兽医指导下制定驱虫计划，选用对鞭虫有效的驱虫药（如芬苯达唑类），注意不同药物作用范围差异。同时加强圈舍卫生管理，及时清除粪污，保持干燥清洁，减少虫卵污染饲料饮水。驱虫后应间隔一定时间再次采样复查，评估驱虫效果。严禁在未确诊情况下随意使用未经许可的药物。,因涉及食品安全，任何驱虫药使用后均需遵守相应休药期规定，具体应依据所用药品说明书及当地监管要求执行，确保上市猪肉安全。,"{""disease_name"": ""猪鞭虫病"", ""severity"": ""中等（取决于感染强度和猪群健康状态）"", ""scene_tags"": [""育肥猪"", ""腹泻"", ""血丝粘液便"", ""未驱虫"", ""水泥地面圈舍""], ""validation_points"": [""粪便镜检可检出鞭虫卵或成虫"", ""剖检可见盲肠、结肠黏膜充血、溃疡"", ""驱虫与环境管理相结合可降低复发""], ""risk_flags"": [""需实验室确诊后方可实施驱虫"", ""涉及食品安全须严格休药期管理""], ""case_type"": ""驱虫和环境管理"", ""target_disease"": ""猪鞭虫病"", ""local_flags"": {""species_ok"": true, ""target_disease_in_diagnosis"": true, ""target_disease_mismatch"": false, ""contains_specific_dose"": false, ""contains_specific_withdrawal"": false, ""regulated_bad_treatment"": false}}",False,False,,,True,False,False,D:\XF-ChongQin\ai-\knowledge\llm_wiki_swine_authoritative,1465,887,"猪鞭虫病
猪鞭虫病、trichuris suis internal parasites
驱虫和环境管理
用户询问是否需要全群处理、环境清理和复查方式。","{""HUMAN_REVIEWED"": 3, ""NEEDS_REVIEW"": 2}","[""SRC-0001"", ""SRC-0026"", ""SRC-0082""]",2120,26.89,ERNIE-4.5-Turbo-32K,88,28,18,23,20,False,True,"整体回答质量较高，诊断准确性、处方安全性和数据质量均表现良好，病理逻辑部分略有不足但不影响整体判断。未发现致命风险。
问题：诊断部分虽然提到了猪鞭虫病的可能性，但未完全排除其他类似症状疾病（如猪球虫病、猪痢疾等），诊断逻辑稍显不足。；病理逻辑部分对猪鞭虫病的病理过程描述不够详细，未充分解释症状与疾病之间的直接联系。；数据质量部分，虽然提供了场景标签和验证点，但对疾病严重程度的描述较为模糊，缺乏具体量化指标。",hunyuan-turbos-20250926,85,90,80,90,85,False,False,"该条数据整体真实可信，用户描述的场景符合育肥猪养殖实际，症状与猪鞭虫病高度吻合，诊断思路合理，处方建议强调先检测后用药，避免盲目投药，安全性高。病理机制解释略简略，但足以支撑结论。无危险建议，也未出现违规剂量或休药期承诺。
问题：诊断部分未充分排除其他可能引起血便的疾病（如球虫、猪痢疾）。；病理机制描述较简略，未深入说明鞭虫如何导致血便和腹泻。；缺乏对病情严重程度的具体量化指标。",True,ERNIE-4.5-Turbo-32K,True,pass,整体回答质量较高，诊断准确性、处方安全性和数据质量均表现良好。诊断部分虽未完全排除其他类似症状疾病，但症状与猪鞭虫病高度吻合，诊断思路合理；病理机制解释略简略，但足以支撑结论；处方建议强调先检测后用药，安全性高，无危险建议。,87.0,28,18,23,20,pass,18.05,33.86,
cd7de7e3-9194-5986-9f5b-04d3b350ef28,222,猪传染性胃肠炎,swine_hunyuan_turbos,hunyuan-2.0-instruct-20251111,成功,,猪,我家养的是猪，现在保育阶段有批40日龄、均重12公斤左右的小猪，总共存栏180头。从四天前开始陆续出现拉黄色水样稀粪，有的伴有呕吐，吃料明显下降，体温大多正常，用过恩诺沙星和阿莫西林拌料三天，腹泻没止住，还有七八头脱水明显。圈舍通风一般，最近天气忽冷忽热，地面潮湿。我想问问这种情况还能继续用抗菌药吗？要不要采点样送检看看？,根据描述的日龄、症状和用药反应，高度怀疑为猪传染性胃肠炎（TGEV）。该病在保育猪群易发，典型表现为突发黄色水样腹泻、呕吐、减料，环境温度波动及潮湿会促进传播；抗菌药对病毒性腹泻本身无效，故之前用药效果一般符合该病因特征。,治疗方向: 针对病毒本身无特效抗病毒药，主要防止继发细菌感染并缓解脱水与代谢紊乱；重点支持对症治疗和护理。；管理措施: 立即将发病猪隔离至温暖、干燥、通风良好的栏舍，减少应激；保证清洁饮水，可添加电解质溶液防脱水；适当提高饲料营养浓度，少量多次饲喂易消化饲料；清理并消毒污染区域，控制人员、工具交叉流动。；采样送检: 采集发病猪的直肠拭子或新鲜粪便样本送实验室进行病毒检测（如RT-PCR）及必要时的鉴别诊断（区分PRCV等），明确病原以便后续防控决策。；禁忌边界: 不可依赖抗菌药作为主要治疗手段来期望治愈本病；禁止在疑似重大疫病流行时仅自行用药而隐瞒不报，须结合检测结果与当地防疫部门意见执行防控措施。,,"{""disease_name"": ""猪传染性胃肠炎"", ""severity"": ""中等偏重（在保育阶段可导致较高死亡率，尤其伴脱水时）"", ""scene_tags"": [""保育猪"", ""黄色水样腹泻"", ""呕吐"", ""天气变化"", ""潮湿环境"", ""抗菌药无效""], ""validation_points"": [""日龄与易感阶段吻合（保育猪高发）"", ""症状符合TGEV典型表现（水样腹泻、呕吐、减料）"", ""抗菌药无效提示非细菌性为主因"", ""环境因素（温度波动、潮湿）可促进传播""], ""risk_flags"": [""需警惕病毒在群体中快速扩散"", ""脱水个体需优先护理防死亡"", ""应送检确诊以排除其他病原并评估是否触发重大疫病处置流程""], ""case_type"": ""腹泻用药咨询"", ""target_disease"": ""猪传染性胃肠炎"", ""local_flags"": {""species_ok"": true, ""target_disease_in_diagnosis"": true, ""target_disease_mismatch"": false, ""contains_specific_dose"": false, ""contains_specific_withdrawal"": false, ""regulated_bad_treatment"": false}}",False,False,,,True,False,False,D:\XF-ChongQin\ai-\knowledge\llm_wiki_swine_authoritative,1465,887,"猪传染性胃肠炎
猪传染性胃肠炎、transmissible gastroenteritis virus、TGE、TGEV
腹泻用药咨询
猪群腹泻后已用过常见抗菌药效果一般，用户询问是否继续用药以及是否需要送检。","{""HUMAN_REVIEWED"": 3, ""NEEDS_REVIEW"": 2}","[""SRC-0001"", ""SRC-0036"", ""SRC-0037"", ""SRC-0079""]",2190,204.16,ERNIE-4.5-Turbo-32K,88,28,18,24,18,False,True,"该回答在诊断准确性、病理逻辑、处方安全性和数据质量方面表现良好，整体符合猪传染性胃肠炎的诊断与处理要求，无明显致命风险。
问题：diagnosis_accuracy: 诊断准确性得分略低，主要因未完全排除其他类似症状疾病（如PRCV）的可能性，尽管提到送检鉴别，但诊断描述中未充分强调鉴别诊断的必要性。；data_quality: 数据质量得分受影响，因场景标签和验证点虽全面，但风险标志中未明确提及人兽共患风险评估（尽管TGEV非人兽共患病，但应明确说明以增强完整性）。",hunyuan-turbos-20250926,85,8.5,9,9,8,False,False,"回答准确识别了猪传染性胃肠炎的典型症状与流行病学背景，解释了抗菌药无效的机制，并给出了合理的对症支持措施和隔离消毒建议，同时强调了送检确认病原的重要性，避免了盲目用药的风险。不足之处在于鉴别诊断提示不够突出，且未明确声明该病非人兽共患病以完善安全边界。
问题：诊断部分未充分强调需通过实验室检测与其他相似疾病（如PRCV）鉴别的必要性。；未明确说明猪传染性胃肠炎不属于人兽共患病，缺乏完整的安全边界表述。",True,ERNIE-4.5-Turbo-32K,True,pass,回答在诊断准确性、病理逻辑、处方安全性和数据质量方面表现良好，准确识别了猪传染性胃肠炎的典型症状与流行病学背景，解释了抗菌药无效的机制，并给出了合理的对症支持措施和隔离消毒建议，同时强调了送检确认病原的重要性，避免了盲目用药的风险。尽管在鉴别诊断提示和人兽共患病说明方面存在轻微不足，但不影响整体诊断和处置方向的安全性及疾病匹配性。,87.0,28,18,24,18,pass,36.18,94.57,
d9421d84-58ac-5e0a-8a59-7fb85abf3749,239,猪环曲病毒/托克特诺病毒感染,swine_hunyuan_turbos,hunyuan-turbos-20250926,成功,,猪,我家有120头育肥猪，平均体重在70公斤左右，最近一周陆续出现精神沉郁、食欲下降的情况，体温大多正常，个别猪轻微腹泻，粪便偏稀但不带血。圈舍通风一般，湿度偏高，之前用过一些抗生素控制过呼吸道问题，效果不明显。现在怀疑是不是新病毒或者条件致病因素，想问问这种情况需要采哪些样本去检测？怎么判断是单纯应激还是感染了什么病毒？会不会因为误诊耽误病情？,根据描述，当前症状缺乏特异性，且部分健康猪群中也可能检出猪环曲病毒（TTSuV），因此不能仅凭临床表现确诊该病。需结合实验室检测病毒DNA或抗体结果综合判断。若仅检出TTSuV而无其他病原支持，则可能是携带状态而非病因。,treatment_direction: 无特效抗病毒药物，重点在于改善饲养管理、减少应激、防止继发细菌感染。；management_measures: 加强通风、降低湿度、合理分群、保证饮水清洁、均衡饲料营养；对明显腹泻个体进行补液和电解质平衡调整。；sampling_and_testing: 建议采集发病猪的血液（血清）、新鲜粪便及口腔拭子送实验室检测TTSuV DNA或抗体，同时排查圆环病毒、蓝耳病、细小病毒等常见病原，排除混合感染。；prohibited_boundaries: 不可将TTSuV阳性直接作为治疗依据或大规模投药理由；禁止在未排除重大传染病（如非洲猪瘟、口蹄疫）前自行使用广谱抗生素或抗病毒药。,本病无特定治疗药物，不涉及休药期。但若在治疗过程中使用了抗生素，应遵守相应药物的停药期规定。,"{""disease_name"": ""猪环曲病毒/托克特诺病毒感染"", ""severity"": ""低至中等（取决于是否合并其他病原）"", ""scene_tags"": [""育肥猪"", ""非特异症状"", ""采样送检"", ""多病原排查""], ""validation_points"": [""症状非特异性，需实验室验证"", ""TTSuV可健康携带，单独检出不足以定因"", ""采样应包括血清、粪便、口腔拭子""], ""risk_flags"": [""可能与其他病原混合感染"", ""误诊可能导致不当用药""], ""case_type"": ""采样送检咨询"", ""target_disease"": ""猪环曲病毒/托克特诺病毒感染"", ""local_flags"": {""species_ok"": true, ""target_disease_in_diagnosis"": true, ""target_disease_mismatch"": false, ""contains_specific_dose"": false, ""contains_specific_withdrawal"": false, ""regulated_bad_treatment"": false}}",False,False,,,True,False,False,D:\XF-ChongQin\ai-\knowledge\llm_wiki_swine_authoritative,1465,887,"猪环曲病毒/托克特诺病毒感染
猪环曲病毒/托克特诺病毒感染、anelloviruses torque teno sus viruses、TTSuV、Torque teno sus virus
采样送检咨询
用户描述症状后，重点询问采什么样品、如何判断和如何避免误治。","{""HUMAN_REVIEWED"": 3}","[""SRC-0001"", ""SRC-0083""]",2221,31.01,ERNIE-4.5-Turbo-32K,88,28,18,24,18,False,True,"整体回答质量较高，诊断准确，逻辑清晰，处理方向安全，数据质量良好。诊断部分考虑到了症状的非特异性和实验室检测的必要性，病理逻辑合理，处方安全且考虑了饲养管理改善和继发感染预防，数据质量方面信息完整且风险标识明确。
问题：diagnosis_accuracy: 诊断部分虽然考虑到了症状的非特异性和实验室检测的必要性，但未明确提及猪环曲病毒（TTSuV）在健康猪群中的携带情况对诊断的影响，略显不足。；pathology_logic: 病理逻辑部分基本合理，但未详细阐述为何仅检出TTSuV而无其他病原支持时可能是携带状态而非病因，逻辑阐述不够深入。；data_quality: 数据质量方面，虽然信息完整且风险标识明确，但未对采样送检的具体流程或注意事项进行详细说明，略显简略。",hunyuan-turbos-20250926,85,8,8,9,7,False,False,"回答总体科学严谨，诊断思路正确，强调了实验室检测的重要性并提示不能单凭检测结果盲目用药，处理方案以管理和防控继发感染为主，安全性高。但存在细节不足，例如未充分解释TTSuV在健康猪群的携带意义，也未详述采样送检的注意事项。
问题：未明确说明TTSuV在健康猪群中的携带率及其对诊断的意义；病理机制解释较浅，缺少对“仅检出TTSuV可能为携带状态”的深入分析；采样送检流程与注意事项描述不足",True,ERNIE-4.5-Turbo-32K,True,pass,整体回答质量较高，诊断准确，逻辑清晰，处理方向安全，数据质量良好。诊断部分考虑到了症状的非特异性和实验室检测的必要性，病理逻辑合理，强调了实验室检测的重要性并提示不能单凭检测结果盲目用药，处理方案以管理和防控继发感染为主，安全性高。尽管存在未充分解释TTSuV在健康猪群的携带意义和采样送检注意事项等细节不足，但不影响整体判断。,87.0,28,18,24,18,pass,19.76,14.74,
37e26795-1e58-5f44-94de-1f302761b31e,245,猪血凝性脑脊髓炎,swine_hunyuan_turbos,hunyuan-turbos-20250926,成功,,猪,我家是50头母猪自繁自养场，最近刚断奶的一批15日龄左右小猪陆续出现不吃料、精神沉郁、有的还吐黄水，个别走路摇晃像站不稳的样子，已经死了三四头了。之前用过恩诺沙星拌料三天没见好转，现在想问是不是要送样检查？该取哪些部位才能确诊？怕耽误病情又怕乱用药。,根据描述的日龄、呕吐、消瘦及神经症状，结合近期用药无效，高度怀疑为猪血凝性脑脊髓炎病毒感染，该病在新生至断奶仔猪中可引起呕吐消瘦综合征和脑脊髓炎综合征，死亡率高。需通过实验室检测排除其他神经性疾病如伪狂犬病、乙脑、猪瘟等。,treatment_direction: 本病为病毒性感染，无特效抗病毒药物，主要依靠支持疗法和对症处理，减少继发细菌感染。；management_measures: 立即隔离病猪与健康猪，加强保温通风，减少应激；保证饮水清洁，必要时补充电解质；对濒死猪及时无害化处理。；sampling_and_testing: 采集病死猪脑组织（尤其是脑干）和脊髓组织，同时保留部分血液样本进行血清学检测；采样过程注意无菌操作，尽快送至有资质的实验室检测HEV及其他神经疾病病原。；prohibited_boundaries: 严禁随意使用抗生素作为唯一治疗手段，尤其在未明确诊断前不应盲目投喂广谱抗菌药；禁止将病死猪流入市场或饲喂其他动物。,因属病毒性传染病，无特定药物休药期，但需遵守当地动物防疫部门关于封锁、消毒和无害化处理的时限要求。,"{""disease_name"": ""猪血凝性脑脊髓炎"", ""severity"": ""高致死性，尤其在新生至断奶仔猪中"", ""scene_tags"": [""神经症状"", ""呕吐消瘦"", ""断奶仔猪"", ""病毒性感染""], ""validation_points"": [""症状符合HEV典型表现：呕吐、消瘦、共济失调"", ""抗生素治疗无效提示非细菌性病因"", ""建议优先采集脑和脊髓送检""], ""risk_flags"": [""高死亡率"", ""易误诊为细菌病"", ""需严格生物安全措施""], ""case_type"": ""采样送检咨询"", ""target_disease"": ""猪血凝性脑脊髓炎"", ""local_flags"": {""species_ok"": true, ""target_disease_in_diagnosis"": true, ""target_disease_mismatch"": false, ""contains_specific_dose"": false, ""contains_specific_withdrawal"": false, ""regulated_bad_treatment"": false}}",False,False,,,True,False,False,D:\XF-ChongQin\ai-\knowledge\llm_wiki_swine_authoritative,1465,887,"猪血凝性脑脊髓炎
猪血凝性脑脊髓炎、hemagglutinating encephalomyelitis virus
采样送检咨询
用户描述症状后，重点询问采什么样品、如何判断和如何避免误治。","{""HUMAN_REVIEWED"": 3, ""NEEDS_REVIEW"": 2}","[""SRC-0001"", ""SRC-0009"", ""SRC-0012"", ""SRC-0037"", ""SRC-0041""]",2159,25.58,ERNIE-4.5-Turbo-32K,88,28,18,24,18,False,True,"该回答整体表现良好，诊断准确性较高，症状与疾病匹配合理，诊断逻辑清晰，处理方向安全且与疾病相互印证。数据质量方面，信息完整且符合真实场景需求。
问题：diagnosis_accuracy: 诊断中虽提及需排除其他神经性疾病，但未详细说明鉴别诊断依据，略显不足。；pathology_logic: 病理逻辑部分对疾病发展过程的阐述不够深入，缺乏对病毒致病机制的简要说明。；data_quality: 数据质量方面，场景标签和验证点较为全面，但风险标志的描述可以更具体一些，例如明确生物安全措施的具体内容。",hunyuan-turbos-20250926,85,90,80,95,85,False,False,"该数据整体结构完整，用户描述符合真实养殖场景，症状与猪血凝性脑脊髓炎的典型表现一致，诊断思路合理并提示排除其他神经性疾病，处理措施安全且包含必要的生物安全和无害化处理要求，无明显危险建议。不足之处在于鉴别诊断依据和病毒致病机制解释较简略，风险防控措施可更细化。
问题：鉴别诊断部分缺乏详细依据，仅笼统提到需排除其他神经性疾病；病理机制描述不足，未简述病毒如何引发神经症状；生物安全措施表述偏概括，缺少具体操作细节",True,ERNIE-4.5-Turbo-32K,True,pass,该回答整体表现良好，诊断准确性较高，症状与疾病匹配合理，诊断逻辑清晰，处理方向安全且与疾病相互印证。数据质量方面，信息完整且符合真实场景需求。尽管在鉴别诊断依据、病毒致病机制阐述和生物安全措施具体性方面存在轻微不足，但不影响整体判断，可判为pass。,87.0,28,18,24,18,pass,17.42,14.82,
582852dd-cfcd-5650-9849-3bbc32b1d27a,249,猪乙型脑炎,swine_hunyuan_turbos,hunyuan-turbos-20250926,成功,,猪,我家是种猪场，存栏大概120头能繁母猪和8头公猪，最近一个月陆续有3头怀孕母猪在80多天流产，还有两头生下死胎，部分母猪返情周期延长。公猪采精量下降，精液活力也不如以前。这段时间本地蚊子挺多的，天气闷热潮湿。之前没做过乙脑疫苗，想问是不是传染病，还能不能继续配种？,根据症状（妊娠中后期流产、死胎、返情）及当地蚊虫活跃情况，高度怀疑为猪乙型脑炎病毒感染所致。该病由日本脑炎病毒引起，通过蚊虫叮咬传播，常在夏秋季高发，可导致母猪繁殖障碍和公猪精液质量下降。,treatment_direction: 目前无特效抗病毒药物，重点在于控制传播源和减少暴露机会。对发病母猪进行隔离观察，避免与健康猪混养。；management_measures: 立即清理积水减少蚊虫孳生，使用安全有效的驱蚊措施（如纱窗、蚊帐、驱蚊灯等），暂停受影响公猪的配种工作，直至精液质量恢复并排除病原。；sampling_submission: 采集流产胎儿组织、胎盘、血液样本送实验室检测乙脑病毒核酸或抗体，同时排查其他常见繁殖障碍病因（如PRRS、伪狂犬、细小病毒）。；prohibited_boundary: 在未明确病原前，禁止将疑似感染猪调入健康猪群或外售，防止疫情扩散。,本病为病毒性传染病，无特定药物休药期，应依据检测结果和流行病学调查结果决定是否解除限制。,"{""disease_name"": ""猪乙型脑炎"", ""severity"": ""中等偏重（可导致繁殖性能显著下降）"", ""scene_tags"": [""种猪场"", ""繁殖障碍"", ""蚊虫媒介"", ""夏秋季""], ""validation_points"": [""妊娠中后期流产与死胎符合乙脑特征"", ""公猪精液质量下降与乙脑感染相符"", ""当地蚊虫活跃增加传播风险""], ""risk_flags"": [""可能持续传播"", ""可能影响全群繁殖率""], ""case_type"": ""种猪繁殖障碍"", ""target_disease"": ""猪乙型脑炎"", ""local_flags"": {""species_ok"": true, ""target_disease_in_diagnosis"": true, ""target_disease_mismatch"": false, ""contains_specific_dose"": false, ""contains_specific_withdrawal"": false, ""regulated_bad_treatment"": false}}",False,False,,,True,False,False,D:\XF-ChongQin\ai-\knowledge\llm_wiki_swine_authoritative,1465,887,"猪乙型脑炎
猪乙型脑炎、japanese encephalitis virus
种猪繁殖障碍
种猪场出现流产、死胎、返情或公猪异常，用户担心传染病和是否继续配种。","{""HUMAN_REVIEWED"": 3, ""NEEDS_REVIEW"": 2}","[""SRC-0001"", ""SRC-0015"", ""SRC-0025"", ""SRC-0035""]",2145,30.8,ERNIE-4.5-Turbo-32K,88,28,18,23,20,False,True,"该回答整体表现良好，诊断准确性较高，症状与疾病匹配合理，处理方向安全且与疾病相互印证。病理逻辑清晰，但可进一步补充细节。处方安全，管理措施全面，数据质量较高，无明显错误。
问题：诊断准确性方面，虽然高度怀疑猪乙型脑炎，但未完全排除其他繁殖障碍疾病的可能性，如PRRS、伪狂犬、细小病毒等，尽管后续有采样排查建议，但初始诊断可更谨慎。；病理逻辑方面，对乙脑病毒的传播途径和病理机制描述可更详细，以增强诊断的说服力。；数据质量方面，虽然场景标签和验证点较为全面，但风险标志可更具体，如明确指出人兽共患风险（尽管猪乙型脑炎主要影响猪，但理论上存在人感染风险，尽管极低）。",hunyuan-turbos-20250926,85,90,85,95,85,False,False,"该案例场景真实，用户描述的母猪流产、死胎、返情以及公猪精液异常与猪乙型脑炎的典型临床表现相符，且结合当地蚊虫活跃的背景，诊断方向合理。处理方案强调隔离、防蚊、采样检测和防止扩散，符合生物安全要求，未给出危险用药建议。不足之处在于初始诊断虽高度怀疑乙脑，但对其他繁殖障碍疾病的鉴别诊断提示不够突出，病理机制解释略简略，对人兽共患风险的提醒不足。
问题：初始诊断未充分强调需与其他繁殖障碍性疾病（如PRRS、伪狂犬、细小病毒）鉴别的重要性。；对乙脑病毒的传播机制和病理过程描述较简略，影响诊断说服力。；未明确提及猪乙型脑炎的人兽共患潜在风险，尽管概率低，但在公共卫生沟通中应有所说明。",True,ERNIE-4.5-Turbo-32K,True,pass,诊断准确性较高，症状与疾病匹配合理，处理方向安全且与疾病相互印证。尽管在初始诊断中未充分强调与其他繁殖障碍性疾病的鉴别诊断，且对乙脑病毒的传播机制和病理过程描述较简略，但后续有采样排查建议，且整体病理逻辑清晰，管理措施全面，无明显错误。,87.0,28,18,23,20,pass,22.1,20.03,
55480672-1172-511e-928f-c936b92cba29,260,猪痘,swine_hunyuan_turbos,hunyuan-turbos-20250926,成功,,猪,我家有120头70日龄左右的育肥猪，最近一周陆续有几头出现皮肤丘疹、结痂，主要集中在背部和耳部，体温正常，采食量略有下降。之前用了阿莫西林和多西环素拌料三天，没见明显好转。请问这种情况还能继续用这些药吗？会不会是别的病？,根据描述，符合猪痘的典型皮肤病变特征，且无明显全身症状，结合年龄和饲养环境，高度怀疑为猪痘病毒感染。该病由猪痘病毒引起，主要通过直接接触传播，潜伏期约7-14天，表现为局部丘疹、水疱、结痂等。,treatment_direction: 猪痘无特效抗病毒药物，主要采取支持性护理和环境管理。可加强营养，补充维生素A/E，提高抵抗力。；management_measures: 立即隔离发病猪，防止接触传播；对圈舍进行彻底清洁消毒，减少应激因素；保持通风干燥，降低湿度。；sampling_submission: 建议采集典型皮肤病变组织送实验室PCR检测，排除其他病毒性皮肤病（如伪狂犬病、圆环病毒病等）。；prohibited_boundaries: 禁止使用未经批准的兽药或超范围使用抗生素作为替代治疗；禁止在确诊前随意转群或出售。,因本病主要为支持性管理，不涉及特定药物停药期，但若曾使用抗生素需按相应药物规定执行休药期，并遵守当地食品安全法规。,"{""disease_name"": ""猪痘"", ""severity"": ""中等"", ""scene_tags"": [""育肥猪"", ""皮肤病变"", ""接触传播""], ""validation_points"": [""症状与猪痘典型表现一致"", ""抗生素治疗无效提示非细菌性病因"", ""需要实验室检测排除其他病毒病""], ""risk_flags"": [""可能通过直接接触扩散至同群猪""], ""case_type"": ""育肥猪用药咨询"", ""target_disease"": ""猪痘"", ""local_flags"": {""species_ok"": true, ""target_disease_in_diagnosis"": true, ""target_disease_mismatch"": false, ""contains_specific_dose"": false, ""contains_specific_withdrawal"": false, ""regulated_bad_treatment"": false}}",False,False,,,True,False,False,D:\XF-ChongQin\ai-\knowledge\llm_wiki_swine_authoritative,1465,887,"猪痘
猪痘、swinepox virus
育肥猪用药咨询
育肥猪出现典型症状，用户已经用过常见药物但效果一般，询问是否继续用药。","{""HUMAN_REVIEWED"": 4}","[""SRC-0001"", ""SRC-0012"", ""SRC-0015"", ""SRC-0051""]",2221,23.3,ERNIE-4.5-Turbo-32K,88,28,18,23,20,False,True,"该回答整体表现良好，诊断准确性较高，症状与猪痘典型表现一致，且考虑到了抗生素治疗无效提示非细菌性病因。病理逻辑合理，但可进一步细化鉴别诊断。处方安全，支持性护理和环境管理措施得当。数据质量较高，但可增加更多细节描述。
问题：病理逻辑中，虽然提到了需要实验室检测排除其他病毒病，但鉴别诊断部分可进一步细化，如详细描述伪狂犬病、圆环病毒病等与猪痘的鉴别要点。；数据质量方面，虽然整体描述清晰，但可增加更多关于猪群饲养环境、疫苗接种情况等细节描述，以更全面地评估病情。",hunyuan-turbos-20250926,85,90,80,90,80,False,False,"该案例场景真实，用户描述的皮肤丘疹、结痂及分布部位与猪痘典型症状相符，且排除了全身高热等细菌感染常见表现。诊断依据充分，病理推理基本合理，考虑了鉴别诊断并建议送检确认。处方以支持和环境管理为主，未给出危险用药建议，安全性高。不足之处在于鉴别诊断可更细致，背景信息不足可能影响全面评估。
问题：鉴别诊断部分可补充伪狂犬病、圆环病毒病等与猪痘的具体区别点，以增强说服力。；缺少关于猪群免疫史、饲养密度、近期应激事件等背景信息，影响综合判断。",True,ERNIE-4.5-Turbo-32K,both,pass,诊断准确性较高，症状与猪痘典型表现一致，且考虑到了抗生素治疗无效提示非细菌性病因。病理逻辑合理，处方安全，支持性护理和环境管理措施得当。虽然鉴别诊断部分可进一步细化，但不影响整体诊断和处置方向的安全性。,87.0,28,18,23,20,pass,16.2,13.0,
71b084e1-154b-5bf7-be35-463a567d7292,263,猪狂犬病风险,swine_hunyuan_turbos,hunyuan-turbos-20250926,成功,,猪,我家有80头育肥猪，平均体重70公斤左右，最近一周陆续出现几头精神沉郁、不吃料、流涎增多的情况，其中一头昨天开始走路不稳、前肢发抖，今天早上发现已经死亡。之前没用过特别的药物，圈舍通风一般，周边偶尔能看到流浪狗经过。我想知道这种情况是不是狂犬病？该采哪些样送检测？会不会误诊成别的病？,根据描述的急性神经症状、流涎及猝死情况，需要高度警惕猪狂犬病风险，尤其考虑到近期有流浪犬活动史。然而，仅凭神经症状不能确诊，因为猪狂犬病临床表现有限且易与其他神经系统疾病混淆，如伪狂犬病、链球菌性脑炎等。建议立即采取生物安全措施并采集脑组织等样本送有资质的实验室进行病毒学检测，同时排查其他常见病因。,treatment_direction: 当前无特效抗病毒药物，不建议盲目使用抗生素或镇静剂掩盖病情。应以防止疫情扩散为首要目标。；management_measures: 立即将发病猪与健康猪隔离，限制人员、车辆、工具流动，对圈舍及周边环境进行消毒，禁止随意丢弃病死猪尸体，联系当地动物防疫部门介入调查。；sampling_and_testing: 采集发病猪的脑组织（尤其是海马体）、唾液、脑脊液等样本，低温保存并尽快送往具备狂犬病检测资质的机构进行RT-PCR或荧光抗体检测。；prohibited_actions: 严禁在未排除狂犬病风险的情况下解剖、食用或出售病死猪及其产品；不得自行注射未经批准的疫苗或药物。,因未实施药物治疗且无明确停药时间，不适用常规休药期规定；若后续经检测排除狂犬病，可根据实际用药方案另行确定。,"{""disease_name"": ""猪狂犬病风险"", ""severity"": ""高"", ""scene_tags"": [""神经症状"", ""突发死亡"", ""流浪犬接触史"", ""采样送检""], ""validation_points"": [""症状符合猪狂犬病可能表现，但需实验室确诊"", ""存在潜在传染源（流浪犬）增加风险"", ""需区分伪狂犬病等其他神经性疾病""], ""risk_flags"": [""高风险人兽共患病嫌疑，需按重大动物疫病流程处置"", ""采样过程需严格生物安全防护，防止操作人员暴露""], ""case_type"": ""采样送检咨询"", ""target_disease"": ""猪狂犬病风险"", ""local_flags"": {""species_ok"": true, ""target_disease_in_diagnosis"": true, ""target_disease_mismatch"": false, ""contains_specific_dose"": false, ""contains_specific_withdrawal"": false, ""regulated_bad_treatment"": false}}",False,False,,,True,False,False,D:\XF-ChongQin\ai-\knowledge\llm_wiki_swine_authoritative,1465,887,"猪狂犬病风险
猪狂犬病风险、rabies virus
采样送检咨询
用户描述症状后，重点询问采什么样品、如何判断和如何避免误治。","{""HUMAN_REVIEWED"": 3, ""NEEDS_REVIEW"": 2}","[""SRC-0001"", ""SRC-0054""]",2064,30.45,ERNIE-4.5-Turbo-32K,88,28,18,24,18,False,True,"整体回答质量较高，诊断准确性、病理逻辑、处方安全性和数据质量均表现良好，无明显致命风险。诊断部分对症状和潜在病因的分析较为全面，处方部分对生物安全措施和采样送检的指导合理，且明确禁止了可能引发风险的行为。
问题：diagnosis_accuracy: 虽提到需实验室确诊，但对伪狂犬病等类似疾病的鉴别诊断描述稍显简略，可进一步细化症状差异。；pathology_logic: 对猪狂犬病病理机制的阐述不够深入，未明确说明为何流浪犬接触史是重要风险因素。；data_quality: 场景标签和验证点覆盖较全，但风险标志中关于采样生物安全防护的具体措施描述较少。；prescription_safety: 禁止行为部分可增加对操作人员防护装备的建议，以强化安全性。",hunyuan-turbos-20250926,85,8,7,9,8,False,False,"回答整体结构完整，诊断思路清晰，能够结合现场症状与流行病学线索提示猪狂犬病风险，并强调实验室确诊的重要性。处方部分给出了合理的生物安全与采样送检指导，并明确禁止高风险操作，符合安全边界要求。不足之处在于鉴别诊断细节不足、病理机制解释不够深入，以及采样环节的生物安全防护建议不够具体。
问题：对伪狂犬病、链球菌性脑炎等鉴别诊断仅简单提及，缺乏症状对比分析；未详细解释流浪犬接触史与猪感染狂犬病之间的传播机制；采样与送检环节缺少针对操作人员个人防护的具体建议",True,ERNIE-4.5-Turbo-32K,True,pass,回答整体质量较高，诊断部分结合症状和流行病学线索提示猪狂犬病风险，并强调实验室确诊的重要性，对症状和潜在病因的分析较为全面；处方部分给出了合理的生物安全与采样送检指导，并明确禁止高风险操作，符合安全边界要求。虽然存在鉴别诊断细节不足、病理机制解释不够深入以及采样环节生物安全防护建议不够具体等轻微不足，但不影响整体回答的准确性和安全性，可判pass。,87.0,28,18,24,18,pass,22.3,15.26,
8bc6cea0-b134-596c-aeda-ee9f2118d4a6,264,猪水疱性口炎,swine_hunyuan_turbos,hunyuan-turbos-20250926,成功,,猪,我家有200头90公斤左右的育肥猪，最近几天有几头出现口腔、蹄部起水疱，伴随流涎、跛行，体温升高到41℃左右，已经有三四天了，之前没用过什么药，圈舍通风一般，附近没有听说其他猪场发病。现在快到出栏时间了，这种情况还能治吗？会不会影响卖猪？,根据描述的症状（高热、口腔及蹄部水疱、流涎、跛行），高度怀疑为水疱性疾病，包括猪水疱性口炎（VS）、口蹄疫（FMD）、猪水疱病（SVD）等。由于这些疾病临床表现相似，必须通过实验室检测进行确诊。,立即隔离可疑病例，限制人员、车辆流动，防止扩散；对全群加强观察，记录新发病例；采集水疱液、组织等样本送具备资质的实验室检测，明确病原；在检测结果出来前，不得对外销售或运输生猪；如确诊为猪水疱性口炎且为非流行区，可依据当地兽医部门指导采取支持疗法（如退热、补液、局部护理）；严禁使用未经许可的药物或疫苗；若检出口蹄疫或其他法定疫病，须按重大动物疫病应急预案处置，包括扑杀、无害化处理及封锁等措施。,在未获得实验室确诊结果并确认无重大疫病前，禁止出栏销售；任何药物治疗后的休药期需依据所用药品说明书及国家相关规定确定，并在兽医指导下执行。,"{""disease_name"": ""猪水疱性口炎"", ""severity"": ""中等至严重（视是否合并其他水疱病而定）"", ""scene_tags"": [""育肥猪"", ""高发病率"", ""临近出栏"", ""非流行区""], ""validation_points"": [""症状符合水疱病特征"", ""需实验室鉴别排除口蹄疫等法定疫病"", ""存在重大疫病防控边界""], ""risk_flags"": [""可能为人兽共患或重大动物疫病风险"", ""未确诊前禁止移动和销售"", ""需严格生物安全措施""], ""case_type"": ""上市休药期咨询"", ""target_disease"": ""猪水疱性口炎"", ""local_flags"": {""species_ok"": true, ""target_disease_in_diagnosis"": true, ""target_disease_mismatch"": false, ""contains_specific_dose"": false, ""contains_specific_withdrawal"": false, ""regulated_bad_treatment"": false}}",False,False,,,True,False,False,D:\XF-ChongQin\ai-\knowledge\llm_wiki_swine_authoritative,1465,887,"猪水疱性口炎
猪水疱性口炎、vesicular stomatitis viruses
上市休药期咨询
用户接近出栏，关心治疗方向和用药后能否出栏销售。","{""HUMAN_REVIEWED"": 3, ""NEEDS_REVIEW"": 2}","[""SRC-0001"", ""SRC-0054""]",2104,21.55,ERNIE-4.5-Turbo-32K,88,28,18,23,20,False,True,"该回答整体表现良好，诊断方向准确，考虑了多种水疱性疾病的可能性，并强调了实验室检测的重要性。处理方向安全，符合疾病防控要求，且考虑了出栏销售的合规性。数据质量较高，提供了详细的场景标签和验证点。
问题：诊断准确性方面，虽然考虑了多种可能性，但未明确给出最可能的疾病，略显保守；病理逻辑上，对疾病之间的鉴别诊断描述可更详细；处方安全性上，支持疗法的描述较笼统；数据质量上，风险标志的描述可更具体。",hunyuan-turbos-20250926,85,4,4,5,4,False,False,"回答覆盖了主要水疱性疾病的鉴别思路，强调实验室确诊，处理方案符合生物安全和法规，未出现危险用药建议。但诊断部分未明确最可能病因，鉴别诊断细节不足，支持疗法描述偏笼统，风险提醒可更具体。
问题：诊断未明确指出最可能的疾病，仅列出多种可能，缺乏倾向性判断；鉴别诊断过程不够细致，缺少不同疾病特征对比说明；支持疗法内容过于笼统，缺乏针对症状的具体措施提示；风险提醒中对临近出栏的潜在经济损失提示不足",True,ERNIE-4.5-Turbo-32K,True,pass,诊断方向准确，考虑了多种水疱性疾病的可能性，并强调了实验室检测的重要性，符合疾病防控要求。处理方案安全，未出现危险用药建议，且考虑了出栏销售的合规性。尽管诊断部分未明确最可能病因，鉴别诊断细节不足，支持疗法描述偏笼统，但整体内容完整，方向正确，不影响数据可用性。,87.0,28,18,23,20,pass,14.19,14.92,
42b04075-aeb0-52de-9272-a08f89f7fe90,299,猪胸膜肺炎,swine_hunyuan_turbos,hunyuan-turbos-20250926,成功,,猪,我家是育肥猪场，存栏大概800头，现在这批猪在90日龄左右，最近一周陆续有猪出现咳嗽、呼吸急促，有的还张口喘气，个别体温升高到40℃以上，采食量明显下降。之前用过替米考星拌料三天，症状缓解不明显，反而又有新发病例。圈舍通风一般，晚上温度低时窗户关得紧，粪沟清理不及时有点臭。我想知道这种情况该采哪些样品送检？会不会是多种病原混合感染？,根据描述，育肥猪出现急性呼吸道症状，伴高热、食欲下降及张口喘气，结合用药反应不佳，提示可能为猪胸膜肺炎放线杆菌（Actinobacillus pleuropneumoniae）引起的胸膜肺炎，同时存在与其他呼吸道病原（如猪流感病毒、蓝耳病毒、支原体等）混合感染的可能。此外，环境因素（通风不良、氨气浓度高）可加重病情并诱发继发感染。,treatment_direction: 立即改善圈舍通风，降低氨气浓度，减少应激；对表现严重症状的个体进行隔离观察，防止交叉感染；尽快采集鼻拭子、肺组织及血液样品送实验室检测，明确病原种类及是否混合感染。；management_measures: 加强日常消毒，保持圈舍干燥清洁；调整饲养密度，避免过度拥挤；合理分群，减少混群带来的应激；保证饮水充足和营养供给。；sampling_and_testing: 建议采集发病猪的鼻腔拭子、肺脏病变部位组织以及全血，送至具备资质的兽医实验室进行细菌分离培养、PCR检测及血清学检测，以区分单一病原感染与混合感染。；prohibited_boundaries: 在未确诊前禁止随意使用广谱抗生素替代治疗；发现可疑重大动物疫病（如非洲猪瘟）应立即向当地畜牧兽医部门报告，不得擅自处理。,因未确定最终治疗方案及药物种类，暂无法给出具体休药期，须依据检测结果和兽医处方执行相应规定。,"{""disease_name"": ""猪胸膜肺炎"", ""severity"": ""中等至重度"", ""scene_tags"": [""育肥猪"", ""呼吸道疾病"", ""混合感染风险"", ""环境应激""], ""validation_points"": [""症状符合胸膜肺炎特征（咳嗽、喘气、高热、食欲下降）"", ""用药效果不佳提示可能存在耐药或混合感染"", ""环境通风不良可加重病情""], ""risk_flags"": [""潜在混合感染"", ""环境管理不足"", ""需及时采样送检""], ""case_type"": ""呼吸道采样送检"", ""target_disease"": ""猪胸膜肺炎"", ""local_flags"": {""species_ok"": true, ""target_disease_in_diagnosis"": true, ""target_disease_mismatch"": false, ""contains_specific_dose"": false, ""contains_specific_withdrawal"": false, ""regulated_bad_treatment"": false}}",False,False,,,True,False,False,D:\XF-ChongQin\ai-\knowledge\llm_wiki_swine_authoritative,1465,887,"猪胸膜肺炎
猪胸膜肺炎、actinobacillus pleuropneumoniae pleuropneumonia
呼吸道采样送检
呼吸道症状持续，用药效果不稳定，用户询问采什么样品和如何鉴别混合感染。","{""HUMAN_REVIEWED"": 3, ""NEEDS_REVIEW"": 2}","[""A0-MOA-573"", ""RC-RESP-001"", ""SRC-0001"", ""SRC-0007"", ""SRC-0042"", ""SRC-0043"", ""SRC-0049"", ""SRC-0050"", ""SRC-0058"", ""SRC-0059"", ""SRC-0066"", ""SRC-0069"", ""SRC-0070"", ""SRC-0076"", ""SRC-0086""]",2092,37.9,ERNIE-4.5-Turbo-32K,88,28,18,23,20,False,True,"整体回答质量较高，诊断准确性、病理逻辑、处方安全性和数据质量均表现良好，无明显致命风险。诊断准确识别了猪胸膜肺炎的主要症状及可能的混合感染，病理逻辑合理，处方安全且考虑了环境因素，数据质量较高，提供了详细的场景标签和验证点。
问题：diagnosis_accuracy: 诊断中虽提及混合感染可能性，但未明确列出常见混合感染病原的具体特征或优先级，略显笼统。；pathology_logic: 病理逻辑部分对环境因素（如通风不良、氨气浓度高）的加重作用描述较浅，未深入分析其与胸膜肺炎放线杆菌感染的协同机制。；prescription_safety: 处方中禁止随意使用广谱抗生素的提醒虽重要，但未提供替代的初步应急处理建议（如针对性使用对胸膜肺炎敏感的抗生素观察效果）。；data_quality: 数据质量中场景标签和验证点较全面，但风险标志中‘需及时采样送检’属于常规操作，未突出本案例的特殊风险（如混合感染鉴别难度）。",hunyuan-turbos-20250926,85,8.5,8.2,9.0,8.3,True,False,"回答整体结构完整，诊断思路清晰，能够结合临床症状、环境条件和用药反应推测猪胸膜肺炎及可能的混合感染，并强调送检的重要性。处方部分注重生物安全和合规流程，无危险建议。不足之处在于混合感染病原分析不够细化，环境因素与疾病的协同机制阐述不足，缺乏针对初期症状的应急干预措施。
问题：混合感染病原仅泛泛提及，没有列举主要病原及其典型特征或优先排查顺序。；对通风不良、氨气浓度高等环境因素如何促进胸膜肺炎发生或加重的机制解释不足。；未提供在等待检测结果期间的初步对症支持或经验性用药建议，可能导致现场处置空窗期。",True,ERNIE-4.5-Turbo-32K,True,pass,回答整体质量较高，诊断准确识别了猪胸膜肺炎的主要症状及可能的混合感染，病理逻辑合理，处方安全且考虑了环境因素。尽管在混合感染病原分析、环境因素与疾病协同机制阐述以及初期应急干预措施方面存在轻微不足，但不影响整体诊断和处置方向的安全性，且数据质量较高，提供了详细的场景标签和验证点。,87.0,28,18,23,20,pass,27.88,18.48,
33bb4669-ab9b-51c3-b36b-e59e215ae599,176,猪乙型脑炎,swine_hunyuan_turbos,hunyuan-turbos-20250926,成功,,猪,我家有200多头能繁母猪，最近两个月陆续发现几头怀孕80多天的母猪流产，有的还产出木乃伊胎，体温没明显升高，也没有看到皮肤出血斑。之前没有打过乙脑疫苗，周边也有类似情况。想问问这种情况是不是乙脑？要怎么采样送检？现在还能继续配种吗？要不要停引种？,根据描述，怀孕中期流产伴木乃伊胎，无明显全身高热及出血表现，且未接种乙脑疫苗，结合季节性和地域性流行特点，高度怀疑为猪乙型脑炎病毒感染所致繁殖障碍。该病主要通过蚊虫叮咬传播，常在夏秋季高发，可导致妊娠中晚期胚胎死亡并形成木乃伊胎。确诊需依赖实验室检测。,treatment_direction: 目前无特效抗病毒药物，重点在于控制传播源和阻断传播链。对发病母猪进行隔离观察，防止蚊虫叮咬，减少接触其他健康猪群。；management_measures: 立即停止配种计划，暂停引入新种猪，加强圈舍防蚊灭蚊措施（如安装纱窗、使用驱蚊剂、清理积水等），并对全场母猪进行流行病学调查。；sampling_for_testing: 采集流产胎儿脑组织、脾脏、肝脏及血液样本送实验室检测乙脑病毒核酸或抗原，同时可采集同群母猪血清做抗体检测辅助判断。；prohibited_actions: 严禁将疑似病料随意丢弃或外运，禁止未经检疫的种猪调入调出，不得擅自使用未经验证的疫苗或药物替代防控。,因无药物治疗，不涉及停药期问题；若后续使用疫苗，应遵守疫苗说明书规定的免疫间隔和安全期。,"{""disease_name"": ""猪乙型脑炎"", ""severity"": ""中等偏重（可引起繁殖损失，但不直接致死成年猪）"", ""scene_tags"": [""繁殖障碍"", ""流产"", ""木乃伊胎"", ""蚊媒传播"", ""季节性流行""], ""validation_points"": [""符合乙脑引起妊娠中后期流产特征"", ""缺乏疫苗接种史增加易感性"", ""需要实验室检测确认病原""], ""risk_flags"": [""疑似重大动物疫病风险"", ""存在传播扩散可能"", ""需暂停配种和引种""], ""case_type"": ""繁殖障碍送检"", ""target_disease"": ""猪乙型脑炎"", ""local_flags"": {""species_ok"": true, ""target_disease_in_diagnosis"": true, ""target_disease_mismatch"": false, ""contains_specific_dose"": false, ""contains_specific_withdrawal"": false, ""regulated_bad_treatment"": false}}",False,False,,,True,False,False,D:\XF-ChongQin\ai-\knowledge\llm_wiki_swine_authoritative,1465,887,"猪乙型脑炎
猪乙型脑炎、japanese encephalitis virus
繁殖障碍送检
繁殖异常持续出现，用户询问该采哪些样品、是否需要暂停配种和引种。","{""HUMAN_REVIEWED"": 2, ""NEEDS_REVIEW"": 2}","[""RC-REPRO-001"", ""SRC-0001"", ""SRC-0035"", ""SRC-0045"", ""SRC-0048"", ""SRC-0049"", ""SRC-0050"", ""SRC-0060"", ""SRC-0061"", ""SRC-0067"", ""SRC-0068"", ""SRC-0085""]",2221,34.82,ERNIE-4.5-Turbo-32K,88,28,18,24,18,False,True,"整体回答质量较高，诊断准确性、病理逻辑、处方安全性和数据质量均表现良好，无明显致命风险，符合通过标准。
问题：diagnosis_accuracy: 诊断依据充分，但未明确提及乙脑的季节性高发特点（夏秋季）与用户描述的时间关联性，可进一步强化诊断逻辑。；pathology_logic: 病理逻辑基本清晰，但未详细解释木乃伊胎的形成机制与乙脑病毒的关系，可补充病理生理学依据。；prescription_safety: 处方安全性较高，但未提及对同群未发病母猪的监测建议，如体温监测或早期症状观察，可完善管理措施。；data_quality: 数据质量良好，但采样建议中未明确样本保存和运输条件（如冷藏或冷冻），可能影响检测结果准确性。",hunyuan-turbos-20250926,85,4,4,5,4,False,True,"该回答在诊断思路、防控措施和风险提示方面总体合理，能够基于典型症状、流行病学背景和未接种疫苗的情况推断乙脑可能性，并给出科学的采样与管理建议。处方部分强调隔离、防蚊、暂停配种和引种等措施，避免了不当用药，安全性高。不足之处在于未明确关联发病时间与季节性特征，未深入解释木乃伊胎形成机制，缺少对同群母猪的日常监测建议，以及样本保存运输条件的说明。
问题：未明确指出乙脑的季节性高发特点与当前时间的相关性，削弱了诊断逻辑的完整性。；未详细说明木乃伊胎形成的病理生理过程及其与乙脑病毒的联系。；缺乏针对同群未发病母猪的日常监测建议，如体温测量或早期行为异常观察。；采样建议中未提及样本的保存和运输条件，可能影响实验室检测的准确性。",False,,,,,86.5,28,18,24,18,pass,24.14,26.41,
a421f8e4-b6f8-5df7-8681-b94ce4bbf140,118,猪水疱性口炎,swine_hunyuan_turbos,hunyuan-turbos-20250926,成功,,猪,我场有200多头育肥猪，平均体重在60公斤左右，最近几天发现同一栋舍里有五六头出现口腔和蹄部的水疱，有的还伴有跛行，体温升高到39℃以上，食欲下降。之前没用过什么抗病毒药，只是个别用过阿莫西林饮水。现在想问问能不能先当普通病处理看看效果？,根据描述的症状（口腔及蹄部水疱、发热、跛行），高度怀疑为水疱性疾病，包括猪水疱性口炎（VS）、口蹄疫（FMD）、猪水疱疹（SVD）等。由于这些疾病临床表现极为相似，仅凭临床症状无法确诊，必须通过实验室检测进行鉴别。,立即停止场内随意用药，防止掩盖病情影响诊断；对疑似病例进行隔离并限制移动；采集口腔拭子、水疱液、血液等样本送有资质的实验室检测，明确病原类型；加强生物安全措施，减少人员、车辆、器具交叉污染；若确诊为水疱性口炎且非疫区，可在兽医指导下采取对症支持治疗，如改善营养、防继发感染、局部护理等；若为口蹄疫等重大动物疫病，须严格按国家防控方案执行，禁止自行治疗替代官方处置。,因未确定病原，暂不建议屠宰上市；待实验室结果确认病原种类及是否属重大疫病后，再依据相应法规确定休药期和流通限制。,"{""disease_name"": ""猪水疱性口炎"", ""severity"": ""中等至严重（视病原而定）"", ""scene_tags"": [""育肥猪"", ""多栋猪舍"", ""水疱性病变"", ""发热"", ""跛行""], ""validation_points"": [""症状符合水疱性疾病特征"", ""需实验室鉴别排除口蹄疫等烈性病""], ""risk_flags"": [""可能属于重大动物疫病范畴，需及时送检"", ""存在跨区域传播风险，应强化生物安全""], ""case_type"": ""暴发与处置边界"", ""target_disease"": ""猪水疱性口炎"", ""local_flags"": {""species_ok"": true, ""target_disease_in_diagnosis"": true, ""target_disease_mismatch"": false, ""contains_specific_dose"": false, ""contains_specific_withdrawal"": false, ""regulated_bad_treatment"": false}}",False,False,,,True,False,False,D:\XF-ChongQin\ai-\knowledge\llm_wiki_swine_authoritative,1465,887,"猪水疱性口炎
猪水疱性口炎、vesicular stomatitis viruses
暴发与处置边界
同栏或多栋猪舍短期内发病增多，用户询问是否能先按普通病治疗观察。","{""HUMAN_REVIEWED"": 3, ""NEEDS_REVIEW"": 2}","[""SRC-0001"", ""SRC-0054""]",2104,26.66,ERNIE-4.5-Turbo-32K,88,28,18,23,20,False,True,"该回答对猪水疱性口炎的诊断、鉴别诊断、处理方向和生物安全措施进行了较为全面的描述，符合实际场景需求，诊断逻辑清晰，处理方向安全，数据质量较高。
问题：diagnosis_accuracy: 诊断部分虽然提到了水疱性疾病的鉴别诊断，但未明确指出猪水疱性口炎的可能性，仅在最后提到确诊后的情况，略显保守。；pathology_logic: 病理逻辑部分对症状的描述和鉴别诊断的必要性进行了说明，但未深入解释不同水疱性疾病之间的病理差异。；prescription_safety: 处方部分强调了实验室检测的重要性，并给出了对症支持治疗的建议，但未具体说明支持治疗的具体措施。；data_quality: 数据质量部分基本完整，但场景标签和验证点可以更加详细和具体。",hunyuan-turbos-20250926,85,7,8,9,8,True,False,"回答能够结合用户提供的真实养殖场景，准确识别出水疱性疾病的可能范围，并强调需通过实验室检测区分猪水疱性口炎、口蹄疫、猪水疱疹等，避免误诊误治。处理建议包含隔离、送检、生物安全等措施，符合重大疫病防控原则，无危险建议。不足之处在于诊断部分对猪水疱性口炎的指向不够明确，病理机制解释不足，支持治疗细节欠缺。
问题：诊断部分虽列出多种水疱性疾病，但对猪水疱性口炎的可能性提示不足，容易让用户忽略该病本身。；未进一步解释不同水疱性疾病的病理差异，导致病理逻辑链条不够完整。；支持治疗仅笼统提及，缺乏可操作性细节。",True,ERNIE-4.5-Turbo-32K,True,pass,回答能够结合用户提供的养殖场景，准确识别出水疱性疾病的可能范围，并强调需通过实验室检测区分猪水疱性口炎、口蹄疫、猪水疱疹等，避免误诊误治。处理建议包含隔离、送检、生物安全等措施，符合重大疫病防控原则，无危险建议。尽管诊断部分对猪水疱性口炎的指向不够明确，病理机制解释不足，支持治疗细节欠缺，但整体方向安全且疾病匹配，不影响数据可用性。,86.0,28,18,23,20,pass,18.75,19.0,
a3032de8-bd52-59c7-8441-4b49dd441de6,122,仔猪梭菌性肠炎,swine_hunyuan_turbos,hunyuan-turbos-20250926,成功,,猪,我这边是200头左右保育猪，现在大概40日龄，最近一周陆续有拉稀的，粪便带血丝，有的还带气泡味，已经用了恩诺沙星拌料三天，个别猪还是没好转，想问下还能继续用吗？要不要送样检查？,根据描述，保育猪出现血性腹泻伴气泡气味，且常规抗菌药效果不佳，需考虑仔猪梭菌性肠炎的可能，尤其是产气荚膜梭菌（C. perfringens）感染。该病在保育阶段偶发，与饲料变化、应激及肠道菌群失衡有关。建议结合剖检观察小肠黏膜出血坏死情况，并采集新鲜粪便或肠内容物进行病原学检测以确诊。,treatment_direction: 针对疑似梭菌性肠炎，可考虑调整抗菌药物种类（如选用对厌氧菌有效的药物），并结合支持疗法改善肠道功能。；management_measures: 立即隔离发病猪，减少混群应激；加强圈舍清洁消毒，保持干燥通风；暂停饲喂易发酵饲料，逐步恢复易消化饲料。；sampling_and_testing: 采集发病猪的新鲜粪便或病变肠段，送实验室进行梭菌分离培养和毒素检测，必要时做PCR鉴定。；prohibited_boundaries: 在未明确病原前，不应随意更换多种广谱抗生素以防耐药性增加；严禁将病死猪尸体随意丢弃或流入市场。,具体停药期需依据所用药物说明书及检测结果确定，未明确诊断前不建议贸然出栏销售。,"{""disease_name"": ""仔猪梭菌性肠炎"", ""severity"": ""中等至严重（可导致高死亡率）"", ""scene_tags"": [""保育猪"", ""血性腹泻"", ""抗菌药效果差"", ""疑似梭菌感染""], ""validation_points"": [""症状符合梭菌性肠炎特征（血便、气泡味）"", ""常规抗菌药无效提示可能耐药或病原特殊"", ""需通过实验室检测明确病因""], ""risk_flags"": [""潜在高致死率"", ""存在耐药风险"", ""需防止疫情扩散""], ""case_type"": ""腹泻用药咨询"", ""target_disease"": ""仔猪梭菌性肠炎"", ""local_flags"": {""species_ok"": true, ""target_disease_in_diagnosis"": true, ""target_disease_mismatch"": false, ""contains_specific_dose"": false, ""contains_specific_withdrawal"": false, ""regulated_bad_treatment"": false}}",False,False,,,True,False,False,D:\XF-ChongQin\ai-\knowledge\llm_wiki_swine_authoritative,1465,887,"仔猪梭菌性肠炎
仔猪梭菌性肠炎、clostridial diseases
腹泻用药咨询
猪群腹泻后已用过常见抗菌药效果一般，用户询问是否继续用药以及是否需要送检。","{""HUMAN_REVIEWED"": 2, ""NEEDS_REVIEW"": 2}","[""SRC-0001"", ""SRC-0012"", ""SRC-0062"", ""SRC-0079""]",2221,24.97,ERNIE-4.5-Turbo-32K,88,28,18,23,20,False,True,"该回答整体表现良好，诊断方向准确，考虑了仔猪梭菌性肠炎的可能性，并提出了合理的检测建议。治疗方案安全，管理措施得当，且注意到了耐药性和疫情扩散的风险。数据质量较高，症状描述与疾病特征相符，风险标识清晰。
问题：诊断准确性方面，虽然考虑了梭菌性肠炎，但未完全排除其他可能疾病，如猪痢疾等，可进一步增加鉴别诊断内容。；病理逻辑方面，对疾病发生机制的阐述略显简单，可增加更多关于梭菌性肠炎病理特点的描述。；数据质量方面，虽然症状描述详细，但缺乏具体的发病率和死亡率数据，对病情严重程度的评估略显不足。",hunyuan-turbos-20250926,85,8,7,9,8,False,False,"该条数据场景真实，用户描述的保育猪血性腹泻伴气泡味符合仔猪梭菌性肠炎的典型症状，诊断方向正确，并提示了病原检测和剖检确认的重要性。治疗与管理措施合理，强调了避免滥用抗生素和防止疫情扩散的安全边界，无危险建议。不足之处在于鉴别诊断不够全面，病理机制说明较简略，缺少发病率、死亡率等量化信息，影响病情严重程度评估。
问题：鉴别诊断范围偏窄，未提及猪痢疾等其他可能引起类似症状的病原性疾病。；病理机制解释较为笼统，缺乏对梭菌性肠炎典型病理变化的详细描述。；缺少发病率、死亡率等关键流行病学数据，难以全面评估疫情严重性。",True,ERNIE-4.5-Turbo-32K,True,pass,诊断方向准确，考虑了仔猪梭菌性肠炎的可能性，并提出了合理的检测建议。治疗方案安全，管理措施得当，且注意到了耐药性和疫情扩散的风险。虽然存在鉴别诊断不够全面、病理机制说明较简略、缺少发病率和死亡率等量化信息等轻微不足，但整体数据质量较高，不影响作为参考数据使用。,86.0,28,18,23,20,pass,16.99,16.52,
f92bbf64-2fea-5ebf-9093-4b657fe5ec26,125,猪钩端螺旋体病,swine_hunyuan_turbos,hunyuan-turbos-20250926,成功,,猪,我这边是300头基础母猪的种猪场，最近半个月陆续有怀孕90多天的母猪流产，还有几头产下死胎，个别公猪精神差、精液质量下降。之前没用过什么特别的药物，场内通风一般，饮水井水共用。想问是不是传染病？还能继续配种吗？会不会影响人？,根据描述，怀孕中后期母猪流产、死胎及公猪精液质量下降，结合饲养环境和群体规模，高度怀疑猪钩端螺旋体病。该病可引起繁殖障碍，尤其在妊娠母猪中表现明显，同时可能通过接触污染水源或分泌物传播。部分病例可无明显全身症状，但会导致繁殖性能下降。此外，本病在特定地区具有职业性人兽共患风险，需关注人员防护。,treatment_direction: 立即暂停场内配种计划，对全场猪只进行健康排查，重点采集流产胎儿、胎盘、血液及公猪精液送实验室检测，明确病原。；management_measures: 加强圈舍清洁消毒，防止污水外溢和交叉污染；改善通风条件，减少应激；限制人员随意进出，工作人员佩戴手套、口罩等防护用品。；sampling_and_testing: 采集流产胎儿组织、胎盘、血清及公猪精液样本，送具备资质的兽医实验室进行钩端螺旋体PCR或血清学检测。；prohibited_boundaries: 在未确诊前禁止将场内猪只外调或引入新猪；严禁私自使用未经批准的抗生素或人用药物；发现疑似疫情应立即向当地畜牧兽医部门报告，不得擅自处理。,因未确定病原及用药方案，暂无法给出确切休药期，需依据检测结果和兽医指导执行。,"{""disease_name"": ""猪钩端螺旋体病"", ""severity"": ""中等至严重（可导致繁殖损失并具人兽共患风险）"", ""scene_tags"": [""种猪场"", ""繁殖障碍"", ""流产"", ""死胎"", ""公猪精液异常""], ""validation_points"": [""妊娠母猪流产与死胎符合钩端螺旋体病的繁殖障碍特征"", ""公猪精液质量下降提示全身性感染可能"", ""环境管理不佳增加病原体传播风险""], ""risk_flags"": [""职业性人兽共患风险"", ""需及时送检确认病原"", ""重大动物疫病防控边界""], ""case_type"": ""种猪繁殖障碍"", ""target_disease"": ""猪钩端螺旋体病"", ""local_flags"": {""species_ok"": true, ""target_disease_in_diagnosis"": true, ""target_disease_mismatch"": false, ""contains_specific_dose"": false, ""contains_specific_withdrawal"": false, ""regulated_bad_treatment"": false}}",False,False,,,True,False,False,D:\XF-ChongQin\ai-\knowledge\llm_wiki_swine_authoritative,1465,887,"猪钩端螺旋体病
猪钩端螺旋体病、leptospirosis
种猪繁殖障碍
种猪场出现流产、死胎、返情或公猪异常，用户担心传染病和是否继续配种。","{""HUMAN_REVIEWED"": 2, ""NEEDS_REVIEW"": 2}","[""SRC-0001"", ""SRC-0067""]",2220,32.64,ERNIE-4.5-Turbo-32K,88,28,18,24,18,False,True,"整体回答质量较高，诊断准确性、病理逻辑、处方安全性和数据质量均表现良好，无明显致命风险，符合通过标准。
问题：诊断准确性方面，虽然高度怀疑猪钩端螺旋体病，但未完全排除其他可能引起繁殖障碍的疾病，如猪繁殖与呼吸综合征（PRRS）或猪细小病毒病（PPV），可进一步补充鉴别诊断依据。；病理逻辑方面，对公猪精液质量下降与钩端螺旋体病的关联性解释稍显不足，可增加具体病理机制描述。；数据质量方面，场景标签和验证点覆盖较全面，但风险标志中“重大动物疫病防控边界”表述较模糊，建议明确具体防控措施或依据。；处方安全性方面，整体措施合理，但“暂无法给出确切休药期”可能引发用户疑虑，建议补充“需依据检测结果和兽医指导执行”的说明。",hunyuan-turbos-20250926,85,8.5,8.0,9.0,8.5,False,False,"该回答在诊断思路上较为准确，能够结合临床症状、环境与流行病学特征提出高度怀疑猪钩端螺旋体病，并提示人兽共患风险。管理建议和采样检测流程完整且安全，包含必要的生物安全措施和上报要求，无危险用药建议。不足之处在于鉴别诊断不够充分，对公猪精液质量下降的机制解释略简略，以及重大疫病防控边界表述不够具体。总体符合有效数据标准。
问题：未充分列出可能导致类似繁殖障碍的其他常见疾病（如PRRS、PPV）以作鉴别。；对公猪精液质量下降与钩端螺旋体病之间的病理联系说明不足。；重大疫病防控边界描述偏笼统，缺乏更具体的操作指引。",True,ERNIE-4.5-Turbo-32K,True,pass,回答整体质量较高，诊断准确性、病理逻辑、处方安全性和数据质量均表现良好。诊断能够结合临床症状、环境与流行病学特征提出高度怀疑猪钩端螺旋体病，并提示人兽共患风险。管理建议和采样检测流程完整且安全，包含必要的生物安全措施和上报要求，无危险用药建议。虽然存在鉴别诊断不够充分、对公猪精液质量下降的机制解释略简略、重大疫病防控边界表述不够具体等轻微不足，但不影响整体方向，可参考性较强。,86.0,28,18,24,18,pass,22.74,20.28,
6f25ca6f-503a-5563-b78d-96386796fd53,152,猪繁殖与呼吸综合征,swine_hunyuan_turbos,hunyuan-turbos-20250926,成功,,猪,我家有200多头90公斤左右的育肥猪，最近一周陆续出现咳嗽、喘气、体温升高的情况，用了替米考星和多西环素后部分好转，但还有不少继续发病。想问问这种情况该采哪些样送检测？会不会是蓝耳病混着别的病原？,根据描述，育肥猪群出现持续性呼吸道症状且抗生素治疗反应不一，提示可能存在猪繁殖与呼吸综合征病毒（PRRSV）感染，并可能与其他呼吸道病原体（如猪流感病毒、支原体、胸膜肺炎放线杆菌等）形成混合感染。建议进行实验室检测确认病原谱。,立即采集鼻拭子、肺组织及血液样本送实验室检测PRRSV及其他常见呼吸道病原；加强通风与温湿度管理，减少应激；对全群实施生物安全措施，防止交叉感染；禁止随意使用未经验证的疫苗或抗生素；若确诊PRRSV阳性，应按当地防疫部门要求进行报告和防控，不可自行替代为普通治疗。,无具体休药期说明，需依据检测结果及所用药物种类由专业兽医确定。,"{""disease_name"": ""猪繁殖与呼吸综合征"", ""severity"": ""中等至严重（视混合感染情况而定）"", ""scene_tags"": [""育肥猪"", ""呼吸道症状"", ""混合感染"", ""采样送检""], ""validation_points"": [""症状符合PRRSV特征且与多种呼吸道病原混合感染相符"", ""采样方案涵盖鼻拭子、肺组织和血液，满足鉴别诊断需求""], ""risk_flags"": [""疑似二类动物疫病"", ""需按法规上报与防控""], ""case_type"": ""呼吸道采样送检"", ""target_disease"": ""猪繁殖与呼吸综合征"", ""local_flags"": {""species_ok"": true, ""target_disease_in_diagnosis"": true, ""target_disease_mismatch"": false, ""contains_specific_dose"": false, ""contains_specific_withdrawal"": false, ""regulated_bad_treatment"": false}}",False,False,,,True,False,False,D:\XF-ChongQin\ai-\knowledge\llm_wiki_swine_authoritative,1465,887,"猪繁殖与呼吸综合征
猪繁殖与呼吸综合征、porcine reproductive and respiratory syndrome viruses、PRRS、蓝耳病
呼吸道采样送检
呼吸道症状持续，用药效果不稳定，用户询问采什么样品和如何鉴别混合感染。","{""HUMAN_REVIEWED"": 2, ""NEEDS_REVIEW"": 2}","[""A0-MOA-573"", ""SRC-0001"", ""SRC-0026"", ""SRC-0049""]",2221,30.96,ERNIE-4.5-Turbo-32K,88,28,18,23,20,False,True,"该回答整体上对猪繁殖与呼吸综合征的诊断、采样建议及防控措施较为准确，符合疾病特征和实际场景需求，无明显致命风险。
问题：diagnosis_accuracy: 诊断准确性方面，虽然识别出PRRSV感染可能性，但对混合感染病原的鉴别诊断依据稍显不足，未详细说明如何通过症状区分不同病原。；pathology_logic: 病理逻辑方面，对混合感染的逻辑推导稍显简单，未充分阐述不同病原间的相互作用及对症状的影响。；prescription_safety: 处方安全方面，未提供具体休药期说明，虽指出需依据检测结果及所用药物种类由专业兽医确定，但仍显不足。；data_quality: 数据质量方面，症状描述与疾病匹配度较高，但缺乏对猪群整体健康状况的详细评估，如死亡率、采食量变化等。",hunyuan-turbos-20250926,85,8,7.5,8,8,False,False,"回答能够结合用户提供的症状识别猪繁殖与呼吸综合征（PRRS）的可能性，并提出合理的采样与检测建议，同时强调生物安全和依法报告的重要性，符合真实养殖场景。处方中未给出具体药物剂量或休药期，避免了直接用药风险，但缺乏更详细的病原鉴别思路与群体健康背景信息。
问题：对混合感染的鉴别诊断依据不够充分，未明确如何区分不同呼吸道病原的症状差异。；病理机制解释较简略，未深入说明多病原协同作用对临床表现的影响。；缺少对猪群整体健康指标（如死亡率、采食量下降幅度）的描述，影响风险评估精度。",True,ERNIE-4.5-Turbo-32K,mostly,pass,回答整体上对猪繁殖与呼吸综合征的诊断、采样建议及防控措施较为准确，符合疾病特征和实际场景需求。虽然对混合感染病原的鉴别诊断依据稍显不足，病理逻辑推导较简单，且未提供具体休药期说明，但这些不足不影响整体方向的安全性，且回答中强调了生物安全和依法报告的重要性，避免了直接用药风险。,86.0,28,18,23,20,pass,21.56,15.61,
afd44a8a-f8a8-52f2-818d-f1a0fda440ef,187,猪痘,swine_hunyuan_turbos,hunyuan-turbos-20250926,成功,,猪,我家有200头60日龄左右的保育猪，最近几天陆续有几头出现皮肤上有红色丘疹，慢慢变成结痂，有的还伴随轻微咳嗽和采食量下降，圈舍通风一般，湿度偏高，之前用过阿莫西林饮水防继发感染，现在想确认是不是猪痘，该怎么处理？,根据描述，保育猪出现典型皮肤丘疹—结痂过程，伴轻度呼吸道症状和采食下降，结合年龄和环境条件，高度怀疑为猪痘病毒感染。该病由猪痘病毒引起，主要通过直接接触传播，也可通过蚊蝇等节肢动物机械传播。需与PRRSV、猪流感病毒、PCV2等引起的皮肤病变及呼吸道疾病进行鉴别。,treatment_direction: 目前无特效抗病毒药物，以支持疗法为主，控制继发细菌感染，改善饲养管理，减少应激。；management_measures: 提高圈舍通风，降低湿度，适当提高环境温度以改善体感温度；加强蚊虫防控，切断传播途径；隔离病猪，防止接触传播。；sampling_and_testing: 采集病变皮肤和痂皮样本送实验室PCR检测确诊，同时可同步检测PRRSV、猪流感病毒、PCV2等常见病原以排除混合感染。；prohibited_boundaries: 严禁将病猪随意调运或屠宰上市，发现疑似重大疫病须立即上报当地畜牧兽医部门。,因无特效药物治疗，不涉及药物休药期问题；若使用抗生素控制继发感染，应遵守相应药物的停药期规定并遵循官方指导。,"{""disease_name"": ""猪痘"", ""severity"": ""中等"", ""scene_tags"": [""保育猪"", ""群体发病"", ""皮肤病变"", ""呼吸道症状""], ""validation_points"": [""皮肤丘疹→结痂的典型病程符合猪痘特征"", ""保育阶段易感且存在蚊蝇媒介可能"", ""需与PRRSV、IAV-S、PCV2等呼吸道/皮肤病变病原鉴别""], ""risk_flags"": [""潜在人畜共患病误判风险（实际非人兽共患）"", ""易在潮湿环境中扩散""], ""case_type"": ""保育猪群体发病"", ""target_disease"": ""猪痘"", ""local_flags"": {""species_ok"": true, ""target_disease_in_diagnosis"": true, ""target_disease_mismatch"": false, ""contains_specific_dose"": false, ""contains_specific_withdrawal"": false, ""regulated_bad_treatment"": false}}",False,False,,,True,False,False,D:\XF-ChongQin\ai-\knowledge\llm_wiki_swine_authoritative,1465,887,"猪痘
猪痘、swinepox virus
保育猪群体发病
群体发病、采食下降、粪便或呼吸道异常，用户想知道主要病因和下一步处理。","{""HUMAN_REVIEWED"": 5}","[""SRC-0006"", ""SRC-0026"", ""SRC-0036"", ""SRC-0042"", ""SRC-0043"", ""SRC-0044"", ""SRC-0049"", ""SRC-0051""]",2128,33.49,ERNIE-4.5-Turbo-32K,88,28,18,23,20,False,True,"整体回答质量较高，诊断准确性、病理逻辑、处方安全性和数据质量均表现良好，无明显致命风险。诊断过程合理，鉴别诊断考虑全面，处理方向安全有效，符合猪痘的疾病特征和治疗原则。
问题：诊断准确性方面，虽然描述了典型症状和鉴别诊断，但未明确提及猪痘的特异性诊断方法（如PCR检测），略显不足。；病理逻辑方面，对猪痘的传播途径和发病机制的描述较为简略，可进一步细化。；处方安全性方面，虽然提出了支持疗法和控制继发感染的措施，但未具体说明抗生素的选择和使用剂量，存在一定模糊性。；数据质量方面，风险标志中提到的“潜在人畜共患病误判风险”与实际情况不符（猪痘非人兽共患病），需修正。",hunyuan-turbos-20250926,85,4,4,5,3,False,False,"该回答在诊断思路、处理措施和安全提示上总体合理，能够结合临床症状、年龄与环境推测猪痘，并提出支持治疗、环境改善、隔离与送检等正确方向，且强调了重大疫病上报机制，未出现危险用药建议。但存在部分细节不足，例如未明确指出猪痘的特异性检测方法（如PCR）作为确诊依据，传播途径与发病机制描述较笼统，以及风险标注中错误地将猪痘列为潜在人兽共患病。
问题：未明确列出猪痘的特异性实验室确诊方法（如PCR检测）。；对猪痘传播途径与发病机制的解释不够详细。；风险标注中将猪痘误标为人兽共患病，与实际不符。",True,ERNIE-4.5-Turbo-32K,True,pass,整体回答质量较高，诊断准确性、病理逻辑、处方安全性和数据质量均表现良好，无明显致命风险。诊断过程合理，鉴别诊断考虑全面，处理方向安全有效，符合猪痘的疾病特征和治疗原则。虽然存在部分细节不足，如未明确提及猪痘的特异性诊断方法（如PCR检测），传播途径和发病机制描述较简略，以及风险标注中将猪痘误标为人兽共患病，但不影响整体判断，可通过后续优化完善。,86.0,28,18,23,20,pass,23.28,58.21,
0f75452d-4cb6-5088-9f79-76bd70297483,204,猪虱病,swine_hunyuan_turbos,hunyuan-turbos-20250926,成功,,猪,我家有120头育肥猪，平均体重60公斤左右，最近发现部分猪背脊和耳根处掉毛明显，还伴有抓挠和蹭墙行为，已经持续一周多。圈舍是水泥地面，通风一般，之前没做过体外驱虫。请问这种情况是不是猪虱？要不要整群都处理？环境要怎么清？多久复查一次合适？,根据描述，猪出现局部脱毛、频繁抓挠及蹭墙，提示可能存在体外寄生虫感染。猪虱病的确诊需在体表毛发上找到活的虱或附着牢固的虫卵，单纯瘙痒或皮肤损伤不能确诊。建议对可疑个体进行细致检查，必要时采集皮屑或拔取毛发镜检。,治疗方向: 如经检查确认为猪虱，可采用经批准的体外驱虫剂按说明使用，重点涂抹或喷洒在背部、耳后、颈部等易寄生部位。；管理措施: 全群同步处理以减少交叉感染；加强圈舍清扫，清除粪污和垫料，保持干燥通风；定期更换或清洗用具，防止虫卵残留。；采样送检: 对典型病例拔取病变部位毛发，置于透明胶带或载玻片上，送兽医实验室镜检确认虱或虫卵。；禁忌边界: 严禁使用未经许可的药物或超范围用药；若怀疑为其他严重传染病（如非洲猪瘟），应立即隔离并报告当地动物防疫部门，不得自行处理。,具体休药期和停药时间须参照所用驱虫产品说明书及国家相关规定执行，使用前务必咨询执业兽医。,"{""disease_name"": ""猪虱病"", ""severity"": ""中等"", ""scene_tags"": [""育肥猪"", ""体外寄生虫"", ""瘙痒"", ""环境管理""], ""validation_points"": [""诊断需找到虱或虫卵"", ""全群处理可减少再感染"", ""环境清洁是防控关键""], ""risk_flags"": [""疑似重大疫病需排除"", ""禁止随意用药""], ""case_type"": ""驱虫和环境管理"", ""target_disease"": ""猪虱病"", ""local_flags"": {""species_ok"": true, ""target_disease_in_diagnosis"": true, ""target_disease_mismatch"": false, ""contains_specific_dose"": false, ""contains_specific_withdrawal"": false, ""regulated_bad_treatment"": false}}",False,False,,,True,False,False,D:\XF-ChongQin\ai-\knowledge\llm_wiki_swine_authoritative,1465,887,"猪虱病
猪虱病、external parasites lice
驱虫和环境管理
用户询问是否需要全群处理、环境清理和复查方式。","{""HUMAN_REVIEWED"": 3, ""NEEDS_REVIEW"": 2}","[""SRC-0001"", ""SRC-0013"", ""SRC-0072"", ""SRC-0080"", ""SRC-0082""]",2028,28.57,ERNIE-4.5-Turbo-32K,88,28,18,23,20,False,True,"整体回答符合猪虱病的诊断、治疗及管理要求，诊断逻辑合理，治疗方向安全，管理措施全面，数据质量较高，无明显致命风险。
问题：诊断部分未直接确认猪虱病，仅提示可能存在体外寄生虫感染，需进一步检查确认，诊断准确性扣2分。；病理逻辑部分对猪虱病的典型症状和传播途径描述不够详细，扣2分。；数据质量部分对用户场景的描述和疾病特征的匹配度较高，但缺乏对猪虱病流行病学特点的简要说明，扣5分。",hunyuan-turbos-20250926,85,8,8,10,7.5,False,False,"回答结构完整，诊断思路清晰，明确需要镜检确认，避免仅凭症状下结论，体现了专业谨慎性。治疗方案与管理措施符合猪虱病防控原则，包含全群处理、环境清洁及安全用药提醒，无危险建议。不足之处在于诊断部分未直接确认猪虱病，病理机制描述略简略，且缺少对猪虱病流行特点或易感条件的简要说明，影响信息完整性。
问题：诊断部分未直接确认猪虱病，仅提示可能，缺乏明确指向性。；病理逻辑中对猪虱病传播方式、生活史及典型特征描述不足。；未提及猪虱病在育肥猪中的常见发生条件或季节性因素。",True,ERNIE-4.5-Turbo-32K,True,pass,整体回答符合猪虱病的诊断、治疗及管理要求，诊断逻辑合理，强调镜检确认避免仅凭症状下结论，体现了专业谨慎性。治疗方案与管理措施符合猪虱病防控原则，包含全群处理、环境清洁及安全用药提醒，无危险建议。尽管诊断部分未直接确认猪虱病，病理机制描述略简略，且缺少对猪虱病流行特点或易感条件的简要说明，但不影响整体方向和安全性，属于轻微不足。,86.0,28,18,23,20,pass,18.13,127.99,
44fb399f-33a5-557a-b087-cd7cf292ee95,205,猪弓形虫病,swine_hunyuan_turbos,hunyuan-turbos-20250926,成功,,猪,我家有120头60日龄左右的保育猪，最近一周陆续发现几头精神差、拉稀、毛色发暗、皮肤有点粗糙，个别猪抓痒明显，采食量下降，之前用过一次广谱驱虫药效果不明显，圈舍地面潮湿，附近有散养猫活动。想问问是不是弓形虫或者别的寄生虫引起的？,根据描述的症状（腹泻、消瘦、皮肤异常、瘙痒）及环境中有猫活动的情况，考虑猪弓形虫病的可能性较大。该病在猪多为亚临床感染，但在应激或免疫力低下时可出现急性表现，包括发热、呼吸道症状、腹泻、皮肤病变等。此外，还需排除疥螨、虱子、葡萄球菌病等可引起皮肤瘙痒的疾病。,建议立即隔离疑似病例，改善圈舍卫生，减少潮湿，防止猫进入饲料和水源区域；采集粪便、血液及组织样本送实验室检测弓形虫抗体或病原；对全群进行安全有效的驱虫方案（由执业兽医制定），避免使用未经许可的药物；加强饲养管理，提高营养水平以增强抵抗力；如确诊为人兽共患风险，应关注猪肉食用安全，禁止出售可疑猪肉。,因涉及人兽共患风险，一旦确诊应按当地畜牧兽医部门指导处置，未获批准前不得屠宰上市；若使用药物治疗，须遵守相应休药期规定并由专业兽医确认。,"{""disease_name"": ""猪弓形虫病"", ""severity"": ""中等至严重（视感染程度和临床表现而定）"", ""scene_tags"": [""保育猪"", ""群体发病"", ""腹泻"", ""消瘦"", ""皮肤瘙痒"", ""猫接触史""], ""validation_points"": [""症状符合猪弓形虫病亚临床或急性表现特征"", ""存在猫源卵囊污染风险（猫活动史）"", ""需实验室检测确认病原""], ""risk_flags"": [""人兽共患风险"", ""食品安全风险"", ""需隔离与检测""], ""case_type"": ""寄生虫群体发病"", ""target_disease"": ""猪弓形虫病"", ""local_flags"": {""species_ok"": true, ""target_disease_in_diagnosis"": true, ""target_disease_mismatch"": false, ""contains_specific_dose"": false, ""contains_specific_withdrawal"": false, ""regulated_bad_treatment"": false}}",False,False,,,True,False,False,D:\XF-ChongQin\ai-\knowledge\llm_wiki_swine_authoritative,1465,887,"猪弓形虫病
猪弓形虫病、toxoplasmosis protozoa
寄生虫群体发病
猪群出现腹泻、消瘦、皮肤瘙痒或生长慢，用户怀疑寄生虫。","{""HUMAN_REVIEWED"": 3, ""NEEDS_REVIEW"": 2}","[""SRC-0001"", ""SRC-0081""]",2154,29.15,ERNIE-4.5-Turbo-32K,88,28,18,24,18,False,True,"整体回答质量较高，诊断准确性、病理逻辑、处方安全性和数据质量均表现良好，无明显致命风险。诊断考虑了症状、环境因素及可能的鉴别诊断，处方安全且关注人兽共患风险，数据质量基本满足要求。
问题：诊断准确性方面，虽然考虑了猪弓形虫病的可能性，但未充分阐述其他鉴别诊断（如疥螨、虱子、葡萄球菌病）的具体症状差异，可能导致误诊风险。；病理逻辑方面，对猪弓形虫病的病理机制解释不够深入，尤其是亚临床感染与急性表现之间的转换条件未明确说明。；数据质量方面，场景标签和验证点基本覆盖了主要信息，但缺乏对猪群具体管理细节（如饲养密度、通风情况）的描述，可能影响诊断的全面性。",hunyuan-turbos-20250926,85,80,78,90,82,False,False,"该回答在诊断思路上结合了临床症状与环境线索，合理怀疑猪弓形虫病并提示鉴别其他皮肤病原因，处方强调隔离、送检、兽医指导和食品安全，无危险用药建议，符合安全规范。不足之处在于鉴别诊断的细节不足、病理机制解释较浅、缺少部分养殖管理背景信息。
问题：鉴别诊断仅列出名称，未详细对比各病典型症状差异，可能误导用户自行判断。；对弓形虫病从亚临床到急性的触发因素解释不够清晰。；缺乏关于猪群饲养密度、通风、温湿度管理等关键背景信息，影响全面评估。",True,ERNIE-4.5-Turbo-32K,True,pass,整体回答质量较高，诊断结合了临床症状和环境线索，合理怀疑猪弓形虫病并提示鉴别其他皮肤病原因，处方安全且关注人兽共患风险，无明显致命风险。尽管在鉴别诊断的细节、病理机制解释及养殖管理背景信息方面存在不足，但不影响整体方向和安全性，可通过补充信息进一步完善。,86.0,28,18,24,18,pass,18.68,38.95,
000229eb-3f0a-55ab-9d1d-2dd4869ffa04,281,猪鞭虫病,swine_hunyuan_turbos,hunyuan-turbos-20250926,成功,,猪,我家有120头60日龄左右的保育猪，最近半个月陆续出现拉稀、粪便带黏液、个别猪毛色发暗、长得慢，还有几头皮肤抓挠结痂。圈舍地面潮湿，之前没做过驱虫，想问问是不是寄生虫引起的？,根据描述，考虑为猪鞭虫病可能性较大。该病由Trichuris suis寄生在盲肠和结肠引起，重度感染可致结肠炎、腹泻、消瘦及继发皮肤问题。结合年龄、饲养环境和症状，符合该病的流行病学特征。,treatment_direction: 采用广谱驱虫药物进行群体驱虫，重点针对肠道线虫类寄生虫。；management_measures: 改善圈舍卫生条件，保持干燥通风，减少粪口传播机会；及时清理粪便并堆积发酵；分群管理，防止交叉感染。；sampling_and_testing: 采集新鲜粪便做漂浮法检查虫卵，必要时剖检取盲肠内容物查找成虫，以确诊虫种和感染强度。；contraindications_and_boundaries: 对疑似重大动物疫病如非洲猪瘟等，不得以驱虫代替隔离、检测和上报；驱虫期间注意药物使用安全，避免与其他药物冲突。,按所用驱虫药说明执行相应停药期，确保上市前药物残留达标。,"{""disease_name"": ""猪鞭虫病"", ""severity"": ""中等"", ""scene_tags"": [""保育猪"", ""腹泻"", ""消瘦"", ""皮肤抓挠""], ""validation_points"": [""年龄与易感性匹配"", ""症状与鞭虫致病机制一致"", ""环境与传播途径吻合""], ""risk_flags"": [""潜在人畜共患病风险较低，但需规范处置粪便以防环境污染""], ""case_type"": ""寄生虫群体发病"", ""target_disease"": ""猪鞭虫病"", ""local_flags"": {""species_ok"": true, ""target_disease_in_diagnosis"": true, ""target_disease_mismatch"": false, ""contains_specific_dose"": false, ""contains_specific_withdrawal"": false, ""regulated_bad_treatment"": false}}",False,False,,,True,False,False,D:\XF-ChongQin\ai-\knowledge\llm_wiki_swine_authoritative,1465,887,"猪鞭虫病
猪鞭虫病、trichuris suis internal parasites
寄生虫群体发病
猪群出现腹泻、消瘦、皮肤瘙痒或生长慢，用户怀疑寄生虫。","{""HUMAN_REVIEWED"": 2, ""NEEDS_REVIEW"": 2}","[""SRC-0001"", ""SRC-0082""]",2221,26.64,ERNIE-4.5-Turbo-32K,88,28,18,24,18,False,True,"该测试数据整体质量较高，诊断准确性、病理逻辑、处方安全性和数据质量均表现良好，无明显致命风险，符合通过标准。
问题：诊断准确性方面，虽然症状与猪鞭虫病高度吻合，但未明确排除其他类似疾病（如猪球虫病、猪蛔虫病等），诊断依据略显单一。；病理逻辑方面，对皮肤瘙痒或结痂与猪鞭虫病的直接关联解释不够充分，可能引发对诊断逻辑完整性的质疑。；数据质量方面，场景标签和验证点虽全面，但风险标志中仅提及‘潜在人畜共患病风险较低’，未充分强调粪便规范处置的重要性，可能影响用户对风险防控的重视。",hunyuan-turbos-20250926,85,4,3.5,4.5,4,False,False,"该数据整体真实可信，症状与猪鞭虫病高度吻合，诊断思路合理，处理方案涵盖驱虫、环境管理和检测，且包含安全边界提示，无危险用药建议。但在鉴别诊断上可更完善，对皮肤症状的关联性解释不足，且对粪便生物安全风险提醒不够突出。
问题：未明确排除其他可能引起相似症状的寄生虫病（如球虫、蛔虫）；对皮肤抓挠结痂与鞭虫病的直接关系解释不充分；风险提示中对粪便处理和生物安全的强调不足",True,ERNIE-4.5-Turbo-32K,True,pass,该测试数据整体质量较高，诊断与猪鞭虫病高度吻合，处理方案涵盖驱虫、环境管理和检测，且包含安全边界提示，无危险用药建议。尽管在鉴别诊断上可更完善，对皮肤症状的关联性解释不足，且对粪便生物安全风险提醒不够突出，但不影响整体方向和安全性，可通过。,86.0,28,18,24,18,pass,19.05,13.43,
53ea59c4-b65b-5d5b-8c1a-ae158819051f,8,猪大肠杆菌病,swine_hunyuan_turbos,hunyuan-turbos-20250926,成功,,猪,我家有200多头120斤左右的育肥猪，快到出栏时间了，这几天陆续有几头开始拉稀，粪便稀薄带点黄白色，精神还行，采食量稍微下降，圈舍通风一般，温度偏低，之前没用过药。这种情况还能继续养着卖吗？要不要隔离？用什么药合适？会不会影响食品安全？,根据描述，考虑为猪大肠杆菌病（Colibacillosis），常见于育肥阶段，由致病性大肠杆菌引起，表现为急性水样腹泻，可能伴有轻度脱水。由于接近出栏且症状较轻，不排除其他病原混合感染的可能，建议结合实验室检测明确病原及耐药性。,立即将腹泻明显的猪只与健康猪分栏隔离饲养，减少交叉感染风险；加强圈舍保温和通风，保持干燥清洁饮水；采集新鲜粪便样品送实验室进行病原鉴定和药敏试验，依据结果选择敏感抗菌药物；同时做好病死猪无害化处理，防止病原扩散；严禁在检测结果不明前随意使用抗生素，以免产生耐药性和残留超标风险。,在获得实验室药敏结果并选用合规药物后，严格按兽药说明书和国家规定执行停药期，确保上市猪肉符合食品安全标准。,"{""disease_name"": ""猪大肠杆菌病"", ""severity"": ""中等"", ""scene_tags"": [""育肥猪"", ""临近出栏"", ""腹泻"", ""低环境温度""], ""validation_points"": [""症状与大肠杆菌性腹泻相符"", ""隔离措施可减少传播风险"", ""强调实验室确诊和药敏指导用药""], ""risk_flags"": [""临近出栏需关注食品安全与停药期"", ""未经确诊前禁用广谱抗生素以防耐药"", ""潜在混合感染需排查""], ""case_type"": ""腹泻出栏边界"", ""target_disease"": ""猪大肠杆菌病"", ""local_flags"": {""species_ok"": true, ""target_disease_in_diagnosis"": true, ""target_disease_mismatch"": false, ""contains_specific_dose"": false, ""contains_specific_withdrawal"": false, ""regulated_bad_treatment"": false}}",False,False,,,True,False,False,D:\XF-ChongQin\ai-\knowledge\llm_wiki_swine_authoritative,1465,887,"猪大肠杆菌病
猪大肠杆菌病、colibacillosis、大肠杆菌、大肠杆菌性腹泻、E. coli
腹泻出栏边界
临近出栏猪群出现腹泻，用户关心处理方向、隔离和用药后能否销售。","{""HUMAN_REV"": 1, ""HUMAN_REVIEWED"": 2, ""NEEDS_REVIEW"": 2}","[""SRC-0001"", ""SRC-0063"", ""SRC-0064""]",2221,33.41,ERNIE-4.5-Turbo-32K,82,27,18,23,14,False,True,"该回答对猪大肠杆菌病的诊断较为准确，症状描述与疾病相符，诊断逻辑合理，考虑到了混合感染的可能性。处理方向安全，强调了实验室检测和药敏试验的重要性，避免了盲目用药的风险。同时，关注了食品安全和停药期的问题，符合实际生产需求。
问题：诊断准确性方面，虽然考虑到了混合感染的可能性，但未给出具体的鉴别诊断方法或建议。；病理逻辑方面，对疾病的发生原因和环境因素的关联分析不够深入。；数据质量方面，回答中未提供具体的实验室检测方法或药敏试验的参考标准，缺乏一定的专业性和可操作性。；回答中未明确提及休药期的具体天数或范围，仅强调了按兽药说明书和国家规定执行，略显笼统。",hunyuan-turbos-20250926,85,90,80,88,78,False,False,"回答对猪大肠杆菌病的诊断基本准确，症状与目标疾病匹配度较高，考虑了混合感染可能性，处理方案强调隔离、环境改善和实验室检测，避免盲目用药，安全性较好。但缺乏对鉴别诊断方法的细化说明，环境因素与发病机制的关联分析不足，部分操作细节如检测方法、药敏参考标准缺失，导致可操作性稍弱。整体无危险建议，符合安全边界。
问题：未给出针对混合感染的鉴别诊断方法或建议；对环境因素与发病机制的分析较浅；缺少实验室检测方法和药敏试验参考标准的说明",True,ERNIE-4.5-Turbo-32K,True,pass,回答对猪大肠杆菌病的诊断较为准确，症状描述与疾病相符，考虑到了混合感染的可能性，处理方向安全，强调了实验室检测和药敏试验的重要性，避免了盲目用药的风险，同时关注了食品安全和停药期的问题。尽管在鉴别诊断方法、环境因素与发病机制的关联分析、实验室检测方法和药敏试验参考标准等方面存在轻微不足，但整体不影响回答的可参考性和安全性。,84.0,27,18,23,14,pass,19.39,15.43,
3031d3fd-b146-5cc0-a3fb-bb4812544bae,28,猪托罗病毒感染,swine_hunyuan_turbos,hunyuan-turbos-20250926,成功,,猪,我家有200头90公斤左右的育肥猪，还有半个月就要出栏了，最近两天陆续有几头开始拉稀，粪便稀薄带点黄绿色，精神食欲还行，体温正常，圈舍通风一般，之前没用过什么药。这种情况还能继续养到出栏吗？会不会传染其他猪？需要隔离还是直接卖？,根据描述，该批育肥猪在出栏前出现轻度腹泻，可能与猪托罗病毒感染有关。该病为病毒性腹泻，常在粪便中检出病毒RNA，但其致病性和传播能力尚不完全明确，且目前无特效抗病毒药物。需结合现场流行病学调查及实验室检测排除其他常见腹泻病因（如细菌性肠炎、营养性腹泻等）。,treatment_direction: 对症支持治疗为主，改善饲养管理条件，减少应激，防止继发细菌感染。；management_measures: 加强圈舍通风与保温，保持饮水清洁，适当补充电解质和维生素；将明显腹泻个体与健康猪分栏饲养以减少潜在接触传播风险。；sampling_submission: 采集腹泻粪便样品送实验室进行病原学检测（PCR），同时做细菌培养以排除细菌性腹泻。；prohibited_boundaries: 在未明确病因前，不建议使用未经批准的兽药或超范围用药；若检测结果提示重大动物疫病，应按法规立即上报并配合扑杀、无害化处理等措施。,因无特效药物治疗，不涉及特定休药期问题；若使用抗生素控制继发感染，应遵守相应药物的停药期规定。,"{""disease_name"": ""猪托罗病毒感染"", ""severity"": ""中等（取决于是否并发其他病原）"", ""scene_tags"": [""育肥猪"", ""出栏前"", ""腹泻"", ""低死亡率""], ""validation_points"": [""症状符合病毒性腹泻特征，无明显高热或急性死亡"", ""无特效抗病毒药物，治疗以支持和对症为主"", ""存在潜在粪口传播可能，需分栏管理""], ""risk_flags"": [""需排除其他高致死率腹泻病（如PED、TGE、ASF等）"", ""若检测发现法定重大疫病，须按法规处置""], ""case_type"": ""腹泻出栏边界"", ""target_disease"": ""猪托罗病毒感染"", ""local_flags"": {""species_ok"": true, ""target_disease_in_diagnosis"": true, ""target_disease_mismatch"": false, ""contains_specific_dose"": false, ""contains_specific_withdrawal"": false, ""regulated_bad_treatment"": false}}",False,False,,,True,False,False,D:\XF-ChongQin\ai-\knowledge\llm_wiki_swine_authoritative,1465,887,"猪托罗病毒感染
猪托罗病毒感染、porcine torovirus
腹泻出栏边界
临近出栏猪群出现腹泻，用户关心处理方向、隔离和用药后能否销售。","{""HUMAN_REVIEWED"": 2, ""NEEDS_REVIEW"": 2}","[""SRC-0001"", ""SRC-0033"", ""SRC-0083""]",2221,28.04,ERNIE-4.5-Turbo-32K,82,27,18,22,15,False,True,"该回答整体符合猪托罗病毒感染的诊断与处理逻辑，诊断准确度较高，处理方向安全，但数据质量稍低，部分细节可优化。
问题：诊断部分对猪托罗病毒感染的描述较笼统，未充分结合症状与疾病特征进行深入分析。；病理逻辑部分对病毒性腹泻的传播机制和潜在风险的阐述不够详细。；数据质量方面，对症状的描述和实验室检测建议的详细程度有待提升。；未明确提及人兽共患风险（尽管猪托罗病毒目前未明确为人兽共患病，但应作为一般性考虑）。",hunyuan-turbos-20250926,85,4,4,5,3,True,False,"该数据整体真实可信，用户描述的场景（育肥猪临出栏前轻度腹泻）与猪托罗病毒感染的可能性相符，诊断思路合理，处理方案注重管理与采样检测，避免盲目用药，并在重大疫病和人兽共患病防控上设置了安全边界。不足之处在于诊断与病理解释略显笼统，缺乏更具体的症状-机制关联说明，以及人兽共患病的一般性提醒。
问题：诊断部分对猪托罗病毒感染的特征与当前症状的关联性分析不足，缺少更深入的机制解释。；病理逻辑中对病毒性腹泻传播途径和风险程度的描述不够细致。；数据质量方面，对症状与检测建议的细节可进一步丰富。；未明确提及人兽共患病的一般性风险提示。",True,ERNIE-4.5-Turbo-32K,True,pass,该回答整体符合猪托罗病毒感染的诊断与处理逻辑，诊断准确度较高，处理方向安全，尽管存在部分细节描述不够深入的问题，如诊断部分对猪托罗病毒感染的特征与当前症状的关联性分析不足，病理逻辑中对病毒性腹泻传播途径和风险程度的描述不够细致，数据质量方面对症状与检测建议的细节可进一步丰富，以及未明确提及人兽共患病的一般性风险提示，但这些问题属于轻微不足，不影响整体判断，因此判为pass。,84.0,27,18,22,15,pass,18.26,22.02,
0f7a3792-e242-552a-a4ba-779165bc11fa,76,猪传染性胃肠炎,swine_hunyuan_turbos,hunyuan-turbos-20250926,成功,,猪,我家有200头120公斤左右的育肥猪，还有半个月就要出栏了，这几天陆续有几头开始拉稀，粪便稀薄带点酸臭味，精神还行，采食量下降不多，圈舍温度偏低，地面有点湿滑。想问这种情况能不能继续养到出栏？要不要隔离？用什么药能控制住？会不会影响卖猪？,根据描述，结合育肥猪临近出栏、粪便稀薄带酸臭、环境温度低且潮湿的情况，考虑为猪传染性胃肠炎（TGEV）的可能性较大，同时需排除其他引起腹泻的病毒或细菌因素。该病在低温高湿环境下易发，可通过粪口途径传播。,1. 立即将发病猪与健康猪分栏隔离，减少接触传播机会；2. 加强圈舍保温，保持干燥通风，防止贼风直吹；3. 保证清洁饮水，可在饮水中添加适量电解质和维生素，帮助恢复体液平衡；4. 暂停使用对肠道刺激性大的药物，避免加重脱水；5. 采集新鲜粪便送实验室进行RT-PCR或病毒分离确诊；6. 若确诊为TGEV，应依据当地动物防疫部门要求进行报告和处置，不可擅自出售；7. 禁止随意使用抗生素作为预防或治疗，以免掩盖病情并增加耐药风险。,因属病毒性腹泻，无特效药物治疗，故不存在药物休药期问题；但若涉及任何药物干预，须遵循兽医指导并在符合安全间隔后再考虑出栏。,"{""disease_name"": ""猪传染性胃肠炎"", ""severity"": ""中等"", ""scene_tags"": [""育肥猪"", ""临近出栏"", ""腹泻"", ""低温高湿""], ""validation_points"": [""症状与TGEV流行病学特征相符"", ""环境条件和传播途径吻合"", ""建议隔离和送检符合防控原则""], ""risk_flags"": [""重大动物疫病潜在风险"", ""临近出栏需严格检疫""], ""case_type"": ""腹泻出栏边界"", ""target_disease"": ""猪传染性胃肠炎"", ""local_flags"": {""species_ok"": true, ""target_disease_in_diagnosis"": true, ""target_disease_mismatch"": false, ""contains_specific_dose"": false, ""contains_specific_withdrawal"": false, ""regulated_bad_treatment"": false}}",False,False,,,True,False,False,D:\XF-ChongQin\ai-\knowledge\llm_wiki_swine_authoritative,1465,887,"猪传染性胃肠炎
猪传染性胃肠炎、transmissible gastroenteritis virus、TGE、TGEV
腹泻出栏边界
临近出栏猪群出现腹泻，用户关心处理方向、隔离和用药后能否销售。","{""HUMAN_REVIEWED"": 2, ""NEEDS_REVIEW"": 2}","[""SRC-0001"", ""SRC-0036"", ""SRC-0037""]",2221,27.89,ERNIE-4.5-Turbo-32K,82,27,18,22,15,False,True,"整体回答符合猪传染性胃肠炎的诊断与处理原则，诊断准确性较高，病理逻辑合理，处方安全且符合疾病防控要求，数据质量基本满足需求，无致命风险。
问题：诊断准确性方面，虽然考虑了猪传染性胃肠炎的可能性，但未完全排除其他引起腹泻的病毒或细菌因素，诊断依据可进一步细化。；病理逻辑方面，对环境因素与疾病发生的关系阐述较为充分，但对疾病传播途径和防控措施的逻辑联系可加强。；处方安全方面，整体处理方向安全，但对电解质和维生素的添加量、采集粪便送检的具体操作等未详细说明。；数据质量方面，症状描述、环境条件等数据较为完整，但缺乏对猪群整体健康状况的详细评估数据。",hunyuan-turbos-20250926,85,8,8,9,8,False,False,"该回答针对用户描述的育肥猪腹泻情况，结合环境条件和流行病学特征，提出了猪传染性胃肠炎的可能性，并提示需排除其他病原，诊断思路合理。处理方案包括隔离、改善环境、补液支持及送检确诊，符合病毒性腹泻的防控原则，未给出具体药物剂量或休药期承诺，避免了用药风险。整体安全可控，无明显致命风险。
问题：诊断部分虽提及需排除其他病原，但未明确列出可能的鉴别诊断对象及其鉴别要点。；病理机制与环境关系的解释较笼统，未深入说明低温高湿如何促进病毒存活与传播。；处方中未明确电解质和维生素的使用浓度或比例，可能影响执行效果。；缺乏对猪群整体健康状态（如体温、呼吸频率、死亡率等）的评估建议。",True,ERNIE-4.5-Turbo-32K,True,pass,整体回答符合猪传染性胃肠炎的诊断与处理原则，诊断准确性较高，病理逻辑合理，处方安全且符合疾病防控要求。虽然存在诊断未完全排除其他病原、病理机制解释较笼统、处方细节未明确等轻微不足，但不影响整体安全性和参考价值，无致命风险。,84.0,27,18,22,15,pass,19.55,15.12,
b8676015-8747-5d27-bfaf-879f1377a68c,97,猪圆环病毒相关疾病,swine_hunyuan_turbos,hunyuan-turbos-20250926,成功,,猪,我家是200头左右保育猪，现在60日龄左右，最近一周陆续有猪不吃料、精神差，有的拉稀，有的咳嗽，体温在39度上下，舍内湿度偏高，前几天用过阿莫西林拌料，效果不明显。想问问这是啥原因，该怎么处理？,根据描述，保育猪出现采食下降、腹泻及呼吸道症状，结合年龄和环境条件，考虑猪圆环病毒相关疾病（PCVAD）可能性较大，尤其是PCV2感染相关的多系统衰竭综合征表现。需排除继发细菌感染及环境因素影响。,建议立即隔离病弱猪，改善舍内通风与温湿度管理，适当提高环境温度以减少代谢应激；采集病猪血液、组织样本送实验室进行PCR检测确诊；如确诊为PCV2感染，可在兽医指导下使用支持性治疗和防控继发感染的措施，避免使用未经许可的药物；严禁随意出售或转运病猪，防止疫情扩散。,因涉及病毒病且可能伴随抗生素使用，需依据检测结果和所用药物确定相应休药期，并遵守当地监管要求。,"{""disease_name"": ""猪圆环病毒相关疾病"", ""severity"": ""中等至严重"", ""scene_tags"": [""保育猪"", ""群体发病"", ""采食下降"", ""腹泻"", ""呼吸道症状""], ""validation_points"": [""符合PCVAD在保育阶段的流行病学特征"", ""症状与环境管理不足相符"", ""需通过实验室检测确诊""], ""risk_flags"": [""潜在传染性高"", ""可能影响生产性能"", ""需防范继发感染""], ""case_type"": ""保育猪群体发病"", ""target_disease"": ""猪圆环病毒相关疾病"", ""local_flags"": {""species_ok"": true, ""target_disease_in_diagnosis"": true, ""target_disease_mismatch"": false, ""contains_specific_dose"": false, ""contains_specific_withdrawal"": false, ""regulated_bad_treatment"": false}}",False,False,,,True,False,False,D:\XF-ChongQin\ai-\knowledge\llm_wiki_swine_authoritative,1465,887,"猪圆环病毒相关疾病
猪圆环病毒相关疾病、circoviruses pcvad
保育猪群体发病
群体发病、采食下降、粪便或呼吸道异常，用户想知道主要病因和下一步处理。","{""HUMAN_REVIEWED"": 3, ""NEEDS_REVIEW"": 2}","[""A0-MOA-573"", ""SRC-0001"", ""SRC-0006"", ""SRC-0035""]",1994,31.02,ERNIE-4.5-Turbo-32K,82,28,18,20,16,False,True,"整体回答符合猪圆环病毒相关疾病的诊断逻辑，症状与疾病匹配，处理方向安全且与疾病相互印证。诊断准确性较高，病理逻辑合理，处方安全，数据质量基本满足要求。
问题：诊断准确性方面，虽然考虑了猪圆环病毒相关疾病，但未完全排除其他可能的继发感染或环境因素导致的类似症状，诊断依据可进一步细化。；病理逻辑方面，对症状与环境管理不足之间的关联解释不够深入，缺乏对其他可能病因的详细分析。；处方安全方面，虽然提出了支持性治疗和防控继发感染的措施，但未具体说明支持性治疗的内容，可能影响实际操作的明确性。；数据质量方面，场景标签和验证点基本覆盖了主要信息，但风险标志中未提及人兽共患风险（尽管猪圆环病毒相关疾病通常不直接传染人类，但应保持警惕），且未明确说明休药期的具体确定方式。",hunyuan-turbos-20250926,85,8,8.5,9,8,False,False,"该条数据场景真实，症状与猪圆环病毒相关疾病高度吻合，诊断思路清晰，排除了部分继发感染因素，处理方案强调隔离、环境改善、实验室确诊和支持性治疗，避免随意用药，符合生物安全要求。处方无危险建议，休药期提示合规。不足之处在于诊断依据可更细化，对环境与症状关系解释略浅，支持性治疗内容未具体化，风险提醒可更全面。
问题：诊断依据未充分细化，未全面列出鉴别诊断清单；环境与症状关系的病理机制解释不足；支持性治疗措施未具体化，操作性不强；风险提醒缺少对人兽共患病的一般警示",True,ERNIE-4.5-Turbo-32K,True,pass,整体回答符合猪圆环病毒相关疾病的诊断逻辑，症状与疾病匹配，处理方向安全且与疾病相互印证。诊断准确性较高，病理逻辑合理，处方安全，数据质量基本满足要求。尽管存在诊断依据未充分细化、环境与症状关系解释不足、支持性治疗措施未具体化、风险提醒不全面等轻微不足，但不影响整体判断，可判为pass。,84.0,28,18,20,16,pass,22.75,20.68,
2b454692-9667-55e3-8648-f6c42a5d2f00,108,猪恶性卡他热相关感染,swine_hunyuan_turbos,hunyuan-turbos-20250926,成功,,猪,我家有120头80公斤左右的育肥猪，最近几天陆续出现高热、眼结膜充血发红、流脓性鼻涕、精神沉郁、食欲下降的情况，部分猪呼吸急促，粪便偏稀。圈舍通风一般，前几天刚从邻村拉来一批羊在附近放牧过。这种情况还能治吗？如果要用药，会不会影响我们这批猪的出栏时间？,根据描述的高热、眼鼻分泌物增多、呼吸道症状及近期羊群接触史，需高度怀疑猪恶性卡他热相关感染（由绵羊疱疹病毒2型等γ疱疹病毒引起）。该病为偶发性系统性病毒感染，临床表现多样，确诊需实验室检测。,treatment_direction: 目前无特效抗病毒药物，以支持疗法为主，包括退热、补液、改善营养、减少应激，防止继发细菌感染。；management_measures: 立即隔离发病猪，加强圈舍通风与卫生消毒，减少人员与器具交叉使用，暂停引入新动物。；sampling_and_testing: 采集血液、组织样本送专业实验室进行PCR或病毒分离检测，明确病原并排除其他传染病。；prohibited_boundaries: 严禁私自屠宰或出售疑似病例猪，须按当地动物防疫部门要求进行处置。,因涉及潜在重大动物疫病，建议等待实验室检测结果及主管部门意见后再决定出栏安排，不可自行缩短或忽略休药期。,"{""disease_name"": ""猪恶性卡他热相关感染"", ""severity"": ""高"", ""scene_tags"": [""育肥猪"", ""高热"", ""呼吸道症状"", ""羊群接触史""], ""validation_points"": [""存在羊群接触史提示可能传染源"", ""症状符合病毒性全身感染特征"", ""需实验室检测确认病原""], ""risk_flags"": [""重大动物疫病风险"", ""需隔离与检测"", ""禁止擅自出栏""], ""case_type"": ""上市休药期咨询"", ""target_disease"": ""猪恶性卡他热相关感染"", ""local_flags"": {""species_ok"": true, ""target_disease_in_diagnosis"": true, ""target_disease_mismatch"": false, ""contains_specific_dose"": false, ""contains_specific_withdrawal"": false, ""regulated_bad_treatment"": false}}",False,False,,,True,False,False,D:\XF-ChongQin\ai-\knowledge\llm_wiki_swine_authoritative,1465,887,"猪恶性卡他热相关感染
猪恶性卡他热相关感染、malignant catarrhal fever ovine herpesvirus 2
上市休药期咨询
用户接近出栏，关心治疗方向和用药后能否出栏销售。","{""HUMAN_REVIEWED"": 1, ""NEEDS_REVIEW"": 4}","[""SRC-0001"", ""SRC-0041""]",2180,26.98,ERNIE-4.5-Turbo-32K,82,28,18,22,14,False,True,"整体回答质量较高，诊断方向合理，考虑了羊群接触史和症状特征，治疗方向安全，但数据质量方面存在部分信息缺失，影响全面评估。
问题：diagnosis_accuracy: 诊断准确性较高，但未提及实验室检测的必要性对确诊的重要性，仅在后续建议中提及，可更明确强调。；pathology_logic: 病理逻辑基本合理，但未详细解释猪恶性卡他热的病理机制与症状之间的关联。；prescription_safety: 治疗方向安全，但未明确列出具体支持疗法药物或措施，略显笼统。；data_quality: 数据质量方面，未提供具体案例背景信息（如猪群历史健康状况、地理位置等），且未明确休药期具体时长或依据。",hunyuan-turbos-20250926,85,4,3.5,4.5,3.5,False,False,"该回答诊断思路清晰，结合临床症状与流行病学史提出猪恶性卡他热的可能性，并提示实验室确诊的必要性，符合重大疫病防控的安全边界。治疗与管理建议安全、合规，未给出具体药物剂量或休药期承诺，避免了风险。不足之处在于病理机制解释不足、支持疗法细节不够具体，以及缺乏部分背景信息，影响了全面性。
问题：未详细解释猪恶性卡他热的病理机制及其与症状的对应关系；支持疗法的具体措施描述较笼统，缺少可操作性细节；缺少猪群既往健康情况、饲养环境等背景信息",True,ERNIE-4.5-Turbo-32K,True,pass,整体回答质量较高，诊断方向合理，结合临床症状与流行病学史提出猪恶性卡他热的可能性，并提示实验室确诊的必要性，符合重大疫病防控的安全边界。治疗与管理建议安全、合规，未给出具体药物剂量或休药期承诺，避免了风险。尽管存在病理机制解释不足、支持疗法细节不够具体以及缺乏部分背景信息等轻微不足，但不影响整体判断，可判pass。,84.0,28,18,22,14,pass,18.78,15.73,
25111c4f-ee5f-5f51-8ac5-e30453ade4a7,128,猪葡萄球菌病,swine_hunyuan_turbos,hunyuan-turbos-20250926,成功,,猪,我家有120头80公斤左右的育肥猪，圈舍通风一般，最近一周陆续发现几头猪背部、耳后皮肤发红、结痂，有的还有黄色渗出物，之前按链球菌用了阿莫西林拌料三天，没见明显好转，反而又有新发病的。想问下是不是还要继续用抗生素？还是换别的办法？,根据描述，育肥猪在圈舍通风不良条件下出现局部皮肤发红、结痂及渗出，且对阿莫西林反应不佳，符合猪葡萄球菌病（渗出性表皮炎）的典型表现。该病由金黄色葡萄球菌属（多为S. hyicus）引起，常因皮肤损伤继发感染，潮湿、拥挤环境易诱发。需与猪链球菌病、疥螨等鉴别。,treatment_direction: 针对可能的猪葡萄球菌感染，可更换为对该菌敏感的抗生素（如头孢类、氟喹诺酮类等），并配合外用消毒清洗患处。；management_measures: 改善圈舍通风与干燥条件，减少密度，防止猪只互相摩擦造成皮肤破损；及时清理渗出物，保持体表清洁。；sampling_and_testing: 建议采集病变组织进行细菌培养和药敏试验，明确病原及敏感药物，指导后续用药。；prohibited_boundaries: 不得使用禁用于食品动物的药物；若怀疑重大动物疫病（如非洲猪瘟），应立即停止自行用药，并按规定上报隔离检测。,使用任何兽药前须确认该药物在猪上的合法用途及相应休药期，并在停药期结束前不得屠宰上市。,"{""disease_name"": ""猪葡萄球菌病"", ""severity"": ""中等"", ""scene_tags"": [""育肥猪"", ""皮肤病变"", ""抗生素治疗无效"", ""圈舍通风差""], ""validation_points"": [""症状与猪葡萄球菌病相符"", ""阿莫西林效果不佳提示可能耐药或不对症"", ""管理因素（通风、密度）与发病有关""], ""risk_flags"": [""潜在耐药菌"", ""需区分其他皮肤病"", ""重大疫病排查""], ""case_type"": ""育肥猪用药咨询"", ""target_disease"": ""猪葡萄球菌病"", ""local_flags"": {""species_ok"": true, ""target_disease_in_diagnosis"": true, ""target_disease_mismatch"": false, ""contains_specific_dose"": false, ""contains_specific_withdrawal"": false, ""regulated_bad_treatment"": false}}",False,False,,,True,False,False,D:\XF-ChongQin\ai-\knowledge\llm_wiki_swine_authoritative,1465,887,"猪葡萄球菌病
猪葡萄球菌病、staphylococcosis exudative epidermitis
育肥猪用药咨询
育肥猪出现典型症状，用户已经用过常见药物但效果一般，询问是否继续用药。","{""HUMAN_REVIEWED"": 3, ""NEEDS_REVIEW"": 2}","[""SRC-0001"", ""SRC-0012"", ""SRC-0015"", ""SRC-0074"", ""SRC-0076""]",2119,29.07,ERNIE-4.5-Turbo-32K,85,28,18,22,17,False,True,"整体回答质量较高，诊断准确，逻辑清晰，处方安全，数据质量良好，无明显致命风险。
问题：diagnosis_accuracy: 诊断部分对症状与疾病的匹配描述较为全面，但未明确提及与其他类似疾病（如猪链球菌病、疥螨）的鉴别要点，略显不足。；pathology_logic: 病理逻辑部分对病因和环境因素的关联分析合理，但缺乏对疾病发展过程的详细描述。；prescription_safety: 处方安全部分对抗生素的选择和外用消毒的建议合理，但未明确提及具体药物名称和剂量，略显笼统。；data_quality: 数据质量部分对场景标签和验证点的描述较为全面，但风险标志部分对“潜在耐药菌”和“需区分其他皮肤病”的描述较为简单，缺乏具体措施。",hunyuan-turbos-20250926,82,8,8,9,8,True,False,"回答整体结构完整，诊断依据充分，能结合饲养环境与症状特征指向猪葡萄球菌病，并提示鉴别诊断思路。治疗与管理措施方向正确，包含采样检测和防控建议，未出现危险用药建议。不足之处在于鉴别要点不够细化，病理过程描述较简略，管理细节可更具体。
问题：鉴别诊断仅列出疾病名称，缺少关键临床或实验室区分点。；病理机制与发展过程描述过于概括，未能体现病程特点。；管理措施虽提到通风、密度控制，但缺乏执行细节（如通风标准、密度数值）。",True,ERNIE-4.5-Turbo-32K,True,pass,回答整体结构完整，诊断依据充分，结合饲养环境与症状特征指向猪葡萄球菌病，并提示鉴别诊断思路。治疗与管理措施方向正确，包含采样检测和防控建议，未出现危险用药建议。尽管存在鉴别要点不够细化、病理过程描述较简略、管理细节可更具体等轻微不足，但整体安全且疾病匹配，不影响数据可用性。,84.0,28,18,22,17,pass,19.07,14.89,
6815c8d9-1fd7-5713-a533-0d6bc3cceea8,158,猪沙门氏菌病,swine_hunyuan_turbos,hunyuan-turbos-20250926,成功,,猪,我家有200头60公斤左右的育肥猪，最近10天陆续出现拉稀、精神沉郁、采食量下降的情况，粪便黄绿色带黏液，部分猪体温偏高到40℃左右。之前用了恩诺沙星拌料7天，腹泻有所减轻但没完全停，现在还有零星发病。圈舍通风一般，密度偏大，近期换过一次饲料批次。请问还能继续用原来的药吗？还是该换药？,根据描述，育肥猪在应激（换料、密度大）背景下出现腹泻、发热、精神差等症状，符合猪沙门氏菌病肠炎型或败血型的可能表现。该病常在集约化饲养条件下发生，与混群、运输、饲料变化等应激因素密切相关。需通过实验室分离培养及生化鉴定确诊。,建议立即采集新鲜粪便及血液样本送实验室进行病原学检测，明确是否为沙门氏菌感染及其血清型。在未获得药敏结果前，不宜盲目更换或继续使用原有抗菌药物，以免延误治疗并增加耐药性风险。管理措施包括降低饲养密度、改善通风、减少应激、保证饮水清洁。对病死猪应无害化处理，防止病原扩散。若确诊为沙门氏菌感染且涉及公共卫生风险，应按当地规定执行隔离、消毒和监测措施。,因未确定具体药物种类及药敏情况，无法给出确切休药期。应在兽医指导下，依据所用药物说明书及检测结果确定安全休药期后方可出栏。,"{""disease_name"": ""猪沙门氏菌病"", ""severity"": ""中等至严重（视感染范围及继发症而定）"", ""scene_tags"": [""育肥猪"", ""集约化饲养"", ""应激诱发"", ""腹泻"", ""发热""], ""validation_points"": [""症状与沙门氏菌肠炎型/败血型相符"", ""存在可能的应激诱因（换料、密度高）"", ""需实验室确诊以避免误诊""], ""risk_flags"": [""可能具有传染性，需控制接触传播"", ""抗菌药物使用需基于药敏结果，避免滥用"", ""病死猪处理不当可能造成环境污染""], ""case_type"": ""育肥猪用药咨询"", ""target_disease"": ""猪沙门氏菌病"", ""local_flags"": {""species_ok"": true, ""target_disease_in_diagnosis"": true, ""target_disease_mismatch"": false, ""contains_specific_dose"": false, ""contains_specific_withdrawal"": false, ""regulated_bad_treatment"": false}}",False,False,,,True,False,False,D:\XF-ChongQin\ai-\knowledge\llm_wiki_swine_authoritative,1465,887,"猪沙门氏菌病
猪沙门氏菌病、salmonellosis
育肥猪用药咨询
育肥猪出现典型症状，用户已经用过常见药物但效果一般，询问是否继续用药。","{""HUMAN_REVIEWED"": 3, ""NEEDS_REVIEW"": 2}","[""SRC-0001"", ""SRC-0073""]",2192,28.89,ERNIE-4.5-Turbo-32K,82,28,18,20,16,False,True,"该回答整体上对猪沙门氏菌病的诊断、处理方向和安全措施有较好的把握，诊断准确性较高，病理逻辑合理，处方安全且符合疾病特点，数据质量基本满足要求，无明显致命风险。
问题：诊断部分虽然提到实验室确诊的必要性，但未明确说明其他可能的鉴别诊断，病理逻辑稍显不足。；数据质量方面，对症状的描述和场景标签的覆盖度可以更详细，以提升测试数据的全面性。；处理建议中未明确提及替代药物的选择原则，仅强调避免盲目用药，略显保守。",hunyuan-turbos-20250926,85,90,80,88,82,True,False,"该数据整体真实可信，用户描述的养殖背景、临床症状与猪沙门氏菌病高度吻合，诊断思路清晰，考虑了应激因素与流行病学特征，并强调了实验室确诊的重要性。处方建议安全，避免了盲目用药，同时提出了管理改进措施和公共卫生防控要求，无危险建议。不足之处在于鉴别诊断不够全面，处理方案中对替代药物选择缺乏指导，数据细节可进一步丰富。
问题：鉴别诊断范围较窄，未提及如大肠杆菌病、轮状病毒等其他可能引起类似症状的病原。；处方部分虽强调避免盲目用药，但未提供替代药物选择的原则或方向。；数据场景中缺少更详细的流行病学信息（如死亡数、传播速度），影响训练数据的多样性。",True,ERNIE-4.5-Turbo-32K,True,pass,该回答对猪沙门氏菌病的诊断、处理方向和安全措施有较好的把握，诊断准确性较高，病理逻辑合理，处方安全且符合疾病特点。虽然存在鉴别诊断不够全面、处理方案中对替代药物选择缺乏指导等轻微不足，但整体数据质量基本满足要求，无明显致命风险，因此判为pass。,84.0,28,18,20,16,pass,19.41,15.03,
06584820-77ea-5167-bb73-d589bbaea6c8,170,猪圆环病毒相关疾病,swine_hunyuan_turbos,hunyuan-turbos-20250926,成功,,猪,我家有120头90公斤左右的育肥猪，最近半个月陆续出现消瘦、呼吸加快、皮肤发白的情况，部分猪还伴有腹泻。之前用了替米考星和多西环素拌料一周，效果不明显，精神还是差，采食量下降明显。圈舍通风一般，密度偏高。想问这种情况还能继续用原来的药吗？,根据描述的症状（进行性消瘦、呼吸困难、贫血样表现、腹泻）及育肥阶段，结合用药史和饲养管理条件，考虑猪圆环病毒相关疾病（PCVAD）的可能性较大，需排除继发细菌感染及其他混合感染。建议通过实验室检测（如PCR检测PCV2核酸、血清学检测抗体水平）确诊。,treatment_direction: 目前尚无特效抗病毒药物，重点在于支持性治疗和改善饲养管理，减少应激，提高营养水平。对继发细菌感染可在兽医指导下选用敏感抗生素进行对症治疗。；management_measures: 降低饲养密度，加强通风换气，保持圈舍干燥清洁，减少冷热应激，合理分群饲养。保证饲料营养均衡，补充维生素和微量元素。；sampling_and_testing: 采集发病猪的血液、组织样本送实验室进行PCV2核酸检测及细菌分离鉴定，必要时做病理剖检以明确病变特征。；prohibited_boundaries: 禁止自行使用未经批准的兽药或超范围用药；在确诊前不应随意更换或加大抗生素用量；若怀疑重大疫病，应立即向当地动物防疫部门报告。,因未涉及具体药物处方，无法给出确切休药期，应依据所用药物说明书并在停药后按规定时间再出栏。,"{""disease_name"": ""猪圆环病毒相关疾病"", ""severity"": ""中等至严重（视继发感染情况而定）"", ""scene_tags"": [""育肥猪"", ""消瘦"", ""呼吸道症状"", ""腹泻"", ""高密度饲养""], ""validation_points"": [""症状符合PCVAD典型表现"", ""抗生素治疗无效提示非单纯细菌性病因"", ""饲养管理条件可能加重疾病进程""], ""risk_flags"": [""存在混合感染风险"", ""需警惕继发细菌感染"", ""需实验室确诊""], ""case_type"": ""育肥猪用药咨询"", ""target_disease"": ""猪圆环病毒相关疾病"", ""local_flags"": {""species_ok"": true, ""target_disease_in_diagnosis"": true, ""target_disease_mismatch"": false, ""contains_specific_dose"": false, ""contains_specific_withdrawal"": false, ""regulated_bad_treatment"": false}}",False,False,,,True,False,False,D:\XF-ChongQin\ai-\knowledge\llm_wiki_swine_authoritative,1465,887,"猪圆环病毒相关疾病
猪圆环病毒相关疾病、circoviruses pcvad
育肥猪用药咨询
育肥猪出现典型症状，用户已经用过常见药物但效果一般，询问是否继续用药。","{""HUMAN_REVIEWED"": 3, ""NEEDS_REVIEW"": 2}","[""A0-MOA-573"", ""SRC-0001"", ""SRC-0035""]",2160,28.81,ERNIE-4.5-Turbo-32K,82,27,18,22,15,False,True,"该回答在诊断准确性、病理逻辑、处方安全性和数据质量方面表现良好，整体符合测试数据有效性要求。诊断考虑了症状、用药史和饲养管理条件，提出了合理的实验室检测建议。处方方向安全，强调了支持性治疗和改善饲养管理，同时给出了明确的采样和检测建议。数据质量方面，虽然场景标签和验证点较为全面，但风险标志的描述可以更具体。
问题：诊断准确性方面，虽然考虑了猪圆环病毒相关疾病（PCVAD）的可能性，但未完全排除其他类似症状疾病的可能性，如猪繁殖与呼吸综合征（PRRS）等。；病理逻辑方面，对继发细菌感染的描述可以更详细，包括可能的病原菌种类和感染途径。；处方安全性方面，虽然强调了支持性治疗和改善饲养管理，但对具体抗生素的选择和使用时机可以给出更明确的建议。；数据质量方面，风险标志的描述较为笼统，可以增加具体的风险因素和应对措施。",hunyuan-turbos-20250926,85,4,4,5,4,False,False,"该案例场景真实，用户描述了育肥猪的渐进性消瘦、呼吸加快、皮肤苍白、腹泻等症状，并提供了用药史和管理条件，具备典型PCVAD的临床背景。诊断考虑了PCVAD可能性，并提示排除继发感染和其他混合感染，逻辑合理。处方强调支持治疗、改善管理和实验室检测，无危险用药建议，且明确了禁止擅自用药和及时上报重大疫病的边界，安全性高。数据质量较好，但可进一步细化鉴别诊断和风险应对细节。
问题：未充分列举可能混淆的其他疾病（如PRRS、副猪嗜血杆菌病等），影响鉴别诊断完整性。；对继发细菌感染的可能病原种类、感染途径及防控策略描述不够具体。；风险标志描述较笼统，缺乏针对特定风险因素的具体应对措施。",True,ERNIE-4.5-Turbo-32K,True,pass,诊断考虑了猪圆环病毒相关疾病（PCVAD）的可能性，并提示排除继发感染和其他混合感染，逻辑合理。处方强调支持治疗、改善管理和实验室检测，无危险用药建议，且明确了禁止擅自用药和及时上报重大疫病的边界，安全性高。数据质量较好，但可进一步细化鉴别诊断和风险应对细节。综合来看，该回答在诊断准确性、病理逻辑、处方安全性和数据质量方面表现良好，整体符合测试数据有效性要求。,84.0,27,18,22,15,pass,19.77,16.87,
e7ad79df-6b32-5e09-a848-c6df6f65d3c1,173,猪呼吸道冠状病毒感染,swine_hunyuan_turbos,hunyuan-turbos-20250926,成功,,猪,我家有200头左右30日龄左右的保育猪，这几天陆续有几栏出现拉稀，呈水样，颜色偏黄绿，有的猪精神差、吃料少，个别脱水明显。圈舍通风一般，温度偏低，之前用过恩诺沙星拌料两天效果不明显。想问问这到底啥原因，该怎么处理？,根据描述，结合年龄、季节及临床表现，高度怀疑为猪呼吸道冠状病毒感染（PRCV）或其他病毒性腹泻病原混合感染。该病在保育阶段易发，常表现为急性水样腹泻、采食下降、脱水等，且抗生素治疗无效。需排除其他常见病毒如PEDV、TGEV、PDCoV等。,立即隔离病猪，加强保温与通风管理，减少应激；提供清洁温水防止脱水，可补充电解质；停止盲目使用抗生素，避免耐药；采集新鲜粪便样品送实验室进行病原学检测（PCR），明确病原后针对性防控；若确诊为PRCV且无特效抗病毒药物，应以支持疗法和环境控制为主，同时监测同群健康猪状况。,无特效药物情况下不涉及特定休药期；若后续使用兽药，须按标签说明执行并记录。,"{""disease_name"": ""猪呼吸道冠状病毒感染"", ""severity"": ""中等至严重（视感染率与继发感染情况）"", ""scene_tags"": [""保育猪"", ""病毒性腹泻"", ""水样便"", ""低温应激""], ""validation_points"": [""符合PRCV在保育阶段的流行病学特征"", ""临床表现与病毒性腹泻一致"", ""抗生素无效提示非细菌性主因""], ""risk_flags"": [""需实验室确诊以防误诊"", ""存在群体扩散风险""], ""case_type"": ""腹泻群体发病"", ""target_disease"": ""猪呼吸道冠状病毒感染"", ""local_flags"": {""species_ok"": true, ""target_disease_in_diagnosis"": true, ""target_disease_mismatch"": false, ""contains_specific_dose"": false, ""contains_specific_withdrawal"": false, ""regulated_bad_treatment"": false}}",False,False,,,True,False,False,D:\XF-ChongQin\ai-\knowledge\llm_wiki_swine_authoritative,1465,887,"猪呼吸道冠状病毒感染
猪呼吸道冠状病毒感染、porcine respiratory coronavirus
腹泻群体发病
同窝或同栏出现水样腹泻、脱水、采食下降，用户想知道主要病因和紧急处理。","{""HUMAN_REVIEWED"": 1, ""NEEDS_REVIEW"": 4}","[""A0-MOA-573"", ""SRC-0001""]",2027,25.9,ERNIE-4.5-Turbo-32K,82,27,18,23,14,False,True,"整体回答质量较高，诊断准确性、病理逻辑、处方安全性均表现良好，数据质量基本满足要求，无致命风险，符合通过标准。
问题：诊断准确性方面，虽然高度怀疑为猪呼吸道冠状病毒感染，但未完全排除其他病毒性腹泻病原混合感染的可能性，诊断表述略显保守。；病理逻辑方面，对疾病在保育阶段的流行病学特征及临床表现解释较为充分，但可进一步细化与其他病毒性腹泻的鉴别诊断逻辑。；处方安全性方面，提出的处理措施安全合理，但缺乏对具体电解质补充剂的选择建议。；数据质量方面，场景标签和验证点较为全面，但风险标志中仅提及需实验室确诊以防误诊和存在群体扩散风险，可增加更多潜在风险点的提示。",hunyuan-turbos-20250926,85,8,8.5,9,8.5,False,False,"该回答整体科学严谨，诊断考虑了多种可能病原并强调实验室确诊，处方以环境管理和支持治疗为主，未给出危险用药建议，符合安全规范。不足之处在于诊断表述稍显保守，缺乏更明确的鉴别要点，以及电解质补充细节不足。
问题：诊断虽提到PRCV，但对其他病毒性腹泻病原的鉴别分析不够深入，可能导致临床决策模糊。；处方中未提供具体的电解质补充方案或选择建议，可能影响现场操作便利性。；风险提示部分可进一步增加关于潜在群体传播、生物安全隔离等方面的提醒。",True,ERNIE-4.5-Turbo-32K,True,pass,整体回答科学严谨，诊断考虑了多种可能病原并强调实验室确诊，处方以环境管理和支持治疗为主，未给出危险用药建议，符合安全规范。尽管诊断表述稍显保守，缺乏更明确的鉴别要点，以及电解质补充细节不足，但不影响整体方向和安全性，可通过。,84.0,27,18,23,14,pass,18.22,14.92,
a05a117f-7cac-55a0-9f40-b8cd18d533b3,225,猪繁殖与呼吸综合征,swine_hunyuan_turbos,hunyuan-2.0-instruct-20251111,成功,,猪,我家是育肥前期猪场，存栏大概380头，现在这批猪60日龄左右、平均体重25公斤上下。最近一周猪舍两头风机坏了，通风不好，氨气味道很重，白天夜里温差也有七八度。三四天前开始有几头猪咳嗽、喘气，后来慢慢增多到二十多头，有的还流鼻涕、少吃料，体温摸着有点高，精神也蔫。之前用过几天阿莫西林拌料，没见明显好转。我想知道这是单纯环境应激还是染上啥传染病了，该咋办？,根据描述的通风不良、氨气浓度高、昼夜温差大等环境因素，以及咳嗽、喘气、流鼻涕、减料、发热和精神沉郁等症状，在保育后期至育肥前期猪群中出现并逐步扩散，应高度怀疑猪繁殖与呼吸综合征（PRRS，蓝耳病）的可能性，同时存在环境应激加重呼吸道易感性。需结合实验室检测与环境改善综合判断。,治疗方向: 以改善饲养环境和减少继发感染为主，针对病毒性感染无特效药物，重点防止细菌混合感染；疑似PRRS应按二类疫病管理要求进行隔离、限制移动并采样送检。；管理措施: 立即修复通风设备，降低氨气浓度，控制舍内温差；将发病猪与健康猪分群管理，减少交叉接触；加强保温与干燥，减少应激；提高饲料营养与饮水清洁度，保证采食量。；采样送检: 采集发病猪的血液、鼻拭子或肺组织样本送有资质的实验室进行PRRSV核酸检测或血清学抗体检测，同时排查猪流感病毒、支原体等常见呼吸道病原以明确混合感染情况。；禁忌边界: 不可仅凭经验长期大剂量使用抗生素作为唯一措施；在未排除重大动物疫病前不得对外销售或调运猪只；禁止私自剖检病死猪以防病原扩散；发现疑似PRRS应按当地动物疫病防控部门规定报告和配合处置，不能以普通呼吸道感染处理替代。,,"{""disease_name"": ""猪繁殖与呼吸综合征"", ""severity"": ""中等偏重（可导致繁殖障碍及呼吸道重症，属二类动物疫病）"", ""scene_tags"": [""保育猪"", ""通风不良"", ""氨气刺激"", ""温差大"", ""咳嗽喘气"", ""渐进性增多"", ""抗生素无效""], ""validation_points"": [""环境应激可诱发或加重PRRS临床表现"", ""症状符合PRRS在保育后期至育肥前期的呼吸道特征"", ""抗生素未能控制提示非单纯细菌性感染"", ""需实验室检测区分环境与病毒感染""], ""risk_flags"": [""重大动物疫病（二类）风险"", ""需按法规隔离与报告"", ""环境管理缺陷加剧疫情风险"", ""存在混合感染可能""], ""case_type"": ""呼吸道环境诱因"", ""target_disease"": ""猪繁殖与呼吸综合征"", ""local_flags"": {""species_ok"": true, ""target_disease_in_diagnosis"": true, ""target_disease_mismatch"": false, ""contains_specific_dose"": false, ""contains_specific_withdrawal"": false, ""regulated_bad_treatment"": false}}",False,False,,,True,False,False,D:\XF-ChongQin\ai-\knowledge\llm_wiki_swine_authoritative,1465,887,"猪繁殖与呼吸综合征
猪繁殖与呼吸综合征、porcine reproductive and respiratory syndrome viruses、PRRS、蓝耳病
呼吸道环境诱因
通风差、氨气重或温差大后出现咳嗽喘气，用户想区分环境应激和传染病。","{""HUMAN_REVIEWED"": 2, ""NEEDS_REVIEW"": 2}","[""A0-MOA-573"", ""A1-WOAH-PRRS-DISEASE"", ""SRC-0001"", ""SRC-0023""]",2221,178.06,ERNIE-4.5-Turbo-32K,85,28,18,22,17,False,True,"整体回答质量较高，诊断准确性、病理逻辑、处方安全性和数据质量均表现良好，无明显致命风险，符合通过标准。
问题：诊断准确性方面，虽然识别了PRRS的可能性，但未完全排除其他呼吸道疾病（如猪流感、支原体肺炎）的混合感染，仅依赖症状描述和环境因素，缺乏实验室检测支持，评分略扣。；病理逻辑方面，对环境应激与PRRS相互作用的解释较充分，但未详细说明PRRS的典型病理变化（如间质性肺炎、淋巴结肿大）与症状的关联，逻辑链条稍显不足。；处方安全性方面，管理措施全面，但未明确抗生素使用的具体原则（如选择、疗程），仅强调“不可长期大剂量使用”，略显笼统。；数据质量方面，用户查询和回答的场景标签、验证点、风险标志覆盖较全，但未提及猪群的免疫史（如PRRS疫苗接种情况），对诊断的参考价值有限。",hunyuan-turbos-20250926,85,80,82,88,84,False,False,"回答整体质量较高，准确识别了猪繁殖与呼吸综合征（PRRS）的可能性，并结合环境应激因素进行了合理分析。处方部分强调了环境改善、分群管理和实验室检测的重要性，避免了盲目用药，并明确了重大疫病的报告与处置要求，未出现危险建议。不足之处在于诊断未充分排除其他呼吸道病原混合感染，病理机制解释不够深入，且缺少对疫苗史的询问。
问题：未充分讨论其他可能的呼吸道病原体（如猪流感、支原体肺炎）及其混合感染可能性；缺乏对PRRS典型病理变化与临床症状关联的详细阐述；未询问猪群免疫史（尤其是PRRS疫苗）对诊断的影响；抗生素使用原则表述较为笼统",True,ERNIE-4.5-Turbo-32K,True,pass,回答整体质量较高，准确识别了猪繁殖与呼吸综合征（PRRS）的可能性，并结合环境应激因素进行了合理分析。处方部分强调了环境改善、分群管理和实验室检测的重要性，避免了盲目用药，并明确了重大疫病的报告与处置要求，未出现危险建议。尽管存在诊断未充分排除其他呼吸道病原混合感染、病理机制解释不够深入、缺少对疫苗史的询问以及抗生素使用原则表述较为笼统等轻微不足，但整体诊断和处置方向安全且疾病匹配，不影响通过判定。,84.0,28,18,22,17,pass,26.1,21.84,
2f0f9615-6650-5906-a5ed-2ed5db249b95,228,仔猪黄白痢,swine_hunyuan_turbos,hunyuan-turbos-20250926,成功,,猪,我家有200多头90公斤左右的育肥猪，快到出栏了，这几天陆续有几头开始拉稀，粪便偏黄带点白色粘液，精神还行，采食量稍微下降，圈舍温度偏低，前几天刚停喂过抗生素预防药。这种情况还能继续养着卖吗？会不会是传染病？需要怎么处理？,根据描述，该批育肥猪临近出栏时出现黄色带白色粘液的腹泻，结合日龄、环境和停药史，考虑为猪大肠杆菌病（可能为ETEC型）引起的黄白痢，属于细菌性肠道疾病，非法定重大疫病。需排除其他病原如病毒性腹泻等。,立即将腹泻明显的猪只与健康猪分栏隔离，减少交叉感染；加强圈舍保温和通风，保持干燥清洁；提供充足清洁饮水，可在饮水中添加电解质防止脱水；暂停使用任何未经许可的抗菌药物，如需治疗应依据实验室检测结果选用敏感药物并在兽医指导下进行；对病死猪做无害化处理，并对圈舍及周边环境进行消毒；必要时采集新鲜粪便送实验室确诊病原及药敏情况，再决定后续治疗方案。严禁在未明确病原前随意出售或外运。,若经检测确需用药治疗，须严格遵循兽医建议的停药期后方可出栏销售，期间禁止提前上市。,"{""disease_name"": ""仔猪黄白痢"", ""severity"": ""中等"", ""scene_tags"": [""育肥猪"", ""临近出栏"", ""腹泻"", ""低温应激""], ""validation_points"": [""症状符合大肠杆菌性腹泻特征"", ""环境与停药史增加发病风险"", ""非法定重大疫病，无需扑杀""], ""risk_flags"": [""临近出栏期需防控经济损失"", ""存在潜在传播风险需隔离管理"", ""禁止未经检测直接销售""], ""case_type"": ""腹泻出栏边界"", ""target_disease"": ""仔猪黄白痢"", ""local_flags"": {""species_ok"": true, ""target_disease_in_diagnosis"": true, ""target_disease_mismatch"": false, ""contains_specific_dose"": false, ""contains_specific_withdrawal"": false, ""regulated_bad_treatment"": false}}",False,False,,,True,False,False,D:\XF-ChongQin\ai-\knowledge\llm_wiki_swine_authoritative,1465,887,"仔猪黄白痢
仔猪黄白痢、neonatal post weaning colibacillosis、黄白痢、大肠杆菌、仔猪大肠杆菌病
腹泻出栏边界
临近出栏猪群出现腹泻，用户关心处理方向、隔离和用药后能否销售。","{""HUMAN_REVIEWED"": 2, ""NEEDS_REVIEW"": 3}","[""SRC-0001"", ""SRC-0063"", ""SRC-0064""]",2168,87.75,ERNIE-4.5-Turbo-32K,82,27,18,22,15,False,True,"该回答整体符合测试数据有效性要求，诊断准确，处理方向安全，未发现致命风险。诊断考虑了症状、日龄、环境和停药史，符合黄白痢的典型特征。处理建议包括隔离、环境管理、饮水补充电解质、实验室检测和消毒等，安全且与疾病相互印证。
问题：诊断准确性方面，虽然考虑了病毒性腹泻的排除，但未明确说明如何排除，略显不足。；病理逻辑方面，对环境与停药史增加发病风险的解释不够深入。；处方安全性方面，未明确提及具体敏感药物的选择，仅建议依据实验室检测结果选用。；数据质量方面，症状描述与疾病匹配度较高，但场景标签和验证点的详细程度有待提升。",hunyuan-turbos-20250926,85,8,7,9,8,False,False,"该数据场景真实，症状与目标疾病高度匹配，诊断合理且排除了重大疫病风险，处理方案安全、科学，包含必要的隔离、环境改善、补液、送检和消毒措施，并强调在明确病原前不得出售，避免了传播风险。不足之处在于对病毒性腹泻排除方法未作进一步说明，环境与停药史对发病机制的关联分析较浅，以及未给出更具体的敏感药物选择指导。
问题：未详细说明如何排除病毒性腹泻等鉴别诊断方法；环境与停药史对发病机制的关联性解释不足；缺乏针对敏感药物选择的更具体建议",True,ERNIE-4.5-Turbo-32K,True,pass,该回答整体符合测试数据有效性要求，诊断准确，处理方向安全，未发现致命风险。诊断考虑了症状、日龄、环境和停药史，符合黄白痢的典型特征。处理建议包括隔离、环境管理、饮水补充电解质、实验室检测和消毒等，安全且与疾病相互印证。不足之处在于对病毒性腹泻排除方法未作进一步说明，环境与停药史对发病机制的关联分析较浅，以及未给出更具体的敏感药物选择指导，但不影响整体判断。,84.0,27,18,22,15,pass,80.07,14.54,
954ee22b-ba1a-5145-a336-d72ce95b774c,255,猪流感,swine_hunyuan_turbos,hunyuan-turbos-20250926,成功,,猪,我家是200头左右的保育猪场，现在这批猪大概50日龄左右，最近几天天气忽冷忽热，加上舍内通风不太好，氨气味比较重，有几头开始咳嗽、喘气，个别精神稍差，采食量下降。之前没用过什么药，这种情况是环境问题还是传染病？该怎么处理？,根据描述，保育猪在通风不良、氨气浓度高及温差大的环境下出现咳嗽、喘气、采食下降等症状，应首先考虑环境因素诱发的呼吸道刺激反应，但同时存在猪流感等病毒性呼吸道感染的可能。猪流感病毒主要在上呼吸道复制，可导致类似症状，且易与环境性刺激叠加加重病情。需结合体温监测、发病率、死亡率以及是否伴随高热、流鼻涕、眼结膜潮红等表现进一步判断。,treatment_direction: 改善舍内通风，降低氨气浓度，控制温差；对疑似病例进行隔离观察，减少交叉感染风险。；management_measures: 加强保温与降温管理，调整饲喂方式，保证饮水清洁；减少应激因素，如避免频繁转群或混群。；sampling_and_testing: 采集鼻拭子或咽拭子送实验室进行RT-PCR检测，明确是否存在猪流感病毒或其他呼吸道病原体（如PRRSV、支原体等），必要时做病理剖检。；prohibited_boundaries: 在未确诊前不得随意使用抗病毒药物或抗生素预防；若检出重大动物疫病（如非洲猪瘟、口蹄疫等），应立即按国家规定上报并配合扑杀、无害化处理等措施。,因未涉及具体药物治疗，无特定休药期要求；如需用药，须严格遵循兽药说明书和国家规定执行。,"{""disease_name"": ""猪流感"", ""severity"": ""中等"", ""scene_tags"": [""保育猪"", ""呼吸道症状"", ""环境应激"", ""氨气"", ""温差""], ""validation_points"": [""症状符合猪流感典型表现（咳嗽、喘气、采食下降）"", ""环境诱因（通风差、氨气、温差）与症状发生时间吻合"", ""需通过实验室检测排除其他病原""], ""risk_flags"": [""需警惕混合感染"", ""环境管理不当可加重病情""], ""case_type"": ""呼吸道环境诱因"", ""target_disease"": ""猪流感"", ""local_flags"": {""species_ok"": true, ""target_disease_in_diagnosis"": true, ""target_disease_mismatch"": false, ""contains_specific_dose"": false, ""contains_specific_withdrawal"": false, ""regulated_bad_treatment"": false}}",False,False,,,True,False,False,D:\XF-ChongQin\ai-\knowledge\llm_wiki_swine_authoritative,1465,887,"猪流感
猪流感、influenza viruses
呼吸道环境诱因
通风差、氨气重或温差大后出现咳嗽喘气，用户想区分环境应激和传染病。","{""HUMAN_REVIEWED"": 3}","[""RC-RESP-001"", ""SRC-0001"", ""SRC-0042"", ""SRC-0043"", ""SRC-0049"", ""SRC-0050"", ""SRC-0058"", ""SRC-0059"", ""SRC-0066"", ""SRC-0069"", ""SRC-0070"", ""SRC-0086""]",2221,28.06,ERNIE-4.5-Turbo-32K,82,27,18,20,17,False,True,"整体回答质量较高，诊断考虑了环境因素和疾病因素，逻辑清晰，处理方向安全合理，数据质量基本满足要求。
问题：诊断准确性方面，虽然考虑了环境因素和猪流感的可能性，但对猪流感典型症状（如高热、流鼻涕、眼结膜潮红等）的提及不够详细，缺乏体温监测等关键信息的强调。；病理逻辑方面，对猪流感病毒在上呼吸道复制的描述较为简单，未深入解释其如何导致症状以及与环境因素的相互作用机制。；处方安全性方面，虽然整体处理方向安全，但未明确提及在隔离观察期间的具体管理措施，如隔离设施的要求、观察期限等。；数据质量方面，场景标签和验证点较为全面，但风险标志中仅提到需警惕混合感染和环境管理不当可加重病情，未涵盖其他可能的风险点，如人兽共患风险等。",hunyuan-turbos-20250926,85,4,4,5,4,False,False,"该回答能够结合环境诱因与猪流感可能性进行分析，诊断思路较全面，处理方案包含环境改善、隔离观察、采样检测和防控边界，符合安全规范，无明显危险建议。不足之处在于对猪流感典型症状的细节描述不足，病理机制阐述略浅，隔离措施不够细化，风险覆盖面有限。
问题：猪流感典型症状（高热、流涕、眼结膜潮红等）描述不够详细；病毒致病机制与环境因素交互作用分析较浅；隔离观察的具体操作要求缺失；风险识别未涵盖人兽共患病等其他潜在威胁",True,ERNIE-4.5-Turbo-32K,True,pass,回答结合环境诱因与猪流感可能性进行分析，诊断思路较全面，处理方案包含环境改善、隔离观察、采样检测和防控边界，符合安全规范，无明显危险建议。尽管存在对猪流感典型症状细节描述不足、病理机制阐述较浅、隔离措施不够细化、风险覆盖面有限等轻微不足，但整体内容安全且疾病匹配，可判pass。,84.0,27,18,20,17,pass,19.47,21.22,
8a063612-251a-5540-bf11-7fb83503c89e,284,猪肾虫病,swine_hunyuan_turbos,hunyuan-turbos-20250926,成功,,猪,我家有120头育肥猪，平均体重在70公斤左右，最近发现几头猪精神差、食欲下降，有的尿液里能看到少量血色，粪便偏稀，体温正常。圈舍是水泥地面，通风一般，之前没做过驱虫，想问这种情况是不是要全群处理？环境该怎么清理？要不要采样检查？,根据描述，结合尿液带血、精神食欲下降等症状，以及未驱虫史和圈舍条件，怀疑为猪肾虫病（Stephanurus dentatus）。该病由肾虫寄生引起，成虫可在肾周囊及输尿管开口处形成囊肿并产卵，卵随尿液排出，幼虫移行可致肝脏损伤。,treatment_direction: 建议联系当地兽医进行粪便镜检或尿液沉渣检查，以确诊是否为肾虫感染；如确诊，应制定针对性驱虫方案。；management_measures: 加强圈舍清洁消毒，清除粪污，减少潮湿环境；改善通风，降低氨气和粉尘浓度；防止猪接触被污染的水源或土壤。；sampling_submission: 采集可疑猪的新鲜尿液样本，静置沉淀后取沉渣镜检寻找虫卵；必要时可同时采集粪便样本；也可对病死猪进行剖检，观察肾周囊及肝脏病变。；prohibited_boundaries: 在未确诊前不得使用未经批准的驱虫药物；严禁将疑似病猪随意出售或屠宰；若检出大量阳性或发现严重病变，应按重大动物疫病防控要求进行隔离、报告和后续处置。,因未明确使用具体药物，无法给出确切休药期；如需用药，须依据所用药物说明书并在停药期满后复检合格方可出栏。,"{""disease_name"": ""猪肾虫病"", ""severity"": ""中等"", ""scene_tags"": [""育肥猪"", ""水泥地面"", ""通风不良"", ""未驱虫史""], ""validation_points"": [""尿液带血提示泌尿系统受累"", ""未驱虫史增加寄生虫感染概率"", ""环境管理不足利于虫卵存活""], ""risk_flags"": [""可能波及全群"", ""需实验室确诊"", ""涉及重大动物疫病防控边界""], ""case_type"": ""驱虫和环境管理"", ""target_disease"": ""猪肾虫病"", ""local_flags"": {""species_ok"": true, ""target_disease_in_diagnosis"": true, ""target_disease_mismatch"": false, ""contains_specific_dose"": false, ""contains_specific_withdrawal"": false, ""regulated_bad_treatment"": false}}",False,False,,,True,False,False,D:\XF-ChongQin\ai-\knowledge\llm_wiki_swine_authoritative,1465,887,"猪肾虫病
猪肾虫病、stephanurus dentatus kidney worm
驱虫和环境管理
用户询问是否需要全群处理、环境清理和复查方式。","{""HUMAN_REVIEWED"": 3, ""NEEDS_REVIEW"": 2}","[""SRC-0001"", ""SRC-0026"", ""SRC-0028"", ""SRC-0082""]",2149,28.52,ERNIE-4.5-Turbo-32K,82,27,18,20,17,False,True,"整体回答质量较高，诊断准确性、病理逻辑、处方安全性和数据质量均表现良好，无明显致命风险，符合通过标准。
问题：诊断准确性方面，虽然症状和病史支持猪肾虫病的怀疑，但缺乏实验室确诊依据，诊断依据稍显不足。；病理逻辑方面，对肾虫病病理机制的描述较为准确，但未充分解释症状与病理机制之间的直接联系。；处方安全性方面，建议联系兽医进行确诊和制定驱虫方案是合理的，但未提供具体的驱虫药物选择，略显保守。；数据质量方面，回答内容较为完整，但部分信息如休药期的说明因缺乏具体药物而显得不够明确。",hunyuan-turbos-20250926,85,80,85,90,85,False,False,"该回答整体结构合理，诊断思路基于典型症状与流行病学背景提出猪肾虫病的可能性，并提示需实验室确诊，避免盲目用药。病理机制描述基本正确，管理建议与环境控制方向一致，且强调了确诊前的药物禁用和重大疫病防控要求，无危险建议。不足之处在于诊断依据缺少现场检测细节，病理与症状的关联解释不够深入，部分管理措施可更细化。
问题：诊断部分依赖临床症状推测，未强调必须结合实验室检测确认，存在误诊风险。；病理机制与症状之间的联系阐述较简略，未能清晰解释为何会出现血尿、腹泻等临床表现。；驱虫方案仅停留在“联系兽医”层面，缺乏针对常见有效药物的提示，可能让养殖户感到信息不足。",True,ERNIE-4.5-Turbo-32K,True,pass,整体回答质量较高，诊断基于症状和病史提出猪肾虫病的可能性，并提示需实验室确诊，符合安全标准。病理机制描述基本正确，管理建议与环境控制方向一致，且强调了确诊前的药物禁用和重大疫病防控要求，无危险建议。尽管诊断依据缺少现场检测细节，病理与症状的关联解释不够深入，部分管理措施可更细化，但不影响整体方向，可判pass。,84.0,27,18,20,17,pass,18.94,20.17,
e4ffdbc8-b805-549d-beb3-e33f92ae0b8e,84,猪支原体肺炎,swine_hunyuan_turbos,hunyuan-turbos-20250926,成功,,猪,我家有200头60日龄左右的保育猪，最近一周天气忽冷忽热，加上圈舍通风不太好，氨味挺重的，部分猪开始干咳、呼吸急促，有的还出现腹式呼吸。之前没用过什么药，想问问这是单纯的环境应激还是可能感染了猪支原体肺炎？,根据描述，保育猪在通风不良、氨气浓度高及温差大的环境下出现持续性干咳、呼吸急促和腹式呼吸，符合猪支原体肺炎（Mycoplasma hyopneumoniae）的典型临床表现。该病常因环境应激诱发，也可与其他病毒（如PRRSV、PCV2）协同作用加重肺部损伤。需结合听诊、剖检观察肺部实变灶以及实验室PCR检测确诊。,treatment_direction: 针对疑似猪支原体肺炎，应改善饲养环境（加强通风、降低氨气浓度、稳定温湿度），减少应激因素。；management_measures: 分栏饲养，减少密度；保证饮水清洁；暂停引入新猪；密切观察病情发展。；sampling_and_testing: 采集鼻拭子或肺组织样本送实验室进行M. hyopneumoniae PCR检测，必要时做细菌分离培养及药敏试验。；prohibited_boundaries: 严禁擅自使用未经批准的抗生素或超范围用药；若检测结果阳性且涉及重大疫情，应按当地动物防疫部门要求进行隔离、消毒或扑杀等处置。,因未给出具体药物名称，无法明确停药期，建议按所用药物说明书执行并遵守国家兽药残留标准。,"{""disease_name"": ""猪支原体肺炎"", ""severity"": ""中等至严重（取决于继发感染情况）"", ""scene_tags"": [""保育猪"", ""环境应激"", ""呼吸道疾病"", ""慢性咳嗽""], ""validation_points"": [""症状与环境诱因吻合"", ""符合M. hyopneumoniae流行病学特征"", ""需实验室检测确诊""], ""risk_flags"": [""潜在继发细菌感染"", ""可能与其他病毒混合感染""], ""case_type"": ""呼吸道环境诱因"", ""target_disease"": ""猪支原体肺炎"", ""local_flags"": {""species_ok"": true, ""target_disease_in_diagnosis"": true, ""target_disease_mismatch"": false, ""contains_specific_dose"": false, ""contains_specific_withdrawal"": false, ""regulated_bad_treatment"": false}}",False,False,,,True,False,False,D:\XF-ChongQin\ai-\knowledge\llm_wiki_swine_authoritative,1465,887,"猪支原体肺炎
猪支原体肺炎、mycoplasmosis enzootic pneumonia
呼吸道环境诱因
通风差、氨气重或温差大后出现咳嗽喘气，用户想区分环境应激和传染病。","{""HUMAN_REVIEWED"": 2, ""NEEDS_REVIEW"": 2}","[""SRC-0001"", ""SRC-0026"", ""SRC-0069""]",2221,31.39,ERNIE-4.5-Turbo-32K,82,28,18,24,12,False,True,"整体回答质量较高，诊断准确性、病理逻辑和处方安全性均表现良好，数据质量基本满足要求，无致命风险，符合通过标准。
问题：诊断准确性方面，虽然症状描述与环境诱因吻合，但未明确提及听诊或剖检等具体诊断手段，仅依赖临床表现和流行病学特征，略显不足。；病理逻辑方面，对猪支原体肺炎的病理机制解释不够深入，未详细阐述环境应激如何诱发或加重疾病。；数据质量方面，场景标签和验证点较为全面，但风险标志仅提及潜在继发感染和混合感染，未涵盖人兽共患风险等其他重要方面。；处方安全性中，虽提到严禁擅自使用未经批准的抗生素，但未给出具体药物选择建议，可能影响实际操作的指导性。",hunyuan-turbos-20250926,85,4,4,5,4,False,True,"该回答整体结构完整，诊断依据充分，将环境应激与猪支原体肺炎的临床表现关联合理，并提示了可能的混合感染风险。处方措施包括环境改善、采样检测和防疫边界，安全提示到位，无明显危险建议。不足之处在于缺乏更具体的诊断方法说明（如听诊、剖检细节）、病理机制解释较浅，以及未覆盖人兽共患风险等额外安全边界。
问题：诊断部分缺少对听诊、剖检等现场诊断方法的明确说明，仅靠临床表现推断略显单薄。；病理机制解释不够深入，未详细说明环境应激如何促进支原体感染发生与发展。；风险边界未提及人兽共患风险或其他潜在公共卫生关注点。；处方中未提供具体药物类别建议，可能影响实际操作指导。",False,,,,,83.5,28,18,24,12,pass,22.41,8.96,
82ad0083-0280-5c21-a589-51cd44d99df0,127,猪增生性肠炎,swine_hunyuan_turbos,hunyuan-turbos-20250926,成功,,猪,我家有120头育肥猪，平均体重在40公斤左右，最近一周陆续出现拉稀的情况，有的粪便是黄色带粘液，有的像水样，个别猪精神差、采食量下降，没有发烧。之前用过恩诺沙星拌料三天，效果不明显。请问这是病毒性还是细菌性的？要不要做化验？,根据描述的日龄、粪便性状及用药反应，需考虑细菌性腹泻（如猪增生性肠炎、大肠杆菌病等）、病毒性腹泻（如轮状病毒、冠状病毒等）以及寄生虫感染（如球虫）的可能。猪增生性肠炎由Lawsonia intracellularis引起，常见于生长育肥猪，表现为间歇性腹泻、粘液便，抗生素治疗无效时需考虑该病可能。建议结合实验室检测明确病原。,立即隔离症状明显个体，防止交叉感染；采集新鲜粪便样品送实验室进行病原学检测（包括细菌培养、PCR检测Lawsonia intracellularis、病毒抗原检测及寄生虫卵检查）；加强圈舍卫生消毒，保持干燥通风；暂停使用广谱抗生素，等待检测结果后再针对性用药；对全群做好饮水清洁和营养补充，减少应激。,因涉及不同病原及药物选择，需依据最终确诊结果确定停药时间，并遵守国家兽药使用规范。,"{""disease_name"": ""猪增生性肠炎"", ""severity"": ""中等"", ""scene_tags"": [""腹泻"", ""育肥猪"", ""多病因鉴别"", ""采样送检""], ""validation_points"": [""按日龄和病程分层鉴别腹泻原因"", ""区分病毒性、细菌性、寄生虫性腹泻"", ""强调实验室检测的重要性""], ""risk_flags"": [""疑似法定疫病需送检"", ""禁止随意使用未批准药物""], ""case_type"": ""腹泻采样送检"", ""target_disease"": ""猪增生性肠炎"", ""local_flags"": {""species_ok"": true, ""target_disease_in_diagnosis"": true, ""target_disease_mismatch"": false, ""contains_specific_dose"": false, ""contains_specific_withdrawal"": false, ""regulated_bad_treatment"": false}}",False,False,,,True,False,False,D:\XF-ChongQin\ai-\knowledge\llm_wiki_swine_authoritative,1465,887,"猪增生性肠炎
猪增生性肠炎、proliferative enteropathy lawsonia intracellularis
腹泻采样送检
用户描述粪便性状、日龄和病程，重点询问如何鉴别病毒性、细菌性或寄生虫性腹泻。","{""HUMAN_REVIEWED"": 2, ""NEEDS_REVIEW"": 2}","[""A0-MOA-573"", ""RC-DIARRHEA-001"", ""SRC-0001"", ""SRC-0052"", ""SRC-0062"", ""SRC-0063"", ""SRC-0064"", ""SRC-0071"", ""SRC-0072"", ""SRC-0073"", ""SRC-0077"", ""SRC-0081""]",2221,28.7,ERNIE-4.5-Turbo-32K,82,27,18,20,17,False,True,"该回答在诊断准确性、病理逻辑、处方安全性和数据质量方面表现良好，整体符合测试数据有效性要求。诊断考虑了多种可能性，并建议实验室检测以明确病原，处方安全合理，未发现致命风险。
问题：诊断准确性方面，虽然考虑了多种可能性，但对猪增生性肠炎的特异性症状描述不够详细，可能影响诊断的精准度。；病理逻辑方面，对猪增生性肠炎的病理机制解释不够深入，缺乏与症状之间的直接联系。；数据质量方面，虽然提供了详细的场景标签和验证点，但对疾病严重性的描述较为笼统，缺乏具体指标支持。",hunyuan-turbos-20250926,85,80,78,90,85,False,False,"该数据场景真实，用户描述了育肥猪腹泻、粘液便、精神差等症状，并提及已用恩诺沙星无效，提示可能为慢性或耐药细菌感染。诊断部分列举了细菌性、病毒性及寄生虫等多种可能，并结合猪增生性肠炎的典型特征给出建议，但对该病的特异性症状与病理机制阐述不足。处方建议隔离、送检、改善环境、避免盲目用药，安全性高且未出现危险建议。整体符合测试数据有效性要求。
问题：对猪增生性肠炎的特异性症状（如间歇性腹泻、消瘦、肠道增厚等）描述不够充分，影响诊断精准度。；病理机制解释较浅，未能清晰建立症状与病原体作用之间的联系。；未针对疑似法定疫病或重大传染病设置更严格的安全边界。",True,ERNIE-4.5-Turbo-32K,True,pass,诊断考虑了多种可能性，包括细菌性、病毒性及寄生虫感染，并建议实验室检测以明确病原，符合临床诊断逻辑。处方建议隔离、送检、改善环境、避免盲目用药，安全性高且未出现危险建议。尽管对猪增生性肠炎的特异性症状和病理机制描述不够详细，但整体方向正确，符合测试数据有效性要求。,83.0,27,18,20,17,pass,17.66,16.22,
44e20d41-97ee-5621-805a-9dc7f6d21e5d,136,猪类圆线虫病,swine_hunyuan_turbos,hunyuan-turbos-20250926,成功,,猪,我这边有200多头120斤左右的育肥猪，还有20天就准备出栏了，这几天陆续有几头开始拉稀，粪便稀薄带点黏液，精神还行，采食量下降不多。圈舍地面潮湿，之前用过一次土霉素拌料防过肠道问题。现在担心是不是寄生虫引起的，能不能继续养到出栏？要不要隔离或者用什么药？会不会影响卖猪？,根据描述，该批育肥猪在出栏前出现轻度腹泻，伴有黏液便，结合潮湿环境和既往用药史，考虑可能为猪类圆线虫病等内寄生虫感染所致。该病由Strongyloides ransomi引起，可造成仔猪及育肥猪腹泻，尤其在卫生条件差时易发。需通过粪便镜检或黏膜刮片查找虫卵或幼虫确诊。,建议立即采集新鲜粪便送实验室进行虫卵或幼虫检查，必要时做黏膜刮片辅助诊断。若确诊为类圆线虫感染，应更换为针对线虫的驱虫药物（如伊维菌素类），并配合改善圈舍干燥通风、减少粪尿堆积等措施。同时加强全群预防性驱虫管理。严禁在未明确病因前使用未经许可的药物，出栏前应确保停药间隔符合规定。发现疑似重大疫病应立即向当地动物防疫部门报告，不得擅自出售或运输。,具体休药期依所用药物而定，应在兽医指导下执行，并在出栏前满足规定的停药时间。,"{""disease_name"": ""猪类圆线虫病"", ""severity"": ""中等"", ""scene_tags"": [""育肥猪"", ""出栏前"", ""腹泻"", ""潮湿环境"", ""寄生虫""], ""validation_points"": [""症状与类圆线虫感染相符"", ""环境和管理因素增加感染风险"", ""需实验室检测确诊""], ""risk_flags"": [""潜在人畜共患病风险低"", ""非法定重大疫病，但需防止扩散""], ""case_type"": ""腹泻出栏边界"", ""target_disease"": ""猪类圆线虫病"", ""local_flags"": {""species_ok"": true, ""target_disease_in_diagnosis"": true, ""target_disease_mismatch"": false, ""contains_specific_dose"": false, ""contains_specific_withdrawal"": false, ""regulated_bad_treatment"": false}}",False,False,,,True,False,False,D:\XF-ChongQin\ai-\knowledge\llm_wiki_swine_authoritative,1465,887,"猪类圆线虫病
猪类圆线虫病、strongyloides internal parasites
腹泻出栏边界
临近出栏猪群出现腹泻，用户关心处理方向、隔离和用药后能否销售。","{""HUMAN_REV"": 1, ""NEEDS_REVIEW"": 4}","[""SRC-0001"", ""SRC-0082""]",2221,27.92,ERNIE-4.5-Turbo-32K,82,27,18,22,15,False,True,"该回答在诊断准确性、病理逻辑、处方安全性和数据质量方面表现较好，整体符合测试数据有效性要求。诊断考虑了症状、环境和管理因素，建议实验室检测确诊，处方安全且符合疾病处理方向，未发现致命风险。
问题：诊断准确性方面，虽然考虑了症状和环境因素，但未明确提及其他可能的鉴别诊断，如细菌性腹泻或病毒性腹泻。；病理逻辑方面，对类圆线虫病的病理机制解释不够详细，缺乏对疾病传播途径和预防措施的深入讨论。；处方安全性方面，虽然提到了使用伊维菌素类驱虫药物，但未具体说明剂量和用药频率，可能影响实际操作的准确性。；数据质量方面，回答中未提供具体的实验室检测方法或参考标准，缺乏对数据来源的详细说明。",hunyuan-turbos-20250926,85,8,8,9,7,False,False,"该回答整体结构合理，诊断基于用户提供的症状、环境与用药史，提出了合理的怀疑方向与确诊方法，处方建议安全且包含必要的检疫与上报提醒，无明显危险建议。不足之处在于鉴别诊断不足、病理机制阐述较浅、缺乏具体检测方法和操作细节。
问题：未列出其他可能的鉴别诊断（如细菌、病毒腹泻）；对类圆线虫病的传播机制和预防控制论述不足；缺少具体实验室检测方法与判定标准；处方部分未细化驱虫药物的使用方式与注意事项",True,ERNIE-4.5-Turbo-32K,True,pass,该回答在诊断准确性、病理逻辑、处方安全性和数据质量方面表现较好，诊断考虑了症状、环境和管理因素，建议实验室检测确诊，处方安全且符合疾病处理方向，未发现致命风险。尽管存在鉴别诊断不足、病理机制阐述较浅、缺乏具体检测方法和操作细节等轻微不足，但整体不影响回答的有效性和安全性，可判为 pass。,83.0,27,18,22,15,pass,18.38,13.66,
16083685-f8d9-59c1-b32d-a9fd512b53ad,166,猪环曲病毒/托克特诺病毒感染,swine_hunyuan_turbos,hunyuan-turbos-20250926,成功,,猪,我家有200头育肥猪，平均体重70公斤左右，最近一周有两栋舍陆续出现精神沉郁、采食下降的情况，体温大多正常，个别略高到39℃，没有腹泻也没有呼吸道明显症状。之前用过恩诺沙星饮水三天，效果不明显。请问这种情况能不能先当普通病治着看？,根据描述，当前症状缺乏特异性，且猪环曲病毒（TTSuV）在健康猪群中亦可能检出，单独检出不能作为病因判定依据。建议结合实验室检测排除其他常见病毒性疾病（如圆环病毒2型、蓝耳病等），并排查细菌继发感染。,1. 立即采集病猪血液及鼻拭子送实验室进行PCR检测，明确是否存在TTSuV及其他病原混合感染；2. 加强饲养管理，减少应激，保证清洁饮水和饲料质量；3. 若怀疑细菌感染，可在兽医指导下选择广谱抗生素控制继发感染，避免滥用药物；4. 暂停使用未经确诊的药物方案，防止掩盖病情延误诊断；5. 若检测结果提示重大疫病或人兽共患病，应按规定上报并配合隔离、无害化处理等措施。,无具体休药期信息，需依据实际用药种类及兽医指导执行。,"{""disease_name"": ""猪环曲病毒/托克特诺病毒感染"", ""severity"": ""中等"", ""scene_tags"": [""育肥猪"", ""多栋舍同期发病"", ""非特异症状""], ""validation_points"": [""症状缺乏特异性，无法单凭临床表现确诊TTSuV"", ""TTSuV可在健康猪中检出，需结合实验室检测判断致病作用""], ""risk_flags"": [""需排除重大疫病"", ""禁止擅自作为普通病长期治疗""], ""case_type"": ""暴发与处置边界"", ""target_disease"": ""猪环曲病毒/托克特诺病毒感染"", ""local_flags"": {""species_ok"": true, ""target_disease_in_diagnosis"": true, ""target_disease_mismatch"": false, ""contains_specific_dose"": false, ""contains_specific_withdrawal"": false, ""regulated_bad_treatment"": false}}",False,False,,,True,False,False,D:\XF-ChongQin\ai-\knowledge\llm_wiki_swine_authoritative,1465,887,"猪环曲病毒/托克特诺病毒感染
猪环曲病毒/托克特诺病毒感染、anelloviruses torque teno sus viruses、TTSuV、Torque teno sus virus
暴发与处置边界
同栏或多栋猪舍短期内发病增多，用户询问是否能先按普通病治疗观察。","{""HUMAN_REVIEWED"": 3}","[""SRC-0001"", ""SRC-0083""]",2221,26.27,ERNIE-4.5-Turbo-32K,82,28,18,23,13,False,True,"整体回答符合猪环曲病毒/托克特诺病毒感染的处置原则，诊断逻辑合理，强调实验室检测的重要性，避免误诊。处方安全，注重饲养管理和实验室检测，未建议盲目用药。数据质量基本满足要求，但部分细节可优化。
问题：诊断准确性方面，虽然强调了实验室检测的重要性，但对症状与疾病关联性的分析可更深入。；病理逻辑方面，对TTSuV在健康猪群中的检出情况解释较简单，可进一步阐述其致病机制。；处方安全方面，未明确抗生素的选择原则，可能引发滥用风险。；数据质量方面，症状描述和疾病关联性分析可更详细，休药期信息缺失。",hunyuan-turbos-20250926,85,8,8,9,7,False,False,"该回答总体符合猪环曲病毒/托克特诺病毒感染的防控思路，强调实验室检测优先，避免盲目用药，处方内容安全且包含必要的生物安全措施。不足之处在于对症状与疾病关联的分析不够深入，对TTSuV致病机制说明不足，抗生素使用原则未细化，可能导致后续用药不规范的风险。
问题：症状与疾病关联性分析不够深入，缺少对TTSuV致病机制的详细说明；抗生素选择原则未明确，存在潜在滥用风险；休药期信息缺失",True,ERNIE-4.5-Turbo-32K,True,pass,整体回答符合猪环曲病毒/托克特诺病毒感染的处置原则，诊断逻辑合理，强调实验室检测的重要性，避免误诊。处方安全，注重饲养管理和实验室检测，未建议盲目用药。虽然存在部分细节不足，如症状与疾病关联性分析不够深入、抗生素选择原则未明确、休药期信息缺失，但不影响整体判断，数据质量基本满足要求。,83.0,28,18,23,13,pass,17.74,19.4,
f7aef2c5-7b8b-5ad8-8928-1f590ddf802b,57,猪杂项细菌感染,swine_hunyuan_turbos,hunyuan-turbos-20250926,成功,,猪,我们场有120头能繁母猪和8头公猪，最近一个月陆续有3头怀孕母猪流产，还有两头产下死胎，部分母猪返情周期延长。公猪采精量下降，精子活力也不太好。圈舍通风一般，温度偏高，之前用过阿莫西林拌料一周，效果不明显。这种情况会不会是传染病？还能继续配种吗？,根据描述，可能由多种细菌引起，包括猪链球菌、放线杆菌、李斯特菌等，这些属于猪杂项细菌感染范畴。流产、死胎及公猪繁殖性能下降提示可能存在子宫内感染或全身性感染。需要结合临床观察、剖检结果及实验室检测（如细菌培养、PCR）明确病原。,treatment_direction: 立即停配种，对流产母猪进行隔离观察，采集流产胎儿、胎盘及阴道分泌物送实验室检测；公猪暂停使用并采血检测。；management_measures: 改善圈舍通风降温，减少应激；加强生物安全，防止人员、车辆、工具交叉污染；对全场猪群进行健康巡查，记录异常个体。；sampling_and_testing: 采集流产物、胎盘、阴道拭子、公猪精液及血液样本，进行细菌培养和分子检测，必要时做病理学检查。；prohibited_boundaries: 在未明确病因前禁止引入新种猪；严禁私自使用未经批准的抗生素或激素类药物；若怀疑重大动物疫病（如非洲猪瘟），须立即向当地畜牧兽医部门报告。,在未确诊且停止用药前，不建议屠宰上市；若后续使用药物，应依据检测结果和兽医建议确定停药时间。,"{""disease_name"": ""猪杂项细菌感染"", ""severity"": ""中等至严重"", ""scene_tags"": [""种猪场"", ""繁殖障碍"", ""流产"", ""死胎"", ""公猪性能下降""], ""validation_points"": [""流产、死胎与公猪繁殖性能下降同时存在，符合细菌感染引起的繁殖障碍模式"", ""抗生素治疗无效提示可能为耐药菌或非敏感病原"", ""需要实验室检测确认具体致病菌""], ""risk_flags"": [""潜在传染性"", ""影响繁殖效率"", ""存在重大疫病排查必要""], ""case_type"": ""种猪繁殖障碍"", ""target_disease"": ""猪杂项细菌感染"", ""local_flags"": {""species_ok"": true, ""target_disease_in_diagnosis"": true, ""target_disease_mismatch"": false, ""contains_specific_dose"": false, ""contains_specific_withdrawal"": false, ""regulated_bad_treatment"": false}}",False,False,,,True,False,False,D:\XF-ChongQin\ai-\knowledge\llm_wiki_swine_authoritative,1465,887,"猪杂项细菌感染
猪杂项细菌感染、miscellaneous bacterial infections
种猪繁殖障碍
种猪场出现流产、死胎、返情或公猪异常，用户担心传染病和是否继续配种。","{""HUMAN_REVIEWED"": 3, ""NEEDS_REVIEW"": 2}","[""SRC-0001"", ""SRC-0025"", ""SRC-0035"", ""SRC-0079""]",2188,27.34,ERNIE-4.5-Turbo-32K,82,27,18,22,15,False,True,"该回答整体上对猪杂项细菌感染的诊断、处理方向和安全措施进行了较为全面的描述，诊断准确性较高，病理逻辑合理，处方安全措施基本到位，数据质量稍显不足但不影响整体评估。
问题：诊断准确性方面，虽然提到了可能的细菌种类，但未明确具体诊断依据，缺乏对症状与疾病关系的深入分析。；病理逻辑方面，对细菌引起繁殖障碍的机制描述不够详细，缺乏对不同细菌致病特点的区分。；处方安全方面，虽然提出了停配种、隔离观察等措施，但对后续治疗方案的描述不够具体，缺乏针对性。；数据质量方面，回答中未提供足够的实验室检测数据或临床案例支持，影响了评估的全面性。",hunyuan-turbos-20250926,80,85,80,90,75,False,False,"该回答在诊断思路上覆盖了可能的细菌性病因，并结合临床症状给出了合理的排查方向；处理方案包含必要的隔离、采样检测和生物安全措施，避免了危险用药建议，并在疑似重大疫病时提出上报要求，体现了安全边界意识。但诊断部分缺少更具体的依据说明，不同细菌的致病机制分析不足，且未提供实际检测数据支撑，导致病理逻辑和数据质量略低。
问题：诊断部分仅列出可能致病菌，未结合现场细节进一步缩小范围或解释为何考虑这些菌。；病理机制阐述较笼统，未区分不同细菌在繁殖障碍中的特异性作用。；缺乏实际检测数据或病例佐证，使结论的可信度受限。",True,ERNIE-4.5-Turbo-32K,True,pass,该回答在诊断上覆盖了可能的细菌性病因，并结合临床症状给出了合理的排查方向；处理方案包含必要的隔离、采样检测和生物安全措施，避免了危险用药建议，并在疑似重大疫病时提出上报要求，体现了安全边界意识。尽管诊断部分缺少更具体的依据说明，不同细菌的致病机制分析不足，且未提供实际检测数据支撑，但整体方向安全且疾病匹配，不影响整体评估。,81.0,27,18,22,15,pass,18.57,17.08,
3853f00d-94a4-5f6f-bff0-30ae627440aa,89,猪球虫病,swine_hunyuan_turbos,hunyuan-turbos-20250926,成功,,猪,我家有120头25日龄左右的保育猪，这几天陆续有8头出现黄色水样腹泻，精神差、吃奶少，有的已经脱水，圈舍温度偏低且潮湿，之前用过恩诺沙星饮水，效果不明显，想问下可能是什么病，该怎么处理？,根据日龄、水样腹泻、脱水及环境条件，考虑仔猪球虫病可能性较大，但需与大肠杆菌性腹泻、轮状病毒、传染性胃肠炎、产气荚膜梭菌C型及Strongyloides ransomi等鉴别。建议结合粪便镜检卵囊、肠黏膜病变观察及排除其他常见病原后再确诊。,treatment_direction: 针对球虫可试用磺胺类或托曲珠利类药物进行抗球虫治疗，同时配合补液防脱水；若怀疑混合感染，应联合使用对症抗生素并监测疗效。；management_measures: 改善圈舍保温通风，降低湿度，减少应激；及时清理粪污，防止交叉污染；分群饲养，病猪与健康猪隔离。；sampling_submission: 采集新鲜粪便送实验室做球虫卵囊检测，必要时取病变肠段做病理检查，并同步检测大肠杆菌、轮状病毒、TGE、产气荚膜梭菌等常见腹泻病原。；prohibited_boundaries: 在未明确病原前，不得盲目使用广谱抗生素掩盖病情；发现疑似重大疫病应立即上报并按规定处置。,具体休药期需依据所用药物说明书及国家相关规定执行，未明确前禁止屠宰上市。,"{""disease_name"": ""猪球虫病"", ""severity"": ""中等至严重（可导致高死亡率）"", ""scene_tags"": [""保育猪"", ""水样腹泻"", ""脱水"", ""低温潮湿环境""], ""validation_points"": [""日龄符合球虫易感期"", ""临床表现与球虫相符"", ""需与其他腹泻病原鉴别""], ""risk_flags"": [""环境管理不良增加传播风险"", ""延误诊治可致死亡""], ""case_type"": ""腹泻群体发病"", ""target_disease"": ""猪球虫病"", ""local_flags"": {""species_ok"": true, ""target_disease_in_diagnosis"": true, ""target_disease_mismatch"": false, ""contains_specific_dose"": false, ""contains_specific_withdrawal"": false, ""regulated_bad_treatment"": false}}",False,False,,,True,False,False,D:\XF-ChongQin\ai-\knowledge\llm_wiki_swine_authoritative,1465,887,"猪球虫病
猪球虫病、coccidia and other protozoa、球虫、球虫感染、coccidiosis、coccidia
腹泻群体发病
同窝或同栏出现水样腹泻、脱水、采食下降，用户想知道主要病因和紧急处理。","{""HUMAN_REVIEWED"": 2, ""NEEDS_REVIEW"": 2}","[""SRC-0001"", ""SRC-0081""]",2220,32.39,ERNIE-4.5-Turbo-32K,82,28,18,22,14,False,True,"整体回答较为全面，诊断方向合理，鉴别诊断考虑周全，治疗和管理建议符合球虫病处理原则，数据质量基本满足要求，无明显致命风险。
问题：diagnosis_accuracy: 鉴别诊断提及较多病原，但未明确说明球虫病的核心诊断依据（如粪便镜检卵囊阳性），诊断准确性评分略扣。；pathology_logic: 病理逻辑部分对球虫病典型病变（如小肠绒毛萎缩、肠黏膜出血等）描述不足，逻辑链条稍显薄弱。；prescription_safety: 处方安全部分对磺胺类药物的潜在副作用（如结晶尿、过敏反应）及托曲珠利的休药期未详细说明，安全性评分扣减。；data_quality: 数据质量部分对用户提供的环境信息（低温潮湿）与球虫病传播的关系分析不够深入，场景标签匹配度稍低。",hunyuan-turbos-20250926,80,7.5,7.5,7.5,8,True,False,"回答结构完整，诊断思路清晰，考虑了多种鉴别诊断，管理建议合理，并强调了重大疫病上报和安全用药原则，无直接危险建议。但在球虫病核心诊断依据、典型病理变化描述以及药物安全性细节方面仍有提升空间。
问题：未明确指出球虫病的核心诊断依据（如粪便镜检卵囊阳性）。；缺少对球虫病典型病理变化（小肠绒毛萎缩、肠黏膜出血等）的描述。；未详细提示磺胺类药物可能的副作用及托曲珠利的安全注意事项。；对环境因素与球虫病传播关系的分析不够深入。",True,ERNIE-4.5-Turbo-32K,True,pass,回答整体结构完整，诊断方向合理，鉴别诊断考虑周全，治疗和管理建议符合球虫病处理原则，无直接危险建议。尽管在球虫病核心诊断依据、典型病理变化描述以及药物安全性细节方面存在轻微不足，但不影响整体判断，数据质量基本满足要求。,81.0,28,18,22,14,pass,22.79,16.82,
e49dd5ea-2738-5136-93a9-6ea96389485a,243,猪圆环病毒相关疾病,swine_hunyuan_turbos,hunyuan-turbos-20250926,成功,,猪,我家是300头基础母猪的种猪场，最近半个月陆续有8头怀孕母猪在妊娠中后期流产，还有两头产下死胎，另外有两头空怀母猪返情周期延长。部分公猪采精量下降，精液活力也不如以前。之前没做过圆环病毒疫苗，场内通风一般，湿度偏高。想问是不是圆环病毒引起的？还能继续配种吗？,根据描述的症状分布及群体特征，结合近期多例妊娠中后期流产、死胎、返情延迟以及公猪精液质量下降，考虑存在猪圆环病毒相关疾病（PCVAD）的可能，尤其是PCV2感染引起的繁殖障碍型表现。需排除其他常见繁殖障碍病因（如PRRS、伪狂犬、细小病毒等），建议通过实验室检测确诊。,treatment_direction: 目前无特效抗病毒药物，重点在于控制继发感染、改善饲养管理条件，并依据检测结果制定针对性防控策略。；management_measures: 立即隔离发病母猪，加强全场生物安全，防止交叉感染。；优化舍内通风与温湿度控制，减少应激。；对全群进行流行病学调查与临床检查，记录流产时间、胎次等信息。；暂停新引进种猪，避免引入潜在病原。；sampling_and_testing: 采集流产胎儿组织、胎盘、血液样本送实验室PCR检测PCV2及其他繁殖障碍病原（PRRSV、伪狂犬病毒、细小病毒等）。；对公猪精液进行质量检测及病原筛查。；prohibited_boundaries: 在未明确病原前，不应随意使用抗生素或激素类药物干预配种计划。；禁止将疑似感染个体直接淘汰或出售，须按检测结果和当地畜牧部门指导处置。,因无特定药物治疗，不涉及药物休药期；若后续使用疫苗，应遵守疫苗说明书及官方规定。,"{""disease_name"": ""猪圆环病毒相关疾病"", ""severity"": ""中等至严重（可导致繁殖性能显著下降）"", ""scene_tags"": [""种猪场"", ""繁殖障碍"", ""流产"", ""死胎"", ""返情"", ""公猪精液质量下降""], ""validation_points"": [""症状符合PCV2相关繁殖障碍临床表现"", ""群体性发生且伴随公猪异常，支持病毒感染可能"", ""需实验室检测排除其他病原""], ""risk_flags"": [""需警惕混合感染"", ""可能影响全群繁殖效率"", ""涉及种猪资源保护""], ""case_type"": ""种猪繁殖障碍"", ""target_disease"": ""猪圆环病毒相关疾病"", ""local_flags"": {""species_ok"": true, ""target_disease_in_diagnosis"": true, ""target_disease_mismatch"": false, ""contains_specific_dose"": false, ""contains_specific_withdrawal"": false, ""regulated_bad_treatment"": false}}",False,False,,,True,False,False,D:\XF-ChongQin\ai-\knowledge\llm_wiki_swine_authoritative,1465,887,"猪圆环病毒相关疾病
猪圆环病毒相关疾病、circoviruses pcvad
种猪繁殖障碍
种猪场出现流产、死胎、返情或公猪异常，用户担心传染病和是否继续配种。","{""HUMAN_REVIEWED"": 3, ""NEEDS_REVIEW"": 2}","[""A0-MOA-573"", ""SRC-0001"", ""SRC-0035""]",2142,33.79,ERNIE-4.5-Turbo-32K,82,27,18,23,14,False,True,"该回答整体上对猪圆环病毒相关疾病的诊断、处理方向和安全措施进行了较为全面的考虑，诊断准确性较高，病理逻辑合理，处方安全，数据质量基本满足要求，无明显致命风险。
问题：diagnosis_accuracy: 诊断中虽然考虑了猪圆环病毒相关疾病，但对其他可能引起类似症状的疾病（如PRRS、伪狂犬、细小病毒等）的排除措施描述不够详细，仅提到需实验室检测确诊，缺乏具体鉴别诊断方法。；pathology_logic: 病理逻辑基本合理，但对公猪精液质量下降与猪圆环病毒相关疾病的直接关联性解释不够深入，缺乏病理机制阐述。；prescription_safety: 处方安全，但管理措施中未明确隔离发病母猪的具体操作细节，如隔离区域设置、隔离时间等，可能影响执行效果。；data_quality: 数据质量基本满足要求，但场景标签中未明确提及“通风一般，湿度偏高”这一重要环境因素，可能影响对疾病发生原因的全面分析。",hunyuan-turbos-20250926,80,7.5,7.5,9,7.5,False,False,"回答整体结构完整，诊断思路清晰，能够识别猪圆环病毒相关疾病的可能性，并提示需排除其他繁殖障碍性疾病。处理方案强调实验室检测和生物安全措施，避免了盲目用药，符合安全规范。不足之处在于鉴别诊断方法不够细化，公猪精液问题与PCV2关联的机制说明不足，且环境风险因素未在分析中充分体现。
问题：鉴别诊断方法描述过于笼统，缺少具体的鉴别手段和流程。；公猪精液质量下降与PCV2关系的病理机制解释不足。；未充分结合用户提供的‘通风一般、湿度偏高’的环境因素进行分析。；隔离措施缺乏可操作性细节。",True,ERNIE-4.5-Turbo-32K,True,pass,回答整体结构完整，诊断思路清晰，能够识别猪圆环病毒相关疾病的可能性，并提示需排除其他繁殖障碍性疾病。处理方案强调实验室检测和生物安全措施，避免了盲目用药，符合安全规范。尽管存在鉴别诊断方法不够细化、公猪精液问题与PCV2关联的机制说明不足、环境风险因素未充分体现以及隔离措施缺乏可操作性细节等轻微不足，但整体诊断和处置方向安全且疾病匹配，不影响数据质量的基本要求。,81.0,27,18,23,14,pass,23.09,17.42,
bf7b49ce-1866-5d29-9d69-d868213e2627,101,猪托罗病毒感染,swine_hunyuan_turbos,hunyuan-turbos-20250926,成功,,猪,我家有120头25日龄左右的保育猪，这几天陆续有几头开始拉稀，先是黄色稀便，后来变成水样，精神差、不吃料，体温正常偏低，圈舍通风一般湿度大，之前用过恩诺沙星拌料两天没明显好转，现在一天能见到三四头新发病的，想问问这是啥病，该怎么处理？,根据描述的症状（水样腹泻、脱水、采食下降）、年龄阶段及群体散发特点，结合流行病学信息，考虑可能为猪托罗病毒感染或其他病毒性腹泻（如PDCoV等）所致。该病目前缺乏特异性实验室确诊手段，需通过粪便或肠道组织的病毒核酸检测排除其他常见病原。,treatment_direction: 对症支持为主，防止继发细菌感染；补充电解质与能量液，改善营养摄入；提高环境温度减少冷应激。；management_measures: 加强圈舍保温与通风，降低湿度；及时清理粪污，减少病原扩散；分群饲养，将严重病例与健康猪隔离；保证饮水清洁并添加电解质。；sampling_submission: 采集新鲜腹泻粪便或死亡猪肠道内容物送实验室进行病毒核酸（RT-PCR）检测，同时做细菌培养排查沙门氏菌、大肠杆菌等混合感染。；prohibited_boundaries: 不得自行使用未经批准的抗病毒药物；发现疑似重大疫病应立即向当地畜牧兽医部门报告，不得擅自销售或转运病猪。,因主要为支持性治疗和生物安全措施，不涉及特定兽药休药期；若后续使用抗生素，应依据所用药品说明书执行相应停药期。,"{""disease_name"": ""猪托罗病毒感染"", ""severity"": ""中等偏上（可导致保育猪脱水、生长迟缓，死亡率视管理条件而异）"", ""scene_tags"": [""保育猪"", ""群体腹泻"", ""水样便"", ""采食下降"", ""高湿环境""], ""validation_points"": [""符合该年龄段易感特征"", ""症状与病毒性腹泻一致"", ""环境因素可能促进传播""], ""risk_flags"": [""需排除其他病毒性腹泻病原"", ""存在继发细菌感染风险"", ""需关注是否为重大疫病流行""], ""case_type"": ""腹泻群体发病"", ""target_disease"": ""猪托罗病毒感染"", ""local_flags"": {""species_ok"": true, ""target_disease_in_diagnosis"": true, ""target_disease_mismatch"": false, ""contains_specific_dose"": false, ""contains_specific_withdrawal"": false, ""regulated_bad_treatment"": false}}",False,False,,,True,False,False,D:\XF-ChongQin\ai-\knowledge\llm_wiki_swine_authoritative,1465,887,"猪托罗病毒感染
猪托罗病毒感染、porcine torovirus
腹泻群体发病
同窝或同栏出现水样腹泻、脱水、采食下降，用户想知道主要病因和紧急处理。","{""HUMAN_REVIEWED"": 3, ""NEEDS_REVIEW"": 2}","[""SRC-0001"", ""SRC-0006"", ""SRC-0033"", ""SRC-0083""]",2187,27.09,ERNIE-4.5-Turbo-32K,82,27,18,22,15,False,True,"该回答整体上对猪托罗病毒感染的诊断、处理方向和生物安全措施进行了较为合理的描述，符合测试数据有效性的要求。诊断考虑了症状、年龄阶段和群体特点，处理方向安全且与疾病相互印证，未发现明显的致命风险。
问题：diagnosis_accuracy: 诊断中虽然考虑了猪托罗病毒感染，但也提到了其他病毒性腹泻（如PDCoV等），未明确区分主要病因，略显模糊。；pathology_logic: 病理逻辑部分对症状与疾病的关联性解释不够深入，缺乏对病毒传播途径和病理机制的详细说明。；prescription_safety: 处方安全性较高，但未提及具体药物使用剂量和频率，可能影响实际操作的准确性。；data_quality: 数据质量方面，症状描述和场景标签较为全面，但缺乏对环境因素（如湿度）与疾病传播关系的深入分析。",hunyuan-turbos-20250926,82,7,7,9,8,False,False,"该回答在诊断思路上结合了症状、年龄、群体特点和流行病学背景，提出了猪托罗病毒感染的可能性，并提示需实验室检测以排除其他病原，整体合理且安全。处理措施以支持疗法和生物安全为主，无危险用药建议，并明确了禁止擅自使用未经批准药物和上报重大疫病的边界条件。不足之处在于诊断未明确主次病因，病理机制说明不足，环境致病因素分析较浅。
问题：诊断中对猪托罗病毒感染与其他病毒性腹泻（如PDCoV）的区分不够明确，可能导致用户混淆。；病理机制与传播途径的解释不足，未能帮助用户理解为何会出现这些症状。；对环境因素（高湿、通风不良）与疾病发生的关系分析较浅。；未提供具体的药物使用剂量和频率，可能影响实际操作效果。",True,ERNIE-4.5-Turbo-32K,True,pass,回答在诊断上结合了症状、年龄、群体特点和流行病学背景，提出了猪托罗病毒感染的可能性，并提示需实验室检测以排除其他病原，整体合理且安全。处理措施以支持疗法和生物安全为主，无危险用药建议，并明确了禁止擅自使用未经批准药物和上报重大疫病的边界条件。尽管存在诊断未明确主次病因、病理机制说明不足、环境致病因素分析较浅以及未提供具体药物使用剂量和频率等轻微不足，但不影响整体方向和安全性，可判为pass。,80.0,27,18,22,15,pass,19.36,17.05,
